qseqid	sseqid	pident	length	qlen	slen	qcovs	evalue	bitscore	stitle	source	_gene_id	accession	homolog_rank
g17827.t1	tr|A0A4C1ZL26|A0A4C1ZL26_EUMVA	92.369	1009	1020	1076	99	0.0	1952.0	tr|A0A4C1ZL26|A0A4C1ZL26_EUMVA Presequence protease, mitochondrial OS=Eumeta variegata OX=151549 GN=EVAR_102499_1 PE=3 SV=1	TrEMBL	g17827	A0A4C1ZL26	1
g96.t1	tr|A0A4C1W529|A0A4C1W529_EUMVA	88.782	936	985	949	95	0.0	1752.0	Aminopeptidase OS=Eumeta variegata OX=151549 GN=EVAR_95138_1 PE=3 SV=1	TrEMBL	g96	A0A4C1W529	1
g7468.t1	tr|A0A4C1W8E5|A0A4C1W8E5_EUMVA	80.98	1041	1038	1056	98	0.0	1751.0	Membrane alanyl aminopeptidase OS=Eumeta variegata OX=151549 GN=EVAR_95134_1 PE=3 SV=1	TrEMBL	g7468	A0A4C1W8E5	1
g5044.t1	tr|A0AAV1K2K6|A0AAV1K2K6_9NEOP	77.943	1079	1063	1448	100	0.0	1723.0	Receptor protein-tyrosine kinase OS=Leptosia nina OX=320188 GN=LNINA_LOCUS13499 PE=3 SV=1	TrEMBL	g5044	A0AAV1K2K6	1
g5044.t1	tr|A0ABN8B149|A0ABN8B149_CHISP	77.891	1081	1063	1457	100	0.0	1719.0	Receptor protein-tyrosine kinase OS=Chilo suppressalis OX=168631 GN=CHILSU_LOCUS5106 PE=3 SV=1	TrEMBL	g5044	A0ABN8B149	2
g5044.t1	tr|A0AAV1L3B6|A0AAV1L3B6_9NEOP	77.037	1080	1063	1451	100	0.0	1711.0	Receptor protein-tyrosine kinase OS=Parnassius mnemosyne OX=213953 GN=PARMNEM_LOCUS9146 PE=3 SV=1	TrEMBL	g5044	A0AAV1L3B6	3
g5044.t1	tr|A0ACC1DK66|A0ACC1DK66_9NEOP	77.778	1080	1063	1451	100	0.0	1707.0	Receptor protein-tyrosine kinase OS=Dendrolimus kikuchii OX=765133 GN=K1T71_000486 PE=3 SV=1	TrEMBL	g5044	A0ACC1DK66	4
g5044.t1	tr|A0A8R2ANC8|A0A8R2ANC8_BOMMO	77.572	1079	1063	1449	100	0.0	1707.0	Receptor protein-tyrosine kinase OS=Bombyx mori OX=7091 PE=3 SV=1	TrEMBL	g5044	A0A8R2ANC8	5
g5044.t1	tr|A0A6J2JY50|A0A6J2JY50_BOMMA	77.572	1079	1063	1449	100	0.0	1707.0	Receptor protein-tyrosine kinase OS=Bombyx mandarina OX=7092 GN=LOC114245679 PE=3 SV=1	TrEMBL	g5044	A0A6J2JY50	6
g5044.t1	tr|A0ABD0TRA5|A0ABD0TRA5_LOXSC	78.723	1081	1063	1457	100	0.0	1705.0	Receptor protein-tyrosine kinase OS=Loxostege sticticalis OX=481309 GN=ABMA27_000134 PE=3 SV=1	TrEMBL	g5044	A0ABD0TRA5	7
g3621.t1	tr|A0A4C1W5T8|A0A4C1W5T8_EUMVA	86.149	953	952	998	100	0.0	1704.0	Aminopeptidase OS=Eumeta variegata OX=151549 GN=EVAR_95141_1 PE=3 SV=1		g3621	A0A4C1W5T8	1
g5044.t1	tr|A0ABD0TR61|A0ABD0TR61_LOXSC	78.723	1081	1063	1433	100	0.0	1704.0	Receptor protein-tyrosine kinase OS=Loxostege sticticalis OX=481309 GN=ABMA27_000134 PE=3 SV=1	TrEMBL	g5044	A0ABD0TR61	8
g5044.t1	tr|A0A8R2LYB1|A0A8R2LYB1_BOMMO	77.5	1080	1063	1450	100	0.0	1702.0	Receptor protein-tyrosine kinase OS=Bombyx mori OX=7091 PE=3 SV=1	TrEMBL	g5044	A0A8R2LYB1	9
g5044.t1	tr|A0A6J2K074|A0A6J2K074_BOMMA	77.5	1080	1063	1450	100	0.0	1702.0	Receptor protein-tyrosine kinase OS=Bombyx mandarina OX=7092 GN=LOC114245679 PE=3 SV=1	TrEMBL	g5044	A0A6J2K074	10
g3804.t1	tr|A0A4C1WCW2|A0A4C1WCW2_EUMVA	87.746	914	914	912	100	0.0	1647.0	Leucine-rich repeat and immunoglobulin-like domain-containing nogo receptor-interacting protein 2 OS=Eumeta variegata OX=151549 GN=Lingo2 PE=4 SV=1	TrEMBL	g3804	A0A4C1WCW2	1
g17827.t1	tr|A0AAU9TCR6|A0AAU9TCR6_EUPED	70.629	1018	1020	1018	99	0.0	1568.0	tr|A0AAU9TCR6|A0AAU9TCR6_EUPED Presequence protease, mitochondrial OS=Euphydryas editha OX=104508 GN=EEDITHA_LOCUS518 PE=3 SV=1	TrEMBL	g17827	A0AAU9TCR6	2
g17827.t1	tr|A0A0L7LHC8|A0A0L7LHC8_OPEBR	70.363	1019	1020	1402	99	0.0	1564.0	tr|A0A0L7LHC8|A0A0L7LHC8_OPEBR Presequence protease, mitochondrial OS=Operophtera brumata OX=104452 GN=OBRU01_08707 PE=3 SV=1	TrEMBL	g17827	A0A0L7LHC8	3
g17827.t1	tr|A0A8B8HVM0|A0A8B8HVM0_VANTA	70.53	1018	1020	1017	99	0.0	1563.0	tr|A0A8B8HVM0|A0A8B8HVM0_VANTA Presequence protease, mitochondrial OS=Vanessa tameamea OX=334116 GN=LOC113395345 PE=3 SV=2	TrEMBL	g17827	A0A8B8HVM0	4
g17827.t1	tr|A0AAV1LEW8|A0AAV1LEW8_9NEOP	70.196	1020	1020	1014	99	0.0	1562.0	tr|A0AAV1LEW8|A0AAV1LEW8_9NEOP Presequence protease, mitochondrial OS=Parnassius mnemosyne OX=213953 GN=PARMNEM_LOCUS13326 PE=3 SV=1	TrEMBL	g17827	A0AAV1LEW8	5
g13522.t1	tr|A0A4C1UMJ1|A0A4C1UMJ1_EUMVA	92.279	816	855	1008	95	0.0	1559.0	tr|A0A4C1UMJ1|A0A4C1UMJ1_EUMVA Toll-like receptor 4 OS=Eumeta variegata OX=151549 GN=TLR4 PE=3 SV=1	TrEMBL	g13522	A0A4C1UMJ1	1
g17827.t1	tr|A0A6J1WPL2|A0A6J1WPL2_GALME	70.167	1019	1020	1014	99	0.0	1558.0	tr|A0A6J1WPL2|A0A6J1WPL2_GALME Presequence protease, mitochondrial OS=Galleria mellonella OX=7137 GN=LOC113513724 PE=3 SV=2	TrEMBL	g17827	A0A6J1WPL2	6
g17827.t1	tr|A0A8S4G1B6|A0A8S4G1B6_PLUXY	69.48	1019	1020	1012	99	0.0	1556.0	tr|A0A8S4G1B6|A0A8S4G1B6_PLUXY Presequence protease, mitochondrial OS=Plutella xylostella OX=51655 GN=PLXY2_LOCUS11907 PE=3 SV=1	TrEMBL	g17827	A0A8S4G1B6	7
g17827.t1	tr|A0ABQ7R6I8|A0ABQ7R6I8_PLUXY	69.48	1019	1020	1012	99	0.0	1555.0	tr|A0ABQ7R6I8|A0ABQ7R6I8_PLUXY Presequence protease, mitochondrial OS=Plutella xylostella OX=51655 GN=JYU34_001305 PE=3 SV=1	TrEMBL	g17827	A0ABQ7R6I8	8
g17827.t1	tr|A0A8R2R3P3|A0A8R2R3P3_BOMMO	69.676	1019	1020	1016	99	0.0	1551.0	tr|A0A8R2R3P3|A0A8R2R3P3_BOMMO Presequence protease, mitochondrial OS=Bombyx mori OX=7091 PE=3 SV=1	TrEMBL	g17827	A0A8R2R3P3	9
g17827.t1	tr|A0A6J2KKG6|A0A6J2KKG6_BOMMA	69.676	1019	1020	1016	99	0.0	1551.0	tr|A0A6J2KKG6|A0A6J2KKG6_BOMMA Presequence protease, mitochondrial OS=Bombyx mandarina OX=7092 GN=LOC114252537 PE=3 SV=1	TrEMBL	g17827	A0A6J2KKG6	10
g18260.t1	tr|A0A4C1XRM5|A0A4C1XRM5_EUMVA	90.642	748	748	941	100	0.0	1400.0	tr|A0A4C1XRM5|A0A4C1XRM5_EUMVA Transient receptor potential channel pyrexia OS=Eumeta variegata OX=151549 GN=pyx PE=4 SV=1	TrEMBL	g18260	A0A4C1XRM5	1
g10012.t1	tr|A0A4C1TF09|A0A4C1TF09_EUMVA	88.727	754	754	754	100	0.0	1345.0	Insulin-like growth factor-binding protein complex acid labile subunit OS=Eumeta variegata OX=151549 GN=Igfals PE=4 SV=1	TrEMBL	g10012	A0A4C1TF09	1
g97.t1	tr|A0A4C1W4H9|A0A4C1W4H9_EUMVA	86.024	737	739	892	99	0.0	1335.0	Aminopeptidase OS=Eumeta variegata OX=151549 GN=EVAR_95136_1 PE=3 SV=1	TrEMBL	g97	A0A4C1W4H9	1
g1470.t1	tr|A0A4C1ZKB9|A0A4C1ZKB9_EUMVA	62.115	1201	1346	1187	97	0.0	1295.0	Probable chitinase 10 OS=Eumeta variegata OX=151549 GN=Cht10 PE=4 SV=1	TrEMBL	g1470	A0A4C1ZKB9	1
g96.t1	tr|A0A8S3XUU4|A0A8S3XUU4_PARAO	61.489	927	985	2776	96	0.0	1221.0	(apollo) hypothetical protein OS=Parnassius apollo OX=110799 GN=PAPOLLO_LOCUS22103 PE=3 SV=1	TrEMBL	g96	A0A8S3XUU4	2
g96.t1	tr|A0ABN8J030|A0ABN8J030_9NEOP	61.695	932	985	1835	95	0.0	1220.0	Aminopeptidase N (Fragment) OS=Iphiclides podalirius OX=110791 GN=IPOD504_LOCUS14899 PE=3 SV=1	TrEMBL	g96	A0ABN8J030	3
g96.t1	tr|A0AAV1LW37|A0AAV1LW37_9NEOP	59.491	943	985	948	96	0.0	1207.0	Aminopeptidase OS=Parnassius mnemosyne OX=213953 GN=PARMNEM_LOCUS17999 PE=3 SV=1	TrEMBL	g96	A0AAV1LW37	4
g96.t1	tr|A0A194QEK1|A0A194QEK1_PAPXU	60.084	947	985	948	96	0.0	1204.0	Aminopeptidase OS=Papilio xuthus OX=66420 GN=RR46_06531 PE=3 SV=1	TrEMBL	g96	A0A194QEK1	5
g3621.t1	tr|A0A8S3XSS1|A0A8S3XSS1_PARAO	60.924	952	952	949	99	0.0	1201.0	Aminopeptidase OS=Parnassius apollo OX=110799 GN=PAPOLLO_LOCUS22104 PE=3 SV=1		g3621	A0A8S3XSS1	2
g3804.t1	tr|A0ABN8IE77|A0ABN8IE77_9NEOP	64.924	918	914	925	99	0.0	1198.0	Ig-like domain-containing protein (Fragment) OS=Iphiclides podalirius OX=110791 GN=IPOD504_LOCUS9241 PE=4 SV=1	TrEMBL	g3804	A0ABN8IE77	2
g3804.t1	tr|A0A0N0PC16|A0A0N0PC16_PAPMA	63.596	912	914	920	99	0.0	1194.0	Leucine-rich repeat and immunoglobulin-like domain-containing nogo receptor-interacting protein 2 OS=Papilio machaon OX=76193 GN=RR48_01708 PE=4 SV=1	TrEMBL	g3804	A0A0N0PC16	3
g3804.t1	tr|A0A194Q756|A0A194Q756_PAPXU	63.21	916	914	925	99	0.0	1190.0	Leucine-rich repeat and immunoglobulin-like domain-containing nogo receptor-interacting protein 2 OS=Papilio xuthus OX=66420 GN=RR46_03149 PE=4 SV=1	TrEMBL	g3804	A0A194Q756	4
g3621.t1	tr|A0AAV1LY17|A0AAV1LY17_9NEOP	60.654	948	952	1916	99	0.0	1189.0	Aminopeptidase N OS=Parnassius mnemosyne OX=213953 GN=PARMNEM_LOCUS17996 PE=3 SV=1		g3621	A0AAV1LY17	3
g3621.t1	tr|A0AAV1LUD6|A0AAV1LUD6_9NEOP	60.654	948	952	1922	99	0.0	1188.0	Aminopeptidase N OS=Parnassius mnemosyne OX=213953 GN=PARMNEM_LOCUS17996 PE=3 SV=1		g3621	A0AAV1LUD6	4
g96.t1	tr|A0A6J2K2L8|A0A6J2K2L8_BOMMA	59.259	945	985	945	96	0.0	1187.0	Aminopeptidase OS=Bombyx mandarina OX=7092 GN=LOC114247387 PE=3 SV=1	TrEMBL	g96	A0A6J2K2L8	6
g96.t1	tr|A0A8R2QZA9|A0A8R2QZA9_BOMMO	59.425	939	985	1898	96	0.0	1186.0	Uncharacterized protein OS=Bombyx mori OX=7091 PE=3 SV=1	TrEMBL	g96	A0A8R2QZA9	7
g96.t1	tr|I3VR73|I3VR73_BOMMO	59.425	939	985	945	95	0.0	1183.0	Aminopeptidase OS=Bombyx mori OX=7091 PE=2 SV=1	TrEMBL	g96	I3VR73	8
g3804.t1	tr|A0ACC2QNF1|A0ACC2QNF1_9NEOP	64.59	915	914	913	99	0.0	1182.0	Ig-like domain-containing protein OS=Mythimna loreyi OX=667449 GN=PYW08_005961 PE=4 SV=1	TrEMBL	g3804	A0ACC2QNF1	5
g3804.t1	tr|A0A8S3X044|A0A8S3X044_PARAO	63.203	924	914	929	99	0.0	1182.0	(apollo) hypothetical protein OS=Parnassius apollo OX=110799 GN=PAPOLLO_LOCUS12601 PE=4 SV=1	TrEMBL	g3804	A0A8S3X044	6
g3804.t1	tr|A0A6J1WE29|A0A6J1WE29_GALME	65.948	928	914	916	100	0.0	1178.0	Leucine-rich repeat and immunoglobulin-like domain-containing nogo receptor-interacting protein 2 OS=Galleria mellonella OX=7137 GN=LOC113512014 PE=4 SV=2	TrEMBL	g3804	A0A6J1WE29	7
g3621.t1	tr|A0A8R2C9Y8|A0A8R2C9Y8_BOMMO	59.391	953	952	949	99	0.0	1178.0	Aminopeptidase OS=Bombyx mori OX=7091 GN=100127099 PE=3 SV=1		g3621	A0A8R2C9Y8	5
g3621.t1	tr|A0A6J2K556|A0A6J2K556_BOMMA	59.391	953	952	946	99	0.0	1178.0	Aminopeptidase OS=Bombyx mandarina OX=7092 GN=LOC114247362 PE=3 SV=1		g3621	A0A6J2K556	6
g3804.t1	tr|A0AAV1L5L0|A0AAV1L5L0_9NEOP	62.987	924	914	929	99	0.0	1175.0	Ig-like domain-containing protein OS=Parnassius mnemosyne OX=213953 GN=PARMNEM_LOCUS9860 PE=4 SV=1	TrEMBL	g3804	A0AAV1L5L0	8
g3804.t1	tr|A0A8J9VB72|A0A8J9VB72_9NEOP	63.795	917	914	920	99	0.0	1172.0	Ig-like domain-containing protein (Fragment) OS=Brenthis ino OX=405034 GN=BINO364_LOCUS5670 PE=4 SV=1	TrEMBL	g3804	A0A8J9VB72	9
g3621.t1	tr|A0ABM4AJ98|A0ABM4AJ98_VANTA	59.454	952	952	944	99	0.0	1170.0	Aminopeptidase OS=Vanessa tameamea OX=334116 GN=LOC113392185 PE=3 SV=1		g3621	A0ABM4AJ98	7
g96.t1	tr|A0ACC1D415|A0ACC1D415_9NEOP	59.12	932	985	4744	96	0.0	1169.0	Uncharacterized protein OS=Dendrolimus kikuchii OX=765133 GN=K1T71_005413 PE=3 SV=1	TrEMBL	g96	A0ACC1D415	9
g3804.t1	tr|A0A6J1N1N9|A0A6J1N1N9_BICAN	62.951	915	914	914	99	0.0	1165.0	Leucine-rich repeat and immunoglobulin-like domain-containing nogo receptor-interacting protein 3 OS=Bicyclus anynana OX=110368 GN=LOC112048468 PE=4 SV=1	TrEMBL	g3804	A0A6J1N1N9	10
g3621.t1	tr|B2LS41|B2LS41_OSTFU	59.372	955	952	951	99	0.0	1165.0	Aminopeptidase OS=Ostrinia furnacalis OX=93504 PE=2 SV=2		g3621	B2LS41	8
g6035.t1	tr|A0A4C1TW98|A0A4C1TW98_EUMVA	87.963	648	675	738	92	0.0	1164.0	Angiotensin-converting enzyme OS=Eumeta variegata OX=151549 GN=Ance PE=3 SV=1	TrEMBL	g6035	A0A4C1TW98	1
g96.t1	tr|A0A922CTI3|A0A922CTI3_MANSE	57.778	945	985	947	96	0.0	1160.0	Aminopeptidase OS=Manduca sexta OX=7130 GN=O3G_MSEX011120 PE=3 SV=1	TrEMBL	g96	A0A922CTI3	10
g3621.t1	tr|G9C5G4|G9C5G4_CNAME	59.623	956	952	953	99	0.0	1158.0	Aminopeptidase OS=Cnaphalocrocis medinalis OX=437488 GN=APN4 PE=2 SV=1		g3621	G9C5G4	9
g3431.t1	tr|A0A4C1Y2D1|A0A4C1Y2D1_EUMVA	77.507	738	715	728	99	0.0	1154.0	Xaa-Pro aminopeptidase 1 OS=Eumeta variegata OX=151549 GN=XPNPEP1 PE=3 SV=1		g3431	A0A4C1Y2D1	1
g3621.t1	tr|B5A8X9|B5A8X9_OSTFU	59.058	955	952	951	99	0.0	1154.0	Aminopeptidase OS=Ostrinia furnacalis OX=93504 PE=2 SV=2		g3621	B5A8X9	10
g9091.t1	sp|O01639|E75_CHOFU	85.399	726	726	690	100	0.0	1149.0	Ecdysone-inducible protein E75 OS=Choristoneura fumiferana OX=7141 GN=E75 PE=2 SV=1	Swiss-Prot	g9091	O01639	1
g9091.t1	sp|P50239|E75_GALME	84.965	705	726	711	96	0.0	1136.0	Ecdysone-inducible protein E75 OS=Galleria mellonella OX=7137 GN=E75 PE=2 SV=1	Swiss-Prot	g9091	P50239	2
g9091.t1	sp|Q08893|E75_MANSE	84.426	732	726	699	100	0.0	1135.0	Ecdysone-inducible protein E75 OS=Manduca sexta OX=7130 GN=E75 PE=2 SV=2	Swiss-Prot	g9091	Q08893	3
g1470.t1	tr|A0A4C1XF36|A0A4C1XF36_EUMVA	58.674	1101	1346	963	98	0.0	1092.0	Probable chitinase 10 OS=Eumeta variegata OX=151549 GN=Cht10 PE=4 SV=1	TrEMBL	g1470	A0A4C1XF36	2
g6035.t1	tr|A0A8B8HWU8|A0A8B8HWU8_VANTA	74.556	676	675	664	99	0.0	1085.0	Angiotensin-converting enzyme OS=Vanessa tameamea OX=334116 GN=LOC113395715 PE=3 SV=2	TrEMBL	g6035	A0A8B8HWU8	2
g6035.t1	tr|A0ABM3MHB2|A0ABM3MHB2_GALME	75.48	677	675	664	100	0.0	1082.0	Angiotensin-converting enzyme OS=Galleria mellonella OX=7137 GN=LOC128200681 PE=3 SV=1	TrEMBL	g6035	A0ABM3MHB2	3
g6035.t1	tr|A0ABM3MHB1|A0ABM3MHB1_GALME	75.037	677	675	664	100	0.0	1077.0	Angiotensin-converting enzyme OS=Galleria mellonella OX=7137 GN=LOC128200681 PE=3 SV=1	TrEMBL	g6035	A0ABM3MHB1	4
g6035.t1	tr|A0A212F3H8|A0A212F3H8_DANPL	75.223	674	675	664	99	0.0	1073.0	Angiotensin-converting enzyme OS=Danaus plexippus plexippus OX=278856 GN=KGM_205559 PE=3 SV=1	TrEMBL	g6035	A0A212F3H8	5
g6035.t1	tr|A0ABN8IZA6|A0ABN8IZA6_9NEOP	77.778	648	675	661	96	0.0	1068.0	Angiotensin-converting enzyme (Fragment) OS=Iphiclides podalirius OX=110791 GN=IPOD504_LOCUS15309 PE=3 SV=1	TrEMBL	g6035	A0ABN8IZA6	6
g6035.t1	tr|A0A6J2JY64|A0A6J2JY64_BOMMA	75.501	649	675	686	96	0.0	1067.0	Angiotensin-converting enzyme OS=Bombyx mandarina OX=7092 GN=LOC114245204 PE=3 SV=1	TrEMBL	g6035	A0A6J2JY64	7
g6035.t1	tr|A0ABM4AJ62|A0ABM4AJ62_VANTA	75.889	647	675	648	96	0.0	1063.0	Angiotensin-converting enzyme OS=Vanessa tameamea OX=334116 GN=LOC113395715 PE=3 SV=1	TrEMBL	g6035	A0ABM4AJ62	8
g6035.t1	tr|A0ABM3MHC0|A0ABM3MHC0_GALME	77.006	648	675	648	96	0.0	1060.0	Angiotensin-converting enzyme OS=Galleria mellonella OX=7137 GN=LOC128200681 PE=3 SV=1	TrEMBL	g6035	A0ABM3MHC0	9
g6035.t1	tr|A0AAV1LSJ1|A0AAV1LSJ1_9NEOP	77.932	648	675	648	96	0.0	1059.0	Angiotensin-converting enzyme OS=Parnassius mnemosyne OX=213953 GN=PARMNEM_LOCUS17411 PE=3 SV=1	TrEMBL	g6035	A0AAV1LSJ1	10
g13522.t1	tr|A0A2W1BXS4|A0A2W1BXS4_HELAM	58.061	856	855	854	99	0.0	1051.0	tr|A0A2W1BXS4|A0A2W1BXS4_HELAM TIR domain-containing protein OS=Helicoverpa armigera OX=29058 GN=HaOG203364 PE=3 SV=1	TrEMBL	g13522	A0A2W1BXS4	2
g18787.t1	tr|A0A4C1SRI5|A0A4C1SRI5_EUMVA	95.602	523	558	523	94	0.0	1051.0	tr|A0A4C1SRI5|A0A4C1SRI5_EUMVA Chitinase A OS=Eumeta variegata OX=151549 GN=chiA PE=3 SV=1	TrEMBL	g18787	A0A4C1SRI5	1
g1101.t2	tr|A0A4C1X6I1|A0A4C1X6I1_EUMVA	91.771	559	536	688	99	0.0	1044.0	Pyruvate kinase (Fragment) OS=Eumeta variegata OX=151549 GN=PyK PE=3 SV=1	TrEMBL	g1101	A0A4C1X6I1	1
g9091.t1	sp|Q08893-2|E75_MANSE	85.65	662	726	685	90	0.0	1041.0	Isoform 2 of Ecdysone-inducible protein E75 OS=Manduca sexta OX=7130 GN=E75	Swiss-Prot	g9091	Q08893-2	4
g9091.t1	sp|P50239-2|E75_GALME	86.164	636	726	695	87	0.0	1041.0	Isoform 2 of Ecdysone-inducible protein E75 OS=Galleria mellonella OX=7137 GN=E75	Swiss-Prot	g9091	P50239-2	5
g15833.t1	tr|A0A4C1X464|A0A4C1X464_EUMVA	83.967	605	605	605	100	0.0	1037.0	tr|A0A4C1X464|A0A4C1X464_EUMVA Toll-like receptor 6 OS=Eumeta variegata OX=151549 GN=TLR6 PE=3 SV=1	TrEMBL	g15833	A0A4C1X464	1
g13522.t1	tr|A0ABN8I3U0|A0ABN8I3U0_9NEOP	57.657	862	855	923	99	0.0	1036.0	tr|A0ABN8I3U0|A0ABN8I3U0_9NEOP TIR domain-containing protein (Fragment) OS=Iphiclides podalirius OX=110791 GN=IPOD504_LOCUS4671 PE=3 SV=1	TrEMBL	g13522	A0ABN8I3U0	3
g13522.t1	tr|A0A9J7E2C9|A0A9J7E2C9_SPOLT	57.778	855	855	853	99	0.0	1034.0	tr|A0A9J7E2C9|A0A9J7E2C9_SPOLT Toll-like receptor 3 OS=Spodoptera litura OX=69820 GN=LOC111354111 PE=3 SV=1	TrEMBL	g13522	A0A9J7E2C9	4
g13522.t1	tr|A0A9R0D8G3|A0A9R0D8G3_SPOFR	57.41	857	855	853	99	0.0	1033.0	tr|A0A9R0D8G3|A0A9R0D8G3_SPOFR Toll-like receptor 3 OS=Spodoptera frugiperda OX=7108 GN=LOC118271950 PE=3 SV=1	TrEMBL	g13522	A0A9R0D8G3	5
g13522.t1	tr|A0A9P0I401|A0A9P0I401_SPOLI	57.661	855	855	853	99	0.0	1032.0	tr|A0A9P0I401|A0A9P0I401_SPOLI TIR domain-containing protein OS=Spodoptera littoralis OX=7109 GN=SPLIT_LOCUS4719 PE=3 SV=1	TrEMBL	g13522	A0A9P0I401	6
g18260.t1	tr|A0ACC1CIM7|A0ACC1CIM7_9NEOP	64.683	756	748	1188	100	0.0	1030.0	tr|A0ACC1CIM7|A0ACC1CIM7_9NEOP Ion transport domain-containing protein OS=Dendrolimus kikuchii OX=765133 GN=K1T71_012857 PE=4 SV=1	TrEMBL	g18260	A0ACC1CIM7	2
g13522.t1	tr|A0ACC1CT46|A0ACC1CT46_9NEOP	58.769	861	855	856	99	0.0	1021.0	tr|A0ACC1CT46|A0ACC1CT46_9NEOP TIR domain-containing protein OS=Dendrolimus kikuchii OX=765133 GN=K1T71_009525 PE=3 SV=1	TrEMBL	g13522	A0ACC1CT46	7
g18260.t1	tr|A0ABN8B993|A0ABN8B993_CHISP	64.542	753	748	1183	100	0.0	1011.0	tr|A0ABN8B993|A0ABN8B993_CHISP Ion transport domain-containing protein OS=Chilo suppressalis OX=168631 GN=CHILSU_LOCUS6455 PE=4 SV=1	TrEMBL	g18260	A0ABN8B993	3
g18260.t1	tr|A0A9P0CB92|A0A9P0CB92_9NEOP	64.181	751	748	870	100	0.0	1011.0	tr|A0A9P0CB92|A0A9P0CB92_9NEOP Ion transport domain-containing protein OS=Diatraea saccharalis OX=40085 GN=DIATSA_LOCUS10381 PE=4 SV=1	TrEMBL	g18260	A0A9P0CB92	4
g13522.t1	tr|A0AAV1KX99|A0AAV1KX99_9NEOP	58.053	863	855	861	99	0.0	1010.0	tr|A0AAV1KX99|A0AAV1KX99_9NEOP TIR domain-containing protein OS=Parnassius mnemosyne OX=213953 GN=PARMNEM_LOCUS8156 PE=3 SV=1	TrEMBL	g13522	A0AAV1KX99	8
g13522.t1	tr|A0A346RAG4|A0A346RAG4_9NEOP	57.679	853	855	855	99	0.0	1010.0	tr|A0A346RAG4|A0A346RAG4_9NEOP Toll-like receptor 4 OS=Leguminivora glycinivorella OX=1035111 PE=2 SV=1	TrEMBL	g13522	A0A346RAG4	9
g13522.t1	tr|A0A0L7LGF1|A0A0L7LGF1_OPEBR	57.477	856	855	854	99	0.0	1007.0	tr|A0A0L7LGF1|A0A0L7LGF1_OPEBR Putative toll-like receptor 13 OS=Operophtera brumata OX=104452 GN=OBRU01_08753 PE=3 SV=1	TrEMBL	g13522	A0A0L7LGF1	10
g18260.t1	tr|A0A9P0C731|A0A9P0C731_9NEOP	64.181	751	748	1214	100	0.0	1006.0	tr|A0A9P0C731|A0A9P0C731_9NEOP Ion transport domain-containing protein OS=Diatraea saccharalis OX=40085 GN=DIATSA_LOCUS10381 PE=4 SV=1	TrEMBL	g18260	A0A9P0C731	5
g18260.t1	tr|A0ABR3H960|A0ABR3H960_LOXSC	63.503	748	748	1215	100	0.0	1006.0	tr|A0ABR3H960|A0ABR3H960_LOXSC Ion transport domain-containing protein OS=Loxostege sticticalis OX=481309 GN=ABMA27_008896 PE=4 SV=1	TrEMBL	g18260	A0ABR3H960	6
g1101.t2	tr|A0A8B8I745|A0A8B8I745_VANTA	89.552	536	536	591	100	0.0	1005.0	Pyruvate kinase OS=Vanessa tameamea OX=334116 GN=LOC113398336 PE=3 SV=1	TrEMBL	g1101	A0A8B8I745	2
g18260.t1	tr|A0A6J2K562|A0A6J2K562_BOMMA	62.701	748	748	1189	99	0.0	1005.0	tr|A0A6J2K562|A0A6J2K562_BOMMA Transient receptor potential channel pyrexia-like OS=Bombyx mandarina OX=7092 GN=LOC114247870 PE=4 SV=1	TrEMBL	g18260	A0A6J2K562	7
g18260.t1	tr|A0ACC2Q854|A0ACC2Q854_9NEOP	61.955	757	748	1008	99	0.0	1004.0	tr|A0ACC2Q854|A0ACC2Q854_9NEOP Ion transport domain-containing protein OS=Mythimna loreyi OX=667449 GN=PYW08_009082 PE=4 SV=1	TrEMBL	g18260	A0ACC2Q854	8
g1101.t2	tr|A0ABN8J6U0|A0ABN8J6U0_9NEOP	89.179	536	536	536	100	0.0	1003.0	Pyruvate kinase (Fragment) OS=Iphiclides podalirius OX=110791 GN=IPOD504_LOCUS15264 PE=3 SV=1	TrEMBL	g1101	A0ABN8J6U0	3
g18260.t1	tr|A0A8R2AM17|A0A8R2AM17_BOMMO	62.567	748	748	1189	99	0.0	1003.0	tr|A0A8R2AM17|A0A8R2AM17_BOMMO Ion transport domain-containing protein OS=Bombyx mori OX=7091 PE=4 SV=1	TrEMBL	g18260	A0A8R2AM17	9
g18260.t1	tr|A0A8R2G9U4|A0A8R2G9U4_BOMMO	62.567	748	748	1182	99	0.0	1002.0	tr|A0A8R2G9U4|A0A8R2G9U4_BOMMO Ion transport domain-containing protein OS=Bombyx mori OX=7091 PE=4 SV=1	TrEMBL	g18260	A0A8R2G9U4	10
g1101.t2	tr|A0A8B8I9F4|A0A8B8I9F4_VANTA	89.493	533	536	588	99	0.0	1000.0	Pyruvate kinase OS=Vanessa tameamea OX=334116 GN=LOC113398336 PE=3 SV=1	TrEMBL	g1101	A0A8B8I9F4	4
g3431.t1	tr|A0A4C1Y1L4|A0A4C1Y1L4_EUMVA	73.504	702	715	728	92	0.0	1000.0	Xaa-Pro aminopeptidase 1 OS=Eumeta variegata OX=151549 GN=XPNPEP1 PE=3 SV=1		g3431	A0A4C1Y1L4	2
g1101.t2	tr|A0AAV1LWK2|A0AAV1LWK2_9NEOP	88.619	536	536	536	100	0.0	998.0	Pyruvate kinase OS=Parnassius mnemosyne OX=213953 GN=PARMNEM_LOCUS17481 PE=3 SV=1	TrEMBL	g1101	A0AAV1LWK2	5
g1101.t2	tr|A0A8S3XEQ8|A0A8S3XEQ8_PARAO	88.433	536	536	536	100	0.0	995.0	pyruvate kinase OS=Parnassius apollo OX=110799 GN=PAPOLLO_LOCUS16494 PE=3 SV=1	TrEMBL	g1101	A0A8S3XEQ8	6
g1101.t2	tr|A0ABM3LN36|A0ABM3LN36_BICAN	89.179	536	536	592	100	0.0	993.0	Pyruvate kinase OS=Bicyclus anynana OX=110368 GN=LOC112043476 PE=3 SV=1	TrEMBL	g1101	A0ABM3LN36	7
g1101.t2	tr|A0A8J2QCM4|A0A8J2QCM4_9NEOP	89.159	535	536	590	99	0.0	991.0	Pyruvate kinase OS=Danaus chrysippus OX=151541 GN=DCHRY22_LOCUS1658 PE=3 SV=1	TrEMBL	g1101	A0A8J2QCM4	8
g1101.t2	tr|A0ABM3MDE3|A0ABM3MDE3_GALME	88.246	536	536	536	100	0.0	990.0	Pyruvate kinase OS=Galleria mellonella OX=7137 GN=LOC113515519 PE=3 SV=1	TrEMBL	g1101	A0ABM3MDE3	9
g1101.t2	tr|A0A2H1V6Z8|A0A2H1V6Z8_SPOFR	88.06	536	536	536	100	0.0	985.0	Pyruvate kinase OS=Spodoptera frugiperda OX=7108 GN=LOC118281561 PE=3 SV=1	TrEMBL	g1101	A0A2H1V6Z8	10
g97.t1	tr|A0ACC0JKF5|A0ACC0JKF5_CHOFU	63.475	731	739	950	99	0.0	978.0	Aminopeptidase OS=Choristoneura fumiferana OX=7141 GN=MSG28_003042 PE=3 SV=1	TrEMBL	g97	A0ACC0JKF5	2
g2734.t1	tr|A0A4C1TFN7|A0A4C1TFN7_EUMVA	97.65	468	468	468	100	0.0	964.0	Mitochondrial-processing peptidase subunit beta OS=Eumeta variegata OX=151549 GN=PMPCB PE=3 SV=1	TrEMBL	g2734	A0A4C1TFN7	1
g97.t1	tr|A0ACF8KYY5|A0ACF8KYY5_9NEOP	62.917	720	739	927	97	0.0	963.0	Uncharacterized protein OS=Scirpophaga incertulas OX=72366 GN=ACJJTC_011454 PE=4 SV=1	TrEMBL	g97	A0ACF8KYY5	3
g97.t1	tr|A0A194QD77|A0A194QD77_PAPXU	62.38	731	739	926	99	0.0	947.0	Aminopeptidase OS=Papilio xuthus OX=66420 GN=RR46_06530 PE=3 SV=1	TrEMBL	g97	A0A194QD77	4
g18787.t1	tr|A0AAV1LJB5|A0AAV1LJB5_9NEOP	80.909	550	558	557	99	0.0	945.0	tr|A0AAV1LJB5|A0AAV1LJB5_9NEOP GH18 domain-containing protein OS=Parnassius mnemosyne OX=213953 GN=PARMNEM_LOCUS13826 PE=3 SV=1	TrEMBL	g18787	A0AAV1LJB5	2
g18787.t1	tr|A0A8S3Y834|A0A8S3Y834_PARAO	80.182	550	558	608	99	0.0	944.0	tr|A0A8S3Y834|A0A8S3Y834_PARAO (apollo) hypothetical protein OS=Parnassius apollo OX=110799 GN=PAPOLLO_LOCUS26899 PE=4 SV=1	TrEMBL	g18787	A0A8S3Y834	3
g18787.t1	tr|A0ABN8IFM3|A0ABN8IFM3_9NEOP	79.891	552	558	667	99	0.0	942.0	tr|A0ABN8IFM3|A0ABN8IFM3_9NEOP GH18 domain-containing protein (Fragment) OS=Iphiclides podalirius OX=110791 GN=IPOD504_LOCUS8486 PE=3 SV=1	TrEMBL	g18787	A0ABN8IFM3	4
g18787.t1	tr|Q4AE58|Q4AE58_AGRCO	80.545	550	558	555	99	0.0	941.0	tr|Q4AE58|Q4AE58_AGRCO Chitinase OS=Agrius convolvuli OX=55055 GN=AcChi-h PE=2 SV=1	TrEMBL	g18787	Q4AE58	5
g18787.t1	tr|A0A921YTV7|A0A921YTV7_MANSE	80.909	550	558	573	99	0.0	940.0	tr|A0A921YTV7|A0A921YTV7_MANSE GH18 domain-containing protein OS=Manduca sexta OX=7130 GN=O3G_MSEX003940 PE=3 SV=1	TrEMBL	g18787	A0A921YTV7	6
g97.t1	tr|A0A194QK74|A0A194QK74_PAPMA	61.696	731	739	928	99	0.0	940.0	Aminopeptidase OS=Papilio machaon OX=76193 GN=RR48_14415 PE=3 SV=1	TrEMBL	g97	A0A194QK74	5
g18787.t1	tr|A0A921YU35|A0A921YU35_MANSE	80.909	550	558	555	99	0.0	939.0	tr|A0A921YU35|A0A921YU35_MANSE GH18 domain-containing protein OS=Manduca sexta OX=7130 GN=O3G_MSEX003940 PE=3 SV=1	TrEMBL	g18787	A0A921YU35	7
g18787.t1	tr|A0A6J1W965|A0A6J1W965_GALME	80.144	554	558	556	99	0.0	939.0	tr|A0A6J1W965|A0A6J1W965_GALME Chitinase A-like OS=Galleria mellonella OX=7137 GN=LOC113510236 PE=3 SV=1	TrEMBL	g18787	A0A6J1W965	8
g97.t1	tr|A0ABN8EF55|A0ABN8EF55_CHISP	61.937	733	739	928	99	0.0	939.0	Aminopeptidase OS=Chilo suppressalis OX=168631 GN=CHILSU_LOCUS10884 PE=3 SV=1	TrEMBL	g97	A0ABN8EF55	6
g18787.t1	tr|Q4AE60|Q4AE60_SAMCY	80.692	549	558	555	98	0.0	938.0	tr|Q4AE60|Q4AE60_SAMCY Chitinase OS=Samia cynthia OX=7127 GN=ScChi-h PE=3 SV=1	TrEMBL	g18787	Q4AE60	9
g18787.t1	tr|Q4AE61|Q4AE61_ANTPE	80.51	549	558	555	98	0.0	938.0	tr|Q4AE61|Q4AE61_ANTPE Chitinase OS=Antheraea pernyi OX=7119 GN=ApChi-h PE=3 SV=1	TrEMBL	g18787	Q4AE61	10
g97.t1	tr|A0ABN8LD34|A0ABN8LD34_CHISP	61.937	733	739	899	99	0.0	937.0	Aminopeptidase OS=Chilo suppressalis OX=168631 GN=CHILSU_LOCUS10884 PE=3 SV=1	TrEMBL	g97	A0ABN8LD34	7
g97.t1	tr|A0A5J6KIF4|A0A5J6KIF4_CHISP	61.801	733	739	928	99	0.0	937.0	Aminopeptidase OS=Chilo suppressalis OX=168631 PE=2 SV=1	TrEMBL	g97	A0A5J6KIF4	8
g97.t1	tr|A0A8S3XUU4|A0A8S3XUU4_PARAO	61.286	731	739	2776	99	0.0	937.0	(apollo) hypothetical protein OS=Parnassius apollo OX=110799 GN=PAPOLLO_LOCUS22103 PE=3 SV=1	TrEMBL	g97	A0A8S3XUU4	9
g97.t1	tr|A0A8B8HHI3|A0A8B8HHI3_VANTA	60.192	731	739	931	99	0.0	937.0	Aminopeptidase OS=Vanessa tameamea OX=334116 GN=LOC113392202 PE=3 SV=2	TrEMBL	g97	A0A8B8HHI3	10
g5153.t1	tr|A0A4C1SWU5|A0A4C1SWU5_EUMVA	87.016	516	541	595	95	0.0	930.0	Aminopeptidase W07G4.4 OS=Eumeta variegata OX=151549 GN=lap-2 PE=3 SV=1	TrEMBL	g5153	A0A4C1SWU5	1
g19136.t1	tr|A0A4C1SUX7|A0A4C1SUX7_EUMVA	81.818	572	538	1261	100	0.0	925.0	tr|A0A4C1SUX7|A0A4C1SUX7_EUMVA Aminopeptidase W07G4.4 OS=Eumeta variegata OX=151549 GN=lap-2 PE=3 SV=1	TrEMBL	g19136	A0A4C1SUX7	1
g7468.t1	tr|A0A286LQ00|A0A286LQ00_ACHJA	49.794	970	1038	984	91	0.0	923.0	Glutamine aminopeptidase-like protein 11 OS=Achaea janata OX=378752 GN=APN11 PE=2 SV=1	TrEMBL	g7468	A0A286LQ00	2
g7468.t1	tr|A0ACC1D3U6|A0ACC1D3U6_9NEOP	49.841	945	1038	984	89	0.0	917.0	Uncharacterized protein OS=Dendrolimus kikuchii OX=765133 GN=K1T71_005411 PE=3 SV=1	TrEMBL	g7468	A0ACC1D3U6	3
g7468.t1	tr|A0A6J2K3G2|A0A6J2K3G2_BOMMA	50.0	930	1038	987	88	0.0	908.0	Aminopeptidase N-like OS=Bombyx mandarina OX=7092 GN=LOC114247424 PE=3 SV=1	TrEMBL	g7468	A0A6J2K3G2	4
g7468.t1	tr|I3VR82|I3VR82_BOMMO	49.785	930	1038	987	88	0.0	905.0	Aminopeptidase N-11 OS=Bombyx mori OX=7091 PE=2 SV=1	TrEMBL	g7468	I3VR82	5
g7468.t1	tr|A0A8R1THL5|A0A8R1THL5_BOMMO	49.785	930	1038	987	88	0.0	905.0	Uncharacterized protein OS=Bombyx mori OX=7091 GN=101737010 PE=4 SV=1	TrEMBL	g7468	A0A8R1THL5	6
g7468.t1	tr|A0AAV1LYA9|A0AAV1LYA9_9NEOP	48.672	941	1038	974	89	0.0	901.0	Aminopeptidase OS=Parnassius mnemosyne OX=213953 GN=PARMNEM_LOCUS18001 PE=3 SV=1	TrEMBL	g7468	A0AAV1LYA9	7
g7468.t1	tr|A0A6J1WTG5|A0A6J1WTG5_GALME	47.009	936	1038	985	89	0.0	891.0	Aminopeptidase N-like isoform X1 OS=Galleria mellonella OX=7137 GN=LOC113515696 PE=3 SV=2	TrEMBL	g7468	A0A6J1WTG5	8
g7468.t1	tr|A0AAD7YW19|A0AAD7YW19_MYTSE	49.614	907	1038	1818	86	0.0	886.0	Aminopeptidase N OS=Mythimna separata OX=271217 GN=PYW07_001859 PE=3 SV=1	TrEMBL	g7468	A0AAD7YW19	9
g7468.t1	tr|A0A9J7IU01|A0A9J7IU01_SPOLT	49.669	906	1038	1403	86	0.0	885.0	Membrane alanyl aminopeptidase-like isoform X1 OS=Spodoptera litura OX=69820 GN=LOC111355378 PE=3 SV=1	TrEMBL	g7468	A0A9J7IU01	10
g3431.t1	tr|A0AAV1LDK5|A0AAV1LDK5_9NEOP	59.944	709	715	705	98	0.0	882.0	Uncharacterized protein OS=Parnassius mnemosyne OX=213953 GN=PARMNEM_LOCUS12304 PE=3 SV=1		g3431	A0AAV1LDK5	3
g3431.t1	tr|A0ABN8IUL9|A0ABN8IUL9_9NEOP	61.606	685	715	704	95	0.0	875.0	Uncharacterized protein (Fragment) OS=Iphiclides podalirius OX=110791 GN=IPOD504_LOCUS13081 PE=3 SV=1		g3431	A0ABN8IUL9	4
g10012.t1	tr|A0A9P0N4H5|A0A9P0N4H5_SPOLI	56.51	768	754	753	99	0.0	857.0	LRRNT domain-containing protein OS=Spodoptera littoralis OX=7109 GN=SPLIT_LOCUS4920 PE=4 SV=1	TrEMBL	g10012	A0A9P0N4H5	2
g10012.t1	tr|A0A9J7E3U7|A0A9J7E3U7_SPOLT	58.457	739	754	1259	96	0.0	856.0	Uncharacterized protein LOC111352888 OS=Spodoptera litura OX=69820 GN=LOC111352888 PE=4 SV=1	TrEMBL	g10012	A0A9J7E3U7	3
g10012.t1	tr|A0A835GRU7|A0A835GRU7_SPOEX	58.051	739	754	1299	96	0.0	850.0	LRRNT domain-containing protein OS=Spodoptera exigua OX=7107 GN=HW555_001349 PE=4 SV=1	TrEMBL	g10012	A0A835GRU7	4
g3431.t1	tr|A0A194Q663|A0A194Q663_PAPXU	61.431	643	715	989	89	0.0	847.0	Putative Xaa-Pro aminopeptidase P OS=Papilio xuthus OX=66420 GN=RR46_07085 PE=3 SV=1		g3431	A0A194Q663	5
g9091.t1	sp|P17671|E75BC_DROME	58.997	778	726	1199	87	0.0	842.0	Ecdysone-induced protein 75B, isoforms C/D OS=Drosophila melanogaster OX=7227 GN=Eip75B PE=2 SV=2	Swiss-Prot	g9091	P17671	6
g16852.t1	tr|A0A4C1V353|A0A4C1V353_EUMVA	76.834	518	553	772	94	0.0	840.0	tr|A0A4C1V353|A0A4C1V353_EUMVA Bile salt-activated lipase OS=Eumeta variegata OX=151549 GN=Cel PE=3 SV=1	TrEMBL	g16852	A0A4C1V353	1
g10012.t1	tr|A0A0L7LFH5|A0A0L7LFH5_OPEBR	57.745	736	754	1234	96	0.0	838.0	Leucine-rich transmembrane protein OS=Operophtera brumata OX=104452 GN=OBRU01_09470 PE=4 SV=1	TrEMBL	g10012	A0A0L7LFH5	5
g10012.t1	tr|A0A6J2JSQ2|A0A6J2JSQ2_BOMMA	57.75	729	754	753	96	0.0	837.0	Insulin-like growth factor-binding protein complex acid labile subunit OS=Bombyx mandarina OX=7092 GN=LOC114244862 PE=4 SV=1	TrEMBL	g10012	A0A6J2JSQ2	6
g10012.t1	tr|A0A7E5VUR4|A0A7E5VUR4_TRINI	57.859	738	754	755	96	0.0	834.0	Insulin-like growth factor-binding protein complex acid labile subunit OS=Trichoplusia ni OX=7111 GN=LOC113496893 PE=4 SV=1	TrEMBL	g10012	A0A7E5VUR4	7
g10012.t1	tr|A0A821NJN3|A0A821NJN3_9NEOP	57.851	726	754	743	96	0.0	834.0	LRRNT domain-containing protein OS=Pieris macdunnoughi OX=345717 GN=PMACD_LOCUS2810 PE=4 SV=1	TrEMBL	g10012	A0A821NJN3	8
g10012.t1	tr|A0A8R2QV95|A0A8R2QV95_BOMMO	57.75	729	754	1252	96	0.0	834.0	Chaoptin OS=Bombyx mori OX=7091 PE=4 SV=1	TrEMBL	g10012	A0A8R2QV95	9
g10012.t1	tr|A0AAV1J598|A0AAV1J598_9NEOP	58.127	726	754	744	96	0.0	832.0	Uncharacterized protein OS=Leptosia nina OX=320188 GN=LNINA_LOCUS4281 PE=4 SV=1	TrEMBL	g10012	A0AAV1J598	10
g9091.t1	sp|P13055|E75BB_DROME	58.978	763	726	1412	85	0.0	828.0	Ecdysone-induced protein 75B, isoform B OS=Drosophila melanogaster OX=7227 GN=Eip75B PE=2 SV=2	Swiss-Prot	g9091	P13055	7
g2734.t1	tr|A0AAU9UT98|A0AAU9UT98_EUPED	82.051	468	468	467	100	0.0	821.0	Mitochondrial-processing peptidase subunit beta OS=Euphydryas editha OX=104508 GN=EEDITHA_LOCUS17460 PE=3 SV=1	TrEMBL	g2734	A0AAU9UT98	2
g2734.t1	tr|A0A8J2R3W4|A0A8J2R3W4_9NEOP	82.013	467	468	467	99	0.0	818.0	Mitochondrial-processing peptidase subunit beta OS=Danaus chrysippus OX=151541 GN=DCHRY22_LOCUS13774 PE=3 SV=1	TrEMBL	g2734	A0A8J2R3W4	3
g3431.t1	tr|A0AAU9T8S5|A0AAU9T8S5_EUPED	57.895	684	715	705	94	0.0	818.0	Uncharacterized protein OS=Euphydryas editha OX=104508 GN=EEDITHA_LOCUS113 PE=3 SV=1		g3431	A0AAU9T8S5	6
g2734.t1	tr|A0A835GT07|A0A835GT07_SPOEX	82.09	469	468	466	100	0.0	816.0	Mitochondrial-processing peptidase subunit beta OS=Spodoptera exigua OX=7107 GN=HW555_001301 PE=3 SV=1	TrEMBL	g2734	A0A835GT07	4
g2734.t1	tr|A0A8B8IJ85|A0A8B8IJ85_VANTA	81.197	468	468	467	100	0.0	813.0	Mitochondrial-processing peptidase subunit beta OS=Vanessa tameamea OX=334116 GN=LOC113401432 PE=3 SV=2	TrEMBL	g2734	A0A8B8IJ85	5
g2734.t1	tr|A0A7E5VSV6|A0A7E5VSV6_TRINI	81.489	470	468	466	100	0.0	812.0	Mitochondrial-processing peptidase subunit beta OS=Trichoplusia ni OX=7111 GN=LOC113496365 PE=3 SV=1	TrEMBL	g2734	A0A7E5VSV6	6
g2734.t1	tr|A0A2H1VE55|A0A2H1VE55_SPOFR	81.702	470	468	466	100	0.0	810.0	Mitochondrial-processing peptidase subunit beta OS=Spodoptera frugiperda OX=7108 GN=LOC118271558 PE=3 SV=1	TrEMBL	g2734	A0A2H1VE55	7
g2734.t1	tr|A0A9J7IQP1|A0A9J7IQP1_SPOLT	81.489	470	468	466	100	0.0	810.0	Mitochondrial-processing peptidase subunit beta OS=Spodoptera litura OX=69820 GN=LOC111353038 PE=3 SV=1	TrEMBL	g2734	A0A9J7IQP1	8
g2734.t1	tr|A0ACC2R9V6|A0ACC2R9V6_9NEOP	81.277	470	468	466	100	0.0	810.0	Mitochondrial-processing peptidase subunit beta OS=Mythimna loreyi OX=667449 GN=PYW08_007241 PE=3 SV=1	TrEMBL	g2734	A0ACC2R9V6	9
g2734.t1	tr|A0ACC1DFM4|A0ACC1DFM4_9NEOP	81.585	467	468	467	99	0.0	810.0	Mitochondrial-processing peptidase subunit beta OS=Dendrolimus kikuchii OX=765133 GN=K1T71_002107 PE=3 SV=1	TrEMBL	g2734	A0ACC1DFM4	10
g15563.t1	tr|A0A4C1SUH7|A0A4C1SUH7_EUMVA	88.372	430	430	462	100	0.0	804.0	tr|A0A4C1SUH7|A0A4C1SUH7_EUMVA Carboxypeptidase B OS=Eumeta variegata OX=151549 GN=EVAR_3353_1 PE=3 SV=1	TrEMBL	g15563	A0A4C1SUH7	1
g3431.t1	tr|A0ABM4AY46|A0ABM4AY46_VANTA	60.39	616	715	639	86	0.0	802.0	Xaa-Pro aminopeptidase ApepP-like OS=Vanessa tameamea OX=334116 GN=LOC113404412 PE=3 SV=1		g3431	A0ABM4AY46	7
g3431.t1	tr|A0ABM3M3V9|A0ABM3M3V9_BICAN	59.37	635	715	657	89	0.0	793.0	Xaa-Pro aminopeptidase ApepP OS=Bicyclus anynana OX=110368 GN=LOC112046163 PE=3 SV=1		g3431	A0ABM3M3V9	8
g3431.t1	tr|A0ABM3MAF8|A0ABM3MAF8_GALME	59.448	688	715	694	96	0.0	788.0	Xaa-Pro aminopeptidase ApepP-like isoform X1 OS=Galleria mellonella OX=7137 GN=LOC113518683 PE=3 SV=1		g3431	A0ABM3MAF8	9
g3431.t1	tr|A0A9P0XDM1|A0A9P0XDM1_PIEBR	56.825	674	715	692	94	0.0	787.0	Aminopeptidase P N-terminal domain-containing protein OS=Pieris brassicae OX=7116 GN=PIBRA_LOCUS10584 PE=3 SV=1		g3431	A0A9P0XDM1	10
g14934.t1	tr|A0A0L7LBW4|A0A0L7LBW4_OPEBR	95.337	386	386	386	100	0.0	767.0	tr|A0A0L7LBW4|A0A0L7LBW4_OPEBR ADIPOR-like receptor OS=Operophtera brumata OX=104452 GN=OBRU01_11935 PE=3 SV=1	TrEMBL	g14934	A0A0L7LBW4	1
g14934.t1	tr|A0A7E5W6J9|A0A7E5W6J9_TRINI	95.855	386	386	386	100	0.0	766.0	tr|A0A7E5W6J9|A0A7E5W6J9_TRINI Adiponectin receptor protein OS=Trichoplusia ni OX=7111 GN=LOC113499889 PE=3 SV=1	TrEMBL	g14934	A0A7E5W6J9	2
g14934.t1	tr|A0A9P0FVX8|A0A9P0FVX8_CHRIL	95.855	386	386	386	100	0.0	766.0	tr|A0A9P0FVX8|A0A9P0FVX8_CHRIL Adiponectin receptor 2 OS=Chrysodeixis includens OX=689277 GN=CINC_LOCUS5059 PE=3 SV=1	TrEMBL	g14934	A0A9P0FVX8	3
g14934.t1	tr|A0AAD8DWV9|A0AAD8DWV9_MYTSE	95.855	386	386	386	100	0.0	766.0	tr|A0AAD8DWV9|A0AAD8DWV9_MYTSE Adiponectin receptor protein OS=Mythimna separata OX=271217 GN=PYW07_006564 PE=3 SV=1	TrEMBL	g14934	A0AAD8DWV9	4
g14934.t1	tr|A0ABD0SXP9|A0ABD0SXP9_LOXSC	95.596	386	386	386	100	0.0	766.0	tr|A0ABD0SXP9|A0ABD0SXP9_LOXSC Adiponectin receptor 2 OS=Loxostege sticticalis OX=481309 GN=ABMA27_003115 PE=3 SV=1	TrEMBL	g14934	A0ABD0SXP9	5
g14934.t1	tr|A0A9J7E772|A0A9J7E772_SPOLT	95.596	386	386	386	100	0.0	765.0	tr|A0A9J7E772|A0A9J7E772_SPOLT Adiponectin receptor protein OS=Spodoptera litura OX=69820 GN=LOC111354309 PE=3 SV=1	TrEMBL	g14934	A0A9J7E772	6
g14934.t1	tr|A0A9P0HUY0|A0A9P0HUY0_SPOLI	95.596	386	386	386	100	0.0	765.0	tr|A0A9P0HUY0|A0A9P0HUY0_SPOLI Adiponectin receptor protein OS=Spodoptera littoralis OX=7109 GN=SPLIT_LOCUS218 PE=3 SV=1	TrEMBL	g14934	A0A9P0HUY0	7
g14934.t1	tr|A0A835GRF3|A0A835GRF3_SPOEX	95.596	386	386	386	100	0.0	765.0	tr|A0A835GRF3|A0A835GRF3_SPOEX Adiponectin receptor OS=Spodoptera exigua OX=7107 GN=HW555_002129 PE=3 SV=1	TrEMBL	g14934	A0A835GRF3	8
g14934.t1	tr|A0A2H1W7A5|A0A2H1W7A5_SPOFR	95.596	386	386	386	100	0.0	765.0	tr|A0A2H1W7A5|A0A2H1W7A5_SPOFR Adiponectin receptor protein OS=Spodoptera frugiperda OX=7108 GN=LOC118270960 PE=3 SV=1	TrEMBL	g14934	A0A2H1W7A5	9
g14934.t1	tr|A0A212EWT3|A0A212EWT3_DANPL	95.078	386	386	386	100	0.0	765.0	tr|A0A212EWT3|A0A212EWT3_DANPL Adiponectin receptor 2 OS=Danaus plexippus plexippus OX=278856 GN=KGM_205992 PE=3 SV=1	TrEMBL	g14934	A0A212EWT3	10
g9091.t1	sp|P17672|E75BA_DROME	56.95	741	726	1355	82	0.0	763.0	Ecdysone-induced protein 75B, isoform A OS=Drosophila melanogaster OX=7227 GN=Eip75B PE=2 SV=2	Swiss-Prot	g9091	P17672	8
g10898.t1	tr|A0A4C1U2C6|A0A4C1U2C6_EUMVA	85.242	454	454	454	100	0.0	762.0	Retinoid-inducible serine carboxypeptidase OS=Eumeta variegata OX=151549 GN=Scpep1 PE=3 SV=1	TrEMBL	g10898	A0A4C1U2C6	1
g5153.t1	tr|A0A4C1SUX7|A0A4C1SUX7_EUMVA	69.541	545	541	1261	100	0.0	756.0	Aminopeptidase W07G4.4 OS=Eumeta variegata OX=151549 GN=lap-2 PE=3 SV=1	TrEMBL	g5153	A0A4C1SUX7	2
g19136.t1	tr|A0A4C1SWU5|A0A4C1SWU5_EUMVA	69.305	518	538	595	96	0.0	755.0	tr|A0A4C1SWU5|A0A4C1SWU5_EUMVA Aminopeptidase W07G4.4 OS=Eumeta variegata OX=151549 GN=lap-2 PE=3 SV=1	TrEMBL	g19136	A0A4C1SWU5	2
g16796.t1	tr|A0ABR3HCD7|A0ABR3HCD7_LOXSC	76.674	463	470	490	98	0.0	751.0	tr|A0ABR3HCD7|A0ABR3HCD7_LOXSC Carboxypeptidase OS=Loxostege sticticalis OX=481309 GN=ABMA27_008727 PE=3 SV=1	TrEMBL	g16796	A0ABR3HCD7	1
g14161.t1	tr|A0A4C1V3W7|A0A4C1V3W7_EUMVA	80.822	438	437	838	100	0.0	749.0	tr|A0A4C1V3W7|A0A4C1V3W7_EUMVA Modular serine protease OS=Eumeta variegata OX=151549 GN=modSP PE=4 SV=1	TrEMBL	g14161	A0A4C1V3W7	1
g16796.t1	tr|A0A9N9R6F2|A0A9N9R6F2_9NEOP	77.042	453	470	487	96	0.0	742.0	tr|A0A9N9R6F2|A0A9N9R6F2_9NEOP Carboxypeptidase OS=Diatraea saccharalis OX=40085 GN=DIATSA_LOCUS8789 PE=3 SV=1	TrEMBL	g16796	A0A9N9R6F2	2
g16796.t1	tr|A0ABR3HCE7|A0ABR3HCE7_LOXSC	74.514	463	470	485	98	0.0	738.0	tr|A0ABR3HCE7|A0ABR3HCE7_LOXSC Carboxypeptidase OS=Loxostege sticticalis OX=481309 GN=ABMA27_008726 PE=3 SV=1	TrEMBL	g16796	A0ABR3HCE7	3
g16796.t1	tr|A0A8R1WLE0|A0A8R1WLE0_BOMMO	75.108	462	470	475	98	0.0	733.0	tr|A0A8R1WLE0|A0A8R1WLE0_BOMMO Carboxypeptidase OS=Bombyx mori OX=7091 GN=101740973 PE=3 SV=1	TrEMBL	g16796	A0A8R1WLE0	4
g16796.t1	tr|A0A0L7LM79|A0A0L7LM79_OPEBR	75.484	465	470	478	98	0.0	731.0	tr|A0A0L7LM79|A0A0L7LM79_OPEBR Carboxypeptidase OS=Operophtera brumata OX=104452 GN=OBRU01_05677 PE=3 SV=1	TrEMBL	g16796	A0A0L7LM79	5
g16796.t1	tr|A0ABR3HCD0|A0ABR3HCD0_LOXSC	73.97	461	470	485	98	0.0	731.0	tr|A0ABR3HCD0|A0ABR3HCD0_LOXSC Carboxypeptidase OS=Loxostege sticticalis OX=481309 GN=ABMA27_008725 PE=3 SV=1	TrEMBL	g16796	A0ABR3HCD0	6
g16796.t1	tr|A0ABN8B923|A0ABN8B923_CHISP	75.885	452	470	479	96	0.0	731.0	tr|A0ABN8B923|A0ABN8B923_CHISP Carboxypeptidase OS=Chilo suppressalis OX=168631 GN=CHILSU_LOCUS6192 PE=3 SV=1	TrEMBL	g16796	A0ABN8B923	7
g6193.t1	tr|A0A4C1ZXS9|A0A4C1ZXS9_EUMVA	82.169	415	415	415	100	0.0	729.0	Zinc carboxypeptidase A 1 OS=Eumeta variegata OX=151549 GN=EVAR_70481_1 PE=3 SV=1	TrEMBL	g6193	A0A4C1ZXS9	1
g16796.t1	tr|A0A6J2JNP1|A0A6J2JNP1_BOMMA	74.892	462	470	475	98	0.0	727.0	tr|A0A6J2JNP1|A0A6J2JNP1_BOMMA Carboxypeptidase OS=Bombyx mandarina OX=7092 GN=LOC114243563 PE=3 SV=1	TrEMBL	g16796	A0A6J2JNP1	8
g16796.t1	tr|A0ACC0L035|A0ACC0L035_CHOFU	76.026	463	470	462	98	0.0	725.0	tr|A0ACC0L035|A0ACC0L035_CHOFU Carboxypeptidase OS=Choristoneura fumiferana OX=7141 GN=MSG28_005434 PE=3 SV=1	TrEMBL	g16796	A0ACC0L035	9
g16796.t1	tr|A0AAD7YCQ2|A0AAD7YCQ2_MYTSE	74.569	464	470	477	98	0.0	724.0	tr|A0AAD7YCQ2|A0AAD7YCQ2_MYTSE Carboxypeptidase OS=Mythimna separata OX=271217 GN=PYW07_008223 PE=3 SV=1	TrEMBL	g16796	A0AAD7YCQ2	10
g15564.t1	tr|A0A4C1SSS0|A0A4C1SSS0_EUMVA	81.163	430	430	393	100	0.0	722.0	tr|A0A4C1SSS0|A0A4C1SSS0_EUMVA Carboxypeptidase B OS=Eumeta variegata OX=151549 GN=Cpb1 PE=3 SV=1	TrEMBL	g15564	A0A4C1SSS0	1
g15564.t1	tr|A0A4C1SUH7|A0A4C1SUH7_EUMVA	77.674	430	430	462	100	0.0	719.0	tr|A0A4C1SUH7|A0A4C1SUH7_EUMVA Carboxypeptidase B OS=Eumeta variegata OX=151549 GN=EVAR_3353_1 PE=3 SV=1	TrEMBL	g15564	A0A4C1SUH7	2
g1470.t1	tr|A0ACC0KZ64|A0ACC0KZ64_CHOFU	36.115	1534	1346	1668	96	0.0	706.0	Chitin-binding type-2 domain-containing protein OS=Choristoneura fumiferana OX=7141 GN=MSG28_015198 PE=4 SV=1	TrEMBL	g1470	A0ACC0KZ64	3
g3535.t1	tr|A0A4C1Z130|A0A4C1Z130_EUMVA	78.555	429	429	418	100	0.0	700.0	Serine protease inhibitor 77Ba OS=Eumeta variegata OX=151549 GN=Spn77Ba PE=3 SV=1		g3535	A0A4C1Z130	1
g15566.t1	tr|A0A4C1SSS2|A0A4C1SSS2_EUMVA	80.288	416	414	416	100	0.0	697.0	tr|A0A4C1SSS2|A0A4C1SSS2_EUMVA Carboxypeptidase A2 OS=Eumeta variegata OX=151549 GN=Cpa2 PE=3 SV=1	TrEMBL	g15566	A0A4C1SSS2	1
g14449.t1	tr|A0A4C1U540|A0A4C1U540_EUMVA	79.71	414	436	413	95	0.0	696.0	tr|A0A4C1U540|A0A4C1U540_EUMVA Acetylcholine receptor subunit alpha-like 2 OS=Eumeta variegata OX=151549 GN=nAChRalpha2 PE=4 SV=1	TrEMBL	g14449	A0A4C1U540	1
g2844.t1	tr|A0A4C1YXT1|A0A4C1YXT1_EUMVA	79.167	408	408	419	100	0.0	692.0	Lipase OS=Eumeta variegata OX=151549 GN=Lip1 PE=3 SV=1	TrEMBL	g2844	A0A4C1YXT1	1
g6034.t3	tr|A0A8J9VST8|A0A8J9VST8_9NEOP	82.902	386	382	1331	100	0.0	684.0	Angiotensin-converting enzyme (Fragment) OS=Brenthis ino OX=405034 GN=BINO364_LOCUS14300 PE=3 SV=1	TrEMBL	g6034	A0A8J9VST8	1
g6034.t3	tr|A0AAU9V375|A0AAU9V375_EUPED	81.17	393	382	695	98	0.0	683.0	Angiotensin-converting enzyme OS=Euphydryas editha OX=104508 GN=EEDITHA_LOCUS19539 PE=3 SV=1	TrEMBL	g6034	A0AAU9V375	2
g3537.t1	tr|A0A4C1Z4C9|A0A4C1Z4C9_EUMVA	81.061	396	396	396	100	0.0	676.0	Serine protease inhibitor 77Ba OS=Eumeta variegata OX=151549 GN=Spn77Ba PE=3 SV=1		g3537	A0A4C1Z4C9	1
g1854.t1	tr|A0A4C1YY61|A0A4C1YY61_EUMVA	77.696	408	408	408	100	0.0	671.0	CHK kinase-like domain-containing protein OS=Eumeta variegata OX=151549 GN=EVAR_49423_1 PE=4 SV=1	TrEMBL	g1854	A0A4C1YY61	1
g2844.t1	tr|A0A4C1YXF6|A0A4C1YXF6_EUMVA	76.485	404	408	424	99	0.0	670.0	Lipase OS=Eumeta variegata OX=151549 GN=Lip1 PE=3 SV=1	TrEMBL	g2844	A0A4C1YXF6	2
g2844.t1	tr|A0A4C1YWJ9|A0A4C1YWJ9_EUMVA	75.743	404	408	521	99	0.0	663.0	Lipase 1 OS=Eumeta variegata OX=151549 GN=Lip1 PE=3 SV=1	TrEMBL	g2844	A0A4C1YWJ9	3
g6034.t3	tr|A0AAD8DVW6|A0AAD8DVW6_MYTSE	81.6	375	382	675	98	0.0	661.0	Angiotensin-converting enzyme OS=Mythimna separata OX=271217 GN=PYW07_001459 PE=3 SV=1	TrEMBL	g6034	A0AAD8DVW6	3
g17633.t1	tr|A0A4C1YXT1|A0A4C1YXT1_EUMVA	76.633	398	408	419	98	0.0	660.0	tr|A0A4C1YXT1|A0A4C1YXT1_EUMVA Lipase OS=Eumeta variegata OX=151549 GN=Lip1 PE=3 SV=1	TrEMBL	g17633	A0A4C1YXT1	1
g19140.t1	tr|A0A4C1YXT1|A0A4C1YXT1_EUMVA	76.131	398	408	419	98	0.0	659.0	tr|A0A4C1YXT1|A0A4C1YXT1_EUMVA Lipase OS=Eumeta variegata OX=151549 GN=Lip1 PE=3 SV=1	TrEMBL	g19140	A0A4C1YXT1	1
g1541.t1	tr|A0A4C1UM74|A0A4C1UM74_EUMVA	83.646	373	380	477	98	0.0	657.0	CLIP domain-containing serine protease OS=Eumeta variegata OX=151549 GN=Sp7 PE=3 SV=1	TrEMBL	g1541	A0A4C1UM74	1
g17633.t1	tr|A0A4C1YXF6|A0A4C1YXF6_EUMVA	73.956	407	408	424	99	0.0	650.0	tr|A0A4C1YXF6|A0A4C1YXF6_EUMVA Lipase OS=Eumeta variegata OX=151549 GN=Lip1 PE=3 SV=1	TrEMBL	g17633	A0A4C1YXF6	2
g9091.t1	sp|P17671-2|E75BC_DROME	54.319	683	726	906	74	0.0	649.0	Isoform D of Ecdysone-induced protein 75B, isoforms C/D OS=Drosophila melanogaster OX=7227 GN=Eip75B	Swiss-Prot	g9091	P17671-2	9
g15120.t1	tr|A0A4C1XS72|A0A4C1XS72_EUMVA	71.694	431	393	628	98	0.0	646.0	tr|A0A4C1XS72|A0A4C1XS72_EUMVA Cytochrome P450 CYP12A2 OS=Eumeta variegata OX=151549 GN=CYP12A2 PE=3 SV=1	TrEMBL	g15120	A0A4C1XS72	1
g16852.t1	tr|A0A4C1V343|A0A4C1V343_EUMVA	60.681	529	553	528	95	0.0	646.0	tr|A0A4C1V343|A0A4C1V343_EUMVA Carboxylic ester hydrolase OS=Eumeta variegata OX=151549 GN=EVAR_20150_1 PE=3 SV=1	TrEMBL	g16852	A0A4C1V343	2
g4892.t1	tr|A0A4C1W6C4|A0A4C1W6C4_EUMVA	74.436	399	402	443	99	0.0	645.0	CHK kinase-like domain-containing protein OS=Eumeta variegata OX=151549 GN=EVAR_28039_1 PE=4 SV=1	TrEMBL	g4892	A0A4C1W6C4	1
g19140.t1	tr|A0A4C1YXF6|A0A4C1YXF6_EUMVA	73.333	405	408	424	99	0.0	645.0	tr|A0A4C1YXF6|A0A4C1YXF6_EUMVA Lipase OS=Eumeta variegata OX=151549 GN=Lip1 PE=3 SV=1	TrEMBL	g19140	A0A4C1YXF6	2
g17633.t1	tr|A0A4C1YWJ9|A0A4C1YWJ9_EUMVA	73.219	407	408	521	99	0.0	645.0	tr|A0A4C1YWJ9|A0A4C1YWJ9_EUMVA Lipase 1 OS=Eumeta variegata OX=151549 GN=Lip1 PE=3 SV=1	TrEMBL	g17633	A0A4C1YWJ9	3
g15564.t1	tr|A0A921YYX4|A0A921YYX4_MANSE	70.726	427	430	431	99	0.0	645.0	tr|A0A921YYX4|A0A921YYX4_MANSE Peptidase M14 domain-containing protein OS=Manduca sexta OX=7130 GN=O3G_MSEX005543 PE=3 SV=1	TrEMBL	g15564	A0A921YYX4	3
g15563.t1	tr|A0A4C1SSS0|A0A4C1SSS0_EUMVA	73.256	430	430	393	100	0.0	644.0	tr|A0A4C1SSS0|A0A4C1SSS0_EUMVA Carboxypeptidase B OS=Eumeta variegata OX=151549 GN=Cpb1 PE=3 SV=1	TrEMBL	g15563	A0A4C1SSS0	2
g19140.t1	tr|A0A4C1YWJ9|A0A4C1YWJ9_EUMVA	72.593	405	408	521	99	0.0	641.0	tr|A0A4C1YWJ9|A0A4C1YWJ9_EUMVA Lipase 1 OS=Eumeta variegata OX=151549 GN=Lip1 PE=3 SV=1	TrEMBL	g19140	A0A4C1YWJ9	3
g3709.t1	tr|A0A4C1UDU1|A0A4C1UDU1_EUMVA	83.611	360	360	359	100	0.0	639.0	Lipase member H-A OS=Eumeta variegata OX=151549 GN=liph-a PE=3 SV=1	TrEMBL	g3709	A0A4C1UDU1	1
g6034.t3	tr|A0A4C1TW44|A0A4C1TW44_EUMVA	85.634	355	382	652	93	0.0	636.0	Angiotensin-converting enzyme OS=Eumeta variegata OX=151549 GN=Ance PE=3 SV=1	TrEMBL	g6034	A0A4C1TW44	4
g15564.t1	tr|A0A6J3C292|A0A6J3C292_GALME	69.321	427	430	433	99	0.0	633.0	tr|A0A6J3C292|A0A6J3C292_GALME Carboxypeptidase B-like OS=Galleria mellonella OX=7137 GN=LOC113522132 PE=3 SV=1	TrEMBL	g15564	A0A6J3C292	4
g4893.t1	tr|A0A4C1W8H4|A0A4C1W8H4_EUMVA	74.937	399	399	400	100	0.0	630.0	CHK kinase-like domain-containing protein OS=Eumeta variegata OX=151549 GN=EVAR_28043_1 PE=4 SV=1	TrEMBL	g4893	A0A4C1W8H4	1
g15564.t1	tr|A0ACC0KW34|A0ACC0KW34_CHOFU	70.843	415	430	429	97	0.0	630.0	tr|A0ACC0KW34|A0ACC0KW34_CHOFU Peptidase M14 domain-containing protein OS=Choristoneura fumiferana OX=7141 GN=MSG28_009037 PE=3 SV=1	TrEMBL	g15564	A0ACC0KW34	5
g6034.t3	tr|A0AAV1J9E9|A0AAV1J9E9_9NEOP	77.836	379	382	653	99	0.0	628.0	Angiotensin-converting enzyme OS=Leptosia nina OX=320188 GN=LNINA_LOCUS5608 PE=3 SV=1	TrEMBL	g6034	A0AAV1J9E9	5
g6034.t3	tr|A0ABQ7QSF2|A0ABQ7QSF2_PLUXY	76.963	382	382	659	100	0.0	626.0	Angiotensin-converting enzyme OS=Plutella xylostella OX=51655 GN=JYU34_006623 PE=3 SV=1	TrEMBL	g6034	A0ABQ7QSF2	6
g6034.t3	tr|A0A194QIX2|A0A194QIX2_PAPXU	80.926	367	382	639	96	0.0	626.0	Angiotensin-converting enzyme OS=Papilio xuthus OX=66420 GN=RR46_02098 PE=3 SV=1	TrEMBL	g6034	A0A194QIX2	7
g11500.t1	sp|Q9GV28|IDGFL_BOMMO	72.662	417	414	433	94	0.0	625.0	Chitinase-like protein EN03 OS=Bombyx mori OX=7091 GN=EN03 PE=1 SV=1	Swiss-Prot	g11500	Q9GV28	1
g15564.t1	tr|A0A921YZB5|A0A921YZB5_MANSE	69.321	427	430	431	99	0.0	624.0	tr|A0A921YZB5|A0A921YZB5_MANSE Peptidase M14 domain-containing protein OS=Manduca sexta OX=7130 GN=O3G_MSEX005508 PE=3 SV=1	TrEMBL	g15564	A0A921YZB5	6
g6034.t3	tr|I4DR36|I4DR36_PAPPL	81.199	367	382	340	96	0.0	624.0	Angiotensin-converting enzyme OS=Papilio polytes OX=76194 PE=2 SV=1	TrEMBL	g6034	I4DR36	8
g6034.t3	tr|A0AAV1LTR7|A0AAV1LTR7_9NEOP	79.891	368	382	641	96	0.0	624.0	Angiotensin-converting enzyme OS=Parnassius mnemosyne OX=213953 GN=PARMNEM_LOCUS17412 PE=3 SV=1	TrEMBL	g6034	A0AAV1LTR7	9
g15564.t1	tr|A0ABM3MEX4|A0ABM3MEX4_GALME	69.789	427	430	428	99	0.0	623.0	tr|A0ABM3MEX4|A0ABM3MEX4_GALME Carboxypeptidase B-like OS=Galleria mellonella OX=7137 GN=LOC113522131 PE=3 SV=1	TrEMBL	g15564	A0ABM3MEX4	7
g6034.t3	tr|I4DJQ5|I4DJQ5_PAPXU	80.926	367	382	506	96	0.0	623.0	Angiotensin-converting enzyme OS=Papilio xuthus OX=66420 PE=2 SV=1	TrEMBL	g6034	I4DJQ5	10
g15563.t1	tr|A0A921YYX4|A0A921YYX4_MANSE	68.852	427	430	431	99	0.0	620.0	tr|A0A921YYX4|A0A921YYX4_MANSE Peptidase M14 domain-containing protein OS=Manduca sexta OX=7130 GN=O3G_MSEX005543 PE=3 SV=1	TrEMBL	g15563	A0A921YYX4	3
g17098.t1	tr|A0A4C1YA79|A0A4C1YA79_EUMVA	73.872	421	421	419	100	0.0	619.0	tr|A0A4C1YA79|A0A4C1YA79_EUMVA CHK kinase-like domain-containing protein OS=Eumeta variegata OX=151549 GN=EVAR_48852_1 PE=4 SV=1	TrEMBL	g17098	A0A4C1YA79	1
g15833.t1	tr|A0A922CQZ4|A0A922CQZ4_MANSE	53.454	608	605	724	99	0.0	619.0	tr|A0A922CQZ4|A0A922CQZ4_MANSE TIR domain-containing protein OS=Manduca sexta OX=7130 GN=O3G_MSEX008775 PE=3 SV=1	TrEMBL	g15833	A0A922CQZ4	2
g15833.t1	tr|A0A921ZB08|A0A921ZB08_MANSE	53.454	608	605	753	99	0.0	619.0	tr|A0A921ZB08|A0A921ZB08_MANSE TIR domain-containing protein OS=Manduca sexta OX=7130 GN=O3G_MSEX008775 PE=3 SV=1	TrEMBL	g15833	A0A921ZB08	3
g15564.t1	tr|A0ABM3MEG0|A0ABM3MEG0_GALME	68.618	427	430	428	99	0.0	618.0	tr|A0ABM3MEG0|A0ABM3MEG0_GALME Carboxypeptidase B-like OS=Galleria mellonella OX=7137 GN=LOC128199967 PE=3 SV=1	TrEMBL	g15564	A0ABM3MEG0	8
g15564.t1	sp|Q3T905|CBPB_HELZE	67.832	429	430	429	99	0.0	617.0	sp|Q3T905|CBPB_HELZE Carboxypeptidase B OS=Helicoverpa zea OX=7113 GN=CPB PE=1 SV=1	Swiss-Prot	g15564	Q3T905	9
g15563.t1	tr|A0A6J3C292|A0A6J3C292_GALME	69.555	427	430	433	99	0.0	615.0	tr|A0A6J3C292|A0A6J3C292_GALME Carboxypeptidase B-like OS=Galleria mellonella OX=7137 GN=LOC113522132 PE=3 SV=1	TrEMBL	g15563	A0A6J3C292	4
g15563.t1	tr|A0A921YZB5|A0A921YZB5_MANSE	69.087	427	430	431	99	0.0	613.0	tr|A0A921YZB5|A0A921YZB5_MANSE Peptidase M14 domain-containing protein OS=Manduca sexta OX=7130 GN=O3G_MSEX005508 PE=3 SV=1	TrEMBL	g15563	A0A921YZB5	5
g15564.t1	tr|B1NLE5|B1NLE5_HELAM	68.298	429	430	428	99	0.0	610.0	tr|B1NLE5|B1NLE5_HELAM Carboxypeptidase OS=Helicoverpa armigera OX=29058 GN=Cpep-2 PE=2 SV=1	TrEMBL	g15564	B1NLE5	10
g15833.t1	tr|A0ACC0KAT3|A0ACC0KAT3_CHOFU	50.49	612	605	670	99	0.0	610.0	tr|A0ACC0KAT3|A0ACC0KAT3_CHOFU TIR domain-containing protein OS=Choristoneura fumiferana OX=7141 GN=MSG28_015443 PE=3 SV=1	TrEMBL	g15833	A0ACC0KAT3	4
g15833.t1	tr|A0ACC2Q2W2|A0ACC2Q2W2_9NEOP	51.232	609	605	757	100	0.0	609.0	tr|A0ACC2Q2W2|A0ACC2Q2W2_9NEOP TIR domain-containing protein OS=Mythimna loreyi OX=667449 GN=PYW08_010991 PE=3 SV=1	TrEMBL	g15833	A0ACC2Q2W2	5
g15833.t1	tr|A0ABM4AXT5|A0ABM4AXT5_VANTA	51.48	608	605	767	100	0.0	607.0	tr|A0ABM4AXT5|A0ABM4AXT5_VANTA Toll-like receptor 3 OS=Vanessa tameamea OX=334116 GN=LOC135194485 PE=3 SV=1	TrEMBL	g15833	A0ABM4AXT5	6
g15563.t1	tr|B1NLE5|B1NLE5_HELAM	68.531	429	430	428	99	0.0	606.0	tr|B1NLE5|B1NLE5_HELAM Carboxypeptidase OS=Helicoverpa armigera OX=29058 GN=Cpep-2 PE=2 SV=1	TrEMBL	g15563	B1NLE5	6
g2464.t1	tr|A0A4C1YFG7|A0A4C1YFG7_EUMVA	82.173	359	368	473	98	0.0	603.0	Ecdysteroid UDP-glucosyltransferase OS=Eumeta variegata OX=151549 GN=EGT PE=3 SV=1	TrEMBL	g2464	A0A4C1YFG7	1
g15563.t1	tr|A0ACC0KW34|A0ACC0KW34_CHOFU	68.434	415	430	429	97	0.0	602.0	tr|A0ACC0KW34|A0ACC0KW34_CHOFU Peptidase M14 domain-containing protein OS=Choristoneura fumiferana OX=7141 GN=MSG28_009037 PE=3 SV=1	TrEMBL	g15563	A0ACC0KW34	7
g15563.t1	tr|A0ABM3MEG0|A0ABM3MEG0_GALME	68.852	427	430	428	99	0.0	601.0	tr|A0ABM3MEG0|A0ABM3MEG0_GALME Carboxypeptidase B-like OS=Galleria mellonella OX=7137 GN=LOC128199967 PE=3 SV=1	TrEMBL	g15563	A0ABM3MEG0	8
g15833.t1	tr|A0A8S4SPZ0|A0A8S4SPZ0_9NEOP	51.307	612	605	769	100	0.0	600.0	tr|A0A8S4SPZ0|A0A8S4SPZ0_9NEOP Jg14792 protein OS=Pararge aegeria aegeria OX=348720 GN=jg14792 PE=3 SV=1	TrEMBL	g15833	A0A8S4SPZ0	7
g15833.t1	tr|A0A9R0ESI2|A0A9R0ESI2_SPOFR	51.405	605	605	748	99	0.0	599.0	tr|A0A9R0ESI2|A0A9R0ESI2_SPOFR Toll-like receptor 3 OS=Spodoptera frugiperda OX=7108 GN=LOC118280364 PE=3 SV=1	TrEMBL	g15833	A0A9R0ESI2	8
g1470.t1	tr|A0ABD2AIG0|A0ABD2AIG0_VESSQ	33.862	1323	1346	2117	99	0.0	598.0	Chitin-binding domain protein cbd-1-like isoform X1 OS=Vespula squamosa OX=30214 GN=V1478_011067 PE=4 SV=1	TrEMBL	g1470	A0ABD2AIG0	4
g3709.t1	tr|A0A4C1UDY7|A0A4C1UDY7_EUMVA	85.802	324	360	432	90	0.0	598.0	Lipase member H-A OS=Eumeta variegata OX=151549 GN=liph-a PE=3 SV=1	TrEMBL	g3709	A0A4C1UDY7	2
g5153.t1	tr|A0ABQ7PWS3|A0ABQ7PWS3_PLUXY	54.839	558	541	555	94	0.0	595.0	Cytosol aminopeptidase domain-containing protein OS=Plutella xylostella OX=51655 GN=JYU34_019114 PE=3 SV=1	TrEMBL	g5153	A0ABQ7PWS3	3
g15833.t1	tr|A0A2W1BAS6|A0A2W1BAS6_HELAM	52.303	608	605	666	100	0.0	594.0	tr|A0A2W1BAS6|A0A2W1BAS6_HELAM TIR domain-containing protein OS=Helicoverpa armigera OX=29058 GN=HaOG215703 PE=3 SV=1	TrEMBL	g15833	A0A2W1BAS6	9
g15563.t1	tr|A0A9R0D7G5|A0A9R0D7G5_SPOFR	65.116	430	430	432	100	0.0	592.0	tr|A0A9R0D7G5|A0A9R0D7G5_SPOFR Carboxypeptidase B-like OS=Spodoptera frugiperda OX=7108 GN=LOC118271474 PE=3 SV=1	TrEMBL	g15563	A0A9R0D7G5	9
g15563.t1	tr|A0ABM3MEX4|A0ABM3MEX4_GALME	67.916	427	430	428	99	0.0	592.0	tr|A0ABM3MEX4|A0ABM3MEX4_GALME Carboxypeptidase B-like OS=Galleria mellonella OX=7137 GN=LOC113522131 PE=3 SV=1	TrEMBL	g15563	A0ABM3MEX4	10
g15833.t1	tr|A0A9P0I8Z1|A0A9P0I8Z1_SPOLI	50.825	606	605	720	99	0.0	592.0	tr|A0A9P0I8Z1|A0A9P0I8Z1_SPOLI TIR domain-containing protein OS=Spodoptera littoralis OX=7109 GN=SPLIT_LOCUS7593 PE=3 SV=1	TrEMBL	g15833	A0A9P0I8Z1	10
g17097.t1	tr|A0A4C1YDZ7|A0A4C1YDZ7_EUMVA	74.677	387	418	382	93	0.0	590.0	tr|A0A4C1YDZ7|A0A4C1YDZ7_EUMVA CHK kinase-like domain-containing protein OS=Eumeta variegata OX=151549 GN=EVAR_48853_1 PE=4 SV=1	TrEMBL	g17097	A0A4C1YDZ7	1
g94.t1	tr|A0A4C1W5T8|A0A4C1W5T8_EUMVA	85.41	329	328	998	100	0.0	588.0	Aminopeptidase OS=Eumeta variegata OX=151549 GN=EVAR_95141_1 PE=3 SV=1	TrEMBL	g94	A0A4C1W5T8	1
g2100.t1	tr|A0A4C1SI89|A0A4C1SI89_EUMVA	87.898	314	319	419	98	0.0	587.0	Lipase domain-containing protein OS=Eumeta variegata OX=151549 GN=EVAR_70587_1 PE=3 SV=1	TrEMBL	g2100	A0A4C1SI89	1
g16245.t1	tr|A0A4C1Z3B3|A0A4C1Z3B3_EUMVA	66.274	424	423	434	100	0.0	585.0	tr|A0A4C1Z3B3|A0A4C1Z3B3_EUMVA Serine protease inhibitor 77Ba OS=Eumeta variegata OX=151549 GN=Spn77Ba PE=3 SV=1	TrEMBL	g16245	A0A4C1Z3B3	1
g4086.t1	tr|A0A4C1TFB7|A0A4C1TFB7_EUMVA	88.509	322	334	339	96	0.0	582.0	Pancreatic triacylglycerol lipase OS=Eumeta variegata OX=151549 GN=PNLIP PE=3 SV=1	TrEMBL	g4086	A0A4C1TFB7	1
g8856.t1	tr|A0A4C1V0P1|A0A4C1V0P1_EUMVA	75.35	357	394	357	91	0.0	580.0	Serine protease inhibitor 77Ba OS=Eumeta variegata OX=151549 GN=Spn77Ba PE=3 SV=1	TrEMBL	g8856	A0A4C1V0P1	1
g4085.t1	tr|A0A4C1TID5|A0A4C1TID5_EUMVA	85.373	335	336	377	96	0.0	579.0	Pancreatic triacylglycerol lipase OS=Eumeta variegata OX=151549 GN=PNLIP PE=3 SV=1	TrEMBL	g4085	A0A4C1TID5	1
g4083.t1	tr|A0A4C1TID5|A0A4C1TID5_EUMVA	84.478	335	336	377	96	0.0	577.0	Pancreatic triacylglycerol lipase OS=Eumeta variegata OX=151549 GN=PNLIP PE=3 SV=1	TrEMBL	g4083	A0A4C1TID5	1
g4084.t1	tr|A0A4C1TID5|A0A4C1TID5_EUMVA	83.881	335	336	377	96	0.0	576.0	Pancreatic triacylglycerol lipase OS=Eumeta variegata OX=151549 GN=PNLIP PE=3 SV=1	TrEMBL	g4084	A0A4C1TID5	1
g4082.t1	tr|A0A4C1TFB7|A0A4C1TFB7_EUMVA	86.025	322	334	339	96	0.0	572.0	Pancreatic triacylglycerol lipase OS=Eumeta variegata OX=151549 GN=PNLIP PE=3 SV=1	TrEMBL	g4082	A0A4C1TFB7	1
g5153.t1	tr|A0ACC1CGM3|A0ACC1CGM3_9NEOP	55.098	510	541	517	94	0.0	567.0	Cytosol aminopeptidase domain-containing protein OS=Dendrolimus kikuchii OX=765133 GN=K1T71_013503 PE=3 SV=1	TrEMBL	g5153	A0ACC1CGM3	4
g5153.t1	tr|A0A7E5WVD4|A0A7E5WVD4_TRINI	58.103	506	541	510	93	0.0	564.0	Aminopeptidase W07G4.4 OS=Trichoplusia ni OX=7111 GN=LOC113506144 PE=3 SV=1	TrEMBL	g5153	A0A7E5WVD4	5
g8855.t1	tr|A0A4C1V1Z8|A0A4C1V1Z8_EUMVA	69.674	399	367	399	100	0.0	563.0	Serine protease inhibitor 77Ba OS=Eumeta variegata OX=151549 GN=Spn77Ba PE=3 SV=1	TrEMBL	g8855	A0A4C1V1Z8	1
g3538.t1	tr|A0A4C1Z440|A0A4C1Z440_EUMVA	73.641	368	369	1244	99	0.0	563.0	Serine protease inhibitor 77Ba OS=Eumeta variegata OX=151549 GN=Spn77Ba PE=3 SV=1		g3538	A0A4C1Z440	1
g16240.t1	tr|A0A4C1ZIZ2|A0A4C1ZIZ2_EUMVA	67.885	383	399	383	96	0.0	558.0	tr|A0A4C1ZIZ2|A0A4C1ZIZ2_EUMVA Serine protease inhibitor 77Ba OS=Eumeta variegata OX=151549 GN=Spn77Ba PE=3 SV=1	TrEMBL	g16240	A0A4C1ZIZ2	1
g4085.t1	tr|A0A4C1TIQ0|A0A4C1TIQ0_EUMVA	86.452	310	336	375	92	0.0	558.0	Lipoprotein lipase OS=Eumeta variegata OX=151549 GN=LPL PE=3 SV=1	TrEMBL	g4085	A0A4C1TIQ0	2
g4085.t1	tr|A0A4C1TGD0|A0A4C1TGD0_EUMVA	91.554	296	336	317	88	0.0	558.0	Pancreatic triacylglycerol lipase OS=Eumeta variegata OX=151549 GN=PNLIP PE=3 SV=1	TrEMBL	g4085	A0A4C1TGD0	3
g4084.t1	tr|A0A4C1TIQ0|A0A4C1TIQ0_EUMVA	86.452	310	336	375	92	0.0	554.0	Lipoprotein lipase OS=Eumeta variegata OX=151549 GN=LPL PE=3 SV=1	TrEMBL	g4084	A0A4C1TIQ0	2
g6292.t1	tr|A0A4C1SS19|A0A4C1SS19_EUMVA	77.401	354	348	355	99	0.0	552.0	CLIP domain-containing serine protease OS=Eumeta variegata OX=151549 GN=EVAR_74799_1 PE=3 SV=1	TrEMBL	g6292	A0A4C1SS19	1
g3430.t1	tr|A0A4C1Y2D1|A0A4C1Y2D1_EUMVA	83.735	332	320	728	100	0.0	550.0	Xaa-Pro aminopeptidase 1 OS=Eumeta variegata OX=151549 GN=XPNPEP1 PE=3 SV=1		g3430	A0A4C1Y2D1	1
g4082.t1	tr|I3QC04|I3QC04_HELAM	80.24	334	334	332	100	0.0	546.0	Neutral lipase OS=Helicoverpa armigera OX=29058 GN=Lipn001 PE=2 SV=1	TrEMBL	g4082	I3QC04	2
g19136.t1	tr|A0ABQ7PWS3|A0ABQ7PWS3_PLUXY	50.808	557	538	555	94	0.0	546.0	tr|A0ABQ7PWS3|A0ABQ7PWS3_PLUXY Cytosol aminopeptidase domain-containing protein OS=Plutella xylostella OX=51655 GN=JYU34_019114 PE=3 SV=1	TrEMBL	g19136	A0ABQ7PWS3	3
g5153.t1	tr|A0A9P0BUE1|A0A9P0BUE1_CHRIL	59.091	506	541	509	93	0.0	546.0	Cytosol aminopeptidase domain-containing protein OS=Chrysodeixis includens OX=689277 GN=CINC_LOCUS7894 PE=3 SV=1	TrEMBL	g5153	A0A9P0BUE1	6
g4084.t1	tr|A0A4C1TGD0|A0A4C1TGD0_EUMVA	86.824	296	336	317	88	0.0	544.0	Pancreatic triacylglycerol lipase OS=Eumeta variegata OX=151549 GN=PNLIP PE=3 SV=1	TrEMBL	g4084	A0A4C1TGD0	3
g1470.t1	tr|A0ABD2D075|A0ABD2D075_VESMC	33.003	1312	1346	2488	99	1.02e-159	541.0	Chitin-binding domain protein cbd-1-like isoform X1 (Fragment) OS=Vespula maculifrons OX=7453 GN=V1477_000840 PE=4 SV=1	TrEMBL	g1470	A0ABD2D075	5
g4084.t1	tr|A0A4C1TF79|A0A4C1TF79_EUMVA	80.251	319	336	348	95	0.0	541.0	Pancreatic triacylglycerol lipase OS=Eumeta variegata OX=151549 GN=PNLIP PE=3 SV=1	TrEMBL	g4084	A0A4C1TF79	4
g19136.t1	tr|A0ACC1CGM3|A0ACC1CGM3_9NEOP	52.326	516	538	517	96	0.0	540.0	tr|A0ACC1CGM3|A0ACC1CGM3_9NEOP Cytosol aminopeptidase domain-containing protein OS=Dendrolimus kikuchii OX=765133 GN=K1T71_013503 PE=3 SV=1	TrEMBL	g19136	A0ACC1CGM3	4
g4083.t1	tr|A0A4C1TIQ0|A0A4C1TIQ0_EUMVA	84.516	310	336	375	92	0.0	540.0	Lipoprotein lipase OS=Eumeta variegata OX=151549 GN=LPL PE=3 SV=1	TrEMBL	g4083	A0A4C1TIQ0	2
g4085.t1	tr|A0A4C1TF79|A0A4C1TF79_EUMVA	79.937	319	336	348	95	0.0	538.0	Pancreatic triacylglycerol lipase OS=Eumeta variegata OX=151549 GN=PNLIP PE=3 SV=1	TrEMBL	g4085	A0A4C1TF79	4
g15120.t1	tr|A0A8J9UBI6|A0A8J9UBI6_9NEOP	62.374	396	393	508	99	0.0	535.0	tr|A0A8J9UBI6|A0A8J9UBI6_9NEOP Cytochrome P450 (Fragment) OS=Brenthis ino OX=405034 GN=BINO364_LOCUS3978 PE=3 SV=1	TrEMBL	g15120	A0A8J9UBI6	2
g15120.t1	tr|A0A8J9UZM7|A0A8J9UZM7_9NEOP	62.374	396	393	506	99	0.0	535.0	tr|A0A8J9UZM7|A0A8J9UZM7_9NEOP Cytochrome P450 (Fragment) OS=Brenthis ino OX=405034 GN=BINO364_LOCUS3978 PE=3 SV=1	TrEMBL	g15120	A0A8J9UZM7	3
g14449.t1	tr|A0A194PKM9|A0A194PKM9_PAPXU	60.247	405	436	424	91	0.0	533.0	tr|A0A194PKM9|A0A194PKM9_PAPXU Neuronal acetylcholine receptor subunit alpha-10 OS=Papilio xuthus OX=66420 GN=RR46_10549 PE=4 SV=1	TrEMBL	g14449	A0A194PKM9	2
g4083.t1	tr|A0A4C1TF79|A0A4C1TF79_EUMVA	79.624	319	336	348	95	0.0	532.0	Pancreatic triacylglycerol lipase OS=Eumeta variegata OX=151549 GN=PNLIP PE=3 SV=1	TrEMBL	g4083	A0A4C1TF79	3
g6193.t1	tr|A0A8R2MA89|A0A8R2MA89_BOMMO	58.072	415	415	415	100	0.0	530.0	Zinc carboxypeptidase A 1 OS=Bombyx mori OX=7091 PE=3 SV=1	TrEMBL	g6193	A0A8R2MA89	2
g5153.t1	tr|A0ABR3ILS9|A0ABR3ILS9_LOXSC	56.607	507	541	511	94	0.0	530.0	Cytosol aminopeptidase domain-containing protein OS=Loxostege sticticalis OX=481309 GN=ABMA27_007158 PE=3 SV=1	TrEMBL	g5153	A0ABR3ILS9	7
g16245.t1	tr|A0A4C1ZN00|A0A4C1ZN00_EUMVA	60.377	424	423	423	100	0.0	529.0	tr|A0A4C1ZN00|A0A4C1ZN00_EUMVA Serine protease inhibitor 77Ba OS=Eumeta variegata OX=151549 GN=Spn77Ba PE=3 SV=1	TrEMBL	g16245	A0A4C1ZN00	2
g4086.t1	tr|I3QC04|I3QC04_HELAM	77.844	334	334	332	100	0.0	528.0	Neutral lipase OS=Helicoverpa armigera OX=29058 GN=Lipn001 PE=2 SV=1	TrEMBL	g4086	I3QC04	2
g5153.t1	tr|A0ACC0JH08|A0ACC0JH08_CHOFU	57.988	507	541	508	94	0.0	528.0	Cytosol aminopeptidase domain-containing protein OS=Choristoneura fumiferana OX=7141 GN=MSG28_014374 PE=3 SV=1	TrEMBL	g5153	A0ACC0JH08	8
g5153.t1	tr|A0ACC0JH04|A0ACC0JH04_CHOFU	57.988	507	541	508	94	0.0	528.0	Cytosol aminopeptidase domain-containing protein OS=Choristoneura fumiferana OX=7141 GN=MSG28_014374 PE=3 SV=1	TrEMBL	g5153	A0ACC0JH04	9
g3537.t1	tr|A0ACC0JHH6|A0ACC0JHH6_CHOFU	64.557	395	396	398	99	0.0	527.0	Serpin domain-containing protein OS=Choristoneura fumiferana OX=7141 GN=MSG28_012641 PE=3 SV=1		g3537	A0ACC0JHH6	2
g4083.t1	tr|A0A4C1TGD0|A0A4C1TGD0_EUMVA	85.135	296	336	317	88	0.0	527.0	Pancreatic triacylglycerol lipase OS=Eumeta variegata OX=151549 GN=PNLIP PE=3 SV=1	TrEMBL	g4083	A0A4C1TGD0	4
g4084.t1	tr|A0A4C1THY4|A0A4C1THY4_EUMVA	79.938	324	336	691	96	0.0	526.0	Pancreatic lipase-related protein 2 OS=Eumeta variegata OX=151549 GN=PNLIPRP2 PE=3 SV=1	TrEMBL	g4084	A0A4C1THY4	5
g14449.t1	tr|A0A194R6T8|A0A194R6T8_PAPMA	59.506	405	436	424	91	0.0	526.0	tr|A0A194R6T8|A0A194R6T8_PAPMA Neuronal acetylcholine receptor subunit alpha-10 OS=Papilio machaon OX=76193 GN=RR48_10717 PE=4 SV=1	TrEMBL	g14449	A0A194R6T8	3
g17097.t1	tr|A0A4C1YA79|A0A4C1YA79_EUMVA	59.286	420	418	419	100	0.0	525.0	tr|A0A4C1YA79|A0A4C1YA79_EUMVA CHK kinase-like domain-containing protein OS=Eumeta variegata OX=151549 GN=EVAR_48852_1 PE=4 SV=1	TrEMBL	g17097	A0A4C1YA79	2
g4085.t1	tr|A0A4C1THY4|A0A4C1THY4_EUMVA	79.63	324	336	691	96	1.34e-180	524.0	Pancreatic lipase-related protein 2 OS=Eumeta variegata OX=151549 GN=PNLIPRP2 PE=3 SV=1	TrEMBL	g4085	A0A4C1THY4	5
g5153.t1	tr|A0ACC2Q6H2|A0ACC2Q6H2_9NEOP	56.805	507	541	510	94	4.1299999999999995e-180	524.0	Cytosol aminopeptidase domain-containing protein OS=Mythimna loreyi OX=667449 GN=PYW08_009464 PE=3 SV=1	TrEMBL	g5153	A0ACC2Q6H2	10
g1541.t1	tr|A0AAD7YMR1|A0AAD7YMR1_MYTSE	64.844	384	380	384	100	0.0	523.0	CLIP domain-containing serine protease OS=Mythimna separata OX=271217 GN=PYW07_002143 PE=3 SV=1	TrEMBL	g1541	A0AAD7YMR1	2
g14449.t1	tr|A0AAU9UMV5|A0AAU9UMV5_EUPED	58.151	411	436	418	93	0.0	523.0	tr|A0AAU9UMV5|A0AAU9UMV5_EUPED Neurotransmitter-gated ion-channel ligand-binding domain-containing protein OS=Euphydryas editha OX=104508 GN=EEDITHA_LOCUS14904 PE=4 SV=1	TrEMBL	g14449	A0AAU9UMV5	4
g9091.t1	sp|O77245|E75_METEN	55.405	518	726	606	67	2.2999999999999998e-177	523.0	Nuclear hormone receptor E75 OS=Metapenaeus ensis OX=32278 GN=E75 PE=2 SV=1	Swiss-Prot	g9091	O77245	10
g4082.t1	tr|I3QC12|I3QC12_HELAM	75.749	334	334	332	100	0.0	522.0	Neutral lipase OS=Helicoverpa armigera OX=29058 GN=Lipn009 PE=2 SV=1	TrEMBL	g4082	I3QC12	3
g15120.t1	tr|A0AAU9U1X2|A0AAU9U1X2_EUPED	61.111	396	393	510	100	0.0	522.0	tr|A0AAU9U1X2|A0AAU9U1X2_EUPED Cytochrome P450 OS=Euphydryas editha OX=104508 GN=EEDITHA_LOCUS7585 PE=3 SV=1	TrEMBL	g15120	A0AAU9U1X2	4
g14449.t1	tr|A0A8J9VJ13|A0A8J9VJ13_9NEOP	58.881	411	436	419	92	0.0	521.0	tr|A0A8J9VJ13|A0A8J9VJ13_9NEOP Neurotransmitter-gated ion-channel ligand-binding domain-containing protein (Fragment) OS=Brenthis ino OX=405034 GN=BINO364_LOCUS8457 PE=4 SV=1	TrEMBL	g14449	A0A8J9VJ13	5
g4083.t1	tr|A0A4C1THY4|A0A4C1THY4_EUMVA	85.197	304	336	691	96	5.07e-179	520.0	Pancreatic lipase-related protein 2 OS=Eumeta variegata OX=151549 GN=PNLIPRP2 PE=3 SV=1	TrEMBL	g4083	A0A4C1THY4	5
g4082.t1	tr|A0ACC2R9I6|A0ACC2R9I6_9NEOP	76.347	334	334	332	100	0.0	519.0	Lipase domain-containing protein OS=Mythimna loreyi OX=667449 GN=PYW08_007163 PE=3 SV=1	TrEMBL	g4082	A0ACC2R9I6	4
g15120.t1	tr|A0AAU9U1Z0|A0AAU9U1Z0_EUPED	60.606	396	393	510	100	7.5099999999999995e-180	519.0	tr|A0AAU9U1Z0|A0AAU9U1Z0_EUPED Cytochrome P450 OS=Euphydryas editha OX=104508 GN=EEDITHA_LOCUS7590 PE=3 SV=1	TrEMBL	g15120	A0AAU9U1Z0	5
g1541.t1	tr|A0ACC2R180|A0ACC2R180_9NEOP	64.062	384	380	384	100	0.0	518.0	CLIP domain-containing serine protease OS=Mythimna loreyi OX=667449 GN=PYW08_002062 PE=3 SV=1	TrEMBL	g1541	A0ACC2R180	3
g6193.t1	tr|A0A6J2JQ98|A0A6J2JQ98_BOMMA	58.072	415	415	415	100	0.0	518.0	Zinc carboxypeptidase A 1 OS=Bombyx mandarina OX=7092 GN=LOC114243968 PE=3 SV=1	TrEMBL	g6193	A0A6J2JQ98	3
g1541.t1	tr|A0A922CLQ4|A0A922CLQ4_MANSE	64.69	371	380	383	98	0.0	518.0	CLIP domain-containing serine protease OS=Manduca sexta OX=7130 GN=O3G_MSEX006727 PE=3 SV=1	TrEMBL	g1541	A0A922CLQ4	4
g6193.t1	tr|A0AAV1KP10|A0AAV1KP10_9NEOP	56.867	415	415	413	100	0.0	517.0	Zinc carboxypeptidase A 1 OS=Parnassius mnemosyne OX=213953 GN=PARMNEM_LOCUS5217 PE=3 SV=1	TrEMBL	g6193	A0AAV1KP10	4
g1541.t1	tr|Q5DI99|Q5DI99_MANSE	64.42	371	380	383	98	0.0	517.0	CLIP domain-containing serine protease OS=Manduca sexta OX=7130 GN=PAP I PE=2 SV=1	TrEMBL	g1541	Q5DI99	5
g14449.t1	tr|A0A8B8HMS9|A0A8B8HMS9_VANTA	59.518	415	436	420	93	6.449999999999999e-180	517.0	tr|A0A8B8HMS9|A0A8B8HMS9_VANTA Neuronal acetylcholine receptor subunit beta-3-like OS=Vanessa tameamea OX=334116 GN=LOC113392542 PE=4 SV=2	TrEMBL	g14449	A0A8B8HMS9	6
g16852.t1	tr|A0A194QYN7|A0A194QYN7_PAPMA	50.577	520	553	536	92	2.7999999999999998e-176	517.0	tr|A0A194QYN7|A0A194QYN7_PAPMA Venom carboxylesterase-6 OS=Papilio machaon OX=76193 GN=RR48_06361 PE=4 SV=1	TrEMBL	g16852	A0A194QYN7	3
g4082.t1	tr|A0ACC2RAZ5|A0ACC2RAZ5_9NEOP	78.443	334	334	332	100	0.0	516.0	Lipase domain-containing protein OS=Mythimna loreyi OX=667449 GN=PYW08_007162 PE=3 SV=1	TrEMBL	g4082	A0ACC2RAZ5	5
g1541.t1	tr|A0A7E5VXM7|A0A7E5VXM7_TRINI	64.55	378	380	382	99	0.0	516.0	CLIP domain-containing serine protease OS=Trichoplusia ni OX=7111 GN=LOC113497498 PE=3 SV=1	TrEMBL	g1541	A0A7E5VXM7	6
g15120.t1	tr|A0A4C1XM90|A0A4C1XM90_EUMVA	63.78	381	393	562	96	6.41e-178	516.0	tr|A0A4C1XM90|A0A4C1XM90_EUMVA Cytochrome P450 CYP12A2 OS=Eumeta variegata OX=151549 GN=CYP12A2 PE=3 SV=1	TrEMBL	g15120	A0A4C1XM90	6
g16852.t1	tr|A0AAV1K881|A0AAV1K881_9NEOP	50.375	534	553	536	95	4.73e-176	516.0	tr|A0AAV1K881|A0AAV1K881_9NEOP Carboxylic ester hydrolase OS=Parnassius mnemosyne OX=213953 GN=PARMNEM_LOCUS251 PE=3 SV=1	TrEMBL	g16852	A0AAV1K881	4
g4082.t1	tr|A0A9R0EN30|A0A9R0EN30_SPOFR	76.647	334	334	331	100	0.0	515.0	Pancreatic triacylglycerol lipase isoform X2 OS=Spodoptera frugiperda OX=7108 GN=LOC118273213 PE=3 SV=1	TrEMBL	g4082	A0A9R0EN30	6
g4086.t1	tr|A0A9R0EN30|A0A9R0EN30_SPOFR	75.749	334	334	331	100	0.0	515.0	Pancreatic triacylglycerol lipase isoform X2 OS=Spodoptera frugiperda OX=7108 GN=LOC118273213 PE=3 SV=1	TrEMBL	g4086	A0A9R0EN30	3
g4086.t1	tr|A0A9J7IQH8|A0A9J7IQH8_SPOLT	75.15	334	334	331	100	0.0	515.0	Pancreatic triacylglycerol lipase-like OS=Spodoptera litura OX=69820 GN=LOC111353469 PE=3 SV=1	TrEMBL	g4086	A0A9J7IQH8	4
g4082.t1	tr|A0A6J1WSP9|A0A6J1WSP9_GALME	74.551	334	334	332	100	0.0	515.0	Pancreatic triacylglycerol lipase-like OS=Galleria mellonella OX=7137 GN=LOC113518126 PE=3 SV=2	TrEMBL	g4082	A0A6J1WSP9	7
g1541.t1	tr|O77102|O77102_MANSE	64.151	371	380	383	98	0.0	515.0	CLIP domain-containing serine protease OS=Manduca sexta OX=7130 GN=PPAE PE=2 SV=1	TrEMBL	g1541	O77102	7
g4086.t1	tr|A0A9P0I1N4|A0A9P0I1N4_SPOLI	74.85	334	334	331	100	0.0	514.0	Lipase domain-containing protein OS=Spodoptera littoralis OX=7109 GN=SPLIT_LOCUS4936 PE=3 SV=1	TrEMBL	g4086	A0A9P0I1N4	5
g3537.t1	tr|A0A6J1W742|A0A6J1W742_GALME	61.111	396	396	400	100	4.19e-180	514.0	Serine protease inhibitor 77Ba-like OS=Galleria mellonella OX=7137 GN=LOC113509391 PE=3 SV=1		g3537	A0A6J1W742	3
g4083.t1	tr|A0A4C1TFB7|A0A4C1TFB7_EUMVA	78.049	328	336	339	98	0.0	514.0	Pancreatic triacylglycerol lipase OS=Eumeta variegata OX=151549 GN=PNLIP PE=3 SV=1	TrEMBL	g4083	A0A4C1TFB7	6
g14449.t1	tr|A0A835GLL9|A0A835GLL9_SPOEX	60.0	410	436	412	93	3.56e-178	513.0	tr|A0A835GLL9|A0A835GLL9_SPOEX Neurotransmitter-gated ion-channel ligand-binding domain-containing protein OS=Spodoptera exigua OX=7107 GN=HW555_004187 PE=4 SV=1	TrEMBL	g14449	A0A835GLL9	7
g4086.t1	tr|A0ACC2R9I6|A0ACC2R9I6_9NEOP	73.952	334	334	332	100	0.0	512.0	Lipase domain-containing protein OS=Mythimna loreyi OX=667449 GN=PYW08_007163 PE=3 SV=1	TrEMBL	g4086	A0ACC2R9I6	6
g3537.t1	tr|A0A6J2KFC9|A0A6J2KFC9_BOMMA	60.606	396	396	395	100	2.6200000000000004e-179	512.0	Serine protease inhibitor 77Ba-like OS=Bombyx mandarina OX=7092 GN=LOC114250096 PE=3 SV=1		g3537	A0A6J2KFC9	4
g1541.t1	tr|A0A7E5VX02|A0A7E5VX02_TRINI	64.38	379	380	383	99	6.669999999999999e-180	512.0	CLIP domain-containing serine protease OS=Trichoplusia ni OX=7111 GN=LOC113497498 PE=3 SV=1	TrEMBL	g1541	A0A7E5VX02	8
g16852.t1	tr|A0A194PD51|A0A194PD51_PAPXU	48.78	533	553	536	95	2.8e-174	512.0	tr|A0A194PD51|A0A194PD51_PAPXU Carboxylesterase 4A OS=Papilio xuthus OX=66420 GN=RR46_14666 PE=4 SV=1	TrEMBL	g16852	A0A194PD51	5
g4086.t1	tr|I3QC12|I3QC12_HELAM	73.952	334	334	332	100	0.0	511.0	Neutral lipase OS=Helicoverpa armigera OX=29058 GN=Lipn009 PE=2 SV=1	TrEMBL	g4086	I3QC12	7
g2210.t1	tr|A0ABN8IKT8|A0ABN8IKT8_9NEOP	60.925	389	394	394	99	3.7900000000000004e-179	511.0	Venom serine protease 34 (Fragment) OS=Iphiclides podalirius OX=110791 GN=IPOD504_LOCUS10188 PE=3 SV=1	TrEMBL	g2210	A0ABN8IKT8	1
g15120.t1	tr|A0ABM3LFY7|A0ABM3LFY7_BICAN	60.101	396	393	510	99	2.82e-176	510.0	tr|A0ABM3LFY7|A0ABM3LFY7_BICAN Cytochrome P450 CYP12A2-like OS=Bicyclus anynana OX=110368 GN=LOC128198159 PE=3 SV=1	TrEMBL	g15120	A0ABM3LFY7	7
g2210.t1	tr|Q6R559|Q6R559_OSTNU	60.051	393	394	395	99	9.75e-179	510.0	Trypsin-like proteinase T2a OS=Ostrinia nubilalis OX=29057 PE=2 SV=2	TrEMBL	g2210	Q6R559	2
g4085.t1	tr|A0A4C1TFB7|A0A4C1TFB7_EUMVA	75.305	328	336	339	98	2.1699999999999997e-180	510.0	Pancreatic triacylglycerol lipase OS=Eumeta variegata OX=151549 GN=PNLIP PE=3 SV=1	TrEMBL	g4085	A0A4C1TFB7	6
g152.t1	tr|A0A4C1VEI9|A0A4C1VEI9_EUMVA	96.484	256	256	286	100	0.0	509.0	Sex peptide receptor OS=Eumeta variegata OX=151549 GN=SPR PE=3 SV=1	TrEMBL	g152	A0A4C1VEI9	1
g4086.t1	tr|A0A6J1WSP9|A0A6J1WSP9_GALME	74.251	334	334	332	100	2.2799999999999997e-180	509.0	Pancreatic triacylglycerol lipase-like OS=Galleria mellonella OX=7137 GN=LOC113518126 PE=3 SV=2	TrEMBL	g4086	A0A6J1WSP9	8
g3537.t1	tr|A0A0M5KHD7|A0A0M5KHD7_BOMMA	60.606	396	396	395	100	2.14e-178	509.0	Serpin 5 OS=Bombyx mandarina OX=7092 PE=2 SV=1		g3537	A0A0M5KHD7	5
g6193.t1	tr|A0A8S3X7C9|A0A8S3X7C9_PARAO	56.145	415	415	408	100	1.06e-177	509.0	Zinc carboxypeptidase A 1 OS=Parnassius apollo OX=110799 GN=PAPOLLO_LOCUS14493 PE=3 SV=1	TrEMBL	g6193	A0A8S3X7C9	5
g1541.t1	tr|A0A8R2DLP9|A0A8R2DLP9_BOMMO	64.38	379	380	382	99	1.61e-178	509.0	CLIP domain-containing serine protease OS=Bombyx mori OX=7091 PE=3 SV=1	TrEMBL	g1541	A0A8R2DLP9	9
g3537.t1	tr|A0ABQ7PVA7|A0ABQ7PVA7_PLUXY	61.637	391	396	397	99	2.89e-178	509.0	Serpin domain-containing protein OS=Plutella xylostella OX=51655 GN=JYU34_020582 PE=3 SV=1		g3537	A0ABQ7PVA7	6
g15120.t1	tr|A0A7D5UMU2|A0A7D5UMU2_9NEOP	60.506	395	393	508	99	3.7399999999999995e-176	509.0	tr|A0A7D5UMU2|A0A7D5UMU2_9NEOP Cytochrome P450 26 OS=Streltzoviella insularis OX=1206366 PE=2 SV=1	TrEMBL	g15120	A0A7D5UMU2	8
g1541.t1	tr|A0A6J2K7Q8|A0A6J2K7Q8_BOMMA	64.38	379	380	382	99	3.53e-178	508.0	CLIP domain-containing serine protease OS=Bombyx mandarina OX=7092 GN=LOC114248802 PE=3 SV=1	TrEMBL	g1541	A0A6J2K7Q8	10
g16852.t1	tr|A0A5E4R6I5|A0A5E4R6I5_9NEOP	47.94	534	553	540	94	1.79e-172	508.0	tr|A0A5E4R6I5|A0A5E4R6I5_9NEOP Carboxylic ester hydrolase OS=Leptidea sinapis OX=189913 GN=LSINAPIS_LOCUS15587 PE=3 SV=1	TrEMBL	g16852	A0A5E4R6I5	6
g14449.t1	tr|A0ABN8IYX2|A0ABN8IYX2_9NEOP	58.105	401	436	422	90	3.1199999999999998e-176	508.0	tr|A0ABN8IYX2|A0ABN8IYX2_9NEOP Neurotransmitter-gated ion-channel ligand-binding domain-containing protein (Fragment) OS=Iphiclides podalirius OX=110791 GN=IPOD504_LOCUS14393 PE=4 SV=1	TrEMBL	g14449	A0ABN8IYX2	8
g4082.t1	tr|A0A9J7IQH8|A0A9J7IQH8_SPOLT	75.15	334	334	331	100	3.59e-179	506.0	Pancreatic triacylglycerol lipase-like OS=Spodoptera litura OX=69820 GN=LOC111353469 PE=3 SV=1	TrEMBL	g4082	A0A9J7IQH8	8
g3537.t1	tr|A0A8R1TAK6|A0A8R1TAK6_BOMMO	60.101	396	396	395	100	4.15e-177	506.0	Uncharacterized protein OS=Bombyx mori OX=7091 GN=692688 PE=4 SV=1		g3537	A0A8R1TAK6	7
g3537.t1	tr|Q6Q2D5|Q6Q2D5_BOMMO	60.101	396	396	395	100	4.15e-177	506.0	Serpin-5 OS=Bombyx mori OX=7091 PE=2 SV=1		g3537	Q6Q2D5	8
g15120.t1	tr|A0A8S4RGP2|A0A8S4RGP2_9NEOP	58.942	397	393	510	100	5.38e-175	506.0	tr|A0A8S4RGP2|A0A8S4RGP2_9NEOP Jg27473 protein OS=Pararge aegeria aegeria OX=348720 GN=jg27473 PE=3 SV=1	TrEMBL	g15120	A0A8S4RGP2	9
g2210.t1	tr|Q6R558|Q6R558_OSTNU	59.542	393	394	395	99	3.12e-177	506.0	Trypsin-like proteinase T2b OS=Ostrinia nubilalis OX=29057 PE=2 SV=2	TrEMBL	g2210	Q6R558	3
g4084.t1	tr|A0A4C1TFB7|A0A4C1TFB7_EUMVA	75.0	328	336	339	98	5.660000000000001e-179	506.0	Pancreatic triacylglycerol lipase OS=Eumeta variegata OX=151549 GN=PNLIP PE=3 SV=1	TrEMBL	g4084	A0A4C1TFB7	6
g16852.t1	tr|A0A9N9R8V4|A0A9N9R8V4_9NEOP	49.245	530	553	534	93	4.3999999999999996e-172	506.0	tr|A0A9N9R8V4|A0A9N9R8V4_9NEOP Carboxylic ester hydrolase OS=Diatraea saccharalis OX=40085 GN=DIATSA_LOCUS9426 PE=3 SV=1	TrEMBL	g16852	A0A9N9R8V4	7
g14449.t1	tr|A0A9J7EFL6|A0A9J7EFL6_SPOLT	61.421	394	436	430	89	1.62e-175	506.0	tr|A0A9J7EFL6|A0A9J7EFL6_SPOLT Neuronal acetylcholine receptor subunit alpha-5-like OS=Spodoptera litura OX=69820 GN=LOC111357358 PE=4 SV=1	TrEMBL	g14449	A0A9J7EFL6	9
g4086.t1	tr|A0A9R0DVT5|A0A9R0DVT5_SPOFR	73.653	334	334	331	100	1.43e-178	505.0	Pancreatic triacylglycerol lipase-like OS=Spodoptera frugiperda OX=7108 GN=LOC118273259 PE=3 SV=1	TrEMBL	g4086	A0A9R0DVT5	9
g4086.t1	tr|A0A9J7IRC5|A0A9J7IRC5_SPOLT	73.353	334	334	331	100	1.03e-178	505.0	Pancreatic triacylglycerol lipase-like OS=Spodoptera litura OX=69820 GN=LOC111353471 PE=3 SV=1	TrEMBL	g4086	A0A9J7IRC5	10
g14449.t1	tr|A0A9P0N8C5|A0A9P0N8C5_SPOLI	60.859	396	436	468	89	2.78e-174	505.0	tr|A0A9P0N8C5|A0A9P0N8C5_SPOLI Neurotransmitter-gated ion-channel ligand-binding domain-containing protein OS=Spodoptera littoralis OX=7109 GN=SPLIT_LOCUS8861 PE=4 SV=1	TrEMBL	g14449	A0A9P0N8C5	10
g4082.t1	tr|A0AAD8DZL4|A0AAD8DZL4_MYTSE	77.246	334	334	332	100	2.17e-178	504.0	Lipase domain-containing protein OS=Mythimna separata OX=271217 GN=PYW07_007034 PE=3 SV=1	TrEMBL	g4082	A0AAD8DZL4	9
g4082.t1	tr|A0A9P0I1N4|A0A9P0I1N4_SPOLI	74.85	334	334	331	100	1.7e-178	504.0	Lipase domain-containing protein OS=Spodoptera littoralis OX=7109 GN=SPLIT_LOCUS4936 PE=3 SV=1	TrEMBL	g4082	A0A9P0I1N4	10
g15120.t1	tr|A0A6J1P1G8|A0A6J1P1G8_BICAN	58.186	397	393	508	100	3.25e-174	504.0	tr|A0A6J1P1G8|A0A6J1P1G8_BICAN Cytochrome P450 CYP12A2 isoform X1 OS=Bicyclus anynana OX=110368 GN=LOC112055283 PE=3 SV=2	TrEMBL	g15120	A0A6J1P1G8	10
g6193.t1	tr|A0A2W1BU55|A0A2W1BU55_HELAM	56.436	404	415	693	97	1.37e-171	504.0	Zinc carboxypeptidase A 1 OS=Helicoverpa armigera OX=29058 GN=HaOG206505 PE=3 SV=1	TrEMBL	g6193	A0A2W1BU55	6
g16852.t1	tr|A0A8S3XEY7|A0A8S3XEY7_PARAO	49.348	537	553	540	95	3.0699999999999997e-171	504.0	tr|A0A8S3XEY7|A0A8S3XEY7_PARAO Carboxylic ester hydrolase OS=Parnassius apollo OX=110799 GN=PAPOLLO_LOCUS15359 PE=3 SV=1	TrEMBL	g16852	A0A8S3XEY7	8
g16852.t1	tr|A0A8R1XPC3|A0A8R1XPC3_BOMMO	47.409	521	553	531	93	3.86e-171	504.0	tr|A0A8R1XPC3|A0A8R1XPC3_BOMMO Uncharacterized protein OS=Bombyx mori OX=7091 GN=101743505 PE=4 SV=1	TrEMBL	g16852	A0A8R1XPC3	9
g16852.t1	tr|H9IUE5|H9IUE5_BOMMO	47.409	521	553	531	93	3.86e-171	504.0	tr|H9IUE5|H9IUE5_BOMMO Carboxylesterase ae18 OS=Bombyx mori OX=7091 PE=2 SV=1	TrEMBL	g16852	H9IUE5	10
g18520.t1	tr|A0A4C1T8G7|A0A4C1T8G7_EUMVA	89.13	276	276	276	100	2.36e-179	503.0	tr|A0A4C1T8G7|A0A4C1T8G7_EUMVA Chymotrypsin-2 OS=Eumeta variegata OX=151549 GN=EVAR_6336_1 PE=3 SV=1	TrEMBL	g18520	A0A4C1T8G7	1
g3537.t1	tr|A0A9J7EXK8|A0A9J7EXK8_SPOLT	60.051	393	396	395	99	8.21e-176	503.0	Serine protease inhibitor 77Ba-like OS=Spodoptera litura OX=69820 GN=LOC111364768 PE=3 SV=1		g3537	A0A9J7EXK8	9
g1470.t1	tr|A0ACC0KZN9|A0ACC0KZN9_CHOFU	40.93	860	1346	2120	98	2.51e-147	503.0	Chitin-binding type-2 domain-containing protein (Fragment) OS=Choristoneura fumiferana OX=7141 GN=MSG28_015198 PE=3 SV=1	TrEMBL	g1470	A0ACC0KZN9	6
g3537.t1	tr|A0A2H1VIL1|A0A2H1VIL1_SPOFR	60.051	393	396	395	99	2.48e-175	502.0	Serine protease inhibitor 77Ba OS=Spodoptera frugiperda OX=7108 GN=LOC118279277 PE=3 SV=1		g3537	A0A2H1VIL1	10
g2210.t1	tr|A0A8S3Y532|A0A8S3Y532_PARAO	58.442	385	394	1127	98	1.39e-165	501.0	(apollo) hypothetical protein OS=Parnassius apollo OX=110799 GN=PAPOLLO_LOCUS24599 PE=3 SV=1	TrEMBL	g2210	A0A8S3Y532	4
g14161.t1	tr|A0A4C1V3Y5|A0A4C1V3Y5_EUMVA	55.172	435	437	933	93	1.3700000000000002e-166	501.0	tr|A0A4C1V3Y5|A0A4C1V3Y5_EUMVA Modular serine protease OS=Eumeta variegata OX=151549 GN=modSP PE=4 SV=1	TrEMBL	g14161	A0A4C1V3Y5	2
g2210.t1	tr|A0A194Q5T1|A0A194Q5T1_PAPXU	57.995	419	394	501	98	3.72e-173	500.0	Venom serine protease 34 OS=Papilio xuthus OX=66420 GN=RR46_07553 PE=3 SV=1	TrEMBL	g2210	A0A194Q5T1	5
g19136.t1	tr|A0ACC2Q6H2|A0ACC2Q6H2_9NEOP	54.241	507	538	510	94	3.65e-169	498.0	tr|A0ACC2Q6H2|A0ACC2Q6H2_9NEOP Cytosol aminopeptidase domain-containing protein OS=Mythimna loreyi OX=667449 GN=PYW08_009464 PE=3 SV=1	TrEMBL	g19136	A0ACC2Q6H2	5
g6193.t1	tr|A0A921ZB13|A0A921ZB13_MANSE	54.94	415	415	415	100	2.3099999999999998e-172	496.0	Zinc carboxypeptidase A 1 OS=Manduca sexta OX=7130 GN=O3G_MSEX008834 PE=3 SV=1	TrEMBL	g6193	A0A921ZB13	7
g6193.t1	tr|A0A9P0I2N8|A0A9P0I2N8_SPOLI	54.699	415	415	417	100	2.5599999999999997e-172	496.0	Zinc carboxypeptidase A 1 OS=Spodoptera littoralis OX=7109 GN=SPLIT_LOCUS3248 PE=3 SV=1	TrEMBL	g6193	A0A9P0I2N8	8
g6193.t1	tr|A0A9J7IKC6|A0A9J7IKC6_SPOLT	53.976	415	415	417	100	7.23e-171	492.0	Zinc carboxypeptidase A 1 OS=Spodoptera litura OX=69820 GN=LOC111350516 PE=3 SV=1	TrEMBL	g6193	A0A9J7IKC6	9
g6193.t1	tr|A0A194PGK0|A0A194PGK0_PAPXU	53.528	411	415	411	99	2.7e-170	490.0	Zinc carboxypeptidase A 1 OS=Papilio xuthus OX=66420 GN=RR46_13379 PE=3 SV=1	TrEMBL	g6193	A0A194PGK0	10
g19136.t1	tr|A0A7E5WVD4|A0A7E5WVD4_TRINI	52.372	506	538	510	93	2.79e-166	490.0	tr|A0A7E5WVD4|A0A7E5WVD4_TRINI Aminopeptidase W07G4.4 OS=Trichoplusia ni OX=7111 GN=LOC113506144 PE=3 SV=1	TrEMBL	g19136	A0A7E5WVD4	6
g2210.t1	tr|A0AAV1L8E0|A0AAV1L8E0_9NEOP	58.701	385	394	403	98	6.15e-169	486.0	Venom serine protease 34 OS=Parnassius mnemosyne OX=213953 GN=PARMNEM_LOCUS11508 PE=4 SV=1	TrEMBL	g2210	A0AAV1L8E0	6
g1470.t1	tr|A0AAD7Y744|A0AAD7Y744_MYTSE	36.79	916	1346	863	97	1.62e-150	486.0	Chitin-binding type-2 domain-containing protein OS=Mythimna separata OX=271217 GN=PYW07_011871 PE=4 SV=1	TrEMBL	g1470	A0AAD7Y744	7
g1470.t1	tr|A0ACC0KYI9|A0ACC0KYI9_CHOFU	39.185	883	1346	1644	96	1.22e-143	486.0	Chitin-binding type-2 domain-containing protein (Fragment) OS=Choristoneura fumiferana OX=7141 GN=MSG28_015198 PE=4 SV=1	TrEMBL	g1470	A0ACC0KYI9	8
g1470.t1	tr|A0ACC0KZ94|A0ACC0KZ94_CHOFU	39.185	883	1346	1776	96	5.46e-143	486.0	Chitin-binding type-2 domain-containing protein (Fragment) OS=Choristoneura fumiferana OX=7141 GN=MSG28_015198 PE=4 SV=1	TrEMBL	g1470	A0ACC0KZ94	9
g14161.t1	tr|A0A4C1VE94|A0A4C1VE94_EUMVA	53.54	452	437	519	99	1.44e-165	485.0	tr|A0A4C1VE94|A0A4C1VE94_EUMVA Modular serine protease OS=Eumeta variegata OX=151549 GN=modSP PE=4 SV=1	TrEMBL	g14161	A0A4C1VE94	3
g2210.t1	tr|A0ABR3HA61|A0ABR3HA61_LOXSC	57.143	385	394	397	97	1.7299999999999998e-168	484.0	Venom serine protease 34 OS=Loxostege sticticalis OX=481309 GN=ABMA27_009167 PE=4 SV=1	TrEMBL	g2210	A0ABR3HA61	7
g19136.t1	tr|A0A9P0BUE1|A0A9P0BUE1_CHRIL	54.743	506	538	509	93	4.84e-164	484.0	tr|A0A9P0BUE1|A0A9P0BUE1_CHRIL Cytosol aminopeptidase domain-containing protein OS=Chrysodeixis includens OX=689277 GN=CINC_LOCUS7894 PE=3 SV=1	TrEMBL	g19136	A0A9P0BUE1	7
g2210.t1	tr|A0A2W1BGC0|A0A2W1BGC0_HELAM	58.883	394	394	394	100	3.61e-168	483.0	Venom serine protease 34 OS=Helicoverpa armigera OX=29058 GN=HaOG200391 PE=4 SV=1	TrEMBL	g2210	A0A2W1BGC0	8
g19136.t1	tr|A0ACC0JH08|A0ACC0JH08_CHOFU	53.831	509	538	508	94	2.6100000000000004e-163	483.0	tr|A0ACC0JH08|A0ACC0JH08_CHOFU Cytosol aminopeptidase domain-containing protein OS=Choristoneura fumiferana OX=7141 GN=MSG28_014374 PE=3 SV=1	TrEMBL	g19136	A0ACC0JH08	8
g19136.t1	tr|A0ACC0JH04|A0ACC0JH04_CHOFU	53.831	509	538	508	94	2.6100000000000004e-163	483.0	tr|A0ACC0JH04|A0ACC0JH04_CHOFU Cytosol aminopeptidase domain-containing protein OS=Choristoneura fumiferana OX=7141 GN=MSG28_014374 PE=3 SV=1	TrEMBL	g19136	A0ACC0JH04	9
g4083.t1	tr|I3QC04|I3QC04_HELAM	73.214	336	336	332	100	5.680000000000001e-169	481.0	Neutral lipase OS=Helicoverpa armigera OX=29058 GN=Lipn001 PE=2 SV=1	TrEMBL	g4083	I3QC04	7
g19136.t1	tr|A0ABR3ILS9|A0ABR3ILS9_LOXSC	52.941	510	538	511	94	4.57e-162	479.0	tr|A0ABR3ILS9|A0ABR3ILS9_LOXSC Cytosol aminopeptidase domain-containing protein OS=Loxostege sticticalis OX=481309 GN=ABMA27_007158 PE=3 SV=1	TrEMBL	g19136	A0ABR3ILS9	10
g6292.t1	tr|Q5MPC6|Q5MPC6_MANSE	63.793	348	348	371	99	9.08e-167	477.0	CLIP domain-containing serine protease OS=Manduca sexta OX=7130 PE=2 SV=1	TrEMBL	g6292	Q5MPC6	2
g16396.t1	tr|A0ABN8J582|A0ABN8J582_9NEOP	75.235	319	334	439	94	2.53e-165	477.0	tr|A0ABN8J582|A0ABN8J582_9NEOP Retinoid-inducible serine carboxypeptidase (Fragment) OS=Iphiclides podalirius OX=110791 GN=IPOD504_LOCUS17160 PE=3 SV=1	TrEMBL	g16396	A0ABN8J582	1
g6292.t1	tr|A0A921ZW57|A0A921ZW57_MANSE	63.793	348	348	371	99	2.0900000000000002e-166	476.0	CLIP domain-containing serine protease OS=Manduca sexta OX=7130 GN=O3G_MSEX014633 PE=3 SV=1	TrEMBL	g6292	A0A921ZW57	3
g4083.t1	tr|A0A9J7IQH8|A0A9J7IQH8_SPOLT	72.321	336	336	331	100	1.1e-166	475.0	Pancreatic triacylglycerol lipase-like OS=Spodoptera litura OX=69820 GN=LOC111353469 PE=3 SV=1	TrEMBL	g4083	A0A9J7IQH8	8
g2210.t1	tr|A0ACF8LV04|A0ACF8LV04_9NEOP	56.122	392	394	399	99	8.469999999999999e-165	475.0	Uncharacterized protein OS=Scirpophaga incertulas OX=72366 GN=ACJJTC_015864 PE=4 SV=1	TrEMBL	g2210	A0ACF8LV04	9
g16396.t1	tr|A0AAV1M1M5|A0AAV1M1M5_9NEOP	74.922	319	334	439	94	1.16e-164	475.0	tr|A0AAV1M1M5|A0AAV1M1M5_9NEOP Retinoid-inducible serine carboxypeptidase OS=Parnassius mnemosyne OX=213953 GN=PARMNEM_LOCUS19870 PE=3 SV=1	TrEMBL	g16396	A0AAV1M1M5	2
g4083.t1	tr|A0A9P0I1N4|A0A9P0I1N4_SPOLI	72.024	336	336	331	100	2.4600000000000003e-166	474.0	Lipase domain-containing protein OS=Spodoptera littoralis OX=7109 GN=SPLIT_LOCUS4936 PE=3 SV=1	TrEMBL	g4083	A0A9P0I1N4	9
g4085.t1	tr|A0A9J7IQH8|A0A9J7IQH8_SPOLT	69.048	336	336	331	100	1.49e-166	474.0	Pancreatic triacylglycerol lipase-like OS=Spodoptera litura OX=69820 GN=LOC111353469 PE=3 SV=1	TrEMBL	g4085	A0A9J7IQH8	7
g4085.t1	tr|A0A9P0I1N4|A0A9P0I1N4_SPOLI	68.75	336	336	331	100	2.7200000000000004e-166	474.0	Lipase domain-containing protein OS=Spodoptera littoralis OX=7109 GN=SPLIT_LOCUS4936 PE=3 SV=1	TrEMBL	g4085	A0A9P0I1N4	8
g1470.t1	tr|A0ACC0KYU9|A0ACC0KYU9_CHOFU	41.963	815	1346	1659	96	3.1699999999999998e-139	474.0	Chitin-binding type-2 domain-containing protein OS=Choristoneura fumiferana OX=7141 GN=MSG28_015198 PE=4 SV=1	TrEMBL	g1470	A0ACC0KYU9	10
g4085.t1	tr|I3QC04|I3QC04_HELAM	69.643	336	336	332	100	9.930000000000001e-166	473.0	Neutral lipase OS=Helicoverpa armigera OX=29058 GN=Lipn001 PE=2 SV=1	TrEMBL	g4085	I3QC04	9
g14161.t1	tr|A0ABR3GZ83|A0ABR3GZ83_LOXSC	54.214	439	437	670	99	8.49e-159	473.0	tr|A0ABR3GZ83|A0ABR3GZ83_LOXSC Peptidase S1 domain-containing protein OS=Loxostege sticticalis OX=481309 GN=ABMA27_012616 PE=4 SV=1	TrEMBL	g14161	A0ABR3GZ83	4
g152.t1	tr|A0ACF8LDP0|A0ACF8LDP0_9NEOP	87.795	254	256	379	99	3.0300000000000003e-166	472.0	Uncharacterized protein OS=Scirpophaga incertulas OX=72366 GN=ACJJTC_004376 PE=4 SV=1	TrEMBL	g152	A0ACF8LDP0	2
g2210.t1	tr|A0A9P0BUX5|A0A9P0BUX5_CHRIL	56.599	394	394	403	99	2.2200000000000003e-163	472.0	Venom serine protease 34 OS=Chrysodeixis includens OX=689277 GN=CINC_LOCUS7393 PE=4 SV=1	TrEMBL	g2210	A0A9P0BUX5	10
g152.t1	tr|A0ABD0TGC7|A0ABD0TGC7_LOXSC	87.795	254	256	375	99	4.5600000000000005e-166	471.0	G-protein coupled receptors family 1 profile domain-containing protein OS=Loxostege sticticalis OX=481309 GN=ABMA27_014050 PE=3 SV=1	TrEMBL	g152	A0ABD0TGC7	3
g152.t1	tr|A0ABD0TGC9|A0ABD0TGC9_LOXSC	87.795	254	256	383	99	7.690000000000001e-166	471.0	G-protein coupled receptors family 1 profile domain-containing protein OS=Loxostege sticticalis OX=481309 GN=ABMA27_014050 PE=3 SV=1	TrEMBL	g152	A0ABD0TGC9	4
g16396.t1	tr|A0A8S3WR82|A0A8S3WR82_PARAO	71.642	335	334	439	99	3.61e-163	471.0	tr|A0A8S3WR82|A0A8S3WR82_PARAO Retinoid-inducible serine carboxypeptidase OS=Parnassius apollo OX=110799 GN=PAPOLLO_LOCUS8545 PE=3 SV=1	TrEMBL	g16396	A0A8S3WR82	3
g2100.t1	tr|A0AAU9V8K1|A0AAU9V8K1_EUPED	69.745	314	319	342	98	3.18e-165	471.0	Lipase domain-containing protein OS=Euphydryas editha OX=104508 GN=EEDITHA_LOCUS20244 PE=3 SV=1	TrEMBL	g2100	A0AAU9V8K1	2
g2100.t1	tr|A0A5E4PKU3|A0A5E4PKU3_9NEOP	67.093	313	319	340	98	2.9199999999999997e-165	471.0	Lipase domain-containing protein OS=Leptidea sinapis OX=189913 GN=LSINAPIS_LOCUS375 PE=3 SV=1	TrEMBL	g2100	A0A5E4PKU3	3
g16396.t1	tr|A0A921ZGP4|A0A921ZGP4_MANSE	72.086	326	334	375	96	7.620000000000001e-164	471.0	tr|A0A921ZGP4|A0A921ZGP4_MANSE Retinoid-inducible serine carboxypeptidase OS=Manduca sexta OX=7130 GN=O3G_MSEX009850 PE=3 SV=1	TrEMBL	g16396	A0A921ZGP4	4
g152.t1	tr|A0ABR3ICI2|A0ABR3ICI2_LOXSC	87.795	254	256	333	99	3.64e-166	470.0	G-protein coupled receptors family 1 profile domain-containing protein OS=Loxostege sticticalis OX=481309 GN=ABMA27_014050 PE=3 SV=1	TrEMBL	g152	A0ABR3ICI2	5
g14161.t1	tr|A0AAD7Y5N7|A0AAD7Y5N7_MYTSE	53.44	436	437	664	99	7.52e-158	470.0	tr|A0AAD7Y5N7|A0AAD7Y5N7_MYTSE Modular serine protease-like OS=Mythimna separata OX=271217 GN=PYW07_013064 PE=4 SV=1	TrEMBL	g14161	A0AAD7Y5N7	5
g4085.t1	tr|A0A4C1TG46|A0A4C1TG46_EUMVA	72.289	332	336	326	96	6.92e-165	470.0	Lipoprotein lipase OS=Eumeta variegata OX=151549 GN=LPL PE=3 SV=1	TrEMBL	g4085	A0A4C1TG46	10
g4083.t1	tr|A0A9R0EN30|A0A9R0EN30_SPOFR	72.619	336	336	331	100	1.2500000000000001e-164	469.0	Pancreatic triacylglycerol lipase isoform X2 OS=Spodoptera frugiperda OX=7108 GN=LOC118273213 PE=3 SV=1	TrEMBL	g4083	A0A9R0EN30	10
g4084.t1	tr|I3QC04|I3QC04_HELAM	69.94	336	336	332	100	1.48e-164	469.0	Neutral lipase OS=Helicoverpa armigera OX=29058 GN=Lipn001 PE=2 SV=1	TrEMBL	g4084	I3QC04	7
g6292.t1	tr|A0A6J1X3N4|A0A6J1X3N4_GALME	64.103	351	348	368	99	1.08e-163	469.0	CLIP domain-containing serine protease OS=Galleria mellonella OX=7137 GN=LOC113519642 PE=3 SV=2	TrEMBL	g6292	A0A6J1X3N4	4
g152.t1	tr|A0A921YP56|A0A921YP56_MANSE	86.614	254	256	376	99	1.7700000000000002e-164	468.0	G-protein coupled receptors family 1 profile domain-containing protein OS=Manduca sexta OX=7130 GN=O3G_MSEX002444 PE=3 SV=1	TrEMBL	g152	A0A921YP56	6
g152.t1	tr|A0A921YNF1|A0A921YNF1_MANSE	86.614	254	256	375	99	1.8e-164	468.0	G-protein coupled receptors family 1 profile domain-containing protein OS=Manduca sexta OX=7130 GN=O3G_MSEX002444 PE=3 SV=1	TrEMBL	g152	A0A921YNF1	7
g2100.t1	tr|A0A6J1WEN0|A0A6J1WEN0_GALME	67.732	313	319	342	98	4.54e-164	468.0	Phospholipase A1 VesT1.02-like OS=Galleria mellonella OX=7137 GN=LOC113512196 PE=3 SV=2	TrEMBL	g2100	A0A6J1WEN0	4
g16396.t1	tr|A0A922CSE3|A0A922CSE3_MANSE	72.086	326	334	438	96	5.13e-162	468.0	tr|A0A922CSE3|A0A922CSE3_MANSE Retinoid-inducible serine carboxypeptidase OS=Manduca sexta OX=7130 GN=O3G_MSEX009850 PE=3 SV=1	TrEMBL	g16396	A0A922CSE3	5
g152.t1	tr|A0ABN8L7V2|A0ABN8L7V2_CHISP	86.22	254	256	376	99	2.57e-164	467.0	G-protein coupled receptors family 1 profile domain-containing protein OS=Chilo suppressalis OX=168631 GN=CHILSU_LOCUS9819 PE=3 SV=1	TrEMBL	g152	A0ABN8L7V2	8
g152.t1	tr|A0A0S1YD82|A0A0S1YD82_CHISP	85.882	255	256	375	99	2.08e-164	467.0	Neuropeptide receptor A13 OS=Chilo suppressalis OX=168631 GN=A13 PE=2 SV=1	TrEMBL	g152	A0A0S1YD82	9
g14161.t1	tr|A0AAV1KXS8|A0AAV1KXS8_9NEOP	51.025	439	437	734	99	1.07e-155	467.0	tr|A0AAV1KXS8|A0AAV1KXS8_9NEOP Modular serine protease-like OS=Parnassius mnemosyne OX=213953 GN=PARMNEM_LOCUS8544 PE=4 SV=1	TrEMBL	g14161	A0AAV1KXS8	6
g10898.t1	tr|A0A6J2K008|A0A6J2K008_BOMMA	50.993	453	454	452	99	2.01e-159	467.0	Retinoid-inducible serine carboxypeptidase-like OS=Bombyx mandarina OX=7092 GN=LOC114246131 PE=3 SV=1	TrEMBL	g10898	A0A6J2K008	2
g4084.t1	tr|A0A9J7IQH8|A0A9J7IQH8_SPOLT	69.345	336	336	331	100	2.0900000000000002e-163	466.0	Pancreatic triacylglycerol lipase-like OS=Spodoptera litura OX=69820 GN=LOC111353469 PE=3 SV=1	TrEMBL	g4084	A0A9J7IQH8	8
g4084.t1	tr|A0A9P0I1N4|A0A9P0I1N4_SPOLI	69.048	336	336	331	100	4.9100000000000006e-163	466.0	Lipase domain-containing protein OS=Spodoptera littoralis OX=7109 GN=SPLIT_LOCUS4936 PE=3 SV=1	TrEMBL	g4084	A0A9P0I1N4	9
g152.t1	tr|A0A921YQ20|A0A921YQ20_MANSE	86.614	254	256	316	99	8.31e-165	466.0	G-protein coupled receptors family 1 profile domain-containing protein OS=Manduca sexta OX=7130 GN=O3G_MSEX002444 PE=4 SV=1	TrEMBL	g152	A0A921YQ20	10
g14161.t1	tr|A0A9J7IKY8|A0A9J7IKY8_SPOLT	51.954	435	437	667	99	3.76e-156	466.0	tr|A0A9J7IKY8|A0A9J7IKY8_SPOLT Modular serine protease-like OS=Spodoptera litura OX=69820 GN=LOC111351339 PE=4 SV=1	TrEMBL	g14161	A0A9J7IKY8	7
g2100.t1	tr|A0A194RJQ0|A0A194RJQ0_PAPMA	68.371	313	319	343	98	3.5700000000000005e-163	466.0	Lipase member I OS=Papilio machaon OX=76193 GN=RR48_07152 PE=3 SV=1	TrEMBL	g2100	A0A194RJQ0	5
g6292.t1	tr|A0AAD8DV89|A0AAD8DV89_MYTSE	62.784	352	348	370	99	5.27e-162	465.0	CLIP domain-containing serine protease OS=Mythimna separata OX=271217 GN=PYW07_007945 PE=3 SV=1	TrEMBL	g6292	A0AAD8DV89	5
g14161.t1	tr|A0ACF8LQ58|A0ACF8LQ58_9NEOP	52.414	435	437	579	99	4.8900000000000004e-157	465.0	tr|A0ACF8LQ58|A0ACF8LQ58_9NEOP Uncharacterized protein OS=Scirpophaga incertulas OX=72366 GN=ACJJTC_002598 PE=4 SV=1	TrEMBL	g14161	A0ACF8LQ58	8
g14161.t1	tr|A0A9R0E639|A0A9R0E639_SPOFR	51.945	437	437	669	99	1.04e-155	465.0	tr|A0A9R0E639|A0A9R0E639_SPOFR Modular serine protease-like OS=Spodoptera frugiperda OX=7108 GN=LOC118278614 PE=4 SV=1	TrEMBL	g14161	A0A9R0E639	9
g10898.t1	tr|A0A8R1WHH7|A0A8R1WHH7_BOMMO	50.773	453	454	452	99	1.15e-158	465.0	Serine carboxypeptidase-like 51 OS=Bombyx mori OX=7091 PE=3 SV=1	TrEMBL	g10898	A0A8R1WHH7	3
g16396.t1	tr|A0ACC1CWP0|A0ACC1CWP0_9NEOP	71.166	326	334	439	96	7.98e-161	465.0	tr|A0ACC1CWP0|A0ACC1CWP0_9NEOP Retinoid-inducible serine carboxypeptidase OS=Dendrolimus kikuchii OX=765133 GN=K1T71_008851 PE=3 SV=1	TrEMBL	g16396	A0ACC1CWP0	6
g19654.t1	tr|A0A4C1Y749|A0A4C1Y749_EUMVA	87.5	264	260	264	100	3.4200000000000002e-164	464.0	tr|A0A4C1Y749|A0A4C1Y749_EUMVA Nuclear receptor-binding factor 2 OS=Eumeta variegata OX=151549 GN=Nrbf2 PE=4 SV=1	TrEMBL	g19654	A0A4C1Y749	1
g6292.t1	tr|A0A921ZVR5|A0A921ZVR5_MANSE	60.383	366	348	389	99	3.9100000000000006e-161	464.0	CLIP domain-containing serine protease OS=Manduca sexta OX=7130 GN=O3G_MSEX014633 PE=3 SV=1	TrEMBL	g6292	A0A921ZVR5	6
g14161.t1	tr|A0ACC2Q0M8|A0ACC2Q0M8_9NEOP	52.752	436	437	664	99	1.78e-155	464.0	tr|A0ACC2Q0M8|A0ACC2Q0M8_9NEOP Uncharacterized protein OS=Mythimna loreyi OX=667449 GN=PYW08_012542 PE=4 SV=1	TrEMBL	g14161	A0ACC2Q0M8	10
g17098.t1	tr|A0A4C1YDZ7|A0A4C1YDZ7_EUMVA	58.824	391	421	382	93	6.23e-160	464.0	tr|A0A4C1YDZ7|A0A4C1YDZ7_EUMVA CHK kinase-like domain-containing protein OS=Eumeta variegata OX=151549 GN=EVAR_48853_1 PE=4 SV=1	TrEMBL	g17098	A0A4C1YDZ7	2
g4084.t1	tr|A0ACC2R9I6|A0ACC2R9I6_9NEOP	69.94	336	336	332	100	4.44e-162	463.0	Lipase domain-containing protein OS=Mythimna loreyi OX=667449 GN=PYW08_007163 PE=3 SV=1	TrEMBL	g4084	A0ACC2R9I6	10
g6292.t1	tr|A0ACC2QG69|A0ACC2QG69_9NEOP	63.037	349	348	386	99	5.630000000000001e-161	463.0	CLIP domain-containing serine protease OS=Mythimna loreyi OX=667449 GN=PYW08_007599 PE=3 SV=1	TrEMBL	g6292	A0ACC2QG69	7
g2100.t1	tr|A0ABQ7QBD9|A0ABQ7QBD9_PLUXY	67.089	316	319	355	99	1.8300000000000002e-161	462.0	Lipase domain-containing protein OS=Plutella xylostella OX=51655 GN=JYU34_012449 PE=3 SV=1	TrEMBL	g2100	A0ABQ7QBD9	6
g6292.t1	tr|A0A2W1BN13|A0A2W1BN13_HELAM	62.817	355	348	376	99	7.47e-161	462.0	Uncharacterized protein OS=Helicoverpa armigera OX=29058 GN=HaOG206839 PE=4 SV=1	TrEMBL	g6292	A0A2W1BN13	8
g6292.t1	tr|A0A290U621|A0A290U621_HELAM	62.817	355	348	376	99	7.47e-161	462.0	CLIP domain-containing serine protease OS=Helicoverpa armigera OX=29058 PE=2 SV=1	TrEMBL	g6292	A0A290U621	9
g3535.t1	tr|A0A6J1MQH6|A0A6J1MQH6_BICAN	57.292	384	429	411	89	4.53e-159	462.0	Serine protease inhibitor 77Ba-like OS=Bicyclus anynana OX=110368 GN=LOC112043780 PE=3 SV=2		g3535	A0A6J1MQH6	2
g6292.t1	tr|A0A6J1WWN6|A0A6J1WWN6_GALME	61.813	364	348	381	99	2.8400000000000003e-160	461.0	CLIP domain-containing serine protease OS=Galleria mellonella OX=7137 GN=LOC113519642 PE=3 SV=2	TrEMBL	g6292	A0A6J1WWN6	10
g13775.t1	tr|A0A4C1WGE0|A0A4C1WGE0_EUMVA	96.104	231	258	231	90	2.1900000000000003e-163	460.0	tr|A0A4C1WGE0|A0A4C1WGE0_EUMVA Trypsin CFT-1 OS=Eumeta variegata OX=151549 GN=EVAR_45627_1 PE=3 SV=1	TrEMBL	g13775	A0A4C1WGE0	1
g2100.t1	tr|A0A212EL72|A0A212EL72_DANPL	68.69	313	319	340	98	1.31e-160	459.0	Neutral lipase OS=Danaus plexippus plexippus OX=278856 GN=KGM_210832 PE=3 SV=1	TrEMBL	g2100	A0A212EL72	7
g16396.t1	tr|A0AAU9V9G8|A0AAU9V9G8_EUPED	72.308	325	334	438	96	2.42e-158	459.0	tr|A0AAU9V9G8|A0AAU9V9G8_EUPED Retinoid-inducible serine carboxypeptidase OS=Euphydryas editha OX=104508 GN=EEDITHA_LOCUS22069 PE=3 SV=1	TrEMBL	g16396	A0AAU9V9G8	7
g3535.t1	tr|A0A9J7EWE5|A0A9J7EWE5_SPOLT	56.456	395	429	416	92	7.4e-158	459.0	Serine protease inhibitor 77Ba-like OS=Spodoptera litura OX=69820 GN=LOC111364673 PE=3 SV=1		g3535	A0A9J7EWE5	3
g3535.t1	tr|A0A6J1W790|A0A6J1W790_GALME	57.853	382	429	421	89	1.9900000000000002e-157	459.0	Serine protease inhibitor 77Ba-like OS=Galleria mellonella OX=7137 GN=LOC113509434 PE=3 SV=1		g3535	A0A6J1W790	4
g2100.t1	tr|A0A8S4FZG2|A0A8S4FZG2_PLUXY	66.139	316	319	353	99	4.65e-160	458.0	(diamondback moth) hypothetical protein OS=Plutella xylostella OX=51655 GN=PLXY2_LOCUS11637 PE=3 SV=1	TrEMBL	g2100	A0A8S4FZG2	8
g2100.t1	tr|A0AAV1JEP7|A0AAV1JEP7_9NEOP	67.197	314	319	342	98	2.5300000000000002e-160	458.0	Lipase domain-containing protein OS=Leptosia nina OX=320188 GN=LNINA_LOCUS6890 PE=3 SV=1	TrEMBL	g2100	A0AAV1JEP7	9
g2100.t1	tr|A0ACC0KJ67|A0ACC0KJ67_CHOFU	65.287	314	319	345	98	4.0900000000000005e-160	458.0	Lipase domain-containing protein OS=Choristoneura fumiferana OX=7141 GN=MSG28_004344 PE=3 SV=1	TrEMBL	g2100	A0ACC0KJ67	10
g16396.t1	tr|A0A8R1WH05|A0A8R1WH05_BOMMO	69.632	326	334	447	96	7.54e-158	458.0	tr|A0A8R1WH05|A0A8R1WH05_BOMMO Retinoid-inducible serine carboxypeptidase OS=Bombyx mori OX=7091 PE=3 SV=1	TrEMBL	g16396	A0A8R1WH05	8
g16396.t1	tr|A0A6J2JZR6|A0A6J2JZR6_BOMMA	69.632	326	334	425	96	1.41e-157	457.0	tr|A0A6J2JZR6|A0A6J2JZR6_BOMMA Retinoid-inducible serine carboxypeptidase OS=Bombyx mandarina OX=7092 GN=LOC114246080 PE=3 SV=1	TrEMBL	g16396	A0A6J2JZR6	9
g16396.t1	tr|A0A821RVC9|A0A821RVC9_9NEOP	71.384	318	334	437	94	1.6900000000000002e-157	457.0	tr|A0A821RVC9|A0A821RVC9_9NEOP Retinoid-inducible serine carboxypeptidase OS=Pieris macdunnoughi OX=345717 GN=PMACD_LOCUS6876 PE=3 SV=1	TrEMBL	g16396	A0A821RVC9	10
g10898.t1	tr|A0AAV1M0F4|A0AAV1M0F4_9NEOP	49.007	453	454	450	99	6.13e-154	453.0	Serine carboxypeptidase-like 51 OS=Parnassius mnemosyne OX=213953 GN=PARMNEM_LOCUS19872 PE=3 SV=1	TrEMBL	g10898	A0AAV1M0F4	4
g3535.t1	tr|A0AAV1L2Q4|A0AAV1L2Q4_9NEOP	56.883	385	429	395	89	1.8300000000000001e-155	453.0	Serpin domain-containing protein OS=Parnassius mnemosyne OX=213953 GN=PARMNEM_LOCUS10032 PE=3 SV=1		g3535	A0AAV1L2Q4	5
g3535.t1	tr|A0AAV1L679|A0AAV1L679_9NEOP	56.883	385	429	412	89	3.13e-155	453.0	Serpin domain-containing protein OS=Parnassius mnemosyne OX=213953 GN=PARMNEM_LOCUS10032 PE=3 SV=1		g3535	A0AAV1L679	6
g13781.t1	tr|A0A4C1WDX3|A0A4C1WDX3_EUMVA	87.984	258	259	259	99	1.02e-159	452.0	tr|A0A4C1WDX3|A0A4C1WDX3_EUMVA Trypsin CFT-1 OS=Eumeta variegata OX=151549 GN=EVAR_45633_1 PE=3 SV=1	TrEMBL	g13781	A0A4C1WDX3	1
g3535.t1	tr|A0A9R0ES37|A0A9R0ES37_SPOFR	55.19	395	429	416	92	7.55e-155	452.0	Serine protease inhibitor 77Ba OS=Spodoptera frugiperda OX=7108 GN=LOC118279162 PE=3 SV=1		g3535	A0A9R0ES37	7
g3535.t1	tr|A0ABQ7PW56|A0ABQ7PW56_PLUXY	52.791	430	429	412	100	1.16e-154	451.0	Serpin domain-containing protein OS=Plutella xylostella OX=51655 GN=JYU34_020583 PE=3 SV=1		g3535	A0ABQ7PW56	8
g3535.t1	tr|Q6Q2D7|Q6Q2D7_MANSE	56.623	385	429	407	89	9.040000000000001e-155	451.0	Serpin-4B OS=Manduca sexta OX=7130 PE=2 SV=1		g3535	Q6Q2D7	9
g3535.t1	tr|A0A921YYM5|A0A921YYM5_MANSE	56.623	385	429	407	89	9.040000000000001e-155	451.0	Uncharacterized protein OS=Manduca sexta OX=7130 GN=O3G_MSEX005407 PE=4 SV=1		g3535	A0A921YYM5	10
g13179.t1	tr|A0A4C1UYD8|A0A4C1UYD8_EUMVA	99.543	219	219	507	100	6.55e-156	450.0	Modifier of mdg4 OS=Eumeta variegata OX=151549 GN=mod(mdg4) PE=4 SV=1	TrEMBL	g13179	A0A4C1UYD8	1
g4892.t1	tr|A0A4C1W8L2|A0A4C1W8L2_EUMVA	51.899	395	402	399	98	1.39e-154	449.0	CHK kinase-like domain-containing protein OS=Eumeta variegata OX=151549 GN=EVAR_28046_1 PE=4 SV=1	TrEMBL	g4892	A0A4C1W8L2	2
g13781.t1	tr|A0A4C1WHG7|A0A4C1WHG7_EUMVA	84.496	258	259	249	99	1.45e-156	444.0	tr|A0A4C1WHG7|A0A4C1WHG7_EUMVA Trypsin CFT-1 OS=Eumeta variegata OX=151549 GN=EVAR_45632_1 PE=3 SV=1	TrEMBL	g13781	A0A4C1WHG7	2
g10898.t1	tr|A0A8B8IKD1|A0A8B8IKD1_VANTA	48.786	453	454	448	99	4.07e-150	443.0	Retinoid-inducible serine carboxypeptidase-like OS=Vanessa tameamea OX=334116 GN=LOC113401714 PE=3 SV=2	TrEMBL	g10898	A0A8B8IKD1	5
g13784.t1	tr|A0A4C1WEL4|A0A4C1WEL4_EUMVA	87.083	240	258	635	93	1.03e-149	441.0	tr|A0A4C1WEL4|A0A4C1WEL4_EUMVA trypsin OS=Eumeta variegata OX=151549 GN=EVAR_45636_1 PE=4 SV=1	TrEMBL	g13784	A0A4C1WEL4	1
g11500.t1	sp|Q2PQM7|IDGF4_GLOMM	52.644	416	414	444	93	3.96e-150	436.0	Chitinase-like protein Idgf4 OS=Glossina morsitans morsitans OX=37546 GN=Idgf4 PE=2 SV=1	Swiss-Prot	g11500	Q2PQM7	2
g10898.t1	tr|A0A8S3WQU9|A0A8S3WQU9_PARAO	51.09	413	454	419	91	1.1099999999999999e-147	436.0	(apollo) hypothetical protein OS=Parnassius apollo OX=110799 GN=PAPOLLO_LOCUS8544 PE=4 SV=1	TrEMBL	g10898	A0A8S3WQU9	6
g13777.t1	tr|A0A4C1WGE0|A0A4C1WGE0_EUMVA	91.342	231	258	231	90	8.030000000000001e-154	436.0	tr|A0A4C1WGE0|A0A4C1WGE0_EUMVA Trypsin CFT-1 OS=Eumeta variegata OX=151549 GN=EVAR_45627_1 PE=3 SV=1	TrEMBL	g13777	A0A4C1WGE0	1
g2864.t1	tr|A0A4C1SF71|A0A4C1SF71_EUMVA	72.109	294	265	359	97	1.18e-151	435.0	Trypsin, alkaline C OS=Eumeta variegata OX=151549 GN=EVAR_74358_1 PE=4 SV=1	TrEMBL	g2864	A0A4C1SF71	1
g10898.t1	tr|A0ABN8JAF2|A0ABN8JAF2_9NEOP	48.115	451	454	449	99	2.18e-146	434.0	Serine carboxypeptidase-like 51 (Fragment) OS=Iphiclides podalirius OX=110791 GN=IPOD504_LOCUS17758 PE=3 SV=1	TrEMBL	g10898	A0ABN8JAF2	7
g13784.t1	tr|A0A4C1WDX3|A0A4C1WDX3_EUMVA	84.109	258	258	259	100	3.8999999999999996e-152	433.0	tr|A0A4C1WDX3|A0A4C1WDX3_EUMVA Trypsin CFT-1 OS=Eumeta variegata OX=151549 GN=EVAR_45633_1 PE=3 SV=1	TrEMBL	g13784	A0A4C1WDX3	2
g4081.t1	tr|A0A4C1TF99|A0A4C1TF99_EUMVA	68.098	326	299	321	100	4.73e-150	431.0	Lipoprotein lipase OS=Eumeta variegata OX=151549 GN=LPL PE=3 SV=1	TrEMBL	g4081	A0A4C1TF99	1
g10898.t1	tr|A0A922CSX0|A0A922CSX0_MANSE	46.398	472	454	470	99	4.13e-145	431.0	Retinoid-inducible serine carboxypeptidase OS=Manduca sexta OX=7130 GN=O3G_MSEX009847 PE=3 SV=1	TrEMBL	g10898	A0A922CSX0	8
g13776.t1	tr|A0A4C1WGE0|A0A4C1WGE0_EUMVA	88.261	230	250	231	92	2.17e-151	430.0	tr|A0A4C1WGE0|A0A4C1WGE0_EUMVA Trypsin CFT-1 OS=Eumeta variegata OX=151549 GN=EVAR_45627_1 PE=3 SV=1	TrEMBL	g13776	A0A4C1WGE0	1
g10898.t1	tr|A0ACC1CVF2|A0ACC1CVF2_9NEOP	51.914	418	454	473	92	5.46e-144	429.0	Uncharacterized protein OS=Dendrolimus kikuchii OX=765133 GN=K1T71_008853 PE=3 SV=1	TrEMBL	g10898	A0ACC1CVF2	9
g13781.t1	tr|A0A4C1WEL4|A0A4C1WEL4_EUMVA	83.884	242	259	635	93	8.590000000000001e-145	428.0	tr|A0A4C1WEL4|A0A4C1WEL4_EUMVA trypsin OS=Eumeta variegata OX=151549 GN=EVAR_45636_1 PE=4 SV=1	TrEMBL	g13781	A0A4C1WEL4	3
g13179.t1	tr|A0A2W1BW18|A0A2W1BW18_HELAM	95.909	220	219	434	99	1.05e-147	427.0	BTB domain-containing protein OS=Helicoverpa armigera OX=29058 GN=HaOG203931 PE=4 SV=1	TrEMBL	g13179	A0A2W1BW18	2
g13179.t1	tr|A0ACC2QTE9|A0ACC2QTE9_9NEOP	95.023	221	219	367	100	1.54e-148	426.0	BTB domain-containing protein OS=Mythimna loreyi OX=667449 GN=PYW08_016020 PE=4 SV=1	TrEMBL	g13179	A0ACC2QTE9	3
g13179.t1	tr|A0AAD7YK17|A0AAD7YK17_MYTSE	95.434	219	219	346	99	5.3e-148	424.0	BTB domain-containing protein OS=Mythimna separata OX=271217 GN=PYW07_016461 PE=4 SV=1	TrEMBL	g13179	A0AAD7YK17	4
g11500.t1	sp|Q9W303|IDGF4_DROME	50.926	432	414	442	97	1.1e-145	424.0	Chitinase-like protein Idgf4 OS=Drosophila melanogaster OX=7227 GN=Idgf4 PE=2 SV=1	Swiss-Prot	g11500	Q9W303	3
g13784.t1	tr|A0A4C1WHG7|A0A4C1WHG7_EUMVA	79.845	258	258	249	100	1.9800000000000002e-148	423.0	tr|A0A4C1WHG7|A0A4C1WHG7_EUMVA Trypsin CFT-1 OS=Eumeta variegata OX=151549 GN=EVAR_45632_1 PE=3 SV=1	TrEMBL	g13784	A0A4C1WHG7	3
g13179.t1	tr|A0ACC2RAV8|A0ACC2RAV8_9NEOP	95.434	219	219	359	99	2.12e-147	423.0	BTB domain-containing protein OS=Mythimna loreyi OX=667449 GN=PYW08_000064 PE=4 SV=1	TrEMBL	g13179	A0ACC2RAV8	5
g10898.t1	tr|A0A7E5VXJ6|A0A7E5VXJ6_TRINI	49.015	457	454	447	99	3.08e-142	423.0	Serine carboxypeptidase-like 51 OS=Trichoplusia ni OX=7111 GN=LOC113497605 PE=3 SV=1	TrEMBL	g10898	A0A7E5VXJ6	10
g18546.t1	tr|A0A4C1U938|A0A4C1U938_EUMVA	81.275	251	250	357	100	1.4999999999999999e-146	422.0	tr|A0A4C1U938|A0A4C1U938_EUMVA Circadian clock-controlled protein OS=Eumeta variegata OX=151549 GN=EVAR_95305_1 PE=4 SV=1	TrEMBL	g18546	A0A4C1U938	1
g2862.t1	tr|A0ACC1CV66|A0ACC1CV66_9NEOP	68.166	289	301	422	96	4.65e-145	422.0	Lipase OS=Dendrolimus kikuchii OX=765133 GN=K1T71_008723 PE=3 SV=1	TrEMBL	g2862	A0ACC1CV66	1
g15566.t1	tr|A0ABR3HT31|A0ABR3HT31_LOXSC	49.034	414	414	415	98	5.69e-142	420.0	tr|A0ABR3HT31|A0ABR3HT31_LOXSC Peptidase M14 domain-containing protein OS=Loxostege sticticalis OX=481309 GN=ABMA27_003434 PE=3 SV=1	TrEMBL	g15566	A0ABR3HT31	2
g11500.t1	sp|A0A1S4F0I0|AGBR1_AEDAE	51.247	441	414	441	99	1.09e-143	419.0	Bacteria-responsive protein 1 OS=Aedes aegypti OX=7159 PE=1 SV=1	Swiss-Prot	g11500	A0A1S4F0I0	4
g15566.t1	tr|A0A922CJM8|A0A922CJM8_MANSE	50.0	410	414	410	98	1.03e-141	419.0	tr|A0A922CJM8|A0A922CJM8_MANSE Peptidase M14 domain-containing protein OS=Manduca sexta OX=7130 GN=O3G_MSEX005526 PE=3 SV=1	TrEMBL	g15566	A0A922CJM8	3
g17098.t1	tr|A0A4C1YCW1|A0A4C1YCW1_EUMVA	50.237	422	421	375	100	1.21e-141	418.0	tr|A0A4C1YCW1|A0A4C1YCW1_EUMVA CHK kinase-like domain-containing protein OS=Eumeta variegata OX=151549 GN=EVAR_48854_1 PE=4 SV=1	TrEMBL	g17098	A0A4C1YCW1	3
g17097.t1	tr|A0A4C1YCW1|A0A4C1YCW1_EUMVA	49.761	418	418	375	100	2.86e-141	417.0	tr|A0A4C1YCW1|A0A4C1YCW1_EUMVA CHK kinase-like domain-containing protein OS=Eumeta variegata OX=151549 GN=EVAR_48854_1 PE=4 SV=1	TrEMBL	g17097	A0A4C1YCW1	3
g15566.t1	tr|A0A9P0BST3|A0A9P0BST3_CHRIL	46.833	442	414	456	99	1.57e-139	415.0	tr|A0A9P0BST3|A0A9P0BST3_CHRIL Peptidase M14 domain-containing protein OS=Chrysodeixis includens OX=689277 GN=CINC_LOCUS5291 PE=3 SV=1	TrEMBL	g15566	A0A9P0BST3	4
g15091.t1	tr|A0A4C1SD69|A0A4C1SD69_EUMVA	79.167	264	263	263	100	1.41e-143	412.0	tr|A0A4C1SD69|A0A4C1SD69_EUMVA Trypsin, alkaline C OS=Eumeta variegata OX=151549 GN=EVAR_74357_1 PE=3 SV=1	TrEMBL	g15091	A0A4C1SD69	1
g15566.t1	tr|A0A9R0D7D6|A0A9R0D7D6_SPOFR	48.058	412	414	438	98	2.15e-138	412.0	tr|A0A9R0D7D6|A0A9R0D7D6_SPOFR Carboxypeptidase B-like OS=Spodoptera frugiperda OX=7108 GN=LOC118271425 PE=3 SV=1	TrEMBL	g15566	A0A9R0D7D6	5
g15566.t1	tr|A0A9P0BQI7|A0A9P0BQI7_CHRIL	47.552	429	414	466	96	5.1399999999999996e-138	412.0	tr|A0A9P0BQI7|A0A9P0BQI7_CHRIL Peptidase M14 domain-containing protein OS=Chrysodeixis includens OX=689277 GN=CINC_LOCUS5291 PE=3 SV=1	TrEMBL	g15566	A0A9P0BQI7	6
g14298.t1	tr|A0A4C1SD69|A0A4C1SD69_EUMVA	78.788	264	263	263	100	2.91e-143	411.0	tr|A0A4C1SD69|A0A4C1SD69_EUMVA Trypsin, alkaline C OS=Eumeta variegata OX=151549 GN=EVAR_74357_1 PE=3 SV=1	TrEMBL	g14298	A0A4C1SD69	1
g15566.t1	tr|A0A9J7E7J2|A0A9J7E7J2_SPOLT	47.867	422	414	425	100	2.6499999999999998e-138	411.0	tr|A0A9J7E7J2|A0A9J7E7J2_SPOLT Carboxypeptidase B-like OS=Spodoptera litura OX=69820 GN=LOC111354419 PE=3 SV=1	TrEMBL	g15566	A0A9J7E7J2	7
g15566.t1	tr|A0AAD7YU65|A0AAD7YU65_MYTSE	48.049	410	414	412	99	5.1399999999999996e-138	410.0	tr|A0AAD7YU65|A0AAD7YU65_MYTSE Peptidase M14 domain-containing protein OS=Mythimna separata OX=271217 GN=PYW07_006262 PE=3 SV=1	TrEMBL	g15566	A0AAD7YU65	8
g3709.t1	tr|A0A8S3W936|A0A8S3W936_PARAO	58.879	321	360	362	89	3.2699999999999996e-140	410.0	(apollo) hypothetical protein OS=Parnassius apollo OX=110799 GN=PAPOLLO_LOCUS3420 PE=3 SV=1	TrEMBL	g3709	A0A8S3W936	3
g11500.t1	sp|Q23997|C5210_DROME	49.889	451	414	452	100	1.21e-139	409.0	Imaginal disk growth factor 6 OS=Drosophila melanogaster OX=7227 GN=Idgf6 PE=1 SV=2	Swiss-Prot	g11500	Q23997	5
g15566.t1	tr|A0ACC2QQD8|A0ACC2QQD8_9NEOP	48.175	411	414	412	99	1.16e-137	409.0	tr|A0ACC2QQD8|A0ACC2QQD8_9NEOP Peptidase M14 domain-containing protein OS=Mythimna loreyi OX=667449 GN=PYW08_006522 PE=3 SV=1	TrEMBL	g15566	A0ACC2QQD8	9
g94.t1	tr|A0AAV1LUD6|A0AAV1LUD6_9NEOP	59.939	327	328	1922	99	4.23e-127	408.0	Aminopeptidase N OS=Parnassius mnemosyne OX=213953 GN=PARMNEM_LOCUS17996 PE=3 SV=1	TrEMBL	g94	A0AAV1LUD6	2
g94.t1	tr|A0AAV1LY17|A0AAV1LY17_9NEOP	59.939	327	328	1916	99	5.6e-127	408.0	Aminopeptidase N OS=Parnassius mnemosyne OX=213953 GN=PARMNEM_LOCUS17996 PE=3 SV=1	TrEMBL	g94	A0AAV1LY17	3
g3709.t1	tr|A0A977T705|A0A977T705_MANSE	54.203	345	360	360	96	1.3799999999999999e-139	408.0	Esterase OS=Manduca sexta OX=7130 PE=2 SV=1	TrEMBL	g3709	A0A977T705	4
g15566.t1	tr|A0A9P0X629|A0A9P0X629_PIEBR	49.024	410	414	401	98	3.2699999999999997e-137	407.0	tr|A0A9P0X629|A0A9P0X629_PIEBR Peptidase M14 domain-containing protein OS=Pieris brassicae OX=7116 GN=PIBRA_LOCUS2604 PE=3 SV=1	TrEMBL	g15566	A0A9P0X629	10
g3709.t1	tr|A0AAV1KUP1|A0AAV1KUP1_9NEOP	54.598	348	360	362	96	4.31e-139	407.0	Lipase domain-containing protein OS=Parnassius mnemosyne OX=213953 GN=PARMNEM_LOCUS6967 PE=3 SV=1	TrEMBL	g3709	A0AAV1KUP1	5
g13179.t1	tr|A0ABR3HY40|A0ABR3HY40_LOXSC	93.665	221	219	361	100	1.54e-140	406.0	BTB domain-containing protein OS=Loxostege sticticalis OX=481309 GN=ABMA27_001343 PE=4 SV=1	TrEMBL	g13179	A0ABR3HY40	6
g13179.t1	tr|A0ABD0T1M7|A0ABD0T1M7_LOXSC	93.665	221	219	389	100	2.77e-140	406.0	BTB domain-containing protein OS=Loxostege sticticalis OX=481309 GN=ABMA27_001343 PE=4 SV=1	TrEMBL	g13179	A0ABD0T1M7	7
g94.t1	tr|A0A8S3XSS1|A0A8S3XSS1_PARAO	59.633	327	328	949	99	7.800000000000001e-132	406.0	Aminopeptidase OS=Parnassius apollo OX=110799 GN=PAPOLLO_LOCUS22104 PE=3 SV=1	TrEMBL	g94	A0A8S3XSS1	4
g13179.t1	tr|A0ABR3HY38|A0ABR3HY38_LOXSC	93.665	221	219	363	100	3.21e-140	405.0	BTB domain-containing protein OS=Loxostege sticticalis OX=481309 GN=ABMA27_001343 PE=4 SV=1	TrEMBL	g13179	A0ABR3HY38	8
g2862.t1	tr|A0A8R2AHZ1|A0A8R2AHZ1_BOMMO	65.398	289	301	423	96	2.97e-138	405.0	Lipase OS=Bombyx mori OX=7091 GN=101737626 PE=3 SV=1	TrEMBL	g2862	A0A8R2AHZ1	2
g2862.t1	tr|A0A6J2JS63|A0A6J2JS63_BOMMA	65.398	289	301	423	96	2.97e-138	405.0	Lipase OS=Bombyx mandarina OX=7092 GN=LOC114244723 PE=3 SV=1	TrEMBL	g2862	A0A6J2JS63	3
g13783.t1	tr|A0A4C1WEL4|A0A4C1WEL4_EUMVA	81.818	242	235	635	93	3.63e-136	405.0	tr|A0A4C1WEL4|A0A4C1WEL4_EUMVA trypsin OS=Eumeta variegata OX=151549 GN=EVAR_45636_1 PE=4 SV=1	TrEMBL	g13783	A0A4C1WEL4	1
g2862.t1	tr|A0A8R2DL57|A0A8R2DL57_BOMMO	66.429	280	301	423	93	6.879999999999999e-138	404.0	Lipase OS=Bombyx mori OX=7091 PE=3 SV=1	TrEMBL	g2862	A0A8R2DL57	4
g13179.t1	tr|A0ABR3HY36|A0ABR3HY36_LOXSC	93.636	220	219	345	99	1.01e-139	403.0	BTB domain-containing protein OS=Loxostege sticticalis OX=481309 GN=ABMA27_001343 PE=4 SV=1	TrEMBL	g13179	A0ABR3HY36	9
g4081.t1	tr|A0A8S3WSQ4|A0A8S3WSQ4_PARAO	64.765	298	299	298	99	1.7799999999999998e-139	403.0	(apollo) hypothetical protein OS=Parnassius apollo OX=110799 GN=PAPOLLO_LOCUS9945 PE=3 SV=1	TrEMBL	g4081	A0A8S3WSQ4	2
g13179.t1	tr|A0ABR3HY49|A0ABR3HY49_LOXSC	93.636	220	219	296	99	4.0299999999999997e-140	402.0	BTB domain-containing protein OS=Loxostege sticticalis OX=481309 GN=ABMA27_001343 PE=4 SV=1	TrEMBL	g13179	A0ABR3HY49	10
g2862.t1	tr|A0A6J2JW40|A0A6J2JW40_BOMMA	65.48	281	301	436	93	1.08e-136	401.0	Lipase OS=Bombyx mandarina OX=7092 GN=LOC114244722 PE=3 SV=1	TrEMBL	g2862	A0A6J2JW40	5
g15779.t1	tr|A0A4C1X2M3|A0A4C1X2M3_EUMVA	87.5	216	216	216	100	1.72e-140	400.0	tr|A0A4C1X2M3|A0A4C1X2M3_EUMVA Glutathione S-transferase 1, isoform D OS=Eumeta variegata OX=151549 GN=GstD1 PE=4 SV=1	TrEMBL	g15779	A0A4C1X2M3	1
g4081.t1	tr|A0AAV1M262|A0AAV1M262_9NEOP	65.101	298	299	298	99	1.6399999999999998e-138	400.0	Lipase domain-containing protein OS=Parnassius mnemosyne OX=213953 GN=PARMNEM_LOCUS20382 PE=3 SV=1	TrEMBL	g4081	A0AAV1M262	3
g18520.t1	tr|A0A4C1T8F6|A0A4C1T8F6_EUMVA	75.581	258	276	262	93	1.29e-138	400.0	tr|A0A4C1T8F6|A0A4C1T8F6_EUMVA Chymotrypsin-2 OS=Eumeta variegata OX=151549 GN=EVAR_6331_1 PE=3 SV=1	TrEMBL	g18520	A0A4C1T8F6	2
g4114.t1	tr|A0A4C1Z8Z0|A0A4C1Z8Z0_EUMVA	79.646	226	226	226	100	2.11e-140	399.0	Glutathione S-transferase 1 OS=Eumeta variegata OX=151549 GN=GST1 PE=4 SV=1	TrEMBL	g4114	A0A4C1Z8Z0	1
g2862.t1	tr|A0A977T742|A0A977T742_MANSE	64.828	290	301	423	96	8.759999999999999e-136	399.0	Esterase OS=Manduca sexta OX=7130 PE=2 SV=1	TrEMBL	g2862	A0A977T742	6
g2862.t1	tr|A0A921ZC21|A0A921ZC21_MANSE	64.828	290	301	423	96	8.759999999999999e-136	399.0	Lipase OS=Manduca sexta OX=7130 GN=O3G_MSEX009005 PE=3 SV=1	TrEMBL	g2862	A0A921ZC21	7
g16391.t1	tr|A0A4C1Z8T8|A0A4C1Z8T8_EUMVA	82.432	222	224	225	99	1.6599999999999998e-138	396.0	tr|A0A4C1Z8T8|A0A4C1Z8T8_EUMVA Glutathione S-transferase 1 OS=Eumeta variegata OX=151549 GN=GST1 PE=4 SV=1	TrEMBL	g16391	A0A4C1Z8T8	1
g3709.t1	tr|A0A6J1P1S0|A0A6J1P1S0_BICAN	53.488	344	360	359	95	3.9900000000000005e-133	392.0	Lipase member H-A OS=Bicyclus anynana OX=110368 GN=LOC112054558 PE=3 SV=2	TrEMBL	g3709	A0A6J1P1S0	6
g3709.t1	tr|A0A8J9V4E5|A0A8J9V4E5_9NEOP	54.19	358	360	361	99	1.3e-132	390.0	Lipase domain-containing protein (Fragment) OS=Brenthis ino OX=405034 GN=BINO364_LOCUS15024 PE=3 SV=1	TrEMBL	g3709	A0A8J9V4E5	7
g3709.t1	tr|A0ABN8HPE8|A0ABN8HPE8_9NEOP	52.436	349	360	361	97	1.9900000000000002e-132	390.0	Lipase domain-containing protein (Fragment) OS=Iphiclides podalirius OX=110791 GN=IPOD504_LOCUS1628 PE=3 SV=1	TrEMBL	g3709	A0ABN8HPE8	8
g94.t1	tr|Q963G0|Q963G0_HELVI	56.881	327	328	950	99	4.53e-125	389.0	Aminopeptidase OS=Heliothis virescens OX=7102 PE=2 SV=1	TrEMBL	g94	Q963G0	5
g2862.t1	tr|A0A6J1WFF4|A0A6J1WFF4_GALME	63.103	290	301	434	94	7.53e-132	389.0	Lipase OS=Galleria mellonella OX=7137 GN=LOC113512473 PE=3 SV=1	TrEMBL	g2862	A0A6J1WFF4	8
g4081.t1	tr|A0A921YX99|A0A921YX99_MANSE	61.873	299	299	298	100	1.64e-133	388.0	Lipase domain-containing protein OS=Manduca sexta OX=7130 GN=O3G_MSEX004900 PE=3 SV=1	TrEMBL	g4081	A0A921YX99	4
g4081.t1	tr|A0A977T7A4|A0A977T7A4_MANSE	61.873	299	299	298	100	1.64e-133	388.0	Esterase OS=Manduca sexta OX=7130 PE=2 SV=1	TrEMBL	g4081	A0A977T7A4	5
g3709.t1	tr|A0AAV1J6A8|A0AAV1J6A8_9NEOP	52.235	358	360	359	99	1.22e-131	388.0	Lipase domain-containing protein OS=Leptosia nina OX=320188 GN=LNINA_LOCUS4614 PE=3 SV=1	TrEMBL	g3709	A0AAV1J6A8	9
g15091.t1	tr|A0A4C1SD49|A0A4C1SD49_EUMVA	68.561	264	263	264	100	1.29e-133	387.0	tr|A0A4C1SD49|A0A4C1SD49_EUMVA Trypsin CFT-1 OS=Eumeta variegata OX=151549 GN=EVAR_74344_1 PE=3 SV=1	TrEMBL	g15091	A0A4C1SD49	2
g13784.t1	tr|A0A8S3WRX1|A0A8S3WRX1_PARAO	72.441	254	258	257	98	1.32e-133	386.0	tr|A0A8S3WRX1|A0A8S3WRX1_PARAO trypsin OS=Parnassius apollo OX=110799 GN=PAPOLLO_LOCUS9456 PE=4 SV=1	TrEMBL	g13784	A0A8S3WRX1	4
g3709.t1	tr|A0A6J2JL73|A0A6J2JL73_BOMMA	52.959	338	360	363	94	1.18e-130	386.0	Lipase member H-like OS=Bombyx mandarina OX=7092 GN=LOC114242237 PE=3 SV=1	TrEMBL	g3709	A0A6J2JL73	10
g13779.t1	tr|A0A4C1WHF6|A0A4C1WHF6_EUMVA	82.553	235	261	254	90	1.21e-133	386.0	tr|A0A4C1WHF6|A0A4C1WHF6_EUMVA Trypsin CFT-1 OS=Eumeta variegata OX=151549 GN=EVAR_45629_1 PE=3 SV=1	TrEMBL	g13779	A0A4C1WHF6	1
g94.t1	tr|Q7Z268|Q7Z268_HELAM	55.963	327	328	951	99	1.0500000000000001e-123	385.0	Aminopeptidase OS=Helicoverpa armigera OX=29058 GN=APN4 PE=2 SV=1	TrEMBL	g94	Q7Z268	6
g94.t1	tr|Q8MU79|Q8MU79_HELAM	55.963	327	328	951	99	1.1e-123	385.0	Aminopeptidase OS=Helicoverpa armigera OX=29058 GN=APN4 PE=2 SV=1	TrEMBL	g94	Q8MU79	7
g94.t1	tr|A0A6H0D4E6|A0A6H0D4E6_HELAM	55.963	327	328	951	99	1.17e-123	385.0	Aminopeptidase OS=Helicoverpa armigera OX=29058 PE=2 SV=1	TrEMBL	g94	A0A6H0D4E6	8
g94.t1	tr|A0A2W1BSE9|A0A2W1BSE9_HELAM	55.963	327	328	951	99	1.2100000000000002e-123	385.0	Aminopeptidase OS=Helicoverpa armigera OX=29058 GN=HaOG205141 PE=3 SV=1	TrEMBL	g94	A0A2W1BSE9	9
g4081.t1	tr|A0A194R386|A0A194R386_PAPMA	63.699	292	299	933	98	8.71e-124	384.0	Pancreatic triacylglycerol lipase OS=Papilio machaon OX=76193 GN=RR48_08011 PE=3 SV=1	TrEMBL	g4081	A0A194R386	6
g11500.t1	sp|Q9V3D4|IDGF2_DROME	49.425	435	414	440	98	1.99e-129	383.0	Chitinase-like protein Idgf2 OS=Drosophila melanogaster OX=7227 GN=Idgf2 PE=1 SV=1	Swiss-Prot	g11500	Q9V3D4	6
g2864.t1	tr|A0A4C1SD49|A0A4C1SD49_EUMVA	67.939	262	265	264	99	3.6400000000000004e-132	382.0	Trypsin CFT-1 OS=Eumeta variegata OX=151549 GN=EVAR_74344_1 PE=3 SV=1	TrEMBL	g2864	A0A4C1SD49	2
g94.t1	tr|Q8MUT5|Q8MUT5_HELAM	55.352	327	328	951	99	1.08e-122	382.0	Aminopeptidase OS=Helicoverpa armigera OX=29058 GN=APN4 PE=2 SV=1	TrEMBL	g94	Q8MUT5	10
g8852.t1	sp|Q1HQK0|KAD2_AEDAE	76.05	238	243	241	98	1.8699999999999998e-134	381.0	Adenylate kinase OS=Aedes aegypti OX=7159 GN=Adk2 PE=2 SV=1	Swiss-Prot	g8852	Q1HQK0	1
g4081.t1	tr|A0ABN8I8P3|A0ABN8I8P3_9NEOP	63.23	291	299	298	97	6.64e-131	381.0	Lipase domain-containing protein (Fragment) OS=Iphiclides podalirius OX=110791 GN=IPOD504_LOCUS7283 PE=3 SV=1	TrEMBL	g4081	A0ABN8I8P3	7
g14298.t1	tr|A0A4C1SD49|A0A4C1SD49_EUMVA	67.424	264	263	264	100	3.0699999999999997e-131	380.0	tr|A0A4C1SD49|A0A4C1SD49_EUMVA Trypsin CFT-1 OS=Eumeta variegata OX=151549 GN=EVAR_74344_1 PE=3 SV=1	TrEMBL	g14298	A0A4C1SD49	2
g13784.t1	tr|A0AAV1M567|A0AAV1M567_9NEOP	71.654	254	258	257	98	3.34e-131	380.0	tr|A0AAV1M567|A0AAV1M567_9NEOP trypsin OS=Parnassius mnemosyne OX=213953 GN=PARMNEM_LOCUS20848 PE=3 SV=1	TrEMBL	g13784	A0AAV1M567	5
g4081.t1	tr|A0ABN8I7R0|A0ABN8I7R0_9NEOP	64.286	280	299	293	94	1.8e-130	380.0	Lipase domain-containing protein (Fragment) OS=Iphiclides podalirius OX=110791 GN=IPOD504_LOCUS7283 PE=3 SV=1	TrEMBL	g4081	A0ABN8I7R0	8
g2862.t1	tr|A0AAD7YEV9|A0AAD7YEV9_MYTSE	59.589	292	301	430	96	6.08e-128	379.0	Lipase OS=Mythimna separata OX=271217 GN=PYW07_013841 PE=3 SV=1	TrEMBL	g2862	A0AAD7YEV9	9
g8852.t1	sp|B4MQT3|KAD2_DROWI	75.527	237	243	240	98	2.82e-133	378.0	Adenylate kinase OS=Drosophila willistoni OX=7260 GN=Adk2 PE=3 SV=1	Swiss-Prot	g8852	B4MQT3	2
g8852.t1	sp|B0X5E3|KAD2_CULQU	75.21	238	243	241	98	2.08e-133	378.0	Adenylate kinase OS=Culex quinquefasciatus OX=7176 GN=Adk2 PE=3 SV=1	Swiss-Prot	g8852	B0X5E3	3
g13784.t1	tr|Q27540|Q27540_CHOFU	76.096	251	258	256	97	1.9e-130	378.0	tr|Q27540|Q27540_CHOFU Trypsin OS=Choristoneura fumiferana OX=7141 GN=cftry PE=3 SV=1	TrEMBL	g13784	Q27540	6
g8852.t1	sp|Q7QJX9|KAD2_ANOGA	76.371	237	243	240	98	8.92e-133	377.0	Adenylate kinase OS=Anopheles gambiae OX=7165 GN=Adk2 PE=3 SV=2	Swiss-Prot	g8852	Q7QJX9	4
g2862.t1	tr|A0AAD7YFI4|A0AAD7YFI4_MYTSE	59.107	291	301	425	96	3.15e-127	377.0	Lipase OS=Mythimna separata OX=271217 GN=PYW07_013838 PE=3 SV=1	TrEMBL	g2862	A0AAD7YFI4	10
g13781.t1	tr|A0A8S3WRX1|A0A8S3WRX1_PARAO	71.318	258	259	257	99	1.0900000000000001e-129	376.0	tr|A0A8S3WRX1|A0A8S3WRX1_PARAO trypsin OS=Parnassius apollo OX=110799 GN=PAPOLLO_LOCUS9456 PE=4 SV=1	TrEMBL	g13781	A0A8S3WRX1	4
g13784.t1	tr|A0ACC0KR78|A0ACC0KR78_CHOFU	75.299	251	258	256	97	1.44e-129	376.0	tr|A0ACC0KR78|A0ACC0KR78_CHOFU Peptidase S1 domain-containing protein OS=Choristoneura fumiferana OX=7141 GN=MSG28_011191 PE=3 SV=1	TrEMBL	g13784	A0ACC0KR78	7
g13784.t1	sp|P35042|TRYP_CHOFU	75.299	251	258	256	97	1.46e-129	376.0	sp|P35042|TRYP_CHOFU Trypsin CFT-1 OS=Choristoneura fumiferana OX=7141 PE=1 SV=1	Swiss-Prot	g13784	P35042	8
g3539.t1	tr|A0A4C1YZY8|A0A4C1YZY8_EUMVA	71.605	243	245	402	99	1.16e-127	375.0	Serine protease inhibitor 77Ba OS=Eumeta variegata OX=151549 GN=Spn77Ba PE=3 SV=1		g3539	A0A4C1YZY8	1
g8852.t1	sp|B3NQ53|KAD2_DROER	75.949	237	243	240	98	2.6100000000000002e-132	375.0	Adenylate kinase OS=Drosophila erecta OX=7220 GN=Adk2 PE=3 SV=1	Swiss-Prot	g8852	B3NQ53	5
g10834.t1	tr|A0A4C1ZSN6|A0A4C1ZSN6_EUMVA	90.31	258	258	253	100	1.07e-128	374.0	Adult-specific rigid cuticular protein 12.6 OS=Eumeta variegata OX=151549 GN=EVAR_57264_1 PE=4 SV=1	TrEMBL	g10834	A0A4C1ZSN6	1
g13781.t1	tr|A0ABN8IC40|A0ABN8IC40_9NEOP	71.373	255	259	258	98	6.32e-129	374.0	tr|A0ABN8IC40|A0ABN8IC40_9NEOP trypsin (Fragment) OS=Iphiclides podalirius OX=110791 GN=IPOD504_LOCUS7654 PE=3 SV=1	TrEMBL	g13781	A0ABN8IC40	5
g13784.t1	tr|A0ABN8IC40|A0ABN8IC40_9NEOP	70.472	254	258	258	98	7.91e-129	374.0	tr|A0ABN8IC40|A0ABN8IC40_9NEOP trypsin (Fragment) OS=Iphiclides podalirius OX=110791 GN=IPOD504_LOCUS7654 PE=3 SV=1	TrEMBL	g13784	A0ABN8IC40	9
g3430.t1	tr|A0AAV1LDK5|A0AAV1LDK5_9NEOP	55.346	318	320	705	96	1.22e-121	373.0	Uncharacterized protein OS=Parnassius mnemosyne OX=213953 GN=PARMNEM_LOCUS12304 PE=3 SV=1		g3430	A0AAV1LDK5	2
g8852.t1	sp|B4PAR6|KAD2_DROYA	75.527	237	243	240	98	1.03e-130	372.0	Adenylate kinase OS=Drosophila yakuba OX=7245 GN=Adk2 PE=3 SV=1	Swiss-Prot	g8852	B4PAR6	6
g8852.t1	sp|B4KLY1|KAD2_DROMO	75.105	237	243	240	98	8.15e-131	372.0	Adenylate kinase OS=Drosophila mojavensis OX=7230 GN=Adk2 PE=3 SV=1	Swiss-Prot	g8852	B4KLY1	7
g13783.t1	tr|A0A4C1WDX3|A0A4C1WDX3_EUMVA	77.178	241	235	259	92	2.86e-128	372.0	tr|A0A4C1WDX3|A0A4C1WDX3_EUMVA Trypsin CFT-1 OS=Eumeta variegata OX=151549 GN=EVAR_45633_1 PE=3 SV=1	TrEMBL	g13783	A0A4C1WDX3	2
g8852.t1	sp|B4QBH8|KAD2_DROSI	75.527	237	243	240	98	1.56e-130	371.0	Adenylate kinase OS=Drosophila simulans OX=7240 GN=Adk2 PE=3 SV=1	Swiss-Prot	g8852	B4QBH8	8
g8852.t1	sp|B4I2A8|KAD2_DROSE	75.527	237	243	240	98	1.56e-130	371.0	Adenylate kinase OS=Drosophila sechellia OX=7238 GN=Adk2-1 PE=3 SV=1	Swiss-Prot	g8852	B4I2A8	9
g2864.t1	tr|A0A4C1SD69|A0A4C1SD69_EUMVA	71.371	248	265	263	94	7.479999999999999e-128	371.0	Trypsin, alkaline C OS=Eumeta variegata OX=151549 GN=EVAR_74357_1 PE=3 SV=1	TrEMBL	g2864	A0A4C1SD69	3
g4081.t1	tr|A0ACC1DFM3|A0ACC1DFM3_9NEOP	60.738	298	299	298	99	1.18e-126	370.0	Lipase domain-containing protein OS=Dendrolimus kikuchii OX=765133 GN=K1T71_002035 PE=3 SV=1	TrEMBL	g4081	A0ACC1DFM3	9
g3430.t1	tr|A0ABN8IUL9|A0ABN8IUL9_9NEOP	56.646	316	320	704	97	9.81e-121	370.0	Uncharacterized protein (Fragment) OS=Iphiclides podalirius OX=110791 GN=IPOD504_LOCUS13081 PE=3 SV=1		g3430	A0ABN8IUL9	3
g17633.t1	tr|A0A8S3XXZ7|A0A8S3XXZ7_PARAO	44.975	398	408	414	97	1.1100000000000001e-122	370.0	tr|A0A8S3XXZ7|A0A8S3XXZ7_PARAO Lipase OS=Parnassius apollo OX=110799 GN=PAPOLLO_LOCUS22234 PE=3 SV=1	TrEMBL	g17633	A0A8S3XXZ7	4
g2864.t1	tr|A0A4C1SG55|A0A4C1SG55_EUMVA	71.429	245	265	441	92	5.05e-125	370.0	Trypsin CFT-1 OS=Eumeta variegata OX=151549 GN=EVAR_74392_1 PE=3 SV=1	TrEMBL	g2864	A0A4C1SG55	4
g16240.t1	tr|A0A4C1Z4C9|A0A4C1Z4C9_EUMVA	47.525	404	399	396	100	2.14e-122	369.0	tr|A0A4C1Z4C9|A0A4C1Z4C9_EUMVA Serine protease inhibitor 77Ba OS=Eumeta variegata OX=151549 GN=Spn77Ba PE=3 SV=1	TrEMBL	g16240	A0A4C1Z4C9	2
g1854.t1	tr|A0AAU9UJ28|A0AAU9UJ28_EUPED	45.542	415	408	419	100	1.6e-122	369.0	CHK kinase-like domain-containing protein OS=Euphydryas editha OX=104508 GN=EEDITHA_LOCUS13240 PE=4 SV=1	TrEMBL	g1854	A0AAU9UJ28	2
g1854.t1	tr|A0ABM4ATJ4|A0ABM4ATJ4_VANTA	45.215	418	408	420	100	1.52e-122	369.0	Uncharacterized protein LOC135193954 OS=Vanessa tameamea OX=334116 GN=LOC135193954 PE=4 SV=1	TrEMBL	g1854	A0ABM4ATJ4	3
g2844.t1	tr|A0A8S3XXZ7|A0A8S3XXZ7_PARAO	43.842	406	408	414	99	2.0800000000000002e-122	369.0	Lipase OS=Parnassius apollo OX=110799 GN=PAPOLLO_LOCUS22234 PE=3 SV=1	TrEMBL	g2844	A0A8S3XXZ7	4
g4893.t1	tr|A0A4C1W6C4|A0A4C1W6C4_EUMVA	43.719	398	399	443	99	2.59e-122	369.0	CHK kinase-like domain-containing protein OS=Eumeta variegata OX=151549 GN=EVAR_28039_1 PE=4 SV=1	TrEMBL	g4893	A0A4C1W6C4	2
g8852.t1	sp|B4LP08|KAD2_DROVI	74.262	237	243	240	98	7.87e-130	369.0	Adenylate kinase OS=Drosophila virilis OX=7244 GN=Adk2 PE=3 SV=1	Swiss-Prot	g8852	B4LP08	10
g13784.t1	tr|A0A9P0BRD5|A0A9P0BRD5_CHRIL	69.721	251	258	255	97	9e-127	369.0	tr|A0A9P0BRD5|A0A9P0BRD5_CHRIL trypsin OS=Chrysodeixis includens OX=689277 GN=CINC_LOCUS5853 PE=3 SV=1	TrEMBL	g13784	A0A9P0BRD5	10
g4123.t1	tr|A0A4C1U445|A0A4C1U445_EUMVA	93.684	190	190	190	100	5.6200000000000005e-129	367.0	Signal peptidase complex subunit 2 OS=Eumeta variegata OX=151549 GN=Spase25 PE=3 SV=1	TrEMBL	g4123	A0A4C1U445	1
g13781.t1	tr|A0AAV1M567|A0AAV1M567_9NEOP	68.992	258	259	257	99	7.129999999999999e-126	367.0	tr|A0AAV1M567|A0AAV1M567_9NEOP trypsin OS=Parnassius mnemosyne OX=213953 GN=PARMNEM_LOCUS20848 PE=3 SV=1	TrEMBL	g13781	A0AAV1M567	6
g1854.t1	tr|A0A6J2JDS3|A0A6J2JDS3_BOMMA	44.499	409	408	419	99	1.1e-121	367.0	Uncharacterized protein LOC114240967 OS=Bombyx mandarina OX=7092 GN=LOC114240967 PE=4 SV=1	TrEMBL	g1854	A0A6J2JDS3	4
g11500.t1	sp|Q8MX32|IDGF3_DROSI	45.585	419	414	441	94	2.4400000000000003e-123	367.0	Chitinase-like protein Idgf3 OS=Drosophila simulans OX=7240 GN=Idgf3 PE=3 SV=1	Swiss-Prot	g11500	Q8MX32	7
g3686.t1	tr|A0A6J1WV74|A0A6J1WV74_GALME	69.835	242	262	261	92	2.4299999999999998e-126	367.0	Trypsin, alkaline C-like OS=Galleria mellonella OX=7137 GN=LOC113516381 PE=3 SV=1	TrEMBL	g3686	A0A6J1WV74	1
g2844.t1	tr|A0A8S4FW68|A0A8S4FW68_PLUXY	46.9	371	408	417	91	7.020000000000001e-122	367.0	Lipase OS=Plutella xylostella OX=51655 GN=PLXY2_LOCUS10236 PE=3 SV=1	TrEMBL	g2844	A0A8S4FW68	5
g13781.t1	tr|A0A891XIE8|A0A891XIE8_TINBI	69.884	259	259	257	100	1.6600000000000002e-125	366.0	tr|A0A891XIE8|A0A891XIE8_TINBI Trypsin alkaline C-like OS=Tineola bisselliella OX=93883 GN=TrpAC PE=2 SV=1	TrEMBL	g13781	A0A891XIE8	7
g13781.t1	tr|Q27540|Q27540_CHOFU	71.765	255	259	256	98	8.95e-126	366.0	tr|Q27540|Q27540_CHOFU Trypsin OS=Choristoneura fumiferana OX=7141 GN=cftry PE=3 SV=1	TrEMBL	g13781	Q27540	8
g13781.t1	sp|P35042|TRYP_CHOFU	71.373	255	259	256	98	1.24e-125	366.0	sp|P35042|TRYP_CHOFU Trypsin CFT-1 OS=Choristoneura fumiferana OX=7141 PE=1 SV=1	Swiss-Prot	g13781	P35042	9
g13781.t1	tr|A0A9P0BRD5|A0A9P0BRD5_CHRIL	67.451	255	259	255	98	1.2300000000000002e-125	366.0	tr|A0A9P0BRD5|A0A9P0BRD5_CHRIL trypsin OS=Chrysodeixis includens OX=689277 GN=CINC_LOCUS5853 PE=3 SV=1	TrEMBL	g13781	A0A9P0BRD5	10
g2844.t1	tr|A0ABQ7Q5S8|A0ABQ7Q5S8_PLUXY	46.9	371	408	418	91	1.77e-121	366.0	Lipase OS=Plutella xylostella OX=51655 GN=JYU34_014891 PE=3 SV=1	TrEMBL	g2844	A0ABQ7Q5S8	6
g19140.t1	tr|A0A8S3XXZ7|A0A8S3XXZ7_PARAO	45.202	396	408	414	97	1.32e-120	365.0	tr|A0A8S3XXZ7|A0A8S3XXZ7_PARAO Lipase OS=Parnassius apollo OX=110799 GN=PAPOLLO_LOCUS22234 PE=3 SV=1	TrEMBL	g19140	A0A8S3XXZ7	4
g11500.t1	sp|Q8MLZ7|IDGF3_DROME	45.346	419	414	441	94	2.81e-122	365.0	Chitinase-like protein Idgf3 OS=Drosophila melanogaster OX=7227 GN=Idgf3 PE=1 SV=4	Swiss-Prot	g11500	Q8MLZ7	8
g16392.t1	tr|A0A4C1Z354|A0A4C1Z354_EUMVA	75.446	224	224	224	100	4.8999999999999994e-126	364.0	tr|A0A4C1Z354|A0A4C1Z354_EUMVA Glutathione S-transferase 1 OS=Eumeta variegata OX=151549 GN=GST1 PE=4 SV=1	TrEMBL	g16392	A0A4C1Z354	1
g15091.t1	tr|A0A4C1SG55|A0A4C1SG55_EUMVA	72.358	246	263	441	93	2.91e-122	364.0	tr|A0A4C1SG55|A0A4C1SG55_EUMVA Trypsin CFT-1 OS=Eumeta variegata OX=151549 GN=EVAR_74392_1 PE=3 SV=1	TrEMBL	g15091	A0A4C1SG55	3
g14298.t1	tr|A0A4C1SG55|A0A4C1SG55_EUMVA	71.545	246	263	441	93	5.420000000000001e-122	364.0	tr|A0A4C1SG55|A0A4C1SG55_EUMVA Trypsin CFT-1 OS=Eumeta variegata OX=151549 GN=EVAR_74392_1 PE=3 SV=1	TrEMBL	g14298	A0A4C1SG55	3
g13783.t1	tr|A0A4C1WHG7|A0A4C1WHG7_EUMVA	71.705	258	235	249	99	1.9300000000000003e-124	362.0	tr|A0A4C1WHG7|A0A4C1WHG7_EUMVA Trypsin CFT-1 OS=Eumeta variegata OX=151549 GN=EVAR_45632_1 PE=3 SV=1	TrEMBL	g13783	A0A4C1WHG7	3
g3686.t1	tr|A0ACC1CLP3|A0ACC1CLP3_9NEOP	66.795	259	262	261	99	2.0000000000000003e-124	362.0	Peptidase S1 domain-containing protein OS=Dendrolimus kikuchii OX=765133 GN=K1T71_012365 PE=3 SV=1	TrEMBL	g3686	A0ACC1CLP3	2
g11500.t1	sp|Q8MX41|IDGF1_DROSI	46.847	444	414	439	99	2.5e-121	362.0	Chitinase-like protein Idgf1 OS=Drosophila simulans OX=7240 GN=Idgf1 PE=3 SV=1	Swiss-Prot	g11500	Q8MX41	9
g11500.t1	sp|Q8MM24|IDGF1_DROME	46.396	444	414	439	99	1.88e-121	362.0	Chitinase-like protein Idgf1 OS=Drosophila melanogaster OX=7227 GN=Idgf1 PE=1 SV=2	Swiss-Prot	g11500	Q8MM24	10
g14299.t1	tr|A0A4C1SD49|A0A4C1SD49_EUMVA	64.773	264	263	264	100	1.6000000000000002e-123	361.0	tr|A0A4C1SD49|A0A4C1SD49_EUMVA Trypsin CFT-1 OS=Eumeta variegata OX=151549 GN=EVAR_74344_1 PE=3 SV=1	TrEMBL	g14299	A0A4C1SD49	1
g19140.t1	tr|A0ABN8B860|A0ABN8B860_CHISP	45.501	389	408	420	95	6.04e-119	361.0	tr|A0ABN8B860|A0ABN8B860_CHISP Lipase OS=Chilo suppressalis OX=168631 GN=CHILSU_LOCUS9149 PE=3 SV=1	TrEMBL	g19140	A0ABN8B860	5
g17633.t1	tr|A0ABN8B860|A0ABN8B860_CHISP	45.244	389	408	420	95	6.44e-119	361.0	tr|A0ABN8B860|A0ABN8B860_CHISP Lipase OS=Chilo suppressalis OX=168631 GN=CHILSU_LOCUS9149 PE=3 SV=1	TrEMBL	g17633	A0ABN8B860	5
g17633.t1	tr|A0A8S4FW68|A0A8S4FW68_PLUXY	46.237	372	408	417	91	8.46e-119	361.0	tr|A0A8S4FW68|A0A8S4FW68_PLUXY Lipase OS=Plutella xylostella OX=51655 GN=PLXY2_LOCUS10236 PE=3 SV=1	TrEMBL	g17633	A0A8S4FW68	6
g4081.t1	tr|A0A8B8IF13|A0A8B8IF13_VANTA	55.556	297	299	297	99	1.1300000000000001e-122	360.0	Pancreatic triacylglycerol lipase-like OS=Vanessa tameamea OX=334116 GN=LOC113399761 PE=3 SV=1	TrEMBL	g4081	A0A8B8IF13	10
g18520.t1	tr|A0A4C1TB29|A0A4C1TB29_EUMVA	70.27	259	276	314	93	4.3300000000000004e-122	360.0	tr|A0A4C1TB29|A0A4C1TB29_EUMVA Chymotrypsin-2 OS=Eumeta variegata OX=151549 GN=CHYM2 PE=3 SV=1	TrEMBL	g18520	A0A4C1TB29	3
g15091.t1	tr|A0A9R0E9X8|A0A9R0E9X8_SPOFR	67.803	264	263	263	100	1.14e-122	359.0	tr|A0A9R0E9X8|A0A9R0E9X8_SPOFR trypsin OS=Spodoptera frugiperda OX=7108 GN=LOC118265205 PE=3 SV=1	TrEMBL	g15091	A0A9R0E9X8	4
g15091.t1	tr|A0A9R0CYK0|A0A9R0CYK0_SPOFR	67.803	264	263	263	100	1.2900000000000002e-122	359.0	tr|A0A9R0CYK0|A0A9R0CYK0_SPOFR trypsin OS=Spodoptera frugiperda OX=7108 GN=LOC118265205 PE=3 SV=1	TrEMBL	g15091	A0A9R0CYK0	5
g17633.t1	tr|A0ABQ7Q5S8|A0ABQ7Q5S8_PLUXY	46.092	371	408	418	91	2.65e-118	359.0	tr|A0ABQ7Q5S8|A0ABQ7Q5S8_PLUXY Lipase OS=Plutella xylostella OX=51655 GN=JYU34_014891 PE=3 SV=1	TrEMBL	g17633	A0ABQ7Q5S8	7
g15091.t1	tr|A0A9R0EAJ9|A0A9R0EAJ9_SPOFR	67.803	264	263	263	100	1.8e-122	358.0	tr|A0A9R0EAJ9|A0A9R0EAJ9_SPOFR trypsin OS=Spodoptera frugiperda OX=7108 GN=LOC118265205 PE=3 SV=1	TrEMBL	g15091	A0A9R0EAJ9	6
g15091.t1	tr|A0A9R0CYI9|A0A9R0CYI9_SPOFR	67.424	264	263	263	100	1.65e-122	358.0	tr|A0A9R0CYI9|A0A9R0CYI9_SPOFR trypsin OS=Spodoptera frugiperda OX=7108 GN=LOC118265205 PE=3 SV=1	TrEMBL	g15091	A0A9R0CYI9	7
g16245.t1	tr|A0A4C1Z545|A0A4C1Z545_EUMVA	66.279	258	423	360	70	1.78e-118	358.0	tr|A0A4C1Z545|A0A4C1Z545_EUMVA Serine protease inhibitor 77Ba OS=Eumeta variegata OX=151549 GN=Spn77Ba PE=3 SV=1	TrEMBL	g16245	A0A4C1Z545	3
g14298.t1	tr|A0A9R0CYK0|A0A9R0CYK0_SPOFR	66.288	264	263	263	100	7.710000000000001e-122	357.0	tr|A0A9R0CYK0|A0A9R0CYK0_SPOFR trypsin OS=Spodoptera frugiperda OX=7108 GN=LOC118265205 PE=3 SV=1	TrEMBL	g14298	A0A9R0CYK0	4
g14298.t1	tr|A0A9R0EAJ9|A0A9R0EAJ9_SPOFR	66.288	264	263	263	100	9.08e-122	357.0	tr|A0A9R0EAJ9|A0A9R0EAJ9_SPOFR trypsin OS=Spodoptera frugiperda OX=7108 GN=LOC118265205 PE=3 SV=1	TrEMBL	g14298	A0A9R0EAJ9	5
g14298.t1	tr|A0A9R0E9X8|A0A9R0E9X8_SPOFR	66.288	264	263	263	100	1.01e-121	357.0	tr|A0A9R0E9X8|A0A9R0E9X8_SPOFR trypsin OS=Spodoptera frugiperda OX=7108 GN=LOC118265205 PE=3 SV=1	TrEMBL	g14298	A0A9R0E9X8	6
g17633.t1	tr|A0A821N968|A0A821N968_9NEOP	45.455	374	408	414	92	3.41e-117	357.0	tr|A0A821N968|A0A821N968_9NEOP Lipase OS=Pieris macdunnoughi OX=345717 GN=PMACD_LOCUS2422 PE=3 SV=1	TrEMBL	g17633	A0A821N968	8
g2844.t1	tr|A0ABN8B860|A0ABN8B860_CHISP	45.308	373	408	420	91	5.33e-118	357.0	Lipase OS=Chilo suppressalis OX=168631 GN=CHILSU_LOCUS9149 PE=3 SV=1	TrEMBL	g2844	A0ABN8B860	7
g14298.t1	tr|A0A9R0CYI9|A0A9R0CYI9_SPOFR	65.909	264	263	263	100	1.83e-121	356.0	tr|A0A9R0CYI9|A0A9R0CYI9_SPOFR trypsin OS=Spodoptera frugiperda OX=7108 GN=LOC118265205 PE=3 SV=1	TrEMBL	g14298	A0A9R0CYI9	7
g17633.t1	tr|A0A2W1BMU4|A0A2W1BMU4_HELAM	44.987	389	408	422	95	1.3800000000000002e-116	355.0	tr|A0A2W1BMU4|A0A2W1BMU4_HELAM Lipase OS=Helicoverpa armigera OX=29058 GN=HaOG200566 PE=3 SV=1	TrEMBL	g17633	A0A2W1BMU4	9
g19140.t1	tr|A0A8S4FW68|A0A8S4FW68_PLUXY	46.092	371	408	417	91	1.37e-116	355.0	tr|A0A8S4FW68|A0A8S4FW68_PLUXY Lipase OS=Plutella xylostella OX=51655 GN=PLXY2_LOCUS10236 PE=3 SV=1	TrEMBL	g19140	A0A8S4FW68	6
g14299.t1	tr|A0A4C1SD69|A0A4C1SD69_EUMVA	67.045	264	263	263	100	9.35e-121	354.0	tr|A0A4C1SD69|A0A4C1SD69_EUMVA Trypsin, alkaline C OS=Eumeta variegata OX=151549 GN=EVAR_74357_1 PE=3 SV=1	TrEMBL	g14299	A0A4C1SD69	2
g15091.t1	tr|A0A835GLH1|A0A835GLH1_SPOEX	65.53	264	263	263	100	8.02e-121	354.0	tr|A0A835GLH1|A0A835GLH1_SPOEX trypsin OS=Spodoptera exigua OX=7107 GN=HW555_004563 PE=3 SV=1	TrEMBL	g15091	A0A835GLH1	8
g19140.t1	tr|A0ABQ7Q5S8|A0ABQ7Q5S8_PLUXY	45.822	371	408	418	91	3.02e-116	354.0	tr|A0ABQ7Q5S8|A0ABQ7Q5S8_PLUXY Lipase OS=Plutella xylostella OX=51655 GN=JYU34_014891 PE=3 SV=1	TrEMBL	g19140	A0ABQ7Q5S8	7
g14298.t1	tr|A0A835GLH1|A0A835GLH1_SPOEX	64.773	264	263	263	100	1.63e-120	353.0	tr|A0A835GLH1|A0A835GLH1_SPOEX trypsin OS=Spodoptera exigua OX=7107 GN=HW555_004563 PE=3 SV=1	TrEMBL	g14298	A0A835GLH1	8
g17633.t1	tr|A0AAV1JFA2|A0AAV1JFA2_9NEOP	44.92	374	408	414	92	4.47e-116	353.0	tr|A0AAV1JFA2|A0AAV1JFA2_9NEOP Lipase OS=Leptosia nina OX=320188 GN=LNINA_LOCUS7593 PE=3 SV=1	TrEMBL	g17633	A0AAV1JFA2	10
g2844.t1	tr|A0A821N968|A0A821N968_9NEOP	45.822	371	408	414	91	2.14e-116	353.0	Lipase OS=Pieris macdunnoughi OX=345717 GN=PMACD_LOCUS2422 PE=3 SV=1	TrEMBL	g2844	A0A821N968	8
g4892.t1	tr|A0A4C1W8H4|A0A4C1W8H4_EUMVA	41.542	402	402	400	100	2.87e-116	352.0	CHK kinase-like domain-containing protein OS=Eumeta variegata OX=151549 GN=EVAR_28043_1 PE=4 SV=1	TrEMBL	g4892	A0A4C1W8H4	3
g2844.t1	tr|A0AAV1JFA2|A0AAV1JFA2_9NEOP	45.822	371	408	414	91	4.12e-116	352.0	Lipase OS=Leptosia nina OX=320188 GN=LNINA_LOCUS7593 PE=3 SV=1	TrEMBL	g2844	A0AAV1JFA2	9
g15091.t1	tr|A0A9J7DRP8|A0A9J7DRP8_SPOLT	64.773	264	263	263	100	1.3799999999999999e-119	351.0	tr|A0A9J7DRP8|A0A9J7DRP8_SPOLT trypsin OS=Spodoptera litura OX=69820 GN=LOC111348599 PE=3 SV=1	TrEMBL	g15091	A0A9J7DRP8	9
g3430.t1	tr|A0A8R2AMX8|A0A8R2AMX8_BOMMO	54.89	317	320	699	97	1.95e-113	351.0	Uncharacterized protein OS=Bombyx mori OX=7091 PE=3 SV=1		g3430	A0A8R2AMX8	4
g3430.t1	tr|A0A6J2JZT7|A0A6J2JZT7_BOMMA	54.89	317	320	699	97	2.22e-113	351.0	Xaa-Pro aminopeptidase ApepP-like OS=Bombyx mandarina OX=7092 GN=LOC114246666 PE=3 SV=1		g3430	A0A6J2JZT7	5
g19140.t1	tr|A0A821N968|A0A821N968_9NEOP	44.652	374	408	414	92	3.8899999999999996e-115	351.0	tr|A0A821N968|A0A821N968_9NEOP Lipase OS=Pieris macdunnoughi OX=345717 GN=PMACD_LOCUS2422 PE=3 SV=1	TrEMBL	g19140	A0A821N968	8
g15779.t1	tr|A0A4C1X0M1|A0A4C1X0M1_EUMVA	74.074	216	216	216	100	6.3700000000000005e-121	350.0	tr|A0A4C1X0M1|A0A4C1X0M1_EUMVA Glutathione S-transferase 1, isoform D OS=Eumeta variegata OX=151549 GN=GstD1 PE=3 SV=1	TrEMBL	g15779	A0A4C1X0M1	2
g14298.t1	tr|A0A6J2KKS8|A0A6J2KKS8_BOMMA	63.258	264	263	263	100	5.19e-119	350.0	tr|A0A6J2KKS8|A0A6J2KKS8_BOMMA trypsin OS=Bombyx mandarina OX=7092 GN=LOC114251911 PE=4 SV=1	TrEMBL	g14298	A0A6J2KKS8	9
g14298.t1	tr|A0A9J7DRP8|A0A9J7DRP8_SPOLT	63.258	264	263	263	100	5.79e-119	350.0	tr|A0A9J7DRP8|A0A9J7DRP8_SPOLT trypsin OS=Spodoptera litura OX=69820 GN=LOC111348599 PE=3 SV=1	TrEMBL	g14298	A0A9J7DRP8	10
g19140.t1	tr|A0AAV1JFA2|A0AAV1JFA2_9NEOP	44.892	372	408	414	91	1.51e-114	350.0	tr|A0AAV1JFA2|A0AAV1JFA2_9NEOP Lipase OS=Leptosia nina OX=320188 GN=LNINA_LOCUS7593 PE=3 SV=1	TrEMBL	g19140	A0AAV1JFA2	9
g2844.t1	tr|A0A2W1BMU4|A0A2W1BMU4_HELAM	44.474	371	408	422	91	5.68e-115	350.0	Lipase OS=Helicoverpa armigera OX=29058 GN=HaOG200566 PE=3 SV=1	TrEMBL	g2844	A0A2W1BMU4	10
g16391.t1	tr|A0A4C1Z354|A0A4C1Z354_EUMVA	70.536	224	224	224	100	1.3799999999999999e-119	348.0	tr|A0A4C1Z354|A0A4C1Z354_EUMVA Glutathione S-transferase 1 OS=Eumeta variegata OX=151549 GN=GST1 PE=4 SV=1	TrEMBL	g16391	A0A4C1Z354	2
g1854.t1	tr|A0A0L7LQZ0|A0A0L7LQZ0_OPEBR	44.526	411	408	419	99	4.06e-114	348.0	Putative Juvenile hormone-inducible protein OS=Operophtera brumata OX=104452 GN=OBRU01_03341 PE=4 SV=1	TrEMBL	g1854	A0A0L7LQZ0	5
g19140.t1	tr|A0A9N9W797|A0A9N9W797_9NEOP	43.99	391	408	424	95	7.03e-114	348.0	tr|A0A9N9W797|A0A9N9W797_9NEOP Lipase OS=Diatraea saccharalis OX=40085 GN=DIATSA_LOCUS1415 PE=3 SV=1	TrEMBL	g19140	A0A9N9W797	10
g3686.t1	tr|A0A9R0DH81|A0A9R0DH81_SPOFR	64.122	262	262	262	100	2.87e-118	347.0	Trypsin, alkaline C-like isoform X3 OS=Spodoptera frugiperda OX=7108 GN=LOC118278126 PE=3 SV=1	TrEMBL	g3686	A0A9R0DH81	3
g13783.t1	tr|A0AAV1M567|A0AAV1M567_9NEOP	66.667	258	235	257	99	2.14e-118	347.0	tr|A0AAV1M567|A0AAV1M567_9NEOP trypsin OS=Parnassius mnemosyne OX=213953 GN=PARMNEM_LOCUS20848 PE=3 SV=1	TrEMBL	g13783	A0AAV1M567	4
g3686.t1	tr|A0ABN8IDQ6|A0ABN8IDQ6_9NEOP	69.038	239	262	261	91	1.22e-118	347.0	Peptidase S1 domain-containing protein (Fragment) OS=Iphiclides podalirius OX=110791 GN=IPOD504_LOCUS8851 PE=3 SV=1	TrEMBL	g3686	A0ABN8IDQ6	4
g15091.t1	tr|A0A6J2KKS8|A0A6J2KKS8_BOMMA	63.258	264	263	263	100	1.37e-117	346.0	tr|A0A6J2KKS8|A0A6J2KKS8_BOMMA trypsin OS=Bombyx mandarina OX=7092 GN=LOC114251911 PE=4 SV=1	TrEMBL	g15091	A0A6J2KKS8	10
g3686.t1	tr|C9W8J1|C9W8J1_9NEOP	64.865	259	262	261	99	4.25e-118	346.0	Serine protease 2 OS=Mamestra configurata OX=174822 GN=SP2 PE=2 SV=1	TrEMBL	g3686	C9W8J1	5
g1854.t1	tr|A0A8J9U7Z1|A0A8J9U7Z1_9NEOP	43.341	413	408	418	99	5.81e-113	345.0	CHK kinase-like domain-containing protein (Fragment) OS=Brenthis ino OX=405034 GN=BINO364_LOCUS1844 PE=4 SV=1	TrEMBL	g1854	A0A8J9U7Z1	6
g13783.t1	tr|A0A891XIE8|A0A891XIE8_TINBI	67.717	254	235	257	98	6.25e-118	345.0	tr|A0A891XIE8|A0A891XIE8_TINBI Trypsin alkaline C-like OS=Tineola bisselliella OX=93883 GN=TrpAC PE=2 SV=1	TrEMBL	g13783	A0A891XIE8	5
g3686.t1	tr|A0A194QJ28|A0A194QJ28_PAPXU	65.759	257	262	260	98	1.0900000000000001e-117	345.0	Trypsin, alkaline A OS=Papilio xuthus OX=66420 GN=RR46_03527 PE=3 SV=1	TrEMBL	g3686	A0A194QJ28	6
g3686.t1	tr|Q9U4I4|Q9U4I4_PLOIN	69.492	236	262	260	90	2.3200000000000002e-117	344.0	Trypsin-like PiT2c OS=Plodia interpunctella OX=58824 PE=2 SV=1	TrEMBL	g3686	Q9U4I4	7
g3430.t1	tr|A0A9J7EKI4|A0A9J7EKI4_SPOLT	53.191	329	320	709	100	3.26e-110	343.0	Xaa-Pro aminopeptidase ApepP-like OS=Spodoptera litura OX=69820 GN=LOC111360601 PE=3 SV=1		g3430	A0A9J7EKI4	6
g15779.t1	tr|A0A6C0WAU1|A0A6C0WAU1_OSTFU	73.239	213	216	215	99	3.67e-118	343.0	tr|A0A6C0WAU1|A0A6C0WAU1_OSTFU Glutathione S-transferase delta 4 OS=Ostrinia furnacalis OX=93504 PE=2 SV=1	TrEMBL	g15779	A0A6C0WAU1	3
g13779.t1	tr|A0A4C1WEL4|A0A4C1WEL4_EUMVA	71.064	235	261	635	90	2.17e-111	343.0	tr|A0A4C1WEL4|A0A4C1WEL4_EUMVA trypsin OS=Eumeta variegata OX=151549 GN=EVAR_45636_1 PE=4 SV=1	TrEMBL	g13779	A0A4C1WEL4	2
g15779.t1	tr|A0ABD0SLB0|A0ABD0SLB0_LOXSC	73.709	213	216	215	99	1.51e-117	342.0	tr|A0ABD0SLB0|A0ABD0SLB0_LOXSC Uncharacterized protein OS=Loxostege sticticalis OX=481309 GN=ABMA27_006210 PE=4 SV=1	TrEMBL	g15779	A0ABD0SLB0	4
g3430.t1	tr|A0AAU9T8S5|A0AAU9T8S5_EUPED	52.454	326	320	705	98	9.610000000000001e-110	342.0	Uncharacterized protein OS=Euphydryas editha OX=104508 GN=EEDITHA_LOCUS113 PE=3 SV=1		g3430	A0AAU9T8S5	7
g3686.t1	tr|Q9U4I5|Q9U4I5_PLOIN	69.492	236	262	260	90	1.5e-116	342.0	Trypsin-like PiT2c OS=Plodia interpunctella OX=58824 PE=2 SV=1	TrEMBL	g3686	Q9U4I5	8
g3686.t1	tr|A0A9R0F0U4|A0A9R0F0U4_SPOFR	62.977	262	262	262	100	4.13e-116	341.0	Trypsin, alkaline C-like isoform X2 OS=Spodoptera frugiperda OX=7108 GN=LOC118278126 PE=3 SV=1	TrEMBL	g3686	A0A9R0F0U4	9
g3686.t1	tr|A0A9R0DH58|A0A9R0DH58_SPOFR	62.977	262	262	262	100	4.6600000000000004e-116	341.0	Trypsin, alkaline C-like isoform X1 OS=Spodoptera frugiperda OX=7108 GN=LOC118278126 PE=3 SV=1	TrEMBL	g3686	A0A9R0DH58	10
g3430.t1	tr|A0A9P0XDM1|A0A9P0XDM1_PIEBR	52.412	311	320	692	97	2.25e-109	341.0	Aminopeptidase P N-terminal domain-containing protein OS=Pieris brassicae OX=7116 GN=PIBRA_LOCUS10584 PE=3 SV=1		g3430	A0A9P0XDM1	8
g3430.t1	tr|A0ACC1DKK0|A0ACC1DKK0_9NEOP	52.681	317	320	702	97	6.500000000000001e-109	340.0	Uncharacterized protein OS=Dendrolimus kikuchii OX=765133 GN=K1T71_000651 PE=3 SV=1		g3430	A0ACC1DKK0	9
g2864.t1	tr|A0A835GLH1|A0A835GLH1_SPOEX	62.642	265	265	263	100	2.53e-115	339.0	trypsin OS=Spodoptera exigua OX=7107 GN=HW555_004563 PE=3 SV=1	TrEMBL	g2864	A0A835GLH1	5
g15779.t1	tr|A0A9N9RFW2|A0A9N9RFW2_9NEOP	72.77	213	216	215	99	2.3300000000000002e-116	339.0	tr|A0A9N9RFW2|A0A9N9RFW2_9NEOP Glutathione transferase OS=Diatraea saccharalis OX=40085 GN=DIATSA_LOCUS13121 PE=4 SV=1	TrEMBL	g15779	A0A9N9RFW2	5
g15779.t1	tr|A0A7L4XTX9|A0A7L4XTX9_GLYPY	71.362	213	216	215	99	2.66e-116	339.0	tr|A0A7L4XTX9|A0A7L4XTX9_GLYPY Glutathione S-transferase delta4 OS=Glyphodes pyloalis OX=1242752 GN=GSTDelta4 PE=2 SV=1	TrEMBL	g15779	A0A7L4XTX9	6
g1854.t1	tr|A0A212FKY4|A0A212FKY4_DANPL	43.447	412	408	410	100	1.2100000000000001e-110	338.0	Juvenile hormone-inducible protein OS=Danaus plexippus plexippus OX=278856 GN=KGM_214957 PE=4 SV=1	TrEMBL	g1854	A0A212FKY4	7
g1854.t1	tr|A0A9J7J4H2|A0A9J7J4H2_SPOLT	42.271	414	408	415	100	1.7600000000000002e-110	338.0	Uncharacterized protein LOC111364703 OS=Spodoptera litura OX=69820 GN=LOC111364703 PE=4 SV=1	TrEMBL	g1854	A0A9J7J4H2	8
g8855.t1	tr|A0A8B8I6I5|A0A8B8I6I5_VANTA	42.04	402	367	402	100	7.12e-111	338.0	Serine protease inhibitor 77Ba-like OS=Vanessa tameamea OX=334116 GN=LOC113397749 PE=3 SV=2	TrEMBL	g8855	A0A8B8I6I5	2
g13783.t1	tr|A0A8S3WRX1|A0A8S3WRX1_PARAO	66.279	258	235	257	99	3.5399999999999997e-115	338.0	tr|A0A8S3WRX1|A0A8S3WRX1_PARAO trypsin OS=Parnassius apollo OX=110799 GN=PAPOLLO_LOCUS9456 PE=4 SV=1	TrEMBL	g13783	A0A8S3WRX1	6
g1854.t1	tr|A0A8S4G006|A0A8S4G006_PLUXY	40.678	413	408	415	99	2.36e-110	338.0	(diamondback moth) hypothetical protein OS=Plutella xylostella OX=51655 GN=PLXY2_LOCUS10967 PE=4 SV=1	TrEMBL	g1854	A0A8S4G006	9
g10834.t1	tr|A0A6J1WMV8|A0A6J1WMV8_GALME	69.565	276	258	273	100	6.93e-114	337.0	Cuticle protein OS=Galleria mellonella OX=7137 GN=LOC113512824 PE=4 SV=1	TrEMBL	g10834	A0A6J1WMV8	2
g1854.t1	tr|A0A9R0DIF2|A0A9R0DIF2_SPOFR	41.787	414	408	416	100	4.01e-110	337.0	Uncharacterized protein LOC118279394 OS=Spodoptera frugiperda OX=7108 GN=LOC118279394 PE=4 SV=1	TrEMBL	g1854	A0A9R0DIF2	10
g14301.t1	tr|A0A4C1SD49|A0A4C1SD49_EUMVA	85.106	188	188	264	99	4.72e-115	337.0	tr|A0A4C1SD49|A0A4C1SD49_EUMVA Trypsin CFT-1 OS=Eumeta variegata OX=151549 GN=EVAR_74344_1 PE=3 SV=1	TrEMBL	g14301	A0A4C1SD49	1
g13783.t1	tr|A0ACC1DFX3|A0ACC1DFX3_9NEOP	66.667	258	235	255	99	1.88e-114	337.0	tr|A0ACC1DFX3|A0ACC1DFX3_9NEOP trypsin OS=Dendrolimus kikuchii OX=765133 GN=K1T71_002176 PE=3 SV=1	TrEMBL	g13783	A0ACC1DFX3	7
g13783.t1	tr|A0ABN8IC40|A0ABN8IC40_9NEOP	65.882	255	235	258	98	9.5e-115	337.0	tr|A0ABN8IC40|A0ABN8IC40_9NEOP trypsin (Fragment) OS=Iphiclides podalirius OX=110791 GN=IPOD504_LOCUS7654 PE=3 SV=1	TrEMBL	g13783	A0ABN8IC40	8
g16245.t1	tr|A0A4C1Z440|A0A4C1Z440_EUMVA	43.165	417	423	1244	97	2.62e-101	337.0	tr|A0A4C1Z440|A0A4C1Z440_EUMVA Serine protease inhibitor 77Ba OS=Eumeta variegata OX=151549 GN=Spn77Ba PE=3 SV=1	TrEMBL	g16245	A0A4C1Z440	4
g15779.t1	tr|A0AAD8DR44|A0AAD8DR44_MYTSE	73.239	213	216	214	99	3.3099999999999997e-115	336.0	tr|A0AAD8DR44|A0AAD8DR44_MYTSE Uncharacterized protein OS=Mythimna separata OX=271217 GN=PYW07_005634 PE=4 SV=1	TrEMBL	g15779	A0AAD8DR44	7
g15779.t1	tr|A0A9E9GFG8|A0A9E9GFG8_MYTSE	73.239	213	216	214	99	3.3099999999999997e-115	336.0	tr|A0A9E9GFG8|A0A9E9GFG8_MYTSE Glutathione S-transferase OS=Mythimna separata OX=271217 GN=GSTd4 PE=2 SV=1	TrEMBL	g15779	A0A9E9GFG8	8
g13783.t1	tr|A0A9N8KS65|A0A9N8KS65_CHRIL	64.202	257	235	264	99	5.84e-114	336.0	tr|A0A9N8KS65|A0A9N8KS65_CHRIL trypsin OS=Chrysodeixis includens OX=689277 GN=CINC_LOCUS5857 PE=3 SV=1	TrEMBL	g13783	A0A9N8KS65	9
g13783.t1	tr|A0A8S3WTZ1|A0A8S3WTZ1_PARAO	63.566	258	235	258	99	4.35e-114	336.0	tr|A0A8S3WTZ1|A0A8S3WTZ1_PARAO (apollo) hypothetical protein OS=Parnassius apollo OX=110799 GN=PAPOLLO_LOCUS9454 PE=3 SV=1	TrEMBL	g13783	A0A8S3WTZ1	10
g15779.t1	tr|A0A3G1RJ87|A0A3G1RJ87_9NEOP	71.564	211	216	215	98	3.95e-115	336.0	tr|A0A3G1RJ87|A0A3G1RJ87_9NEOP Glutathione S-transferase unclassified 2 OS=Heortia vitessoides OX=1557813 PE=2 SV=1	TrEMBL	g15779	A0A3G1RJ87	9
g13779.t1	tr|A0A8S3WRX1|A0A8S3WRX1_PARAO	64.822	253	261	257	97	1.04e-113	336.0	tr|A0A8S3WRX1|A0A8S3WRX1_PARAO trypsin OS=Parnassius apollo OX=110799 GN=PAPOLLO_LOCUS9456 PE=4 SV=1	TrEMBL	g13779	A0A8S3WRX1	3
g8855.t1	tr|A0ACC0JJ42|A0ACC0JJ42_CHOFU	44.638	401	367	401	100	1.0700000000000001e-109	335.0	Serpin domain-containing protein OS=Choristoneura fumiferana OX=7141 GN=MSG28_012881 PE=3 SV=1	TrEMBL	g8855	A0ACC0JJ42	3
g13779.t1	tr|A0A4C1WDX3|A0A4C1WDX3_EUMVA	71.368	234	261	259	90	2.93e-113	335.0	tr|A0A4C1WDX3|A0A4C1WDX3_EUMVA Trypsin CFT-1 OS=Eumeta variegata OX=151549 GN=EVAR_45633_1 PE=3 SV=1	TrEMBL	g13779	A0A4C1WDX3	4
g3430.t1	tr|A0ABM3M3V9|A0ABM3M3V9_BICAN	57.455	275	320	657	86	9.71e-108	335.0	Xaa-Pro aminopeptidase ApepP OS=Bicyclus anynana OX=110368 GN=LOC112046163 PE=3 SV=1		g3430	A0ABM3M3V9	10
g2864.t1	tr|A0A9J7DRP8|A0A9J7DRP8_SPOLT	60.755	265	265	263	100	2.1e-113	334.0	trypsin OS=Spodoptera litura OX=69820 GN=LOC111348599 PE=3 SV=1	TrEMBL	g2864	A0A9J7DRP8	6
g2864.t1	tr|A0A835GJJ7|A0A835GJJ7_SPOEX	60.0	265	265	272	100	2.9e-113	334.0	trypsin OS=Spodoptera exigua OX=7107 GN=HW555_004568 PE=4 SV=1	TrEMBL	g2864	A0A835GJJ7	7
g14299.t1	tr|A0A4C1SG55|A0A4C1SG55_EUMVA	65.779	263	263	441	99	1.8300000000000002e-110	334.0	tr|A0A4C1SG55|A0A4C1SG55_EUMVA Trypsin CFT-1 OS=Eumeta variegata OX=151549 GN=EVAR_74392_1 PE=3 SV=1	TrEMBL	g14299	A0A4C1SG55	3
g15779.t1	tr|A0ACC2QGP2|A0ACC2QGP2_9NEOP	72.3	213	216	214	99	3.9799999999999996e-114	333.0	tr|A0ACC2QGP2|A0ACC2QGP2_9NEOP Uncharacterized protein OS=Mythimna loreyi OX=667449 GN=PYW08_005491 PE=4 SV=1	TrEMBL	g15779	A0ACC2QGP2	10
g2864.t1	tr|A0ACC0JDP5|A0ACC0JDP5_CHOFU	61.509	265	265	263	100	2.55e-112	332.0	trypsin OS=Choristoneura fumiferana OX=7141 GN=MSG28_006125 PE=3 SV=1	TrEMBL	g2864	A0ACC0JDP5	8
g2864.t1	tr|A0A835GIZ1|A0A835GIZ1_SPOEX	60.0	265	265	272	100	1.86e-112	332.0	trypsin OS=Spodoptera exigua OX=7107 GN=HW555_004567 PE=4 SV=1	TrEMBL	g2864	A0A835GIZ1	9
g2864.t1	tr|A0ACC2R1Z9|A0ACC2R1Z9_9NEOP	64.8	250	265	263	94	1.49e-112	332.0	trypsin OS=Mythimna loreyi OX=667449 GN=PYW08_002173 PE=3 SV=1	TrEMBL	g2864	A0ACC2R1Z9	10
g13779.t1	tr|A0ABN8IC40|A0ABN8IC40_9NEOP	65.354	254	261	258	97	1.11e-111	331.0	tr|A0ABN8IC40|A0ABN8IC40_9NEOP trypsin (Fragment) OS=Iphiclides podalirius OX=110791 GN=IPOD504_LOCUS7654 PE=3 SV=1	TrEMBL	g13779	A0ABN8IC40	5
g4893.t1	tr|A0A4C1W8L2|A0A4C1W8L2_EUMVA	40.609	394	399	399	98	1.59e-107	330.0	CHK kinase-like domain-containing protein OS=Eumeta variegata OX=151549 GN=EVAR_28046_1 PE=4 SV=1	TrEMBL	g4893	A0A4C1W8L2	3
g16245.t1	tr|A0A4C1ZMK9|A0A4C1ZMK9_EUMVA	40.334	419	423	438	98	7.13e-106	329.0	tr|A0A4C1ZMK9|A0A4C1ZMK9_EUMVA Serine protease inhibitor 77Ba OS=Eumeta variegata OX=151549 GN=Spn77Ba PE=3 SV=1	TrEMBL	g16245	A0A4C1ZMK9	5
g8855.t1	tr|A0ABQ7PU57|A0ABQ7PU57_PLUXY	44.332	397	367	401	99	8.52e-107	328.0	Serpin domain-containing protein OS=Plutella xylostella OX=51655 GN=JYU34_020204 PE=3 SV=1	TrEMBL	g8855	A0ABQ7PU57	4
g14299.t1	tr|A0A4C1SF71|A0A4C1SF71_EUMVA	55.743	296	263	359	98	5.87e-109	328.0	tr|A0A4C1SF71|A0A4C1SF71_EUMVA Trypsin, alkaline C OS=Eumeta variegata OX=151549 GN=EVAR_74358_1 PE=4 SV=1	TrEMBL	g14299	A0A4C1SF71	4
g13779.t1	tr|A0AAV1M567|A0AAV1M567_9NEOP	63.636	253	261	257	97	3.31e-110	327.0	tr|A0AAV1M567|A0AAV1M567_9NEOP trypsin OS=Parnassius mnemosyne OX=213953 GN=PARMNEM_LOCUS20848 PE=3 SV=1	TrEMBL	g13779	A0AAV1M567	6
g3538.t1	tr|A0A4C1ZMK9|A0A4C1ZMK9_EUMVA	45.504	367	369	438	99	5.06e-106	326.0	Serine protease inhibitor 77Ba OS=Eumeta variegata OX=151549 GN=Spn77Ba PE=3 SV=1		g3538	A0A4C1ZMK9	2
g8855.t1	tr|A0A8S3X147|A0A8S3X147_PARAO	42.714	398	367	399	99	4.0799999999999997e-106	326.0	(apollo) hypothetical protein OS=Parnassius apollo OX=110799 GN=PAPOLLO_LOCUS12836 PE=3 SV=1	TrEMBL	g8855	A0A8S3X147	5
g13779.t1	tr|Q27540|Q27540_CHOFU	66.142	254	261	256	97	1.0500000000000001e-109	326.0	tr|Q27540|Q27540_CHOFU Trypsin OS=Choristoneura fumiferana OX=7141 GN=cftry PE=3 SV=1	TrEMBL	g13779	Q27540	7
g16240.t1	tr|A0A0M5KHD7|A0A0M5KHD7_BOMMA	41.935	403	399	395	100	2.35e-105	325.0	tr|A0A0M5KHD7|A0A0M5KHD7_BOMMA Serpin 5 OS=Bombyx mandarina OX=7092 PE=2 SV=1	TrEMBL	g16240	A0A0M5KHD7	3
g16240.t1	tr|A0A6J2KFC9|A0A6J2KFC9_BOMMA	41.935	403	399	395	100	3.5800000000000005e-105	325.0	tr|A0A6J2KFC9|A0A6J2KFC9_BOMMA Serine protease inhibitor 77Ba-like OS=Bombyx mandarina OX=7092 GN=LOC114250096 PE=3 SV=1	TrEMBL	g16240	A0A6J2KFC9	4
g13779.t1	tr|A0A194PVB6|A0A194PVB6_PAPXU	63.178	258	261	256	99	2.06e-109	325.0	tr|A0A194PVB6|A0A194PVB6_PAPXU limulus clotting factor C OS=Papilio xuthus OX=66420 GN=RR46_12074 PE=3 SV=1	TrEMBL	g13779	A0A194PVB6	8
g16245.t1	tr|A0A4C1Z4C9|A0A4C1Z4C9_EUMVA	40.625	416	423	396	98	5.59e-105	325.0	tr|A0A4C1Z4C9|A0A4C1Z4C9_EUMVA Serine protease inhibitor 77Ba OS=Eumeta variegata OX=151549 GN=Spn77Ba PE=3 SV=1	TrEMBL	g16245	A0A4C1Z4C9	6
g13779.t1	tr|A0A8S3WTZ1|A0A8S3WTZ1_PARAO	68.534	232	261	258	89	3.23e-109	325.0	tr|A0A8S3WTZ1|A0A8S3WTZ1_PARAO (apollo) hypothetical protein OS=Parnassius apollo OX=110799 GN=PAPOLLO_LOCUS9454 PE=3 SV=1	TrEMBL	g13779	A0A8S3WTZ1	9
g4123.t1	tr|A0A7E5VES7|A0A7E5VES7_TRINI	85.326	184	190	184	97	7.18e-112	324.0	Signal peptidase complex subunit 2 OS=Trichoplusia ni OX=7111 GN=LOC113493171 PE=3 SV=1	TrEMBL	g4123	A0A7E5VES7	2
g13779.t1	sp|P35042|TRYP_CHOFU	65.748	254	261	256	97	5.75e-109	324.0	sp|P35042|TRYP_CHOFU Trypsin CFT-1 OS=Choristoneura fumiferana OX=7141 PE=1 SV=1	Swiss-Prot	g13779	P35042	10
g4123.t1	tr|A0AAD8DVS6|A0AAD8DVS6_MYTSE	84.211	190	190	184	100	1.69e-111	323.0	Signal peptidase complex subunit 2 OS=Mythimna separata OX=271217 GN=PYW07_001291 PE=3 SV=1	TrEMBL	g4123	A0AAD8DVS6	3
g10834.t1	tr|A0A8S4S744|A0A8S4S744_9NEOP	67.647	272	258	269	100	1.35e-108	323.0	Jg12738 protein OS=Pararge aegeria aegeria OX=348720 GN=jg12738 PE=4 SV=1	TrEMBL	g10834	A0A8S4S744	3
g4123.t1	tr|A0ACC2R0U4|A0ACC2R0U4_9NEOP	85.326	184	190	184	97	1.34e-111	323.0	Signal peptidase complex subunit 2 OS=Mythimna loreyi OX=667449 GN=PYW08_000770 PE=3 SV=1	TrEMBL	g4123	A0ACC2R0U4	4
g8856.t1	tr|A0A8S3X3I3|A0A8S3X3I3_PARAO	41.842	380	394	402	95	1.2399999999999999e-104	323.0	(apollo) hypothetical protein OS=Parnassius apollo OX=110799 GN=PAPOLLO_LOCUS12834 PE=3 SV=1	TrEMBL	g8856	A0A8S3X3I3	2
g4123.t1	tr|A0ABD0TJM3|A0ABD0TJM3_LOXSC	84.737	190	190	184	100	7.18e-111	322.0	Signal peptidase complex subunit 2 OS=Loxostege sticticalis OX=481309 GN=ABMA27_013549 PE=3 SV=1	TrEMBL	g4123	A0ABD0TJM3	5
g4123.t1	tr|A0A2H1V606|A0A2H1V606_SPOFR	84.211	190	190	184	100	3.7599999999999996e-111	322.0	Signal peptidase complex subunit 2 OS=Spodoptera frugiperda OX=7108 GN=LOC118273204 PE=3 SV=1	TrEMBL	g4123	A0A2H1V606	6
g4123.t1	tr|A0A8S4G3K1|A0A8S4G3K1_PLUXY	80.0	190	190	189	100	4.1e-111	322.0	Signal peptidase complex subunit 2 OS=Plutella xylostella OX=51655 GN=PLXY2_LOCUS11704 PE=3 SV=1	TrEMBL	g4123	A0A8S4G3K1	7
g4123.t1	tr|A0ABQ7R1G3|A0ABQ7R1G3_PLUXY	80.0	190	190	189	100	4.1e-111	322.0	Signal peptidase complex subunit 2 OS=Plutella xylostella OX=51655 GN=JYU34_002133 PE=3 SV=1	TrEMBL	g4123	A0ABQ7R1G3	8
g8855.t1	tr|A0A8J2QTP9|A0A8J2QTP9_9NEOP	43.392	401	367	400	100	1.82e-104	322.0	(African queen) hypothetical protein OS=Danaus chrysippus OX=151541 GN=DCHRY22_LOCUS8587 PE=3 SV=1	TrEMBL	g8855	A0A8J2QTP9	6
g16240.t1	tr|A0A6J1W742|A0A6J1W742_GALME	40.943	403	399	400	100	3.3399999999999996e-104	322.0	tr|A0A6J1W742|A0A6J1W742_GALME Serine protease inhibitor 77Ba-like OS=Galleria mellonella OX=7137 GN=LOC113509391 PE=3 SV=1	TrEMBL	g16240	A0A6J1W742	5
g16392.t1	tr|A0A4C1Z8T8|A0A4C1Z8T8_EUMVA	67.568	222	224	225	99	2.51e-109	322.0	tr|A0A4C1Z8T8|A0A4C1Z8T8_EUMVA Glutathione S-transferase 1 OS=Eumeta variegata OX=151549 GN=GST1 PE=4 SV=1	TrEMBL	g16392	A0A4C1Z8T8	2
g4123.t1	tr|A0A9J7E2P4|A0A9J7E2P4_SPOLT	84.783	184	190	184	97	7.67e-111	322.0	Signal peptidase complex subunit 2 OS=Spodoptera litura OX=69820 GN=LOC111352457 PE=3 SV=1	TrEMBL	g4123	A0A9J7E2P4	9
g4123.t1	tr|A0A9P0IGK3|A0A9P0IGK3_SPOLI	84.783	184	190	184	97	7.67e-111	322.0	Signal peptidase complex subunit 2 OS=Spodoptera littoralis OX=7109 GN=SPLIT_LOCUS10053 PE=3 SV=1	TrEMBL	g4123	A0A9P0IGK3	10
g16240.t1	tr|A0AAV1L2G3|A0AAV1L2G3_9NEOP	42.092	392	399	395	96	4.1199999999999996e-104	322.0	tr|A0AAV1L2G3|A0AAV1L2G3_9NEOP Serpin domain-containing protein OS=Parnassius mnemosyne OX=213953 GN=PARMNEM_LOCUS10029 PE=3 SV=1	TrEMBL	g16240	A0AAV1L2G3	6
g16240.t1	tr|A0A4C1YZY8|A0A4C1YZY8_EUMVA	40.247	405	399	402	95	5.0799999999999995e-104	322.0	tr|A0A4C1YZY8|A0A4C1YZY8_EUMVA Serine protease inhibitor 77Ba OS=Eumeta variegata OX=151549 GN=Spn77Ba PE=3 SV=1	TrEMBL	g16240	A0A4C1YZY8	7
g16240.t1	tr|A0A8R1TAK6|A0A8R1TAK6_BOMMO	41.687	403	399	395	100	8.329999999999999e-104	321.0	tr|A0A8R1TAK6|A0A8R1TAK6_BOMMO Uncharacterized protein OS=Bombyx mori OX=7091 GN=692688 PE=4 SV=1	TrEMBL	g16240	A0A8R1TAK6	8
g16240.t1	tr|Q6Q2D5|Q6Q2D5_BOMMO	41.687	403	399	395	100	8.329999999999999e-104	321.0	tr|Q6Q2D5|Q6Q2D5_BOMMO Serpin-5 OS=Bombyx mori OX=7091 PE=2 SV=1	TrEMBL	g16240	Q6Q2D5	9
g16240.t1	tr|A0A6J1MQI2|A0A6J1MQI2_BICAN	40.648	401	399	395	100	8.889999999999999e-104	321.0	tr|A0A6J1MQI2|A0A6J1MQI2_BICAN Serine protease inhibitor 2.1-like OS=Bicyclus anynana OX=110368 GN=LOC112043784 PE=3 SV=1	TrEMBL	g16240	A0A6J1MQI2	10
g17097.t1	tr|A0A8S4FTA7|A0A8S4FTA7_PLUXY	41.247	417	418	411	99	4.77e-103	321.0	tr|A0A8S4FTA7|A0A8S4FTA7_PLUXY (diamondback moth) hypothetical protein OS=Plutella xylostella OX=51655 GN=PLXY2_LOCUS9859 PE=4 SV=1	TrEMBL	g17097	A0A8S4FTA7	4
g8856.t1	tr|A0AAV1L797|A0AAV1L797_9NEOP	41.058	397	394	402	98	1.49e-103	321.0	Serpin domain-containing protein OS=Parnassius mnemosyne OX=213953 GN=PARMNEM_LOCUS10300 PE=3 SV=1	TrEMBL	g8856	A0AAV1L797	3
g13778.t1	tr|A0A4C1WGE0|A0A4C1WGE0_EUMVA	69.264	231	258	231	89	2.68e-108	321.0	tr|A0A4C1WGE0|A0A4C1WGE0_EUMVA Trypsin CFT-1 OS=Eumeta variegata OX=151549 GN=EVAR_45627_1 PE=3 SV=1	TrEMBL	g13778	A0A4C1WGE0	1
g8855.t1	tr|A0AAV1L752|A0AAV1L752_9NEOP	42.714	398	367	399	99	8.54e-104	320.0	Serpin domain-containing protein OS=Parnassius mnemosyne OX=213953 GN=PARMNEM_LOCUS10301 PE=3 SV=1	TrEMBL	g8855	A0AAV1L752	7
g8855.t1	tr|A0ACC1CK91|A0ACC1CK91_9NEOP	42.424	396	367	403	99	9.179999999999999e-104	320.0	Serpin domain-containing protein OS=Dendrolimus kikuchii OX=765133 GN=K1T71_012721 PE=3 SV=1	TrEMBL	g8855	A0ACC1CK91	8
g8855.t1	tr|A0ABR3H789|A0ABR3H789_LOXSC	40.657	396	367	406	98	1.6300000000000002e-103	320.0	Serpin domain-containing protein OS=Loxostege sticticalis OX=481309 GN=ABMA27_010013 PE=3 SV=1	TrEMBL	g8855	A0ABR3H789	9
g10834.t1	tr|A0A9N9R2C0|A0A9N9R2C0_9NEOP	67.037	270	258	267	100	9.46e-107	318.0	Uncharacterized protein OS=Diatraea saccharalis OX=40085 GN=DIATSA_LOCUS5998 PE=4 SV=1	TrEMBL	g10834	A0A9N9R2C0	4
g14299.t1	tr|A0A835GLH1|A0A835GLH1_SPOEX	56.061	264	263	263	100	1.95e-106	318.0	tr|A0A835GLH1|A0A835GLH1_SPOEX trypsin OS=Spodoptera exigua OX=7107 GN=HW555_004563 PE=3 SV=1	TrEMBL	g14299	A0A835GLH1	5
g17097.t1	tr|A0ACC0KX71|A0ACC0KX71_CHOFU	38.517	418	418	421	99	5.16e-102	318.0	tr|A0ACC0KX71|A0ACC0KX71_CHOFU CHK kinase-like domain-containing protein OS=Choristoneura fumiferana OX=7141 GN=MSG28_009357 PE=4 SV=1	TrEMBL	g17097	A0ACC0KX71	5
g10834.t1	tr|A0ABR3HQN3|A0ABR3HQN3_LOXSC	70.342	263	258	255	100	1.85e-106	317.0	Uncharacterized protein OS=Loxostege sticticalis OX=481309 GN=ABMA27_003888 PE=4 SV=1	TrEMBL	g10834	A0ABR3HQN3	5
g10834.t1	tr|C0H6K1|C0H6K1_BOMMO	65.614	285	258	281	100	8.11e-106	317.0	Putative cuticle protein OS=Bombyx mori OX=7091 GN=BmorCPR10 PE=2 SV=1	TrEMBL	g10834	C0H6K1	6
g10834.t1	tr|A0A8R1TFY3|A0A8R1TFY3_BOMMO	65.614	285	258	281	100	8.11e-106	317.0	Uncharacterized protein OS=Bombyx mori OX=7091 GN=100379456 PE=4 SV=1	TrEMBL	g10834	A0A8R1TFY3	7
g10834.t1	tr|A0A6J2K1G3|A0A6J2K1G3_BOMMA	65.614	285	258	281	100	8.11e-106	317.0	Global transcription regulator sge1 OS=Bombyx mandarina OX=7092 GN=LOC114246492 PE=4 SV=1	TrEMBL	g10834	A0A6J2K1G3	8
g14299.t1	tr|A0A9R0CYI9|A0A9R0CYI9_SPOFR	56.818	264	263	263	100	1.03e-105	316.0	tr|A0A9R0CYI9|A0A9R0CYI9_SPOFR trypsin OS=Spodoptera frugiperda OX=7108 GN=LOC118265205 PE=3 SV=1	TrEMBL	g14299	A0A9R0CYI9	6
g4994.t1	tr|A0A4C1VV52|A0A4C1VV52_EUMVA	97.386	153	153	169	100	3.86e-109	315.0	Nucleoside diphosphate kinase OS=Eumeta variegata OX=151549 GN=awd PE=3 SV=1	TrEMBL	g4994	A0A4C1VV52	1
g10834.t1	tr|A0ABN8B3J7|A0ABN8B3J7_CHISP	68.0	275	258	329	100	1.3e-104	315.0	Uncharacterized protein OS=Chilo suppressalis OX=168631 GN=CHILSU_LOCUS3262 PE=4 SV=1	TrEMBL	g10834	A0ABN8B3J7	9
g14299.t1	tr|A0A9N8Q0Z6|A0A9N8Q0Z6_CHRIL	58.333	264	263	262	100	2.28e-105	315.0	tr|A0A9N8Q0Z6|A0A9N8Q0Z6_CHRIL trypsin OS=Chrysodeixis includens OX=689277 GN=CINC_LOCUS1549 PE=3 SV=1	TrEMBL	g14299	A0A9N8Q0Z6	7
g14299.t1	tr|A0A9R0EAJ9|A0A9R0EAJ9_SPOFR	56.818	264	263	263	100	1.7e-105	315.0	tr|A0A9R0EAJ9|A0A9R0EAJ9_SPOFR trypsin OS=Spodoptera frugiperda OX=7108 GN=LOC118265205 PE=3 SV=1	TrEMBL	g14299	A0A9R0EAJ9	8
g14299.t1	tr|A0A9R0CYK0|A0A9R0CYK0_SPOFR	56.818	264	263	263	100	1.82e-105	315.0	tr|A0A9R0CYK0|A0A9R0CYK0_SPOFR trypsin OS=Spodoptera frugiperda OX=7108 GN=LOC118265205 PE=3 SV=1	TrEMBL	g14299	A0A9R0CYK0	9
g14299.t1	tr|A0A9R0E9X8|A0A9R0E9X8_SPOFR	56.818	264	263	263	100	1.88e-105	315.0	tr|A0A9R0E9X8|A0A9R0E9X8_SPOFR trypsin OS=Spodoptera frugiperda OX=7108 GN=LOC118265205 PE=3 SV=1	TrEMBL	g14299	A0A9R0E9X8	10
g16245.t1	tr|A0A4C1ZPI4|A0A4C1ZPI4_EUMVA	39.858	424	423	425	99	2.07e-100	315.0	tr|A0A4C1ZPI4|A0A4C1ZPI4_EUMVA Serine protease inhibitor 77Ba OS=Eumeta variegata OX=151549 GN=Spn77Ba PE=3 SV=1	TrEMBL	g16245	A0A4C1ZPI4	7
g18520.t1	tr|A0A7E5WM55|A0A7E5WM55_TRINI	58.633	278	276	281	99	2.2899999999999997e-104	314.0	tr|A0A7E5WM55|A0A7E5WM55_TRINI Chymotrypsin-1-like OS=Trichoplusia ni OX=7111 GN=LOC113503905 PE=3 SV=1	TrEMBL	g18520	A0A7E5WM55	4
g18520.t1	tr|A0AAV1KLT4|A0AAV1KLT4_9NEOP	55.197	279	276	279	99	1.6499999999999997e-104	314.0	tr|A0AAV1KLT4|A0AAV1KLT4_9NEOP Peptidase S1 domain-containing protein OS=Parnassius mnemosyne OX=213953 GN=PARMNEM_LOCUS4520 PE=3 SV=1	TrEMBL	g18520	A0AAV1KLT4	5
g8856.t1	tr|A0ABN8IM44|A0ABN8IM44_9NEOP	41.814	397	394	399	99	5.15e-101	314.0	Serpin domain-containing protein (Fragment) OS=Iphiclides podalirius OX=110791 GN=IPOD504_LOCUS10587 PE=3 SV=1	TrEMBL	g8856	A0ABN8IM44	4
g18520.t1	tr|A0A9P0G0K5|A0A9P0G0K5_CHRIL	59.353	278	276	280	99	5.79e-104	313.0	tr|A0A9P0G0K5|A0A9P0G0K5_CHRIL Peptidase S1 domain-containing protein OS=Chrysodeixis includens OX=689277 GN=CINC_LOCUS11864 PE=3 SV=1	TrEMBL	g18520	A0A9P0G0K5	6
g18520.t1	tr|A0ACC1CYF3|A0ACC1CYF3_9NEOP	57.194	278	276	279	99	2.4099999999999997e-104	313.0	tr|A0ACC1CYF3|A0ACC1CYF3_9NEOP Peptidase S1 domain-containing protein OS=Dendrolimus kikuchii OX=765133 GN=K1T71_008481 PE=3 SV=1	TrEMBL	g18520	A0ACC1CYF3	7
g10834.t1	tr|A0AAU9U0W3|A0AAU9U0W3_EUPED	68.132	273	258	270	100	4.6199999999999997e-104	312.0	Uncharacterized protein OS=Euphydryas editha OX=104508 GN=EEDITHA_LOCUS6371 PE=4 SV=1	TrEMBL	g10834	A0AAU9U0W3	10
g17097.t1	tr|A0A0L7LNI5|A0A0L7LNI5_OPEBR	38.806	402	418	411	96	8.86e-100	312.0	tr|A0A0L7LNI5|A0A0L7LNI5_OPEBR CHK kinase-like domain-containing protein OS=Operophtera brumata OX=104452 GN=OBRU01_04785 PE=4 SV=1	TrEMBL	g17097	A0A0L7LNI5	6
g8856.t1	tr|A0A9N9R9Y3|A0A9N9R9Y3_9NEOP	41.371	394	394	399	99	1.0600000000000001e-99	311.0	Serpin domain-containing protein OS=Diatraea saccharalis OX=40085 GN=DIATSA_LOCUS10063 PE=3 SV=1	TrEMBL	g8856	A0A9N9R9Y3	5
g8855.t1	tr|A0AAU9UG94|A0AAU9UG94_EUPED	41.31	397	367	401	99	3.75e-100	311.0	Serpin domain-containing protein OS=Euphydryas editha OX=104508 GN=EEDITHA_LOCUS13206 PE=3 SV=1	TrEMBL	g8855	A0AAU9UG94	10
g8856.t1	tr|A0A0N1PID3|A0A0N1PID3_PAPMA	40.302	397	394	401	98	1.39e-99	310.0	Serpin B9 OS=Papilio machaon OX=76193 GN=RR48_02848 PE=3 SV=1	TrEMBL	g8856	A0A0N1PID3	6
g8856.t1	tr|A0ABR3H7A0|A0ABR3H7A0_LOXSC	41.5	400	394	399	99	3.93e-99	309.0	Serpin domain-containing protein OS=Loxostege sticticalis OX=481309 GN=ABMA27_010012 PE=3 SV=1	TrEMBL	g8856	A0ABR3H7A0	7
g17097.t1	tr|A0A6J1WK16|A0A6J1WK16_GALME	38.702	416	418	421	99	2.78e-98	309.0	tr|A0A6J1WK16|A0A6J1WK16_GALME Uncharacterized protein LOC113512029 OS=Galleria mellonella OX=7137 GN=LOC113512029 PE=4 SV=1	TrEMBL	g17097	A0A6J1WK16	7
g3538.t1	tr|A0A4C1ZPI4|A0A4C1ZPI4_EUMVA	43.243	370	369	425	99	2.6e-99	308.0	Serine protease inhibitor 77Ba OS=Eumeta variegata OX=151549 GN=Spn77Ba PE=3 SV=1		g3538	A0A4C1ZPI4	3
g8856.t1	tr|A0A8B8I4J5|A0A8B8I4J5_VANTA	38.384	396	394	398	99	1.1e-98	308.0	Ovalbumin-related protein X-like OS=Vanessa tameamea OX=334116 GN=LOC113397751 PE=3 SV=2	TrEMBL	g8856	A0A8B8I4J5	8
g8856.t1	tr|A0ABN8B305|A0ABN8B305_CHISP	40.759	395	394	400	99	2.67e-98	307.0	Serpin domain-containing protein OS=Chilo suppressalis OX=168631 GN=CHILSU_LOCUS6727 PE=3 SV=1	TrEMBL	g8856	A0ABN8B305	9
g18520.t1	tr|A0ABR3HQD5|A0ABR3HQD5_LOXSC	57.544	285	276	285	99	3.9e-101	306.0	tr|A0ABR3HQD5|A0ABR3HQD5_LOXSC Peptidase S1 domain-containing protein OS=Loxostege sticticalis OX=481309 GN=ABMA27_003808 PE=3 SV=1	TrEMBL	g18520	A0ABR3HQD5	8
g16245.t1	tr|A0A6J1W742|A0A6J1W742_GALME	39.855	414	423	400	98	2.6200000000000003e-97	306.0	tr|A0A6J1W742|A0A6J1W742_GALME Serine protease inhibitor 77Ba-like OS=Galleria mellonella OX=7137 GN=LOC113509391 PE=3 SV=1	TrEMBL	g16245	A0A6J1W742	8
g8856.t1	tr|A0AAV1JFD2|A0AAV1JFD2_9NEOP	39.801	402	394	401	100	1.9e-97	305.0	Serpin domain-containing protein OS=Leptosia nina OX=320188 GN=LNINA_LOCUS7286 PE=3 SV=1	TrEMBL	g8856	A0AAV1JFD2	10
g18520.t1	tr|A0A8S3XVT0|A0A8S3XVT0_PARAO	54.48	279	276	290	99	1.25e-100	305.0	tr|A0A8S3XVT0|A0A8S3XVT0_PARAO (apollo) hypothetical protein OS=Parnassius apollo OX=110799 GN=PAPOLLO_LOCUS22697 PE=4 SV=1	TrEMBL	g18520	A0A8S3XVT0	9
g17098.t1	tr|A0A8S4FTA7|A0A8S4FTA7_PLUXY	39.286	420	421	411	99	4.57e-97	305.0	tr|A0A8S4FTA7|A0A8S4FTA7_PLUXY (diamondback moth) hypothetical protein OS=Plutella xylostella OX=51655 GN=PLXY2_LOCUS9859 PE=4 SV=1	TrEMBL	g17098	A0A8S4FTA7	4
g3538.t1	tr|A0A4C1Z3B3|A0A4C1Z3B3_EUMVA	45.879	364	369	434	98	4.64e-98	305.0	Serine protease inhibitor 77Ba OS=Eumeta variegata OX=151549 GN=Spn77Ba PE=3 SV=1		g3538	A0A4C1Z3B3	4
g16245.t1	tr|A0AAU9UKA9|A0AAU9UKA9_EUPED	41.176	408	423	396	96	3.97e-97	305.0	tr|A0AAU9UKA9|A0AAU9UKA9_EUPED Serpin domain-containing protein OS=Euphydryas editha OX=104508 GN=EEDITHA_LOCUS13530 PE=3 SV=1	TrEMBL	g16245	A0AAU9UKA9	9
g13778.t1	tr|A0A4C1WDX3|A0A4C1WDX3_EUMVA	62.393	234	258	259	90	1.77e-101	305.0	tr|A0A4C1WDX3|A0A4C1WDX3_EUMVA Trypsin CFT-1 OS=Eumeta variegata OX=151549 GN=EVAR_45633_1 PE=3 SV=1	TrEMBL	g13778	A0A4C1WDX3	2
g13778.t1	tr|A0ABN8IC40|A0ABN8IC40_9NEOP	62.5	232	258	258	89	2.54e-101	304.0	tr|A0ABN8IC40|A0ABN8IC40_9NEOP trypsin (Fragment) OS=Iphiclides podalirius OX=110791 GN=IPOD504_LOCUS7654 PE=3 SV=1	TrEMBL	g13778	A0ABN8IC40	3
g19654.t1	tr|A0A0L7L8A3|A0A0L7L8A3_OPEBR	62.595	262	260	255	100	9.07e-101	303.0	tr|A0A0L7L8A3|A0A0L7L8A3_OPEBR Nuclear receptor-binding factor 2 OS=Operophtera brumata OX=104452 GN=OBRU01_06401 PE=4 SV=1	TrEMBL	g19654	A0A0L7L8A3	2
g18520.t1	tr|A0A4C1T8N9|A0A4C1T8N9_EUMVA	57.04	277	276	233	99	7.15e-101	303.0	tr|A0A4C1T8N9|A0A4C1T8N9_EUMVA Chymotrypsin-2 OS=Eumeta variegata OX=151549 GN=EVAR_6330_1 PE=3 SV=1	TrEMBL	g18520	A0A4C1T8N9	10
g17097.t1	tr|A0A0L7LN80|A0A0L7LN80_OPEBR	38.995	418	418	400	99	2.92e-96	303.0	tr|A0A0L7LN80|A0A0L7LN80_OPEBR Ecdysteroid 22-kinase OS=Operophtera brumata OX=104452 GN=OBRU01_04781 PE=4 SV=1	TrEMBL	g17097	A0A0L7LN80	8
g16245.t1	tr|A0A6J1MQI2|A0A6J1MQI2_BICAN	40.097	414	423	395	97	1.64e-96	303.0	tr|A0A6J1MQI2|A0A6J1MQI2_BICAN Serine protease inhibitor 2.1-like OS=Bicyclus anynana OX=110368 GN=LOC112043784 PE=3 SV=1	TrEMBL	g16245	A0A6J1MQI2	10
g17097.t1	tr|A0A921ZH24|A0A921ZH24_MANSE	38.389	422	418	413	100	2.83e-95	301.0	tr|A0A921ZH24|A0A921ZH24_MANSE CHK kinase-like domain-containing protein OS=Manduca sexta OX=7130 GN=O3G_MSEX009861 PE=4 SV=1	TrEMBL	g17097	A0A921ZH24	9
g17097.t1	tr|A0ACC0KY39|A0ACC0KY39_CHOFU	36.905	420	418	418	99	2.9299999999999996e-95	301.0	tr|A0ACC0KY39|A0ACC0KY39_CHOFU CHK kinase-like domain-containing protein OS=Choristoneura fumiferana OX=7141 GN=MSG28_009356 PE=4 SV=1	TrEMBL	g17097	A0ACC0KY39	10
g13778.t1	tr|A0A8S3WRX1|A0A8S3WRX1_PARAO	57.54	252	258	257	97	1.0600000000000001e-99	300.0	tr|A0A8S3WRX1|A0A8S3WRX1_PARAO trypsin OS=Parnassius apollo OX=110799 GN=PAPOLLO_LOCUS9456 PE=4 SV=1	TrEMBL	g13778	A0A8S3WRX1	4
g13778.t1	tr|A0A8S3WTZ1|A0A8S3WTZ1_PARAO	62.069	232	258	258	89	3.18e-99	299.0	tr|A0A8S3WTZ1|A0A8S3WTZ1_PARAO (apollo) hypothetical protein OS=Parnassius apollo OX=110799 GN=PAPOLLO_LOCUS9454 PE=3 SV=1	TrEMBL	g13778	A0A8S3WTZ1	5
g4994.t1	tr|A0A7E5VC21|A0A7E5VC21_TRINI	91.503	153	153	176	100	2.05e-102	298.0	Nucleoside diphosphate kinase OS=Trichoplusia ni OX=7111 GN=LOC113492544 PE=3 SV=1	TrEMBL	g4994	A0A7E5VC21	2
g4994.t1	tr|A0A9N8KXX8|A0A9N8KXX8_CHRIL	91.503	153	153	176	100	2.39e-102	298.0	Nucleoside diphosphate kinase OS=Chrysodeixis includens OX=689277 GN=CINC_LOCUS9572 PE=3 SV=1	TrEMBL	g4994	A0A9N8KXX8	3
g17098.t1	tr|A0ACC0KX71|A0ACC0KX71_CHOFU	36.5	400	421	421	95	3.65e-94	298.0	tr|A0ACC0KX71|A0ACC0KX71_CHOFU CHK kinase-like domain-containing protein OS=Choristoneura fumiferana OX=7141 GN=MSG28_009357 PE=4 SV=1	TrEMBL	g17098	A0ACC0KX71	5
g4994.t1	tr|A0ABN8B877|A0ABN8B877_CHISP	90.85	153	153	153	100	2.54e-102	297.0	Nucleoside diphosphate kinase OS=Chilo suppressalis OX=168631 GN=CHILSU_LOCUS9205 PE=3 SV=1	TrEMBL	g4994	A0ABN8B877	4
g4994.t1	tr|A0A6J1NYU0|A0A6J1NYU0_BICAN	90.85	153	153	153	100	5.59e-102	296.0	Nucleoside diphosphate kinase OS=Bicyclus anynana OX=110368 GN=LOC112054803 PE=3 SV=1	TrEMBL	g4994	A0A6J1NYU0	5
g4994.t1	tr|Q8MUR5|Q8MUR5_CHOPR	90.85	153	153	153	100	1.02e-101	296.0	Nucleoside diphosphate kinase OS=Choristoneura parallela OX=106495 PE=2 SV=1	TrEMBL	g4994	Q8MUR5	6
g4994.t1	tr|A0A9N9W764|A0A9N9W764_9NEOP	90.85	153	153	153	100	1.0499999999999999e-101	296.0	Nucleoside diphosphate kinase OS=Diatraea saccharalis OX=40085 GN=DIATSA_LOCUS1347 PE=3 SV=1	TrEMBL	g4994	A0A9N9W764	7
g4994.t1	tr|A0AAD7Z0G8|A0AAD7Z0G8_MYTSE	90.196	153	153	176	100	1.96e-101	296.0	Nucleoside diphosphate kinase OS=Mythimna separata OX=271217 GN=PYW07_014729 PE=3 SV=1	TrEMBL	g4994	A0AAD7Z0G8	8
g4994.t1	tr|A0A835GJ17|A0A835GJ17_SPOEX	91.503	153	153	153	100	1.4099999999999999e-101	295.0	Nucleoside diphosphate kinase OS=Spodoptera exigua OX=7107 GN=HW555_006012 PE=3 SV=1	TrEMBL	g4994	A0A835GJ17	9
g4994.t1	tr|A0A2W1BB94|A0A2W1BB94_HELAM	90.85	153	153	153	100	1.91e-101	295.0	Nucleoside diphosphate kinase OS=Helicoverpa armigera OX=29058 GN=HaOG214038 PE=3 SV=1	TrEMBL	g4994	A0A2W1BB94	10
g17098.t1	tr|A0A921ZFB5|A0A921ZFB5_MANSE	37.915	422	421	412	99	6.04e-93	295.0	tr|A0A921ZFB5|A0A921ZFB5_MANSE CHK kinase-like domain-containing protein OS=Manduca sexta OX=7130 GN=O3G_MSEX009922 PE=4 SV=1	TrEMBL	g17098	A0A921ZFB5	6
g3538.t1	tr|A0A4C1ZN00|A0A4C1ZN00_EUMVA	42.162	370	369	423	99	9.429999999999999e-94	294.0	Serine protease inhibitor 77Ba OS=Eumeta variegata OX=151549 GN=Spn77Ba PE=3 SV=1		g3538	A0A4C1ZN00	5
g13778.t1	tr|A0A4C1WHF6|A0A4C1WHF6_EUMVA	64.103	234	258	254	90	2.27e-97	294.0	tr|A0A4C1WHF6|A0A4C1WHF6_EUMVA Trypsin CFT-1 OS=Eumeta variegata OX=151549 GN=EVAR_45629_1 PE=3 SV=1	TrEMBL	g13778	A0A4C1WHF6	6
g19654.t1	tr|A0ACC2QQQ4|A0ACC2QQQ4_9NEOP	61.255	271	260	265	99	1.64e-96	293.0	tr|A0ACC2QQQ4|A0ACC2QQQ4_9NEOP Nuclear receptor-binding factor 2 MIT domain-containing protein OS=Mythimna loreyi OX=667449 GN=PYW08_003217 PE=4 SV=1	TrEMBL	g19654	A0ACC2QQQ4	3
g19654.t1	tr|A0AAD7YIY1|A0AAD7YIY1_MYTSE	60.886	271	260	266	99	1.33e-96	293.0	tr|A0AAD7YIY1|A0AAD7YIY1_MYTSE Nuclear receptor-binding factor 2 MIT domain-containing protein OS=Mythimna separata OX=271217 GN=PYW07_003302 PE=4 SV=1	TrEMBL	g19654	A0AAD7YIY1	4
g13778.t1	tr|A0ACC1DFX3|A0ACC1DFX3_9NEOP	57.031	256	258	255	98	7.24e-97	293.0	tr|A0ACC1DFX3|A0ACC1DFX3_9NEOP trypsin OS=Dendrolimus kikuchii OX=765133 GN=K1T71_002176 PE=3 SV=1	TrEMBL	g13778	A0ACC1DFX3	7
g13778.t1	tr|A0A194PQQ5|A0A194PQQ5_PAPXU	60.345	232	258	258	89	5.41e-97	293.0	tr|A0A194PQQ5|A0A194PQQ5_PAPXU trypsin OS=Papilio xuthus OX=66420 GN=RR46_12078 PE=3 SV=1	TrEMBL	g13778	A0A194PQQ5	8
g13778.t1	tr|A0AAV1M567|A0AAV1M567_9NEOP	57.54	252	258	257	97	2.03e-96	292.0	tr|A0AAV1M567|A0AAV1M567_9NEOP trypsin OS=Parnassius mnemosyne OX=213953 GN=PARMNEM_LOCUS20848 PE=3 SV=1	TrEMBL	g13778	A0AAV1M567	9
g13778.t1	tr|A0A194PNR3|A0A194PNR3_PAPXU	60.776	232	258	256	89	2.26e-96	292.0	tr|A0A194PNR3|A0A194PNR3_PAPXU trypsin OS=Papilio xuthus OX=66420 GN=RR46_12070 PE=3 SV=1	TrEMBL	g13778	A0A194PNR3	10
g19654.t1	tr|A0ABN8AUS8|A0ABN8AUS8_CHISP	61.217	263	260	252	100	2.71e-96	291.0	tr|A0ABN8AUS8|A0ABN8AUS8_CHISP Nuclear receptor-binding factor 2 MIT domain-containing protein OS=Chilo suppressalis OX=168631 GN=CHILSU_LOCUS2992 PE=4 SV=1	TrEMBL	g19654	A0ABN8AUS8	5
g19654.t1	tr|A0A9N9R1K9|A0A9N9R1K9_9NEOP	60.837	263	260	250	100	2.3900000000000002e-96	291.0	tr|A0A9N9R1K9|A0A9N9R1K9_9NEOP Nuclear receptor-binding factor 2 MIT domain-containing protein OS=Diatraea saccharalis OX=40085 GN=DIATSA_LOCUS5608 PE=4 SV=1	TrEMBL	g19654	A0A9N9R1K9	6
g17098.t1	tr|A0A8S1A3C5|A0A8S1A3C5_ARCPL	35.904	415	421	415	97	3.23e-91	291.0	tr|A0A8S1A3C5|A0A8S1A3C5_ARCPL CHK kinase-like domain-containing protein OS=Arctia plantaginis OX=874455 GN=APLA_LOCUS8643 PE=4 SV=1	TrEMBL	g17098	A0A8S1A3C5	7
g19654.t1	tr|A0ABD0SXY3|A0ABD0SXY3_LOXSC	59.559	272	260	260	100	2.17e-95	290.0	tr|A0ABD0SXY3|A0ABD0SXY3_LOXSC Nuclear receptor-binding factor 2 MIT domain-containing protein OS=Loxostege sticticalis OX=481309 GN=ABMA27_002670 PE=4 SV=1	TrEMBL	g19654	A0ABD0SXY3	7
g17098.t1	tr|A0A0L7LN80|A0A0L7LN80_OPEBR	35.461	423	421	400	99	4.41e-91	290.0	tr|A0A0L7LN80|A0A0L7LN80_OPEBR Ecdysteroid 22-kinase OS=Operophtera brumata OX=104452 GN=OBRU01_04781 PE=4 SV=1	TrEMBL	g17098	A0A0L7LN80	8
g17098.t1	tr|A0ACC0KY39|A0ACC0KY39_CHOFU	35.802	405	421	418	95	8.939999999999999e-91	290.0	tr|A0ACC0KY39|A0ACC0KY39_CHOFU CHK kinase-like domain-containing protein OS=Choristoneura fumiferana OX=7141 GN=MSG28_009356 PE=4 SV=1	TrEMBL	g17098	A0ACC0KY39	9
g19654.t1	tr|A0A9P0BPJ0|A0A9P0BPJ0_CHRIL	59.779	271	260	266	99	4.64e-95	289.0	tr|A0A9P0BPJ0|A0A9P0BPJ0_CHRIL Nuclear receptor-binding factor 2 MIT domain-containing protein OS=Chrysodeixis includens OX=689277 GN=CINC_LOCUS3431 PE=4 SV=1	TrEMBL	g19654	A0A9P0BPJ0	8
g17098.t1	tr|A0A0L7LNI5|A0A0L7LNI5_OPEBR	36.951	387	421	411	91	1.4e-90	289.0	tr|A0A0L7LNI5|A0A0L7LNI5_OPEBR CHK kinase-like domain-containing protein OS=Operophtera brumata OX=104452 GN=OBRU01_04785 PE=4 SV=1	TrEMBL	g17098	A0A0L7LNI5	10
g1247.t1	tr|A0AAD7YKZ8|A0AAD7YKZ8_MYTSE	75.723	173	173	538	100	6.14e-93	288.0	Xaa-Pro dipeptidase OS=Mythimna separata OX=271217 GN=PYW07_012334 PE=3 SV=1	TrEMBL	g1247	A0AAD7YKZ8	1
g1247.t1	tr|A0AAV1J172|A0AAV1J172_9NEOP	75.145	173	173	476	100	2.16e-93	287.0	Xaa-Pro dipeptidase OS=Leptosia nina OX=320188 GN=LNINA_LOCUS2998 PE=3 SV=1	TrEMBL	g1247	A0AAV1J172	2
g1247.t1	tr|A0A8S3W7V8|A0A8S3W7V8_PARAO	74.566	173	173	499	100	1.14e-92	286.0	Xaa-Pro dipeptidase OS=Parnassius apollo OX=110799 GN=PAPOLLO_LOCUS3192 PE=3 SV=1	TrEMBL	g1247	A0A8S3W7V8	3
g1247.t1	tr|A0A921ZT15|A0A921ZT15_MANSE	74.566	173	173	536	100	1.93e-92	286.0	Xaa-Pro dipeptidase OS=Manduca sexta OX=7130 GN=O3G_MSEX013838 PE=3 SV=1	TrEMBL	g1247	A0A921ZT15	4
g1247.t1	tr|A0A8S4S7H4|A0A8S4S7H4_9NEOP	73.988	173	173	477	100	3.28e-93	286.0	Xaa-Pro dipeptidase OS=Pararge aegeria aegeria OX=348720 GN=jg12760 PE=3 SV=1	TrEMBL	g1247	A0A8S4S7H4	5
g19654.t1	tr|A0ACC1DIQ7|A0ACC1DIQ7_9NEOP	57.836	268	260	256	100	3.1799999999999996e-94	286.0	tr|A0ACC1DIQ7|A0ACC1DIQ7_9NEOP Nuclear receptor-binding factor 2 MIT domain-containing protein OS=Dendrolimus kikuchii OX=765133 GN=K1T71_001283 PE=4 SV=1	TrEMBL	g19654	A0ACC1DIQ7	9
g19654.t1	tr|A0A7E5VZW8|A0A7E5VZW8_TRINI	59.857	279	260	266	99	3.6899999999999996e-94	286.0	tr|A0A7E5VZW8|A0A7E5VZW8_TRINI Nuclear receptor-binding factor 2-like OS=Trichoplusia ni OX=7111 GN=LOC113497983 PE=4 SV=1	TrEMBL	g19654	A0A7E5VZW8	10
g4895.t1	tr|A0A4C1W8L2|A0A4C1W8L2_EUMVA	79.268	164	164	399	100	5.47e-94	285.0	CHK kinase-like domain-containing protein OS=Eumeta variegata OX=151549 GN=EVAR_28046_1 PE=4 SV=1	TrEMBL	g4895	A0A4C1W8L2	1
g1247.t1	tr|A0ABR3HQR4|A0ABR3HQR4_LOXSC	75.723	173	173	476	100	1.99e-92	285.0	Xaa-Pro dipeptidase OS=Loxostege sticticalis OX=481309 GN=ABMA27_003905 PE=3 SV=1	TrEMBL	g1247	A0ABR3HQR4	6
g1247.t1	tr|A0ABR3HQR1|A0ABR3HQR1_LOXSC	75.723	173	173	545	100	5.82e-92	285.0	Xaa-Pro dipeptidase OS=Loxostege sticticalis OX=481309 GN=ABMA27_003905 PE=3 SV=1	TrEMBL	g1247	A0ABR3HQR1	7
g1247.t1	tr|A0A9R0DMU8|A0A9R0DMU8_SPOFR	74.566	173	173	478	100	2.04e-92	285.0	Xaa-Pro dipeptidase OS=Spodoptera frugiperda OX=7108 GN=LOC118267840 PE=3 SV=1	TrEMBL	g1247	A0A9R0DMU8	8
g1247.t1	tr|A0A6J2JD08|A0A6J2JD08_BOMMA	75.145	173	173	257	100	3.4499999999999995e-95	284.0	Xaa-Pro dipeptidase-like OS=Bombyx mandarina OX=7092 GN=LOC114240880 PE=4 SV=1	TrEMBL	g1247	A0A6J2JD08	9
g1247.t1	tr|A0ACC2QL62|A0ACC2QL62_9NEOP	75.145	173	173	476	100	2.73e-92	284.0	Xaa-Pro dipeptidase OS=Mythimna loreyi OX=667449 GN=PYW08_011859 PE=3 SV=1	TrEMBL	g1247	A0ACC2QL62	10
g13777.t1	tr|A0A8S3WRX1|A0A8S3WRX1_PARAO	55.0	260	258	257	99	2.14e-91	279.0	tr|A0A8S3WRX1|A0A8S3WRX1_PARAO trypsin OS=Parnassius apollo OX=110799 GN=PAPOLLO_LOCUS9456 PE=4 SV=1	TrEMBL	g13777	A0A8S3WRX1	2
g13775.t1	tr|A0A8S3WRX1|A0A8S3WRX1_PARAO	56.641	256	258	257	98	9.98e-91	278.0	tr|A0A8S3WRX1|A0A8S3WRX1_PARAO trypsin OS=Parnassius apollo OX=110799 GN=PAPOLLO_LOCUS9456 PE=4 SV=1	TrEMBL	g13775	A0A8S3WRX1	2
g2464.t1	tr|A0A921ZCL3|A0A921ZCL3_MANSE	41.52	342	368	508	92	6.18e-86	277.0	UDP-glycosyltransferase OS=Manduca sexta OX=7130 GN=O3G_MSEX009252 PE=3 SV=1	TrEMBL	g2464	A0A921ZCL3	2
g13776.t1	tr|A0A8S3WRX1|A0A8S3WRX1_PARAO	55.556	252	250	257	99	4.02e-90	276.0	tr|A0A8S3WRX1|A0A8S3WRX1_PARAO trypsin OS=Parnassius apollo OX=110799 GN=PAPOLLO_LOCUS9456 PE=4 SV=1	TrEMBL	g13776	A0A8S3WRX1	2
g13777.t1	tr|A0AAV1M567|A0AAV1M567_9NEOP	54.615	260	258	257	99	4.7e-90	276.0	tr|A0AAV1M567|A0AAV1M567_9NEOP trypsin OS=Parnassius mnemosyne OX=213953 GN=PARMNEM_LOCUS20848 PE=3 SV=1	TrEMBL	g13777	A0AAV1M567	3
g13776.t1	tr|A0A4C1WDX3|A0A4C1WDX3_EUMVA	60.345	232	250	259	92	2.84e-90	276.0	tr|A0A4C1WDX3|A0A4C1WDX3_EUMVA Trypsin CFT-1 OS=Eumeta variegata OX=151549 GN=EVAR_45633_1 PE=3 SV=1	TrEMBL	g13776	A0A4C1WDX3	3
g13777.t1	tr|A0A4C1WDX3|A0A4C1WDX3_EUMVA	60.0	235	258	259	90	3.83e-90	276.0	tr|A0A4C1WDX3|A0A4C1WDX3_EUMVA Trypsin CFT-1 OS=Eumeta variegata OX=151549 GN=EVAR_45633_1 PE=3 SV=1	TrEMBL	g13777	A0A4C1WDX3	4
g13777.t1	tr|A0ACC1DFX3|A0ACC1DFX3_9NEOP	56.589	258	258	255	99	5.25e-89	273.0	tr|A0ACC1DFX3|A0ACC1DFX3_9NEOP trypsin OS=Dendrolimus kikuchii OX=765133 GN=K1T71_002176 PE=3 SV=1	TrEMBL	g13777	A0ACC1DFX3	5
g13776.t1	tr|A0AAV1M567|A0AAV1M567_9NEOP	54.762	252	250	257	99	4.5899999999999995e-89	273.0	tr|A0AAV1M567|A0AAV1M567_9NEOP trypsin OS=Parnassius mnemosyne OX=213953 GN=PARMNEM_LOCUS20848 PE=3 SV=1	TrEMBL	g13776	A0AAV1M567	4
g13777.t1	tr|A0ABN8IC40|A0ABN8IC40_9NEOP	56.917	253	258	258	97	5.99e-89	273.0	tr|A0ABN8IC40|A0ABN8IC40_9NEOP trypsin (Fragment) OS=Iphiclides podalirius OX=110791 GN=IPOD504_LOCUS7654 PE=3 SV=1	TrEMBL	g13777	A0ABN8IC40	6
g13777.t1	tr|A0A194PVB6|A0A194PVB6_PAPXU	55.686	255	258	256	98	3.4700000000000003e-88	271.0	tr|A0A194PVB6|A0A194PVB6_PAPXU limulus clotting factor C OS=Papilio xuthus OX=66420 GN=RR46_12074 PE=3 SV=1	TrEMBL	g13777	A0A194PVB6	7
g2865.t1	tr|A0A4C1SF71|A0A4C1SF71_EUMVA	70.466	193	171	359	92	1.0400000000000001e-88	271.0	Trypsin, alkaline C OS=Eumeta variegata OX=151549 GN=EVAR_74358_1 PE=4 SV=1	TrEMBL	g2865	A0A4C1SF71	1
g13775.t1	tr|A0A4C1WDX3|A0A4C1WDX3_EUMVA	58.723	235	258	259	90	4.1800000000000004e-88	271.0	tr|A0A4C1WDX3|A0A4C1WDX3_EUMVA Trypsin CFT-1 OS=Eumeta variegata OX=151549 GN=EVAR_45633_1 PE=3 SV=1	TrEMBL	g13775	A0A4C1WDX3	3
g13775.t1	tr|A0A194PVB6|A0A194PVB6_PAPXU	55.686	255	258	256	98	1e-87	270.0	tr|A0A194PVB6|A0A194PVB6_PAPXU limulus clotting factor C OS=Papilio xuthus OX=66420 GN=RR46_12074 PE=3 SV=1	TrEMBL	g13775	A0A194PVB6	4
g2464.t1	tr|A0AAD7YP93|A0AAD7YP93_MYTSE	40.634	347	368	501	94	2.99e-83	270.0	UDP-glucuronosyltransferase OS=Mythimna separata OX=271217 GN=PYW07_002484 PE=3 SV=1	TrEMBL	g2464	A0AAD7YP93	3
g2464.t1	tr|A0ACC2R1Q0|A0ACC2R1Q0_9NEOP	41.228	342	368	513	93	2.8899999999999998e-83	270.0	Uncharacterized protein OS=Mythimna loreyi OX=667449 GN=PYW08_002420 PE=3 SV=1	TrEMBL	g2464	A0ACC2R1Q0	4
g13775.t1	tr|A0AAV1M567|A0AAV1M567_9NEOP	54.331	254	258	257	97	1.65e-87	269.0	tr|A0AAV1M567|A0AAV1M567_9NEOP trypsin OS=Parnassius mnemosyne OX=213953 GN=PARMNEM_LOCUS20848 PE=3 SV=1	TrEMBL	g13775	A0AAV1M567	5
g13777.t1	tr|A0ACC0KR78|A0ACC0KR78_CHOFU	56.078	255	258	256	98	1.33e-86	267.0	tr|A0ACC0KR78|A0ACC0KR78_CHOFU Peptidase S1 domain-containing protein OS=Choristoneura fumiferana OX=7141 GN=MSG28_011191 PE=3 SV=1	TrEMBL	g13777	A0ACC0KR78	8
g13776.t1	tr|A0ABN8IC40|A0ABN8IC40_9NEOP	57.511	233	250	258	92	1.03e-86	267.0	tr|A0ABN8IC40|A0ABN8IC40_9NEOP trypsin (Fragment) OS=Iphiclides podalirius OX=110791 GN=IPOD504_LOCUS7654 PE=3 SV=1	TrEMBL	g13776	A0ABN8IC40	5
g13777.t1	tr|A0AAV1M5B9|A0AAV1M5B9_9NEOP	56.78	236	258	257	90	1.51e-86	267.0	tr|A0AAV1M5B9|A0AAV1M5B9_9NEOP trypsin OS=Parnassius mnemosyne OX=213953 GN=PARMNEM_LOCUS20855 PE=3 SV=1	TrEMBL	g13777	A0AAV1M5B9	9
g13777.t1	tr|A0AAV1M7J1|A0AAV1M7J1_9NEOP	56.78	236	258	272	90	1.81e-86	267.0	tr|A0AAV1M7J1|A0AAV1M7J1_9NEOP trypsin OS=Parnassius mnemosyne OX=213953 GN=PARMNEM_LOCUS20850 PE=3 SV=1	TrEMBL	g13777	A0AAV1M7J1	10
g13775.t1	tr|A0ABN8IC40|A0ABN8IC40_9NEOP	54.545	253	258	258	97	4.46e-86	266.0	tr|A0ABN8IC40|A0ABN8IC40_9NEOP trypsin (Fragment) OS=Iphiclides podalirius OX=110791 GN=IPOD504_LOCUS7654 PE=3 SV=1	TrEMBL	g13775	A0ABN8IC40	6
g4893.t1	tr|A0A4C1W960|A0A4C1W960_EUMVA	35.55	391	399	400	97	1.1e-82	266.0	CHK kinase-like domain-containing protein OS=Eumeta variegata OX=151549 GN=EVAR_31466_1 PE=4 SV=1	TrEMBL	g4893	A0A4C1W960	4
g2464.t1	tr|A0ACF8KYE4|A0ACF8KYE4_9NEOP	41.642	341	368	506	92	1.0099999999999999e-81	266.0	Uncharacterized protein OS=Scirpophaga incertulas OX=72366 GN=ACJJTC_006824 PE=4 SV=1	TrEMBL	g2464	A0ACF8KYE4	5
g13775.t1	tr|A0AAV1M8S3|A0AAV1M8S3_9NEOP	56.78	236	258	257	90	2.42e-86	266.0	tr|A0AAV1M8S3|A0AAV1M8S3_9NEOP trypsin OS=Parnassius mnemosyne OX=213953 GN=PARMNEM_LOCUS20849 PE=3 SV=1	TrEMBL	g13775	A0AAV1M8S3	7
g13775.t1	tr|A0AAV1M3T8|A0AAV1M3T8_9NEOP	56.356	236	258	257	90	4.51e-86	266.0	tr|A0AAV1M3T8|A0AAV1M3T8_9NEOP trypsin OS=Parnassius mnemosyne OX=213953 GN=PARMNEM_LOCUS20852 PE=3 SV=1	TrEMBL	g13775	A0AAV1M3T8	8
g13775.t1	tr|A0AAV1M5B9|A0AAV1M5B9_9NEOP	55.932	236	258	257	90	1.2400000000000001e-85	265.0	tr|A0AAV1M5B9|A0AAV1M5B9_9NEOP trypsin OS=Parnassius mnemosyne OX=213953 GN=PARMNEM_LOCUS20855 PE=3 SV=1	TrEMBL	g13775	A0AAV1M5B9	9
g13775.t1	tr|A0ACC0KR78|A0ACC0KR78_CHOFU	55.686	255	258	256	98	1.7500000000000002e-85	264.0	tr|A0ACC0KR78|A0ACC0KR78_CHOFU Peptidase S1 domain-containing protein OS=Choristoneura fumiferana OX=7141 GN=MSG28_011191 PE=3 SV=1	TrEMBL	g13775	A0ACC0KR78	10
g2464.t1	tr|A0A481XUD0|A0A481XUD0_CHISP	40.548	365	368	533	97	1.23e-80	264.0	UDP-glycosyltransferase UGT46A9 OS=Chilo suppressalis OX=168631 GN=UGT46A9 PE=2 SV=1	TrEMBL	g2464	A0A481XUD0	6
g2464.t1	tr|A0ABN8BFZ1|A0ABN8BFZ1_CHISP	40.548	365	368	533	97	1.23e-80	264.0	Uncharacterized protein OS=Chilo suppressalis OX=168631 GN=CHILSU_LOCUS10219 PE=4 SV=1	TrEMBL	g2464	A0ABN8BFZ1	7
g13356.t1	tr|A0ABN8ITD3|A0ABN8ITD3_9NEOP	90.58	138	139	147	99	1.24e-88	263.0	tr|A0ABN8ITD3|A0ABN8ITD3_9NEOP Signal peptidase complex subunit 3 (Fragment) OS=Iphiclides podalirius OX=110791 GN=IPOD504_LOCUS12335 PE=3 SV=1	TrEMBL	g13356	A0ABN8ITD3	1
g13776.t1	tr|A0A7E5WY52|A0A7E5WY52_TRINI	55.952	252	250	255	99	2.94e-85	263.0	tr|A0A7E5WY52|A0A7E5WY52_TRINI trypsin OS=Trichoplusia ni OX=7111 GN=LOC113507127 PE=3 SV=1	TrEMBL	g13776	A0A7E5WY52	6
g3538.t1	tr|A0A4C1Z4C9|A0A4C1Z4C9_EUMVA	38.587	368	369	396	99	3.9799999999999996e-82	263.0	Serine protease inhibitor 77Ba OS=Eumeta variegata OX=151549 GN=Spn77Ba PE=3 SV=1		g3538	A0A4C1Z4C9	6
g2464.t1	tr|A0ABR3HVL8|A0ABR3HVL8_LOXSC	40.634	347	368	510	94	1.0300000000000001e-80	263.0	UDP-glucuronosyltransferase OS=Loxostege sticticalis OX=481309 GN=ABMA27_001843 PE=3 SV=1	TrEMBL	g2464	A0ABR3HVL8	8
g2464.t1	tr|G9LPR8|G9LPR8_HELAM	38.728	346	368	513	94	1.83e-80	263.0	UDP-glucuronosyltransferase OS=Helicoverpa armigera OX=29058 GN=UGT46B1 PE=2 SV=1	TrEMBL	g2464	G9LPR8	9
g13776.t1	tr|A0A194PQQ5|A0A194PQQ5_PAPXU	55.745	235	250	258	93	5.79e-85	263.0	tr|A0A194PQQ5|A0A194PQQ5_PAPXU trypsin OS=Papilio xuthus OX=66420 GN=RR46_12078 PE=3 SV=1	TrEMBL	g13776	A0A194PQQ5	7
g13776.t1	tr|A0AAV1M8S3|A0AAV1M8S3_9NEOP	54.661	236	250	257	93	7.45e-85	262.0	tr|A0AAV1M8S3|A0AAV1M8S3_9NEOP trypsin OS=Parnassius mnemosyne OX=213953 GN=PARMNEM_LOCUS20849 PE=3 SV=1	TrEMBL	g13776	A0AAV1M8S3	8
g13776.t1	tr|A0AAV1M3T8|A0AAV1M3T8_9NEOP	54.661	236	250	257	93	7.95e-85	262.0	tr|A0AAV1M3T8|A0AAV1M3T8_9NEOP trypsin OS=Parnassius mnemosyne OX=213953 GN=PARMNEM_LOCUS20852 PE=3 SV=1	TrEMBL	g13776	A0AAV1M3T8	9
g13776.t1	tr|A0AAV1M5B9|A0AAV1M5B9_9NEOP	54.661	236	250	257	93	1.04e-84	262.0	tr|A0AAV1M5B9|A0AAV1M5B9_9NEOP trypsin OS=Parnassius mnemosyne OX=213953 GN=PARMNEM_LOCUS20855 PE=3 SV=1	TrEMBL	g13776	A0AAV1M5B9	10
g13356.t1	tr|A0A5E4Q0I0|A0A5E4Q0I0_9NEOP	88.489	139	139	179	100	1.25e-86	259.0	tr|A0A5E4Q0I0|A0A5E4Q0I0_9NEOP Signal peptidase complex subunit 3 OS=Leptidea sinapis OX=189913 GN=LSINAPIS_LOCUS4319 PE=3 SV=1	TrEMBL	g13356	A0A5E4Q0I0	2
g2464.t1	tr|A0A9R0F666|A0A9R0F666_SPOFR	38.136	354	368	534	96	2.14e-78	258.0	UDP-glycosyltransferase UGT5 isoform X1 OS=Spodoptera frugiperda OX=7108 GN=LOC118265260 PE=3 SV=1	TrEMBL	g2464	A0A9R0F666	10
g3539.t1	tr|A0A4C1Z4C9|A0A4C1Z4C9_EUMVA	49.794	243	245	396	99	4.1399999999999997e-81	256.0	Serine protease inhibitor 77Ba OS=Eumeta variegata OX=151549 GN=Spn77Ba PE=3 SV=1		g3539	A0A4C1Z4C9	2
g13356.t1	tr|A0A194QC05|A0A194QC05_PAPXU	90.909	132	139	270	95	5.77e-84	256.0	tr|A0A194QC05|A0A194QC05_PAPXU Signal peptidase complex subunit 3 OS=Papilio xuthus OX=66420 GN=RR46_05226 PE=3 SV=1	TrEMBL	g13356	A0A194QC05	3
g13356.t1	tr|A0A194R9G5|A0A194R9G5_PAPMA	89.474	133	139	238	96	1.23e-83	254.0	tr|A0A194R9G5|A0A194R9G5_PAPMA Signal peptidase complex subunit 3 (Fragment) OS=Papilio machaon OX=76193 GN=RR48_06651 PE=3 SV=1	TrEMBL	g13356	A0A194R9G5	4
g14301.t1	tr|A0A4C1SCU1|A0A4C1SCU1_EUMVA	65.426	188	188	732	99	5.58e-77	253.0	tr|A0A4C1SCU1|A0A4C1SCU1_EUMVA Trypsin, alkaline C OS=Eumeta variegata OX=151549 GN=EVAR_74346_1 PE=4 SV=1	TrEMBL	g14301	A0A4C1SCU1	2
g3538.t1	tr|A0ACC1CJW6|A0ACC1CJW6_9NEOP	37.772	368	369	395	99	3.51e-78	253.0	Serpin domain-containing protein OS=Dendrolimus kikuchii OX=765133 GN=K1T71_012505 PE=3 SV=1		g3538	A0ACC1CJW6	7
g13356.t1	tr|A0AAV1KA74|A0AAV1KA74_9NEOP	93.75	128	139	179	92	3.94e-84	253.0	tr|A0AAV1KA74|A0AAV1KA74_9NEOP Signal peptidase complex subunit 3 OS=Parnassius mnemosyne OX=213953 GN=PARMNEM_LOCUS667 PE=3 SV=1	TrEMBL	g13356	A0AAV1KA74	5
g4892.t1	tr|A0A4C1W960|A0A4C1W960_EUMVA	33.162	389	402	400	96	7.53e-77	251.0	CHK kinase-like domain-containing protein OS=Eumeta variegata OX=151549 GN=EVAR_31466_1 PE=4 SV=1	TrEMBL	g4892	A0A4C1W960	4
g13356.t1	tr|A0AAD7YT71|A0AAD7YT71_MYTSE	92.188	128	139	179	92	1.62e-83	251.0	tr|A0AAD7YT71|A0AAD7YT71_MYTSE Signal peptidase complex subunit 3 OS=Mythimna separata OX=271217 GN=PYW07_016132 PE=3 SV=1	TrEMBL	g13356	A0AAD7YT71	6
g13356.t1	tr|A0ACC2QWH2|A0ACC2QWH2_9NEOP	92.188	128	139	179	92	1.62e-83	251.0	tr|A0ACC2QWH2|A0ACC2QWH2_9NEOP Signal peptidase complex subunit 3 OS=Mythimna loreyi OX=667449 GN=PYW08_015538 PE=3 SV=1	TrEMBL	g13356	A0ACC2QWH2	7
g13356.t1	tr|A0A9J7J062|A0A9J7J062_SPOLT	91.406	128	139	179	92	5.01e-83	250.0	tr|A0A9J7J062|A0A9J7J062_SPOLT Signal peptidase complex subunit 3 OS=Spodoptera litura OX=69820 GN=LOC111358625 PE=3 SV=1	TrEMBL	g13356	A0A9J7J062	8
g13356.t1	tr|A0A9P0HXK5|A0A9P0HXK5_SPOLI	91.406	128	139	179	92	5.01e-83	250.0	tr|A0A9P0HXK5|A0A9P0HXK5_SPOLI Signal peptidase complex subunit 3 OS=Spodoptera littoralis OX=7109 GN=SPLIT_LOCUS701 PE=3 SV=1	TrEMBL	g13356	A0A9P0HXK5	9
g13356.t1	tr|A0A835G5J6|A0A835G5J6_SPOEX	91.406	128	139	179	92	5.01e-83	250.0	tr|A0A835G5J6|A0A835G5J6_SPOEX Signal peptidase complex subunit 3 OS=Spodoptera exigua OX=7107 GN=HW555_011268 PE=3 SV=1	TrEMBL	g13356	A0A835G5J6	10
g7361.t1	tr|A0A4C1TWG3|A0A4C1TWG3_EUMVA	76.974	152	153	216	99	2.82e-79	243.0	Chitin-binding type-2 domain-containing protein OS=Eumeta variegata OX=151549 GN=EVAR_14750_1 PE=4 SV=1	TrEMBL	g7361	A0A4C1TWG3	1
g14301.t1	tr|A0A4C1SF71|A0A4C1SF71_EUMVA	54.464	224	188	359	99	1.47e-76	242.0	tr|A0A4C1SF71|A0A4C1SF71_EUMVA Trypsin, alkaline C OS=Eumeta variegata OX=151549 GN=EVAR_74358_1 PE=4 SV=1	TrEMBL	g14301	A0A4C1SF71	3
g3538.t1	tr|A0ACC0JHH6|A0ACC0JHH6_CHOFU	37.228	368	369	398	99	3.8500000000000004e-73	240.0	Serpin domain-containing protein OS=Choristoneura fumiferana OX=7141 GN=MSG28_012641 PE=3 SV=1		g3538	A0ACC0JHH6	8
g14301.t1	tr|A0A4C1SD69|A0A4C1SD69_EUMVA	65.426	188	188	263	99	1.75e-76	239.0	tr|A0A4C1SD69|A0A4C1SD69_EUMVA Trypsin, alkaline C OS=Eumeta variegata OX=151549 GN=EVAR_74357_1 PE=3 SV=1	TrEMBL	g14301	A0A4C1SD69	4
g3538.t1	tr|A0A0L7K494|A0A0L7K494_OPEBR	36.413	368	369	343	99	1.87e-73	239.0	Serpin-5 OS=Operophtera brumata OX=104452 GN=OBRU01_25574 PE=3 SV=1		g3538	A0A0L7K494	9
g3538.t1	tr|A0A0L7KUV3|A0A0L7KUV3_OPEBR	35.598	368	369	396	99	1.67e-72	239.0	Serpin-5 OS=Operophtera brumata OX=104452 GN=OBRU01_20739 PE=3 SV=1		g3538	A0A0L7KUV3	10
g4477.t1	tr|A0A4C1SZL2|A0A4C1SZL2_EUMVA	82.781	151	151	151	100	1.09e-78	237.0	Microsomal glutathione S-transferase 1 OS=Eumeta variegata OX=151549 GN=Mgst1 PE=3 SV=1	TrEMBL	g4477	A0A4C1SZL2	1
g4477.t1	tr|A0A7D5UMV0|A0A7D5UMV0_9NEOP	72.185	151	151	151	100	3.63e-78	236.0	Microsomal glutathione S-transferase 1 OS=Streltzoviella insularis OX=1206366 PE=2 SV=1	TrEMBL	g4477	A0A7D5UMV0	2
g3539.t1	tr|A0A5E4Q6I3|A0A5E4Q6I3_9NEOP	48.56	243	245	395	99	1.78e-72	234.0	Serpin domain-containing protein OS=Leptidea sinapis OX=189913 GN=LSINAPIS_LOCUS5987 PE=3 SV=1		g3539	A0A5E4Q6I3	3
g16391.t1	tr|A0A4C1Z8Z0|A0A4C1Z8Z0_EUMVA	47.748	222	224	226	99	1.7999999999999997e-74	234.0	tr|A0A4C1Z8Z0|A0A4C1Z8Z0_EUMVA Glutathione S-transferase 1 OS=Eumeta variegata OX=151549 GN=GST1 PE=4 SV=1	TrEMBL	g16391	A0A4C1Z8Z0	3
g3539.t1	tr|A0A8S4R3D1|A0A8S4R3D1_9NEOP	46.502	243	245	398	99	1.65e-72	234.0	Jg2996 protein OS=Pararge aegeria aegeria OX=348720 GN=jg2996 PE=3 SV=1		g3539	A0A8S4R3D1	4
g3539.t1	tr|A0A2H1VIL1|A0A2H1VIL1_SPOFR	45.679	243	245	395	99	1.0700000000000001e-72	234.0	Serine protease inhibitor 77Ba OS=Spodoptera frugiperda OX=7108 GN=LOC118279277 PE=3 SV=1		g3539	A0A2H1VIL1	5
g3539.t1	tr|A0ACC2Q844|A0ACC2Q844_9NEOP	44.856	243	245	395	99	1.65e-72	234.0	Serpin domain-containing protein OS=Mythimna loreyi OX=667449 GN=PYW08_010181 PE=3 SV=1		g3539	A0ACC2Q844	6
g3539.t1	tr|A0A8B8ISE1|A0A8B8ISE1_VANTA	48.148	243	245	396	99	4.850000000000001e-72	233.0	Serine protease inhibitor 77Ba-like OS=Vanessa tameamea OX=334116 GN=LOC113403698 PE=3 SV=2		g3539	A0A8B8ISE1	7
g3539.t1	tr|A0A9J7EXK8|A0A9J7EXK8_SPOLT	44.856	243	245	395	99	3.76e-72	233.0	Serine protease inhibitor 77Ba-like OS=Spodoptera litura OX=69820 GN=LOC111364768 PE=3 SV=1		g3539	A0A9J7EXK8	8
g3539.t1	tr|A0AAD7YA27|A0AAD7YA27_MYTSE	44.444	243	245	395	99	7.12e-72	232.0	Serpin domain-containing protein OS=Mythimna separata OX=271217 GN=PYW07_010567 PE=3 SV=1		g3539	A0AAD7YA27	9
g3539.t1	tr|A0A4C1ZIZ2|A0A4C1ZIZ2_EUMVA	44.444	243	245	383	99	8.84e-72	232.0	Serine protease inhibitor 77Ba OS=Eumeta variegata OX=151549 GN=Spn77Ba PE=3 SV=1		g3539	A0A4C1ZIZ2	10
g18546.t1	tr|A0A9P0IAQ6|A0A9P0IAQ6_SPOLI	46.0	250	250	274	99	8.99e-72	229.0	tr|A0A9P0IAQ6|A0A9P0IAQ6_SPOLI Uncharacterized protein OS=Spodoptera littoralis OX=7109 GN=SPLIT_LOCUS8717 PE=4 SV=1	TrEMBL	g18546	A0A9P0IAQ6	2
g4477.t1	tr|A0A8S4DX93|A0A8S4DX93_PLUXY	70.861	151	151	151	100	5.39e-75	228.0	Microsomal glutathione S-transferase 1 OS=Plutella xylostella OX=51655 GN=PLXY2_LOCUS3957 PE=3 SV=1	TrEMBL	g4477	A0A8S4DX93	3
g4114.t1	tr|A0A4C1Z8T8|A0A4C1Z8T8_EUMVA	46.222	225	226	225	99	1.37e-72	228.0	Glutathione S-transferase 1 OS=Eumeta variegata OX=151549 GN=GST1 PE=4 SV=1	TrEMBL	g4114	A0A4C1Z8T8	2
g18546.t1	tr|A0A9J7IPU7|A0A9J7IPU7_SPOLT	45.2	250	250	274	99	5.78e-71	228.0	tr|A0A9J7IPU7|A0A9J7IPU7_SPOLT Uncharacterized protein LOC111354110 OS=Spodoptera litura OX=69820 GN=LOC111354110 PE=4 SV=1	TrEMBL	g18546	A0A9J7IPU7	3
g16391.t1	tr|A0A6S4N7Q2|A0A6S4N7Q2_CYDPO	45.872	218	224	237	97	6.36e-72	228.0	tr|A0A6S4N7Q2|A0A6S4N7Q2_CYDPO Glutathione S-transferase epsilon-4 OS=Cydia pomonella OX=82600 PE=2 SV=1	TrEMBL	g16391	A0A6S4N7Q2	4
g14301.t1	tr|A0A4C1SG55|A0A4C1SG55_EUMVA	62.766	188	188	441	99	1.53e-69	227.0	tr|A0A4C1SG55|A0A4C1SG55_EUMVA Trypsin CFT-1 OS=Eumeta variegata OX=151549 GN=EVAR_74392_1 PE=3 SV=1	TrEMBL	g14301	A0A4C1SG55	5
g16391.t1	tr|A0AAU9TIX7|A0AAU9TIX7_EUPED	46.429	224	224	231	99	4.26e-71	225.0	tr|A0AAU9TIX7|A0AAU9TIX7_EUPED Uncharacterized protein OS=Euphydryas editha OX=104508 GN=EEDITHA_LOCUS2500 PE=3 SV=1	TrEMBL	g16391	A0AAU9TIX7	5
g16391.t1	tr|A0A6J1X7Z8|A0A6J1X7Z8_GALME	46.364	220	224	221	98	3.63e-71	225.0	tr|A0A6J1X7Z8|A0A6J1X7Z8_GALME Glutathione S-transferase 1-like OS=Galleria mellonella OX=7137 GN=LOC113521642 PE=4 SV=2	TrEMBL	g16391	A0A6J1X7Z8	6
g4477.t1	tr|A0A8J9Y9N8|A0A8J9Y9N8_9NEOP	68.212	151	151	150	100	1.2800000000000001e-73	224.0	Microsomal glutathione S-transferase 1 (Fragment) OS=Brenthis ino OX=405034 GN=BINO364_LOCUS8531 PE=3 SV=1	TrEMBL	g4477	A0A8J9Y9N8	4
g18546.t1	tr|A0AAD7Z1D6|A0AAD7Z1D6_MYTSE	49.309	217	250	283	87	3.1499999999999997e-69	223.0	tr|A0AAD7Z1D6|A0AAD7Z1D6_MYTSE Uncharacterized protein OS=Mythimna separata OX=271217 GN=PYW07_014483 PE=4 SV=1	TrEMBL	g18546	A0AAD7Z1D6	4
g16392.t1	tr|A0A4C1Z8Z0|A0A4C1Z8Z0_EUMVA	46.847	222	224	226	99	9.46e-70	222.0	tr|A0A4C1Z8Z0|A0A4C1Z8Z0_EUMVA Glutathione S-transferase 1 OS=Eumeta variegata OX=151549 GN=GST1 PE=4 SV=1	TrEMBL	g16392	A0A4C1Z8Z0	3
g4895.t1	tr|A0A4C1W6C4|A0A4C1W6C4_EUMVA	61.875	160	164	443	98	1.6599999999999999e-68	222.0	CHK kinase-like domain-containing protein OS=Eumeta variegata OX=151549 GN=EVAR_28039_1 PE=4 SV=1	TrEMBL	g4895	A0A4C1W6C4	2
g16391.t1	tr|A0ACC0KE54|A0ACC0KE54_CHOFU	48.858	219	224	281	98	5.29e-69	222.0	tr|A0ACC0KE54|A0ACC0KE54_CHOFU Uncharacterized protein OS=Choristoneura fumiferana OX=7141 GN=MSG28_003128 PE=4 SV=1	TrEMBL	g16391	A0ACC0KE54	7
g18546.t1	tr|A0ACC2R6K2|A0ACC2R6K2_9NEOP	47.345	226	250	282	90	1.37e-68	222.0	tr|A0ACC2R6K2|A0ACC2R6K2_9NEOP Uncharacterized protein OS=Mythimna loreyi OX=667449 GN=PYW08_014130 PE=4 SV=1	TrEMBL	g18546	A0ACC2R6K2	5
g4114.t1	tr|A0A922CL28|A0A922CL28_MANSE	41.27	252	226	252	99	1.4899999999999998e-69	221.0	Glutathione S-transferase OS=Manduca sexta OX=7130 GN=O3G_MSEX006072 PE=4 SV=1	TrEMBL	g4114	A0A922CL28	3
g4114.t1	tr|A0A921Z363|A0A921Z363_MANSE	41.27	252	226	280	99	2.2999999999999998e-69	221.0	Uncharacterized protein OS=Manduca sexta OX=7130 GN=O3G_MSEX006072 PE=4 SV=1	TrEMBL	g4114	A0A921Z363	4
g2865.t1	tr|A0A4C1SD49|A0A4C1SD49_EUMVA	68.79	157	171	264	92	1.92e-70	221.0	Trypsin CFT-1 OS=Eumeta variegata OX=151549 GN=EVAR_74344_1 PE=3 SV=1	TrEMBL	g2865	A0A4C1SD49	2
g4477.t1	tr|A0A5Q0TYU9|A0A5Q0TYU9_SPOFR	67.55	151	151	151	100	9.930000000000001e-72	220.0	Microsomal glutathione S-transferase 1 OS=Spodoptera frugiperda OX=7108 PE=2 SV=1	TrEMBL	g4477	A0A5Q0TYU9	5
g4114.t1	tr|A0A4C1Z354|A0A4C1Z354_EUMVA	46.396	222	226	224	98	1.83e-69	220.0	Glutathione S-transferase 1 OS=Eumeta variegata OX=151549 GN=GST1 PE=4 SV=1	TrEMBL	g4114	A0A4C1Z354	5
g16391.t1	tr|A0A212FES8|A0A212FES8_DANPL	47.297	222	224	237	99	1.56e-68	219.0	tr|A0A212FES8|A0A212FES8_DANPL Glutathione S-transferase epsilon 2 OS=Danaus plexippus plexippus OX=278856 GN=KGM_209578 PE=4 SV=1	TrEMBL	g16391	A0A212FES8	8
g16391.t1	tr|A0ABM3LFC4|A0ABM3LFC4_BICAN	45.662	219	224	228	98	1.0399999999999999e-68	219.0	tr|A0ABM3LFC4|A0ABM3LFC4_BICAN Glutathione S-transferase 1 OS=Bicyclus anynana OX=110368 GN=LOC112043854 PE=3 SV=1	TrEMBL	g16391	A0ABM3LFC4	9
g4477.t1	tr|A0A9R0DV54|A0A9R0DV54_SPOFR	67.55	151	151	289	100	4.859999999999999e-69	218.0	Microsomal glutathione S-transferase 1 OS=Spodoptera frugiperda OX=7108 GN=LOC118262355 PE=3 SV=1	TrEMBL	g4477	A0A9R0DV54	6
g16392.t1	tr|A0A6J1X7Z8|A0A6J1X7Z8_GALME	46.364	220	224	221	98	2.6999999999999997e-68	218.0	tr|A0A6J1X7Z8|A0A6J1X7Z8_GALME Glutathione S-transferase 1-like OS=Galleria mellonella OX=7137 GN=LOC113521642 PE=4 SV=2	TrEMBL	g16392	A0A6J1X7Z8	4
g16391.t1	tr|A0A6J1X1M5|A0A6J1X1M5_GALME	46.977	215	224	219	96	1.69e-68	218.0	tr|A0A6J1X1M5|A0A6J1X1M5_GALME Glutathione S-transferase 1-like OS=Galleria mellonella OX=7137 GN=LOC113521643 PE=4 SV=2	TrEMBL	g16391	A0A6J1X1M5	10
g18546.t1	tr|A0A921Z771|A0A921Z771_MANSE	46.93	228	250	275	91	3.3399999999999995e-67	218.0	tr|A0A921Z771|A0A921Z771_MANSE Uncharacterized protein OS=Manduca sexta OX=7130 GN=O3G_MSEX007699 PE=4 SV=1	TrEMBL	g18546	A0A921Z771	6
g13780.t1	tr|A0A4C1WHH1|A0A4C1WHH1_EUMVA	74.534	161	178	347	90	1.79e-67	218.0	tr|A0A4C1WHH1|A0A4C1WHH1_EUMVA Trypsin CFT-1 OS=Eumeta variegata OX=151549 GN=EVAR_45630_1 PE=3 SV=1	TrEMBL	g13780	A0A4C1WHH1	1
g14301.t1	tr|A0A835GLH1|A0A835GLH1_SPOEX	55.319	188	188	263	99	5.289999999999999e-68	217.0	tr|A0A835GLH1|A0A835GLH1_SPOEX trypsin OS=Spodoptera exigua OX=7107 GN=HW555_004563 PE=3 SV=1	TrEMBL	g14301	A0A835GLH1	6
g4114.t1	tr|O77409|O77409_PLUXY	50.98	204	226	216	90	1.7999999999999998e-68	217.0	Glutathione S-transferase isozyme 3 OS=Plutella xylostella OX=51655 GN=GST3 PE=2 SV=1	TrEMBL	g4114	O77409	6
g18546.t1	tr|A0A9R0CUY9|A0A9R0CUY9_SPOFR	43.6	250	250	274	99	1.4700000000000002e-66	216.0	tr|A0A9R0CUY9|A0A9R0CUY9_SPOFR Uncharacterized protein LOC118262681 OS=Spodoptera frugiperda OX=7108 GN=LOC118262681 PE=4 SV=1	TrEMBL	g18546	A0A9R0CUY9	7
g4114.t1	tr|A0ACC2QV06|A0ACC2QV06_9NEOP	42.222	225	226	226	99	3.9999999999999994e-68	216.0	Uncharacterized protein OS=Mythimna loreyi OX=667449 GN=PYW08_004089 PE=4 SV=1	TrEMBL	g4114	A0ACC2QV06	7
g16392.t1	tr|A0A6S4N7Q2|A0A6S4N7Q2_CYDPO	44.545	220	224	237	98	3.7299999999999996e-67	216.0	tr|A0A6S4N7Q2|A0A6S4N7Q2_CYDPO Glutathione S-transferase epsilon-4 OS=Cydia pomonella OX=82600 PE=2 SV=1	TrEMBL	g16392	A0A6S4N7Q2	5
g4477.t1	tr|A0A075X269|A0A075X269_SPOLT	66.225	151	151	151	100	5.6000000000000005e-70	215.0	Microsomal glutathione S-transferase 1 OS=Spodoptera litura OX=69820 PE=2 SV=1	TrEMBL	g4477	A0A075X269	7
g4477.t1	tr|A0A9P0IB23|A0A9P0IB23_SPOLI	65.563	151	151	151	100	5.08e-70	215.0	Microsomal glutathione S-transferase 1 OS=Spodoptera littoralis OX=7109 GN=SPLIT_LOCUS8793 PE=3 SV=1	TrEMBL	g4477	A0A9P0IB23	8
g4477.t1	tr|A0A3G1ZLC6|A0A3G1ZLC6_SPOLI	65.563	151	151	151	100	5.6600000000000005e-70	215.0	Microsomal glutathione S-transferase 1 OS=Spodoptera littoralis OX=7109 PE=2 SV=1	TrEMBL	g4477	A0A3G1ZLC6	9
g4477.t1	tr|A0A4C1YTT7|A0A4C1YTT7_EUMVA	80.795	151	151	151	100	1.6799999999999998e-69	214.0	Microsomal glutathione S-transferase 1 OS=Eumeta variegata OX=151549 GN=Mgst1 PE=3 SV=1	TrEMBL	g4477	A0A4C1YTT7	10
g14301.t1	tr|A0A9R0E9X8|A0A9R0E9X8_SPOFR	56.383	188	188	263	99	7.72e-67	214.0	tr|A0A9R0E9X8|A0A9R0E9X8_SPOFR trypsin OS=Spodoptera frugiperda OX=7108 GN=LOC118265205 PE=3 SV=1	TrEMBL	g14301	A0A9R0E9X8	7
g14301.t1	tr|A0A9R0CYI9|A0A9R0CYI9_SPOFR	56.383	188	188	263	99	1.01e-66	214.0	tr|A0A9R0CYI9|A0A9R0CYI9_SPOFR trypsin OS=Spodoptera frugiperda OX=7108 GN=LOC118265205 PE=3 SV=1	TrEMBL	g14301	A0A9R0CYI9	8
g14301.t1	tr|A0ACC0JDP5|A0ACC0JDP5_CHOFU	55.851	188	188	263	99	1.22e-66	214.0	tr|A0ACC0JDP5|A0ACC0JDP5_CHOFU trypsin OS=Choristoneura fumiferana OX=7141 GN=MSG28_006125 PE=3 SV=1	TrEMBL	g14301	A0ACC0JDP5	9
g14301.t1	tr|A0A9P0II35|A0A9P0II35_SPOLI	56.452	186	188	280	98	1.3e-66	214.0	tr|A0A9P0II35|A0A9P0II35_SPOLI trypsin OS=Spodoptera littoralis OX=7109 GN=SPLIT_LOCUS11976 PE=3 SV=1	TrEMBL	g14301	A0A9P0II35	10
g4114.t1	tr|A0A921Z1Q3|A0A921Z1Q3_MANSE	49.02	204	226	215	90	2.3599999999999997e-67	214.0	Uncharacterized protein OS=Manduca sexta OX=7130 GN=O3G_MSEX006301 PE=4 SV=1	TrEMBL	g4114	A0A921Z1Q3	8
g18546.t1	tr|A0A9P0BWJ1|A0A9P0BWJ1_CHRIL	46.575	219	250	275	88	9.49e-66	214.0	tr|A0A9P0BWJ1|A0A9P0BWJ1_CHRIL Uncharacterized protein OS=Chrysodeixis includens OX=689277 GN=CINC_LOCUS9295 PE=4 SV=1	TrEMBL	g18546	A0A9P0BWJ1	8
g18546.t1	tr|A0A7E5VD50|A0A7E5VD50_TRINI	43.701	254	250	275	99	4.2e-65	213.0	tr|A0A7E5VD50|A0A7E5VD50_TRINI Uncharacterized protein LOC113492752 OS=Trichoplusia ni OX=7111 GN=LOC113492752 PE=4 SV=1	TrEMBL	g18546	A0A7E5VD50	9
g16392.t1	tr|A0ABM3LFC4|A0ABM3LFC4_BICAN	44.749	219	224	228	98	4.93e-66	212.0	tr|A0ABM3LFC4|A0ABM3LFC4_BICAN Glutathione S-transferase 1 OS=Bicyclus anynana OX=110368 GN=LOC112043854 PE=3 SV=1	TrEMBL	g16392	A0ABM3LFC4	6
g4114.t1	tr|Q2ABX5|Q2ABX5_PLUXY	50.0	204	226	216	90	1.54e-66	212.0	Glutathione S-Transferase-Epsilon7 OS=Plutella xylostella OX=51655 PE=2 SV=1	TrEMBL	g4114	Q2ABX5	9
g18546.t1	tr|A0A8S4DZP0|A0A8S4DZP0_PLUXY	46.047	215	250	287	86	8.56e-65	212.0	tr|A0A8S4DZP0|A0A8S4DZP0_PLUXY (diamondback moth) hypothetical protein OS=Plutella xylostella OX=51655 GN=PLXY2_LOCUS4016 PE=4 SV=1	TrEMBL	g18546	A0A8S4DZP0	10
g4114.t1	tr|A0ABQ7Q2X0|A0ABQ7Q2X0_PLUXY	50.0	204	226	216	90	3.3e-66	211.0	Glutathione S-transferase OS=Plutella xylostella OX=51655 GN=JYU34_016564 PE=3 SV=1	TrEMBL	g4114	A0ABQ7Q2X0	10
g16392.t1	tr|A0ACC0KE54|A0ACC0KE54_CHOFU	46.119	219	224	281	98	4.75e-64	209.0	tr|A0ACC0KE54|A0ACC0KE54_CHOFU Uncharacterized protein OS=Choristoneura fumiferana OX=7141 GN=MSG28_003128 PE=4 SV=1	TrEMBL	g16392	A0ACC0KE54	7
g16392.t1	tr|A0A8S4RML9|A0A8S4RML9_9NEOP	44.545	220	224	228	98	5.66e-65	209.0	tr|A0A8S4RML9|A0A8S4RML9_9NEOP Jg10509 protein OS=Pararge aegeria aegeria OX=348720 GN=jg10509 PE=3 SV=1	TrEMBL	g16392	A0A8S4RML9	8
g16392.t1	tr|A0A6J1X1M5|A0A6J1X1M5_GALME	45.622	217	224	219	97	4.69e-65	209.0	tr|A0A6J1X1M5|A0A6J1X1M5_GALME Glutathione S-transferase 1-like OS=Galleria mellonella OX=7137 GN=LOC113521643 PE=4 SV=2	TrEMBL	g16392	A0A6J1X1M5	9
g16392.t1	tr|A0A6J1MXC7|A0A6J1MXC7_BICAN	42.793	222	224	228	99	1.62e-63	206.0	tr|A0A6J1MXC7|A0A6J1MXC7_BICAN Glutathione S-transferase 1-like OS=Bicyclus anynana OX=110368 GN=LOC112043819 PE=3 SV=1	TrEMBL	g16392	A0A6J1MXC7	10
g2865.t1	tr|A0A4C1SD69|A0A4C1SD69_EUMVA	68.153	157	171	263	92	5.51e-64	205.0	Trypsin, alkaline C OS=Eumeta variegata OX=151549 GN=EVAR_74357_1 PE=3 SV=1	TrEMBL	g2865	A0A4C1SD69	3
g2865.t1	tr|A0A4C1SG55|A0A4C1SG55_EUMVA	69.231	156	171	441	91	1.81e-61	204.0	Trypsin CFT-1 OS=Eumeta variegata OX=151549 GN=EVAR_74392_1 PE=3 SV=1	TrEMBL	g2865	A0A4C1SG55	4
g2865.t1	tr|A0A4C1SCU1|A0A4C1SCU1_EUMVA	68.153	157	171	732	92	2.0900000000000001e-57	199.0	Trypsin, alkaline C OS=Eumeta variegata OX=151549 GN=EVAR_74346_1 PE=4 SV=1	TrEMBL	g2865	A0A4C1SCU1	5
g2865.t1	tr|A0ACC0JDP5|A0ACC0JDP5_CHOFU	62.179	156	171	263	91	1.8e-60	196.0	trypsin OS=Choristoneura fumiferana OX=7141 GN=MSG28_006125 PE=3 SV=1	TrEMBL	g2865	A0ACC0JDP5	6
g13780.t1	tr|A0A4C1WDX3|A0A4C1WDX3_EUMVA	58.235	170	178	259	96	1.59e-59	195.0	tr|A0A4C1WDX3|A0A4C1WDX3_EUMVA Trypsin CFT-1 OS=Eumeta variegata OX=151549 GN=EVAR_45633_1 PE=3 SV=1	TrEMBL	g13780	A0A4C1WDX3	2
g2865.t1	tr|A0A9N8PZX1|A0A9N8PZX1_CHRIL	58.642	162	171	351	95	1.34e-57	191.0	Peptidase S1 domain-containing protein OS=Chrysodeixis includens OX=689277 GN=CINC_LOCUS1550 PE=3 SV=1	TrEMBL	g2865	A0A9N8PZX1	7
g2865.t1	tr|A0A9N8Q0Z6|A0A9N8Q0Z6_CHRIL	60.897	156	171	262	91	1.29e-58	191.0	trypsin OS=Chrysodeixis includens OX=689277 GN=CINC_LOCUS1549 PE=3 SV=1	TrEMBL	g2865	A0A9N8Q0Z6	8
g13780.t1	tr|A0A4C1WEL4|A0A4C1WEL4_EUMVA	60.131	153	178	635	86	3.4099999999999996e-54	191.0	tr|A0A4C1WEL4|A0A4C1WEL4_EUMVA trypsin OS=Eumeta variegata OX=151549 GN=EVAR_45636_1 PE=4 SV=1	TrEMBL	g13780	A0A4C1WEL4	3
g2865.t1	tr|A0A835GLH1|A0A835GLH1_SPOEX	60.51	157	171	263	91	1.09e-57	189.0	trypsin OS=Spodoptera exigua OX=7107 GN=HW555_004563 PE=3 SV=1	TrEMBL	g2865	A0A835GLH1	9
g2865.t1	tr|A0A9J7DRP8|A0A9J7DRP8_SPOLT	59.615	156	171	263	91	1.77e-57	188.0	trypsin OS=Spodoptera litura OX=69820 GN=LOC111348599 PE=3 SV=1	TrEMBL	g2865	A0A9J7DRP8	10
g13780.t1	tr|A0A8S3WRX1|A0A8S3WRX1_PARAO	56.97	165	178	257	93	1.1899999999999999e-55	185.0	tr|A0A8S3WRX1|A0A8S3WRX1_PARAO trypsin OS=Parnassius apollo OX=110799 GN=PAPOLLO_LOCUS9456 PE=4 SV=1	TrEMBL	g13780	A0A8S3WRX1	4
g13780.t1	tr|A0A8S3WTZ1|A0A8S3WTZ1_PARAO	54.118	170	178	258	96	1.13e-53	180.0	tr|A0A8S3WTZ1|A0A8S3WTZ1_PARAO (apollo) hypothetical protein OS=Parnassius apollo OX=110799 GN=PAPOLLO_LOCUS9454 PE=3 SV=1	TrEMBL	g13780	A0A8S3WTZ1	5
g13780.t1	tr|A0AAV1M567|A0AAV1M567_9NEOP	54.545	165	178	257	93	2.71e-53	179.0	tr|A0AAV1M567|A0AAV1M567_9NEOP trypsin OS=Parnassius mnemosyne OX=213953 GN=PARMNEM_LOCUS20848 PE=3 SV=1	TrEMBL	g13780	A0AAV1M567	6
g13780.t1	tr|A0ACC2RAJ2|A0ACC2RAJ2_9NEOP	54.971	171	178	255	96	1.3799999999999999e-52	177.0	tr|A0ACC2RAJ2|A0ACC2RAJ2_9NEOP Peptidase S1 domain-containing protein OS=Mythimna loreyi OX=667449 GN=PYW08_006782 PE=3 SV=1	TrEMBL	g13780	A0ACC2RAJ2	7
g13780.t1	tr|A0ACC2R883|A0ACC2R883_9NEOP	53.801	171	178	254	96	1.05e-52	177.0	tr|A0ACC2R883|A0ACC2R883_9NEOP trypsin OS=Mythimna loreyi OX=667449 GN=PYW08_006777 PE=3 SV=1	TrEMBL	g13780	A0ACC2R883	8
g13780.t1	tr|A0A891XIE8|A0A891XIE8_TINBI	53.939	165	178	257	93	9.35e-53	177.0	tr|A0A891XIE8|A0A891XIE8_TINBI Trypsin alkaline C-like OS=Tineola bisselliella OX=93883 GN=TrpAC PE=2 SV=1	TrEMBL	g13780	A0A891XIE8	9
g13780.t1	tr|A0A4C1WHG7|A0A4C1WHG7_EUMVA	57.333	150	178	249	84	8.34e-53	177.0	tr|A0A4C1WHG7|A0A4C1WHG7_EUMVA Trypsin CFT-1 OS=Eumeta variegata OX=151549 GN=EVAR_45632_1 PE=3 SV=1	TrEMBL	g13780	A0A4C1WHG7	10
g4893.t1	tr|A0AAN7VLW0|A0AAN7VLW0_9COLE	29.508	427	399	414	99	3.12e-44	166.0	CHK kinase-like domain-containing protein OS=Pyrocoelia pectoralis OX=417401 GN=RI129_002588 PE=4 SV=1	TrEMBL	g4893	A0AAN7VLW0	5
g4892.t1	tr|A0A8S0ZIW4|A0A8S0ZIW4_ARCPL	27.02	396	402	401	98	4.15e-44	166.0	CHK kinase-like domain-containing protein OS=Arctia plantaginis OX=874455 GN=APLA_LOCUS5257 PE=4 SV=1	TrEMBL	g4892	A0A8S0ZIW4	5
g4895.t1	tr|A0A4C1W8H4|A0A4C1W8H4_EUMVA	44.099	161	164	400	98	4.96e-47	165.0	CHK kinase-like domain-containing protein OS=Eumeta variegata OX=151549 GN=EVAR_28043_1 PE=4 SV=1	TrEMBL	g4895	A0A4C1W8H4	3
g4892.t1	tr|A0A0L7KVZ6|A0A0L7KVZ6_OPEBR	30.0	370	402	403	91	8.71e-44	165.0	CHK kinase-like domain-containing protein (Fragment) OS=Operophtera brumata OX=104452 GN=OBRU01_20154 PE=4 SV=1	TrEMBL	g4892	A0A0L7KVZ6	6
g4893.t1	tr|A0AAN7V8V1|A0AAN7V8V1_9COLE	25.917	409	399	416	99	1.67e-43	164.0	CHK kinase-like domain-containing protein OS=Pyrocoelia pectoralis OX=417401 GN=RI129_008570 PE=4 SV=1	TrEMBL	g4893	A0AAN7V8V1	6
g4893.t1	tr|A0A8K0GJJ3|A0A8K0GJJ3_IGNLU	29.177	401	399	416	94	2.24e-43	164.0	CHK kinase-like domain-containing protein OS=Ignelater luminosus OX=2038154 GN=ILUMI_02129 PE=4 SV=1	TrEMBL	g4893	A0A8K0GJJ3	7
g4893.t1	tr|A0A1Y1N105|A0A1Y1N105_PHOPY	28.68	394	399	413	95	1.52e-42	162.0	CHK kinase-like domain-containing protein OS=Photinus pyralis OX=7054 GN=PPYR_12933 PE=4 SV=1	TrEMBL	g4893	A0A1Y1N105	8
g4893.t1	tr|A0A922CSD2|A0A922CSD2_MANSE	28.141	398	399	415	97	4.559999999999999e-42	160.0	CHK kinase-like domain-containing protein OS=Manduca sexta OX=7130 GN=O3G_MSEX009834 PE=4 SV=1	TrEMBL	g4893	A0A922CSD2	9
g4893.t1	tr|A0ACC2QQ49|A0ACC2QQ49_9NEOP	26.566	399	399	410	96	6.36e-42	160.0	CHK kinase-like domain-containing protein OS=Mythimna loreyi OX=667449 GN=PYW08_004511 PE=4 SV=1	TrEMBL	g4893	A0ACC2QQ49	10
g4892.t1	tr|Q16LD7|Q16LD7_AEDAE	27.833	406	402	486	95	5.3799999999999995e-40	157.0	CHK kinase-like domain-containing protein OS=Aedes aegypti OX=7159 GN=5576651 PE=4 SV=1	TrEMBL	g4892	Q16LD7	7
g4892.t1	tr|A0A9P0TAB0|A0A9P0TAB0_PIEBR	33.77	305	402	402	73	2.38e-40	156.0	CHK kinase-like domain-containing protein OS=Pieris brassicae OX=7116 GN=PIBRA_LOCUS4760 PE=4 SV=1	TrEMBL	g4892	A0A9P0TAB0	8
g4892.t1	tr|A0A8R2HPZ2|A0A8R2HPZ2_BOMMO	27.93	401	402	400	99	3.87e-40	155.0	CHK kinase-like domain-containing protein OS=Bombyx mori OX=7091 PE=4 SV=1	TrEMBL	g4892	A0A8R2HPZ2	9
g4892.t1	tr|A0A8K0GL32|A0A8K0GL32_IGNLU	28.571	427	402	423	98	4.71e-40	155.0	CHK kinase-like domain-containing protein OS=Ignelater luminosus OX=2038154 GN=ILUMI_02131 PE=4 SV=1	TrEMBL	g4892	A0A8K0GL32	10
g3411.t1	tr|A0A4C1T8G7|A0A4C1T8G7_EUMVA	81.111	90	91	276	99	1.47e-42	147.0	Chymotrypsin-2 OS=Eumeta variegata OX=151549 GN=EVAR_6336_1 PE=3 SV=1		g3411	A0A4C1T8G7	1
g7361.t1	tr|A0AAD7Y6Y1|A0AAD7Y6Y1_MYTSE	46.951	164	153	220	99	3.13e-38	138.0	Chitin-binding type-2 domain-containing protein OS=Mythimna separata OX=271217 GN=PYW07_011849 PE=4 SV=1	TrEMBL	g7361	A0AAD7Y6Y1	2
g4895.t1	tr|A0A4C1W960|A0A4C1W960_EUMVA	39.375	160	164	400	98	1.45e-35	135.0	CHK kinase-like domain-containing protein OS=Eumeta variegata OX=151549 GN=EVAR_31466_1 PE=4 SV=1	TrEMBL	g4895	A0A4C1W960	4
g7361.t1	tr|A0A835GJV1|A0A835GJV1_SPOEX	46.497	157	153	263	93	6.750000000000001e-36	134.0	Chitin-binding type-2 domain-containing protein OS=Spodoptera exigua OX=7107 GN=HW555_005600 PE=4 SV=1	TrEMBL	g7361	A0A835GJV1	3
g7361.t1	tr|A0ACC2Q4E1|A0ACC2Q4E1_9NEOP	51.145	131	153	221	80	2.56e-36	134.0	Chitin-binding type-2 domain-containing protein OS=Mythimna loreyi OX=667449 GN=PYW08_011143 PE=4 SV=1	TrEMBL	g7361	A0ACC2Q4E1	4
g7361.t1	tr|D5KU16|D5KU16_9NEOP	53.03	132	153	221	80	5.59e-36	133.0	Peritrophin type-A domain protein 1 OS=Mamestra configurata OX=174822 GN=PAD1 PE=2 SV=1	TrEMBL	g7361	D5KU16	5
g7361.t1	tr|A0A8J2W0P3|A0A8J2W0P3_9NEOP	44.242	165	153	216	97	6e-36	132.0	(African queen) hypothetical protein OS=Danaus chrysippus OX=151541 GN=DCHRY22_LOCUS10643 PE=4 SV=1	TrEMBL	g7361	A0A8J2W0P3	6
g7361.t1	tr|A0A9N8L656|A0A9N8L656_CHRIL	46.914	162	153	216	99	2.32e-35	131.0	Chitin-binding type-2 domain-containing protein OS=Chrysodeixis includens OX=689277 GN=CINC_LOCUS8942 PE=4 SV=1	TrEMBL	g7361	A0A9N8L656	7
g7361.t1	tr|A0A8S4S218|A0A8S4S218_9NEOP	44.737	152	153	220	97	7.310000000000001e-35	130.0	Jg6539 protein OS=Pararge aegeria aegeria OX=348720 GN=jg6539 PE=4 SV=1	TrEMBL	g7361	A0A8S4S218	8
g7361.t1	tr|A0A7E5W7C4|A0A7E5W7C4_TRINI	47.205	161	153	213	99	1.29e-34	129.0	Peritrophin-1-like isoform X2 OS=Trichoplusia ni OX=7111 GN=LOC113499969 PE=4 SV=1	TrEMBL	g7361	A0A7E5W7C4	9
g7361.t1	tr|A0A7E5W868|A0A7E5W868_TRINI	47.5	160	153	218	98	1.84e-34	129.0	Peritrophin-1-like isoform X1 OS=Trichoplusia ni OX=7111 GN=LOC113499969 PE=4 SV=1	TrEMBL	g7361	A0A7E5W868	10
g3411.t1	tr|A0A4C1T8N9|A0A4C1T8N9_EUMVA	66.304	92	91	233	99	3.07e-31	117.0	Chymotrypsin-2 OS=Eumeta variegata OX=151549 GN=EVAR_6330_1 PE=3 SV=1		g3411	A0A4C1T8N9	2
g3411.t1	tr|A0A4C1T8F6|A0A4C1T8F6_EUMVA	72.222	72	91	262	79	5.97e-27	107.0	Chymotrypsin-2 OS=Eumeta variegata OX=151549 GN=EVAR_6331_1 PE=3 SV=1		g3411	A0A4C1T8F6	3
g3411.t1	tr|A0AAV1KLT4|A0AAV1KLT4_9NEOP	57.447	94	91	279	99	4.16e-26	105.0	Peptidase S1 domain-containing protein OS=Parnassius mnemosyne OX=213953 GN=PARMNEM_LOCUS4520 PE=3 SV=1		g3411	A0AAV1KLT4	4
g4895.t1	tr|A0A4C1W4L0|A0A4C1W4L0_EUMVA	75.0	60	164	178	37	7.27e-26	105.0	Uncharacterized protein OS=Eumeta variegata OX=151549 GN=EVAR_28045_1 PE=4 SV=1	TrEMBL	g4895	A0A4C1W4L0	5
g3411.t1	tr|A0A8S3XVT0|A0A8S3XVT0_PARAO	57.447	94	91	290	99	5.64e-25	102.0	(apollo) hypothetical protein OS=Parnassius apollo OX=110799 GN=PAPOLLO_LOCUS22697 PE=4 SV=1		g3411	A0A8S3XVT0	5
g3411.t1	tr|A0A4C1TB29|A0A4C1TB29_EUMVA	75.0	68	91	314	75	1.43e-24	102.0	Chymotrypsin-2 OS=Eumeta variegata OX=151549 GN=CHYM2 PE=3 SV=1		g3411	A0A4C1TB29	6
g3411.t1	tr|A0ACC0K6M7|A0ACC0K6M7_CHOFU	68.056	72	91	358	78	1.29e-23	100.0	Peptidase S1 domain-containing protein OS=Choristoneura fumiferana OX=7141 GN=MSG28_004458 PE=3 SV=1		g3411	A0ACC0K6M7	7
g3411.t1	tr|A0ACC0K5Z4|A0ACC0K5Z4_CHOFU	68.056	72	91	358	78	1.29e-23	100.0	Peptidase S1 domain-containing protein OS=Choristoneura fumiferana OX=7141 GN=MSG28_004458 PE=3 SV=1		g3411	A0ACC0K5Z4	8
g3411.t1	tr|A0A9P0G0K5|A0A9P0G0K5_CHRIL	59.14	93	91	280	96	8.729999999999999e-24	99.4	Peptidase S1 domain-containing protein OS=Chrysodeixis includens OX=689277 GN=CINC_LOCUS11864 PE=3 SV=1		g3411	A0A9P0G0K5	9
g3411.t1	tr|A0ABN8HV07|A0ABN8HV07_9NEOP	56.044	91	91	276	99	2.58e-23	97.8	Peptidase S1 domain-containing protein (Fragment) OS=Iphiclides podalirius OX=110791 GN=IPOD504_LOCUS3385 PE=3 SV=1		g3411	A0ABN8HV07	10
g4895.t1	tr|A0ABM3N3K7|A0ABM3N3K7_GALME	34.356	163	164	420	97	4.62e-20	94.4	Uncharacterized protein LOC113510319 OS=Galleria mellonella OX=7137 GN=LOC113510319 PE=4 SV=1	TrEMBL	g4895	A0ABM3N3K7	6
g4895.t1	tr|A0AAN7VLW0|A0AAN7VLW0_9COLE	31.977	172	164	414	98	2.17e-19	92.4	CHK kinase-like domain-containing protein OS=Pyrocoelia pectoralis OX=417401 GN=RI129_002588 PE=4 SV=1	TrEMBL	g4895	A0AAN7VLW0	7
g4895.t1	tr|A0ACB9TJ82|A0ACB9TJ82_HOLOL	34.969	163	164	417	95	2.28e-19	92.4	CHK kinase-like domain-containing protein OS=Holotrichia oblita OX=644536 GN=MML48_2g00006942 PE=4 SV=1	TrEMBL	g4895	A0ACB9TJ82	8
g4895.t1	tr|A0AAN7QM27|A0AAN7QM27_9COLE	36.095	169	164	415	97	2.77e-19	92.0	CHK kinase-like domain-containing protein OS=Aquatica leii OX=1421715 GN=RN001_000524 PE=4 SV=1	TrEMBL	g4895	A0AAN7QM27	9
g4895.t1	tr|A0AAW1CER2|A0AAW1CER2_9HEMI	30.968	155	164	234	95	1.95e-19	89.7	CHK kinase-like domain-containing protein OS=Rhynocoris fuscipes OX=488301 GN=O3M35_013319 PE=4 SV=1	TrEMBL	g4895	A0AAW1CER2	10
