Gene_ID,Length,GC(%),N_Count,Invalid_Characters
g1,1057,35.48,0,
g10,4543,36.87,0,
g100,21827,34.68,0,
g1000,642,39.88,0,
g10000,16354,35.7,0,
g10001,33728,36.95,0,
g10002,3816,30.95,0,
g10003,18720,35.84,0,
g10004,4770,37.48,0,
g10005,31259,36.89,0,
g10006,3582,30.9,0,
g10007,309,54.37,0,
g10008,59607,35.27,0,
g10009,231,56.28,0,
g1001,18985,37.21,0,
g10010,270,52.59,0,
g10011,2226,40.25,0,
g10012,2429,37.59,0,
g10013,3233,40.55,0,
g10014,5532,40.42,0,
g10015,303,57.43,0,
g10016,9062,37.38,0,
g10017,9569,39.48,0,
g10018,16565,36.02,0,
g10019,8876,37.05,0,
g1002,24172,36.77,0,
g10020,3551,57.87,0,
g10021,41869,37.27,0,
g10022,3425,39.07,0,
g10023,1744,38.19,0,
g10024,1033,56.63,0,
g10025,16863,35.64,0,
g10026,483,54.66,0,
g10027,12896,35.27,0,
g10028,14423,37.43,0,
g10029,15373,35.64,0,
g1003,3638,35.51,0,
g10030,2592,38.08,0,
g10031,11096,31.75,0,
g10032,4704,37.44,0,
g10033,40376,36.69,0,
g10034,357,46.78,0,
g10035,2809,38.41,0,
g10036,288,62.5,0,
g10037,1584,48.04,0,
g10038,13512,36.6,0,
g10039,6138,36.17,0,
g1004,5113,38.65,0,
g10040,900,34.33,0,
g10041,1689,28.89,0,
g10042,1765,32.52,0,
g10043,5554,33.49,0,
g10044,18636,33.79,0,
g10045,6627,39.22,0,
g10046,692,44.36,0,
g10047,1264,38.13,0,
g10048,4214,39.75,0,
g10049,11621,42.46,0,
g1005,1926,37.18,0,
g10050,12754,37.87,0,
g10051,32970,37.45,0,
g10052,8769,37.01,0,
g10053,12811,33.8,0,
g10054,7697,36.36,0,
g10055,4497,36.31,0,
g10056,4775,41.8,0,
g10057,6712,40.82,0,
g10058,267,50.19,0,
g10059,13898,37.89,0,
g1006,65835,34.33,0,
g10060,79451,35.95,0,
g10061,4769,33.74,0,
g10062,300,59.67,0,
g10063,997,33.9,0,
g10064,2594,39.71,0,
g10065,5863,41.31,0,
g10066,30542,37.58,0,
g10067,13800,35.36,0,
g10068,5524,37.74,0,
g10069,27284,39.68,0,
g1007,17532,40.05,0,
g10070,8921,33.36,0,
g10071,6493,44.94,0,
g10072,276,43.48,0,
g10073,561,42.07,0,
g10074,11084,32.25,0,
g10075,21295,33.86,0,
g10076,38148,34.4,0,
g10077,4303,32.44,0,
g10078,22688,32.27,0,
g10079,729,63.24,0,
g1008,6464,37.7,0,
g10080,39206,37.43,0,
g10081,5694,38.81,0,
g10082,8596,36.9,0,
g10083,36206,36.65,0,
g10084,20368,36.96,0,
g10085,13788,34.73,0,
g10086,36529,34.99,0,
g10087,44158,36.26,0,
g10088,5941,33.43,0,
g10089,7920,36.6,0,
g1009,7270,38.36,0,
g10090,45529,36.32,0,
g10091,597,40.54,0,
g10092,27681,35.89,0,
g10093,2858,31.49,0,
g10094,44088,34.25,0,
g10095,6002,33.02,0,
g10096,237,51.48,0,
g10097,814,39.68,0,
g10098,1994,40.02,0,
g10099,243,57.61,0,
g101,13968,38.13,0,
g1010,3369,40.49,0,
g10100,2985,39.1,0,
g10101,546,49.63,0,
g10102,10633,34.83,0,
g10103,3717,34.6,0,
g10104,9902,35.08,0,
g10105,1643,42.48,0,
g10106,10093,39.15,0,
g10107,2423,37.23,0,
g10108,1373,40.2,0,
g10109,342,48.54,0,
g1011,12915,32.67,0,
g10110,3499,38.3,0,
g10111,100277,36.8,0,
g10112,1365,37.73,0,
g10113,372,34.68,0,
g10114,8206,41.32,0,
g10115,44680,36.57,0,
g10116,7115,32.03,0,
g10117,996,58.13,0,
g10118,25849,38.13,0,
g10119,8192,36.67,0,
g1012,21174,34.5,0,
g10120,24047,37.0,0,
g10121,7022,34.42,0,
g10122,6962,36.77,0,
g10123,309,76.05,0,
g10124,849,50.41,0,
g10125,29903,35.58,0,
g10126,6495,39.41,0,
g10127,1020,37.65,0,
g10128,1297,47.49,0,
g10129,2794,36.04,0,
g1013,5178,32.95,0,
g10130,4140,33.57,0,
g10131,1717,53.06,0,
g10132,10861,34.75,0,
g10133,1748,39.13,0,
g10134,3451,34.92,0,
g10135,5960,37.95,0,
g10136,5893,34.33,0,
g10137,522,41.95,0,
g10138,65906,35.6,0,
g10139,15094,39.45,0,
g1014,5994,33.67,0,
g10140,207,66.67,0,
g10141,249,57.43,0,
g10142,8373,35.35,0,
g10143,22924,35.47,0,
g10144,64712,37.05,0,
g10145,12779,36.7,0,
g10146,436,30.5,0,
g10147,15823,32.74,0,
g10148,37725,36.77,0,
g10149,33636,35.93,0,
g1015,5577,33.21,0,
g10150,1355,30.77,0,
g10151,30455,37.82,0,
g10152,5680,41.76,0,
g10153,4503,35.24,0,
g10154,15441,34.55,0,
g10155,4527,40.78,0,
g10156,1100,41.73,0,
g10157,2713,34.98,0,
g10158,1170,39.15,0,
g10159,22861,36.48,0,
g1016,5640,35.74,0,
g10160,2139,34.83,0,
g10161,33969,37.13,0,
g10162,5283,36.91,0,
g10163,207,61.35,0,
g10164,360,70.56,0,
g10165,1888,39.51,0,
g10166,8738,39.49,0,
g10167,1384,34.1,0,
g10168,6609,35.41,0,
g10169,474,55.7,0,
g1017,3647,31.56,0,
g10170,6723,41.5,0,
g10171,28485,35.76,0,
g10172,21235,34.44,0,
g10173,8979,48.1,0,
g10174,5777,40.7,0,
g10175,5122,41.98,0,
g10176,219,57.99,0,
g10177,5585,37.26,0,
g10178,9954,39.0,0,
g10179,3202,33.42,0,
g1018,4840,31.34,0,
g10180,2951,33.48,0,
g10181,489,51.94,0,
g10182,59530,37.82,0,
g10183,8262,33.39,0,
g10184,6585,34.0,0,
g10185,2234,33.12,0,
g10186,4132,35.38,0,
g10187,12604,37.86,0,
g10188,28725,35.9,0,
g10189,612,39.87,0,
g1019,9981,34.11,0,
g10190,5188,39.09,0,
g10191,330,48.18,0,
g10192,9952,38.42,0,
g10193,5503,29.87,0,
g10194,4572,30.91,0,
g10195,3771,41.42,0,
g10196,447,38.48,0,
g10197,1594,39.34,0,
g10198,684,39.18,0,
g10199,1845,40.16,0,
g102,12699,33.04,0,
g1020,477,35.01,0,
g10200,1983,29.65,0,
g10201,21869,42.52,0,
g10202,12928,32.93,0,
g10203,44569,37.16,0,
g10204,2686,35.59,0,
g10205,3170,35.24,0,
g10206,801,44.32,0,
g10207,13915,34.26,0,
g10208,2617,34.93,0,
g10209,3763,33.96,0,
g1021,6084,34.22,0,
g10210,11909,36.18,0,
g10211,84443,36.96,0,
g10212,309,58.58,0,
g10213,1061,48.26,0,
g10214,1263,41.65,0,
g10215,25748,36.15,0,
g10216,15666,34.55,0,
g10217,6219,32.13,0,
g10218,1666,32.95,0,
g10219,4896,30.84,0,
g1022,16046,34.4,0,
g10220,662,51.96,0,
g10221,213,67.61,0,
g10222,9192,39.99,0,
g10223,995,35.68,0,
g10224,1849,34.99,0,
g10225,1613,39.31,0,
g10226,1433,32.66,0,
g10227,6530,38.45,0,
g10228,13141,34.46,0,
g10229,390,35.9,0,
g1023,264,45.08,0,
g10230,4634,37.38,0,
g10231,10684,33.46,0,
g10232,41822,37.79,0,
g10233,14702,36.72,0,
g10234,14460,35.55,0,
g10235,11013,34.49,0,
g10236,9964,35.26,0,
g10237,15741,35.45,0,
g10238,3987,42.71,0,
g10239,50719,38.45,0,
g1024,1023,63.93,0,
g10240,1783,46.16,0,
g10241,420,65.24,0,
g10242,333,62.16,0,
g10243,270,65.19,0,
g10244,12975,33.87,0,
g10245,309,53.72,0,
g10246,1395,32.97,0,
g10247,3202,33.35,0,
g10248,336,63.69,0,
g10249,8702,37.23,0,
g1025,1850,42.0,0,
g10250,22602,37.89,0,
g10251,48403,36.18,0,
g10252,774,61.76,0,
g10253,634,48.9,0,
g10254,3281,35.26,0,
g10255,17737,38.51,0,
g10256,4501,45.75,0,
g10257,11800,34.97,0,
g10258,2000,46.9,0,
g10259,112149,35.69,0,
g1026,237,55.27,0,
g10260,4073,35.6,0,
g10261,1760,42.05,0,
g10262,270,68.52,0,
g10263,1218,70.94,0,
g10264,78751,36.7,0,
g10265,25573,34.93,0,
g10266,10687,34.07,0,
g10267,3524,31.87,0,
g10268,5062,34.75,0,
g10269,447,35.35,0,
g1027,1341,63.61,0,
g10270,11116,33.86,0,
g10271,303,56.77,0,
g10272,756,33.2,0,
g10273,4572,37.88,0,
g10274,1356,37.24,0,
g10275,483,57.56,0,
g10276,4789,39.55,0,
g10277,23011,35.82,0,
g10278,31860,36.63,0,
g10279,11279,37.41,0,
g1028,4327,35.61,0,
g10280,348,58.05,0,
g10281,5985,36.79,0,
g10282,3647,35.32,0,
g10283,12926,35.39,0,
g10284,6120,37.79,0,
g10285,222,42.34,0,
g10286,8522,35.57,0,
g10287,5292,33.84,0,
g10288,729,62.83,0,
g10289,867,62.98,0,
g1029,1236,34.95,0,
g10290,735,60.14,0,
g10291,10813,34.67,0,
g10292,1917,33.8,0,
g10293,5057,35.44,0,
g10294,1058,35.07,0,
g10295,20398,35.37,0,
g10296,10855,38.93,0,
g10297,5016,34.89,0,
g10298,37611,35.89,0,
g10299,22083,35.52,0,
g103,46229,36.44,0,
g1030,2550,41.96,0,
g10300,2740,37.63,0,
g10301,267,55.43,0,
g10302,825,51.76,0,
g10303,971,41.5,0,
g10304,294,58.5,0,
g10305,267,53.93,0,
g10306,3648,43.67,0,
g10307,420,64.76,0,
g10308,315,59.68,0,
g10309,204,75.98,0,
g1031,5854,41.42,0,
g10310,252,61.9,0,
g10311,3819,33.62,0,
g10312,15982,39.06,0,
g10313,44813,36.65,0,
g10314,30680,36.13,0,
g10315,13708,35.23,0,
g10316,1233,29.85,0,
g10317,51678,35.17,0,
g10318,20159,37.28,0,
g10319,9483,31.11,0,
g1032,22247,44.4,0,
g10320,3198,32.71,0,
g10321,17253,32.82,0,
g10322,45028,37.81,0,
g10323,7984,33.45,0,
g10324,171978,36.46,0,
g10325,13892,33.65,0,
g10326,537,63.31,0,
g10327,501,62.08,0,
g10328,325,66.15,0,
g10329,2505,41.16,0,
g1033,5367,36.07,0,
g10330,13700,35.07,0,
g10331,14912,33.37,0,
g10332,13027,32.48,0,
g10333,19570,33.63,0,
g10334,17525,36.83,0,
g10335,19470,37.52,0,
g10336,7904,33.62,0,
g10337,6942,34.64,0,
g10338,35721,35.87,0,
g10339,216,50.46,0,
g1034,4018,41.66,0,
g10340,14015,32.37,0,
g10341,2175,32.92,0,
g10342,25332,35.82,0,
g10343,1276,32.21,0,
g10344,1970,31.32,0,
g10345,9795,35.74,0,
g10346,9593,35.77,0,
g10347,7545,35.12,0,
g10348,5380,31.84,0,
g10349,246,60.98,0,
g1035,26770,33.3,0,
g10350,97562,37.51,0,
g10351,1335,37.45,0,
g10352,7466,37.61,0,
g10353,2974,37.32,0,
g10354,8170,37.5,0,
g10355,11049,33.53,0,
g10356,2724,35.24,0,
g10357,14790,35.63,0,
g10358,1755,32.82,0,
g10359,672,58.18,0,
g1036,26638,36.35,0,
g10360,252,51.19,0,
g10361,11143,34.35,0,
g10362,21766,36.35,0,
g10363,510,38.63,0,
g10364,843,35.82,0,
g10365,10980,34.53,0,
g10366,34204,36.44,0,
g10367,1615,69.78,0,
g10368,2774,32.84,0,
g10369,2172,38.49,0,
g1037,324,60.8,0,
g10370,7864,42.14,0,
g10371,7202,33.8,0,
g10372,549,41.35,0,
g10373,1723,33.43,0,
g10374,2216,33.89,0,
g10375,2768,31.58,0,
g10376,2541,32.7,0,
g10377,4521,34.02,0,
g10378,4498,34.97,0,
g10379,11874,36.06,0,
g1038,5316,44.36,0,
g10380,989,41.86,0,
g10381,6203,31.24,0,
g10382,49180,35.45,0,
g10383,14046,38.27,0,
g10384,17186,42.42,0,
g10385,6247,35.04,0,
g10386,5070,37.28,0,
g10387,392,34.69,0,
g10388,5208,30.88,0,
g10389,3302,32.62,0,
g1039,32733,39.1,0,
g10390,900,38.11,0,
g10391,1398,61.3,0,
g10392,267,52.06,0,
g10393,5832,31.98,0,
g10394,1490,31.81,0,
g10395,4148,29.8,0,
g10396,9784,36.08,0,
g10397,9198,35.24,0,
g10398,10148,33.58,0,
g10399,1110,54.95,0,
g104,9163,35.76,0,
g1040,14247,38.37,0,
g10400,2648,40.52,0,
g10401,3798,42.58,0,
g10402,18497,36.18,0,
g10403,22091,34.11,0,
g10404,2045,39.36,0,
g10405,33997,36.83,0,
g10406,678,38.64,0,
g10407,34249,36.15,0,
g10408,34528,33.81,0,
g10409,7307,49.27,0,
g1041,7921,37.89,0,
g10410,13161,37.12,0,
g10411,721,51.18,0,
g10412,6373,52.06,0,
g10413,627,43.7,0,
g10414,246,66.67,0,
g10415,363,63.64,0,
g10416,4997,43.97,0,
g10417,264,54.92,0,
g10418,417,69.06,0,
g10419,2895,33.78,0,
g1042,11603,36.59,0,
g10420,18408,35.27,0,
g10421,15598,34.63,0,
g10422,33364,35.48,0,
g10423,5279,36.28,0,
g10424,1626,38.68,0,
g10425,9417,40.76,0,
g10426,3817,38.72,0,
g10427,2204,42.11,0,
g10428,578,44.81,0,
g10429,1807,31.54,0,
g1043,225,55.11,0,
g10430,12874,39.86,0,
g10431,21273,37.53,0,
g10432,23081,34.32,0,
g10433,14558,33.35,0,
g10434,3128,32.96,0,
g10435,1719,38.86,0,
g10436,468,66.03,0,
g10437,13951,35.74,0,
g10438,15211,37.27,0,
g10439,4608,35.79,0,
g1044,22016,37.64,0,
g10440,939,36.32,0,
g10441,1116,36.74,0,
g10442,26497,37.97,0,
g10443,7026,36.09,0,
g10444,4397,35.3,0,
g10445,2375,40.13,0,
g10446,48130,35.81,0,
g10447,3614,37.74,0,
g10448,2952,34.45,0,
g10449,570,43.51,0,
g1045,22223,36.24,0,
g10450,567,40.92,0,
g10451,51118,36.98,0,
g10452,14378,38.94,0,
g10453,10245,35.74,0,
g10454,2910,30.1,0,
g10455,8059,33.09,0,
g10456,249,38.15,0,
g10457,18683,34.77,0,
g10458,1780,35.45,0,
g10459,2248,30.96,0,
g1046,15536,39.69,0,
g10460,39855,34.78,0,
g10461,11546,33.05,0,
g10462,4210,33.97,0,
g10463,3622,30.76,0,
g10464,5765,30.46,0,
g10465,288,44.79,0,
g10466,4340,31.77,0,
g10467,2555,47.28,0,
g10468,7955,37.16,0,
g10469,2755,35.21,0,
g1047,618,34.14,0,
g10470,1078,39.8,0,
g10471,252,50.4,0,
g10472,510,69.02,0,
g10473,288,51.04,0,
g10474,288,65.62,0,
g10475,1441,40.8,0,
g10476,6744,34.12,0,
g10477,1945,40.41,0,
g10478,4321,34.44,0,
g10479,6849,35.07,0,
g1048,29723,40.39,0,
g10480,3699,38.09,0,
g10481,27694,35.94,0,
g10482,14146,43.49,0,
g10483,19389,37.13,0,
g10484,15945,38.3,0,
g10485,7976,36.31,0,
g10486,1459,38.38,0,
g10487,3371,43.37,0,
g10488,14788,38.26,0,
g10489,765,42.61,0,
g1049,1653,38.23,0,
g10490,8981,36.47,0,
g10491,3323,40.84,0,
g10492,14633,36.65,0,
g10493,1309,36.97,0,
g10494,8263,31.62,0,
g10495,28099,37.4,0,
g10496,14603,37.38,0,
g10497,8410,38.41,0,
g10498,309,40.13,0,
g10499,3386,27.97,0,
g105,17255,37.01,0,
g1050,447,40.04,0,
g10500,30045,35.31,0,
g10501,24528,35.58,0,
g10502,237,54.85,0,
g10503,8469,36.05,0,
g10504,255,45.49,0,
g10505,1742,38.06,0,
g10506,228,54.82,0,
g10507,2048,33.01,0,
g10508,17975,38.55,0,
g10509,2868,33.05,0,
g1051,459,38.13,0,
g10510,6831,40.93,0,
g10511,3267,36.46,0,
g10512,2625,39.12,0,
g10513,288,55.9,0,
g10514,698,48.28,0,
g10515,9304,38.01,0,
g10516,1347,31.48,0,
g10517,36207,36.51,0,
g10518,327,64.83,0,
g10519,10896,37.91,0,
g1052,1775,36.06,0,
g10520,11010,35.44,0,
g10521,15968,38.07,0,
g10522,67774,35.67,0,
g10523,20163,36.51,0,
g10524,5012,33.92,0,
g10525,57049,36.26,0,
g10526,12535,41.48,0,
g10527,264,64.77,0,
g10528,258,52.33,0,
g10529,55814,36.97,0,
g1053,3120,37.85,0,
g10530,669,38.57,0,
g10531,6809,36.53,0,
g10532,6550,36.93,0,
g10533,2899,32.56,0,
g10534,354,66.1,0,
g10535,18402,37.2,0,
g10536,6529,29.73,0,
g10537,1663,34.22,0,
g10538,19690,38.12,0,
g10539,1627,31.35,0,
g1054,22565,35.5,0,
g10540,2662,37.11,0,
g10541,3152,40.23,0,
g10542,2118,38.34,0,
g10543,249,56.63,0,
g10544,246,69.11,0,
g10545,291,40.55,0,
g10546,5823,38.33,0,
g10547,387,66.93,0,
g10548,155879,39.61,0,
g10549,291,54.98,0,
g1055,765,37.12,0,
g10550,300,57.33,0,
g10551,642,75.86,0,
g10552,26196,42.87,0,
g10553,9752,35.11,0,
g10554,5792,32.68,0,
g10555,4045,42.32,0,
g10556,513,58.87,0,
g10557,1163,34.57,0,
g10558,4068,35.15,0,
g10559,468,40.81,0,
g1056,32827,35.88,0,
g10560,21572,35.27,0,
g10561,621,64.25,0,
g10562,303,54.79,0,
g10563,1069,39.57,0,
g10564,602,31.56,0,
g10565,3095,35.51,0,
g10566,273,59.34,0,
g10567,11246,33.87,0,
g10568,768,41.54,0,
g10569,354,38.42,0,
g1057,975,60.92,0,
g10570,7331,35.81,0,
g10571,4263,37.06,0,
g10572,6512,37.96,0,
g10573,2198,45.54,0,
g10574,28654,35.55,0,
g10575,48945,36.33,0,
g10576,6498,36.69,0,
g10577,17011,34.18,0,
g10578,5939,32.87,0,
g10579,8687,35.75,0,
g1058,1239,43.74,0,
g10580,8526,35.68,0,
g10581,663,42.84,0,
g10582,13608,36.06,0,
g10583,7667,35.14,0,
g10584,11300,33.46,0,
g10585,1495,39.93,0,
g10586,14038,35.74,0,
g10587,4408,40.93,0,
g10588,31035,35.27,0,
g10589,312,57.69,0,
g1059,240,58.33,0,
g10590,11769,35.3,0,
g10591,14211,38.38,0,
g10592,51184,36.21,0,
g10593,23683,41.48,0,
g10594,18089,40.47,0,
g10595,29963,37.37,0,
g10596,20311,35.04,0,
g10597,306,52.94,0,
g10598,10597,38.64,0,
g10599,2342,35.06,0,
g106,5264,39.25,0,
g1060,11669,32.21,0,
g10600,492,67.68,0,
g10601,32922,38.99,0,
g10602,36692,35.12,0,
g10603,219,58.9,0,
g10604,222,60.36,0,
g10605,60876,35.55,0,
g10606,12175,37.74,0,
g10607,5637,39.49,0,
g10608,204,35.29,0,
g10609,38918,39.07,0,
g1061,30094,37.24,0,
g10610,2851,34.9,0,
g10611,12529,41.73,0,
g10612,79439,38.45,0,
g10613,342,61.4,0,
g10614,12790,40.38,0,
g10615,13655,35.7,0,
g10616,18929,43.95,0,
g10617,303,58.75,0,
g10618,954,45.91,0,
g10619,444,68.24,0,
g1062,549,42.99,0,
g10620,303,60.07,0,
g10621,3600,45.06,0,
g10622,7006,37.74,0,
g10623,15825,39.49,0,
g10624,22952,42.24,0,
g10625,7860,32.37,0,
g10626,6181,33.05,0,
g10627,258,53.88,0,
g10628,642,47.51,0,
g10629,593,49.24,0,
g1063,4544,38.6,0,
g10630,3079,44.85,0,
g10631,7252,37.6,0,
g10632,437,63.62,0,
g10633,2981,31.8,0,
g10634,5715,29.78,0,
g10635,13283,41.87,0,
g10636,33913,41.38,0,
g10637,28878,37.12,0,
g10638,2180,33.49,0,
g10639,50574,37.03,0,
g1064,5037,37.74,0,
g10640,2620,41.83,0,
g10641,1995,33.13,0,
g10642,543,67.77,0,
g10643,2365,58.27,0,
g10644,331,48.04,0,
g10645,459,74.29,0,
g10646,3396,49.23,0,
g10647,3653,42.08,0,
g10648,7403,38.08,0,
g10649,568,60.39,0,
g1065,4364,36.16,0,
g10650,8618,45.35,0,
g10651,497,50.91,0,
g10652,5623,42.68,0,
g10653,6077,39.44,0,
g10654,7519,33.9,0,
g10655,14869,38.03,0,
g10656,52884,38.19,0,
g10657,1629,42.85,0,
g10658,2590,42.39,0,
g10659,1392,48.92,0,
g1066,3427,32.27,0,
g10660,261,56.7,0,
g10661,327,50.46,0,
g10662,252,59.92,0,
g10663,73230,36.38,0,
g10664,7935,37.43,0,
g10665,243,55.97,0,
g10666,5370,34.8,0,
g10667,30083,34.29,0,
g10668,2219,32.94,0,
g10669,11497,36.24,0,
g1067,170952,34.92,0,
g10670,1525,36.26,0,
g10671,28388,34.54,0,
g10672,52987,35.89,0,
g10673,2808,40.17,0,
g10674,16001,34.12,0,
g10675,3165,32.1,0,
g10676,8386,32.96,0,
g10677,919,33.73,0,
g10678,11597,35.87,0,
g10679,22957,35.5,0,
g1068,42771,35.72,0,
g10680,6345,36.12,0,
g10681,10470,36.41,0,
g10682,3747,36.94,0,
g10683,10465,35.82,0,
g10684,33435,36.64,0,
g10685,2690,40.45,0,
g10686,3491,40.42,0,
g10687,3977,36.18,0,
g10688,35062,35.89,0,
g10689,69735,35.31,0,
g1069,4263,32.91,0,
g10690,3797,37.16,0,
g10691,351,42.45,0,
g10692,639,48.83,0,
g10693,624,45.99,0,
g10694,956,31.69,0,
g10695,4372,41.06,0,
g10696,48770,37.16,0,
g10697,3757,30.24,0,
g10698,10172,38.77,0,
g10699,17830,37.15,0,
g107,6824,39.51,0,
g1070,13870,34.55,0,
g10700,31184,38.43,0,
g10701,21295,38.08,0,
g10702,36219,37.01,0,
g10703,990,44.14,0,
g10704,15709,37.26,0,
g10705,405,45.68,0,
g10706,252,55.95,0,
g10707,387,55.56,0,
g10708,324,58.64,0,
g10709,9352,37.08,0,
g1071,1119,32.44,0,
g10710,3399,39.28,0,
g10711,19911,35.62,0,
g10712,14953,37.23,0,
g10713,10313,33.12,0,
g10714,10479,45.75,0,
g10715,6918,34.39,0,
g10716,26998,33.9,0,
g10717,28246,34.84,0,
g10718,8131,31.45,0,
g10719,1089,35.63,0,
g1072,2990,33.41,0,
g10720,18584,35.49,0,
g10721,1107,31.17,0,
g10722,321,56.07,0,
g10723,13187,42.48,0,
g10724,12875,37.89,0,
g10725,6155,35.95,0,
g10726,551,45.55,0,
g10727,893,48.38,0,
g10728,3177,38.37,0,
g10729,318,54.72,0,
g1073,32110,36.56,0,
g10730,7255,35.62,0,
g10731,6344,35.89,0,
g10732,6111,34.1,0,
g10733,14909,37.54,0,
g10734,543,46.78,0,
g10735,5500,35.42,0,
g10736,8146,37.45,0,
g10737,28511,35.46,0,
g10738,303,36.63,0,
g10739,3723,41.71,0,
g1074,336,64.29,0,
g10740,6775,45.23,0,
g10741,4203,45.63,0,
g10742,1165,51.33,0,
g10743,312,63.46,0,
g10744,324,66.05,0,
g10745,12425,34.39,0,
g10746,4845,32.47,0,
g10747,11402,32.54,0,
g10748,10642,31.37,0,
g10749,17047,39.4,0,
g1075,6868,37.09,0,
g10750,14774,37.4,0,
g10751,2574,40.37,0,
g10752,40131,32.85,0,
g10753,37900,36.66,0,
g10754,40766,36.51,0,
g10755,19135,36.94,0,
g10756,40748,36.87,0,
g10757,300,54.33,0,
g10758,13333,35.06,0,
g10759,9825,36.17,0,
g1076,8857,31.46,0,
g10760,5915,38.11,0,
g10761,20322,34.44,0,
g10762,28214,39.14,0,
g10763,1824,39.14,0,
g10764,672,42.26,0,
g10765,9355,36.61,0,
g10766,3398,33.14,0,
g10767,318,61.01,0,
g10768,3993,35.41,0,
g10769,22969,35.77,0,
g1077,7471,35.04,0,
g10770,3207,37.57,0,
g10771,5446,32.79,0,
g10772,7745,33.71,0,
g10773,3267,32.63,0,
g10774,2622,31.66,0,
g10775,5345,39.25,0,
g10776,1439,39.68,0,
g10777,2834,39.91,0,
g10778,12888,43.82,0,
g10779,399,38.35,0,
g1078,14212,35.03,0,
g10780,13379,37.57,0,
g10781,1473,47.25,0,
g10782,1213,43.53,0,
g10783,10758,36.71,0,
g10784,831,37.42,0,
g10785,5224,32.87,0,
g10786,2049,44.07,0,
g10787,16282,39.09,0,
g10788,7879,37.92,0,
g10789,6458,36.78,0,
g1079,7574,39.5,0,
g10790,282,73.4,0,
g10791,543,59.3,0,
g10792,550,58.36,0,
g10793,21858,40.53,0,
g10794,8137,32.96,0,
g10795,6981,31.89,0,
g10796,21126,34.27,0,
g10797,19007,34.61,0,
g10798,91579,36.92,0,
g10799,216,57.87,0,
g108,4103,38.14,0,
g1080,12948,34.06,0,
g10800,297,57.24,0,
g10801,13915,34.73,0,
g10802,342,41.23,0,
g10803,1360,31.4,0,
g10804,2511,33.33,0,
g10805,2903,31.62,0,
g10806,1168,30.65,0,
g10807,10763,36.91,0,
g10808,2370,32.36,0,
g10809,12486,34.06,0,
g1081,246,58.94,0,
g10810,228,63.6,0,
g10811,15971,35.36,0,
g10812,2889,37.24,0,
g10813,1065,66.76,0,
g10814,12172,37.79,0,
g10815,10852,38.03,0,
g10816,8477,34.13,0,
g10817,21448,37.64,0,
g10818,5542,41.28,0,
g10819,288,62.5,0,
g1082,8261,32.53,0,
g10820,7516,42.04,0,
g10821,1683,30.96,0,
g10822,5815,35.65,0,
g10823,3325,32.63,0,
g10824,6026,30.65,0,
g10825,14297,40.39,0,
g10826,864,55.21,0,
g10827,1692,48.29,0,
g10828,22974,38.27,0,
g10829,37548,38.46,0,
g1083,5497,31.13,0,
g10830,1495,42.61,0,
g10831,327,29.97,0,
g10832,7560,39.7,0,
g10833,8725,36.57,0,
g10834,777,60.88,0,
g10835,1340,38.81,0,
g10836,324,39.2,0,
g10837,5912,36.28,0,
g10838,4020,42.36,0,
g10839,447,44.52,0,
g1084,9688,34.75,0,
g10840,408,42.16,0,
g10841,10118,36.9,0,
g10842,11850,37.52,0,
g10843,1886,35.37,0,
g10844,22262,42.6,0,
g10845,267,39.33,0,
g10846,1785,46.83,0,
g10847,24252,34.69,0,
g10848,10462,36.54,0,
g10849,60727,36.09,0,
g1085,10743,32.91,0,
g10850,1771,32.69,0,
g10851,7166,39.39,0,
g10852,1745,40.86,0,
g10853,5929,34.14,0,
g10854,9501,38.73,0,
g10855,27221,35.99,0,
g10856,2937,45.22,0,
g10857,20035,36.91,0,
g10858,3437,31.45,0,
g10859,12529,36.18,0,
g1086,29680,35.74,0,
g10860,3693,34.04,0,
g10861,5966,32.6,0,
g10862,55679,34.43,0,
g10863,4457,34.33,0,
g10864,294,65.65,0,
g10865,2608,36.5,0,
g10866,5012,29.23,0,
g10867,8802,32.62,0,
g10868,27471,39.07,0,
g10869,3986,33.04,0,
g1087,1825,51.29,0,
g10870,5632,36.86,0,
g10871,8668,31.67,0,
g10872,57800,36.26,0,
g10873,264,63.26,0,
g10874,26315,37.07,0,
g10875,906,37.86,0,
g10876,16992,34.53,0,
g10877,4250,34.59,0,
g10878,483,71.01,0,
g10879,240,57.5,0,
g1088,4030,36.58,0,
g10880,6156,38.89,0,
g10881,252,65.87,0,
g10882,234,67.95,0,
g10883,300,63.33,0,
g10884,246,63.82,0,
g10885,348,56.32,0,
g10886,643,43.7,0,
g10887,5435,33.74,0,
g10888,1373,37.07,0,
g10889,325,39.69,0,
g1089,1622,35.64,0,
g10890,3307,37.77,0,
g10891,9408,34.74,0,
g10892,694,43.8,0,
g10893,703,37.7,0,
g10894,10397,36.58,0,
g10895,8339,35.62,0,
g10896,16180,36.14,0,
g10897,228,50.88,0,
g10898,21733,36.73,0,
g10899,656,41.31,0,
g109,5556,42.37,0,
g1090,341,38.12,0,
g10900,2875,33.11,0,
g10901,14969,40.75,0,
g10902,7601,33.64,0,
g10903,1216,41.53,0,
g10904,4707,32.63,0,
g10905,16891,35.06,0,
g10906,7711,35.08,0,
g10907,16267,35.73,0,
g10908,10189,36.53,0,
g10909,4127,35.89,0,
g1091,315,39.68,0,
g10910,10709,38.58,0,
g10911,6831,32.7,0,
g10912,853,37.87,0,
g10913,297,69.7,0,
g10914,1868,35.01,0,
g10915,24698,37.51,0,
g10916,339,67.26,0,
g10917,11394,35.03,0,
g10918,3020,34.8,0,
g10919,432,71.3,0,
g1092,3209,36.52,0,
g10920,1959,57.17,0,
g10921,261,69.35,0,
g10922,327,51.99,0,
g10923,27182,36.48,0,
g10924,43069,34.76,0,
g10925,306,50.65,0,
g10926,2222,55.27,0,
g10927,4504,36.3,0,
g10928,1242,30.6,0,
g10929,5502,46.51,0,
g1093,16453,35.17,0,
g10930,216,50.93,0,
g10931,7416,36.88,0,
g10932,725,49.66,0,
g10933,432,71.99,0,
g10934,2888,37.15,0,
g10935,18927,34.82,0,
g10936,10130,37.27,0,
g10937,4848,39.95,0,
g10938,231,60.61,0,
g10939,222,58.56,0,
g1094,7465,34.09,0,
g10940,363,61.71,0,
g10941,3126,46.13,0,
g10942,6573,36.8,0,
g10943,5056,36.63,0,
g10944,9273,35.98,0,
g10945,2154,42.85,0,
g10946,13651,36.85,0,
g10947,96954,35.88,0,
g10948,8794,38.44,0,
g10949,3411,30.4,0,
g1095,9723,33.95,0,
g10950,21458,36.02,0,
g10951,381,41.73,0,
g10952,13464,36.77,0,
g10953,11383,36.98,0,
g10954,61178,37.12,0,
g10955,6275,55.16,0,
g10956,41044,35.89,0,
g10957,7147,32.7,0,
g10958,8143,38.39,0,
g10959,1688,33.35,0,
g1096,2943,40.1,0,
g10960,11816,37.1,0,
g10961,2203,46.35,0,
g10962,599,36.56,0,
g10963,81724,36.42,0,
g10964,258,65.89,0,
g10965,2178,41.0,0,
g10966,4917,36.75,0,
g10967,89215,38.61,0,
g10968,1089,36.82,0,
g10969,9382,36.18,0,
g1097,456,52.63,0,
g10970,27290,34.68,0,
g10971,9332,34.26,0,
g10972,3751,34.52,0,
g10973,10792,36.05,0,
g10974,1205,32.2,0,
g10975,2695,31.61,0,
g10976,11228,30.59,0,
g10977,12241,37.01,0,
g10978,4815,37.24,0,
g10979,14757,34.73,0,
g1098,2959,44.61,0,
g10980,24840,34.8,0,
g10981,16319,33.31,0,
g10982,4015,32.03,0,
g10983,372,34.95,0,
g10984,1453,34.89,0,
g10985,1522,39.88,0,
g10986,1167,38.39,0,
g10987,533,35.46,0,
g10988,3677,31.11,0,
g10989,291,43.99,0,
g1099,279,67.03,0,
g10990,9021,33.93,0,
g10991,15107,35.94,0,
g10992,2240,38.75,0,
g10993,5942,32.21,0,
g10994,10567,42.65,0,
g10995,1123,49.15,0,
g10996,341,52.79,0,
g10997,12254,31.85,0,
g10998,1824,51.04,0,
g10999,870,58.16,0,
g11,3077,37.54,0,
g110,3579,36.8,0,
g1100,3720,36.18,0,
g11000,10793,36.25,0,
g11001,267,62.92,0,
g11002,3365,38.22,0,
g11003,3419,31.35,0,
g11004,298,41.61,0,
g11005,1440,41.46,0,
g11006,673,37.15,0,
g11007,52910,35.33,0,
g11008,1842,38.38,0,
g11009,82449,36.65,0,
g1101,34339,36.05,0,
g11010,7291,35.65,0,
g11011,7399,35.98,0,
g11012,4184,32.91,0,
g11013,7666,35.08,0,
g11014,28950,35.69,0,
g11015,15365,36.86,0,
g11016,10942,38.07,0,
g11017,7943,38.63,0,
g11018,1089,35.35,0,
g11019,26487,36.73,0,
g1102,781,53.52,0,
g11020,327,43.12,0,
g11021,18674,34.85,0,
g11022,2381,37.93,0,
g11023,222,41.89,0,
g11024,7114,36.41,0,
g11025,23764,35.95,0,
g11026,40479,37.98,0,
g11027,219,63.47,0,
g11028,219,69.86,0,
g11029,12804,38.5,0,
g1103,201,59.7,0,
g11030,19135,36.79,0,
g11031,6693,34.08,0,
g11032,32803,38.26,0,
g11033,1332,47.07,0,
g11034,14540,33.56,0,
g11035,37592,36.24,0,
g11036,258,56.2,0,
g11037,1933,45.21,0,
g11038,5869,36.28,0,
g11039,1652,41.53,0,
g1104,3791,43.21,0,
g11040,525,52.38,0,
g11041,315,53.02,0,
g11042,9844,35.64,0,
g11043,18760,39.25,0,
g11044,2077,33.8,0,
g11045,12935,36.23,0,
g11046,441,34.47,0,
g11047,816,32.97,0,
g11048,1472,36.82,0,
g11049,7648,33.03,0,
g1105,3834,29.34,0,
g11050,520,62.69,0,
g11051,20008,36.12,0,
g11052,35073,38.14,0,
g11053,17225,34.02,0,
g11054,8903,31.29,0,
g11055,26081,35.78,0,
g11056,1371,38.58,0,
g11057,2658,39.09,0,
g11058,2251,42.38,0,
g11059,17914,37.57,0,
g1106,6141,32.86,0,
g11060,7709,33.88,0,
g11061,30946,37.46,0,
g11062,7335,32.0,0,
g11063,2425,30.6,0,
g11064,1042,33.11,0,
g11065,1572,39.25,0,
g11066,9065,42.13,0,
g11067,7369,37.03,0,
g11068,29508,35.31,0,
g11069,16405,38.03,0,
g1107,153655,37.76,0,
g11070,55275,37.98,0,
g11071,402,34.08,0,
g11072,18224,34.87,0,
g11073,5321,37.04,0,
g11074,9094,33.57,0,
g11075,429,40.56,0,
g11076,612,50.33,0,
g11077,46145,38.34,0,
g11078,5429,32.79,0,
g11079,8557,42.11,0,
g1108,22691,37.66,0,
g11080,11264,33.7,0,
g11081,9680,34.63,0,
g11082,621,30.43,0,
g11083,24989,34.09,0,
g11084,69476,35.22,0,
g11085,28279,36.86,0,
g11086,7376,37.15,0,
g11087,6890,44.82,0,
g11088,3910,34.65,0,
g11089,4339,32.33,0,
g1109,11549,35.76,0,
g11090,2481,33.13,0,
g11091,7547,35.06,0,
g11092,9909,32.96,0,
g11093,8891,40.41,0,
g11094,489,70.96,0,
g11095,2918,43.83,0,
g11096,303,47.19,0,
g11097,9999,37.73,0,
g11098,7383,34.96,0,
g11099,41858,36.78,0,
g111,1610,41.24,0,
g1110,1648,31.55,0,
g11100,17897,37.31,0,
g11101,879,30.83,0,
g11102,34627,34.73,0,
g11103,6101,33.67,0,
g11104,6170,33.05,0,
g11105,975,40.51,0,
g11106,249,43.37,0,
g11107,393,44.53,0,
g11108,25896,36.51,0,
g11109,4788,35.38,0,
g1111,369,43.36,0,
g11110,34207,39.25,0,
g11111,819,43.96,0,
g11112,21367,38.5,0,
g11113,753,38.11,0,
g11114,390,50.26,0,
g11115,231,76.19,0,
g11116,3790,33.35,0,
g11117,5414,36.13,0,
g11118,16242,34.45,0,
g11119,31177,35.59,0,
g1112,9923,38.17,0,
g11120,9659,32.63,0,
g11121,5496,37.85,0,
g11122,36641,35.57,0,
g11123,404,40.1,0,
g11124,39866,40.13,0,
g11125,9898,36.37,0,
g11126,3387,35.93,0,
g11127,6003,36.95,0,
g11128,10886,34.38,0,
g11129,13144,34.47,0,
g1113,2048,39.99,0,
g11130,3516,40.47,0,
g11131,4259,32.19,0,
g11132,750,35.2,0,
g11133,16775,34.51,0,
g11134,44020,35.28,0,
g11135,107357,36.42,0,
g11136,258,56.2,0,
g11137,15268,34.24,0,
g11138,12173,37.78,0,
g11139,61604,36.15,0,
g1114,1428,34.1,0,
g11140,1772,37.02,0,
g11141,3402,32.92,0,
g11142,17294,37.24,0,
g11143,6733,41.41,0,
g11144,5697,36.79,0,
g11145,57826,34.62,0,
g11146,279,61.29,0,
g11147,258,41.09,0,
g11148,4125,48.53,0,
g11149,705,37.45,0,
g1115,297,38.05,0,
g11150,2381,35.03,0,
g11151,1393,39.99,0,
g11152,12003,41.92,0,
g11153,5275,33.25,0,
g11154,28676,34.41,0,
g11155,20131,32.84,0,
g11156,144,63.19,0,
g11157,249,50.6,0,
g11158,2037,37.85,0,
g11159,846,33.33,0,
g1116,11860,34.58,0,
g11160,1452,36.5,0,
g11161,3056,31.81,0,
g11162,5796,36.44,0,
g11163,8929,37.94,0,
g11164,17500,35.54,0,
g11165,16571,39.1,0,
g11166,17378,32.74,0,
g11167,4770,36.73,0,
g11168,12251,33.39,0,
g11169,44289,37.63,0,
g1117,1638,43.71,0,
g11170,6621,36.97,0,
g11171,66130,36.26,0,
g11172,11315,34.28,0,
g11173,3739,40.14,0,
g11174,9016,38.04,0,
g11175,14121,34.75,0,
g11176,2172,38.49,0,
g11177,1648,35.68,0,
g11178,906,67.66,0,
g11179,4456,34.78,0,
g1118,15612,36.52,0,
g11180,231,53.25,0,
g11181,9590,34.91,0,
g11182,6191,37.99,0,
g11183,824,36.29,0,
g11184,851,32.55,0,
g11185,24979,33.07,0,
g11186,954,31.87,0,
g11187,1984,38.46,0,
g11188,13388,33.37,0,
g11189,249,59.84,0,
g1119,455,37.14,0,
g11190,4662,34.28,0,
g11191,2598,37.34,0,
g11192,1455,35.33,0,
g11193,2307,39.01,0,
g11194,2118,37.58,0,
g11195,4311,36.09,0,
g11196,4392,32.58,0,
g11197,595,35.13,0,
g11198,561,39.93,0,
g11199,19174,35.2,0,
g112,870,57.82,0,
g1120,900,37.22,0,
g11200,4786,33.79,0,
g11201,4971,34.76,0,
g11202,5272,34.52,0,
g11203,2141,35.78,0,
g11204,5592,36.93,0,
g11205,510,50.39,0,
g11206,11286,34.95,0,
g11207,4038,36.26,0,
g11208,715,33.99,0,
g11209,18633,36.95,0,
g1121,20968,34.62,0,
g11210,12648,31.75,0,
g11211,46698,37.6,0,
g11212,1440,43.26,0,
g11213,7563,39.49,0,
g11214,31593,37.59,0,
g11215,9638,35.75,0,
g11216,30757,37.69,0,
g11217,411,61.07,0,
g11218,486,54.53,0,
g11219,3026,36.25,0,
g1122,30651,35.64,0,
g11220,3086,38.98,0,
g11221,4874,38.76,0,
g11222,4072,39.86,0,
g11223,300,60.33,0,
g11224,3873,35.94,0,
g11225,246,52.85,0,
g11226,12690,36.14,0,
g11227,996,49.9,0,
g11228,7414,34.31,0,
g11229,5830,38.94,0,
g1123,1152,54.95,0,
g11230,1246,32.91,0,
g11231,1893,45.01,0,
g11232,43318,36.08,0,
g11233,13005,36.58,0,
g11234,10370,42.5,0,
g11235,9468,35.45,0,
g11236,13920,33.64,0,
g11237,8232,33.66,0,
g11238,1510,49.21,0,
g11239,13179,34.73,0,
g1124,4982,34.93,0,
g11240,20897,35.76,0,
g11241,16009,35.79,0,
g11242,888,41.44,0,
g11243,1290,34.96,0,
g11244,37051,37.76,0,
g11245,10085,40.32,0,
g11246,480,40.0,0,
g11247,40530,35.22,0,
g11248,5908,33.4,0,
g11249,402,65.42,0,
g1125,4490,33.14,0,
g11250,16860,40.23,0,
g11251,1092,37.36,0,
g11252,9139,32.54,0,
g11253,10260,36.46,0,
g11254,237,62.03,0,
g11255,12092,40.5,0,
g11256,7984,31.91,0,
g11257,19156,33.63,0,
g11258,5444,37.78,0,
g11259,6765,35.85,0,
g1126,1399,38.88,0,
g11260,21750,37.33,0,
g11261,3970,34.51,0,
g11262,22167,38.49,0,
g11263,7758,36.67,0,
g11264,2810,32.46,0,
g11265,52235,36.23,0,
g11266,2778,34.88,0,
g11267,4427,43.33,0,
g11268,424,34.91,0,
g11269,15771,32.24,0,
g1127,288,45.49,0,
g11270,5781,34.06,0,
g11271,9023,33.58,0,
g11272,9463,33.86,0,
g11273,18195,37.28,0,
g11274,23502,36.87,0,
g11275,892,34.53,0,
g11276,5543,32.92,0,
g11277,2319,35.4,0,
g11278,1335,43.45,0,
g11279,5871,36.62,0,
g1128,27927,35.44,0,
g11280,525,38.86,0,
g11281,522,37.74,0,
g11282,3699,33.68,0,
g11283,330,39.09,0,
g11284,1311,35.62,0,
g11285,866,32.33,0,
g11286,3276,37.48,0,
g11287,2308,35.66,0,
g11288,255,38.82,0,
g11289,612,41.01,0,
g1129,1439,38.43,0,
g11290,84672,36.67,0,
g11291,591,37.56,0,
g11292,5368,35.51,0,
g11293,3759,33.6,0,
g11294,15737,33.16,0,
g11295,35613,38.35,0,
g11296,11181,34.35,0,
g11297,294,70.41,0,
g11298,408,51.47,0,
g11299,3222,32.34,0,
g113,7769,35.38,0,
g1130,2262,37.31,0,
g11300,4437,32.07,0,
g11301,17346,34.54,0,
g11302,8155,37.25,0,
g11303,21125,36.47,0,
g11304,354,55.93,0,
g11305,5524,36.28,0,
g11306,6858,35.48,0,
g11307,48164,38.49,0,
g11308,7437,31.32,0,
g11309,16377,40.31,0,
g1131,2131,37.87,0,
g11310,5554,33.58,0,
g11311,20452,33.12,0,
g11312,450,38.44,0,
g11313,892,37.56,0,
g11314,5540,32.29,0,
g11315,7103,33.18,0,
g11316,8429,33.54,0,
g11317,26395,36.83,0,
g11318,6326,35.05,0,
g11319,5515,37.5,0,
g1132,1233,39.98,0,
g11320,5637,34.47,0,
g11321,13078,38.22,0,
g11322,516,59.5,0,
g11323,20134,36.26,0,
g11324,14119,37.54,0,
g11325,14570,38.7,0,
g11326,18085,34.56,0,
g11327,6601,35.25,0,
g11328,7220,38.16,0,
g11329,8184,31.26,0,
g1133,3908,38.69,0,
g11330,12496,31.63,0,
g11331,895,34.86,0,
g11332,32767,36.83,0,
g11333,7933,30.63,0,
g11334,80634,36.07,0,
g11335,66555,38.46,0,
g11336,107920,37.37,0,
g11337,59500,37.84,0,
g11338,7317,34.58,0,
g11339,1206,51.16,0,
g1134,4551,37.51,0,
g11340,6769,37.72,0,
g11341,4723,40.4,0,
g11342,5271,37.15,0,
g11343,14206,36.25,0,
g11344,2374,39.64,0,
g11345,1317,38.04,0,
g11346,9345,36.9,0,
g11347,12761,34.3,0,
g11348,246,42.68,0,
g11349,9907,34.05,0,
g1135,6093,32.41,0,
g11350,4056,40.31,0,
g11351,24795,35.05,0,
g11352,297,54.21,0,
g11353,12252,37.66,0,
g11354,330,70.3,0,
g11355,348,52.01,0,
g11356,1758,35.89,0,
g11357,1068,38.95,0,
g11358,384,55.73,0,
g11359,15507,39.55,0,
g1136,34430,37.4,0,
g11360,33618,36.42,0,
g11361,4824,41.0,0,
g11362,7176,37.51,0,
g11363,5887,37.64,0,
g11364,17024,35.83,0,
g11365,9607,34.35,0,
g11366,39622,35.17,0,
g11367,2385,53.63,0,
g11368,5458,37.47,0,
g11369,4371,31.25,0,
g1137,21840,37.57,0,
g11370,4945,36.32,0,
g11371,6479,35.28,0,
g11372,2838,37.91,0,
g11373,23167,35.19,0,
g11374,1032,36.43,0,
g11375,2389,34.37,0,
g11376,3348,33.93,0,
g11377,4492,35.17,0,
g11378,1089,68.96,0,
g11379,207,74.88,0,
g1138,23872,37.95,0,
g11380,19358,37.77,0,
g11381,28813,41.16,0,
g11382,4417,37.24,0,
g11383,22340,36.13,0,
g11384,783,38.7,0,
g11385,14458,35.53,0,
g11386,80991,36.4,0,
g11387,8089,36.33,0,
g11388,24283,33.98,0,
g11389,25744,36.53,0,
g1139,29187,39.59,0,
g11390,3570,35.69,0,
g11391,76876,36.0,0,
g11392,19098,36.3,0,
g11393,3189,35.21,0,
g11394,8157,32.24,0,
g11395,24063,34.79,0,
g11396,5868,32.65,0,
g11397,6239,33.88,0,
g11398,1810,35.52,0,
g11399,102005,37.77,0,
g114,1006,72.37,0,
g1140,28952,37.42,0,
g11400,5115,34.57,0,
g11401,20262,42.66,0,
g11402,8231,38.61,0,
g11403,468,42.31,0,
g11404,2565,40.97,0,
g11405,5525,38.75,0,
g11406,1445,34.67,0,
g11407,21427,37.47,0,
g11408,21060,35.29,0,
g11409,30794,39.18,0,
g1141,31363,35.11,0,
g11410,897,39.46,0,
g11411,288,42.36,0,
g11412,207,61.35,0,
g11413,1007,35.05,0,
g11414,21576,37.9,0,
g11415,6481,33.13,0,
g11416,4937,32.75,0,
g11417,12465,33.27,0,
g11418,1734,40.43,0,
g11419,16544,33.61,0,
g1142,29588,36.09,0,
g11420,7375,35.16,0,
g11421,980,60.31,0,
g11422,896,38.62,0,
g11423,1281,46.45,0,
g11424,26720,36.92,0,
g11425,9947,34.81,0,
g11426,417,58.75,0,
g11427,16640,37.98,0,
g11428,17610,36.05,0,
g11429,5664,38.35,0,
g1143,4557,31.45,0,
g11430,5232,37.6,0,
g11431,18698,42.85,0,
g11432,7944,35.4,0,
g11433,6980,37.35,0,
g11434,59246,35.36,0,
g11435,822,40.15,0,
g11436,11224,36.04,0,
g11437,876,43.38,0,
g11438,10010,37.99,0,
g11439,7749,32.66,0,
g1144,10837,36.86,0,
g11440,105763,36.17,0,
g11441,288,56.94,0,
g11442,17636,36.94,0,
g11443,44263,36.05,0,
g11444,36866,36.09,0,
g11445,7076,35.53,0,
g11446,15867,35.8,0,
g11447,15285,35.22,0,
g11448,38459,36.13,0,
g11449,1581,51.17,0,
g1145,29709,36.22,0,
g11450,3811,33.4,0,
g11451,627,37.64,0,
g11452,1188,34.93,0,
g11453,5102,35.46,0,
g11454,471,50.96,0,
g11455,9294,35.36,0,
g11456,375,52.8,0,
g11457,306,58.17,0,
g11458,5519,44.12,0,
g11459,10837,38.68,0,
g1146,1818,40.32,0,
g11460,228,58.33,0,
g11461,228,58.77,0,
g11462,228,58.33,0,
g11463,12812,39.74,0,
g11464,60785,36.27,0,
g11465,1314,37.67,0,
g11466,8517,32.22,0,
g11467,2517,36.95,0,
g11468,17434,41.27,0,
g11469,7485,39.35,0,
g1147,3654,44.69,0,
g11470,22623,34.13,0,
g11471,12577,36.04,0,
g11472,5810,46.3,0,
g11473,3103,35.29,0,
g11474,5902,37.75,0,
g11475,12779,47.85,0,
g11476,1575,35.49,0,
g11477,16167,41.42,0,
g11478,193483,38.47,0,
g11479,23864,34.99,0,
g1148,1796,32.24,0,
g11480,943,43.05,0,
g11481,21541,42.19,0,
g11482,6009,44.75,0,
g11483,24753,35.79,0,
g11484,35441,32.7,0,
g11485,1235,35.95,0,
g11486,435,62.3,0,
g11487,1023,58.75,0,
g11488,420,60.0,0,
g11489,29539,35.93,0,
g1149,3779,34.29,0,
g11490,669,51.27,0,
g11491,6200,36.31,0,
g11492,47391,37.02,0,
g11493,396,53.79,0,
g11494,1972,34.28,0,
g11495,267,58.05,0,
g11496,16378,37.34,0,
g11497,5197,43.95,0,
g11498,378,50.53,0,
g11499,643,52.88,0,
g115,4025,57.89,0,
g1150,4333,33.12,0,
g11500,36417,35.82,0,
g11501,756,39.42,0,
g11502,3945,33.69,0,
g11503,4958,41.0,0,
g11504,5631,33.8,0,
g11505,14548,34.49,0,
g11506,819,33.58,0,
g11507,8649,31.36,0,
g11508,6213,37.7,0,
g11509,28941,35.97,0,
g1151,556,39.39,0,
g11510,270,57.78,0,
g11511,433,68.36,0,
g11512,13031,37.61,0,
g11513,12157,36.18,0,
g11514,2942,35.76,0,
g11515,36540,35.34,0,
g11516,2264,36.53,0,
g11517,10064,34.33,0,
g11518,2378,52.44,0,
g11519,264,67.8,0,
g1152,294,48.3,0,
g11520,1121,39.79,0,
g11521,243,75.31,0,
g11522,1033,52.37,0,
g11523,36882,40.44,0,
g11524,526,55.32,0,
g11525,3294,38.68,0,
g11526,1033,52.37,0,
g11527,11970,34.56,0,
g11528,6243,39.52,0,
g11529,14050,42.41,0,
g1153,3521,35.76,0,
g11530,11092,37.52,0,
g11531,6664,36.87,0,
g11532,8092,36.3,0,
g11533,1454,37.14,0,
g11534,10900,35.81,0,
g11535,1353,55.21,0,
g11536,7096,35.32,0,
g11537,3164,40.23,0,
g11538,312,42.95,0,
g11539,318,67.92,0,
g1154,40077,36.98,0,
g11540,4207,44.69,0,
g11541,36091,36.49,0,
g11542,11346,37.56,0,
g11543,16792,36.96,0,
g11544,23228,36.65,0,
g11545,906,38.41,0,
g11546,17705,37.88,0,
g11547,18988,35.59,0,
g11548,17487,36.94,0,
g11549,5913,43.43,0,
g1155,516,38.18,0,
g11550,27418,32.89,0,
g11551,57558,36.59,0,
g11552,3298,33.96,0,
g11553,6793,34.76,0,
g11554,249,67.07,0,
g11555,16194,39.67,0,
g11556,303,52.81,0,
g11557,2286,39.98,0,
g11558,11716,35.27,0,
g11559,30248,36.64,0,
g1156,657,36.53,0,
g11560,90115,38.94,0,
g11561,6588,38.45,0,
g11562,438,62.79,0,
g11563,494,62.75,0,
g11564,8467,39.44,0,
g11565,1140,51.84,0,
g11566,15456,37.06,0,
g11567,12136,38.41,0,
g11568,17874,46.22,0,
g11569,20612,39.05,0,
g1157,20982,39.5,0,
g11570,270,68.15,0,
g11571,2405,38.13,0,
g11572,246,39.43,0,
g11573,1881,39.13,0,
g11574,4406,48.64,0,
g11575,360,60.0,0,
g11576,4980,35.6,0,
g11577,282,53.9,0,
g11578,165079,35.4,0,
g11579,13929,36.99,0,
g1158,20099,39.57,0,
g11580,48482,35.75,0,
g11581,6645,31.44,0,
g11582,1387,33.38,0,
g11583,8460,30.74,0,
g11584,1245,37.35,0,
g11585,26069,33.79,0,
g11586,6502,36.5,0,
g11587,10405,42.26,0,
g11588,1588,42.82,0,
g11589,16296,39.91,0,
g1159,10719,35.59,0,
g11590,10757,38.3,0,
g11591,14438,36.74,0,
g11592,37499,34.88,0,
g11593,19179,35.3,0,
g11594,4786,32.85,0,
g11595,524,45.99,0,
g11596,7647,40.96,0,
g11597,622,43.41,0,
g11598,10225,38.26,0,
g11599,29569,35.51,0,
g116,15650,39.81,0,
g1160,19454,35.91,0,
g11600,12418,37.49,0,
g11601,15787,33.59,0,
g11602,674,30.56,0,
g11603,27525,37.55,0,
g11604,3302,32.86,0,
g11605,6143,35.24,0,
g11606,2962,32.21,0,
g11607,533,35.46,0,
g11608,15564,36.31,0,
g11609,6755,36.43,0,
g1161,294,54.76,0,
g11610,12585,39.64,0,
g11611,2923,31.85,0,
g11612,12367,35.82,0,
g11613,360,74.72,0,
g11614,315,69.84,0,
g11615,6409,35.31,0,
g11616,372,46.24,0,
g11617,463,46.0,0,
g11618,294,44.9,0,
g11619,985,37.36,0,
g1162,35334,38.45,0,
g11620,106008,37.3,0,
g11621,6552,31.46,0,
g11622,13704,36.16,0,
g11623,10254,41.29,0,
g11624,29627,36.92,0,
g11625,6750,31.19,0,
g11626,4124,31.96,0,
g11627,2282,36.06,0,
g11628,9684,33.26,0,
g11629,21353,37.32,0,
g1163,12879,40.8,0,
g11630,901,48.06,0,
g11631,834,41.13,0,
g11632,687,36.24,0,
g11633,6756,37.39,0,
g11634,552,40.76,0,
g11635,3360,36.31,0,
g11636,27637,33.22,0,
g11637,2399,34.06,0,
g11638,1032,59.01,0,
g11639,8139,36.91,0,
g1164,213,57.28,0,
g11640,14763,37.02,0,
g11641,9593,32.29,0,
g11642,49146,37.52,0,
g11643,10540,34.72,0,
g11644,12361,38.47,0,
g11645,627,42.42,0,
g11646,5760,38.82,0,
g11647,16769,35.8,0,
g11648,5231,41.58,0,
g11649,3556,32.65,0,
g1165,288,45.49,0,
g11650,240,37.92,0,
g11651,5252,30.92,0,
g11652,10383,32.71,0,
g11653,216,51.85,0,
g11654,234,76.5,0,
g11655,4459,31.87,0,
g11656,4213,37.03,0,
g11657,13351,33.05,0,
g11658,18013,32.42,0,
g11659,6433,30.48,0,
g1166,16000,35.88,0,
g11660,31665,33.07,0,
g11661,853,44.2,0,
g11662,34546,34.18,0,
g11663,3637,37.01,0,
g11664,976,42.62,0,
g11665,1729,38.11,0,
g11666,3620,35.66,0,
g11667,782,41.18,0,
g11668,726,38.84,0,
g11669,804,34.45,0,
g1167,372,66.94,0,
g11670,31928,36.83,0,
g11671,255,29.02,0,
g11672,4713,40.12,0,
g11673,14748,34.93,0,
g11674,6332,45.25,0,
g11675,13062,34.1,0,
g11676,5076,34.99,0,
g11677,930,54.3,0,
g11678,324,54.63,0,
g11679,2044,35.76,0,
g1168,808,35.15,0,
g11680,3689,36.81,0,
g11681,291,50.86,0,
g11682,306,48.04,0,
g11683,279,41.58,0,
g11684,2436,30.38,0,
g11685,17931,34.05,0,
g11686,2380,40.67,0,
g11687,1213,47.4,0,
g11688,423,66.19,0,
g11689,1634,57.22,0,
g1169,7811,40.89,0,
g11690,3060,56.18,0,
g11691,468,65.6,0,
g11692,3766,37.52,0,
g11693,1812,36.64,0,
g11694,1360,35.96,0,
g11695,13131,31.72,0,
g11696,17558,38.26,0,
g11697,276,39.86,0,
g11698,435,37.47,0,
g11699,609,39.08,0,
g117,30385,38.54,0,
g1170,5836,35.3,0,
g11700,17757,38.52,0,
g11701,7843,31.15,0,
g11702,1833,40.53,0,
g11703,27701,39.45,0,
g11704,61202,36.43,0,
g11705,12913,35.68,0,
g11706,10193,35.29,0,
g11707,9944,36.6,0,
g11708,282,55.67,0,
g11709,510,45.29,0,
g1171,92895,37.79,0,
g11710,1179,38.76,0,
g11711,5792,36.91,0,
g11712,9447,33.44,0,
g11713,2105,38.05,0,
g11714,654,33.79,0,
g11715,19104,32.87,0,
g11716,38957,36.46,0,
g11717,21719,39.55,0,
g11718,588,25.17,0,
g11719,3900,46.74,0,
g1172,9323,33.62,0,
g11720,4875,32.82,0,
g11721,23979,34.24,0,
g11722,201,60.7,0,
g11723,10024,35.04,0,
g11724,354,65.25,0,
g11725,11831,42.94,0,
g11726,447,59.06,0,
g11727,7514,34.88,0,
g11728,27158,36.2,0,
g11729,7440,34.64,0,
g1173,240,57.5,0,
g11730,318,56.29,0,
g11731,54806,35.24,0,
g11732,16895,35.22,0,
g11733,3222,35.63,0,
g11734,8247,35.36,0,
g11735,1036,46.53,0,
g11736,3072,37.01,0,
g11737,2928,43.75,0,
g11738,4135,39.56,0,
g11739,20333,36.29,0,
g1174,34526,35.83,0,
g11740,3794,36.03,0,
g11741,1425,37.05,0,
g11742,309,72.49,0,
g11743,10157,34.46,0,
g11744,3014,33.81,0,
g11745,2292,31.54,0,
g11746,3140,31.46,0,
g11747,18078,32.02,0,
g11748,219,63.93,0,
g11749,22319,35.61,0,
g1175,705,38.01,0,
g11750,21309,37.34,0,
g11751,16032,35.55,0,
g11752,14195,34.78,0,
g11753,888,32.77,0,
g11754,792,37.25,0,
g11755,5802,33.7,0,
g11756,1622,30.33,0,
g11757,1397,37.29,0,
g11758,21950,36.12,0,
g11759,4322,31.95,0,
g1176,2016,67.11,0,
g11760,3660,36.15,0,
g11761,3368,43.38,0,
g11762,3736,38.89,0,
g11763,2815,36.98,0,
g11764,52426,36.21,0,
g11765,9599,37.82,0,
g11766,870,60.11,0,
g11767,65931,36.69,0,
g11768,5863,39.18,0,
g11769,4759,42.49,0,
g1177,231,45.02,0,
g11770,8628,35.88,0,
g11771,819,39.19,0,
g11772,5469,42.66,0,
g11773,768,38.02,0,
g11774,978,61.45,0,
g11775,23092,36.35,0,
g11776,26100,33.35,0,
g11777,24256,37.97,0,
g11778,17972,37.2,0,
g11779,1182,36.29,0,
g1178,2238,34.58,0,
g11780,8062,37.0,0,
g11781,1926,30.84,0,
g11782,324,39.2,0,
g11783,5294,31.7,0,
g11784,5629,35.0,0,
g11785,17512,35.57,0,
g11786,15566,34.18,0,
g11787,2749,33.25,0,
g11788,306,32.68,0,
g11789,5037,33.13,0,
g1179,21806,37.3,0,
g11790,8393,31.5,0,
g11791,43541,36.52,0,
g11792,4492,37.44,0,
g11793,9650,34.48,0,
g11794,1895,37.31,0,
g11795,1819,34.63,0,
g11796,1948,35.63,0,
g11797,297,52.86,0,
g11798,585,56.58,0,
g11799,1320,42.42,0,
g118,255,50.98,0,
g1180,8490,36.8,0,
g11800,13452,38.11,0,
g11801,39297,35.71,0,
g11802,513,41.13,0,
g11803,8611,33.65,0,
g11804,249,65.46,0,
g11805,3863,43.8,0,
g11806,10966,35.62,0,
g11807,2567,38.96,0,
g11808,22659,37.79,0,
g11809,25018,34.77,0,
g1181,17178,34.6,0,
g11810,855,37.54,0,
g11811,1164,42.35,0,
g11812,3105,33.95,0,
g11813,1966,36.98,0,
g11814,7863,43.57,0,
g11815,4330,33.21,0,
g11816,2610,37.2,0,
g11817,7620,37.14,0,
g11818,318,38.05,0,
g11819,11234,33.5,0,
g1182,23036,35.87,0,
g11820,1303,35.53,0,
g11821,29633,37.54,0,
g11822,52373,36.07,0,
g11823,16587,34.12,0,
g11824,771,42.54,0,
g11825,696,47.7,0,
g11826,10457,34.07,0,
g11827,3048,36.88,0,
g11828,20396,32.6,0,
g11829,112607,35.42,0,
g1183,64461,37.77,0,
g11830,16175,36.29,0,
g11831,2671,32.2,0,
g11832,372,52.96,0,
g11833,5737,37.81,0,
g11834,35000,35.9,0,
g11835,507,77.91,0,
g11836,3735,48.81,0,
g11837,13648,34.53,0,
g11838,1538,42.65,0,
g11839,498,56.02,0,
g1184,6961,32.09,0,
g11840,2015,47.2,0,
g11841,483,63.56,0,
g11842,4922,42.91,0,
g11843,14677,39.35,0,
g11844,79361,34.94,0,
g11845,4786,35.9,0,
g11846,345,45.51,0,
g11847,25618,32.41,0,
g11848,1293,37.97,0,
g11849,4936,30.9,0,
g1185,1385,35.02,0,
g11850,10051,37.74,0,
g11851,7919,30.85,0,
g11852,760,38.03,0,
g11853,1720,34.42,0,
g11854,52776,37.2,0,
g11855,17756,36.1,0,
g11856,2560,35.27,0,
g11857,21198,34.7,0,
g11858,540,35.93,0,
g11859,4207,34.25,0,
g1186,6139,32.42,0,
g11860,2401,44.44,0,
g11861,8710,35.8,0,
g11862,35269,35.8,0,
g11863,343,46.36,0,
g11864,5344,36.55,0,
g11865,1641,36.01,0,
g11866,7811,35.9,0,
g11867,1912,34.73,0,
g11868,13603,36.29,0,
g11869,21262,35.74,0,
g1187,3098,32.99,0,
g11870,10947,31.03,0,
g11871,1473,41.07,0,
g11872,44674,35.48,0,
g11873,429,50.12,0,
g11874,2079,30.64,0,
g11875,9511,33.54,0,
g11876,10966,34.26,0,
g11877,20973,32.58,0,
g11878,270,53.7,0,
g11879,8284,35.62,0,
g1188,3696,41.48,0,
g11880,54523,34.86,0,
g11881,9156,36.38,0,
g11882,261,61.3,0,
g11883,258,61.24,0,
g11884,18009,35.3,0,
g11885,5661,34.98,0,
g11886,48761,36.83,0,
g11887,2637,35.34,0,
g11888,71260,36.11,0,
g11889,28647,36.48,0,
g1189,4767,39.54,0,
g11890,8611,32.76,0,
g11891,48931,36.13,0,
g11892,996,36.04,0,
g11893,1023,64.52,0,
g11894,8106,37.29,0,
g11895,7503,35.72,0,
g11896,35754,36.68,0,
g11897,36246,36.36,0,
g11898,21864,34.8,0,
g11899,7575,36.49,0,
g119,14504,37.24,0,
g1190,4553,33.82,0,
g11900,5877,40.97,0,
g11901,3821,39.28,0,
g11902,4632,32.99,0,
g11903,28801,37.09,0,
g11904,23466,35.46,0,
g11905,606,61.22,0,
g11906,6249,34.97,0,
g11907,10192,35.99,0,
g11908,4288,36.22,0,
g11909,3946,36.24,0,
g1191,7039,31.58,0,
g11910,5020,31.27,0,
g11911,411,45.74,0,
g11912,22551,42.9,0,
g11913,994,33.0,0,
g11914,4884,38.62,0,
g11915,19645,34.24,0,
g11916,19610,35.99,0,
g11917,10016,37.78,0,
g11918,16370,33.84,0,
g11919,13577,36.03,0,
g1192,10398,38.34,0,
g11920,5933,40.59,0,
g11921,14197,40.16,0,
g11922,16605,37.46,0,
g11923,21123,39.95,0,
g11924,14051,38.37,0,
g11925,910,63.08,0,
g11926,7515,37.68,0,
g11927,116984,36.47,0,
g11928,89283,35.37,0,
g11929,1470,38.1,0,
g1193,7959,35.9,0,
g11930,11196,36.47,0,
g11931,2880,40.87,0,
g11932,1152,39.67,0,
g11933,70737,36.74,0,
g11934,6171,31.87,0,
g11935,38524,36.56,0,
g11936,17393,34.4,0,
g11937,2948,37.69,0,
g11938,1725,39.65,0,
g11939,231,63.64,0,
g1194,41278,35.91,0,
g11940,8814,36.12,0,
g11941,10384,33.1,0,
g11942,18106,42.19,0,
g11943,798,55.89,0,
g11944,29661,38.8,0,
g11945,33220,37.22,0,
g11946,495,64.44,0,
g11947,7569,39.11,0,
g11948,15141,36.87,0,
g11949,318,38.05,0,
g1195,23837,37.42,0,
g11950,7178,39.36,0,
g11951,7887,33.57,0,
g11952,8078,32.21,0,
g11953,17880,37.72,0,
g11954,186,33.87,0,
g11955,1726,40.73,0,
g11956,3982,47.34,0,
g11957,14129,36.88,0,
g11958,5200,37.02,0,
g11959,39196,39.0,0,
g1196,33181,36.73,0,
g11960,261,47.89,0,
g11961,2370,38.57,0,
g11962,9377,32.89,0,
g11963,13560,34.42,0,
g11964,24621,39.35,0,
g11965,11546,38.59,0,
g11966,20767,37.02,0,
g11967,161329,36.96,0,
g11968,300,52.67,0,
g11969,384,54.95,0,
g1197,19358,39.57,0,
g11970,210,60.95,0,
g11971,363,52.62,0,
g11972,1319,41.17,0,
g11973,201,68.66,0,
g11974,246,51.63,0,
g11975,15121,36.73,0,
g11976,243,52.67,0,
g11977,1936,53.1,0,
g11978,357,70.59,0,
g11979,6482,37.13,0,
g1198,39519,36.19,0,
g11980,62317,37.15,0,
g11981,501,51.1,0,
g11982,783,41.38,0,
g11983,207,59.9,0,
g11984,2543,38.1,0,
g11985,38602,35.14,0,
g11986,15054,32.33,0,
g11987,15847,36.25,0,
g11988,7638,38.79,0,
g11989,258,52.33,0,
g1199,31835,37.37,0,
g11990,43429,35.43,0,
g11991,45212,35.81,0,
g11992,19177,36.25,0,
g11993,8879,40.21,0,
g11994,753,40.24,0,
g11995,4651,37.33,0,
g11996,1074,27.84,0,
g11997,20442,33.8,0,
g11998,2500,33.12,0,
g11999,3800,40.08,0,
g12,18613,34.11,0,
g120,7776,36.92,0,
g1200,1261,34.5,0,
g12000,3211,29.49,0,
g12001,20291,35.61,0,
g12002,1092,34.71,0,
g12003,3114,36.93,0,
g12004,16647,35.75,0,
g12005,405,54.07,0,
g12006,714,50.28,0,
g12007,498,51.61,0,
g12008,9989,38.58,0,
g12009,14251,36.34,0,
g1201,1155,35.24,0,
g12010,42232,37.55,0,
g12011,32855,36.65,0,
g12012,49448,36.74,0,
g12013,462,33.33,0,
g12014,2370,42.49,0,
g12015,28691,37.81,0,
g12016,6132,34.3,0,
g12017,21452,34.99,0,
g12018,327,47.4,0,
g12019,672,49.85,0,
g1202,465,41.94,0,
g12020,1572,41.28,0,
g12021,40659,35.61,0,
g12022,25695,37.82,0,
g12023,5416,37.09,0,
g12024,13042,36.86,0,
g12025,41769,38.42,0,
g12026,4854,31.27,0,
g12027,1622,30.95,0,
g12028,11482,34.72,0,
g12029,3833,39.32,0,
g1203,1365,62.49,0,
g12030,5667,37.64,0,
g12031,16460,37.51,0,
g12032,13951,32.28,0,
g12033,17642,35.08,0,
g12034,12714,32.3,0,
g12035,69838,35.81,0,
g12036,11282,40.27,0,
g12037,30628,36.85,0,
g12038,375,42.67,0,
g12039,4124,37.75,0,
g1204,252,67.86,0,
g12040,4023,32.84,0,
g12041,1939,30.43,0,
g12042,18719,33.29,0,
g12043,7190,31.61,0,
g12044,5571,33.93,0,
g12045,9104,34.87,0,
g12046,3873,35.86,0,
g12047,3202,33.39,0,
g12048,1501,63.36,0,
g12049,339,65.49,0,
g1205,2916,43.83,0,
g12050,15154,36.49,0,
g12051,38220,36.58,0,
g12052,4024,38.84,0,
g12053,28326,38.3,0,
g12054,15727,33.22,0,
g12055,294,54.76,0,
g12056,9837,35.52,0,
g12057,13198,41.22,0,
g12058,796,35.05,0,
g12059,9026,36.45,0,
g1206,9263,35.25,0,
g12060,5697,39.85,0,
g12061,18372,38.49,0,
g12062,9403,42.26,0,
g12063,201,70.15,0,
g12064,555,60.0,0,
g12065,1205,40.33,0,
g12066,1856,47.9,0,
g12067,9251,35.66,0,
g12068,1095,32.51,0,
g12069,29171,35.77,0,
g1207,9352,33.16,0,
g12070,2786,34.1,0,
g12071,36611,38.0,0,
g12072,772,34.46,0,
g12073,1770,44.58,0,
g12074,21335,34.22,0,
g12075,207,43.0,0,
g12076,11942,36.93,0,
g12077,8491,31.94,0,
g12078,6110,40.28,0,
g12079,166,68.67,0,
g1208,2647,34.04,0,
g12080,16443,36.64,0,
g12081,15580,35.95,0,
g12082,4533,34.28,0,
g12083,426,60.09,0,
g12084,696,42.82,0,
g12085,8576,34.98,0,
g12086,2993,35.68,0,
g12087,1218,42.36,0,
g12088,5758,32.62,0,
g12089,10999,33.45,0,
g1209,32559,37.31,0,
g12090,6540,36.76,0,
g12091,655,60.46,0,
g12092,5265,60.04,0,
g12093,423,60.28,0,
g12094,1082,65.53,0,
g12095,1544,62.69,0,
g12096,585,63.25,0,
g12097,1139,49.96,0,
g12098,53189,35.93,0,
g12099,1575,37.08,0,
g121,12422,35.05,0,
g1210,912,46.49,0,
g12100,675,40.15,0,
g12101,12338,36.13,0,
g12102,11844,36.45,0,
g12103,29394,34.19,0,
g12104,2018,30.38,0,
g12105,3120,31.15,0,
g12106,3175,32.88,0,
g12107,628,64.65,0,
g12108,10447,35.82,0,
g12109,33866,37.41,0,
g1211,3471,37.6,0,
g12110,2448,32.31,0,
g12111,7546,36.42,0,
g12112,8198,35.69,0,
g12113,4811,36.52,0,
g12114,7530,36.57,0,
g12115,3908,37.9,0,
g12116,2417,43.15,0,
g12117,6742,37.1,0,
g12118,44652,34.51,0,
g12119,12774,33.27,0,
g1212,417,45.32,0,
g12120,267,58.8,0,
g12121,6731,40.37,0,
g12122,9352,36.88,0,
g12123,3470,40.23,0,
g12124,8060,39.78,0,
g12125,9836,37.96,0,
g12126,4217,36.92,0,
g12127,2181,34.11,0,
g12128,336,71.43,0,
g12129,2621,34.61,0,
g1213,40840,37.04,0,
g12130,1527,43.42,0,
g12131,6540,34.97,0,
g12132,46002,37.61,0,
g12133,13207,36.61,0,
g12134,20179,35.09,0,
g12135,23924,38.33,0,
g12136,20041,36.3,0,
g12137,10083,41.86,0,
g12138,9201,37.81,0,
g12139,9142,34.1,0,
g1214,10822,40.35,0,
g12140,10661,36.97,0,
g12141,402,49.0,0,
g12142,494,38.66,0,
g12143,723,43.43,0,
g12144,561,46.17,0,
g12145,483,43.48,0,
g12146,15895,33.08,0,
g12147,38635,35.3,0,
g12148,396,33.08,0,
g12149,13121,37.17,0,
g1215,3354,38.31,0,
g12150,1155,39.83,0,
g12151,1425,53.19,0,
g12152,12687,34.74,0,
g12153,2784,33.69,0,
g12154,620,45.16,0,
g12155,381,56.17,0,
g12156,1236,34.47,0,
g12157,1282,36.04,0,
g12158,11111,33.57,0,
g12159,35277,36.34,0,
g1216,15453,35.23,0,
g12160,912,45.29,0,
g12161,1922,37.2,0,
g12162,8726,36.02,0,
g12163,2555,36.56,0,
g12164,2113,31.47,0,
g12165,651,59.29,0,
g12166,1972,30.78,0,
g12167,10247,32.11,0,
g12168,4805,37.13,0,
g12169,16642,36.25,0,
g1217,3724,33.86,0,
g12170,3971,41.45,0,
g12171,28334,37.35,0,
g12172,87115,36.41,0,
g12173,29169,37.75,0,
g12174,13079,37.07,0,
g12175,12168,37.73,0,
g12176,12275,35.89,0,
g12177,23671,33.86,0,
g12178,24047,34.93,0,
g12179,18665,34.18,0,
g1218,4196,39.75,0,
g12180,11732,33.64,0,
g12181,2499,37.01,0,
g12182,15373,36.6,0,
g12183,694,37.9,0,
g12184,3337,32.54,0,
g12185,11779,32.28,0,
g12186,5492,29.97,0,
g12187,20007,33.59,0,
g12188,279,34.05,0,
g12189,23714,36.41,0,
g1219,267,71.16,0,
g12190,5717,41.05,0,
g12191,240,55.0,0,
g12192,7096,39.7,0,
g12193,13021,36.83,0,
g12194,950,52.42,0,
g12195,2711,40.28,0,
g12196,2484,36.51,0,
g12197,5179,33.42,0,
g12198,3810,36.69,0,
g12199,612,54.25,0,
g122,20207,36.49,0,
g1220,3236,47.13,0,
g12200,3747,38.56,0,
g12201,516,57.17,0,
g12202,32466,38.51,0,
g12203,7019,33.98,0,
g12204,429,53.85,0,
g12205,264,61.74,0,
g12206,513,51.27,0,
g12207,4019,35.48,0,
g12208,12341,33.03,0,
g12209,38881,37.78,0,
g1221,405,56.3,0,
g12210,41868,34.71,0,
g12211,528,64.39,0,
g12212,3286,35.27,0,
g12213,1325,65.36,0,
g12214,46147,35.49,0,
g12215,5814,36.45,0,
g12216,18316,34.43,0,
g12217,2973,32.32,0,
g12218,30738,37.38,0,
g12219,213,83.57,0,
g1222,222,61.71,0,
g12220,291,60.14,0,
g12221,291,57.04,0,
g12222,9767,40.04,0,
g12223,1516,37.86,0,
g12224,303,57.43,0,
g12225,38625,34.41,0,
g12226,1476,43.7,0,
g12227,961,34.03,0,
g12228,30636,32.94,0,
g12229,4415,32.07,0,
g1223,6499,35.65,0,
g12230,2501,33.59,0,
g12231,8900,32.67,0,
g12232,552,28.8,0,
g12233,59493,35.45,0,
g12234,34103,36.04,0,
g12235,1376,33.87,0,
g12236,18453,34.15,0,
g12237,771,70.3,0,
g12238,582,77.84,0,
g12239,7731,39.92,0,
g1224,4045,42.35,0,
g12240,13981,38.3,0,
g12241,10364,37.28,0,
g12242,10412,36.9,0,
g12243,12125,35.89,0,
g12244,9546,34.37,0,
g12245,13655,33.37,0,
g12246,10316,36.38,0,
g12247,25686,38.53,0,
g12248,3856,40.82,0,
g12249,2740,35.84,0,
g1225,249,61.04,0,
g12250,10176,36.71,0,
g12251,315,60.63,0,
g12252,5175,37.57,0,
g12253,6904,47.71,0,
g12254,6199,47.69,0,
g12255,44036,36.62,0,
g12256,567,50.79,0,
g12257,630,47.46,0,
g12258,15264,33.14,0,
g12259,264,60.98,0,
g1226,270,45.19,0,
g12260,415,43.61,0,
g12261,9077,29.99,0,
g12262,249,50.6,0,
g12263,2307,37.49,0,
g12264,1889,36.26,0,
g12265,4337,34.06,0,
g12266,2160,41.85,0,
g12267,411,47.93,0,
g12268,631,43.74,0,
g12269,258,51.94,0,
g1227,61985,36.73,0,
g12270,438,68.04,0,
g12271,441,67.12,0,
g12272,3950,52.91,0,
g12273,579,59.59,0,
g12274,666,56.01,0,
g12275,2818,65.68,0,
g12276,555,57.84,0,
g12277,1284,61.37,0,
g12278,2036,55.4,0,
g12279,15847,35.34,0,
g1228,1544,34.26,0,
g12280,22488,35.91,0,
g12281,5566,37.39,0,
g12282,4170,35.23,0,
g12283,4733,33.34,0,
g12284,32151,34.49,0,
g12285,38927,37.37,0,
g12286,1158,41.11,0,
g12287,357,73.95,0,
g12288,42490,37.73,0,
g12289,8817,35.24,0,
g1229,14031,31.28,0,
g12290,19569,36.97,0,
g12291,34541,35.22,0,
g12292,30579,35.26,0,
g12293,267,43.82,0,
g12294,36064,37.77,0,
g12295,769,42.65,0,
g12296,12017,33.84,0,
g12297,4974,32.67,0,
g12298,2385,37.69,0,
g12299,36425,34.92,0,
g123,3055,40.33,0,
g1230,8362,34.75,0,
g12300,9027,33.18,0,
g12301,369,61.52,0,
g12302,4221,32.74,0,
g12303,10499,33.98,0,
g12304,13360,36.16,0,
g12305,15389,36.56,0,
g12306,57033,36.68,0,
g12307,11743,37.41,0,
g12308,11382,35.97,0,
g12309,1125,49.16,0,
g1231,9421,37.52,0,
g12310,70906,37.08,0,
g12311,1273,44.62,0,
g12312,3964,38.87,0,
g12313,104345,37.51,0,
g12314,42683,37.24,0,
g12315,5740,38.36,0,
g12316,3971,36.19,0,
g12317,5925,33.62,0,
g12318,18286,37.79,0,
g12319,11026,32.38,0,
g1232,35221,34.11,0,
g12320,3797,32.76,0,
g12321,6550,31.21,0,
g12322,18272,34.98,0,
g12323,201,40.8,0,
g12324,19607,38.42,0,
g12325,375,54.67,0,
g12326,13039,36.5,0,
g12327,9395,35.76,0,
g12328,28506,38.77,0,
g12329,76608,36.69,0,
g1233,17735,32.83,0,
g12330,15284,39.2,0,
g12331,9680,34.8,0,
g12332,12225,37.73,0,
g12333,65705,38.59,0,
g12334,17873,33.57,0,
g12335,11996,41.38,0,
g12336,15425,37.1,0,
g12337,51282,36.07,0,
g12338,16797,35.48,0,
g12339,3762,41.84,0,
g1234,12369,38.03,0,
g12340,956,32.32,0,
g12341,7463,34.73,0,
g12342,2040,38.24,0,
g12343,14586,36.47,0,
g12344,1061,42.32,0,
g12345,11641,32.9,0,
g12346,15473,37.16,0,
g12347,5832,32.65,0,
g12348,9881,39.48,0,
g12349,9038,35.03,0,
g1235,1381,38.88,0,
g12350,763,39.84,0,
g12351,276,60.87,0,
g12352,339,63.13,0,
g12353,240,63.33,0,
g12354,315,57.46,0,
g12355,9660,37.08,0,
g12356,1620,43.33,0,
g12357,486,51.23,0,
g12358,3824,41.37,0,
g12359,1483,43.09,0,
g1236,267,58.05,0,
g12360,11435,38.66,0,
g12361,351,63.53,0,
g12362,2447,40.34,0,
g12363,528,64.58,0,
g12364,471,37.15,0,
g12365,3300,30.94,0,
g12366,34289,35.09,0,
g12367,507,30.77,0,
g12368,2537,35.04,0,
g12369,8109,37.09,0,
g1237,7482,32.62,0,
g12370,5818,34.5,0,
g12371,15316,36.03,0,
g12372,1955,33.66,0,
g12373,2159,40.25,0,
g12374,985,35.74,0,
g12375,519,38.73,0,
g12376,1654,39.42,0,
g12377,2181,35.17,0,
g12378,6836,36.23,0,
g12379,22403,39.82,0,
g1238,3219,35.51,0,
g12380,3985,39.3,0,
g12381,6230,37.72,0,
g12382,29604,39.19,0,
g12383,14924,39.01,0,
g12384,562,37.9,0,
g12385,24604,34.68,0,
g12386,11643,35.92,0,
g12387,18383,42.64,0,
g12388,8130,41.34,0,
g12389,858,39.51,0,
g1239,2763,29.64,0,
g12390,4987,32.87,0,
g12391,1368,62.72,0,
g12392,35645,35.42,0,
g12393,34888,37.54,0,
g12394,24382,38.52,0,
g12395,20441,35.55,0,
g12396,4964,30.64,0,
g12397,6778,35.81,0,
g12398,6751,36.45,0,
g12399,3276,38.95,0,
g124,357,56.3,0,
g1240,5909,34.86,0,
g12400,3944,34.13,0,
g12401,4373,38.46,0,
g12402,11067,39.01,0,
g12403,12758,31.21,0,
g12404,1960,30.61,0,
g12405,11192,32.64,0,
g12406,62885,36.46,0,
g12407,4402,37.26,0,
g12408,602,58.14,0,
g12409,303,53.47,0,
g1241,3578,35.35,0,
g12410,6305,37.37,0,
g12411,2232,32.75,0,
g12412,2258,38.18,0,
g12413,433,60.51,0,
g12414,252,56.75,0,
g12415,6936,43.05,0,
g12416,300,56.0,0,
g12417,5755,37.08,0,
g12418,1158,34.46,0,
g12419,3985,35.63,0,
g1242,2840,29.26,0,
g12420,234,38.46,0,
g12421,10394,41.66,0,
g12422,15256,36.33,0,
g12423,2703,51.09,0,
g12424,1840,61.3,0,
g12425,1443,39.29,0,
g12426,9955,39.2,0,
g12427,1317,39.33,0,
g12428,113282,38.42,0,
g12429,311,49.2,0,
g1243,37124,34.72,0,
g12430,282,56.38,0,
g12431,4785,31.03,0,
g12432,10803,34.08,0,
g12433,6405,33.04,0,
g12434,1530,73.2,0,
g12435,5806,39.86,0,
g12436,11202,36.9,0,
g12437,29849,36.44,0,
g12438,64738,37.15,0,
g12439,6175,36.66,0,
g1244,12034,36.62,0,
g12440,7597,34.22,0,
g12441,1530,33.66,0,
g12442,3662,32.17,0,
g12443,5955,32.36,0,
g12444,53882,34.91,0,
g12445,384,56.51,0,
g12446,480,39.79,0,
g12447,3043,33.26,0,
g12448,4521,43.91,0,
g12449,4567,34.07,0,
g1245,19965,36.07,0,
g12450,882,72.11,0,
g12451,7977,36.37,0,
g12452,216,60.19,0,
g12453,76910,35.3,0,
g12454,12197,36.62,0,
g12455,1037,34.62,0,
g12456,6161,30.68,0,
g12457,5794,34.6,0,
g12458,358,45.25,0,
g12459,402,51.74,0,
g1246,258,56.98,0,
g12460,261,57.09,0,
g12461,2730,37.11,0,
g12462,39199,35.74,0,
g12463,536,29.85,0,
g12464,10701,37.64,0,
g12465,19784,34.8,0,
g12466,4393,39.63,0,
g12467,17017,35.82,0,
g12468,762,58.79,0,
g12469,30365,37.22,0,
g1247,3710,32.83,0,
g12470,3703,41.37,0,
g12471,336,40.77,0,
g12472,22622,39.05,0,
g12473,288,44.79,0,
g12474,6132,36.9,0,
g12475,11071,51.51,0,
g12476,3193,37.27,0,
g12477,61129,39.03,0,
g12478,55469,39.72,0,
g12479,1201,40.55,0,
g1248,5586,34.19,0,
g12480,8283,36.99,0,
g12481,39397,34.5,0,
g12482,1652,29.42,0,
g12483,3547,31.83,0,
g12484,19535,36.48,0,
g12485,20128,35.73,0,
g12486,101700,38.05,0,
g12487,333,66.97,0,
g12488,6921,34.78,0,
g12489,388,29.9,0,
g1249,252,61.9,0,
g12490,2412,31.01,0,
g12491,33767,37.68,0,
g12492,7484,40.14,0,
g12493,6482,40.93,0,
g12494,2555,47.87,0,
g12495,25950,34.15,0,
g12496,8117,35.46,0,
g12497,2460,31.26,0,
g12498,6555,33.96,0,
g12499,12557,31.19,0,
g125,10483,38.59,0,
g1250,872,36.7,0,
g12500,7447,36.36,0,
g12501,8705,35.07,0,
g12502,36230,35.06,0,
g12503,1419,52.15,0,
g12504,273,53.11,0,
g12505,414,52.66,0,
g12506,663,52.04,0,
g12507,1194,51.42,0,
g12508,15509,35.21,0,
g12509,11844,36.33,0,
g1251,6120,34.64,0,
g12510,2660,35.45,0,
g12511,720,55.83,0,
g12512,705,54.47,0,
g12513,231,54.11,0,
g12514,357,48.46,0,
g12515,294,47.28,0,
g12516,868,45.51,0,
g12517,318,43.71,0,
g12518,2607,36.98,0,
g12519,16659,36.26,0,
g1252,3542,36.28,0,
g12520,2844,31.61,0,
g12521,379,35.36,0,
g12522,1994,33.65,0,
g12523,15222,34.36,0,
g12524,6903,30.6,0,
g12525,17773,36.46,0,
g12526,16881,35.45,0,
g12527,630,54.44,0,
g12528,3315,37.04,0,
g12529,8093,32.77,0,
g1253,18773,39.97,0,
g12530,2478,47.22,0,
g12531,3447,31.3,0,
g12532,1725,46.26,0,
g12533,5502,46.55,0,
g12534,49804,36.4,0,
g12535,270,53.7,0,
g12536,13152,37.55,0,
g12537,4724,39.5,0,
g12538,318,66.35,0,
g12539,17468,41.61,0,
g1254,894,33.45,0,
g12540,5166,37.59,0,
g12541,1008,38.79,0,
g12542,6162,37.11,0,
g12543,3841,34.29,0,
g12544,8917,37.27,0,
g12545,1147,41.59,0,
g12546,963,64.9,0,
g12547,1436,55.08,0,
g12548,8150,35.51,0,
g12549,11861,36.25,0,
g1255,6167,36.99,0,
g12550,288,40.62,0,
g12551,13118,33.76,0,
g12552,10946,39.41,0,
g12553,37765,36.38,0,
g12554,9880,41.23,0,
g12555,2473,48.4,0,
g12556,2795,37.5,0,
g12557,13564,33.4,0,
g12558,5886,31.89,0,
g12559,18544,33.96,0,
g1256,4144,43.77,0,
g12560,12868,35.65,0,
g12561,22709,34.33,0,
g12562,668,33.38,0,
g12563,29292,35.35,0,
g12564,16182,36.89,0,
g12565,10591,32.55,0,
g12566,559,57.6,0,
g12567,9665,36.08,0,
g12568,3099,38.95,0,
g12569,1472,36.75,0,
g1257,2169,46.33,0,
g12570,303,55.78,0,
g12571,903,45.07,0,
g12572,3016,39.22,0,
g12573,17276,36.21,0,
g12574,14679,39.1,0,
g12575,1911,34.17,0,
g12576,31108,34.54,0,
g12577,22983,34.37,0,
g12578,31459,37.17,0,
g12579,18283,34.38,0,
g1258,267,40.82,0,
g12580,2027,32.86,0,
g12581,5562,32.2,0,
g12582,630,44.44,0,
g12583,5068,32.64,0,
g12584,7683,36.0,0,
g12585,16033,34.14,0,
g12586,1729,34.41,0,
g12587,10878,35.59,0,
g12588,3594,34.36,0,
g12589,4499,27.36,0,
g1259,13398,37.81,0,
g12590,12755,32.97,0,
g12591,555,41.98,0,
g12592,1800,39.94,0,
g12593,44062,36.55,0,
g12594,9653,33.04,0,
g12595,4888,35.0,0,
g12596,639,60.09,0,
g12597,10958,36.9,0,
g12598,849,40.16,0,
g12599,8717,36.58,0,
g126,306,56.21,0,
g1260,17211,34.05,0,
g12600,27251,36.28,0,
g12601,64178,37.1,0,
g12602,321,62.31,0,
g12603,25047,35.18,0,
g12604,8151,34.66,0,
g12605,17945,37.43,0,
g12606,33271,37.98,0,
g12607,4736,34.65,0,
g12608,25399,37.01,0,
g12609,3308,35.91,0,
g1261,664,54.82,0,
g12610,5502,29.88,0,
g12611,5125,30.77,0,
g12612,2555,32.95,0,
g12613,2862,36.16,0,
g12614,4480,35.22,0,
g12615,11367,36.65,0,
g12616,14030,36.24,0,
g12617,38886,39.24,0,
g12618,50032,35.99,0,
g12619,17391,34.28,0,
g1262,7810,35.45,0,
g12620,2421,44.94,0,
g12621,1323,64.63,0,
g12622,1140,31.4,0,
g12623,5575,34.15,0,
g12624,37717,35.59,0,
g12625,18745,35.32,0,
g12626,2285,39.74,0,
g12627,551,39.38,0,
g12628,3063,50.11,0,
g12629,5069,37.76,0,
g1263,933,39.01,0,
g12630,17762,37.75,0,
g12631,24120,37.01,0,
g12632,63243,35.5,0,
g12633,3527,33.23,0,
g12634,8031,33.82,0,
g12635,4646,33.58,0,
g12636,3519,32.96,0,
g12637,24159,36.28,0,
g12638,5501,33.34,0,
g12639,16715,36.72,0,
g1264,15150,35.97,0,
g12640,264,67.42,0,
g12641,3114,48.78,0,
g12642,306,70.92,0,
g12643,31708,38.33,0,
g12644,9038,34.74,0,
g12645,25172,33.78,0,
g12646,10665,32.05,0,
g12647,2742,31.8,0,
g12648,13976,35.87,0,
g12649,35252,36.96,0,
g1265,14707,32.43,0,
g12650,2764,30.68,0,
g12651,3354,36.73,0,
g12652,2010,47.16,0,
g12653,489,43.76,0,
g12654,327,47.71,0,
g12655,8864,35.88,0,
g12656,19749,37.78,0,
g12657,2854,36.37,0,
g12658,51983,35.77,0,
g12659,402,54.98,0,
g1266,5278,36.24,0,
g12660,318,50.63,0,
g12661,5019,37.26,0,
g12662,19347,35.08,0,
g12663,14698,36.52,0,
g12664,4942,41.02,0,
g12665,1166,37.39,0,
g12666,4255,32.43,0,
g12667,14997,34.37,0,
g12668,306,32.35,0,
g12669,26668,33.79,0,
g1267,608,33.72,0,
g12670,9519,37.85,0,
g12671,273,56.04,0,
g12672,29603,36.53,0,
g12673,4656,33.48,0,
g12674,10908,38.24,0,
g12675,2661,33.9,0,
g12676,2628,32.04,0,
g12677,5195,31.57,0,
g12678,5717,31.22,0,
g12679,2631,31.58,0,
g1268,5647,32.97,0,
g12680,6073,37.12,0,
g12681,6996,36.26,0,
g12682,5033,33.9,0,
g12683,42103,35.97,0,
g12684,5808,34.28,0,
g12685,4108,33.84,0,
g12686,6817,32.2,0,
g12687,313,52.08,0,
g12688,369,64.23,0,
g12689,8718,37.12,0,
g1269,1095,63.2,0,
g12690,12062,37.75,0,
g12691,627,64.27,0,
g12692,11801,42.12,0,
g12693,3147,37.02,0,
g12694,28090,41.95,0,
g12695,7138,37.92,0,
g12696,8374,36.96,0,
g12697,1308,56.27,0,
g12698,779,52.37,0,
g12699,827,52.84,0,
g127,5826,53.33,0,
g1270,1110,43.33,0,
g12700,806,48.39,0,
g12701,3612,39.51,0,
g12702,10680,35.71,0,
g12703,1158,64.16,0,
g12704,525,66.48,0,
g12705,408,59.31,0,
g12706,480,56.88,0,
g12707,660,64.55,0,
g12708,717,65.55,0,
g12709,453,68.65,0,
g1271,379,62.53,0,
g12710,6854,37.69,0,
g12711,1126,65.28,0,
g12712,630,67.78,0,
g12713,366,52.19,0,
g12714,60226,37.77,0,
g12715,11869,41.61,0,
g12716,15467,32.95,0,
g12717,7193,33.78,0,
g12718,16522,34.66,0,
g12719,700,55.14,0,
g1272,282,77.3,0,
g12720,14605,37.5,0,
g12721,11029,34.56,0,
g12722,10141,35.3,0,
g12723,11488,37.0,0,
g12724,4574,37.8,0,
g12725,1336,39.82,0,
g12726,2300,36.17,0,
g12727,10671,33.61,0,
g12728,8582,35.1,0,
g12729,1020,36.27,0,
g1273,6864,34.0,0,
g12730,496,40.32,0,
g12731,8002,37.14,0,
g12732,7421,35.8,0,
g12733,12845,35.73,0,
g12734,1656,34.18,0,
g12735,1764,32.09,0,
g12736,3341,32.68,0,
g12737,24204,36.15,0,
g12738,3635,30.04,0,
g12739,1686,41.34,0,
g1274,414,53.14,0,
g12740,4819,34.01,0,
g12741,8147,32.98,0,
g12742,477,49.27,0,
g12743,1824,51.1,0,
g12744,23595,35.6,0,
g12745,42536,37.26,0,
g12746,3637,37.15,0,
g12747,1118,41.32,0,
g12748,939,36.21,0,
g12749,714,37.96,0,
g1275,7399,39.76,0,
g12750,5590,33.94,0,
g12751,6094,35.81,0,
g12752,6831,35.91,0,
g12753,888,41.44,0,
g12754,366,67.76,0,
g12755,1866,52.95,0,
g12756,4981,39.47,0,
g12757,216,63.43,0,
g12758,9553,34.68,0,
g12759,21657,36.67,0,
g1276,941,49.52,0,
g12760,237,63.29,0,
g12761,49412,34.47,0,
g12762,3714,33.39,0,
g12763,29733,34.87,0,
g12764,3907,42.21,0,
g12765,11239,38.95,0,
g12766,2918,32.83,0,
g12767,17190,36.78,0,
g12768,8723,37.07,0,
g12769,2235,36.42,0,
g1277,1677,49.73,0,
g12770,10885,37.91,0,
g12771,67472,39.49,0,
g12772,8531,31.91,0,
g12773,6911,33.18,0,
g12774,7144,34.21,0,
g12775,1299,30.48,0,
g12776,15871,35.12,0,
g12777,738,52.85,0,
g12778,5201,43.61,0,
g12779,5435,39.54,0,
g1278,3677,36.77,0,
g12780,99691,38.47,0,
g12781,11861,45.36,0,
g12782,1179,44.27,0,
g12783,17354,36.28,0,
g12784,19500,39.28,0,
g12785,1542,50.91,0,
g12786,10667,33.01,0,
g12787,22347,37.51,0,
g12788,14168,36.26,0,
g12789,5831,34.95,0,
g1279,10791,32.37,0,
g12790,9845,40.45,0,
g12791,711,38.96,0,
g12792,119771,37.73,0,
g12793,14580,39.01,0,
g12794,4539,34.63,0,
g12795,4794,33.58,0,
g12796,9775,34.62,0,
g12797,2054,34.81,0,
g12798,2959,34.78,0,
g12799,13819,36.05,0,
g128,4895,31.38,0,
g1280,7029,35.48,0,
g12800,25300,36.06,0,
g12801,291,51.2,0,
g12802,6343,39.13,0,
g12803,9264,33.77,0,
g12804,38111,35.37,0,
g12805,3001,32.02,0,
g12806,6835,39.02,0,
g12807,24256,33.86,0,
g12808,8549,34.99,0,
g12809,6219,33.37,0,
g1281,2834,29.64,0,
g12810,336,61.9,0,
g12811,201,76.12,0,
g12812,1305,43.45,0,
g12813,15343,34.73,0,
g12814,20942,34.96,0,
g12815,5401,42.64,0,
g12816,28516,36.92,0,
g12817,98590,35.55,0,
g12818,23212,34.55,0,
g12819,76073,34.9,0,
g1282,4535,31.22,0,
g12820,40122,35.38,0,
g12821,467,45.82,0,
g12822,1536,45.38,0,
g12823,730,50.96,0,
g12824,10530,38.43,0,
g12825,28530,34.15,0,
g12826,14585,33.84,0,
g12827,1391,34.65,0,
g12828,16660,35.07,0,
g12829,84352,38.17,0,
g1283,4179,31.59,0,
g12830,801,37.95,0,
g12831,437,55.61,0,
g12832,6820,35.18,0,
g12833,1890,38.68,0,
g12834,8931,36.83,0,
g12835,51353,36.51,0,
g12836,1476,52.91,0,
g12837,11623,35.06,0,
g12838,25794,37.81,0,
g12839,2544,34.36,0,
g1284,8102,37.05,0,
g12840,6439,45.13,0,
g12841,4979,38.96,0,
g12842,63667,36.0,0,
g12843,69586,36.36,0,
g12844,210,61.9,0,
g12845,357,39.78,0,
g12846,7250,36.44,0,
g12847,26293,34.42,0,
g12848,210,59.05,0,
g12849,252,67.46,0,
g1285,6690,32.75,0,
g12850,79843,35.91,0,
g12851,282,46.81,0,
g12852,252,63.89,0,
g12853,44409,36.08,0,
g12854,264,53.03,0,
g12855,29343,40.15,0,
g12856,16678,38.54,0,
g12857,342,48.54,0,
g12858,2955,33.06,0,
g12859,18059,36.82,0,
g1286,11787,33.79,0,
g12860,399,55.39,0,
g12861,3463,42.1,0,
g12862,9357,36.33,0,
g12863,6758,34.92,0,
g12864,2088,35.11,0,
g12865,843,34.52,0,
g12866,10292,35.81,0,
g12867,11160,35.93,0,
g12868,34376,34.73,0,
g12869,537,47.67,0,
g1287,8778,35.16,0,
g12870,5325,39.23,0,
g12871,14587,33.69,0,
g12872,6149,28.38,0,
g12873,7706,36.3,0,
g12874,1257,42.24,0,
g12875,7322,33.31,0,
g12876,1790,28.32,0,
g12877,41371,36.17,0,
g12878,13038,36.96,0,
g12879,106543,35.69,0,
g1288,5727,42.5,0,
g12880,12505,35.28,0,
g12881,2823,35.28,0,
g12882,3175,36.5,0,
g12883,5980,37.54,0,
g12884,25326,34.67,0,
g12885,14888,35.91,0,
g12886,1488,44.35,0,
g12887,11702,35.42,0,
g12888,32906,37.01,0,
g12889,20203,38.13,0,
g1289,6526,42.41,0,
g12890,297,53.54,0,
g12891,276,60.51,0,
g12892,315,57.46,0,
g12893,966,38.2,0,
g12894,480,40.0,0,
g12895,1248,55.13,0,
g12896,15590,36.56,0,
g12897,23999,38.29,0,
g12898,631,53.25,0,
g12899,19751,37.12,0,
g129,621,44.12,0,
g1290,3623,33.98,0,
g12900,14134,37.5,0,
g12901,2943,32.48,0,
g12902,1948,39.07,0,
g12903,11846,44.83,0,
g12904,15451,35.29,0,
g12905,267,64.42,0,
g12906,1581,40.29,0,
g12907,20222,32.3,0,
g12908,2822,34.59,0,
g12909,264,53.41,0,
g1291,4491,29.9,0,
g12910,219,59.36,0,
g12911,5156,36.75,0,
g12912,19295,36.19,0,
g12913,21602,35.54,0,
g12914,185218,36.8,0,
g12915,4813,39.41,0,
g12916,8867,36.02,0,
g12917,30806,37.84,0,
g12918,4496,35.45,0,
g12919,465,40.43,0,
g1292,2724,48.49,0,
g12920,3910,33.58,0,
g12921,786,33.97,0,
g12922,1800,36.94,0,
g12923,2171,41.46,0,
g12924,372,70.7,0,
g12925,462,70.13,0,
g12926,327,57.8,0,
g12927,95311,35.96,0,
g12928,336,58.63,0,
g12929,5093,40.25,0,
g1293,231,58.01,0,
g12930,396,53.54,0,
g12931,9812,40.11,0,
g12932,240,61.25,0,
g12933,26381,37.83,0,
g12934,5123,36.64,0,
g12935,6622,39.13,0,
g12936,423,60.28,0,
g12937,11949,39.17,0,
g12938,14996,36.32,0,
g12939,8361,36.69,0,
g1294,4410,41.09,0,
g12940,30611,36.78,0,
g12941,2352,42.22,0,
g12942,717,49.65,0,
g12943,1248,49.04,0,
g12944,249,51.41,0,
g12945,297,55.89,0,
g12946,258,51.55,0,
g12947,5166,36.3,0,
g12948,6949,33.3,0,
g12949,3299,33.16,0,
g1295,16353,36.92,0,
g12950,3156,34.79,0,
g12951,510,56.67,0,
g12952,637,56.36,0,
g12953,300,66.33,0,
g12954,17845,38.69,0,
g12955,34411,35.7,0,
g12956,16729,36.48,0,
g12957,30749,38.7,0,
g12958,13023,33.2,0,
g12959,4504,36.21,0,
g1296,10868,40.23,0,
g12960,3899,37.63,0,
g12961,1805,30.64,0,
g12962,516,28.88,0,
g12963,41044,37.7,0,
g12964,4089,35.05,0,
g12965,19406,39.9,0,
g12966,696,35.06,0,
g12967,8529,42.85,0,
g12968,3056,51.8,0,
g12969,15579,34.76,0,
g1297,20595,40.64,0,
g12970,312,50.64,0,
g12971,16655,38.19,0,
g12972,82930,36.77,0,
g12973,5416,41.89,0,
g12974,4078,41.25,0,
g12975,294,60.54,0,
g12976,3926,40.55,0,
g12977,366,60.66,0,
g12978,25304,37.9,0,
g12979,24849,41.97,0,
g1298,2493,45.37,0,
g12980,1565,39.3,0,
g12981,10933,38.11,0,
g12982,9742,37.0,0,
g12983,2644,38.84,0,
g12984,1570,39.11,0,
g12985,1218,48.6,0,
g12986,26103,37.49,0,
g12987,5872,36.65,0,
g12988,48736,37.7,0,
g12989,8483,37.85,0,
g1299,14425,45.01,0,
g12990,6285,37.8,0,
g12991,1158,41.11,0,
g12992,19342,38.36,0,
g12993,696,35.63,0,
g12994,7144,34.32,0,
g12995,20700,32.3,0,
g12996,2054,36.51,0,
g12997,11884,36.94,0,
g12998,2086,42.09,0,
g12999,1367,26.77,0,
g13,7619,33.19,0,
g130,497,58.95,0,
g1300,7104,37.25,0,
g13000,53522,35.5,0,
g13001,7057,35.74,0,
g13002,59310,36.64,0,
g13003,39272,38.51,0,
g13004,2754,36.86,0,
g13005,15641,36.14,0,
g13006,11296,38.78,0,
g13007,6040,34.55,0,
g13008,5297,36.78,0,
g13009,11724,35.39,0,
g1301,7679,36.49,0,
g13010,12454,33.67,0,
g13011,1249,33.71,0,
g13012,44749,33.09,0,
g13013,989,36.7,0,
g13014,29445,38.22,0,
g13015,35579,35.87,0,
g13016,10658,35.9,0,
g13017,16366,33.81,0,
g13018,18858,37.56,0,
g13019,13449,36.09,0,
g1302,1524,62.93,0,
g13020,4136,35.25,0,
g13021,1002,35.73,0,
g13022,11637,36.56,0,
g13023,20592,39.78,0,
g13024,16285,40.43,0,
g13025,31758,37.05,0,
g13026,303,56.11,0,
g13027,27902,34.1,0,
g13028,5072,35.47,0,
g13029,2395,36.78,0,
g1303,2891,39.81,0,
g13030,267,58.43,0,
g13031,2779,41.99,0,
g13032,1475,42.24,0,
g13033,34952,37.58,0,
g13034,1198,56.68,0,
g13035,228,64.91,0,
g13036,378,63.23,0,
g13037,516,67.64,0,
g13038,23894,35.93,0,
g13039,24278,33.28,0,
g1304,276,48.55,0,
g13040,8568,31.42,0,
g13041,11201,37.79,0,
g13042,3997,33.3,0,
g13043,37707,35.74,0,
g13044,39560,36.18,0,
g13045,9242,47.78,0,
g13046,7402,34.95,0,
g13047,566,30.57,0,
g13048,11484,34.74,0,
g13049,1254,62.76,0,
g1305,690,53.33,0,
g13050,13215,36.65,0,
g13051,1913,31.47,0,
g13052,52960,36.02,0,
g13053,3064,36.59,0,
g13054,4097,39.3,0,
g13055,1054,37.76,0,
g13056,13861,37.28,0,
g13057,10131,34.37,0,
g13058,6038,34.28,0,
g13059,9724,36.01,0,
g1306,2442,43.41,0,
g13060,3556,36.36,0,
g13061,16269,33.99,0,
g13062,27433,36.33,0,
g13063,13414,39.03,0,
g13064,1640,32.32,0,
g13065,4897,35.94,0,
g13066,63547,34.35,0,
g13067,13155,31.64,0,
g13068,15584,35.74,0,
g13069,37631,36.24,0,
g1307,8697,40.17,0,
g13070,23450,33.57,0,
g13071,72572,38.97,0,
g13072,23680,37.32,0,
g13073,39149,33.73,0,
g13074,453,35.76,0,
g13075,18604,35.47,0,
g13076,11875,31.06,0,
g13077,1798,30.09,0,
g13078,8568,36.71,0,
g13079,2479,37.8,0,
g1308,3877,46.61,0,
g13080,16222,36.06,0,
g13081,13049,36.23,0,
g13082,779,39.15,0,
g13083,11558,35.61,0,
g13084,10536,36.58,0,
g13085,10115,34.9,0,
g13086,22372,38.34,0,
g13087,20107,39.07,0,
g13088,26659,36.57,0,
g13089,2801,34.09,0,
g1309,2253,43.94,0,
g13090,3266,42.25,0,
g13091,5208,38.63,0,
g13092,4407,40.1,0,
g13093,8129,33.55,0,
g13094,10259,33.15,0,
g13095,8722,35.9,0,
g13096,5754,33.47,0,
g13097,13071,33.67,0,
g13098,13202,37.27,0,
g13099,966,48.24,0,
g131,1290,52.87,0,
g1310,6967,36.21,0,
g13100,8450,34.38,0,
g13101,12578,36.91,0,
g13102,1726,39.8,0,
g13103,258,63.18,0,
g13104,2484,36.51,0,
g13105,12328,33.37,0,
g13106,216,60.19,0,
g13107,264,50.38,0,
g13108,12108,32.9,0,
g13109,5606,37.83,0,
g1311,658,30.09,0,
g13110,6264,34.31,0,
g13111,330,53.94,0,
g13112,6484,37.28,0,
g13113,648,37.5,0,
g13114,11040,33.77,0,
g13115,4886,39.03,0,
g13116,16745,36.32,0,
g13117,24871,36.8,0,
g13118,2589,35.07,0,
g13119,9766,36.49,0,
g1312,1482,52.23,0,
g13120,16397,35.81,0,
g13121,1597,48.97,0,
g13122,15404,35.93,0,
g13123,3481,37.12,0,
g13124,830,39.04,0,
g13125,3423,34.97,0,
g13126,57044,36.85,0,
g13127,1431,32.42,0,
g13128,748,48.66,0,
g13129,9815,30.47,0,
g1313,4928,39.41,0,
g13130,549,42.99,0,
g13131,339,59.59,0,
g13132,4281,43.94,0,
g13133,7143,34.36,0,
g13134,4203,45.68,0,
g13135,3651,31.11,0,
g13136,6830,31.02,0,
g13137,2746,36.96,0,
g13138,29822,36.51,0,
g13139,15532,32.9,0,
g1314,8512,37.84,0,
g13140,24072,38.88,0,
g13141,261,47.89,0,
g13142,10650,37.28,0,
g13143,854,35.01,0,
g13144,8502,33.6,0,
g13145,133159,36.84,0,
g13146,996,44.38,0,
g13147,622,50.64,0,
g13148,12809,35.34,0,
g13149,8759,41.81,0,
g1315,3177,32.29,0,
g13150,738,37.94,0,
g13151,5773,38.65,0,
g13152,11407,46.35,0,
g13153,4427,41.2,0,
g13154,10251,39.64,0,
g13155,3658,48.25,0,
g13156,204,60.78,0,
g13157,57505,36.55,0,
g13158,1698,45.35,0,
g13159,130312,36.74,0,
g1316,14855,38.07,0,
g13160,15414,40.64,0,
g13161,7815,32.42,0,
g13162,3949,37.93,0,
g13163,2058,49.71,0,
g13164,7111,34.96,0,
g13165,5012,36.07,0,
g13166,456,43.64,0,
g13167,5380,42.68,0,
g13168,15353,35.52,0,
g13169,48172,39.26,0,
g1317,1733,32.83,0,
g13170,246,61.79,0,
g13171,10616,33.18,0,
g13172,14588,36.67,0,
g13173,23414,35.27,0,
g13174,44081,36.48,0,
g13175,804,37.56,0,
g13176,9250,34.83,0,
g13177,2188,39.76,0,
g13178,18902,39.97,0,
g13179,1007,36.05,0,
g1318,267,40.45,0,
g13180,8222,34.09,0,
g13181,13511,36.62,0,
g13182,1175,57.02,0,
g13183,4200,38.12,0,
g13184,4067,42.39,0,
g13185,690,36.67,0,
g13186,6658,35.06,0,
g13187,372,48.39,0,
g13188,356,35.96,0,
g13189,3844,35.46,0,
g1319,868,33.53,0,
g13190,4384,31.25,0,
g13191,4286,31.1,0,
g13192,2567,35.33,0,
g13193,852,39.2,0,
g13194,90519,37.09,0,
g13195,264,42.8,0,
g13196,243,46.91,0,
g13197,15111,33.11,0,
g13198,5427,35.42,0,
g13199,6779,38.32,0,
g132,33934,34.85,0,
g1320,576,41.67,0,
g13200,1407,37.53,0,
g13201,324,51.85,0,
g13202,2135,37.52,0,
g13203,429,39.39,0,
g13204,2523,35.08,0,
g13205,20499,35.16,0,
g13206,32078,36.55,0,
g13207,106238,35.17,0,
g13208,16178,33.68,0,
g13209,8170,36.07,0,
g1321,8242,37.73,0,
g13210,12590,33.96,0,
g13211,1709,42.77,0,
g13212,366,57.65,0,
g13213,3632,37.11,0,
g13214,19903,31.92,0,
g13215,16113,36.01,0,
g13216,1090,36.79,0,
g13217,3000,32.3,0,
g13218,7769,31.02,0,
g13219,1359,30.68,0,
g1322,13011,32.5,0,
g13220,18768,34.43,0,
g13221,7165,35.7,0,
g13222,9827,41.12,0,
g13223,12591,36.78,0,
g13224,8072,36.39,0,
g13225,2345,40.26,0,
g13226,1491,47.75,0,
g13227,216,56.02,0,
g13228,216,60.19,0,
g13229,1031,41.42,0,
g1323,8685,64.03,0,
g13230,4733,36.23,0,
g13231,38137,35.46,0,
g13232,34550,32.55,0,
g13233,16531,34.52,0,
g13234,5815,29.77,0,
g13235,14463,33.72,0,
g13236,402,30.1,0,
g13237,323,34.67,0,
g13238,5383,33.18,0,
g13239,423,56.97,0,
g1324,18649,39.0,0,
g13240,10174,35.45,0,
g13241,1041,65.99,0,
g13242,6686,37.0,0,
g13243,27693,38.94,0,
g13244,2875,41.43,0,
g13245,428,46.26,0,
g13246,3319,37.27,0,
g13247,16497,36.29,0,
g13248,5503,38.43,0,
g13249,2491,39.66,0,
g1325,7628,34.7,0,
g13250,33906,36.86,0,
g13251,62863,37.15,0,
g13252,3459,32.35,0,
g13253,3699,39.85,0,
g13254,11256,36.21,0,
g13255,37388,34.13,0,
g13256,28409,33.37,0,
g13257,579,38.86,0,
g13258,342,42.11,0,
g13259,47499,34.95,0,
g1326,45701,35.25,0,
g13260,1587,36.55,0,
g13261,2098,45.04,0,
g13262,2107,56.67,0,
g13263,57564,38.83,0,
g13264,12931,39.76,0,
g13265,17145,36.89,0,
g13266,360,61.67,0,
g13267,8677,39.98,0,
g13268,5890,37.33,0,
g13269,1458,43.28,0,
g1327,7842,34.76,0,
g13270,1509,43.27,0,
g13271,7512,33.52,0,
g13272,24392,35.53,0,
g13273,1327,38.58,0,
g13274,24644,35.36,0,
g13275,6323,35.95,0,
g13276,22089,36.65,0,
g13277,1410,33.55,0,
g13278,2617,36.22,0,
g13279,21806,32.79,0,
g1328,44821,37.76,0,
g13280,1308,43.43,0,
g13281,342,56.73,0,
g13282,18046,36.22,0,
g13283,10829,31.89,0,
g13284,946,41.65,0,
g13285,84985,36.75,0,
g13286,1800,39.94,0,
g13287,1800,31.78,0,
g13288,621,35.27,0,
g13289,17870,34.17,0,
g1329,11366,36.05,0,
g13290,1415,33.22,0,
g13291,840,42.62,0,
g13292,16667,37.22,0,
g13293,8799,37.11,0,
g13294,16713,34.96,0,
g13295,27009,37.61,0,
g13296,5343,38.8,0,
g13297,4663,37.85,0,
g13298,3299,31.8,0,
g13299,14880,36.49,0,
g133,1122,45.1,0,
g1330,17044,39.62,0,
g13300,2941,38.56,0,
g13301,428,47.2,0,
g13302,267,49.44,0,
g13303,2715,44.16,0,
g13304,1199,39.37,0,
g13305,42887,38.28,0,
g13306,11252,36.73,0,
g13307,5128,39.86,0,
g13308,11063,38.52,0,
g13309,4270,39.63,0,
g1331,5322,34.24,0,
g13310,435,75.17,0,
g13311,5690,32.36,0,
g13312,742,32.88,0,
g13313,3793,36.75,0,
g13314,12865,34.08,0,
g13315,957,34.8,0,
g13316,11658,32.72,0,
g13317,46604,34.97,0,
g13318,9358,33.56,0,
g13319,15419,35.07,0,
g1332,15347,37.41,0,
g13320,50456,35.05,0,
g13321,3147,37.56,0,
g13322,35016,34.88,0,
g13323,7040,37.59,0,
g13324,10823,34.51,0,
g13325,28425,37.08,0,
g13326,6351,38.81,0,
g13327,13439,39.76,0,
g13328,26260,37.42,0,
g13329,6083,33.17,0,
g1333,12462,33.02,0,
g13330,43199,37.84,0,
g13331,10908,39.63,0,
g13332,43798,34.51,0,
g13333,21901,39.33,0,
g13334,929,50.16,0,
g13335,2838,52.26,0,
g13336,2048,39.99,0,
g13337,246,46.75,0,
g13338,1182,54.99,0,
g13339,9291,37.37,0,
g1334,53841,38.7,0,
g13340,13593,34.91,0,
g13341,3208,36.56,0,
g13342,7730,36.14,0,
g13343,11908,33.83,0,
g13344,2502,35.73,0,
g13345,6287,29.54,0,
g13346,3852,32.17,0,
g13347,1986,33.69,0,
g13348,7555,33.32,0,
g13349,13482,35.17,0,
g1335,312,63.78,0,
g13350,97410,36.81,0,
g13351,417,72.18,0,
g13352,13121,34.75,0,
g13353,1800,39.94,0,
g13354,8167,36.55,0,
g13355,14519,35.19,0,
g13356,607,32.62,0,
g13357,13875,34.03,0,
g13358,16899,33.93,0,
g13359,14943,35.96,0,
g1336,4704,40.8,0,
g13360,30031,37.26,0,
g13361,10720,35.1,0,
g13362,2341,34.05,0,
g13363,4593,29.46,0,
g13364,10585,39.38,0,
g13365,12981,33.32,0,
g13366,17752,32.67,0,
g13367,14957,34.65,0,
g13368,2376,33.16,0,
g13369,45593,35.25,0,
g1337,17862,39.92,0,
g13370,7481,33.77,0,
g13371,2210,34.12,0,
g13372,306,55.23,0,
g13373,2676,48.77,0,
g13374,785,43.82,0,
g13375,29013,38.53,0,
g13376,15426,33.72,0,
g13377,4300,37.23,0,
g13378,11698,38.2,0,
g13379,629,35.45,0,
g1338,61605,37.66,0,
g13380,500,42.6,0,
g13381,7595,32.57,0,
g13382,6465,36.6,0,
g13383,579,31.09,0,
g13384,1735,44.32,0,
g13385,5803,37.67,0,
g13386,222,63.51,0,
g13387,6158,35.95,0,
g13388,55006,35.23,0,
g13389,16843,35.27,0,
g1339,270,69.26,0,
g13390,38074,39.26,0,
g13391,288,54.51,0,
g13392,291,64.26,0,
g13393,7574,38.0,0,
g13394,756,56.22,0,
g13395,20398,36.31,0,
g13396,5689,40.92,0,
g13397,28388,38.6,0,
g13398,14297,32.05,0,
g13399,11840,39.54,0,
g134,1083,49.49,0,
g1340,650,38.31,0,
g13400,67395,36.21,0,
g13401,234,68.38,0,
g13402,10764,39.65,0,
g13403,1654,52.18,0,
g13404,11246,35.8,0,
g13405,28430,37.34,0,
g13406,5075,39.11,0,
g13407,110920,37.33,0,
g13408,4907,33.14,0,
g13409,4706,43.14,0,
g1341,10595,37.17,0,
g13410,414,37.68,0,
g13411,34490,36.14,0,
g13412,10125,34.99,0,
g13413,2759,34.72,0,
g13414,38167,37.47,0,
g13415,675,44.0,0,
g13416,1640,37.74,0,
g13417,106680,36.85,0,
g13418,14951,38.02,0,
g13419,207,74.4,0,
g1342,4643,37.76,0,
g13420,27353,36.11,0,
g13421,12588,32.6,0,
g13422,18614,35.94,0,
g13423,1257,25.86,0,
g13424,7650,33.31,0,
g13425,5715,32.97,0,
g13426,1720,33.43,0,
g13427,9268,34.17,0,
g13428,6069,31.47,0,
g13429,2207,40.28,0,
g1343,7623,34.61,0,
g13430,369,63.41,0,
g13431,1776,38.46,0,
g13432,429,56.64,0,
g13433,6874,37.63,0,
g13434,1606,33.56,0,
g13435,3030,37.76,0,
g13436,4326,34.79,0,
g13437,1974,35.71,0,
g13438,318,56.6,0,
g13439,3800,40.89,0,
g1344,4187,69.07,0,
g13440,10632,35.02,0,
g13441,5073,37.02,0,
g13442,12314,34.9,0,
g13443,32882,39.14,0,
g13444,321,53.27,0,
g13445,7097,35.85,0,
g13446,21338,35.38,0,
g13447,549,57.56,0,
g13448,10387,36.87,0,
g13449,25149,40.28,0,
g1345,6774,46.99,0,
g13450,4152,44.53,0,
g13451,13974,32.27,0,
g13452,37400,36.31,0,
g13453,6744,39.77,0,
g13454,1621,53.61,0,
g13455,3871,32.14,0,
g13456,1209,43.26,0,
g13457,21529,39.27,0,
g13458,546,37.18,0,
g13459,1075,33.49,0,
g1346,3198,36.43,0,
g13460,3632,32.1,0,
g13461,2667,30.97,0,
g13462,4095,30.99,0,
g13463,38411,33.87,0,
g13464,35124,37.57,0,
g13465,21032,38.12,0,
g13466,1032,62.02,0,
g13467,3014,40.35,0,
g13468,11451,34.43,0,
g13469,13543,32.39,0,
g1347,12001,44.93,0,
g13470,645,45.74,0,
g13471,3321,32.31,0,
g13472,8119,33.33,0,
g13473,46374,37.5,0,
g13474,8209,33.41,0,
g13475,1390,30.86,0,
g13476,705,39.29,0,
g13477,354,44.92,0,
g13478,24140,37.29,0,
g13479,17742,36.65,0,
g1348,2054,38.12,0,
g13480,11268,35.15,0,
g13481,14969,37.5,0,
g13482,16178,35.96,0,
g13483,20080,36.69,0,
g13484,25092,38.28,0,
g13485,204,50.98,0,
g13486,1037,32.11,0,
g13487,33826,37.66,0,
g13488,3366,40.67,0,
g13489,20338,31.84,0,
g1349,3960,43.21,0,
g13490,393,45.8,0,
g13491,6348,34.81,0,
g13492,3218,39.68,0,
g13493,998,41.08,0,
g13494,8082,33.52,0,
g13495,7718,35.89,0,
g13496,706,41.22,0,
g13497,10676,33.51,0,
g13498,8044,33.47,0,
g13499,10124,31.67,0,
g135,231,54.11,0,
g1350,594,37.04,0,
g13500,7190,35.29,0,
g13501,21107,36.52,0,
g13502,10708,33.4,0,
g13503,32754,36.83,0,
g13504,10507,37.89,0,
g13505,7115,36.13,0,
g13506,9383,36.09,0,
g13507,9257,36.09,0,
g13508,17259,36.14,0,
g13509,12821,36.72,0,
g1351,243,53.91,0,
g13510,463,40.39,0,
g13511,7825,33.85,0,
g13512,66945,35.36,0,
g13513,45158,35.62,0,
g13514,27209,35.03,0,
g13515,22063,36.64,0,
g13516,5079,34.89,0,
g13517,4301,32.71,0,
g13518,12923,39.63,0,
g13519,17213,34.54,0,
g1352,5151,37.24,0,
g13520,54298,37.0,0,
g13521,26858,38.31,0,
g13522,8164,36.2,0,
g13523,25996,37.41,0,
g13524,12057,34.04,0,
g13525,11919,39.94,0,
g13526,18268,32.64,0,
g13527,37768,35.8,0,
g13528,2457,32.19,0,
g13529,3495,34.68,0,
g1353,315,67.3,0,
g13530,15411,42.58,0,
g13531,2862,45.25,0,
g13532,15390,33.04,0,
g13533,22599,36.12,0,
g13534,22932,35.98,0,
g13535,9107,34.24,0,
g13536,240,48.75,0,
g13537,657,41.7,0,
g13538,810,33.58,0,
g13539,393,49.87,0,
g1354,689,50.94,0,
g13540,4793,35.49,0,
g13541,2484,36.39,0,
g13542,9200,35.91,0,
g13543,7700,38.74,0,
g13544,576,35.94,0,
g13545,4447,32.76,0,
g13546,12049,35.24,0,
g13547,20424,32.96,0,
g13548,8260,32.29,0,
g13549,810,35.43,0,
g1355,3601,35.63,0,
g13550,9140,36.77,0,
g13551,1671,41.05,0,
g13552,15091,34.29,0,
g13553,255,73.73,0,
g13554,387,44.7,0,
g13555,2689,33.17,0,
g13556,973,36.18,0,
g13557,30090,35.82,0,
g13558,82022,35.76,0,
g13559,309,53.72,0,
g1356,15985,34.13,0,
g13560,13531,35.64,0,
g13561,318,53.14,0,
g13562,23365,37.21,0,
g13563,1559,50.67,0,
g13564,294,61.22,0,
g13565,101034,37.13,0,
g13566,4892,43.89,0,
g13567,7033,32.53,0,
g13568,18217,36.08,0,
g13569,11905,31.86,0,
g1357,21724,35.42,0,
g13570,6558,30.47,0,
g13571,888,42.34,0,
g13572,24501,36.78,0,
g13573,11031,37.0,0,
g13574,4291,42.18,0,
g13575,617,67.1,0,
g13576,4074,34.0,0,
g13577,31924,35.26,0,
g13578,222,68.02,0,
g13579,1267,31.25,0,
g1358,1763,43.68,0,
g13580,414,43.24,0,
g13581,10268,35.09,0,
g13582,8938,33.09,0,
g13583,35205,38.08,0,
g13584,2716,36.38,0,
g13585,225,51.11,0,
g13586,13342,33.42,0,
g13587,9475,32.73,0,
g13588,34535,36.01,0,
g13589,354,37.85,0,
g1359,26419,38.82,0,
g13590,4901,32.48,0,
g13591,13026,36.24,0,
g13592,25595,38.56,0,
g13593,528,51.7,0,
g13594,2836,33.36,0,
g13595,1173,44.42,0,
g13596,4962,30.37,0,
g13597,10180,35.12,0,
g13598,14647,34.4,0,
g13599,1917,31.04,0,
g136,5913,35.75,0,
g1360,231,66.23,0,
g13600,809,31.4,0,
g13601,7505,32.82,0,
g13602,15851,34.21,0,
g13603,70796,37.3,0,
g13604,7016,33.61,0,
g13605,21510,33.7,0,
g13606,3266,39.77,0,
g13607,1447,44.92,0,
g13608,3219,39.55,0,
g13609,210,54.29,0,
g1361,6952,39.05,0,
g13610,339,46.9,0,
g13611,28127,35.2,0,
g13612,1409,36.98,0,
g13613,48386,35.76,0,
g13614,31160,36.62,0,
g13615,9564,35.49,0,
g13616,4675,32.19,0,
g13617,3388,34.33,0,
g13618,417,45.8,0,
g13619,279,48.75,0,
g1362,2124,45.67,0,
g13620,795,43.27,0,
g13621,6172,38.66,0,
g13622,9968,38.45,0,
g13623,675,39.56,0,
g13624,2239,38.99,0,
g13625,399,40.1,0,
g13626,303,47.85,0,
g13627,795,41.64,0,
g13628,795,41.13,0,
g13629,805,37.27,0,
g1363,21802,39.8,0,
g13630,1104,39.49,0,
g13631,768,46.09,0,
g13632,6243,39.98,0,
g13633,1152,54.95,0,
g13634,3910,36.14,0,
g13635,25454,34.65,0,
g13636,5554,40.17,0,
g13637,1865,39.46,0,
g13638,7178,37.34,0,
g13639,10155,41.44,0,
g1364,351,48.72,0,
g13640,17267,34.3,0,
g13641,1092,33.79,0,
g13642,11670,36.42,0,
g13643,7690,32.68,0,
g13644,8503,33.01,0,
g13645,7418,35.99,0,
g13646,1618,36.59,0,
g13647,6468,32.61,0,
g13648,7744,32.58,0,
g13649,9133,38.53,0,
g1365,2335,42.36,0,
g13650,10686,39.48,0,
g13651,15382,37.1,0,
g13652,2148,37.52,0,
g13653,8445,38.48,0,
g13654,264,59.09,0,
g13655,5562,38.76,0,
g13656,23529,37.58,0,
g13657,8476,35.95,0,
g13658,33317,38.44,0,
g13659,3836,41.42,0,
g1366,1038,44.51,0,
g13660,369,65.04,0,
g13661,4580,42.47,0,
g13662,13510,46.77,0,
g13663,306,64.71,0,
g13664,27145,43.67,0,
g13665,1593,44.44,0,
g13666,5599,40.03,0,
g13667,261,50.57,0,
g13668,26754,36.94,0,
g13669,18094,35.79,0,
g1367,7113,37.45,0,
g13670,5502,46.51,0,
g13671,7691,41.41,0,
g13672,17632,36.52,0,
g13673,1253,46.37,0,
g13674,10334,39.68,0,
g13675,2364,40.44,0,
g13676,47323,34.88,0,
g13677,291,53.95,0,
g13678,59909,37.4,0,
g13679,15550,36.51,0,
g1368,6141,33.28,0,
g13680,1527,56.12,0,
g13681,39650,35.06,0,
g13682,496,32.06,0,
g13683,141127,36.51,0,
g13684,1364,31.82,0,
g13685,4716,32.17,0,
g13686,10773,32.71,0,
g13687,49456,36.71,0,
g13688,11714,35.27,0,
g13689,13079,37.15,0,
g1369,12006,36.71,0,
g13690,10547,38.5,0,
g13691,7794,37.34,0,
g13692,8208,39.55,0,
g13693,249,51.0,0,
g13694,587,57.41,0,
g13695,276,60.51,0,
g13696,3145,33.35,0,
g13697,978,33.84,0,
g13698,28658,34.62,0,
g13699,4795,41.58,0,
g137,28759,39.28,0,
g1370,5180,37.86,0,
g13700,549,57.74,0,
g13701,11832,38.2,0,
g13702,31969,39.27,0,
g13703,49183,33.65,0,
g13704,795,32.2,0,
g13705,8807,34.63,0,
g13706,9777,34.09,0,
g13707,3940,31.32,0,
g13708,8776,35.8,0,
g13709,447,44.97,0,
g1371,16059,38.85,0,
g13710,149783,35.59,0,
g13711,57997,38.08,0,
g13712,26966,33.98,0,
g13713,799,32.17,0,
g13714,80103,35.89,0,
g13715,7675,33.75,0,
g13716,1453,31.31,0,
g13717,5883,39.06,0,
g13718,10147,37.06,0,
g13719,456,40.57,0,
g1372,4680,38.12,0,
g13720,294,53.4,0,
g13721,16199,35.15,0,
g13722,3780,31.19,0,
g13723,2943,34.15,0,
g13724,602,36.54,0,
g13725,384,78.12,0,
g13726,4961,33.54,0,
g13727,39377,35.41,0,
g13728,3342,35.46,0,
g13729,7250,34.54,0,
g1373,615,48.62,0,
g13730,240,55.42,0,
g13731,5988,34.62,0,
g13732,3238,38.76,0,
g13733,10174,37.49,0,
g13734,5758,36.12,0,
g13735,2926,39.68,0,
g13736,3287,36.75,0,
g13737,366,56.56,0,
g13738,6624,38.8,0,
g13739,7356,38.43,0,
g1374,1064,38.35,0,
g13740,95634,35.74,0,
g13741,750,34.27,0,
g13742,13642,34.01,0,
g13743,20040,37.59,0,
g13744,11030,36.61,0,
g13745,252,38.49,0,
g13746,318,39.31,0,
g13747,64913,35.75,0,
g13748,741,48.99,0,
g13749,327,48.93,0,
g1375,1245,37.35,0,
g13750,42990,36.43,0,
g13751,18187,34.21,0,
g13752,12623,36.19,0,
g13753,1866,39.71,0,
g13754,20717,36.85,0,
g13755,2304,33.29,0,
g13756,2260,34.78,0,
g13757,3834,34.14,0,
g13758,3650,35.29,0,
g13759,4807,34.85,0,
g1376,3402,34.24,0,
g13760,2138,47.05,0,
g13761,3754,43.63,0,
g13762,216,73.61,0,
g13763,10243,35.41,0,
g13764,10702,37.36,0,
g13765,3262,34.3,0,
g13766,30345,36.43,0,
g13767,903,41.53,0,
g13768,951,42.8,0,
g13769,3051,39.0,0,
g1377,1813,34.8,0,
g13770,17173,34.79,0,
g13771,16575,46.41,0,
g13772,11091,35.43,0,
g13773,4665,37.21,0,
g13774,5258,35.39,0,
g13775,1171,45.52,0,
g13776,1744,38.88,0,
g13777,3535,36.27,0,
g13778,5552,40.38,0,
g13779,1569,42.89,0,
g1378,23619,35.02,0,
g13780,1943,38.09,0,
g13781,4884,37.24,0,
g13782,342,54.97,0,
g13783,3126,38.29,0,
g13784,6705,37.48,0,
g13785,297,58.59,0,
g13786,12663,36.22,0,
g13787,852,39.2,0,
g13788,2159,38.86,0,
g13789,6978,34.25,0,
g1379,8505,32.79,0,
g13790,554,33.75,0,
g13791,9247,31.86,0,
g13792,942,38.85,0,
g13793,1107,44.99,0,
g13794,938,34.01,0,
g13795,1328,39.01,0,
g13796,675,36.44,0,
g13797,8172,36.07,0,
g13798,6163,38.16,0,
g13799,2889,37.9,0,
g138,10994,33.99,0,
g1380,17863,33.51,0,
g13800,9026,35.0,0,
g13801,19964,32.36,0,
g13802,4199,32.36,0,
g13803,306,61.11,0,
g13804,892,35.87,0,
g13805,9686,33.74,0,
g13806,5724,31.04,0,
g13807,2564,39.86,0,
g13808,5247,37.85,0,
g13809,16871,33.6,0,
g1381,12994,36.27,0,
g13810,11890,35.51,0,
g13811,64587,37.88,0,
g13812,282,43.62,0,
g13813,2148,36.5,0,
g13814,4608,51.0,0,
g13815,222,62.61,0,
g13816,3334,56.21,0,
g13817,14110,36.33,0,
g13818,1392,36.64,0,
g13819,1392,36.71,0,
g1382,8312,36.2,0,
g13820,11232,38.35,0,
g13821,3070,41.95,0,
g13822,2432,55.3,0,
g13823,318,66.04,0,
g13824,7271,40.43,0,
g13825,810,73.33,0,
g13826,1057,44.37,0,
g13827,7649,36.91,0,
g13828,4273,37.49,0,
g13829,984,38.01,0,
g1383,18093,34.64,0,
g13830,4502,39.87,0,
g13831,79835,37.06,0,
g13832,7314,33.36,0,
g13833,36785,37.78,0,
g13834,17139,35.97,0,
g13835,20610,40.82,0,
g13836,130040,36.82,0,
g13837,1332,40.47,0,
g13838,10055,32.54,0,
g13839,4003,37.6,0,
g1384,8621,36.68,0,
g13840,621,33.17,0,
g13841,25139,39.85,0,
g13842,14681,37.94,0,
g13843,2911,37.55,0,
g13844,13982,38.71,0,
g13845,2220,34.73,0,
g13846,1590,39.94,0,
g13847,11308,37.63,0,
g13848,1664,34.07,0,
g13849,1779,34.51,0,
g1385,8527,35.66,0,
g13850,12532,35.07,0,
g13851,20565,35.97,0,
g13852,31135,36.7,0,
g13853,225,64.89,0,
g13854,8117,37.01,0,
g13855,1192,39.51,0,
g13856,554,70.94,0,
g13857,12057,31.58,0,
g13858,186757,39.42,0,
g13859,393,52.16,0,
g1386,22179,37.97,0,
g13860,4295,37.09,0,
g13861,2923,35.79,0,
g13862,13113,37.22,0,
g13863,441,51.93,0,
g13864,318,67.61,0,
g13865,240,70.0,0,
g13866,29701,38.89,0,
g13867,476,52.52,0,
g13868,3919,33.32,0,
g13869,973,35.87,0,
g1387,303,58.09,0,
g13870,3943,36.88,0,
g13871,12657,34.08,0,
g13872,3119,39.69,0,
g13873,2161,37.58,0,
g13874,2159,37.47,0,
g13875,726,39.26,0,
g13876,4082,57.06,0,
g13877,3523,34.06,0,
g13878,816,45.47,0,
g13879,1721,40.79,0,
g1388,1812,40.73,0,
g13880,2866,39.67,0,
g13881,9989,37.71,0,
g13882,18013,38.94,0,
g13883,470,34.04,0,
g13884,22150,35.07,0,
g13885,1363,43.07,0,
g13886,503,39.76,0,
g13887,63446,36.95,0,
g13888,7644,35.09,0,
g13889,9842,34.55,0,
g1389,243,54.73,0,
g13890,276,42.03,0,
g13891,2470,38.38,0,
g13892,297,69.02,0,
g13893,2406,45.43,0,
g13894,16725,36.78,0,
g13895,18171,36.42,0,
g13896,1309,39.42,0,
g13897,1976,37.5,0,
g13898,13843,35.8,0,
g13899,11066,39.82,0,
g139,6120,36.86,0,
g1390,1107,37.67,0,
g13900,5494,34.44,0,
g13901,14224,36.7,0,
g13902,21897,35.0,0,
g13903,798,38.47,0,
g13904,23522,37.08,0,
g13905,98632,36.81,0,
g13906,3501,31.11,0,
g13907,15703,33.61,0,
g13908,10625,31.72,0,
g13909,7347,34.74,0,
g1391,13723,39.42,0,
g13910,15473,42.49,0,
g13911,102532,37.14,0,
g13912,1827,32.02,0,
g13913,43522,35.87,0,
g13914,10655,34.74,0,
g13915,6562,34.94,0,
g13916,15043,44.35,0,
g13917,16834,35.17,0,
g13918,927,45.85,0,
g13919,15796,43.11,0,
g1392,468,57.26,0,
g13920,5691,36.74,0,
g13921,861,35.77,0,
g13922,1890,41.22,0,
g13923,5570,32.8,0,
g13924,2998,35.69,0,
g13925,306,39.54,0,
g13926,20425,37.61,0,
g13927,6551,39.09,0,
g13928,990,36.26,0,
g13929,514,30.93,0,
g1393,3088,41.81,0,
g13930,1697,36.3,0,
g13931,441,32.88,0,
g13932,2281,30.29,0,
g13933,4512,34.11,0,
g13934,1674,34.11,0,
g13935,14021,32.17,0,
g13936,22285,36.84,0,
g13937,935,37.01,0,
g13938,2814,35.39,0,
g13939,10830,35.48,0,
g1394,4643,37.15,0,
g13940,13273,38.79,0,
g13941,5351,38.14,0,
g13942,3340,36.2,0,
g13943,11038,32.96,0,
g13944,62502,36.69,0,
g13945,3534,36.28,0,
g13946,1605,32.83,0,
g13947,40612,38.27,0,
g13948,30412,38.46,0,
g13949,276,39.13,0,
g1395,3236,37.27,0,
g13950,18692,35.36,0,
g13951,8636,33.82,0,
g13952,48454,37.56,0,
g13953,1179,61.49,0,
g13954,43689,35.99,0,
g13955,2478,40.8,0,
g13956,294,42.18,0,
g13957,1657,43.75,0,
g13958,387,38.24,0,
g13959,1107,35.32,0,
g1396,470,60.64,0,
g13960,29976,35.58,0,
g13961,5285,31.81,0,
g13962,19680,34.32,0,
g13963,27923,32.71,0,
g13964,4267,33.21,0,
g13965,1290,42.09,0,
g13966,92711,34.8,0,
g13967,26496,36.9,0,
g13968,19834,35.05,0,
g13969,14716,39.03,0,
g1397,40065,35.45,0,
g13970,1581,42.44,0,
g13971,166006,36.13,0,
g13972,231,54.11,0,
g13973,408,61.27,0,
g13974,13033,36.52,0,
g13975,481,43.66,0,
g13976,5541,39.27,0,
g13977,361,51.8,0,
g13978,1919,42.05,0,
g13979,5649,35.69,0,
g1398,2812,36.88,0,
g13980,270,63.7,0,
g13981,2065,33.08,0,
g13982,10474,34.23,0,
g13983,1836,32.52,0,
g13984,9750,33.77,0,
g13985,59248,35.46,0,
g13986,6167,34.6,0,
g13987,492,50.41,0,
g13988,627,48.17,0,
g13989,7918,34.81,0,
g1399,3587,42.51,0,
g13990,18670,36.9,0,
g13991,390,49.49,0,
g13992,447,49.44,0,
g13993,1278,44.21,0,
g13994,627,44.34,0,
g13995,303,50.17,0,
g13996,390,48.46,0,
g13997,729,44.58,0,
g13998,10434,42.14,0,
g13999,5574,34.28,0,
g14,6222,37.25,0,
g140,8000,34.75,0,
g1400,291,45.02,0,
g14000,38213,36.07,0,
g14001,3741,40.95,0,
g14002,24192,32.74,0,
g14003,1077,44.29,0,
g14004,4027,31.02,0,
g14005,794,33.75,0,
g14006,18998,32.91,0,
g14007,14933,32.91,0,
g14008,188415,37.54,0,
g14009,351,68.66,0,
g1401,6617,33.41,0,
g14010,240,54.17,0,
g14011,7564,35.99,0,
g14012,3324,34.09,0,
g14013,2925,32.92,0,
g14014,18166,38.07,0,
g14015,29082,36.29,0,
g14016,27064,36.1,0,
g14017,2086,51.49,0,
g14018,45034,36.06,0,
g14019,328,34.15,0,
g1402,43311,37.33,0,
g14020,3355,30.43,0,
g14021,5727,36.56,0,
g14022,3219,32.46,0,
g14023,3945,46.87,0,
g14024,13046,32.78,0,
g14025,18284,37.22,0,
g14026,9784,33.64,0,
g14027,13977,35.49,0,
g14028,231,66.67,0,
g14029,6978,39.88,0,
g1403,29400,33.84,0,
g14030,54488,38.3,0,
g14031,330,39.39,0,
g14032,4327,42.29,0,
g14033,1729,31.75,0,
g14034,9642,37.66,0,
g14035,16141,35.01,0,
g14036,5201,34.61,0,
g14037,6110,34.94,0,
g14038,41542,35.2,0,
g14039,6702,34.5,0,
g1404,3400,34.59,0,
g14040,2055,38.73,0,
g14041,9617,32.34,0,
g14042,128414,36.33,0,
g14043,4625,36.97,0,
g14044,1854,31.72,0,
g14045,20508,38.73,0,
g14046,16570,35.93,0,
g14047,10049,37.04,0,
g14048,20769,36.65,0,
g14049,261,63.6,0,
g1405,11264,33.12,0,
g14050,69258,38.54,0,
g14051,6469,35.93,0,
g14052,240,62.08,0,
g14053,4708,39.17,0,
g14054,1052,52.47,0,
g14055,342,58.77,0,
g14056,6012,40.09,0,
g14057,234,54.27,0,
g14058,41738,37.87,0,
g14059,11062,39.29,0,
g1406,3096,31.27,0,
g14060,9001,32.81,0,
g14061,18113,32.93,0,
g14062,4677,36.37,0,
g14063,2363,38.3,0,
g14064,12813,36.37,0,
g14065,12726,37.46,0,
g14066,315,48.25,0,
g14067,17846,34.44,0,
g14068,1703,32.3,0,
g14069,13329,37.56,0,
g1407,1986,31.27,0,
g14070,1635,34.62,0,
g14071,2543,38.38,0,
g14072,4322,38.5,0,
g14073,4487,36.71,0,
g14074,4343,35.18,0,
g14075,2323,39.73,0,
g14076,9678,39.65,0,
g14077,12222,46.76,0,
g14078,10874,36.18,0,
g14079,33762,34.08,0,
g1408,42332,37.81,0,
g14080,399,55.39,0,
g14081,5095,37.04,0,
g14082,8035,48.99,0,
g14083,2201,50.75,0,
g14084,9219,35.47,0,
g14085,13369,38.98,0,
g14086,1918,33.21,0,
g14087,8972,40.49,0,
g14088,8867,36.21,0,
g14089,18994,33.67,0,
g1409,1895,42.32,0,
g14090,8647,38.31,0,
g14091,5988,34.99,0,
g14092,21088,34.65,0,
g14093,10772,34.36,0,
g14094,471,59.24,0,
g14095,372,68.01,0,
g14096,59010,36.04,0,
g14097,447,59.96,0,
g14098,8025,32.61,0,
g14099,10604,36.23,0,
g141,3920,45.46,0,
g1410,402,56.47,0,
g14100,7848,36.96,0,
g14101,107705,35.66,0,
g14102,11257,34.65,0,
g14103,9636,38.26,0,
g14104,726,38.15,0,
g14105,300,62.0,0,
g14106,9791,36.95,0,
g14107,17670,37.45,0,
g14108,1602,47.69,0,
g14109,2927,36.86,0,
g1411,1452,37.95,0,
g14110,2877,34.06,0,
g14111,1182,43.74,0,
g14112,1257,38.66,0,
g14113,1305,43.83,0,
g14114,5327,41.49,0,
g14115,1517,33.55,0,
g14116,1228,35.02,0,
g14117,7569,35.54,0,
g14118,2045,32.42,0,
g14119,354,31.64,0,
g1412,5405,30.79,0,
g14120,4536,36.51,0,
g14121,19193,37.07,0,
g14122,49790,36.32,0,
g14123,67591,35.66,0,
g14124,4392,32.54,0,
g14125,7823,32.24,0,
g14126,16562,38.36,0,
g14127,15280,35.67,0,
g14128,8048,37.87,0,
g14129,2062,36.32,0,
g1413,13360,34.06,0,
g14130,357,57.14,0,
g14131,207,63.29,0,
g14132,1849,32.02,0,
g14133,663,35.9,0,
g14134,16141,34.32,0,
g14135,15448,35.1,0,
g14136,21993,35.34,0,
g14137,18397,35.31,0,
g14138,6117,37.49,0,
g14139,454,53.74,0,
g1414,2825,43.5,0,
g14140,106926,37.21,0,
g14141,261,69.73,0,
g14142,366,66.12,0,
g14143,6911,32.9,0,
g14144,11481,32.89,0,
g14145,4811,38.68,0,
g14146,957,34.8,0,
g14147,5036,35.37,0,
g14148,16146,33.12,0,
g14149,38637,40.28,0,
g1415,870,58.16,0,
g14150,302,46.03,0,
g14151,3287,37.85,0,
g14152,273,54.95,0,
g14153,20911,34.58,0,
g14154,4030,38.46,0,
g14155,1274,35.09,0,
g14156,73229,37.05,0,
g14157,48481,35.32,0,
g14158,547,47.35,0,
g14159,285,53.68,0,
g1416,327,64.83,0,
g14160,16622,34.89,0,
g14161,13657,37.49,0,
g14162,12401,37.59,0,
g14163,11769,36.15,0,
g14164,2532,31.0,0,
g14165,11119,32.81,0,
g14166,5185,35.35,0,
g14167,3580,38.8,0,
g14168,26059,38.84,0,
g14169,2590,34.9,0,
g1417,26597,34.5,0,
g14170,297,56.57,0,
g14171,683,37.48,0,
g14172,2440,36.15,0,
g14173,25504,34.59,0,
g14174,2719,38.84,0,
g14175,2097,29.47,0,
g14176,4155,33.91,0,
g14177,2577,37.33,0,
g14178,1079,41.98,0,
g14179,1491,42.92,0,
g1418,2018,38.75,0,
g14180,345,51.88,0,
g14181,317,49.53,0,
g14182,23951,35.52,0,
g14183,4955,32.41,0,
g14184,954,38.57,0,
g14185,27424,35.5,0,
g14186,1131,35.28,0,
g14187,5545,32.52,0,
g14188,6148,34.69,0,
g14189,294,66.67,0,
g1419,363,35.26,0,
g14190,1716,46.04,0,
g14191,1364,34.9,0,
g14192,1560,32.37,0,
g14193,11519,39.61,0,
g14194,4194,34.74,0,
g14195,12462,40.67,0,
g14196,7157,53.98,0,
g14197,41349,34.83,0,
g14198,35451,34.45,0,
g14199,525,63.81,0,
g142,84914,37.25,0,
g1420,13127,35.96,0,
g14200,23835,42.28,0,
g14201,525,75.62,0,
g14202,339,78.76,0,
g14203,5592,41.95,0,
g14204,633,48.34,0,
g14205,7117,38.79,0,
g14206,21224,43.35,0,
g14207,1156,49.13,0,
g14208,53135,38.17,0,
g14209,1556,38.24,0,
g1421,12820,37.66,0,
g14210,234,61.11,0,
g14211,1787,62.9,0,
g14212,9751,36.18,0,
g14213,279,48.75,0,
g14214,4242,35.45,0,
g14215,1422,41.07,0,
g14216,1290,40.7,0,
g14217,6173,33.71,0,
g14218,19459,33.25,0,
g14219,8248,33.28,0,
g1422,67831,37.14,0,
g14220,12246,37.2,0,
g14221,1617,36.18,0,
g14222,13940,34.59,0,
g14223,2205,38.59,0,
g14224,1049,30.41,0,
g14225,5934,31.21,0,
g14226,9895,32.11,0,
g14227,472,33.9,0,
g14228,591,32.32,0,
g14229,6383,34.04,0,
g1423,21833,34.67,0,
g14230,2278,38.98,0,
g14231,24384,36.11,0,
g14232,417,52.04,0,
g14233,9473,36.0,0,
g14234,2983,39.56,0,
g14235,16698,41.61,0,
g14236,5763,33.84,0,
g14237,12645,34.68,0,
g14238,2096,37.69,0,
g14239,21588,40.86,0,
g1424,3174,30.31,0,
g14240,3352,37.5,0,
g14241,1275,43.14,0,
g14242,28569,33.62,0,
g14243,3273,38.99,0,
g14244,2191,31.77,0,
g14245,3408,34.86,0,
g14246,21915,37.12,0,
g14247,3909,29.7,0,
g14248,6196,38.61,0,
g14249,11394,46.31,0,
g1425,405,37.53,0,
g14250,4037,36.02,0,
g14251,5096,37.03,0,
g14252,9214,35.06,0,
g14253,58395,37.86,0,
g14254,12514,34.25,0,
g14255,2185,29.2,0,
g14256,14371,39.73,0,
g14257,5686,37.25,0,
g14258,24388,36.67,0,
g14259,5447,34.92,0,
g1426,86836,36.88,0,
g14260,372,55.65,0,
g14261,11347,36.56,0,
g14262,339,62.24,0,
g14263,3967,33.8,0,
g14264,781,42.64,0,
g14265,33565,37.61,0,
g14266,63594,37.58,0,
g14267,14844,34.8,0,
g14268,28192,35.41,0,
g14269,21794,35.47,0,
g1427,717,33.19,0,
g14270,27493,36.41,0,
g14271,26643,36.1,0,
g14272,21618,38.38,0,
g14273,16349,37.67,0,
g14274,20278,38.14,0,
g14275,659,37.63,0,
g14276,2537,41.86,0,
g14277,2567,43.09,0,
g14278,4349,40.93,0,
g14279,1455,44.67,0,
g1428,8139,38.08,0,
g14280,6283,34.17,0,
g14281,19615,34.35,0,
g14282,28833,34.64,0,
g14283,15216,33.64,0,
g14284,4547,34.46,0,
g14285,270,40.0,0,
g14286,14022,34.87,0,
g14287,23507,37.24,0,
g14288,1121,48.35,0,
g14289,8633,34.9,0,
g1429,19688,42.66,0,
g14290,8004,32.22,0,
g14291,1331,35.54,0,
g14292,18540,35.59,0,
g14293,2228,38.6,0,
g14294,4835,34.93,0,
g14295,1307,32.98,0,
g14296,9484,32.64,0,
g14297,2836,40.09,0,
g14298,4008,38.3,0,
g14299,10175,36.58,0,
g143,895,37.77,0,
g1430,7599,40.36,0,
g14300,10817,38.09,0,
g14301,5144,35.52,0,
g14302,1959,39.25,0,
g14303,249,57.03,0,
g14304,3521,34.65,0,
g14305,11707,38.26,0,
g14306,4605,33.53,0,
g14307,1384,34.1,0,
g14308,423,36.17,0,
g14309,6378,32.77,0,
g1431,1198,43.24,0,
g14310,321,55.14,0,
g14311,13061,42.72,0,
g14312,3770,41.78,0,
g14313,17706,35.46,0,
g14314,2797,39.79,0,
g14315,2847,36.53,0,
g14316,56911,38.57,0,
g14317,15737,36.91,0,
g14318,1800,39.61,0,
g14319,3129,46.24,0,
g1432,366,61.75,0,
g14320,1673,41.18,0,
g14321,384,46.61,0,
g14322,11842,34.44,0,
g14323,5992,31.17,0,
g14324,9009,40.24,0,
g14325,354,59.04,0,
g14326,312,59.94,0,
g14327,585,61.88,0,
g14328,339,60.47,0,
g14329,4967,34.85,0,
g1433,3301,38.32,0,
g14330,26424,35.93,0,
g14331,10283,38.23,0,
g14332,555,71.71,0,
g14333,252,57.54,0,
g14334,3971,36.29,0,
g14335,345,64.35,0,
g14336,339,51.62,0,
g14337,330,59.7,0,
g14338,4177,39.41,0,
g14339,16322,35.29,0,
g1434,1098,50.36,0,
g14340,1867,32.03,0,
g14341,2874,34.31,0,
g14342,1098,40.89,0,
g14343,29030,34.37,0,
g14344,71304,36.62,0,
g14345,13076,34.56,0,
g14346,37657,38.37,0,
g14347,330,56.67,0,
g14348,3597,37.14,0,
g14349,6550,34.03,0,
g1435,7651,37.09,0,
g14350,240,56.67,0,
g14351,1950,35.64,0,
g14352,5074,33.66,0,
g14353,13178,37.28,0,
g14354,10899,36.1,0,
g14355,15490,37.25,0,
g14356,288,55.21,0,
g14357,2200,39.91,0,
g14358,2695,40.67,0,
g14359,15064,40.99,0,
g1436,6726,32.77,0,
g14360,10901,34.13,0,
g14361,540,45.56,0,
g14362,2312,40.1,0,
g14363,474,49.16,0,
g14364,759,52.83,0,
g14365,7504,35.33,0,
g14366,1290,39.61,0,
g14367,4350,37.49,0,
g14368,3127,31.82,0,
g14369,9440,33.81,0,
g1437,30122,36.11,0,
g14370,35541,37.87,0,
g14371,1549,42.67,0,
g14372,306,65.03,0,
g14373,579,38.69,0,
g14374,6890,35.31,0,
g14375,17079,36.15,0,
g14376,3425,35.21,0,
g14377,2088,34.39,0,
g14378,5031,35.98,0,
g14379,7242,32.45,0,
g1438,1317,40.85,0,
g14380,17586,33.81,0,
g14381,432,56.71,0,
g14382,7107,40.35,0,
g14383,249,60.24,0,
g14384,363,58.4,0,
g14385,339,61.95,0,
g14386,1354,61.37,0,
g14387,327,74.01,0,
g14388,3964,32.64,0,
g14389,267,61.05,0,
g1439,408,38.73,0,
g14390,2303,41.73,0,
g14391,1741,36.7,0,
g14392,3672,37.85,0,
g14393,1289,42.75,0,
g14394,2786,36.5,0,
g14395,8817,39.58,0,
g14396,5301,36.33,0,
g14397,56721,35.28,0,
g14398,3058,28.78,0,
g14399,3497,32.2,0,
g144,35850,37.06,0,
g1440,456,38.82,0,
g14400,7881,31.7,0,
g14401,7434,34.23,0,
g14402,4449,32.88,0,
g14403,14596,33.3,0,
g14404,8083,35.54,0,
g14405,39653,37.63,0,
g14406,255,62.75,0,
g14407,33654,34.86,0,
g14408,323,48.3,0,
g14409,348,36.49,0,
g1441,1351,33.68,0,
g14410,932,40.88,0,
g14411,5473,34.95,0,
g14412,47562,34.93,0,
g14413,4385,65.77,0,
g14414,22649,40.1,0,
g14415,43848,38.16,0,
g14416,3375,39.76,0,
g14417,2955,38.44,0,
g14418,4845,32.65,0,
g14419,231,38.96,0,
g1442,1608,35.39,0,
g14420,375,56.8,0,
g14421,1455,41.44,0,
g14422,4584,35.99,0,
g14423,20119,36.02,0,
g14424,11639,21.6,0,
g14425,309,48.87,0,
g14426,2759,38.09,0,
g14427,9154,34.97,0,
g14428,520,30.0,0,
g14429,3109,37.15,0,
g1443,10248,38.73,0,
g14430,5680,43.86,0,
g14431,2318,38.52,0,
g14432,264,46.21,0,
g14433,26653,39.87,0,
g14434,25764,36.81,0,
g14435,7500,43.33,0,
g14436,30561,37.15,0,
g14437,4483,38.19,0,
g14438,3741,38.39,0,
g14439,9834,37.5,0,
g1444,24356,38.74,0,
g14440,15568,35.35,0,
g14441,28679,36.1,0,
g14442,2564,31.98,0,
g14443,6597,32.67,0,
g14444,33796,33.68,0,
g14445,46050,35.34,0,
g14446,14463,35.05,0,
g14447,2115,31.77,0,
g14448,12359,37.0,0,
g14449,1311,48.13,0,
g1445,45703,39.32,0,
g14450,1248,47.68,0,
g14451,312,31.09,0,
g14452,16958,35.4,0,
g14453,246,54.88,0,
g14454,299,52.51,0,
g14455,9107,41.09,0,
g14456,4906,32.12,0,
g14457,18585,35.65,0,
g14458,531,52.35,0,
g14459,9923,33.53,0,
g1446,4642,39.27,0,
g14460,9983,39.49,0,
g14461,2733,36.0,0,
g14462,4146,32.78,0,
g14463,17774,33.33,0,
g14464,13182,32.3,0,
g14465,1222,34.62,0,
g14466,4040,35.84,0,
g14467,61360,36.41,0,
g14468,5883,35.02,0,
g14469,8905,34.33,0,
g1447,36355,37.15,0,
g14470,2295,36.43,0,
g14471,46308,34.97,0,
g14472,29606,37.6,0,
g14473,2693,37.21,0,
g14474,2158,38.92,0,
g14475,476,44.75,0,
g14476,7591,37.37,0,
g14477,303,49.83,0,
g14478,18286,35.6,0,
g14479,8111,36.6,0,
g1448,25345,35.19,0,
g14480,1820,38.9,0,
g14481,207,59.9,0,
g14482,5920,35.35,0,
g14483,7023,35.7,0,
g14484,27682,38.25,0,
g14485,1119,36.37,0,
g14486,3947,63.52,0,
g14487,543,66.67,0,
g14488,2108,61.05,0,
g14489,306,59.15,0,
g1449,28589,34.62,0,
g14490,300,60.67,0,
g14491,1284,66.98,0,
g14492,258,57.75,0,
g14493,1566,59.51,0,
g14494,921,56.46,0,
g14495,1970,57.16,0,
g14496,1697,62.29,0,
g14497,273,56.41,0,
g14498,1611,60.4,0,
g14499,1281,56.36,0,
g145,2375,40.59,0,
g1450,1092,35.62,0,
g14500,1495,57.99,0,
g14501,2422,62.14,0,
g14502,8964,37.16,0,
g14503,318,52.52,0,
g14504,237,66.24,0,
g14505,435,54.71,0,
g14506,10923,33.82,0,
g14507,28272,38.55,0,
g14508,3551,37.34,0,
g14509,546,65.02,0,
g1451,1467,67.96,0,
g14510,4078,37.25,0,
g14511,11168,36.79,0,
g14512,219,60.27,0,
g14513,6853,37.53,0,
g14514,4233,38.51,0,
g14515,556,35.61,0,
g14516,23206,38.46,0,
g14517,288,63.54,0,
g14518,318,64.15,0,
g14519,1422,40.86,0,
g1452,36398,36.8,0,
g14520,3577,41.04,0,
g14521,366,60.93,0,
g14522,1623,38.82,0,
g14523,75447,39.9,0,
g14524,6872,39.04,0,
g14525,14400,36.42,0,
g14526,26820,33.26,0,
g14527,18063,38.91,0,
g14528,13294,35.55,0,
g14529,2678,34.2,0,
g1453,9891,34.45,0,
g14530,1881,55.5,0,
g14531,10265,39.13,0,
g14532,9799,35.23,0,
g14533,5493,31.91,0,
g14534,333,38.14,0,
g14535,5990,34.59,0,
g14536,609,38.92,0,
g14537,5114,34.65,0,
g14538,11749,37.68,0,
g14539,8267,37.56,0,
g1454,24190,41.74,0,
g14540,4432,29.69,0,
g14541,11863,35.2,0,
g14542,4533,40.86,0,
g14543,102640,36.65,0,
g14544,37073,36.28,0,
g14545,372,63.98,0,
g14546,2689,36.85,0,
g14547,7868,38.79,0,
g14548,471,37.58,0,
g14549,1992,37.55,0,
g1455,6317,30.79,0,
g14550,30695,33.73,0,
g14551,249,50.2,0,
g14552,1686,37.96,0,
g14553,513,68.42,0,
g14554,264,70.08,0,
g14555,62740,40.94,0,
g14556,22212,38.96,0,
g14557,6213,42.38,0,
g14558,774,51.03,0,
g14559,571,64.1,0,
g1456,2372,32.59,0,
g14560,17332,36.45,0,
g14561,16089,36.95,0,
g14562,897,66.44,0,
g14563,453,42.83,0,
g14564,2180,28.94,0,
g14565,3277,35.25,0,
g14566,1200,60.83,0,
g14567,39421,36.07,0,
g14568,8929,36.3,0,
g14569,37714,36.05,0,
g1457,6735,35.53,0,
g14570,1245,37.35,0,
g14571,3740,39.01,0,
g14572,73872,37.27,0,
g14573,66185,37.15,0,
g14574,18981,35.51,0,
g14575,210,59.52,0,
g14576,65681,33.99,0,
g14577,24995,33.91,0,
g14578,52563,34.84,0,
g14579,11040,34.21,0,
g1458,14286,35.87,0,
g14580,37897,35.54,0,
g14581,345,60.0,0,
g14582,234,69.66,0,
g14583,2299,45.59,0,
g14584,26102,39.01,0,
g14585,1788,50.67,0,
g14586,207,70.05,0,
g14587,4723,36.99,0,
g14588,282,68.79,0,
g14589,16926,36.67,0,
g1459,2855,37.83,0,
g14590,312,68.27,0,
g14591,4555,34.95,0,
g14592,258,55.43,0,
g14593,372,54.3,0,
g14594,2750,45.16,0,
g14595,6722,37.03,0,
g14596,3463,29.86,0,
g14597,9858,33.04,0,
g14598,26056,35.51,0,
g14599,13442,36.03,0,
g146,4656,34.97,0,
g1460,14564,33.47,0,
g14600,48495,37.56,0,
g14601,8260,37.74,0,
g14602,14559,37.89,0,
g14603,10199,35.78,0,
g14604,7388,31.75,0,
g14605,5666,31.98,0,
g14606,675,48.74,0,
g14607,10882,37.99,0,
g14608,947,32.52,0,
g14609,9482,36.24,0,
g1461,896,34.71,0,
g14610,10588,39.37,0,
g14611,417,58.27,0,
g14612,14403,35.28,0,
g14613,300,58.0,0,
g14614,6347,35.31,0,
g14615,8781,36.29,0,
g14616,204,41.18,0,
g14617,2035,29.98,0,
g14618,588,42.86,0,
g14619,447,62.42,0,
g1462,5082,37.21,0,
g14620,471,43.95,0,
g14621,1168,35.62,0,
g14622,3833,36.84,0,
g14623,14881,36.31,0,
g14624,4997,35.32,0,
g14625,1086,39.5,0,
g14626,1343,47.28,0,
g14627,2628,39.99,0,
g14628,22858,38.13,0,
g14629,309,52.43,0,
g1463,2096,36.69,0,
g14630,55564,38.93,0,
g14631,1884,36.94,0,
g14632,5431,33.4,0,
g14633,294,56.8,0,
g14634,1199,47.21,0,
g14635,270,41.85,0,
g14636,84254,36.11,0,
g14637,9903,38.19,0,
g14638,5628,34.43,0,
g14639,1278,37.79,0,
g1464,5853,40.2,0,
g14640,5025,33.11,0,
g14641,576,47.74,0,
g14642,2059,40.12,0,
g14643,88759,37.09,0,
g14644,225,59.11,0,
g14645,3755,35.42,0,
g14646,8906,38.42,0,
g14647,6246,32.98,0,
g14648,17332,36.78,0,
g14649,866,33.26,0,
g1465,1872,35.63,0,
g14650,19060,36.1,0,
g14651,2070,31.93,0,
g14652,6348,33.32,0,
g14653,6027,31.61,0,
g14654,4142,36.53,0,
g14655,3805,40.97,0,
g14656,32848,35.17,0,
g14657,1394,37.45,0,
g14658,4299,31.47,0,
g14659,15108,33.56,0,
g1466,21321,36.95,0,
g14660,3439,32.74,0,
g14661,16708,32.7,0,
g14662,2772,36.87,0,
g14663,28079,39.23,0,
g14664,25146,33.15,0,
g14665,12180,41.38,0,
g14666,6514,31.65,0,
g14667,534,38.39,0,
g14668,945,37.88,0,
g14669,5535,33.42,0,
g1467,11312,36.7,0,
g14670,5917,30.57,0,
g14671,11114,33.49,0,
g14672,1103,32.46,0,
g14673,1610,48.39,0,
g14674,2521,33.68,0,
g14675,6981,31.71,0,
g14676,38186,36.39,0,
g14677,1566,29.82,0,
g14678,1747,33.14,0,
g14679,720,72.36,0,
g1468,13015,36.73,0,
g14680,11425,32.22,0,
g14681,6617,32.4,0,
g14682,2335,31.26,0,
g14683,11555,34.01,0,
g14684,1839,41.22,0,
g14685,8378,40.86,0,
g14686,9991,39.35,0,
g14687,1383,49.17,0,
g14688,12610,35.31,0,
g14689,261,51.34,0,
g1469,21263,36.46,0,
g14690,159898,36.68,0,
g14691,270,48.89,0,
g14692,915,40.55,0,
g14693,76032,35.43,0,
g14694,649,54.24,0,
g14695,13592,36.16,0,
g14696,213,57.75,0,
g14697,216,55.56,0,
g14698,602,70.1,0,
g14699,11339,33.94,0,
g147,446,63.23,0,
g1470,16465,37.97,0,
g14700,12426,33.24,0,
g14701,12919,39.0,0,
g14702,288,53.12,0,
g14703,6111,41.53,0,
g14704,14430,36.85,0,
g14705,31390,36.74,0,
g14706,273,59.34,0,
g14707,6621,38.09,0,
g14708,28037,33.61,0,
g14709,14507,36.07,0,
g1471,3697,32.73,0,
g14710,3101,36.54,0,
g14711,9751,33.86,0,
g14712,29604,36.81,0,
g14713,23963,38.03,0,
g14714,16614,37.7,0,
g14715,252,55.16,0,
g14716,909,62.93,0,
g14717,4035,36.08,0,
g14718,1326,40.12,0,
g14719,16891,38.67,0,
g1472,10376,34.05,0,
g14720,1250,33.52,0,
g14721,13759,34.04,0,
g14722,9273,40.33,0,
g14723,3560,41.83,0,
g14724,23317,37.92,0,
g14725,8216,33.5,0,
g14726,1782,36.48,0,
g14727,38912,37.36,0,
g14728,2072,34.12,0,
g14729,1900,39.89,0,
g1473,56847,35.47,0,
g14730,4920,41.89,0,
g14731,702,58.12,0,
g14732,879,67.35,0,
g14733,669,58.15,0,
g14734,5331,34.67,0,
g14735,4008,37.85,0,
g14736,4150,38.43,0,
g14737,3898,36.38,0,
g14738,98425,36.85,0,
g14739,12167,42.44,0,
g1474,258,67.83,0,
g14740,20296,34.89,0,
g14741,720,35.42,0,
g14742,306,69.93,0,
g14743,2898,43.06,0,
g14744,9048,44.32,0,
g14745,1155,39.83,0,
g14746,6364,39.97,0,
g14747,8798,39.68,0,
g14748,29319,35.39,0,
g14749,18872,39.1,0,
g1475,12932,37.75,0,
g14750,857,31.04,0,
g14751,276,55.07,0,
g14752,2484,31.44,0,
g14753,1355,33.65,0,
g14754,6770,34.28,0,
g14755,12807,33.22,0,
g14756,754,37.27,0,
g14757,2079,40.89,0,
g14758,6897,37.29,0,
g14759,12432,39.19,0,
g1476,6293,40.41,0,
g14760,16635,38.1,0,
g14761,10167,32.87,0,
g14762,10762,31.17,0,
g14763,1270,32.05,0,
g14764,3543,33.95,0,
g14765,1550,36.06,0,
g14766,5050,36.42,0,
g14767,36428,34.22,0,
g14768,9033,35.17,0,
g14769,483,41.41,0,
g1477,12690,34.81,0,
g14770,11719,35.12,0,
g14771,494,26.32,0,
g14772,11722,34.25,0,
g14773,1823,33.85,0,
g14774,5722,30.95,0,
g14775,17606,37.34,0,
g14776,3508,55.1,0,
g14777,20978,31.77,0,
g14778,12524,35.86,0,
g14779,8474,35.63,0,
g1478,384,46.35,0,
g14780,839,30.04,0,
g14781,1806,30.73,0,
g14782,62898,38.18,0,
g14783,228,63.16,0,
g14784,24770,35.24,0,
g14785,16820,37.3,0,
g14786,8362,34.93,0,
g14787,24347,35.66,0,
g14788,17339,36.25,0,
g14789,9081,35.72,0,
g1479,11727,35.83,0,
g14790,7464,35.92,0,
g14791,12078,37.56,0,
g14792,176790,36.24,0,
g14793,1884,35.19,0,
g14794,7950,55.86,0,
g14795,14333,36.9,0,
g14796,1524,38.45,0,
g14797,5117,39.93,0,
g14798,1119,36.19,0,
g14799,801,37.95,0,
g148,146623,35.53,0,
g1480,300,46.0,0,
g14800,3873,35.84,0,
g14801,342,36.84,0,
g14802,3591,36.76,0,
g14803,33095,35.24,0,
g14804,312,45.51,0,
g14805,15949,34.57,0,
g14806,1897,29.78,0,
g14807,2951,34.67,0,
g14808,1619,39.59,0,
g14809,398,48.74,0,
g1481,243,62.55,0,
g14810,2825,34.58,0,
g14811,1507,42.27,0,
g14812,1971,64.18,0,
g14813,510,35.29,0,
g14814,25025,38.44,0,
g14815,2548,40.78,0,
g14816,2436,35.8,0,
g14817,267,51.69,0,
g14818,609,39.08,0,
g14819,435,37.47,0,
g1482,327,57.8,0,
g14820,1339,39.43,0,
g14821,495,54.55,0,
g14822,231,38.1,0,
g14823,8313,39.14,0,
g14824,24942,36.32,0,
g14825,6436,33.62,0,
g14826,1968,39.33,0,
g14827,1070,43.64,0,
g14828,735,37.41,0,
g14829,2724,37.67,0,
g1483,1104,50.82,0,
g14830,8248,34.98,0,
g14831,7979,32.9,0,
g14832,6056,31.79,0,
g14833,15256,33.77,0,
g14834,25846,34.13,0,
g14835,12002,34.06,0,
g14836,1704,33.16,0,
g14837,11621,35.34,0,
g14838,498,58.63,0,
g14839,18194,36.95,0,
g1484,4303,35.46,0,
g14840,2300,36.0,0,
g14841,765,47.58,0,
g14842,18031,34.44,0,
g14843,9191,33.96,0,
g14844,3601,36.82,0,
g14845,8982,33.93,0,
g14846,11086,34.64,0,
g14847,2013,42.03,0,
g14848,23278,35.63,0,
g14849,46541,37.49,0,
g1485,330,50.3,0,
g14850,5219,35.39,0,
g14851,774,60.98,0,
g14852,10198,35.59,0,
g14853,14388,36.41,0,
g14854,1242,58.37,0,
g14855,342,60.23,0,
g14856,3018,42.15,0,
g14857,3842,36.6,0,
g14858,10258,38.24,0,
g14859,273,64.1,0,
g1486,393,57.0,0,
g14860,465,54.41,0,
g14861,11116,33.0,0,
g14862,7687,33.75,0,
g14863,3409,36.61,0,
g14864,632,48.1,0,
g14865,457,61.05,0,
g14866,3175,39.69,0,
g14867,13334,34.35,0,
g14868,5014,36.52,0,
g14869,1920,39.48,0,
g1487,392,43.88,0,
g14870,714,44.26,0,
g14871,16349,32.62,0,
g14872,1565,35.53,0,
g14873,13559,33.76,0,
g14874,988,35.93,0,
g14875,6882,39.28,0,
g14876,18394,41.25,0,
g14877,1303,53.42,0,
g14878,3796,38.46,0,
g14879,3542,38.2,0,
g1488,738,39.97,0,
g14880,38133,38.2,0,
g14881,5747,35.57,0,
g14882,6696,35.77,0,
g14883,11049,34.18,0,
g14884,456,67.32,0,
g14885,35880,34.69,0,
g14886,5226,36.36,0,
g14887,1005,36.62,0,
g14888,6247,40.79,0,
g14889,2556,38.77,0,
g1489,47155,35.97,0,
g14890,8247,40.68,0,
g14891,291,54.98,0,
g14892,7696,37.9,0,
g14893,15346,39.52,0,
g14894,7219,42.39,0,
g14895,9985,38.37,0,
g14896,597,47.74,0,
g14897,585,45.64,0,
g14898,600,42.67,0,
g14899,774,56.98,0,
g149,10462,38.18,0,
g1490,3836,33.97,0,
g14900,6607,36.2,0,
g14901,408,63.48,0,
g14902,312,59.62,0,
g14903,84481,37.93,0,
g14904,2810,30.78,0,
g14905,3124,34.06,0,
g14906,7304,33.86,0,
g14907,858,35.66,0,
g14908,3139,44.66,0,
g14909,7419,38.41,0,
g1491,7994,46.92,0,
g14910,534,56.18,0,
g14911,2572,41.06,0,
g14912,126298,37.74,0,
g14913,2925,35.11,0,
g14914,13878,35.19,0,
g14915,9065,36.73,0,
g14916,9831,35.55,0,
g14917,17203,34.23,0,
g14918,12498,38.1,0,
g14919,1155,51.08,0,
g1492,5660,37.17,0,
g14920,9245,44.64,0,
g14921,18885,33.42,0,
g14922,300,55.0,0,
g14923,13408,35.55,0,
g14924,417,58.51,0,
g14925,6147,36.34,0,
g14926,32396,35.82,0,
g14927,8442,33.64,0,
g14928,1479,52.94,0,
g14929,23437,40.55,0,
g1493,2531,30.34,0,
g14930,10900,36.61,0,
g14931,20849,34.22,0,
g14932,11256,37.19,0,
g14933,4538,36.58,0,
g14934,1161,45.74,0,
g14935,1320,36.52,0,
g14936,30272,36.29,0,
g14937,21476,35.95,0,
g14938,548,35.22,0,
g14939,1853,38.21,0,
g1494,261,69.35,0,
g14940,6656,39.38,0,
g14941,6814,32.79,0,
g14942,1847,36.22,0,
g14943,2603,37.8,0,
g14944,1314,32.95,0,
g14945,23890,35.85,0,
g14946,38904,37.78,0,
g14947,18441,44.61,0,
g14948,55526,37.57,0,
g14949,417,52.76,0,
g1495,7154,38.51,0,
g14950,13922,37.87,0,
g14951,12053,33.97,0,
g14952,11929,35.87,0,
g14953,7779,30.93,0,
g14954,7696,34.08,0,
g14955,1926,37.18,0,
g14956,477,35.43,0,
g14957,2629,31.53,0,
g14958,15469,35.94,0,
g14959,10711,37.2,0,
g1496,31463,41.43,0,
g14960,351,47.01,0,
g14961,366,44.26,0,
g14962,5745,35.46,0,
g14963,12035,36.38,0,
g14964,6749,36.88,0,
g14965,10767,32.79,0,
g14966,11508,34.97,0,
g14967,14683,35.05,0,
g14968,38063,38.65,0,
g14969,17413,32.54,0,
g1497,710,61.69,0,
g14970,303,52.15,0,
g14971,6350,37.37,0,
g14972,4356,37.12,0,
g14973,336,39.29,0,
g14974,25130,36.39,0,
g14975,8242,31.52,0,
g14976,2074,44.02,0,
g14977,4620,36.54,0,
g14978,593,31.2,0,
g14979,1333,32.03,0,
g1498,85395,34.35,0,
g14980,1979,33.96,0,
g14981,5173,37.48,0,
g14982,13352,34.89,0,
g14983,543,46.22,0,
g14984,11654,34.54,0,
g14985,519,64.35,0,
g14986,480,63.33,0,
g14987,536,31.53,0,
g14988,267,41.2,0,
g14989,10200,34.97,0,
g1499,33543,35.32,0,
g14990,500,42.6,0,
g14991,1466,38.13,0,
g14992,363,39.94,0,
g14993,4115,36.23,0,
g14994,618,41.75,0,
g14995,22760,36.75,0,
g14996,518,34.75,0,
g14997,2901,42.61,0,
g14998,8965,36.85,0,
g14999,399,68.92,0,
g15,393,50.13,0,
g150,798,39.35,0,
g1500,4214,39.75,0,
g15000,4358,39.08,0,
g15001,8115,39.57,0,
g15002,654,39.6,0,
g15003,3870,36.74,0,
g15004,5179,36.55,0,
g15005,5733,34.97,0,
g15006,4646,35.21,0,
g15007,7775,41.26,0,
g15008,2799,44.55,0,
g15009,342,57.89,0,
g1501,40199,37.53,0,
g15010,5492,38.09,0,
g15011,51900,33.64,0,
g15012,749,33.38,0,
g15013,11421,34.94,0,
g15014,380,29.47,0,
g15015,5755,35.24,0,
g15016,7384,36.15,0,
g15017,15566,35.87,0,
g15018,7269,34.92,0,
g15019,10909,37.99,0,
g1502,15033,39.27,0,
g15020,5810,37.14,0,
g15021,8219,34.27,0,
g15022,8213,37.12,0,
g15023,17492,38.75,0,
g15024,58974,40.29,0,
g15025,14167,35.07,0,
g15026,6334,33.34,0,
g15027,2268,39.68,0,
g15028,10230,34.56,0,
g15029,13097,35.53,0,
g1503,1408,41.19,0,
g15030,984,72.05,0,
g15031,1569,32.5,0,
g15032,7804,32.47,0,
g15033,954,37.74,0,
g15034,5433,33.63,0,
g15035,21957,33.42,0,
g15036,3584,37.03,0,
g15037,38040,37.3,0,
g15038,3278,35.72,0,
g15039,12082,38.3,0,
g1504,17905,34.53,0,
g15040,3658,32.64,0,
g15041,10040,39.09,0,
g15042,378,46.03,0,
g15043,6236,32.95,0,
g15044,9412,33.26,0,
g15045,5177,31.93,0,
g15046,6632,32.77,0,
g15047,240,47.92,0,
g15048,6139,35.72,0,
g15049,232,52.16,0,
g1505,15204,38.23,0,
g15050,30687,38.39,0,
g15051,5861,37.83,0,
g15052,3941,40.37,0,
g15053,2178,37.7,0,
g15054,173,51.45,0,
g15055,216,54.17,0,
g15056,12111,34.93,0,
g15057,2843,34.79,0,
g15058,18636,39.31,0,
g15059,7730,36.77,0,
g1506,56506,36.71,0,
g15060,8625,32.96,0,
g15061,5830,30.89,0,
g15062,640,32.34,0,
g15063,24350,38.46,0,
g15064,2327,33.09,0,
g15065,16307,35.92,0,
g15066,9017,34.02,0,
g15067,5443,37.72,0,
g15068,12630,35.68,0,
g15069,20774,37.32,0,
g1507,1883,36.27,0,
g15070,13378,38.85,0,
g15071,285,52.98,0,
g15072,2272,44.28,0,
g15073,2206,43.97,0,
g15074,14732,36.49,0,
g15075,6033,40.63,0,
g15076,8789,33.96,0,
g15077,12584,32.8,0,
g15078,23755,37.97,0,
g15079,321,66.67,0,
g1508,28276,36.51,0,
g15080,225,61.33,0,
g15081,3789,37.34,0,
g15082,9837,37.46,0,
g15083,267,76.4,0,
g15084,15177,36.84,0,
g15085,8269,35.09,0,
g15086,16582,39.21,0,
g15087,53403,34.76,0,
g15088,1897,36.32,0,
g15089,8146,38.08,0,
g1509,851,62.75,0,
g15090,15102,37.32,0,
g15091,2853,42.34,0,
g15092,5710,37.25,0,
g15093,279,63.08,0,
g15094,71128,36.22,0,
g15095,4553,40.92,0,
g15096,378,50.0,0,
g15097,3660,36.64,0,
g15098,318,61.95,0,
g15099,4977,33.23,0,
g151,24655,35.75,0,
g1510,2073,44.24,0,
g15100,828,35.02,0,
g15101,1131,60.04,0,
g15102,5390,36.79,0,
g15103,6666,34.88,0,
g15104,363,31.4,0,
g15105,8042,31.88,0,
g15106,231,41.99,0,
g15107,1357,33.46,0,
g15108,1144,40.56,0,
g15109,2050,34.15,0,
g1511,897,47.27,0,
g15110,859,50.41,0,
g15111,2820,42.38,0,
g15112,973,62.69,0,
g15113,870,61.84,0,
g15114,6191,41.25,0,
g15115,2434,40.26,0,
g15116,11915,38.72,0,
g15117,3928,36.94,0,
g15118,17176,37.17,0,
g15119,702,36.89,0,
g1512,6244,38.12,0,
g15120,5016,38.82,0,
g15121,7394,34.41,0,
g15122,7810,36.93,0,
g15123,2653,30.34,0,
g15124,618,50.16,0,
g15125,49999,33.57,0,
g15126,2762,36.82,0,
g15127,3630,36.12,0,
g15128,279,60.93,0,
g15129,4552,34.31,0,
g1513,1119,32.26,0,
g15130,16388,36.37,0,
g15131,17132,36.18,0,
g15132,6848,35.41,0,
g15133,717,50.07,0,
g15134,1607,38.77,0,
g15135,15580,37.12,0,
g15136,273,60.81,0,
g15137,243,51.03,0,
g15138,636,48.43,0,
g15139,7898,35.74,0,
g1514,23492,39.89,0,
g15140,273,51.28,0,
g15141,7168,34.4,0,
g15142,2550,38.43,0,
g15143,4440,33.36,0,
g15144,2564,31.28,0,
g15145,10170,35.22,0,
g15146,294,50.34,0,
g15147,2984,36.33,0,
g15148,5248,34.89,0,
g15149,13137,35.02,0,
g1515,366,54.64,0,
g15150,4104,53.61,0,
g15151,465,71.4,0,
g15152,600,66.83,0,
g15153,18878,35.8,0,
g15154,1893,29.74,0,
g15155,26807,38.7,0,
g15156,516,40.89,0,
g15157,11794,33.94,0,
g15158,1283,48.01,0,
g15159,9759,37.99,0,
g1516,372,68.55,0,
g15160,28854,33.49,0,
g15161,309,61.49,0,
g15162,2674,40.95,0,
g15163,258,41.47,0,
g15164,5811,38.81,0,
g15165,519,51.25,0,
g15166,7196,38.05,0,
g15167,24294,34.91,0,
g15168,11590,36.64,0,
g15169,5280,33.54,0,
g1517,5434,38.13,0,
g15170,1692,29.26,0,
g15171,540,47.59,0,
g15172,669,43.35,0,
g15173,41178,37.66,0,
g15174,1377,44.88,0,
g15175,9123,34.76,0,
g15176,66029,39.16,0,
g15177,885,47.01,0,
g15178,3964,36.07,0,
g15179,12222,38.12,0,
g1518,33009,37.71,0,
g15180,3212,37.95,0,
g15181,8940,38.29,0,
g15182,41715,36.36,0,
g15183,2229,37.33,0,
g15184,13532,35.15,0,
g15185,4584,34.95,0,
g15186,14803,33.26,0,
g15187,429,40.56,0,
g15188,18783,32.34,0,
g15189,2186,36.87,0,
g1519,6710,32.65,0,
g15190,7935,39.02,0,
g15191,918,49.24,0,
g15192,2024,40.17,0,
g15193,37629,38.56,0,
g15194,3393,35.31,0,
g15195,7114,33.61,0,
g15196,333,55.26,0,
g15197,13785,41.31,0,
g15198,14086,37.58,0,
g15199,18699,38.43,0,
g152,771,54.73,0,
g1520,840,35.36,0,
g15200,1590,41.89,0,
g15201,5051,33.22,0,
g15202,9656,37.39,0,
g15203,10240,34.22,0,
g15204,5888,33.78,0,
g15205,8859,37.56,0,
g15206,4442,33.39,0,
g15207,1152,54.86,0,
g15208,9608,38.59,0,
g15209,15792,36.37,0,
g1521,2084,53.79,0,
g15210,756,29.5,0,
g15211,5871,33.4,0,
g15212,6441,35.99,0,
g15213,8098,31.34,0,
g15214,33269,35.94,0,
g15215,15081,34.14,0,
g15216,14524,37.95,0,
g15217,8154,40.09,0,
g15218,5998,34.36,0,
g15219,1567,31.33,0,
g1522,2681,39.35,0,
g15220,5352,34.3,0,
g15221,10751,39.68,0,
g15222,9012,38.77,0,
g15223,31957,37.52,0,
g15224,44497,35.77,0,
g15225,828,35.51,0,
g15226,1203,43.81,0,
g15227,6547,37.06,0,
g15228,11732,37.43,0,
g15229,7644,36.88,0,
g1523,4190,53.2,0,
g15230,486,41.15,0,
g15231,3098,35.47,0,
g15232,1191,30.65,0,
g15233,360,42.22,0,
g15234,819,34.92,0,
g15235,897,37.35,0,
g15236,5021,36.45,0,
g15237,7857,37.66,0,
g15238,672,39.58,0,
g15239,5153,38.85,0,
g1524,6828,37.95,0,
g15240,363,37.47,0,
g15241,261,63.98,0,
g15242,7758,38.5,0,
g15243,7098,36.39,0,
g15244,16578,39.91,0,
g15245,1491,36.08,0,
g15246,4182,35.92,0,
g15247,2863,32.03,0,
g15248,22746,35.4,0,
g15249,654,43.58,0,
g1525,447,38.26,0,
g15250,3880,37.01,0,
g15251,1983,29.65,0,
g15252,11901,40.09,0,
g15253,264,51.52,0,
g15254,6326,35.12,0,
g15255,14278,35.41,0,
g15256,3346,34.01,0,
g15257,1573,39.99,0,
g15258,2749,36.27,0,
g15259,633,48.18,0,
g1526,864,41.2,0,
g15260,4374,34.5,0,
g15261,324,52.16,0,
g15262,7016,36.72,0,
g15263,291,27.84,0,
g15264,4397,37.59,0,
g15265,10380,39.73,0,
g15266,6665,32.81,0,
g15267,6487,34.15,0,
g15268,6493,39.86,0,
g15269,333,55.86,0,
g1527,684,39.04,0,
g15270,67282,36.81,0,
g15271,4058,34.08,0,
g15272,41648,35.55,0,
g15273,666,38.29,0,
g15274,5546,38.77,0,
g15275,567,55.03,0,
g15276,408,54.17,0,
g15277,398,40.2,0,
g15278,10230,35.25,0,
g15279,231,60.61,0,
g1528,42172,35.36,0,
g15280,246,52.03,0,
g15281,26070,36.8,0,
g15282,94937,38.32,0,
g15283,5769,41.36,0,
g15284,6508,36.02,0,
g15285,2484,36.43,0,
g15286,270,51.85,0,
g15287,28924,35.91,0,
g15288,1235,40.0,0,
g15289,2688,43.15,0,
g1529,5016,33.85,0,
g15290,1459,38.31,0,
g15291,3871,36.63,0,
g15292,23528,39.54,0,
g15293,225,59.11,0,
g15294,507,47.93,0,
g15295,2347,41.37,0,
g15296,354,77.4,0,
g15297,318,60.69,0,
g15298,21086,37.21,0,
g15299,1392,63.79,0,
g153,1939,33.63,0,
g1530,219,64.84,0,
g15300,46537,35.77,0,
g15301,261,71.26,0,
g15302,2128,32.33,0,
g15303,10071,38.0,0,
g15304,16231,37.67,0,
g15305,7748,37.05,0,
g15306,378,52.38,0,
g15307,33005,35.71,0,
g15308,10761,37.43,0,
g15309,23891,37.58,0,
g1531,580,65.52,0,
g15310,4056,37.52,0,
g15311,5958,32.66,0,
g15312,9791,32.77,0,
g15313,51346,36.7,0,
g15314,28295,34.98,0,
g15315,1426,67.88,0,
g15316,279,62.01,0,
g15317,7163,35.42,0,
g15318,674,65.88,0,
g15319,30620,36.49,0,
g1532,369,62.87,0,
g15320,3323,35.69,0,
g15321,807,35.32,0,
g15322,4196,34.56,0,
g15323,3129,46.24,0,
g15324,7653,32.97,0,
g15325,8987,32.49,0,
g15326,699,36.62,0,
g15327,5383,30.39,0,
g15328,23697,35.64,0,
g15329,18327,39.01,0,
g1533,363,65.84,0,
g15330,423,66.67,0,
g15331,29667,39.52,0,
g15332,1639,37.28,0,
g15333,441,38.1,0,
g15334,8117,34.67,0,
g15335,1943,32.89,0,
g15336,1456,34.62,0,
g15337,3011,33.74,0,
g15338,693,39.25,0,
g15339,528,48.3,0,
g1534,318,52.2,0,
g15340,6243,37.59,0,
g15341,2498,35.99,0,
g15342,3204,36.42,0,
g15343,7054,37.45,0,
g15344,1358,32.92,0,
g15345,330,36.06,0,
g15346,408,42.65,0,
g15347,9242,35.39,0,
g15348,510,53.33,0,
g15349,225,68.89,0,
g1535,216,49.54,0,
g15350,9679,38.74,0,
g15351,738,56.64,0,
g15352,31807,37.79,0,
g15353,6885,39.75,0,
g15354,1857,46.37,0,
g15355,315,55.24,0,
g15356,330,57.27,0,
g15357,991,50.35,0,
g15358,330,69.39,0,
g15359,270,65.93,0,
g1536,264,49.62,0,
g15360,333,51.35,0,
g15361,36332,36.13,0,
g15362,573,60.56,0,
g15363,4541,31.76,0,
g15364,778,30.46,0,
g15365,403,39.95,0,
g15366,6520,35.97,0,
g15367,4240,35.78,0,
g15368,17315,40.65,0,
g15369,23297,36.0,0,
g1537,3124,38.28,0,
g15370,1539,38.92,0,
g15371,19043,34.17,0,
g15372,14764,36.74,0,
g15373,48403,33.65,0,
g15374,12122,35.93,0,
g15375,25607,33.67,0,
g15376,44494,36.48,0,
g15377,10754,39.49,0,
g15378,798,56.52,0,
g15379,264,62.5,0,
g1538,297,57.24,0,
g15380,780,67.95,0,
g15381,780,65.9,0,
g15382,1005,41.39,0,
g15383,2993,42.2,0,
g15384,4554,37.88,0,
g15385,15955,36.57,0,
g15386,1257,30.63,0,
g15387,10351,34.26,0,
g15388,3908,34.77,0,
g15389,1420,32.54,0,
g1539,8284,32.62,0,
g15390,948,35.86,0,
g15391,39366,39.19,0,
g15392,85643,39.23,0,
g15393,2098,35.03,0,
g15394,25806,36.41,0,
g15395,30022,35.57,0,
g15396,123010,36.05,0,
g15397,2046,42.33,0,
g15398,11935,34.52,0,
g15399,4505,46.04,0,
g154,14671,35.48,0,
g1540,4805,34.65,0,
g15400,9341,34.45,0,
g15401,384,29.69,0,
g15402,10354,35.83,0,
g15403,12053,35.23,0,
g15404,43053,35.41,0,
g15405,989,40.55,0,
g15406,80507,36.83,0,
g15407,11478,32.47,0,
g15408,3027,33.89,0,
g15409,7903,35.53,0,
g1541,18972,35.65,0,
g15410,5799,43.59,0,
g15411,770,45.19,0,
g15412,237,56.54,0,
g15413,35580,37.79,0,
g15414,307,37.46,0,
g15415,11962,34.59,0,
g15416,5527,33.31,0,
g15417,28337,36.94,0,
g15418,1296,51.77,0,
g15419,17992,34.57,0,
g1542,10070,35.82,0,
g15420,12193,43.25,0,
g15421,5276,33.78,0,
g15422,5357,38.75,0,
g15423,749,39.52,0,
g15424,16092,33.56,0,
g15425,5388,38.66,0,
g15426,24447,39.09,0,
g15427,8151,36.65,0,
g15428,2817,34.19,0,
g15429,324,53.7,0,
g1543,16434,35.68,0,
g15430,306,52.94,0,
g15431,12244,41.7,0,
g15432,374,60.43,0,
g15433,318,72.33,0,
g15434,24735,40.16,0,
g15435,11425,36.24,0,
g15436,2289,49.28,0,
g15437,38511,37.8,0,
g15438,8780,41.25,0,
g15439,12814,34.71,0,
g1544,291,68.04,0,
g15440,628,45.06,0,
g15441,14641,38.77,0,
g15442,13009,34.65,0,
g15443,9117,42.06,0,
g15444,6146,38.58,0,
g15445,35452,37.72,0,
g15446,3747,36.88,0,
g15447,17843,35.48,0,
g15448,10253,34.77,0,
g15449,7065,34.99,0,
g1545,142247,35.43,0,
g15450,33134,36.03,0,
g15451,2656,36.3,0,
g15452,616,47.89,0,
g15453,3773,33.87,0,
g15454,1689,42.27,0,
g15455,7930,36.53,0,
g15456,6964,31.15,0,
g15457,420,55.48,0,
g15458,14263,36.88,0,
g15459,3320,41.57,0,
g1546,522,40.42,0,
g15460,54610,36.25,0,
g15461,1729,28.69,0,
g15462,306,33.01,0,
g15463,4324,37.21,0,
g15464,10645,36.48,0,
g15465,14114,35.6,0,
g15466,24505,35.34,0,
g15467,320,61.25,0,
g15468,3356,43.8,0,
g15469,240,55.0,0,
g1547,1640,37.8,0,
g15470,2133,34.65,0,
g15471,255,60.78,0,
g15472,3853,36.8,0,
g15473,663,34.84,0,
g15474,2359,35.91,0,
g15475,35679,37.35,0,
g15476,222,64.86,0,
g15477,609,70.94,0,
g15478,355,67.61,0,
g15479,5070,37.83,0,
g1548,1794,33.78,0,
g15480,744,57.8,0,
g15481,222,58.56,0,
g15482,4985,36.15,0,
g15483,3524,40.21,0,
g15484,3131,40.15,0,
g15485,2817,39.76,0,
g15486,270,57.41,0,
g15487,21725,41.83,0,
g15488,258,52.33,0,
g15489,312,50.0,0,
g1549,231,58.01,0,
g15490,9209,41.84,0,
g15491,354,44.07,0,
g15492,423,41.37,0,
g15493,3797,39.32,0,
g15494,4639,37.06,0,
g15495,261,59.0,0,
g15496,4030,38.64,0,
g15497,6031,34.26,0,
g15498,9220,33.52,0,
g15499,414,67.87,0,
g155,7876,36.06,0,
g1550,33746,33.31,0,
g15500,3872,31.97,0,
g15501,3815,36.46,0,
g15502,516,57.17,0,
g15503,17457,36.67,0,
g15504,11538,50.93,0,
g15505,6052,45.62,0,
g15506,15167,42.57,0,
g15507,3289,45.42,0,
g15508,22480,34.7,0,
g15509,1713,37.19,0,
g1551,2467,33.44,0,
g15510,12594,31.67,0,
g15511,14071,35.66,0,
g15512,243,69.96,0,
g15513,10328,37.08,0,
g15514,309,59.22,0,
g15515,921,37.35,0,
g15516,1219,34.13,0,
g15517,1152,64.32,0,
g15518,252,59.13,0,
g15519,43935,36.49,0,
g1552,2663,33.95,0,
g15520,4219,31.62,0,
g15521,669,37.52,0,
g15522,6046,34.35,0,
g15523,21179,39.46,0,
g15524,1256,38.3,0,
g15525,9109,35.13,0,
g15526,3260,42.42,0,
g15527,534,35.58,0,
g15528,882,43.99,0,
g15529,318,38.05,0,
g1553,478,35.98,0,
g15530,8864,38.75,0,
g15531,1646,40.04,0,
g15532,3571,37.75,0,
g15533,10986,35.62,0,
g15534,5603,43.44,0,
g15535,1337,36.35,0,
g15536,273,39.93,0,
g15537,14316,37.76,0,
g15538,11294,33.03,0,
g15539,3113,31.87,0,
g1554,2608,38.46,0,
g15540,3184,41.46,0,
g15541,28520,37.56,0,
g15542,13949,33.43,0,
g15543,285,46.67,0,
g15544,7377,33.21,0,
g15545,306,58.82,0,
g15546,213,61.97,0,
g15547,1259,60.84,0,
g15548,15704,39.16,0,
g15549,753,52.99,0,
g1555,1145,46.11,0,
g15550,2988,39.06,0,
g15551,13716,35.96,0,
g15552,6932,34.88,0,
g15553,609,42.53,0,
g15554,2937,39.87,0,
g15555,2920,45.31,0,
g15556,4531,40.04,0,
g15557,1179,49.02,0,
g15558,1059,45.61,0,
g15559,1026,46.98,0,
g1556,9226,32.55,0,
g15560,5003,38.34,0,
g15561,1380,44.49,0,
g15562,714,49.86,0,
g15563,7758,35.72,0,
g15564,8247,35.84,0,
g15565,19177,35.33,0,
g15566,7765,34.77,0,
g15567,14845,34.91,0,
g15568,663,34.99,0,
g15569,2629,35.95,0,
g1557,8055,34.92,0,
g15570,2024,38.88,0,
g15571,303,54.13,0,
g15572,4898,39.57,0,
g15573,1050,44.57,0,
g15574,1308,33.26,0,
g15575,9534,34.38,0,
g15576,333,56.76,0,
g15577,9829,35.87,0,
g15578,330,58.18,0,
g15579,17286,37.43,0,
g1558,4448,45.01,0,
g15580,4326,35.64,0,
g15581,69241,35.59,0,
g15582,738,56.5,0,
g15583,73634,35.37,0,
g15584,390,36.41,0,
g15585,3664,36.14,0,
g15586,53988,36.33,0,
g15587,1241,41.74,0,
g15588,4257,35.82,0,
g15589,10693,36.84,0,
g1559,8681,36.48,0,
g15590,300,65.67,0,
g15591,1445,37.3,0,
g15592,6656,37.5,0,
g15593,1265,35.49,0,
g15594,10138,33.59,0,
g15595,21326,37.38,0,
g15596,11979,34.34,0,
g15597,2022,37.98,0,
g15598,6917,35.17,0,
g15599,10648,34.03,0,
g156,28100,37.12,0,
g1560,24187,36.55,0,
g15600,5176,33.56,0,
g15601,2540,33.46,0,
g15602,1613,44.51,0,
g15603,8200,34.44,0,
g15604,8523,34.44,0,
g15605,474,37.34,0,
g15606,1318,40.9,0,
g15607,348,55.46,0,
g15608,9018,32.93,0,
g15609,1498,45.33,0,
g1561,667,40.78,0,
g15610,35454,35.69,0,
g15611,32046,38.31,0,
g15612,7144,39.92,0,
g15613,456,50.44,0,
g15614,11414,38.44,0,
g15615,7033,33.57,0,
g15616,3331,38.82,0,
g15617,378,44.71,0,
g15618,3242,37.54,0,
g15619,6125,34.99,0,
g1562,3833,39.84,0,
g15620,70409,36.51,0,
g15621,7123,32.22,0,
g15622,50300,37.47,0,
g15623,8387,46.72,0,
g15624,408,43.38,0,
g15625,7533,32.39,0,
g15626,10345,39.02,0,
g15627,17459,37.03,0,
g15628,6134,32.16,0,
g15629,3628,31.53,0,
g1563,2235,34.5,0,
g15630,1257,41.69,0,
g15631,6080,39.06,0,
g15632,166125,36.9,0,
g15633,14017,33.41,0,
g15634,1764,37.81,0,
g15635,3142,39.24,0,
g15636,8388,35.54,0,
g15637,16591,35.06,0,
g15638,666,36.49,0,
g15639,1976,37.45,0,
g1564,3558,39.15,0,
g15640,366,57.1,0,
g15641,13620,39.88,0,
g15642,7458,39.29,0,
g15643,765,52.81,0,
g15644,780,52.31,0,
g15645,762,48.43,0,
g15646,4472,35.11,0,
g15647,2943,36.43,0,
g15648,48303,35.26,0,
g15649,249,78.31,0,
g1565,5015,42.87,0,
g15650,18981,38.74,0,
g15651,499,29.46,0,
g15652,3010,36.74,0,
g15653,11433,36.19,0,
g15654,9660,37.26,0,
g15655,644,55.12,0,
g15656,572,34.97,0,
g15657,19544,32.99,0,
g15658,6688,34.52,0,
g15659,5256,40.03,0,
g1566,5146,38.96,0,
g15660,324,63.27,0,
g15661,390,38.97,0,
g15662,6571,38.65,0,
g15663,889,30.37,0,
g15664,2406,32.38,0,
g15665,6582,31.34,0,
g15666,604,45.7,0,
g15667,14231,39.6,0,
g15668,9128,33.4,0,
g15669,566,44.35,0,
g1567,619,36.35,0,
g15670,24627,34.03,0,
g15671,2162,40.19,0,
g15672,1168,45.55,0,
g15673,351,57.55,0,
g15674,27596,33.82,0,
g15675,8649,39.21,0,
g15676,300,53.67,0,
g15677,37645,36.19,0,
g15678,6973,38.33,0,
g15679,309,53.4,0,
g1568,42179,38.03,0,
g15680,3687,36.13,0,
g15681,2902,39.59,0,
g15682,1551,48.36,0,
g15683,5768,35.44,0,
g15684,2511,33.41,0,
g15685,4045,37.75,0,
g15686,5183,38.28,0,
g15687,19846,32.37,0,
g15688,3131,38.87,0,
g15689,7637,35.69,0,
g1569,7667,34.6,0,
g15690,5120,36.74,0,
g15691,300,44.33,0,
g15692,31961,37.3,0,
g15693,4213,32.23,0,
g15694,11642,30.77,0,
g15695,989,29.83,0,
g15696,401,36.16,0,
g15697,507,37.48,0,
g15698,354,38.98,0,
g15699,830,39.04,0,
g157,42060,35.31,0,
g1570,705,57.3,0,
g15700,1365,41.03,0,
g15701,388,39.18,0,
g15702,9192,31.3,0,
g15703,780,41.15,0,
g15704,3106,34.61,0,
g15705,9528,34.04,0,
g15706,5795,37.27,0,
g15707,24287,35.74,0,
g15708,3634,33.82,0,
g15709,24242,38.4,0,
g1571,9156,35.65,0,
g15710,22456,34.24,0,
g15711,759,55.34,0,
g15712,5747,36.38,0,
g15713,730,36.03,0,
g15714,327,61.77,0,
g15715,15759,37.62,0,
g15716,150715,36.39,0,
g15717,15527,34.48,0,
g15718,11298,34.14,0,
g15719,11983,33.23,0,
g1572,1207,44.99,0,
g15720,8204,33.39,0,
g15721,985,57.46,0,
g15722,735,54.69,0,
g15723,795,64.03,0,
g15724,24054,38.72,0,
g15725,990,34.85,0,
g15726,501,47.11,0,
g15727,10508,33.3,0,
g15728,246,45.53,0,
g15729,2356,34.72,0,
g1573,414,56.04,0,
g15730,21695,34.57,0,
g15731,6343,33.61,0,
g15732,16498,35.25,0,
g15733,8006,37.01,0,
g15734,8158,35.16,0,
g15735,237,50.63,0,
g15736,7337,36.45,0,
g15737,34624,38.14,0,
g15738,13376,32.02,0,
g15739,315,71.11,0,
g1574,303,47.52,0,
g15740,2138,35.97,0,
g15741,29920,38.03,0,
g15742,4034,33.74,0,
g15743,2719,31.81,0,
g15744,873,32.53,0,
g15745,1935,30.65,0,
g15746,357,35.57,0,
g15747,3022,33.06,0,
g15748,2973,34.04,0,
g15749,17976,38.9,0,
g1575,249,63.45,0,
g15750,4553,36.04,0,
g15751,5372,44.58,0,
g15752,640,54.69,0,
g15753,225,57.33,0,
g15754,804,53.86,0,
g15755,11289,36.55,0,
g15756,2931,33.78,0,
g15757,27630,37.46,0,
g15758,23479,35.6,0,
g15759,2671,31.94,0,
g1576,45545,38.27,0,
g15760,8395,38.93,0,
g15761,4504,36.21,0,
g15762,46524,35.72,0,
g15763,17743,36.8,0,
g15764,51082,35.9,0,
g15765,34724,36.61,0,
g15766,5673,30.39,0,
g15767,1997,34.9,0,
g15768,231,36.36,0,
g15769,2271,34.43,0,
g1577,12798,37.79,0,
g15770,4251,34.46,0,
g15771,240,48.75,0,
g15772,23002,37.01,0,
g15773,6676,36.28,0,
g15774,1459,36.33,0,
g15775,5768,35.11,0,
g15776,4624,37.44,0,
g15777,949,35.3,0,
g15778,621,34.78,0,
g15779,2695,36.96,0,
g1578,240,60.42,0,
g15780,2559,35.64,0,
g15781,785,61.15,0,
g15782,1499,31.09,0,
g15783,2799,30.8,0,
g15784,21448,38.93,0,
g15785,12223,34.71,0,
g15786,1414,43.42,0,
g15787,2396,34.43,0,
g15788,3482,34.81,0,
g15789,2608,35.58,0,
g1579,2178,35.17,0,
g15790,842,35.99,0,
g15791,4887,37.49,0,
g15792,8218,38.57,0,
g15793,702,60.54,0,
g15794,465,64.3,0,
g15795,363,63.09,0,
g15796,345,61.45,0,
g15797,294,69.39,0,
g15798,8562,31.96,0,
g15799,84475,35.28,0,
g158,4747,33.28,0,
g1580,15151,36.8,0,
g15800,3323,47.67,0,
g15801,67049,36.67,0,
g15802,56845,35.99,0,
g15803,243,47.33,0,
g15804,1339,44.73,0,
g15805,33123,37.11,0,
g15806,4926,34.47,0,
g15807,609,33.5,0,
g15808,3705,33.68,0,
g15809,2884,33.81,0,
g1581,4608,47.16,0,
g15810,12637,33.69,0,
g15811,7588,38.11,0,
g15812,5234,38.92,0,
g15813,2172,38.49,0,
g15814,2050,32.93,0,
g15815,4956,37.05,0,
g15816,13759,34.9,0,
g15817,1703,36.17,0,
g15818,3853,39.14,0,
g15819,4070,47.89,0,
g1582,5818,34.81,0,
g15820,303,59.41,0,
g15821,1462,41.11,0,
g15822,44598,38.43,0,
g15823,36642,39.8,0,
g15824,5733,36.26,0,
g15825,18255,38.08,0,
g15826,20805,38.98,0,
g15827,225,59.56,0,
g15828,12478,32.18,0,
g15829,87747,35.16,0,
g1583,7004,33.65,0,
g15830,3475,35.91,0,
g15831,6362,40.16,0,
g15832,23530,36.23,0,
g15833,7949,37.9,0,
g15834,2887,33.88,0,
g15835,5987,35.74,0,
g15836,294,63.27,0,
g15837,264,56.44,0,
g15838,26553,35.72,0,
g15839,315,73.02,0,
g1584,4040,38.96,0,
g15840,1839,55.19,0,
g15841,6250,32.77,0,
g15842,3683,32.72,0,
g15843,1769,28.83,0,
g15844,6670,37.23,0,
g15845,1910,36.65,0,
g15846,26850,38.95,0,
g15847,12113,31.86,0,
g15848,7893,32.89,0,
g15849,12479,36.28,0,
g1585,1951,30.34,0,
g15850,13287,32.97,0,
g15851,17835,36.43,0,
g15852,10929,35.63,0,
g15853,25610,36.71,0,
g15854,9504,37.55,0,
g15855,2300,38.22,0,
g15856,10214,41.26,0,
g15857,2703,37.22,0,
g15858,145516,36.72,0,
g15859,12918,38.51,0,
g1586,3760,32.13,0,
g15860,639,29.58,0,
g15861,886,45.26,0,
g15862,886,45.26,0,
g15863,39974,36.28,0,
g15864,1470,38.1,0,
g15865,6599,31.64,0,
g15866,9055,33.09,0,
g15867,7914,33.69,0,
g15868,1580,29.56,0,
g15869,7441,35.25,0,
g1587,22705,36.17,0,
g15870,15540,33.93,0,
g15871,38625,34.56,0,
g15872,13340,33.9,0,
g15873,26480,35.72,0,
g15874,1017,33.33,0,
g15875,23440,36.22,0,
g15876,261,46.36,0,
g15877,7583,37.95,0,
g15878,11788,36.86,0,
g15879,12927,35.8,0,
g1588,315,53.33,0,
g15880,18264,35.81,0,
g15881,26689,36.65,0,
g15882,2487,58.83,0,
g15883,489,53.78,0,
g15884,7113,40.76,0,
g15885,360,63.89,0,
g15886,4185,36.97,0,
g15887,777,55.47,0,
g15888,399,51.88,0,
g15889,267,65.54,0,
g1589,10886,33.44,0,
g15890,783,53.51,0,
g15891,20183,41.05,0,
g15892,110235,35.85,0,
g15893,231,51.08,0,
g15894,288,50.69,0,
g15895,1346,56.24,0,
g15896,2995,54.06,0,
g15897,21027,34.87,0,
g15898,6969,33.78,0,
g15899,3272,38.23,0,
g159,408,36.27,0,
g1590,3477,40.93,0,
g15900,2436,36.0,0,
g15901,363,41.05,0,
g15902,207,46.86,0,
g15903,300,53.67,0,
g15904,1095,43.11,0,
g15905,291,52.23,0,
g15906,5502,46.56,0,
g15907,1179,45.29,0,
g15908,14364,37.21,0,
g15909,29278,37.36,0,
g1591,13114,37.07,0,
g15910,6025,35.17,0,
g15911,13563,31.98,0,
g15912,1275,33.25,0,
g15913,546,44.69,0,
g15914,504,43.85,0,
g15915,354,49.72,0,
g15916,10415,44.83,0,
g15917,318,77.04,0,
g15918,1199,53.04,0,
g15919,62584,36.11,0,
g1592,9212,38.5,0,
g15920,6274,33.74,0,
g15921,5680,33.19,0,
g15922,18144,34.33,0,
g15923,9893,34.28,0,
g15924,11203,33.46,0,
g15925,42564,34.93,0,
g15926,4479,35.54,0,
g15927,14173,38.88,0,
g15928,312,55.77,0,
g15929,553,52.62,0,
g1593,1601,39.35,0,
g15930,390,50.0,0,
g15931,654,58.1,0,
g15932,1124,67.08,0,
g15933,6187,34.12,0,
g15934,342,69.88,0,
g15935,27628,37.04,0,
g15936,345,39.42,0,
g15937,31457,34.22,0,
g15938,621,36.71,0,
g15939,4790,51.63,0,
g1594,16186,38.89,0,
g15940,69540,37.2,0,
g15941,23967,36.39,0,
g15942,5920,43.12,0,
g15943,21925,40.66,0,
g15944,288,44.44,0,
g15945,3782,30.04,0,
g15946,1846,29.85,0,
g15947,4001,40.99,0,
g15948,252,52.78,0,
g15949,5910,39.54,0,
g1595,234,53.42,0,
g15950,201,55.22,0,
g15951,5904,39.19,0,
g15952,318,65.09,0,
g15953,8716,35.76,0,
g15954,4141,56.63,0,
g15955,381,53.54,0,
g15956,4425,34.33,0,
g15957,15380,35.01,0,
g15958,34325,35.35,0,
g15959,1023,45.75,0,
g1596,809,30.28,0,
g15960,8475,32.25,0,
g15961,22554,34.38,0,
g15962,33051,33.54,0,
g15963,5813,33.65,0,
g15964,282,42.55,0,
g15965,41077,37.43,0,
g15966,4091,32.93,0,
g15967,16160,32.56,0,
g15968,5888,36.41,0,
g15969,6813,35.36,0,
g1597,837,42.29,0,
g15970,3105,37.46,0,
g15971,2910,33.68,0,
g15972,1581,43.77,0,
g15973,837,43.37,0,
g15974,405,51.36,0,
g15975,6943,33.49,0,
g15976,279,53.41,0,
g15977,14876,40.86,0,
g15978,6980,34.84,0,
g15979,2797,37.47,0,
g1598,19760,32.61,0,
g15980,11952,34.98,0,
g15981,7019,33.61,0,
g15982,11171,35.42,0,
g15983,3360,34.32,0,
g15984,2827,35.3,0,
g15985,16495,31.71,0,
g15986,7448,36.33,0,
g15987,45772,34.5,0,
g15988,20244,35.81,0,
g15989,22458,34.13,0,
g1599,9912,39.0,0,
g15990,459,45.53,0,
g15991,129565,35.95,0,
g15992,81774,36.93,0,
g15993,927,36.57,0,
g15994,1680,33.69,0,
g15995,6310,39.62,0,
g15996,7563,37.88,0,
g15997,1011,42.63,0,
g15998,654,32.11,0,
g15999,7947,42.24,0,
g16,57725,37.5,0,
g160,729,68.18,0,
g1600,10695,35.19,0,
g16000,6649,35.61,0,
g16001,42658,35.14,0,
g16002,5502,46.58,0,
g16003,2967,33.64,0,
g16004,2417,32.31,0,
g16005,3375,37.93,0,
g16006,38257,35.76,0,
g16007,285,55.09,0,
g16008,57843,37.8,0,
g16009,953,43.76,0,
g1601,24233,35.8,0,
g16010,17048,36.06,0,
g16011,2150,44.88,0,
g16012,351,59.83,0,
g16013,300,49.0,0,
g16014,504,39.09,0,
g16015,10276,42.31,0,
g16016,10330,34.81,0,
g16017,173079,37.48,0,
g16018,19489,35.46,0,
g16019,1357,55.27,0,
g1602,9911,40.12,0,
g16020,792,50.51,0,
g16021,978,44.07,0,
g16022,3336,44.45,0,
g16023,2547,38.48,0,
g16024,375,43.47,0,
g16025,3685,45.35,0,
g16026,951,40.17,0,
g16027,5361,38.15,0,
g16028,22389,35.33,0,
g16029,1819,40.63,0,
g1603,925,38.7,0,
g16030,10112,32.37,0,
g16031,27832,39.61,0,
g16032,2267,43.1,0,
g16033,3354,39.77,0,
g16034,1208,51.9,0,
g16035,22936,37.27,0,
g16036,18169,40.17,0,
g16037,3191,37.48,0,
g16038,1089,47.47,0,
g16039,423,58.87,0,
g1604,747,47.79,0,
g16040,46734,36.05,0,
g16041,13559,38.14,0,
g16042,2704,36.43,0,
g16043,17778,40.02,0,
g16044,6524,39.79,0,
g16045,7672,36.97,0,
g16046,7044,41.55,0,
g16047,11522,39.63,0,
g16048,5580,51.47,0,
g16049,17322,35.15,0,
g1605,26560,38.25,0,
g16050,3196,31.1,0,
g16051,4225,31.67,0,
g16052,23552,35.03,0,
g16053,6817,45.74,0,
g16054,4692,39.73,0,
g16055,87840,35.68,0,
g16056,500,31.4,0,
g16057,7293,36.84,0,
g16058,1527,49.64,0,
g16059,9929,33.86,0,
g1606,387,64.86,0,
g16060,2371,39.77,0,
g16061,4518,39.51,0,
g16062,15238,35.22,0,
g16063,139745,36.57,0,
g16064,545,68.62,0,
g16065,72818,37.19,0,
g16066,270,53.33,0,
g16067,977,51.38,0,
g16068,306,56.54,0,
g16069,3662,33.15,0,
g1607,16547,37.51,0,
g16070,1875,33.92,0,
g16071,13331,38.2,0,
g16072,54160,35.45,0,
g16073,16077,36.13,0,
g16074,10912,35.91,0,
g16075,6616,38.53,0,
g16076,7793,39.66,0,
g16077,345,70.14,0,
g16078,255,62.35,0,
g16079,10447,38.85,0,
g1608,938,36.89,0,
g16080,7466,43.46,0,
g16081,345,55.94,0,
g16082,6445,34.37,0,
g16083,403,53.85,0,
g16084,869,58.23,0,
g16085,5982,40.3,0,
g16086,31071,37.67,0,
g16087,2863,36.33,0,
g16088,801,42.32,0,
g16089,1656,41.18,0,
g1609,1061,30.82,0,
g16090,2209,36.71,0,
g16091,43505,35.99,0,
g16092,1369,30.53,0,
g16093,1146,34.47,0,
g16094,2023,35.89,0,
g16095,715,40.42,0,
g16096,8834,34.33,0,
g16097,1090,35.6,0,
g16098,104150,36.31,0,
g16099,2298,35.81,0,
g161,7960,36.9,0,
g1610,1110,30.72,0,
g16100,4621,37.31,0,
g16101,9224,36.98,0,
g16102,2742,38.91,0,
g16103,9066,34.95,0,
g16104,12047,38.95,0,
g16105,1314,44.29,0,
g16106,15460,35.01,0,
g16107,20820,34.57,0,
g16108,1550,33.55,0,
g16109,5100,38.04,0,
g1611,8695,35.28,0,
g16110,4442,35.68,0,
g16111,6018,35.06,0,
g16112,22154,35.58,0,
g16113,21246,34.26,0,
g16114,9255,37.28,0,
g16115,28259,35.08,0,
g16116,48203,36.66,0,
g16117,3144,39.44,0,
g16118,1375,39.05,0,
g16119,1401,36.76,0,
g1612,17919,34.13,0,
g16120,6594,32.51,0,
g16121,5624,35.9,0,
g16122,6263,37.52,0,
g16123,279,58.42,0,
g16124,8686,41.15,0,
g16125,13774,38.84,0,
g16126,2095,30.5,0,
g16127,40787,33.21,0,
g16128,27273,40.33,0,
g16129,11728,35.73,0,
g1613,23285,38.4,0,
g16130,23134,38.08,0,
g16131,3947,34.41,0,
g16132,2220,33.65,0,
g16133,808,35.02,0,
g16134,1195,34.64,0,
g16135,31368,35.65,0,
g16136,11549,32.06,0,
g16137,12173,32.7,0,
g16138,6178,41.78,0,
g16139,479,32.57,0,
g1614,34983,35.64,0,
g16140,126657,37.16,0,
g16141,13601,36.26,0,
g16142,3991,34.83,0,
g16143,5994,33.17,0,
g16144,567,44.09,0,
g16145,4944,39.46,0,
g16146,1861,34.82,0,
g16147,717,49.65,0,
g16148,11673,40.38,0,
g16149,458,42.58,0,
g1615,22470,34.52,0,
g16150,3105,37.46,0,
g16151,936,40.38,0,
g16152,1507,40.48,0,
g16153,1203,34.91,0,
g16154,14175,35.6,0,
g16155,8812,31.91,0,
g16156,38097,38.42,0,
g16157,240,55.42,0,
g16158,12551,33.84,0,
g16159,5968,39.59,0,
g1616,2519,38.51,0,
g16160,869,57.88,0,
g16161,1866,39.71,0,
g16162,591,52.62,0,
g16163,15244,38.18,0,
g16164,5123,30.06,0,
g16165,15669,40.65,0,
g16166,10948,36.59,0,
g16167,6672,33.68,0,
g16168,6422,31.53,0,
g16169,26676,33.79,0,
g1617,1170,37.26,0,
g16170,22030,35.73,0,
g16171,246,65.04,0,
g16172,240,56.25,0,
g16173,315,59.68,0,
g16174,21040,38.96,0,
g16175,261,68.2,0,
g16176,26961,35.74,0,
g16177,18085,33.56,0,
g16178,393,37.66,0,
g16179,63425,35.88,0,
g1618,246,43.09,0,
g16180,1504,49.14,0,
g16181,23356,34.94,0,
g16182,315,41.59,0,
g16183,2356,36.38,0,
g16184,1828,42.01,0,
g16185,8335,39.56,0,
g16186,4731,40.65,0,
g16187,1234,49.76,0,
g16188,11387,42.15,0,
g16189,35846,37.07,0,
g1619,6270,36.27,0,
g16190,303,65.68,0,
g16191,56182,36.21,0,
g16192,38684,37.98,0,
g16193,453,68.65,0,
g16194,11617,36.73,0,
g16195,279,60.22,0,
g16196,297,36.03,0,
g16197,2891,37.5,0,
g16198,279,54.84,0,
g16199,6040,41.24,0,
g162,6978,33.46,0,
g1620,38893,35.55,0,
g16200,50242,34.79,0,
g16201,10053,33.34,0,
g16202,15133,33.77,0,
g16203,8792,35.6,0,
g16204,27216,40.88,0,
g16205,4271,34.16,0,
g16206,14319,34.27,0,
g16207,465,34.62,0,
g16208,11106,38.85,0,
g16209,37937,37.47,0,
g1621,498,49.2,0,
g16210,276,51.09,0,
g16211,56175,36.26,0,
g16212,678,51.62,0,
g16213,19551,34.98,0,
g16214,54229,33.76,0,
g16215,2238,39.1,0,
g16216,13881,32.71,0,
g16217,10310,34.85,0,
g16218,78705,37.87,0,
g16219,267,66.29,0,
g1622,9404,32.87,0,
g16220,231,67.97,0,
g16221,14150,36.35,0,
g16222,294,54.76,0,
g16223,1733,49.39,0,
g16224,6238,35.22,0,
g16225,288,46.53,0,
g16226,49859,40.16,0,
g16227,9800,38.73,0,
g16228,1824,51.1,0,
g16229,7640,36.86,0,
g1623,357,37.25,0,
g16230,12925,35.18,0,
g16231,32888,37.99,0,
g16232,9901,33.13,0,
g16233,1099,34.94,0,
g16234,12412,33.27,0,
g16235,30285,36.78,0,
g16236,8790,31.93,0,
g16237,32966,36.12,0,
g16238,1235,47.53,0,
g16239,918,48.04,0,
g1624,206,58.74,0,
g16240,1200,41.33,0,
g16241,1290,35.81,0,
g16242,1290,36.36,0,
g16243,1263,35.87,0,
g16244,1113,37.56,0,
g16245,1272,38.44,0,
g16246,834,62.83,0,
g16247,3774,46.21,0,
g16248,1399,35.03,0,
g16249,2240,44.69,0,
g1625,25936,34.99,0,
g16250,2124,34.56,0,
g16251,366,44.26,0,
g16252,252,50.79,0,
g16253,2145,41.91,0,
g16254,735,43.95,0,
g16255,2124,36.49,0,
g16256,1656,38.77,0,
g16257,19596,34.51,0,
g16258,37214,35.35,0,
g16259,11092,37.83,0,
g1626,17104,42.06,0,
g16260,7317,36.56,0,
g16261,47448,36.22,0,
g16262,333,48.35,0,
g16263,24116,43.99,0,
g16264,216,63.89,0,
g16265,10438,39.57,0,
g16266,27651,36.66,0,
g16267,10580,39.38,0,
g16268,396,62.12,0,
g16269,24118,36.84,0,
g1627,3581,37.5,0,
g16270,11228,33.5,0,
g16271,2943,34.11,0,
g16272,135815,37.11,0,
g16273,2223,44.44,0,
g16274,3863,40.46,0,
g16275,10151,36.13,0,
g16276,11990,34.31,0,
g16277,22775,34.91,0,
g16278,8175,37.09,0,
g16279,74752,37.89,0,
g1628,3867,42.46,0,
g16280,17243,36.13,0,
g16281,4445,34.85,0,
g16282,6393,34.82,0,
g16283,12519,34.95,0,
g16284,943,38.6,0,
g16285,11252,39.01,0,
g16286,37505,35.69,0,
g16287,324,53.09,0,
g16288,4901,38.05,0,
g16289,13054,35.87,0,
g1629,6416,36.36,0,
g16290,8686,37.13,0,
g16291,13683,35.5,0,
g16292,7732,34.32,0,
g16293,30028,36.09,0,
g16294,1536,39.52,0,
g16295,3446,34.3,0,
g16296,15204,35.48,0,
g16297,21070,35.06,0,
g16298,27113,36.75,0,
g16299,60901,35.32,0,
g163,54005,37.17,0,
g1630,1719,35.83,0,
g16300,26364,38.0,0,
g16301,12676,40.3,0,
g16302,15145,42.27,0,
g16303,1017,39.33,0,
g16304,234,40.17,0,
g16305,540,39.26,0,
g16306,27070,36.28,0,
g16307,586,47.44,0,
g16308,2358,36.47,0,
g16309,855,39.06,0,
g1631,429,39.16,0,
g16310,828,70.05,0,
g16311,801,50.06,0,
g16312,5078,32.22,0,
g16313,10011,33.37,0,
g16314,297,46.13,0,
g16315,75300,38.11,0,
g16316,267,57.68,0,
g16317,351,62.96,0,
g16318,2970,32.02,0,
g16319,46241,36.85,0,
g1632,14060,39.07,0,
g16320,33848,34.48,0,
g16321,4075,29.87,0,
g16322,54260,37.64,0,
g16323,1139,34.24,0,
g16324,38187,37.01,0,
g16325,1653,42.89,0,
g16326,20594,37.68,0,
g16327,504,37.7,0,
g16328,9214,36.12,0,
g16329,19603,33.71,0,
g1633,366,56.28,0,
g16330,4287,36.83,0,
g16331,14079,36.96,0,
g16332,21261,33.69,0,
g16333,2039,32.52,0,
g16334,7288,38.02,0,
g16335,691,57.89,0,
g16336,20646,35.92,0,
g16337,3165,35.55,0,
g16338,15058,39.51,0,
g16339,4605,40.41,0,
g1634,371,60.65,0,
g16340,6914,40.56,0,
g16341,7297,34.44,0,
g16342,234,78.21,0,
g16343,285,58.6,0,
g16344,1509,34.92,0,
g16345,6633,34.8,0,
g16346,10866,35.43,0,
g16347,12099,34.75,0,
g16348,23765,34.05,0,
g16349,4210,36.56,0,
g1635,799,47.18,0,
g16350,10594,37.1,0,
g16351,2001,39.93,0,
g16352,243,30.86,0,
g16353,228,49.56,0,
g16354,8479,35.58,0,
g16355,411,45.74,0,
g16356,4452,36.86,0,
g16357,79617,36.77,0,
g16358,1767,41.03,0,
g16359,3422,39.48,0,
g1636,828,70.05,0,
g16360,18074,39.58,0,
g16361,858,44.64,0,
g16362,12329,37.5,0,
g16363,9440,32.84,0,
g16364,1793,29.17,0,
g16365,4055,33.02,0,
g16366,6237,36.76,0,
g16367,3939,41.84,0,
g16368,417,67.63,0,
g16369,14379,38.21,0,
g1637,1719,41.13,0,
g16370,435,51.49,0,
g16371,31862,36.37,0,
g16372,15359,34.62,0,
g16373,1707,44.0,0,
g16374,1061,35.34,0,
g16375,17519,38.5,0,
g16376,9381,33.5,0,
g16377,24157,34.5,0,
g16378,18297,34.07,0,
g16379,17773,32.82,0,
g1638,243,56.38,0,
g16380,25614,38.88,0,
g16381,243,58.44,0,
g16382,300,50.0,0,
g16383,402,44.03,0,
g16384,122927,36.01,0,
g16385,2584,33.01,0,
g16386,18298,33.62,0,
g16387,8900,33.34,0,
g16388,3211,34.1,0,
g16389,14614,35.49,0,
g1639,798,38.47,0,
g16390,291,54.98,0,
g16391,675,45.48,0,
g16392,675,46.67,0,
g16393,423,45.15,0,
g16394,342,46.2,0,
g16395,3044,36.96,0,
g16396,21128,34.86,0,
g16397,373,59.52,0,
g16398,1392,51.94,0,
g16399,16011,36.51,0,
g164,4723,38.05,0,
g1640,24820,38.11,0,
g16400,838,30.07,0,
g16401,819,54.33,0,
g16402,27410,35.26,0,
g16403,2416,32.24,0,
g16404,3573,34.76,0,
g16405,8432,32.39,0,
g16406,5566,36.6,0,
g16407,14137,33.02,0,
g16408,857,40.61,0,
g16409,7233,33.37,0,
g1641,3346,42.38,0,
g16410,234,55.13,0,
g16411,417,54.2,0,
g16412,10400,33.37,0,
g16413,9711,33.24,0,
g16414,1188,38.22,0,
g16415,13404,35.53,0,
g16416,2581,39.87,0,
g16417,2898,38.82,0,
g16418,11374,32.65,0,
g16419,2564,48.71,0,
g1642,10590,35.19,0,
g16420,700,50.14,0,
g16421,11059,33.71,0,
g16422,49260,36.93,0,
g16423,2648,37.39,0,
g16424,36586,40.77,0,
g16425,9101,39.8,0,
g16426,18713,35.58,0,
g16427,14782,39.67,0,
g16428,38265,36.87,0,
g16429,52557,35.75,0,
g1643,498,43.17,0,
g16430,1278,38.5,0,
g16431,11965,35.42,0,
g16432,18082,35.36,0,
g16433,20102,33.12,0,
g16434,26702,36.07,0,
g16435,6761,34.83,0,
g16436,21054,39.36,0,
g16437,20904,34.31,0,
g16438,16427,32.83,0,
g16439,2539,32.41,0,
g1644,1249,26.1,0,
g16440,591,52.28,0,
g16441,13847,36.95,0,
g16442,36848,34.45,0,
g16443,4143,31.79,0,
g16444,13376,36.46,0,
g16445,44167,39.46,0,
g16446,17315,35.26,0,
g16447,954,38.05,0,
g16448,519,52.02,0,
g16449,4305,51.94,0,
g1645,616,34.09,0,
g16450,3714,44.67,0,
g16451,33306,35.15,0,
g16452,3115,57.34,0,
g16453,5350,35.31,0,
g16454,11071,33.98,0,
g16455,1341,33.48,0,
g16456,4371,34.34,0,
g16457,12461,34.8,0,
g16458,21317,35.2,0,
g16459,432,50.23,0,
g1646,1263,36.03,0,
g16460,6979,39.81,0,
g16461,3866,37.89,0,
g16462,8505,38.78,0,
g16463,345,57.68,0,
g16464,13393,37.84,0,
g16465,6307,45.33,0,
g16466,261,55.94,0,
g16467,3895,48.22,0,
g16468,3311,48.29,0,
g16469,1192,54.78,0,
g1647,23099,34.46,0,
g16470,1317,67.27,0,
g16471,5825,36.19,0,
g16472,36310,35.27,0,
g16473,23763,38.17,0,
g16474,282,53.9,0,
g16475,273,62.64,0,
g16476,1973,37.96,0,
g16477,1881,39.13,0,
g16478,264,54.17,0,
g16479,3437,40.59,0,
g1648,339,61.06,0,
g16480,5790,35.32,0,
g16481,3872,31.22,0,
g16482,924,28.14,0,
g16483,5031,31.86,0,
g16484,10903,32.48,0,
g16485,5867,34.86,0,
g16486,1633,44.03,0,
g16487,1253,58.18,0,
g16488,25172,33.21,0,
g16489,4652,33.99,0,
g1649,75106,35.21,0,
g16490,19852,37.26,0,
g16491,52353,35.62,0,
g16492,28672,38.76,0,
g16493,8318,31.91,0,
g16494,23359,34.35,0,
g16495,240,33.33,0,
g16496,2265,49.8,0,
g16497,17003,35.27,0,
g16498,11396,35.03,0,
g16499,1401,31.98,0,
g165,2619,31.81,0,
g1650,2794,32.5,0,
g16500,381,42.52,0,
g16501,1417,33.73,0,
g16502,6753,34.73,0,
g16503,12352,35.7,0,
g16504,20260,35.83,0,
g16505,9158,36.03,0,
g16506,7883,35.42,0,
g16507,5227,35.11,0,
g16508,16391,38.66,0,
g16509,16198,40.64,0,
g1651,1675,33.07,0,
g16510,5545,36.9,0,
g16511,5424,31.32,0,
g16512,27095,37.53,0,
g16513,306,32.68,0,
g16514,2578,38.05,0,
g16515,11790,38.44,0,
g16516,44368,37.12,0,
g16517,8942,35.86,0,
g16518,5795,36.86,0,
g16519,1227,52.57,0,
g1652,44634,33.87,0,
g16520,18361,35.72,0,
g16521,10229,34.9,0,
g16522,5908,32.18,0,
g16523,10843,35.19,0,
g16524,9086,31.12,0,
g16525,19351,37.2,0,
g16526,3065,30.7,0,
g16527,1894,29.78,0,
g16528,222,59.91,0,
g16529,267,40.82,0,
g1653,936,64.53,0,
g16530,15980,37.15,0,
g16531,17334,37.51,0,
g16532,7005,41.88,0,
g16533,4419,34.96,0,
g16534,339,37.17,0,
g16535,2609,36.64,0,
g16536,4743,34.58,0,
g16537,3146,52.42,0,
g16538,27440,35.51,0,
g16539,19443,34.32,0,
g1654,98855,39.63,0,
g16540,1716,46.85,0,
g16541,23625,35.54,0,
g16542,643,47.74,0,
g16543,354,57.63,0,
g16544,264,47.73,0,
g16545,2587,47.62,0,
g16546,495,50.1,0,
g16547,336,67.26,0,
g16548,207,70.05,0,
g16549,600,46.5,0,
g1655,795,41.13,0,
g16550,819,37.12,0,
g16551,684,55.26,0,
g16552,39367,35.84,0,
g16553,1600,39.12,0,
g16554,29827,37.23,0,
g16555,2189,31.7,0,
g16556,4166,32.62,0,
g16557,2647,33.47,0,
g16558,9571,31.53,0,
g16559,4136,27.9,0,
g1656,795,41.64,0,
g16560,1931,33.09,0,
g16561,3608,34.53,0,
g16562,26500,33.46,0,
g16563,36353,38.1,0,
g16564,10334,38.34,0,
g16565,9379,38.42,0,
g16566,813,43.67,0,
g16567,19902,39.71,0,
g16568,369,36.59,0,
g16569,6650,39.53,0,
g1657,26618,34.35,0,
g16570,2045,43.72,0,
g16571,3313,36.64,0,
g16572,6722,39.57,0,
g16573,57120,36.25,0,
g16574,11389,35.38,0,
g16575,1666,32.65,0,
g16576,10582,35.01,0,
g16577,16107,37.96,0,
g16578,7624,38.37,0,
g16579,6910,33.55,0,
g1658,21368,35.61,0,
g16580,2201,37.16,0,
g16581,19786,35.6,0,
g16582,4392,36.98,0,
g16583,2751,41.04,0,
g16584,74734,33.64,0,
g16585,19114,35.91,0,
g16586,14854,36.04,0,
g16587,4441,42.94,0,
g16588,424,49.53,0,
g16589,219,57.53,0,
g1659,16881,36.94,0,
g16590,339,59.0,0,
g16591,3788,35.8,0,
g16592,1213,36.44,0,
g16593,3198,36.62,0,
g16594,462,75.32,0,
g16595,354,70.34,0,
g16596,5650,33.59,0,
g16597,441,64.17,0,
g16598,15493,35.34,0,
g16599,2882,34.39,0,
g166,11079,34.52,0,
g1660,2582,38.69,0,
g16600,881,36.66,0,
g16601,10560,35.11,0,
g16602,5000,34.08,0,
g16603,22395,35.42,0,
g16604,7466,30.61,0,
g16605,58624,37.05,0,
g16606,7491,38.87,0,
g16607,24259,39.96,0,
g16608,29549,37.5,0,
g16609,1965,44.53,0,
g1661,35573,41.05,0,
g16610,19999,40.05,0,
g16611,5585,39.07,0,
g16612,10981,40.19,0,
g16613,4441,37.47,0,
g16614,6743,42.37,0,
g16615,4657,34.03,0,
g16616,28288,37.46,0,
g16617,3188,35.73,0,
g16618,19767,37.37,0,
g16619,450,34.22,0,
g1662,25561,38.4,0,
g16620,447,55.48,0,
g16621,12883,33.28,0,
g16622,243,61.73,0,
g16623,318,33.96,0,
g16624,4275,36.87,0,
g16625,30352,37.37,0,
g16626,180969,35.55,0,
g16627,6185,45.0,0,
g16628,2875,45.7,0,
g16629,246,65.85,0,
g1663,5108,32.97,0,
g16630,291,54.98,0,
g16631,15786,38.55,0,
g16632,278,45.68,0,
g16633,1277,41.27,0,
g16634,970,39.9,0,
g16635,2264,46.69,0,
g16636,22805,37.11,0,
g16637,3929,38.89,0,
g16638,1247,40.82,0,
g16639,282,59.93,0,
g1664,5485,34.97,0,
g16640,36835,39.31,0,
g16641,4638,32.69,0,
g16642,378,39.95,0,
g16643,1926,30.94,0,
g16644,1801,35.92,0,
g16645,225,53.33,0,
g16646,13038,39.21,0,
g16647,4203,45.63,0,
g16648,4176,36.49,0,
g16649,10969,37.97,0,
g1665,4959,33.66,0,
g16650,1036,40.44,0,
g16651,1982,38.04,0,
g16652,6608,47.31,0,
g16653,381,70.08,0,
g16654,1615,27.93,0,
g16655,3561,32.97,0,
g16656,366,59.56,0,
g16657,4009,48.72,0,
g16658,611,42.88,0,
g16659,2225,28.72,0,
g1666,8711,40.6,0,
g16660,32871,35.01,0,
g16661,5247,38.27,0,
g16662,3455,37.83,0,
g16663,270,35.19,0,
g16664,1859,37.39,0,
g16665,3461,39.41,0,
g16666,216,58.33,0,
g16667,1112,33.0,0,
g16668,3242,34.61,0,
g16669,1953,34.0,0,
g1667,1341,63.98,0,
g16670,597,42.04,0,
g16671,17330,33.31,0,
g16672,6880,30.71,0,
g16673,5099,36.44,0,
g16674,67155,37.54,0,
g16675,210,64.76,0,
g16676,324,63.89,0,
g16677,1130,57.96,0,
g16678,2958,37.53,0,
g16679,369,61.79,0,
g1668,6325,36.41,0,
g16680,216,68.52,0,
g16681,2881,41.9,0,
g16682,1888,37.76,0,
g16683,231,54.98,0,
g16684,382,56.28,0,
g16685,3577,39.5,0,
g16686,11911,37.15,0,
g16687,3314,35.76,0,
g16688,4451,33.97,0,
g16689,1485,35.62,0,
g1669,561,55.26,0,
g16690,11340,33.2,0,
g16691,40781,36.67,0,
g16692,29450,38.0,0,
g16693,3958,37.67,0,
g16694,13581,33.14,0,
g16695,19853,33.06,0,
g16696,3729,30.6,0,
g16697,7090,33.03,0,
g16698,2300,39.04,0,
g16699,3916,42.98,0,
g167,5114,32.4,0,
g1670,103165,38.06,0,
g16700,7577,37.4,0,
g16701,3578,39.88,0,
g16702,5863,37.78,0,
g16703,950,35.16,0,
g16704,5387,32.62,0,
g16705,13504,32.13,0,
g16706,18414,37.73,0,
g16707,1539,38.92,0,
g16708,9383,33.98,0,
g16709,49444,35.85,0,
g1671,357,39.78,0,
g16710,2751,32.68,0,
g16711,1239,68.36,0,
g16712,6514,36.44,0,
g16713,4412,35.45,0,
g16714,6235,36.52,0,
g16715,9562,34.52,0,
g16716,11596,34.23,0,
g16717,15075,40.86,0,
g16718,43318,35.77,0,
g16719,14836,36.54,0,
g1672,5307,33.24,0,
g16720,8168,35.28,0,
g16721,477,57.65,0,
g16722,8331,33.53,0,
g16723,252,61.11,0,
g16724,9095,41.14,0,
g16725,14956,32.88,0,
g16726,30787,35.15,0,
g16727,13666,39.05,0,
g16728,25511,33.35,0,
g16729,1225,30.2,0,
g1673,34037,37.04,0,
g16730,5616,32.23,0,
g16731,2732,42.83,0,
g16732,381,56.43,0,
g16733,228,55.7,0,
g16734,8910,37.51,0,
g16735,5101,30.23,0,
g16736,5114,33.5,0,
g16737,73591,36.65,0,
g16738,852,39.2,0,
g16739,3129,41.1,0,
g1674,11934,36.22,0,
g16740,15278,36.02,0,
g16741,14285,38.87,0,
g16742,19255,38.37,0,
g16743,12459,36.99,0,
g16744,20629,33.66,0,
g16745,403,33.25,0,
g16746,21619,33.68,0,
g16747,20048,35.21,0,
g16748,11310,33.96,0,
g16749,479,38.41,0,
g1675,789,49.94,0,
g16750,2460,39.31,0,
g16751,1589,39.46,0,
g16752,43543,37.52,0,
g16753,41594,40.41,0,
g16754,28129,36.22,0,
g16755,20664,36.36,0,
g16756,4421,33.3,0,
g16757,79039,37.62,0,
g16758,558,53.05,0,
g16759,11397,34.12,0,
g1676,36220,38.11,0,
g16760,3954,35.86,0,
g16761,285,63.16,0,
g16762,255,61.96,0,
g16763,3957,37.4,0,
g16764,282,50.0,0,
g16765,414,60.63,0,
g16766,4045,41.88,0,
g16767,234,75.64,0,
g16768,2038,42.15,0,
g16769,288,64.58,0,
g1677,45725,38.49,0,
g16770,11154,38.91,0,
g16771,698,52.44,0,
g16772,7798,35.62,0,
g16773,11127,38.12,0,
g16774,6986,39.64,0,
g16775,491,49.69,0,
g16776,55702,37.71,0,
g16777,318,43.4,0,
g16778,219,60.27,0,
g16779,5803,39.62,0,
g1678,10177,33.74,0,
g16780,1239,47.54,0,
g16781,2526,36.62,0,
g16782,10485,36.64,0,
g16783,633,55.13,0,
g16784,13895,38.74,0,
g16785,4836,32.36,0,
g16786,52632,36.06,0,
g16787,18252,40.2,0,
g16788,3020,37.15,0,
g16789,53641,36.08,0,
g1679,312,36.22,0,
g16790,3561,32.6,0,
g16791,1648,31.92,0,
g16792,489,33.74,0,
g16793,4762,33.22,0,
g16794,16991,35.3,0,
g16795,1387,38.14,0,
g16796,1413,41.26,0,
g16797,1278,43.35,0,
g16798,6549,37.41,0,
g16799,7887,37.76,0,
g168,12326,39.57,0,
g1680,1941,36.84,0,
g16800,1404,40.53,0,
g16801,11452,37.07,0,
g16802,31387,37.32,0,
g16803,363,66.94,0,
g16804,24594,38.44,0,
g16805,339,60.77,0,
g16806,1155,39.83,0,
g16807,13061,38.94,0,
g16808,16523,35.99,0,
g16809,5468,30.65,0,
g1681,4158,33.45,0,
g16810,2123,28.92,0,
g16811,31167,36.86,0,
g16812,8228,47.69,0,
g16813,99728,37.5,0,
g16814,69380,37.84,0,
g16815,23951,36.13,0,
g16816,8957,35.89,0,
g16817,231,64.94,0,
g16818,1200,36.33,0,
g16819,432,47.45,0,
g1682,30711,37.13,0,
g16820,5884,36.17,0,
g16821,6106,31.51,0,
g16822,10085,32.64,0,
g16823,603,42.62,0,
g16824,3201,32.46,0,
g16825,20386,37.08,0,
g16826,438,50.0,0,
g16827,15420,37.52,0,
g16828,6812,35.33,0,
g16829,6051,34.06,0,
g1683,2393,38.15,0,
g16830,20736,35.38,0,
g16831,17332,33.32,0,
g16832,41291,34.63,0,
g16833,8036,32.86,0,
g16834,11867,39.39,0,
g16835,1284,34.89,0,
g16836,6178,35.03,0,
g16837,6494,35.69,0,
g16838,816,33.58,0,
g16839,85725,35.77,0,
g1684,753,39.97,0,
g16840,19667,36.08,0,
g16841,1559,38.1,0,
g16842,422,40.28,0,
g16843,12993,38.93,0,
g16844,17630,39.43,0,
g16845,1142,55.52,0,
g16846,160459,36.21,0,
g16847,15185,32.83,0,
g16848,4695,42.34,0,
g16849,21491,36.07,0,
g1685,12821,38.67,0,
g16850,2459,33.75,0,
g16851,3303,33.88,0,
g16852,3809,36.83,0,
g16853,4427,37.79,0,
g16854,3452,37.83,0,
g16855,318,62.26,0,
g16856,842,30.05,0,
g16857,294,59.18,0,
g16858,2338,35.89,0,
g16859,8343,36.22,0,
g1686,351,39.32,0,
g16860,18180,35.59,0,
g16861,12207,36.63,0,
g16862,6134,37.64,0,
g16863,159523,36.61,0,
g16864,4263,38.07,0,
g16865,7584,34.26,0,
g16866,11992,36.07,0,
g16867,729,36.21,0,
g16868,3170,39.43,0,
g16869,336,41.37,0,
g1687,37719,40.5,0,
g16870,31455,35.91,0,
g16871,1086,64.64,0,
g16872,19941,34.93,0,
g16873,246,58.54,0,
g16874,213,54.93,0,
g16875,1274,41.6,0,
g16876,11978,36.57,0,
g16877,3934,34.93,0,
g16878,231,48.92,0,
g16879,36123,35.96,0,
g1688,5431,32.83,0,
g16880,3876,41.38,0,
g16881,25785,35.14,0,
g16882,2515,32.29,0,
g16883,12074,36.43,0,
g16884,1933,38.23,0,
g16885,39291,37.29,0,
g16886,4371,30.68,0,
g16887,21067,37.58,0,
g16888,11665,34.41,0,
g16889,4146,38.4,0,
g1689,6718,42.66,0,
g16890,9458,36.48,0,
g16891,723,41.63,0,
g16892,222,66.67,0,
g16893,1176,70.32,0,
g16894,945,53.02,0,
g16895,16010,39.89,0,
g16896,25320,34.2,0,
g16897,6571,35.49,0,
g16898,3687,31.57,0,
g16899,11838,33.61,0,
g169,16242,32.36,0,
g1690,19664,38.43,0,
g16900,381,30.45,0,
g16901,6754,34.31,0,
g16902,408,62.99,0,
g16903,5789,36.0,0,
g16904,1335,42.55,0,
g16905,327,59.94,0,
g16906,231,54.11,0,
g16907,300,65.33,0,
g16908,255,50.59,0,
g16909,1857,63.65,0,
g1691,7387,48.04,0,
g16910,30614,34.57,0,
g16911,1220,36.31,0,
g16912,7421,36.63,0,
g16913,20282,36.7,0,
g16914,222,66.67,0,
g16915,22752,38.55,0,
g16916,16611,32.21,0,
g16917,1221,33.91,0,
g16918,7049,40.02,0,
g16919,576,41.15,0,
g1692,381,65.88,0,
g16920,219,64.84,0,
g16921,26575,35.61,0,
g16922,1022,41.49,0,
g16923,1094,43.24,0,
g16924,1223,48.65,0,
g16925,324,49.38,0,
g16926,8226,35.7,0,
g16927,8852,36.85,0,
g16928,1041,32.95,0,
g16929,22013,36.13,0,
g1693,202568,37.16,0,
g16930,22790,35.91,0,
g16931,24143,34.96,0,
g16932,15468,37.4,0,
g16933,28030,37.25,0,
g16934,11960,31.72,0,
g16935,970,42.16,0,
g16936,2825,40.42,0,
g16937,13888,36.78,0,
g16938,2471,37.19,0,
g16939,26153,34.54,0,
g1694,267,57.3,0,
g16940,390,52.31,0,
g16941,5419,31.56,0,
g16942,1272,39.62,0,
g16943,5362,33.05,0,
g16944,10850,32.77,0,
g16945,1606,67.31,0,
g16946,58491,39.55,0,
g16947,1107,45.17,0,
g16948,396,29.04,0,
g16949,7715,36.71,0,
g1695,303,47.19,0,
g16950,757,31.18,0,
g16951,240,55.83,0,
g16952,620,45.48,0,
g16953,2672,26.53,0,
g16954,5175,46.11,0,
g16955,1283,30.32,0,
g16956,4855,31.02,0,
g16957,375,49.6,0,
g16958,32995,36.17,0,
g16959,102561,37.05,0,
g1696,5633,38.19,0,
g16960,16108,33.91,0,
g16961,43447,37.12,0,
g16962,13538,33.88,0,
g16963,42595,35.79,0,
g16964,11701,33.17,0,
g16965,3307,36.01,0,
g16966,9851,37.91,0,
g16967,2074,41.9,0,
g16968,3885,33.28,0,
g16969,7957,35.34,0,
g1697,807,36.8,0,
g16970,62513,35.38,0,
g16971,5231,36.65,0,
g16972,2701,35.25,0,
g16973,14568,40.69,0,
g16974,16507,42.42,0,
g16975,324,40.12,0,
g16976,21980,35.3,0,
g16977,270,37.41,0,
g16978,7034,34.25,0,
g16979,6149,37.55,0,
g1698,3308,30.89,0,
g16980,2057,33.88,0,
g16981,6560,38.57,0,
g16982,23799,32.48,0,
g16983,5881,33.45,0,
g16984,6685,33.58,0,
g16985,3643,34.09,0,
g16986,611,43.54,0,
g16987,435,50.57,0,
g16988,9253,37.7,0,
g16989,18454,36.26,0,
g1699,300,40.33,0,
g16990,557,40.39,0,
g16991,501,40.52,0,
g16992,1473,41.68,0,
g16993,10332,37.82,0,
g16994,1290,51.4,0,
g16995,8315,34.96,0,
g16996,5502,46.56,0,
g16997,7361,35.13,0,
g16998,2028,48.27,0,
g16999,498,49.0,0,
g17,288,43.4,0,
g170,44885,34.83,0,
g1700,1905,38.48,0,
g17000,213,48.83,0,
g17001,3408,34.86,0,
g17002,4355,33.07,0,
g17003,414,44.69,0,
g17004,9826,37.67,0,
g17005,465,40.22,0,
g17006,1205,33.11,0,
g17007,15277,36.85,0,
g17008,7084,38.78,0,
g17009,207,59.9,0,
g1701,1366,37.26,0,
g17010,2458,34.99,0,
g17011,700,58.43,0,
g17012,2167,53.16,0,
g17013,6813,35.7,0,
g17014,36318,35.38,0,
g17015,19313,34.68,0,
g17016,2469,39.49,0,
g17017,333,55.26,0,
g17018,4993,33.01,0,
g17019,2734,44.04,0,
g1702,2559,35.68,0,
g17020,17158,37.07,0,
g17021,270,51.48,0,
g17022,73974,37.72,0,
g17023,249,66.67,0,
g17024,2243,33.79,0,
g17025,324,48.15,0,
g17026,12072,37.95,0,
g17027,396,40.4,0,
g17028,13114,35.36,0,
g17029,387,36.43,0,
g1703,2534,34.93,0,
g17030,53301,37.4,0,
g17031,11706,34.32,0,
g17032,12511,34.35,0,
g17033,26422,34.51,0,
g17034,17018,39.41,0,
g17035,2036,33.15,0,
g17036,16697,37.62,0,
g17037,11679,34.97,0,
g17038,23403,36.42,0,
g17039,11360,32.48,0,
g1704,4707,35.14,0,
g17040,20436,36.48,0,
g17041,15367,33.24,0,
g17042,14410,38.44,0,
g17043,504,51.19,0,
g17044,441,62.13,0,
g17045,1302,48.85,0,
g17046,696,48.56,0,
g17047,3572,40.15,0,
g17048,351,60.68,0,
g17049,249,58.63,0,
g1705,12589,34.95,0,
g17050,390,63.08,0,
g17051,2587,39.78,0,
g17052,824,56.92,0,
g17053,525,67.62,0,
g17054,1260,40.56,0,
g17055,1292,40.71,0,
g17056,905,37.57,0,
g17057,318,58.49,0,
g17058,342,52.63,0,
g17059,5061,38.45,0,
g1706,24668,33.36,0,
g17060,11236,40.91,0,
g17061,9203,32.89,0,
g17062,3783,30.66,0,
g17063,5014,34.46,0,
g17064,363,58.68,0,
g17065,629,30.84,0,
g17066,1845,32.79,0,
g17067,28298,36.2,0,
g17068,4266,31.13,0,
g17069,6107,34.8,0,
g1707,1953,39.58,0,
g17070,19567,36.9,0,
g17071,381,63.25,0,
g17072,201,39.8,0,
g17073,39679,34.63,0,
g17074,360,63.89,0,
g17075,40675,35.24,0,
g17076,9706,41.08,0,
g17077,678,79.65,0,
g17078,240,70.0,0,
g17079,6545,35.39,0,
g1708,8240,33.12,0,
g17080,4033,34.84,0,
g17081,8818,39.69,0,
g17082,10731,36.79,0,
g17083,879,40.73,0,
g17084,321,50.47,0,
g17085,1425,51.02,0,
g17086,7299,36.92,0,
g17087,357,65.83,0,
g17088,2314,38.2,0,
g17089,831,38.27,0,
g1709,5608,34.72,0,
g17090,522,63.41,0,
g17091,9238,35.91,0,
g17092,3201,37.71,0,
g17093,2146,31.36,0,
g17094,2650,31.36,0,
g17095,3622,37.49,0,
g17096,525,37.71,0,
g17097,3447,38.32,0,
g17098,2417,35.66,0,
g17099,330,58.18,0,
g171,45351,35.67,0,
g1710,240,42.92,0,
g17100,1168,51.28,0,
g17101,1692,38.71,0,
g17102,681,33.77,0,
g17103,4615,43.01,0,
g17104,444,65.77,0,
g17105,3579,34.45,0,
g17106,929,50.16,0,
g17107,3737,38.4,0,
g17108,252,67.86,0,
g17109,2935,44.12,0,
g1711,26472,35.63,0,
g17110,4880,38.95,0,
g17111,1584,48.23,0,
g17112,342,64.91,0,
g17113,1184,34.04,0,
g17114,5968,39.21,0,
g17115,360,58.61,0,
g17116,3413,46.35,0,
g17117,16758,39.85,0,
g17118,2514,42.68,0,
g17119,25832,38.21,0,
g1712,15782,31.03,0,
g17120,10042,39.67,0,
g17121,17801,34.87,0,
g17122,471,56.05,0,
g17123,417,53.96,0,
g17124,10428,37.01,0,
g17125,83385,36.72,0,
g17126,22512,37.91,0,
g17127,3577,32.9,0,
g17128,14655,36.57,0,
g17129,21575,38.22,0,
g1713,3364,34.1,0,
g17130,19044,39.68,0,
g17131,228,77.19,0,
g17132,522,45.79,0,
g17133,37364,38.0,0,
g17134,12608,36.91,0,
g17135,22242,36.94,0,
g17136,9319,34.92,0,
g17137,1418,48.66,0,
g17138,4826,33.24,0,
g17139,76051,36.52,0,
g1714,53004,36.28,0,
g17140,29856,35.02,0,
g17141,45586,36.52,0,
g17142,9126,36.89,0,
g17143,1999,35.82,0,
g17144,3449,37.72,0,
g17145,1565,27.8,0,
g17146,17356,36.32,0,
g17147,6172,38.42,0,
g17148,3692,30.66,0,
g17149,13368,41.04,0,
g1715,913,35.6,0,
g17150,6199,33.38,0,
g17151,9257,34.07,0,
g17152,4612,32.96,0,
g17153,1671,36.33,0,
g17154,12035,33.18,0,
g17155,1007,50.05,0,
g17156,4287,42.34,0,
g17157,9831,36.58,0,
g17158,354,55.93,0,
g17159,7226,34.57,0,
g1716,48913,37.84,0,
g17160,216,64.35,0,
g17161,4724,43.63,0,
g17162,559,58.86,0,
g17163,2707,44.22,0,
g17164,6418,32.56,0,
g17165,4485,37.46,0,
g17166,36368,36.71,0,
g17167,1054,72.77,0,
g17168,50171,36.35,0,
g17169,10311,31.39,0,
g1717,339,52.21,0,
g17170,60662,34.76,0,
g17171,4024,33.15,0,
g17172,8504,32.86,0,
g17173,5429,31.48,0,
g17174,288,57.64,0,
g17175,3177,33.59,0,
g17176,285,37.89,0,
g17177,1259,60.68,0,
g17178,3598,37.49,0,
g17179,5387,35.7,0,
g1718,438,39.73,0,
g17180,1017,51.82,0,
g17181,1434,66.46,0,
g17182,4596,37.84,0,
g17183,1209,39.29,0,
g17184,312,46.79,0,
g17185,6229,34.98,0,
g17186,10587,32.42,0,
g17187,24230,38.42,0,
g17188,9082,34.85,0,
g17189,3023,34.97,0,
g1719,23738,40.99,0,
g17190,5673,32.68,0,
g17191,8796,33.96,0,
g17192,57339,37.81,0,
g17193,10760,35.32,0,
g17194,25380,36.19,0,
g17195,2249,32.73,0,
g17196,12810,36.16,0,
g17197,6292,41.64,0,
g17198,37770,36.52,0,
g17199,3150,43.56,0,
g172,13609,36.75,0,
g1720,66700,36.11,0,
g17200,8359,34.72,0,
g17201,22605,35.12,0,
g17202,27887,35.71,0,
g17203,70497,34.2,0,
g17204,4841,34.48,0,
g17205,6294,37.94,0,
g17206,2488,34.2,0,
g17207,16642,36.07,0,
g17208,243,60.91,0,
g17209,1602,40.32,0,
g1721,10123,36.08,0,
g17210,6367,38.28,0,
g17211,18516,37.82,0,
g17212,1567,33.44,0,
g17213,1038,49.04,0,
g17214,7884,34.87,0,
g17215,1308,35.17,0,
g17216,6901,33.72,0,
g17217,36518,35.0,0,
g17218,12780,35.58,0,
g17219,10548,34.56,0,
g1722,5084,31.24,0,
g17220,1293,34.73,0,
g17221,1422,34.81,0,
g17222,8837,34.17,0,
g17223,600,33.67,0,
g17224,1116,41.13,0,
g17225,14043,34.35,0,
g17226,906,33.22,0,
g17227,5852,35.29,0,
g17228,7873,31.46,0,
g17229,297,38.05,0,
g1723,5473,32.61,0,
g17230,7316,33.93,0,
g17231,1519,30.88,0,
g17232,1941,37.51,0,
g17233,13324,37.08,0,
g17234,408,36.27,0,
g17235,19285,35.7,0,
g17236,1537,39.3,0,
g17237,15194,34.75,0,
g17238,1580,40.13,0,
g17239,11239,38.52,0,
g1724,16086,35.14,0,
g17240,546,44.51,0,
g17241,3943,31.37,0,
g17242,15752,35.53,0,
g17243,10613,35.98,0,
g17244,3937,33.38,0,
g17245,4851,35.23,0,
g17246,2385,38.91,0,
g17247,4975,40.52,0,
g17248,627,64.11,0,
g17249,303,59.74,0,
g1725,13924,36.7,0,
g17250,25562,37.31,0,
g17251,1624,44.58,0,
g17252,54718,39.49,0,
g17253,745,39.6,0,
g17254,252,53.17,0,
g17255,327,72.78,0,
g17256,2202,45.59,0,
g17257,24360,36.62,0,
g17258,3308,45.1,0,
g17259,5345,56.31,0,
g1726,10399,34.45,0,
g17260,276,56.16,0,
g17261,29938,33.75,0,
g17262,8525,31.7,0,
g17263,1018,39.59,0,
g17264,6124,40.79,0,
g17265,546,43.59,0,
g17266,4569,37.43,0,
g17267,6407,40.74,0,
g17268,258,56.98,0,
g17269,1272,48.51,0,
g1727,267,48.69,0,
g17270,11809,37.13,0,
g17271,441,47.17,0,
g17272,2574,65.73,0,
g17273,1620,65.56,0,
g17274,1923,65.89,0,
g17275,825,65.58,0,
g17276,18648,34.6,0,
g17277,8669,33.35,0,
g17278,36199,35.55,0,
g17279,234,52.14,0,
g1728,47564,35.32,0,
g17280,8293,34.96,0,
g17281,1973,35.73,0,
g17282,4860,31.17,0,
g17283,1779,37.72,0,
g17284,1702,37.13,0,
g17285,60347,37.59,0,
g17286,6739,33.18,0,
g17287,5570,34.15,0,
g17288,15256,33.01,0,
g17289,9654,34.18,0,
g1729,4951,32.54,0,
g17290,213,45.54,0,
g17291,32411,36.5,0,
g17292,5458,36.57,0,
g17293,33431,35.12,0,
g17294,24073,36.14,0,
g17295,5019,38.75,0,
g17296,24243,40.27,0,
g17297,2609,36.45,0,
g17298,13948,38.0,0,
g17299,10398,33.03,0,
g173,2335,35.85,0,
g1730,2337,33.59,0,
g17300,4871,34.22,0,
g17301,19983,33.31,0,
g17302,21696,33.4,0,
g17303,3997,36.65,0,
g17304,4045,37.13,0,
g17305,21878,35.93,0,
g17306,2306,33.39,0,
g17307,55981,37.23,0,
g17308,3935,35.27,0,
g17309,1368,40.35,0,
g1731,17101,35.62,0,
g17310,7514,35.01,0,
g17311,36905,34.53,0,
g17312,7969,35.05,0,
g17313,2022,43.37,0,
g17314,297,52.53,0,
g17315,5561,46.27,0,
g17316,7470,42.64,0,
g17317,52334,35.57,0,
g17318,498,56.83,0,
g17319,486,58.85,0,
g1732,3098,38.48,0,
g17320,327,51.38,0,
g17321,321,52.34,0,
g17322,357,54.9,0,
g17323,461,50.54,0,
g17324,312,56.73,0,
g17325,925,47.89,0,
g17326,570,57.19,0,
g17327,14530,38.15,0,
g17328,2238,38.11,0,
g17329,2374,35.05,0,
g1733,5207,30.73,0,
g17330,2459,34.73,0,
g17331,4404,34.4,0,
g17332,1226,40.54,0,
g17333,2202,41.1,0,
g17334,1607,38.83,0,
g17335,3146,43.26,0,
g17336,1645,40.49,0,
g17337,4504,35.06,0,
g17338,3322,38.17,0,
g17339,2848,36.41,0,
g1734,27299,36.55,0,
g17340,1398,47.28,0,
g17341,754,61.94,0,
g17342,4210,33.44,0,
g17343,1630,39.75,0,
g17344,6016,36.95,0,
g17345,294,62.59,0,
g17346,16547,37.63,0,
g17347,3015,44.01,0,
g17348,1883,38.82,0,
g17349,5816,36.54,0,
g1735,34551,36.6,0,
g17350,558,49.82,0,
g17351,3408,34.89,0,
g17352,258,41.09,0,
g17353,8296,35.6,0,
g17354,22066,34.87,0,
g17355,48721,33.87,0,
g17356,9992,32.72,0,
g17357,16142,34.22,0,
g17358,18771,39.44,0,
g17359,12051,32.63,0,
g1736,533,54.03,0,
g17360,9183,34.25,0,
g17361,14304,41.23,0,
g17362,2011,33.62,0,
g17363,17682,34.51,0,
g17364,18358,35.99,0,
g17365,282,54.26,0,
g17366,2220,65.05,0,
g17367,1835,42.07,0,
g17368,4815,37.24,0,
g17369,2158,37.03,0,
g1737,369,56.91,0,
g17370,240,52.08,0,
g17371,26681,35.91,0,
g17372,12970,38.98,0,
g17373,5421,43.39,0,
g17374,3549,36.77,0,
g17375,13725,39.14,0,
g17376,3759,34.05,0,
g17377,1042,28.31,0,
g17378,303,42.9,0,
g17379,8658,38.99,0,
g1738,2001,39.93,0,
g17380,3771,34.74,0,
g17381,1035,38.74,0,
g17382,1827,55.67,0,
g17383,2681,43.27,0,
g17384,453,72.19,0,
g17385,255,67.06,0,
g17386,3458,41.84,0,
g17387,2616,39.14,0,
g17388,3859,41.38,0,
g17389,7969,35.47,0,
g1739,318,43.4,0,
g17390,7753,40.46,0,
g17391,808,66.96,0,
g17392,561,49.38,0,
g17393,9900,35.69,0,
g17394,21010,39.54,0,
g17395,2043,38.72,0,
g17396,14470,36.92,0,
g17397,1425,37.12,0,
g17398,1425,36.98,0,
g17399,309,52.1,0,
g174,1448,34.88,0,
g1740,5021,35.55,0,
g17400,24299,41.96,0,
g17401,267,52.06,0,
g17402,603,40.13,0,
g17403,20234,38.03,0,
g17404,7002,38.76,0,
g17405,53724,37.78,0,
g17406,5187,40.58,0,
g17407,3685,33.98,0,
g17408,9507,38.06,0,
g17409,9779,35.68,0,
g1741,1403,28.87,0,
g17410,231,64.07,0,
g17411,510,47.65,0,
g17412,530,63.02,0,
g17413,735,70.34,0,
g17414,300,44.0,0,
g17415,563,36.77,0,
g17416,3208,44.79,0,
g17417,16178,38.15,0,
g17418,4437,33.29,0,
g17419,4610,38.24,0,
g1742,7207,33.08,0,
g17420,11466,35.14,0,
g17421,11984,34.25,0,
g17422,12179,39.54,0,
g17423,3630,36.61,0,
g17424,255,58.43,0,
g17425,6934,40.78,0,
g17426,61215,36.41,0,
g17427,10606,34.19,0,
g17428,2981,33.98,0,
g17429,69245,39.17,0,
g1743,8137,33.62,0,
g17430,6202,38.36,0,
g17431,3507,40.06,0,
g17432,3033,43.09,0,
g17433,4822,39.92,0,
g17434,797,64.87,0,
g17435,468,51.92,0,
g17436,477,62.05,0,
g17437,710,50.85,0,
g17438,1063,48.45,0,
g17439,3463,36.67,0,
g1744,11535,35.08,0,
g17440,43605,36.86,0,
g17441,13966,37.1,0,
g17442,1209,39.21,0,
g17443,15667,36.79,0,
g17444,4403,36.0,0,
g17445,25548,37.73,0,
g17446,11408,36.92,0,
g17447,20942,36.76,0,
g17448,20492,35.29,0,
g17449,32376,36.53,0,
g1745,3697,36.11,0,
g17450,5372,31.63,0,
g17451,21341,34.75,0,
g17452,22910,32.64,0,
g17453,21932,37.42,0,
g17454,42482,38.46,0,
g17455,306,59.48,0,
g17456,4236,41.27,0,
g17457,7673,40.44,0,
g17458,315,59.37,0,
g17459,309,56.63,0,
g1746,38624,35.92,0,
g17460,676,53.11,0,
g17461,2617,34.47,0,
g17462,1101,28.97,0,
g17463,2905,30.6,0,
g17464,33512,34.1,0,
g17465,33467,33.99,0,
g17466,29205,37.75,0,
g17467,22881,36.12,0,
g17468,3399,40.69,0,
g17469,8840,35.53,0,
g1747,61105,35.93,0,
g17470,33384,36.18,0,
g17471,4373,30.37,0,
g17472,10146,31.17,0,
g17473,16112,35.61,0,
g17474,3817,34.29,0,
g17475,11631,35.05,0,
g17476,7798,34.88,0,
g17477,2953,35.69,0,
g17478,8318,39.17,0,
g17479,7790,39.58,0,
g1748,279,41.58,0,
g17480,1156,39.88,0,
g17481,399,36.09,0,
g17482,777,45.17,0,
g17483,27077,36.53,0,
g17484,38008,37.12,0,
g17485,38836,36.52,0,
g17486,22463,35.73,0,
g17487,11587,36.13,0,
g17488,24162,39.48,0,
g17489,394,40.36,0,
g1749,26313,36.54,0,
g17490,41721,40.95,0,
g17491,1232,34.25,0,
g17492,3306,39.08,0,
g17493,4442,34.78,0,
g17494,7930,42.99,0,
g17495,411,51.09,0,
g17496,8556,33.88,0,
g17497,15764,36.07,0,
g17498,10258,37.02,0,
g17499,3301,31.05,0,
g175,830,39.52,0,
g1750,1149,65.97,0,
g17500,3015,32.01,0,
g17501,9273,35.32,0,
g17502,14741,34.99,0,
g17503,738,39.7,0,
g17504,23329,35.6,0,
g17505,4110,37.52,0,
g17506,1422,36.57,0,
g17507,414,41.06,0,
g17508,406,50.49,0,
g17509,1306,37.75,0,
g1751,8093,37.96,0,
g17510,22810,38.0,0,
g17511,12930,36.64,0,
g17512,11611,38.98,0,
g17513,17601,34.8,0,
g17514,4494,34.67,0,
g17515,6005,52.24,0,
g17516,6063,37.34,0,
g17517,6605,36.21,0,
g17518,13507,37.03,0,
g17519,12125,37.37,0,
g1752,9205,37.99,0,
g17520,27396,33.98,0,
g17521,7592,34.04,0,
g17522,11250,37.02,0,
g17523,1294,36.24,0,
g17524,2687,33.27,0,
g17525,2048,39.99,0,
g17526,4493,44.98,0,
g17527,1875,39.89,0,
g17528,3510,34.62,0,
g17529,3574,36.51,0,
g1753,18862,35.68,0,
g17530,14597,37.17,0,
g17531,13691,36.09,0,
g17532,342,63.16,0,
g17533,22137,35.8,0,
g17534,2112,39.73,0,
g17535,2203,40.94,0,
g17536,2295,33.64,0,
g17537,2207,31.63,0,
g17538,23443,41.35,0,
g17539,2597,36.04,0,
g1754,649,55.01,0,
g17540,1712,35.63,0,
g17541,8517,35.61,0,
g17542,447,42.95,0,
g17543,1897,41.8,0,
g17544,729,74.76,0,
g17545,753,57.24,0,
g17546,267,47.94,0,
g17547,1820,31.98,0,
g17548,10699,33.4,0,
g17549,480,50.42,0,
g1755,252,63.49,0,
g17550,1218,42.45,0,
g17551,6939,34.28,0,
g17552,6595,33.83,0,
g17553,1685,27.0,0,
g17554,7690,40.12,0,
g17555,31544,36.9,0,
g17556,243,56.79,0,
g17557,38040,36.42,0,
g17558,4285,35.5,0,
g17559,240,57.08,0,
g1756,7016,35.56,0,
g17560,10864,35.04,0,
g17561,128080,37.22,0,
g17562,25689,37.32,0,
g17563,7587,39.38,0,
g17564,3531,44.49,0,
g17565,1464,58.2,0,
g17566,402,65.67,0,
g17567,748,56.15,0,
g17568,60421,36.59,0,
g17569,11350,35.87,0,
g1757,25390,45.71,0,
g17570,9000,37.49,0,
g17571,5342,36.56,0,
g17572,14161,35.47,0,
g17573,1014,28.21,0,
g17574,28699,34.75,0,
g17575,7564,36.7,0,
g17576,1912,34.62,0,
g17577,1675,41.31,0,
g17578,182,67.03,0,
g17579,4566,55.72,0,
g1758,50291,35.8,0,
g17580,24019,36.86,0,
g17581,1629,40.88,0,
g17582,18904,34.39,0,
g17583,133998,35.98,0,
g17584,6056,36.79,0,
g17585,894,48.55,0,
g17586,13764,39.52,0,
g17587,5721,35.68,0,
g17588,342,42.69,0,
g17589,555,51.17,0,
g1759,1733,42.76,0,
g17590,57603,35.86,0,
g17591,3344,37.08,0,
g17592,6601,38.95,0,
g17593,6838,36.43,0,
g17594,31408,36.03,0,
g17595,438,59.82,0,
g17596,201,54.23,0,
g17597,5963,39.39,0,
g17598,3510,39.63,0,
g17599,38231,34.89,0,
g176,1382,33.36,0,
g1760,2065,55.25,0,
g17600,512,48.05,0,
g17601,14244,36.24,0,
g17602,15957,36.64,0,
g17603,40200,39.26,0,
g17604,49273,38.61,0,
g17605,300,47.0,0,
g17606,294,58.16,0,
g17607,285,54.39,0,
g17608,66379,37.29,0,
g17609,21596,33.9,0,
g1761,633,62.56,0,
g17610,8151,36.33,0,
g17611,16206,33.89,0,
g17612,2453,33.96,0,
g17613,4677,41.22,0,
g17614,4809,38.62,0,
g17615,510,61.37,0,
g17616,35239,36.89,0,
g17617,1401,34.48,0,
g17618,22957,38.08,0,
g17619,15573,44.41,0,
g1762,720,63.75,0,
g17620,1145,54.41,0,
g17621,20005,38.05,0,
g17622,7769,39.94,0,
g17623,1946,33.61,0,
g17624,522,33.52,0,
g17625,618,52.75,0,
g17626,3845,45.12,0,
g17627,692,27.89,0,
g17628,19059,34.89,0,
g17629,36453,36.01,0,
g1763,255,67.84,0,
g17630,50181,35.52,0,
g17631,258,57.75,0,
g17632,21002,34.73,0,
g17633,1227,45.07,0,
g17634,9990,36.42,0,
g17635,5397,38.24,0,
g17636,5296,35.88,0,
g17637,171537,36.76,0,
g17638,14606,33.91,0,
g17639,8104,32.82,0,
g1764,357,66.11,0,
g17640,29267,33.83,0,
g17641,628,31.69,0,
g17642,3492,35.05,0,
g17643,110784,36.27,0,
g17644,366,60.93,0,
g17645,291,64.26,0,
g17646,1146,40.31,0,
g17647,318,33.33,0,
g17648,25720,37.55,0,
g17649,6717,32.23,0,
g1765,29791,32.57,0,
g17650,432,67.36,0,
g17651,1524,53.41,0,
g17652,2808,33.73,0,
g17653,15781,33.33,0,
g17654,8740,37.6,0,
g17655,5806,35.96,0,
g17656,1395,34.48,0,
g17657,11191,32.3,0,
g17658,4844,34.23,0,
g17659,5747,36.45,0,
g1766,1966,40.54,0,
g17660,3839,36.7,0,
g17661,12456,34.12,0,
g17662,9415,33.84,0,
g17663,1972,44.68,0,
g17664,5661,34.02,0,
g17665,1661,32.63,0,
g17666,24131,34.51,0,
g17667,5497,35.66,0,
g17668,9255,54.25,0,
g17669,420,58.1,0,
g1767,1474,50.0,0,
g17670,279,50.54,0,
g17671,3174,40.52,0,
g17672,412,53.64,0,
g17673,74616,36.45,0,
g17674,2482,34.25,0,
g17675,1380,33.41,0,
g17676,6859,36.89,0,
g17677,783,36.91,0,
g17678,9063,34.93,0,
g17679,11446,33.3,0,
g1768,1437,49.27,0,
g17680,4826,40.74,0,
g17681,11366,33.88,0,
g17682,4848,41.3,0,
g17683,1608,41.73,0,
g17684,4594,54.79,0,
g17685,46146,35.92,0,
g17686,3124,38.28,0,
g17687,3511,37.34,0,
g17688,62562,36.35,0,
g17689,2258,42.38,0,
g1769,6362,33.64,0,
g17690,2484,36.51,0,
g17691,11913,36.65,0,
g17692,4965,34.04,0,
g17693,44108,37.78,0,
g17694,11340,33.96,0,
g17695,11127,36.9,0,
g17696,22301,40.42,0,
g17697,10903,51.44,0,
g17698,1787,49.41,0,
g17699,342,72.51,0,
g177,1533,32.55,0,
g1770,834,62.11,0,
g17700,37689,36.45,0,
g17701,240,71.25,0,
g17702,503,52.49,0,
g17703,5724,36.88,0,
g17704,2490,37.07,0,
g17705,330,50.91,0,
g17706,19152,38.53,0,
g17707,3133,29.91,0,
g17708,8093,32.97,0,
g17709,2768,34.54,0,
g1771,43974,39.04,0,
g17710,13436,69.25,0,
g17711,35988,35.41,0,
g17712,1122,36.72,0,
g17713,4138,32.87,0,
g17714,5222,38.4,0,
g17715,1621,33.56,0,
g17716,2646,34.16,0,
g17717,8303,33.87,0,
g17718,3129,34.23,0,
g17719,8369,36.8,0,
g1772,567,33.33,0,
g17720,18926,37.58,0,
g17721,1484,39.69,0,
g17722,10918,41.04,0,
g17723,339,69.62,0,
g17724,225,52.0,0,
g17725,291,53.95,0,
g17726,9723,35.97,0,
g17727,9632,49.42,0,
g17728,1084,37.55,0,
g17729,11497,34.72,0,
g1773,4091,45.81,0,
g17730,17104,34.75,0,
g17731,12776,36.12,0,
g17732,70672,35.22,0,
g17733,9705,49.34,0,
g17734,591,47.72,0,
g17735,8835,56.46,0,
g17736,6639,36.99,0,
g17737,14246,35.03,0,
g17738,1646,30.5,0,
g17739,31772,32.6,0,
g1774,8525,39.99,0,
g17740,9558,38.61,0,
g17741,3328,32.51,0,
g17742,44818,34.75,0,
g17743,15464,36.62,0,
g17744,246,50.81,0,
g17745,1578,36.5,0,
g17746,45814,36.71,0,
g17747,324,70.06,0,
g17748,3660,36.78,0,
g17749,5304,39.2,0,
g1775,297,59.93,0,
g17750,33037,36.57,0,
g17751,18976,36.58,0,
g17752,633,64.3,0,
g17753,324,56.48,0,
g17754,28525,36.61,0,
g17755,10227,30.49,0,
g17756,297,53.2,0,
g17757,17926,35.06,0,
g17758,264,56.06,0,
g17759,4607,40.11,0,
g1776,13094,39.16,0,
g17760,2577,37.21,0,
g17761,5319,37.45,0,
g17762,2307,40.14,0,
g17763,6590,39.39,0,
g17764,47685,38.44,0,
g17765,18341,40.61,0,
g17766,1479,51.52,0,
g17767,441,44.44,0,
g17768,2270,32.38,0,
g17769,2734,39.47,0,
g1777,16491,33.53,0,
g17770,4651,36.44,0,
g17771,6627,34.36,0,
g17772,351,33.62,0,
g17773,1529,35.19,0,
g17774,16071,42.41,0,
g17775,4728,31.28,0,
g17776,14110,34.9,0,
g17777,23552,34.4,0,
g17778,89561,35.52,0,
g17779,3850,31.35,0,
g1778,6618,34.62,0,
g17780,58300,36.22,0,
g17781,13803,34.6,0,
g17782,5994,40.72,0,
g17783,5447,38.99,0,
g17784,1791,44.89,0,
g17785,17149,42.16,0,
g17786,249,59.04,0,
g17787,6271,35.32,0,
g17788,2107,37.07,0,
g17789,2318,35.59,0,
g1779,6630,34.63,0,
g17790,4514,35.36,0,
g17791,14779,38.14,0,
g17792,798,39.6,0,
g17793,1656,37.68,0,
g17794,4369,32.09,0,
g17795,5596,36.31,0,
g17796,4590,47.25,0,
g17797,8900,33.37,0,
g17798,561,57.04,0,
g17799,10184,53.92,0,
g178,9657,38.2,0,
g1780,50843,38.0,0,
g17800,4667,55.11,0,
g17801,5319,35.65,0,
g17802,11842,32.57,0,
g17803,9872,35.42,0,
g17804,10478,35.22,0,
g17805,1108,34.57,0,
g17806,1592,35.8,0,
g17807,24397,38.22,0,
g17808,15289,36.94,0,
g17809,14968,34.15,0,
g1781,707,61.39,0,
g17810,522,36.02,0,
g17811,1983,38.93,0,
g17812,8538,35.51,0,
g17813,366,49.73,0,
g17814,4652,37.7,0,
g17815,9167,35.04,0,
g17816,10755,39.01,0,
g17817,7904,35.22,0,
g17818,29047,33.34,0,
g17819,6948,34.04,0,
g1782,6787,39.28,0,
g17820,3051,32.84,0,
g17821,32968,34.86,0,
g17822,16705,36.05,0,
g17823,21007,34.3,0,
g17824,4154,33.12,0,
g17825,3708,28.86,0,
g17826,1285,40.78,0,
g17827,3063,39.5,0,
g17828,2800,32.54,0,
g17829,14333,34.83,0,
g1783,1211,44.1,0,
g17830,9065,35.74,0,
g17831,1829,38.98,0,
g17832,420,66.67,0,
g17833,52789,37.98,0,
g17834,4803,33.98,0,
g17835,95979,36.75,0,
g17836,4021,40.79,0,
g17837,3663,39.67,0,
g17838,33365,34.44,0,
g17839,8694,39.76,0,
g1784,1462,45.76,0,
g17840,2469,31.71,0,
g17841,2759,38.06,0,
g17842,494,39.47,0,
g17843,9810,37.04,0,
g17844,16299,36.68,0,
g17845,7930,35.75,0,
g17846,17858,41.0,0,
g17847,3623,39.03,0,
g17848,246,53.25,0,
g17849,1565,41.09,0,
g1785,294,62.24,0,
g17850,49085,36.05,0,
g17851,891,36.81,0,
g17852,4430,28.83,0,
g17853,17553,39.16,0,
g17854,4015,28.39,0,
g17855,2707,32.55,0,
g17856,588,36.73,0,
g17857,711,34.32,0,
g17858,15963,35.09,0,
g17859,10047,35.92,0,
g1786,27468,34.3,0,
g17860,47698,34.55,0,
g17861,222,49.55,0,
g17862,99230,36.58,0,
g17863,7741,34.98,0,
g17864,1121,44.96,0,
g17865,285,58.25,0,
g17866,8216,36.11,0,
g17867,408,41.42,0,
g17868,342,58.19,0,
g17869,417,55.64,0,
g1787,222,42.34,0,
g17870,45204,36.54,0,
g17871,21498,41.73,0,
g17872,21211,37.01,0,
g17873,1107,44.99,0,
g17874,14555,36.74,0,
g17875,61373,35.33,0,
g17876,249,44.58,0,
g17877,13754,37.2,0,
g17878,6461,37.36,0,
g17879,4201,42.68,0,
g1788,2149,43.37,0,
g17880,14847,35.12,0,
g17881,2808,40.17,0,
g17882,1051,39.77,0,
g17883,2169,33.79,0,
g17884,15871,38.88,0,
g17885,4398,33.31,0,
g17886,10454,35.48,0,
g17887,8567,42.98,0,
g17888,609,48.28,0,
g17889,282,58.87,0,
g1789,1495,43.21,0,
g17890,1630,45.03,0,
g17891,447,36.24,0,
g17892,6582,36.07,0,
g17893,348,61.21,0,
g17894,4347,33.08,0,
g17895,6795,29.65,0,
g17896,3235,35.52,0,
g17897,1274,47.65,0,
g17898,2375,36.21,0,
g17899,249,49.8,0,
g179,56279,32.82,0,
g1790,1732,44.46,0,
g17900,4423,39.66,0,
g17901,57888,33.22,0,
g17902,8849,37.43,0,
g17903,1535,34.2,0,
g17904,17690,35.62,0,
g17905,20652,36.03,0,
g17906,9125,34.27,0,
g17907,9378,37.9,0,
g17908,2476,35.78,0,
g17909,3391,31.08,0,
g1791,12451,33.48,0,
g17910,5205,31.89,0,
g17911,74310,33.34,0,
g17912,8625,33.65,0,
g17913,1637,33.41,0,
g17914,14332,35.08,0,
g17915,369,58.54,0,
g17916,13810,39.1,0,
g17917,10326,32.92,0,
g17918,5506,32.95,0,
g17919,7584,33.14,0,
g1792,2662,39.03,0,
g17920,5245,34.47,0,
g17921,32145,36.57,0,
g17922,11623,34.16,0,
g17923,5630,35.03,0,
g17924,39806,37.69,0,
g17925,669,42.9,0,
g17926,2233,29.65,0,
g17927,64548,36.16,0,
g17928,1038,38.92,0,
g17929,15086,42.11,0,
g1793,2782,39.65,0,
g17930,966,46.79,0,
g17931,21683,37.35,0,
g17932,16188,33.58,0,
g17933,5362,38.94,0,
g17934,52035,37.64,0,
g17935,36638,35.99,0,
g17936,11088,36.46,0,
g17937,4639,39.32,0,
g17938,1539,33.4,0,
g17939,26386,35.22,0,
g1794,72436,36.92,0,
g17940,219,60.27,0,
g17941,14290,35.14,0,
g17942,21808,37.26,0,
g17943,345,43.19,0,
g17944,2600,32.85,0,
g17945,9291,39.33,0,
g17946,360,51.39,0,
g17947,3633,44.23,0,
g17948,255,69.02,0,
g17949,456,51.1,0,
g1795,3737,30.51,0,
g17950,2820,41.1,0,
g17951,617,50.73,0,
g17952,209907,36.59,0,
g17953,34773,35.34,0,
g17954,9351,39.32,0,
g17955,40853,36.81,0,
g17956,7023,34.86,0,
g17957,4643,30.45,0,
g17958,2252,32.73,0,
g17959,28713,36.23,0,
g1796,18819,34.64,0,
g17960,1456,42.03,0,
g17961,2478,35.03,0,
g17962,11934,35.9,0,
g17963,18979,37.89,0,
g17964,7921,34.02,0,
g17965,5002,31.53,0,
g17966,3919,33.53,0,
g17967,4268,35.68,0,
g17968,5011,35.26,0,
g17969,3980,31.36,0,
g1797,13393,36.62,0,
g17970,1709,29.37,0,
g17971,1344,36.61,0,
g17972,408,36.76,0,
g17973,9882,35.99,0,
g17974,31480,35.2,0,
g17975,4388,33.52,0,
g17976,2083,29.57,0,
g17977,1028,42.9,0,
g17978,3128,35.97,0,
g17979,7593,37.03,0,
g1798,5369,31.35,0,
g17980,1912,43.67,0,
g17981,29117,35.66,0,
g17982,116800,37.68,0,
g17983,3023,36.59,0,
g17984,12025,36.13,0,
g17985,66727,38.15,0,
g17986,288,53.47,0,
g17987,228,67.98,0,
g17988,4467,41.08,0,
g17989,3635,35.1,0,
g1799,25721,34.8,0,
g17990,10483,34.86,0,
g17991,11775,39.48,0,
g17992,5285,34.85,0,
g17993,4887,38.53,0,
g17994,303,44.88,0,
g17995,67112,37.64,0,
g17996,11928,37.64,0,
g17997,222,55.86,0,
g17998,59539,34.7,0,
g17999,5498,35.34,0,
g18,1275,38.04,0,
g180,3242,33.0,0,
g1800,9887,32.0,0,
g18000,4515,37.32,0,
g18001,24569,33.75,0,
g18002,350,46.57,0,
g18003,71583,36.8,0,
g18004,4343,42.16,0,
g18005,2566,36.55,0,
g18006,1609,46.92,0,
g18007,1307,35.58,0,
g18008,16583,34.54,0,
g18009,15824,36.44,0,
g1801,7452,32.02,0,
g18010,3058,38.13,0,
g18011,10808,35.11,0,
g18012,261,43.3,0,
g18013,4118,33.9,0,
g18014,12571,37.21,0,
g18015,12546,38.3,0,
g18016,3941,44.2,0,
g18017,4716,34.27,0,
g18018,210,57.62,0,
g18019,3795,36.71,0,
g1802,21415,39.3,0,
g18020,7092,39.26,0,
g18021,3415,39.12,0,
g18022,25812,33.35,0,
g18023,15323,36.17,0,
g18024,9592,34.08,0,
g18025,11793,33.09,0,
g18026,8133,48.56,0,
g18027,800,33.38,0,
g18028,22379,36.96,0,
g18029,219,50.23,0,
g1803,381,52.23,0,
g18030,65486,36.17,0,
g18031,14624,35.4,0,
g18032,614,35.83,0,
g18033,2662,41.81,0,
g18034,5374,33.29,0,
g18035,4420,39.8,0,
g18036,14150,48.84,0,
g18037,25466,34.81,0,
g18038,10228,36.72,0,
g18039,84700,36.98,0,
g1804,408,44.85,0,
g18040,399,54.89,0,
g18041,4235,31.66,0,
g18042,4887,42.01,0,
g18043,27658,35.41,0,
g18044,11638,33.9,0,
g18045,4228,36.47,0,
g18046,88168,35.74,0,
g18047,13535,38.14,0,
g18048,20547,34.39,0,
g18049,1494,32.13,0,
g1805,291,66.32,0,
g18050,2305,34.36,0,
g18051,4392,34.74,0,
g18052,4577,37.19,0,
g18053,1481,35.79,0,
g18054,1116,40.77,0,
g18055,381,59.06,0,
g18056,312,60.58,0,
g18057,1669,32.89,0,
g18058,510,49.41,0,
g18059,19272,38.13,0,
g1806,264,59.85,0,
g18060,696,36.35,0,
g18061,1841,39.54,0,
g18062,2792,38.04,0,
g18063,5046,34.48,0,
g18064,6733,35.5,0,
g18065,3515,31.55,0,
g18066,985,31.47,0,
g18067,3176,35.52,0,
g18068,8820,34.42,0,
g18069,9220,37.47,0,
g1807,3018,37.77,0,
g18070,6002,37.25,0,
g18071,104356,38.13,0,
g18072,3473,33.46,0,
g18073,10780,33.4,0,
g18074,5471,33.89,0,
g18075,1846,33.86,0,
g18076,3975,32.2,0,
g18077,9364,38.63,0,
g18078,3101,34.47,0,
g18079,1761,45.94,0,
g1808,441,58.73,0,
g18080,28333,36.65,0,
g18081,5835,34.17,0,
g18082,876,39.73,0,
g18083,3544,32.7,0,
g18084,5363,31.33,0,
g18085,4111,34.27,0,
g18086,6276,36.57,0,
g18087,2274,38.87,0,
g18088,10594,42.35,0,
g18089,8254,32.18,0,
g1809,5849,42.5,0,
g18090,11276,34.18,0,
g18091,4163,31.76,0,
g18092,363,41.87,0,
g18093,16352,37.26,0,
g18094,22594,38.23,0,
g18095,9220,36.79,0,
g18096,2465,35.54,0,
g18097,34164,37.87,0,
g18098,360,51.39,0,
g18099,366,53.83,0,
g181,10478,34.91,0,
g1810,11299,35.29,0,
g18100,420,65.0,0,
g18101,297,51.18,0,
g18102,2104,30.51,0,
g18103,9495,33.77,0,
g18104,13622,36.46,0,
g18105,3855,64.2,0,
g18106,4990,30.22,0,
g18107,40888,34.33,0,
g18108,39274,38.4,0,
g18109,18391,36.74,0,
g1811,2170,46.36,0,
g18110,846,37.59,0,
g18111,615,34.47,0,
g18112,306,38.89,0,
g18113,2071,48.48,0,
g18114,18572,37.12,0,
g18115,12191,37.99,0,
g18116,5941,36.37,0,
g18117,11996,30.73,0,
g18118,12371,35.97,0,
g18119,11731,34.25,0,
g1812,2789,46.58,0,
g18120,26560,36.2,0,
g18121,21054,36.24,0,
g18122,13527,34.66,0,
g18123,1428,32.91,0,
g18124,2235,32.26,0,
g18125,264,60.98,0,
g18126,1224,43.63,0,
g18127,291,59.79,0,
g18128,291,55.33,0,
g18129,2024,32.51,0,
g1813,1558,43.84,0,
g18130,3264,33.73,0,
g18131,10460,33.79,0,
g18132,5970,34.49,0,
g18133,28985,37.13,0,
g18134,4413,35.76,0,
g18135,18840,37.1,0,
g18136,264,64.39,0,
g18137,12355,33.82,0,
g18138,15750,37.78,0,
g18139,10325,35.17,0,
g1814,402,52.99,0,
g18140,1870,33.53,0,
g18141,237,69.2,0,
g18142,3067,40.23,0,
g18143,471,41.83,0,
g18144,400,37.5,0,
g18145,13291,39.51,0,
g18146,22199,36.83,0,
g18147,5749,32.7,0,
g18148,6972,32.26,0,
g18149,17730,37.3,0,
g1815,4307,42.23,0,
g18150,591,55.84,0,
g18151,276,54.35,0,
g18152,1119,65.86,0,
g18153,339,75.22,0,
g18154,1518,31.36,0,
g18155,2587,39.16,0,
g18156,2957,34.29,0,
g18157,5641,38.57,0,
g18158,47820,39.85,0,
g18159,3508,36.12,0,
g1816,444,57.66,0,
g18160,11395,37.14,0,
g18161,870,40.69,0,
g18162,82269,36.88,0,
g18163,276,59.42,0,
g18164,14729,39.57,0,
g18165,34075,36.45,0,
g18166,8088,39.19,0,
g18167,294,54.42,0,
g18168,488,69.06,0,
g18169,291,62.89,0,
g1817,336,56.25,0,
g18170,5030,41.97,0,
g18171,303,50.17,0,
g18172,11588,37.19,0,
g18173,2151,33.47,0,
g18174,24303,34.56,0,
g18175,1368,32.75,0,
g18176,12058,33.11,0,
g18177,6415,31.88,0,
g18178,48491,38.68,0,
g18179,26844,34.71,0,
g1818,717,70.01,0,
g18180,26148,36.89,0,
g18181,14744,35.29,0,
g18182,5922,42.86,0,
g18183,55477,33.89,0,
g18184,6288,32.86,0,
g18185,20507,36.82,0,
g18186,4390,39.48,0,
g18187,681,56.53,0,
g18188,5866,34.93,0,
g18189,234,68.38,0,
g1819,2168,33.95,0,
g18190,51952,35.23,0,
g18191,66333,36.75,0,
g18192,10680,37.57,0,
g18193,10142,37.58,0,
g18194,72687,37.45,0,
g18195,1379,30.96,0,
g18196,1002,56.69,0,
g18197,22840,37.14,0,
g18198,4632,34.2,0,
g18199,58512,37.01,0,
g182,6157,35.21,0,
g1820,1038,43.83,0,
g18200,315,46.03,0,
g18201,23247,34.76,0,
g18202,2006,29.06,0,
g18203,29082,34.62,0,
g18204,1584,34.28,0,
g18205,294,55.1,0,
g18206,4460,34.62,0,
g18207,28948,36.08,0,
g18208,18514,32.82,0,
g18209,2490,34.34,0,
g1821,13425,39.64,0,
g18210,4598,38.91,0,
g18211,8365,35.59,0,
g18212,225,69.78,0,
g18213,483,63.35,0,
g18214,25122,41.53,0,
g18215,384,64.58,0,
g18216,255,54.12,0,
g18217,6064,36.02,0,
g18218,3662,31.27,0,
g18219,1938,38.91,0,
g1822,1773,35.65,0,
g18220,14762,34.38,0,
g18221,29088,34.69,0,
g18222,11896,33.97,0,
g18223,2737,39.2,0,
g18224,50678,36.9,0,
g18225,1967,38.94,0,
g18226,39968,36.18,0,
g18227,8224,34.4,0,
g18228,407,46.44,0,
g18229,3850,36.44,0,
g1823,1008,35.81,0,
g18230,4672,40.18,0,
g18231,1395,39.28,0,
g18232,579,61.49,0,
g18233,968,35.54,0,
g18234,3679,38.68,0,
g18235,759,42.69,0,
g18236,582,41.07,0,
g18237,4747,38.19,0,
g18238,70327,35.47,0,
g18239,65310,37.34,0,
g1824,795,39.5,0,
g18240,2316,44.26,0,
g18241,90092,36.55,0,
g18242,34786,38.02,0,
g18243,6546,37.93,0,
g18244,11411,34.03,0,
g18245,14153,39.17,0,
g18246,1562,33.8,0,
g18247,16879,34.91,0,
g18248,18482,40.06,0,
g18249,12857,37.57,0,
g1825,210,41.43,0,
g18250,426,47.18,0,
g18251,12748,34.13,0,
g18252,7388,38.55,0,
g18253,13321,34.77,0,
g18254,14023,35.29,0,
g18255,765,39.22,0,
g18256,3496,32.01,0,
g18257,3317,40.67,0,
g18258,4531,34.12,0,
g18259,9111,34.95,0,
g1826,300,41.0,0,
g18260,4288,41.51,0,
g18261,17784,34.38,0,
g18262,2163,48.08,0,
g18263,51470,37.19,0,
g18264,324,61.73,0,
g18265,231,61.04,0,
g18266,12211,33.54,0,
g18267,1989,30.87,0,
g18268,9599,33.18,0,
g18269,16502,33.11,0,
g1827,786,50.0,0,
g18270,10931,38.57,0,
g18271,10289,38.6,0,
g18272,11801,38.5,0,
g18273,9216,35.85,0,
g18274,4623,34.05,0,
g18275,1501,37.31,0,
g18276,2277,35.53,0,
g18277,399,40.1,0,
g18278,324,38.27,0,
g18279,5168,38.2,0,
g1828,750,46.53,0,
g18280,207,61.35,0,
g18281,645,53.95,0,
g18282,381,37.8,0,
g18283,5948,37.49,0,
g18284,4255,35.89,0,
g18285,2059,34.0,0,
g18286,28048,37.16,0,
g18287,7905,31.73,0,
g18288,13319,43.01,0,
g18289,408,37.25,0,
g1829,765,48.5,0,
g18290,1870,36.2,0,
g18291,10026,35.63,0,
g18292,24398,37.77,0,
g18293,6658,36.29,0,
g18294,49750,38.02,0,
g18295,16113,35.47,0,
g18296,333,48.95,0,
g18297,207,68.6,0,
g18298,18605,37.1,0,
g18299,3567,35.52,0,
g183,1924,38.41,0,
g1830,7038,33.8,0,
g18300,3990,34.51,0,
g18301,13088,40.5,0,
g18302,6161,36.54,0,
g18303,46184,38.16,0,
g18304,3549,42.58,0,
g18305,7787,34.78,0,
g18306,5491,35.18,0,
g18307,510,36.67,0,
g18308,495,35.96,0,
g18309,739,38.02,0,
g1831,798,40.35,0,
g18310,13543,34.88,0,
g18311,258,51.94,0,
g18312,309,61.49,0,
g18313,11417,37.35,0,
g18314,1161,49.44,0,
g18315,1257,49.48,0,
g18316,13909,42.22,0,
g18317,1002,54.79,0,
g18318,552,54.17,0,
g18319,1839,37.36,0,
g1832,795,43.27,0,
g18320,1449,34.85,0,
g18321,333,37.54,0,
g18322,1485,45.86,0,
g18323,438,36.53,0,
g18324,15891,37.47,0,
g18325,339,55.46,0,
g18326,372,36.29,0,
g18327,2846,36.86,0,
g18328,207,70.05,0,
g18329,14776,34.58,0,
g1833,2666,41.3,0,
g18330,675,51.11,0,
g18331,333,42.04,0,
g18332,228,56.58,0,
g18333,2231,39.44,0,
g18334,312,51.6,0,
g18335,30935,36.49,0,
g18336,4251,45.59,0,
g18337,207,66.18,0,
g18338,46708,40.98,0,
g18339,5764,39.92,0,
g1834,4338,37.23,0,
g18340,3075,30.11,0,
g18341,10209,37.87,0,
g18342,318,50.63,0,
g18343,41611,39.49,0,
g18344,12460,34.38,0,
g18345,5811,40.23,0,
g18346,63805,36.44,0,
g18347,981,44.85,0,
g18348,16708,36.64,0,
g18349,7618,34.58,0,
g1835,3179,43.06,0,
g18350,28191,36.3,0,
g18351,17007,36.02,0,
g18352,10241,41.57,0,
g18353,351,42.74,0,
g18354,7073,33.37,0,
g18355,4315,31.29,0,
g18356,12486,32.21,0,
g18357,14359,33.7,0,
g18358,4363,39.61,0,
g18359,30210,36.96,0,
g1836,4319,36.98,0,
g18360,4045,42.52,0,
g18361,7371,41.01,0,
g18362,22728,35.8,0,
g18363,9890,39.85,0,
g18364,30933,35.89,0,
g18365,15976,39.02,0,
g18366,45986,37.13,0,
g18367,29712,37.3,0,
g18368,2455,32.83,0,
g18369,444,64.19,0,
g1837,261,46.74,0,
g18370,36647,37.41,0,
g18371,25185,34.18,0,
g18372,8832,33.64,0,
g18373,8728,33.1,0,
g18374,9198,34.05,0,
g18375,14170,33.24,0,
g18376,16290,33.04,0,
g18377,12200,32.61,0,
g18378,2138,33.82,0,
g18379,1693,42.76,0,
g1838,4537,39.65,0,
g18380,77248,39.65,0,
g18381,38970,38.34,0,
g18382,1743,37.41,0,
g18383,88252,35.92,0,
g18384,15438,37.82,0,
g18385,952,33.61,0,
g18386,3423,39.29,0,
g18387,4146,38.4,0,
g18388,4593,38.47,0,
g18389,501,48.5,0,
g1839,1418,46.4,0,
g18390,5079,52.9,0,
g18391,333,59.76,0,
g18392,591,58.88,0,
g18393,564,59.57,0,
g18394,16277,42.21,0,
g18395,912,35.96,0,
g18396,14668,36.81,0,
g18397,357,49.58,0,
g18398,9569,36.07,0,
g18399,14736,38.41,0,
g184,2988,37.55,0,
g1840,207,64.73,0,
g18400,6943,42.5,0,
g18401,2310,63.81,0,
g18402,18240,36.08,0,
g18403,14368,36.29,0,
g18404,300,55.67,0,
g18405,252,54.37,0,
g18406,1440,39.93,0,
g18407,841,41.14,0,
g18408,36040,39.49,0,
g18409,4178,33.41,0,
g1841,1859,38.68,0,
g18410,6095,35.47,0,
g18411,28246,35.28,0,
g18412,6330,37.74,0,
g18413,19416,34.05,0,
g18414,23434,35.7,0,
g18415,13544,30.11,0,
g18416,85886,36.61,0,
g18417,2576,37.42,0,
g18418,1362,31.72,0,
g18419,2907,37.32,0,
g1842,4439,36.72,0,
g18420,7517,35.39,0,
g18421,1918,37.64,0,
g18422,460,53.91,0,
g18423,22270,37.49,0,
g18424,6659,37.18,0,
g18425,333,37.84,0,
g18426,31596,33.77,0,
g18427,1725,32.75,0,
g18428,906,40.29,0,
g18429,2654,41.26,0,
g1843,8501,43.21,0,
g18430,9763,42.91,0,
g18431,3073,36.48,0,
g18432,971,35.22,0,
g18433,3268,37.76,0,
g18434,243,66.26,0,
g18435,11531,35.08,0,
g18436,4341,35.87,0,
g18437,351,54.13,0,
g18438,378,64.29,0,
g18439,237,56.54,0,
g1844,89300,36.58,0,
g18440,366,60.11,0,
g18441,4705,30.41,0,
g18442,787,34.31,0,
g18443,315,64.13,0,
g18444,14968,35.97,0,
g18445,10731,44.16,0,
g18446,5720,37.24,0,
g18447,3520,40.45,0,
g18448,56699,36.24,0,
g18449,2573,35.6,0,
g1845,7630,38.43,0,
g18450,1341,64.06,0,
g18451,919,52.88,0,
g18452,1747,42.3,0,
g18453,1076,52.88,0,
g18454,444,58.11,0,
g18455,3267,38.9,0,
g18456,252,62.3,0,
g18457,37119,37.5,0,
g18458,5756,36.17,0,
g18459,8677,38.52,0,
g1846,2135,39.16,0,
g18460,298,46.31,0,
g18461,11569,36.23,0,
g18462,32847,37.91,0,
g18463,885,42.94,0,
g18464,3483,33.94,0,
g18465,908,38.99,0,
g18466,8289,39.45,0,
g18467,13532,40.89,0,
g18468,27040,35.97,0,
g18469,6418,33.92,0,
g1847,37501,35.58,0,
g18470,714,31.51,0,
g18471,18968,36.4,0,
g18472,13964,35.81,0,
g18473,1128,41.93,0,
g18474,26506,34.91,0,
g18475,10261,39.2,0,
g18476,2113,36.87,0,
g18477,16896,36.38,0,
g18478,4323,38.26,0,
g18479,282,57.45,0,
g1848,2640,32.12,0,
g18480,36929,35.39,0,
g18481,4376,35.76,0,
g18482,22272,35.26,0,
g18483,14170,36.29,0,
g18484,1503,48.1,0,
g18485,28864,36.06,0,
g18486,3865,40.47,0,
g18487,1146,50.87,0,
g18488,3264,35.91,0,
g18489,6138,44.62,0,
g1849,34295,35.79,0,
g18490,2914,37.58,0,
g18491,761,37.45,0,
g18492,807,39.53,0,
g18493,680,53.53,0,
g18494,1983,29.65,0,
g18495,1188,48.15,0,
g18496,7578,36.42,0,
g18497,24382,35.78,0,
g18498,26713,38.06,0,
g18499,14563,37.49,0,
g185,18351,43.91,0,
g1850,1118,35.51,0,
g18500,2547,38.44,0,
g18501,908,32.71,0,
g18502,1159,51.16,0,
g18503,948,38.5,0,
g18504,3057,37.36,0,
g18505,507,38.66,0,
g18506,49052,36.47,0,
g18507,42164,36.32,0,
g18508,22963,38.43,0,
g18509,327,52.29,0,
g1851,1811,36.78,0,
g18510,14786,33.5,0,
g18511,13123,35.35,0,
g18512,18498,35.77,0,
g18513,9175,31.32,0,
g18514,12623,35.03,0,
g18515,32413,36.78,0,
g18516,467,63.6,0,
g18517,21537,36.1,0,
g18518,31612,37.45,0,
g18519,19869,35.23,0,
g1852,4430,44.83,0,
g18520,7651,37.62,0,
g18521,1732,35.8,0,
g18522,5128,35.8,0,
g18523,1596,34.71,0,
g18524,31380,35.88,0,
g18525,387,35.4,0,
g18526,10746,25.87,0,
g18527,1341,26.1,0,
g18528,591,29.61,0,
g18529,1593,30.01,0,
g1853,44697,38.46,0,
g18530,11950,29.63,0,
g18531,1503,32.6,0,
g18532,1389,41.76,0,
g18533,8546,39.62,0,
g18534,1644,40.88,0,
g18535,957,34.8,0,
g18536,639,41.47,0,
g18537,1374,37.92,0,
g18538,1010,33.56,0,
g18539,1258,26.07,0,
g1854,2024,37.65,0,
g18540,1501,33.11,0,
g18541,858,35.08,0,
g18542,14361,34.2,0,
g18543,1473,34.08,0,
g18544,360,46.67,0,
g18545,1092,31.5,0,
g18546,10692,39.07,0,
g18547,14449,37.32,0,
g18548,997,30.99,0,
g18549,63394,36.48,0,
g1855,94262,35.67,0,
g18550,11103,35.92,0,
g18551,5801,34.55,0,
g18552,1015,41.08,0,
g18553,2025,42.42,0,
g18554,1211,42.61,0,
g18555,19437,40.03,0,
g18556,23843,34.02,0,
g18557,20244,32.56,0,
g18558,7102,33.5,0,
g18559,38999,40.13,0,
g1856,6490,36.52,0,
g18560,1758,44.77,0,
g18561,1993,37.23,0,
g18562,666,45.35,0,
g18563,450,59.33,0,
g18564,81608,36.45,0,
g18565,6204,39.65,0,
g18566,1875,39.89,0,
g18567,11080,42.34,0,
g18568,2572,37.52,0,
g18569,13602,39.16,0,
g1857,234,57.26,0,
g18570,629,36.09,0,
g18571,593,50.08,0,
g18572,21451,40.39,0,
g18573,1525,36.72,0,
g18574,7839,34.69,0,
g18575,5851,41.98,0,
g18576,7941,37.04,0,
g18577,1583,33.1,0,
g18578,717,42.26,0,
g18579,258,35.66,0,
g1858,4705,35.15,0,
g18580,2413,45.21,0,
g18581,2640,41.86,0,
g18582,1762,30.14,0,
g18583,7212,31.88,0,
g18584,516,49.03,0,
g18585,5956,34.4,0,
g18586,21880,36.01,0,
g18587,17504,35.97,0,
g18588,13406,31.88,0,
g18589,12846,32.2,0,
g1859,1095,42.92,0,
g18590,36503,35.15,0,
g18591,5730,35.15,0,
g18592,11415,44.04,0,
g18593,875,32.11,0,
g18594,4081,33.59,0,
g18595,923,28.28,0,
g18596,10275,31.67,0,
g18597,28422,33.95,0,
g18598,471,53.72,0,
g18599,55887,36.24,0,
g186,28891,35.57,0,
g1860,291,52.92,0,
g18600,780,38.21,0,
g18601,12156,32.49,0,
g18602,9649,33.3,0,
g18603,859,45.52,0,
g18604,624,65.22,0,
g18605,2161,30.26,0,
g18606,9337,34.49,0,
g18607,23406,34.36,0,
g18608,4656,34.99,0,
g18609,10945,35.72,0,
g1861,4092,35.92,0,
g18610,9136,34.84,0,
g18611,3481,34.1,0,
g18612,8129,39.29,0,
g18613,303,62.71,0,
g18614,118473,37.09,0,
g18615,8846,40.15,0,
g18616,14960,36.6,0,
g18617,37919,39.42,0,
g18618,276,39.49,0,
g18619,3355,33.95,0,
g1862,3873,35.89,0,
g18620,2340,32.61,0,
g18621,7336,32.65,0,
g18622,5784,34.98,0,
g18623,207,56.52,0,
g18624,107573,35.58,0,
g18625,4882,43.32,0,
g18626,9406,35.87,0,
g18627,4106,33.15,0,
g18628,3725,38.79,0,
g18629,10661,36.75,0,
g1863,5164,35.55,0,
g18630,546,64.65,0,
g18631,2416,38.41,0,
g18632,20924,37.85,0,
g18633,18540,36.08,0,
g18634,23982,37.05,0,
g18635,9842,38.19,0,
g18636,1807,33.15,0,
g18637,38763,36.74,0,
g18638,28719,40.11,0,
g18639,2469,31.63,0,
g1864,4123,42.01,0,
g18640,573,61.26,0,
g18641,2760,40.54,0,
g18642,3560,38.01,0,
g18643,7298,37.59,0,
g18644,45923,40.14,0,
g18645,1308,35.24,0,
g18646,1356,34.37,0,
g18647,7194,31.72,0,
g18648,6010,31.58,0,
g18649,457,31.29,0,
g1865,51962,33.17,0,
g18650,3954,32.68,0,
g18651,19972,35.59,0,
g18652,7167,43.7,0,
g18653,13710,34.22,0,
g18654,23048,35.25,0,
g18655,7606,35.5,0,
g18656,22265,37.57,0,
g18657,21799,36.91,0,
g18658,2733,37.25,0,
g18659,22991,37.16,0,
g1866,12128,33.47,0,
g18660,11640,33.24,0,
g18661,658,31.76,0,
g18662,3756,34.5,0,
g18663,1006,47.61,0,
g18664,774,38.76,0,
g18665,684,39.04,0,
g18666,864,41.32,0,
g18667,447,38.26,0,
g18668,62167,38.36,0,
g18669,2868,40.48,0,
g1867,19779,35.02,0,
g18670,5973,30.52,0,
g18671,5427,34.53,0,
g18672,5152,38.57,0,
g18673,1116,36.83,0,
g18674,1281,35.44,0,
g18675,6736,36.3,0,
g18676,21005,38.64,0,
g18677,1647,65.09,0,
g18678,11616,39.7,0,
g18679,18344,32.52,0,
g1868,411,40.63,0,
g18680,1647,33.52,0,
g18681,2354,36.24,0,
g18682,6353,31.31,0,
g18683,14261,33.82,0,
g18684,8128,33.3,0,
g18685,13929,36.99,0,
g18686,2780,36.29,0,
g18687,12049,37.79,0,
g18688,2101,40.74,0,
g18689,8950,37.26,0,
g1869,1118,35.87,0,
g18690,20383,34.46,0,
g18691,3558,31.56,0,
g18692,11354,38.01,0,
g18693,249,47.79,0,
g18694,939,66.35,0,
g18695,4838,31.93,0,
g18696,1459,37.83,0,
g18697,9155,38.75,0,
g18698,2552,37.34,0,
g18699,258,51.94,0,
g187,28898,39.38,0,
g1870,357,50.98,0,
g18700,6087,41.73,0,
g18701,648,64.81,0,
g18702,967,42.81,0,
g18703,5926,36.55,0,
g18704,65004,37.89,0,
g18705,6601,35.71,0,
g18706,363,52.62,0,
g18707,13423,40.24,0,
g18708,1516,41.29,0,
g18709,578,31.14,0,
g1871,201,53.73,0,
g18710,552,48.73,0,
g18711,12113,35.25,0,
g18712,615,37.24,0,
g18713,17001,38.42,0,
g18714,63380,36.85,0,
g18715,9415,32.97,0,
g18716,4840,30.95,0,
g18717,3521,31.41,0,
g18718,19890,35.06,0,
g18719,1155,39.83,0,
g1872,603,52.4,0,
g18720,40228,35.99,0,
g18721,6802,31.52,0,
g18722,990,34.85,0,
g18723,22691,35.01,0,
g18724,42367,36.17,0,
g18725,6941,40.04,0,
g18726,6883,39.59,0,
g18727,775,37.55,0,
g18728,2484,36.51,0,
g18729,15602,37.64,0,
g1873,113339,38.38,0,
g18730,13976,37.49,0,
g18731,19003,36.3,0,
g18732,1905,41.63,0,
g18733,2558,40.46,0,
g18734,3222,36.03,0,
g18735,3753,34.91,0,
g18736,28634,34.51,0,
g18737,1388,35.95,0,
g18738,1578,35.11,0,
g18739,1719,39.38,0,
g1874,225,53.33,0,
g18740,4264,32.81,0,
g18741,7785,37.76,0,
g18742,9468,38.01,0,
g18743,4782,35.63,0,
g18744,23725,36.97,0,
g18745,459,56.21,0,
g18746,255,65.1,0,
g18747,258,36.82,0,
g18748,10727,36.52,0,
g18749,463,34.13,0,
g1875,219,68.95,0,
g18750,1808,39.38,0,
g18751,704,39.49,0,
g18752,1962,35.83,0,
g18753,15234,38.62,0,
g18754,1638,39.13,0,
g18755,345,37.97,0,
g18756,7935,35.01,0,
g18757,438,39.04,0,
g18758,2417,32.31,0,
g18759,6277,35.0,0,
g1876,5281,33.82,0,
g18760,855,41.4,0,
g18761,6679,39.36,0,
g18762,6196,29.99,0,
g18763,11187,31.69,0,
g18764,11249,35.03,0,
g18765,2163,48.08,0,
g18766,47448,37.44,0,
g18767,13415,36.25,0,
g18768,7993,36.14,0,
g18769,22662,39.1,0,
g1877,25918,36.07,0,
g18770,1220,34.02,0,
g18771,3230,35.57,0,
g18772,929,33.48,0,
g18773,7040,38.05,0,
g18774,261,57.09,0,
g18775,6435,35.94,0,
g18776,963,42.58,0,
g18777,27642,36.92,0,
g18778,4711,34.85,0,
g18779,8252,30.68,0,
g1878,329,36.47,0,
g18780,6589,34.54,0,
g18781,6452,30.67,0,
g18782,11534,37.66,0,
g18783,833,46.1,0,
g18784,249,53.82,0,
g18785,4468,37.56,0,
g18786,312,46.79,0,
g18787,1677,52.71,0,
g18788,13665,34.15,0,
g18789,2492,36.52,0,
g1879,5091,39.8,0,
g18790,1320,45.23,0,
g18791,5011,38.1,0,
g18792,14677,36.95,0,
g18793,1820,39.07,0,
g18794,1669,37.09,0,
g18795,4542,36.83,0,
g18796,45936,37.4,0,
g18797,21548,40.77,0,
g18798,52250,35.98,0,
g18799,1757,40.13,0,
g188,11013,32.97,0,
g1880,12329,40.03,0,
g18800,17249,35.33,0,
g18801,294,62.93,0,
g18802,7528,37.75,0,
g18803,2998,36.56,0,
g18804,7540,35.2,0,
g18805,40560,35.74,0,
g18806,1869,30.6,0,
g18807,12069,38.01,0,
g18808,32598,38.84,0,
g18809,1718,35.27,0,
g1881,384,56.51,0,
g18810,23182,35.01,0,
g18811,543,78.64,0,
g18812,381,66.14,0,
g18813,68510,37.23,0,
g18814,330,50.61,0,
g18815,12698,35.32,0,
g18816,267,61.05,0,
g18817,11552,34.57,0,
g18818,500,34.4,0,
g18819,6522,35.69,0,
g1882,726,34.57,0,
g18820,6536,31.12,0,
g18821,1154,30.5,0,
g18822,28081,39.79,0,
g18823,1272,37.03,0,
g18824,10081,43.54,0,
g18825,1920,39.84,0,
g18826,12019,39.84,0,
g18827,531,53.3,0,
g18828,9681,32.07,0,
g18829,1342,35.32,0,
g1883,14549,39.21,0,
g18830,19870,31.61,0,
g18831,72873,35.85,0,
g18832,9475,36.2,0,
g18833,4608,47.16,0,
g18834,5877,39.08,0,
g18835,3176,39.07,0,
g18836,12902,35.3,0,
g18837,25658,35.33,0,
g18838,1534,42.83,0,
g18839,11855,37.25,0,
g1884,9534,40.2,0,
g18840,351,55.27,0,
g18841,1747,32.0,0,
g18842,30982,35.75,0,
g18843,279,42.65,0,
g18844,306,46.41,0,
g18845,17124,34.36,0,
g18846,3778,32.61,0,
g18847,6815,32.16,0,
g18848,4154,36.11,0,
g18849,5000,35.62,0,
g1885,1892,37.0,0,
g18850,8986,37.66,0,
g18851,1569,45.12,0,
g18852,1287,45.45,0,
g18853,288,44.79,0,
g18854,288,45.49,0,
g18855,3550,38.93,0,
g18856,879,47.55,0,
g18857,21358,38.19,0,
g18858,12212,34.71,0,
g18859,11793,30.68,0,
g1886,1119,37.27,0,
g18860,1090,32.39,0,
g18861,1709,30.13,0,
g18862,6446,37.15,0,
g18863,3540,36.44,0,
g18864,6406,36.11,0,
g18865,6411,37.53,0,
g18866,1002,56.69,0,
g18867,13031,35.29,0,
g18868,1146,38.74,0,
g18869,903,39.09,0,
g1887,4123,33.54,0,
g18870,3100,32.1,0,
g18871,1685,37.33,0,
g18872,372,41.67,0,
g18873,1892,36.36,0,
g18874,255,56.08,0,
g18875,2776,35.37,0,
g18876,6890,37.97,0,
g18877,1735,34.99,0,
g18878,15376,35.43,0,
g18879,2349,40.49,0,
g1888,5610,32.05,0,
g18880,29575,34.79,0,
g18881,354,63.56,0,
g18882,378,58.47,0,
g18883,10039,40.77,0,
g18884,11432,38.11,0,
g18885,291,61.51,0,
g18886,10914,34.39,0,
g18887,13973,34.14,0,
g18888,1232,37.74,0,
g18889,17713,40.03,0,
g1889,1012,41.11,0,
g18890,9178,36.1,0,
g18891,780,76.79,0,
g18892,2021,40.92,0,
g18893,25985,38.25,0,
g18894,339,46.61,0,
g18895,4694,34.51,0,
g18896,24576,35.97,0,
g18897,39454,35.9,0,
g18898,19040,35.04,0,
g18899,1679,33.17,0,
g189,6180,34.03,0,
g1890,306,49.35,0,
g18900,915,40.55,0,
g18901,18469,34.21,0,
g18902,22817,36.58,0,
g18903,440,44.09,0,
g18904,9208,38.23,0,
g18905,17088,38.26,0,
g18906,19189,33.32,0,
g18907,5422,32.68,0,
g18908,14841,32.84,0,
g18909,13214,38.77,0,
g1891,12551,36.22,0,
g18910,16050,38.71,0,
g18911,36509,33.98,0,
g18912,69357,35.99,0,
g18913,28226,37.37,0,
g18914,1875,39.89,0,
g18915,22776,33.84,0,
g18916,16109,35.22,0,
g18917,555,55.14,0,
g18918,774,56.46,0,
g18919,552,45.83,0,
g1892,2976,32.39,0,
g18920,23755,38.13,0,
g18921,2682,37.32,0,
g18922,88043,35.05,0,
g18923,13253,38.82,0,
g18924,10702,35.27,0,
g18925,21053,34.08,0,
g18926,219,64.38,0,
g18927,32189,35.53,0,
g18928,1194,38.53,0,
g18929,10411,38.34,0,
g1893,5432,37.37,0,
g18930,12034,37.15,0,
g18931,1469,40.84,0,
g18932,324,56.17,0,
g18933,523,60.42,0,
g18934,408,51.72,0,
g18935,16430,35.85,0,
g18936,14417,30.93,0,
g18937,16772,38.17,0,
g18938,6753,39.06,0,
g18939,10718,34.87,0,
g1894,246,46.34,0,
g18940,3126,40.69,0,
g18941,17540,36.09,0,
g18942,1018,38.21,0,
g18943,9719,36.29,0,
g18944,9262,53.1,0,
g18945,42965,38.75,0,
g18946,13930,39.02,0,
g18947,1855,33.96,0,
g18948,1170,40.09,0,
g18949,17815,31.78,0,
g1895,4919,32.38,0,
g18950,844,34.6,0,
g18951,22049,34.41,0,
g18952,3540,29.89,0,
g18953,25916,34.35,0,
g18954,7728,35.14,0,
g18955,19072,35.86,0,
g18956,4042,33.89,0,
g18957,67481,35.79,0,
g18958,33005,35.26,0,
g18959,29876,35.16,0,
g1896,3801,38.78,0,
g18960,387,41.34,0,
g18961,6893,33.67,0,
g18962,18567,33.73,0,
g18963,6477,31.9,0,
g18964,303,47.85,0,
g18965,459,33.55,0,
g18966,1876,57.57,0,
g18967,10758,38.7,0,
g18968,30438,36.19,0,
g18969,9258,37.76,0,
g1897,345,51.01,0,
g18970,8950,35.85,0,
g18971,3916,35.62,0,
g18972,39649,35.97,0,
g18973,1534,37.35,0,
g18974,15451,34.34,0,
g18975,9517,37.87,0,
g18976,303,67.0,0,
g18977,303,58.75,0,
g18978,351,70.94,0,
g18979,2168,38.51,0,
g1898,342,50.29,0,
g18980,1131,60.04,0,
g18981,5102,34.71,0,
g18982,4616,32.17,0,
g18983,4746,31.33,0,
g18984,11181,32.23,0,
g18985,2454,35.94,0,
g18986,4792,33.85,0,
g18987,12894,35.54,0,
g18988,17075,35.96,0,
g18989,4344,36.88,0,
g1899,372,42.47,0,
g18990,5815,34.91,0,
g18991,282,43.97,0,
g18992,10499,38.75,0,
g18993,23958,34.63,0,
g18994,35521,35.62,0,
g18995,69223,38.15,0,
g18996,1797,43.68,0,
g18997,6630,34.6,0,
g18998,1419,37.28,0,
g18999,16296,38.27,0,
g19,1410,37.02,0,
g190,10588,33.33,0,
g1900,435,46.67,0,
g19000,5268,36.77,0,
g19001,21017,40.9,0,
g19002,30836,36.93,0,
g19003,5248,31.08,0,
g19004,9867,37.25,0,
g19005,11333,36.6,0,
g19006,11527,36.66,0,
g19007,76397,38.0,0,
g19008,300,54.67,0,
g19009,12626,35.3,0,
g1901,1186,43.42,0,
g19010,9649,32.21,0,
g19011,246,62.2,0,
g19012,252,59.13,0,
g19013,1704,54.64,0,
g19014,11771,32.77,0,
g19015,2812,40.33,0,
g19016,495,50.1,0,
g19017,53083,34.64,0,
g19018,37157,36.8,0,
g19019,18889,36.32,0,
g1902,13140,33.09,0,
g19020,35753,39.53,0,
g19021,8131,34.93,0,
g19022,1884,36.94,0,
g19023,41991,35.98,0,
g19024,17085,35.26,0,
g19025,4439,34.62,0,
g19026,5513,36.35,0,
g19027,12182,37.61,0,
g19028,1356,37.24,0,
g19029,423,41.84,0,
g1903,8956,36.92,0,
g19030,6827,33.98,0,
g19031,32189,37.56,0,
g19032,4176,38.67,0,
g19033,2484,36.47,0,
g19034,4849,42.3,0,
g19035,17377,37.18,0,
g19036,9100,36.69,0,
g19037,23195,36.06,0,
g19038,14280,35.8,0,
g19039,14412,39.22,0,
g1904,9305,37.06,0,
g19040,809,61.8,0,
g19041,1218,42.36,0,
g19042,1517,40.87,0,
g19043,1292,41.8,0,
g19044,2510,34.66,0,
g19045,2147,46.25,0,
g19046,267,64.04,0,
g19047,24278,41.01,0,
g19048,8419,45.94,0,
g19049,240,55.0,0,
g1905,1674,51.31,0,
g19050,393,65.39,0,
g19051,4813,42.88,0,
g19052,18557,37.65,0,
g19053,14181,33.83,0,
g19054,10283,39.58,0,
g19055,333,78.08,0,
g19056,978,53.68,0,
g19057,3075,54.63,0,
g19058,1262,41.36,0,
g19059,5114,31.93,0,
g1906,36698,35.55,0,
g19060,4545,31.99,0,
g19061,23589,39.67,0,
g19062,6758,32.18,0,
g19063,4495,35.91,0,
g19064,9170,36.82,0,
g19065,12287,38.14,0,
g19066,687,52.55,0,
g19067,12627,36.57,0,
g19068,30610,37.42,0,
g19069,1389,38.3,0,
g1907,27286,35.75,0,
g19070,816,29.66,0,
g19071,5946,35.79,0,
g19072,5368,32.36,0,
g19073,27976,35.81,0,
g19074,405,40.99,0,
g19075,30801,37.16,0,
g19076,4948,39.61,0,
g19077,366,66.12,0,
g19078,3195,39.03,0,
g19079,2432,40.09,0,
g1908,12955,37.25,0,
g19080,6952,33.76,0,
g19081,4355,33.94,0,
g19082,9394,32.84,0,
g19083,7479,32.4,0,
g19084,3863,34.04,0,
g19085,2038,32.63,0,
g19086,4393,28.57,0,
g19087,1263,46.32,0,
g19088,13429,33.22,0,
g19089,1482,41.57,0,
g1909,816,43.14,0,
g19090,4773,34.21,0,
g19091,940,44.15,0,
g19092,73522,36.49,0,
g19093,15134,35.11,0,
g19094,4747,29.96,0,
g19095,5553,32.76,0,
g19096,1065,37.18,0,
g19097,5005,29.51,0,
g19098,26112,33.42,0,
g19099,53982,38.66,0,
g191,469,30.06,0,
g1910,15170,38.74,0,
g19100,2313,34.54,0,
g19101,44870,34.41,0,
g19102,8619,38.96,0,
g19103,12860,35.54,0,
g19104,2175,32.92,0,
g19105,6043,35.38,0,
g19106,5820,40.91,0,
g19107,7655,37.14,0,
g19108,12360,39.05,0,
g19109,12002,35.6,0,
g1911,9377,34.52,0,
g19110,9285,35.42,0,
g19111,7780,35.3,0,
g19112,10757,38.69,0,
g19113,11048,32.15,0,
g19114,983,32.55,0,
g19115,3810,32.36,0,
g19116,25687,34.02,0,
g19117,21280,40.54,0,
g19118,492,54.67,0,
g19119,10531,43.6,0,
g1912,5742,39.92,0,
g19120,31215,37.82,0,
g19121,42195,37.98,0,
g19122,1036,28.96,0,
g19123,342,42.11,0,
g19124,60042,36.37,0,
g19125,49229,37.84,0,
g19126,22596,38.55,0,
g19127,10978,40.24,0,
g19128,31299,38.11,0,
g19129,57683,37.83,0,
g1913,282,63.12,0,
g19130,5256,38.53,0,
g19131,2804,37.73,0,
g19132,2184,36.17,0,
g19133,2201,66.65,0,
g19134,285,61.75,0,
g19135,627,81.02,0,
g19136,20206,36.58,0,
g19137,207,42.51,0,
g19138,234,59.83,0,
g19139,705,38.01,0,
g1914,6566,38.44,0,
g19140,1227,44.5,0,
g19141,381,58.01,0,
g19142,288,55.21,0,
g19143,4775,33.36,0,
g19144,280,51.07,0,
g19145,8513,36.34,0,
g19146,9819,33.3,0,
g19147,5809,34.34,0,
g19148,8477,36.72,0,
g19149,1062,38.61,0,
g1915,9598,37.84,0,
g19150,8762,33.44,0,
g19151,15584,34.93,0,
g19152,815,34.48,0,
g19153,5941,38.14,0,
g19154,6830,39.6,0,
g19155,1524,38.19,0,
g19156,2395,39.46,0,
g19157,2401,37.9,0,
g19158,2998,41.29,0,
g19159,4990,35.69,0,
g1916,1296,61.81,0,
g19160,888,35.47,0,
g19161,1452,37.47,0,
g19162,339,45.13,0,
g19163,6882,33.54,0,
g19164,5724,36.9,0,
g19165,9625,32.79,0,
g19166,4456,35.59,0,
g19167,1863,34.73,0,
g19168,288,30.21,0,
g19169,294,29.59,0,
g1917,7711,32.73,0,
g19170,1107,29.81,0,
g19171,3890,40.49,0,
g19172,1357,35.89,0,
g19173,3754,40.7,0,
g19174,12983,35.57,0,
g19175,4311,35.77,0,
g19176,237,56.12,0,
g19177,645,46.51,0,
g19178,14482,35.61,0,
g19179,27282,37.93,0,
g1918,11082,36.79,0,
g19180,327,41.59,0,
g19181,26622,34.04,0,
g19182,9681,34.86,0,
g19183,24665,32.86,0,
g19184,36285,32.72,0,
g19185,2670,33.11,0,
g19186,948,36.39,0,
g19187,8311,38.0,0,
g19188,4477,32.92,0,
g19189,1739,34.39,0,
g1919,5987,31.48,0,
g19190,144176,37.59,0,
g19191,633,34.91,0,
g19192,5684,33.22,0,
g19193,27424,37.39,0,
g19194,28963,34.75,0,
g19195,839,30.04,0,
g19196,47228,39.34,0,
g19197,21883,36.53,0,
g19198,2405,36.05,0,
g19199,80606,37.64,0,
g192,20054,36.07,0,
g1920,612,38.4,0,
g19200,270,58.15,0,
g19201,5237,40.81,0,
g19202,1390,40.94,0,
g19203,2672,40.53,0,
g19204,1430,27.13,0,
g19205,48290,34.64,0,
g19206,3828,38.04,0,
g19207,15513,33.07,0,
g19208,222,57.21,0,
g19209,7244,34.04,0,
g1921,264,53.03,0,
g19210,577,48.18,0,
g19211,13782,34.78,0,
g19212,9322,40.47,0,
g19213,18243,38.74,0,
g19214,23165,36.75,0,
g19215,21561,36.41,0,
g19216,3398,34.17,0,
g19217,456,52.63,0,
g19218,6990,35.16,0,
g19219,26577,35.13,0,
g1922,435,47.13,0,
g19220,24896,38.58,0,
g19221,1904,55.51,0,
g19222,969,53.15,0,
g19223,1948,42.3,0,
g19224,26896,34.79,0,
g19225,17608,33.57,0,
g19226,3975,34.79,0,
g19227,4100,31.59,0,
g19228,16871,36.12,0,
g19229,6928,37.37,0,
g1923,372,42.2,0,
g19230,2668,35.72,0,
g19231,2088,33.0,0,
g19232,441,41.27,0,
g19233,440,43.86,0,
g19234,3472,37.76,0,
g19235,2581,35.3,0,
g19236,930,54.3,0,
g19237,480,40.42,0,
g19238,6094,33.75,0,
g19239,2175,34.34,0,
g1924,5868,35.6,0,
g19240,2931,34.08,0,
g19241,5486,35.96,0,
g19242,11062,33.9,0,
g19243,2319,38.59,0,
g19244,423,40.66,0,
g19245,3623,34.45,0,
g19246,23075,35.73,0,
g19247,4030,33.0,0,
g19248,65293,36.39,0,
g19249,60587,36.62,0,
g1925,207,59.9,0,
g19250,2447,44.99,0,
g19251,1729,41.3,0,
g19252,10014,33.16,0,
g19253,42615,36.03,0,
g19254,4454,31.12,0,
g19255,90536,36.94,0,
g19256,13257,38.35,0,
g19257,9804,34.79,0,
g19258,6444,30.76,0,
g19259,26522,38.66,0,
g1926,5512,34.98,0,
g19260,17233,34.55,0,
g19261,4823,37.55,0,
g19262,3230,39.04,0,
g19263,318,53.46,0,
g19264,4294,48.51,0,
g19265,3936,46.82,0,
g19266,396,32.83,0,
g19267,408,41.42,0,
g19268,10448,38.74,0,
g19269,3597,32.14,0,
g1927,11946,33.02,0,
g19270,28359,38.85,0,
g19271,13058,39.55,0,
g19272,14695,39.17,0,
g19273,6802,35.17,0,
g19274,23188,35.53,0,
g19275,2570,33.81,0,
g19276,3105,32.82,0,
g19277,1308,38.84,0,
g19278,2148,41.62,0,
g19279,8000,39.2,0,
g1928,11295,34.64,0,
g19280,3062,35.04,0,
g19281,518,60.23,0,
g19282,13749,38.15,0,
g19283,720,66.39,0,
g19284,2507,34.78,0,
g19285,1572,29.45,0,
g19286,17170,37.75,0,
g19287,85831,35.93,0,
g19288,83171,35.92,0,
g19289,306,32.68,0,
g1929,19726,35.75,0,
g19290,30406,36.85,0,
g19291,870,57.93,0,
g19292,12283,36.55,0,
g19293,14729,36.64,0,
g19294,1984,43.95,0,
g19295,14143,36.07,0,
g19296,246,62.2,0,
g19297,246,64.23,0,
g19298,11510,38.8,0,
g19299,11494,32.37,0,
g193,25526,35.08,0,
g1930,48463,35.27,0,
g19300,13733,34.38,0,
g19301,15727,33.39,0,
g19302,252,56.75,0,
g19303,1408,53.34,0,
g19304,28007,37.47,0,
g19305,24175,36.39,0,
g19306,5587,30.7,0,
g19307,5108,34.59,0,
g19308,1869,30.23,0,
g19309,7839,34.06,0,
g1931,1658,36.55,0,
g19310,14500,35.17,0,
g19311,7365,38.45,0,
g19312,3957,40.94,0,
g19313,6905,40.35,0,
g19314,39763,35.77,0,
g19315,7141,32.64,0,
g19316,6442,37.33,0,
g19317,9246,36.07,0,
g19318,1534,37.94,0,
g19319,507,48.13,0,
g1932,2459,42.46,0,
g19320,1926,37.18,0,
g19321,486,49.79,0,
g19322,64398,37.51,0,
g19323,10846,35.06,0,
g19324,861,36.7,0,
g19325,6147,37.84,0,
g19326,2066,40.95,0,
g19327,5941,38.36,0,
g19328,6561,45.27,0,
g19329,39156,36.66,0,
g1933,5065,50.78,0,
g19330,7481,37.51,0,
g19331,9395,36.26,0,
g19332,516,36.43,0,
g19333,11759,35.27,0,
g19334,684,33.77,0,
g19335,1639,40.27,0,
g19336,10362,38.69,0,
g19337,4905,36.17,0,
g19338,246,42.28,0,
g19339,2079,36.22,0,
g1934,2562,38.21,0,
g19340,399,41.6,0,
g19341,7438,35.57,0,
g19342,6479,33.62,0,
g19343,753,40.77,0,
g19344,1097,39.65,0,
g19345,3785,36.49,0,
g19346,456,62.28,0,
g19347,3422,33.37,0,
g19348,4571,35.9,0,
g19349,5710,39.14,0,
g1935,3054,30.39,0,
g19350,6318,33.3,0,
g19351,7987,39.69,0,
g19352,2916,37.24,0,
g19353,8464,37.04,0,
g19354,3481,35.28,0,
g19355,4967,42.5,0,
g19356,15840,50.93,0,
g19357,6053,52.02,0,
g19358,716,63.13,0,
g19359,4234,38.5,0,
g1936,1005,49.85,0,
g19360,66511,36.72,0,
g19361,363,31.96,0,
g19362,38020,37.54,0,
g19363,3618,33.94,0,
g19364,10082,35.37,0,
g19365,3243,40.27,0,
g19366,2570,28.75,0,
g19367,13515,38.31,0,
g19368,7617,38.78,0,
g19369,1386,48.85,0,
g1937,17716,37.44,0,
g19370,12945,38.45,0,
g19371,52227,36.71,0,
g19372,3105,40.9,0,
g19373,522,66.48,0,
g19374,384,57.81,0,
g19375,759,46.38,0,
g19376,978,53.68,0,
g19377,930,49.46,0,
g19378,25545,36.65,0,
g19379,510,35.88,0,
g1938,1467,30.06,0,
g19380,1650,36.61,0,
g19381,32269,36.37,0,
g19382,1772,33.18,0,
g19383,3262,41.11,0,
g19384,91409,36.05,0,
g19385,762,34.51,0,
g19386,25870,35.49,0,
g19387,2244,37.25,0,
g19388,324,58.64,0,
g19389,216,60.19,0,
g1939,2245,31.89,0,
g19390,8883,36.88,0,
g19391,1094,44.79,0,
g19392,4820,35.93,0,
g19393,1368,39.04,0,
g19394,14657,33.78,0,
g19395,258,41.47,0,
g19396,17846,37.43,0,
g19397,1833,50.08,0,
g19398,1839,56.66,0,
g19399,3458,34.18,0,
g194,2619,33.68,0,
g1940,9404,40.92,0,
g19400,21418,35.18,0,
g19401,16056,38.0,0,
g19402,6141,32.06,0,
g19403,4225,38.91,0,
g19404,774,37.08,0,
g19405,774,40.7,0,
g19406,8890,35.88,0,
g19407,4829,34.0,0,
g19408,719,52.43,0,
g19409,1794,37.9,0,
g1941,23066,33.86,0,
g19410,2965,40.44,0,
g19411,3564,37.09,0,
g19412,2308,49.44,0,
g19413,15426,35.86,0,
g19414,2168,71.08,0,
g19415,8044,36.92,0,
g19416,1577,56.63,0,
g19417,3439,36.35,0,
g19418,435,74.71,0,
g19419,2851,39.21,0,
g1942,926,48.6,0,
g19420,1551,44.62,0,
g19421,435,51.95,0,
g19422,90146,35.76,0,
g19423,285,44.21,0,
g19424,8026,35.47,0,
g19425,1107,43.63,0,
g19426,1886,33.19,0,
g19427,16201,33.66,0,
g19428,1729,34.3,0,
g19429,2850,31.96,0,
g1943,6265,39.58,0,
g19430,36172,36.62,0,
g19431,14421,37.61,0,
g19432,24690,34.8,0,
g19433,315,69.84,0,
g19434,360,75.28,0,
g19435,1482,58.77,0,
g19436,548,54.2,0,
g19437,941,53.88,0,
g19438,3208,52.49,0,
g19439,354,52.26,0,
g1944,1418,41.4,0,
g19440,372,51.61,0,
g19441,270,55.93,0,
g19442,11996,33.91,0,
g19443,2588,37.56,0,
g19444,1107,48.06,0,
g19445,7597,35.62,0,
g19446,930,39.14,0,
g19447,8326,33.27,0,
g19448,2271,31.04,0,
g19449,1450,29.38,0,
g1945,366,50.55,0,
g19450,8988,31.98,0,
g19451,10256,35.05,0,
g19452,28464,36.42,0,
g19453,14785,35.35,0,
g19454,3604,34.91,0,
g19455,1908,34.75,0,
g19456,3037,35.0,0,
g19457,6609,33.05,0,
g19458,554,46.03,0,
g19459,13312,36.64,0,
g1946,255,56.08,0,
g19460,22095,38.59,0,
g19461,1985,35.87,0,
g19462,23608,38.27,0,
g19463,34610,38.57,0,
g19464,773,39.33,0,
g19465,591,52.28,0,
g19466,2905,35.35,0,
g19467,9593,37.17,0,
g19468,4670,37.86,0,
g19469,1372,37.9,0,
g1947,4114,37.07,0,
g19470,12683,38.94,0,
g19471,58426,35.83,0,
g19472,35825,35.75,0,
g19473,11681,40.5,0,
g19474,621,66.67,0,
g19475,32141,38.59,0,
g19476,6084,34.6,0,
g19477,2574,30.92,0,
g19478,3738,33.36,0,
g19479,4643,28.95,0,
g1948,9343,34.44,0,
g19480,55054,35.75,0,
g19481,5084,31.41,0,
g19482,17059,37.33,0,
g19483,828,39.49,0,
g19484,1553,38.12,0,
g19485,8511,32.59,0,
g19486,4543,31.85,0,
g19487,71365,36.65,0,
g19488,327,39.14,0,
g19489,1430,30.98,0,
g1949,1824,39.75,0,
g19490,297,33.0,0,
g19491,1256,33.92,0,
g19492,6224,37.77,0,
g19493,24443,37.04,0,
g19494,27672,42.35,0,
g19495,12066,38.43,0,
g19496,7005,37.99,0,
g19497,29999,36.36,0,
g19498,9714,34.18,0,
g19499,6858,37.04,0,
g195,12534,41.36,0,
g1950,3756,32.61,0,
g19500,7027,36.74,0,
g19501,312,54.81,0,
g19502,36330,36.15,0,
g19503,11362,35.06,0,
g19504,2739,34.9,0,
g19505,4091,33.66,0,
g19506,6976,34.17,0,
g19507,3623,35.3,0,
g19508,26277,33.67,0,
g19509,7715,33.82,0,
g1951,711,36.99,0,
g19510,9975,33.24,0,
g19511,1982,34.71,0,
g19512,23407,36.1,0,
g19513,2172,38.49,0,
g19514,528,35.42,0,
g19515,309,45.31,0,
g19516,810,42.59,0,
g19517,3327,44.45,0,
g19518,36274,37.21,0,
g19519,339,62.54,0,
g1952,2254,35.18,0,
g19520,756,43.65,0,
g19521,318,50.94,0,
g19522,2199,45.02,0,
g19523,4376,49.77,0,
g19524,1490,33.36,0,
g19525,518,34.17,0,
g19526,1200,30.17,0,
g19527,222,64.41,0,
g19528,993,42.3,0,
g19529,6392,53.77,0,
g1953,14747,33.88,0,
g19530,6373,36.12,0,
g19531,26759,34.3,0,
g19532,3497,47.58,0,
g19533,2873,49.63,0,
g19534,4726,37.69,0,
g19535,8831,36.07,0,
g19536,28304,33.29,0,
g19537,1678,34.27,0,
g19538,2776,30.58,0,
g19539,288,52.08,0,
g1954,378,52.65,0,
g19540,1014,65.58,0,
g19541,351,47.86,0,
g19542,1863,37.9,0,
g19543,282,56.74,0,
g19544,514,50.19,0,
g19545,17916,36.09,0,
g19546,16538,39.74,0,
g19547,3220,46.74,0,
g19548,3728,32.11,0,
g19549,1488,38.37,0,
g1955,381,32.55,0,
g19550,17722,34.52,0,
g19551,12906,33.58,0,
g19552,6480,33.77,0,
g19553,9813,32.44,0,
g19554,912,70.39,0,
g19555,31381,35.88,0,
g19556,10185,31.38,0,
g19557,2638,33.59,0,
g19558,4903,30.47,0,
g19559,57947,38.96,0,
g1956,2251,35.5,0,
g19560,408,38.48,0,
g19561,1132,33.83,0,
g19562,3636,33.25,0,
g19563,3966,38.12,0,
g19564,1497,43.09,0,
g19565,5177,36.53,0,
g19566,18250,35.88,0,
g19567,34674,37.49,0,
g19568,7754,39.57,0,
g19569,37661,37.47,0,
g1957,11160,35.07,0,
g19570,18281,34.72,0,
g19571,2693,32.01,0,
g19572,9778,34.33,0,
g19573,13457,36.97,0,
g19574,375,56.0,0,
g19575,405,44.44,0,
g19576,321,55.45,0,
g19577,505,41.58,0,
g19578,12651,36.46,0,
g19579,15123,35.56,0,
g1958,318,50.94,0,
g19580,3056,39.99,0,
g19581,318,65.09,0,
g19582,333,62.76,0,
g19583,15533,34.06,0,
g19584,7690,41.82,0,
g19585,10801,35.31,0,
g19586,315,38.1,0,
g19587,49383,34.84,0,
g19588,2196,31.92,0,
g19589,459,49.02,0,
g1959,1987,45.55,0,
g19590,7025,39.54,0,
g19591,4612,31.37,0,
g19592,1080,36.3,0,
g19593,9571,37.1,0,
g19594,22844,34.54,0,
g19595,68647,36.97,0,
g19596,3453,33.36,0,
g19597,2929,33.77,0,
g19598,6824,39.51,0,
g19599,11565,37.23,0,
g196,11406,33.0,0,
g1960,1267,40.96,0,
g19600,6753,34.37,0,
g19601,1503,37.59,0,
g19602,3813,30.87,0,
g19603,4617,33.87,0,
g19604,16703,35.92,0,
g19605,8166,35.48,0,
g19606,12555,37.32,0,
g19607,8484,35.45,0,
g19608,48633,35.73,0,
g19609,8789,31.9,0,
g1961,4871,37.26,0,
g19610,11441,34.32,0,
g19611,21791,32.9,0,
g19612,17604,38.03,0,
g19613,39304,36.51,0,
g19614,28628,38.46,0,
g19615,22101,36.15,0,
g19616,686,40.52,0,
g19617,11820,37.7,0,
g19618,2597,33.08,0,
g19619,960,41.25,0,
g1962,2452,42.09,0,
g19620,10770,32.92,0,
g19621,16169,34.2,0,
g19622,6217,35.13,0,
g19623,5475,35.54,0,
g19624,11477,36.58,0,
g19625,3461,37.97,0,
g19626,3848,42.15,0,
g19627,20391,40.17,0,
g19628,41014,37.72,0,
g19629,42994,36.73,0,
g1963,7833,35.43,0,
g19630,11036,32.55,0,
g19631,1835,35.59,0,
g19632,2014,37.39,0,
g19633,1047,41.45,0,
g19634,279,43.73,0,
g19635,294,41.5,0,
g19636,348,55.17,0,
g19637,453,47.46,0,
g19638,621,54.75,0,
g19639,1402,52.64,0,
g1964,29638,33.8,0,
g19640,1474,56.45,0,
g19641,1329,54.93,0,
g19642,2901,50.43,0,
g19643,1143,51.09,0,
g19644,1230,57.15,0,
g19645,261,54.41,0,
g19646,835,52.34,0,
g19647,15555,37.72,0,
g19648,47071,35.65,0,
g19649,6095,31.48,0,
g1965,10579,35.36,0,
g19650,1353,32.37,0,
g19651,13238,36.31,0,
g19652,3151,33.77,0,
g19653,1434,38.84,0,
g19654,885,33.79,0,
g19655,10228,34.65,0,
g19656,2125,38.92,0,
g19657,237,59.92,0,
g19658,8622,37.01,0,
g19659,432,56.94,0,
g1966,9387,37.45,0,
g19660,1315,37.11,0,
g19661,390,65.64,0,
g19662,7980,33.82,0,
g19663,1512,37.17,0,
g19664,291,60.82,0,
g19665,1464,37.84,0,
g19666,7959,38.69,0,
g19667,27560,37.23,0,
g19668,966,38.1,0,
g19669,14922,33.97,0,
g1967,20948,33.33,0,
g19670,16985,39.98,0,
g19671,2983,39.52,0,
g19672,50324,36.62,0,
g19673,603,66.67,0,
g19674,13376,39.2,0,
g19675,43784,35.18,0,
g19676,7963,34.7,0,
g19677,8209,36.29,0,
g19678,2329,36.58,0,
g19679,1875,39.89,0,
g1968,1502,36.68,0,
g19680,327,46.79,0,
g19681,264,57.95,0,
g19682,309,42.39,0,
g19683,10081,37.36,0,
g19684,17920,34.99,0,
g19685,3351,41.33,0,
g19686,4322,36.02,0,
g19687,10902,35.2,0,
g19688,15457,35.66,0,
g19689,20258,36.44,0,
g1969,10698,35.66,0,
g19690,13237,44.84,0,
g19691,543,60.77,0,
g19692,14429,37.31,0,
g19693,24128,37.33,0,
g19694,8433,40.89,0,
g19695,11176,37.08,0,
g19696,6921,33.74,0,
g19697,273,46.15,0,
g19698,1453,34.14,0,
g19699,468,74.36,0,
g197,3451,34.45,0,
g1970,11126,32.46,0,
g19700,2940,40.68,0,
g19701,4180,35.69,0,
g19702,3872,36.54,0,
g19703,42025,37.35,0,
g19704,207,64.25,0,
g19705,10989,36.32,0,
g19706,16616,34.93,0,
g19707,4416,36.98,0,
g19708,2178,34.25,0,
g19709,3080,32.86,0,
g1971,5530,37.23,0,
g19710,9299,37.18,0,
g19711,13644,37.03,0,
g19712,23967,34.38,0,
g19713,8798,34.95,0,
g19714,32828,40.33,0,
g19715,19527,35.14,0,
g19716,48768,36.04,0,
g19717,55816,35.96,0,
g19718,21176,36.36,0,
g19719,1665,42.64,0,
g1972,4650,32.04,0,
g19720,5087,33.52,0,
g19721,42341,33.79,0,
g19722,89763,35.58,0,
g19723,3063,31.41,0,
g19724,10594,37.12,0,
g19725,3147,45.6,0,
g19726,11288,50.6,0,
g19727,537,60.71,0,
g19728,294,52.72,0,
g19729,594,58.75,0,
g1973,5036,36.6,0,
g19730,882,58.39,0,
g19731,1107,57.36,0,
g19732,330,63.94,0,
g19733,1109,57.35,0,
g19734,735,56.05,0,
g19735,12110,48.36,0,
g19736,339,40.41,0,
g19737,615,39.02,0,
g19738,14443,47.59,0,
g19739,7610,34.97,0,
g1974,96112,36.47,0,
g19740,11217,37.49,0,
g19741,457,56.67,0,
g19742,8567,41.33,0,
g19743,11529,34.38,0,
g19744,798,43.86,0,
g19745,585,35.21,0,
g19746,2186,36.87,0,
g19747,3206,33.13,0,
g19748,837,36.68,0,
g19749,2257,35.76,0,
g1975,3427,36.04,0,
g19750,414,36.71,0,
g19751,7299,35.17,0,
g19752,18184,39.2,0,
g19753,10699,42.49,0,
g19754,17738,38.91,0,
g19755,408,45.83,0,
g19756,8844,35.23,0,
g19757,324,58.33,0,
g19758,447,51.45,0,
g19759,6492,42.42,0,
g1976,3867,37.83,0,
g19760,8134,45.08,0,
g19761,222,50.45,0,
g19762,4315,38.89,0,
g19763,16579,32.79,0,
g19764,1501,35.04,0,
g19765,9095,31.81,0,
g19766,9247,31.63,0,
g19767,2027,38.97,0,
g19768,285,61.75,0,
g19769,8021,35.51,0,
g1977,6697,35.61,0,
g19770,12015,51.06,0,
g19771,33669,34.27,0,
g19772,3609,36.08,0,
g19773,105329,35.71,0,
g19774,3627,32.23,0,
g19775,26793,35.93,0,
g19776,335,60.0,0,
g19777,15579,36.39,0,
g19778,282,64.18,0,
g19779,99297,36.66,0,
g1978,7117,37.56,0,
g19780,1347,43.13,0,
g19781,3109,38.08,0,
g19782,6715,35.47,0,
g19783,37184,33.23,0,
g19784,2273,30.36,0,
g19785,210,76.67,0,
g19786,3546,43.82,0,
g19787,45287,38.17,0,
g19788,30886,35.82,0,
g19789,8126,35.54,0,
g1979,9311,31.87,0,
g19790,20591,31.85,0,
g19791,51063,39.63,0,
g19792,2273,45.4,0,
g19793,6892,31.99,0,
g19794,11569,32.93,0,
g19795,1592,34.42,0,
g19796,53526,35.24,0,
g19797,3316,31.82,0,
g19798,2137,30.88,0,
g19799,6648,31.98,0,
g198,21624,36.41,0,
g1980,639,60.56,0,
g19800,21692,34.13,0,
g19801,5948,33.99,0,
g19802,1256,25.88,0,
g19803,18343,37.74,0,
g19804,448,34.38,0,
g19805,16958,36.1,0,
g19806,234,69.66,0,
g19807,3400,34.12,0,
g19808,27268,40.9,0,
g19809,2357,30.08,0,
g1981,2008,42.03,0,
g19810,1019,33.37,0,
g19811,1569,34.93,0,
g19812,24179,35.11,0,
g19813,21006,37.87,0,
g19814,6060,40.59,0,
g19815,435,38.39,0,
g19816,2706,32.3,0,
g19817,3827,32.43,0,
g19818,11270,39.2,0,
g19819,30783,36.54,0,
g1982,2769,36.44,0,
g19820,591,34.35,0,
g19821,2359,40.4,0,
g19822,5155,38.1,0,
g19823,4974,35.38,0,
g19824,678,40.27,0,
g19825,27637,35.28,0,
g19826,11231,38.47,0,
g19827,30249,33.37,0,
g19828,569,34.8,0,
g19829,1689,28.95,0,
g1983,489,36.81,0,
g19830,9913,34.87,0,
g19831,30408,34.18,0,
g19832,31482,36.07,0,
g19833,681,49.34,0,
g19834,1251,39.89,0,
g19835,7718,32.72,0,
g19836,21441,37.24,0,
g19837,5411,37.11,0,
g19838,15344,35.05,0,
g19839,10423,38.7,0,
g1984,861,65.97,0,
g19840,12546,38.46,0,
g19841,15284,36.36,0,
g19842,6793,39.47,0,
g19843,8109,40.3,0,
g19844,47718,39.75,0,
g19845,249,61.45,0,
g19846,210,72.38,0,
g19847,482,53.11,0,
g19848,832,52.28,0,
g19849,240,57.5,0,
g1985,303,66.67,0,
g19850,249,51.0,0,
g19851,592,50.34,0,
g19852,26781,32.13,0,
g19853,10211,35.08,0,
g19854,7081,40.04,0,
g19855,30379,34.33,0,
g19856,33894,36.98,0,
g19857,1578,34.92,0,
g19858,1719,39.44,0,
g19859,579,48.36,0,
g1986,1384,46.89,0,
g19860,54312,37.02,0,
g19861,26065,36.34,0,
g19862,12187,37.33,0,
g19863,5098,37.41,0,
g19864,6041,35.69,0,
g19865,11395,37.23,0,
g19866,213,63.85,0,
g19867,11890,37.01,0,
g19868,19719,38.1,0,
g19869,3502,35.75,0,
g1987,3967,45.53,0,
g19870,2017,38.37,0,
g19871,5531,39.56,0,
g19872,650,42.31,0,
g19873,1433,43.27,0,
g19874,4452,33.38,0,
g19875,10867,37.01,0,
g19876,3699,32.44,0,
g19877,10634,34.09,0,
g19878,70197,37.03,0,
g19879,3288,36.1,0,
g1988,1286,40.2,0,
g19880,2003,52.22,0,
g19881,294,69.39,0,
g19882,16431,36.92,0,
g19883,228,55.7,0,
g19884,18992,38.7,0,
g19885,6162,38.62,0,
g19886,402,61.44,0,
g19887,29323,37.42,0,
g19888,73439,35.39,0,
g19889,10352,35.05,0,
g1989,10391,32.95,0,
g19890,11506,33.5,0,
g19891,17574,35.22,0,
g19892,7731,33.77,0,
g19893,8734,42.39,0,
g19894,6723,37.04,0,
g19895,366,47.27,0,
g19896,25369,37.41,0,
g19897,18387,33.76,0,
g19898,7413,38.0,0,
g19899,952,42.44,0,
g199,4459,33.1,0,
g1990,728,31.04,0,
g19900,3237,37.26,0,
g19901,27238,35.58,0,
g19902,80548,37.95,0,
g19903,6211,40.38,0,
g19904,7475,37.18,0,
g19905,12928,34.13,0,
g19906,5847,42.33,0,
g19907,2427,34.28,0,
g19908,1027,37.29,0,
g19909,346,42.77,0,
g1991,17616,33.84,0,
g19910,9981,36.11,0,
g19911,2503,41.63,0,
g19912,2373,40.24,0,
g19913,1862,46.08,0,
g19914,753,47.01,0,
g19915,1671,37.4,0,
g19916,2401,41.73,0,
g19917,630,55.08,0,
g19918,498,56.63,0,
g19919,768,54.69,0,
g1992,9855,34.01,0,
g19920,1969,43.32,0,
g19921,285,57.89,0,
g19922,294,42.18,0,
g19923,1264,41.22,0,
g19924,4432,37.5,0,
g19925,828,39.01,0,
g19926,33795,37.66,0,
g19927,15388,40.68,0,
g19928,29158,36.66,0,
g19929,255,40.0,0,
g1993,2084,29.65,0,
g19930,13620,36.2,0,
g19931,17223,33.99,0,
g19932,6257,31.61,0,
g19933,25535,36.75,0,
g19934,16289,37.36,0,
g19935,15288,34.65,0,
g19936,25816,35.84,0,
g19937,11402,35.75,0,
g19938,24994,35.72,0,
g19939,4021,32.98,0,
g1994,10940,34.7,0,
g19940,378,47.09,0,
g19941,11313,38.29,0,
g19942,3767,37.24,0,
g19943,6532,37.54,0,
g19944,252,68.65,0,
g19945,336,55.36,0,
g19946,261,60.92,0,
g19947,19844,35.83,0,
g19948,8985,34.08,0,
g19949,7799,35.63,0,
g1995,6320,34.67,0,
g19950,175071,35.84,0,
g19951,5389,31.9,0,
g19952,9889,33.96,0,
g19953,4096,36.72,0,
g19954,42557,35.39,0,
g19955,52480,36.15,0,
g19956,870,58.16,0,
g19957,13101,39.81,0,
g19958,5614,31.94,0,
g19959,4352,30.31,0,
g1996,999,38.04,0,
g19960,11848,37.26,0,
g19961,3349,35.47,0,
g19962,23714,37.45,0,
g19963,29049,39.51,0,
g19964,16557,36.01,0,
g19965,682,31.96,0,
g19966,7586,35.09,0,
g19967,7508,35.07,0,
g19968,3039,33.4,0,
g19969,309,50.49,0,
g1997,3781,30.52,0,
g19970,2028,36.09,0,
g19971,324,66.98,0,
g19972,618,70.06,0,
g19973,682,44.72,0,
g19974,4704,33.8,0,
g19975,8673,40.22,0,
g19976,435,46.9,0,
g19977,1222,43.45,0,
g19978,79199,35.16,0,
g19979,47879,35.88,0,
g1998,2902,32.18,0,
g19980,11933,38.39,0,
g19981,1765,31.44,0,
g19982,16183,36.91,0,
g19983,5268,41.21,0,
g19984,7271,44.41,0,
g19985,267,39.7,0,
g19986,399,68.92,0,
g19987,22881,38.11,0,
g19988,2319,36.65,0,
g19989,45956,36.08,0,
g1999,2828,37.34,0,
g19990,18057,37.48,0,
g19991,6404,33.53,0,
g19992,2418,30.48,0,
g19993,6278,32.05,0,
g19994,4388,31.79,0,
g19995,1256,33.92,0,
g19996,273,57.88,0,
g19997,2163,48.08,0,
g19998,33366,33.73,0,
g19999,18117,33.25,0,
g2,300,52.67,0,
g20,18306,35.62,0,
g200,23805,36.39,0,
g2000,4453,36.85,0,
g20000,1860,40.7,0,
g20001,53565,33.93,0,
g20002,1137,40.19,0,
g20003,1008,40.18,0,
g20004,16672,36.62,0,
g20005,1684,32.66,0,
g20006,1140,35.96,0,
g20007,15172,36.59,0,
g20008,402,33.83,0,
g20009,3389,36.44,0,
g2001,2118,41.97,0,
g20010,48765,39.22,0,
g20011,4509,40.92,0,
g20012,6480,34.98,0,
g20013,7126,41.27,0,
g20014,1047,57.78,0,
g20015,17016,35.06,0,
g20016,597,63.65,0,
g20017,485,58.97,0,
g20018,4513,36.69,0,
g20019,27260,36.21,0,
g2002,47788,37.8,0,
g20020,717,38.77,0,
g20021,843,40.57,0,
g20022,7006,34.36,0,
g20023,3809,35.91,0,
g20024,3228,34.51,0,
g20025,5377,42.33,0,
g20026,28072,38.18,0,
g20027,16491,35.26,0,
g20028,190,56.32,0,
g20029,1016,61.52,0,
g2003,41315,37.09,0,
g20030,25364,33.82,0,
g20031,315,39.37,0,
g20032,519,54.34,0,
g20033,10413,41.26,0,
g20034,3933,39.18,0,
g20035,276,56.88,0,
g20036,294,60.54,0,
g20037,851,43.95,0,
g20038,303,47.52,0,
g20039,2756,34.87,0,
g2004,4787,37.35,0,
g20040,31026,37.99,0,
g20041,2721,47.85,0,
g20042,2388,35.72,0,
g20043,15882,39.72,0,
g20044,12806,39.33,0,
g20045,255,53.33,0,
g20046,1907,41.43,0,
g20047,7242,40.25,0,
g20048,339,49.26,0,
g20049,7641,37.63,0,
g2005,6094,36.17,0,
g20050,9977,41.19,0,
g20051,901,39.51,0,
g20052,604,31.29,0,
g20053,1163,40.58,0,
g20054,9981,36.19,0,
g20055,53333,32.84,0,
g20056,2078,33.49,0,
g20057,858,38.69,0,
g20058,6757,35.67,0,
g20059,85263,36.72,0,
g2006,3967,34.03,0,
g20060,64107,35.97,0,
g20061,225,54.22,0,
g20062,7363,36.3,0,
g20063,9326,34.84,0,
g20064,14632,36.45,0,
g20065,13507,35.4,0,
g20066,282,63.12,0,
g20067,3579,46.16,0,
g20068,18318,38.42,0,
g20069,9512,36.18,0,
g2007,231,56.71,0,
g20070,852,51.06,0,
g20071,68498,34.86,0,
g20072,56293,35.92,0,
g20073,219,52.05,0,
g20074,1841,32.75,0,
g20075,5794,32.55,0,
g20076,1867,31.28,0,
g20077,73750,36.42,0,
g20078,12233,35.77,0,
g20079,12288,33.54,0,
g2008,333,53.15,0,
g20080,5992,33.51,0,
g20081,1181,36.41,0,
g20082,1136,31.69,0,
g20083,7974,29.53,0,
g20084,1128,33.07,0,
g20085,3581,33.87,0,
g20086,5832,29.75,0,
g20087,942,33.97,0,
g20088,3871,30.48,0,
g20089,6066,28.44,0,
g2009,657,60.58,0,
g20090,1203,33.0,0,
g20091,5375,29.49,0,
g20092,447,34.23,0,
g20093,552,32.07,0,
g20094,1920,28.59,0,
g20095,888,35.02,0,
g20096,3026,32.19,0,
g20097,6654,28.1,0,
g20098,2625,35.01,0,
g20099,723,35.41,0,
g201,15911,36.11,0,
g2010,26369,37.27,0,
g20100,1224,32.03,0,
g20101,3815,31.25,0,
g20102,612,45.26,0,
g20103,516,53.29,0,
g20104,525,52.19,0,
g20105,737,33.24,0,
g20106,1922,33.4,0,
g20107,9314,32.93,0,
g20108,10660,35.27,0,
g20109,1224,32.03,0,
g2011,3531,39.37,0,
g20110,3815,31.25,0,
g20111,1158,32.9,0,
g20112,498,30.12,0,
g20113,321,60.44,0,
g20114,11238,37.14,0,
g20115,4342,38.99,0,
g20116,4166,38.09,0,
g20117,5848,42.97,0,
g20118,64576,38.12,0,
g20119,2524,49.05,0,
g2012,989,37.82,0,
g20120,269,53.16,0,
g20121,4754,38.7,0,
g20122,19000,35.19,0,
g20123,10290,33.21,0,
g20124,3121,31.4,0,
g20125,42509,36.05,0,
g20126,306,32.68,0,
g20127,4089,40.33,0,
g20128,756,36.11,0,
g20129,3850,30.36,0,
g2013,3766,36.11,0,
g20130,1469,34.99,0,
g20131,644,38.66,0,
g20132,1141,37.07,0,
g20133,38694,33.2,0,
g20134,5131,32.12,0,
g20135,10259,38.03,0,
g20136,381,44.36,0,
g20137,2534,32.87,0,
g20138,1983,35.65,0,
g20139,996,67.37,0,
g2014,828,39.61,0,
g20140,5319,34.71,0,
g20141,34606,36.55,0,
g20142,3239,44.4,0,
g20143,3838,38.9,0,
g20144,1529,37.48,0,
g20145,10604,35.51,0,
g20146,16372,37.48,0,
g20147,1020,40.98,0,
g20148,5619,38.74,0,
g20149,9914,34.93,0,
g2015,14155,38.44,0,
g20150,8768,38.01,0,
g20151,37337,37.87,0,
g20152,14341,34.86,0,
g20153,6872,35.29,0,
g20154,8028,34.11,0,
g20155,7321,37.37,0,
g20156,59412,34.2,0,
g20157,4773,32.7,0,
g20158,5087,37.21,0,
g20159,8536,35.61,0,
g2016,3618,33.17,0,
g20160,3326,33.37,0,
g20161,53075,36.02,0,
g20162,13765,39.12,0,
g20163,5550,29.42,0,
g20164,8504,35.98,0,
g20165,8332,31.96,0,
g20166,24342,33.42,0,
g20167,1320,42.95,0,
g20168,975,60.92,0,
g20169,984,62.7,0,
g2017,3174,34.88,0,
g20170,14850,35.51,0,
g20171,1023,34.7,0,
g20172,729,36.21,0,
g20173,2150,39.63,0,
g20174,483,42.03,0,
g20175,4869,41.28,0,
g20176,12448,38.99,0,
g20177,5384,32.56,0,
g20178,46993,35.23,0,
g20179,1800,38.94,0,
g2018,14556,35.45,0,
g20180,837,41.34,0,
g20181,4890,41.43,0,
g20182,744,37.9,0,
g20183,313,60.06,0,
g20184,71301,37.2,0,
g20185,279,49.46,0,
g20186,11052,36.07,0,
g20187,4160,36.61,0,
g20188,15378,36.3,0,
g20189,6143,33.79,0,
g2019,43990,35.07,0,
g20190,12365,37.25,0,
g20191,3618,33.94,0,
g20192,10819,33.35,0,
g20193,2502,35.73,0,
g20194,5298,33.47,0,
g20195,11350,39.52,0,
g20196,4897,35.51,0,
g20197,7511,40.85,0,
g20198,5602,39.31,0,
g20199,4652,44.65,0,
g202,5683,36.46,0,
g2020,3910,38.8,0,
g20200,291,57.39,0,
g20201,4187,38.12,0,
g20202,2543,40.03,0,
g20203,331,38.07,0,
g20204,14459,38.06,0,
g20205,270,63.33,0,
g20206,11075,36.33,0,
g20207,4166,32.33,0,
g20208,50809,36.65,0,
g20209,2246,37.0,0,
g2021,1843,31.69,0,
g20210,90207,34.38,0,
g20211,551,31.4,0,
g20212,9489,49.4,0,
g20213,4845,34.84,0,
g20214,6471,36.24,0,
g20215,12117,34.37,0,
g20216,1967,35.99,0,
g20217,2107,45.47,0,
g20218,2929,33.66,0,
g20219,26655,36.06,0,
g2022,72047,36.65,0,
g20220,7264,33.67,0,
g20221,8005,38.99,0,
g20222,46714,39.1,0,
g20223,927,60.84,0,
g20224,381,46.98,0,
g20225,5998,35.38,0,
g20226,6830,32.88,0,
g20227,22018,33.65,0,
g20228,645,45.89,0,
g20229,19113,35.09,0,
g2023,5496,33.15,0,
g20230,8448,33.19,0,
g20231,1218,41.3,0,
g20232,1229,40.76,0,
g20233,4095,37.05,0,
g20234,360,41.67,0,
g20235,1037,33.94,0,
g20236,10418,38.65,0,
g20237,7213,35.77,0,
g20238,1513,29.15,0,
g20239,1402,38.16,0,
g2024,294,46.6,0,
g20240,219,59.36,0,
g20241,2623,41.59,0,
g20242,5424,36.26,0,
g20243,1017,40.9,0,
g20244,3098,36.99,0,
g20245,1388,42.94,0,
g20246,3680,37.12,0,
g20247,9350,37.21,0,
g20248,3210,37.29,0,
g20249,1703,37.93,0,
g2025,594,50.67,0,
g20250,3128,36.38,0,
g20251,972,39.09,0,
g20252,1675,35.94,0,
g20253,3138,50.38,0,
g20254,6605,33.57,0,
g20255,53712,37.43,0,
g20256,40418,35.61,0,
g20257,1824,39.69,0,
g20258,399,54.89,0,
g20259,9663,44.42,0,
g2026,12271,37.28,0,
g20260,270,51.85,0,
g20261,105278,35.75,0,
g20262,4308,36.91,0,
g20263,888,45.95,0,
g20264,10446,35.23,0,
g20265,11707,38.18,0,
g20266,660,56.82,0,
g20267,26184,37.76,0,
g20268,7865,38.7,0,
g20269,366,45.9,0,
g2027,19455,34.75,0,
g20270,8259,41.34,0,
g20271,5115,41.51,0,
g20272,817,55.45,0,
g20273,636,46.07,0,
g20274,3898,42.61,0,
g20275,13529,37.09,0,
g20276,13400,36.75,0,
g20277,249,59.44,0,
g20278,938,48.61,0,
g20279,29582,33.64,0,
g2028,15960,35.51,0,
g20280,6781,33.89,0,
g20281,2550,34.82,0,
g20282,4203,46.54,0,
g20283,226361,35.67,0,
g20284,37440,35.44,0,
g20285,17383,41.01,0,
g20286,15851,40.77,0,
g20287,9075,33.82,0,
g20288,7523,35.82,0,
g20289,3898,34.79,0,
g2029,13719,35.18,0,
g20290,1387,61.93,0,
g20291,20251,38.63,0,
g20292,12163,39.6,0,
g20293,375,51.73,0,
g20294,14391,36.56,0,
g20295,7203,34.35,0,
g20296,9650,36.58,0,
g20297,3791,32.79,0,
g20298,2219,32.81,0,
g20299,7173,37.46,0,
g203,3399,33.45,0,
g2030,264,55.68,0,
g20300,26847,35.16,0,
g20301,12180,38.53,0,
g20302,15488,34.46,0,
g20303,21211,38.81,0,
g20304,366,46.72,0,
g20305,1141,31.64,0,
g20306,10904,36.47,0,
g20307,2600,32.46,0,
g20308,4083,36.08,0,
g20309,59569,34.82,0,
g2031,3487,37.71,0,
g20310,3762,32.78,0,
g20311,3013,36.38,0,
g20312,11647,32.69,0,
g20313,59197,39.31,0,
g20314,237,58.65,0,
g20315,2581,32.47,0,
g20316,9289,37.85,0,
g20317,1054,36.91,0,
g20318,46369,36.33,0,
g20319,465,50.75,0,
g2032,14319,40.04,0,
g20320,114226,36.08,0,
g20321,1263,42.68,0,
g20322,1152,54.86,0,
g20323,3712,29.09,0,
g20324,7104,34.74,0,
g20325,8455,36.42,0,
g20326,14084,38.63,0,
g20327,3077,40.62,0,
g20328,213,56.34,0,
g20329,1609,36.42,0,
g2033,3285,45.88,0,
g20330,19010,35.57,0,
g20331,9694,33.04,0,
g20332,2089,35.09,0,
g20333,32460,36.48,0,
g20334,35163,37.64,0,
g20335,6348,35.87,0,
g20336,4410,32.83,0,
g20337,2028,35.9,0,
g20338,9300,32.72,0,
g20339,3211,32.45,0,
g2034,6628,33.3,0,
g20340,22658,34.27,0,
g20341,6041,33.11,0,
g20342,38867,36.38,0,
g20343,41306,36.28,0,
g20344,7238,31.14,0,
g20345,2436,34.44,0,
g20346,43955,35.93,0,
g20347,19739,35.38,0,
g20348,491,49.69,0,
g20349,55929,35.31,0,
g2035,4353,39.54,0,
g20350,267,59.55,0,
g20351,11545,35.87,0,
g20352,12128,37.0,0,
g20353,3585,44.32,0,
g20354,516,47.87,0,
g20355,18636,32.97,0,
g20356,3694,30.73,0,
g20357,276,38.77,0,
g20358,8291,35.53,0,
g20359,222,59.91,0,
g2036,351,35.9,0,
g20360,120851,35.88,0,
g20361,21251,35.25,0,
g20362,1089,34.07,0,
g20363,915,34.32,0,
g20364,1618,37.08,0,
g20365,740,28.11,0,
g20366,58682,33.81,0,
g20367,1422,53.31,0,
g20368,14737,38.4,0,
g20369,282,43.62,0,
g2037,4213,38.38,0,
g20370,2149,36.58,0,
g20371,348,59.48,0,
g20372,1041,46.69,0,
g20373,2133,45.38,0,
g20374,5266,40.18,0,
g20375,522,57.28,0,
g20376,3092,40.78,0,
g20377,7106,35.38,0,
g20378,2132,45.26,0,
g20379,107591,35.62,0,
g2038,240,61.25,0,
g20380,2396,37.44,0,
g20381,210,54.76,0,
g20382,6819,35.36,0,
g20383,327,52.29,0,
g20384,234,61.97,0,
g20385,7893,36.54,0,
g20386,321,49.53,0,
g20387,4580,43.69,0,
g20388,237,47.68,0,
g20389,1918,50.73,0,
g2039,1026,52.24,0,
g20390,23005,35.18,0,
g20391,4566,44.94,0,
g20392,44808,36.73,0,
g20393,9827,32.99,0,
g20394,18425,38.17,0,
g20395,384,66.15,0,
g20396,10566,32.15,0,
g20397,5345,32.25,0,
g20398,357,60.22,0,
g20399,98246,36.18,0,
g204,54606,36.74,0,
g2040,729,45.68,0,
g20400,72099,37.57,0,
g20401,965,31.5,0,
g20402,964,31.43,0,
g20403,555,67.21,0,
g20404,4641,37.17,0,
g20405,1111,49.68,0,
g20406,910,49.23,0,
g20407,12657,35.02,0,
g20408,28922,36.4,0,
g20409,9582,35.09,0,
g2041,3206,35.0,0,
g20410,339,44.54,0,
g20411,4088,40.39,0,
g20412,333,55.56,0,
g20413,3096,32.75,0,
g20414,22064,42.1,0,
g20415,8993,36.68,0,
g20416,9847,32.25,0,
g20417,2071,38.53,0,
g20418,4278,36.77,0,
g20419,1913,38.68,0,
g2042,4628,33.54,0,
g20420,1212,45.21,0,
g20421,5245,35.52,0,
g20422,1799,33.91,0,
g20423,725,54.62,0,
g20424,237,54.43,0,
g20425,4733,39.53,0,
g20426,1470,33.2,0,
g20427,324,64.51,0,
g20428,402,38.56,0,
g20429,20753,33.86,0,
g2043,3811,37.29,0,
g20430,8385,38.56,0,
g20431,4062,37.0,0,
g20432,14246,38.47,0,
g20433,3374,35.83,0,
g20434,4539,37.48,0,
g20435,525,59.43,0,
g20436,6297,31.98,0,
g20437,5790,36.46,0,
g20438,5787,38.57,0,
g20439,36274,35.77,0,
g2044,1378,52.9,0,
g20440,4238,35.39,0,
g20441,4314,36.16,0,
g20442,1173,59.16,0,
g20443,1442,41.47,0,
g20444,1107,45.98,0,
g20445,2819,35.69,0,
g20446,15661,31.75,0,
g20447,20881,41.19,0,
g20448,6213,33.56,0,
g20449,2023,35.54,0,
g2045,536,45.34,0,
g20450,8487,46.02,0,
g20451,2342,46.67,0,
g20452,447,43.18,0,
g20453,33049,35.97,0,
g20454,1583,31.96,0,
g20455,2363,32.25,0,
g20456,10911,37.74,0,
g20457,2309,33.35,0,
g20458,738,46.61,0,
g20459,52016,36.25,0,
g2046,18612,34.48,0,
g20460,264,51.14,0,
g20461,467,50.75,0,
g20462,507,47.93,0,
g20463,3870,37.75,0,
g20464,6018,35.53,0,
g20465,37885,34.76,0,
g20466,1277,46.2,0,
g20467,35993,38.17,0,
g20468,19083,34.99,0,
g20469,4038,39.8,0,
g2047,479,52.61,0,
g20470,249,55.82,0,
g20471,1038,41.71,0,
g20472,3415,33.09,0,
g20473,10661,34.72,0,
g20474,609,49.43,0,
g20475,18473,36.82,0,
g20476,14242,40.39,0,
g20477,368,53.8,0,
g20478,13060,39.72,0,
g20479,27813,36.65,0,
g2048,5480,36.3,0,
g20480,11810,32.44,0,
g20481,59221,37.39,0,
g20482,19399,35.93,0,
g20483,13687,40.34,0,
g20484,29401,38.09,0,
g20485,6132,32.14,0,
g20486,18709,33.76,0,
g20487,7959,32.3,0,
g20488,3824,35.72,0,
g20489,12597,36.29,0,
g2049,4554,36.28,0,
g20490,16040,35.26,0,
g20491,6970,35.24,0,
g20492,16576,41.01,0,
g20493,4094,36.59,0,
g20494,5685,34.88,0,
g20495,9094,36.64,0,
g20496,1185,43.21,0,
g20497,10906,36.59,0,
g20498,318,49.69,0,
g20499,39081,36.16,0,
g205,7442,37.73,0,
g2050,267,63.3,0,
g20500,5693,38.43,0,
g20501,6985,37.51,0,
g20502,4916,32.69,0,
g20503,14996,34.82,0,
g20504,7203,35.17,0,
g20505,1596,37.97,0,
g20506,1580,35.7,0,
g20507,819,35.04,0,
g20508,897,37.46,0,
g20509,1705,33.9,0,
g2051,97609,37.21,0,
g20510,3797,32.5,0,
g20511,47815,36.05,0,
g20512,1298,38.91,0,
g20513,324,39.51,0,
g20514,51565,38.83,0,
g20515,11287,39.59,0,
g20516,20925,35.64,0,
g20517,300,47.67,0,
g20518,387,37.47,0,
g20519,1579,46.99,0,
g2052,9148,38.31,0,
g20520,219,58.9,0,
g20521,1844,34.44,0,
g20522,13534,34.45,0,
g20523,723,31.4,0,
g20524,783,36.02,0,
g20525,5810,36.52,0,
g20526,33152,35.47,0,
g20527,1374,42.79,0,
g20528,267,59.55,0,
g20529,231,64.5,0,
g2053,4047,34.17,0,
g20530,948,57.07,0,
g20531,288,57.99,0,
g20532,4786,38.05,0,
g20533,360,56.67,0,
g20534,321,57.63,0,
g20535,3622,41.99,0,
g20536,282,67.73,0,
g20537,19286,35.6,0,
g20538,6244,33.22,0,
g20539,315,61.9,0,
g2054,19677,35.81,0,
g20540,2127,33.8,0,
g20541,41195,37.83,0,
g20542,32866,34.55,0,
g20543,5856,32.56,0,
g20544,2511,39.19,0,
g20545,13306,36.79,0,
g20546,6323,32.56,0,
g20547,3472,36.18,0,
g20548,27782,36.17,0,
g20549,1266,44.31,0,
g2055,2339,58.96,0,
g20550,11388,36.6,0,
g20551,9591,32.43,0,
g20552,29568,44.52,0,
g20553,11283,33.8,0,
g20554,6187,49.49,0,
g20555,20155,35.98,0,
g20556,35901,36.59,0,
g20557,7342,41.31,0,
g20558,14942,37.83,0,
g20559,507,55.23,0,
g2056,8343,37.71,0,
g20560,618,56.63,0,
g20561,210,56.19,0,
g20562,513,56.34,0,
g20563,741,57.49,0,
g20564,25944,34.14,0,
g20565,1153,43.63,0,
g20566,351,43.3,0,
g20567,7364,34.51,0,
g20568,13152,36.92,0,
g20569,1584,29.29,0,
g2057,7255,35.96,0,
g20570,14342,31.91,0,
g20571,8393,32.13,0,
g20572,11414,32.51,0,
g20573,914,40.26,0,
g20574,1425,53.33,0,
g20575,8995,50.93,0,
g20576,489,43.97,0,
g20577,11108,37.08,0,
g20578,3037,40.67,0,
g20579,2337,37.78,0,
g2058,5567,36.18,0,
g20580,6727,34.67,0,
g20581,285,49.47,0,
g20582,42543,38.55,0,
g20583,23413,37.69,0,
g20584,2117,38.03,0,
g20585,9470,35.76,0,
g20586,3279,39.07,0,
g20587,15288,35.43,0,
g20588,54609,36.15,0,
g20589,40935,34.94,0,
g2059,564,38.65,0,
g20590,11564,37.67,0,
g20591,4693,38.48,0,
g20592,393,51.65,0,
g20593,10417,34.03,0,
g20594,4775,39.04,0,
g20595,36409,36.18,0,
g20596,7832,32.53,0,
g20597,8886,33.1,0,
g20598,161151,36.23,0,
g20599,1818,40.15,0,
g206,1559,45.8,0,
g2060,9690,32.36,0,
g20600,58582,35.16,0,
g20601,3918,34.46,0,
g20602,291,72.85,0,
g20603,5024,37.2,0,
g20604,1233,51.26,0,
g20605,243,55.14,0,
g20606,9423,38.19,0,
g20607,8575,35.97,0,
g20608,1530,51.37,0,
g20609,4084,40.01,0,
g2061,8993,35.02,0,
g20610,55707,35.63,0,
g20611,26754,37.96,0,
g20612,7912,37.27,0,
g20613,491,39.1,0,
g20614,1428,39.92,0,
g20615,22339,36.04,0,
g20616,264,62.5,0,
g20617,285,50.53,0,
g20618,9790,42.12,0,
g20619,264,54.55,0,
g2062,35964,35.59,0,
g20620,375,60.27,0,
g20621,4093,37.94,0,
g20622,3242,37.79,0,
g20623,222,71.62,0,
g20624,1734,50.4,0,
g20625,237,46.41,0,
g20626,35699,38.12,0,
g20627,9254,32.45,0,
g20628,13116,33.36,0,
g20629,7411,38.38,0,
g2063,42025,36.4,0,
g20630,37331,35.19,0,
g20631,40183,34.78,0,
g20632,363,39.67,0,
g20633,1083,59.1,0,
g20634,864,41.78,0,
g20635,5451,36.84,0,
g20636,4393,41.04,0,
g20637,969,43.24,0,
g20638,969,43.24,0,
g20639,1617,43.23,0,
g2064,8223,35.22,0,
g20640,4106,36.14,0,
g20641,2638,44.09,0,
g20642,285,51.93,0,
g20643,10952,35.59,0,
g20644,9719,35.79,0,
g20645,7183,38.8,0,
g20646,384,65.36,0,
g20647,13105,35.76,0,
g20648,243,69.96,0,
g20649,615,47.48,0,
g2065,550,50.55,0,
g20650,1059,40.89,0,
g20651,291,56.36,0,
g20652,294,56.8,0,
g20653,378,57.14,0,
g20654,294,56.46,0,
g20655,381,56.69,0,
g20656,291,56.36,0,
g20657,294,56.8,0,
g20658,2319,35.96,0,
g20659,19640,36.88,0,
g2066,282,61.7,0,
g20660,9844,34.93,0,
g20661,22864,39.58,0,
g20662,11037,39.44,0,
g20663,74144,35.83,0,
g20664,14025,41.03,0,
g20665,6874,34.65,0,
g20666,11716,38.91,0,
g20667,7482,34.04,0,
g20668,14733,37.6,0,
g20669,2241,69.75,0,
g2067,1990,32.61,0,
g20670,1812,38.36,0,
g20671,10103,49.85,0,
g20672,1535,38.76,0,
g20673,1701,35.27,0,
g20674,8014,56.96,0,
g20675,4798,37.72,0,
g20676,3124,38.28,0,
g20677,5527,37.13,0,
g20678,22938,37.27,0,
g20679,10195,36.01,0,
g2068,9995,36.88,0,
g20680,40752,36.52,0,
g20681,23340,36.33,0,
g20682,4380,33.93,0,
g20683,3472,32.37,0,
g20684,11898,32.63,0,
g20685,8028,35.91,0,
g20686,6676,34.41,0,
g20687,11875,32.42,0,
g20688,24064,33.52,0,
g20689,16031,36.84,0,
g2069,3500,35.23,0,
g20690,13144,35.24,0,
g20691,5686,37.88,0,
g20692,32647,35.31,0,
g20693,1686,37.96,0,
g20694,13815,37.1,0,
g20695,11528,34.04,0,
g20696,2103,43.32,0,
g20697,4878,30.71,0,
g20698,1206,33.25,0,
g20699,4071,32.55,0,
g207,3352,45.02,0,
g2070,489,38.65,0,
g20700,10959,34.67,0,
g20701,2784,36.85,0,
g20702,8234,32.41,0,
g20703,66079,37.17,0,
g20704,14156,34.35,0,
g20705,6798,40.88,0,
g20706,714,45.66,0,
g20707,15876,29.72,0,
g20708,2439,31.41,0,
g20709,79339,36.16,0,
g2071,24817,38.45,0,
g20710,10896,32.85,0,
g20711,16640,34.43,0,
g20712,983,32.66,0,
g20713,9427,43.04,0,
g20714,19965,38.77,0,
g20715,10979,36.97,0,
g20716,9775,37.17,0,
g20717,11018,38.2,0,
g20718,6784,39.84,0,
g20719,1760,39.66,0,
g2072,7427,33.85,0,
g20720,261,54.41,0,
g20721,1178,39.81,0,
g20722,4840,40.58,0,
g20723,4711,36.3,0,
g20724,9319,36.54,0,
g20725,29709,36.79,0,
g20726,10499,33.5,0,
g20727,22359,33.26,0,
g20728,11126,36.56,0,
g20729,1763,32.96,0,
g2073,2933,35.39,0,
g20730,9867,34.52,0,
g20731,6675,36.91,0,
g20732,27072,37.49,0,
g20733,7968,35.96,0,
g20734,9780,38.0,0,
g20735,18396,37.2,0,
g20736,18629,36.29,0,
g20737,882,55.9,0,
g20738,1434,51.81,0,
g20739,2206,41.39,0,
g2074,282,39.36,0,
g20740,7554,34.51,0,
g20741,42654,33.69,0,
g20742,6672,34.82,0,
g20743,3689,33.75,0,
g20744,264,41.67,0,
g20745,13187,36.66,0,
g20746,6047,36.43,0,
g20747,447,35.12,0,
g20748,2644,35.25,0,
g20749,441,34.92,0,
g2075,3310,34.83,0,
g20750,462,57.58,0,
g20751,6362,61.49,0,
g20752,3843,45.72,0,
g20753,366,32.24,0,
g20754,2460,39.07,0,
g20755,23895,40.04,0,
g20756,3915,33.87,0,
g20757,3534,38.6,0,
g20758,2267,35.42,0,
g20759,12953,35.04,0,
g2076,5558,32.69,0,
g20760,3343,32.93,0,
g20761,7788,34.94,0,
g20762,11138,39.76,0,
g20763,47195,36.7,0,
g20764,7716,34.47,0,
g20765,26571,36.57,0,
g20766,755,33.51,0,
g20767,6014,33.84,0,
g20768,13892,39.92,0,
g20769,36940,36.63,0,
g2077,5892,35.47,0,
g20770,4719,40.9,0,
g20771,858,64.8,0,
g20772,5422,36.02,0,
g20773,2254,36.2,0,
g20774,795,41.64,0,
g20775,4415,42.92,0,
g20776,5145,33.39,0,
g20777,26085,39.38,0,
g20778,16209,35.56,0,
g20779,770,39.48,0,
g2078,4202,34.7,0,
g20780,11200,37.25,0,
g20781,753,37.58,0,
g20782,39776,33.85,0,
g20783,84087,37.19,0,
g20784,411,57.91,0,
g20785,387,64.34,0,
g20786,6509,34.48,0,
g20787,11369,35.39,0,
g20788,22984,33.98,0,
g20789,5316,34.27,0,
g2079,4011,37.0,0,
g20790,20982,34.94,0,
g20791,1759,33.83,0,
g20792,6023,34.8,0,
g20793,1251,33.01,0,
g20794,9414,39.22,0,
g20795,10229,39.51,0,
g20796,5583,40.34,0,
g20797,2472,36.25,0,
g20798,32781,36.89,0,
g20799,1536,33.33,0,
g208,35777,37.62,0,
g2080,1162,51.72,0,
g20800,513,55.95,0,
g20801,252,53.17,0,
g20802,97817,36.11,0,
g20803,13775,37.31,0,
g20804,7241,37.44,0,
g20805,6522,36.88,0,
g20806,9413,37.02,0,
g20807,36737,38.44,0,
g20808,7678,38.42,0,
g20809,972,40.12,0,
g2081,566,56.71,0,
g20810,1434,34.1,0,
g20811,2083,30.63,0,
g20812,978,36.81,0,
g20813,33566,37.41,0,
g20814,8357,37.91,0,
g20815,3744,44.79,0,
g20816,13507,33.55,0,
g20817,992,37.7,0,
g20818,46098,36.65,0,
g20819,1121,39.96,0,
g2082,5507,40.55,0,
g20820,9201,52.56,0,
g20821,309,64.4,0,
g20822,294,53.06,0,
g20823,4593,30.2,0,
g20824,4932,34.41,0,
g20825,35279,33.67,0,
g20826,12617,36.25,0,
g20827,23660,36.49,0,
g20828,9191,39.09,0,
g20829,31332,35.74,0,
g2083,381,44.09,0,
g20830,15022,38.52,0,
g20831,26230,37.67,0,
g20832,10464,31.98,0,
g20833,673,48.89,0,
g20834,13161,33.82,0,
g20835,16031,36.75,0,
g20836,4335,36.19,0,
g20837,231,36.8,0,
g20838,110550,35.67,0,
g20839,92054,35.67,0,
g2084,2990,36.19,0,
g20840,14480,33.24,0,
g20841,25165,35.16,0,
g20842,4786,33.93,0,
g20843,3418,30.75,0,
g20844,20272,35.09,0,
g20845,38868,35.36,0,
g20846,4392,32.49,0,
g20847,5898,36.86,0,
g20848,657,39.73,0,
g20849,5469,29.51,0,
g2085,3999,35.01,0,
g20850,8588,37.32,0,
g20851,6649,35.67,0,
g20852,19797,33.89,0,
g20853,2091,39.69,0,
g20854,6310,34.18,0,
g20855,12095,38.48,0,
g20856,1446,38.24,0,
g20857,2957,32.09,0,
g20858,1857,32.47,0,
g20859,21206,37.63,0,
g2086,1935,30.75,0,
g20860,15638,35.88,0,
g20861,1763,27.62,0,
g20862,10875,34.34,0,
g20863,800,44.62,0,
g20864,330,58.18,0,
g20865,27937,37.39,0,
g20866,378,72.75,0,
g20867,38732,35.47,0,
g20868,5466,37.21,0,
g20869,985,35.74,0,
g2087,1016,31.69,0,
g20870,25432,34.84,0,
g20871,246,63.01,0,
g20872,11678,38.86,0,
g20873,18775,35.86,0,
g20874,12413,33.9,0,
g20875,34761,36.22,0,
g20876,6505,38.83,0,
g20877,7481,34.42,0,
g20878,483,32.71,0,
g20879,408,41.42,0,
g2088,4735,40.23,0,
g20880,163912,37.37,0,
g20881,6128,36.1,0,
g20882,7662,36.14,0,
g20883,9356,36.2,0,
g20884,1240,36.45,0,
g20885,3245,36.98,0,
g20886,27999,36.64,0,
g20887,576,46.7,0,
g20888,2121,46.44,0,
g20889,2397,38.92,0,
g2089,26529,33.05,0,
g20890,9225,39.63,0,
g20891,13112,36.15,0,
g20892,4335,39.56,0,
g20893,11694,34.86,0,
g20894,3996,37.34,0,
g20895,858,38.58,0,
g20896,2852,38.88,0,
g20897,3202,38.82,0,
g20898,29779,42.78,0,
g20899,49477,40.22,0,
g209,15688,35.81,0,
g2090,13060,39.28,0,
g20900,24368,37.99,0,
g20901,6023,34.72,0,
g20902,23980,39.35,0,
g20903,7965,35.4,0,
g20904,9364,40.91,0,
g20905,4332,40.9,0,
g20906,5400,42.02,0,
g20907,7421,34.89,0,
g20908,12464,40.37,0,
g20909,1363,33.75,0,
g2091,52900,35.53,0,
g20910,1172,36.6,0,
g20911,3358,38.3,0,
g20912,12788,39.74,0,
g20913,1545,40.78,0,
g20914,963,61.37,0,
g20915,8100,34.67,0,
g20916,6315,38.76,0,
g20917,888,40.99,0,
g20918,5697,35.77,0,
g20919,13119,38.66,0,
g2092,33751,36.44,0,
g20920,5202,37.93,0,
g20921,10967,35.42,0,
g20922,4456,35.73,0,
g20923,774,37.21,0,
g20924,540,38.33,0,
g20925,16942,32.76,0,
g20926,8872,36.95,0,
g20927,8116,33.53,0,
g20928,16630,34.08,0,
g20929,21088,36.87,0,
g2093,16868,37.02,0,
g20930,26205,35.83,0,
g20931,20873,33.82,0,
g20932,991,35.42,0,
g20933,567,35.98,0,
g20934,408,53.68,0,
g20935,3092,42.46,0,
g20936,402,45.27,0,
g20937,2057,41.66,0,
g20938,2581,37.31,0,
g20939,1349,40.25,0,
g2094,1881,57.68,0,
g20940,4220,35.47,0,
g20941,3199,36.48,0,
g20942,12415,36.7,0,
g20943,14921,35.86,0,
g20944,2307,38.14,0,
g20945,9345,36.69,0,
g20946,10711,35.04,0,
g20947,369,41.73,0,
g20948,10782,37.22,0,
g20949,1688,39.81,0,
g2095,10485,38.35,0,
g20950,1467,44.38,0,
g20951,28422,38.05,0,
g20952,3599,38.09,0,
g20953,264,63.26,0,
g20954,4948,40.42,0,
g20955,5228,45.98,0,
g20956,270,52.22,0,
g20957,8216,32.35,0,
g20958,20444,35.11,0,
g20959,8073,35.81,0,
g2096,13654,35.72,0,
g20960,7573,36.91,0,
g20961,315,27.3,0,
g20962,5574,36.8,0,
g20963,5125,36.86,0,
g20964,4986,34.6,0,
g20965,6272,36.37,0,
g20966,765,36.99,0,
g20967,2189,37.0,0,
g20968,34128,34.98,0,
g20969,1050,43.43,0,
g2097,37107,34.95,0,
g20970,2621,42.05,0,
g20971,735,40.95,0,
g20972,3215,39.75,0,
g20973,4797,35.79,0,
g20974,315,56.51,0,
g20975,82426,35.6,0,
g20976,11006,32.26,0,
g20977,10332,35.56,0,
g20978,24686,35.31,0,
g20979,1812,38.36,0,
g2098,3088,37.14,0,
g20980,5146,33.19,0,
g20981,17724,34.8,0,
g20982,36353,38.07,0,
g20983,390,56.15,0,
g20984,5816,40.65,0,
g20985,6378,40.95,0,
g20986,276,72.83,0,
g20987,7552,38.25,0,
g20988,261,54.41,0,
g20989,4741,38.09,0,
g2099,3148,35.67,0,
g20990,10579,38.35,0,
g20991,3195,38.34,0,
g20992,744,69.49,0,
g20993,381,53.81,0,
g20994,3636,39.27,0,
g20995,294,55.78,0,
g20996,33795,38.28,0,
g20997,27638,35.39,0,
g20998,11696,36.18,0,
g20999,28382,37.25,0,
g21,5970,36.53,0,
g210,24874,41.93,0,
g2100,2256,39.72,0,
g21000,36413,36.32,0,
g21001,3193,33.89,0,
g21002,294,53.4,0,
g21003,5530,37.12,0,
g21004,7861,37.71,0,
g21005,55541,37.57,0,
g21006,2421,41.31,0,
g21007,13592,35.66,0,
g21008,261,52.11,0,
g21009,27311,35.81,0,
g2101,2016,37.05,0,
g21010,78388,36.55,0,
g21011,11261,40.32,0,
g21012,330,58.18,0,
g21013,872,31.65,0,
g21014,2982,39.87,0,
g21015,6299,36.05,0,
g21016,17047,32.83,0,
g21017,294,52.72,0,
g21018,261,54.41,0,
g21019,4102,37.25,0,
g2102,1986,31.97,0,
g21020,62179,37.2,0,
g21021,11566,35.15,0,
g21022,3369,36.78,0,
g21023,5516,37.22,0,
g21024,6083,31.76,0,
g21025,1170,35.21,0,
g21026,4034,29.52,0,
g21027,2727,32.64,0,
g21028,870,32.87,0,
g21029,8125,28.86,0,
g2103,1785,38.77,0,
g21030,4935,27.88,0,
g21031,2417,33.68,0,
g21032,3170,32.15,0,
g21033,555,31.17,0,
g21034,9952,29.05,0,
g21035,7853,30.09,0,
g21036,1959,32.72,0,
g21037,3125,30.14,0,
g21038,1738,35.73,0,
g21039,495,34.75,0,
g2104,1987,45.8,0,
g21040,378,35.71,0,
g21041,3855,34.16,0,
g21042,3255,36.59,0,
g21043,1491,33.2,0,
g21044,1335,32.96,0,
g21045,1902,29.02,0,
g21046,25877,27.02,0,
g21047,330,53.64,0,
g21048,1446,31.19,0,
g21049,1035,33.62,0,
g2105,1483,42.95,0,
g21050,1170,33.59,0,
g21051,888,36.82,0,
g21052,2007,31.19,0,
g21053,1053,30.86,0,
g21054,6901,28.55,0,
g21055,381,32.55,0,
g21056,1539,33.07,0,
g21057,5137,28.91,0,
g21058,3050,29.41,0,
g21059,1116,29.39,0,
g2106,525,75.62,0,
g21060,2249,31.08,0,
g21061,492,32.32,0,
g21062,2272,33.98,0,
g21063,8933,29.59,0,
g21064,432,30.32,0,
g21065,2041,33.37,0,
g21066,4681,31.94,0,
g21067,783,32.57,0,
g21068,5119,35.69,0,
g21069,3561,36.59,0,
g2107,306,57.19,0,
g21070,8023,30.13,0,
g21071,8590,30.87,0,
g21072,933,35.05,0,
g21073,1225,35.51,0,
g21074,13907,26.88,0,
g21075,1050,33.9,0,
g21076,1059,33.62,0,
g21077,1066,32.08,0,
g21078,1632,29.11,0,
g21079,954,31.13,0,
g2108,3462,32.03,0,
g21080,1628,30.22,0,
g21081,6594,28.95,0,
g21082,789,32.95,0,
g21083,1371,32.39,0,
g21084,876,30.59,0,
g21085,882,31.52,0,
g21086,3145,28.2,0,
g21087,1977,32.93,0,
g21088,5149,30.72,0,
g21089,4372,29.41,0,
g2109,2285,35.36,0,
g21090,5523,34.6,0,
g21091,582,33.68,0,
g21092,1485,30.3,0,
g21093,1017,35.79,0,
g21094,1284,36.76,0,
g21095,573,34.73,0,
g21096,507,33.53,0,
g21097,2194,31.91,0,
g21098,366,31.15,0,
g21099,10451,29.45,0,
g211,3223,32.3,0,
g2110,20623,38.93,0,
g21100,1131,32.27,0,
g21101,2247,32.67,0,
g21102,4019,28.19,0,
g21103,2163,36.71,0,
g21104,12645,29.83,0,
g21105,825,29.82,0,
g21106,1989,34.04,0,
g21107,1137,32.81,0,
g21108,18533,28.04,0,
g21109,789,30.67,0,
g2111,1485,41.68,0,
g21110,9991,28.08,0,
g21111,1074,31.84,0,
g21112,603,31.18,0,
g21113,744,31.85,0,
g21114,2546,30.2,0,
g21115,1326,30.17,0,
g21116,1332,26.13,0,
g21117,942,34.08,0,
g21118,318,29.87,0,
g21119,2285,35.05,0,
g2112,37693,36.56,0,
g21120,2838,29.11,0,
g21121,897,31.1,0,
g21122,9494,29.86,0,
g21123,2841,31.71,0,
g21124,1290,28.91,0,
g21125,5699,31.13,0,
g21126,867,31.03,0,
g21127,4640,29.96,0,
g21128,393,37.4,0,
g21129,441,33.79,0,
g2113,342,44.74,0,
g21130,1035,34.69,0,
g21131,1047,32.86,0,
g21132,6602,29.69,0,
g21133,6372,28.97,0,
g21134,3760,29.47,0,
g21135,795,34.34,0,
g21136,1959,32.36,0,
g21137,558,30.82,0,
g21138,4093,29.12,0,
g21139,783,33.59,0,
g2114,12344,33.41,0,
g21140,4893,34.09,0,
g21141,2361,34.94,0,
g21142,13968,32.3,0,
g21143,936,36.0,0,
g21144,2019,27.74,0,
g21145,1975,39.19,0,
g21146,1716,32.75,0,
g21147,1269,32.23,0,
g21148,3024,31.71,0,
g21149,546,38.64,0,
g2115,279,54.12,0,
g21150,1194,34.0,0,
g21151,14625,30.0,0,
g21152,3255,31.27,0,
g21153,1596,36.15,0,
g21154,1128,35.02,0,
g21155,738,32.25,0,
g21156,2386,29.21,0,
g21157,1713,35.9,0,
g21158,7440,28.35,0,
g21159,7396,31.65,0,
g2116,40909,34.95,0,
g21160,723,30.57,0,
g21161,699,31.62,0,
g21162,759,33.47,0,
g21163,522,30.84,0,
g21164,666,31.68,0,
g21165,978,31.39,0,
g21166,7097,30.58,0,
g21167,8761,28.81,0,
g21168,984,31.61,0,
g21169,474,37.55,0,
g2117,2455,27.54,0,
g21170,9114,29.55,0,
g21171,1266,30.88,0,
g21172,5009,29.83,0,
g21173,1242,29.87,0,
g21174,1800,33.78,0,
g21175,1824,31.52,0,
g21176,4651,31.05,0,
g21177,1398,29.04,0,
g21178,13529,29.34,0,
g21179,1266,31.83,0,
g2118,6871,31.15,0,
g21180,3019,30.11,0,
g21181,1302,33.26,0,
g21182,2187,30.82,0,
g21183,873,33.1,0,
g21184,2181,31.22,0,
g21185,1902,30.97,0,
g21186,3719,32.16,0,
g21187,10772,28.3,0,
g21188,1536,33.98,0,
g21189,4215,29.58,0,
g2119,21895,35.6,0,
g21190,1749,29.5,0,
g21191,1635,37.0,0,
g21192,285,32.63,0,
g21193,1647,29.08,0,
g21194,1514,24.83,0,
g21195,2369,28.58,0,
g21196,6493,27.58,0,
g21197,1821,29.0,0,
g21198,2526,30.32,0,
g21199,411,32.12,0,
g212,13311,34.87,0,
g2120,870,27.36,0,
g21200,2280,29.82,0,
g21201,8906,27.88,0,
g21202,17661,27.54,0,
g21203,1344,34.08,0,
g21204,2036,29.62,0,
g21205,2086,30.35,0,
g21206,1128,36.79,0,
g21207,1575,31.17,0,
g21208,1659,31.22,0,
g21209,10601,29.04,0,
g2121,13983,35.55,0,
g21210,918,34.64,0,
g21211,666,32.88,0,
g21212,2429,34.46,0,
g21213,9899,29.87,0,
g21214,2179,29.28,0,
g21215,690,32.61,0,
g21216,783,34.36,0,
g21217,930,32.58,0,
g21218,11565,30.25,0,
g21219,1296,27.62,0,
g2122,7418,33.98,0,
g21220,243,54.73,0,
g21221,1571,44.56,0,
g21222,17846,36.93,0,
g21223,7604,33.57,0,
g21224,4133,34.21,0,
g21225,1908,29.87,0,
g21226,1423,30.92,0,
g21227,2073,32.13,0,
g21228,29275,33.95,0,
g21229,61715,37.66,0,
g2123,357,37.25,0,
g21230,231,67.97,0,
g21231,3570,34.99,0,
g21232,19293,34.75,0,
g21233,2895,39.31,0,
g21234,1669,32.95,0,
g21235,357,54.34,0,
g21236,402,34.08,0,
g21237,33182,34.1,0,
g21238,1218,42.36,0,
g21239,45094,37.73,0,
g2124,795,43.27,0,
g21240,5422,36.32,0,
g21241,613,51.22,0,
g21242,288,52.08,0,
g21243,297,71.72,0,
g21244,228,62.72,0,
g21245,5293,41.09,0,
g21246,3609,40.15,0,
g21247,25558,39.03,0,
g21248,18719,37.5,0,
g21249,264,62.5,0,
g2125,798,40.23,0,
g21250,9127,35.52,0,
g21251,3795,33.86,0,
g21252,9143,35.46,0,
g21253,49597,36.59,0,
g21254,4602,34.57,0,
g21255,21136,37.41,0,
g21256,207,60.39,0,
g21257,1007,48.36,0,
g21258,2727,46.35,0,
g21259,1425,40.7,0,
g2126,7036,33.77,0,
g21260,14115,39.53,0,
g21261,4110,32.41,0,
g21262,6010,33.11,0,
g21263,4759,33.75,0,
g21264,22021,35.92,0,
g21265,1576,31.98,0,
g21266,9404,35.04,0,
g21267,7376,34.31,0,
g21268,1785,38.6,0,
g21269,3519,36.0,0,
g2127,765,48.5,0,
g21270,2202,34.2,0,
g21271,11391,34.55,0,
g21272,112834,35.38,0,
g21273,6714,33.48,0,
g21274,8724,31.96,0,
g21275,13388,32.93,0,
g21276,37651,36.28,0,
g21277,12880,36.55,0,
g21278,1985,46.2,0,
g21279,16995,36.79,0,
g2128,10018,39.77,0,
g21280,252,57.94,0,
g21281,13684,34.61,0,
g21282,16280,39.07,0,
g21283,12172,34.55,0,
g21284,375,61.6,0,
g21285,810,71.23,0,
g21286,19628,36.98,0,
g21287,5077,34.31,0,
g21288,18216,36.56,0,
g21289,5957,34.65,0,
g2129,11359,36.19,0,
g21290,11383,34.54,0,
g21291,70577,36.27,0,
g21292,1921,45.55,0,
g21293,6794,40.34,0,
g21294,291,64.95,0,
g21295,3537,41.14,0,
g21296,2052,36.55,0,
g21297,8563,33.68,0,
g21298,16733,37.64,0,
g21299,366,53.83,0,
g213,1466,51.5,0,
g2130,33851,33.88,0,
g21300,16378,35.38,0,
g21301,8301,37.83,0,
g21302,2850,41.02,0,
g21303,902,64.52,0,
g21304,23894,37.22,0,
g21305,3126,43.44,0,
g21306,6684,36.01,0,
g21307,3822,33.54,0,
g21308,83250,36.48,0,
g21309,372,51.34,0,
g2131,32352,37.79,0,
g21310,252,56.35,0,
g21311,8355,37.0,0,
g21312,2142,38.24,0,
g21313,11024,33.01,0,
g21314,4966,31.43,0,
g21315,22899,35.44,0,
g21316,10799,35.83,0,
g21317,16440,35.73,0,
g21318,1664,32.63,0,
g21319,11494,32.38,0,
g2132,16647,35.8,0,
g21320,2802,40.08,0,
g21321,11684,36.67,0,
g21322,13924,34.13,0,
g21323,14377,35.75,0,
g21324,14462,38.83,0,
g21325,13070,38.43,0,
g21326,573,48.34,0,
g21327,549,51.73,0,
g21328,18513,33.64,0,
g21329,8835,37.29,0,
g2133,48036,36.1,0,
g21330,354,67.51,0,
g21331,12656,36.92,0,
g21332,498,46.99,0,
g21333,5060,39.98,0,
g21334,17803,35.28,0,
g21335,7640,40.92,0,
g21336,18696,36.16,0,
g21337,88983,37.18,0,
g21338,14128,33.02,0,
g21339,11789,36.87,0,
g2134,3644,43.55,0,
g21340,1548,38.63,0,
g21341,4262,33.44,0,
g21342,3423,34.82,0,
g21343,11105,33.97,0,
g21344,51535,34.8,0,
g21345,7179,32.9,0,
g21346,1059,48.91,0,
g21347,879,40.05,0,
g21348,1020,42.25,0,
g21349,20263,36.56,0,
g2135,10120,37.87,0,
g21350,28296,36.44,0,
g21351,7087,36.93,0,
g21352,8224,32.16,0,
g21353,10425,33.04,0,
g21354,11338,39.98,0,
g21355,3098,33.38,0,
g21356,42940,35.0,0,
g21357,2940,37.31,0,
g21358,129176,36.59,0,
g21359,47714,35.38,0,
g2136,11763,32.01,0,
g21360,2569,33.71,0,
g21361,102677,35.37,0,
g21362,13696,33.86,0,
g21363,28603,35.2,0,
g21364,264,44.32,0,
g21365,31029,35.65,0,
g21366,6720,38.2,0,
g21367,61388,36.28,0,
g21368,1977,31.61,0,
g21369,3086,30.1,0,
g2137,16754,34.01,0,
g21370,26275,37.74,0,
g21371,22844,35.51,0,
g21372,267,60.67,0,
g21373,1322,51.21,0,
g21374,11509,35.16,0,
g21375,10051,39.91,0,
g21376,43759,39.68,0,
g21377,1101,65.03,0,
g21378,10411,43.3,0,
g21379,5319,43.41,0,
g2138,23817,34.06,0,
g21380,6923,35.85,0,
g21381,4873,36.2,0,
g21382,15705,35.75,0,
g21383,2186,36.87,0,
g21384,1869,35.15,0,
g21385,4580,31.07,0,
g21386,2202,35.69,0,
g21387,13638,33.99,0,
g21388,8930,34.01,0,
g21389,1427,30.97,0,
g2139,832,41.47,0,
g21390,28831,37.18,0,
g21391,7975,34.98,0,
g21392,5206,38.67,0,
g21393,50622,39.23,0,
g21394,303,62.71,0,
g21395,3435,37.53,0,
g21396,51024,36.31,0,
g21397,816,63.11,0,
g21398,1187,48.53,0,
g21399,255,74.9,0,
g214,26536,35.77,0,
g2140,1803,37.83,0,
g21400,915,43.06,0,
g21401,2885,31.44,0,
g21402,43590,34.8,0,
g21403,348,50.0,0,
g21404,483,44.1,0,
g21405,1360,40.74,0,
g21406,11030,35.42,0,
g21407,1164,42.61,0,
g21408,14433,35.28,0,
g21409,297,51.18,0,
g2141,13459,33.12,0,
g21410,528,52.46,0,
g21411,279,58.42,0,
g21412,60103,36.31,0,
g21413,345,54.49,0,
g21414,2579,36.56,0,
g21415,29810,36.52,0,
g21416,4976,36.72,0,
g21417,534,38.39,0,
g21418,5080,33.39,0,
g21419,4684,32.51,0,
g2142,4888,30.69,0,
g21420,1379,55.26,0,
g21421,947,57.87,0,
g21422,52154,35.79,0,
g21423,8405,37.56,0,
g21424,5719,34.32,0,
g21425,19087,37.93,0,
g21426,10955,33.58,0,
g21427,19812,32.0,0,
g21428,2358,29.56,0,
g21429,7324,33.75,0,
g2143,56313,37.8,0,
g21430,11933,34.07,0,
g21431,9882,37.75,0,
g21432,3020,31.62,0,
g21433,1254,46.73,0,
g21434,327,62.69,0,
g21435,20199,35.37,0,
g21436,65729,36.41,0,
g21437,12081,35.18,0,
g21438,11851,32.96,0,
g21439,3867,43.13,0,
g2144,219,63.01,0,
g21440,8595,40.4,0,
g21441,21585,39.27,0,
g21442,24728,37.84,0,
g21443,7793,35.6,0,
g21444,9681,36.6,0,
g21445,4785,31.41,0,
g21446,1950,47.03,0,
g21447,1538,52.6,0,
g21448,4427,34.58,0,
g21449,16881,34.45,0,
g2145,4857,40.89,0,
g21450,2473,36.68,0,
g21451,1613,32.11,0,
g21452,3816,34.36,0,
g21453,357,66.95,0,
g21454,62527,36.64,0,
g21455,13987,35.55,0,
g21456,9956,35.95,0,
g21457,18290,36.15,0,
g21458,970,30.41,0,
g21459,16608,34.51,0,
g2146,261,53.26,0,
g21460,8825,37.6,0,
g21461,15583,40.14,0,
g21462,28006,36.96,0,
g21463,22389,34.0,0,
g21464,3537,33.53,0,
g21465,11702,33.57,0,
g21466,7773,35.53,0,
g21467,2637,38.76,0,
g21468,14505,38.62,0,
g21469,10934,33.67,0,
g2147,540,53.89,0,
g21470,207,68.12,0,
g21471,6016,34.13,0,
g21472,498,49.4,0,
g21473,17806,34.13,0,
g21474,672,29.02,0,
g21475,4311,34.03,0,
g21476,297,60.27,0,
g21477,9273,31.35,0,
g21478,6320,31.16,0,
g21479,381,44.88,0,
g2148,47505,35.98,0,
g21480,23800,39.43,0,
g21481,7225,40.47,0,
g21482,9411,38.7,0,
g21483,47272,37.42,0,
g21484,8618,34.95,0,
g21485,6360,30.83,0,
g21486,345,56.23,0,
g21487,9479,36.79,0,
g21488,4695,37.06,0,
g21489,2574,39.86,0,
g2149,27277,37.05,0,
g21490,18109,34.79,0,
g21491,1800,39.94,0,
g21492,45551,38.43,0,
g21493,22438,37.79,0,
g21494,1981,43.11,0,
g21495,12606,33.8,0,
g21496,3962,43.87,0,
g21497,6233,33.74,0,
g21498,19678,35.06,0,
g21499,10492,40.08,0,
g215,7579,33.38,0,
g2150,2410,33.24,0,
g21500,10773,54.9,0,
g21501,1175,34.04,0,
g21502,5866,36.16,0,
g21503,64301,34.75,0,
g21504,3087,32.82,0,
g21505,2112,37.17,0,
g21506,4748,35.36,0,
g21507,48251,35.82,0,
g21508,6163,34.76,0,
g21509,5269,33.61,0,
g2151,14747,36.93,0,
g21510,3047,43.81,0,
g21511,18787,36.04,0,
g21512,6882,36.7,0,
g21513,4185,36.56,0,
g21514,14967,35.13,0,
g21515,23688,36.57,0,
g21516,8937,37.31,0,
g21517,26333,34.09,0,
g21518,30597,36.66,0,
g21519,846,44.21,0,
g2152,1296,39.35,0,
g21520,2334,48.2,0,
g21521,30906,36.13,0,
g21522,6925,35.61,0,
g21523,1884,36.94,0,
g21524,25789,35.0,0,
g21525,4826,34.46,0,
g21526,4415,36.58,0,
g21527,12226,37.41,0,
g21528,17203,36.74,0,
g21529,15781,35.78,0,
g2153,6358,36.0,0,
g21530,57363,36.32,0,
g21531,627,32.38,0,
g21532,814,32.06,0,
g21533,8407,32.13,0,
g21534,13136,36.58,0,
g21535,13373,34.37,0,
g21536,327,45.87,0,
g21537,306,54.58,0,
g21538,7938,32.28,0,
g21539,7875,39.25,0,
g2154,24739,36.82,0,
g21540,5294,34.49,0,
g21541,11640,35.16,0,
g21542,50363,36.68,0,
g21543,30440,36.59,0,
g21544,1649,34.63,0,
g21545,20890,36.03,0,
g21546,3739,37.1,0,
g21547,8414,34.95,0,
g21548,21528,37.06,0,
g21549,1875,39.89,0,
g2155,51118,36.4,0,
g21550,4648,27.8,0,
g21551,559,30.59,0,
g21552,681,39.79,0,
g21553,567,37.21,0,
g21554,1880,41.44,0,
g21555,996,41.67,0,
g21556,18926,36.1,0,
g21557,13043,36.38,0,
g21558,4086,42.29,0,
g21559,494,36.44,0,
g2156,15491,38.94,0,
g21560,14990,35.36,0,
g21561,15429,36.83,0,
g21562,19586,34.23,0,
g21563,24248,35.52,0,
g21564,14349,35.44,0,
g21565,5256,33.12,0,
g21566,53813,36.88,0,
g21567,267,46.07,0,
g21568,15187,35.2,0,
g21569,14704,36.87,0,
g2157,4342,30.75,0,
g21570,2997,37.0,0,
g21571,2388,35.18,0,
g21572,6121,34.32,0,
g21573,5753,49.14,0,
g21574,8977,37.12,0,
g21575,1367,35.63,0,
g21576,94322,36.92,0,
g21577,366,62.3,0,
g21578,34229,38.52,0,
g21579,8424,32.73,0,
g2158,42720,34.89,0,
g21580,21187,36.63,0,
g21581,17796,36.03,0,
g21582,18697,37.24,0,
g21583,88378,36.51,0,
g21584,243,53.5,0,
g21585,2972,37.38,0,
g21586,342,57.89,0,
g21587,1959,39.46,0,
g21588,18730,36.72,0,
g21589,571,54.82,0,
g2159,15550,40.29,0,
g21590,1164,38.83,0,
g21591,1339,40.7,0,
g21592,4993,38.77,0,
g21593,78923,35.87,0,
g21594,1146,55.24,0,
g21595,1662,39.83,0,
g21596,891,38.05,0,
g21597,243,67.08,0,
g21598,3264,43.87,0,
g21599,52969,37.29,0,
g216,1866,39.71,0,
g2160,3746,31.9,0,
g21600,1605,36.2,0,
g21601,37137,36.17,0,
g21602,1083,46.26,0,
g21603,5539,38.94,0,
g21604,282,53.9,0,
g21605,1674,36.44,0,
g21606,4933,34.73,0,
g21607,480,62.71,0,
g21608,479,68.68,0,
g21609,258,64.73,0,
g2161,25053,38.37,0,
g21610,1969,47.49,0,
g21611,429,59.44,0,
g21612,14119,35.16,0,
g21613,306,45.75,0,
g21614,34134,36.01,0,
g21615,5094,38.2,0,
g21616,2634,41.15,0,
g21617,10249,38.27,0,
g21618,6698,35.98,0,
g21619,17124,35.41,0,
g2162,6018,41.89,0,
g21620,27325,36.72,0,
g21621,318,49.06,0,
g21622,213,55.4,0,
g21623,393,57.51,0,
g21624,2278,39.2,0,
g21625,6109,34.42,0,
g21626,9475,36.4,0,
g21627,1409,40.24,0,
g21628,42158,38.09,0,
g21629,18921,40.69,0,
g2163,38497,35.97,0,
g21630,16464,34.97,0,
g21631,11539,36.83,0,
g21632,828,38.16,0,
g21633,8944,37.86,0,
g21634,10247,37.45,0,
g21635,2334,35.05,0,
g21636,4397,39.25,0,
g21637,8206,40.35,0,
g21638,1140,40.44,0,
g21639,2010,37.51,0,
g2164,22996,32.87,0,
g21640,7683,36.25,0,
g21641,241,52.28,0,
g21642,34232,34.63,0,
g21643,24626,35.49,0,
g21644,15294,38.06,0,
g21645,10455,33.63,0,
g21646,369,61.52,0,
g21647,3764,34.19,0,
g21648,612,40.85,0,
g21649,19635,34.5,0,
g2165,11208,41.4,0,
g21650,2724,37.81,0,
g21651,12357,36.15,0,
g21652,2309,37.2,0,
g21653,279,55.2,0,
g21654,532,48.12,0,
g21655,69731,36.36,0,
g21656,246,56.1,0,
g21657,14636,33.85,0,
g21658,684,55.12,0,
g21659,4237,36.37,0,
g2166,12098,39.01,0,
g21660,879,37.2,0,
g21661,41178,38.53,0,
g21662,10448,33.26,0,
g21663,2599,34.74,0,
g21664,17738,39.33,0,
g21665,3858,50.41,0,
g21666,3669,28.89,0,
g21667,2832,27.79,0,
g21668,4938,36.11,0,
g21669,489,38.04,0,
g2167,1899,44.39,0,
g21670,1434,53.49,0,
g21671,270,64.44,0,
g21672,4410,38.39,0,
g21673,5985,33.58,0,
g21674,8785,33.09,0,
g21675,348,41.95,0,
g21676,9960,32.85,0,
g21677,1466,43.59,0,
g21678,234,57.69,0,
g21679,547,47.17,0,
g2168,7121,39.83,0,
g21680,2176,37.04,0,
g21681,393,65.14,0,
g21682,104880,35.87,0,
g21683,27261,37.15,0,
g21684,6222,32.37,0,
g21685,3542,35.77,0,
g21686,7588,35.82,0,
g21687,27930,37.83,0,
g21688,1119,63.0,0,
g21689,11461,38.88,0,
g2169,252,73.41,0,
g21690,4577,41.32,0,
g21691,5569,53.49,0,
g21692,1152,55.03,0,
g21693,817,53.61,0,
g21694,6593,44.68,0,
g21695,19349,42.97,0,
g21696,1791,29.15,0,
g21697,25042,36.26,0,
g21698,249,45.38,0,
g21699,3789,33.89,0,
g217,1109,39.22,0,
g2170,879,37.09,0,
g21700,14279,33.15,0,
g21701,21581,33.54,0,
g21702,7782,34.36,0,
g21703,1371,30.2,0,
g21704,4114,34.52,0,
g21705,40498,35.9,0,
g21706,9414,34.58,0,
g21707,3447,38.29,0,
g21708,8417,35.94,0,
g21709,3265,35.25,0,
g2171,23240,41.02,0,
g21710,7722,37.65,0,
g21711,1800,39.94,0,
g21712,3280,35.52,0,
g21713,1536,50.13,0,
g21714,3657,31.12,0,
g21715,8502,38.72,0,
g21716,9684,35.94,0,
g21717,600,73.83,0,
g21718,46502,38.11,0,
g21719,4519,39.08,0,
g2172,14696,34.5,0,
g21720,45393,36.76,0,
g21721,3046,40.02,0,
g21722,11516,38.84,0,
g21723,324,56.79,0,
g21724,3424,41.0,0,
g21725,2336,38.61,0,
g21726,1206,45.85,0,
g21727,9363,37.98,0,
g21728,2862,38.47,0,
g21729,11584,36.79,0,
g2173,28893,38.67,0,
g21730,8012,35.85,0,
g21731,7835,43.45,0,
g21732,13131,37.65,0,
g21733,1495,32.17,0,
g21734,17485,34.02,0,
g21735,577,34.49,0,
g21736,528,47.54,0,
g21737,14536,36.99,0,
g21738,14832,36.64,0,
g21739,35163,38.44,0,
g2174,384,39.84,0,
g21740,23421,34.55,0,
g21741,15376,36.62,0,
g21742,7748,36.87,0,
g21743,231,60.61,0,
g21744,7512,34.96,0,
g21745,228,47.81,0,
g21746,444,52.03,0,
g21747,357,67.51,0,
g21748,243,45.27,0,
g21749,23759,38.58,0,
g2175,9618,46.01,0,
g21750,5536,40.72,0,
g21751,10459,43.68,0,
g21752,1895,45.91,0,
g21753,1072,34.24,0,
g21754,12962,36.22,0,
g21755,29389,37.02,0,
g21756,297,62.29,0,
g21757,3106,40.89,0,
g21758,1080,45.37,0,
g21759,9693,36.77,0,
g2176,342,69.3,0,
g21760,19653,39.53,0,
g21761,357,58.26,0,
g21762,8580,36.61,0,
g21763,482,63.49,0,
g21764,14616,39.22,0,
g21765,19341,35.66,0,
g21766,8574,35.79,0,
g21767,10118,35.32,0,
g21768,7391,35.71,0,
g21769,25254,37.27,0,
g2177,429,73.66,0,
g21770,14747,33.52,0,
g21771,56850,35.55,0,
g21772,65064,35.6,0,
g21773,8577,39.16,0,
g21774,7596,34.89,0,
g21775,12487,35.26,0,
g21776,3390,35.19,0,
g21777,978,38.34,0,
g21778,2337,39.92,0,
g21779,7131,38.84,0,
g2178,474,53.38,0,
g21780,273,60.81,0,
g21781,11777,46.45,0,
g21782,258,58.14,0,
g21783,1380,54.78,0,
g21784,3881,39.86,0,
g21785,9138,31.88,0,
g21786,122597,37.13,0,
g21787,240,44.58,0,
g21788,228,65.35,0,
g21789,46517,35.34,0,
g2179,23305,38.85,0,
g21790,3718,32.97,0,
g21791,2785,31.96,0,
g21792,2266,33.05,0,
g21793,51354,37.46,0,
g21794,30204,34.74,0,
g21795,15646,37.88,0,
g21796,46809,37.39,0,
g21797,1428,34.31,0,
g21798,9794,37.02,0,
g21799,3944,34.38,0,
g218,1059,47.4,0,
g2180,7771,40.16,0,
g21800,1594,35.13,0,
g21801,54390,36.12,0,
g21802,7012,36.38,0,
g21803,3533,38.13,0,
g21804,3032,37.47,0,
g21805,552,39.49,0,
g21806,22438,34.7,0,
g21807,499,48.1,0,
g21808,3309,37.17,0,
g21809,881,34.62,0,
g2181,10484,36.26,0,
g21810,852,39.2,0,
g21811,1680,44.52,0,
g21812,2524,34.51,0,
g21813,297,67.34,0,
g21814,63050,36.44,0,
g21815,948,46.84,0,
g21816,3774,38.37,0,
g21817,4693,38.57,0,
g21818,3207,39.38,0,
g21819,1863,43.96,0,
g2182,2573,33.39,0,
g21820,2275,31.96,0,
g21821,300,61.33,0,
g21822,21810,36.05,0,
g21823,288,53.82,0,
g21824,21183,34.96,0,
g21825,140818,36.61,0,
g21826,237,51.05,0,
g21827,366,42.35,0,
g21828,91333,34.82,0,
g21829,3700,37.46,0,
g2183,56057,38.74,0,
g21830,2603,38.99,0,
g21831,8325,33.27,0,
g21832,456,42.32,0,
g21833,4289,34.86,0,
g21834,17340,37.98,0,
g21835,9770,38.15,0,
g21836,5710,36.81,0,
g21837,1039,40.52,0,
g21838,11773,33.9,0,
g21839,870,42.18,0,
g2184,10066,36.24,0,
g21840,13494,37.34,0,
g21841,9881,39.86,0,
g21842,1256,37.1,0,
g21843,600,52.5,0,
g21844,9726,40.45,0,
g21845,261,58.62,0,
g21846,17525,32.1,0,
g21847,495,47.07,0,
g21848,1614,48.02,0,
g21849,10718,33.04,0,
g2185,9129,37.9,0,
g21850,19127,39.11,0,
g21851,2431,34.02,0,
g21852,504,57.74,0,
g21853,100878,34.85,0,
g21854,10642,34.26,0,
g21855,23777,36.31,0,
g21856,16959,36.59,0,
g21857,5719,31.98,0,
g21858,20518,35.64,0,
g21859,10612,40.42,0,
g2186,11588,32.72,0,
g21860,12941,37.87,0,
g21861,516,71.71,0,
g21862,210,72.38,0,
g21863,4682,53.55,0,
g21864,14991,37.32,0,
g21865,5184,41.38,0,
g21866,3160,34.21,0,
g21867,8100,36.02,0,
g21868,3743,37.4,0,
g21869,48814,37.92,0,
g2187,6945,34.11,0,
g21870,5212,33.46,0,
g21871,1680,31.43,0,
g21872,43959,37.48,0,
g21873,1446,40.73,0,
g21874,19181,35.38,0,
g21875,41677,35.45,0,
g21876,12887,33.99,0,
g21877,14706,37.18,0,
g21878,390,57.18,0,
g21879,16760,39.75,0,
g2188,705,66.67,0,
g21880,1180,43.39,0,
g21881,4633,40.08,0,
g21882,1236,31.8,0,
g21883,1044,46.65,0,
g21884,469,48.61,0,
g21885,25755,36.67,0,
g21886,6377,33.24,0,
g21887,4541,34.02,0,
g21888,31490,34.7,0,
g21889,3092,34.54,0,
g2189,1209,43.34,0,
g21890,549,43.17,0,
g21891,4645,35.89,0,
g21892,42119,35.94,0,
g21893,1326,41.25,0,
g21894,1324,42.6,0,
g21895,913,40.64,0,
g21896,459,33.12,0,
g21897,303,47.19,0,
g21898,225,55.11,0,
g21899,13320,39.68,0,
g219,585,52.65,0,
g2190,282,67.02,0,
g21900,3692,35.67,0,
g21901,6239,34.54,0,
g21902,324,42.9,0,
g21903,947,31.26,0,
g21904,4093,40.43,0,
g21905,3914,33.73,0,
g21906,3483,36.84,0,
g21907,255,57.25,0,
g21908,4903,37.12,0,
g21909,12575,37.75,0,
g2191,333,40.54,0,
g21910,11319,34.26,0,
g21911,27806,38.85,0,
g21912,14996,33.76,0,
g21913,16783,37.26,0,
g21914,8669,43.65,0,
g21915,447,58.39,0,
g21916,1152,54.95,0,
g21917,3232,32.58,0,
g21918,14724,35.43,0,
g21919,8399,37.19,0,
g2192,8592,38.16,0,
g21920,25736,38.03,0,
g21921,11885,39.73,0,
g21922,1665,35.68,0,
g21923,702,42.45,0,
g21924,393,52.67,0,
g21925,432,48.15,0,
g21926,771,31.78,0,
g21927,7803,30.89,0,
g21928,4806,30.0,0,
g21929,1917,34.53,0,
g2193,303,51.16,0,
g21930,8907,29.92,0,
g21931,1325,32.3,0,
g21932,4417,32.94,0,
g21933,3175,27.65,0,
g21934,384,33.07,0,
g21935,1812,32.01,0,
g21936,1257,31.82,0,
g21937,2964,30.5,0,
g21938,1455,31.89,0,
g21939,465,37.63,0,
g2194,5188,36.3,0,
g21940,1847,30.86,0,
g21941,1341,34.0,0,
g21942,1236,31.96,0,
g21943,2898,31.02,0,
g21944,1293,30.39,0,
g21945,9446,29.75,0,
g21946,2197,29.95,0,
g21947,519,35.07,0,
g21948,399,34.84,0,
g21949,387,32.82,0,
g2195,10744,33.98,0,
g21950,1263,28.5,0,
g21951,5783,30.12,0,
g21952,2403,30.13,0,
g21953,1020,32.35,0,
g21954,348,32.18,0,
g21955,807,31.35,0,
g21956,1104,30.34,0,
g21957,7958,30.12,0,
g21958,1230,30.0,0,
g21959,2103,32.76,0,
g2196,27971,34.46,0,
g21960,2339,32.32,0,
g21961,32353,28.98,0,
g21962,1293,28.38,0,
g21963,1449,32.51,0,
g21964,7693,30.61,0,
g21965,2190,29.36,0,
g21966,723,32.64,0,
g21967,6953,39.34,0,
g21968,2441,46.58,0,
g21969,6515,41.77,0,
g2197,9441,34.71,0,
g21970,2810,32.6,0,
g21971,5396,34.34,0,
g21972,34851,36.67,0,
g21973,20919,40.17,0,
g21974,6443,36.94,0,
g21975,6135,37.2,0,
g21976,318,53.77,0,
g21977,798,38.1,0,
g21978,246,66.67,0,
g21979,6021,37.3,0,
g2198,15614,32.25,0,
g21980,21513,37.23,0,
g21981,57965,36.31,0,
g21982,31217,36.59,0,
g21983,5804,35.2,0,
g21984,2007,31.54,0,
g21985,393,39.19,0,
g21986,537,37.43,0,
g21987,9747,36.32,0,
g21988,3298,33.96,0,
g21989,5174,33.51,0,
g2199,993,38.87,0,
g21990,12325,39.97,0,
g21991,6368,36.15,0,
g21992,3076,33.06,0,
g21993,294,60.2,0,
g21994,46597,37.34,0,
g21995,16299,37.56,0,
g21996,7333,36.94,0,
g21997,408,41.67,0,
g21998,243,55.14,0,
g21999,17186,33.97,0,
g22,2649,37.26,0,
g220,3027,35.88,0,
g2200,8017,34.0,0,
g22000,5714,33.79,0,
g22001,6421,32.75,0,
g22002,13244,33.09,0,
g22003,4335,37.28,0,
g22004,6606,53.68,0,
g22005,11202,41.84,0,
g22006,29604,36.45,0,
g22007,1936,32.9,0,
g22008,144455,36.62,0,
g22009,4534,39.04,0,
g2201,55230,35.49,0,
g22010,2172,38.49,0,
g22011,48234,34.82,0,
g22012,1253,38.15,0,
g22013,5745,38.54,0,
g22014,408,36.52,0,
g22015,1140,39.12,0,
g22016,10568,36.24,0,
g22017,13904,39.85,0,
g22018,6038,34.33,0,
g22019,17136,35.13,0,
g2202,1827,32.68,0,
g22020,9924,28.94,0,
g22021,28320,28.47,0,
g22022,11796,31.99,0,
g22023,23738,35.87,0,
g22024,3823,44.94,0,
g22025,1570,42.74,0,
g22026,1151,37.88,0,
g22027,3358,38.3,0,
g22028,2531,32.64,0,
g22029,25702,33.0,0,
g2203,372,39.52,0,
g22030,2646,33.52,0,
g22031,2172,37.89,0,
g22032,1559,34.7,0,
g22033,14048,38.28,0,
g22034,7233,35.24,0,
g22035,4634,30.95,0,
g22036,4798,31.39,0,
g22037,243,41.98,0,
g22038,2715,35.87,0,
g22039,38933,35.15,0,
g2204,4532,32.33,0,
g22040,624,37.18,0,
g22041,611,40.75,0,
g22042,9514,38.95,0,
g22043,2156,31.49,0,
g22044,1538,41.16,0,
g22045,1538,41.42,0,
g22046,769,35.63,0,
g22047,636,68.24,0,
g22048,330,65.45,0,
g22049,6530,34.09,0,
g2205,12035,32.88,0,
g22050,358,43.58,0,
g22051,480,50.0,0,
g22052,10347,39.33,0,
g22053,13608,39.15,0,
g22054,11973,39.91,0,
g22055,18481,34.15,0,
g22056,813,33.7,0,
g22057,3351,35.9,0,
g22058,2973,44.37,0,
g22059,8907,35.53,0,
g2206,951,38.17,0,
g22060,10574,37.27,0,
g22061,8520,37.44,0,
g22062,1279,43.94,0,
g22063,1017,42.67,0,
g22064,19901,40.68,0,
g22065,7453,37.43,0,
g22066,5898,33.83,0,
g22067,7326,37.76,0,
g22068,2547,38.48,0,
g22069,2793,36.16,0,
g2207,8283,33.82,0,
g22070,4829,35.31,0,
g22071,3808,36.08,0,
g22072,4010,36.98,0,
g22073,3812,37.2,0,
g22074,25178,37.02,0,
g22075,11962,34.17,0,
g22076,306,54.9,0,
g22077,288,44.44,0,
g22078,240,37.92,0,
g22079,2204,36.57,0,
g2208,399,41.6,0,
g22080,1475,39.8,0,
g22081,5278,34.65,0,
g22082,306,58.82,0,
g22083,3286,37.1,0,
g22084,15600,35.68,0,
g22085,686,33.24,0,
g22086,16850,33.73,0,
g22087,2271,38.49,0,
g22088,17249,37.53,0,
g22089,1301,42.2,0,
g2209,717,34.45,0,
g22090,9263,39.68,0,
g22091,5519,52.15,0,
g22092,4779,34.67,0,
g22093,6589,56.93,0,
g22094,2443,33.81,0,
g22095,1710,35.15,0,
g22096,23160,36.28,0,
g22097,3716,43.08,0,
g22098,4844,32.45,0,
g22099,2229,33.87,0,
g221,297,55.56,0,
g2210,13616,35.99,0,
g22100,1197,40.94,0,
g22101,2886,33.51,0,
g22102,930,39.57,0,
g22103,240,33.75,0,
g22104,8392,40.31,0,
g22105,5327,40.79,0,
g22106,14822,38.33,0,
g22107,10426,37.29,0,
g22108,6269,36.53,0,
g22109,1221,32.1,0,
g2211,30306,37.16,0,
g22110,562,38.79,0,
g22111,10836,34.29,0,
g22112,342,57.02,0,
g22113,255,50.2,0,
g22114,3133,31.15,0,
g22115,2312,37.85,0,
g22116,6228,33.03,0,
g22117,3021,34.36,0,
g22118,6241,38.52,0,
g22119,930,54.19,0,
g2212,17217,33.22,0,
g22120,330,59.39,0,
g22121,5498,36.58,0,
g22122,38633,36.47,0,
g22123,1503,39.32,0,
g22124,7570,42.93,0,
g22125,8992,35.03,0,
g22126,13353,36.91,0,
g22127,9881,38.23,0,
g22128,12713,31.61,0,
g22129,16868,39.52,0,
g2213,43916,34.92,0,
g22130,5058,34.46,0,
g22131,18061,37.58,0,
g22132,40206,36.36,0,
g22133,29261,35.6,0,
g22134,1107,41.37,0,
g22135,3975,42.34,0,
g22136,834,37.53,0,
g22137,3760,37.5,0,
g22138,7715,35.32,0,
g22139,804,37.44,0,
g2214,6919,33.5,0,
g22140,21940,33.49,0,
g22141,4528,35.18,0,
g22142,1028,27.33,0,
g22143,15857,32.75,0,
g22144,4507,33.1,0,
g22145,4491,31.02,0,
g22146,1794,35.51,0,
g22147,3708,37.3,0,
g22148,758,61.87,0,
g22149,26209,37.67,0,
g2215,321,57.63,0,
g22150,5867,39.75,0,
g22151,39373,37.31,0,
g22152,22241,33.43,0,
g22153,1020,52.75,0,
g22154,1020,53.33,0,
g22155,525,52.57,0,
g22156,516,52.33,0,
g22157,2172,38.49,0,
g22158,1709,39.61,0,
g22159,160199,36.08,0,
g2216,6765,35.0,0,
g22160,16736,35.8,0,
g22161,67531,35.51,0,
g22162,7147,38.66,0,
g22163,4621,33.65,0,
g22164,13716,35.2,0,
g22165,10124,33.91,0,
g22166,15821,36.62,0,
g22167,471,42.46,0,
g22168,69791,36.41,0,
g22169,225,51.56,0,
g2217,479,49.69,0,
g22170,7042,38.1,0,
g22171,489,52.97,0,
g22172,291,38.49,0,
g22173,8377,32.27,0,
g22174,51900,34.57,0,
g22175,1828,40.26,0,
g22176,23360,31.96,0,
g22177,1975,33.72,0,
g22178,897,33.33,0,
g22179,8553,33.64,0,
g2218,42502,34.03,0,
g22180,515,55.15,0,
g22181,11517,36.28,0,
g22182,9871,40.03,0,
g22183,29197,35.5,0,
g22184,60408,37.06,0,
g22185,654,42.81,0,
g22186,411,39.42,0,
g22187,1969,39.56,0,
g22188,25115,34.2,0,
g22189,11958,32.07,0,
g2219,23378,32.33,0,
g22190,2884,37.62,0,
g22191,2303,44.98,0,
g22192,222,51.35,0,
g22193,11659,35.12,0,
g22194,7899,37.23,0,
g22195,7568,33.28,0,
g22196,372,51.61,0,
g22197,9991,36.03,0,
g22198,9648,39.75,0,
g22199,9386,33.89,0,
g222,14376,44.74,0,
g2220,12670,33.67,0,
g22200,32026,37.59,0,
g22201,3815,34.78,0,
g22202,342,52.92,0,
g22203,324,56.79,0,
g22204,2038,39.3,0,
g22205,1148,47.91,0,
g22206,11558,36.04,0,
g22207,917,35.88,0,
g22208,9949,41.51,0,
g22209,17553,38.81,0,
g2221,384,53.39,0,
g22210,90740,36.01,0,
g22211,3635,41.18,0,
g22212,1197,51.38,0,
g22213,1865,33.35,0,
g22214,51239,36.69,0,
g22215,11099,35.31,0,
g22216,12387,38.72,0,
g22217,41850,37.01,0,
g22218,11522,42.78,0,
g22219,891,49.49,0,
g2222,534,38.39,0,
g22220,54928,37.11,0,
g22221,333,57.36,0,
g22222,16267,37.79,0,
g22223,479,38.2,0,
g22224,2774,34.97,0,
g22225,384,61.2,0,
g22226,9935,40.75,0,
g22227,7374,36.36,0,
g22228,26825,33.36,0,
g22229,764,49.35,0,
g2223,21986,34.89,0,
g22230,38392,35.84,0,
g22231,18083,37.9,0,
g22232,2501,36.23,0,
g22233,291,48.45,0,
g22234,2718,35.69,0,
g22235,14409,38.61,0,
g22236,450,45.33,0,
g22237,5521,42.38,0,
g22238,2202,40.83,0,
g22239,30076,36.04,0,
g2224,8899,43.08,0,
g22240,20295,35.32,0,
g22241,8129,35.31,0,
g22242,49693,37.19,0,
g22243,18336,36.51,0,
g22244,7003,38.9,0,
g22245,264,60.98,0,
g22246,343,32.36,0,
g22247,5266,35.97,0,
g22248,1305,55.33,0,
g22249,3323,40.78,0,
g2225,213,64.79,0,
g22250,14877,34.42,0,
g22251,9905,35.81,0,
g22252,5386,36.32,0,
g22253,3490,42.26,0,
g22254,3164,42.32,0,
g22255,6753,37.23,0,
g22256,72413,37.21,0,
g22257,249,50.2,0,
g22258,35810,35.83,0,
g22259,8293,33.29,0,
g2226,97477,35.54,0,
g22260,994,31.49,0,
g22261,20558,37.33,0,
g22262,13362,33.57,0,
g22263,111824,36.47,0,
g22264,15765,35.86,0,
g22265,6790,35.43,0,
g22266,9017,38.04,0,
g22267,6786,39.21,0,
g22268,4310,42.74,0,
g22269,19902,39.91,0,
g2227,329,40.73,0,
g22270,9135,35.44,0,
g22271,1164,37.11,0,
g22272,35274,35.69,0,
g22273,389,54.76,0,
g22274,14795,38.82,0,
g22275,516,73.84,0,
g22276,43564,39.17,0,
g22277,924,35.61,0,
g22278,31811,36.2,0,
g22279,937,56.88,0,
g2228,1903,46.24,0,
g22280,561,40.11,0,
g22281,1096,39.78,0,
g22282,709,63.47,0,
g22283,6053,52.04,0,
g22284,35654,35.42,0,
g22285,330,58.18,0,
g22286,598,35.45,0,
g22287,8548,36.11,0,
g22288,4881,37.37,0,
g22289,2374,29.65,0,
g2229,22188,38.23,0,
g22290,8003,39.61,0,
g22291,30233,34.37,0,
g22292,9430,34.68,0,
g22293,2060,37.14,0,
g22294,8156,36.24,0,
g22295,4998,31.87,0,
g22296,2960,34.63,0,
g22297,9681,39.29,0,
g22298,330,50.91,0,
g22299,43721,38.45,0,
g223,567,49.38,0,
g2230,219,63.93,0,
g22300,10964,35.03,0,
g22301,29063,36.56,0,
g22302,13237,34.56,0,
g22303,4955,34.21,0,
g22304,687,45.85,0,
g22305,1390,38.27,0,
g22306,2885,36.78,0,
g22307,3375,36.33,0,
g22308,11460,38.6,0,
g22309,17096,38.06,0,
g2231,564,42.38,0,
g22310,20939,35.7,0,
g22311,22820,34.18,0,
g22312,22016,37.23,0,
g22313,3474,35.06,0,
g22314,15566,35.89,0,
g22315,2085,36.88,0,
g22316,5509,35.96,0,
g22317,50778,35.59,0,
g22318,537,61.64,0,
g22319,3709,37.67,0,
g2232,12843,36.5,0,
g22320,4622,32.02,0,
g22321,2097,58.61,0,
g22322,15285,39.73,0,
g22323,19078,36.87,0,
g22324,14200,34.82,0,
g22325,102811,36.53,0,
g22326,11478,37.94,0,
g22327,3693,45.9,0,
g22328,366,61.75,0,
g22329,1464,37.7,0,
g2233,7846,38.96,0,
g22330,10578,34.41,0,
g22331,21273,40.12,0,
g22332,6704,37.81,0,
g22333,264,52.65,0,
g22334,5768,34.28,0,
g22335,12692,37.22,0,
g22336,7472,34.76,0,
g22337,15092,35.58,0,
g22338,1350,35.04,0,
g22339,492,32.93,0,
g2234,3352,39.5,0,
g22340,249,36.95,0,
g22341,120987,36.77,0,
g22342,9617,31.92,0,
g22343,11538,34.43,0,
g22344,52404,37.35,0,
g22345,270,47.78,0,
g22346,363,51.24,0,
g22347,10684,39.4,0,
g22348,1967,34.88,0,
g22349,16944,37.09,0,
g2235,30467,36.6,0,
g22350,8001,33.3,0,
g22351,4351,39.51,0,
g22352,2400,34.04,0,
g22353,32770,32.76,0,
g22354,15714,38.9,0,
g22355,23388,36.75,0,
g22356,18863,37.87,0,
g22357,20842,35.94,0,
g22358,10835,36.8,0,
g22359,6260,40.4,0,
g2236,20981,33.89,0,
g22360,1513,46.73,0,
g22361,30474,34.17,0,
g22362,204,40.69,0,
g22363,2527,33.36,0,
g22364,253,64.03,0,
g22365,8733,36.83,0,
g22366,2321,34.25,0,
g22367,6363,29.94,0,
g22368,730,36.71,0,
g22369,13682,30.81,0,
g2237,610,48.2,0,
g22370,20314,33.59,0,
g22371,850,50.12,0,
g22372,5438,36.13,0,
g22373,18275,34.55,0,
g22374,4977,33.39,0,
g22375,45167,36.8,0,
g22376,8238,35.89,0,
g22377,11996,35.17,0,
g22378,7510,35.05,0,
g22379,7441,33.68,0,
g2238,3480,36.35,0,
g22380,10124,32.96,0,
g22381,9541,37.09,0,
g22382,1734,30.28,0,
g22383,364,51.92,0,
g22384,3819,45.01,0,
g22385,12487,39.12,0,
g22386,8627,37.95,0,
g22387,204,68.63,0,
g22388,6233,37.51,0,
g22389,9688,37.9,0,
g2239,5288,33.23,0,
g22390,402,35.82,0,
g22391,32036,34.7,0,
g22392,1262,46.91,0,
g22393,237,71.73,0,
g22394,677,72.82,0,
g22395,14617,37.95,0,
g22396,5119,37.72,0,
g22397,11889,33.27,0,
g22398,3372,33.66,0,
g22399,732,40.16,0,
g224,582,61.86,0,
g2240,2472,38.88,0,
g22400,6023,36.53,0,
g22401,240,52.08,0,
g22402,393,47.58,0,
g22403,1909,40.18,0,
g22404,6270,36.76,0,
g22405,5505,38.29,0,
g22406,5282,36.92,0,
g22407,6859,34.98,0,
g22408,7368,33.2,0,
g22409,1062,34.37,0,
g2241,5561,37.4,0,
g22410,6322,32.74,0,
g22411,3726,43.56,0,
g22412,22460,35.28,0,
g22413,12073,35.08,0,
g22414,617,28.04,0,
g22415,29399,37.62,0,
g22416,290,47.93,0,
g22417,4437,35.59,0,
g22418,336,41.96,0,
g22419,36563,38.02,0,
g2242,278,66.55,0,
g22420,12823,39.13,0,
g22421,12284,36.92,0,
g22422,2550,36.2,0,
g22423,11374,43.53,0,
g22424,48968,35.74,0,
g22425,1002,55.89,0,
g22426,4168,33.35,0,
g22427,19991,33.98,0,
g22428,20475,34.53,0,
g22429,12829,39.81,0,
g2243,12671,33.19,0,
g22430,2202,32.79,0,
g22431,342,49.12,0,
g22432,297,46.8,0,
g22433,3951,43.91,0,
g22434,369,60.7,0,
g22435,51028,38.12,0,
g22436,264,62.12,0,
g22437,4224,31.11,0,
g22438,1338,34.3,0,
g22439,16760,38.52,0,
g2244,11889,37.64,0,
g22440,95620,37.12,0,
g22441,24309,38.55,0,
g22442,19530,38.95,0,
g22443,1634,39.29,0,
g22444,6636,40.4,0,
g22445,33107,36.7,0,
g22446,225,66.22,0,
g22447,26448,35.67,0,
g22448,330,34.24,0,
g22449,649,33.59,0,
g2245,396,44.95,0,
g22450,12669,35.04,0,
g22451,14520,34.83,0,
g22452,6604,33.49,0,
g22453,23958,33.66,0,
g22454,13109,37.11,0,
g22455,660,49.09,0,
g22456,7712,37.03,0,
g22457,585,43.59,0,
g22458,6818,35.1,0,
g22459,1356,37.39,0,
g2246,267,40.82,0,
g22460,288,47.22,0,
g22461,2479,37.35,0,
g22462,204,60.29,0,
g22463,35510,34.38,0,
g22464,35871,33.87,0,
g22465,86652,38.39,0,
g22466,13655,35.19,0,
g22467,3851,35.52,0,
g22468,19017,35.66,0,
g22469,46815,37.05,0,
g2247,3850,45.12,0,
g22470,34491,37.7,0,
g22471,72524,35.61,0,
g22472,684,55.41,0,
g22473,6993,35.12,0,
g22474,16883,35.95,0,
g22475,10087,34.11,0,
g22476,7271,34.48,0,
g22477,342,56.43,0,
g22478,293,49.49,0,
g22479,5054,40.48,0,
g2248,1552,43.23,0,
g22480,61416,36.11,0,
g22481,6511,37.94,0,
g22482,654,36.39,0,
g22483,1439,33.5,0,
g22484,534,72.28,0,
g22485,225,76.0,0,
g22486,9315,36.04,0,
g22487,282,33.69,0,
g22488,7486,39.39,0,
g22489,15634,36.66,0,
g2249,6049,36.04,0,
g22490,12822,34.92,0,
g22491,5574,36.89,0,
g22492,6694,38.21,0,
g22493,23663,34.91,0,
g22494,6819,32.88,0,
g22495,18874,35.46,0,
g22496,6432,32.94,0,
g22497,24448,33.86,0,
g22498,1632,41.36,0,
g22499,24096,33.91,0,
g225,1824,51.04,0,
g2250,46426,37.93,0,
g22500,45327,35.85,0,
g22501,17433,35.43,0,
g22502,17554,38.65,0,
g22503,285,58.6,0,
g22504,1598,33.67,0,
g22505,4632,40.16,0,
g22506,8771,46.89,0,
g22507,7945,41.72,0,
g22508,378,47.35,0,
g22509,33016,36.93,0,
g2251,34451,34.83,0,
g22510,12077,40.79,0,
g22511,3770,34.99,0,
g22512,252,70.63,0,
g22513,612,65.52,0,
g22514,282,69.15,0,
g22515,309,55.66,0,
g22516,11163,38.11,0,
g22517,294,67.35,0,
g22518,1191,39.13,0,
g22519,15504,40.86,0,
g2252,26229,35.06,0,
g22520,2860,37.38,0,
g22521,10101,36.51,0,
g22522,909,51.16,0,
g22523,234,59.83,0,
g22524,5372,38.24,0,
g22525,222,53.15,0,
g22526,279,56.27,0,
g22527,2667,61.04,0,
g22528,3546,42.81,0,
g22529,1926,37.18,0,
g2253,5523,36.19,0,
g22530,4082,37.11,0,
g22531,11217,40.1,0,
g22532,44736,39.78,0,
g22533,33472,38.46,0,
g22534,1390,32.37,0,
g22535,9876,39.49,0,
g22536,55353,35.73,0,
g22537,46384,35.69,0,
g22538,29932,37.47,0,
g22539,52043,36.17,0,
g2254,27176,38.33,0,
g22540,276,61.59,0,
g22541,336,60.71,0,
g22542,2465,38.3,0,
g22543,30333,35.57,0,
g22544,3596,37.76,0,
g22545,1843,34.29,0,
g22546,4679,36.59,0,
g22547,273,56.78,0,
g22548,1664,35.88,0,
g22549,10168,38.5,0,
g2255,29090,35.42,0,
g22550,40795,37.48,0,
g22551,35636,36.27,0,
g22552,5623,34.22,0,
g22553,4146,38.4,0,
g22554,4202,32.89,0,
g22555,10715,35.15,0,
g22556,30909,35.28,0,
g22557,5551,33.63,0,
g22558,1267,33.46,0,
g22559,9869,34.5,0,
g2256,17946,39.33,0,
g22560,264,37.88,0,
g22561,375,40.27,0,
g22562,333,32.73,0,
g22563,459,42.27,0,
g22564,4633,52.17,0,
g22565,25218,38.6,0,
g22566,60914,34.97,0,
g22567,9802,36.28,0,
g22568,1983,34.39,0,
g22569,25524,39.39,0,
g2257,2567,40.01,0,
g22570,74596,35.88,0,
g22571,8900,40.06,0,
g22572,9523,34.62,0,
g22573,4408,36.21,0,
g22574,7407,34.16,0,
g22575,1118,42.22,0,
g22576,28639,36.15,0,
g22577,25627,36.44,0,
g22578,21165,35.92,0,
g22579,14928,35.03,0,
g2258,3490,32.66,0,
g22580,25472,37.54,0,
g22581,8292,33.73,0,
g22582,35277,37.06,0,
g22583,204,58.33,0,
g22584,321,57.63,0,
g22585,3880,39.3,0,
g22586,17576,34.14,0,
g22587,21717,33.28,0,
g22588,4687,33.26,0,
g22589,1696,30.07,0,
g2259,18102,37.74,0,
g22590,3807,32.65,0,
g22591,26836,36.74,0,
g22592,3413,33.87,0,
g22593,19780,33.18,0,
g22594,12808,33.99,0,
g22595,7608,30.9,0,
g22596,8978,32.65,0,
g22597,17048,34.79,0,
g22598,56388,36.74,0,
g22599,756,62.57,0,
g226,207,73.91,0,
g2260,4411,31.51,0,
g22600,5483,38.39,0,
g22601,11272,35.31,0,
g22602,16541,34.09,0,
g22603,35100,34.92,0,
g22604,21154,35.72,0,
g22605,8692,33.31,0,
g22606,7233,32.75,0,
g22607,21515,35.34,0,
g22608,35665,34.64,0,
g22609,2508,34.05,0,
g2261,34704,36.34,0,
g22610,1629,39.84,0,
g22611,16724,35.42,0,
g22612,12733,36.33,0,
g22613,11425,33.8,0,
g22614,438,52.28,0,
g22615,6551,40.07,0,
g22616,2055,67.2,0,
g22617,48652,35.96,0,
g22618,1464,37.7,0,
g22619,330,46.06,0,
g2262,17821,37.05,0,
g22620,11561,35.03,0,
g22621,27051,35.6,0,
g22622,59996,36.71,0,
g22623,5983,53.02,0,
g22624,1893,29.74,0,
g22625,381,68.24,0,
g22626,21231,38.31,0,
g22627,15421,35.47,0,
g22628,2614,33.32,0,
g22629,9694,36.14,0,
g2263,1788,37.02,0,
g22630,4816,34.45,0,
g22631,10227,40.68,0,
g22632,7757,42.03,0,
g22633,13773,37.49,0,
g22634,2804,33.67,0,
g22635,1164,41.84,0,
g22636,1188,38.38,0,
g22637,8503,33.86,0,
g22638,810,33.33,0,
g22639,399,57.39,0,
g2264,14519,37.08,0,
g22640,60049,35.43,0,
g22641,423,52.72,0,
g22642,12735,39.26,0,
g22643,8384,36.84,0,
g22644,1201,52.62,0,
g22645,1220,52.13,0,
g22646,1420,49.86,0,
g22647,768,59.24,0,
g22648,1846,45.45,0,
g22649,911,64.32,0,
g2265,4433,38.94,0,
g22650,3975,31.32,0,
g22651,16087,35.79,0,
g22652,17935,36.5,0,
g22653,4375,30.63,0,
g22654,18378,35.65,0,
g22655,793,54.73,0,
g22656,8220,39.42,0,
g22657,11384,37.8,0,
g22658,13115,37.58,0,
g22659,25481,36.9,0,
g2266,264,56.44,0,
g22660,6187,37.59,0,
g22661,67201,37.62,0,
g22662,6986,35.6,0,
g22663,6817,36.67,0,
g22664,5212,32.92,0,
g22665,324,69.75,0,
g22666,7530,33.85,0,
g22667,33163,32.06,0,
g22668,471,51.38,0,
g22669,834,50.6,0,
g2267,3232,39.42,0,
g22670,19325,38.1,0,
g22671,14661,37.93,0,
g22672,13188,34.74,0,
g22673,18807,35.31,0,
g22674,14632,37.3,0,
g22675,34890,35.73,0,
g22676,6035,36.74,0,
g22677,4554,35.77,0,
g22678,2996,34.31,0,
g22679,57182,34.65,0,
g2268,5462,35.19,0,
g22680,2440,41.23,0,
g22681,2305,43.3,0,
g22682,4040,33.0,0,
g22683,54032,39.88,0,
g22684,16662,37.43,0,
g22685,20481,37.15,0,
g22686,13252,36.38,0,
g22687,11944,36.7,0,
g22688,8262,38.73,0,
g22689,19583,35.54,0,
g2269,246,64.23,0,
g22690,4803,39.33,0,
g22691,8165,35.05,0,
g22692,8922,35.63,0,
g22693,10841,34.1,0,
g22694,98324,36.47,0,
g22695,2914,44.23,0,
g22696,2714,32.54,0,
g22697,4373,34.53,0,
g22698,1341,38.7,0,
g22699,285,39.3,0,
g227,23008,41.79,0,
g2270,327,59.02,0,
g22700,32359,35.6,0,
g22701,836,49.16,0,
g22702,70666,37.26,0,
g22703,408,59.07,0,
g22704,3941,36.94,0,
g22705,2014,39.62,0,
g22706,8273,33.07,0,
g22707,372,44.62,0,
g22708,26606,36.53,0,
g22709,5864,35.49,0,
g2271,4141,41.51,0,
g22710,20085,35.28,0,
g22711,375,40.0,0,
g22712,13431,33.66,0,
g22713,2840,41.48,0,
g22714,873,57.96,0,
g22715,5528,53.47,0,
g22716,222,57.21,0,
g22717,477,59.54,0,
g22718,1690,56.04,0,
g22719,282,60.64,0,
g2272,78232,35.39,0,
g22720,585,60.85,0,
g22721,36332,39.11,0,
g22722,11846,38.97,0,
g22723,1152,55.03,0,
g22724,398,48.74,0,
g22725,9893,36.62,0,
g22726,109496,39.59,0,
g22727,6542,36.98,0,
g22728,2272,37.81,0,
g22729,4785,38.56,0,
g2273,11448,35.11,0,
g22730,2689,35.7,0,
g22731,3026,34.14,0,
g22732,279,47.67,0,
g22733,11056,40.25,0,
g22734,294,53.06,0,
g22735,907,45.2,0,
g22736,487,61.4,0,
g22737,10875,33.86,0,
g22738,18748,34.24,0,
g22739,7676,36.58,0,
g2274,2614,48.43,0,
g22740,137745,36.8,0,
g22741,8850,36.67,0,
g22742,1794,46.99,0,
g22743,17181,42.01,0,
g22744,25359,33.86,0,
g22745,7759,35.3,0,
g22746,15969,32.84,0,
g22747,8791,32.57,0,
g22748,41588,35.25,0,
g22749,3688,32.21,0,
g2275,6619,33.22,0,
g22750,23796,34.66,0,
g22751,19017,34.47,0,
g22752,909,50.5,0,
g22753,261,52.49,0,
g22754,26917,36.62,0,
g22755,4327,38.76,0,
g22756,1176,43.28,0,
g22757,1182,40.95,0,
g22758,6791,37.67,0,
g22759,1176,42.94,0,
g2276,4689,34.72,0,
g22760,306,56.21,0,
g22761,3049,41.36,0,
g22762,917,35.88,0,
g22763,9634,37.94,0,
g22764,11080,36.19,0,
g22765,1509,46.45,0,
g22766,48839,36.02,0,
g22767,54451,34.68,0,
g22768,44161,36.15,0,
g22769,8169,36.28,0,
g2277,7956,34.21,0,
g22770,14195,37.68,0,
g22771,4101,34.8,0,
g22772,409,50.61,0,
g22773,834,50.6,0,
g22774,285,65.96,0,
g22775,1462,35.36,0,
g22776,18151,35.44,0,
g22777,9420,34.51,0,
g22778,3100,37.65,0,
g22779,53982,37.12,0,
g2278,2838,43.31,0,
g22780,36423,36.86,0,
g22781,23022,36.72,0,
g22782,210,70.95,0,
g22783,4512,38.01,0,
g22784,16882,37.37,0,
g22785,8376,37.82,0,
g22786,288,29.51,0,
g22787,66307,36.86,0,
g22788,14508,35.34,0,
g22789,2265,33.38,0,
g2279,612,66.01,0,
g22790,8782,32.9,0,
g22791,4317,32.78,0,
g22792,2609,37.33,0,
g22793,303,41.25,0,
g22794,282,46.1,0,
g22795,1743,37.23,0,
g22796,78182,36.78,0,
g22797,4816,31.04,0,
g22798,39414,33.58,0,
g22799,630,59.52,0,
g228,7195,45.18,0,
g2280,2666,50.9,0,
g22800,964,34.75,0,
g22801,1451,52.24,0,
g22802,30987,37.23,0,
g22803,4310,36.54,0,
g22804,13949,34.88,0,
g22805,50233,35.3,0,
g22806,76810,35.98,0,
g22807,2829,38.99,0,
g22808,69613,36.0,0,
g22809,5323,37.89,0,
g2281,1276,51.18,0,
g22810,587,34.07,0,
g22811,4908,36.21,0,
g22812,1618,35.29,0,
g22813,639,38.34,0,
g22814,426,39.44,0,
g22815,1530,34.84,0,
g22816,480,40.0,0,
g22817,1767,35.82,0,
g22818,60813,36.23,0,
g22819,5902,37.77,0,
g2282,246,57.72,0,
g22820,5089,34.84,0,
g22821,21457,35.42,0,
g22822,3505,36.75,0,
g22823,417,44.36,0,
g22824,3750,32.59,0,
g22825,612,41.01,0,
g22826,15163,32.34,0,
g22827,15912,34.6,0,
g22828,7947,33.35,0,
g22829,6150,33.4,0,
g2283,4817,44.32,0,
g22830,3038,35.71,0,
g22831,17346,37.05,0,
g22832,8438,34.55,0,
g22833,291,54.3,0,
g22834,5264,38.83,0,
g22835,10143,36.99,0,
g22836,67949,36.71,0,
g22837,13413,37.14,0,
g22838,558,44.98,0,
g22839,5669,32.44,0,
g2284,6224,44.63,0,
g22840,8281,32.11,0,
g22841,57318,36.61,0,
g22842,34172,38.13,0,
g22843,1347,37.19,0,
g22844,21255,35.22,0,
g22845,375,30.93,0,
g22846,399,37.59,0,
g22847,21301,35.25,0,
g22848,1605,34.52,0,
g22849,3633,28.74,0,
g2285,10003,41.87,0,
g22850,41691,35.51,0,
g22851,6317,33.39,0,
g22852,14003,35.62,0,
g22853,18733,36.71,0,
g22854,11592,38.31,0,
g22855,61845,37.34,0,
g22856,291,70.79,0,
g22857,12069,34.92,0,
g22858,930,54.3,0,
g22859,8263,36.95,0,
g2286,618,49.68,0,
g22860,3177,32.51,0,
g22861,6073,36.77,0,
g22862,429,69.23,0,
g22863,3564,37.82,0,
g22864,70231,34.91,0,
g22865,798,32.21,0,
g22866,22776,34.69,0,
g22867,295,56.61,0,
g22868,2874,32.05,0,
g22869,4869,35.72,0,
g2287,10625,41.84,0,
g22870,351,50.14,0,
g22871,363,42.7,0,
g22872,6694,38.44,0,
g22873,1821,43.33,0,
g22874,828,35.51,0,
g22875,36254,36.37,0,
g22876,19883,38.12,0,
g22877,73777,36.12,0,
g22878,3295,51.93,0,
g22879,261,58.62,0,
g2288,1491,52.31,0,
g22880,2936,46.22,0,
g22881,210,61.9,0,
g22882,1479,42.66,0,
g22883,410,60.0,0,
g22884,225,64.89,0,
g22885,2551,38.1,0,
g22886,509,46.56,0,
g22887,1088,45.4,0,
g22888,13407,36.07,0,
g22889,669,69.96,0,
g2289,3193,41.12,0,
g22890,231,70.13,0,
g22891,1736,41.88,0,
g22892,17338,37.31,0,
g22893,8627,35.95,0,
g22894,8171,37.22,0,
g22895,369,60.43,0,
g22896,399,50.38,0,
g22897,4014,36.5,0,
g22898,6273,42.36,0,
g22899,2834,40.65,0,
g229,5756,36.48,0,
g2290,285,63.16,0,
g22900,360,65.0,0,
g22901,20761,39.4,0,
g22902,98564,34.16,0,
g22903,3466,32.63,0,
g22904,8081,40.65,0,
g22905,35126,35.36,0,
g22906,17588,33.17,0,
g22907,7924,34.72,0,
g22908,4879,34.9,0,
g22909,17434,35.34,0,
g2291,285,65.26,0,
g22910,264,65.15,0,
g22911,276,59.78,0,
g22912,20249,38.05,0,
g22913,2078,34.46,0,
g22914,303,68.65,0,
g22915,333,56.76,0,
g22916,12275,34.92,0,
g22917,282,37.59,0,
g22918,354,46.05,0,
g22919,852,42.72,0,
g2292,225,52.89,0,
g22920,459,44.01,0,
g22921,613,36.87,0,
g22922,26603,38.73,0,
g22923,19957,34.37,0,
g22924,8964,32.8,0,
g22925,5402,48.22,0,
g22926,21064,35.81,0,
g22927,684,50.44,0,
g22928,3156,35.04,0,
g22929,64263,36.29,0,
g2293,39684,35.78,0,
g22930,11590,35.61,0,
g22931,13349,32.74,0,
g22932,5671,39.85,0,
g22933,38757,35.2,0,
g22934,4941,37.38,0,
g22935,3945,35.36,0,
g22936,4750,32.93,0,
g22937,2406,36.95,0,
g22938,1051,36.25,0,
g22939,13166,36.34,0,
g2294,3502,38.12,0,
g22940,3984,31.4,0,
g22941,9072,35.03,0,
g22942,279,57.35,0,
g22943,1452,37.12,0,
g22944,370,59.46,0,
g22945,630,71.11,0,
g22946,516,56.4,0,
g22947,426,73.94,0,
g22948,3175,38.58,0,
g22949,270,52.59,0,
g2295,6326,36.8,0,
g22950,23837,37.07,0,
g22951,23485,34.17,0,
g22952,9128,32.87,0,
g22953,4676,30.6,0,
g22954,7046,33.14,0,
g22955,660,33.18,0,
g22956,1716,33.57,0,
g22957,7293,32.59,0,
g22958,16714,35.14,0,
g22959,2175,32.92,0,
g2296,237,42.62,0,
g22960,9965,38.49,0,
g22961,390,60.77,0,
g22962,2479,38.12,0,
g22963,1301,55.27,0,
g22964,243,74.9,0,
g22965,6825,37.98,0,
g22966,7779,38.24,0,
g22967,441,60.09,0,
g22968,54956,34.22,0,
g22969,6129,35.88,0,
g2297,16402,37.31,0,
g22970,4382,32.41,0,
g22971,23974,34.65,0,
g22972,20450,37.21,0,
g22973,35348,37.13,0,
g22974,909,33.11,0,
g22975,1145,30.04,0,
g22976,15582,36.84,0,
g22977,1365,39.93,0,
g22978,3201,36.58,0,
g22979,6805,33.46,0,
g2298,3336,35.31,0,
g22980,3249,33.7,0,
g22981,1733,36.7,0,
g22982,13016,33.11,0,
g22983,54344,35.69,0,
g22984,6793,35.89,0,
g22985,66950,38.05,0,
g22986,582,39.69,0,
g22987,4361,36.78,0,
g22988,7226,34.98,0,
g22989,3147,45.66,0,
g2299,474,55.91,0,
g22990,5177,39.71,0,
g22991,890,32.58,0,
g22992,9484,33.41,0,
g22993,3495,32.85,0,
g22994,7981,34.95,0,
g22995,12982,31.68,0,
g22996,2133,33.76,0,
g22997,41984,36.22,0,
g22998,288,42.71,0,
g22999,327,59.63,0,
g23,4663,38.32,0,
g230,462,39.61,0,
g2300,1714,46.85,0,
g23000,321,61.06,0,
g23001,7207,35.7,0,
g23002,2363,33.14,0,
g23003,8911,41.03,0,
g23004,20474,36.08,0,
g23005,1932,40.17,0,
g23006,817,39.53,0,
g23007,3137,35.61,0,
g23008,501,62.08,0,
g23009,15304,39.41,0,
g2301,9365,36.75,0,
g23010,9981,37.22,0,
g23011,8331,31.89,0,
g23012,75746,34.87,0,
g23013,24516,35.5,0,
g23014,6367,56.67,0,
g23015,15944,35.76,0,
g23016,22513,40.03,0,
g23017,28219,36.82,0,
g23018,47542,35.1,0,
g23019,369,49.86,0,
g2302,288,55.56,0,
g23020,6400,37.7,0,
g23021,3151,34.85,0,
g23022,217923,35.5,0,
g23023,2430,34.9,0,
g23024,17257,33.22,0,
g23025,5227,32.43,0,
g23026,5762,33.55,0,
g23027,25803,33.22,0,
g23028,34036,35.86,0,
g23029,16450,36.97,0,
g2303,1636,38.94,0,
g23030,1532,51.17,0,
g23031,2374,37.57,0,
g23032,8249,36.96,0,
g23033,957,34.8,0,
g23034,1239,36.64,0,
g23035,2497,32.2,0,
g23036,452,40.71,0,
g23037,6229,39.78,0,
g23038,9402,33.0,0,
g23039,246,35.77,0,
g2304,15173,35.23,0,
g23040,19704,37.38,0,
g23041,797,44.92,0,
g23042,4375,37.05,0,
g23043,24732,35.42,0,
g23044,1214,34.76,0,
g23045,1756,31.49,0,
g23046,18585,34.96,0,
g23047,21932,36.85,0,
g23048,9862,34.75,0,
g23049,342,75.15,0,
g2305,300,53.0,0,
g23050,423,68.09,0,
g23051,13669,32.07,0,
g23052,28680,34.79,0,
g23053,5773,36.95,0,
g23054,336,35.71,0,
g23055,23456,34.29,0,
g23056,4018,33.75,0,
g23057,15491,34.59,0,
g23058,2539,35.37,0,
g23059,19114,37.83,0,
g2306,31637,40.18,0,
g23060,14358,34.94,0,
g23061,804,51.62,0,
g23062,1955,41.99,0,
g23063,8499,36.77,0,
g23064,729,36.21,0,
g23065,1406,51.56,0,
g23066,558,55.38,0,
g23067,1253,53.47,0,
g23068,588,47.79,0,
g23069,11107,33.48,0,
g2307,837,35.36,0,
g23070,8391,31.12,0,
g23071,16845,38.2,0,
g23072,13293,38.61,0,
g23073,7332,36.22,0,
g23074,27080,37.68,0,
g23075,249,60.64,0,
g23076,28788,37.05,0,
g23077,36358,35.67,0,
g23078,4379,32.13,0,
g23079,2092,33.08,0,
g2308,7895,38.42,0,
g23080,13029,41.48,0,
g23081,28488,34.57,0,
g23082,312,54.17,0,
g23083,792,36.99,0,
g23084,14796,36.79,0,
g23085,438,56.85,0,
g23086,6289,37.29,0,
g23087,31818,34.04,0,
g23088,43370,35.09,0,
g23089,15558,35.02,0,
g2309,23088,37.29,0,
g23090,25895,35.17,0,
g23091,22158,38.64,0,
g23092,12872,38.99,0,
g23093,850,47.65,0,
g23094,645,58.91,0,
g23095,287,43.55,0,
g23096,606,45.38,0,
g23097,5141,40.75,0,
g23098,13634,34.08,0,
g23099,26283,34.56,0,
g231,27466,35.09,0,
g2310,432,49.77,0,
g23100,26284,35.37,0,
g23101,13521,32.43,0,
g23102,270,61.48,0,
g23103,821,36.42,0,
g23104,5166,38.46,0,
g23105,4039,37.06,0,
g23106,2740,43.98,0,
g23107,22505,37.49,0,
g23108,1908,38.84,0,
g23109,60881,35.11,0,
g2311,49697,36.28,0,
g23110,4476,32.89,0,
g23111,312,57.69,0,
g23112,26878,36.52,0,
g23113,9577,34.93,0,
g23114,5728,34.5,0,
g23115,2663,45.4,0,
g23116,637,63.74,0,
g23117,21328,35.53,0,
g23118,11019,35.85,0,
g23119,22518,36.02,0,
g2312,34736,35.31,0,
g23120,453,44.59,0,
g23121,25434,37.38,0,
g23122,10415,37.7,0,
g23123,4965,36.64,0,
g23124,318,51.26,0,
g23125,225,60.89,0,
g23126,4938,33.41,0,
g23127,3611,35.56,0,
g23128,46734,33.1,0,
g23129,10242,30.63,0,
g2313,210,74.29,0,
g23130,83346,36.38,0,
g23131,11786,35.82,0,
g23132,17031,36.06,0,
g23133,9139,34.7,0,
g23134,3251,34.54,0,
g23135,2285,33.74,0,
g23136,41555,37.16,0,
g23137,9503,38.45,0,
g23138,15725,35.33,0,
g23139,26251,34.15,0,
g2314,21125,34.44,0,
g23140,3862,34.59,0,
g23141,8888,37.32,0,
g23142,6926,34.67,0,
g23143,23843,37.5,0,
g23144,5021,38.5,0,
g23145,995,40.4,0,
g23146,12800,35.19,0,
g23147,2036,37.87,0,
g23148,1030,35.73,0,
g23149,5878,33.89,0,
g2315,14415,34.76,0,
g23150,8349,34.14,0,
g23151,38199,35.26,0,
g23152,16775,35.59,0,
g23153,35120,36.6,0,
g23154,37828,36.65,0,
g23155,867,29.41,0,
g23156,5677,31.3,0,
g23157,7985,31.92,0,
g23158,2520,36.71,0,
g23159,30065,35.75,0,
g2316,4883,36.51,0,
g23160,3322,34.35,0,
g23161,3951,55.63,0,
g23162,6673,34.86,0,
g23163,18912,35.62,0,
g23164,1182,47.04,0,
g23165,1176,58.08,0,
g23166,9922,34.13,0,
g23167,4936,35.39,0,
g23168,21107,33.55,0,
g23169,1066,38.09,0,
g2317,75298,36.94,0,
g23170,7974,34.85,0,
g23171,20326,38.04,0,
g23172,27291,35.45,0,
g23173,234,53.42,0,
g23174,7837,35.82,0,
g23175,3129,46.31,0,
g23176,16615,36.65,0,
g23177,1712,42.23,0,
g23178,20067,36.04,0,
g23179,15298,37.15,0,
g2318,1301,66.79,0,
g23180,21336,38.02,0,
g23181,15727,37.18,0,
g23182,19358,38.3,0,
g23183,32479,36.13,0,
g23184,2284,48.29,0,
g23185,9151,34.97,0,
g23186,3562,31.27,0,
g23187,6689,35.42,0,
g23188,7253,39.09,0,
g23189,5652,35.51,0,
g2319,2083,36.97,0,
g23190,3616,40.54,0,
g23191,279,62.72,0,
g23192,237,61.6,0,
g23193,9054,38.01,0,
g23194,31055,36.67,0,
g23195,402,54.98,0,
g23196,3563,35.05,0,
g23197,4755,43.49,0,
g23198,30980,37.87,0,
g23199,1941,44.41,0,
g232,17115,34.98,0,
g2320,44049,35.18,0,
g23200,3161,43.06,0,
g23201,6711,41.89,0,
g23202,46849,35.19,0,
g23203,1828,41.63,0,
g23204,984,43.7,0,
g23205,98953,36.09,0,
g23206,294,64.97,0,
g23207,4810,35.72,0,
g23208,2505,39.48,0,
g23209,29228,35.57,0,
g2321,15398,31.39,0,
g23210,5155,36.39,0,
g23211,1502,39.95,0,
g23212,3469,34.19,0,
g23213,28100,34.78,0,
g23214,14552,35.3,0,
g23215,39069,34.52,0,
g23216,17631,33.88,0,
g23217,6682,35.95,0,
g23218,2172,38.49,0,
g23219,249,57.83,0,
g2322,9580,37.86,0,
g23220,50459,40.02,0,
g23221,282,62.06,0,
g23222,270,64.44,0,
g23223,327,49.54,0,
g23224,1171,60.97,0,
g23225,1730,35.38,0,
g23226,804,36.82,0,
g23227,1233,35.12,0,
g23228,10053,35.15,0,
g23229,22948,35.64,0,
g2323,816,58.33,0,
g23230,1969,38.8,0,
g23231,9876,33.31,0,
g23232,10718,35.09,0,
g23233,10423,37.75,0,
g23234,306,38.89,0,
g23235,615,34.47,0,
g23236,4006,35.85,0,
g23237,5092,32.95,0,
g23238,10039,43.6,0,
g23239,441,40.36,0,
g2324,4203,45.68,0,
g23240,23328,32.61,0,
g23241,3213,36.41,0,
g23242,14906,37.96,0,
g23243,309,65.37,0,
g23244,2337,36.41,0,
g23245,25282,34.38,0,
g23246,4268,32.5,0,
g23247,47563,34.95,0,
g23248,297,56.57,0,
g23249,17190,39.3,0,
g2325,7455,37.81,0,
g23250,6612,33.64,0,
g23251,592,67.57,0,
g23252,372,69.62,0,
g23253,11804,35.3,0,
g23254,9220,34.54,0,
g23255,237,66.67,0,
g23256,31517,37.05,0,
g23257,828,35.51,0,
g23258,1329,36.34,0,
g23259,3921,43.76,0,
g2326,1458,32.51,0,
g23260,16246,37.01,0,
g23261,252,62.3,0,
g23262,10209,35.42,0,
g23263,13704,35.28,0,
g23264,252,63.1,0,
g23265,514,34.05,0,
g23266,3470,33.52,0,
g23267,8442,34.0,0,
g23268,8419,35.88,0,
g23269,645,44.34,0,
g2327,2743,30.95,0,
g23270,8512,36.76,0,
g23271,948,48.95,0,
g23272,1239,38.66,0,
g23273,7618,41.21,0,
g23274,3358,35.11,0,
g23275,5450,38.61,0,
g23276,2565,33.84,0,
g23277,14497,33.39,0,
g23278,68321,36.53,0,
g23279,5051,35.48,0,
g2328,13049,36.91,0,
g23280,77447,35.53,0,
g23281,1660,29.28,0,
g23282,3079,32.97,0,
g23283,11030,37.87,0,
g23284,7085,35.4,0,
g23285,18017,35.31,0,
g23286,2803,42.28,0,
g23287,11631,33.97,0,
g23288,8841,31.41,0,
g23289,23182,33.61,0,
g2329,349,36.68,0,
g23290,5818,33.21,0,
g23291,3210,35.73,0,
g23292,10348,34.01,0,
g23293,2675,37.27,0,
g23294,17430,44.6,0,
g23295,5162,35.12,0,
g23296,555,66.67,0,
g23297,3775,40.11,0,
g23298,11274,38.04,0,
g23299,2013,34.53,0,
g233,1079,32.99,0,
g2330,972,42.39,0,
g23300,23081,33.56,0,
g23301,2467,36.0,0,
g23302,12958,40.99,0,
g23303,973,45.32,0,
g23304,14708,37.35,0,
g23305,27726,33.22,0,
g23306,19054,37.33,0,
g23307,6219,32.75,0,
g23308,26256,39.71,0,
g23309,8669,41.58,0,
g2331,30315,33.66,0,
g23310,54648,35.2,0,
g23311,1930,43.42,0,
g23312,219,73.97,0,
g23313,60711,42.37,0,
g23314,429,56.88,0,
g23315,1032,63.08,0,
g23316,1530,44.58,0,
g23317,22820,36.71,0,
g23318,7901,35.39,0,
g23319,130217,36.25,0,
g2332,6326,36.82,0,
g23320,1286,33.13,0,
g23321,420,38.57,0,
g23322,98994,36.64,0,
g23323,1747,38.69,0,
g23324,513,49.32,0,
g23325,871,51.44,0,
g23326,321,47.98,0,
g23327,16172,35.46,0,
g23328,13461,36.46,0,
g23329,19569,37.14,0,
g2333,5822,33.41,0,
g23330,396,54.29,0,
g23331,1023,48.58,0,
g23332,4032,33.04,0,
g23333,10235,33.4,0,
g23334,7507,35.35,0,
g23335,1643,33.29,0,
g23336,20549,34.83,0,
g23337,4038,34.0,0,
g23338,5387,35.46,0,
g23339,3691,33.49,0,
g2334,8500,35.99,0,
g23340,2120,31.04,0,
g23341,29558,35.26,0,
g23342,1190,33.53,0,
g23343,60594,36.73,0,
g23344,893,44.23,0,
g23345,327,44.65,0,
g23346,5933,36.46,0,
g23347,4979,38.08,0,
g23348,7948,41.32,0,
g23349,10155,33.01,0,
g2335,59803,39.38,0,
g23350,22238,37.01,0,
g23351,11440,37.1,0,
g23352,20808,35.23,0,
g23353,14520,38.45,0,
g23354,17253,36.71,0,
g23355,19716,35.98,0,
g23356,462,39.18,0,
g23357,18948,35.78,0,
g23358,112638,36.89,0,
g23359,3910,36.19,0,
g2336,249,65.06,0,
g23360,349,47.28,0,
g23361,37475,35.75,0,
g23362,19303,36.0,0,
g23363,327,58.72,0,
g23364,1875,39.89,0,
g23365,567,39.86,0,
g23366,3677,31.96,0,
g23367,5564,41.21,0,
g23368,5279,36.28,0,
g23369,2727,43.78,0,
g2337,6321,32.31,0,
g23370,2027,30.64,0,
g23371,6172,33.54,0,
g23372,22943,36.75,0,
g23373,5853,32.7,0,
g23374,903,34.22,0,
g23375,7494,32.67,0,
g23376,3932,30.98,0,
g23377,648,37.65,0,
g23378,11498,37.41,0,
g23379,471,37.79,0,
g2338,14320,35.01,0,
g23380,1594,39.27,0,
g23381,684,39.04,0,
g23382,16103,38.38,0,
g23383,372,61.56,0,
g23384,294,45.24,0,
g23385,17400,33.24,0,
g23386,2735,44.68,0,
g23387,2205,35.74,0,
g23388,204,68.14,0,
g23389,3187,39.94,0,
g2339,10221,32.97,0,
g23390,400,47.5,0,
g23391,3632,36.4,0,
g23392,6358,34.93,0,
g23393,50795,36.44,0,
g23394,336,60.42,0,
g23395,273,51.65,0,
g23396,43879,34.85,0,
g23397,11222,37.85,0,
g23398,1151,40.83,0,
g23399,583,37.05,0,
g234,5130,33.7,0,
g2340,2996,30.11,0,
g23400,3905,41.18,0,
g23401,73486,34.95,0,
g23402,2054,35.35,0,
g23403,11796,37.0,0,
g23404,3120,42.37,0,
g23405,6442,35.78,0,
g23406,4858,40.49,0,
g23407,327,59.94,0,
g23408,5050,31.84,0,
g23409,5674,31.85,0,
g2341,5990,34.07,0,
g23410,486,33.95,0,
g23411,34682,35.8,0,
g23412,2155,38.7,0,
g23413,510,55.1,0,
g23414,300,60.33,0,
g23415,366,64.21,0,
g23416,2043,36.71,0,
g23417,163294,36.2,0,
g23418,1017,58.6,0,
g23419,26735,34.17,0,
g2342,975,39.79,0,
g23420,5150,39.73,0,
g23421,5348,36.39,0,
g23422,19648,39.21,0,
g23423,23210,36.05,0,
g23424,15020,38.08,0,
g23425,285,42.46,0,
g23426,5399,51.32,0,
g23427,2451,53.45,0,
g23428,696,59.34,0,
g23429,387,50.39,0,
g2343,37747,35.15,0,
g23430,820,62.32,0,
g23431,1595,61.82,0,
g23432,6619,32.56,0,
g23433,14559,36.42,0,
g23434,9767,37.66,0,
g23435,36381,37.04,0,
g23436,5120,50.02,0,
g23437,14180,33.11,0,
g23438,20158,36.24,0,
g23439,4225,42.75,0,
g2344,5062,31.79,0,
g23440,10100,34.9,0,
g23441,2321,32.62,0,
g23442,76790,36.85,0,
g23443,6030,34.69,0,
g23444,3891,36.31,0,
g23445,20572,34.75,0,
g23446,420,34.29,0,
g23447,270,61.48,0,
g23448,225,59.56,0,
g23449,2871,34.24,0,
g2345,130656,37.31,0,
g23450,5063,34.35,0,
g23451,4584,31.37,0,
g23452,5826,30.54,0,
g23453,4674,35.24,0,
g23454,5398,33.68,0,
g23455,4350,33.56,0,
g23456,2954,33.55,0,
g23457,6662,34.09,0,
g23458,6000,38.75,0,
g23459,2919,30.32,0,
g2346,4900,30.76,0,
g23460,492,38.21,0,
g23461,1039,29.55,0,
g23462,4611,32.96,0,
g23463,2841,33.79,0,
g23464,87441,37.33,0,
g23465,27336,36.66,0,
g23466,14908,37.1,0,
g23467,16478,37.2,0,
g23468,489,67.28,0,
g23469,333,55.26,0,
g2347,4484,38.89,0,
g23470,16704,37.51,0,
g23471,5092,33.74,0,
g23472,1855,37.9,0,
g23473,1891,37.44,0,
g23474,1890,37.99,0,
g23475,2471,35.21,0,
g23476,339,61.06,0,
g23477,294,40.48,0,
g23478,258,40.7,0,
g23479,16169,37.46,0,
g2348,249,53.82,0,
g23480,5129,32.23,0,
g23481,33076,35.61,0,
g23482,18496,40.39,0,
g23483,21623,36.34,0,
g23484,5337,36.89,0,
g23485,7203,37.23,0,
g23486,4691,32.57,0,
g23487,14150,38.73,0,
g23488,5659,39.67,0,
g23489,294,57.82,0,
g2349,333,52.85,0,
g23490,1199,43.95,0,
g23491,780,51.15,0,
g23492,358,59.78,0,
g23493,504,63.69,0,
g23494,3980,35.05,0,
g23495,300,45.33,0,
g23496,40826,36.3,0,
g23497,17648,35.89,0,
g23498,36898,35.21,0,
g23499,26157,36.46,0,
g235,8285,35.67,0,
g2350,67680,36.71,0,
g23500,9731,32.58,0,
g23501,37214,34.28,0,
g23502,34576,36.32,0,
g23503,29052,35.76,0,
g23504,2579,40.98,0,
g23505,80492,37.02,0,
g23506,36762,35.59,0,
g23507,15489,32.66,0,
g23508,7863,31.99,0,
g23509,1146,38.05,0,
g2351,1230,44.07,0,
g23510,2893,32.98,0,
g23511,1644,34.55,0,
g23512,10849,34.42,0,
g23513,1299,31.1,0,
g23514,418,42.82,0,
g23515,28953,36.38,0,
g23516,264,58.71,0,
g23517,49360,35.55,0,
g23518,28575,32.31,0,
g23519,11805,35.14,0,
g2352,16669,37.88,0,
g23520,19966,32.93,0,
g23521,14491,34.61,0,
g23522,12830,33.87,0,
g23523,2160,34.03,0,
g23524,32244,37.22,0,
g23525,1374,37.92,0,
g23526,1902,45.22,0,
g23527,17461,37.27,0,
g23528,1682,33.89,0,
g23529,109353,36.24,0,
g2353,47117,36.3,0,
g23530,37709,36.17,0,
g23531,9254,36.64,0,
g23532,30434,35.58,0,
g23533,222,56.31,0,
g23534,1523,39.33,0,
g23535,1424,38.13,0,
g23536,831,38.51,0,
g23537,1868,38.44,0,
g23538,1382,42.19,0,
g23539,17910,38.59,0,
g2354,2525,35.25,0,
g23540,6638,42.06,0,
g23541,5898,37.93,0,
g23542,11172,35.7,0,
g23543,8989,32.26,0,
g23544,4754,35.78,0,
g23545,134077,37.95,0,
g23546,1683,39.04,0,
g23547,1922,35.85,0,
g23548,1740,36.32,0,
g23549,1749,36.71,0,
g2355,2499,35.05,0,
g23550,8018,33.99,0,
g23551,3362,34.24,0,
g23552,1964,32.89,0,
g23553,39746,35.53,0,
g23554,4797,32.27,0,
g23555,39942,36.06,0,
g23556,2223,46.69,0,
g23557,7763,35.17,0,
g23558,8227,34.08,0,
g23559,22700,38.58,0,
g2356,5689,38.62,0,
g23560,3807,47.2,0,
g23561,237,50.21,0,
g23562,8443,31.55,0,
g23563,1251,35.33,0,
g23564,2919,33.71,0,
g23565,12795,39.91,0,
g23566,15721,35.08,0,
g23567,19807,38.64,0,
g23568,20149,36.33,0,
g23569,184,64.67,0,
g2357,24075,37.79,0,
g23570,2259,43.34,0,
g23571,2237,40.14,0,
g23572,852,39.08,0,
g23573,75380,35.74,0,
g23574,1238,36.27,0,
g23575,1080,34.72,0,
g23576,5646,33.39,0,
g23577,1276,34.95,0,
g23578,6647,35.28,0,
g23579,2760,33.26,0,
g2358,1191,43.32,0,
g23580,852,39.2,0,
g23581,8878,36.97,0,
g23582,119059,37.85,0,
g23583,1246,36.92,0,
g23584,1765,35.18,0,
g23585,516,53.29,0,
g23586,3278,31.79,0,
g23587,4070,34.2,0,
g23588,507,47.93,0,
g23589,772,37.44,0,
g2359,101372,37.8,0,
g23590,1296,36.73,0,
g23591,1183,37.79,0,
g23592,14683,38.87,0,
g23593,6101,39.06,0,
g23594,444,60.59,0,
g23595,726,61.71,0,
g23596,6727,32.08,0,
g23597,1944,39.2,0,
g23598,8939,34.31,0,
g23599,324,36.11,0,
g236,23776,34.24,0,
g2360,9616,35.73,0,
g23600,104624,36.09,0,
g23601,5699,34.8,0,
g23602,2963,35.27,0,
g23603,12681,35.72,0,
g23604,3625,36.08,0,
g23605,600,38.83,0,
g23606,594,41.25,0,
g23607,594,41.58,0,
g23608,4810,50.44,0,
g23609,4816,38.64,0,
g2361,3109,41.36,0,
g23610,4196,34.01,0,
g23611,35235,34.1,0,
g23612,2271,37.6,0,
g23613,4621,39.58,0,
g23614,2397,48.1,0,
g23615,279,29.75,0,
g23616,10149,38.71,0,
g23617,10277,32.93,0,
g23618,8708,37.53,0,
g23619,3393,54.94,0,
g2362,279,58.42,0,
g23620,279,59.5,0,
g23621,23743,34.87,0,
g23622,816,69.36,0,
g23623,246,56.1,0,
g23624,2687,42.95,0,
g23625,23155,34.76,0,
g23626,354,55.08,0,
g23627,12684,37.95,0,
g23628,2867,40.5,0,
g23629,6496,35.54,0,
g2363,312,50.96,0,
g23630,33700,36.95,0,
g23631,6553,35.54,0,
g23632,15515,35.06,0,
g23633,2535,34.91,0,
g23634,2806,30.76,0,
g23635,4413,35.35,0,
g23636,3811,36.34,0,
g23637,372,34.41,0,
g23638,19844,40.2,0,
g23639,14560,39.1,0,
g2364,8805,36.32,0,
g23640,17845,36.42,0,
g23641,13701,38.79,0,
g23642,270,63.7,0,
g23643,12304,34.81,0,
g23644,51666,38.3,0,
g23645,2097,45.06,0,
g23646,291,55.67,0,
g23647,717,65.69,0,
g23648,336,50.0,0,
g23649,22542,39.88,0,
g2365,2417,32.35,0,
g23650,4392,46.36,0,
g23651,3136,40.18,0,
g23652,777,49.94,0,
g23653,2381,46.12,0,
g23654,41921,37.5,0,
g23655,5461,34.19,0,
g23656,243,60.91,0,
g23657,405,56.3,0,
g23658,264,62.5,0,
g23659,2038,35.33,0,
g2366,5875,33.06,0,
g23660,48301,36.79,0,
g23661,798,38.22,0,
g23662,24040,33.09,0,
g23663,19023,31.78,0,
g23664,6056,34.46,0,
g23665,4794,33.31,0,
g23666,6707,31.7,0,
g23667,22121,33.62,0,
g23668,3628,34.07,0,
g23669,2457,33.05,0,
g2367,7702,42.92,0,
g23670,986,34.18,0,
g23671,45648,34.25,0,
g23672,252,60.71,0,
g23673,6434,30.0,0,
g23674,9468,32.92,0,
g23675,1628,35.63,0,
g23676,1554,37.45,0,
g23677,972,44.03,0,
g23678,14712,36.83,0,
g23679,660,55.76,0,
g2368,25917,39.52,0,
g23680,27505,36.55,0,
g23681,36147,36.22,0,
g23682,36666,35.6,0,
g23683,204,67.65,0,
g23684,14276,38.99,0,
g23685,37478,37.01,0,
g23686,5912,34.07,0,
g23687,3548,35.71,0,
g23688,5535,35.59,0,
g23689,1155,35.06,0,
g2369,12791,42.74,0,
g23690,8517,35.6,0,
g23691,115980,36.77,0,
g23692,877,71.15,0,
g23693,2016,43.7,0,
g23694,11492,37.77,0,
g23695,24992,35.65,0,
g23696,38263,34.56,0,
g23697,1434,34.66,0,
g23698,5341,35.59,0,
g23699,7377,33.51,0,
g237,477,46.75,0,
g2370,12938,34.89,0,
g23700,17159,36.5,0,
g23701,44491,35.88,0,
g23702,7819,58.26,0,
g23703,3488,35.95,0,
g23704,1389,38.3,0,
g23705,5279,36.24,0,
g23706,4511,33.1,0,
g23707,9689,35.07,0,
g23708,7746,31.96,0,
g23709,6473,35.61,0,
g2371,15689,37.09,0,
g23710,23353,34.61,0,
g23711,2194,36.28,0,
g23712,14055,36.17,0,
g23713,5346,33.03,0,
g23714,1464,47.88,0,
g23715,18031,33.75,0,
g23716,9399,32.87,0,
g23717,2467,32.71,0,
g23718,23369,36.36,0,
g23719,28600,38.03,0,
g2372,3026,32.19,0,
g23720,7030,30.88,0,
g23721,26284,33.06,0,
g23722,10115,39.35,0,
g23723,270,56.67,0,
g23724,64077,36.37,0,
g23725,11285,36.07,0,
g23726,2740,37.12,0,
g23727,924,38.64,0,
g23728,273,56.78,0,
g23729,213,50.23,0,
g2373,3977,34.02,0,
g23730,252,61.11,0,
g23731,234,43.59,0,
g23732,1249,41.71,0,
g23733,3246,37.8,0,
g23734,10595,36.34,0,
g23735,10224,37.74,0,
g23736,14564,35.03,0,
g23737,1560,37.95,0,
g23738,11325,37.26,0,
g23739,7124,41.21,0,
g2374,8192,36.63,0,
g23740,105071,35.64,0,
g23741,5502,46.49,0,
g23742,52349,36.54,0,
g23743,2023,41.03,0,
g23744,4864,39.29,0,
g23745,3491,34.63,0,
g23746,70079,37.22,0,
g23747,9565,33.27,0,
g23748,11909,37.36,0,
g23749,10917,33.13,0,
g2375,8493,33.47,0,
g23750,6281,39.29,0,
g23751,32353,33.63,0,
g23752,21230,35.78,0,
g23753,1304,51.69,0,
g23754,32865,37.34,0,
g23755,321,73.83,0,
g23756,49962,34.19,0,
g23757,906,70.97,0,
g23758,273,55.31,0,
g23759,243,59.67,0,
g2376,10219,36.78,0,
g23760,4906,41.01,0,
g23761,246,45.53,0,
g23762,279,51.97,0,
g23763,27968,35.66,0,
g23764,555,66.67,0,
g23765,1117,50.31,0,
g23766,2364,35.7,0,
g23767,16868,38.81,0,
g23768,1344,43.6,0,
g23769,9001,37.21,0,
g2377,33820,35.62,0,
g23770,3187,49.01,0,
g23771,234,61.54,0,
g23772,13888,45.63,0,
g23773,5315,38.51,0,
g23774,3209,37.24,0,
g23775,420,72.38,0,
g23776,5074,32.18,0,
g23777,729,40.74,0,
g23778,3504,34.93,0,
g23779,13455,37.41,0,
g2378,82000,35.97,0,
g23780,15368,36.61,0,
g23781,462,35.28,0,
g23782,2852,30.54,0,
g23783,3194,30.37,0,
g23784,101885,37.43,0,
g23785,23350,37.29,0,
g23786,1176,36.9,0,
g23787,22780,35.56,0,
g23788,36945,35.5,0,
g23789,28180,36.93,0,
g2379,1003,38.88,0,
g23790,50585,38.33,0,
g23791,462,43.94,0,
g23792,34078,40.06,0,
g23793,3076,33.97,0,
g23794,56598,37.13,0,
g23795,9810,36.76,0,
g23796,5267,30.0,0,
g23797,6822,35.52,0,
g23798,6217,32.06,0,
g23799,34318,34.01,0,
g238,1359,37.16,0,
g2380,666,34.08,0,
g23800,28711,36.8,0,
g23801,7235,36.1,0,
g23802,2560,32.97,0,
g23803,626,57.83,0,
g23804,1622,37.98,0,
g23805,9402,36.25,0,
g23806,1830,46.34,0,
g23807,10150,36.87,0,
g23808,13213,36.4,0,
g23809,14587,37.16,0,
g2381,2454,40.67,0,
g23810,6701,40.49,0,
g23811,21108,34.33,0,
g23812,10405,35.88,0,
g23813,264,41.67,0,
g23814,6432,37.84,0,
g23815,5214,33.79,0,
g23816,3427,30.55,0,
g23817,3591,34.36,0,
g23818,3871,28.75,0,
g23819,4556,38.54,0,
g2382,14112,34.24,0,
g23820,1218,42.28,0,
g23821,429,41.96,0,
g23822,1882,38.74,0,
g23823,4579,37.19,0,
g23824,14020,32.75,0,
g23825,1800,39.94,0,
g23826,252,51.59,0,
g23827,939,50.69,0,
g23828,678,32.01,0,
g23829,29764,35.19,0,
g2383,2386,40.95,0,
g23830,4440,34.44,0,
g23831,2294,35.44,0,
g23832,16140,39.13,0,
g23833,3964,36.25,0,
g23834,217,58.99,0,
g23835,4116,50.27,0,
g23836,1627,41.67,0,
g23837,27658,37.63,0,
g23838,339,73.45,0,
g23839,2534,34.21,0,
g2384,6216,38.03,0,
g23840,20669,33.72,0,
g23841,429,68.53,0,
g23842,237,56.12,0,
g23843,4684,32.73,0,
g23844,23435,37.43,0,
g23845,7235,32.01,0,
g23846,1802,33.74,0,
g23847,26817,35.02,0,
g23848,1992,42.42,0,
g23849,11634,36.95,0,
g2385,22652,34.54,0,
g23850,1393,38.91,0,
g23851,11902,35.64,0,
g23852,207,66.18,0,
g23853,661,42.06,0,
g23854,201,57.71,0,
g23855,3578,37.31,0,
g23856,13235,33.15,0,
g23857,1164,36.6,0,
g23858,948,41.98,0,
g23859,1125,29.78,0,
g2386,5803,33.79,0,
g23860,10353,34.66,0,
g23861,309,55.66,0,
g23862,36567,36.25,0,
g23863,86982,35.79,0,
g23864,49239,38.14,0,
g23865,411,67.4,0,
g23866,927,60.73,0,
g23867,6266,37.09,0,
g23868,399,41.35,0,
g23869,2782,39.36,0,
g2387,753,42.76,0,
g23870,7583,32.47,0,
g23871,3395,31.49,0,
g23872,5917,34.12,0,
g23873,633,30.65,0,
g23874,3696,33.79,0,
g23875,5346,33.82,0,
g23876,8687,35.74,0,
g23877,42899,37.7,0,
g23878,297,69.36,0,
g23879,2082,46.69,0,
g2388,27507,36.95,0,
g23880,2377,32.77,0,
g23881,1943,48.17,0,
g23882,7361,33.99,0,
g23883,3844,37.07,0,
g23884,34292,36.11,0,
g23885,1614,47.27,0,
g23886,15418,34.32,0,
g23887,50002,36.13,0,
g23888,8839,37.62,0,
g23889,2727,32.64,0,
g2389,360,51.94,0,
g23890,2190,29.73,0,
g23891,723,32.64,0,
g23892,936,33.23,0,
g23893,6711,32.54,0,
g23894,1218,33.66,0,
g23895,1011,32.44,0,
g23896,5530,31.21,0,
g23897,823,58.2,0,
g23898,357,65.83,0,
g23899,309,63.75,0,
g239,13637,32.1,0,
g2390,8554,39.35,0,
g23900,228,63.6,0,
g23901,94250,37.11,0,
g23902,31287,34.11,0,
g23903,5332,30.66,0,
g23904,1046,36.62,0,
g23905,2564,34.05,0,
g23906,2379,32.62,0,
g23907,5499,31.31,0,
g23908,18893,35.4,0,
g23909,12369,33.39,0,
g2391,12523,35.94,0,
g23910,23144,35.37,0,
g23911,17278,33.18,0,
g23912,12413,33.4,0,
g23913,23463,33.87,0,
g23914,4172,33.99,0,
g23915,25087,35.47,0,
g23916,15138,36.11,0,
g23917,2947,31.32,0,
g23918,6309,31.04,0,
g23919,14103,36.71,0,
g2392,2923,33.66,0,
g23920,6834,36.83,0,
g23921,10809,38.46,0,
g23922,29225,37.02,0,
g23923,339,50.74,0,
g23924,3756,36.79,0,
g23925,7125,40.13,0,
g23926,1239,40.27,0,
g23927,240,39.17,0,
g23928,5001,41.67,0,
g23929,6502,30.96,0,
g2393,2079,38.29,0,
g23930,25750,37.21,0,
g23931,1968,40.24,0,
g23932,4685,34.96,0,
g23933,12566,31.89,0,
g23934,1116,36.83,0,
g23935,15464,35.92,0,
g23936,1597,42.14,0,
g23937,31856,35.27,0,
g23938,273,61.54,0,
g23939,400,47.75,0,
g2394,12249,34.74,0,
g23940,36908,37.28,0,
g23941,466,57.08,0,
g23942,20028,37.22,0,
g23943,1635,54.5,0,
g23944,3629,53.82,0,
g23945,1856,41.0,0,
g23946,11964,38.03,0,
g23947,715,42.94,0,
g23948,273,35.9,0,
g23949,11797,31.79,0,
g2395,1793,33.07,0,
g23950,7344,32.8,0,
g23951,12379,34.09,0,
g23952,3572,31.97,0,
g23953,1575,32.44,0,
g23954,5496,32.61,0,
g23955,522,32.95,0,
g23956,1733,35.89,0,
g23957,4293,34.4,0,
g23958,23167,35.78,0,
g23959,1642,50.85,0,
g2396,8878,34.46,0,
g23960,862,58.35,0,
g23961,1791,29.15,0,
g23962,12324,33.05,0,
g23963,5217,37.78,0,
g23964,6943,30.79,0,
g23965,516,57.17,0,
g23966,912,52.52,0,
g23967,20373,40.8,0,
g23968,4602,35.2,0,
g23969,5511,34.44,0,
g2397,11428,35.65,0,
g23970,9114,36.83,0,
g23971,8021,35.33,0,
g23972,4045,42.35,0,
g23973,10247,33.32,0,
g23974,6921,34.68,0,
g23975,4469,38.22,0,
g23976,4082,37.97,0,
g23977,300,50.33,0,
g23978,10915,41.73,0,
g23979,2604,46.47,0,
g2398,7560,35.56,0,
g23980,9831,34.22,0,
g23981,1918,37.33,0,
g23982,1359,37.23,0,
g23983,1835,31.72,0,
g23984,3934,33.2,0,
g23985,2547,38.36,0,
g23986,24812,38.44,0,
g23987,489,42.33,0,
g23988,6243,30.58,0,
g23989,7748,33.83,0,
g2399,8036,36.42,0,
g23990,363,41.05,0,
g23991,12533,37.69,0,
g23992,4021,33.92,0,
g23993,3813,30.87,0,
g23994,2809,38.45,0,
g23995,12416,34.38,0,
g23996,34375,36.67,0,
g23997,2124,37.05,0,
g23998,1121,38.27,0,
g23999,1551,35.85,0,
g24,22297,35.18,0,
g240,19300,37.74,0,
g2400,10090,34.46,0,
g24000,2269,31.56,0,
g24001,1066,44.47,0,
g24002,2366,34.7,0,
g24003,9029,35.64,0,
g24004,1595,47.65,0,
g24005,3898,31.79,0,
g24006,4053,30.74,0,
g24007,18440,32.21,0,
g24008,2472,38.43,0,
g24009,1715,34.69,0,
g2401,7357,35.79,0,
g24010,4438,32.18,0,
g24011,16150,35.91,0,
g24012,4095,43.44,0,
g24013,8599,40.26,0,
g24014,204,76.47,0,
g24015,10184,32.45,0,
g24016,17653,33.74,0,
g24017,7315,30.64,0,
g24018,4867,35.46,0,
g24019,35289,33.69,0,
g2402,9937,34.96,0,
g24020,7307,40.44,0,
g24021,32100,37.69,0,
g24022,440,47.95,0,
g24023,450,72.67,0,
g24024,348,37.07,0,
g24025,2738,35.61,0,
g24026,221868,37.12,0,
g24027,357,56.86,0,
g24028,53263,35.65,0,
g24029,19839,41.55,0,
g2403,2048,42.29,0,
g24030,13775,36.46,0,
g24031,507,35.5,0,
g24032,37855,35.9,0,
g24033,6865,32.75,0,
g24034,5402,32.25,0,
g24035,77501,36.7,0,
g24036,7093,47.98,0,
g24037,5426,43.75,0,
g24038,3058,38.06,0,
g24039,1051,43.1,0,
g2404,11396,37.65,0,
g24040,15010,37.14,0,
g24041,7651,36.61,0,
g24042,8754,39.71,0,
g24043,3409,34.12,0,
g24044,22052,37.89,0,
g24045,273,72.53,0,
g24046,4588,43.74,0,
g24047,5336,37.82,0,
g24048,5320,33.2,0,
g24049,5022,36.4,0,
g2405,16498,33.94,0,
g24050,1323,46.03,0,
g24051,9642,36.47,0,
g24052,15633,35.37,0,
g24053,4079,32.97,0,
g24054,54701,35.56,0,
g24055,1126,51.15,0,
g24056,1014,44.87,0,
g24057,3884,42.22,0,
g24058,1867,43.65,0,
g24059,2515,35.83,0,
g2406,459,50.54,0,
g24060,1981,36.29,0,
g24061,6046,30.37,0,
g24062,7957,32.99,0,
g24063,9689,39.3,0,
g24064,54149,36.21,0,
g24065,2460,32.52,0,
g24066,9168,34.42,0,
g24067,888,40.2,0,
g24068,3066,34.05,0,
g24069,1128,42.11,0,
g2407,5706,37.75,0,
g24070,228,49.12,0,
g24071,2147,36.1,0,
g24072,6872,35.14,0,
g24073,47507,35.17,0,
g24074,19899,38.84,0,
g24075,13592,38.64,0,
g24076,1125,54.49,0,
g24077,39241,36.62,0,
g24078,1371,41.21,0,
g24079,3610,36.98,0,
g2408,339,33.33,0,
g24080,294,57.82,0,
g24081,42636,38.93,0,
g24082,396,37.88,0,
g24083,8745,33.12,0,
g24084,33774,34.78,0,
g24085,264,50.76,0,
g24086,5903,37.71,0,
g24087,5586,38.08,0,
g24088,6950,40.01,0,
g24089,1048,30.63,0,
g2409,531,52.35,0,
g24090,4778,37.59,0,
g24091,6770,42.63,0,
g24092,384,66.15,0,
g24093,1800,40.89,0,
g24094,11334,36.67,0,
g24095,1526,34.4,0,
g24096,3455,29.73,0,
g24097,1624,27.28,0,
g24098,6712,50.07,0,
g24099,27058,34.74,0,
g241,724,41.57,0,
g2410,9586,35.43,0,
g24100,1906,37.62,0,
g24101,831,38.39,0,
g24102,23855,34.25,0,
g24103,5333,32.48,0,
g24104,24459,37.69,0,
g24105,11391,39.07,0,
g24106,930,54.3,0,
g24107,360,69.44,0,
g24108,74449,36.23,0,
g24109,4733,34.12,0,
g2411,258,56.2,0,
g24110,23314,39.31,0,
g24111,8541,40.09,0,
g24112,1272,36.95,0,
g24113,16783,32.55,0,
g24114,327,37.31,0,
g24115,381,49.34,0,
g24116,3738,48.74,0,
g24117,9905,39.14,0,
g24118,4638,36.7,0,
g24119,1360,34.71,0,
g2412,566,31.63,0,
g24120,489,70.96,0,
g24121,3244,34.68,0,
g24122,637,36.26,0,
g24123,22656,33.79,0,
g24124,8015,32.21,0,
g24125,4010,33.84,0,
g24126,4008,37.77,0,
g24127,34793,36.4,0,
g24128,15606,36.96,0,
g24129,6261,32.31,0,
g2413,5163,35.31,0,
g24130,3564,34.4,0,
g24131,4407,35.6,0,
g24132,3362,31.02,0,
g24133,1369,28.63,0,
g24134,2734,33.65,0,
g24135,5291,33.7,0,
g24136,1350,38.89,0,
g24137,7629,32.44,0,
g24138,879,37.2,0,
g24139,237,54.43,0,
g2414,6990,33.76,0,
g24140,9979,34.0,0,
g24141,963,68.43,0,
g24142,78564,37.29,0,
g24143,8538,31.73,0,
g24144,18177,35.64,0,
g24145,20101,34.7,0,
g24146,70363,35.77,0,
g24147,13457,36.53,0,
g24148,17150,34.97,0,
g24149,5126,36.48,0,
g2415,8486,35.71,0,
g24150,5622,40.63,0,
g24151,2173,42.98,0,
g24152,320,42.19,0,
g24153,405,75.06,0,
g24154,429,73.89,0,
g24155,669,73.99,0,
g24156,1188,82.15,0,
g24157,299,45.82,0,
g24158,570,41.4,0,
g24159,2148,41.34,0,
g2416,282,37.94,0,
g24160,2538,37.39,0,
g24161,15212,38.75,0,
g24162,8931,37.82,0,
g24163,818,32.15,0,
g24164,8321,33.71,0,
g24165,28235,38.5,0,
g24166,8478,38.78,0,
g24167,453,64.02,0,
g24168,5246,35.8,0,
g24169,2375,32.97,0,
g2417,4456,38.94,0,
g24170,11561,36.61,0,
g24171,9478,32.46,0,
g24172,1048,35.4,0,
g24173,27015,37.76,0,
g24174,300,61.0,0,
g24175,5716,35.48,0,
g24176,3450,32.75,0,
g24177,7653,35.54,0,
g24178,3889,38.49,0,
g24179,33354,37.8,0,
g2418,2507,37.34,0,
g24180,16205,35.08,0,
g24181,3184,29.71,0,
g24182,11468,34.49,0,
g24183,6375,35.59,0,
g24184,7723,34.03,0,
g24185,267,52.06,0,
g24186,9290,40.84,0,
g24187,48958,36.38,0,
g24188,8396,35.05,0,
g24189,3403,38.05,0,
g2419,18246,35.2,0,
g24190,3940,33.45,0,
g24191,4141,32.26,0,
g24192,90273,36.52,0,
g24193,795,61.89,0,
g24194,21324,36.98,0,
g24195,839,36.0,0,
g24196,1999,37.22,0,
g24197,5618,35.39,0,
g24198,14457,32.5,0,
g24199,38654,33.75,0,
g242,23023,36.28,0,
g2420,54889,37.36,0,
g24200,222,42.34,0,
g24201,5681,35.8,0,
g24202,8210,34.02,0,
g24203,13789,31.85,0,
g24204,11415,37.81,0,
g24205,14558,33.46,0,
g24206,273,54.95,0,
g24207,16733,36.65,0,
g24208,5362,41.72,0,
g24209,5350,37.25,0,
g2421,5747,37.41,0,
g24210,17480,38.63,0,
g24211,57088,36.77,0,
g24212,7213,32.22,0,
g24213,21180,36.55,0,
g24214,267,64.79,0,
g24215,804,52.61,0,
g24216,9507,38.86,0,
g24217,468,55.13,0,
g24218,31540,36.72,0,
g24219,1029,41.79,0,
g2422,14024,35.8,0,
g24220,285,57.54,0,
g24221,396,63.64,0,
g24222,1964,30.91,0,
g24223,681,66.37,0,
g24224,7874,36.64,0,
g24225,291,35.05,0,
g24226,237,29.54,0,
g24227,6347,32.98,0,
g24228,73806,36.07,0,
g24229,1182,67.77,0,
g2423,855,45.26,0,
g24230,807,35.07,0,
g24231,1089,40.96,0,
g24232,6775,37.76,0,
g24233,3410,33.78,0,
g24234,5502,46.58,0,
g24235,255,59.22,0,
g24236,225,59.11,0,
g24237,3531,34.58,0,
g24238,315,69.52,0,
g24239,8955,49.47,0,
g2424,987,45.39,0,
g24240,4345,34.02,0,
g24241,17719,38.24,0,
g24242,487,37.17,0,
g24243,1908,47.48,0,
g24244,3326,43.87,0,
g24245,2820,40.25,0,
g24246,279,42.65,0,
g24247,1594,39.71,0,
g24248,1280,37.81,0,
g24249,2859,36.76,0,
g2425,9280,37.16,0,
g24250,749,46.46,0,
g24251,3123,36.63,0,
g24252,25350,37.38,0,
g24253,7048,37.63,0,
g24254,1608,39.43,0,
g24255,823,32.81,0,
g24256,29096,36.54,0,
g24257,5831,38.59,0,
g24258,909,37.62,0,
g24259,1604,39.84,0,
g2426,11567,35.83,0,
g24260,2091,35.15,0,
g24261,2559,40.37,0,
g24262,13075,38.91,0,
g24263,1762,32.58,0,
g24264,10389,36.15,0,
g24265,33797,37.39,0,
g24266,21099,37.84,0,
g24267,44018,36.56,0,
g24268,3158,34.45,0,
g24269,255,69.02,0,
g2427,9976,36.97,0,
g24270,13287,38.51,0,
g24271,35651,37.74,0,
g24272,6327,34.58,0,
g24273,8298,35.67,0,
g24274,10011,33.54,0,
g24275,34564,39.12,0,
g24276,2416,35.84,0,
g24277,804,46.39,0,
g24278,3538,39.43,0,
g24279,1902,45.48,0,
g2428,751,54.86,0,
g24280,8839,35.03,0,
g24281,9466,36.04,0,
g24282,5770,33.38,0,
g24283,2167,35.49,0,
g24284,2324,33.35,0,
g24285,2881,35.54,0,
g24286,7987,33.72,0,
g24287,813,57.07,0,
g24288,6065,32.02,0,
g24289,306,57.52,0,
g2429,372,63.17,0,
g24290,312,52.56,0,
g24291,5678,36.93,0,
g24292,327,49.85,0,
g24293,34735,35.28,0,
g24294,1560,36.03,0,
g24295,1432,32.82,0,
g24296,2586,32.25,0,
g24297,9995,38.53,0,
g24298,15607,36.33,0,
g24299,4396,36.33,0,
g243,1062,36.44,0,
g2430,255,73.33,0,
g24300,6410,36.05,0,
g24301,71187,36.39,0,
g24302,2793,38.7,0,
g24303,5424,33.3,0,
g24304,5764,39.04,0,
g24305,21731,38.64,0,
g24306,54077,34.01,0,
g24307,471,44.8,0,
g24308,12394,37.2,0,
g24309,7778,56.79,0,
g2431,29358,34.44,0,
g24310,696,59.77,0,
g24311,363,50.96,0,
g24312,261,49.43,0,
g24313,273,53.11,0,
g24314,22205,36.75,0,
g24315,1851,44.79,0,
g24316,933,35.8,0,
g24317,8199,34.75,0,
g24318,7245,37.87,0,
g24319,5955,32.41,0,
g2432,11197,52.84,0,
g24320,3013,34.55,0,
g24321,831,37.06,0,
g24322,2677,36.5,0,
g24323,7311,39.09,0,
g24324,6276,37.06,0,
g24325,228,64.47,0,
g24326,33398,36.45,0,
g24327,33096,36.36,0,
g24328,10721,36.93,0,
g24329,2830,45.69,0,
g2433,3007,37.38,0,
g24330,3195,31.67,0,
g24331,4884,36.28,0,
g24332,3704,39.77,0,
g24333,8919,36.28,0,
g24334,252,60.32,0,
g24335,22096,39.93,0,
g24336,27610,37.51,0,
g24337,20306,34.8,0,
g24338,40652,36.83,0,
g24339,57436,37.66,0,
g2434,1197,36.84,0,
g24340,685,33.43,0,
g24341,243,54.73,0,
g24342,57813,36.06,0,
g24343,7678,34.71,0,
g24344,3046,36.97,0,
g24345,6765,38.15,0,
g24346,44639,35.37,0,
g24347,16655,39.91,0,
g24348,584,46.92,0,
g24349,800,56.12,0,
g2435,321,38.63,0,
g24350,16150,34.58,0,
g24351,18748,36.54,0,
g24352,19397,36.4,0,
g24353,4139,36.55,0,
g24354,42753,36.74,0,
g24355,5052,32.44,0,
g24356,4056,38.81,0,
g24357,10904,33.77,0,
g24358,3388,41.71,0,
g24359,79976,35.79,0,
g2436,12275,38.03,0,
g24360,774,38.76,0,
g24361,22234,34.58,0,
g24362,900,39.11,0,
g24363,5013,32.28,0,
g24364,19961,32.72,0,
g24365,36798,35.36,0,
g24366,20577,37.96,0,
g24367,16241,33.94,0,
g24368,23941,33.11,0,
g24369,6203,42.77,0,
g2437,2076,35.84,0,
g24370,2160,33.56,0,
g24371,4475,31.71,0,
g24372,1047,39.16,0,
g24373,1270,31.18,0,
g24374,8521,32.6,0,
g24375,19663,36.28,0,
g24376,4445,42.07,0,
g24377,3467,39.05,0,
g24378,20914,37.8,0,
g24379,3344,33.04,0,
g2438,9123,34.28,0,
g24380,1938,34.16,0,
g24381,17135,34.09,0,
g24382,7085,37.12,0,
g24383,13801,38.19,0,
g24384,592,57.09,0,
g24385,600,52.0,0,
g24386,411,50.61,0,
g24387,312,46.47,0,
g24388,375,47.47,0,
g24389,372,43.55,0,
g2439,11288,38.97,0,
g24390,897,55.63,0,
g24391,998,52.51,0,
g24392,1741,53.42,0,
g24393,1009,52.43,0,
g24394,288,57.99,0,
g24395,258,65.89,0,
g24396,279,55.91,0,
g24397,6451,37.44,0,
g24398,2727,32.42,0,
g24399,1251,34.61,0,
g244,1281,35.44,0,
g2440,2547,38.48,0,
g24400,6377,33.23,0,
g24401,4065,32.18,0,
g24402,23350,34.02,0,
g24403,2241,35.92,0,
g24404,1974,37.03,0,
g24405,10945,39.38,0,
g24406,725,38.34,0,
g24407,560,31.96,0,
g24408,13749,42.73,0,
g24409,47845,37.4,0,
g2441,48060,35.5,0,
g24410,5547,33.08,0,
g24411,20607,34.72,0,
g24412,7173,36.0,0,
g24413,13921,35.59,0,
g24414,64661,37.53,0,
g24415,861,43.09,0,
g24416,3352,32.19,0,
g24417,1652,32.63,0,
g24418,6872,33.13,0,
g24419,1277,30.31,0,
g2442,11801,35.37,0,
g24420,1040,37.4,0,
g24421,276,70.29,0,
g24422,4832,35.74,0,
g24423,276,56.88,0,
g24424,7412,33.12,0,
g24425,1454,35.49,0,
g24426,42286,37.25,0,
g24427,1498,40.45,0,
g24428,2344,45.82,0,
g24429,2241,44.8,0,
g2443,13470,33.61,0,
g24430,381,65.88,0,
g24431,34089,37.12,0,
g24432,1300,33.54,0,
g24433,4743,33.4,0,
g24434,28580,36.85,0,
g24435,16685,39.36,0,
g24436,615,55.28,0,
g24437,12963,33.32,0,
g24438,36833,37.38,0,
g24439,19419,38.7,0,
g2444,1573,32.99,0,
g24440,204,59.8,0,
g24441,6042,38.78,0,
g24442,2595,31.41,0,
g24443,812,39.78,0,
g24444,213,56.34,0,
g24445,348,51.72,0,
g24446,606,53.47,0,
g24447,8458,38.13,0,
g24448,5016,36.96,0,
g24449,2085,36.35,0,
g2445,10682,32.25,0,
g24450,20459,36.83,0,
g24451,12043,37.67,0,
g24452,8946,33.95,0,
g24453,2234,33.12,0,
g24454,7424,36.58,0,
g24455,2818,36.59,0,
g24456,7765,35.21,0,
g24457,3588,36.4,0,
g24458,26370,33.42,0,
g24459,55489,37.26,0,
g2446,3146,36.65,0,
g24460,207,54.11,0,
g24461,43573,35.06,0,
g24462,4652,38.2,0,
g24463,23300,36.0,0,
g24464,6329,31.96,0,
g24465,184943,36.54,0,
g24466,422,38.39,0,
g24467,246,52.44,0,
g24468,357,49.86,0,
g24469,3968,41.63,0,
g2447,7124,35.7,0,
g24470,11438,39.19,0,
g24471,2690,38.03,0,
g24472,2388,38.11,0,
g24473,9625,33.48,0,
g24474,838,44.03,0,
g24475,468,56.62,0,
g24476,339,53.69,0,
g24477,17988,38.19,0,
g24478,1950,37.03,0,
g24479,8625,34.45,0,
g2448,24183,36.1,0,
g24480,450,72.67,0,
g24481,13382,34.36,0,
g24482,14360,34.97,0,
g24483,26571,34.91,0,
g24484,1372,32.29,0,
g24485,20616,36.87,0,
g24486,1828,45.19,0,
g24487,2517,47.44,0,
g24488,1074,48.79,0,
g24489,8428,31.4,0,
g2449,3545,42.43,0,
g24490,324,52.16,0,
g24491,46086,38.9,0,
g24492,5734,31.79,0,
g24493,7870,34.55,0,
g24494,1709,42.72,0,
g24495,546,47.8,0,
g24496,75661,35.89,0,
g24497,279,53.05,0,
g24498,2403,38.99,0,
g24499,52222,35.15,0,
g245,11274,38.16,0,
g2450,70447,37.31,0,
g24500,8673,38.68,0,
g24501,3980,41.73,0,
g24502,1284,46.26,0,
g24503,8492,38.07,0,
g24504,1183,49.28,0,
g24505,15969,36.27,0,
g24506,16706,34.02,0,
g24507,30959,36.7,0,
g24508,2160,34.58,0,
g24509,39852,36.85,0,
g2451,37369,37.42,0,
g24510,5054,38.09,0,
g24511,2598,38.07,0,
g24512,8672,35.87,0,
g24513,15377,38.06,0,
g24514,20071,35.39,0,
g24515,3520,34.6,0,
g24516,7899,31.93,0,
g24517,10804,32.47,0,
g24518,7704,37.25,0,
g24519,11394,38.01,0,
g2452,7693,36.63,0,
g24520,6440,41.99,0,
g24521,13347,38.87,0,
g24522,219149,36.22,0,
g24523,17547,34.46,0,
g24524,1995,39.35,0,
g24525,10550,37.82,0,
g24526,3015,38.01,0,
g24527,684,55.7,0,
g24528,14160,34.89,0,
g24529,3766,40.18,0,
g2453,27263,31.88,0,
g24530,2746,34.41,0,
g24531,636,38.36,0,
g24532,356,43.26,0,
g24533,2019,34.82,0,
g24534,10554,35.82,0,
g24535,3275,33.31,0,
g24536,432,46.99,0,
g24537,423,39.72,0,
g24538,5628,30.95,0,
g24539,2058,33.67,0,
g2454,500,30.0,0,
g24540,6899,37.03,0,
g24541,7049,32.59,0,
g24542,5309,32.81,0,
g24543,3907,38.42,0,
g24544,9549,34.22,0,
g24545,8186,34.51,0,
g24546,516,55.04,0,
g24547,3658,39.04,0,
g24548,3549,34.09,0,
g24549,5133,33.74,0,
g2455,486,52.67,0,
g24550,2180,41.56,0,
g24551,30691,35.45,0,
g24552,59470,38.42,0,
g24553,6573,33.23,0,
g24554,14153,36.54,0,
g24555,2643,37.87,0,
g24556,13059,37.05,0,
g24557,38045,36.19,0,
g24558,6203,35.93,0,
g24559,61744,37.89,0,
g2456,8595,33.96,0,
g24560,10539,37.57,0,
g24561,15871,36.18,0,
g24562,16088,37.6,0,
g24563,7601,39.98,0,
g24564,11727,34.71,0,
g24565,4847,36.93,0,
g24566,4694,40.56,0,
g24567,69004,33.84,0,
g24568,7161,39.25,0,
g24569,6262,48.71,0,
g2457,624,50.8,0,
g24570,917,35.88,0,
g24571,3686,34.35,0,
g24572,13581,37.34,0,
g24573,7901,40.56,0,
g24574,11448,33.49,0,
g24575,9409,34.4,0,
g24576,354,53.67,0,
g24577,91997,35.09,0,
g24578,7301,32.38,0,
g24579,1428,36.69,0,
g2458,22758,37.59,0,
g24580,5003,33.68,0,
g24581,26717,36.59,0,
g24582,22493,33.38,0,
g24583,82564,36.65,0,
g24584,24369,35.64,0,
g24585,3903,40.61,0,
g24586,5201,40.47,0,
g24587,2915,38.7,0,
g24588,20060,38.32,0,
g24589,8594,37.79,0,
g2459,1030,55.73,0,
g24590,2619,31.77,0,
g24591,10165,36.06,0,
g24592,7629,38.88,0,
g24593,381,37.8,0,
g24594,6097,36.54,0,
g24595,56211,36.97,0,
g24596,2142,31.51,0,
g24597,22229,35.94,0,
g24598,10954,38.26,0,
g24599,15292,35.8,0,
g246,24162,37.85,0,
g2460,378,42.06,0,
g24600,270,62.22,0,
g24601,273,37.0,0,
g24602,5907,46.52,0,
g24603,5592,37.07,0,
g24604,49175,36.07,0,
g24605,7706,34.61,0,
g24606,3782,33.16,0,
g24607,10286,35.58,0,
g24608,18072,35.78,0,
g24609,6693,38.7,0,
g2461,351,47.29,0,
g24610,7411,37.93,0,
g24611,237,42.19,0,
g24612,7707,38.42,0,
g24613,21773,35.53,0,
g24614,31891,34.33,0,
g24615,3395,36.17,0,
g24616,6532,39.5,0,
g24617,2884,36.65,0,
g24618,507,45.76,0,
g24619,24726,36.53,0,
g2462,864,47.92,0,
g24620,2258,41.85,0,
g24621,222,65.32,0,
g24622,408,36.27,0,
g24623,9214,34.06,0,
g24624,396,59.6,0,
g24625,10889,36.14,0,
g24626,519,38.34,0,
g24627,29506,36.55,0,
g24628,14600,38.79,0,
g24629,81595,36.52,0,
g2463,18551,33.44,0,
g24630,45615,37.22,0,
g24631,114698,37.61,0,
g24632,23238,39.1,0,
g24633,5837,39.23,0,
g24634,5358,35.57,0,
g24635,360,70.0,0,
g24636,288,61.11,0,
g24637,11482,33.25,0,
g24638,31566,36.5,0,
g24639,1823,33.52,0,
g2464,1630,48.9,0,
g24640,15228,36.23,0,
g24641,12676,39.18,0,
g24642,23547,36.0,0,
g24643,64817,35.1,0,
g24644,1176,43.45,0,
g24645,1182,40.95,0,
g24646,7571,39.74,0,
g24647,6852,33.26,0,
g24648,18483,36.71,0,
g24649,375,40.53,0,
g2465,16325,36.48,0,
g24650,14822,36.84,0,
g24651,2467,34.37,0,
g24652,1090,40.46,0,
g24653,5681,40.64,0,
g24654,23911,35.26,0,
g24655,345,51.01,0,
g24656,2018,39.99,0,
g24657,2127,33.57,0,
g24658,19402,34.76,0,
g24659,55911,40.29,0,
g2466,8942,32.9,0,
g24660,1384,35.91,0,
g24661,1659,35.14,0,
g24662,1115,34.26,0,
g24663,1413,28.17,0,
g24664,38530,38.07,0,
g24665,11038,35.2,0,
g24666,22575,40.14,0,
g24667,222,41.44,0,
g24668,16414,35.52,0,
g24669,30329,35.85,0,
g2467,9316,39.48,0,
g24670,18298,35.57,0,
g24671,42310,35.37,0,
g24672,258,32.95,0,
g24673,5578,34.53,0,
g24674,25666,39.05,0,
g24675,2958,43.37,0,
g24676,7283,41.03,0,
g24677,399,58.65,0,
g24678,14544,38.34,0,
g24679,29712,43.03,0,
g2468,5289,33.81,0,
g24680,1408,42.97,0,
g24681,267,55.43,0,
g24682,23290,35.74,0,
g24683,519,63.2,0,
g24684,10222,41.73,0,
g24685,15620,35.05,0,
g24686,11451,33.44,0,
g24687,7652,32.33,0,
g24688,33077,35.81,0,
g24689,5331,38.32,0,
g2469,1017,58.9,0,
g24690,1042,42.42,0,
g24691,4724,37.28,0,
g24692,48181,36.64,0,
g24693,1758,54.78,0,
g24694,297,64.65,0,
g24695,273,56.78,0,
g24696,536,55.6,0,
g24697,333,56.76,0,
g24698,336,51.19,0,
g24699,270,55.93,0,
g247,912,44.63,0,
g2470,405,55.06,0,
g24700,354,42.37,0,
g24701,67214,37.21,0,
g24702,13966,34.93,0,
g24703,2667,37.2,0,
g24704,11895,37.38,0,
g24705,5746,40.03,0,
g24706,145439,35.49,0,
g24707,1285,42.8,0,
g24708,1269,44.13,0,
g24709,48799,38.95,0,
g2471,342,51.75,0,
g24710,707,49.22,0,
g24711,15832,39.39,0,
g24712,6989,40.01,0,
g24713,18880,36.75,0,
g24714,2763,33.8,0,
g24715,549,42.99,0,
g24716,57641,34.69,0,
g24717,3207,34.77,0,
g24718,6778,35.47,0,
g24719,21099,34.8,0,
g2472,3194,39.45,0,
g24720,333,74.77,0,
g24721,840,52.14,0,
g24722,4952,37.54,0,
g24723,3293,31.98,0,
g24724,6429,39.7,0,
g24725,1053,52.99,0,
g24726,618,55.5,0,
g24727,9148,41.66,0,
g24728,8649,40.22,0,
g24729,2371,46.27,0,
g2473,375,73.6,0,
g24730,327,51.38,0,
g24731,330,58.18,0,
g24732,10224,39.22,0,
g24733,20306,36.99,0,
g24734,11380,39.15,0,
g24735,8290,30.53,0,
g24736,2902,38.01,0,
g24737,26204,36.11,0,
g24738,792,61.49,0,
g24739,2517,32.78,0,
g2474,2374,33.78,0,
g24740,7675,36.46,0,
g24741,405,51.6,0,
g24742,996,42.37,0,
g24743,20669,38.27,0,
g24744,504,57.34,0,
g24745,420,53.1,0,
g24746,11378,36.5,0,
g24747,5581,35.28,0,
g24748,546,55.13,0,
g24749,1890,63.39,0,
g2475,30229,36.28,0,
g24750,1902,63.35,0,
g24751,3809,34.23,0,
g24752,552,55.62,0,
g24753,549,53.01,0,
g24754,7781,35.46,0,
g24755,9799,32.71,0,
g24756,3352,35.23,0,
g24757,1140,37.81,0,
g24758,12454,36.79,0,
g24759,5085,33.02,0,
g2476,3793,40.57,0,
g24760,1725,46.03,0,
g24761,26018,39.75,0,
g24762,7579,34.75,0,
g24763,1407,38.66,0,
g24764,16562,35.83,0,
g24765,13118,34.64,0,
g24766,1776,38.46,0,
g24767,2481,48.33,0,
g24768,65873,36.62,0,
g24769,1219,44.22,0,
g2477,8872,37.39,0,
g24770,1038,40.94,0,
g24771,4082,35.99,0,
g24772,10553,36.53,0,
g24773,4739,42.18,0,
g24774,426,53.05,0,
g24775,30345,33.42,0,
g24776,30680,37.59,0,
g24777,267,49.44,0,
g24778,17582,36.96,0,
g24779,17477,36.55,0,
g2478,1597,49.41,0,
g24780,88943,34.74,0,
g24781,25765,34.45,0,
g24782,894,33.11,0,
g24783,22226,33.56,0,
g24784,31716,36.63,0,
g24785,2330,40.13,0,
g24786,11852,34.35,0,
g24787,2267,30.13,0,
g24788,5077,41.07,0,
g24789,2535,37.91,0,
g2479,6829,39.02,0,
g24790,42815,37.39,0,
g24791,17415,35.78,0,
g24792,8562,33.64,0,
g24793,366,39.62,0,
g24794,7565,36.59,0,
g24795,9935,33.8,0,
g24796,273,70.33,0,
g24797,306,58.5,0,
g24798,2510,40.36,0,
g24799,327,63.3,0,
g248,900,49.89,0,
g2480,258,48.45,0,
g24800,285,60.7,0,
g24801,732,85.25,0,
g24802,24992,37.2,0,
g24803,21416,36.28,0,
g24804,1464,46.79,0,
g24805,1386,31.53,0,
g24806,16546,35.07,0,
g24807,15609,33.64,0,
g24808,14834,35.44,0,
g24809,23461,41.98,0,
g2481,3334,37.73,0,
g24810,14570,31.61,0,
g24811,9929,36.95,0,
g24812,2273,42.15,0,
g24813,16359,36.83,0,
g24814,54376,36.81,0,
g24815,16039,38.18,0,
g24816,3551,36.44,0,
g24817,3674,40.09,0,
g24818,255,51.76,0,
g24819,21905,38.89,0,
g2482,285,55.09,0,
g24820,24976,36.47,0,
g24821,402,68.16,0,
g24822,423,71.63,0,
g24823,1509,63.35,0,
g24824,375,61.33,0,
g24825,384,52.34,0,
g24826,306,64.38,0,
g24827,315,68.57,0,
g24828,780,68.97,0,
g24829,216,80.56,0,
g2483,497,42.05,0,
g24830,765,74.77,0,
g24831,315,73.33,0,
g24832,1173,71.1,0,
g24833,1354,66.47,0,
g24834,267,39.33,0,
g24835,12612,31.99,0,
g24836,4684,29.91,0,
g24837,10482,31.99,0,
g24838,15470,34.73,0,
g24839,4907,39.56,0,
g2484,8955,35.58,0,
g24840,8284,37.23,0,
g24841,883,37.83,0,
g24842,2417,32.85,0,
g24843,2504,37.22,0,
g24844,588,70.41,0,
g24845,20322,36.6,0,
g24846,15467,37.25,0,
g24847,10306,37.89,0,
g24848,13634,33.41,0,
g24849,3193,36.55,0,
g2485,885,63.62,0,
g24850,6120,34.72,0,
g24851,10257,35.42,0,
g24852,17068,33.16,0,
g24853,9345,37.77,0,
g24854,2451,36.72,0,
g24855,17401,34.7,0,
g24856,3884,34.78,0,
g24857,435,58.16,0,
g24858,396,57.83,0,
g24859,1947,36.77,0,
g2486,402,56.97,0,
g24860,1199,35.28,0,
g24861,2254,35.18,0,
g24862,1965,35.73,0,
g24863,10879,31.24,0,
g24864,600,37.0,0,
g24865,25480,33.49,0,
g24866,23967,34.01,0,
g24867,73490,37.52,0,
g24868,1116,37.54,0,
g24869,19766,40.4,0,
g2487,516,43.22,0,
g24870,16888,37.42,0,
g24871,2172,38.49,0,
g24872,390,50.0,0,
g24873,231,64.5,0,
g24874,369,56.64,0,
g24875,372,56.18,0,
g24876,567,56.26,0,
g24877,10602,33.11,0,
g24878,5946,33.7,0,
g24879,50973,35.6,0,
g2488,297,56.23,0,
g24880,321,60.44,0,
g24881,2932,31.75,0,
g24882,5003,39.38,0,
g24883,2686,39.87,0,
g24884,20607,38.41,0,
g24885,1170,45.21,0,
g24886,12613,37.85,0,
g24887,9252,36.27,0,
g24888,4362,39.04,0,
g24889,724,46.96,0,
g2489,7904,33.14,0,
g24890,6426,33.86,0,
g24891,1724,34.05,0,
g24892,28413,34.37,0,
g24893,40311,36.57,0,
g24894,11644,36.89,0,
g24895,330,58.18,0,
g24896,1134,37.83,0,
g24897,2885,45.82,0,
g24898,16461,25.02,0,
g24899,1389,38.16,0,
g249,21956,36.5,0,
g2490,402,40.8,0,
g24900,77332,37.39,0,
g24901,5638,41.84,0,
g24902,1431,41.23,0,
g24903,18048,32.02,0,
g24904,3327,28.91,0,
g24905,5874,39.45,0,
g24906,7623,36.68,0,
g24907,2409,44.13,0,
g24908,2295,42.05,0,
g24909,282,51.06,0,
g2491,4048,33.84,0,
g24910,32654,36.76,0,
g24911,339,52.21,0,
g24912,276,49.28,0,
g24913,414,60.39,0,
g24914,207,58.94,0,
g24915,2855,39.19,0,
g24916,2825,31.96,0,
g24917,4357,32.73,0,
g24918,8557,32.6,0,
g24919,17773,35.96,0,
g2492,708,37.15,0,
g24920,8482,35.19,0,
g24921,36875,37.94,0,
g24922,7536,34.71,0,
g24923,37105,34.23,0,
g24924,24541,35.72,0,
g24925,35331,34.24,0,
g24926,6567,38.36,0,
g24927,204,70.1,0,
g24928,282,64.54,0,
g24929,16890,40.18,0,
g2493,5081,34.62,0,
g24930,24368,37.41,0,
g24931,65985,34.86,0,
g24932,9943,36.85,0,
g24933,16674,36.5,0,
g24934,1235,47.53,0,
g24935,24461,37.38,0,
g24936,77356,34.97,0,
g24937,26610,36.57,0,
g24938,822,40.27,0,
g24939,32418,37.7,0,
g2494,33326,32.68,0,
g24940,11947,35.52,0,
g24941,28865,35.92,0,
g24942,15204,34.0,0,
g24943,2315,37.45,0,
g24944,70226,37.1,0,
g24945,1853,37.56,0,
g24946,15117,34.32,0,
g24947,4893,36.24,0,
g24948,12464,36.67,0,
g24949,477,56.6,0,
g2495,28939,36.55,0,
g24950,6957,38.25,0,
g24951,5067,37.1,0,
g24952,5856,38.95,0,
g24953,4215,33.29,0,
g24954,3252,34.81,0,
g24955,7598,41.73,0,
g24956,39362,38.26,0,
g24957,8988,35.68,0,
g24958,438,57.99,0,
g24959,879,37.2,0,
g2496,4600,37.54,0,
g24960,1694,34.65,0,
g24961,32405,36.32,0,
g24962,95350,34.24,0,
g24963,18604,34.43,0,
g24964,4922,40.04,0,
g24965,3016,36.64,0,
g24966,8615,37.59,0,
g24967,524,30.34,0,
g24968,1341,36.99,0,
g24969,3348,29.93,0,
g2497,3572,41.46,0,
g24970,73448,34.72,0,
g24971,1875,39.95,0,
g24972,5044,38.92,0,
g24973,35417,36.41,0,
g24974,9180,36.68,0,
g24975,1602,33.9,0,
g24976,10820,32.45,0,
g24977,3560,32.53,0,
g24978,7582,36.4,0,
g24979,2300,33.78,0,
g2498,3735,42.03,0,
g24980,24830,35.09,0,
g24981,5774,33.39,0,
g24982,333,32.73,0,
g24983,378,55.03,0,
g24984,1757,44.0,0,
g24985,5933,38.46,0,
g24986,3814,35.45,0,
g24987,9444,36.61,0,
g24988,23936,36.38,0,
g24989,3436,34.25,0,
g2499,90329,36.56,0,
g24990,1784,33.91,0,
g24991,558,49.82,0,
g24992,8834,39.09,0,
g24993,695,43.02,0,
g24994,1165,34.33,0,
g24995,16999,36.73,0,
g24996,31665,36.23,0,
g24997,7856,36.04,0,
g24998,32770,35.65,0,
g24999,19588,36.13,0,
g25,5835,39.91,0,
g250,1240,34.11,0,
g2500,4640,32.72,0,
g25000,11394,36.51,0,
g25001,30311,35.12,0,
g25002,19372,36.87,0,
g25003,534,41.39,0,
g25004,771,34.24,0,
g25005,18676,38.45,0,
g25006,1653,40.96,0,
g25007,264,57.58,0,
g25008,2706,32.63,0,
g25009,14012,35.71,0,
g2501,10881,47.24,0,
g25010,21195,36.3,0,
g25011,6572,34.02,0,
g25012,16806,36.11,0,
g25013,8383,36.61,0,
g25014,6822,31.06,0,
g25015,306,32.68,0,
g25016,1955,38.67,0,
g25017,633,31.6,0,
g25018,273,37.0,0,
g25019,15134,38.76,0,
g2502,393,59.29,0,
g25020,276,70.29,0,
g25021,34911,36.95,0,
g25022,18809,37.56,0,
g25023,5790,38.45,0,
g25024,14166,33.12,0,
g25025,10998,35.15,0,
g25026,3740,42.3,0,
g25027,717,36.12,0,
g25028,675,38.07,0,
g25029,9080,39.64,0,
g2503,113734,37.41,0,
g25030,87844,36.65,0,
g25031,9665,35.85,0,
g25032,360,40.56,0,
g25033,12676,35.55,0,
g25034,989,50.05,0,
g25035,7299,38.58,0,
g25036,255,63.14,0,
g25037,19247,35.24,0,
g25038,7839,38.19,0,
g25039,2048,34.77,0,
g2504,9105,42.08,0,
g25040,18350,37.84,0,
g25041,4798,31.95,0,
g25042,13518,32.81,0,
g25043,5006,29.84,0,
g25044,4517,34.03,0,
g25045,516,56.2,0,
g25046,46089,36.3,0,
g25047,906,32.78,0,
g25048,11118,33.87,0,
g25049,32162,33.58,0,
g2505,2275,45.14,0,
g25050,19032,35.61,0,
g25051,5719,45.58,0,
g25052,68889,38.64,0,
g25053,9624,39.52,0,
g25054,5618,37.27,0,
g25055,7125,34.15,0,
g25056,4266,36.99,0,
g25057,10820,37.7,0,
g25058,13904,33.23,0,
g25059,9673,36.27,0,
g2506,2335,37.86,0,
g25060,20433,35.3,0,
g25061,9097,34.77,0,
g25062,4185,33.29,0,
g25063,10645,34.78,0,
g25064,11243,34.2,0,
g25065,79198,36.73,0,
g25066,9262,32.75,0,
g25067,432,70.6,0,
g25068,821,60.17,0,
g25069,5888,41.27,0,
g2507,717,38.77,0,
g25070,432,70.6,0,
g25071,534,67.23,0,
g25072,16089,37.27,0,
g25073,1067,35.71,0,
g25074,2777,35.47,0,
g25075,279,55.2,0,
g25076,3475,34.19,0,
g25077,25895,38.95,0,
g25078,1150,40.17,0,
g25079,10244,40.15,0,
g2508,843,40.57,0,
g25080,3602,37.78,0,
g25081,756,41.67,0,
g25082,5785,35.04,0,
g25083,252,81.35,0,
g25084,32906,37.42,0,
g25085,9061,34.15,0,
g25086,1677,38.28,0,
g25087,8767,32.07,0,
g25088,879,50.74,0,
g25089,549,42.99,0,
g2509,45221,34.37,0,
g25090,261,54.41,0,
g25091,15734,33.49,0,
g25092,23260,33.17,0,
g25093,3579,40.82,0,
g25094,402,50.5,0,
g25095,6901,34.01,0,
g25096,3344,33.91,0,
g25097,2468,36.3,0,
g25098,228,51.32,0,
g25099,20607,35.02,0,
g251,1622,39.27,0,
g2510,531,58.57,0,
g25100,1868,37.47,0,
g25101,7363,38.34,0,
g25102,11626,36.57,0,
g25103,6603,39.22,0,
g25104,1356,52.36,0,
g25105,11765,49.83,0,
g25106,207,58.45,0,
g25107,249,59.84,0,
g25108,44566,34.76,0,
g25109,3395,33.2,0,
g2511,65264,36.25,0,
g25110,447,49.44,0,
g25111,4589,34.58,0,
g25112,1892,33.83,0,
g25113,19161,34.01,0,
g25114,15376,34.31,0,
g25115,4188,35.7,0,
g25116,3928,37.4,0,
g25117,4425,31.66,0,
g25118,7855,35.26,0,
g25119,11867,36.23,0,
g2512,8647,38.43,0,
g25120,19401,31.98,0,
g25121,27393,37.46,0,
g25122,9823,38.61,0,
g25123,1017,35.3,0,
g25124,18524,36.87,0,
g25125,1912,30.39,0,
g25126,7726,38.58,0,
g25127,6055,34.07,0,
g25128,4818,32.44,0,
g25129,14381,41.33,0,
g2513,49527,35.38,0,
g25130,21787,37.7,0,
g25131,420,66.67,0,
g25132,8151,40.24,0,
g25133,83370,36.38,0,
g25134,16484,32.22,0,
g25135,943,30.54,0,
g25136,27548,37.96,0,
g25137,29988,37.3,0,
g25138,285,45.61,0,
g25139,443,56.88,0,
g2514,3384,37.47,0,
g25140,225,57.33,0,
g25141,322,57.45,0,
g25142,1980,30.71,0,
g25143,1472,42.8,0,
g25144,51655,36.29,0,
g25145,1233,40.06,0,
g25146,2687,43.28,0,
g25147,324,51.23,0,
g25148,1705,34.9,0,
g25149,1703,41.22,0,
g2515,252,60.71,0,
g25150,2202,46.5,0,
g25151,330,35.76,0,
g25152,20438,36.5,0,
g25153,19706,33.58,0,
g25154,16020,33.45,0,
g25155,5185,37.13,0,
g25156,1329,31.83,0,
g25157,486,36.21,0,
g25158,8954,37.31,0,
g25159,22609,35.15,0,
g2516,582,55.67,0,
g25160,20703,35.18,0,
g25161,1133,36.19,0,
g25162,47340,34.28,0,
g25163,905,73.92,0,
g25164,10207,35.37,0,
g25165,5094,32.78,0,
g25166,3399,34.75,0,
g25167,351,61.25,0,
g25168,41121,36.99,0,
g25169,13629,33.78,0,
g2517,384,57.55,0,
g25170,556,36.15,0,
g25171,3097,33.16,0,
g25172,47531,37.78,0,
g25173,11358,37.15,0,
g25174,26259,35.21,0,
g25175,333,57.36,0,
g25176,51200,34.44,0,
g25177,5439,35.17,0,
g25178,20770,41.26,0,
g25179,712,36.38,0,
g2518,411,57.91,0,
g25180,4865,42.01,0,
g25181,5034,35.9,0,
g25182,11919,35.49,0,
g25183,1309,37.13,0,
g25184,1659,32.31,0,
g25185,3560,34.63,0,
g25186,2909,35.44,0,
g25187,2620,42.6,0,
g25188,246,57.32,0,
g25189,354,66.67,0,
g2519,1312,33.23,0,
g25190,16006,34.37,0,
g25191,420,65.24,0,
g25192,117500,37.36,0,
g25193,324,42.9,0,
g25194,2442,36.69,0,
g25195,16482,34.89,0,
g25196,447,62.64,0,
g25197,282,64.18,0,
g25198,3420,43.74,0,
g25199,13825,42.69,0,
g252,4608,47.2,0,
g2520,60284,35.55,0,
g25200,435,33.1,0,
g25201,426,60.09,0,
g25202,366,32.24,0,
g25203,1347,36.75,0,
g25204,267,53.93,0,
g25205,219,57.08,0,
g25206,240,54.58,0,
g25207,7357,35.16,0,
g25208,13799,44.31,0,
g25209,1959,34.56,0,
g2521,297,43.1,0,
g25210,7801,32.98,0,
g25211,7528,33.01,0,
g25212,25978,36.51,0,
g25213,552,77.54,0,
g25214,462,66.45,0,
g25215,7046,36.08,0,
g25216,7492,34.8,0,
g25217,21293,37.19,0,
g25218,15486,36.03,0,
g25219,919,37.11,0,
g2522,264,40.15,0,
g25220,3013,38.3,0,
g25221,321,47.98,0,
g25222,5444,39.09,0,
g25223,315,49.21,0,
g25224,7219,36.64,0,
g25225,6756,32.06,0,
g25226,4727,36.81,0,
g25227,18409,40.64,0,
g25228,1595,39.18,0,
g25229,5618,33.87,0,
g2523,823,53.58,0,
g25230,18205,33.89,0,
g25231,12961,36.61,0,
g25232,1962,38.79,0,
g25233,1866,39.71,0,
g25234,2288,37.72,0,
g25235,7233,33.42,0,
g25236,1926,37.18,0,
g25237,5538,53.32,0,
g25238,2012,34.79,0,
g25239,7998,41.26,0,
g2524,546,43.59,0,
g25240,7165,31.89,0,
g25241,10532,37.54,0,
g25242,9551,35.57,0,
g25243,37145,35.25,0,
g25244,7477,38.37,0,
g25245,11726,35.29,0,
g25246,32477,36.24,0,
g25247,6769,37.72,0,
g25248,22926,36.81,0,
g25249,4379,38.25,0,
g2525,1218,42.04,0,
g25250,3586,39.71,0,
g25251,553,54.79,0,
g25252,641,52.26,0,
g25253,2562,53.47,0,
g25254,498,55.82,0,
g25255,285,56.14,0,
g25256,297,59.26,0,
g25257,1145,57.64,0,
g25258,812,54.8,0,
g25259,252,57.94,0,
g2526,432,37.73,0,
g25260,7520,32.79,0,
g25261,84328,38.52,0,
g25262,39427,35.41,0,
g25263,5717,33.11,0,
g25264,20653,34.7,0,
g25265,8939,35.91,0,
g25266,5826,36.92,0,
g25267,1185,52.74,0,
g25268,54694,35.69,0,
g25269,8687,36.72,0,
g2527,387,39.28,0,
g25270,14063,33.64,0,
g25271,9652,33.63,0,
g25272,876,40.53,0,
g25273,22522,35.91,0,
g25274,97882,36.92,0,
g25275,10682,38.62,0,
g25276,5104,31.86,0,
g25277,96050,37.32,0,
g25278,330,52.73,0,
g25279,2548,33.24,0,
g2528,378,38.89,0,
g25280,23679,35.65,0,
g25281,11419,35.37,0,
g25282,7937,34.61,0,
g25283,19815,37.11,0,
g25284,12025,38.91,0,
g25285,1930,31.14,0,
g25286,14623,35.58,0,
g25287,136070,37.18,0,
g25288,1632,61.7,0,
g25289,207,66.67,0,
g2529,255,54.51,0,
g25290,1895,32.77,0,
g25291,48793,35.93,0,
g25292,356,60.11,0,
g25293,1760,33.12,0,
g25294,12430,35.95,0,
g25295,1808,35.56,0,
g25296,204,62.25,0,
g25297,26247,34.88,0,
g25298,74954,37.15,0,
g25299,2403,33.17,0,
g253,933,37.19,0,
g2530,12375,36.8,0,
g25300,19750,41.01,0,
g25301,42871,36.89,0,
g25302,13090,36.28,0,
g25303,4539,38.25,0,
g25304,2419,31.5,0,
g25305,4235,31.66,0,
g25306,24793,34.84,0,
g25307,31761,40.51,0,
g25308,1170,60.6,0,
g25309,762,59.84,0,
g2531,4470,36.85,0,
g25310,5058,32.78,0,
g25311,3713,38.94,0,
g25312,50628,36.43,0,
g25313,1865,37.96,0,
g25314,5470,39.58,0,
g25315,1561,51.44,0,
g25316,18478,37.18,0,
g25317,3838,33.61,0,
g25318,5693,34.04,0,
g25319,2109,35.51,0,
g2532,7174,37.93,0,
g25320,3568,35.17,0,
g25321,378,55.82,0,
g25322,1573,44.06,0,
g25323,15759,33.1,0,
g25324,25291,36.37,0,
g25325,18985,35.11,0,
g25326,8514,34.93,0,
g25327,2414,44.45,0,
g25328,306,36.93,0,
g25329,222,52.7,0,
g2533,3778,35.49,0,
g25330,3042,43.43,0,
g25331,3716,34.58,0,
g25332,17722,36.42,0,
g25333,1778,56.13,0,
g25334,387,57.11,0,
g25335,12868,35.51,0,
g25336,210,50.0,0,
g25337,1353,41.98,0,
g25338,2255,33.92,0,
g25339,5875,36.87,0,
g2534,2463,36.18,0,
g25340,6081,35.82,0,
g25341,8104,40.83,0,
g25342,930,61.61,0,
g25343,129940,35.71,0,
g25344,11789,31.65,0,
g25345,5208,31.91,0,
g25346,789,38.15,0,
g25347,450,72.67,0,
g25348,795,61.64,0,
g25349,2661,56.9,0,
g2535,2743,30.95,0,
g25350,1962,60.04,0,
g25351,708,71.33,0,
g25352,28875,34.01,0,
g25353,5994,34.35,0,
g25354,16812,34.69,0,
g25355,38499,37.28,0,
g25356,21764,34.79,0,
g25357,2672,35.52,0,
g25358,4746,32.15,0,
g25359,1904,36.97,0,
g2536,1712,34.0,0,
g25360,50606,35.07,0,
g25361,3099,37.37,0,
g25362,22695,36.03,0,
g25363,2700,35.56,0,
g25364,12067,34.38,0,
g25365,4317,32.27,0,
g25366,1518,51.25,0,
g25367,228,48.25,0,
g25368,1533,41.55,0,
g25369,4555,37.37,0,
g2537,1390,33.31,0,
g25370,1527,47.74,0,
g25371,5061,35.96,0,
g25372,294,57.82,0,
g25373,300,55.0,0,
g25374,383,54.05,0,
g25375,321,53.89,0,
g25376,1152,54.86,0,
g25377,459,41.18,0,
g25378,2399,37.81,0,
g25379,8982,35.63,0,
g2538,315,50.79,0,
g25380,3785,34.9,0,
g25381,1025,33.17,0,
g25382,1732,45.09,0,
g25383,243,58.85,0,
g25384,8443,48.73,0,
g25385,6865,35.0,0,
g25386,2451,33.54,0,
g25387,23863,37.23,0,
g25388,1500,32.0,0,
g25389,246,54.47,0,
g2539,1870,36.9,0,
g25390,21670,36.3,0,
g25391,303,57.76,0,
g25392,9322,36.72,0,
g25393,29545,38.31,0,
g25394,34077,35.8,0,
g25395,7557,36.26,0,
g25396,1273,34.72,0,
g25397,9762,35.18,0,
g25398,20440,35.35,0,
g25399,18507,34.42,0,
g254,1082,36.23,0,
g2540,665,63.01,0,
g25400,968,46.9,0,
g25401,966,38.41,0,
g25402,1014,44.87,0,
g25403,634,49.05,0,
g25404,4344,38.12,0,
g25405,10920,38.71,0,
g25406,52082,36.77,0,
g25407,24308,33.22,0,
g25408,2138,33.77,0,
g25409,1451,31.77,0,
g2541,13459,33.9,0,
g25410,2539,32.61,0,
g25411,11406,36.34,0,
g25412,273,59.71,0,
g25413,837,47.91,0,
g25414,495,39.8,0,
g25415,459,37.25,0,
g25416,2824,31.8,0,
g25417,10968,37.49,0,
g25418,5565,33.71,0,
g25419,562,38.61,0,
g2542,2238,30.12,0,
g25420,24475,35.33,0,
g25421,1812,38.36,0,
g25422,213,69.95,0,
g25423,5770,34.94,0,
g25424,1100,34.91,0,
g25425,787,34.56,0,
g25426,2731,33.32,0,
g25427,4015,34.1,0,
g25428,4167,45.12,0,
g25429,193340,36.31,0,
g2543,7609,32.09,0,
g25430,5652,35.23,0,
g25431,7820,33.75,0,
g25432,15197,32.72,0,
g25433,18078,36.48,0,
g25434,34087,35.03,0,
g25435,19261,36.17,0,
g25436,4086,37.67,0,
g25437,23628,36.73,0,
g25438,2038,37.83,0,
g25439,554,40.43,0,
g2544,1837,38.43,0,
g25440,4219,34.25,0,
g25441,29264,36.15,0,
g25442,19929,36.54,0,
g25443,17180,36.98,0,
g25444,1987,36.39,0,
g25445,2277,35.7,0,
g25446,10876,37.35,0,
g25447,4441,40.06,0,
g25448,983,32.55,0,
g25449,10160,34.14,0,
g2545,372,60.48,0,
g25450,408,46.81,0,
g25451,4726,33.6,0,
g25452,7802,31.86,0,
g25453,347,59.65,0,
g25454,595,57.98,0,
g25455,3229,36.92,0,
g25456,1237,36.22,0,
g25457,2157,36.76,0,
g25458,207,70.53,0,
g25459,633,72.35,0,
g2546,2807,44.42,0,
g25460,27230,37.75,0,
g25461,7941,34.42,0,
g25462,21263,33.12,0,
g25463,8331,38.35,0,
g25464,9937,32.01,0,
g25465,6872,31.46,0,
g25466,20502,36.75,0,
g25467,7330,37.68,0,
g25468,312,61.22,0,
g25469,8364,40.79,0,
g2547,6391,34.35,0,
g25470,806,44.91,0,
g25471,387,45.99,0,
g25472,1728,45.6,0,
g25473,6461,33.31,0,
g25474,12054,45.28,0,
g25475,1131,42.62,0,
g25476,591,56.18,0,
g25477,1224,48.86,0,
g25478,3075,42.73,0,
g25479,966,51.45,0,
g2548,3974,38.58,0,
g25480,390,36.67,0,
g25481,1443,51.91,0,
g25482,1152,49.39,0,
g25483,7257,35.37,0,
g25484,420,48.57,0,
g25485,693,50.36,0,
g25486,4606,38.36,0,
g25487,8184,32.66,0,
g25488,9820,38.07,0,
g25489,16344,38.83,0,
g2549,1350,38.81,0,
g25490,944,48.41,0,
g25491,2565,34.66,0,
g25492,10847,32.28,0,
g25493,13440,36.29,0,
g25494,29464,39.8,0,
g25495,7033,35.56,0,
g25496,1938,39.16,0,
g25497,37062,39.85,0,
g25498,5769,32.47,0,
g25499,52760,34.4,0,
g255,9139,32.87,0,
g2550,4374,42.09,0,
g25500,820,44.76,0,
g25501,1727,41.57,0,
g25502,67668,37.0,0,
g25503,3954,36.34,0,
g25504,7635,34.04,0,
g25505,2530,38.06,0,
g25506,30001,35.03,0,
g25507,1250,39.6,0,
g25508,32260,34.62,0,
g25509,15918,35.93,0,
g2551,360,57.5,0,
g25510,10712,37.56,0,
g25511,4863,39.5,0,
g25512,3887,40.08,0,
g25513,1915,42.51,0,
g25514,2347,37.96,0,
g25515,3742,39.47,0,
g25516,354,36.44,0,
g25517,7294,37.1,0,
g25518,210,32.86,0,
g25519,8650,32.92,0,
g2552,3072,32.16,0,
g25520,3932,33.85,0,
g25521,642,41.74,0,
g25522,1941,38.9,0,
g25523,6393,37.73,0,
g25524,2496,40.26,0,
g25525,2779,39.37,0,
g25526,2734,39.5,0,
g25527,8880,36.17,0,
g25528,3740,38.45,0,
g25529,2417,32.23,0,
g2553,24810,37.65,0,
g25530,12223,33.29,0,
g25531,393,35.11,0,
g25532,2211,37.45,0,
g25533,12999,36.5,0,
g25534,8557,34.85,0,
g25535,19092,36.69,0,
g25536,9884,39.58,0,
g25537,5131,33.95,0,
g25538,11660,37.92,0,
g25539,471,55.63,0,
g2554,444,40.77,0,
g25540,8814,40.28,0,
g25541,930,54.3,0,
g25542,1869,36.76,0,
g25543,3975,32.2,0,
g25544,240,62.08,0,
g25545,3419,38.75,0,
g25546,8857,38.51,0,
g25547,11116,35.48,0,
g25548,2174,31.55,0,
g25549,9847,37.04,0,
g2555,1965,40.2,0,
g25550,1641,33.39,0,
g25551,4539,35.73,0,
g25552,4477,43.69,0,
g25553,246,65.04,0,
g25554,37437,35.59,0,
g25555,6155,39.01,0,
g25556,1909,34.52,0,
g25557,2771,32.77,0,
g25558,6857,34.5,0,
g25559,4305,34.45,0,
g2556,1059,44.19,0,
g25560,96929,37.97,0,
g25561,1320,42.42,0,
g25562,24252,34.06,0,
g25563,7292,36.27,0,
g25564,8912,37.41,0,
g25565,10481,36.48,0,
g25566,2818,33.11,0,
g25567,849,50.65,0,
g25568,12651,39.85,0,
g25569,3976,36.07,0,
g2557,7692,32.42,0,
g25570,45587,40.83,0,
g25571,8157,32.61,0,
g25572,1502,33.49,0,
g25573,39944,35.84,0,
g25574,294,50.34,0,
g25575,35455,34.94,0,
g25576,13100,33.73,0,
g25577,714,31.93,0,
g25578,1010,30.59,0,
g25579,7642,34.04,0,
g2558,112033,36.56,0,
g25580,18288,32.41,0,
g25581,2550,29.1,0,
g25582,3553,33.27,0,
g25583,4793,32.38,0,
g25584,4672,32.98,0,
g25585,16210,36.37,0,
g25586,10960,37.02,0,
g25587,1146,32.11,0,
g25588,24788,36.98,0,
g25589,15042,40.29,0,
g2559,6370,34.08,0,
g25590,870,58.16,0,
g25591,324,56.17,0,
g25592,261,48.66,0,
g25593,1440,49.17,0,
g25594,7749,45.08,0,
g25595,12232,39.84,0,
g25596,10635,31.86,0,
g25597,6614,35.65,0,
g25598,12826,37.07,0,
g25599,1570,36.31,0,
g256,1128,42.2,0,
g2560,9769,37.07,0,
g25600,7336,35.56,0,
g25601,24355,35.99,0,
g25602,111071,35.99,0,
g25603,6137,38.18,0,
g25604,29269,35.56,0,
g25605,51748,34.32,0,
g25606,924,41.02,0,
g25607,12067,40.42,0,
g25608,10167,36.7,0,
g25609,489,42.74,0,
g2561,282,53.55,0,
g25610,3946,42.47,0,
g25611,300,75.0,0,
g25612,11509,37.2,0,
g25613,294,70.75,0,
g25614,12831,37.07,0,
g25615,8018,41.97,0,
g25616,16797,38.75,0,
g25617,327,70.95,0,
g25618,294,63.61,0,
g25619,10552,34.66,0,
g2562,5938,38.72,0,
g25620,12719,36.5,0,
g25621,12837,34.03,0,
g25622,888,40.2,0,
g25623,480,40.42,0,
g25624,1395,34.48,0,
g25625,56120,36.49,0,
g25626,28334,37.64,0,
g25627,11242,33.44,0,
g25628,330,58.18,0,
g25629,4560,39.91,0,
g2563,3592,43.85,0,
g25630,3219,33.08,0,
g25631,624,45.67,0,
g25632,639,48.98,0,
g25633,16904,34.5,0,
g25634,22210,37.12,0,
g25635,14878,35.53,0,
g25636,1953,39.07,0,
g25637,17660,39.25,0,
g25638,1035,34.49,0,
g25639,25410,36.65,0,
g2564,312,62.18,0,
g25640,10600,51.62,0,
g25641,2476,35.78,0,
g25642,4167,34.08,0,
g25643,19231,36.8,0,
g25644,2429,35.98,0,
g25645,288,56.94,0,
g25646,29817,35.3,0,
g25647,16303,35.01,0,
g25648,12530,36.9,0,
g25649,5767,35.56,0,
g2565,18317,35.41,0,
g25650,10018,34.48,0,
g25651,15723,37.47,0,
g25652,2562,34.19,0,
g25653,34396,35.36,0,
g25654,17658,34.34,0,
g25655,2612,34.19,0,
g25656,4865,33.05,0,
g25657,72089,36.41,0,
g25658,10810,35.74,0,
g25659,33726,33.94,0,
g2566,31733,35.18,0,
g25660,25449,37.81,0,
g25661,3500,37.69,0,
g25662,13039,37.11,0,
g25663,2315,51.1,0,
g25664,6214,36.31,0,
g25665,19988,34.99,0,
g25666,4003,33.7,0,
g25667,3974,38.17,0,
g25668,6553,36.44,0,
g25669,243,52.67,0,
g2567,27683,35.36,0,
g25670,23386,35.62,0,
g25671,471,40.76,0,
g25672,22427,38.65,0,
g25673,20487,36.17,0,
g25674,18605,35.28,0,
g25675,13179,37.96,0,
g25676,9788,32.27,0,
g25677,11514,37.75,0,
g25678,13528,37.61,0,
g25679,3413,36.57,0,
g2568,21596,33.55,0,
g25680,1714,35.71,0,
g25681,4842,37.17,0,
g25682,384,54.95,0,
g25683,2112,33.76,0,
g25684,2445,35.66,0,
g25685,1341,29.9,0,
g25686,624,27.72,0,
g25687,11019,29.25,0,
g25688,936,30.66,0,
g25689,1182,31.64,0,
g2569,12777,33.7,0,
g25690,6571,32.57,0,
g25691,747,32.13,0,
g25692,14707,39.39,0,
g25693,68936,35.19,0,
g25694,2196,40.35,0,
g25695,52507,34.37,0,
g25696,10441,38.33,0,
g25697,12006,39.96,0,
g25698,252,72.22,0,
g25699,10485,37.55,0,
g257,273,63.37,0,
g2570,2369,37.78,0,
g25700,3675,32.9,0,
g25701,11145,35.58,0,
g25702,2578,33.48,0,
g25703,7142,38.14,0,
g25704,8880,33.98,0,
g25705,17710,39.27,0,
g25706,5281,38.0,0,
g25707,13942,33.98,0,
g25708,267,57.3,0,
g25709,8742,35.88,0,
g2571,41592,35.25,0,
g25710,255,43.92,0,
g25711,207,60.39,0,
g25712,468,42.09,0,
g25713,609,72.74,0,
g25714,522,58.62,0,
g25715,309,68.93,0,
g25716,7004,48.04,0,
g25717,7167,53.15,0,
g25718,6614,33.04,0,
g25719,1688,52.49,0,
g2572,182971,36.91,0,
g25720,5718,51.24,0,
g25721,456,38.6,0,
g25722,2877,40.42,0,
g25723,3599,34.51,0,
g25724,1857,37.64,0,
g25725,2021,37.11,0,
g25726,5303,33.64,0,
g25727,1929,35.04,0,
g25728,5576,37.61,0,
g25729,3049,37.13,0,
g2573,3334,34.7,0,
g25730,2909,60.5,0,
g25731,2674,36.01,0,
g25732,714,46.22,0,
g25733,2999,46.68,0,
g25734,306,59.15,0,
g25735,3115,33.35,0,
g25736,5299,35.42,0,
g25737,20549,33.37,0,
g25738,6949,36.77,0,
g25739,983,38.56,0,
g2574,1766,29.95,0,
g25740,6612,33.08,0,
g25741,3503,37.28,0,
g25742,3425,39.97,0,
g25743,246,56.5,0,
g25744,54128,39.16,0,
g25745,902,31.71,0,
g25746,25013,32.55,0,
g25747,35188,35.44,0,
g25748,17166,34.96,0,
g25749,16448,37.71,0,
g2575,12945,35.33,0,
g25750,5307,33.9,0,
g25751,2811,39.88,0,
g25752,264,48.86,0,
g25753,3602,32.79,0,
g25754,5256,35.71,0,
g25755,2699,36.9,0,
g25756,2644,35.55,0,
g25757,9249,33.87,0,
g25758,19336,35.32,0,
g25759,2701,33.58,0,
g2576,6597,39.67,0,
g25760,4271,41.18,0,
g25761,2608,36.89,0,
g25762,609,44.17,0,
g25763,34424,35.35,0,
g25764,3124,38.28,0,
g25765,228,59.65,0,
g25766,2473,32.79,0,
g25767,1489,36.4,0,
g25768,12762,35.4,0,
g25769,5479,36.41,0,
g2577,1290,40.7,0,
g25770,9030,37.35,0,
g25771,12048,33.74,0,
g25772,33932,34.65,0,
g25773,363,42.15,0,
g25774,2154,35.42,0,
g25775,480,44.79,0,
g25776,3850,34.03,0,
g25777,1101,42.33,0,
g25778,1423,36.54,0,
g25779,2863,33.36,0,
g2578,14091,36.18,0,
g25780,2148,34.17,0,
g25781,13137,39.07,0,
g25782,2085,29.64,0,
g25783,573,39.09,0,
g25784,5501,34.3,0,
g25785,246,60.57,0,
g25786,190,45.79,0,
g25787,8072,41.67,0,
g25788,12034,35.01,0,
g25789,3600,35.92,0,
g2579,32550,36.53,0,
g25790,25596,33.77,0,
g25791,7084,35.77,0,
g25792,5432,35.53,0,
g25793,2467,36.0,0,
g25794,6054,36.64,0,
g25795,2099,36.73,0,
g25796,14205,38.15,0,
g25797,2538,51.02,0,
g25798,8795,39.6,0,
g25799,291,27.84,0,
g258,36567,37.69,0,
g2580,624,45.99,0,
g25800,498,44.58,0,
g25801,3897,43.26,0,
g25802,62644,35.91,0,
g25803,306,42.81,0,
g25804,17390,34.98,0,
g25805,49142,37.75,0,
g25806,50547,37.19,0,
g25807,22358,33.03,0,
g25808,20709,34.69,0,
g25809,4956,35.27,0,
g2581,339,74.34,0,
g25810,258,45.74,0,
g25811,1182,51.69,0,
g25812,225,55.56,0,
g25813,14166,35.83,0,
g25814,1729,39.97,0,
g25815,255,71.37,0,
g25816,5468,25.31,0,
g25817,5423,34.48,0,
g25818,3310,33.32,0,
g25819,45950,36.37,0,
g2582,249,36.95,0,
g25820,354,47.18,0,
g25821,12506,36.37,0,
g25822,69037,36.14,0,
g25823,579,39.9,0,
g25824,7479,30.47,0,
g25825,1356,37.17,0,
g25826,10057,34.83,0,
g25827,8041,38.44,0,
g25828,10454,33.92,0,
g25829,23067,36.96,0,
g2583,12636,38.94,0,
g25830,13406,39.16,0,
g25831,1948,40.4,0,
g25832,877,42.3,0,
g25833,2672,26.53,0,
g25834,3709,28.88,0,
g25835,25060,36.27,0,
g25836,893,36.06,0,
g25837,8458,38.02,0,
g25838,27478,38.06,0,
g25839,4527,39.28,0,
g2584,1221,49.88,0,
g25840,234,68.8,0,
g25841,228,60.53,0,
g25842,4555,36.53,0,
g25843,45300,35.44,0,
g25844,15052,34.53,0,
g25845,729,54.05,0,
g25846,3058,38.65,0,
g25847,656,36.28,0,
g25848,4727,39.28,0,
g25849,2549,45.86,0,
g2585,4482,34.81,0,
g25850,10691,34.0,0,
g25851,3758,37.07,0,
g25852,893,66.07,0,
g25853,5046,40.07,0,
g25854,883,38.51,0,
g25855,9691,32.45,0,
g25856,345,56.23,0,
g25857,6546,34.08,0,
g25858,12948,35.53,0,
g25859,279,49.1,0,
g2586,32300,33.23,0,
g25860,39458,34.54,0,
g25861,28158,32.44,0,
g25862,90728,35.08,0,
g25863,41816,36.57,0,
g25864,14318,36.35,0,
g25865,13628,37.67,0,
g25866,7162,34.95,0,
g25867,9869,35.18,0,
g25868,18167,35.5,0,
g25869,14591,38.22,0,
g2587,18767,34.61,0,
g25870,43651,35.8,0,
g25871,20268,37.94,0,
g25872,9919,38.28,0,
g25873,27928,37.0,0,
g25874,3066,38.19,0,
g25875,625,59.52,0,
g25876,333,53.45,0,
g25877,1994,42.68,0,
g25878,14592,35.97,0,
g25879,18997,36.5,0,
g2588,14695,33.76,0,
g25880,9098,33.79,0,
g25881,9556,36.66,0,
g25882,4179,39.24,0,
g25883,23537,36.92,0,
g25884,1045,31.0,0,
g25885,4046,31.86,0,
g25886,38527,38.58,0,
g25887,55775,35.62,0,
g25888,546,48.53,0,
g25889,354,62.71,0,
g2589,34230,37.59,0,
g25890,25827,34.74,0,
g25891,22982,34.65,0,
g25892,12105,38.54,0,
g25893,3437,35.82,0,
g25894,28832,35.13,0,
g25895,4825,34.2,0,
g25896,4392,36.09,0,
g25897,318,38.05,0,
g25898,545,41.47,0,
g25899,2863,34.23,0,
g259,216,60.65,0,
g2590,5929,35.18,0,
g25900,261,54.02,0,
g25901,222,47.3,0,
g25902,249,60.24,0,
g25903,765,35.82,0,
g25904,1635,50.03,0,
g25905,11743,36.39,0,
g25906,8899,38.41,0,
g25907,23051,35.05,0,
g25908,9439,32.44,0,
g25909,6681,32.56,0,
g2591,2090,32.49,0,
g25910,53193,35.22,0,
g25911,7407,32.29,0,
g25912,333,54.95,0,
g25913,661,51.74,0,
g25914,18726,36.65,0,
g25915,306,51.96,0,
g25916,17491,39.44,0,
g25917,2963,37.23,0,
g25918,3598,36.05,0,
g25919,2672,32.97,0,
g2592,7604,35.55,0,
g25920,6865,37.86,0,
g25921,5093,39.98,0,
g25922,30162,35.55,0,
g25923,1062,49.25,0,
g25924,7527,36.28,0,
g25925,363,49.86,0,
g25926,1239,46.25,0,
g25927,1071,49.86,0,
g25928,969,45.51,0,
g25929,1161,46.51,0,
g2593,8957,36.04,0,
g25930,1866,49.41,0,
g25931,16117,39.39,0,
g25932,924,48.92,0,
g25933,723,50.35,0,
g25934,1122,33.6,0,
g25935,5062,33.5,0,
g25936,11151,34.36,0,
g25937,2986,36.1,0,
g25938,10824,33.92,0,
g25939,8793,39.32,0,
g2594,24504,34.24,0,
g25940,9769,33.95,0,
g25941,3883,33.69,0,
g25942,6688,35.23,0,
g25943,6284,38.51,0,
g25944,22014,36.21,0,
g25945,648,53.4,0,
g25946,12124,36.9,0,
g25947,2366,35.93,0,
g25948,5158,38.6,0,
g25949,4749,39.21,0,
g2595,693,68.11,0,
g25950,1311,42.56,0,
g25951,606,66.83,0,
g25952,360,49.17,0,
g25953,252,51.98,0,
g25954,33987,39.14,0,
g25955,6960,34.27,0,
g25956,7475,34.41,0,
g25957,1653,39.44,0,
g25958,20046,35.85,0,
g25959,16100,40.05,0,
g2596,17818,38.2,0,
g25960,15042,40.41,0,
g25961,30356,34.74,0,
g25962,6176,33.6,0,
g25963,14045,42.73,0,
g25964,17606,36.24,0,
g25965,43291,35.98,0,
g25966,1650,33.39,0,
g25967,3187,37.78,0,
g25968,3276,33.46,0,
g25969,23518,35.25,0,
g2597,6688,39.34,0,
g25970,1080,35.83,0,
g25971,1453,40.61,0,
g25972,3654,41.84,0,
g25973,285,60.7,0,
g25974,474,56.96,0,
g25975,5050,41.41,0,
g25976,5588,32.34,0,
g25977,5336,34.58,0,
g25978,19039,34.89,0,
g25979,5455,36.04,0,
g2598,11980,38.61,0,
g25980,810,41.85,0,
g25981,306,50.65,0,
g25982,810,43.21,0,
g25983,291,53.26,0,
g25984,579,46.63,0,
g25985,644,54.5,0,
g25986,2501,28.83,0,
g25987,5443,32.79,0,
g25988,8531,32.05,0,
g25989,394,48.48,0,
g2599,6627,36.38,0,
g25990,7089,36.58,0,
g25991,12481,36.82,0,
g25992,109191,36.8,0,
g25993,321,32.09,0,
g25994,1488,42.54,0,
g25995,5089,34.62,0,
g25996,5288,33.06,0,
g25997,38560,34.93,0,
g25998,267,65.17,0,
g25999,303,42.9,0,
g26,843,45.2,0,
g260,29814,36.17,0,
g2600,6173,38.68,0,
g26000,255,49.8,0,
g26001,1855,29.27,0,
g26002,3740,34.57,0,
g26003,8604,36.13,0,
g26004,13622,33.29,0,
g26005,2531,29.99,0,
g26006,303,36.63,0,
g26007,27922,38.68,0,
g26008,81686,36.78,0,
g26009,2408,43.31,0,
g2601,7479,42.53,0,
g26010,2447,40.91,0,
g26011,351,60.68,0,
g26012,2316,46.63,0,
g26013,426,59.15,0,
g26014,99508,37.68,0,
g26015,5749,37.59,0,
g26016,53399,34.91,0,
g26017,19839,34.91,0,
g26018,44240,35.96,0,
g26019,307,48.21,0,
g2602,29868,36.49,0,
g26020,18842,35.5,0,
g26021,29515,34.77,0,
g26022,537,73.0,0,
g26023,5387,35.66,0,
g26024,5711,35.02,0,
g26025,360,57.22,0,
g26026,615,68.29,0,
g26027,714,59.24,0,
g26028,534,56.55,0,
g26029,4540,34.93,0,
g2603,9428,34.34,0,
g26030,27480,34.41,0,
g26031,21195,37.56,0,
g26032,24967,34.2,0,
g26033,32619,34.76,0,
g26034,4805,33.42,0,
g26035,2927,33.55,0,
g26036,18179,33.92,0,
g26037,873,33.68,0,
g26038,11796,34.49,0,
g26039,210,58.57,0,
g2604,10426,35.92,0,
g26040,3726,46.62,0,
g26041,2494,37.85,0,
g26042,1500,40.8,0,
g26043,1389,34.7,0,
g26044,896,52.23,0,
g26045,1960,34.8,0,
g26046,417,58.75,0,
g26047,14291,33.92,0,
g26048,828,37.92,0,
g26049,848,33.25,0,
g2605,14993,35.14,0,
g26050,47413,35.05,0,
g26051,5815,31.14,0,
g26052,4540,32.62,0,
g26053,45893,35.66,0,
g26054,13482,35.04,0,
g26055,258,67.05,0,
g26056,44898,35.98,0,
g26057,417,56.59,0,
g26058,11281,38.46,0,
g26059,80578,37.19,0,
g2606,19184,36.6,0,
g26060,393,39.95,0,
g26061,8261,34.31,0,
g26062,327,63.3,0,
g26063,219,53.42,0,
g26064,20530,37.99,0,
g26065,1723,40.68,0,
g26066,24116,38.61,0,
g26067,7204,35.2,0,
g26068,13801,38.38,0,
g26069,19574,38.84,0,
g2607,258,58.91,0,
g26070,687,46.58,0,
g26071,665,43.76,0,
g26072,17237,36.1,0,
g26073,57945,37.68,0,
g26074,8761,38.88,0,
g26075,210,55.24,0,
g26076,234,55.98,0,
g26077,6632,37.59,0,
g26078,9191,36.94,0,
g26079,213,57.28,0,
g2608,5685,39.53,0,
g26080,14528,38.04,0,
g26081,14381,39.39,0,
g26082,12727,39.55,0,
g26083,23833,40.12,0,
g26084,246,63.82,0,
g26085,14431,37.59,0,
g26086,14380,38.23,0,
g26087,12964,38.01,0,
g26088,288,38.19,0,
g26089,2690,38.25,0,
g2609,519,51.45,0,
g26090,546,39.19,0,
g26091,5457,39.14,0,
g26092,5761,39.85,0,
g26093,522,34.29,0,
g26094,2475,63.19,0,
g26095,9590,33.79,0,
g26096,2333,34.59,0,
g26097,21063,38.02,0,
g26098,318,77.36,0,
g26099,976,39.86,0,
g261,24816,38.95,0,
g2610,513,48.34,0,
g26100,3205,41.0,0,
g26101,5847,38.22,0,
g26102,615,71.22,0,
g26103,15583,41.04,0,
g26104,20037,37.29,0,
g26105,285,37.89,0,
g26106,60347,36.4,0,
g26107,2553,41.64,0,
g26108,32243,35.89,0,
g26109,462,35.28,0,
g2611,413,49.15,0,
g26110,31953,36.57,0,
g26111,11083,31.12,0,
g26112,9546,38.85,0,
g26113,8458,34.46,0,
g26114,14186,31.15,0,
g26115,3651,38.48,0,
g26116,32583,34.67,0,
g26117,1507,39.22,0,
g26118,14581,33.98,0,
g26119,9938,32.25,0,
g2612,795,47.3,0,
g26120,10450,32.97,0,
g26121,9161,37.56,0,
g26122,3743,35.48,0,
g26123,9520,35.42,0,
g26124,1618,34.61,0,
g26125,1847,39.85,0,
g26126,7577,35.65,0,
g26127,3157,35.29,0,
g26128,1454,33.36,0,
g26129,8830,35.29,0,
g2613,10225,39.33,0,
g26130,1274,35.64,0,
g26131,339,55.46,0,
g26132,8465,34.15,0,
g26133,6573,35.1,0,
g26134,258,53.88,0,
g26135,276,46.01,0,
g26136,57348,35.97,0,
g26137,10613,33.69,0,
g26138,8883,30.55,0,
g26139,22327,35.89,0,
g2614,906,54.53,0,
g26140,15173,37.74,0,
g26141,10259,30.67,0,
g26142,1770,28.87,0,
g26143,15393,33.78,0,
g26144,228,59.65,0,
g26145,49458,36.81,0,
g26146,4174,38.02,0,
g26147,444,61.26,0,
g26148,294,62.24,0,
g26149,13598,38.81,0,
g2615,36618,39.45,0,
g26150,6757,35.9,0,
g26151,6390,37.48,0,
g26152,378,65.08,0,
g26153,4132,33.57,0,
g26154,9741,35.22,0,
g26155,13486,37.18,0,
g26156,1429,67.39,0,
g26157,2840,31.23,0,
g26158,330,58.18,0,
g26159,402,55.22,0,
g2616,342,46.2,0,
g26160,29041,37.47,0,
g26161,22523,36.37,0,
g26162,24329,37.49,0,
g26163,963,62.2,0,
g26164,396,62.12,0,
g26165,4146,38.4,0,
g26166,261,70.5,0,
g26167,4418,36.01,0,
g26168,7725,36.38,0,
g26169,73712,38.89,0,
g2617,4268,36.88,0,
g26170,5889,32.13,0,
g26171,7330,35.96,0,
g26172,1389,46.72,0,
g26173,18147,35.07,0,
g26174,4314,41.77,0,
g26175,1599,44.09,0,
g26176,1500,63.13,0,
g26177,1480,36.96,0,
g26178,915,33.33,0,
g26179,5515,34.47,0,
g2618,47484,37.91,0,
g26180,780,31.92,0,
g26181,6318,32.57,0,
g26182,6016,45.79,0,
g26183,279,40.14,0,
g26184,1112,44.42,0,
g26185,858,52.68,0,
g26186,46442,36.29,0,
g26187,54040,37.23,0,
g26188,6112,35.68,0,
g26189,3485,34.18,0,
g2619,1934,28.85,0,
g26190,7317,34.43,0,
g26191,21145,32.9,0,
g26192,7563,30.83,0,
g26193,7750,31.24,0,
g26194,12390,34.21,0,
g26195,7474,36.14,0,
g26196,3366,34.17,0,
g26197,12104,35.16,0,
g26198,819,34.31,0,
g26199,7406,45.14,0,
g262,646,30.5,0,
g2620,5342,35.7,0,
g26200,372,29.3,0,
g26201,306,49.35,0,
g26202,2280,36.05,0,
g26203,22542,37.28,0,
g26204,6936,34.65,0,
g26205,1672,36.9,0,
g26206,3310,32.18,0,
g26207,5844,36.29,0,
g26208,331,34.14,0,
g26209,3847,40.03,0,
g2621,5670,36.38,0,
g26210,9178,40.37,0,
g26211,27783,33.09,0,
g26212,13399,33.97,0,
g26213,3475,35.71,0,
g26214,17349,33.68,0,
g26215,7060,32.12,0,
g26216,32045,34.12,0,
g26217,1985,36.07,0,
g26218,8611,33.57,0,
g26219,7329,35.24,0,
g2622,6512,33.03,0,
g26220,15362,37.39,0,
g26221,751,49.27,0,
g26222,898,37.97,0,
g26223,1961,34.47,0,
g26224,19258,36.23,0,
g26225,24470,36.45,0,
g26226,22737,34.92,0,
g26227,8745,32.24,0,
g26228,10815,33.79,0,
g26229,5724,38.29,0,
g2623,5827,40.52,0,
g26230,9573,36.69,0,
g26231,3196,36.83,0,
g26232,78377,35.17,0,
g26233,17118,35.58,0,
g26234,14877,34.91,0,
g26235,6643,34.17,0,
g26236,13966,38.88,0,
g26237,4869,35.67,0,
g26238,20999,36.81,0,
g26239,279,61.29,0,
g2624,5802,39.56,0,
g26240,9699,40.94,0,
g26241,20710,33.88,0,
g26242,32230,38.4,0,
g26243,19010,35.01,0,
g26244,13159,34.66,0,
g26245,340,40.29,0,
g26246,2573,34.28,0,
g26247,354,50.28,0,
g26248,30911,35.03,0,
g26249,3171,53.01,0,
g2625,753,39.18,0,
g26250,27630,35.2,0,
g26251,5495,35.21,0,
g26252,3867,34.01,0,
g26253,288,53.82,0,
g26254,291,58.76,0,
g26255,34871,36.66,0,
g26256,2706,38.21,0,
g26257,13603,36.57,0,
g26258,21516,35.77,0,
g26259,8737,33.43,0,
g2626,21390,34.25,0,
g26260,23399,35.07,0,
g26261,2074,36.02,0,
g26262,19476,32.71,0,
g26263,17193,39.36,0,
g26264,3561,32.97,0,
g26265,14041,36.49,0,
g26266,1539,37.17,0,
g26267,8631,36.43,0,
g26268,10127,37.58,0,
g26269,2810,54.16,0,
g2627,780,26.41,0,
g26270,11251,35.14,0,
g26271,15499,34.71,0,
g26272,28716,37.71,0,
g26273,294,44.9,0,
g26274,276,70.29,0,
g26275,557,57.27,0,
g26276,246,55.28,0,
g26277,706,68.13,0,
g26278,5565,36.8,0,
g26279,11151,39.14,0,
g2628,18175,37.71,0,
g26280,420,32.14,0,
g26281,5949,37.18,0,
g26282,4105,40.95,0,
g26283,13080,35.62,0,
g26284,4294,29.53,0,
g26285,25517,35.4,0,
g26286,17608,36.1,0,
g26287,3539,30.18,0,
g26288,18254,31.27,0,
g26289,39254,35.65,0,
g2629,396,53.79,0,
g26290,635,34.49,0,
g26291,729,36.21,0,
g26292,18509,35.79,0,
g26293,15931,32.63,0,
g26294,672,39.14,0,
g26295,331,36.86,0,
g26296,2174,31.6,0,
g26297,4220,39.67,0,
g26298,7676,32.83,0,
g26299,1658,36.31,0,
g263,1218,33.66,0,
g2630,1181,64.35,0,
g26300,1456,36.54,0,
g26301,6846,35.2,0,
g26302,13694,36.78,0,
g26303,9916,38.23,0,
g26304,11850,36.75,0,
g26305,582,37.8,0,
g26306,20170,39.62,0,
g26307,13226,40.28,0,
g26308,15285,38.66,0,
g26309,8368,33.68,0,
g2631,768,66.15,0,
g26310,5864,34.79,0,
g26311,6720,37.81,0,
g26312,550,34.55,0,
g26313,3228,33.71,0,
g26314,20791,37.88,0,
g26315,17414,36.47,0,
g26316,19895,38.25,0,
g26317,1132,69.7,0,
g26318,429,62.7,0,
g26319,10994,37.49,0,
g2632,2690,31.52,0,
g26320,4207,40.74,0,
g26321,9812,38.46,0,
g26322,9890,40.82,0,
g26323,22007,40.38,0,
g26324,61347,38.05,0,
g26325,372,61.02,0,
g26326,3472,40.18,0,
g26327,29464,37.97,0,
g26328,363,60.33,0,
g26329,1311,50.04,0,
g2633,236425,38.44,0,
g26330,2709,37.65,0,
g26331,213,52.58,0,
g26332,6687,40.21,0,
g26333,2838,35.94,0,
g26334,370,37.84,0,
g26335,639,36.78,0,
g26336,34419,36.88,0,
g26337,29612,35.38,0,
g26338,23295,37.15,0,
g26339,23464,38.36,0,
g2634,687,56.48,0,
g26340,1162,40.28,0,
g26341,303,66.34,0,
g26342,3715,37.09,0,
g26343,4608,35.11,0,
g26344,8519,34.12,0,
g26345,1011,36.4,0,
g26346,4965,32.33,0,
g26347,4814,36.95,0,
g26348,11249,36.29,0,
g26349,1514,41.74,0,
g2635,1662,40.19,0,
g26350,15954,36.09,0,
g26351,27615,34.62,0,
g26352,8088,33.17,0,
g26353,4842,32.96,0,
g26354,4599,39.83,0,
g26355,1129,37.38,0,
g26356,4390,37.86,0,
g26357,2160,33.52,0,
g26358,3135,38.53,0,
g26359,954,39.2,0,
g2636,2754,35.4,0,
g26360,1598,36.8,0,
g26361,330,57.27,0,
g26362,420,47.62,0,
g26363,4844,33.22,0,
g26364,1920,34.53,0,
g26365,22612,36.19,0,
g26366,1564,35.93,0,
g26367,10714,35.86,0,
g26368,50770,35.54,0,
g26369,22896,34.01,0,
g2637,1478,41.27,0,
g26370,6281,39.99,0,
g26371,729,36.21,0,
g26372,501,52.1,0,
g26373,2139,48.71,0,
g26374,474,65.4,0,
g26375,10095,36.62,0,
g26376,1113,38.01,0,
g26377,1395,40.29,0,
g26378,8195,40.9,0,
g26379,5102,38.59,0,
g2638,4270,31.97,0,
g26380,354,55.65,0,
g26381,246,60.57,0,
g26382,454,45.81,0,
g26383,37943,35.97,0,
g26384,7302,38.87,0,
g26385,36624,37.0,0,
g26386,16346,33.59,0,
g26387,4794,32.33,0,
g26388,8058,35.16,0,
g26389,13758,33.22,0,
g2639,593,41.65,0,
g26390,12055,40.2,0,
g26391,2963,46.54,0,
g26392,3625,35.5,0,
g26393,44658,36.23,0,
g26394,1379,41.33,0,
g26395,438,38.13,0,
g26396,1762,34.62,0,
g26397,3798,36.12,0,
g26398,3659,38.45,0,
g26399,1511,39.31,0,
g264,1011,32.44,0,
g2640,5465,37.79,0,
g26400,325,51.08,0,
g26401,570,79.65,0,
g26402,25082,35.46,0,
g26403,12196,37.98,0,
g26404,6524,36.63,0,
g26405,20675,36.07,0,
g26406,17892,37.56,0,
g26407,2067,36.91,0,
g26408,22148,38.73,0,
g26409,4622,33.95,0,
g2641,5502,38.35,0,
g26410,4927,36.92,0,
g26411,1679,39.25,0,
g26412,582,68.04,0,
g26413,14181,36.11,0,
g26414,13293,36.49,0,
g26415,2214,36.5,0,
g26416,9423,31.95,0,
g26417,28232,35.51,0,
g26418,1051,31.4,0,
g26419,1564,32.23,0,
g2642,1105,38.01,0,
g26420,1178,28.61,0,
g26421,6542,37.22,0,
g26422,396,42.42,0,
g26423,300,45.33,0,
g26424,2558,48.71,0,
g26425,297,57.24,0,
g26426,6919,52.32,0,
g26427,252,52.38,0,
g26428,3089,31.98,0,
g26429,3886,35.1,0,
g2643,1970,37.16,0,
g26430,519,37.57,0,
g26431,44274,36.17,0,
g26432,9481,38.77,0,
g26433,643,29.08,0,
g26434,12090,38.41,0,
g26435,5473,40.8,0,
g26436,3215,35.49,0,
g26437,4817,30.18,0,
g26438,2840,30.81,0,
g26439,17077,36.62,0,
g2644,538,34.39,0,
g26440,6343,32.08,0,
g26441,40030,37.33,0,
g26442,28502,34.65,0,
g26443,2484,34.22,0,
g26444,30296,39.63,0,
g26445,2848,38.2,0,
g26446,10421,32.39,0,
g26447,1404,34.62,0,
g26448,14020,37.64,0,
g26449,24369,33.49,0,
g2645,306,32.68,0,
g26450,13212,34.56,0,
g26451,319,35.42,0,
g26452,3855,44.1,0,
g26453,3140,34.94,0,
g26454,1356,37.24,0,
g26455,2905,31.22,0,
g26456,807,48.7,0,
g26457,1228,33.71,0,
g26458,1558,45.57,0,
g26459,18506,32.15,0,
g2646,10492,40.62,0,
g26460,285,47.72,0,
g26461,9178,35.87,0,
g26462,1823,45.53,0,
g26463,380,35.79,0,
g26464,24774,34.23,0,
g26465,17273,34.56,0,
g26466,10767,33.36,0,
g26467,115868,36.37,0,
g26468,13179,35.66,0,
g26469,1059,42.02,0,
g2647,19704,43.59,0,
g26470,21876,34.45,0,
g26471,2531,37.65,0,
g26472,13425,34.7,0,
g26473,6908,38.58,0,
g26474,336,60.12,0,
g26475,228,55.7,0,
g26476,2293,35.59,0,
g26477,390,42.05,0,
g26478,1685,38.58,0,
g26479,246,69.11,0,
g2648,23174,37.74,0,
g26480,243,67.9,0,
g26481,1382,39.87,0,
g26482,774,36.82,0,
g26483,1890,32.86,0,
g26484,432,55.09,0,
g26485,330,38.79,0,
g26486,9097,38.91,0,
g26487,8550,36.76,0,
g26488,3580,31.96,0,
g26489,16326,36.42,0,
g2649,31084,34.51,0,
g26490,5299,38.46,0,
g265,7307,30.96,0,
g2650,2616,27.71,0,
g2651,8120,38.19,0,
g2652,288,59.38,0,
g2653,1722,43.5,0,
g2654,49159,37.7,0,
g2655,237,63.29,0,
g2656,22162,35.45,0,
g2657,37320,36.81,0,
g2658,23747,34.67,0,
g2659,19124,34.77,0,
g266,693,33.19,0,
g2660,1923,32.66,0,
g2661,35778,36.42,0,
g2662,17517,32.9,0,
g2663,16323,37.71,0,
g2664,4221,35.84,0,
g2665,9803,37.46,0,
g2666,810,33.33,0,
g2667,16737,42.36,0,
g2668,507,38.07,0,
g2669,792,38.51,0,
g267,423,33.33,0,
g2670,64818,36.86,0,
g2671,3837,38.31,0,
g2672,1326,37.41,0,
g2673,3959,36.35,0,
g2674,2343,32.31,0,
g2675,501,39.92,0,
g2676,14249,31.92,0,
g2677,23960,33.16,0,
g2678,7964,34.39,0,
g2679,759,37.02,0,
g268,354,31.07,0,
g2680,3357,40.36,0,
g2681,748,41.44,0,
g2682,67835,39.0,0,
g2683,5429,36.16,0,
g2684,16233,37.54,0,
g2685,34434,35.09,0,
g2686,1485,33.06,0,
g2687,9731,39.88,0,
g2688,3627,43.18,0,
g2689,3412,42.61,0,
g269,573,32.11,0,
g2690,1477,44.01,0,
g2691,6663,37.84,0,
g2692,270,76.3,0,
g2693,69506,35.21,0,
g2694,1020,50.78,0,
g2695,2467,35.91,0,
g2696,5346,44.87,0,
g2697,1020,52.35,0,
g2698,18610,35.3,0,
g2699,16318,39.15,0,
g27,6451,41.11,0,
g270,441,30.39,0,
g2700,2077,34.81,0,
g2701,9312,33.04,0,
g2702,45207,38.16,0,
g2703,3893,32.88,0,
g2704,2006,38.73,0,
g2705,240,65.0,0,
g2706,15997,38.14,0,
g2707,4659,39.17,0,
g2708,16302,35.18,0,
g2709,12600,31.98,0,
g271,3317,30.09,0,
g2710,40070,34.33,0,
g2711,14551,37.83,0,
g2712,5262,34.07,0,
g2713,1274,31.95,0,
g2714,43280,33.78,0,
g2715,2797,41.79,0,
g2716,306,57.19,0,
g2717,39833,39.71,0,
g2718,8128,33.8,0,
g2719,1625,36.06,0,
g272,273,37.36,0,
g2720,1118,42.93,0,
g2721,723,42.46,0,
g2722,543,43.83,0,
g2723,816,40.81,0,
g2724,12072,38.63,0,
g2725,875,68.0,0,
g2726,9892,36.11,0,
g2727,270,65.19,0,
g2728,821,65.29,0,
g2729,315,65.08,0,
g273,351,28.77,0,
g2730,2037,47.57,0,
g2731,18620,38.21,0,
g2732,390,64.36,0,
g2733,19215,33.23,0,
g2734,1407,43.28,0,
g2735,12788,32.37,0,
g2736,78337,36.02,0,
g2737,7296,32.52,0,
g2738,3588,29.91,0,
g2739,1449,37.89,0,
g274,18773,29.79,0,
g2740,5494,35.51,0,
g2741,2594,33.89,0,
g2742,1077,35.19,0,
g2743,10152,37.07,0,
g2744,9958,33.23,0,
g2745,15920,36.71,0,
g2746,12326,41.2,0,
g2747,4264,41.46,0,
g2748,460,34.35,0,
g2749,495,62.63,0,
g275,924,34.74,0,
g2750,12354,35.21,0,
g2751,26256,35.06,0,
g2752,15299,36.59,0,
g2753,5480,35.15,0,
g2754,5571,33.67,0,
g2755,9230,34.53,0,
g2756,402,53.73,0,
g2757,411,52.8,0,
g2758,19672,39.08,0,
g2759,15006,40.05,0,
g276,1287,34.89,0,
g2760,10982,36.84,0,
g2761,6097,38.89,0,
g2762,5561,40.44,0,
g2763,3914,38.78,0,
g2764,2338,40.85,0,
g2765,1285,45.68,0,
g2766,4827,43.36,0,
g2767,64730,40.13,0,
g2768,132143,37.78,0,
g2769,12326,35.48,0,
g277,1278,32.16,0,
g2770,16349,35.54,0,
g2771,7849,32.2,0,
g2772,6221,32.66,0,
g2773,597,40.03,0,
g2774,276,55.8,0,
g2775,22537,36.6,0,
g2776,30447,35.18,0,
g2777,246,53.66,0,
g2778,28084,34.31,0,
g2779,6513,34.15,0,
g278,1623,35.61,0,
g2780,10961,33.57,0,
g2781,5564,37.78,0,
g2782,16228,35.39,0,
g2783,3484,36.77,0,
g2784,1239,40.52,0,
g2785,1230,36.91,0,
g2786,2489,32.14,0,
g2787,17540,33.08,0,
g2788,22022,35.03,0,
g2789,3897,46.7,0,
g279,459,28.98,0,
g2790,1716,30.54,0,
g2791,28131,33.95,0,
g2792,26882,35.45,0,
g2793,9319,35.44,0,
g2794,40643,35.12,0,
g2795,15132,36.18,0,
g2796,18192,36.18,0,
g2797,1224,50.49,0,
g2798,23377,41.35,0,
g2799,2212,43.04,0,
g28,1541,42.83,0,
g280,2262,29.93,0,
g2800,2720,40.48,0,
g2801,4524,40.05,0,
g2802,4508,38.35,0,
g2803,2806,38.24,0,
g2804,1935,45.32,0,
g2805,3377,40.18,0,
g2806,8269,33.39,0,
g2807,11524,33.5,0,
g2808,12217,37.27,0,
g2809,633,31.75,0,
g281,1026,31.29,0,
g2810,9576,46.26,0,
g2811,32722,40.77,0,
g2812,3066,32.49,0,
g2813,45509,37.52,0,
g2814,1293,42.3,0,
g2815,4558,38.9,0,
g2816,941,32.31,0,
g2817,249,38.96,0,
g2818,1622,39.27,0,
g2819,240,40.0,0,
g282,1431,33.26,0,
g2820,921,38.76,0,
g2821,20592,36.86,0,
g2822,1605,56.76,0,
g2823,14858,42.12,0,
g2824,1977,39.5,0,
g2825,396,57.32,0,
g2826,1077,57.57,0,
g2827,425,57.18,0,
g2828,411,66.18,0,
g2829,3152,42.23,0,
g283,3082,27.87,0,
g2830,8407,31.82,0,
g2831,297,44.44,0,
g2832,32332,37.49,0,
g2833,3921,33.33,0,
g2834,127844,37.86,0,
g2835,2091,41.22,0,
g2836,6777,38.31,0,
g2837,2333,34.38,0,
g2838,2898,33.61,0,
g2839,4423,36.49,0,
g284,7317,28.04,0,
g2840,34036,36.58,0,
g2841,8289,38.18,0,
g2842,2553,38.66,0,
g2843,1227,45.07,0,
g2844,1227,45.56,0,
g2845,324,34.57,0,
g2846,2520,38.93,0,
g2847,24451,39.66,0,
g2848,448,55.8,0,
g2849,381,36.22,0,
g285,870,58.16,0,
g2850,249,37.75,0,
g2851,17566,39.16,0,
g2852,279,56.27,0,
g2853,34650,37.62,0,
g2854,13171,38.36,0,
g2855,3562,34.19,0,
g2856,26577,36.28,0,
g2857,3257,28.8,0,
g2858,2715,29.02,0,
g2859,43219,34.14,0,
g286,279,53.05,0,
g2860,472,35.81,0,
g2861,23305,40.83,0,
g2862,6467,35.47,0,
g2863,26633,38.52,0,
g2864,4813,38.11,0,
g2865,4257,34.67,0,
g2866,1640,37.87,0,
g2867,3320,37.2,0,
g2868,25583,39.6,0,
g2869,5710,41.54,0,
g287,76717,35.66,0,
g2870,3137,43.93,0,
g2871,642,50.16,0,
g2872,378,49.47,0,
g2873,486,33.74,0,
g2874,834,35.61,0,
g2875,729,45.82,0,
g2876,768,50.13,0,
g2877,8630,35.06,0,
g2878,12887,36.28,0,
g2879,6342,36.74,0,
g288,5440,36.56,0,
g2880,25400,36.4,0,
g2881,8705,36.97,0,
g2882,3372,42.44,0,
g2883,29399,42.23,0,
g2884,2583,33.33,0,
g2885,288,45.14,0,
g2886,3272,34.26,0,
g2887,2260,37.26,0,
g2888,276,46.74,0,
g2889,141296,36.08,0,
g289,3730,37.67,0,
g2890,18226,35.88,0,
g2891,13889,36.73,0,
g2892,2020,31.09,0,
g2893,2138,33.77,0,
g2894,3282,30.99,0,
g2895,4910,37.39,0,
g2896,3441,33.48,0,
g2897,8573,34.18,0,
g2898,11845,47.25,0,
g2899,3608,35.14,0,
g29,3583,32.43,0,
g290,507,48.13,0,
g2900,324,33.02,0,
g2901,399,38.1,0,
g2902,366,38.52,0,
g2903,17159,33.15,0,
g2904,31263,37.16,0,
g2905,26518,36.71,0,
g2906,508,54.72,0,
g2907,750,66.93,0,
g2908,8991,39.94,0,
g2909,3123,40.15,0,
g291,23747,34.96,0,
g2910,15742,37.42,0,
g2911,5418,32.98,0,
g2912,13375,34.74,0,
g2913,4146,37.51,0,
g2914,10459,37.88,0,
g2915,696,55.46,0,
g2916,7377,38.51,0,
g2917,447,53.91,0,
g2918,342,65.2,0,
g2919,240,62.5,0,
g292,8653,32.19,0,
g2920,1578,47.66,0,
g2921,4187,36.45,0,
g2922,1464,39.28,0,
g2923,28999,34.1,0,
g2924,6248,36.78,0,
g2925,6434,35.51,0,
g2926,44474,34.58,0,
g2927,14020,36.32,0,
g2928,3063,38.07,0,
g2929,2379,35.52,0,
g293,1509,40.76,0,
g2930,1371,41.58,0,
g2931,438,50.23,0,
g2932,885,36.95,0,
g2933,1041,51.3,0,
g2934,8128,34.83,0,
g2935,1400,52.21,0,
g2936,9246,36.07,0,
g2937,306,58.17,0,
g2938,1855,53.26,0,
g2939,7699,33.89,0,
g294,579,36.44,0,
g2940,258,46.12,0,
g2941,297,51.85,0,
g2942,24293,35.93,0,
g2943,231,68.4,0,
g2944,69229,37.01,0,
g2945,41782,35.8,0,
g2946,456,52.63,0,
g2947,3668,40.51,0,
g2948,486,53.91,0,
g2949,5424,43.46,0,
g295,372,46.77,0,
g2950,8135,35.03,0,
g2951,5901,33.64,0,
g2952,4373,38.19,0,
g2953,870,58.16,0,
g2954,4489,35.13,0,
g2955,1434,33.26,0,
g2956,2634,31.78,0,
g2957,907,32.97,0,
g2958,6956,32.35,0,
g2959,201,41.79,0,
g296,1430,31.26,0,
g2960,13362,38.4,0,
g2961,2859,40.78,0,
g2962,16536,38.28,0,
g2963,657,38.05,0,
g2964,3320,37.05,0,
g2965,579,34.54,0,
g2966,1063,32.46,0,
g2967,291,59.45,0,
g2968,4726,41.03,0,
g2969,25054,35.28,0,
g297,369,56.1,0,
g2970,21661,40.72,0,
g2971,279,58.42,0,
g2972,15007,35.39,0,
g2973,8717,34.82,0,
g2974,2837,39.62,0,
g2975,78628,37.42,0,
g2976,12906,38.62,0,
g2977,12775,39.9,0,
g2978,5820,33.26,0,
g2979,2295,40.74,0,
g298,4427,35.42,0,
g2980,13845,34.42,0,
g2981,1903,42.14,0,
g2982,333,56.76,0,
g2983,2692,40.71,0,
g2984,6554,32.56,0,
g2985,22162,36.92,0,
g2986,19283,34.92,0,
g2987,9982,35.51,0,
g2988,6308,34.59,0,
g2989,4682,33.3,0,
g299,510,74.9,0,
g2990,25555,38.55,0,
g2991,1994,33.15,0,
g2992,2759,33.56,0,
g2993,12714,34.31,0,
g2994,833,38.18,0,
g2995,2588,36.59,0,
g2996,24093,34.99,0,
g2997,20995,38.23,0,
g2998,841,57.79,0,
g2999,454,57.49,0,
g3,3250,32.83,0,
g30,579,49.22,0,
g300,130339,38.72,0,
g3000,324,40.12,0,
g3001,21187,37.41,0,
g3002,29125,36.43,0,
g3003,44507,37.15,0,
g3004,5571,34.93,0,
g3005,1195,33.56,0,
g3006,17864,36.77,0,
g3007,6047,33.97,0,
g3008,417,40.77,0,
g3009,3846,36.17,0,
g301,8410,38.17,0,
g3010,17193,36.71,0,
g3011,17995,33.98,0,
g3012,3082,33.16,0,
g3013,4324,32.26,0,
g3014,3191,37.79,0,
g3015,4134,34.37,0,
g3016,24783,35.76,0,
g3017,5008,36.88,0,
g3018,43959,37.7,0,
g3019,3086,22.81,0,
g302,11537,35.85,0,
g3020,836,43.42,0,
g3021,1289,43.06,0,
g3022,3303,37.39,0,
g3023,25246,37.57,0,
g3024,10528,34.55,0,
g3025,3000,33.1,0,
g3026,7862,31.25,0,
g3027,2058,31.68,0,
g3028,6803,30.77,0,
g3029,5339,50.22,0,
g303,10460,35.54,0,
g3030,216,60.65,0,
g3031,5179,40.88,0,
g3032,2706,39.65,0,
g3033,3070,35.08,0,
g3034,2515,34.99,0,
g3035,24996,34.47,0,
g3036,29346,33.33,0,
g3037,10939,36.31,0,
g3038,4555,44.3,0,
g3039,8949,42.41,0,
g304,10466,34.87,0,
g3040,396,69.44,0,
g3041,653,52.07,0,
g3042,5564,41.12,0,
g3043,330,60.3,0,
g3044,213,62.44,0,
g3045,4423,41.56,0,
g3046,3684,38.19,0,
g3047,18788,36.36,0,
g3048,2874,34.83,0,
g3049,12186,39.73,0,
g305,794,30.1,0,
g3050,23176,36.45,0,
g3051,5322,32.0,0,
g3052,85835,36.34,0,
g3053,892,30.16,0,
g3054,71657,35.4,0,
g3055,8954,34.01,0,
g3056,6361,39.05,0,
g3057,173049,36.36,0,
g3058,7288,34.89,0,
g3059,970,45.77,0,
g306,8707,38.14,0,
g3060,3132,33.43,0,
g3061,1732,38.05,0,
g3062,501,36.93,0,
g3063,466,41.2,0,
g3064,745,48.72,0,
g3065,17197,38.54,0,
g3066,7700,33.88,0,
g3067,7037,38.21,0,
g3068,579,42.66,0,
g3069,3434,37.71,0,
g307,3770,41.17,0,
g3070,14507,37.91,0,
g3071,12439,38.31,0,
g3072,552,72.1,0,
g3073,20727,35.52,0,
g3074,10837,34.41,0,
g3075,4629,38.24,0,
g3076,7316,39.26,0,
g3077,11654,33.43,0,
g3078,12197,32.92,0,
g3079,3798,32.12,0,
g308,492,41.87,0,
g3080,2721,35.65,0,
g3081,1179,55.81,0,
g3082,9790,33.31,0,
g3083,20791,34.31,0,
g3084,1031,40.45,0,
g3085,777,51.35,0,
g3086,1170,47.78,0,
g3087,4208,40.16,0,
g3088,4621,41.96,0,
g3089,10178,42.86,0,
g309,3678,39.7,0,
g3090,8876,39.04,0,
g3091,264,66.67,0,
g3092,37806,36.97,0,
g3093,12013,33.63,0,
g3094,711,34.74,0,
g3095,3238,30.33,0,
g3096,10987,34.24,0,
g3097,4705,33.69,0,
g3098,46264,35.79,0,
g3099,2007,29.5,0,
g31,8201,33.06,0,
g310,5126,35.04,0,
g3100,3778,33.25,0,
g3101,1353,68.88,0,
g3102,321,60.12,0,
g3103,219,57.99,0,
g3104,423,79.67,0,
g3105,14172,38.39,0,
g3106,9627,39.66,0,
g3107,2436,34.93,0,
g3108,5079,36.92,0,
g3109,10279,33.67,0,
g311,237,68.78,0,
g3110,7606,32.53,0,
g3111,6473,33.94,0,
g3112,10707,31.55,0,
g3113,1350,41.19,0,
g3114,80394,36.55,0,
g3115,10591,33.74,0,
g3116,5574,41.96,0,
g3117,313,62.94,0,
g3118,2577,31.47,0,
g3119,1795,29.64,0,
g312,18588,42.3,0,
g3120,897,40.8,0,
g3121,207357,35.36,0,
g3122,6684,37.28,0,
g3123,15237,36.52,0,
g3124,22458,35.77,0,
g3125,1513,34.77,0,
g3126,381,29.4,0,
g3127,969,40.04,0,
g3128,3146,42.53,0,
g3129,2439,36.24,0,
g313,6474,35.85,0,
g3130,2419,36.67,0,
g3131,19876,36.86,0,
g3132,3820,47.07,0,
g3133,423,65.72,0,
g3134,3909,39.14,0,
g3135,225,68.44,0,
g3136,474,69.2,0,
g3137,3437,37.36,0,
g3138,12028,37.43,0,
g3139,8145,32.72,0,
g314,10931,33.19,0,
g3140,3954,32.3,0,
g3141,14890,34.57,0,
g3142,6251,36.91,0,
g3143,2799,33.98,0,
g3144,5108,35.9,0,
g3145,5166,48.59,0,
g3146,3157,32.53,0,
g3147,1364,52.2,0,
g3148,4344,33.95,0,
g3149,4535,42.84,0,
g315,4728,33.88,0,
g3150,3108,31.37,0,
g3151,2546,32.01,0,
g3152,2591,35.12,0,
g3153,16348,36.83,0,
g3154,11946,33.65,0,
g3155,53950,36.43,0,
g3156,705,47.38,0,
g3157,2037,38.64,0,
g3158,22459,35.54,0,
g3159,9594,36.25,0,
g316,10465,39.24,0,
g3160,4470,38.21,0,
g3161,1315,31.71,0,
g3162,4793,41.75,0,
g3163,42515,39.48,0,
g3164,5100,33.9,0,
g3165,35005,36.62,0,
g3166,2188,35.51,0,
g3167,16161,36.5,0,
g3168,1041,39.77,0,
g3169,3225,36.71,0,
g317,32621,37.69,0,
g3170,1657,35.55,0,
g3171,6312,49.57,0,
g3172,2826,42.92,0,
g3173,11690,34.91,0,
g3174,4096,32.67,0,
g3175,4379,42.09,0,
g3176,7878,39.69,0,
g3177,923,54.28,0,
g3178,546,59.89,0,
g3179,228,57.02,0,
g318,792,44.07,0,
g3180,3712,35.53,0,
g3181,49410,40.06,0,
g3182,9556,38.32,0,
g3183,615,41.14,0,
g3184,4418,36.17,0,
g3185,10369,32.44,0,
g3186,1734,34.78,0,
g3187,12660,30.9,0,
g3188,6982,34.12,0,
g3189,360,36.94,0,
g319,8318,34.6,0,
g3190,8006,33.86,0,
g3191,91355,37.27,0,
g3192,19845,39.08,0,
g3193,6996,33.08,0,
g3194,252,59.13,0,
g3195,34406,34.78,0,
g3196,31370,35.32,0,
g3197,33525,34.06,0,
g3198,15325,35.23,0,
g3199,1741,29.58,0,
g32,3505,37.46,0,
g320,20334,37.6,0,
g3200,1448,32.25,0,
g3201,288,44.79,0,
g3202,25775,36.2,0,
g3203,17641,30.59,0,
g3204,9993,35.04,0,
g3205,6328,37.64,0,
g3206,4104,33.94,0,
g3207,363,58.68,0,
g3208,6059,37.35,0,
g3209,23452,39.8,0,
g321,737,35.28,0,
g3210,42415,43.16,0,
g3211,19915,33.44,0,
g3212,4896,39.67,0,
g3213,1670,33.89,0,
g3214,1747,28.11,0,
g3215,27854,36.65,0,
g3216,2018,31.76,0,
g3217,14340,34.32,0,
g3218,8082,32.27,0,
g3219,40476,37.22,0,
g322,363,53.99,0,
g3220,3024,33.9,0,
g3221,213,61.5,0,
g3222,4427,33.57,0,
g3223,2154,38.12,0,
g3224,321,49.84,0,
g3225,3386,42.09,0,
g3226,4531,32.66,0,
g3227,3128,35.01,0,
g3228,816,44.0,0,
g3229,3044,34.36,0,
g323,11690,37.22,0,
g3230,1072,34.24,0,
g3231,1073,33.92,0,
g3232,1509,40.82,0,
g3233,372,34.68,0,
g3234,504,50.99,0,
g3235,5477,42.51,0,
g3236,414,43.24,0,
g3237,15053,33.97,0,
g3238,11767,37.24,0,
g3239,334,30.54,0,
g324,234,65.81,0,
g3240,38607,34.7,0,
g3241,130500,37.98,0,
g3242,333,65.47,0,
g3243,7782,40.02,0,
g3244,2334,49.06,0,
g3245,1295,38.07,0,
g3246,309,57.28,0,
g3247,5659,43.06,0,
g3248,288,44.79,0,
g3249,1544,39.44,0,
g325,384,35.42,0,
g3250,267,52.43,0,
g3251,495,31.11,0,
g3252,9438,32.58,0,
g3253,35955,36.86,0,
g3254,4881,31.41,0,
g3255,28283,37.35,0,
g3256,231,64.5,0,
g3257,6986,34.81,0,
g3258,8865,36.59,0,
g3259,8943,37.62,0,
g326,2545,53.4,0,
g3260,732,53.01,0,
g3261,324,60.8,0,
g3262,572,47.38,0,
g3263,441,41.27,0,
g3264,4202,43.91,0,
g3265,8235,36.0,0,
g3266,288,64.93,0,
g3267,93252,38.21,0,
g3268,204,65.69,0,
g3269,261,53.26,0,
g327,293,32.08,0,
g3270,1320,40.45,0,
g3271,16102,37.12,0,
g3272,5474,37.83,0,
g3273,330,58.79,0,
g3274,3720,45.67,0,
g3275,32630,36.99,0,
g3276,801,50.19,0,
g3277,7597,42.02,0,
g3278,318,60.69,0,
g3279,1944,36.11,0,
g328,686,33.82,0,
g3280,7173,34.41,0,
g3281,10460,44.68,0,
g3282,1434,53.49,0,
g3283,28231,37.93,0,
g3284,3567,36.56,0,
g3285,2322,32.52,0,
g3286,6456,34.15,0,
g3287,9005,32.52,0,
g3288,112299,35.82,0,
g3289,681,33.92,0,
g329,4446,33.72,0,
g3290,36836,36.43,0,
g3291,290,29.66,0,
g3292,2122,33.69,0,
g3293,16391,43.59,0,
g3294,69213,35.97,0,
g3295,39401,36.16,0,
g3296,17877,33.33,0,
g3297,46954,34.57,0,
g3298,86219,35.96,0,
g3299,27521,35.59,0,
g33,11101,38.39,0,
g330,4339,38.1,0,
g3300,1318,32.02,0,
g3301,648,37.65,0,
g3302,11475,35.63,0,
g3303,11190,31.49,0,
g3304,4239,36.71,0,
g3305,9356,33.49,0,
g3306,5038,38.81,0,
g3307,13984,36.81,0,
g3308,11809,36.06,0,
g3309,13387,37.82,0,
g331,72648,37.38,0,
g3310,7279,40.31,0,
g3311,8214,37.56,0,
g3312,808,35.52,0,
g3313,2158,36.19,0,
g3314,4966,39.27,0,
g3315,4350,39.06,0,
g3316,207,59.9,0,
g3317,3885,39.07,0,
g3318,621,73.59,0,
g3319,19035,38.58,0,
g332,13307,37.7,0,
g3320,4921,33.29,0,
g3321,1648,36.47,0,
g3322,6789,36.62,0,
g3323,30574,40.59,0,
g3324,65683,39.61,0,
g3325,3824,31.28,0,
g3326,9989,34.79,0,
g3327,1451,34.73,0,
g3328,12799,36.46,0,
g3329,3408,34.86,0,
g333,17780,39.72,0,
g3330,7478,35.99,0,
g3331,228,47.37,0,
g3332,3717,45.14,0,
g3333,261,49.04,0,
g3334,17392,38.24,0,
g3335,8433,33.83,0,
g3336,745,39.33,0,
g3337,10089,39.8,0,
g3338,1432,68.3,0,
g3339,249,63.05,0,
g334,7940,38.44,0,
g3340,5502,46.53,0,
g3341,1118,47.41,0,
g3342,360,34.44,0,
g3343,9549,35.68,0,
g3344,2280,44.96,0,
g3345,12004,37.81,0,
g3346,6587,36.89,0,
g3347,13287,33.66,0,
g3348,23470,33.69,0,
g3349,49039,37.32,0,
g335,7534,37.5,0,
g3350,57976,35.64,0,
g3351,8282,35.38,0,
g3352,464,50.0,0,
g3353,321,43.93,0,
g3354,1649,41.54,0,
g3355,3840,42.24,0,
g3356,360,52.22,0,
g3357,228,64.47,0,
g3358,222,37.39,0,
g3359,5472,32.02,0,
g336,2771,41.07,0,
g3360,9259,32.6,0,
g3361,13760,35.6,0,
g3362,1134,46.12,0,
g3363,4379,32.11,0,
g3364,1290,34.73,0,
g3365,5764,31.78,0,
g3366,536,39.18,0,
g3367,5831,33.87,0,
g3368,13001,37.1,0,
g3369,4087,33.4,0,
g337,1938,42.36,0,
g3370,6789,35.79,0,
g3371,1681,51.64,0,
g3372,855,40.94,0,
g3373,237,69.62,0,
g3374,4043,38.31,0,
g3375,22693,43.55,0,
g3376,14331,38.09,0,
g3377,6676,37.1,0,
g3378,11821,36.29,0,
g3379,17574,36.55,0,
g338,2456,41.78,0,
g3380,59901,37.37,0,
g3381,276,55.43,0,
g3382,20160,35.86,0,
g3383,4371,31.78,0,
g3384,9329,33.2,0,
g3385,339,56.34,0,
g3386,27313,37.33,0,
g3387,288,77.43,0,
g3388,1599,43.9,0,
g3389,2911,39.78,0,
g339,3551,40.33,0,
g3390,14722,33.56,0,
g3391,14593,38.82,0,
g3392,15889,36.19,0,
g3393,5614,35.95,0,
g3394,968,32.02,0,
g3395,6052,33.56,0,
g3396,6334,38.59,0,
g3397,1653,36.42,0,
g3398,4342,40.79,0,
g3399,204,57.35,0,
g34,72211,39.21,0,
g340,294,49.66,0,
g3400,14421,37.96,0,
g3401,16710,36.59,0,
g3402,24941,42.83,0,
g3403,4032,35.29,0,
g3404,1359,37.16,0,
g3405,1911,37.47,0,
g3406,237,59.07,0,
g3407,16135,36.41,0,
g3408,6471,38.26,0,
g3409,185,60.54,0,
g341,14834,39.42,0,
g3410,14341,43.54,0,
g3411,4820,34.94,0,
g3412,10291,42.91,0,
g3413,804,60.07,0,
g3414,270,64.07,0,
g3415,1167,60.07,0,
g3416,1173,56.35,0,
g3417,2675,38.69,0,
g3418,306,42.16,0,
g3419,9670,35.57,0,
g342,30363,39.69,0,
g3420,300,38.0,0,
g3421,18713,40.24,0,
g3422,10268,36.45,0,
g3423,157,71.97,0,
g3424,6747,35.93,0,
g3425,297,53.87,0,
g3426,25483,36.18,0,
g3427,507,47.93,0,
g3428,17807,32.87,0,
g3429,384,39.06,0,
g343,210,70.0,0,
g3430,17046,37.01,0,
g3431,42461,36.83,0,
g3432,32416,39.05,0,
g3433,630,65.24,0,
g3434,651,46.7,0,
g3435,19294,36.29,0,
g3436,25472,37.3,0,
g3437,12814,34.1,0,
g3438,11725,44.61,0,
g3439,486,53.09,0,
g344,39315,35.81,0,
g3440,14255,35.7,0,
g3441,12999,34.23,0,
g3442,92060,36.01,0,
g3443,5629,36.74,0,
g3444,1608,35.88,0,
g3445,1637,38.06,0,
g3446,5105,38.84,0,
g3447,363,60.06,0,
g3448,2264,37.32,0,
g3449,5761,39.32,0,
g345,1095,42.92,0,
g3450,2308,34.53,0,
g3451,9481,36.95,0,
g3452,35727,37.53,0,
g3453,3607,32.85,0,
g3454,306,57.19,0,
g3455,243,34.16,0,
g3456,13829,37.92,0,
g3457,8862,39.43,0,
g3458,15396,58.09,0,
g3459,357,56.02,0,
g346,291,52.23,0,
g3460,1401,36.76,0,
g3461,2998,30.32,0,
g3462,10536,36.86,0,
g3463,3475,34.56,0,
g3464,471,47.13,0,
g3465,6837,37.47,0,
g3466,1108,36.73,0,
g3467,16967,40.84,0,
g3468,532,48.12,0,
g3469,303,58.09,0,
g347,5757,41.34,0,
g3470,23496,38.15,0,
g3471,1812,38.36,0,
g3472,27147,37.13,0,
g3473,44137,33.01,0,
g3474,971,36.25,0,
g3475,8363,37.57,0,
g3476,6753,34.87,0,
g3477,258,50.0,0,
g3478,2970,39.63,0,
g3479,15424,32.94,0,
g348,9491,35.57,0,
g3480,426,44.84,0,
g3481,9333,34.66,0,
g3482,133024,35.72,0,
g3483,2332,34.99,0,
g3484,549,32.97,0,
g3485,21331,34.36,0,
g3486,12201,34.33,0,
g3487,11101,35.47,0,
g3488,2312,50.74,0,
g3489,6282,35.47,0,
g349,6563,38.12,0,
g3490,2921,37.35,0,
g3491,8343,36.98,0,
g3492,4393,37.9,0,
g3493,603,54.56,0,
g3494,19102,40.14,0,
g3495,9811,36.16,0,
g3496,6110,32.65,0,
g3497,16034,34.9,0,
g3498,28143,39.14,0,
g3499,888,48.2,0,
g35,17963,36.83,0,
g350,17733,36.42,0,
g3500,18669,38.53,0,
g3501,29419,36.37,0,
g3502,1149,44.04,0,
g3503,567,42.68,0,
g3504,19133,34.92,0,
g3505,3058,37.15,0,
g3506,273,48.72,0,
g3507,309,61.17,0,
g3508,13133,33.26,0,
g3509,9352,32.07,0,
g351,9451,36.27,0,
g3510,1317,39.26,0,
g3511,5916,36.46,0,
g3512,8798,36.61,0,
g3513,6009,43.3,0,
g3514,48785,35.09,0,
g3515,1621,34.55,0,
g3516,513,51.66,0,
g3517,2992,40.51,0,
g3518,282,43.26,0,
g3519,610,26.89,0,
g352,1677,32.32,0,
g3520,26811,34.47,0,
g3521,5194,34.46,0,
g3522,11684,34.99,0,
g3523,288,49.65,0,
g3524,237,78.48,0,
g3525,5338,39.19,0,
g3526,1311,34.63,0,
g3527,3322,31.34,0,
g3528,25280,35.8,0,
g3529,331,43.2,0,
g353,5015,30.79,0,
g3530,8576,32.18,0,
g3531,14735,35.32,0,
g3532,294,45.58,0,
g3533,342,41.52,0,
g3534,23433,34.67,0,
g3535,1290,41.47,0,
g3536,1083,45.98,0,
g3537,1191,48.19,0,
g3538,1110,46.04,0,
g3539,738,37.8,0,
g354,4263,29.79,0,
g3540,167,52.69,0,
g3541,1195,36.32,0,
g3542,1462,35.43,0,
g3543,11965,35.8,0,
g3544,30932,39.42,0,
g3545,608,39.97,0,
g3546,33884,35.69,0,
g3547,7779,36.14,0,
g3548,5522,37.49,0,
g3549,4496,35.63,0,
g355,7336,34.68,0,
g3550,4817,31.49,0,
g3551,333,78.08,0,
g3552,398,49.75,0,
g3553,3235,36.41,0,
g3554,21035,36.64,0,
g3555,10199,39.54,0,
g3556,18700,36.98,0,
g3557,15309,37.27,0,
g3558,23786,34.96,0,
g3559,2721,43.33,0,
g356,16804,34.76,0,
g3560,1456,32.76,0,
g3561,24545,34.9,0,
g3562,4743,35.57,0,
g3563,2177,39.87,0,
g3564,288,41.32,0,
g3565,24893,35.26,0,
g3566,2202,34.2,0,
g3567,450,43.11,0,
g3568,23284,39.77,0,
g3569,701,34.09,0,
g357,309,55.66,0,
g3570,3166,35.06,0,
g3571,21434,36.31,0,
g3572,1441,33.59,0,
g3573,7501,33.7,0,
g3574,22552,34.55,0,
g3575,7040,32.54,0,
g3576,7570,31.43,0,
g3577,4320,32.94,0,
g3578,2675,34.84,0,
g3579,20633,32.66,0,
g358,12151,42.09,0,
g3580,657,42.92,0,
g3581,5899,31.56,0,
g3582,17539,34.03,0,
g3583,1638,32.42,0,
g3584,14499,36.2,0,
g3585,9891,33.14,0,
g3586,6088,36.93,0,
g3587,2898,40.3,0,
g3588,19998,33.73,0,
g3589,6864,36.54,0,
g359,1121,34.79,0,
g3590,270,52.22,0,
g3591,1630,49.69,0,
g3592,878,44.65,0,
g3593,6696,33.6,0,
g3594,330,54.85,0,
g3595,420,57.62,0,
g3596,60538,34.61,0,
g3597,674,54.3,0,
g3598,12386,39.0,0,
g3599,22226,36.78,0,
g36,15271,39.28,0,
g360,26940,39.06,0,
g3600,4422,36.23,0,
g3601,17136,37.62,0,
g3602,831,38.27,0,
g3603,27700,34.04,0,
g3604,641,69.11,0,
g3605,294,72.79,0,
g3606,601,69.05,0,
g3607,1125,70.13,0,
g3608,652,50.46,0,
g3609,4086,44.64,0,
g361,12201,38.15,0,
g3610,7344,33.65,0,
g3611,6202,38.84,0,
g3612,246,55.28,0,
g3613,10243,34.36,0,
g3614,13082,33.77,0,
g3615,5167,40.26,0,
g3616,11822,35.25,0,
g3617,8435,36.76,0,
g3618,11724,42.74,0,
g3619,930,40.32,0,
g362,315,50.48,0,
g3620,66658,36.1,0,
g3621,24453,37.5,0,
g3622,363,52.34,0,
g3623,6178,35.19,0,
g3624,4791,38.99,0,
g3625,2397,36.21,0,
g3626,1901,32.04,0,
g3627,955,61.88,0,
g3628,201,68.66,0,
g3629,2677,43.89,0,
g363,4637,37.52,0,
g3630,1080,71.39,0,
g3631,2519,50.34,0,
g3632,264,70.45,0,
g3633,237,69.2,0,
g3634,8750,37.86,0,
g3635,18680,39.47,0,
g3636,297,57.24,0,
g3637,5759,38.41,0,
g3638,6771,37.84,0,
g3639,5163,37.28,0,
g364,1226,33.85,0,
g3640,6477,38.29,0,
g3641,17874,36.07,0,
g3642,8856,40.32,0,
g3643,25859,36.47,0,
g3644,1314,43.76,0,
g3645,258,82.95,0,
g3646,4539,40.01,0,
g3647,5474,36.13,0,
g3648,8353,36.65,0,
g3649,7784,34.37,0,
g365,999,40.04,0,
g3650,24791,36.95,0,
g3651,5563,35.99,0,
g3652,14059,34.25,0,
g3653,4948,31.43,0,
g3654,408,32.84,0,
g3655,9028,33.97,0,
g3656,626,54.63,0,
g3657,7975,40.34,0,
g3658,324,60.8,0,
g3659,3332,46.91,0,
g366,19060,39.16,0,
g3660,3385,36.93,0,
g3661,24359,33.67,0,
g3662,20072,39.77,0,
g3663,231,50.22,0,
g3664,39019,38.22,0,
g3665,14797,35.01,0,
g3666,1175,36.6,0,
g3667,6024,37.98,0,
g3668,261,56.32,0,
g3669,5418,35.42,0,
g367,25660,41.41,0,
g3670,120232,35.46,0,
g3671,3387,31.98,0,
g3672,10029,33.4,0,
g3673,4663,31.8,0,
g3674,530,28.11,0,
g3675,97410,36.56,0,
g3676,306,62.42,0,
g3677,1175,49.62,0,
g3678,39121,35.99,0,
g3679,492,33.54,0,
g368,33166,38.88,0,
g3680,444,40.32,0,
g3681,28532,36.03,0,
g3682,9725,34.51,0,
g3683,7800,35.37,0,
g3684,13241,32.11,0,
g3685,4548,36.83,0,
g3686,17914,42.2,0,
g3687,24839,35.2,0,
g3688,8096,35.6,0,
g3689,10998,35.79,0,
g369,555,61.44,0,
g3690,291,58.76,0,
g3691,264,56.06,0,
g3692,2060,38.16,0,
g3693,27919,34.9,0,
g3694,390,36.41,0,
g3695,276,52.17,0,
g3696,3802,32.77,0,
g3697,1521,53.52,0,
g3698,210,52.86,0,
g3699,16829,41.25,0,
g37,5278,29.16,0,
g370,4061,35.56,0,
g3700,1668,41.67,0,
g3701,3191,30.3,0,
g3702,22939,33.91,0,
g3703,3117,28.81,0,
g3704,2655,39.51,0,
g3705,8660,35.29,0,
g3706,7378,33.67,0,
g3707,957,52.77,0,
g3708,7047,44.03,0,
g3709,7951,34.93,0,
g371,9393,30.87,0,
g3710,1606,28.46,0,
g3711,5501,36.25,0,
g3712,1373,35.83,0,
g3713,31607,34.27,0,
g3714,459,72.33,0,
g3715,659,36.87,0,
g3716,11975,36.29,0,
g3717,3924,35.37,0,
g3718,513,44.44,0,
g3719,4766,35.5,0,
g372,6747,32.28,0,
g3720,1062,43.79,0,
g3721,7865,33.63,0,
g3722,33755,34.36,0,
g3723,16810,34.47,0,
g3724,8777,37.94,0,
g3725,7765,39.73,0,
g3726,4491,37.76,0,
g3727,6586,36.74,0,
g3728,71493,37.58,0,
g3729,45086,35.62,0,
g373,9719,35.49,0,
g3730,19085,36.2,0,
g3731,6221,33.29,0,
g3732,5849,35.92,0,
g3733,18958,33.1,0,
g3734,1056,66.0,0,
g3735,487,33.06,0,
g3736,103955,36.67,0,
g3737,8501,35.13,0,
g3738,20604,42.84,0,
g3739,318,50.94,0,
g374,5588,37.33,0,
g3740,50359,36.52,0,
g3741,6866,35.09,0,
g3742,2260,36.59,0,
g3743,1690,40.36,0,
g3744,23179,37.01,0,
g3745,3187,32.91,0,
g3746,95631,37.2,0,
g3747,19103,33.88,0,
g3748,26592,35.18,0,
g3749,996,41.67,0,
g375,38725,38.21,0,
g3750,4690,33.33,0,
g3751,13038,42.08,0,
g3752,8860,38.53,0,
g3753,466,60.73,0,
g3754,527,52.37,0,
g3755,23547,35.94,0,
g3756,342,66.96,0,
g3757,2664,37.73,0,
g3758,51317,37.35,0,
g3759,3385,31.23,0,
g376,924,38.64,0,
g3760,67098,38.12,0,
g3761,5862,39.0,0,
g3762,2677,37.5,0,
g3763,1170,56.58,0,
g3764,2394,34.21,0,
g3765,1230,53.09,0,
g3766,246,39.02,0,
g3767,852,46.83,0,
g3768,2134,35.99,0,
g3769,112111,35.49,0,
g377,553,35.62,0,
g3770,204,66.67,0,
g3771,2456,38.64,0,
g3772,49632,36.06,0,
g3773,5509,32.75,0,
g3774,906,37.97,0,
g3775,789,37.64,0,
g3776,2770,31.73,0,
g3777,10360,32.62,0,
g3778,8930,35.06,0,
g3779,23223,36.09,0,
g378,11578,33.87,0,
g3780,22205,35.72,0,
g3781,1775,39.38,0,
g3782,1537,32.73,0,
g3783,5493,36.19,0,
g3784,3681,33.93,0,
g3785,5365,33.33,0,
g3786,6532,40.85,0,
g3787,23142,37.09,0,
g3788,33277,37.08,0,
g3789,2465,47.3,0,
g379,14443,36.71,0,
g3790,1868,39.4,0,
g3791,10431,37.22,0,
g3792,4244,31.95,0,
g3793,83738,37.33,0,
g3794,6728,39.71,0,
g3795,3075,35.64,0,
g3796,918,51.53,0,
g3797,8787,34.4,0,
g3798,11439,35.96,0,
g3799,55609,36.68,0,
g38,2782,34.62,0,
g380,363,52.62,0,
g3800,2487,35.91,0,
g3801,45690,37.9,0,
g3802,16245,41.64,0,
g3803,4449,42.05,0,
g3804,4537,37.62,0,
g3805,19352,32.69,0,
g3806,19965,33.25,0,
g3807,7001,35.81,0,
g3808,5178,40.05,0,
g3809,29664,38.44,0,
g381,17706,35.99,0,
g3810,11283,35.19,0,
g3811,25643,35.81,0,
g3812,14122,35.05,0,
g3813,7254,35.81,0,
g3814,8798,34.67,0,
g3815,5997,31.83,0,
g3816,625,37.44,0,
g3817,3360,38.39,0,
g3818,9425,39.51,0,
g3819,4836,34.55,0,
g382,13077,34.44,0,
g3820,1965,35.88,0,
g3821,5881,33.17,0,
g3822,672,29.02,0,
g3823,591,38.41,0,
g3824,22408,32.98,0,
g3825,121627,37.59,0,
g3826,21664,37.27,0,
g3827,39988,38.06,0,
g3828,87179,36.36,0,
g3829,9969,35.09,0,
g383,12424,34.58,0,
g3830,7284,32.33,0,
g3831,11299,35.32,0,
g3832,1545,52.49,0,
g3833,6578,36.39,0,
g3834,267,50.56,0,
g3835,9735,33.94,0,
g3836,2174,36.52,0,
g3837,4994,48.96,0,
g3838,13668,33.95,0,
g3839,7304,36.14,0,
g384,956,31.9,0,
g3840,2814,34.79,0,
g3841,11759,33.82,0,
g3842,255,63.14,0,
g3843,324,50.93,0,
g3844,37326,36.5,0,
g3845,21213,35.63,0,
g3846,19241,33.19,0,
g3847,11759,38.95,0,
g3848,3119,37.03,0,
g3849,1122,52.58,0,
g385,27297,38.6,0,
g3850,3793,44.61,0,
g3851,4704,33.4,0,
g3852,789,44.23,0,
g3853,5506,31.51,0,
g3854,1797,39.9,0,
g3855,1993,37.33,0,
g3856,6174,32.05,0,
g3857,5249,37.66,0,
g3858,252,52.38,0,
g3859,852,50.7,0,
g386,1491,36.08,0,
g3860,678,31.71,0,
g3861,1251,39.97,0,
g3862,3616,34.46,0,
g3863,3871,31.9,0,
g3864,4584,37.74,0,
g3865,14130,34.86,0,
g3866,8197,35.32,0,
g3867,2217,39.87,0,
g3868,17227,36.7,0,
g3869,71066,36.54,0,
g387,34030,36.7,0,
g3870,303,57.43,0,
g3871,10518,39.31,0,
g3872,821,36.3,0,
g3873,1637,34.03,0,
g3874,1595,31.16,0,
g3875,3622,33.02,0,
g3876,9334,30.59,0,
g3877,30584,34.89,0,
g3878,24582,35.42,0,
g3879,23210,36.1,0,
g388,720,53.06,0,
g3880,402,42.79,0,
g3881,324,43.52,0,
g3882,22674,37.91,0,
g3883,18485,36.58,0,
g3884,46896,35.93,0,
g3885,288,38.19,0,
g3886,24704,33.9,0,
g3887,4791,41.2,0,
g3888,471,51.38,0,
g3889,23459,36.22,0,
g389,28489,35.94,0,
g3890,4744,33.45,0,
g3891,4666,39.18,0,
g3892,17613,35.3,0,
g3893,328,32.93,0,
g3894,24438,36.29,0,
g3895,6173,33.95,0,
g3896,591,45.18,0,
g3897,5265,41.94,0,
g3898,16139,33.55,0,
g3899,5816,51.0,0,
g39,650,38.15,0,
g390,24966,36.93,0,
g3900,4854,37.27,0,
g3901,5014,30.97,0,
g3902,4031,31.33,0,
g3903,6565,34.79,0,
g3904,10813,31.06,0,
g3905,6582,33.73,0,
g3906,1597,36.44,0,
g3907,12079,31.28,0,
g3908,6467,34.41,0,
g3909,21913,35.13,0,
g391,7657,36.31,0,
g3910,20563,36.91,0,
g3911,336,43.45,0,
g3912,4776,35.41,0,
g3913,366,50.0,0,
g3914,801,35.21,0,
g3915,4306,36.74,0,
g3916,396,57.58,0,
g3917,9560,37.33,0,
g3918,16068,38.5,0,
g3919,38484,36.72,0,
g392,14378,35.32,0,
g3920,6932,39.24,0,
g3921,13282,37.04,0,
g3922,16510,33.17,0,
g3923,1260,72.3,0,
g3924,559,44.36,0,
g3925,5550,36.36,0,
g3926,1278,35.92,0,
g3927,11545,33.99,0,
g3928,701,33.95,0,
g3929,52396,35.62,0,
g393,12816,36.14,0,
g3930,3791,32.45,0,
g3931,78515,36.57,0,
g3932,820,43.17,0,
g3933,7779,37.5,0,
g3934,7442,38.04,0,
g3935,2590,39.85,0,
g3936,3815,37.01,0,
g3937,408,56.37,0,
g3938,6229,35.25,0,
g3939,267,48.69,0,
g394,4192,38.05,0,
g3940,5142,36.76,0,
g3941,1155,51.08,0,
g3942,6961,36.17,0,
g3943,930,39.68,0,
g3944,3435,33.57,0,
g3945,5096,39.21,0,
g3946,11141,39.82,0,
g3947,2904,39.33,0,
g3948,429,40.56,0,
g3949,4149,30.92,0,
g395,15812,36.35,0,
g3950,19012,33.82,0,
g3951,3795,39.97,0,
g3952,20244,37.72,0,
g3953,10269,40.4,0,
g3954,8296,31.94,0,
g3955,766,34.99,0,
g3956,399,52.38,0,
g3957,7659,36.79,0,
g3958,36539,34.26,0,
g3959,618,38.03,0,
g396,7409,35.39,0,
g3960,288,40.97,0,
g3961,4446,40.73,0,
g3962,10399,36.35,0,
g3963,10803,38.96,0,
g3964,72935,39.37,0,
g3965,1246,65.65,0,
g3966,19310,38.23,0,
g3967,110679,37.44,0,
g3968,492,46.75,0,
g3969,11619,33.24,0,
g397,2374,35.34,0,
g3970,11886,32.49,0,
g3971,6829,36.1,0,
g3972,4206,30.72,0,
g3973,948,34.18,0,
g3974,8059,35.45,0,
g3975,246,57.32,0,
g3976,2271,37.43,0,
g3977,2941,42.43,0,
g3978,1982,37.84,0,
g3979,801,38.45,0,
g398,27321,37.54,0,
g3980,12569,33.59,0,
g3981,19642,37.92,0,
g3982,18365,37.54,0,
g3983,1659,37.67,0,
g3984,1236,33.66,0,
g3985,6267,36.56,0,
g3986,4070,38.53,0,
g3987,11800,35.2,0,
g3988,282,55.67,0,
g3989,1288,44.25,0,
g399,4587,36.91,0,
g3990,201,55.22,0,
g3991,35404,36.83,0,
g3992,1739,33.35,0,
g3993,87803,34.29,0,
g3994,66501,34.27,0,
g3995,10980,34.58,0,
g3996,741,42.65,0,
g3997,12143,37.54,0,
g3998,267,56.18,0,
g3999,1566,56.45,0,
g4,3812,35.73,0,
g40,375,38.67,0,
g400,19011,36.17,0,
g4000,252,62.7,0,
g4001,514,34.05,0,
g4002,38201,36.79,0,
g4003,6369,42.75,0,
g4004,93725,36.23,0,
g4005,23553,35.9,0,
g4006,2226,36.03,0,
g4007,5727,40.34,0,
g4008,19655,38.31,0,
g4009,28342,36.76,0,
g401,3801,36.52,0,
g4010,17998,37.55,0,
g4011,1116,56.36,0,
g4012,6553,33.91,0,
g4013,1882,35.76,0,
g4014,12966,33.26,0,
g4015,42544,34.11,0,
g4016,249,64.66,0,
g4017,450,62.67,0,
g4018,369,57.99,0,
g4019,396,51.26,0,
g402,4350,37.43,0,
g4020,471,47.77,0,
g4021,294,58.84,0,
g4022,258,60.85,0,
g4023,357,70.03,0,
g4024,1177,38.4,0,
g4025,9473,33.61,0,
g4026,5142,37.48,0,
g4027,9529,36.56,0,
g4028,12167,37.59,0,
g4029,45589,36.64,0,
g403,26874,35.92,0,
g4030,88953,35.85,0,
g4031,720,36.94,0,
g4032,2829,37.04,0,
g4033,8743,36.91,0,
g4034,3482,35.87,0,
g4035,8635,34.49,0,
g4036,3575,36.64,0,
g4037,2423,37.93,0,
g4038,12135,37.63,0,
g4039,207,53.62,0,
g404,26772,35.58,0,
g4040,67779,36.15,0,
g4041,1269,41.06,0,
g4042,17776,34.43,0,
g4043,1795,36.66,0,
g4044,4204,33.28,0,
g4045,23750,35.95,0,
g4046,15672,35.75,0,
g4047,13310,37.96,0,
g4048,291,54.64,0,
g4049,360,58.89,0,
g405,7019,37.51,0,
g4050,1699,34.84,0,
g4051,2633,34.18,0,
g4052,3459,35.73,0,
g4053,11782,34.55,0,
g4054,14684,35.64,0,
g4055,10309,40.12,0,
g4056,12025,39.38,0,
g4057,2943,49.44,0,
g4058,1120,32.5,0,
g4059,2911,42.49,0,
g406,5516,32.61,0,
g4060,1313,42.57,0,
g4061,387,38.5,0,
g4062,300,48.33,0,
g4063,1728,48.67,0,
g4064,408,51.72,0,
g4065,2308,45.8,0,
g4066,3726,41.73,0,
g4067,32743,36.59,0,
g4068,727,54.47,0,
g4069,1181,42.08,0,
g407,897,31.66,0,
g4070,17223,34.93,0,
g4071,2125,34.35,0,
g4072,12960,36.78,0,
g4073,15791,33.35,0,
g4074,3799,33.77,0,
g4075,6958,35.0,0,
g4076,1802,37.01,0,
g4077,2721,35.17,0,
g4078,8318,34.71,0,
g4079,13304,35.11,0,
g408,6790,38.9,0,
g4080,2725,36.22,0,
g4081,10442,35.47,0,
g4082,5770,37.68,0,
g4083,7650,34.51,0,
g4084,8595,35.17,0,
g4085,6953,38.07,0,
g4086,7725,35.38,0,
g4087,444,50.68,0,
g4088,5476,36.94,0,
g4089,1472,36.89,0,
g409,3804,48.84,0,
g4090,5667,38.12,0,
g4091,10282,38.09,0,
g4092,6392,33.68,0,
g4093,4321,32.45,0,
g4094,19996,36.6,0,
g4095,747,47.52,0,
g4096,1560,36.09,0,
g4097,294,58.84,0,
g4098,2651,34.7,0,
g4099,7558,37.76,0,
g41,54683,35.87,0,
g410,1802,47.67,0,
g4100,10330,34.03,0,
g4101,39267,38.4,0,
g4102,784,62.63,0,
g4103,13196,35.14,0,
g4104,7612,35.73,0,
g4105,35897,35.78,0,
g4106,17306,36.81,0,
g4107,294,66.67,0,
g4108,297,69.02,0,
g4109,246,81.3,0,
g411,963,66.04,0,
g4110,2064,36.29,0,
g4111,11221,34.94,0,
g4112,23991,34.22,0,
g4113,10058,41.61,0,
g4114,681,53.74,0,
g4115,6277,39.13,0,
g4116,5687,35.19,0,
g4117,12066,42.1,0,
g4118,28865,39.2,0,
g4119,14315,38.08,0,
g412,2321,36.11,0,
g4120,16310,35.82,0,
g4121,27298,36.61,0,
g4122,21413,35.67,0,
g4123,918,34.2,0,
g4124,27337,35.11,0,
g4125,11816,34.03,0,
g4126,3631,38.2,0,
g4127,8465,31.39,0,
g4128,16568,33.79,0,
g4129,9599,32.61,0,
g413,8531,38.21,0,
g4130,4414,30.24,0,
g4131,17464,34.44,0,
g4132,8468,43.52,0,
g4133,2583,32.64,0,
g4134,8989,37.31,0,
g4135,22184,35.16,0,
g4136,6907,34.73,0,
g4137,279,53.41,0,
g4138,4983,44.63,0,
g4139,513,51.66,0,
g414,48712,35.35,0,
g4140,399,55.14,0,
g4141,60340,36.89,0,
g4142,10937,38.96,0,
g4143,15597,32.7,0,
g4144,2363,44.18,0,
g4145,615,48.46,0,
g4146,13301,36.49,0,
g4147,18783,35.48,0,
g4148,2764,35.46,0,
g4149,523,42.45,0,
g415,157004,35.38,0,
g4150,294,33.67,0,
g4151,276,39.49,0,
g4152,408,37.99,0,
g4153,576,38.72,0,
g4154,9928,35.34,0,
g4155,854,32.67,0,
g4156,813,44.9,0,
g4157,10273,44.1,0,
g4158,5997,33.67,0,
g4159,124,60.48,0,
g416,20766,37.08,0,
g4160,18606,34.22,0,
g4161,2490,34.26,0,
g4162,6304,32.82,0,
g4163,6225,31.65,0,
g4164,10691,37.86,0,
g4165,63893,37.32,0,
g4166,17414,34.79,0,
g4167,23299,35.81,0,
g4168,9104,31.94,0,
g4169,38112,36.54,0,
g417,1080,48.15,0,
g4170,14427,34.7,0,
g4171,2034,28.22,0,
g4172,530,28.68,0,
g4173,5396,36.82,0,
g4174,11699,35.57,0,
g4175,10472,34.25,0,
g4176,122467,35.02,0,
g4177,4285,39.53,0,
g4178,4861,35.28,0,
g4179,17088,36.26,0,
g418,3078,42.63,0,
g4180,279,48.03,0,
g4181,1317,39.33,0,
g4182,4513,33.84,0,
g4183,602,35.38,0,
g4184,372,50.54,0,
g4185,6046,38.36,0,
g4186,26496,36.96,0,
g4187,34614,35.64,0,
g4188,5328,35.6,0,
g4189,7411,34.17,0,
g419,501,58.08,0,
g4190,1845,34.31,0,
g4191,18560,35.87,0,
g4192,3195,30.67,0,
g4193,10462,32.8,0,
g4194,7522,33.85,0,
g4195,960,38.96,0,
g4196,5816,31.76,0,
g4197,19527,42.51,0,
g4198,282,69.86,0,
g4199,1174,43.44,0,
g42,23464,35.42,0,
g420,4755,36.7,0,
g4200,1121,42.19,0,
g4201,30445,39.34,0,
g4202,321,56.7,0,
g4203,28712,35.34,0,
g4204,11294,36.89,0,
g4205,46515,37.06,0,
g4206,5053,33.45,0,
g4207,387,50.13,0,
g4208,17055,34.97,0,
g4209,1225,35.02,0,
g421,4901,40.85,0,
g4210,2162,46.3,0,
g4211,10610,33.19,0,
g4212,294,44.22,0,
g4213,291,69.07,0,
g4214,3560,34.58,0,
g4215,294,63.95,0,
g4216,5327,37.51,0,
g4217,8468,33.87,0,
g4218,7782,34.27,0,
g4219,31468,36.99,0,
g422,2080,39.47,0,
g4220,15988,34.4,0,
g4221,288,44.79,0,
g4222,9179,36.07,0,
g4223,12179,39.14,0,
g4224,34333,38.07,0,
g4225,35559,37.19,0,
g4226,13019,34.01,0,
g4227,40760,37.66,0,
g4228,8379,34.79,0,
g4229,994,39.34,0,
g423,7362,38.09,0,
g4230,33603,33.38,0,
g4231,17931,38.25,0,
g4232,294,55.44,0,
g4233,225,56.44,0,
g4234,1182,52.12,0,
g4235,273,55.31,0,
g4236,1456,35.99,0,
g4237,366,56.28,0,
g4238,31020,37.61,0,
g4239,384,61.2,0,
g424,228,51.75,0,
g4240,285,69.82,0,
g4241,28082,37.68,0,
g4242,22506,38.12,0,
g4243,2358,35.03,0,
g4244,1466,38.2,0,
g4245,13314,37.01,0,
g4246,9789,39.59,0,
g4247,5101,37.35,0,
g4248,15389,36.83,0,
g4249,12174,37.6,0,
g425,231,57.58,0,
g4250,15611,36.59,0,
g4251,7513,45.03,0,
g4252,216,52.31,0,
g4253,8456,36.36,0,
g4254,213,64.32,0,
g4255,972,40.84,0,
g4256,6514,35.66,0,
g4257,11802,35.33,0,
g4258,1080,55.37,0,
g4259,15727,36.06,0,
g426,481,49.69,0,
g4260,342,48.83,0,
g4261,17652,36.75,0,
g4262,622,36.17,0,
g4263,4328,29.11,0,
g4264,789,37.26,0,
g4265,42891,38.38,0,
g4266,22694,35.1,0,
g4267,6338,35.36,0,
g4268,13745,38.73,0,
g4269,1250,63.92,0,
g427,532,54.51,0,
g4270,20202,35.17,0,
g4271,24495,39.32,0,
g4272,29882,34.65,0,
g4273,32117,37.59,0,
g4274,2135,31.24,0,
g4275,3037,35.73,0,
g4276,3056,36.03,0,
g4277,10630,36.17,0,
g4278,7932,34.9,0,
g4279,1492,36.19,0,
g428,886,60.16,0,
g4280,642,37.85,0,
g4281,6844,33.74,0,
g4282,5190,34.47,0,
g4283,4589,32.12,0,
g4284,14822,35.62,0,
g4285,1905,32.97,0,
g4286,1257,32.3,0,
g4287,6216,39.17,0,
g4288,7659,32.86,0,
g4289,836,58.37,0,
g429,605,50.25,0,
g4290,6192,40.89,0,
g4291,3498,39.42,0,
g4292,378,47.62,0,
g4293,10304,35.63,0,
g4294,785,45.86,0,
g4295,4442,35.61,0,
g4296,739,50.61,0,
g4297,534,70.41,0,
g4298,722,50.83,0,
g4299,294,67.35,0,
g43,1645,41.16,0,
g430,519,57.42,0,
g4300,1330,46.84,0,
g4301,1330,46.84,0,
g4302,294,67.35,0,
g4303,722,50.97,0,
g4304,534,70.41,0,
g4305,3824,33.68,0,
g4306,27169,37.23,0,
g4307,10167,42.02,0,
g4308,3476,33.14,0,
g4309,12027,32.5,0,
g431,14474,37.8,0,
g4310,6703,33.18,0,
g4311,3525,38.58,0,
g4312,26734,35.75,0,
g4313,13677,23.59,0,
g4314,3842,37.01,0,
g4315,2485,35.69,0,
g4316,1959,34.56,0,
g4317,8054,33.92,0,
g4318,5786,33.03,0,
g4319,945,54.71,0,
g432,3957,46.17,0,
g4320,5324,50.23,0,
g4321,417,70.5,0,
g4322,4100,38.02,0,
g4323,540,64.44,0,
g4324,351,66.38,0,
g4325,312,63.78,0,
g4326,231,64.5,0,
g4327,9849,39.05,0,
g4328,50326,38.41,0,
g4329,273,42.86,0,
g433,1970,45.18,0,
g4330,2799,38.87,0,
g4331,2913,41.68,0,
g4332,39560,37.05,0,
g4333,276,50.72,0,
g4334,12963,38.59,0,
g4335,389,49.87,0,
g4336,79351,38.6,0,
g4337,22817,37.25,0,
g4338,4084,32.66,0,
g4339,1800,39.94,0,
g434,1810,32.32,0,
g4340,40927,37.13,0,
g4341,31133,36.36,0,
g4342,210,46.19,0,
g4343,22722,35.82,0,
g4344,27733,35.89,0,
g4345,9952,34.82,0,
g4346,10674,35.37,0,
g4347,9126,37.28,0,
g4348,282,53.55,0,
g4349,3633,52.79,0,
g435,1270,42.13,0,
g4350,1044,56.23,0,
g4351,1263,46.87,0,
g4352,36579,36.63,0,
g4353,6269,36.47,0,
g4354,1392,43.89,0,
g4355,1772,36.96,0,
g4356,1716,37.88,0,
g4357,3649,40.37,0,
g4358,3747,33.44,0,
g4359,23348,35.21,0,
g436,420,56.19,0,
g4360,14675,33.94,0,
g4361,15652,32.27,0,
g4362,969,32.61,0,
g4363,1848,33.5,0,
g4364,5304,29.51,0,
g4365,19230,34.93,0,
g4366,3694,36.82,0,
g4367,7101,33.32,0,
g4368,15302,36.81,0,
g4369,32955,37.06,0,
g437,1221,55.28,0,
g4370,252,64.29,0,
g4371,94642,35.12,0,
g4372,1231,52.15,0,
g4373,510,70.98,0,
g4374,5961,36.55,0,
g4375,1144,49.39,0,
g4376,14466,38.23,0,
g4377,4908,37.08,0,
g4378,2541,36.48,0,
g4379,9789,35.33,0,
g438,4477,34.26,0,
g4380,6247,36.75,0,
g4381,342,68.13,0,
g4382,5193,32.29,0,
g4383,4537,34.82,0,
g4384,2770,30.94,0,
g4385,6272,33.98,0,
g4386,5789,32.44,0,
g4387,1154,34.92,0,
g4388,4544,38.89,0,
g4389,41701,37.84,0,
g439,612,50.65,0,
g4390,29503,36.81,0,
g4391,1629,37.26,0,
g4392,25630,40.55,0,
g4393,28022,35.56,0,
g4394,2686,36.19,0,
g4395,438,56.39,0,
g4396,1809,55.39,0,
g4397,21684,36.88,0,
g4398,2133,41.77,0,
g4399,2117,31.74,0,
g44,996,54.22,0,
g440,4702,35.98,0,
g4400,5389,39.19,0,
g4401,2482,40.53,0,
g4402,69428,35.68,0,
g4403,15173,37.59,0,
g4404,9602,32.52,0,
g4405,20412,37.4,0,
g4406,3808,35.53,0,
g4407,40661,34.99,0,
g4408,11308,35.98,0,
g4409,222,62.16,0,
g441,5930,34.64,0,
g4410,4835,37.54,0,
g4411,15525,31.53,0,
g4412,4977,32.33,0,
g4413,14618,34.28,0,
g4414,11186,37.08,0,
g4415,12809,35.26,0,
g4416,36226,36.17,0,
g4417,5774,39.09,0,
g4418,5773,34.47,0,
g4419,1398,45.28,0,
g442,1185,37.05,0,
g4420,10071,38.76,0,
g4421,2025,36.1,0,
g4422,10963,36.67,0,
g4423,12617,33.81,0,
g4424,59866,37.89,0,
g4425,348,59.77,0,
g4426,3516,42.86,0,
g4427,2450,39.43,0,
g4428,1209,59.88,0,
g4429,8639,34.62,0,
g443,483,57.56,0,
g4430,2628,37.29,0,
g4431,2871,31.66,0,
g4432,2574,37.96,0,
g4433,2640,31.25,0,
g4434,20176,34.53,0,
g4435,4295,34.16,0,
g4436,282,65.25,0,
g4437,547,53.02,0,
g4438,5264,43.2,0,
g4439,3958,35.52,0,
g444,5053,35.58,0,
g4440,524,47.52,0,
g4441,11542,34.85,0,
g4442,462,51.73,0,
g4443,6208,37.07,0,
g4444,1175,42.98,0,
g4445,12104,39.73,0,
g4446,6567,31.99,0,
g4447,5880,32.93,0,
g4448,17281,32.58,0,
g4449,36673,39.44,0,
g445,702,36.75,0,
g4450,45842,39.09,0,
g4451,4666,37.08,0,
g4452,1317,39.86,0,
g4453,8642,34.98,0,
g4454,16416,32.44,0,
g4455,11014,36.12,0,
g4456,30027,36.66,0,
g4457,3342,29.62,0,
g4458,6864,39.13,0,
g4459,6315,37.13,0,
g446,225,60.0,0,
g4460,6447,36.89,0,
g4461,38245,36.2,0,
g4462,36585,36.65,0,
g4463,28196,37.33,0,
g4464,15671,37.89,0,
g4465,15365,33.22,0,
g4466,18033,36.78,0,
g4467,1934,38.83,0,
g4468,1681,39.44,0,
g4469,7950,37.58,0,
g447,4537,37.49,0,
g4470,2228,38.24,0,
g4471,561,48.66,0,
g4472,1474,44.23,0,
g4473,6500,49.82,0,
g4474,23026,36.09,0,
g4475,590,41.86,0,
g4476,37248,36.61,0,
g4477,456,60.09,0,
g4478,384,66.15,0,
g4479,9835,37.86,0,
g448,11804,36.8,0,
g4480,6289,31.71,0,
g4481,12173,33.87,0,
g4482,53863,35.65,0,
g4483,4788,39.43,0,
g4484,1070,43.36,0,
g4485,2121,37.06,0,
g4486,977,51.59,0,
g4487,11057,44.02,0,
g4488,14680,37.53,0,
g4489,19704,36.62,0,
g449,2251,34.34,0,
g4490,930,54.3,0,
g4491,789,44.87,0,
g4492,37030,38.31,0,
g4493,8632,35.35,0,
g4494,1682,33.77,0,
g4495,381,51.44,0,
g4496,7614,37.1,0,
g4497,6274,39.24,0,
g4498,7759,52.25,0,
g4499,4300,38.86,0,
g45,3046,42.25,0,
g450,12679,37.56,0,
g4500,6423,29.64,0,
g4501,13525,34.75,0,
g4502,1767,38.37,0,
g4503,6877,32.06,0,
g4504,24947,35.96,0,
g4505,2090,40.62,0,
g4506,18956,35.26,0,
g4507,16841,37.22,0,
g4508,6287,37.36,0,
g4509,3223,36.8,0,
g451,3162,42.16,0,
g4510,5458,38.73,0,
g4511,33449,37.35,0,
g4512,9558,39.91,0,
g4513,9238,34.73,0,
g4514,2498,36.27,0,
g4515,2009,34.1,0,
g4516,519,42.2,0,
g4517,24075,35.58,0,
g4518,4687,40.99,0,
g4519,990,70.2,0,
g452,3093,48.14,0,
g4520,588,49.49,0,
g4521,17614,38.2,0,
g4522,8503,38.02,0,
g4523,13450,36.39,0,
g4524,24527,33.41,0,
g4525,21513,36.39,0,
g4526,11794,35.16,0,
g4527,1083,39.89,0,
g4528,51859,37.09,0,
g4529,957,40.65,0,
g453,14341,36.31,0,
g4530,1032,34.21,0,
g4531,6195,36.92,0,
g4532,16310,34.58,0,
g4533,321,61.68,0,
g4534,6271,49.91,0,
g4535,20895,35.79,0,
g4536,7337,32.32,0,
g4537,3395,39.59,0,
g4538,1281,35.44,0,
g4539,1116,36.83,0,
g454,12686,36.26,0,
g4540,276,59.42,0,
g4541,4177,34.86,0,
g4542,306,41.18,0,
g4543,11318,37.1,0,
g4544,30846,36.54,0,
g4545,31787,35.59,0,
g4546,9262,32.73,0,
g4547,71416,35.47,0,
g4548,18295,33.83,0,
g4549,26481,35.92,0,
g455,5911,32.99,0,
g4550,906,33.22,0,
g4551,3583,36.45,0,
g4552,1317,39.86,0,
g4553,80393,36.13,0,
g4554,13456,33.71,0,
g4555,21410,34.49,0,
g4556,297,37.71,0,
g4557,3296,43.11,0,
g4558,5737,34.48,0,
g4559,48026,37.36,0,
g456,11686,37.01,0,
g4560,1537,36.89,0,
g4561,11727,38.0,0,
g4562,52011,35.68,0,
g4563,48766,35.5,0,
g4564,11692,36.67,0,
g4565,591,51.95,0,
g4566,258,59.69,0,
g4567,516,57.95,0,
g4568,4236,34.02,0,
g4569,28753,36.15,0,
g457,9667,36.18,0,
g4570,3665,39.62,0,
g4571,10194,33.26,0,
g4572,5760,31.06,0,
g4573,8220,33.03,0,
g4574,291,57.04,0,
g4575,5407,35.27,0,
g4576,129,48.84,0,
g4577,6266,36.32,0,
g4578,4139,33.46,0,
g4579,3569,33.37,0,
g458,17365,32.84,0,
g4580,3567,43.37,0,
g4581,10073,37.45,0,
g4582,63436,38.34,0,
g4583,1992,39.31,0,
g4584,41314,38.15,0,
g4585,3028,40.79,0,
g4586,8298,35.45,0,
g4587,399,67.17,0,
g4588,27805,37.8,0,
g4589,414,40.1,0,
g459,4859,35.17,0,
g4590,210,65.71,0,
g4591,423,60.76,0,
g4592,8362,47.64,0,
g4593,1113,36.21,0,
g4594,556,51.44,0,
g4595,4146,38.42,0,
g4596,4517,40.82,0,
g4597,12758,39.18,0,
g4598,8850,34.18,0,
g4599,11498,37.46,0,
g46,240,66.67,0,
g460,1175,35.4,0,
g4600,3373,36.79,0,
g4601,8412,33.23,0,
g4602,10953,33.72,0,
g4603,893,35.83,0,
g4604,10738,33.0,0,
g4605,15854,33.81,0,
g4606,26379,37.4,0,
g4607,3091,38.69,0,
g4608,549,43.72,0,
g4609,120393,35.8,0,
g461,2804,39.69,0,
g4610,1700,41.47,0,
g4611,3126,37.97,0,
g4612,9467,33.9,0,
g4613,4955,35.94,0,
g4614,21564,34.29,0,
g4615,492,47.97,0,
g4616,7887,33.0,0,
g4617,3501,38.27,0,
g4618,5280,37.01,0,
g4619,252,57.94,0,
g462,9332,40.08,0,
g4620,36559,34.0,0,
g4621,53216,38.21,0,
g4622,11710,36.55,0,
g4623,3163,32.82,0,
g4624,487,46.0,0,
g4625,11719,31.09,0,
g4626,1583,32.28,0,
g4627,8096,42.33,0,
g4628,8976,33.79,0,
g4629,20403,34.49,0,
g463,8966,33.76,0,
g4630,14046,38.03,0,
g4631,5383,36.04,0,
g4632,1380,33.48,0,
g4633,948,35.86,0,
g4634,249,55.42,0,
g4635,7849,43.33,0,
g4636,9782,39.07,0,
g4637,3253,33.85,0,
g4638,2115,34.04,0,
g4639,19043,34.46,0,
g464,13970,37.24,0,
g4640,109035,35.68,0,
g4641,237,51.9,0,
g4642,11098,37.24,0,
g4643,11238,39.16,0,
g4644,2559,41.31,0,
g4645,14046,33.55,0,
g4646,35374,33.76,0,
g4647,3133,32.75,0,
g4648,261,45.59,0,
g4649,2670,40.3,0,
g465,4297,36.7,0,
g4650,213,53.99,0,
g4651,450,64.67,0,
g4652,300,47.33,0,
g4653,4453,44.44,0,
g4654,3131,36.98,0,
g4655,1131,61.72,0,
g4656,1291,43.76,0,
g4657,81527,38.57,0,
g4658,10567,35.1,0,
g4659,42198,38.06,0,
g466,11139,39.2,0,
g4660,1372,33.89,0,
g4661,3246,36.6,0,
g4662,894,33.11,0,
g4663,4646,39.09,0,
g4664,7361,36.03,0,
g4665,10057,45.85,0,
g4666,14913,34.88,0,
g4667,1494,36.95,0,
g4668,19546,35.51,0,
g4669,5120,33.93,0,
g467,19725,34.75,0,
g4670,243,63.37,0,
g4671,318,36.48,0,
g4672,1278,35.99,0,
g4673,309,58.58,0,
g4674,249,67.87,0,
g4675,4473,42.61,0,
g4676,176305,38.62,0,
g4677,25828,36.34,0,
g4678,8709,33.05,0,
g4679,2265,37.57,0,
g468,23860,36.42,0,
g4680,1823,35.93,0,
g4681,5261,37.01,0,
g4682,3681,33.9,0,
g4683,27111,35.62,0,
g4684,669,45.89,0,
g4685,7811,35.42,0,
g4686,1916,33.46,0,
g4687,5007,33.57,0,
g4688,24629,35.97,0,
g4689,13013,41.5,0,
g469,30653,38.0,0,
g4690,17425,40.33,0,
g4691,1091,32.81,0,
g4692,765,48.76,0,
g4693,10553,35.63,0,
g4694,11853,34.5,0,
g4695,794,33.5,0,
g4696,26497,38.65,0,
g4697,7237,42.7,0,
g4698,1043,51.87,0,
g4699,504,68.25,0,
g47,279,57.71,0,
g470,1520,47.37,0,
g4700,26863,38.92,0,
g4701,438,78.54,0,
g4702,5358,33.56,0,
g4703,25397,41.71,0,
g4704,1474,36.97,0,
g4705,11488,36.97,0,
g4706,587,35.78,0,
g4707,11002,34.73,0,
g4708,32826,34.88,0,
g4709,48906,36.66,0,
g471,258,56.2,0,
g4710,7537,32.41,0,
g4711,5299,36.06,0,
g4712,408,49.26,0,
g4713,2303,43.64,0,
g4714,852,39.32,0,
g4715,5291,36.74,0,
g4716,1990,44.52,0,
g4717,231,50.22,0,
g4718,618,38.03,0,
g4719,10446,34.56,0,
g472,2627,39.55,0,
g4720,28252,40.34,0,
g4721,576,72.57,0,
g4722,11548,36.52,0,
g4723,10111,35.4,0,
g4724,11585,33.37,0,
g4725,6450,32.64,0,
g4726,12483,35.29,0,
g4727,30962,34.59,0,
g4728,3785,42.32,0,
g4729,5149,36.45,0,
g473,333,60.96,0,
g4730,2988,39.96,0,
g4731,1000,55.5,0,
g4732,279,68.46,0,
g4733,58648,39.16,0,
g4734,28305,36.56,0,
g4735,3589,34.27,0,
g4736,14665,33.42,0,
g4737,216,45.37,0,
g4738,27953,35.56,0,
g4739,32696,36.26,0,
g474,2682,41.61,0,
g4740,5045,31.28,0,
g4741,1070,33.55,0,
g4742,5277,33.41,0,
g4743,17446,35.65,0,
g4744,45013,36.56,0,
g4745,7857,33.26,0,
g4746,70312,35.92,0,
g4747,4112,32.08,0,
g4748,45995,38.6,0,
g4749,339,68.44,0,
g475,2230,42.91,0,
g4750,312,52.24,0,
g4751,291,57.39,0,
g4752,5980,44.73,0,
g4753,16686,38.28,0,
g4754,8549,32.04,0,
g4755,2979,33.37,0,
g4756,9121,30.36,0,
g4757,5165,40.1,0,
g4758,18120,37.72,0,
g4759,6239,40.05,0,
g476,354,52.82,0,
g4760,7290,37.91,0,
g4761,2463,36.18,0,
g4762,12031,36.76,0,
g4763,12895,36.23,0,
g4764,525,42.1,0,
g4765,2766,33.08,0,
g4766,5419,43.68,0,
g4767,14155,36.82,0,
g4768,267,58.8,0,
g4769,5308,35.15,0,
g477,3360,42.23,0,
g4770,16418,35.6,0,
g4771,19065,34.3,0,
g4772,29027,34.08,0,
g4773,6079,34.58,0,
g4774,4303,36.86,0,
g4775,7066,36.3,0,
g4776,417,45.32,0,
g4777,4830,35.65,0,
g4778,1904,35.24,0,
g4779,459,31.59,0,
g478,3661,40.21,0,
g4780,945,29.95,0,
g4781,687,53.57,0,
g4782,327,69.42,0,
g4783,3722,35.95,0,
g4784,422,36.26,0,
g4785,8543,32.33,0,
g4786,8696,38.76,0,
g4787,1289,41.82,0,
g4788,33426,39.11,0,
g4789,267,51.69,0,
g479,2479,48.25,0,
g4790,4034,39.22,0,
g4791,2547,38.48,0,
g4792,6194,33.76,0,
g4793,6869,32.6,0,
g4794,297,36.03,0,
g4795,1745,40.17,0,
g4796,294,49.66,0,
g4797,67320,36.43,0,
g4798,471,50.74,0,
g4799,417,41.73,0,
g48,9338,38.71,0,
g480,649,59.48,0,
g4800,9260,34.28,0,
g4801,3864,29.89,0,
g4802,2175,35.22,0,
g4803,23101,33.88,0,
g4804,8299,31.26,0,
g4805,12279,36.73,0,
g4806,2127,34.13,0,
g4807,432,49.77,0,
g4808,106094,36.24,0,
g4809,10800,35.54,0,
g481,3387,30.56,0,
g4810,20849,37.24,0,
g4811,1524,41.99,0,
g4812,216,49.54,0,
g4813,984,52.03,0,
g4814,5808,36.98,0,
g4815,2302,36.53,0,
g4816,27461,41.87,0,
g4817,10593,38.09,0,
g4818,2990,30.57,0,
g4819,4895,31.44,0,
g482,9728,32.57,0,
g4820,1700,31.65,0,
g4821,7431,32.7,0,
g4822,8702,36.39,0,
g4823,33282,38.67,0,
g4824,1771,49.35,0,
g4825,11575,35.46,0,
g4826,7831,36.5,0,
g4827,543,50.46,0,
g4828,5239,35.54,0,
g4829,3136,44.8,0,
g483,993,43.71,0,
g4830,2611,39.41,0,
g4831,201,65.67,0,
g4832,342,69.88,0,
g4833,12503,36.93,0,
g4834,336,61.01,0,
g4835,1080,55.74,0,
g4836,9449,41.76,0,
g4837,2394,48.83,0,
g4838,20225,35.72,0,
g4839,1482,33.54,0,
g484,1143,56.17,0,
g4840,6473,36.09,0,
g4841,5262,32.17,0,
g4842,10795,34.85,0,
g4843,48133,35.66,0,
g4844,14597,36.9,0,
g4845,2560,46.45,0,
g4846,12606,35.43,0,
g4847,1757,36.25,0,
g4848,27288,34.17,0,
g4849,1707,33.51,0,
g485,39682,39.08,0,
g4850,1367,42.5,0,
g4851,20833,38.68,0,
g4852,38710,38.66,0,
g4853,181,62.43,0,
g4854,25214,33.39,0,
g4855,1630,44.91,0,
g4856,282,58.87,0,
g4857,6878,37.37,0,
g4858,24326,37.52,0,
g4859,26150,35.85,0,
g486,20291,36.54,0,
g4860,31032,35.62,0,
g4861,5986,32.93,0,
g4862,3389,33.87,0,
g4863,318,38.05,0,
g4864,1095,42.65,0,
g4865,291,52.58,0,
g4866,5280,32.12,0,
g4867,6643,32.14,0,
g4868,81230,36.72,0,
g4869,74140,37.63,0,
g487,207,57.49,0,
g4870,339,66.08,0,
g4871,222,42.34,0,
g4872,24186,33.14,0,
g4873,49659,39.55,0,
g4874,13647,35.01,0,
g4875,37378,37.82,0,
g4876,1494,34.81,0,
g4877,1990,50.9,0,
g4878,7943,34.86,0,
g4879,43183,35.82,0,
g488,225,60.0,0,
g4880,15250,35.57,0,
g4881,12177,34.8,0,
g4882,255,61.96,0,
g4883,6271,39.18,0,
g4884,4292,36.6,0,
g4885,1768,35.12,0,
g4886,489,49.49,0,
g4887,2475,33.66,0,
g4888,1814,37.6,0,
g4889,3240,35.46,0,
g489,4240,39.91,0,
g4890,3240,35.86,0,
g4891,3238,36.6,0,
g4892,2426,32.61,0,
g4893,5664,34.9,0,
g4894,511,35.62,0,
g4895,697,33.0,0,
g4896,1928,33.97,0,
g4897,4782,39.06,0,
g4898,10445,35.65,0,
g4899,16985,38.82,0,
g49,61385,38.43,0,
g490,231,53.68,0,
g4900,16361,36.68,0,
g4901,7813,31.14,0,
g4902,5864,35.27,0,
g4903,15428,34.24,0,
g4904,2837,36.34,0,
g4905,6337,35.32,0,
g4906,540,37.59,0,
g4907,1027,35.83,0,
g4908,3255,47.68,0,
g4909,29675,36.52,0,
g491,273,61.9,0,
g4910,1030,62.33,0,
g4911,2081,41.47,0,
g4912,3013,33.82,0,
g4913,962,54.68,0,
g4914,1794,54.4,0,
g4915,23708,37.84,0,
g4916,342,47.66,0,
g4917,1923,48.73,0,
g4918,2547,42.01,0,
g4919,796,47.74,0,
g492,7049,39.81,0,
g4920,585,41.37,0,
g4921,1210,49.17,0,
g4922,19178,37.14,0,
g4923,1473,38.22,0,
g4924,15381,35.9,0,
g4925,4955,36.23,0,
g4926,2084,37.33,0,
g4927,26660,37.57,0,
g4928,297,47.14,0,
g4929,3279,35.22,0,
g493,327,56.88,0,
g4930,3849,37.05,0,
g4931,42008,38.86,0,
g4932,9757,35.36,0,
g4933,36926,40.82,0,
g4934,22889,37.06,0,
g4935,26902,37.7,0,
g4936,36699,36.56,0,
g4937,37089,36.26,0,
g4938,1706,37.81,0,
g4939,12765,33.57,0,
g494,5970,41.46,0,
g4940,18659,38.23,0,
g4941,792,42.42,0,
g4942,30131,38.66,0,
g4943,264,48.11,0,
g4944,31300,34.97,0,
g4945,4923,33.23,0,
g4946,27660,35.4,0,
g4947,65385,35.76,0,
g4948,7058,30.22,0,
g4949,8651,40.27,0,
g495,402,38.06,0,
g4950,7144,32.57,0,
g4951,4554,35.13,0,
g4952,1070,35.23,0,
g4953,360,40.56,0,
g4954,2944,35.84,0,
g4955,18601,38.38,0,
g4956,16723,35.44,0,
g4957,6786,34.26,0,
g4958,1970,34.16,0,
g4959,2949,39.4,0,
g496,765,57.52,0,
g4960,8858,35.24,0,
g4961,18573,33.89,0,
g4962,17045,33.32,0,
g4963,315,51.75,0,
g4964,53192,36.56,0,
g4965,249,67.87,0,
g4966,3608,33.62,0,
g4967,5094,34.1,0,
g4968,527,31.31,0,
g4969,2383,30.51,0,
g497,2241,39.45,0,
g4970,4953,53.91,0,
g4971,79319,34.54,0,
g4972,1537,35.78,0,
g4973,1130,34.87,0,
g4974,15878,34.83,0,
g4975,201,52.24,0,
g4976,3126,38.55,0,
g4977,81179,35.14,0,
g4978,261,60.92,0,
g4979,381,66.4,0,
g498,2535,38.58,0,
g4980,486,59.26,0,
g4981,3955,36.89,0,
g4982,41065,35.08,0,
g4983,13290,36.96,0,
g4984,12460,36.53,0,
g4985,3366,34.73,0,
g4986,693,39.97,0,
g4987,2853,37.26,0,
g4988,972,55.76,0,
g4989,12785,35.53,0,
g499,10263,32.72,0,
g4990,11491,35.82,0,
g4991,441,39.68,0,
g4992,3293,29.88,0,
g4993,9581,32.87,0,
g4994,462,47.84,0,
g4995,5805,34.94,0,
g4996,5285,33.49,0,
g4997,7412,34.4,0,
g4998,15305,33.03,0,
g4999,5920,37.4,0,
g5,7589,36.54,0,
g50,20366,41.61,0,
g500,4026,34.53,0,
g5000,2640,38.64,0,
g5001,11285,33.84,0,
g5002,246,65.85,0,
g5003,39192,37.67,0,
g5004,588,51.19,0,
g5005,321,58.88,0,
g5006,774,44.32,0,
g5007,207,76.33,0,
g5008,28757,39.12,0,
g5009,11081,31.61,0,
g501,4928,39.04,0,
g5010,4687,36.04,0,
g5011,43057,35.24,0,
g5012,4200,43.33,0,
g5013,29450,37.7,0,
g5014,9004,39.36,0,
g5015,15143,42.63,0,
g5016,15975,37.58,0,
g5017,15763,34.94,0,
g5018,4216,40.06,0,
g5019,255,49.41,0,
g502,2664,35.81,0,
g5020,558,44.27,0,
g5021,9904,36.6,0,
g5022,11207,32.36,0,
g5023,47939,36.73,0,
g5024,6215,37.28,0,
g5025,19587,36.13,0,
g5026,895,39.11,0,
g5027,26273,36.9,0,
g5028,1087,42.32,0,
g5029,16863,35.78,0,
g503,5909,34.03,0,
g5030,3285,40.94,0,
g5031,285,55.79,0,
g5032,5487,41.9,0,
g5033,34648,35.9,0,
g5034,8232,37.32,0,
g5035,86499,36.17,0,
g5036,7846,35.13,0,
g5037,2157,34.54,0,
g5038,243,44.03,0,
g5039,5379,47.57,0,
g504,14235,35.19,0,
g5040,33184,37.98,0,
g5041,3359,36.26,0,
g5042,2342,37.57,0,
g5043,18295,33.65,0,
g5044,5484,38.99,0,
g5045,17977,36.64,0,
g5046,88832,35.31,0,
g5047,15597,33.22,0,
g5048,3125,38.85,0,
g5049,1041,36.6,0,
g505,552,38.95,0,
g5050,11618,35.31,0,
g5051,32994,36.96,0,
g5052,12380,36.99,0,
g5053,5932,31.05,0,
g5054,420,72.38,0,
g5055,24750,37.5,0,
g5056,5279,36.24,0,
g5057,15407,36.54,0,
g5058,711,37.69,0,
g5059,13722,34.96,0,
g506,378,44.18,0,
g5060,551,34.48,0,
g5061,6933,31.3,0,
g5062,1706,35.87,0,
g5063,14777,36.63,0,
g5064,294,53.4,0,
g5065,51903,35.26,0,
g5066,16356,38.16,0,
g5067,1282,40.48,0,
g5068,6397,39.07,0,
g5069,6674,33.65,0,
g507,19126,37.23,0,
g5070,5928,33.59,0,
g5071,549,53.01,0,
g5072,3121,48.38,0,
g5073,288,57.99,0,
g5074,1925,38.96,0,
g5075,12221,37.24,0,
g5076,366,37.98,0,
g5077,19964,33.5,0,
g5078,19224,33.95,0,
g5079,15496,34.11,0,
g508,5467,50.81,0,
g5080,2760,36.05,0,
g5081,2695,43.15,0,
g5082,910,39.45,0,
g5083,1674,32.62,0,
g5084,8927,36.03,0,
g5085,11803,33.79,0,
g5086,558,36.74,0,
g5087,3427,38.46,0,
g5088,1428,34.1,0,
g5089,6588,40.04,0,
g509,345,56.52,0,
g5090,21698,38.83,0,
g5091,3962,40.01,0,
g5092,11924,34.07,0,
g5093,855,42.34,0,
g5094,20775,37.22,0,
g5095,704,42.9,0,
g5096,246,74.8,0,
g5097,889,38.36,0,
g5098,971,38.83,0,
g5099,3857,35.93,0,
g51,13029,33.4,0,
g510,20316,36.52,0,
g5100,18218,36.81,0,
g5101,5518,33.09,0,
g5102,41240,33.98,0,
g5103,5035,34.14,0,
g5104,10904,35.99,0,
g5105,54410,34.8,0,
g5106,2832,34.5,0,
g5107,5427,51.23,0,
g5108,4525,42.48,0,
g5109,3172,35.18,0,
g511,2399,34.01,0,
g5110,15143,33.28,0,
g5111,76562,37.59,0,
g5112,300,52.67,0,
g5113,1085,40.0,0,
g5114,20191,35.95,0,
g5115,4503,35.24,0,
g5116,23866,36.67,0,
g5117,8231,32.99,0,
g5118,4460,35.31,0,
g5119,5656,36.44,0,
g512,25366,33.58,0,
g5120,14926,36.5,0,
g5121,10927,34.68,0,
g5122,2385,30.06,0,
g5123,1080,55.74,0,
g5124,8146,42.34,0,
g5125,2394,48.79,0,
g5126,7437,37.81,0,
g5127,432,40.05,0,
g5128,2029,36.08,0,
g5129,2592,35.76,0,
g513,12006,37.4,0,
g5130,420,35.48,0,
g5131,291,58.42,0,
g5132,83263,36.41,0,
g5133,591,68.87,0,
g5134,1242,70.21,0,
g5135,3624,51.74,0,
g5136,6725,37.23,0,
g5137,7175,37.2,0,
g5138,12318,37.84,0,
g5139,4556,32.16,0,
g514,903,34.11,0,
g5140,9790,35.97,0,
g5141,213,65.73,0,
g5142,330,57.88,0,
g5143,576,52.95,0,
g5144,318,51.89,0,
g5145,2021,33.4,0,
g5146,3411,59.25,0,
g5147,726,60.47,0,
g5148,822,58.64,0,
g5149,51822,34.68,0,
g515,13774,33.98,0,
g5150,10340,36.06,0,
g5151,6680,35.0,0,
g5152,11472,34.85,0,
g5153,25447,37.98,0,
g5154,14500,37.24,0,
g5155,2796,32.94,0,
g5156,37882,35.65,0,
g5157,10393,39.21,0,
g5158,12151,36.02,0,
g5159,15005,35.99,0,
g516,5213,30.63,0,
g5160,5511,39.41,0,
g5161,41901,37.86,0,
g5162,6637,35.6,0,
g5163,12470,39.78,0,
g5164,1539,42.5,0,
g5165,307,45.6,0,
g5166,2801,34.13,0,
g5167,561,34.94,0,
g5168,8927,30.87,0,
g5169,2991,32.87,0,
g517,4335,34.67,0,
g5170,5947,35.43,0,
g5171,8241,40.08,0,
g5172,1134,49.65,0,
g5173,22405,37.17,0,
g5174,960,39.48,0,
g5175,684,38.74,0,
g5176,12712,36.91,0,
g5177,734,33.92,0,
g5178,40828,39.14,0,
g5179,4785,41.61,0,
g518,216,60.19,0,
g5180,8401,33.46,0,
g5181,43663,38.49,0,
g5182,11071,35.01,0,
g5183,15031,35.78,0,
g5184,6845,35.14,0,
g5185,5571,31.48,0,
g5186,5880,34.51,0,
g5187,1389,38.23,0,
g5188,11827,40.53,0,
g5189,2088,36.88,0,
g519,8745,35.19,0,
g5190,55033,38.14,0,
g5191,4390,29.32,0,
g5192,6823,38.47,0,
g5193,609,49.1,0,
g5194,46965,36.07,0,
g5195,4653,30.63,0,
g5196,8624,32.84,0,
g5197,12328,36.12,0,
g5198,267,55.43,0,
g5199,910,62.09,0,
g52,69597,36.99,0,
g520,261,45.59,0,
g5200,2641,35.82,0,
g5201,549,42.99,0,
g5202,342,53.51,0,
g5203,40915,35.26,0,
g5204,5732,36.62,0,
g5205,4164,34.61,0,
g5206,1110,35.86,0,
g5207,2522,40.96,0,
g5208,2636,41.16,0,
g5209,67662,36.53,0,
g521,306,55.56,0,
g5210,5217,40.08,0,
g5211,2284,33.8,0,
g5212,32835,35.46,0,
g5213,2255,40.18,0,
g5214,420,45.71,0,
g5215,462,37.88,0,
g5216,3951,37.38,0,
g5217,21239,36.8,0,
g5218,4239,39.75,0,
g5219,2316,35.66,0,
g522,513,51.66,0,
g5220,28464,35.19,0,
g5221,5626,31.19,0,
g5222,3042,37.38,0,
g5223,309,41.1,0,
g5224,41148,37.86,0,
g5225,26931,33.02,0,
g5226,6396,33.51,0,
g5227,255,70.98,0,
g5228,15153,41.23,0,
g5229,4718,34.53,0,
g523,3243,40.39,0,
g5230,14182,33.33,0,
g5231,1157,31.98,0,
g5232,774,31.78,0,
g5233,4891,34.88,0,
g5234,300,56.0,0,
g5235,480,37.08,0,
g5236,1956,39.72,0,
g5237,1362,49.78,0,
g5238,2086,46.31,0,
g5239,2799,42.34,0,
g524,2253,32.4,0,
g5240,1793,40.77,0,
g5241,5450,39.83,0,
g5242,3866,39.27,0,
g5243,1298,33.2,0,
g5244,32881,39.49,0,
g5245,5085,31.39,0,
g5246,4109,58.97,0,
g5247,4215,43.58,0,
g5248,3173,44.6,0,
g5249,4867,35.71,0,
g525,10239,36.73,0,
g5250,7142,36.64,0,
g5251,246,39.02,0,
g5252,318,60.38,0,
g5253,663,51.58,0,
g5254,1625,32.98,0,
g5255,817,36.96,0,
g5256,632,36.08,0,
g5257,846,37.23,0,
g5258,491,42.16,0,
g5259,2287,36.86,0,
g526,7324,39.02,0,
g5260,45605,36.14,0,
g5261,2744,39.91,0,
g5262,4537,35.68,0,
g5263,237,40.51,0,
g5264,1798,65.8,0,
g5265,25439,33.49,0,
g5266,3059,31.25,0,
g5267,13349,35.93,0,
g5268,4542,33.73,0,
g5269,4499,48.39,0,
g527,1756,36.9,0,
g5270,249,65.86,0,
g5271,2213,44.69,0,
g5272,2921,39.1,0,
g5273,1496,35.03,0,
g5274,1641,36.14,0,
g5275,846,43.97,0,
g5276,2454,36.76,0,
g5277,9009,37.42,0,
g5278,33091,35.61,0,
g5279,18908,37.32,0,
g528,1017,41.2,0,
g5280,10470,35.3,0,
g5281,28955,36.5,0,
g5282,14445,38.03,0,
g5283,961,42.87,0,
g5284,5110,36.18,0,
g5285,13692,39.08,0,
g5286,34684,36.36,0,
g5287,507,59.76,0,
g5288,10043,35.71,0,
g5289,5896,40.91,0,
g529,14265,35.43,0,
g5290,354,66.1,0,
g5291,14176,35.08,0,
g5292,5737,37.34,0,
g5293,13190,37.06,0,
g5294,24822,35.81,0,
g5295,3357,34.26,0,
g5296,14629,35.94,0,
g5297,25849,33.66,0,
g5298,12210,36.78,0,
g5299,463,33.91,0,
g53,6834,33.54,0,
g530,2246,38.16,0,
g5300,2380,35.8,0,
g5301,5447,38.33,0,
g5302,2111,37.66,0,
g5303,1282,33.15,0,
g5304,8001,40.68,0,
g5305,5295,36.37,0,
g5306,549,45.72,0,
g5307,375,41.33,0,
g5308,225,56.0,0,
g5309,11769,34.85,0,
g531,363,49.86,0,
g5310,9592,30.37,0,
g5311,2200,34.18,0,
g5312,625,37.44,0,
g5313,258,50.78,0,
g5314,14506,36.89,0,
g5315,2617,36.99,0,
g5316,297,70.71,0,
g5317,2542,40.48,0,
g5318,64292,39.23,0,
g5319,5598,36.1,0,
g532,377,50.93,0,
g5320,1626,43.36,0,
g5321,6829,41.6,0,
g5322,7300,34.51,0,
g5323,10935,35.19,0,
g5324,7294,34.06,0,
g5325,8747,34.91,0,
g5326,615,62.93,0,
g5327,255,58.43,0,
g5328,1808,39.44,0,
g5329,5779,35.63,0,
g533,7522,48.86,0,
g5330,13861,37.02,0,
g5331,64080,35.64,0,
g5332,204,52.94,0,
g5333,24797,38.65,0,
g5334,9911,34.03,0,
g5335,21236,35.49,0,
g5336,291,51.2,0,
g5337,1212,58.09,0,
g5338,5392,32.33,0,
g5339,468,37.18,0,
g534,273,50.18,0,
g5340,501,40.72,0,
g5341,606,41.91,0,
g5342,5856,36.94,0,
g5343,64990,38.24,0,
g5344,363,42.42,0,
g5345,14211,37.34,0,
g5346,2202,34.2,0,
g5347,45165,36.05,0,
g5348,10996,36.28,0,
g5349,6138,37.67,0,
g535,3175,31.21,0,
g5350,25924,35.23,0,
g5351,609,38.92,0,
g5352,9525,36.07,0,
g5353,11283,37.92,0,
g5354,3524,42.17,0,
g5355,2319,35.96,0,
g5356,3434,34.8,0,
g5357,9251,33.73,0,
g5358,42169,36.88,0,
g5359,2976,41.16,0,
g536,7622,36.72,0,
g5360,225,72.89,0,
g5361,17047,35.15,0,
g5362,13050,33.83,0,
g5363,18415,36.19,0,
g5364,1545,41.23,0,
g5365,1368,43.49,0,
g5366,11257,35.34,0,
g5367,711,53.45,0,
g5368,336,65.77,0,
g5369,5347,61.51,0,
g537,13794,37.55,0,
g5370,264,64.77,0,
g5371,594,61.28,0,
g5372,351,60.11,0,
g5373,708,62.43,0,
g5374,462,57.58,0,
g5375,363,32.78,0,
g5376,312,32.69,0,
g5377,17513,33.56,0,
g5378,8076,35.33,0,
g5379,4995,38.76,0,
g538,13859,34.63,0,
g5380,802,32.29,0,
g5381,43452,36.99,0,
g5382,7692,34.52,0,
g5383,6953,36.89,0,
g5384,23441,34.66,0,
g5385,7132,41.32,0,
g5386,1185,39.66,0,
g5387,1269,35.7,0,
g5388,19472,37.16,0,
g5389,14223,39.38,0,
g539,14160,34.09,0,
g5390,2062,39.33,0,
g5391,16129,35.68,0,
g5392,11593,36.21,0,
g5393,16436,36.82,0,
g5394,4491,35.09,0,
g5395,744,38.98,0,
g5396,5020,36.16,0,
g5397,3152,33.82,0,
g5398,393,32.82,0,
g5399,7113,35.92,0,
g54,332,32.23,0,
g540,13716,37.29,0,
g5400,2511,34.53,0,
g5401,4522,35.43,0,
g5402,9230,39.85,0,
g5403,726,70.11,0,
g5404,7591,34.67,0,
g5405,14885,42.12,0,
g5406,780,40.38,0,
g5407,1116,36.83,0,
g5408,41582,36.26,0,
g5409,8983,35.33,0,
g541,4744,37.16,0,
g5410,86722,39.0,0,
g5411,303,45.21,0,
g5412,19514,31.63,0,
g5413,8185,40.95,0,
g5414,3345,36.5,0,
g5415,38425,35.01,0,
g5416,10489,34.28,0,
g5417,35073,35.94,0,
g5418,23775,33.98,0,
g5419,10261,50.52,0,
g542,25435,34.91,0,
g5420,5885,35.68,0,
g5421,17331,38.65,0,
g5422,10084,39.55,0,
g5423,3702,32.52,0,
g5424,18052,42.84,0,
g5425,945,35.56,0,
g5426,16486,35.41,0,
g5427,5056,35.78,0,
g5428,261,70.11,0,
g5429,20729,33.16,0,
g543,10486,34.65,0,
g5430,1653,36.54,0,
g5431,2038,33.76,0,
g5432,19178,33.98,0,
g5433,2035,30.02,0,
g5434,4269,39.35,0,
g5435,12288,39.44,0,
g5436,28271,36.0,0,
g5437,2441,50.88,0,
g5438,26254,40.66,0,
g5439,537,30.91,0,
g544,11523,35.03,0,
g5440,14194,38.29,0,
g5441,8520,38.56,0,
g5442,2732,42.06,0,
g5443,13577,33.81,0,
g5444,7632,31.89,0,
g5445,20323,35.26,0,
g5446,5393,31.15,0,
g5447,68212,35.74,0,
g5448,1534,31.23,0,
g5449,23004,33.39,0,
g545,11764,37.34,0,
g5450,11918,32.06,0,
g5451,2220,41.22,0,
g5452,50352,35.31,0,
g5453,13969,34.15,0,
g5454,8953,35.97,0,
g5455,24966,36.61,0,
g5456,22722,36.53,0,
g5457,3608,38.17,0,
g5458,321,46.11,0,
g5459,16629,37.29,0,
g546,4174,36.82,0,
g5460,9503,35.06,0,
g5461,18084,36.23,0,
g5462,4902,42.8,0,
g5463,2202,34.2,0,
g5464,1067,44.33,0,
g5465,6913,36.68,0,
g5466,3206,36.99,0,
g5467,3893,37.3,0,
g5468,3291,39.35,0,
g5469,46564,34.98,0,
g547,14649,37.0,0,
g5470,3973,42.16,0,
g5471,9251,39.52,0,
g5472,2122,41.66,0,
g5473,900,62.33,0,
g5474,33083,41.39,0,
g5475,2172,44.24,0,
g5476,12709,36.28,0,
g5477,8215,37.48,0,
g5478,7701,30.49,0,
g5479,3509,42.38,0,
g548,16645,34.74,0,
g5480,288,59.38,0,
g5481,43826,36.16,0,
g5482,2335,38.2,0,
g5483,1640,37.8,0,
g5484,2446,35.0,0,
g5485,1679,41.16,0,
g5486,1326,40.72,0,
g5487,261,46.36,0,
g5488,4373,35.03,0,
g5489,11514,36.54,0,
g549,5513,36.13,0,
g5490,4592,40.4,0,
g5491,348,58.62,0,
g5492,1959,43.08,0,
g5493,3681,37.73,0,
g5494,7428,34.25,0,
g5495,6253,34.99,0,
g5496,516,35.66,0,
g5497,5786,36.17,0,
g5498,11679,34.26,0,
g5499,14764,33.13,0,
g55,21468,35.61,0,
g550,36676,36.09,0,
g5500,6900,33.83,0,
g5501,14398,35.62,0,
g5502,1295,48.26,0,
g5503,210,69.52,0,
g5504,127708,37.62,0,
g5505,499,51.9,0,
g5506,375,66.4,0,
g5507,15211,37.42,0,
g5508,3430,40.52,0,
g5509,7574,35.48,0,
g551,9295,42.83,0,
g5510,9385,40.5,0,
g5511,312,41.67,0,
g5512,41580,39.37,0,
g5513,4456,32.09,0,
g5514,713,36.04,0,
g5515,1470,46.6,0,
g5516,1283,33.98,0,
g5517,1806,37.71,0,
g5518,25944,39.22,0,
g5519,34464,35.88,0,
g552,462,33.77,0,
g5520,8065,31.95,0,
g5521,32657,36.68,0,
g5522,6476,46.25,0,
g5523,5500,39.2,0,
g5524,3119,36.49,0,
g5525,1723,39.64,0,
g5526,1055,48.53,0,
g5527,8998,39.73,0,
g5528,372,51.34,0,
g5529,321,57.94,0,
g553,4550,35.6,0,
g5530,231,44.59,0,
g5531,951,39.12,0,
g5532,222,47.75,0,
g5533,31736,35.53,0,
g5534,26257,39.8,0,
g5535,9390,35.7,0,
g5536,1134,44.44,0,
g5537,18447,43.28,0,
g5538,216,55.09,0,
g5539,23166,38.25,0,
g554,3037,34.71,0,
g5540,12464,37.36,0,
g5541,5611,42.06,0,
g5542,4197,40.62,0,
g5543,4863,40.82,0,
g5544,8847,36.49,0,
g5545,12761,37.58,0,
g5546,3728,35.19,0,
g5547,3572,40.68,0,
g5548,2606,31.35,0,
g5549,888,41.33,0,
g555,10161,32.41,0,
g5550,11507,43.69,0,
g5551,2611,34.89,0,
g5552,4637,33.66,0,
g5553,13890,39.04,0,
g5554,8888,42.47,0,
g5555,3688,37.72,0,
g5556,8167,37.96,0,
g5557,219,60.73,0,
g5558,555,76.22,0,
g5559,2093,36.88,0,
g556,11591,36.62,0,
g5560,2733,40.29,0,
g5561,43868,37.37,0,
g5562,2533,38.65,0,
g5563,324,46.91,0,
g5564,4806,38.47,0,
g5565,15697,37.0,0,
g5566,5732,34.4,0,
g5567,22003,34.89,0,
g5568,1485,34.55,0,
g5569,1352,47.86,0,
g557,31687,37.88,0,
g5570,5225,38.87,0,
g5571,10390,34.14,0,
g5572,83510,36.94,0,
g5573,406,61.08,0,
g5574,13893,34.28,0,
g5575,6145,35.39,0,
g5576,4300,32.02,0,
g5577,639,36.15,0,
g5578,24767,35.29,0,
g5579,8340,41.13,0,
g558,1014,34.91,0,
g5580,9816,36.62,0,
g5581,12171,36.82,0,
g5582,8685,37.36,0,
g5583,621,35.43,0,
g5584,12399,33.67,0,
g5585,23217,38.19,0,
g5586,11090,38.64,0,
g5587,1110,33.87,0,
g5588,9689,35.81,0,
g5589,3995,39.52,0,
g559,4302,39.73,0,
g5590,5304,34.09,0,
g5591,3234,38.87,0,
g5592,483,33.33,0,
g5593,291,41.92,0,
g5594,2501,28.83,0,
g5595,3780,32.59,0,
g5596,3641,48.06,0,
g5597,14719,36.21,0,
g5598,5825,30.99,0,
g5599,225,52.44,0,
g56,333,57.36,0,
g560,7243,36.44,0,
g5600,108137,36.45,0,
g5601,369,44.44,0,
g5602,3272,40.53,0,
g5603,5633,38.01,0,
g5604,1508,40.72,0,
g5605,11859,35.95,0,
g5606,1202,42.51,0,
g5607,300,35.67,0,
g5608,8960,39.81,0,
g5609,273,59.71,0,
g561,5827,33.14,0,
g5610,3240,31.42,0,
g5611,831,32.73,0,
g5612,15460,38.19,0,
g5613,11377,37.45,0,
g5614,1008,55.26,0,
g5615,4697,39.26,0,
g5616,1668,36.15,0,
g5617,530,55.47,0,
g5618,30359,35.65,0,
g5619,4819,32.31,0,
g562,2591,28.95,0,
g5620,8320,33.93,0,
g5621,11746,35.37,0,
g5622,330,39.39,0,
g5623,12329,37.8,0,
g5624,99856,36.42,0,
g5625,2502,38.17,0,
g5626,276,55.43,0,
g5627,11746,36.48,0,
g5628,7324,37.25,0,
g5629,2064,34.84,0,
g563,6672,38.43,0,
g5630,1233,35.36,0,
g5631,29025,38.05,0,
g5632,30569,37.12,0,
g5633,4338,37.02,0,
g5634,1061,38.27,0,
g5635,7651,33.64,0,
g5636,21693,38.69,0,
g5637,870,58.16,0,
g5638,33368,37.63,0,
g5639,11962,37.03,0,
g564,804,39.3,0,
g5640,7859,34.32,0,
g5641,12246,33.95,0,
g5642,105646,36.87,0,
g5643,43018,37.42,0,
g5644,16965,34.02,0,
g5645,7789,34.48,0,
g5646,1941,44.62,0,
g5647,22759,44.42,0,
g5648,23314,38.24,0,
g5649,726,47.8,0,
g565,14270,37.19,0,
g5650,729,49.38,0,
g5651,450,48.0,0,
g5652,32159,36.26,0,
g5653,846,30.14,0,
g5654,15691,38.33,0,
g5655,52076,35.41,0,
g5656,8840,31.57,0,
g5657,29898,38.85,0,
g5658,7676,33.92,0,
g5659,2613,45.77,0,
g566,11620,35.2,0,
g5660,54616,36.12,0,
g5661,6933,36.77,0,
g5662,4524,32.85,0,
g5663,27687,34.65,0,
g5664,1257,32.62,0,
g5665,1695,29.44,0,
g5666,7771,37.11,0,
g5667,14644,49.14,0,
g5668,1026,43.86,0,
g5669,7693,34.76,0,
g567,3023,41.28,0,
g5670,9900,34.75,0,
g5671,1104,50.63,0,
g5672,14792,33.45,0,
g5673,10154,37.37,0,
g5674,21516,39.65,0,
g5675,7802,37.35,0,
g5676,783,68.33,0,
g5677,35815,37.06,0,
g5678,4445,44.45,0,
g5679,11940,36.75,0,
g568,4947,35.27,0,
g5680,8224,32.68,0,
g5681,42174,38.08,0,
g5682,330,58.48,0,
g5683,41076,33.9,0,
g5684,1575,34.79,0,
g5685,2862,35.46,0,
g5686,17947,41.19,0,
g5687,2272,31.03,0,
g5688,9550,37.73,0,
g5689,6287,34.69,0,
g569,20484,35.76,0,
g5690,2371,35.98,0,
g5691,3845,31.99,0,
g5692,1209,43.34,0,
g5693,13129,37.51,0,
g5694,1343,40.88,0,
g5695,28402,35.73,0,
g5696,19813,36.17,0,
g5697,11010,41.55,0,
g5698,3068,33.05,0,
g5699,1451,31.77,0,
g57,9960,34.34,0,
g570,19443,36.82,0,
g5700,2075,37.88,0,
g5701,990,34.85,0,
g5702,518,34.75,0,
g5703,23578,37.19,0,
g5704,11746,33.97,0,
g5705,201,40.3,0,
g5706,32766,36.68,0,
g5707,6539,35.11,0,
g5708,21365,36.8,0,
g5709,5874,29.52,0,
g571,18617,37.06,0,
g5710,3607,36.68,0,
g5711,1168,54.28,0,
g5712,756,37.57,0,
g5713,15203,39.28,0,
g5714,6189,36.32,0,
g5715,7895,40.2,0,
g5716,50390,36.5,0,
g5717,28015,35.18,0,
g5718,1084,32.47,0,
g5719,8608,35.25,0,
g572,696,34.77,0,
g5720,10944,35.08,0,
g5721,4738,38.43,0,
g5722,33525,35.13,0,
g5723,50448,34.32,0,
g5724,33548,34.07,0,
g5725,10731,33.39,0,
g5726,7121,33.11,0,
g5727,2088,31.32,0,
g5728,6976,36.08,0,
g5729,36222,39.32,0,
g573,48029,37.82,0,
g5730,61561,37.33,0,
g5731,7911,41.3,0,
g5732,2095,50.02,0,
g5733,16066,35.29,0,
g5734,3809,32.79,0,
g5735,5182,37.51,0,
g5736,11241,37.82,0,
g5737,2373,33.16,0,
g5738,5323,30.34,0,
g5739,600,33.67,0,
g574,1472,36.75,0,
g5740,528,35.04,0,
g5741,1918,34.72,0,
g5742,11865,34.6,0,
g5743,89601,36.73,0,
g5744,1762,29.8,0,
g5745,420,72.38,0,
g5746,995,54.07,0,
g5747,49641,38.66,0,
g5748,7224,29.07,0,
g5749,31206,34.32,0,
g575,23344,36.34,0,
g5750,12597,36.41,0,
g5751,8311,35.41,0,
g5752,4029,37.43,0,
g5753,14247,34.14,0,
g5754,4239,36.12,0,
g5755,6031,37.26,0,
g5756,3861,40.64,0,
g5757,1489,68.23,0,
g5758,9413,40.91,0,
g5759,2340,34.57,0,
g576,19965,35.36,0,
g5760,1312,32.62,0,
g5761,3974,34.78,0,
g5762,381,31.5,0,
g5763,9751,43.42,0,
g5764,1239,37.29,0,
g5765,5130,32.51,0,
g5766,38981,41.15,0,
g5767,11325,42.57,0,
g5768,5810,35.85,0,
g5769,8039,50.18,0,
g577,7519,37.35,0,
g5770,6733,48.2,0,
g5771,45541,36.39,0,
g5772,17831,36.73,0,
g5773,24845,36.9,0,
g5774,7794,35.54,0,
g5775,5885,37.15,0,
g5776,31838,35.31,0,
g5777,13129,35.89,0,
g5778,7415,37.02,0,
g5779,2519,35.65,0,
g578,12119,34.35,0,
g5780,4687,33.62,0,
g5781,12258,34.0,0,
g5782,3370,31.28,0,
g5783,2247,31.51,0,
g5784,15440,38.04,0,
g5785,1695,33.16,0,
g5786,6222,35.5,0,
g5787,612,34.15,0,
g5788,5897,37.6,0,
g5789,1745,49.11,0,
g579,1062,34.84,0,
g5790,273,65.2,0,
g5791,2633,33.57,0,
g5792,3041,30.61,0,
g5793,1307,36.57,0,
g5794,4149,31.65,0,
g5795,4174,29.76,0,
g5796,32203,35.56,0,
g5797,1283,30.16,0,
g5798,10155,38.41,0,
g5799,6974,38.06,0,
g58,41245,34.06,0,
g580,339,55.46,0,
g5800,339,45.72,0,
g5801,2238,39.1,0,
g5802,1939,43.89,0,
g5803,225,68.89,0,
g5804,5411,33.47,0,
g5805,28513,35.22,0,
g5806,82439,35.3,0,
g5807,327,45.87,0,
g5808,1775,35.89,0,
g5809,4810,40.58,0,
g581,24080,37.85,0,
g5810,6084,39.66,0,
g5811,11928,38.6,0,
g5812,30391,35.04,0,
g5813,1386,35.57,0,
g5814,27360,36.78,0,
g5815,771,64.07,0,
g5816,285,64.56,0,
g5817,76995,35.05,0,
g5818,9059,36.35,0,
g5819,36318,35.99,0,
g582,7952,32.18,0,
g5820,84632,37.18,0,
g5821,5450,33.89,0,
g5822,1533,46.64,0,
g5823,351,53.28,0,
g5824,4813,34.88,0,
g5825,12809,39.1,0,
g5826,3919,33.35,0,
g5827,17126,35.75,0,
g5828,1058,38.09,0,
g5829,3360,37.2,0,
g583,40077,35.76,0,
g5830,2074,45.27,0,
g5831,318,55.35,0,
g5832,246,46.34,0,
g5833,1510,39.87,0,
g5834,5683,34.24,0,
g5835,10334,34.29,0,
g5836,14793,35.2,0,
g5837,3736,34.02,0,
g5838,22118,34.18,0,
g5839,4527,30.97,0,
g584,8413,38.38,0,
g5840,4032,33.75,0,
g5841,7261,43.6,0,
g5842,36337,38.23,0,
g5843,1067,52.58,0,
g5844,886,47.07,0,
g5845,17161,38.84,0,
g5846,234,66.24,0,
g5847,18031,37.48,0,
g5848,16807,37.5,0,
g5849,11297,35.66,0,
g585,1512,41.01,0,
g5850,169,48.52,0,
g5851,19207,33.43,0,
g5852,5292,37.55,0,
g5853,28026,37.26,0,
g5854,5208,38.46,0,
g5855,6100,39.54,0,
g5856,4940,40.99,0,
g5857,15031,31.94,0,
g5858,26513,38.4,0,
g5859,24274,35.83,0,
g586,8325,33.89,0,
g5860,32328,36.4,0,
g5861,4844,31.69,0,
g5862,21664,38.0,0,
g5863,1582,30.34,0,
g5864,46124,39.29,0,
g5865,8375,38.73,0,
g5866,3324,32.22,0,
g5867,13065,42.42,0,
g5868,3039,30.6,0,
g5869,14686,33.09,0,
g587,4250,39.95,0,
g5870,39993,35.12,0,
g5871,3582,32.55,0,
g5872,930,54.3,0,
g5873,15971,32.04,0,
g5874,868,57.83,0,
g5875,5007,38.85,0,
g5876,7733,36.16,0,
g5877,1817,39.3,0,
g5878,9346,36.45,0,
g5879,285,44.91,0,
g588,7049,34.53,0,
g5880,3064,36.29,0,
g5881,20122,37.7,0,
g5882,2321,32.62,0,
g5883,5347,32.67,0,
g5884,11830,36.86,0,
g5885,16036,37.81,0,
g5886,4554,39.48,0,
g5887,10520,37.84,0,
g5888,5048,36.51,0,
g5889,330,58.18,0,
g589,14772,34.74,0,
g5890,15020,37.02,0,
g5891,5811,39.27,0,
g5892,2802,38.33,0,
g5893,2394,40.1,0,
g5894,6702,36.27,0,
g5895,13813,35.05,0,
g5896,19970,40.45,0,
g5897,24078,33.84,0,
g5898,285,57.89,0,
g5899,294,42.18,0,
g59,5862,34.6,0,
g590,1095,48.31,0,
g5900,62816,38.32,0,
g5901,21954,34.73,0,
g5902,9194,33.5,0,
g5903,16818,33.84,0,
g5904,11114,34.32,0,
g5905,5238,33.91,0,
g5906,19258,36.31,0,
g5907,363,66.12,0,
g5908,5801,35.48,0,
g5909,11900,38.36,0,
g591,37648,36.04,0,
g5910,282,41.13,0,
g5911,6248,36.57,0,
g5912,13841,36.14,0,
g5913,975,61.85,0,
g5914,4896,36.89,0,
g5915,3871,37.35,0,
g5916,16570,37.02,0,
g5917,2484,36.51,0,
g5918,722,41.0,0,
g5919,3584,38.78,0,
g592,1096,41.7,0,
g5920,593,53.29,0,
g5921,3292,35.51,0,
g5922,2437,37.05,0,
g5923,3335,31.72,0,
g5924,4450,37.19,0,
g5925,4510,38.12,0,
g5926,17182,34.11,0,
g5927,29422,34.57,0,
g5928,20730,37.05,0,
g5929,22489,32.8,0,
g593,14474,36.05,0,
g5930,978,36.61,0,
g5931,2008,32.27,0,
g5932,306,56.54,0,
g5933,69266,36.21,0,
g5934,9305,34.21,0,
g5935,574,45.64,0,
g5936,16390,36.84,0,
g5937,22669,35.32,0,
g5938,2053,29.42,0,
g5939,1449,35.13,0,
g594,157,75.8,0,
g5940,8342,34.57,0,
g5941,956,32.22,0,
g5942,345,32.46,0,
g5943,960,56.25,0,
g5944,303,40.26,0,
g5945,63918,35.22,0,
g5946,909,36.41,0,
g5947,2073,32.95,0,
g5948,1364,34.75,0,
g5949,4137,36.57,0,
g595,3618,33.86,0,
g5950,1107,35.68,0,
g5951,291,47.77,0,
g5952,7378,39.98,0,
g5953,6111,37.0,0,
g5954,4399,37.1,0,
g5955,681,45.23,0,
g5956,6662,36.75,0,
g5957,5892,60.78,0,
g5958,711,41.07,0,
g5959,2823,35.74,0,
g596,8806,34.34,0,
g5960,3839,38.13,0,
g5961,10554,32.45,0,
g5962,3830,34.36,0,
g5963,333,57.66,0,
g5964,1067,51.36,0,
g5965,495,39.6,0,
g5966,37601,37.09,0,
g5967,1859,36.63,0,
g5968,4315,34.32,0,
g5969,9061,34.82,0,
g597,26648,35.62,0,
g5970,11806,48.96,0,
g5971,3199,36.42,0,
g5972,432,36.81,0,
g5973,12364,38.85,0,
g5974,3819,45.01,0,
g5975,1719,39.44,0,
g5976,7019,40.35,0,
g5977,627,38.6,0,
g5978,2505,33.37,0,
g5979,4797,38.4,0,
g598,18523,38.19,0,
g5980,3865,37.65,0,
g5981,18896,33.99,0,
g5982,6705,35.11,0,
g5983,2440,30.53,0,
g5984,8060,33.62,0,
g5985,1298,40.06,0,
g5986,3849,35.23,0,
g5987,300,56.0,0,
g5988,471,59.24,0,
g5989,17731,35.05,0,
g599,38023,34.43,0,
g5990,5718,33.21,0,
g5991,64504,35.27,0,
g5992,14774,36.23,0,
g5993,27282,38.03,0,
g5994,10181,33.88,0,
g5995,13656,37.2,0,
g5996,1566,39.53,0,
g5997,1663,36.44,0,
g5998,27667,35.44,0,
g5999,7145,38.46,0,
g6,12425,35.11,0,
g60,222,53.6,0,
g600,10590,38.7,0,
g6000,1636,39.18,0,
g6001,21123,34.98,0,
g6002,1987,39.15,0,
g6003,983,32.66,0,
g6004,201,42.29,0,
g6005,5965,36.63,0,
g6006,3785,38.68,0,
g6007,2350,38.51,0,
g6008,9517,33.11,0,
g6009,4590,36.23,0,
g601,2251,37.09,0,
g6010,225,60.89,0,
g6011,1152,48.61,0,
g6012,111851,38.72,0,
g6013,29912,35.58,0,
g6014,2142,33.43,0,
g6015,4028,53.92,0,
g6016,1107,58.18,0,
g6017,2425,57.57,0,
g6018,566,54.42,0,
g6019,5542,47.26,0,
g602,11788,33.65,0,
g6020,885,51.86,0,
g6021,519,54.91,0,
g6022,225,63.56,0,
g6023,381,55.12,0,
g6024,417,64.99,0,
g6025,3047,36.04,0,
g6026,64909,36.72,0,
g6027,7979,36.5,0,
g6028,17601,35.65,0,
g6029,94546,34.99,0,
g603,3222,29.64,0,
g6030,23682,34.9,0,
g6031,258,64.73,0,
g6032,1089,35.45,0,
g6033,2392,36.83,0,
g6034,11495,37.81,0,
g6035,20441,34.63,0,
g6036,59656,35.36,0,
g6037,1528,49.8,0,
g6038,1548,56.2,0,
g6039,219,56.62,0,
g604,7001,34.65,0,
g6040,7077,37.49,0,
g6041,6007,33.58,0,
g6042,264,73.11,0,
g6043,18197,34.51,0,
g6044,8543,34.96,0,
g6045,8192,36.77,0,
g6046,17470,36.99,0,
g6047,531,63.65,0,
g6048,43748,38.64,0,
g6049,4711,41.39,0,
g605,8654,38.41,0,
g6050,4364,36.46,0,
g6051,92287,37.05,0,
g6052,2865,38.81,0,
g6053,21048,39.91,0,
g6054,24921,35.17,0,
g6055,399,54.89,0,
g6056,917,35.88,0,
g6057,4856,37.03,0,
g6058,777,44.53,0,
g6059,5583,37.85,0,
g606,3745,36.4,0,
g6060,28479,41.39,0,
g6061,29267,35.29,0,
g6062,23367,36.14,0,
g6063,8559,38.15,0,
g6064,3165,42.15,0,
g6065,48259,36.92,0,
g6066,1155,39.22,0,
g6067,2893,32.46,0,
g6068,11639,33.96,0,
g6069,8341,34.91,0,
g607,6905,33.54,0,
g6070,23309,34.86,0,
g6071,29004,35.47,0,
g6072,11777,33.61,0,
g6073,9543,34.53,0,
g6074,12555,34.58,0,
g6075,13906,39.72,0,
g6076,2055,35.38,0,
g6077,17704,33.98,0,
g6078,3124,38.99,0,
g6079,495,50.1,0,
g608,3822,37.96,0,
g6080,2582,49.54,0,
g6081,445,30.56,0,
g6082,7024,35.66,0,
g6083,2008,37.4,0,
g6084,11617,33.27,0,
g6085,21419,37.56,0,
g6086,9592,36.01,0,
g6087,57458,37.53,0,
g6088,1218,47.7,0,
g6089,49412,37.84,0,
g609,18339,34.25,0,
g6090,12154,33.77,0,
g6091,4912,32.72,0,
g6092,1990,42.81,0,
g6093,3004,35.69,0,
g6094,9502,33.89,0,
g6095,53123,35.98,0,
g6096,13178,33.78,0,
g6097,7964,39.6,0,
g6098,5176,33.25,0,
g6099,14100,31.79,0,
g61,6465,38.62,0,
g610,6684,34.46,0,
g6100,15701,33.96,0,
g6101,12165,33.71,0,
g6102,9318,35.75,0,
g6103,29220,34.77,0,
g6104,906,47.46,0,
g6105,8511,32.65,0,
g6106,16563,35.54,0,
g6107,3015,31.08,0,
g6108,5180,35.35,0,
g6109,3398,31.11,0,
g611,3161,31.79,0,
g6110,11140,33.2,0,
g6111,8143,32.62,0,
g6112,17540,36.0,0,
g6113,65909,35.63,0,
g6114,7027,34.38,0,
g6115,2619,39.37,0,
g6116,5277,37.43,0,
g6117,75539,36.44,0,
g6118,100765,34.85,0,
g6119,114256,35.5,0,
g612,6028,29.99,0,
g6120,3160,32.44,0,
g6121,9880,38.23,0,
g6122,5793,36.87,0,
g6123,764,45.55,0,
g6124,17492,35.96,0,
g6125,5665,34.92,0,
g6126,20138,38.16,0,
g6127,2705,51.46,0,
g6128,1671,54.16,0,
g6129,711,30.24,0,
g613,3533,31.33,0,
g6130,714,34.45,0,
g6131,380,63.95,0,
g6132,4330,41.5,0,
g6133,1512,37.63,0,
g6134,16146,35.48,0,
g6135,3135,40.73,0,
g6136,11006,36.12,0,
g6137,204,68.63,0,
g6138,42023,34.03,0,
g6139,11895,35.3,0,
g614,9272,33.74,0,
g6140,17630,37.5,0,
g6141,48879,37.76,0,
g6142,18779,39.43,0,
g6143,258,49.61,0,
g6144,5683,35.84,0,
g6145,30735,36.34,0,
g6146,1667,38.93,0,
g6147,28715,40.21,0,
g6148,444,50.9,0,
g6149,249,52.61,0,
g615,363,34.44,0,
g6150,535,30.65,0,
g6151,11649,39.78,0,
g6152,2035,34.94,0,
g6153,4435,37.47,0,
g6154,51205,37.48,0,
g6155,5143,39.28,0,
g6156,52365,37.79,0,
g6157,6597,39.91,0,
g6158,28646,35.02,0,
g6159,7818,33.06,0,
g616,9655,40.18,0,
g6160,4978,32.52,0,
g6161,2532,30.02,0,
g6162,8059,31.89,0,
g6163,7412,39.67,0,
g6164,561,64.88,0,
g6165,3517,39.38,0,
g6166,27850,35.22,0,
g6167,5100,35.67,0,
g6168,12887,36.98,0,
g6169,5428,35.65,0,
g617,2198,34.3,0,
g6170,9463,38.2,0,
g6171,8562,34.52,0,
g6172,2637,35.27,0,
g6173,615,51.71,0,
g6174,495,50.1,0,
g6175,12540,35.42,0,
g6176,7994,33.29,0,
g6177,6859,34.9,0,
g6178,31126,34.34,0,
g6179,20521,37.12,0,
g618,7592,40.49,0,
g6180,24484,35.88,0,
g6181,3915,32.85,0,
g6182,753,33.86,0,
g6183,1034,34.72,0,
g6184,3905,32.27,0,
g6185,5741,32.9,0,
g6186,354,42.37,0,
g6187,9276,34.27,0,
g6188,1297,37.16,0,
g6189,6088,32.59,0,
g619,909,40.04,0,
g6190,1539,38.92,0,
g6191,7147,39.16,0,
g6192,20996,33.75,0,
g6193,11118,35.58,0,
g6194,462,49.57,0,
g6195,4621,36.01,0,
g6196,1488,42.2,0,
g6197,276,51.45,0,
g6198,978,41.21,0,
g6199,14926,35.78,0,
g62,4445,33.43,0,
g620,10037,40.9,0,
g6200,1942,36.82,0,
g6201,375,69.6,0,
g6202,39920,36.2,0,
g6203,546,59.52,0,
g6204,357,64.99,0,
g6205,11140,39.58,0,
g6206,2587,33.13,0,
g6207,12490,33.16,0,
g6208,36031,35.76,0,
g6209,27085,35.5,0,
g621,879,47.33,0,
g6210,450,37.56,0,
g6211,24324,32.94,0,
g6212,1929,36.6,0,
g6213,9876,34.19,0,
g6214,13722,36.74,0,
g6215,318,71.07,0,
g6216,3281,38.46,0,
g6217,12936,39.5,0,
g6218,22078,38.65,0,
g6219,18442,33.75,0,
g622,29967,37.06,0,
g6220,5268,36.92,0,
g6221,46650,35.34,0,
g6222,375,48.8,0,
g6223,1000,42.3,0,
g6224,9113,38.02,0,
g6225,1041,55.24,0,
g6226,14608,37.42,0,
g6227,4110,40.19,0,
g6228,1104,50.72,0,
g6229,16921,38.2,0,
g623,4781,37.82,0,
g6230,4936,30.15,0,
g6231,44306,37.65,0,
g6232,1075,40.28,0,
g6233,9556,38.13,0,
g6234,14322,39.94,0,
g6235,12949,34.1,0,
g6236,501,40.92,0,
g6237,6465,36.1,0,
g6238,12091,38.14,0,
g6239,5625,36.43,0,
g624,10695,39.41,0,
g6240,3078,44.41,0,
g6241,4034,38.13,0,
g6242,163,57.67,0,
g6243,219,60.27,0,
g6244,3794,38.53,0,
g6245,49458,34.87,0,
g6246,1554,45.11,0,
g6247,8622,31.34,0,
g6248,2151,34.68,0,
g6249,1264,33.15,0,
g625,5413,40.38,0,
g6250,252,52.78,0,
g6251,83377,36.49,0,
g6252,11250,34.76,0,
g6253,25677,34.5,0,
g6254,747,33.07,0,
g6255,9921,32.04,0,
g6256,5551,31.72,0,
g6257,8399,40.4,0,
g6258,12273,38.46,0,
g6259,3118,34.86,0,
g626,408,60.78,0,
g6260,441,39.23,0,
g6261,315,36.51,0,
g6262,273,46.89,0,
g6263,339,46.61,0,
g6264,636,37.58,0,
g6265,13388,33.41,0,
g6266,13739,35.34,0,
g6267,3909,36.38,0,
g6268,2658,34.16,0,
g6269,1795,31.09,0,
g627,651,37.33,0,
g6270,8879,37.8,0,
g6271,425,41.65,0,
g6272,4138,34.85,0,
g6273,3230,36.78,0,
g6274,6376,39.35,0,
g6275,1833,36.44,0,
g6276,1592,35.62,0,
g6277,9617,34.58,0,
g6278,16649,41.36,0,
g6279,18373,35.37,0,
g628,24746,37.57,0,
g6280,11049,37.38,0,
g6281,11025,36.86,0,
g6282,4771,35.84,0,
g6283,17846,31.33,0,
g6284,4660,39.33,0,
g6285,12280,35.44,0,
g6286,2349,31.89,0,
g6287,4867,35.3,0,
g6288,3767,30.63,0,
g6289,12459,36.95,0,
g629,6043,33.74,0,
g6290,7574,35.12,0,
g6291,10031,34.45,0,
g6292,19896,36.93,0,
g6293,12473,32.86,0,
g6294,54550,35.86,0,
g6295,3026,40.75,0,
g6296,966,48.14,0,
g6297,501,42.12,0,
g6298,12438,34.89,0,
g6299,23568,35.03,0,
g63,15099,36.47,0,
g630,4065,31.09,0,
g6300,2180,33.67,0,
g6301,2176,33.96,0,
g6302,369,49.86,0,
g6303,261,55.56,0,
g6304,861,52.96,0,
g6305,612,38.4,0,
g6306,51681,36.71,0,
g6307,252,41.27,0,
g6308,246,58.13,0,
g6309,7485,35.85,0,
g631,5136,31.83,0,
g6310,7152,34.34,0,
g6311,9877,36.72,0,
g6312,1177,37.13,0,
g6313,318,59.75,0,
g6314,5251,36.85,0,
g6315,747,28.38,0,
g6316,35420,36.75,0,
g6317,1218,42.36,0,
g6318,2637,38.91,0,
g6319,105073,35.78,0,
g632,832,35.7,0,
g6320,249,58.63,0,
g6321,10676,36.56,0,
g6322,19578,40.77,0,
g6323,1855,48.14,0,
g6324,103695,36.31,0,
g6325,7748,38.45,0,
g6326,14017,36.49,0,
g6327,4479,34.38,0,
g6328,11841,40.6,0,
g6329,339,63.42,0,
g633,38547,33.57,0,
g6330,6422,41.36,0,
g6331,9270,39.58,0,
g6332,5161,32.67,0,
g6333,357,49.3,0,
g6334,438,52.05,0,
g6335,13735,39.35,0,
g6336,39315,35.79,0,
g6337,1042,38.58,0,
g6338,25218,34.74,0,
g6339,201,39.3,0,
g634,2963,34.56,0,
g6340,4317,42.65,0,
g6341,25216,35.0,0,
g6342,1987,41.87,0,
g6343,549,43.35,0,
g6344,20085,34.08,0,
g6345,35258,38.9,0,
g6346,5448,43.08,0,
g6347,2300,38.83,0,
g6348,4411,36.05,0,
g6349,267,70.79,0,
g635,10428,34.58,0,
g6350,834,62.59,0,
g6351,504,37.7,0,
g6352,7672,35.18,0,
g6353,705,44.96,0,
g6354,12576,35.58,0,
g6355,7720,36.11,0,
g6356,21100,33.51,0,
g6357,25663,36.16,0,
g6358,63521,36.93,0,
g6359,22242,35.17,0,
g636,416,36.78,0,
g6360,270,57.78,0,
g6361,785,36.43,0,
g6362,18358,39.38,0,
g6363,21016,36.1,0,
g6364,9132,35.74,0,
g6365,9779,33.8,0,
g6366,7166,35.15,0,
g6367,16958,33.74,0,
g6368,294,62.93,0,
g6369,4680,42.88,0,
g637,5952,32.44,0,
g6370,7445,37.34,0,
g6371,456,62.94,0,
g6372,18315,36.64,0,
g6373,3155,44.82,0,
g6374,4659,40.55,0,
g6375,3053,37.34,0,
g6376,34875,37.07,0,
g6377,15280,33.92,0,
g6378,435,37.24,0,
g6379,4378,41.27,0,
g638,3364,35.2,0,
g6380,288,41.67,0,
g6381,249,63.45,0,
g6382,3672,30.23,0,
g6383,601,39.93,0,
g6384,13914,33.71,0,
g6385,1028,42.02,0,
g6386,29490,35.68,0,
g6387,18171,34.62,0,
g6388,7353,34.53,0,
g6389,16674,35.2,0,
g639,3179,31.8,0,
g6390,23246,35.8,0,
g6391,699,38.34,0,
g6392,205585,35.86,0,
g6393,935,40.21,0,
g6394,6054,37.99,0,
g6395,5027,34.04,0,
g6396,3247,33.91,0,
g6397,9593,36.09,0,
g6398,13934,32.49,0,
g6399,38325,32.45,0,
g64,2104,34.74,0,
g640,2466,32.77,0,
g6400,34651,36.16,0,
g6401,3110,29.74,0,
g6402,3487,30.63,0,
g6403,69283,37.17,0,
g6404,5659,37.07,0,
g6405,19004,36.22,0,
g6406,2134,35.94,0,
g6407,405,48.15,0,
g6408,33147,36.29,0,
g6409,7408,36.69,0,
g641,13492,33.42,0,
g6410,7189,40.7,0,
g6411,5016,38.46,0,
g6412,2105,39.95,0,
g6413,342,66.67,0,
g6414,471,37.58,0,
g6415,44019,35.77,0,
g6416,1588,27.02,0,
g6417,3451,29.61,0,
g6418,1238,34.65,0,
g6419,29985,38.2,0,
g642,33236,39.79,0,
g6420,10904,33.33,0,
g6421,10563,35.34,0,
g6422,4617,34.11,0,
g6423,11684,31.3,0,
g6424,20118,37.05,0,
g6425,297,52.19,0,
g6426,19947,36.86,0,
g6427,312,41.99,0,
g6428,13561,44.38,0,
g6429,2467,42.4,0,
g643,43254,37.3,0,
g6430,2639,47.67,0,
g6431,711,36.71,0,
g6432,18120,36.01,0,
g6433,3132,37.96,0,
g6434,53639,37.06,0,
g6435,288,44.79,0,
g6436,1974,35.71,0,
g6437,1342,40.98,0,
g6438,196,65.82,0,
g6439,1328,32.61,0,
g644,345,48.41,0,
g6440,9927,34.58,0,
g6441,584,36.13,0,
g6442,12639,35.39,0,
g6443,31121,36.42,0,
g6444,10711,38.49,0,
g6445,2436,41.38,0,
g6446,2037,38.78,0,
g6447,1476,52.98,0,
g6448,417,45.32,0,
g6449,834,50.6,0,
g645,40534,38.52,0,
g6450,471,51.38,0,
g6451,722,42.24,0,
g6452,4064,41.36,0,
g6453,336,56.55,0,
g6454,7008,35.83,0,
g6455,14532,34.72,0,
g6456,4481,36.38,0,
g6457,29368,38.47,0,
g6458,5265,36.11,0,
g6459,30401,34.56,0,
g646,2816,31.14,0,
g6460,9317,36.31,0,
g6461,510,37.25,0,
g6462,8176,38.58,0,
g6463,17258,35.96,0,
g6464,10471,36.2,0,
g6465,3282,35.01,0,
g6466,27639,36.43,0,
g6467,7553,43.02,0,
g6468,8915,35.4,0,
g6469,13269,39.27,0,
g647,14014,36.14,0,
g6470,13952,36.62,0,
g6471,3002,42.17,0,
g6472,11780,33.94,0,
g6473,11628,39.44,0,
g6474,13705,37.72,0,
g6475,13981,36.84,0,
g6476,6475,33.28,0,
g6477,291,53.26,0,
g6478,375,60.0,0,
g6479,270,57.04,0,
g648,6884,32.71,0,
g6480,300,55.33,0,
g6481,24468,40.42,0,
g6482,43307,35.64,0,
g6483,2417,32.31,0,
g6484,8117,34.62,0,
g6485,6763,36.06,0,
g6486,11262,36.18,0,
g6487,4029,35.74,0,
g6488,7520,37.35,0,
g6489,330,57.88,0,
g649,1934,31.33,0,
g6490,2465,41.58,0,
g6491,6325,38.31,0,
g6492,1515,56.96,0,
g6493,5241,45.07,0,
g6494,67731,39.41,0,
g6495,1021,43.1,0,
g6496,862,41.53,0,
g6497,1252,58.55,0,
g6498,3021,38.86,0,
g6499,8756,32.16,0,
g65,1231,53.05,0,
g650,24991,35.79,0,
g6500,13685,34.8,0,
g6501,1821,35.58,0,
g6502,5789,35.88,0,
g6503,4294,33.51,0,
g6504,404,40.1,0,
g6505,1455,31.96,0,
g6506,3264,33.95,0,
g6507,1884,36.94,0,
g6508,390,33.85,0,
g6509,5343,35.34,0,
g651,5700,42.74,0,
g6510,10654,35.55,0,
g6511,2769,34.67,0,
g6512,28149,34.56,0,
g6513,144031,35.4,0,
g6514,8765,36.14,0,
g6515,5258,33.64,0,
g6516,655,50.38,0,
g6517,1257,45.51,0,
g6518,26974,33.25,0,
g6519,6564,34.34,0,
g652,372,59.41,0,
g6520,276,57.97,0,
g6521,14709,33.17,0,
g6522,7163,37.58,0,
g6523,2823,45.02,0,
g6524,1951,36.24,0,
g6525,5228,38.2,0,
g6526,963,39.77,0,
g6527,10111,36.11,0,
g6528,5226,35.25,0,
g6529,8410,36.86,0,
g653,6493,39.33,0,
g6530,12795,36.55,0,
g6531,3365,34.41,0,
g6532,396,53.54,0,
g6533,4237,34.32,0,
g6534,8415,34.84,0,
g6535,10173,33.86,0,
g6536,986,48.88,0,
g6537,354,66.1,0,
g6538,362,53.87,0,
g6539,4126,41.93,0,
g654,4428,32.14,0,
g6540,1022,42.95,0,
g6541,279,63.08,0,
g6542,1235,54.25,0,
g6543,558,55.2,0,
g6544,27649,34.56,0,
g6545,10548,34.27,0,
g6546,65083,36.74,0,
g6547,8376,38.26,0,
g6548,10309,36.64,0,
g6549,2606,40.06,0,
g655,10987,34.12,0,
g6550,14377,33.53,0,
g6551,243938,35.65,0,
g6552,3010,34.12,0,
g6553,26567,36.33,0,
g6554,5080,38.11,0,
g6555,408,41.42,0,
g6556,17657,36.08,0,
g6557,8467,32.94,0,
g6558,7931,35.9,0,
g6559,9637,33.33,0,
g656,1644,37.04,0,
g6560,3891,36.31,0,
g6561,6309,32.21,0,
g6562,6373,33.36,0,
g6563,5959,33.63,0,
g6564,77862,36.38,0,
g6565,2242,36.08,0,
g6566,4533,36.09,0,
g6567,4278,35.88,0,
g6568,294,64.63,0,
g6569,1614,35.87,0,
g657,213,65.26,0,
g6570,3867,33.62,0,
g6571,51077,34.31,0,
g6572,38245,32.1,0,
g6573,34334,36.44,0,
g6574,2621,35.94,0,
g6575,1616,38.92,0,
g6576,698,38.68,0,
g6577,22342,38.38,0,
g6578,429,38.23,0,
g6579,5377,35.41,0,
g658,1133,52.16,0,
g6580,5610,41.78,0,
g6581,17221,37.21,0,
g6582,25372,32.63,0,
g6583,6843,32.69,0,
g6584,7911,50.49,0,
g6585,3879,34.85,0,
g6586,13711,33.22,0,
g6587,11068,36.19,0,
g6588,1476,33.47,0,
g6589,1817,33.74,0,
g659,381,69.03,0,
g6590,2845,33.32,0,
g6591,1877,30.9,0,
g6592,3591,36.42,0,
g6593,6098,34.67,0,
g6594,28480,37.41,0,
g6595,10175,34.08,0,
g6596,4380,35.32,0,
g6597,18892,45.43,0,
g6598,11419,44.4,0,
g6599,414,47.34,0,
g66,246,39.02,0,
g660,9517,40.93,0,
g6600,5762,34.71,0,
g6601,456,51.97,0,
g6602,2439,35.59,0,
g6603,1897,29.78,0,
g6604,324,40.43,0,
g6605,11589,34.75,0,
g6606,6481,37.14,0,
g6607,10120,36.26,0,
g6608,4413,37.0,0,
g6609,41348,36.89,0,
g661,21686,34.1,0,
g6610,51907,39.7,0,
g6611,7274,38.69,0,
g6612,360,37.78,0,
g6613,9927,33.76,0,
g6614,12849,35.61,0,
g6615,7111,36.11,0,
g6616,27759,37.01,0,
g6617,2333,32.75,0,
g6618,16443,35.72,0,
g6619,10287,36.58,0,
g662,31384,37.11,0,
g6620,16027,36.15,0,
g6621,9325,34.76,0,
g6622,2376,33.42,0,
g6623,17817,36.22,0,
g6624,300,51.0,0,
g6625,20221,43.7,0,
g6626,9112,41.22,0,
g6627,441,63.04,0,
g6628,3787,36.78,0,
g6629,1475,39.86,0,
g663,3062,32.92,0,
g6630,4485,40.71,0,
g6631,249,71.08,0,
g6632,2087,36.56,0,
g6633,20589,39.14,0,
g6634,18173,35.29,0,
g6635,2154,45.68,0,
g6636,282,59.57,0,
g6637,2205,53.06,0,
g6638,900,56.11,0,
g6639,1901,34.4,0,
g664,939,39.4,0,
g6640,5750,40.52,0,
g6641,11448,35.8,0,
g6642,279,30.11,0,
g6643,5843,40.17,0,
g6644,222,42.34,0,
g6645,5004,33.69,0,
g6646,18002,36.17,0,
g6647,2866,38.94,0,
g6648,1122,36.63,0,
g6649,8370,36.57,0,
g665,1977,43.15,0,
g6650,15956,41.82,0,
g6651,16395,35.18,0,
g6652,10315,38.16,0,
g6653,14740,37.88,0,
g6654,294,60.2,0,
g6655,3045,42.27,0,
g6656,1824,39.14,0,
g6657,1881,39.13,0,
g6658,24395,34.96,0,
g6659,4346,35.14,0,
g666,2813,37.36,0,
g6660,279,36.56,0,
g6661,5566,35.72,0,
g6662,315,41.9,0,
g6663,13299,37.04,0,
g6664,804,43.03,0,
g6665,750,45.2,0,
g6666,1238,46.93,0,
g6667,24548,34.89,0,
g6668,61654,35.24,0,
g6669,369,61.52,0,
g667,2145,39.02,0,
g6670,7117,36.67,0,
g6671,20509,35.84,0,
g6672,312,61.86,0,
g6673,13233,37.08,0,
g6674,255,54.51,0,
g6675,1394,43.83,0,
g6676,23068,39.79,0,
g6677,34533,34.76,0,
g6678,1460,38.42,0,
g6679,62813,38.77,0,
g668,31016,35.78,0,
g6680,427,29.74,0,
g6681,2300,34.13,0,
g6682,11575,41.66,0,
g6683,15425,33.91,0,
g6684,1837,33.81,0,
g6685,4631,32.87,0,
g6686,315,69.84,0,
g6687,360,74.72,0,
g6688,7356,33.08,0,
g6689,4988,35.18,0,
g669,20929,34.3,0,
g6690,9258,41.9,0,
g6691,8591,32.05,0,
g6692,4923,33.46,0,
g6693,16345,32.59,0,
g6694,15426,32.65,0,
g6695,7327,34.31,0,
g6696,5584,31.54,0,
g6697,2539,36.2,0,
g6698,12120,35.96,0,
g6699,243,67.49,0,
g67,898,34.63,0,
g670,483,47.83,0,
g6700,28289,37.13,0,
g6701,4543,32.56,0,
g6702,20354,36.42,0,
g6703,19315,34.06,0,
g6704,17555,35.53,0,
g6705,16308,33.91,0,
g6706,985,35.74,0,
g6707,3957,33.59,0,
g6708,11818,36.26,0,
g6709,656,50.15,0,
g671,39471,36.77,0,
g6710,1257,45.51,0,
g6711,11519,33.16,0,
g6712,4808,33.44,0,
g6713,9750,34.5,0,
g6714,285,40.35,0,
g6715,1070,34.95,0,
g6716,1072,34.89,0,
g6717,1995,36.14,0,
g6718,693,32.47,0,
g6719,417,36.69,0,
g672,18154,33.6,0,
g6720,1116,39.07,0,
g6721,222,56.76,0,
g6722,10700,34.89,0,
g6723,300,55.33,0,
g6724,2098,34.22,0,
g6725,10254,36.81,0,
g6726,17680,35.48,0,
g6727,6094,35.13,0,
g6728,30791,35.12,0,
g6729,957,42.11,0,
g673,810,33.58,0,
g6730,7170,35.56,0,
g6731,378,44.44,0,
g6732,6355,38.03,0,
g6733,24865,38.25,0,
g6734,3997,34.1,0,
g6735,32338,34.71,0,
g6736,4726,37.75,0,
g6737,2724,33.26,0,
g6738,17495,35.84,0,
g6739,3052,34.37,0,
g674,4629,32.23,0,
g6740,2657,41.17,0,
g6741,4281,43.89,0,
g6742,2773,34.29,0,
g6743,9297,39.64,0,
g6744,411,40.39,0,
g6745,4333,34.62,0,
g6746,678,37.02,0,
g6747,903,36.88,0,
g6748,10759,36.69,0,
g6749,1213,43.53,0,
g675,330,58.48,0,
g6750,13708,34.46,0,
g6751,12062,36.07,0,
g6752,3464,33.08,0,
g6753,14693,37.28,0,
g6754,16860,35.74,0,
g6755,50463,35.4,0,
g6756,858,47.44,0,
g6757,117838,36.82,0,
g6758,2480,35.56,0,
g6759,273,51.28,0,
g676,917,35.99,0,
g6760,5498,35.9,0,
g6761,10631,32.36,0,
g6762,15340,36.09,0,
g6763,10547,38.95,0,
g6764,95215,37.05,0,
g6765,300,74.33,0,
g6766,201,59.2,0,
g6767,282,62.41,0,
g6768,4990,32.4,0,
g6769,6380,39.14,0,
g677,4008,38.05,0,
g6770,22398,36.62,0,
g6771,14015,38.56,0,
g6772,18870,36.47,0,
g6773,13196,32.65,0,
g6774,7255,32.98,0,
g6775,8304,33.67,0,
g6776,45550,35.05,0,
g6777,27568,35.61,0,
g6778,14835,39.33,0,
g6779,52889,37.17,0,
g678,13938,35.23,0,
g6780,285,58.25,0,
g6781,237,58.65,0,
g6782,4271,36.9,0,
g6783,576,52.08,0,
g6784,372,53.23,0,
g6785,52984,38.42,0,
g6786,432,67.13,0,
g6787,4803,38.31,0,
g6788,7777,32.6,0,
g6789,7564,33.95,0,
g679,18854,36.38,0,
g6790,22278,34.29,0,
g6791,285,58.95,0,
g6792,4880,53.85,0,
g6793,7076,37.54,0,
g6794,14123,33.65,0,
g6795,3050,33.02,0,
g6796,30077,37.24,0,
g6797,20821,39.76,0,
g6798,2903,28.9,0,
g6799,5177,35.45,0,
g68,360,68.89,0,
g680,1067,44.33,0,
g6800,1020,49.9,0,
g6801,16816,37.64,0,
g6802,8284,37.3,0,
g6803,1852,33.59,0,
g6804,8952,37.76,0,
g6805,2640,33.75,0,
g6806,4966,35.64,0,
g6807,23914,35.47,0,
g6808,8617,35.6,0,
g6809,408,45.1,0,
g681,306,54.58,0,
g6810,13118,36.37,0,
g6811,818,41.2,0,
g6812,1693,40.28,0,
g6813,1456,42.93,0,
g6814,1093,39.16,0,
g6815,746,43.57,0,
g6816,636,37.11,0,
g6817,14262,34.13,0,
g6818,11305,32.59,0,
g6819,30630,33.9,0,
g682,4029,42.19,0,
g6820,899,35.93,0,
g6821,4052,32.77,0,
g6822,16100,40.35,0,
g6823,661,47.35,0,
g6824,1239,41.08,0,
g6825,2008,52.04,0,
g6826,234,56.84,0,
g6827,3617,38.62,0,
g6828,26785,37.85,0,
g6829,9337,38.95,0,
g683,537,54.19,0,
g6830,69831,35.77,0,
g6831,5265,31.87,0,
g6832,3988,30.67,0,
g6833,1474,45.32,0,
g6834,2805,38.15,0,
g6835,639,37.87,0,
g6836,6007,31.75,0,
g6837,693,33.91,0,
g6838,2826,40.09,0,
g6839,774,37.34,0,
g684,378,38.89,0,
g6840,354,66.38,0,
g6841,20394,34.83,0,
g6842,57552,36.08,0,
g6843,1694,42.8,0,
g6844,3654,40.48,0,
g6845,58512,35.07,0,
g6846,3631,32.33,0,
g6847,20129,31.18,0,
g6848,6443,33.01,0,
g6849,9803,32.8,0,
g685,26871,33.09,0,
g6850,5954,33.44,0,
g6851,6614,38.28,0,
g6852,16542,34.69,0,
g6853,7484,32.32,0,
g6854,333,33.63,0,
g6855,21484,36.06,0,
g6856,28692,35.84,0,
g6857,6822,32.85,0,
g6858,6602,32.41,0,
g6859,9845,32.38,0,
g686,8640,38.73,0,
g6860,496,43.35,0,
g6861,17950,34.44,0,
g6862,9636,34.5,0,
g6863,1420,49.3,0,
g6864,43278,36.68,0,
g6865,7133,52.68,0,
g6866,1562,28.81,0,
g6867,12541,35.55,0,
g6868,249,36.14,0,
g6869,10218,36.77,0,
g687,24529,35.2,0,
g6870,5415,39.17,0,
g6871,17593,33.16,0,
g6872,9189,40.66,0,
g6873,3710,38.01,0,
g6874,3986,37.08,0,
g6875,4217,47.07,0,
g6876,2092,38.58,0,
g6877,1966,35.76,0,
g6878,2245,34.34,0,
g6879,285,60.0,0,
g688,252,58.33,0,
g6880,13015,42.87,0,
g6881,10183,42.15,0,
g6882,23241,34.21,0,
g6883,2047,30.87,0,
g6884,38513,33.29,0,
g6885,30065,35.42,0,
g6886,1063,37.06,0,
g6887,2753,32.33,0,
g6888,4570,37.88,0,
g6889,978,47.65,0,
g689,2833,35.4,0,
g6890,1110,49.28,0,
g6891,1280,46.64,0,
g6892,372,55.91,0,
g6893,20513,37.88,0,
g6894,3367,46.27,0,
g6895,5514,43.38,0,
g6896,546,69.41,0,
g6897,1376,53.05,0,
g6898,1976,59.82,0,
g6899,618,68.45,0,
g69,10921,37.92,0,
g690,9870,38.12,0,
g6900,378,65.34,0,
g6901,14246,39.28,0,
g6902,13984,37.74,0,
g6903,18598,38.49,0,
g6904,10454,35.64,0,
g6905,6727,42.4,0,
g6906,1981,43.16,0,
g6907,618,44.5,0,
g6908,633,44.08,0,
g6909,633,44.08,0,
g691,20925,37.33,0,
g6910,13942,38.74,0,
g6911,5467,32.34,0,
g6912,1360,40.44,0,
g6913,7526,40.66,0,
g6914,303,61.39,0,
g6915,24193,35.75,0,
g6916,4272,35.7,0,
g6917,6380,35.24,0,
g6918,5124,34.35,0,
g6919,118472,36.54,0,
g692,4126,36.31,0,
g6920,3669,34.59,0,
g6921,3785,35.54,0,
g6922,1024,38.18,0,
g6923,37520,35.44,0,
g6924,24076,33.71,0,
g6925,231,42.86,0,
g6926,70710,35.45,0,
g6927,1031,39.86,0,
g6928,5673,38.22,0,
g6929,2603,32.42,0,
g693,3794,37.11,0,
g6930,2701,36.84,0,
g6931,705,53.33,0,
g6932,4504,41.03,0,
g6933,5445,40.94,0,
g6934,378,39.15,0,
g6935,402,49.25,0,
g6936,12548,35.38,0,
g6937,2793,36.23,0,
g6938,15480,45.54,0,
g6939,375,52.8,0,
g694,689,40.06,0,
g6940,4660,46.76,0,
g6941,423,66.19,0,
g6942,1634,57.22,0,
g6943,775,57.03,0,
g6944,11037,35.29,0,
g6945,1158,32.9,0,
g6946,9895,31.74,0,
g6947,2250,31.73,0,
g6948,1230,33.41,0,
g6949,1236,32.52,0,
g695,507,47.93,0,
g6950,2160,29.21,0,
g6951,4932,30.8,0,
g6952,922,30.48,0,
g6953,3042,30.21,0,
g6954,822,29.81,0,
g6955,6062,29.13,0,
g6956,5895,26.9,0,
g6957,1485,35.62,0,
g6958,525,31.24,0,
g6959,738,31.71,0,
g696,5951,36.38,0,
g6960,579,37.65,0,
g6961,1709,32.01,0,
g6962,936,32.26,0,
g6963,2885,31.3,0,
g6964,9478,29.58,0,
g6965,1800,30.61,0,
g6966,372,29.84,0,
g6967,3486,31.47,0,
g6968,2376,31.23,0,
g6969,1113,33.42,0,
g697,4616,36.14,0,
g6970,390,30.26,0,
g6971,3816,31.5,0,
g6972,2717,28.16,0,
g6973,1314,33.64,0,
g6974,507,33.53,0,
g6975,3521,30.42,0,
g6976,6246,30.72,0,
g6977,3183,36.69,0,
g6978,3975,35.57,0,
g6979,2860,30.42,0,
g698,17455,34.86,0,
g6980,1503,36.66,0,
g6981,2640,33.9,0,
g6982,7006,28.69,0,
g6983,390,35.13,0,
g6984,4831,29.54,0,
g6985,834,35.49,0,
g6986,1886,27.73,0,
g6987,2505,32.38,0,
g6988,1056,34.56,0,
g6989,948,31.75,0,
g699,447,40.94,0,
g6990,2340,30.64,0,
g6991,1905,33.07,0,
g6992,1293,29.7,0,
g6993,1071,27.54,0,
g6994,1884,32.64,0,
g6995,822,30.54,0,
g6996,9276,28.78,0,
g6997,819,29.18,0,
g6998,2631,33.87,0,
g6999,1410,30.85,0,
g7,9302,36.39,0,
g70,4746,38.07,0,
g700,43698,34.77,0,
g7000,2076,30.44,0,
g7001,654,33.64,0,
g7002,330,53.64,0,
g7003,5185,31.49,0,
g7004,1176,32.65,0,
g7005,1089,37.74,0,
g7006,1059,37.2,0,
g7007,10841,29.44,0,
g7008,678,51.47,0,
g7009,330,53.64,0,
g701,10911,35.35,0,
g7010,1370,29.64,0,
g7011,2862,31.73,0,
g7012,1461,34.98,0,
g7013,414,36.23,0,
g7014,933,34.3,0,
g7015,477,37.74,0,
g7016,1653,35.57,0,
g7017,2340,36.2,0,
g7018,6654,32.52,0,
g7019,813,34.19,0,
g702,2302,36.01,0,
g7020,633,29.86,0,
g7021,633,33.02,0,
g7022,1668,33.87,0,
g7023,513,34.5,0,
g7024,1236,34.39,0,
g7025,456,35.96,0,
g7026,396,36.87,0,
g7027,3089,33.6,0,
g7028,1050,35.05,0,
g7029,1206,32.59,0,
g703,1493,34.9,0,
g7030,1149,34.12,0,
g7031,8332,28.13,0,
g7032,1161,30.4,0,
g7033,1440,31.67,0,
g7034,693,30.74,0,
g7035,24978,29.91,0,
g7036,861,32.87,0,
g7037,3102,30.95,0,
g7038,2229,34.19,0,
g7039,8128,30.4,0,
g704,747,55.29,0,
g7040,303,47.19,0,
g7041,4519,33.19,0,
g7042,246,59.76,0,
g7043,339,49.85,0,
g7044,852,38.97,0,
g7045,384,51.3,0,
g7046,12170,34.15,0,
g7047,303,64.03,0,
g7048,312,56.73,0,
g7049,222,59.46,0,
g705,2324,50.69,0,
g7050,3428,37.31,0,
g7051,517,54.35,0,
g7052,417,57.31,0,
g7053,375,67.73,0,
g7054,231,58.01,0,
g7055,3479,40.04,0,
g7056,333,67.87,0,
g7057,3004,46.7,0,
g7058,1776,53.89,0,
g7059,40236,37.84,0,
g706,1359,57.32,0,
g7060,273,62.27,0,
g7061,56838,36.26,0,
g7062,2541,34.63,0,
g7063,50540,35.81,0,
g7064,50268,36.13,0,
g7065,32954,35.07,0,
g7066,486,53.7,0,
g7067,313,39.62,0,
g7068,1033,47.63,0,
g7069,486,57.82,0,
g707,25290,34.23,0,
g7070,8103,35.34,0,
g7071,4125,36.34,0,
g7072,15053,37.28,0,
g7073,12160,37.35,0,
g7074,2326,40.58,0,
g7075,6067,37.27,0,
g7076,8268,33.53,0,
g7077,131520,35.84,0,
g7078,429,63.64,0,
g7079,2422,41.33,0,
g708,5436,35.72,0,
g7080,1206,41.96,0,
g7081,1156,55.1,0,
g7082,1074,31.28,0,
g7083,9121,37.69,0,
g7084,2484,38.41,0,
g7085,8462,34.99,0,
g7086,381,48.29,0,
g7087,504,43.85,0,
g7088,29003,37.77,0,
g7089,49683,35.96,0,
g709,7075,32.24,0,
g7090,163665,36.52,0,
g7091,3164,43.68,0,
g7092,330,43.03,0,
g7093,23880,36.21,0,
g7094,684,46.05,0,
g7095,6290,37.31,0,
g7096,27747,36.58,0,
g7097,43181,36.23,0,
g7098,12565,34.6,0,
g7099,4904,35.34,0,
g71,4404,30.0,0,
g710,25476,37.9,0,
g7100,88123,35.06,0,
g7101,291,41.24,0,
g7102,9558,34.63,0,
g7103,12031,33.46,0,
g7104,4606,32.7,0,
g7105,29276,37.26,0,
g7106,7341,36.7,0,
g7107,2108,32.54,0,
g7108,4830,32.42,0,
g7109,760,44.08,0,
g711,35411,38.16,0,
g7110,15891,35.81,0,
g7111,4872,37.68,0,
g7112,5447,33.25,0,
g7113,18459,36.25,0,
g7114,27689,36.92,0,
g7115,25903,36.12,0,
g7116,9345,32.36,0,
g7117,294,51.02,0,
g7118,27401,34.77,0,
g7119,23812,35.07,0,
g712,13332,35.74,0,
g7120,36320,40.82,0,
g7121,24692,38.27,0,
g7122,16236,37.6,0,
g7123,24081,35.19,0,
g7124,217829,35.32,0,
g7125,4590,40.54,0,
g7126,589,61.63,0,
g7127,5188,37.76,0,
g7128,2750,34.87,0,
g7129,1296,39.2,0,
g713,3405,46.81,0,
g7130,234,57.26,0,
g7131,523,51.82,0,
g7132,29374,37.56,0,
g7133,872,36.35,0,
g7134,1348,36.57,0,
g7135,4936,38.05,0,
g7136,17512,36.23,0,
g7137,55624,36.48,0,
g7138,13646,35.94,0,
g7139,5676,36.35,0,
g714,7834,39.34,0,
g7140,785,36.05,0,
g7141,1313,30.24,0,
g7142,13593,31.52,0,
g7143,1287,46.78,0,
g7144,553,48.28,0,
g7145,699,48.07,0,
g7146,633,44.39,0,
g7147,636,42.61,0,
g7148,9158,35.28,0,
g7149,3648,34.4,0,
g715,8837,35.49,0,
g7150,9483,35.54,0,
g7151,1485,67.95,0,
g7152,621,44.44,0,
g7153,10706,36.56,0,
g7154,3439,36.73,0,
g7155,8087,36.85,0,
g7156,7340,35.2,0,
g7157,402,65.17,0,
g7158,3701,34.13,0,
g7159,2192,32.21,0,
g716,306,46.41,0,
g7160,16202,32.95,0,
g7161,6652,31.83,0,
g7162,987,36.68,0,
g7163,3229,32.55,0,
g7164,3104,33.89,0,
g7165,1935,36.02,0,
g7166,14188,35.26,0,
g7167,30012,36.12,0,
g7168,39655,36.13,0,
g7169,17984,34.78,0,
g717,1238,50.57,0,
g7170,25708,35.47,0,
g7171,38718,35.28,0,
g7172,2616,43.96,0,
g7173,2884,29.65,0,
g7174,8160,33.9,0,
g7175,1237,38.97,0,
g7176,53439,35.4,0,
g7177,22633,35.92,0,
g7178,1721,38.87,0,
g7179,15727,35.86,0,
g718,537,59.59,0,
g7180,6442,35.92,0,
g7181,21668,36.4,0,
g7182,321,45.17,0,
g7183,23615,33.46,0,
g7184,606,38.78,0,
g7185,9626,36.73,0,
g7186,789,35.11,0,
g7187,619,41.84,0,
g7188,697,43.47,0,
g7189,1166,34.56,0,
g719,3682,43.1,0,
g7190,695,43.02,0,
g7191,1165,34.68,0,
g7192,62615,36.07,0,
g7193,273,59.71,0,
g7194,294,56.8,0,
g7195,1708,43.56,0,
g7196,261,60.15,0,
g7197,3106,40.53,0,
g7198,6114,32.52,0,
g7199,1963,49.57,0,
g72,8721,32.47,0,
g720,2880,51.74,0,
g7200,68309,37.36,0,
g7201,43618,38.8,0,
g7202,713,33.52,0,
g7203,21937,36.83,0,
g7204,11528,36.49,0,
g7205,6635,34.21,0,
g7206,38260,34.7,0,
g7207,2645,32.17,0,
g7208,4905,32.11,0,
g7209,11403,34.11,0,
g721,8375,37.4,0,
g7210,8818,39.14,0,
g7211,1158,49.83,0,
g7212,276,65.94,0,
g7213,14916,32.66,0,
g7214,7346,34.25,0,
g7215,10997,37.51,0,
g7216,9046,36.76,0,
g7217,20059,36.39,0,
g7218,2796,35.73,0,
g7219,222,47.3,0,
g722,7649,37.84,0,
g7220,2189,40.52,0,
g7221,6359,33.31,0,
g7222,494,39.47,0,
g7223,8808,33.8,0,
g7224,3455,37.66,0,
g7225,751,45.94,0,
g7226,1686,37.96,0,
g7227,4098,37.29,0,
g7228,12855,34.45,0,
g7229,219,50.68,0,
g723,3091,43.42,0,
g7230,1518,31.16,0,
g7231,6253,33.01,0,
g7232,6143,36.4,0,
g7233,4515,36.17,0,
g7234,7065,37.52,0,
g7235,16054,34.91,0,
g7236,16606,37.17,0,
g7237,476,57.35,0,
g7238,5749,36.34,0,
g7239,8211,37.67,0,
g724,1331,31.1,0,
g7240,3108,37.16,0,
g7241,17146,35.87,0,
g7242,553,30.56,0,
g7243,21864,32.35,0,
g7244,1245,32.85,0,
g7245,3481,31.49,0,
g7246,34773,35.09,0,
g7247,15255,33.21,0,
g7248,8294,34.86,0,
g7249,6853,34.63,0,
g725,379,30.87,0,
g7250,1034,29.21,0,
g7251,7903,34.32,0,
g7252,4101,32.36,0,
g7253,65051,36.48,0,
g7254,207,59.9,0,
g7255,624,39.9,0,
g7256,1157,38.72,0,
g7257,1152,54.86,0,
g7258,5436,38.26,0,
g7259,5443,39.5,0,
g726,4502,29.96,0,
g7260,9039,38.32,0,
g7261,12547,38.03,0,
g7262,125406,37.22,0,
g7263,11261,32.41,0,
g7264,14979,37.04,0,
g7265,603,37.15,0,
g7266,7669,33.2,0,
g7267,11673,35.93,0,
g7268,10859,35.8,0,
g7269,2085,29.54,0,
g727,14292,33.02,0,
g7270,7317,35.57,0,
g7271,3114,36.96,0,
g7272,5810,35.15,0,
g7273,404,33.66,0,
g7274,216,61.11,0,
g7275,1451,44.11,0,
g7276,1769,28.26,0,
g7277,5976,45.35,0,
g7278,4200,39.5,0,
g7279,813,67.53,0,
g728,14879,37.31,0,
g7280,246,65.45,0,
g7281,3129,46.24,0,
g7282,1435,37.63,0,
g7283,3686,35.76,0,
g7284,7343,38.51,0,
g7285,31795,37.34,0,
g7286,1404,37.11,0,
g7287,15948,43.06,0,
g7288,17072,35.24,0,
g7289,5510,33.45,0,
g729,6917,33.66,0,
g7290,27290,37.06,0,
g7291,1089,40.68,0,
g7292,291,51.2,0,
g7293,23681,35.78,0,
g7294,38849,33.81,0,
g7295,9700,33.81,0,
g7296,26558,35.75,0,
g7297,5768,37.66,0,
g7298,4519,37.55,0,
g7299,14465,36.18,0,
g73,7630,32.98,0,
g730,2975,29.51,0,
g7300,32013,34.51,0,
g7301,4281,44.06,0,
g7302,1170,56.58,0,
g7303,8832,34.42,0,
g7304,2154,46.61,0,
g7305,507,52.47,0,
g7306,333,33.93,0,
g7307,22197,35.58,0,
g7308,36924,38.01,0,
g7309,624,47.12,0,
g731,480,39.79,0,
g7310,6080,33.68,0,
g7311,19891,34.42,0,
g7312,56542,36.92,0,
g7313,4439,37.24,0,
g7314,249,61.04,0,
g7315,1272,36.87,0,
g7316,779,43.26,0,
g7317,1791,44.39,0,
g7318,303,52.48,0,
g7319,414,71.74,0,
g732,658,51.52,0,
g7320,1443,39.29,0,
g7321,53072,36.03,0,
g7322,2656,37.54,0,
g7323,3592,32.41,0,
g7324,1683,41.18,0,
g7325,16060,33.49,0,
g7326,2458,34.01,0,
g7327,36552,35.01,0,
g7328,9769,31.8,0,
g7329,6293,33.72,0,
g733,522,57.28,0,
g7330,18640,35.64,0,
g7331,597,33.0,0,
g7332,5525,37.12,0,
g7333,20272,38.91,0,
g7334,435,63.68,0,
g7335,348,57.76,0,
g7336,2431,38.17,0,
g7337,4991,35.66,0,
g7338,207,63.29,0,
g7339,7457,37.67,0,
g734,10816,35.19,0,
g7340,1875,39.89,0,
g7341,9155,33.1,0,
g7342,9666,43.6,0,
g7343,495,55.35,0,
g7344,18751,39.12,0,
g7345,3423,37.6,0,
g7346,246,54.47,0,
g7347,315,49.21,0,
g7348,5525,37.1,0,
g7349,36208,37.13,0,
g735,1840,41.47,0,
g7350,5044,32.02,0,
g7351,43890,37.86,0,
g7352,27819,37.89,0,
g7353,369,59.89,0,
g7354,35593,41.41,0,
g7355,675,54.52,0,
g7356,862,48.96,0,
g7357,30319,37.23,0,
g7358,42744,35.59,0,
g7359,5601,44.1,0,
g736,2279,45.11,0,
g7360,1209,38.63,0,
g7361,4662,39.06,0,
g7362,741,42.65,0,
g7363,13992,37.08,0,
g7364,255,61.96,0,
g7365,14390,31.76,0,
g7366,17839,33.95,0,
g7367,1931,33.09,0,
g7368,17913,34.41,0,
g7369,43198,36.9,0,
g737,14689,38.16,0,
g7370,4089,33.48,0,
g7371,32250,34.04,0,
g7372,860,31.28,0,
g7373,15092,38.21,0,
g7374,10594,36.7,0,
g7375,9175,36.08,0,
g7376,3826,29.67,0,
g7377,5355,38.23,0,
g7378,6177,33.61,0,
g7379,3934,34.62,0,
g738,4307,37.24,0,
g7380,13830,36.15,0,
g7381,30369,36.12,0,
g7382,16409,36.83,0,
g7383,45593,36.1,0,
g7384,43155,35.09,0,
g7385,3549,47.7,0,
g7386,129895,37.69,0,
g7387,3939,46.81,0,
g7388,82389,36.4,0,
g7389,345,35.65,0,
g739,9201,37.49,0,
g7390,1881,39.71,0,
g7391,1067,44.33,0,
g7392,7980,35.66,0,
g7393,1458,35.87,0,
g7394,5043,36.09,0,
g7395,938,37.21,0,
g7396,15625,36.58,0,
g7397,966,48.76,0,
g7398,13205,39.82,0,
g7399,1800,39.94,0,
g74,23857,32.74,0,
g740,6614,31.01,0,
g7400,12654,35.29,0,
g7401,20186,36.63,0,
g7402,7400,41.03,0,
g7403,28308,36.24,0,
g7404,8424,32.73,0,
g7405,8192,39.21,0,
g7406,1371,52.22,0,
g7407,2636,39.95,0,
g7408,71411,40.34,0,
g7409,7576,36.87,0,
g741,15688,35.36,0,
g7410,663,36.35,0,
g7411,498,39.16,0,
g7412,8082,35.57,0,
g7413,11278,34.31,0,
g7414,10200,32.57,0,
g7415,8708,30.16,0,
g7416,31713,34.44,0,
g7417,2288,36.41,0,
g7418,4638,37.69,0,
g7419,11167,31.66,0,
g742,41066,36.36,0,
g7420,2869,34.4,0,
g7421,522,53.07,0,
g7422,3228,43.03,0,
g7423,820,43.41,0,
g7424,407,57.0,0,
g7425,393,78.63,0,
g7426,390,66.67,0,
g7427,13223,38.22,0,
g7428,468,65.17,0,
g7429,22934,37.46,0,
g743,1329,41.31,0,
g7430,42633,36.95,0,
g7431,7857,37.88,0,
g7432,1223,45.38,0,
g7433,18133,40.64,0,
g7434,1906,45.17,0,
g7435,8707,32.55,0,
g7436,9650,33.74,0,
g7437,5914,35.39,0,
g7438,264,58.71,0,
g7439,573,61.08,0,
g744,511,63.41,0,
g7440,4890,41.47,0,
g7441,25540,36.68,0,
g7442,22771,35.61,0,
g7443,2346,33.8,0,
g7444,19425,34.37,0,
g7445,9293,35.32,0,
g7446,16580,32.86,0,
g7447,19884,35.05,0,
g7448,285,59.3,0,
g7449,3861,41.98,0,
g745,4973,41.26,0,
g7450,1062,55.93,0,
g7451,2432,42.76,0,
g7452,38700,37.85,0,
g7453,40942,37.44,0,
g7454,8381,34.89,0,
g7455,12834,34.32,0,
g7456,21587,35.35,0,
g7457,156269,37.65,0,
g7458,18194,36.51,0,
g7459,7858,36.47,0,
g746,2502,35.73,0,
g7460,26155,37.0,0,
g7461,1536,50.2,0,
g7462,7618,34.62,0,
g7463,569,32.16,0,
g7464,474,32.91,0,
g7465,8334,35.87,0,
g7466,14714,33.45,0,
g7467,32460,35.93,0,
g7468,24568,37.36,0,
g7469,44366,35.41,0,
g747,2396,37.23,0,
g7470,14427,36.33,0,
g7471,13191,33.38,0,
g7472,2484,36.51,0,
g7473,216,64.35,0,
g7474,10303,40.06,0,
g7475,41260,36.77,0,
g7476,14831,35.54,0,
g7477,7825,34.3,0,
g7478,20690,38.62,0,
g7479,27418,33.8,0,
g748,4235,31.64,0,
g7480,8953,33.1,0,
g7481,5070,36.29,0,
g7482,12910,34.5,0,
g7483,957,41.38,0,
g7484,41453,34.98,0,
g7485,7920,34.67,0,
g7486,8259,35.94,0,
g7487,17153,40.08,0,
g7488,4825,36.15,0,
g7489,252,62.3,0,
g749,6497,32.95,0,
g7490,330,50.91,0,
g7491,637,43.17,0,
g7492,5503,29.87,0,
g7493,2769,43.48,0,
g7494,17443,35.09,0,
g7495,753,50.2,0,
g7496,19344,32.5,0,
g7497,294,55.1,0,
g7498,381,55.91,0,
g7499,836,57.42,0,
g75,762,51.84,0,
g750,9255,43.14,0,
g7500,189306,36.73,0,
g7501,11159,37.75,0,
g7502,4156,34.55,0,
g7503,32186,34.37,0,
g7504,3135,35.34,0,
g7505,25109,36.18,0,
g7506,1721,35.56,0,
g7507,5916,33.0,0,
g7508,4809,35.64,0,
g7509,7707,34.96,0,
g751,348,35.63,0,
g7510,1143,36.48,0,
g7511,716,31.42,0,
g7512,6991,36.4,0,
g7513,8127,35.23,0,
g7514,2129,44.25,0,
g7515,6341,43.59,0,
g7516,1022,53.62,0,
g7517,288,45.83,0,
g7518,4160,40.38,0,
g7519,1782,60.1,0,
g752,1074,58.57,0,
g7520,845,59.53,0,
g7521,10095,34.83,0,
g7522,1453,63.25,0,
g7523,627,52.31,0,
g7524,348,50.0,0,
g7525,1936,44.52,0,
g7526,240,60.83,0,
g7527,15596,34.42,0,
g7528,228,66.23,0,
g7529,252,40.87,0,
g753,1410,47.38,0,
g7530,21823,36.6,0,
g7531,4816,33.6,0,
g7532,14197,36.51,0,
g7533,12836,34.68,0,
g7534,10145,34.14,0,
g7535,8880,32.34,0,
g7536,1942,30.54,0,
g7537,22055,37.44,0,
g7538,24571,37.59,0,
g7539,45805,35.99,0,
g754,6452,35.77,0,
g7540,10774,35.47,0,
g7541,3436,31.43,0,
g7542,12082,33.95,0,
g7543,559,33.45,0,
g7544,29382,36.13,0,
g7545,11992,35.51,0,
g7546,2161,38.08,0,
g7547,612,41.99,0,
g7548,3147,45.66,0,
g7549,411,46.47,0,
g755,61516,38.04,0,
g7550,231,68.83,0,
g7551,2989,39.95,0,
g7552,3743,31.15,0,
g7553,3990,37.64,0,
g7554,3349,37.38,0,
g7555,318,55.97,0,
g7556,2961,37.12,0,
g7557,240,57.92,0,
g7558,20094,37.07,0,
g7559,17681,39.11,0,
g756,6557,35.96,0,
g7560,9099,38.91,0,
g7561,3562,38.74,0,
g7562,261,56.32,0,
g7563,1326,47.74,0,
g7564,273,56.04,0,
g7565,3130,33.51,0,
g7566,1529,37.67,0,
g7567,14879,34.77,0,
g7568,2479,35.22,0,
g7569,149,61.74,0,
g757,7203,37.22,0,
g7570,1521,33.73,0,
g7571,653,45.02,0,
g7572,6096,34.71,0,
g7573,2746,32.85,0,
g7574,13359,31.47,0,
g7575,3708,33.9,0,
g7576,35780,36.19,0,
g7577,327,40.06,0,
g7578,12268,34.16,0,
g7579,17564,33.71,0,
g758,300,62.0,0,
g7580,5660,33.29,0,
g7581,13227,35.81,0,
g7582,6034,36.41,0,
g7583,18587,37.18,0,
g7584,1829,32.09,0,
g7585,7646,38.11,0,
g7586,16372,33.76,0,
g7587,7048,36.42,0,
g7588,1304,39.42,0,
g7589,14961,36.7,0,
g759,2862,34.56,0,
g7590,1451,42.52,0,
g7591,4575,31.65,0,
g7592,24221,39.18,0,
g7593,2694,40.24,0,
g7594,576,39.41,0,
g7595,2988,34.74,0,
g7596,4261,35.63,0,
g7597,6683,32.46,0,
g7598,6939,36.94,0,
g7599,11167,32.1,0,
g76,378,47.09,0,
g760,1487,42.37,0,
g7600,5355,36.0,0,
g7601,1787,38.95,0,
g7602,2502,38.13,0,
g7603,4721,36.05,0,
g7604,3863,35.05,0,
g7605,7139,37.44,0,
g7606,7088,38.19,0,
g7607,8227,34.65,0,
g7608,5772,32.55,0,
g7609,2088,37.26,0,
g761,25595,37.29,0,
g7610,3101,39.12,0,
g7611,25258,35.56,0,
g7612,27004,36.94,0,
g7613,43678,36.37,0,
g7614,1073,48.74,0,
g7615,1693,42.71,0,
g7616,2562,39.11,0,
g7617,101545,35.25,0,
g7618,2560,36.91,0,
g7619,2388,57.29,0,
g762,1643,39.44,0,
g7620,3719,38.8,0,
g7621,690,40.0,0,
g7622,6002,34.82,0,
g7623,387,41.09,0,
g7624,37234,35.04,0,
g7625,25362,33.61,0,
g7626,3631,31.23,0,
g7627,17660,35.68,0,
g7628,19720,34.42,0,
g7629,23993,35.9,0,
g763,49600,38.39,0,
g7630,7631,37.88,0,
g7631,723,37.48,0,
g7632,20180,38.5,0,
g7633,2481,30.39,0,
g7634,1526,37.16,0,
g7635,2915,35.51,0,
g7636,6272,49.17,0,
g7637,3692,35.16,0,
g7638,702,37.04,0,
g7639,600,56.17,0,
g764,7693,36.5,0,
g7640,18464,35.49,0,
g7641,3738,37.69,0,
g7642,306,58.17,0,
g7643,2529,39.78,0,
g7644,8114,37.97,0,
g7645,216,58.8,0,
g7646,4535,41.52,0,
g7647,17029,37.06,0,
g7648,12611,37.21,0,
g7649,99632,36.55,0,
g765,783,40.61,0,
g7650,4113,39.65,0,
g7651,1038,38.92,0,
g7652,9777,33.4,0,
g7653,16897,35.59,0,
g7654,406,38.92,0,
g7655,2992,44.42,0,
g7656,246,56.91,0,
g7657,849,63.84,0,
g7658,6648,38.54,0,
g7659,3750,40.29,0,
g766,17129,34.19,0,
g7660,462,45.02,0,
g7661,243,61.32,0,
g7662,678,48.82,0,
g7663,2832,37.46,0,
g7664,26412,37.28,0,
g7665,4199,36.75,0,
g7666,14236,37.63,0,
g7667,731,48.56,0,
g7668,675,58.52,0,
g7669,1128,47.07,0,
g767,13615,34.54,0,
g7670,941,55.26,0,
g7671,3214,49.97,0,
g7672,2329,37.48,0,
g7673,3314,37.48,0,
g7674,2591,39.64,0,
g7675,13089,37.79,0,
g7676,333,62.16,0,
g7677,360,51.39,0,
g7678,267,46.82,0,
g7679,3493,40.85,0,
g768,11219,38.09,0,
g7680,13057,37.66,0,
g7681,36905,34.46,0,
g7682,3318,36.95,0,
g7683,699,44.64,0,
g7684,421,36.1,0,
g7685,2465,37.2,0,
g7686,23347,36.03,0,
g7687,16180,36.8,0,
g7688,15383,36.6,0,
g7689,465,41.94,0,
g769,465,54.19,0,
g7690,4245,35.55,0,
g7691,1639,33.19,0,
g7692,2157,40.52,0,
g7693,6120,38.58,0,
g7694,738,59.21,0,
g7695,13592,38.46,0,
g7696,22059,37.3,0,
g7697,17506,40.42,0,
g7698,34287,35.97,0,
g7699,429,49.42,0,
g77,7314,39.13,0,
g770,621,69.57,0,
g7700,6711,37.16,0,
g7701,12372,34.33,0,
g7702,818,40.22,0,
g7703,8492,34.74,0,
g7704,13199,38.65,0,
g7705,630,36.19,0,
g7706,5755,32.82,0,
g7707,2882,34.98,0,
g7708,3082,30.5,0,
g7709,12028,38.26,0,
g771,303,73.27,0,
g7710,27136,38.24,0,
g7711,480,40.0,0,
g7712,13652,42.56,0,
g7713,9032,37.63,0,
g7714,1463,49.49,0,
g7715,6280,37.95,0,
g7716,22183,40.23,0,
g7717,291,56.36,0,
g7718,2390,38.62,0,
g7719,1462,41.11,0,
g772,9203,37.05,0,
g7720,1824,50.99,0,
g7721,7738,36.59,0,
g7722,26747,36.3,0,
g7723,750,50.0,0,
g7724,9956,32.69,0,
g7725,46340,35.58,0,
g7726,2775,38.59,0,
g7727,276,49.28,0,
g7728,14717,37.04,0,
g7729,243,52.67,0,
g773,12408,37.81,0,
g7730,7479,39.99,0,
g7731,61198,35.79,0,
g7732,282,74.47,0,
g7733,3564,36.53,0,
g7734,512,29.1,0,
g7735,10244,35.04,0,
g7736,42836,39.13,0,
g7737,1293,45.48,0,
g7738,11387,33.2,0,
g7739,3610,31.5,0,
g774,2920,44.01,0,
g7740,552,72.46,0,
g7741,1436,38.79,0,
g7742,13084,37.3,0,
g7743,1979,36.89,0,
g7744,109407,35.0,0,
g7745,43263,38.29,0,
g7746,1823,39.55,0,
g7747,21329,35.66,0,
g7748,1112,33.0,0,
g7749,6519,36.39,0,
g775,1078,47.68,0,
g7750,315,40.0,0,
g7751,8203,37.44,0,
g7752,69447,36.94,0,
g7753,2759,31.82,0,
g7754,72730,35.42,0,
g7755,14809,34.88,0,
g7756,9228,37.8,0,
g7757,122290,35.63,0,
g7758,78959,38.21,0,
g7759,8316,37.96,0,
g776,282,53.55,0,
g7760,5280,37.69,0,
g7761,6977,38.5,0,
g7762,430,58.84,0,
g7763,11162,37.99,0,
g7764,1876,37.85,0,
g7765,2525,33.54,0,
g7766,24394,34.13,0,
g7767,79250,37.28,0,
g7768,1518,54.74,0,
g7769,1036,40.35,0,
g777,50632,36.41,0,
g7770,5497,32.04,0,
g7771,5379,34.71,0,
g7772,12513,36.7,0,
g7773,55407,38.86,0,
g7774,11786,33.28,0,
g7775,4401,31.13,0,
g7776,705,57.45,0,
g7777,300,54.67,0,
g7778,1802,29.8,0,
g7779,5934,35.63,0,
g778,11664,33.12,0,
g7780,7358,36.33,0,
g7781,255,55.29,0,
g7782,351,42.17,0,
g7783,4867,35.24,0,
g7784,2894,34.07,0,
g7785,10230,38.15,0,
g7786,7430,33.31,0,
g7787,21989,36.36,0,
g7788,17187,34.78,0,
g7789,1451,37.97,0,
g779,6005,36.74,0,
g7790,6156,37.12,0,
g7791,3974,38.7,0,
g7792,5674,31.85,0,
g7793,972,55.45,0,
g7794,975,60.92,0,
g7795,17927,41.35,0,
g7796,14044,34.76,0,
g7797,13471,37.94,0,
g7798,2502,35.73,0,
g7799,372,54.03,0,
g78,16727,36.43,0,
g780,6532,33.5,0,
g7800,8643,34.4,0,
g7801,10847,34.7,0,
g7802,6694,32.09,0,
g7803,327,40.37,0,
g7804,22211,36.95,0,
g7805,6227,40.08,0,
g7806,348,58.33,0,
g7807,10613,39.65,0,
g7808,5348,39.32,0,
g7809,709,58.39,0,
g781,11483,35.04,0,
g7810,4262,34.05,0,
g7811,333,55.56,0,
g7812,17624,34.88,0,
g7813,8781,33.49,0,
g7814,1995,37.54,0,
g7815,18238,36.19,0,
g7816,456,39.25,0,
g7817,6014,34.95,0,
g7818,204,61.27,0,
g7819,8948,36.33,0,
g782,15502,35.65,0,
g7820,7130,37.95,0,
g7821,13396,41.39,0,
g7822,9735,38.13,0,
g7823,29286,36.53,0,
g7824,324,48.77,0,
g7825,1686,35.29,0,
g7826,1007,39.42,0,
g7827,219,43.38,0,
g7828,696,36.49,0,
g7829,6758,39.15,0,
g783,20966,36.15,0,
g7830,405,55.8,0,
g7831,459,44.23,0,
g7832,540,73.33,0,
g7833,14676,34.42,0,
g7834,1259,27.24,0,
g7835,435,54.02,0,
g7836,372,48.39,0,
g7837,6414,38.84,0,
g7838,303,51.16,0,
g7839,23408,36.73,0,
g784,3357,40.39,0,
g7840,58575,36.94,0,
g7841,4179,34.67,0,
g7842,17568,38.73,0,
g7843,25122,35.86,0,
g7844,14775,35.4,0,
g7845,1020,50.1,0,
g7846,19465,32.37,0,
g7847,3847,38.42,0,
g7848,10375,31.07,0,
g7849,273,69.23,0,
g785,506,32.02,0,
g7850,4614,35.65,0,
g7851,3585,32.13,0,
g7852,4581,33.86,0,
g7853,19455,35.98,0,
g7854,41363,37.05,0,
g7855,234,52.14,0,
g7856,22688,34.78,0,
g7857,30139,35.82,0,
g7858,18953,37.45,0,
g7859,288,52.43,0,
g786,650,32.62,0,
g7860,14776,40.15,0,
g7861,1879,32.94,0,
g7862,7731,31.85,0,
g7863,882,35.71,0,
g7864,2510,31.08,0,
g7865,303,53.47,0,
g7866,4095,44.35,0,
g7867,18810,35.3,0,
g7868,10606,35.08,0,
g7869,3363,36.81,0,
g787,7166,32.86,0,
g7870,13531,37.87,0,
g7871,33842,38.7,0,
g7872,23158,34.54,0,
g7873,4722,36.68,0,
g7874,887,62.12,0,
g7875,5394,35.82,0,
g7876,20336,34.63,0,
g7877,345,45.51,0,
g7878,4479,35.99,0,
g7879,2245,38.31,0,
g788,9075,34.05,0,
g7880,16698,40.59,0,
g7881,15278,37.49,0,
g7882,13136,34.11,0,
g7883,22681,36.01,0,
g7884,14477,36.76,0,
g7885,3976,32.19,0,
g7886,63203,35.47,0,
g7887,13070,39.62,0,
g7888,1559,40.35,0,
g7889,2420,37.52,0,
g789,3903,36.41,0,
g7890,17249,33.81,0,
g7891,23942,38.98,0,
g7892,23404,37.84,0,
g7893,6332,37.76,0,
g7894,4421,37.32,0,
g7895,5445,31.46,0,
g7896,2342,35.48,0,
g7897,234,44.02,0,
g7898,633,32.7,0,
g7899,5794,34.43,0,
g79,21543,37.25,0,
g790,997,32.3,0,
g7900,8851,37.11,0,
g7901,11391,34.81,0,
g7902,9017,40.32,0,
g7903,5925,41.25,0,
g7904,2008,32.97,0,
g7905,86269,36.37,0,
g7906,27807,35.84,0,
g7907,19578,38.04,0,
g7908,2587,48.59,0,
g7909,38859,37.76,0,
g791,30518,36.91,0,
g7910,8057,32.69,0,
g7911,8114,37.63,0,
g7912,23865,35.76,0,
g7913,5639,35.04,0,
g7914,1172,31.06,0,
g7915,34032,36.42,0,
g7916,2244,39.71,0,
g7917,3767,37.06,0,
g7918,324,39.51,0,
g7919,8192,33.12,0,
g792,2859,35.12,0,
g7920,207,52.66,0,
g7921,20110,38.58,0,
g7922,19453,32.23,0,
g7923,11190,33.87,0,
g7924,1574,34.94,0,
g7925,28732,37.93,0,
g7926,7967,37.09,0,
g7927,8764,33.15,0,
g7928,3183,37.2,0,
g7929,9150,40.81,0,
g793,4130,38.33,0,
g7930,9263,47.82,0,
g7931,10209,35.65,0,
g7932,9019,40.3,0,
g7933,24007,32.75,0,
g7934,6510,32.52,0,
g7935,4775,34.53,0,
g7936,20268,33.73,0,
g7937,8000,34.95,0,
g7938,273,56.04,0,
g7939,420,69.05,0,
g794,5606,34.25,0,
g7940,2463,36.26,0,
g7941,2031,40.37,0,
g7942,16101,37.39,0,
g7943,1733,29.26,0,
g7944,57106,36.12,0,
g7945,621,48.15,0,
g7946,20323,38.08,0,
g7947,14326,34.36,0,
g7948,17697,37.84,0,
g7949,3063,35.81,0,
g795,28876,34.45,0,
g7950,363,32.23,0,
g7951,2763,31.96,0,
g7952,1750,44.11,0,
g7953,2372,28.25,0,
g7954,618,30.42,0,
g7955,10207,38.64,0,
g7956,327,48.93,0,
g7957,219,73.06,0,
g7958,7446,39.42,0,
g7959,3185,38.24,0,
g796,1470,33.13,0,
g7960,2968,44.98,0,
g7961,68000,37.88,0,
g7962,6120,52.32,0,
g7963,51439,36.36,0,
g7964,249,51.81,0,
g7965,1727,31.73,0,
g7966,13674,31.91,0,
g7967,13331,37.75,0,
g7968,4365,31.96,0,
g7969,11813,33.09,0,
g797,4812,36.58,0,
g7970,7061,32.05,0,
g7971,55312,37.03,0,
g7972,1276,34.72,0,
g7973,28009,36.17,0,
g7974,382,34.03,0,
g7975,402,54.48,0,
g7976,963,58.77,0,
g7977,55734,37.66,0,
g7978,8255,33.66,0,
g7979,597,32.66,0,
g798,4533,34.88,0,
g7980,2893,37.71,0,
g7981,348,71.84,0,
g7982,542,38.01,0,
g7983,25038,35.57,0,
g7984,1600,36.31,0,
g7985,21488,36.83,0,
g7986,23470,37.93,0,
g7987,9255,37.89,0,
g7988,9822,40.05,0,
g7989,1671,41.05,0,
g799,18897,34.95,0,
g7990,625,35.84,0,
g7991,11306,32.21,0,
g7992,19319,35.06,0,
g7993,40057,34.77,0,
g7994,16842,33.29,0,
g7995,26335,33.01,0,
g7996,754,53.32,0,
g7997,11283,34.6,0,
g7998,477,49.48,0,
g7999,13207,35.62,0,
g8,3380,37.01,0,
g80,20201,36.06,0,
g800,12277,36.76,0,
g8000,10563,44.04,0,
g8001,1299,37.49,0,
g8002,45012,35.61,0,
g8003,41019,34.57,0,
g8004,10354,35.46,0,
g8005,16185,36.26,0,
g8006,12624,37.18,0,
g8007,28081,38.53,0,
g8008,12361,34.71,0,
g8009,2854,36.09,0,
g801,25856,39.33,0,
g8010,4621,34.36,0,
g8011,14927,37.8,0,
g8012,5088,37.78,0,
g8013,3518,33.0,0,
g8014,15456,34.47,0,
g8015,1784,40.86,0,
g8016,3179,60.62,0,
g8017,345,68.99,0,
g8018,345,58.55,0,
g8019,6328,36.82,0,
g802,363,64.19,0,
g8020,2556,33.45,0,
g8021,2610,40.15,0,
g8022,33604,36.34,0,
g8023,5051,36.82,0,
g8024,3358,47.83,0,
g8025,144328,36.29,0,
g8026,255,60.39,0,
g8027,6013,33.71,0,
g8028,3107,37.43,0,
g8029,3870,34.83,0,
g803,527,53.51,0,
g8030,3365,41.43,0,
g8031,9669,38.29,0,
g8032,264,55.68,0,
g8033,9241,34.44,0,
g8034,5255,32.58,0,
g8035,3425,36.03,0,
g8036,13676,32.79,0,
g8037,4349,33.94,0,
g8038,21000,34.2,0,
g8039,9263,35.5,0,
g804,330,56.36,0,
g8040,1526,32.63,0,
g8041,2262,37.8,0,
g8042,2706,32.63,0,
g8043,264,57.58,0,
g8044,6986,40.85,0,
g8045,240,55.83,0,
g8046,9218,40.15,0,
g8047,2735,35.9,0,
g8048,45852,40.18,0,
g8049,4887,33.42,0,
g805,1976,43.17,0,
g8050,15794,32.77,0,
g8051,3803,35.47,0,
g8052,965,34.3,0,
g8053,17407,39.04,0,
g8054,7620,40.39,0,
g8055,19049,34.46,0,
g8056,1255,33.78,0,
g8057,1160,34.14,0,
g8058,27937,36.92,0,
g8059,21087,36.35,0,
g806,11400,35.86,0,
g8060,12476,39.2,0,
g8061,50817,37.4,0,
g8062,744,35.22,0,
g8063,13242,38.47,0,
g8064,35072,32.81,0,
g8065,339,43.95,0,
g8066,2171,31.64,0,
g8067,11689,35.31,0,
g8068,90160,37.6,0,
g8069,22724,40.48,0,
g807,4578,43.56,0,
g8070,1030,46.21,0,
g8071,219,55.71,0,
g8072,2559,38.92,0,
g8073,1095,51.23,0,
g8074,672,43.75,0,
g8075,1589,41.6,0,
g8076,516,59.88,0,
g8077,18791,39.28,0,
g8078,684,42.69,0,
g8079,2332,36.49,0,
g808,14677,35.72,0,
g8080,6510,41.71,0,
g8081,1353,38.95,0,
g8082,8720,35.71,0,
g8083,2846,38.9,0,
g8084,10099,33.34,0,
g8085,4087,36.8,0,
g8086,1316,35.49,0,
g8087,2026,33.71,0,
g8088,27126,35.86,0,
g8089,6024,34.66,0,
g809,10867,35.73,0,
g8090,4561,33.33,0,
g8091,3318,32.85,0,
g8092,4186,31.53,0,
g8093,626,33.23,0,
g8094,1425,51.02,0,
g8095,51157,37.0,0,
g8096,37210,34.67,0,
g8097,308,50.32,0,
g8098,459,56.43,0,
g8099,285,50.53,0,
g81,374,59.09,0,
g810,7762,38.39,0,
g8100,5823,37.8,0,
g8101,800,62.12,0,
g8102,3839,51.58,0,
g8103,1272,59.28,0,
g8104,228,59.65,0,
g8105,330,56.97,0,
g8106,309,59.55,0,
g8107,5524,37.07,0,
g8108,23287,39.88,0,
g8109,336,68.15,0,
g811,32981,35.7,0,
g8110,3584,42.02,0,
g8111,3724,50.4,0,
g8112,3117,47.71,0,
g8113,996,54.02,0,
g8114,11174,39.22,0,
g8115,327,63.0,0,
g8116,4915,35.93,0,
g8117,462,41.56,0,
g8118,20217,45.64,0,
g8119,15758,35.59,0,
g812,3741,42.5,0,
g8120,507,38.66,0,
g8121,357,33.61,0,
g8122,12855,34.45,0,
g8123,405,38.77,0,
g8124,3536,38.69,0,
g8125,1024,30.18,0,
g8126,303,36.96,0,
g8127,240,47.08,0,
g8128,6947,37.35,0,
g8129,372,40.32,0,
g813,540,53.33,0,
g8130,471,37.58,0,
g8131,5149,34.41,0,
g8132,11693,38.02,0,
g8133,1352,64.5,0,
g8134,2049,41.09,0,
g8135,17649,39.5,0,
g8136,31435,36.54,0,
g8137,27253,36.03,0,
g8138,1084,58.95,0,
g8139,1082,44.18,0,
g814,6093,33.99,0,
g8140,1310,39.31,0,
g8141,7752,36.82,0,
g8142,1498,51.0,0,
g8143,9804,35.14,0,
g8144,29404,35.41,0,
g8145,3991,39.36,0,
g8146,16954,38.68,0,
g8147,204,51.96,0,
g8148,4326,44.54,0,
g8149,411,47.45,0,
g815,2973,30.68,0,
g8150,17028,34.63,0,
g8151,96590,36.31,0,
g8152,6537,33.21,0,
g8153,1552,36.15,0,
g8154,25551,37.15,0,
g8155,2238,39.1,0,
g8156,24447,36.01,0,
g8157,1071,35.48,0,
g8158,10429,41.84,0,
g8159,23658,38.43,0,
g816,1435,35.96,0,
g8160,24496,37.03,0,
g8161,24430,33.57,0,
g8162,1704,37.97,0,
g8163,346,60.12,0,
g8164,12752,34.2,0,
g8165,4173,36.71,0,
g8166,11592,35.66,0,
g8167,3164,33.94,0,
g8168,2112,33.57,0,
g8169,457,34.14,0,
g817,474,40.93,0,
g8170,6376,31.63,0,
g8171,16488,34.76,0,
g8172,19424,39.65,0,
g8173,5583,31.95,0,
g8174,750,31.47,0,
g8175,21628,35.83,0,
g8176,764,34.42,0,
g8177,2182,33.0,0,
g8178,15142,34.75,0,
g8179,8576,32.17,0,
g818,16620,36.64,0,
g8180,2857,49.74,0,
g8181,1477,53.15,0,
g8182,716,63.13,0,
g8183,5111,34.1,0,
g8184,240,50.83,0,
g8185,1077,42.25,0,
g8186,8167,49.2,0,
g8187,399,63.41,0,
g8188,30950,37.21,0,
g8189,17589,35.25,0,
g819,17900,34.42,0,
g8190,8896,38.73,0,
g8191,57701,38.66,0,
g8192,231,38.53,0,
g8193,12397,38.39,0,
g8194,16162,34.77,0,
g8195,11419,33.72,0,
g8196,3832,33.17,0,
g8197,1383,32.1,0,
g8198,4847,35.65,0,
g8199,28898,37.12,0,
g82,4190,38.66,0,
g820,399,63.41,0,
g8200,5492,44.12,0,
g8201,11288,35.85,0,
g8202,24617,35.13,0,
g8203,21025,33.96,0,
g8204,999,57.16,0,
g8205,3004,31.96,0,
g8206,3385,34.27,0,
g8207,20017,36.19,0,
g8208,348,56.03,0,
g8209,2657,44.75,0,
g821,10204,47.35,0,
g8210,5797,36.45,0,
g8211,63404,38.22,0,
g8212,11304,31.74,0,
g8213,330,63.94,0,
g8214,8880,34.67,0,
g8215,41866,35.66,0,
g8216,14156,36.17,0,
g8217,372,66.67,0,
g8218,6645,40.45,0,
g8219,1239,47.13,0,
g822,16434,35.91,0,
g8220,5379,32.74,0,
g8221,6711,46.28,0,
g8222,6401,36.85,0,
g8223,549,43.17,0,
g8224,267,42.32,0,
g8225,318,38.05,0,
g8226,1783,39.71,0,
g8227,15411,35.57,0,
g8228,13637,37.77,0,
g8229,27752,37.8,0,
g823,1767,39.22,0,
g8230,5108,36.08,0,
g8231,3609,34.61,0,
g8232,5493,33.66,0,
g8233,2225,33.48,0,
g8234,2202,34.2,0,
g8235,13630,37.07,0,
g8236,2278,34.99,0,
g8237,3394,32.0,0,
g8238,234,53.85,0,
g8239,1803,41.65,0,
g824,10904,35.19,0,
g8240,8332,33.89,0,
g8241,3044,31.77,0,
g8242,3873,35.89,0,
g8243,33048,37.7,0,
g8244,6190,32.02,0,
g8245,1641,54.42,0,
g8246,8498,35.73,0,
g8247,4969,29.78,0,
g8248,741,33.33,0,
g8249,11660,33.25,0,
g825,5932,34.54,0,
g8250,176663,36.31,0,
g8251,1765,53.6,0,
g8252,69724,41.2,0,
g8253,1374,37.92,0,
g8254,21586,35.87,0,
g8255,6484,34.18,0,
g8256,9002,38.24,0,
g8257,9521,34.04,0,
g8258,12463,36.38,0,
g8259,36680,36.52,0,
g826,26682,36.75,0,
g8260,315,50.16,0,
g8261,363,52.34,0,
g8262,20639,36.94,0,
g8263,216,61.57,0,
g8264,116966,36.5,0,
g8265,3160,43.45,0,
g8266,2881,30.89,0,
g8267,7308,37.33,0,
g8268,48977,34.81,0,
g8269,7834,34.43,0,
g827,7270,37.59,0,
g8270,18568,35.51,0,
g8271,16353,36.24,0,
g8272,5217,39.49,0,
g8273,48698,36.02,0,
g8274,25751,34.29,0,
g8275,25417,33.4,0,
g8276,34178,36.53,0,
g8277,15865,33.96,0,
g8278,8970,33.47,0,
g8279,13166,39.0,0,
g828,1179,39.86,0,
g8280,12233,38.85,0,
g8281,13938,38.49,0,
g8282,1206,52.16,0,
g8283,4644,37.68,0,
g8284,7581,38.43,0,
g8285,570,68.95,0,
g8286,1686,43.12,0,
g8287,5898,37.74,0,
g8288,7764,35.2,0,
g8289,37027,36.88,0,
g829,4032,34.67,0,
g8290,24419,36.52,0,
g8291,4467,35.06,0,
g8292,2293,35.59,0,
g8293,1977,34.09,0,
g8294,52426,38.02,0,
g8295,33718,36.02,0,
g8296,3768,33.86,0,
g8297,288,60.76,0,
g8298,21422,36.4,0,
g8299,13205,36.44,0,
g83,3471,35.64,0,
g830,261,48.66,0,
g8300,28776,39.27,0,
g8301,14402,41.62,0,
g8302,3315,49.02,0,
g8303,684,46.93,0,
g8304,2292,31.76,0,
g8305,414,61.11,0,
g8306,1331,43.73,0,
g8307,18166,35.5,0,
g8308,15256,39.67,0,
g8309,2374,37.78,0,
g831,703,44.1,0,
g8310,14948,33.66,0,
g8311,550,32.0,0,
g8312,1221,32.02,0,
g8313,450,38.0,0,
g8314,491,52.95,0,
g8315,336,50.6,0,
g8316,1395,34.48,0,
g8317,3883,30.9,0,
g8318,978,37.83,0,
g8319,14972,32.01,0,
g832,2759,34.07,0,
g8320,6007,30.3,0,
g8321,25644,34.36,0,
g8322,741,48.85,0,
g8323,8687,38.17,0,
g8324,4633,33.65,0,
g8325,11386,38.17,0,
g8326,213,58.22,0,
g8327,2734,38.11,0,
g8328,1319,39.88,0,
g8329,330,48.48,0,
g833,15985,39.36,0,
g8330,923,46.8,0,
g8331,8932,35.89,0,
g8332,8776,34.26,0,
g8333,4568,38.27,0,
g8334,5267,36.97,0,
g8335,4342,30.17,0,
g8336,2290,31.48,0,
g8337,10943,36.64,0,
g8338,462,36.15,0,
g8339,4322,32.81,0,
g834,5619,35.26,0,
g8340,10684,36.39,0,
g8341,3260,34.08,0,
g8342,6052,36.6,0,
g8343,1124,35.94,0,
g8344,3323,37.56,0,
g8345,28509,37.37,0,
g8346,2536,35.29,0,
g8347,10131,36.17,0,
g8348,5809,33.96,0,
g8349,9787,38.79,0,
g835,246,73.58,0,
g8350,5302,33.5,0,
g8351,19346,35.79,0,
g8352,18780,36.15,0,
g8353,25727,34.36,0,
g8354,1430,32.38,0,
g8355,12456,33.93,0,
g8356,35784,36.36,0,
g8357,9382,34.1,0,
g8358,327,39.76,0,
g8359,2637,34.51,0,
g836,816,54.04,0,
g8360,25777,36.93,0,
g8361,4732,32.95,0,
g8362,3834,34.69,0,
g8363,12615,44.26,0,
g8364,21940,39.94,0,
g8365,8562,34.15,0,
g8366,11842,35.86,0,
g8367,2384,41.48,0,
g8368,11274,34.67,0,
g8369,10465,35.48,0,
g837,861,51.68,0,
g8370,11825,34.81,0,
g8371,1288,39.36,0,
g8372,12754,33.76,0,
g8373,5284,31.96,0,
g8374,34973,35.07,0,
g8375,4867,32.11,0,
g8376,29987,35.33,0,
g8377,19602,35.44,0,
g8378,8851,38.53,0,
g8379,291,39.18,0,
g838,2438,37.16,0,
g8380,3848,39.4,0,
g8381,11188,34.64,0,
g8382,13898,32.95,0,
g8383,1965,35.67,0,
g8384,4560,35.22,0,
g8385,3227,35.26,0,
g8386,240,39.17,0,
g8387,12650,34.21,0,
g8388,2238,39.1,0,
g8389,4525,34.36,0,
g839,303,60.73,0,
g8390,13680,31.98,0,
g8391,4932,33.07,0,
g8392,14221,34.96,0,
g8393,246,63.01,0,
g8394,375,64.27,0,
g8395,18300,34.33,0,
g8396,291,58.08,0,
g8397,351,32.48,0,
g8398,14510,36.44,0,
g8399,10760,38.22,0,
g84,291,47.08,0,
g840,225,70.22,0,
g8400,966,37.47,0,
g8401,6631,40.99,0,
g8402,10366,32.65,0,
g8403,7522,32.29,0,
g8404,10811,35.75,0,
g8405,31238,38.45,0,
g8406,1264,35.52,0,
g8407,297,64.98,0,
g8408,25562,37.76,0,
g8409,375,62.93,0,
g841,5001,37.31,0,
g8410,6522,39.22,0,
g8411,11019,30.82,0,
g8412,8919,33.85,0,
g8413,925,31.57,0,
g8414,234,66.67,0,
g8415,16401,35.61,0,
g8416,60072,35.46,0,
g8417,59661,35.36,0,
g8418,29601,36.83,0,
g8419,18309,36.12,0,
g842,18579,37.71,0,
g8420,6045,30.9,0,
g8421,3827,37.76,0,
g8422,7983,35.61,0,
g8423,3093,35.24,0,
g8424,5990,37.53,0,
g8425,3870,36.8,0,
g8426,906,45.92,0,
g8427,1197,46.78,0,
g8428,1182,48.22,0,
g8429,74266,38.6,0,
g843,5482,35.43,0,
g8430,9215,32.14,0,
g8431,7581,37.62,0,
g8432,19580,34.76,0,
g8433,28623,35.33,0,
g8434,6402,33.19,0,
g8435,6496,32.82,0,
g8436,6061,38.59,0,
g8437,15324,35.84,0,
g8438,9607,36.96,0,
g8439,66246,36.62,0,
g844,381,47.51,0,
g8440,3204,37.11,0,
g8441,3058,37.48,0,
g8442,24127,35.64,0,
g8443,14562,31.35,0,
g8444,37611,35.65,0,
g8445,3261,34.81,0,
g8446,6796,36.42,0,
g8447,11749,37.19,0,
g8448,11596,34.49,0,
g8449,87721,36.63,0,
g845,12233,37.06,0,
g8450,4660,46.89,0,
g8451,31789,34.43,0,
g8452,5119,31.84,0,
g8453,61289,35.04,0,
g8454,1209,54.67,0,
g8455,3659,48.02,0,
g8456,669,58.0,0,
g8457,1418,44.15,0,
g8458,70152,36.48,0,
g8459,14782,33.75,0,
g846,12829,36.51,0,
g8460,1861,34.44,0,
g8461,3462,37.29,0,
g8462,12028,37.79,0,
g8463,48502,36.77,0,
g8464,12895,35.18,0,
g8465,20690,34.66,0,
g8466,16883,35.21,0,
g8467,37308,35.27,0,
g8468,45420,38.52,0,
g8469,12114,37.06,0,
g847,8444,35.61,0,
g8470,2154,33.33,0,
g8471,216,55.56,0,
g8472,2172,31.35,0,
g8473,11828,33.61,0,
g8474,4435,30.17,0,
g8475,7796,36.1,0,
g8476,162847,36.04,0,
g8477,5163,31.69,0,
g8478,12996,38.9,0,
g8479,6492,37.57,0,
g848,7595,39.42,0,
g8480,1281,49.73,0,
g8481,1943,36.39,0,
g8482,12429,35.76,0,
g8483,13261,36.42,0,
g8484,879,36.97,0,
g8485,237,58.65,0,
g8486,41363,37.35,0,
g8487,11827,36.67,0,
g8488,405,44.2,0,
g8489,498,35.54,0,
g849,6060,39.27,0,
g8490,11897,34.09,0,
g8491,3697,41.47,0,
g8492,14506,39.27,0,
g8493,7924,36.59,0,
g8494,3418,33.76,0,
g8495,9368,34.7,0,
g8496,1931,44.74,0,
g8497,72371,36.41,0,
g8498,32488,38.19,0,
g8499,7606,33.76,0,
g85,219,50.68,0,
g850,2522,31.48,0,
g8500,21952,36.91,0,
g8501,12169,36.7,0,
g8502,15061,34.61,0,
g8503,8685,36.49,0,
g8504,29636,34.83,0,
g8505,8774,37.57,0,
g8506,4964,35.76,0,
g8507,2484,36.51,0,
g8508,19491,37.22,0,
g8509,9661,35.23,0,
g851,8044,36.18,0,
g8510,4204,36.42,0,
g8511,5967,32.61,0,
g8512,14222,38.43,0,
g8513,4879,34.33,0,
g8514,1986,38.82,0,
g8515,10298,35.16,0,
g8516,838,29.83,0,
g8517,15216,32.01,0,
g8518,1371,36.32,0,
g8519,486,53.91,0,
g852,3107,35.82,0,
g8520,3722,44.22,0,
g8521,225,67.56,0,
g8522,14770,35.38,0,
g8523,20025,35.39,0,
g8524,645,53.49,0,
g8525,13045,33.38,0,
g8526,672,42.26,0,
g8527,16564,38.81,0,
g8528,5461,38.33,0,
g8529,15329,36.49,0,
g853,8149,38.16,0,
g8530,381,33.86,0,
g8531,26111,33.66,0,
g8532,114418,36.57,0,
g8533,285,64.91,0,
g8534,4102,37.1,0,
g8535,21793,35.54,0,
g8536,11751,33.11,0,
g8537,1128,42.38,0,
g8538,4674,35.64,0,
g8539,7653,35.28,0,
g854,11144,35.53,0,
g8540,875,36.57,0,
g8541,441,25.62,0,
g8542,3182,31.8,0,
g8543,1218,32.68,0,
g8544,1011,32.74,0,
g8545,13864,30.53,0,
g8546,423,30.73,0,
g8547,936,30.34,0,
g8548,573,33.86,0,
g8549,504,27.78,0,
g855,5830,34.73,0,
g8550,8395,28.79,0,
g8551,1845,39.67,0,
g8552,2024,28.01,0,
g8553,1410,37.59,0,
g8554,4034,28.09,0,
g8555,5378,28.97,0,
g8556,1515,31.02,0,
g8557,918,33.77,0,
g8558,2352,31.29,0,
g8559,987,34.95,0,
g856,7248,34.33,0,
g8560,3341,30.83,0,
g8561,1074,36.31,0,
g8562,522,32.18,0,
g8563,1554,34.04,0,
g8564,1176,34.78,0,
g8565,2445,33.74,0,
g8566,1565,26.2,0,
g8567,2067,30.91,0,
g8568,579,29.71,0,
g8569,1029,36.15,0,
g857,200123,35.57,0,
g8570,5290,33.25,0,
g8571,1887,34.66,0,
g8572,4889,30.84,0,
g8573,537,32.96,0,
g8574,2936,31.13,0,
g8575,1158,31.95,0,
g8576,5214,38.3,0,
g8577,17858,28.92,0,
g8578,1350,31.41,0,
g8579,3432,30.01,0,
g858,29353,36.19,0,
g8580,648,31.48,0,
g8581,4171,30.98,0,
g8582,1314,35.69,0,
g8583,1323,30.46,0,
g8584,2878,30.75,0,
g8585,5506,29.17,0,
g8586,760,27.76,0,
g8587,1232,29.95,0,
g8588,2206,30.42,0,
g8589,1134,33.95,0,
g859,12748,34.54,0,
g8590,981,33.33,0,
g8591,3842,30.32,0,
g8592,3839,29.25,0,
g8593,10461,28.31,0,
g8594,957,31.66,0,
g8595,330,53.64,0,
g8596,4497,34.2,0,
g8597,1074,32.59,0,
g8598,4816,28.88,0,
g8599,4170,30.41,0,
g86,2121,40.83,0,
g860,31840,36.13,0,
g8600,4555,27.35,0,
g8601,1710,29.65,0,
g8602,1533,30.14,0,
g8603,990,28.08,0,
g8604,420,37.86,0,
g8605,477,35.01,0,
g8606,855,34.39,0,
g8607,2080,32.5,0,
g8608,741,34.41,0,
g8609,1149,36.29,0,
g861,5576,33.86,0,
g8610,1803,35.0,0,
g8611,381,30.97,0,
g8612,1695,33.69,0,
g8613,1086,33.15,0,
g8614,1098,34.06,0,
g8615,4838,32.47,0,
g8616,711,33.19,0,
g8617,6832,29.52,0,
g8618,1521,32.54,0,
g8619,711,33.19,0,
g862,11744,37.45,0,
g8620,1191,33.33,0,
g8621,1800,31.17,0,
g8622,1485,31.04,0,
g8623,2085,30.02,0,
g8624,1485,30.57,0,
g8625,5558,26.84,0,
g8626,444,36.49,0,
g8627,1140,31.93,0,
g8628,480,36.46,0,
g8629,360,33.61,0,
g863,8422,40.01,0,
g8630,498,27.91,0,
g8631,615,32.52,0,
g8632,1362,32.67,0,
g8633,3488,29.19,0,
g8634,2049,35.09,0,
g8635,702,29.06,0,
g8636,801,37.45,0,
g8637,939,34.08,0,
g8638,1023,34.51,0,
g8639,4176,30.46,0,
g864,31356,37.6,0,
g8640,1197,31.83,0,
g8641,375,33.33,0,
g8642,1323,34.24,0,
g8643,2717,35.33,0,
g8644,1506,36.39,0,
g8645,3517,30.42,0,
g8646,1101,35.15,0,
g8647,471,39.49,0,
g8648,3563,29.58,0,
g8649,1624,29.99,0,
g865,1537,32.66,0,
g8650,1830,30.93,0,
g8651,2139,31.51,0,
g8652,5066,31.92,0,
g8653,969,33.44,0,
g8654,831,31.29,0,
g8655,873,30.93,0,
g8656,441,30.16,0,
g8657,1575,31.43,0,
g8658,1218,30.13,0,
g8659,1050,33.71,0,
g866,360,68.89,0,
g8660,558,36.74,0,
g8661,1044,34.48,0,
g8662,1565,32.72,0,
g8663,3070,30.03,0,
g8664,11839,29.61,0,
g8665,318,36.79,0,
g8666,816,37.38,0,
g8667,732,34.97,0,
g8668,870,38.39,0,
g8669,3326,32.08,0,
g867,4515,37.03,0,
g8670,2588,29.37,0,
g8671,330,53.64,0,
g8672,677,51.55,0,
g8673,3084,24.48,0,
g8674,1200,30.42,0,
g8675,2140,29.95,0,
g8676,957,31.35,0,
g8677,663,33.79,0,
g8678,513,36.84,0,
g8679,4231,28.83,0,
g868,17513,40.76,0,
g8680,498,33.73,0,
g8681,6220,28.89,0,
g8682,3144,35.78,0,
g8683,3269,30.65,0,
g8684,732,31.56,0,
g8685,3421,33.12,0,
g8686,429,28.44,0,
g8687,423,32.86,0,
g8688,12816,32.88,0,
g8689,1963,41.47,0,
g869,1612,34.62,0,
g8690,582,42.44,0,
g8691,381,44.36,0,
g8692,64202,35.47,0,
g8693,3144,34.7,0,
g8694,29573,35.28,0,
g8695,10235,35.53,0,
g8696,32586,36.5,0,
g8697,279,75.63,0,
g8698,24619,32.62,0,
g8699,354,49.72,0,
g87,786,46.82,0,
g870,6873,36.03,0,
g8700,225,61.33,0,
g8701,7700,35.68,0,
g8702,86488,35.62,0,
g8703,524,38.36,0,
g8704,4017,34.75,0,
g8705,459,53.59,0,
g8706,282,53.55,0,
g8707,24504,35.94,0,
g8708,14902,34.27,0,
g8709,468,75.21,0,
g871,37791,38.33,0,
g8710,14457,36.34,0,
g8711,1278,37.95,0,
g8712,1011,53.12,0,
g8713,1029,54.32,0,
g8714,1014,52.37,0,
g8715,4538,32.94,0,
g8716,3259,34.86,0,
g8717,48501,36.43,0,
g8718,9451,37.58,0,
g8719,6348,41.1,0,
g872,1263,36.82,0,
g8720,243,59.67,0,
g8721,276,66.3,0,
g8722,2536,36.44,0,
g8723,12922,46.29,0,
g8724,2320,39.66,0,
g8725,741,41.7,0,
g8726,11434,35.59,0,
g8727,1669,29.48,0,
g8728,2684,29.28,0,
g8729,3136,35.17,0,
g873,1113,38.01,0,
g8730,14598,33.65,0,
g8731,29307,35.56,0,
g8732,894,44.07,0,
g8733,3492,33.88,0,
g8734,5784,38.14,0,
g8735,951,41.01,0,
g8736,4397,36.55,0,
g8737,2219,35.78,0,
g8738,330,53.94,0,
g8739,2668,34.48,0,
g874,9509,33.93,0,
g8740,6520,36.76,0,
g8741,4307,32.6,0,
g8742,14028,34.62,0,
g8743,14031,38.41,0,
g8744,55770,37.81,0,
g8745,13487,40.91,0,
g8746,3115,37.08,0,
g8747,4624,42.06,0,
g8748,2657,42.0,0,
g8749,888,64.3,0,
g875,8128,34.17,0,
g8750,8021,34.25,0,
g8751,341,28.74,0,
g8752,762,32.02,0,
g8753,4236,34.77,0,
g8754,786,37.79,0,
g8755,639,34.12,0,
g8756,11466,35.77,0,
g8757,7696,39.83,0,
g8758,507,46.15,0,
g8759,2401,38.03,0,
g876,34492,38.0,0,
g8760,5292,35.2,0,
g8761,2004,37.43,0,
g8762,4529,34.03,0,
g8763,1657,54.25,0,
g8764,1687,44.34,0,
g8765,423,69.74,0,
g8766,2983,41.87,0,
g8767,387,66.15,0,
g8768,1631,38.81,0,
g8769,3573,42.07,0,
g877,5375,39.16,0,
g8770,201,67.66,0,
g8771,2846,43.25,0,
g8772,7638,67.2,0,
g8773,2449,35.57,0,
g8774,8211,32.57,0,
g8775,534,38.2,0,
g8776,3672,30.72,0,
g8777,1747,30.57,0,
g8778,240,70.42,0,
g8779,291,61.17,0,
g878,4622,33.92,0,
g8780,11187,38.78,0,
g8781,21683,41.52,0,
g8782,34628,41.56,0,
g8783,225,72.89,0,
g8784,27326,39.53,0,
g8785,739,47.09,0,
g8786,366,48.09,0,
g8787,2479,35.98,0,
g8788,210,57.62,0,
g8789,1785,45.43,0,
g879,135781,36.68,0,
g8790,3332,34.12,0,
g8791,153325,37.33,0,
g8792,19997,36.3,0,
g8793,9907,36.16,0,
g8794,1488,37.43,0,
g8795,4310,35.85,0,
g8796,2514,44.75,0,
g8797,23528,37.2,0,
g8798,46441,36.49,0,
g8799,3711,32.23,0,
g88,4180,40.33,0,
g880,258,52.33,0,
g8800,1298,34.75,0,
g8801,506,32.41,0,
g8802,1300,35.38,0,
g8803,402,34.08,0,
g8804,2602,31.94,0,
g8805,1608,36.57,0,
g8806,5548,32.16,0,
g8807,25139,35.45,0,
g8808,31489,34.35,0,
g8809,9095,35.58,0,
g881,3045,35.6,0,
g8810,3368,34.14,0,
g8811,2490,56.14,0,
g8812,2028,39.45,0,
g8813,9182,35.84,0,
g8814,9894,38.34,0,
g8815,969,33.44,0,
g8816,9507,35.47,0,
g8817,17463,33.87,0,
g8818,19478,33.01,0,
g8819,2876,31.5,0,
g882,228,63.6,0,
g8820,525,35.05,0,
g8821,23858,34.39,0,
g8822,21998,37.3,0,
g8823,1562,38.35,0,
g8824,315,73.33,0,
g8825,3702,47.22,0,
g8826,281,47.33,0,
g8827,1373,46.1,0,
g8828,55767,38.4,0,
g8829,6517,37.96,0,
g883,3479,47.0,0,
g8830,10296,36.36,0,
g8831,10291,31.63,0,
g8832,36493,37.29,0,
g8833,20281,36.46,0,
g8834,12286,34.84,0,
g8835,705,28.79,0,
g8836,4511,36.87,0,
g8837,264,57.58,0,
g8838,12584,34.68,0,
g8839,12438,36.25,0,
g884,282,57.09,0,
g8840,300,58.67,0,
g8841,231,63.2,0,
g8842,1628,31.02,0,
g8843,8448,38.41,0,
g8844,6282,41.67,0,
g8845,9630,41.47,0,
g8846,19626,33.96,0,
g8847,504,60.52,0,
g8848,2711,28.37,0,
g8849,47527,36.34,0,
g885,357,53.22,0,
g8850,64191,36.43,0,
g8851,328,37.5,0,
g8852,1017,35.5,0,
g8853,10650,35.78,0,
g8854,322,46.89,0,
g8855,1200,48.0,0,
g8856,1185,48.52,0,
g8857,36569,36.17,0,
g8858,8070,34.92,0,
g8859,12915,36.11,0,
g886,3481,39.84,0,
g8860,18356,34.34,0,
g8861,6852,39.11,0,
g8862,4521,37.38,0,
g8863,947,32.42,0,
g8864,9070,38.7,0,
g8865,1272,36.95,0,
g8866,20340,34.36,0,
g8867,16657,35.29,0,
g8868,3055,39.08,0,
g8869,49395,34.69,0,
g887,16848,38.19,0,
g8870,11455,33.49,0,
g8871,3158,39.58,0,
g8872,7149,36.41,0,
g8873,360,70.56,0,
g8874,7806,33.74,0,
g8875,9770,37.49,0,
g8876,510,53.92,0,
g8877,6281,33.64,0,
g8878,46289,36.19,0,
g8879,12186,35.97,0,
g888,6201,38.06,0,
g8880,1229,51.34,0,
g8881,270,57.41,0,
g8882,39547,35.67,0,
g8883,19718,35.97,0,
g8884,1041,28.63,0,
g8885,5846,35.65,0,
g8886,2172,38.49,0,
g8887,372,41.94,0,
g8888,4269,32.94,0,
g8889,98112,35.89,0,
g889,270,71.11,0,
g8890,1032,45.93,0,
g8891,6189,39.1,0,
g8892,64724,36.41,0,
g8893,39467,35.98,0,
g8894,234,64.96,0,
g8895,336,49.4,0,
g8896,46566,38.58,0,
g8897,9631,40.29,0,
g8898,20990,38.69,0,
g8899,603,39.8,0,
g89,584,42.12,0,
g890,21116,41.13,0,
g8900,552,36.96,0,
g8901,17310,37.39,0,
g8902,1409,39.53,0,
g8903,777,48.13,0,
g8904,5234,37.33,0,
g8905,8899,38.2,0,
g8906,9927,37.23,0,
g8907,23454,40.12,0,
g8908,285,50.88,0,
g8909,2933,37.81,0,
g891,588,49.32,0,
g8910,315,61.27,0,
g8911,240,60.0,0,
g8912,2814,36.35,0,
g8913,423,39.48,0,
g8914,1152,54.86,0,
g8915,1712,49.53,0,
g8916,3903,34.1,0,
g8917,61859,38.3,0,
g8918,196,65.82,0,
g8919,249,68.27,0,
g892,270,54.81,0,
g8920,4878,36.76,0,
g8921,20747,38.23,0,
g8922,7646,35.22,0,
g8923,43622,33.46,0,
g8924,21548,37.37,0,
g8925,432,50.46,0,
g8926,3908,34.83,0,
g8927,12077,34.53,0,
g8928,6983,35.2,0,
g8929,11768,33.19,0,
g893,2708,35.49,0,
g8930,1095,60.82,0,
g8931,585,70.77,0,
g8932,11013,35.39,0,
g8933,10886,37.28,0,
g8934,29571,36.81,0,
g8935,237,75.11,0,
g8936,7984,33.18,0,
g8937,1987,36.89,0,
g8938,501,39.72,0,
g8939,1824,51.04,0,
g894,219,59.36,0,
g8940,7146,39.5,0,
g8941,5280,32.2,0,
g8942,19283,36.35,0,
g8943,16803,34.95,0,
g8944,14174,39.52,0,
g8945,862,42.58,0,
g8946,18373,40.11,0,
g8947,2184,40.48,0,
g8948,3218,46.18,0,
g8949,732,57.92,0,
g895,264,53.41,0,
g8950,24934,32.64,0,
g8951,7712,36.53,0,
g8952,9287,38.55,0,
g8953,4099,37.84,0,
g8954,8250,36.41,0,
g8955,1949,38.94,0,
g8956,11342,39.01,0,
g8957,6894,33.38,0,
g8958,4718,31.92,0,
g8959,21617,34.95,0,
g896,3610,34.65,0,
g8960,41038,36.2,0,
g8961,14278,33.34,0,
g8962,819,34.43,0,
g8963,2706,29.49,0,
g8964,6644,41.81,0,
g8965,767,39.77,0,
g8966,7192,32.31,0,
g8967,462,51.73,0,
g8968,5504,36.46,0,
g8969,1164,38.83,0,
g897,51051,34.21,0,
g8970,1932,25.57,0,
g8971,14990,37.75,0,
g8972,2509,31.05,0,
g8973,882,35.37,0,
g8974,8582,31.78,0,
g8975,1166,47.0,0,
g8976,14628,37.08,0,
g8977,13112,33.72,0,
g8978,27200,35.15,0,
g8979,10596,33.31,0,
g898,5336,37.87,0,
g8980,7164,35.13,0,
g8981,2377,33.78,0,
g8982,4617,35.35,0,
g8983,13872,39.43,0,
g8984,48819,39.94,0,
g8985,9365,35.23,0,
g8986,1730,34.34,0,
g8987,30096,38.97,0,
g8988,14513,37.6,0,
g8989,7105,33.72,0,
g899,9115,37.74,0,
g8990,12172,36.67,0,
g8991,384,40.62,0,
g8992,636,55.03,0,
g8993,43032,38.89,0,
g8994,216,60.19,0,
g8995,333,63.96,0,
g8996,255,69.8,0,
g8997,13942,37.46,0,
g8998,8909,35.62,0,
g8999,7939,37.3,0,
g9,1105,38.01,0,
g90,307,49.51,0,
g900,7729,33.19,0,
g9000,22427,35.46,0,
g9001,7378,36.13,0,
g9002,228,59.21,0,
g9003,252,59.92,0,
g9004,2309,44.26,0,
g9005,321,54.21,0,
g9006,207,72.46,0,
g9007,279,57.71,0,
g9008,25788,34.44,0,
g9009,7629,36.14,0,
g901,8101,34.74,0,
g9010,30230,39.46,0,
g9011,6136,37.94,0,
g9012,2788,48.89,0,
g9013,5928,38.6,0,
g9014,933,36.66,0,
g9015,6068,41.81,0,
g9016,20846,37.92,0,
g9017,6135,37.54,0,
g9018,1711,42.02,0,
g9019,33213,38.22,0,
g902,56302,35.82,0,
g9020,642,48.44,0,
g9021,294,57.82,0,
g9022,45177,36.69,0,
g9023,4155,33.41,0,
g9024,789,50.7,0,
g9025,8223,38.9,0,
g9026,8957,39.31,0,
g9027,44010,34.74,0,
g9028,17269,37.84,0,
g9029,17178,37.5,0,
g903,9918,37.76,0,
g9030,11862,35.2,0,
g9031,43795,36.76,0,
g9032,2098,57.29,0,
g9033,118230,37.88,0,
g9034,357,71.71,0,
g9035,324,63.58,0,
g9036,258,56.59,0,
g9037,384,58.59,0,
g9038,23441,40.26,0,
g9039,24954,34.82,0,
g904,83111,34.24,0,
g9040,309,54.69,0,
g9041,324,54.94,0,
g9042,6066,51.9,0,
g9043,800,62.38,0,
g9044,5798,35.32,0,
g9045,1835,32.97,0,
g9046,21515,38.8,0,
g9047,788,28.55,0,
g9048,7355,32.71,0,
g9049,1719,42.7,0,
g905,10246,35.7,0,
g9050,4721,37.3,0,
g9051,7027,32.13,0,
g9052,11837,34.66,0,
g9053,4699,37.31,0,
g9054,674,56.97,0,
g9055,6289,39.55,0,
g9056,14749,35.71,0,
g9057,948,34.81,0,
g9058,74480,36.14,0,
g9059,5563,37.53,0,
g906,981,42.2,0,
g9060,16401,37.92,0,
g9061,5789,36.43,0,
g9062,5820,39.66,0,
g9063,306,54.9,0,
g9064,26435,37.5,0,
g9065,1202,33.28,0,
g9066,3230,36.35,0,
g9067,1061,35.06,0,
g9068,10777,37.88,0,
g9069,48184,34.53,0,
g907,9066,37.69,0,
g9070,24097,36.0,0,
g9071,453,48.12,0,
g9072,1964,49.08,0,
g9073,5369,29.84,0,
g9074,34376,35.59,0,
g9075,2008,34.71,0,
g9076,1625,33.42,0,
g9077,618,38.03,0,
g9078,13128,35.79,0,
g9079,995,66.53,0,
g908,8970,35.5,0,
g9080,10844,31.01,0,
g9081,8277,36.78,0,
g9082,309,68.93,0,
g9083,507,71.79,0,
g9084,791,54.49,0,
g9085,803,52.18,0,
g9086,279,69.18,0,
g9087,5518,38.87,0,
g9088,2172,40.65,0,
g9089,468,60.26,0,
g909,7303,39.44,0,
g9090,342,67.25,0,
g9091,22287,44.86,0,
g9092,1459,50.45,0,
g9093,1729,41.06,0,
g9094,6470,36.57,0,
g9095,201,58.71,0,
g9096,297,68.69,0,
g9097,7600,36.97,0,
g9098,38077,36.9,0,
g9099,16820,34.49,0,
g91,4809,35.81,0,
g910,16010,40.02,0,
g9100,393,45.55,0,
g9101,1329,33.48,0,
g9102,22073,35.75,0,
g9103,52324,36.77,0,
g9104,853,32.83,0,
g9105,77211,35.75,0,
g9106,20214,32.51,0,
g9107,9515,32.31,0,
g9108,2058,36.1,0,
g9109,1248,40.46,0,
g911,8612,42.93,0,
g9110,1812,40.07,0,
g9111,10712,32.61,0,
g9112,1344,38.39,0,
g9113,42396,37.06,0,
g9114,29781,37.12,0,
g9115,7561,38.18,0,
g9116,10107,36.3,0,
g9117,348,56.9,0,
g9118,303,55.78,0,
g9119,50230,36.9,0,
g912,16390,41.86,0,
g9120,3260,33.37,0,
g9121,4286,32.87,0,
g9122,8278,31.28,0,
g9123,2009,37.33,0,
g9124,231,64.94,0,
g9125,255,66.67,0,
g9126,285,55.44,0,
g9127,312,70.83,0,
g9128,14999,49.98,0,
g9129,19335,34.61,0,
g913,2311,57.12,0,
g9130,24230,34.86,0,
g9131,2306,36.38,0,
g9132,288,54.86,0,
g9133,5954,34.93,0,
g9134,41036,36.42,0,
g9135,1127,44.37,0,
g9136,8049,35.78,0,
g9137,4575,39.8,0,
g9138,22083,34.84,0,
g9139,2283,33.55,0,
g914,11929,38.02,0,
g9140,7479,33.83,0,
g9141,633,38.07,0,
g9142,4385,35.32,0,
g9143,51697,36.76,0,
g9144,2318,35.59,0,
g9145,732,40.57,0,
g9146,29457,38.98,0,
g9147,2798,38.42,0,
g9148,10768,36.26,0,
g9149,4548,33.58,0,
g915,7577,34.62,0,
g9150,9639,38.14,0,
g9151,1341,64.06,0,
g9152,2147,39.64,0,
g9153,588,30.44,0,
g9154,458,33.62,0,
g9155,13832,32.1,0,
g9156,4478,32.16,0,
g9157,19509,38.21,0,
g9158,5953,32.79,0,
g9159,94397,36.85,0,
g916,19393,35.75,0,
g9160,5151,36.59,0,
g9161,2337,39.41,0,
g9162,33333,34.9,0,
g9163,10070,41.92,0,
g9164,855,35.44,0,
g9165,2798,32.02,0,
g9166,6916,35.84,0,
g9167,66772,35.99,0,
g9168,14876,34.68,0,
g9169,718,33.01,0,
g917,3601,45.15,0,
g9170,14715,33.95,0,
g9171,12587,33.84,0,
g9172,3952,33.65,0,
g9173,10678,33.26,0,
g9174,9818,36.74,0,
g9175,14778,36.86,0,
g9176,10170,36.02,0,
g9177,15744,34.55,0,
g9178,14816,35.54,0,
g9179,16601,36.07,0,
g918,366,61.75,0,
g9180,5643,31.92,0,
g9181,2816,32.17,0,
g9182,6080,32.68,0,
g9183,7693,34.45,0,
g9184,22901,35.32,0,
g9185,66715,35.21,0,
g9186,75597,35.62,0,
g9187,9116,37.83,0,
g9188,354,60.45,0,
g9189,17962,36.22,0,
g919,3933,37.3,0,
g9190,1511,41.56,0,
g9191,19211,37.73,0,
g9192,11467,37.46,0,
g9193,2943,33.27,0,
g9194,2381,47.59,0,
g9195,4579,48.7,0,
g9196,8115,34.98,0,
g9197,35652,38.34,0,
g9198,21583,38.55,0,
g9199,66629,38.22,0,
g92,2726,31.25,0,
g920,2858,36.91,0,
g9200,13663,42.29,0,
g9201,4073,31.33,0,
g9202,1881,39.93,0,
g9203,11787,33.58,0,
g9204,2818,51.6,0,
g9205,765,68.76,0,
g9206,3825,40.13,0,
g9207,288,52.78,0,
g9208,3969,34.87,0,
g9209,1185,36.96,0,
g921,2574,43.05,0,
g9210,9260,34.59,0,
g9211,342,56.73,0,
g9212,7748,36.56,0,
g9213,1218,42.61,0,
g9214,1512,54.83,0,
g9215,12788,34.41,0,
g9216,1686,37.96,0,
g9217,21053,35.72,0,
g9218,4392,38.5,0,
g9219,8422,35.22,0,
g922,2590,42.32,0,
g9220,7291,32.3,0,
g9221,5506,39.92,0,
g9222,562,38.43,0,
g9223,516,42.83,0,
g9224,246,36.59,0,
g9225,297,47.14,0,
g9226,399,53.63,0,
g9227,309,53.72,0,
g9228,2240,35.54,0,
g9229,669,36.47,0,
g923,288,42.01,0,
g9230,3319,40.64,0,
g9231,18056,38.82,0,
g9232,17462,34.22,0,
g9233,3292,36.24,0,
g9234,14903,35.58,0,
g9235,65111,33.77,0,
g9236,19241,36.85,0,
g9237,15055,39.48,0,
g9238,2408,33.39,0,
g9239,3930,34.15,0,
g924,3956,40.5,0,
g9240,3507,38.18,0,
g9241,9940,40.39,0,
g9242,4079,41.77,0,
g9243,5705,32.62,0,
g9244,10506,35.06,0,
g9245,882,43.2,0,
g9246,40407,39.78,0,
g9247,399,58.65,0,
g9248,1329,63.28,0,
g9249,1715,38.54,0,
g925,29576,35.45,0,
g9250,10947,36.23,0,
g9251,681,34.07,0,
g9252,365,57.26,0,
g9253,2419,33.77,0,
g9254,1717,35.06,0,
g9255,9052,35.57,0,
g9256,9706,35.08,0,
g9257,31330,36.49,0,
g9258,11039,43.48,0,
g9259,3749,37.72,0,
g926,33542,35.01,0,
g9260,12721,36.87,0,
g9261,11315,35.4,0,
g9262,18752,34.38,0,
g9263,9814,33.97,0,
g9264,9033,32.59,0,
g9265,2289,29.05,0,
g9266,24163,32.58,0,
g9267,4438,32.65,0,
g9268,59239,37.38,0,
g9269,1466,38.2,0,
g927,1942,30.43,0,
g9270,2525,40.36,0,
g9271,190367,37.13,0,
g9272,1110,41.8,0,
g9273,10310,37.9,0,
g9274,3885,41.8,0,
g9275,492,56.71,0,
g9276,552,57.43,0,
g9277,7364,37.52,0,
g9278,14330,38.07,0,
g9279,4714,36.57,0,
g928,25117,37.27,0,
g9280,5468,40.18,0,
g9281,1478,36.33,0,
g9282,4598,39.6,0,
g9283,8005,36.08,0,
g9284,7973,35.92,0,
g9285,9614,36.93,0,
g9286,5148,38.6,0,
g9287,4322,35.17,0,
g9288,6183,42.18,0,
g9289,2509,42.05,0,
g929,13065,34.4,0,
g9290,9872,38.22,0,
g9291,3895,46.55,0,
g9292,15867,35.29,0,
g9293,349,45.56,0,
g9294,1527,34.84,0,
g9295,6629,33.53,0,
g9296,6797,35.6,0,
g9297,34224,36.33,0,
g9298,23883,32.92,0,
g9299,3397,30.64,0,
g93,12593,34.87,0,
g930,25275,32.95,0,
g9300,1713,35.96,0,
g9301,5689,35.45,0,
g9302,369,30.62,0,
g9303,6879,34.64,0,
g9304,9544,31.92,0,
g9305,10941,34.72,0,
g9306,9264,39.01,0,
g9307,46383,36.79,0,
g9308,15066,34.12,0,
g9309,8639,39.15,0,
g931,11258,42.26,0,
g9310,33833,39.41,0,
g9311,10420,35.94,0,
g9312,1329,65.69,0,
g9313,9863,34.84,0,
g9314,507,47.93,0,
g9315,29872,34.91,0,
g9316,2924,31.6,0,
g9317,7942,35.8,0,
g9318,2281,38.4,0,
g9319,3700,36.84,0,
g932,6084,41.45,0,
g9320,40122,36.5,0,
g9321,41170,36.5,0,
g9322,19955,34.91,0,
g9323,30668,34.28,0,
g9324,16606,36.08,0,
g9325,1089,66.48,0,
g9326,1545,66.8,0,
g9327,1812,38.36,0,
g9328,1119,38.34,0,
g9329,2650,36.0,0,
g933,6437,48.38,0,
g9330,744,31.45,0,
g9331,3417,35.29,0,
g9332,1431,40.6,0,
g9333,20088,34.84,0,
g9334,2094,35.67,0,
g9335,1344,41.0,0,
g9336,61230,35.33,0,
g9337,5040,37.92,0,
g9338,2038,65.31,0,
g9339,36531,35.18,0,
g934,252,54.37,0,
g9340,276,57.97,0,
g9341,54971,40.24,0,
g9342,8828,38.2,0,
g9343,4515,39.58,0,
g9344,309,52.1,0,
g9345,27972,36.83,0,
g9346,13042,34.13,0,
g9347,3004,35.12,0,
g9348,65230,36.66,0,
g9349,384,71.09,0,
g935,8932,33.53,0,
g9350,780,63.21,0,
g9351,273,77.66,0,
g9352,16645,33.42,0,
g9353,17396,34.09,0,
g9354,13929,40.05,0,
g9355,1782,35.69,0,
g9356,2845,35.33,0,
g9357,28905,34.01,0,
g9358,7776,37.38,0,
g9359,48346,34.59,0,
g936,6117,38.89,0,
g9360,16558,37.23,0,
g9361,11155,34.94,0,
g9362,32176,35.68,0,
g9363,74751,35.35,0,
g9364,56815,35.97,0,
g9365,3740,34.79,0,
g9366,6627,39.84,0,
g9367,282,61.7,0,
g9368,11944,35.8,0,
g9369,6622,38.22,0,
g937,2789,38.47,0,
g9370,12122,39.18,0,
g9371,4292,35.07,0,
g9372,12161,33.24,0,
g9373,408,45.34,0,
g9374,3911,32.27,0,
g9375,10396,34.88,0,
g9376,5037,37.84,0,
g9377,697,35.29,0,
g9378,357,34.45,0,
g9379,375,42.67,0,
g938,8260,37.99,0,
g9380,7212,37.83,0,
g9381,842,55.94,0,
g9382,10980,36.17,0,
g9383,6253,35.44,0,
g9384,246,55.28,0,
g9385,22839,35.54,0,
g9386,7184,36.26,0,
g9387,1785,32.94,0,
g9388,25807,36.87,0,
g9389,8356,35.28,0,
g939,5194,34.77,0,
g9390,4205,32.6,0,
g9391,24914,36.01,0,
g9392,204,66.18,0,
g9393,564,36.52,0,
g9394,2253,55.53,0,
g9395,1214,43.25,0,
g9396,6609,35.78,0,
g9397,11094,37.48,0,
g9398,3998,35.32,0,
g9399,20885,36.42,0,
g94,6616,35.17,0,
g940,1981,31.55,0,
g9400,5453,41.92,0,
g9401,5847,39.54,0,
g9402,32402,36.96,0,
g9403,9754,33.17,0,
g9404,291,37.46,0,
g9405,446,33.18,0,
g9406,1923,33.8,0,
g9407,1140,39.47,0,
g9408,1712,37.79,0,
g9409,16063,34.26,0,
g941,2935,34.17,0,
g9410,7656,33.52,0,
g9411,1997,34.05,0,
g9412,4587,52.02,0,
g9413,9536,41.9,0,
g9414,561,62.21,0,
g9415,1118,52.68,0,
g9416,1117,52.55,0,
g9417,219,76.71,0,
g9418,279,68.46,0,
g9419,38231,40.02,0,
g942,18257,34.63,0,
g9420,2491,44.68,0,
g9421,312,60.58,0,
g9422,90333,37.14,0,
g9423,7344,37.11,0,
g9424,2348,39.78,0,
g9425,5594,49.93,0,
g9426,762,35.56,0,
g9427,807,46.1,0,
g9428,139369,35.78,0,
g9429,2972,50.13,0,
g943,7789,39.08,0,
g9430,13268,36.54,0,
g9431,246,43.09,0,
g9432,2389,36.08,0,
g9433,518,34.75,0,
g9434,3011,37.6,0,
g9435,57702,35.65,0,
g9436,900,39.67,0,
g9437,34400,35.13,0,
g9438,366,47.27,0,
g9439,210,50.95,0,
g944,2772,39.72,0,
g9440,660,32.12,0,
g9441,11076,39.2,0,
g9442,17791,36.19,0,
g9443,1020,49.51,0,
g9444,4187,36.54,0,
g9445,8325,34.11,0,
g9446,5619,31.59,0,
g9447,3593,37.21,0,
g9448,2379,35.77,0,
g9449,321,69.78,0,
g945,2059,39.49,0,
g9450,3936,36.79,0,
g9451,2471,38.37,0,
g9452,1640,37.62,0,
g9453,441,41.72,0,
g9454,599,33.22,0,
g9455,2955,33.06,0,
g9456,17925,35.46,0,
g9457,1259,33.28,0,
g9458,3737,32.78,0,
g9459,16629,33.01,0,
g946,5806,37.32,0,
g9460,23833,37.18,0,
g9461,1058,67.2,0,
g9462,12076,35.39,0,
g9463,15127,33.63,0,
g9464,1485,72.32,0,
g9465,17849,34.71,0,
g9466,63237,35.99,0,
g9467,950,38.84,0,
g9468,396,41.92,0,
g9469,300,45.33,0,
g947,1280,40.16,0,
g9470,1106,41.59,0,
g9471,2228,40.93,0,
g9472,4018,33.42,0,
g9473,765,38.04,0,
g9474,480,42.92,0,
g9475,11266,38.71,0,
g9476,376,40.69,0,
g9477,312,41.67,0,
g9478,201,58.21,0,
g9479,2831,36.74,0,
g948,3541,37.64,0,
g9480,285,60.35,0,
g9481,2894,40.32,0,
g9482,62914,36.58,0,
g9483,1332,43.99,0,
g9484,13575,36.99,0,
g9485,6010,35.27,0,
g9486,32872,35.59,0,
g9487,14780,37.7,0,
g9488,216,58.33,0,
g9489,3250,40.86,0,
g949,297,52.86,0,
g9490,470,39.57,0,
g9491,300,39.33,0,
g9492,39265,38.4,0,
g9493,24366,34.96,0,
g9494,5788,32.91,0,
g9495,8271,37.49,0,
g9496,8342,36.56,0,
g9497,366,56.28,0,
g9498,3715,31.76,0,
g9499,16536,37.87,0,
g95,21720,35.66,0,
g950,19181,36.98,0,
g9500,9321,34.12,0,
g9501,5118,37.18,0,
g9502,7965,37.99,0,
g9503,5357,36.61,0,
g9504,11508,33.03,0,
g9505,1239,36.8,0,
g9506,44020,33.95,0,
g9507,45444,34.78,0,
g9508,7034,40.52,0,
g9509,311,32.15,0,
g951,6051,33.8,0,
g9510,8403,34.18,0,
g9511,4520,32.26,0,
g9512,294,63.27,0,
g9513,1346,43.61,0,
g9514,6385,35.52,0,
g9515,8433,32.55,0,
g9516,4008,34.63,0,
g9517,4873,34.0,0,
g9518,585,47.01,0,
g9519,7094,35.85,0,
g952,303,61.39,0,
g9520,483,55.49,0,
g9521,468,51.07,0,
g9522,550,46.55,0,
g9523,219,59.36,0,
g9524,219,53.88,0,
g9525,249,55.82,0,
g9526,1056,50.57,0,
g9527,129303,36.78,0,
g9528,4594,37.94,0,
g9529,23912,36.93,0,
g953,8058,35.79,0,
g9530,2197,38.05,0,
g9531,3363,37.97,0,
g9532,10452,48.92,0,
g9533,2812,32.5,0,
g9534,12221,35.05,0,
g9535,6407,34.49,0,
g9536,19001,35.88,0,
g9537,4080,31.1,0,
g9538,13342,35.68,0,
g9539,27277,34.89,0,
g954,306,52.94,0,
g9540,5893,35.48,0,
g9541,4377,34.7,0,
g9542,1885,34.43,0,
g9543,3194,30.96,0,
g9544,11779,37.14,0,
g9545,12463,35.19,0,
g9546,54772,35.5,0,
g9547,50596,35.32,0,
g9548,10913,33.72,0,
g9549,12019,35.49,0,
g955,8312,30.7,0,
g9550,48467,35.58,0,
g9551,843,32.62,0,
g9552,69495,38.39,0,
g9553,7037,31.89,0,
g9554,2612,38.67,0,
g9555,72991,35.52,0,
g9556,288,44.79,0,
g9557,8473,38.55,0,
g9558,7809,35.41,0,
g9559,669,45.89,0,
g956,5352,39.67,0,
g9560,5478,37.95,0,
g9561,321,53.89,0,
g9562,3118,41.18,0,
g9563,11809,37.02,0,
g9564,4189,35.95,0,
g9565,8740,34.99,0,
g9566,8310,35.2,0,
g9567,18350,37.04,0,
g9568,53990,39.37,0,
g9569,19312,38.25,0,
g957,12292,35.42,0,
g9570,315,55.56,0,
g9571,2413,48.24,0,
g9572,6796,36.39,0,
g9573,336,49.7,0,
g9574,12466,39.8,0,
g9575,204,65.69,0,
g9576,741,56.68,0,
g9577,621,56.68,0,
g9578,531,60.64,0,
g9579,210,59.52,0,
g958,2417,32.27,0,
g9580,8881,40.45,0,
g9581,10272,40.62,0,
g9582,1711,39.57,0,
g9583,1866,39.23,0,
g9584,26678,38.42,0,
g9585,3944,34.79,0,
g9586,1738,38.2,0,
g9587,9311,40.76,0,
g9588,309,58.25,0,
g9589,5427,39.75,0,
g959,5566,34.66,0,
g9590,2122,41.05,0,
g9591,3099,43.95,0,
g9592,6355,39.26,0,
g9593,4361,33.82,0,
g9594,9482,36.17,0,
g9595,995,50.35,0,
g9596,7676,30.15,0,
g9597,10680,35.78,0,
g9598,5969,36.47,0,
g9599,294,40.14,0,
g96,19897,36.85,0,
g960,2949,36.62,0,
g9600,1134,31.75,0,
g9601,417,36.69,0,
g9602,271,59.78,0,
g9603,15880,39.94,0,
g9604,342,57.31,0,
g9605,1590,42.2,0,
g9606,24216,39.88,0,
g9607,408,41.42,0,
g9608,5836,36.69,0,
g9609,11586,41.0,0,
g961,363,65.01,0,
g9610,1358,31.37,0,
g9611,16692,35.85,0,
g9612,1567,35.48,0,
g9613,44922,37.0,0,
g9614,29069,36.09,0,
g9615,5578,38.56,0,
g9616,5854,35.02,0,
g9617,612,39.22,0,
g9618,297,37.04,0,
g9619,2135,40.94,0,
g962,1747,42.53,0,
g9620,1337,35.15,0,
g9621,4298,36.97,0,
g9622,9542,37.37,0,
g9623,9547,39.28,0,
g9624,4044,36.25,0,
g9625,252,62.3,0,
g9626,6049,33.63,0,
g9627,2209,37.94,0,
g9628,2463,36.13,0,
g9629,10837,34.17,0,
g963,2363,40.84,0,
g9630,7387,36.02,0,
g9631,387,56.85,0,
g9632,18125,46.53,0,
g9633,28749,36.49,0,
g9634,21030,35.64,0,
g9635,875,45.6,0,
g9636,10445,37.23,0,
g9637,30086,36.79,0,
g9638,18945,38.15,0,
g9639,19201,34.8,0,
g964,456,41.45,0,
g9640,23058,34.21,0,
g9641,7478,34.31,0,
g9642,1245,37.35,0,
g9643,2164,47.69,0,
g9644,1259,38.2,0,
g9645,4854,36.42,0,
g9646,34937,33.25,0,
g9647,21236,35.68,0,
g9648,1599,44.34,0,
g9649,15475,33.36,0,
g965,2554,40.84,0,
g9650,7458,32.25,0,
g9651,360,38.33,0,
g9652,2261,34.1,0,
g9653,20509,37.7,0,
g9654,1002,54.49,0,
g9655,7694,31.99,0,
g9656,243,57.2,0,
g9657,222,42.34,0,
g9658,1354,61.52,0,
g9659,312,78.53,0,
g966,2482,40.85,0,
g9660,8286,35.94,0,
g9661,597,50.75,0,
g9662,8847,36.51,0,
g9663,309,56.31,0,
g9664,1635,38.96,0,
g9665,5656,35.15,0,
g9666,13052,42.04,0,
g9667,3280,31.95,0,
g9668,11857,33.45,0,
g9669,3461,36.87,0,
g967,5108,37.71,0,
g9670,1474,42.47,0,
g9671,10618,35.7,0,
g9672,16648,35.06,0,
g9673,9453,35.1,0,
g9674,5656,35.8,0,
g9675,39060,35.92,0,
g9676,405,62.47,0,
g9677,21965,34.75,0,
g9678,18634,35.77,0,
g9679,18049,42.15,0,
g968,11238,36.45,0,
g9680,3103,37.54,0,
g9681,70072,35.9,0,
g9682,15036,33.76,0,
g9683,7614,36.14,0,
g9684,11636,33.99,0,
g9685,9941,34.86,0,
g9686,9659,34.52,0,
g9687,1200,36.58,0,
g9688,3129,42.51,0,
g9689,14249,38.81,0,
g969,14897,36.03,0,
g9690,2049,36.12,0,
g9691,12276,36.57,0,
g9692,3576,36.1,0,
g9693,3596,32.15,0,
g9694,12439,30.86,0,
g9695,8706,35.67,0,
g9696,7774,38.99,0,
g9697,1912,40.85,0,
g9698,24553,35.5,0,
g9699,315,48.25,0,
g97,14248,36.3,0,
g970,279,55.91,0,
g9700,17168,38.46,0,
g9701,28238,37.68,0,
g9702,270,50.37,0,
g9703,1570,33.89,0,
g9704,552,41.12,0,
g9705,3464,36.43,0,
g9706,303,42.24,0,
g9707,564,44.86,0,
g9708,704,48.58,0,
g9709,5456,52.42,0,
g971,2280,38.46,0,
g9710,312,53.21,0,
g9711,609,57.96,0,
g9712,2687,33.23,0,
g9713,243,67.49,0,
g9714,7125,38.79,0,
g9715,441,56.69,0,
g9716,8394,49.15,0,
g9717,15622,39.25,0,
g9718,13625,32.17,0,
g9719,4586,34.34,0,
g972,441,38.32,0,
g9720,3684,34.39,0,
g9721,14158,33.1,0,
g9722,11991,35.05,0,
g9723,6340,33.56,0,
g9724,5847,36.94,0,
g9725,15400,37.23,0,
g9726,7614,39.4,0,
g9727,17399,36.15,0,
g9728,18713,36.4,0,
g9729,765,42.75,0,
g973,1775,36.06,0,
g9730,33305,36.46,0,
g9731,23088,36.95,0,
g9732,12479,39.83,0,
g9733,14149,41.46,0,
g9734,94880,38.84,0,
g9735,23044,37.85,0,
g9736,678,46.46,0,
g9737,1585,44.48,0,
g9738,1361,35.93,0,
g9739,10417,34.86,0,
g974,4634,41.39,0,
g9740,735,37.41,0,
g9741,903,37.43,0,
g9742,1752,38.01,0,
g9743,17851,34.86,0,
g9744,57255,35.45,0,
g9745,1605,39.07,0,
g9746,294,59.86,0,
g9747,2807,32.85,0,
g9748,58739,36.43,0,
g9749,216,48.15,0,
g975,869,58.23,0,
g9750,861,48.43,0,
g9751,312,47.12,0,
g9752,647,52.24,0,
g9753,9971,35.06,0,
g9754,1392,46.84,0,
g9755,30730,36.84,0,
g9756,4169,32.19,0,
g9757,46936,36.64,0,
g9758,21546,37.76,0,
g9759,32318,35.35,0,
g976,48257,40.15,0,
g9760,456,58.77,0,
g9761,2643,36.02,0,
g9762,9544,40.16,0,
g9763,9052,35.64,0,
g9764,282,54.26,0,
g9765,2218,44.09,0,
g9766,384,62.24,0,
g9767,1217,37.06,0,
g9768,68273,37.23,0,
g9769,2560,30.51,0,
g977,2710,33.39,0,
g9770,4709,26.82,0,
g9771,1557,33.33,0,
g9772,1287,31.08,0,
g9773,4918,28.16,0,
g9774,3122,30.08,0,
g9775,831,33.81,0,
g9776,480,33.54,0,
g9777,5823,28.39,0,
g9778,1359,33.33,0,
g9779,702,32.76,0,
g978,2139,37.45,0,
g9780,588,35.03,0,
g9781,456,36.62,0,
g9782,8116,32.1,0,
g9783,3117,31.02,0,
g9784,1272,31.37,0,
g9785,11974,30.85,0,
g9786,885,34.8,0,
g9787,1977,31.51,0,
g9788,414,38.16,0,
g9789,381,36.48,0,
g979,252,41.67,0,
g9790,2037,36.82,0,
g9791,1194,38.86,0,
g9792,630,36.35,0,
g9793,872,32.8,0,
g9794,2196,36.38,0,
g9795,393,37.66,0,
g9796,369,37.67,0,
g9797,429,34.03,0,
g9798,396,30.81,0,
g9799,1450,35.79,0,
g98,45249,37.99,0,
g980,6354,34.81,0,
g9800,2400,33.04,0,
g9801,708,33.62,0,
g9802,969,32.51,0,
g9803,402,39.8,0,
g9804,600,33.33,0,
g9805,990,33.13,0,
g9806,14265,29.74,0,
g9807,432,34.49,0,
g9808,2196,30.33,0,
g9809,3360,30.0,0,
g981,35347,36.98,0,
g9810,432,30.79,0,
g9811,1356,29.65,0,
g9812,1275,32.39,0,
g9813,1407,32.76,0,
g9814,2610,26.02,0,
g9815,597,28.14,0,
g9816,1185,33.67,0,
g9817,3344,31.22,0,
g9818,18158,42.12,0,
g9819,19731,40.73,0,
g982,22746,35.54,0,
g9820,7285,36.42,0,
g9821,6332,39.51,0,
g9822,3225,54.95,0,
g9823,2601,41.1,0,
g9824,210,65.71,0,
g9825,95191,38.13,0,
g9826,593,31.7,0,
g9827,7219,34.58,0,
g9828,19769,37.4,0,
g9829,2357,36.23,0,
g983,10807,35.77,0,
g9830,4470,31.86,0,
g9831,339,51.92,0,
g9832,213,66.2,0,
g9833,249,68.67,0,
g9834,240,58.33,0,
g9835,1743,42.23,0,
g9836,2667,38.21,0,
g9837,5567,32.87,0,
g9838,12976,37.7,0,
g9839,39567,36.06,0,
g984,9677,39.52,0,
g9840,37111,37.14,0,
g9841,39180,36.62,0,
g9842,55082,37.1,0,
g9843,47082,37.68,0,
g9844,2679,31.28,0,
g9845,5602,37.36,0,
g9846,4753,37.32,0,
g9847,1523,39.72,0,
g9848,450,40.0,0,
g9849,5301,40.67,0,
g985,22243,38.07,0,
g9850,44827,37.75,0,
g9851,231,55.84,0,
g9852,3979,38.13,0,
g9853,5515,38.55,0,
g9854,414,33.09,0,
g9855,243,54.73,0,
g9856,4374,31.64,0,
g9857,3593,33.7,0,
g9858,1746,32.36,0,
g9859,513,43.66,0,
g986,3887,34.96,0,
g9860,401,47.13,0,
g9861,33779,40.39,0,
g9862,21926,34.64,0,
g9863,1167,38.05,0,
g9864,1182,40.61,0,
g9865,28439,37.63,0,
g9866,61406,35.85,0,
g9867,10137,33.15,0,
g9868,555,34.05,0,
g9869,8527,32.25,0,
g987,1079,38.83,0,
g9870,3009,32.44,0,
g9871,5839,31.44,0,
g9872,64959,34.61,0,
g9873,13188,36.02,0,
g9874,10046,44.04,0,
g9875,19218,38.09,0,
g9876,2617,37.83,0,
g9877,3497,33.2,0,
g9878,22866,36.87,0,
g9879,25674,36.64,0,
g988,15967,34.03,0,
g9880,9611,35.52,0,
g9881,612,40.85,0,
g9882,2504,30.27,0,
g9883,5149,33.09,0,
g9884,875,38.29,0,
g9885,2186,36.87,0,
g9886,819,38.34,0,
g9887,15391,32.69,0,
g9888,9373,33.04,0,
g9889,792,47.85,0,
g989,4317,31.32,0,
g9890,792,54.67,0,
g9891,783,47.0,0,
g9892,795,43.52,0,
g9893,5713,37.3,0,
g9894,5265,35.14,0,
g9895,554,49.1,0,
g9896,22223,36.1,0,
g9897,2616,40.06,0,
g9898,324,59.88,0,
g9899,330,58.18,0,
g99,483,41.2,0,
g990,1135,43.44,0,
g9900,59262,37.86,0,
g9901,20668,34.14,0,
g9902,279,64.16,0,
g9903,31076,37.09,0,
g9904,4660,37.79,0,
g9905,9866,35.15,0,
g9906,23733,34.8,0,
g9907,1001,38.26,0,
g9908,2522,31.44,0,
g9909,3417,44.83,0,
g991,252,53.17,0,
g9910,29764,36.9,0,
g9911,85595,37.19,0,
g9912,381,53.02,0,
g9913,3819,36.55,0,
g9914,5967,36.6,0,
g9915,3184,36.53,0,
g9916,1342,35.92,0,
g9917,43297,39.15,0,
g9918,7733,40.62,0,
g9919,13096,33.32,0,
g992,1081,52.17,0,
g9920,4351,30.75,0,
g9921,360,52.22,0,
g9922,1870,40.53,0,
g9923,657,74.12,0,
g9924,315,41.27,0,
g9925,315,41.59,0,
g9926,1212,39.85,0,
g9927,11449,32.55,0,
g9928,12112,38.53,0,
g9929,50779,38.76,0,
g993,351,56.13,0,
g9930,5879,40.6,0,
g9931,4646,37.8,0,
g9932,3422,35.15,0,
g9933,8106,32.98,0,
g9934,25338,35.46,0,
g9935,261,68.2,0,
g9936,714,34.87,0,
g9937,6225,33.64,0,
g9938,18977,36.08,0,
g9939,4459,31.17,0,
g994,1142,33.45,0,
g9940,4286,39.15,0,
g9941,17630,37.09,0,
g9942,6347,37.12,0,
g9943,3581,42.14,0,
g9944,7100,33.83,0,
g9945,3268,38.56,0,
g9946,13913,38.6,0,
g9947,4465,36.8,0,
g9948,3323,38.76,0,
g9949,8515,35.98,0,
g995,3854,60.87,0,
g9950,7079,38.04,0,
g9951,16136,40.88,0,
g9952,9435,37.02,0,
g9953,3307,34.23,0,
g9954,369,55.83,0,
g9955,147,48.3,0,
g9956,1470,38.1,0,
g9957,6767,35.57,0,
g9958,19829,37.92,0,
g9959,1156,55.1,0,
g996,381,55.12,0,
g9960,640,52.81,0,
g9961,1185,37.05,0,
g9962,1464,37.77,0,
g9963,210,59.05,0,
g9964,12716,34.22,0,
g9965,19466,36.02,0,
g9966,3694,36.71,0,
g9967,6579,33.35,0,
g9968,7897,33.1,0,
g9969,20528,35.09,0,
g997,240,53.33,0,
g9970,9713,35.91,0,
g9971,300,58.67,0,
g9972,255,56.47,0,
g9973,393,53.94,0,
g9974,498,59.24,0,
g9975,270,54.07,0,
g9976,396,39.65,0,
g9977,282,49.65,0,
g9978,240,42.08,0,
g9979,52543,36.56,0,
g998,1963,36.63,0,
g9980,2005,37.06,0,
g9981,56293,36.41,0,
g9982,4885,37.03,0,
g9983,261,63.98,0,
g9984,7434,48.91,0,
g9985,6551,38.41,0,
g9986,7549,32.11,0,
g9987,7569,36.04,0,
g9988,12074,33.76,0,
g9989,2460,37.07,0,
g999,1804,37.36,0,
g9990,5776,38.54,0,
g9991,91835,37.41,0,
g9992,30565,40.01,0,
g9993,1797,49.25,0,
g9994,2427,38.07,0,
g9995,49630,38.3,0,
g9996,7530,32.72,0,
g9997,35776,34.91,0,
g9998,22566,35.05,0,
g9999,79898,35.05,0,
