UniqueCount	AmbigCount
26	0
0	0
34	158
0	8
35	99
717	1196
194	0
7	1082
190	470
1154	2867
143	0
0	0
176	26
0	0
270	385
0	0
454	0
48	0
11	0
0	485
0	0
0	156
642	759
83	480
2	131
141	0
0	41
77	3858
7	0
0	0
8	0
27	73
0	12
6	563
0	2
0	10
74	49
0	5
264	402
0	0
77	3952
169	0
0	0
0	0
70	0
10	51
19	137
22	9
8	9
0	48
700	93
0	0
31	4
1	158
3	0
1	0
0	0
370	1130
0	84
0	17
60	2187
0	5
59	0
50	0
14	394
0	0
4	1
0	0
7	185
209	1041
13	1340
103	0
0	0
3	9
0	0
2	0
111	196
37	3
0	0
214	1876
11	2594
3	43
7	41
2	0
15	0
38	52
487	185
387	2316
613	0
781	931
18	0
77	0
375	2533
2	0
623	19
1075	485
20	214
4	80
4	293
108	1125
2	86
0	0
84	358
1207	263
0	0
115	448
147	0
4595	531
36	202
0	0
0	0
1	4
0	0
13	395
1	0
0	0
0	0
27	0
1	0
4	1367
350	0
6	255
9	53
0	0
0	0
15	2
58	6
18	1868
0	33
0	9
0	0
53	754
12	0
90	0
111	844
6	207
8	4
1	428
0	0
1	6
0	0
587	0
534	391
85	4
4	67
0	0
2	0
157	0
15	271
20	0
11	0
0	365
0	0
1	6
4	66
0	3
89	131
10	507
3842	105
0	0
0	0
2	115
153	199
28	1368
0	44
123	0
302	16
42	2
29	473
0	0
93	10
2117	156
20	41
2	28
53	48
0	32
0	0
6	15
0	0
117	242
166	26
1	0
1694	687
2	555
0	0
0	0
0	2
0	1
2	265
1	731
4	2
8	2
95	8
393	279
460	108
212	26
7	32
1876	0
0	0
0	0
41	4
0	132
235	0
0	0
3	0
421	935
9824	2260
579	34
26	51
0	257
5	14
105	1439
20	0
10592	911
2	75
0	0
1277	26
0	230
0	761
16	9
0	2
0	5
0	0
0	0
78	0
107	0
0	274
10	2160
119	108
217	1704
16	0
63	23
2	17
2	286
0	0
1	13
464	0
33	260
974	1557
0	0
11	0
14	0
3774	1653
8	423
179	76
7	74
35	0
241	822
159	0
0	0
1	1124
0	0
2	0
1	0
0	63
4	1240
36	1413
0	18
0	0
21	0
653	0
26	112
6	25
521	4
8	1
4	0
399	18
202	0
367	1398
77	0
0	0
0	0
0	0
0	0
221	8
186	0
9	1
0	160
0	0
33	15
0	0
137	1572
38	800
9	0
0	0
27	23
5	742
124	659
231	211
3	0
265	2990
0	0
0	0
1	0
0	0
1540	0
103	657
349	406
108	0
203	0
149	550
33	168
6	0
13	747
0	0
243	0
1644	22
0	6
38	16
5	33
131	638
97	41
1	121
5	85
0	0
0	30
5	0
16	87
4	677
0	0
148	423
76	183
0	0
0	0
0	0
0	0
3	45
0	0
15	2
95	0
1769	1158
18	43
308	0
230	1870
534	621
1115	2464
148	0
0	1
2	0
0	13
0	0
0	0
0	0
0	52
0	0
0	0
0	0
28	26
0	0
15	51
1299	268
213	830
967	909
56	440
256	0
187	2686
8	366
233	81
129	304
481	4
3236	30
1169	128
1	0
117	382
799	388
0	0
0	0
0	0
0	0
48	87
5519	6
104	54
969	242
500	324
14	273
47	457
215	0
731	3
14660	162
0	0
2467	0
0	241
0	116
376	628
14	0
58	0
203	3
60	202
75	0
4922	0
59	0
86	274
261	478
680	0
106	0
0	0
13	0
389	228
48	4
1226	0
0	0
4786	0
70	97
0	0
7	802
3	90
0	11
0	37
18	196
145	898
289	0
1	0
0	158
0	0
12	53
517	146
351	0
3721	0
444	29
138	0
217	0
836	1
274	0
44	23
0	57
0	0
5	96
164	562
81	2266
67	224
4562	0
686	27
69	0
778	0
447	0
351	307
185	0
23	1
0	0
256	0
130	0
114	0
211	1272
2	9
506	0
324	0
436	53
94	39
8	1524
4	0
96	0
623	2434
0	3
13	142
174	0
1849	105
523	1634
9	1580
0	0
37	72
0	0
4	223
19	0
0	0
4	0
2	10
0	0
0	0
0	0
1	0
5	33
133	62
31	420
0	60
8	18
2	60
33	50
0	0
0	0
0	37
0	0
776	11
25	166
54	40
194	818
394	0
65	0
60	0
77	13
26	34
1	50
1	876
0	7
0	15
104	420
0	0
2	6
208	1
2630	56
164	0
0	0
0	0
31	212
5	0
174	910
112	673
188	74
15	2
126	8
30	0
679	44
66	288
107	0
2	64
170	361
1	519
23	156
138	130
222	0
0	15
210	0
208	1
2	11
0	20
0	0
0	0
0	0
27	1
0	0
0	0
0	0
0	0
0	0
1	31
2	2
14	967
61	0
5	4
4	1898
2	315
0	229
150	1214
0	3
0	16
312	339
0	15
0	3
0	3
72	739
133	181
13	81
349	0
1411	34
168	578
9	2425
0	0
40	53
518	184
0	0
30	56
7	28
0	0
286	0
0	0
0	0
0	0
0	5
2	5
0	0
0	0
0	25
0	0
1	0
0	0
0	12
13	0
0	0
1321	60
0	0
2	0
0	0
5	34
38	24
91	1536
378	66
2443	0
2363	812
378	0
5	0
0	0
561	83
3	25
206	0
0	83
0	2388
2	0
0	0
13	180
191	0
116	0
430	271
1	0
41	1891
14	19
155	0
0	5
0	0
0	0
0	0
143	3
1	36
641	3271
0	0
25	0
0	14
19	0
1145	100
257	2
698	0
0	103
0	1
0	1
0	0
0	0
206	192
1	0
7	0
0	0
0	1
0	0
0	0
0	0
193	919
1	0
2	0
1	0
3	1
0	169
14	1284
17	20
4	31
357	4302
0	178
0	52
0	0
1	5
1	0
0	0
22	0
156	47
101	0
3	0
0	0
485	126
4	43
358	375
0	0
18	0
326	903
1136	66
20	326
133	1
5283	17
382	34
536	165
0	0
20	8
7	144
5	61
55	12
5	0
28	849
13	414
0	0
0	0
274	4008
1	0
10	0
0	0
108	449
157	912
1	340
317	2377
68	437
0	0
1	0
994	40
888	59
0	0
0	3
7	0
0	24
0	0
3	0
198	0
51	0
65	2543
215	0
3946	2
0	0
0	0
0	0
1	0
326	8
7	0
0	0
333	136
66	50
55	939
149	1356
150	1484
61	64
48	3024
146	11
2	0
0	60
15	0
2374	16
1	0
0	0
6	0
8	17
90	582
1	0
1	0
3	247
0	0
6	0
1092	303
10	2243
13	0
161	397
4	0
2	4
33	38
147	0
0	0
0	0
0	0
103	774
965	30
11	0
37	9
587	3644
0	52
261	6
574	2130
203	0
454	420
30	1719
0	0
76	409
0	0
71	20
0	55
3	4
146	216
123	99
0	0
35	122
26	53
158	11
107	918
2	1
2	2
0	0
277	1430
234	360
17	0
88	0
27	0
0	0
0	0
0	0
0	24
65	363
0	27
0	0
0	0
4	82
97	642
17	2458
38	39
47	773
2	0
1493	231
0	0
27	0
0	0
0	0
151	10
0	8
3	561
102	56
35	56
119	96
21	802
96	150
440	957
311	246
338	0
586	0
29	0
172	801
37	0
0	0
0	260
4	509
3	805
0	0
0	0
5	0
5	0
261	167
29	15
11	3
18	44
1	910
33	0
0	166
3	113
284	1148
0	0
0	0
1	0
1	1569
1	317
0	0
0	0
0	0
16	387
2	503
44	35
650	37
182	18
14	170
469	114
3	18
42	523
6	2107
11	196
353	392
369	2269
0	3
371	79
1	1
350	28
50	252
0	593
877	1189
0	17
1	0
3	140
0	0
2	0
0	0
506	256
199	0
216	56
288	0
583	0
90	1
26	110
29	468
0	0
58	15
10	507
0	0
56	0
1	8
0	2
7	3
0	653
0	1
0	80
16	0
22	184
1	22
1	3
0	131
3	1
0	0
0	0
383	21
907	13
268	0
102	386
1735	860
799	832
0	0
372	1159
765	149
24	0
415	126
1	0
71	0
0	17
297	0
150	0
314	38
294	0
361	429
57	0
2	0
3	0
2	0
2771	0
75	77
18	42
259	20
381	256
2	0
0	0
152	300
22	3
44	21
2	6
9	19
0	70
8	1418
97	0
0	3
17	195
12	334
181	0
1	1
0	0
5	7
15	90
23	0
2	857
0	4
1	0
2569	0
1	0
195	876
0	0
3	152
1	0
0	0
20	2583
0	0
0	0
153	331
3	1
129	58
71	180
198	0
16	82
4	20
33	57
1	0
23	296
2	115
205	77
193	0
18	3
49	1498
121	0
5369	3
3445	534
8	0
0	0
0	0
1295	109
426	203
770	1075
310	0
0	22
2	209
54	4
142	509
0	0
171	3131
9	4
0	179
0	0
33	0
0	0
12	542
0	0
0	0
0	0
0	0
0	0
0	0
0	0
4	33
0	0
0	0
0	0
0	6
1	64
0	0
0	25
9	0
55	180
9	188
0	0
6	97
0	1
7	2
0	0
0	23
7	124
1	0
30	0
0	1
1	19
0	0
8	463
18	424
0	30
0	0
4	13
15	201
0	0
0	0
0	0
6137	569
0	120
144	14
0	0
60	3
0	199
3272	3
0	0
0	0
1098	13
1600	468
0	0
1	22
1	0
15	15
0	46
0	38
0	0
9	63
0	0
47	0
10	0
63	12
92	2750
4	49
0	0
0	0
0	0
0	0
1076	0
3	33
36	73
22	208
31	0
7	2
121	3940
300	8
235	0
0	0
81	208
105	0
231	73
123	0
42	2433
0	442
138	1413
0	438
1	0
38	21
3	56
0	10
4	5
0	0
164	1590
0	0
0	5
0	0
330	635
173	0
25	22
63	49
138	257
106	123
124	0
198	32
108	0
22	0
2027	0
452	875
0	0
21	195
0	0
37	95
34	55
4	164
0	0
0	0
7	0
1	0
57	0
14	234
0	0
0	0
315	3
380	132
400	2
361	0
23	882
0	0
0	0
80	399
0	29
0	37
0	0
0	61
86	0
20	1
0	0
0	1
27	0
1	0
2387	0
2	16
1775	222
3	0
1195	296
1416	834
2	93
1	1827
19	0
3	1
138	2207
39	779
4	156
52	461
0	55
249	2367
1	0
0	0
4	2168
0	201
0	0
0	0
1181	94
65	1476
17	15
11	0
2	56
4	0
24	216
162	0
494	3209
2370	0
793	221
52	1725
0	0
0	0
0	129
0	0
2	331
0	0
0	0
26	726
116	132
225	0
2	207
1	0
15	0
0	370
8	338
5	105
0	0
186	182
42	147
36	10
112	17
768	338
630	0
32	0
26	0
20	3518
7	254
8	216
5	1399
749	0
177	0
93	0
242	0
1931	146
128	29
940	262
7	17
231	6100
288	382
1	0
73	333
190	0
160	68
0	1
1	3
67	222
17	580
483	0
1085	133
1085	1
20	99
41	15
83	1784
46	3163
85	2943
4	66
104	57
1	22
16	132
78	451
7	1552
10	7
4	643
5887	0
40	0
0	0
0	0
9	21
166	0
982	1316
0	0
205	0
42	218
118	0
271	51
0	1
101	30
548	0
0	0
0	0
113	687
2	505
0	0
3	1995
154	0
571	765
0	30
0	0
0	0
234	0
5	894
1246	73
356	2981
134	103
353	0
72500	1
467	29
0	14
700	1014
85	40
1256	0
24	0
969	114
115	36
0	131
230	3
199	0
6	0
261	108
222	289
171	274
0	0
10	30
2	43
79	3576
0	18
1	0
0	57
10	7
19	274
1770	0
1411	1070
0	0
5	0
655	0
0	25
1	4
2	22
0	52
2	2140
129	128
849	576
1754	860
0	0
56	0
0	0
0	0
3	303
0	0
0	0
11	0
19	169
2699	283
498	159
15	324
62	0
18	63
29	758
0	1
194	3
325	1516
70	74
9	5
9	1
405	517
0	0
1	0
0	0
35	406
0	0
1	45
75	179
4	7
12	0
1127	76
16	0
53	0
214	26
2	0
34	0
82	0
56	0
46	0
30	0
33	0
89	219
7	0
55	2
49	0
218	50
0	11
132	0
134	0
139	15
67	0
27	5
96	0
35	0
110	132
27	73
1	0
174	8
1519	1350
376	19
249	136
0	0
1	32
226	80
41	3
25	14
0	0
0	0
0	0
611	718
40	1
0	17
0	0
0	0
0	76
491	0
1194	9
4	0
0	26
0	0
0	39
0	0
0	0
51	87
25	27
3	52
0	0
532	2650
44	402
16	0
62	0
7	93
34	121
99	5
0	0
108	1
225	547
4	11
0	9
645	339
147	265
0	74
1	295
18	16
0	3
71	482
36	105
0	0
2	3154
7	335
363	387
0	0
7	12
0	0
263	262
4	5
40	38
86	10
329	541
883	697
4	0
449	139
0	15
37	364
0	0
107	0
2004	0
4	118
17	1742
278	616
2	197
29	77
1	94
0	8
2	0
200	21
5	0
0	0
4	1
0	0
5	0
0	0
14	6
21	1
1	0
0	91
0	0
495	309
197	0
157	127
13	0
69	36
76	349
26	0
0	0
0	0
62	288
48	57
0	170
202	2
2339	18
15	70
12	33
0	0
10	668
4	0
271	3152
21	0
90	1384
0	0
73	0
37	43
4	0
0	10
64	60
63	319
156	758
158	2737
0	0
321	0
0	0
0	0
166	0
0	12
322	12
22	13
11	172
337	49
119	10
277	0
713	53
0	16
327	15
240	0
50	925
14	9
1620	14
154	2061
1150	1506
133	25
524	1
1	0
53	27
5	68
0	36
0	2464
155	24
26	0
450	2
217	2418
1	1039
0	0
0	357
4	0
4	42
1131	254
56	4
48	0
138	1
0	0
0	0
108	0
0	0
2	6
1308	1356
102	2151
12	27
5	81
103	25
60	2815
0	4
7	122
2	7
0	22
22	0
107	149
73	79
1870	10
1547	0
1014	234
0	118
105	20
6	14
4	120
100	0
1	0
17	2181
19	4
17	457
2	12
13	36
0	43
6	516
354	875
8	27
11	12
2	628
247	5340
46	0
1080	629
555	475
4	1
1061	0
293	57
207	0
23	0
0	45
1127	1290
313	0
52	390
166	0
683	672
181	762
0	24
0	157
12	0
305	0
29	204
21	299
380	3
3	3209
3	0
0	0
0	0
0	1
2998	262
0	10
0	0
168	47
0	0
359	0
432	206
112	0
180	3
0	0
2	4
116	746
2	180
0	0
4	178
2	578
183	285
0	190
47	77
23	543
1328	76
33	1
291	1777
0	0
23	107
11	0
251	10
10	737
7566	1
968	430
0	11
26	103
36	1230
33	47
214	23
150	300
27	241
98	674
0	33358
60	1624
4	413
0	26
0	3
29	53
1	2
27	178
0	0
0	0
1	245
11	412
14	230
58	2
1	2
6	146
387	196
125	0
136	10
0	267
836	332
2	0
1	8
14	53
28	841
1317	0
2	30
717	11
70	588
565	0
26	3497
233	5545
1739	317
0	0
10	20
478	172
9	73
359	1148
443	21
31	0
3	0
0	0
0	0
34	1034
0	4
36	0
0	18
312	512
0	26
0	0
0	0
1	13
0	0
0	0
0	0
2509	0
1	0
1249	617
0	0
19	0
0	2860
9	1
484	602
160	0
442	0
167	0
47	27
0	65
0	0
3	0
15	11
1	2
2	43
125	233
0	209
88	46
22	1
0	0
0	0
1	0
0	0
0	0
6	677
0	0
1	4
298	5
57	24
67	865
32	7
3	1
0	0
4	160
3	54
63	232
0	0
0	21
0	0
0	0
0	0
17	631
0	0
541	161
6	1
22	170
2511	2353
1	0
58	1787
18	0
99	3
5	1221
0	25
118	681
54	3297
0	49
6	5
0	0
562	38
1	0
2	5
226	448
215	511
0	29
280	1165
0	8
0	0
7	0
1	14
119	0
151	24
14	252
71	238
12	235
504	300
0	0
260	1
0	0
0	50
0	295
0	0
2	0
2	0
169	2543
150	108
22	62
1378	79
128	447
56	173
138	101
0	17
148	358
15	58
5	59
362	4
1	274
509	2
2	17
88	441
2528	14
253	12
31	17
7	0
91	259
0	0
7	1518
293	168
50	1247
456	55
71	3
102	119
108	1
382	594
145	0
90	0
24	183
40	2457
0	0
0	0
15	101
36	174
44	1651
0	14
4	0
62	80
0	0
0	0
0	0
0	11
726	1574
415	7668
24	1
82	2
151	26
821	374
718	0
298	0
39	38
47	120
53	134
873	0
0	0
4	0
6	0
12	65
1	2
3	33
31	742
1	26
0	0
3	82
0	0
56	1643
305	705
124	436
1	85
351	49
88	0
380	41
17	807
0	39
0	0
2	0
0	0
486	2
0	65
0	0
0	0
1193	0
95	59
521	1850
225	273
982	230
3	11
1362	13
0	0
337	259
7	44
0	0
78	0
164	0
2	0
0	20
0	18
6	0
840	461
0	0
12	0
468	50
75	0
35	152
370	0
0	16
0	0
0	0
0	23
1	0
0	0
0	0
0	0
256	0
567	1204
0	0
1197	3315
4676	2
10798	11458
7	30
3916	11846
6	0
34	0
348	0
0	1
134	2118
120	127
0	0
0	0
0	2
94	300
12	0
26	0
7	869
197	0
72	1
59	264
304	2
99	202
245	25
0	2
0	0
296	681
0	0
3	185
1424	125
4	0
166	0
98	38
22	2215
2	59
0	0
0	8
117	6
2	0
432	3667
0	0
85	27
0	0
1	157
0	0
0	0
16	94
0	0
0	0
832	4
1251	288
82	140
0	0
4	8
19	1
0	1
5	11
1	1
43	0
76	91
2	0
254	0
2	0
876	648
131	0
11	0
57	0
320	35
2	0
136	472
0	0
68	746
317	105
97	7
156	0
532	0
199	0
30	0
700	0
1428	6
898	0
861	0
0	0
0	0
1	1
7	1
93	171
86	282
1632	0
1012	98
52	106
5	52
0	0
0	26
0	0
42	1
0	1
6	0
131	301
109	328
21	843
12	4
0	0
711	0
11	0
36	0
129	10
116	11
28	881
280	1369
0	3
0	9
390	0
1	15
643	1
623	5001
0	3
6	823
0	0
22	0
18	0
0	0
70	0
0	0
0	0
26	3
21	12
5	79
0	28
0	0
0	0
11	28
42	86
19	36
6	2393
1	82
602	23
0	0
4	1
1	0
6	0
615	63
10	56
0	2
118	68
75	0
204	114
798	23
112	153
56	75
258	1018
325	448
2789	0
1622	0
526	0
13	0
1580	378
419	1718
614	1294
49	116
1	452
0	0
29	603
285	274
0	0
3	0
19	76
10	0
39	0
44	8280
2	0
0	0
2	64
63	215
135	791
0	29
0	0
629	0
140	0
3198	5
1	25
188	1536
127	673
0	0
0	0
342	1451
23	17
12	2
24	1090
3	0
80	0
11	41
54	0
628	316
144	457
0	0
7	432
0	6
8	146
0	62
2	1
28	0
3	9
418	179
0	204
152	575
13	4
138	0
166	7
45	1
391	7
6	11
14	17
13	119
35	4754
0	80
0	0
1	0
282	432
0	0
53	135
0	203
11	2223
320	327
1	83
506	7
35	227
1	0
0	1
3	134
4	22
160	2096
10	974
61	73
196	12
195	1
35	281
3	55
0	6
6	262
567	557
100	2817
0	0
108	234
5	18
119	1708
17	59
188	0
54	0
0	0
112	383
2	0
358	0
274	1
2949	391
40	156
684	216
43	0
3	0
76	86
12	294
618	124
7	46
1287	0
6	0
374	30
39	1833
91	268
2	114
101	4
3	0
129	0
0	0
2784	2000
144	0
69	2097
115	71
0	0
4	0
0	0
26	611
9	0
293	106
115	955
4	0
99	3973
181	10
0	0
9	3
29	114
12	10
302	228
226	4
46	0
261	0
525	357
0	0
13	112
132	9
20441	10
188	3
129	199
125	1702
0	0
292	6
640	98
768	209
771	2206
9	1
309	0
67	530
0	0
0	0
5	373
0	0
0	0
0	0
0	0
0	0
2	192
0	0
5	0
595	0
50	0
45	231
522	212
2	0
8	0
0	0
0	0
120	740
179	3
4028	226
0	0
0	0
153	1265
93	527
59	2157
21	3226
16	165
1	0
19	0
0	163
130	357
1	126
3068	53
120	23
0	0
12	1
44	0
8	61
0	14
30	181
641	3
20	0
12	0
7	0
168	14
426	0
14	147
780	679
829	503
1980	1297
3	0
2	85
10	790
1	247
21	172
0	0
5	2
0	1
10	3
721	301
93	0
0	104
21	841
108	1531
188	295
0	92
345	52
510	1
0	0
806	24
312	810
18	0
117	259
390	157
249	2636
38	0
16	348
0	0
0	24
0	0
128	0
214	0
478	33
140	0
4367	1
28	1
0	74
0	156
149	0
0	0
0	366
11	1204
41	43
63	2
131	3
913	532
1	0
22	23
171	91
0	0
74	3
15	0
2	0
294	620
836	15
0	0
273	24
0	45
0	10
102	0
0	7
31	137
307	0
1	119
48	2787
0	0
0	1
21	106
0	0
25	492
2	827
11	7
0	0
0	97
45	250
10	186
41	0
1	0
8	0
6	106
2	210
0	52
5	14
4	2
226	4215
0	0
0	0
0	0
0	0
0	0
0	0
0	0
0	0
187	1191
0	15
1	11
5	0
1157	0
212	1297
2486	25
339	1
62	0
104	0
70	0
32	0
20	25
47	262
0	0
220	0
119	20
385	561
0	141
42	0
1	0
1	0
0	0
735	4294
240	62
0	0
0	0
2	485
42	922
2	0
6	642
4	1719
21	837
1	0
15	0
123	0
1355	2918
1139	0
195	232
30	58
200	60
225	258
6	50
351	403
17	58
4	313
120	2716
172	56
4	684
6	48
0	1
0	4
0	2
42	0
1627	104
1571	671
101	0
6	145
26	344
0	15
2	145
298	119
0	0
0	1
4	2
16	43
6	0
0	3
514	66
76	2021
1	0
0	0
10	39
71	0
408	0
414	0
476	0
402	0
0	0
1495	5
20	14
8	0
1232	33
424	2608
197	168
181	0
118	0
34	6
1110	4
263	475
537	346
0	18
183	1
1909	21
174	235
98	0
765	0
220	52
2083	0
498	604
88	0
808	29
3	0
2	84
3	0
11	22
11	55
15	1
1	0
0	80
60	1
4	0
100	0
543	204
12	1
0	0
44	72
378	162
61	97
0	0
0	0
0	0
5	258
543	10
431	1614
0	0
175	1970
4	0
5	0
47	3
110	163
14	1
2	3
20	0
22	137
0	0
0	0
0	0
0	0
2	0
0	0
0	0
43	433
49	0
7	58
1277	455
819	0
11	50
100	220
65	102
0	0
12	2036
328	166
0	259
63	1728
29	0
3	0
11	89
0	104
12	290
0	0
0	2
1	0
11	168
198	38
3925	78
524	0
223	247
11	0
0	0
98	626
0	0
25	10
5	11
81	148
51	1362
0	0
0	0
29	202
0	0
0	0
2	0
230	72
3	177
0	0
0	0
0	0
0	0
0	0
0	0
123	1991
0	0
0	0
0	0
0	0
0	0
0	0
0	0
0	0
0	0
0	7
148	0
1	385
36	3
156	607
328	197
194	947
615	2290
133	0
13	0
16	1555
5	0
885	74
14	984
531	203
254	87
0	0
250	152
0	0
460	13
235	0
642	0
1185	429
0	0
21	243
640	2
28	0
72	176
322	640
146	22
7	414
50	149
31	67
127	0
21	0
24	348
184	307
1	62
1	110
190	2397
1090	213
0	0
1	0
2	2164
2	688
51	128
743	2298
244	0
111	107
1178	7
0	0
31	127
0	0
2	436
3	4
352	237
129	1679
228	0
213	890
49	104
112	230
121	3469
217	130
7	991
185	122
4635	290
1	645
0	227
4	78
1	9
944	0
1058	0
325	752
17	34
0	40
8	171
10	15
11	88
5	1631
0	0
0	0
0	0
0	0
0	0
0	0
13	1
0	0
0	0
2	0
0	0
17	0
2	357
0	0
0	0
0	0
13	0
5	62
596	794
29	15
145	0
8	0
3904	1428
5313	2
1	82
3	0
74	1
0	7
5	0
92	8
325	0
804	1
1721	53
130	0
498	0
287	4
188	17
390	3320
0	0
342	1435
39	0
295	220
4	107
326	0
34	0
154	1
219	0
224	1644
2080	3728
8	503
5	133
649	3
6	6
5	1
11	0
0	0
13	0
0	0
0	59
25	23
319	0
272	0
444	422
677	143
0	8
0	0
0	0
11	0
0	0
0	120
83	0
14	0
0	0
1	112
6	0
0	0
0	0
8	0
0	195
4	0
130	219
728	200
95	0
4	113
0	0
8	221
0	28
2290	563
0	0
11	418
0	0
475	0
149	558
489	1262
59	0
220	848
1010	15
304	630
3792	1719
7	137
73	229
0	0
0	0
0	0
1	31
533	1117
87	1
0	0
3	10
517	0
96	475
2995	134
0	0
1	0
0	0
205	4675
13	85
0	53
61	0
6	27
0	0
5	4
0	0
0	0
166	0
191	2
0	0
1364	11
643	836
1	0
503	3
0	0
110	453
9	4
21	7
0	0
16	95
0	30
6	1408
0	160
713	2333
70	31
0	0
2	87
624	56
309	175
26	0
367	0
1552	72
21	115
96	5513
5	0
17	3
0	0
0	0
0	0
51	109
119	3
22	122
18	33
20	92
271	2
48	0
675	2
139	14
0	27
1	0
10	1
78	7
1747	62
0	0
0	0
0	0
0	0
0	0
85	258
200	548
0	587
17	0
12	0
10	0
0	0
2	0
0	0
5	0
2	0
128	0
114	127
0	160
1	130
0	5
52	90
720	290
206	0
28	0
41	498
1	0
0	0
32	34
95	371
0	0
413	1
335	509
0	43
95	3716
0	0
3	143
8	448
0	0
6	756
11	32
2	207
18	95
69	21
805	56
1	23
0	0
96	0
59	0
5	21
6	73
0	0
0	0
28	0
4	3
52	98
0	1009
0	0
13	0
2	0
3	17
954	0
3	6
251	0
653	32
29	0
530	1267
128	22
588	28
108	2
5	0
265	0
0	366
17	21
0	0
0	0
400	1333
9	865
465	7
1	3
492	805
270	6
130	237
63	843
0	0
13	30
104	0
7267	0
579	0
302	2
13	199
0	3
7	268
156	0
796	0
45	498
139	2
700	1
0	65
225	416
230	152
11	81
13	0
158	355
1	3
337	4
0	0
93	782
13	124
1419	4421
2530	0
1144	318
91	354
90	21
133	64
0	0
3	2786
0	710
0	0
0	230
87	673
484	0
3	0
11	1
2	6
93	111
1536	2334
24	634
97	1596
55	224
12946	0
7124	0
250	0
645	0
93	349
14	2281
2	27
0	0
0	0
2	0
593	0
41	39
19	1702
596	819
6	334
222	210
179	0
46	0
43	45
37	2536
12	25
95	986
2	0
7	21
0	0
207	711
55	0
3021	3130
359	0
116	0
3151	0
121	460
178	61
116	190
104	88
5	25
0	0
0	0
59	665
1693	1095
63	189
447	300
1	0
0	59
0	0
1	1
51	89
414	206
58	162
0	55
3	25
467	832
0	0
252	293
78	0
13	20
0	0
317	494
288	0
597	3
97	0
2	24
43	55
221	55
0	24
143	231
30	1
112	3197
0	83
4	1167
4	0
3	61
0	375
0	0
0	2
3335	140
349	0
861	57
0	2
275	120
5	490
380	1819
22	118
44	471
0	0
7	0
0	0
3	32
0	0
4	0
31	0
2	2
0	0
36	0
0	0
3615	0
33	0
18	0
30	0
0	0
34	75
31	0
15	0
0	0
243	2826
6178	0
833	0
657	0
109	51
0	0
0	0
87	1049
504	133
157	109
10	52
7	5
0	0
1	0
2720	31
195	4
374	1
1	0
63	1
11	46
33	17
19	243
73	119
77	130
57	492
249	170
317	0
45	223
0	0
0	83
87	942
0	0
0	30
64	27
30	549
0	125
8	0
0	7
0	6
0	1803
23	56
26	14
1	198
27	0
0	6
0	53
0	0
0	9
306	11
0	0
0	0
300	3704
31	225
946	564
7	148
0	482
23	0
584	1677
1	0
1	0
61	0
1158	556
484	576
990	0
328	0
255	156
242	0
81	11
384	0
0	0
401	21
0	0
2592	2743
117	2965
0	0
7	697
43	68
7	0
668	68
887	419
175	322
82	575
285	16
89	30
345	0
138	4925
4732	110
335	0
244	0
22	2814
1	266
0	0
235	603
0	2623
215	41
1220	3025
2	0
13	0
76	1816
378	4891
7	30
0	32
385	1036
30	244
1	133
135	0
0	0
0	0
500	0
113	12
215	119
398	0
161	347
318	3828
29	244
23	3222
393	4
317	3244
0	0
0	0
0	0
115	149
81	373
674	12
2686	0
17	541
80	837
208	0
0	134
0	0
57	4
0	151
72	2
58	2570
0	154
47	317
10	890
67	0
83	126
99	5
0	0
1674	323
177	1309
0	0
1	0
31	69
2651	529
80	0
13	0
61	2970
91	2898
0	0
0	0
899	453
0	0
231	783
3	292
0	0
0	528
210	7438
841	11
0	0
2	17
0	0
1	0
154	0
13	0
24	867
22	0
565	515
0	0
245	1505
102	0
105	75
36	96
1	2269
2190	2
256	0
24	0
1170	2849
2393	2
118	1603
10	545
1187	1
1	74
144	0
123	208
203	10
14	666
1	0
3	1039
132	181
9	0
59	124
0	0
0	0
0	0
0	0
4	0
109	168
1369	2293
202	0
5	604
0	0
63	126
19	169
0	14
1	22
19	622
6	323
0	0
698	0
210	963
34	4
0	0
1	340
3	0
4	132
12	3152
408	31
200	469
37	44
10	34
1526	246
48	32
0	0
102	0
7	74
44	0
0	87
6	20
0	1
25	12
75	11
1012	53
0	0
0	0
0	0
0	0
0	95
0	0
11	4
0	0
1	0
4	0
550	39
122	1
206	189
29	18
338	899
3	1444
0	0
0	0
0	0
0	0
0	0
0	0
0	0
3	16
1	0
0	0
0	0
0	0
0	0
611	151
61	44
684	1457
263	416
130	228
2	736
36	7
46	7
120	0
11	0
102	1513
0	49
468	83
0	3
1443	18
0	101
273	64
429	77
0	0
1	219
167	301
2847	0
3	0
0	0
1	5
0	0
328	417
1775	806
14	3
0	0
131	210
309	630
10	0
86	6
0	0
147	2278
103	30
583	444
28	80
311	3
8	140
1	0
13	96
13	161
724	16
376	71
67	0
96	1
3	0
0	168
424	280
0	24
162	0
682	2147
1	183
61	3523
10	358
5	65
16	186
6	124
0	4
1	1
17	68
324	0
191	27
59	0
182	705
14	16
1058	820
146	0
7	794
4	683
19	237
17	758
8	0
2	243
0	0
269	38
162	544
103	151
79	2483
0	0
148	535
0	0
3	0
20	13
0	0
13	0
59	0
45	2999
0	3
0	0
2	0
0	0
8	206
396	649
0	0
1473	0
2	61
0	0
31	2331
34	156
4	11
55	0
79	0
1694	60
1	393
0	0
7	601
6	7
654	1804
15	42
7445	1
0	0
159	2650
884	135
260	14
1066	8
2	0
105	0
10	12
21	674
2	173
0	106
0	346
1009	512
376	0
60	3
0	601
59	9
504	1632
1080	1132
204	296
1499	473
190	0
69	2140
42	106
16	8
2	131
1960	0
424	0
61	369
13	218
0	25
68	0
359	15
232	135
2072	347
2317	448
1083	579
11	31
463	0
293	12
34	45
41	0
144	8
2045	4
322	5
543	0
151	0
8	239
8	17
0	0
91	3
68	845
26	88
1	678
0	0
186	3
0	0
0	0
2	16
0	2
0	0
2	4
0	0
0	16
251	0
376	233
379	10
188	3
57	880
275	0
0	1107
512	0
18	148
0	135
3	85
0	0
0	0
0	0
66	1268
68	0
3050	0
539	3
264	16
0	0
0	124
4738	0
0	414
7	0
6	751
10	45
337	579
310	2
7	404
24	583
0	0
6	187
88	0
619	1539
83	5229
3	0
0	0
104	170
113	60
206	6
2	0
0	0
3	2238
64	20
431	0
8	39
0	0
139	470
0	126
180	1271
313	0
19	363
2	33
0	23
2	0
1	58
31	2
2	0
6	264
1704	1
115	572
11	0
0	0
42	3
372	490
25	240
1554	2179
470	0
341	0
179	0
55	345
8382	10
0	0
767	1818
931	1560
1	0
0	0
1	0
0	1
1061	0
0	0
0	0
17	441
13	0
17	100
1056	1790
67	0
0	119
360	419
0	0
0	0
1	0
0	59
16	519
84	2882
0	0
0	0
833	137
0	0
10	0
0	0
90	3
5780	247
127	465
745	24
75	10
0	7
55	190
0	2
0	0
113	2
779	225
73	43
0	12
409	0
279	0
172	0
29	594
494	2830
10	1052
133	56
1565	156
85	617
1473	0
2030	0
0	0
0	0
0	0
221	250
0	2713
121	2149
684	47
138	2762
580	2
826	12
80	0
0	0
1785	22
6	0
3	1347
81	610
22	0
46	42
20	81
0	542
1	0
0	60
6	886
1	77
59	0
1	700
2695	884
325	1817
0	1843
0	0
2	2
8	624
4	8
0	0
0	0
102	372
184	202
1	0
8	0
28	0
124	3702
0	1643
65	699
0	1
11	70
355	167
0	0
193	0
3	0
279	3
15	34
24	0
97	186
1	0
3	531
222	0
214	0
241605	2055
29	2398
85	0
0	23
785	2101
370	0
5	0
785	3696
0	67
105	0
425	1
343	1487
330	35
757	85
0	1737
7	133
31	1072
186	259
456	278
0	34
0	1
272	0
4	94
1	0
92	344
0	0
0	0
0	0
0	0
0	0
414	261
0	0
1	49
142	509
42	2309
108	0
8	0
1911	124
137	0
426	0
8	120
0	37
102	148
4	2014
0	138
1	15
58	21
30	642
1	1
36	135
14	52
88	0
40	2019
0	1447
486	1352
307	6
2	0
374	2932
598	567
115	239
74	86
90	39
0	4
6	5
0	0
0	0
1	411
343	1799
6	0
2	0
700	0
1954	22
0	254
1088	10
83	46
0	0
170	144
379	753
0	0
298	666
0	0
1	0
806	0
3	580
401	0
122	65
34	59
10	43
111	6
9	1018
134	0
0	0
48	0
78	193
368	1211
270	153
429	96
7	0
584	901
331	106
98	76
1	0
0	0
3	0
0	0
241	346
79	315
8	18
465	9
0	0
380	29
2071	0
60	70
2	0
0	0
0	1
109	0
0	0
13	2
381	306
13	2
0	0
158	182
0	0
0	0
8	212
0	0
97	237
20	2
232	568
301	258
243	214
0	0
246	0
604	797
0	2
0	11
32	0
164	45
111	298
73	0
784	2535
28	194
5	318
309	66
0	11
350	958
94	0
0	0
16	127
0	0
0	122
2132	8120
29	38
0	0
297	86
17	34
341	3
152	145
0	9
203	6
1508	0
517	0
326	182
2	320
29	2
12	6
0	0
0	327
0	0
1	1
0	1
0	1
63	91
0	50
0	0
50	1
0	0
42	231
4	22
6	93
345	1782
99	0
12	15
157	465
223	61
373	300
127	1582
0	5
2409	0
242	39
1580	1477
975	1
252	1
0	14
1	2452
14	953
0	2
2	0
0	336
163	0
115	0
428	0
123	25
53	40
24	168
128	0
14	28
153	2471
2456	90
30	25
0	29
147	0
417	2
58	293
294	350
0	108
0	0
0	0
3	620
59	21
0	2
99	0
1066	8
3	315
10	152
19	748
30	0
0	3
217	239
1469	0
864	6
5	4
256	0
22	491
47	0
641	0
277	10
17	60
0	0
5	21
7	349
14	194
25	1
0	0
39	8
3	1093
4	202
305	53
3	75
11	180
3	654
0	2162
29	0
6	2
0	1
4	0
299	0
163	742
43	3766
95	457
471	1455
0	3
96	225
112	186
67	358
8	8
228	738
175	2580
62	15
125	46
555	2327
174	72
58	38
546	77
400	30
1199	0
0	6
66	467
997	0
104	907
86	187
53	812
4	196
0	0
0	0
2	1
0	0
0	0
2	0
0	77
12	0
88	206
0	167
0	0
0	0
112	388
62	9
0	21
109	0
4	48
16	223
20	2
7	0
10	0
159	312
91	239
17	4443
1622	1385
0	0
341	47
57	899
0	0
49	36
21	0
1	0
1547	5682
20	297
110	73
51	153
388	2
497	237
107	0
516	0
364	2812
3	112
2	0
103	0
2	0
48	1711
0	0
5	0
27	101
10	3
301	4
2	16
253	258
0	1
0	0
11	1107
1646	1
2357	214
881	0
150	2249
87	1
66	2704
14	208
0	0
535	0
0	0
396	8
270	1
683	0
223	0
1	1131
0	0
480	0
154	147
370	545
1065	1131
422	1
548	32
80	31
0	0
0	0
0	0
3	49
0	0
90	849
0	0
63	1030
104	37
169	418
156	0
56	134
0	0
0	0
14	0
0	0
4	11
24	27
0	1
1	5
0	0
0	0
0	0
0	0
8	35
7	603
0	38
0	0
0	2
0	43
0	0
115	62
3	6
0	0
1013	0
387	4
0	0
119	0
0	0
899	2
296	733
77	260
14	17
0	0
17	446
594	182
0	0
0	0
0	820
18	15
15	0
694	0
1	0
12	82
464	157
163	8
836	75
127	7
0	0
1	0
22	0
453	57
59	0
529	18
238	0
168	0
148	0
2314	990
481	518
127	36
0	47
1	19
15	1020
0	0
7	19
357	0
87	1743
0	0
548	159
564	147
0	18
261	0
206	918
23	0
200	6799
0	14
80	0
146	207
10	1652
0	9
9	87
0	126
15	2798
10	421
0	0
0	0
0	0
0	0
0	48
4	0
1791	212
4	232
21	1129
16	52
25	61
90	297
630	3590
391	859
6	0
34	212
346	797
99	0
238	8
0	0
29	31
607	6957
2262	3685
57	1642
343	0
961	504
0	48
127	24
2	58
571	1
161	0
1	591
0	0
6	259
0	70
95	0
229	0
4	0
329	0
346	541
8	15
13	195
8	0
5	0
0	0
2	0
1	182
8	76
0	45
0	80
0	0
1	1960
0	165
0	0
137	1232
365	0
117	201
12	310
2	48
3	0
0	0
93	794
0	15
48	0
761	2707
229	0
16	1600
0	363
30	942
1	0
0	0
0	0
761	120
683	0
3	0
56	0
6	139
0	0
1260	2
338	345
182	103
40	602
0	0
0	0
12	19
23	0
89	2305
29	774
1	81
0	0
5	877
1	0
0	0
1	221
3	507
2	0
35	721
0	0
3	9
0	0
9	0
14	0
0	0
988	17
0	0
26	22
51	178
0	1
109	67
7	0
2	52
1	11
0	11
0	0
3	5
24	124
17	16
83	353
41	1391
0	84
584	0
248	0
0	0
64	0
120	14
603	5
1	6
1	141
29	19
692	25
1561	117
1344	2333
0	0
0	0
6	35
0	0
16	5
2	286
0	0
0	0
6	0
23	285
71	0
0	158
0	0
2	0
24	0
86	0
2956	64
0	0
0	0
17	24
1	0
337	4753
1	525
33	199
1	6
240	1398
121	494
3457	0
511	7
8	274
1	51
0	0
66	1772
13	577
45	1
1188	668
81	344
0	0
13	965
304	0
25	0
18	90
263	1
97	7
28	1188
0	0
106	4
1	0
77	4
35	11
4185	4574
0	0
49	0
3	0
0	0
477	1
0	0
0	0
0	0
3160	89
1	17
136	314
1	239
0	0
86	19
3398	1
13	41
2	2
0	2
4	0
12	382
3	13
2	0
0	0
2	0
7	0
5	67
10	213
217	0
267	352
0	10
146	0
762	225
5	136
9	51
0	0
0	0
0	1
0	0
0	0
69	0
7	16
2	0
2	1
0	108
7	104
2	1160
0	20
0	5
33	204
0	8
0	17
7	432
78	4105
210	0
1406	9
6638	0
48	29
223	0
5	1883
852	284
471	0
262	2860
429	53
195	45
762	288
505	47
29	0
13	721
0	0
21	88
0	0
5	7
13	1
7	277
0	0
36	1117
33	98
1	0
0	0
0	0
13	0
2	0
0	298
0	86
541	0
31	115
3	527
0	0
0	0
272	54
8	8
8	1169
0	0
275	138
370	213
83	74
1	33
0	0
311	224
443	2783
0	0
31	169
0	0
17	15
913	497
271	0
25	3319
1	1
0	0
0	7
16	10
1	19
0	0
35	366
215	47
2	175
193	3
15	225
632	923
3105	306
1	1792
18	1585
2	12
225	3848
8	0
5175	1745
0	0
17	0
1	2
0	0
0	0
0	0
0	0
1	0
34	2
0	0
1	0
142	5
2013	18
531	133
2055	2556
17	56
10	0
9	0
626	0
0	0
588	2541
0	0
1	0
1	0
0	0
0	0
0	0
0	0
1	751
1	9
4	20
5	0
0	4
224	221
0	0
370	286
0	0
164	0
0	0
12622	0
1461	0
1298	183
0	0
42	150
0	0
0	0
0	10
3	0
42	104
29	2818
123	799
1	62
113	22
0	0
457	1972
1	0
0	84
1	0
0	8
52	290
1	135
322	1
17	24
0	0
3	182
266	849
231	264
0	0
2	0
0	0
14	10
19	235
33	28
378	613
225	4374
13	296
0	0
478	0
194	278
93	1572
17	104
143	189
148	166
990	2557
324	15
147	29
13	0
303	3
501	3408
1780	1
0	0
0	0
0	0
0	0
4	0
0	0
39	846
536	0
356	2
222	303
757	2796
6	89
10	0
3	259
5	15
0	0
40	10
3	0
228	184
336	0
85	0
10	2
15	4
3	25
13	300
2	452
8	226
10	47
2	14
7	231
4005	462
97	2
11	23
1	9
17	0
204	3
451	2729
62	229
1	821
1	141
453	52
694	11
7	2
0	21
0	10
0	1
0	0
0	0
388	2069
0	3
153	46
258	327
56	0
0	0
1	0
1088	831
1048	932
17	3147
0	0
0	0
111	145
893	870
0	0
99	7
0	0
0	69
0	0
0	5
0	0
6	3
2	28
0	13
30	65
24	0
1	0
20	94
2	15
0	0
14	401
18	670
79	0
327	48
432	544
38	19
47	14
2	0
3	249
0	0
0	0
4	63
6	0
63	59
239	27
299	245
2	1
1	11
16	0
96	0
813	535
0	0
21	3
5	60
95	6
151	6
0	37
152	493
242	0
96	2418
0	31
0	2
0	0
0	0
3	1313
0	195
0	2
31	3191
504	734
0	0
0	0
0	0
4	441
95	28
323	7
885	93
336	0
228	250
6	22
3	1305
1110	2
16	0
114	15
0	0
0	0
17	8
20	793
17	4
2	0
55	2
0	0
0	0
0	0
33	0
0	0
0	0
6	1983
87	189
40	30
725	214
419	0
406	0
98	0
5	2
0	0
148	2
0	35
1	51
1	240
150	62
244	255
0	427
48	2168
143	1362
1	0
225	550
75	144
108	486
0	5
0	1
19	19
0	13
0	184
2485	584
0	157
1899	148
22	0
213	701
0	0
0	0
0	0
0	0
0	0
0	2
0	0
129	1
364	3
74	0
486	522
483	457
696	0
436	1771
4	142
20	180
139	102
804	40
186	0
200	0
925	0
340	460
65	0
192	1785
0	0
1258	0
0	173
708	481
1	0
14	2
8	236
16	644
176	0
0	0
0	0
520	3174
217	0
508	10
23	198
82	2022
17	59
36	128
3104	642
0	0
33	0
4012	0
41	7
1160	2358
2	79
17	0
12	167
1	4
14	1364
0	195
90	743
0	0
143	61
0	0
0	104
9	0
508	439
1109	3311
209	0
366	0
349	2477
0	4
1674	507
270	90
57	66
8	27
85	146
0	0
0	0
1	0
6	0
0	18
0	439
23	406
2	0
3	69
36	616
0	0
0	0
9	51
12	203
4	0
17	33
3	1685
51	159
0	10
92	399
0	194
1775	0
0	0
114	198
1	0
48	3
4	95
1	0
2	63
3	244
3	0
0	0
0	0
3	0
12	46
181	41
416	0
80	0
3641	667
0	0
2	0
3646	0
3977	0
14	102
4	61
0	0
701	381
14	104
0	30
0	17
0	0
120	208
0	0
94	956
654	0
63	341
0	0
0	0
0	0
0	0
0	0
0	214
713	279
1718	0
0	0
0	0
0	0
14	0
0	0
0	0
29	50
228	311
2	145
713	0
109	42
1286	0
473	117
1981	231
626	3014
427	618
0	0
955	0
758	0
130	3
0	0
0	50
3	72
3	158
33	27
3	0
0	0
0	0
0	0
32	266
101	0
8	0
0	4
8	4
51	0
58	1
82	8
1	0
63	19
48	0
74	50
37	130
309	397
0	0
137	13
1	3
0	3
201	43
1026	5
536	0
1	0
200	10
0	0
160	2514
0	8
56	105
0	0
0	0
100	2
8	4929
227	481
139	0
2	0
0	0
0	26
0	28
8	102
21	40
12	109
1	51
30	60
18	1882
2	693
195	0
26	193
0	0
491	1
920	27
1188	0
324	14
1840	121
17	3568
0	0
369	67
0	0
0	0
2	0
392	0
5	0
84	124
4189	0
327	1329
389	423
1	33
2	24
168	1
0	0
0	0
0	0
0	0
0	0
779	217
113	2930
0	0
2	101
1339	0
74	0
0	0
1	97
7	64
20	16
0	0
176	3064
75	32
2	400
81	331
13	787
0	473
3248	7
412	36
286	862
25	1527
74	0
93	6
506	282
423	3075
313	0
0	144
29	27
54	56
1885	126
25	0
0	7
377	35
0	0
4	0
5	151
113	0
59	19
0	0
382	384
4	279
446	186
62	0
809	2
299	99
161	174
67	0
195	1953
513	428
247	4
125	2
312	2874
0	5
118	169
2186	574
0	0
0	0
0	0
6	438
0	0
44	59
1	205
219	812
0	26
0	0
0	0
30	28
38	549
0	0
0	0
0	0
0	0
0	0
306	889
0	0
0	0
0	0
0	0
0	0
0	0
0	0
0	0
0	0
0	0
1	0
191	0
0	0
0	0
4	2790
273	0
0	0
73	0
343	233
180	575
76	111
0	0
474	0
0	0
43	380
0	0
266	830
2	9
0	21
40	2874
0	0
5	4
0	0
13	4
10	32
0	0
0	0
993	207
3921	0
86	342
1150	1348
100	263
69	500
0	0
107	2760
299	0
441	0
207	1965
740	273
4	1
64	12
480	6
71	0
38	219
351	0
283	784
79	10
162	371
5	0
104	1869
163	827
0	42
25	0
93	6
0	3
0	19
357	0
5	517
0	0
0	303
127	0
0	0
23	198
132	87
2	0
0	0
0	1
87	7
56	1079
3	27
249	3
11	105
53	33
0	0
411	0
61	52
98	116
1227	576
1958	0
128	0
198	672
1426	481
29	971
0	0
23	3949
9	119
31	2306
1	60
434	1567
144	417
0	15
0	0
0	142
2670	2
0	0
0	0
27	0
3	0
7	19
6	0
0	0
0	1799
0	0
0	0
1	0
0	173
4	9
312	41
48	1022
20	1
3	83
110	29
67	211
62	541
5	1
0	1
390	31
107	535
0	19
2	147
1	1804
274	2
135	0
13	507
0	0
10	198
0	0
41	286
3	189
0	0
4	59
0	18
21	0
37	1500
0	0
0	0
6	0
47	112
0	470
0	0
0	3
372	149
61	771
0	0
74	2
326	1357
0	253
195	1
0	0
0	0
0	0
123	1203
724	38
11	148
14	0
4	59
33	0
3	0
1	0
1689	857
0	0
30	0
272	6
61	54
141	0
45	0
19	0
104	344
149	0
42	20
416	0
19	183
16	69
225	461
5	13
292	0
641	3
127	1794
178	0
463	3
1245	0
66	146
506	6
342	42
259	3
0	8
357	0
146	9
3	18
352	0
559	75
0	24
6040	0
21	21
468	0
2046	4221
0	31
0	62
17	0
3	0
44	3
101	1
192	3
7	980
1	0
0	133
3	158
0	0
90	8
0	0
7	453
18	1347
0	0
0	137
27	567
0	0
6	17
0	0
0	0
178	0
96	4
5638	0
83	112
1564	919
597	23
0	0
8	174
7	124
275	880
0	0
0	184
335	727
4	1635
6	603
0	0
8	0
79	2535
368	239
26	237
0	0
14659	0
308	198
1	0
3	15
107	2
0	0
79	287
1	0
0	0
28	54
4	152
10	0
202	472
0	0
7	12
1703	1436
0	0
6	0
2	0
1	0
6	25
94	830
0	0
0	0
38	1055
21	2125
0	0
54	1198
4	4
0	0
1346	0
5	235
2	13
18	9
149	224
33	1376
2086	1
0	0
0	0
0	131
0	7
3	3
297	124
0	0
1270	0
210	2
57	11
6	171
119	2
56	135
105	71
109	0
1	268
0	0
9	84
439	1168
5	30
0	0
22	128
81	8
139	0
1135	10
126	0
232	0
722	3
4	0
100	594
6	113
121	15
0	0
0	7
5	0
1436	225
0	0
154	253
85	300
555	83
11	937
3972	84
8	30
127	0
3	0
15	7
1156	2133
2	0
24	93
33	456
4	0
35	20
8	0
640	2818
0	0
0	76
1	0
22	0
38	271
0	0
11	79
3	23
7	10
12	4
6	1
0	0
0	4
0	69
0	543
0	4
52	641
25	1107
65	0
0	0
0	2
0	0
0	32
150	0
3	0
61	7
345	177
705	212
0	0
0	0
0	336
658	955
1	0
7	872
145	0
175	91
101	496
259	82
911	0
4	0
87	452
29	0
7	153
9	0
9	0
14	0
103	0
14	0
3	0
13605	0
394	4
21	139
131	137
90	2535
2	0
0	30
0	0
23	56
10	133
64	0
0	0
0	0
0	0
185	9
1	0
13	0
0	0
1	141
16	232
0	0
0	0
0	0
0	119
5	264
1	32
0	0
6	1
0	0
45	120
100	0
32	125
0	250
26	665
973	102
1696	0
255	0
121	3
36	0
459	2223
742	0
49	0
149	4
659	0
542	383
17	11
0	5
6	1672
0	158
53	2299
82	72
0	0
144	264
17	73
1043	40
67	77
116	0
1	0
55	0
0	2
141	40
8	14
3	56
0	0
0	0
311	292
121	0
159	0
329	3
592	0
0	0
10	77
0	129
2	2
1	3
165	1849
295	1
100	26
1	38
2	289
224	2
42	113
3	0
21	49
7	4
0	210
0	0
2	982
0	0
2	0
90	1750
35	445
0	141
207	437
73	1
14	144
178	146
215	43
0	31
573	0
466	0
868	355
233	50
174	1
0	4
0	0
0	42
16	413
0	41
0	94
0	0
63	858
299	111
43	2
100	108
0	0
4	12
0	2
582	430
117	75
144	52
410	0
65	0
86	0
2	8
0	1017
221	2397
0	0
0	0
0	8
6	902
3	1481
79	653
3563	52
90	3
153	2208
182	1031
1	0
7	0
0	1258
101	20
0	0
1061	1043
76	55
74	0
1	59
45	0
2	0
217	875
9	116
10	117
13	0
0	22
0	788
0	1
0	0
0	14
0	1
2	27
61	922
0	2
0	9
88	0
268	7
214	0
8	515
0	58
23	0
37	352
0	0
0	0
126	0
10	0
14	0
0	20
7	55
2	1
1	40
1	18
0	50
0	0
0	0
6	87
14	36
1054	5011
122	0
828	19
24	0
51	872
29	0
81	349
5	800
1236	4429
24	724
289	0
117	37
98	0
139	0
919	2912
86	4
224	1457
103	0
457	12
590	225
658	0
132	236
0	0
1	1
0	8
0	0
1225	133
439	0
120	1016
4	119
162	183
58	1669
32	0
8	102
0	5
2197	399
507	742
58	0
55	0
0	0
0	29
0	0
179	30
7787	149
0	0
883	633
1	15
0	0
0	0
4	379
0	61
137	165
384	1
1116	2541
88	57
588	1
37	0
45	369
53	0
542	729
170	289
11	0
121	1385
151	214
0	100
1488	18
0	0
20	83
1	79
0	0
7	1
191	0
389	3
77	501
0	0
337	1970
0	0
7	3
57	254
0	0
2	44
4	237
42	1
256	621
0	31
7	21
164	2
41	0
2	0
0	0
45	0
60	297
15	1158
0	0
5	0
0	0
0	3
94	720
0	0
0	0
66834	2
728	302
0	0
0	0
741	23
0	0
81	0
33	0
9	13
0	0
6	0
483	1
7	34
0	0
106	0
1	0
13	122
10	0
56	78
0	28
16	76
0	125
9	0
13	254
22	270
0	0
150	153
40	65
1	95
0	0
0	131
0	12
345	84
31	69
107	0
5	5
0	0
2	2
1	0
0	0
3	0
94	1257
213	0
6	0
56	0
30	0
39	166
81	0
144	1
0	0
62	0
102	76
82	1
0	0
17	0
1	0
0	0
112	3
0	29
189	203
56	0
17	120
0	0
27	165
0	0
90	34
0	0
27	10
0	0
0	6
0	1
2	28
253	102
127	2
133	45
3	0
79	0
0	0
0	0
119	249
0	13
170	572
292	2618
59	0
16	0
956	13
416	2161
6	86
4	2225
53	308
5	285
243	135
4114	0
172	21
565	43
0	181
303	16
7	100
1	0
0	0
121	384
0	63
2	0
0	0
111	43
6	712
354	251
186	0
693	0
18	94
0	5
116	1161
595	26
125	17
20	514
114	61
0	46
173	1392
19	8
0	0
34	0
135	30
172	51
216	1
151	118
109	5
55	2706
22	0
416	115
16	0
6	0
203	38
524	235
18	18
150	667
16	3735
26	6
1299	0
30	366
74	0
31	875
0	453
8	5
23	31
6	9
0	0
0	0
0	0
1	206
0	274
0	11
1	0
8	1
0	0
0	0
48	45
1	0
460	193
0	80
323	0
102	0
17	382
1	6
0	2
148	11
0	284
101	106
0	0
105	252
16	1503
0	0
0	0
0	0
0	0
0	2
1	0
0	0
1	0
0	0
0	2
126	39
28	0
3	60
215	509
0	0
0	0
915	961
2	19
577	529
2	3
8	0
0	0
0	0
0	0
11	1
0	0
99	871
0	0
4	3
990	456
0	80
0	13
0	75
0	0
2341	120
0	0
3	3
9	23
1	0
0	1
148	1352
0	0
0	32
1	0
1	0
0	0
328	21
478	0
0	59
0	0
39	3240
0	0
8	0
67	1
12	16
11	691
0	0
20	8
2	0
14	26
3	0
2	0
1238	140
214	0
6919	343
27	582
4	0
0	0
2	243
3	0
22	1138
10	0
53	215
0	22
0	6
12	33
128	1826
2	0
252	5
733	1750
643	271
0	1
0	7
1266	258
0	0
0	0
9	115
3	5
6	4
6	0
0	0
1	0
0	0
43	5
3	13
24	64
37	86
0	24
3	0
0	0
2	0
0	0
0	0
0	0
10	1078
0	0
5	1857
0	6
2	2
0	0
0	0
0	92
0	0
0	0
0	0
0	0
345	1821
154	849
92	1
3	0
0	0
29	190
0	0
181	2
7	46
0	41
0	116
19	5
1424	394
51	1366
5	1
62	246
418	295
6	80
3	0
0	0
0	0
369	0
4	0
0	0
1	70
3	0
378	0
189	0
991	1745
23	282
0	111
1	135
0	72
21	507
349	246
1	0
266	1021
14	444
439	2623
52	444
18	106
23	284
91	269
0	518
601	2
0	0
484	152
6	20
18	28
2	3
151	1549
309	0
1121	0
181	64
63	389
297	0
0	0
0	0
92	1272
363	0
654	655
42	0
107	357
49	0
257	30
12	0
103	627
5	15
1	1
1	0
175	0
0	0
1242	473
5	0
0	90
0	0
17	160
0	0
11	138
0	0
0	0
1383	1172
54	531
2	54
135	192
28	78
45	626
0	0
32	0
11	335
26	8
0	186
9	55
179	1616
5	19
136	310
13	166
3	1
412	3628
900	2352
0	0
508	0
34	0
456	0
160	2
535	0
0	0
30	322
4	60
0	0
122	184
1	20
0	4
15	100
24	404
25	9
239	830
0	0
0	371
1	0
0	80
0	0
0	0
0	0
60	67
2	45
79	115
49	0
137	3
0	0
0	0
2	35
0	2
0	0
18	84
1	0
0	0
0	0
0	0
128	35
0	0
0	0
0	0
0	132
0	0
131	0
1	0
0	1
0	0
1	29
90	0
558	96
693	1
0	14
104	520
186	0
28	14
15	20
33	79
110	854
205	1392
1380	804
855	4
338	421
403	0
148	5
616	6
34	7
0	4
6	1854
0	0
0	13
0	0
361	0
0	0
2755	173
106	5
0	1303
114	0
637	0
185	177
1	0
26	0
0	0
0	1
2	0
12	19
116	703
12	0
0	3
40	67
0	0
0	0
0	0
14	62
0	0
0	375
20	0
15	10
70	4
0	88
0	0
32	97
0	0
0	0
0	36
154	194
150	0
718	0
0	60
1	19
366	24
15	0
70	1
179	0
101	8
65	0
48	0
36	0
5	0
98	21
18	0
12	0
0	0
10	0
4	98
1	156
365	3483
211	67
9	45
1	37
1	0
0	0
11	11
214	0
383	0
543	337
0	8
7	46
0	3
150	248
0	410
0	37
70	380
1	30
18	839
0	5
2	49
139	1383
0	0
2	0
10	180
0	76
10	0
13	0
114	0
355	0
2871	69
317	3637
1125	1455
669	0
688	7
266	60
511	253
3064	1079
229	0
224	0
680	0
722	87
389	2
0	0
50	2
0	0
279	0
0	0
10	0
65	2310
9	576
89	12
0	5
30	49
136	15
139	5
7	0
63	2
67	58
294	0
1377	1378
50	121
762	1680
0	0
0	0
52	3
114	17
694	172
161	0
149	0
0	120
1005	0
3	0
621	2866
506	200
702	0
0	0
179	188
379	632
50	0
0	1
3	1
0	0
62	484
4	536
0	0
1	0
5	0
4	33
18	0
148	435
2	0
153	10
26	277
0	0
0	0
2	203
5	143
18	1
3	0
40	2
16	0
1839	1
0	53
0	0
0	0
0	6
0	8
0	125
368	201
13	0
102	2080
1094	147
6	0
0	0
322	1042
699	1
0	0
0	0
480	0
767	6
0	0
567	50
0	142
0	0
72	1765
12	0
6	69
12	339
0	161
1	17
0	25
46	0
466	304
0	0
92	952
6	188
0	0
0	0
7	1729
110	85
88	752
0	0
0	3
0	9
0	0
177	2488
17	35
0	0
0	0
376	0
2540	0
10252	0
35	492
13	112
836	202
11	1
18	11
2	79
50	531
0	0
1452	0
0	0
0	0
0	0
276	2554
0	75
10	20
333	2812
3	0
291	1184
0	0
0	0
0	0
34	912
6	3
2091	0
146	72
2	0
43	167
7	0
210	261
2536	235
453	137
18	0
5	18
1	0
2	596
75	1077
59	307
0	0
29	0
34	0
102	265
6	0
6	54
0	47
0	158
3	0
8	49
24	9
108	839
27	0
23	11
21	158
6413	3806
2835	4
10122	0
4	0
0	1
16	283
277	3
9	0
861	27
45	69
0	135
39	733
0	155
527	259
948	415
32	251
13	0
0	0
178	0
7	3
106	0
1	0
349	36
70	4
3	0
226	2
41	0
58	0
297	0
4	49
0	0
605	0
249	2
70	0
4	0
694	289
15	50
0	0
1	0
0	0
0	146
0	0
0	0
14	695
17	14
0	0
0	0
0	0
0	0
0	0
69	372
221	2037
660	0
3	1
6	0
41	39
9	912
0	0
0	0
1306	172
6	68
38	0
162	0
608	0
0	9
928	1
160	3
15	0
3038	0
9	167
5455	763
0	0
0	0
68	15
28	427
0	0
0	0
667	849
530	5361
322	1771
397	175
37	640
62	0
265	130
559	440
21	43
400	0
74	1568
3	191
20	57
19	0
0	104
0	0
36	0
38	0
1	0
0	6
0	0
184	2
407	0
214	0
22	18
0	0
14	55
139	0
1	2251
46	780
0	0
1	245
386	42
0	17
49	2212
16	248
0	0
2	255
0	74
169	5146
17	23
0	1248
0	10
67	9
36	1252
3	153
2	152
43	101
14	14
82	177
275	74
60	20
47	2066
7	186
22	602
0	27
104	257
0	0
1	0
0	9
6	266
0	0
47	0
10684	1227
8	97
6	0
7	0
0	0
0	0
72	4
0	0
6	4
181	75
2	0
253	0
20	4605
0	0
0	0
0	0
0	0
7	136
15	1831
284	33
0	0
0	1
1	0
0	0
0	0
0	0
0	0
0	0
0	47
12	57
31	0
2889	196
1	176
221	0
1925	0
150	0
0	0
21	0
0	0
71	18
0	0
29	2
909	2
2	82
9	517
0	0
13	2752
1	0
0	8
15	23
0	12
11	54
0	0
0	0
0	0
0	0
0	0
3	0
0	0
0	0
3	558
0	0
545	535
149	0
2	84
1	90
474	1733
50	271
163	139
968	691
0	0
16	127
0	3
0	0
0	0
0	0
0	0
0	0
2	0
0	0
3	8
163	0
0	0
112	0
201	430
94	154
0	0
0	100
285	0
1091	554
183	442
68	2
0	0
325	2661
0	268
205	15
0	0
6	0
39	0
0	50
1	139
1381	0
0	0
0	0
59	0
0	0
20	112
5	6
0	0
481	67
0	0
1	0
237	106
0	0
0	0
26	5
221	311
36	1356
6	2
2	493
1	0
0	0
967	2311
1141	912
0	0
38	21
0	337
4	3
1	7
71	0
30873	4
496	3585
516	0
178	4
11	214
63	2888
0	47
0	0
2	123
0	260
41	815
0	0
62	1089
2	0
25	64
605	4
0	0
0	0
0	0
0	0
3	83
572	169
153	4386
76	924
1	12
55	211
1	0
0	0
0	0
0	9
1	0
68	143
0	0
0	0
62	224
1	0
12	2
59	0
245	3941
0	0
0	0
0	0
190	388
22	2217
40	53
3	0
61	0
0	0
86	147
31	25
6	0
14	5
0	1
25	0
70	4
11	139
0	0
108	4
43	2841
180	0
196	3
351	14
0	1159
2	0
336	1404
0	0
315	0
40	0
3	139
0	0
1	283
1	136
0	114
500	1270
3	0
2362	546
0	0
0	0
28	107
17	47
24	269
3	59
61	1141
418	31
99	2334
101	320
0	150
150	4
7	0
0	0
40	127
12	0
0	0
40	0
10	112
0	2
0	36
4	264
28	28
100	0
4	0
29	0
0	20
20	0
730	127
55	0
196	0
83	0
0	0
4	3
0	0
527	5270
225	0
3	199
0	19
3	0
8	2429
0	0
8	34
19	798
29	0
435	1
78	181
0	4
1	93
44	117
2	552
1	28
55	2532
574	931
34	2427
5	296
34	1205
17	0
54	18
273	521
205	33
288	155
9	0
21	4
0	0
82	41
55	113
122	0
188	682
275	152
10	3
31	2664
418	2636
80	1
146	0
0	21
0	0
38	1595
161	8
119	211
539	0
0	7
184	415
1224	881
1	9
0	0
1	1379
0	0
2	8
2	0
1	0
506	2
0	0
1031	2317
0	50
73	132
0	0
1	9
674	5
237	0
1287	488
0	0
98	92
1	2
2563	0
0	28
0	0
17	77
68	212
2364	2989
653	9
161	0
11	78
1257	854
392	0
199	629
0	0
6	0
0	0
103	39
22	0
1117	264
690	268
1	0
100	715
0	0
73	0
1200	284
0	14
11	0
2	0
58	298
0	1
0	0
2102	78
82	313
11	138
0	0
1499	290
8454	108
1	0
14	3155
0	0
0	0
0	0
0	0
23	125
0	13
32	360
1742	347
217	0
2112	0
922	42
518	654
294	0
162	74
0	18
78	348
148	1345
0	0
0	0
514	196
0	0
20	147
104	111
16	69
496	722
258	0
721	841
0	0
334	272
0	0
2	32
0	0
0	1
1457	6
0	0
363	72
17	30
0	25
0	38
224	0
203	204
923	370
3171	0
216	0
438	0
14	12
9984	6
261	3525
5	20
0	54
0	0
209	0
8	0
4	0
3	2
0	1
0	6
4	26
7	227
2	0
4	3
20	6
9	0
0	0
0	1
746	0
1	0
91	0
95	838
349	219
11	534
1092	60
7	478
59	594
47	0
60	882
0	0
228	3
343	8
222	9
7	0
49	1869
0	62
1677	83
374	0
473	3599
1	0
0	0
8	5
5941	4
99	43
3	31
119	1111
0	87
1	0
1876	22
9	244
2	784
0	0
10	2824
584	168
0	0
2	2577
78	145
84	137
19	467
7	141
7	60
1136	281
6	19
10	11
177	122
282	58
91	1025
114	566
27	1504
0	4
26	936
158	1327
407	101
3	0
0	1
0	1
178	27
2	0
3	63
0	0
0	0
1	0
0	0
1398	0
109	254
21	0
2756	963
0	0
0	36
163	0
561	191
1406	410
9	279
7	25
200	1408
460	0
597	450
138	11
730	2776
0	0
867	78
235	686
0	0
323	1
178	0
306	99
1869	0
631	0
0	0
587	1025
64	0
73	302
29	7
0	0
3	0
27	11
0	0
1	0
0	0
152	0
13	3
1	321
52	11
12	160
0	0
7	1274
0	17
18	0
0	0
0	40
0	0
0	4
406	2985
0	136
1	0
5	0
102	449
79	0
2	47
458	8280
1	1
115	0
397	0
1	0
0	0
33	102
0	0
0	0
1648	818
3	33
0	0
6	0
107	1385
33	274
289	88
666	16
2191	525
0	0
5	141
0	0
0	0
0	0
793	1712
0	1
79	98
204	1
0	0
0	0
0	22
0	0
1	0
0	0
0	0
3	0
289	0
21	507
0	0
78	0
234	113
0	0
345	546
0	7
190	0
72	369
0	125
167	220
30	102
31	0
231	163
36	0
2162	283
30	1
0	0
0	0
175	65
452	0
558	0
348	971
0	0
0	2695
2	86
0	3
304	13
0	0
131	15
245	807
0	113
1653	3102
5	134
34	27
1	157
17	1371
29	117
0	0
143	0
182	16
2937	124
271	27
74	199
44	77
20	567
93	2755
82	297
140	0
4	15
0	0
16	555
1270	1535
12	183
4	1251
148	799
380	456
90	0
111	0
44	0
205	0
0	4
9	155
227	2
128	8
641	0
118	0
241	0
76	8
176	287
0	0
465	0
1	6
11	9
2	85
17	0
301	56
0	218
0	0
0	0
3	0
0	0
505	115
509	0
0	0
108	795
891	169
1	0
0	0
0	20
0	0
30	1754
0	0
79	270
375	1
150	1
50	393
24	828
14	149
2	0
172	0
736	45
0	18
657	836
40	688
658	1023
524	167
303	92
12	342
0	0
0	0
63	175
608	63
0	18
0	187
29	20
115	1
192	0
108	12
1	2736
562	497
12	116
109	50
187	0
516	148
168	1575
277	0
0	360
300	0
44	906
86	2123
0	130
95	180
0	0
0	0
2	0
417	99
7052	33
53	2559
84	6
278	421
149	6
314	277
469	0
0	21
0	0
0	0
28	0
6	1569
1	72
4	603
0	1303
0	0
20	0
1	12
17	23
465	347
86	21
962	3608
891	0
1257	144
0	0
329	13
0	0
2	50
0	1
0	0
0	0
0	0
1	0
0	3
0	0
104	110
0	0
975	1751
7	0
191	90
209	0
144	0
719	0
0	108
77	1865
2325	137
208	353
20	111
217	49
0	0
251	217
105	0
156	0
173	599
0	0
3	0
57	0
26	629
29	768
75	20
68	223
103	230
0	0
10	136
714	43
1	1
62	275
296	1
15137	2
2163	1424
7	541
2	3
278	2
0	0
0	0
46	158
0	0
69	2
1	0
0	2
26	0
52	0
40	107
1	0
487	0
26	101
24	609
0	0
0	371
151	154
27	0
168	2
69	194
4724	71
4	782
410	1012
560	570
81	0
930	1036
24	2784
15929	0
887	0
2	1
996	567
749	0
2543	162
103	0
800	204
0	0
4385	13
0	0
5	0
0	0
0	1
9	25
61	102
266	2623
0	40
0	1
0	0
3	0
0	0
69	41
0	48
22	184
28	200
8	0
55	1054
0	16
0	0
0	0
68	38
950	1231
78	164
0	0
103	7
16	88
0	0
5	8
1	407
0	0
212	718
0	34
8	2
6	0
4	106
6	0
10	9
6	262
0	0
7	2
0	0
0	1
1	12
32	615
11	22
8	2
0	0
5	5
1	0
0	0
0	5
5	42
167	0
3	873
322	0
310	156
183	4
993	5
676	690
0	0
0	0
0	0
3	65
0	0
0	0
0	0
116	97
0	0
1	0
2	0
0	92
57	101
2	271
551	68
521	0
756	0
556	15
762	182
2212	1087
13	940
47	20
342	3595
372	0
1489	10
207	3
0	174
0	0
2619	2803
3	1058
24	20
32	502
216	0
15	0
705	55
1073	2
4731	259
1148	434
0	0
0	0
27	0
153	0
5	0
0	37
2	0
8	2
9	242
111	2741
42	428
208	1
0	0
100	0
13	226
0	0
6	24
1879	146
1	708
92	268
492	8
33	0
104	2287
206	0
0	0
0	0
0	0
139	122
267	0
137	0
32	1578
0	11
362	1
1	5
48	124
80	2215
298	0
142	3471
21	2
34	1094
448	1521
46	3
139	0
388	0
0	9
108	1
23	61
654	2425
16	1276
43	494
76	10
299	1976
274	0
92	0
65	2920
0	0
0	0
0	0
8	45
0	0
0	0
0	0
0	0
0	0
0	0
77	1239
10	255
0	0
0	0
1	0
2	0
0	0
15	118
0	0
7	0
0	51
4	76
0	0
3	1827
15	28
0	0
34	1
834	0
77	2638
40	827
12	49
299	3187
0	0
271	0
87	0
91	0
744	0
118	1466
221	0
684	0
3253	0
311	0
27	331
2	305
0	0
61	0
449	150
106	911
4	0
12	134
0	0
4	211
77	254
418	0
75	0
194	0
831	1603
8	150
300	3467
593	1691
439	77
30	206
0	5
0	0
1	0
469	2
6	0
136	0
101	565
0	0
42	62
2	463
0	0
525	178
7	224
120	6
68	0
10	577
6	2105
13	985
376	564
2	1
4	0
38	0
232	354
63	42
248	578
247	0
239	543
9	0
0	0
26	221
914	25
1	49
552	6270
27	36
26	315
8	65
325	291
0	0
2	0
0	0
10	178
0	0
0	0
0	7
0	0
0	0
0	82
335	0
2	49
2813	829
0	0
1065	3745
2	0
30	0
41	927
0	172
14	40
0	0
2231	4155
462	92
10	0
19	214
0	0
0	0
9	0
5	98
0	0
0	0
91	2987
776	121
6	365
248	1036
3	10
3	45
0	33
141	468
0	1
31	3284
20	219
0	16
314	433
41	4
0	20
0	0
152	0
2	0
942	21
0	2946
61	5
68	20
5	0
35	24
14	162
0	0
4	141
0	0
0	297
2	0
0	0
1	0
0	0
0	0
0	818
12	260
926	34
63	0
49	0
280	465
0	0
41	144
94	146
2	5
0	0
77	0
6	0
0	0
215	773
0	0
0	0
2	2
172	0
6	0
352	12
387	0
4399	4
590	3934
13	61
5	9
0	100
109	99
313	315
0	0
0	12
2	2
0	196
1	2446
0	0
0	0
261	14
152	0
285	0
1537	3
966	0
316	3116
0	39
29	0
235	3
0	0
13	0
0	0
0	0
77	0
42	0
0	0
1	56
0	0
5	176
2175	2436
242	0
243	335
1698	941
237	58
162	313
129	804
121	49
37	230
1	122
11	0
146	0
463	0
129	374
0	0
415	0
219	1076
243	163
0	4
94	22
2	0
3	0
1	0
47	0
65	0
0	150
743	391
23	139
124	173
1	271
0	0
1	0
178	2402
5616	43
0	0
286	0
65	0
400	0
32	0
1	16
23	0
0	47
0	0
0	0
0	0
0	0
162	285
8	0
0	0
0	0
0	0
29	6
1	0
8	0
6	582
1	15
0	0
0	0
8	1297
174	1596
7	32
18	2025
8	351
48	22
20	0
1	156
1	0
17	35
0	0
984	389
0	0
0	0
0	0
185	115
0	0
0	120
0	5
1	0
311	945
184	58
204	3
201	272
397	265
111	52
172	152
152	164
8	11
93	93
0	102
11	175
69	19
105	426
0	0
0	0
0	61
0	0
2	0
0	0
0	0
125	261
30	0
3	0
0	0
1	0
0	0
0	0
0	0
0	0
0	0
1	1
184	13
10	808
927	30
0	221
145	1
0	0
0	0
1	0
10	8
9	221
149	56
231	0
169	2002
1	0
0	0
18	980
0	0
392	122
5	152
249	0
1	0
6	133
724	90
19	381
14	8
2079	98
0	0
0	0
1	3
0	0
0	0
0	0
0	49
220	0
85	3
1	721
0	0
23	1
7	56
0	0
0	0
0	0
0	0
0	9
115	2071
30	0
0	0
0	43
3	2
17	122
0	0
1	55
0	1
1	125
0	366
157	1086
3	7
0	0
0	0
0	119
70	280
8	0
469	3
12	66
3	14
13	179
466	1
8	503
397	2146
0	4
0	0
41	237
36	471
210	48
366	6
131	684
538	112
258	0
195	1404
1	0
0	0
12	5367
1	49
9	356
242	0
910	0
95	35
528	251
718	623
206	199
51	2397
123	22
306	0
60	7
0	0
69	2676
32	303
17	567
21	58
318	0
283	664
184	8
89	0
2	50
216	0
1	0
0	0
2	12
0	0
1	0
16	496
0	0
3	9
1	0
1	0
1	13
183	0
201	217
205	0
12	184
164	0
0	0
64	2775
1	8
1	91
0	0
0	0
5	0
0	0
0	36
1	0
1	0
0	0
0	0
366	0
0	0
139	179
666	0
21	364
56	422
2450	7
1	117
64	0
39	1589
15	209
18	822
43	3434
518	96
56	1925
0	25
534	97
1	224
105	1403
358	0
6	844
304	1429
0	1
98	181
393	794
71	40
4	212
4	1
224	0
80	110
0	0
0	0
231	7
0	32
369	124
246	0
16	13
32	83
205	0
397	241
760	974
50	2602
289	24
216	0
0	4
727	0
624	355
0	3
21	9
131	105
0	3
2	177
247	0
57	0
1016	4
396	1
67	0
222	0
32	1
0	0
47	373
2	2
93	55
0	0
7	43
130	1334
571	0
6	0
94	67
206	38
179	473
145	0
1	0
4	13
72	2
11	0
10	7
1135	170
173	0
136	2093
0	0
0	0
13	0
720	0
94	1021
4	0
0	0
1224	24
0	0
444	81
166	174
0	0
0	6
0	0
0	0
0	0
0	0
0	120
0	0
5	99
0	0
0	0
0	0
0	0
0	0
82	171
129	1
583	329
0	0
171	1065
8	4
0	56
76	6
55	1593
233	741
40	529
459	37
0	0
0	1
0	79
1373	65
0	0
74	2
0	2371
31	1800
1030	348
226	24
605	183
2	0
46	14
101	11
0	0
134	0
271	13
1047	144
137	100
1	0
1	0
239	148
133	0
289	409
467	11
91	0
55	35
7	61
373	111
8	1765
4	1
0	10
1	78
37	88
664	620
22	0
0	0
332	0
0	0
0	0
0	0
0	0
0	0
0	0
0	0
74	1
0	46
1	0
98	0
0	0
0	0
0	0
5	115
0	0
2	0
0	0
0	0
0	0
0	0
17	852
1	0
1	0
46	377
26	0
5	27
0	0
329	27
0	0
0	0
0	0
21	4420
3	0
1	198
0	0
179	62
864	9
77	2129
58	0
70	1
13	746
30	8
0	0
7	186
2	1970
0	0
89	0
141	621
0	0
0	0
0	0
0	86
2	0
0	0
12	193
25	3
2	0
0	0
162	104
0	130
2	1
0	0
89	45
2	17
65	1
5	29
0	0
125	43
20	10
2	9
7	3
5	1
2	2
55	4
0	0
1208	2
3	0
0	0
930	218
24	50
1	22
12	2
0	6
3	6
0	0
0	63
0	0
81	20
0	0
0	0
48	162
35	0
259	1537
0	154
2	0
42	12
1002	7
26	1
0	0
1	0
0	0
422	0
0	0
8	0
489	0
257	63
0	27
7	48
812	0
4	903
4	815
14	35
2	9
0	0
0	130
1892	3209
653	0
319	0
50	749
1414	3
7	0
2	0
0	1
5	1
0	1
0	0
0	0
0	0
2	0
3	0
100	444
361	464
143	33
97	179
47	3448
18	37
62	116
533	2086
39	22
70	78
30	3491
118	0
46	296
118	110
2894	2542
107	90
340	116
0	0
0	0
5	0
0	0
19	0
63	330
2	0
0	58
342	0
183	10
470	132
202	2440
297	770
997	711
3	1
1	171
109	632
6	4172
26	0
46	643
77	383
0	0
1	1
0	576
0	2
0	620
9	583
6	0
0	12
0	0
7	5
90	508
330	4406
230	227
12	163
194	0
67	21
0	1
6	0
398	2023
0	1
3	1
1	321
9	606
0	0
0	1
13	186
0	0
2	91
0	0
192	0
3	10
11	0
17	610
14	0
4497	229
337	65
437	0
0	0
0	0
0	0
0	14
33	4161
4	11
15	347
8	29
0	0
0	227
0	117
0	15
1	28
206	29
7	211
585	28
8	15
81	76
0	0
0	0
1	3
0	265
0	0
0	0
126	221
14	0
44	2
0	0
545	538
0	4
0	0
146	163
0	57
12	889
1	0
0	21
0	0
1	0
0	0
0	0
0	0
0	0
0	0
11	0
310	20
0	0
0	0
0	57
8	33
0	87
22	15
2	140
15	66
0	0
1337	413
225	97
0	0
0	0
11	369
465	588
174	90
0	0
0	79
0	0
0	0
0	0
94	2400
59	911
8	522
2727	696
2056	6
369	0
2	0
28	10
1	133
1	59
0	0
0	0
142	31
78	1209
154	794
450	0
56	333
47	1167
14	148
0	0
1	48
0	0
0	0
1500	0
0	0
192	1172
1	8
2	0
5638	0
1424	114
0	0
0	0
4	0
2	0
1141	102
0	3
0	0
0	0
69	2843
131	500
22	452
265	485
0	0
0	0
0	0
27	245
390	415
0	0
345	163
464	273
0	131
1	0
0	0
0	0
102	3280
24	187
2183	223
239	259
0	0
0	17
1017	36
75	19
459	2
41	0
120	0
130	62
309	0
1441	4585
97	1441
0	0
200	62
0	0
1069	741
0	0
1	441
0	36
0	3
112	2786
2188	1010
332	64
0	0
768	217
103	0
224	0
2399	5184
0	0
0	0
131	0
11	0
103	43
9452	2
56	401
360	3
1220	3
0	15
2	92
1	5
114	107
0	25
66	5
6745	3
2	10
0	0
1	0
386	31
291	106
513	0
203	0
237	0
192	19
65	47
9	309
0	0
0	0
0	0
17	75
3	0
30	345
63	127
16	170
0	0
1	16
1455	243
1760	0
3	0
32	27
193	23
1800	0
19	9
154	2
29	22
14	34
29	1061
3	5
1	2
6	37
0	11
96	748
66	230
1	29
189	41
37	35
0	0
0	0
0	0
0	1
695	42
2	0
0	0
1	0
5	0
0	0
1037	701
375	0
120	26
0	5
188	894
151	0
13	3120
0	1803
6	24
1	2
0	0
0	0
30	178
477	0
194	34
0	0
21	384
0	0
23	278
9	0
0	0
0	0
0	2
4	986
19	8
2	0
45	19
1	41
5	49
34	3795
6	14
0	0
10	768
8	7
4	434
1	0
1058	38
67	1286
125	366
156	0
211	474
78	2004
17	0
388	0
190	1216
0	0
0	0
2	15
0	0
32	1088
11	237
165	0
0	0
935	195
32	1
0	0
42	273
0	0
0	49
66	63
0	0
2	33
4	99
20	2203
2471	1328
12	711
5	0
0	0
23	0
203	0
79	54
0	14
26	11
59	0
165	0
202	388
24	0
169	243
1094	945
432	559
151	46
0	55
14	1420
112	4
15	43
1	56
0	1867
9	2070
13	30
3	453
4	52
0	51
0	55
8	21
11	1258
0	0
74	0
314	0
39	28
1050	0
46	161
0	7
42	54
1	84
385	1473
3	12
3	3
95	904
35	779
14	715
1	5
1	0
145	530
50	54
8	27
6	0
7	0
13	43
4	3
0	0
1	0
0	33
7	29
157	325
264	242
196	0
0	0
334	0
10	344
429	45
1543	1147
26	34
0	105
10	5
988	0
65	0
378	103
0	0
9	0
1	411
0	0
1046	336
219	116
2795	1851
0	27
0	0
243	352
1	543
1	0
0	5
11	101
1	16
2	3
10	473
0	39
11	277
58	229
0	0
1	1
0	0
462	326
136	0
1070	0
2473	223
121	0
0	58
0	24
4	10
156	964
98	82
17	48
63	641
0	0
147	3092
0	29
0	0
0	0
14	3411
0	0
0	0
0	0
159	14
99	603
88	462
0	56
423	82
809	1922
0	0
21	5
829	14
364	0
29	0
26	21
0	0
3	0
3	3
2	1225
6	3120
16	67
6	90
0	13
0	7
0	47
0	19
0	9
7	292
10	0
229	0
390	0
0	462
0	0
5	75
0	0
699	1327
2	3
5	0
976	201
38	47
0	97
5239	0
0	47
12	519
0	743
0	32
2	49
56	7
394	1
1012	412
0	0
58	0
562	107
11	0
280	43
86	807
11	255
269	0
5	11
89	1936
61	2816
1502	131
160	208
162	3017
787	2
210	2
140	279
1	0
1192	163
3	25
0	0
7	0
1259	3
80	0
1034	429
79	456
8	4
398	8
2	0
82	333
876	615
0	0
696	5
8769	2
0	0
0	109
246	119
0	0
7	10
10	0
0	0
421	0
1	0
0	0
950	5196
486	463
438	0
4204	2915
136	5
486	0
471	0
334	530
644	2180
3	0
0	0
14	55
66	3495
224	396
78	0
5	147
12	199
32	202
304	24
43	492
195	0
178	0
0	0
6753	438
723	1532
163	2
14	71
0	2
0	1
2	0
218	0
0	0
1292	325
228	3505
32	0
419	636
221	378
0	0
0	0
1	0
1	107
2056	294
158	33
53	2642
33	258
0	37
0	0
635	451
14	1339
0	0
769	703
1598	0
260	0
200	0
1024	0
170	1
1456	84
87	0
2031	997
101	150
0	5
0	0
48	4
1277	823
599	326
588	0
0	127
7	5
0	0
3	0
1479	67
58	0
3	0
0	0
0	0
0	45
2078	1444
3	52
0	0
14	9
157	291
264	568
67	13
43	55
208	0
150	466
6	0
0	0
93	539
17	1
1	23
1	6
1350	133
1	41
10	224
14	141
155	0
69	2063
0	0
0	29
0	1303
3	26
49	522
75	1
0	0
76	1487
74	17
317	909
121	0
1	0
1	0
145	20
3	0
87	3
0	0
0	0
0	0
3	17
0	0
244	5
209	11
43	244
3	87
34	95
22	40
16	367
321	105
0	105
2	4
0	0
0	21
0	0
7	7
2794	1429
0	181
26	457
1463	0
2	39
0	847
518	6
0	0
437	468
0	0
73	1302
14	0
93	0
188	994
41	240
341	22
3	2
0	0
219	1393
778	2
2	0
333	84
9	179
0	0
63	94
28	180
0	463
0	0
13	191
0	0
0	0
1231	8
71	115
62	0
0	0
11	0
38	30
2	0
0	0
24	376
1307	519
25	47
3	102
366	1
0	17
373	0
0	0
4	5
668	572
28	2
4	5
688	46
393	1
35	3574
2	0
17	2265
14	55
7	428
0	0
4	3731
0	0
0	0
0	0
184	0
0	0
386	0
239	68
300	1
22	806
0	0
11	2
0	0
110	7
14	3329
519	4
1	0
21	2
0	0
0	0
0	1
0	0
5	532
25	596
330	5
598	207
0	68
3	0
0	0
0	0
760	0
0	0
0	7
1	0
0	59
0	4
197	1900
8	281
0	0
16	29
450	0
1107	3104
0	0
13	18
46	2775
0	1189
0	0
18	0
0	0
0	0
2	21
1	0
620	380
1969	0
397	1031
161	0
166	1248
405	0
304	578
475	3082
225	1
119	253
610	0
678	0
2397	395
0	0
3	11
0	46
0	0
208	0
0	0
1714	0
175	1989
46	972
339	2
6	60
134	1591
0	54
1	3
88	88
101	152
168	1699
39	65
0	0
0	0
173	141
501	0
763	1765
367	0
0	0
279	0
12	247
418	1140
137	0
228	22
0	44
1	0
0	0
207	0
115	218
1	0
0	0
0	86
2	86
0	6
719	0
3	1382
0	52
5	6
1	1
71	3283
0	0
27	234
1	34
0	0
0	0
11	0
1	2
30	0
15	0
13	0
216	24
0	0
1	0
2	0
2196	328
27	198
2	0
3	0
115	3248
806	1029
76	11
127	11
16	1594
52	0
2	5
891	20
5	319
0	0
5	0
54	367
15	51
1	65
292	288
205	0
70	0
4	0
0	0
2	4
0	0
5	21
158	236
518	0
854	413
188	0
3	0
277	17
18	0
82	168
1032	158
0	0
23	385
1260	67
14	36
55	162
11	59
5	0
9	0
1	0
1	0
4	15
0	0
0	0
57	0
5	135
2	0
0	105
980	135
30	0
30	647
0	0
1	0
8	15
135	118
149	963
0	0
152	22
65	882
0	0
0	0
5887	1
1	0
9	2
1	533
2	1
0	426
50	0
2860	1659
0	5
9	121
4	14
2	0
3	0
0	0
0	0
1	0
0	0
0	0
21	26
1	2
2	5
28	266
1	0
0	0
14	13
2	1
9	7
0	0
1	0
0	0
37	4
3	0
0	0
51	0
6	0
0	0
0	2
0	0
0	0
0	0
0	0
0	0
176	611
187	0
0	0
281	268
1	721
1	19
7	452
3	59
0	0
73	3074
41	645
870	259
35	1150
286	0
247	403
79	102
4	35
7	237
11	1899
17	57
0	0
186	2
118	0
114	40
154	22
279	0
128	2069
0	0
2	82
114	1
733	637
4	79
45	226
662	459
54	977
366	965
336	0
0	0
0	0
73	230
335	570
5	0
229	113
184	196
183	47
879	1
14	2094
38	46
3	5
1	108
864	262
593	432
1	0
277	774
873	54
58	2
0	0
1	15
261	380
0	0
2	0
2	0
0	0
0	0
0	0
120	58
48	11
206	64
19	0
140	96
2	360
0	0
1	0
1	0
341	0
163	887
208	7
0	0
0	0
0	43
0	0
938	871
17	98
0	0
201	16
52	3124
265	1
70	332
885	25
354	0
583	607
0	0
16	0
1	0
0	0
2	94
0	1
6	0
63	1455
37	73
0	0
4	163
0	0
3	0
0	5
1	373
18	517
13	77
0	0
0	0
0	0
588	0
0	0
0	0
0	0
0	0
239	734
0	0
164	0
155	0
3	0
28	2
4	40
1	221
9	0
220	1281
0	5
1	751
64	885
1	0
0	0
0	0
0	0
3	0
0	0
70	13
84	3092
10	45
820	139
0	0
42	91
150	639
0	0
85	8
18	0
5	2
33	13
243	298
163	26
21	655
438	0
100	56
395	79
0	8
32	432
61	1
96	0
119	2542
0	2342
0	0
154	0
186	806
6	367
4	307
0	5
95	0
65	970
0	0
0	1
3	123
0	665
69	278
0	3
0	0
4	0
127	0
0	0
8	0
113	0
110	149
54	0
159	768
1	0
0	9
2	0
0	0
0	4
0	465
0	24
22	285
1589	1282
2075	371
1	0
0	34
291	0
53	50
199	145
254	0
225	1539
177	17
0	0
10	477
563	2935
599	300
1	431
1	8
0	11
2	168
2	14
20	117
0	0
0	0
0	0
0	0
0	0
335	643
0	0
0	0
414	370
626	359
1741	1004
0	0
0	56
1	0
0	24
0	0
8	21
90	0
781	1885
0	0
0	0
114	0
8	158
3	112
179	0
1915	3555
114	2520
154	145
1769	1
1977	1
459	0
2457	2
1281	8
871	368
137	1189
1430	4
532	524
24	0
128	0
6	22
0	0
0	0
855	1055
7	30
72	11
0	0
961	39
0	0
1	0
216	0
812	0
0	88
100	698
3	28
61	5
0	0
0	0
0	0
3	98
0	0
10	0
157	0
0	112
0	0
56	2
56	1064
120	362
26	92
21	78
0	0
77	107
18	0
125	38
0	0
8	0
0	0
252	21
642	863
0	0
17	1253
240	587
0	0
3459	0
1937	726
70	36
9616	2
6930	0
1	0
550	0
4837	1
244	2154
1473	0
0	1
37	0
211	110
3	466
0	0
631	1788
1	1025
42	1664
60	3932
1	16
362	0
0	74
227	0
369	12
1	66
0	0
249	972
0	31
4	205
0	5
18	48
15	130
21	491
2	0
0	0
23	70
51	76
332	3485
1	3
0	87
158	1340
59	512
3	31
9	117
90	1409
0	0
14	1109
45	0
214	782
50	0
53	0
180	1
694	12
45	0
1112	190
452	0
1489	1536
464	0
590	335
715	97
328	19
303	157
175	87
11	0
212	417
867	71
201	220
0	0
4	56
0	0
2	11
0	2
243	3408
674	1
377	1146
64	2026
2	7
819	0
0	16
2	7
3	25
575	513
5	8
7	451
226	114
52	0
371	0
534	0
847	0
230	27
498	1
0	250
1	0
7	2
5	0
1	0
207	0
6	3130
151	14
86	197
0	0
12	0
54	28
3	0
0	146
0	0
0	0
73	837
0	0
42	0
5	0
10	0
147	68
103	4659
2	154
0	0
160	73
0	0
0	0
0	0
1	0
460	108
0	0
6	1995
546	1236
134	0
191	4
196	1
19	1504
0	0
8	1047
249	150
7	1077
299	304
4	122
5	5
0	0
19	195
639	2275
1090	415
3351	794
7	15
4	9
12	37
0	114
42	781
1	220
0	10
0	171
0	0
5	241
12	73
1	46
0	5
121	37
0	0
0	0
0	1
0	12
0	23
0	0
0	22
2	0
10	0
332	23
1	0
5	0
0	4
0	0
0	119
405	0
168	0
205	0
146	13
543	0
425	831
54	8
134	3999
8	305
50	14
13	290
33	1634
3	5
1	0
0	0
0	0
0	0
1	491
3	0
66	1633
3	0
12945	370
10	0
45	440
265	0
1	140
1	0
0	0
572	224
1639	0
103	342
103	0
2	2
314	0
22	61
19	94
0	25
13	1
49	0
296	233
32	266
29	83
0	0
180	0
13	918
0	256
0	0
1	403
0	20
0	51
379	22
20	4
37	96
238	1362
2	215
3	6
14	433
35	0
13	0
200	216
0	0
0	40
0	0
99	1877
0	0
9	162
53	0
27	109
3	0
1409	36
0	39
2	406
0	0
4	718
1669	0
98	0
0	0
606	17
111	1827
974	292
4	119
0	9
711	0
160	0
298	18
21	55
0	0
94	59
113	51
0	0
0	0
26	568
0	0
0	0
3	219
233	0
124	25
3	37
3	65
152	85
2	48
0	0
0	0
0	0
0	0
18	41
19	29
59	17
1	1120
3690	375
7	83
277	0
4	0
0	0
0	19
18	4
13	335
6	3
29	1083
0	11
1	3
1	58
2	1
34	3
0	3
1	0
1	0
12	0
11	345
10	0
709	125
0	0
178	0
519	526
14	1
0	0
128	154
2112	32
0	0
478	25
1822	11
1528	0
573	707
0	2
55	195
0	0
8	0
41	1944
0	0
0	211
113	97
851	228
362	528
0	0
400	1
0	0
9	423
125	242
1	3
0	0
521	391
235	2
1014	0
599	1006
17	454
12	39
50	424
56	79
328	675
12	392
92	4
205	279
53	0
2767	0
0	0
362	8
324	120
1158	0
657	88
95	5642
0	3
52	24
0	0
769	3
746	1
904	0
0	0
3370	111
135	0
0	0
0	0
0	0
24	282
142	187
3361	92
49	0
74	0
1	0
440	0
547	16
6	0
3	8
2	591
72	2461
20	432
76	0
564	0
251	546
0	0
258	0
380	152
518	0
66	714
14	28
56	27
45	813
71	2172
559	4
316	168
2	1
20	0
50	36
209	445
104	154
0	0
0	0
1	50
1	29
539	583
0	6
21	0
0	0
20	37
429	190
82	0
240	45
13	1
0	0
0	0
26	0
0	28
42	0
25	2767
127	0
305	0
267	0
953	0
203	2
27	43
982	744
5	23
0	1
1072	371
0	0
1	48
84	1298
12	3514
102	3040
0	0
212	82
442	0
420	4
941	0
203	31
0	32
78	1
760	311
185	2769
46	0
159	0
79	68
9	185
283	2069
0	0
127	175
0	2168
16	69
0	0
0	0
0	0
11	79
6	0
70	2856
25	1038
2	1
244	30
71	1671
93	94
190	281
10	130
5	4
36	125
51	1381
0	6
203	0
162	16
1051	167
15	481
2	5
0	76
12	775
602	2439
2	0
26	45
20	319
52	475
253	16
6	0
0	24
8	4
114	0
2	0
1	0
34	72
6	0
0	0
338	0
0	0
7	33
11	2192
92	186
26	98
9	0
0	0
124	2987
2	8
56	274
79	86
14	4
111	138
607	0
5	29
376	0
488	17
316	0
24	19
779	5
0	86
49	252
0	0
3	212
13	161
6	1313
2	0
82	83
1	201
0	0
0	0
0	45
49	59
2	30
0	403
399	1614
141	7
166	0
62	87
93	0
0	0
186	0
194	0
0	0
127	0
1025	0
886	3539
181	57
30	0
8	300
0	0
10	141
354	151
372	1474
0	1
716	10
23	0
713	49
6	417
3	462
2	580
19	101
27722	6800
9812	5281
3	705
279	381
1	3
0	0
186	8
75	5
0	118
41	0
1647	108
3	18
0	0
92	55
6	0
317	1941
86	1001
161	0
0	0
85	3257
1483	657
719	358
5	0
524	1518
281	154
0	0
1408	57
62	741
42	0
481	0
0	0
4	0
1	87
0	0
0	0
0	136
8	528
0	0
0	0
0	0
0	0
0	0
30	57
415	1754
93	0
16	0
714	0
46	81
167	3
186	131
39	0
17	0
3204	7
5	0
1	0
1	0
27	0
1	1
6	0
0	0
5	0
0	0
137	0
131	0
10	0
5	69
2	0
0	0
0	0
22	605
0	0
1	4
0	4
818	3
17	587
0	121
0	0
0	2
8	896
6	28
41	786
0	0
23	2924
88	0
46	635
121	4
25	126
1	44
39	2
8	0
3	0
76	139
253	1324
1	6
0	79
398	212
194	37
4413	595
1796	205
10	147
251	6054
8	2327
0	85
0	0
0	51
3	2
104	7
49	0
2961	325
1	78
807	219
32	0
224	6
0	8
0	0
0	5
28	3
1	2269
194	1437
244	395
88	4
17	49
388	1845
263	272
64	39
37	1571
562	1721
54	812
9	0
56	466
412	82
0	46
0	0
1	868
6	123
0	1
0	0
0	0
0	0
0	0
0	0
0	0
0	12
0	0
0	43
0	0
0	1272
2	2
0	0
180	11
1682	0
108	0
566	0
87	649
86	0
61	736
17	372
368	1
28	1
3305	259
105	669
36	0
31	3393
21	1097
377	3
52	0
76	1249
3	174
27	227
3	75
74	0
6	0
4	390
0	7
0	0
0	1
624	118
43	0
133	336
27	199
388	1969
239	29
38	0
249	55
43	0
85	0
13	29
858	78
35	101
80	0
4	4
0	0
1031	33
464	0
15	389
98	0
160	657
265	1068
651	4261
37	228
256	41
0	37
77	23
214	80
17	0
289	85
0	0
0	0
81	565
0	55
5	9
797	1593
469	173
316	645
2	0
73	0
43	400
96	1332
23	0
242	0
165	0
596	0
0	0
646	154
0	91
1	67
24	356
31	1279
12	274
68	0
0	1198
5	0
1	2
341	0
3	0
61	2825
4	822
0	0
5	10
7	0
4	1
0	175
37	1388
2	8
19	4
5	40
0	0
0	1
0	10
0	0
49	152
263	22
4	0
461	0
2	0
45	0
276	0
17	4
0	0
1	0
0	0
1	5
0	0
0	4
0	71
0	60
3	0
6	1
0	0
12	95
4	26
2	96
4	910
0	92
0	1
2	7
9	0
200	1055
1	0
10	589
25	297
1	615
0	2
16	2
19	3
7	0
6	0
516	68
19	9
389	374
0	0
0	0
0	0
0	0
2	0
1038	351
0	0
58	0
3	0
209	254
0	86
17	528
83	352
290	0
45	376
44	6
0	0
0	0
57	28
31	1201
0	0
59	24
1	0
225	57
0	0
107	3076
444	0
6	0
2	23
0	0
31	168
140	419
540	11
349	2
2	114
93	123
0	0
190	0
51	90
0	236
0	0
735	1
20	1
0	0
36	0
201	0
36	0
4	0
617	0
1	2657
0	0
9	0
5	0
13	0
0	0
324	361
0	0
184	3840
147	0
60	0
751	554
0	65
0	14
0	152
320	10
3	356
11	2030
11	14
184	39
73	3
97	1
77	4
8	0
1	0
6	0
1	0
99	0
30	4
2	0
0	84
4	5
2	4
41	1
105	0
0	0
752	23
1125	214
375	523
132	111
59	68
335	0
32	0
379	202
4809	0
510	378
0	0
33	70
57	78
42	479
252	208
0	8
0	440
3	2141
0	0
2	0
17	296
68	46
17	2742
209	296
1653	0
471	0
325	1954
245	179
247	0
26	0
1324	0
166	118
617	902
9	1050
4	214
177	180
0	0
2928	0
60	0
113	481
7	0
0	0
0	250
0	13
0	31
3	1
589	172
549	1837
58	321
19	0
43	61
461	0
130	0
2	168
8	0
1	6
0	0
179	24
17	0
0	0
1	2
0	31
48	7
492	14
36	953
0	0
248	0
0	947
81	225
13	0
0	0
2	0
0	20
183	551
0	38
0	140
0	24
0	0
1287	24
99	129
17	0
67	0
80	0
0	0
55	0
16	259
175	1280
3	0
30	306
46	0
3501	0
484	39
0	412
1457	31
0	7
14	0
0	0
0	0
193	0
0	0
0	0
0	0
0	0
2	35
159	77
759	75
121	1027
760	0
0	0
1141	1110
724	99
240	600
894	0
93	0
740	2264
167	0
93	0
79	0
44	423
0	0
38	0
387	0
338	0
0	0
1	44
0	2400
25	336
35	1025
143	145
77	887
10	420
138	244
193	0
73	17
48	3602
3	0
0	3
0	0
0	2
83	95
2	258
0	0
0	0
0	0
0	0
621	34
54	41
103	78
162	0
717	406
205	0
0	0
1	137
5	0
226	0
63	0
12	41
525	69
281	2098
6	0
45	0
1	4
159	374
1	0
0	0
0	0
0	0
1	89
5	30
3	218
6	489
14	53
339	940
16	242
0	125
260	68
31	823
700	0
84	274
69	450
62	1017
0	0
16	232
0	0
2	2
0	25
102	717
31	254
1	5
0	0
1	69
0	63
0	54
70	1433
355	1088
139	1828
17	838
15	1379
0	0
0	0
0	0
0	0
0	0
0	0
0	0
0	0
0	0
92	353
0	0
0	0
0	0
0	0
0	0
0	0
0	0
5	55
128	152
53	0
184	335
149	0
364	37
10	198
0	0
312	0
284	2556
2	0
2	0
7	33
4	0
147	7
0	44
0	0
7	0
0	0
0	0
0	256
145	22
55	22
146	0
455	114
1443	316
16	345
38	0
1408	428
69	0
236	1608
47	806
122	36
4	365
0	84
120	0
0	0
0	0
0	0
510	381
155	2844
0	51
4	4
2	44
6	15
39	3256
2	119
57	162
0	22
21	3
4049	1674
643	20
239	24
0	64
1	0
7	0
31	0
12	0
10	292
0	0
6	0
0	1
41	826
0	0
5	501
3	428
0	49
0	47
10	191
16	120
546	616
358	191
76	143
11	182
351	478
252	106
272	447
18	2992
3	160
139	65
414	0
114	0
299	854
340	3277
6	109
10	947
114	1222
51	931
0	0
0	0
3	0
0	1
0	0
0	4
0	0
0	0
0	1
26	15
0	0
0	0
70	25
17	113
7912	1106
60	398
0	0
95	183
183	1546
0	0
20	1
6	5
0	0
0	0
1	0
0	16
65	100
1259	9
842	13
506	171
0	2
14	2
4	0
3	0
3	119
0	0
2	15
1	0
1	27
1133	14
69	0
920	0
348	72
465	0
0	0
324	9
1	0
0	0
44	8
0	4
332	377
6	3
243	54
0	0
402	152
0	0
32	3337
1	5
23	0
21	14
109	376
720	1088
237	0
0	0
507	1
128	108
956	98
706	1451
4	672
1567	508
137	1432
50	0
32	0
422	7
93	0
398	295
30	25
0	0
217	15
233	233
0	0
68	57
407	78
0	19
13	38
0	0
1389	269
0	0
720	41
35	540
261	0
0	0
12	0
0	0
138	173
2100	287
3	14
10	0
229	4
33	294
7	9
7	170
0	0
2	0
0	6
21	9
1841	0
141	0
313	2202
4	59
2021	367
0	93
4	48
0	0
68	251
26	351
47	1284
0	0
234	0
44	8
10	42
69	154
102	939
0	1461
15	0
0	712
1533	295
0	74
1287	16
250	258
0	0
0	0
0	0
6	0
4	0
38	0
1	0
1	0
781	70
42	141
8	257
196	891
25	179
1	10
0	156
1	0
0	0
1880	858
167	471
3	33
7	29
22	203
39	64
0	0
4	31
182	334
0	0
783	0
0	0
13	33
8	0
0	1
0	1
0	52
3071	0
208	34
230	2996
3	12
1285	0
0	0
0	0
76	703
0	0
54	125
11	0
1	0
31	581
105	2020
11	101
300	423
9	0
1423	3
166	621
5	196
21	0
0	0
9	48
2281	387
3	4
0	0
94	0
22	0
0	1542
639	1280
157	732
0	267
56	32
260	53
3	569
0	0
0	0
0	0
777	2
0	0
0	0
0	0
710	0
4	0
0	0
0	7
0	9
0	2
0	9
1426	7
0	7
0	0
0	0
0	2
0	134
0	109
15	3769
70	200
53	213
1	3
282	0
14	2
22	0
31	26
128	694
53	41
262	282
36	89
104	19
8	71
89	1
89	0
1585	0
2098	5
0	0
6	0
0	0
0	0
0	0
0	675
3	0
109	0
161	0
4114	4600
195	0
25	101
27	96
15	1369
34	971
245	47
118	362
19	192
313	0
3	71
1	0
327	10
626	84
285	454
0	0
0	0
4	1
0	156
0	0
728	4
588	0
14	0
3	0
0	0
0	33
12	22
0	40
3	1
19	1401
36	646
154	0
7	967
4	26
470	474
17	0
317	0
0	0
9	0
477	197
391	0
113	536
0	1
83	29
316	0
78	0
159	0
0	0
3	0
274	1374
137	1384
0	0
43	171
21	860
0	0
621	0
1359	1819
109	0
103	0
124	2
228	0
115	0
148	543
0	0
22	1
0	0
154	2906
3	17
29	89
8	16
1	0
415	78
0	0
42	3
1	126
82	199
427	3528
0	13
0	16
55	6
1	5
0	15
3	162
1	453
1283	3
0	0
134	0
107	3052
135	248
0	0
0	0
62	4
0	0
0	0
0	0
0	0
0	0
63	0
8	19
62	1110
26	831
16	37
9	22
4	0
0	0
0	0
10	10
2	0
0	276
7	0
12	485
0	4
0	0
0	0
3	184
542	1560
0	0
531	0
3	8
126	3360
0	15
168	689
0	0
2	462
1	23
5	30
3	568
0	2
18	212
356	0
35	137
0	0
0	37
121	2881
173	220
0	0
31	0
183	2
41	0
192	1826
10	6
52	227
0	0
55	86
0	0
0	8
0	0
0	0
0	0
0	0
0	0
0	0
0	0
0	0
0	0
0	0
0	0
0	0
0	0
0	0
0	0
0	0
0	0
0	0
236	9
393	785
0	0
0	0
0	0
0	1
0	0
75	0
18	229
288	1
582	0
187	0
0	0
0	0
0	0
4	1
0	0
0	0
0	0
947	24
3092	0
2	0
0	0
5	141
15	3240
168	139
132	0
3311	383
55	0
363	0
12	0
0	0
167	0
1	0
2	0
967	0
116	0
45	0
1	0
0	0
0	0
45	0
0	176
2	1213
165	255
14	105
0	0
0	0
30	483
9	2898
1135	0
36	2
5	2683
10	373
3	10
5	2345
8	0
0	0
2176	2
1	141
316	13
3	0
4	18
0	0
3	3
0	0
335	799
11	1765
663	60
2	160
106	0
2151	90
0	0
40	0
0	2
1	19
0	0
13	0
0	0
5	307
28	91
10	47
293	38
0	6
402	116
0	7
0	592
0	25
0	0
292	1730
0	0
271	1001
89	339
471	282
0	99
291	1206
0	181
13	143
12	559
6	35
7	1893
1	25
477	6
550	47
8	5
0	21
6	1
0	0
480	10
301	0
2	0
122	31
9	0
5	0
0	0
246	1742
5	0
124	0
171	919
2	0
0	917
0	0
6	35
62	2375
112	0
7	6
1	312
283	38
115	1877
22	893
1	197
274	409
0	0
0	292
14	1
2568	13
374	451
0	225
184	479
34	195
146	632
39	2
6	0
16	2
0	0
4	0
8	87
1	0
1	0
0	23
0	0
0	0
0	0
13	0
0	0
0	0
0	0
1	0
10	0
205	0
89	0
0	91
42	0
2	0
26	0
25	700
238	5
122	1797
22	447
0	257
0	32
0	2205
8	5
0	0
501	324
134	1
0	0
16	424
12	264
7	1
52	213
23	292
0	0
639	3150
8	0
261	56
0	18
0	7
0	96
23	156
94	743
0	1
50	0
3334	19
567	0
0	120
195	0
1841	0
471	651
138	268
26	420
15	1037
0	258
471	0
162	0
108	445
628	0
622	833
452	1424
0	0
42	589
137	10
17	1717
29	6
2	6
69	32
0	25
0	0
204	541
103	109
185	50
233	1396
0	11
8	0
186	208
57	0
53	479
308	2846
0	6
0	16
35	13
25	147
261	2338
22	9
7	31
60	207
0	0
65	231
241	0
5	129
179	1517
19	15
0	34
3	65
376	92
15	21
11	401
185	5
0	0
0	0
20	252
8112	685
30	27
1	2
8145	115
93	300
68	0
702	0
116	5
64	526
154	0
0	4
380	158
327	0
81	867
133	489
522	0
0	0
19	59
19	23
11	0
50	657
1	0
0	0
1	2
12	221
0	31
215	0
573	20
134	0
87	0
34	0
0	0
0	0
627	7579
2	126
26	0
17	0
19	0
19	0
306	359
4	159
265	11
0	173
0	0
0	0
4	0
1163	2
48	0
111	0
0	0
3	0
0	2
343	935
0	0
0	0
0	0
0	0
0	0
0	0
1	373
0	0
1	13
0	0
10	17
0	0
318	800
18354	2
17	461
113	8
568	1
1	0
138	0
33	324
0	0
1203	1262
7	225
0	1
110	1113
0	4
0	4
2	14
5	144
0	0
0	0
548	2069
317	28
6	22
3	415
0	0
56	22
0	23
0	21
56	364
11	822
39	108
0	0
23	0
17	0
176	35
0	0
2	2
0	0
2	0
0	0
0	3
13	13
23	0
161	0
6037	337
375	1
231	2199
0	0
50	429
377	31
2526	0
895	0
89	0
407	65
167	0
6	2649
1033	0
1	0
2	40
9723	1
1	0
89	0
671	0
82	1
301	275
602	0
0	7
0	0
3	557
15	1
1432	0
19	759
56	0
107	153
16	65
8	29
30	0
75	157
9	35
0	0
0	6
1	2763
75	92
929	332
9	0
93	717
3	745
469	2
0	0
0	0
0	0
2	3
4	11
39	0
923	633
69	280
33	0
144	16
14	200
31	16
159	0
44	600
33	10
40	511
1116	568
421	2
46	9
10003	1792
0	0
3	18
7	655
318	13
122	0
177	52
183	0
36	0
109	1
0	0
162	0
0	0
128	2268
0	0
13	0
11	72
1	3
1032	10
10	848
14	103
0	0
0	0
0	0
1	0
0	27
82	1033
4	12
2485	302
98	0
0	4
173	1311
2	154
59	1338
0	0
0	0
0	0
1	822
0	0
0	818
21	580
3	0
2	0
193	83
87	792
2	0
0	0
14	0
3	13
121	0
0	2
17	156
0	0
0	0
32	0
0	0
5	3
0	0
0	0
10	470
39	163
8954	3054
229	4164
19	0
5	39
10	115
43	0
27	3
1694	1961
362	0
0	0
35	0
26	18
1758	4639
8	666
3	364
109	743
121	155
925	15
6	124
0	0
1	31
0	0
0	0
0	0
0	0
709	200
64	1
3	0
10	1167
11	2186
5174	0
0	0
821	10
1347	0
668	126
0	13
0	150
232	144
0	2
4	202
1	29
38	0
3	99
21	121
0	0
8162	85
167	132
8	0
28	101
0	0
6	197
480	3827
169	3323
0	0
138	580
210	43
0	0
31	4
36	132
741	218
181	8
345	136
1159	4239
0	219
0	0
101	1011
126	29
7	158
0	0
0	0
31	0
0	0
4	5
5227	67
3	0
4	0
1	103
372	1347
167	569
28	820
0	8
0	1
18	77
0	0
0	0
11	56
0	0
130	2398
0	0
0	0
0	212
0	0
274	0
22	1
1700	283
604	1
334	242
6	2
244	1433
147	1134
1953	252
0	0
26745	1809
75	0
9	194
6920	1809
6	0
3	22
1	535
0	31
2	5
0	0
45	236
2	2
0	946
0	0
0	469
12	0
0	0
0	3
0	0
0	0
2	1
0	0
5	2
0	0
0	0
0	50
1102	667
0	0
16	131
1537	78
374	2
270	442
152	45
84	39
63	345
287	0
274	256
879	0
5	0
0	125
260	0
19	31
1	62
0	1255
1	0
0	43
109	47
13	0
14	34
218	34
116	927
361	2
202	0
262	0
61	25
243	89
4344	0
166	1311
67	138
213	22
433	1051
0	0
203	149
16	599
94	34
0	0
60	3
389	0
388	190
2	0
849	0
920	30
1473	0
242	0
1253	3170
256	923
196	15
16	0
82	745
90	0
533	2751
23	788
106	74
4411	2
0	120
292	44
950	224
254	3
556	0
366	69
106	61
0	0
176	11
0	0
1	0
1	0
3	0
0	263
189	91
1	0
11	0
0	194
0	0
3	3
2	488
1	21
92	463
5	2147
270	113
268	57
9	2
128	0
8	0
176	0
36	27
21	0
417	656
0	0
0	0
0	0
376	4
3161	0
8	168
36	510
0	0
2	27
0	0
0	0
0	0
1	0
84	7
34	4
122	0
129	0
227	25
144	236
0	1
134	135
14	956
19	78
47	590
5858	0
150	55
0	0
321	21
74	389
224	341
0	0
51	0
21	0
200	114
127	3
421	0
1	1
342	55
9	497
192	0
0	3
0	0
27	62
306	0
106	1817
227	1105
0	0
0	0
0	0
71	2
198	3294
285	455
3	15
617	1534
116	0
155	0
74	0
154	226
119	66
207	1
17	56
1938	1149
225	0
676	1551
1	0
12	0
0	0
124	1103
166	3
0	0
20	143
490	482
117	518
79	6
66	0
0	0
509	0
13	3
127	0
565	2147
113	514
23	55
221	909
0	0
303	597
0	2
0	0
83	496
0	0
0	0
18	47
18	105
940	1175
16	74
531	13
3	0
2482	1038
0	0
46	196
1294	1996
67	12
0	12
63	531
13	115
0	4
0	0
55	358
58	3612
6	133
78	2
269	109
5654	0
249	0
348	49
379	518
183	6
80	13
177	0
59	4
0	628
52	433
6	0
43	112
0	0
0	2
653	0
0	0
83	5
18	57
271	902
12	152
0	582
20	15
118	326
80	0
0	7
95	18
104	0
166	2612
8	7
0	85
343	8
0	0
9	93
22	27
223	709
16	3259
52	22
1	17
0	0
0	1
0	22
997	943
0	0
0	0
1249	291
0	87
1	0
130	165
0	0
0	0
0	4
811	2665
27	12
0	743
62	5
48	137
1	0
3	0
0	0
1	15
40	1223
469	1429
146	3126
66	907
29	1059
8	651
37	3145
5	1235
2	362
72	236
69	247
0	113
272	135
0	0
350	900
0	0
0	1
0	33
0	0
459	0
3	87
16	95
7	2
129	0
10	56
187	97
89	1
34	2
1	0
41	123
0	0
160	128
30	214
11	61
70	1329
65	719
6	1548
153	334
94	3125
9	8
0	6
2	0
53	3
0	2
5	21
0	541
130	0
1216	6
0	10
6	8
223	398
93	22
5	0
2	54
15	1166
0	0
32	68
178	0
71	7
730	0
50	1075
3	0
0	0
2	91
0	0
0	0
299	0
480	321
413	5
10	0
5	0
11	0
0	339
2	1
0	0
1	113
7983	0
454	0
862	1822
6	0
58	2724
0	2368
7	0
0	368
6	1
0	0
137	2524
233	210
2	0
40	158
1	0
11	0
3	155
71	101
5	5
3	37
5	16
0	0
4	0
0	0
3	0
20	0
44	0
1	0
163	0
1	0
0	0
0	0
5	118
532	460
250	1153
299	2682
8	4
303	143
1	0
123	2
2	0
9	0
0	43
2	1
1308	825
2	424
18	0
0	0
432	146
0	0
304	268
4442	15
0	136
61	2373
0	0
527	245
0	0
0	0
5	12
0	0
36	519
15	640
0	0
34	1
55	0
392	0
0	0
0	0
0	0
0	0
0	277
0	0
0	0
0	0
0	0
0	0
0	0
0	0
0	0
0	0
0	0
1	3
0	0
0	0
0	0
0	0
0	0
0	0
0	0
8	0
0	0
0	0
6	2
0	0
0	0
0	0
0	0
0	0
0	0
0	0
0	0
0	0
0	0
0	5
0	0
0	0
0	0
0	0
0	0
0	0
0	0
0	0
0	0
0	0
46	107
0	0
0	0
0	0
0	0
0	0
0	0
0	0
0	0
0	0
0	0
55	47
0	0
0	0
0	0
0	0
0	0
0	0
0	0
0	0
0	0
0	0
74	59
0	0
0	0
0	0
0	0
0	0
0	0
0	0
0	0
0	0
0	0
0	0
207	673
0	0
0	0
0	0
0	0
0	0
0	0
0	0
0	0
0	0
0	0
0	0
0	0
0	0
0	0
0	0
0	0
0	0
0	0
0	0
0	0
0	0
108	2274
0	0
0	0
0	0
0	0
0	0
0	0
0	0
0	0
0	0
0	0
0	0
0	0
0	0
0	0
0	0
0	0
0	0
0	0
0	0
0	0
0	0
422	0
0	0
0	0
0	0
0	0
0	0
0	0
0	0
0	0
0	0
0	0
0	0
0	0
0	0
0	0
0	0
0	0
0	0
0	0
0	0
0	0
0	0
3313	843
0	0
0	0
0	0
0	0
0	0
0	0
0	0
0	0
0	0
0	0
291	0
0	0
0	0
0	0
0	0
0	0
0	0
0	0
0	0
0	0
0	0
623	393
0	0
0	0
0	0
0	0
0	0
0	0
0	0
0	0
0	0
0	0
985	461
0	0
0	0
0	0
0	0
0	0
0	0
0	0
0	0
0	0
0	0
3	708
3	8
0	0
0	0
0	0
0	0
0	0
0	0
0	0
0	0
0	0
0	0
148	71
0	0
0	0
0	0
0	0
0	0
0	0
0	0
0	0
0	0
0	0
413	153
0	0
0	1
21	57
4357	489
273	0
98	32
238	32
278	0
1371	493
73	847
0	10
0	2
175	565
8	511
1	79
0	0
0	1
594	50
406	534
0	1
0	0
0	0
0	0
97	0
0	0
3	0
0	0
12434	3098
13	191
4	0
1	0
0	87
4	0
5	4
23	708
0	1
2	11
0	0
0	10
0	121
17	0
0	523
125	47
48	111
20	432
80	2
397	1296
82	0
523	22
135	0
1	0
0	15
0	41
0	0
948	3761
2	1376
145	365
129	52
204	378
14	237
0	3
327	36
1666	23
26	0
36	87
20	458
6	70
1	0
173	0
3	658
0	2
83	29
654	2
8	529
299	59
589	324
38	156
100	227
13	0
1	1
2	1
19	221
21	403
1	0
0	0
110	211
139	132
0	0
2	159
7	103
28	136
0	1
17	83
429	0
305	1199
0	0
14	175
0	0
40	232
0	5
83	397
54	0
627	867
29	72
9	1055
68	5
4	55
568	354
1	0
7	0
1	0
4	14
2	801
63	228
12	0
620	0
179	110
15	95
44	946
1	0
17	54
0	0
0	0
220	156
2116	1
163	15
1084	586
256	1050
6	5
0	0
11	31
152	68
140	9
2881	111
400	819
497	2
2	0
0	0
0	0
28	574
9	30
13	0
906	107
234	0
490	0
107	90
0	1
118	3559
546	0
192	1435
437	267
351	68
11	1
445	802
90	781
415	12
0	0
1	239
3	5
2714	299
52	0
202	0
151	418
115	854
100	649
0	0
0	23
8	269
48	1
8741	481
224	0
270	402
3643	53
108	20
0	918
14	160
114	325
0	0
291	4
438	0
730	24
93	2314
133	0
18	0
493	218
38	0
17	59
325	530
0	0
0	5
255	178
3	3
1	1
0	0
1	469
1	0
0	0
18	6
279	271
0	0
1	0
0	0
0	0
1	113
559	11
0	0
164	19
0	0
0	0
30	935
0	0
0	0
1103	1261
14	103
0	4
22	2
53	0
65	0
24	0
1101	3992
45	846
68	1881
68	0
642	282
190	4
171	0
657	0
1258	3140
218	0
715	36
473	0
6	0
0	0
58	2506
93	3606
113	16
2	0
0	0
0	0
86	255
162	14
58	464
137	58
28	0
1	188
0	0
12	0
1014	13
499	388
2	0
4	316
21	61
0	0
14	0
560	1055
188	162
934	3
434	117
45	0
1053	42
0	0
186	255
84	217
57	472
1105	96
248	0
543	16
217	27
38	0
184	310
5	0
54	0
2	0
17	1
0	0
18	2601
82	0
1	1304
0	0
340	4
2	2
0	0
302	230
9	539
4	0
161	2327
288	35
19	20
114	0
0	0
780	952
1	308
0	6
256	513
14	86
633	1756
11	1788
0	0
194	403
1626	0
47	0
7	413
0	45
0	126
8	0
22	153
0	0
12	99
18	710
110	4
5	2
0	0
339	74
22	29
136	10
158	641
11	47
93	941
330	3
67	0
4	5
111	774
5	0
32	1433
528	173
0	0
0	0
259	0
404	16
33	150
491	2014
8	51
0	0
1	0
9	239
18376	24
38	254
239	2423
0	0
0	1
152	1
406	347
541	0
9	0
0	0
325	213
1220	7095
5	149
12	74
45	178
561	1371
75	144
271	0
75	281
85	119
52	364
40	149
521	2793
7	262
1	0
6	4
0	0
2	1
4	0
26	646
70	11
1	20
25	1
70	371
174	368
24	881
127	3293
71	226
51	27
345	65
944	272
0	0
0	64
50	1
0	56
1160	0
521	0
7	141
1	30
33	165
1	4
57	870
1	0
24	261
0	14
421	3514
208	17
1	0
304	33
255	1762
0	0
4	0
0	0
0	0
46	833
0	0
124	12
29	3
5	0
6	88
451	3893
0	36
2	0
4	0
0	0
3	1
762	1152
165	0
80	0
126	1828
4	0
41	119
1	0
127	0
1	7
0	0
0	0
0	0
36	56
0	0
0	0
707	1
0	0
76	1232
0	0
0	0
4	836
4	47
14	36
114	10
173	132
0	0
0	0
0	0
1	0
6	0
8	306
1	0
79	1332
2	73
306	62
4	832
3	652
0	14
0	818
17	451
0	0
0	1
0	302
2	9
0	0
1326	110
27	2
6	0
198	1008
460	114
5	666
10	0
103	57
0	53
241	615
21	0
0	5
305	243
0	0
0	0
0	0
61	1614
0	0
3037	39
0	0
140	190
735	86
0	55
181	1381
86	2432
2	0
40	2021
58	818
33	52
14	0
3	34
0	0
632	0
0	154
0	0
6	0
0	4
892	1
3	0
156	19
92	0
0	0
1	0
17	155
0	1
0	0
3451	2473
180	297
70	14
0	26
679	7
247	1073
94	0
2	148
84	1
0	6
16	12
0	41
0	0
2014	0
1297	1255
157	0
1105	145
0	0
7	26
2	0
0	49
36	8
24	81
658	0
57	0
55	0
1625	2804
6	20
2	34
10	50
11	9
986	660
20	28
1	2315
377	9843
135	18
0	139
1	223
0	36
47	1012
0	24
980	3182
24	531
0	22
4	101
0	0
3	14
0	0
0	9
47	0
0	26
28	72
1049	46
3	2
97	278
14	1150
19	0
389	101
0	0
2	0
4	929
2	4
170	84
0	0
1450	1070
16	510
6	416
0	0
40	2
0	0
0	0
21	0
0	0
10	55
6587	101
4	93
0	2166
3	0
0	0
360	288
733	197
0	0
1	0
1	7
28	4
2	1
3	114
0	0
1	3
0	0
4	3053
19	181
26	0
35	0
3	14
93	834
31	1
575	119
39	2069
47	2282
205	8
5	252
11	0
29	0
354	0
20	0
183	231
0	0
188	0
1009	6
0	2
78	4
21	188
36	78
898	3153
0	0
0	0
202	4518
1029	153
895	0
221	0
384	1
1146	3717
684	49
1327	12
57	181
0	19
1	2392
3	665
5	0
13	11
4	13
167	134
2	29
0	1
1	4
0	0
227	76
0	0
0	0
0	0
146	0
2	0
0	0
0	0
512	519
0	1
1353	0
205	0
26	0
0	0
410	0
0	0
0	0
13	17
0	0
460	1468
209	496
0	0
0	0
222	3290
0	0
535	1735
0	73
147	4
0	0
2	1
3	1367
1	0
181	0
0	0
75	393
10	0
4	13
76	263
63	2839
49	2
39	0
947	6
0	0
47	128
21	0
125	1
190	251
38	2
717	75
0	122
5	0
242	1120
35	112
152	1063
25	304
351	8
722	114
685	1287
214	528
1957	34
20	0
0	0
19	0
2	16
0	49
0	25
0	0
1	8
690	1452
4	283
1071	0
87	0
158	453
0	0
25	104
93	652
470	1380
854	123
0	44
325	480
691	2
23	0
9	0
10	0
41	0
1	0
249	295
135	103
160	21
377	985
458	3
0	0
0	24
20	0
18	290
0	0
0	0
0	0
0	0
0	0
0	0
63	1075
5	0
0	0
42	0
252	0
8	10
352	0
90	0
11	6
0	0
0	0
0	25
330	14
0	0
0	136
25	89
325	42
596	7
29	75
0	0
0	47
0	656
409	279
41	0
3	1452
1	0
19	10
4	0
33	0
7	0
14	0
0	0
0	0
0	0
0	0
2	0
0	0
0	0
0	0
0	0
0	0
0	0
0	0
0	0
0	0
0	0
316	1
0	0
0	0
0	0
0	0
0	0
0	0
0	0
0	0
0	0
0	0
39	464
0	0
0	0
0	0
0	0
0	0
0	0
0	0
0	0
0	0
0	0
947	46
0	0
0	0
0	0
0	0
0	0
0	0
0	0
68	1007
228	0
0	3218
296	1146
9	0
33	1
193	694
95	66
189	7
14	0
0	0
0	0
0	0
5	3
4550	771
738	16
179	2786
7	1842
0	1
2	0
0	0
0	0
5	272
7	117
1	0
46	3076
30	334
52	0
0	0
132	532
3	386
37	1089
0	0
0	0
413	2238
0	0
0	329
373	0
207	0
1621	0
216	865
47	131
2	476
2	1066
59	595
405	0
272	5937
0	104
292	3527
153	656
1	0
1	58
0	14
0	33
114	410
208	1466
27	14
5	862
0	72
0	0
0	0
159	1123
6125	474
12	76
277	708
0	0
0	1
0	0
180	1256
0	2
23	75
0	26
12	9
14	2416
330	1224
1578	0
992	0
0	0
28	0
134	9
14	102
134	0
0	0
139	2646
0	57
0	0
0	0
0	89
22	0
0	0
3	7
0	0
3	0
15	4
35	23
104	37
146	158
150	22
5	0
40	0
476	8
326	3
1	4
13	4
4	3
0	1
0	0
484	85
66	9
21	261
30	0
0	0
103	828
40	89
20	14
84	4
6	2076
377	370
0	2085
0	0
0	15
0	0
2	43
1	0
0	0
0	0
151	0
1	6
83	343
86	0
989	524
0	0
898	5
1	0
11	0
4	17
12	688
7	1
0	473
3	1
553	0
72	58
17	663
1	503
688	0
0	0
3	3026
376	0
234	0
0	7
0	0
38	0
2	2
12	0
32	254
0	12
0	0
104	87
90	38
29	1
0	0
0	0
136	0
739	0
2722	4036
2	0
160	10
0	15
243	488
0	0
53	5
704	167
0	57
92	1108
2	144
11	436
0	9
1501	215
3395	17
954	466
2210	0
77	652
33	299
10	29
0	0
1	0
0	46
0	0
1435	0
312	0
226	2
402	3499
128	411
18	0
178	93
54	1
267	0
544	0
560	0
1	0
199	139
0	0
6	0
738	569
964	81
0	17
104	27
0	0
0	1
0	0
266	736
102	9
12	897
1020	1937
6	88
124	0
55	113
361	546
165	0
0	0
304	427
0	0
1	0
16	50
62	0
3	0
100	0
13	10
1	21
293	31
1	0
0	5
3	404
777	372
0	0
1	61
408	22
1377	141
50	2551
1	6
2	7
16	504
307	627
33	481
143	43
1	117
165	0
13	0
5	63
0	0
0	238
0	0
5	2663
1	50
133	2
508	35
158	24
1129	139
12	2900
0	0
0	0
0	0
10	0
905	1240
0	5
8	64
213	1997
508	0
173	497
12	274
0	0
4	0
67	443
5	547
14	3861
63	1712
118	3574
0	0
797	578
1478	0
278	8
28	0
1	0
573	0
1	0
106	82
692	49
0	0
1776	518
753	159
20	107
1	151
0	0
50	2
193	60
1	0
181	1
1	135
19	104
1	525
119	163
22	129
3036	2934
20464	3013
216	1382
0	0
0	0
3712	57
93	0
104	44
1	0
12	0
151	1
99	44
0	0
1	0
1	0
106	171
0	0
41	167
153	5967
340	1270
0	0
74	66
58	0
2048	807
68	452
3	305
0	30
0	1
1358	0
192	424
0	0
570	0
487	0
49	38
0	0
42	0
5	0
3336	47
31	0
124	231
0	37
0	0
0	0
0	9
0	2
0	88
1446	578
0	10
5	23
9	724
78	0
57	9
1201	110
4	109
36	447
360	0
7	47
33	211
55	0
63	0
25	2865
0	0
7315	519
0	0
0	0
902	13
381	803
47	162
15	0
0	0
0	39
25	0
0	0
3	138
33	443
0	0
414	181
1879	1209
83	1800
2	0
0	21
1	0
7	1
582	600
0	0
33	10
14	1
393	0
0	0
0	17
20	657
30	180
42	1927
0	0
0	0
0	266
0	1465
28	437
14	317
7	56
0	7
1367	69
75	8
128	10
1208	1909
71	0
179	0
2	13
2	0
428	1435
588	378
624	104
1951	76
0	0
0	0
466	862
0	56
1	415
813	1285
211	0
85	0
58	0
484	55
8	124
7	7
13	497
1937	39
14	8
28	11
770	1
145	0
136	242
0	0
386	9
0	0
52	229
1	9
30	561
0	1
24	632
0	9
296	371
0	0
46	48
791	27
571	0
1056	2894
2	2
146	14
4	0
403	0
191	8
265	54
172	251
98	282
0	0
0	117
0	149
289	324
0	0
4	240
0	140
554	0
0	0
487	56
96	0
0	0
87	0
381	1114
120	0
166	0
22	0
6	0
56	0
931	0
107	0
0	0
0	0
0	111
234	296
6	135
6	542
145	1
25	260
0	0
29	495
2	2
2286	0
196	238
21	866
0	0
29	577
0	0
7	62
1	0
51	1761
0	31
16	150
4	485
2	0
1344	4
571	192
1773	0
13	1100
790	151
78	2868
50	61
73	108
1	567
0	0
0	0
0	0
0	0
111	112
0	0
282	0
381	0
230	11
15	179
39	560
119	914
223	52
0	365
1	221
434	29
0	0
369	8
11	0
31	0
0	0
174	1
28	388
43	219
654	18
37	236
0	0
9	67
10	0
291	137
0	6
0	0
1	407
0	0
14	927
2235	258
55	3635
4	9
3	1
11	35
3	60
53	76
7	842
19	1037
0	0
126	200
2858	677
161	49
3	1
0	0
0	0
430	2953
1056	708
89	73
123	0
21	0
2	0
58	112
0	0
37	229
0	0
6	6
2	100
3	0
1316	180
6	347
1	4
5	52
97	0
204	93
212	0
686	75
1	0
410	91
33	653
554	1130
417	1
55	1438
0	5
0	0
8	102
176	30
7	0
243	1210
14	283
149	587
0	6
0	0
21	0
0	0
0	0
0	0
0	0
0	0
0	30
649	798
0	0
2	0
5	0
0	0
41	522
84	0
0	0
325	0
20	2012
21	8
50	1
0	43
494	302
323	662
0	0
26	10
85	1682
96	464
6	83
14	2651
2	269
0	0
72	0
2	2
401	206
0	1
0	0
0	0
0	0
3	0
4	587
495	507
1300	2838
97	254
265	0
3	59
0	0
20	154
0	0
0	234
14	3
189	42
2	0
0	0
0	1
26	0
3540	0
1606	8
641	843
6	141
6	51
10	978
25	0
200	582
0	2
235	12
0	0
258	4
49	0
1545	549
4	3418
423	701
1320	18
487	4
51	3424
5307	33
638	92
0	0
0	9
3450	0
313	802
796	896
213	0
141	0
8	75
817	0
122	2087
5	31
341	219
235	108
169	916
515	12
439	11
221	1235
0	0
0	0
175	4
311	0
372	89
403	123
1556	968
605	109
310	79
42	0
6	122
148	4772
115	0
874	181
194	0
770	181
44	206
3	30
18	0
1	369
230	0
35	373
58	277
0	71
519	363
8	64
35	450
760	1814
247	223
0	0
120	88
0	8
0	0
0	216
524	1
1	212
2	30
0	30
188	87
0	0
0	1
0	0
397	4
0	3
18	0
30	251
255	3570
95	0
3312	4
725	226
200	0
58	14
7	14
2	0
15	0
2	0
0	26
45	0
160	1770
10	322
2	54
6	60
0	0
6	238
13	41
90	364
14	2315
0	0
16	2395
61	836
0	1
2	76
18	30
0	0
6	210
1111	125
2	29
2	9
32	0
41	3466
117	105
33	222
372	0
23	120
39	93
203	60
683	197
191	197
996	1078
148	0
1	0
14	0
51	41
73	1823
1	21
1	0
2334	1664
204	21
1	88
52	259
0	0
0	108
0	0
0	119
42	0
265	2799
1	0
0	1
0	0
0	78
0	0
89	1707
0	0
338	98
12	56
840	2811
0	0
221	0
0	120
439	565
0	56
387	28
232	1022
0	291
4048	6
0	1
10	1956
43	1404
16	0
14	22
0	0
2	0
2	1
0	0
148	564
0	0
1383	764
291	102
0	30
53	0
2516	1
3556	3635
0	39
0	78
0	104
9	22
0	0
0	0
0	0
1	67
0	0
0	0
0	0
12	14
43	168
3	47
5	9
318	1789
8	6
1	0
504	27
207	684
210	38
1207	994
124	1880
1357	36
474	0
91	175
7785	12
114	1176
0	0
0	0
1257	31
0	28
0	0
0	0
0	7
0	0
300	0
0	0
0	1107
11	16
493	8
1	0
106	1022
256	1185
62	1570
0	0
720	0
145	972
0	0
0	14
0	0
0	10
23	2931
0	0
23	1
552	257
109	1
666	6
288	6
4	0
0	0
69	90
0	8
0	0
188	97
7	3
0	1799
6	0
575	47
188	0
39	0
0	0
0	0
0	0
105	3045
23	0
363	909
220	0
103	178
4	15
6	0
105819	3
127	106
0	0
771	0
1471	642
669	2348
11	69
32	589
1	0
0	0
2	15
0	20
2	0
0	0
0	0
0	4
0	0
167	179
55	4
0	0
57	189
1643	274
1	0
0	0
357	168
0	87
146	421
32	166
5	0
37	1
2	0
22	189
546	391
5	15
0	0
56	393
10	130
486	803
273	0
3020	0
181	0
2	354
152	30
1903	3136
111	2803
0	55
212	1
0	0
320	0
336	1322
336	0
799	0
135	73
147	684
122	162
94	410
945	33
5	64
78	649
22	0
86	1052
0	14
15	483
0	26
146	0
928	91
0	0
8	0
52	641
463	0
4	73
0	0
7	1
18	204
57	72
0	0
0	0
0	0
1	3
79	874
67	22
98	858
27	0
0	0
0	0
2	0
0	0
0	0
0	0
0	0
0	0
371	0
0	53
11	16
0	0
4	0
0	0
0	0
5	316
1	236
5	220
0	0
0	0
3	0
85	2
2	0
207	0
0	0
1	0
4584	103
1404	3636
65	0
30	8
186	2553
14	31
305	0
156	36
2	19
6	0
0	0
0	0
16	2674
0	0
46	0
1	0
277	952
0	0
3	0
6	0
0	0
2	0
5	0
78	1963
2138	3588
240	152
2624	0
879	3025
11	0
0	0
84	544
24	1097
26	278
31	5
2	14
113	159
0	0
20	77
21	113
5	0
3	1
44	291
5	37
62	0
1	17
0	0
0	0
0	0
76	0
2	0
3	0
0	0
0	0
1	2
20	367
131	299
217	5
1	0
2868	0
78	0
839	0
45	5
200	4
0	0
1	1
2	0
1695	0
2652	0
28	0
2052	8
3	255
0	0
69	975
131	50
5	1093
0	53
2	1393
1658	5
321	1248
329	0
180	0
69	98
0	0
7	1
1	12
0	0
6	0
0	15
87	18
123	3630
12	6
1960	2408
0	0
0	0
53	307
149	1062
0	0
7	2
0	0
8	38
6	0
0	17
33	722
3	1
1492	208
0	0
0	0
0	0
8	0
0	32
21	1
0	741
0	43
127	126
1988	216
2	29
0	0
0	0
0	0
26	1228
52	1419
9	109
444	775
74	2698
852	32
11	256
62	387
90	122
35	660
8	525
0	1
0	0
66	6
0	21
740	2145
0	0
115	49
771	0
149	20
893	1193
400	224
102	461
1	0
3	3
0	2
27	197
62	290
1	127
0	11
59	26
65	16
0	0
5	107
85	862
7	0
43	0
205	1007
4	18
306	0
480	123
75	105
165	163
30	0
0	0
0	0
12	112
769	93
90	451
59	0
419	457
6734	680
1187	350
53	29
2	52
182	3729
34	310
0	0
4	4
42	232
8	0
15	0
10	0
7	0
129	325
160	0
38	1568
185	168
1	21
0	36
246	4
0	0
212	444
693	451
22	79
294	0
105	52
818	790
305	183
0	0
823	0
73	247
0	0
1	0
185	1238
302	500
41	2
23	597
735	1608
365	2153
72	238
0	14
0	25
0	0
0	0
39	53
445	864
6	2210
10	32
0	1
288	61
42	14
0	0
0	0
121	0
0	0
30	146
153	32
0	0
1057	1020
135	2600
120	5
1	1
371	26
409	9
437	31
120	0
167	0
64	83
18	32
35	75
44	298
0	0
27	32
1	15
0	0
0	0
0	0
322	138
502	0
1116	6824
752	74
0	0
266	3776
5	0
495	49
778	0
143	0
13	0
172	323
19	0
35	18
62	532
45	254
10	0
32	11
46	254
44	1
39	2
1	0
5	744
0	114
0	0
1	0
419	293
502	2
643	3255
89	53
285	926
12	323
167	0
1042	4
167	92
499	0
358	28
8	58
187	0
15	3
591	15
806	6
19	0
76	0
26	6
2	282
169	608
548	0
719	887
106	2562
41	217
53	8
0	0
29	201
0	15
3	2531
0	0
27	353
1	61
0	102
47	1675
193	66
9	225
84	4136
4	0
2	7
50	172
1	9
3	0
18	0
4	0
0	0
0	0
0	0
2	5
139	2663
3	2177
0	0
68	103
6	0
348	154
154	188
20	1
65	0
828	1107
9	0
87	0
120	3886
0	0
0	491
10586	0
1393	325
149	781
0	0
1	6
0	0
10	931
49	10
7	1386
59	71
257	6
0	0
12	800
689	604
0	0
0	0
0	0
62	0
126	0
504	0
37	0
4	938
1160	26
0	32
29	0
25	0
2	0
0	0
682	18
250	0
216	17
0	0
129	506
0	0
122	4
5	0
236	0
240	2588
413	0
308	210
0	0
13	9
10	5
34	38
0	0
0	0
208	394
23	147
0	0
25	250
416	0
297	0
0	125
0	68
3	16
1	0
4	371
6	15
0	0
0	4
3	309
22	927
9240	2
0	0
46	0
0	80
0	0
0	0
0	166
1	28
1	463
0	0
9	241
90	466
0	2
1197	8
33	4092
9	0
125	0
101	3057
7	34
104	42
192	0
621	14
149	113
48	218
55	0
254	87
221	0
12	12
520	0
97	2340
13	0
9	14
1	7
189	27
0	0
12	0
116	0
110	1166
0	0
0	0
0	0
10	12
149	352
2	46
8	0
9	1319
11	146
222	242
1286	2635
0	0
0	0
54	1920
0	0
11	0
7	0
19	3684
1	1
3503	140
12	292
159	0
0	7
456	712
0	1
0	0
13	8
2	3
49	100
2	2333
509	1
21	96
33	1
749	0
2492	0
242	11
571	130
277	0
683	30
0	0
0	368
304	0
0	0
64	1
210	2160
470	0
36	886
0	0
0	0
0	0
0	152
120	0
97	126
649	740
1019	342
2	0
52	2860
8	505
9	1547
54	156
0	0
362	48
77	1528
39	0
296	0
40	0
425	418
71	78
10	0
0	9
4	7
17	906
0	0
157	0
73	21
17	137
174	1113
433	0
0	35
166	181
21	82
0	0
21	279
0	2
108	0
0	5
74	1355
0	0
0	0
101	2
0	26
48	12
0	0
3478	1333
284	10
0	0
0	34
4	3
53	955
0	0
0	0
110	12
114	189
0	64
4	8
381	0
222	0
0	4
326	2309
3	30
2	2383
0	0
0	0
0	209
0	0
561	0
0	77
291	1921
184	0
470	97
42	0
30	0
0	0
0	0
2	0
217	701
60	0
2265	1056
796	1
282	1
4	84
9	753
10	346
270	31
0	0
0	0
0	0
0	0
0	0
2429	52
0	0
0	0
0	9
0	0
1	0
4	430
38	0
203	73
13	3
2470	0
575	0
12	150
0	50
414	3154
252	0
0	0
163	155
0	0
0	0
0	1
2	1
1839	2666
69	0
8	0
6	29
0	0
1	7
0	0
5	0
28	0
16	10
1	0
1423	0
0	0
0	0
0	982
17	0
119	4189
79	869
0	27
2	712
11	0
0	0
335	19
23	115
321	5
2	0
0	1
0	1
0	0
0	0
0	0
2	0
26	895
0	0
558	0
338	135
127	91
36	46
2	0
100	3
48	0
1046	81
4	0
0	0
0	0
1	0
1	0
0	0
606	4
0	3630
0	0
48	491
209	2544
2294	36
2	1687
65	9
431	2713
111	15
113	76
167	161
206	777
4	582
60	1585
22	3824
79	77
21	391
1	1
9	0
6	20
66	0
112	17
729	0
213	0
1783	107
0	0
517	1351
307	1187
19	183
364	417
103	55
2536	8
560	1593
48	0
81	1763
0	0
19	84
134	315
128	2374
531	2572
29	143
65	24
6	2985
52	0
2	0
0	0
0	113
3	38
21	0
114	62
0	29
1	825
0	29
90	27
403	43
0	0
63	2136
0	0
0	0
121	0
1	0
0	49
197	960
12	0
86	0
3158	494
290	0
192	29
8	0
221	4
8	0
25	53
82	35
4	129
0	0
310	0
60	0
280	0
449	37
294	115
1232	14
879	331
0	0
3	182
0	0
0	0
0	111
1070	182
0	1
0	3
2	51
0	3
58	136
0	5
0	0
0	69
9882	452
0	0
0	0
0	0
0	205
1	0
0	0
183	1666
0	0
0	22
46	171
1	84
1	0
6	0
4	0
1	0
1	0
0	0
465	243
4	121
301	525
42	0
3	0
18	0
0	0
0	0
0	0
0	0
5	139
1	162
3	3
0	0
62	198
4	13
754	0
61	0
0	0
34	24
4	498
0	39
0	0
57	0
1250	1
131	0
0	0
0	11
84	198
0	0
88	205
1	0
1	65
0	0
252	1843
2	19
228	63
18462	0
113	0
0	0
0	0
0	1
119	4821
239	54
23	126
460	366
129	0
0	0
124	1206
298	4145
1121	276
0	0
683	0
0	0
1440	32
0	118
403	8
0	0
0	0
0	0
1704	847
30	816
0	0
0	0
0	0
829	7
174	480
0	49
128	60
363	12
39	48
3847	40
124	0
568	68
172	0
347	0
351	44
49	0
2048	27
0	0
268	0
223	338
140	2
5	0
0	0
5	552
336	0
11	122
181	474
98	684
37	3015
1	2
19	30
263	786
65	1
25	2
48	444
34	147
9	1883
881	781
56	2114
0	33
86	0
76	3
477	66
489	421
264	0
4	115
175	153
0	0
3	19
3	211
56	2766
26	651
2	41
0	59
2	16
11	389
29	3
270	7
6	165
326	572
143	0
388	9
169	0
0	0
755	167
469	8
158	0
4	6
57	4927
87	260
380	0
396	24
3	2
0	0
172	2709
28	116
31	183
0	11
0	0
0	0
388	1535
0	0
1	0
0	0
0	0
3	101
4	3
11	2
0	0
4	194
6	1925
37	214
2212	1050
0	42
29	787
1	0
2	0
1	16
2459	2597
12	150
5	308
7	0
15	16
3	75
820	52
35	182
0	4
203	740
91	0
1872	158
42	0
0	0
0	0
16	4
33	0
0	0
0	0
24	37
1	1
114	1
9	707
0	0
6	32
134	55
32	0
3	0
687	0
284	0
21	903
0	0
0	35
0	0
0	0
13	1504
571	250
4	467
206	0
442	0
133	0
1179	1313
7	45
0	0
0	3
4	2898
7	119
2	0
77	4248
0	8
34	844
3	31
312	338
670	0
341	189
54	1714
266	0
1423	106
0	0
110	0
104	304
235	874
205	0
0	0
0	0
70	182
474	4
261	360
430	71
370	23
137	41
40	254
337	120
208	2
87	0
5	62
0	0
1	15
3	24
10	1
0	8
239	42
0	51
0	0
0	0
31	19
8	3437
0	0
0	0
0	43
95	2066
0	28
2	0
1	0
88	11
0	0
0	0
3420	0
798	0
157	65
0	0
278	2
9	25
1910	7
84	0
54	0
314	0
51	231
301	0
23	0
506	86
845	0
1974	0
8	2073
0	0
161	110
0	0
0	0
0	0
0	0
343	1
340	0
2425	0
214	0
202	0
1045	12
0	0
1894	620
257	1450
505	1362
81	1
0	0
8	1132
0	0
0	116
23	0
1098	0
308	0
223	6
106	0
3859	0
150	0
186	336
289	150
0	3
0	118
181	58
0	51
39	0
34	12
540	34
17	1558
0	12
105	86
2632	706
477	261
44	0
0	0
0	0
0	0
0	0
0	0
0	0
0	0
1	0
0	0
34	247
93	960
0	0
464	2611
1167	825
77	0
322	0
2101	0
202	19
31	2
1540	77
104	0
29	5
130	139
535	0
50	4
2457	1
0	0
6	536
21	2444
150	0
211	0
20	46
70	0
6	0
7	57
248	89
0	0
0	32
209	835
0	5
4	4
0	1
2834	306
53	0
9	19
5	0
138	1
116	419
0	16
250	405
492	22
46	213
0	0
0	0
33	0
121	529
0	8
290	158
345	0
735	0
2	6
3	4
0	0
0	0
362	111
3	0
118	55
10	309
0	60
1	1
50	26
80	0
173	10
352	0
497	1433
0	0
19	416
0	22
236	46
3	1
22	570
3	6
192	17
128	34
370	33
90	85
1	5
20	120
1	99
184	8
7	177
45	184
20	322
0	0
10	2330
1	42
122	5
26	2782
0	14
0	17
24	0
61	238
0	8
1	1234
0	0
82	251
102	67
132	0
0	86
15	72
0	1
1	0
52	1035
103	895
22	6
0	0
0	0
49	364
10	131
29	0
0	0
0	0
0	0
0	14
0	0
61	169
14	14
660	457
975	0
120	0
85	0
50	0
73	0
0	0
249	4
30	0
67	76
144	47
73	17
0	0
187	1376
261	0
6	17
29	1571
0	0
6	0
0	5
18	74
271	1538
0	0
122	1
256	352
71	0
484	24
2	7
647	203
2	66
0	66
304	820
5	479
4	4
6	4
0	0
10	1167
8	248
608	56
128	0
289	0
1239	20
0	0
2	0
0	38
9	1
0	12
5	94
142	0
506	424
21	0
50	2
828	146
50	0
0	0
0	157
0	0
45	0
10	0
18	14
262	5
183	4
88	3
43	659
407	0
77	244
124	149
38	36
0	7
3	24
0	0
0	33
0	72
772	435
356	2
580	43
1145	0
174	19
18	102
8	19
0	2
0	0
434	2149
1	0
29	51
22	2249
0	0
0	0
1	545
235	1670
0	0
8	105
231	1
0	0
0	2
9	1441
5	0
0	9
0	15
0	0
1	11
92	2
291	0
0	37
0	112
172	653
466	0
109	5
666	1
53	0
10	0
679	2393
266	0
0	0
355	448
70	0
0	43
74	37
0	0
0	0
1	283
5	120
9	23
1	0
0	0
3	0
655	0
1542	0
533	0
251	0
9	845
15	557
526	894
141	1
7	31
259	7
192	112
193	1
32	0
164	0
176	71
175	0
361	34
0	0
172	0
11	61
56	0
114	4034
24	109
530	970
119	21
157	473
123	3143
94	4
6	75
156	1
1	12
2	0
0	0
0	0
0	0
0	0
0	0
0	0
0	0
0	0
0	0
0	0
23	198
41	301
1	45
2	0
14	103
1	4
143	0
0	2
0	0
46	0
0	238
0	0
0	0
1337	159
0	7
4168	0
1	0
0	333
1	38
263	5382
3	259
454	165
1060	0
75	71
8	10
39	11
0	0
1	60
54	409
2	275
1	4
150	217
6	77
55	152
16	1461
2	61
8	347
0	4
9	1
1	41
4901	161
84	60
45	244
209	1040
585	11
2741	12
534	167
85	14
584	1264
0	0
2147	1
101	235
48	47
11	119
37	54
690	3
0	1
4	852
0	0
0	0
0	0
3	0
265	82
0	0
77	43
0	0
652	0
122	15
407	0
12	8
0	0
0	0
0	2
70	550
1	0
71	0
0	20
0	0
116	30
0	25
0	47
0	0
0	0
8	0
0	0
1	946
45	0
0	246
294	138
36	0
1082	0
1	0
4	0
0	0
23	0
0	0
0	0
3	1115
0	0
0	0
1493	46
14	3158
0	41
67	0
178	2142
8	33
0	0
43	10
61	17
0	496
0	0
2	645
43	0
36	117
29	1511
19	272
201	339
0	0
7	0
40	121
50	100
395	559
97	1
657	0
362	197
111	1238
0	1
0	0
0	69
0	0
21	0
0	464
265	55
282	1
756	0
1213	0
1462	1
214	1
451	0
144	0
0	0
18	0
0	0
1	1
8	0
12	8
1	47
21	9
16	0
9	330
54	923
126	0
0	16
3	0
29	13
527	1436
0	1
74	500
2577	1
1812	105
684	4066
0	7
1228	35
0	0
101	249
10	1
0	0
0	0
0	0
15	60
1	0
3	35
1	150
131	414
151	0
210	346
7	4
0	0
0	5
2	36
233	79
3	0
2236	4
122	172
599	1
0	47
0	110
1	0
6	23
1	56
0	2040
0	0
4	446
252	646
779	12
433	42
47	472
0	0
29	0
7420	1297
2	2
1	0
49	114
107	456
629	987
107	0
3	0
0	0
190	168
1212	412
16	882
6	15
138	1697
0	13
0	360
1613	111
0	120
214	2168
101	591
0	15
4	1194
3	0
803	0
232	1432
656	604
24	3300
302	134
265	1570
69	1599
35	0
265	0
39	0
1065	0
23	0
7	62
528	24
0	0
13	0
27	225
15	4
185	0
62	0
326	119
0	8
8	1189
404	301
361	1
0	0
0	0
0	0
0	0
66	166
0	0
0	0
4	6
17	63
0	0
0	0
0	0
54	250
69	1
1523	0
1104	0
307	0
631	1820
617	0
513	95
17	6
7	24
0	16
542	1455
460	670
29	694
227	2
58	213
544	35
440	1242
484	1119
0	1
860	0
678	0
3058	9
204	0
4	29
235	8
0	0
2	0
0	0
230	95
660	0
296	5334
0	0
109	0
902	0
16	620
35	0
261	224
53	0
533	0
74	1
15	116
0	0
273	15
10	1778
12	216
0	0
0	0
4	2
15	35
0	0
0	0
0	0
0	0
824	0
0	16
916	0
593	28
86	415
89	39
20	377
7	0
0	0
10	0
0	0
32	1134
37	5944
594	0
0	0
221	1244
29	0
145	30
364	0
487	5220
0	0
0	0
0	0
2188	1
518	0
3	11
0	0
126	1
0	683
0	0
0	0
0	9
76	427
9	8
164	1080
21	219
3	8
0	773
3	1399
53	0
401	33
116	0
160	1
111	0
352	1
9	140
0	0
4821	2025
370	1617
157	210
0	2
0	0
92	394
0	0
477	0
56	213
4	77
108	3092
12	306
3	0
0	0
1	18
0	2
213	124
379	1230
415	55
88	0
219	76
269	2523
2	0
0	81
0	288
0	73
795	95
477	0
115	70
27	0
1	0
6	442
24	113
127	158
1467	829
337	3721
79	101
0	0
17	25
12	169
0	0
8973	1283
22	251
428	38
0	0
0	0
0	6
0	35
6	129
3	9
69	0
0	0
95	2
144	0
2	0
0	495
329	0
118	1
5	1
226	0
150	0
9	0
724	0
0	0
0	0
0	0
2	72
39	963
52	3577
7	0
19	28
0	0
269	6
464	631
215	302
2140	807
413	0
544	163
506	0
3	40
13	1
4	213
5	53
89	217
23	665
21	94
559	26
0	0
3	0
3	721
2	35
16	1453
0	99
0	0
26	2800
255	124
425	0
13	289
1	191
56	1321
461	1848
668	496
12	413
8	168
10	458
1	15
17	33
4	154
3	0
0	187
4	11
27	116
54	0
133	0
1572	314
216	3
31	98
0	460
5	827
6	802
0	42
0	0
0	0
0	0
35	0
514	1686
201	0
564	3
13	119
17	279
7	9
0	46
4	26
0	0
2	433
25	2130
27	294
0	26
2	51
0	9
0	0
936	3386
351	0
0	0
0	0
0	24
1026	0
0	0
0	2
0	0
67	342
1153	2
19575	2285
140	0
120	1813
948	5018
4	43
223	88
136	0
17	0
0	0
0	150
6	1793
3	0
56	0
157	9
385	992
1071	488
419	1031
0	0
13	316
36	164
137	22
0	0
266	132
35	8
0	0
31	4
0	0
31	2716
0	0
0	23
992	0
241	161
327	1126
34	0
215	0
2	38
0	37
226	0
483	2106
37	12
214	621
0	0
322	0
41	1516
7	1061
989	447
37	277
0	0
111	0
117	1
92	0
0	4
0	0
3	18
21	859
0	161
0	0
0	0
1504	86
601	0
752	211
967	30
24	250
206	13
105	1711
3	39
24	58
2	0
11	2
68	1765
0	0
0	0
0	0
0	0
0	0
0	0
0	0
3	0
96	3
0	0
105	1210
3	2943
1	2
59	8
41	65
41	1009
42	0
6	0
249	686
39	4
0	0
9	81
58	440
927	344
11	45
5699	305
19	0
15	4
119	226
31	18
0	0
0	0
0	0
4	16
3	102
0	3
0	0
1216	0
446	0
28	0
26	0
0	0
0	11
2	390
607	403
23	2253
33	144
5	39
15	0
3	0
3	0
0	151
2	0
0	0
0	0
44	2840
135	0
0	0
15	344
116	236
791	9
76	177
98	126
54	177
46	0
5	0
188	0
4	14
152	2020
196	0
0	0
315	289
235	105
1	45
254	508
961	110
2	773
0	69
92	2
426	332
891	0
243	2599
0	0
115	631
0	0
3	480
2	566
320	0
0	0
145	204
169	633
0	0
18	0
77	92
1839	0
12	1362
72	258
24	64
50	180
2	878
0	93
12	575
166	12
5	0
2	0
0	0
135	26
117	439
219	466
107	0
654	6
1171	8
0	0
0	0
0	0
0	0
0	0
0	0
0	0
0	0
2009	1416
74	119
46	50
148	0
1407	4
86	5
25	215
0	81
0	0
34	32
7	5
64	49
29	37
231	179
24	329
39	19
2	9
0	0
11	107
0	0
1516	707
0	0
0	0
1	0
0	0
2	0
1	0
0	0
0	0
0	0
0	0
0	0
0	0
0	0
0	0
0	0
398	2280
1720	0
180	151
231	152
14	0
374	0
230	2
2	0
1415	0
8	0
2	0
148	3123
14	4055
3	105
43	1108
128	9
4	0
257	1
243	3
319	1
856	434
30	0
5	183
0	0
0	0
2	0
0	12
1	0
3	3
0	37
52	183
8	0
370	236
425	1863
276	678
473	0
58	82
80	0
30	239
0	0
0	0
0	0
0	0
0	0
125	5
265	7
154	274
40	0
0	0
1	0
50	3
0	0
72	316
0	24
0	32
94	854
3	655
0	0
411	3
311	0
17	12
140	778
79	468
4383	52
183	0
526	0
0	0
0	64
230	3531
0	0
308	862
1	25
1154	0
400	0
111	0
7	162
2	990
18	922
0	0
0	0
0	0
4714	666
0	8
0	0
0	0
0	0
33	0
2	24
330	3
189	47
352	1006
154	0
4	2258
299	1493
6	140
223	3996
224	3021
601	3423
5	0
0	0
1	0
307	24
117	39
8432	16
32	1010
113	153
23	489
30	155
205	345
179	183
308	0
3277	116
544	775
309	368
47	645
150	34
0	0
418	195
0	0
28	111
14	0
16	359
0	0
35	635
2	5
1	199
0	33
0	166
19	295
5	191
269	1668
4	210
0	0
0	54
0	71
0	0
62	957
79	2649
353	538
0	0
19	0
0	818
0	0
176	516
17	59
0	0
360	2984
0	0
0	5
7	614
12	138
334	0
25	828
3	393
743	30
0	0
1	0
776	1564
332	0
8	0
37	0
2	76
2	156
37	4
90	249
70	1102
261	0
1201	1313
0	45
0	126
0	0
0	0
0	63
134	293
9	20
1	176
10	143
1	0
3	0
0	2
39	24
51	409
584	459
1	2
0	87
3483	489
1	33
0	0
0	58
16	4
0	0
868	1972
8	137
32	1094
10	3
5	748
6	1
0	0
0	1
248	128
0	0
7	1978
119	104
24	1006
443	103
573	82
475	1
98	0
5	0
90	43
2526	32
1026	527
226	58
0	0
1901	17
59	0
303	0
0	0
1029	251
20	4
4	0
10	25
1062	30
186	908
33	205
140	0
0	19
0	20
180	2343
222	0
474	3480
55	160
2	0
21	1
256	0
1009	1157
38	225
0	41
2	8
47	0
128	0
623	271
111	0
0	0
3	1848
26	2
14	2050
56	239
522	34
1735	3186
136	161
0	0
2	0
1	0
0	0
2	0
1677	5
426	0
0	17
0	0
70	0
67	74
0	0
122	358
0	0
0	0
0	0
4	0
26	68
1	45
380	0
59	256
407	0
26	1370
0	0
756	27
115	2150
1	57
0	0
46	0
1	0
0	4
0	0
23	156
0	125
6	13
25	57
0	1
10	126
302	3195
75	189
8	516
0	0
0	0
830	877
156	27
30	695
342	0
8816	1
23	0
1077	434
255	518
0	0
0	0
226	103
12	14
12	60
45	34
207	5
1043	433
372	7
309	0
99	208
113	0
140	29
36	40
964	0
189	0
599	18
840	0
0	0
7	0
175	1674
1381	70
6	11
11	6
36	41
0	0
0	3699
0	0
0	0
15	0
2	2
28	651
0	0
0	8
0	0
0	0
0	0
0	0
1	0
147	0
256	293
467	17
462	438
95	6
195	0
0	0
3	78
6	605
42	0
15	495
0	0
8	1504
0	0
31	108
6	121
1	201
2	3
90	711
99	1143
0	0
0	0
4	133
27	2082
14	1
12	256
0	7
425	147
536	26
209	6
3	0
16	0
19	42
531	21
30	19
0	81
0	0
1	315
0	0
15	6
0	0
0	0
3	3
15	295
12	0
1367	1688
0	0
44	2
970	0
0	0
0	0
0	0
52	17
0	12
52	656
0	0
0	0
9	0
0	0
0	0
5	6
4	91
152	549
304	0
0	0
201	105
41	138
250	126
10	0
33	2
0	841
337	0
232	211
12	65
16	2
0	0
30	193
0	2
0	44
0	0
1	86
11	2470
1	291
35	375
0	0
237	0
326	0
333	231
4	61
1	0
0	0
1	1
57	6
0	3
31	5
0	0
134	27
320	1152
132	531
72	62
8	13
26	314
4	1903
4	53
163	64
3	46
0	0
0	0
0	0
0	0
0	0
0	0
0	0
0	0
0	0
0	0
0	0
8	36
84	5374
15744	104
0	0
353	490
0	27
133	3
1038	0
733	4179
36	15
0	0
53	0
5	42
1	2
2211	1378
119	782
95	98
53	134
541	1846
0	0
0	0
0	0
16	187
1	12
0	0
3	182
5	462
16	0
98	3
548	2791
3	0
0	0
0	0
0	9
2892	299
0	0
0	3
8	43
5	0
0	0
294	399
58	1222
194	0
10	1
13	25
24	91
35	968
2	1
0	0
45	52
124	407
371	430
0	0
0	0
86	14
33	0
70	0
1225	1073
0	0
0	0
0	24
2	11
0	0
0	6
0	0
10	122
10	0
0	0
26	0
11	2562
40	37
28	1291
2	678
1	0
0	0
0	0
0	0
755	0
101	0
182	554
12	2
0	0
1	79
0	0
0	0
0	0
0	0
0	53
0	0
5	8
0	0
593	902
49	23
187	5
0	1
11	61
4	1
6	0
0	0
0	0
27	215
1160	182
83	991
1038	296
2	10
458	0
4	0
10	68
98	1023
2	3
196	2183
11	1
881	0
177	105
814	0
0	0
11	0
5	12
25	29
42	0
0	0
0	0
0	0
0	0
0	0
1	43
0	0
1	7
36	896
6	0
31	18
0	1
34	11
0	0
1110	26
0	598
517	0
136	1034
21	0
0	0
0	0
4	128
0	0
10	0
28	584
917	46
468	294
0	45
11	156
18	1297
24	7
177	46
1	0
0	0
83	16
0	0
0	0
4	2
15	1931
36	547
24	213
14	46
90	0
695	958
3	43
2	0
0	0
4	0
0	0
0	0
11	0
349	35
23	49
7	55
0	313
14	45
7	11
41	106
1	0
4	0
1	224
0	0
35	42
139	620
2	604
3	455
16	320
53	1882
239	473
88	475
80	441
52	0
363	2090
0	1
4	0
0	1
306	0
370	1092
12	1400
4	97
1	0
2	0
0	1
17	49
1	357
0	0
0	0
235	0
56	254
0	0
1	0
0	585
0	0
981	0
0	0
36	0
1	0
248	781
367	0
357	541
124	61
235	1
873	1
20	597
12	6
0	0
35	12
31	9
0	0
0	0
0	0
22	3
3	485
28	0
22	0
64	0
50	2
4	0
5	15
0	5
238	0
1220	0
14	12
0	0
2	0
0	0
929	4
638	375
279	160
0	23
0	127
615	0
149	0
544	47
690	3016
2	31
1	0
73	112
191	74
719	496
84	317
0	47
0	0
2	0
30	81
17	10
10	5
1	0
195	334
1	0
72	391
159	601
0	0
6	1
34	16
0	0
3	0
1	0
1	0
2	3
5	1
0	0
87	1895
39	0
6	0
8	0
7	0
15	0
11	0
0	0
0	0
0	0
5	46
0	125
31	127
323	2
54	0
84	0
0	98
10	62
1239	9
2	237
0	0
37	3023
24	9
0	0
8	26
0	0
0	0
0	0
34	920
110	22
0	60
94	137
0	2354
28	87
0	40
0	14
0	0
43	445
4	0
130	0
136	0
324	281
5	24
0	10
285	3430
51	297
13	0
12	132
31	23
3	7
0	0
79	175
0	6
83	39
195	2035
26	514
1	7
964	555
0	0
209	317
407	221
0	0
6	1
82	0
158	595
218	1350
128	0
123	0
249	19
245	19
1159	3
40	82
52	0
22	407
1384	44
105	0
0	0
6	0
282	0
0	675
1	1
482	13
1368	0
11	174
0	0
1	9
343	2
13	138
22	435
217	5314
5	35
55	383
78	557
0	13
5	13
0	43
0	0
0	0
3	20
0	0
701	483
64	7
550	8
347	7
55	2
0	0
0	0
443	0
2	0
756	34
248	27
131	147
1	1
13	1
66	4007
355	115
216	802
6	122
0	15
4	13
0	0
0	0
21	780
96	483
120	584
0	46
3	66
0	4
34	26
0	0
17	1105
0	32
99	19
4	494
0	11
5	2780
1527	742
79	1
7	2
1079	118
17	0
9	83
1	0
166	998
180	5
85	0
167	31
124	1330
20	958
979	33
162	595
851	2802
2	1156
35	5
50	0
21	12
161	44
162	0
321	0
0	3
0	0
1195	3555
31	1013
64	0
230	211
2	23
2	20
16	7
11	1203
0	0
5	2808
114	0
324	68
2	12
8	15
30	0
7	0
0	31
0	0
0	0
0	0
0	0
0	0
208	421
0	0
0	0
14	46
178	620
309	0
171	33
16	2289
426	81
0	0
107	0
0	0
0	0
5	0
52	39
74	0
16	20
917	0
1022	6
3138	0
8	29
0	0
9	1
372	467
0	0
0	0
0	1
9	36
2	0
0	0
2	13
3	1
35	486
1	42
1272	1002
19	22
0	0
3	252
8	69
7	8
6	8
8	2
47	271
2	51
0	68
3	4
0	0
0	0
11	0
9	0
0	0
27	0
310	0
18037	1215
2	97
0	0
1	15
1	0
0	0
5	8
0	0
876	183
208	167
92	201
502	401
6	1
12	143
44	0
13	0
1	887
14	0
29	0
101	1055
0	0
2	0
2609	136
326	46
5	12
116	19
20	0
4	0
29	0
1639	119
0	0
49	0
3	0
20	41
255	31
35	14
5	2
647	50
188	453
10	0
7	17
10	0
102	10
4	0
5	0
49	993
749	33
128	31
24	41
10	88
0	10
27	302
0	0
0	1
0	108
18	2491
12	0
108	59
2	57
0	101
1	714
0	0
2	0
8018	7
74	103
437	0
297	4
100	308
5	0
0	0
0	0
249	3245
0	1
263	144
40	1130
499	1022
389	178
70	2728
41	36
0	0
0	0
0	7
1	0
1	66
0	0
0	0
0	0
35	191
0	6
17	4061
1	0
0	0
171	53
958	1049
161	0
78	35
0	6
44	123
0	37
342	313
146	9
105	235
132	2043
0	2
0	12
6	48
784	217
73	0
18	225
744	556
3	0
0	55
0	0
52	2
130	0
23	1869
5	267
0	0
0	0
0	0
1	58
100957	1
147	0
540	158
6	1
167	1
350	0
6653	0
543	5
0	0
0	163
335	1
0	0
800	1155
230	684
138	3
170	389
60	46
3	578
7	88
36	1
23	1
71	690
1	44
77	416
90	397
17	837
1	84
650	2
1	1
0	0
0	2
0	0
0	4
287	100
662	0
148	447
82	150
0	0
299	22
339	0
126	0
388	2730
317	664
14	0
20	0
132	72
559	192
1444	20
14	245
246	0
911	249
3	105
9	108
6	0
58	118
0	8
23	0
0	0
0	0
0	0
0	26
95	0
0	2802
6	229
433	703
728	0
53	0
834	0
303	2095
1639	0
0	0
31	40
46	149
0	0
139	178
8	0
0	0
0	54
1	1
169	381
0	302
1712	2540
80	0
422	278
20	0
66	0
128	0
48	0
58	0
100	416
214	0
650	2
109	0
23	0
0	31
267	77
13	98
163	1
609	17
104	251
520	114
256	399
166	0
243	26
333	26
249	156
12	0
18	0
10	1
0	0
147	0
40	0
3	0
29	0
0	0
0	0
258	870
44	268
0	0
6	0
15	1347
6	3471
64	2735
17	306
905	2779
138	0
76	22
355	292
76	2931
0	0
8	233
23	333
402	12
15	1
0	0
1	0
128	1
10	3
27	2
88	53
17	65
10	0
221	166
0	0
10	61
21	1
0	0
13	1
0	0
1	2
0	0
344	0
496	0
233	113
30	0
2	74
448	22
276	2
443	1721
10	25
2084	0
609	0
187	0
1407	5
1	0
0	0
16	0
7	4
0	71
0	0
11	56
3	0
1	21
81	0
110	0
188	0
512	956
766	108
17	0
13	2
1	0
10	0
0	0
1	0
756	211
572	12
15	1613
0	208
20	103
0	0
58	1235
39	2
335	866
1	0
6	40
0	0
0	0
0	0
0	0
0	0
0	159
473	838
288	218
59	1705
734	34
2140	3330
115	1
496	1
312	678
149	0
917	6
0	0
946	24
3154	0
0	27
0	0
0	0
0	0
0	0
0	0
195	5
202	0
165	0
21	427
2034	964
51	11
460	27
4	93
15	307
0	0
107	794
0	0
29	381
646	2671
5	122
0	0
167	2150
88	0
0	0
39	159
1	0
7	672
502	2767
43	255
92	131
0	0
0	0
4	1
292	575
1048	276
315	4
36	0
0	0
63	22
294	0
53	0
1	0
184	29
283	2
204	195
183	4221
27	0
212	35
507	353
227	16
0	0
206	135
0	1
45	0
306	0
0	45
0	1
0	0
1521	11
78	0
16	187
0	0
0	0
41	1006
0	0
0	4
2	59
2	0
45	37
421	61
0	0
25	462
1	0
45	4690
0	0
20	197
906	61
205	103
6	0
2886	2
2	18
192	2751
35	0
40	263
360	130
0	0
216	126
160	242
76	3
521	6
48	0
119	0
138	2
81	0
16	0
120	1
25	3
11	0
27	0
10	124
199	0
0	0
0	0
196	4077
120	2559
16	1092
778	4
1	0
348	3
0	37
95	0
176	29
1	0
129	754
2	0
0	0
0	0
10	97
45	2751
4	327
14	0
0	0
5	118
670	0
72	0
1	0
84	0
0	0
0	0
29	49
82	1053
76	58
37	0
81	1
0	0
131	0
454	12
455	1975
11	10
4152	0
145	3
60301	0
182	3
306	12
190	0
998	0
119	0
3	0
0	231
39	216
6	14
14	303
29	72
0	0
84	7
101	7
69	342
94	1200
11	2
8	103
3	0
44	135
146	3007
82	0
75	58
25	359
168	42
0	448
110	682
11	0
203	224
0	0
59	1
0	0
0	0
0	0
147	3
1	0
0	0
0	9
12	0
0	9
3	84
272	1
1	210
399	2104
2	250
1293	0
436	99
320	0
276	115
0	194
25	73
4	0
97	23
1125	712
30	0
447	0
0	8
63	362
92	582
0	113
0	2
98	127
13	77
23	80
2	2
0	0
189	1071
51	144
9	118
0	0
10	684
2	5
99	235
0	0
24	1418
11	439
101	118
29	457
107	1356
75	316
0	0
19	331
0	0
21	129
17	0
295	0
3805	38
0	0
0	0
0	0
2	0
13	887
853	0
20	917
154	898
61	13
1568	326
302	102
0	4
1756	2462
7979	6
277	1
163	3277
0	29
656	1252
24	31
2	22
0	18
0	3
118	2827
23	180
0	0
6	0
11	0
0	0
8	4
3	356
29	3
60	557
107	0
1	0
0	0
4	131
12	4
140	70
2	0
110	0
804	652
2273	2767
10	0
1101	9
373	2
301	0
12	0
0	57
0	0
2	56
2	0
159	0
0	3
1	0
67	364
6	1126
244	0
81	0
680	1
339	971
28	288
52	0
3203	0
36	342
8	573
29	0
264	0
545	379
856	80
61	244
141	0
7	1
11	178
0	0
2	0
5	16
17	38
1888	2
72	182
0	0
3	12
211	987
0	0
46	0
96	4745
0	0
0	0
12	428
6	9
105	0
227	0
361	335
179	1218
144	162
94	101
0	0
119	0
11	0
34	104
0	0
2731	4
460	0
293	0
1	0
1	54
0	0
354	0
142	59
724	315
36	141
10	2
7973	127
142	0
975	1
0	0
0	0
0	0
1203	795
0	527
0	0
0	0
1	73
4	17
237	2422
0	2
0	91
174	1961
71	189
1666	0
99	509
0	3
1	5
0	0
9	736
0	18
0	0
4	977
1	4
482	0
0	0
0	0
0	0
326	205
0	100
60	267
624	4
229	7
7	93
207	14
0	1
348	1395
0	0
0	0
909	13
0	0
0	11
11	191
0	0
3	0
0	0
0	0
0	0
123	2
81	737
193	10
6	39
84	59
30	0
0	0
2	0
0	0
6	5
162	6
2	0
236	0
215	34
203	723
71	0
90	13
12	3829
0	14
43	0
2	6
17	0
10	232
0	0
0	0
0	0
0	0
0	0
0	0
16	3
1	0
0	0
27	0
78	4100
91	1736
0	0
17	464
382	98
381	0
194	0
114	0
186	26
0	0
494	0
67	291
470	51
0	125
565	1226
7	2
37	301
33	146
30	0
147	0
249	35
0	0
2	165
9	31
54	138
0	19
0	175
0	0
77	3558
4	106
0	0
3	181
0	0
69	0
276	24
80	302
72	86
26	5623
0	19
0	10
203	915
8	876
6	11
35	428
1	0
0	0
0	0
0	100
0	0
0	0
0	0
470	619
0	0
2	11
0	50
0	10
0	0
0	0
1730	722
21	0
66	382
127	3895
6	14
0	187
0	0
117	15
1698	0
0	0
438	0
99	3198
0	0
17	2110
25	38
278	155
437	69
0	0
105	0
17	715
64	1063
3	1536
7	0
6	5
19	800
62	0
642	0
0	0
2244	440
1	1
0	11
40	0
72	0
0	0
44	2
472	420
178	603
0	3
0	0
761	0
1340	0
3022	1447
9	126
3	134
317	43
134	0
6	221
0	0
0	0
0	0
0	0
0	8
3	0
11	1656
0	0
2	0
0	541
0	0
12	22
22	329
9	277
0	0
138	2
43	6
35	570
54	0
1	2
0	0
0	0
3	80
178	46
242	244
0	0
1350	674
298	18
2029	619
224	0
1174	194
0	0
0	0
62	1186
10	336
0	377
0	0
1	9
4	15
7	19
6	3
0	14
0	0
12	0
0	0
394	0
12	0
0	0
10	0
4387	164
0	0
559	142
3635	0
617	0
1645	249
0	62
212	0
187	0
0	0
1	454
0	0
0	0
7	195
3	80
2	259
355	184
13	6
0	22
57	0
0	0
35	337
14	602
2	688
9	16
33	165
352	0
0	0
0	7
18	621
151	64
0	0
5	582
1	60
12	0
2	0
0	0
25	0
2	0
761	154
91	5310
42	137
0	0
1323	67
623	407
242	0
788	0
0	0
30	619
366	2188
0	0
11	1
0	0
0	0
185	110
674	517
429	245
248	453
1279	0
0	1
250	0
195	87
104	37
0	8
0	0
10	22
325	1758
936	41
9	358
91	1147
13	630
101	146
3	0
100	222
1	0
19	0
0	0
0	0
1	122
1	0
0	0
1	0
0	2
960	5
691	12
41	5
0	0
0	0
611	3
1382	1557
288	0
335	3407
831	0
187	0
0	0
0	0
0	109
0	0
0	0
50	2
824	14
137	0
237	15
4	0
1	0
179	0
1	0
1	0
0	0
0	0
79	3
0	0
35	16
20	160
100	4086
42	75
691	0
4	185
5	12
9	432
0	0
29	94
9	41
0	0
1	0
0	0
1	0
36939	68
3415	67
0	0
0	0
125	403
0	0
360	1322
201	109
67	192
32	1961
230	0
151	0
1121	832
0	0
0	21
418	52
5	1
99	391
0	0
0	0
1	116
199	497
50	857
5	1734
79	92
2	0
1	0
0	0
0	0
0	3
0	1
5	0
2	244
241	280
10	0
108	44
118	245
15	64
0	0
6	93
2	2
1	0
590	0
17	86
0	0
9477	3037
4	288
17	616
2	1400
2	0
0	1
0	84
1	0
0	0
170	1583
5	415
0	7
0	31
0	1
2	0
0	0
85	9
14	287
1	279
0	0
161	9
3	2576
1	0
20	159
5	507
0	0
109	3455
0	2
1	28
0	0
0	0
0	0
0	0
0	0
8	151
0	0
3	10
577	0
297	174
3	48
3	76
28	2239
23	156
2	90
19	17
0	67
45	102
0	1
1	0
0	2
20	316
234	0
0	1198
25	0
29	135
0	2365
0	13
0	0
0	0
1207	2
2	0
2202	362
61	2616
0	1
0	0
0	1
0	0
36	4
248	422
14	25
3	0
62	0
0	0
28	54
76	1
0	0
117	0
5875	1377
227	0
588	64
0	0
3	49
18	18
0	0
0	0
0	228
44	397
43	1
1	709
0	0
38	2
2	14
3	54
181	285
2	0
5	55
106	0
792	0
98	9
190	101
0	0
0	0
0	0
565	0
19	2361
764	133
3	63
426	20
67	0
458	11
107	5365
0	60
1	27
11	151
0	0
527	0
109	2832
11	539
0	0
0	0
31	28
0	0
605	2609
234	7
192	253
26	288
0	0
0	0
258	521
4	1
6	0
0	3
0	0
1	381
374	10
189	0
801	0
26	0
0	0
53	527
0	0
1051	22
192	269
1	300
0	10
63	11
5	92
12	680
496	612
529	47
262	939
3074	0
119	1
12	19
20	2619
0	0
7	76
0	14
12	61
2	0
1178	7
341	168
1084	18
262	1
166	2
62	45
3	0
0	0
4	0
0	0
0	0
2	0
92	1
69	1
0	0
11	55
12	0
520	44
363	2
7852	4388
92	0
989	3839
243	109
11	39
1522	5912
5	2
0	0
175	47
2	0
0	0
0	0
7	0
22	0
19	71
3	8
143	15
0	5
0	12
0	0
17	113
0	22
0	0
210	521
1003	614
0	110
0	127
8	1
7	750
0	0
27	0
0	0
198	0
60	30
57	219
6	0
0	0
0	0
0	11
0	9
26	586
5	1
4	8
0	0
247	2079
461	0
135	0
177	14
357	0
357	0
625	146
142	0
95	0
42	0
67	0
891	0
0	0
0	0
12	0
58	15
36	5
153	0
746	0
312	3
6	0
402	0
764	325
279	0
446	0
1875	5090
0	36
12	0
0	0
5	0
61	11
17	165
350	0
242	2876
126	125
27	666
18	1762
0	0
0	0
0	0
0	0
0	1
5	188
1	37
1	1
168	0
7	0
1	0
0	0
17	0
13	47
16	59
58	8
626	52
19	0
786	18
17	43
0	15
0	0
3	1485
46	135
7	132
0	246
74	10
316	0
0	77
0	48
0	45
33	60
340	120
545	474
54	0
1	1
64	774
2	11
18	221
0	0
230	0
2889	0
100	303
3	13
126	96
40	0
140	245
0	0
13	1
34	37
1	0
10	485
413	0
338	86
0	856
6	82
8	3
0	0
0	0
0	0
0	0
6	435
1055	628
50	0
0	0
0	0
301	15
345	0
22	0
81	40
0	1
42	947
281	3
2055	538
2645	0
550	4
13	13
229	223
683	460
613	5
213	0
181	0
1147	0
4	280
94	0
1344	20
335	701
2	0
0	45
0	460
0	0
9	0
5283	94
25	0
3268	1392
632	196
384	12
117	0
12	0
279	728
149	0
53	1303
281	0
19	570
0	0
5	11
0	0
0	0
0	0
0	0
152	0
2	3
31	40
248	0
9	359
4	37
0	0
0	0
1	1
0	0
13	0
0	0
606	267
651	60
56	0
0	0
158	697
11048	2112
0	1
229	348
0	50
0	0
0	0
25	938
3	16
0	1
0	0
130	0
433	0
396	619
20	0
37	84
24	0
61	15
0	0
1	0
131	0
0	8
11	0
1	0
8	0
0	130
267	1974
0	0
156	372
0	0
0	0
0	0
15	0
105	470
0	43
0	0
1	1
67	2812
68	0
28	179
0	0
159	0
48	0
707	0
3	409
0	134
70	1755
1456	0
0	53
350	0
2	2
138	3140
0	10
1626	0
30	922
0	0
12	0
0	0
12	1320
23	1054
15	95
13	1366
102	1212
66	874
533	246
2	0
0	0
31	736
12	1
0	0
14	12
9	0
9	422
66	102
3	54
234	651
450	23
29	147
0	25
2	3
7	155
17	4
0	0
0	4
0	0
4434	296
2766	80
535	0
277	0
235	10
1862	725
837	1237
13	41
0	100
3	0
112	59
54	867
0	215
11	0
2	0
0	0
47	34
179	163
88	0
342	608
59	0
0	0
55	10
0	45
0	0
0	3
0	0
0	48
178	379
5	29
23	132
189	172
91	771
255	0
369	2544
0	100
1	0
0	0
0	0
3094	0
0	0
0	0
10	10
402	0
6	5
51	0
347	2
998	0
337	0
221	0
206	0
460	0
291	25
292	950
252	267
3	1
1205	0
76	0
4	0
3	0
0	0
671	290
300	559
9	162
672	386
14	84
3	0
1554	1800
377	0
1500	268
221	0
116	267
0	0
43	16
0	1
161	0
750	50
4	254
50	0
4	502
1136	18
0	0
0	0
62	530
3	2
0	80
45	12
0	0
177	1724
0	0
2	50
15	17
1	1172
17	3
0	17
4	14
13	9
6	218
2	0
0	0
47	11
78	286
0	16
0	2013
13	7
4	0
19	28
33800	23
31	63
0	0
1	7
281	1039
0	0
759	51
0	0
0	0
12	597
0	0
4	1
2331	1089
3	0
0	0
0	135
52	966
225	579
0	0
43	0
186	51
167	1722
182	11
4	909
0	0
11516	3897
229	0
4	0
200	3409
20	0
152	0
14	0
6	0
0	0
1	0
40	571
0	0
0	0
1	693
210	343
774	0
0	0
0	0
1	4
10	31
111	122
0	0
18	59
0	15
4	0
0	0
10	114
14	0
268	494
0	0
28	0
166	159
9068	1
2085	300
0	0
20	199
3	440
0	0
0	0
300	13
25	29
5857	0
78	0
812	1408
51	0
23	0
1246	3487
248	13
477	15
7	0
13	329
171	108
38	14
0	0
0	0
2	0
164	15
22	0
242	2979
218	2
19	983
0	0
137	794
249	1252
5	4
678	227
1	0
0	0
35	17
10	1058
0	0
0	0
433	5
122	286
127	86
1	28
19	5
25	172
0	0
75	499
0	0
0	1
0	2
0	0
12	11
185	0
307	272
0	22
472	294
0	0
0	0
7	0
111	0
232	0
333	3947
37	1
579	0
0	155
23	198
0	0
0	0
234	1285
353	0
35	0
308	0
21	0
0	0
290	11
0	0
0	75
0	10
178	14
18	2318
0	0
66	41
0	22
437	225
250	31
465	331
86	1
0	3
0	7
92	62
5	137
9	0
5	68
3	0
1573	0
521	3641
8	9
20	5
0	107
1	0
0	0
2	83
0	0
26	147
0	0
70	0
466	4
398	0
361	211
865	390
184	0
405	35
2460	4
2160	4
304	110
11	18
189	0
328	409
265	75
75	0
59	15
168	13
35	459
292	0
108	51
1	17
0	0
0	0
14	174
18	7
0	351
0	0
1	0
1190	1901
297	0
819	226
39	113
68	74
435	544
4	158
472	3
0	156
2260	128
209	1
0	0
116	0
845	1
0	0
0	0
20	266
1	17
0	0
0	0
3	80
4	1218
1	3
11	36
107	197
2495	42
0	0
20	0
389	1035
2	1140
0	0
4	849
0	44
0	74
1	0
0	0
0	0
0	0
60	83
6	0
0	0
0	0
0	0
5	4
47	0
0	0
3	0
1	41
8	0
3	1
5	194
304	562
74	44
192	2124
2	1555
0	0
4	6
1	319
68	289
0	62
1	0
125	1
2	1
5	3
266	0
25	0
541	289
12	1
98	204
2	0
870	0
412	150
687	4
130	75
43	522
0	0
2395	200
58	534
0	0
0	0
0	0
2	73
35	290
161	1159
253	0
3860	0
118	0
0	0
1127	1828
0	1
0	0
81	385
0	7
868	434
0	3
409	510
41	46
142	43
330	3
36	164
19	1118
42	186
3	21
3	42
2	1
0	0
1	0
33	87
0	6
0	0
10	0
0	0
0	0
1265	321
70	16
106	0
3176	0
340	0
493	787
126	0
0	0
139	20
4	566
0	0
2	77
0	0
779	0
0	0
0	286
0	0
32	1568
0	0
0	0
19	521
3	0
1	0
0	0
114	15
0	0
210	209
409	154
0	1876
107	227
0	71
7	5
1	52
391	669
1329	339
2178	0
173	543
18	0
7	123
120	462
204	707
0	2
88	3585
7	86
6	2045
2	77
30	158
72	254
0	0
39	0
6	30
0	695
224	2650
467	1
569	355
336	0
35	25
143	76
49	331
3	3006
10	18
1	0
14	67
0	0
1	0
1147	658
35	0
1	11
220	888
502	1396
0	0
0	126
76	129
0	5
0	0
0	19
0	418
1633	235
0	21
0	0
0	1
1443	435
126	0
131	0
159	0
2	28
1047	20
147	43
48	317
10	2
138	195
0	3
0	4
8	13
2	24
1	0
12	148
22	352
593	9
1861	4
23	345
2010	2
218	3283
1000	0
952	1693
20	52
0	0
0	0
2	1085
1	299
74	3000
0	0
0	0
59	0
33	412
309	10
39	435
1560	0
58	47
258	7
209	130
20	0
35	1094
32	274
103	228
176	824
37	313
6	1026
115	0
68	545
0	21
1	767
1	111
88	94
11	99
0	35
57	1304
0	0
2248	115
2396	1611
24	162
74	510
1483	5183
277	41
23	852
99	0
1022	305
97	58
1	61
0	0
2	0
5	0
12	0
34	161
8	38
0	7
0	36
13	164
0	0
0	0
11	473
11	104
1319	114
1270	298
11	0
0	0
195	1096
30	3
13	0
1	0
0	146
0	129
0	288
0	0
2	355
0	0
0	0
1	36
252	0
916	258
169	62
0	141
275	14
41	40
0	0
0	52
917	637
769	34
0	0
0	0
0	0
3	0
183	0
285	0
428	0
646	839
121	61
485	544
275	0
38	1
34	0
19	4295
711	256
234	751
98	0
158	2313
17	27
0	25
56	173
120	320
3	2
32	55
57	10
10	0
20	219
0	0
0	0
25	82
294	79
1127	522
0	0
635	2655
17	75
441	0
48	0
15	2367
410	608
196	17
1547	0
390	99
210	83
1	977
3	0
15	208
1	0
7	1
1	0
6	2
6	1546
2	0
2	28
122	1661
26	252
180	27
0	7
25	22
36	31
117	0
0	7
38	0
0	0
1647	12
98	0
383	103
374	65
15	506
13	883
1	0
6	90
61	24
0	0
5	0
0	0
8	0
0	0
198	53
0	0
3	0
0	607
0	8
76	0
0	4
6	135
4	0
219	0
76	563
245	72
0	4
4	309
32	96
2	144
0	0
0	0
2505	1
196	177
0	33
51	0
0	0
26	160
11	114
13	100
1281	2264
340	0
14	447
165	3442
0	0
315	3
315	0
570	284
31	22
41	6
128	0
4	3
0	0
0	0
0	1
0	0
0	0
42	301
4	156
16	243
100	259
0	0
0	0
0	8
0	196
86	47
0	0
0	0
8	70
0	0
1392	1871
181	0
346	1004
1059	1835
185	202
0	0
8	163
0	0
0	3
1	0
0	0
18	38
0	0
0	4
8	4600
3	32
227	2146
431	88
2	16
3	20
20	282
59	1095
1892	0
28	2732
57	0
101	2
6	29
19	215
10	945
0	0
0	0
0	0
0	0
17	0
64	0
0	0
0	0
11	1
0	0
185	2562
4	0
325	40
103	314
20	3237
387	249
403	1486
0	185
425	0
112	276
0	29
50	80
1	274
0	0
4	1
0	0
40	1847
592	537
66	304
13	121
401	0
37	2839
173	3
221	16
61	125
0	0
0	0
0	2808
0	3
35	0
0	0
5	120
124	1219
9	66
0	708
1	3
7	5
0	3
65	43
0	0
0	0
0	0
4291	0
2	0
0	0
1	0
12	240
0	0
0	0
21	9
5	1868
0	0
29	27
312	81
24	0
4	0
0	0
8	0
2227	0
1613	33
1	61
1	0
5	0
12	0
13	1
142	1
0	0
1	0
1	0
0	0
6	316
0	445
365	568
4	0
17	0
0	0
6	385
0	0
0	47
42	3
0	0
3	1993
236	679
3	0
0	314
269	162
8	3
20	623
252	0
1178	782
79	150
0	1
0	0
82	0
0	0
344	91
471	565
1	393
103	0
0	7
12	230
129	0
200	367
6	134
0	0
1418	133
361	195
762	12
333	0
331	200
5	1277
32	0
99	27
87	335
792	1
328	847
248	0
5015	1321
731	1
32	52
12	12
6	808
0	0
0	0
0	4
0	1
51	577
0	15
61	155
8	239
50	692
1	50
0	11
29	741
23	105
0	0
0	0
3563	536
0	0
0	0
0	0
0	0
62	1423
0	28
21	0
92	177
50	4
0	0
78	581
4	853
0	0
0	0
0	56
3	68
8	345
632	462
263	957
32	5
47	4515
0	0
23	8
30	0
4	0
15	49
287	51
134	0
387	1689
312	0
129	0
14	1
0	0
0	0
45	615
4	0
3	0
4	6
45	219
235	1781
683	0
264	17
0	0
321	0
488	53
159	0
265	25
116	0
145	0
28	0
1257	1110
0	0
0	0
3	197
8	0
2	0
4106	6
0	0
626	188
150	135
103	1024
11	63
135	0
1	2618
4	59
0	0
590	0
217	28
0	0
0	0
538	22
47	0
0	5
9	0
24	0
15	1669
0	0
16	390
1	0
3	2071
8	2662
11	1114
124	1555
485	2049
136	457
0	0
11	36
86	580
5290	664
0	0
1	0
0	0
0	0
0	0
0	0
287	18
0	0
1	0
0	0
21	94
13	3942
0	0
0	9
71	813
9	123
4	119
60	813
36	359
0	0
28	141
1	0
0	0
49	239
0	0
0	5
0	85
530	72
17	181
8	0
0	0
0	0
20	64
0	0
0	1
0	0
66	432
680	169
94	1026
152	672
102	1
3	0
12	1394
14	946
105	2018
1154	213
9	0
0	1
0	0
4	629
4	15
114	4
5	0
16	0
144	9
198	0
328	8
319	153
14	12
0	12
132	0
259	0
6	0
0	0
436	3
337	0
49	0
392	0
27	0
246	0
53	0
163	0
0	49
26	0
0	126
16	72
15	239
16	239
1	49
233	49
69	191
2854	0
439	1
374	2
88	134
163	77
239	0
62	122
116	89
0	0
0	105
157	312
49	0
336	0
0	0
155	0
0	0
1	0
0	0
0	0
0	0
0	0
1454	0
2741	390
0	0
0	0
0	0
0	17
409	2113
28	0
71	0
0	0
828	4624
84	65
88	32
0	0
97	1837
21	3010
0	0
166	665
301	87
358	24
228	75
22	6
5	0
0	184
3	2
0	35
0	141
18	257
55	107
1	38
1	185
1	3
14	26
194	0
666	126
0	0
263	14
343	30
110	42
310	42
462	25
55	626
10775	0
106	2313
55	364
247	191
8	0
11	0
626	1164
2	0
9	0
18	0
0	0
6	218
19	149
1	0
0	36
3	13
0	0
0	0
128	0
406	0
229	0
26	0
80	116
324	0
31	13
47	2127
0	3
46	171
97	0
136	1223
53	619
1	83
9	0
49	0
41	3473
10	12
0	141
0	40
111	700
49	43
0	16
24	4243
65	130
87	4
215	101
4	19
59	414
1066	0
0	0
3	30
20	1
528	124
289	0
193	12
7	20
70	770
40	2018
18	22
5	53
0	0
26	1768
0	2
12	0
748	70
34	239
111	1137
1	0
0	334
6	0
0	0
42	69
6	16
0	0
4	0
736	0
188	0
333	239
29	0
2	0
26	0
102	45
7	10
0	0
0	0
4	127
389	0
0	123
1	5
270	121
6	145
49	96
4	1
1325	50
0	26
12	223
0	0
405	0
9	143
45	8
94	343
50	644
0	287
10	95
1	153
2	0
1	1
15	116
45	323
43	2432
8	24
41	24
8	1148
52	65
3	4
3	376
3	0
207	274
2	0
35	0
83	2818
70	730
0	0
12	1216
154	137
714	137
74	386
2	15
52	5964
44	2189
52	1544
17	30
0	0
0	0
0	0
4	342
38	101
12	2590
101	1062
0	0
48	830
7	0
6	356
0	0
23	174
2	6
0	457
0	29
0	8
15	819
66	48
162	360
615	0
112	4
25	6
0	0
115	1
98	648
3	16
1	112
1	1
29	96
2486	360
0	2
2	2628
0	0
0	142
0	0
15	54
6	258
136	98
131	62
63	85
8	2565
3	40
2	152
1584	1224
280	33
217	2
2276	0
839	401
0	0
367	61
0	20
5	11
12	64
8	2
451	2
1240	5
32	121
0	0
3	206
0	0
2	26
0	3
3	793
29	880
143	3186
125	35
70	1691
513	867
3055	178
0	0
0	142
32	832
78	30
191	362
0	4
4	64
11	92
373	184
1	0
7	0
817	11
6951	1744
26	346
43	10
0	0
0	0
0	0
0	129
13	1208
5	19
16	7
1207	0
263	15
850	120
0	1
0	0
0	0
614	18
958	0
27	0
414	62
10	0
562	0
3368	64
1	0
15	303
0	0
1	0
0	0
13	2
0	0
153	641
0	0
0	0
136	44
1	0
20	0
1	17
258	0
25	13
21	56
12	15
0	0
1	1
0	0
23	239
169	682
1	0
2553	169
147	370
21	10
0	0
1	0
820	1688
0	48
1	0
1	0
9	0
0	0
443	1581
1	2
0	21
18	22
24	611
0	17
1343	56
18	79
7	234
203	171
36	8
0	0
0	54
0	19
1865	365
304	125
120	80
108	270
256	302
175	28
12	170
146	0
0	40
129	256
322	0
0	56
173	189
257	31
504	4854
2	0
53	211
6	113
1	29
14	37
2671	191
9	63
0	0
0	0
1	0
0	0
1	0
0	0
2	0
1	28
10	0
0	0
1158	357
121	92
86	899
461	19
97	0
350	0
1	70
2	27
4	1263
11	0
1	19
201	316
2	4
366	36
0	0
0	0
0	0
0	0
0	0
18	6
409	334
454	860
50	4
0	0
168	0
0	20
8	11
0	25
179	183
0	11
0	30
208	0
854	0
14	3119
527	15
464	904
1118	53
156	0
671	0
738	0
72	0
106	0
8449	3113
218	10
0	0
0	0
0	0
1	0
392	173
9	0
522	3
60	377
0	88
182	570
23	0
1009	339
889	652
548	2794
0	0
4	29
6	19
1	0
2	0
5	117
3	0
0	0
0	0
230	32
1	0
241	2675
79	60
56	22
9	7
72	0
263	9
10	166
29	1394
0	0
2	60
0	0
0	0
0	0
0	0
99	1179
204	6
354	10
132	93
9	0
5	664
203	787
0	0
108	16
0	16
793	11
448	110
62	2596
179	6
72	162
67	15
1895	157
50	0
3	0
0	0
0	0
20	0
50	121
3	62
220	0
166	88
8	4
6	148
9	9
2	0
1	0
21	219
5	643
489	0
552	0
0	0
29	2591
0	0
21	49
0	0
45	274
5	0
24	0
0	0
0	3
6	26
1	6
3	0
0	0
0	0
0	0
0	0
70	3
62	7
112	0
251	0
557	64
289	0
570	646
0	0
0	0
3	0
5	67
27	64
0	1
0	0
6	0
229	1381
0	0
118	0
2	188
0	0
640	1
108	6
111	0
361	248
521	2386
10	2321
285	0
0	0
64	2307
126	2
16	0
333	39
0	0
0	0
0	0
15	13
0	0
360	1098
965	0
126	45
2	2624
92	456
1	52
464	106
508	10
3	426
0	0
235	91
5	17
0	0
6	2580
0	65
0	0
8282	3
0	0
0	0
0	39
0	0
42	181
23	139
5	106
144	807
609	0
8442	0
1	0
120	5
50	2
135	751
3	22
0	0
1	0
0	2
45	3463
1	126
300	518
0	1
45	230
13088	665
124	5
69	446
0	21
0	7
2	18
256	10
15	68
290	93
572	2105
193	2
131	28
0	0
0	0
3	48
19	181
416	988
41	4288
0	0
1	0
78	2
1021	262
39	48
49	1848
1	42
1	3
216	0
275	165
0	0
570	77
4	455
0	0
0	68
0	877
0	0
0	0
0	0
0	0
0	0
0	0
0	0
0	0
1	0
0	339
0	0
0	0
3	3
25	76
1	325
23	58
62	200
0	0
96	472
77	42
289	0
260	318
3	4
16	21
0	5
7	0
8	1279
44	121
0	0
22	34
216	0
81	0
165	0
0	0
72	1973
0	0
4	3
0	0
0	0
3	3
0	0
0	0
5	3
39	0
230	14
9	98
50	0
10	8
0	0
0	0
9	0
222	66
151	498
294	1020
135	681
652	41
18	5636
19	973
875	139
1	20
310	865
2	54
176	79
0	14
12	280
0	0
1081	50
30	53
170	10
5938	359
0	363
7	0
4	0
532	1
15	17
0	3
5	7
1446	2874
8	129
0	0
0	0
168	6
1	0
10	182
72	820
24	572
0	0
321	311
26	0
162	0
99	0
52	0
147	0
0	6
1	55
25	2213
0	3
1	0
211	26
4	0
19	1
186	991
7	0
0	0
2	314
0	0
343	0
4	128
11	1090
210	51
1	0
0	93
144	224
0	0
30	1555
10	449
72	2120
451	0
173	0
154	284
4399	0
223	2
131	16
355	5
447	0
0	109
2	0
2550	15
0	22
0	0
359	85
0	0
121	698
0	14
0	0
4	0
3	0
62	77
156	817
0	17
895	1887
1058	144
0	56
688	68
1110	20
14	1240
9	186
66	37
0	29
0	0
9	0
0	0
0	96
149	232
184	3721
1	1559
2735	27
0	0
30	546
23	6
22	113
0	1
0	0
0	0
201	0
61	457
10	1213
123	1020
87	365
0	2
0	0
0	95
4	4
457	686
15	0
16	0
162	10
2846	0
576	5
267	202
25	89
0	0
1	2
0	0
0	4
139	603
16	248
31	230
159	733
200	1941
249	0
921	96
0	8
125	0
225	0
1	1
33	0
115	1173
16	366
0	18
8	9
541	0
256	565
0	35
0	0
4	59
0	0
2	0
3	0
0	0
121	47
72	132
125	17
16	1119
279	0
1	19
0	0
0	2
5	0
232	0
0	0
2	15
2	52
232	0
7	1488
11	354
206	98
55	0
282	9
0	0
24	0
0	0
0	0
15	30
59	2884
89	88
367	2652
52	21
1188	1365
1508	0
90	226
47	201
69	0
24	404
0	0
3	0
11	78
834	208
1189	1528
0	1
0	0
12	684
57	313
90	742
119	0
295	41
238	55
84	2
85	2962
4	270
15	386
58	104
59	2
0	0
1	3
3	3
7	227
0	0
22	0
724	987
13	0
18	0
0	119
0	0
1	8
117	1923
60	73
608	0
2	1036
1	0
0	0
0	0
0	0
2	0
0	0
0	0
0	0
325	42
770	0
40	26
16	0
5	10
8	178
117	1989
248	0
16	151
0	10
45	0
197	0
76	0
8586	0
56	301
21	188
297	542
11	0
0	0
3392	137
103	0
245	0
2862	0
315	0
21	21
7	4
0	0
1	1077
0	0
0	0
63	202
185	0
338	2538
0	6
0	0
252	2
2178	1026
313	16
727	489
2440	343
0	182
533	15
3	51
40	53
5	54
0	3176
231	336
310	0
131	1428
0	15
959	319
255	0
234	0
15	1921
0	0
2	0
29	1127
0	0
22317	0
0	0
0	0
71	1849
16	101
0	0
36	0
0	0
0	0
41	2141
0	0
0	1
0	0
241	77
4	4
2	0
0	0
1	69
45	11
105	1
11	0
0	1
440	163
119	0
1	0
3	0
36	3143
720	833
59	0
0	0
697	27
154	24
0	2
493	116
169	0
0	64
2	1892
0	0
0	29
0	3
14	0
0	0
0	0
115	0
0	0
1	5
220	1
1	34
2796	119
108	0
5791	0
9	0
1	0
5	636
5	80
5	58
0	0
0	0
1	0
0	0
0	0
0	0
0	0
5	0
22	0
20	47
0	0
54	193
0	23
1395	0
1371	109
169	72
19	52
181	0
711	0
0	0
0	0
9	0
1	0
4	24
4	6
0	0
1	52
22	58
31	554
77	586
0	0
163	1170
306	421
6	119
0	0
5	2
3	221
24	81
2	0
54	206
3	331
103	1
0	0
61	32
30	41
33	2566
214	103
26	0
3305	112
334	241
1	1681
0	21
536	4
0	38
546	5
35	90
87	77
19	8
0	0
36	36
0	0
0	0
0	0
47	7
0	0
1560	0
94	0
0	0
0	0
38	0
1	0
2	0
12	0
96	2861
0	0
1	0
1	0
1104	135
15	0
29	1
98	218
0	0
2	0
0	0
0	22
5	42
2489	0
46	118
194	182
0	0
204	196
160	73
249	150
0	0
2	0
10	17
0	6
0	0
2	3
0	2
1	3
642	1685
0	0
543	12
56	2367
61	488
1107	208
161	3
30	30
71	0
0	1
266	114
109	3
0	96
306	9
12	133
0	2
34	22
1	0
122	22
51	57
551	54
0	0
104	0
160	0
0	0
0	0
0	0
863	0
0	0
0	0
0	0
0	0
0	0
0	0
427	107
28	3
1	0
92	115
2	0
182	752
144	133
0	0
132	507
12	182
0	0
0	0
17	1181
9	64
476	1248
0	0
102	173
496	638
59	44
0	0
0	0
1	3
1	0
0	0
0	1
15	0
95	154
0	0
0	0
5	751
0	0
0	0
363	1
0	0
52	1824
0	13
357	23
100	1757
0	0
840	27
6	14
8	0
220	12
10	330
211	3113
49	6
21	398
106	220
12	116
2	1634
146	231
251	0
681	201
633	0
73	71
4	28
2	0
1521	70
91	22
698	0
286	0
592	0
738	0
11	1
77	1278
32	21
0	8
1032	226
13	2
162	928
159	55
1	33
52	8
723	11
191	0
944	193
1524	4
59	3906
31	0
379	46
196	113
251	41
0	0
64	2109
377	0
2	0
2	38
22	704
0	0
0	0
219	129
74	97
708	6
8	314
28	5
0	25
0	28
501	0
639	0
9	0
14	66
24	21
0	397
3	311
0	0
0	0
1294	91
1402	0
371	0
403	4
4	1818
0	204
67	90
0	0
75	690
9	495
15	117
0	0
0	56
1	38
0	9
0	0
3	10
10	0
1	0
0	0
0	0
1	0
478	0
350	2
0	1
101	233
81	165
966	88
140	394
1850	1249
691	0
123	162
281	89
0	16
3647	3509
0	0
9	0
440	0
82	0
2	487
164	375
16	75
3	0
116	1683
16	0
42	0
0	0
132	0
0	35
3	697
63	146
239	0
125	0
63	303
12	356
9	18
3	0
1	0
0	37
5	17
0	0
0	0
514	0
0	0
0	0
0	0
79	580
15	1281
195	1
259	0
983	82
16	0
937	2294
143	0
8	74
28	1
29	16
37	104
34	0
157	2434
151	288
238	12
6	15
0	0
414	14
52	440
18	6
40	32
23	20
4	26
10	264
1	43
0	0
36	0
32	80
35	116
2	0
178	171
5	43
0	0
0	0
25	5
56	2
225	1152
278	0
0	0
55	455
0	0
9	180
119	6196
16	0
127	3
177	1
330	0
0	0
12	1998
51	49
1	0
0	41
0	46
1	0
3	0
5	6
36	782
26	59
0	9
21	4
14	29
3	50
37	3
148	23
1	0
1	0
280	0
71	3
3701	852
220	0
0	0
0	0
2	0
203	1282
0	45
0	1
6	43
3	8
5	290
3	0
9	0
2	162
0	0
34	101
0	13
2	18
3	47
0	206
331	0
14	0
186	0
7	0
2487	88
191	0
4	29
198	530
497	11
0	0
13	385
71	329
0	0
0	0
1	0
1	0
0	0
282	0
1	1
680	258
915	315
215	0
255	0
339	0
197	101
160	178
62	247
864	0
125	218
245	637
352	2007
67	857
585	707
12	3
130	0
10	975
54	103
0	0
1876	2
0	0
0	0
23	526
0	0
121	210
453	2344
106	362
242	329
757	246
13192	2
62	5
68	336
0	0
515	0
1058	1721
129	1
86	1
77	53
265	792
0	0
77	63
841	1
237	11
0	0
212	2242
136	1100
6	467
1	125
0	0
11	35
331	0
79	0
327	2
179	122
59	1830
0	11
413	246
155	0
368	0
1621	671
625	0
21	13
36	18
10	673
11	40
8	14
444	2165
25	1112
6	18
229	420
2	48
1	102
5	364
3	18
13	54
0	0
776	1014
144	331
0	0
85	831
6	0
91	172
180	0
3	1639
0	0
0	0
19	0
35	223
111	3
0	2
59	200
255	2684
0	0
54	256
1	1
13	1
38	0
178	4301
532	4053
774	489
133	954
73	138
28	14
4	36
67	2304
71	138
2244	2014
154	315
12	356
4	257
2	0
2	22
10	84
422	0
142	0
13	0
299	94
3	3474
121	4610
0	29
0	0
34	880
58	0
8	1
692	2814
1	5
14	1002
5	77
312	1107
50	66
0	690
2201	0
910	0
9	2
88	1317
39	80
2	1
0	46
0	0
83	120
11	17
12	22
2497	570
27	11
1	46
44	45
234	390
23	38
88	331
770	3214
30	732
65	150
146	787
344	3576
161	74
282	69
0	41
5246	0
77	79
489	43
207	0
143	0
48	1886
342	0
51	7
0	0
6207	0
403	2
11	43
0	0
221	258
16	62
13	13
361	0
888	0
15949	1075
487	0
2	1248
36	434
7	966
0	0
0	0
0	0
0	0
18	0
4	995
102	902
0	0
48	2
23	0
10	173
7	5
952	2309
215	754
404	0
450	408
114	0
1	0
165	267
13	9
348	297
106	169
1222	3756
301	9
0	0
0	0
40	5
1083	1
17	98
42	102
1	4
69	132
103	404
29	1
1	0
0	0
1	0
3	249
17	226
283	4
1	0
4	6
0	0
73	40
1	2
0	327
216	217
0	0
0	0
996	102
0	0
7	841
5	0
6	193
169	0
0	0
0	0
8	245
544	1015
12	18
1	621
3	49
388	544
299	366
1271	28
35	3648
1583	682
363	47
344	2
0	0
71	561
70	3020
0	13
72	409
0	18
37	25
3	155
873	85
201	0
161	0
0	14
0	614
6	1060
4	0
28	751
0	0
4	26
100	19
104	755
1	53
35	0
311	11
645	34
272	0
183	66
284	0
3	131
37	49
0	2
3	2
45	0
2	0
318	24
77	438
573	232
0	0
0	0
969	961
113	576
330	19
253	1
756	636
231	1
12	210
0	0
218	0
153	1240
57	173
342	0
87	0
81	359
844	0
20	0
6	6
152	2042
5	0
0	745
0	0
0	0
14	0
0	0
348	66
361	49
32	111
593	0
900	1750
126	303
86	42
12	102
870	0
129	0
0	0
39	1180
156	58
1	0
55	329
20	296
59	0
169	0
1	0
426	0
114	0
25	0
19	0
0	0
86	48
493	1
34	51
3	35
5	43
1	289
1	8
0	0
95	1418
6	2
0	0
0	0
16	49
29	515
0	3
0	150
293	0
6	180
533	0
241	0
0	0
2	0
0	0
43	159
30	1
19	10
0	153
9	55
8	25
0	384
0	2
25	6
1	122
2	160
1	66
0	0
8	0
10	19
39	127
21	69
81	1449
5	0
450	0
241	166
1	0
57	26
0	0
0	0
186	0
661	2364
0	0
16	1006
1	1169
1086	5152
839	137
461	161
60	0
469	0
415	1391
23	65
2	41
0	0
94	32
810	4
24	67
0	0
1	0
0	113
0	0
0	0
24	90
18	3
282	0
25	0
53	0
484	1659
2085	614
0	98
23	2
11	4
14	0
8	0
17	17
130	3202
2	0
0	0
0	0
0	0
0	2
14	0
86	3113
85	576
16	0
486	4270
52	0
641	6
1	0
0	55
278	0
260	995
4	225
31	224
20	0
53	0
0	0
517	887
28	0
0	3
8	0
94	86
24	24
34	0
279	225
70	2
28	536
80	0
270	310
549	6
269	1051
22	38
405	863
10	11
0	0
1	0
0	0
0	0
8	21
34	705
3	1174
571	667
697	0
10	0
47	229
0	0
0	0
27	657
1	32
96	94
12	147
416	76
14	118
0	0
197	224
121	163
0	30
556	2135
0	0
0	1
68	90
6	13
0	0
1	9
0	0
1112	70
250	1134
75	9
578	1030
0	0
920	115
311	1981
419	492
133	41
5	74
1	0
1337	7
140	366
98	47
40	1911
377	0
505	5
0	103
341	0
203	17
300	8
346	2
196	528
308	0
283	3
56	2749
30	0
109	0
35	0
212	1
284	0
474	117
0	0
458	713
20	35
1	0
0	1
23	3469
1815	3754
4385	754
153	0
1	1358
0	9
17	65
0	0
40	0
12	128
3	2089
2	15
0	0
0	0
67	0
0	0
0	9
0	23
1	0
1	1746
0	62
1	257
0	0
20	300
0	20
603	388
0	0
40	513
22	75
0	0
31	6
111	702
0	0
63	1174
0	0
0	0
42	0
12	3
25	242
70	0
1	3
6	648
1	51
46	1014
1	261
1333	2360
253	0
19	0
388	0
0	317
271	4
3	273
0	0
25	0
166	391
0	550
143	995
0	709
101	0
8	161
0	22
0	180
0	0
185	147
168	0
274	492
308	1046
47	10
553	0
122	9
533	0
111	0
14	118
160	19
2	0
5	0
5	31
7	0
0	30
1	0
0	149
24	49
3	11
1	145
0	0
0	47
0	0
0	0
0	0
2	1
0	0
13	88
0	0
14	0
235	199
72	0
45	0
219	0
113	1
104	95
1333	42
613	231
0	29
0	0
54	469
13	39
0	0
5	66
0	0
6	214
394	0
443	615
1	17
828	1321
2	106
25	3049
1	0
0	1
21	61
0	1
188	45
0	5
0	0
14	967
26	0
10	482
268	323
3	25
4	773
138	1113
317	185
0	6
55	186
498	67
8	158
745	48
0	0
6	165
0	0
0	875
675	2791
10	0
13910	26
965	0
23	0
0	0
0	0
203	318
0	24
652	1145
1	0
808	121
222	0
22	1248
0	710
0	85
10	0
0	0
0	0
0	0
0	0
6	0
408	539
28	5
13	0
0	0
8	47
82	0
17	393
0	0
3	29
4	12
132	51
0	0
12	7
14	38
2	1629
92	0
237	87
2	266
3	715
3	17
94	101
0	2
23	1
1	0
8	228
165	0
0	49
394	0
27	1
67	22
398	985
327	1
93	301
46	0
79	0
48	0
260	0
89	54
149	662
13	74
0	5
0	0
0	0
0	0
0	0
829	0
1010	53
0	0
0	0
2	0
280	0
2	0
2	231
0	483
0	0
0	0
0	51
845	247
0	0
111	2066
75	0
1	0
7	33
88	94
0	0
3610	1567
10	244
7	203
4	128
8	121
0	0
312	295
8	0
372	0
0	1
0	0
0	0
3	146
650	951
12	0
5	501
0	0
308	0
213	27
93	843
23	0
0	17
234	138
86	418
1989	0
0	417
6	37
2	0
274	621
4	26
0	13
37	0
1137	0
88	4
227	19
2508	196
59	228
74	1002
160	799
319	0
0	0
2	1
100	199
2	0
82	269
274	81
1173	82
334	0
0	0
0	1
308	244
22	3
0	0
86	271
152	0
0	0
0	17
234	3653
46	33
0	0
1	0
83	93
0	0
15	0
54	0
0	0
86	231
0	0
1099	968
61	168
159	25
125	328
123	0
465	290
9	0
3223	3033
0	252
5	158
4	24
0	104
9	50
131	0
1042	41
63	138
153	0
41	2871
94	0
151	2
633	107
0	67
5	179
0	412
0	0
1925	236
109	155
909	1199
67	714
5	172
0	4
0	0
0	3
17	604
0	13
0	4
2	0
979	503
16	353
291	998
2	237
243	0
168	1
8	519
0	0
729	78
0	0
426	1384
71	0
862	613
24	5
5	0
478	592
5	11
32	4043
0	58
15	11
0	0
76	0
0	0
165	43
298	0
286	1
772	10
171	48
24	177
4	32
0	153
28	49
0	0
31	138
0	0
12	873
114	473
0	943
311	528
0	86
72	559
2	0
4	2008
14	3
17	70
1186	1
3	1
0	0
38	1288
340	1001
0	11
2	114
45	49
80	2324
0	212
34	244
42	80
2	1263
0	37
0	4
0	0
0	0
0	0
36	2
0	0
71	2864
339	392
0	127
460	0
104	0
4	2578
8	86
0	0
0	0
114	0
0	0
0	0
271	0
0	2
6078	1801
364	0
0	0
4	0
2	0
25	681
0	5
625	233
25	0
0	0
1	22
38	39
512	0
72	14
83	0
1660	0
11994	0
1	96
1453	0
112	1885
57	2551
166	0
12	21
0	1
3	6
360	89
3202	1
2	0
1198	1
350	35
2036	0
12	0
19	0
1	0
0	0
54	0
2	0
4	23
15	362
37	1
14	0
0	23
12	0
7	0
1	13
0	0
0	0
1	5
211	42
0	0
0	0
0	0
250	4
135	2070
27	84
41	893
30	0
15	1
0	0
9	569
462	212
865	1756
22	0
5	94
1	390
55	60
141	0
1178	1
662	1
10	0
58	371
53	41
280	42
28	1895
3	14
0	2
1	4
0	0
0	7
0	0
9	1
51	1797
495	1375
72	1554
0	0
0	0
0	0
203	291
0	0
3	0
1	0
1	261
6	452
172	4
96	1
8	40
18	0
147	478
438	157
723	0
344	0
1	0
209	0
35	0
0	0
9	16
328	285
1	30
15	0
757	583
0	208
0	0
4100	6
0	28
0	0
0	1
0	28
0	0
7	0
66	40
1	635
0	1
499	216
485	278
713	1062
1	4
0	0
0	9
0	10
2	9
45	0
82	9
3	148
1	27
256	2520
0	0
0	6
0	0
7	339
0	0
27	364
2	245
17	0
0	14
0	11
456	0
0	22
3	4
0	0
593	19
4	2534
9	2
0	0
0	7
6	0
0	0
6	0
47	144
92	842
0	2
14	86
76	0
167	307
81	0
7	0
24	134
0	0
420	1351
9	1
37	146
380	142
0	0
1	0
0	15
309	177
160	0
2	0
3	0
22	6
1	0
207	45
5	0
3	0
4	0
12	21
197	340
0	389
56	82
100	0
0	0
1070	1208
0	0
28	1
3723	357
351	138
1	0
1429	29
0	174
3	0
0	4
57	101
109	14
31	39
9	268
255	644
2	10
1	2
55	219
21	219
24	172
578	3
161	0
193	19
75	100
45	1
62	159
0	0
0	0
0	0
132	526
136	0
251	613
360	69
134	0
379	188
187	0
59	79
0	1
10	2382
223	1
46	0
57	68
0	0
0	3
0	3
0	6
0	0
0	4
12	2849
6	28
0	0
5	17
0	0
6	172
430	1767
959	4358
0	0
86	2035
0	0
4	1
0	0
1100	87
445	21
27	129
290	232
195	0
316	0
391	178
73	0
1	0
0	5
1	140
0	24
0	234
0	0
46	1
1	1
0	1
0	653
0	13
44	770
676	0
14	42
91	504
180	1459
0	0
419	735
377	0
9	0
0	2
172	159
371	117
466	126
279	133
482	800
0	0
0	0
0	0
318	0
4	11
1345	0
150	303
636	0
614	12
165	0
852	0
344	174
613	374
1372	134
564	14
55	236
5	1388
0	0
12	1
2	0
0	0
481	3004
0	40
3	0
192	0
100	0
44	19
1360	65
1	0
46	2
156	117
577	0
0	0
59	494
1131	31
0	71
20	41
0	37
6	24
1172	761
67	1375
21	199
5	579
170	378
0	28
5	32
478	2573
2	213
2	0
0	0
1558	16
14	0
0	0
11	0
0	0
0	0
0	0
3	0
199	0
873	3232
919	0
140	0
249	0
936	225
2544	0
3	0
1662	0
0	0
273	0
2586	62
28	87
0	0
116	2460
387	0
99	51
0	9
12	0
0	0
61	1
0	0
9	2
2	0
0	0
0	0
36	2892
18	1986
0	7
0	8
127	591
7	1
312	1
32	0
329	206
528	193
503	0
51	0
6	0
27	38
19	0
42	179
44	173
300	34
24	0
22	0
18	29
35	0
5890	1
3	103
66	0
309	504
19	164
0	19
22	5
2	0
25	116
4	1622
81	0
117	0
105	3
3	185
0	180
57	12
3	36
0	30
2	26
0	0
0	0
309	7
77	184
240	550
645	0
737	991
232	942
0	0
191	116
13	58
34	0
1	0
30	0
11	4
0	11
541	990
0	0
0	0
0	0
0	0
0	0
0	0
2	98
23	292
0	0
71	5
25	334
20	562
137	2175
23	57
1	57
18	8
0	4
8	6
36	131
3786	121
158	4
0	0
3	21
0	0
4	371
5	0
27	80
0	0
1238	3982
13	21
1	0
0	0
0	0
5	160
3227	10
0	0
285	425
3	14
11	17
15	61
24	21
1	49
19	0
0	257
0	190
0	0
0	48
1	14
1	80
124	29
20	0
0	0
13145	36681
0	7728
0	0
0	0
0	0
0	0
0	0
0	0
0	0
0	0
0	0
0	0
0	0
0	0
0	0
0	0
0	0
14	1727
0	0
0	0
0	0
0	0
0	0
0	0
0	0
0	0
0	0
0	0
8	0
0	0
0	0
0	0
0	0
0	0
0	0
0	0
0	0
0	0
0	0
74	175
0	0
0	0
0	0
0	0
0	0
0	0
0	0
0	0
0	0
0	0
0	0
0	0
0	0
0	0
0	0
0	0
0	0
0	0
0	0
0	0
0	0
17	1541
0	495
4	403
0	0
0	0
0	0
0	0
0	0
0	0
0	0
0	3
1	0
0	0
0	0
0	0
0	0
0	0
0	0
0	0
0	0
0	0
0	0
0	142
0	0
0	0
0	0
0	0
0	0
0	0
0	0
0	0
0	0
0	0
1	15
0	0
0	0
0	0
0	0
0	0
0	0
0	0
0	0
0	0
0	0
1	1
0	24
0	0
0	0
0	67
81	0
221	167
0	0
10	0
0	0
19	24
2	0
0	0
0	0
0	0
0	0
1	584
0	0
1	0
0	0
17	354
9	25
8	0
737	1862
151	3
3472	1313
427	763
66	0
3	0
0	0
11	0
0	0
538	963
175	958
1	3
14	267
22	141
6	8
51	36
203	0
309	3034
22	0
0	0
1	561
283	0
327	0
1	6
33	242
1	0
10	105
0	0
0	0
13	673
11	3971
2	550
144	2620
0	21
0	0
7	139
0	0
1	50
50	593
1891	4728
14	37
20	3
182	295
89	1011
1012	4912
0	0
3	59
105	0
277	0
22	1879
0	0
69	0
242	1
15	2
287	956
6	164
12	1
114	290
133	191
137	3096
112	1250
87	0
0	0
1040	907
1	22
60	0
298	1128
369	373
26	1692
43	271
255	2003
0	0
0	0
0	1
8	10
12	0
7	22
0	0
0	0
1246	1618
207	0
8	0
1	51
49	68
310	3706
7	215
0	0
15	210
7	0
125	0
1118	0
18	0
4	20
15	36
2	0
0	0
1	0
0	0
485	342
19	0
2	0
0	0
9	445
0	15
14	123
3	10
13	0
15	0
123	0
0	0
774	1
186	97
0	97
223	0
63	0
50	4
1285	0
185	580
168	1300
387	106
0	0
72	111
235	1463
1478	0
54	0
385	29
321	0
306	443
327	605
0	0
0	183
0	0
3	3
917	514
0	0
322	4009
153	0
0	4
0	0
0	0
0	1
0	1
0	149
0	0
0	0
156	1089
0	0
30	8
0	0
11	0
76	0
61	304
0	0
612	544
1	145
813	3475
1159	2048
0	0
448	17
8	1185
231	3
828	73
62	0
5076	3
21242	849
1	200
0	57
0	3
0	0
130	4
308	2
23	74
2	141
3	578
0	0
0	0
11	159
4	0
236	1181
115	8
2	6
17	9
128	0
111	23
0	0
25	7
0	10
422	61
52	161
4	0
1	0
1	54
79	1777
854	2
1	0
2	0
143	0
3	353
2	1
143	0
340	176
126	0
353	0
410	829
250	897
2	37
96	120
48	0
0	1
50	1200
12	102
6661	225
0	0
64	0
1	0
0	0
635	0
1	18
5	0
555	4852
260	7
131	1114
177	0
275	0
6177	343
1821	295
0	112
200	5
213	16
6	225
11	54
9	2
0	0
0	0
0	20
1	127
1	0
0	0
12	5
1	0
0	0
48	0
39	21
13	712
2	0
2330	6
284	85
2360	0
445	0
130	339
0	0
0	0
131	498
314	711
247	20
28	2055
32	88
0	7
12	137
30	320
13	0
84	881
12	136
26	3144
27327	2
126	0
0	0
8	50
56	879
0	0
0	2
94	0
4	317
47	1360
9	0
0	0
0	43
27	0
2	0
0	0
28	0
0	0
0	0
100	234
37	0
190	0
149	0
187	856
150	866
253	62
590	12
414	0
14	270
22	0
0	43
881	324
0	0
0	0
1	0
10	27
0	0
4	30
7	85
5	53
116	944
107	0
94	7
268	2361
0	0
0	0
0	39
279	124
0	0
523	6
189	55
210	1575
0	21
278	168
0	6
181	0
666	335
354	674
20	85
16	0
186	0
18	0
0	0
47	51
0	0
223	226
191	593
41	6
19	883
64	758
73	127
2016	406
2	23
4	1096
24	81
1	1
165	0
3	587
28	160
87	21
2	11
0	0
129	452
232	3
30	238
5	770
0	8
93	2847
0	7
33	401
0	0
795	0
11	434
197	400
0	0
0	8
0	0
5	2924
18	17
3	368
421	203
88	12
69	0
410	113
2	0
752	1835
9	53
27	0
1665	0
1245	2915
2	48
27	356
2	0
0	0
90	142
212	16
7622	0
104	1898
175	196
303	0
28	97
1267	0
322	2620
0	0
0	0
0	4
0	0
6	0
0	0
0	0
201	3
0	0
200	674
38	80
41	1619
41	58
9	4
1638	685
1170	42
227	0
5693	12
0	146
0	0
232	1405
0	0
0	601
33	306
186	3417
17	327
107	3488
472	0
1124	0
107	554
2	0
1732	0
25	3
590	0
3056	0
155	386
731	2621
38	61
2	173
76	764
640	756
262	769
20	268
51	564
37	9843
83	2358
85	0
77	0
215	2084
4	208
78	425
17	384
91	100
2	5
232	570
16	1036
0	0
6	129
1317	612
384	446
556	83
1	715
106	618
59	1236
5	30
80	31
77	111
0	2
734	141
15	20
115	501
47	1694
55	117
0	2
0	9
0	0
0	0
0	227
9	42
39	732
0	0
29	67
0	0
0	0
44	1
138	0
0	145
2802	3249
3	580
64	76
641	400
35	454
562	898
50	0
6	14
8	386
68	16
0	1
276	0
94	0
2	97
2	2769
83	11
0	0
1	7
0	0
2	5
0	0
53	0
12	17
13	3
4	0
0	0
0	0
4	2
0	0
62	609
0	0
0	0
2	0
157	185
24	1
17	31
913	330
808	0
119	21
141	0
542	6
38	82
10	1184
7	12
48	76
16	0
126	1
20	2
743	145
5	50
1	0
0	0
13	1249
0	0
200	1457
0	0
0	0
0	43
0	101
8	4
0	0
0	0
0	0
64	96
1502	12
7	271
42	0
39	0
2	0
75	0
0	0
0	0
1	0
29	60
0	0
0	0
0	0
0	0
18	0
793	37
334	0
581	0
433	0
458	174
0	1
46	1060
1020	39
0	0
323	89
846	70
4	2097
20	311
259	0
362	1
218	141
96	37
2470	0
32	82
131	73
0	0
1	1
40	1
331	149
0	0
2	28
72	0
0	0
0	6
14	0
0	7
0	0
0	0
48	0
2	0
3	0
2	0
2	15
2311	0
24	38
914	0
4701	0
0	4
0	0
11	187
144	50
19	251
0	0
0	7
449	0
122	1030
1	2
5	0
0	0
9	145
388	0
227	0
3	0
3082	35
294	271
210	0
26	0
473	57
1677	1
2048	2135
14	0
0	8
52	675
413	0
2	31
6	12
10	16
0	154
0	30
39	0
102	0
5	237
0	27
0	0
4	40
193	9
0	0
0	0
66	63
13	51
4138	3680
91	0
819	10
324	0
132	56
30	105
0	3
2	1
0	0
78	0
2	141
2	5
300	3512
0	0
0	0
0	0
0	0
17	1091
0	12
74	597
216	0
120	30
383	30
133	104
39	0
0	7
2	0
0	0
9	0
16	173
6	0
14	0
95	0
1	32
7	56
127	80
42	119
995	0
839	0
94	0
20	88
554	19
96	517
49	0
0	0
0	0
0	0
10	26
98	3
29	0
4	0
4	57
596	1434
258	1917
216	188
0	0
0	28
66	0
0	489
0	40
0	0
82	167
89	172
0	0
20	101
37	99
34	211
174	91
18	0
805	351
10	139
1	253
0	0
7	0
14	229
0	0
2	0
3	0
0	215
0	25
5	1916
381	4
23	0
462	0
451	1097
1044	1
332	0
452	9
0	0
3	22
16	3
392	2992
84	0
88	5
34	1
2808	27
1540	69
2	0
520	770
105	2
6	48
25	0
2	0
154	1
1	0
228	1899
40	609
5	0
9	316
0	4
162	46
1	146
0	0
10	77
106	1905
0	0
70	1998
0	66
0	481
54	1556
24	1488
2	125
0	0
1	27
1	0
0	0
0	0
4	5
0	119
496	123
95	947
1	39
14	0
5037	175
415	0
265	1
13	502
36	902
381	0
114	32
61	0
0	0
0	0
319	0
4	132
5	549
0	0
0	41
4	12
0	69
4	196
2	140
14	500
10	15
0	0
1	193
0	2306
0	2
0	0
459	185
1153	211
28	110
46	0
20	225
26	0
163	6
9	112
8	1986
0	0
36	391
385	265
11	0
135	122
0	1
0	0
206	357
9	0
0	0
469	9
41	68
0	2716
22	55
0	0
21	172
7	0
1176	0
231	3
1	1
345	5
1	9
17	1258
22	0
7	0
2	0
0	0
2	212
31	2
40	421
0	0
0	0
26	1
70	52
17	0
0	0
0	0
0	0
0	0
17	21
2	2
30	4145
0	0
19	827
7	0
0	2427
11	0
880	39
326	0
498	63
0	0
112	0
68	1
441	0
2983	0
0	0
59	192
0	0
44	979
76	1923
16	1
0	79
96	0
18	3258
0	12
2	76
105	69
9	156
0	4
0	61
1602	174
426	1
15295	0
166	82
528	5
16804	973
95	1704
92	1
91	60
20	99
103	46
11	0
29	4
912	0
249	3
9	12
79	19
107	4
303	1290
15	579
0	847
338	259
4	566
2	0
184	0
23	674
90	339
222	246
838	404
111	1
0	2
30	0
1	0
0	0
68	0
127	224
5	1226
0	0
2	2
4	881
758	16
28	2
217	7
3603	1002
116	595
121	1063
362	0
154	502
22	31
105	4
12	268
67	9
81	332
55	0
102	300
0	0
0	0
29	0
1	534
0	0
5	631
5	279
1	53
354	2295
21	5906
84	7
11	1969
78	0
260	0
6	0
46	32
2	86
0	45
112	271
194	0
101	0
257	1
408	304
0	0
0	0
1126	0
0	0
0	0
226	0
184	0
701	246
24	0
13	333
9	629
48	44
0	0
222	1938
0	0
0	0
0	9
326	0
20	0
364	6
2	46
11	0
5	137
0	0
0	8
0	46
22	77
249	0
240	167
5	0
36	0
669	0
7	344
251	0
427	587
1	35
484	0
229	1785
431	0
111	92
0	12
0	0
0	0
42	173
213	13
0	0
0	13
11	0
0	0
0	6
71	2777
0	0
132	690
1471	3
11	540
6	118
9	29
41	0
53	114
33	113
246	3022
344	293
333	373
45	0
244	413
0	0
0	2
10	0
323	1
15	21
4	950
0	0
90	2
1356	1052
20	22
17	900
232	294
36	644
0	123
0	0
988	974
38	0
446	13
83	114
55	0
90	1479
0	0
0	0
0	0
0	0
0	7
0	3
121	0
15	0
42	2808
1	93
0	0
386	946
0	0
22	7
0	50
6	3
0	0
0	56
3	15
0	0
0	1516
5	28
701	1
331	476
0	246
216	149
5	0
18	0
0	217
4	13
165	3
0	0
19	25
27	22
1359	3248
269	53
2	24
338	907
290	0
4399	0
696	0
146	0
428	162
268	0
242	0
458	590
1220	90
323	49
21	95
109	2820
0	0
0	2138
4	1009
0	0
43	0
13	138
752	4290
482	109
27	0
1	0
0	0
2	1
0	0
0	0
0	1754
0	0
73	85
0	0
4	72
10	1255
0	3150
0	0
14	520
0	0
0	0
0	0
0	0
0	12
170	51
142	5
95	104
243	7
85	353
108	0
58	0
23	2819
259	3356
0	0
0	0
0	0
0	0
25	24
0	13
0	4
2	49
230	0
0	0
0	0
0	0
0	40
121	13
3	0
32	1183
2	9
158	0
236	0
0	30
28	323
24	0
781	2
0	0
1113	1477
204	587
0	0
0	0
0	0
18	8
0	0
25	106
4	0
0	0
0	0
15	97
0	0
0	2
0	0
61	1
0	29
234	0
0	0
73	142
756	146
181	0
842	0
1	0
443	263
0	0
49	0
0	0
147	514
778	1264
103	0
132	34
0	0
15	10
2	0
0	62
57	27
4761	3633
169	199
712	0
89	85
24	700
384	0
667	9
63	306
7	0
97	212
339	17
5	0
0	6
4	65
35	15
0	4
3	94
504	0
164	0
0	0
201	0
1026	19
378	61
286	0
344	0
4	46
0	158
0	36
2178	11
0	136
19	0
141	0
1	13
0	2
0	216
0	0
71	12
2	369
15	7
81	344
5	2
19	17
121	165
42	2535
0	0
20	27
304	1860
211	112
111	546
84	0
4	846
93	250
0	0
8	0
50	177
100	352
854	89
127	0
1	42
104	2
171	781
0	0
0	0
1	368
1484	0
538	326
0	162
61	0
3915	19
42	2564
8	6
0	1
89	10
0	158
1062	19
0	0
2	135
62	0
0	24
0	0
4	39
420	94
131	145
33	86
13	183
67	1
0	11
0	294
137	51
471	519
18	65
0	17
24	0
20	1
19	16
2297	1484
139	0
2	78
10	337
263	20
602	0
2154	29
177	790
4	0
89	63
0	903
3016	108
92	58
1529	1606
241	510
3	1
4	29
231	27
98	171
23	32
1938	3758
0	0
4	0
70	23
0	0
268	2576
10	37
5	0
36	236
394	1988
413	0
305	0
10	260
167	28
1	1
80	758
131	54
398	535
99	372
177	540
444	118
26	2572
79	0
122	91
47	142
1502	0
47	25
2	79
4	0
0	0
2	56
10	1564
94	450
132	28
11	424
67	34
0	0
1309	3503
587	927
217	271
0	0
509	359
268	86
0	0
0	0
13	150
34	2
2	1
10	0
16	0
0	0
77	0
10	157
5	55
17	7
0	0
73	123
9	0
21	0
5	0
15	0
4	0
355	0
130	0
547	31
23	394
296	1
559	208
0	15
60	77
168	0
163	295
0	0
0	3
5	0
0	0
13	541
0	0
15	7
23	0
107	0
0	105
75	192
0	362
22	79
3	0
33	1
7	2
70	26
15	28
164	557
0	3
0	83
6	449
0	0
0	831
552	1
1067	735
0	0
703	0
259	107
39	171
62	61
14	0
50	180
893	51
16	0
0	4
0	4
0	0
56	2307
301	30
923	0
618	308
30	2485
2	238
8	2579
7	18
4	51
6	0
0	0
10	2718
0	51
72	562
307	0
282	113
484	0
147	197
405	4412
1	5
0	0
0	0
0	0
51	78
89	64
3	6
39	79
0	179
0	1
0	21
0	0
79	65
134	0
1344	26
1	0
31	0
4	0
0	0
0	0
5	45
9	957
0	0
0	0
0	14
15	252
92	32
0	0
20	4
264	2019
0	0
0	0
436	773
3	0
9	0
408	3
152	48
152	0
1	7
0	0
0	305
37	846
120	1698
25	953
915	235
32	2991
93	0
0	7
110	278
59	454
0	142
18	55
0	0
6	0
64	0
2724	1335
1	99
84	322
5	12
2	41
115	90
52	124
106	2
211	470
19	21
8	199
21	154
36	292
0	0
172	0
4392	2444
94	393
559	423
1	50
15	28
0	0
135	1376
117	2851
15	2098
74	0
9449	2059
172	0
98	4000
6	0
85	11
0	8
0	0
63	1403
332	87
82	72
4	2
0	0
38	94
33	1056
1	0
1	0
3	41
81	70
5	203
4	6
121	274
4	0
0	0
161	2
526	15
271	31
408	11
1316	2825
674	5
38	13
6	3
30	1
349	0
0	5
1	160
10	499
0	3
149	1200
292	0
0	3
0	2
4	0
159	4
22	0
81	4074
37	9
22	0
1	42
66	0
321	3076
249	1698
264	484
0	0
0	270
40	77
14	0
0	224
4	17
81	391
4	30
12	201
521	48
315	1
0	0
67	0
754	0
7	73
0	2798
0	0
14	18
43	0
470	206
184	0
8	241
0	1
0	0
4	0
5	322
5	0
78	1892
26	457
20	2
656	1311
0	244
54	0
229	314
1281	7655
0	0
67	0
41	2832
192	20
260	1
144	116
62	635
97	229
0	0
0	0
0	0
0	0
0	0
0	0
0	0
0	0
0	0
0	0
61	1
0	0
0	0
0	0
0	0
0	0
0	0
0	0
0	0
0	0
0	0
6	303
0	0
0	0
0	0
0	0
0	0
0	0
0	0
0	0
0	0
0	0
183	761
0	0
0	0
0	0
0	0
0	0
0	0
0	0
0	0
0	0
0	0
262	65
0	0
0	0
0	0
0	0
0	0
0	0
0	0
0	0
0	0
0	0
14	44
0	0
0	0
0	0
0	0
0	0
3	3
0	0
0	0
0	0
0	0
216	706
0	0
0	0
0	0
0	0
0	0
0	0
0	0
0	0
0	0
0	0
582	0
0	0
0	0
0	0
0	0
0	0
0	0
0	0
0	0
0	0
0	0
6	57
0	0
0	0
0	0
0	0
0	0
0	0
0	0
0	0
0	0
0	0
7	217
0	0
0	0
0	0
0	0
0	0
0	0
0	0
0	0
0	0
0	0
49	142
0	0
0	0
0	0
0	0
0	0
0	0
0	0
0	0
0	0
0	0
0	4
0	0
0	0
0	0
0	0
0	0
0	0
0	0
0	0
0	0
0	0
0	0
0	0
0	0
0	0
0	0
0	0
0	0
0	0
0	0
0	0
0	0
0	0
0	3
0	0
0	0
0	0
0	0
0	0
0	0
0	0
126	470
0	0
0	0
0	0
0	0
0	0
0	0
0	0
0	0
0	0
12	0
1011	0
0	0
190	0
24	380
33	1
25	165
10	0
36	1542
2	0
767	0
0	0
0	0
291	2
0	0
599	297
1136	886
0	0
56	0
7	0
0	0
5	51
68	69
97	0
167	692
12	1121
0	0
10	32
0	0
0	0
3	95
36	0
762	622
2	0
6	11
4	2
0	0
0	0
0	0
12	48
48	1
0	0
2	0
94	0
109	0
686	886
0	1
180	142
24	589
13	0
1574	923
1	0
3	1
18	223
0	0
0	0
0	0
2	7
20	191
1	1
19	22
16	884
71	345
107	966
0	437
252	115
7	315
50	0
127	70
3	38
0	0
1	2
5	3
1	2
4	0
63	2631
55	174
0	74
5	100
41	3183
0	0
0	0
26	196
73	315
0	0
2	0
0	0
0	0
1	0
1	0
1	39
0	0
25	0
0	0
1	118
1484	1
0	2
486	0
49	0
0	0
0	0
1	86
2	33
385	1038
1692	10
0	0
33	332
0	0
0	0
0	245
0	0
0	0
1010	1024
20	0
117	2235
573	416
9	351
0	32
1	4
0	0
34	178
3170	916
418	4
0	0
0	0
0	6
0	3
1	0
236	0
518	0
147	0
47	115
354	17
238	205
0	0
1	449
0	0
1113	0
33	25
87	7
201	1
21	18
418	0
466	72
64	0
0	0
66	0
2422	1
150	425
24	0
0	0
11	520
0	0
0	0
2795	1191
14	26
44	0
8	984
15	198
133	762
20	137
7	1755
10	0
0	0
0	0
47	3
0	1
0	0
95	0
0	0
7	16
0	606
3	29
5	521
4	806
2	0
20	0
139	511
0	0
313	540
0	1
337	0
19	373
0	0
179	0
64	0
47	598
181	283
118	717
91	0
54	8
0	5
0	1
3	1804
26	102
11	158
1	266
2	0
905	516
4	2
405	0
233	0
361	104
23	0
13	38
6	1
1166	0
35	2
149	1364
3	63
0	0
0	0
0	0
283	341
422	9
0	0
0	0
0	0
9	0
438	901
0	0
0	0
1	2
782	27
59	361
0	0
0	67
1137	439
831	114
102	189
0	0
0	0
35	1943
0	0
12	230
25	3
0	9
0	185
6	1
0	0
18	541
0	0
0	0
12	85
0	0
0	0
0	3
0	10
1	29
0	0
512	0
321	2000
0	12
0	0
2	25
20	720
8538	0
200	1314
33	130
0	1
2	24
159	0
178	34
305	0
0	8
15	0
79	0
4	4480
0	11
958	1846
0	0
80	249
3	1
0	0
29	0
984	3987
30	293
210	416
1	1868
2	8
5	2
1	0
320	2
513	2
711	67
544	0
554	505
1	463
91	76
1	22
404	9
553	81
123	385
310	120
336	133
29	402
40	5
110	0
124	0
635	20
0	0
78	66
0	123
0	0
74	478
0	0
39	486
8	156
68	69
64	75
0	1
80	4
116	258
615	1966
38	949
5	15
4	134
4	2
3	0
1	36
60	1978
311	12
13	0
996	7
2039	100
157	66
24	23
1153	24
0	0
0	0
91	135
0	0
0	0
0	0
47	71
107	41
0	1
16	0
0	0
74	24
35	319
0	0
24	0
0	0
0	10
0	0
0	0
0	0
608	718
13	37
1	0
11	259
11	192
43	256
178	52
179	0
60	373
28	190
32	42
1	0
1399	1844
166	248
0	0
0	0
552	3407
288	0
2	0
0	0
38	67
482	803
10	5
238	87
76	3
8	0
1418	945
548	1
4716	537
0	87
0	0
0	0
0	0
21	2803
110	690
80	1573
0	0
0	0
2	90
0	3
7	2404
38	0
1653	328
31	0
93	1
4760	0
21	27
459	40
527	613
518	1131
76	41
0	0
28	206
21	225
0	38
208	815
0	0
0	0
3	1148
1	0
4	8
0	0
164	2982
0	0
0	0
2	11
68	48
59	305
2	42
10	214
0	0
36	0
79	0
949	631
582	0
0	0
26	13
0	707
6	733
115	42
3	3
0	0
169	0
1	0
3	1
1	0
7	13
0	0
0	0
16	161
0	0
13512	1
0	0
0	0
1	26
0	0
0	0
13	3
11	1428
974	25
3	1215
14	0
0	16
0	0
11	6
39	1144
0	48
31	2211
282	0
598	0
95	0
0	0
133	238
1173	0
829	242
0	0
1325	589
223	814
2	52
17	1627
0	0
0	0
1669	56
7	57
342	0
325	4
152	846
301	0
0	0
0	0
0	0
0	0
348	2815
180	34
2	0
210	119
0	16
0	1
13	214
32	479
0	0
0	2
9	0
536	1009
3	0
7	0
266	0
1	0
13	1849
20	1114
0	16
1632	5432
1	1
2	161
0	2
37	0
4	1
0	924
18	0
37	0
0	0
48	69
42	0
34	254
1	3
419	485
75	51
20	0
116	0
470	299
522	2142
52	0
154	0
20	291
55	1508
508	289
1	0
0	0
89	1025
48	4
806	216
129	221
10	678
5	1281
3	0
6	0
4	64
2	14
356	23
212	0
178	1
524	0
455	5
68	611
125	558
4	39
0	0
9	110
0	12
0	0
0	104
0	0
375	0
288	1
2128	0
855	439
4048	174
15	973
2510	4083
5	11
0	19
154	64
0	429
0	0
82	217
341	0
168	0
667	0
0	0
10	57
491	1768
4	0
134	176
3	45
0	0
0	0
72	0
105	324
1	0
1	0
0	2
67	0
24	0
0	44
5	24
0	0
0	0
0	0
0	0
174	0
18	28
0	0
146	249
203	640
113	0
1	21
16	309
1095	65
413	19
413	21
60	1
53	37
0	0
14	140
460	1
0	169
10	111
136	138
0	1
57	1377
3	0
2251	0
5	0
21	2049
0	47
0	52
0	0
1	92
2	215
14	7
2	0
3	532
0	0
178	0
40	961
303	1215
226	291
508	31
402	26
529	0
50	0
988	4
44	2
286	329
0	8
212	0
1	3
520	3158
0	0
0	0
0	28
0	0
0	0
3	0
563	119
16	0
45	697
23	147
121	0
1	0
15	28
12	0
1262	0
125	0
26	1
65	10
526	0
3	5
21	0
394	0
517	65
0	0
0	0
5	0
8	143
458	2624
258	101
1	121
88	292
508	49
174	0
14	93
392	0
659	1
71	707
512	23
77	373
66	1631
1	429
181	122
24	175
702	3901
85	19
1	8
17	445
0	12
29	63
0	142
45	745
0	6
7	20
5	1
215	1354
390	4218
8	362
564	26
280	36
0	0
0	0
0	73
44	7
146	0
25	0
29	26
11	0
151	111
425	0
1455	0
285	852
6	794
40	0
19	205
0	0
4	2
651	255
146	87
20	212
86	908
347	0
34	0
103	513
0	0
249	0
0	0
0	0
412	0
623	97
2595	36
604	0
1	4
538	216
140	5
86	85
1628	0
88	2350
86	114
45	30
431	829
414	3132
0	0
10	1240
0	0
100	811
6	152
390	0
260	1
214	2
151	6
23	0
1015	0
821	76
8	4
0	0
2	8
0	0
462	314
217	8
1	0
4	59
63	0
0	0
65	746
27	36
199	0
24	75
61	5
80	25
2	0
29	345
0	0
0	15
3	30
0	0
1	0
5	127
0	0
21	65
0	34
87	27
4	3
1	68
251	1803
170	0
89	0
47	0
134	5
2	0
1637	0
144	0
11	0
155	67
0	0
719	0
8	484
0	0
0	1
0	1
0	0
0	0
133	199
60	1077
0	0
0	0
144	3540
0	12
2	2
0	437
14	0
3	0
1636	2386
0	0
0	2
13	2
4	0
348	0
6	219
146	5266
197	0
1109	174
0	0
0	0
0	2
0	2
16	239
250	203
104	761
23	28
122	0
262	19
0	0
0	194
6	1
0	2
35	490
99	73
0	53
1	46
1	50
557	680
83	0
208	0
136	221
1	0
3	144
2	0
32	104
77	118
0	0
13	470
74	100
0	0
0	0
0	0
6	1
15	10
39	46
3	1
2	0
3	13
0	0
0	0
28	0
0	0
0	0
0	0
0	30
579	875
0	0
404	6
60	0
26	91
20	23
0	0
1	1
0	0
0	2
0	0
737	871
41	182
137	216
0	15
71	0
0	0
1	23
6	202
6	284
13	253
289	309
6	0
14	87
9	265
42	665
86	290
1617	579
2145	43
38	88
73	25
211	0
97	372
127	57
0	0
407	9
146	179
0	0
3	0
66	0
22	0
0	10
15	0
6	0
0	0
0	0
0	0
0	0
285	0
400	3590
42	182
103	3103
0	353
0	0
3	0
91	331
0	0
0	309
1	0
783	149
460	1
25	744
1	378
0	0
0	0
1	988
0	0
4312	332
166	2920
135	35
176	193
553	2894
0	0
55	0
2	1586
174	2854
11	11
47	3572
522	0
79	54
314	334
2	64
1	35
1	11
1	1705
55	0
0	0
35	1
20	0
3	1
26	168
162	158
14	17
4324	1557
601	37
3	65
0	0
245	0
6	171
0	0
1	0
0	0
0	0
0	0
0	0
0	0
0	125
3	0
0	49
0	0
0	0
1	1844
3	0
0	0
1	0
0	0
0	4
0	49
1	0
0	0
0	120
9	5
13	1
0	0
56	0
130	71
14	41
0	0
5	8
1	2
27	0
145	2
0	0
727	2693
0	0
18	94
90	3150
8	20
383	0
4	0
178	0
1772	118
1270	0
102	2648
9	715
52	154
10	56
0	2
2	0
2	0
0	3
6	4
4	28
6	26
23	89
5	55
0	8
6	61
0	56
0	53
42	231
12	43
5	1
0	0
14	885
478	91
2470	149
81	336
592	119
122	804
5	20
65	398
3	1
117	332
15	8
0	1
0	0
3	0
1249	2067
224	766
240	0
203	57
1	5
123	35
11	0
80	2
12	868
56	0
2725	1
0	0
23	4928
328	482
6	53
306	46
0	0
7	3
25	0
79	0
3	0
8	0
1	0
12	3
1	0
2	0
0	0
25	0
3	0
13	0
6	1
219	52
0	2
104	170
158	0
10	271
2	312
14	0
42	296
1025	272
26	178
706	1
529	249
141	62
112	0
94	14
141	0
0	601
4	110
233	18
18	2
211	0
245	33
2	12
1	0
328	0
263	700
0	0
24	129
0	0
72	81
839	2
0	0
20	14
0	2
0	150
2	0
0	0
0	0
8	1
2	3
0	0
1	1
0	0
208	1078
0	0
8	8
278	52
33	433
11	0
0	0
0	0
14	237
0	169
1	19
2	861
0	87
1	27
32	214
36	456
0	19
559	582
81	167
19	5
198	68
1031	353
770	171
0	0
0	0
0	0
10	113
2	67
284	309
207	1569
352	567
1322	154
0	0
0	0
17	10
506	374
0	0
0	0
0	0
0	0
1	219
0	0
478	636
91	0
18	633
8	61
141	132
120	506
0	0
4	0
9	39
5	6
0	0
0	0
0	0
0	0
135	1038
0	0
0	426
0	0
0	0
0	0
0	0
0	0
0	0
0	0
0	0
0	0
0	0
4	11
0	0
0	0
0	0
0	0
0	0
0	0
0	0
0	0
0	0
0	0
0	0
0	0
0	0
0	0
0	0
0	0
0	0
0	0
0	0
0	0
0	0
881	650
43	191
0	0
0	0
0	0
0	0
0	0
0	0
0	0
0	0
0	0
0	0
18	239
0	0
0	0
0	0
0	0
0	0
0	0
0	0
0	0
169	396
1382	351
61	60
12	106
144	67
0	13
12	40
0	0
105	3269
92	0
209	475
701	79
25	0
0	0
0	0
0	0
0	0
1	0
0	0
0	0
105	0
10	15
18	966
1893	287
2600	52
1288	11
761	415
967	4657
23	1667
24	0
1	0
3	1
0	0
0	0
1	0
72	929
3034	75
3	0
550	0
8	0
53	0
0	39
0	85
2449	0
148	0
44	0
1	0
123	0
349	1050
10	51
0	0
2	0
248	48
389	2201
363	12
188	0
607	65
0	0
238	10
1145	119
17	137
20	447
42	31
930	191
169	0
8	428
778	866
1353	31
6	11
224	676
0	54
186	4
1	10
94	0
158	0
241	0
121	117
7	0
630	1
0	0
0	0
0	0
2	8
2	32
0	0
25	130
2	0
0	0
11	0
3613	0
83	116
158	325
15	0
440	71
39	35
89	0
113	1
43	0
0	271
0	356
0	0
498	16
673	1142
0	0
0	0
11	158
11	2139
484	0
168	2680
0	21
11	345
3965	5
3	57
0	0
14	0
0	0
0	0
0	0
19	261
11	385
28	513
30	5
356	4
12096	1
80	168
177	51
438	195
0	0
90	0
346	0
1197	193
56	0
371	0
1	50
130	5
45	0
1	1
11	211
0	0
0	206
0	0
1	0
4	1
445	0
10	39
129	0
233	71
3	91
0	0
0	0
24	6
51	19
12	0
1	0
0	285
0	0
126	0
262	0
4	13
188	0
301	3
446	2633
4	0
9	627
0	0
0	0
0	0
0	0
0	0
0	0
0	0
0	0
36	4039
1491	0
0	40
46	1253
0	282
0	2030
71	297
66	585
16	0
8	167
0	1
1	46
4	13
472	3583
76	627
388	0
0	39
1148	68
739	58
207	592
50	835
90	470
