UniqueCount	AmbigCount
6	0
94	0
10	20
0	0
54	17
318	714
47	0
5	185
92	96
258	651
56	0
0	0
159	6
0	0
65	109
0	0
623	0
432	0
164	0
1	104
0	0
0	21
115	111
17	169
24	53
103	0
0	17
12	1360
0	0
0	0
1	0
2	18
0	5
3	131
7	5
2	2
25	7
245	322
235	136
1	70
19	1151
11	0
1	0
0	0
7	0
3	7
3	42
0	3
0	4
0	18
657	70
0	910
29	3
0	98
0	0
1	0
0	0
55	106
0	14
224	91
29	681
0	3
21	0
1	0
0	68
0	0
32	8
0	0
229	54
65	231
28	399
13	0
0	0
1	7
0	0
0	0
107	94
14	0
0	0
29	556
25	482
4	13
0	1
0	0
2	0
8	37
71	46
101	484
64	0
36	443
1	0
2973	0
36	819
221	6
257	5
608	137
72	267
53	42
4	141
13	186
0	16
0	0
1228	476
148	102
0	0
215	75
12	0
1640	93
15	56
0	0
0	0
1	15
0	0
2	107
966	2
0	0
0	0
5	0
2	0
0	311
16	0
103	102
0	2
0	0
0	1
69	0
43	4
2	427
0	18
0	1
0	0
50	181
13	0
26	0
79	345
1	28
1031	0
7	109
5	0
1	0
0	0
224	0
251	61
15	0
2	5
0	0
0	0
14	0
3	37
2	0
161	0
0	42
0	0
0	6
5	19
0	0
33	37
5	96
6862	216
0	0
0	0
1	38
34	35
25	440
0	15
232	0
63	3
4	0
12	129
77	0
27	10
1	53
2	14
2	16
61	36
4	15
0	0
4	2
0	0
80	68
28	6
1	0
513	224
0	171
0	0
0	0
0	57
0	0
0	19
0	133
958	232
3	0
19	10
105	79
277	31
26	9
0	15
114	0
0	0
0	0
243	0
0	4
98	0
0	0
38	0
148	231
15457	797
276	5
28	38
0	33
62	15
726	398
2	0
18874	137
2	10
0	0
975	12
0	26
0	109
92	14
0	1
0	2
0	1
0	0
14	1
43	0
0	19
4368	708
28	49
479	372
1	0
34	15
2	1
0	70
0	0
0	10
1390	0
15	33
195	328
0	0
0	0
0	0
657	502
75	102
61	1
0	7
3	0
90	260
13	0
0	0
0	187
60	0
223	0
1224	0
0	8
3	292
24	497
0	1
0	0
818	0
168	0
66	55
18	12
363	2
33	1
41	0
197	12
34	1
59	1004
3	0
0	0
0	0
0	0
0	0
500	10
77	0
15	16
0	5
3	3
172	0
0	0
75	1206
30	218
2	0
0	0
1	3
2	221
37	200
274	39
4160	3
134	1004
0	0
53	0
0	0
0	0
1394	0
18	140
35	76
71	0
79	0
83	545
13	30
1	0
171	432
0	0
207	0
1189	17
0	0
10	7
0	6
27	132
26	22
0	103
0	8
0	0
0	11
1	0
23	40
1	126
0	0
19	61
8	47
0	0
0	0
0	0
0	0
0	7
0	0
1	0
94	0
515	279
0	13
2	0
10	683
75	78
304	729
2392	2
0	0
4	0
3	71
0	0
0	0
0	0
0	9
0	0
0	0
0	0
1	1
0	0
2	11
255	35
66	334
360	286
1549	182
131	0
165	943
6	93
70	12
84	281
54	1
547	4
114	38
1	0
23	138
423	96
0	0
0	0
1	0
0	0
28	24
1112	2
8	13
106	79
49	66
5	45
45	143
63	0
645	1
13299	67
0	0
1182	0
0	37
0	24
65	123
16	0
35	0
62	1
10	44
4	0
6807	1
30	0
10	31
118	123
401	0
3	0
3	0
1148	0
314	38
3	0
18	0
0	0
6419	0
34	52
0	0
0	139
3	37
0	3
0	1
4	29
26	175
25	0
0	0
0	23
0	0
115	30
212	38
151	0
6428	1
807	13
23	0
116	0
157	0
39	0
13	7
0	11
0	0
0	39
57	144
267	494
17	34
10348	0
1036	8
19	0
271	0
152	0
120	68
58	0
3	0
0	0
272	0
140	0
42	0
92	222
0	8
52	0
953	0
65	14
379	9
10	428
2455	0
8	0
484	1107
0	1
5	52
247	0
509	37
83	450
3	293
303	1
55	13
0	0
1	68
12	0
0	0
5	0
1	0
0	0
0	0
0	0
125	0
7	19
199	13
95	163
0	24
0	8
270	240
6	5
0	0
0	0
0	8
0	0
37	2
2	45
685	8
31	235
188	0
15	0
60	0
149	1
21	59
0	15
0	129
0	0
0	1
8	110
0	0
0	0
234	2
61	10
1339	0
586	0
0	0
158	25
0	0
14	280
5	132
2394	32
2	0
19	13
1	0
282	20
85	120
62	0
273	18
52	121
1	466
426	359
43	36
217	0
0	1
130	0
17	0
0	1
0	2
24	0
0	0
0	0
3	0
0	0
0	0
0	0
0	0
0	0
0	16
0	0
28	429
0	0
0	2
3	358
1	134
3	47
74	376
0	2
0	3
729	635
0	3
0	3
0	2
5	123
132	55
3	18
178	0
90	9
18	190
11	1133
0	0
15	4
267	30
0	0
323	17
118	6
0	0
257	1
0	0
668	0
0	0
0	0
1	6
0	0
0	1
0	6
0	0
0	0
0	0
0	3
1	0
0	0
309	24
0	0
681	0
0	2
1	28
168	91
45	360
290	17
4204	0
206	368
280	0
0	0
0	0
227	28
1	11
276	0
0	11
3	801
0	0
0	0
4554	61
122	0
48	0
221	84
0	0
5	476
0	9
9	0
0	1
0	0
0	0
0	0
264	0
0	8
139	1044
0	0
14	0
0	7
1	0
203	28
92	0
4551	0
0	8
0	0
0	0
0	0
0	0
182	62
0	0
0	0
0	0
0	0
0	1
0	1
0	0
151	687
0	0
1	0
507	0
1	0
0	7
1	264
1	3
1	7
43	1339
0	11
6	17
0	0
0	1
100	0
0	0
241	0
186	7
85	0
12	0
4	0
181	23
2	8
61	368
0	0
6	0
86	253
142	16
5	54
133	1
442	1
659	11
43	32
0	0
3	0
25	89
46	16
4	4
22	2
37	147
216	114
0	0
0	0
723	1288
1	0
0	0
0	0
38	98
7	258
0	45
37	495
4	301
0	0
0	0
3545	6
962	11
0	0
0	3
18	0
0	9
0	0
2	0
107	0
4	0
10	342
115	0
6134	0
0	0
0	0
0	0
0	2
119	5
0	0
0	0
121	18
14	28
10	164
47	270
30	245
0	5
6	991
23	3
0	1
0	23
8	0
34	0
0	0
0	0
0	0
2	2
13	107
0	0
0	0
1	44
0	0
0	0
13	66
1	791
2	0
9	82
0	0
2	6
125	322
86	0
0	0
0	0
2	0
189	208
1595	6
0	0
17	0
124	1156
0	14
353	2
209	605
126	0
111	182
31	567
0	0
8	72
0	0
30	14
0	1
1	5
9286	101
4	18
0	0
4	31
17	10
33	7
42	173
1	0
5	0
0	0
64	346
93	109
3	0
23	0
4	0
0	0
0	0
0	0
0	8
31	84
0	7
18	0
1	0
1	23
3728	144
9	824
40	12
5	255
4	0
1067	99
0	0
9	1
0	0
0	0
21	7
0	0
0	132
60	16
5	101
295	18
82	265
48	64
181	286
61	109
144	0
161	0
9	0
25	147
1	0
0	0
3	74
754	1332
0	160
1	0
0	0
0	0
0	0
167	71
30	12
3	0
3	0
0	151
0	0
0	50
0	149
62	237
0	0
0	0
38	3
0	253
0	100
0	0
0	0
0	0
83	221
0	206
5	7
211	13
32	0
4	25
104	29
0	4
15	130
218	756
2	53
691	737
56	763
0	5
35	28
66	0
81	4
10	36
2	92
97	291
0	73
0	0
0	55
0	0
1	0
0	0
77	51
37	0
48	14
200	0
216	0
37	0
5	24
0	147
0	0
8	2
1	61
0	0
432	65
2	3
0	0
6	1
0	131
0	0
0	28
0	0
169	162
32	32
775	529
0	12
5	1
0	0
0	0
129	1
155	3
19	0
16	63
174	278
212	174
0	0
150	234
388	35
14	0
515	51
1	0
18	0
0	3
109	0
63	0
50	15
101	0
72	91
8	0
0	0
1	0
0	0
1262	0
15	14
4	8
44	5
63	89
3	0
0	0
36	51
0	2
16	13
28	1
4	4
0	18
0	457
5	0
0	0
108	50
57	134
77	0
0	1
0	0
938	1223
69568	65
1738	0
0	216
0	2
5	0
74	0
0	0
133	191
0	0
0	46
0	0
1	0
127	588
0	0
0	0
158	125
2	0
7	25
16	30
77	0
0	15
1	17
13	33
6	0
9	79
2	52
1439	20
80	0
1	4
544	524
86	0
5618	4
2126	493
21	0
0	0
0	0
62	3
105	70
839	220
93	0
0	6
1	55
11	6
160	106
0	0
229	1053
0	0
0	48
0	0
6	0
0	0
3	111
0	0
0	0
0	0
0	0
0	0
0	0
0	0
2	29
0	0
0	0
0	0
0	0
2	227
0	0
0	7
5	0
24	63
3	39
0	0
556	17
0	0
2	1
0	0
0	3
1	26
30	0
72	0
8	1
13	35
271	0
229	106
3	82
63	1
0	0
21	5
13	122
0	0
0	3
339	1295
550	138
0	22
15	0
1	0
4	0
0	82
108	0
0	0
0	0
173	6
601	137
0	0
0	12
0	0
49	65
0	11
212	6
0	0
3	39
0	0
6	0
1	0
6	4
17	914
1	9
0	0
0	0
68	0
0	0
28	0
0	22
8	49
0	43
10	0
0	3
33	1050
105	3
87	0
39	245
16	71
55	0
61	10
617	0
8	674
0	40
27	508
0	68
0	0
5	1
0	27
0	1
2	1
0	0
106	429
0	1
0	0
0	0
667	129
75	0
19	3
1	4
40	52
17	33
40	0
183	18
27	0
2	0
981	0
135	164
0	0
86	34
0	0
14	36
2	17
0	52
0	0
0	0
1	0
0	0
11	0
3	72
1	0
0	0
40	0
126	57
79	0
106	0
8	195
0	0
0	0
17	124
0	12
0	10
1188	0
1	9
70	0
7	2
0	0
399	1654
1	0
1	0
4033	0
0	0
306	100
0	0
30	64
6531	154
0	74
9	1022
137	0
0	0
65	775
39	303
0	34
5	293
0	26
443	623
0	0
0	0
0	758
0	129
0	0
0	0
209	42
4	246
0	5
11	0
1	21
22	0
10	30
33	0
93	1110
1553	0
170	47
10	244
0	0
0	0
0	20
0	0
0	109
0	0
0	0
0	144
18	39
2920	0
6	139
0	0
0	0
0	397
3	89
0	6
0	0
20	17
7	23
1	3
6	3
331	128
199	0
84574	6
160169	33
4	1201
0	454
1	57
13	532
198	0
111	0
34	0
96	0
787	81
14	7
138	83
217	3
63	1474
32	138
0	0
144	114
92	0
143	30
0	0
0	1
7	49
1	241
67	0
1088	49
254	1
2	18
7	2
25	623
11	1085
8	1040
23	8
9	4
2	6
4	26
25	184
1	143
0	0
5	296
29591	0
112	0
0	0
0	0
31	105
62	0
162	232
0	0
36	0
198	181
104	0
52	15
0	1
14	4
114	0
0	0
0	0
26	214
53	112
0	0
97	405
21	0
120	215
0	5
0	0
0	0
91	0
4	169
1481	18
339	1032
908	101
89	0
70151	1
41	20
0	4
24	201
8	2
139	0
7	0
277	18
19	5
0	34
120	0
58	0
0	0
70	30
44	56
265	101
0	0
1134	8
0	12
121	1181
0	4
0	0
0	13
9	6
58	353
123	0
152	270
0	0
1	0
81	0
0	7
0	1
0	13
0	10
2	776
29	25
240	110
2200	431
0	0
52	0
0	0
0	0
1	72
0	0
0	0
2	0
150	850
17841	939
1377	79
14	67
3	0
10	21
48	269
0	0
39	1
220	325
8	8
9	21
1	0
141	78
996	0
3	0
7410	4
0	42
0	0
249	11
1180	48
0	0
1	0
170	15
2	0
5	0
29	0
0	0
12	0
13	0
8	0
3	0
1	0
0	0
16	18
0	0
8	0
5	0
43	29
0	2
45	0
17	0
30	2
8	0
6	1
19	0
0	0
10	38
2	41
0	0
50	1
356	1107
125	3
85	37
0	0
0	1
33	20
1	2
9	0
0	0
0	0
1	0
75	152
9	2
0	19
0	0
0	0
0	10
88	0
277	1
0	0
0	5
0	1
0	12
0	0
0	0
7	18
11	10
5	11
348	0
250	943
23	203
4	0
32	0
3	26
20	31
171	9
0	186
15	0
22	248
2	0
0	0
1132	50
59	115
0	1
0	20
4	6
0	0
11	94
9	26
0	0
0	1056
4	35
101	86
0	0
1	1
0	0
173	64
2	2
16	8
41	5
166	67
961	251
4	0
354	50
0	8
2	47
0	0
36	0
148	0
1	37
1	586
76	271
0	58
5	14
0	9
0	0
0	0
17	4
0	0
0	0
0	0
0	0
0	0
0	0
0	0
0	0
0	0
0	24
14	29
73	84
36	0
10	11
0	0
19	13
0	102
19	0
0	0
0	0
32	53
8	5
1	79
59	2
334	1
6	29
1	5
0	0
1	126
0	0
91	142
12	0
17	1094
1	0
8	0
27	7
2	0
0	1
9	6
8	53
49	193
508	981
0	0
4	0
17	12
6	0
156	0
0	1
380	0
2	14
76	74
79	12
15	10
57	0
124	11
42	16
87	5
93	0
46	280
1	3
732	3
97	495
465	422
307	7
18	1
3	0
3	0
2	14
0	10
0	836
102	10
2	0
335	0
15	863
8	328
0	0
0	365
1	0
2	18
223	57
30	1
24	0
68	0
0	0
0	0
59	0
0	0
1	3
43	249
1771	756
25	11
3	18
293	4
588	967
2	1
2	21
0	4
0	3
9	0
72	36
53	24
1013	6
634	0
1890	85
0	55
27	6
8	2
0	4
28	0
2	0
165	778
40	0
7	132
0	1
2	13
0	3
31	325
19	177
0	11
0	0
6	121
100	993
4	0
476	155
63	149
0	1
167	0
146	28
63	0
4	0
0	1
60	602
1013	1
291	108
52	0
329	227
23	179
0	2
0	11
0	0
140	0
3	43
2	30
130	7
1	1036
1	0
0	0
0	0
0	0
632	35
0	2
0	0
88	99
0	0
9	1
431	54
18	0
13	0
1	0
2	0
12	125
0	57
0	0
0	51
62	125
12	40
1	18
2	10
3	155
120	11
3	0
46	406
100	0
59	29
479	0
1618	7
0	301
2314	1
45	117
0	8
6	43
21	453
6852	9
106	2
26	90
752	85
4570	202
0	70571
33	380
1	54
0	6
0	0
2	5
0	0
8	33
0	0
0	0
0	42
59	72
2	51
257	40
1	40
2	22
190	63
21	0
20	1
0	31
89	34
0	0
0	3
13	21
17	159
356	0
1	17
105	7
57	156
181	0
4	1133
29	1350
242	78
0	0
4	3
88	10
189	25
41	389
150	9
0	0
1	0
0	0
0	0
6	183
0	3
10	0
0	173
20	174
0	1
0	0
0	0
3	3
0	0
0	0
0	0
1346	1
0	0
24345	120
0	0
0	0
0	991
137	0
184	265
35	0
379	0
24	0
4	13
0	13
0	0
0	0
3	2
28	0
0	9
59	74
0	19
2	4
23	0
0	0
0	0
0	0
0	0
0	0
4	214
0	0
0	0
126	1
80	78
11	86
17	6
0	0
1	1
0	45
0	9
40	96
0	0
0	1
0	0
0	0
1	0
116	366
2	0
451	78
1169	8
4	30
907	825
0	0
2483	630
310	0
26	4
0	211
0	2
43	184
20	1134
0	3
3	0
1	0
636	15
0	0
8	11
41	79
213	171
0	7
60	377
0	0
0	0
1	0
0	3
10	0
5230	22
394	185
176	94
4	75
61	103
0	0
7	0
0	0
0	10
0	33
0	0
2	0
0	0
137	605
2	4
2	27
77	28
3	361
13	46
15	26
0	18
43	113
2	17
45	207
198	1
289	138
92	0
501	118
1	106
514	4
29	7
32	5
6	0
53	188
0	0
128	539
61	16
4385	301
109	6
35	8
40	34
7	0
814	250
44	0
50	0
0	57
62	928
0	0
0	0
162	308
18	44
21	537
0	61
13	0
8	13
0	0
0	0
0	0
0	2
105	543
36	938
2	0
19	0
4	2
264	52
330	0
191	0
6	0
11	24
17	40
6526	0
0	0
1	0
0	1
2	5
0	0
0	7
237	311
1	10
0	0
0	24
0	0
11	346
52	202
3	110
1	73
64	29
17	0
72	23
3	324
0	5
0	0
0	0
0	0
134	0
0	346
0	0
0	0
2084	0
43	9
156	667
29	92
85	54
2	12
220	4
0	0
100	269
24	12
0	67
85	0
120	1
0	0
0	4
0	0
0	0
352	146
0	0
0	0
221	7
16	0
5	24
17	0
0	3
0	0
0	0
0	2
0	0
0	0
0	0
0	0
66	0
210	203
0	0
1985	5902
9828	13
20828	19164
15	12
7489	20182
5	0
0	0
48	0
0	0
25	638
11	15
0	0
0	0
1	0
29	130
0	0
16	0
3	113
569	0
14	0
7	98
35	0
5	43
10	15
2	1
0	0
122	225
0	0
3	43
823	11
0	0
59	0
8	4
5	489
35	81
0	0
0	1
39	1
0	0
461	971
0	0
17	16
0	0
2	60
0	0
0	0
1	18
0	0
1	0
53	0
363	90
15	16
13	0
134	0
16	0
3	0
106	18
11	0
94	0
3562	13
6	0
28	0
0	0
21	140
111	0
0	0
22	0
49	22
34	0
29	115
0	0
14	125
123	34
24	0
69	0
181	0
14	0
10	0
1181	0
375	1
315	0
185	0
0	0
0	0
0	0
73	0
11	35
2	8
833	0
1243	43
3	26
1	15
0	0
0	19
0	0
0	0
0	0
0	0
10	90
46	78
1	211
1	1
0	0
146	0
51074	1
22	0
10	2
214	6
944	216
218	300
0	0
0	0
332	0
2	0
684	1
354	1046
0	0
0	148
14	0
14	0
13	0
0	0
5	0
7	48
0	0
3	0
44263	11769
2395	539
0	2
0	0
0	0
9	12
11	27
1	0
2335	322
1110	27
51	18
0	0
0	2
0	0
1	0
78	6
1	3
0	0
11	5
7	0
94	48
6606	10
29	21
42	33
127	291
98	174
998	0
690	0
3757	0
581	0
293	84
66	414
69	345
77	43
0	91
0	0
0	475
34	58
0	0
2	0
4	25
5	0
40	0
1	10990
0	0
0	0
1	17
3	31
42	186
0	34
0	0
191	0
120	0
4718	2
0	1
265	282
167	108
0	0
0	0
436	325
9	6
0	3
2	335
0	0
5	0
3	3
5	0
181	83
76	128
0	0
0	96
0	1
0	30
0	14
329	0
68	0
0	0
211	44
0	45
4	145
0	6
28	0
24	3
13	1
53	5
15	64
3	12
24	305
6	1684
0	13
0	0
0	0
181	165
0	0
205	31
0	17
22	803
105	85
0	50
443	3
11	115
0	0
2	3
74	130
16	25
34	443
85	262
11	14
80	4
38	0
9	54
1	11
0	2
0	96
26	145
25	986
795	0
22	59
440	7
65	571
840	12
39	0
175	0
0	0
18	102
1	0
806	0
187	0
76	162
7	33
114	73
19	0
7	0
73	181
0	37
108	42
11	10
171	0
43	0
106	1
10	505
52	65
0	0
20	1
2	0
1	0
0	0
1952	704
56	0
135	846
34	13
0	0
2	0
0	0
142	194
37	1
58	29
13	392
432	0
60	1195
2156	6
0	0
1972	4
1828	210
1	4
26	76
9	2
7	0
97	0
155	62
0	0
1	7
36	1
41663	13
79	6
19	54
353	576
0	0
48	1
83	28
387	32
536	394
145	1
32	0
2	146
0	0
0	0
0	175
0	0
0	0
0	0
0	0
0	0
1	38
0	0
5	0
257	0
6	0
6	48
378	58
1	0
0	0
0	0
0	0
12	164
51	3
363	113
3	60
0	0
13	218
44	87
81	761
3	965
8	66
0	0
11	0
0	18
53	117
0	12
1011	28
31	2
0	0
0	0
4	0
4	15
0	0
8	113
75	0
6	0
3	0
0	0
17	2
62	0
0	34
101	176
68	91
288	244
2	0
0	26
33	714
1	188
14	45
0	0
0	0
0	4
16	0
385	43
121	0
0	99
4	113
43	255
43	74
0	14
82	9
151	0
0	0
98	13
164	203
0	0
24	61
68	38
32	581
3	0
2	128
0	0
1	24
0	0
40	0
41	0
268	12
16	0
5934	0
13	0
0	11
0	5
11	0
0	0
0	113
0	676
12	6
6	0
17	0
1951	161
0	0
275	265
31	81
0	0
2	0
1	0
3	0
412	129
427	7
0	0
334	20
0	11
0	8
26	0
0	0
0	31
27	0
0	61
390	1040
37	3
0	1
2	13
0	0
68	174
0	113
2	1
0	0
0	41
6	37
3	30
9	0
0	0
1	1
2	22
0	50
0	14
0	2
0	0
6	1502
0	0
0	0
0	0
0	0
0	0
0	0
0	0
0	0
417	241
0	1
0	0
0	0
1290	0
55	284
3635	12
67	0
8	0
15	0
8	0
15	0
0	0
2048	68
0	0
43	0
36	3
139	927
0	48
33	0
1	0
0	0
0	0
34	1866
98	36
0	0
0	0
0	103
37	290
0	0
1	74
0	612
0	153
31	0
0	0
62	0
534	352
395	0
20	69
10	22
43	22
70	76
4	8
110	85
11	33
12	80
23	791
66	18
0	234
2	45
2	1
0	0
0	0
6	0
718	15
218	126
41	0
13	42
12	80
0	1
0	11
217	68
86	0
0	0
0	2
1	7
0	0
0	3
183	20
1	370
264	0
10	0
8	30
205	0
111	0
251	0
194	0
24	0
0	0
334	3
8	7
38	0
4513	4
371	809
645	73
225	0
864	0
654	5
638	0
54	162
94	94
2	5
13	1
1	11
30	71
54	0
175	0
89	13
691	0
73	104
48	0
111	25
4	0
0	24
0	0
7	8
0	19
9	1
0	0
0	11
1	0
0	0
7	0
31	41
0	0
0	0
0	1
146	43
6	31
0	0
0	0
0	0
0	37
322	6
296	362
0	0
611	583
0	0
0	0
6	0
37	51
16	1
3	0
0	0
0	47
0	0
0	0
0	0
0	0
0	0
0	0
0	0
74	117
0	0
19	123
307	45
531	0
2	1
55	241
15	25
0	0
17	558
137	96
0	34
7	613
1	0
3	0
3	28
0	9
0	31
0	0
0	1
0	0
1	21
35	20
5427	34
364	0
24805	73
0	0
0	0
1	117
0	0
5	2
0	0
40	56
288	494
0	0
0	0
59	75
0	0
0	0
0	0
67	23
0	23
0	0
0	0
0	0
0	0
0	0
0	0
23	330
0	0
0	0
0	0
0	0
0	0
0	0
0	0
0	0
0	0
0	6
52	0
2	81
11	1
67	101
81	42
37	246
22	573
10	0
0	0
7	280
400	0
334	20
3	253
94	57
67	29
0	0
143	107
0	0
33	9
552	0
254	0
169	144
0	0
12	116
770	0
16	0
14	22
42	141
709	4
0	79
8	63
8	8
46	0
4	0
1	67
127	94
0	33
0	14
31	1400
457	51
0	0
0	0
5	1041
1	242
20	223
192	782
48	0
17	15
682	2
0	0
10	65
0	0
2	49
0	1
40	42
25	1137
53	0
193	284
18	37
16	69
44	897
312	158
1	416
61	24
89	64
2	122
0	50
0	17
0	30
148	0
1161	0
59	217
0	8
36	22
23	22
8	5
9	135
7	430
0	0
0	11
0	0
0	0
0	0
0	0
0	5
0	0
0	0
0	0
0	0
17	0
0	75
0	0
0	0
1	0
3	0
1	19
287	278
3	2
64	0
23062	1
4244	440
10742	1
0	37
29	0
64	3
0	1
0	0
16	1
143	2
628	0
558	19
92	0
228	0
1190	1
21	8
1525	167
0	0
200	299
6	0
67	31
0	30
192	0
8	0
40	2
2331	0
58	372
1036	586
2	148
3	21
1470	2
1	9
221	0
17000	0
0	0
0	0
0	0
0	26
358	25
195	0
74	0
43	170
325	53
1	6
0	0
0	0
0	0
0	0
0	4
7	0
0	1
0	0
0	37
0	0
0	0
0	0
0	0
0	66
12	0
36	62
117	64
1	0
0	28
0	0
1	38
0	1
250	120
0	0
4	61
0	0
649	0
33	138
114	371
18	0
22	125
148	10
95	139
251	154
0	36
11	45
142	0
3303	1
2370	1
432	1265
72	267
5	0
0	0
0	8
239	0
3	74
825	34
0	0
0	0
0	0
645	1360
566	21
0	8
10	0
0	0
0	0
0	0
0	0
0	0
53	0
19	1
0	0
454	3
217	329
0	0
22	1
138	53
22	105
39	21
6	3
0	0
3	23
1	13
5	343
0	29
178	512
204	5
0	0
0	14
137	8
63	40
5	0
44	0
266	9
8	29
20	2164
0	0
2	1
0	0
0	0
0	0
18	89
225	1
4	87
1	7
4	25
46	0
37	0
89	0
41	10
0	3
0	0
149	0
21	1
789	14
0	0
0	0
0	0
0	0
0	0
179	52
38	102
0	131
9	0
0	0
4	0
1	0
0	0
0	0
0	0
0	0
15	0
12	24
0	29
0	181
0	4
8	11
1203	151
26	0
38	0
817	108
21	0
0	0
57	17
19	83
0	0
366	5
271	459
0	11
410	726
0	0
0	90
0	96
0	0
3	318
3	4
0	34
0	0
43	9
242	20
1	17
0	0
13	0
9	0
1	2
2	31
0	0
0	0
12	1
0	1
10	38
0	168
0	0
951	0
63	0
1	3
304	2
1	57
527	5
274	3
15	0
116	384
530	1
161	16
55	0
0	0
113	0
0	381
5	6
0	0
0	0
106	504
2172	1913
1535	3
2	15
105	212
125	3
147	76
13	125
0	0
17	4
40	0
10184	1
663	0
206	0
0	30
0	0
0	79
48	0
105	0
8116	4050
22	0
328	0
0	6
56	108
92	31
2	20
5	1
155	52
374	265
26	1
0	0
12	163
278	759
175	1284
2266	0
215	82
12	87
76	5
7	25
0	0
4	977
0	119
0	0
0	26
16	99
346	0
5	0
1	4
0	3
17	29
18	346
179	215
24	357
18	47
133	0
57	0
1	0
9	0
18	79
160	792
2	13
0	0
0	0
1	0
155	0
12	14
2	362
36	276
2	50
76	40
43	0
15	0
150	6
4	893
2	6
33	205
0	0
8	3
1	0
233	178
10	0
542	482
69	0
84	0
3506	0
59	104
124	13
77	74
57	10
5	7
0	0
0	0
6	203
36	211
1	19
15	132
0	0
0	23
0	0
1	2
9	19
220	67
23	61
0	10
3	13
61	240
0	0
73	47
77	1
2	5
0	0
69	170
1	0
0	2
3	0
0	10
4	3
43	3
0	10
33	35
1	0
14	148
0	32
6	182
0	0
0	227
0	136
0	0
0	0
390	30
11	0
145	9
0	0
65	27
0	2
51	458
17	104
19	87
0	0
0	0
0	0
16	35
0	0
0	0
1	0
0	0
397	0
59678	2
18	0
17	0
571	0
9311	1
150	0
0	0
10	61
4021	0
2411	0
0	0
74	961
11441	0
243	0
55	0
8	6
0	0
0	0
130	194
250	25
140	95
63	12
872	322
0	0
2	0
1261	7
135	0
287	0
0	0
44	0
0	12
4	14
6	52
53	66
84	74
21	223
116	51
494	0
9	32
0	0
1	24
37	293
0	0
0	11
2	18
6	99
0	15
0	0
0	0
0	0
2	666
7	17
2	0
0	44
3	0
0	2
0	8
0	0
0	26
21	5
0	0
0	0
37	606
11	54
373	288
3	97
0	137
6	0
943	595
1	0
0	0
3	0
200	219
166	159
450	0
59	0
90	50
20	0
14	0
293	0
0	0
190	14
1	1
3459	642
20	736
0	0
2	132
3	20
5	0
605	19
151	94
49	91
31	124
148	4
11	0
176	0
36	1035
2813	28
63	0
36	0
1	1003
1	49
0	0
67	101
0	3207
73	6
235	1025
0	0
0	0
61	652
33	1713
2	14
0	4
337	294
0	26
1	43
19	0
0	0
0	0
263	0
48	1
50	26
15	0
15	56
30	1077
33	65
21	1117
46	2
16	1195
0	0
0	0
0	0
39	44
12	110
629	1
3550	0
1	124
40	181
20	0
0	7
0	0
272	2
0	11
1466	0
6	793
0	20
12	66
6	156
13	0
6	12
30	1
0	31
184	85
47	285
0	0
0	0
7	47
1626	167
11	0
4	1
9	1036
32	979
0	0
0	0
231	148
0	0
46	199
0	105
0	0
0	47
723	18574
513	3
0	0
0	45
57	0
8	0
83	0
2	0
6	271
26	0
168	82
0	0
144	554
14	0
27	28
5	7
0	790
1315	0
17	0
2	0
398	947
750	0
246	344
3	123
295	0
0	9
22	0
67	66
28	4
3	135
1	0
10	182
34	57
20	0
9	14
0	0
0	0
0	0
0	0
374	0
10	29
857	789
133	3
351	109
0	0
5	21
34	109
0	3
14	847
1	131
1	101
0	0
134	0
109	191
4	0
0	0
4	349
2	0
1	14
18	1055
108	16
27	174
218	385
0	19
706	44
10	13
0	0
11	0
3	39
7	0
0	16
9	1
2	6
1	8
8	2
102	42
0	0
1	0
0	0
0	0
0	17
1	0
4	1
0	0
0	1
3	0
75	3
70	2
18	36
4	10
38	187
0	523
0	0
0	0
0	0
0	0
0	0
0	0
28	125
0	3
372	0
1	0
0	0
0	0
0	0
55	36
11	6
95	486
60	124
19	20
0	699
15	3
67	8
18	0
14	0
18	1067
18	24
277	22
0	2
311	3
0	28
46	9
145	20
0	0
4	78
17	91
304	0
0	0
0	0
0	4
0	0
20	82
392	89
3	0
0	0
97	64
28	77
20132	356
197651	360
0	0
41	489
15	6
184	100
1	37
90	0
294	38
41	0
1	24
13	83
236	1
168	19
17	0
35	1
0	0
0	385
241	209
1	0
64	0
52	578
0	87
262	1241
572	75
0	18
30	64
1	63
0	3
0	0
6	43
284	0
10	42
52	0
82	221
1	1
67	304
2	2
2	157
1120	343
25908	49
70	2364
100	0
3	43
0	0
194	6
33	72
13	47
41	850
0	0
105	106
0	0
0	0
5	2
0	0
0	0
1	0
26	1058
0	5
0	1
0	0
0	0
2	84
222	192
0	0
1416	0
3	27
0	0
2	829
60	48
3	7
3	0
29	0
502	8
0	63
0	0
0	261
0	2
80	366
21	14
3689	0
0	0
26	912
406	46
142	14
166	7
5	0
9	0
65	3
422	195
5	90
0	8
0	49
131	103
95	0
18	7
0	87
143	3
226	510
70	238
13	80
178	158
239	0
3	578
31	48
0	1
1	49
589	0
731	3
45	80
1	53
0	7
10	0
49	7
34	26
590	84
648	129
157	183
5	10
69	0
25	2
8	3
9	0
16	0
289	2
24	1
79	0
47	0
1	42
0	0
0	0
13	0
18	1251
90	20
1	177
0	0
33	3
0	0
0	0
16	23
77	4
0	0
649	1335
0	0
0	1
187	0
388	34
354	0
50	0
19	153
140	0
7	427
531	0
148	82
0	15
7007	49
0	464
0	0
0	0
23	239
31	0
1922	1
120	1
127	0
0	0
0	16
13446	0
0	131
0	0
0	865
0	18
157	96
61	0
277	97
5532	143
0	0
14613	82
27	0
116	311
32	924
1	0
0	0
76	23
41	35
107	2
0	0
0	7
0	386
138	7
98	0
0	19
0	0
22	163
0	13
88	406
240	0
1	90
2	12
11	334
0	2
1	52
5710	2
0	0
9	52
453	0
43	112
0	0
0	0
1	3
417	142
2	41
717	380
243	0
101	0
28	0
853	71
1124	2
0	0
1439	2329
591	427
0	0
0	0
37	0
1	6
47	0
0	0
0	0
1	109
0	0
3	40
1909	2684
13	0
0	12
422	82
1	0
0	0
326	0
0	14
95	370
10	933
0	0
0	0
1699	477
0	0
1195	0
0	0
40	0
13	75
200	118
256	4
25	2
29	126
19	53
0	1
0	0
66	0
54	51
11	18
0	0
1496	0
109	0
53	0
25	112
129	1006
73	303
37	28
263	66
19	133
41	0
48	0
0	0
0	0
0	0
327	359
0	939
15	450
115	20
42	963
125	0
48	6
24	0
0	0
351	11
0	0
132	396
20	106
90	0
39	14
7	15
0	416
0	0
0	42
0	208
0	12
4	0
1	173
544	171
17	389
1	633
0	0
2	0
1	120
0	0
0	0
0	0
191	62
42	60
0	0
239	3
14243	2
2362	1093
0	248
8	240
0	7
0	20
86	42
0	0
43	0
1	0
41	1
28	12
16	0
18	18
0	0
69	109
52	0
83	0
409167	6110
20	576
154	0
0	10
478	547
133	0
2	0
764	1003
0	6
8	0
330	0
132	466
149	21
176	29
0	442
2	70
3	306
78	78
82	133
126	117
14	36
106	0
1	47
0	0
130	68
0	0
0	0
0	0
0	0
0	0
816	529
0	0
0	8
22	201
1	822
21	0
0	0
2713	47
53	0
62	0
2	128
0	6
6	20
1	694
0	44
0	2
34	9
3	145
17	39
27	88
36	25
68	0
0	609
0	474
31	214
28	1
2	0
29	1009
42	105
5	36
333	30
5	8
0	0
1	0
0	0
0	0
0	26
106	646
10	0
2	0
156	0
371	2
0	57
304	28
18	11
1	2
41	10
93	172
0	0
87	143
0	0
0	0
183	2
1153	106
372	0
29	14
105	12
21	7
48	14
10	255
89	0
0	0
16	0
13	27
148	253
75	44
55	33
1	0
114	341
38	21
23	25
0	0
0	0
0	0
0	0
5	78
25	82
6	5
12	15
0	0
82	3
2506	0
12	20
2	3
0	0
0	2
43	0
0	0
13	0
232	118
150	0
0	0
23	83
0	0
0	0
0	29
0	0
5	103
75	2
5	29
30	20
114	79
0	0
62	0
508	189
0	0
0	1
203	1
28	13
133	92
19	0
181	905
6	40
2	15
168	13
0	6
29	205
7	0
0	0
2	68
0	0
0	4
624	1846
2	19
0	1
147	27
4	11
35	4
146	24
0	2
28	0
2120	0
63	0
110	30
0	157
3	0
0	7
0	0
0	86
0	0
0	1
0	1
0	0
7	20
0	8
0	0
8	0
0	0
1235	2968
3	124
0	41
253	815
110	0
1	6
14	97
131	30
284	134
35	419
0	1
555	0
79	7
1029	411
288	0
59	0
0	3
0	628
4	362
0	0
0	0
0	53
41	0
80	0
167	0
17	4
486	263
0	51
2	0
0	12
60	849
1279	37
3	3
0	9
73	0
109	2
8	71
25	28
0	54
1	0
0	0
16	135
34	5
0	0
145	0
77	1
388	79
2	37
13	153
27	0
0	13
126	127
191	0
312	0
2	0
76	0
4	184
5	0
555	0
330	1
2	7
0	0
1	15
0	89
4	55
3	0
0	0
1	1
96	458
2	118
2	13
0	8
5	65
4	122
1	756
2	1
472	118
0	0
2	0
80	0
91	195
36	1105
64	156
22	467
0	0
12	65
53	41
39	102
2	1
144	222
54	800
680	7
22	32
80	819
99	11
50	5
123	18
216	48
243	1
0	0
14	85
735	0
5	111
22	65
3	158
1	49
0	0
0	0
0	0
3	0
0	0
4	0
0	10
64	0
7	55
0	14
1	1
10	240
18	61
6	2
0	0
55	0
1	7
2	32
1	2
0	0
4	0
135	291
28	79
132	1471
1271	341
0	0
59	24
28	177
0	0
97	7
38	1
0	0
283	1583
0	33
20	21
4	20
83	1
22	18
50	0
910	0
47	975
4	44
1	0
29	0
0	0
5	1231
0	0
0	0
3	1
0	1
180	2
1	7
10	32
0	0
0	0
0	192
1242	3
278	124
619	0
100	788
15	0
1055	876
2	49
0	0
268	0
1	0
222	3
104	0
58	0
23	0
1	423
0	0
200	0
57	18
133	172
1158	272
216	0
184	17
3	15
3	0
0	0
0	0
0	11
0	0
71	232
0	0
5	206
64	5
69	198
13	0
53	93
13	0
12	0
22	0
0	0
0	0
4050	1316
0	0
2	1
32	0
23	0
30	38
6	48
0	3
1	152
0	1
0	0
9	0
0	20
0	0
6	14
587	20
0	0
473	0
83	2
0	0
32	0
0	0
471	1
68	170
35	75
16	14
0	0
0	164
156	40
0	0
0	0
0	281
37	3
122	0
111	0
0	0
1	28
46	22
21	5
87	11
16	0
0	0
0	0
0	0
82	14
15	0
73	2
46	0
73	0
37	0
412	347
44	40
45	15
0	11
1	5
1286	263
0	0
136	15
54	0
26	371
0	0
50	27
514	65
0	2
36	0
116	151
7	0
148	2157
0	3
117	0
92	47
2	521
0	10
13	43
0	7
99	985
232	72
0	0
0	0
0	0
0	0
0	3
2	0
143	34
1	46
38	156
60	198
5	30
68	134
92	1100
174	195
4	0
89	33
36	196
29	0
88	2
0	0
19	9
874	2111
349	219
13	530
80	0
304	102
0	2789
624	146
1	9
19	0
10	0
0	86
0	0
5	102
0	51
29	0
273	0
0	0
96	0
992	140
26	5
4	31
41	0
5	0
0	0
1	0
4	51
4	21
0	6
0	26
0	0
6	759
0	43
0	0
18	275
217	0
83	60
7	136
2	6
0	0
0	0
10	182
0	4
2	0
196	919
134	0
3	431
0	90
189	211
0	1
3	3
0	13
343	23
338	1
0	0
25	1
3	28
3	0
890	1
126	174
133	12
1	91
0	0
0	0
0	2
8	0
100	801
332	114
84	14
48	0
106	345
2746	189
115	188
1259	43
2912	204
8517	0
28	274
51	0
307	45
0	0
23553	1
9977	46
0	0
184	3
0	0
3	9
16	20
0	1
11	7
0	0
0	1
0	3
3	12
0	0
0	0
13	21
2	2
25	81
6	500
1	80
120	0
148	0
0	0
23	0
10	15
98	6
1	6
0	37
4	0
5	14
3758	66
159	766
0	0
0	1
0	3
0	0
11	0
0	45
0	0
0	0
0	0
859	76
556	5
0	58
0	0
0	0
14	2
49	2
6363	10
0	0
0	0
0	1
12	0
141	1282
0	95
13	114
10	97
55	282
33	198
1871	0
148	3
1	16
0	8
0	0
19	439
4	110
0	0
29	155
35	160
0	0
3	219
147	0
3	0
2	29
54	0
25	10
4	313
0	0
8	0
0	0
6	0
6	1
562	967
0	0
3	3
0	0
0	7
129	1
0	0
0	0
0	0
737	18
0	5
143	292
0	79
0	0
22	5
541	0
5	15
570	113
244	113
90	0
1	43
307	3
523	3
0	0
5395	0
108	0
354	22
2	54
172	0
288	137
0	0
21	0
105	40
14	41
263	16
0	0
0	0
1	0
0	0
0	0
1005	0
0	1
0	0
83	162
0	43
6	32
0	417
0	1
2	5
46	98
0	1
0	4
3	80
6	1196
44	0
1019	2
10202	0
10	17
113	0
2	267
182	104
75	0
69	895
185	15
31	6
204	49
148	8
7	0
7	118
0	0
4	8
0	0
518	368
1	0
3	83
0	0
6	284
4	6
0	0
0	0
0	0
4	0
0	0
0	19
0	35
121	0
6	33
1	165
0	0
0	0
431	20
0	2
4	246
0	0
94	53
167	29
6	22
1	21
0	3
282	55
99	1006
0	0
22	66
1	3
26	1
180	242
116	0
7	1142
0	0
0	0
0	1
7	1
0	0
0	0
4	42
104	20
24	40
139	2
0	173
40	74
1794	31
3	462
2062	352
524	110
12	1226
402	0
552	494
0	0
0	0
0	4
0	0
0	0
0	0
0	0
0	0
14	2
0	0
0	0
294	252
3077	31
620	139
47	619
3	4
0	0
0	0
61	0
0	0
130	583
0	0
0	0
0	0
0	0
0	0
0	0
0	0
0	260
2	6
0	28
0	0
0	0
37	81
0	0
26	97
0	0
45	0
0	0
7687	2
1753	0
249	64
0	0
9	36
0	0
0	1
0	0
1	0
46	49
45	1029
7	249
0	2
4	2
5	0
25	592
8	0
2	21
52	0
0	1
15	98
26	28
277	4
0	2
0	0
0	80
122	277
583	27
0	0
0	0
0	0
25	2
154	99
22	11
415	142
42	692
7	66
0	0
204	0
153	49
12	361
176	220
30	29
30	50
400	229
93	9
34	9
6	0
31	6
79	1169
159	0
0	0
0	0
0	0
0	0
0	0
0	0
5	195
66	1
91	0
96	71
297	907
38	20
179	0
0	50
2	5
0	0
7	8
0	0
7	28
97	0
16	0
2	0
3	5
1	13
1	139
7	154
1	79
15	16
5	10
88	47
435	94
22	0
7	9
0	7
0	0
6	0
21	921
7	22
132	186
58	13
74	20
109	3
7	5
0	12
0	6
0	0
0	0
0	0
36	664
0	0
23	8
91	38
19	0
0	0
6	0
28	290
1347	3517
19	1068
0	0
0	0
2965	2470
717	192
0	2
1	0
0	0
0	6
0	0
0	0
0	0
9	1
0	3
0	1
8	11
0	0
0	0
2	17
1	14
44	3
26	118
8	172
54	0
103	9
45	134
66	9
18	13
57	0
0	42
0	0
0	0
2	21
3	0
5	14
101	8
57	25
1	5
0	9
2	0
26	0
149	128
0	0
0	0
0	3
30	1
19	4
0	6
37	96
126	0
96	853
0	9
0	8
0	0
0	0
1	328
0	406
0	0
3	817
31	152
0	0
0	0
0	0
60	62
341	92
18	1
632	50
59	0
73	40
4	20
5	443
752	3
2	0
19	2
0	0
2	0
0	0
16	245
8	0
1	0
27	0
0	0
0	0
0	0
1	0
0	0
0	0
3	696
11	29
456	166
460	67
232	0
176	2
34	0
0	0
0	0
1	0
1	4
0	1
0	80
60	17
102	34
0	44
22	389
70	291
6	0
63	135
10	32
29	80
0	2
0	0
3	7
1	2
0	70
389	123
0	46
822	32
3	0
241	166
0	0
0	0
0	0
0	0
0	0
1	0
0	0
53	0
43	3
10	0
224	88
111	66
463	0
146	641
0	124
9	55
26	26
827	15
616	0
137	0
367	3
54	51
2	0
11	639
0	0
307	0
0	29
17	42
0	0
0	0
0	38
1	118
77	0
0	2
0	0
113	153
39	0
1225	58
1	22
33	524
5	21
8	41
204	42
0	0
3	0
5516	4
80	0
12573	471
292	23
1	0
88	23
4	37
68	530
0	23
38	213
0	0
17	26
0	0
0	31
3	0
259	192
49	1058
41	0
106	0
87	856
0	1
2021	195
52	29
217	4
58	31
582	43
0	0
7	0
50	0
18	0
0	39
0	27
3	59
0	0
0	14
2	163
0	0
0	0
0	11
8	50
1	0
36	36
11	272
13	89
0	1
14	83
0	20
1901	0
0	0
18	40
1	0
37673	505
10235	44
3	0
6	9
1369	85
4366	0
0	0
0	0
0	0
1	8
14	14
240	2
61	2
3495	117
0	0
0	0
555	0
1621	0
0	19
0	1
0	0
173	139
3	60
0	1
0	6
0	0
17	30
0	0
23	202
564	0
23	80
1	0
0	0
0	0
0	0
0	0
0	49
8	49
28	0
0	0
0	0
0	0
0	0
0	0
0	0
4	19
51	70
0	38
472	0
37	8
826	0
144	25
250	72
135	1033
98	134
0	0
237	0
430	0
21	2
0	0
0	8
1	21
0	42
10	8
0	0
0	0
1	0
0	0
71	85
62	0
0	0
0	3
0	3
10	0
9	0
9	6
0	0
6	4
10	1
43	10
1	18
51	68
0	0
18	0
0	0
1	1
25	8
436	0
90	0
4	0
49	19
0	0
26	748
0	3
21	25
0	0
0	0
3	0
0	965
31	70
20	0
5	0
0	0
0	1
0	7
1	18
2	3
2	13
6	9
16	29
1	379
0	466
22	0
1087	523
0	0
128	3
659	4
818	1
111	34
901	30
6	964
0	0
48	31
0	0
0	0
0	0
148	0
473	3
15	9
1869	0
183	479
68	88
0	16
1	4
12	0
0	0
0	0
0	0
0	0
0	0
23	52
156	650
0	0
0	7
209	3
18	0
0	0
1	21
7	21
6	10
0	0
43	1069
8	12
0	85
302	153
2	166
0	136
172	0
24	18
141	126
44	542
6	0
38	1
254	64
945	997
1041	0
0	17
1	10
1194	868
172	27
234	4
0	1
1098	22
11	0
5	0
19	41
144	0
113	13
0	0
152	26
1	88
22	143
7	0
234	0
98	37
12	23
33	0
125	706
167	106
43	1
10	4
278	1021
0	2
49	38
800	228
0	0
0	0
0	0
32	234
0	0
135	95
1	94
57	145
0	5
0	0
0	0
14	18
5	127
1	0
0	0
0	0
0	0
0	0
72	227
0	0
0	0
0	0
0	0
0	0
0	0
0	0
0	0
0	0
0	0
90	0
92	0
0	0
0	0
1	973
5	0
0	0
3	0
45	120
46	156
13	33
0	0
1085	0
0	0
47	149
0	0
40	378
2	4
0	9
12	1022
0	0
0	0
0	0
0	6
7	24
0	0
0	0
63	57
181	0
17	80
497	462
93	66
9	149
1	0
39	2462
167	0
13	0
393	669
170	109
3	0
17	5
117	0
14	0
180	119
74	0
94	208
28	0
47	37
0	0
10	566
26	304
0	0
6	0
4	2
0	2
0	2
152	0
299	128
0	0
0	77
6	0
1	1
42	65
48	39
3	1
0	0
1	0
332	1
22	214
0	9
217	4
2	37
7	7
0	0
183	0
10	12
15	28
141	131
526	0
49	0
246	208
224	151
22	435
0	0
6	1365
386	26
10	496
0	30
70	320
1	79
0	0
0	0
0	45
364	0
0	0
0	0
1	0
0	0
0	2
0	0
0	0
0	650
0	0
0	0
0	0
0	19
0	0
107	10
5	215
2090	0
1	19
36	37
10	42
12	78
1	1
0	4
85	29
20	121
0	3
2	119
0	1622
108	2
41	0
4	107
0	0
0	45
0	0
4	55
0	9
0	0
0	23
0	13
0	0
0	470
0	0
0	0
7	0
2	94
0	122
1	0
0	1
127	39
20	805
0	0
30	0
53	481
0	82
41	0
0	0
0	0
0	0
10	242
13	0
4	4
11	0
0	14
2	0
2	0
0	0
15	219
0	0
1601	0
4076	3
15	14
627	2
3	0
4	0
34	71
24	0
38	30
751	0
7	60
7	10
108	219
11	16
369	0
263	3
195	880
161	0
261	0
1452	0
94	39
133	7
180	16
97	0
0	3
67	0
50	2
107	32
69	2
350	44
0	9
6975	0
4	1
260	0
567	1365
0	1
0	8
2	0
1353	28
32	1
49	0
73	0
5	1019
0	0
0	19
1	75
0	0
32	8
0	0
71	161
5	338
0	0
0	24
4	118
0	0
6	8
0	0
0	0
88	0
12	1
102	0
134742	26
7352	3530
770	21
0	0
0	46
0	58
94	240
0	0
0	70
75	166
1	580
0	142
35	6
0	0
20	836
95	58
7	68
0	0
75462	6
338	30
228	0
147	11
16	0
0	0
17	198
2409	13
0	0
4	8
10	106
1	0
11	104
0	0
1	0
356	323
0	0
42	0
1	0
420	0
136	9
14	62
67	1
193	1
5	193
7	643
0	0
25	381
0	0
0	0
276	0
0	54
3	11
7	4
1	57
4	168
299	0
0	0
0	0
0	41
0	165
5	3
24	74
1	0
80	0
15	0
12	3
0	42
41	0
29	47
14	19
69	0
0	56
0	0
5	23
47	286
0	2
0	0
43	27
5	6
61	0
456	0
58	0
50	0
53	3
1	0
54	358
6	25
10	4
0	0
0	0
0	0
277	28
0	1
20	54
7196	52
8396	26
67	273
1431	13
1	3
481	0
0	0
3	0
33	587
0	0
9	11
11	56
1	0
12	5
0	0
558	925
0	0
0	10
0	0
15	0
265	56
0	0
45	17
0	3
1	6
9	3
7	1
0	0
0	3
0	13
0	278
0	0
19	141
0	370
14	0
0	0
0	0
0	0
0	5
132	0
0	0
23	1
105	38
1455	41
0	0
4	0
0	170
345	373
0	0
1	237
40	0
106	29
21	102
66	20
299	0
0	0
22	37
20	0
4	77
1	0
3	0
0	0
0	0
0	0
0	0
0	0
0	0
0	26
65	58
35	867
0	0
0	9
0	0
2	69
0	31
22	0
0	0
0	0
0	0
22	1
0	0
4	0
0	0
0	36
1	50
0	0
0	0
0	0
3	14
0	136
0	35
0	0
0	0
0	0
49	18
23	0
8	39
0	317
9	426
159	23
631	0
129	1
100	2
20	0
193	761
356	0
3	0
33	0
144	0
116	125
1	1
0	0
0	613
0	16
73	1379
21	28
0	0
70	71
85	297
399	13
11	9
14	0
483	0
139	0
0	6
73	21
2	0
2	16
0	0
0	0
38	55
9	0
89	0
176	1
246	0
0	0
0	14
0	19
1	0
0	1
49	473
126	0
1183	29
2	3
0	42
185	1
65	43
346	311
0	12
0	0
0	22
0	0
0	271
0	0
2	0
26	642
7	86
1	13
34631	83
11	2
99	28
269	36
100	9
0	13
756	0
408	0
179	44
34	210
118	2
0	0
0	0
1	8
16	104
1	21
0	45
0	0
38	312
57	33
84345	0
9	28
0	0
0	0
0	0
251	177
21	11
120	14
166	0
38	0
22	0
1	1
0	219
348	846
0	0
0	0
2	1
0	315
0	513
32	840
1277	16
7	0
87	510
29	580
2	0
109	2
1	485
3	4
0	0
148	209
24	30
30	1
0	10
16	0
1	0
14	285
1	23
2	17
0	0
0	7
64	136
0	0
0	0
0	6
0	0
1010	10
4	160
0	4
0	3
39	0
333	1
162	0
0	105
0	6
672	0
52	168
0	0
0	0
29	0
1	0
7	0
0	5
3	279
38	20
0	25
0	3
0	11
0	1
0	0
1	24
2	12
215	902
52	0
88	5
8	0
170	154
68	1
223	102
0	172
171	718
1	143
496	0
104	15
58	0
2759	0
124	1018
16	0
37	477
15	0
298	1
107	22
265	0
22	53
0	0
2891	12
0	1
0	0
620	47
528	0
9	252
219	454
636	46
5	598
727	37
354	230
17	91
155	135
109	131
34	0
11	0
0	0
0	34
0	0
140	17
10047	39
0	0
786	149
8	36
0	0
0	0
0	92
0	23
28	32
182	0
279	700
75	17
264	1
8	0
9	155
15	0
110	97
348	71
77	0
15	322
29	69
0	17
1903	3
0	0
3	21
0	28
0	0
0	0
66	0
104	1
0	110
0	0
153	689
0	0
0	2
105	197
0	0
4	6
2	80
6	0
24	128
0	8
4	5
13	1
1	0
2482	502
0	35
8	0
592	110
19	198
0	0
0	0
0	0
2	1
23	136
0	0
0	0
390164	26
99	48
121	0
0	0
581	2
0	0
21	0
5097	2
3447	5
0	6
10	0
123	2
5	91
0	0
47	0
0	0
5	20
1	0
1034	35
0	6
6	37
191	18
271	0
8	84
68	505
0	0
29	33
6	18
0	16
0	0
0	255
0	0
825	15
2	43
19	0
0	1
0	0
0	1
0	0
0	0
3	1
15	314
549	0
1	0
10	0
3	0
1	36
5	0
23	0
0	0
6	0
13	21
9	0
0	0
1	0
0	0
0	0
12	0
0	4
57	72
2	0
3	27
0	0
8	34
7	0
26	4
0	0
2	0
0	0
1	2
0	0
2	18
4	24
44	0
113	15
5	0
6	0
0	0
0	0
26	104
0	1
10	152
143	517
20	0
8	0
61	2
66	420
0	34
0	771
11	86
4	53
47	63
13754	3
52	5
149	27
0	32
69	1
0	11
0	0
0	0
61	108
0	24
19	1
0	0
1	11
6	119
95	71
168	0
204	0
18	77
0	3
55	146
81	8
24	3
13	3812
17	11
0	18
37	472
0	2
0	0
1	0
32	5
189	9
155	2
55	28
91	5
7	928
9	0
7	38
10	0
3	0
107	15
15	50
2	5
5	257
20	1268
8	1
77	0
2	75
5	0
11	892
0	88
0	1
22	11
1	2
0	0
0	0
0	0
0	34
0	53
0	0
0	0
0	2
0	0
0	0
76	105
0	0
162	48
0	2
33	0
23	1
15	86
0	0
0	1
44	1
0	19
14	20
0	0
4	70
0	381
343	1
278	1
0	0
0	0
0	1
0	0
0	0
0	0
0	0
0	0
9	15
8	0
4	50
11	49
0	0
0	4
21	250
0	1
103	120
0	0
0	0
0	0
0	0
3	0
65	15
0	0
7	346
0	0
0	0
267	119
0	9
0	0
1	10
0	0
263	23
0	11
13	0
15	11
0	0
0	0
14	405
0	0
0	15
0	0
2	0
0	0
97	5
2165	1
0	13
0	0
187	1070
0	0
76	0
1570	9
29	10
5	100
0	0
3	5
0	0
15	7
6	0
5	0
2335	34
53	0
20262	54
15	176
5	0
0	0
0	46
0	0
25	439
7	0
20	65
0	1
0	0
1	9
14	633
4	0
77	0
159	273
22	137
1	3
0	0
44	34
0	1
0	0
2	63
5	4
0	1
0	0
0	0
0	0
0	0
26	2
0	3
2	1
5	14
0	0
0	0
0	0
0	0
0	0
0	0
0	0
3	821
0	0
0	553
0	3
1	1
0	0
0	0
0	20
0	0
0	0
0	0
0	0
69	570
0	9
46	0
0	0
0	0
0	18
311	0
26	0
35	32
0	5
0	25
1	4
189	49
10	357
3	0
13	61
34	99
2	22
69	0
0	0
0	0
2331	0
175	0
0	0
0	33
0	0
154	0
68	0
409	645
0	33
0	16
1	42
0	3
2	171
20	42
0	0
76	164
8	102
177	559
10	100
5	18
29	145
29	55
0	132
299	1
0	0
1453	30
145	21
24	11
0	0
682	476
48	0
503	0
94	14
767	87
10	1
0	0
0	0
10	240
532	0
465	89
21	0
23	157
11	0
28	7
4	0
235	88
54	7
17	53
0	0
70	0
0	1
76	141
219	3
0	3
0	0
3	17
0	0
0	23
0	0
0	0
688	346
1	136
282	27
18	45
5	21
0	76
0	0
5	0
23822	78
47	3
16	43
0	18
20	123
0	1
25	63
109	77
0	0
83	902
73	836
0	0
330	0
7	0
208	0
39	1
198	0
0	0
22	102
0	8
0	0
4	23
1	6
0	0
1	13
5	64
3	0
126	224
0	0
0	110
0	0
0	2
0	0
0	0
24	0
27	39
1	27
33	32
14	0
30	0
0	0
0	2
0	15
0	1
0	0
2	14
30	2
3	0
0	1
0	0
19954	9
0	0
0	0
0	0
0	16
0	0
5	0
0	0
0	0
0	0
0	17
30	0
213	36
393	1
0	10
38	109
62	0
10	9
0	0
9	33
4	137
94	323
276	137
260	1
118	172
86	0
3	0
350	3
23	4
0	0
1	648
0	0
0	2
0	0
8	0
0	0
64	66
2	11
0	36
39	0
1223	0
95	36
0	0
155	0
0	0
0	2
0	0
0	3
353	111
0	3
0	0
0	3
0	0
0	0
0	0
1	20
0	0
0	136
2563	0
0	0
6	1
1	81
0	0
3	59
0	0
0	0
0	2
1	38
6	0
731	0
0	10
0	2
109	2
1	0
12	0
78	0
22	17
16	0
25	0
6	0
1	0
22	10
3	0
1	0
471	0
5475	0
15706	19
362	24
49	494
110	40
6	28
0	15
0	0
0	0
0	6
38	0
104	0
157	38
0	0
1	12
0	1
24	29
0	128
0	21
10	142
0	2
4	233
0	0
0	18
69	457
0	196
0	1
7	68
0	45
13	0
24	0
38	0
91	0
371	8
58	973
99	493
510	0
542	2
64	15
83	32
67	212
49	0
48	0
255	0
207	29
64	0
0	0
10	0
0	0
30	0
0	0
2	0
12	815
6	129
17	1
0	0
43	24
15	3
11	0
4	0
8	0
4	17
59	0
141	273
16	81
788	334
0	0
0	0
29	0
13	8
5	21
47	0
59	0
0	2
586	0
0	0
50	990
59	37
251	0
0	0
3	96
2911	3359
79	0
53	144
6	15
0	0
71	226
5	120
109	0
228	0
1348	0
0	24
1	0
13	135
0	0
19	0
6	90
0	0
0	0
0	54
27	185
4	0
1	0
2	1
9	0
43	0
1	4
0	0
0	0
0	106
0	1
0	24
156	41
22	0
49	703
41	32
1	0
0	0
55	165
91	0
0	7
0	0
50	0
50	1
1	0
19	31
0	126
0	0
41	583
548	32
10	11
0	35
1	47
2	3
0	22
44	0
85	78
0	0
324	155
0	78
0	0
0	0
26	281
16	12
2	83
2	0
0	0
0	1
0	0
129	883
5	20
0	0
0	0
67	0
2278	2
12987	0
10	89
4	22
475	161
1	2
2	1
0	18
191	105
0	0
22	0
0	0
0	0
0	0
16	897
15	20
26	7
132	984
0	0
169	192
0	0
0	0
0	0
4	165
0	2
1617	0
83	35
0	0
14	110
0	0
29	43
3264	52
261	41
3	0
21	7
0	0
171	203
63	167
13	108
0	0
1	0
15	0
33	44
1	0
1	4
0	5
0	11
0	0
2	8
15	2
127	146
8	0
6	4
5	37
11788	7579
8068	16
659	0
0	0
0	0
71	61
31	1
1	0
363	9
119	6
0	48
21	210
2419	194
239	97
305	95
16	44
0	0
0	0
10	0
10	1
16	0
0	0
25	3
2	0
1	0
21	0
7	0
6	0
87	0
3	1036
0	0
907	0
105	0
10	0
4	0
47	45
144	320
0	0
0	0
0	1
1	30
0	0
0	0
10	178
2	7
0	0
0	0
0	0
0	0
0	0
50	50
230	451
228	0
80	0
5	0
42	1
1	165
0	0
0	0
406	29
2	10
14	0
44	0
197	0
0	0
226	0
1762	1
14	0
9898	2
2	69
6253	1266
0	0
11	0
58	6
3	111
0	0
0	0
1767	132
150	592
70	619
30	35
30	234
14	0
44	51
164	119
1	2
73	0
34	587
0	60
284	7
1	0
12	34
0	0
0	0
0	0
0	0
0	2
0	0
78	0
165	0
151	0
577	7
206	0
68	45
37	0
1	783
10	319
0	0
111	111
110	21
0	1
225	723
5	76
0	0
0	45
0	12
22	1406
0	4
0	33
0	0
7	0
4	212
0	181
1	181
2	14
3	1
50	28
4	8
5	1
554	758
42	33
60	146
0	3
51	73
0	0
682	303
66	1
321	50
0	0
9	0
1716	402
1	28
0	0
0	0
0	0
0	0
1785	143
134	2
167	141
55	37
3801	0
570	1
9	1465
0	0
0	0
0	0
0	0
4	29
0	657
42	10
0	0
0	2
0	0
0	0
0	0
0	0
0	1
0	0
0	11
3	7
4	0
132	49
2	33
10	0
306	0
30	0
0	0
104	0
0	0
9	2
0	0
2	0
386	1
1	11
87	168
13	0
92	966
2	1
41	14
0	6
0	6
10	10
2	0
0	0
0	0
0	0
0	0
0	0
0	0
0	0
0	120
0	0
64	35
54	0
1	13
0	10
126	549
14	87
36	25
1384	256
0	0
5	122
0	0
0	0
0	0
0	0
0	0
0	0
0	0
0	0
0	4
65	1
0	0
107	0
46	39
494	45
0	0
0	28
4888	1
156	137
18	84
17	1
0	0
166	814
0	82
22	2
0	0
6904	0
813	0
0	10
0	2
568	0
0	0
0	0
30	0
0	0
6	30
0	0
0	0
158	10
0	1
0	0
47	35
0	0
0	0
2	0
63	63
0	332
1	1
22	107
3	1
0	0
35	605
897	305
0	1
13	1
0	110
1	2
0	0
25	0
136156	13
192	1187
281	0
29	0
12	52
62	960
0	11
2	7
0	24
0	81
6	214
0	0
10	197
0	0
1	26
509	3
0	0
0	0
0	0
0	0
1	12
2708	29
34	1338
121	380
5	36
10	35
12	0
0	0
0	0
0	0
2	0
278	39
0	0
0	0
4	246
0	0
10	3
114	0
1030	1373
0	0
0	0
0	0
7	101
12	509
5	4
0	0
3	0
0	2
14	88
9	18
0	0
33	0
0	0
223	0
727	2
2	72
0	0
4	0
75	913
91	0
79	1
170	1
18	194
5	0
55	292
0	0
21	0
20	0
3	65
0	0
0	45
0	4
24	38
38	381
0	0
171	144
0	0
45	309
0	1
4	9
4	48
0	21
26	179
234	1
8	725
41	139
0	135
225	2
13	2
0	0
80	28
0	0
1	0
1	0
0	30
0	0
0	10
1	126
1	12
143	0
62	0
2	0
0	2
0	0
286	31
13	0
22	0
41	0
0	48
2	907
0	0
76	1857
9	0
0	95
0	2
3	4
802	850
0	0
13	31
1	144
0	0
76	0
67	64
0	3
37	93
15	38
4	3317
0	4
2	810
227	146
11	833
0	81
7	265
1	0
46	8
146	315
43	7
81	42
35050	0
14	2
0	0
28	6
11	26
67	0
47	128
183	20
4	2
40	943
582	926
117	0
60	0
0	2
0	0
56	353
5	2
45	105
120	0
0	2
45	138
356	195
3	1
0	0
0	322
0	0
0	0
3	0
16	0
918	0
0	0
572	752
0	10
27	74
0	0
0	1
120	3
33	0
111	307
0	0
73	14
0	0
4186	0
0	7
0	0
0	8
8	26
175	441
276	2
80	0
0	4
435	161
284	0
52	131
0	0
3	0
0	0
5	20
0	0
12	49
214	77
0	0
21	284
0	0
15	0
100	49
0	1
0	0
2	4
26	34
9	5
6	5
301	20
22	70
3	46
0	0
62	145
241	30
0	0
10	944
0	0
0	0
0	0
0	0
3	18
3	4
9	124
343	107
66	0
279	0
130	7
395	131
118	0
13	9
0	1
48	177
97	273
0	0
0	0
190	86
0	0
42	56
236	76
0	3
145	138
56	0
191	243
0	0
926	646
0	0
0	21
0	0
0	1
506	1
0	0
32	18
43	504
0	12
5	101
217	0
20	20
790	81
970	0
199	0
217	0
1	7
21443	1
40	524
0	1
0	1
0	0
714	0
264	0
59	0
72	33
2	2
2	162
0	2
1	16
0	0
0	2
210	5
0	0
0	0
0	0
417	0
0	0
317	5
121	173
540	56
3	149
87	14
0	139
6	168
2	0
4	167
0	0
28	1
176	2
199	0
1	0
123	651
0	46
581	31
111	0
54	822
72	2
0	25
43	2
2283	0
68	9
24	10
342	264
0	7
0	0
4658	33
79	49
4	178
10	18
0	993
2854	46
2	0
0	870
33	35
14	28
2	99
7	43
1	25
244	45
0	1
1	8
30	41
22	7
590	216
152	161
8	290
0	0
39	348
51	317
127	50
0	0
0	0
0	0
36	12
0	0
4	32
2	0
0	1
0	0
1	0
1674	0
55	39
11	0
1683	210
0	0
0	12
12	0
103	55
44	78
5	74
0	17
217	256
180	0
149	85
14	1
169	394
1	0
252	20
36	151
0	0
90	0
93	0
244	25
1274	0
158	0
77	0
166	363
74	0
954	125
2	0
0	0
3	0
3	1
0	0
0	0
0	0
81	0
684	8
338	82
15	2
6	42
0	0
181	213
8	490
3	0
0	0
1	18
0	0
0	1
25	941
0	24
0	0
0	0
28	158
91	0
0	23
562	10990
0	0
76	0
111	0
0	0
0	0
292	18
2	0
0	0
1242	123
0	15
0	0
7	0
18	191
9	99
258	27
129	5
1380	92
0	0
0	14
0	0
0	0
0	0
333	548
0	0
10	15
65	1
0	0
22	59
0	1
0	0
5028	0
1170	0
1	0
1	0
7	0
82	1199
0	53
386	0
56	26
0	1
131	138
0	0
157	0
5	143
0	26
202	241
4	25
0	0
37	39
8	0
669	93
142	0
0	0
0	0
54	15
42	0
265	0
46	169
0	0
0	913
0	29
0	1
67	41
0	0
55	1
87	171
280	26
47	104
6	29
0	11
21	141
2	429
6	38
31	0
70	0
15	12
3500	48
90	17
39	130
9	13
1	230
27	925
12	61
10	0
3	3
0	0
3	112
1024	415
2	52
4	400
385	203
103	148
41	0
21	0
4	0
109	0
0	0
6	49
66	0
27	3
3393	0
32	0
46	0
11	1
34	63
0	0
181	0
1	4
11	28
0	14
0	0
86	13
0	92
0	0
0	0
2	0
0	0
111	18
208	0
1	0
22	309
924	38
0	0
0	0
1	1
0	0
24	363
0	0
1	115
191	1
35	1
153	1211
3	244
0	13
0	0
12	0
445	27
0	24
160	192
4	147
520	348
93	47
79	26
2	114
0	0
0	0
30	41
61	30
0	14
0	18
16	4
125	0
5	0
21	9
76	950
150	184
1660	34
17	7
44	0
208	32
11	578
70	0
0	53
227	0
138	174
104	1339
0	79
4	82
1425	0
55	46
408	31
67	12
13779	6
8	131
41	0
59	201
16	4
12	68
250	0
0	1
0	0
0	0
120	0
2	338
5	21
105	144
34	450
0	0
16	0
0	6
9	13
77	87
1164	10
247	540
409	0
199	18
0	0
42	2
0	0
0	7
0	0
0	0
2	0
0	0
24	53
0	3
0	0
37	55
3	0
160	640
1	0
130	37
123	0
12	0
162	0
0	4
15	659
431	22
61	124
2	41
51	7
2	57
46	92
18	0
234	0
115	270
169	0
57	0
1155	0
3	194
6	228
4	3
385	39
56	59
0	0
1	24
448	20
1	5
7	59
178	0
11975	1
269	431
0	119
0	5
15	0
0	0
0	0
3	36
0	0
1	0
2	0
0	1
2	0
27	0
0	14
3	0
95	0
6	44
8	91
0	0
0	418
18	55
4	0
32	0
11	48
69	6
0	133
56	569
95	192
10	0
264	192
7	931
6999	0
447	0
4	0
4170	122
223	0
559	41
22	0
411	50
3	1
763	2
0	0
0	0
0	0
0	0
0	4
8	18
23	823
0	1
0	0
0	0
1	0
0	0
19	0
0	14
0	25
6	55
0	0
7	379
11	16
73	7
0	0
4	19
112	407
253	415
0	0
5	0
4	11
0	0
2	4
1	131
4	0
101	446
0	0
0	0
0	0
1	21
2	0
1	0
2	44
0	0
0	0
0	0
0	0
0	6
8	114
1	6
1	0
0	0
0	0
0	0
0	0
0	6
0	3
29	0
5	263
149	0
60	59
56	4
1534	1
13	179
0	0
0	0
0	0
0	49
0	0
0	0
0	0
115	34
0	0
0	0
4	0
0	97
18	27
0	46
192	15
253	0
13	0
118	3
163	41
507	236
1	302
37	2
134	534
49	0
949	8
110	0
0	25
0	0
63	1510
2	164
8	4
0	117
372	0
706	0
187	15
214	0
405	47
1866	115
0	0
0	0
2	0
107	0
11	0
0	14
1	0
212	14
8	73
6	941
20	139
62	2
0	0
17	0
3748	26
0	0
431	8
4254	42
1619	178
6	48
94	2
21	0
22	1318
65	0
0	0
0	0
0	0
71	57
84	0
26	0
1	285
0	1
659	0
68	7
4	16
91	454
3625	0
29	499
1	0
8	218
92	542
18	0
158	0
40	0
0	6
3	1
3	29
960	830
20	446
36	226
17	0
139	480
128	1
27	0
11	840
0	1
0	0
0	0
1	13
0	0
0	0
0	0
0	0
0	0
0	0
133	276
3	57
0	0
0	0
0	0
0	0
0	0
1	22
0	0
3	0
0	8
0	4
0	0
0	657
0	31
0	0
9	0
680	0
11	876
2	205
524	11
148	1109
0	0
51	0
27	0
49	0
233	0
21	495
147	0
808	0
1889	0
17	0
2	34
0	27
0	0
8	0
50	19
9	177
0	0
1	53
0	0
0	9
689	79
61	0
27	0
28	0
297	509
5	48
51	275
230	539
432	34
1	51
0	89
1	2
43	0
152	0
364	0
27	0
30	239
2	198
10	19
5	154
0	0
80	26
0	27
58	4
554	0
54	95
1069	716
88	222
137	173
1	3
0	0
17	0
83	64
21	5
10	119
120	0
354	127
3	0
0	0
3	35
1185	2
0	7
55	2035
20	18
1	63
3	12
169	85
0	0
2008	0
1097	0
1426	18
1949	0
0	0
0	0
0	0
0	0
0	32
162	0
23	36
17122	3948
0	0
55	1279
0	3
41	0
12	97
0	16
0	7
0	0
499	810
88	27
4	0
29	94
0	0
0	0
0	0
0	9
0	0
1	0
1	1031
270	23
2	267
68	380
0	0
1	6
0	11
15	192
122	38
14	823
1	28
0	22
65	141
7	2
0	1
0	0
20	0
21	0
431	5
112	2606
21	3
25	3
2	0
10	10
11	48
0	0
1	46
0	0
0	37
0	0
0	0
0	0
0	0
0	0
0	22
2	73
54	16
31	0
31	0
38	89
0	2
202	194
18	27
0	0
0	0
3	0
0	0
0	0
66	167
0	0
0	0
0	0
63	0
39	0
147	3
40	0
146	3
128	1230
3	18
9	23
0	31
7	17
110	87
0	0
0	6
3	0
0	21
0	865
0	0
0	0
119	3
82	0
157	0
919	0
8345	1
2287	1759
0	0
14	0
72	0
0	0
1	0
0	0
0	0
33	0
1	0
1	5
8	63
0	0
1	46
531	796
27	0
950	103
279	171
51	15
20	60
18	272
12	10
7	62
1	16
0	0
50	0
227	0
10	87
0	0
60	0
12	169
59	45
0	0
3	5
0	0
0	3
1	0
5	0
13	0
0	135
229	114
12	63
79	144
0	49
0	0
1	0
183	841
486	13
0	0
134	0
37	0
829	0
312	0
0	6
1	0
0	11
0	0
0	0
0	0
0	0
254	50
21119	1
0	0
0	0
0	0
3	4
0	0
173	4
0	76
1	9
1	0
0	0
6	1589
115	1938
0	4
5	666
11	168
1	11
355	0
1	42
777	0
35	11
0	0
238	83
0	0
0	0
0	0
9	16
0	0
18	126
0	1
1275	0
80	273
105	24
35	1
105	73
75	55
57	19
55	48
48	35
3	8
37	11
0	29
28	68
44	8
31	80
0	0
0	0
0	20
0	0
0	0
0	0
0	0
66	45
8	0
0	0
1	0
0	0
0	0
0	0
0	41
0	0
0	0
0	0
10	10
0	148
957	5
0	61
54	0
0	0
0	0
0	0
4	1
0	139
279	19
44	0
14	345
0	0
0	0
4	124
0	0
310	19
4	51
129	0
2	0
0	29
1199	92
0	45
139	3
251	20
13	1
0	0
2	6
0	0
0	0
0	0
0	3
103	0
47	3
0	166
0	0
1	0
1	7
45	0
30	0
829	0
77	0
0	1
128	601
6	0
0	0
0	6
0	0
4	39
0	0
0	8
0	0
1	22
0	113
19	310
0	6
1	0
0	0
0	22
19	103
4	0
61	0
3	10
0	0
1	41
293	0
0	180
73	454
0	1
0	0
12	25
8	188
108	11
695	11
27	127
293	16
51	0
149	511
3	0
0	0
4	2137
0	26
0	91
48	0
262	0
64	13
259	52
108	204
47	38
457	745
21	3
230	0
10	0
0	0
129	913
1	70
51	2239
58	117
232	0
62	129
439	0
41	0
1	6
97	0
0	0
0	0
0	2
0	0
0	0
3	98
0	0
8	11
0	0
0	0
0	2
18	0
183	75
3	0
11	57
6	0
0	0
1	916
0	0
0	28
1	0
0	0
6	0
0	0
0	2
0	0
0	0
0	0
0	0
1	0
0	0
14	47
446	0
4	113
16	94
880	3
2637	26
0	0
45	271
5	117
8	185
8	1170
209	23
10	632
0	2
367	27
0	80
4259	195
4300	1
0	211
264	372
0	0
22	55
113	231
17	12
0	31
4728	1970
20	0
12	43
0	0
0	0
69	0
0	14
25	37
204	0
5	1
14	30
63	0
85	81
118	245
7	894
27	6
296	0
0	0
685	0
133	122
0	4
0	0
56	32
0	6
0	15
33	0
20	0
1681	1
116	0
6	0
79	0
4	0
0	0
40	101
0	4
7	8
0	0
1	20
64	502
267	0
5	0
51	22
30	18
24	132
14	0
1	0
0	4
11	0
0	0
227	86
204	64
15	0
8	273
0	0
0	0
0	0
18	0
46	246
2	0
0	0
539	13
0	0
85	15
210	35
0	0
0	1
0	0
0	0
0	0
0	0
0	20
0	0
0	28
0	0
0	0
0	0
0	0
0	0
286	42
47	7
157	94
0	0
178	185
76	0
0	8
35	0
34	655
114	351
4	112
142	15
37	11
45	10
12	128
535	45
0	0
40	0
5	816
4	429
145	79
17	8
63	85
9	0
10	0
36	0
0	0
308	1
51	4
276	43
28	72
0	0
0	0
40	51
21	0
185	119
189	1
13	0
114	9
7	39
64	22
12	645
0	1
0	5
2	15
7	25
229	235
1	0
0	0
31	0
0	0
0	0
0	0
0	0
0	0
0	0
0	0
3	0
0	16
23	0
21	0
0	0
0	0
1	0
0	7
0	0
0	0
0	0
0	0
7	0
0	0
146	326
0	0
0	0
1	111
1	0
6	8
0	0
64	10
401	0
27	0
11	7
305	1345
0	0
0	22
4	0
20	4
1588	2
800	743
326	0
2421	0
13	236
162	3
0	0
22	49
4	687
0	0
21	2
29	140
0	0
1	0
0	0
0	1
0	0
0	0
4	68
72	0
0	0
0	0
7	96
0	181
0	0
0	0
124	13
5	490
2	0
6	13
0	0
9	2
3	0
0	0
1	0
0	0
0	1
25	0
0	0
291	0
885	18
1	0
391	20
4	8
0	11
859	38
11	328
11	328
0	0
0	11
0	0
29	4
0	0
0	0
14	30
3	0
239	657
0	19
16	0
0	4
35	6
68	0
0	0
0	0
0	0
55	0
0	0
2	0
34	0
205	25
0	8
3	36
222	0
30	473
0	420
65	405
0	1
0	0
0	79
3193	1963
56	0
150	0
6	203
107	1
0	0
1	0
0	2
4	1
0	0
65	0
83	0
1	0
133	0
26	0
238	104
63	108
12	9
37	47
7	1043
1	2
16	25
97	707
195	16
13	31
5	513
24	0
3	99
24	21
356	827
50	24
221	41
1	0
2	0
0	0
0	0
24	0
196	105
3	0
0	29
139	0
84	5
93	36
65	848
56	289
385	148
109	0
2	125
54	206
0	1279
4	0
67	240
6	83
0	13
0	0
0	141
0	0
1	466
22	444
0	0
0	1
0	0
149	61
13	93
68	674
293	44
55	31
8	0
1207	3
0	0
0	0
893	374
18	64
5	15
0	67
10	181
0	0
0	0
5	74
0	0
1	12
0	0
9	0
0	0
1	0
190	96
7	0
2656	69
110	26
55	0
0	0
0	0
0	0
0	36
115	1514
19	7
69	75
3284	72
188	0
0	75
0	21
0	1
0	3
53	8
0	42
10	18
0	0
54	60
0	0
0	0
0	0
0	26
0	0
0	0
20	43
199	0
287	0
0	0
96	147
0	0
0	0
12	69
0	20
5	149
1054	1
2	8
0	0
5	0
0	4
0	0
0	0
0	0
0	0
1	0
27	23
0	0
0	0
0	9
0	24
0	1833
20	46
0	17
6	29
0	0
348	87
134	36
0	0
2	0
172	132
28	114
146	21
0	0
0	16
0	0
0	0
0	0
27	855
0	210
2603	134
2867	145
539	11
45	0
0	0
0	1
0	22
0	15
0	0
0	0
56	6
10	333
61	157
15	0
84	61
26	215
0	12
0	0
1	18
0	0
0	0
661	0
0	0
12	413
0	1
2	0
817	0
162	15
0	0
0	0
16	0
0	0
207	27
0	5
0	0
0	0
6	857
1630	98
5	66
33	79
0	0
0	0
0	0
273	51
142	133
0	0
89	21
145	47
0	12
0	0
0	0
0	0
35	1366
9	51
497	50
80	74
0	0
0	5
176	7
17	0
21	0
12	0
0	0
253	14
197	0
4461	864
17	474
0	0
9	13
0	0
402	120
99	109
3	1783
2	91
0	0
24	501
214	319
46	21
0	0
195	56
21	0
72	0
568	1616
0	0
0	0
21	0
3	0
17	16
11224	0
10	115
160	0
489	0
0	21
0	17
0	8
25	30
0	2
38	1
11242	14
0	1
0	0
0	0
73	10
169	19
85	0
35	0
24	0
102	8
11	5
0	31
0	0
0	0
0	0
0	16
1	0
7	277
3	15
4	28
0	0
1	3
310	34
921	0
0	0
19	9
28	4
540	0
6	2
16	0
7	7
4	4
6	342
0	1
2	1
35	7
0	241
44	142
5	33
20	178
774	331
34	33
0	0
0	0
0	0
0	1
54	13
0	0
0	0
0	0
9	0
0	0
281	931
176	0
30	17
0	0
10	114
85810	3
0	978
0	247
0	4
5	99
4	6
0	0
0	44
103	0
18	21
0	0
5	65
1	0
11	58
0	0
0	0
0	0
0	0
1	168
1	0
1	3
5	6
13	20
0	4
7	1187
2	4
0	0
3	124
1	2
2	74
0	0
180	16
95	237
71	112
15	0
351	186
161	670
22	0
123	0
58	231
0	0
0	0
55	2
0	0
202	248
0	79
32	0
0	0
96	24
65	1
0	0
10	146
0	0
0	12
34	18
0	0
2	13
0	17
1	518
169	223
5	81
4925	2
0	0
9	0
9	0
18	6
2	1
13	7
45	0
108	0
55	93
8	0
8247	531
147	194
58	159
76	27
0	28
1342	589
117	0
0	16
1	7
0	660
0	724
0	0
0	85
0	5
0	5
0	28
1	1
8	429
287	0
352	0
267	0
0	4
979	0
10	55
0	1
14	8
40	91
143	406
2	26
0	2
45	189
5	131
2	294
0	3
85	0
32	126
21	12
0	7
1	0
0	0
4	6
2	3
0	0
1	0
0	711
7	9
17	49
47	55
39	0
0	1
218	0
373	77
106	19
252	208
4	0
0	6
7	0
306	0
16	0
42	7
0	0
1	1
0	132
1	0
121	76
46	17
286	441
0	15
0	0
58	56
0	127
0	0
1	5
0	7
0	1
4	0
150	117
8	8
11	120
9	80
0	0
2	0
0	0
71	80
16	0
199	0
57	84
84	0
0	10
0	0
0	0
458	197
10	46
8	11
160	123
0	0
37	914
0	13
0	0
0	0
3	498
0	0
0	0
0	0
10	3
24	178
100	107
0	3
401	19
147	544
0	0
4	4
754	22
182	0
12	0
3	9
0	0
1	0
0	9
13	2673
2	1057
1	4
4	25
0	2
0	0
0	5
0	7
0	0
2	82
11	0
114	0
137	0
0	95
0	0
1	7
0	0
117	1038
0	0
0	0
375	70
32	45
0	8
1257	0
0	42
3	127
0	145
0	4
0	9
13	0
140	0
346	146
0	3
38	0
478	19
0	0
23	3
8	258
2	66
93	0
0	4
39	679
1204	1038
2490	23
206	26
8	1069
310	2
109	2
19	76
2	0
52	52
0	4
0	0
61	0
6934	0
376	0
547	83
4	140
1	0
23	0
2	25
4	73
128	146
0	0
70	0
21309	1
0	0
0	19
47	29
0	0
5	8
10	0
0	0
86	0
0	0
1	0
94	1406
60	97
104	0
772	952
48	1
118	0
64	0
93	116
1068	416
3	0
0	0
6	17
4	476
36	141
10	0
1	7
5	26
4	45
107	6
520	91
72	0
118	0
0	0
1426	94
141	538
11	1
0	18
0	0
7	10
33	0
50	0
0	0
101	54
58	747
1329	0
1717	169
62	60
0	0
0	0
0	0
0	25
3856	34
25	24
0	713
9	20
0	4
0	0
667	154
0	307
0	0
260	259
484	0
33	0
35	0
285	0
102	2
614	21
12	0
121	505
5	9
0	0
0	0
23	2
1570	220
276	165
278	0
0	11
8	6
0	0
2	0
6228	26
0	0
0	0
0	1
0	0
0	1
154	172
3	20
0	0
71	1
83	57
311	121
78	3
6	43
109	0
34	108
6	0
0	0
86	143
16	0
0	4
34	53
686	90
0	39
18	84
423	60
515	0
4	742
0	0
0	5
0	36
0	10
6	117
21	0
0	0
86	598
140	1
40	160
74	0
0	0
0	0
6	0
0	0
113	0
0	0
0	0
0	0
0	0
0	0
5	2
14	1
22	124
0	24
28	24
10	6
3	65
14	2
0	4
0	0
0	0
0	0
0	0
0	2
286	334
0	39
4	166
852	0
0	8
0	86
48	1
0	0
204	207
0	0
72	374
46	0
60	0
20	58
3	75
287	27
0	0
0	0
6	219
615	1
0	0
128	40
1	49
0	0
78	33
98	53
0	188
0	0
1	54
0	0
0	0
785	2
15	20
6	0
0	0
6	0
18	20
1	0
0	0
24	60
214	166
18	26
0	17
66	0
0	6
174	0
0	0
0	2
67	117
7	5
0	2
197	35
88	1
8	534
0	0
2	794
1	32
0	81
0	0
1	4919
0	0
0	0
0	0
96	0
0	0
55	0
60	26
170	0
0	254
4	0
1	0
0	0
195	0
3	1057
653	1
0	0
1	3
0	0
0	0
0	4
0	0
2	109
914	141
54	0
701	64
0	16
1	0
0	0
0	0
141	0
0	0
0	7
0	0
0	13
0	1
140	657
2	28
0	0
11	1
257	0
546	827
0	0
4	7
9	941
0	1167
0	0
5	0
0	0
0	0
0	6
2	0
155	66
439	0
90	194
312	0
77	412
108	0
22	209
239	1050
26	0
362	66
69	0
155	0
310	97
0	0
0	10
0	4
0	0
68	0
0	0
209	0
4407	685
106	184
132	1
0	16
54	1168
0	12
5	4
31	23
14	36
8	499
12	41
0	0
0	0
27	29
161	0
163	268
655	0
0	0
162	0
9	83
183	187
48	0
17	0
0	15
0	0
0	0
39	0
28	42
0	0
0	0
0	19
0	10
0	2
267	0
4	343
0	11
0	2
0	3
148	1128
0	0
5	54
0	16
0	0
0	0
0	0
0	9
0	0
0	0
0	0
17	6
0	0
0	0
0	0
245	209
4	46
467	0
0	0
51	929
14	210
1012	152
19	0
1	386
7	0
1	0
4433	11
11	72
0	0
1	0
19	130
0	3
103	54
80	138
103	0
26	0
0	0
0	0
22	34
0	0
34	317
52	74
150	0
210	184
29	0
0	0
106	18
2	0
25	23
216	9
1042	0
154	214
2047	25
2	3
24	16
2	0
0	0
1	0
0	0
0	0
0	1
5	0
0	0
11	0
1	40
0	0
0	9
206	42
6	0
2	106
0	0
98	0
2	6
9	23
25	173
149	0
12	7
8	156
0	0
0	0
1797	0
7680	0
0	8
0	148
19	1
2	80
3	0
545	570
0	0
0	128
0	10
0	0
1	0
0	0
2	11
218	0
0	0
0	0
6	13
0	0
0	0
42	25
0	0
0	0
1	1
83	239
0	1
0	0
0	0
0	0
11	0
0	0
0	0
5	0
0	0
0	0
0	0
0	0
0	0
0	0
0	0
0	0
73	147
24	0
0	0
54	97
0	138
9	9
2	91
0	8
0	0
5	646
9	242
20	27
6	346
71	0
96	70
15	19
8	17
7	55
21	681
5	7
0	0
82	0
50	0
30	12
51	7
99	0
63	597
2	0
0	7
15	0
721	134
0	17
20	88
569	265
11	182
39	219
13	0
0	0
0	0
14	81
32	229
3	0
230	20
57	24
351	7
124	0
4	204
14	21
0	2
1	32
392	146
111	75
0	1
60	273
328	12
26	0
0	1
0	21
929	1201
0	0
3	0
2	0
0	0
0	0
0	0
23	12
2	1
67	42
1	0
74	4
2	44
0	0
0	0
7	0
13	0
71	157
157	2
0	0
0	0
0	1
0	0
122	121
9	8
0	0
18	0
83	1082
792	1
1003	80
128	4
240	0
65	161
0	0
2	0
0	0
0	0
0	51
0	0
1	0
46	328
60	153
0	0
0	40
0	0
38	0
141	1003
1	60
0	176
1	30
0	0
0	0
0	0
171	0
0	0
0	0
0	0
0	0
17	248
0	0
44	0
88	0
0	0
6	0
0	1
1	29
0	0
96	269
0	1
0	269
12	275
0	0
0	0
0	0
0	0
0	0
2	0
11	5
45	135
9025	10
32	2
3	0
65	29
4	153
0	0
16	0
3	0
41	104
546	147
374	98
300	12
0	163
88	0
550	13
40	3
0	0
5	78
646	1
63	0
27	794
0	766
0	0
159	0
16	204
1	64
6	43
6	3
215	0
13	251
0	25
0	2
1	23
0	109
959	87
0	0
0	0
1	0
14	0
0	0
193	0
4	0
24	29
498	1
90	345
0	0
0	0
0	0
0	0
0	0
0	111
0	3
0	119
545	239
1656	170
1	0
0	7
98	0
74	19
391	50
181	0
28	461
22	12
0	0
0	183
120	934
96	39
1	137
13052	2
0	17
673	583
1	3
1	23
0	0
0	0
0	0
0	0
0	0
11	210
0	0
0	0
18	24
240	138
127	74
0	0
0	34
0	0
0	3
115	0
0	8
65	0
221	610
0	0
0	0
21	0
776	23
11	18
50	0
444	531
7	632
20	11
379	0
587	0
1013	0
194	0
105	4
92	94
12	395
174	4
382	78
0	0
16	0
0	17
0	0
0	0
57	343
2	5
2	5
0	0
1521	2
0	0
0	0
48	0
238	0
0	5
15	2064
0	12
8	0
0	0
0	0
0	0
0	21
0	0
0	0
21	0
0	39
0	0
6	1
18	290
26	91
6	28
5	12
0	3
2	43
2	0
45	13
4	0
61	0
0	0
170	15
205	375
0	0
0	286
177	141
0	0
3024	0
937	172
20	35
143	0
129	0
179	1
13	0
459	0
215	715
86	0
2	0
1	0
47	85
0	67
0	0
178	393
0	181
14	411
6	1272
0	3
55	0
0	11
99	0
288	1
0	22
0	0
119	225
0	9
0	28
2	9
11	11
14	70
3	92
7	0
0	0
18	10
4	18
78	1208
0	1
0	12
215	403
134	109
4	74
0	46
0	14
2	0
5	368
71	0
146	252
14	0
6	0
38	0
365	4
4	0
137	77
189	0
298	388
163	0
100	64
303	24
18	5
34	70
16	11
1	0
12	91
103	34
55	146
0	0
0	20
0	0
0	0
0	1
77	921
183	0
139	1519
1	151
4	0
31	0
0	1
0	0
0	7
95	89
0	0
2	166
54	31
13	0
143	0
300	0
109	0
67	5
261	0
6	26
3326	2
2851	0
40409	5
3170	0
36	0
2	1044
61	3
11	30
0	0
5	0
26	6
22871	0
1031	45
2	0
0	0
11	175
0	0
0	1
0	0
0	0
36	27
19	1549
33	114
0	0
101	23
2	3
0	0
0	0
0	0
44	54
0	0
14	663
548	283
22	0
38	2
57	0
89	499
0	0
88	387
43	18
13	244
61	70
453	43
2	3
1	0
14	68
130	455
150	132
466	143
0	3
0	0
0	14
0	19
26	214
0	22
0	1
0	6
0	0
0	177
11	62
0	11
0	3
90	18
0	0
0	0
0	0
0	8
0	8
0	0
0	8
10	0
8	0
61	14
0	0
0	0
0	4
2	2
0	24
374	0
68	0
14	0
16	3
106	0
19	241
20	2
4	1198
17	76
25	4
0	64
534	413
0	0
0	0
0	0
0	0
0	0
0	114
458	0
10	347
0	0
20334	51
7	0
2	62
33	0
9	66
0	0
0	0
1472	254
1121	0
21	43
7	0
0	2
146	0
6	17
340	123
0	5
0	0
38	0
94	139
7	63
5	20
0	0
238	0
3	161
1	41
0	0
0	80
0	3
0	17
8	4
13	0
10	32
289	290
0	108
1	0
8	106
0	0
0	0
10	85
0	0
0	20
0	0
47	665
0	0
4	34
5	0
0	18
2	0
195	13
0	1
1	106
0	0
1	120
519	1
19	1
0	0
58	3
90	668
65	57
3	25
0	0
1344	0
48	0
303	21
1746	10
0	0
64	15
29	33
0	0
0	0
6	148
0	0
0	0
0	113
226	0
56	5
1	5
5	41
52	29
5	41
0	0
0	0
0	0
0	0
38	22
9	66
11	4
0	202
519	70
2	36
27	0
0	0
1	0
1	4
0	0
5	105
2	5
12	1443
0	4
0	0
0	18
0	0
7	1
0	0
0	0
0	0
6	0
4	66
8	0
310	47
0	0
91	0
62	102
4	0
0	0
81	42
1568	24
0	0
205	6
822	1
488	0
238	137
0	0
18	71
0	0
20016	1
10	533
0	0
0	56
14	11
493	35
138	75
0	0
207	1
0	0
2	148
9	71
0	0
8	1
875	195
50	0
281	0
92	238
4	66
142	77
9	54
3	22
14	95
4	150
100	0
166	59
50	0
9464	0
923	0
51	2
195	24
230	0
392	19
3	1013
2	19
602	15
0	0
164	0
134	0
142	0
377	0
834	39
785	0
0	0
0	0
0	0
6	39
13	70
1962	18
1	1
398	0
40	0
29	0
134	6
66	0
6723	6
4	196
7	391
5	82
37	0
27	0
141	69
737	0
70	0
70	102
118	0
5	168
4	17
247	8
54	215
17	490
1957	0
36	139
236	0
2	0
7	72
32	76
31	57
0	0
0	0
0	16
203	174
126	177
2	12
594	0
0	0
20	21
163	38
30	0
27	6
0	0
0	0
0	0
0	0
0	8
887	0
432	959
33	0
41	0
100	0
230	0
69	0
7	9
77	83
1	5
2	263
1328	418
0	0
0	6
16	369
2	1067
31	555
107	0
18	20
161	0
159	0
138	0
49	36
0	395
0	0
16	48
9	869
2	0
46	0
11	13
0	28
13	657
0	0
65	112
0	556
2	21
0	0
0	0
12	0
0	28
0	0
34	997
9	207
47	2
14	12
134	276
15	19
108	51
1	61
3	1
7	37
17	342
0	0
128	0
23	43
280	23
25	268
3	1
0	10
3	188
29	839
7673	2
7	2
8	63
4	95
33	5
0	0
0	12
0	1
46	0
2	0
0	0
7	22
2	0
0	0
1008	0
0	0
0	4
58	804
123	61
1	23
0	0
119	0
130	3658
0	0
2	103
13	28
3	1
29	55
346	0
2	17
51	0
116	8
85	0
3	0
125	2
0	16
75	126
0	0
9	62
6	31
2	462
1	0
128	52
0	32
0	0
1	0
0	1
8	15
0	2
0	27
1800	587
22	2
24	0
10	1
131	0
0	0
32	1
58	0
0	0
18	0
66	0
171	1158
61	9
15	0
0	75
0	0
0	6
88	43
74	429
0	0
300	6
1	0
100	15
1	102
1	65
3	113
36	26
18686	5389
11056	4840
35	204
125	170
32	3
2	110
151	2
9	2
0	45
16	0
291	34
0	15
0	0
38	8
1	0
61	291
97	252
31	0
0	0
4	1083
767	127
308	72
175	0
506	298
49	34
0	0
3843	9
9	83
63	0
16	0
0	0
2	0
8605	21
0	0
0	0
0	16
2	75
61	110
0	0
0	0
0	0
0	0
7	26
81	613
15	0
12	0
455	0
178	9
34	0
28	28
8	0
2	0
11	2
880	0
411	1007
2893	1007
766	0
1	0
53	0
70	0
13574	0
6	0
112	0
174	0
133	0
0	12
0	0
0	0
0	0
18	131
0	0
0	0
0	1
94	1
7	141
0	7
0	0
0	7
17	211
1	7
9	713
0	0
3	628
19	0
19	108
73	5
0	21
0	1
2	0
0	0
5	0
5	35
187	446
0	1
0	1
280	199
43	16
236	98
908	40
1	12
92	2157
2	815
0	7
0	0
0	24
1	4
5	0
74	0
310	85
1	12
321	56
2	0
23	1
0	0
0	0
0	2
9	1
1	781
345	522
71	55
102	1
0	4
123	698
95	86
2420	562
48	265
818	2009
97	1043
2888	0
16	80
122	19
0	4
0	0
1	167
2	48
142	263
0	0
0	0
0	0
0	0
0	0
0	0
0	2
0	0
4	15
0	0
0	450
0	0
0	0
26	0
981	0
17	0
61	0
17	192
26	0
10	131
0	109
286	0
8	0
7140	61
142	283
10	0
4	985
25	230
242	1
35	0
12	369
47	18
29	47
11	23
13	0
2	0
1	43
0	1
0	0
0	1
452	15
16	2
107	118
4	49
67	311
363	11
19	4
44	17
33	0
52	0
12	13
1412	193
1	11
110	0
0	0
0	0
1951	6
1203	1
6	67
44	0
58	134
73	280
146	1413
41	72
28	4
0	10
39	6
14	24
7	0
716	21
0	0
0	0
14	128
0	16
2138	0
1588	312
365	44
48	130
51	0
2144	0
8	82
314	438
7	0
156	0
31	0
43	0
0	0
54	19
0	17
0	11
6	104
4	290
1	70
2	0
0	198
0	0
0	5
15	0
3	0
21	958
0	179
0	41
316	4
66	0
1578	2
11	49
9	299
0	0
1	0
0	17
0	0
1	0
0	1
0	0
27	63
81	4
0	0
172	0
0	0
8	0
26	0
0	1
0	0
0	0
1	4
1	0
8	0
0	4
0	6
0	9
11	0
1	0
0	0
5	101
1	15
1	88
3	182
0	88
1	1
0	2
778	0
50	203
0	0
1	127
5	77
171	264
0	1
27	0
1	3
6	0
27	0
107	41
1	11
9	115
0	0
0	0
0	0
40	0
84	0
668	128
0	0
22	0
0	0
29	78
0	12
2	91
11	99
154	0
34	97
1	1
0	0
0	0
12	5
0	951
0	0
21	9
2	0
149	27
0	0
8	1081
176	0
919	0
0	1
9	0
1	50
462	80
158	4
66	0
3	28
56	95
168	193
176	0
0	2
0	19
38	58
1205	1
4	0
0	0
0	0
18	0
10	0
0	0
377	0
391	2238
0	0
205	0
6	0
0	0
0	0
232	127
0	0
25	1199
68	0
34	0
2303	74
0	15
0	1
0	32
31	14
16	65
11	774
57	61
43	9
14	3
38	0
27	0
1	0
0	0
0	0
1	0
72	0
6	0
1	0
0	7
31	64
0	0
5	0
29	0
0	0
3300	9
272	26
425	99
25	18
1	28
60	0
4	0
218	86
587	0
71	89
0	0
2	8
5	19
8	155
40	42
0	1
0	87
0	560
0	0
0	0
0	198
3	11
4	938
43	98
1527	0
227	0
84	595
11	12
116	0
5	0
1781	0
36	82
246	172
4	522
3	105
60	48
0	0
5699	0
10	0
12	109
0	0
6	1
0	19
1	21
0	7
0	0
24	60
126	291
110	438
13	0
70	18
204	0
264	0
1	63
1	0
1	2
0	0
16	6
0	0
0	0
1	1
0	21
9	0
74	2
5	157
0	0
108	0
0	48
23	39
2	0
1	0
1	0
0	1
16	118
0	0
0	3
0	1
0	0
66	1
1	7
1	0
23	0
31	0
0	0
79	0
0	15
50	326
19	0
40	103
57	0
1360	0
235	10
4	132
2705	16
0	0
4	0
0	0
0	0
42	0
0	0
0	0
0	0
0	0
4	7
72	36
280	35
89	257
333	0
0	0
301	419
113	36
67	158
227	0
49	0
422	493
22	0
33	0
29	0
68	115
0	0
29	3
487	0
49	0
1	0
1	9
1	860
1083	305
5	303
20	39
45	296
37	171
45	78
49	0
10	3
7	1219
3	0
0	1
0	0
0	0
6	18
1	72
0	0
0	0
2	0
0	0
62	10
13	3
112	13
71	0
405	162
41	0
9	0
80	65
1	0
74	0
36	0
121	3
465	21
29	455
5	0
284	0
1369	477
64	87
184	7
91	590
0	0
1199	0
2	26
24	41
44	97
2753	115
11	21
75	401
0	54
248	28
56	24
16	116
175	0
5	47
3	65
13	213
0	0
5	55
0	0
0	0
0	9
5	111
4	25
0	1
0	24
3	33
0	11
0	8
6	398
66	357
10	431
37	186
7	424
0	0
0	0
0	0
0	0
0	0
0	0
0	0
0	0
0	0
5	59
0	0
0	0
0	0
1	0
0	0
0	0
0	0
5	23
42	45
19	0
42	52
308	0
259	9
5	47
1	0
182	0
157	887
0	0
0	0
5	3
0	0
45	6
2	1
0	0
0	0
0	0
0	0
0	211
172	33
8	3
19	0
132	22
504	62
1	76
34	0
1267	78
3	1
24	567
1387	179
31	8
3	172
0	31
131	2
0	0
0	0
0	0
7070	72
175	996
0	12
6	4
21	7
1796	2
173	1216
0	36
10	24
0	4
16	3
371	286
85	4
29	21
0	345
0	0
34	0
3	0
0	0
4	54
0	0
12	0
0	0
90	356
0	0
0	136
6	132
5	14
0	25
1	131
4	84
320	149
177	216
2	24
30	49
45	119
29	31
180	89
147	1066
59	37
55	10
360	0
15	0
46	176
151	1118
2	47
8	229
30	247
16	117
0	0
0	0
0	0
75	1
0	0
0	0
0	0
0	0
0	0
7	8
0	0
0	0
4	1
1	17
16557	255
12	79
0	0
89	171
1918	1050
0	0
2	0
1	1
0	0
0	0
18	0
0	4
22	29
476	5
724	9
361	40
0	0
3	0
0	0
0	0
0	45
23	0
0	4
0	0
0	19
523	6
58	0
115	0
78	11
110	0
0	0
170	3
177	0
0	0
109	3
0	0
59	164
0	0
77	10
0	0
52	57
0	0
20	923
1	1
2	0
0	12
5	114
209	348
94	0
0	0
99	0
17	16
453	29
404	323
1	78
268	123
34	427
9	0
2	0
286	2
36	0
30	86
12	12
0	0
126	3
146	60
0	0
11	27
636	16
0	2
5	7
0	1
463	44
0	0
121	7
230	104
125	0
0	0
6	0
0	0
18	75
63	50
0	3
0	0
59	0
7	71
246	356
5	52
0	0
0	0
4	72
2	3
184	1
81	0
27	748
0	17
608	100
0	70
3	18
0	0
9	95
10	139
13	202
0	0
78	0
78	2
136	18
9	24
10	203
1	502
18	0
0	135
702	115
1	65
798	7
73	59
0	0
0	0
0	0
0	0
1	0
12	0
0	0
1	0
68	16
14	46
1	57
54	242
15	69
0	1
0	5
0	0
0	0
344	229
9	84
4	15
4	18
5	52
1	1
0	0
0	12
24	68
0	0
106	0
0	0
3	2
12	0
0	0
0	2
0	12
5524	0
52	12
47	1048
0	2
161	0
0	0
0	0
33	179
0	0
5630	68
3681	0
0	0
29	107
132	491
2	37
67	98
2	0
346	0
11	224
4	42
13593	1
0	0
155	14
262	179
0	0
0	0
22	0
23	0
0	518
450	272
12	191
0	57
15	2
39	30
1	184
0	0
0	0
0	0
388	0
0	0
0	0
0	0
110	0
2950	2
0	0
0	1
0	3
0	3
0	3
606	4
0	1
0	0
0	0
0	0
0	101
0	30
5	749
210	45
346	92
0	0
113	0
2	1
13	0
11	5
23	262
13	20
64	77
0	18
255	7
2	33
54	0
93	0
36	0
101	0
0	0
2	0
0	0
0	0
0	0
4	166
11	154
971	0
52	0
394	915
357	0
2	23
6	20
11	444
23	196
36	15
72	109
90	478
78	0
1483	10
1672	0
161	6
10778	19
88	129
0	0
0	0
2	0
0	5
0	0
2106	0
1140	0
2	0
3	0
0	0
0	4
2	8
9	719
0	0
13	453
18	170
17	0
0	194
0	7
184	110
0	0
20	0
0	0
1	0
37	62
13	1
20	114
1	0
2	3
4	0
0	0
51	0
1	0
1	0
100	1194
32	255
0	0
6	30
391	194
0	0
140	0
480	385
3	0
2	0
46	0
30	0
25	0
25	212
0	0
1	2
0	8
27	597
0	0
15	39
475	5
0	0
91	20
0	0
40	3
0	44
82	25
61	1040
0	4
0	1
7	1
1	0
0	8
0	18
5	137
88	0
0	0
3	0
275	768
93	60
0	0
0	0
3	0
0	0
0	0
0	0
0	0
0	0
19	0
1	5
39	250
11	150
178	454
1431	128
1	0
0	0
0	0
229	1005
387	40
0	38
2	0
1	100
2	0
0	1
0	0
10	124
64	574
0	0
248	0
0	7
38	1092
0	5
11	113
0	0
0	76
42	13
12	12
5	120
0	0
0	13
12	0
1	47
0	0
0	13
66	995
89	75
0	0
52	0
59	4
15	0
69	512
2	1
23	95
0	0
20	16
0	0
1	39
0	0
0	0
0	0
0	0
0	0
0	0
0	0
0	0
0	0
0	0
0	0
0	0
0	0
0	0
0	0
0	0
0	0
0	0
222	17
36	191
0	0
0	0
0	0
0	0
0	0
19	0
0	22
41	0
109	0
17	0
0	0
0	0
0	0
2	2
0	0
0	0
0	0
36	10
416	0
1	0
0	0
38	73
16	1102
143	38
68	0
741	84
5	0
157	0
7	0
0	0
25	0
19	0
0	0
116	0
7	0
2	0
0	0
0	0
0	0
10	0
0	48
0	413
6	28
1002	78
361	0
255	0
9	521
0	1011
1293	0
20	1
2	967
7	134
109	5
14	790
0	0
0	0
16734	0
1	68
16	2
7	0
2	1
51	0
2	1
0	0
87	212
22	315
145	23
0	7
9	0
959	17
71	48
314	0
0	4
63	403
0	0
1	0
0	0
0	174
4	256
2	15
10	11
0	0
41	15
0	1
0	73
0	7
0	0
47	486
0	0
51	241
16	70
89	52
1	22
54	173
3	84
6	36
3	126
7	112
1	704
0	19
74	0
258	9
0	13
0	4
1171	0
0	0
134	0
82	0
0	0
45	8
0	0
0	0
0	0
97	403
0	0
43	0
15	212
21	0
0	169
0	0
0	10
14	812
32	0
3	0
0	65
16	7
14	582
8	193
0	54
135	195
0	0
0	63
3	0
3957	8
309	273
0	210
48	119
19	52
70	136
14	1
1	0
4	1
0	0
2	0
38	30
159	0
12	0
0	0
0	42
0	0
0	0
2	0
0	0
1	0
2	0
64	0
3	0
90	0
19	0
0	109
9	0
0	0
3	0
4	113
149	4
8	579
51	77
0	19
0	12
537	370
5	20
0	0
30	104
4	0
470	0
11	97
7	86
1937	12
5	73
18	59
0	1
160	456
5	0
98	26
0	2
0	4
0	9
4	26
3	198
0	0
75	0
3773	1
2526	2
4	22
325	0
231	0
55	193
12	71
31	88
69	232
0	101
189	0
61	0
42	200
961	2
64	278
54	447
0	0
10	162
30	1
1	611
2	0
0	0
6	5
0	3
0	0
27	180
10	20
17	20
64	476
0	11
1	0
19	75
29	0
35	412
6	882
0	2
0	5
4	2
3	21
229	813
1	0
1	11
7	21
0	0
16	73
48	0
0	555
37	258
7	2
0	17
1	8
86	66
4	4
25	74
7	0
0	0
0	0
2	29
366	209
5	33
0	0
48	34
7	102
37	0
1057	0
32	3
2	78
160	0
0	0
90	24
298	0
26	197
178	108
173	0
1	0
1873	408
5	3
21	0
40	132
0	0
0	0
0	4
7	48
7	81
150	0
216	5
74	0
44	0
2	0
0	0
0	0
29	2270
2	52
5	0
5	0
1	0
10	0
37	56
0	19
130	3
1	31
0	1
0	0
2	0
411	3
15	1
3	0
0	0
0	0
0	0
116	278
0	0
0	0
0	0
0	0
0	0
0	0
0	50
0	0
0	3
0	0
0	1
0	0
40	175
11384	1
4	115
16	2
245	0
0	0
21	0
11	102
0	0
105	311
40	82
2	49
39	269
0	0
0	0
13378	37916
37	24
663	3023
0	504
191	389
119	8
5	1
207	155
0	0
25	0
0	10
0	3
9	169
7	207
7	44
0	0
0	0
395	0
86	9
0	0
79	40
0	0
0	0
0	0
0	2
45	65
1	0
50	0
8363	104
298	2
198	799
0	0
147	70
253	13
553	0
207	0
20	0
126	9
135	0
1	825
748	2
0	7
0	32
73505	6
1	0
241	0
682	0
54	0
285	166
1229	0
0	0
0	0
1	81
22	0
1562	0
66	221
1	0
71	12
4	11
3	2
15	0
8	38
99	17
0	0
0	0
0	958
84	111
348	98
1013	0
8	150
4	175
124	0
0	0
0	0
0	0
0	0
1	0
2	0
1209	242
631	54
4	0
26	2
2	37
3	3
89	0
162	143
1	4
9574	136
316	131
134	1
4	2
1465	243
0	0
0	4
3	115
90	5
44	0
94	22
24	0
12	0
16	0
0	0
9	0
0	0
13	451
0	0
1	0
0	28
1	3
400	7
1	386
2	26
0	1
1	0
0	0
0	0
0	26
15	172
3	7
2945	87
20	0
0	3
17	211
1	53
20	270
0	0
0	0
0	0
0	121
0	0
0	67
12	85
0	0
0	0
33	41
26	320
34	1
0	0
1	0
1	3
24	0
0	0
11	77
0	0
0	0
1	0
0	0
0	0
0	0
0	0
3	90
32	69
864	825
46	699
7	0
0	7
1	45
41	0
6	0
206	663
3271	0
0	0
0	0
7	4
297	1470
18	207
0	47
23	187
40	29
415	6
0	12
0	0
2	8
0	0
0	0
0	0
0	0
113	80
13	0
1	0
9	209
6	759
5148	0
0	0
258	0
10481	0
42	23
0	1
1	22
18	8
0	0
0	79
0	17
6	0
6	27
0	39
0	0
1362	22
250	22
4	0
3	23
0	0
0	48
47	1202
27	1111
0	0
135	520
4	6
0	0
1754	4
29415	39
191	37
22	5
82	83
217	1418
0	45
0	0
37	167
30	7
5	36
0	0
0	0
34	0
0	0
511	2
42	29
1421	0
0	0
40	22
646	357
8	95
5	194
0	47
4	10
0	13
0	0
0	0
3	8
0	0
208	646
0	0
0	0
0	39
0	0
12	0
6	0
132	78
577	0
82	38
0	2
392	1107
28	271
429	65
0	0
18791	2785
23	0
0	41
38371	2788
5	0
1	13
0	206
1	26
5	69
0	0
28	52
10	2
0	341
0	0
0	160
8	1
5	0
0	0
0	0
0	0
0	0
0	0
0	0
0	0
0	0
0	7
190	150
0	0
3	14
331	19
117	0
119	166
26	8
64	12
27	69
68	0
53	59
379	0
108	0
0	61
28	0
12	3
0	7
4	292
0	0
0	51
74	8
2	0
10	21
105	1
8	229
199	0
24	0
23	0
37	16
72	35
7394	0
61	255
10	29
27	4
693	322
37	0
16	50
4	162
9	4
39	59
26	3
241	0
143	22
0	0
384	0
1152	11
446	0
74	0
579	1182
53	187
792	1
168	0
34	203
4	0
41	822
6	749
111	21
8193	5
0	41
45	3
420	68
82	0
233	0
418	33
5	8
2	0
81	1
0	0
0	0
0	0
2	0
0	26
83	20
1	0
7	6
3	36
0	0
0	0
3	154
3	7
2	182
1	758
26	37
3259	19
3	1
5	0
11	0
0	0
10	15
0	0
39	240
3	0
24	0
0	0
184	4
1780	0
0	30
20	540
0	0
0	2
0	0
0	2
0	0
0	0
82	45
7	5
77	0
44	0
82	5
35	42
0	0
11	28
110	190
7	17
15	160
11131	0
7	13
0	2
133	7
7	115
79	56
10	4
0	0
0	0
187	41
41	1
267	0
0	1
52	21
3	167
3439	0
0	1
0	3
1	14
75	0
10	410
10	174
0	0
0	0
2	0
113	1
33	652
97	80
0	10
195	406
74	0
61	0
56	0
32	49
43	17
49	0
12	32
324	253
56	0
250	557
0	0
0	0
0	0
23	361
6	1
0	0
2	39
169	226
89	122
41	7
14	0
0	0
165	0
5	3
176	0
38	730
7	118
6	9
141	242
0	0
179	201
0	18
3	0
38	131
0	0
0	0
0	8
0	3
213	225
4	18
249	16
0	0
175	377
0	0
165	26
2699	999
14	9
0	3
13	41
5	48
0	1
0	0
37	91
9	1026
0	11
16	0
86	65
3582	0
112	0
51	19
51	101
84	0
103	11
66	0
27	6
0	83
10	93
10	0
19	14
0	0
0	0
15	0
0	0
3	0
1	4
54	139
0	11
1517	160
1	1
46	149
684	0
0	0
10	7
4	0
120	819
0	2
0	8
27	13
0	0
1	20
3	26
70	172
7	1087
16	9
0	6
0	0
0	1
2	7
642	247
0	0
0	0
509	133
0	0
2	0
23	33
0	0
0	0
0	0
146	920
2	2
0	407
17	1
670	35
1	0
2	0
7	0
0	4
5	194
12	499
50	1078
2	219
36	182
0	276
16	341
1	403
0	79
1	10
0	10
0	1
97	49
0	0
82	224
0	0
0	0
0	355
0	0
188	0
0	8
2	5
106	1
79	0
164	8
43	21
11	2
40	4
101	0
45	95
32	193
44	40
44	41
23	26
11	333
28	188
7	544
164	98
80	1129
1	0
0	0
1	0
5	0
0	0
0	7
0	108
161	0
576	6
213	509
402	506
71	78
25	6
6	0
0	1
15	252
0	0
22	15
52	0
82	1
2315	0
2	239
0	0
0	0
3	15
0	0
0	0
44	0
81	83
114	1
0	0
0	0
6	0
0	53
0	0
150	2
511	60
8044	0
314	0
34	608
0	0
4703	937
0	824
2	0
0	92
3	3
3	0
30	693
383	105
1	1
4	67
735	0
4	0
1	35
555	65
0	1
0	2
0	3
0	0
0	0
0	0
1	0
54	0
17	0
0	0
36	0
0	0
1	0
0	0
1	28
102	112
123	199
68	601
11	5
54	22
75	0
4	0
0	0
3	0
0	51
0	0
953	121
4	111
25	3
0	0
45	57
1	0
81	50
2692	6
0	893
3	829
0	0
171	89
0	0
0	0
2	2
111	0
13	108
0	92
0	0
31	0
24	0
134	0
0	0
0	0
0	0
0	0
0	36
0	0
0	0
0	0
0	0
0	0
0	0
0	0
0	0
0	0
0	0
0	1
0	0
0	0
0	0
0	0
0	0
0	0
0	0
5	0
0	0
0	0
3	7
0	0
0	0
0	0
0	0
0	0
0	0
0	0
0	0
0	0
0	0
0	2
0	0
0	0
0	0
0	0
0	0
0	0
0	0
0	0
0	0
0	0
1	1
0	0
0	0
0	0
0	0
0	0
0	0
0	0
0	0
0	0
0	0
11	9
0	0
0	0
0	0
0	0
0	0
0	0
0	0
0	0
0	0
0	0
44	21
0	0
0	0
0	0
0	0
0	0
0	0
0	0
0	0
0	0
0	0
0	1
55	171
0	0
0	0
0	0
0	0
0	0
0	0
0	0
0	0
0	0
0	0
107	0
0	0
0	0
0	0
0	0
0	0
0	0
0	0
0	0
0	0
0	0
39	513
0	0
0	0
0	0
0	0
0	0
0	0
0	0
0	0
0	0
0	0
0	0
0	0
0	0
0	0
0	0
0	0
0	0
0	0
0	0
0	0
0	0
107	1
0	0
0	0
0	0
0	0
0	0
0	0
0	0
0	0
0	0
0	0
0	0
0	0
0	0
0	0
0	0
0	0
0	0
0	0
0	0
0	0
0	0
7957	143
0	0
0	0
0	0
0	0
0	0
0	0
0	0
0	0
0	0
0	0
117	0
0	0
0	0
0	0
0	0
0	0
0	0
0	0
0	0
0	0
0	0
427	131
0	0
0	0
0	0
0	0
0	0
0	0
0	0
0	0
0	0
0	0
106	96
0	0
0	0
0	0
0	0
0	0
0	0
0	0
0	0
0	0
0	0
0	151
0	2
0	0
0	0
0	0
0	0
0	0
0	0
0	0
0	0
0	0
0	0
8	9
0	0
0	0
0	0
0	0
0	0
0	0
0	0
0	0
0	0
0	0
690	250
0	0
0	0
1	11
1994	130
34	0
88	18
340	18
554	0
68	85
9	212
0	0
0	21
102	228
0	101
0	8
0	0
0	0
128	24
71	95
60	198
0	0
0	0
0	0
1	0
0	0
0	0
0	0
506	1046
1	12
0	0
2	11
0	26
1	0
1	4
334	218
0	0
0	3
0	0
0	0
0	8
6	0
0	144
27	1
5	22
4	80
47	4
187	199
11	0
934	3
60	0
0	0
0	1
0	41
0	0
75	1257
0	295
57	79
111	16
147	144
8	73
0	1
46	8
139	0
0	0
15	39
16	112
19	28
0	0
6	0
0	156
0	0
5	3
629	1
0	133
60	21
461	152
56	218
27	315
2	0
2453	1958
1	0
6	84
2	220
0	0
0	0
33	81
11	12
0	0
2	57
0	23
15	110
0	3
8	22
126	0
365	323
0	0
3	88
0	0
102	62
0	1
24	107
17	0
83	133
5	16
4	377
9	1
0	16
123	53
8565	98
49616	3
1	0
0	2
0	139
15	114
1005	0
334	0
20	28
4	40
46	310
3	0
3	10
0	0
0	0
32	31
417	0
401	5
454	203
19	261
1	13
0	0
1	3
41	17
85	3
1890	27
155	188
269	0
451	0
69	0
336	0
3	140
10	5
95	1
481	16
141	0
194	0
21	7
0	0
10	2002
109	0
87	423
89	44
54	36
2	0
107	179
20	307
166	3
0	0
1	123
0	0
5660	108
13	0
94	0
9	189
18	277
37	157
0	0
0	6
2	73
154	0
13331	103
32	0
146	94
22386	19
32	15
0	184
0	81
21	71
0	0
217	2
126	0
160	4
43	802
56	0
10	0
259	94
200	0
4	10
12	115
0	0
0	1
232	78
60	12
5	4
0	0
0	132
0	0
0	0
13	2
45	95
0	0
7	0
0	0
0	0
0	49
88	7
0	0
50	1
0	0
0	0
6	248
0	0
0	0
309	411
0	21
0	0
36	0
8	0
60	0
16	0
209	612
12	122
9	651
52	0
106	107
45	0
111	0
714	0
240	629
40	0
216	10
1216	0
8984	0
0	0
27	837
35	1098
162	2
0	0
0	0
0	0
1	58
140	3
173	125
68	4
1	0
0	32
1	0
592	0
358	9
70	30
0	0
2	82
4	4
0	0
17	3
6954	222
89	32
330	0
232	29
39	0
645	12
0	0
554	66
29	47
2847	85
127	139
36	0
382	4
57	15
46	0
478	42
1	0
11	0
0	0
0	0
0	0
2	817
1	0
0	3732
0	0
398	1
0	1
0	0
77	67
7	104
15	23
0	757
114	3
3	2
38	0
0	0
51	59
0	187
0	60
45	134
3	32
846	480
88	382
0	0
66	109
303	0
3	0
5	83
6	9
0	38
3	0
57	75
0	0
21	32
1013	261
41	0
0	1
0	0
10	17
20	23
54	1
195	145
66	164
5	136
69	1
20	0
67	2
101	248
89	0
9	283
343	65
17	0
0	0
15	0
207	14
0	24
48	450
459	13
138	1
10729	44
3294	130
24490	11
5	30
98	835
0	13
0	4
75	0
238	66
257	1
14	0
0	0
110	24
4550	18418
7531	63
0	20
19	90
490	591
4	17
119	0
196	92
17	23
9	65
6	27
168	820
0	93
0	0
0	0
0	0
0	0
0	0
35	196
9	1
0	1
40	2
79	130
2574	240
1322	1150
28	467
1035	64
1003	7
238	17
348	64
0	0
7	30
85	6
0	6
194	1
81	1
4	39
1	29
3	39
1	1
14	208
0	0
5	175
0	6
68	255
239	8
1	0
170	10
144	1282
0	0
1857	0
0	0
0	0
17	157
0	0
1752	156
14	2
0	0
2	26
31	1265
2	14
0	0
3	0
0	0
0	0
358	273
73	0
3	0
60	583
898	0
22	47
81	0
2	0
0	10
0	0
0	0
0	0
1	11
0	0
0	0
207	1
0	0
254	281
1	0
0	0
0	333
3	7
2	2
1768	167
166	25
0	0
0	0
0	0
4248	41
4040	0
21	85
20	6
647	434
20	15
339	22
70	220
8	122
0	13
0	5973
1	148
0	0
151	0
816	55
12	14
0	0
468	10
441	1
2	0
51	190
254	46
2	125
28	0
30	13
0	11
119	197
225	12
0	0
150	149
0	0
0	0
0	0
7	301
0	0
621	15
0	0
86	83
167	23
0	10
16	389
11	521
1	0
34	377
1	22
1	8
7	0
0	8
0	0
157	0
0	16
0	0
7	0
0	20
154	1
0	0
55	4
12	0
0	0
0	0
0	61
0	1
0	0
67	482
29	55
44	7
0	3
94	1
32	229
29	0
0	35
11	0
0	2
3	23
0	17
0	0
351	0
105	327
113	0
231	30
0	0
1	11
0	0
0	8
136	0
106	29
343	0
12	0
7	0
4295	929
2	4
0	16
0	14
2	1
91	100
3	1
0	3592
573	33094
42	2
0	48
0	57
0	0
4	236
0	67
264	1071
4	132
0	4
1	24
0	0
0	3
2	0
0	1
32	0
0	37
15	19
238	17
51	19
54	47
2	280
21	0
164	33
0	0
0	0
1	187
0	0
356	16
0	0
420	318
0	85
8	190
0	0
971	0
0	0
0	0
0	0
0	0
7	55
2597	77
0	15
17	357
1	0
0	0
142	63
146	47
0	0
0	0
0	0
6	0
38	3
4	25
0	0
4	4
0	0
7	1068
39	86
0	0
3	1
1	5
212	347
227	3
91	60
7	710
3	763
11	0
2	28
1300	0
11	0
134	0
17	0
41	48
0	0
29	0
90	0
0	0
0	0
4	74
10	19
304	936
0	0
0	0
34	1178
1410	55
468	0
44	0
79	2
353	1226
153	14
777	6
2	48
0	7
0	843
0	123
0	0
10	15
0	5
187	58
6	15
0	1
0	0
0	0
8	3
0	0
0	0
0	0
37	0
1	0
0	0
0	0
269	93
0	5
820	0
119	0
3	0
0	0
202	0
0	0
0	0
2	7
0	0
137	431
23	148
0	0
0	0
215	1206
0	0
12	388
0	63
290	6
0	0
5	1
101	471
1534	0
6	0
1	0
7	52
2	1
1	5
26	68
29	664
17	1
245	0
320	1
0	0
18	25
86	0
469	0
27	42
12	0
14	5
0	70
4	0
16	302
21	48
785	1108
143	154
189	1
229	17
198	280
89	97
305	13
14	1
0	0
1	0
76	2
0	8
0	0
0	0
1	6
98	321
212	39
163	0
33	0
27	71
0	0
9	29
55	201
577	1200
317	11
0	1
38	70
32	0
30	0
0	0
13	0
2	1
0	1
362	83
41	73
97	5
93	186
665	2
0	0
0	9
5	0
1819	98
0	0
0	0
0	0
0	0
0	0
0	0
19	194
0	0
0	0
20	0
102	0
0	1
151	0
15	0
1521	194
1	0
0	0
0	2
127	8
0	0
1	48
15	21
48	12
229	1
18	11
30	0
0	25
0	70
195	63
24	0
0	517
1345	0
1	4
1	0
4	0
4	0
4	0
0	0
0	0
0	0
0	0
0	0
0	0
0	0
0	0
0	0
0	0
0	0
0	0
0	0
0	0
0	0
150	0
0	0
0	0
0	0
0	0
0	0
0	0
0	0
0	0
0	0
0	0
2	210
0	0
0	0
0	0
0	0
0	0
0	0
0	0
0	0
0	0
0	0
326	7
0	0
0	0
0	0
0	0
0	0
0	0
0	0
14	536
102	0
0	1153
85	263
2	0
4	0
23	176
80	16
24	17
4	0
0	0
0	0
2	0
0	0
2954	634
50	5
65	891
1	653
0	0
0	0
0	0
0	0
9	30
1	16
0	0
11	541
17	72
20	1
0	0
155	261
0	413
3	138
0	0
0	0
189	750
5	0
0	20
167	0
141	0
2818	0
52	296
6	26
0	41
2	188
1028	258
229	0
102	1597
0	20
350	1050
15	146
0	0
0	5
0	0
0	6
8	182
729	1636
3	5
3	225
0	17
0	0
0	0
44	242
997	105
1	9
12	41
0	0
0	0
0	0
66	323
0	0
6	8
0	10
417	416
118	857
356	260
65	0
84	1
0	0
6	0
13	1
8	41
18	0
0	0
89	1010
0	16
0	0
0	0
0	32
1	0
0	0
0	1
0	0
0	0
0	0
4	11
41	19
14	40
28	18
0	0
0	0
55	1
35	0
0	0
0	1
6	1
0	0
0	0
100	22
1	1
14	48
36	0
0	0
18	44
71	22
105	4
126	1
35	739
146	82
174	1579
4	0
0	1
1	0
0	3
0	0
0	0
0	0
17	0
0	0
1024	136
36	0
602	128
1	1
616	22
0	0
1	0
0	6
0	158
0	0
0	208
119	129
76	0
39	19
4	261
0	206
100	0
0	0
303	1050
89	0
166	0
0	102
0	0
8	0
7	0
116	0
72	434
0	3
0	0
8	34
34	26
1974	0
0	0
0	0
32	0
66	0
6414	9731
14	0
22	5
0	3
103	142
0	0
23	0
243	17
0	4
22	361
1	19
72	99
0	89
4751	70
425	3
1298	141
2730	0
21	159
12	147
16	12
0	0
0	1
0	10
2	0
189	0
42	0
33	0
246	504
44	99
2	0
70	107
4	0
58	0
322	0
775	0
0	0
62	70
0	0
1	0
180	156
87	31
84	1030
5467	2654
0	0
0	0
0	0
197	233
1	1
4	245
497	414
1	18
29	0
5	21
86	104
68	0
0	2
327	80
0	0
0	0
0	8
36	1
0	1
42	1
142	4
0	1
57	5
0	1
0	3
2	128
297	42
0	0
0	18
93	9
1743	43
22	535
0	0
0	1
1	82
58	139
4	80
60	9
0	11
8	0
1	0
164	33
3	0
80	27
0	0
39	919
87	8
25	1
524	11
79	6
787	25
2	1060
0	0
0	0
0	0
6	0
63	242
0	0
0	14
38	655
305	0
20	112
5	101
0	0
4	0
2927	83
0	146
1	1118
5	321
100	1315
0	0
111	136
1799	0
129	10
3	0
0	0
291	0
0	0
31	12
62	37
0	0
121	102
18	47
0	15
0	39
0	0
6	1
152	51
0	0
240	0
0	9
14	26
8	149
40	38
5	30
55	1004
152	1110
42	206
0	0
0	0
1130	12
3	0
20	22
0	0
1	0
20	0
10	17
0	0
1080	0
12	0
41	99
0	0
7	42
13	9792
26	264
0	0
53	8
3	0
7116	196
33	147
1	70
0	2
0	0
20	0
6	83
0	0
106	0
221	0
7	8
0	0
5	1
7	0
635	8
53	0
48	53
0	10
0	0
0	0
0	4
0	1
0	86
506	124
0	2
0	4
4	136
4	0
121	30
2931	108
0	36
7	99
58	0
1	29
9	183
4	0
14	0
6	988
0	0
1691	194
3	0
198	0
1303	6
215	194
724	23
495	0
0	0
0	6
112	0
7	0
1	38
0	114
0	1
86	75
249	393
41	370
627	0
0	14
0	0
1	0
74	187
1	0
0	6
12	0
152	0
0	0
18	7
5	356
16	36
4	653
0	0
0	0
0	226
1	332
5	57
16	176
3	9
0	0
188	6
3	1
27	4
168	613
27	0
115	0
0	3
0	0
577	348
142	113
53	9
483	24
0	0
0	0
226	240
0	25
0	637
191	275
62	0
10	0
15	0
62	5
27	41
48	16
176	103
855	17
14	4
20	2
296	6
9	0
142	74
0	0
409	10
0	0
4	39
3	2
2	107
0	0
1	158
0	3
193	193
0	0
16	22
276	6
183	0
166	980
210	0
23	1
0	0
222	0
59	0
17	20
112	151
39	81
0	0
0	28
0	32
34	68
0	0
0	54
1	46
225	0
0	0
111	11
0	0
0	0
18	1
67	221
34	0
33	0
3	0
3	0
1	0
142	0
7	0
0	0
0	0
0	27
2223	581
1	62
4	173
29	0
108	91
0	0
0	74
20	32
491	0
90	55
9	130
0	0
12	686
0	0
161	25
0	0
9	288
0	25
7	42
2	156
0	0
237	1
67	90
5638	0
24	241
682	48
22	852
55	117
9	11
6	2239
0	0
0	0
0	0
0	0
108	83
0	0
70	0
243	0
44	4
2292	3963
32	270
46	196
392	37
0	42
0	27
39	12
0	0
75	5
2	0
5	0
0	0
55	0
3	86
4	184
59	6
0	46
0	0
0	18
0	0
146	85
0	0
0	0
0	149
0	0
9	244
2464	64
12	914
0	1
11	1
28	14
928	20
1	9
2283	222
46	262
1	0
55	57
1673	145
17	8
1	0
0	0
0	0
3	1022
62	41
5	14
15	1
5	0
0	0
18	57
0	0
3	108
0	0
0	0
1	29
1	0
577	22
1	49
8	11
0	16
14	0
38	27
563	0
117	30
0	0
49	23
95	128
24	200
29	0
13	479
0	0
0	0
6	34
89	8
1	2
107	209
149	106
75	284
0	0
0	0
1	0
0	0
0	0
0	0
0	0
0	0
1	13
521	257
0	0
42	0
4	0
0	0
1	116
439	0
0	0
130	0
2	727
1461	266
63	0
0	12
133	63
732	188
0	0
1	2
19	612
65	84
2	20
3	802
130	63
0	0
4	0
0	1
27	49
1	166
9	160
0	0
0	0
0	0
0	81
51	143
131	991
3396	76
94	0
0	30
0	0
2	62
0	910
0	136
4	1
51	16
0	0
0	0
0	0
5	0
508	0
226	2
109	213
201	52
0	31
2	226
4	0
62	127
0	3
87	3
0	0
60	1
6	0
283	174
298	879
189	184
2067	4
0	0
29	1088
9067	8
63	26
0	0
0	0
367	0
71	142
3858	948
32	0
68	0
7	13
896	0
48	469
14	23
299	26
71	22
19	167
43	14
43	3
42	613
0	0
0	0
108	5
149	0
142	27
417	13
241	187
66	19
96	14
6	0
2	26
71	1068
22	0
96	93
29	0
980	37
0	48
1	7
154	0
1	73
3	0
60	64
37	244
0	27
123	68
6	7
6	148
125	324
12	30
0	0
15	21
61	13
1	0
9	62
349	0
0	31
0	6
0	6
28	15
0	0
0	2
0	0
89	2
0	0
126	0
2	104
16	1162
10	0
3023	20
486	33
132	0
42	9
11	9
258	0
0	0
661	0
0	1
20	0
33	354
1	46
0	6
4	13
0	0
0	106
0	21
9	83
1	544
0	0
0	799
28	178
2	1238
15	1993
5	6
0	0
11	100
254	33
1	3
1	0
18	0
21	1218
26	28
13	44
176	1
8	29
49	39
74	22
56	8
56	8
213	234
387	0
0	0
0	0
15	17
194	487
1	1
13	0
416	341
3130	14
0	6
2	37
0	0
0	13
0	0
0	5
5	0
8	1104
0	0
0	1
0	0
0	16
0	0
2	115
0	0
4	37
0	54
67	978
0	0
150	0
0	15
38	142
0	2
204	5
82	357
0	51
2272	7
0	0
5	727
18	750
0	0
1	4
0	0
0	1
1	0
0	0
25	135
0	0
215	61
64	38
0	23
11	0
3457	0
288	1097
0	1
0	21
0	26
124	0
0	0
0	0
0	0
0	16
0	0
0	0
0	0
2	2
5	63
0	19
0	12
91	535
0	3
0	0
202	1
14	50
204	7
236	401
16	414
5078	7
45	0
15	27
944	2
13	186
0	0
0	0
105	4
0	18
0	0
0	0
0	6
0	0
263	0
0	0
0	425
2	3
1489	1
0	0
57	361
104	407
25	516
0	1
1277	0
48	369
0	2
0	2
0	0
0	1
24	954
3	0
22	0
379	154
136	3
25	3
20	3
0	0
0	0
33	29
0	4
0	0
39	36
17	0
5	653
0	0
61	7
122	0
35	0
0	0
0	0
0	0
85	963
4	0
184	277
61	0
27	17
0	5
4	0
8934	0
6	27
3	0
97	0
96	121
60	487
3	3
15	115
2	0
0	0
0	2
0	7
1	0
0	0
0	0
0	3
0	0
32	52
6	3
0	0
6	24
13	48
19	0
1	0
100	40
0	19
9	179
46	73
777	1
9	0
3	0
5	18
150	74
7	20
0	0
14	79
1	46
55	229
57	0
10386	0
7	0
5	80
68	16
787	1038
150	968
0	2
254	2
0	0
161	0
1811	259
75	0
494	0
201	103
151	167
10	20
42	165
141	20
0	4
32	147
10	0
40	372
0	3
12	65
0	28
9	1
832	19
0	0
11	0
83	110
318	0
43	317
0	0
8	0
3	53
55	99
0	0
0	0
0	0
0	0
16	188
4	4
44	203
8	0
0	0
0	3
1	0
0	0
0	0
0	0
0	0
0	0
188	0
0	3
1	3
0	0
0	0
0	0
0	0
2	48
0	77
15	202
0	0
0	0
0	0
0	0
0	0
37	0
0	0
0	0
90	14
1882	703
76	0
0	3
70	887
12	66
140	0
74	18
1	14
2	0
0	0
0	0
0	879
0	0
4	0
0	0
115	225
0	0
0	0
1	0
0	0
0	0
0	0
52	676
770	528
39	26
362	0
385	889
0	0
1	0
9	150
2	143
8	68
10	0
0	32
79	64
0	0
5	14
14	26
1	0
83	0
365	76
8	34
125	0
2	0
0	0
0	0
0	0
5	0
0	0
0	0
0	0
0	0
0	0
3	69
49	83
109	1
0	0
1589	0
119	0
53	0
9	0
67	3
0	0
1	0
0	0
534	0
991	0
17	0
685	1
0	47
1	0
28	291
28	8
48	173
0	27
0	322
334	1
103	248
156	0
45	0
10	16
0	0
4	0
19	4
1	0
0	0
0	4
32	7
42	1089
1	0
472	869
0	0
0	0
37	83
9	192
4	0
3	2
0	0
0	35
4	0
0	15
13	300
0	0
71	67
0	0
0	0
0	0
3	0
0	15
12	3
0	182
0	7
70	19
378	42
1	7
0	0
1	0
0	0
1	184
13	437
3	33
795	312
585	540
1020	6
0	53
6	59
14902	31
174	372
21967	151
0	0
0	0
901	1
1	8
296	608
0	0
18	12
94	0
13	11
94	243
70	74
24	110
0	0
1	1
0	2
1	42
18	116
0	25
0	0
7	3
7	2
0	0
0	30
1622	274
2	0
2	0
41	186
1	3
78	0
58	14
6	11
8	54
2	0
0	0
0	0
78	43
94	21
10	55
9	0
80	177
11619	156
605	67
43	32
66	113
19	855
6	48
0	0
3	2
7	38
1	0
1	0
2	0
1	0
14	47
53	0
12	277
43	27
1	3
0	6
33	6
0	0
30	220
46	116
3	18
461	0
286	28
108	80
72	66
0	0
381	0
0	62
0	0
0	0
28	305
56	159
13	0
75	112
139	514
109	401
45	82
2	6
0	2
0	0
0	0
589	9
1166	326
74	778
4	18
0	0
59	34
15	1
1	0
0	0
6	0
0	0
32	40
36	4
0	0
203	259
6	889
10	0
10	4
204	10
192	4
62	0
35	0
64	0
20	26
52	6
7	19
1	90
0	0
21	4
1	1
0	0
0	0
0	0
148	51
146	0
155	1513
1885	18
0	0
131	1384
1	0
2122	11
3814	1
32	0
6	0
61	112
164	0
383	1
5	104
38	90
3	0
11	16
7	101
5	2
1	0
0	0
1	247
0	31
0	0
0	0
80	83
233	2
53	1044
26	29
89	200
3	122
74	0
942	3
87	6
151	0
55	10
2	16
29	0
0	0
132	0
420	3
26	0
151	0
2	12
0	25
31	290
181	0
131	190
31	107
2468	15
87	0
0	0
1	50
0	6
626	1132
2	0
128	210
31	32
0	29
342	269
58	38
608	58
130	1347
59	32
2	2
13	51
2	2
0	0
0	0
1742	0
0	0
0	0
0	0
0	2
59	766
2	738
0	0
395	18
0	0
587	24
76	51
0	0
14	0
159	213
7	0
158	0
171	1314
1	0
2	136
48932	6
473	64
50	169
0	0
0	2
3	0
12	345
31021	2
577	396
13	23
117	2
0	0
1	160
14	131
0	0
0	0
0	0
36	0
50	0
214	0
20	0
1	119
3021	13
0	8
302	0
767	0
53	24
5	4
185	2
9	0
98	6
0	0
10	116
1	0
7	0
0	0
75	0
86	535
36	0
41	80
0	0
2	3
4	0
8	5
1	0
0	0
153	266
5	58
0	0
4	76
176	0
158	0
0	19
0	4
0	12
0	0
0	96
1	1
0	0
0	1
3	104
6	1030
1398	0
0	0
6	0
1	27
0	0
0	0
0	25
0	6
0	127
0	0
4	65
14	98
134	0
9030	5
1483	1208
0	0
137	0
15	1193
1	3
9	21
102	0
281	9
76	33
10	27
36	0
51	30
175	0
4	9
148	0
92	502
17255	1
54513	37920
4080	3509
915	5
0	0
4	0
298	0
41	172
3	0
0	0
0	0
103	3
1492	86
311	2
1425	0
5592	409
251	13
24	64
387	748
0	0
0	0
29	671
0	0
0	0
0	0
3	1069
0	1
23	52
7	160
48	0
0	2
59	139
0	1
0	6
6	0
0	0
5	17
1	454
337	0
11	128
85	0
980	0
3721	1
98	3
140	18
160	0
84	4
0	0
0	47
72	0
6	103
50	0
43	731
66	0
10	199
0	67
0	0
0	0
0	29
64	0
47	15
49	279
1495	76
4012	0
827	977
228	204
403	500
13	24
0	0
41	10
11	488
16	0
334	5
31	0
43	134
24	20
2	0
0	4
0	0
8	162
0	0
109	0
32	13
9	59
230	449
54	0
0	6
193	37
31	69
0	0
50	90
0	1
30	0
0	2
6	312
0	0
0	0
146	0
0	2
9	2
0	0
1160	504
93	2
0	0
0	91
0	4
10	174
0	0
0	0
4	5
23	16
0	20
0	0
201	0
83	0
0	0
99	532
0	5
12	855
0	0
0	0
0	64
0	0
362	0
0	4
124	658
88	0
309	44
29	0
89	0
0	0
0	0
0	0
330	136
149	4
999	190
573	0
1215	0
646	675
7640	126
7026	121
124	7
0	0
0	0
0	0
0	0
0	0
282	9
0	0
0	0
0	1
12	0
26	7
7	102
1	0
33	28
3	1
191	0
192	0
0	36
0	2
63	566
35	0
0	0
36	100
0	0
0	0
0	2
1	0
83	482
24	0
1	0
7	8
74	0
295	3
34	0
4	0
196	0
58	1
19	0
2657	0
190	0
17	0
37	169
120	0
67	1358
71	166
35	6
171	766
0	0
0	0
165	5
30	22
125	4
757	206
1536	538
1137	616
1	0
0	0
0	0
1	0
6	279
0	0
64	0
721	22
341	55
292	43
0	0
9041	7
1653	4
196	24
1	0
0	0
0	0
1	0
0	0
0	0
156	1
0	1059
0	0
12	188
32	198
229	6
1142	576
70	3
339	588
466	3
33	24
44	79
170	179
8	136
32	321
17	1131
18	21
2	105
0	0
14	0
0	1
40	0
27	4
1273	0
1200	0
4281	11
0	0
86	277
72	265
72	38
13	109
43	19
405	3
264	630
17	0
13	664
3	0
6	13
20	21
23	576
248	948
5	24
26	14
3	540
239	0
0	0
0	0
0	11
0	9
204	9
1009	20
13	15
3	135
1	10
48	4
1476	8
0	0
18	370
1	0
19	0
216	0
49	0
0	47
108	290
4	0
119	0
1222	235
74	0
36	17
3	0
82	1
2	0
2	17
15	14
0	8
0	0
102	0
242	0
30	0
75	9
67	34
204	5
266	119
0	0
11	49
0	0
0	0
0	12
76	45
0	0
0	0
0	3
0	0
14	88
0	0
0	0
0	23
2077	118
0	0
9	0
0	0
0	36
0	0
12	0
806	498
0	0
0	255
6292	156
10	28
0	0
10	0
286	0
0	0
0	0
0	0
80	71
2	46
1510	156
144	0
3	0
6	0
1	0
0	0
0	0
0	0
0	53
0	32
0	0
0	0
21	41
5791	22926
3549	0
6022	0
0	0
10	16
4	38
5	25
0	1
116	0
201	2
19	0
0	0
0	0
27	82
0	0
51	41
0	0
2	44
0	0
42	663
0	8
75	9
49546	3
27	0
40	0
0	0
0	0
68	717
39	6
28	25
144	96
56	4
0	0
44	399
19	1333
75	44
0	0
375	0
0	0
115	13
0	24
846	2
0	0
0	0
0	0
2444	1502
68	1408
0	0
0	0
1	2
291	2
13	104
0	8
44	23
64	10
754	29
5499	15
3	0
216	7
18	1
478	0
128	6
4	0
311	0
0	0
114	0
44	83
96	0
4	0
1	0
2	106
103	0
1	56
258	99
24	125
9	540
27	27
210	37
75	216
109	1
17	0
14	77
1	34
3	387
820	250
14	605
0	3
17	0
70	3
213	15
58	106
809	0
6	33
26	61
0	0
0	11
0	39
20	711
3	99
9	21
0	23
198	132
232	322
4	6
68	17
0	34
349	164
64	0
952	74
152	0
0	0
69	53
109	5
16	0
543	1
152	1726
39	176
98	0
83	18
1	2
0	0
36	629
18	58
3	50
0	2
0	0
0	0
95	338
0	0
0	0
0	196
0	1
657	45
240	0
131	0
2	0
107	80
23	386
6	65
496	311
0	11
21	234
3	0
88	0
1	4
4020	970
6	68
0	60
0	3
1	0
29	71
410	26
14	77
0	0
10	196
20	0
515	26
43	0
0	0
0	0
2	0
16	0
0	0
0	0
4	21
6689	4094
36	1
2	333
0	0
2	13
91	31
91	0
3	0
158	0
45	1
106	351
0	0
0	12
0	0
119	0
3	344
812	43
6	141
74	0
38	0
22	0
302	255
0	13
0	0
160	35
451	1072
580	33
11	0
18	1094
0	2
15	166
1	16
127	111
365	0
78	26
5	618
464	0
72	25
0	0
11	0
372	159
89	136
535	0
0	0
0	0
15	25
71	1
94	71
44	37
65	7
24	11
128	673
187	36
579	4
23	0
8	17
0	0
0	5
0	3
5	0
0	4
44	13
0	13
0	0
0	0
2	9
0	862
0	0
0	0
1	22
8	457
0	1
0	0
0	0
2	3
0	0
0	0
852	0
175	0
37	12
0	0
137	0
0	0
676	0
24	0
35	0
150	0
6	73
167	0
18	0
132	50
213	0
4219	0
2	708
0	0
890	52
0	0
0	0
0	0
0	0
169	1
647	0
1978	0
39	0
61	0
441	3
0	0
5702	211
686	460
254	1117
27	0
0	0
14	451
0	0
1	45
4	0
137	0
232	0
77	2
14	0
7112	0
95	0
72	45
48	235
0	0
0	39
9	10
0	0
76	0
5	7
712	10
4	316
0	3
7	6
2454	132
99	55
1	0
0	0
0	0
0	0
0	0
0	0
0	0
0	0
0	0
0	0
19	67
1	171
0	0
87	856
201	261
5	0
106	0
2696	0
176	41
11	0
941	11
206	0
5	1
88	38
579	0
16	0
652	0
0	0
3	191
7	879
34	0
220	0
6	9
3	0
9508	1
2463	27
31	44
0	0
1	3
31	70
0	0
0	2
0	1
3897	88
0	0
1	0
15	0
41	3
13	46
0	1
86	238
307	27
6	73
0	0
0	0
0	0
30	133
0	0
134	28
162	0
300	3
0	4
0	16
0	0
4	0
125	37
0	0
33	6
2	87
0	9
1	0
11	7
22	0
197	2
125	0
342	466
0	0
1	135
0	4
241	11
3	0
59	735
0	0
127	4
83	6
136	17
4	20
8	8
6	34
0	9
27	1
1	37
21	44
5	50
0	0
13	808
0	7
34	8
2	954
0	2
0	1
2	0
6	53
0	0
238	214
0	0
23	44
19	24
0	0
0	76
15	61
0	1
1	0
24	1196
3	219
2	5
0	0
0	0
98	404
1	80
0	0
0	0
0	0
0	0
0	1
0	0
24	51
10	3
496	127
259	0
223	0
2	0
13	0
14	0
1	3
32	4
3	0
9	18
29	10
26	2
96	112
50	263
37	0
2	0
69	421
0	0
2	0
0	0
1	65
21	332
0	0
12	1
101	121
7	0
323	2
0	1
88	51
0	12
0	12
15	222
0	60
1	1
58	44
0	1
0	226
5	83
245	14
16	0
181	0
385	2
0	0
0	0
37	19
4	0
0	1
43	1043
118	0
67	127
1	0
13	1
132	25
8	0
148	127
0	98
0	0
0	0
9	0
3	0
3	1
1	0
5	0
19	258
506	1
748	147
85	133
25	22
0	0
2	33
0	0
0	1
0	34
26	64
111	5
148	10
411	0
83	2
0	51
1	8
0	0
56	2
87	476
0	0
4	2
169	700
0	0
0	0
0	110
188	927
1	0
7	28
36	0
0	0
0	1
0	529
0	0
0	0
0	2
0	0
30	7
41	1
3	0
0	34
0	11
24	99
54	0
40	2
70	0
1	0
0	0
201	815
89	0
0	0
37	61
3	0
0	1
20	30
0	0
0	0
0	30
0	27
2	5
0	0
0	0
301	0
306	0
496	0
127	0
23	0
0	61
88	180
913	260
17	1
2	7
112	1
76	23
41	0
13	0
57	0
21	7
34	0
111	5
1	0
27	0
3	21
7	0
21	1022
7	48
142	208
23	5
10	103
88	938
121	5
1	9
24	0
0	1
0	1
0	0
0	0
0	0
0	0
0	0
0	0
0	0
0	0
0	0
0	0
707	2995
215	1258
0	6
2	1
1	30
0	0
5	0
34	0
30	0
20	0
365	46
216	0
0	0
1188	40
0	2
42	0
2	0
0	444
3	165
10	1310
0	74
53	35
243	0
33	36
0	85
3	2
0	0
0	20
5	151
3	55
1	0
34	46
3	33
20	46
1	318
3	169
9	62
0	0
1	0
461	12
6402	50
93	16
16	53
93	242
159	0
3876	1
213	27
2129	2
121	412
0	0
262	2
23	42
43	15
3	18
2	14
42	0
0	0
4	337
147	3
877	3
0	0
0	0
173	13
0	0
85	27
0	0
3670	1
14	0
182	0
7	2
0	0
0	0
0	13
41	144
1	0
9	0
0	2
0	1
19	13
0	3
0	11
0	0
0	0
4	0
1	0
1	272
4	0
0	126
45	36
8	0
240	0
0	0
0	0
0	0
100462	2
0	0
0	0
2	211
0	0
0	0
164	7
0	143
0	9
27	0
38	700
2	26
0	0
4	1
15	6
0	94
0	0
239	144
2	0
0	28
172	567
5	141
13	136
0	0
0	0
5	29
24	65
594	102
15	0
185	0
2561	45
57	1147
1	0
0	0
0	10
0	0
0	0
0	98
172	54
10	4
2	0
2	1
1	0
0	0
0	0
0	0
1	0
0	0
0	0
0	0
0	0
1	7
0	6
0	0
2	0
1	31
4	256
6	0
0	1
0	0
4	0
286	525
0	0
27	55
865	0
311	20
129	1242
0	3
554	17
0	1
14	51
2	0
0	0
0	0
0	0
1	13
0	0
1	14
1	56
16	91
75	0
39	93
1	0
0	0
1	20
0	17
737	21
0	0
110	0
21	65
70	0
0	6
0	19
0	0
1	3
282	303
0	740
2	0
3	179
66	116
246	0
123	9
7	177
0	0
59	0
19	352
3	1
0	0
13	20
13	69
96	184
18	0
8183	1
0	0
21	19
145	55
20077	154
1	3
10	634
0	6
0	64
276	12
0	20
22	490
87	174
0	0
335	787
6	0
2013	0
67	418
130	174
111	1100
338	104
194	509
0	257
26	0
49	0
18	0
255	0
1	0
2	31
61	4
0	0
3	0
4	48
5	0
20	0
101	0
91	22
0	13
10	383
705	800
266	0
0	0
0	0
0	0
0	0
64	52
0	0
0	0
17	13
18	68
0	0
0	0
0	0
22	39
3	1
537	1
325	1
78	0
185	659
285	0
136	44
6	4
0	6
0	8
218	357
232	137
2	165
70	0
2	60
137	9
141	222
27	239
0	0
45	0
536	0
2432	3
295	0
0	10
44	5
0	0
0	0
0	0
60	38
135	0
44	1557
0	0
81	0
112	0
6	225
6	0
62	43
0	0
109	0
1	0
0	41
0	0
43	0
1	404
1	62
0	0
0	0
3	0
1	38
0	0
0	0
0	0
0	0
15	0
0	0
240	0
193	1
4	212
9	7
3	43
2	0
0	0
0	0
0	0
5	129
14	1889
82	0
0	0
386	467
37	0
35	3
102	0
62	1529
0	0
0	0
0	0
304	1
46	0
47	32
0	0
45	2
4	157
0	0
0	0
0	14
36	110
8	2
33	108
9	67
38	0
95	214
22	425
19	0
120	7
15	0
38	0
27	0
52	1
1	60
0	0
963	709
10	41
32	74
0	2
5	0
242	107
0	0
42	0
26	58
66	18
19	999
8	76
18	3
0	3
0	38
0	0
51	28
77	399
41	9
5	0
32	27
14	581
770	0
0	36
0	24
2	27
1083	17
118	0
66	35
8	0
0	0
0	179
8	31
12	34
62	211
39	1247
10	35
0	0
2	4
1	63
0	0
31359	3984
26	64
70	14
0	0
0	0
0	0
0	8
128	29
0	9
729	0
0	0
32	0
30	0
0	0
0	140
45	0
44	0
431	6
26	0
33	0
274	0
240	0
2	0
6	138
0	0
0	18
3	213
7	1113
1	0
8	6
0	0
99	1
44	157
101	57
516	252
75	0
100	30
214	0
3	14
2	0
123	369
7	6
16	34
59	88
12	138
86	2
0	0
80	0
0	173
0	12
1	366
0	19
0	0
37	509
103	41
207	0
2	66
3	69
128	1542
59	599
63	139
0	125
2	16
2	464
0	4
0	6
0	39
0	0
0	18
1	4
130	17
32	0
35	0
228	87
112	0
23	21
0	74
0	217
4	308
0	1
0	0
0	0
0	0
29	3
178	379
20	0
434	11
3	61
1	171
3	1
0	0
15	49
0	0
0	141
7	771
681	118
3	27
2	7
0	7
0	0
30	1111
9	0
0	0
0	0
0	1
453	0
0	0
1	0
0	0
11	101
36	0
15753	629
37	0
6	299
548	1866
2	14
82	45
43	0
3	0
0	0
1	11
4	636
0	0
821	7
5	6
45	228
301	82
5	214
0	0
1	49
26	43
10	0
0	0
430	69
17	2
0	0
5	7
0	0
3	975
0	0
0	5
332	0
105	37
89	275
1172	0
85	0
1	3
2	3
121	0
68	463
54	0
331	144
0	0
267	0
2110	371
13	408
616	195
56	50
0	0
99	0
405	0
4	0
0	0
0	0
1	3
1	190
1	46
0	0
0	0
1149	77
450	0
360	48
1342	12
3	48
49	7
22	1278
0	4
7	24
2	0
3	0
162	617
0	0
0	0
0	0
0	0
0	0
0	0
0	0
24	0
18	1
0	0
277	287
1	995
0	2
10	15
8	9
218	558
3	0
7	0
193	157
2	3
14	0
2	16
1	46
13	80
53	5
1155	98
5	0
9	0
95	169
7	3
0	0
0	0
0	35
0	1
0	24
0	2
0	0
1386	0
317	0
0	0
7	0
0	0
0	3
0	112
54	140
3	816
5	19
0	10
144	0
1	0
0	0
0	17
2	0
0	0
0	0
7	879
483	0
0	0
1	158
37	61
166	1
102	225
92	72
63	225
5	0
55	0
64	0
1	0
24	695
79	0
0	1
102	79
197	14
0	5
89	459
759	34
0	169
0	17
3208	0
148	39
42	0
16	918
0	0
9	92
0	0
11	412
0	230
46	0
0	0
63	82
48	124
0	0
45	0
102	19
407	0
5	318
38	54
1	5
18	15
0	148
0	33
3	205
60	3
20226	0
12272	0
0	0
35	7
22	83
105	138
127	1
43	1
359	0
0	0
0	0
0	0
0	0
21	7
0	0
0	0
0	0
681	254
66	47
5	7
41	0
272	2
33	0
86	231
4	17
0	0
6	21
397	1
5	9
57	10
29	30
5	92
0	0
0	3
0	0
2397	28
0	0
636	194
0	0
0	0
88	0
9	0
18	0
11	0
0	0
0	0
0	0
0	0
0	0
0	0
0	0
0	0
0	0
223	641
685	0
94	51
52	28
48386	3
1923	0
1506	0
0	0
337	0
29782	3
0	0
18	1075
4	1316
1	27
12	430
51	7
21	0
71	0
254	0
96	0
5135	123
10	0
0	46
3	0
0	0
0	2
0	3
14	0
0	0
0	2
15	61
12	0
83	61
168	421
4	246
161	0
206	58
4516	0
50	81
0	0
0	0
0	0
0	0
0	0
280	2
72	3
16	59
326	0
0	0
1365	0
5	1
29	0
8	69
0	3
0	11
428	157
5	316
0	0
47	0
47	0
4	1
16	160
14	162
7656	8
209	0
32	0
0	0
0	16
96	990
0	0
55	193
0	6
420	0
157	0
22	0
3	58
0	247
3	192
10	52
0	0
0	0
18520	144
0	2
0	0
0	0
0	0
14564	0
0	0
293	0
50	12
72	161
304	0
0	486
385	432
8	48
56	738
109	1063
142	208
0	0
0	0
0	0
66	5
18	2
1338	3
27	296
26	50
5	156
1422	83
8	133
3	139
154	0
895	26
64	229
3800	113
13	98
21	4
0	0
261	33
0	0
1	49
13	0
24	92
0	0
798	168
335	1
0	15
0	14
0	5
5	47
0	33
28	304
2	20
0	0
0	10
1	14
0	0
2	247
6	717
10	125
1	0
8	0
0	5973
0	0
63	314
9	4
0	0
12	967
82	33
211	37
10	152
4	44
101	0
13	244
4	1211
379	16
0	0
0	0
106	465
26	0
0	0
2	0
0	14
0	32
18	2
11	45
7	267
84	0
119	330
0	0
1	42
2	7
12	9
105	213
86	84
6	11
163	36
83	48
17	0
0	0
1	4
11	23
61	117
50	82
0	0
0	19
578	121
0	7
0	0
0	10
96	0
0	0
318	395
4	57
3	427
1	0
0	867
310	175
0	0
0	0
304	25
0	0
3	701
163	78
16	242
134	12
253	20
133	0
25	0
11	0
30	11
300	6
56	152
76	17
0	0
168	40
306	0
4536	0
0	0
157	55
48	0
0	0
2	6
838	7
21	168
1	33
20	0
0	0
0	0
21	764
65	0
117	501
10	65
0	0
30	1
7	0
197	251
44	25
0	51
0	2
2	0
0	0
1056	40
31	0
0	0
1	1168
246	5
8	591
14	34
198	4
398	1147
24	15
2	0
1	0
1	0
1	0
0	0
699	2
60	0
0	22
0	0
24	0
5	21
0	0
7	132
1	108
0	160
0	0
0	0
2	14
0	16
215	0
17	23
907	0
8	333
6	0
52	11
18	410
0	14
0	0
541	0
0	0
1	0
0	0
6	50
0	14
1	1
75	1
251	0
16	30
45	1045
2	7
1	80
0	0
0	0
35	196
23	8
5	142
238	0
11139	1
5	0
3344	79
37	166
154	0
35	0
97	29
61	6
165	13
387	25
91	3
192	141
59	2
347	0
13	55
16	0
3	6
21	32
512	0
30	1
12	10
113	0
0	0
2	0
31	297
565	6
5	13
7	4
1	8
0	0
0	7225
238	0
0	0
5	0
0	3
0	143
0	11
0	5
0	0
0	0
0	0
0	0
1	0
82	0
92	73
64	14
119	95
26	1
104	0
0	0
0	89
199	244
0	0
88	150
0	0
160	472
0	0
1	27
0	12
0	8
0	0
29	163
7	450
0	0
0	0
0	90
80	543
8	2
2	56
0	0
66	25
1467	6
65	0
1	0
23	0
0	11
3053	216
888	214
0	18
0	0
0	41
0	0
5	4
0	0
0	0
0	1
1	107
8	0
240	536
0	0
10	0
208	0
1	0
0	0
0	0
5	4
0	0
6	263
0	0
0	0
8	0
0	0
0	0
12	7
2	38
42	98
102	0
0	0
27	35
16	54
51	19
2	0
0	0
0	74
345	0
125	37
5	20
5	0
0	0
7	19
0	0
0	3
0	0
0	32
2	322
0	40
5	66
0	0
176	0
11	0
134	70
2	8
0	0
0	0
1	0
11	2
0	0
710	1
0	0
95	9
9911	375
139	116
62	20
7	5
52	323
2	683
0	9
2384	165
0	6
0	0
0	0
0	0
0	0
0	0
0	0
0	0
0	0
0	0
0	0
0	0
1	2
27	1581
1578	39
34	0
140	231
0	5
0	2
14	0
21	1214
2	3
0	0
934	0
166	7
0	0
852	281
64	171
48	17
15	74
454	754
0	0
61	0
0	0
63	96
0	5
0	0
0	37
0	145
3	0
21	0
22	716
0	0
1	0
0	0
0	23
2635	46
0	0
0	6
10325	24
2	0
591	8
47	105
178	414
99	0
2	0
8	1
887	28
4	257
0	0
0	0
17	6
28	74
147	146
0	0
0	0
2	0
14	0
6	0
521	229
0	0
31	160
0	1
578	22
0	19
204	4
101	0
8	36
749	0
0	0
0	0
8	899
129	11
14	323
0	255
2	0
0	0
0	0
0	0
198	0
8	0
15	133
1	0
0	0
0	12
0	0
0	0
0	0
0	0
0	9
0	0
0	2
0	0
37	146
18	10
51	1
0	1
25	169
6	0
1	0
1	0
928	0
1	17
654	65
66	261
63	47
1	1
879	0
3	0
1	4
14	275
25	103
16	723
4	0
58	0
54	40
1507	0
0	0
319	0
0	8
6	12
438	0
0	0
0	0
0	0
0	0
0	0
0	17
0	0
1	3
54	162
4	0
2	8
0	0
7	8
0	0
59	6
0	222
143	0
48	234
6	0
0	0
0	0
1	42
0	0
0	4
14	176
131	19
28	29
0	2
2	47
2	205
13	2
8	2
0	0
0	0
44	2
23	127
0	0
0	0
0	382
5	127
2	34
6	21
20	0
30	111
3	14
1	0
6	0
2243	1
0	0
0	0
4	0
223	19
3	21
0	33
0	18
0	0
0	0
17	47
0	0
0	0
0	114
0	1
2	6
34	294
0	65
7	318
2	98
14	374
27	75
16	111
26	85
6824	0
1648	649
0	0
3	0
0	0
135	0
83	212
2	312
12	28
222	0
1469	0
684	0
46	18
9	366
0	0
0	0
42	0
142	454
0	0
0	0
0	249
0	0
303	0
0	0
19	0
0	0
89	119
118	0
33	149
66	11
177	0
84	0
8	112
3	4
0	0
4	0
1	0
0	0
0	0
0	0
3	0
0	44
18	0
313	0
200	0
52	3
11	0
0	5
0	0
3664	0
2466	0
944	1
5	0
545	1
0	0
73	1
40	93
15	14
0	2
0	7
50	0
77	0
231	15
255	1028
0	8
0	0
14	22
118	106
102	38
70	260
0	5
0	0
0	0
9	29
0	0
6	7
0	5
70	85
0	0
4	154
28	61
0	0
26	1
447	3
129	0
82	2
32	0
288	0
0	1
1892	2551
0	0
34	619
7	0
21	0
58	0
91	1
2221	0
1069	0
868	0
612	0
4	1
0	178
0	26
644	25
67	2
15	0
30	0
0	8
0	21
92	11
3	51
0	138
5	1055
0	1
0	0
4	3
0	0
0	0
43	0
10	299
30	3
0	16
8	41
0	813
1	1
0	3
0	8
0	0
161	109
0	0
29	0
29	0
55	62
3	10
0	0
95	1109
14	89
0	0
34	38
1	4
0	6
144	0
29	52
0	0
7	17
1216	408
7	94
23	341
238	170
1	0
29	84
121	31
0	1
11	3
21	0
30	179
142	232
89	0
9	0
79	6
141	6
84	0
142	38
14	0
65	156
317	23
35	0
0	0
22	0
15	0
0	228
0	0
108	3
3340	0
0	22
0	0
0	0
11	0
1	23
2	90
8	1471
3	19
2	81
96	174
1	0
3	9
0	11
0	0
0	0
1	0
0	0
289	103
311	56
2268	56
141	2
2	0
0	0
0	0
178	0
0	0
89	7
39	3
148	134
0	0
0	1
56	1171
370	36
6	91
3	14
0	3
2	2
0	0
0	0
3	199
80	72
50	119
1	12
0	17
0	0
20	6
0	0
4	164
0	4
117	16
30	111
0	65
56	939
75	210
6053	0
13	0
165	18
42	0
0	2
0	0
1201	515
52	0
13	0
22	5
6	337
33	276
175	3
53	158
3241	991
47	271
274	3
12	0
2715	8
31	22
21	0
666	0
0	0
0	0
297	1169
11	261
23	0
29	61
13	5
8	8
29	14
34	393
780	3
20729	988
37	0
106	25
0	9
2	15
4	0
0	0
0	4
0	0
0	0
0	0
0	0
0	0
93	82
0	0
0	0
1	20
86	199
1277	0
12	12
0	780
18	13
0	0
151	0
0	0
0	0
0	0
15	6
20	0
4	19
4354	0
77	1
2504	0
1	9
0	0
3	0
42	186
0	0
0	0
0	4
2	16
0	0
0	0
0	0
0	0
1	71
0	17
301	222
3	5
0	0
0	19
3	29
0	0
0	0
1	0
20	131
0	10
0	12
4	0
0	0
0	0
5	0
5	0
0	0
3	0
121	0
16525	398
0	4
0	0
1	7
0	0
0	0
1	0
0	0
96	67
65	110
1	43
69	142
186	2
1	45
9	0
172	0
1	1282
4	0
19	0
569	191
42	1
1036	1
19880	895
117	16
1	5
15	2
975	0
398	0
762	0
1336	26
0	0
0	0
0	0
0	11
42	11
0	0
29	2
158	27
27	91
0	0
0	4
1	0
12	0
0	0
0	0
1	56
156	9
4	3
4	16
2	21
0	5
3	103
0	0
0	0
1757	37
0	864
19698	0
248	15
1518	27
3	31
0	120
9484	3
440	1
1	1
69	18
64	0
100	1
47	119
29	0
0	0
0	0
69	1148
0	0
112	46
40	237
330	374
81	23
29	583
3	4
0	0
0	0
0	1
0	0
0	10
0	0
0	0
0	0
12	87
0	3
111	2127
0	0
0	0
33	23
47	327
69	0
26	13
0	0
173	210
0	14
162	80
42	3
18	46
34	433
0	0
0	3
0	5
108	36
6	0
3	72
842	189
0	0
0	12
0	0
20	2
89	0
7311	642
2596	61
0	0
0	0
0	0
0	20
68286	1
16	0
82	15
139	2
2	0
8	0
8805	1
99	0
0	0
0	47
125	0
0	0
136	279
25	122
41	0
2290	89
48	22
485	601
867	42
2338	1877
4399	1876
15	115
0	8
14	112
4	116
1	135
0	23
24	0
0	0
0	0
2	2
0	0
0	1
44	24
949	2
4	186
173	268
5	2
40	5
89	0
70	0
17	895
61	185
23	0
11	0
57	27
147	56
377	4
1	49
66	0
839	75
15	15
263	149
3454	2
24	61
0	0
4	0
0	0
0	0
0	0
0	2
3	0
314	1734
34	76
2532	148
176	0
22	0
199	0
176	969
1420	0
0	0
5	10
146	491
0	0
270	40
56	0
0	0
0	11
1	21
996	1201
0	39
1026	394
19	0
62	48
1	0
25	0
20	1
13	0
26	0
47	275
21	0
173	3
41	0
5	0
0	7
49	21
0	24
54	2
165	14
9	62
180	30
45	48
43	0
26	4
92	5
48	87
4	0
82	0
22285	8
571	0
33	0
16	0
2408	0
9	0
0	0
0	0
3597	384
5	45
174	245
354	74
2	290
83	1703
12	890
29	68
151	922
45	0
14	10
116	62
50	1035
0	0
6	74
2	55
76	3
592	0
82	0
6640	0
12355	39
1006	213
1386	189
12	11
3	20
190	0
398	43
453	0
1276	16
1085	41
0	0
766	40
0	0
34	14
0	0
111	0
111	0
22	30
4	0
1251	42
60	8
20	0
20	386
19	19
1510	1
424	0
87	0
72	3
1	0
0	0
38	0
2	1
1057	38
0	0
0	3
3	0
0	4
8	2
54	1
114	1
1482	142
683	20
32	0
229	18
0	0
12	0
0	0
0	0
83	57
58	1
94	1258
50	108
68	22
0	0
30	322
13	1
225	250
0	0
0	5
1	0
0	0
0	0
0	0
2	0
0	60
85	132
55	86
29	341
135	9
1638	1080
52	5
170	5
19	143
165	0
167	1
0	0
263	7
159	0
0	0
0	0
0	0
0	0
0	0
0	0
21	5
60	0
59	0
42	197
161	183
16	4
303	0
99	37
5	123
0	0
5	138
0	0
8	149
240	623
0	25
0	0
579	475
122	0
0	0
17	47
0	0
3	262
56	617
5	55
29	13
0	0
0	0
1	0
103	132
3794	103
55	0
19	0
0	0
4	21
76	0
15	0
0	0
40	14
36	0
100	35
179	400
68	0
26	4
193	108
76	12
0	0
50	54
0	0
23	0
74	0
1	14
0	2
0	0
4595	4
24	0
3	71
0	0
0	0
40	1289
1	0
0	0
0	11
0	0
18	8
160	9
0	0
10	98
4	0
29	1614
0	0
31	73
53	27
229	20
18979	0
4033	0
185	9
47	939
5	0
4	93
116	22
0	0
25	28
47	59
7	5
32	2
7	0
4	0
31	0
7	0
0	0
8	0
111	1
0	0
2	0
0	30
27	0
0	0
0	0
37	1228
413	878
1	69
80	5
1	0
42	1
0	5
17	0
42	4
0	0
29	124
7	0
0	0
0	0
4	26
358	1199
35463	150
37975	8
0	0
1	82
190	0
12	0
235	0
3	0
0	0
0	0
6	24
28	178
2	16
0	0
112	1
0	0
101	0
128	1
332	717
461	130
3964	0
78	0
100042	9
23	0
33	4
20	0
457	0
37	0
0	0
0	41
9	84
0	18
8	242
5	10
0	0
284450	15063
234641	15073
41	80
24	300
2	0
2	43
20	0
24	43
15	716
29	0
359	18
194	113
23	1
1	260
94	92
29	0
226	314
0	0
8	0
0	0
0	0
0	0
31	1
0	0
0	0
0	0
0	0
0	0
23	45
37	0
2	43
114	742
0	42
494	0
62	54
67	0
42	104
0	44
12	9
3	0
25	2
184	194
38	0
384	0
3	15
3	63
39	164
1	159
21	0
2	12
1	34
2	48
10	0
0	0
472	279
188	25
255	59
62	0
70	237
0	1
27	26
0	0
4	544
1	647
12	67
36	181
8	399
192	83
0	0
8	74
0	0
10	55
31	1
162	0
797	15
1	0
0	0
0	0
7	0
6	946
4630	1
3	339
15	156
17	0
291	37
81	12
2	1
218	346
56133	5
96	0
20	982
0	7
52	116
1	9
0	12
0	2
0	0
38	976
0	27
0	0
3	0
6	0
0	0
72	12
0	52
24	1
13	69
21	0
1	0
0	0
1	33
1	1
48	13
969	0
13	0
85	133
242	886
1	0
102	2
114	0
70	0
7	0
0	16
0	0
1	959
188	21
170	0
88	173
0	0
33	64
3	266
50	0
9	0
3	1
0	257
0	47
43	0
910	0
4	73
2	64
40	0
224	0
93	61
205	12
8	66
224	0
4	0
13	44
0	0
2178	76
5704	82
59	17
220	0
5	35
0	0
180	5
4	336
0	0
2	0
38	1544
0	0
0	0
5	104
0	2
42	0
91	0
53	98
45	279
56	99
1838	262
0	0
47	0
1	0
1	19
75	0
277	2
126	0
61	0
279	0
17	135
0	0
59	0
120	55
196	34
38	66
2	1
219	32
3	0
42	1
0	0
2	0
0	0
1254	126
0	89
0	0
0	0
0	23
0	12
751	528
0	868
0	33
86	397
43	56
1706	0
13	44
0	0
0	0
0	0
0	968
0	0
0	0
2	1068
0	1
56	0
0	0
0	0
0	0
339	46
3	18
144	89
392	0
32	0
0	27
59	1
0	0
134	284
0	0
0	0
82	5
0	0
0	6
2	62
0	0
0	0
0	0
0	35
0	0
7	0
4	164
49	1
1	1
444	99
29	2
0	0
237	5
0	0
0	0
10	1
34	10
65	0
55	1
66	148
879	0
39	2
109	1183
0	0
19	0
0	0
15	0
2	47
0	0
0	0
0	0
0	0
0	0
0	0
20	1
1	0
1	0
17	0
3857	977
14	319
0	0
12	161
338	14
250	0
74	0
66	0
13	4
0	0
584	0
133	105
167	19
0	9
95	260
0	5
21	90
8	34
4382	0
24	0
106	9
0	0
1	28
0	2
15	53
0	3
0	23
0	7
42	1432
35	83
0	0
0	14
0	0
19	0
41	8
14	115
20	22
52	1812
1	2
0	0
886	158
7	275
0	0
2	85
1	0
0	0
0	0
0	68
0	0
0	0
0	0
315	93
0	0
0	0
0	8
0	18
0	0
0	0
350	284
4	0
28	126
108	863
0	3
0	183
0	0
8	1
623	0
0	0
28	0
11	1038
0	0
2	741
40	29
45	27
66	26
0	0
175	0
10	154
3	273
0	254
0	0
3	8
1	135
40	0
3	0
0	0
24	188
0	2
0	7
38	0
85	0
0	0
15	2
133	95
69	119
0	3
0	0
36	0
3077	1
44	412
2	18
1	33
15	9
76	0
93	1438
835	0
198	0
0	0
69	1
0	1
0	0
7	301
558	0
0	0
665	532
517	0
40	0
8	74
13	1460
0	0
15	0
8	0
8	110
31	0
33	36
0	0
0	2
0	32
132	6
40	92
0	0
163	145
108	2
3072	388
91	0
140	43
0	0
0	0
256	379
25	101
0	38
0	0
0	2
0	4
0	2
392	167
66	74
0	0
3	0
0	0
201	0
1	0
0	0
44	0
3216	13
0	0
120	34
8241	1
751	0
468	71
0	33
81	0
176	0
0	0
0	317
0	0
0	0
0	38
4	951
1	78
329	32
2	7
0	8
44	1
0	0
0	54
102	161
3	149
1	3
71	26
22	0
0	0
0	0
156	206
15	14
0	0
20	57
761	4701
0	1
0	0
0	0
30	0
1	0
482	81
990	1747
28	54
0	0
933	4
58	171
81	0
343	0
2	0
14	202
10	735
0	0
21	0
45	0
0	0
136	26
450	115
141	57
166	87
831	0
0	0
101	0
35	20
9	21
0	1
0	0
1	5
61	569
22	44
27	93
7	243
1	182
47	41
157	0
10	44
694	0
26	1
0	0
1	0
34	72
875	0
199	5
1756	139
158	139
141	3
304	1
291	1
0	0
0	0
204	3
217	301
62	0
39	1188
455	1
166	0
0	0
0	0
0	14
0	0
0	0
53	2
478	18
625	1
363	4
0	0
0	0
12	0
0	0
0	0
0	0
0	0
28	0
0	0
4	8
2	43
14	1032
5	24
66	0
1	14
0	3
1	161
0	0
7	57
2	6
0	0
40	1
0	0
177	2
122421	605
10643	602
0	0
0	0
12	50
0	0
160	487
44	30
14	41
21	606
46	0
62	0
639	206
0	0
0	25
114	13
19778	1
3	168
390	88
0	902
0	4
14	37
46	204
11	633
8	22
2	0
0	0
0	0
0	0
0	0
0	49
18	0
6	67
22	57
32	0
0	6
763	63
1	14
0	0
96	19
7	2
7	0
713	0
5	1
0	0
13179	1015
1	133
8	134
0	455
1	0
0	1
0	20
0	0
0	0
36	286
1	78
0	6
0	11
0	0
0	0
0	0
21	8
217	128
442	297
0	0
4	0
0	805
0	0
2	27
2	169
0	0
38	494
1	1
0	0
0	0
0	0
0	0
0	0
0	0
3	123
0	0
1	5
137	0
48	115
129	8
41	17
338	476
1209	205
0	38
1	7
0	24
22	51
0	0
0	0
0	0
0	64
53	0
0	198
11	0
3	19
0	750
0	0
0	0
0	0
85	0
0	0
305	81
1	763
1	1
0	0
0	0
0	0
15	3
83	98
2	4
537	1
36	0
116	0
10	4
33	0
0	0
92	0
141	476
13	0
15	29
0	0
10	105
0	1
64	0
0	0
0	32
10	157
17	0
15	166
0	0
56	1
0	4
1	20
20	82
4127	0
5406	7
33	0
303	0
50	3
78	29
0	0
0	0
0	0
659	0
1	774
811	25
1	35
54	1
30	0
52	0
25	780
0	23
3	10
718	117
0	0
0	0
76	905
717	176
0	0
0	0
0	4
0	0
71	611
16	6
9	58
9	73
0	0
0	0
61	137
16	5
78	32
0	0
0	0
4	121
118	2
54	0
263	0
32	0
0	63
3	137
0	0
870	3
284	545
2	78
0	4
21	2
0	25
8	105
167	141
143	24
57	198
5036	1
41	0
3	3
0	913
0	0
0	15
0	2
3	6
2	0
469	2
219	41
256	4
80	1
109	3
453	35
0	0
0	0
0	0
0	0
0	0
0	0
51	2
64	0
0	0
0	13
3	0
626	3
547	2
352	906
19	0
492	1275
66	103
44	13
79	1662
5	0
1	0
19	11
40	0
6	0
0	0
32	0
119118	6
42	24
25	2
5	3
0	5
0	11
0	0
9	31
0	11
0	0
125	112
901	124
0	13
0	60
68	1
5	132
0	0
17	0
28	57
205	0
12	14
5	18
1	0
0	0
0	0
3	11
0	2
7	108
0	0
0	5
0	0
88	731
190	0
35	0
35	2
121	1
81	0
794	54
163	0
6	0
10	0
14	0
50	0
0	0
0	0
2	0
1	0
141	3
60	0
141	0
24	2
1	0
449	0
289	80
83	0
370	0
112	1508
0	3
3	0
0	0
0	2
7	1
4	59
469	0
12	669
99	154
38	122
4	300
0	0
0	0
0	0
0	0
22	21
167	82
1	14
0	1
715	0
45	0
0	0
0	0
68	0
7	13
1	27
40	3
93	10
3	0
404	7
2	11
17	21
1	0
0	462
10	28
0	22
0	126
9	0
184	0
0	9
0	4
0	15
6	31
38	31
203	83
70	0
0	0
7	157
0	1
3478	46
3	0
73	0
442	0
23	101
4	246
1964	30
221	0
42	66
0	0
11	0
95	23
0	0
1	63
207	0
67	31
0	86
0	32
1	0
0	0
0	0
0	0
0	0
7	64
82	137
8	0
0	0
0	0
73	2
155	0
2	0
30	12
0	0
35	264
110	2
7519	164
9479	2
670	4
4	0
20	44
46	231
263	4
16	0
78	0
93	0
1	57
56	0
206	4
62	74
297	0
0	9
0	78
0	0
2	0
529	28
15	0
698	388
308	51
110	5
15	0
6	0
77	148
70	0
3	277
208	0
13	257
0	0
1	7
0	0
1	0
0	0
0	0
5	0
0	3
1	3
182	0
1	109
6	71
0	0
1	0
0	0
0	0
5	0
0	0
193	64
62	11
35	0
0	0
30	149
230	481
0	0
6	16
0	0
0	0
0	0
39	1778
0	12
0	0
0	0
28	0
118	0
81	137
6	0
3	28
0	0
34	3
0	0
1	0
59	0
0	1
19	0
0	0
1	0
0	79
214	1333
0	0
14	101
0	0
0	0
0	0
0	0
132	187
0	9
0	0
0	0
18	878
8	0
0	21
0	0
17	0
6	0
167	0
5	112
0	19
12	484
153	0
0	2
49	0
5	0
22	994
0	1
3536	0
10	180
0	0
1	0
0	0
240	471
95	232
26	18
23	512
10	206
52	320
403	59
1	0
0	0
10	122
11	1
0	0
220	3
207	0
517	505
356	174
17	13
236	259
295	21
5	50
0	2
1	0
1	26
7	0
0	0
0	0
14	0
983	51
229	22
412	0
127	0
74	1
98	147
2547	1121
0	15
0	19
7	0
12	58
16	148
0	14
0	0
0	0
0	0
0	5
49	32
54	0
52	246
21	0
0	0
837	2
0	11
22	0
0	1
12	164
0	2
22	103
0	9
5	65
14	24
28	148
339	0
11	863
0	5
0	0
0	0
11	0
87	0
0	0
0	0
0	2
343	0
2248	3
3	0
168	0
7577	0
239	0
138	0
71	0
505	0
126	0
101	247
91	53
4062	0
171	0
9	0
0	0
3	0
0	0
130	36
70	110
4	23
89	53
1	44
254	1
541	558
19	0
96	77
55	0
26	70
0	0
7	5
0	0
16	0
81	12
288	33
4	0
5	124
179	5
0	0
0	2
12	86
0	0
0	6
7	0
0	0
79	545
0	0
9	37
124	7
10	341
28	17
0	1
0	2
1	0
9	58
0	0
0	0
15	3
21	34
49	520
0	329
75	71
35	4
164	74
27	0
185	384
0	0
3	16
25	349
0	0
1041	26
18	1
0	0
4	131
0	0
1	3
3351	415
0	0
0	0
266	20
5342	271
254	158
0	0
22	0
26	8
29	277
128	5
6	89
0	0
5254	1208
7	0
137	0
51	884
11	0
59	0
54	0
502	0
0	0
42	0
911	154
0	1
14	0
14	304
157	78
265	0
0	0
0	0
9	8
19	15
190	164
0	0
1	4
0	0
0	0
0	0
9	49
2	0
83	139
0	0
25	0
105	66
1407	0
409	140
0	0
13	47
4	135
0	0
0	0
102	1
716	26
8226	0
3	0
388	390
15	0
2	0
2067	509
117	15
127	11
9	0
1	69
65	26
3	5
0	0
0	0
0	0
54	2
7	0
122	1088
39	0
1	332
432	0
7	189
11	191
3	2
113	81
0	0
0	0
15	2
0	146
0	0
0	0
53	0
32	58
128	23
0	0
380	36
1	285
0	81
20	218
0	0
0	0
0	1
0	0
3	1
32	0
63	86
11	9
348	92
0	0
0	0
1	0
35	0
52	0
55	638
4	0
126	0
0	22
2	46
0	0
0	0
29	234
482	0
562	0
1046	0
57	0
44	0
383	0
0	0
0	5
0	1
164	4
78	753
26	0
351	7
16	224
149	116
27	3
153	37
12	0
0	1
0	0
328	7
21	47
1	0
500	15
1073	2
229	0
115	276
4	0
3	0
0	16
0	1
0	0
2	23
0	0
58	71
0	0
9	0
161	0
52	0
183	29
204	111
13	0
67	5
5531	46
6838	48
49	22
23	17
36	0
139	79
44	8
18	0
64	4
65	4
0	111
47	0
26	7
0	3
0	0
0	0
0	5
3	1
0	93
0	0
14	0
237	518
85	0
129	35
110	93
25	16
73	108
0	32
1814	0
0	16
3658	24
89	1
0	0
59	0
419	1
0	0
0	0
1	74
1	11
2	0
0	0
1	16
0	480
1	2
176	88
13	49
193	10
0	0
3	0
171	232
2586	3048
0	0
2	146
0	4
0	11
4	0
0	0
0	0
0	0
9	16
2	0
1	0
0	0
0	0
0	0
1	0
0	0
0	0
2	47
40	0
0	1
0	17
3	84
49	98
15	539
0	587
0	0
2	0
1	67
1	41
0	21
1	0
125	5
0	0
1	0
65	0
31	0
147	51
5	1
9	72
0	0
31	0
80	40
898	1
60	9
4	135
0	0
1227	60
2	102
0	0
0	3
0	0
0	38
85	119
38	316
132	0
265	0
39	0
0	0
234	465
0	3
0	1
6	81
0	1
104	81
0	0
54	127
10	21
68	9
212	2
25	54
13059	1518
7	73
3	2
1	37
1	0
0	0
322	0
19	12
0	1
0	0
9	0
0	0
0	0
13455	67
8	4
9	0
3608	0
168	0
215	996
51	0
0	0
30	3
0	162
0	0
1	13
54	0
329	0
0	0
4	81
0	0
4	571
0	0
0	0
9	127
1	0
1	0
0	0
23	10
0	0
64	31
71	17
0	677
27	83
0	5
0	0
0	7
19	225
92	95
26616	1
90	93
7	1
2	21
29	145
11	37
0	7
19	1173
3	15
0	481
0	9
10	72
209	74
0	0
9	0
1	15
0	389
36	796
82	0
145	101
196	0
19	16
35	14
54	61
0	1381
3	3
0	0
3	22
0	0
0	0
58	136
5	0
1	2
63	178
33	48
0	0
0	14
7	9
1	315
0	0
0	29
0	171
24	71
0	9
0	0
0	0
188	138
40	0
59	0
24	0
3	14
361	11
54	5
14	74
2	0
12	35
2	0
0	0
1	5
0	4
0	1
0	45
2	124
31	2
76	1
5	92
98	1
4	170
115	0
149	626
1	14
0	0
0	0
0	206
0	95
10	877
1	0
0	0
0	0
4	91
38	7
5	107
1116	0
19	10
39	1
79	26
1	0
4	313
2	49
31	22
91	288
120	104
200	275
589	0
25	209
0	0
1	130
0	16
45	53
16	56
1	3
5	3734
1	0
148	41
386	496
30	37
11	160
169	1915
63	11
8	301
30	0
75	57
1152	560
0	0
0	0
9	0
0	0
1	0
10	62
1	8
0	3
0	6
1	62
0	0
0	0
2	137
4	34
147	33
729	63
3	0
0	0
21	172
0	0
1	0
0	0
0	65
0	30
0	34
2	0
1	137
0	0
0	0
0	21
100	0
2021	528
38	22
0	96
27	4
7	10
0	0
1	23
155	191
2919	6
0	0
0	0
0	0
0	0
65	0
70	0
99	1
267	179
5	13
54	126
5	0
6	0
2	0
1	701
868	103
69	195
69	0
63	618
3	10
0	3
6	53
5	85
0	1
133	14
10	2
7	0
49	31
42	0
0	0
4	27
156	10
196	85
0	0
147	884
1	5
44	0
9	0
1	95
144	147
45	3
642	0
160	48
67	3
5	330
4	0
30	173
4	1
1	507
0	0
0	0
1	534
0	2
0	13
154	557
5	60
58	9
0	0
6	1
5	6
11	0
0	0
29	0
0	0
193	14
60	0
34	14
127	12
5	113
15	177
0	0
0	26
2	9
0	0
10	0
0	0
0	0
0	0
5	8
0	0
774	311
90	243
4	105
343	0
0	1
3	54
0	0
55	1
58	138
62	12
1	2
18	79
7	25
0	61
0	0
0	0
68	0
11	59
0	8
34	0
0	0
13	46
1	24
5	23
65	705
8	0
3	107
63	993
0	0
55	0
566	0
394	63
1	5
23	5
23	0
2	3
0	0
0	0
0	1
0	0
0	0
16	73
8	77
240	128
53	85
0	0
0	0
0	2
0	406
47	13
0	0
109	0
0	17
0	0
7768	676
77	0
874	261
346	556
45	22
0	0
13	38
0	0
0	2
899	0
0	0
1	18
0	0
0	1
12	1566
0	6
235	534
36	38
3	25
15	39
90	56
145	262
635	0
71	606
24	0
10	2
4	18
35	54
182	181
0	0
0	0
0	0
0	0
18	0
5	0
0	0
0	0
2	0
0	0
12	479
4	0
21	9
8	95
0	922
38	47
551	846
0	62
65	0
6	31
13	2
7	9
0	22
0	0
1	0
0	0
67	671
221	175
16	75
731	18
85	0
6	1008
2026	2
25	18
2	5
0	0
0	0
0	984
0	0
0	0
15	0
8	58
32	311
3	27
0	106
0	2
15	64
0	0
11	28
0	0
0	0
0	0
241	0
0	0
0	0
1	0
6	58
0	0
0	0
6	3
94	710
12	0
7	3
45	23
1	0
2	0
0	0
0	0
0	0
1	7
1	33
0	0
9781	0
18688	1
12039	4108
41562	4151
11309	1
22975	3
0	0
0	0
23	365
0	117
359	137
962	0
0	0
0	0
16	170
0	1
0	6
20	0
0	0
1	712
19	255
0	0
0	98
20	59
0	1
6	274
37	0
259	226
218	644
0	0
0	0
24	0
0	0
154	13
170	130
52	51
2498	0
1	23
0	41
131	0
439	109
124	46
0	0
1084	32
46	36
529	10
142	0
54	64
96	421
4	0
17	11
8	54
531	0
1276	186
106	0
225	464
64	0
4	5
9	5
0	202
0	0
0	0
0	0
0	0
137	141
0	1
60	34
0	42
13	101
0	7
0	2
3	164
16	28
360	303
0	0
5379	155
0	0
0	0
0	0
0	0
21	522
0	14
1440	0
28	46
14	0
0	0
89	106
3	215
0	0
0	0
0	959
6088	21
97	100
103	38
50	205
11	3
21	1416
0	0
34	1
1	0
2	0
15	25
92	11
34	0
20	601
45	0
13	0
2	1
0	0
0	0
3	125
3	0
38	0
39	6
128	52
128	586
313	0
106	4
0	0
130	1
89	18
76	0
48	7
26	0
30	0
9	0
211	176
0	0
0	0
3	30
2	0
0	0
429	0
0	0
158	41
35	27
12	214
2	11
7	0
0	898
0	12
0	0
20	0
125	7
2	0
0	0
322	6
11	0
0	3
451	0
598	0
12	411
0	0
3	109
1	0
0	411
4	538
0	255
36	468
170	460
14	44
0	0
0	7
10	136
153	204
0	0
0	0
0	0
0	0
0	0
0	0
17	3
0	0
0	0
0	0
8	31
19	1473
0	0
0	3
6	70
15	120
2	115
5	70
14	145
0	0
16	49
0	0
0	0
2	41
0	0
0	0
0	32
92	10
11	159
10	0
0	0
0	1
1304	23
0	0
1	1
0	0
15	62
400	83
68	265
28	103
16	0
0	0
11	508
4	177
41	440
49	41
188	0
0	0
3	0
2048	141
212	6
63	1
0	0
2	1
17	2
29	0
19	0
18	33
1	4
0	4
20	0
23	0
0	0
0	0
30	2
21	0
3	0
42	0
2	0
17	0
10	0
10	0
0	3
3	0
0	48
0	1
0	30
7	30
0	3
15	10
11	40
510	1
143	0
183	5
1	24
54	32
45	0
48	35
242	171
272	3
0	35
53	134
27	0
109	0
0	0
33	0
0	0
0	0
0	0
0	0
0	0
0	0
126	0
473	131
0	0
0	0
0	0
0	43
176	462
24	0
66	0
0	0
327	1519
4	19
62	6
0	0
19	369
13	987
0	0
35	130
106	32
141	3
65	13
405	2
426	0
38	109
0	1
0	8
1	30
6	70
24	29
0	3
2	15
0	1
2	17
95	0
229	25
0	0
167	3
146	3
34	16
134	16
174	18
2	138
2972	0
64	778
5	117
39	64
0	0
3	0
35	198
0	0
0	0
0	0
0	0
2	84
7	23
0	0
0	23
0	7
0	0
0	0
29	0
122	0
134	0
47	0
26	22
126	0
4	0
12	405
0	0
11	81
14	0
875	390
16	132
22	14
0	0
6	0
87	1338
0	1
0	17
0	14
5	1246
8	3
0	3
6	1321
25	83
28	6
14	16
0	2
2	103
2341	0
0	0
0	0
5	2
87	44
37	0
61	1
0	10
3	157
91	735
4	7
8	5
0	1
33	1487
0	3
0	0
4902	21
11	58
36	342
0	0
0	49
4	0
3	0
14	33
3	7
0	0
2	0
418	0
39	0
211	84
3	0
0	0
1	0
94	174
4	5
0	0
0	0
3	21
113	0
0	92
0	0
55	11
1	7
7	22
16	0
80	14
0	5
2	59
0	0
88	0
0	36
20	1
8	80
21	172
0	68
6	21
0	31
0	0
9	69
378	145
33	351
650	1136
60	16
176	8
49	194
13	9
0	2
0	45
4	0
5	24
125	0
16	0
3	311
5	75
0	0
15	195
719	91
333	91
32	118
1	3
17	9793
30	654
9	505
2	12
0	0
0	0
1	309
0	66
51	128
7	879
18	430
0	0
16	162
5	0
1	23
0	0
1	74
1	22
0	45
0	16
2	1
33	336
45	14
97	55
122	0
40	0
16071	3
0	0
1039	0
25	138
1	10
2	15
21	2
987	20
13338	132
4	0
2	932
0	0
0	16
0	0
2	71
0	23
20	16
2	20
7	14
3	745
5	62
0	20
554	297
3812	18
108	15
77	0
359	88
0	0
5	9
0	0
0	6
28	6
0	0
49	0
279	2
3	16
6	18
40	82
0	0
0	8
0	0
0	198
11	235
9	975
10	2
68	322
48	195
3119	50
5	0
0	15
14	247
21	6
47	93
0	1
1	13
1	16
158	45
109	0
4	0
409	6
15671	2306
5	146
12	7
0	0
0	0
0	0
0	23
8	277
0	8
18	5
530	0
133	1
633	24
1	0
0	0
0	0
902	12
78	0
7	0
109	18
2	0
278	1
3091	30
3	0
4	61
0	1
0	0
0	0
7	2
0	0
7	163
0	0
0	0
8	9
1	0
0	0
0	17
42	1
696	8
6	19
275	91
0	0
0	0
0	0
7	144
23	162
0	0
447	40
91	86
2	35
0	0
0	0
398	289
0	3
0	0
0	0
0	0
1	5
135	267
0	0
227	8
0	0
7	189
0	5
98	50
3	21
0	53
27	55
2	2
0	0
0	3
0	4
1	69
100	44
11	24
108	50
5	32
39	2
1	28
0	0
7	24
2625	55
239	2
0	75
32	31
48	11
435	1029
0	0
5	53
0	13
0	3
8	16
461	30
0	15
0	0
0	0
0	0
0	0
0	0
0	0
0	0
0	6
2491	0
0	0
227	81
46	28
70	228
73	4
10	0
277	0
3	41
0	9
1	232
1	0
0	3
36	126
0	1
28	10
0	0
0	0
0	0
0	0
0	0
9	0
123	130
400	193
5	0
0	0
22	1
0	4
3	4
0	4
153	97
0	1
0	15
38	0
2043	0
574	1036
1	14
266	240
29	12
8	0
2492	1
285	0
17	0
36	0
8416	171
1746	27
0	0
0	0
0	0
0	0
54	35
0	0
83	0
409	133
0	5
40	216
13	0
478	68
257	176
1247	962
0	0
0	0
0	3
0	0
0	0
0	9
0	1
0	0
0	0
77	9
0	0
49	541
11	14
597	62
161	1
21	0
21	2
0	66
28	370
0	0
0	14
0	0
0	0
0	0
0	0
32	328
6094	0
68	2
25	10
2	0
3	159
118	203
0	0
1	0
0	0
272	2
1301	37
728	929
47	1
85	41
56	1
448	31
20	0
0	0
0	0
0	0
42	0
15	62
0	21
69	0
61	42
19	5
345	747
3	0
0	0
0	0
19	97
0	166
174	0
242	0
0	0
5	556
0	0
6	20
0	0
9	121
189	0
79	0
0	0
0	4
0	5
1	1
0	0
0	0
0	0
0	0
0	0
49	3
10	1
20	0
71	0
345	9
172	0
14	157
0	0
0	0
0	0
1	16
1	7
0	0
0	0
1	0
15	263
0	0
81	0
0	37
0	0
1076	0
19	3
46	0
210	26
302	800
0	795
36	0
0	0
9	807
116	2
19	0
719	13
0	0
0	0
0	0
6	7
1	0
115	454
327	0
42	13
0	3207
23	146
0	30
212	73
173	2
0	105
0	0
16	21
5	1
0	0
4	912
0	6
0	0
21207	19
0	0
0	0
0	7
0	0
36	159
10	71
1	34
3863	188
452	0
7681	0
2	0
5	0
1	2
10	182
6	9
0	0
1	0
0	0
8	211
0	19
34	205
0	196
385	51
3323	211
16	0
18	48
0	6
0	0
0	3
3	2
1	14
38	34
221	679
76	0
20	5
1	3
0	0
0	18
2	29
58	282
5	1520
0	0
0	0
26	1
26	149
15	11
20	655
0	8
2	1
41	0
47	54
0	0
156	7
4	528
0	0
0	22
28	864
0	0
0	0
0	0
0	0
3	0
1	0
5	0
3	0
224	0
316	49
77	0
44	0
29	15
3	11
6	64
26	111
9	66
0	0
57	197
35	20
122	0
162	184
0	1
4	17
0	0
0	0
5	188
5	25
0	0
35	91
51	0
51	0
1865	0
1869	0
199	1471
0	0
0	6
272	0
3	2
0	0
0	0
0	0
46	0
11	0
27	9
35	157
0	0
0	4
0	0
0	0
0	0
36	12
37	130
730	2145
21	143
83	12
12	974
1	198
144	35
0	19
356	1178
0	8
433	128
0	3
0	73
0	0
535	24
6	16
84	0
1883	107
2	47
0	0
5	0
215	7
4	4
0	1
1	2
346	940
49	73
1	0
0	0
26	4
105	0
4	14
22	116
14	302
0	0
7	46
1	0
17	0
10	0
23	0
69	0
0	0
1	9
54	1170
0	1
0	0
81	15
15	1
139	1
11	317
4	0
0	0
0	106
0	0
76	0
5	44
2	748
58	23
0	2
0	18
3	254
48	28
4	461
2	99
20	439
516	0
73	0
56	86
13737	0
51	2
44	3
83	0
113	0
0	35
1217	2
167	3
0	5
0	0
139	28
0	0
68	131
0	1
0	0
0	0
0	0
8	32
38	154
0	1320
75	676
45	45
0	10
143	16
233	7
2	180
1	23
9	4
0	11
0	0
2302	32
0	0
0	85
55	96
13	1935
0	320
213	8
0	0
3	121
1	0
3	30
36	808
0	0
0	0
1	0
9	84
7	419
50	154
33	206
0	1
0	0
0	14
20	257
142	104
100974	18
47926	14
12	0
287	1
81	7
57	58
7	15
0	0
0	2
0	0
5	0
355	126
3	90
107	26
9	152
26	424
97	0
266	16
0	1
61	0
652	0
3	0
15	0
21	467
18	519
1	39
0	9
751	0
14	156
0	7
0	0
0	8
0	0
0	0
2	0
0	0
23	7
13	37
43	2
4	145
87	0
645	4
81	0
0	0
774	0
171	0
0	0
0	1
36	8
24	0
346	390
4	96
63	37
36	0
2471	3
0	0
1	0
0	0
0	0
3	4
3	1006
11	25
246	917
14	8
1255	453
619	0
28	35
4	62
85	0
1	32
0	0
2	0
2	10
116	42
527	406
0	0
0	0
2	164
3	67
12	235
10	0
51	4
81	30
13	1
33	1024
1	504
2	96
22	45
19	0
0	0
0	3
1	3
1	44
0	0
20	0
492	366
7	0
10	0
0	40
0	0
0	0
15	278
3	8
196	0
1	270
0	0
0	0
0	0
0	0
0	0
0	0
0	0
0	0
27	26
87	0
315	32
597	0
1556	3
1294	68
192	715
249	1
8	55
0	0
3177	0
1465	0
15	0
1648	0
150	102
2	36
42	160
170	1
0	0
9743	478
53	0
38	1
4763	0
79	0
7	7
2	0
0	0
2	261
0	0
0	0
82	198
61	0
110	625
11	93
0	0
120	1
533	250
91	3
1747	97
3990	98
0	6
1108	31
0	11
6	15
12	113
0	901
284	180
36	0
36	512
0	4
236	79
56	0
74	0
53	749
0	0
0	0
14	242
0	0
4	0
0	0
0	0
25	340
2	10
4	0
3	0
0	0
0	0
5	729
0	0
0	6
2	0
170	13
0	1
0	0
0	0
1	3
13	9
24	0
351	0
0	0
109	38
14	0
5	0
0	0
5	1062
472	182
20	0
1	0
354	66
96	22
0	1
501	8
51	0
0	22
0	662
0	0
0	1
0	0
1	0
0	0
0	0
1	0
0	0
6221	1
4465	10
0	8
1210	63
88	0
229	1
0	0
0	0
0	140
2527	32
4	22
0	0
0	0
1198	74
2	7
0	0
0	1
27	60
0	0
18993	2
9	11
0	0
14	47
0	8
461	0
611	36
61	38
0	24
26	0
263	0
1	0
0	0
0	0
3	1
0	0
0	1
0	0
0	7
2	9
5	209
6	159
1	0
57	183
154	65
415	36
0	0
5	0
160	99
486	17
0	0
21	53
0	64
69	1
0	0
13	10
42	11
33	947
24	18
14	0
812	15
48	165
2	349
0	8
69	1
0	9
109	3
13	66
27	54
10	6
0	0
0	0
0	0
0	0
0	0
19	8
0	0
160	0
81	0
0	0
0	0
258	0
0	0
0	0
1	0
16	586
0	0
0	0
0	0
305	81
48	0
113	0
11	14
1	0
0	0
0	0
0	8
0	23
688	0
6	32
101	56
0	0
12	45
569	19
22	41
0	0
65	0
1	0
0	2
0	0
0	0
0	0
2	0
192	270
0	0
501	11
47	788
62	61
206	55
80	3
51	4
5	0
0	0
164	35
12	0
0	7
203	0
8	57
0	0
3	5
3	0
7	2
36	12
38	11
0	0
13	0
66	0
0	0
0	0
0	2
7	0
0	0
0	0
0	0
0	0
0	0
0	0
130	37
20	0
0	0
22	21
0	0
18	922
10	21
0	0
30	156
2	37
0	0
0	4
3	287
1635	25
63	402
0	0
2	27
286	232
8	36
0	0
0	0
0	0
0	2
0	0
0	0
10	0
62	29
0	0
0	0
2	176
0	0
2	0
447	0
0	0
10	615
0	1
79	1
62	357
0	0
228	12
5	3
1	0
174	4
35	40
347	1067
53	0
4	76
52	67
1	25
40	1461
24	56
652	0
58	57
226	0
27	17
1	21
0	0
1748	21
9	6
148	0
206	0
135	0
286	0
3	2
24	362
7	10
0	0
354	38
1	0
39	144
100	4
38	133
13	0
419	5
28	0
112	31
191	0
17	1369
21	0
92	4
20	34
66	12
0	0
2	653
84	0
35	0
966	7
1556	79
250	1
0	0
39	7
5	11
130	0
2	98
3	6
0	0
0	9
39	0
27	0
2	0
1	16
172	11
0	51
5	47
0	8
0	0
220	16
1206	0
239	0
153	1
0	371
0	31
6	28
0	0
6	321
0	37
0	4
7	7
0	0
0	0
0	0
0	0
0	10
1	0
0	0
0	0
0	0
0	0
264	0
108	0
0	0
71	44
20	56
302	18
5	62
338	470
294	0
28	26
34	14
0	3
256	1200
0	0
9	0
409	0
41	0
1	137
125	54
1	30
0	0
551	280
1	0
6	0
532	0
38	0
0	9
566	1413
337	44
80	0
83	0
4	60
2447	116
1	7
0	0
0	0
1	6
7	1
0	0
0	0
52	0
0	0
0	0
0	0
11	169
6	205
52	0
38	0
169	18
10	0
1411	502
39	0
7	47
413	0
180	6
306	74
184	1
241	845
120	31
246	2
0	1
4	186
119	2
28	152
0	2
19	7
140	3
0	3
20	111
0	8
0	0
3	0
2	20
15	77
22	0
14	57
2	11
0	0
0	0
0	2
20	4
47	444
206	0
17	0
8	95
0	0
0	59
37	1823
0	0
83	5
106	5
165	0
0	0
4	701
10	23
0	0
1	4
0	9
64	1
0	0
2	3
174	377
160	27
1	5
720	0
5	6
0	8
3	0
28	5
0	0
0	0
136	0
3	0
1153	349
70	0
0	0
0	0
0	0
115	455
0	1
0	403
0	14
3	7
0	115
0	0
5	0
1	27
0	0
17	55
0	2
2	5
0	14
0	36
1388	0
0	0
67	0
0	0
951	18
68	0
0	5
66	104
421	4
0	0
82	138
702	84
0	0
0	0
16	0
11	0
0	0
139	1
0	0
33	62
248	109
38	0
154	0
77	0
75	53
128	73
98	76
1750	0
99	49
104	107
156	434
13	992
369	141
15	0
88	0
6	142
5	45
0	0
490	0
0	0
0	0
6	205
0	0
18	62
538	826
16	52
72	57
493	48
11550	1
14	2
64	44
0	0
97	0
137	555
122	0
20	0
44	15
47	220
0	0
14	14
70	0
44	1
0	0
33	586
11	225
1	87
1	40
0	0
6	18
982	0
21	0
84	4
7	63
21	427
0	3
91	67
30	0
70	0
283	141
232	0
0	12
2	1
9	277
0	19
0	3
48	482
9	206
0	39
285	64
0	20
0	34
0	97
0	13
45	589
0	0
184	992
59	57
0	0
37	282
0	0
74	34
47	0
1	567
0	0
0	0
3	0
45	230
17	7
0	2
6	55
98	900
0	0
4	52
0	0
151	0
920	0
266	1797
57	1071
133	100
66	279
9	35
14	1
33	384
551	486
7	52
518	695
35	64
0	52
0	22
2	0
0	7
4	24
52	0
22	0
7	0
34	37
0	507
142	1387
0	5
0	0
5	282
35	0
99	0
149	889
0	2
32	244
18	128
457	1227
67	117
2	273
79	0
232	0
2	4
18	268
497	242
2	0
0	4
0	0
10	7
0	0
0	3
691	46
19	11
0	6
3	3
35	27
1	1
31	72
252	1070
12	272
21	33
17	128
28	849
52	22
64	13
15	48
3071	0
7	16
74	14
82	0
45	0
138	623
76	0
126	4
0	0
1761	0
176	3
5	7
0	1
4	528
3	22
4	16
130	0
114	0
2007	339
213	0
2	305
7	82
3	178
0	0
0	0
0	0
0	0
7	0
0	171
121	284
0	0
9	2
6	0
19	41
2	5
179	495
54	256
249	0
98	98
40	0
0	0
18	51
0	3
370	89
96	63
148	915
90	6
0	0
0	0
2	0
419	2
3	16
9	28
1	9
2	45
2	134
14	0
0	0
0	0
0	0
2	46
1	36
53	0
0	0
116	4
5	0
6	2
5	4
0	52
59	78
0	0
0	0
6026	71
0	0
0	156
0	0
14	31
3	0
0	0
2445	7
26	28
307	180
2	9
0	112
1	37
53	215
24	112
322	12
13	566
886	183
228	10
45	3
0	0
10	111
14	1078
0	2
16	64
0	0
5	16
0	111
93	12
70	0
52	0
0	5
17	112
40	289
0	0
4	129
0	0
2	1
8	2
7	310
0	2
4	0
59	3
117	7
62	0
51	15
32	0
4	23
7	18
8511	25875
7651	25876
58273	0
19246	1
3	5
25	92
66	39
0	0
0	0
97	224
62	105
36	1
36	0
533	260
54	0
0	70
0	0
81	0
25	213
34	30
233	0
23	0
7	51
2120	0
3	0
1	2
220	744
589	0
2	154
0	0
0	0
2606	0
3041	18
88	9
82	11
5	16
119	0
127	304
55	176
8	6
14	89
302	0
64	0
0	0
7	276
26	8
1	0
140	98
69	56
7	0
92	0
10	0
146	0
43	0
2	0
4	0
0	0
24	32
223	0
0	1
0	4
1	11
0	76
0	1
0	0
70	548
183	5
2	0
3	0
147	16
8	74
0	0
3	65
76	0
1	14
187	0
100	0
0	0
1	0
0	0
4	36
28	0
1	0
74	270
94	35
2	9
0	60
0	0
15	4
0	27
0	5
0	19
0	0
4	0
0	0
124	48
4	6
28	237
1	0
224	0
87	107
2	0
5	2
0	0
0	0
10	0
169	750
0	0
4	240
33	295
191	1715
137	45
458	45
37	0
244	0
3108	485
100	9
98	30
0	0
10	13
1348	19
733	18
0	0
0	0
0	98
0	0
0	0
16	14
10	1
571	0
7	0
26	0
65	474
275	135
0	8
7	0
0	0
3	0
0	0
4	4
64	1738
0	0
0	0
0	0
0	0
0	4
799	0
5	1000
172	105
1	0
71	1405
17	0
147	4
4	0
0	26
311	2
186	830
1209	64
253	29
8	0
3220	1
0	0
463	153
66521	5
0	0
6	0
4	11
0	4
8	0
165	44
10	0
3	155
71	0
20	84
352	0
8	328
6	14
14	119
4	8
0	0
0	1
0	0
0	0
0	7
3	216
1	314
3889	284
0	0
3	0
4	67
0	0
0	0
172	290
12	15
10	22
549	15
149	33
236	26
35	0
28	47
9	8
0	5
196	447
0	0
0	0
4	19
1	2
0	0
0	4
0	0
607	7
49	300
44	0
143	389
0	0
663	58
89	461
141	125
53	16
0	19
17	0
475	1
25	73
25	21
4	674
105	0
310	1
0	101
52	0
97	6
45	1
101	0
41	128
20	0
56	2
10	923
10	0
12	0
4	0
70	1
61	0
189	36
6	0
341	222
11	11
0	0
0	0
29	1011
553	346
820	258
40	0
0	487
0	89
2	26
0	0
5	0
0	16
1	391
0	9
0	0
0	0
12	0
0	0
0	10
1	4
0	0
3	412
1	23
70	62
0	0
105	186
35	25
210	56
138	0
207	92
867	127
0	0
420	91
1	191
0	0
10	485
0	0
0	0
29	0
28	11
227	41
50	0
0	0
2	162
529	40
32	276
35	730
93	760
63	0
1	0
93	0
0	22
60	2
0	104
0	0
0	0
38	68
1	287
99	843
0	124
32	0
24	187
1	149
0	17
0	0
32	14
27	0
127	66
77	260
4	11
17	0
25	1
197	0
53	0
1	46
231	24
1	0
0	0
2	21
0	0
290	1265
0	0
0	18
2	16
3769	0
1880	47
0	0
0	20
0	0
0	0
0	0
0	0
0	0
13	31
0	0
0	0
12	64
2	0
2	0
10	0
68	0
36	6
272	2
112	69
18	66
0	0
1	94
0	0
0	0
0	14
0	1
0	49
523	0
143	129
1	9
65	333
0	96
7	1060
0	0
0	0
2	15
0	0
438	6
1	0
0	0
7	189
4	0
0	78
60	117
4	76
0	153
3054	323
34	31
0	1
3	14
84	53
3	57
86	10
0	0
14	52
0	0
0	169
1822	897
73	2
16569	16
164	0
3	0
1	0
0	0
36	268
0	8
175	220
0	0
228	35
93	0
2	422
0	170
0	13
50	0
0	0
0	0
0	0
0	0
7	0
116	260
7	1
2	0
336	0
3	23
117	0
0	66
0	16
2	6
2	3
10	3
2	0
1	2
35	67
2	307
36	3
415	26
688	294
34	296
2	2
176	93
0	0
2	1
477	0
89	56
29	0
8	12
127	0
72	6
117	12
669	294
105	0
1988	155
462	15
20	0
7	0
1365	15
77	70
67	175
0	22
0	0
0	0
0	0
0	0
0	0
37	0
43	12
0	0
0	0
979	0
61	0
495	0
4655	49
0	29
0	0
0	0
0	55
216	58
0	0
8	638
71	0
0	0
8	11
152	142
0	0
452	436
3	60
32	39
4	7
2491	34
0	0
32	91
5904	2
12	0
1	0
0	0
0	0
0	29
146	239
3	0
24736	108
0	0
70	0
20	16
18	305
5	0
0	8
36	41
56	110
255	0
0	83
0	2
2	0
113	121
1	2
0	0
3	0
2089	1
1	0
42	20
1293	84
7	58
40	226
11	121
576	0
0	0
0	3
20	38
46	0
22	105
89	44
1421	12
82	2
0	0
0	0
200	198
58287	4
0	0
251	75
364	0
0	0
161	109
87	1216
25	27
0	0
0	0
26	45
0	0
5	0
33	0
0	0
33	44
0	0
78	214
1	32
88	10
32	111
17	0
38	63
3	0
1750	878
0	199
0	64
2	9
0	32
0	14
15	0
122	12
6	10
53	0
286	999
183	0
23	0
121	20
0	48
3	105
0	169
0	0
28	43
42	126
5277	391
8	231
6	30
0	4
0	0
0	1
3	102
0	1
0	0
0	0
89	172
10	96
498	215
0	40
290	0
250	0
6	212
0	0
33	20
0	0
81	510
13	0
34	527
1	0
1	0
70	66
1	0
2	1293
0	9
0	5
0	0
7	0
0	0
28	17
196	0
2834	0
450	3
73	7
5	42
14	6
0	18
5	5
0	0
5	48
0	0
0	175
20	105
0	162
86	86
0	5
26	223
0	0
3	714
1	0
58	41
139	1
10	0
0	0
1	262
61	186
4	23
63	22
7	16
35	834
0	60
19	41
18	28
0	390
3	6
0	0
0	0
0	0
0	0
6	4
0	0
24	540
168	138
0	25
11	0
559	0
142	896
13	120
0	1
0	0
153	0
5	2
0	0
25	0
0	0
1475	502
61	0
2	0
0	0
4	0
3	139
12	315
790	34
11	0
0	0
312	1117
30	20
234	0
37	2
26	0
770	0
2893	0
0	37
1139	0
20	390
6	886
39	0
0	5
0	0
0	0
201	14
13912	36
1	1
3955	35
248	12
899	0
142	0
0	0
0	0
0	0
409	0
612	0
9	14
2	58
35	1
0	0
0	1
530	0
48	0
16	6
0	0
0	0
0	0
22	9
0	0
0	0
0	0
29	0
26	649
6	19
10	190
3	0
1	0
0	0
0	93
107	67
161	349
6	0
0	22
0	144
55	9
9	1
384	0
293	6
0	0
13	83
20	23
93	13
23	1508
0	0
0	22
0	1
0	0
0	13
0	0
2	0
1	417
49	471
20	316
0	0
0	0
0	0
390	141
0	0
0	0
2	0
3	81
2	84
80	10
20	1
2	1
0	0
32	111
59	33
239	0
272	0
0	0
44	0
5	0
0	0
0	10
52	133
57	19
75	2
300	101
1	70
0	0
186	1
0	1
0	0
0	0
0	3
0	0
1	0
609	13
277	175
0	1238
106	36
146	93
148	336
0	0
0	0
0	3
1	2
0	5
0	0
1	1
78	37
14	8
6	1533
26	2
5	2
2	3
1	174
0	0
2	72
0	74
3	0
0	0
0	1
541	0
0	8
0	0
0	0
5191	7
0	627
0	2
0	0
0	0
0	0
0	0
1	0
4	14
63	233
0	1
0	17
41	0
22	81
22	0
1	0
0	57
0	0
28	209
2	3
287	39
71	29
0	0
0	0
0	64
46	27
50	0
0	0
0	0
2	1
1	0
22	14
0	0
0	0
0	0
12	6
32	119
0	90
153	219
58	3
0	0
151	209
0	0
6	0
190	79
76	27
2	0
2690	48
561	69
0	0
0	0
15	21
17	3
8	8
1	96
82	153
2	0
1959	1265
82	162
4	55
5	38
257	0
14	0
12	5
18	19
15	5
7	39
0	0
20	1
0	0
33	145
37	0
30	181
230	39
16	0
33	48
127	0
145	13
0	0
13	819
35	0
5	0
7	15
0	0
0	0
0	0
0	0
0	0
0	0
44	951
0	6
0	0
1147	16
0	0
4	19
92	368
623	533
13	10
30	738
0	6
0	0
0	0
725	39
715	6
11	25
61	61
79	0
439	0
96	79
3	0
0	0
108	1003
0	14
0	9
0	35
0	0
5	0
0	0
0	0
0	131
1	17
3	146
38	0
4	12
135	92
139	314
0	0
212	255
199	1
0	0
0	0
30	28
242	28
104	34
152	23
248	308
0	0
0	0
0	0
361	0
641	1
87	0
1138	83
146	0
454	2
45	0
601	0
144	24
174	126
1446	78
75	5
5	49
97	495
0	0
19	0
0	0
0	0
14	1019
0	0
1	0
8	0
55	11
1105	6
620	14
0	0
1	0
38	11
119	0
0	0
261	103
622	6
0	3
5	19
0	0
1	0
112	126
24	287
0	70
0	166
10	45
0	1
0	13
137	905
16	1619
15	0
0	0
482	28
5	0
1	0
3	0
0	0
0	0
0	0
0	0
71	0
433	1150
50	0
24	0
78	0
288	75
950	0
0	0
656	0
0	0
48	0
745	25
16	16
0	0
18	876
172	0
119	55
0	6
2	0
0	0
20	0
0	0
2	3
4	0
0	0
0	0
14	926
5	376
0	2
0	0
18	215
0	3
61	0
18	0
183	49
35	111
234	0
12	0
63	1
0	4
1	0
14	26
38	46
117	5
18	0
12	0
6	4
19	0
0	0
0	18
1	0
4	117
8	33
0	8
20	1
0	0
6	18
5	567
8	0
27	2
9	0
1	33
0	33
8	2
0	6
0	4
1	3
0	0
582	0
138	0
37	42
58	39
550	0
24	288
13	218
0	0
88	72
1	11
8	0
274	0
7	0
1	0
0	2
93	158
0	0
0	0
0	0
0	0
0	0
0	0
1481	23
14	202
0	0
14	1
23	72
8	108
33	734
10	20
0	4
1	3
0	1
1	2
1	53
326	31
25	2
0	0
1	3
29	0
85	52
107	0
3	14
0	0
1536	1347
0	2
0	0
0	0
0	0
1	21
255	2
3	0
10	118
0	3
3	1
11	18
0	2
0	1036
2	0
2	121
2	73
0	0
0	45
1	5
0	7
84	27
2	0
0	0
24009	76478
0	13225
0	0
0	0
0	0
0	0
0	0
0	0
0	0
0	0
0	0
0	0
0	0
0	0
0	0
0	0
0	0
3	595
0	0
0	0
0	0
0	0
0	0
0	0
0	0
0	0
0	0
0	0
636	1
0	0
0	0
0	0
0	0
0	0
0	0
0	0
0	0
0	0
0	0
32	76
0	0
0	0
0	0
0	0
0	0
0	0
0	0
0	0
0	0
0	0
0	0
0	0
0	0
0	0
0	0
0	0
0	0
0	0
0	0
0	0
0	0
1038	266
0	67
30	67
0	0
0	0
0	0
0	0
0	0
0	0
0	0
0	28
0	0
0	0
0	0
0	0
0	0
0	0
0	0
0	0
0	0
0	0
0	0
0	46
0	0
0	0
0	0
0	0
0	0
0	0
0	0
0	0
0	0
0	0
0	6
0	0
0	0
0	0
0	0
0	0
0	0
0	0
0	0
0	0
0	0
2	0
0	0
0	0
0	0
0	7
9	0
41	8
0	0
0	0
0	0
0	0
0	0
0	0
0	0
0	0
0	0
0	115
0	0
0	0
0	0
1613	75
0	1
51	0
3564	708
89	5
1138	368
53	266
3	0
3	0
0	0
1	0
0	0
307	171
1	325
0	0
12	93
7	69
2	1
15	6
24	0
46	1000
2	0
0	0
0	136
27	0
21	0
0	2
3	25
0	0
1	33
0	0
0	0
0	144
221	1421
3	109
10	898
0	2
0	0
16	29
0	0
0	9
39	144
38	1516
0	44
544	1
48	59
17	269
126	1661
0	0
202	21
113	0
93	0
3	389
123	0
4	0
594	1
1	0
258	211
1	53
0	0
14	61
35	53
23	1065
4	243
117	0
0	0
362	237
79	6
2460	1
2548	443
179	79
555	545
2	94
170	1618
1	0
0	0
7	0
0	0
2	0
34	7
0	0
0	0
1284	268
77	0
0	0
0	19
4	13
23	1185
3	85
0	0
36	55
1	0
29	0
132	0
74	0
13	201
272	670
1493	0
3052	0
76	0
140	0
75	42
2	0
0	0
0	0
0	40
0	5
1	28
8	14
3	0
0	0
77	0
0	0
122	0
119	119
0	119
99	0
19	0
6	0
130	0
172	98
91	241
88	20
0	0
23	25
84	299
307	0
7	0
472	5
87	0
213	94
363	236
0	0
12	39
0	0
25	1
2422	113
0	0
370	581
39	0
0	4
3	6
0	4
7	63
42	17
0	9
0	16
6	7
57	208
0	0
15	1
0	0
8	0
37	0
9	100
0	0
530	373
0	36
152	981
211	365
4	1
973	5
5	285
112	2
118	18
36	0
8039	0
22529	818
1	56
1	190
0	1
0	0
18	7
259	1
3	31
1	17
1	142
0	0
0	0
3	68
0	0
19	113
25	1
0	3
1	3
1589	0
2	1
0	0
70	44
0	6
142	13
5	42
2481	1
1909	1
4	23
13	411
122	1
0	53
1	2
35	0
0	71
70	0
35	0
22	29
75	0
106	0
93	252
76	238
12	55
51	48
5	0
0	2
19	206
3	41
9839	60
0	0
38	0
5	0
5483	1
68	0
6511	4869
8774	3
140	1186
104	11
474	417
62	0
105	0
10384	71
27	122
0	19
55	4
42	1
2	124
1	19
2	0
0	0
0	0
0	6
0	31
1	0
0	0
333	3
0	0
0	0
1240	0
14	4
22	154
0	0
990	4
156	9
1217	0
200	0
19	75
0	0
0	0
6	63
47	162
71	20
5	1198
8	16
0	0
1	66
12	157
6	0
7	178
0	21
6	139
12180	0
28	0
0	0
1	22
373	329
0	0
0	0
19	0
0	42
14	301
18621	0
0	0
0	1
0	0
0	0
0	0
0	0
0	0
0	0
1021	67
33	0
141	0
23	0
144	179
87	167
38	14
354	26
956	1
62	149
4	0
0	51
3609	1329
0	0
0	0
0	0
3	29
0	0
0	7
0	18
48	788
18	114
5	0
21	7
57	532
0	0
0	0
0	49
145	29
0	3
167	0
418	23
1479	906
0	356
19	48
0	0
16	0
1637	69
293	179
4	15
2	0
40	0
2366	0
0	0
9	24
0	0
117	96
72	199
16	0
8	195
88	123
34	59
283	83
0	5
2	269
1	11
0	0
76	0
1	189
2	62
70	13
113	2
2	0
119	138
204	4
272	77
1	316
0	0
37	919
0	1
12	145
0	0
141	0
11	218
127	298
0	0
1241	1067
2	0
0	856
0	0
1	85
142	79
42	8
13	0
118	36
0	0
887	203
5	200
6	0
46	0
54	987
9	91
7	81
7	0
0	0
25	121
196	1
11605	0
41	385
41	60
40	0
3	5
2515	0
183	905
3	0
0	0
0	0
0	0
6	0
0	0
3	0
22	2
0	0
49	156
4	20
33	643
37	55
0	2
78	138
145	6
88	0
1630	4
0	11
0	0
4	14
0	0
0	73
452	110
88	1210
1	61
54	509
1015	0
352	0
21	126
0	0
63	0
9	1
224	0
1181	0
19	101
91	841
4	9
2	48
10	126
69	190
135	975
4	157
19	159
368	33094
10	3606
17	0
126	0
82	720
83	119
240	151
530	83
925	27
8	7
33	103
6	379
0	0
3	34
550	115
141	104
114	15
34	159
101	182
3	34
0	12
41	3
51	30
5	1
350	47
216	259
15	110
9	282
8	13
0	2
0	1
0	0
0	0
0	26
14	62
16	312
0	0
0	20
0	0
0	0
5	0
141	0
21	128
163	521
0	291
39	30
508	218
7	56
57	286
21	0
1	2
1	50
9	2
0	1
185	0
29	0
30	67
1	711
13	11
0	0
1	17
0	0
9	1
0	0
20	0
16	31
1	2
5	0
0	0
0	0
0	2
0	0
25	127
0	0
0	0
5	0
309	40
1	0
1	27
369	92
524	0
74	8
32	0
124	4
74	67
54	237
2	0
12	17
0	0
48	0
2	0
225	77
3	3
0	0
0	0
0	250
0	0
45	313
0	0
0	0
0	9
0	32
111	107
0	0
0	0
0	0
20	28
268	1
1	46
2	0
1	0
0	0
101	0
0	0
0	0
0	0
1	23
0	0
0	0
0	0
0	0
1	0
129	10
82	0
76	0
187	0
170	37
0	1
4	184
510	10
0	0
84	6
148	56
1	728
7	77
161	1
35	0
20	51
20	8
2243	0
9	14
12	7
1	0
31	38
410	4
118	39
0	0
0	7
8709	0
3	0
56	0
9598	1
16	183
0	0
22126	0
141571	18
3217	10
15265	0
27233	3
1	0
2835	0
17	16
412	0
928	0
1	4
0	0
8	52
201	7
16	72
0	0
0	2
9	0
13	273
2	0
0	0
0	0
0	10
514	0
31	0
0	0
1531	12
67	49
25	0
433	0
1118	13
6299	1
45	755
166	0
0	1
9	100
355	0
0	3
12	13
1	10
0	25
0	5
27	0
194	0
4	44
0	4
0	0
0	8
24	0
0	0
0	0
534	51
60	6
6256	537
77	0
2008	45
153	0
67	29
7	37
0	3
0	0
0	0
11	0
0	48
9	21
80	502
0	0
0	0
0	0
14	1
35	360
10	0
65	103
21	0
4775	378
1921	378
11	31
7022	0
9	6
12	0
0	0
0	0
2426	90
2590	1
815	0
185	0
1	19
1	10
32	9
5	34
641	0
835	0
93	0
13	15
300	1
23	174
44	1
0	0
0	0
0	0
3	6
28	0
7	0
31	0
7	16
1700	3822
804	5517
12	81
0	0
1	12
21	0
9	174
3	25
0	0
1	6
19	26
0	0
2	4
5	86
8	83
217	155
2	0
229	75
33	44
1	25
0	0
1	0
3	91
0	0
0	0
0	0
57	54
0	11
10	686
21	4
2	0
64	0
174	141
345	1
43	0
84	3
0	0
6	2
12	0
80	1048
6	3
22	3
6	0
3381	17
24	14
7	0
2733	202
32	0
0	11
4	0
0	0
250	1
0	0
31	451
14	274
4	0
2	60
0	6
34	13
0	2
0	0
0	6
12	573
27	0
403	680
2	14
1	489
19	401
8	425
0	30
0	0
0	4
0	0
0	0
0	0
0	0
0	19
299	66
47	214
1	9
8	0
134	10
23	0
87	0
2	103
2	189
138	0
25	12
5	0
0	0
0	0
121	0
433	40
3	144
0	0
0	1
1	2
0	6
19	25
3	32
132	146
214	7
0	0
2116	70
46	816
0	1
37	28
75	29
200	54
5	23
39	0
7	51
15370	0
10	4
35	30
3	440
0	0
29	77
28	85
0	0
10	17
0	1
0	0
3	147
0	0
31	0
111	6
11	15
0	957
9	18
0	0
102	126
0	0
953	0
80	2
0	0
3	8
19	2
2	271
0	0
2	0
0	0
0	0
0	102
0	1
2	224
0	0
0	0
8	1
15	9
4	0
0	0
0	0
0	0
0	0
1	3
0	0
5	1457
1	0
2	163
1	1
627	845
3843	0
313	22
75	0
65	55
0	0
58	0
3	0
129	0
4331	1
7	0
83	54
0	0
12	253
28	676
175	1
0	219
70	0
7	1077
0	3
0	18
49	75
0	188
0	0
0	21
223	58
191	0
108181	5
57	16
134	21
57686	144
19	547
2	1
22	14
108	94
22	7
8	0
4	2
701	0
48	0
6	2
368	10
129	0
148	304
102	145
0	86
87	211
0	126
0	0
54	0
8	110
21	101
11	46
162	67
11	0
0	0
1	0
11	0
0	0
13	0
41	36
2	1015
26	3
1	2
0	70
562	15
2	0
136	9
54	303
3	75
5	221
0	0
210	127
503	28
16	2
7	106
9	0
11	123
89	0
21	92
0	0
0	0
392	0
0	63
0	0
0	150
1	47
0	8
829	5508
7	2401
12	1
3	407
10	0
18	0
4	0
9	5
0	27
176	7
17	50
29	0
61	0
20	0
102	97
0	0
0	0
3151	0
0	0
0	0
15	0
24	0
60	68
0	0
4	89
64	242
130	7
0	0
61	444
0	0
0	0
0	1
2021	0
10	0
809	3
0	0
20	2
24	37
0	0
0	7
0	5
5	19
65	0
156	45
37	1
22	0
370	0
5	76
113	0
106	142
3	52
202	0
16	479
191	0
3	46
0	7
0	0
0	0
37	62
63	4
0	0
0	3
2	0
0	0
0	1
14	954
0	0
7	112
2393	0
5	189
73	226
152	5
10	0
21	89
7	40
34	1033
109	48
61	49
11	0
57	158
0	0
1	3
187	1
178	0
91	13
31	151
2	0
6699	1
57	400
11	9
0	171
43	45
89	166
0	45
0	0
91	225
1	0
9	2
26	44
18	0
23	517
0	0
0	0
0	0
0	0
0	2
0	0
28	0
93	0
26	1048
0	34
0	0
107	208
0	0
4	0
0	10
41	509
0	0
0	11
0	4
0	0
1	379
0	1
278	0
63	64
0	126
46	33
0	0
3	0
0	123
5635	22926
30	0
0	0
2	4
10	8
96	1116
77	11
1	17
26	141
89	0
6977	0
634	0
770	1
2810	52
678	0
87	0
369	137
185	14
63	7
4	20
45	655
0	0
0	485
1	1006
0	0
2	0
99	15
121	1145
55	12
8	0
0	0
0	0
0	0
0	0
0	0
0	659
0	0
18	13
0	0
6	29
1	254
0	1146
0	0
25	139
433	7
0	0
0	0
0	0
0	1
16	26
44	0
28	11
68	6
45	85
42	0
14	1
5	958
48	1104
0	0
0	0
0	0
0	0
15	14
0	15
0	4
0	44
160	0
0	0
0	0
0	0
0	51
192	7
0	0
313	279
0	1
1266	0
105	0
1	11
2	80
27	0
2446	1
0	0
239	448
28	56
0	0
0	0
0	0
1	7
1	0
0	26
1	1
2	0
0	0
3	6
0	0
331	232
0	0
12	1
1	25
1613	0
50	0
228	40
301	68
56	0
56	0
0	0
299	177
0	0
6	0
0	0
18	90
97	290
8	1
51	4
0	0
0	2
1	0
0	15
0	7
11820	1044
68	42
193	0
275	24
2	352
220	0
37	4
126	179
14	0
707	108
94	1
1357	1
0	0
16	2178
13	6
1	15
0	10
100	0
73	0
0	0
27	0
479	10
61	14
75	0
64	0
0	23
0	5
0	4
714	15
0	16
416	0
4	0
0	4
0	1
0	95
0	0
3	4
0	34
2	0
386	144
75	0
133	26
15	30
23	603
0	0
0	8
59	658
147	66
47	97
24	0
1	191
11	77
0	0
1	0
31	90
10	100
563	12
3	0
0	17
11	0
29	159
0	0
0	0
0	31
152	0
75	106
0	169
11	0
7108	0
36	568
0	2
0	3
18	0
0	42
1171	6
0	0
0	44
2820	0
0	7
0	0
3	2
207	32
47	23
5	35
2	14
16	0
0	0
0	35
63	38
172	244
3	15
0	2
9	0
0	0
4	5
702	531
28	0
0	11
1303	78
75	4
527	0
4206	6
109	201
1	0
10	14
0	325
158	29
1086	561
289	401
52	160
1	0
0	2
63	8
24	14
20	5
913	606
0	0
3	0
15	17
0	0
52	574
2	7
0	0
2	23
64	444
63	0
73	0
2	52
874	28
2	2
42	307
50	55
67	123
16	63
19	37
27	22
121	896
24	0
310	22
3	28
3464	1
6	5
1	43
0	0
0	0
30	26
5	280
17	118
36	8
2	96
4960	13
0	0
570	1273
11	218
100	131
0	0
223	71
155	14
0	0
0	0
0	32
125	6
0	1
5	0
16	0
0	0
0	0
0	25
1	19
5	1
0	0
15	22
4	0
3	0
0	0
0	0
0	0
63	0
43	0
169	7
4	93
80	0
61	32
0	4
30	25
46	0
1098	586
0	0
1	3
1	0
0	0
44	116
0	0
990	2
1	0
293	3
0	97
136	478
0	109
13	19
0	1
7	0
34	1
22	7
0	19
92	929
14	136
7	128
1	65
219	0
1	286
184	0
737	130
0	0
3164	0
11	15
9	75
29	14
3	0
617	28
132	6
3	0
0	3
13	22
0	0
1	401
42	6
931	0
66	46
12	755
0	77
4	895
5971	8634
5999	8640
16935	0
0	0
2293	981
0	8
25	91
161	0
88	74
274	0
23	34
262	1492
0	1
0	0
0	0
0	0
10	16
13	14
0	1
3	19
0	23
6	2145
0	14
0	0
51	23
52	0
701	4
0	0
26	0
2	0
0	0
0	0
62	15
31	830
0	0
0	0
0	3
133	47
12	7
5	1
8	0
130	598
0	0
0	0
9	178
1	0
1	0
61	0
70	15
34	0
0	1
0	0
1	34
156	299
566	394
11	224
30	65
25	2218
23	0
0	3
69	160
17	56
0	30
41	279
0	0
125	0
891	0
154	347
0	23
7	40
9	6
145	12
364	37
11	47
16	0
83	209
36	27
0	125
9574	32
11	63
0	0
368	0
502	759
18	114
23	194
0	10
1	1
0	0
129	284
9	806
2	706
13	0
59	736
58	0
72	1340
44	0
23	2
0	0
0	0
2017	305
87	13
4	5
13437	11754
0	464
3	3
9	232
5	0
13	0
171	91
16	19
0	33
1993	1
73	90
4	0
0	0
128	1
34	2
147	13
52	8
1056	773
272	1
512	58
307	50
455	1
3892	0
0	0
2	45
6	168
0	0
958	418
219	1
0	1
2	0
1	0
30	8
53	0
24	1200
11	2
1	0
0	18
1	0
138	1066
32	583
17	65
0	0
0	31
16	11
11480	75
9	105
3	7
503	162
382	19
1	21
108	8
77	0
0	0
126	0
473	0
5	16
0	973
63	0
7	20
13	0
120	75
47	0
1	66
0	0
0	0
145	0
0	277
0	0
31	728
10	121
1	0
57	453
0	52
10	0
30	114
138	1762
0	0
326	0
34	976
481	5
39	0
34	54
74	127
45	45
0	0
0	0
0	0
0	0
0	0
0	0
0	0
0	0
0	0
0	0
21482	50
0	0
0	0
0	0
0	0
0	0
0	0
0	0
0	0
0	0
0	0
2667	100
0	0
0	0
0	0
0	0
0	0
0	0
0	0
0	0
0	0
0	0
42	269
0	0
0	0
0	0
0	0
0	0
0	0
0	0
0	0
0	0
0	0
50	18
0	0
0	0
0	0
0	0
0	0
0	0
0	0
0	0
0	0
0	0
6	55
0	0
0	0
0	0
0	0
0	0
12	28
0	0
0	0
0	0
0	0
5	163
0	0
0	0
0	0
0	0
0	0
0	0
0	0
0	0
0	0
0	0
11	0
0	0
0	0
0	0
0	0
0	0
0	0
0	0
0	0
0	0
0	0
0	7
0	0
0	0
0	0
0	0
0	0
0	0
0	0
0	0
0	0
0	0
4	38
0	0
0	0
0	0
0	0
0	0
0	0
0	0
0	0
0	0
0	0
10	25
0	0
0	0
0	0
0	0
0	0
0	0
0	0
0	0
0	0
0	0
0	0
0	0
0	0
0	0
0	0
0	0
0	0
0	0
0	0
0	0
0	0
0	0
0	0
0	0
0	0
0	0
0	0
0	0
0	0
0	0
0	0
0	0
0	0
0	28
0	0
0	0
0	0
0	0
0	0
0	0
0	0
29	143
0	0
0	0
0	0
0	0
0	0
0	0
0	0
0	0
0	0
0	0
946	0
0	0
476	0
7	92
20	1
4	64
0	0
9	311
0	0
90	0
0	0
0	0
49	1
0	0
722	57
96	175
0	0
0	0
12	0
0	0
1	16
17	28
170	0
103	157
2	218
6	0
7934	3078
52	0
322	0
1	7
9	0
153	144
0	0
2	3
18	33
0	0
0	0
0	0
3	4
17	0
1	0
1	2
21	0
21	0
151	213
4	2
31	24
13	135
4	0
240	210
21	1
93	129
569	59
252	0
0	0
0	0
31	165
10	40
0	0
172	150
24	208
31	97
33	187
24	286
35	33
0	72
21	0
26	21
2	1
0	0
0	0
2	6
0	0
0	0
13	543
8	36
0	14
6	34
9	1036
0	81
0	0
14	40
2	10
0	0
0	0
0	0
0	0
0	0
0	0
0	15
0	0
10	0
0	0
0	22
581	0
0	1
77	0
17	0
0	0
0	0
0	10
1	12
97	408
1269	3
0	0
3	89
0	0
0	0
0	63
0	0
78	0
81	207
0	0
42	485
137	68
2	53
0	12
3	4
0	0
1	27
15	191
1008	3
0	0
0	0
0	1
0	2
0	0
103	0
228	0
80	0
3	44
46	6
36	23
0	1
1	260
0	0
449	0
6	4
282	2
116	0
33	2
52	4
243	28
10	0
0	0
45	0
2716	2
519	70
16	0
0	0
10	84
0	0
0	0
390	275
0	7
9	0
249	163
14	117
63	157
0	26
55	541
2	0
0	1
0	0
13	1
0	0
0	0
8	0
0	0
0	0
1	108
2	26
63	153
0	138
2078	0
5	0
54	85
0	0
46	154
0	0
720	0
6	109
0	0
4259	0
739	0
123	97
21	34
1976	207
11	0
430	4
460	20
3	36
0	1622
5	37
168	54
0	72
273	0
1943	201
1	0
58	0
50	0
50	20
219	0
2	4
0	0
82	0
8	1
210	477
0	16
0	0
2	0
0	0
1179	57
262	4
0	0
2	0
94	0
122	0
487	215
0	0
2	0
0	0
182	2
1	52
0	0
0	2
316	179
104	36
15	45
0	0
0	0
3	657
0	0
1	68
887	97
10	491
0	32
9	1
0	0
5	126
0	0
0	0
4	14
0	0
0	0
0	2
0	2
0	20
0	0
232	0
335	462
0	0
0	0
0	26
16	314
17515	1
53	237
30	38
0	0
0	2
20	0
70	8
786	0
0	0
1	0
7	0
0	896
824	1292
102	666
0	0
11	119
0	1
0	0
0	0
2196	9604
13	88
116	218
0	283
0	4
1	0
0	0
327	0
500	0
4581	30
47	0
58	56
33	115
552	181
25	839
15	8
145	37
53	87
57	52
150	38
23	99
5	1
36	0
25	0
21	9
0	0
14	12
0	92
0	0
19	149
0	0
462	130
0	188
16	75
21	16
0	6
60	0
55	47
656	492
32	240
357	12
0	89
3	0
0	0
0	232
76	611
69	0
2	0
1128	0
946	25
18	4
1	3
343	12
0	0
0	0
159	44
0	0
0	0
1	0
31	13
42	9
0	2
348	1
0	0
112	5
65	173
2	0
2	0
0	0
0	1
0	0
0	0
0	0
394	276
2	10
73	0
65	69
121	74
45	127
82	10
51	0
78	95
2	42
12	11
0	0
187	652
1196	96
0	0
0	0
256	1138
121	0
1	0
0	0
2	32
83	1068
190	4
161	17
575	0
406	0
196	163
307	0
3844	230
0	77
0	0
0	0
0	0
58	1039
71	261
145	307
0	0
0	0
0	83
0	4
12	922
13	0
262	48
9	0
102	0
2154	0
17	10
68	4
221	189
199	231
13	14
0	0
14	70
16	47
0	6
61	226
0	0
0	0
2	254
0	0
3	7
0	0
77	1039
0	0
0	0
0	2
72	30
1363	62
2	12
3	39
0	0
12	0
6	0
2475	145
883	0
0	0
0	14
0	37
16	243
5	2
0	2
0	0
2	0
0	0
0	0
0	0
0	0
0	0
0	0
9	29
0	0
1118	0
9	0
0	0
1	8
0	0
0	0
0	3
0	435
154	9
0	211
6	0
0	0
1	0
184	2
12	278
0	17
8	498
33	0
1091	0
17	0
0	0
49	37
251	0
123	46
1	0
352	133
28	129
1	16
6	331
0	0
0	0
116	24
747	8
128	0
86	2
17	215
54	0
0	0
0	0
0	0
0	0
218	146
40	6
463	2
49	22
1	2
0	0
2	64
1	95
0	0
0	0
199	0
106	202
1	0
1	0
46	0
0	0
2	493
6	234
0	1
603	1769
607	914
0	67
0	0
5	0
5	2
0	276
3	0
5	0
2	0
12	9
11	0
43	80
45	39
192	174
1785	11
76	0
274	0
36	149
185	222
13	0
31	0
3	63
83	344
103	108
0	0
0	0
12	338
29	0
315	38
34	69
642	475
95	484
39	0
81	1
1353	16
51	5
69	0
81	0
38	0
71	0
96	1
11	131
18	90
10	6
2	0
30	21
0	25
0	0
39	24
0	0
681	0
196	0
2743	0
733	122
3952	29
219	1008
793	1404
0	0
0	0
200	12
0	60
0	0
15	69
63	0
308	1
1369	0
0	0
0	32
522	1487
128	0
79	64
0	0
0	0
0	0
1114	0
77	66
0	0
0	0
0	6
29	0
32	0
2	21
0	2
0	0
0	0
0	0
0	0
16	0
1	1
0	0
126	248
53	313
9	0
0	2
583	32
874	41
578	11
262	11
32	7
7	6
5	0
0	19
30	0
1	45
5	46
25	44
0	0
9	378
0	0
76	0
1	0
32	450
1	23
0	9
0	0
26	11
0	108
3	14
0	0
2	73
0	0
25	0
12	223
48	449
233	65
62	19
72	9
241	0
12	0
4120	0
19	3
17	45
0	3
105	3
8	4
418	1626
0	0
0	0
0	3
0	0
0	0
0	0
70	19
4	0
101	191
145	60
15	0
1901	0
11	30
0	0
455	0
2	0
258	1
1966	2
10991	1
55	4
22	1
423	1
64	13
0	0
0	0
0	0
1	42
79	772
45	16
0	74
45	114
46	7
15	0
9	20
194	0
350	3
22	174
31	19
7	53
10	312
640	92
24	92
3	16
105	1247
9	1
0	0
10	67
1	4
10	20
0	73
129	139
0	3
0	0
2	0
339	764
467	1792
9	169
367	5
84	17
0	0
0	0
0	8
9	3
7	0
2	0
1	2
6	0
30	48
176	0
2205	0
99	136
7	211
12	0
2	37
0	0
0	0
128	52
26	39
2	18
124	146
51	4
0	0
279	66
3	0
78	0
6	0
0	0
112	0
89	23
418	10
129	0
1	1
40	81
331	0
9	34
239	0
34	564
18	42
69	5
44	201
39	1036
356	18
6	206
0	0
22	157
255	41
215	0
8037	17
34	0
55	0
4	0
1913	0
196	25
0	3
0	0
0	1
0	0
149	72
234	6
1	0
0	21
243	1
0	0
1021	136
14	6
58	0
4	24
6	3
52	2
0	1
1	62
0	0
0	2
0	4
0	0
0	0
1	34
0	0
56	29
0	2210
41	12
25	24
0	12
199	357
50	0
27	0
22	0
61	6
5	0
476	0
6	0
5	0
76	15
0	0
36	0
2	64
0	0
0	0
0	0
0	0
0	0
73	60
1	374
0	0
0	0
21	1179
0	6
0	1
0	48
87	0
2026	0
4786	5933
0	0
0	3
3	0
4	0
271	0
0	62
50	1073
68	0
1180	53
0	0
0	0
0	3
0	0
2	35
22	21
54	126
0	19
24	0
58	11
1	1
0	84
3	0
0	3
0	2
9	4
0	1
1	0
0	11
144	127
38	0
124	0
61	41
0	0
49	58
0	0
5	44
10	22
2	0
4	65
4	20
0	0
0	0
0	0
0	0
0	9
18	26
0	0
0	0
5	2
0	0
0	0
2112	0
0	0
0	0
0	0
0	10
296	274
0	0
518	1
7	0
5	27
8	13
0	0
0	0
0	0
0	0
0	0
58	248
20	35
37	71
0	1
79	0
0	0
0	0
9	607
1895	47
105	59
256	194
0	0
4	32
1	62
3	72
32	116
68	136
796	16
13	14
25	19
103	0
9	54
41	16
0	0
49	4
28	30
0	0
22	0
24	0
1	0
0	0
556	0
132	0
706	0
0	0
0	0
0	0
31	0
71	1167
1	22
49	750
10	90
197	0
125	0
48	125
0	0
2	133
5	2
386	59
320	0
4	166
3	56
0	0
0	0
0	178
0	0
90	5
5	606
48	19
37	45
170	943
0	0
39	0
0	268
49	990
2	1
4	1057
60	0
8	17
275	73
1	11
0	26
3	1
1	617
751	0
0	0
11	0
0	0
0	0
2	55
26	43
1	15
21	429
76	11
0	76
0	0
3	0
1	59
0	0
3	0
0	0
0	0
0	0
0	0
0	0
0	26
3	0
2	8
0	0
0	0
7	585
0	0
0	0
0	0
0	0
0	0
18	9
0	0
0	0
0	46
6	2
0	0
0	0
24	0
29	22
4	23
0	0
4192	1
3	6
50	0
31	0
0	0
374	926
0	0
21	77
461	1111
4	5
103	0
1	0
50	0
503	22
5338	0
37	888
0	165
1	8
4	12
0	0
0	0
0	0
0	5
2	1
2	4
0	7
6	33
0	2
0	0
0	23
0	10
0	9
35	32
64	94
1	0
0	0
13	215
138	11
193	60
3	62
102	16
22	301
6	6
57	176
16	13
105	103
9	1
0	3
0	0
1	0
392	395
45	152
17	0
38	25
22	44
37	11
43	0
18	0
3	234
18	0
577	0
0	0
9	965
63	70
11	75
11	35
1	3
3314	0
26	0
98	0
1086	0
6016	0
1329	0
6	1
1304	0
1	0
1896	0
31	0
53	18
3990	0
24	1
9	12
0	2
24	36
16	0
0	61
5	59
0	0
5	79
721	74
4	39
66	0
36	91
22	21
12	0
4	4
24	0
33	307
0	8
60	6
1	0
40	0
27	14
3	9
0	0
176	0
50	179
0	0
702	31
0	0
1793	29
36	0
0	0
6	5
0	0
0	65
0	0
0	0
0	0
6	2
0	3
0	0
0	0
0	0
56	267
0	0
1	7
37	3
7	132
298	0
0	1
8	0
72	75
480	31
274	10
1750	287
788	260
1	11
2	37
4	87
0	3
308	216
27	98
73	0
127	8
382	55
55	34
0	0
0	0
0	0
5	11
0	28
133	135
115	650
90	229
331	43
0	0
0	0
0	8
56	75
0	0
0	0
0	0
0	0
0	31
0	0
47	115
25	0
12	84
83	30
228	49
21	170
0	0
0	0
1	8
0	1
0	0
0	0
0	0
0	0
3	196
0	0
0	56
0	0
0	0
0	0
0	0
0	0
0	0
0	0
0	0
0	0
0	0
0	12
0	0
0	0
0	0
0	0
0	0
0	0
0	0
0	0
0	0
0	0
0	0
0	0
0	0
0	0
0	0
0	0
0	0
0	0
0	0
0	0
0	0
27	268
15	44
0	0
0	0
0	0
0	0
0	0
0	0
0	0
0	0
0	0
0	0
48	91
0	0
0	0
0	0
0	0
0	0
0	0
0	0
0	0
27	109
282	68
34	34
5	64
25	3
0	1
5	10
0	0
9	722
13	0
18	84
11	55
4	0
0	0
0	0
0	0
4	0
4	0
0	0
0	0
26	0
4	12
5	331
3087	67
34	9
173	2
177	97
106	1560
3	281
5	0
1	0
1	0
0	0
0	0
0	0
4	197
4479	27
0	0
41	0
0	0
26	0
0	46
0	4
4334	0
111	0
5	0
0	0
32	0
937	276
15	11
0	0
1	0
111	37
129	815
150	4
67	0
297	8
0	0
106	7
198	25
3	14
6	88
4	1
280	24
10	0
0	117
232	207
410	13
2	7
69	246
0	16
61	0
0	2
30	0
84	0
36	1
22	22
2954	1
119	0
238	0
68	0
0	0
0	4
1	20
0	0
3	68
0	0
0	0
0	0
1018	0
47	32
70	37
12	0
275	24
87	5
15	0
41	0
33	0
0	33
0	110
0	0
139	8
225	301
0	0
0	0
6	127
2	758
271	0
29	727
11	12
1	128
942	0
3	18
0	0
5	0
0	0
0	0
0	0
3	179
3	139
7	155
10	0
30	2
11731	3
31	33
147	23
400	50
0	0
34	0
134	0
554	67
8	0
76	0
0	13
2	8
22	0
2217	1991
1619	146
1085	65
1658	1017
1679	1354
3650	1390
8006	124
85	0
13844	22
11	3
62	28
0	30
0	0
0	0
0	0
4	10
1	0
0	0
0	256
0	0
20	0
38	1
0	8
45	0
97	1
87	841
0	0
0	82
0	0
0	0
0	0
0	0
0	0
0	0
0	0
0	0
5	1378
242	0
0	26
13	254
0	51
0	320
18	86
28	144
0	0
7	33
0	2
0	6
0	0
137	1170
6	119
21	0
0	2
40	19
1839	14
28	145
3	145
25	145
