gene_id	rank	final_score	decision	reason	sequence_length	best_hit_accession	best_hit_species	best_hit_taxid	best_hit_lineage	best_identity_pct	best_query_coverage_pct	best_evalue	best_bitscore	qualifying_hits	total_blast_hits	arthropod_fraction	bacterial_fraction	fungal_fraction	non_arthropod_eukaryote_fraction	other_prokaryote_fraction	taxonomy_classification	homology_score	taxonomy_score	annotation_score	interpro_score	target_class_score	functional_description	interpro_accessions	interpro_descriptions	pfam	panther	go_terms	functional_keywords	target_class	best_hit_description
g5044.t1	1	89.355	KEEP	Strong arthropod homology with multiple qualifying hits and strong combined evidence.	1063	tr|A0AAV1K2K6|A0AAV1K2K6_9NEOP	Leptosia nina	320188	Eukaryota; Metazoa; Arthropoda; Insecta; Lepidoptera	77.943	100.0	0.0	1723.0	11	11	1.0	0.0	0.0	0.0	0.0	KEEP_ARTHROPOD	99.516	100.0	30.0	100.0	100.0	Protein kinase domain	IPR000719; IPR009030; IPR032778; IPR006212; IPR017441; IPR001245; IPR000494; IPR036941; IPR011009; IPR050122; IPR020635; IPR008266	Protein kinase domain; Growth factor receptor cysteine-rich domain superfamily; Growth factor receptor domain 4; Furin-like repeat; Protein kinase, ATP binding site; Serine-threonine/tyrosine-protein kinase, catalytic domain; Receptor L-domain; Receptor L-domain superfamily; Protein kinase-like domain superfamily; Receptor Tyrosine Kinase; Tyrosine-protein kinase, catalytic domain; Tyrosine-protein kinase, active site	PF14843; Growth factor receptor domain IV; PF01030; Receptor L domain; PF07714; Protein tyrosine and serine/threonine kinase	PTHR24416; TYROSINE-PROTEIN KINASE RECEPTOR	GO:0005524(InterPro)|GO:0006468(InterPro); GO:0005524(InterPro); GO:0004672(InterPro)|GO:0006468(InterPro); GO:0004714(PANTHER)|GO:0005886(PANTHER)|GO:0007169(PANTHER)|GO:0007275(PANTHER)|GO:0008284(PANTHER)|GO:0009925(PANTHER)|GO:0022008(PANTHER)|GO:0033674(PANTHER)|GO:0043066(PANTHER)|GO:0043235(PANTHER); GO:0004713(InterPro)|GO:0006468(InterPro)	enzyme; receptor; development	GROWTH_DEVELOPMENT	Receptor protein-tyrosine kinase OS=Leptosia nina OX=320188 GN=LNINA_LOCUS13499 PE=3 SV=1
g9259.t1	2	89.309	KEEP	Strong arthropod homology with multiple qualifying hits and strong combined evidence.	275	tr|A0A9P0BS20|A0A9P0BS20_CHRIL	Chrysodeixis includens	689277	Eukaryota; Metazoa; Arthropoda; Insecta; Lepidoptera	93.818	100.0	0.0	543.0	10	10	1.0	0.0	0.0	0.0	0.0	KEEP_ARTHROPOD	99.364	100.0	30.0	100.0	100.0	C. elegans Developmental and Neuronal Protein	IPR052774; IPR003609; IPR001507	C. elegans Developmental and Neuronal Protein; PAN/Apple domain; Zona pellucida domain	PF00024; PAN domain	PTHR47327; FI18240P1-RELATED	GO:0009653(PANTHER)	development	GROWTH_DEVELOPMENT	No mechanoreceptor potential A OS=Chrysodeixis includens OX=689277 GN=CINC_LOCUS4857 PE=4 SV=1
g17807.t1	3	89.309	KEEP	Strong arthropod homology with multiple qualifying hits and strong combined evidence.	1217	tr|A0A4C1YA56|A0A4C1YA56_EUMVA	Eumeta variegata	151549	Eukaryota; Metazoa; Arthropoda; Insecta; Lepidoptera	82.712	100.0	0.0	2154.0	10	10	1.0	0.0	0.0	0.0	0.0	KEEP_ARTHROPOD	99.364	100.0	30.0	100.0	100.0	Protein kinase, ATP binding site	IPR017441; IPR045860; IPR000333; IPR000472; IPR000719; IPR011009	Protein kinase, ATP binding site; Snake toxin-like superfamily; Ser/Thr protein kinase, TGFB receptor; Activin types I and II receptor domain; Protein kinase domain; Protein kinase-like domain superfamily	PF01064; Activin types I and II receptor domain; PF00069; Protein kinase domain	PTHR23255; TRANSFORMING GROWTH FACTOR-BETA RECEPTOR TYPE I AND II	GO:0005524(InterPro); GO:0004675(InterPro)|GO:0005524(InterPro)|GO:0007178(InterPro)|GO:0016020(InterPro); GO:0004674(PANTHER)|GO:0004675(InterPro)|GO:0005024(PANTHER)|GO:0005524(InterPro)|GO:0005886(PANTHER)|GO:0006468(PANTHER)|GO:0007178(InterPro)|GO:0016020(InterPro)|GO:0030509(PANTHER)|GO:0043235(PANTHER)|GO:0071363(PANTHER); GO:0004675(InterPro)|GO:0016020(InterPro); GO:0005524(InterPro)|GO:0006468(InterPro)	enzyme; receptor; development	GROWTH_DEVELOPMENT	tr|A0A4C1YA56|A0A4C1YA56_EUMVA Serine/threonine-protein kinase receptor OS=Eumeta variegata OX=151549 GN=BMPR2 PE=3 SV=1
g9091.t1	4	89.194	KEEP	Strong arthropod homology with multiple qualifying hits and strong combined evidence.	726	sp|O01639|E75_CHOFU	Choristoneura fumiferana	7141	Eukaryota; Metazoa; Arthropoda; Insecta; Lepidoptera	85.399	100.0	0.0	1149.0	9	9	1.0	0.0	0.0	0.0	0.0	KEEP_ARTHROPOD	98.978	100.0	30.0	100.0	100.0	Zinc finger, NHR/GATA-type	IPR013088; IPR000536; IPR001728; IPR001628; IPR035500; IPR050234; IPR001723	Zinc finger, NHR/GATA-type; Nuclear hormone receptor, ligand-binding domain; Thyroid hormone receptor; Zinc finger, nuclear hormone receptor-type; Nuclear hormone receptor-like domain superfamily; Nuclear hormone receptor family NR1 subfamily; Nuclear hormone receptor	PF00104; Ligand-binding domain of nuclear hormone receptor; PF00105; Double treble clef zinc finger, C4 type	PTHR24082; NUCLEAR HORMONE RECEPTOR	GO:0006355(InterPro)|GO:0008270(InterPro); GO:0003677(InterPro)|GO:0004879(InterPro)|GO:0006355(InterPro); GO:0003700(InterPro)|GO:0006355(InterPro)|GO:0008270(InterPro)|GO:0043565(InterPro); GO:0000122(PANTHER)|GO:0000978(PANTHER)|GO:0004879(PANTHER)|GO:0009755(PANTHER)|GO:0030154(PANTHER)|GO:0045944(PANTHER)	transcription_factor; receptor; hormone	GROWTH_DEVELOPMENT	Ecdysone-inducible protein E75 OS=Choristoneura fumiferana OX=7141 GN=E75 PE=2 SV=1
g4117.t1	5	89.145	KEEP	Strong arthropod homology with multiple qualifying hits and strong combined evidence.	1233	tr|A0A4C1U2V6|A0A4C1U2V6_EUMVA	Eumeta variegata	151549	Eukaryota; Metazoa; Arthropoda; Insecta; Lepidoptera	81.348	99.0	0.0	1817.0	11	11	1.0	0.0	0.0	0.0	0.0	KEEP_ARTHROPOD	98.816	100.0	30.0	100.0	100.0	Protein kinase-like domain superfamily	IPR011009; IPR000719; IPR017441; IPR001828; IPR028082; IPR001245; IPR008266; IPR020635; IPR050122	Protein kinase-like domain superfamily; Protein kinase domain; Protein kinase, ATP binding site; Receptor, ligand binding region; Periplasmic binding protein-like I; Serine-threonine/tyrosine-protein kinase, catalytic domain; Tyrosine-protein kinase, active site; Tyrosine-protein kinase, catalytic domain; Receptor Tyrosine Kinase	PF01094; Receptor family ligand binding region; PF07714; Protein tyrosine and serine/threonine kinase	PTHR24416; TYROSINE-PROTEIN KINASE RECEPTOR	GO:0005524(InterPro)|GO:0006468(InterPro); GO:0005524(InterPro); GO:0004672(InterPro)|GO:0006468(InterPro); GO:0004713(InterPro)|GO:0006468(InterPro); GO:0004714(PANTHER)|GO:0005886(PANTHER)|GO:0007169(PANTHER)|GO:0007275(PANTHER)|GO:0033674(PANTHER)|GO:0043235(PANTHER)	enzyme; receptor	GROWTH_DEVELOPMENT	Insulin-like growth factor 1 receptor OS=Eumeta variegata OX=151549 GN=igf1r PE=4 SV=1
g6403.t1	6	89.145	KEEP	Strong arthropod homology with multiple qualifying hits and strong combined evidence.	2916	tr|A0A4C1TBC7|A0A4C1TBC7_EUMVA	Eumeta variegata	151549	Eukaryota; Metazoa; Arthropoda; Insecta; Lepidoptera	81.242	99.0	0.0	4831.0	11	11	1.0	0.0	0.0	0.0	0.0	KEEP_ARTHROPOD	98.816	100.0	30.0	100.0	100.0	Glycoside hydrolase superfamily	IPR017853; IPR002557; IPR001223; IPR029070; IPR036508; IPR011583; IPR050314; IPR001763; IPR001579	Glycoside hydrolase superfamily; Chitin binding domain; Glycoside hydrolase family 18, catalytic domain; Chitinase insertion domain superfamily; Chitin binding domain superfamily; Chitinase II/V-like, catalytic domain; Glycosyl hydrolase family 18; Rhodanese-like domain; Glycosyl hydrolase family 18, active site	PF00704; Glycosyl hydrolases family 18; PF01607; Chitin binding Peritrophin-A domain	PTHR11177; CHITINASE	GO:0005576(InterPro)|GO:0008061(InterPro); GO:0005975(InterPro); GO:0008061(InterPro); GO:0004568(PANTHER)|GO:0005576(PANTHER)|GO:0006032(PANTHER)|GO:0008061(PANTHER); GO:0004553(InterPro)|GO:0005975(InterPro)	enzyme; digestion	CHITIN	chitinase OS=Eumeta variegata OX=151549 GN=Cht10 PE=3 SV=1
g17557.t2	7	89.099	KEEP	Strong arthropod homology with multiple qualifying hits and strong combined evidence.	1635	tr|A0A194PL82|A0A194PL82_PAPXU	Papilio xuthus	66420	Eukaryota; Metazoa; Arthropoda; Insecta; Lepidoptera	87.768	99.0	0.0	3047.0	10	10	1.0	0.0	0.0	0.0	0.0	KEEP_ARTHROPOD	98.664	100.0	30.0	100.0	100.0	Chitin synthase	IPR004835; IPR029044; IPR055120	Chitin synthase; Nucleotide-diphospho-sugar transferases; Chitin synthase chs-1/2, N-terminal putative transporter domain	PF03142; Chitin synthase; PF23000; Chitin synthase N-terminal putative transporter domain	PTHR22914; CHITIN SYNTHASE	GO:0004100(InterPro)|GO:0004100(PANTHER)|GO:0006031(PANTHER)|GO:0006035(PANTHER)|GO:0016758(InterPro)|GO:0030428(PANTHER)|GO:0071944(PANTHER)	enzyme; transporter	CHITIN	tr|A0A194PL82|A0A194PL82_PAPXU chitin synthase OS=Papilio xuthus OX=66420 GN=RR46_12923 PE=3 SV=1
g6292.t1	8	89.099	KEEP	Strong arthropod homology with multiple qualifying hits and strong combined evidence.	348	tr|A0A4C1SS19|A0A4C1SS19_EUMVA	Eumeta variegata	151549	Eukaryota; Metazoa; Arthropoda; Insecta; Lepidoptera	77.401	99.0	0.0	552.0	10	10	1.0	0.0	0.0	0.0	0.0	KEEP_ARTHROPOD	98.664	100.0	30.0	100.0	100.0	Peptidase S1, PA clan	IPR009003; IPR001314; IPR001254; IPR022700; IPR038565; IPR033116; IPR051487; IPR018114	Peptidase S1, PA clan; Peptidase S1A, chymotrypsin family; Serine proteases, trypsin domain; Proteinase, regulatory CLIP domain; Proteinase, regulatory CLIP domain superfamily; Serine proteases, trypsin family, serine active site; Serine/Threonine Proteases with Immune and Developmental Roles; Serine protease-like, trypsin family, histidine active site	PF00089; Trypsin; PF12032; Regulatory CLIP domain of proteinases	PTHR24256; TRYPTASE-RELATED	GO:0004252(InterPro)|GO:0006508(InterPro)	enzyme; development; digestion	GROWTH_DEVELOPMENT	CLIP domain-containing serine protease OS=Eumeta variegata OX=151549 GN=EVAR_74799_1 PE=3 SV=1
g5212.t3	9	89.099	KEEP	Strong arthropod homology with multiple qualifying hits and strong combined evidence.	1347	tr|A0A4C1SNH7|A0A4C1SNH7_EUMVA	Eumeta variegata	151549	Eukaryota; Metazoa; Arthropoda; Insecta; Lepidoptera	74.462	99.0	0.0	2068.0	10	10	1.0	0.0	0.0	0.0	0.0	KEEP_ARTHROPOD	98.664	100.0	30.0	100.0	100.0	Immunoglobulin-like domain	IPR007110; IPR036179; IPR003599; IPR008266; IPR013783; IPR001245; IPR050122; IPR011009; IPR003598; IPR013151; IPR000719; IPR017441	Immunoglobulin-like domain; Immunoglobulin-like domain superfamily; Immunoglobulin domain subtype; Tyrosine-protein kinase, active site; Immunoglobulin-like fold; Serine-threonine/tyrosine-protein kinase, catalytic domain; Receptor Tyrosine Kinase; Protein kinase-like domain superfamily; Immunoglobulin subtype 2; Immunoglobulin-like beta-sandwich domain; Protein kinase domain; Protein kinase, ATP binding site	PF07714; Protein tyrosine and serine/threonine kinase; PF13927; Immunoglobulin domain; PF00047	PTHR24416; TYROSINE-PROTEIN KINASE RECEPTOR	GO:0004672(InterPro)|GO:0006468(InterPro); GO:0004714(PANTHER)|GO:0005886(PANTHER)|GO:0007169(PANTHER)|GO:0007275(PANTHER)|GO:0033674(PANTHER)|GO:0043235(PANTHER); GO:0005524(InterPro)|GO:0006468(InterPro); GO:0005524(InterPro)	enzyme; receptor	GROWTH_DEVELOPMENT	Vascular endothelial growth factor receptor 1 OS=Eumeta variegata OX=151549 GN=FLT1 PE=4 SV=1
g16425.t1	10	88.99	KEEP	Strong arthropod homology with multiple qualifying hits and strong combined evidence.	219	tr|A0A4C1YN93|A0A4C1YN93_EUMVA	Eumeta variegata	151549	Eukaryota; Metazoa; Arthropoda; Insecta; Lepidoptera	69.585	99.0	8.24e-113	336.0	10	10	1.0	0.0	0.0	0.0	0.0	KEEP_ARTHROPOD	98.301	100.0	30.0	100.0	100.0	Serine proteases, trypsin domain	IPR001254; IPR051487; IPR009003	Serine proteases, trypsin domain; Serine/Threonine Proteases with Immune and Developmental Roles; Peptidase S1, PA clan	PF00089; Trypsin	PTHR24256; TRYPTASE-RELATED	GO:0004252(InterPro)|GO:0006508(InterPro)	enzyme; development; digestion	GROWTH_DEVELOPMENT	tr|A0A4C1YN93|A0A4C1YN93_EUMVA Modular serine protease OS=Eumeta variegata OX=151549 GN=modSP PE=3 SV=1
g1541.t1	11	88.889	KEEP	Strong arthropod homology with multiple qualifying hits and strong combined evidence.	380	tr|A0A4C1UM74|A0A4C1UM74_EUMVA	Eumeta variegata	151549	Eukaryota; Metazoa; Arthropoda; Insecta; Lepidoptera	83.646	98.0	0.0	657.0	10	10	1.0	0.0	0.0	0.0	0.0	KEEP_ARTHROPOD	97.964	100.0	30.0	100.0	100.0	Proteinase, regulatory CLIP domain	IPR022700; IPR018114; IPR051487; IPR001254; IPR009003; IPR033116; IPR001314; IPR038565	Proteinase, regulatory CLIP domain; Serine protease-like, trypsin family, histidine active site; Serine/Threonine Proteases with Immune and Developmental Roles; Serine proteases, trypsin domain; Peptidase S1, PA clan; Serine proteases, trypsin family, serine active site; Peptidase S1A, chymotrypsin family; Proteinase, regulatory CLIP domain superfamily	PF12032; Regulatory CLIP domain of proteinases; PF00089; Trypsin	PTHR24256; TRYPTASE-RELATED	GO:0004252(InterPro)|GO:0006508(InterPro)	enzyme; membrane; development; digestion	GROWTH_DEVELOPMENT	CLIP domain-containing serine protease OS=Eumeta variegata OX=151549 GN=Sp7 PE=3 SV=1
g13831.t1	12	88.889	KEEP	Strong arthropod homology with multiple qualifying hits and strong combined evidence.	912	tr|A0A194QAT6|A0A194QAT6_PAPXU	Papilio xuthus	66420	Eukaryota; Metazoa; Arthropoda; Insecta; Lepidoptera	92.256	98.0	0.0	1759.0	10	10	1.0	0.0	0.0	0.0	0.0	KEEP_ARTHROPOD	97.964	100.0	30.0	100.0	100.0	Chitinase insertion domain superfamily	IPR029070; IPR002557; IPR011583; IPR036508; IPR050314; IPR001579; IPR001223; IPR017853	Chitinase insertion domain superfamily; Chitin binding domain; Chitinase II/V-like, catalytic domain; Chitin binding domain superfamily; Glycosyl hydrolase family 18; Glycosyl hydrolase family 18, active site; Glycoside hydrolase family 18, catalytic domain; Glycoside hydrolase superfamily	PF01607; Chitin binding Peritrophin-A domain; PF00704; Glycosyl hydrolases family 18	PTHR11177; CHITINASE	GO:0005576(InterPro)|GO:0008061(InterPro); GO:0008061(InterPro); GO:0004568(PANTHER)|GO:0005576(PANTHER)|GO:0006032(PANTHER)|GO:0008061(PANTHER); GO:0004553(InterPro)|GO:0005975(InterPro); GO:0005975(InterPro)	enzyme; digestion	CHITIN	tr|A0A194QAT6|A0A194QAT6_PAPXU Putative chitinase 3 OS=Papilio xuthus OX=66420 GN=RR46_09780 PE=3 SV=1
g16491.t1	13	88.889	KEEP	Strong arthropod homology with multiple qualifying hits and strong combined evidence.	2476	tr|A0A4C1WC48|A0A4C1WC48_EUMVA	Eumeta variegata	151549	Eukaryota; Metazoa; Arthropoda; Insecta; Lepidoptera	76.644	98.0	0.0	3357.0	10	10	1.0	0.0	0.0	0.0	0.0	KEEP_ARTHROPOD	97.964	100.0	30.0	100.0	100.0	Chitin binding domain superfamily	IPR036508; IPR017853; IPR029070; IPR011583; IPR002557; IPR001223; IPR001579; IPR050314	Chitin binding domain superfamily; Glycoside hydrolase superfamily; Chitinase insertion domain superfamily; Chitinase II/V-like, catalytic domain; Chitin binding domain; Glycoside hydrolase family 18, catalytic domain; Glycosyl hydrolase family 18, active site; Glycosyl hydrolase family 18	PF01607; Chitin binding Peritrophin-A domain; PF00704; Glycosyl hydrolases family 18	PTHR11177; CHITINASE	GO:0008061(InterPro); GO:0005576(InterPro)|GO:0008061(InterPro); GO:0005975(InterPro); GO:0004553(InterPro)|GO:0005975(InterPro); GO:0004568(PANTHER)|GO:0005576(PANTHER)|GO:0006032(PANTHER)|GO:0008061(PANTHER)	enzyme; digestion	CHITIN	tr|A0A4C1WC48|A0A4C1WC48_EUMVA Acidic mammalian chitinase OS=Eumeta variegata OX=151549 GN=CHIA PE=3 SV=1
g2464.t1	14	88.837	KEEP	Strong arthropod homology with multiple qualifying hits and strong combined evidence.	368	tr|A0A4C1YFG7|A0A4C1YFG7_EUMVA	Eumeta variegata	151549	Eukaryota; Metazoa; Arthropoda; Insecta; Lepidoptera	82.173	98.0	0.0	603.0	10	10	1.0	0.0	0.0	0.0	0.0	KEEP_ARTHROPOD	97.79	100.0	30.0	100.0	100.0	UDP-glucuronosyl/UDP-glucosyltransferase	IPR002213; IPR050271	UDP-glucuronosyl/UDP-glucosyltransferase; UDP-glycosyltransferase	PF00201; UDP-glucoronosyl and UDP-glucosyl transferase	PTHR48043; EG:EG0003.4 PROTEIN-RELATED	GO:0008194(InterPro); GO:0008194(PANTHER)	enzyme	GROWTH_DEVELOPMENT	Ecdysteroid UDP-glucosyltransferase OS=Eumeta variegata OX=151549 GN=EGT PE=3 SV=1
g14161.t1	15	88.649	KEEP	Strong arthropod homology with multiple qualifying hits and strong combined evidence.	437	tr|A0A4C1V3W7|A0A4C1V3W7_EUMVA	Eumeta variegata	151549	Eukaryota; Metazoa; Arthropoda; Insecta; Lepidoptera	80.822	100.0	0.0	749.0	12	12	1.0	0.0	0.0	0.0	0.0	KEEP_ARTHROPOD	99.664	100.0	30.0	100.0	95.0	Sushi/SCR/CCP superfamily	IPR035976; IPR001254; IPR001314; IPR018114; IPR009003	Sushi/SCR/CCP superfamily; Serine proteases, trypsin domain; Peptidase S1A, chymotrypsin family; Serine protease-like, trypsin family, histidine active site; Peptidase S1, PA clan	PF00089; Trypsin	PTHR24252; ACROSIN-RELATED	GO:0004252(InterPro)|GO:0006508(InterPro)	enzyme; digestion	DIGESTION	tr|A0A4C1V3W7|A0A4C1V3W7_EUMVA Modular serine protease OS=Eumeta variegata OX=151549 GN=modSP PE=4 SV=1
g16503.t1	16	88.641	KEEP	Strong arthropod homology with multiple qualifying hits and strong combined evidence.	356	tr|A0A4C1VWI1|A0A4C1VWI1_EUMVA	Eumeta variegata	151549	Eukaryota; Metazoa; Arthropoda; Insecta; Lepidoptera	69.855	97.0	4.19e-174	499.0	10	10	1.0	0.0	0.0	0.0	0.0	KEEP_ARTHROPOD	97.137	100.0	30.0	100.0	100.0	UDP-glucuronosyl/UDP-glucosyltransferase	IPR002213; IPR050271	UDP-glucuronosyl/UDP-glucosyltransferase; UDP-glycosyltransferase	PF00201; UDP-glucoronosyl and UDP-glucosyl transferase	PTHR48043; EG:EG0003.4 PROTEIN-RELATED	GO:0008194(InterPro); GO:0008194(PANTHER)	enzyme	GROWTH_DEVELOPMENT	tr|A0A4C1VWI1|A0A4C1VWI1_EUMVA Ecdysteroid UDP-glucosyltransferase OS=Eumeta variegata OX=151549 GN=EGT PE=3 SV=1
g19394.t1	17	88.637	KEEP	Strong arthropod homology with multiple qualifying hits and strong combined evidence.	619	tr|A0A4C1VNC3|A0A4C1VNC3_EUMVA	Eumeta variegata	151549	Eukaryota; Metazoa; Arthropoda; Insecta; Lepidoptera	86.452	100.0	0.0	1128.0	12	12	1.0	0.0	0.0	0.0	0.0	KEEP_ARTHROPOD	99.624	100.0	30.0	100.0	95.0	Six-bladed beta-propeller, TolB-like	IPR011042; IPR001375; IPR045550; IPR029058	Six-bladed beta-propeller, TolB-like; Peptidase S9, prolyl oligopeptidase, catalytic domain; Acylamino-acid-releasing enzyme, N-terminal domain; Alpha/Beta hydrolase fold	PF00326; Prolyl oligopeptidase family; PF19283; Acylamino-acid-releasing enzyme, N-terminal domain	PTHR42776; SERINE PEPTIDASE S9 FAMILY MEMBER	GO:0006508(InterPro)|GO:0008236(InterPro); GO:0004252(PANTHER)	enzyme; digestion	DIGESTION	tr|A0A4C1VNC3|A0A4C1VNC3_EUMVA Acylamino-acid-releasing enzyme OS=Eumeta variegata OX=151549 GN=Apeh PE=3 SV=1
g3621.t1	18	88.637	KEEP	Strong arthropod homology with multiple qualifying hits and strong combined evidence.	952	tr|A0A4C1W5T8|A0A4C1W5T8_EUMVA	Eumeta variegata	151549	Eukaryota; Metazoa; Arthropoda; Insecta; Lepidoptera	86.149	100.0	0.0	1704.0	12	12	1.0	0.0	0.0	0.0	0.0	KEEP_ARTHROPOD	99.624	100.0	30.0	100.0	95.0	Aminopeptidase N-type	IPR034016; IPR014782; IPR045357; IPR042097; IPR050344; IPR027268; IPR024571; IPR001930	Aminopeptidase N-type; Peptidase M1, membrane alanine aminopeptidase; Aminopeptidase N-like , N-terminal domain; Aminopeptidase N-like , N-terminal domain superfamliy; Peptidase M1 family aminopeptidases; Peptidase M4/M1, CTD superfamily; ERAP1-like C-terminal domain; Peptidase M1, alanine aminopeptidase/leukotriene A4 hydrolase	PF01433; Peptidase family M1 domain; PF17900; Peptidase M1 N-terminal domain; PF11838; ERAP1-like C-terminal domain	PTHR11533; PROTEASE M1 ZINC METALLOPROTEASE	GO:0008237(InterPro)|GO:0008270(InterPro); GO:0005615(PANTHER)|GO:0005737(PANTHER)|GO:0006508(PANTHER)|GO:0008270(PANTHER)|GO:0016020(PANTHER)|GO:0042277(PANTHER)|GO:0043171(PANTHER)|GO:0070006(PANTHER); GO:0006508(InterPro)	enzyme; digestion	DIGESTION	Aminopeptidase OS=Eumeta variegata OX=151549 GN=EVAR_95141_1 PE=3 SV=1
g18411.t1	19	88.62	KEEP	Strong arthropod homology with multiple qualifying hits and strong combined evidence.	1897	tr|A0A4C1Y159|A0A4C1Y159_EUMVA	Eumeta variegata	151549	Eukaryota; Metazoa; Arthropoda; Insecta; Lepidoptera	68.313	98.0	0.0	2593.0	20	37	1.0	0.0	0.0	0.0	0.0	KEEP_ARTHROPOD	97.068	100.0	30.0	100.0	100.0	Chitin binding domain superfamily	IPR036508; IPR002557; IPR017853; IPR051940; IPR029070; IPR001223	Chitin binding domain superfamily; Chitin binding domain; Glycoside hydrolase superfamily; Chitin-binding developmental regulator; Chitinase insertion domain superfamily; Glycoside hydrolase family 18, catalytic domain	PF01607; Chitin binding Peritrophin-A domain; PF00704; Glycosyl hydrolases family 18	PTHR23301; CHITIN BINDING PERITROPHIN-A	GO:0008061(InterPro); GO:0005576(InterPro)|GO:0008061(InterPro); GO:0005975(InterPro)	enzyme; development; digestion	CHITIN	tr|A0A4C1Y159|A0A4C1Y159_EUMVA Probable chitinase 10 OS=Eumeta variegata OX=151549 GN=Cht10 PE=3 SV=1
g6034.t3	20	88.617	KEEP	Strong arthropod homology with multiple qualifying hits and strong combined evidence.	382	tr|A0A8J9VST8|A0A8J9VST8_9NEOP	Brenthis ino	405034	Eukaryota; Metazoa; Arthropoda; Insecta; Lepidoptera	82.902	100.0	0.0	684.0	11	11	1.0	0.0	0.0	0.0	0.0	KEEP_ARTHROPOD	99.555	100.0	30.0	100.0	95.0	Peptidase M2, peptidyl-dipeptidase A	IPR001548	Peptidase M2, peptidyl-dipeptidase A	PF01401; Angiotensin-converting enzyme	PTHR10514; ANGIOTENSIN-CONVERTING ENZYME	GO:0006508(InterPro)|GO:0008237(InterPro)|GO:0008241(InterPro)|GO:0016020(InterPro); GO:0005615(PANTHER)|GO:0005886(PANTHER)|GO:0006508(InterPro)|GO:0008237(PANTHER)|GO:0008237(InterPro)|GO:0008241(InterPro)|GO:0016020(InterPro)	enzyme; digestion	DIGESTION	Angiotensin-converting enzyme (Fragment) OS=Brenthis ino OX=405034 GN=BINO364_LOCUS14300 PE=3 SV=1
g2969.t1	21	88.617	KEEP	Strong arthropod homology with multiple qualifying hits and strong combined evidence.	306	tr|A0A9J7E8J3|A0A9J7E8J3_SPOLT	Spodoptera littoralis	7109	Eukaryota; Metazoa; Arthropoda; Insecta; Lepidoptera	76.699	100.0	2.4e-175	506.0	11	11	1.0	0.0	0.0	0.0	0.0	KEEP_ARTHROPOD	99.555	100.0	30.0	100.0	95.0	Serine proteases, trypsin family, serine active site	IPR033116; IPR001254; IPR009003; IPR001314; IPR018114	Serine proteases, trypsin family, serine active site; Serine proteases, trypsin domain; Peptidase S1, PA clan; Peptidase S1A, chymotrypsin family; Serine protease-like, trypsin family, histidine active site	PF00089; Trypsin	PTHR24252; ACROSIN-RELATED	GO:0004252(InterPro)|GO:0006508(InterPro)	enzyme; digestion	DIGESTION	Transmembrane protease serine 9-like OS=Spodoptera litura OX=69820 GN=LOC111356314 PE=4 SV=1
g6193.t1	22	88.605	KEEP	Strong arthropod homology with multiple qualifying hits and strong combined evidence.	415	tr|A0A4C1ZXS9|A0A4C1ZXS9_EUMVA	Eumeta variegata	151549	Eukaryota; Metazoa; Arthropoda; Insecta; Lepidoptera	82.169	100.0	0.0	729.0	11	12	1.0	0.0	0.0	0.0	0.0	KEEP_ARTHROPOD	99.516	100.0	30.0	100.0	95.0	Peptidase M14, carboxypeptidase A	IPR000834; IPR036990; IPR003146	Peptidase M14, carboxypeptidase A; Metallocarboxypeptidase-like, propeptide; Carboxypeptidase, activation peptide	PF00246; Zinc carboxypeptidase; PF02244; Carboxypeptidase activation peptide	PTHR11705; PROTEASE FAMILY M14 CARBOXYPEPTIDASE A,B	GO:0004181(InterPro)|GO:0006508(InterPro)|GO:0008270(InterPro); GO:0004181(PANTHER)|GO:0005615(PANTHER)|GO:0006508(PANTHER)	enzyme; digestion	DIGESTION	Zinc carboxypeptidase A 1 OS=Eumeta variegata OX=151549 GN=EVAR_70481_1 PE=3 SV=1
g2970.t1	23	88.591	KEEP	Strong arthropod homology with multiple qualifying hits and strong combined evidence.	305	tr|A0A9J7E8J3|A0A9J7E8J3_SPOLT	Mythimna loreyi	667449	Eukaryota; Metazoa; Arthropoda; Insecta; Lepidoptera	69.903	100.0	7.08e-153	449.0	11	11	1.0	0.0	0.0	0.0	0.0	KEEP_ARTHROPOD	99.47	100.0	30.0	100.0	95.0	Peptidase S1, PA clan	IPR009003; IPR001254; IPR001314; IPR018114	Peptidase S1, PA clan; Serine proteases, trypsin domain; Peptidase S1A, chymotrypsin family; Serine protease-like, trypsin family, histidine active site	PF00089; Trypsin	PTHR24252; ACROSIN-RELATED	GO:0004252(InterPro)|GO:0006508(InterPro)	enzyme; digestion	DIGESTION	Transmembrane protease serine 9-like OS=Spodoptera litura OX=69820 GN=LOC111356314 PE=4 SV=1
g15511.t1	24	88.559	KEEP	Strong arthropod homology with multiple qualifying hits and strong combined evidence.	285	tr|A0A7E5WWH7|A0A7E5WWH7_TRINI	Trichoplusia ni	7111	Eukaryota; Metazoa; Arthropoda; Insecta; Lepidoptera	74.394	100.0	1.65e-154	441.0	10	10	1.0	0.0	0.0	0.0	0.0	KEEP_ARTHROPOD	99.364	100.0	30.0	100.0	95.0	Serine proteases, trypsin domain	IPR001254; IPR009003; IPR018114; IPR001314	Serine proteases, trypsin domain; Peptidase S1, PA clan; Serine protease-like, trypsin family, histidine active site; Peptidase S1A, chymotrypsin family	PF00089; Trypsin	PTHR24276; POLYSERASE-RELATED	GO:0004252(InterPro)|GO:0006508(InterPro); GO:0004252(PANTHER)	enzyme; digestion	DIGESTION	tr|A0A7E5WWH7|A0A7E5WWH7_TRINI Trypsin beta-like OS=Trichoplusia ni OX=7111 GN=LOC113506571 PE=3 SV=1
g17688.t1	25	88.559	KEEP	Strong arthropod homology with multiple qualifying hits and strong combined evidence.	171	tr|A0ABQ7QL21|A0ABQ7QL21_PLUXY	Plutella xylostella	51655	Eukaryota; Metazoa; Arthropoda; Insecta; Lepidoptera	74.269	100.0	1.37e-88	271.0	10	10	1.0	0.0	0.0	0.0	0.0	KEEP_ARTHROPOD	99.364	100.0	30.0	100.0	95.0	Alpha/Beta hydrolase fold	IPR029058; IPR000734; IPR013818	Alpha/Beta hydrolase fold; Triacylglycerol lipase family; Lipase	PF00151; Lipase	PTHR11610; LIPASE	GO:0005615(PANTHER)|GO:0016042(PANTHER)|GO:0016298(PANTHER)|GO:0016298(InterPro)|GO:0017171(PANTHER); GO:0016298(InterPro)	enzyme; digestion	DIGESTION	tr|A0ABQ7QL21|A0ABQ7QL21_PLUXY Lipase domain-containing protein OS=Plutella xylostella OX=51655 GN=JYU34_008496 PE=3 SV=1
g1240.t2	26	88.559	KEEP	Strong arthropod homology with multiple qualifying hits and strong combined evidence.	322	tr|A0A4C1SQQ9|A0A4C1SQQ9_EUMVA	Eumeta variegata	151549	Eukaryota; Metazoa; Arthropoda; Insecta; Lepidoptera	96.584	100.0	0.0	649.0	10	10	1.0	0.0	0.0	0.0	0.0	KEEP_ARTHROPOD	99.364	100.0	30.0	100.0	95.0	Lipase	IPR013818; IPR029058; IPR000734; IPR036392	Lipase; Alpha/Beta hydrolase fold; Triacylglycerol lipase family; PLAT/LH2 domain superfamily	PF00151; Lipase	PTHR11610; LIPASE	GO:0016298(InterPro); GO:0005615(PANTHER)|GO:0016042(PANTHER)|GO:0016298(InterPro)|GO:0016298(PANTHER)|GO:0017171(PANTHER); GO:0005515(InterPro)	enzyme; digestion	DIGESTION	Pancreatic triacylglycerol lipase OS=Eumeta variegata OX=151549 GN=PNLIP PE=3 SV=1
g2734.t1	27	88.559	KEEP	Strong arthropod homology with multiple qualifying hits and strong combined evidence.	468	tr|A0A4C1TFN7|A0A4C1TFN7_EUMVA	Eumeta variegata	151549	Eukaryota; Metazoa; Arthropoda; Insecta; Lepidoptera	97.65	100.0	0.0	964.0	10	10	1.0	0.0	0.0	0.0	0.0	KEEP_ARTHROPOD	99.364	100.0	30.0	100.0	95.0	Metalloenzyme, LuxS/M16 peptidase-like	IPR011249; IPR011765; IPR001431; IPR050361; IPR007863	Metalloenzyme, LuxS/M16 peptidase-like; Peptidase M16, N-terminal; Peptidase M16, zinc-binding site; Mitochondrial Processing Peptidase/Ubiquinol-cytochrome c Reductase Complex; Peptidase M16, C-terminal	PF00675; Insulinase (Peptidase family M16); PF05193; Peptidase M16 inactive domain	PTHR11851; METALLOPROTEASE	GO:0046872(InterPro); GO:0004222(InterPro)|GO:0006508(InterPro); GO:0004222(PANTHER)|GO:0005739(PANTHER)|GO:0006627(PANTHER)	enzyme; digestion	DIGESTION	Mitochondrial-processing peptidase subunit beta OS=Eumeta variegata OX=151549 GN=PMPCB PE=3 SV=1
g1080.t1	28	88.559	KEEP	Strong arthropod homology with multiple qualifying hits and strong combined evidence.	466	tr|A0A4C1VVT3|A0A4C1VVT3_EUMVA	Eumeta variegata	151549	Eukaryota; Metazoa; Arthropoda; Insecta; Lepidoptera	95.923	100.0	0.0	937.0	10	10	1.0	0.0	0.0	0.0	0.0	KEEP_ARTHROPOD	99.364	100.0	30.0	100.0	95.0	Winged helix-like DNA-binding domain superfamily	IPR036388; IPR000994; IPR036390; IPR002468; IPR036005; IPR001714; IPR018349	Winged helix-like DNA-binding domain superfamily; Peptidase M24; Winged helix DNA-binding domain superfamily; Peptidase M24A, methionine aminopeptidase, subfamily 2; Creatinase/aminopeptidase-like; Peptidase M24, methionine aminopeptidase; Peptidase M24A, methionine aminopeptidase, subfamily 2, binding site	PF00557; Metallopeptidase family M24	PTHR45777; METHIONINE AMINOPEPTIDASE 2	GO:0006508(InterPro)|GO:0070006(InterPro); GO:0004177(PANTHER)|GO:0005737(PANTHER)|GO:0006508(InterPro)|GO:0008235(PANTHER)|GO:0035551(PANTHER)|GO:0070006(InterPro)	enzyme; transcription_factor; digestion	DIGESTION	Methionine aminopeptidase 2 OS=Eumeta variegata OX=151549 GN=METAP2 PE=3 SV=1
g2988.t1	29	88.559	KEEP	Strong arthropod homology with multiple qualifying hits and strong combined evidence.	481	tr|A0A4C1SPZ9|A0A4C1SPZ9_EUMVA	Eumeta variegata	151549	Eukaryota; Metazoa; Arthropoda; Insecta; Lepidoptera	90.852	100.0	0.0	929.0	10	10	1.0	0.0	0.0	0.0	0.0	KEEP_ARTHROPOD	99.364	100.0	30.0	100.0	95.0	Zinc carboxypeptidases, zinc-binding region 1	IPR057246; IPR000834; IPR050753; IPR057247; IPR008969	Zinc carboxypeptidases, zinc-binding region 1; Peptidase M14, carboxypeptidase A; Peptidase M14 domain-containing protein; Zinc carboxypeptidases, zinc-binding region 2; Carboxypeptidase-like, regulatory domain superfamily	PF00246; Zinc carboxypeptidase	PTHR11532; PROTEASE M14 CARBOXYPEPTIDASE	GO:0004181(InterPro)|GO:0006508(InterPro)|GO:0008270(InterPro); GO:0004181(PANTHER)|GO:0005615(PANTHER)|GO:0006518(PANTHER)|GO:0016485(PANTHER)	enzyme; digestion	DIGESTION	Carboxypeptidase E OS=Eumeta variegata OX=151549 GN=CPE PE=3 SV=1
g3971.t1	30	88.559	KEEP	Strong arthropod homology with multiple qualifying hits and strong combined evidence.	271	tr|A0A4C1VYV1|A0A4C1VYV1_EUMVA	Eumeta variegata	151549	Eukaryota; Metazoa; Arthropoda; Insecta; Lepidoptera	83.395	100.0	2.15e-175	492.0	10	10	1.0	0.0	0.0	0.0	0.0	KEEP_ARTHROPOD	99.364	100.0	30.0	100.0	95.0	Peptidase S1A, chymotrypsin family	IPR001314; IPR001254; IPR033116; IPR018114; IPR009003	Peptidase S1A, chymotrypsin family; Serine proteases, trypsin domain; Serine proteases, trypsin family, serine active site; Serine protease-like, trypsin family, histidine active site; Peptidase S1, PA clan	PF00089; Trypsin	PTHR24276; POLYSERASE-RELATED	GO:0004252(InterPro)|GO:0006508(InterPro); GO:0004252(PANTHER)	enzyme; membrane; digestion	DIGESTION	Trypsin, alkaline C OS=Eumeta variegata OX=151549 GN=EVAR_49483_1 PE=3 SV=1
g1247.t1	31	88.559	KEEP	Strong arthropod homology with multiple qualifying hits and strong combined evidence.	173	tr|A0AAD7YKZ8|A0AAD7YKZ8_MYTSE	Bombyx mandarina	7092	Eukaryota; Metazoa; Arthropoda; Insecta; Lepidoptera	75.723	100.0	6.14e-93	288.0	10	10	1.0	0.0	0.0	0.0	0.0	KEEP_ARTHROPOD	99.364	100.0	30.0	100.0	95.0	Xaa-Pro dipeptidase-like	IPR052433; IPR007865; IPR029149	Xaa-Pro dipeptidase-like; Aminopeptidase P, N-terminal; Creatinase/Aminopeptidase P/Spt16, N-terminal	PF05195; Aminopeptidase P, N-terminal domain	PTHR48480	GO:0030145(InterPro)|GO:0070006(InterPro)	enzyme; digestion	DIGESTION	Xaa-Pro dipeptidase OS=Mythimna separata OX=271217 GN=PYW07_012334 PE=3 SV=1
g15091.t1	32	88.559	KEEP	Strong arthropod homology with multiple qualifying hits and strong combined evidence.	263	tr|A0A4C1SD69|A0A4C1SD69_EUMVA	Eumeta variegata	151549	Eukaryota; Metazoa; Arthropoda; Insecta; Lepidoptera	79.167	100.0	1.41e-143	412.0	10	10	1.0	0.0	0.0	0.0	0.0	KEEP_ARTHROPOD	99.364	100.0	30.0	100.0	95.0	Serine proteases, trypsin domain	IPR001254; IPR033116; IPR001314; IPR018114; IPR009003	Serine proteases, trypsin domain; Serine proteases, trypsin family, serine active site; Peptidase S1A, chymotrypsin family; Serine protease-like, trypsin family, histidine active site; Peptidase S1, PA clan	PF00089; Trypsin	PTHR24276; POLYSERASE-RELATED	GO:0004252(InterPro)|GO:0006508(InterPro); GO:0004252(PANTHER)	enzyme; membrane; digestion	DIGESTION	tr|A0A4C1SD69|A0A4C1SD69_EUMVA Trypsin, alkaline C OS=Eumeta variegata OX=151549 GN=EVAR_74357_1 PE=3 SV=1
g14298.t1	33	88.559	KEEP	Strong arthropod homology with multiple qualifying hits and strong combined evidence.	263	tr|A0A4C1SD69|A0A4C1SD69_EUMVA	Eumeta variegata	151549	Eukaryota; Metazoa; Arthropoda; Insecta; Lepidoptera	78.788	100.0	2.91e-143	411.0	10	10	1.0	0.0	0.0	0.0	0.0	KEEP_ARTHROPOD	99.364	100.0	30.0	100.0	95.0	Serine protease-like, trypsin family, histidine active site	IPR018114; IPR001314; IPR001254; IPR033116; IPR009003	Serine protease-like, trypsin family, histidine active site; Peptidase S1A, chymotrypsin family; Serine proteases, trypsin domain; Serine proteases, trypsin family, serine active site; Peptidase S1, PA clan	PF00089; Trypsin	PTHR24276; POLYSERASE-RELATED	GO:0004252(InterPro)|GO:0006508(InterPro); GO:0004252(PANTHER)	enzyme; membrane; digestion	DIGESTION	tr|A0A4C1SD69|A0A4C1SD69_EUMVA Trypsin, alkaline C OS=Eumeta variegata OX=151549 GN=EVAR_74357_1 PE=3 SV=1
g3537.t1	34	88.559	KEEP	Strong arthropod homology with multiple qualifying hits and strong combined evidence.	396	tr|A0A4C1Z4C9|A0A4C1Z4C9_EUMVA	Eumeta variegata	151549	Eukaryota; Metazoa; Arthropoda; Insecta; Lepidoptera	81.061	100.0	0.0	676.0	10	10	1.0	0.0	0.0	0.0	0.0	KEEP_ARTHROPOD	99.364	100.0	30.0	100.0	95.0	Serpin superfamily, domain 2	IPR042185; IPR042178; IPR000215; IPR023795; IPR023796; IPR036186	Serpin superfamily, domain 2; Serpin superfamily, domain 1; Serpin family; Serpin, conserved site; Serpin domain; Serpin superfamily	PF00079; Serpin (serine protease inhibitor)	PTHR11461; SERINE PROTEASE INHIBITOR, SERPIN	GO:0004867(InterPro)|GO:0005576(InterPro)|GO:0005615(PANTHER)	enzyme; digestion	DIGESTION	Serine protease inhibitor 77Ba OS=Eumeta variegata OX=151549 GN=Spn77Ba PE=3 SV=1
g94.t1	35	88.559	KEEP	Strong arthropod homology with multiple qualifying hits and strong combined evidence.	328	tr|A0A4C1W5T8|A0A4C1W5T8_EUMVA	Eumeta variegata	151549	Eukaryota; Metazoa; Arthropoda; Insecta; Lepidoptera	85.41	100.0	0.0	588.0	10	10	1.0	0.0	0.0	0.0	0.0	KEEP_ARTHROPOD	99.364	100.0	30.0	100.0	95.0	Peptidase M1 family aminopeptidases	IPR050344; IPR024571	Peptidase M1 family aminopeptidases; ERAP1-like C-terminal domain	PF11838; ERAP1-like C-terminal domain	PTHR11533; PROTEASE M1 ZINC METALLOPROTEASE	GO:0005615(PANTHER)|GO:0005737(PANTHER)|GO:0006508(PANTHER)|GO:0008270(PANTHER)|GO:0016020(PANTHER)|GO:0042277(PANTHER)|GO:0043171(PANTHER)|GO:0070006(PANTHER)	enzyme; digestion	DIGESTION	Aminopeptidase OS=Eumeta variegata OX=151549 GN=EVAR_95141_1 PE=3 SV=1
g15418.t1	36	88.559	KEEP	Strong arthropod homology with multiple qualifying hits and strong combined evidence.	431	tr|A0A4C1U4Z9|A0A4C1U4Z9_EUMVA	Eumeta variegata	151549	Eukaryota; Metazoa; Arthropoda; Insecta; Lepidoptera	97.912	100.0	0.0	885.0	10	10	1.0	0.0	0.0	0.0	0.0	KEEP_ARTHROPOD	99.364	100.0	30.0	100.0	95.0	Tubulin-tyrosine ligase/Tubulin polyglutamylase	IPR004344	Tubulin-tyrosine ligase/Tubulin polyglutamylase	PF03133; Tubulin-tyrosine ligase family	PTHR12241; TUBULIN POLYGLUTAMYLASE	GO:0000226(PANTHER)|GO:0015631(PANTHER)|GO:0018095(PANTHER)|GO:0036064(PANTHER)|GO:0070740(PANTHER); GO:0036211(InterPro)	digestion	DIGESTION	tr|A0A4C1U4Z9|A0A4C1U4Z9_EUMVA Polyglutamylase complex subunit TTLL1 OS=Eumeta variegata OX=151549 GN=Ttll1 PE=3 SV=1
g4123.t1	37	88.559	KEEP	Strong arthropod homology with multiple qualifying hits and strong combined evidence.	190	tr|A0A4C1U445|A0A4C1U445_EUMVA	Eumeta variegata	151549	Eukaryota; Metazoa; Arthropoda; Insecta; Lepidoptera	93.684	100.0	5.62e-129	367.0	10	10	1.0	0.0	0.0	0.0	0.0	KEEP_ARTHROPOD	99.364	100.0	30.0	100.0	95.0	Signal peptidase complex subunit 2	IPR009582	Signal peptidase complex subunit 2	PF06703; Microsomal signal peptidase 25 kDa subunit (SPC25)	PTHR13085; MICROSOMAL SIGNAL PEPTIDASE 25 KDA SUBUNIT	GO:0005787(InterPro)|GO:0005787(PANTHER)|GO:0006465(PANTHER)|GO:0016020(InterPro)|GO:0045047(PANTHER)|GO:0051604(InterPro); GO:0005787(InterPro)|GO:0016020(InterPro)|GO:0051604(InterPro)	enzyme; digestion	DIGESTION	Signal peptidase complex subunit 2 OS=Eumeta variegata OX=151549 GN=Spase25 PE=3 SV=1
g6110.t2	38	88.559	KEEP	Strong arthropod homology with multiple qualifying hits and strong combined evidence.	301	tr|A0ABQ7QZR6|A0ABQ7QZR6_PLUXY	Plutella xylostella	51655	Eukaryota; Metazoa; Arthropoda; Insecta; Lepidoptera	72.185	100.0	1.47e-161	459.0	10	10	1.0	0.0	0.0	0.0	0.0	KEEP_ARTHROPOD	99.364	100.0	30.0	100.0	95.0	Peptidase M24A, methionine aminopeptidase, subfamily 1	IPR002467; IPR036005; IPR000994; IPR001714	Peptidase M24A, methionine aminopeptidase, subfamily 1; Creatinase/aminopeptidase-like; Peptidase M24; Peptidase M24, methionine aminopeptidase	PF00557; Metallopeptidase family M24	PTHR43330; METHIONINE AMINOPEPTIDASE	GO:0006508(InterPro)|GO:0070006(InterPro); GO:0070006(PANTHER)	enzyme; digestion	DIGESTION	Methionine aminopeptidase OS=Plutella xylostella OX=51655 GN=JYU34_003327 PE=3 SV=1
g6613.t2	39	88.559	KEEP	Strong arthropod homology with multiple qualifying hits and strong combined evidence.	373	tr|A0A4C1WJE0|A0A4C1WJE0_EUMVA	Eumeta variegata	151549	Eukaryota; Metazoa; Arthropoda; Insecta; Lepidoptera	91.029	100.0	0.0	720.0	10	10	1.0	0.0	0.0	0.0	0.0	KEEP_ARTHROPOD	99.364	100.0	30.0	100.0	95.0	Peptidase M14, carboxypeptidase A	IPR000834	Peptidase M14, carboxypeptidase A	PF00246; Zinc carboxypeptidase	PTHR11705; PROTEASE FAMILY M14 CARBOXYPEPTIDASE A,B	GO:0004181(InterPro)|GO:0006508(InterPro)|GO:0008270(InterPro); GO:0004181(PANTHER)|GO:0005615(PANTHER)|GO:0006508(PANTHER)	enzyme; digestion	DIGESTION	Carboxypeptidase B OS=Eumeta variegata OX=151549 GN=EVAR_96685_1 PE=3 SV=1
g2968.t1	40	88.559	KEEP	Strong arthropod homology with multiple qualifying hits and strong combined evidence.	70	tr|A0A4C1TKD5|A0A4C1TKD5_EUMVA	Eumeta variegata	151549	Eukaryota; Metazoa; Arthropoda; Insecta; Lepidoptera	97.143	100.0	1.39e-39	142.0	10	10	1.0	0.0	0.0	0.0	0.0	KEEP_ARTHROPOD	99.364	100.0	30.0	100.0	95.0	Serine proteases, trypsin family, serine active site	IPR033116; IPR009003; IPR050127; IPR001254	Serine proteases, trypsin family, serine active site; Peptidase S1, PA clan; Serine Proteases (Peptidase S1 Family); Serine proteases, trypsin domain	PF00089; Trypsin	PTHR24264; TRYPSIN-RELATED	GO:0004252(PANTHER)|GO:0005615(PANTHER)|GO:0006508(PANTHER); GO:0004252(InterPro)|GO:0006508(InterPro)	enzyme; digestion	DIGESTION	Trypsin-1 OS=Eumeta variegata OX=151549 GN=EVAR_6680_1 PE=4 SV=1
g3709.t1	41	88.559	KEEP	Strong arthropod homology with multiple qualifying hits and strong combined evidence.	360	tr|A0A4C1UDU1|A0A4C1UDU1_EUMVA	Eumeta variegata	151549	Eukaryota; Metazoa; Arthropoda; Insecta; Lepidoptera	83.611	100.0	0.0	639.0	10	10	1.0	0.0	0.0	0.0	0.0	KEEP_ARTHROPOD	99.364	100.0	30.0	100.0	95.0	Alpha/Beta hydrolase fold	IPR029058; IPR013818; IPR000734	Alpha/Beta hydrolase fold; Lipase; Triacylglycerol lipase family	PF00151; Lipase	PTHR11610; LIPASE	GO:0016298(InterPro); GO:0005615(PANTHER)|GO:0016042(PANTHER)|GO:0016298(PANTHER)|GO:0016298(InterPro)|GO:0017171(PANTHER)	enzyme; digestion	DIGESTION	Lipase member H-A OS=Eumeta variegata OX=151549 GN=liph-a PE=3 SV=1
g2166.t1	42	88.559	KEEP	Strong arthropod homology with multiple qualifying hits and strong combined evidence.	598	tr|A0A4C1SZ40|A0A4C1SZ40_EUMVA	Eumeta variegata	151549	Eukaryota; Metazoa; Arthropoda; Insecta; Lepidoptera	88.629	100.0	0.0	921.0	10	10	1.0	0.0	0.0	0.0	0.0	KEEP_ARTHROPOD	99.364	100.0	30.0	100.0	95.0	ClpA/B family	IPR001270; IPR050130; IPR019489; IPR003593; IPR036770; IPR003959; IPR002110; IPR027417	ClpA/B family; ATP-dependent Clp protease/Chaperone ClpA/ClpB; Clp ATPase, C-terminal; AAA+ ATPase domain; Ankyrin repeat-containing domain superfamily; ATPase, AAA-type, core; Ankyrin repeat; P-loop containing nucleoside triphosphate hydrolase	PF07724; AAA domain (Cdc48 subfamily); PF10431; C-terminal, D2-small domain, of ClpB protein; PF00023; Ankyrin repeat	PTHR11638; ATP-DEPENDENT CLP PROTEASE	GO:0005524(InterPro); GO:0005737(PANTHER)|GO:0005739(PANTHER)|GO:0016887(PANTHER)|GO:0034605(PANTHER); GO:0005524(InterPro)|GO:0016887(InterPro); GO:0005515(InterPro)	enzyme; digestion	DIGESTION	Caseinolytic peptidase B protein homolog OS=Eumeta variegata OX=151549 GN=CLPB PE=4 SV=1
g18520.t1	43	88.559	KEEP	Strong arthropod homology with multiple qualifying hits and strong combined evidence.	276	tr|A0A4C1T8G7|A0A4C1T8G7_EUMVA	Eumeta variegata	151549	Eukaryota; Metazoa; Arthropoda; Insecta; Lepidoptera	89.13	100.0	2.36e-179	503.0	10	10	1.0	0.0	0.0	0.0	0.0	KEEP_ARTHROPOD	99.364	100.0	30.0	100.0	95.0	Serine proteases, trypsin domain	IPR001254; IPR009003; IPR033116; IPR001314; IPR018114	Serine proteases, trypsin domain; Peptidase S1, PA clan; Serine proteases, trypsin family, serine active site; Peptidase S1A, chymotrypsin family; Serine protease-like, trypsin family, histidine active site	PF00089; Trypsin	PTHR24276; POLYSERASE-RELATED	GO:0004252(InterPro)|GO:0006508(InterPro); GO:0004252(PANTHER)	enzyme; digestion	DIGESTION	tr|A0A4C1T8G7|A0A4C1T8G7_EUMVA Chymotrypsin-2 OS=Eumeta variegata OX=151549 GN=EVAR_6336_1 PE=3 SV=1
g2844.t1	44	88.559	KEEP	Strong arthropod homology with multiple qualifying hits and strong combined evidence.	408	tr|A0A4C1YXT1|A0A4C1YXT1_EUMVA	Eumeta variegata	151549	Eukaryota; Metazoa; Arthropoda; Insecta; Lepidoptera	79.167	100.0	0.0	692.0	10	10	1.0	0.0	0.0	0.0	0.0	KEEP_ARTHROPOD	99.364	100.0	30.0	100.0	95.0	Alpha/Beta hydrolase fold	IPR029058; IPR025483; IPR006693	Alpha/Beta hydrolase fold; Lipase, eukaryotic; Partial AB-hydrolase lipase domain	PF04083; Partial alpha/beta-hydrolase lipase region	PTHR11005; LYSOSOMAL ACID LIPASE-RELATED	GO:0016788(InterPro); GO:0006629(InterPro)	enzyme; digestion	DIGESTION	Lipase OS=Eumeta variegata OX=151549 GN=Lip1 PE=3 SV=1
g4266.t1	45	88.559	KEEP	Strong arthropod homology with multiple qualifying hits and strong combined evidence.	524	tr|A0A9N9RDW2|A0A9N9RDW2_9NEOP	Diatraea saccharalis	40085	Eukaryota; Metazoa; Arthropoda; Insecta; Lepidoptera	70.321	100.0	0.0	736.0	10	10	1.0	0.0	0.0	0.0	0.0	KEEP_ARTHROPOD	99.364	100.0	30.0	100.0	95.0	PDZ domain	IPR001478; IPR036034; IPR041489; IPR043129; IPR001940; IPR009003	PDZ domain; PDZ superfamily; PDZ domain 6; ATPase, nucleotide binding domain; Peptidase S1C; Peptidase S1, PA clan	PF17820; PDZ domain; PF13365; Trypsin-like peptidase domain	PTHR22939; SERINE PROTEASE FAMILY S1C HTRA-RELATED	GO:0005515(InterPro); GO:0004252(InterPro)|GO:0006508(InterPro); GO:0004252(PANTHER)|GO:0006508(PANTHER)|GO:0012501(PANTHER)|GO:0043065(PANTHER)	enzyme; digestion	DIGESTION	Serine protease HTRA2, mitochondrial OS=Diatraea saccharalis OX=40085 GN=DIATSA_LOCUS12256 PE=3 SV=1
g10898.t1	46	88.559	KEEP	Strong arthropod homology with multiple qualifying hits and strong combined evidence.	454	tr|A0A4C1U2C6|A0A4C1U2C6_EUMVA	Eumeta variegata	151549	Eukaryota; Metazoa; Arthropoda; Insecta; Lepidoptera	85.242	100.0	0.0	762.0	10	10	1.0	0.0	0.0	0.0	0.0	KEEP_ARTHROPOD	99.364	100.0	30.0	100.0	95.0	Peptidase S10, serine carboxypeptidase	IPR001563; IPR029058	Peptidase S10, serine carboxypeptidase; Alpha/Beta hydrolase fold	PF00450; Serine carboxypeptidase	PTHR11802; SERINE PROTEASE FAMILY S10 SERINE CARBOXYPEPTIDASE	GO:0004185(InterPro)|GO:0004185(PANTHER)|GO:0006508(InterPro); GO:0004185(InterPro)|GO:0006508(InterPro)	enzyme; digestion	DIGESTION	Retinoid-inducible serine carboxypeptidase OS=Eumeta variegata OX=151549 GN=Scpep1 PE=3 SV=1
g15564.t1	47	88.559	KEEP	Strong arthropod homology with multiple qualifying hits and strong combined evidence.	430	tr|A0A4C1SSS0|A0A4C1SSS0_EUMVA	Eumeta variegata	151549	Eukaryota; Metazoa; Arthropoda; Insecta; Lepidoptera	81.163	100.0	0.0	722.0	10	10	1.0	0.0	0.0	0.0	0.0	KEEP_ARTHROPOD	99.364	100.0	30.0	100.0	95.0	Peptidase M14, carboxypeptidase A	IPR000834; IPR003146; IPR057246; IPR036990	Peptidase M14, carboxypeptidase A; Carboxypeptidase, activation peptide; Zinc carboxypeptidases, zinc-binding region 1; Metallocarboxypeptidase-like, propeptide	PF02244; Carboxypeptidase activation peptide; PF00246; Zinc carboxypeptidase	PTHR11705; PROTEASE FAMILY M14 CARBOXYPEPTIDASE A,B	GO:0004181(InterPro)|GO:0006508(InterPro)|GO:0008270(InterPro); GO:0004181(PANTHER)|GO:0005615(PANTHER)|GO:0006508(PANTHER)	enzyme; digestion	DIGESTION	tr|A0A4C1SSS0|A0A4C1SSS0_EUMVA Carboxypeptidase B OS=Eumeta variegata OX=151549 GN=Cpb1 PE=3 SV=1
g3535.t1	48	88.559	KEEP	Strong arthropod homology with multiple qualifying hits and strong combined evidence.	429	tr|A0A4C1Z130|A0A4C1Z130_EUMVA	Eumeta variegata	151549	Eukaryota; Metazoa; Arthropoda; Insecta; Lepidoptera	78.555	100.0	0.0	700.0	10	10	1.0	0.0	0.0	0.0	0.0	KEEP_ARTHROPOD	99.364	100.0	30.0	100.0	95.0	Serpin superfamily, domain 1	IPR042178; IPR000215; IPR036186; IPR023796; IPR042185	Serpin superfamily, domain 1; Serpin family; Serpin superfamily; Serpin domain; Serpin superfamily, domain 2	PF00079; Serpin (serine protease inhibitor)	PTHR11461; SERINE PROTEASE INHIBITOR, SERPIN	GO:0004867(InterPro)|GO:0005576(InterPro)|GO:0005615(PANTHER)	enzyme; digestion	DIGESTION	Serine protease inhibitor 77Ba OS=Eumeta variegata OX=151549 GN=Spn77Ba PE=3 SV=1
g15566.t1	49	88.559	KEEP	Strong arthropod homology with multiple qualifying hits and strong combined evidence.	414	tr|A0A4C1SSS2|A0A4C1SSS2_EUMVA	Eumeta variegata	151549	Eukaryota; Metazoa; Arthropoda; Insecta; Lepidoptera	80.288	100.0	0.0	697.0	10	10	1.0	0.0	0.0	0.0	0.0	KEEP_ARTHROPOD	99.364	100.0	30.0	100.0	95.0	Metallocarboxypeptidase-like, propeptide	IPR036990; IPR000834; IPR003146	Metallocarboxypeptidase-like, propeptide; Peptidase M14, carboxypeptidase A; Carboxypeptidase, activation peptide	PF00246; Zinc carboxypeptidase; PF02244; Carboxypeptidase activation peptide	PTHR11705; PROTEASE FAMILY M14 CARBOXYPEPTIDASE A,B	GO:0004181(InterPro)|GO:0006508(InterPro)|GO:0008270(InterPro); GO:0004181(PANTHER)|GO:0005615(PANTHER)|GO:0006508(PANTHER)	enzyme; digestion	DIGESTION	tr|A0A4C1SSS2|A0A4C1SSS2_EUMVA Carboxypeptidase A2 OS=Eumeta variegata OX=151549 GN=Cpa2 PE=3 SV=1
g15563.t1	50	88.559	KEEP	Strong arthropod homology with multiple qualifying hits and strong combined evidence.	430	tr|A0A4C1SUH7|A0A4C1SUH7_EUMVA	Eumeta variegata	151549	Eukaryota; Metazoa; Arthropoda; Insecta; Lepidoptera	88.372	100.0	0.0	804.0	10	10	1.0	0.0	0.0	0.0	0.0	KEEP_ARTHROPOD	99.364	100.0	30.0	100.0	95.0	Peptidase M14, carboxypeptidase A	IPR000834; IPR036990; IPR003146; IPR057246	Peptidase M14, carboxypeptidase A; Metallocarboxypeptidase-like, propeptide; Carboxypeptidase, activation peptide; Zinc carboxypeptidases, zinc-binding region 1	PF02244; Carboxypeptidase activation peptide; PF00246; Zinc carboxypeptidase	PTHR11705; PROTEASE FAMILY M14 CARBOXYPEPTIDASE A,B	GO:0004181(InterPro)|GO:0006508(InterPro)|GO:0008270(InterPro); GO:0004181(PANTHER)|GO:0005615(PANTHER)|GO:0006508(PANTHER)	enzyme; digestion	DIGESTION	tr|A0A4C1SUH7|A0A4C1SUH7_EUMVA Carboxypeptidase B OS=Eumeta variegata OX=151549 GN=EVAR_3353_1 PE=3 SV=1
g15512.t1	51	88.539	KEEP	Strong arthropod homology with multiple qualifying hits and strong combined evidence.	80	tr|A0A4C1ZQD2|A0A4C1ZQD2_EUMVA	Eumeta variegata	151549	Eukaryota; Metazoa; Arthropoda; Insecta; Lepidoptera	90.0	100.0	3.39e-42	144.0	10	10	1.0	0.0	0.0	0.0	0.0	KEEP_ARTHROPOD	99.298	100.0	30.0	100.0	95.0	Beta-1,4-glucuronyltransferase 1	IPR043189	Beta-1,4-glucuronyltransferase 1	PF13896; Glycosyl-transferase for dystroglycan	PTHR46420; BETA-1,4-GLUCURONYLTRANSFERASE 1	GO:0005794(PANTHER)|GO:0009101(InterPro)|GO:0015020(PANTHER)|GO:0015020(InterPro)|GO:0035269(PANTHER)	enzyme	DIGESTION	tr|A0A4C1ZQD2|A0A4C1ZQD2_EUMVA Anionic trypsin-2 OS=Eumeta variegata OX=151549 GN=Prss2 PE=4 SV=1
g8855.t1	52	88.474	KEEP	Strong arthropod homology with multiple qualifying hits and strong combined evidence.	367	tr|A0A4C1V1Z8|A0A4C1V1Z8_EUMVA	Eumeta variegata	151549	Eukaryota; Metazoa; Arthropoda; Insecta; Lepidoptera	69.674	100.0	0.0	563.0	10	10	1.0	0.0	0.0	0.0	0.0	KEEP_ARTHROPOD	99.079	100.0	30.0	100.0	95.0	Serpin family	IPR000215; IPR023796; IPR042178; IPR023795; IPR036186; IPR042185	Serpin family; Serpin domain; Serpin superfamily, domain 1; Serpin, conserved site; Serpin superfamily; Serpin superfamily, domain 2	PF00079; Serpin (serine protease inhibitor)	PTHR11461; SERINE PROTEASE INHIBITOR, SERPIN	GO:0004867(InterPro)|GO:0005615(InterPro)|GO:0005615(PANTHER)	enzyme; digestion	DIGESTION	Serine protease inhibitor 77Ba OS=Eumeta variegata OX=151549 GN=Spn77Ba PE=3 SV=1
g6036.t1	53	88.446	KEEP	Strong arthropod homology with multiple qualifying hits and strong combined evidence.	668	tr|A0A9R0F6F3|A0A9R0F6F3_SPOFR	Spodoptera frugiperda	7108	Eukaryota; Metazoa; Arthropoda; Insecta; Lepidoptera	83.686	99.0	0.0	1151.0	12	12	1.0	0.0	0.0	0.0	0.0	KEEP_ARTHROPOD	98.988	100.0	30.0	100.0	95.0	Peptidase M2, peptidyl-dipeptidase A	IPR001548	Peptidase M2, peptidyl-dipeptidase A	PF01401; Angiotensin-converting enzyme	PTHR10514; ANGIOTENSIN-CONVERTING ENZYME	GO:0006508(InterPro)|GO:0008237(InterPro)|GO:0008241(InterPro)|GO:0016020(InterPro); GO:0005886(PANTHER)|GO:0006508(InterPro)|GO:0008237(PANTHER)|GO:0008237(InterPro)|GO:0008241(InterPro)|GO:0016020(InterPro)	enzyme; digestion	DIGESTION	Angiotensin-converting enzyme OS=Spodoptera frugiperda OX=7108 GN=LOC126912734 PE=3 SV=1
g10115.t1	54	88.442	KEEP	Strong arthropod homology with multiple qualifying hits and strong combined evidence.	314	tr|A0A922CRM1|A0A922CRM1_MANSE	Manduca sexta	7130	Eukaryota; Metazoa; Arthropoda; Insecta; Lepidoptera	69.552	100.0	8.34e-157	450.0	10	10	1.0	0.0	0.0	0.0	0.0	KEEP_ARTHROPOD	98.972	100.0	30.0	100.0	95.0	Phospholipase A2 domain superfamily	IPR036444; IPR033113; IPR016090	Phospholipase A2 domain superfamily; Phospholipase A2, histidine active site; Phospholipase A2-like, central domain	PF05826; Phospholipase A2	PTHR12253; RH14732P	GO:0004623(InterPro)|GO:0006644(InterPro)|GO:0050482(InterPro)	digestion	DIGESTION	Phospholipase A2 OS=Manduca sexta OX=7130 GN=O3G_MSEX009328 PE=4 SV=1
g97.t1	55	88.427	KEEP	Strong arthropod homology with multiple qualifying hits and strong combined evidence.	739	tr|A0A4C1W4H9|A0A4C1W4H9_EUMVA	Eumeta variegata	151549	Eukaryota; Metazoa; Arthropoda; Insecta; Lepidoptera	86.024	99.0	0.0	1335.0	12	12	1.0	0.0	0.0	0.0	0.0	KEEP_ARTHROPOD	98.924	100.0	30.0	100.0	95.0	Peptidase M1, membrane alanine aminopeptidase	IPR014782; IPR045357; IPR042097; IPR001930; IPR024571; IPR034016; IPR050344; IPR027268	Peptidase M1, membrane alanine aminopeptidase; Aminopeptidase N-like , N-terminal domain; Aminopeptidase N-like , N-terminal domain superfamliy; Peptidase M1, alanine aminopeptidase/leukotriene A4 hydrolase; ERAP1-like C-terminal domain; Aminopeptidase N-type; Peptidase M1 family aminopeptidases; Peptidase M4/M1, CTD superfamily	PF01433; Peptidase family M1 domain; PF17900; Peptidase M1 N-terminal domain; PF11838; ERAP1-like C-terminal domain	PTHR11533; PROTEASE M1 ZINC METALLOPROTEASE	GO:0008237(InterPro)|GO:0008270(InterPro); GO:0006508(InterPro); GO:0005615(PANTHER)|GO:0005737(PANTHER)|GO:0006508(PANTHER)|GO:0008270(PANTHER)|GO:0016020(PANTHER)|GO:0042277(PANTHER)|GO:0043171(PANTHER)|GO:0070006(PANTHER)	enzyme; digestion	DIGESTION	Aminopeptidase OS=Eumeta variegata OX=151549 GN=EVAR_95136_1 PE=3 SV=1
g14185.t1	56	88.349	KEEP	Strong arthropod homology with multiple qualifying hits and strong combined evidence.	1584	tr|A0A4C1U085|A0A4C1U085_EUMVA	Eumeta variegata	151549	Eukaryota; Metazoa; Arthropoda; Insecta; Lepidoptera	90.446	99.0	0.0	3008.0	10	10	1.0	0.0	0.0	0.0	0.0	KEEP_ARTHROPOD	98.664	100.0	30.0	100.0	95.0	Eukaryotic glycogen debranching enzyme, N-terminal domain	IPR029436; IPR006421; IPR032788; IPR032792; IPR008928; IPR017853; IPR032790; IPR012341; IPR010401	Eukaryotic glycogen debranching enzyme, N-terminal domain; Glycogen debranching enzyme, metazoa; Glycogen debranching enzyme, central domain; Glycogen debranching enzyme, glucanotransferase domain; Six-hairpin glycosidase superfamily; Glycoside hydrolase superfamily; Glycogen debranching enzyme, C-terminal; Six-hairpin glycosidase-like superfamily; Glycogen debranching enzyme	PF14699; N-terminal domain from the human glycogen debranching enzyme; PF14702; Central domain of human glycogen debranching enzyme; PF14701; Glycogen debranching enzyme, glucanotransferase domain; PF06202; Amylo-alpha-1,6-glucosidase	PTHR10569; GLYCOGEN DEBRANCHING ENZYME	GO:0004134(InterPro)|GO:0004135(InterPro)|GO:0005978(InterPro); GO:0005975(InterPro); GO:0004134(InterPro)|GO:0004134(PANTHER)|GO:0004135(PANTHER)|GO:0004135(InterPro)|GO:0005980(InterPro)|GO:0005980(PANTHER)	enzyme; digestion	DIGESTION	tr|A0A4C1U085|A0A4C1U085_EUMVA Glycogen debranching enzyme OS=Eumeta variegata OX=151549 GN=AGL PE=3 SV=1
g14301.t1	57	88.349	KEEP	Strong arthropod homology with multiple qualifying hits and strong combined evidence.	188	tr|A0A4C1SD49|A0A4C1SD49_EUMVA	Eumeta variegata	151549	Eukaryota; Metazoa; Arthropoda; Insecta; Lepidoptera	85.106	99.0	4.72e-115	337.0	10	10	1.0	0.0	0.0	0.0	0.0	KEEP_ARTHROPOD	98.664	100.0	30.0	100.0	95.0	Serine protease-like, trypsin family, histidine active site	IPR018114; IPR001314; IPR001254; IPR009003	Serine protease-like, trypsin family, histidine active site; Peptidase S1A, chymotrypsin family; Serine proteases, trypsin domain; Peptidase S1, PA clan	PF00089; Trypsin	PTHR24276; POLYSERASE-RELATED	GO:0004252(InterPro)|GO:0006508(InterPro); GO:0004252(PANTHER)	enzyme; digestion	DIGESTION	tr|A0A4C1SD49|A0A4C1SD49_EUMVA Trypsin CFT-1 OS=Eumeta variegata OX=151549 GN=EVAR_74344_1 PE=3 SV=1
g13781.t1	58	88.349	KEEP	Strong arthropod homology with multiple qualifying hits and strong combined evidence.	259	tr|A0A4C1WDX3|A0A4C1WDX3_EUMVA	Eumeta variegata	151549	Eukaryota; Metazoa; Arthropoda; Insecta; Lepidoptera	87.984	99.0	1.02e-159	452.0	10	10	1.0	0.0	0.0	0.0	0.0	KEEP_ARTHROPOD	98.664	100.0	30.0	100.0	95.0	Serine proteases, trypsin family, serine active site	IPR033116; IPR018114; IPR001314; IPR001254; IPR009003	Serine proteases, trypsin family, serine active site; Serine protease-like, trypsin family, histidine active site; Peptidase S1A, chymotrypsin family; Serine proteases, trypsin domain; Peptidase S1, PA clan	PF00089; Trypsin	PTHR24276; POLYSERASE-RELATED	GO:0004252(InterPro)|GO:0006508(InterPro); GO:0004252(PANTHER)	enzyme; membrane; digestion	DIGESTION	tr|A0A4C1WDX3|A0A4C1WDX3_EUMVA Trypsin CFT-1 OS=Eumeta variegata OX=151549 GN=EVAR_45633_1 PE=3 SV=1
g13356.t1	59	88.349	KEEP	Strong arthropod homology with multiple qualifying hits and strong combined evidence.	139	tr|A0ABN8ITD3|A0ABN8ITD3_9NEOP	Iphiclides podalirius	110791	Eukaryota; Metazoa; Arthropoda; Insecta; Lepidoptera	90.58	99.0	1.24e-88	263.0	10	10	1.0	0.0	0.0	0.0	0.0	KEEP_ARTHROPOD	98.664	100.0	30.0	100.0	95.0	Signal peptidase complex subunit 3	IPR007653	Signal peptidase complex subunit 3	PF04573; Signal peptidase subunit	PTHR12804; MICROSOMAL SIGNAL PEPTIDASE 23 KD SUBUNIT  SPC22/23	GO:0005787(InterPro)|GO:0005787(PANTHER)|GO:0006465(PANTHER)|GO:0016020(InterPro)|GO:0045047(PANTHER)|GO:0051604(InterPro); GO:0005787(InterPro)|GO:0016020(InterPro)|GO:0051604(InterPro)	enzyme; digestion	DIGESTION	tr|A0ABN8ITD3|A0ABN8ITD3_9NEOP Signal peptidase complex subunit 3 (Fragment) OS=Iphiclides podalirius OX=110791 GN=IPOD504_LOCUS12335 PE=3 SV=1
g6561.t1	60	88.349	KEEP	Strong arthropod homology with multiple qualifying hits and strong combined evidence.	284	tr|A0ABM3MN31|A0ABM3MN31_GALME	Galleria mellonella	7137	Eukaryota; Metazoa; Arthropoda; Insecta; Lepidoptera	89.007	99.0	0.0	528.0	10	10	1.0	0.0	0.0	0.0	0.0	KEEP_ARTHROPOD	98.664	100.0	30.0	100.0	95.0	Dipeptidyl peptidase 3	IPR061912; IPR039461	Dipeptidyl peptidase 3; Peptidase family M49	PF03571; Peptidase family M49	PTHR23422; DIPEPTIDYL PEPTIDASE III-RELATED	GO:0005737(PANTHER)|GO:0008239(PANTHER)|GO:0008239(InterPro)	enzyme; digestion	DIGESTION	Dipeptidyl peptidase 3 OS=Galleria mellonella OX=7137 GN=LOC113511564 PE=3 SV=1
g19219.t1	61	88.349	KEEP	Strong arthropod homology with multiple qualifying hits and strong combined evidence.	1277	tr|A0A9P0HWC0|A0A9P0HWC0_SPOLI	Spodoptera littoralis	7109	Eukaryota; Metazoa; Arthropoda; Insecta; Lepidoptera	76.48	99.0	0.0	2016.0	10	10	1.0	0.0	0.0	0.0	0.0	KEEP_ARTHROPOD	98.664	100.0	30.0	100.0	95.0	Phox homology	IPR001683; IPR001736; IPR036871; IPR016555; IPR015679; IPR011993	Phox homology; Phospholipase D/Transphosphatidylase; PX domain superfamily; Phospholipase D, eukaryotic type; Phospholipase D family; PH-like domain superfamily	PF00787; PX domain; PF00614; Phospholipase D	PTHR18896; PHOSPHOLIPASE D	GO:0035091(InterPro); GO:0003824(InterPro); GO:0004630(InterPro)|GO:0006654(InterPro)|GO:0035556(InterPro); GO:0004630(PANTHER)|GO:0009395(PANTHER)|GO:0043231(PANTHER)|GO:0060627(PANTHER)	digestion	DIGESTION	tr|A0A9P0HWC0|A0A9P0HWC0_SPOLI Phospholipase OS=Spodoptera littoralis OX=7109 GN=SPLIT_LOCUS382 PE=3 SV=1
g3539.t1	62	88.349	KEEP	Strong arthropod homology with multiple qualifying hits and strong combined evidence.	245	tr|A0A4C1YZY8|A0A4C1YZY8_EUMVA	Eumeta variegata	151549	Eukaryota; Metazoa; Arthropoda; Insecta; Lepidoptera	71.605	99.0	1.16e-127	375.0	10	10	1.0	0.0	0.0	0.0	0.0	KEEP_ARTHROPOD	98.664	100.0	30.0	100.0	95.0	Serpin, conserved site	IPR023795; IPR042185; IPR042178; IPR000215; IPR036186; IPR023796	Serpin, conserved site; Serpin superfamily, domain 2; Serpin superfamily, domain 1; Serpin family; Serpin superfamily; Serpin domain	PF00079; Serpin (serine protease inhibitor)	PTHR11461; SERINE PROTEASE INHIBITOR, SERPIN	GO:0004867(InterPro)|GO:0005576(InterPro)|GO:0005615(PANTHER)	enzyme; digestion	DIGESTION	Serine protease inhibitor 77Ba OS=Eumeta variegata OX=151549 GN=Spn77Ba PE=3 SV=1
g17770.t1	63	88.349	KEEP	Strong arthropod homology with multiple qualifying hits and strong combined evidence.	149	tr|A0A4C1TXN3|A0A4C1TXN3_EUMVA	Eumeta variegata	151549	Eukaryota; Metazoa; Arthropoda; Insecta; Lepidoptera	93.243	99.0	6.37e-94	298.0	10	10	1.0	0.0	0.0	0.0	0.0	KEEP_ARTHROPOD	98.664	100.0	30.0	100.0	95.0	Metallopeptidase, catalytic domain superfamily	IPR024079; IPR018497; IPR000718	Metallopeptidase, catalytic domain superfamily; Peptidase M13, C-terminal domain; Peptidase M13	PF01431; Peptidase family M13	PTHR11733; ZINC METALLOPROTEASE FAMILY M13 NEPRILYSIN-RELATED	GO:0008237(InterPro); GO:0004222(InterPro)|GO:0006508(InterPro); GO:0004222(PANTHER)|GO:0004222(InterPro)|GO:0005886(PANTHER)|GO:0006508(InterPro)|GO:0016485(PANTHER)	enzyme; digestion	DIGESTION	tr|A0A4C1TXN3|A0A4C1TXN3_EUMVA Endothelin-converting enzyme homolog OS=Eumeta variegata OX=151549 GN=EVAR_14404_1 PE=3 SV=1
g589.t1	64	88.349	KEEP	Strong arthropod homology with multiple qualifying hits and strong combined evidence.	269	tr|A0AAD7YR73|A0AAD7YR73_MYTSE	Mythimna separata	271217	Eukaryota; Metazoa; Arthropoda; Insecta; Lepidoptera	70.696	99.0	1.53e-137	396.0	10	10	1.0	0.0	0.0	0.0	0.0	KEEP_ARTHROPOD	98.664	100.0	30.0	100.0	95.0	Peptidase S1, PA clan	IPR009003; IPR018114; IPR001254; IPR001314	Peptidase S1, PA clan; Serine protease-like, trypsin family, histidine active site; Serine proteases, trypsin domain; Peptidase S1A, chymotrypsin family	PF00089; Trypsin	PTHR24276; POLYSERASE-RELATED	GO:0004252(InterPro)|GO:0006508(InterPro); GO:0004252(PANTHER)	enzyme; digestion	DIGESTION	Peptidase S1 domain-containing protein OS=Mythimna separata OX=271217 GN=PYW07_015733 PE=3 SV=1
g11906.t2	65	88.349	KEEP	Strong arthropod homology with multiple qualifying hits and strong combined evidence.	137	tr|A0A922CPB2|A0A922CPB2_MANSE	Manduca sexta	7130	Eukaryota; Metazoa; Arthropoda; Insecta; Lepidoptera	80.741	99.0	1.11e-73	236.0	10	10	1.0	0.0	0.0	0.0	0.0	KEEP_ARTHROPOD	98.664	100.0	30.0	100.0	95.0	Peptidase M14 domain-containing protein	IPR050753; IPR008969	Peptidase M14 domain-containing protein; Carboxypeptidase-like, regulatory domain superfamily	PF13620; Carboxypeptidase regulatory-like domain	PTHR11532; PROTEASE M14 CARBOXYPEPTIDASE	GO:0004181(PANTHER)|GO:0005615(PANTHER)|GO:0006518(PANTHER)|GO:0016485(PANTHER)	enzyme; digestion	DIGESTION	Peptidase M14 domain-containing protein OS=Manduca sexta OX=7130 GN=O3G_MSEX007795 PE=3 SV=1
g3980.t1	66	88.349	KEEP	Strong arthropod homology with multiple qualifying hits and strong combined evidence.	323	tr|A0A4C1VVW1|A0A4C1VVW1_EUMVA	Eumeta variegata	151549	Eukaryota; Metazoa; Arthropoda; Insecta; Lepidoptera	73.913	99.0	1.3e-168	479.0	10	10	1.0	0.0	0.0	0.0	0.0	KEEP_ARTHROPOD	98.664	100.0	30.0	100.0	95.0	Alpha/Beta hydrolase fold	IPR029058; IPR000734; IPR013818	Alpha/Beta hydrolase fold; Triacylglycerol lipase family; Lipase	PF00151; Lipase	PTHR11610; LIPASE	GO:0005615(PANTHER)|GO:0016042(PANTHER)|GO:0016298(PANTHER)|GO:0016298(InterPro)|GO:0017171(PANTHER); GO:0016298(InterPro); GO:0005615(PANTHER)|GO:0016042(PANTHER)|GO:0016298(InterPro)|GO:0016298(PANTHER)|GO:0017171(PANTHER)	enzyme; digestion	DIGESTION	Lipase member H-A OS=Eumeta variegata OX=151549 GN=liph-a PE=3 SV=1
g16017.t1	67	88.349	KEEP	Strong arthropod homology with multiple qualifying hits and strong combined evidence.	888	tr|A0ABN8IH64|A0ABN8IH64_9NEOP	Iphiclides podalirius	110791	Eukaryota; Metazoa; Arthropoda; Insecta; Lepidoptera	82.638	99.0	0.0	1501.0	10	10	1.0	0.0	0.0	0.0	0.0	KEEP_ARTHROPOD	98.664	100.0	30.0	100.0	95.0	Alpha/Beta hydrolase fold	IPR029058; IPR050278; IPR001375; IPR002469	Alpha/Beta hydrolase fold; Serine protease S9B/DPPIV; Peptidase S9, prolyl oligopeptidase, catalytic domain; Dipeptidylpeptidase IV, N-terminal domain	PF00326; Prolyl oligopeptidase family; PF00930; Dipeptidyl peptidase IV (DPP IV) N-terminal region	PTHR11731; PROTEASE FAMILY S9B,C DIPEPTIDYL-PEPTIDASE IV-RELATED	GO:0005886(PANTHER)|GO:0006508(PANTHER)|GO:0008239(PANTHER); GO:0006508(InterPro)|GO:0008236(InterPro); GO:0006508(InterPro)	enzyme; digestion	DIGESTION	tr|A0ABN8IH64|A0ABN8IH64_9NEOP Venom dipeptidyl peptidase 4 (Fragment) OS=Iphiclides podalirius OX=110791 GN=IPOD504_LOCUS10149 PE=3 SV=1
g5345.t1	68	88.349	KEEP	Strong arthropod homology with multiple qualifying hits and strong combined evidence.	547	tr|A0A8S0ZIV4|A0A8S0ZIV4_ARCPL	Arctia plantaginis	874455	Eukaryota; Metazoa; Arthropoda; Insecta; Lepidoptera	73.126	99.0	0.0	793.0	10	10	1.0	0.0	0.0	0.0	0.0	KEEP_ARTHROPOD	98.664	100.0	30.0	100.0	95.0	Peptidase M17, leucine aminopeptidase/peptidase B	IPR011356; IPR064115; IPR000819; IPR041417	Peptidase M17, leucine aminopeptidase/peptidase B; Cytosol aminopeptidase-like, conserved site; Peptidase M17, leucyl aminopeptidase, C-terminal; Probable aminopeptidase NPEPL1, N-terminal	PF00883; Cytosol aminopeptidase family, catalytic domain; PF18295; M17 aminopeptidase N-terminal domain 2	PTHR11963; LEUCINE AMINOPEPTIDASE-RELATED	GO:0005737(InterPro)|GO:0005737(PANTHER)|GO:0006508(PANTHER)|GO:0008233(PANTHER)|GO:0019538(InterPro)|GO:0030145(InterPro); GO:0005737(InterPro)|GO:0019538(InterPro)|GO:0030145(InterPro); GO:0006508(InterPro)|GO:0046872(InterPro)	enzyme; digestion	DIGESTION	Cytosol aminopeptidase domain-containing protein OS=Arctia plantaginis OX=874455 GN=APLA_LOCUS4856 PE=3 SV=1
g3431.t1	69	88.349	KEEP	Strong arthropod homology with multiple qualifying hits and strong combined evidence.	715	tr|A0A4C1Y2D1|A0A4C1Y2D1_EUMVA	Eumeta variegata	151549	Eukaryota; Metazoa; Arthropoda; Insecta; Lepidoptera	77.507	99.0	0.0	1154.0	10	10	1.0	0.0	0.0	0.0	0.0	KEEP_ARTHROPOD	98.664	100.0	30.0	100.0	95.0	Peptidase M24, C-terminal domain	IPR032416; IPR050422; IPR036005; IPR029149; IPR000994; IPR033740; IPR000587	Peptidase M24, C-terminal domain; Xaa-Pro aminopeptidase P; Creatinase/aminopeptidase-like; Creatinase/Aminopeptidase P/Spt16, N-terminal; Peptidase M24; Aminopeptidase P; Creatinase, N-terminal	PF16188; C-terminal region of peptidase_M24; PF00557; Metallopeptidase family M24; PF01321; Creatinase/Prolidase N-terminal domain; PF16189	PTHR43763; XAA-PRO AMINOPEPTIDASE 1	GO:0070006(InterPro)	enzyme; digestion	DIGESTION	Xaa-Pro aminopeptidase 1 OS=Eumeta variegata OX=151549 GN=XPNPEP1 PE=3 SV=1
g5928.t1	70	88.349	KEEP	Strong arthropod homology with multiple qualifying hits and strong combined evidence.	651	tr|A0A8S4DD47|A0A8S4DD47_PLUXY	Plutella xylostella	51655	Eukaryota; Metazoa; Arthropoda; Insecta; Lepidoptera	87.654	99.0	0.0	1185.0	10	10	1.0	0.0	0.0	0.0	0.0	KEEP_ARTHROPOD	98.664	100.0	30.0	100.0	95.0	Diacylglycerol Lipase-Related	IPR052214; IPR002921; IPR029058; IPR063390	Diacylglycerol Lipase-Related; Fungal lipase-type domain; Alpha/Beta hydrolase fold; Diacylglycerol lipase, N-terminal transmembrane region	PF01764; Lipase (class 3); PF31009; Diacylglycerol lipase N-terminal transmembrane region	PTHR45792; DIACYLGLYCEROL LIPASE HOMOLOG-RELATED	GO:0004806(PANTHER)|GO:0005737(PANTHER)|GO:0005886(PANTHER)|GO:0016042(PANTHER)|GO:0016298(PANTHER)|GO:0019369(PANTHER)|GO:0022008(PANTHER)|GO:0042136(PANTHER)|GO:0046340(PANTHER); GO:0006629(InterPro)	enzyme; membrane; digestion	DIGESTION	sn-1-specific diacylglycerol lipase OS=Plutella xylostella OX=51655 GN=PLXY2_LOCUS1878 PE=4 SV=1
g1241.t1	71	88.349	KEEP	Strong arthropod homology with multiple qualifying hits and strong combined evidence.	223	tr|A0A4C1SQQ9|A0A4C1SQQ9_EUMVA	Eumeta variegata	151549	Eukaryota; Metazoa; Arthropoda; Insecta; Lepidoptera	95.909	99.0	5.84e-153	443.0	10	10	1.0	0.0	0.0	0.0	0.0	KEEP_ARTHROPOD	98.664	100.0	30.0	100.0	95.0	Alpha/Beta hydrolase fold	IPR029058; IPR002331; IPR000734; IPR013818	Alpha/Beta hydrolase fold; Pancreatic lipase; Triacylglycerol lipase family; Lipase	PF00151; Lipase	PTHR11610; LIPASE	GO:0004806(InterPro)|GO:0006629(InterPro); GO:0005615(PANTHER)|GO:0016042(PANTHER)|GO:0016298(InterPro)|GO:0016298(PANTHER)|GO:0017171(PANTHER); GO:0016298(InterPro)	enzyme; digestion	DIGESTION	Pancreatic triacylglycerol lipase OS=Eumeta variegata OX=151549 GN=PNLIP PE=3 SV=1
g14573.t1	72	88.349	KEEP	Strong arthropod homology with multiple qualifying hits and strong combined evidence.	1360	tr|A0A6J1WLB2|A0A6J1WLB2_GALME	Galleria mellonella	7137	Eukaryota; Metazoa; Arthropoda; Insecta; Lepidoptera	71.24	99.0	0.0	1997.0	10	10	1.0	0.0	0.0	0.0	0.0	KEEP_ARTHROPOD	98.664	100.0	30.0	100.0	95.0	Disintegrin domain	IPR001762; IPR051489; IPR034025; IPR024079; IPR001590; IPR049038; IPR036436	Disintegrin domain; Disintegrin and Metalloproteinase Domain-Containing; ADAM10/ADAM17 catalytic domain; Metallopeptidase, catalytic domain superfamily; Peptidase M12B, ADAM/reprolysin; ADAM10, cysteine-rich domain; Disintegrin domain superfamily	PF13574; Metallo-peptidase family M12B Reprolysin-like; PF21299; ADAM10, cysteine-rich domain; PF00200; Disintegrin	PTHR45702; ADAM10/ADAM17 METALLOPEPTIDASE FAMILY MEMBER	GO:0004222(PANTHER)|GO:0005886(PANTHER)|GO:0006509(PANTHER)|GO:0007219(PANTHER); GO:0008237(InterPro); GO:0004222(InterPro)|GO:0006508(InterPro)	enzyme; digestion	DIGESTION	tr|A0A6J1WLB2|A0A6J1WLB2_GALME ADAM10 endopeptidase OS=Galleria mellonella OX=7137 GN=LOC113515382 PE=4 SV=2
g18679.t1	73	88.349	KEEP	Strong arthropod homology with multiple qualifying hits and strong combined evidence.	803	tr|A0A4C1VSY5|A0A4C1VSY5_EUMVA	Eumeta variegata	151549	Eukaryota; Metazoa; Arthropoda; Insecta; Lepidoptera	95.119	99.0	0.0	1593.0	10	10	1.0	0.0	0.0	0.0	0.0	KEEP_ARTHROPOD	98.664	100.0	30.0	100.0	95.0	Alpha/beta hydrolase fold-3	IPR013094; IPR029058; IPR010468	Alpha/beta hydrolase fold-3; Alpha/Beta hydrolase fold; Hormone-sensitive lipase, N-terminal	PF07859; alpha/beta hydrolase fold; PF06350; Hormone-sensitive lipase (HSL) N-terminus	PTHR23025; TRIACYLGLYCEROL LIPASE	GO:0016787(InterPro); GO:0008203(InterPro)|GO:0016042(InterPro)|GO:0016298(InterPro); GO:0004771(PANTHER)|GO:0004806(PANTHER)|GO:0005829(PANTHER)|GO:0019433(PANTHER)	enzyme; digestion; hormone	DIGESTION	tr|A0A4C1VSY5|A0A4C1VSY5_EUMVA Hormone-sensitive lipase OS=Eumeta variegata OX=151549 GN=Lipe PE=4 SV=1
g19788.t3	74	88.349	KEEP	Strong arthropod homology with multiple qualifying hits and strong combined evidence.	1188	tr|A0A4C1TT93|A0A4C1TT93_EUMVA	Eumeta variegata	151549	Eukaryota; Metazoa; Arthropoda; Insecta; Lepidoptera	86.113	99.0	0.0	2172.0	10	10	1.0	0.0	0.0	0.0	0.0	KEEP_ARTHROPOD	98.664	100.0	30.0	100.0	95.0	Six-hairpin glycosidase-like superfamily	IPR012341; IPR008734; IPR045583; IPR008928; IPR011613	Six-hairpin glycosidase-like superfamily; Phosphorylase kinase alpha/beta subunit; Phosphorylase b kinase regulatory subunit alpha/beta, C-terminal domain; Six-hairpin glycosidase superfamily; GH15-like domain	PF19292; Phosphorylase b kinase C-terminal domain; PF00723; Glycosyl hydrolases family 15	PTHR10749; PHOSPHORYLASE B KINASE REGULATORY SUBUNIT	GO:0005975(InterPro); GO:0005516(InterPro)|GO:0005964(PANTHER)|GO:0005977(InterPro)	enzyme; digestion	DIGESTION	tr|A0A4C1TT93|A0A4C1TT93_EUMVA Phosphorylase b kinase regulatory subunit OS=Eumeta variegata OX=151549 GN=EVAR_8109_1 PE=3 SV=1
g5104.t1	75	88.349	KEEP	Strong arthropod homology with multiple qualifying hits and strong combined evidence.	147	tr|A0A4C1TXN3|A0A4C1TXN3_EUMVA	Eumeta variegata	151549	Eukaryota; Metazoa; Arthropoda; Insecta; Lepidoptera	93.151	99.0	2.07e-92	292.0	10	10	1.0	0.0	0.0	0.0	0.0	KEEP_ARTHROPOD	98.664	100.0	30.0	100.0	95.0	Peptidase M13, C-terminal domain	IPR018497; IPR000718; IPR024079	Peptidase M13, C-terminal domain; Peptidase M13; Metallopeptidase, catalytic domain superfamily	PF01431; Peptidase family M13	PTHR11733; ZINC METALLOPROTEASE FAMILY M13 NEPRILYSIN-RELATED	GO:0004222(InterPro)|GO:0006508(InterPro); GO:0004222(InterPro)|GO:0004222(PANTHER)|GO:0005886(PANTHER)|GO:0006508(InterPro)|GO:0016485(PANTHER); GO:0008237(InterPro)	enzyme; digestion	DIGESTION	Endothelin-converting enzyme homolog OS=Eumeta variegata OX=151549 GN=EVAR_14404_1 PE=3 SV=1
g17827.t1	76	88.349	KEEP	Strong arthropod homology with multiple qualifying hits and strong combined evidence.	1020	tr|A0A4C1ZL26|A0A4C1ZL26_EUMVA	Eumeta variegata	151549	Eukaryota; Metazoa; Arthropoda; Insecta; Lepidoptera	92.369	99.0	0.0	1952.0	10	10	1.0	0.0	0.0	0.0	0.0	KEEP_ARTHROPOD	98.664	100.0	30.0	100.0	95.0	Metalloenzyme, LuxS/M16 peptidase-like	IPR011249; IPR013578; IPR055130; IPR011765; IPR007863	Metalloenzyme, LuxS/M16 peptidase-like; Peptidase M16C associated; Presequence protease, mitochondrial-type, C-terminal domain; Peptidase M16, N-terminal; Peptidase M16, C-terminal	PF08367; Peptidase M16C associated; PF22516; PreP C-terminal domain; PF00675; Insulinase (Peptidase family M16); PF05193; Peptidase M16 inactive domain	PTHR43016; PRESEQUENCE PROTEASE	GO:0046872(InterPro); GO:0006508(InterPro); GO:0004222(PANTHER)|GO:0005759(PANTHER)|GO:0016485(PANTHER)	enzyme; digestion	DIGESTION	tr|A0A4C1ZL26|A0A4C1ZL26_EUMVA Presequence protease, mitochondrial OS=Eumeta variegata OX=151549 GN=EVAR_102499_1 PE=3 SV=1
g18335.t1	77	88.34	KEEP	Strong arthropod homology with multiple qualifying hits and strong combined evidence.	843	tr|A0ABM3N0Z0|A0ABM3N0Z0_GALME	Galleria mellonella	7137	Eukaryota; Metazoa; Arthropoda; Insecta; Lepidoptera	69.964	99.0	0.0	1161.0	10	10	1.0	0.0	0.0	0.0	0.0	KEEP_ARTHROPOD	98.632	100.0	30.0	100.0	95.0	Alpha/Beta hydrolase fold	IPR029058; IPR002469; IPR050278; IPR001375	Alpha/Beta hydrolase fold; Dipeptidylpeptidase IV, N-terminal domain; Serine protease S9B/DPPIV; Peptidase S9, prolyl oligopeptidase, catalytic domain	PF00930; Dipeptidyl peptidase IV (DPP IV) N-terminal region; PF00326; Prolyl oligopeptidase family	PTHR11731; PROTEASE FAMILY S9B,C DIPEPTIDYL-PEPTIDASE IV-RELATED	GO:0006508(InterPro); GO:0006508(PANTHER)|GO:0008239(PANTHER); GO:0006508(InterPro)|GO:0008236(InterPro)	enzyme; digestion	DIGESTION	tr|A0ABM3N0Z0|A0ABM3N0Z0_GALME Dipeptidyl peptidase 9 OS=Galleria mellonella OX=7137 GN=LOC113514788 PE=3 SV=1
g19115.t1	78	88.294	KEEP	Strong arthropod homology with multiple qualifying hits and strong combined evidence.	287	tr|A0A7E5WR11|A0A7E5WR11_TRINI	Trichoplusia ni	7111	Eukaryota; Metazoa; Arthropoda; Insecta; Lepidoptera	68.99	100.0	7.57e-152	435.0	10	10	1.0	0.0	0.0	0.0	0.0	KEEP_ARTHROPOD	98.48	100.0	30.0	100.0	95.0	CAAX prenyl protease 2, eukaryotes	IPR039731; IPR003675	CAAX prenyl protease 2, eukaryotes; CAAX prenyl protease 2/Lysostaphin resistance protein A-like domain	PF02517; Type II CAAX prenyl endopeptidase Rce1-like	PTHR13046; PROTEASE U48 CAAX PRENYL PROTEASE RCE1	GO:0004222(PANTHER)|GO:0004222(InterPro)|GO:0005789(InterPro)|GO:0005789(PANTHER)|GO:0071586(PANTHER)|GO:0071586(InterPro)	enzyme; digestion	DIGESTION	tr|A0A7E5WR11|A0A7E5WR11_TRINI CAAX prenyl protease 2 OS=Trichoplusia ni OX=7111 GN=LOC113504815 PE=3 SV=1
g1854.t1	79	88.259	KEEP	Strong arthropod homology with multiple qualifying hits and strong combined evidence.	408	tr|A0A4C1YY61|A0A4C1YY61_EUMVA	Eumeta variegata	151549	Eukaryota; Metazoa; Arthropoda; Insecta; Lepidoptera	77.696	100.0	0.0	671.0	10	10	1.0	0.0	0.0	0.0	0.0	KEEP_ARTHROPOD	99.364	100.0	30.0	93.0	100.0	Ecdysteroid kinase-like	IPR004119; IPR011009; IPR015897	Ecdysteroid kinase-like; Protein kinase-like domain superfamily; CHK kinase-like	PF02958; Ecdysteroid kinase-like family	PTHR11012; PROTEIN KINASE-LIKE DOMAIN-CONTAINING		enzyme	GROWTH_DEVELOPMENT	CHK kinase-like domain-containing protein OS=Eumeta variegata OX=151549 GN=EVAR_49423_1 PE=4 SV=1
g3411.t1	80	88.234	KEEP	Strong arthropod homology with multiple qualifying hits and strong combined evidence.	91	tr|A0A4C1T8G7|A0A4C1T8G7_EUMVA	Eumeta variegata	151549	Eukaryota; Metazoa; Arthropoda; Insecta; Lepidoptera	81.111	99.0	1.47e-42	147.0	12	12	1.0	0.0	0.0	0.0	0.0	KEEP_ARTHROPOD	98.278	100.0	30.0	100.0	95.0	Serine proteases, trypsin domain	IPR001254; IPR009003; IPR018114	Serine proteases, trypsin domain; Peptidase S1, PA clan; Serine protease-like, trypsin family, histidine active site	PF00089; Trypsin	PTHR24276; POLYSERASE-RELATED	GO:0004252(PANTHER); GO:0004252(InterPro)|GO:0006508(InterPro)	enzyme; digestion	DIGESTION	Chymotrypsin-2 OS=Eumeta variegata OX=151549 GN=EVAR_6336_1 PE=3 SV=1
g17311.t1	81	88.222	KEEP	Strong arthropod homology with multiple qualifying hits and strong combined evidence.	1003	tr|A0AAD7YJG8|A0AAD7YJG8_MYTSE	Mythimna separata	271217	Eukaryota; Metazoa; Arthropoda; Insecta; Lepidoptera	65.86	100.0	0.0	1093.0	10	10	1.0	0.0	0.0	0.0	0.0	KEEP_ARTHROPOD	95.741	100.0	30.0	100.0	100.0	EF-hand domain	IPR002048; IPR000261; IPR011992; IPR018247; IPR003903	EF-hand domain; EH domain; EF-hand domain pair; EF-Hand 1, calcium-binding site; Ubiquitin interacting motif	PF12763; EH domain	PTHR11216; EH DOMAIN	GO:0005509(InterPro); GO:0005515(InterPro); GO:0005737(PANTHER)|GO:0005886(PANTHER)|GO:0006897(PANTHER)|GO:0016197(PANTHER)	receptor; development	GROWTH_DEVELOPMENT	tr|A0AAD7YJG8|A0AAD7YJG8_MYTSE Epidermal growth factor receptor substrate 15-like 1 OS=Mythimna separata OX=271217 GN=PYW07_005510 PE=4 SV=1
g6168.t3	82	88.197	KEEP	Strong arthropod homology with multiple qualifying hits and strong combined evidence.	409	tr|A0AAU9V375|A0AAU9V375_EUPED	Euphydryas editha	104508	Eukaryota; Metazoa; Arthropoda; Insecta; Lepidoptera	81.667	98.0	0.0	736.0	11	11	1.0	0.0	0.0	0.0	0.0	KEEP_ARTHROPOD	98.155	100.0	30.0	100.0	95.0	Peptidase M2, peptidyl-dipeptidase A	IPR001548	Peptidase M2, peptidyl-dipeptidase A	PF01401; Angiotensin-converting enzyme	PTHR10514; ANGIOTENSIN-CONVERTING ENZYME	GO:0006508(InterPro)|GO:0008237(InterPro)|GO:0008241(InterPro)|GO:0016020(InterPro); GO:0005615(PANTHER)|GO:0005886(PANTHER)|GO:0006508(InterPro)|GO:0008237(PANTHER)|GO:0008237(InterPro)|GO:0008241(InterPro)|GO:0016020(InterPro)	enzyme; digestion	DIGESTION	Angiotensin-converting enzyme OS=Euphydryas editha OX=104508 GN=EEDITHA_LOCUS19539 PE=3 SV=1
g19136.t1	83	88.167	KEEP	Strong arthropod homology with multiple qualifying hits and strong combined evidence.	538	tr|A0A4C1SUX7|A0A4C1SUX7_EUMVA	Eumeta variegata	151549	Eukaryota; Metazoa; Arthropoda; Insecta; Lepidoptera	81.818	100.0	0.0	925.0	11	11	1.0	0.0	0.0	0.0	0.0	KEEP_ARTHROPOD	99.555	100.0	30.0	97.0	95.0	Peptidase M17, leucyl aminopeptidase, C-terminal	IPR000819; IPR011356	Peptidase M17, leucyl aminopeptidase, C-terminal; Peptidase M17, leucine aminopeptidase/peptidase B	PF00883; Cytosol aminopeptidase family, catalytic domain	PTHR11963; LEUCINE AMINOPEPTIDASE-RELATED	GO:0006508(InterPro)|GO:0046872(InterPro); GO:0005737(InterPro)|GO:0005737(PANTHER)|GO:0006508(PANTHER)|GO:0008233(PANTHER)|GO:0019538(InterPro)|GO:0030145(InterPro); GO:0005737(InterPro)|GO:0019538(InterPro)|GO:0030145(InterPro)	enzyme; digestion	DIGESTION	tr|A0A4C1SUX7|A0A4C1SUX7_EUMVA Aminopeptidase W07G4.4 OS=Eumeta variegata OX=151549 GN=lap-2 PE=3 SV=1
g783.t1	84	88.139	KEEP	Strong arthropod homology with multiple qualifying hits and strong combined evidence.	926	tr|A0A4C1XD44|A0A4C1XD44_EUMVA	Eumeta variegata	151549	Eukaryota; Metazoa; Arthropoda; Insecta; Lepidoptera	92.696	98.0	0.0	1738.0	10	10	1.0	0.0	0.0	0.0	0.0	KEEP_ARTHROPOD	97.964	100.0	30.0	100.0	95.0	Peptidase M14, carboxypeptidase A	IPR000834; IPR050821; IPR040626	Peptidase M14, carboxypeptidase A; Cytosolic carboxypeptidase; Cytosolic carboxypeptidase, N-terminal	PF00246; Zinc carboxypeptidase; PF18027; Cytosolic carboxypeptidase N-terminal domain	PTHR12756; CYTOSOLIC CARBOXYPEPTIDASE	GO:0004181(InterPro)|GO:0006508(InterPro)|GO:0008270(InterPro)	enzyme; digestion	DIGESTION	Cytosolic carboxypeptidase Nna1 OS=Eumeta variegata OX=151549 GN=Nna1 PE=3 SV=1
g16796.t1	85	88.139	KEEP	Strong arthropod homology with multiple qualifying hits and strong combined evidence.	470	tr|A0ABR3HCD7|A0ABR3HCD7_LOXSC	Loxostege sticticalis	481309	Eukaryota; Metazoa; Arthropoda; Insecta; Lepidoptera	76.674	98.0	0.0	751.0	10	10	1.0	0.0	0.0	0.0	0.0	KEEP_ARTHROPOD	97.964	100.0	30.0	100.0	95.0	Peptidase S10, serine carboxypeptidase	IPR001563; IPR029058; IPR018202; IPR033124	Peptidase S10, serine carboxypeptidase; Alpha/Beta hydrolase fold; Serine carboxypeptidase, serine active site; Serine carboxypeptidases, histidine active site	PF00450; Serine carboxypeptidase	PTHR11802; SERINE PROTEASE FAMILY S10 SERINE CARBOXYPEPTIDASE	GO:0004185(PANTHER)|GO:0004185(InterPro)|GO:0006508(InterPro); GO:0004185(InterPro)|GO:0006508(InterPro); GO:0004185(InterPro)	enzyme; digestion	DIGESTION	tr|A0ABR3HCD7|A0ABR3HCD7_LOXSC Carboxypeptidase OS=Loxostege sticticalis OX=481309 GN=ABMA27_008727 PE=3 SV=1
g4174.t1	86	88.139	KEEP	Strong arthropod homology with multiple qualifying hits and strong combined evidence.	495	tr|A0A9R0CV95|A0A9R0CV95_SPOFR	Spodoptera frugiperda	7108	Eukaryota; Metazoa; Arthropoda; Insecta; Lepidoptera	71.253	98.0	0.0	760.0	10	10	1.0	0.0	0.0	0.0	0.0	KEEP_ARTHROPOD	97.964	100.0	30.0	100.0	95.0	Peptidase S28	IPR008758; IPR042269; IPR029058	Peptidase S28; Serine carboxypeptidase S28, SKS domain; Alpha/Beta hydrolase fold	PF05577; Serine carboxypeptidase S28	PTHR11010; PROTEASE S28 PRO-X CARBOXYPEPTIDASE-RELATED	GO:0006508(InterPro)|GO:0070008(InterPro); GO:0008239(PANTHER)	enzyme; digestion	DIGESTION	Serine protease K12H4.7 OS=Spodoptera frugiperda OX=7108 GN=LOC118262825 PE=3 SV=1
g2843.t1	87	88.139	KEEP	Strong arthropod homology with multiple qualifying hits and strong combined evidence.	408	tr|A0A4C1YXT1|A0A4C1YXT1_EUMVA	Eumeta variegata	151549	Eukaryota; Metazoa; Arthropoda; Insecta; Lepidoptera	76.633	98.0	0.0	660.0	10	10	1.0	0.0	0.0	0.0	0.0	KEEP_ARTHROPOD	97.964	100.0	30.0	100.0	95.0	Alpha/Beta hydrolase fold	IPR029058; IPR025483; IPR006693	Alpha/Beta hydrolase fold; Lipase, eukaryotic; Partial AB-hydrolase lipase domain	PF04083; Partial alpha/beta-hydrolase lipase region	PTHR11005; LYSOSOMAL ACID LIPASE-RELATED	GO:0016788(InterPro); GO:0006629(InterPro)	enzyme; digestion	DIGESTION	Lipase OS=Eumeta variegata OX=151549 GN=Lip1 PE=3 SV=1
g4390.t1	88	88.139	KEEP	Strong arthropod homology with multiple qualifying hits and strong combined evidence.	699	tr|A0ABR3H2H7|A0ABR3H2H7_LOXSC	Loxostege sticticalis	481309	Eukaryota; Metazoa; Arthropoda; Insecta; Lepidoptera	78.603	98.0	0.0	1143.0	10	10	1.0	0.0	0.0	0.0	0.0	KEEP_ARTHROPOD	97.964	100.0	30.0	100.0	95.0	Peptidase M2, peptidyl-dipeptidase A	IPR001548	Peptidase M2, peptidyl-dipeptidase A	PF01401; Angiotensin-converting enzyme	PTHR10514; ANGIOTENSIN-CONVERTING ENZYME	GO:0006508(InterPro)|GO:0008237(InterPro)|GO:0008241(InterPro)|GO:0016020(InterPro); GO:0005886(PANTHER)|GO:0006508(InterPro)|GO:0008237(PANTHER)|GO:0008237(InterPro)|GO:0008241(InterPro)|GO:0016020(InterPro)	enzyme; digestion	DIGESTION	Angiotensin-converting enzyme OS=Loxostege sticticalis OX=481309 GN=ABMA27_010863 PE=3 SV=1
g3101.t1	89	88.139	KEEP	Strong arthropod homology with multiple qualifying hits and strong combined evidence.	450	tr|A0A4C1U0M5|A0A4C1U0M5_EUMVA	Eumeta variegata	151549	Eukaryota; Metazoa; Arthropoda; Insecta; Lepidoptera	97.279	98.0	0.0	859.0	10	10	1.0	0.0	0.0	0.0	0.0	KEEP_ARTHROPOD	97.964	100.0	30.0	100.0	95.0	Peptidase M19	IPR008257; IPR032466	Peptidase M19; Metal-dependent hydrolase	PF01244; Membrane dipeptidase (Peptidase family M19)	PTHR10443; MICROSOMAL DIPEPTIDASE	GO:0006508(InterPro)|GO:0070573(InterPro)	enzyme; digestion	DIGESTION	Dipeptidase OS=Eumeta variegata OX=151549 GN=DPEP1 PE=3 SV=1
g2100.t1	90	88.139	KEEP	Strong arthropod homology with multiple qualifying hits and strong combined evidence.	319	tr|A0A4C1SI89|A0A4C1SI89_EUMVA	Eumeta variegata	151549	Eukaryota; Metazoa; Arthropoda; Insecta; Lepidoptera	87.898	98.0	0.0	587.0	10	10	1.0	0.0	0.0	0.0	0.0	KEEP_ARTHROPOD	97.964	100.0	30.0	100.0	95.0	Triacylglycerol lipase family	IPR000734; IPR013818; IPR029058	Triacylglycerol lipase family; Lipase; Alpha/Beta hydrolase fold	PF00151; Lipase	PTHR11610; LIPASE	GO:0016298(InterPro); GO:0005615(PANTHER)|GO:0016042(PANTHER)|GO:0016298(InterPro)|GO:0016298(PANTHER)|GO:0017171(PANTHER)	enzyme; digestion	DIGESTION	Lipase domain-containing protein OS=Eumeta variegata OX=151549 GN=EVAR_70587_1 PE=3 SV=1
g17633.t1	91	88.139	KEEP	Strong arthropod homology with multiple qualifying hits and strong combined evidence.	408	tr|A0A4C1YXT1|A0A4C1YXT1_EUMVA	Eumeta variegata	151549	Eukaryota; Metazoa; Arthropoda; Insecta; Lepidoptera	76.633	98.0	0.0	660.0	10	10	1.0	0.0	0.0	0.0	0.0	KEEP_ARTHROPOD	97.964	100.0	30.0	100.0	95.0	Alpha/Beta hydrolase fold	IPR029058; IPR025483; IPR006693	Alpha/Beta hydrolase fold; Lipase, eukaryotic; Partial AB-hydrolase lipase domain	PF04083; Partial alpha/beta-hydrolase lipase region	PTHR11005; LYSOSOMAL ACID LIPASE-RELATED	GO:0016788(InterPro); GO:0006629(InterPro)	enzyme; digestion	DIGESTION	tr|A0A4C1YXT1|A0A4C1YXT1_EUMVA Lipase OS=Eumeta variegata OX=151549 GN=Lip1 PE=3 SV=1
g15858.t1	92	88.139	KEEP	Strong arthropod homology with multiple qualifying hits and strong combined evidence.	412	tr|A0AAV1KYM0|A0AAV1KYM0_9NEOP	Parnassius mnemosyne	213953	Eukaryota; Metazoa; Arthropoda; Insecta; Lepidoptera	89.356	98.0	0.0	771.0	10	10	1.0	0.0	0.0	0.0	0.0	KEEP_ARTHROPOD	97.964	100.0	30.0	100.0	95.0	Peptidase M19	IPR008257; IPR032466; IPR000180	Peptidase M19; Metal-dependent hydrolase; Membrane dipeptidase, active site	PF01244; Membrane dipeptidase (Peptidase family M19)	PTHR10443; MICROSOMAL DIPEPTIDASE	GO:0006508(InterPro)|GO:0070573(InterPro)	enzyme; digestion	DIGESTION	tr|A0AAV1KYM0|A0AAV1KYM0_9NEOP Dipeptidase OS=Parnassius mnemosyne OX=213953 GN=PARMNEM_LOCUS8802 PE=3 SV=1
g15957.t1	93	88.139	KEEP	Strong arthropod homology with multiple qualifying hits and strong combined evidence.	513	tr|A0A4C1T1G8|A0A4C1T1G8_EUMVA	Eumeta variegata	151549	Eukaryota; Metazoa; Arthropoda; Insecta; Lepidoptera	90.22	98.0	0.0	966.0	10	10	1.0	0.0	0.0	0.0	0.0	KEEP_ARTHROPOD	97.964	100.0	30.0	100.0	95.0	Xaa-Pro dipeptidase-like	IPR052433; IPR007865; IPR029149; IPR000994; IPR036005	Xaa-Pro dipeptidase-like; Aminopeptidase P, N-terminal; Creatinase/Aminopeptidase P/Spt16, N-terminal; Peptidase M24; Creatinase/aminopeptidase-like	PF05195; Aminopeptidase P, N-terminal domain; PF00557; Metallopeptidase family M24	PTHR43226; XAA-PRO AMINOPEPTIDASE 3	GO:0004177(PANTHER)|GO:0005739(PANTHER)|GO:0006508(PANTHER)|GO:0008233(PANTHER); GO:0030145(InterPro)|GO:0070006(InterPro)	enzyme; digestion	DIGESTION	tr|A0A4C1T1G8|A0A4C1T1G8_EUMVA Xaa-Pro aminopeptidase 3 OS=Eumeta variegata OX=151549 GN=XPNPEP3 PE=3 SV=1
g5100.t1	94	88.139	KEEP	Strong arthropod homology with multiple qualifying hits and strong combined evidence.	632	tr|A0A4C1W4J0|A0A4C1W4J0_EUMVA	Eumeta variegata	151549	Eukaryota; Metazoa; Arthropoda; Insecta; Lepidoptera	86.553	98.0	0.0	1147.0	10	10	1.0	0.0	0.0	0.0	0.0	KEEP_ARTHROPOD	97.964	100.0	30.0	100.0	95.0	Aminopeptidase N-like , N-terminal domain superfamliy	IPR042097; IPR001930; IPR050344; IPR027268; IPR034016; IPR014782; IPR045357	Aminopeptidase N-like , N-terminal domain superfamliy; Peptidase M1, alanine aminopeptidase/leukotriene A4 hydrolase; Peptidase M1 family aminopeptidases; Peptidase M4/M1, CTD superfamily; Aminopeptidase N-type; Peptidase M1, membrane alanine aminopeptidase; Aminopeptidase N-like , N-terminal domain	PF01433; Peptidase family M1 domain; PF17900; Peptidase M1 N-terminal domain	PTHR11533; PROTEASE M1 ZINC METALLOPROTEASE	GO:0006508(InterPro); GO:0005615(PANTHER)|GO:0005737(PANTHER)|GO:0006508(PANTHER)|GO:0008270(PANTHER)|GO:0016020(PANTHER)|GO:0042277(PANTHER)|GO:0043171(PANTHER)|GO:0070006(PANTHER); GO:0008237(InterPro)|GO:0008270(InterPro)	enzyme; digestion	DIGESTION	Aminopeptidase N OS=Eumeta variegata OX=151549 GN=ANPEP PE=3 SV=1
g7468.t1	95	88.139	KEEP	Strong arthropod homology with multiple qualifying hits and strong combined evidence.	1038	tr|A0A4C1W8E5|A0A4C1W8E5_EUMVA	Eumeta variegata	151549	Eukaryota; Metazoa; Arthropoda; Insecta; Lepidoptera	80.98	98.0	0.0	1751.0	10	10	1.0	0.0	0.0	0.0	0.0	KEEP_ARTHROPOD	97.964	100.0	30.0	100.0	95.0	Peptidase M4/M1, CTD superfamily	IPR027268; IPR050344; IPR024571; IPR045357; IPR042097; IPR014782	Peptidase M4/M1, CTD superfamily; Peptidase M1 family aminopeptidases; ERAP1-like C-terminal domain; Aminopeptidase N-like , N-terminal domain; Aminopeptidase N-like , N-terminal domain superfamliy; Peptidase M1, membrane alanine aminopeptidase	PF11838; ERAP1-like C-terminal domain; PF17900; Peptidase M1 N-terminal domain; PF01433; Peptidase family M1 domain	PTHR11533; PROTEASE M1 ZINC METALLOPROTEASE	GO:0005615(PANTHER)|GO:0005737(PANTHER)|GO:0006508(PANTHER)|GO:0008270(PANTHER)|GO:0016020(PANTHER)|GO:0042277(PANTHER)|GO:0043171(PANTHER)|GO:0070006(PANTHER); GO:0008237(InterPro)|GO:0008270(InterPro)	enzyme; digestion	DIGESTION	Membrane alanyl aminopeptidase OS=Eumeta variegata OX=151549 GN=EVAR_95134_1 PE=3 SV=1
g2099.t1	96	88.139	KEEP	Strong arthropod homology with multiple qualifying hits and strong combined evidence.	342	tr|A0A4C1SI89|A0A4C1SI89_EUMVA	Eumeta variegata	151549	Eukaryota; Metazoa; Arthropoda; Insecta; Lepidoptera	74.251	98.0	0.0	537.0	10	10	1.0	0.0	0.0	0.0	0.0	KEEP_ARTHROPOD	97.964	100.0	30.0	100.0	95.0	Triacylglycerol lipase family	IPR000734; IPR029058; IPR013818	Triacylglycerol lipase family; Alpha/Beta hydrolase fold; Lipase	PF00151; Lipase	PTHR11610; LIPASE	GO:0005615(PANTHER)|GO:0016042(PANTHER)|GO:0016298(InterPro)|GO:0016298(PANTHER); GO:0016298(InterPro)	enzyme; digestion	DIGESTION	Lipase domain-containing protein OS=Eumeta variegata OX=151549 GN=EVAR_70587_1 PE=3 SV=1
g19140.t1	97	88.139	KEEP	Strong arthropod homology with multiple qualifying hits and strong combined evidence.	408	tr|A0A4C1YXT1|A0A4C1YXT1_EUMVA	Eumeta variegata	151549	Eukaryota; Metazoa; Arthropoda; Insecta; Lepidoptera	76.131	98.0	0.0	659.0	10	10	1.0	0.0	0.0	0.0	0.0	KEEP_ARTHROPOD	97.964	100.0	30.0	100.0	95.0	Lipase, eukaryotic	IPR025483; IPR029058; IPR006693	Lipase, eukaryotic; Alpha/Beta hydrolase fold; Partial AB-hydrolase lipase domain	PF04083; Partial alpha/beta-hydrolase lipase region	PTHR11005; LYSOSOMAL ACID LIPASE-RELATED	GO:0016788(InterPro); GO:0006629(InterPro)	enzyme; digestion	DIGESTION	tr|A0A4C1YXT1|A0A4C1YXT1_EUMVA Lipase OS=Eumeta variegata OX=151549 GN=Lip1 PE=3 SV=1
g18043.t1	98	88.139	KEEP	Strong arthropod homology with multiple qualifying hits and strong combined evidence.	555	tr|A0ACC1CEK4|A0ACC1CEK4_9NEOP	Dendrolimus kikuchii	765133	Eukaryota; Metazoa; Arthropoda; Insecta; Lepidoptera	88.007	98.0	0.0	942.0	10	10	1.0	0.0	0.0	0.0	0.0	KEEP_ARTHROPOD	97.964	100.0	30.0	100.0	95.0	C2 domain	IPR000008; IPR000909; IPR001711; IPR001192; IPR035892; IPR017946	C2 domain; Phosphatidylinositol-specific phospholipase C, X domain; Phospholipase C, phosphatidylinositol-specific, Y domain; Phosphoinositide phospholipase C family; C2 domain superfamily; PLC-like phosphodiesterase, TIM beta/alpha-barrel domain superfamily	PF00387; Phosphatidylinositol-specific phospholipase C, Y domain; PF00168; C2 domain; PF00388; Phosphatidylinositol-specific phospholipase C, X domain	PTHR10336; PHOSPHOINOSITIDE-SPECIFIC PHOSPHOLIPASE C FAMILY PROTEIN	GO:0004435(InterPro)|GO:0006629(InterPro)|GO:0007165(InterPro)|GO:0035556(InterPro); GO:0035556(InterPro); GO:0004435(PANTHER)|GO:0007186(PANTHER)|GO:0007265(PANTHER)|GO:0035556(InterPro)|GO:0046488(PANTHER)|GO:0048015(PANTHER)|GO:0051209(PANTHER); GO:0006629(InterPro)|GO:0008081(InterPro)	digestion	DIGESTION	tr|A0ACC1CEK4|A0ACC1CEK4_9NEOP Phosphoinositide phospholipase C OS=Dendrolimus kikuchii OX=765133 GN=K1T71_014631 PE=4 SV=1
g3538.t1	99	88.088	KEEP	Strong arthropod homology with multiple qualifying hits and strong combined evidence.	369	tr|A0A4C1Z440|A0A4C1Z440_EUMVA	Eumeta variegata	151549	Eukaryota; Metazoa; Arthropoda; Insecta; Lepidoptera	73.641	99.0	0.0	563.0	12	12	1.0	0.0	0.0	0.0	0.0	KEEP_ARTHROPOD	97.794	100.0	30.0	100.0	95.0	Serpin superfamily, domain 2	IPR042185; IPR042178; IPR023795; IPR023796; IPR000215; IPR036186	Serpin superfamily, domain 2; Serpin superfamily, domain 1; Serpin, conserved site; Serpin domain; Serpin family; Serpin superfamily	PF00079; Serpin (serine protease inhibitor)	PTHR11461; SERINE PROTEASE INHIBITOR, SERPIN	GO:0004867(InterPro)|GO:0005576(InterPro)|GO:0005615(PANTHER)	enzyme; digestion	DIGESTION	Serine protease inhibitor 77Ba OS=Eumeta variegata OX=151549 GN=Spn77Ba PE=3 SV=1
g4081.t1	100	88.06	KEEP	Strong arthropod homology with multiple qualifying hits and strong combined evidence.	299	tr|A0A4C1TF99|A0A4C1TF99_EUMVA	Eumeta variegata	151549	Eukaryota; Metazoa; Arthropoda; Insecta; Lepidoptera	68.098	100.0	4.73e-150	431.0	10	10	1.0	0.0	0.0	0.0	0.0	KEEP_ARTHROPOD	97.7	100.0	30.0	100.0	95.0	Triacylglycerol lipase family	IPR000734; IPR013818; IPR029058	Triacylglycerol lipase family; Lipase; Alpha/Beta hydrolase fold	PF00151; Lipase	PTHR11610; LIPASE	GO:0005615(PANTHER)|GO:0016042(PANTHER)|GO:0016298(InterPro)|GO:0016298(PANTHER)|GO:0017171(PANTHER); GO:0016298(InterPro)	enzyme; digestion	DIGESTION	Lipoprotein lipase OS=Eumeta variegata OX=151549 GN=LPL PE=3 SV=1
g3829.t1	101	88.049	KEEP	Strong arthropod homology with multiple qualifying hits and strong combined evidence.	439	tr|A0A4C1VZB5|A0A4C1VZB5_EUMVA	Eumeta variegata	151549	Eukaryota; Metazoa; Arthropoda; Insecta; Lepidoptera	81.277	99.0	0.0	749.0	10	10	1.0	0.0	0.0	0.0	0.0	KEEP_ARTHROPOD	98.664	100.0	30.0	93.0	100.0	Ecdysteroid kinase-like	IPR004119; IPR015897; IPR011009	Ecdysteroid kinase-like; CHK kinase-like; Protein kinase-like domain superfamily	PF02958; Ecdysteroid kinase-like family	PTHR11012; PROTEIN KINASE-LIKE DOMAIN-CONTAINING		enzyme	GROWTH_DEVELOPMENT	CHK kinase-like domain-containing protein OS=Eumeta variegata OX=151549 GN=EVAR_31615_1 PE=4 SV=1
g18787.t1	102	88.049	KEEP	Strong arthropod homology with multiple qualifying hits and strong combined evidence.	558	tr|A0A4C1SRI5|A0A4C1SRI5_EUMVA	Eumeta variegata	151549	Eukaryota; Metazoa; Arthropoda; Insecta; Lepidoptera	95.602	94.0	0.0	1051.0	10	10	1.0	0.0	0.0	0.0	0.0	KEEP_ARTHROPOD	95.164	100.0	30.0	100.0	100.0	Glycosyl hydrolase family 18, active site	IPR001579; IPR029070; IPR050314; IPR001223; IPR014756; IPR011583; IPR017853; IPR013783; IPR013540	Glycosyl hydrolase family 18, active site; Chitinase insertion domain superfamily; Glycosyl hydrolase family 18; Glycoside hydrolase family 18, catalytic domain; Immunoglobulin E-set; Chitinase II/V-like, catalytic domain; Glycoside hydrolase superfamily; Immunoglobulin-like fold; Chitinase A N-terminal	PF00704; Glycosyl hydrolases family 18; PF08329; Chitinase A, N-terminal domain	PTHR11177; CHITINASE	GO:0004553(InterPro)|GO:0005975(InterPro); GO:0005975(InterPro); GO:0008061(InterPro); GO:0004568(InterPro)|GO:0006032(InterPro)	enzyme; digestion	CHITIN	tr|A0A4C1SRI5|A0A4C1SRI5_EUMVA Chitinase A OS=Eumeta variegata OX=151549 GN=chiA PE=3 SV=1
g11500.t1	103	88.049	KEEP	Strong arthropod homology with multiple qualifying hits and strong combined evidence.	414	sp|Q9GV28|IDGFL_BOMMO	Bombyx mori	7091	Eukaryota; Metazoa; Arthropoda; Insecta; Lepidoptera	72.662	94.0	0.0	625.0	10	10	1.0	0.0	0.0	0.0	0.0	KEEP_ARTHROPOD	95.164	100.0	30.0	100.0	100.0	Glycoside hydrolase family 18, catalytic domain	IPR001223; IPR029070; IPR050314; IPR011583; IPR017853	Glycoside hydrolase family 18, catalytic domain; Chitinase insertion domain superfamily; Glycosyl hydrolase family 18; Chitinase II/V-like, catalytic domain; Glycoside hydrolase superfamily	PF00704; Glycosyl hydrolases family 18	PTHR11177; CHITINASE	GO:0005975(InterPro); GO:0004568(PANTHER)|GO:0005576(PANTHER)|GO:0006032(PANTHER)|GO:0008061(PANTHER); GO:0008061(InterPro)	enzyme; development; digestion	CHITIN	Chitinase-like protein EN03 OS=Bombyx mori OX=7091 GN=EN03 PE=1 SV=1
g6631.t1	104	87.98	KEEP	Strong arthropod homology with multiple qualifying hits and strong combined evidence.	82	tr|A0A4C1ZQD2|A0A4C1ZQD2_EUMVA	Eumeta variegata	151549	Eukaryota; Metazoa; Arthropoda; Insecta; Lepidoptera	87.805	100.0	6.059999999999999e-42	144.0	10	10	1.0	0.0	0.0	0.0	0.0	KEEP_ARTHROPOD	97.435	100.0	30.0	100.0	95.0	Beta-1,4-glucuronyltransferase 1	IPR043189	Beta-1,4-glucuronyltransferase 1	PF13896; Glycosyl-transferase for dystroglycan	PTHR46420; BETA-1,4-GLUCURONYLTRANSFERASE 1	GO:0005794(PANTHER)|GO:0009101(InterPro)|GO:0015020(InterPro)|GO:0015020(PANTHER)|GO:0035269(PANTHER)	enzyme	DIGESTION	Anionic trypsin-2 OS=Eumeta variegata OX=151549 GN=Prss2 PE=4 SV=1
g9321.t1	105	87.953	KEEP	Strong arthropod homology with multiple qualifying hits and strong combined evidence.	942	tr|A0A8B8IGI3|A0A8B8IGI3_VANTA	Vanessa tameamea	334116	Eukaryota; Metazoa; Arthropoda; Insecta; Lepidoptera	68.489	99.0	0.0	1365.0	10	10	1.0	0.0	0.0	0.0	0.0	KEEP_ARTHROPOD	97.342	100.0	30.0	100.0	95.0	Peptidase M1, membrane alanine aminopeptidase	IPR014782; IPR042097; IPR027268; IPR034016; IPR050344; IPR045357; IPR024571; IPR001930	Peptidase M1, membrane alanine aminopeptidase; Aminopeptidase N-like , N-terminal domain superfamliy; Peptidase M4/M1, CTD superfamily; Aminopeptidase N-type; Peptidase M1 family aminopeptidases; Aminopeptidase N-like , N-terminal domain; ERAP1-like C-terminal domain; Peptidase M1, alanine aminopeptidase/leukotriene A4 hydrolase	PF01433; Peptidase family M1 domain; PF17900; Peptidase M1 N-terminal domain; PF11838; ERAP1-like C-terminal domain	PTHR11533; PROTEASE M1 ZINC METALLOPROTEASE	GO:0008237(InterPro)|GO:0008270(InterPro); GO:0005615(PANTHER)|GO:0005737(PANTHER)|GO:0016020(PANTHER); GO:0006508(InterPro)	enzyme; digestion	DIGESTION	Aminopeptidase OS=Vanessa tameamea OX=334116 GN=LOC113400759 PE=3 SV=2
g2864.t1	106	87.929	KEEP	Strong arthropod homology with multiple qualifying hits and strong combined evidence.	265	tr|A0A4C1SF71|A0A4C1SF71_EUMVA	Eumeta variegata	151549	Eukaryota; Metazoa; Arthropoda; Insecta; Lepidoptera	72.109	97.0	1.18e-151	435.0	10	10	1.0	0.0	0.0	0.0	0.0	KEEP_ARTHROPOD	97.264	100.0	30.0	100.0	95.0	Serine protease-like, trypsin family, histidine active site	IPR018114; IPR001254; IPR033116; IPR009003; IPR001314	Serine protease-like, trypsin family, histidine active site; Serine proteases, trypsin domain; Serine proteases, trypsin family, serine active site; Peptidase S1, PA clan; Peptidase S1A, chymotrypsin family	PF00089; Trypsin	PTHR24276; POLYSERASE-RELATED	GO:0004252(InterPro)|GO:0006508(InterPro); GO:0004252(PANTHER)	enzyme; membrane; digestion	DIGESTION	Trypsin, alkaline C OS=Eumeta variegata OX=151549 GN=EVAR_74358_1 PE=4 SV=1
g14032.t1	107	87.929	KEEP	Strong arthropod homology with multiple qualifying hits and strong combined evidence.	324	tr|A0A4C1Y231|A0A4C1Y231_EUMVA	Eumeta variegata	151549	Eukaryota; Metazoa; Arthropoda; Insecta; Lepidoptera	84.127	97.0	0.0	553.0	10	10	1.0	0.0	0.0	0.0	0.0	KEEP_ARTHROPOD	97.264	100.0	30.0	100.0	95.0	Triacylglycerol lipase family	IPR000734; IPR029058; IPR033906; IPR013818	Triacylglycerol lipase family; Alpha/Beta hydrolase fold; Lipase, N-terminal; Lipase	PF00151; Lipase	PTHR11610; LIPASE	GO:0016298(InterPro); GO:0006629(InterPro); GO:0005615(PANTHER)|GO:0016042(PANTHER)|GO:0016298(PANTHER)|GO:0016298(InterPro)	enzyme; digestion	DIGESTION	tr|A0A4C1Y231|A0A4C1Y231_EUMVA Pancreatic lipase-related protein 2 OS=Eumeta variegata OX=151549 GN=PNLIPRP2 PE=3 SV=1
g16795.t1	108	87.929	KEEP	Strong arthropod homology with multiple qualifying hits and strong combined evidence.	290	tr|A0A4C1UBS2|A0A4C1UBS2_EUMVA	Eumeta variegata	151549	Eukaryota; Metazoa; Arthropoda; Insecta; Lepidoptera	91.135	97.0	0.0	544.0	10	10	1.0	0.0	0.0	0.0	0.0	KEEP_ARTHROPOD	97.264	100.0	30.0	100.0	95.0	Peptidase S10, serine carboxypeptidase	IPR001563; IPR029058; IPR018202; IPR033124	Peptidase S10, serine carboxypeptidase; Alpha/Beta hydrolase fold; Serine carboxypeptidase, serine active site; Serine carboxypeptidases, histidine active site	PF00450; Serine carboxypeptidase	PTHR11802; SERINE PROTEASE FAMILY S10 SERINE CARBOXYPEPTIDASE	GO:0004185(InterPro)|GO:0006508(InterPro); GO:0004185(InterPro); GO:0004185(PANTHER)|GO:0004185(InterPro)|GO:0006508(InterPro)	enzyme; digestion	DIGESTION	tr|A0A4C1UBS2|A0A4C1UBS2_EUMVA Carboxypeptidase OS=Eumeta variegata OX=151549 GN=EVAR_86258_1 PE=3 SV=1
g2163.t1	109	87.929	KEEP	Strong arthropod homology with multiple qualifying hits and strong combined evidence.	553	tr|A0A9R0EA29|A0A9R0EA29_SPOFR	Spodoptera frugiperda	7108	Eukaryota; Metazoa; Arthropoda; Insecta; Lepidoptera	82.657	97.0	0.0	947.0	10	10	1.0	0.0	0.0	0.0	0.0	KEEP_ARTHROPOD	97.264	100.0	30.0	100.0	95.0	Patatin-like phospholipase domain	IPR002641; IPR016035; IPR033562	Patatin-like phospholipase domain; Acyl transferase/acyl hydrolase/lysophospholipase; Patatin-like phospholipase domain-containing protein	PF01734; Patatin-like phospholipase	PTHR12406; CALCIUM-INDEPENDENT PHOSPHOLIPASE A2  IPLA2 -RELATED	GO:0006629(InterPro); GO:0004806(PANTHER)|GO:0005737(PANTHER)|GO:0005811(PANTHER)|GO:0016020(PANTHER)|GO:0016042(InterPro)|GO:0016787(InterPro)|GO:0019433(PANTHER)|GO:0055088(PANTHER)	enzyme; digestion	DIGESTION	triacylglycerol lipase OS=Spodoptera frugiperda OX=7108 GN=LOC118263277 PE=4 SV=1
g18644.t1	110	87.929	KEEP	Strong arthropod homology with multiple qualifying hits and strong combined evidence.	690	tr|A0A8B8IIV9|A0A8B8IIV9_VANTA	Vanessa tameamea	334116	Eukaryota; Metazoa; Arthropoda; Insecta; Lepidoptera	75.983	97.0	0.0	1019.0	10	10	1.0	0.0	0.0	0.0	0.0	KEEP_ARTHROPOD	97.264	100.0	30.0	100.0	95.0	MFS transporter superfamily	IPR036259; IPR002350; IPR004156; IPR036058	MFS transporter superfamily; Kazal domain; Organic anion transporter polypeptide; Kazal domain superfamily	PF07648; Kazal-type serine protease inhibitor domain; PF03137; Organic Anion Transporter Polypeptide (OATP) family	PTHR11388; ORGANIC ANION TRANSPORTER	GO:0005515(InterPro); GO:0016020(InterPro)|GO:0055085(InterPro); GO:0015347(PANTHER)|GO:0016020(InterPro)|GO:0016323(PANTHER)|GO:0043252(PANTHER)|GO:0055085(InterPro)	enzyme; transporter; digestion	DIGESTION	tr|A0A8B8IIV9|A0A8B8IIV9_VANTA Solute carrier organic anion transporter family member OS=Vanessa tameamea OX=334116 GN=LOC113401364 PE=3 SV=1
g14063.t1	111	87.839	KEEP	Strong arthropod homology with multiple qualifying hits and strong combined evidence.	418	tr|A0A4C1XT66|A0A4C1XT66_EUMVA	Eumeta variegata	151549	Eukaryota; Metazoa; Arthropoda; Insecta; Lepidoptera	77.206	98.0	0.0	673.0	10	10	1.0	0.0	0.0	0.0	0.0	KEEP_ARTHROPOD	97.964	100.0	30.0	93.0	100.0	CHK kinase-like	IPR015897; IPR004119; IPR011009	CHK kinase-like; Ecdysteroid kinase-like; Protein kinase-like domain superfamily	PF02958; Ecdysteroid kinase-like family	PTHR11012; PROTEIN KINASE-LIKE DOMAIN-CONTAINING		enzyme	GROWTH_DEVELOPMENT	tr|A0A4C1XT66|A0A4C1XT66_EUMVA CHK kinase-like domain-containing protein OS=Eumeta variegata OX=151549 GN=EVAR_103287_1 PE=4 SV=1
g4084.t1	112	87.777	KEEP	Strong arthropod homology with multiple qualifying hits and strong combined evidence.	336	tr|A0A4C1TID5|A0A4C1TID5_EUMVA	Eumeta variegata	151549	Eukaryota; Metazoa; Arthropoda; Insecta; Lepidoptera	83.881	96.0	0.0	576.0	11	11	1.0	0.0	0.0	0.0	0.0	KEEP_ARTHROPOD	96.755	100.0	30.0	100.0	95.0	Alpha/Beta hydrolase fold	IPR029058; IPR033906; IPR000734; IPR013818	Alpha/Beta hydrolase fold; Lipase, N-terminal; Triacylglycerol lipase family; Lipase	PF00151; Lipase	PTHR11610; LIPASE	GO:0006629(InterPro); GO:0016298(InterPro); GO:0005615(PANTHER)|GO:0016042(PANTHER)|GO:0016298(InterPro)|GO:0016298(PANTHER)|GO:0017171(PANTHER)	enzyme; digestion	DIGESTION	Pancreatic triacylglycerol lipase OS=Eumeta variegata OX=151549 GN=PNLIP PE=3 SV=1
g4083.t1	113	87.777	KEEP	Strong arthropod homology with multiple qualifying hits and strong combined evidence.	336	tr|A0A4C1TID5|A0A4C1TID5_EUMVA	Eumeta variegata	151549	Eukaryota; Metazoa; Arthropoda; Insecta; Lepidoptera	84.478	96.0	0.0	577.0	11	11	1.0	0.0	0.0	0.0	0.0	KEEP_ARTHROPOD	96.755	100.0	30.0	100.0	95.0	Lipase, N-terminal	IPR033906; IPR000734; IPR029058; IPR013818	Lipase, N-terminal; Triacylglycerol lipase family; Alpha/Beta hydrolase fold; Lipase	PF00151; Lipase	PTHR11610; LIPASE	GO:0006629(InterPro); GO:0005615(PANTHER)|GO:0016042(PANTHER)|GO:0016298(InterPro)|GO:0016298(PANTHER)|GO:0017171(PANTHER); GO:0016298(InterPro)	enzyme; digestion	DIGESTION	Pancreatic triacylglycerol lipase OS=Eumeta variegata OX=151549 GN=PNLIP PE=3 SV=1
g4085.t1	114	87.777	KEEP	Strong arthropod homology with multiple qualifying hits and strong combined evidence.	336	tr|A0A4C1TID5|A0A4C1TID5_EUMVA	Eumeta variegata	151549	Eukaryota; Metazoa; Arthropoda; Insecta; Lepidoptera	85.373	96.0	0.0	579.0	11	11	1.0	0.0	0.0	0.0	0.0	KEEP_ARTHROPOD	96.755	100.0	30.0	100.0	95.0	Lipase, N-terminal	IPR033906; IPR000734; IPR029058; IPR013818	Lipase, N-terminal; Triacylglycerol lipase family; Alpha/Beta hydrolase fold; Lipase	PF00151; Lipase	PTHR11610; LIPASE	GO:0006629(InterPro); GO:0016298(InterPro); GO:0005615(PANTHER)|GO:0016042(PANTHER)|GO:0016298(InterPro)|GO:0016298(PANTHER)|GO:0017171(PANTHER)	enzyme; digestion	DIGESTION	Pancreatic triacylglycerol lipase OS=Eumeta variegata OX=151549 GN=PNLIP PE=3 SV=1
g14266.t1	115	87.719	KEEP	Strong arthropod homology with multiple qualifying hits and strong combined evidence.	958	tr|A0A4C1V210|A0A4C1V210_EUMVA	Eumeta variegata	151549	Eukaryota; Metazoa; Arthropoda; Insecta; Lepidoptera	85.445	96.0	0.0	1650.0	10	10	1.0	0.0	0.0	0.0	0.0	KEEP_ARTHROPOD	96.564	100.0	30.0	100.0	95.0	Lipase, N-terminal	IPR033906; IPR029058; IPR000734; IPR013818	Lipase, N-terminal; Alpha/Beta hydrolase fold; Triacylglycerol lipase family; Lipase	PF00151; Lipase	PTHR11610; LIPASE	GO:0006629(InterPro); GO:0016298(InterPro); GO:0005615(PANTHER)|GO:0016042(PANTHER)|GO:0016298(PANTHER)|GO:0016298(InterPro)	enzyme; digestion	DIGESTION	tr|A0A4C1V210|A0A4C1V210_EUMVA Inactive pancreatic lipase-related protein 1 OS=Eumeta variegata OX=151549 GN=PNLIPRP1 PE=3 SV=1
g4086.t1	116	87.719	KEEP	Strong arthropod homology with multiple qualifying hits and strong combined evidence.	334	tr|A0A4C1TFB7|A0A4C1TFB7_EUMVA	Eumeta variegata	151549	Eukaryota; Metazoa; Arthropoda; Insecta; Lepidoptera	88.509	96.0	0.0	582.0	10	10	1.0	0.0	0.0	0.0	0.0	KEEP_ARTHROPOD	96.564	100.0	30.0	100.0	95.0	Triacylglycerol lipase family	IPR000734; IPR029058; IPR033906; IPR013818	Triacylglycerol lipase family; Alpha/Beta hydrolase fold; Lipase, N-terminal; Lipase	PF00151; Lipase	PTHR11610; LIPASE	GO:0005615(PANTHER)|GO:0016042(PANTHER)|GO:0016298(InterPro)|GO:0016298(PANTHER)|GO:0017171(PANTHER); GO:0006629(InterPro); GO:0016298(InterPro)	enzyme; digestion	DIGESTION	Pancreatic triacylglycerol lipase OS=Eumeta variegata OX=151549 GN=PNLIP PE=3 SV=1
g4082.t1	117	87.719	KEEP	Strong arthropod homology with multiple qualifying hits and strong combined evidence.	334	tr|A0A4C1TFB7|A0A4C1TFB7_EUMVA	Eumeta variegata	151549	Eukaryota; Metazoa; Arthropoda; Insecta; Lepidoptera	86.025	96.0	0.0	572.0	10	10	1.0	0.0	0.0	0.0	0.0	KEEP_ARTHROPOD	96.564	100.0	30.0	100.0	95.0	Alpha/Beta hydrolase fold	IPR029058; IPR033906; IPR000734; IPR013818	Alpha/Beta hydrolase fold; Lipase, N-terminal; Triacylglycerol lipase family; Lipase	PF00151; Lipase	PTHR11610; LIPASE	GO:0006629(InterPro); GO:0016298(InterPro); GO:0005615(PANTHER)|GO:0016042(PANTHER)|GO:0016298(InterPro)|GO:0016298(PANTHER)|GO:0017171(PANTHER)	enzyme; digestion	DIGESTION	Pancreatic triacylglycerol lipase OS=Eumeta variegata OX=151549 GN=PNLIP PE=3 SV=1
g3616.t1	118	87.719	KEEP	Strong arthropod homology with multiple qualifying hits and strong combined evidence.	442	tr|A0A4C1VK74|A0A4C1VK74_EUMVA	Eumeta variegata	151549	Eukaryota; Metazoa; Arthropoda; Insecta; Lepidoptera	82.353	96.0	0.0	735.0	10	10	1.0	0.0	0.0	0.0	0.0	KEEP_ARTHROPOD	96.564	100.0	30.0	100.0	95.0	Serine proteases, trypsin domain	IPR001254; IPR001314; IPR009003; IPR018114; IPR051333	Serine proteases, trypsin domain; Peptidase S1A, chymotrypsin family; Peptidase S1, PA clan; Serine protease-like, trypsin family, histidine active site; CLIP domain-containing serine protease	PF00089; Trypsin	PTHR24260	GO:0004252(InterPro)|GO:0006508(InterPro)	enzyme; membrane; digestion	DIGESTION	Serine protease gd OS=Eumeta variegata OX=151549 GN=gd PE=4 SV=1
g18781.t1	119	87.719	KEEP	Strong arthropod homology with multiple qualifying hits and strong combined evidence.	455	tr|A0A4C1WGY0|A0A4C1WGY0_EUMVA	Eumeta variegata	151549	Eukaryota; Metazoa; Arthropoda; Insecta; Lepidoptera	90.16	96.0	0.0	808.0	10	10	1.0	0.0	0.0	0.0	0.0	KEEP_ARTHROPOD	96.564	100.0	30.0	100.0	95.0	Cytosolic carboxypeptidase	IPR050821; IPR000834	Cytosolic carboxypeptidase; Peptidase M14, carboxypeptidase A	PF00246; Zinc carboxypeptidase	PTHR12756; CYTOSOLIC CARBOXYPEPTIDASE	GO:0004181(InterPro)|GO:0006508(InterPro)|GO:0008270(InterPro)	enzyme; digestion	DIGESTION	tr|A0A4C1WGY0|A0A4C1WGY0_EUMVA Peptidase M14 domain-containing protein OS=Eumeta variegata OX=151549 GN=EVAR_30129_1 PE=3 SV=1
g1086.t1	120	87.719	KEEP	Strong arthropod homology with multiple qualifying hits and strong combined evidence.	392	tr|A0ABQ7Q3E0|A0ABQ7Q3E0_PLUXY	Plutella xylostella	51655	Eukaryota; Metazoa; Arthropoda; Insecta; Lepidoptera	73.016	96.0	0.0	628.0	10	10	1.0	0.0	0.0	0.0	0.0	KEEP_ARTHROPOD	96.564	100.0	30.0	100.0	95.0	Pancreatic lipase	IPR002331; IPR029058; IPR000734; IPR013818; IPR033906	Pancreatic lipase; Alpha/Beta hydrolase fold; Triacylglycerol lipase family; Lipase; Lipase, N-terminal	PF00151; Lipase	PTHR11610; LIPASE	GO:0004806(InterPro)|GO:0006629(InterPro); GO:0016298(InterPro); GO:0006629(InterPro); GO:0005615(PANTHER)|GO:0016042(PANTHER)|GO:0016298(InterPro)|GO:0016298(PANTHER)	enzyme; digestion	DIGESTION	Lipase domain-containing protein OS=Plutella xylostella OX=51655 GN=JYU34_016758 PE=3 SV=1
g96.t1	121	87.682	KEEP	Strong arthropod homology with multiple qualifying hits and strong combined evidence.	985	tr|A0A4C1W529|A0A4C1W529_EUMVA	Eumeta variegata	151549	Eukaryota; Metazoa; Arthropoda; Insecta; Lepidoptera	88.782	95.0	0.0	1752.0	18	18	1.0	0.0	0.0	0.0	0.0	KEEP_ARTHROPOD	96.44	100.0	30.0	100.0	95.0	Aminopeptidase N-type	IPR034016; IPR045357; IPR027268; IPR042097; IPR024571; IPR001930; IPR014782; IPR050344	Aminopeptidase N-type; Aminopeptidase N-like , N-terminal domain; Peptidase M4/M1, CTD superfamily; Aminopeptidase N-like , N-terminal domain superfamliy; ERAP1-like C-terminal domain; Peptidase M1, alanine aminopeptidase/leukotriene A4 hydrolase; Peptidase M1, membrane alanine aminopeptidase; Peptidase M1 family aminopeptidases	PF17900; Peptidase M1 N-terminal domain; PF11838; ERAP1-like C-terminal domain; PF01433; Peptidase family M1 domain	PTHR11533; PROTEASE M1 ZINC METALLOPROTEASE	GO:0006508(InterPro); GO:0008237(InterPro)|GO:0008270(InterPro); GO:0005615(PANTHER)|GO:0005737(PANTHER)|GO:0006508(PANTHER)|GO:0008270(PANTHER)|GO:0016020(PANTHER)|GO:0042277(PANTHER)|GO:0043171(PANTHER)|GO:0070006(PANTHER)	enzyme; digestion	DIGESTION	Aminopeptidase OS=Eumeta variegata OX=151549 GN=EVAR_95138_1 PE=3 SV=1
g3160.t1	122	87.629	KEEP	Strong arthropod homology with multiple qualifying hits and strong combined evidence.	545	tr|A0A4C1TJH4|A0A4C1TJH4_EUMVA	Eumeta variegata	151549	Eukaryota; Metazoa; Arthropoda; Insecta; Lepidoptera	78.908	97.0	0.0	859.0	10	10	1.0	0.0	0.0	0.0	0.0	KEEP_ARTHROPOD	97.264	100.0	30.0	93.0	100.0	Type-B Carboxylesterase/Lipase	IPR050309; IPR002018; IPR029058	Type-B Carboxylesterase/Lipase; Carboxylesterase, type B; Alpha/Beta hydrolase fold	PF00135; Carboxylesterase family	PTHR11559; CARBOXYLESTERASE		enzyme; digestion	GROWTH_DEVELOPMENT	Juvenile hormone esterase OS=Eumeta variegata OX=151549 GN=EVAR_6937_1 PE=4 SV=1
g7592.t1	123	87.59	KEEP	Strong arthropod homology with multiple qualifying hits and strong combined evidence.	716	tr|A0A4C1XBU8|A0A4C1XBU8_EUMVA	Eumeta variegata	151549	Eukaryota; Metazoa; Arthropoda; Insecta; Lepidoptera	67.183	99.0	0.0	910.0	10	10	1.0	0.0	0.0	0.0	0.0	KEEP_ARTHROPOD	96.133	100.0	30.0	100.0	95.0	Serine proteases, trypsin domain	IPR001254; IPR001314; IPR009003; IPR000436; IPR018114; IPR035976	Serine proteases, trypsin domain; Peptidase S1A, chymotrypsin family; Peptidase S1, PA clan; Sushi/SCR/CCP domain; Serine proteases, trypsin family, histidine active site; Sushi/SCR/CCP superfamily	PF00089; Trypsin	PTHR24252; ACROSIN-RELATED	GO:0004252(InterPro)|GO:0006508(InterPro)	enzyme; digestion	DIGESTION	Modular serine protease OS=Eumeta variegata OX=151549 GN=modSP PE=3 SV=1
g16043.t1	124	87.577	KEEP	Strong arthropod homology with multiple qualifying hits and strong combined evidence.	575	tr|A0A4C1X810|A0A4C1X810_EUMVA	Eumeta variegata	151549	Eukaryota; Metazoa; Arthropoda; Insecta; Lepidoptera	71.223	97.0	0.0	741.0	10	10	1.0	0.0	0.0	0.0	0.0	KEEP_ARTHROPOD	97.09	100.0	30.0	93.0	100.0	Alpha/Beta hydrolase fold	IPR029058; IPR002018; IPR050309	Alpha/Beta hydrolase fold; Carboxylesterase, type B; Type-B Carboxylesterase/Lipase	PF00135; Carboxylesterase family	PTHR11559; CARBOXYLESTERASE		enzyme; digestion	GROWTH_DEVELOPMENT	tr|A0A4C1X810|A0A4C1X810_EUMVA Juvenile hormone esterase OS=Eumeta variegata OX=151549 GN=EVAR_15024_1 PE=3 SV=1
g16245.t1	125	87.554	KEEP	Strong arthropod homology with multiple qualifying hits and strong combined evidence.	423	tr|A0A4C1Z3B3|A0A4C1Z3B3_EUMVA	Eumeta variegata	151549	Eukaryota; Metazoa; Arthropoda; Insecta; Lepidoptera	66.274	100.0	0.0	585.0	12	13	1.0	0.0	0.0	0.0	0.0	KEEP_ARTHROPOD	96.012	100.0	30.0	100.0	95.0	Serpin domain	IPR023796; IPR036186; IPR042185; IPR023795; IPR000215; IPR042178	Serpin domain; Serpin superfamily; Serpin superfamily, domain 2; Serpin, conserved site; Serpin family; Serpin superfamily, domain 1	PF00079; Serpin (serine protease inhibitor)	PTHR11461; SERINE PROTEASE INHIBITOR, SERPIN	GO:0004867(InterPro)|GO:0005576(InterPro)|GO:0005615(PANTHER)	enzyme; digestion	DIGESTION	tr|A0A4C1Z3B3|A0A4C1Z3B3_EUMVA Serine protease inhibitor 77Ba OS=Eumeta variegata OX=151549 GN=Spn77Ba PE=3 SV=1
g5154.t1	126	87.537	KEEP	Strong arthropod homology with multiple qualifying hits and strong combined evidence.	533	tr|A0A4C1SWU5|A0A4C1SWU5_EUMVA	Eumeta variegata	151549	Eukaryota; Metazoa; Arthropoda; Insecta; Lepidoptera	93.05	97.0	0.0	992.0	11	11	1.0	0.0	0.0	0.0	0.0	KEEP_ARTHROPOD	97.455	100.0	30.0	97.0	95.0	Peptidase M17, leucine aminopeptidase/peptidase B	IPR011356; IPR000819; IPR064115	Peptidase M17, leucine aminopeptidase/peptidase B; Peptidase M17, leucyl aminopeptidase, C-terminal; Cytosol aminopeptidase-like, conserved site	PF00883; Cytosol aminopeptidase family, catalytic domain	PTHR11963; LEUCINE AMINOPEPTIDASE-RELATED	GO:0005737(InterPro)|GO:0005737(PANTHER)|GO:0006508(PANTHER)|GO:0008233(PANTHER)|GO:0019538(InterPro)|GO:0030145(InterPro); GO:0006508(InterPro)|GO:0046872(InterPro); GO:0005737(InterPro)|GO:0019538(InterPro)|GO:0030145(InterPro)	enzyme; digestion	DIGESTION	Aminopeptidase W07G4.4 OS=Eumeta variegata OX=151549 GN=lap-2 PE=3 SV=1
g3430.t1	127	87.509	KEEP	Strong arthropod homology with multiple qualifying hits and strong combined evidence.	320	tr|A0A4C1Y2D1|A0A4C1Y2D1_EUMVA	Eumeta variegata	151549	Eukaryota; Metazoa; Arthropoda; Insecta; Lepidoptera	83.735	100.0	0.0	550.0	10	10	1.0	0.0	0.0	0.0	0.0	KEEP_ARTHROPOD	99.364	100.0	30.0	93.0	95.0	Creatinase/Aminopeptidase P/Spt16, N-terminal	IPR029149; IPR050422; IPR000587	Creatinase/Aminopeptidase P/Spt16, N-terminal; Xaa-Pro aminopeptidase P; Creatinase, N-terminal	PF16189; Creatinase/Prolidase N-terminal domain; PF01321	PTHR43763; XAA-PRO AMINOPEPTIDASE 1		enzyme; digestion	DIGESTION	Xaa-Pro aminopeptidase 1 OS=Eumeta variegata OX=151549 GN=XPNPEP1 PE=3 SV=1
g18995.t1	128	87.509	KEEP	Strong arthropod homology with multiple qualifying hits and strong combined evidence.	408	tr|A0A8R2C8M0|A0A8R2C8M0_BOMMO	Bombyx mori	7091	Eukaryota; Metazoa; Arthropoda; Insecta; Lepidoptera	78.811	95.0	0.0	649.0	10	10	1.0	0.0	0.0	0.0	0.0	KEEP_ARTHROPOD	95.864	100.0	30.0	100.0	95.0	Phospholipase B	IPR035547; IPR036514; IPR001087; IPR038885	Phospholipase B; SGNH hydrolase superfamily; GDSL lipase/esterase; Phospholipase B1, membrane-associated	PF00657; GDSL-like Lipase/Acylhydrolase	PTHR21325; PHOSPHOLIPASE B, PLB1	GO:0016788(InterPro); GO:0004620(InterPro)|GO:0004620(PANTHER)|GO:0006644(PANTHER)	enzyme; digestion	DIGESTION	tr|A0A8R2C8M0|A0A8R2C8M0_BOMMO Phospholipase B1, membrane-associated OS=Bombyx mori OX=7091 PE=3 SV=1
g17421.t1	129	87.509	KEEP	Strong arthropod homology with multiple qualifying hits and strong combined evidence.	317	tr|A0A4C1VK74|A0A4C1VK74_EUMVA	Eumeta variegata	151549	Eukaryota; Metazoa; Arthropoda; Insecta; Lepidoptera	83.056	95.0	0.0	546.0	10	10	1.0	0.0	0.0	0.0	0.0	KEEP_ARTHROPOD	95.864	100.0	30.0	100.0	95.0	Peptidase S1, PA clan	IPR009003; IPR001254; IPR018114; IPR001314	Peptidase S1, PA clan; Serine proteases, trypsin domain; Serine protease-like, trypsin family, histidine active site; Peptidase S1A, chymotrypsin family	PF00089; Trypsin	PTHR24252; ACROSIN-RELATED	GO:0004252(InterPro)|GO:0006508(InterPro)	enzyme; membrane; digestion	DIGESTION	tr|A0A4C1VK74|A0A4C1VK74_EUMVA Serine protease gd OS=Eumeta variegata OX=151549 GN=gd PE=4 SV=1
g5378.t1	130	87.509	KEEP	Strong arthropod homology with multiple qualifying hits and strong combined evidence.	214	tr|A0ABM4ALF9|A0ABM4ALF9_VANTA	Vanessa tameamea	334116	Eukaryota; Metazoa; Arthropoda; Insecta; Lepidoptera	77.451	95.0	5.42e-121	355.0	10	10	1.0	0.0	0.0	0.0	0.0	KEEP_ARTHROPOD	95.864	100.0	30.0	100.0	95.0	Triacylglycerol lipase family	IPR000734; IPR029058; IPR013818	Triacylglycerol lipase family; Alpha/Beta hydrolase fold; Lipase	PF00151; Lipase	PTHR11610; LIPASE	GO:0016298(InterPro); GO:0005615(PANTHER)|GO:0016042(PANTHER)|GO:0016298(InterPro)|GO:0016298(PANTHER)|GO:0017171(PANTHER)	enzyme; digestion	DIGESTION	Inactive pancreatic lipase-related protein 1 isoform X1 OS=Vanessa tameamea OX=334116 GN=LOC113391599 PE=3 SV=1
g1058.t1	131	87.431	KEEP	Strong arthropod homology with multiple qualifying hits and strong combined evidence.	412	tr|A0A4C1ZNZ3|A0A4C1ZNZ3_EUMVA	Eumeta variegata	151549	Eukaryota; Metazoa; Arthropoda; Insecta; Lepidoptera	67.647	99.0	0.0	598.0	10	10	1.0	0.0	0.0	0.0	0.0	KEEP_ARTHROPOD	96.605	100.0	30.0	93.0	100.0	Protein kinase-like domain superfamily	IPR011009; IPR015897; IPR004119	Protein kinase-like domain superfamily; CHK kinase-like; Ecdysteroid kinase-like	PF02958; Ecdysteroid kinase-like family	PTHR11012; PROTEIN KINASE-LIKE DOMAIN-CONTAINING		enzyme	GROWTH_DEVELOPMENT	CHK kinase-like domain-containing protein OS=Eumeta variegata OX=151549 GN=EVAR_68259_1 PE=4 SV=1
g74.t1	132	87.299	KEEP	Strong arthropod homology with multiple qualifying hits and strong combined evidence.	735	tr|A0A4C1VXY0|A0A4C1VXY0_EUMVA	Eumeta variegata	151549	Eukaryota; Metazoa; Arthropoda; Insecta; Lepidoptera	93.324	94.0	0.0	1325.0	10	10	1.0	0.0	0.0	0.0	0.0	KEEP_ARTHROPOD	95.164	100.0	30.0	100.0	95.0	Tubulin-tyrosine ligase/Tubulin polyglutamylase	IPR004344	Tubulin-tyrosine ligase/Tubulin polyglutamylase	PF03133; Tubulin-tyrosine ligase family	PTHR12241; TUBULIN POLYGLUTAMYLASE	GO:0036211(InterPro); GO:0000226(PANTHER)|GO:0015631(PANTHER)|GO:0018095(PANTHER)|GO:0036064(PANTHER)|GO:0070740(PANTHER)	digestion	DIGESTION	Tubulin polyglutamylase TTLL4 OS=Eumeta variegata OX=151549 GN=Ttll4 PE=4 SV=1
g16396.t1	133	87.299	KEEP	Strong arthropod homology with multiple qualifying hits and strong combined evidence.	334	tr|A0ABN8J582|A0ABN8J582_9NEOP	Iphiclides podalirius	110791	Eukaryota; Metazoa; Arthropoda; Insecta; Lepidoptera	75.235	94.0	2.53e-165	477.0	10	10	1.0	0.0	0.0	0.0	0.0	KEEP_ARTHROPOD	95.164	100.0	30.0	100.0	95.0	Alpha/Beta hydrolase fold	IPR029058; IPR001563	Alpha/Beta hydrolase fold; Peptidase S10, serine carboxypeptidase	PF00450; Serine carboxypeptidase	PTHR11802; SERINE PROTEASE FAMILY S10 SERINE CARBOXYPEPTIDASE	GO:0004185(PANTHER)|GO:0004185(InterPro)|GO:0006508(InterPro); GO:0004185(InterPro)|GO:0006508(InterPro)	enzyme; digestion	DIGESTION	tr|A0ABN8J582|A0ABN8J582_9NEOP Retinoid-inducible serine carboxypeptidase (Fragment) OS=Iphiclides podalirius OX=110791 GN=IPOD504_LOCUS17160 PE=3 SV=1
g4338.t1	134	87.299	KEEP	Strong arthropod homology with multiple qualifying hits and strong combined evidence.	236	tr|A0A4C1TXW2|A0A4C1TXW2_EUMVA	Eumeta variegata	151549	Eukaryota; Metazoa; Arthropoda; Insecta; Lepidoptera	83.408	94.0	2.86e-124	365.0	10	10	1.0	0.0	0.0	0.0	0.0	KEEP_ARTHROPOD	95.164	100.0	30.0	100.0	95.0	Peptidase M24A, methionine aminopeptidase, subfamily 1	IPR002467; IPR000994; IPR036005; IPR001714	Peptidase M24A, methionine aminopeptidase, subfamily 1; Peptidase M24; Creatinase/aminopeptidase-like; Peptidase M24, methionine aminopeptidase	PF00557; Metallopeptidase family M24	PTHR43330; METHIONINE AMINOPEPTIDASE	GO:0006508(InterPro)|GO:0070006(InterPro); GO:0005829(PANTHER)|GO:0035551(PANTHER)|GO:0070006(PANTHER)	enzyme; digestion	DIGESTION	Methionine aminopeptidase OS=Eumeta variegata OX=151549 GN=METAP1 PE=3 SV=1
g16052.t1	135	87.299	KEEP	Strong arthropod homology with multiple qualifying hits and strong combined evidence.	478	tr|A0A4C1XGA6|A0A4C1XGA6_EUMVA	Eumeta variegata	151549	Eukaryota; Metazoa; Arthropoda; Insecta; Lepidoptera	81.375	94.0	0.0	753.0	10	10	1.0	0.0	0.0	0.0	0.0	KEEP_ARTHROPOD	95.164	100.0	30.0	100.0	95.0	Serpin domain	IPR023796; IPR042178; IPR036186; IPR023795; IPR042185; IPR000215	Serpin domain; Serpin superfamily, domain 1; Serpin superfamily; Serpin, conserved site; Serpin superfamily, domain 2; Serpin family	PF00079; Serpin (serine protease inhibitor)	PTHR11461; SERINE PROTEASE INHIBITOR, SERPIN	GO:0004867(InterPro)|GO:0005576(InterPro)|GO:0005615(PANTHER)	enzyme; digestion	DIGESTION	tr|A0A4C1XGA6|A0A4C1XGA6_EUMVA Serine protease inhibitor 28Dc OS=Eumeta variegata OX=151549 GN=Spn28Dc PE=3 SV=1
g16934.t1	136	87.299	KEEP	Strong arthropod homology with multiple qualifying hits and strong combined evidence.	603	tr|A0ABM3MN31|A0ABM3MN31_GALME	Galleria mellonella	7137	Eukaryota; Metazoa; Arthropoda; Insecta; Lepidoptera	85.589	94.0	0.0	1033.0	10	10	1.0	0.0	0.0	0.0	0.0	KEEP_ARTHROPOD	95.164	100.0	30.0	100.0	95.0	Dipeptidyl peptidase 3	IPR061912; IPR039461	Dipeptidyl peptidase 3; Peptidase family M49	PF03571; Peptidase family M49	PTHR23422; DIPEPTIDYL PEPTIDASE III-RELATED	GO:0005737(PANTHER)|GO:0008239(PANTHER)|GO:0008239(InterPro)	enzyme; digestion	DIGESTION	tr|A0ABM3MN31|A0ABM3MN31_GALME Dipeptidyl peptidase 3 OS=Galleria mellonella OX=7137 GN=LOC113511564 PE=3 SV=1
g17098.t1	137	87.285	KEEP	Strong arthropod homology with multiple qualifying hits and strong combined evidence.	421	tr|A0A4C1YA79|A0A4C1YA79_EUMVA	Eumeta variegata	151549	Eukaryota; Metazoa; Arthropoda; Insecta; Lepidoptera	73.872	100.0	0.0	619.0	10	10	1.0	0.0	0.0	0.0	0.0	KEEP_ARTHROPOD	96.118	100.0	30.0	93.0	100.0	Ecdysteroid kinase-like	IPR004119; IPR011009; IPR015897	Ecdysteroid kinase-like; Protein kinase-like domain superfamily; CHK kinase-like	PF02958; Ecdysteroid kinase-like family	PTHR11012; PROTEIN KINASE-LIKE DOMAIN-CONTAINING		enzyme	GROWTH_DEVELOPMENT	tr|A0A4C1YA79|A0A4C1YA79_EUMVA CHK kinase-like domain-containing protein OS=Eumeta variegata OX=151549 GN=EVAR_48852_1 PE=4 SV=1
g5771.t1	138	87.279	KEEP	Strong arthropod homology with multiple qualifying hits and strong combined evidence.	1051	tr|A0A8S3WG79|A0A8S3WG79_PARAO	Parnassius apollo	110799	Eukaryota; Metazoa; Arthropoda; Insecta; Lepidoptera	71.928	94.0	0.0	1528.0	10	10	1.0	0.0	0.0	0.0	0.0	KEEP_ARTHROPOD	95.098	100.0	30.0	100.0	95.0	Metalloenzyme, LuxS/M16 peptidase-like	IPR011249; IPR011765; IPR032632; IPR007863; IPR001431; IPR054734; IPR050626	Metalloenzyme, LuxS/M16 peptidase-like; Peptidase M16, N-terminal; Peptidase M16, middle/third domain; Peptidase M16, C-terminal; Peptidase M16, zinc-binding site; Coenzyme PQQ synthesis protein F-like, C-terminal lobe, domain 4; Peptidase M16	PF00675; Insulinase (Peptidase family M16); PF16187; Middle or third domain of peptidase_M16; PF05193; Peptidase M16 inactive domain; PF22456; PQQ synthase PqqF-like, C-terminal lobe domain 4	PTHR43690; NARDILYSIN	GO:0046872(InterPro); GO:0004222(InterPro)|GO:0006508(InterPro); GO:0004222(PANTHER)|GO:0005739(PANTHER)|GO:0005829(PANTHER)|GO:0043171(PANTHER)|GO:0051603(PANTHER)	enzyme; digestion	DIGESTION	Insulin-degrading enzyme OS=Parnassius apollo OX=110799 GN=PAPOLLO_LOCUS5711 PE=3 SV=1
g3531.t1	139	87.269	KEEP	Strong arthropod homology with multiple qualifying hits and strong combined evidence.	256	tr|A0A9R0E1Y7|A0A9R0E1Y7_SPOFR	Scirpophaga incertulas	72366	Eukaryota; Metazoa; Arthropoda; Insecta; Lepidoptera	78.629	96.0	3.46e-141	420.0	10	10	1.0	0.0	0.0	0.0	0.0	KEEP_ARTHROPOD	96.564	100.0	30.0	97.0	95.0	Peptidase M8, leishmanolysin	IPR001577	Peptidase M8, leishmanolysin	PF01457; Leishmanolysin	PTHR10942; LEISHMANOLYSIN-LIKE PEPTIDASE	GO:0004222(InterPro)|GO:0005737(PANTHER)|GO:0006508(InterPro)|GO:0007155(InterPro)|GO:0008233(PANTHER)|GO:0016020(InterPro); GO:0004222(InterPro)|GO:0006508(InterPro)|GO:0007155(InterPro)|GO:0016020(InterPro)	enzyme; digestion	DIGESTION	Leishmanolysin-like peptidase OS=Spodoptera frugiperda OX=7108 GN=LOC118280911 PE=3 SV=1
g2862.t1	140	87.238	KEEP	Strong arthropod homology with multiple qualifying hits and strong combined evidence.	301	tr|A0ACC1CV66|A0ACC1CV66_9NEOP	Dendrolimus kikuchii	765133	Eukaryota; Metazoa; Arthropoda; Insecta; Lepidoptera	68.166	96.0	4.65e-145	422.0	10	10	1.0	0.0	0.0	0.0	0.0	KEEP_ARTHROPOD	94.959	100.0	30.0	100.0	95.0	Alpha/Beta hydrolase fold	IPR029058; IPR006693	Alpha/Beta hydrolase fold; Partial AB-hydrolase lipase domain	PF04083; Partial alpha/beta-hydrolase lipase region	PTHR11005; LYSOSOMAL ACID LIPASE-RELATED	GO:0006629(InterPro)	enzyme; digestion	DIGESTION	Lipase OS=Dendrolimus kikuchii OX=765133 GN=K1T71_008723 PE=3 SV=1
g4895.t1	141	87.222	KEEP	Strong arthropod homology with multiple qualifying hits and strong combined evidence.	164	tr|A0A4C1W8L2|A0A4C1W8L2_EUMVA	Eumeta variegata	151549	Eukaryota; Metazoa; Arthropoda; Insecta; Lepidoptera	79.268	100.0	5.47e-94	285.0	9	9	1.0	0.0	0.0	0.0	0.0	KEEP_ARTHROPOD	95.906	100.0	30.0	93.0	100.0	Protein kinase-like domain superfamily	IPR011009; IPR004119	Protein kinase-like domain superfamily; Ecdysteroid kinase-like	PF02958; Ecdysteroid kinase-like family	PTHR11012; PROTEIN KINASE-LIKE DOMAIN-CONTAINING		enzyme	GROWTH_DEVELOPMENT	CHK kinase-like domain-containing protein OS=Eumeta variegata OX=151549 GN=EVAR_28046_1 PE=4 SV=1
g15244.t1	142	87.212	KEEP	Strong arthropod homology with multiple qualifying hits and strong combined evidence.	678	tr|A0A4C1UIN0|A0A4C1UIN0_EUMVA	Eumeta variegata	151549	Eukaryota; Metazoa; Arthropoda; Insecta; Lepidoptera	83.908	100.0	0.0	1151.0	19	19	1.0	0.0	0.0	0.0	0.0	KEEP_ARTHROPOD	99.872	100.0	30.0	100.0	85.0	Protein kinase, ATP binding site	IPR017441; IPR050205; IPR000719; IPR011009; IPR008271	Protein kinase, ATP binding site; Calcium-dependent Serine/Threonine Protein Kinases; Protein kinase domain; Protein kinase-like domain superfamily; Serine/threonine-protein kinase, active site	PF00069; Protein kinase domain	PTHR24349; SERINE/THREONINE-PROTEIN KINASE	GO:0005524(InterPro); GO:0005524(InterPro)|GO:0006468(InterPro); GO:0004672(InterPro)|GO:0006468(InterPro)	enzyme	SIGNALING	tr|A0A4C1UIN0|A0A4C1UIN0_EUMVA Ribosomal protein S6 kinase alpha-5 OS=Eumeta variegata OX=151549 GN=RPS6KA5 PE=4 SV=1
g14299.t1	143	87.187	KEEP	Strong arthropod homology with multiple qualifying hits and strong combined evidence.	263	tr|A0A4C1SD49|A0A4C1SD49_EUMVA	Eumeta variegata	151549	Eukaryota; Metazoa; Arthropoda; Insecta; Lepidoptera	64.773	100.0	1.6e-123	361.0	10	10	1.0	0.0	0.0	0.0	0.0	KEEP_ARTHROPOD	94.79	100.0	30.0	100.0	95.0	Serine protease-like, trypsin family, histidine active site	IPR018114; IPR009003; IPR001254; IPR033116; IPR001314	Serine protease-like, trypsin family, histidine active site; Peptidase S1, PA clan; Serine proteases, trypsin domain; Serine proteases, trypsin family, serine active site; Peptidase S1A, chymotrypsin family	PF00089; Trypsin	PTHR24276; POLYSERASE-RELATED	GO:0004252(InterPro)|GO:0006508(InterPro); GO:0004252(PANTHER)	enzyme; membrane; digestion	DIGESTION	tr|A0A4C1SD49|A0A4C1SD49_EUMVA Trypsin CFT-1 OS=Eumeta variegata OX=151549 GN=EVAR_74344_1 PE=3 SV=1
g16240.t1	144	87.164	KEEP	Strong arthropod homology with multiple qualifying hits and strong combined evidence.	399	tr|A0A4C1ZIZ2|A0A4C1ZIZ2_EUMVA	Eumeta variegata	151549	Eukaryota; Metazoa; Arthropoda; Insecta; Lepidoptera	67.885	96.0	0.0	558.0	10	10	1.0	0.0	0.0	0.0	0.0	KEEP_ARTHROPOD	94.713	100.0	30.0	100.0	95.0	Serpin domain	IPR023796; IPR036186; IPR042178; IPR000215; IPR042185	Serpin domain; Serpin superfamily; Serpin superfamily, domain 1; Serpin family; Serpin superfamily, domain 2	PF00079; Serpin (serine protease inhibitor)	PTHR11461; SERINE PROTEASE INHIBITOR, SERPIN	GO:0004867(InterPro)|GO:0005576(InterPro)|GO:0005615(PANTHER)	enzyme; digestion	DIGESTION	tr|A0A4C1ZIZ2|A0A4C1ZIZ2_EUMVA Serine protease inhibitor 77Ba OS=Eumeta variegata OX=151549 GN=Spn77Ba PE=3 SV=1
g1142.t1	145	87.161	KEEP	Strong arthropod homology with multiple qualifying hits and strong combined evidence.	725	tr|A0A922CBV6|A0A922CBV6_MANSE	Manduca sexta	7130	Eukaryota; Metazoa; Arthropoda; Insecta; Lepidoptera	94.345	100.0	0.0	1407.0	13	13	1.0	0.0	0.0	0.0	0.0	KEEP_ARTHROPOD	99.702	100.0	30.0	100.0	85.0	Phosphofructokinase superfamily	IPR035966; IPR022953; IPR009161; IPR000023; IPR015912	Phosphofructokinase superfamily; ATP-dependent 6-phosphofructokinase; ATP-dependent 6-phosphofructokinase, eukaryotic-type; Phosphofructokinase domain; Phosphofructokinase, conserved site	PF00365; Phosphofructokinase	PTHR13697; PHOSPHOFRUCTOKINASE	GO:0003872(InterPro)|GO:0006096(InterPro); GO:0003872(InterPro)|GO:0006002(InterPro)|GO:0006096(InterPro); GO:0003872(InterPro)|GO:0005524(InterPro)|GO:0005737(InterPro)|GO:0006096(InterPro); GO:0003872(PANTHER)|GO:0005524(PANTHER)|GO:0005945(PANTHER)|GO:0006002(PANTHER)|GO:0016208(PANTHER)|GO:0030388(PANTHER)|GO:0042802(PANTHER)|GO:0048029(PANTHER)|GO:0061621(PANTHER)|GO:0070095(PANTHER)	enzyme	SIGNALING	ATP-dependent 6-phosphofructokinase OS=Manduca sexta OX=7130 GN=O3G_MSEX001337 PE=3 SV=1
g7648.t1	146	87.124	KEEP	Strong arthropod homology with multiple qualifying hits and strong combined evidence.	511	tr|A0A4C1W3C9|A0A4C1W3C9_EUMVA	Eumeta variegata	151549	Eukaryota; Metazoa; Arthropoda; Insecta; Lepidoptera	66.931	97.0	0.0	686.0	10	10	1.0	0.0	0.0	0.0	0.0	KEEP_ARTHROPOD	94.578	100.0	30.0	100.0	95.0	Peptidase S1A, chymotrypsin family	IPR001314; IPR001254; IPR018114; IPR009003; IPR051333; IPR031986	Peptidase S1A, chymotrypsin family; Serine proteases, trypsin domain; Serine proteases, trypsin family, histidine active site; Peptidase S1, PA clan; CLIP domain-containing serine protease; Serine protease gd, N-terminal domain	PF00089; Trypsin; PF16030; Serine protease gd N-terminus	PTHR24260	GO:0004252(InterPro)|GO:0006508(InterPro)	enzyme; digestion	DIGESTION	Serine protease gd OS=Eumeta variegata OX=151549 GN=gd PE=4 SV=1
g5890.t1	147	87.117	KEEP	Strong arthropod homology with multiple qualifying hits and strong combined evidence.	439	tr|A0AAU9TX52|A0AAU9TX52_EUPED	Euphydryas editha	104508	Eukaryota; Metazoa; Arthropoda; Insecta; Lepidoptera	87.755	100.0	0.0	781.0	11	11	1.0	0.0	0.0	0.0	0.0	KEEP_ARTHROPOD	99.555	100.0	30.0	100.0	85.0	G protein-coupled receptor, rhodopsin-like	IPR000276; IPR017452	G protein-coupled receptor, rhodopsin-like; GPCR, rhodopsin-like, 7TM	PF00001; 7 transmembrane receptor (rhodopsin family)	PTHR24228; B2 BRADYKININ RECEPTOR/ANGIOTENSIN II RECEPTOR	GO:0004930(InterPro)|GO:0007186(InterPro)|GO:0016020(InterPro); GO:0016020(InterPro); GO:0007186(PANTHER)	receptor; membrane	SIGNALING	G-protein coupled receptors family 1 profile domain-containing protein OS=Euphydryas editha OX=104508 GN=EEDITHA_LOCUS6435 PE=3 SV=1
g5153.t1	148	87.117	KEEP	Strong arthropod homology with multiple qualifying hits and strong combined evidence.	541	tr|A0A4C1SWU5|A0A4C1SWU5_EUMVA	Eumeta variegata	151549	Eukaryota; Metazoa; Arthropoda; Insecta; Lepidoptera	87.016	95.0	0.0	930.0	11	11	1.0	0.0	0.0	0.0	0.0	KEEP_ARTHROPOD	96.055	100.0	30.0	97.0	95.0	Peptidase M17, leucine aminopeptidase/peptidase B	IPR011356; IPR000819	Peptidase M17, leucine aminopeptidase/peptidase B; Peptidase M17, leucyl aminopeptidase, C-terminal	PF00883; Cytosol aminopeptidase family, catalytic domain	PTHR11963; LEUCINE AMINOPEPTIDASE-RELATED	GO:0005737(InterPro)|GO:0005737(PANTHER)|GO:0006508(PANTHER)|GO:0008233(PANTHER)|GO:0019538(InterPro)|GO:0030145(InterPro); GO:0006508(InterPro)|GO:0046872(InterPro); GO:0005737(InterPro)|GO:0019538(InterPro)|GO:0030145(InterPro)	enzyme; digestion	DIGESTION	Aminopeptidase W07G4.4 OS=Eumeta variegata OX=151549 GN=lap-2 PE=3 SV=1
g17639.t1	149	87.105	KEEP	Strong arthropod homology with multiple qualifying hits and strong combined evidence.	616	tr|A0A4C1X397|A0A4C1X397_EUMVA	Eumeta variegata	151549	Eukaryota; Metazoa; Arthropoda; Insecta; Lepidoptera	95.13	100.0	0.0	1235.0	11	11	1.0	0.0	0.0	0.0	0.0	KEEP_ARTHROPOD	99.516	100.0	30.0	100.0	85.0	BRO1 domain	IPR004328; IPR038499; IPR025304	BRO1 domain; BRO1 domain superfamily; ALIX V-shaped domain	PF03097; BRO1-like domain; PF13949; ALIX V-shaped domain binding to HIV	PTHR23030; PCD6 INTERACTING PROTEIN-RELATED	GO:0005768(PANTHER)|GO:0032456(PANTHER)|GO:0043328(PANTHER)|GO:0045022(PANTHER); GO:0005515(InterPro)		SIGNALING	tr|A0A4C1X397|A0A4C1X397_EUMVA Tyrosine-protein phosphatase non-receptor type 23 (Fragment) OS=Eumeta variegata OX=151549 GN=Ptpn23 PE=4 SV=1
g13783.t1	150	87.089	KEEP	Strong arthropod homology with multiple qualifying hits and strong combined evidence.	235	tr|A0A4C1WEL4|A0A4C1WEL4_EUMVA	Eumeta variegata	151549	Eukaryota; Metazoa; Arthropoda; Insecta; Lepidoptera	81.818	93.0	3.63e-136	405.0	10	10	1.0	0.0	0.0	0.0	0.0	KEEP_ARTHROPOD	94.464	100.0	30.0	100.0	95.0	Serine proteases, trypsin family, serine active site	IPR033116; IPR001314; IPR001254; IPR018114; IPR009003	Serine proteases, trypsin family, serine active site; Peptidase S1A, chymotrypsin family; Serine proteases, trypsin domain; Serine protease-like, trypsin family, histidine active site; Peptidase S1, PA clan	PF00089; Trypsin	PTHR24276; POLYSERASE-RELATED	GO:0004252(InterPro)|GO:0006508(InterPro); GO:0004252(PANTHER)	enzyme; membrane; digestion	DIGESTION	tr|A0A4C1WEL4|A0A4C1WEL4_EUMVA trypsin OS=Eumeta variegata OX=151549 GN=EVAR_45636_1 PE=4 SV=1
g12338.t1	151	87.089	KEEP	Strong arthropod homology with multiple qualifying hits and strong combined evidence.	280	tr|A0A4C1WHR9|A0A4C1WHR9_EUMVA	Eumeta variegata	151549	Eukaryota; Metazoa; Arthropoda; Insecta; Lepidoptera	80.836	93.0	1.36e-167	481.0	10	10	1.0	0.0	0.0	0.0	0.0	KEEP_ARTHROPOD	94.464	100.0	30.0	100.0	95.0	Alpha/Beta hydrolase fold	IPR029058; IPR000734; IPR013818	Alpha/Beta hydrolase fold; Triacylglycerol lipase family; Lipase	PF00151; Lipase	PTHR11610; LIPASE	GO:0005615(PANTHER)|GO:0016042(PANTHER)|GO:0016298(InterPro)|GO:0016298(PANTHER)|GO:0017171(PANTHER); GO:0016298(InterPro)	enzyme; digestion	DIGESTION	Pancreatic lipase-related protein 3 OS=Eumeta variegata OX=151549 GN=PNLIPRP3 PE=3 SV=1
g4709.t1	152	87.089	KEEP	Strong arthropod homology with multiple qualifying hits and strong combined evidence.	732	tr|A0ABR3IL59|A0ABR3IL59_LOXSC	Loxostege sticticalis	481309	Eukaryota; Metazoa; Arthropoda; Insecta; Lepidoptera	80.893	93.0	0.0	1211.0	10	10	1.0	0.0	0.0	0.0	0.0	KEEP_ARTHROPOD	94.464	100.0	30.0	100.0	95.0	Prolyl oligopeptidase and macrocyclase	IPR051167; IPR029058; IPR002471; IPR002470; IPR001375; IPR004106; IPR023302	Prolyl oligopeptidase and macrocyclase; Alpha/Beta hydrolase fold; Peptidase S9, serine active site; Peptidase S9A, prolyl oligopeptidase; Peptidase S9, prolyl oligopeptidase, catalytic domain; Peptidase S9, N-terminal domain superfamily; Peptidase S9A, N-terminal domain	PF00326; Prolyl oligopeptidase family; PF02897; Prolyl oligopeptidase, N-terminal beta-propeller domain	PTHR42881; PROLYL ENDOPEPTIDASE	GO:0005829(PANTHER)|GO:0070012(PANTHER); GO:0004252(InterPro)|GO:0006508(InterPro); GO:0006508(InterPro)|GO:0008236(InterPro); GO:0004252(InterPro)	enzyme; digestion	DIGESTION	Prolyl endopeptidase OS=Loxostege sticticalis OX=481309 GN=ABMA27_006994 PE=3 SV=1
g1072.t1	153	87.089	KEEP	Strong arthropod homology with multiple qualifying hits and strong combined evidence.	138	tr|A0A9R0DAR5|A0A9R0DAR5_SPOFR	Eumeta variegata	151549	Eukaryota; Metazoa; Arthropoda; Insecta; Lepidoptera	82.812	93.0	1.62e-73	239.0	10	10	1.0	0.0	0.0	0.0	0.0	KEEP_ARTHROPOD	94.464	100.0	30.0	100.0	95.0	Ulp1 protease family, C-terminal catalytic domain	IPR003653; IPR038765	Ulp1 protease family, C-terminal catalytic domain; Papain-like cysteine peptidase superfamily	PF02902; Ulp1 protease family, C-terminal catalytic domain	PTHR12606; SENTRIN/SUMO-SPECIFIC PROTEASE	GO:0005634(PANTHER)|GO:0016926(PANTHER)|GO:0016929(PANTHER); GO:0006508(InterPro)|GO:0008234(InterPro)	enzyme; digestion	DIGESTION	Sentrin-specific protease 1 isoform X2 OS=Spodoptera frugiperda OX=7108 GN=LOC118273648 PE=3 SV=1
g4474.t1	154	87.089	KEEP	Strong arthropod homology with multiple qualifying hits and strong combined evidence.	290	tr|A0ABQ7R5Z7|A0ABQ7R5Z7_PLUXY	Plutella xylostella	51655	Eukaryota; Metazoa; Arthropoda; Insecta; Lepidoptera	90.37	93.0	0.0	541.0	10	10	1.0	0.0	0.0	0.0	0.0	KEEP_ARTHROPOD	94.464	100.0	30.0	100.0	95.0	Serine proteases, trypsin domain	IPR001254; IPR018114; IPR009003; IPR001314; IPR033116	Serine proteases, trypsin domain; Serine protease-like, trypsin family, histidine active site; Peptidase S1, PA clan; Peptidase S1A, chymotrypsin family; Serine proteases, trypsin family, serine active site	PF00089; Trypsin	PTHR24252; ACROSIN-RELATED	GO:0004252(InterPro)|GO:0006508(InterPro)	enzyme; digestion	DIGESTION	Peptidase S1 domain-containing protein OS=Plutella xylostella OX=51655 GN=JYU34_001101 PE=4 SV=1
g13651.t1	155	87.089	KEEP	Strong arthropod homology with multiple qualifying hits and strong combined evidence.	268	tr|A0A4C1XNW2|A0A4C1XNW2_EUMVA	Eumeta variegata	151549	Eukaryota; Metazoa; Arthropoda; Insecta; Lepidoptera	88.4	93.0	1.34e-156	452.0	10	10	1.0	0.0	0.0	0.0	0.0	KEEP_ARTHROPOD	94.464	100.0	30.0	100.0	95.0	Alpha/Beta hydrolase fold	IPR029058; IPR006693	Alpha/Beta hydrolase fold; Partial AB-hydrolase lipase domain	PF04083; Partial alpha/beta-hydrolase lipase region	PTHR11005; LYSOSOMAL ACID LIPASE-RELATED	GO:0006629(InterPro)	enzyme; digestion	DIGESTION	tr|A0A4C1XNW2|A0A4C1XNW2_EUMVA Lipase 1 OS=Eumeta variegata OX=151549 GN=Lip1 PE=3 SV=1
g13784.t1	156	87.089	KEEP	Strong arthropod homology with multiple qualifying hits and strong combined evidence.	258	tr|A0A4C1WEL4|A0A4C1WEL4_EUMVA	Eumeta variegata	151549	Eukaryota; Metazoa; Arthropoda; Insecta; Lepidoptera	87.083	93.0	1.03e-149	441.0	10	10	1.0	0.0	0.0	0.0	0.0	KEEP_ARTHROPOD	94.464	100.0	30.0	100.0	95.0	Serine proteases, trypsin family, serine active site	IPR033116; IPR018114; IPR001254; IPR001314; IPR009003	Serine proteases, trypsin family, serine active site; Serine protease-like, trypsin family, histidine active site; Serine proteases, trypsin domain; Peptidase S1A, chymotrypsin family; Peptidase S1, PA clan	PF00089; Trypsin	PTHR24276; POLYSERASE-RELATED	GO:0004252(InterPro)|GO:0006508(InterPro); GO:0004252(PANTHER)	enzyme; digestion	DIGESTION	tr|A0A4C1WEL4|A0A4C1WEL4_EUMVA trypsin OS=Eumeta variegata OX=151549 GN=EVAR_45636_1 PE=4 SV=1
g2098.t1	157	87.089	KEEP	Strong arthropod homology with multiple qualifying hits and strong combined evidence.	322	tr|A0A4C1X1A8|A0A4C1X1A8_EUMVA	Eumeta variegata	151549	Eukaryota; Metazoa; Arthropoda; Insecta; Lepidoptera	75.415	93.0	1.47e-175	496.0	10	10	1.0	0.0	0.0	0.0	0.0	KEEP_ARTHROPOD	94.464	100.0	30.0	100.0	95.0	Alpha/Beta hydrolase fold	IPR029058; IPR000734; IPR013818	Alpha/Beta hydrolase fold; Triacylglycerol lipase family; Lipase	PF00151; Lipase	PTHR11610; LIPASE	GO:0005615(PANTHER)|GO:0016042(PANTHER)|GO:0016298(InterPro)|GO:0016298(PANTHER)|GO:0017171(PANTHER); GO:0016298(InterPro)	enzyme; digestion	DIGESTION	Lipase member H OS=Eumeta variegata OX=151549 GN=Liph PE=3 SV=1
g682.t1	158	87.059	KEEP	Strong arthropod homology with multiple qualifying hits and strong combined evidence.	1342	tr|A0A4C1V799|A0A4C1V799_EUMVA	Eumeta variegata	151549	Eukaryota; Metazoa; Arthropoda; Insecta; Lepidoptera	92.027	100.0	0.0	2499.0	10	10	1.0	0.0	0.0	0.0	0.0	KEEP_ARTHROPOD	99.364	100.0	30.0	100.0	85.0	Leucine-rich repeat domain superfamily	IPR032675; IPR001611; IPR000372; IPR035897; IPR050541; IPR003591	Leucine-rich repeat domain superfamily; Leucine-rich repeat; Leucine-rich repeat N-terminal domain; Toll/interleukin-1 receptor homology (TIR) domain superfamily; Leucine-rich repeat and transmembrane domain-containing protein; Leucine-rich repeat, typical subtype	PF13855; Leucine rich repeat	PTHR24369; ANTIGEN BSP, PUTATIVE-RELATED	GO:0005515(InterPro); GO:0005886(PANTHER)	receptor; membrane	SIGNALING	Toll-like receptor 6 OS=Eumeta variegata OX=151549 GN=Toll-6 PE=4 SV=1
g15833.t1	159	87.059	KEEP	Strong arthropod homology with multiple qualifying hits and strong combined evidence.	605	tr|A0A4C1X464|A0A4C1X464_EUMVA	Eumeta variegata	151549	Eukaryota; Metazoa; Arthropoda; Insecta; Lepidoptera	83.967	100.0	0.0	1037.0	10	10	1.0	0.0	0.0	0.0	0.0	KEEP_ARTHROPOD	99.364	100.0	30.0	100.0	85.0	Toll/interleukin-1 receptor homology (TIR) domain	IPR000157; IPR003591; IPR032675; IPR001611; IPR035897	Toll/interleukin-1 receptor homology (TIR) domain; Leucine-rich repeat, typical subtype; Leucine-rich repeat domain superfamily; Leucine-rich repeat; Toll/interleukin-1 receptor homology (TIR) domain superfamily	PF13855; Leucine rich repeat; PF01582; TIR domain	PTHR24365; TOLL-LIKE RECEPTOR	GO:0007165(InterPro); GO:0005515(InterPro); GO:0005886(PANTHER)|GO:0006954(PANTHER)|GO:0007165(PANTHER)|GO:0038023(PANTHER)	receptor	SIGNALING	tr|A0A4C1X464|A0A4C1X464_EUMVA Toll-like receptor 6 OS=Eumeta variegata OX=151549 GN=TLR6 PE=3 SV=1
g17685.t1	160	87.059	KEEP	Strong arthropod homology with multiple qualifying hits and strong combined evidence.	440	tr|A0A8B8IDH2|A0A8B8IDH2_VANTA	Vanessa tameamea	334116	Eukaryota; Metazoa; Arthropoda; Insecta; Lepidoptera	78.636	100.0	0.0	725.0	10	10	1.0	0.0	0.0	0.0	0.0	KEEP_ARTHROPOD	99.364	100.0	30.0	100.0	85.0	G-protein coupled receptor Dmsr-1	IPR053219; IPR019427; IPR000276; IPR017452	G-protein coupled receptor Dmsr-1; 7TM GPCR, serpentine receptor class w (Srw); G protein-coupled receptor, rhodopsin-like; GPCR, rhodopsin-like, 7TM	PF10324; Serpentine type 7TM GPCR chemoreceptor Srw	PTHR46273; MYOSUPPRESSIN RECEPTOR 1, ISOFORM B-RELATED	GO:0005886(PANTHER)|GO:0007186(PANTHER)|GO:0008528(PANTHER); GO:0008528(InterPro); GO:0004930(InterPro)|GO:0007186(InterPro)|GO:0016020(InterPro); GO:0016020(InterPro)	receptor	SIGNALING	tr|A0A8B8IDH2|A0A8B8IDH2_VANTA G-protein coupled receptor dmsr-1-like OS=Vanessa tameamea OX=334116 GN=LOC113399412 PE=3 SV=2
g134.t1	161	87.059	KEEP	Strong arthropod homology with multiple qualifying hits and strong combined evidence.	360	tr|A0A4C1T096|A0A4C1T096_EUMVA	Eumeta variegata	151549	Eukaryota; Metazoa; Arthropoda; Insecta; Lepidoptera	84.722	100.0	0.0	655.0	10	10	1.0	0.0	0.0	0.0	0.0	KEEP_ARTHROPOD	99.364	100.0	30.0	100.0	85.0	Protein kinase domain	IPR000719; IPR008271; IPR000961; IPR011009; IPR017441	Protein kinase domain; Serine/threonine-protein kinase, active site; AGC-kinase, C-terminal; Protein kinase-like domain superfamily; Protein kinase, ATP binding site	PF00069; Protein kinase domain	PTHR24353; CYCLIC NUCLEOTIDE-DEPENDENT PROTEIN KINASE	GO:0005524(InterPro)|GO:0006468(InterPro); GO:0004672(InterPro)|GO:0006468(InterPro); GO:0004674(InterPro)|GO:0005524(InterPro)|GO:0006468(InterPro); GO:0004691(PANTHER)|GO:0005634(PANTHER)|GO:0005829(PANTHER)|GO:0005952(PANTHER); GO:0005524(InterPro)	enzyme	SIGNALING	cAMP-dependent protein kinase catalytic subunit beta OS=Eumeta variegata OX=151549 GN=PRKACB PE=3 SV=1
g14772.t1	162	87.059	KEEP	Strong arthropod homology with multiple qualifying hits and strong combined evidence.	452	tr|A0A4C1TZM6|A0A4C1TZM6_EUMVA	Eumeta variegata	151549	Eukaryota; Metazoa; Arthropoda; Insecta; Lepidoptera	98.23	100.0	0.0	927.0	10	10	1.0	0.0	0.0	0.0	0.0	KEEP_ARTHROPOD	99.364	100.0	30.0	100.0	85.0	Ankyrin repeat	IPR002110; IPR001245; IPR011009; IPR051681; IPR036770; IPR000719	Ankyrin repeat; Serine-threonine/tyrosine-protein kinase, catalytic domain; Protein kinase-like domain superfamily; Serine/Threonine Kinases and Pseudokinases; Ankyrin repeat-containing domain superfamily; Protein kinase domain	PF07714; Protein tyrosine and serine/threonine kinase; PF13637; Ankyrin repeats (many copies); PF00023; Ankyrin repeat	PTHR44329; SERINE/THREONINE-PROTEIN KINASE TNNI3K-RELATED	GO:0005515(InterPro); GO:0004672(InterPro)|GO:0006468(InterPro); GO:0001725(PANTHER)|GO:0004674(PANTHER)|GO:0005925(PANTHER)|GO:0007160(PANTHER)|GO:0007229(PANTHER)|GO:0034446(PANTHER); GO:0005524(InterPro)|GO:0006468(InterPro)	enzyme	SIGNALING	tr|A0A4C1TZM6|A0A4C1TZM6_EUMVA Integrin-linked protein kinase homolog pat-4 OS=Eumeta variegata OX=151549 GN=pat-4 PE=3 SV=1
g18902.t1	163	87.059	KEEP	Strong arthropod homology with multiple qualifying hits and strong combined evidence.	472	tr|A0A4C1TSJ9|A0A4C1TSJ9_EUMVA	Eumeta variegata	151549	Eukaryota; Metazoa; Arthropoda; Insecta; Lepidoptera	76.72	100.0	0.0	868.0	10	10	1.0	0.0	0.0	0.0	0.0	KEEP_ARTHROPOD	99.364	100.0	30.0	100.0	85.0	G protein-coupled receptor, rhodopsin-like	IPR000276; IPR017452	G protein-coupled receptor, rhodopsin-like; GPCR, rhodopsin-like, 7TM	PF00001; 7 transmembrane receptor (rhodopsin family)	PTHR24248; ADRENERGIC RECEPTOR-RELATED G-PROTEIN COUPLED RECEPTOR	GO:0004930(InterPro)|GO:0007186(InterPro)|GO:0016020(InterPro); GO:0016020(InterPro); GO:0004930(PANTHER)|GO:0005886(PANTHER)|GO:0043410(PANTHER)|GO:0071880(PANTHER)	receptor; membrane	SIGNALING	tr|A0A4C1TSJ9|A0A4C1TSJ9_EUMVA Octopamine receptor OS=Eumeta variegata OX=151549 GN=EVAR_101997_1 PE=3 SV=1
g2620.t1	164	87.059	KEEP	Strong arthropod homology with multiple qualifying hits and strong combined evidence.	398	tr|A0A4C1T7G6|A0A4C1T7G6_EUMVA	Eumeta variegata	151549	Eukaryota; Metazoa; Arthropoda; Insecta; Lepidoptera	97.99	100.0	0.0	818.0	10	10	1.0	0.0	0.0	0.0	0.0	KEEP_ARTHROPOD	99.364	100.0	30.0	100.0	85.0	Protein kinase, ATP binding site	IPR017441; IPR000719; IPR050108; IPR008271; IPR011009	Protein kinase, ATP binding site; Protein kinase domain; Cyclin-dependent kinase; Serine/threonine-protein kinase, active site; Protein kinase-like domain superfamily	PF00069; Protein kinase domain	PTHR24056; CELL DIVISION PROTEIN KINASE	GO:0005524(InterPro); GO:0005524(InterPro)|GO:0006468(InterPro); GO:0004674(PANTHER)|GO:0004693(PANTHER)|GO:0005634(PANTHER)|GO:0006468(PANTHER)|GO:0008353(PANTHER); GO:0004672(InterPro)|GO:0006468(InterPro)	enzyme	SIGNALING	Cyclin-dependent kinase 9 OS=Eumeta variegata OX=151549 GN=CDK9 PE=3 SV=1
g14934.t1	165	87.059	KEEP	Strong arthropod homology with multiple qualifying hits and strong combined evidence.	386	tr|A0A0L7LBW4|A0A0L7LBW4_OPEBR	Operophtera brumata	104452	Eukaryota; Metazoa; Arthropoda; Insecta; Lepidoptera	95.337	100.0	0.0	767.0	10	10	1.0	0.0	0.0	0.0	0.0	KEEP_ARTHROPOD	99.364	100.0	30.0	100.0	85.0	AdipoR/Haemolysin-III-related	IPR004254	AdipoR/Haemolysin-III-related	PF03006; Haemolysin-III related	PTHR20855; ADIPOR/PROGESTIN RECEPTOR-RELATED	GO:0016020(InterPro); GO:0005886(PANTHER)|GO:0016020(InterPro)|GO:0033211(PANTHER)|GO:0038023(PANTHER)	receptor	SIGNALING	tr|A0A0L7LBW4|A0A0L7LBW4_OPEBR ADIPOR-like receptor OS=Operophtera brumata OX=104452 GN=OBRU01_11935 PE=3 SV=1
g14038.t1	166	87.059	KEEP	Strong arthropod homology with multiple qualifying hits and strong combined evidence.	1016	tr|A0A4C1ULZ8|A0A4C1ULZ8_EUMVA	Eumeta variegata	151549	Eukaryota; Metazoa; Arthropoda; Insecta; Lepidoptera	91.205	100.0	0.0	1811.0	10	10	1.0	0.0	0.0	0.0	0.0	KEEP_ARTHROPOD	99.364	100.0	30.0	100.0	85.0	Protein kinase domain	IPR000719; IPR017441; IPR051234; IPR011009	Protein kinase domain; Protein kinase, ATP binding site; TAO Serine/Threonine-Protein Kinase; Protein kinase-like domain superfamily	PF00069; Protein kinase domain	PTHR47167; SERINE/THREONINE-PROTEIN KINASE TAO1-LIKE PROTEIN	GO:0005524(InterPro)|GO:0006468(InterPro); GO:0005524(InterPro); GO:0004674(PANTHER)|GO:0005737(PANTHER)|GO:0006468(PANTHER)	enzyme	SIGNALING	tr|A0A4C1ULZ8|A0A4C1ULZ8_EUMVA non-specific serine/threonine protein kinase OS=Eumeta variegata OX=151549 GN=EVAR_11235_1 PE=3 SV=1
g6111.t1	167	87.059	KEEP	Strong arthropod homology with multiple qualifying hits and strong combined evidence.	402	tr|A0A8S1BC59|A0A8S1BC59_ARCPL	Arctia plantaginis	874455	Eukaryota; Metazoa; Arthropoda; Insecta; Lepidoptera	94.059	100.0	0.0	785.0	10	10	1.0	0.0	0.0	0.0	0.0	KEEP_ARTHROPOD	99.364	100.0	30.0	100.0	85.0	Protein kinase-like domain superfamily	IPR011009; IPR000719; IPR008271; IPR017441; IPR044093; IPR050108	Protein kinase-like domain superfamily; Protein kinase domain; Serine/threonine-protein kinase, active site; Protein kinase, ATP binding site; Cyclin-dependent kinase 10, catalytic domain; Cyclin-dependent kinase	PF00069; Protein kinase domain	PTHR24056; CELL DIVISION PROTEIN KINASE	GO:0005524(InterPro)|GO:0006468(InterPro); GO:0004672(InterPro)|GO:0006468(InterPro); GO:0005524(InterPro); GO:0004693(InterPro)|GO:0006468(InterPro)|GO:0007346(InterPro); GO:0004674(PANTHER)|GO:0005634(PANTHER)|GO:0006468(PANTHER)|GO:0007346(PANTHER)	enzyme	SIGNALING	Protein kinase domain-containing protein OS=Arctia plantaginis OX=874455 GN=APLA_LOCUS15444 PE=3 SV=1
g15018.t1	168	87.059	KEEP	Strong arthropod homology with multiple qualifying hits and strong combined evidence.	164	tr|A0A9P0BWL2|A0A9P0BWL2_CHRIL	Chrysodeixis includens	689277	Eukaryota; Metazoa; Arthropoda; Insecta; Lepidoptera	95.122	100.0	4.99e-112	333.0	10	10	1.0	0.0	0.0	0.0	0.0	KEEP_ARTHROPOD	99.364	100.0	30.0	100.0	85.0	GPCR, rhodopsin-like, 7TM	IPR017452; IPR000276	GPCR, rhodopsin-like, 7TM; G protein-coupled receptor, rhodopsin-like	PF00001; 7 transmembrane receptor (rhodopsin family)	PTHR24248; ADRENERGIC RECEPTOR-RELATED G-PROTEIN COUPLED RECEPTOR	GO:0016020(InterPro); GO:0004930(InterPro)|GO:0007186(InterPro)|GO:0016020(InterPro); GO:0004930(PANTHER)|GO:0004989(PANTHER)|GO:0005886(PANTHER)|GO:0043410(PANTHER)|GO:0071880(PANTHER)	receptor; membrane	SIGNALING	tr|A0A9P0BWL2|A0A9P0BWL2_CHRIL G-protein coupled receptors family 1 profile domain-containing protein OS=Chrysodeixis includens OX=689277 GN=CINC_LOCUS7836 PE=3 SV=1
g10033.t1	169	87.059	KEEP	Strong arthropod homology with multiple qualifying hits and strong combined evidence.	435	tr|A0A6J3C1Z7|A0A6J3C1Z7_GALME	Galleria mellonella	7137	Eukaryota; Metazoa; Arthropoda; Insecta; Lepidoptera	75.688	100.0	0.0	676.0	10	10	1.0	0.0	0.0	0.0	0.0	KEEP_ARTHROPOD	99.364	100.0	30.0	100.0	85.0	G protein-coupled receptor, rhodopsin-like	IPR000276; IPR017452; IPR053219; IPR019427	G protein-coupled receptor, rhodopsin-like; GPCR, rhodopsin-like, 7TM; G-protein coupled receptor Dmsr-1; 7TM GPCR, serpentine receptor class w (Srw)	PF10324; Serpentine type 7TM GPCR chemoreceptor Srw	PTHR46273; MYOSUPPRESSIN RECEPTOR 1, ISOFORM B-RELATED	GO:0004930(InterPro)|GO:0007186(InterPro)|GO:0016020(InterPro); GO:0016020(InterPro); GO:0005886(PANTHER)|GO:0007186(PANTHER)|GO:0008528(PANTHER); GO:0008528(InterPro)	receptor	SIGNALING	G-protein coupled receptor dmsr-1 OS=Galleria mellonella OX=7137 GN=LOC113521699 PE=3 SV=1
g19298.t1	170	87.059	KEEP	Strong arthropod homology with multiple qualifying hits and strong combined evidence.	1044	tr|A0A4C1W0S5|A0A4C1W0S5_EUMVA	Eumeta variegata	151549	Eukaryota; Metazoa; Arthropoda; Insecta; Lepidoptera	97.893	100.0	0.0	2111.0	10	10	1.0	0.0	0.0	0.0	0.0	KEEP_ARTHROPOD	99.364	100.0	30.0	100.0	85.0	UBA-like superfamily	IPR009060; IPR011009; IPR049761; IPR008271; IPR000961; IPR050236; IPR017441; IPR000719; IPR015940	UBA-like superfamily; Protein kinase-like domain superfamily; Serine/threonine-protein kinase , Mob-binding domain; Serine/threonine-protein kinase, active site; AGC-kinase, C-terminal; Serine/threonine-protein kinases, AGC; Protein kinase, ATP binding site; Protein kinase domain; Ubiquitin-associated domain	PF00069; Protein kinase domain	PTHR24356; SERINE/THREONINE-PROTEIN KINASE	GO:0005515(InterPro); GO:0004672(InterPro)|GO:0006468(InterPro); GO:0004674(InterPro)|GO:0005524(InterPro)|GO:0006468(InterPro); GO:0000082(PANTHER)|GO:0004674(PANTHER)|GO:0018105(PANTHER)|GO:0035329(PANTHER)|GO:0035556(PANTHER)|GO:0043065(PANTHER)|GO:0046620(PANTHER); GO:0005524(InterPro); GO:0005524(InterPro)|GO:0006468(InterPro)	enzyme	SIGNALING	tr|A0A4C1W0S5|A0A4C1W0S5_EUMVA non-specific serine/threonine protein kinase OS=Eumeta variegata OX=151549 GN=EVAR_24813_1 PE=3 SV=1
g16412.t1	171	87.059	KEEP	Strong arthropod homology with multiple qualifying hits and strong combined evidence.	388	tr|A0A8S3W6T4|A0A8S3W6T4_PARAO	Parnassius apollo	110799	Eukaryota; Metazoa; Arthropoda; Insecta; Lepidoptera	93.112	100.0	0.0	751.0	10	10	1.0	0.0	0.0	0.0	0.0	KEEP_ARTHROPOD	99.364	100.0	30.0	100.0	85.0	Protein kinase domain	IPR000719; IPR008271; IPR017441; IPR011009	Protein kinase domain; Serine/threonine-protein kinase, active site; Protein kinase, ATP binding site; Protein kinase-like domain superfamily	PF00069; Protein kinase domain	PTHR47448; DUAL SPECIFICITY MITOGEN-ACTIVATED PROTEIN KINASE KINASE DSOR1-LIKE PROTEIN	GO:0005524(InterPro)|GO:0006468(InterPro); GO:0004672(InterPro)|GO:0006468(InterPro); GO:0005524(InterPro)	enzyme	SIGNALING	tr|A0A8S3W6T4|A0A8S3W6T4_PARAO mitogen-activated protein kinase kinase OS=Parnassius apollo OX=110799 GN=PAPOLLO_LOCUS2756 PE=3 SV=1
g3804.t1	172	87.059	KEEP	Strong arthropod homology with multiple qualifying hits and strong combined evidence.	914	tr|A0A4C1WCW2|A0A4C1WCW2_EUMVA	Eumeta variegata	151549	Eukaryota; Metazoa; Arthropoda; Insecta; Lepidoptera	87.746	100.0	0.0	1647.0	10	10	1.0	0.0	0.0	0.0	0.0	KEEP_ARTHROPOD	99.364	100.0	30.0	100.0	85.0	Immunoglobulin-like domain	IPR007110; IPR001611; IPR050541; IPR032675; IPR003591; IPR003599; IPR036179; IPR013783; IPR003598	Immunoglobulin-like domain; Leucine-rich repeat; Leucine-rich repeat and transmembrane domain-containing protein; Leucine-rich repeat domain superfamily; Leucine-rich repeat, typical subtype; Immunoglobulin domain subtype; Immunoglobulin-like domain superfamily; Immunoglobulin-like fold; Immunoglobulin subtype 2	PF13855; Leucine rich repeat; PF13927; Immunoglobulin domain	PTHR24369; ANTIGEN BSP, PUTATIVE-RELATED	GO:0005515(InterPro); GO:0005886(PANTHER)	membrane	SIGNALING	Leucine-rich repeat and immunoglobulin-like domain-containing nogo receptor-interacting protein 2 OS=Eumeta variegata OX=151549 GN=Lingo2 PE=4 SV=1
g18082.t1	173	87.059	KEEP	Strong arthropod homology with multiple qualifying hits and strong combined evidence.	291	tr|A0A4C1ZY19|A0A4C1ZY19_EUMVA	Eumeta variegata	151549	Eukaryota; Metazoa; Arthropoda; Insecta; Lepidoptera	95.533	100.0	0.0	575.0	10	10	1.0	0.0	0.0	0.0	0.0	KEEP_ARTHROPOD	99.364	100.0	30.0	100.0	85.0	Diacylglycerol kinase, catalytic domain	IPR001206; IPR050187; IPR016064; IPR017438	Diacylglycerol kinase, catalytic domain; Lipid Phosphate Formation and Regulation; NAD kinase/diacylglycerol kinase-like domain superfamily; Inorganic polyphosphate/ATP-NAD kinase, N-terminal	PF00781; Diacylglycerol kinase catalytic domain	PTHR12358; SPHINGOSINE KINASE	GO:0016301(InterPro); GO:0001727(PANTHER)|GO:0005737(PANTHER)|GO:0006665(PANTHER)|GO:0016020(PANTHER)|GO:0016310(PANTHER)|GO:0017050(PANTHER)|GO:0043231(PANTHER)|GO:0046512(PANTHER)	enzyme	SIGNALING	tr|A0A4C1ZY19|A0A4C1ZY19_EUMVA Sphingosine kinase 2 OS=Eumeta variegata OX=151549 GN=Sphk2 PE=4 SV=1
g574.t1	174	87.059	KEEP	Strong arthropod homology with multiple qualifying hits and strong combined evidence.	461	tr|A0A4C1WHB2|A0A4C1WHB2_EUMVA	Eumeta variegata	151549	Eukaryota; Metazoa; Arthropoda; Insecta; Lepidoptera	91.974	100.0	0.0	892.0	10	10	1.0	0.0	0.0	0.0	0.0	KEEP_ARTHROPOD	99.364	100.0	30.0	100.0	85.0	ATPase, nucleotide binding domain	IPR043129; IPR018484	ATPase, nucleotide binding domain; Carbohydrate kinase FGGY, N-terminal	PF00370; FGGY family of carbohydrate kinases, N-terminal domain	PTHR10196; SUGAR KINASE	GO:0005975(InterPro)|GO:0016301(InterPro); GO:0005829(PANTHER)|GO:0006071(PANTHER)|GO:0016310(PANTHER)|GO:0050277(PANTHER)	enzyme	SIGNALING	Sedoheptulokinase OS=Eumeta variegata OX=151549 GN=SHPK PE=3 SV=1
g4453.t1	175	87.059	KEEP	Strong arthropod homology with multiple qualifying hits and strong combined evidence.	326	tr|A0A4C1VQX2|A0A4C1VQX2_EUMVA	Eumeta variegata	151549	Eukaryota; Metazoa; Arthropoda; Insecta; Lepidoptera	95.399	100.0	0.0	647.0	10	10	1.0	0.0	0.0	0.0	0.0	KEEP_ARTHROPOD	99.364	100.0	30.0	100.0	85.0	Protein kinase-like domain superfamily	IPR011009; IPR017441; IPR000719; IPR050108; IPR008271	Protein kinase-like domain superfamily; Protein kinase, ATP binding site; Protein kinase domain; Cyclin-dependent kinase; Serine/threonine-protein kinase, active site	PF00069; Protein kinase domain	PTHR24056; CELL DIVISION PROTEIN KINASE	GO:0005524(InterPro); GO:0005524(InterPro)|GO:0006468(InterPro); GO:0000082(PANTHER)|GO:0000307(PANTHER)|GO:0004674(PANTHER)|GO:0004693(PANTHER)|GO:0005634(PANTHER)|GO:0005737(PANTHER)|GO:0006468(PANTHER)|GO:0007165(PANTHER)|GO:0010033(PANTHER)|GO:0010389(PANTHER)|GO:0010468(PANTHER)|GO:0030332(PANTHER); GO:0004672(InterPro)|GO:0006468(InterPro)	enzyme	SIGNALING	cyclin-dependent kinase OS=Eumeta variegata OX=151549 GN=cdk4 PE=3 SV=1
g15847.t1	176	87.059	KEEP	Strong arthropod homology with multiple qualifying hits and strong combined evidence.	346	tr|A0A8S0YWJ2|A0A8S0YWJ2_ARCPL	Arctia plantaginis	874455	Eukaryota; Metazoa; Arthropoda; Insecta; Lepidoptera	93.983	100.0	0.0	678.0	10	10	1.0	0.0	0.0	0.0	0.0	KEEP_ARTHROPOD	99.364	100.0	30.0	100.0	85.0	Protein kinase, ATP binding site	IPR017441; IPR050235; IPR008271; IPR000719; IPR011009	Protein kinase, ATP binding site; Casein kinase 1/Serine/threonine-protein kinase-like; Serine/threonine-protein kinase, active site; Protein kinase domain; Protein kinase-like domain superfamily	PF00069; Protein kinase domain	PTHR11909; CASEIN KINASE-RELATED	GO:0005524(InterPro); GO:0004672(InterPro)|GO:0006468(InterPro); GO:0005524(InterPro)|GO:0006468(InterPro)	enzyme	SIGNALING	tr|A0A8S0YWJ2|A0A8S0YWJ2_ARCPL non-specific serine/threonine protein kinase OS=Arctia plantaginis OX=874455 GN=APLA_LOCUS14115 PE=3 SV=1
g2621.t1	177	87.059	KEEP	Strong arthropod homology with multiple qualifying hits and strong combined evidence.	399	tr|A0A4C1T7G6|A0A4C1T7G6_EUMVA	Eumeta variegata	151549	Eukaryota; Metazoa; Arthropoda; Insecta; Lepidoptera	97.494	100.0	0.0	813.0	10	10	1.0	0.0	0.0	0.0	0.0	KEEP_ARTHROPOD	99.364	100.0	30.0	100.0	85.0	Protein kinase, ATP binding site	IPR017441; IPR011009; IPR000719; IPR008271; IPR050108	Protein kinase, ATP binding site; Protein kinase-like domain superfamily; Protein kinase domain; Serine/threonine-protein kinase, active site; Cyclin-dependent kinase	PF00069; Protein kinase domain	PTHR24056; CELL DIVISION PROTEIN KINASE	GO:0005524(InterPro); GO:0005524(InterPro)|GO:0006468(InterPro); GO:0004672(InterPro)|GO:0006468(InterPro); GO:0004674(PANTHER)|GO:0004693(PANTHER)|GO:0005634(PANTHER)|GO:0006468(PANTHER)|GO:0008353(PANTHER)	enzyme	SIGNALING	Cyclin-dependent kinase 9 OS=Eumeta variegata OX=151549 GN=CDK9 PE=3 SV=1
g19654.t1	178	87.059	KEEP	Strong arthropod homology with multiple qualifying hits and strong combined evidence.	260	tr|A0A4C1Y749|A0A4C1Y749_EUMVA	Eumeta variegata	151549	Eukaryota; Metazoa; Arthropoda; Insecta; Lepidoptera	87.5	100.0	3.42e-164	464.0	10	10	1.0	0.0	0.0	0.0	0.0	KEEP_ARTHROPOD	99.364	100.0	30.0	100.0	85.0	Nuclear receptor-binding factor 2	IPR039679; IPR033393	Nuclear receptor-binding factor 2; Nuclear receptor-binding factor 2, MIT domain	PF17169; MIT domain of nuclear receptor-binding factor 2	PTHR14964; NUCLEAR RECEPTOR BINDING FACTOR 2	GO:0006914(InterPro)|GO:0006914(PANTHER)	receptor	SIGNALING	tr|A0A4C1Y749|A0A4C1Y749_EUMVA Nuclear receptor-binding factor 2 OS=Eumeta variegata OX=151549 GN=Nrbf2 PE=4 SV=1
g16649.t1	179	87.059	KEEP	Strong arthropod homology with multiple qualifying hits and strong combined evidence.	606	tr|A0A4C1YPD4|A0A4C1YPD4_EUMVA	Eumeta variegata	151549	Eukaryota; Metazoa; Arthropoda; Insecta; Lepidoptera	91.749	100.0	0.0	1123.0	10	10	1.0	0.0	0.0	0.0	0.0	KEEP_ARTHROPOD	99.364	100.0	30.0	100.0	85.0	Tudor domain	IPR002999; IPR047368; IPR035437; IPR036612; IPR004087; IPR047367; IPR050621; IPR004088	Tudor domain; A-kinase anchor protein 1, type I K homology domain; SNase-like, OB-fold superfamily; K Homology domain, type 1 superfamily; K Homology domain; A-kinase anchor protein 1, Tudor domain; Tudor domain-containing; K Homology domain, type 1	PF00567; Tudor domain; PF00013; KH domain	PTHR22948; TUDOR DOMAIN CONTAINING PROTEIN	GO:0003723(InterPro); GO:0003676(InterPro)	enzyme	SIGNALING	tr|A0A4C1YPD4|A0A4C1YPD4_EUMVA A-kinase anchor protein 1, mitochondrial OS=Eumeta variegata OX=151549 GN=Akap1 PE=4 SV=1
g16105.t1	180	87.059	KEEP	Strong arthropod homology with multiple qualifying hits and strong combined evidence.	437	tr|A0A4C1U1Q9|A0A4C1U1Q9_EUMVA	Eumeta variegata	151549	Eukaryota; Metazoa; Arthropoda; Insecta; Lepidoptera	97.494	100.0	0.0	883.0	10	10	1.0	0.0	0.0	0.0	0.0	KEEP_ARTHROPOD	99.364	100.0	30.0	100.0	85.0	GPCR, rhodopsin-like, 7TM	IPR017452; IPR000276; IPR000611	GPCR, rhodopsin-like, 7TM; G protein-coupled receptor, rhodopsin-like; Neuropeptide Y receptor family	PF00001; 7 transmembrane receptor (rhodopsin family)	PTHR24235; NEUROPEPTIDE Y RECEPTOR	GO:0016020(InterPro); GO:0004930(InterPro)|GO:0007186(InterPro)|GO:0016020(InterPro); GO:0004983(InterPro)|GO:0007186(InterPro)|GO:0016020(InterPro); GO:0005886(PANTHER)|GO:0007186(PANTHER)|GO:0008188(PANTHER)|GO:0042923(PANTHER)|GO:0043005(PANTHER)	receptor; membrane	SIGNALING	tr|A0A4C1U1Q9|A0A4C1U1Q9_EUMVA Neuropeptide Y receptor type 2 OS=Eumeta variegata OX=151549 GN=Npy2r PE=3 SV=1
g5994.t1	181	87.059	KEEP	Strong arthropod homology with multiple qualifying hits and strong combined evidence.	457	tr|A0A4C1ZNV9|A0A4C1ZNV9_EUMVA	Eumeta variegata	151549	Eukaryota; Metazoa; Arthropoda; Insecta; Lepidoptera	99.132	100.0	0.0	959.0	10	10	1.0	0.0	0.0	0.0	0.0	KEEP_ARTHROPOD	99.364	100.0	30.0	100.0	85.0	Protein kinase domain	IPR000719; IPR008271; IPR050108; IPR011009; IPR017441	Protein kinase domain; Serine/threonine-protein kinase, active site; Cyclin-dependent kinase; Protein kinase-like domain superfamily; Protein kinase, ATP binding site	PF00069; Protein kinase domain	PTHR24056; CELL DIVISION PROTEIN KINASE	GO:0005524(InterPro)|GO:0006468(InterPro); GO:0004672(InterPro)|GO:0006468(InterPro); GO:0004674(PANTHER)|GO:0005634(PANTHER)|GO:0006468(PANTHER); GO:0005524(InterPro)	enzyme	SIGNALING	Cyclin-dependent kinase 8 OS=Eumeta variegata OX=151549 GN=Cdk8 PE=3 SV=1
g437.t1	182	87.059	KEEP	Strong arthropod homology with multiple qualifying hits and strong combined evidence.	406	tr|A0A4C1XYA4|A0A4C1XYA4_EUMVA	Eumeta variegata	151549	Eukaryota; Metazoa; Arthropoda; Insecta; Lepidoptera	96.798	100.0	0.0	818.0	10	10	1.0	0.0	0.0	0.0	0.0	KEEP_ARTHROPOD	99.364	100.0	30.0	100.0	85.0	G protein-coupled receptor, rhodopsin-like	IPR000276; IPR017452	G protein-coupled receptor, rhodopsin-like; GPCR, rhodopsin-like, 7TM	PF00001; 7 transmembrane receptor (rhodopsin family)	PTHR24248; ADRENERGIC RECEPTOR-RELATED G-PROTEIN COUPLED RECEPTOR	GO:0004930(InterPro)|GO:0007186(InterPro)|GO:0016020(InterPro); GO:0016020(InterPro); GO:0004930(PANTHER)|GO:0005886(PANTHER)|GO:0043410(PANTHER)|GO:0071880(PANTHER)	receptor; membrane	SIGNALING	Dopamine receptor 2 OS=Eumeta variegata OX=151549 GN=Dop1R2 PE=3 SV=1
g14542.t1	183	87.059	KEEP	Strong arthropod homology with multiple qualifying hits and strong combined evidence.	309	tr|A0ACC1DBZ9|A0ACC1DBZ9_9NEOP	Mythimna separata	271217	Eukaryota; Metazoa; Arthropoda; Insecta; Lepidoptera	76.038	100.0	1.06e-142	447.0	10	10	1.0	0.0	0.0	0.0	0.0	KEEP_ARTHROPOD	99.364	100.0	30.0	100.0	85.0	Sterile alpha motif/pointed domain superfamily	IPR013761; IPR001660; IPR037607	Sterile alpha motif/pointed domain superfamily; Sterile alpha motif domain; Diacylglycerol kinase	PF07647; SAM domain (Sterile alpha motif)	PTHR11255; DIACYLGLYCEROL KINASE	GO:0005515(InterPro); GO:0004143(PANTHER)|GO:0004143(InterPro)|GO:0005886(PANTHER)|GO:0007165(InterPro)|GO:0016020(PANTHER)	enzyme	SIGNALING	tr|A0ACC1DBZ9|A0ACC1DBZ9_9NEOP Diacylglycerol kinase OS=Dendrolimus kikuchii OX=765133 GN=K1T71_003543 PE=3 SV=1
g4994.t1	184	87.059	KEEP	Strong arthropod homology with multiple qualifying hits and strong combined evidence.	153	tr|A0A4C1VV52|A0A4C1VV52_EUMVA	Eumeta variegata	151549	Eukaryota; Metazoa; Arthropoda; Insecta; Lepidoptera	97.386	100.0	3.86e-109	315.0	10	10	1.0	0.0	0.0	0.0	0.0	KEEP_ARTHROPOD	99.364	100.0	30.0	100.0	85.0	Nucleoside diphosphate kinase-like domain	IPR034907; IPR036850; IPR023005; IPR001564	Nucleoside diphosphate kinase-like domain; Nucleoside diphosphate kinase-like domain superfamily; Nucleoside diphosphate kinase, active site; Nucleoside diphosphate kinase	PF00334; Nucleoside diphosphate kinase	PTHR11349; NUCLEOSIDE DIPHOSPHATE KINASE	GO:0004550(InterPro)|GO:0006183(InterPro)|GO:0006228(InterPro)|GO:0006241(InterPro)	enzyme	SIGNALING	Nucleoside diphosphate kinase OS=Eumeta variegata OX=151549 GN=awd PE=3 SV=1
g2254.t1	185	87.059	KEEP	Strong arthropod homology with multiple qualifying hits and strong combined evidence.	735	tr|A0A8B8IFU0|A0A8B8IFU0_VANTA	Vanessa tameamea	334116	Eukaryota; Metazoa; Arthropoda; Insecta; Lepidoptera	72.289	100.0	0.0	1099.0	10	10	1.0	0.0	0.0	0.0	0.0	KEEP_ARTHROPOD	99.364	100.0	30.0	100.0	85.0	Cyclic nucleotide-binding domain superfamily	IPR018490; IPR000961; IPR014710; IPR000595; IPR002374; IPR011009; IPR000719; IPR008271; IPR035014; IPR018488	Cyclic nucleotide-binding domain superfamily; AGC-kinase, C-terminal; RmlC-like jelly roll fold; Cyclic nucleotide-binding domain; cGMP-dependent kinase; Protein kinase-like domain superfamily; Protein kinase domain; Serine/threonine-protein kinase, active site; cGMP-dependent protein kinase, catalytic domain; Cyclic nucleotide-binding, conserved site	PF00069; Protein kinase domain; PF00027; Cyclic nucleotide-binding domain	PTHR24353; CYCLIC NUCLEOTIDE-DEPENDENT PROTEIN KINASE	GO:0004674(InterPro)|GO:0005524(InterPro)|GO:0006468(InterPro); GO:0004692(InterPro)|GO:0005524(InterPro); GO:0005524(InterPro)|GO:0006468(InterPro); GO:0004672(InterPro)|GO:0006468(InterPro); GO:0004692(InterPro)	enzyme	SIGNALING	cGMP-dependent protein kinase OS=Vanessa tameamea OX=334116 GN=LOC113400029 PE=3 SV=2
g18715.t1	186	87.059	KEEP	Strong arthropod homology with multiple qualifying hits and strong combined evidence.	403	tr|A0A8J2R737|A0A8J2R737_9NEOP	Danaus chrysippus	151541	Eukaryota; Metazoa; Arthropoda; Insecta; Lepidoptera	86.265	100.0	0.0	735.0	10	10	1.0	0.0	0.0	0.0	0.0	KEEP_ARTHROPOD	99.364	100.0	30.0	100.0	85.0	Protein kinase domain	IPR000719; IPR017441; IPR008271; IPR011009	Protein kinase domain; Protein kinase, ATP binding site; Serine/threonine-protein kinase, active site; Protein kinase-like domain superfamily	PF00069; Protein kinase domain	PTHR48013; DUAL SPECIFICITY MITOGEN-ACTIVATED PROTEIN KINASE KINASE 5-RELATED	GO:0005524(InterPro)|GO:0006468(InterPro); GO:0005524(InterPro); GO:0000165(PANTHER)|GO:0004708(PANTHER)|GO:0008545(PANTHER); GO:0004672(InterPro)|GO:0006468(InterPro)	enzyme	SIGNALING	tr|A0A8J2R737|A0A8J2R737_9NEOP mitogen-activated protein kinase kinase OS=Danaus chrysippus OX=151541 GN=DCHRY22_LOCUS15196 PE=3 SV=1
g2388.t1	187	87.059	KEEP	Strong arthropod homology with multiple qualifying hits and strong combined evidence.	463	tr|A0A922CM72|A0A922CM72_MANSE	Manduca sexta	7130	Eukaryota; Metazoa; Arthropoda; Insecta; Lepidoptera	93.534	100.0	0.0	848.0	10	10	1.0	0.0	0.0	0.0	0.0	KEEP_ARTHROPOD	99.364	100.0	30.0	100.0	85.0	Nicotinic acetylcholine receptor	IPR002394; IPR036719; IPR006201; IPR018000; IPR036734; IPR038050; IPR006202; IPR006029	Nicotinic acetylcholine receptor; Neurotransmitter-gated ion-channel transmembrane domain superfamily; Neurotransmitter-gated ion-channel; Neurotransmitter-gated ion-channel, conserved site; Neurotransmitter-gated ion-channel ligand-binding domain superfamily; Neuronal acetylcholine receptor; Neurotransmitter-gated ion-channel ligand-binding domain; Neurotransmitter-gated ion-channel transmembrane domain	PF02931; Neurotransmitter-gated ion-channel ligand binding domain; PF02932; Neurotransmitter-gated ion-channel transmembrane region	PTHR18945; NEUROTRANSMITTER GATED ION CHANNEL	GO:0005216(InterPro)|GO:0006811(InterPro)|GO:0016020(InterPro)|GO:0022848(InterPro)|GO:0045211(InterPro); GO:0006811(InterPro)|GO:0016020(InterPro); GO:0004888(InterPro)|GO:0005216(InterPro)|GO:0016020(InterPro)|GO:0034220(InterPro); GO:0005230(InterPro)|GO:0006811(InterPro)|GO:0016020(InterPro)	receptor; transporter; membrane	SIGNALING	Nicotinic acetylcholine receptor alpha 1 subunit OS=Manduca sexta OX=7130 GN=O3G_MSEX006921 PE=3 SV=1
g58.t1	188	87.059	KEEP	Strong arthropod homology with multiple qualifying hits and strong combined evidence.	211	tr|A0ACC1D6W8|A0ACC1D6W8_9NEOP	Dendrolimus kikuchii	765133	Eukaryota; Metazoa; Arthropoda; Insecta; Lepidoptera	83.886	100.0	3.42e-117	348.0	10	10	1.0	0.0	0.0	0.0	0.0	KEEP_ARTHROPOD	99.364	100.0	30.0	100.0	85.0	G protein-coupled receptor, rhodopsin-like	IPR000276; IPR017452	G protein-coupled receptor, rhodopsin-like; GPCR, rhodopsin-like, 7TM	PF00001; 7 transmembrane receptor (rhodopsin family)	PTHR45695; LEUCOKININ RECEPTOR-RELATED	GO:0004930(InterPro)|GO:0007186(InterPro)|GO:0016020(InterPro); GO:0016020(InterPro); GO:0004930(PANTHER)|GO:0005886(PANTHER)|GO:0007186(PANTHER)	receptor; membrane	SIGNALING	G-protein coupled receptors family 1 profile domain-containing protein OS=Dendrolimus kikuchii OX=765133 GN=K1T71_004245 PE=3 SV=1
g3371.t1	189	87.059	KEEP	Strong arthropod homology with multiple qualifying hits and strong combined evidence.	431	tr|A0A4C1Y3H0|A0A4C1Y3H0_EUMVA	Eumeta variegata	151549	Eukaryota; Metazoa; Arthropoda; Insecta; Lepidoptera	90.719	100.0	0.0	786.0	10	10	1.0	0.0	0.0	0.0	0.0	KEEP_ARTHROPOD	99.364	100.0	30.0	100.0	85.0	GPCR, rhodopsin-like, 7TM	IPR017452; IPR050569; IPR000276	GPCR, rhodopsin-like, 7TM; Trace Amine-Associated Receptor; G protein-coupled receptor, rhodopsin-like	PF00001; 7 transmembrane receptor (rhodopsin family)	PTHR24249; HISTAMINE RECEPTOR-RELATED G-PROTEIN COUPLED RECEPTOR	GO:0016020(InterPro); GO:0004930(InterPro)|GO:0007186(InterPro)|GO:0016020(InterPro)	receptor; membrane	SIGNALING	Histamine H2 receptor OS=Eumeta variegata OX=151549 GN=Hrh2 PE=3 SV=1
g14144.t1	190	87.059	KEEP	Strong arthropod homology with multiple qualifying hits and strong combined evidence.	457	tr|A0A4C1YXF2|A0A4C1YXF2_EUMVA	Eumeta variegata	151549	Eukaryota; Metazoa; Arthropoda; Insecta; Lepidoptera	97.374	100.0	0.0	912.0	10	10	1.0	0.0	0.0	0.0	0.0	KEEP_ARTHROPOD	99.364	100.0	30.0	100.0	85.0	Protein kinase domain	IPR000719; IPR000961; IPR017892; IPR011009; IPR016238; IPR008271; IPR017441	Protein kinase domain; AGC-kinase, C-terminal; Protein kinase, C-terminal; Protein kinase-like domain superfamily; Ribosomal protein S6 kinase; Serine/threonine-protein kinase, active site; Protein kinase, ATP binding site	PF00433; Protein kinase C terminal domain; PF00069; Protein kinase domain	PTHR24351; RIBOSOMAL PROTEIN S6 KINASE	GO:0005524(InterPro)|GO:0006468(InterPro); GO:0004674(InterPro)|GO:0005524(InterPro)|GO:0006468(InterPro); GO:0004674(InterPro)|GO:0006468(InterPro)|GO:0007165(InterPro); GO:0004672(InterPro)|GO:0006468(InterPro); GO:0005524(InterPro)	enzyme	SIGNALING	tr|A0A4C1YXF2|A0A4C1YXF2_EUMVA Ribosomal protein S6 kinase OS=Eumeta variegata OX=151549 GN=EVAR_25087_1 PE=3 SV=1
g13916.t1	191	87.059	KEEP	Strong arthropod homology with multiple qualifying hits and strong combined evidence.	376	tr|A0AAU9V429|A0AAU9V429_EUPED	Euphydryas editha	104508	Eukaryota; Metazoa; Arthropoda; Insecta; Lepidoptera	94.149	100.0	0.0	735.0	10	10	1.0	0.0	0.0	0.0	0.0	KEEP_ARTHROPOD	99.364	100.0	30.0	100.0	85.0	Ribose-phosphate pyrophosphokinase, N-terminal domain	IPR029099; IPR029057; IPR005946; IPR000836	Ribose-phosphate pyrophosphokinase, N-terminal domain; Phosphoribosyltransferase-like; Ribose-phosphate pyrophosphokinase; Phosphoribosyltransferase domain	PF13793; N-terminal domain of ribose phosphate pyrophosphokinase; PF14572; Phosphoribosyl synthetase-associated domain	PTHR10210; RIBOSE-PHOSPHATE DIPHOSPHOKINASE FAMILY MEMBER	GO:0000287(InterPro)|GO:0009165(InterPro); GO:0000287(InterPro)|GO:0002189(PANTHER)|GO:0004749(PANTHER)|GO:0005524(PANTHER)|GO:0005737(PANTHER)|GO:0006015(PANTHER)|GO:0006164(PANTHER)|GO:0009165(InterPro)	enzyme	SIGNALING	tr|A0AAU9V429|A0AAU9V429_EUPED Ribose-phosphate pyrophosphokinase N-terminal domain-containing protein OS=Euphydryas editha OX=104508 GN=EEDITHA_LOCUS20667 PE=3 SV=1
g4089.t1	192	87.059	KEEP	Strong arthropod homology with multiple qualifying hits and strong combined evidence.	461	tr|A0A4C1WHB2|A0A4C1WHB2_EUMVA	Eumeta variegata	151549	Eukaryota; Metazoa; Arthropoda; Insecta; Lepidoptera	91.757	100.0	0.0	890.0	10	10	1.0	0.0	0.0	0.0	0.0	KEEP_ARTHROPOD	99.364	100.0	30.0	100.0	85.0	Carbohydrate kinase FGGY, N-terminal	IPR018484; IPR043129	Carbohydrate kinase FGGY, N-terminal; ATPase, nucleotide binding domain	PF00370; FGGY family of carbohydrate kinases, N-terminal domain	PTHR10196; SUGAR KINASE	GO:0005829(PANTHER)|GO:0006071(PANTHER)|GO:0016310(PANTHER)|GO:0050277(PANTHER); GO:0005975(InterPro)|GO:0016301(InterPro)	enzyme	SIGNALING	Sedoheptulokinase OS=Eumeta variegata OX=151549 GN=SHPK PE=3 SV=1
g3830.t1	193	87.059	KEEP	Strong arthropod homology with multiple qualifying hits and strong combined evidence.	91	tr|A0A4C1W290|A0A4C1W290_EUMVA	Eumeta variegata	151549	Eukaryota; Metazoa; Arthropoda; Insecta; Lepidoptera	93.407	100.0	1.22e-56	177.0	10	10	1.0	0.0	0.0	0.0	0.0	KEEP_ARTHROPOD	99.364	100.0	30.0	100.0	85.0	Cyclin-dependent kinase, regulatory subunit superfamily	IPR036858; IPR000789	Cyclin-dependent kinase, regulatory subunit superfamily; Cyclin-dependent kinase, regulatory subunit	PF01111; Cyclin-dependent kinase regulatory subunit	PTHR23415; CYCLIN-DEPENDENT KINASES REGULATORY SUBUNIT/60S RIBOSOME SUBUNIT BIOGENESIS PROTEIN NIP7	GO:0016538(InterPro)	enzyme	SIGNALING	Cyclin-dependent kinases regulatory subunit OS=Eumeta variegata OX=151549 GN=EVAR_31619_1 PE=3 SV=1
g4415.t1	194	87.059	KEEP	Strong arthropod homology with multiple qualifying hits and strong combined evidence.	665	tr|A0A8R2QWC8|A0A8R2QWC8_BOMMO	Bombyx mori	7091	Eukaryota; Metazoa; Arthropoda; Insecta; Lepidoptera	72.941	100.0	0.0	1000.0	10	10	1.0	0.0	0.0	0.0	0.0	KEEP_ARTHROPOD	99.364	100.0	30.0	100.0	85.0	Serine/threonine-protein kinase, active site	IPR008271; IPR000719; IPR011009; IPR050236; IPR000961	Serine/threonine-protein kinase, active site; Protein kinase domain; Protein kinase-like domain superfamily; Serine/threonine-protein kinases, AGC; AGC-kinase, C-terminal	PF00069; Protein kinase domain	PTHR24356; SERINE/THREONINE-PROTEIN KINASE	GO:0004672(InterPro)|GO:0006468(InterPro); GO:0005524(InterPro)|GO:0006468(InterPro); GO:0004674(PANTHER)|GO:0005634(PANTHER)|GO:0018105(PANTHER)|GO:0035556(PANTHER); GO:0004674(InterPro)|GO:0005524(InterPro)|GO:0006468(InterPro)	enzyme	SIGNALING	Serine/threonine-protein kinase greatwall OS=Bombyx mori OX=7091 PE=3 SV=1
g16962.t1	195	87.059	KEEP	Strong arthropod homology with multiple qualifying hits and strong combined evidence.	914	tr|A0A4C1VVS5|A0A4C1VVS5_EUMVA	Eumeta variegata	151549	Eukaryota; Metazoa; Arthropoda; Insecta; Lepidoptera	85.054	100.0	0.0	1607.0	10	10	1.0	0.0	0.0	0.0	0.0	KEEP_ARTHROPOD	99.364	100.0	30.0	100.0	85.0	Tyrosine-protein kinase, active site	IPR008266; IPR001245; IPR055175; IPR020635; IPR001452; IPR036028; IPR049587; IPR000719; IPR017441; IPR011009; IPR050198	Tyrosine-protein kinase, active site; Serine-threonine/tyrosine-protein kinase, catalytic domain; ACK/TNK-like, SAM domain; Tyrosine-protein kinase, catalytic domain; SH3 domain; SH3-like domain superfamily; TNK(ACK)-like non-receptor tyrosine-protein kinases, SAM domain; Protein kinase domain; Protein kinase, ATP binding site; Protein kinase-like domain superfamily; Non-receptor tyrosine kinases involved in cell signaling	PF22931; SAM domain-like; PF00018; SH3 domain; PF07714; Protein tyrosine and serine/threonine kinase	PTHR24418; TYROSINE-PROTEIN KINASE	GO:0004672(InterPro)|GO:0006468(InterPro); GO:0004713(InterPro)|GO:0006468(InterPro); GO:0005515(InterPro); GO:0005524(InterPro)|GO:0006468(InterPro); GO:0005524(InterPro)	enzyme; receptor; signal	SIGNALING	tr|A0A4C1VVS5|A0A4C1VVS5_EUMVA non-specific protein-tyrosine kinase OS=Eumeta variegata OX=151549 GN=Tnk2 PE=4 SV=1
g14047.t2	196	87.059	KEEP	Strong arthropod homology with multiple qualifying hits and strong combined evidence.	375	tr|A0A9P0FST1|A0A9P0FST1_CHRIL	Chrysodeixis includens	689277	Eukaryota; Metazoa; Arthropoda; Insecta; Lepidoptera	96.032	100.0	0.0	762.0	10	10	1.0	0.0	0.0	0.0	0.0	KEEP_ARTHROPOD	99.364	100.0	30.0	100.0	85.0	Protein kinase-like domain superfamily	IPR011009; IPR000719; IPR050839; IPR017892; IPR008271; IPR000961; IPR017441	Protein kinase-like domain superfamily; Protein kinase domain; Rho-associated Serine/Threonine Kinase; Protein kinase, C-terminal; Serine/threonine-protein kinase, active site; AGC-kinase, C-terminal; Protein kinase, ATP binding site	PF00433; Protein kinase C terminal domain; PF00069; Protein kinase domain	PTHR22988; MYOTONIC DYSTROPHY S/T KINASE-RELATED	GO:0005524(InterPro)|GO:0006468(InterPro); GO:0004674(InterPro)|GO:0005524(InterPro)|GO:0006468(InterPro); GO:0004672(InterPro)|GO:0006468(InterPro); GO:0005524(InterPro)	enzyme	SIGNALING	tr|A0A9P0FST1|A0A9P0FST1_CHRIL non-specific serine/threonine protein kinase OS=Chrysodeixis includens OX=689277 GN=CINC_LOCUS655 PE=3 SV=1
g18362.t1	197	87.059	KEEP	Strong arthropod homology with multiple qualifying hits and strong combined evidence.	458	tr|A0A194RAE5|A0A194RAE5_PAPMA	Papilio machaon	76193	Eukaryota; Metazoa; Arthropoda; Insecta; Lepidoptera	70.624	100.0	0.0	731.0	10	10	1.0	0.0	0.0	0.0	0.0	KEEP_ARTHROPOD	99.364	100.0	30.0	100.0	85.0	Serine/threonine-protein kinase Rio2	IPR030484; IPR018935; IPR018934; IPR036390; IPR000687; IPR011009; IPR015285; IPR036388	Serine/threonine-protein kinase Rio2; RIO kinase, conserved site; RIO-type domain; Winged helix DNA-binding domain superfamily; RIO kinase; Protein kinase-like domain superfamily; RIO2 kinase winged helix domain, N-terminal; Winged helix-like DNA-binding domain superfamily	PF01163; RIO domain; PF09202; Rio2, N-terminal	PTHR45852; SER/THR-PROTEIN KINASE RIO2	GO:0004672(InterPro); GO:0004674(InterPro)|GO:0005524(InterPro); GO:0003824(InterPro)|GO:0005524(InterPro); GO:0004672(PANTHER)|GO:0005634(PANTHER)|GO:0005829(PANTHER)|GO:0030490(PANTHER)|GO:0030688(PANTHER); GO:0004674(InterPro)|GO:0005524(InterPro)|GO:0006468(InterPro)	enzyme; transcription_factor	SIGNALING	tr|A0A194RAE5|A0A194RAE5_PAPMA Serine/threonine-protein kinase RIO2 OS=Papilio machaon OX=76193 GN=RR48_13545 PE=3 SV=1
g15582.t1	198	87.059	KEEP	Strong arthropod homology with multiple qualifying hits and strong combined evidence.	245	tr|A0A4C1Z8W3|A0A4C1Z8W3_EUMVA	Eumeta variegata	151549	Eukaryota; Metazoa; Arthropoda; Insecta; Lepidoptera	92.607	100.0	2.75e-171	481.0	10	10	1.0	0.0	0.0	0.0	0.0	KEEP_ARTHROPOD	99.364	100.0	30.0	100.0	85.0	G protein-coupled receptor, rhodopsin-like	IPR000276; IPR000995; IPR017452	G protein-coupled receptor, rhodopsin-like; Muscarinic acetylcholine receptor family; GPCR, rhodopsin-like, 7TM	PF00001; 7 transmembrane receptor (rhodopsin family)	PTHR24247; 5-HYDROXYTRYPTAMINE RECEPTOR	GO:0004930(InterPro)|GO:0007186(InterPro)|GO:0016020(InterPro); GO:0004993(PANTHER)|GO:0005886(PANTHER)|GO:0007187(PANTHER)|GO:0007197(PANTHER)|GO:0007268(PANTHER)|GO:0016907(PANTHER)|GO:0030425(PANTHER)|GO:0030594(PANTHER)|GO:0045202(PANTHER); GO:0005886(InterPro)|GO:0007186(InterPro)|GO:0016907(InterPro); GO:0016020(InterPro)	receptor; membrane	SIGNALING	tr|A0A4C1Z8W3|A0A4C1Z8W3_EUMVA Muscarinic acetylcholine receptor DM1 OS=Eumeta variegata OX=151549 GN=mAChR-A PE=3 SV=1
g18138.t1	199	87.059	KEEP	Strong arthropod homology with multiple qualifying hits and strong combined evidence.	153	tr|A0A4C1T1J0|A0A4C1T1J0_EUMVA	Eumeta variegata	151549	Eukaryota; Metazoa; Arthropoda; Insecta; Lepidoptera	79.355	100.0	1.34e-80	244.0	10	10	1.0	0.0	0.0	0.0	0.0	KEEP_ARTHROPOD	99.364	100.0	30.0	100.0	85.0	GPCR, rhodopsin-like, 7TM	IPR017452; IPR053219; IPR019427	GPCR, rhodopsin-like, 7TM; G-protein coupled receptor Dmsr-1; 7TM GPCR, serpentine receptor class w (Srw)	PF10324; Serpentine type 7TM GPCR chemoreceptor Srw	PTHR46273; MYOSUPPRESSIN RECEPTOR 1, ISOFORM B-RELATED	GO:0016020(InterPro); GO:0005886(PANTHER)|GO:0007186(PANTHER)|GO:0008528(PANTHER); GO:0008528(InterPro)	receptor	SIGNALING	tr|A0A4C1T1J0|A0A4C1T1J0_EUMVA G-protein coupled receptors family 1 profile domain-containing protein OS=Eumeta variegata OX=151549 GN=EVAR_78119_1 PE=4 SV=1
g533.t1	200	87.059	KEEP	Strong arthropod homology with multiple qualifying hits and strong combined evidence.	568	tr|A0ABQ7PT96|A0ABQ7PT96_PLUXY	Plutella xylostella	51655	Eukaryota; Metazoa; Arthropoda; Insecta; Lepidoptera	81.898	100.0	0.0	946.0	10	10	1.0	0.0	0.0	0.0	0.0	KEEP_ARTHROPOD	99.364	100.0	30.0	100.0	85.0	Protein kinase domain	IPR000719; IPR008271; IPR011009; IPR011993; IPR017441; IPR039046; IPR033931; IPR050236	Protein kinase domain; Serine/threonine-protein kinase, active site; Protein kinase-like domain superfamily; PH-like domain superfamily; Protein kinase, ATP binding site; PDPK1 family; PDK1-type, PH domain; Serine/threonine-protein kinases, AGC	PF00069; Protein kinase domain; PF14593; PH domain	PTHR24356; SERINE/THREONINE-PROTEIN KINASE	GO:0005524(InterPro)|GO:0006468(InterPro); GO:0004672(InterPro)|GO:0006468(InterPro); GO:0005524(InterPro); GO:0004674(InterPro); GO:0004674(PANTHER)|GO:0018105(PANTHER)|GO:0035556(PANTHER)	enzyme	SIGNALING	3-phosphoinositide-dependent protein kinase 1 OS=Plutella xylostella OX=51655 GN=JYU34_021216 PE=3 SV=1
g3929.t1	201	87.059	KEEP	Strong arthropod homology with multiple qualifying hits and strong combined evidence.	666	tr|A0AAV1JRI2|A0AAV1JRI2_9NEOP	Leptosia nina	320188	Eukaryota; Metazoa; Arthropoda; Insecta; Lepidoptera	77.015	100.0	0.0	1063.0	10	10	1.0	0.0	0.0	0.0	0.0	KEEP_ARTHROPOD	99.364	100.0	30.0	100.0	85.0	SH3 domain	IPR001452; IPR050198; IPR017441; IPR000980; IPR011993; IPR036860; IPR001245; IPR001849; IPR001562; IPR000719; IPR011009; IPR036028; IPR008266; IPR020635	SH3 domain; Non-receptor tyrosine kinases involved in cell signaling; Protein kinase, ATP binding site; SH2 domain; PH-like domain superfamily; SH2 domain superfamily; Serine-threonine/tyrosine-protein kinase, catalytic domain; Pleckstrin homology domain; Zinc finger, Btk motif; Protein kinase domain; Protein kinase-like domain superfamily; SH3-like domain superfamily; Tyrosine-protein kinase, active site; Tyrosine-protein kinase, catalytic domain	PF00169; PH domain; PF00017; SH2 domain; PF07714; Protein tyrosine and serine/threonine kinase; PF00779; BTK motif; PF00018; SH3 domain	PTHR24418; TYROSINE-PROTEIN KINASE	GO:0005515(InterPro); GO:0005524(InterPro); GO:0004672(InterPro)|GO:0006468(InterPro); GO:0035556(InterPro); GO:0005524(InterPro)|GO:0006468(InterPro); GO:0004713(InterPro)|GO:0006468(InterPro)	enzyme; transcription_factor; receptor; signal	SIGNALING	Tyrosine-protein kinase OS=Leptosia nina OX=320188 GN=LNINA_LOCUS10966 PE=3 SV=1
g152.t1	202	87.059	KEEP	Strong arthropod homology with multiple qualifying hits and strong combined evidence.	256	tr|A0A4C1VEI9|A0A4C1VEI9_EUMVA	Eumeta variegata	151549	Eukaryota; Metazoa; Arthropoda; Insecta; Lepidoptera	96.484	100.0	0.0	509.0	10	10	1.0	0.0	0.0	0.0	0.0	KEEP_ARTHROPOD	99.364	100.0	30.0	100.0	85.0	G-protein coupled receptor Dmsr-1	IPR053219; IPR017452; IPR019427; IPR000276	G-protein coupled receptor Dmsr-1; GPCR, rhodopsin-like, 7TM; 7TM GPCR, serpentine receptor class w (Srw); G protein-coupled receptor, rhodopsin-like	PF10324; Serpentine type 7TM GPCR chemoreceptor Srw	PTHR46273; MYOSUPPRESSIN RECEPTOR 1, ISOFORM B-RELATED	GO:0005886(PANTHER)|GO:0007186(PANTHER)|GO:0008528(PANTHER); GO:0016020(InterPro); GO:0008528(InterPro); GO:0004930(InterPro)|GO:0007186(InterPro)|GO:0016020(InterPro)	receptor	SIGNALING	Sex peptide receptor OS=Eumeta variegata OX=151549 GN=SPR PE=3 SV=1
g17487.t1	203	87.059	KEEP	Strong arthropod homology with multiple qualifying hits and strong combined evidence.	608	tr|A0AAV1K4L3|A0AAV1K4L3_9NEOP	Leptosia nina	320188	Eukaryota; Metazoa; Arthropoda; Insecta; Lepidoptera	75.49	100.0	0.0	933.0	10	10	1.0	0.0	0.0	0.0	0.0	KEEP_ARTHROPOD	99.364	100.0	30.0	100.0	85.0	G protein-coupled receptor, rhodopsin-like	IPR000276; IPR017452	G protein-coupled receptor, rhodopsin-like; GPCR, rhodopsin-like, 7TM	PF00001; 7 transmembrane receptor (rhodopsin family)	PTHR24230; G-PROTEIN COUPLED RECEPTOR	GO:0004930(InterPro)|GO:0007186(InterPro)|GO:0016020(InterPro); GO:0016020(InterPro); GO:0005886(PANTHER)|GO:0007218(PANTHER)|GO:0008528(PANTHER)|GO:0035237(PANTHER)	receptor; membrane	SIGNALING	tr|A0AAV1K4L3|A0AAV1K4L3_9NEOP G-protein coupled receptors family 1 profile domain-containing protein OS=Leptosia nina OX=320188 GN=LNINA_LOCUS14192 PE=3 SV=1
g19565.t1	204	87.059	KEEP	Strong arthropod homology with multiple qualifying hits and strong combined evidence.	139	tr|A0A4C1ZVV3|A0A4C1ZVV3_EUMVA	Eumeta variegata	151549	Eukaryota; Metazoa; Arthropoda; Insecta; Lepidoptera	97.842	100.0	2.91e-94	285.0	10	10	1.0	0.0	0.0	0.0	0.0	KEEP_ARTHROPOD	99.364	100.0	30.0	100.0	85.0	P-loop containing nucleoside triphosphate hydrolase	IPR027417; IPR000850	P-loop containing nucleoside triphosphate hydrolase; Adenylate kinase/UMP-CMP kinase	PF00406; Adenylate kinase	PTHR23359; NUCLEOTIDE KINASE	GO:0005524(InterPro)|GO:0006139(InterPro)|GO:0019205(InterPro)	enzyme	SIGNALING	tr|A0A4C1ZVV3|A0A4C1ZVV3_EUMVA Adenylate kinase isoenzyme 1 OS=Eumeta variegata OX=151549 GN=ak1 PE=3 SV=1
g17673.t3	205	87.059	KEEP	Strong arthropod homology with multiple qualifying hits and strong combined evidence.	803	tr|A0ABR3IMR7|A0ABR3IMR7_LOXSC	Loxostege sticticalis	481309	Eukaryota; Metazoa; Arthropoda; Insecta; Lepidoptera	79.229	100.0	0.0	1277.0	10	10	1.0	0.0	0.0	0.0	0.0	KEEP_ARTHROPOD	99.364	100.0	30.0	100.0	85.0	Catalytically Inactive Kinase-Related Protein	IPR051177; IPR011009; IPR000719; IPR016024; IPR011989	Catalytically Inactive Kinase-Related Protein; Protein kinase-like domain superfamily; Protein kinase domain; Armadillo-type fold; Armadillo-like helical	PF00069; Protein kinase domain	PTHR12984; SCY1-RELATED S/T PROTEIN KINASE-LIKE	GO:0005524(InterPro)|GO:0006468(InterPro)	enzyme	SIGNALING	tr|A0ABR3IMR7|A0ABR3IMR7_LOXSC Protein kinase domain-containing protein OS=Loxostege sticticalis OX=481309 GN=ABMA27_000265 PE=3 SV=1
g13280.t1	206	87.059	KEEP	Strong arthropod homology with multiple qualifying hits and strong combined evidence.	435	tr|A0A4C1U1L9|A0A4C1U1L9_EUMVA	Eumeta variegata	151549	Eukaryota; Metazoa; Arthropoda; Insecta; Lepidoptera	91.972	100.0	0.0	835.0	10	10	1.0	0.0	0.0	0.0	0.0	KEEP_ARTHROPOD	99.364	100.0	30.0	100.0	85.0	G protein-coupled receptor, rhodopsin-like	IPR000276; IPR017452; IPR000611	G protein-coupled receptor, rhodopsin-like; GPCR, rhodopsin-like, 7TM; Neuropeptide Y receptor family	PF00001; 7 transmembrane receptor (rhodopsin family)	PTHR24235; NEUROPEPTIDE Y RECEPTOR	GO:0005886(PANTHER)|GO:0007186(PANTHER)|GO:0008188(PANTHER)|GO:0042923(PANTHER)|GO:0043005(PANTHER); GO:0004930(InterPro)|GO:0007186(InterPro)|GO:0016020(InterPro); GO:0016020(InterPro); GO:0004983(InterPro)|GO:0007186(InterPro)|GO:0016020(InterPro)	receptor; membrane	SIGNALING	tr|A0A4C1U1L9|A0A4C1U1L9_EUMVA Neuropeptide Y receptor type 2 OS=Eumeta variegata OX=151549 GN=NPY2R PE=3 SV=1
g3620.t1	207	87.059	KEEP	Strong arthropod homology with multiple qualifying hits and strong combined evidence.	926	tr|A0ACC1D697|A0ACC1D697_9NEOP	Dendrolimus kikuchii	765133	Eukaryota; Metazoa; Arthropoda; Insecta; Lepidoptera	83.699	100.0	0.0	1606.0	10	10	1.0	0.0	0.0	0.0	0.0	KEEP_ARTHROPOD	99.364	100.0	30.0	100.0	85.0	Ankyrin repeat	IPR002110; IPR036770; IPR001206; IPR037607; IPR016064; IPR000756; IPR017438; IPR056383	Ankyrin repeat; Ankyrin repeat-containing domain superfamily; Diacylglycerol kinase, catalytic domain; Diacylglycerol kinase; NAD kinase/diacylglycerol kinase-like domain superfamily; Diacylglycerol kinase, accessory domain; Inorganic polyphosphate/ATP-NAD kinase, N-terminal; Diacylglycerol kinase iota-like domain	PF12796; Ankyrin repeats (3 copies); PF00609; Diacylglycerol kinase accessory domain; PF00781; Diacylglycerol kinase catalytic domain; PF23578; Diacylglycerol kinase iota-like domain	PTHR11255; DIACYLGLYCEROL KINASE	GO:0005515(InterPro); GO:0016301(InterPro); GO:0004143(InterPro)|GO:0004143(PANTHER)|GO:0005886(PANTHER)|GO:0007165(InterPro)|GO:0016020(PANTHER); GO:0004143(InterPro)|GO:0007200(InterPro)	enzyme	SIGNALING	Diacylglycerol kinase OS=Dendrolimus kikuchii OX=765133 GN=K1T71_005108 PE=3 SV=1
g17956.t1	208	87.059	KEEP	Strong arthropod homology with multiple qualifying hits and strong combined evidence.	197	tr|A0A4C1WA67|A0A4C1WA67_EUMVA	Eumeta variegata	151549	Eukaryota; Metazoa; Arthropoda; Insecta; Lepidoptera	90.355	100.0	6.87e-128	367.0	10	10	1.0	0.0	0.0	0.0	0.0	KEEP_ARTHROPOD	99.364	100.0	30.0	100.0	85.0	Cytochrome b5-like heme/steroid binding domain superfamily	IPR036400; IPR001199; IPR050577	Cytochrome b5-like heme/steroid binding domain superfamily; Cytochrome b5-like heme/steroid binding domain; MAPR/Neuferricin/Neudesin-like	PF00173; Cytochrome b5-like Heme/Steroid binding domain	PTHR10281; MEMBRANE-ASSOCIATED PROGESTERONE RECEPTOR COMPONENT-RELATED	GO:0005783(PANTHER)|GO:0012505(PANTHER)|GO:0016020(PANTHER)	receptor	SIGNALING	tr|A0A4C1WA67|A0A4C1WA67_EUMVA Membrane-associated progesterone receptor component 2 OS=Eumeta variegata OX=151549 GN=Pgrmc2 PE=3 SV=1
g7405.t1	209	87.059	KEEP	Strong arthropod homology with multiple qualifying hits and strong combined evidence.	652	tr|A0A4C1VZW1|A0A4C1VZW1_EUMVA	Eumeta variegata	151549	Eukaryota; Metazoa; Arthropoda; Insecta; Lepidoptera	86.412	100.0	0.0	1095.0	10	10	1.0	0.0	0.0	0.0	0.0	KEEP_ARTHROPOD	99.364	100.0	30.0	100.0	85.0	GPS motif	IPR000203; IPR017981; IPR053066; IPR000832; IPR046338; IPR057244	GPS motif; GPCR, family 2-like, 7TM; Adhesion G-protein coupled receptor G7; GPCR, family 2, secretin-like; GAIN domain superfamily; GAIN, subdomain B	PF01825; GPCR proteolysis site, GPS, motif; PF00002; 7 transmembrane receptor (Secretin family)	PTHR47767; ADHESION G PROTEIN-COUPLED RECEPTOR G7	GO:0004888(InterPro)|GO:0007166(InterPro)|GO:0016020(InterPro); GO:0004930(InterPro)|GO:0007186(InterPro)|GO:0016020(InterPro)	receptor; membrane	SIGNALING	Adhesion G-protein coupled receptor G4 OS=Eumeta variegata OX=151549 GN=Adgrg4 PE=4 SV=1
g18260.t1	210	87.059	KEEP	Strong arthropod homology with multiple qualifying hits and strong combined evidence.	748	tr|A0A4C1XRM5|A0A4C1XRM5_EUMVA	Eumeta variegata	151549	Eukaryota; Metazoa; Arthropoda; Insecta; Lepidoptera	90.642	100.0	0.0	1400.0	10	10	1.0	0.0	0.0	0.0	0.0	KEEP_ARTHROPOD	99.364	100.0	30.0	100.0	85.0	Ankyrin repeat	IPR002110; IPR036770; IPR052076; IPR005821	Ankyrin repeat; Ankyrin repeat-containing domain superfamily; Transient receptor potential cation channel; Ion transport domain	PF12796; Ankyrin repeats (3 copies); PF00520; Ion transport protein	PTHR47143; TRANSIENT RECEPTOR POTENTIAL CATION CHANNEL PROTEIN PAINLESS	GO:0005515(InterPro); GO:0022857(PANTHER)|GO:0034220(PANTHER)|GO:1902495(PANTHER); GO:0005216(InterPro)|GO:0006811(InterPro)|GO:0016020(InterPro)|GO:0055085(InterPro)	receptor; transporter	SIGNALING	tr|A0A4C1XRM5|A0A4C1XRM5_EUMVA Transient receptor potential channel pyrexia OS=Eumeta variegata OX=151549 GN=pyx PE=4 SV=1
g16698.t1	211	87.059	KEEP	Strong arthropod homology with multiple qualifying hits and strong combined evidence.	153	tr|A0A4C1USA2|A0A4C1USA2_EUMVA	Eumeta variegata	151549	Eukaryota; Metazoa; Arthropoda; Insecta; Lepidoptera	98.039	100.0	3.09e-105	306.0	10	10	1.0	0.0	0.0	0.0	0.0	KEEP_ARTHROPOD	99.364	100.0	30.0	100.0	85.0	Protein import receptor MAS20, metazoan	IPR022422; IPR023392; IPR002056	Protein import receptor MAS20, metazoan; Mitochondrial outer membrane translocase complex, Tom20 domain superfamily; Protein import receptor MAS20	PF02064; MAS20 protein import receptor	PTHR12430; MITOCHONDRIAL IMPORT RECEPTOR SUBUNIT TOM20	GO:0005742(InterPro)|GO:0006605(InterPro)|GO:0006886(InterPro); GO:0005742(InterPro)|GO:0006886(InterPro)|GO:0030150(InterPro); GO:0005742(InterPro)|GO:0005742(PANTHER)|GO:0006886(InterPro)|GO:0008320(PANTHER)|GO:0016031(PANTHER)|GO:0030150(PANTHER)|GO:0030150(InterPro)|GO:0030943(PANTHER)	receptor	SIGNALING	tr|A0A4C1USA2|A0A4C1USA2_EUMVA Mitochondrial import receptor subunit TOM20 homolog OS=Eumeta variegata OX=151549 GN=Tomm20 PE=3 SV=1
g12548.t1	212	87.059	KEEP	Strong arthropod homology with multiple qualifying hits and strong combined evidence.	329	tr|A0A4C1TWW8|A0A4C1TWW8_EUMVA	Eumeta variegata	151549	Eukaryota; Metazoa; Arthropoda; Insecta; Lepidoptera	94.529	100.0	0.0	634.0	10	10	1.0	0.0	0.0	0.0	0.0	KEEP_ARTHROPOD	99.364	100.0	30.0	100.0	85.0	Ion transport domain	IPR005821; IPR024862	Ion transport domain; Transient receptor potential cation channel subfamily V	PF00520; Ion transport protein	PTHR10582; TRANSIENT RECEPTOR POTENTIAL ION CHANNEL PROTEIN	GO:0005216(InterPro)|GO:0006811(InterPro)|GO:0016020(InterPro)|GO:0055085(InterPro); GO:0005216(InterPro)|GO:0005216(PANTHER)|GO:0005262(PANTHER)|GO:0005886(PANTHER)|GO:0006811(InterPro)|GO:0016020(InterPro)|GO:0098703(PANTHER)	receptor; transporter	SIGNALING	Transient receptor potential cation channel subfamily V member 6 OS=Eumeta variegata OX=151549 GN=Trpv6 PE=4 SV=1
g3355.t1	213	87.059	KEEP	Strong arthropod homology with multiple qualifying hits and strong combined evidence.	1279	tr|A0A4C1TN56|A0A4C1TN56_EUMVA	Eumeta variegata	151549	Eukaryota; Metazoa; Arthropoda; Insecta; Lepidoptera	98.28	100.0	0.0	2588.0	10	10	1.0	0.0	0.0	0.0	0.0	KEEP_ARTHROPOD	99.364	100.0	30.0	100.0	85.0	Leucine-rich repeat	IPR001611; IPR000157; IPR050541; IPR003591; IPR000372; IPR032675; IPR035897	Leucine-rich repeat; Toll/interleukin-1 receptor homology (TIR) domain; Leucine-rich repeat and transmembrane domain-containing protein; Leucine-rich repeat, typical subtype; Leucine-rich repeat N-terminal domain; Leucine-rich repeat domain superfamily; Toll/interleukin-1 receptor homology (TIR) domain superfamily	PF13855; Leucine rich repeat; PF00560; Leucine Rich Repeat; PF01582; TIR domain	PTHR24369; ANTIGEN BSP, PUTATIVE-RELATED	GO:0005515(InterPro); GO:0007165(InterPro); GO:0005886(PANTHER)	receptor; membrane	SIGNALING	Toll-like receptor 6 OS=Eumeta variegata OX=151549 GN=Toll-6 PE=3 SV=1
g15407.t1	214	87.059	KEEP	Strong arthropod homology with multiple qualifying hits and strong combined evidence.	550	tr|A0A4C1UVC1|A0A4C1UVC1_EUMVA	Eumeta variegata	151549	Eukaryota; Metazoa; Arthropoda; Insecta; Lepidoptera	90.545	100.0	0.0	1013.0	10	10	1.0	0.0	0.0	0.0	0.0	KEEP_ARTHROPOD	99.364	100.0	30.0	100.0	85.0	Carbohydrate kinase FGGY, N-terminal	IPR018484; IPR005999; IPR018485; IPR018483; IPR043129; IPR000577; IPR042018	Carbohydrate kinase FGGY, N-terminal; Glycerol kinase; Carbohydrate kinase FGGY, C-terminal; Carbohydrate kinase, FGGY, conserved site; ATPase, nucleotide binding domain; Carbohydrate kinase, FGGY; Glycerol kinase, metazoan-type	PF00370; FGGY family of carbohydrate kinases, N-terminal domain; PF02782; FGGY family of carbohydrate kinases, C-terminal domain	PTHR10196; SUGAR KINASE	GO:0005975(InterPro)|GO:0016301(InterPro); GO:0004370(InterPro)|GO:0006072(InterPro); GO:0005975(InterPro)|GO:0016773(InterPro); GO:0005739(PANTHER)	enzyme	SIGNALING	tr|A0A4C1UVC1|A0A4C1UVC1_EUMVA Probable glycerol kinase OS=Eumeta variegata OX=151549 GN=GK3P PE=3 SV=1
g2759.t1	215	87.059	KEEP	Strong arthropod homology with multiple qualifying hits and strong combined evidence.	419	tr|A0A4C1TAI3|A0A4C1TAI3_EUMVA	Eumeta variegata	151549	Eukaryota; Metazoa; Arthropoda; Insecta; Lepidoptera	78.723	100.0	0.0	636.0	10	10	1.0	0.0	0.0	0.0	0.0	KEEP_ARTHROPOD	99.364	100.0	30.0	100.0	85.0	Protein kinase domain	IPR000719; IPR011009; IPR036181; IPR007330; IPR008271; IPR017441; IPR045269	Protein kinase domain; Protein kinase-like domain superfamily; MIT domain superfamily; MIT domain; Serine/threonine-protein kinase, active site; Protein kinase, ATP binding site; Serine/threonine-protein kinase Atg1-like	PF00069; Protein kinase domain; PF04212; MIT (microtubule interacting and transport) domain	PTHR24348; SERINE/THREONINE-PROTEIN KINASE UNC-51-RELATED	GO:0005524(InterPro)|GO:0006468(InterPro); GO:0004672(InterPro)|GO:0006468(InterPro); GO:0005524(InterPro); GO:0000045(PANTHER)|GO:0000407(PANTHER)|GO:0000422(PANTHER)|GO:0004674(PANTHER)|GO:0004674(InterPro)|GO:0005737(PANTHER)|GO:0005776(PANTHER)|GO:0005829(PANTHER)|GO:0010506(PANTHER)|GO:0016020(PANTHER)|GO:0018105(PANTHER)|GO:0034045(PANTHER)|GO:0034727(PANTHER)|GO:0042594(PANTHER)|GO:0046777(PANTHER)|GO:0061709(PANTHER)	enzyme; transporter	SIGNALING	Serine/threonine-protein kinase ULK3 OS=Eumeta variegata OX=151549 GN=EVAR_92995_1 PE=3 SV=1
g15961.t1	216	87.059	KEEP	Strong arthropod homology with multiple qualifying hits and strong combined evidence.	269	tr|A0A4C1T4X0|A0A4C1T4X0_EUMVA	Eumeta variegata	151549	Eukaryota; Metazoa; Arthropoda; Insecta; Lepidoptera	96.654	100.0	0.0	544.0	10	10	1.0	0.0	0.0	0.0	0.0	KEEP_ARTHROPOD	99.364	100.0	30.0	100.0	85.0	Uridine kinase-like	IPR000764; IPR027417; IPR006083	Uridine kinase-like; P-loop containing nucleoside triphosphate hydrolase; Phosphoribulokinase/uridine kinase	PF00485; Phosphoribulokinase / Uridine kinase family	PTHR10285; URIDINE KINASE	GO:0005524(InterPro)|GO:0016301(InterPro)	enzyme	SIGNALING	tr|A0A4C1T4X0|A0A4C1T4X0_EUMVA uridine/cytidine kinase OS=Eumeta variegata OX=151549 GN=EVAR_78780_1 PE=3 SV=1
g19592.t1	217	87.059	KEEP	Strong arthropod homology with multiple qualifying hits and strong combined evidence.	359	tr|A0A4C1TT57|A0A4C1TT57_EUMVA	Eumeta variegata	151549	Eukaryota; Metazoa; Arthropoda; Insecta; Lepidoptera	90.808	100.0	0.0	691.0	10	10	1.0	0.0	0.0	0.0	0.0	KEEP_ARTHROPOD	99.364	100.0	30.0	100.0	85.0	Protein kinase, ATP binding site	IPR017441; IPR008271; IPR000719; IPR030616; IPR011009	Protein kinase, ATP binding site; Serine/threonine-protein kinase, active site; Protein kinase domain; Aurora kinase-like; Protein kinase-like domain superfamily	PF00069; Protein kinase domain	PTHR24350; SERINE/THREONINE-PROTEIN KINASE IAL-RELATED	GO:0005524(InterPro); GO:0004672(InterPro)|GO:0006468(InterPro); GO:0005524(InterPro)|GO:0006468(InterPro); GO:0004672(InterPro)	enzyme	SIGNALING	tr|A0A4C1TT57|A0A4C1TT57_EUMVA Aurora kinase OS=Eumeta variegata OX=151549 GN=EVAR_17321_1 PE=3 SV=1
g13388.t1	218	87.059	KEEP	Strong arthropod homology with multiple qualifying hits and strong combined evidence.	1079	tr|A0A7E5VA85|A0A7E5VA85_TRINI	Trichoplusia ni	7111	Eukaryota; Metazoa; Arthropoda; Insecta; Lepidoptera	78.309	100.0	0.0	1664.0	10	10	1.0	0.0	0.0	0.0	0.0	KEEP_ARTHROPOD	99.364	100.0	30.0	100.0	85.0	Cyclic nucleotide-binding, conserved site	IPR018488; IPR000595; IPR000719; IPR014710; IPR002374; IPR008271; IPR000961; IPR018490; IPR017441; IPR011009; IPR035014	Cyclic nucleotide-binding, conserved site; Cyclic nucleotide-binding domain; Protein kinase domain; RmlC-like jelly roll fold; cGMP-dependent kinase; Serine/threonine-protein kinase, active site; AGC-kinase, C-terminal; Cyclic nucleotide-binding domain superfamily; Protein kinase, ATP binding site; Protein kinase-like domain superfamily; cGMP-dependent protein kinase, catalytic domain	PF00027; Cyclic nucleotide-binding domain; PF00069; Protein kinase domain	PTHR24353; CYCLIC NUCLEOTIDE-DEPENDENT PROTEIN KINASE	GO:0005524(InterPro)|GO:0006468(InterPro); GO:0004692(InterPro)|GO:0005524(InterPro); GO:0004672(InterPro)|GO:0006468(InterPro); GO:0004674(InterPro)|GO:0005524(InterPro)|GO:0006468(InterPro); GO:0005524(InterPro); GO:0004692(InterPro)	enzyme	SIGNALING	tr|A0A7E5VA85|A0A7E5VA85_TRINI cGMP-dependent protein kinase OS=Trichoplusia ni OX=7111 GN=LOC113492093 PE=3 SV=1
g6589.t2	219	87.059	KEEP	Strong arthropod homology with multiple qualifying hits and strong combined evidence.	312	tr|A0A4C1VBC2|A0A4C1VBC2_EUMVA	Eumeta variegata	151549	Eukaryota; Metazoa; Arthropoda; Insecta; Lepidoptera	84.295	100.0	0.0	561.0	10	10	1.0	0.0	0.0	0.0	0.0	KEEP_ARTHROPOD	99.364	100.0	30.0	100.0	85.0	Ribokinase-like	IPR029056; IPR011877; IPR002139; IPR011611; IPR002173	Ribokinase-like; Ribokinase; Ribokinase/fructokinase; Carbohydrate kinase PfkB; Carbohydrate/purine kinase, PfkB, conserved site	PF00294; pfkB family carbohydrate kinase	PTHR10584; SUGAR KINASE	GO:0004747(InterPro)|GO:0006014(InterPro); GO:0016301(InterPro); GO:0005829(PANTHER)	enzyme	SIGNALING	Ribokinase OS=Eumeta variegata OX=151549 GN=RBKS PE=3 SV=1
g15046.t1	220	87.059	KEEP	Strong arthropod homology with multiple qualifying hits and strong combined evidence.	245	tr|A0ACC0JHX1|A0ACC0JHX1_CHOFU	Choristoneura fumiferana	7141	Eukaryota; Metazoa; Arthropoda; Insecta; Lepidoptera	78.049	100.0	4.19e-127	371.0	10	10	1.0	0.0	0.0	0.0	0.0	KEEP_ARTHROPOD	99.364	100.0	30.0	100.0	85.0	MAT1, C-terminal CAK anchor	IPR057657; IPR004575; IPR015877	MAT1, C-terminal CAK anchor; Cdk-activating kinase assembly factor MAT1/Tfb3; MAT1, centre	PF25811; MAT1 C-terminal CAK anchor; PF06391; CDK-activating kinase assembly factor MAT1	PTHR12683; CDK-ACTIVATING KINASE ASSEMBLY FACTOR MAT1	GO:0005675(InterPro)|GO:0006289(InterPro)|GO:0045737(InterPro)|GO:0061575(InterPro); GO:0005675(PANTHER)|GO:0006281(PANTHER)|GO:0006357(PANTHER)	enzyme	SIGNALING	tr|A0ACC0JHX1|A0ACC0JHX1_CHOFU CDK-activating kinase assembly factor MAT1 OS=Choristoneura fumiferana OX=7141 GN=MSG28_012700 PE=4 SV=1
g5079.t1	221	87.059	KEEP	Strong arthropod homology with multiple qualifying hits and strong combined evidence.	548	tr|A0A4C1XN12|A0A4C1XN12_EUMVA	Eumeta variegata	151549	Eukaryota; Metazoa; Arthropoda; Insecta; Lepidoptera	85.391	100.0	0.0	982.0	10	10	1.0	0.0	0.0	0.0	0.0	KEEP_ARTHROPOD	99.364	100.0	30.0	100.0	85.0	Protein kinase-like domain superfamily	IPR011009; IPR000719; IPR038357; IPR010513; IPR045133; IPR008271	Protein kinase-like domain superfamily; Protein kinase domain; KEN domain superfamily; KEN domain; Serine/threonine-protein kinase/endoribonuclease IRE1/2-like; Serine/threonine-protein kinase, active site	PF00069; Protein kinase domain; PF06479; Ribonuclease 2-5A	PTHR13954; IRE1-RELATED	GO:0005524(InterPro)|GO:0006468(InterPro); GO:0004540(InterPro)|GO:0006397(InterPro); GO:0004521(InterPro)|GO:0004521(PANTHER)|GO:0004674(InterPro)|GO:0004674(PANTHER)|GO:0030968(InterPro)|GO:0036498(PANTHER)|GO:0051082(PANTHER)|GO:0070059(PANTHER)|GO:1990604(PANTHER); GO:0004672(InterPro)|GO:0006468(InterPro)	enzyme	SIGNALING	non-specific serine/threonine protein kinase OS=Eumeta variegata OX=151549 GN=EVAR_50008_1 PE=4 SV=1
g2568.t1	222	87.059	KEEP	Strong arthropod homology with multiple qualifying hits and strong combined evidence.	1060	tr|A0ABQ7QPB9|A0ABQ7QPB9_PLUXY	Plutella xylostella	51655	Eukaryota; Metazoa; Arthropoda; Insecta; Lepidoptera	72.019	100.0	0.0	1573.0	10	10	1.0	0.0	0.0	0.0	0.0	KEEP_ARTHROPOD	99.364	100.0	30.0	100.0	85.0	C2 domain superfamily	IPR035892; IPR000341; IPR002420; IPR029071; IPR000403; IPR003113; IPR015433; IPR001263; IPR018936; IPR016024; IPR036940; IPR042236; IPR011009	C2 domain superfamily; Phosphatidylinositol 3-kinase Ras-binding (PI3K RBD) domain; C2 phosphatidylinositol 3-kinase-type domain; Ubiquitin-like domain superfamily; Phosphatidylinositol 3-/4-kinase, catalytic domain; Phosphatidylinositol 3-kinase, adaptor-binding domain; Phosphatidylinositol 3-/4-kinase; Phosphoinositide 3-kinase, accessory (PIK) domain; Phosphatidylinositol 3-/4-kinase, conserved site; Armadillo-type fold; Phosphatidylinositol 3-/4-kinase, catalytic domain superfamily; Phosphoinositide 3-kinase, accessory (PIK) domain superfamily; Protein kinase-like domain superfamily	PF00792; Phosphoinositide 3-kinase C2; PF00454; Phosphatidylinositol 3- and 4-kinase; PF02192; PI3-kinase family, p85-binding domain; PF00613; Phosphoinositide 3-kinase family, accessory domain (PIK domain); PF00794; PI3-kinase family, ras-binding domain	PTHR10048; PHOSPHATIDYLINOSITOL KINASE	GO:0005737(PANTHER)|GO:0005886(PANTHER)|GO:0005942(PANTHER)|GO:0016020(PANTHER)|GO:0016303(PANTHER)|GO:0016477(PANTHER)|GO:0035005(PANTHER)|GO:0036092(PANTHER)|GO:0043491(PANTHER)|GO:0046854(InterPro)|GO:0046854(PANTHER)|GO:0048015(PANTHER)|GO:0052742(PANTHER); GO:0016301(InterPro)	enzyme	SIGNALING	phosphatidylinositol 3-kinase OS=Plutella xylostella OX=51655 GN=JYU34_007008 PE=3 SV=1
g1193.t1	223	87.059	KEEP	Strong arthropod homology with multiple qualifying hits and strong combined evidence.	395	tr|A0A4C1UHQ8|A0A4C1UHQ8_EUMVA	Eumeta variegata	151549	Eukaryota; Metazoa; Arthropoda; Insecta; Lepidoptera	99.241	100.0	0.0	820.0	10	10	1.0	0.0	0.0	0.0	0.0	KEEP_ARTHROPOD	99.364	100.0	30.0	100.0	85.0	Pleckstrin homology domain	IPR001849; IPR000961; IPR008271; IPR011993; IPR044926; IPR000719; IPR011009; IPR000239	Pleckstrin homology domain; AGC-kinase, C-terminal; Serine/threonine-protein kinase, active site; PH-like domain superfamily; RGS, subdomain 2; Protein kinase domain; Protein kinase-like domain superfamily; GPCR kinase	PF00169; PH domain; PF00069; Protein kinase domain	PTHR24355; G PROTEIN-COUPLED RECEPTOR KINASE/RIBOSOMAL PROTEIN S6 KINASE	GO:0004674(InterPro)|GO:0005524(InterPro)|GO:0006468(InterPro); GO:0001664(PANTHER)|GO:0004672(PANTHER)|GO:0004703(PANTHER)|GO:0006468(PANTHER)|GO:0007186(PANTHER)|GO:0009966(PANTHER); GO:0004672(InterPro)|GO:0006468(InterPro); GO:0005524(InterPro)|GO:0006468(InterPro); GO:0004703(InterPro)|GO:0005524(InterPro)|GO:0006468(InterPro)|GO:0007165(InterPro)	enzyme; receptor	SIGNALING	G protein-coupled receptor kinase OS=Eumeta variegata OX=151549 GN=Gprk1 PE=3 SV=1
g19665.t1	224	87.059	KEEP	Strong arthropod homology with multiple qualifying hits and strong combined evidence.	487	tr|A0A4C1URU3|A0A4C1URU3_EUMVA	Eumeta variegata	151549	Eukaryota; Metazoa; Arthropoda; Insecta; Lepidoptera	79.466	100.0	0.0	793.0	10	10	1.0	0.0	0.0	0.0	0.0	KEEP_ARTHROPOD	99.364	100.0	30.0	100.0	85.0	Galactokinase, N-terminal domain	IPR019539; IPR000705; IPR013750; IPR014721; IPR006204; IPR006203; IPR006206; IPR036554; IPR020568; IPR019741	Galactokinase, N-terminal domain; Galactokinase; GHMP kinase, C-terminal domain; Small ribosomal subunit protein uS5 domain 2-type fold, subgroup; GHMP kinase N-terminal domain; GHMP kinase, ATP-binding, conserved site; Mevalonate/galactokinase; GHMP kinase, C-terminal domain superfamily; Ribosomal protein uS5 domain 2-type superfamily; Galactokinase, conserved site	PF10509; Galactokinase galactose-binding signature; PF08544; GHMP kinases C terminal; PF00288; GHMP kinases N terminal domain	PTHR10457; MEVALONATE KINASE/GALACTOKINASE	GO:0004335(InterPro)|GO:0005524(InterPro)|GO:0006012(InterPro)|GO:0046835(InterPro); GO:0004335(PANTHER)|GO:0005829(PANTHER)|GO:0006012(PANTHER); GO:0005524(InterPro); GO:0005524(InterPro)|GO:0005737(InterPro)|GO:0016301(InterPro)|GO:0016773(InterPro)	enzyme	SIGNALING	tr|A0A4C1URU3|A0A4C1URU3_EUMVA N-acetylgalactosamine kinase OS=Eumeta variegata OX=151549 GN=Galk2 PE=3 SV=1
g14126.t1	225	87.059	KEEP	Strong arthropod homology with multiple qualifying hits and strong combined evidence.	1656	tr|A0ABR3HTN0|A0ABR3HTN0_LOXSC	Loxostege sticticalis	481309	Eukaryota; Metazoa; Arthropoda; Insecta; Lepidoptera	73.257	100.0	0.0	2467.0	10	10	1.0	0.0	0.0	0.0	0.0	KEEP_ARTHROPOD	99.364	100.0	30.0	100.0	85.0	Immunoglobulin domain subtype	IPR003599; IPR007110; IPR001611; IPR058808; IPR000483; IPR001879; IPR013783; IPR003591; IPR000832; IPR036179; IPR051963; IPR017981; IPR032675	Immunoglobulin domain subtype; Immunoglobulin-like domain; Leucine-rich repeat; ADGRA2/3, GAIN domain; Cysteine-rich flanking region, C-terminal; GPCR, family 2, extracellular hormone receptor domain; Immunoglobulin-like fold; Leucine-rich repeat, typical subtype; GPCR, family 2, secretin-like; Immunoglobulin-like domain superfamily; Adhesion G protein-coupled receptor A; GPCR, family 2-like, 7TM; Leucine-rich repeat domain superfamily	PF26588; ADGRA3-like, GAIN domain; PF00560; Leucine Rich Repeat; PF00002; 7 transmembrane receptor (Secretin family); PF13855; Leucine rich repeat	PTHR45930; G-PROTEIN COUPLED RECEPTOR 124-LIKE PROTEIN	GO:0005515(InterPro); GO:0004930(InterPro)|GO:0016020(InterPro); GO:0004930(InterPro)|GO:0007186(InterPro)|GO:0016020(InterPro); GO:0005886(PANTHER)|GO:0007166(PANTHER); GO:0004888(InterPro)|GO:0007166(InterPro)|GO:0016020(InterPro)	receptor; membrane; hormone	SIGNALING	tr|A0ABR3HTN0|A0ABR3HTN0_LOXSC G-protein coupled receptor 125 OS=Loxostege sticticalis OX=481309 GN=ABMA27_002437 PE=3 SV=1
g5912.t1	226	87.059	KEEP	Strong arthropod homology with multiple qualifying hits and strong combined evidence.	480	tr|A0A4C1TPD5|A0A4C1TPD5_EUMVA	Eumeta variegata	151549	Eukaryota; Metazoa; Arthropoda; Insecta; Lepidoptera	86.598	100.0	0.0	781.0	10	10	1.0	0.0	0.0	0.0	0.0	KEEP_ARTHROPOD	99.364	100.0	30.0	100.0	85.0	Protein kinase-like domain superfamily	IPR011009; IPR050117; IPR000719; IPR008271; IPR017441	Protein kinase-like domain superfamily; Mitogen-activated protein (MAP) kinase; Protein kinase domain; Serine/threonine-protein kinase, active site; Protein kinase, ATP binding site	PF00069; Protein kinase domain	PTHR24055; MITOGEN-ACTIVATED PROTEIN KINASE	GO:0005524(InterPro)|GO:0006468(InterPro); GO:0004672(InterPro)|GO:0006468(InterPro); GO:0005524(InterPro)	enzyme	SIGNALING	Protein kinase domain-containing protein OS=Eumeta variegata OX=151549 GN=EVAR_94004_1 PE=3 SV=1
g17913.t1	227	87.059	KEEP	Strong arthropod homology with multiple qualifying hits and strong combined evidence.	359	tr|A0A4C1XGT4|A0A4C1XGT4_EUMVA	Eumeta variegata	151549	Eukaryota; Metazoa; Arthropoda; Insecta; Lepidoptera	99.721	100.0	0.0	747.0	10	10	1.0	0.0	0.0	0.0	0.0	KEEP_ARTHROPOD	99.364	100.0	30.0	100.0	85.0	Protein kinase domain	IPR000719; IPR008271; IPR011009; IPR017441	Protein kinase domain; Serine/threonine-protein kinase, active site; Protein kinase-like domain superfamily; Protein kinase, ATP binding site	PF00069; Protein kinase domain	PTHR24347; SERINE/THREONINE-PROTEIN KINASE	GO:0005524(InterPro)|GO:0006468(InterPro); GO:0004672(InterPro)|GO:0006468(InterPro); GO:0005524(InterPro)	enzyme	SIGNALING	tr|A0A4C1XGT4|A0A4C1XGT4_EUMVA Protein kinase domain-containing protein OS=Eumeta variegata OX=151549 GN=EVAR_38213_1 PE=3 SV=1
g4581.t1	228	87.059	KEEP	Strong arthropod homology with multiple qualifying hits and strong combined evidence.	740	tr|A0A4C1V0C3|A0A4C1V0C3_EUMVA	Eumeta variegata	151549	Eukaryota; Metazoa; Arthropoda; Insecta; Lepidoptera	93.919	100.0	0.0	1316.0	10	10	1.0	0.0	0.0	0.0	0.0	KEEP_ARTHROPOD	99.364	100.0	30.0	100.0	85.0	Protein kinase, ATP binding site	IPR017441; IPR000719; IPR041309; IPR051180; IPR011009; IPR041087	Protein kinase, ATP binding site; Protein kinase domain; TANK-binding kinase 1, coiled-coil domain 1; Inhibitor of nuclear factor kappa-B kinase; Protein kinase-like domain superfamily; TANK binding kinase 1, ubiquitin-like domain	PF18394; TANK-binding kinase 1 coiled-coil domain 1; PF00069; Protein kinase domain; PF18396; TANK binding kinase 1 ubiquitin-like domain	PTHR22969; IKB KINASE	GO:0005524(InterPro); GO:0005524(InterPro)|GO:0006468(InterPro); GO:0004674(PANTHER)|GO:0005737(PANTHER)|GO:0018105(PANTHER)	enzyme	SIGNALING	Protein kinase domain-containing protein OS=Eumeta variegata OX=151549 GN=EVAR_18478_1 PE=4 SV=1
g3682.t1	229	87.059	KEEP	Strong arthropod homology with multiple qualifying hits and strong combined evidence.	480	tr|A0A4C1T4Q6|A0A4C1T4Q6_EUMVA	Eumeta variegata	151549	Eukaryota; Metazoa; Arthropoda; Insecta; Lepidoptera	78.423	100.0	0.0	736.0	10	10	1.0	0.0	0.0	0.0	0.0	KEEP_ARTHROPOD	99.364	100.0	30.0	100.0	85.0	Protein kinase domain	IPR000719; IPR011009; IPR017441; IPR008271	Protein kinase domain; Protein kinase-like domain superfamily; Protein kinase, ATP binding site; Serine/threonine-protein kinase, active site	PF00069; Protein kinase domain	PTHR22974; MIXED LINEAGE PROTEIN KINASE	GO:0005524(InterPro)|GO:0006468(InterPro); GO:0000776(PANTHER)|GO:0004674(PANTHER)|GO:0004712(PANTHER)|GO:0005634(PANTHER)|GO:0007059(PANTHER)|GO:0007094(PANTHER)|GO:0018105(PANTHER)|GO:0033316(PANTHER)|GO:0034501(PANTHER); GO:0005524(InterPro); GO:0004672(InterPro)|GO:0006468(InterPro)	enzyme	SIGNALING	Protein kinase domain-containing protein OS=Eumeta variegata OX=151549 GN=EVAR_78735_1 PE=4 SV=1
g9038.t1	230	87.059	KEEP	Strong arthropod homology with multiple qualifying hits and strong combined evidence.	498	tr|A0A4C1VXC4|A0A4C1VXC4_EUMVA	Eumeta variegata	151549	Eukaryota; Metazoa; Arthropoda; Insecta; Lepidoptera	73.611	100.0	0.0	820.0	10	10	1.0	0.0	0.0	0.0	0.0	KEEP_ARTHROPOD	99.364	100.0	30.0	100.0	85.0	MATH/TRAF domain	IPR002083; IPR008974	MATH/TRAF domain; TRAF-like	PF22486; MATH domain	PTHR10131; TNF RECEPTOR ASSOCIATED FACTOR	GO:0005515(InterPro)	receptor	SIGNALING	TNF receptor-associated factor 5 OS=Eumeta variegata OX=151549 GN=Traf5 PE=4 SV=1
g4666.t1	231	87.059	KEEP	Strong arthropod homology with multiple qualifying hits and strong combined evidence.	145	tr|A0A6J1N7D7|A0A6J1N7D7_BICAN	Bicyclus anynana	110368	Eukaryota; Metazoa; Arthropoda; Insecta; Lepidoptera	93.103	100.0	5.12e-95	285.0	10	10	1.0	0.0	0.0	0.0	0.0	KEEP_ARTHROPOD	99.364	100.0	30.0	100.0	85.0	AdipoR/Haemolysin-III-related	IPR004254	AdipoR/Haemolysin-III-related	PF03006; Haemolysin-III related	PTHR20855; ADIPOR/PROGESTIN RECEPTOR-RELATED	GO:0016020(InterPro)|GO:0038023(PANTHER); GO:0016020(InterPro)	receptor	SIGNALING	Progestin and adipoQ receptor family member 4 OS=Bicyclus anynana OX=110368 GN=LOC112049844 PE=3 SV=1
g18769.t1	232	87.059	KEEP	Strong arthropod homology with multiple qualifying hits and strong combined evidence.	571	tr|A0AAD7YBX2|A0AAD7YBX2_MYTSE	Mythimna separata	271217	Eukaryota; Metazoa; Arthropoda; Insecta; Lepidoptera	70.94	100.0	0.0	808.0	10	10	1.0	0.0	0.0	0.0	0.0	KEEP_ARTHROPOD	99.364	100.0	30.0	100.0	85.0	Protein kinase, ATP binding site	IPR017441; IPR003527; IPR000719; IPR011009; IPR050117; IPR008350	Protein kinase, ATP binding site; Mitogen-activated protein (MAP) kinase, conserved site; Protein kinase domain; Protein kinase-like domain superfamily; Mitogen-activated protein (MAP) kinase; Mitogen-activated protein (MAP) kinase, ERK3/4	PF00069; Protein kinase domain	PTHR24055; MITOGEN-ACTIVATED PROTEIN KINASE	GO:0005524(InterPro); GO:0004707(InterPro)|GO:0005524(InterPro)|GO:0006468(InterPro); GO:0005524(InterPro)|GO:0006468(InterPro)	enzyme	SIGNALING	tr|A0AAD7YBX2|A0AAD7YBX2_MYTSE mitogen-activated protein kinase OS=Mythimna separata OX=271217 GN=PYW07_009659 PE=4 SV=1
g12400.t1	233	86.999	KEEP	Strong arthropod homology with multiple qualifying hits and strong combined evidence.	149	tr|A0A922CIE4|A0A922CIE4_MANSE	Manduca sexta	7130	Eukaryota; Metazoa; Arthropoda; Insecta; Lepidoptera	62.914	100.0	2.8e-61	198.0	10	10	1.0	0.0	0.0	0.0	0.0	KEEP_ARTHROPOD	93.164	100.0	30.0	97.0	100.0	Haemolymph juvenile hormone binding	IPR010562; IPR038606	Haemolymph juvenile hormone binding; Takeout superfamily	PF06585; Haemolymph juvenile hormone binding protein (JHBP)	PTHR11008; PROTEIN TAKEOUT-LIKE PROTEIN	GO:0005615(PANTHER)|GO:0032504(PANTHER)	hormone	GROWTH_DEVELOPMENT	Hemolymph juvenile hormone binding protein OS=Manduca sexta OX=7130 GN=O3G_MSEX005277 PE=3 SV=1
g4640.t1	234	86.994	KEEP	Strong arthropod homology with multiple qualifying hits and strong combined evidence.	2084	tr|A0A8S1BAV5|A0A8S1BAV5_ARCPL	Arctia plantaginis	874455	Eukaryota; Metazoa; Arthropoda; Insecta; Lepidoptera	93.627	99.0	0.0	4059.0	17	17	1.0	0.0	0.0	0.0	0.0	KEEP_ARTHROPOD	99.147	100.0	30.0	100.0	85.0	B30.2/SPRY domain	IPR001870; IPR013320; IPR043136; IPR003877; IPR003032; IPR015925; IPR016093; IPR035762; IPR035761; IPR013333; IPR036300; IPR014821; IPR000699; IPR048581	B30.2/SPRY domain; Concanavalin A-like lectin/glucanase domain superfamily; B30.2/SPRY domain superfamily; SPRY domain; Ryanodine receptor Ryr; Ryanodine/Inositol 1,4,5-trisphosphate receptor; MIR motif; Ryanodine receptor, SPRY domain 3; Ryanodine receptor, SPRY domain 1; Ryanodine receptor; Mir domain superfamily; Inositol 1,4,5-trisphosphate/ryanodine receptor; RIH domain; Ryanodine receptor, junctional solenoid domain	PF02026; RyR domain; PF02815; MIR domain; PF08709; Inositol 1,4,5-trisphosphate/ryanodine receptor; PF01365; RIH domain; PF21119; Ryanodine receptor junctional solenoid repeat; PF00622; SPRY domain	PTHR46399; B30.2/SPRY DOMAIN-CONTAINING PROTEIN	GO:0005515(InterPro); GO:0005219(PANTHER)|GO:0005790(PANTHER)|GO:0006816(InterPro)|GO:0006941(PANTHER)|GO:0014808(PANTHER)|GO:0030018(PANTHER)|GO:0033017(PANTHER)|GO:0034704(PANTHER)|GO:0042383(PANTHER); GO:0005219(InterPro)|GO:0006816(InterPro); GO:0005262(InterPro)|GO:0016020(InterPro)|GO:0070588(InterPro)	receptor	SIGNALING	Ryanodine receptor OS=Arctia plantaginis OX=874455 GN=APLA_LOCUS15128 PE=4 SV=1
g2264.t1	235	86.983	KEEP	Strong arthropod homology with multiple qualifying hits and strong combined evidence.	268	tr|A0ABN8EDN4|A0ABN8EDN4_CHISP	Chilo suppressalis	168631	Eukaryota; Metazoa; Arthropoda; Insecta; Lepidoptera	64.794	99.0	2.38e-128	382.0	10	10	1.0	0.0	0.0	0.0	0.0	KEEP_ARTHROPOD	94.109	100.0	30.0	100.0	95.0	Tubulin-tyrosine ligase/Tubulin polyglutamylase	IPR004344; IPR053317	Tubulin-tyrosine ligase/Tubulin polyglutamylase; Tubulin polyglutamylase	PF03133; Tubulin-tyrosine ligase family	PTHR47113; LD09343P	GO:0036211(InterPro)	digestion	DIGESTION	Tubulin polyglutamylase ttll-15 OS=Chilo suppressalis OX=168631 GN=CHILSU_LOCUS3430 PE=4 SV=1
g6399.t1	236	86.98	KEEP	Strong arthropod homology with multiple qualifying hits and strong combined evidence.	879	tr|A0A8S4DDY0|A0A8S4DDY0_PLUXY	Plutella xylostella	51655	Eukaryota; Metazoa; Arthropoda; Insecta; Lepidoptera	69.7	100.0	0.0	1203.0	10	10	1.0	0.0	0.0	0.0	0.0	KEEP_ARTHROPOD	99.101	100.0	30.0	100.0	85.0	Protein kinase domain	IPR000719; IPR045267; IPR008271; IPR050108; IPR011009	Protein kinase domain; Cyclin-dependent kinase 11/PITSLRE, catalytic domain; Serine/threonine-protein kinase, active site; Cyclin-dependent kinase; Protein kinase-like domain superfamily	PF00069; Protein kinase domain	PTHR24056; CELL DIVISION PROTEIN KINASE	GO:0005524(InterPro)|GO:0006468(InterPro); GO:0004674(InterPro)|GO:0005524(InterPro)|GO:0006468(InterPro); GO:0004672(InterPro)|GO:0006468(InterPro); GO:0004674(PANTHER)|GO:0005634(PANTHER)|GO:0006468(PANTHER)|GO:0007346(PANTHER)	enzyme	SIGNALING	cyclin-dependent kinase OS=Plutella xylostella OX=51655 GN=PLXY2_LOCUS1783 PE=3 SV=1
g3599.t1	237	86.937	KEEP	Strong arthropod homology with multiple qualifying hits and strong combined evidence.	294	tr|A0A4C1Z924|A0A4C1Z924_EUMVA	Eumeta variegata	151549	Eukaryota; Metazoa; Arthropoda; Insecta; Lepidoptera	79.412	92.0	1.16e-111	352.0	11	11	1.0	0.0	0.0	0.0	0.0	KEEP_ARTHROPOD	93.955	100.0	30.0	100.0	95.0	Serine proteases, trypsin family, serine active site	IPR033116; IPR050127; IPR001254; IPR001314; IPR009003	Serine proteases, trypsin family, serine active site; Serine Proteases (Peptidase S1 Family); Serine proteases, trypsin domain; Peptidase S1A, chymotrypsin family; Peptidase S1, PA clan	PF00089; Trypsin	PTHR24264; TRYPSIN-RELATED	GO:0004252(PANTHER)|GO:0005615(PANTHER)|GO:0006508(PANTHER); GO:0004252(InterPro)|GO:0006508(InterPro)	enzyme; digestion	DIGESTION	Trypsin CFT-1 OS=Eumeta variegata OX=151549 GN=EVAR_25650_1 PE=3 SV=1
g9825.t2	238	86.934	KEEP	Strong arthropod homology with multiple qualifying hits and strong combined evidence.	899	tr|A0ABN8EEN6|A0ABN8EEN6_CHISP	Chilo suppressalis	168631	Eukaryota; Metazoa; Arthropoda; Insecta; Lepidoptera	64.61	99.0	0.0	1113.0	10	10	1.0	0.0	0.0	0.0	0.0	KEEP_ARTHROPOD	93.948	100.0	30.0	100.0	95.0	Metal-dependent hydrolase	IPR032466; IPR008257; IPR000180	Metal-dependent hydrolase; Peptidase M19; Membrane dipeptidase, active site	PF01244; Membrane dipeptidase (Peptidase family M19)	PTHR10443; MICROSOMAL DIPEPTIDASE	GO:0006508(InterPro)|GO:0070573(InterPro)	enzyme; digestion	DIGESTION	Dipeptidase OS=Chilo suppressalis OX=168631 GN=CHILSU_LOCUS8154 PE=3 SV=1
g5854.t1	239	86.926	KEEP	Strong arthropod homology with multiple qualifying hits and strong combined evidence.	239	tr|A0ABN8EDN4|A0ABN8EDN4_CHISP	Papilio xuthus	66420	Eukaryota; Metazoa; Arthropoda; Insecta; Lepidoptera	64.407	99.0	4.6e-111	337.0	11	11	1.0	0.0	0.0	0.0	0.0	KEEP_ARTHROPOD	93.922	100.0	30.0	100.0	95.0	Tubulin polyglutamylase	IPR053317; IPR004344	Tubulin polyglutamylase; Tubulin-tyrosine ligase/Tubulin polyglutamylase	PF03133; Tubulin-tyrosine ligase family	PTHR47113; LD09343P	GO:0036211(InterPro)	digestion	DIGESTION	Tubulin polyglutamylase ttll-15 OS=Chilo suppressalis OX=168631 GN=CHILSU_LOCUS3430 PE=4 SV=1
g2158.t1	240	86.895	KEEP	Strong arthropod homology with multiple qualifying hits and strong combined evidence.	1534	tr|A0A4C1T011|A0A4C1T011_EUMVA	Eumeta variegata	151549	Eukaryota; Metazoa; Arthropoda; Insecta; Lepidoptera	88.977	99.0	0.0	2165.0	11	11	1.0	0.0	0.0	0.0	0.0	KEEP_ARTHROPOD	98.816	100.0	30.0	100.0	85.0	LDLR class B repeat	IPR000033; IPR002172; IPR036055; IPR023415; IPR000742; IPR011042	LDLR class B repeat; Low-density lipoprotein (LDL) receptor class A repeat; LDL receptor-like superfamily; Low-density lipoprotein (LDL) receptor class A, conserved site; EGF-like domain; Six-bladed beta-propeller, TolB-like	PF14670; Coagulation Factor Xa inhibitory site; PF00058; Low-density lipoprotein receptor repeat class B; PF00057; Low-density lipoprotein receptor domain class A	PTHR46513; VITELLOGENIN RECEPTOR-LIKE PROTEIN-RELATED-RELATED	GO:0005515(InterPro)	receptor	SIGNALING	Low-density lipoprotein receptor-related protein 6 OS=Eumeta variegata OX=151549 GN=LRP6 PE=3 SV=1
g5187.t1	241	86.89	KEEP	Strong arthropod homology with multiple qualifying hits and strong combined evidence.	462	tr|A0A4C1ZSE2|A0A4C1ZSE2_EUMVA	Eumeta variegata	151549	Eukaryota; Metazoa; Arthropoda; Insecta; Lepidoptera	90.497	100.0	0.0	857.0	9	9	1.0	0.0	0.0	0.0	0.0	KEEP_ARTHROPOD	98.8	100.0	30.0	100.0	85.0	ZMYM1-like, RNase-like domain	IPR025398; IPR008906; IPR012337	ZMYM1-like, RNase-like domain; HAT, C-terminal dimerisation domain; Ribonuclease H-like superfamily	PF14291; ZMYM1/FAM200, RNase-like domain; PF05699; hAT family C-terminal dimerisation region	PTHR45749	GO:0046983(InterPro)		SIGNALING	52 kDa repressor of the inhibitor of the protein kinase OS=Eumeta variegata OX=151549 GN=Thap12 PE=4 SV=1
g19069.t1	242	86.89	KEEP	Strong arthropod homology with multiple qualifying hits and strong combined evidence.	462	tr|A0A4C1ZSE2|A0A4C1ZSE2_EUMVA	Eumeta variegata	151549	Eukaryota; Metazoa; Arthropoda; Insecta; Lepidoptera	91.361	100.0	0.0	868.0	9	9	1.0	0.0	0.0	0.0	0.0	KEEP_ARTHROPOD	98.8	100.0	30.0	100.0	85.0	HAT, C-terminal dimerisation domain	IPR008906; IPR025398; IPR012337	HAT, C-terminal dimerisation domain; ZMYM1-like, RNase-like domain; Ribonuclease H-like superfamily	PF05699; hAT family C-terminal dimerisation region; PF14291; ZMYM1/FAM200, RNase-like domain	PTHR45749	GO:0046983(InterPro)		SIGNALING	tr|A0A4C1ZSE2|A0A4C1ZSE2_EUMVA 52 kDa repressor of the inhibitor of the protein kinase OS=Eumeta variegata OX=151549 GN=Thap12 PE=4 SV=1
g382.t1	243	86.879	KEEP	Strong arthropod homology with multiple qualifying hits and strong combined evidence.	578	tr|A0A4C1XC69|A0A4C1XC69_EUMVA	Eumeta variegata	151549	Eukaryota; Metazoa; Arthropoda; Insecta; Lepidoptera	75.737	92.0	0.0	893.0	10	10	1.0	0.0	0.0	0.0	0.0	KEEP_ARTHROPOD	93.764	100.0	30.0	100.0	95.0	Peptidase M2, peptidyl-dipeptidase A	IPR001548	Peptidase M2, peptidyl-dipeptidase A	PF01401; Angiotensin-converting enzyme	PTHR10514; ANGIOTENSIN-CONVERTING ENZYME	GO:0006508(InterPro)|GO:0008237(InterPro)|GO:0008241(InterPro)|GO:0016020(InterPro)	enzyme; digestion	DIGESTION	Angiotensin-converting enzyme OS=Eumeta variegata OX=151549 GN=ACE PE=3 SV=1
g13776.t1	244	86.879	KEEP	Strong arthropod homology with multiple qualifying hits and strong combined evidence.	250	tr|A0A4C1WGE0|A0A4C1WGE0_EUMVA	Eumeta variegata	151549	Eukaryota; Metazoa; Arthropoda; Insecta; Lepidoptera	88.261	92.0	2.17e-151	430.0	10	10	1.0	0.0	0.0	0.0	0.0	KEEP_ARTHROPOD	93.764	100.0	30.0	100.0	95.0	Serine proteases, trypsin domain	IPR001254; IPR009003; IPR018114; IPR001314	Serine proteases, trypsin domain; Peptidase S1, PA clan; Serine protease-like, trypsin family, histidine active site; Peptidase S1A, chymotrypsin family	PF00089; Trypsin	PTHR24276; POLYSERASE-RELATED	GO:0004252(InterPro)|GO:0006508(InterPro); GO:0004252(PANTHER)	enzyme; digestion	DIGESTION	tr|A0A4C1WGE0|A0A4C1WGE0_EUMVA Trypsin CFT-1 OS=Eumeta variegata OX=151549 GN=EVAR_45627_1 PE=3 SV=1
g2865.t1	245	86.879	KEEP	Strong arthropod homology with multiple qualifying hits and strong combined evidence.	171	tr|A0A4C1SF71|A0A4C1SF71_EUMVA	Eumeta variegata	151549	Eukaryota; Metazoa; Arthropoda; Insecta; Lepidoptera	70.466	92.0	1.04e-88	271.0	10	10	1.0	0.0	0.0	0.0	0.0	KEEP_ARTHROPOD	93.764	100.0	30.0	100.0	95.0	Serine proteases, trypsin domain	IPR001254; IPR009003; IPR018114; IPR001314	Serine proteases, trypsin domain; Peptidase S1, PA clan; Serine protease-like, trypsin family, histidine active site; Peptidase S1A, chymotrypsin family	PF00089; Trypsin	PTHR24276; POLYSERASE-RELATED	GO:0004252(InterPro)|GO:0006508(InterPro); GO:0004252(PANTHER)	enzyme; digestion	DIGESTION	Trypsin, alkaline C OS=Eumeta variegata OX=151549 GN=EVAR_74358_1 PE=4 SV=1
g933.t1	246	86.879	KEEP	Strong arthropod homology with multiple qualifying hits and strong combined evidence.	583	tr|A0A4C1TAX9|A0A4C1TAX9_EUMVA	Eumeta variegata	151549	Eukaryota; Metazoa; Arthropoda; Insecta; Lepidoptera	79.129	92.0	0.0	798.0	10	10	1.0	0.0	0.0	0.0	0.0	KEEP_ARTHROPOD	93.764	100.0	30.0	100.0	95.0	Serine proteases, trypsin domain	IPR001254; IPR018114; IPR009003; IPR022700; IPR033116; IPR038565; IPR001314	Serine proteases, trypsin domain; Serine protease-like, trypsin family, histidine active site; Peptidase S1, PA clan; Proteinase, regulatory CLIP domain; Serine proteases, trypsin family, serine active site; Proteinase, regulatory CLIP domain superfamily; Peptidase S1A, chymotrypsin family	PF00089; Trypsin	PTHR24258; SERINE PROTEASE-RELATED	GO:0004252(InterPro)|GO:0006508(InterPro)	enzyme; digestion	DIGESTION	Proclotting enzyme OS=Eumeta variegata OX=151549 GN=EVAR_77786_1 PE=3 SV=1
g6035.t1	247	86.879	KEEP	Strong arthropod homology with multiple qualifying hits and strong combined evidence.	675	tr|A0A4C1TW98|A0A4C1TW98_EUMVA	Eumeta variegata	151549	Eukaryota; Metazoa; Arthropoda; Insecta; Lepidoptera	87.963	92.0	0.0	1164.0	10	10	1.0	0.0	0.0	0.0	0.0	KEEP_ARTHROPOD	93.764	100.0	30.0	100.0	95.0	Peptidase M2, peptidyl-dipeptidase A	IPR001548	Peptidase M2, peptidyl-dipeptidase A	PF01401; Angiotensin-converting enzyme	PTHR10514; ANGIOTENSIN-CONVERTING ENZYME	GO:0006508(InterPro)|GO:0008237(InterPro)|GO:0008241(InterPro)|GO:0016020(InterPro); GO:0005615(PANTHER)|GO:0005886(PANTHER)|GO:0006508(InterPro)|GO:0008237(PANTHER)|GO:0008237(InterPro)|GO:0008241(InterPro)|GO:0016020(InterPro)	enzyme; digestion	DIGESTION	Angiotensin-converting enzyme OS=Eumeta variegata OX=151549 GN=Ance PE=3 SV=1
g4483.t1	248	86.872	KEEP	Strong arthropod homology with multiple qualifying hits and strong combined evidence.	239	tr|A0ABN8EDN4|A0ABN8EDN4_CHISP	Papilio xuthus	66420	Eukaryota; Metazoa; Arthropoda; Insecta; Lepidoptera	65.801	97.0	1.06e-110	335.0	11	11	1.0	0.0	0.0	0.0	0.0	KEEP_ARTHROPOD	93.741	100.0	30.0	100.0	95.0	Tubulin-tyrosine ligase/Tubulin polyglutamylase	IPR004344; IPR053317	Tubulin-tyrosine ligase/Tubulin polyglutamylase; Tubulin polyglutamylase	PF03133; Tubulin-tyrosine ligase family	PTHR47113; LD09343P	GO:0036211(InterPro)	digestion	DIGESTION	Tubulin polyglutamylase ttll-15 OS=Chilo suppressalis OX=168631 GN=CHILSU_LOCUS3430 PE=4 SV=1
g984.t1	249	86.849	KEEP	Strong arthropod homology with multiple qualifying hits and strong combined evidence.	629	tr|A0A4C1Y9M1|A0A4C1Y9M1_EUMVA	Eumeta variegata	151549	Eukaryota; Metazoa; Arthropoda; Insecta; Lepidoptera	88.732	99.0	0.0	1153.0	10	10	1.0	0.0	0.0	0.0	0.0	KEEP_ARTHROPOD	98.664	100.0	30.0	100.0	85.0	Netrin receptor UNC5A-D	IPR037936; IPR000488; IPR011029; IPR033772; IPR000906	Netrin receptor UNC5A-D; Death domain; Death-like domain superfamily; UPA domain; ZU5 domain	PF17217; UPA domain; PF00531; Death domain; PF00791; ZU5 domain	PTHR12582; NETRIN RECEPTOR UNC5	GO:0005042(InterPro)|GO:0008045(PANTHER)|GO:0016020(InterPro)|GO:0038007(InterPro); GO:0005515(InterPro)|GO:0007165(InterPro)	receptor	SIGNALING	Netrin receptor UNC5 OS=Eumeta variegata OX=151549 GN=Unc5b PE=3 SV=1
g17839.t1	250	86.849	KEEP	Strong arthropod homology with multiple qualifying hits and strong combined evidence.	1010	tr|A0A4C1W0S5|A0A4C1W0S5_EUMVA	Eumeta variegata	151549	Eukaryota; Metazoa; Arthropoda; Insecta; Lepidoptera	92.567	99.0	0.0	1701.0	10	10	1.0	0.0	0.0	0.0	0.0	KEEP_ARTHROPOD	98.664	100.0	30.0	100.0	85.0	Serine/threonine-protein kinase, active site	IPR008271; IPR017441; IPR000719; IPR049761; IPR009060; IPR050236; IPR015940; IPR011009	Serine/threonine-protein kinase, active site; Protein kinase, ATP binding site; Protein kinase domain; Serine/threonine-protein kinase , Mob-binding domain; UBA-like superfamily; Serine/threonine-protein kinases, AGC; Ubiquitin-associated domain; Protein kinase-like domain superfamily	PF00069; Protein kinase domain	PTHR24356; SERINE/THREONINE-PROTEIN KINASE	GO:0004672(InterPro)|GO:0006468(InterPro); GO:0005524(InterPro); GO:0005524(InterPro)|GO:0006468(InterPro); GO:0005515(InterPro); GO:0000082(PANTHER)|GO:0004674(PANTHER)|GO:0018105(PANTHER)|GO:0035329(PANTHER)|GO:0035556(PANTHER)|GO:0043065(PANTHER)|GO:0046620(PANTHER)	enzyme	SIGNALING	tr|A0A4C1W0S5|A0A4C1W0S5_EUMVA non-specific serine/threonine protein kinase OS=Eumeta variegata OX=151549 GN=EVAR_24813_1 PE=3 SV=1
g14543.t1	251	86.849	KEEP	Strong arthropod homology with multiple qualifying hits and strong combined evidence.	1283	tr|A0ACC2R7J8|A0ACC2R7J8_9NEOP	Mythimna loreyi	667449	Eukaryota; Metazoa; Arthropoda; Insecta; Lepidoptera	75.52	99.0	0.0	1904.0	10	10	1.0	0.0	0.0	0.0	0.0	KEEP_ARTHROPOD	98.664	100.0	30.0	100.0	85.0	Diacylglycerol kinase	IPR037607; IPR000756; IPR002219; IPR001206; IPR011993; IPR017438; IPR046349; IPR016064; IPR001849	Diacylglycerol kinase; Diacylglycerol kinase, accessory domain; Protein kinase C-like, phorbol ester/diacylglycerol-binding domain; Diacylglycerol kinase, catalytic domain; PH-like domain superfamily; Inorganic polyphosphate/ATP-NAD kinase, N-terminal; C1-like domain superfamily; NAD kinase/diacylglycerol kinase-like domain superfamily; Pleckstrin homology domain	PF00609; Diacylglycerol kinase accessory domain; PF00130; Phorbol esters/diacylglycerol binding domain (C1 domain); PF00781; Diacylglycerol kinase catalytic domain	PTHR11255; DIACYLGLYCEROL KINASE	GO:0004143(PANTHER)|GO:0004143(InterPro)|GO:0005886(PANTHER)|GO:0007165(InterPro)|GO:0016020(PANTHER); GO:0004143(InterPro)|GO:0007200(InterPro); GO:0016301(InterPro)	enzyme; transcription_factor	SIGNALING	tr|A0ACC2R7J8|A0ACC2R7J8_9NEOP Diacylglycerol kinase OS=Mythimna loreyi OX=667449 GN=PYW08_014351 PE=3 SV=1
g6095.t1	252	86.849	KEEP	Strong arthropod homology with multiple qualifying hits and strong combined evidence.	402	tr|A0A8R2GDP4|A0A8R2GDP4_BOMMO	Bombyx mori	7091	Eukaryota; Metazoa; Arthropoda; Insecta; Lepidoptera	88.636	99.0	0.0	728.0	10	10	1.0	0.0	0.0	0.0	0.0	KEEP_ARTHROPOD	98.664	100.0	30.0	100.0	85.0	Protein kinase, ATP binding site	IPR017441; IPR000719; IPR011009; IPR008271; IPR050108	Protein kinase, ATP binding site; Protein kinase domain; Protein kinase-like domain superfamily; Serine/threonine-protein kinase, active site; Cyclin-dependent kinase	PF00069; Protein kinase domain	PTHR24056; CELL DIVISION PROTEIN KINASE	GO:0005524(InterPro); GO:0005524(InterPro)|GO:0006468(InterPro); GO:0004672(InterPro)|GO:0006468(InterPro); GO:0004674(PANTHER)|GO:0005634(PANTHER)|GO:0006468(PANTHER)	enzyme	SIGNALING	Cyclin-dependent kinase-like 2 OS=Bombyx mori OX=7091 PE=3 SV=1
g18620.t1	253	86.849	KEEP	Strong arthropod homology with multiple qualifying hits and strong combined evidence.	599	tr|A0A4C1WBZ2|A0A4C1WBZ2_EUMVA	Eumeta variegata	151549	Eukaryota; Metazoa; Arthropoda; Insecta; Lepidoptera	84.5	99.0	0.0	1053.0	10	10	1.0	0.0	0.0	0.0	0.0	KEEP_ARTHROPOD	98.664	100.0	30.0	100.0	85.0	Protein kinase-like domain superfamily	IPR011009; IPR011029; IPR000719; IPR008271; IPR029397; IPR017441	Protein kinase-like domain superfamily; Death-like domain superfamily; Protein kinase domain; Serine/threonine-protein kinase, active site; Tube, Death domain; Protein kinase, ATP binding site	PF14786; Tube Death domain; PF00069; Protein kinase domain	PTHR27001; OS01G0253100 PROTEIN	GO:0005886(PANTHER)|GO:0006468(PANTHER); GO:0005524(InterPro)|GO:0006468(InterPro); GO:0004672(InterPro)|GO:0006468(InterPro); GO:0005524(InterPro)	enzyme	SIGNALING	tr|A0A4C1WBZ2|A0A4C1WBZ2_EUMVA Interleukin-1 receptor-associated kinase 4 OS=Eumeta variegata OX=151549 GN=IRAK4 PE=4 SV=1
g12982.t1	254	86.849	KEEP	Strong arthropod homology with multiple qualifying hits and strong combined evidence.	948	tr|A0A4C1XG70|A0A4C1XG70_EUMVA	Eumeta variegata	151549	Eukaryota; Metazoa; Arthropoda; Insecta; Lepidoptera	82.979	99.0	0.0	1514.0	10	10	1.0	0.0	0.0	0.0	0.0	KEEP_ARTHROPOD	98.664	100.0	30.0	100.0	85.0	Protein kinase domain	IPR000719; IPR017441; IPR050122; IPR011009; IPR001245	Protein kinase domain; Protein kinase, ATP binding site; Receptor Tyrosine Kinase; Protein kinase-like domain superfamily; Serine-threonine/tyrosine-protein kinase, catalytic domain	PF07714; Protein tyrosine and serine/threonine kinase	PTHR24416; TYROSINE-PROTEIN KINASE RECEPTOR	GO:0004672(InterPro)|GO:0005524(InterPro)|GO:0006468(InterPro); GO:0005524(InterPro); GO:0004714(PANTHER)|GO:0005886(PANTHER)|GO:0007169(PANTHER)|GO:0007275(PANTHER)|GO:0033674(PANTHER)|GO:0043235(PANTHER); GO:0004672(InterPro)|GO:0006468(InterPro)	enzyme; receptor	SIGNALING	receptor protein-tyrosine kinase OS=Eumeta variegata OX=151549 GN=Cad96Ca PE=4 SV=1
g15729.t1	255	86.849	KEEP	Strong arthropod homology with multiple qualifying hits and strong combined evidence.	168	tr|A0ABM3N7H8|A0ABM3N7H8_GALME	Galleria mellonella	7137	Eukaryota; Metazoa; Arthropoda; Insecta; Lepidoptera	87.425	99.0	7.45e-103	303.0	10	10	1.0	0.0	0.0	0.0	0.0	KEEP_ARTHROPOD	98.664	100.0	30.0	100.0	85.0	ER lumen protein retaining receptor	IPR000133	ER lumen protein retaining receptor	PF00810; ER lumen protein retaining receptor	PTHR10585; ER LUMEN PROTEIN RETAINING RECEPTOR	GO:0006621(InterPro)|GO:0016020(InterPro)|GO:0046923(InterPro)	receptor	SIGNALING	tr|A0ABM3N7H8|A0ABM3N7H8_GALME ER lumen protein-retaining receptor OS=Galleria mellonella OX=7137 GN=LOC113511896 PE=3 SV=1
g858.t1	256	86.849	KEEP	Strong arthropod homology with multiple qualifying hits and strong combined evidence.	594	tr|A0A4C1VE18|A0A4C1VE18_EUMVA	Eumeta variegata	151549	Eukaryota; Metazoa; Arthropoda; Insecta; Lepidoptera	81.203	99.0	0.0	1017.0	10	10	1.0	0.0	0.0	0.0	0.0	KEEP_ARTHROPOD	98.664	100.0	30.0	100.0	85.0	PDZ superfamily	IPR036034; IPR001478; IPR052074	PDZ superfamily; PDZ domain; Non-receptor Tyrosine-protein Phosphatases	PF00595; PDZ domain	PTHR46900; TYROSINE-PROTEIN PHOSPHATASE NON-RECEPTOR TYPE 13	GO:0005515(InterPro)	enzyme; receptor	SIGNALING	Tyrosine-protein phosphatase non-receptor type 13 OS=Eumeta variegata OX=151549 GN=PTPN13 PE=4 SV=1
g13267.t1	257	86.849	KEEP	Strong arthropod homology with multiple qualifying hits and strong combined evidence.	169	tr|A0A4C2AFB5|A0A4C2AFB5_EUMVA	Eumeta variegata	151549	Eukaryota; Metazoa; Arthropoda; Insecta; Lepidoptera	94.643	99.0	1.31e-107	335.0	10	10	1.0	0.0	0.0	0.0	0.0	KEEP_ARTHROPOD	98.664	100.0	30.0	100.0	85.0	Phox homology	IPR001683; IPR051866; IPR036871	Phox homology; Intracellular Signaling and Trafficking Protein; PX domain superfamily	PF00787; PX domain	PTHR15508; RIBOSOMAL PROTEIN S6 KINASE	GO:0035091(InterPro)	enzyme; signal	SIGNALING	tr|A0A4C2AFB5|A0A4C2AFB5_EUMVA Ribosomal protein S6 kinase-like 1 OS=Eumeta variegata OX=151549 GN=RPS6KL1 PE=4 SV=1
g14874.t1	258	86.849	KEEP	Strong arthropod homology with multiple qualifying hits and strong combined evidence.	240	tr|A0A4C1WFV5|A0A4C1WFV5_EUMVA	Eumeta variegata	151549	Eukaryota; Metazoa; Arthropoda; Insecta; Lepidoptera	94.979	99.0	9.81e-168	480.0	10	10	1.0	0.0	0.0	0.0	0.0	KEEP_ARTHROPOD	98.664	100.0	30.0	100.0	85.0	Ribokinase-like	IPR029056; IPR007666	Ribokinase-like; ADP-specific phosphofructokinase/glucokinase	PF04587; ADP-specific Phosphofructokinase/Glucokinase conserved region	PTHR21208; ADP-DEPENDENT GLUCOKINASE	GO:0005975(InterPro)|GO:0016773(InterPro); GO:0005783(PANTHER)|GO:0005975(InterPro)|GO:0005975(PANTHER)|GO:0006006(PANTHER)|GO:0016773(InterPro)|GO:0043843(PANTHER)	enzyme	SIGNALING	tr|A0A4C1WFV5|A0A4C1WFV5_EUMVA ADP-dependent glucokinase OS=Eumeta variegata OX=151549 GN=Adpgk PE=4 SV=1
g3693.t2	259	86.849	KEEP	Strong arthropod homology with multiple qualifying hits and strong combined evidence.	434	tr|A0A194QHC7|A0A194QHC7_PAPXU	Papilio xuthus	66420	Eukaryota; Metazoa; Arthropoda; Insecta; Lepidoptera	82.679	99.0	0.0	743.0	10	10	1.0	0.0	0.0	0.0	0.0	KEEP_ARTHROPOD	98.664	100.0	30.0	100.0	85.0	G protein-coupled receptor, rhodopsin-like	IPR000276; IPR001556; IPR017452	G protein-coupled receptor, rhodopsin-like; Bombesin receptor-like; GPCR, rhodopsin-like, 7TM	PF00001; 7 transmembrane receptor (rhodopsin family)	PTHR45695; LEUCOKININ RECEPTOR-RELATED	GO:0004930(PANTHER)|GO:0005886(PANTHER)|GO:0007186(PANTHER)|GO:0008188(PANTHER); GO:0004930(InterPro)|GO:0007186(InterPro)|GO:0016020(InterPro); GO:0007186(InterPro)|GO:0008528(InterPro)|GO:0016020(InterPro); GO:0016020(InterPro)	receptor; membrane	SIGNALING	Neuromedin-B receptor OS=Papilio xuthus OX=66420 GN=RR46_02521 PE=3 SV=1
g13534.t2	260	86.849	KEEP	Strong arthropod homology with multiple qualifying hits and strong combined evidence.	413	tr|A0A921ZGI8|A0A921ZGI8_MANSE	Manduca sexta	7130	Eukaryota; Metazoa; Arthropoda; Insecta; Lepidoptera	89.104	99.0	0.0	708.0	10	10	1.0	0.0	0.0	0.0	0.0	KEEP_ARTHROPOD	98.664	100.0	30.0	100.0	85.0	G protein-coupled receptor, rhodopsin-like	IPR000276; IPR017452	G protein-coupled receptor, rhodopsin-like; GPCR, rhodopsin-like, 7TM	PF00001; 7 transmembrane receptor (rhodopsin family)	PTHR24241; NEUROPEPTIDE RECEPTOR-RELATED G-PROTEIN COUPLED RECEPTOR	GO:0004930(InterPro)|GO:0007186(InterPro)|GO:0016020(InterPro); GO:0016020(InterPro); GO:0004930(PANTHER)|GO:0005886(PANTHER)|GO:0007186(PANTHER)|GO:0032870(PANTHER)|GO:0042277(PANTHER)	receptor; membrane	SIGNALING	tr|A0A921ZGI8|A0A921ZGI8_MANSE G-protein coupled receptors family 1 profile domain-containing protein OS=Manduca sexta OX=7130 GN=O3G_MSEX009716 PE=3 SV=1
g14252.t1	261	86.849	KEEP	Strong arthropod homology with multiple qualifying hits and strong combined evidence.	292	tr|A0A4C1VUI2|A0A4C1VUI2_EUMVA	Eumeta variegata	151549	Eukaryota; Metazoa; Arthropoda; Insecta; Lepidoptera	92.734	99.0	0.0	565.0	10	10	1.0	0.0	0.0	0.0	0.0	KEEP_ARTHROPOD	98.664	100.0	30.0	100.0	85.0	Protein kinase, ATP binding site	IPR017441; IPR030616; IPR000719; IPR011009; IPR008271	Protein kinase, ATP binding site; Aurora kinase-like; Protein kinase domain; Protein kinase-like domain superfamily; Serine/threonine-protein kinase, active site	PF00069; Protein kinase domain	PTHR24350; SERINE/THREONINE-PROTEIN KINASE IAL-RELATED	GO:0005524(InterPro); GO:0004672(InterPro); GO:0005524(InterPro)|GO:0006468(InterPro); GO:0004672(InterPro)|GO:0006468(InterPro)	enzyme	SIGNALING	tr|A0A4C1VUI2|A0A4C1VUI2_EUMVA Aurora kinase OS=Eumeta variegata OX=151549 GN=EVAR_86799_1 PE=3 SV=1
g17548.t1	262	86.849	KEEP	Strong arthropod homology with multiple qualifying hits and strong combined evidence.	301	tr|A0A4C1ZSM7|A0A4C1ZSM7_EUMVA	Eumeta variegata	151549	Eukaryota; Metazoa; Arthropoda; Insecta; Lepidoptera	91.0	99.0	0.0	565.0	10	10	1.0	0.0	0.0	0.0	0.0	KEEP_ARTHROPOD	98.664	100.0	30.0	100.0	85.0	Serine/threonine-protein kinase, active site	IPR008271; IPR050235; IPR011009; IPR000719; IPR017441	Serine/threonine-protein kinase, active site; Casein kinase 1/Serine/threonine-protein kinase-like; Protein kinase-like domain superfamily; Protein kinase domain; Protein kinase, ATP binding site	PF00069; Protein kinase domain	PTHR11909; CASEIN KINASE-RELATED	GO:0004672(InterPro)|GO:0006468(InterPro); GO:0005524(InterPro)|GO:0006468(InterPro); GO:0005524(InterPro)	enzyme	SIGNALING	tr|A0A4C1ZSM7|A0A4C1ZSM7_EUMVA non-specific serine/threonine protein kinase OS=Eumeta variegata OX=151549 GN=ball PE=4 SV=1
g14198.t1	263	86.849	KEEP	Strong arthropod homology with multiple qualifying hits and strong combined evidence.	416	tr|A0A8S4DKS2|A0A8S4DKS2_PLUXY	Plutella xylostella	51655	Eukaryota; Metazoa; Arthropoda; Insecta; Lepidoptera	88.378	99.0	0.0	768.0	10	10	1.0	0.0	0.0	0.0	0.0	KEEP_ARTHROPOD	98.664	100.0	30.0	100.0	85.0	Serine/threonine-protein kinase, active site	IPR008271; IPR000719; IPR011009; IPR017441; IPR002291	Serine/threonine-protein kinase, active site; Protein kinase domain; Protein kinase-like domain superfamily; Protein kinase, ATP binding site; Phosphorylase kinase, gamma catalytic subunit	PF00069; Protein kinase domain	PTHR24347; SERINE/THREONINE-PROTEIN KINASE	GO:0004672(InterPro)|GO:0006468(InterPro); GO:0005524(InterPro)|GO:0006468(InterPro); GO:0005524(InterPro); GO:0004689(InterPro)|GO:0005516(InterPro)|GO:0005524(InterPro)|GO:0005964(InterPro)|GO:0005977(InterPro)|GO:0006468(InterPro)	enzyme	SIGNALING	tr|A0A8S4DKS2|A0A8S4DKS2_PLUXY phosphorylase kinase OS=Plutella xylostella OX=51655 GN=PLXY2_LOCUS3251 PE=3 SV=1
g1288.t1	264	86.849	KEEP	Strong arthropod homology with multiple qualifying hits and strong combined evidence.	889	tr|A0A4C1W0S5|A0A4C1W0S5_EUMVA	Eumeta variegata	151549	Eukaryota; Metazoa; Arthropoda; Insecta; Lepidoptera	94.475	99.0	0.0	1759.0	10	10	1.0	0.0	0.0	0.0	0.0	KEEP_ARTHROPOD	98.664	100.0	30.0	100.0	85.0	Protein kinase domain	IPR000719; IPR049761; IPR017441; IPR050236; IPR008271; IPR011009; IPR000961	Protein kinase domain; Serine/threonine-protein kinase , Mob-binding domain; Protein kinase, ATP binding site; Serine/threonine-protein kinases, AGC; Serine/threonine-protein kinase, active site; Protein kinase-like domain superfamily; AGC-kinase, C-terminal	PF00069; Protein kinase domain	PTHR24356; SERINE/THREONINE-PROTEIN KINASE	GO:0005524(InterPro)|GO:0006468(InterPro); GO:0005524(InterPro); GO:0000082(PANTHER)|GO:0004674(PANTHER)|GO:0018105(PANTHER)|GO:0035329(PANTHER)|GO:0035556(PANTHER)|GO:0043065(PANTHER)|GO:0046620(PANTHER); GO:0004672(InterPro)|GO:0006468(InterPro); GO:0004674(InterPro)|GO:0005524(InterPro)|GO:0006468(InterPro)	enzyme	SIGNALING	non-specific serine/threonine protein kinase OS=Eumeta variegata OX=151549 GN=EVAR_24813_1 PE=3 SV=1
g1191.t1	265	86.849	KEEP	Strong arthropod homology with multiple qualifying hits and strong combined evidence.	296	tr|A0A194PM22|A0A194PM22_PAPXU	Papilio xuthus	66420	Eukaryota; Metazoa; Arthropoda; Insecta; Lepidoptera	78.571	99.0	4.33e-174	491.0	10	10	1.0	0.0	0.0	0.0	0.0	KEEP_ARTHROPOD	98.664	100.0	30.0	100.0	85.0	Ribokinase-like	IPR029056; IPR004625; IPR013749	Ribokinase-like; Pyridoxine kinase; Pyridoxamine kinase/Phosphomethylpyrimidine kinase	PF08543; Phosphomethylpyrimidine kinase	PTHR10534; PYRIDOXAL KINASE	GO:0008478(InterPro)|GO:0009443(InterPro); GO:0005829(PANTHER)|GO:0008478(PANTHER)|GO:0008478(InterPro)|GO:0009443(InterPro)|GO:0009443(PANTHER)	enzyme	SIGNALING	Pyridoxal kinase OS=Papilio xuthus OX=66420 GN=RR46_04445 PE=3 SV=1
g4175.t1	266	86.849	KEEP	Strong arthropod homology with multiple qualifying hits and strong combined evidence.	535	tr|A0A9N9R483|A0A9N9R483_9NEOP	Diatraea saccharalis	40085	Eukaryota; Metazoa; Arthropoda; Insecta; Lepidoptera	71.481	99.0	0.0	828.0	10	10	1.0	0.0	0.0	0.0	0.0	KEEP_ARTHROPOD	98.664	100.0	30.0	100.0	85.0	Protein kinase-like domain superfamily	IPR011009; IPR051409; IPR004147; IPR034646	Protein kinase-like domain superfamily; Atypical kinase ADCK; ABC1 atypical kinase-like domain; ADCK3-like domain	PF03109; ABC1 atypical kinase-like domain	PTHR43851	GO:0006744(PANTHER)	enzyme	SIGNALING	ABC1 atypical kinase-like domain-containing protein OS=Diatraea saccharalis OX=40085 GN=DIATSA_LOCUS6784 PE=3 SV=1
g15783.t1	267	86.849	KEEP	Strong arthropod homology with multiple qualifying hits and strong combined evidence.	78	tr|A0AAV1KR80|A0AAV1KR80_9NEOP	Parnassius mnemosyne	213953	Eukaryota; Metazoa; Arthropoda; Insecta; Lepidoptera	94.805	99.0	1.69e-47	154.0	10	10	1.0	0.0	0.0	0.0	0.0	KEEP_ARTHROPOD	98.664	100.0	30.0	100.0	85.0	Cyclin-dependent kinase, regulatory subunit	IPR000789; IPR036858	Cyclin-dependent kinase, regulatory subunit; Cyclin-dependent kinase, regulatory subunit superfamily	PF01111; Cyclin-dependent kinase regulatory subunit	PTHR23415; CYCLIN-DEPENDENT KINASES REGULATORY SUBUNIT/60S RIBOSOME SUBUNIT BIOGENESIS PROTEIN NIP7	GO:0016538(InterPro)	enzyme	SIGNALING	tr|A0AAV1KR80|A0AAV1KR80_9NEOP Cyclin-dependent kinases regulatory subunit OS=Parnassius mnemosyne OX=213953 GN=PARMNEM_LOCUS5565 PE=3 SV=1
g2654.t1	268	86.849	KEEP	Strong arthropod homology with multiple qualifying hits and strong combined evidence.	192	tr|A0A9J7DZT3|A0A9J7DZT3_SPOLT	Plutella xylostella	51655	Eukaryota; Metazoa; Arthropoda; Insecta; Lepidoptera	98.953	99.0	4.35e-134	392.0	10	10	1.0	0.0	0.0	0.0	0.0	KEEP_ARTHROPOD	98.664	100.0	30.0	100.0	85.0	Protein kinase domain	IPR000719; IPR011009; IPR008271; IPR050117	Protein kinase domain; Protein kinase-like domain superfamily; Serine/threonine-protein kinase, active site; Mitogen-activated protein (MAP) kinase	PF00069; Protein kinase domain	PTHR24055; MITOGEN-ACTIVATED PROTEIN KINASE	GO:0005524(InterPro)|GO:0006468(InterPro); GO:0004672(InterPro)|GO:0006468(InterPro)	enzyme	SIGNALING	Mitogen-activated protein kinase OS=Spodoptera litura OX=69820 GN=LOC111351547 PE=3 SV=1
g10299.t1	269	86.849	KEEP	Strong arthropod homology with multiple qualifying hits and strong combined evidence.	1382	tr|A0A4C1XG70|A0A4C1XG70_EUMVA	Eumeta variegata	151549	Eukaryota; Metazoa; Arthropoda; Insecta; Lepidoptera	86.344	99.0	0.0	2396.0	10	10	1.0	0.0	0.0	0.0	0.0	KEEP_ARTHROPOD	98.664	100.0	30.0	100.0	85.0	Serine-threonine/tyrosine-protein kinase, catalytic domain	IPR001245; IPR020635; IPR017441; IPR000719; IPR050122; IPR008266; IPR011009	Serine-threonine/tyrosine-protein kinase, catalytic domain; Tyrosine-protein kinase, catalytic domain; Protein kinase, ATP binding site; Protein kinase domain; Receptor Tyrosine Kinase; Tyrosine-protein kinase, active site; Protein kinase-like domain superfamily	PF07714; Protein tyrosine and serine/threonine kinase	PTHR24416; TYROSINE-PROTEIN KINASE RECEPTOR	GO:0004672(InterPro)|GO:0006468(InterPro); GO:0004713(InterPro)|GO:0006468(InterPro); GO:0005524(InterPro); GO:0004672(InterPro)|GO:0005524(InterPro)|GO:0006468(InterPro); GO:0004714(PANTHER)|GO:0005886(PANTHER)|GO:0007169(PANTHER)|GO:0007275(PANTHER)|GO:0033674(PANTHER)|GO:0043235(PANTHER)	enzyme; receptor	SIGNALING	receptor protein-tyrosine kinase OS=Eumeta variegata OX=151549 GN=Cad96Ca PE=4 SV=1
g11431.t1	270	86.849	KEEP	Strong arthropod homology with multiple qualifying hits and strong combined evidence.	646	tr|A0A4C2AFB5|A0A4C2AFB5_EUMVA	Eumeta variegata	151549	Eukaryota; Metazoa; Arthropoda; Insecta; Lepidoptera	81.818	99.0	0.0	1073.0	10	10	1.0	0.0	0.0	0.0	0.0	KEEP_ARTHROPOD	98.664	100.0	30.0	100.0	85.0	Protein kinase domain	IPR000719; IPR007330; IPR011009; IPR051866; IPR036181	Protein kinase domain; MIT domain; Protein kinase-like domain superfamily; Intracellular Signaling and Trafficking Protein; MIT domain superfamily	PF00069; Protein kinase domain; PF04212; MIT (microtubule interacting and transport) domain	PTHR15508; RIBOSOMAL PROTEIN S6 KINASE	GO:0004672(InterPro)|GO:0005524(InterPro)|GO:0006468(InterPro)	enzyme; transporter; signal	SIGNALING	Ribosomal protein S6 kinase-like 1 OS=Eumeta variegata OX=151549 GN=RPS6KL1 PE=4 SV=1
g4564.t1	271	86.849	KEEP	Strong arthropod homology with multiple qualifying hits and strong combined evidence.	295	tr|A0A4C1V1J4|A0A4C1V1J4_EUMVA	Eumeta variegata	151549	Eukaryota; Metazoa; Arthropoda; Insecta; Lepidoptera	97.279	99.0	0.0	606.0	10	10	1.0	0.0	0.0	0.0	0.0	KEEP_ARTHROPOD	98.664	100.0	30.0	100.0	85.0	Protein kinase-like domain superfamily	IPR011009; IPR000719; IPR051585	Protein kinase-like domain superfamily; Protein kinase domain; STE20 Subfamily Serine/Threonine Kinases	PF00069; Protein kinase domain	PTHR46538; PROTEIN KINASE DOMAIN-CONTAINING PROTEIN	GO:0005524(InterPro)|GO:0006468(InterPro)	enzyme	SIGNALING	Protein kinase domain-containing protein OS=Eumeta variegata OX=151549 GN=EVAR_16813_1 PE=4 SV=1
g15503.t1	272	86.849	KEEP	Strong arthropod homology with multiple qualifying hits and strong combined evidence.	302	tr|A0A9P0BV46|A0A9P0BV46_CHRIL	Chrysodeixis includens	689277	Eukaryota; Metazoa; Arthropoda; Insecta; Lepidoptera	85.714	99.0	0.0	552.0	10	10	1.0	0.0	0.0	0.0	0.0	KEEP_ARTHROPOD	98.664	100.0	30.0	100.0	85.0	Cyclin-dependent kinase	IPR050108; IPR000719; IPR011009; IPR008271; IPR017441	Cyclin-dependent kinase; Protein kinase domain; Protein kinase-like domain superfamily; Serine/threonine-protein kinase, active site; Protein kinase, ATP binding site	PF00069; Protein kinase domain	PTHR24056; CELL DIVISION PROTEIN KINASE	GO:0000086(PANTHER)|GO:0004674(PANTHER)|GO:0004693(PANTHER)|GO:0005634(PANTHER)|GO:0006468(PANTHER)|GO:0007095(PANTHER); GO:0005524(InterPro)|GO:0006468(InterPro); GO:0004672(InterPro)|GO:0006468(InterPro); GO:0005524(InterPro)	enzyme	SIGNALING	tr|A0A9P0BV46|A0A9P0BV46_CHRIL Protein kinase domain-containing protein OS=Chrysodeixis includens OX=689277 GN=CINC_LOCUS6811 PE=3 SV=1
g11778.t1	273	86.849	KEEP	Strong arthropod homology with multiple qualifying hits and strong combined evidence.	480	tr|A0A4C1VYP8|A0A4C1VYP8_EUMVA	Eumeta variegata	151549	Eukaryota; Metazoa; Arthropoda; Insecta; Lepidoptera	75.901	99.0	0.0	620.0	10	10	1.0	0.0	0.0	0.0	0.0	KEEP_ARTHROPOD	98.664	100.0	30.0	100.0	85.0	Adenylate kinase/UMP-CMP kinase	IPR000850; IPR027417; IPR047499; IPR007858	Adenylate kinase/UMP-CMP kinase; P-loop containing nucleoside triphosphate hydrolase; Adenylate kinase 7, dimerization/docking domain; Dpy-30 motif	PF05186; Dpy-30 motif	PTHR23359; NUCLEOTIDE KINASE	GO:0005524(InterPro)|GO:0006139(InterPro)|GO:0019205(InterPro)	enzyme	SIGNALING	Adenylate kinase 7 OS=Eumeta variegata OX=151549 GN=AK7 PE=4 SV=1
g2543.t1	274	86.849	KEEP	Strong arthropod homology with multiple qualifying hits and strong combined evidence.	206	tr|A0ABR3I4V8|A0ABR3I4V8_LOXSC	Loxostege sticticalis	481309	Eukaryota; Metazoa; Arthropoda; Insecta; Lepidoptera	72.059	99.0	1.33e-105	315.0	10	10	1.0	0.0	0.0	0.0	0.0	KEEP_ARTHROPOD	98.664	100.0	30.0	100.0	85.0	Protein kinase-like domain superfamily	IPR011009	Protein kinase-like domain superfamily	PF01633; Choline/ethanolamine kinase	PTHR22603; CHOLINE/ETHANOALAMINE KINASE	GO:0004305(PANTHER)|GO:0005737(PANTHER)|GO:0006646(PANTHER)	enzyme	SIGNALING	ethanolamine kinase OS=Loxostege sticticalis OX=481309 GN=ABMA27_015939 PE=3 SV=1
g3370.t1	275	86.849	KEEP	Strong arthropod homology with multiple qualifying hits and strong combined evidence.	2262	tr|A0A9J7IZ86|A0A9J7IZ86_SPOLT	Spodoptera litura	69820	Eukaryota; Metazoa; Arthropoda; Insecta; Lepidoptera	73.994	99.0	0.0	3491.0	10	10	1.0	0.0	0.0	0.0	0.0	KEEP_ARTHROPOD	98.664	100.0	30.0	100.0	85.0	SMG1, PIKK catalytic domain	IPR039414; IPR000403; IPR014009; IPR050517; IPR036940; IPR016024; IPR031559; IPR011009	SMG1, PIKK catalytic domain; Phosphatidylinositol 3-/4-kinase, catalytic domain; PIK-related kinase, FAT domain; DNA Damage Response and Repair Kinase; Phosphatidylinositol 3-/4-kinase, catalytic domain superfamily; Armadillo-type fold; Serine/threonine-protein kinase SMG1; Protein kinase-like domain superfamily	PF15785; Serine/threonine-protein kinase smg-1; PF00454; Phosphatidylinositol 3- and 4-kinase	PTHR11139; ATAXIA TELANGIECTASIA MUTATED  ATM -RELATED	GO:0000184(InterPro)|GO:0004674(InterPro); GO:0004674(PANTHER)|GO:0005634(PANTHER)|GO:0005737(PANTHER)|GO:0016242(PANTHER)|GO:0031929(PANTHER)|GO:0031931(PANTHER)|GO:0031932(PANTHER); GO:0000184(InterPro)|GO:0004674(InterPro)|GO:0016310(InterPro)	enzyme	SIGNALING	non-specific serine/threonine protein kinase OS=Spodoptera litura OX=69820 GN=LOC111359158 PE=3 SV=1
g18158.t1	276	86.849	KEEP	Strong arthropod homology with multiple qualifying hits and strong combined evidence.	483	tr|A0A4C1UD32|A0A4C1UD32_EUMVA	Eumeta variegata	151549	Eukaryota; Metazoa; Arthropoda; Insecta; Lepidoptera	84.969	99.0	0.0	678.0	10	10	1.0	0.0	0.0	0.0	0.0	KEEP_ARTHROPOD	98.664	100.0	30.0	100.0	85.0	G protein-coupled receptor, rhodopsin-like	IPR000276; IPR017452	G protein-coupled receptor, rhodopsin-like; GPCR, rhodopsin-like, 7TM	PF00001; 7 transmembrane receptor (rhodopsin family)	PTHR22752; G PROTEIN-COUPLED RECEPTOR	GO:0004930(InterPro)|GO:0007186(InterPro)|GO:0016020(InterPro); GO:0016020(InterPro); GO:0004930(PANTHER)|GO:0007186(PANTHER)	receptor; membrane	SIGNALING	tr|A0A4C1UD32|A0A4C1UD32_EUMVA G-protein coupled receptors family 1 profile domain-containing protein OS=Eumeta variegata OX=151549 GN=EVAR_86199_1 PE=4 SV=1
g2746.t1	277	86.849	KEEP	Strong arthropod homology with multiple qualifying hits and strong combined evidence.	638	tr|A0ACC1D3E0|A0ACC1D3E0_9NEOP	Dendrolimus kikuchii	765133	Eukaryota; Metazoa; Arthropoda; Insecta; Lepidoptera	71.704	99.0	0.0	977.0	10	10	1.0	0.0	0.0	0.0	0.0	KEEP_ARTHROPOD	98.664	100.0	30.0	100.0	85.0	Protein kinase domain	IPR000719; IPR017441; IPR011009; IPR008271	Protein kinase domain; Protein kinase, ATP binding site; Protein kinase-like domain superfamily; Serine/threonine-protein kinase, active site	PF00069; Protein kinase domain	PTHR24359; SERINE/THREONINE-PROTEIN KINASE SBK1	GO:0005524(InterPro)|GO:0006468(InterPro); GO:0004674(PANTHER); GO:0005524(InterPro); GO:0004672(InterPro)|GO:0006468(InterPro)	enzyme	SIGNALING	Protein kinase domain-containing protein OS=Dendrolimus kikuchii OX=765133 GN=K1T71_006282 PE=4 SV=1
g1107.t1	278	86.849	KEEP	Strong arthropod homology with multiple qualifying hits and strong combined evidence.	601	tr|A0A9R0DVB5|A0A9R0DVB5_SPOFR	Spodoptera frugiperda	7108	Eukaryota; Metazoa; Arthropoda; Insecta; Lepidoptera	83.67	99.0	0.0	1007.0	10	10	1.0	0.0	0.0	0.0	0.0	KEEP_ARTHROPOD	98.664	100.0	30.0	100.0	85.0	Protein kinase domain	IPR000719; IPR011009; IPR016137; IPR036305; IPR000961; IPR000239; IPR044926; IPR017441	Protein kinase domain; Protein kinase-like domain superfamily; RGS domain; RGS domain superfamily; AGC-kinase, C-terminal; GPCR kinase; RGS, subdomain 2; Protein kinase, ATP binding site	PF00069; Protein kinase domain; PF00615; Regulator of G protein signaling domain	PTHR24355; G PROTEIN-COUPLED RECEPTOR KINASE/RIBOSOMAL PROTEIN S6 KINASE	GO:0005524(InterPro)|GO:0006468(InterPro); GO:0004672(PANTHER)|GO:0005737(PANTHER)|GO:0006468(PANTHER)|GO:0009966(PANTHER); GO:0004674(InterPro)|GO:0005524(InterPro)|GO:0006468(InterPro); GO:0004703(InterPro)|GO:0005524(InterPro)|GO:0006468(InterPro)|GO:0007165(InterPro); GO:0005524(InterPro)	enzyme; receptor; signal	SIGNALING	G protein-coupled receptor kinase OS=Spodoptera frugiperda OX=7108 GN=LOC118270229 PE=3 SV=1
g2840.t1	279	86.849	KEEP	Strong arthropod homology with multiple qualifying hits and strong combined evidence.	303	tr|A0A9P0N7D2|A0A9P0N7D2_SPOLI	Spodoptera littoralis	7109	Eukaryota; Metazoa; Arthropoda; Insecta; Lepidoptera	83.553	99.0	0.0	525.0	10	10	1.0	0.0	0.0	0.0	0.0	KEEP_ARTHROPOD	98.664	100.0	30.0	100.0	85.0	Neuropeptide-activated GPCR	IPR052665; IPR000276; IPR017452; IPR001817	Neuropeptide-activated GPCR; G protein-coupled receptor, rhodopsin-like; GPCR, rhodopsin-like, 7TM; Vasopressin receptor	PF00001; 7 transmembrane receptor (rhodopsin family)	PTHR24224; CARDIOACCELERATORY PEPTIDE RECEPTOR-RELATED	GO:0005886(PANTHER)|GO:0007218(PANTHER)|GO:0008188(PANTHER)|GO:0016020(PANTHER); GO:0004930(InterPro)|GO:0007186(InterPro)|GO:0016020(InterPro); GO:0016020(InterPro); GO:0005000(InterPro)|GO:0007186(InterPro)|GO:0016020(InterPro)	receptor; membrane	SIGNALING	G-protein coupled receptors family 1 profile domain-containing protein OS=Spodoptera littoralis OX=7109 GN=SPLIT_LOCUS9489 PE=3 SV=1
g17139.t1	280	86.849	KEEP	Strong arthropod homology with multiple qualifying hits and strong combined evidence.	585	tr|A0A4C1X9M4|A0A4C1X9M4_EUMVA	Eumeta variegata	151549	Eukaryota; Metazoa; Arthropoda; Insecta; Lepidoptera	87.65	99.0	0.0	948.0	10	10	1.0	0.0	0.0	0.0	0.0	KEEP_ARTHROPOD	98.664	100.0	30.0	100.0	85.0	Protein kinase domain	IPR000719; IPR001245; IPR011009; IPR020635; IPR017441; IPR008266; IPR050122	Protein kinase domain; Serine-threonine/tyrosine-protein kinase, catalytic domain; Protein kinase-like domain superfamily; Tyrosine-protein kinase, catalytic domain; Protein kinase, ATP binding site; Tyrosine-protein kinase, active site; Receptor Tyrosine Kinase	PF07714; Protein tyrosine and serine/threonine kinase	PTHR24416; TYROSINE-PROTEIN KINASE RECEPTOR	GO:0005524(InterPro)|GO:0006468(InterPro); GO:0004672(InterPro)|GO:0006468(InterPro); GO:0004713(InterPro)|GO:0006468(InterPro); GO:0005524(InterPro); GO:0004714(PANTHER)|GO:0005030(PANTHER)|GO:0005886(PANTHER)|GO:0007169(PANTHER)|GO:0007275(PANTHER)|GO:0010976(PANTHER)|GO:0030424(PANTHER)|GO:0033674(PANTHER)|GO:0043121(PANTHER)|GO:0043235(PANTHER)|GO:0051897(PANTHER)|GO:1990090(PANTHER)	enzyme; receptor	SIGNALING	tr|A0A4C1X9M4|A0A4C1X9M4_EUMVA Tyrosine-protein kinase transmembrane receptor Ror OS=Eumeta variegata OX=151549 GN=Ror PE=4 SV=1
g14576.t1	281	86.849	KEEP	Strong arthropod homology with multiple qualifying hits and strong combined evidence.	326	tr|A0A0S1YDB6|A0A0S1YDB6_CHISP	Chilo suppressalis	168631	Eukaryota; Metazoa; Arthropoda; Insecta; Lepidoptera	71.692	99.0	5.93e-176	503.0	10	10	1.0	0.0	0.0	0.0	0.0	KEEP_ARTHROPOD	98.664	100.0	30.0	100.0	85.0	G-protein coupled receptor 2	IPR050332; IPR000832; IPR017981	G-protein coupled receptor 2; GPCR, family 2, secretin-like; GPCR, family 2-like, 7TM	PF00002; 7 transmembrane receptor (Secretin family)	PTHR45620; PDF RECEPTOR-LIKE PROTEIN-RELATED	GO:0005886(PANTHER)|GO:0007188(PANTHER)|GO:0008528(PANTHER); GO:0004930(InterPro)|GO:0007186(InterPro)|GO:0016020(InterPro); GO:0004888(InterPro)|GO:0007166(InterPro)|GO:0016020(InterPro)	receptor; membrane	SIGNALING	tr|A0A0S1YDB6|A0A0S1YDB6_CHISP Neuropeptide receptor B4 OS=Chilo suppressalis OX=168631 GN=B4 PE=2 SV=1
g16270.t1	282	86.849	KEEP	Strong arthropod homology with multiple qualifying hits and strong combined evidence.	1011	tr|A0A6J2JBU6|A0A6J2JBU6_BOMMA	Bombyx mandarina	7092	Eukaryota; Metazoa; Arthropoda; Insecta; Lepidoptera	88.834	99.0	0.0	1791.0	10	10	1.0	0.0	0.0	0.0	0.0	KEEP_ARTHROPOD	98.664	100.0	30.0	100.0	85.0	HR1 repeat superfamily	IPR036274; IPR000719; IPR035892; IPR011072; IPR000961; IPR008271; IPR037313; IPR011009; IPR017892; IPR017441	HR1 repeat superfamily; Protein kinase domain; C2 domain superfamily; HR1 rho-binding domain; AGC-kinase, C-terminal; Serine/threonine-protein kinase, active site; Serine/threonine-protein kinase N, first HR1 domain; Protein kinase-like domain superfamily; Protein kinase, C-terminal; Protein kinase, ATP binding site	PF00069; Protein kinase domain; PF02185; Hr1 repeat; PF00433; Protein kinase C terminal domain	PTHR24351; RIBOSOMAL PROTEIN S6 KINASE	GO:0005524(InterPro)|GO:0006468(InterPro); GO:0007165(InterPro); GO:0004674(InterPro)|GO:0005524(InterPro)|GO:0006468(InterPro); GO:0004672(InterPro)|GO:0006468(InterPro); GO:0004674(InterPro)|GO:0006468(InterPro)|GO:0031267(InterPro); GO:0005524(InterPro)	enzyme	SIGNALING	tr|A0A6J2JBU6|A0A6J2JBU6_BOMMA protein kinase C OS=Bombyx mandarina OX=7092 GN=LOC114240586 PE=3 SV=1
g4502.t1	283	86.849	KEEP	Strong arthropod homology with multiple qualifying hits and strong combined evidence.	588	tr|A0A921Z0K6|A0A921Z0K6_MANSE	Manduca sexta	7130	Eukaryota; Metazoa; Arthropoda; Insecta; Lepidoptera	85.329	99.0	0.0	1080.0	10	10	1.0	0.0	0.0	0.0	0.0	KEEP_ARTHROPOD	98.664	100.0	30.0	100.0	85.0	Tyrosine-protein kinase, active site	IPR008266; IPR050122; IPR000001; IPR001245; IPR038178; IPR013806; IPR036790; IPR000719; IPR018056; IPR020067; IPR017441; IPR011009; IPR020635	Tyrosine-protein kinase, active site; Receptor Tyrosine Kinase; Kringle; Serine-threonine/tyrosine-protein kinase, catalytic domain; Kringle superfamily; Kringle-like fold; Frizzled cysteine-rich domain superfamily; Protein kinase domain; Kringle, conserved site; Frizzled domain; Protein kinase, ATP binding site; Protein kinase-like domain superfamily; Tyrosine-protein kinase, catalytic domain	PF00051; Kringle domain; PF07714; Protein tyrosine and serine/threonine kinase; PF01392; Fz domain	PTHR24416; TYROSINE-PROTEIN KINASE RECEPTOR	GO:0004672(InterPro)|GO:0006468(InterPro); GO:0004714(PANTHER)|GO:0005886(PANTHER)|GO:0007169(PANTHER)|GO:0007275(PANTHER)|GO:0017147(PANTHER)|GO:0033674(PANTHER)|GO:0043235(PANTHER); GO:0005515(InterPro); GO:0005524(InterPro)|GO:0006468(InterPro); GO:0005524(InterPro); GO:0004713(InterPro)|GO:0006468(InterPro)	enzyme; receptor	SIGNALING	receptor protein-tyrosine kinase OS=Manduca sexta OX=7130 GN=O3G_MSEX005565 PE=4 SV=1
g17616.t1	284	86.849	KEEP	Strong arthropod homology with multiple qualifying hits and strong combined evidence.	357	tr|A0A194R122|A0A194R122_PAPMA	Papilio machaon	76193	Eukaryota; Metazoa; Arthropoda; Insecta; Lepidoptera	86.402	99.0	0.0	632.0	10	10	1.0	0.0	0.0	0.0	0.0	KEEP_ARTHROPOD	98.664	100.0	30.0	100.0	85.0	TRPM, SLOG domain	IPR041491; IPR050927	TRPM, SLOG domain; Transient receptor potential cation channel M	PF18139; SLOG in TRPM	PTHR13800; TRANSIENT RECEPTOR POTENTIAL CATION CHANNEL, SUBFAMILY M, MEMBER 6	GO:0005261(PANTHER)|GO:0005886(PANTHER)|GO:0030001(PANTHER)|GO:0098655(PANTHER)	receptor; transporter	SIGNALING	tr|A0A194R122|A0A194R122_PAPMA Transient receptor potential cation channel CG34123 OS=Papilio machaon OX=76193 GN=RR48_13175 PE=4 SV=1
g6420.t1	285	86.849	KEEP	Strong arthropod homology with multiple qualifying hits and strong combined evidence.	415	tr|A0A8J9YC40|A0A8J9YC40_9NEOP	Brenthis ino	405034	Eukaryota; Metazoa; Arthropoda; Insecta; Lepidoptera	92.029	99.0	0.0	777.0	10	10	1.0	0.0	0.0	0.0	0.0	KEEP_ARTHROPOD	98.664	100.0	30.0	100.0	85.0	Phosphoglycerate kinase	IPR001576; IPR015911; IPR015824; IPR036043	Phosphoglycerate kinase; Phosphoglycerate kinase, conserved site; Phosphoglycerate kinase, N-terminal; Phosphoglycerate kinase superfamily	PF00162; Phosphoglycerate kinase	PTHR11406; PHOSPHOGLYCERATE KINASE	GO:0004618(InterPro)|GO:0006096(InterPro); GO:0004618(PANTHER)|GO:0004618(InterPro)|GO:0005524(PANTHER)|GO:0005829(PANTHER)|GO:0006094(PANTHER)|GO:0006096(InterPro)|GO:0006096(PANTHER)|GO:0043531(PANTHER)	enzyme	SIGNALING	Phosphoglycerate kinase (Fragment) OS=Brenthis ino OX=405034 GN=BINO364_LOCUS8284 PE=3 SV=1
g2110.t1	286	86.849	KEEP	Strong arthropod homology with multiple qualifying hits and strong combined evidence.	546	tr|A0ABM3MLJ8|A0ABM3MLJ8_GALME	Galleria mellonella	7137	Eukaryota; Metazoa; Arthropoda; Insecta; Lepidoptera	91.743	99.0	0.0	1077.0	10	10	1.0	0.0	0.0	0.0	0.0	KEEP_ARTHROPOD	98.664	100.0	30.0	100.0	85.0	Phosphatidylinositol 3-/4-kinase, conserved site	IPR018936; IPR000403; IPR001263; IPR015433; IPR042236; IPR016024; IPR011009; IPR036940	Phosphatidylinositol 3-/4-kinase, conserved site; Phosphatidylinositol 3-/4-kinase, catalytic domain; Phosphoinositide 3-kinase, accessory (PIK) domain; Phosphatidylinositol 3-/4-kinase; Phosphoinositide 3-kinase, accessory (PIK) domain superfamily; Armadillo-type fold; Protein kinase-like domain superfamily; Phosphatidylinositol 3-/4-kinase, catalytic domain superfamily	PF00454; Phosphatidylinositol 3- and 4-kinase; PF00613; Phosphoinositide 3-kinase family, accessory domain (PIK domain)	PTHR10048; PHOSPHATIDYLINOSITOL KINASE	GO:0016301(InterPro); GO:0004430(PANTHER)|GO:0005737(PANTHER)|GO:0005886(PANTHER)|GO:0016020(PANTHER)|GO:0046854(PANTHER)|GO:0046854(InterPro)|GO:0048015(PANTHER)|GO:0052742(PANTHER)	enzyme	SIGNALING	1-phosphatidylinositol 4-kinase OS=Galleria mellonella OX=7137 GN=LOC113514863 PE=3 SV=1
g18557.t1	287	86.849	KEEP	Strong arthropod homology with multiple qualifying hits and strong combined evidence.	603	tr|A0A8S0ZY62|A0A8S0ZY62_ARCPL	Arctia plantaginis	874455	Eukaryota; Metazoa; Arthropoda; Insecta; Lepidoptera	87.993	99.0	0.0	972.0	10	10	1.0	0.0	0.0	0.0	0.0	KEEP_ARTHROPOD	98.664	100.0	30.0	100.0	85.0	CRIB domain superfamily	IPR036936; IPR000719; IPR008271; IPR000095; IPR011009; IPR051931; IPR017441; IPR033923	CRIB domain superfamily; Protein kinase domain; Serine/threonine-protein kinase, active site; CRIB domain; Protein kinase-like domain superfamily; Serine/threonine-protein kinase PAK 3-like; Protein kinase, ATP binding site; p21 activated kinase binding domain	PF00786; P21-Rho-binding domain; PF00069; Protein kinase domain	PTHR45832; SERINE/THREONINE-PROTEIN KINASE SAMKA-RELATED-RELATED	GO:0005524(InterPro)|GO:0006468(InterPro); GO:0004672(InterPro)|GO:0006468(InterPro); GO:0005524(InterPro); GO:0004674(InterPro)	enzyme	SIGNALING	tr|A0A8S0ZY62|A0A8S0ZY62_ARCPL non-specific serine/threonine protein kinase OS=Arctia plantaginis OX=874455 GN=APLA_LOCUS4474 PE=3 SV=1
g2667.t1	288	86.849	KEEP	Strong arthropod homology with multiple qualifying hits and strong combined evidence.	728	tr|A0A4C2AFB5|A0A4C2AFB5_EUMVA	Eumeta variegata	151549	Eukaryota; Metazoa; Arthropoda; Insecta; Lepidoptera	81.641	99.0	0.0	1177.0	10	10	1.0	0.0	0.0	0.0	0.0	KEEP_ARTHROPOD	98.664	100.0	30.0	100.0	85.0	Intracellular Signaling and Trafficking Protein	IPR051866; IPR011009; IPR007330; IPR000719; IPR036181	Intracellular Signaling and Trafficking Protein; Protein kinase-like domain superfamily; MIT domain; Protein kinase domain; MIT domain superfamily	PF04212; MIT (microtubule interacting and transport) domain; PF00069; Protein kinase domain	PTHR15508; RIBOSOMAL PROTEIN S6 KINASE	GO:0005524(InterPro)|GO:0006468(InterPro)	enzyme; transporter; signal	SIGNALING	Ribosomal protein S6 kinase-like 1 OS=Eumeta variegata OX=151549 GN=RPS6KL1 PE=4 SV=1
g2278.t1	289	86.849	KEEP	Strong arthropod homology with multiple qualifying hits and strong combined evidence.	157	tr|A0ABN8L655|A0ABN8L655_CHISP	Manduca sexta	7130	Eukaryota; Metazoa; Arthropoda; Insecta; Lepidoptera	93.59	99.0	7.81e-100	299.0	10	10	1.0	0.0	0.0	0.0	0.0	KEEP_ARTHROPOD	98.664	100.0	30.0	100.0	85.0	Pseudokinase tribbles family/serine-threonine-protein kinase 40	IPR024104; IPR011009; IPR000719	Pseudokinase tribbles family/serine-threonine-protein kinase 40; Protein kinase-like domain superfamily; Protein kinase domain	PF00069; Protein kinase domain	PTHR22961; SER/THR PROTEIN KINASE-TRB	GO:0005634(PANTHER)|GO:0031434(PANTHER)|GO:0032436(PANTHER)|GO:0043405(PANTHER); GO:0005524(InterPro)|GO:0006468(InterPro)	enzyme	SIGNALING	Protein kinase domain-containing protein OS=Chilo suppressalis OX=168631 GN=CHILSU_LOCUS7963 PE=3 SV=1
g1101.t2	290	86.849	KEEP	Strong arthropod homology with multiple qualifying hits and strong combined evidence.	536	tr|A0A4C1X6I1|A0A4C1X6I1_EUMVA	Eumeta variegata	151549	Eukaryota; Metazoa; Arthropoda; Insecta; Lepidoptera	91.771	99.0	0.0	1044.0	10	10	1.0	0.0	0.0	0.0	0.0	KEEP_ARTHROPOD	98.664	100.0	30.0	100.0	85.0	Pyruvate kinase, C-terminal	IPR015795; IPR036918; IPR011037; IPR001697; IPR015806; IPR040442; IPR015813; IPR018209; IPR015793	Pyruvate kinase, C-terminal; Pyruvate kinase, C-terminal domain superfamily; Pyruvate kinase-like, insert domain superfamily; Pyruvate kinase; Pyruvate kinase, insert domain superfamily; Pyruvate kinase-like domain superfamily; Pyruvate/Phosphoenolpyruvate kinase-like domain superfamily; Pyruvate kinase, active site; Pyruvate kinase, barrel	PF02887; Pyruvate kinase, alpha/beta domain; PF00224; Pyruvate kinase, barrel domain	PTHR11817; PYRUVATE KINASE	GO:0000287(InterPro)|GO:0004743(InterPro)|GO:0006096(InterPro)|GO:0030955(InterPro); GO:0004743(InterPro)|GO:0006096(InterPro)	enzyme	SIGNALING	Pyruvate kinase (Fragment) OS=Eumeta variegata OX=151549 GN=PyK PE=3 SV=1
g19329.t1	291	86.849	KEEP	Strong arthropod homology with multiple qualifying hits and strong combined evidence.	735	tr|A0A6J3CA49|A0A6J3CA49_GALME	Galleria mellonella	7137	Eukaryota; Metazoa; Arthropoda; Insecta; Lepidoptera	90.897	99.0	0.0	1392.0	10	10	1.0	0.0	0.0	0.0	0.0	KEEP_ARTHROPOD	98.664	100.0	30.0	100.0	85.0	EF-Hand 1, calcium-binding site	IPR018247; IPR001206; IPR002219; IPR002048; IPR037607; IPR000756; IPR046349; IPR017438; IPR011992; IPR016064; IPR029477; IPR038199	EF-Hand 1, calcium-binding site; Diacylglycerol kinase, catalytic domain; Protein kinase C-like, phorbol ester/diacylglycerol-binding domain; EF-hand domain; Diacylglycerol kinase; Diacylglycerol kinase, accessory domain; C1-like domain superfamily; Inorganic polyphosphate/ATP-NAD kinase, N-terminal; EF-hand domain pair; NAD kinase/diacylglycerol kinase-like domain superfamily; Diacylglycerol kinase type I, N-terminal; DGK type I, N-terminal domain superfamily	PF00781; Diacylglycerol kinase catalytic domain; PF00130; Phorbol esters/diacylglycerol binding domain (C1 domain); PF13499; EF-hand domain pair; PF00609; Diacylglycerol kinase accessory domain; PF14513; Diacylglycerol kinase N-terminus	PTHR11255; DIACYLGLYCEROL KINASE	GO:0016301(InterPro); GO:0005509(InterPro); GO:0004143(InterPro)|GO:0004143(PANTHER)|GO:0005886(PANTHER)|GO:0007165(InterPro)|GO:0016020(PANTHER); GO:0004143(InterPro)|GO:0007200(InterPro)	enzyme; transcription_factor	SIGNALING	tr|A0A6J3CA49|A0A6J3CA49_GALME Diacylglycerol kinase OS=Galleria mellonella OX=7137 GN=LOC113513442 PE=3 SV=2
g19566.t1	292	86.849	KEEP	Strong arthropod homology with multiple qualifying hits and strong combined evidence.	195	tr|A0A4C1ZTZ1|A0A4C1ZTZ1_EUMVA	Eumeta variegata	151549	Eukaryota; Metazoa; Arthropoda; Insecta; Lepidoptera	72.874	99.0	4.97e-117	348.0	10	10	1.0	0.0	0.0	0.0	0.0	KEEP_ARTHROPOD	98.664	100.0	30.0	100.0	85.0	Adenylate kinase/UMP-CMP kinase	IPR000850; IPR033690; IPR027417	Adenylate kinase/UMP-CMP kinase; Adenylate kinase, conserved site; P-loop containing nucleoside triphosphate hydrolase	PF00406; Adenylate kinase	PTHR23359; NUCLEOTIDE KINASE	GO:0005524(InterPro)|GO:0006139(InterPro)|GO:0019205(InterPro)	enzyme	SIGNALING	tr|A0A4C1ZTZ1|A0A4C1ZTZ1_EUMVA Adenylate kinase isoenzyme 1 OS=Eumeta variegata OX=151549 GN=AK1 PE=3 SV=1
g15738.t1	293	86.849	KEEP	Strong arthropod homology with multiple qualifying hits and strong combined evidence.	241	tr|A0A4C1VT94|A0A4C1VT94_EUMVA	Eumeta variegata	151549	Eukaryota; Metazoa; Arthropoda; Insecta; Lepidoptera	95.798	99.0	4.39e-164	463.0	10	10	1.0	0.0	0.0	0.0	0.0	KEEP_ARTHROPOD	98.664	100.0	30.0	100.0	85.0	AMP-activated protein kinase, glycogen-binding domain	IPR032640; IPR050827; IPR013783; IPR037256; IPR014756	AMP-activated protein kinase, glycogen-binding domain; CRP1/MDG1 DNA-binding & kinase subunit; Immunoglobulin-like fold; ASC domain superfamily; Immunoglobulin E-set	PF16561; Glycogen recognition site of AMP-activated protein kinase	PTHR10343; 5'-AMP-ACTIVATED PROTEIN KINASE , BETA SUBUNIT	GO:0005634(PANTHER)|GO:0005737(PANTHER)|GO:0007165(PANTHER)|GO:0019901(PANTHER)|GO:0031588(PANTHER)	enzyme; transcription_factor	SIGNALING	tr|A0A4C1VT94|A0A4C1VT94_EUMVA 5'-AMP-activated protein kinase subunit beta-1 OS=Eumeta variegata OX=151549 GN=PRKAB1 PE=3 SV=1
g5853.t1	294	86.849	KEEP	Strong arthropod homology with multiple qualifying hits and strong combined evidence.	523	tr|A0A821QL00|A0A821QL00_9NEOP	Pieris macdunnoughi	345717	Eukaryota; Metazoa; Arthropoda; Insecta; Lepidoptera	79.619	99.0	0.0	850.0	10	10	1.0	0.0	0.0	0.0	0.0	KEEP_ARTHROPOD	98.664	100.0	30.0	100.0	85.0	Protein-Tyrosine Phosphatase	IPR050348; IPR001251; IPR000242; IPR036865; IPR003595; IPR029021; IPR016130; IPR000387	Protein-Tyrosine Phosphatase; CRAL-TRIO lipid binding domain; Tyrosine-specific protein phosphatase, PTPase domain; CRAL-TRIO lipid binding domain superfamily; Protein-tyrosine phosphatase, catalytic; Protein-tyrosine phosphatase-like; Protein-tyrosine phosphatase, active site; Tyrosine-specific protein phosphatases domain	PF00102; Protein-tyrosine phosphatase; PF00650; CRAL/TRIO domain	PTHR19134; RECEPTOR-TYPE TYROSINE-PROTEIN PHOSPHATASE	GO:0004725(PANTHER); GO:0004725(InterPro)|GO:0006470(InterPro); GO:0016311(InterPro)	enzyme; receptor	SIGNALING	Tyrosine-protein phosphatase non-receptor type 9 OS=Pieris macdunnoughi OX=345717 GN=PMACD_LOCUS4979 PE=3 SV=1
g6611.t1	295	86.849	KEEP	Strong arthropod homology with multiple qualifying hits and strong combined evidence.	230	tr|A0A4C1TX74|A0A4C1TX74_EUMVA	Eumeta variegata	151549	Eukaryota; Metazoa; Arthropoda; Insecta; Lepidoptera	100.0	99.0	7.52e-167	474.0	10	10	1.0	0.0	0.0	0.0	0.0	KEEP_ARTHROPOD	98.664	100.0	30.0	100.0	85.0	Neurotransmitter-gated ion-channel transmembrane domain	IPR006029; IPR038050; IPR036734; IPR006028; IPR006201; IPR036719	Neurotransmitter-gated ion-channel transmembrane domain; Neuronal acetylcholine receptor; Neurotransmitter-gated ion-channel ligand-binding domain superfamily; Gamma-aminobutyric acid A receptor/Glycine receptor alpha; Neurotransmitter-gated ion-channel; Neurotransmitter-gated ion-channel transmembrane domain superfamily	PF02932; Neurotransmitter-gated ion-channel transmembrane region	PTHR18945; NEUROTRANSMITTER GATED ION CHANNEL	GO:0006811(InterPro)|GO:0016020(InterPro); GO:0005230(InterPro)|GO:0006811(InterPro)|GO:0016020(InterPro); GO:0004888(InterPro)|GO:0005216(InterPro)|GO:0016020(InterPro)|GO:0034220(InterPro)	receptor; transporter; membrane	SIGNALING	Glycine receptor subunit alpha-2 OS=Eumeta variegata OX=151549 GN=Glra2 PE=3 SV=1
g13611.t1	296	86.849	KEEP	Strong arthropod homology with multiple qualifying hits and strong combined evidence.	714	tr|A0ABN8I259|A0ABN8I259_9NEOP	Iphiclides podalirius	110791	Eukaryota; Metazoa; Arthropoda; Insecta; Lepidoptera	87.744	99.0	0.0	1281.0	10	10	1.0	0.0	0.0	0.0	0.0	KEEP_ARTHROPOD	98.664	100.0	30.0	100.0	85.0	Diacylglycerol/phorbol-ester binding	IPR020454; IPR008271; IPR002219; IPR035892; IPR000719; IPR046349; IPR000008; IPR017441; IPR000961; IPR011009; IPR017892; IPR014376; IPR034669	Diacylglycerol/phorbol-ester binding; Serine/threonine-protein kinase, active site; Protein kinase C-like, phorbol ester/diacylglycerol-binding domain; C2 domain superfamily; Protein kinase domain; C1-like domain superfamily; C2 domain; Protein kinase, ATP binding site; AGC-kinase, C-terminal; Protein kinase-like domain superfamily; Protein kinase, C-terminal; Protein kinase C, delta/epsilon/eta/theta types; Novel protein kinase C epsilon, catalytic domain	PF00069; Protein kinase domain; PF00168; C2 domain; PF00130; Phorbol esters/diacylglycerol binding domain (C1 domain); PF00433; Protein kinase C terminal domain	PTHR24351; RIBOSOMAL PROTEIN S6 KINASE	GO:0004672(InterPro)|GO:0006468(InterPro); GO:0005524(InterPro)|GO:0006468(InterPro); GO:0005524(InterPro); GO:0004674(InterPro)|GO:0005524(InterPro)|GO:0006468(InterPro); GO:0004697(InterPro)|GO:0006468(InterPro)	enzyme; transcription_factor	SIGNALING	tr|A0ABN8I259|A0ABN8I259_9NEOP protein kinase C (Fragment) OS=Iphiclides podalirius OX=110791 GN=IPOD504_LOCUS4847 PE=3 SV=1
g19612.t1	297	86.849	KEEP	Strong arthropod homology with multiple qualifying hits and strong combined evidence.	366	tr|A0A9J7E2Z6|A0A9J7E2Z6_SPOLT	Spodoptera litura	69820	Eukaryota; Metazoa; Arthropoda; Insecta; Lepidoptera	98.892	99.0	0.0	753.0	10	10	1.0	0.0	0.0	0.0	0.0	KEEP_ARTHROPOD	98.664	100.0	30.0	100.0	85.0	Serine/threonine-protein kinase, active site	IPR008271; IPR011009; IPR008351; IPR000719; IPR050117; IPR003527	Serine/threonine-protein kinase, active site; Protein kinase-like domain superfamily; Mitogen-activated protein (MAP) kinase, JNK; Protein kinase domain; Mitogen-activated protein (MAP) kinase; Mitogen-activated protein (MAP) kinase, conserved site	PF00069; Protein kinase domain	PTHR24055; MITOGEN-ACTIVATED PROTEIN KINASE	GO:0004672(InterPro)|GO:0006468(InterPro); GO:0004707(InterPro)|GO:0005524(InterPro)|GO:0006468(InterPro); GO:0005524(InterPro)|GO:0006468(InterPro)	enzyme	SIGNALING	tr|A0A9J7E2Z6|A0A9J7E2Z6_SPOLT Stress-activated protein kinase JNK OS=Spodoptera litura OX=69820 GN=LOC111354082 PE=3 SV=1
g7160.t1	298	86.849	KEEP	Strong arthropod homology with multiple qualifying hits and strong combined evidence.	1656	tr|A0A4C1WB51|A0A4C1WB51_EUMVA	Eumeta variegata	151549	Eukaryota; Metazoa; Arthropoda; Insecta; Lepidoptera	89.753	99.0	0.0	3066.0	10	10	1.0	0.0	0.0	0.0	0.0	KEEP_ARTHROPOD	98.664	100.0	30.0	100.0	85.0	Serine/threonine-protein kinase, active site	IPR008271; IPR013212; IPR000719; IPR011009; IPR017441; IPR015661	Serine/threonine-protein kinase, active site; Mad3/Bub1 homology region 1; Protein kinase domain; Protein kinase-like domain superfamily; Protein kinase, ATP binding site; Mitotic spindle checkpoint protein Bub1/Mad3	PF00069; Protein kinase domain; PF08311; Mad3/BUB1 homology region 1	PTHR14030; MITOTIC CHECKPOINT SERINE/THREONINE-PROTEIN KINASE BUB1	GO:0004672(InterPro)|GO:0006468(InterPro); GO:0004672(InterPro)|GO:0005524(InterPro)|GO:0006468(InterPro); GO:0005524(InterPro); GO:0004672(PANTHER)|GO:0005634(PANTHER)|GO:0007094(PANTHER)|GO:0007094(InterPro)|GO:0051754(PANTHER)	enzyme	SIGNALING	Mitotic checkpoint serine/threonine-protein kinase BUB1 OS=Eumeta variegata OX=151549 GN=EVAR_28004_1 PE=3 SV=1
g1181.t1	299	86.849	KEEP	Strong arthropod homology with multiple qualifying hits and strong combined evidence.	859	tr|A0A4C1X086|A0A4C1X086_EUMVA	Eumeta variegata	151549	Eukaryota; Metazoa; Arthropoda; Insecta; Lepidoptera	89.412	99.0	0.0	1505.0	10	10	1.0	0.0	0.0	0.0	0.0	KEEP_ARTHROPOD	98.664	100.0	30.0	100.0	85.0	Protein kinase, ATP binding site	IPR017441; IPR000719; IPR011009; IPR008271	Protein kinase, ATP binding site; Protein kinase domain; Protein kinase-like domain superfamily; Serine/threonine-protein kinase, active site	PF00069; Protein kinase domain	PTHR22983; PROTEIN KINASE RELATED	GO:0005524(InterPro); GO:0005524(InterPro)|GO:0006468(InterPro); GO:0005737(PANTHER)|GO:0007224(PANTHER); GO:0004672(InterPro)|GO:0006468(InterPro)	enzyme	SIGNALING	non-specific serine/threonine protein kinase OS=Eumeta variegata OX=151549 GN=EVAR_18988_1 PE=4 SV=1
g13244.t1	300	86.849	KEEP	Strong arthropod homology with multiple qualifying hits and strong combined evidence.	466	tr|A0A4C1YPD4|A0A4C1YPD4_EUMVA	Eumeta variegata	151549	Eukaryota; Metazoa; Arthropoda; Insecta; Lepidoptera	89.677	99.0	0.0	832.0	10	10	1.0	0.0	0.0	0.0	0.0	KEEP_ARTHROPOD	98.664	100.0	30.0	100.0	85.0	K Homology domain, type 1 superfamily	IPR036612; IPR004088; IPR047368; IPR050621; IPR004087	K Homology domain, type 1 superfamily; K Homology domain, type 1; A-kinase anchor protein 1, type I K homology domain; Tudor domain-containing; K Homology domain	PF00013; KH domain	PTHR22948; TUDOR DOMAIN CONTAINING PROTEIN	GO:0003723(InterPro); GO:0003676(InterPro)	enzyme	SIGNALING	A-kinase anchor protein 1, mitochondrial OS=Eumeta variegata OX=151549 GN=Akap1 PE=4 SV=1
g1138.t1	301	86.849	KEEP	Strong arthropod homology with multiple qualifying hits and strong combined evidence.	402	tr|A0A7E5WIY7|A0A7E5WIY7_TRINI	Trichoplusia ni	7111	Eukaryota; Metazoa; Arthropoda; Insecta; Lepidoptera	79.753	99.0	0.0	680.0	10	10	1.0	0.0	0.0	0.0	0.0	KEEP_ARTHROPOD	98.664	100.0	30.0	100.0	85.0	GPCR, rhodopsin-like, 7TM	IPR017452; IPR001817; IPR000276	GPCR, rhodopsin-like, 7TM; Vasopressin receptor; G protein-coupled receptor, rhodopsin-like	PF00001; 7 transmembrane receptor (rhodopsin family)	PTHR24241; NEUROPEPTIDE RECEPTOR-RELATED G-PROTEIN COUPLED RECEPTOR	GO:0016020(InterPro); GO:0005000(InterPro)|GO:0007186(InterPro)|GO:0016020(InterPro); GO:0004930(InterPro)|GO:0007186(InterPro)|GO:0016020(InterPro); GO:0004930(PANTHER)|GO:0005886(PANTHER)|GO:0007186(PANTHER)|GO:0032870(PANTHER)|GO:0042277(PANTHER)|GO:0097003(PANTHER)	receptor; membrane	SIGNALING	Gonadotropin-releasing hormone II receptor-like isoform X2 OS=Trichoplusia ni OX=7111 GN=LOC113503101 PE=3 SV=1
g6581.t1	302	86.849	KEEP	Strong arthropod homology with multiple qualifying hits and strong combined evidence.	491	tr|A0A8B8IAA8|A0A8B8IAA8_VANTA	Vanessa tameamea	334116	Eukaryota; Metazoa; Arthropoda; Insecta; Lepidoptera	74.2	99.0	0.0	751.0	10	10	1.0	0.0	0.0	0.0	0.0	KEEP_ARTHROPOD	98.664	100.0	30.0	100.0	85.0	Tyrosine-protein kinase, catalytic domain	IPR020635; IPR001245; IPR011009; IPR000719; IPR008266; IPR017441; IPR051286	Tyrosine-protein kinase, catalytic domain; Serine-threonine/tyrosine-protein kinase, catalytic domain; Protein kinase-like domain superfamily; Protein kinase domain; Tyrosine-protein kinase, active site; Protein kinase, ATP binding site; Janus Kinase (JAK)	PF07714; Protein tyrosine and serine/threonine kinase	PTHR45807; TYROSINE-PROTEIN KINASE HOPSCOTCH	GO:0004713(InterPro)|GO:0006468(InterPro); GO:0004672(InterPro)|GO:0006468(InterPro); GO:0005524(InterPro)|GO:0006468(InterPro); GO:0005524(InterPro); GO:0004715(PANTHER)|GO:0005126(PANTHER)|GO:0005829(PANTHER)|GO:0007259(PANTHER)|GO:0019221(PANTHER)|GO:0030154(PANTHER)|GO:0035556(PANTHER)	enzyme; receptor	SIGNALING	non-specific protein-tyrosine kinase OS=Vanessa tameamea OX=334116 GN=LOC113399132 PE=4 SV=2
g3686.t1	303	86.836	KEEP	Strong arthropod homology with multiple qualifying hits and strong combined evidence.	262	tr|A0A6J1WV74|A0A6J1WV74_GALME	Galleria mellonella	7137	Eukaryota; Metazoa; Arthropoda; Insecta; Lepidoptera	69.835	92.0	2.43e-126	367.0	10	10	1.0	0.0	0.0	0.0	0.0	KEEP_ARTHROPOD	93.619	100.0	30.0	100.0	95.0	Serine proteases, trypsin domain	IPR001254; IPR018114; IPR001314; IPR009003; IPR033116	Serine proteases, trypsin domain; Serine protease-like, trypsin family, histidine active site; Peptidase S1A, chymotrypsin family; Peptidase S1, PA clan; Serine proteases, trypsin family, serine active site	PF00089; Trypsin	PTHR24276; POLYSERASE-RELATED	GO:0004252(PANTHER); GO:0004252(InterPro)|GO:0006508(InterPro)	enzyme; membrane; digestion	DIGESTION	Trypsin, alkaline C-like OS=Galleria mellonella OX=7137 GN=LOC113516381 PE=3 SV=1
g2172.t1	304	86.829	KEEP	Strong arthropod homology with multiple qualifying hits and strong combined evidence.	319	tr|A0A4C1T211|A0A4C1T211_EUMVA	Eumeta variegata	151549	Eukaryota; Metazoa; Arthropoda; Insecta; Lepidoptera	84.906	99.0	0.0	549.0	10	10	1.0	0.0	0.0	0.0	0.0	KEEP_ARTHROPOD	98.598	100.0	30.0	100.0	85.0	Double-stranded RNA-binding domain	IPR014720; IPR051247	Double-stranded RNA-binding domain; RISC Loading Complex Component	PF00035; Double-stranded RNA binding motif	PTHR46205; LOQUACIOUS, ISOFORM B	GO:0003725(PANTHER)|GO:0005634(PANTHER)|GO:0005737(PANTHER)|GO:0016442(PANTHER)|GO:0030422(PANTHER)|GO:0035197(PANTHER)|GO:0070578(PANTHER)|GO:0070920(PANTHER)		SIGNALING	Interferon-inducible double-stranded RNA-dependent protein kinase activator A homolog A OS=Eumeta variegata OX=151549 GN=prkra-a PE=4 SV=1
g2171.t1	305	86.829	KEEP	Strong arthropod homology with multiple qualifying hits and strong combined evidence.	1247	tr|A0A212EVK1|A0A212EVK1_DANPL	Danaus plexippus plexippus	278856	Eukaryota; Metazoa; Arthropoda; Insecta; Lepidoptera	78.686	99.0	0.0	1820.0	10	10	1.0	0.0	0.0	0.0	0.0	KEEP_ARTHROPOD	98.598	100.0	30.0	100.0	85.0	Transient receptor potential channel, canonical	IPR002153; IPR005821; IPR002110; IPR036770; IPR013555	Transient receptor potential channel, canonical; Ion transport domain; Ankyrin repeat; Ankyrin repeat-containing domain superfamily; Transient receptor ion channel domain	PF00520; Ion transport protein; PF12796; Ankyrin repeats (3 copies); PF00023; Ankyrin repeat; PF08344; Transient receptor ion channel II	PTHR10117; TRANSIENT RECEPTOR POTENTIAL CHANNEL	GO:0005262(InterPro)|GO:0016020(InterPro)|GO:0070588(InterPro); GO:0005216(InterPro)|GO:0006811(InterPro)|GO:0016020(InterPro)|GO:0055085(InterPro); GO:0005515(InterPro); GO:0005262(InterPro)|GO:0005886(PANTHER)|GO:0015279(PANTHER)|GO:0016020(InterPro)|GO:0034703(PANTHER)|GO:0051480(PANTHER)|GO:0070588(PANTHER)|GO:0070588(InterPro)|GO:0070679(PANTHER)	receptor; transporter	SIGNALING	Transient receptor potential-gamma protein isoform 2 OS=Danaus plexippus plexippus OX=278856 GN=KGM_216017 PE=3 SV=1
g14217.t1	306	86.821	KEEP	Strong arthropod homology with multiple qualifying hits and strong combined evidence.	153	tr|A0ABQ7QTV9|A0ABQ7QTV9_PLUXY	Plutella xylostella	51655	Eukaryota; Metazoa; Arthropoda; Insecta; Lepidoptera	69.091	100.0	1.62e-75	231.0	10	10	1.0	0.0	0.0	0.0	0.0	KEEP_ARTHROPOD	98.568	100.0	30.0	100.0	85.0	Mitochondrial import receptor subunit Tom22	IPR005683	Mitochondrial import receptor subunit Tom22	PF04281; Mitochondrial import receptor subunit Tom22	PTHR12504; MITOCHONDRIAL IMPORT RECEPTOR SUBUNIT TOM22	GO:0005741(InterPro)|GO:0006886(InterPro)	receptor	SIGNALING	tr|A0ABQ7QTV9|A0ABQ7QTV9_PLUXY Mitochondrial import receptor subunit TOM22 homolog OS=Plutella xylostella OX=51655 GN=JYU34_005695 PE=3 SV=1
g1470.t1	307	86.8	KEEP	Strong arthropod homology with multiple qualifying hits and strong combined evidence.	1346	tr|A0A4C1ZKB9|A0A4C1ZKB9_EUMVA	Eumeta variegata	151549	Eukaryota; Metazoa; Arthropoda; Insecta; Lepidoptera	62.115	97.0	0.0	1295.0	50	92	1.0	0.0	0.0	0.0	0.0	KEEP_ARTHROPOD	91.001	100.0	30.0	100.0	100.0	Chitin binding domain	IPR002557; IPR051940; IPR036508	Chitin binding domain; Chitin-binding developmental regulator; Chitin binding domain superfamily	PF01607; Chitin binding Peritrophin-A domain	PTHR23301; CHITIN BINDING PERITROPHIN-A	GO:0005576(InterPro)|GO:0008061(InterPro); GO:0008061(InterPro)	development	CHITIN	Probable chitinase 10 OS=Eumeta variegata OX=151549 GN=Cht10 PE=4 SV=1
g4949.t1	308	86.766	KEEP	Strong arthropod homology with multiple qualifying hits and strong combined evidence.	509	tr|A0A4C1WAR0|A0A4C1WAR0_EUMVA	Eumeta variegata	151549	Eukaryota; Metazoa; Arthropoda; Insecta; Lepidoptera	76.42	99.0	0.0	817.0	9	9	1.0	0.0	0.0	0.0	0.0	KEEP_ARTHROPOD	98.387	100.0	30.0	100.0	85.0	Metabotropic Glutamate Receptor	IPR050726; IPR000337; IPR001828; IPR028082	Metabotropic Glutamate Receptor; GPCR, family 3; Receptor, ligand binding region; Periplasmic binding protein-like I	PF01094; Receptor family ligand binding region	PTHR24060; METABOTROPIC GLUTAMATE RECEPTOR	GO:0004930(InterPro)|GO:0007186(InterPro)|GO:0016020(InterPro)	receptor	SIGNALING	Metabotropic glutamate receptor 1 OS=Eumeta variegata OX=151549 GN=Grm1 PE=4 SV=1
g2972.t1	309	86.727	KEEP	Strong arthropod homology with multiple qualifying hits and strong combined evidence.	275	tr|A0A4C1TLV7|A0A4C1TLV7_EUMVA	Eumeta variegata	151549	Eukaryota; Metazoa; Arthropoda; Insecta; Lepidoptera	87.251	91.0	1.26e-164	467.0	11	11	1.0	0.0	0.0	0.0	0.0	KEEP_ARTHROPOD	93.255	100.0	30.0	100.0	95.0	Serine proteases, trypsin domain	IPR001254; IPR001314; IPR018114; IPR009003; IPR033116	Serine proteases, trypsin domain; Peptidase S1A, chymotrypsin family; Serine protease-like, trypsin family, histidine active site; Peptidase S1, PA clan; Serine proteases, trypsin family, serine active site	PF00089; Trypsin	PTHR24252; ACROSIN-RELATED	GO:0004252(InterPro)|GO:0006508(InterPro)	enzyme; digestion	DIGESTION	Trypsin-7 OS=Eumeta variegata OX=151549 GN=TRYP7 PE=4 SV=1
g10798.t1	310	86.7	KEEP	Strong arthropod homology with multiple qualifying hits and strong combined evidence.	2472	tr|A0A9P0BPK6|A0A9P0BPK6_CHRIL	Chrysodeixis includens	689277	Eukaryota; Metazoa; Arthropoda; Insecta; Lepidoptera	69.432	99.0	0.0	3554.0	10	10	1.0	0.0	0.0	0.0	0.0	KEEP_ARTHROPOD	98.167	100.0	30.0	100.0	85.0	Fibronectin type III	IPR003961; IPR000033; IPR036116; IPR011042; IPR020635; IPR013783; IPR017441; IPR001245; IPR060587; IPR050122; IPR000719; IPR011009; IPR008266; IPR002011	Fibronectin type III; LDLR class B repeat; Fibronectin type III superfamily; Six-bladed beta-propeller, TolB-like; Tyrosine-protein kinase, catalytic domain; Immunoglobulin-like fold; Protein kinase, ATP binding site; Serine-threonine/tyrosine-protein kinase, catalytic domain; ROS1, fibronectin type III domain; Receptor Tyrosine Kinase; Protein kinase domain; Protein kinase-like domain superfamily; Tyrosine-protein kinase, active site; Tyrosine-protein kinase, receptor class II, conserved site	PF00041; Fibronectin type III domain; PF07714; Protein tyrosine and serine/threonine kinase; PF28033; ROS1, fibronectin type III domain	PTHR24416; TYROSINE-PROTEIN KINASE RECEPTOR	GO:0005515(InterPro); GO:0004713(InterPro)|GO:0006468(InterPro); GO:0005524(InterPro); GO:0004672(InterPro)|GO:0006468(InterPro); GO:0004714(PANTHER)|GO:0005886(PANTHER)|GO:0007169(PANTHER)|GO:0007275(PANTHER)|GO:0032006(PANTHER)|GO:0033674(PANTHER)|GO:0043235(PANTHER); GO:0004672(InterPro)|GO:0005524(InterPro)|GO:0006468(InterPro); GO:0004714(InterPro)|GO:0005524(InterPro)|GO:0006468(InterPro)|GO:0007169(InterPro)|GO:0016020(InterPro)	enzyme; receptor	SIGNALING	Tyrosine-protein kinase receptor OS=Chrysodeixis includens OX=689277 GN=CINC_LOCUS3471 PE=3 SV=1
g19275.t1	311	86.669	KEEP	Strong arthropod homology with multiple qualifying hits and strong combined evidence.	179	tr|A0ABD0SLN8|A0ABD0SLN8_LOXSC	Loxostege sticticalis	481309	Eukaryota; Metazoa; Arthropoda; Insecta; Lepidoptera	67.598	99.0	7.84e-83	253.0	10	10	1.0	0.0	0.0	0.0	0.0	KEEP_ARTHROPOD	96.562	100.0	30.0	93.0	95.0	Peptidase C15, pyroglutamyl peptidase I-like superfamily	IPR036440; IPR016125; IPR010381	Peptidase C15, pyroglutamyl peptidase I-like superfamily; Peptidase C15, pyroglutamyl peptidase I-like; Putative pyroglutamyl peptidase 1	PF06162; Putative pyroglutamyl peptidase PgaPase_1	PTHR23402; PROTEASE FAMILY C15 PYROGLUTAMYL-PEPTIDASE I-RELATED		enzyme; digestion	DIGESTION	tr|A0ABD0SLN8|A0ABD0SLN8_LOXSC Pyroglutamyl-peptidase 1 OS=Loxostege sticticalis OX=481309 GN=ABMA27_006330 PE=3 SV=1
g389.t1	312	86.669	KEEP	Strong arthropod homology with multiple qualifying hits and strong combined evidence.	483	tr|A0ABR3H3J0|A0ABR3H3J0_LOXSC	Loxostege sticticalis	481309	Eukaryota; Metazoa; Arthropoda; Insecta; Lepidoptera	72.284	91.0	0.0	664.0	10	10	1.0	0.0	0.0	0.0	0.0	KEEP_ARTHROPOD	93.064	100.0	30.0	100.0	95.0	Serine proteases, trypsin domain	IPR001254; IPR033116; IPR001314; IPR009003	Serine proteases, trypsin domain; Serine proteases, trypsin family, serine active site; Peptidase S1A, chymotrypsin family; Peptidase S1, PA clan	PF00089; Trypsin	PTHR24253; TRANSMEMBRANE PROTEASE SERINE	GO:0004252(InterPro)|GO:0006508(InterPro)	enzyme; membrane; digestion	DIGESTION	Peptidase S1 domain-containing protein OS=Loxostege sticticalis OX=481309 GN=ABMA27_010961 PE=4 SV=1
g16191.t1	313	86.658	KEEP	Strong arthropod homology with multiple qualifying hits and strong combined evidence.	955	tr|A0A8S1B9Y9|A0A8S1B9Y9_ARCPL	Arctia plantaginis	874455	Eukaryota; Metazoa; Arthropoda; Insecta; Lepidoptera	65.957	96.0	0.0	1281.0	10	10	1.0	0.0	0.0	0.0	0.0	KEEP_ARTHROPOD	93.026	100.0	30.0	100.0	95.0	Armadillo-like helical	IPR011989; IPR016024; IPR040626; IPR050821; IPR000834	Armadillo-like helical; Armadillo-type fold; Cytosolic carboxypeptidase, N-terminal; Cytosolic carboxypeptidase; Peptidase M14, carboxypeptidase A	PF18027; Cytosolic carboxypeptidase N-terminal domain; PF25571; CCP1-like, N-terminal TPR repeats	PTHR12756; CYTOSOLIC CARBOXYPEPTIDASE	GO:0035609(PANTHER)|GO:0035610(PANTHER); GO:0004181(InterPro)|GO:0006508(InterPro)|GO:0008270(InterPro)	enzyme; digestion	DIGESTION	tr|A0A8S1B9Y9|A0A8S1B9Y9_ARCPL tubulin-glutamate carboxypeptidase OS=Arctia plantaginis OX=874455 GN=APLA_LOCUS15434 PE=3 SV=1
g7169.t1	314	86.639	KEEP	Strong arthropod homology with multiple qualifying hits and strong combined evidence.	922	tr|A0A4C1YJQ1|A0A4C1YJQ1_EUMVA	Eumeta variegata	151549	Eukaryota; Metazoa; Arthropoda; Insecta; Lepidoptera	78.905	98.0	0.0	1432.0	10	10	1.0	0.0	0.0	0.0	0.0	KEEP_ARTHROPOD	97.964	100.0	30.0	85.0	100.0	Immunoglobulin-like fold	IPR013783; IPR036941; IPR000494; IPR036116; IPR006212; IPR003961; IPR006211; IPR009030	Immunoglobulin-like fold; Receptor L-domain superfamily; Receptor L-domain; Fibronectin type III superfamily; Furin-like repeat; Fibronectin type III; Furin-like cysteine-rich domain; Growth factor receptor cysteine-rich domain superfamily	PF01030; Receptor L domain; PF00757; Furin-like cysteine rich region		GO:0005515(InterPro)	receptor; development	GROWTH_DEVELOPMENT	Insulin receptor-related protein OS=Eumeta variegata OX=151549 GN=Insrr PE=4 SV=1
g19242.t1	315	86.639	KEEP	Strong arthropod homology with multiple qualifying hits and strong combined evidence.	661	tr|A0A4C1V7L3|A0A4C1V7L3_EUMVA	Eumeta variegata	151549	Eukaryota; Metazoa; Arthropoda; Insecta; Lepidoptera	92.105	98.0	0.0	1172.0	10	10	1.0	0.0	0.0	0.0	0.0	KEEP_ARTHROPOD	97.964	100.0	30.0	100.0	85.0	Protein kinase domain	IPR000719; IPR008271; IPR024104; IPR024236; IPR011009	Protein kinase domain; Serine/threonine-protein kinase, active site; Pseudokinase tribbles family/serine-threonine-protein kinase 40; Serine/threonine-protein kinase 40; Protein kinase-like domain superfamily	PF00069; Protein kinase domain	PTHR22961; SER/THR PROTEIN KINASE-TRB	GO:0005524(InterPro)|GO:0006468(InterPro); GO:0004672(InterPro)|GO:0006468(InterPro)	enzyme	SIGNALING	tr|A0A4C1V7L3|A0A4C1V7L3_EUMVA Serine/threonine-protein kinase 40 OS=Eumeta variegata OX=151549 GN=EVAR_24918_1 PE=4 SV=1
g18647.t1	316	86.639	KEEP	Strong arthropod homology with multiple qualifying hits and strong combined evidence.	268	tr|A0ABQ7R0K8|A0ABQ7R0K8_PLUXY	Plutella xylostella	51655	Eukaryota; Metazoa; Arthropoda; Insecta; Lepidoptera	75.285	98.0	3.74e-155	441.0	10	10	1.0	0.0	0.0	0.0	0.0	KEEP_ARTHROPOD	97.964	100.0	30.0	100.0	85.0	Deoxynucleoside kinase domain	IPR031314; IPR027417; IPR002624; IPR050566	Deoxynucleoside kinase domain; P-loop containing nucleoside triphosphate hydrolase; Deoxynucleoside kinase; Deoxyribonucleoside Kinase	PF01712; Deoxynucleoside kinase	PTHR10513; DEOXYNUCLEOSIDE KINASE	GO:0005524(InterPro)|GO:0006139(InterPro)|GO:0019136(InterPro); GO:0005737(PANTHER)|GO:0005739(PANTHER)|GO:0019136(PANTHER)	enzyme	SIGNALING	tr|A0ABQ7R0K8|A0ABQ7R0K8_PLUXY Deoxynucleoside kinase domain-containing protein OS=Plutella xylostella OX=51655 GN=JYU34_003645 PE=3 SV=1
g715.t1	317	86.639	KEEP	Strong arthropod homology with multiple qualifying hits and strong combined evidence.	514	tr|A0A4C1XRJ2|A0A4C1XRJ2_EUMVA	Eumeta variegata	151549	Eukaryota; Metazoa; Arthropoda; Insecta; Lepidoptera	89.98	98.0	0.0	918.0	10	15	1.0	0.0	0.0	0.0	0.0	KEEP_ARTHROPOD	97.964	100.0	30.0	100.0	85.0	PDZ superfamily	IPR036034; IPR001478; IPR043545	PDZ superfamily; PDZ domain; Glutamate receptor-interacting protein 1/2	PF00595; PDZ domain	PTHR46227; GLUTAMATE RECEPTOR-INTERACTING PROTEIN GRIP	GO:0005515(InterPro); GO:0098887(PANTHER)	receptor	SIGNALING	Glutamate receptor-interacting protein 2 OS=Eumeta variegata OX=151549 GN=grip2 PE=4 SV=1
g4544.t1	318	86.639	KEEP	Strong arthropod homology with multiple qualifying hits and strong combined evidence.	457	tr|A0A8R2M8H3|A0A8R2M8H3_BOMMO	Bombyx mori	7091	Eukaryota; Metazoa; Arthropoda; Insecta; Lepidoptera	91.111	98.0	0.0	866.0	10	10	1.0	0.0	0.0	0.0	0.0	KEEP_ARTHROPOD	97.964	100.0	30.0	100.0	85.0	MIR motif	IPR016093; IPR000493; IPR036300; IPR014821; IPR015925	MIR motif; Inositol 1,4,5-trisphosphate receptor; Mir domain superfamily; Inositol 1,4,5-trisphosphate/ryanodine receptor; Ryanodine/Inositol 1,4,5-trisphosphate receptor	PF08709; Inositol 1,4,5-trisphosphate/ryanodine receptor; PF02815; MIR domain	PTHR13715; RYANODINE RECEPTOR AND IP3 RECEPTOR	GO:0005220(InterPro)|GO:0005783(InterPro)|GO:0006816(InterPro)|GO:0070679(InterPro); GO:0005220(PANTHER)|GO:0005509(PANTHER)|GO:0005789(PANTHER)|GO:0005886(PANTHER)|GO:0006816(InterPro)|GO:0016529(PANTHER)|GO:0030667(PANTHER)|GO:0035091(PANTHER)|GO:0051209(PANTHER)|GO:0070679(PANTHER)	receptor	SIGNALING	Inositol 1,4,5-trisphosphate receptor OS=Bombyx mori OX=7091 PE=3 SV=1
g14450.t1	319	86.639	KEEP	Strong arthropod homology with multiple qualifying hits and strong combined evidence.	415	tr|A0A4C1U540|A0A4C1U540_EUMVA	Eumeta variegata	151549	Eukaryota; Metazoa; Arthropoda; Insecta; Lepidoptera	78.922	98.0	0.0	675.0	10	10	1.0	0.0	0.0	0.0	0.0	KEEP_ARTHROPOD	97.964	100.0	30.0	100.0	85.0	Neuronal acetylcholine receptor	IPR038050; IPR036734; IPR006201; IPR006202; IPR036719	Neuronal acetylcholine receptor; Neurotransmitter-gated ion-channel ligand-binding domain superfamily; Neurotransmitter-gated ion-channel; Neurotransmitter-gated ion-channel ligand-binding domain; Neurotransmitter-gated ion-channel transmembrane domain superfamily	PF02931; Neurotransmitter-gated ion-channel ligand binding domain	PTHR18945; NEUROTRANSMITTER GATED ION CHANNEL	GO:0005230(InterPro)|GO:0006811(InterPro)|GO:0016020(InterPro); GO:0004888(InterPro)|GO:0005216(InterPro)|GO:0016020(InterPro)|GO:0034220(InterPro); GO:0006811(InterPro)|GO:0016020(InterPro)	receptor; transporter; membrane	SIGNALING	tr|A0A4C1U540|A0A4C1U540_EUMVA Acetylcholine receptor subunit alpha-like 2 OS=Eumeta variegata OX=151549 GN=nAChRalpha2 PE=4 SV=1
g11008.t1	320	86.639	KEEP	Strong arthropod homology with multiple qualifying hits and strong combined evidence.	613	tr|A0A4C1VSG0|A0A4C1VSG0_EUMVA	Eumeta variegata	151549	Eukaryota; Metazoa; Arthropoda; Insecta; Lepidoptera	77.446	98.0	0.0	1002.0	10	10	1.0	0.0	0.0	0.0	0.0	KEEP_ARTHROPOD	97.964	100.0	30.0	100.0	85.0	Ionotropic receptor	IPR052192; IPR001320	Ionotropic receptor; Ionotropic glutamate receptor, C-terminal	PF00060; Ligand-gated ion channel	PTHR42643; IONOTROPIC RECEPTOR 20A-RELATED	GO:0015276(InterPro)|GO:0016020(InterPro)	receptor; transporter	SIGNALING	Probable glutamate receptor OS=Eumeta variegata OX=151549 GN=EVAR_26418_1 PE=3 SV=1
g14307.t1	321	86.639	KEEP	Strong arthropod homology with multiple qualifying hits and strong combined evidence.	406	tr|A0A8S4G3D1|A0A8S4G3D1_PLUXY	Plutella xylostella	51655	Eukaryota; Metazoa; Arthropoda; Insecta; Lepidoptera	74.178	98.0	0.0	637.0	10	10	1.0	0.0	0.0	0.0	0.0	KEEP_ARTHROPOD	97.964	100.0	30.0	100.0	85.0	Protein kinase-like domain superfamily	IPR011009; IPR018934; IPR051272; IPR017406; IPR018935; IPR000687	Protein kinase-like domain superfamily; RIO-type domain; RIO-type Ser/Thr kinase; Serine/threonine-protein kinase Rio3; RIO kinase, conserved site; RIO kinase	PF01163; RIO domain	PTHR45723; SERINE/THREONINE-PROTEIN KINASE RIO1	GO:0003824(InterPro)|GO:0005524(InterPro); GO:0004674(InterPro)|GO:0005524(InterPro)|GO:0006468(InterPro); GO:0004674(InterPro)|GO:0005524(InterPro)	enzyme	SIGNALING	tr|A0A8S4G3D1|A0A8S4G3D1_PLUXY Serine/threonine-protein kinase RIO3 OS=Plutella xylostella OX=51655 GN=PLXY2_LOCUS13024 PE=3 SV=1
g16581.t1	322	86.639	KEEP	Strong arthropod homology with multiple qualifying hits and strong combined evidence.	600	tr|A0A4C1UZA0|A0A4C1UZA0_EUMVA	Eumeta variegata	151549	Eukaryota; Metazoa; Arthropoda; Insecta; Lepidoptera	86.689	98.0	0.0	1008.0	10	10	1.0	0.0	0.0	0.0	0.0	KEEP_ARTHROPOD	97.964	100.0	30.0	100.0	85.0	Protein kinase-like domain superfamily	IPR011009; IPR036860; IPR000980; IPR008266; IPR050198; IPR000719; IPR020635; IPR001245; IPR017441	Protein kinase-like domain superfamily; SH2 domain superfamily; SH2 domain; Tyrosine-protein kinase, active site; Non-receptor tyrosine kinases involved in cell signaling; Protein kinase domain; Tyrosine-protein kinase, catalytic domain; Serine-threonine/tyrosine-protein kinase, catalytic domain; Protein kinase, ATP binding site	PF00017; SH2 domain; PF07714; Protein tyrosine and serine/threonine kinase	PTHR24418; TYROSINE-PROTEIN KINASE	GO:0004672(InterPro)|GO:0006468(InterPro); GO:0005524(InterPro)|GO:0006468(InterPro); GO:0004713(InterPro)|GO:0006468(InterPro); GO:0005524(InterPro)	enzyme; receptor; signal	SIGNALING	tr|A0A4C1UZA0|A0A4C1UZA0_EUMVA Tyrosine-protein kinase OS=Eumeta variegata OX=151549 GN=MATK PE=3 SV=1
g6616.t1	323	86.639	KEEP	Strong arthropod homology with multiple qualifying hits and strong combined evidence.	492	tr|A0ABN8B5N1|A0ABN8B5N1_CHISP	Chilo suppressalis	168631	Eukaryota; Metazoa; Arthropoda; Insecta; Lepidoptera	86.392	98.0	0.0	870.0	10	10	1.0	0.0	0.0	0.0	0.0	KEEP_ARTHROPOD	97.964	100.0	30.0	100.0	85.0	G protein-coupled receptor, rhodopsin-like	IPR000276; IPR017452	G protein-coupled receptor, rhodopsin-like; GPCR, rhodopsin-like, 7TM	PF00001; 7 transmembrane receptor (rhodopsin family)	PTHR24248; ADRENERGIC RECEPTOR-RELATED G-PROTEIN COUPLED RECEPTOR	GO:0004930(InterPro)|GO:0007186(InterPro)|GO:0016020(InterPro); GO:0004930(PANTHER)|GO:0004989(PANTHER)|GO:0005886(PANTHER)|GO:0043410(PANTHER)|GO:0071880(PANTHER); GO:0016020(InterPro)	receptor; membrane	SIGNALING	G-protein coupled receptors family 1 profile domain-containing protein OS=Chilo suppressalis OX=168631 GN=CHILSU_LOCUS4830 PE=3 SV=1
g9951.t1	324	86.639	KEEP	Strong arthropod homology with multiple qualifying hits and strong combined evidence.	668	tr|A0A921Z3X2|A0A921Z3X2_MANSE	Manduca sexta	7130	Eukaryota; Metazoa; Arthropoda; Insecta; Lepidoptera	71.908	98.0	0.0	842.0	10	10	1.0	0.0	0.0	0.0	0.0	KEEP_ARTHROPOD	97.964	100.0	30.0	100.0	85.0	G-protein coupled receptor 158/179	IPR043458; IPR017978	G-protein coupled receptor 158/179; GPCR family 3, C-terminal	PF00003; 7 transmembrane sweet-taste receptor of 3 GCPR	PTHR32546; G-PROTEIN COUPLED RECEPTOR 158-RELATED	GO:0004930(InterPro)|GO:0007186(InterPro)|GO:0016020(InterPro)	receptor; membrane	SIGNALING	G-protein coupled receptors family 3 profile domain-containing protein OS=Manduca sexta OX=7130 GN=O3G_MSEX006566 PE=3 SV=1
g1297.t1	325	86.639	KEEP	Strong arthropod homology with multiple qualifying hits and strong combined evidence.	841	tr|A0AAD8DU32|A0AAD8DU32_MYTSE	Mythimna separata	271217	Eukaryota; Metazoa; Arthropoda; Insecta; Lepidoptera	78.069	98.0	0.0	1275.0	10	10	1.0	0.0	0.0	0.0	0.0	KEEP_ARTHROPOD	97.964	100.0	30.0	100.0	85.0	Protein kinase C-like, phorbol ester/diacylglycerol-binding domain	IPR002219; IPR008271; IPR046349; IPR011009; IPR000719; IPR057764; IPR001849; IPR017441; IPR020454; IPR011993	Protein kinase C-like, phorbol ester/diacylglycerol-binding domain; Serine/threonine-protein kinase, active site; C1-like domain superfamily; Protein kinase-like domain superfamily; Protein kinase domain; Serine/threonine-protein kinase D1-3-like, ubiquitin-like domain; Pleckstrin homology domain; Protein kinase, ATP binding site; Diacylglycerol/phorbol-ester binding; PH-like domain superfamily	PF25525; Serine/threonine-protein kinase D1-like, ubiquitin-like domain; PF00169; PH domain; PF00069; Protein kinase domain; PF00130; Phorbol esters/diacylglycerol binding domain (C1 domain)	PTHR22968; PROTEIN KINASE C, MU	GO:0004672(InterPro)|GO:0006468(InterPro); GO:0004674(PANTHER)|GO:0005829(PANTHER)|GO:0007200(PANTHER)|GO:0035556(PANTHER); GO:0005524(InterPro)|GO:0006468(InterPro); GO:0005524(InterPro)	enzyme; transcription_factor	SIGNALING	protein kinase C OS=Mythimna separata OX=271217 GN=PYW07_007584 PE=3 SV=1
g5381.t1	326	86.639	KEEP	Strong arthropod homology with multiple qualifying hits and strong combined evidence.	579	tr|A0A6J1NKX7|A0A6J1NKX7_BICAN	Bicyclus anynana	110368	Eukaryota; Metazoa; Arthropoda; Insecta; Lepidoptera	86.396	98.0	0.0	1004.0	10	10	1.0	0.0	0.0	0.0	0.0	KEEP_ARTHROPOD	97.964	100.0	30.0	100.0	85.0	Serine-threonine/tyrosine-protein kinase, catalytic domain	IPR001245; IPR038677; IPR003306; IPR008266; IPR050122; IPR000719; IPR011009	Serine-threonine/tyrosine-protein kinase, catalytic domain; WIF domain superfamily; WIF domain; Tyrosine-protein kinase, active site; Receptor Tyrosine Kinase; Protein kinase domain; Protein kinase-like domain superfamily	PF02019; WIF domain; PF07714; Protein tyrosine and serine/threonine kinase	PTHR24416; TYROSINE-PROTEIN KINASE RECEPTOR	GO:0004672(InterPro)|GO:0006468(InterPro); GO:0005886(PANTHER)|GO:0007169(PANTHER)|GO:0007275(PANTHER)|GO:0007409(PANTHER)|GO:0010976(PANTHER)|GO:0033674(PANTHER)|GO:0043235(PANTHER)|GO:0051897(PANTHER); GO:0005524(InterPro)|GO:0006468(InterPro)	enzyme; receptor	SIGNALING	Tyrosine-protein kinase Dnt-like OS=Bicyclus anynana OX=110368 GN=LOC112052649 PE=4 SV=1
g8852.t1	327	86.639	KEEP	Strong arthropod homology with multiple qualifying hits and strong combined evidence.	243	sp|Q1HQK0|KAD2_AEDAE	Aedes aegypti	7159	Eukaryota; Metazoa; Arthropoda; Insecta; Diptera	76.05	98.0	1.87e-134	381.0	10	10	1.0	0.0	0.0	0.0	0.0	KEEP_ARTHROPOD	97.964	100.0	30.0	100.0	85.0	Adenylate kinase/UMP-CMP kinase	IPR000850; IPR027417; IPR007862; IPR028587; IPR033690; IPR006259	Adenylate kinase/UMP-CMP kinase; P-loop containing nucleoside triphosphate hydrolase; Adenylate kinase, active site lid domain; Adenylate kinase 2; Adenylate kinase, conserved site; Adenylate kinase subfamily	PF05191; Adenylate kinase, active site lid; PF00406; Adenylate kinase	PTHR23359; NUCLEOTIDE KINASE	GO:0005524(InterPro)|GO:0006139(InterPro)|GO:0019205(InterPro); GO:0004017(InterPro); GO:0004017(InterPro)|GO:0006172(InterPro); GO:0004017(InterPro)|GO:0005524(InterPro)|GO:0016776(InterPro)	enzyme	SIGNALING	Adenylate kinase OS=Aedes aegypti OX=7159 GN=Adk2 PE=2 SV=1
g18346.t1	328	86.639	KEEP	Strong arthropod homology with multiple qualifying hits and strong combined evidence.	897	tr|A0ABR3H1Z3|A0ABR3H1Z3_LOXSC	Loxostege sticticalis	481309	Eukaryota; Metazoa; Arthropoda; Insecta; Lepidoptera	88.639	98.0	0.0	1538.0	10	10	1.0	0.0	0.0	0.0	0.0	KEEP_ARTHROPOD	97.964	100.0	30.0	100.0	85.0	BRSK1/2-like, UBA domain	IPR048622; IPR059249; IPR000719; IPR017441; IPR008271; IPR011009	BRSK1/2-like, UBA domain; BRSK1/2-like, KA1 domain; Protein kinase domain; Protein kinase, ATP binding site; Serine/threonine-protein kinase, active site; Protein kinase-like domain superfamily	PF21115; BRSK1/2 UBA domain; PF21122; BRSK1/2 KA1 domain; PF00069; Protein kinase domain	PTHR24346; MAP/MICROTUBULE AFFINITY-REGULATING KINASE	GO:0004674(PANTHER)|GO:0005737(PANTHER)|GO:0035556(PANTHER); GO:0005524(InterPro)|GO:0006468(InterPro); GO:0005524(InterPro); GO:0004672(InterPro)|GO:0006468(InterPro)	enzyme	SIGNALING	tr|A0ABR3H1Z3|A0ABR3H1Z3_LOXSC non-specific serine/threonine protein kinase OS=Loxostege sticticalis OX=481309 GN=ABMA27_011286 PE=3 SV=1
g5432.t1	329	86.639	KEEP	Strong arthropod homology with multiple qualifying hits and strong combined evidence.	922	tr|A0A4C1TXA2|A0A4C1TXA2_EUMVA	Eumeta variegata	151549	Eukaryota; Metazoa; Arthropoda; Insecta; Lepidoptera	96.107	98.0	0.0	1802.0	10	10	1.0	0.0	0.0	0.0	0.0	KEEP_ARTHROPOD	97.964	100.0	30.0	100.0	85.0	Phosphatidylinositol 3-/4-kinase, catalytic domain	IPR000403; IPR008290; IPR018936; IPR015433; IPR001263; IPR057756; IPR011009; IPR042236; IPR002420; IPR035892; IPR036940; IPR016024	Phosphatidylinositol 3-/4-kinase, catalytic domain; Phosphatidylinositol 3-kinase, Vps34 type; Phosphatidylinositol 3-/4-kinase, conserved site; Phosphatidylinositol 3-/4-kinase; Phosphoinositide 3-kinase, accessory (PIK) domain; Phosphatidylinositol 3-kinase type3/VPS34-like; Protein kinase-like domain superfamily; Phosphoinositide 3-kinase, accessory (PIK) domain superfamily; C2 phosphatidylinositol 3-kinase-type domain; C2 domain superfamily; Phosphatidylinositol 3-/4-kinase, catalytic domain superfamily; Armadillo-type fold	PF00613; Phosphoinositide 3-kinase family, accessory domain (PIK domain); PF00792; Phosphoinositide 3-kinase C2; PF00454; Phosphatidylinositol 3- and 4-kinase	PTHR10048; PHOSPHATIDYLINOSITOL KINASE	GO:0016303(InterPro)|GO:0046854(InterPro); GO:0016301(InterPro); GO:0000045(PANTHER)|GO:0000407(PANTHER)|GO:0005737(PANTHER)|GO:0005768(PANTHER)|GO:0005777(PANTHER)|GO:0006897(PANTHER)|GO:0016020(PANTHER)|GO:0016303(PANTHER)|GO:0030242(PANTHER)|GO:0034271(PANTHER)|GO:0034272(PANTHER)|GO:0036092(PANTHER)|GO:0046854(PANTHER)|GO:0046854(InterPro)|GO:0048015(PANTHER)|GO:0052742(PANTHER)	enzyme	SIGNALING	Phosphatidylinositol 3-kinase catalytic subunit type 3 OS=Eumeta variegata OX=151549 GN=pik3c3 PE=3 SV=1
g17918.t1	330	86.639	KEEP	Strong arthropod homology with multiple qualifying hits and strong combined evidence.	267	tr|A0A4C1T5J7|A0A4C1T5J7_EUMVA	Eumeta variegata	151549	Eukaryota; Metazoa; Arthropoda; Insecta; Lepidoptera	78.626	98.0	2.1e-137	424.0	10	10	1.0	0.0	0.0	0.0	0.0	KEEP_ARTHROPOD	97.964	100.0	30.0	100.0	85.0	FYVE zinc finger	IPR000306; IPR013083; IPR017455; IPR043548; IPR011011	FYVE zinc finger; Zinc finger, RING/FYVE/PHD-type; Zinc finger, FYVE-related; 1-phosphatidylinositol-3phosphate-5-kinase; Zinc finger, FYVE/PHD-type	PF01363; FYVE zinc finger	PTHR46715; 1-PHOSPHATIDYLINOSITOL 3-PHOSPHATE 5-KINASE	GO:0046872(InterPro); GO:0000285(PANTHER)|GO:0000285(InterPro)|GO:0012506(PANTHER)|GO:0030593(PANTHER)|GO:0031410(PANTHER)|GO:0032438(PANTHER)|GO:0052810(PANTHER)|GO:0090385(PANTHER)|GO:1903426(PANTHER)	enzyme; transcription_factor	SIGNALING	tr|A0A4C1T5J7|A0A4C1T5J7_EUMVA 1-phosphatidylinositol 3-phosphate 5-kinase OS=Eumeta variegata OX=151549 GN=fab1 PE=4 SV=1
g4892.t1	331	86.627	KEEP	Strong arthropod homology with multiple qualifying hits and strong combined evidence.	402	tr|A0A4C1W6C4|A0A4C1W6C4_EUMVA	Eumeta variegata	151549	Eukaryota; Metazoa; Arthropoda; Insecta; Lepidoptera	74.436	99.0	0.0	645.0	6	6	1.0	0.0	0.0	0.0	0.0	KEEP_ARTHROPOD	93.923	100.0	30.0	93.0	100.0	Protein kinase-like domain superfamily	IPR011009; IPR015897; IPR004119	Protein kinase-like domain superfamily; CHK kinase-like; Ecdysteroid kinase-like	PF02958; Ecdysteroid kinase-like family	PTHR11012; PROTEIN KINASE-LIKE DOMAIN-CONTAINING		enzyme	GROWTH_DEVELOPMENT	CHK kinase-like domain-containing protein OS=Eumeta variegata OX=151549 GN=EVAR_28039_1 PE=4 SV=1
g8856.t1	332	86.617	KEEP	Strong arthropod homology with multiple qualifying hits and strong combined evidence.	394	tr|A0A4C1V0P1|A0A4C1V0P1_EUMVA	Eumeta variegata	151549	Eukaryota; Metazoa; Arthropoda; Insecta; Lepidoptera	75.35	91.0	0.0	580.0	10	10	1.0	0.0	0.0	0.0	0.0	KEEP_ARTHROPOD	92.89	100.0	30.0	100.0	95.0	Serpin domain	IPR023796; IPR023795; IPR000215; IPR036186; IPR042185; IPR042178	Serpin domain; Serpin, conserved site; Serpin family; Serpin superfamily; Serpin superfamily, domain 2; Serpin superfamily, domain 1	PF00079; Serpin (serine protease inhibitor)	PTHR11461; SERINE PROTEASE INHIBITOR, SERPIN	GO:0004867(InterPro)|GO:0005615(InterPro)|GO:0005615(PANTHER)	enzyme; digestion	DIGESTION	Serine protease inhibitor 77Ba OS=Eumeta variegata OX=151549 GN=Spn77Ba PE=3 SV=1
g4773.t1	333	86.615	KEEP	Strong arthropod homology with multiple qualifying hits and strong combined evidence.	248	tr|A0A922CIE4|A0A922CIE4_MANSE	Manduca sexta	7130	Eukaryota; Metazoa; Arthropoda; Insecta; Lepidoptera	62.249	99.0	3.68e-111	327.0	10	10	1.0	0.0	0.0	0.0	0.0	KEEP_ARTHROPOD	91.882	100.0	30.0	97.0	100.0	Haemolymph juvenile hormone binding	IPR010562; IPR038606	Haemolymph juvenile hormone binding; Takeout superfamily	PF06585; Haemolymph juvenile hormone binding protein (JHBP)	PTHR11008; PROTEIN TAKEOUT-LIKE PROTEIN	GO:0005615(PANTHER)|GO:0032504(PANTHER)	hormone	GROWTH_DEVELOPMENT	Hemolymph juvenile hormone binding protein OS=Manduca sexta OX=7130 GN=O3G_MSEX005277 PE=3 SV=1
g1341.t1	334	86.609	KEEP	Strong arthropod homology with multiple qualifying hits and strong combined evidence.	156	tr|A0A6J1N4U2|A0A6J1N4U2_BICAN	Bicyclus anynana	110368	Eukaryota; Metazoa; Arthropoda; Insecta; Lepidoptera	87.179	100.0	3.53e-99	290.0	10	10	1.0	0.0	0.0	0.0	0.0	KEEP_ARTHROPOD	99.364	100.0	30.0	97.0	85.0	Transmembrane protein 35A/B	IPR040399; IPR032808	Transmembrane protein 35A/B; DoxX family	PF13564; DoxX-like family	PTHR13163; SPINAL CORD EXPRESSION PROTEIN 4	GO:0005783(PANTHER)|GO:0051131(PANTHER)|GO:2000010(PANTHER)	membrane	SIGNALING	Novel acetylcholine receptor chaperone OS=Bicyclus anynana OX=110368 GN=LOC112048574 PE=3 SV=1
g16917.t1	335	86.609	KEEP	Strong arthropod homology with multiple qualifying hits and strong combined evidence.	143	tr|A0A921ZNU8|A0A921ZNU8_MANSE	Manduca sexta	7130	Eukaryota; Metazoa; Arthropoda; Insecta; Lepidoptera	86.014	100.0	1.3e-89	266.0	10	10	1.0	0.0	0.0	0.0	0.0	KEEP_ARTHROPOD	99.364	100.0	30.0	97.0	85.0	Plasminogen receptor (KT)	IPR019319	Plasminogen receptor (KT)	PF10166; Uncharacterised conserved protein (DUF2368)	PTHR13411; PLASMINOGEN RECEPTOR (KT)	GO:0005886(InterPro)|GO:0010756(PANTHER)|GO:0010756(InterPro); GO:0005886(InterPro)|GO:0010756(InterPro)	receptor	SIGNALING	tr|A0A921ZNU8|A0A921ZNU8_MANSE Plasminogen receptor (KT) OS=Manduca sexta OX=7130 GN=O3G_MSEX012101 PE=4 SV=1
g15629.t1	336	86.609	KEEP	Strong arthropod homology with multiple qualifying hits and strong combined evidence.	113	tr|A0AAV1KQM5|A0AAV1KQM5_9NEOP	Parnassius mnemosyne	213953	Eukaryota; Metazoa; Arthropoda; Insecta; Lepidoptera	82.301	100.0	2.14e-64	199.0	10	10	1.0	0.0	0.0	0.0	0.0	KEEP_ARTHROPOD	99.364	100.0	30.0	97.0	85.0	Vps55/LEPROT	IPR007262	Vps55/LEPROT	PF04133; Vacuolar protein sorting 55	PTHR12050; LEPTIN RECEPTOR-RELATED	GO:0005768(PANTHER)|GO:0032511(PANTHER)	receptor	SIGNALING	tr|A0AAV1KQM5|A0AAV1KQM5_9NEOP Leptin receptor overlapping transcript-like 1 OS=Parnassius mnemosyne OX=213953 GN=PARMNEM_LOCUS5771 PE=3 SV=1
g18770.t1	337	86.609	KEEP	Strong arthropod homology with multiple qualifying hits and strong combined evidence.	143	tr|A0A921ZNU8|A0A921ZNU8_MANSE	Manduca sexta	7130	Eukaryota; Metazoa; Arthropoda; Insecta; Lepidoptera	86.014	100.0	1.3e-89	266.0	10	10	1.0	0.0	0.0	0.0	0.0	KEEP_ARTHROPOD	99.364	100.0	30.0	97.0	85.0	Plasminogen receptor (KT)	IPR019319	Plasminogen receptor (KT)	PF10166; Uncharacterised conserved protein (DUF2368)	PTHR13411; PLASMINOGEN RECEPTOR (KT)	GO:0005886(InterPro)|GO:0010756(InterPro)|GO:0010756(PANTHER); GO:0005886(InterPro)|GO:0010756(InterPro)	receptor	SIGNALING	tr|A0A921ZNU8|A0A921ZNU8_MANSE Plasminogen receptor (KT) OS=Manduca sexta OX=7130 GN=O3G_MSEX012101 PE=4 SV=1
g18116.t1	338	86.604	KEEP	Strong arthropod homology with multiple qualifying hits and strong combined evidence.	345	tr|A0A4C1X3K5|A0A4C1X3K5_EUMVA	Eumeta variegata	151549	Eukaryota; Metazoa; Arthropoda; Insecta; Lepidoptera	86.31	97.0	0.0	615.0	17	17	1.0	0.0	0.0	0.0	0.0	KEEP_ARTHROPOD	97.845	100.0	30.0	100.0	85.0	Protein kinase domain	IPR000719; IPR008271; IPR011009; IPR017441	Protein kinase domain; Serine/threonine-protein kinase, active site; Protein kinase-like domain superfamily; Protein kinase, ATP binding site	PF00069; Protein kinase domain	PTHR24346; MAP/MICROTUBULE AFFINITY-REGULATING KINASE	GO:0005524(InterPro)|GO:0006468(InterPro); GO:0004672(InterPro)|GO:0006468(InterPro); GO:0000226(PANTHER)|GO:0004674(PANTHER)|GO:0005737(PANTHER)|GO:0035556(PANTHER)|GO:0050321(PANTHER); GO:0005524(InterPro)	enzyme	SIGNALING	tr|A0A4C1X3K5|A0A4C1X3K5_EUMVA Protein kinase domain-containing protein OS=Eumeta variegata OX=151549 GN=EVAR_33991_1 PE=4 SV=1
g2499.t1	339	86.604	KEEP	Strong arthropod homology with multiple qualifying hits and strong combined evidence.	753	tr|A0ABM3N1B6|A0ABM3N1B6_GALME	Galleria mellonella	7137	Eukaryota; Metazoa; Arthropoda; Insecta; Lepidoptera	61.295	98.0	0.0	898.0	10	10	1.0	0.0	0.0	0.0	0.0	KEEP_ARTHROPOD	90.347	100.0	30.0	100.0	100.0	EGF-type aspartate/asparagine hydroxylation site	IPR000152; IPR000742; IPR001881; IPR018097	EGF-type aspartate/asparagine hydroxylation site; EGF-like domain; EGF-like calcium-binding domain; EGF-like calcium-binding, conserved site	PF00008; EGF-like domain	PTHR24049; CRUMBS FAMILY MEMBER	GO:0005509(InterPro)		GROWTH_DEVELOPMENT	Delta and Notch-like epidermal growth factor-related receptor isoform X1 OS=Galleria mellonella OX=7137 GN=LOC113518340 PE=4 SV=1
g14048.t1	340	86.591	KEEP	Strong arthropod homology with multiple qualifying hits and strong combined evidence.	468	tr|A0ABM3MML9|A0ABM3MML9_GALME	Galleria mellonella	7137	Eukaryota; Metazoa; Arthropoda; Insecta; Lepidoptera	69.017	99.0	0.0	698.0	10	10	1.0	0.0	0.0	0.0	0.0	KEEP_ARTHROPOD	97.804	100.0	30.0	100.0	85.0	Carbohydrate kinase, FGGY, conserved site	IPR018483; IPR005999; IPR000577; IPR018484; IPR042018; IPR018485; IPR043129	Carbohydrate kinase, FGGY, conserved site; Glycerol kinase; Carbohydrate kinase, FGGY; Carbohydrate kinase FGGY, N-terminal; Glycerol kinase, metazoan-type; Carbohydrate kinase FGGY, C-terminal; ATPase, nucleotide binding domain	PF00370; FGGY family of carbohydrate kinases, N-terminal domain; PF02782; FGGY family of carbohydrate kinases, C-terminal domain	PTHR10196; SUGAR KINASE	GO:0005975(InterPro)|GO:0016773(InterPro); GO:0004370(InterPro)|GO:0006072(InterPro); GO:0005975(InterPro)|GO:0016301(InterPro); GO:0004370(PANTHER)|GO:0005739(PANTHER)|GO:0006071(PANTHER)|GO:0006641(PANTHER)|GO:0016310(PANTHER)|GO:0046167(PANTHER)	enzyme	SIGNALING	tr|A0ABM3MML9|A0ABM3MML9_GALME Probable glycerol kinase OS=Galleria mellonella OX=7137 GN=LOC113518135 PE=3 SV=1
g1604.t1	341	86.556	KEEP	Strong arthropod homology with multiple qualifying hits and strong combined evidence.	248	tr|A0A4C1S7C8|A0A4C1S7C8_EUMVA	Eumeta variegata	151549	Eukaryota; Metazoa; Arthropoda; Insecta; Lepidoptera	81.967	98.0	4.23e-146	418.0	9	9	1.0	0.0	0.0	0.0	0.0	KEEP_ARTHROPOD	97.687	100.0	30.0	100.0	85.0	GPCR, rhodopsin-like, 7TM	IPR017452; IPR000276	GPCR, rhodopsin-like, 7TM; G protein-coupled receptor, rhodopsin-like	PF00001; 7 transmembrane receptor (rhodopsin family)	PTHR24243; G-PROTEIN COUPLED RECEPTOR	GO:0016020(InterPro); GO:0004930(InterPro)|GO:0007186(InterPro)|GO:0016020(InterPro); GO:0004930(PANTHER)|GO:0005886(PANTHER)|GO:0007186(PANTHER)	receptor; membrane	SIGNALING	Neuropeptides capa receptor OS=Eumeta variegata OX=151549 GN=CapaR PE=3 SV=1
g4095.t1	342	86.556	KEEP	Strong arthropod homology with multiple qualifying hits and strong combined evidence.	248	tr|A0A4C1S7C8|A0A4C1S7C8_EUMVA	Eumeta variegata	151549	Eukaryota; Metazoa; Arthropoda; Insecta; Lepidoptera	81.967	98.0	1.4e-146	419.0	9	9	1.0	0.0	0.0	0.0	0.0	KEEP_ARTHROPOD	97.687	100.0	30.0	100.0	85.0	GPCR, rhodopsin-like, 7TM	IPR017452; IPR000276	GPCR, rhodopsin-like, 7TM; G protein-coupled receptor, rhodopsin-like	PF00001; 7 transmembrane receptor (rhodopsin family)	PTHR24243; G-PROTEIN COUPLED RECEPTOR	GO:0016020(InterPro); GO:0004930(InterPro)|GO:0007186(InterPro)|GO:0016020(InterPro); GO:0004930(PANTHER)|GO:0005886(PANTHER)|GO:0007186(PANTHER)|GO:0007218(PANTHER)|GO:0008188(PANTHER)	receptor; membrane	SIGNALING	Neuropeptides capa receptor OS=Eumeta variegata OX=151549 GN=CapaR PE=3 SV=1
g17843.t1	343	86.518	KEEP	Strong arthropod homology with multiple qualifying hits and strong combined evidence.	312	tr|A0A4C1TJC0|A0A4C1TJC0_EUMVA	Eumeta variegata	151549	Eukaryota; Metazoa; Arthropoda; Insecta; Lepidoptera	63.023	99.0	1.03e-142	415.0	10	10	1.0	0.0	0.0	0.0	0.0	KEEP_ARTHROPOD	92.559	100.0	30.0	100.0	95.0	Peptidase S1A, chymotrypsin family	IPR001314; IPR001254; IPR009003; IPR033116; IPR018114	Peptidase S1A, chymotrypsin family; Serine proteases, trypsin domain; Peptidase S1, PA clan; Serine proteases, trypsin family, serine active site; Serine protease-like, trypsin family, histidine active site	PF00089; Trypsin	PTHR24252; ACROSIN-RELATED	GO:0004252(InterPro)|GO:0006508(InterPro)	enzyme; membrane; digestion	DIGESTION	tr|A0A4C1TJC0|A0A4C1TJC0_EUMVA Trypsin-1 OS=Eumeta variegata OX=151549 GN=TRYP1 PE=3 SV=1
g8351.t1	344	86.508	KEEP	Strong arthropod homology with multiple qualifying hits and strong combined evidence.	681	sp|B4KD90|NMDA1_DROMO	Drosophila mojavensis	7230	Eukaryota; Metazoa; Arthropoda; Insecta; Diptera	67.901	100.0	0.0	989.0	10	10	1.0	0.0	0.0	0.0	0.0	KEEP_ARTHROPOD	97.527	100.0	30.0	100.0	85.0	Calmodulin-binding domain C0, NMDA receptor, NR1 subunit	IPR018882; IPR028082; IPR019594; IPR001828; IPR001320; IPR015683; IPR001508; IPR049872	Calmodulin-binding domain C0, NMDA receptor, NR1 subunit; Periplasmic binding protein-like I; Ionotropic glutamate receptor, L-glutamate and glycine-binding domain; Receptor, ligand binding region; Ionotropic glutamate receptor, C-terminal; Ionotropic glutamate receptor; Ionotropic glutamate receptor, metazoa; Glutamate [NMDA] receptor subunit 1-like, ligand-binding domain	PF10562; Calmodulin-binding domain C0 of NMDA receptor NR1 subunit; PF10613; Ligated ion channel L-glutamate- and glycine-binding site; PF01094; Receptor family ligand binding region; PF00060; Ligand-gated ion channel	PTHR18966; IONOTROPIC GLUTAMATE RECEPTOR	GO:0015276(InterPro)|GO:0016020(InterPro); GO:0005216(InterPro)|GO:0006811(InterPro)|GO:0016020(InterPro)|GO:0038023(InterPro)	receptor; transporter	SIGNALING	Glutamate [NMDA] receptor subunit 1 OS=Drosophila mojavensis OX=7230 GN=Nmdar1 PE=3 SV=1
g19676.t1	345	86.503	KEEP	Strong arthropod homology with multiple qualifying hits and strong combined evidence.	284	tr|A0A0N1PH66|A0A0N1PH66_PAPXU	Papilio xuthus	66420	Eukaryota; Metazoa; Arthropoda; Insecta; Lepidoptera	68.683	99.0	3.35e-129	398.0	10	10	1.0	0.0	0.0	0.0	0.0	KEEP_ARTHROPOD	97.511	100.0	30.0	100.0	85.0	Ionotropic glutamate receptor, C-terminal	IPR001320; IPR015683	Ionotropic glutamate receptor, C-terminal; Ionotropic glutamate receptor	PF00060; Ligand-gated ion channel	PTHR18966; IONOTROPIC GLUTAMATE RECEPTOR	GO:0015276(InterPro)|GO:0016020(InterPro)	receptor; transporter	SIGNALING	tr|A0A0N1PH66|A0A0N1PH66_PAPXU Glutamate receptor, ionotropic kainate 2 OS=Papilio xuthus OX=66420 GN=RR46_01543 PE=3 SV=1
g1036.t1	346	86.482	KEEP	Strong arthropod homology with multiple qualifying hits and strong combined evidence.	500	tr|A0A921YS93|A0A921YS93_MANSE	Manduca sexta	7130	Eukaryota; Metazoa; Arthropoda; Insecta; Lepidoptera	67.8	100.0	0.0	745.0	10	10	1.0	0.0	0.0	0.0	0.0	KEEP_ARTHROPOD	97.439	100.0	30.0	100.0	85.0	CD36 family	IPR002159	CD36 family	PF01130; CD36 family	PTHR11923; SCAVENGER RECEPTOR CLASS B TYPE-1  SR-B1	GO:0016020(InterPro); GO:0005044(PANTHER)|GO:0005737(PANTHER)|GO:0016020(InterPro)	receptor	SIGNALING	Scavenger receptor class B member 1 OS=Manduca sexta OX=7130 GN=O3G_MSEX003102 PE=3 SV=1
g13775.t1	347	86.459	KEEP	Strong arthropod homology with multiple qualifying hits and strong combined evidence.	258	tr|A0A4C1WGE0|A0A4C1WGE0_EUMVA	Eumeta variegata	151549	Eukaryota; Metazoa; Arthropoda; Insecta; Lepidoptera	96.104	90.0	2.19e-163	460.0	10	10	1.0	0.0	0.0	0.0	0.0	KEEP_ARTHROPOD	92.364	100.0	30.0	100.0	95.0	Peptidase S1A, chymotrypsin family	IPR001314; IPR018114; IPR009003; IPR001254	Peptidase S1A, chymotrypsin family; Serine protease-like, trypsin family, histidine active site; Peptidase S1, PA clan; Serine proteases, trypsin domain	PF00089; Trypsin	PTHR24276; POLYSERASE-RELATED	GO:0004252(InterPro)|GO:0006508(InterPro); GO:0004252(PANTHER)	enzyme; digestion	DIGESTION	tr|A0A4C1WGE0|A0A4C1WGE0_EUMVA Trypsin CFT-1 OS=Eumeta variegata OX=151549 GN=EVAR_45627_1 PE=3 SV=1
g13777.t1	348	86.459	KEEP	Strong arthropod homology with multiple qualifying hits and strong combined evidence.	258	tr|A0A4C1WGE0|A0A4C1WGE0_EUMVA	Eumeta variegata	151549	Eukaryota; Metazoa; Arthropoda; Insecta; Lepidoptera	91.342	90.0	8.03e-154	436.0	10	10	1.0	0.0	0.0	0.0	0.0	KEEP_ARTHROPOD	92.364	100.0	30.0	100.0	95.0	Serine proteases, trypsin domain	IPR001254; IPR018114; IPR001314; IPR009003	Serine proteases, trypsin domain; Serine protease-like, trypsin family, histidine active site; Peptidase S1A, chymotrypsin family; Peptidase S1, PA clan	PF00089; Trypsin	PTHR24276; POLYSERASE-RELATED	GO:0004252(InterPro)|GO:0006508(InterPro); GO:0004252(PANTHER)	enzyme; digestion	DIGESTION	tr|A0A4C1WGE0|A0A4C1WGE0_EUMVA Trypsin CFT-1 OS=Eumeta variegata OX=151549 GN=EVAR_45627_1 PE=3 SV=1
g13780.t1	349	86.459	KEEP	Strong arthropod homology with multiple qualifying hits and strong combined evidence.	178	tr|A0A4C1WHH1|A0A4C1WHH1_EUMVA	Eumeta variegata	151549	Eukaryota; Metazoa; Arthropoda; Insecta; Lepidoptera	74.534	90.0	1.79e-67	218.0	10	10	1.0	0.0	0.0	0.0	0.0	KEEP_ARTHROPOD	92.364	100.0	30.0	100.0	95.0	Serine protease-like, trypsin family, histidine active site	IPR018114; IPR001254; IPR009003	Serine protease-like, trypsin family, histidine active site; Serine proteases, trypsin domain; Peptidase S1, PA clan	PF00089; Trypsin	PTHR24276; POLYSERASE-RELATED	GO:0004252(InterPro)|GO:0006508(InterPro); GO:0004252(PANTHER)	enzyme; digestion	DIGESTION	tr|A0A4C1WHH1|A0A4C1WHH1_EUMVA Trypsin CFT-1 OS=Eumeta variegata OX=151549 GN=EVAR_45630_1 PE=3 SV=1
g13779.t1	350	86.459	KEEP	Strong arthropod homology with multiple qualifying hits and strong combined evidence.	261	tr|A0A4C1WHF6|A0A4C1WHF6_EUMVA	Eumeta variegata	151549	Eukaryota; Metazoa; Arthropoda; Insecta; Lepidoptera	82.553	90.0	1.21e-133	386.0	10	10	1.0	0.0	0.0	0.0	0.0	KEEP_ARTHROPOD	92.364	100.0	30.0	100.0	95.0	Serine proteases, trypsin domain	IPR001254; IPR009003; IPR001314; IPR018114	Serine proteases, trypsin domain; Peptidase S1, PA clan; Peptidase S1A, chymotrypsin family; Serine protease-like, trypsin family, histidine active site	PF00089; Trypsin	PTHR24276; POLYSERASE-RELATED	GO:0004252(InterPro)|GO:0006508(InterPro); GO:0004252(PANTHER)	enzyme; membrane; digestion	DIGESTION	tr|A0A4C1WHF6|A0A4C1WHF6_EUMVA Trypsin CFT-1 OS=Eumeta variegata OX=151549 GN=EVAR_45629_1 PE=3 SV=1
g19826.t1	351	86.459	KEEP	Strong arthropod homology with multiple qualifying hits and strong combined evidence.	265	tr|A0A4C1YIV2|A0A4C1YIV2_EUMVA	Eumeta variegata	151549	Eukaryota; Metazoa; Arthropoda; Insecta; Lepidoptera	82.845	90.0	5.75e-150	427.0	10	10	1.0	0.0	0.0	0.0	0.0	KEEP_ARTHROPOD	92.364	100.0	30.0	100.0	95.0	Phospholipase A2	IPR001211; IPR033112; IPR033113; IPR036444; IPR016090	Phospholipase A2; Phospholipase A2, aspartic acid active site; Phospholipase A2, histidine active site; Phospholipase A2 domain superfamily; Phospholipase A2-like, central domain	PF00068; Phospholipase A2	PTHR11716; PHOSPHOLIPASE A2 FAMILY MEMBER	GO:0004623(InterPro)|GO:0005509(InterPro)|GO:0016042(InterPro); GO:0004623(InterPro)|GO:0006644(InterPro)|GO:0050482(InterPro)	digestion	DIGESTION	tr|A0A4C1YIV2|A0A4C1YIV2_EUMVA Phospholipase A2 OS=Eumeta variegata OX=151549 GN=Pla2g1b PE=3 SV=1
g42.t2	352	86.439	KEEP	Strong arthropod homology with multiple qualifying hits and strong combined evidence.	323	tr|A0A6J3BW94|A0A6J3BW94_GALME	Galleria mellonella	7137	Eukaryota; Metazoa; Arthropoda; Insecta; Lepidoptera	69.35	100.0	1.78e-166	478.0	10	10	1.0	0.0	0.0	0.0	0.0	KEEP_ARTHROPOD	98.795	100.0	30.0	97.0	85.0	Olfactory receptor, insect	IPR004117	Olfactory receptor, insect	PF02949; 7tm Odorant receptor	PTHR21137; ODORANT RECEPTOR	GO:0004984(InterPro)|GO:0004984(PANTHER)|GO:0005549(InterPro)|GO:0005886(PANTHER)|GO:0007608(InterPro)|GO:0016020(InterPro)|GO:0050911(PANTHER); GO:0004984(InterPro)|GO:0005549(InterPro)|GO:0007608(InterPro)|GO:0016020(InterPro)	receptor	SIGNALING	Odorant receptor OS=Galleria mellonella OX=7137 GN=LOC116412663 PE=3 SV=2
g13763.t1	353	86.429	KEEP	Strong arthropod homology with multiple qualifying hits and strong combined evidence.	415	tr|A0A4C1VLR8|A0A4C1VLR8_EUMVA	Eumeta variegata	151549	Eukaryota; Metazoa; Arthropoda; Insecta; Lepidoptera	86.014	97.0	0.0	537.0	10	10	1.0	0.0	0.0	0.0	0.0	KEEP_ARTHROPOD	97.264	100.0	30.0	100.0	85.0	RPN13, DEUBAD domain superfamily	IPR038108; IPR044867; IPR006773; IPR044868; IPR038633; IPR032368	RPN13, DEUBAD domain superfamily; DEUBAD domain; Proteasomal ubiquitin receptor Rpn13/ADRM1; Rpn13/ADRM1, Pru domain; Proteasomal ubiquitin receptor Rpn13/ADRM1, Pru domain superfamily; RPN13, DEUBAD domain	PF04683; Proteasome complex subunit Rpn13, Pru domain; PF16550; UCH-binding domain	PTHR12225; ADHESION REGULATING MOLECULE 1  110 KDA CELL MEMBRANE GLYCOPROTEIN	GO:0005634(InterPro)|GO:0005737(InterPro)|GO:0008541(PANTHER)|GO:0061133(PANTHER)|GO:0070628(PANTHER)	receptor	SIGNALING	tr|A0A4C1VLR8|A0A4C1VLR8_EUMVA Proteasomal ubiquitin receptor ADRM1 homolog OS=Eumeta variegata OX=151549 GN=Rpn13 PE=3 SV=1
g2532.t1	354	86.429	KEEP	Strong arthropod homology with multiple qualifying hits and strong combined evidence.	175	tr|A0A4C1Y552|A0A4C1Y552_EUMVA	Plutella xylostella	51655	Eukaryota; Metazoa; Arthropoda; Insecta; Lepidoptera	97.041	97.0	6.1e-116	353.0	10	10	1.0	0.0	0.0	0.0	0.0	KEEP_ARTHROPOD	97.264	100.0	30.0	100.0	85.0	Serine-threonine/tyrosine-protein kinase, catalytic domain	IPR001245; IPR011009; IPR000719; IPR008266; IPR020635; IPR050122	Serine-threonine/tyrosine-protein kinase, catalytic domain; Protein kinase-like domain superfamily; Protein kinase domain; Tyrosine-protein kinase, active site; Tyrosine-protein kinase, catalytic domain; Receptor Tyrosine Kinase	PF07714; Protein tyrosine and serine/threonine kinase	PTHR24416; TYROSINE-PROTEIN KINASE RECEPTOR	GO:0004672(InterPro)|GO:0006468(InterPro); GO:0005524(InterPro)|GO:0006468(InterPro); GO:0004713(InterPro)|GO:0006468(InterPro); GO:0004714(PANTHER)|GO:0005886(PANTHER)|GO:0007169(PANTHER)|GO:0007275(PANTHER)|GO:0033674(PANTHER)|GO:0043235(PANTHER)	enzyme; receptor	SIGNALING	receptor protein-tyrosine kinase OS=Eumeta variegata OX=151549 GN=Cad96Ca PE=4 SV=1
g5504.t2	355	86.429	KEEP	Strong arthropod homology with multiple qualifying hits and strong combined evidence.	948	tr|A0A921YLS4|A0A921YLS4_MANSE	Manduca sexta	7130	Eukaryota; Metazoa; Arthropoda; Insecta; Lepidoptera	93.824	97.0	0.0	1754.0	10	10	1.0	0.0	0.0	0.0	0.0	KEEP_ARTHROPOD	97.264	100.0	30.0	100.0	85.0	Protein kinase C-like, phorbol ester/diacylglycerol-binding domain	IPR002219; IPR000756; IPR046349; IPR029071; IPR000159; IPR001206; IPR016064; IPR017438; IPR037607; IPR056392; IPR020454	Protein kinase C-like, phorbol ester/diacylglycerol-binding domain; Diacylglycerol kinase, accessory domain; C1-like domain superfamily; Ubiquitin-like domain superfamily; Ras-associating domain; Diacylglycerol kinase, catalytic domain; NAD kinase/diacylglycerol kinase-like domain superfamily; Inorganic polyphosphate/ATP-NAD kinase, N-terminal; Diacylglycerol kinase; Diacylglycerol kinase theta, RNA-binding domain; Diacylglycerol/phorbol-ester binding	PF00609; Diacylglycerol kinase accessory domain; PF00130; Phorbol esters/diacylglycerol binding domain (C1 domain); PF00781; Diacylglycerol kinase catalytic domain; PF24099; Diacylglycerol kinase theta, RNA-binding domain-like; PF00788; Ras association (RalGDS/AF-6) domain	PTHR11255; DIACYLGLYCEROL KINASE	GO:0004143(InterPro)|GO:0007200(InterPro); GO:0007165(InterPro); GO:0016301(InterPro); GO:0004143(PANTHER)|GO:0004143(InterPro)|GO:0007165(InterPro)|GO:0016020(PANTHER)	enzyme; transcription_factor	SIGNALING	Diacylglycerol kinase OS=Manduca sexta OX=7130 GN=O3G_MSEX001947 PE=3 SV=1
g18683.t1	356	86.429	KEEP	Strong arthropod homology with multiple qualifying hits and strong combined evidence.	596	tr|A0A4C1VTY7|A0A4C1VTY7_EUMVA	Eumeta variegata	151549	Eukaryota; Metazoa; Arthropoda; Insecta; Lepidoptera	88.394	97.0	0.0	1124.0	10	10	1.0	0.0	0.0	0.0	0.0	KEEP_ARTHROPOD	97.264	100.0	30.0	100.0	85.0	CRIB domain	IPR000095; IPR000719; IPR033923; IPR017441; IPR051931; IPR036936; IPR011009	CRIB domain; Protein kinase domain; p21 activated kinase binding domain; Protein kinase, ATP binding site; Serine/threonine-protein kinase PAK 3-like; CRIB domain superfamily; Protein kinase-like domain superfamily	PF00069; Protein kinase domain; PF00786; P21-Rho-binding domain	PTHR45832; SERINE/THREONINE-PROTEIN KINASE SAMKA-RELATED-RELATED	GO:0005524(InterPro)|GO:0006468(InterPro); GO:0004674(InterPro); GO:0005524(InterPro)	enzyme	SIGNALING	tr|A0A4C1VTY7|A0A4C1VTY7_EUMVA non-specific serine/threonine protein kinase OS=Eumeta variegata OX=151549 GN=EVAR_26924_1 PE=4 SV=1
g15404.t1	357	86.429	KEEP	Strong arthropod homology with multiple qualifying hits and strong combined evidence.	414	tr|A0ABR3I050|A0ABR3I050_LOXSC	Loxostege sticticalis	481309	Eukaryota; Metazoa; Arthropoda; Insecta; Lepidoptera	75.062	97.0	0.0	614.0	10	10	1.0	0.0	0.0	0.0	0.0	KEEP_ARTHROPOD	97.264	100.0	30.0	100.0	85.0	G protein-coupled receptor, rhodopsin-like	IPR000276; IPR001681; IPR017452	G protein-coupled receptor, rhodopsin-like; Neurokinin receptor; GPCR, rhodopsin-like, 7TM	PF00001; 7 transmembrane receptor (rhodopsin family)	PTHR46925; G-PROTEIN COUPLED RECEPTOR TKR-1-RELATED	GO:0004930(InterPro)|GO:0007186(InterPro)|GO:0016020(InterPro); GO:0004995(InterPro)|GO:0005886(InterPro)|GO:0007186(InterPro)|GO:0016020(InterPro); GO:0016020(InterPro); GO:0004995(InterPro)|GO:0004995(PANTHER)|GO:0005886(PANTHER)|GO:0005886(InterPro)|GO:0007186(InterPro)|GO:0016020(InterPro)	receptor; membrane	SIGNALING	tr|A0ABR3I050|A0ABR3I050_LOXSC G-protein coupled receptors family 1 profile domain-containing protein OS=Loxostege sticticalis OX=481309 GN=ABMA27_000714 PE=3 SV=1
g2878.t1	358	86.429	KEEP	Strong arthropod homology with multiple qualifying hits and strong combined evidence.	431	tr|A0A4C1X032|A0A4C1X032_EUMVA	Eumeta variegata	151549	Eukaryota; Metazoa; Arthropoda; Insecta; Lepidoptera	83.771	97.0	0.0	684.0	10	10	1.0	0.0	0.0	0.0	0.0	KEEP_ARTHROPOD	97.264	100.0	30.0	100.0	85.0	G protein-coupled receptor, rhodopsin-like	IPR000276; IPR017452	G protein-coupled receptor, rhodopsin-like; GPCR, rhodopsin-like, 7TM	PF00001; 7 transmembrane receptor (rhodopsin family)	PTHR24243; G-PROTEIN COUPLED RECEPTOR	GO:0004930(InterPro)|GO:0007186(InterPro)|GO:0016020(InterPro); GO:0016020(InterPro)	receptor; membrane	SIGNALING	Substance-K receptor OS=Eumeta variegata OX=151549 GN=TACR2 PE=3 SV=1
g18380.t1	359	86.429	KEEP	Strong arthropod homology with multiple qualifying hits and strong combined evidence.	532	tr|A0A6J1WL98|A0A6J1WL98_GALME	Galleria mellonella	7137	Eukaryota; Metazoa; Arthropoda; Insecta; Lepidoptera	81.008	97.0	0.0	863.0	10	10	1.0	0.0	0.0	0.0	0.0	KEEP_ARTHROPOD	97.264	100.0	30.0	100.0	85.0	FCH domain	IPR001060; IPR001452; IPR036028; IPR027267; IPR031160	FCH domain; SH3 domain; SH3-like domain superfamily; AH/BAR domain superfamily; F-BAR domain	PF00611; Fes/CIP4, and EFC/F-BAR homology domain; PF14604; Variant SH3 domain	PTHR23065; PROLINE-SERINE-THREONINE PHOSPHATASE INTERACTING PROTEIN 1	GO:0005543(PANTHER)|GO:0005737(PANTHER)|GO:0005768(PANTHER)|GO:0005886(PANTHER)|GO:0007010(PANTHER)|GO:0030100(PANTHER)|GO:0097320(PANTHER); GO:0005515(InterPro)	enzyme	SIGNALING	tr|A0A6J1WL98|A0A6J1WL98_GALME Protein kinase C and casein kinase substrate in neurons protein 1 isoform X5 OS=Galleria mellonella OX=7137 GN=LOC113512129 PE=4 SV=2
g4377.t1	360	86.429	KEEP	Strong arthropod homology with multiple qualifying hits and strong combined evidence.	117	tr|A0A4C1Y552|A0A4C1Y552_EUMVA	Eumeta variegata	151549	Eukaryota; Metazoa; Arthropoda; Insecta; Lepidoptera	97.345	97.0	1.28e-69	229.0	10	10	1.0	0.0	0.0	0.0	0.0	KEEP_ARTHROPOD	97.264	100.0	30.0	100.0	85.0	Protein kinase domain	IPR000719; IPR001245; IPR011009; IPR050122; IPR020635	Protein kinase domain; Serine-threonine/tyrosine-protein kinase, catalytic domain; Protein kinase-like domain superfamily; Receptor Tyrosine Kinase; Tyrosine-protein kinase, catalytic domain	PF07714; Protein tyrosine and serine/threonine kinase	PTHR24416; TYROSINE-PROTEIN KINASE RECEPTOR	GO:0005524(InterPro)|GO:0006468(InterPro); GO:0004672(InterPro)|GO:0006468(InterPro); GO:0004714(PANTHER)|GO:0005886(PANTHER)|GO:0007169(PANTHER)|GO:0007275(PANTHER)|GO:0033674(PANTHER)|GO:0043235(PANTHER); GO:0004713(InterPro)|GO:0006468(InterPro)	enzyme; receptor	SIGNALING	receptor protein-tyrosine kinase OS=Eumeta variegata OX=151549 GN=Cad96Ca PE=4 SV=1
g14778.t1	361	86.429	KEEP	Strong arthropod homology with multiple qualifying hits and strong combined evidence.	425	tr|A0A4C1TX74|A0A4C1TX74_EUMVA	Eumeta variegata	151549	Eukaryota; Metazoa; Arthropoda; Insecta; Lepidoptera	96.359	97.0	0.0	830.0	10	10	1.0	0.0	0.0	0.0	0.0	KEEP_ARTHROPOD	97.264	100.0	30.0	100.0	85.0	Neurotransmitter-gated ion-channel	IPR006201; IPR036734; IPR006202; IPR006029; IPR038050; IPR006028; IPR018000; IPR036719	Neurotransmitter-gated ion-channel; Neurotransmitter-gated ion-channel ligand-binding domain superfamily; Neurotransmitter-gated ion-channel ligand-binding domain; Neurotransmitter-gated ion-channel transmembrane domain; Neuronal acetylcholine receptor; Gamma-aminobutyric acid A receptor/Glycine receptor alpha; Neurotransmitter-gated ion-channel, conserved site; Neurotransmitter-gated ion-channel transmembrane domain superfamily	PF02931; Neurotransmitter-gated ion-channel ligand binding domain; PF02932; Neurotransmitter-gated ion-channel transmembrane region	PTHR18945; NEUROTRANSMITTER GATED ION CHANNEL	GO:0004888(InterPro)|GO:0005216(InterPro)|GO:0016020(InterPro)|GO:0034220(InterPro); GO:0005230(InterPro)|GO:0006811(InterPro)|GO:0016020(InterPro); GO:0006811(InterPro)|GO:0016020(InterPro)	receptor; transporter; membrane	SIGNALING	tr|A0A4C1TX74|A0A4C1TX74_EUMVA Glycine receptor subunit alpha-2 OS=Eumeta variegata OX=151549 GN=Glra2 PE=3 SV=1
g6481.t1	362	86.429	KEEP	Strong arthropod homology with multiple qualifying hits and strong combined evidence.	326	tr|A0A8S4I0N2|A0A8S4I0N2_9NEOP	Brenthis ino	405034	Eukaryota; Metazoa; Arthropoda; Insecta; Lepidoptera	91.167	97.0	0.0	620.0	10	10	1.0	0.0	0.0	0.0	0.0	KEEP_ARTHROPOD	97.264	100.0	30.0	100.0	85.0	Protein kinase domain	IPR000719; IPR027442; IPR008271; IPR011009; IPR050205	Protein kinase domain; MAP kinase activated protein kinase, C-terminal; Serine/threonine-protein kinase, active site; Protein kinase-like domain superfamily; Calcium-dependent Serine/Threonine Protein Kinases	PF00069; Protein kinase domain	PTHR24349; SERINE/THREONINE-PROTEIN KINASE	GO:0005524(InterPro)|GO:0006468(InterPro); GO:0004672(InterPro)|GO:0006468(InterPro)	enzyme	SIGNALING	non-specific serine/threonine protein kinase (Fragment) OS=Brenthis ino OX=405034 GN=BINO364_LOCUS155 PE=3 SV=1
g13676.t1	363	86.429	KEEP	Strong arthropod homology with multiple qualifying hits and strong combined evidence.	1003	tr|A0ACC2Q5S8|A0ACC2Q5S8_9NEOP	Mythimna loreyi	667449	Eukaryota; Metazoa; Arthropoda; Insecta; Lepidoptera	85.381	97.0	0.0	1722.0	10	10	1.0	0.0	0.0	0.0	0.0	KEEP_ARTHROPOD	97.264	100.0	30.0	100.0	85.0	Serine/threonine-protein kinase, active site	IPR008271; IPR000961; IPR031597; IPR011009; IPR000719; IPR017892; IPR050839	Serine/threonine-protein kinase, active site; AGC-kinase, C-terminal; KELK-motif containing domain; Protein kinase-like domain superfamily; Protein kinase domain; Protein kinase, C-terminal; Rho-associated Serine/Threonine Kinase	PF15796; KELK-motif containing domain of MRCK Ser/Thr protein kinase; PF00069; Protein kinase domain; PF00433; Protein kinase C terminal domain	PTHR22988; MYOTONIC DYSTROPHY S/T KINASE-RELATED	GO:0004672(InterPro)|GO:0006468(InterPro); GO:0004674(InterPro)|GO:0005524(InterPro)|GO:0006468(InterPro); GO:0005524(InterPro)|GO:0006468(InterPro); GO:0004674(PANTHER)|GO:0005737(PANTHER)|GO:0005856(PANTHER)|GO:0018107(PANTHER)|GO:0031032(PANTHER)	enzyme	SIGNALING	tr|A0ACC2Q5S8|A0ACC2Q5S8_9NEOP non-specific serine/threonine protein kinase OS=Mythimna loreyi OX=667449 GN=PYW08_010439 PE=3 SV=1
g15542.t1	364	86.412	KEEP	Strong arthropod homology with multiple qualifying hits and strong combined evidence.	306	tr|A0A922CFJ0|A0A922CFJ0_MANSE	Manduca sexta	7130	Eukaryota; Metazoa; Arthropoda; Insecta; Lepidoptera	63.851	97.0	3.88e-147	430.0	12	12	1.0	0.0	0.0	0.0	0.0	KEEP_ARTHROPOD	92.208	100.0	30.0	100.0	95.0	Peptidase M14, carboxypeptidase A	IPR000834	Peptidase M14, carboxypeptidase A	PF00246; Zinc carboxypeptidase	PTHR11705; PROTEASE FAMILY M14 CARBOXYPEPTIDASE A,B	GO:0004181(InterPro)|GO:0006508(InterPro)|GO:0008270(InterPro); GO:0004181(PANTHER)|GO:0005615(PANTHER)|GO:0006508(PANTHER)	enzyme; digestion	DIGESTION	tr|A0A922CFJ0|A0A922CFJ0_MANSE Peptidase M14 domain-containing protein OS=Manduca sexta OX=7130 GN=O3G_MSEX003729 PE=3 SV=1
g968.t1	365	86.406	KEEP	Strong arthropod homology with multiple qualifying hits and strong combined evidence.	198	tr|A0A4C1SI00|A0A4C1SI00_EUMVA	Eumeta variegata	151549	Eukaryota; Metazoa; Arthropoda; Insecta; Lepidoptera	86.869	100.0	1.1e-120	354.0	12	12	1.0	0.0	0.0	0.0	0.0	KEEP_ARTHROPOD	99.688	100.0	30.0	100.0	80.0	Cytochrome P450 superfamily	IPR036396; IPR050196; IPR001128; IPR002401	Cytochrome P450 superfamily; Cytochrome P450 Monooxygenases; Cytochrome P450; Cytochrome P450, E-class, group I	PF00067; Cytochrome P450	PTHR24291; CYTOCHROME P450 FAMILY 4	GO:0004497(InterPro)|GO:0005506(InterPro)|GO:0016705(InterPro)|GO:0020037(InterPro)		DETOXIFICATION	Cytochrome P450 4V2 OS=Eumeta variegata OX=151549 GN=Cyp4v2 PE=3 SV=1
g4477.t1	366	86.367	KEEP	Strong arthropod homology with multiple qualifying hits and strong combined evidence.	151	tr|A0A4C1SZL2|A0A4C1SZL2_EUMVA	Eumeta variegata	151549	Eukaryota; Metazoa; Arthropoda; Insecta; Lepidoptera	82.781	100.0	1.09e-78	237.0	11	11	1.0	0.0	0.0	0.0	0.0	KEEP_ARTHROPOD	99.555	100.0	30.0	100.0	80.0	Membrane associated eicosanoid/glutathione metabolism-like domain superfamily	IPR023352; IPR040162; IPR001129	Membrane associated eicosanoid/glutathione metabolism-like domain superfamily; Microsomal glutathione S-transferase 1-like; Membrane-associated, eicosanoid/glutathione metabolism (MAPEG) protein	PF01124; MAPEG family	PTHR10689; MICROSOMAL GLUTATHIONE S-TRANSFERASE 1	GO:0016020(InterPro)	enzyme	DETOXIFICATION	Microsomal glutathione S-transferase 1 OS=Eumeta variegata OX=151549 GN=Mgst1 PE=3 SV=1
g1987.t1	367	86.367	KEEP	Strong arthropod homology with multiple qualifying hits and strong combined evidence.	407	tr|A0A8J9UGX9|A0A8J9UGX9_9NEOP	Brenthis ino	405034	Eukaryota; Metazoa; Arthropoda; Insecta; Lepidoptera	74.334	100.0	0.0	548.0	11	11	1.0	0.0	0.0	0.0	0.0	KEEP_ARTHROPOD	99.555	100.0	10.0	100.0	100.0	Zinc finger C2H2-type	IPR013087; IPR036236	Zinc finger C2H2-type; Zinc finger C2H2 superfamily	PF00096; Zinc finger, C2H2 type	PTHR23235; KRUEPPEL-LIKE TRANSCRIPTION FACTOR	GO:0000978(PANTHER)|GO:0000981(PANTHER)|GO:0006357(PANTHER)	transcription_factor; development	GROWTH_DEVELOPMENT	C2H2-type domain-containing protein (Fragment) OS=Brenthis ino OX=405034 GN=BINO364_LOCUS6320 PE=3 SV=1
g3384.t1	368	86.32	KEEP	Strong arthropod homology with multiple qualifying hits and strong combined evidence.	353	tr|A0ABR3HPM5|A0ABR3HPM5_LOXSC	Loxostege sticticalis	481309	Eukaryota; Metazoa; Arthropoda; Insecta; Lepidoptera	68.786	98.0	6.59e-171	488.0	10	10	1.0	0.0	0.0	0.0	0.0	KEEP_ARTHROPOD	96.902	100.0	30.0	100.0	85.0	Inositol-tetrakisphosphate 1-kinase, N-terminal	IPR041429; IPR008656; IPR040464	Inositol-tetrakisphosphate 1-kinase, N-terminal; Inositol-tetrakisphosphate 1-kinase; Inositol 1,3,4-trisphosphate 5/6-kinase, ATP-grasp domain	PF17927; Inositol 1,3,4-trisphosphate 5/6-kinase pre-ATP-grasp domain; PF05770; Inositol 1,3,4-trisphosphate 5/6-kinase ATP-grasp domain	PTHR14217; INOSITOL-TETRAKISPHOSPHATE 1-KINASE	GO:0000287(InterPro)|GO:0005524(InterPro)|GO:0032957(InterPro)|GO:0047325(InterPro)|GO:0052725(InterPro)|GO:0052726(InterPro); GO:0000287(InterPro)|GO:0005524(InterPro)|GO:0005737(PANTHER)|GO:0032957(InterPro)|GO:0047325(PANTHER)|GO:0047325(InterPro)|GO:0052725(InterPro)|GO:0052725(PANTHER)|GO:0052726(PANTHER)|GO:0052726(InterPro)|GO:0052746(PANTHER)	enzyme	SIGNALING	Inositol-tetrakisphosphate 1-kinase OS=Loxostege sticticalis OX=481309 GN=ABMA27_003605 PE=3 SV=1
g15159.t1	369	86.312	KEEP	Strong arthropod homology with multiple qualifying hits and strong combined evidence.	243	tr|A0A0N0PDL4|A0A0N0PDL4_PAPMA	Pararge aegeria aegeria	348720	Eukaryota; Metazoa; Arthropoda; Insecta; Lepidoptera	62.241	99.0	9.85e-82	270.0	10	10	1.0	0.0	0.0	0.0	0.0	KEEP_ARTHROPOD	91.875	100.0	30.0	100.0	95.0	Serine protease S9B/DPPIV	IPR050278; IPR029058; IPR001375	Serine protease S9B/DPPIV; Alpha/Beta hydrolase fold; Peptidase S9, prolyl oligopeptidase, catalytic domain	PF00326; Prolyl oligopeptidase family	PTHR11731; PROTEASE FAMILY S9B,C DIPEPTIDYL-PEPTIDASE IV-RELATED	GO:0006508(PANTHER)|GO:0008239(PANTHER); GO:0006508(InterPro)|GO:0008236(InterPro)	enzyme; digestion	DIGESTION	tr|A0A0N0PDL4|A0A0N0PDL4_PAPMA Dipeptidyl peptidase 8 OS=Papilio machaon OX=76193 GN=RR48_02356 PE=3 SV=1
g8462.t1	370	86.309	KEEP	Strong arthropod homology with multiple qualifying hits and strong combined evidence.	448	tr|A0A921Z1I9|A0A921Z1I9_MANSE	Manduca sexta	7130	Eukaryota; Metazoa; Arthropoda; Insecta; Lepidoptera	91.295	100.0	0.0	851.0	10	10	1.0	0.0	0.0	0.0	0.0	KEEP_ARTHROPOD	99.364	100.0	10.0	100.0	100.0	Kazal domain superfamily	IPR036058; IPR002350; IPR050653	Kazal domain superfamily; Kazal domain; Protease Inhibitors and Growth Factor Antagonists	PF00050; Kazal-type serine protease inhibitor domain; PF07648	PTHR10913; FOLLISTATIN-RELATED	GO:0005515(InterPro); GO:0005576(PANTHER)|GO:0007275(PANTHER)|GO:0030154(PANTHER)	enzyme; development; digestion	GROWTH_DEVELOPMENT	Kazal-like domain-containing protein OS=Manduca sexta OX=7130 GN=O3G_MSEX006154 PE=4 SV=1
g15213.t1	371	86.309	KEEP	Strong arthropod homology with multiple qualifying hits and strong combined evidence.	364	tr|A0A4C1USM5|A0A4C1USM5_EUMVA	Eumeta variegata	151549	Eukaryota; Metazoa; Arthropoda; Insecta; Lepidoptera	99.725	100.0	0.0	747.0	10	10	1.0	0.0	0.0	0.0	0.0	KEEP_ARTHROPOD	99.364	100.0	10.0	100.0	100.0	Beta-grasp domain superfamily	IPR012675; IPR004095; IPR006073; IPR006074; IPR045001; IPR031662; IPR005225; IPR027417; IPR031167	Beta-grasp domain superfamily; TGS; GTP binding domain; GTP1/OBG, conserved site; Developmentally regulated GTP-binding protein; GTP binding protein, second domain; Small GTP-binding domain; P-loop containing nucleoside triphosphate hydrolase; OBG-type guanine nucleotide-binding (G) domain	PF02824; TGS domain; PF01926; 50S ribosome-binding GTPase; PF16897; C-terminal region of MMR_HSR1 domain	PTHR43127; DEVELOPMENTALLY-REGULATED GTP-BINDING PROTEIN 2	GO:0005525(InterPro); GO:0003924(InterPro)|GO:0005525(InterPro)	enzyme; development	GROWTH_DEVELOPMENT	tr|A0A4C1USM5|A0A4C1USM5_EUMVA Developmentally-regulated GTP-binding protein 2 OS=Eumeta variegata OX=151549 GN=DRG2 PE=4 SV=1
g15780.t1	372	86.309	KEEP	Strong arthropod homology with multiple qualifying hits and strong combined evidence.	216	tr|A0A4C1X0M1|A0A4C1X0M1_EUMVA	Eumeta variegata	151549	Eukaryota; Metazoa; Arthropoda; Insecta; Lepidoptera	89.815	100.0	4.66e-143	407.0	10	10	1.0	0.0	0.0	0.0	0.0	KEEP_ARTHROPOD	99.364	100.0	30.0	100.0	80.0	Thioredoxin-like superfamily	IPR036249; IPR036282; IPR004045; IPR004046; IPR040079; IPR010987	Thioredoxin-like superfamily; Glutathione S-transferase, C-terminal domain superfamily; Glutathione S-transferase, N-terminal; Glutathione S-transferase, C-terminal; Glutathione transferase family; Glutathione S-transferase, C-terminal-like	PF02798; Glutathione S-transferase, N-terminal domain; PF00043; Glutathione S-transferase, C-terminal domain	PTHR43969; GLUTATHIONE S TRANSFERASE D10, ISOFORM A-RELATED	GO:0004364(PANTHER)|GO:0006749(PANTHER)	enzyme	DETOXIFICATION	tr|A0A4C1X0M1|A0A4C1X0M1_EUMVA Glutathione S-transferase 1, isoform D OS=Eumeta variegata OX=151549 GN=GstD1 PE=3 SV=1
g15779.t1	373	86.309	KEEP	Strong arthropod homology with multiple qualifying hits and strong combined evidence.	216	tr|A0A4C1X2M3|A0A4C1X2M3_EUMVA	Eumeta variegata	151549	Eukaryota; Metazoa; Arthropoda; Insecta; Lepidoptera	87.5	100.0	1.72e-140	400.0	10	10	1.0	0.0	0.0	0.0	0.0	KEEP_ARTHROPOD	99.364	100.0	30.0	100.0	80.0	Glutathione S-transferase, C-terminal	IPR004046; IPR040079; IPR036249; IPR036282; IPR004045; IPR010987	Glutathione S-transferase, C-terminal; Glutathione transferase family; Thioredoxin-like superfamily; Glutathione S-transferase, C-terminal domain superfamily; Glutathione S-transferase, N-terminal; Glutathione S-transferase, C-terminal-like	PF00043; Glutathione S-transferase, C-terminal domain; PF13417; Glutathione S-transferase, N-terminal domain	PTHR43969; GLUTATHIONE S TRANSFERASE D10, ISOFORM A-RELATED	GO:0004364(PANTHER)|GO:0006749(PANTHER)	enzyme	DETOXIFICATION	tr|A0A4C1X2M3|A0A4C1X2M3_EUMVA Glutathione S-transferase 1, isoform D OS=Eumeta variegata OX=151549 GN=GstD1 PE=4 SV=1
g3789.t1	374	86.309	KEEP	Strong arthropod homology with multiple qualifying hits and strong combined evidence.	547	tr|A0A4C1UAP4|A0A4C1UAP4_EUMVA	Eumeta variegata	151549	Eukaryota; Metazoa; Arthropoda; Insecta; Lepidoptera	95.1	100.0	0.0	1089.0	10	10	1.0	0.0	0.0	0.0	0.0	KEEP_ARTHROPOD	99.364	100.0	10.0	100.0	100.0	SKP1/BTB/POZ domain superfamily	IPR011333; IPR013087; IPR036236; IPR000210; IPR051095; IPR008598	SKP1/BTB/POZ domain superfamily; Zinc finger C2H2-type; Zinc finger C2H2 superfamily; BTB/POZ domain; Drosophila Developmental Transcription Regulators; Di19, zinc-binding domain	PF05605; Drought induced 19 protein (Di19), zinc-binding; PF00651; BTB/POZ domain	PTHR23110; BTB DOMAIN TRANSCRIPTION FACTOR	GO:0005515(InterPro); GO:0005634(PANTHER)|GO:0006357(PANTHER)	transcription_factor; transporter; development	GROWTH_DEVELOPMENT	Protein tramtrack, beta isoform OS=Eumeta variegata OX=151549 GN=ttk PE=4 SV=1
g16715.t1	375	86.309	KEEP	Strong arthropod homology with multiple qualifying hits and strong combined evidence.	515	tr|A0A4C1XU74|A0A4C1XU74_EUMVA	Eumeta variegata	151549	Eukaryota; Metazoa; Arthropoda; Insecta; Lepidoptera	84.854	100.0	0.0	889.0	10	10	1.0	0.0	0.0	0.0	0.0	KEEP_ARTHROPOD	99.364	100.0	30.0	100.0	80.0	Cytochrome P450, E-class, group I	IPR002401; IPR001128; IPR036396; IPR050196; IPR017972	Cytochrome P450, E-class, group I; Cytochrome P450; Cytochrome P450 superfamily; Cytochrome P450 Monooxygenases; Cytochrome P450, conserved site	PF00067; Cytochrome P450	PTHR24291; CYTOCHROME P450 FAMILY 4	GO:0004497(InterPro)|GO:0005506(InterPro)|GO:0016705(InterPro)|GO:0020037(InterPro); GO:0005506(InterPro)|GO:0016705(InterPro)		DETOXIFICATION	tr|A0A4C1XU74|A0A4C1XU74_EUMVA Cytochrome P450 4g15 OS=Eumeta variegata OX=151549 GN=Cyp4g15 PE=3 SV=1
g16502.t1	376	86.309	KEEP	Strong arthropod homology with multiple qualifying hits and strong combined evidence.	313	tr|A0A4C1VST6|A0A4C1VST6_EUMVA	Eumeta variegata	151549	Eukaryota; Metazoa; Arthropoda; Insecta; Lepidoptera	94.888	100.0	0.0	510.0	10	10	1.0	0.0	0.0	0.0	0.0	KEEP_ARTHROPOD	99.364	100.0	10.0	100.0	100.0	ING family	IPR028651; IPR011011; IPR028643; IPR001965; IPR024610; IPR019786; IPR019787; IPR013083	ING family; Zinc finger, FYVE/PHD-type; Inhibitor of growth protein 1, PHD-type zinc finger; Zinc finger, PHD-type; Inhibitor of growth protein, N-terminal histone-binding; Zinc finger, PHD-type, conserved site; Zinc finger, PHD-finger; Zinc finger, RING/FYVE/PHD-type	PF12998; Inhibitor of growth proteins N-terminal histone-binding	PTHR10333; INHIBITOR OF GROWTH PROTEIN	GO:0005634(PANTHER)|GO:0006355(PANTHER)|GO:0035064(PANTHER)|GO:0045893(PANTHER)	transcription_factor; development	GROWTH_DEVELOPMENT	tr|A0A4C1VST6|A0A4C1VST6_EUMVA Inhibitor of growth protein OS=Eumeta variegata OX=151549 GN=Ing1 PE=3 SV=1
g6096.t1	377	86.309	KEEP	Strong arthropod homology with multiple qualifying hits and strong combined evidence.	308	tr|A0A4C1UDA8|A0A4C1UDA8_EUMVA	Eumeta variegata	151549	Eukaryota; Metazoa; Arthropoda; Insecta; Lepidoptera	89.286	100.0	0.0	576.0	10	10	1.0	0.0	0.0	0.0	0.0	KEEP_ARTHROPOD	99.364	100.0	10.0	100.0	100.0	Zinc finger, RING/FYVE/PHD-type	IPR013083; IPR001841; IPR042496	Zinc finger, RING/FYVE/PHD-type; Zinc finger, RING-type; Cell growth regulator with RING finger domain protein 1	PF13920; Zinc finger, C3HC4 type (RING finger)	PTHR15379; CELL GROWTH REGULATOR WITH RING FINGER DOMAIN PROTEIN 1	GO:0030308(PANTHER)	transcription_factor; development	GROWTH_DEVELOPMENT	Cell growth regulator with RING finger domain protein 1 OS=Eumeta variegata OX=151549 GN=Cgrrf1 PE=4 SV=1
g3607.t1	378	86.309	KEEP	Strong arthropod homology with multiple qualifying hits and strong combined evidence.	374	tr|A0A4C1Z5P3|A0A4C1Z5P3_EUMVA	Eumeta variegata	151549	Eukaryota; Metazoa; Arthropoda; Insecta; Lepidoptera	90.909	100.0	0.0	603.0	10	10	1.0	0.0	0.0	0.0	0.0	KEEP_ARTHROPOD	99.364	100.0	10.0	100.0	100.0	Transforming growth factor-beta, C-terminal	IPR001839; IPR029034; IPR015615; IPR017948; IPR001111	Transforming growth factor-beta, C-terminal; Cystine-knot cytokine; Transforming growth factor-beta-like; Transforming growth factor beta, conserved site; TGF-beta, propeptide	PF00688; TGF-beta propeptide; PF00019; Transforming growth factor beta like domain	PTHR11848; TGF-BETA FAMILY	GO:0008083(InterPro); GO:0005125(PANTHER)|GO:0005576(InterPro)|GO:0005615(PANTHER)	development	GROWTH_DEVELOPMENT	Protein decapentaplegic OS=Eumeta variegata OX=151549 GN=dpp PE=3 SV=1
g10012.t1	379	86.309	KEEP	Strong arthropod homology with multiple qualifying hits and strong combined evidence.	754	tr|A0A4C1TF09|A0A4C1TF09_EUMVA	Eumeta variegata	151549	Eukaryota; Metazoa; Arthropoda; Insecta; Lepidoptera	88.727	100.0	0.0	1345.0	10	10	1.0	0.0	0.0	0.0	0.0	KEEP_ARTHROPOD	99.364	100.0	10.0	100.0	100.0	Leucine-rich repeat domain superfamily	IPR032675; IPR001611; IPR050328; IPR003591	Leucine-rich repeat domain superfamily; Leucine-rich repeat; Multifunctional Developmental and Immune Receptor; Leucine-rich repeat, typical subtype	PF13855; Leucine rich repeat; PF13516; Leucine Rich repeat	PTHR24373; SLIT RELATED LEUCINE-RICH REPEAT NEURONAL PROTEIN	GO:0005515(InterPro); GO:0005615(PANTHER)|GO:0031012(PANTHER)	receptor; development	GROWTH_DEVELOPMENT	Insulin-like growth factor-binding protein complex acid labile subunit OS=Eumeta variegata OX=151549 GN=Igfals PE=4 SV=1
g16392.t1	380	86.309	KEEP	Strong arthropod homology with multiple qualifying hits and strong combined evidence.	224	tr|A0A4C1Z354|A0A4C1Z354_EUMVA	Eumeta variegata	151549	Eukaryota; Metazoa; Arthropoda; Insecta; Lepidoptera	75.446	100.0	4.9e-126	364.0	10	10	1.0	0.0	0.0	0.0	0.0	KEEP_ARTHROPOD	99.364	100.0	30.0	100.0	80.0	Glutathione transferase family	IPR040079; IPR036282; IPR004045; IPR036249; IPR004046; IPR010987	Glutathione transferase family; Glutathione S-transferase, C-terminal domain superfamily; Glutathione S-transferase, N-terminal; Thioredoxin-like superfamily; Glutathione S-transferase, C-terminal; Glutathione S-transferase, C-terminal-like	PF13417; Glutathione S-transferase, N-terminal domain; PF00043; Glutathione S-transferase, C-terminal domain	PTHR43969; GLUTATHIONE S TRANSFERASE D10, ISOFORM A-RELATED	GO:0004364(PANTHER)|GO:0006749(PANTHER)	enzyme	DETOXIFICATION	tr|A0A4C1Z354|A0A4C1Z354_EUMVA Glutathione S-transferase 1 OS=Eumeta variegata OX=151549 GN=GST1 PE=4 SV=1
g6012.t1	381	86.309	KEEP	Strong arthropod homology with multiple qualifying hits and strong combined evidence.	740	tr|A0A8J9VW36|A0A8J9VW36_9NEOP	Brenthis ino	405034	Eukaryota; Metazoa; Arthropoda; Insecta; Lepidoptera	75.908	100.0	0.0	1152.0	10	10	1.0	0.0	0.0	0.0	0.0	KEEP_ARTHROPOD	99.364	100.0	10.0	100.0	100.0	EGF-like domain	IPR000742; IPR011651; IPR013032; IPR018097; IPR001881; IPR001774; IPR051830; IPR000152	EGF-like domain; Notch ligand, N-terminal domain; EGF-like, conserved site; EGF-like calcium-binding, conserved site; EGF-like calcium-binding domain; Delta/Serrate/lag-2 (DSL) protein; Neurogenic locus notch homolog; EGF-type aspartate/asparagine hydroxylation site	PF07657; N terminus of Notch ligand C2-like domain; PF12661; Human growth factor-like EGF; PF00008; EGF-like domain; PF01414; Delta serrate ligand; PF21700; Delta-like/Jagged, EGF-like domain	PTHR24033; EGF-LIKE DOMAIN-CONTAINING PROTEIN	GO:0007219(InterPro)|GO:0007275(InterPro)|GO:0016020(InterPro); GO:0005509(InterPro); GO:0007154(InterPro)|GO:0016020(InterPro)	development	GROWTH_DEVELOPMENT	Delta-like protein (Fragment) OS=Brenthis ino OX=405034 GN=BINO364_LOCUS16739 PE=4 SV=1
g15050.t1	382	86.309	KEEP	Strong arthropod homology with multiple qualifying hits and strong combined evidence.	540	tr|A0ACC1DDW8|A0ACC1DDW8_9NEOP	Dendrolimus kikuchii	765133	Eukaryota; Metazoa; Arthropoda; Insecta; Lepidoptera	92.963	100.0	0.0	1070.0	10	10	1.0	0.0	0.0	0.0	0.0	KEEP_ARTHROPOD	99.364	100.0	10.0	100.0	100.0	LDL receptor-like superfamily	IPR036055; IPR002172; IPR052740; IPR023415; IPR002557; IPR002509; IPR036508; IPR011330	LDL receptor-like superfamily; Low-density lipoprotein (LDL) receptor class A repeat; Carbohydrate Esterase 4; Low-density lipoprotein (LDL) receptor class A, conserved site; Chitin binding domain; NodB homology domain; Chitin binding domain superfamily; Glycoside hydrolase/deacetylase, beta/alpha-barrel	PF00057; Low-density lipoprotein receptor domain class A; PF01607; Chitin binding Peritrophin-A domain; PF01522; Polysaccharide deacetylase	PTHR45985	GO:0005515(InterPro); GO:0005576(InterPro)|GO:0008061(InterPro); GO:0005975(InterPro)|GO:0016810(InterPro); GO:0008061(InterPro); GO:0005975(InterPro)	enzyme; receptor	CHITIN	tr|A0ACC1DDW8|A0ACC1DDW8_9NEOP Chitin-binding type-2 domain-containing protein OS=Dendrolimus kikuchii OX=765133 GN=K1T71_002504 PE=4 SV=1
g4114.t1	383	86.309	KEEP	Strong arthropod homology with multiple qualifying hits and strong combined evidence.	226	tr|A0A4C1Z8Z0|A0A4C1Z8Z0_EUMVA	Eumeta variegata	151549	Eukaryota; Metazoa; Arthropoda; Insecta; Lepidoptera	79.646	100.0	2.11e-140	399.0	10	10	1.0	0.0	0.0	0.0	0.0	KEEP_ARTHROPOD	99.364	100.0	30.0	100.0	80.0	Glutathione S-transferase, C-terminal-like	IPR010987; IPR036249; IPR004045; IPR036282; IPR040079	Glutathione S-transferase, C-terminal-like; Thioredoxin-like superfamily; Glutathione S-transferase, N-terminal; Glutathione S-transferase, C-terminal domain superfamily; Glutathione transferase family	PF13410; Glutathione S-transferase, C-terminal domain; PF13417; Glutathione S-transferase, N-terminal domain	PTHR43969; GLUTATHIONE S TRANSFERASE D10, ISOFORM A-RELATED	GO:0004364(PANTHER)|GO:0006749(PANTHER)	enzyme	DETOXIFICATION	Glutathione S-transferase 1 OS=Eumeta variegata OX=151549 GN=GST1 PE=4 SV=1
g11872.t1	384	86.309	KEEP	Strong arthropod homology with multiple qualifying hits and strong combined evidence.	333	tr|A0A921YL34|A0A921YL34_MANSE	Manduca sexta	7130	Eukaryota; Metazoa; Arthropoda; Insecta; Lepidoptera	70.536	100.0	1.99e-131	386.0	10	10	1.0	0.0	0.0	0.0	0.0	KEEP_ARTHROPOD	99.364	100.0	10.0	100.0	100.0	Scoloptoxin-like	IPR052976; IPR036508; IPR037128; IPR002557	Scoloptoxin-like; Chitin binding domain superfamily; Quinolinate phosphoribosyl transferase, N-terminal domain superfamily; Chitin binding domain	PF01607; Chitin binding Peritrophin-A domain	PTHR22933; FI18007P1-RELATED	GO:0008061(InterPro); GO:0016763(InterPro); GO:0005576(InterPro)|GO:0008061(InterPro)	enzyme	CHITIN	Chitin-binding type-2 domain-containing protein OS=Manduca sexta OX=7130 GN=O3G_MSEX001685 PE=4 SV=1
g5303.t1	385	86.309	KEEP	Strong arthropod homology with multiple qualifying hits and strong combined evidence.	114	tr|A0ABQ7QZ71|A0ABQ7QZ71_PLUXY	Eumeta variegata	151549	Eukaryota; Metazoa; Arthropoda; Insecta; Lepidoptera	87.719	100.0	3.06e-64	206.0	10	17	1.0	0.0	0.0	0.0	0.0	KEEP_ARTHROPOD	99.364	100.0	10.0	100.0	100.0	EGF-like, conserved site	IPR013032; IPR000742; IPR050969	EGF-like, conserved site; EGF-like domain; Developmental Signaling Modulators	PF12661; Human growth factor-like EGF; PF00008; EGF-like domain	PTHR14949; EGF-LIKE-DOMAIN, MULTIPLE 7, 8	GO:0005102(PANTHER)|GO:0005576(PANTHER)|GO:0009986(PANTHER)|GO:0048856(PANTHER)	development; signal	GROWTH_DEVELOPMENT	Wnt inhibitory factor 1 OS=Plutella xylostella OX=51655 GN=JYU34_003116 PE=4 SV=1
g13179.t1	386	86.309	KEEP	Strong arthropod homology with multiple qualifying hits and strong combined evidence.	219	tr|A0A4C1UYD8|A0A4C1UYD8_EUMVA	Eumeta variegata	151549	Eukaryota; Metazoa; Arthropoda; Insecta; Lepidoptera	99.543	100.0	6.55e-156	450.0	10	10	1.0	0.0	0.0	0.0	0.0	KEEP_ARTHROPOD	99.364	100.0	10.0	100.0	100.0	Drosophila Developmental Transcription Regulators	IPR051095; IPR000210; IPR011333	Drosophila Developmental Transcription Regulators; BTB/POZ domain; SKP1/BTB/POZ domain superfamily	PF00651; BTB/POZ domain	PTHR23110; BTB DOMAIN TRANSCRIPTION FACTOR	GO:0005634(PANTHER)|GO:0006357(PANTHER); GO:0005515(InterPro)	transcription_factor; transporter; development	GROWTH_DEVELOPMENT	Modifier of mdg4 OS=Eumeta variegata OX=151549 GN=mod(mdg4) PE=4 SV=1
g5301.t1	387	86.309	KEEP	Strong arthropod homology with multiple qualifying hits and strong combined evidence.	256	tr|A0A4C1WNR9|A0A4C1WNR9_EUMVA	Eumeta variegata	151549	Eukaryota; Metazoa; Arthropoda; Insecta; Lepidoptera	96.484	100.0	0.0	520.0	10	13	1.0	0.0	0.0	0.0	0.0	KEEP_ARTHROPOD	99.364	100.0	10.0	100.0	100.0	WIF domain	IPR003306; IPR000742; IPR038677; IPR050969	WIF domain; EGF-like domain; WIF domain superfamily; Developmental Signaling Modulators	PF02019; WIF domain	PTHR14949; EGF-LIKE-DOMAIN, MULTIPLE 7, 8	GO:0005102(PANTHER)|GO:0005576(PANTHER)|GO:0009986(PANTHER)|GO:0048856(PANTHER)	development; signal	GROWTH_DEVELOPMENT	Protein shifted OS=Eumeta variegata OX=151549 GN=shf PE=4 SV=1
g391.t1	388	86.309	KEEP	Strong arthropod homology with multiple qualifying hits and strong combined evidence.	108	tr|A0A4U7BG13|A0A4U7BG13_SPOLT	Spodoptera litura	69820	Eukaryota; Metazoa; Arthropoda; Insecta; Lepidoptera	73.394	100.0	5.99e-53	169.0	10	10	1.0	0.0	0.0	0.0	0.0	KEEP_ARTHROPOD	99.364	100.0	10.0	100.0	100.0	Chitin binding domain superfamily	IPR036508; IPR002557; IPR052976	Chitin binding domain superfamily; Chitin binding domain; Scoloptoxin-like	PF01607; Chitin binding Peritrophin-A domain	PTHR22933; FI18007P1-RELATED	GO:0008061(InterPro); GO:0005576(InterPro)|GO:0008061(InterPro)		CHITIN	Peritrophin-44-like OS=Spodoptera litura OX=69820 GN=LOC111350108 PE=4 SV=1
g19686.t1	389	86.309	KEEP	Strong arthropod homology with multiple qualifying hits and strong combined evidence.	77	tr|A0A4C1Y655|A0A4C1Y655_EUMVA	Eumeta variegata	151549	Eukaryota; Metazoa; Arthropoda; Insecta; Lepidoptera	97.403	100.0	7.9e-51	165.0	10	10	1.0	0.0	0.0	0.0	0.0	KEEP_ARTHROPOD	99.364	100.0	10.0	100.0	100.0	Scoloptoxin-like	IPR052976; IPR036508; IPR002557	Scoloptoxin-like; Chitin binding domain superfamily; Chitin binding domain	PF01607; Chitin binding Peritrophin-A domain	PTHR22933; FI18007P1-RELATED	GO:0008061(InterPro); GO:0005576(InterPro)|GO:0008061(InterPro)		CHITIN	tr|A0A4C1Y655|A0A4C1Y655_EUMVA Chitin-binding type-2 domain-containing protein OS=Eumeta variegata OX=151549 GN=EVAR_50274_1 PE=4 SV=1
g4042.t1	390	86.309	KEEP	Strong arthropod homology with multiple qualifying hits and strong combined evidence.	296	tr|A0A4C1YTH3|A0A4C1YTH3_EUMVA	Eumeta variegata	151549	Eukaryota; Metazoa; Arthropoda; Insecta; Lepidoptera	87.162	100.0	0.0	538.0	10	10	1.0	0.0	0.0	0.0	0.0	KEEP_ARTHROPOD	99.364	100.0	10.0	100.0	100.0	Chitin-binding developmental regulator	IPR051940; IPR036508; IPR002557	Chitin-binding developmental regulator; Chitin binding domain superfamily; Chitin binding domain	PF01607; Chitin binding Peritrophin-A domain	PTHR23301; CHITIN BINDING PERITROPHIN-A	GO:0008061(InterPro); GO:0005576(InterPro)|GO:0008061(InterPro)	development	CHITIN	Protein obstructor-E OS=Eumeta variegata OX=151549 GN=obst-E PE=4 SV=1
g18546.t1	391	86.309	KEEP	Strong arthropod homology with multiple qualifying hits and strong combined evidence.	250	tr|A0A4C1U938|A0A4C1U938_EUMVA	Eumeta variegata	151549	Eukaryota; Metazoa; Arthropoda; Insecta; Lepidoptera	81.275	100.0	1.5e-146	422.0	10	10	1.0	0.0	0.0	0.0	0.0	KEEP_ARTHROPOD	99.364	100.0	10.0	100.0	100.0	Bactericidal permeability-increasing protein, alpha/beta domain superfamily	IPR017943; IPR038606; IPR010562	Bactericidal permeability-increasing protein, alpha/beta domain superfamily; Takeout superfamily; Haemolymph juvenile hormone binding	PF06585; Haemolymph juvenile hormone binding protein (JHBP)	PTHR11008; PROTEIN TAKEOUT-LIKE PROTEIN	GO:0008289(InterPro)	hormone	GROWTH_DEVELOPMENT	tr|A0A4C1U938|A0A4C1U938_EUMVA Circadian clock-controlled protein OS=Eumeta variegata OX=151549 GN=EVAR_95305_1 PE=4 SV=1
g13966.t2	392	86.29	KEEP	Strong arthropod homology with multiple qualifying hits and strong combined evidence.	8314	tr|A0A4C1U3K5|A0A4C1U3K5_EUMVA	Eumeta variegata	151549	Eukaryota; Metazoa; Arthropoda; Insecta; Lepidoptera	85.613	99.0	0.0	14213.0	29	29	1.0	0.0	0.0	0.0	0.0	KEEP_ARTHROPOD	99.298	100.0	10.0	100.0	100.0	EF-hand domain	IPR002048; IPR003108; IPR035915; IPR018159; IPR043197; IPR011992; IPR036534; IPR018247; IPR002017; IPR001101	EF-hand domain; GAR domain; Plakin repeat superfamily; Spectrin/alpha-actinin; Plakin; EF-hand domain pair; GAR domain superfamily; EF-Hand 1, calcium-binding site; Spectrin repeat; Plectin repeat	PF00435; Spectrin repeat; PF00681; Plectin repeat; PF13499; EF-hand domain pair; PF02187; Growth-Arrest-Specific Protein 2 Domain	PTHR23169; ENVOPLAKIN	GO:0005509(InterPro); GO:0008017(InterPro); GO:0005198(PANTHER)|GO:0005737(PANTHER)|GO:0005882(PANTHER)|GO:0016020(PANTHER)|GO:0030056(PANTHER)|GO:0031122(PANTHER)|GO:0042060(PANTHER)|GO:0045104(InterPro)|GO:0045104(PANTHER); GO:0005515(InterPro); GO:0005856(InterPro)	development	GROWTH_DEVELOPMENT	tr|A0A4C1U3K5|A0A4C1U3K5_EUMVA EF-hand domain-containing protein OS=Eumeta variegata OX=151549 GN=EVAR_80688_1 PE=4 SV=1
g4643.t1	393	86.289	KEEP	Strong arthropod homology with multiple qualifying hits and strong combined evidence.	258	tr|A0A345BEY7|A0A345BEY7_9NEOP	Lobesia botrana	209534	Eukaryota; Metazoa; Arthropoda; Insecta; Lepidoptera	69.582	99.0	1.96e-117	349.0	10	10	1.0	0.0	0.0	0.0	0.0	KEEP_ARTHROPOD	98.298	100.0	30.0	97.0	85.0	Olfactory receptor, insect	IPR004117	Olfactory receptor, insect	PF02949; 7tm Odorant receptor	PTHR21137; ODORANT RECEPTOR	GO:0004984(InterPro)|GO:0005549(InterPro)|GO:0007608(InterPro)|GO:0016020(InterPro); GO:0004984(PANTHER)|GO:0004984(InterPro)|GO:0005549(InterPro)|GO:0005886(PANTHER)|GO:0007608(InterPro)|GO:0016020(InterPro)|GO:0050911(PANTHER)	receptor	SIGNALING	Odorant receptor OS=Lobesia botrana OX=209534 PE=2 SV=1
g3659.t1	394	86.266	KEEP	Strong arthropod homology with multiple qualifying hits and strong combined evidence.	523	tr|A0A9N9R012|A0A9N9R012_9NEOP	Diatraea saccharalis	40085	Eukaryota; Metazoa; Arthropoda; Insecta; Lepidoptera	66.978	100.0	0.0	665.0	10	10	1.0	0.0	0.0	0.0	0.0	KEEP_ARTHROPOD	96.72	100.0	30.0	100.0	85.0	Metabotropic Glutamate Receptor	IPR050726; IPR017978	Metabotropic Glutamate Receptor; GPCR family 3, C-terminal	PF00003; 7 transmembrane sweet-taste receptor of 3 GCPR	PTHR24060; METABOTROPIC GLUTAMATE RECEPTOR	GO:0004930(InterPro)|GO:0007186(InterPro)|GO:0016020(InterPro)	receptor; membrane	SIGNALING	G-protein coupled receptors family 3 profile domain-containing protein OS=Diatraea saccharalis OX=40085 GN=DIATSA_LOCUS4715 PE=4 SV=1
g4893.t1	395	86.26	KEEP	Strong arthropod homology with multiple qualifying hits and strong combined evidence.	399	tr|A0A4C1W8H4|A0A4C1W8H4_EUMVA	Eumeta variegata	151549	Eukaryota; Metazoa; Arthropoda; Insecta; Lepidoptera	74.937	100.0	0.0	630.0	4	4	1.0	0.0	0.0	0.0	0.0	KEEP_ARTHROPOD	92.699	100.0	30.0	93.0	100.0	Protein kinase-like domain superfamily	IPR011009; IPR004119; IPR015897	Protein kinase-like domain superfamily; Ecdysteroid kinase-like; CHK kinase-like	PF02958; Ecdysteroid kinase-like family	PTHR11012; PROTEIN KINASE-LIKE DOMAIN-CONTAINING		enzyme	GROWTH_DEVELOPMENT	CHK kinase-like domain-containing protein OS=Eumeta variegata OX=151549 GN=EVAR_28043_1 PE=4 SV=1
g9532.t1	396	86.26	KEEP	Strong arthropod homology with multiple qualifying hits and strong combined evidence.	316	tr|A0A4C1ZD26|A0A4C1ZD26_EUMVA	Eumeta variegata	151549	Eukaryota; Metazoa; Arthropoda; Insecta; Lepidoptera	75.0	100.0	0.0	514.0	4	4	1.0	0.0	0.0	0.0	0.0	KEEP_ARTHROPOD	92.699	100.0	30.0	93.0	100.0	Protein kinase-like domain superfamily	IPR011009; IPR004119; IPR015897	Protein kinase-like domain superfamily; Ecdysteroid kinase-like; CHK kinase-like	PF02958; Ecdysteroid kinase-like family	PTHR11012; PROTEIN KINASE-LIKE DOMAIN-CONTAINING		enzyme	GROWTH_DEVELOPMENT	CHK kinase-like domain-containing protein OS=Eumeta variegata OX=151549 GN=EVAR_103625_1 PE=4 SV=1
g13900.t1	397	86.257	KEEP	Strong arthropod homology with multiple qualifying hits and strong combined evidence.	229	tr|A0A4C1XP27|A0A4C1XP27_EUMVA	Eumeta variegata	151549	Eukaryota; Metazoa; Arthropoda; Insecta; Lepidoptera	78.696	100.0	1.24e-129	375.0	10	10	1.0	0.0	0.0	0.0	0.0	KEEP_ARTHROPOD	99.19	100.0	10.0	100.0	100.0	Scoloptoxin-like	IPR052976; IPR002557; IPR036508	Scoloptoxin-like; Chitin binding domain; Chitin binding domain superfamily	PF01607; Chitin binding Peritrophin-A domain	PTHR22933; FI18007P1-RELATED	GO:0005576(InterPro)|GO:0008061(InterPro); GO:0008061(InterPro)		CHITIN	tr|A0A4C1XP27|A0A4C1XP27_EUMVA Chitin-binding type-2 domain-containing protein OS=Eumeta variegata OX=151549 GN=EVAR_40206_1 PE=4 SV=1
g507.t1	398	86.256	KEEP	Strong arthropod homology with multiple qualifying hits and strong combined evidence.	1017	tr|A0A4C1TMP9|A0A4C1TMP9_EUMVA	Eumeta variegata	151549	Eukaryota; Metazoa; Arthropoda; Insecta; Lepidoptera	85.014	99.0	0.0	1721.0	21	21	1.0	0.0	0.0	0.0	0.0	KEEP_ARTHROPOD	99.185	100.0	10.0	100.0	100.0	Kazal domain superfamily	IPR036058; IPR001791; IPR002350; IPR002049; IPR003645; IPR003884; IPR050653; IPR013320	Kazal domain superfamily; Laminin G domain; Kazal domain; Laminin-type EGF domain; Follistatin-like, N-terminal; Factor I / membrane attack complex; Protease Inhibitors and Growth Factor Antagonists; Concanavalin A-like lectin/glucanase domain superfamily	PF00053; Laminin EGF domain; PF02210; Laminin G domain; PF07648; Kazal-type serine protease inhibitor domain	PTHR10913; FOLLISTATIN-RELATED	GO:0005515(InterPro); GO:0005576(PANTHER)|GO:0007275(PANTHER)|GO:0030154(PANTHER)	enzyme; membrane; development; digestion	GROWTH_DEVELOPMENT	Agrin OS=Eumeta variegata OX=151549 GN=Agrn PE=4 SV=1
g16852.t1	399	86.249	KEEP	Strong arthropod homology with multiple qualifying hits and strong combined evidence.	553	tr|A0A4C1V353|A0A4C1V353_EUMVA	Eumeta variegata	151549	Eukaryota; Metazoa; Arthropoda; Insecta; Lepidoptera	76.834	94.0	0.0	840.0	10	10	1.0	0.0	0.0	0.0	0.0	KEEP_ARTHROPOD	95.164	100.0	30.0	93.0	95.0	Alpha/Beta hydrolase fold	IPR029058; IPR002018; IPR019826	Alpha/Beta hydrolase fold; Carboxylesterase, type B; Carboxylesterase type B, active site	PF00135; Carboxylesterase family	PTHR43142; CARBOXYLIC ESTER HYDROLASE		enzyme	DIGESTION	tr|A0A4C1V353|A0A4C1V353_EUMVA Bile salt-activated lipase OS=Eumeta variegata OX=151549 GN=Cel PE=3 SV=1
g14354.t1	400	86.249	KEEP	Strong arthropod homology with multiple qualifying hits and strong combined evidence.	253	tr|A0A4C1XKL0|A0A4C1XKL0_EUMVA	Eumeta variegata	151549	Eukaryota; Metazoa; Arthropoda; Insecta; Lepidoptera	78.03	94.0	2.29e-140	419.0	10	10	1.0	0.0	0.0	0.0	0.0	KEEP_ARTHROPOD	95.164	100.0	30.0	93.0	95.0	Peptidase M24, C-terminal domain	IPR032416; IPR050422; IPR036005; IPR000994	Peptidase M24, C-terminal domain; Xaa-Pro aminopeptidase P; Creatinase/aminopeptidase-like; Peptidase M24	PF16188; C-terminal region of peptidase_M24; PF00557; Metallopeptidase family M24	PTHR43763; XAA-PRO AMINOPEPTIDASE 1		enzyme; digestion	DIGESTION	tr|A0A4C1XKL0|A0A4C1XKL0_EUMVA Xaa-Pro aminopeptidase 1 OS=Eumeta variegata OX=151549 GN=XPNPEP1 PE=4 SV=1
g16095.t1	401	86.249	KEEP	Strong arthropod homology with multiple qualifying hits and strong combined evidence.	82	tr|A0A4C1SF71|A0A4C1SF71_EUMVA	Eumeta variegata	151549	Eukaryota; Metazoa; Arthropoda; Insecta; Lepidoptera	84.932	89.0	5.26e-38	138.0	10	10	1.0	0.0	0.0	0.0	0.0	KEEP_ARTHROPOD	91.664	100.0	30.0	100.0	95.0	Peptidase S1, PA clan	IPR009003; IPR033116; IPR001254; IPR050127	Peptidase S1, PA clan; Serine proteases, trypsin family, serine active site; Serine proteases, trypsin domain; Serine Proteases (Peptidase S1 Family)	PF00089; Trypsin	PTHR24264; TRYPSIN-RELATED	GO:0004252(InterPro)|GO:0006508(InterPro); GO:0004252(PANTHER)|GO:0005615(PANTHER)|GO:0006508(PANTHER)	enzyme; digestion	DIGESTION	tr|A0A4C1SF71|A0A4C1SF71_EUMVA Trypsin, alkaline C OS=Eumeta variegata OX=151549 GN=EVAR_74358_1 PE=4 SV=1
g3217.t1	402	86.228	KEEP	Strong arthropod homology with multiple qualifying hits and strong combined evidence.	480	tr|A0A9R0CXX1|A0A9R0CXX1_SPOFR	Spodoptera frugiperda	7108	Eukaryota; Metazoa; Arthropoda; Insecta; Lepidoptera	67.635	99.0	0.0	665.0	10	10	1.0	0.0	0.0	0.0	0.0	KEEP_ARTHROPOD	96.594	100.0	30.0	100.0	85.0	Inorganic polyphosphate/ATP-NAD kinase, N-terminal	IPR017438; IPR001206; IPR016064; IPR000756; IPR037607; IPR002219	Inorganic polyphosphate/ATP-NAD kinase, N-terminal; Diacylglycerol kinase, catalytic domain; NAD kinase/diacylglycerol kinase-like domain superfamily; Diacylglycerol kinase, accessory domain; Diacylglycerol kinase; Protein kinase C-like, phorbol ester/diacylglycerol-binding domain	PF00781; Diacylglycerol kinase catalytic domain; PF00609; Diacylglycerol kinase accessory domain	PTHR11255; DIACYLGLYCEROL KINASE	GO:0016301(InterPro); GO:0004143(InterPro)|GO:0007200(InterPro); GO:0004143(PANTHER)|GO:0004143(InterPro)|GO:0007165(InterPro)|GO:0016020(PANTHER)	enzyme; transcription_factor	SIGNALING	Diacylglycerol kinase OS=Spodoptera frugiperda OX=7108 GN=LOC118264602 PE=3 SV=1
g14871.t1	403	86.219	KEEP	Strong arthropod homology with multiple qualifying hits and strong combined evidence.	445	tr|A0A8S0Z5G0|A0A8S0Z5G0_ARCPL	Arctia plantaginis	874455	Eukaryota; Metazoa; Arthropoda; Insecta; Lepidoptera	81.379	96.0	0.0	708.0	10	10	1.0	0.0	0.0	0.0	0.0	KEEP_ARTHROPOD	96.564	100.0	30.0	100.0	85.0	Phosphatidylinositol 3-/4-kinase, conserved site	IPR018936; IPR000403; IPR039756	Phosphatidylinositol 3-/4-kinase, conserved site; Phosphatidylinositol 3-/4-kinase, catalytic domain; Type II phosphatidylinositol 4-kinase Lsb6/PI4K2	PF00454; Phosphatidylinositol 3- and 4-kinase	PTHR12865; PHOSPHATIDYLINOSITOL 4-KINASE TYPE-II	GO:0016301(InterPro); GO:0004430(PANTHER)|GO:0004430(InterPro)|GO:0005765(PANTHER)|GO:0005768(PANTHER)|GO:0005802(PANTHER)|GO:0005886(PANTHER)|GO:0007030(PANTHER)|GO:0007032(PANTHER)|GO:0046854(PANTHER)	enzyme	SIGNALING	tr|A0A8S0Z5G0|A0A8S0Z5G0_ARCPL Phosphatidylinositol 4-kinase type 2 OS=Arctia plantaginis OX=874455 GN=APLA_LOCUS5134 PE=3 SV=1
g15940.t1	404	86.219	KEEP	Strong arthropod homology with multiple qualifying hits and strong combined evidence.	475	tr|A0A4C1Y552|A0A4C1Y552_EUMVA	Eumeta variegata	151549	Eukaryota; Metazoa; Arthropoda; Insecta; Lepidoptera	73.695	96.0	0.0	729.0	10	10	1.0	0.0	0.0	0.0	0.0	KEEP_ARTHROPOD	96.564	100.0	30.0	100.0	85.0	Serine-threonine/tyrosine-protein kinase, catalytic domain	IPR001245; IPR050122; IPR002126; IPR011009; IPR017441; IPR020635; IPR015919; IPR000719	Serine-threonine/tyrosine-protein kinase, catalytic domain; Receptor Tyrosine Kinase; Cadherin-like; Protein kinase-like domain superfamily; Protein kinase, ATP binding site; Tyrosine-protein kinase, catalytic domain; Cadherin-like superfamily; Protein kinase domain	PF07714; Protein tyrosine and serine/threonine kinase	PTHR24416; TYROSINE-PROTEIN KINASE RECEPTOR	GO:0004672(InterPro)|GO:0006468(InterPro); GO:0004714(PANTHER)|GO:0005886(PANTHER)|GO:0007169(PANTHER)|GO:0007275(PANTHER)|GO:0033674(PANTHER)|GO:0043235(PANTHER); GO:0005509(InterPro)|GO:0007156(InterPro)|GO:0016020(InterPro); GO:0005524(InterPro); GO:0004713(InterPro)|GO:0006468(InterPro); GO:0005509(InterPro)|GO:0016020(InterPro); GO:0005524(InterPro)|GO:0006468(InterPro)	enzyme; receptor	SIGNALING	tr|A0A4C1Y552|A0A4C1Y552_EUMVA receptor protein-tyrosine kinase OS=Eumeta variegata OX=151549 GN=Cad96Ca PE=4 SV=1
g5218.t1	405	86.219	KEEP	Strong arthropod homology with multiple qualifying hits and strong combined evidence.	207	tr|A0A4C1WB08|A0A4C1WB08_EUMVA	Eumeta variegata	151549	Eukaryota; Metazoa; Arthropoda; Insecta; Lepidoptera	95.98	96.0	3.59e-141	402.0	10	10	1.0	0.0	0.0	0.0	0.0	KEEP_ARTHROPOD	96.564	100.0	30.0	100.0	85.0	PX domain superfamily	IPR036871; IPR000008; IPR035892	PX domain superfamily; C2 domain; C2 domain superfamily	PF00168; C2 domain	PTHR45716; BITESIZE, ISOFORM I	GO:0035091(InterPro); GO:0006887(PANTHER)|GO:0042043(PANTHER)		SIGNALING	Phosphatidylinositol 4-phosphate 3-kinase C2 domain-containing subunit alpha OS=Eumeta variegata OX=151549 GN=PIK3C2A PE=4 SV=1
g19593.t1	406	86.219	KEEP	Strong arthropod homology with multiple qualifying hits and strong combined evidence.	719	tr|A0A4C1TT58|A0A4C1TT58_EUMVA	Eumeta variegata	151549	Eukaryota; Metazoa; Arthropoda; Insecta; Lepidoptera	82.188	96.0	0.0	1182.0	10	10	1.0	0.0	0.0	0.0	0.0	KEEP_ARTHROPOD	96.564	100.0	30.0	100.0	85.0	Ionotropic glutamate receptor, L-glutamate and glycine-binding domain	IPR019594; IPR001320; IPR052192	Ionotropic glutamate receptor, L-glutamate and glycine-binding domain; Ionotropic glutamate receptor, C-terminal; Ionotropic receptor	PF00060; Ligand-gated ion channel; PF10613; Ligated ion channel L-glutamate- and glycine-binding site	PTHR42643; IONOTROPIC RECEPTOR 20A-RELATED	GO:0015276(InterPro)|GO:0016020(InterPro)	receptor; transporter	SIGNALING	tr|A0A4C1TT58|A0A4C1TT58_EUMVA Glutamate receptor ionotropic, delta-2 OS=Eumeta variegata OX=151549 GN=grid2 PE=3 SV=1
g142.t1	407	86.219	KEEP	Strong arthropod homology with multiple qualifying hits and strong combined evidence.	521	tr|A0AAD7YNK0|A0AAD7YNK0_MYTSE	Mythimna separata	271217	Eukaryota; Metazoa; Arthropoda; Insecta; Lepidoptera	86.982	96.0	0.0	895.0	10	10	1.0	0.0	0.0	0.0	0.0	KEEP_ARTHROPOD	96.564	100.0	30.0	100.0	85.0	Protein kinase-like domain superfamily	IPR011009; IPR050588; IPR001245; IPR000719	Protein kinase-like domain superfamily; With No Lysine (K) Ser/Thr Protein Kinase; Serine-threonine/tyrosine-protein kinase, catalytic domain; Protein kinase domain	PF07714; Protein tyrosine and serine/threonine kinase	PTHR13902; SERINE/THREONINE-PROTEIN KINASE WNK  WITH NO LYSINE -RELATED	GO:0004672(InterPro)|GO:0006468(InterPro); GO:0005524(InterPro)|GO:0006468(InterPro)	enzyme; receptor	SIGNALING	Nuclear receptor-binding protein homolog OS=Mythimna separata OX=271217 GN=PYW07_003555 PE=4 SV=1
g17217.t1	408	86.219	KEEP	Strong arthropod homology with multiple qualifying hits and strong combined evidence.	639	tr|A0A4C1W6F6|A0A4C1W6F6_EUMVA	Eumeta variegata	151549	Eukaryota; Metazoa; Arthropoda; Insecta; Lepidoptera	98.858	96.0	0.0	1267.0	10	10	1.0	0.0	0.0	0.0	0.0	KEEP_ARTHROPOD	96.564	100.0	30.0	100.0	85.0	PAS domain superfamily	IPR035965; IPR011598; IPR036638; IPR000014; IPR001610; IPR001067; IPR050933; IPR013767	PAS domain superfamily; Myc-type, basic helix-loop-helix (bHLH) domain; Helix-loop-helix DNA-binding domain superfamily; PAS domain; PAC motif; Nuclear translocator; Circadian Clock Transcription Factors; PAS fold	PF00989; PAS fold; PF14598; PAS domain; PF00010; Helix-loop-helix DNA-binding domain	PTHR23042; CIRCADIAN PROTEIN CLOCK/ARNT/BMAL/PAS	GO:0046983(InterPro); GO:0003700(InterPro)|GO:0005634(InterPro)|GO:0005667(InterPro)|GO:0005737(InterPro)|GO:0006355(InterPro); GO:0006355(InterPro)	transcription_factor; receptor	SIGNALING	tr|A0A4C1W6F6|A0A4C1W6F6_EUMVA Aryl hydrocarbon receptor nuclear translocator homolog OS=Eumeta variegata OX=151549 GN=tgo PE=4 SV=1
g18880.t2	409	86.219	KEEP	Strong arthropod homology with multiple qualifying hits and strong combined evidence.	501	tr|A0A4C1UXA6|A0A4C1UXA6_EUMVA	Eumeta variegata	151549	Eukaryota; Metazoa; Arthropoda; Insecta; Lepidoptera	93.182	96.0	0.0	927.0	10	10	1.0	0.0	0.0	0.0	0.0	KEEP_ARTHROPOD	96.564	100.0	30.0	100.0	85.0	Nuclear hormone receptor, ligand-binding domain	IPR000536; IPR001628; IPR035500; IPR050274; IPR013088; IPR001723	Nuclear hormone receptor, ligand-binding domain; Zinc finger, nuclear hormone receptor-type; Nuclear hormone receptor-like domain superfamily; Nuclear hormone receptor family NR2 subfamily; Zinc finger, NHR/GATA-type; Nuclear hormone receptor	PF00105; Double treble clef zinc finger, C4 type; PF00104; Ligand-binding domain of nuclear hormone receptor	PTHR24083; NUCLEAR HORMONE RECEPTOR	GO:0003700(InterPro)|GO:0006355(InterPro)|GO:0008270(InterPro)|GO:0043565(InterPro); GO:0006355(InterPro)|GO:0008270(InterPro)	transcription_factor; receptor; hormone	SIGNALING	tr|A0A4C1UXA6|A0A4C1UXA6_EUMVA Nuclear receptor subfamily 2 group C member 1 OS=Eumeta variegata OX=151549 GN=Nr2c1 PE=3 SV=1
g18477.t1	410	86.219	KEEP	Strong arthropod homology with multiple qualifying hits and strong combined evidence.	900	tr|A0A4C1Z906|A0A4C1Z906_EUMVA	Eumeta variegata	151549	Eukaryota; Metazoa; Arthropoda; Insecta; Lepidoptera	83.963	96.0	0.0	1460.0	10	10	1.0	0.0	0.0	0.0	0.0	KEEP_ARTHROPOD	96.564	100.0	30.0	100.0	85.0	Tyrosine-specific protein phosphatase, PTPase domain	IPR000242; IPR000387; IPR029021; IPR003595	Tyrosine-specific protein phosphatase, PTPase domain; Tyrosine-specific protein phosphatases domain; Protein-tyrosine phosphatase-like; Protein-tyrosine phosphatase, catalytic	PF00102; Protein-tyrosine phosphatase	PTHR45706; TYROSINE-PROTEIN PHOSPHATASE	GO:0004725(InterPro)|GO:0006470(InterPro); GO:0016311(InterPro); GO:0004725(PANTHER)	enzyme	SIGNALING	tr|A0A4C1Z906|A0A4C1Z906_EUMVA Tyrosine-protein phosphatase non-receptor type 14 OS=Eumeta variegata OX=151549 GN=PTPN14 PE=4 SV=1
g15919.t2	411	86.219	KEEP	Strong arthropod homology with multiple qualifying hits and strong combined evidence.	1193	tr|A0A8S1ALJ6|A0A8S1ALJ6_ARCPL	Arctia plantaginis	874455	Eukaryota; Metazoa; Arthropoda; Insecta; Lepidoptera	79.75	96.0	0.0	1860.0	10	10	1.0	0.0	0.0	0.0	0.0	KEEP_ARTHROPOD	96.564	100.0	30.0	100.0	85.0	Ubiquitin-associated domain	IPR015940; IPR008271; IPR000719; IPR011009; IPR057380	Ubiquitin-associated domain; Serine/threonine-protein kinase, active site; Protein kinase domain; Protein kinase-like domain superfamily; Protein kinase SIK1/2/3, UBA domain	PF00069; Protein kinase domain; PF23312; Protein kinase SIK3 UBA domain	PTHR24346; MAP/MICROTUBULE AFFINITY-REGULATING KINASE	GO:0004672(InterPro)|GO:0006468(InterPro); GO:0005524(InterPro)|GO:0006468(InterPro); GO:0000226(PANTHER)|GO:0004674(PANTHER)|GO:0005737(PANTHER)|GO:0035556(PANTHER)|GO:0050321(PANTHER)	enzyme	SIGNALING	tr|A0A8S1ALJ6|A0A8S1ALJ6_ARCPL non-specific serine/threonine protein kinase OS=Arctia plantaginis OX=874455 GN=APLA_LOCUS11313 PE=4 SV=1
g14748.t1	412	86.217	KEEP	Strong arthropod homology with multiple qualifying hits and strong combined evidence.	759	tr|A0ABM3MMW3|A0ABM3MMW3_GALME	Galleria mellonella	7137	Eukaryota; Metazoa; Arthropoda; Insecta; Lepidoptera	67.593	99.0	0.0	1035.0	10	10	1.0	0.0	0.0	0.0	0.0	KEEP_ARTHROPOD	96.558	100.0	30.0	100.0	85.0	Ionotropic glutamate receptor, metazoa	IPR001508; IPR015683; IPR028082; IPR019594; IPR001320; IPR001828	Ionotropic glutamate receptor, metazoa; Ionotropic glutamate receptor; Periplasmic binding protein-like I; Ionotropic glutamate receptor, L-glutamate and glycine-binding domain; Ionotropic glutamate receptor, C-terminal; Receptor, ligand binding region	PF10613; Ligated ion channel L-glutamate- and glycine-binding site; PF00060; Ligand-gated ion channel; PF01094; Receptor family ligand binding region	PTHR18966; IONOTROPIC GLUTAMATE RECEPTOR	GO:0005216(InterPro)|GO:0006811(InterPro)|GO:0016020(InterPro)|GO:0038023(InterPro); GO:0015276(InterPro)|GO:0016020(InterPro)	receptor; transporter	SIGNALING	tr|A0ABM3MMW3|A0ABM3MMW3_GALME Glutamate receptor 1-like OS=Galleria mellonella OX=7137 GN=LOC113520720 PE=3 SV=1
g2811.t1	413	86.212	KEEP	Strong arthropod homology with multiple qualifying hits and strong combined evidence.	1597	tr|A0A4C1YMN5|A0A4C1YMN5_EUMVA	Eumeta variegata	151549	Eukaryota; Metazoa; Arthropoda; Insecta; Lepidoptera	69.773	99.0	0.0	2123.0	50	65	1.0	0.0	0.0	0.0	0.0	KEEP_ARTHROPOD	99.04	100.0	10.0	100.0	100.0	EGF-like domain	IPR000742; IPR000152; IPR001791; IPR018097; IPR013320; IPR001881; IPR013032; IPR049883; IPR009030	EGF-like domain; EGF-type aspartate/asparagine hydroxylation site; Laminin G domain; EGF-like calcium-binding, conserved site; Concanavalin A-like lectin/glucanase domain superfamily; EGF-like calcium-binding domain; EGF-like, conserved site; NOTCH1, EGF-like calcium-binding domain; Growth factor receptor cysteine-rich domain superfamily	PF00008; EGF-like domain; PF00054; Laminin G domain; PF12661; Human growth factor-like EGF; PF07645; Calcium-binding EGF domain	PTHR12916; CYTOCHROME C OXIDASE POLYPEPTIDE VIC-2	GO:0005509(InterPro); GO:0005112(PANTHER)|GO:0007219(PANTHER)	receptor; development	GROWTH_DEVELOPMENT	Protein crumbs OS=Eumeta variegata OX=151549 GN=crb PE=3 SV=1
g17097.t1	414	86.21	KEEP	Strong arthropod homology with multiple qualifying hits and strong combined evidence.	418	tr|A0A4C1YDZ7|A0A4C1YDZ7_EUMVA	Eumeta variegata	151549	Eukaryota; Metazoa; Arthropoda; Insecta; Lepidoptera	74.677	93.0	0.0	590.0	10	10	1.0	0.0	0.0	0.0	0.0	KEEP_ARTHROPOD	92.535	100.0	30.0	93.0	100.0	Protein kinase-like domain superfamily	IPR011009; IPR015897; IPR004119	Protein kinase-like domain superfamily; CHK kinase-like; Ecdysteroid kinase-like	PF02958; Ecdysteroid kinase-like family	PTHR11012; PROTEIN KINASE-LIKE DOMAIN-CONTAINING		enzyme	GROWTH_DEVELOPMENT	tr|A0A4C1YDZ7|A0A4C1YDZ7_EUMVA CHK kinase-like domain-containing protein OS=Eumeta variegata OX=151549 GN=EVAR_48853_1 PE=4 SV=1
g7467.t1	415	86.197	KEEP	Strong arthropod homology with multiple qualifying hits and strong combined evidence.	864	tr|A0A4C1W8G6|A0A4C1W8G6_EUMVA	Eumeta variegata	151549	Eukaryota; Metazoa; Arthropoda; Insecta; Lepidoptera	65.0	95.0	0.0	1172.0	10	10	1.0	0.0	0.0	0.0	0.0	KEEP_ARTHROPOD	91.489	100.0	30.0	100.0	95.0	Aminopeptidase N-like , N-terminal domain	IPR045357; IPR027268; IPR050344; IPR042097; IPR014782; IPR024571	Aminopeptidase N-like , N-terminal domain; Peptidase M4/M1, CTD superfamily; Peptidase M1 family aminopeptidases; Aminopeptidase N-like , N-terminal domain superfamliy; Peptidase M1, membrane alanine aminopeptidase; ERAP1-like C-terminal domain	PF17900; Peptidase M1 N-terminal domain; PF01433; Peptidase family M1 domain; PF11838; ERAP1-like C-terminal domain	PTHR11533; PROTEASE M1 ZINC METALLOPROTEASE	GO:0005615(PANTHER)|GO:0005737(PANTHER)|GO:0006508(PANTHER)|GO:0008270(PANTHER)|GO:0016020(PANTHER)|GO:0042277(PANTHER)|GO:0043171(PANTHER)|GO:0070006(PANTHER); GO:0008237(InterPro)|GO:0008270(InterPro)	enzyme; digestion	DIGESTION	Glutamyl aminopeptidase OS=Eumeta variegata OX=151549 GN=Enpep PE=3 SV=1
g12290.t1	416	86.189	KEEP	Strong arthropod homology with multiple qualifying hits and strong combined evidence.	444	tr|A0A922CK30|A0A922CK30_MANSE	Manduca sexta	7130	Eukaryota; Metazoa; Arthropoda; Insecta; Lepidoptera	72.706	98.0	0.0	654.0	10	10	1.0	0.0	0.0	0.0	0.0	KEEP_ARTHROPOD	97.964	100.0	30.0	97.0	85.0	Olfactory receptor, insect	IPR004117	Olfactory receptor, insect	PF02949; 7tm Odorant receptor	PTHR21137; ODORANT RECEPTOR	GO:0004984(InterPro)|GO:0005549(InterPro)|GO:0007608(InterPro)|GO:0016020(InterPro); GO:0004984(PANTHER)|GO:0004984(InterPro)|GO:0005549(InterPro)|GO:0005886(PANTHER)|GO:0007608(InterPro)|GO:0016020(InterPro)|GO:0050911(PANTHER)	receptor	SIGNALING	Odorant receptor OS=Manduca sexta OX=7130 GN=O3G_MSEX005848 PE=3 SV=1
g19495.t1	417	86.172	KEEP	Strong arthropod homology with multiple qualifying hits and strong combined evidence.	250	tr|A0A4C1T7U3|A0A4C1T7U3_EUMVA	Eumeta variegata	151549	Eukaryota; Metazoa; Arthropoda; Insecta; Lepidoptera	61.25	96.0	5.32e-103	308.0	10	10	1.0	0.0	0.0	0.0	0.0	KEEP_ARTHROPOD	88.908	100.0	30.0	100.0	100.0	Serine protease-like, trypsin family, histidine active site	IPR018114; IPR001254; IPR009003; IPR033116; IPR001314; IPR051487	Serine protease-like, trypsin family, histidine active site; Serine proteases, trypsin domain; Peptidase S1, PA clan; Serine proteases, trypsin family, serine active site; Peptidase S1A, chymotrypsin family; Serine/Threonine Proteases with Immune and Developmental Roles	PF00089; Trypsin	PTHR24256; TRYPTASE-RELATED	GO:0004252(InterPro)|GO:0006508(InterPro)	enzyme; membrane; development; digestion	GROWTH_DEVELOPMENT	tr|A0A4C1T7U3|A0A4C1T7U3_EUMVA Serine protease snake OS=Eumeta variegata OX=151549 GN=snk PE=3 SV=1
g2656.t2	418	86.166	KEEP	Strong arthropod homology with multiple qualifying hits and strong combined evidence.	655	tr|A0A4C1V5H2|A0A4C1V5H2_EUMVA	Eumeta variegata	151549	Eukaryota; Metazoa; Arthropoda; Insecta; Lepidoptera	81.07	95.0	0.0	797.0	15	19	1.0	0.0	0.0	0.0	0.0	KEEP_ARTHROPOD	96.385	100.0	30.0	100.0	85.0	Ionotropic receptor 75a/84a, N-terminal	IPR057074; IPR001320; IPR052192	Ionotropic receptor 75a/84a, N-terminal; Ionotropic glutamate receptor, C-terminal; Ionotropic receptor	PF24576; Ionotropic receptor 75a N-terminal; PF00060; Ligand-gated ion channel	PTHR42643; IONOTROPIC RECEPTOR 20A-RELATED	GO:0015276(InterPro)|GO:0016020(InterPro)	receptor; transporter	SIGNALING	Probable glutamate receptor OS=Eumeta variegata OX=151549 GN=KBP PE=3 SV=1
g14311.t1	419	86.159	KEEP	Strong arthropod homology with multiple qualifying hits and strong combined evidence.	575	tr|A0A4C1YFT1|A0A4C1YFT1_EUMVA	Eumeta variegata	151549	Eukaryota; Metazoa; Arthropoda; Insecta; Lepidoptera	86.735	85.0	0.0	830.0	10	10	1.0	0.0	0.0	0.0	0.0	KEEP_ARTHROPOD	88.864	100.0	30.0	100.0	100.0	Activin types I and II receptor domain	IPR000472; IPR003605; IPR000333; IPR001245; IPR045860; IPR000719; IPR011009; IPR008271; IPR017441	Activin types I and II receptor domain; GS domain; Ser/Thr protein kinase, TGFB receptor; Serine-threonine/tyrosine-protein kinase, catalytic domain; Snake toxin-like superfamily; Protein kinase domain; Protein kinase-like domain superfamily; Serine/threonine-protein kinase, active site; Protein kinase, ATP binding site	PF01064; Activin types I and II receptor domain; PF07714; Protein tyrosine and serine/threonine kinase; PF08515; Transforming growth factor beta type I GS-motif	PTHR23255; TRANSFORMING GROWTH FACTOR-BETA RECEPTOR TYPE I AND II	GO:0004675(InterPro)|GO:0016020(InterPro); GO:0004675(InterPro)|GO:0005524(InterPro)|GO:0006468(InterPro)|GO:0016020(InterPro); GO:0004674(PANTHER)|GO:0004675(InterPro)|GO:0005524(InterPro)|GO:0005886(PANTHER)|GO:0006468(PANTHER)|GO:0007178(InterPro)|GO:0016020(InterPro)|GO:0043235(PANTHER)|GO:0071363(PANTHER); GO:0004672(InterPro)|GO:0006468(InterPro); GO:0005524(InterPro)|GO:0006468(InterPro); GO:0005524(InterPro); GO:0004675(InterPro)|GO:0005524(InterPro)|GO:0007178(InterPro)|GO:0016020(InterPro)	enzyme; receptor; development	GROWTH_DEVELOPMENT	tr|A0A4C1YFT1|A0A4C1YFT1_EUMVA Serine/threonine-protein kinase receptor OS=Eumeta variegata OX=151549 GN=EVAR_52833_1 PE=3 SV=1
g2475.t1	420	86.14	KEEP	Strong arthropod homology with multiple qualifying hits and strong combined evidence.	276	tr|A0A4C1U548|A0A4C1U548_EUMVA	Eumeta variegata	151549	Eukaryota; Metazoa; Arthropoda; Insecta; Lepidoptera	80.072	100.0	7.78e-163	472.0	9	9	1.0	0.0	0.0	0.0	0.0	KEEP_ARTHROPOD	98.8	100.0	30.0	80.0	100.0	UDP-glycosyltransferase	IPR050271	UDP-glycosyltransferase		PTHR48043; EG:EG0003.4 PROTEIN-RELATED	GO:0008194(PANTHER)	enzyme	GROWTH_DEVELOPMENT	Ecdysteroid UDP-glucosyltransferase OS=Eumeta variegata OX=151549 GN=EGT PE=3 SV=1
g2717.t1	421	86.139	KEEP	Strong arthropod homology with multiple qualifying hits and strong combined evidence.	853	tr|A0A5B8KBA6|A0A5B8KBA6_PLUXY	Plutella xylostella	51655	Eukaryota; Metazoa; Arthropoda; Insecta; Lepidoptera	69.448	99.0	0.0	1219.0	20	20	1.0	0.0	0.0	0.0	0.0	KEEP_ARTHROPOD	98.797	100.0	30.0	100.0	80.0	ABC transporter type 1, transmembrane domain	IPR011527; IPR003439; IPR017871; IPR027417; IPR039421; IPR036640; IPR003593	ABC transporter type 1, transmembrane domain; ABC transporter-like, ATP-binding domain; ABC transporter-like, conserved site; P-loop containing nucleoside triphosphate hydrolase; Type 1 protein exporter; ABC transporter type 1, transmembrane domain superfamily; AAA+ ATPase domain	PF00664; ABC transporter transmembrane region; PF00005; ABC transporter	PTHR43394; ATP-DEPENDENT PERMEASE MDL1, MITOCHONDRIAL	GO:0005524(InterPro)|GO:0016020(InterPro)|GO:0055085(InterPro)|GO:0140359(InterPro); GO:0005524(InterPro)|GO:0016887(InterPro); GO:0005743(PANTHER)|GO:0015421(PANTHER)|GO:0090374(PANTHER); GO:0005524(InterPro)|GO:0016020(InterPro)	enzyme; transporter; membrane	DETOXIFICATION	ABC-type xenobiotic transporter OS=Plutella xylostella OX=51655 GN=ABCB1 PE=2 SV=1
g13971.t3	422	86.099	KEEP	Strong arthropod homology with multiple qualifying hits and strong combined evidence.	1807	tr|A0A4C1WCF4|A0A4C1WCF4_EUMVA	Eumeta variegata	151549	Eukaryota; Metazoa; Arthropoda; Insecta; Lepidoptera	96.294	99.0	0.0	3454.0	10	10	1.0	0.0	0.0	0.0	0.0	KEEP_ARTHROPOD	98.664	100.0	10.0	100.0	100.0	Cadherin-like	IPR002126; IPR000233; IPR000152; IPR027397; IPR000742; IPR001791; IPR020894; IPR013320; IPR018097; IPR015919; IPR056370; IPR039808; IPR001881; IPR013032	Cadherin-like; Cadherin, Y-type LIR-motif; EGF-type aspartate/asparagine hydroxylation site; Catenin binding domain superfamily; EGF-like domain; Laminin G domain; Cadherin conserved site; Concanavalin A-like lectin/glucanase domain superfamily; EGF-like calcium-binding, conserved site; Cadherin-like superfamily; DE-cadherin-like, Ig-like domain; Cadherin; EGF-like calcium-binding domain; EGF-like, conserved site	PF01049; Cadherin, Y-type LIR-motif; PF24811; DE-cadherin, Ig-like domain; PF12661; Human growth factor-like EGF; PF02210; Laminin G domain; PF00008; EGF-like domain; PF00028; Cadherin domain	PTHR24027; CADHERIN-23	GO:0005509(InterPro)|GO:0007156(InterPro)|GO:0016020(InterPro); GO:0005509(InterPro)|GO:0007156(InterPro); GO:0005886(InterPro)|GO:0007155(InterPro); GO:0005509(InterPro); GO:0005509(InterPro)|GO:0016020(InterPro); GO:0007275(PANTHER)|GO:0008013(PANTHER)|GO:0016342(PANTHER)|GO:0016477(PANTHER)|GO:0031175(PANTHER)|GO:0045296(PANTHER)|GO:0098609(InterPro)|GO:0098742(PANTHER)	development	GROWTH_DEVELOPMENT	tr|A0A4C1WCF4|A0A4C1WCF4_EUMVA Neural-cadherin OS=Eumeta variegata OX=151549 GN=CadN PE=4 SV=1
g3769.t2	423	86.099	KEEP	Strong arthropod homology with multiple qualifying hits and strong combined evidence.	2042	tr|A0A7E5VUW2|A0A7E5VUW2_TRINI	Trichoplusia ni	7111	Eukaryota; Metazoa; Arthropoda; Insecta; Lepidoptera	77.233	99.0	0.0	3230.0	10	10	1.0	0.0	0.0	0.0	0.0	KEEP_ARTHROPOD	98.664	100.0	10.0	100.0	100.0	EGF-like domain	IPR000742; IPR001791; IPR002049; IPR050653; IPR002350; IPR036058; IPR013320; IPR003645; IPR001881	EGF-like domain; Laminin G domain; Laminin-type EGF domain; Protease Inhibitors and Growth Factor Antagonists; Kazal domain; Kazal domain superfamily; Concanavalin A-like lectin/glucanase domain superfamily; Follistatin-like, N-terminal; EGF-like calcium-binding domain	PF00008; EGF-like domain; PF07648; Kazal-type serine protease inhibitor domain; PF00053; Laminin EGF domain; PF00054; Laminin G domain	PTHR10913; FOLLISTATIN-RELATED	GO:0005576(PANTHER)|GO:0007275(PANTHER)|GO:0030154(PANTHER); GO:0005515(InterPro); GO:0005509(InterPro)	enzyme; membrane; development; digestion	GROWTH_DEVELOPMENT	Agrin-like OS=Trichoplusia ni OX=7111 GN=LOC113496930 PE=4 SV=1
g4386.t1	424	86.099	KEEP	Strong arthropod homology with multiple qualifying hits and strong combined evidence.	340	tr|A0A9P0HTS6|A0A9P0HTS6_SPOLI	Spodoptera littoralis	7109	Eukaryota; Metazoa; Arthropoda; Insecta; Lepidoptera	73.011	99.0	1.54e-172	491.0	10	10	1.0	0.0	0.0	0.0	0.0	KEEP_ARTHROPOD	98.664	100.0	30.0	100.0	80.0	Nucleotide-sugar transporter	IPR007271; IPR037185	Nucleotide-sugar transporter; Multidrug transporter EmrE superfamily	PF04142; Nucleotide-sugar transporter	PTHR10231; NUCLEOTIDE-SUGAR TRANSMEMBRANE TRANSPORTER	GO:0000139(InterPro)|GO:0015165(InterPro)|GO:0016020(InterPro)|GO:0090481(InterPro)	transporter; membrane	DETOXIFICATION	UDP-N-acetylglucosamine transporter OS=Spodoptera littoralis OX=7109 GN=SPLIT_LOCUS515 PE=3 SV=1
g9514.t1	425	86.099	KEEP	Strong arthropod homology with multiple qualifying hits and strong combined evidence.	304	tr|A0A4C1YAZ3|A0A4C1YAZ3_EUMVA	Eumeta variegata	151549	Eukaryota; Metazoa; Arthropoda; Insecta; Lepidoptera	92.079	99.0	0.0	577.0	10	10	1.0	0.0	0.0	0.0	0.0	KEEP_ARTHROPOD	98.664	100.0	10.0	100.0	100.0	Zinc finger C2H2-type	IPR013087; IPR051095; IPR000210; IPR036236; IPR011333	Zinc finger C2H2-type; Drosophila Developmental Transcription Regulators; BTB/POZ domain; Zinc finger C2H2 superfamily; SKP1/BTB/POZ domain superfamily	PF00651; BTB/POZ domain; PF00096; Zinc finger, C2H2 type	PTHR23110; BTB DOMAIN TRANSCRIPTION FACTOR	GO:0005634(PANTHER)|GO:0006357(PANTHER); GO:0005515(InterPro)	transcription_factor; transporter; development	GROWTH_DEVELOPMENT	Broad-complex core protein OS=Eumeta variegata OX=151549 GN=EVAR_53118_1 PE=4 SV=1
g7361.t1	426	86.099	KEEP	Strong arthropod homology with multiple qualifying hits and strong combined evidence.	153	tr|A0A4C1TWG3|A0A4C1TWG3_EUMVA	Eumeta variegata	151549	Eukaryota; Metazoa; Arthropoda; Insecta; Lepidoptera	76.974	99.0	2.82e-79	243.0	10	10	1.0	0.0	0.0	0.0	0.0	KEEP_ARTHROPOD	98.664	100.0	10.0	100.0	100.0	Chitin binding domain	IPR002557; IPR051940; IPR036508	Chitin binding domain; Chitin-binding developmental regulator; Chitin binding domain superfamily	PF01607; Chitin binding Peritrophin-A domain	PTHR23301; CHITIN BINDING PERITROPHIN-A	GO:0005576(InterPro)|GO:0008061(InterPro); GO:0008061(InterPro)	development	CHITIN	Chitin-binding type-2 domain-containing protein OS=Eumeta variegata OX=151549 GN=EVAR_14750_1 PE=4 SV=1
g9260.t1	427	86.099	KEEP	Strong arthropod homology with multiple qualifying hits and strong combined evidence.	795	tr|A0A4C1XLC0|A0A4C1XLC0_EUMVA	Eumeta variegata	151549	Eukaryota; Metazoa; Arthropoda; Insecta; Lepidoptera	82.088	99.0	0.0	1263.0	10	10	1.0	0.0	0.0	0.0	0.0	KEEP_ARTHROPOD	98.664	100.0	10.0	100.0	100.0	PAN/Apple domain	IPR003609; IPR052774	PAN/Apple domain; C. elegans Developmental and Neuronal Protein	PF00024; PAN domain	PTHR47327; FI18240P1-RELATED	GO:0009653(PANTHER)	development	GROWTH_DEVELOPMENT	DNA polymerase beta OS=Eumeta variegata OX=151549 GN=DPOL PE=4 SV=1
g4537.t1	428	86.099	KEEP	Strong arthropod homology with multiple qualifying hits and strong combined evidence.	118	tr|A0A4C1SI00|A0A4C1SI00_EUMVA	Eumeta variegata	151549	Eukaryota; Metazoa; Arthropoda; Insecta; Lepidoptera	87.179	99.0	1.05e-68	219.0	10	10	1.0	0.0	0.0	0.0	0.0	KEEP_ARTHROPOD	98.664	100.0	30.0	100.0	80.0	Cytochrome P450 superfamily	IPR036396; IPR050196; IPR002403; IPR001128	Cytochrome P450 superfamily; Cytochrome P450 Monooxygenases; Cytochrome P450, E-class, group IV; Cytochrome P450	PF00067; Cytochrome P450	PTHR24291; CYTOCHROME P450 FAMILY 4	GO:0004497(InterPro)|GO:0005506(InterPro)|GO:0016705(InterPro)|GO:0020037(InterPro)		DETOXIFICATION	Cytochrome P450 4V2 OS=Eumeta variegata OX=151549 GN=Cyp4v2 PE=3 SV=1
g5916.t1	429	86.099	KEEP	Strong arthropod homology with multiple qualifying hits and strong combined evidence.	343	tr|A0A4C1UQA1|A0A4C1UQA1_EUMVA	Eumeta variegata	151549	Eukaryota; Metazoa; Arthropoda; Insecta; Lepidoptera	72.515	99.0	0.0	524.0	10	10	1.0	0.0	0.0	0.0	0.0	KEEP_ARTHROPOD	98.664	100.0	10.0	100.0	100.0	Leucine-rich repeat	IPR001611; IPR050328; IPR032675; IPR003591	Leucine-rich repeat; Multifunctional Developmental and Immune Receptor; Leucine-rich repeat domain superfamily; Leucine-rich repeat, typical subtype	PF13855; Leucine rich repeat	PTHR24373; SLIT RELATED LEUCINE-RICH REPEAT NEURONAL PROTEIN	GO:0005515(InterPro)	receptor; development	GROWTH_DEVELOPMENT	Leucine-rich repeat transmembrane neuronal protein 2 OS=Eumeta variegata OX=151549 GN=LRRTM2 PE=4 SV=1
g4736.t1	430	86.099	KEEP	Strong arthropod homology with multiple qualifying hits and strong combined evidence.	389	tr|A0ACC2QEV9|A0ACC2QEV9_9NEOP	Mythimna loreyi	667449	Eukaryota; Metazoa; Arthropoda; Insecta; Lepidoptera	73.333	99.0	0.0	556.0	10	10	1.0	0.0	0.0	0.0	0.0	KEEP_ARTHROPOD	98.664	100.0	10.0	100.0	100.0	Zinc finger, PHD-finger	IPR019787; IPR028651; IPR011011; IPR001965; IPR019786; IPR013083; IPR024610	Zinc finger, PHD-finger; ING family; Zinc finger, FYVE/PHD-type; Zinc finger, PHD-type; Zinc finger, PHD-type, conserved site; Zinc finger, RING/FYVE/PHD-type; Inhibitor of growth protein, N-terminal histone-binding	PF12998; Inhibitor of growth proteins N-terminal histone-binding	PTHR10333; INHIBITOR OF GROWTH PROTEIN	GO:0035267(PANTHER)	transcription_factor; development	GROWTH_DEVELOPMENT	Inhibitor of growth protein OS=Mythimna loreyi OX=667449 GN=PYW08_005023 PE=3 SV=1
g6373.t1	431	86.099	KEEP	Strong arthropod homology with multiple qualifying hits and strong combined evidence.	552	tr|A0A4C1ZQN3|A0A4C1ZQN3_EUMVA	Eumeta variegata	151549	Eukaryota; Metazoa; Arthropoda; Insecta; Lepidoptera	94.536	99.0	0.0	991.0	10	10	1.0	0.0	0.0	0.0	0.0	KEEP_ARTHROPOD	98.664	100.0	30.0	100.0	80.0	Cytochrome P450	IPR001128; IPR017972; IPR036396; IPR002401; IPR050182	Cytochrome P450; Cytochrome P450, conserved site; Cytochrome P450 superfamily; Cytochrome P450, E-class, group I; Cytochrome P450 family 2	PF00067; Cytochrome P450	PTHR24300; CYTOCHROME P450 508A4-RELATED	GO:0004497(InterPro)|GO:0005506(InterPro)|GO:0016705(InterPro)|GO:0020037(InterPro); GO:0005506(InterPro)|GO:0016705(InterPro); GO:0005737(PANTHER)|GO:0006082(PANTHER)|GO:0006805(PANTHER)|GO:0008395(PANTHER)|GO:0016712(PANTHER)|GO:0020037(PANTHER)|GO:0043231(PANTHER)		DETOXIFICATION	Cytochrome P450 18a1 OS=Eumeta variegata OX=151549 GN=Cyp18a1 PE=3 SV=1
g17310.t1	432	86.099	KEEP	Strong arthropod homology with multiple qualifying hits and strong combined evidence.	240	tr|A0A4C1TII0|A0A4C1TII0_EUMVA	Eumeta variegata	151549	Eukaryota; Metazoa; Arthropoda; Insecta; Lepidoptera	76.371	99.0	5.63e-133	384.0	10	10	1.0	0.0	0.0	0.0	0.0	KEEP_ARTHROPOD	98.664	100.0	30.0	100.0	80.0	Thioredoxin-like superfamily	IPR036249; IPR036282; IPR010987; IPR004045; IPR040079	Thioredoxin-like superfamily; Glutathione S-transferase, C-terminal domain superfamily; Glutathione S-transferase, C-terminal-like; Glutathione S-transferase, N-terminal; Glutathione transferase family	PF13417; Glutathione S-transferase, N-terminal domain	PTHR43969; GLUTATHIONE S TRANSFERASE D10, ISOFORM A-RELATED	GO:0004364(PANTHER)|GO:0006749(PANTHER)	enzyme	DETOXIFICATION	tr|A0A4C1TII0|A0A4C1TII0_EUMVA Glutathione S-transferase E14 OS=Eumeta variegata OX=151549 GN=GstE14 PE=4 SV=1
g18903.t1	433	86.099	KEEP	Strong arthropod homology with multiple qualifying hits and strong combined evidence.	95	tr|A0A4C1YIV2|A0A4C1YIV2_EUMVA	Eumeta variegata	151549	Eukaryota; Metazoa; Arthropoda; Insecta; Lepidoptera	87.234	99.0	3.99e-55	179.0	10	10	1.0	0.0	0.0	0.0	0.0	KEEP_ARTHROPOD	98.664	100.0	30.0	85.0	95.0	Phospholipase A2 domain superfamily	IPR036444; IPR016090; IPR033112; IPR033113	Phospholipase A2 domain superfamily; Phospholipase A2-like, central domain; Phospholipase A2, aspartic acid active site; Phospholipase A2, histidine active site	PF00068; Phospholipase A2		GO:0004623(InterPro)|GO:0006644(InterPro)|GO:0050482(InterPro)	digestion	DIGESTION	tr|A0A4C1YIV2|A0A4C1YIV2_EUMVA Phospholipase A2 OS=Eumeta variegata OX=151549 GN=Pla2g1b PE=3 SV=1
g16391.t1	434	86.099	KEEP	Strong arthropod homology with multiple qualifying hits and strong combined evidence.	224	tr|A0A4C1Z8T8|A0A4C1Z8T8_EUMVA	Eumeta variegata	151549	Eukaryota; Metazoa; Arthropoda; Insecta; Lepidoptera	82.432	99.0	1.66e-138	396.0	10	10	1.0	0.0	0.0	0.0	0.0	KEEP_ARTHROPOD	98.664	100.0	30.0	100.0	80.0	Glutathione S-transferase, C-terminal domain superfamily	IPR036282; IPR036249; IPR010987; IPR004045; IPR040079; IPR004046	Glutathione S-transferase, C-terminal domain superfamily; Thioredoxin-like superfamily; Glutathione S-transferase, C-terminal-like; Glutathione S-transferase, N-terminal; Glutathione transferase family; Glutathione S-transferase, C-terminal	PF13417; Glutathione S-transferase, N-terminal domain; PF00043; Glutathione S-transferase, C-terminal domain	PTHR43969; GLUTATHIONE S TRANSFERASE D10, ISOFORM A-RELATED	GO:0004364(PANTHER)|GO:0006749(PANTHER)	enzyme	DETOXIFICATION	tr|A0A4C1Z8T8|A0A4C1Z8T8_EUMVA Glutathione S-transferase 1 OS=Eumeta variegata OX=151549 GN=GST1 PE=4 SV=1
g9453.t1	435	86.079	KEEP	Strong arthropod homology with multiple qualifying hits and strong combined evidence.	146	tr|A0A4C1Z705|A0A4C1Z705_EUMVA	Eumeta variegata	151549	Eukaryota; Metazoa; Arthropoda; Insecta; Lepidoptera	66.667	100.0	5.11e-64	201.0	10	10	1.0	0.0	0.0	0.0	0.0	KEEP_ARTHROPOD	96.096	100.0	30.0	100.0	85.0	Cyclin-dependent kinase inhibitor domain superfamily	IPR044898; IPR029841; IPR003175	Cyclin-dependent kinase inhibitor domain superfamily; Cyclin-dependent kinase inhibitor 1; Cyclin-dependent kinase inhibitor domain	PF02234; Cyclin-dependent kinase inhibitor	PTHR46778; CYCLIN-DEPENDENT KINASE INHIBITOR 1-RELATED	GO:0000307(PANTHER)|GO:0004860(PANTHER)|GO:0005634(PANTHER)|GO:0006974(PANTHER)|GO:0007346(InterPro)|GO:0045736(PANTHER)|GO:0072331(InterPro)|GO:2000045(PANTHER); GO:0004861(InterPro)|GO:0005634(InterPro)|GO:0051726(InterPro)	enzyme	SIGNALING	Cyclin-dependent kinase inhibitor domain-containing protein OS=Eumeta variegata OX=151549 GN=EVAR_49694_1 PE=3 SV=1
g2590.t1	436	86.07	KEEP	Strong arthropod homology with multiple qualifying hits and strong combined evidence.	1357	tr|A0ABM3N397|A0ABM3N397_GALME	Galleria mellonella	7137	Eukaryota; Metazoa; Arthropoda; Insecta; Lepidoptera	69.889	99.0	0.0	1930.0	10	10	1.0	0.0	0.0	0.0	0.0	KEEP_ARTHROPOD	98.567	100.0	10.0	100.0	100.0	Leucine-rich repeat domain superfamily	IPR032675; IPR001611; IPR025875; IPR050328; IPR003591	Leucine-rich repeat domain superfamily; Leucine-rich repeat; Leucine rich repeat 4; Multifunctional Developmental and Immune Receptor; Leucine-rich repeat, typical subtype	PF13855; Leucine rich repeat; PF12799; Leucine Rich repeats (2 copies)	PTHR24373; SLIT RELATED LEUCINE-RICH REPEAT NEURONAL PROTEIN	GO:0005515(InterPro); GO:0005615(PANTHER)|GO:0031012(PANTHER)	receptor; development	GROWTH_DEVELOPMENT	Protein artichoke OS=Galleria mellonella OX=7137 GN=LOC113516719 PE=4 SV=1
g8371.t1	437	86.062	KEEP	Strong arthropod homology with multiple qualifying hits and strong combined evidence.	396	tr|A0A4C1ZJE4|A0A4C1ZJE4_EUMVA	Eumeta variegata	151549	Eukaryota; Metazoa; Arthropoda; Insecta; Lepidoptera	83.726	99.0	0.0	713.0	6	6	1.0	0.0	0.0	0.0	0.0	KEEP_ARTHROPOD	96.039	100.0	30.0	100.0	85.0	Ribonuclease H-like superfamily	IPR012337; IPR025398; IPR008906	Ribonuclease H-like superfamily; ZMYM1-like, RNase-like domain; HAT, C-terminal dimerisation domain	PF14291; ZMYM1/FAM200, RNase-like domain; PF05699; hAT family C-terminal dimerisation region	PTHR45749	GO:0046983(InterPro)		SIGNALING	52 kDa repressor of the inhibitor of the protein kinase OS=Eumeta variegata OX=151549 GN=Thap12 PE=4 SV=1
g13778.t1	438	86.056	KEEP	Strong arthropod homology with multiple qualifying hits and strong combined evidence.	258	tr|A0A4C1WGE0|A0A4C1WGE0_EUMVA	Eumeta variegata	151549	Eukaryota; Metazoa; Arthropoda; Insecta; Lepidoptera	69.264	89.0	2.68e-108	321.0	10	10	1.0	0.0	0.0	0.0	0.0	KEEP_ARTHROPOD	91.02	100.0	30.0	100.0	95.0	Serine proteases, trypsin domain	IPR001254; IPR009003; IPR001314; IPR018114	Serine proteases, trypsin domain; Peptidase S1, PA clan; Peptidase S1A, chymotrypsin family; Serine protease-like, trypsin family, histidine active site	PF00089; Trypsin	PTHR24276; POLYSERASE-RELATED	GO:0004252(PANTHER); GO:0004252(InterPro)|GO:0006508(InterPro)	enzyme; membrane; digestion	DIGESTION	tr|A0A4C1WGE0|A0A4C1WGE0_EUMVA Trypsin CFT-1 OS=Eumeta variegata OX=151549 GN=EVAR_45627_1 PE=3 SV=1
g19287.t2	439	86.039	KEEP	Strong arthropod homology with multiple qualifying hits and strong combined evidence.	844	tr|A0A4C1TXN3|A0A4C1TXN3_EUMVA	Eumeta variegata	151549	Eukaryota; Metazoa; Arthropoda; Insecta; Lepidoptera	91.655	88.0	0.0	1414.0	10	10	1.0	0.0	0.0	0.0	0.0	KEEP_ARTHROPOD	90.964	100.0	30.0	100.0	95.0	Peptidase M13, C-terminal domain	IPR018497; IPR024079; IPR042089; IPR000718; IPR008753	Peptidase M13, C-terminal domain; Metallopeptidase, catalytic domain superfamily; Peptidase M13, domain 2; Peptidase M13; Peptidase M13, N-terminal domain	PF01431; Peptidase family M13; PF05649	PTHR11733; ZINC METALLOPROTEASE FAMILY M13 NEPRILYSIN-RELATED	GO:0004222(InterPro)|GO:0006508(InterPro); GO:0008237(InterPro); GO:0006508(InterPro); GO:0004222(PANTHER)|GO:0004222(InterPro)|GO:0005886(PANTHER)|GO:0006508(InterPro)|GO:0016485(PANTHER)	enzyme; digestion	DIGESTION	tr|A0A4C1TXN3|A0A4C1TXN3_EUMVA Endothelin-converting enzyme homolog OS=Eumeta variegata OX=151549 GN=EVAR_14404_1 PE=3 SV=1
g5348.t1	440	86.039	KEEP	Strong arthropod homology with multiple qualifying hits and strong combined evidence.	369	tr|A0A4C1Z494|A0A4C1Z494_EUMVA	Eumeta variegata	151549	Eukaryota; Metazoa; Arthropoda; Insecta; Lepidoptera	84.83	88.0	0.0	588.0	10	10	1.0	0.0	0.0	0.0	0.0	KEEP_ARTHROPOD	90.964	100.0	30.0	100.0	95.0	Alpha/Beta hydrolase fold	IPR029058; IPR013818; IPR000734	Alpha/Beta hydrolase fold; Lipase; Triacylglycerol lipase family	PF00151; Lipase	PTHR11610; LIPASE	GO:0016298(InterPro); GO:0005615(PANTHER)|GO:0016042(PANTHER)|GO:0016298(InterPro)|GO:0016298(PANTHER)	enzyme; digestion	DIGESTION	Lipase member H-B OS=Eumeta variegata OX=151549 GN=liph-b PE=3 SV=1
g416.t1	441	86.032	KEEP	Strong arthropod homology with multiple qualifying hits and strong combined evidence.	440	tr|A0A4C1SEY3|A0A4C1SEY3_EUMVA	Eumeta variegata	151549	Eukaryota; Metazoa; Arthropoda; Insecta; Lepidoptera	68.01	97.0	7.82e-171	498.0	17	33	1.0	0.0	0.0	0.0	0.0	KEEP_ARTHROPOD	95.94	100.0	30.0	100.0	85.0	Low-density lipoprotein (LDL) receptor class A repeat	IPR002172; IPR050685; IPR036055; IPR023415; IPR000082	Low-density lipoprotein (LDL) receptor class A repeat; Low-density lipoprotein receptor; LDL receptor-like superfamily; Low-density lipoprotein (LDL) receptor class A, conserved site; SEA domain	PF00057; Low-density lipoprotein receptor domain class A	PTHR24270; LOW-DENSITY LIPOPROTEIN RECEPTOR-RELATED	GO:0005515(InterPro); GO:0005886(PANTHER)	receptor	SIGNALING	Sortilin-related receptor OS=Eumeta variegata OX=151549 GN=Sorl1 PE=4 SV=1
g2179.t1	442	86.009	KEEP	Strong arthropod homology with multiple qualifying hits and strong combined evidence.	262	tr|A0A4C1T1W6|A0A4C1T1W6_EUMVA	Eumeta variegata	151549	Eukaryota; Metazoa; Arthropoda; Insecta; Lepidoptera	93.724	100.0	4.81e-157	454.0	10	11	1.0	0.0	0.0	0.0	0.0	KEEP_ARTHROPOD	99.364	100.0	30.0	93.0	85.0	MOB kinase activator family	IPR005301; IPR036703	MOB kinase activator family; MOB kinase activator superfamily	PF03637; Mob1/phocein family	PTHR22599; MPS ONE BINDER KINASE ACTIVATOR-LIKE  MOB		enzyme	SIGNALING	MOB kinase activator-like 2 OS=Eumeta variegata OX=151549 GN=Mob2 PE=4 SV=1
g16617.t1	443	86.009	KEEP	Strong arthropod homology with multiple qualifying hits and strong combined evidence.	217	tr|A0A4C1WBA7|A0A4C1WBA7_EUMVA	Eumeta variegata	151549	Eukaryota; Metazoa; Arthropoda; Insecta; Lepidoptera	100.0	100.0	1.13e-163	459.0	10	10	1.0	0.0	0.0	0.0	0.0	KEEP_ARTHROPOD	99.364	100.0	30.0	93.0	85.0	MOB kinase activator family	IPR005301; IPR036703	MOB kinase activator family; MOB kinase activator superfamily	PF03637; Mob1/phocein family	PTHR22599; MPS ONE BINDER KINASE ACTIVATOR-LIKE  MOB		enzyme	SIGNALING	tr|A0A4C1WBA7|A0A4C1WBA7_EUMVA MOB kinase activator-like 1 OS=Eumeta variegata OX=151549 GN=mats PE=4 SV=1
g14449.t1	444	86.009	KEEP	Strong arthropod homology with multiple qualifying hits and strong combined evidence.	436	tr|A0A4C1U540|A0A4C1U540_EUMVA	Eumeta variegata	151549	Eukaryota; Metazoa; Arthropoda; Insecta; Lepidoptera	79.71	95.0	0.0	696.0	10	10	1.0	0.0	0.0	0.0	0.0	KEEP_ARTHROPOD	95.864	100.0	30.0	100.0	85.0	Neurotransmitter-gated ion-channel ligand-binding domain superfamily	IPR036734; IPR006201; IPR006202; IPR036719; IPR038050	Neurotransmitter-gated ion-channel ligand-binding domain superfamily; Neurotransmitter-gated ion-channel; Neurotransmitter-gated ion-channel ligand-binding domain; Neurotransmitter-gated ion-channel transmembrane domain superfamily; Neuronal acetylcholine receptor	PF02931; Neurotransmitter-gated ion-channel ligand binding domain	PTHR18945; NEUROTRANSMITTER GATED ION CHANNEL	GO:0005230(InterPro)|GO:0006811(InterPro)|GO:0016020(InterPro); GO:0004888(InterPro)|GO:0005216(InterPro)|GO:0016020(InterPro)|GO:0034220(InterPro); GO:0006811(InterPro)|GO:0016020(InterPro)	receptor; transporter; membrane	SIGNALING	tr|A0A4C1U540|A0A4C1U540_EUMVA Acetylcholine receptor subunit alpha-like 2 OS=Eumeta variegata OX=151549 GN=nAChRalpha2 PE=4 SV=1
g5209.t1	445	86.009	KEEP	Strong arthropod homology with multiple qualifying hits and strong combined evidence.	196	tr|A0A0S1YDP4|A0A0S1YDP4_CHISP	Chilo suppressalis	168631	Eukaryota; Metazoa; Arthropoda; Insecta; Lepidoptera	87.701	95.0	2.6e-116	347.0	10	10	1.0	0.0	0.0	0.0	0.0	KEEP_ARTHROPOD	95.864	100.0	30.0	100.0	85.0	G protein-coupled receptor, rhodopsin-like	IPR000276; IPR017452	G protein-coupled receptor, rhodopsin-like; GPCR, rhodopsin-like, 7TM	PF00001; 7 transmembrane receptor (rhodopsin family)	PTHR24243; G-PROTEIN COUPLED RECEPTOR	GO:0004930(InterPro)|GO:0007186(InterPro)|GO:0016020(InterPro); GO:0004930(PANTHER)|GO:0005886(PANTHER)|GO:0007186(PANTHER)|GO:0007218(PANTHER)|GO:0008188(PANTHER); GO:0016020(InterPro)	receptor; membrane	SIGNALING	Neuropeptide receptor A27 OS=Chilo suppressalis OX=168631 GN=A27 PE=2 SV=1
g11232.t2	446	86.009	KEEP	Strong arthropod homology with multiple qualifying hits and strong combined evidence.	1504	tr|A0A4C1V6H6|A0A4C1V6H6_EUMVA	Eumeta variegata	151549	Eukaryota; Metazoa; Arthropoda; Insecta; Lepidoptera	81.034	95.0	0.0	2060.0	10	10	1.0	0.0	0.0	0.0	0.0	KEEP_ARTHROPOD	95.864	100.0	30.0	100.0	85.0	ATP:guanido phosphotransferase, catalytic domain	IPR022414; IPR002110; IPR022413; IPR036802; IPR014746; IPR036770	ATP:guanido phosphotransferase, catalytic domain; Ankyrin repeat; ATP:guanido phosphotransferase, N-terminal; ATP:guanido phosphotransferase, N-terminal domain superfamily; Glutamine synthetase/guanido kinase, catalytic domain; Ankyrin repeat-containing domain superfamily	PF02807; ATP:guanido phosphotransferase, N-terminal domain; PF13637; Ankyrin repeats (many copies); PF00217; ATP:guanido phosphotransferase, C-terminal catalytic domain; PF12796; Ankyrin repeats (3 copies)	PTHR24172; ANK_REP_REGION DOMAIN-CONTAINING PROTEIN	GO:0016301(InterPro)|GO:0016772(InterPro); GO:0005515(InterPro); GO:0003824(InterPro)	enzyme	SIGNALING	Arginine kinase OS=Eumeta variegata OX=151549 GN=ARGK PE=3 SV=1
g5537.t1	447	86.009	KEEP	Strong arthropod homology with multiple qualifying hits and strong combined evidence.	1884	tr|A0A4C1XUZ0|A0A4C1XUZ0_EUMVA	Eumeta variegata	151549	Eukaryota; Metazoa; Arthropoda; Insecta; Lepidoptera	82.824	95.0	0.0	2594.0	10	10	1.0	0.0	0.0	0.0	0.0	KEEP_ARTHROPOD	95.864	100.0	30.0	100.0	85.0	Nuclear receptor coactivator 6	IPR026638; IPR032715	Nuclear receptor coactivator 6; Nuclear receptor coactivator 6, TRADD-N domain	PF13820; Nuclear receptor coactivator 6, TRADD-N domain	PTHR15690; NUCLEAR RECEPTOR COACTIVATOR 6	GO:0003713(InterPro)|GO:0005634(InterPro)|GO:0005667(PANTHER)|GO:0030374(PANTHER)|GO:0035097(PANTHER)|GO:0045944(PANTHER)	receptor	SIGNALING	Nuclear receptor coactivator 6 OS=Eumeta variegata OX=151549 GN=Ncoa6 PE=4 SV=1
g12057.t1	448	86.009	KEEP	Strong arthropod homology with multiple qualifying hits and strong combined evidence.	529	tr|A0A4C1VPS5|A0A4C1VPS5_EUMVA	Eumeta variegata	151549	Eukaryota; Metazoa; Arthropoda; Insecta; Lepidoptera	83.665	95.0	0.0	800.0	10	10	1.0	0.0	0.0	0.0	0.0	KEEP_ARTHROPOD	95.864	100.0	30.0	100.0	85.0	Zinc finger, GATA-type	IPR000679; IPR013088; IPR039355	Zinc finger, GATA-type; Zinc finger, NHR/GATA-type; Transcription factor GATA	PF00320; GATA zinc finger	PTHR10071; TRANSCRIPTION FACTOR GATA FAMILY MEMBER	GO:0006355(InterPro)|GO:0043565(InterPro); GO:0006355(InterPro)|GO:0008270(InterPro); GO:0000122(PANTHER)|GO:0000978(PANTHER)|GO:0000981(PANTHER)|GO:0003700(InterPro)|GO:0005634(PANTHER)|GO:0006357(InterPro)|GO:0045944(PANTHER)	transcription_factor; receptor	SIGNALING	Transcription factor GATA-4 OS=Eumeta variegata OX=151549 GN=gata4 PE=4 SV=1
g133.t1	449	86.009	KEEP	Strong arthropod homology with multiple qualifying hits and strong combined evidence.	373	tr|A0A4C1SYB5|A0A4C1SYB5_EUMVA	Eumeta variegata	151549	Eukaryota; Metazoa; Arthropoda; Insecta; Lepidoptera	91.525	95.0	0.0	687.0	10	10	1.0	0.0	0.0	0.0	0.0	KEEP_ARTHROPOD	95.864	100.0	30.0	100.0	85.0	AGC-kinase, C-terminal	IPR000961; IPR011009; IPR000719; IPR008271	AGC-kinase, C-terminal; Protein kinase-like domain superfamily; Protein kinase domain; Serine/threonine-protein kinase, active site	PF00069; Protein kinase domain	PTHR24353; CYCLIC NUCLEOTIDE-DEPENDENT PROTEIN KINASE	GO:0004674(InterPro)|GO:0005524(InterPro)|GO:0006468(InterPro); GO:0005524(InterPro)|GO:0006468(InterPro); GO:0004672(InterPro)|GO:0006468(InterPro); GO:0004691(PANTHER)|GO:0005634(PANTHER)|GO:0005829(PANTHER)|GO:0005952(PANTHER)	enzyme	SIGNALING	cAMP-dependent protein kinase catalytic subunit OS=Eumeta variegata OX=151549 GN=Pka-C1 PE=4 SV=1
g14561.t1	450	86.009	KEEP	Strong arthropod homology with multiple qualifying hits and strong combined evidence.	710	tr|A0A9R0E5W6|A0A9R0E5W6_SPOFR	Spodoptera frugiperda	7108	Eukaryota; Metazoa; Arthropoda; Insecta; Lepidoptera	70.089	95.0	0.0	894.0	10	10	1.0	0.0	0.0	0.0	0.0	KEEP_ARTHROPOD	95.864	100.0	30.0	100.0	85.0	Leucine-rich repeat domain superfamily	IPR032675; IPR001611; IPR050216; IPR003591; IPR036770	Leucine-rich repeat domain superfamily; Leucine-rich repeat; Leucine-rich repeat domain-containing protein; Leucine-rich repeat, typical subtype; Ankyrin repeat-containing domain superfamily	PF13855; Leucine rich repeat	PTHR48051	GO:0005515(InterPro); GO:0005737(PANTHER)		SIGNALING	tr|A0A9R0E5W6|A0A9R0E5W6_SPOFR non-specific serine/threonine protein kinase OS=Spodoptera frugiperda OX=7108 GN=LOC118278394 PE=4 SV=1
g14263.t1	451	86.009	KEEP	Strong arthropod homology with multiple qualifying hits and strong combined evidence.	188	tr|A0ABN8HXI0|A0ABN8HXI0_9NEOP	Scirpophaga incertulas	72366	Eukaryota; Metazoa; Arthropoda; Insecta; Lepidoptera	96.089	95.0	2.68e-118	361.0	10	10	1.0	0.0	0.0	0.0	0.0	KEEP_ARTHROPOD	95.864	100.0	30.0	100.0	85.0	Protein kinase-like domain superfamily	IPR011009; IPR000719; IPR017441; IPR050494	Protein kinase-like domain superfamily; Protein kinase domain; Protein kinase, ATP binding site; Serine/threonine and dual-specificity kinase	PF00069; Protein kinase domain	PTHR24058; DUAL SPECIFICITY PROTEIN KINASE	GO:0005524(InterPro)|GO:0006468(InterPro); GO:0005524(InterPro); GO:0004674(PANTHER)|GO:0018105(PANTHER)|GO:0018107(PANTHER)	enzyme	SIGNALING	tr|A0ABN8HXI0|A0ABN8HXI0_9NEOP dual-specificity kinase (Fragment) OS=Iphiclides podalirius OX=110791 GN=IPOD504_LOCUS3274 PE=3 SV=1
g16828.t1	452	86.009	KEEP	Strong arthropod homology with multiple qualifying hits and strong combined evidence.	233	tr|A0A4C1XRJ2|A0A4C1XRJ2_EUMVA	Eumeta variegata	151549	Eukaryota; Metazoa; Arthropoda; Insecta; Lepidoptera	83.772	95.0	8.85e-118	370.0	10	10	1.0	0.0	0.0	0.0	0.0	KEEP_ARTHROPOD	95.864	100.0	30.0	100.0	85.0	PDZ domain	IPR001478; IPR036034; IPR043545	PDZ domain; PDZ superfamily; Glutamate receptor-interacting protein 1/2	PF00595; PDZ domain	PTHR46227; GLUTAMATE RECEPTOR-INTERACTING PROTEIN GRIP	GO:0005515(InterPro); GO:0098887(PANTHER)	receptor	SIGNALING	tr|A0A4C1XRJ2|A0A4C1XRJ2_EUMVA Glutamate receptor-interacting protein 2 OS=Eumeta variegata OX=151549 GN=grip2 PE=4 SV=1
g2017.t1	453	86.009	KEEP	Strong arthropod homology with multiple qualifying hits and strong combined evidence.	121	tr|A0A4C1TJA3|A0A4C1TJA3_EUMVA	Pieris macdunnoughi	345717	Eukaryota; Metazoa; Arthropoda; Insecta; Lepidoptera	95.652	95.0	4.97e-70	226.0	10	10	1.0	0.0	0.0	0.0	0.0	KEEP_ARTHROPOD	95.864	100.0	30.0	100.0	85.0	GPCR, rhodopsin-like, 7TM	IPR017452; IPR000276	GPCR, rhodopsin-like, 7TM; G protein-coupled receptor, rhodopsin-like	PF00001; 7 transmembrane receptor (rhodopsin family)	PTHR45695; LEUCOKININ RECEPTOR-RELATED	GO:0016020(InterPro); GO:0004930(PANTHER)|GO:0005886(PANTHER)|GO:0007186(PANTHER); GO:0004930(InterPro)|GO:0007186(InterPro)|GO:0016020(InterPro)	receptor; membrane	SIGNALING	RYamide receptor OS=Eumeta variegata OX=151549 GN=RYa-R PE=3 SV=1
g16995.t1	454	86.009	KEEP	Strong arthropod homology with multiple qualifying hits and strong combined evidence.	462	tr|A0A4C1W5Q3|A0A4C1W5Q3_EUMVA	Eumeta variegata	151549	Eukaryota; Metazoa; Arthropoda; Insecta; Lepidoptera	94.545	95.0	0.0	852.0	10	10	1.0	0.0	0.0	0.0	0.0	KEEP_ARTHROPOD	95.864	100.0	30.0	100.0	85.0	G protein-coupled receptor, rhodopsin-like	IPR000276; IPR001671; IPR017452	G protein-coupled receptor, rhodopsin-like; Melanocortin/ACTH receptor; GPCR, rhodopsin-like, 7TM	PF00001; 7 transmembrane receptor (rhodopsin family)	PTHR24248; ADRENERGIC RECEPTOR-RELATED G-PROTEIN COUPLED RECEPTOR	GO:0004930(InterPro)|GO:0007186(InterPro)|GO:0016020(InterPro); GO:0001591(PANTHER)|GO:0004930(PANTHER)|GO:0005886(PANTHER); GO:0004977(InterPro)|GO:0007186(InterPro)|GO:0016020(InterPro); GO:0016020(InterPro)	receptor; membrane	SIGNALING	tr|A0A4C1W5Q3|A0A4C1W5Q3_EUMVA Dopamine D2-like receptor OS=Eumeta variegata OX=151549 GN=Dop2R PE=3 SV=1
g13522.t1	455	86.009	KEEP	Strong arthropod homology with multiple qualifying hits and strong combined evidence.	855	tr|A0A4C1UMJ1|A0A4C1UMJ1_EUMVA	Eumeta variegata	151549	Eukaryota; Metazoa; Arthropoda; Insecta; Lepidoptera	92.279	95.0	0.0	1559.0	10	10	1.0	0.0	0.0	0.0	0.0	KEEP_ARTHROPOD	95.864	100.0	30.0	100.0	85.0	Toll/interleukin-1 receptor homology (TIR) domain superfamily	IPR035897; IPR017241; IPR000157; IPR003591; IPR001611; IPR032675	Toll/interleukin-1 receptor homology (TIR) domain superfamily; Toll-like receptor; Toll/interleukin-1 receptor homology (TIR) domain; Leucine-rich repeat, typical subtype; Leucine-rich repeat; Leucine-rich repeat domain superfamily	PF01582; TIR domain; PF13855; Leucine rich repeat	PTHR24365; TOLL-LIKE RECEPTOR	GO:0005886(PANTHER)|GO:0006954(PANTHER)|GO:0007165(PANTHER)|GO:0038023(PANTHER); GO:0002224(InterPro)|GO:0004888(InterPro)|GO:0006955(InterPro)|GO:0016020(InterPro); GO:0007165(InterPro); GO:0005515(InterPro)	receptor	SIGNALING	tr|A0A4C1UMJ1|A0A4C1UMJ1_EUMVA Toll-like receptor 4 OS=Eumeta variegata OX=151549 GN=TLR4 PE=3 SV=1
g19386.t1	456	86.009	KEEP	Strong arthropod homology with multiple qualifying hits and strong combined evidence.	349	tr|A0A4C1ZQJ2|A0A4C1ZQJ2_EUMVA	Eumeta variegata	151549	Eukaryota; Metazoa; Arthropoda; Insecta; Lepidoptera	81.333	95.0	0.0	597.0	10	10	1.0	0.0	0.0	0.0	0.0	KEEP_ARTHROPOD	95.864	100.0	30.0	100.0	85.0	N-acetyl-D-glucosamine kinase NAGK-like	IPR039758; IPR043129; IPR002731	N-acetyl-D-glucosamine kinase NAGK-like; ATPase, nucleotide binding domain; ATPase, BadF/BadG/BcrA/BcrD type	PF01869; BadF/BadG/BcrA/BcrD ATPase family	PTHR12862; BADF TYPE ATPASE DOMAIN-CONTAINING PROTEIN	GO:0045127(PANTHER)|GO:0045127(InterPro)	enzyme	SIGNALING	tr|A0A4C1ZQJ2|A0A4C1ZQJ2_EUMVA N-acetyl-D-glucosamine kinase OS=Eumeta variegata OX=151549 GN=NAGK PE=4 SV=1
g7143.t1	457	86.009	KEEP	Strong arthropod homology with multiple qualifying hits and strong combined evidence.	428	tr|A0A4C1U540|A0A4C1U540_EUMVA	Eumeta variegata	151549	Eukaryota; Metazoa; Arthropoda; Insecta; Lepidoptera	74.939	95.0	0.0	645.0	10	10	1.0	0.0	0.0	0.0	0.0	KEEP_ARTHROPOD	95.864	100.0	30.0	100.0	85.0	Neurotransmitter-gated ion-channel	IPR006201; IPR036719; IPR038050; IPR036734; IPR006202	Neurotransmitter-gated ion-channel; Neurotransmitter-gated ion-channel transmembrane domain superfamily; Neuronal acetylcholine receptor; Neurotransmitter-gated ion-channel ligand-binding domain superfamily; Neurotransmitter-gated ion-channel ligand-binding domain	PF02931; Neurotransmitter-gated ion-channel ligand binding domain	PTHR18945; NEUROTRANSMITTER GATED ION CHANNEL	GO:0004888(InterPro)|GO:0005216(InterPro)|GO:0016020(InterPro)|GO:0034220(InterPro); GO:0006811(InterPro)|GO:0016020(InterPro); GO:0005230(InterPro)|GO:0006811(InterPro)|GO:0016020(InterPro)	receptor; transporter; membrane	SIGNALING	Acetylcholine receptor subunit alpha-like 2 OS=Eumeta variegata OX=151549 GN=nAChRalpha2 PE=4 SV=1
g12605.t1	458	85.995	KEEP	Strong arthropod homology with multiple qualifying hits and strong combined evidence.	342	tr|A0ABR3HVR7|A0ABR3HVR7_LOXSC	Loxostege sticticalis	481309	Eukaryota; Metazoa; Arthropoda; Insecta; Lepidoptera	65.031	94.0	3.2e-150	435.0	10	10	1.0	0.0	0.0	0.0	0.0	KEEP_ARTHROPOD	90.816	100.0	30.0	100.0	95.0	Triacylglycerol lipase family	IPR000734; IPR013818; IPR029058	Triacylglycerol lipase family; Lipase; Alpha/Beta hydrolase fold	PF00151; Lipase	PTHR11610; LIPASE	GO:0005615(PANTHER)|GO:0016042(PANTHER)|GO:0016298(InterPro)|GO:0016298(PANTHER)|GO:0017171(PANTHER); GO:0016298(InterPro)	enzyme; digestion	DIGESTION	Lipase domain-containing protein OS=Loxostege sticticalis OX=481309 GN=ABMA27_001869 PE=3 SV=1
g12618.t1	459	85.985	KEEP	Strong arthropod homology with multiple qualifying hits and strong combined evidence.	888	tr|A0A4C1SQA8|A0A4C1SQA8_EUMVA	Eumeta variegata	151549	Eukaryota; Metazoa; Arthropoda; Insecta; Lepidoptera	68.193	90.0	0.0	1165.0	10	10	1.0	0.0	0.0	0.0	0.0	KEEP_ARTHROPOD	90.783	100.0	30.0	100.0	95.0	Endoplasmic reticulum metallopeptidase 1-like, M28 peptidase domain	IPR048024; IPR007484; IPR053973; IPR045175	Endoplasmic reticulum metallopeptidase 1-like, M28 peptidase domain; Peptidase M28; Endoplasmic reticulum metallopeptidase 1-like, C-terminal domain; Peptidase M28 family	PF04389; Peptidase family M28; PF22248; Endoplasmic reticulum metallopeptidase 1, C-terminal domain	PTHR12147; METALLOPEPTIDASE M28 FAMILY MEMBER	GO:0006508(InterPro)|GO:0006508(PANTHER)|GO:0008235(InterPro)	enzyme; digestion	DIGESTION	FXNA-like protease OS=Eumeta variegata OX=151549 GN=ERMP1 PE=3 SV=1
g390.t1	460	85.974	KEEP	Strong arthropod homology with multiple qualifying hits and strong combined evidence.	458	tr|A0A3Q9JN28|A0A3Q9JN28_PLUXY	Plutella xylostella	51655	Eukaryota; Metazoa; Arthropoda; Insecta; Lepidoptera	58.896	98.0	0.0	603.0	10	10	1.0	0.0	0.0	0.0	0.0	KEEP_ARTHROPOD	88.248	100.0	30.0	100.0	100.0	Chitinase insertion domain superfamily	IPR029070; IPR011583; IPR050314; IPR017853; IPR001223; IPR001579	Chitinase insertion domain superfamily; Chitinase II/V-like, catalytic domain; Glycosyl hydrolase family 18; Glycoside hydrolase superfamily; Glycoside hydrolase family 18, catalytic domain; Glycosyl hydrolase family 18, active site	PF00704; Glycosyl hydrolases family 18	PTHR11177; CHITINASE	GO:0008061(InterPro); GO:0004568(PANTHER)|GO:0005576(PANTHER)|GO:0006032(PANTHER)|GO:0008061(PANTHER); GO:0005975(InterPro); GO:0004553(InterPro)|GO:0005975(InterPro)	enzyme; digestion	CHITIN	Chitinase 2 OS=Plutella xylostella OX=51655 PE=2 SV=1
g6217.t1	461	85.967	KEEP	Strong arthropod homology with multiple qualifying hits and strong combined evidence.	990	tr|A0A4C1ZH06|A0A4C1ZH06_EUMVA	Eumeta variegata	151549	Eukaryota; Metazoa; Arthropoda; Insecta; Lepidoptera	91.389	98.0	0.0	1937.0	12	12	1.0	0.0	0.0	0.0	0.0	KEEP_ARTHROPOD	98.224	100.0	10.0	100.0	100.0	Peptidase S8, subtilisin, His-active site	IPR022398; IPR009030; IPR015500; IPR002884; IPR036852; IPR006212; IPR008979; IPR023827; IPR032815; IPR034182; IPR000209; IPR023828; IPR038466; IPR043601; IPR032778	Peptidase S8, subtilisin, His-active site; Growth factor receptor cysteine-rich domain superfamily; Peptidase S8, subtilisin-related; P domain; Peptidase S8/S53 domain superfamily; Furin-like repeat; Galactose-binding-like domain superfamily; Peptidase S8, subtilisin, Asp-active site; Peptidase S8, pro-domain; Kexin/furin catalytic domain; Peptidase S8/S53 domain; Peptidase S8, subtilisin, Ser-active site; Peptidase S8, pro-domain superfamily; R-spondin, Fu-CRD domain; Growth factor receptor domain 4	PF01483; Proprotein convertase P-domain; PF16470; Peptidase S8 pro-domain; PF00082; Subtilase family; PF15913; Furin-like repeat, cysteine-rich; PF14843; Growth factor receptor domain IV	PTHR42884; PROPROTEIN CONVERTASE SUBTILISIN/KEXIN-RELATED	GO:0004252(InterPro)|GO:0006508(InterPro); GO:0006508(InterPro)|GO:0008236(InterPro); GO:0000139(PANTHER)|GO:0004252(PANTHER)|GO:0005802(PANTHER)|GO:0016020(PANTHER)|GO:0016485(PANTHER)	enzyme; receptor; development; digestion	GROWTH_DEVELOPMENT	furin OS=Eumeta variegata OX=151549 GN=Fur2 PE=3 SV=1
g2210.t1	462	85.967	KEEP	Strong arthropod homology with multiple qualifying hits and strong combined evidence.	394	tr|A0ABN8IKT8|A0ABN8IKT8_9NEOP	Iphiclides podalirius	110791	Eukaryota; Metazoa; Arthropoda; Insecta; Lepidoptera	60.925	99.0	3.79e-179	511.0	10	10	1.0	0.0	0.0	0.0	0.0	KEEP_ARTHROPOD	90.723	100.0	30.0	100.0	95.0	Serine proteases, trypsin domain	IPR001254; IPR000859; IPR035914; IPR001314; IPR009003; IPR018114	Serine proteases, trypsin domain; CUB domain; Spermadhesin, CUB domain superfamily; Peptidase S1A, chymotrypsin family; Peptidase S1, PA clan; Serine protease-like, trypsin family, histidine active site	PF00089; Trypsin; PF00431; CUB domain	PTHR24252; ACROSIN-RELATED	GO:0004252(InterPro)|GO:0006508(InterPro)	enzyme; digestion	DIGESTION	Venom serine protease 34 (Fragment) OS=Iphiclides podalirius OX=110791 GN=IPOD504_LOCUS10188 PE=3 SV=1
g18115.t3	463	85.942	KEEP	Strong arthropod homology with multiple qualifying hits and strong combined evidence.	681	tr|A0A835G9F0|A0A835G9F0_SPOEX	Spodoptera exigua	7107	Eukaryota; Metazoa; Arthropoda; Insecta; Lepidoptera	66.62	98.0	0.0	981.0	27	27	1.0	0.0	0.0	0.0	0.0	KEEP_ARTHROPOD	95.641	100.0	30.0	100.0	85.0	Serine/threonine-protein kinase, active site	IPR008271; IPR000719; IPR011009	Serine/threonine-protein kinase, active site; Protein kinase domain; Protein kinase-like domain superfamily	PF00069; Protein kinase domain	PTHR24346; MAP/MICROTUBULE AFFINITY-REGULATING KINASE	GO:0004672(InterPro)|GO:0006468(InterPro); GO:0005524(InterPro)|GO:0006468(InterPro); GO:0000226(PANTHER)|GO:0004674(PANTHER)|GO:0005737(PANTHER)|GO:0035556(PANTHER)|GO:0050321(PANTHER)	enzyme	SIGNALING	tr|A0A835G9F0|A0A835G9F0_SPOEX Protein kinase domain-containing protein OS=Spodoptera exigua OX=7107 GN=HW555_011280 PE=4 SV=1
g13526.t1	464	85.925	KEEP	Strong arthropod homology with multiple qualifying hits and strong combined evidence.	332	tr|A0ABQ7R3V3|A0ABQ7R3V3_PLUXY	Iphiclides podalirius	110791	Eukaryota; Metazoa; Arthropoda; Insecta; Lepidoptera	67.278	98.0	2.06e-146	442.0	10	10	1.0	0.0	0.0	0.0	0.0	KEEP_ARTHROPOD	95.582	100.0	30.0	100.0	85.0	Pleckstrin homology domain	IPR001849; IPR002404; IPR011993; IPR039011	Pleckstrin homology domain; IRS-type PTB domain; PH-like domain superfamily; Insulin receptor substrate	PF00169; PH domain; PF02174; PTB domain (IRS-1 type)	PTHR10614; INSULIN RECEPTOR SUBSTRATE	GO:0005158(InterPro)|GO:0005158(PANTHER)|GO:0005829(PANTHER)|GO:0005886(PANTHER)|GO:0008286(InterPro)|GO:0008286(PANTHER)|GO:0043548(PANTHER)	receptor	SIGNALING	tr|A0ABQ7R3V3|A0ABQ7R3V3_PLUXY Insulin receptor substrate 1 OS=Plutella xylostella OX=51655 GN=JYU34_001391 PE=4 SV=1
g17341.t1	465	85.917	KEEP	Strong arthropod homology with multiple qualifying hits and strong combined evidence.	173	tr|A0A4C1YZL2|A0A4C1YZL2_EUMVA	Eumeta variegata	151549	Eukaryota; Metazoa; Arthropoda; Insecta; Lepidoptera	81.081	100.0	1.67e-83	268.0	11	11	1.0	0.0	0.0	0.0	0.0	KEEP_ARTHROPOD	99.555	100.0	10.0	97.0	100.0	Chitin-binding type R&R consensus	IPR031311; IPR000618; IPR051217	Chitin-binding type R&R consensus; Insect cuticle protein; Insect Cuticle Structural	PF00379; Insect cuticle protein	PTHR12236; STRUCTURAL CONTITUENT OF CUTICLE	GO:0005214(InterPro)|GO:0062129(InterPro); GO:0005615(PANTHER)|GO:0031012(PANTHER)		CHITIN	tr|A0A4C1YZL2|A0A4C1YZL2_EUMVA Cuticle protein 8 OS=Eumeta variegata OX=151549 GN=EVAR_63034_1 PE=4 SV=1
g17331.t1	466	85.917	KEEP	Strong arthropod homology with multiple qualifying hits and strong combined evidence.	141	tr|A0A4C1WWI3|A0A4C1WWI3_EUMVA	Eumeta variegata	151549	Eukaryota; Metazoa; Arthropoda; Insecta; Lepidoptera	91.549	100.0	2.84e-63	199.0	11	11	1.0	0.0	0.0	0.0	0.0	KEEP_ARTHROPOD	99.555	100.0	10.0	97.0	100.0	Insect Cuticle Structural	IPR051217; IPR000618	Insect Cuticle Structural; Insect cuticle protein	PF00379; Insect cuticle protein	PTHR12236; STRUCTURAL CONTITUENT OF CUTICLE	GO:0005615(PANTHER)|GO:0031012(PANTHER); GO:0005214(InterPro)|GO:0062129(InterPro)		CHITIN	tr|A0A4C1WWI3|A0A4C1WWI3_EUMVA Cuticle protein 19 OS=Eumeta variegata OX=151549 GN=EVAR_32953_1 PE=4 SV=1
g17340.t1	467	85.917	KEEP	Strong arthropod homology with multiple qualifying hits and strong combined evidence.	177	tr|A0A4C1YZL2|A0A4C1YZL2_EUMVA	Eumeta variegata	151549	Eukaryota; Metazoa; Arthropoda; Insecta; Lepidoptera	79.894	100.0	4.42e-79	256.0	11	11	1.0	0.0	0.0	0.0	0.0	KEEP_ARTHROPOD	99.555	100.0	10.0	97.0	100.0	Chitin-binding type R&R consensus	IPR031311; IPR000618; IPR051217	Chitin-binding type R&R consensus; Insect cuticle protein; Insect Cuticle Structural	PF00379; Insect cuticle protein	PTHR12236; STRUCTURAL CONTITUENT OF CUTICLE	GO:0005214(InterPro)|GO:0062129(InterPro); GO:0005615(PANTHER)|GO:0031012(PANTHER)		CHITIN	tr|A0A4C1YZL2|A0A4C1YZL2_EUMVA Cuticle protein 8 OS=Eumeta variegata OX=151549 GN=EVAR_63034_1 PE=4 SV=1
g17349.t1	468	85.917	KEEP	Strong arthropod homology with multiple qualifying hits and strong combined evidence.	151	tr|A0A4C1XLN1|A0A4C1XLN1_EUMVA	Eumeta variegata	151549	Eukaryota; Metazoa; Arthropoda; Insecta; Lepidoptera	87.013	100.0	7.62e-87	259.0	11	11	1.0	0.0	0.0	0.0	0.0	KEEP_ARTHROPOD	99.555	100.0	10.0	97.0	100.0	Insect cuticle protein	IPR000618; IPR031311; IPR051217	Insect cuticle protein; Chitin-binding type R&R consensus; Insect Cuticle Structural	PF00379; Insect cuticle protein	PTHR12236; STRUCTURAL CONTITUENT OF CUTICLE	GO:0005214(InterPro)|GO:0062129(InterPro); GO:0005615(PANTHER)|GO:0031012(PANTHER)		CHITIN	tr|A0A4C1XLN1|A0A4C1XLN1_EUMVA Cuticle protein 19 OS=Eumeta variegata OX=151549 GN=EVAR_102363_1 PE=4 SV=1
g18410.t1	469	85.889	KEEP	Strong arthropod homology with multiple qualifying hits and strong combined evidence.	585	tr|A0A4C1ZIT2|A0A4C1ZIT2_EUMVA	Eumeta variegata	151549	Eukaryota; Metazoa; Arthropoda; Insecta; Lepidoptera	86.851	98.0	0.0	1020.0	10	10	1.0	0.0	0.0	0.0	0.0	KEEP_ARTHROPOD	97.964	100.0	30.0	85.0	95.0	Ulp1 protease family, C-terminal catalytic domain	IPR003653; IPR038765	Ulp1 protease family, C-terminal catalytic domain; Papain-like cysteine peptidase superfamily	PF02902; Ulp1 protease family, C-terminal catalytic domain		GO:0006508(InterPro)|GO:0008234(InterPro)	enzyme; digestion	DIGESTION	tr|A0A4C1ZIT2|A0A4C1ZIT2_EUMVA Ubiquitin-like protease family profile domain-containing protein OS=Eumeta variegata OX=151549 GN=EVAR_63986_1 PE=3 SV=1
g17037.t1	470	85.889	KEEP	Strong arthropod homology with multiple qualifying hits and strong combined evidence.	312	tr|A0A4C1XGA3|A0A4C1XGA3_EUMVA	Eumeta variegata	151549	Eukaryota; Metazoa; Arthropoda; Insecta; Lepidoptera	95.082	98.0	0.0	602.0	10	10	1.0	0.0	0.0	0.0	0.0	KEEP_ARTHROPOD	97.964	100.0	30.0	100.0	80.0	Cytochrome P450 superfamily	IPR036396; IPR001128; IPR002401; IPR050479	Cytochrome P450 superfamily; Cytochrome P450; Cytochrome P450, E-class, group I; Cytochrome P450, families 11 and 27	PF00067; Cytochrome P450	PTHR24279; CYTOCHROME P450	GO:0004497(InterPro)|GO:0005506(InterPro)|GO:0016705(InterPro)|GO:0020037(InterPro)		DETOXIFICATION	tr|A0A4C1XGA3|A0A4C1XGA3_EUMVA Probable cytochrome P450 301a1, mitochondrial OS=Eumeta variegata OX=151549 GN=Cyp301a1 PE=3 SV=1
g2160.t1	471	85.889	KEEP	Strong arthropod homology with multiple qualifying hits and strong combined evidence.	158	tr|A0A4C1T1Y0|A0A4C1T1Y0_EUMVA	Eumeta variegata	151549	Eukaryota; Metazoa; Arthropoda; Insecta; Lepidoptera	83.226	98.0	2.72e-87	263.0	10	10	1.0	0.0	0.0	0.0	0.0	KEEP_ARTHROPOD	97.964	100.0	10.0	100.0	100.0	Large ribosomal subunit protein mL64 domain superfamily	IPR043035; IPR018472	Large ribosomal subunit protein mL64 domain superfamily; Large ribosomal subunit protein mL64	PF10147; Growth arrest and DNA-damage-inducible proteins-interacting protein 1	PTHR31761; GROWTH ARREST AND DNA DAMAGE-INDUCIBLE PROTEINS-INTERACTING PROTEIN 1 GADD45GIP1	GO:0005634(InterPro); GO:0005634(InterPro)|GO:0005739(PANTHER)	development	GROWTH_DEVELOPMENT	Large ribosomal subunit protein mL64 OS=Eumeta variegata OX=151549 GN=Gadd45gip1 PE=3 SV=1
g15120.t1	472	85.889	KEEP	Strong arthropod homology with multiple qualifying hits and strong combined evidence.	393	tr|A0A4C1XS72|A0A4C1XS72_EUMVA	Eumeta variegata	151549	Eukaryota; Metazoa; Arthropoda; Insecta; Lepidoptera	71.694	98.0	0.0	646.0	10	10	1.0	0.0	0.0	0.0	0.0	KEEP_ARTHROPOD	97.964	100.0	30.0	100.0	80.0	Cytochrome P450, E-class, group I	IPR002401; IPR001128; IPR036396; IPR050479; IPR017972	Cytochrome P450, E-class, group I; Cytochrome P450; Cytochrome P450 superfamily; Cytochrome P450, families 11 and 27; Cytochrome P450, conserved site	PF00067; Cytochrome P450	PTHR24279; CYTOCHROME P450	GO:0004497(InterPro)|GO:0005506(InterPro)|GO:0016705(InterPro)|GO:0020037(InterPro); GO:0005506(InterPro)|GO:0016705(InterPro)		DETOXIFICATION	tr|A0A4C1XS72|A0A4C1XS72_EUMVA Cytochrome P450 CYP12A2 OS=Eumeta variegata OX=151549 GN=CYP12A2 PE=3 SV=1
g4185.t1	473	85.889	KEEP	Strong arthropod homology with multiple qualifying hits and strong combined evidence.	258	tr|A0A4C1SSI6|A0A4C1SSI6_EUMVA	Eumeta variegata	151549	Eukaryota; Metazoa; Arthropoda; Insecta; Lepidoptera	79.211	98.0	3.99e-153	437.0	10	10	1.0	0.0	0.0	0.0	0.0	KEEP_ARTHROPOD	97.964	100.0	10.0	100.0	100.0	Transforming growth factor beta, conserved site	IPR017948; IPR029034; IPR001839; IPR015615	Transforming growth factor beta, conserved site; Cystine-knot cytokine; Transforming growth factor-beta, C-terminal; Transforming growth factor-beta-like	PF00019; Transforming growth factor beta like domain	PTHR11848; TGF-BETA FAMILY	GO:0008083(InterPro); GO:0005125(PANTHER)|GO:0005576(InterPro)|GO:0005615(PANTHER)	development	GROWTH_DEVELOPMENT	Inhibin beta A chain OS=Eumeta variegata OX=151549 GN=INHBA PE=3 SV=1
g10834.t1	474	85.859	KEEP	Strong arthropod homology with multiple qualifying hits and strong combined evidence.	258	tr|A0A4C1ZSN6|A0A4C1ZSN6_EUMVA	Eumeta variegata	151549	Eukaryota; Metazoa; Arthropoda; Insecta; Lepidoptera	90.31	100.0	1.07e-128	374.0	10	10	1.0	0.0	0.0	0.0	0.0	KEEP_ARTHROPOD	99.364	100.0	10.0	97.0	100.0	Larval/pupal cuticle protein	IPR050468; IPR000618	Larval/pupal cuticle protein; Insect cuticle protein	PF00379; Insect cuticle protein	PTHR10380; CUTICLE PROTEIN	GO:0008010(PANTHER)|GO:0062129(PANTHER)		CHITIN	Adult-specific rigid cuticular protein 12.6 OS=Eumeta variegata OX=151549 GN=EVAR_57264_1 PE=4 SV=1
g12686.t1	475	85.859	KEEP	Strong arthropod homology with multiple qualifying hits and strong combined evidence.	170	tr|A0A4C1ZB67|A0A4C1ZB67_EUMVA	Eumeta variegata	151549	Eukaryota; Metazoa; Arthropoda; Insecta; Lepidoptera	95.294	100.0	7.74e-113	337.0	10	10	1.0	0.0	0.0	0.0	0.0	KEEP_ARTHROPOD	99.364	100.0	10.0	97.0	100.0	Insect cuticle protein	IPR000618; IPR051217; IPR031311	Insect cuticle protein; Insect Cuticle Structural; Chitin-binding type R&R consensus	PF00379; Insect cuticle protein	PTHR12236; STRUCTURAL CONTITUENT OF CUTICLE	GO:0005615(PANTHER)|GO:0031012(PANTHER)		CHITIN	Large ribosomal subunit protein uL29m OS=Eumeta variegata OX=151549 GN=MRPL47 PE=3 SV=1
g19337.t1	476	85.859	KEEP	Strong arthropod homology with multiple qualifying hits and strong combined evidence.	260	tr|A0A4C1TYJ9|A0A4C1TYJ9_EUMVA	Eumeta variegata	151549	Eukaryota; Metazoa; Arthropoda; Insecta; Lepidoptera	77.099	100.0	8.99e-128	372.0	10	10	1.0	0.0	0.0	0.0	0.0	KEEP_ARTHROPOD	99.364	100.0	10.0	97.0	100.0	BCNT-C domain	IPR011421; IPR027124	BCNT-C domain; SWR1-complex protein 5/Craniofacial development protein 1/2	PF07572; Bucentaur or craniofacial development	PTHR48407; CRANIOFACIAL DEVELOPMENT PROTEIN 1	GO:0000812(PANTHER)	development	GROWTH_DEVELOPMENT	tr|A0A4C1TYJ9|A0A4C1TYJ9_EUMVA Heterochromatin-stabilizing protein CFDP1 OS=Eumeta variegata OX=151549 GN=CFDP1 PE=3 SV=1
g10584.t1	477	85.859	KEEP	Strong arthropod homology with multiple qualifying hits and strong combined evidence.	148	tr|A0A4C1WW14|A0A4C1WW14_EUMVA	Eumeta variegata	151549	Eukaryota; Metazoa; Arthropoda; Insecta; Lepidoptera	90.604	100.0	3.38e-71	221.0	10	10	1.0	0.0	0.0	0.0	0.0	KEEP_ARTHROPOD	99.364	100.0	10.0	97.0	100.0	Insect cuticle protein	IPR000618; IPR031311; IPR051217	Insect cuticle protein; Chitin-binding type R&R consensus; Insect Cuticle Structural	PF00379; Insect cuticle protein	PTHR12236; STRUCTURAL CONTITUENT OF CUTICLE	GO:0005615(PANTHER)|GO:0031012(PANTHER)		CHITIN	Cuticle protein 19 OS=Eumeta variegata OX=151549 GN=EVAR_32958_1 PE=4 SV=1
g17346.t1	478	85.859	KEEP	Strong arthropod homology with multiple qualifying hits and strong combined evidence.	139	tr|A0A8S4R3Q5|A0A8S4R3Q5_9NEOP	Pararge aegeria aegeria	348720	Eukaryota; Metazoa; Arthropoda; Insecta; Lepidoptera	75.714	100.0	5.13e-62	195.0	10	10	1.0	0.0	0.0	0.0	0.0	KEEP_ARTHROPOD	99.364	100.0	10.0	97.0	100.0	Insect cuticle protein	IPR000618; IPR051217; IPR031311	Insect cuticle protein; Insect Cuticle Structural; Chitin-binding type R&R consensus	PF00379; Insect cuticle protein	PTHR12236; STRUCTURAL CONTITUENT OF CUTICLE	GO:0005214(InterPro)|GO:0062129(InterPro); GO:0005615(PANTHER)|GO:0031012(PANTHER)		CHITIN	tr|A0A8S4R3Q5|A0A8S4R3Q5_9NEOP Jg18604 protein OS=Pararge aegeria aegeria OX=348720 GN=jg18604 PE=4 SV=1
g17342.t1	479	85.859	KEEP	Strong arthropod homology with multiple qualifying hits and strong combined evidence.	308	tr|A0A4C1Z3B2|A0A4C1Z3B2_EUMVA	Eumeta variegata	151549	Eukaryota; Metazoa; Arthropoda; Insecta; Lepidoptera	71.935	100.0	4.33e-161	460.0	10	10	1.0	0.0	0.0	0.0	0.0	KEEP_ARTHROPOD	99.364	100.0	10.0	97.0	100.0	Insect cuticle protein	IPR000618; IPR051217; IPR031311	Insect cuticle protein; Insect Cuticle Structural; Chitin-binding type R&R consensus	PF00379; Insect cuticle protein	PTHR12236; STRUCTURAL CONTITUENT OF CUTICLE	GO:0005214(InterPro)|GO:0062129(InterPro); GO:0005615(PANTHER)|GO:0031012(PANTHER)		CHITIN	tr|A0A4C1Z3B2|A0A4C1Z3B2_EUMVA Cuticle protein 8 OS=Eumeta variegata OX=151549 GN=EVAR_63040_1 PE=4 SV=1
g19124.t2	480	85.843	KEEP	Strong arthropod homology with multiple qualifying hits and strong combined evidence.	740	tr|A0ABN8J405|A0ABN8J405_9NEOP	Iphiclides podalirius	110791	Eukaryota; Metazoa; Arthropoda; Insecta; Lepidoptera	62.051	97.0	0.0	897.0	10	10	1.0	0.0	0.0	0.0	0.0	KEEP_ARTHROPOD	90.308	100.0	30.0	100.0	95.0	Peptidase M14, carboxypeptidase A	IPR000834; IPR003146; IPR036990; IPR057246	Peptidase M14, carboxypeptidase A; Carboxypeptidase, activation peptide; Metallocarboxypeptidase-like, propeptide; Zinc carboxypeptidases, zinc-binding region 1	PF02244; Carboxypeptidase activation peptide; PF00246; Zinc carboxypeptidase	PTHR11705; PROTEASE FAMILY M14 CARBOXYPEPTIDASE A,B	GO:0004181(InterPro)|GO:0006508(InterPro)|GO:0008270(InterPro); GO:0005615(PANTHER)	enzyme; digestion	DIGESTION	tr|A0ABN8J405|A0ABN8J405_9NEOP Peptidase M14 domain-containing protein (Fragment) OS=Iphiclides podalirius OX=110791 GN=IPOD504_LOCUS15901 PE=3 SV=1
g17420.t1	481	85.829	KEEP	Strong arthropod homology with multiple qualifying hits and strong combined evidence.	333	tr|A0A4C1VK74|A0A4C1VK74_EUMVA	Eumeta variegata	151549	Eukaryota; Metazoa; Arthropoda; Insecta; Lepidoptera	83.391	87.0	0.0	528.0	10	10	1.0	0.0	0.0	0.0	0.0	KEEP_ARTHROPOD	90.264	100.0	30.0	100.0	95.0	Serine protease-like, trypsin family, histidine active site	IPR018114; IPR001254; IPR001314; IPR009003	Serine protease-like, trypsin family, histidine active site; Serine proteases, trypsin domain; Peptidase S1A, chymotrypsin family; Peptidase S1, PA clan	PF00089; Trypsin	PTHR24252; ACROSIN-RELATED	GO:0004252(InterPro)|GO:0006508(InterPro)	enzyme; membrane; digestion	DIGESTION	tr|A0A4C1VK74|A0A4C1VK74_EUMVA Serine protease gd OS=Eumeta variegata OX=151549 GN=gd PE=4 SV=1
g6614.t1	482	85.829	KEEP	Strong arthropod homology with multiple qualifying hits and strong combined evidence.	416	tr|A0A4C1WGD1|A0A4C1WGD1_EUMVA	Eumeta variegata	151549	Eukaryota; Metazoa; Arthropoda; Insecta; Lepidoptera	90.608	87.0	0.0	708.0	10	10	1.0	0.0	0.0	0.0	0.0	KEEP_ARTHROPOD	90.264	100.0	30.0	100.0	95.0	Peptidase M14, carboxypeptidase A	IPR000834; IPR057247; IPR003146; IPR036990	Peptidase M14, carboxypeptidase A; Zinc carboxypeptidases, zinc-binding region 2; Carboxypeptidase, activation peptide; Metallocarboxypeptidase-like, propeptide	PF02244; Carboxypeptidase activation peptide; PF00246; Zinc carboxypeptidase	PTHR11705; PROTEASE FAMILY M14 CARBOXYPEPTIDASE A,B	GO:0004181(InterPro)|GO:0006508(InterPro)|GO:0008270(InterPro); GO:0004181(PANTHER)|GO:0005615(PANTHER)|GO:0006508(PANTHER)	enzyme; digestion	DIGESTION	Carboxypeptidase B OS=Eumeta variegata OX=151549 GN=EVAR_96684_1 PE=3 SV=1
g25593.t1	483	85.821	KEEP	Strong arthropod homology with multiple qualifying hits and strong combined evidence.	479	sp|Q25188|OAR_HELVI	Heliothis virescens	7102	Eukaryota; Metazoa; Arthropoda; Insecta; Lepidoptera	85.177	99.0	0.0	816.0	5	5	1.0	0.0	0.0	0.0	0.0	KEEP_ARTHROPOD	95.236	100.0	30.0	100.0	85.0	G protein-coupled receptor, rhodopsin-like	IPR000276; IPR002002; IPR017452	G protein-coupled receptor, rhodopsin-like; Octopamine receptor; GPCR, rhodopsin-like, 7TM	PF00001; 7 transmembrane receptor (rhodopsin family)	PTHR24248; ADRENERGIC RECEPTOR-RELATED G-PROTEIN COUPLED RECEPTOR	GO:0004930(InterPro)|GO:0007186(InterPro)|GO:0016020(InterPro); GO:0004989(InterPro)|GO:0007186(InterPro)|GO:0016020(InterPro); GO:0004930(PANTHER)|GO:0005886(PANTHER); GO:0016020(InterPro)	receptor; membrane	SIGNALING	sp|Q25188|OAR_HELVI Octopamine receptor OS=Heliothis virescens OX=7102 PE=2 SV=1
g19366.t1	484	85.809	KEEP	Strong arthropod homology with multiple qualifying hits and strong combined evidence.	144	tr|A0A0N1IGZ0|A0A0N1IGZ0_PAPMA	Brenthis ino	405034	Eukaryota; Metazoa; Arthropoda; Insecta; Lepidoptera	83.2	87.0	3.46e-71	228.0	10	10	1.0	0.0	0.0	0.0	0.0	KEEP_ARTHROPOD	90.198	100.0	30.0	100.0	95.0	EF-hand domain	IPR002048; IPR011992; IPR051739; IPR018247	EF-hand domain; EF-hand domain pair; Rhomboid-related Intramembrane Serine Proteases; EF-Hand 1, calcium-binding site	PF13499; EF-hand domain pair	PTHR45840; RHOMBOID-RELATED PROTEIN	GO:0005509(InterPro); GO:0004252(PANTHER)	enzyme; digestion	DIGESTION	tr|A0A0N1IGZ0|A0A0N1IGZ0_PAPMA rhomboid protease OS=Papilio machaon OX=76193 GN=RR48_05410 PE=3 SV=1
g6529.t1	485	85.807	KEEP	Strong arthropod homology with multiple qualifying hits and strong combined evidence.	232	tr|A0A4C1YY65|A0A4C1YY65_EUMVA	Eumeta variegata	151549	Eukaryota; Metazoa; Arthropoda; Insecta; Lepidoptera	76.824	100.0	2.68e-102	306.0	10	10	1.0	0.0	0.0	0.0	0.0	KEEP_ARTHROPOD	99.19	100.0	10.0	97.0	100.0	Larval/pupal cuticle protein	IPR050468; IPR000618; IPR031311	Larval/pupal cuticle protein; Insect cuticle protein; Chitin-binding type R&R consensus	PF00379; Insect cuticle protein	PTHR10380; CUTICLE PROTEIN	GO:0008010(PANTHER)|GO:0062129(PANTHER); GO:0005214(InterPro)|GO:0062129(InterPro)		CHITIN	Pupal cuticle protein 27 OS=Eumeta variegata OX=151549 GN=PCP27 PE=4 SV=1
g15270.t1	486	85.799	KEEP	Strong arthropod homology with multiple qualifying hits and strong combined evidence.	443	tr|A0ABN8J7Z1|A0ABN8J7Z1_9NEOP	Iphiclides podalirius	110791	Eukaryota; Metazoa; Arthropoda; Insecta; Lepidoptera	75.506	99.0	0.0	717.0	10	10	1.0	0.0	0.0	0.0	0.0	KEEP_ARTHROPOD	98.664	100.0	30.0	93.0	85.0	Thrombospondin type-1 (TSP1) repeat	IPR000884; IPR052065; IPR036383; IPR013783; IPR003598; IPR007110; IPR013098; IPR003599; IPR057755; IPR036179	Thrombospondin type-1 (TSP1) repeat; Complement and asymmetry regulator; Thrombospondin type-1 repeat superfamily; Immunoglobulin-like fold; Immunoglobulin subtype 2; Immunoglobulin-like domain; Immunoglobulin I-set; Immunoglobulin domain subtype; Netrin receptor UNC5A-D-like, N-terminal domain; Immunoglobulin-like domain superfamily	PF07679; Immunoglobulin I-set domain; PF25609; Netrin receptor unc-5 N-terminal domain	PTHR22906; PROPERDIN		receptor	SIGNALING	tr|A0ABN8J7Z1|A0ABN8J7Z1_9NEOP Netrin receptor UNC5 (Fragment) OS=Iphiclides podalirius OX=110791 GN=IPOD504_LOCUS16941 PE=3 SV=1
g14562.t1	487	85.799	KEEP	Strong arthropod homology with multiple qualifying hits and strong combined evidence.	298	tr|A0A4C1SZA0|A0A4C1SZA0_EUMVA	Eumeta variegata	151549	Eukaryota; Metazoa; Arthropoda; Insecta; Lepidoptera	93.537	99.0	0.0	533.0	10	10	1.0	0.0	0.0	0.0	0.0	KEEP_ARTHROPOD	98.664	100.0	30.0	93.0	85.0	Nuclear hormone receptor-like domain superfamily	IPR035500; IPR000536; IPR001723; IPR050274	Nuclear hormone receptor-like domain superfamily; Nuclear hormone receptor, ligand-binding domain; Nuclear hormone receptor; Nuclear hormone receptor family NR2 subfamily	PF00104; Ligand-binding domain of nuclear hormone receptor	PTHR24083; NUCLEAR HORMONE RECEPTOR		transcription_factor; receptor; hormone	SIGNALING	tr|A0A4C1SZA0|A0A4C1SZA0_EUMVA Steroid receptor seven-up, isoform A OS=Eumeta variegata OX=151549 GN=svp PE=4 SV=1
g17771.t1	488	85.799	KEEP	Strong arthropod homology with multiple qualifying hits and strong combined evidence.	309	tr|A0A4C1TX74|A0A4C1TX74_EUMVA	Eumeta variegata	151549	Eukaryota; Metazoa; Arthropoda; Insecta; Lepidoptera	93.772	94.0	0.0	570.0	10	10	1.0	0.0	0.0	0.0	0.0	KEEP_ARTHROPOD	95.164	100.0	30.0	100.0	85.0	Neurotransmitter-gated ion-channel ligand-binding domain superfamily	IPR036734; IPR006029; IPR006028; IPR038050; IPR006201; IPR036719; IPR006202; IPR018000	Neurotransmitter-gated ion-channel ligand-binding domain superfamily; Neurotransmitter-gated ion-channel transmembrane domain; Gamma-aminobutyric acid A receptor/Glycine receptor alpha; Neuronal acetylcholine receptor; Neurotransmitter-gated ion-channel; Neurotransmitter-gated ion-channel transmembrane domain superfamily; Neurotransmitter-gated ion-channel ligand-binding domain; Neurotransmitter-gated ion-channel, conserved site	PF02932; Neurotransmitter-gated ion-channel transmembrane region; PF02931; Neurotransmitter-gated ion-channel ligand binding domain	PTHR18945; NEUROTRANSMITTER GATED ION CHANNEL	GO:0005230(InterPro)|GO:0006811(InterPro)|GO:0016020(InterPro); GO:0006811(InterPro)|GO:0016020(InterPro); GO:0004888(InterPro)|GO:0005216(InterPro)|GO:0016020(InterPro)|GO:0034220(InterPro)	receptor; transporter; membrane	SIGNALING	tr|A0A4C1TX74|A0A4C1TX74_EUMVA Glycine receptor subunit alpha-2 OS=Eumeta variegata OX=151549 GN=Glra2 PE=3 SV=1
g16227.t1	489	85.799	KEEP	Strong arthropod homology with multiple qualifying hits and strong combined evidence.	994	tr|A0A4C1XRM5|A0A4C1XRM5_EUMVA	Eumeta variegata	151549	Eukaryota; Metazoa; Arthropoda; Insecta; Lepidoptera	90.802	94.0	0.0	1756.0	10	10	1.0	0.0	0.0	0.0	0.0	KEEP_ARTHROPOD	95.164	100.0	30.0	100.0	85.0	Ankyrin repeat	IPR002110; IPR036770; IPR005821; IPR052076	Ankyrin repeat; Ankyrin repeat-containing domain superfamily; Ion transport domain; Transient receptor potential cation channel	PF12796; Ankyrin repeats (3 copies); PF00520; Ion transport protein; PF13857; Ankyrin repeats (many copies)	PTHR47143; TRANSIENT RECEPTOR POTENTIAL CATION CHANNEL PROTEIN PAINLESS	GO:0005515(InterPro); GO:0005216(InterPro)|GO:0006811(InterPro)|GO:0016020(InterPro)|GO:0055085(InterPro); GO:0022857(PANTHER)|GO:0034220(PANTHER)|GO:1902495(PANTHER)	receptor; transporter	SIGNALING	tr|A0A4C1XRM5|A0A4C1XRM5_EUMVA Transient receptor potential channel pyrexia OS=Eumeta variegata OX=151549 GN=pyx PE=4 SV=1
g185.t1	490	85.799	KEEP	Strong arthropod homology with multiple qualifying hits and strong combined evidence.	456	tr|A0A4C1YPD4|A0A4C1YPD4_EUMVA	Eumeta variegata	151549	Eukaryota; Metazoa; Arthropoda; Insecta; Lepidoptera	89.302	94.0	0.0	756.0	10	10	1.0	0.0	0.0	0.0	0.0	KEEP_ARTHROPOD	95.164	100.0	30.0	100.0	85.0	K Homology domain, type 1 superfamily	IPR036612; IPR004088; IPR047368; IPR004087; IPR050621	K Homology domain, type 1 superfamily; K Homology domain, type 1; A-kinase anchor protein 1, type I K homology domain; K Homology domain; Tudor domain-containing	PF00013; KH domain	PTHR22948; TUDOR DOMAIN CONTAINING PROTEIN	GO:0003723(InterPro); GO:0003676(InterPro)	enzyme	SIGNALING	A-kinase anchor protein 1, mitochondrial OS=Eumeta variegata OX=151549 GN=Akap1 PE=4 SV=1
g14070.t1	491	85.799	KEEP	Strong arthropod homology with multiple qualifying hits and strong combined evidence.	117	tr|A0ABN8IBV6|A0ABN8IBV6_9NEOP	Iphiclides podalirius	110791	Eukaryota; Metazoa; Arthropoda; Insecta; Lepidoptera	75.455	94.0	4.54e-55	185.0	10	10	1.0	0.0	0.0	0.0	0.0	KEEP_ARTHROPOD	95.164	100.0	30.0	100.0	85.0	P-loop containing nucleoside triphosphate hydrolase	IPR027417	P-loop containing nucleoside triphosphate hydrolase	PF13671; AAA domain	PTHR12083; BIFUNCTIONAL POLYNUCLEOTIDE PHOSPHATASE/KINASE	GO:0003690(PANTHER)|GO:0006281(PANTHER)|GO:0046403(PANTHER)|GO:0046404(PANTHER)|GO:0046939(PANTHER)	enzyme	SIGNALING	tr|A0ABN8IBV6|A0ABN8IBV6_9NEOP Bifunctional polynucleotide phosphatase/kinase (Fragment) OS=Iphiclides podalirius OX=110791 GN=IPOD504_LOCUS6214 PE=4 SV=1
g19712.t2	492	85.799	KEEP	Strong arthropod homology with multiple qualifying hits and strong combined evidence.	1231	tr|A0A4C1Y3U6|A0A4C1Y3U6_EUMVA	Eumeta variegata	151549	Eukaryota; Metazoa; Arthropoda; Insecta; Lepidoptera	92.734	94.0	0.0	2191.0	10	10	1.0	0.0	0.0	0.0	0.0	KEEP_ARTHROPOD	95.164	100.0	30.0	100.0	85.0	PAS domain	IPR000014; IPR008271; IPR017441; IPR000719; IPR011009; IPR035965	PAS domain; Serine/threonine-protein kinase, active site; Protein kinase, ATP binding site; Protein kinase domain; Protein kinase-like domain superfamily; PAS domain superfamily	PF00069; Protein kinase domain; PF13426; PAS domain	PTHR24346; MAP/MICROTUBULE AFFINITY-REGULATING KINASE	GO:0004674(PANTHER)|GO:0005634(PANTHER)|GO:0005737(PANTHER)|GO:0005829(PANTHER)|GO:0006468(PANTHER)|GO:0035556(PANTHER)|GO:0045719(PANTHER); GO:0004672(InterPro)|GO:0006468(InterPro); GO:0005524(InterPro); GO:0005524(InterPro)|GO:0006468(InterPro)	enzyme	SIGNALING	tr|A0A4C1Y3U6|A0A4C1Y3U6_EUMVA Protein kinase domain-containing protein OS=Eumeta variegata OX=151549 GN=EVAR_55245_1 PE=4 SV=1
g3003.t1	493	85.799	KEEP	Strong arthropod homology with multiple qualifying hits and strong combined evidence.	114	tr|A0A8B8IAM9|A0A8B8IAM9_VANTA	Parnassius apollo	110799	Eukaryota; Metazoa; Arthropoda; Insecta; Lepidoptera	88.785	94.0	6.05e-59	197.0	10	10	1.0	0.0	0.0	0.0	0.0	KEEP_ARTHROPOD	95.164	100.0	30.0	100.0	85.0	Nicotinic acetylcholine receptor	IPR002394; IPR006202; IPR036734; IPR006201	Nicotinic acetylcholine receptor; Neurotransmitter-gated ion-channel ligand-binding domain; Neurotransmitter-gated ion-channel ligand-binding domain superfamily; Neurotransmitter-gated ion-channel	PF02931; Neurotransmitter-gated ion-channel ligand binding domain	PTHR18945; NEUROTRANSMITTER GATED ION CHANNEL	GO:0005216(InterPro)|GO:0006811(InterPro)|GO:0016020(InterPro)|GO:0022848(InterPro)|GO:0045211(InterPro); GO:0005230(InterPro)|GO:0006811(InterPro)|GO:0016020(InterPro); GO:0004888(InterPro)|GO:0005216(InterPro)|GO:0016020(InterPro)|GO:0034220(InterPro)	receptor; transporter	SIGNALING	Acetylcholine receptor subunit alpha-like 2 OS=Vanessa tameamea OX=334116 GN=LOC113398695 PE=3 SV=1
g3311.t1	494	85.799	KEEP	Strong arthropod homology with multiple qualifying hits and strong combined evidence.	167	tr|A0A212F2X2|A0A212F2X2_DANPL	Danaus plexippus plexippus	278856	Eukaryota; Metazoa; Arthropoda; Insecta; Lepidoptera	90.446	94.0	5.94e-104	308.0	10	10	1.0	0.0	0.0	0.0	0.0	KEEP_ARTHROPOD	95.164	100.0	30.0	100.0	85.0	Protein kinase domain	IPR000719; IPR008271; IPR011009	Protein kinase domain; Serine/threonine-protein kinase, active site; Protein kinase-like domain superfamily	PF00069; Protein kinase domain	PTHR24347; SERINE/THREONINE-PROTEIN KINASE	GO:0005524(InterPro)|GO:0006468(InterPro); GO:0004672(InterPro)|GO:0006468(InterPro)	enzyme	SIGNALING	non-specific serine/threonine protein kinase (Fragment) OS=Danaus plexippus plexippus OX=278856 GN=KGM_202974B PE=3 SV=1
g17638.t1	495	85.799	KEEP	Strong arthropod homology with multiple qualifying hits and strong combined evidence.	1215	tr|A0A4C1X397|A0A4C1X397_EUMVA	Eumeta variegata	151549	Eukaryota; Metazoa; Arthropoda; Insecta; Lepidoptera	79.235	94.0	0.0	1814.0	10	10	1.0	0.0	0.0	0.0	0.0	KEEP_ARTHROPOD	95.164	100.0	30.0	100.0	85.0	Tyrosine-specific protein phosphatase, PTPase domain	IPR000242; IPR029021; IPR016130; IPR025304; IPR050348	Tyrosine-specific protein phosphatase, PTPase domain; Protein-tyrosine phosphatase-like; Protein-tyrosine phosphatase, active site; ALIX V-shaped domain; Protein-Tyrosine Phosphatase	PF00102; Protein-tyrosine phosphatase; PF13949; ALIX V-shaped domain binding to HIV	PTHR19134; RECEPTOR-TYPE TYROSINE-PROTEIN PHOSPHATASE	GO:0004725(InterPro)|GO:0006470(InterPro); GO:0016311(InterPro); GO:0005515(InterPro); GO:0004725(PANTHER)	enzyme; receptor	SIGNALING	tr|A0A4C1X397|A0A4C1X397_EUMVA Tyrosine-protein phosphatase non-receptor type 23 (Fragment) OS=Eumeta variegata OX=151549 GN=Ptpn23 PE=4 SV=1
g16232.t1	496	85.799	KEEP	Strong arthropod homology with multiple qualifying hits and strong combined evidence.	246	tr|A0A8S1BL32|A0A8S1BL32_ARCPL	Iphiclides podalirius	110791	Eukaryota; Metazoa; Arthropoda; Insecta; Lepidoptera	95.671	94.0	3.16e-165	479.0	10	10	1.0	0.0	0.0	0.0	0.0	KEEP_ARTHROPOD	95.164	100.0	30.0	100.0	85.0	Casein kinase II subunit beta-like	IPR035991; IPR000704; IPR016149	Casein kinase II subunit beta-like; Casein kinase II, regulatory subunit; Casein kinase II, regulatory subunit, N-terminal	PF01214; Casein kinase II regulatory subunit	PTHR11740; CASEIN KINASE II SUBUNIT BETA	GO:0005956(InterPro)|GO:0019887(InterPro); GO:0005737(PANTHER)|GO:0005956(PANTHER)|GO:0005956(InterPro)|GO:0019887(InterPro)|GO:0019887(PANTHER)	enzyme	SIGNALING	tr|A0A8S1BL32|A0A8S1BL32_ARCPL Casein kinase II subunit beta OS=Arctia plantaginis OX=874455 GN=APLA_LOCUS16975 PE=3 SV=1
g9530.t1	497	85.79	KEEP	Strong arthropod homology with multiple qualifying hits and strong combined evidence.	401	tr|A0A4C1ZDP1|A0A4C1ZDP1_EUMVA	Eumeta variegata	151549	Eukaryota; Metazoa; Arthropoda; Insecta; Lepidoptera	74.813	100.0	0.0	654.0	3	3	1.0	0.0	0.0	0.0	0.0	KEEP_ARTHROPOD	91.135	100.0	30.0	93.0	100.0	Ecdysteroid kinase-like	IPR004119; IPR011009; IPR015897	Ecdysteroid kinase-like; Protein kinase-like domain superfamily; CHK kinase-like	PF02958; Ecdysteroid kinase-like family	PTHR11012; PROTEIN KINASE-LIKE DOMAIN-CONTAINING		enzyme	GROWTH_DEVELOPMENT	CHK kinase-like domain-containing protein OS=Eumeta variegata OX=151549 GN=EVAR_103630_1 PE=4 SV=1
g9531.t1	498	85.79	KEEP	Strong arthropod homology with multiple qualifying hits and strong combined evidence.	398	tr|A0A4C1ZD26|A0A4C1ZD26_EUMVA	Eumeta variegata	151549	Eukaryota; Metazoa; Arthropoda; Insecta; Lepidoptera	72.362	100.0	0.0	619.0	3	3	1.0	0.0	0.0	0.0	0.0	KEEP_ARTHROPOD	91.135	100.0	30.0	93.0	100.0	Ecdysteroid kinase-like	IPR004119; IPR015897; IPR011009	Ecdysteroid kinase-like; CHK kinase-like; Protein kinase-like domain superfamily	PF02958; Ecdysteroid kinase-like family	PTHR11012; PROTEIN KINASE-LIKE DOMAIN-CONTAINING		enzyme	GROWTH_DEVELOPMENT	CHK kinase-like domain-containing protein OS=Eumeta variegata OX=151549 GN=EVAR_103625_1 PE=4 SV=1
g3121.t1	499	85.779	KEEP	Strong arthropod homology with multiple qualifying hits and strong combined evidence.	693	tr|A0AAD7YAU1|A0AAD7YAU1_MYTSE	Mythimna separata	271217	Eukaryota; Metazoa; Arthropoda; Insecta; Lepidoptera	86.357	94.0	0.0	1116.0	10	10	1.0	0.0	0.0	0.0	0.0	KEEP_ARTHROPOD	95.098	100.0	30.0	100.0	85.0	Helix-loop-helix DNA-binding domain superfamily	IPR036638; IPR011598; IPR000014; IPR035965; IPR013767; IPR001610; IPR039091	Helix-loop-helix DNA-binding domain superfamily; Myc-type, basic helix-loop-helix (bHLH) domain; PAS domain; PAS domain superfamily; PAS fold; PAC motif; Aryl hydrocarbon receptor/Aryl hydrocarbon receptor repressor	PF00010; Helix-loop-helix DNA-binding domain; PF00989; PAS fold; PF14598; PAS domain	PTHR10649; ARYL HYDROCARBON RECEPTOR	GO:0046983(InterPro); GO:0006355(InterPro); GO:0000976(PANTHER)|GO:0004879(PANTHER)|GO:0005634(PANTHER)|GO:0006357(PANTHER)|GO:0006805(InterPro)|GO:0009410(InterPro)|GO:0034751(PANTHER)	transcription_factor; receptor	SIGNALING	Aryl hydrocarbon receptor OS=Mythimna separata OX=271217 GN=PYW07_008862 PE=4 SV=1
g5180.t1	500	85.769	KEEP	Strong arthropod homology with multiple qualifying hits and strong combined evidence.	313	tr|A0A4C1VPM2|A0A4C1VPM2_EUMVA	Eumeta variegata	151549	Eukaryota; Metazoa; Arthropoda; Insecta; Lepidoptera	92.053	96.0	0.0	574.0	10	10	1.0	0.0	0.0	0.0	0.0	KEEP_ARTHROPOD	96.564	100.0	30.0	97.0	85.0	Alpha-2-macroglobulin RAP, domain 3	IPR037999; IPR036744; IPR038003; IPR010483; IPR009066	Alpha-2-macroglobulin RAP, domain 3; RAP domain superfamily; Alpha-2-macroglobulin receptor-associated protein; Alpha-2-macroglobulin RAP, C-terminal; Alpha-2-macroglobulin receptor-associated protein, domain 1	PF06401; Alpha-2-macroglobulin RAP, C-terminal domain; PF06400; Alpha-2-macroglobulin RAP, N-terminal domain	PTHR16560; ALPHA-2-MACROGLOBULIN RECEPTOR-ASSOCIATED PROTEIN	GO:0012505(PANTHER)|GO:0048019(InterPro)|GO:0048259(PANTHER)|GO:0050750(InterPro); GO:0005783(InterPro)|GO:0008201(InterPro)|GO:0050750(InterPro)	receptor	SIGNALING	Alpha-2-macroglobulin receptor-associated protein OS=Eumeta variegata OX=151549 GN=Lrpap1 PE=4 SV=1
