gene_id,best_hit_accession,best_hit_species,identity_pct,query_coverage_pct,evalue,bitscore,classification,qc_decision,total_blast_hits,qualifying_hits,best_hit_description
g19872.t1,sp|P83863|H2B_PENVA,Penaeus vannamei,96.154,98.0,3.61e-30,107.0,Other non-arthropod,FLAG_REVIEW,5,5,sp|P83863|H2B_PENVA Histone H2B (Fragments) OS=Penaeus vannamei OX=6689 PE=1 SV=2
g19875.t1,sp|Q6JEL2|KLH10_HUMAN,Homo sapiens,45.878,89.0,4.29e-178,525.0,Other non-arthropod,FLAG_REVIEW,11,11,sp|Q6JEL2|KLH10_HUMAN Kelch-like protein 10 OS=Homo sapiens OX=9606 GN=KLHL10 PE=1 SV=1
g19879.t1,sp|Q8N328|PGBD3_HUMAN,Homo sapiens,33.628,92.0,1.0099999999999999e-24,109.0,Other non-arthropod,FLAG_REVIEW,3,3,sp|Q8N328|PGBD3_HUMAN PiggyBac transposable element-derived protein 3 OS=Homo sapiens OX=9606 GN=PGBD3 PE=1 SV=3
g19888.t1,sp|P45844|ABCG1_HUMAN,Homo sapiens,40.034,92.0,6.62e-122,383.0,Other non-arthropod,FLAG_REVIEW,5,5,sp|P45844|ABCG1_HUMAN ATP-binding cassette sub-family G member 1 OS=Homo sapiens OX=9606 GN=ABCG1 PE=1 SV=3
g19889.t1,sp|P45844|ABCG1_HUMAN,Homo sapiens,45.122,98.0,2.24e-14,73.6,Other non-arthropod,FLAG_REVIEW,5,5,sp|P45844|ABCG1_HUMAN ATP-binding cassette sub-family G member 1 OS=Homo sapiens OX=9606 GN=ABCG1 PE=1 SV=3
g19890.t1,sp|O13067|CND2_XENLA,Xenopus laevis,30.919,85.0,5.15e-32,135.0,Other non-arthropod,FLAG_REVIEW,1,1,sp|O13067|CND2_XENLA Condensin complex subunit 2 OS=Xenopus laevis OX=8355 GN=ncaph PE=1 SV=1
g19892.t1,sp|Q70UP5|ADH2_CERCO,Ceratitis cosyra,36.25,91.0,7.800000000000001e-27,108.0,Other non-arthropod,FLAG_REVIEW,5,5,sp|Q70UP5|ADH2_CERCO Alcohol dehydrogenase 2 OS=Ceratitis cosyra OX=194917 GN=ADH2 PE=3 SV=1
g19901.t1,sp|Q5HZY0|UBXN4_RAT,Rattus norvegicus,33.513,100.0,4.88e-63,221.0,Other non-arthropod,FLAG_REVIEW,5,5,sp|Q5HZY0|UBXN4_RAT UBX domain-containing protein 4 OS=Rattus norvegicus OX=10116 GN=Ubxn4 PE=1 SV=1
g19902.t1,sp|Q8TD57|DYH3_HUMAN,Homo sapiens,56.149,96.0,0.0,3332.0,Other non-arthropod,FLAG_REVIEW,5,5,sp|Q8TD57|DYH3_HUMAN Dynein axonemal heavy chain 3 OS=Homo sapiens OX=9606 GN=DNAH3 PE=1 SV=1
g19908.t1,tr|A0A015J5I9|A0A015J5I9_RHIIW,Rhizophagus irregularis (strain DAOM 197198w),54.651,94.0,1.95e-25,108.0,Other non-arthropod,FLAG_REVIEW,2,2,tr|A0A015J5I9|A0A015J5I9_RHIIW Gag-pol fusion protein OS=Rhizophagus irregularis (strain DAOM 197198w) OX=1432141 GN=RirG_273610 PE=4 SV=1
g19911.t1,tr|A0A015J5I9|A0A015J5I9_RHIIW,Rhizophagus irregularis (strain DAOM 197198w),55.556,74.0,6.4200000000000005e-99,327.0,Other non-arthropod,FLAG_REVIEW,4,4,tr|A0A015J5I9|A0A015J5I9_RHIIW Gag-pol fusion protein OS=Rhizophagus irregularis (strain DAOM 197198w) OX=1432141 GN=RirG_273610 PE=4 SV=1
g19913.t1,tr|A0A9P7D7R0|A0A9P7D7R0_9AGAM,Suillus placidus,30.443,99.0,3.18e-43,167.0,Other non-arthropod,FLAG_REVIEW,9,9,tr|A0A9P7D7R0|A0A9P7D7R0_9AGAM NAD(P)-binding protein OS=Suillus placidus OX=48579 GN=EV702DRAFT_961299 PE=3 SV=1
g19914.t1,tr|A0ABU3VQR6|A0ABU3VQR6_9EURY,Methanimicrococcus hacksteinii,37.5,99.0,4.2599999999999996e-45,158.0,Other non-arthropod,FLAG_REVIEW,5,5,tr|A0ABU3VQR6|A0ABU3VQR6_9EURY Glucose 1-dehydrogenase OS=Methanimicrococcus hacksteinii OX=3028293 GN=gdh_2 PE=3 SV=1
g19919.t1,tr|A0A642UVP5|A0A642UVP5_9ASCO,Trichomonascus ciferrii,31.034,81.0,8.76e-08,60.5,Other non-arthropod,FLAG_REVIEW,1,1,tr|A0A642UVP5|A0A642UVP5_9ASCO Uncharacterized protein OS=Trichomonascus ciferrii OX=44093 GN=TRICI_005155 PE=4 SV=1
g19924.t1,tr|K0BB52|K0BB52_9ARCH,Candidatus Nitrosopumilus sediminis,40.69,90.0,3.4299999999999995e-24,103.0,Fungal,FLAG_POSSIBLE_CONTAMINATION,5,5,tr|K0BB52|K0BB52_9ARCH threonine ammonia-lyase OS=Candidatus Nitrosopumilus sediminis OX=1229909 GN=NSED_04675 PE=3 SV=1
g19925.t1,sp|P19387|RPB3_HUMAN,Homo sapiens,69.818,100.0,2.14e-150,427.0,Other non-arthropod,FLAG_REVIEW,5,5,sp|P19387|RPB3_HUMAN DNA-directed RNA polymerase II subunit RPB3 OS=Homo sapiens OX=9606 GN=POLR2C PE=1 SV=2
g19926.t1,tr|A0A0U5AI68|A0A0U5AI68_9EURY,Halobacterium hubeiense,38.686,89.0,2.22e-74,255.0,Bacterial,FLAG_POSSIBLE_CONTAMINATION,10,10,tr|A0A0U5AI68|A0A0U5AI68_9EURY threonine ammonia-lyase OS=Halobacterium hubeiense OX=1407499 GN=ilvA PE=3 SV=1
g19927.t1,tr|A0A1I0Q1V3|A0A1I0Q1V3_9EURY,Halobacterium jilantaiense,40.967,90.0,1.58e-92,291.0,Bacterial,FLAG_POSSIBLE_CONTAMINATION,5,5,tr|A0A1I0Q1V3|A0A1I0Q1V3_9EURY threonine ammonia-lyase OS=Halobacterium jilantaiense OX=355548 GN=SAMN04487945_2196 PE=3 SV=1
g19932.t1,sp|Q9ULM6|CNOT6_HUMAN,Homo sapiens,57.233,75.0,2.29e-50,178.0,Other non-arthropod,FLAG_REVIEW,1,1,sp|Q9ULM6|CNOT6_HUMAN CCR4-NOT transcription complex subunit 6 OS=Homo sapiens OX=9606 GN=CNOT6 PE=1 SV=2
g19933.t1,sp|Q6TDP4|KLH17_HUMAN,Homo sapiens,32.848,99.0,3.9399999999999996e-61,217.0,Other non-arthropod,FLAG_REVIEW,7,7,sp|Q6TDP4|KLH17_HUMAN Kelch-like protein 17 OS=Homo sapiens OX=9606 GN=KLHL17 PE=1 SV=1
g19938.t1,sp|O17899|PCDR1_CAEEL,Caenorhabditis elegans,35.417,85.0,9.590000000000001e-47,167.0,Other non-arthropod,FLAG_REVIEW,1,1,sp|O17899|PCDR1_CAEEL Melatonin receptor pdcr-1 OS=Caenorhabditis elegans OX=6239 GN=pcdr-1 PE=1 SV=1
g19939.t1,sp|Q5R833|ACO13_PONAB,Pongo abelii,38.655,83.0,6.1599999999999995e-24,96.7,Other non-arthropod,FLAG_REVIEW,5,5,sp|Q5R833|ACO13_PONAB Acyl-coenzyme A thioesterase 13 OS=Pongo abelii OX=9601 GN=ACOT13 PE=2 SV=1
g19943.t1,tr|A0A8J8CAR6|A0A8J8CAR6_9EURY,Haloarcula salinisoli,32.381,87.0,2.5e-24,115.0,Other non-arthropod,FLAG_REVIEW,28,28,tr|A0A8J8CAR6|A0A8J8CAR6_9EURY Protein-glutamine gamma-glutamyltransferase-like C-terminal domain-containing protein OS=Haloarcula salinisoli OX=2487746 GN=EGD98_07005 PE=4 SV=1
g19947.t2,sp|Q7Z410|TMPS9_HUMAN,Homo sapiens,36.538,90.0,6.5499999999999995e-40,154.0,Other non-arthropod,FLAG_REVIEW,9,9,sp|Q7Z410|TMPS9_HUMAN Transmembrane protease serine 9 OS=Homo sapiens OX=9606 GN=TMPRSS9 PE=1 SV=2
g19948.t1,sp|Q9BH41|FAD9_ACHDO,Acheta domesticus,51.027,74.0,5.72e-101,310.0,Other non-arthropod,FLAG_REVIEW,5,5,sp|Q9BH41|FAD9_ACHDO Acyl-CoA Delta-9 desaturase OS=Acheta domesticus OX=6997 PE=1 SV=1
g19951.t1,sp|Q99K85|SERC_MOUSE,Mus musculus,59.066,99.0,9.95e-156,448.0,Other non-arthropod,FLAG_REVIEW,5,5,sp|Q99K85|SERC_MOUSE Phosphoserine aminotransferase OS=Mus musculus OX=10090 GN=Psat1 PE=1 SV=1
g19952.t1,sp|Q8BH44|COR2B_MOUSE,Mus musculus,59.396,94.0,3.7699999999999996e-128,380.0,Other non-arthropod,FLAG_REVIEW,5,5,sp|Q8BH44|COR2B_MOUSE Coronin-2B OS=Mus musculus OX=10090 GN=Coro2b PE=1 SV=2
g19953.t1,sp|Q8BH44|COR2B_MOUSE,Mus musculus,59.926,97.0,3.9900000000000005e-117,351.0,Other non-arthropod,FLAG_REVIEW,5,5,sp|Q8BH44|COR2B_MOUSE Coronin-2B OS=Mus musculus OX=10090 GN=Coro2b PE=1 SV=2
g19957.t1,sp|Q5BL44|S20A1_XENTR,Xenopus tropicalis,39.528,98.0,3.55e-148,451.0,Other non-arthropod,FLAG_REVIEW,5,5,sp|Q5BL44|S20A1_XENTR Sodium-dependent phosphate transporter 1 OS=Xenopus tropicalis OX=8364 GN=slc20a1 PE=2 SV=1
g19958.t1,sp|Q2KHV4|PARL_BOVIN,Bos taurus,47.17,91.0,3.68e-95,294.0,Other non-arthropod,FLAG_REVIEW,5,5,"sp|Q2KHV4|PARL_BOVIN Presenilin-associated rhomboid-like protein, mitochondrial OS=Bos taurus OX=9913 GN=PARL PE=2 SV=1"
g19959.t1,sp|P10768|ESTD_HUMAN,Homo sapiens,59.766,100.0,1.73e-112,331.0,Other non-arthropod,FLAG_REVIEW,5,5,sp|P10768|ESTD_HUMAN S-formylglutathione hydrolase OS=Homo sapiens OX=9606 GN=ESD PE=1 SV=2
g19962.t1,sp|O60306|AQR_HUMAN,Homo sapiens,68.707,94.0,0.0,1472.0,Other non-arthropod,FLAG_REVIEW,5,5,sp|O60306|AQR_HUMAN RNA helicase aquarius OS=Homo sapiens OX=9606 GN=AQR PE=1 SV=4
g19974.t1,sp|Q6NYE2|RCC2_DANRE,Danio rerio,47.525,100.0,1.53e-26,108.0,Other non-arthropod,FLAG_REVIEW,5,5,sp|Q6NYE2|RCC2_DANRE Protein RCC2 homolog OS=Danio rerio OX=7955 GN=rcc2 PE=2 SV=1
g19975.t1,sp|Q06442|WNT5A_AMBME,Ambystoma mexicanum,56.716,92.0,4.19e-55,182.0,Other non-arthropod,FLAG_REVIEW,5,5,sp|Q06442|WNT5A_AMBME Protein Wnt-5a OS=Ambystoma mexicanum OX=8296 GN=WNT-5A PE=2 SV=1
g19979.t1,sp|Q9NRA2|S17A5_HUMAN,Homo sapiens,36.898,73.0,1.1300000000000001e-26,114.0,Other non-arthropod,FLAG_REVIEW,2,2,sp|Q9NRA2|S17A5_HUMAN Sialin OS=Homo sapiens OX=9606 GN=SLC17A5 PE=1 SV=2
g19989.t1,sp|O95622|ADCY5_HUMAN,Homo sapiens,43.478,90.0,5.22e-146,462.0,Other non-arthropod,FLAG_REVIEW,10,10,sp|O95622|ADCY5_HUMAN Adenylate cyclase type 5 OS=Homo sapiens OX=9606 GN=ADCY5 PE=1 SV=3
g19993.t1,sp|Q7SXS7|SETD3_DANRE,Danio rerio,37.643,100.0,1.43e-42,159.0,Other non-arthropod,FLAG_REVIEW,5,5,sp|Q7SXS7|SETD3_DANRE Actin-histidine N-methyltransferase OS=Danio rerio OX=7955 GN=setd3 PE=2 SV=1
g20000.t1,sp|A4IH88|K2013_XENTR,Xenopus tropicalis,30.843,82.0,2.3e-76,261.0,Other non-arthropod,FLAG_REVIEW,5,5,sp|A4IH88|K2013_XENTR Uncharacterized protein KIAA2013 homolog OS=Xenopus tropicalis OX=8364 PE=2 SV=1
g20004.t1,sp|A2AGA4|RHBL2_MOUSE,Mus musculus,44.304,76.0,3.68e-55,187.0,Other non-arthropod,FLAG_REVIEW,5,5,sp|A2AGA4|RHBL2_MOUSE Rhomboid-related protein 2 OS=Mus musculus OX=10090 GN=Rhbdl2 PE=1 SV=1
g20008.t1,tr|A8N7Q4|A8N7Q4_COPC7,Coprinopsis cinerea (strain Okayama-7 / 130 / ATCC MYA-4618 / FGSC 9003),53.676,100.0,5.85e-22,94.7,Other non-arthropod,FLAG_REVIEW,19,19,tr|A8N7Q4|A8N7Q4_COPC7 Uncharacterized protein OS=Coprinopsis cinerea (strain Okayama-7 / 130 / ATCC MYA-4618 / FGSC 9003) OX=240176 GN=CC1G_02311 PE=4 SV=1
g20010.t1,sp|P35670|ATP7B_HUMAN,Homo sapiens,44.009,98.0,0.0,716.0,Other non-arthropod,FLAG_REVIEW,8,8,sp|P35670|ATP7B_HUMAN Copper-transporting ATPase 2 OS=Homo sapiens OX=9606 GN=ATP7B PE=1 SV=4
g20012.t1,sp|P52162|MAX_CHICK,Gallus gallus,59.864,85.0,2.1199999999999998e-45,153.0,Other non-arthropod,FLAG_REVIEW,5,5,sp|P52162|MAX_CHICK Protein max OS=Gallus gallus OX=9031 GN=MAX PE=3 SV=1
g20014.t1,sp|O54863|TSSK2_MOUSE,Mus musculus,41.056,96.0,3.63e-83,263.0,Other non-arthropod,FLAG_REVIEW,5,5,sp|O54863|TSSK2_MOUSE Testis-specific serine/threonine-protein kinase 2 OS=Mus musculus OX=10090 GN=Tssk2 PE=1 SV=2
g20020.t1,sp|Q8IZ13|F200C_HUMAN,Homo sapiens,46.414,99.0,5.5e-70,231.0,Other non-arthropod,FLAG_REVIEW,5,5,sp|Q8IZ13|F200C_HUMAN Protein FAM200C OS=Homo sapiens OX=9606 GN=FAM200C PE=1 SV=1
g20021.t1,sp|Q8IZ13|F200C_HUMAN,Homo sapiens,44.765,99.0,8.07e-77,251.0,Other non-arthropod,FLAG_REVIEW,5,5,sp|Q8IZ13|F200C_HUMAN Protein FAM200C OS=Homo sapiens OX=9606 GN=FAM200C PE=1 SV=1
g20040.t1,sp|Q96G03|PGM2_HUMAN,Homo sapiens,50.321,98.0,2.28e-150,448.0,Other non-arthropod,FLAG_REVIEW,5,5,sp|Q96G03|PGM2_HUMAN Phosphopentomutase OS=Homo sapiens OX=9606 GN=PGM2 PE=1 SV=4
g20041.t1,sp|Q7TN73|CASD1_MOUSE,Mus musculus,38.542,98.0,3.1e-33,132.0,Other non-arthropod,FLAG_REVIEW,3,3,sp|Q7TN73|CASD1_MOUSE N-acetylneuraminate (7)9-O-acetyltransferase OS=Mus musculus OX=10090 GN=Casd1 PE=2 SV=1
g20042.t1,sp|P26305|LPSBP_PERAM,Periplaneta americana,35.385,89.0,3.57e-18,84.7,Other non-arthropod,FLAG_REVIEW,1,1,sp|P26305|LPSBP_PERAM Hemolymph lipopolysaccharide-binding protein OS=Periplaneta americana OX=6978 PE=1 SV=1
g20043.t1,sp|P26305|LPSBP_PERAM,Periplaneta americana,37.008,77.0,1.55e-19,93.2,Other non-arthropod,FLAG_REVIEW,1,1,sp|P26305|LPSBP_PERAM Hemolymph lipopolysaccharide-binding protein OS=Periplaneta americana OX=6978 PE=1 SV=1
g20044.t1,sp|P55042|RAD_HUMAN,Homo sapiens,36.898,85.0,7.78e-27,110.0,Other non-arthropod,FLAG_REVIEW,5,5,sp|P55042|RAD_HUMAN GTP-binding protein RAD OS=Homo sapiens OX=9606 GN=RRAD PE=1 SV=2
g20055.t1,sp|Q5NCX5|NEUL4_MOUSE,Mus musculus,38.217,75.0,0.0,784.0,Other non-arthropod,FLAG_REVIEW,6,6,sp|Q5NCX5|NEUL4_MOUSE Neuralized-like protein 4 OS=Mus musculus OX=10090 GN=Neurl4 PE=1 SV=1
g20057.t1,sp|Q5PQL2|CNOT9_RAT,Rattus norvegicus,85.926,95.0,7.03e-172,483.0,Other non-arthropod,FLAG_REVIEW,5,5,sp|Q5PQL2|CNOT9_RAT CCR4-NOT transcription complex subunit 9 OS=Rattus norvegicus OX=10116 GN=Cnot9 PE=1 SV=1
g20058.t1,tr|A0A4V1AEK1|A0A4V1AEK1_9ASCO,Metschnikowia aff. pulcherrima,36.726,70.0,1.1400000000000001e-33,138.0,Other non-arthropod,FLAG_REVIEW,6,6,tr|A0A4V1AEK1|A0A4V1AEK1_9ASCO Zn-finger OS=Metschnikowia aff. pulcherrima OX=2163413 GN=MPUL0D05680 PE=3 SV=1
g20059.t2,sp|Q9C0G6|DYH6_HUMAN,Homo sapiens,50.967,93.0,0.0,2714.0,Other non-arthropod,FLAG_REVIEW,7,7,sp|Q9C0G6|DYH6_HUMAN Dynein axonemal heavy chain 6 OS=Homo sapiens OX=9606 GN=DNAH6 PE=1 SV=3
g20071.t1,sp|Q9D9B4|LRMDA_MOUSE,Mus musculus,46.725,96.0,3.47e-62,201.0,Other non-arthropod,FLAG_REVIEW,2,2,sp|Q9D9B4|LRMDA_MOUSE Leucine-rich melanocyte differentiation-associated protein OS=Mus musculus OX=10090 GN=Lrmda PE=1 SV=1
g20075.t1,sp|A0JPA6|LYRM7_XENTR,Xenopus tropicalis,42.268,80.0,1.87e-13,68.2,Other non-arthropod,FLAG_REVIEW,1,1,sp|A0JPA6|LYRM7_XENTR Complex III assembly factor LYRM7 OS=Xenopus tropicalis OX=8364 GN=lyrm7 PE=3 SV=1
g20077.t1,sp|P30427|PLEC_RAT,Rattus norvegicus,30.293,78.0,1.4999999999999999e-146,504.0,Other non-arthropod,FLAG_REVIEW,3,3,sp|P30427|PLEC_RAT Plectin OS=Rattus norvegicus OX=10116 GN=Plec PE=1 SV=2
g20080.t1,sp|P49696|SYVC_TAKRU,Takifugu rubripes,36.364,100.0,4.18e-38,147.0,Other non-arthropod,FLAG_REVIEW,5,5,sp|P49696|SYVC_TAKRU Valine--tRNA ligase OS=Takifugu rubripes OX=31033 GN=vars1 PE=3 SV=1
g20084.t1,sp|O31712|YKNZ_BACSU,Bacillus subtilis (strain 168),38.435,78.0,1.6e-39,151.0,Bacterial,FLAG_POSSIBLE_CONTAMINATION,5,5,sp|O31712|YKNZ_BACSU Uncharacterized ABC transporter permease YknZ OS=Bacillus subtilis (strain 168) OX=224308 GN=yknZ PE=1 SV=1
g20087.t1,sp|Q06581|PILT_NEIGO,Neisseria gonorrhoeae,50.164,97.0,3.62e-97,298.0,Other non-arthropod,FLAG_REVIEW,4,4,sp|Q06581|PILT_NEIGO Twitching motility protein OS=Neisseria gonorrhoeae OX=485 GN=pilT PE=3 SV=1
g20093.t1,sp|P49938|FHUC_BACSU,Bacillus subtilis (strain 168),62.088,99.0,1.04e-81,249.0,Bacterial,FLAG_POSSIBLE_CONTAMINATION,5,5,sp|P49938|FHUC_BACSU Iron(3+)-hydroxamate import ATP-binding protein FhuC OS=Bacillus subtilis (strain 168) OX=224308 GN=fhuC PE=3 SV=1
g20094.t1,sp|P37580|FHUD_BACSU,Bacillus subtilis (strain 168),32.292,93.0,7.6e-41,150.0,Bacterial,FLAG_POSSIBLE_CONTAMINATION,2,2,sp|P37580|FHUD_BACSU Iron(3+)-hydroxamate-binding protein FhuD OS=Bacillus subtilis (strain 168) OX=224308 GN=fhuD PE=1 SV=1
g20095.t1,sp|Q5L9Q6|DAPDH_BACFN,Bacteroides fragilis (strain ATCC 25285 / DSM 2151 / CCUG 4856 / JCM 11019 / LMG 10263 / NCTC 9343 / Onslow / VPI 2553 / EN-2),62.542,100.0,5.46e-138,398.0,Bacterial,FLAG_POSSIBLE_CONTAMINATION,5,5,sp|Q5L9Q6|DAPDH_BACFN Meso-diaminopimelate D-dehydrogenase OS=Bacteroides fragilis (strain ATCC 25285 / DSM 2151 / CCUG 4856 / JCM 11019 / LMG 10263 / NCTC 9343 / Onslow / VPI 2553 / EN-2) OX=272559 GN=ddh PE=1 SV=1
g20098.t1,sp|Q0TNZ8|PBPA_CLOP1,Clostridium perfringens (strain ATCC 13124 / DSM 756 / JCM 1290 / NCIMB 6125 / NCTC 8237 / Type A),33.151,81.0,2.1200000000000002e-99,335.0,Bacterial,FLAG_POSSIBLE_CONTAMINATION,5,5,sp|Q0TNZ8|PBPA_CLOP1 Penicillin-binding protein 1A OS=Clostridium perfringens (strain ATCC 13124 / DSM 756 / JCM 1290 / NCIMB 6125 / NCTC 8237 / Type A) OX=195103 GN=pbpA PE=3 SV=1
g20100.t1,tr|A0ACC2ZR40|A0ACC2ZR40_9EURO,Neophaeococcomyces mojaviensis,31.231,79.0,9.6e-44,169.0,Other non-arthropod,FLAG_REVIEW,3,3,tr|A0ACC2ZR40|A0ACC2ZR40_9EURO Uncharacterized protein (Fragment) OS=Neophaeococcomyces mojaviensis OX=3383035 GN=H2198_010814 PE=3 SV=1
g20109.t1,tr|A0ACC2ZR40|A0ACC2ZR40_9EURO,Neophaeococcomyces mojaviensis,31.231,79.0,9.6e-44,169.0,Other non-arthropod,FLAG_REVIEW,3,3,tr|A0ACC2ZR40|A0ACC2ZR40_9EURO Uncharacterized protein (Fragment) OS=Neophaeococcomyces mojaviensis OX=3383035 GN=H2198_010814 PE=3 SV=1
g20123.t1,sp|A3QJU3|COQ8B_DANRE,Danio rerio,50.0,78.0,2.2499999999999997e-172,509.0,Other non-arthropod,FLAG_REVIEW,5,5,"sp|A3QJU3|COQ8B_DANRE Atypical kinase COQ8B, mitochondrial OS=Danio rerio OX=7955 GN=coq8b PE=3 SV=2"
g20124.t1,sp|P85971|6PGL_RAT,Rattus norvegicus,51.724,96.0,1.87e-75,235.0,Other non-arthropod,FLAG_REVIEW,5,5,sp|P85971|6PGL_RAT 6-phosphogluconolactonase OS=Rattus norvegicus OX=10116 GN=Pgls PE=1 SV=1
g20130.t1,sp|Q9CPW7|ZMAT2_MOUSE,Mus musculus,60.406,99.0,1.58e-72,224.0,Other non-arthropod,FLAG_REVIEW,5,5,sp|Q9CPW7|ZMAT2_MOUSE Zinc finger matrin-type protein 2 OS=Mus musculus OX=10090 GN=Zmat2 PE=2 SV=1
g20140.t1,sp|Q8R367|RERG_MOUSE,Mus musculus,40.31,92.0,3.32e-19,85.9,Other non-arthropod,FLAG_REVIEW,4,4,sp|Q8R367|RERG_MOUSE Ras-related and estrogen-regulated growth inhibitor OS=Mus musculus OX=10090 GN=Rerg PE=2 SV=1
g20145.t1,sp|P27487|DPP4_HUMAN,Homo sapiens,37.555,97.0,6.88e-37,144.0,Other non-arthropod,FLAG_REVIEW,5,5,sp|P27487|DPP4_HUMAN Dipeptidyl peptidase 4 OS=Homo sapiens OX=9606 GN=DPP4 PE=1 SV=2
g20147.t1,sp|Q9D1M0|SEC13_MOUSE,Mus musculus,65.696,97.0,2.2e-143,413.0,Other non-arthropod,FLAG_REVIEW,5,5,sp|Q9D1M0|SEC13_MOUSE Protein SEC13 homolog OS=Mus musculus OX=10090 GN=Sec13 PE=1 SV=3
g20148.t1,sp|Q9WVF7|DPOE1_MOUSE,Mus musculus,40.385,94.0,1.54e-50,185.0,Other non-arthropod,FLAG_REVIEW,4,4,sp|Q9WVF7|DPOE1_MOUSE DNA polymerase epsilon catalytic subunit A OS=Mus musculus OX=10090 GN=Pole PE=1 SV=3
g20151.t1,sp|P29981|CP4C1_BLADI,Blaberus discoidalis,34.055,72.0,1.39e-93,306.0,Other non-arthropod,FLAG_REVIEW,1,1,sp|P29981|CP4C1_BLADI Cytochrome P450 4C1 OS=Blaberus discoidalis OX=6981 GN=CYP4C1 PE=2 SV=1
g20167.t1,sp|P48545|KCNJ5_MOUSE,Mus musculus,37.534,89.0,5.42e-83,266.0,Other non-arthropod,FLAG_REVIEW,5,5,sp|P48545|KCNJ5_MOUSE G protein-activated inward rectifier potassium channel 4 OS=Mus musculus OX=10090 GN=Kcnj5 PE=1 SV=3
g20168.t1,tr|A0A9N9U8Q8|A0A9N9U8Q8_9HYPO,Clonostachys byssicola,43.354,95.0,2.82e-76,243.0,Other non-arthropod,FLAG_REVIEW,5,5,tr|A0A9N9U8Q8|A0A9N9U8Q8_9HYPO Tryptophan synthase beta chain-like PALP domain-containing protein OS=Clonostachys byssicola OX=160290 GN=CBYS24578_00012168 PE=4 SV=1
g20169.t1,tr|A0ABY6U9S1|A0ABY6U9S1_BIOOC,Bionectria ochroleuca,42.357,94.0,9.73e-78,247.0,Other non-arthropod,FLAG_REVIEW,5,5,tr|A0ABY6U9S1|A0ABY6U9S1_BIOOC Tryptophan synthase beta chain-like PALP domain-containing protein OS=Bionectria ochroleuca OX=29856 GN=CLO192961_LOCUS221685 PE=4 SV=1
g20192.t1,sp|Q5RB35|MKLN1_PONAB,Pongo abelii,44.749,95.0,3.14e-66,224.0,Other non-arthropod,FLAG_REVIEW,5,5,sp|Q5RB35|MKLN1_PONAB Muskelin OS=Pongo abelii OX=9601 GN=MKLN1 PE=2 SV=1
g20198.t1,sp|Q9UIC8|LCMT1_HUMAN,Homo sapiens,47.02,94.0,1.47e-87,272.0,Other non-arthropod,FLAG_REVIEW,5,5,sp|Q9UIC8|LCMT1_HUMAN Leucine carboxyl methyltransferase 1 OS=Homo sapiens OX=9606 GN=LCMT1 PE=1 SV=2
g20204.t1,sp|Q91ZH7|ABHD3_MOUSE,Mus musculus,35.673,93.0,1.28e-62,211.0,Other non-arthropod,FLAG_REVIEW,5,5,sp|Q91ZH7|ABHD3_MOUSE Phospholipase ABHD3 OS=Mus musculus OX=10090 GN=Abhd3 PE=1 SV=1
g20215.t1,sp|O00628|PEX7_HUMAN,Homo sapiens,45.955,93.0,5.02e-88,273.0,Other non-arthropod,FLAG_REVIEW,5,5,sp|O00628|PEX7_HUMAN Peroxisomal targeting signal 2 receptor OS=Homo sapiens OX=9606 GN=PEX7 PE=1 SV=1
g20216.t1,tr|A0A8H3VT11|A0A8H3VT11_9PEZI,Colletotrichum asianum,73.956,100.0,0.0,658.0,Other non-arthropod,FLAG_REVIEW,5,5,tr|A0A8H3VT11|A0A8H3VT11_9PEZI Arrestin C-terminal-like domain-containing protein OS=Colletotrichum asianum OX=702518 GN=GQ607_017965 PE=3 SV=1
g20223.t1,sp|Q8VEM8|S25A3_MOUSE,Mus musculus,58.966,94.0,9.76e-125,367.0,Other non-arthropod,FLAG_REVIEW,5,5,sp|Q8VEM8|S25A3_MOUSE Solute carrier family 25 member 3 OS=Mus musculus OX=10090 GN=Slc25a3 PE=1 SV=1
g20225.t1,sp|Q5FWU8|ZMY10_XENLA,Xenopus laevis,33.465,98.0,1.7800000000000001e-43,159.0,Other non-arthropod,FLAG_REVIEW,5,5,sp|Q5FWU8|ZMY10_XENLA Zinc finger MYND domain-containing protein 10 OS=Xenopus laevis OX=8355 GN=zmynd10 PE=2 SV=1
g20231.t1,tr|A0A8H7RV42|A0A8H7RV42_9FUNG,Circinella minor,31.266,96.0,3.53e-41,158.0,Other non-arthropod,FLAG_REVIEW,5,5,tr|A0A8H7RV42|A0A8H7RV42_9FUNG PiggyBac transposable element-derived protein domain-containing protein OS=Circinella minor OX=1195481 GN=INT45_003049 PE=4 SV=1
g20254.t1,sp|Q9H9H4|VP37B_HUMAN,Homo sapiens,32.663,93.0,1.0699999999999998e-23,102.0,Other non-arthropod,FLAG_REVIEW,5,5,sp|Q9H9H4|VP37B_HUMAN Vacuolar protein sorting-associated protein 37B OS=Homo sapiens OX=9606 GN=VPS37B PE=1 SV=1
g20261.t2,sp|Q8N0W4|NLGNX_HUMAN,Homo sapiens,34.818,80.0,8.25e-124,400.0,Other non-arthropod,FLAG_REVIEW,5,5,"sp|Q8N0W4|NLGNX_HUMAN Neuroligin-4, X-linked OS=Homo sapiens OX=9606 GN=NLGN4X PE=1 SV=1"
g20266.t1,tr|A0A0A1T531|A0A0A1T531_9HYPO,[Torrubiella] hemipterigena,44.086,85.0,6.0899999999999995e-46,160.0,Other non-arthropod,FLAG_REVIEW,1,1,tr|A0A0A1T531|A0A0A1T531_9HYPO Phytanoyl-CoA dioxygenase family protein OS=[Torrubiella] hemipterigena OX=1531966 GN=VHEMI01300 PE=3 SV=1
g20267.t2,sp|Q8K2X1|AT10D_MOUSE,Mus musculus,38.588,99.0,0.0,598.0,Other non-arthropod,FLAG_REVIEW,5,5,sp|Q8K2X1|AT10D_MOUSE Phospholipid-transporting ATPase VD OS=Mus musculus OX=10090 GN=Atp10d PE=1 SV=2
g20288.t1,sp|A3KQ55|MEPCE_DANRE,Danio rerio,31.982,76.0,2.0100000000000002e-73,259.0,Other non-arthropod,FLAG_REVIEW,1,1,sp|A3KQ55|MEPCE_DANRE 7SK snRNA methylphosphate capping enzyme OS=Danio rerio OX=7955 GN=mepce PE=3 SV=2
g20290.t1,sp|Q95Q62|IP3KH_CAEEL,Caenorhabditis elegans,45.695,78.0,4.24e-82,265.0,Other non-arthropod,FLAG_REVIEW,5,5,sp|Q95Q62|IP3KH_CAEEL Inositol-trisphosphate 3-kinase homolog OS=Caenorhabditis elegans OX=6239 GN=lfe-2 PE=1 SV=1
g20294.t2,sp|Q7Z569|BRAP_HUMAN,Homo sapiens,38.776,75.0,1.08e-49,181.0,Other non-arthropod,FLAG_REVIEW,2,2,sp|Q7Z569|BRAP_HUMAN BRCA1-associated protein OS=Homo sapiens OX=9606 GN=BRAP PE=1 SV=2
g20295.t1,sp|Q9Z200|SH2B2_RAT,Rattus norvegicus,34.012,93.0,7.199999999999999e-68,234.0,Other non-arthropod,FLAG_REVIEW,5,5,sp|Q9Z200|SH2B2_RAT SH2B adapter protein 2 OS=Rattus norvegicus OX=10116 GN=Sh2b2 PE=1 SV=1
g20311.t1,tr|A0A9N9IYP8|A0A9N9IYP8_9GLOM,Racocetra fulgida,32.258,80.0,1.91e-06,51.2,Other non-arthropod,FLAG_REVIEW,1,1,tr|A0A9N9IYP8|A0A9N9IYP8_9GLOM 11580_t:CDS:1 OS=Racocetra fulgida OX=60492 GN=RFULGI_LOCUS13925 PE=4 SV=1
g20320.t1,sp|P61374|ISL1_RAT,Rattus norvegicus,67.829,81.0,8.98e-120,354.0,Other non-arthropod,FLAG_REVIEW,5,5,sp|P61374|ISL1_RAT Insulin gene enhancer protein ISL-1 OS=Rattus norvegicus OX=10116 GN=Isl1 PE=1 SV=1
g20322.t1,sp|Q09575|YRD6_CAEEL,Caenorhabditis elegans,34.983,77.0,1.27e-44,172.0,Other non-arthropod,FLAG_REVIEW,1,1,sp|Q09575|YRD6_CAEEL Uncharacterized protein K02A2.6 OS=Caenorhabditis elegans OX=6239 GN=K02A2.6 PE=4 SV=1
g20323.t1,sp|Q7YRC1|AIP_BOVIN,Bos taurus,37.304,97.0,3.15e-72,233.0,Other non-arthropod,FLAG_REVIEW,5,5,sp|Q7YRC1|AIP_BOVIN AH receptor-interacting protein OS=Bos taurus OX=9913 GN=AIP PE=2 SV=1
g20324.t1,sp|Q8IZ69|TRM2A_HUMAN,Homo sapiens,40.283,93.0,4.48e-140,427.0,Other non-arthropod,FLAG_REVIEW,5,5,sp|Q8IZ69|TRM2A_HUMAN tRNA (uracil-5-)-methyltransferase homolog A OS=Homo sapiens OX=9606 GN=TRMT2A PE=1 SV=2
g20330.t2,sp|Q95245|CY561_PIG,Sus scrofa,39.301,81.0,8.17e-41,148.0,Other non-arthropod,FLAG_REVIEW,5,5,sp|Q95245|CY561_PIG Transmembrane ascorbate-dependent reductase CYB561 OS=Sus scrofa OX=9823 GN=CYB561 PE=2 SV=1
g20331.t1,sp|Q9ESJ4|SPN90_MOUSE,Mus musculus,37.838,74.0,2.21e-88,297.0,Other non-arthropod,FLAG_REVIEW,1,1,sp|Q9ESJ4|SPN90_MOUSE NCK-interacting protein with SH3 domain OS=Mus musculus OX=10090 GN=Nckipsd PE=1 SV=2
g20337.t1,sp|Q9GZN1|ARP6_HUMAN,Homo sapiens,54.545,98.0,7.45e-162,466.0,Other non-arthropod,FLAG_REVIEW,5,5,sp|Q9GZN1|ARP6_HUMAN Actin-related protein 6 OS=Homo sapiens OX=9606 GN=ACTR6 PE=1 SV=1
g20338.t1,sp|Q5R9P3|SC23A_PONAB,Pongo abelii,76.364,100.0,7.77e-49,172.0,Other non-arthropod,FLAG_REVIEW,5,5,sp|Q5R9P3|SC23A_PONAB Protein transport protein Sec23A OS=Pongo abelii OX=9601 GN=SEC23A PE=2 SV=1
g20341.t1,sp|Q9N5Y2|TECR_CAEEL,Caenorhabditis elegans,55.052,94.0,8.689999999999999e-111,329.0,Other non-arthropod,FLAG_REVIEW,5,5,sp|Q9N5Y2|TECR_CAEEL Probable very-long-chain enoyl-CoA reductase art-1 OS=Caenorhabditis elegans OX=6239 GN=art-1 PE=3 SV=1
g20342.t1,sp|Q96MR6|CFA57_HUMAN,Homo sapiens,37.278,94.0,0.0,774.0,Other non-arthropod,FLAG_REVIEW,5,5,sp|Q96MR6|CFA57_HUMAN Cilia- and flagella-associated protein 57 OS=Homo sapiens OX=9606 GN=CFAP57 PE=1 SV=3
g20347.t1,sp|Q9DBB9|CPN2_MOUSE,Mus musculus,33.243,72.0,7.4e-47,178.0,Other non-arthropod,FLAG_REVIEW,4,4,sp|Q9DBB9|CPN2_MOUSE Carboxypeptidase N subunit 2 OS=Mus musculus OX=10090 GN=Cpn2 PE=1 SV=2
g20349.t1,sp|P21452|NK2R_HUMAN,Homo sapiens,30.946,70.0,1.59e-50,184.0,Other non-arthropod,FLAG_REVIEW,1,1,sp|P21452|NK2R_HUMAN Substance-K receptor OS=Homo sapiens OX=9606 GN=TACR2 PE=1 SV=3
g20351.t1,sp|Q9WVD0|NPY1R_CAVPO,Cavia porcellus,32.374,78.0,1.29e-21,96.7,Other non-arthropod,FLAG_REVIEW,5,5,sp|Q9WVD0|NPY1R_CAVPO Neuropeptide Y receptor type 1 OS=Cavia porcellus OX=10141 GN=NPY1R PE=3 SV=1
g20352.t1,sp|Q9UQB3|CTND2_HUMAN,Homo sapiens,53.304,75.0,3.53e-66,231.0,Other non-arthropod,FLAG_REVIEW,2,2,sp|Q9UQB3|CTND2_HUMAN Catenin delta-2 OS=Homo sapiens OX=9606 GN=CTNND2 PE=1 SV=3
g20353.t1,sp|P06795|MDR1B_MOUSE,Mus musculus,67.429,97.0,3.2399999999999997e-74,249.0,Other non-arthropod,FLAG_REVIEW,10,10,sp|P06795|MDR1B_MOUSE ATP-dependent translocase ABCB1 OS=Mus musculus OX=10090 GN=Abcb1b PE=1 SV=1
g20355.t1,sp|O95373|IPO7_HUMAN,Homo sapiens,50.38,100.0,0.0,1077.0,Other non-arthropod,FLAG_REVIEW,5,5,sp|O95373|IPO7_HUMAN Importin-7 OS=Homo sapiens OX=9606 GN=IPO7 PE=1 SV=1
g20361.t1,sp|A0AB32U2W5|FR1L6_DANRE,Danio rerio,42.468,83.0,2.6799999999999997e-137,448.0,Other non-arthropod,FLAG_REVIEW,5,5,sp|A0AB32U2W5|FR1L6_DANRE Fer-1-like protein 6 OS=Danio rerio OX=7955 GN=fer1l6 PE=2 SV=1
g20367.t1,sp|Q09575|YRD6_CAEEL,Caenorhabditis elegans,33.679,79.0,2.19e-58,215.0,Other non-arthropod,FLAG_REVIEW,1,1,sp|Q09575|YRD6_CAEEL Uncharacterized protein K02A2.6 OS=Caenorhabditis elegans OX=6239 GN=K02A2.6 PE=4 SV=1
g20387.t1,tr|A0A084R0H0|A0A084R0H0_STAC4,Stachybotrys chlorohalonatus (strain IBT 40285),41.818,82.0,9.52e-13,71.2,Other non-arthropod,FLAG_REVIEW,13,13,tr|A0A084R0H0|A0A084R0H0_STAC4 Uncharacterized protein OS=Stachybotrys chlorohalonatus (strain IBT 40285) OX=1283841 GN=S40285_08111 PE=4 SV=1
g20391.t1,sp|P0CG71|UBIQ1_CAEEL,Caenorhabditis elegans,98.565,100.0,0.0,1619.0,Other non-arthropod,FLAG_REVIEW,54,54,sp|P0CG71|UBIQ1_CAEEL Polyubiquitin-A OS=Caenorhabditis elegans OX=6239 GN=ubq-1 PE=3 SV=1
g20407.t1,sp|O45040|GBB1_HOMAM,Homarus americanus,90.882,100.0,0.0,654.0,Other non-arthropod,FLAG_REVIEW,5,5,sp|O45040|GBB1_HOMAM Guanine nucleotide-binding protein G(I)/G(S)/G(T) subunit beta-1 OS=Homarus americanus OX=6706 GN=GBETA1 PE=2 SV=1
g20421.t1,sp|Q8CHR6|DPYD_MOUSE,Mus musculus,65.657,85.0,1.9699999999999998e-38,143.0,Other non-arthropod,FLAG_REVIEW,5,5,sp|Q8CHR6|DPYD_MOUSE Dihydropyrimidine dehydrogenase [NADP(+)] OS=Mus musculus OX=10090 GN=Dpyd PE=1 SV=1
g20426.t1,sp|P08161|VE94_NPVAC,Autographa californica nuclear polyhedrosis virus,35.729,97.0,3.0599999999999998e-89,296.0,Other non-arthropod,FLAG_REVIEW,1,1,sp|P08161|VE94_NPVAC Early 94 kDa protein OS=Autographa californica nuclear polyhedrosis virus OX=46015 PE=4 SV=2
g20429.t1,sp|Q66HD0|ENPL_RAT,Rattus norvegicus,59.396,96.0,0.0,894.0,Other non-arthropod,FLAG_REVIEW,5,5,sp|Q66HD0|ENPL_RAT Endoplasmin OS=Rattus norvegicus OX=10116 GN=Hsp90b1 PE=1 SV=2
g20430.t1,sp|Q8IZN3|ZDH14_HUMAN,Homo sapiens,61.258,72.0,7.21e-130,389.0,Other non-arthropod,FLAG_REVIEW,3,3,sp|Q8IZN3|ZDH14_HUMAN Palmitoyltransferase ZDHHC14 OS=Homo sapiens OX=9606 GN=ZDHHC14 PE=1 SV=1
g20434.t2,sp|Q5ZML3|SRSF1_CHICK,Gallus gallus,74.242,73.0,1.4e-87,267.0,Other non-arthropod,FLAG_REVIEW,5,5,sp|Q5ZML3|SRSF1_CHICK Serine/arginine-rich splicing factor 1 OS=Gallus gallus OX=9031 GN=SRSF1 PE=1 SV=3
g20437.t1,sp|A4FUD4|PEX12_BOVIN,Bos taurus,32.133,99.0,1.2199999999999999e-42,157.0,Other non-arthropod,FLAG_REVIEW,4,4,sp|A4FUD4|PEX12_BOVIN Peroxisome assembly protein 12 OS=Bos taurus OX=9913 GN=PEX12 PE=2 SV=1
g20440.t1,tr|A0A345E1T5|A0A345E1T5_9EURY,Haloplanus rubicundus,44.056,87.0,6.51e-29,116.0,Other non-arthropod,FLAG_REVIEW,5,5,tr|A0A345E1T5|A0A345E1T5_9EURY threonine ammonia-lyase OS=Haloplanus rubicundus OX=1547898 GN=DU500_06695 PE=3 SV=1
g20442.t1,sp|Q5RBM6|BUP1_PONAB,Pongo abelii,59.53,98.0,9.11e-165,473.0,Other non-arthropod,FLAG_REVIEW,5,5,sp|Q5RBM6|BUP1_PONAB Beta-ureidopropionase OS=Pongo abelii OX=9601 GN=UPB1 PE=2 SV=1
g20444.t1,sp|Q8VC97|BUP1_MOUSE,Mus musculus,50.137,97.0,6.13e-125,371.0,Other non-arthropod,FLAG_REVIEW,5,5,sp|Q8VC97|BUP1_MOUSE Beta-ureidopropionase OS=Mus musculus OX=10090 GN=Upb1 PE=1 SV=1
g20446.t1,sp|O70172|PI42A_MOUSE,Mus musculus,60.298,97.0,1.1e-157,457.0,Other non-arthropod,FLAG_REVIEW,5,5,sp|O70172|PI42A_MOUSE Phosphatidylinositol 5-phosphate 4-kinase type-2 alpha OS=Mus musculus OX=10090 GN=Pip4k2a PE=1 SV=1
g20447.t1,sp|Q7SY06|HACD3_DANRE,Danio rerio,37.255,96.0,3.74e-78,251.0,Other non-arthropod,FLAG_REVIEW,5,5,sp|Q7SY06|HACD3_DANRE Very-long-chain (3R)-3-hydroxyacyl-CoA dehydratase OS=Danio rerio OX=7955 GN=hacd3 PE=2 SV=2
g20448.t1,sp|Q95KV7|NDUAD_BOVIN,Bos taurus,34.848,87.0,5.81e-19,84.3,Other non-arthropod,FLAG_REVIEW,5,5,sp|Q95KV7|NDUAD_BOVIN NADH dehydrogenase [ubiquinone] 1 alpha subcomplex subunit 13 OS=Bos taurus OX=9913 GN=NDUFA13 PE=1 SV=3
g20452.t1,tr|A0AAD6E4J7|A0AAD6E4J7_9EURO,Penicillium hetheringtonii,78.723,95.0,1.55e-76,230.0,Fungal,FLAG_POSSIBLE_CONTAMINATION,5,5,tr|A0AAD6E4J7|A0AAD6E4J7_9EURO Eukaryotic translation initiation factor 1A OS=Penicillium hetheringtonii OX=911720 GN=N7450_001641 PE=3 SV=1
g20457.t1,sp|Q8K1R3|PNPT1_MOUSE,Mus musculus,58.036,86.0,2.46e-38,144.0,Other non-arthropod,FLAG_REVIEW,4,4,"sp|Q8K1R3|PNPT1_MOUSE Polyribonucleotide nucleotidyltransferase 1, mitochondrial OS=Mus musculus OX=10090 GN=Pnpt1 PE=1 SV=1"
g20464.t1,sp|Q9NW15|ANO10_HUMAN,Homo sapiens,39.86,81.0,5.3400000000000004e-27,113.0,Other non-arthropod,FLAG_REVIEW,5,5,sp|Q9NW15|ANO10_HUMAN Anoctamin-10 OS=Homo sapiens OX=9606 GN=ANO10 PE=1 SV=2
g20482.t1,sp|P22724|WNT4_MOUSE,Mus musculus,48.589,81.0,8.76e-104,317.0,Other non-arthropod,FLAG_REVIEW,5,5,sp|P22724|WNT4_MOUSE Protein Wnt-4 OS=Mus musculus OX=10090 GN=Wnt4 PE=1 SV=1
g20484.t1,sp|P11498|PYC_HUMAN,Homo sapiens,66.837,99.0,0.0,1367.0,Other non-arthropod,FLAG_REVIEW,5,5,"sp|P11498|PYC_HUMAN Pyruvate carboxylase, mitochondrial OS=Homo sapiens OX=9606 GN=PC PE=1 SV=2"
g20485.t1,sp|Q53H12|AGK_HUMAN,Homo sapiens,35.422,99.0,1.3500000000000002e-59,204.0,Other non-arthropod,FLAG_REVIEW,3,3,"sp|Q53H12|AGK_HUMAN Acylglycerol kinase, mitochondrial OS=Homo sapiens OX=9606 GN=AGK PE=1 SV=2"
g20489.t1,sp|P20273|CD22_HUMAN,Homo sapiens,31.532,87.0,1.28e-06,53.5,Other non-arthropod,FLAG_REVIEW,1,1,sp|P20273|CD22_HUMAN B-cell receptor CD22 OS=Homo sapiens OX=9606 GN=CD22 PE=1 SV=2
g20491.t1,tr|A0A1U7LNW8|A0A1U7LNW8_NEOID,Neolecta irregularis (strain DAH-3),38.686,93.0,1.33e-18,83.2,Other non-arthropod,FLAG_REVIEW,5,5,tr|A0A1U7LNW8|A0A1U7LNW8_NEOID Uncharacterized protein OS=Neolecta irregularis (strain DAH-3) OX=1198029 GN=NEOLI_003806 PE=4 SV=1
g20494.t1,sp|Q969Q5|RAB24_HUMAN,Homo sapiens,52.976,82.0,5.39e-52,172.0,Other non-arthropod,FLAG_REVIEW,5,5,sp|Q969Q5|RAB24_HUMAN Ras-related protein Rab-24 OS=Homo sapiens OX=9606 GN=RAB24 PE=1 SV=1
g20499.t1,sp|P97526|NF1_RAT,Rattus norvegicus,63.573,99.0,0.0,1502.0,Other non-arthropod,FLAG_REVIEW,5,5,sp|P97526|NF1_RAT Neurofibromin OS=Rattus norvegicus OX=10116 GN=Nf1 PE=1 SV=1
g20516.t1,sp|Q9H3H1|MOD5_HUMAN,Homo sapiens,35.676,87.0,1.93e-24,107.0,Other non-arthropod,FLAG_REVIEW,2,2,sp|Q9H3H1|MOD5_HUMAN tRNA dimethylallyltransferase OS=Homo sapiens OX=9606 GN=TRIT1 PE=1 SV=1
g20530.t1,sp|Q6GPE5|FEM1B_XENLA,Xenopus laevis,34.405,98.0,4.39e-42,160.0,Other non-arthropod,FLAG_REVIEW,5,5,sp|Q6GPE5|FEM1B_XENLA Protein fem-1 homolog B OS=Xenopus laevis OX=8355 GN=fem1b PE=2 SV=1
g20532.t1,sp|Q99J62|RFC4_MOUSE,Mus musculus,54.039,99.0,4.7200000000000003e-125,370.0,Other non-arthropod,FLAG_REVIEW,5,5,sp|Q99J62|RFC4_MOUSE Replication factor C subunit 4 OS=Mus musculus OX=10090 GN=Rfc4 PE=1 SV=1
g20545.t1,sp|Q9D9U9|CFA45_MOUSE,Mus musculus,31.266,85.0,2.39e-23,110.0,Other non-arthropod,FLAG_REVIEW,4,4,sp|Q9D9U9|CFA45_MOUSE Cilia- and flagella-associated protein 45 OS=Mus musculus OX=10090 GN=Cfap45 PE=1 SV=1
g20552.t1,sp|Q07954|LRP1_HUMAN,Homo sapiens,38.643,99.0,0.0,1263.0,Other non-arthropod,FLAG_REVIEW,23,23,sp|Q07954|LRP1_HUMAN Prolow-density lipoprotein receptor-related protein 1 OS=Homo sapiens OX=9606 GN=LRP1 PE=1 SV=2
g20553.t2,sp|Q7ZZ25|ATD1A_DANRE,Danio rerio,55.914,99.0,1.81e-141,413.0,Other non-arthropod,FLAG_REVIEW,5,5,sp|Q7ZZ25|ATD1A_DANRE Outer mitochondrial transmembrane helix translocase OS=Danio rerio OX=7955 GN=atad1a PE=2 SV=2
g20556.t1,sp|Q6PFD9|NUP98_MOUSE,Mus musculus,34.819,85.0,8.69e-53,209.0,Other non-arthropod,FLAG_REVIEW,6,6,sp|Q6PFD9|NUP98_MOUSE Nuclear pore complex protein Nup98-Nup96 OS=Mus musculus OX=10090 GN=Nup98 PE=1 SV=2
g20558.t1,sp|Q8IVU1|IGDC3_HUMAN,Homo sapiens,32.948,94.0,8.9e-14,75.9,Other non-arthropod,FLAG_REVIEW,3,3,sp|Q8IVU1|IGDC3_HUMAN Immunoglobulin superfamily DCC subclass member 3 OS=Homo sapiens OX=9606 GN=IGDCC3 PE=1 SV=2
g20559.t1,tr|A0A9P6AJA0|A0A9P6AJA0_9AGAM,Hydnum rufescens UP504,37.736,98.0,2.3500000000000002e-26,106.0,Other non-arthropod,FLAG_REVIEW,11,11,tr|A0A9P6AJA0|A0A9P6AJA0_9AGAM Uncharacterized protein (Fragment) OS=Hydnum rufescens UP504 OX=1448309 GN=BS47DRAFT_1305401 PE=4 SV=1
g20560.t1,tr|A0A7C8MCL3|A0A7C8MCL3_9PLEO,Massariosphaeria phaeospora,48.529,99.0,3.3399999999999997e-25,108.0,Other non-arthropod,FLAG_REVIEW,8,8,tr|A0A7C8MCL3|A0A7C8MCL3_9PLEO Uncharacterized protein OS=Massariosphaeria phaeospora OX=100035 GN=BDV95DRAFT_309845 PE=4 SV=1
g20561.t1,tr|A0A7C8MCL3|A0A7C8MCL3_9PLEO,Massariosphaeria phaeospora,48.438,93.0,1.71e-08,56.2,Other non-arthropod,FLAG_REVIEW,19,19,tr|A0A7C8MCL3|A0A7C8MCL3_9PLEO Uncharacterized protein OS=Massariosphaeria phaeospora OX=100035 GN=BDV95DRAFT_309845 PE=4 SV=1
g20562.t1,tr|A0A7C8MCL3|A0A7C8MCL3_9PLEO,Massariosphaeria phaeospora,38.922,98.0,3.88e-19,90.5,Other non-arthropod,FLAG_REVIEW,10,10,tr|A0A7C8MCL3|A0A7C8MCL3_9PLEO Uncharacterized protein OS=Massariosphaeria phaeospora OX=100035 GN=BDV95DRAFT_309845 PE=4 SV=1
g20563.t1,tr|A0A6A4GP89|A0A6A4GP89_9AGAR,Gymnopus androsaceus JB14,37.288,99.0,7.91e-25,104.0,Other non-arthropod,FLAG_REVIEW,9,9,tr|A0A6A4GP89|A0A6A4GP89_9AGAR Uncharacterized protein OS=Gymnopus androsaceus JB14 OX=1447944 GN=BT96DRAFT_1079228 PE=4 SV=1
g20567.t1,sp|Q9U8B8|DYR_HELVI,Heliothis virescens,76.757,100.0,6.95e-108,312.0,Other non-arthropod,FLAG_REVIEW,5,5,sp|Q9U8B8|DYR_HELVI Dihydrofolate reductase OS=Heliothis virescens OX=7102 GN=DHFR PE=1 SV=1
g20572.t1,sp|Q5R8P5|SHLB1_PONAB,Pongo abelii,43.817,99.0,7.86e-108,326.0,Other non-arthropod,FLAG_REVIEW,5,5,sp|Q5R8P5|SHLB1_PONAB Endophilin-B1 OS=Pongo abelii OX=9601 GN=SH3GLB1 PE=2 SV=2
g20574.t1,sp|Q09575|YRD6_CAEEL,Caenorhabditis elegans,30.851,93.0,2.59e-58,215.0,Other non-arthropod,FLAG_REVIEW,1,1,sp|Q09575|YRD6_CAEEL Uncharacterized protein K02A2.6 OS=Caenorhabditis elegans OX=6239 GN=K02A2.6 PE=4 SV=1
g20575.t1,sp|Q5DRC2|PCDG1_PANTR,Pan troglodytes,32.716,76.0,3.38e-13,75.1,Other non-arthropod,FLAG_REVIEW,4,4,sp|Q5DRC2|PCDG1_PANTR Protocadherin gamma-A1 OS=Pan troglodytes OX=9598 GN=PCDHGA1 PE=3 SV=1
g20577.t1,sp|Q9Y259|CHKB_HUMAN,Homo sapiens,35.484,96.0,1.1199999999999999e-40,150.0,Other non-arthropod,FLAG_REVIEW,4,4,sp|Q9Y259|CHKB_HUMAN Choline/ethanolamine kinase OS=Homo sapiens OX=9606 GN=CHKB PE=1 SV=3
g20588.t1,sp|Q8R151|ZNFX1_MOUSE,Mus musculus,40.825,86.0,2.96e-134,474.0,Other non-arthropod,FLAG_REVIEW,9,9,sp|Q8R151|ZNFX1_MOUSE NFX1-type zinc finger-containing protein 1 OS=Mus musculus OX=10090 GN=Znfx1 PE=1 SV=3
g20596.t1,sp|Q96L50|LLR1_HUMAN,Homo sapiens,32.54,95.0,2.54e-39,151.0,Other non-arthropod,FLAG_REVIEW,2,2,sp|Q96L50|LLR1_HUMAN Leucine-rich repeat protein 1 OS=Homo sapiens OX=9606 GN=LRR1 PE=1 SV=2
g20597.t1,sp|Q6NWC9|GKAP1_DANRE,Danio rerio,33.0,89.0,4.97e-28,118.0,Other non-arthropod,FLAG_REVIEW,5,5,sp|Q6NWC9|GKAP1_DANRE G kinase-anchoring protein 1 OS=Danio rerio OX=7955 GN=gkap1 PE=2 SV=1
g20598.t1,sp|Q1EHB3|ATS7_RAT,Rattus norvegicus,40.83,84.0,0.0,581.0,Other non-arthropod,FLAG_REVIEW,6,6,sp|Q1EHB3|ATS7_RAT A disintegrin and metalloproteinase with thrombospondin motifs 7 OS=Rattus norvegicus OX=10116 GN=Adamts7 PE=1 SV=1
g20608.t1,sp|P04634|LIPF_RAT,Rattus norvegicus,36.87,73.0,1.83e-77,254.0,Other non-arthropod,FLAG_REVIEW,4,4,sp|P04634|LIPF_RAT Gastric triacylglycerol lipase OS=Rattus norvegicus OX=10116 GN=Lipf PE=1 SV=1
g20611.t1,sp|Q91755|GRIK2_XENLA,Xenopus laevis,47.611,97.0,0.0,546.0,Other non-arthropod,FLAG_REVIEW,5,5,"sp|Q91755|GRIK2_XENLA Glutamate receptor ionotropic, kainate 2 OS=Xenopus laevis OX=8355 GN=grik2 PE=2 SV=2"
g20627.t1,sp|Q9D1A2|CNDP2_MOUSE,Mus musculus,59.789,99.0,0.0,578.0,Other non-arthropod,FLAG_REVIEW,5,5,sp|Q9D1A2|CNDP2_MOUSE Cytosolic non-specific dipeptidase OS=Mus musculus OX=10090 GN=Cndp2 PE=1 SV=1
g20632.t1,tr|A0A2T9YZI5|A0A2T9YZI5_9FUNG,Furculomyces boomerangus,33.663,88.0,1.27e-13,73.2,Other non-arthropod,FLAG_REVIEW,19,19,tr|A0A2T9YZI5|A0A2T9YZI5_9FUNG Complex 1 LYR protein domain-containing protein OS=Furculomyces boomerangus OX=61424 GN=BB559_001922 PE=3 SV=1
g20637.t1,sp|Q5I146|PTPH2_MDBVW,Microplitis demolitor bracovirus (isolate Webb),42.904,93.0,2.81e-91,281.0,Other non-arthropod,FLAG_REVIEW,5,5,sp|Q5I146|PTPH2_MDBVW Tyrosine phosphatase H2 OS=Microplitis demolitor bracovirus (isolate Webb) OX=654919 GN=H2 PE=3 SV=1
g20638.t1,sp|Q5I146|PTPH2_MDBVW,Microplitis demolitor bracovirus (isolate Webb),42.904,93.0,2.81e-91,281.0,Other non-arthropod,FLAG_REVIEW,5,5,sp|Q5I146|PTPH2_MDBVW Tyrosine phosphatase H2 OS=Microplitis demolitor bracovirus (isolate Webb) OX=654919 GN=H2 PE=3 SV=1
g20639.t1,sp|Q96AB6|NTAN1_HUMAN,Homo sapiens,37.895,98.0,1.87e-10,62.4,Other non-arthropod,FLAG_REVIEW,3,3,sp|Q96AB6|NTAN1_HUMAN Protein N-terminal asparagine amidohydrolase OS=Homo sapiens OX=9606 GN=NTAN1 PE=1 SV=3
g20640.t1,sp|P51692|STA5B_HUMAN,Homo sapiens,34.559,96.0,5.4e-17,83.6,Other non-arthropod,FLAG_REVIEW,5,5,sp|P51692|STA5B_HUMAN Signal transducer and activator of transcription 5B OS=Homo sapiens OX=9606 GN=STAT5B PE=1 SV=2
g20641.t1,sp|Q27083|CFGB_TACTR,Tachypleus tridentatus,39.316,92.0,1.14e-18,86.3,Other non-arthropod,FLAG_REVIEW,5,5,sp|Q27083|CFGB_TACTR Clotting factor G beta subunit OS=Tachypleus tridentatus OX=6853 PE=1 SV=1
g20669.t1,sp|Q9R1A8|COP1_MOUSE,Mus musculus,45.728,84.0,0.0,580.0,Other non-arthropod,FLAG_REVIEW,5,5,sp|Q9R1A8|COP1_MOUSE E3 ubiquitin-protein ligase COP1 OS=Mus musculus OX=10090 GN=Cop1 PE=1 SV=2
g20671.t1,sp|A2AHJ4|BRWD3_MOUSE,Mus musculus,40.62,70.0,6.9e-154,518.0,Other non-arthropod,FLAG_REVIEW,4,4,sp|A2AHJ4|BRWD3_MOUSE Bromodomain and WD repeat-containing protein 3 OS=Mus musculus OX=10090 GN=Brwd3 PE=1 SV=1
g20682.t1,sp|O14562|UBFD1_HUMAN,Homo sapiens,59.903,77.0,1.9199999999999998e-82,256.0,Other non-arthropod,FLAG_REVIEW,5,5,sp|O14562|UBFD1_HUMAN Ubiquitin domain-containing protein UBFD1 OS=Homo sapiens OX=9606 GN=UBFD1 PE=1 SV=2
g20684.t1,sp|Q80U70|SUZ12_MOUSE,Mus musculus,43.519,84.0,3.97e-171,516.0,Other non-arthropod,FLAG_REVIEW,5,5,sp|Q80U70|SUZ12_MOUSE Polycomb protein Suz12 OS=Mus musculus OX=10090 GN=Suz12 PE=1 SV=2
g20686.t1,sp|Q8R1C6|MET22_MOUSE,Mus musculus,34.815,84.0,1.65e-32,130.0,Other non-arthropod,FLAG_REVIEW,4,4,sp|Q8R1C6|MET22_MOUSE Methyltransferase-like protein 22 OS=Mus musculus OX=10090 GN=Mettl22 PE=2 SV=1
g20688.t1,sp|O60784|TOM1_HUMAN,Homo sapiens,44.423,99.0,2.9400000000000003e-124,378.0,Other non-arthropod,FLAG_REVIEW,5,5,sp|O60784|TOM1_HUMAN Target of Myb1 membrane trafficking protein OS=Homo sapiens OX=9606 GN=TOM1 PE=1 SV=2
g20689.t2,sp|Q9H069|DRC3_HUMAN,Homo sapiens,37.736,95.0,2.51e-98,314.0,Other non-arthropod,FLAG_REVIEW,5,5,sp|Q9H069|DRC3_HUMAN Dynein regulatory complex subunit 3 OS=Homo sapiens OX=9606 GN=DRC3 PE=1 SV=2
g20690.t1,sp|P42125|ECI1_MOUSE,Mus musculus,43.496,80.0,6.870000000000001e-64,217.0,Other non-arthropod,FLAG_REVIEW,10,10,"sp|P42125|ECI1_MOUSE Enoyl-CoA delta isomerase 1, mitochondrial OS=Mus musculus OX=10090 GN=Eci1 PE=1 SV=2"
g20691.t1,sp|P42125|ECI1_MOUSE,Mus musculus,40.796,76.0,1.2399999999999998e-42,153.0,Other non-arthropod,FLAG_REVIEW,5,5,"sp|P42125|ECI1_MOUSE Enoyl-CoA delta isomerase 1, mitochondrial OS=Mus musculus OX=10090 GN=Eci1 PE=1 SV=2"
g20695.t1,sp|Q9Z0P7|SUFU_MOUSE,Mus musculus,34.125,83.0,2.7499999999999997e-42,161.0,Other non-arthropod,FLAG_REVIEW,2,2,sp|Q9Z0P7|SUFU_MOUSE Suppressor of fused homolog OS=Mus musculus OX=10090 GN=Sufu PE=1 SV=1
g20696.t1,tr|A0A2V5J8A4|A0A2V5J8A4_9EURO,Aspergillus indologenus CBS 114.80,37.879,79.0,3.3800000000000003e-21,92.8,Fungal,FLAG_POSSIBLE_CONTAMINATION,5,5,tr|A0A2V5J8A4|A0A2V5J8A4_9EURO Trypsin-like serine protease (Fragment) OS=Aspergillus indologenus CBS 114.80 OX=1450541 GN=BP00DRAFT_309511 PE=3 SV=1
g20698.t1,sp|A7MB76|TPC13_BOVIN,Bos taurus,51.1,99.0,2.93e-143,420.0,Other non-arthropod,FLAG_REVIEW,5,5,sp|A7MB76|TPC13_BOVIN Trafficking protein particle complex subunit 13 OS=Bos taurus OX=9913 GN=TRAPPC13 PE=2 SV=1
g20699.t1,sp|Q5RC74|DERL2_PONAB,Pongo abelii,73.934,93.0,2.23e-112,328.0,Other non-arthropod,FLAG_REVIEW,5,5,sp|Q5RC74|DERL2_PONAB Derlin-2 OS=Pongo abelii OX=9601 GN=DERL2 PE=2 SV=1
g20700.t1,sp|Q5U3N5|PPTC7_DANRE,Danio rerio,55.351,97.0,9.61e-102,305.0,Other non-arthropod,FLAG_REVIEW,5,5,sp|Q5U3N5|PPTC7_DANRE Protein phosphatase PTC7 homolog OS=Danio rerio OX=7955 GN=pptc7 PE=2 SV=1
g20708.t1,sp|Q6DJI9|ZCRB1_XENLA,Xenopus laevis,53.425,99.0,7.02e-68,214.0,Other non-arthropod,FLAG_REVIEW,5,5,sp|Q6DJI9|ZCRB1_XENLA Zinc finger CCHC-type and RNA-binding motif-containing protein 1 OS=Xenopus laevis OX=8355 GN=zcrb1 PE=2 SV=1
g20711.t1,sp|P26453|BASI_RAT,Rattus norvegicus,30.222,75.0,4.79e-14,79.0,Other non-arthropod,FLAG_REVIEW,3,3,sp|P26453|BASI_RAT Basigin OS=Rattus norvegicus OX=10116 GN=Bsg PE=1 SV=2
g20713.t1,sp|P62882|GNB5_RAT,Rattus norvegicus,63.842,97.0,2.6500000000000003e-166,474.0,Other non-arthropod,FLAG_REVIEW,5,5,sp|P62882|GNB5_RAT Guanine nucleotide-binding protein subunit beta-5 OS=Rattus norvegicus OX=10116 GN=Gnb5 PE=2 SV=1
g20714.t1,sp|Q6UPR8|ERMP1_RAT,Rattus norvegicus,34.379,94.0,4.97e-139,442.0,Other non-arthropod,FLAG_REVIEW,5,5,sp|Q6UPR8|ERMP1_RAT Endoplasmic reticulum metallopeptidase 1 OS=Rattus norvegicus OX=10116 GN=Ermp1 PE=1 SV=1
g20715.t1,sp|Q6GPP7|TM209_XENLA,Xenopus laevis,34.012,74.0,3.78e-55,199.0,Other non-arthropod,FLAG_REVIEW,5,5,sp|Q6GPP7|TM209_XENLA Transmembrane protein 209 OS=Xenopus laevis OX=8355 GN=tmem209 PE=2 SV=1
g20716.t1,sp|Q5XH48|EDC3_XENLA,Xenopus laevis,33.922,99.0,5.21e-59,208.0,Other non-arthropod,FLAG_REVIEW,5,5,sp|Q5XH48|EDC3_XENLA Enhancer of mRNA-decapping protein 3 OS=Xenopus laevis OX=8355 GN=edc3 PE=2 SV=1
g20748.t1,sp|Q8VDL4|ADPGK_MOUSE,Mus musculus,34.571,91.0,2.16e-63,220.0,Other non-arthropod,FLAG_REVIEW,3,3,sp|Q8VDL4|ADPGK_MOUSE ADP-dependent glucokinase OS=Mus musculus OX=10090 GN=Adpgk PE=1 SV=2
g20756.t1,tr|A0A0L0T5Y6|A0A0L0T5Y6_ALLM3,Allomyces macrogynus (strain ATCC 38327),33.708,79.0,4.77e-14,75.5,Other non-arthropod,FLAG_REVIEW,2,2,tr|A0A0L0T5Y6|A0A0L0T5Y6_ALLM3 J domain-containing protein OS=Allomyces macrogynus (strain ATCC 38327) OX=578462 GN=AMAG_15138 PE=4 SV=1
g20758.t1,sp|O35790|PIGL_RAT,Rattus norvegicus,44.286,71.0,1.4e-55,186.0,Other non-arthropod,FLAG_REVIEW,5,5,sp|O35790|PIGL_RAT N-acetylglucosaminyl-phosphatidylinositol de-N-acetylase OS=Rattus norvegicus OX=10116 GN=Pigl PE=1 SV=1
g20761.t1,sp|P52624|UPP1_MOUSE,Mus musculus,46.809,73.0,1.5400000000000001e-22,96.7,Other non-arthropod,FLAG_REVIEW,5,5,sp|P52624|UPP1_MOUSE Uridine phosphorylase 1 OS=Mus musculus OX=10090 GN=Upp1 PE=1 SV=2
g20762.t1,tr|A0A9W8BND7|A0A9W8BND7_9FUNG,Coemansia thaxteri,40.11,98.0,4.47e-33,129.0,Other non-arthropod,FLAG_REVIEW,5,5,tr|A0A9W8BND7|A0A9W8BND7_9FUNG Mevalonate kinase OS=Coemansia thaxteri OX=2663907 GN=ERG12 PE=3 SV=1
g20763.t1,sp|Q9WTN5|TPC1_RAT,Rattus norvegicus,43.382,97.0,0.0,618.0,Other non-arthropod,FLAG_REVIEW,3,3,sp|Q9WTN5|TPC1_RAT Two pore calcium channel protein 1 OS=Rattus norvegicus OX=10116 GN=Tpcn1 PE=1 SV=2
g20764.t1,sp|G1SKF7|RL6_RABIT,Oryctolagus cuniculus,47.529,93.0,1.22e-63,207.0,Other non-arthropod,FLAG_REVIEW,5,5,sp|G1SKF7|RL6_RABIT Large ribosomal subunit protein eL6 OS=Oryctolagus cuniculus OX=9986 GN=RPL6 PE=1 SV=1
g20766.t1,sp|Q96MB7|HARB1_HUMAN,Homo sapiens,37.975,84.0,9.02e-07,52.4,Other non-arthropod,FLAG_REVIEW,2,2,sp|Q96MB7|HARB1_HUMAN Putative nuclease HARBI1 OS=Homo sapiens OX=9606 GN=HARBI1 PE=1 SV=1
g20767.t1,sp|Q9NU19|TB22B_HUMAN,Homo sapiens,50.111,90.0,4.37e-151,446.0,Other non-arthropod,FLAG_REVIEW,5,5,sp|Q9NU19|TB22B_HUMAN TBC1 domain family member 22B OS=Homo sapiens OX=9606 GN=TBC1D22B PE=1 SV=3
g20769.t1,sp|Q8NEV4|MYO3A_HUMAN,Homo sapiens,49.232,76.0,0.0,1096.0,Other non-arthropod,FLAG_REVIEW,5,5,sp|Q8NEV4|MYO3A_HUMAN Myosin-IIIa OS=Homo sapiens OX=9606 GN=MYO3A PE=1 SV=2
g20773.t1,sp|Q8TBZ5|ZN502_HUMAN,Homo sapiens,30.435,90.0,7.97e-28,120.0,Other non-arthropod,FLAG_REVIEW,5,5,sp|Q8TBZ5|ZN502_HUMAN Zinc finger protein 502 OS=Homo sapiens OX=9606 GN=ZNF502 PE=1 SV=1
g20774.t1,sp|Q9Z2P6|SNP29_RAT,Rattus norvegicus,34.545,99.0,3.7500000000000003e-31,122.0,Other non-arthropod,FLAG_REVIEW,5,5,sp|Q9Z2P6|SNP29_RAT Synaptosomal-associated protein 29 OS=Rattus norvegicus OX=10116 GN=Snap29 PE=1 SV=1
g20780.t1,sp|Q15546|PAQRB_HUMAN,Homo sapiens,37.0,74.0,4.4e-11,65.1,Other non-arthropod,FLAG_REVIEW,1,1,sp|Q15546|PAQRB_HUMAN Monocyte to macrophage differentiation factor OS=Homo sapiens OX=9606 GN=MMD PE=1 SV=2
g20790.t1,sp|Q05B79|DHX36_BOVIN,Bos taurus,38.408,97.0,4.79e-151,472.0,Other non-arthropod,FLAG_REVIEW,5,5,sp|Q05B79|DHX36_BOVIN ATP-dependent DNA/RNA helicase DHX36 OS=Bos taurus OX=9913 GN=DHX36 PE=1 SV=1
g20792.t1,sp|A9JS71|ECHD3_XENLA,Xenopus laevis,51.724,93.0,2.23e-91,279.0,Other non-arthropod,FLAG_REVIEW,5,5,"sp|A9JS71|ECHD3_XENLA Enoyl-CoA hydratase domain-containing protein 3, mitochondrial OS=Xenopus laevis OX=8355 GN=echdc3 PE=2 SV=1"
g20802.t1,sp|Q9Z0U4|GABR1_RAT,Rattus norvegicus,51.685,81.0,0.0,647.0,Other non-arthropod,FLAG_REVIEW,5,5,sp|Q9Z0U4|GABR1_RAT Gamma-aminobutyric acid type B receptor subunit 1 OS=Rattus norvegicus OX=10116 GN=Gabbr1 PE=1 SV=2
g20805.t1,sp|Q8K4Z5|SF3A1_MOUSE,Mus musculus,60.515,90.0,1.09e-83,272.0,Other non-arthropod,FLAG_REVIEW,5,5,sp|Q8K4Z5|SF3A1_MOUSE Splicing factor 3A subunit 1 OS=Mus musculus OX=10090 GN=Sf3a1 PE=1 SV=1
g20806.t1,sp|Q3UKJ7|SMU1_MOUSE,Mus musculus,70.455,100.0,0.0,784.0,Other non-arthropod,FLAG_REVIEW,5,5,sp|Q3UKJ7|SMU1_MOUSE WD40 repeat-containing protein SMU1 OS=Mus musculus OX=10090 GN=Smu1 PE=2 SV=2
g20808.t1,sp|P24941|CDK2_HUMAN,Homo sapiens,61.538,92.0,1.49e-134,390.0,Other non-arthropod,FLAG_REVIEW,5,5,sp|P24941|CDK2_HUMAN Cyclin-dependent kinase 2 OS=Homo sapiens OX=9606 GN=CDK2 PE=1 SV=2
g20810.t1,sp|Q66JD1|ATPF1_XENTR,Xenopus tropicalis,38.462,84.0,9.08e-49,171.0,Other non-arthropod,FLAG_REVIEW,5,5,sp|Q66JD1|ATPF1_XENTR ATP synthase mitochondrial F1 complex assembly factor 1 OS=Xenopus tropicalis OX=8364 GN=atpaf1 PE=2 SV=1
g20812.t1,sp|Q01321|CXFA4_BOVIN,Bos taurus,53.425,89.0,6.53e-20,82.4,Other non-arthropod,FLAG_REVIEW,5,5,sp|Q01321|CXFA4_BOVIN Cytochrome c oxidase subunit FA4 OS=Bos taurus OX=9913 GN=COXFA4 PE=1 SV=1
g20813.t1,sp|P46735|MYO1B_MOUSE,Mus musculus,30.215,98.0,2.84e-172,541.0,Other non-arthropod,FLAG_REVIEW,5,5,sp|P46735|MYO1B_MOUSE Unconventional myosin-Ib OS=Mus musculus OX=10090 GN=Myo1b PE=1 SV=3
g20816.t1,sp|Q9W6C5|PDC6I_XENLA,Xenopus laevis,45.868,88.0,1.18e-65,226.0,Other non-arthropod,FLAG_REVIEW,5,5,sp|Q9W6C5|PDC6I_XENLA Programmed cell death 6-interacting protein OS=Xenopus laevis OX=8355 GN=pdcd6ip PE=1 SV=1
g20818.t1,tr|A0A0J9X801|A0A0J9X801_GEOCN,Geotrichum candidum,60.526,90.0,3.1500000000000004e-27,100.0,Other non-arthropod,FLAG_REVIEW,5,5,tr|A0A0J9X801|A0A0J9X801_GEOCN Similar to Saccharomyces cerevisiae YGL220W FRA2 Protein involved in negative regulation of transcription of iron regulon OS=Geotrichum candidum OX=1173061 GN=BN980_GECA04s06907g PE=3 SV=1
g20820.t1,tr|A0A1J7JK90|A0A1J7JK90_9PEZI,Coniochaeta ligniaria NRRL 30616,37.333,95.0,3.58e-27,115.0,Other non-arthropod,FLAG_REVIEW,5,5,tr|A0A1J7JK90|A0A1J7JK90_9PEZI Mevalonate kinase OS=Coniochaeta ligniaria NRRL 30616 OX=1408157 GN=CONLIGDRAFT_360849 PE=3 SV=1
g20826.t1,sp|A5LGM7|TRET1_POLVA,Polypedilum vanderplanki,30.751,93.0,3.0999999999999995e-54,195.0,Other non-arthropod,FLAG_REVIEW,1,1,sp|A5LGM7|TRET1_POLVA Facilitated trehalose transporter Tret1 OS=Polypedilum vanderplanki OX=319348 GN=Tret1 PE=1 SV=1
g20839.t2,sp|P42684|ABL2_HUMAN,Homo sapiens,49.485,78.0,9.72e-43,161.0,Other non-arthropod,FLAG_REVIEW,1,1,sp|P42684|ABL2_HUMAN Tyrosine-protein kinase ABL2 OS=Homo sapiens OX=9606 GN=ABL2 PE=1 SV=1
g20846.t1,sp|O14544|SOCS6_HUMAN,Homo sapiens,42.405,72.0,1.8500000000000002e-29,120.0,Other non-arthropod,FLAG_REVIEW,5,5,sp|O14544|SOCS6_HUMAN Suppressor of cytokine signaling 6 OS=Homo sapiens OX=9606 GN=SOCS6 PE=1 SV=2
g20848.t1,sp|Q9BT43|RPC7L_HUMAN,Homo sapiens,33.023,90.0,5.26e-16,80.5,Other non-arthropod,FLAG_REVIEW,5,5,sp|Q9BT43|RPC7L_HUMAN DNA-directed RNA polymerase III subunit RPC7-like OS=Homo sapiens OX=9606 GN=POLR3GL PE=1 SV=1
g20850.t1,sp|G5EFI8|PLCE1_CAEEL,Caenorhabditis elegans,42.941,94.0,3.37e-26,111.0,Other non-arthropod,FLAG_REVIEW,5,5,"sp|G5EFI8|PLCE1_CAEEL 1-phosphatidylinositol 4,5-bisphosphate phosphodiesterase epsilon-1 OS=Caenorhabditis elegans OX=6239 GN=plc-1 PE=1 SV=1"
g20852.t1,sp|Q5RCS0|ATG9A_PONAB,Pongo abelii,41.803,93.0,8.49e-156,475.0,Other non-arthropod,FLAG_REVIEW,5,5,sp|Q5RCS0|ATG9A_PONAB Autophagy-related protein 9A OS=Pongo abelii OX=9601 GN=ATG9A PE=2 SV=1
g20853.t1,sp|C0HKS3|IRP1_AGRIP,Agrotis ipsilon,39.45,91.0,2.11e-09,57.0,Other non-arthropod,FLAG_REVIEW,5,5,sp|C0HKS3|IRP1_AGRIP Insulin-related peptide 1 OS=Agrotis ipsilon OX=56364 PE=1 SV=1
g20861.t1,sp|Q28GD9|RNH2B_XENTR,Xenopus tropicalis,33.117,83.0,2.65e-15,78.6,Other non-arthropod,FLAG_REVIEW,4,4,sp|Q28GD9|RNH2B_XENTR Ribonuclease H2 subunit B OS=Xenopus tropicalis OX=8364 GN=rnaseh2b PE=2 SV=1
g20862.t1,sp|Q99J62|RFC4_MOUSE,Mus musculus,53.482,93.0,1.2200000000000001e-123,367.0,Other non-arthropod,FLAG_REVIEW,5,5,sp|Q99J62|RFC4_MOUSE Replication factor C subunit 4 OS=Mus musculus OX=10090 GN=Rfc4 PE=1 SV=1
g20874.t1,sp|Q5RF84|UB2G2_PONAB,Pongo abelii,83.636,98.0,3.97e-100,291.0,Other non-arthropod,FLAG_REVIEW,5,5,sp|Q5RF84|UB2G2_PONAB Ubiquitin-conjugating enzyme E2 G2 OS=Pongo abelii OX=9601 GN=UBE2G2 PE=2 SV=1
g20883.t1,sp|Q9BH41|FAD9_ACHDO,Acheta domesticus,51.895,94.0,8.37e-129,379.0,Other non-arthropod,FLAG_REVIEW,5,5,sp|Q9BH41|FAD9_ACHDO Acyl-CoA Delta-9 desaturase OS=Acheta domesticus OX=6997 PE=1 SV=1
g20886.t1,sp|P97793|ALK_MOUSE,Mus musculus,31.935,80.0,2.26e-69,259.0,Other non-arthropod,FLAG_REVIEW,3,3,sp|P97793|ALK_MOUSE ALK tyrosine kinase receptor OS=Mus musculus OX=10090 GN=Alk PE=1 SV=2
g20893.t1,sp|Q2KHU0|SERB_BOVIN,Bos taurus,60.09,86.0,6.9e-98,292.0,Other non-arthropod,FLAG_REVIEW,5,5,sp|Q2KHU0|SERB_BOVIN Phosphoserine phosphatase OS=Bos taurus OX=9913 GN=PSPH PE=2 SV=1
g20902.t1,sp|Q964T2|CP9E2_BLAGE,Blattella germanica,41.309,97.0,3.84e-120,369.0,Other non-arthropod,FLAG_REVIEW,5,5,sp|Q964T2|CP9E2_BLAGE Cytochrome P450 9e2 OS=Blattella germanica OX=6973 GN=CYP9E2 PE=2 SV=1
g20905.t1,sp|P48180|ACH1_CAEEL,Caenorhabditis elegans,31.25,90.0,1.44e-24,107.0,Other non-arthropod,FLAG_REVIEW,5,5,sp|P48180|ACH1_CAEEL Acetylcholine receptor subunit alpha-type acr-16 OS=Caenorhabditis elegans OX=6239 GN=acr-16 PE=2 SV=1
g20906.t1,sp|P48180|ACH1_CAEEL,Caenorhabditis elegans,31.429,80.0,8.26e-25,109.0,Other non-arthropod,FLAG_REVIEW,5,5,sp|P48180|ACH1_CAEEL Acetylcholine receptor subunit alpha-type acr-16 OS=Caenorhabditis elegans OX=6239 GN=acr-16 PE=2 SV=1
g20917.t1,sp|P59837|RDH12_BOVIN,Bos taurus,47.183,96.0,4.93e-75,238.0,Other non-arthropod,FLAG_REVIEW,5,5,sp|P59837|RDH12_BOVIN Retinol dehydrogenase 12 OS=Bos taurus OX=9913 GN=RDH12 PE=2 SV=1
g20923.t1,tr|A0ABU3VQR6|A0ABU3VQR6_9EURY,Methanimicrococcus hacksteinii,41.057,96.0,1.2699999999999999e-54,182.0,Other non-arthropod,FLAG_REVIEW,5,5,tr|A0ABU3VQR6|A0ABU3VQR6_9EURY Glucose 1-dehydrogenase OS=Methanimicrococcus hacksteinii OX=3028293 GN=gdh_2 PE=3 SV=1
g20924.t1,tr|A0A0E3KY04|A0A0E3KY04_METTT,Methanosarcina thermophila (strain ATCC 43570 / DSM 1825 / OCM 12 / VKM B-1830 / TM-1),36.095,94.0,1.0100000000000001e-31,120.0,Other non-arthropod,FLAG_REVIEW,5,5,tr|A0A0E3KY04|A0A0E3KY04_METTT 3-oxoacyl-[acyl-carrier protein] reductase OS=Methanosarcina thermophila (strain ATCC 43570 / DSM 1825 / OCM 12 / VKM B-1830 / TM-1) OX=523844 GN=MSTHT_0258 PE=3 SV=1
g20925.t1,sp|Q642C0|DNJC8_RAT,Rattus norvegicus,54.852,96.0,4.64e-86,262.0,Other non-arthropod,FLAG_REVIEW,5,5,sp|Q642C0|DNJC8_RAT DnaJ homolog subfamily C member 8 OS=Rattus norvegicus OX=10116 GN=Dnajc8 PE=2 SV=1
g20926.t1,sp|Q5XTS1|PLPL8_RABIT,Oryctolagus cuniculus,40.161,97.0,8.59e-51,184.0,Other non-arthropod,FLAG_REVIEW,5,5,sp|Q5XTS1|PLPL8_RABIT Calcium-independent phospholipase A2-gamma OS=Oryctolagus cuniculus OX=9986 GN=PNPLA8 PE=1 SV=1
g20936.t1,tr|A0A2I1FYZ8|A0A2I1FYZ8_9GLOM,Rhizophagus irregularis,39.316,83.0,3.3e-20,90.5,Other non-arthropod,FLAG_REVIEW,5,5,tr|A0A2I1FYZ8|A0A2I1FYZ8_9GLOM Helitron helicase-like domain-containing protein (Fragment) OS=Rhizophagus irregularis OX=588596 GN=RhiirA4_312718 PE=4 SV=1
g20937.t1,sp|Q6P3X8|PGBD2_HUMAN,Homo sapiens,35.636,97.0,5.04e-40,160.0,Other non-arthropod,FLAG_REVIEW,4,4,sp|Q6P3X8|PGBD2_HUMAN PiggyBac transposable element-derived protein 2 OS=Homo sapiens OX=9606 GN=PGBD2 PE=1 SV=1
g20938.t1,sp|Q8N328|PGBD3_HUMAN,Homo sapiens,34.222,93.0,1.8299999999999999e-25,111.0,Other non-arthropod,FLAG_REVIEW,3,3,sp|Q8N328|PGBD3_HUMAN PiggyBac transposable element-derived protein 3 OS=Homo sapiens OX=9606 GN=PGBD3 PE=1 SV=3
g20946.t1,sp|Q921V5|MGAT2_MOUSE,Mus musculus,48.421,89.0,2.97e-65,214.0,Other non-arthropod,FLAG_REVIEW,5,5,"sp|Q921V5|MGAT2_MOUSE Alpha-1,6-mannosyl-glycoprotein 2-beta-N-acetylglucosaminyltransferase OS=Mus musculus OX=10090 GN=Mgat2 PE=1 SV=1"
g20947.t1,tr|A0ABU3VQF3|A0ABU3VQF3_9EURY,Methanimicrococcus hacksteinii,48.485,83.0,5.39e-13,68.9,Other non-arthropod,FLAG_REVIEW,22,22,tr|A0ABU3VQF3|A0ABU3VQF3_9EURY Uncharacterized protein OS=Methanimicrococcus hacksteinii OX=3028293 GN=MmiAt1_12380 PE=4 SV=1
g20949.t1,tr|A0A261XX09|A0A261XX09_9FUNG,Bifiguratus adelaidae,43.511,89.0,7.97e-68,218.0,Other non-arthropod,FLAG_REVIEW,1,1,tr|A0A261XX09|A0A261XX09_9FUNG RNA exonuclease 4 OS=Bifiguratus adelaidae OX=1938954 GN=BZG36_03804 PE=3 SV=1
g20950.t1,sp|Q28CH3|UAP1L_XENTR,Xenopus tropicalis,49.691,95.0,4.8699999999999995e-168,490.0,Other non-arthropod,FLAG_REVIEW,5,5,sp|Q28CH3|UAP1L_XENTR UDP-N-acetylhexosamine pyrophosphorylase-like protein 1 OS=Xenopus tropicalis OX=8364 GN=uap1l1 PE=2 SV=1
g20951.t1,sp|O46470|RGS7_BOVIN,Bos taurus,53.28,88.0,0.0,530.0,Other non-arthropod,FLAG_REVIEW,5,5,sp|O46470|RGS7_BOVIN Regulator of G protein signaling 7 OS=Bos taurus OX=9913 GN=RGS7 PE=1 SV=1
g20952.t1,tr|A0A4P9X7N3|A0A4P9X7N3_9FUNG,Caulochytrium protostelioides,32.955,100.0,1.83e-09,60.8,Other non-arthropod,FLAG_REVIEW,5,5,tr|A0A4P9X7N3|A0A4P9X7N3_9FUNG Uncharacterized protein OS=Caulochytrium protostelioides OX=1555241 GN=CXG81DRAFT_18918 PE=4 SV=1
g20954.t1,sp|Q8N328|PGBD3_HUMAN,Homo sapiens,34.802,80.0,9.19e-26,113.0,Other non-arthropod,FLAG_REVIEW,3,3,sp|Q8N328|PGBD3_HUMAN PiggyBac transposable element-derived protein 3 OS=Homo sapiens OX=9606 GN=PGBD3 PE=1 SV=3
g20957.t1,sp|Q80Y56|RBNS5_MOUSE,Mus musculus,33.77,91.0,5.26e-51,189.0,Other non-arthropod,FLAG_REVIEW,2,2,sp|Q80Y56|RBNS5_MOUSE Rabenosyn-5 OS=Mus musculus OX=10090 GN=Rbsn PE=1 SV=1
g20958.t1,sp|Q8CD92|TTC27_MOUSE,Mus musculus,36.984,78.0,4.43e-115,375.0,Other non-arthropod,FLAG_REVIEW,5,5,sp|Q8CD92|TTC27_MOUSE Tetratricopeptide repeat protein 27 OS=Mus musculus OX=10090 GN=Ttc27 PE=1 SV=2
g20966.t1,tr|A0A9W8DNE3|A0A9W8DNE3_9FUNG,Tieghemiomyces parasiticus,81.333,99.0,6.49e-40,132.0,Other non-arthropod,FLAG_REVIEW,5,5,tr|A0A9W8DNE3|A0A9W8DNE3_9FUNG 40S ribosomal protein S27 OS=Tieghemiomyces parasiticus OX=78921 GN=rps27_2 PE=3 SV=1
g20977.t1,sp|Q4V8D9|LRC34_RAT,Rattus norvegicus,31.858,84.0,8.93e-33,134.0,Other non-arthropod,FLAG_REVIEW,5,5,sp|Q4V8D9|LRC34_RAT Leucine-rich repeat-containing protein 34 OS=Rattus norvegicus OX=10116 GN=Lrrc34 PE=2 SV=1
g20980.t1,sp|Q8STF0|CALM_STRIE,Strongylocentrotus intermedius,69.388,99.0,1.34e-44,147.0,Other non-arthropod,FLAG_REVIEW,10,10,sp|Q8STF0|CALM_STRIE Calmodulin OS=Strongylocentrotus intermedius OX=7667 PE=2 SV=3
g20994.t1,sp|P12992|ESTJ_HELVI,Heliothis virescens,30.211,83.0,2.2599999999999999e-41,162.0,Other non-arthropod,FLAG_REVIEW,1,1,sp|P12992|ESTJ_HELVI Juvenile hormone esterase OS=Heliothis virescens OX=7102 PE=1 SV=2
g20996.t1,sp|Q6ZUK4|TMM26_HUMAN,Homo sapiens,34.294,76.0,7.089999999999999e-55,192.0,Other non-arthropod,FLAG_REVIEW,2,2,sp|Q6ZUK4|TMM26_HUMAN Transmembrane protein 26 OS=Homo sapiens OX=9606 GN=TMEM26 PE=1 SV=1
g20998.t1,tr|A0A9W4WRV0|A0A9W4WRV0_9GLOM,Funneliformis geosporum,45.089,99.0,7.07e-63,202.0,Other non-arthropod,FLAG_REVIEW,5,5,tr|A0A9W4WRV0|A0A9W4WRV0_9GLOM Protein-lysine N-methyltransferase EFM4 OS=Funneliformis geosporum OX=1117311 GN=EFM4 PE=3 SV=1
g21000.t2,sp|Q7TPH6|MYCB2_MOUSE,Mus musculus,31.111,79.0,3.59e-116,407.0,Other non-arthropod,FLAG_REVIEW,4,4,sp|Q7TPH6|MYCB2_MOUSE E3 ubiquitin-protein ligase MYCBP2 OS=Mus musculus OX=10090 GN=Mycbp2 PE=1 SV=3
g21002.t1,sp|Q8R189|PAQRA_MOUSE,Mus musculus,46.914,84.0,4.17e-17,79.7,Other non-arthropod,FLAG_REVIEW,5,5,sp|Q8R189|PAQRA_MOUSE Monocyte to macrophage differentiation factor 2 OS=Mus musculus OX=10090 GN=Mmd2 PE=2 SV=1
g21011.t1,sp|P54612|2AAA_PIG,Sus scrofa,76.239,99.0,0.0,917.0,Other non-arthropod,FLAG_REVIEW,5,5,sp|P54612|2AAA_PIG Serine/threonine-protein phosphatase 2A 65 kDa regulatory subunit A alpha isoform OS=Sus scrofa OX=9823 GN=PPP2R1A PE=2 SV=2
g21013.t1,sp|P31410|VATB_HELVI,Heliothis virescens,95.556,100.0,4.5599999999999994e-23,95.9,Other non-arthropod,FLAG_REVIEW,5,5,sp|P31410|VATB_HELVI V-type proton ATPase subunit B OS=Heliothis virescens OX=7102 GN=VHA55 PE=2 SV=1
g21016.t1,sp|Q498M4|WDR5_RAT,Rattus norvegicus,86.093,92.0,0.0,533.0,Other non-arthropod,FLAG_REVIEW,15,15,sp|Q498M4|WDR5_RAT WD repeat-containing protein 5 OS=Rattus norvegicus OX=10116 GN=Wdr5 PE=1 SV=1
g21024.t1,sp|Q6P2W7|LTOR1_XENTR,Xenopus tropicalis,34.302,88.0,7.33e-17,80.5,Other non-arthropod,FLAG_REVIEW,5,5,sp|Q6P2W7|LTOR1_XENTR Ragulator complex protein LAMTOR1 OS=Xenopus tropicalis OX=8364 GN=lamtor1 PE=2 SV=1
g21025.t1,sp|Q7T2D4|ERGI2_DANRE,Danio rerio,42.328,97.0,5.43e-96,298.0,Other non-arthropod,FLAG_REVIEW,5,5,sp|Q7T2D4|ERGI2_DANRE Endoplasmic reticulum-Golgi intermediate compartment protein 2 OS=Danio rerio OX=7955 GN=ergic2 PE=2 SV=1
g21033.t1,sp|Q54433|COAC_STRMU,Streptococcus mutans serotype c (strain ATCC 700610 / UA159),53.216,92.0,5.14e-60,191.0,Bacterial,FLAG_POSSIBLE_CONTAMINATION,5,5,sp|Q54433|COAC_STRMU Probable phosphopantothenoylcysteine decarboxylase OS=Streptococcus mutans serotype c (strain ATCC 700610 / UA159) OX=210007 GN=coaC PE=3 SV=2
g21036.t1,sp|O34507|PRKC_BACSU,Bacillus subtilis (strain 168),37.37,87.0,9.14e-103,333.0,Bacterial,FLAG_POSSIBLE_CONTAMINATION,4,4,sp|O34507|PRKC_BACSU Serine/threonine-protein kinase PrkC OS=Bacillus subtilis (strain 168) OX=224308 GN=prkC PE=1 SV=1
g21037.t1,sp|O32231|RNR_BACSU,Bacillus subtilis (strain 168),50.274,72.0,0.0,590.0,Bacterial,FLAG_POSSIBLE_CONTAMINATION,4,4,sp|O32231|RNR_BACSU Ribonuclease R OS=Bacillus subtilis (strain 168) OX=224308 GN=rnr PE=1 SV=1
g21039.t1,sp|Q8XHR6|RL10_CLOPE,Clostridium perfringens (strain 13 / Type A),53.896,94.0,1.08e-48,161.0,Bacterial,FLAG_POSSIBLE_CONTAMINATION,5,5,sp|Q8XHR6|RL10_CLOPE Large ribosomal subunit protein uL10 OS=Clostridium perfringens (strain 13 / Type A) OX=195102 GN=rplJ PE=3 SV=1
g21040.t1,sp|A8MLD1|RL7_ALKOO,Alkaliphilus oremlandii (strain OhILAs),65.574,98.0,3.23e-43,144.0,Other non-arthropod,FLAG_REVIEW,5,5,sp|A8MLD1|RL7_ALKOO Large ribosomal subunit protein bL12 OS=Alkaliphilus oremlandii (strain OhILAs) OX=350688 GN=rplL PE=3 SV=1
g21041.t1,sp|A3DIZ4|RPOB_ACET2,Acetivibrio thermocellus (strain ATCC 27405 / DSM 1237 / JCM 9322 / NBRC 103400 / NCIMB 10682 / NRRL B-4536 / VPI 7372),69.752,94.0,0.0,1701.0,Bacterial,FLAG_POSSIBLE_CONTAMINATION,5,5,sp|A3DIZ4|RPOB_ACET2 DNA-directed RNA polymerase subunit beta OS=Acetivibrio thermocellus (strain ATCC 27405 / DSM 1237 / JCM 9322 / NBRC 103400 / NCIMB 10682 / NRRL B-4536 / VPI 7372) OX=203119 GN=rpoB PE=1 SV=1
g21042.t1,sp|A9KJL3|RPOC_LACP7,Lachnoclostridium phytofermentans (strain ATCC 700394 / DSM 18823 / ISDg),73.567,99.0,0.0,1625.0,Bacterial,FLAG_POSSIBLE_CONTAMINATION,5,5,sp|A9KJL3|RPOC_LACP7 DNA-directed RNA polymerase subunit beta' OS=Lachnoclostridium phytofermentans (strain ATCC 700394 / DSM 18823 / ISDg) OX=357809 GN=rpoC PE=3 SV=1
g21043.t1,sp|P37484|GDPP_BACSU,Bacillus subtilis (strain 168),39.22,97.0,9.9e-111,348.0,Bacterial,FLAG_POSSIBLE_CONTAMINATION,5,5,sp|P37484|GDPP_BACSU Cyclic-di-AMP phosphodiesterase GdpP OS=Bacillus subtilis (strain 168) OX=224308 GN=gdpP PE=1 SV=1
g21044.t1,sp|P37469|DNAC_BACSU,Bacillus subtilis (strain 168),53.759,99.0,4.17e-164,476.0,Bacterial,FLAG_POSSIBLE_CONTAMINATION,5,5,sp|P37469|DNAC_BACSU Replicative DNA helicase DnaC OS=Bacillus subtilis (strain 168) OX=224308 GN=dnaC PE=1 SV=2
g21045.t1,sp|O05519|YDIF_BACSU,Bacillus subtilis (strain 168),41.562,99.0,3.24e-177,524.0,Bacterial,FLAG_POSSIBLE_CONTAMINATION,6,6,sp|O05519|YDIF_BACSU Putative ATP-binding protein YdiF OS=Bacillus subtilis (strain 168) OX=224308 GN=ydiF PE=3 SV=2
g21047.t1,tr|A0ACA9LI68|A0ACA9LI68_9GLOM,Cetraspora pellucida,50.485,94.0,1.29e-21,95.5,Other non-arthropod,FLAG_REVIEW,4,4,tr|A0ACA9LI68|A0ACA9LI68_9GLOM 14271_t:CDS:1 OS=Cetraspora pellucida OX=1433469 GN=SPELUC_LOCUS4346 PE=4 SV=1
g21048.t1,sp|B2V5H4|SYE_CLOBA,Clostridium botulinum (strain Alaska E43 / Type E3),61.538,99.0,0.0,612.0,Bacterial,FLAG_POSSIBLE_CONTAMINATION,5,5,sp|B2V5H4|SYE_CLOBA Glutamate--tRNA ligase OS=Clostridium botulinum (strain Alaska E43 / Type E3) OX=508767 GN=gltX PE=3 SV=1
g21049.t1,sp|Q8RB77|GPR_CALS4,Caldanaerobacter subterraneus subsp. tengcongensis (strain DSM 15242 / JCM 11007 / NBRC 100824 / MB4),49.085,95.0,9.029999999999999e-114,339.0,Bacterial,FLAG_POSSIBLE_CONTAMINATION,5,5,sp|Q8RB77|GPR_CALS4 Germination protease OS=Caldanaerobacter subterraneus subsp. tengcongensis (strain DSM 15242 / JCM 11007 / NBRC 100824 / MB4) OX=273068 GN=gpr PE=3 SV=1
g21050.t1,sp|Q59229|AK_BACSG,Bacillus sp. (strain MGA3),51.451,97.0,1.82e-127,379.0,Bacterial,FLAG_POSSIBLE_CONTAMINATION,5,5,sp|Q59229|AK_BACSG Aspartokinase OS=Bacillus sp. (strain MGA3) OX=126782 GN=lysC PE=1 SV=1
g21051.t1,sp|Q05203|FLA_HALH5,Halalkalibacterium halodurans (strain ATCC BAA-125 / DSM 18197 / FERM 7344 / JCM 9153 / C-125),52.982,97.0,5.8700000000000006e-86,265.0,Bacterial,FLAG_POSSIBLE_CONTAMINATION,5,5,sp|Q05203|FLA_HALH5 Flagellin OS=Halalkalibacterium halodurans (strain ATCC BAA-125 / DSM 18197 / FERM 7344 / JCM 9153 / C-125) OX=272558 GN=hag PE=1 SV=1
g21052.t1,tr|Q6LY64|Q6LY64_METMP,Methanococcus maripaludis (strain DSM 14266 / JCM 13030 / NBRC 101832 / S2 / LL),60.837,99.0,0.0,807.0,Other non-arthropod,FLAG_REVIEW,5,5,tr|Q6LY64|Q6LY64_METMP RNA binding S1 OS=Methanococcus maripaludis (strain DSM 14266 / JCM 13030 / NBRC 101832 / S2 / LL) OX=267377 GN=MMP1127 PE=4 SV=1
g21053.t1,tr|C6A3V3|C6A3V3_THESM,Thermococcus sibiricus (strain DSM 12597 / MM 739),35.244,97.0,6.800000000000001e-58,198.0,Other non-arthropod,FLAG_REVIEW,5,5,tr|C6A3V3|C6A3V3_THESM Radical SAM core domain-containing protein OS=Thermococcus sibiricus (strain DSM 12597 / MM 739) OX=604354 GN=TSIB_1244 PE=4 SV=1
g21058.t1,tr|A0A5B9DAV3|A0A5B9DAV3_9ARCH,Promethearchaeum syntrophicum,57.44,82.0,2.5599999999999998e-136,409.0,Bacterial,FLAG_POSSIBLE_CONTAMINATION,5,5,tr|A0A5B9DAV3|A0A5B9DAV3_9ARCH ABC transporter ATP-binding protein OS=Promethearchaeum syntrophicum OX=2594042 GN=DSAG12_01563 PE=4 SV=2
g21061.t1,tr|A0A2H1FGY8|A0A2H1FGY8_9ARCH,Candidatus Nitrosotalea okcheonensis,47.682,88.0,1.28e-42,145.0,Fungal,FLAG_POSSIBLE_CONTAMINATION,5,5,tr|A0A2H1FGY8|A0A2H1FGY8_9ARCH peptidylprolyl isomerase OS=Candidatus Nitrosotalea okcheonensis OX=1903276 GN=rotA PE=4 SV=1
g21062.t1,tr|F6D459|F6D459_METPW,Methanobacterium paludis (strain DSM 25820 / JCM 18151 / SWAN1),56.167,82.0,0.0,633.0,Bacterial,FLAG_POSSIBLE_CONTAMINATION,5,5,tr|F6D459|F6D459_METPW RNA helicase OS=Methanobacterium paludis (strain DSM 25820 / JCM 18151 / SWAN1) OX=868131 GN=MSWAN_0441 PE=3 SV=1
g21064.t1,sp|P37960|MRGA_BACSU,Bacillus subtilis (strain 168),53.191,99.0,2.54e-49,161.0,Bacterial,FLAG_POSSIBLE_CONTAMINATION,5,5,sp|P37960|MRGA_BACSU Metalloregulation DNA-binding stress protein OS=Bacillus subtilis (strain 168) OX=224308 GN=mrgA PE=1 SV=2
g21074.t1,sp|Q76EC9|PLYL_THEST,Thermoclostridium stercorarium,36.235,76.0,0.0,692.0,Bacterial,FLAG_POSSIBLE_CONTAMINATION,1,1,sp|Q76EC9|PLYL_THEST Pectate lyase L OS=Thermoclostridium stercorarium OX=1510 GN=pel9A PE=1 SV=1
g21078.t1,tr|A0ACC0QBX3|A0ACC0QBX3_9HYPO,Fusarium keratoplasticum,31.136,75.0,6.0799999999999995e-46,176.0,Other non-arthropod,FLAG_REVIEW,5,5,tr|A0ACC0QBX3|A0ACC0QBX3_9HYPO Amidase domain-containing protein OS=Fusarium keratoplasticum OX=1328300 GN=NCS57_01459300 PE=4 SV=1
g21079.t1,sp|Q833W8|LACD2_ENTFA,Enterococcus faecalis (strain ATCC 700802 / V583),66.772,99.0,1.56e-147,424.0,Other non-arthropod,FLAG_REVIEW,5,5,"sp|Q833W8|LACD2_ENTFA Tagatose 1,6-diphosphate aldolase 2 OS=Enterococcus faecalis (strain ATCC 700802 / V583) OX=226185 GN=lacD2 PE=3 SV=1"
g21080.t1,sp|P26424|LACB_STRMU,Streptococcus mutans serotype c (strain ATCC 700610 / UA159),63.473,71.0,9.719999999999999e-69,220.0,Bacterial,FLAG_POSSIBLE_CONTAMINATION,6,6,sp|P26424|LACB_STRMU Galactose-6-phosphate isomerase subunit LacB OS=Streptococcus mutans serotype c (strain ATCC 700610 / UA159) OX=210007 GN=lacB PE=3 SV=2
g21082.t1,sp|Q99171|TEPA_BACSU,Bacillus subtilis (strain 168),50.833,91.0,5.03e-80,247.0,Bacterial,FLAG_POSSIBLE_CONTAMINATION,2,2,sp|Q99171|TEPA_BACSU Translocation-enhancing protein TepA OS=Bacillus subtilis (strain 168) OX=224308 GN=tepA PE=2 SV=4
g21083.t1,sp|A8MG73|SYG_ALKOO,Alkaliphilus oremlandii (strain OhILAs),73.246,100.0,0.0,739.0,Other non-arthropod,FLAG_REVIEW,5,5,sp|A8MG73|SYG_ALKOO Glycine--tRNA ligase OS=Alkaliphilus oremlandii (strain OhILAs) OX=350688 GN=glyQS PE=3 SV=1
g21084.t1,sp|Q8XPD7|Y026_CLOPE,Clostridium perfringens (strain 13 / Type A),33.219,98.0,4.54e-45,160.0,Bacterial,FLAG_POSSIBLE_CONTAMINATION,4,4,sp|Q8XPD7|Y026_CLOPE DegV domain-containing protein CPE0026 OS=Clostridium perfringens (strain 13 / Type A) OX=195102 GN=CPE0026 PE=3 SV=1
g21085.t1,sp|P70945|YITS_BACSU,Bacillus subtilis (strain 168),37.37,97.0,2.09e-42,153.0,Bacterial,FLAG_POSSIBLE_CONTAMINATION,5,5,sp|P70945|YITS_BACSU DegV domain-containing protein YitS OS=Bacillus subtilis (strain 168) OX=224308 GN=yitS PE=3 SV=1
g21087.t1,sp|Q8R8M4|UVRB_CALS4,Caldanaerobacter subterraneus subsp. tengcongensis (strain DSM 15242 / JCM 11007 / NBRC 100824 / MB4),70.89,100.0,0.0,991.0,Bacterial,FLAG_POSSIBLE_CONTAMINATION,5,5,sp|Q8R8M4|UVRB_CALS4 UvrABC system protein B OS=Caldanaerobacter subterraneus subsp. tengcongensis (strain DSM 15242 / JCM 11007 / NBRC 100824 / MB4) OX=273068 GN=uvrB PE=3 SV=1
g21088.t1,sp|Q97LQ1|UVRA_CLOAB,Clostridium acetobutylicum (strain ATCC 824 / DSM 792 / JCM 1419 / IAM 19013 / LMG 5710 / NBRC 13948 / NRRL B-527 / VKM B-1787 / 2291 / W),64.492,77.0,0.0,1264.0,Bacterial,FLAG_POSSIBLE_CONTAMINATION,9,9,sp|Q97LQ1|UVRA_CLOAB UvrABC system protein A OS=Clostridium acetobutylicum (strain ATCC 824 / DSM 792 / JCM 1419 / IAM 19013 / LMG 5710 / NBRC 13948 / NRRL B-527 / VKM B-1787 / 2291 / W) OX=272562 GN=uvrA PE=3 SV=1
g21089.t1,sp|Q8RBN5|SYV_CALS4,Caldanaerobacter subterraneus subsp. tengcongensis (strain DSM 15242 / JCM 11007 / NBRC 100824 / MB4),55.708,81.0,0.0,1055.0,Bacterial,FLAG_POSSIBLE_CONTAMINATION,5,5,sp|Q8RBN5|SYV_CALS4 Valine--tRNA ligase OS=Caldanaerobacter subterraneus subsp. tengcongensis (strain DSM 15242 / JCM 11007 / NBRC 100824 / MB4) OX=273068 GN=valS PE=3 SV=1
g21094.t1,sp|Q44767|FLGE_BORBU,Borreliella burgdorferi (strain ATCC 35210 / DSM 4680 / CIP 102532 / B31),37.719,99.0,1.24e-71,238.0,Other non-arthropod,FLAG_REVIEW,5,5,sp|Q44767|FLGE_BORBU Flagellar hook protein FlgE OS=Borreliella burgdorferi (strain ATCC 35210 / DSM 4680 / CIP 102532 / B31) OX=224326 GN=flgE PE=3 SV=1
g21095.t1,sp|P46826|YTXD_PRIMG,Priestia megaterium,42.775,91.0,6.869999999999999e-48,163.0,Other non-arthropod,FLAG_REVIEW,5,5,sp|P46826|YTXD_PRIMG Uncharacterized 29.3 kDa protein in ccpA 3'region OS=Priestia megaterium OX=1404 GN=ytxD PE=3 SV=1
g21096.t1,sp|P28612|MOTB_BACSU,Bacillus subtilis (strain 168),32.215,88.0,3.0099999999999995e-23,99.0,Bacterial,FLAG_POSSIBLE_CONTAMINATION,4,4,sp|P28612|MOTB_BACSU Motility protein B OS=Bacillus subtilis (strain 168) OX=224308 GN=motB PE=1 SV=1
g21098.t1,sp|P24072|CHEY_BACSU,Bacillus subtilis (strain 168),70.085,97.0,5.22e-56,176.0,Bacterial,FLAG_POSSIBLE_CONTAMINATION,5,5,sp|P24072|CHEY_BACSU Chemotaxis protein CheY OS=Bacillus subtilis (strain 168) OX=224308 GN=cheY PE=1 SV=3
g21100.t1,sp|Q9KA74|NUSA_HALH5,Halalkalibacterium halodurans (strain ATCC BAA-125 / DSM 18197 / FERM 7344 / JCM 9153 / C-125),56.25,93.0,1.66e-141,413.0,Bacterial,FLAG_POSSIBLE_CONTAMINATION,5,5,sp|Q9KA74|NUSA_HALH5 Transcription termination/antitermination protein NusA OS=Halalkalibacterium halodurans (strain ATCC BAA-125 / DSM 18197 / FERM 7344 / JCM 9153 / C-125) OX=272558 GN=nusA PE=3 SV=1
g21101.t1,sp|A4XL70|IF2_CALS8,Caldicellulosiruptor saccharolyticus (strain ATCC 43494 / DSM 8903 / Tp8T 6331),62.207,80.0,0.0,759.0,Other non-arthropod,FLAG_REVIEW,5,5,sp|A4XL70|IF2_CALS8 Translation initiation factor IF-2 OS=Caldicellulosiruptor saccharolyticus (strain ATCC 43494 / DSM 8903 / Tp8T 6331) OX=351627 GN=infB PE=3 SV=1
g21102.t1,sp|A8MH28|RSMH_ALKOO,Alkaliphilus oremlandii (strain OhILAs),69.626,77.0,4.81e-103,309.0,Other non-arthropod,FLAG_REVIEW,5,5,sp|A8MH28|RSMH_ALKOO Ribosomal RNA small subunit methyltransferase H OS=Alkaliphilus oremlandii (strain OhILAs) OX=350688 GN=rsmH PE=3 SV=1
g21103.t1,sp|Q03524|SP5D_BACSU,Bacillus subtilis (strain 168),33.175,85.0,1.59e-93,311.0,Bacterial,FLAG_POSSIBLE_CONTAMINATION,1,1,sp|Q03524|SP5D_BACSU Stage V sporulation protein D OS=Bacillus subtilis (strain 168) OX=224308 GN=spoVD PE=1 SV=3
g21105.t1,sp|O31611|YJBM_BACSU,Bacillus subtilis (strain 168),50.0,76.0,1.27e-62,202.0,Bacterial,FLAG_POSSIBLE_CONTAMINATION,2,2,sp|O31611|YJBM_BACSU GTP pyrophosphokinase YjbM OS=Bacillus subtilis (strain 168) OX=224308 GN=yjbM PE=1 SV=1
g21106.t1,sp|A0A0I9QGZ2|TKT_GEOSE,Geobacillus stearothermophilus,52.18,99.0,0.0,712.0,Bacterial,FLAG_POSSIBLE_CONTAMINATION,5,5,sp|A0A0I9QGZ2|TKT_GEOSE Transketolase OS=Geobacillus stearothermophilus OX=1422 GN=tkt PE=1 SV=1
g21107.t1,sp|P50840|YPSC_BACSU,Bacillus subtilis (strain 168),53.034,99.0,5.78e-139,407.0,Bacterial,FLAG_POSSIBLE_CONTAMINATION,5,5,sp|P50840|YPSC_BACSU Putative RNA methyltransferase YpsC OS=Bacillus subtilis (strain 168) OX=224308 GN=ypsC PE=1 SV=1
g21109.t1,sp|Q9GV41|PGFS_TRYBB,Trypanosoma brucei brucei,54.615,99.0,4.6099999999999996e-98,294.0,Other non-arthropod,FLAG_REVIEW,5,5,"sp|Q9GV41|PGFS_TRYBB 9,11-endoperoxide prostaglandin H2 reductase OS=Trypanosoma brucei brucei OX=5702 PE=1 SV=1"
g21111.t1,sp|Q02929|CPS_ACET2,Acetivibrio thermocellus (strain ATCC 27405 / DSM 1237 / JCM 9322 / NBRC 103400 / NCIMB 10682 / NRRL B-4536 / VPI 7372),36.705,97.0,1.38e-51,186.0,Bacterial,FLAG_POSSIBLE_CONTAMINATION,5,5,sp|Q02929|CPS_ACET2 Putative sensory transducer protein OS=Acetivibrio thermocellus (strain ATCC 27405 / DSM 1237 / JCM 9322 / NBRC 103400 / NCIMB 10682 / NRRL B-4536 / VPI 7372) OX=203119 GN=Cthe_0039 PE=3 SV=1
g21113.t1,sp|P44863|Y755_HAEIN,Haemophilus influenzae (strain ATCC 51907 / DSM 11121 / KW20 / Rd),30.89,77.0,8.119999999999999e-23,100.0,Other non-arthropod,FLAG_REVIEW,1,1,sp|P44863|Y755_HAEIN Uncharacterized protein HI_0755 OS=Haemophilus influenzae (strain ATCC 51907 / DSM 11121 / KW20 / Rd) OX=71421 GN=HI_0755 PE=1 SV=1
g21115.t1,sp|Q02929|CPS_ACET2,Acetivibrio thermocellus (strain ATCC 27405 / DSM 1237 / JCM 9322 / NBRC 103400 / NCIMB 10682 / NRRL B-4536 / VPI 7372),37.209,78.0,4.12e-50,185.0,Bacterial,FLAG_POSSIBLE_CONTAMINATION,1,1,sp|Q02929|CPS_ACET2 Putative sensory transducer protein OS=Acetivibrio thermocellus (strain ATCC 27405 / DSM 1237 / JCM 9322 / NBRC 103400 / NCIMB 10682 / NRRL B-4536 / VPI 7372) OX=203119 GN=Cthe_0039 PE=3 SV=1
g21117.t1,sp|P52213|TRXB_PEPLI,Peptoclostridium litorale,59.105,99.0,6.7800000000000006e-133,386.0,Bacterial,FLAG_POSSIBLE_CONTAMINATION,5,5,sp|P52213|TRXB_PEPLI Thioredoxin reductase OS=Peptoclostridium litorale OX=1557 GN=trxB PE=3 SV=1
g21118.t1,sp|P21610|THIO_PEPAC,Peptoclostridium acidaminophilum,53.333,100.0,2.87e-36,125.0,Bacterial,FLAG_POSSIBLE_CONTAMINATION,5,5,sp|P21610|THIO_PEPAC Thioredoxin OS=Peptoclostridium acidaminophilum OX=1731 GN=trxA PE=1 SV=2
g21120.t1,tr|L0AF18|L0AF18_NATGS,Natronobacterium gregoryi (strain ATCC 43098 / DSM 3393 / CCM 3738 / CIP 104747 / IAM 13177 / JCM 8860 / NBRC 102187 / NCIMB 2189 / SP2),33.144,79.0,7.989999999999999e-95,312.0,Bacterial,FLAG_POSSIBLE_CONTAMINATION,1,1,tr|L0AF18|L0AF18_NATGS NADH:flavin oxidoreductase OS=Natronobacterium gregoryi (strain ATCC 43098 / DSM 3393 / CCM 3738 / CIP 104747 / IAM 13177 / JCM 8860 / NBRC 102187 / NCIMB 2189 / SP2) OX=797304 GN=Natgr_1212 PE=3 SV=1
g21121.t1,sp|O87667|GYRB_CAMJE,Campylobacter jejuni subsp. jejuni serotype O:2 (strain ATCC 700819 / NCTC 11168),45.652,85.0,1.87e-15,80.9,Bacterial,FLAG_POSSIBLE_CONTAMINATION,10,10,sp|O87667|GYRB_CAMJE DNA gyrase subunit B OS=Campylobacter jejuni subsp. jejuni serotype O:2 (strain ATCC 700819 / NCTC 11168) OX=192222 GN=gyrB PE=3 SV=2
g21124.t1,sp|A9KLS2|RIMO_LACP7,Lachnoclostridium phytofermentans (strain ATCC 700394 / DSM 18823 / ISDg),51.781,98.0,2.52e-157,458.0,Bacterial,FLAG_POSSIBLE_CONTAMINATION,5,5,sp|A9KLS2|RIMO_LACP7 Ribosomal protein uS12 methylthiotransferase RimO OS=Lachnoclostridium phytofermentans (strain ATCC 700394 / DSM 18823 / ISDg) OX=357809 GN=rimO PE=3 SV=1
g21126.t1,tr|F2KSX0|F2KSX0_ARCVS,Archaeoglobus veneficus (strain DSM 11195 / SNP6),31.095,95.0,3.97e-29,120.0,Bacterial,FLAG_POSSIBLE_CONTAMINATION,4,4,"tr|F2KSX0|F2KSX0_ARCVS ABC-type transporter, periplasmic subunit OS=Archaeoglobus veneficus (strain DSM 11195 / SNP6) OX=693661 GN=Arcve_1004 PE=4 SV=1"
g21128.t1,sp|A0QNG3|PBPA_MYCS2,Mycolicibacterium smegmatis (strain ATCC 700084 / mc(2)155),34.483,85.0,3.47e-16,80.9,Bacterial,FLAG_POSSIBLE_CONTAMINATION,4,4,"sp|A0QNG3|PBPA_MYCS2 Peptidoglycan D,D-transpeptidase PbpA OS=Mycolicibacterium smegmatis (strain ATCC 700084 / mc(2)155) OX=246196 GN=pbpA PE=3 SV=1"
g21129.t1,sp|P37351|RPIB_ECOLI,Escherichia coli (strain K12),63.699,100.0,1.25e-60,190.0,Bacterial,FLAG_POSSIBLE_CONTAMINATION,5,5,sp|P37351|RPIB_ECOLI Ribose-5-phosphate isomerase B OS=Escherichia coli (strain K12) OX=83333 GN=rpiB PE=1 SV=2
g21130.t1,sp|A7MID0|TDH_CROS8,Cronobacter sakazakii (strain ATCC BAA-894),59.593,100.0,2.21e-155,446.0,Bacterial,FLAG_POSSIBLE_CONTAMINATION,5,5,sp|A7MID0|TDH_CROS8 L-threonine 3-dehydrogenase OS=Cronobacter sakazakii (strain ATCC BAA-894) OX=290339 GN=tdh PE=3 SV=1
g21131.t1,sp|P37419|KBL_SALTY,Salmonella typhimurium (strain LT2 / SGSC1412 / ATCC 700720),65.429,100.0,3.43e-173,493.0,Bacterial,FLAG_POSSIBLE_CONTAMINATION,5,5,sp|P37419|KBL_SALTY 2-amino-3-ketobutyrate coenzyme A ligase OS=Salmonella typhimurium (strain LT2 / SGSC1412 / ATCC 700720) OX=99287 GN=kbl PE=3 SV=2
g21133.t1,tr|A0ACC2ZNN1|A0ACC2ZNN1_9EURO,Neophaeococcomyces mojaviensis,30.508,78.0,3.52e-55,213.0,Other non-arthropod,FLAG_REVIEW,1,1,tr|A0ACC2ZNN1|A0ACC2ZNN1_9EURO Uncharacterized protein OS=Neophaeococcomyces mojaviensis OX=3383035 GN=H2198_010954 PE=3 SV=1
g21135.t1,sp|P45908|YQAK_BACSU,Bacillus subtilis (strain 168),41.322,84.0,2.66e-52,178.0,Bacterial,FLAG_POSSIBLE_CONTAMINATION,2,2,sp|P45908|YQAK_BACSU Uncharacterized protein YqaK OS=Bacillus subtilis (strain 168) OX=224308 GN=yqaK PE=4 SV=1
g21139.t1,sp|A4ZFB3|CAPSD_BP80A,Staphylococcus phage 80alpha,38.189,97.0,2.5999999999999997e-42,153.0,Bacterial,FLAG_POSSIBLE_CONTAMINATION,2,2,sp|A4ZFB3|CAPSD_BP80A Major capsid protein OS=Staphylococcus phage 80alpha OX=53369 GN=gp47 PE=1 SV=1
g21144.t1,tr|A0ACH3WG49|A0ACH3WG49_9EURY,Methanosarcina hadiensis,35.096,90.0,7.2e-91,303.0,Other non-arthropod,FLAG_REVIEW,1,1,tr|A0ACH3WG49|A0ACH3WG49_9EURY Uncharacterized protein OS=Methanosarcina hadiensis OX=3078083 GN=RSJ42_00130 PE=4 SV=1
g21146.t1,tr|A0A1I4PTG1|A0A1I4PTG1_9EURY,Methanolobus profundi,52.138,99.0,0.0,617.0,Other non-arthropod,FLAG_REVIEW,5,5,tr|A0A1I4PTG1|A0A1I4PTG1_9EURY Uncharacterized protein OS=Methanolobus profundi OX=487685 GN=SAMN04488696_0884 PE=4 SV=1
g21149.t1,tr|A0A090I7Z3|A0A090I7Z3_METFO,Methanobacterium formicicum,30.556,99.0,3.73e-22,94.4,Bacterial,FLAG_POSSIBLE_CONTAMINATION,4,4,tr|A0A090I7Z3|A0A090I7Z3_METFO Nitroreductase OS=Methanobacterium formicicum OX=2162 GN=MB9_2035 PE=3 SV=1
g21152.t1,sp|A9BJC1|MGGB_PETMO,Petrotoga mobilis (strain DSM 10674 / SJ95),30.661,70.0,7.13e-51,191.0,Other non-arthropod,FLAG_REVIEW,1,1,sp|A9BJC1|MGGB_PETMO Mannosylglucosyl-3-phosphoglycerate phosphatase OS=Petrotoga mobilis (strain DSM 10674 / SJ95) OX=403833 GN=mggB PE=1 SV=1
g21154.t1,sp|A0A4S4ESS1|ALADC_CAMSN,Camellia sinensis var. sinensis,30.53,82.0,2.4500000000000002e-29,125.0,Other non-arthropod,FLAG_REVIEW,2,2,sp|A0A4S4ESS1|ALADC_CAMSN Alanine decarboxylase OS=Camellia sinensis var. sinensis OX=542762 GN=AlaDC PE=1 SV=2
g21157.t1,tr|A0A1F2PBL6|A0A1F2PBL6_9ARCH,Candidatus Syntropharchaeum caldarium,49.476,99.0,0.0,555.0,Bacterial,FLAG_POSSIBLE_CONTAMINATION,5,5,tr|A0A1F2PBL6|A0A1F2PBL6_9ARCH CoB--CoM heterodisulfide reductase iron-sulfur subunit A OS=Candidatus Syntropharchaeum caldarium OX=1838285 GN=hdrA PE=3 SV=1
g21160.t1,sp|Q04729|YFUM2_GEOSE,Geobacillus stearothermophilus,44.643,93.0,5.38e-62,201.0,Bacterial,FLAG_POSSIBLE_CONTAMINATION,5,5,sp|Q04729|YFUM2_GEOSE Uncharacterized 30.6 kDa protein in fumA 3'region OS=Geobacillus stearothermophilus OX=1422 PE=3 SV=1
g21161.t1,sp|Q8EK12|SYW_SHEON,Shewanella oneidensis (strain ATCC 700550 / JCM 31522 / CIP 106686 / LMG 19005 / NCIMB 14063 / MR-1),56.087,98.0,4.9900000000000003e-88,270.0,Other non-arthropod,FLAG_REVIEW,5,5,sp|Q8EK12|SYW_SHEON Tryptophan--tRNA ligase OS=Shewanella oneidensis (strain ATCC 700550 / JCM 31522 / CIP 106686 / LMG 19005 / NCIMB 14063 / MR-1) OX=211586 GN=trpS PE=3 SV=1
g21162.t1,sp|Q8RA23|PYRH_CALS4,Caldanaerobacter subterraneus subsp. tengcongensis (strain DSM 15242 / JCM 11007 / NBRC 100824 / MB4),48.444,89.0,1.67e-66,212.0,Bacterial,FLAG_POSSIBLE_CONTAMINATION,5,5,sp|Q8RA23|PYRH_CALS4 Uridylate kinase OS=Caldanaerobacter subterraneus subsp. tengcongensis (strain DSM 15242 / JCM 11007 / NBRC 100824 / MB4) OX=273068 GN=pyrH PE=3 SV=1
g21163.t1,sp|C4ZA73|RRF_AGARV,Agathobacter rectalis (strain ATCC 33656 / DSM 3377 / JCM 17463 / KCTC 5835 / VPI 0990),63.584,100.0,1.19e-78,238.0,Bacterial,FLAG_POSSIBLE_CONTAMINATION,5,5,sp|C4ZA73|RRF_AGARV Ribosome-recycling factor OS=Agathobacter rectalis (strain ATCC 33656 / DSM 3377 / JCM 17463 / KCTC 5835 / VPI 0990) OX=515619 GN=frr PE=3 SV=1
g21164.t1,sp|Q895K8|ISPT_CLOTE,Clostridium tetani (strain Massachusetts / E88),52.036,100.0,1.19e-78,243.0,Bacterial,FLAG_POSSIBLE_CONTAMINATION,5,5,sp|Q895K8|ISPT_CLOTE Isoprenyl transferase OS=Clostridium tetani (strain Massachusetts / E88) OX=212717 GN=uppS PE=3 SV=1
g21165.t1,sp|A8MHH5|DXR_ALKOO,Alkaliphilus oremlandii (strain OhILAs),56.169,95.0,2.8500000000000003e-124,367.0,Other non-arthropod,FLAG_REVIEW,5,5,sp|A8MHH5|DXR_ALKOO 1-deoxy-D-xylulose 5-phosphate reductoisomerase OS=Alkaliphilus oremlandii (strain OhILAs) OX=350688 GN=dxr PE=3 SV=1
g21166.t1,sp|Q8XJR3|DPO3_CLOPE,Clostridium perfringens (strain 13 / Type A),58.672,73.0,0.0,1472.0,Bacterial,FLAG_POSSIBLE_CONTAMINATION,5,5,sp|Q8XJR3|DPO3_CLOPE DNA polymerase III PolC-type OS=Clostridium perfringens (strain 13 / Type A) OX=195102 GN=polC PE=3 SV=1
g21168.t1,sp|O84903|GALE_LACCA,Lacticaseibacillus casei,57.798,100.0,2.28e-133,389.0,Bacterial,FLAG_POSSIBLE_CONTAMINATION,5,5,sp|O84903|GALE_LACCA UDP-glucose 4-epimerase OS=Lacticaseibacillus casei OX=1582 GN=galE PE=3 SV=1
g21171.t1,sp|P07819|SCRB_BACSU,Bacillus subtilis (strain 168),55.137,94.0,2.4700000000000002e-116,350.0,Bacterial,FLAG_POSSIBLE_CONTAMINATION,5,5,sp|P07819|SCRB_BACSU Sucrose-6-phosphate hydrolase OS=Bacillus subtilis (strain 168) OX=224308 GN=sacA PE=2 SV=2
g21173.t1,tr|R9T5B9|R9T5B9_METII,Methanomassiliicoccus intestinalis (strain Issoire-Mx1),36.641,93.0,4.55e-69,232.0,Other non-arthropod,FLAG_REVIEW,4,4,tr|R9T5B9|R9T5B9_METII Serine aminopeptidase S33 domain-containing protein OS=Methanomassiliicoccus intestinalis (strain Issoire-Mx1) OX=1295009 GN=MMINT_03200 PE=4 SV=1
g21174.t1,sp|Q9KKQ7|PTM3C_VIBCH,Vibrio cholerae serotype O1 (strain ATCC 39315 / El Tor Inaba N16961),49.518,99.0,0.0,602.0,Bacterial,FLAG_POSSIBLE_CONTAMINATION,5,5,sp|Q9KKQ7|PTM3C_VIBCH PTS system mannitol-specific EIICBA component OS=Vibrio cholerae serotype O1 (strain ATCC 39315 / El Tor Inaba N16961) OX=243277 GN=mtlA PE=3 SV=1
g21175.t1,sp|Q8R841|GLMS_CALS4,Caldanaerobacter subterraneus subsp. tengcongensis (strain DSM 15242 / JCM 11007 / NBRC 100824 / MB4),59.606,100.0,0.0,760.0,Bacterial,FLAG_POSSIBLE_CONTAMINATION,5,5,sp|Q8R841|GLMS_CALS4 Glutamine--fructose-6-phosphate aminotransferase [isomerizing] OS=Caldanaerobacter subterraneus subsp. tengcongensis (strain DSM 15242 / JCM 11007 / NBRC 100824 / MB4) OX=273068 GN=glmS PE=3 SV=3
g21177.t1,tr|I3D123|I3D123_9ARCH,Candidatus Nitrosopumilus salarius BD31,46.243,74.0,4.89e-94,294.0,Fungal,FLAG_POSSIBLE_CONTAMINATION,2,2,tr|I3D123|I3D123_9ARCH Signal recognition particle receptor FtsY OS=Candidatus Nitrosopumilus salarius BD31 OX=859350 GN=ftsY PE=3 SV=1
g21179.t1,tr|A0A897NSS9|A0A897NSS9_9EURY,Halapricum desulfuricans,54.315,93.0,3.3599999999999995e-138,409.0,Other non-arthropod,FLAG_REVIEW,5,5,tr|A0A897NSS9|A0A897NSS9_9EURY NAD(FAD)-dependent dehydrogenase OS=Halapricum desulfuricans OX=2841257 GN=hcaD2 PE=4 SV=1
g21181.t1,sp|Q9I6J2|SPUC_PSEAE,Pseudomonas aeruginosa (strain ATCC 15692 / DSM 22644 / CIP 104116 / JCM 14847 / LMG 12228 / 1C / PRS 101 / PAO1),38.551,97.0,6.61e-93,294.0,Bacterial,FLAG_POSSIBLE_CONTAMINATION,5,5,sp|Q9I6J2|SPUC_PSEAE Putrescine--pyruvate aminotransferase OS=Pseudomonas aeruginosa (strain ATCC 15692 / DSM 22644 / CIP 104116 / JCM 14847 / LMG 12228 / 1C / PRS 101 / PAO1) OX=208964 GN=spuC PE=1 SV=1
g21182.t1,sp|A4IRY3|SYL_GEOTN,Geobacillus thermodenitrificans (strain NG80-2),51.015,99.0,0.0,784.0,Bacterial,FLAG_POSSIBLE_CONTAMINATION,5,5,sp|A4IRY3|SYL_GEOTN Leucine--tRNA ligase OS=Geobacillus thermodenitrificans (strain NG80-2) OX=420246 GN=leuS PE=3 SV=2
g21183.t1,tr|A0A1L3Q388|A0A1L3Q388_9EURY,Methanohalophilus halophilus,32.89,98.0,8.59e-47,165.0,Other non-arthropod,FLAG_REVIEW,5,5,tr|A0A1L3Q388|A0A1L3Q388_9EURY Thioredoxin-disulfide reductase OS=Methanohalophilus halophilus OX=2177 GN=BHR79_07545 PE=4 SV=1
g21184.t1,sp|Q63GK5|TOP3_BACCZ,Bacillus cereus (strain ZK / E33L),62.637,99.0,0.0,927.0,Bacterial,FLAG_POSSIBLE_CONTAMINATION,5,5,sp|Q63GK5|TOP3_BACCZ DNA topoisomerase 3 OS=Bacillus cereus (strain ZK / E33L) OX=288681 GN=topB PE=3 SV=1
g21185.t1,sp|Q81SW4|SP4A_BACAN,Bacillus anthracis,50.203,89.0,0.0,535.0,Bacterial,FLAG_POSSIBLE_CONTAMINATION,3,3,sp|Q81SW4|SP4A_BACAN Stage IV sporulation protein A OS=Bacillus anthracis OX=1392 GN=spoIVA PE=2 SV=1
g21186.t1,sp|A3DF25|DNAK_ACET2,Acetivibrio thermocellus (strain ATCC 27405 / DSM 1237 / JCM 9322 / NBRC 103400 / NCIMB 10682 / NRRL B-4536 / VPI 7372),37.267,80.0,1.14e-78,278.0,Bacterial,FLAG_POSSIBLE_CONTAMINATION,9,9,sp|A3DF25|DNAK_ACET2 Chaperone protein DnaK OS=Acetivibrio thermocellus (strain ATCC 27405 / DSM 1237 / JCM 9322 / NBRC 103400 / NCIMB 10682 / NRRL B-4536 / VPI 7372) OX=203119 GN=dnaK PE=3 SV=1
g21188.t1,sp|Q45493|RNJ1_BACSU,Bacillus subtilis (strain 168),54.175,100.0,0.0,567.0,Bacterial,FLAG_POSSIBLE_CONTAMINATION,5,5,sp|Q45493|RNJ1_BACSU Ribonuclease J1 OS=Bacillus subtilis (strain 168) OX=224308 GN=rnjA PE=1 SV=1
g21190.t1,tr|A0ACC0TUM1|A0ACC0TUM1_9AGAM,Russula earlei,40.035,97.0,2.6999999999999997e-138,421.0,Other non-arthropod,FLAG_REVIEW,5,5,tr|A0ACC0TUM1|A0ACC0TUM1_9AGAM Heat shock protein Hsp90 OS=Russula earlei OX=71964 GN=F5148DRAFT_1346431 PE=3 SV=1
g21191.t1,sp|A9KSJ1|CH60_LACP7,Lachnoclostridium phytofermentans (strain ATCC 700394 / DSM 18823 / ISDg),77.714,97.0,0.0,835.0,Bacterial,FLAG_POSSIBLE_CONTAMINATION,5,5,sp|A9KSJ1|CH60_LACP7 Chaperonin GroEL OS=Lachnoclostridium phytofermentans (strain ATCC 700394 / DSM 18823 / ISDg) OX=357809 GN=groEL PE=3 SV=1
g21192.t1,sp|A9KSJ2|CH10_LACP7,Lachnoclostridium phytofermentans (strain ATCC 700394 / DSM 18823 / ISDg),80.645,99.0,8.36e-48,153.0,Bacterial,FLAG_POSSIBLE_CONTAMINATION,5,5,sp|A9KSJ2|CH10_LACP7 Co-chaperonin GroES OS=Lachnoclostridium phytofermentans (strain ATCC 700394 / DSM 18823 / ISDg) OX=357809 GN=groES PE=3 SV=1
g21193.t1,sp|P0A249|PT1_SALTY,Salmonella typhimurium (strain LT2 / SGSC1412 / ATCC 700720),48.736,99.0,0.0,531.0,Bacterial,FLAG_POSSIBLE_CONTAMINATION,5,5,sp|P0A249|PT1_SALTY Phosphoenolpyruvate-protein phosphotransferase OS=Salmonella typhimurium (strain LT2 / SGSC1412 / ATCC 700720) OX=99287 GN=ptsI PE=1 SV=1
g21194.t1,sp|P35159|RLUB_BACSU,Bacillus subtilis (strain 168),49.758,70.0,1.78e-59,196.0,Bacterial,FLAG_POSSIBLE_CONTAMINATION,5,5,sp|P35159|RLUB_BACSU Ribosomal large subunit pseudouridine synthase B OS=Bacillus subtilis (strain 168) OX=224308 GN=rluB PE=1 SV=2
g21195.t1,sp|P38422|DACF_BACSU,Bacillus subtilis (strain 168),31.638,86.0,2.52e-48,175.0,Bacterial,FLAG_POSSIBLE_CONTAMINATION,2,2,sp|P38422|DACF_BACSU D-alanyl-D-alanine carboxypeptidase DacF OS=Bacillus subtilis (strain 168) OX=224308 GN=dacF PE=2 SV=2
g21197.t1,sp|A7FUK9|MUTL_CLOB1,Clostridium botulinum (strain ATCC 19397 / Type A),44.495,99.0,6.45e-51,184.0,Bacterial,FLAG_POSSIBLE_CONTAMINATION,10,10,sp|A7FUK9|MUTL_CLOB1 DNA mismatch repair protein MutL OS=Clostridium botulinum (strain ATCC 19397 / Type A) OX=441770 GN=mutL PE=3 SV=1
g21198.t1,sp|A3DDI3|MUTS_ACET2,Acetivibrio thermocellus (strain ATCC 27405 / DSM 1237 / JCM 9322 / NBRC 103400 / NCIMB 10682 / NRRL B-4536 / VPI 7372),54.035,99.0,0.0,908.0,Bacterial,FLAG_POSSIBLE_CONTAMINATION,5,5,sp|A3DDI3|MUTS_ACET2 DNA mismatch repair protein MutS OS=Acetivibrio thermocellus (strain ATCC 27405 / DSM 1237 / JCM 9322 / NBRC 103400 / NCIMB 10682 / NRRL B-4536 / VPI 7372) OX=203119 GN=mutS PE=3 SV=1
g21203.t1,sp|Q02113|CWBA_BACSU,Bacillus subtilis (strain 168),30.286,75.0,7.51e-31,133.0,Bacterial,FLAG_POSSIBLE_CONTAMINATION,1,1,sp|Q02113|CWBA_BACSU Amidase enhancer OS=Bacillus subtilis (strain 168) OX=224308 GN=lytB PE=1 SV=1
g21204.t1,sp|P96587|YDAM_BACSU,Bacillus subtilis (strain 168),46.606,70.0,4.97e-53,186.0,Bacterial,FLAG_POSSIBLE_CONTAMINATION,5,5,sp|P96587|YDAM_BACSU Probable glycosyltransferase YdaM OS=Bacillus subtilis (strain 168) OX=224308 GN=ydaM PE=3 SV=1
g21205.t1,sp|P38422|DACF_BACSU,Bacillus subtilis (strain 168),41.425,73.0,1.51e-87,281.0,Bacterial,FLAG_POSSIBLE_CONTAMINATION,3,3,sp|P38422|DACF_BACSU D-alanyl-D-alanine carboxypeptidase DacF OS=Bacillus subtilis (strain 168) OX=224308 GN=dacF PE=2 SV=2
g21206.t1,sp|Q9K9T7|FTSZ_HALH5,Halalkalibacterium halodurans (strain ATCC BAA-125 / DSM 18197 / FERM 7344 / JCM 9153 / C-125),60.481,78.0,7.7e-107,325.0,Bacterial,FLAG_POSSIBLE_CONTAMINATION,5,5,sp|Q9K9T7|FTSZ_HALH5 Cell division protein FtsZ OS=Halalkalibacterium halodurans (strain ATCC BAA-125 / DSM 18197 / FERM 7344 / JCM 9153 / C-125) OX=272558 GN=ftsZ PE=3 SV=1
g21207.t1,sp|Q05627|Y202_CLOB8,Clostridium beijerinckii (strain ATCC 51743 / NCIMB 8052),50.094,99.0,1.45e-172,504.0,Bacterial,FLAG_POSSIBLE_CONTAMINATION,1,1,sp|Q05627|Y202_CLOB8 Uncharacterized protein Cbei_0202 OS=Clostridium beijerinckii (strain ATCC 51743 / NCIMB 8052) OX=290402 GN=Cbei_0202 PE=4 SV=2
g21208.t1,sp|O05272|ASNO_BACSU,Bacillus subtilis (strain 168),48.155,98.0,0.0,578.0,Bacterial,FLAG_POSSIBLE_CONTAMINATION,1,1,sp|O05272|ASNO_BACSU Asparagine synthetase [glutamine-hydrolyzing] 3 OS=Bacillus subtilis (strain 168) OX=224308 GN=asnO PE=1 SV=3
g21210.t1,sp|Q185S9|EFTS_CLOD6,Clostridioides difficile (strain 630),53.947,99.0,1.15e-110,329.0,Other non-arthropod,FLAG_REVIEW,5,5,sp|Q185S9|EFTS_CLOD6 Elongation factor Ts OS=Clostridioides difficile (strain 630) OX=272563 GN=tsf PE=3 SV=1
g21211.t1,sp|A8MHG9|RS2_ALKOO,Alkaliphilus oremlandii (strain OhILAs),76.355,92.0,4.68e-115,334.0,Other non-arthropod,FLAG_REVIEW,5,5,sp|A8MHG9|RS2_ALKOO Small ribosomal subunit protein uS2 OS=Alkaliphilus oremlandii (strain OhILAs) OX=350688 GN=rpsB PE=3 SV=1
g21215.t1,sp|A0PY57|POTA_CLONN,Clostridium novyi (strain NT),66.52,99.0,4.29e-103,308.0,Bacterial,FLAG_POSSIBLE_CONTAMINATION,5,5,sp|A0PY57|POTA_CLONN Spermidine/putrescine import ATP-binding protein PotA OS=Clostridium novyi (strain NT) OX=386415 GN=potA PE=3 SV=1
g21216.t1,tr|A0A1H6HLN5|A0A1H6HLN5_9EURY,Halopenitus malekzadehii,39.08,97.0,2.17e-53,184.0,Other non-arthropod,FLAG_REVIEW,5,5,tr|A0A1H6HLN5|A0A1H6HLN5_9EURY Spermidine/putrescine transport system substrate-binding protein OS=Halopenitus malekzadehii OX=1267564 GN=SAMN05192561_10142 PE=4 SV=1
g21217.t1,sp|B8I255|FMT_RUMCH,Ruminiclostridium cellulolyticum (strain ATCC 35319 / DSM 5812 / JCM 6584 / H10),53.896,99.0,2.22e-112,334.0,Bacterial,FLAG_POSSIBLE_CONTAMINATION,5,5,sp|B8I255|FMT_RUMCH Methionyl-tRNA formyltransferase OS=Ruminiclostridium cellulolyticum (strain ATCC 35319 / DSM 5812 / JCM 6584 / H10) OX=394503 GN=fmt PE=3 SV=1
g21219.t1,sp|Q8XK30|GSHAB_CLOPE,Clostridium perfringens (strain 13 / Type A),49.425,99.0,4.45e-131,402.0,Bacterial,FLAG_POSSIBLE_CONTAMINATION,5,5,sp|Q8XK30|GSHAB_CLOPE Glutathione biosynthesis bifunctional protein GshAB OS=Clostridium perfringens (strain 13 / Type A) OX=195102 GN=gshAB PE=3 SV=1
g21222.t1,sp|Q2KI69|KCIP4_BOVIN,Bos taurus,58.108,74.0,6.180000000000001e-21,90.1,Other non-arthropod,FLAG_REVIEW,5,5,sp|Q2KI69|KCIP4_BOVIN Kv channel-interacting protein 4 OS=Bos taurus OX=9913 GN=KCNIP4 PE=2 SV=1
g21223.t1,sp|Q9NZI2|KCIP1_HUMAN,Homo sapiens,48.81,72.0,1.27e-47,163.0,Other non-arthropod,FLAG_REVIEW,3,3,sp|Q9NZI2|KCIP1_HUMAN A-type potassium channel modulatory protein KCNIP1 OS=Homo sapiens OX=9606 GN=KCNIP1 PE=1 SV=2
g21225.t1,sp|Q4AEH2|GPX4_PONPY,Pongo pygmaeus,56.213,98.0,1.23e-59,190.0,Other non-arthropod,FLAG_REVIEW,5,5,sp|Q4AEH2|GPX4_PONPY Phospholipid hydroperoxide glutathione peroxidase OS=Pongo pygmaeus OX=9600 GN=GPX4 PE=2 SV=2
g21226.t1,sp|Q4AEH2|GPX4_PONPY,Pongo pygmaeus,52.239,100.0,9.749999999999999e-61,194.0,Other non-arthropod,FLAG_REVIEW,5,5,sp|Q4AEH2|GPX4_PONPY Phospholipid hydroperoxide glutathione peroxidase OS=Pongo pygmaeus OX=9600 GN=GPX4 PE=2 SV=2
g21232.t1,sp|Q5EA53|T2FA_BOVIN,Bos taurus,37.259,99.0,1.45e-74,249.0,Other non-arthropod,FLAG_REVIEW,3,3,sp|Q5EA53|T2FA_BOVIN General transcription factor IIF subunit 1 OS=Bos taurus OX=9913 GN=GTF2F1 PE=2 SV=1
g21233.t1,tr|A0A507ET45|A0A507ET45_9FUNG,Chytriomyces confervae,36.154,87.0,1.25e-12,70.9,Other non-arthropod,FLAG_REVIEW,4,4,tr|A0A507ET45|A0A507ET45_9FUNG TRAF3-interacting protein 1 OS=Chytriomyces confervae OX=246404 GN=CcCBS67573_g07844 PE=3 SV=1
g21251.t1,sp|P51958|CDK1_CARAU,Carassius auratus,80.0,96.0,7.58e-30,112.0,Other non-arthropod,FLAG_REVIEW,5,5,sp|P51958|CDK1_CARAU Cyclin-dependent kinase 1 OS=Carassius auratus OX=7957 GN=cdk1 PE=1 SV=1
g21253.t1,sp|P12785|FAS_RAT,Rattus norvegicus,38.125,98.0,0.0,680.0,Other non-arthropod,FLAG_REVIEW,5,5,sp|P12785|FAS_RAT Fatty acid synthase OS=Rattus norvegicus OX=10116 GN=Fasn PE=1 SV=3
g21260.t1,sp|O88576|S6A18_MOUSE,Mus musculus,43.342,72.0,3.99e-107,339.0,Other non-arthropod,FLAG_REVIEW,5,5,sp|O88576|S6A18_MOUSE Sodium-dependent neutral amino acid transporter B(0)AT3 OS=Mus musculus OX=10090 GN=Slc6a18 PE=1 SV=1
g21263.t1,sp|A5GFZ5|DPM1_PIG,Sus scrofa,73.663,93.0,8.45e-138,394.0,Other non-arthropod,FLAG_REVIEW,5,5,sp|A5GFZ5|DPM1_PIG Dolichol-phosphate mannosyltransferase subunit 1 OS=Sus scrofa OX=9823 GN=DPM1 PE=3 SV=1
g21264.t1,sp|Q68CP4|HGNAT_HUMAN,Homo sapiens,35.741,86.0,3.05e-97,317.0,Other non-arthropod,FLAG_REVIEW,2,2,sp|Q68CP4|HGNAT_HUMAN Heparan-alpha-glucosaminide N-acetyltransferase OS=Homo sapiens OX=9606 GN=HGSNAT PE=1 SV=2
g21279.t1,sp|E7FEV0|WDR81_DANRE,Danio rerio,32.893,77.0,3.42e-118,415.0,Other non-arthropod,FLAG_REVIEW,4,4,sp|E7FEV0|WDR81_DANRE WD repeat-containing protein 81 OS=Danio rerio OX=7955 GN=wdr81 PE=2 SV=1
g21282.t1,sp|Q9W770|SPON1_CHICK,Gallus gallus,30.645,79.0,4.29e-50,191.0,Other non-arthropod,FLAG_REVIEW,2,2,sp|Q9W770|SPON1_CHICK Spondin-1 OS=Gallus gallus OX=9031 GN=SPON1 PE=2 SV=1
g21283.t1,sp|B0JZG0|S23A2_XENTR,Xenopus tropicalis,46.875,83.0,5.750000000000001e-29,118.0,Other non-arthropod,FLAG_REVIEW,5,5,sp|B0JZG0|S23A2_XENTR Solute carrier family 23 member 2 OS=Xenopus tropicalis OX=8364 GN=slc23a2 PE=2 SV=1
g21288.t1,sp|Q5R4U0|CAH10_PONAB,Pongo abelii,42.442,100.0,1.32e-43,153.0,Other non-arthropod,FLAG_REVIEW,5,5,sp|Q5R4U0|CAH10_PONAB Carbonic anhydrase-related protein 10 OS=Pongo abelii OX=9601 GN=CA10 PE=2 SV=1
g21295.t1,sp|Q95X01|MYRO1_BREBR,Brevicoryne brassicae,46.352,90.0,9.46e-149,440.0,Other non-arthropod,FLAG_REVIEW,5,5,sp|Q95X01|MYRO1_BREBR Myrosinase 1 OS=Brevicoryne brassicae OX=69196 PE=1 SV=1
g21305.t1,sp|P09871|C1S_HUMAN,Homo sapiens,32.52,100.0,7.68e-07,53.5,Other non-arthropod,FLAG_REVIEW,1,1,sp|P09871|C1S_HUMAN Complement C1s subcomponent OS=Homo sapiens OX=9606 GN=C1S PE=1 SV=1
g21306.t1,sp|Q6NUT2|D19L2_HUMAN,Homo sapiens,54.023,75.0,4.9500000000000003e-26,108.0,Other non-arthropod,FLAG_REVIEW,3,3,sp|Q6NUT2|D19L2_HUMAN Probable C-mannosyltransferase DPY19L2 OS=Homo sapiens OX=9606 GN=DPY19L2 PE=1 SV=2
g21307.t1,sp|Q6DFB8|TTC37_XENLA,Xenopus laevis,33.511,78.0,3.04e-14,86.7,Other non-arthropod,FLAG_REVIEW,1,1,sp|Q6DFB8|TTC37_XENLA Tetratricopeptide repeat protein 37 OS=Xenopus laevis OX=8355 GN=ttc37 PE=2 SV=1
g21311.t1,sp|Q8MP06|SNO1_TYRJA,Tyria jacobaeae,53.509,91.0,1.42e-39,144.0,Other non-arthropod,FLAG_REVIEW,5,5,sp|Q8MP06|SNO1_TYRJA Senecionine N-oxygenase OS=Tyria jacobaeae OX=179666 GN=sno1 PE=1 SV=1
g21320.t1,sp|P00768|CTR2_VESOR,Vespa orientalis,34.463,96.0,4.2099999999999995e-24,100.0,Other non-arthropod,FLAG_REVIEW,5,5,sp|P00768|CTR2_VESOR Chymotrypsin-2 OS=Vespa orientalis OX=7447 PE=1 SV=1
g21321.t1,sp|Q7SIG2|CTR1_SOLIN,Solenopsis invicta,35.124,87.0,8.19e-31,121.0,Other non-arthropod,FLAG_REVIEW,5,5,sp|Q7SIG2|CTR1_SOLIN Chymotrypsin-1 OS=Solenopsis invicta OX=13686 PE=1 SV=1
g21334.t1,sp|A0A286Y9D1|PHF14_DANRE,Danio rerio,50.286,77.0,1.3599999999999999e-112,359.0,Other non-arthropod,FLAG_REVIEW,3,3,sp|A0A286Y9D1|PHF14_DANRE PHD finger protein 14 OS=Danio rerio OX=7955 GN=phf14 PE=1 SV=1
g21336.t1,sp|Q6GMR7|FAAH2_HUMAN,Homo sapiens,38.123,93.0,8.710000000000001e-105,331.0,Other non-arthropod,FLAG_REVIEW,5,5,sp|Q6GMR7|FAAH2_HUMAN Fatty-acid amide hydrolase 2 OS=Homo sapiens OX=9606 GN=FAAH2 PE=1 SV=1
g21337.t1,sp|O08838|AMPH_RAT,Rattus norvegicus,37.618,85.0,1.22e-61,219.0,Other non-arthropod,FLAG_REVIEW,8,8,sp|O08838|AMPH_RAT Amphiphysin OS=Rattus norvegicus OX=10116 GN=Amph PE=1 SV=1
g21341.t1,sp|Q6ZM63|GPN3_DANRE,Danio rerio,50.758,98.0,7.52e-33,123.0,Other non-arthropod,FLAG_REVIEW,5,5,sp|Q6ZM63|GPN3_DANRE GPN-loop GTPase 3 OS=Danio rerio OX=7955 GN=gpn3 PE=2 SV=2
g21342.t1,sp|Q9D3W4|GPN3_MOUSE,Mus musculus,75.0,99.0,1.3800000000000001e-58,188.0,Other non-arthropod,FLAG_REVIEW,5,5,sp|Q9D3W4|GPN3_MOUSE GPN-loop GTPase 3 OS=Mus musculus OX=10090 GN=Gpn3 PE=2 SV=1
g21353.t1,sp|Q5ZMP6|AP2M1_CHICK,Gallus gallus,85.227,100.0,0.0,629.0,Other non-arthropod,FLAG_REVIEW,5,5,sp|Q5ZMP6|AP2M1_CHICK AP-2 complex subunit mu OS=Gallus gallus OX=9031 GN=AP2M1 PE=2 SV=1
g21358.t1,sp|Q6AY46|TRM61_RAT,Rattus norvegicus,48.039,90.0,1.57e-87,271.0,Other non-arthropod,FLAG_REVIEW,5,5,sp|Q6AY46|TRM61_RAT tRNA (adenine(58)-N(1))-methyltransferase catalytic subunit TRMT61A OS=Rattus norvegicus OX=10116 GN=Trmt61a PE=2 SV=1
g21359.t1,sp|A1A5F2|HTR5B_XENTR,Xenopus tropicalis,40.363,99.0,0.0,1339.0,Other non-arthropod,FLAG_REVIEW,5,5,sp|A1A5F2|HTR5B_XENTR HEAT repeat-containing protein 5B OS=Xenopus tropicalis OX=8364 GN=heatr5b PE=2 SV=1
g21360.t1,sp|A1A5F2|HTR5B_XENTR,Xenopus tropicalis,61.594,93.0,3.75e-52,184.0,Other non-arthropod,FLAG_REVIEW,5,5,sp|A1A5F2|HTR5B_XENTR HEAT repeat-containing protein 5B OS=Xenopus tropicalis OX=8364 GN=heatr5b PE=2 SV=1
g21362.t1,sp|O60921|HUS1_HUMAN,Homo sapiens,41.638,99.0,2.2e-69,223.0,Other non-arthropod,FLAG_REVIEW,4,4,sp|O60921|HUS1_HUMAN Checkpoint protein HUS1 OS=Homo sapiens OX=9606 GN=HUS1 PE=1 SV=1
g21368.t1,sp|Q9CY34|UB2FA_MOUSE,Mus musculus,63.889,97.0,9.490000000000001e-79,239.0,Other non-arthropod,FLAG_REVIEW,5,5,sp|Q9CY34|UB2FA_MOUSE NEDD8-conjugating enzyme UBE2F OS=Mus musculus OX=10090 GN=Ube2f PE=1 SV=1
g21370.t1,sp|Q8K078|SO4A1_MOUSE,Mus musculus,43.141,88.0,1.66e-117,370.0,Other non-arthropod,FLAG_REVIEW,5,5,sp|Q8K078|SO4A1_MOUSE Solute carrier organic anion transporter family member 4A1 OS=Mus musculus OX=10090 GN=Slco4a1 PE=1 SV=2
g21371.t1,sp|P35606|COPB2_HUMAN,Homo sapiens,42.824,99.0,3.83e-119,373.0,Other non-arthropod,FLAG_REVIEW,5,5,sp|P35606|COPB2_HUMAN Coatomer subunit beta' OS=Homo sapiens OX=9606 GN=COPB2 PE=1 SV=2
g21373.t1,tr|A0A0B7N4A4|A0A0B7N4A4_9FUNG,Parasitella parasitica,35.747,99.0,8.43e-78,261.0,Other non-arthropod,FLAG_REVIEW,5,5,tr|A0A0B7N4A4|A0A0B7N4A4_9FUNG Integrase catalytic domain-containing protein (Fragment) OS=Parasitella parasitica OX=35722 GN=PARPA_03929.1 scaffold 10572 PE=4 SV=1
g21381.t1,sp|Q91V61|SFXN3_MOUSE,Mus musculus,51.25,99.0,8.79e-17,79.3,Other non-arthropod,FLAG_REVIEW,5,5,sp|Q91V61|SFXN3_MOUSE Sideroflexin-3 OS=Mus musculus OX=10090 GN=Sfxn3 PE=1 SV=1
g21385.t1,sp|P81693|PPAC_PIG,Sus scrofa,55.844,97.0,8.07e-56,179.0,Other non-arthropod,FLAG_REVIEW,5,5,sp|P81693|PPAC_PIG Low molecular weight phosphotyrosine protein phosphatase OS=Sus scrofa OX=9823 GN=ACP1 PE=1 SV=2
g21387.t1,sp|Q9JK91|MLH1_MOUSE,Mus musculus,46.184,99.0,0.0,684.0,Other non-arthropod,FLAG_REVIEW,5,5,sp|Q9JK91|MLH1_MOUSE DNA mismatch repair protein Mlh1 OS=Mus musculus OX=10090 GN=Mlh1 PE=1 SV=2
g21390.t1,sp|P16582|LSHR_PIG,Sus scrofa,35.507,93.0,1.61e-135,422.0,Other non-arthropod,FLAG_REVIEW,5,5,sp|P16582|LSHR_PIG Lutropin-choriogonadotropic hormone receptor OS=Sus scrofa OX=9823 GN=LHCGR PE=2 SV=1
g21396.t1,sp|O76202|USP_CHOFU,Choristoneura fumiferana,81.053,100.0,0.0,788.0,Other non-arthropod,FLAG_REVIEW,5,5,sp|O76202|USP_CHOFU Protein ultraspiracle homolog OS=Choristoneura fumiferana OX=7141 GN=USP PE=2 SV=1
g21401.t1,sp|Q3SZA0|CSN4_BOVIN,Bos taurus,84.906,100.0,1.06e-58,191.0,Other non-arthropod,FLAG_REVIEW,5,5,sp|Q3SZA0|CSN4_BOVIN COP9 signalosome complex subunit 4 OS=Bos taurus OX=9913 GN=COPS4 PE=2 SV=1
g21408.t1,sp|Q92629|SGCD_HUMAN,Homo sapiens,34.387,81.0,1.37e-35,136.0,Other non-arthropod,FLAG_REVIEW,4,4,sp|Q92629|SGCD_HUMAN Delta-sarcoglycan OS=Homo sapiens OX=9606 GN=SGCD PE=1 SV=2
g21412.t1,sp|Q96LD1|SGCZ_HUMAN,Homo sapiens,41.993,81.0,1.14e-60,203.0,Other non-arthropod,FLAG_REVIEW,5,5,sp|Q96LD1|SGCZ_HUMAN Zeta-sarcoglycan OS=Homo sapiens OX=9606 GN=SGCZ PE=1 SV=1
g21417.t1,tr|A0A2Z6RC71|A0A2Z6RC71_9GLOM,Rhizophagus clarus,34.568,89.0,2.83e-18,86.3,Other non-arthropod,FLAG_REVIEW,5,5,tr|A0A2Z6RC71|A0A2Z6RC71_9GLOM HAT C-terminal dimerisation domain-containing protein OS=Rhizophagus clarus OX=94130 GN=RclHR1_02560014 PE=4 SV=1
g21422.t3,tr|A0A2P4P9P0|A0A2P4P9P0_RHIID,Rhizophagus irregularis (strain DAOM 181602 / DAOM 197198 / MUCL 43194),33.973,75.0,1.78e-122,412.0,Other non-arthropod,FLAG_REVIEW,3,3,tr|A0A2P4P9P0|A0A2P4P9P0_RHIID Histone deacetylase interacting domain-containing protein OS=Rhizophagus irregularis (strain DAOM 181602 / DAOM 197198 / MUCL 43194) OX=747089 GN=GLOIN_2v1699514 PE=4 SV=1
g21424.t1,sp|Q2T9T9|FBXW9_BOVIN,Bos taurus,31.841,89.0,1.7e-51,187.0,Other non-arthropod,FLAG_REVIEW,2,2,sp|Q2T9T9|FBXW9_BOVIN F-box/WD repeat-containing protein 9 OS=Bos taurus OX=9913 GN=FBXW9 PE=2 SV=1
g21425.t1,sp|Q9Y5R5|DMRT2_HUMAN,Homo sapiens,48.299,71.0,2.01e-33,132.0,Other non-arthropod,FLAG_REVIEW,1,1,sp|Q9Y5R5|DMRT2_HUMAN Doublesex- and mab-3-related transcription factor 2 OS=Homo sapiens OX=9606 GN=DMRT2 PE=1 SV=2
g21427.t1,sp|Q92973|TNPO1_HUMAN,Homo sapiens,73.719,99.0,0.0,1376.0,Other non-arthropod,FLAG_REVIEW,5,5,sp|Q92973|TNPO1_HUMAN Transportin-1 OS=Homo sapiens OX=9606 GN=TNPO1 PE=1 SV=2
g21432.t1,sp|P23935|NDUA5_BOVIN,Bos taurus,52.252,94.0,4.550000000000001e-37,128.0,Other non-arthropod,FLAG_REVIEW,5,5,sp|P23935|NDUA5_BOVIN NADH dehydrogenase [ubiquinone] 1 alpha subcomplex subunit 5 OS=Bos taurus OX=9913 GN=NDUFA5 PE=1 SV=3
g21433.t1,sp|P75791|YBIU_ECOLI,Escherichia coli (strain K12),65.865,99.0,0.0,594.0,Bacterial,FLAG_POSSIBLE_CONTAMINATION,5,5,sp|P75791|YBIU_ECOLI Uncharacterized protein YbiU OS=Escherichia coli (strain K12) OX=83333 GN=ybiU PE=1 SV=1
g21437.t1,sp|P35858|ALS_HUMAN,Homo sapiens,30.576,76.0,3.65e-14,83.2,Other non-arthropod,FLAG_REVIEW,2,2,sp|P35858|ALS_HUMAN Insulin-like growth factor-binding protein complex acid labile subunit OS=Homo sapiens OX=9606 GN=IGFALS PE=1 SV=1
g21439.t1,sp|P04927|SANT_PLAFF,Plasmodium falciparum (isolate FC27 / Papua New Guinea),41.104,71.0,6.88e-27,111.0,Other non-arthropod,FLAG_REVIEW,3,3,sp|P04927|SANT_PLAFF S-antigen protein OS=Plasmodium falciparum (isolate FC27 / Papua New Guinea) OX=5837 PE=1 SV=1
g21441.t1,sp|Q9BZF1|OSBL8_HUMAN,Homo sapiens,46.296,76.0,3.02e-140,439.0,Other non-arthropod,FLAG_REVIEW,1,1,sp|Q9BZF1|OSBL8_HUMAN Oxysterol-binding protein-related protein 8 OS=Homo sapiens OX=9606 GN=OSBPL8 PE=1 SV=3
g21447.t1,tr|A0A9N9CD25|A0A9N9CD25_9GLOM,Ambispora gerdemannii,38.153,93.0,2.84e-102,323.0,Other non-arthropod,FLAG_REVIEW,5,5,tr|A0A9N9CD25|A0A9N9CD25_9GLOM 11916_t:CDS:1 OS=Ambispora gerdemannii OX=144530 GN=AGERDE_LOCUS9014 PE=3 SV=1
g21448.t1,sp|Q2YDF6|RT35_BOVIN,Bos taurus,46.474,91.0,4.4e-93,286.0,Other non-arthropod,FLAG_REVIEW,4,4,sp|Q2YDF6|RT35_BOVIN Small ribosomal subunit protein mS35 OS=Bos taurus OX=9913 GN=MRPS35 PE=1 SV=1
g21452.t1,tr|A0A8H3UTS6|A0A8H3UTS6_VENIN,Venturia inaequalis,30.968,72.0,4.51e-14,77.8,Other non-arthropod,FLAG_REVIEW,3,3,tr|A0A8H3UTS6|A0A8H3UTS6_VENIN protein disulfide-isomerase OS=Venturia inaequalis OX=5025 GN=EG327_004071 PE=3 SV=1
g21459.t1,sp|Q8VHE0|SEC63_MOUSE,Mus musculus,43.414,98.0,0.0,624.0,Other non-arthropod,FLAG_REVIEW,7,7,sp|Q8VHE0|SEC63_MOUSE Translocation protein SEC63 homolog OS=Mus musculus OX=10090 GN=Sec63 PE=1 SV=4
g21462.t1,sp|G5EBQ8|CHS2_CAEEL,Caenorhabditis elegans,44.739,90.0,0.0,912.0,Other non-arthropod,FLAG_REVIEW,4,4,sp|G5EBQ8|CHS2_CAEEL Chitin synthase chs-2 OS=Caenorhabditis elegans OX=6239 GN=chs-2 PE=1 SV=1
g21464.t1,tr|A0A507DBW9|A0A507DBW9_9FUNG,Synchytrium endobioticum,35.211,98.0,2.18e-30,117.0,Other non-arthropod,FLAG_REVIEW,5,5,tr|A0A507DBW9|A0A507DBW9_9FUNG small monomeric GTPase OS=Synchytrium endobioticum OX=286115 GN=SeMB42_g02707 PE=3 SV=1
g21475.t1,sp|Q710D6|COX5B_VULVU,Vulpes vulpes,48.235,88.0,3.43e-20,85.1,Other non-arthropod,FLAG_REVIEW,3,3,"sp|Q710D6|COX5B_VULVU Cytochrome c oxidase subunit 5B, mitochondrial OS=Vulpes vulpes OX=9627 GN=COX5B PE=1 SV=1"
g21477.t1,sp|Q0MQI7|NDUV2_PONPY,Pongo pygmaeus,63.519,94.0,2.71e-107,316.0,Other non-arthropod,FLAG_REVIEW,5,5,"sp|Q0MQI7|NDUV2_PONPY NADH dehydrogenase [ubiquinone] flavoprotein 2, mitochondrial OS=Pongo pygmaeus OX=9600 GN=NDUFV2 PE=2 SV=1"
g21482.t1,sp|Q9C0I4|THS7B_HUMAN,Homo sapiens,32.565,91.0,1.5400000000000002e-37,152.0,Other non-arthropod,FLAG_REVIEW,6,6,sp|Q9C0I4|THS7B_HUMAN Thrombospondin type-1 domain-containing protein 7B OS=Homo sapiens OX=9606 GN=THSD7B PE=1 SV=3
g21484.t1,sp|Q8BH60|GOPC_MOUSE,Mus musculus,50.769,81.0,9e-15,74.3,Other non-arthropod,FLAG_REVIEW,3,3,sp|Q8BH60|GOPC_MOUSE Golgi-associated PDZ and coiled-coil motif-containing protein OS=Mus musculus OX=10090 GN=Gopc PE=1 SV=1
g21489.t1,tr|A0AAN7YP07|A0AAN7YP07_9PEZI,Meristemomyces frigidus,32.812,73.0,1.42e-06,54.7,Other non-arthropod,FLAG_REVIEW,1,1,tr|A0AAN7YP07|A0AAN7YP07_9PEZI Ankyrin repeat protein OS=Meristemomyces frigidus OX=1508187 GN=LTR62_007251 PE=4 SV=1
g21491.t1,sp|Q96DM1|PGBD4_HUMAN,Homo sapiens,30.224,84.0,2.8e-53,198.0,Other non-arthropod,FLAG_REVIEW,1,1,sp|Q96DM1|PGBD4_HUMAN PiggyBac transposable element-derived protein 4 OS=Homo sapiens OX=9606 GN=PGBD4 PE=1 SV=3
g21499.t1,sp|O42254|IF2B1_CHICK,Gallus gallus,31.544,93.0,4.91e-40,152.0,Other non-arthropod,FLAG_REVIEW,5,5,sp|O42254|IF2B1_CHICK Insulin-like growth factor 2 mRNA-binding protein 1 OS=Gallus gallus OX=9031 GN=IGF2BP1 PE=1 SV=1
g21505.t1,tr|A0A507ET45|A0A507ET45_9FUNG,Chytriomyces confervae,37.615,89.0,4.71e-13,71.6,Other non-arthropod,FLAG_REVIEW,5,5,tr|A0A507ET45|A0A507ET45_9FUNG TRAF3-interacting protein 1 OS=Chytriomyces confervae OX=246404 GN=CcCBS67573_g07844 PE=3 SV=1
g21507.t1,sp|Q18932|CAH2_CAEEL,Caenorhabditis elegans,40.088,86.0,4.92e-54,183.0,Other non-arthropod,FLAG_REVIEW,5,5,sp|Q18932|CAH2_CAEEL Putative carbonic anhydrase-like protein 2 OS=Caenorhabditis elegans OX=6239 GN=cah-2 PE=1 SV=3
g21508.t1,sp|Q5F259|AN13B_MOUSE,Mus musculus,59.155,85.0,1.92e-17,82.0,Other non-arthropod,FLAG_REVIEW,5,5,sp|Q5F259|AN13B_MOUSE Ankyrin repeat domain-containing protein 13B OS=Mus musculus OX=10090 GN=Ankrd13b PE=2 SV=1
g21509.t1,sp|Q8VCE1|DJC28_MOUSE,Mus musculus,37.063,80.0,1.9499999999999997e-52,183.0,Other non-arthropod,FLAG_REVIEW,2,2,sp|Q8VCE1|DJC28_MOUSE DnaJ homolog subfamily C member 28 OS=Mus musculus OX=10090 GN=Dnajc28 PE=1 SV=2
g21518.t1,sp|O60504|VINEX_HUMAN,Homo sapiens,41.1,72.0,5.9999999999999996e-55,199.0,Other non-arthropod,FLAG_REVIEW,7,7,sp|O60504|VINEX_HUMAN Vinexin OS=Homo sapiens OX=9606 GN=SORBS3 PE=1 SV=2
g21540.t1,sp|Q8N4W9|ZN808_HUMAN,Homo sapiens,42.683,73.0,1.27e-12,71.2,Other non-arthropod,FLAG_REVIEW,14,14,sp|Q8N4W9|ZN808_HUMAN Zinc finger protein 808 OS=Homo sapiens OX=9606 GN=ZNF808 PE=1 SV=2
g21541.t1,sp|Q8I7J4|COQ2_CAEEL,Caenorhabditis elegans,50.0,71.0,1.42e-102,318.0,Other non-arthropod,FLAG_REVIEW,1,1,"sp|Q8I7J4|COQ2_CAEEL 4-hydroxybenzoate polyprenyltransferase, mitochondrial OS=Caenorhabditis elegans OX=6239 GN=coq-2 PE=3 SV=2"
g21542.t1,sp|P37889|FBLN2_MOUSE,Mus musculus,33.696,73.0,4.02e-48,196.0,Other non-arthropod,FLAG_REVIEW,17,17,sp|P37889|FBLN2_MOUSE Fibulin-2 OS=Mus musculus OX=10090 GN=Fbln2 PE=1 SV=2
g21546.t1,sp|P17010|ZFX_HUMAN,Homo sapiens,31.65,76.0,6.5299999999999995e-24,112.0,Other non-arthropod,FLAG_REVIEW,10,10,sp|P17010|ZFX_HUMAN Zinc finger X-chromosomal protein OS=Homo sapiens OX=9606 GN=ZFX PE=1 SV=2
g21560.t1,sp|Q5RAT4|ENOF1_PONAB,Pongo abelii,58.986,91.0,0.0,568.0,Other non-arthropod,FLAG_REVIEW,5,5,sp|Q5RAT4|ENOF1_PONAB Mitochondrial enolase superfamily member 1 OS=Pongo abelii OX=9601 GN=ENOSF1 PE=2 SV=1
g21561.t1,sp|Q5RAT4|ENOF1_PONAB,Pongo abelii,58.295,95.0,0.0,555.0,Other non-arthropod,FLAG_REVIEW,5,5,sp|Q5RAT4|ENOF1_PONAB Mitochondrial enolase superfamily member 1 OS=Pongo abelii OX=9601 GN=ENOSF1 PE=2 SV=1
g21562.t1,sp|O13046|WDHD1_XENLA,Xenopus laevis,36.988,81.0,1.6100000000000001e-167,526.0,Other non-arthropod,FLAG_REVIEW,3,3,sp|O13046|WDHD1_XENLA WD repeat and HMG-box DNA-binding protein 1 OS=Xenopus laevis OX=8355 GN=wdhd1 PE=1 SV=1
g21563.t1,sp|Q60HG7|CGL_MACFA,Macaca fascicularis,59.079,99.0,2.55e-174,498.0,Other non-arthropod,FLAG_REVIEW,5,5,sp|Q60HG7|CGL_MACFA Cystathionine gamma-lyase OS=Macaca fascicularis OX=9541 GN=CTH PE=2 SV=1
g21564.t1,sp|Q642M9|DHDH_DANRE,Danio rerio,43.607,99.0,1.26e-81,256.0,Other non-arthropod,FLAG_REVIEW,5,5,"sp|Q642M9|DHDH_DANRE Trans-1,2-dihydrobenzene-1,2-diol dehydrogenase OS=Danio rerio OX=7955 GN=dhdh PE=2 SV=2"
g21565.t1,sp|O42260|GEMI2_XENLA,Xenopus laevis,31.818,87.0,4.95e-28,114.0,Other non-arthropod,FLAG_REVIEW,5,5,sp|O42260|GEMI2_XENLA Gem-associated protein 2 OS=Xenopus laevis OX=8355 GN=gemin2 PE=2 SV=1
g21576.t1,sp|O35690|PHX2B_MOUSE,Mus musculus,50.289,72.0,1.28e-42,152.0,Other non-arthropod,FLAG_REVIEW,5,5,sp|O35690|PHX2B_MOUSE Paired mesoderm homeobox protein 2B OS=Mus musculus OX=10090 GN=Phox2b PE=1 SV=1
g21578.t1,sp|P30279|CCND2_HUMAN,Homo sapiens,39.858,87.0,3.7099999999999996e-61,202.0,Other non-arthropod,FLAG_REVIEW,5,5,sp|P30279|CCND2_HUMAN G1/S-specific cyclin-D2 OS=Homo sapiens OX=9606 GN=CCND2 PE=1 SV=1
g21585.t1,sp|A0A8B0RBM2|ACES_BOMIG,Bombus ignitus,30.287,85.0,3.84e-64,228.0,Other non-arthropod,FLAG_REVIEW,1,1,sp|A0A8B0RBM2|ACES_BOMIG Carboxylic ester hydrolase OS=Bombus ignitus OX=130704 GN=vCaE PE=1 SV=1
g21590.t1,tr|A0A9N9PDD7|A0A9N9PDD7_9GLOM,Cetraspora pellucida,32.845,88.0,1.7e-54,196.0,Other non-arthropod,FLAG_REVIEW,3,3,tr|A0A9N9PDD7|A0A9N9PDD7_9GLOM 5492_t:CDS:1 OS=Cetraspora pellucida OX=1433469 GN=CPELLU_LOCUS19004 PE=4 SV=1
g21594.t1,sp|Q09575|YRD6_CAEEL,Caenorhabditis elegans,35.117,76.0,1.89e-44,172.0,Other non-arthropod,FLAG_REVIEW,1,1,sp|Q09575|YRD6_CAEEL Uncharacterized protein K02A2.6 OS=Caenorhabditis elegans OX=6239 GN=K02A2.6 PE=4 SV=1
g21599.t1,sp|Q3SZL5|PIGS_BOVIN,Bos taurus,32.305,96.0,9.910000000000001e-64,224.0,Other non-arthropod,FLAG_REVIEW,3,3,sp|Q3SZL5|PIGS_BOVIN GPI-anchor transamidase component PIGS OS=Bos taurus OX=9913 GN=PIGS PE=2 SV=3
g21602.t1,sp|Q8TC12|RDH11_HUMAN,Homo sapiens,42.182,76.0,3.53e-60,202.0,Other non-arthropod,FLAG_REVIEW,5,5,sp|Q8TC12|RDH11_HUMAN Retinol dehydrogenase 11 OS=Homo sapiens OX=9606 GN=RDH11 PE=1 SV=2
g21624.t1,sp|P11153|LIPL_CAVPO,Cavia porcellus,32.068,97.0,1.21e-28,118.0,Other non-arthropod,FLAG_REVIEW,5,5,sp|P11153|LIPL_CAVPO Lipoprotein lipase OS=Cavia porcellus OX=10141 GN=LPL PE=2 SV=1
g21625.t1,sp|P11153|LIPL_CAVPO,Cavia porcellus,30.42,75.0,4.25e-30,126.0,Other non-arthropod,FLAG_REVIEW,3,3,sp|P11153|LIPL_CAVPO Lipoprotein lipase OS=Cavia porcellus OX=10141 GN=LPL PE=2 SV=1
g21626.t1,sp|Q49B93|SC5AC_MOUSE,Mus musculus,32.405,96.0,5.89e-62,217.0,Other non-arthropod,FLAG_REVIEW,5,5,sp|Q49B93|SC5AC_MOUSE Sodium-coupled monocarboxylate transporter 2 OS=Mus musculus OX=10090 GN=Slc5a12 PE=1 SV=1
g21627.t1,sp|A0A291PQF1|UGT5_DACCO,Dactylopius coccus,32.0,83.0,3.93e-14,74.3,Other non-arthropod,FLAG_REVIEW,5,5,sp|A0A291PQF1|UGT5_DACCO UDP-glycosyltransferase UGT5 OS=Dactylopius coccus OX=765876 GN=UGT5 PE=1 SV=1
g21628.t1,sp|A0A291PQF1|UGT5_DACCO,Dactylopius coccus,33.786,96.0,9.35e-75,263.0,Other non-arthropod,FLAG_REVIEW,4,4,sp|A0A291PQF1|UGT5_DACCO UDP-glycosyltransferase UGT5 OS=Dactylopius coccus OX=765876 GN=UGT5 PE=1 SV=1
g21629.t1,sp|A0A291PQH4|UGT2_DACCO,Dactylopius coccus,33.267,96.0,5.969999999999999e-81,268.0,Other non-arthropod,FLAG_REVIEW,3,3,sp|A0A291PQH4|UGT2_DACCO UDP-glucosyltransferase 2 OS=Dactylopius coccus OX=765876 GN=UTG2 PE=1 SV=1
g21630.t1,sp|A0A291PQH4|UGT2_DACCO,Dactylopius coccus,33.996,96.0,3.31e-78,261.0,Other non-arthropod,FLAG_REVIEW,2,2,sp|A0A291PQH4|UGT2_DACCO UDP-glucosyltransferase 2 OS=Dactylopius coccus OX=765876 GN=UTG2 PE=1 SV=1
g21636.t1,sp|P35502|ESTF_MYZPE,Myzus persicae,32.448,89.0,2.33e-60,216.0,Other non-arthropod,FLAG_REVIEW,5,5,sp|P35502|ESTF_MYZPE Esterase FE4 OS=Myzus persicae OX=13164 PE=1 SV=1
g21637.t1,sp|P35502|ESTF_MYZPE,Myzus persicae,30.826,95.0,7.750000000000001e-58,208.0,Other non-arthropod,FLAG_REVIEW,3,3,sp|P35502|ESTF_MYZPE Esterase FE4 OS=Myzus persicae OX=13164 PE=1 SV=1
g21643.t1,sp|Q5U3A7|OPA1_DANRE,Danio rerio,48.056,100.0,0.0,885.0,Other non-arthropod,FLAG_REVIEW,5,5,"sp|Q5U3A7|OPA1_DANRE Dynamin-like GTPase OPA1, mitochondrial OS=Danio rerio OX=7955 GN=opa1 PE=2 SV=1"
g21647.t1,sp|Q2KHW8|GEMI6_BOVIN,Bos taurus,30.597,70.0,5.45e-07,53.9,Other non-arthropod,FLAG_REVIEW,2,2,sp|Q2KHW8|GEMI6_BOVIN Gem-associated protein 6 OS=Bos taurus OX=9913 GN=GEMIN6 PE=2 SV=1
g21648.t1,sp|Q8N328|PGBD3_HUMAN,Homo sapiens,41.799,93.0,1.27e-38,146.0,Other non-arthropod,FLAG_REVIEW,4,4,sp|Q8N328|PGBD3_HUMAN PiggyBac transposable element-derived protein 3 OS=Homo sapiens OX=9606 GN=PGBD3 PE=1 SV=3
g21651.t1,sp|O01479|TMOD_CAEEL,Caenorhabditis elegans,36.592,71.0,9.32e-70,234.0,Other non-arthropod,FLAG_REVIEW,1,1,sp|O01479|TMOD_CAEEL Tropomodulin OS=Caenorhabditis elegans OX=6239 GN=unc-94 PE=1 SV=2
g21661.t1,sp|Q6DGN0|RERGL_DANRE,Danio rerio,37.073,94.0,2.1100000000000003e-37,135.0,Other non-arthropod,FLAG_REVIEW,5,5,sp|Q6DGN0|RERGL_DANRE Ras-related and estrogen-regulated growth inhibitor-like protein A OS=Danio rerio OX=7955 GN=rergla PE=2 SV=1
g21666.t1,sp|Q7YRC1|AIP_BOVIN,Bos taurus,37.304,97.0,3.01e-72,233.0,Other non-arthropod,FLAG_REVIEW,5,5,sp|Q7YRC1|AIP_BOVIN AH receptor-interacting protein OS=Bos taurus OX=9913 GN=AIP PE=2 SV=1
g21667.t1,sp|Q15649|ZNHI3_HUMAN,Homo sapiens,36.8,95.0,1.97e-15,74.3,Other non-arthropod,FLAG_REVIEW,5,5,sp|Q15649|ZNHI3_HUMAN Zinc finger HIT domain-containing protein 3 OS=Homo sapiens OX=9606 GN=ZNHIT3 PE=1 SV=2
g21669.t1,tr|A0A2Z6QND0|A0A2Z6QND0_9GLOM,Rhizophagus clarus,34.959,73.0,1.74e-11,65.5,Other non-arthropod,FLAG_REVIEW,2,2,tr|A0A2Z6QND0|A0A2Z6QND0_9GLOM DDE Tnp4 domain-containing protein OS=Rhizophagus clarus OX=94130 GN=RclHR1_18180006 PE=3 SV=1
g21670.t1,sp|Q09575|YRD6_CAEEL,Caenorhabditis elegans,33.679,78.0,2.15e-58,216.0,Other non-arthropod,FLAG_REVIEW,1,1,sp|Q09575|YRD6_CAEEL Uncharacterized protein K02A2.6 OS=Caenorhabditis elegans OX=6239 GN=K02A2.6 PE=4 SV=1
g21674.t1,sp|Q7ZV80|SPF30_DANRE,Danio rerio,42.449,98.0,2.4200000000000004e-47,163.0,Other non-arthropod,FLAG_REVIEW,5,5,sp|Q7ZV80|SPF30_DANRE Survival of motor neuron-related-splicing factor 30 OS=Danio rerio OX=7955 GN=smndc1 PE=2 SV=1
g21675.t1,tr|A0ACH0GF90|A0ACH0GF90_9GLOM,Rhizophagus irregularis,30.851,81.0,2.33e-06,52.0,Other non-arthropod,FLAG_REVIEW,1,1,tr|A0ACH0GF90|A0ACH0GF90_9GLOM Uncharacterized protein OS=Rhizophagus irregularis OX=588596 GN=OCT59_004061 PE=4 SV=1
g21676.t1,sp|Q6A4L1|S12A8_XENLA,Xenopus laevis,48.019,89.0,3.61e-128,401.0,Other non-arthropod,FLAG_REVIEW,8,8,sp|Q6A4L1|S12A8_XENLA Solute carrier family 12 member 8 OS=Xenopus laevis OX=8355 GN=slc12a8 PE=2 SV=1
g21692.t1,sp|Q09575|YRD6_CAEEL,Caenorhabditis elegans,35.314,77.0,1.73e-45,175.0,Other non-arthropod,FLAG_REVIEW,1,1,sp|Q09575|YRD6_CAEEL Uncharacterized protein K02A2.6 OS=Caenorhabditis elegans OX=6239 GN=K02A2.6 PE=4 SV=1
g21696.t1,sp|Q32LE4|GGCT_BOVIN,Bos taurus,39.873,86.0,3.3000000000000004e-26,105.0,Other non-arthropod,FLAG_REVIEW,3,3,sp|Q32LE4|GGCT_BOVIN Gamma-glutamylcyclotransferase OS=Bos taurus OX=9913 GN=GGCT PE=2 SV=1
g21697.t1,sp|P06213|INSR_HUMAN,Homo sapiens,41.792,88.0,0.0,745.0,Other non-arthropod,FLAG_REVIEW,5,5,sp|P06213|INSR_HUMAN Insulin receptor OS=Homo sapiens OX=9606 GN=INSR PE=1 SV=4
g21702.t1,sp|O00232|PSD12_HUMAN,Homo sapiens,59.681,98.0,0.0,533.0,Other non-arthropod,FLAG_REVIEW,5,5,sp|O00232|PSD12_HUMAN 26S proteasome non-ATPase regulatory subunit 12 OS=Homo sapiens OX=9606 GN=PSMD12 PE=1 SV=3
g21706.t1,sp|Q9ERC8|DSCAM_MOUSE,Mus musculus,30.0,86.0,3.22e-12,71.6,Other non-arthropod,FLAG_REVIEW,3,3,sp|Q9ERC8|DSCAM_MOUSE Cell adhesion molecule DSCAM OS=Mus musculus OX=10090 GN=Dscam PE=1 SV=1
g21711.t1,sp|Q96DM1|PGBD4_HUMAN,Homo sapiens,30.224,84.0,2.8e-53,198.0,Other non-arthropod,FLAG_REVIEW,1,1,sp|Q96DM1|PGBD4_HUMAN PiggyBac transposable element-derived protein 4 OS=Homo sapiens OX=9606 GN=PGBD4 PE=1 SV=3
g21734.t1,sp|Q3ZBV8|SYTC_BOVIN,Bos taurus,68.732,98.0,0.0,1049.0,Other non-arthropod,FLAG_REVIEW,5,5,"sp|Q3ZBV8|SYTC_BOVIN Threonine--tRNA ligase 1, cytoplasmic OS=Bos taurus OX=9913 GN=TARS1 PE=2 SV=1"
g21739.t1,sp|Q05187|TGMH_TACTR,Tachypleus tridentatus,41.835,99.0,0.0,591.0,Other non-arthropod,FLAG_REVIEW,5,5,sp|Q05187|TGMH_TACTR Hemocyte protein-glutamine gamma-glutamyltransferase OS=Tachypleus tridentatus OX=6853 PE=1 SV=1
g21740.t1,sp|Q99PV0|PRP8_MOUSE,Mus musculus,92.737,99.0,0.0,3605.0,Other non-arthropod,FLAG_REVIEW,5,5,sp|Q99PV0|PRP8_MOUSE Pre-mRNA-processing-splicing factor 8 OS=Mus musculus OX=10090 GN=Prpf8 PE=1 SV=2
g21742.t1,sp|Q9UGU5|HMGX4_HUMAN,Homo sapiens,36.42,96.0,8.35e-24,103.0,Other non-arthropod,FLAG_REVIEW,1,1,sp|Q9UGU5|HMGX4_HUMAN HMG domain-containing protein 4 OS=Homo sapiens OX=9606 GN=HMGXB4 PE=1 SV=2
g21744.t1,sp|Q7PCJ9|SAT2_PIG,Sus scrofa,37.427,99.0,9.859999999999999e-28,108.0,Other non-arthropod,FLAG_REVIEW,5,5,sp|Q7PCJ9|SAT2_PIG Thialysine N-epsilon-acetyltransferase OS=Sus scrofa OX=9823 GN=SAT2 PE=2 SV=1
g21746.t1,tr|A0A1V6PFL0|A0A1V6PFL0_9EURO,Penicillium antarcticum,33.636,75.0,2.05e-13,73.6,Fungal,FLAG_POSSIBLE_CONTAMINATION,4,4,tr|A0A1V6PFL0|A0A1V6PFL0_9EURO Endonuclease/exonuclease/phosphatase domain-containing protein OS=Penicillium antarcticum OX=416450 GN=PENANT_c143G02012 PE=4 SV=1
g21750.t1,sp|Q9HBG6|IF122_HUMAN,Homo sapiens,34.361,96.0,2.89e-29,122.0,Other non-arthropod,FLAG_REVIEW,4,4,sp|Q9HBG6|IF122_HUMAN Intraflagellar transport protein 122 homolog OS=Homo sapiens OX=9606 GN=IFT122 PE=1 SV=2
g21768.t1,sp|Q92058|PPBT_CHICK,Gallus gallus,40.705,99.0,9.560000000000001e-110,342.0,Other non-arthropod,FLAG_REVIEW,5,5,"sp|Q92058|PPBT_CHICK Alkaline phosphatase, tissue-nonspecific isozyme OS=Gallus gallus OX=9031 GN=ALPL PE=1 SV=1"
g21769.t1,sp|Q92058|PPBT_CHICK,Gallus gallus,43.254,95.0,5e-124,379.0,Other non-arthropod,FLAG_REVIEW,5,5,"sp|Q92058|PPBT_CHICK Alkaline phosphatase, tissue-nonspecific isozyme OS=Gallus gallus OX=9031 GN=ALPL PE=1 SV=1"
g21777.t1,sp|P51947|CCNH_XENLA,Xenopus laevis,41.379,71.0,4.4e-25,107.0,Other non-arthropod,FLAG_REVIEW,5,5,sp|P51947|CCNH_XENLA Cyclin-H OS=Xenopus laevis OX=8355 GN=ccnh PE=1 SV=1
g21778.t1,sp|C0HL92|AKH1B_AGRIP,Agrotis ipsilon,34.211,97.0,5e-12,62.0,Other non-arthropod,FLAG_REVIEW,4,4,sp|C0HL92|AKH1B_AGRIP Adipokinetic prohormone type 1 OS=Agrotis ipsilon OX=56364 PE=1 SV=1
g21779.t1,sp|C0HL91|AKH1A_AGRIP,Agrotis ipsilon,46.053,95.0,2.33e-11,60.1,Other non-arthropod,FLAG_REVIEW,5,5,sp|C0HL91|AKH1A_AGRIP Adipokinetic prohormone type 1 OS=Agrotis ipsilon OX=56364 PE=1 SV=1
g21786.t4,sp|O14639|ABLM1_HUMAN,Homo sapiens,35.245,70.0,2.15e-101,340.0,Other non-arthropod,FLAG_REVIEW,2,2,sp|O14639|ABLM1_HUMAN Actin-binding LIM protein 1 OS=Homo sapiens OX=9606 GN=ABLIM1 PE=1 SV=3
g21797.t1,sp|Q86UP8|GTD2A_HUMAN,Homo sapiens,40.175,96.0,1.54e-111,358.0,Other non-arthropod,FLAG_REVIEW,4,4,sp|Q86UP8|GTD2A_HUMAN General transcription factor II-I repeat domain-containing protein 2A OS=Homo sapiens OX=9606 GN=GTF2IRD2 PE=1 SV=3
g21798.t1,sp|Q96M32|KAD7_HUMAN,Homo sapiens,31.366,97.0,1.8e-37,148.0,Other non-arthropod,FLAG_REVIEW,2,2,sp|Q96M32|KAD7_HUMAN Adenylate kinase 7 OS=Homo sapiens OX=9606 GN=AK7 PE=1 SV=3
g21802.t1,tr|A0A0D2HA29|A0A0D2HA29_9EURO,Fonsecaea multimorphosa CBS 102226,30.651,87.0,5.91e-21,98.6,Other non-arthropod,FLAG_REVIEW,1,1,tr|A0A0D2HA29|A0A0D2HA29_9EURO Fatty acid hydroxylase domain-containing protein OS=Fonsecaea multimorphosa CBS 102226 OX=1442371 GN=Z520_05201 PE=4 SV=1
g21806.t1,sp|O94760|DDAH1_HUMAN,Homo sapiens,38.007,98.0,6.5e-51,174.0,Other non-arthropod,FLAG_REVIEW,5,5,"sp|O94760|DDAH1_HUMAN N(G),N(G)-dimethylarginine dimethylaminohydrolase 1 OS=Homo sapiens OX=9606 GN=DDAH1 PE=1 SV=3"
g21812.t1,tr|A0ABQ7IZT9|A0ABQ7IZT9_9HELO,Botrytis deweyae,34.583,91.0,7.31e-15,82.8,Fungal,FLAG_POSSIBLE_CONTAMINATION,21,21,tr|A0ABQ7IZT9|A0ABQ7IZT9_9HELO Lysostaphin N-terminal domain-containing protein OS=Botrytis deweyae OX=2478750 GN=EAE98_000790 PE=4 SV=1
g21825.t2,sp|P63016|PAX6_RAT,Rattus norvegicus,58.691,76.0,1.72e-154,454.0,Other non-arthropod,FLAG_REVIEW,5,5,sp|P63016|PAX6_RAT Paired box protein Pax-6 OS=Rattus norvegicus OX=10116 GN=Pax6 PE=2 SV=1
g21830.t1,sp|Q5PQJ7|TBCEL_RAT,Rattus norvegicus,37.438,88.0,9.18e-31,124.0,Other non-arthropod,FLAG_REVIEW,5,5,sp|Q5PQJ7|TBCEL_RAT Tubulin-specific chaperone cofactor E-like protein OS=Rattus norvegicus OX=10116 GN=Tbcel PE=1 SV=1
g21831.t1,sp|Q9DCM0|ETHE1_MOUSE,Mus musculus,61.856,74.0,3.72e-82,253.0,Other non-arthropod,FLAG_REVIEW,1,1,"sp|Q9DCM0|ETHE1_MOUSE Persulfide dioxygenase ETHE1, mitochondrial OS=Mus musculus OX=10090 GN=Ethe1 PE=1 SV=2"
g21841.t1,sp|P07751|SPTN1_CHICK,Gallus gallus,30.64,87.0,1.19e-34,143.0,Other non-arthropod,FLAG_REVIEW,14,14,"sp|P07751|SPTN1_CHICK Spectrin alpha chain, non-erythrocytic 1 OS=Gallus gallus OX=9031 GN=SPTAN1 PE=1 SV=3"
g21850.t1,sp|Q9NZ94|NLGN3_HUMAN,Homo sapiens,33.622,75.0,1.29e-77,274.0,Other non-arthropod,FLAG_REVIEW,5,5,sp|Q9NZ94|NLGN3_HUMAN Neuroligin-3 OS=Homo sapiens OX=9606 GN=NLGN3 PE=1 SV=2
g21858.t1,sp|Q9CSH3|RRP44_MOUSE,Mus musculus,52.648,95.0,0.0,999.0,Other non-arthropod,FLAG_REVIEW,5,5,sp|Q9CSH3|RRP44_MOUSE Exosome complex exonuclease RRP44 OS=Mus musculus OX=10090 GN=Dis3 PE=1 SV=4
g21869.t1,sp|G5EFD9|ADA10_CAEEL,Caenorhabditis elegans,39.955,97.0,0.0,585.0,Other non-arthropod,FLAG_REVIEW,5,5,sp|G5EFD9|ADA10_CAEEL Disintegrin and metalloproteinase domain-containing protein 10 homolog OS=Caenorhabditis elegans OX=6239 GN=sup-17 PE=1 SV=1
g21871.t1,sp|A7SD85|CDC5L_NEMVE,Nematostella vectensis,93.706,96.0,9.03e-91,286.0,Other non-arthropod,FLAG_REVIEW,5,5,sp|A7SD85|CDC5L_NEMVE Cell division cycle 5-related protein OS=Nematostella vectensis OX=45351 GN=cdc5l PE=3 SV=1
g21872.t1,sp|G5E8K5|ANK3_MOUSE,Mus musculus,61.026,85.0,0.0,949.0,Other non-arthropod,FLAG_REVIEW,12,12,sp|G5E8K5|ANK3_MOUSE Ankyrin-3 OS=Mus musculus OX=10090 GN=Ank3 PE=1 SV=1
g21876.t1,sp|Q29RM3|REEP5_BOVIN,Bos taurus,48.276,89.0,1.56e-58,188.0,Other non-arthropod,FLAG_REVIEW,5,5,sp|Q29RM3|REEP5_BOVIN Receptor expression-enhancing protein 5 OS=Bos taurus OX=9913 GN=REEP5 PE=2 SV=1
g21877.t1,sp|Q9NZL6|RGL1_HUMAN,Homo sapiens,37.957,98.0,1.37e-129,405.0,Other non-arthropod,FLAG_REVIEW,8,8,sp|Q9NZL6|RGL1_HUMAN Ral guanine nucleotide dissociation stimulator-like 1 OS=Homo sapiens OX=9606 GN=RGL1 PE=1 SV=1
g21882.t1,sp|Q9UKJ5|CHIC2_HUMAN,Homo sapiens,65.455,96.0,5.2899999999999995e-30,112.0,Other non-arthropod,FLAG_REVIEW,4,4,sp|Q9UKJ5|CHIC2_HUMAN Cysteine-rich hydrophobic domain-containing protein 2 OS=Homo sapiens OX=9606 GN=CHIC2 PE=1 SV=1
g21890.t1,tr|A0A8H7QTM9|A0A8H7QTM9_9FUNG,Mucor saturninus,36.301,75.0,4.05e-16,80.1,Fungal,FLAG_POSSIBLE_CONTAMINATION,2,2,tr|A0A8H7QTM9|A0A8H7QTM9_9FUNG DUF6570 domain-containing protein OS=Mucor saturninus OX=64648 GN=INT47_000393 PE=4 SV=1
g21892.t1,sp|A7Y2W8|SC6A9_XENLA,Xenopus laevis,40.945,96.0,3.87e-145,442.0,Other non-arthropod,FLAG_REVIEW,5,5,sp|A7Y2W8|SC6A9_XENLA Sodium- and chloride-dependent glycine transporter 1 OS=Xenopus laevis OX=8355 GN=slc6a9 PE=2 SV=1
g21893.t1,tr|A0ACB8UNH7|A0ACB8UNH7_9APHY,Irpex rosettiformis,48.97,99.0,1.72e-153,449.0,Other non-arthropod,FLAG_REVIEW,5,5,tr|A0ACB8UNH7|A0ACB8UNH7_9APHY phosphopyruvate hydratase OS=Irpex rosettiformis OX=378272 GN=BDY19DRAFT_916014 PE=3 SV=1
g21894.t1,tr|A0ACB8UNH7|A0ACB8UNH7_9APHY,Irpex rosettiformis,46.387,97.0,1.75e-138,409.0,Other non-arthropod,FLAG_REVIEW,5,5,tr|A0ACB8UNH7|A0ACB8UNH7_9APHY phosphopyruvate hydratase OS=Irpex rosettiformis OX=378272 GN=BDY19DRAFT_916014 PE=3 SV=1
g21901.t1,tr|A0A139APN0|A0A139APN0_GONPJ,Gonapodya prolifera (strain JEL478),34.328,70.0,1.02e-51,186.0,Other non-arthropod,FLAG_REVIEW,1,1,tr|A0A139APN0|A0A139APN0_GONPJ WD40 repeat-like protein OS=Gonapodya prolifera (strain JEL478) OX=1344416 GN=M427DRAFT_53562 PE=4 SV=1
g21911.t1,sp|Q60597|ODO1_MOUSE,Mus musculus,51.13,89.0,0.0,887.0,Other non-arthropod,FLAG_REVIEW,5,5,sp|Q60597|ODO1_MOUSE 2-oxoglutarate dehydrogenase complex component E1 OS=Mus musculus OX=10090 GN=Ogdh PE=1 SV=3
g21916.t1,sp|Q09575|YRD6_CAEEL,Caenorhabditis elegans,34.983,77.0,1.04e-44,172.0,Other non-arthropod,FLAG_REVIEW,1,1,sp|Q09575|YRD6_CAEEL Uncharacterized protein K02A2.6 OS=Caenorhabditis elegans OX=6239 GN=K02A2.6 PE=4 SV=1
g21918.t1,sp|O95757|HS74L_HUMAN,Homo sapiens,44.856,94.0,1.72e-123,387.0,Other non-arthropod,FLAG_REVIEW,5,5,sp|O95757|HS74L_HUMAN Heat shock 70 kDa protein 4L OS=Homo sapiens OX=9606 GN=HSPA4L PE=1 SV=3
g21919.t1,tr|A0A086TLJ1|A0A086TLJ1_9FUNG,Podila verticillata NRRL 6337,49.838,93.0,9.74e-98,300.0,Other non-arthropod,FLAG_REVIEW,5,5,tr|A0A086TLJ1|A0A086TLJ1_9FUNG DNA/pantothenate metabolism flavoprotein C-terminal domain-containing protein OS=Podila verticillata NRRL 6337 OX=1069443 GN=MVEG_11344 PE=3 SV=1
g21926.t1,sp|Q06320|CWLC_BACSU,Bacillus subtilis (strain 168),38.22,71.0,1.86e-27,112.0,Bacterial,FLAG_POSSIBLE_CONTAMINATION,4,4,sp|Q06320|CWLC_BACSU Sporulation-specific N-acetylmuramoyl-L-alanine amidase OS=Bacillus subtilis (strain 168) OX=224308 GN=cwlC PE=1 SV=1
g21928.t1,tr|A0A062V6M8|A0A062V6M8_9EURY,Candidatus Methanoperedens nitratireducens,33.206,72.0,8.45e-27,125.0,Fungal,FLAG_POSSIBLE_CONTAMINATION,1,1,tr|A0A062V6M8|A0A062V6M8_9EURY Putative subtilisin-like proprotein convertase OS=Candidatus Methanoperedens nitratireducens OX=1392998 GN=ANME2D_03085 PE=3 SV=1
g21929.t1,sp|Q0TTK8|FTSH_CLOP1,Clostridium perfringens (strain ATCC 13124 / DSM 756 / JCM 1290 / NCIMB 6125 / NCTC 8237 / Type A),62.25,86.0,0.0,698.0,Bacterial,FLAG_POSSIBLE_CONTAMINATION,5,5,sp|Q0TTK8|FTSH_CLOP1 ATP-dependent zinc metalloprotease FtsH OS=Clostridium perfringens (strain ATCC 13124 / DSM 756 / JCM 1290 / NCIMB 6125 / NCTC 8237 / Type A) OX=195103 GN=ftsH PE=3 SV=1
g21931.t1,sp|Q819W8|RBGA_BACCR,Bacillus cereus (strain ATCC 14579 / DSM 31 / CCUG 7414 / JCM 2152 / NBRC 15305 / NCIMB 9373 / NCTC 2599 / NRRL B-3711),50.174,75.0,4.5e-92,285.0,Bacterial,FLAG_POSSIBLE_CONTAMINATION,5,5,sp|Q819W8|RBGA_BACCR Ribosome biogenesis GTPase A OS=Bacillus cereus (strain ATCC 14579 / DSM 31 / CCUG 7414 / JCM 2152 / NBRC 15305 / NCIMB 9373 / NCTC 2599 / NRRL B-3711) OX=226900 GN=rbgA PE=3 SV=1
g21935.t1,sp|A9KIA6|SYDND_LACP7,Lachnoclostridium phytofermentans (strain ATCC 700394 / DSM 18823 / ISDg),62.669,98.0,0.0,810.0,Bacterial,FLAG_POSSIBLE_CONTAMINATION,5,5,sp|A9KIA6|SYDND_LACP7 Aspartate--tRNA(Asp/Asn) ligase OS=Lachnoclostridium phytofermentans (strain ATCC 700394 / DSM 18823 / ISDg) OX=357809 GN=aspS PE=3 SV=1
g21936.t1,sp|B0K977|SYH_THEP3,Thermoanaerobacter pseudethanolicus (strain ATCC 33223 / 39E),53.976,99.0,7.780000000000001e-161,465.0,Bacterial,FLAG_POSSIBLE_CONTAMINATION,5,5,sp|B0K977|SYH_THEP3 Histidine--tRNA ligase OS=Thermoanaerobacter pseudethanolicus (strain ATCC 33223 / 39E) OX=340099 GN=hisS PE=3 SV=1
g21937.t1,sp|P0A0E9|RELA_STAAW,Staphylococcus aureus (strain MW2),44.29,84.0,0.0,644.0,Bacterial,FLAG_POSSIBLE_CONTAMINATION,5,5,sp|P0A0E9|RELA_STAAW GTP pyrophosphokinase OS=Staphylococcus aureus (strain MW2) OX=196620 GN=relA PE=3 SV=1
g21938.t1,tr|A0AAE3HC05|A0AAE3HC05_9EURY,Methanolobus chelungpuianus,40.336,98.0,1.02e-120,368.0,Other non-arthropod,FLAG_REVIEW,5,5,tr|A0AAE3HC05|A0AAE3HC05_9EURY Aminoacyl-histidine dipeptidase OS=Methanolobus chelungpuianus OX=502115 GN=PV02_09530 PE=4 SV=1
g21939.t1,tr|D7DT12|D7DT12_METV3,Methanococcus voltae (strain ATCC BAA-1334 / A3),33.784,93.0,1.96e-13,73.6,Other non-arthropod,FLAG_REVIEW,5,5,tr|D7DT12|D7DT12_METV3 Sodium:dicarboxylate symporter OS=Methanococcus voltae (strain ATCC BAA-1334 / A3) OX=456320 GN=Mvol_0613 PE=4 SV=1
g21941.t1,sp|P37105|SRP54_BACSU,Bacillus subtilis (strain 168),62.78,99.0,0.0,570.0,Bacterial,FLAG_POSSIBLE_CONTAMINATION,5,5,sp|P37105|SRP54_BACSU Signal recognition particle protein OS=Bacillus subtilis (strain 168) OX=224308 GN=ffh PE=1 SV=1
g21942.t1,sp|O32034|TRHP1_BACSU,Bacillus subtilis (strain 168),44.665,98.0,3.62e-120,362.0,Bacterial,FLAG_POSSIBLE_CONTAMINATION,5,5,sp|O32034|TRHP1_BACSU tRNA hydroxylation protein P1 OS=Bacillus subtilis (strain 168) OX=224308 GN=trhP1 PE=3 SV=1
g21944.t1,sp|A9KSS0|UVRC_LACP7,Lachnoclostridium phytofermentans (strain ATCC 700394 / DSM 18823 / ISDg),53.256,99.0,1.67e-147,439.0,Bacterial,FLAG_POSSIBLE_CONTAMINATION,5,5,sp|A9KSS0|UVRC_LACP7 UvrABC system protein C OS=Lachnoclostridium phytofermentans (strain ATCC 700394 / DSM 18823 / ISDg) OX=357809 GN=uvrC PE=3 SV=1
g21947.t1,tr|K0IJE0|K0IJE0_NITGG,Nitrososphaera gargensis (strain Ga9.2),32.335,96.0,1.49e-18,89.0,Other non-arthropod,FLAG_REVIEW,4,4,tr|K0IJE0|K0IJE0_NITGG Putative glycosyl transferase group 1 OS=Nitrososphaera gargensis (strain Ga9.2) OX=1237085 GN=Ngar_c23220 PE=4 SV=1
g21948.t1,sp|Q02114|LYTC_BACSU,Bacillus subtilis (strain 168),42.308,97.0,2.03e-22,98.6,Bacterial,FLAG_POSSIBLE_CONTAMINATION,5,5,sp|Q02114|LYTC_BACSU N-acetylmuramoyl-L-alanine amidase LytC OS=Bacillus subtilis (strain 168) OX=224308 GN=lytC PE=1 SV=1
g21949.t1,sp|Q39V99|DUT_GEOMG,Geobacter metallireducens (strain ATCC 53774 / DSM 7210 / GS-15),61.905,98.0,7.599999999999999e-54,172.0,Bacterial,FLAG_POSSIBLE_CONTAMINATION,5,5,sp|Q39V99|DUT_GEOMG Deoxyuridine 5'-triphosphate nucleotidohydrolase OS=Geobacter metallireducens (strain ATCC 53774 / DSM 7210 / GS-15) OX=269799 GN=dut PE=3 SV=1
g21950.t1,sp|Q04805|YMXG_BACSU,Bacillus subtilis (strain 168),46.04,96.0,1.33e-120,363.0,Bacterial,FLAG_POSSIBLE_CONTAMINATION,5,5,sp|Q04805|YMXG_BACSU Uncharacterized zinc protease YmxG OS=Bacillus subtilis (strain 168) OX=224308 GN=ymxG PE=3 SV=3
g21952.t1,sp|Q8R9C7|SYFB_CALS4,Caldanaerobacter subterraneus subsp. tengcongensis (strain DSM 15242 / JCM 11007 / NBRC 100824 / MB4),49.44,99.0,0.0,769.0,Bacterial,FLAG_POSSIBLE_CONTAMINATION,5,5,sp|Q8R9C7|SYFB_CALS4 Phenylalanine--tRNA ligase beta subunit OS=Caldanaerobacter subterraneus subsp. tengcongensis (strain DSM 15242 / JCM 11007 / NBRC 100824 / MB4) OX=273068 GN=pheT PE=3 SV=1
g21953.t1,sp|A3DBX6|SYFA_ACET2,Acetivibrio thermocellus (strain ATCC 27405 / DSM 1237 / JCM 9322 / NBRC 103400 / NCIMB 10682 / NRRL B-4536 / VPI 7372),62.832,100.0,5.21e-165,469.0,Bacterial,FLAG_POSSIBLE_CONTAMINATION,5,5,sp|A3DBX6|SYFA_ACET2 Phenylalanine--tRNA ligase alpha subunit OS=Acetivibrio thermocellus (strain ATCC 27405 / DSM 1237 / JCM 9322 / NBRC 103400 / NCIMB 10682 / NRRL B-4536 / VPI 7372) OX=203119 GN=pheS PE=3 SV=1
g21956.t1,sp|P37061|NAOX_ENTFA,Enterococcus faecalis (strain ATCC 700802 / V583),50.272,99.0,1.08e-116,352.0,Other non-arthropod,FLAG_REVIEW,5,5,sp|P37061|NAOX_ENTFA NADH oxidase OS=Enterococcus faecalis (strain ATCC 700802 / V583) OX=226185 GN=nox PE=1 SV=1
g21958.t1,tr|R9T584|R9T584_METII,Methanomassiliicoccus intestinalis (strain Issoire-Mx1),30.151,94.0,1.0700000000000001e-47,174.0,Other non-arthropod,FLAG_REVIEW,3,3,tr|R9T584|R9T584_METII FAD-dependent pyridine nucleotide-disulfide oxidoreductase OS=Methanomassiliicoccus intestinalis (strain Issoire-Mx1) OX=1295009 GN=MMINT_02520 PE=4 SV=1
g21959.t1,sp|P73448|NARB_SYNY3,Synechocystis sp. (strain ATCC 27184 / PCC 6803 / Kazusa),31.608,98.0,1.18e-115,370.0,Other non-arthropod,FLAG_REVIEW,3,3,sp|P73448|NARB_SYNY3 Nitrate reductase OS=Synechocystis sp. (strain ATCC 27184 / PCC 6803 / Kazusa) OX=1111708 GN=narB PE=3 SV=1
g21962.t1,sp|A9KSW9|TIG_LACP7,Lachnoclostridium phytofermentans (strain ATCC 700394 / DSM 18823 / ISDg),50.698,100.0,1.51e-144,425.0,Bacterial,FLAG_POSSIBLE_CONTAMINATION,5,5,sp|A9KSW9|TIG_LACP7 Trigger factor OS=Lachnoclostridium phytofermentans (strain ATCC 700394 / DSM 18823 / ISDg) OX=357809 GN=tig PE=3 SV=1
g21963.t1,tr|A0A3R9QGV2|A0A3R9QGV2_9CREN,Candidatus Methanodesulfokora washburnensis,40.336,98.0,7.87e-121,368.0,Fungal,FLAG_POSSIBLE_CONTAMINATION,5,5,tr|A0A3R9QGV2|A0A3R9QGV2_9CREN NAD(P)/FAD-dependent oxidoreductase OS=Candidatus Methanodesulfokora washburnensis OX=2478471 GN=D6D85_04465 PE=4 SV=1
g21967.t1,sp|Q4KLN7|ARFG3_RAT,Rattus norvegicus,38.616,98.0,2.5e-98,313.0,Other non-arthropod,FLAG_REVIEW,5,5,sp|Q4KLN7|ARFG3_RAT ADP-ribosylation factor GTPase-activating protein 3 OS=Rattus norvegicus OX=10116 GN=Arfgap3 PE=1 SV=1
g21968.t1,tr|A0ABR2WTR9|A0ABR2WTR9_9FUNG,Basidiobolus ranarum,30.14,93.0,2.35e-51,185.0,Other non-arthropod,FLAG_REVIEW,4,4,tr|A0ABR2WTR9|A0ABR2WTR9_9FUNG tRNA:m(4)X modification enzyme TRM13 OS=Basidiobolus ranarum OX=34480 GN=TRM13 PE=3 SV=1
g21981.t1,sp|P0C6B8|SVEP1_RAT,Rattus norvegicus,30.353,72.0,1.08e-59,227.0,Other non-arthropod,FLAG_REVIEW,2,2,"sp|P0C6B8|SVEP1_RAT Sushi, von Willebrand factor type A, EGF and pentraxin domain-containing protein 1 OS=Rattus norvegicus OX=10116 GN=Svep1 PE=1 SV=1"
g21994.t1,sp|Q9JID1|PDCD4_RAT,Rattus norvegicus,45.995,88.0,4.63e-91,290.0,Other non-arthropod,FLAG_REVIEW,5,5,sp|Q9JID1|PDCD4_RAT Programmed cell death protein 4 OS=Rattus norvegicus OX=10116 GN=Pdcd4 PE=1 SV=2
g21999.t1,sp|Q8HXX2|MPI_MACFA,Macaca fascicularis,45.0,75.0,6.609999999999999e-114,350.0,Other non-arthropod,FLAG_REVIEW,5,5,sp|Q8HXX2|MPI_MACFA Mannose-6-phosphate isomerase OS=Macaca fascicularis OX=9541 GN=MPI PE=2 SV=3
g22002.t1,sp|Q3SWX9|RAD21_BOVIN,Bos taurus,58.755,72.0,8.16e-89,291.0,Other non-arthropod,FLAG_REVIEW,8,8,sp|Q3SWX9|RAD21_BOVIN Double-strand-break repair protein rad21 homolog OS=Bos taurus OX=9913 GN=RAD21 PE=2 SV=1
g22003.t1,sp|Q5ZJ66|SYEM_CHICK,Gallus gallus,38.06,99.0,1.0899999999999999e-45,166.0,Other non-arthropod,FLAG_REVIEW,5,5,"sp|Q5ZJ66|SYEM_CHICK Nondiscriminating glutamyl-tRNA synthetase EARS2, mitochondrial OS=Gallus gallus OX=9031 GN=EARS2 PE=2 SV=1"
g22006.t1,sp|Q6DF30|DHDH_XENTR,Xenopus tropicalis,37.73,89.0,1.31e-72,235.0,Other non-arthropod,FLAG_REVIEW,5,5,"sp|Q6DF30|DHDH_XENTR Trans-1,2-dihydrobenzene-1,2-diol dehydrogenase OS=Xenopus tropicalis OX=8364 GN=dhdh PE=2 SV=1"
g22008.t3,sp|Q924N4|S12A6_MOUSE,Mus musculus,56.474,96.0,0.0,1203.0,Other non-arthropod,FLAG_REVIEW,5,5,sp|Q924N4|S12A6_MOUSE Solute carrier family 12 member 6 OS=Mus musculus OX=10090 GN=Slc12a6 PE=1 SV=2
g22024.t1,sp|D3ZSZ3|NLK_RAT,Rattus norvegicus,67.213,100.0,2.44e-51,176.0,Other non-arthropod,FLAG_REVIEW,5,5,sp|D3ZSZ3|NLK_RAT Serine/threonine-protein kinase NLK OS=Rattus norvegicus OX=10116 GN=Nlk PE=3 SV=1
g22029.t1,sp|Q9WTN3|SRBP1_MOUSE,Mus musculus,31.917,95.0,1.63e-92,321.0,Other non-arthropod,FLAG_REVIEW,5,5,sp|Q9WTN3|SRBP1_MOUSE Sterol regulatory element-binding protein 1 OS=Mus musculus OX=10090 GN=Srebf1 PE=1 SV=4
g22030.t1,sp|P41209|CETN1_MOUSE,Mus musculus,36.607,83.0,1.7e-12,65.5,Other non-arthropod,FLAG_REVIEW,5,5,sp|P41209|CETN1_MOUSE Centrin-1 OS=Mus musculus OX=10090 GN=Cetn1 PE=1 SV=1
g22045.t1,tr|A0AAE4MHI2|A0AAE4MHI2_9EURY,Methanorbis rubei,46.753,83.0,1.06e-13,72.0,Other non-arthropod,FLAG_REVIEW,5,5,tr|A0AAE4MHI2|A0AAE4MHI2_9EURY threonine ammonia-lyase OS=Methanorbis rubei OX=3028300 GN=tdcB PE=3 SV=1
g22051.t1,tr|A0A8H7QH67|A0A8H7QH67_9FUNG,Mucor saturninus,30.282,87.0,5.84e-08,58.2,Fungal,FLAG_POSSIBLE_CONTAMINATION,2,2,tr|A0A8H7QH67|A0A8H7QH67_9FUNG Helitron helicase-like domain-containing protein OS=Mucor saturninus OX=64648 GN=INT47_006015 PE=4 SV=1
g22066.t1,sp|O60675|MAFK_HUMAN,Homo sapiens,54.206,77.0,4.35e-32,117.0,Other non-arthropod,FLAG_REVIEW,5,5,sp|O60675|MAFK_HUMAN Transcription factor MafK OS=Homo sapiens OX=9606 GN=MAFK PE=1 SV=1
g22075.t1,sp|Q28709|CD63_RABIT,Oryctolagus cuniculus,30.522,83.0,3.24e-31,123.0,Other non-arthropod,FLAG_REVIEW,3,3,sp|Q28709|CD63_RABIT CD63 antigen OS=Oryctolagus cuniculus OX=9986 GN=CD63 PE=2 SV=2
g22079.t1,sp|Q9XYN0|INX1_SCHAM,Schistocerca americana,58.462,87.0,2.4700000000000002e-21,91.7,Other non-arthropod,FLAG_REVIEW,5,5,sp|Q9XYN0|INX1_SCHAM Innexin inx1 OS=Schistocerca americana OX=7009 GN=inx1 PE=1 SV=1
g22086.t1,sp|Q8VEH8|ERLEC_MOUSE,Mus musculus,41.632,88.0,5.0800000000000006e-110,342.0,Other non-arthropod,FLAG_REVIEW,5,5,sp|Q8VEH8|ERLEC_MOUSE Endoplasmic reticulum lectin 1 OS=Mus musculus OX=10090 GN=Erlec1 PE=1 SV=1
g22088.t1,sp|Q6P0B1|CELF2_DANRE,Danio rerio,45.614,100.0,1.7399999999999998e-82,266.0,Other non-arthropod,FLAG_REVIEW,10,10,sp|Q6P0B1|CELF2_DANRE CUGBP Elav-like family member 2 OS=Danio rerio OX=7955 GN=celf2 PE=2 SV=1
g22090.t1,sp|Q91770|NOT2_XENLA,Xenopus laevis,64.557,81.0,1.05e-25,102.0,Other non-arthropod,FLAG_REVIEW,5,5,sp|Q91770|NOT2_XENLA Homeobox protein not2 OS=Xenopus laevis OX=8355 GN=not2 PE=2 SV=1
g22098.t1,sp|Q8K0F1|TBC23_MOUSE,Mus musculus,39.828,99.0,3.98e-169,505.0,Other non-arthropod,FLAG_REVIEW,5,5,sp|Q8K0F1|TBC23_MOUSE TBC1 domain family member 23 OS=Mus musculus OX=10090 GN=Tbc1d23 PE=1 SV=1
g22099.t1,sp|Q92556|ELMO1_HUMAN,Homo sapiens,51.129,98.0,9.68e-165,495.0,Other non-arthropod,FLAG_REVIEW,10,10,sp|Q92556|ELMO1_HUMAN Engulfment and cell motility protein 1 OS=Homo sapiens OX=9606 GN=ELMO1 PE=1 SV=2
g22100.t1,sp|Q5UAK0|MIER1_MOUSE,Mus musculus,44.568,81.0,3.6400000000000004e-80,261.0,Other non-arthropod,FLAG_REVIEW,5,5,sp|Q5UAK0|MIER1_MOUSE Mesoderm induction early response protein 1 OS=Mus musculus OX=10090 GN=Mier1 PE=1 SV=2
g22101.t2,sp|Q28EW0|GPHCC_XENTR,Xenopus tropicalis,50.27,85.0,1.89e-49,174.0,Other non-arthropod,FLAG_REVIEW,5,5,sp|Q28EW0|GPHCC_XENTR Golgi-pH regulating cation channel OS=Xenopus tropicalis OX=8364 GN=tmem87a PE=2 SV=1
g22107.t1,sp|Q7RTX9|MOT14_HUMAN,Homo sapiens,30.695,95.0,1.03e-56,204.0,Other non-arthropod,FLAG_REVIEW,1,1,sp|Q7RTX9|MOT14_HUMAN Monocarboxylate transporter 14 OS=Homo sapiens OX=9606 GN=SLC16A14 PE=1 SV=1
g22110.t1,sp|Q962X9|BUD31_BRABE,Branchiostoma belcheri,91.667,100.0,1.6e-94,275.0,Other non-arthropod,FLAG_REVIEW,5,5,sp|Q962X9|BUD31_BRABE Protein BUD31 homolog OS=Branchiostoma belcheri OX=7741 PE=2 SV=1
g22111.t1,sp|Q964R0|CP6K1_BLAGE,Blattella germanica,31.749,97.0,2.14e-94,303.0,Other non-arthropod,FLAG_REVIEW,4,4,sp|Q964R0|CP6K1_BLAGE Cytochrome P450 6k1 OS=Blattella germanica OX=6973 GN=CYP6K1 PE=2 SV=1
g22114.t1,sp|Q8BTU7|RCCD1_MOUSE,Mus musculus,49.254,82.0,2.6e-16,78.6,Other non-arthropod,FLAG_REVIEW,5,5,sp|Q8BTU7|RCCD1_MOUSE RCC1 domain-containing protein 1 OS=Mus musculus OX=10090 GN=Rccd1 PE=2 SV=2
g22116.t1,sp|Q9U3U0|RLA0_CERCA,Ceratitis capitata,81.703,100.0,1.14e-177,500.0,Other non-arthropod,FLAG_REVIEW,5,5,sp|Q9U3U0|RLA0_CERCA Large ribosomal subunit protein uL10 OS=Ceratitis capitata OX=7213 GN=RpLP0 PE=3 SV=1
g22122.t1,sp|Q96GQ7|DDX27_HUMAN,Homo sapiens,53.756,76.0,0.0,623.0,Other non-arthropod,FLAG_REVIEW,5,5,sp|Q96GQ7|DDX27_HUMAN Probable ATP-dependent RNA helicase DDX27 OS=Homo sapiens OX=9606 GN=DDX27 PE=1 SV=3
g22123.t1,sp|Q96DM1|PGBD4_HUMAN,Homo sapiens,30.502,98.0,5.989999999999999e-54,197.0,Other non-arthropod,FLAG_REVIEW,2,2,sp|Q96DM1|PGBD4_HUMAN PiggyBac transposable element-derived protein 4 OS=Homo sapiens OX=9606 GN=PGBD4 PE=1 SV=3
g22124.t1,tr|A0AAD5U9N0|A0AAD5U9N0_9FUNG,Boothiomyces macroporosus,51.485,84.0,4.3e-18,80.1,Other non-arthropod,FLAG_REVIEW,2,2,tr|A0AAD5U9N0|A0AAD5U9N0_9FUNG Uncharacterized protein (Fragment) OS=Boothiomyces macroporosus OX=261099 GN=HK103_004301 PE=3 SV=1
g22132.t1,sp|Q96D21|RHES_HUMAN,Homo sapiens,49.174,84.0,2.9e-73,232.0,Other non-arthropod,FLAG_REVIEW,5,5,sp|Q96D21|RHES_HUMAN GTP-binding protein Rhes OS=Homo sapiens OX=9606 GN=RASD2 PE=1 SV=1
g22138.t1,sp|Q28GH3|SAE2_XENTR,Xenopus tropicalis,53.873,94.0,0.0,639.0,Other non-arthropod,FLAG_REVIEW,5,5,sp|Q28GH3|SAE2_XENTR SUMO-activating enzyme subunit 2 OS=Xenopus tropicalis OX=8364 GN=uba2 PE=2 SV=1
g22141.t1,sp|Q7SYR1|OSGEP_XENLA,Xenopus laevis,75.522,99.0,0.0,535.0,Other non-arthropod,FLAG_REVIEW,5,5,sp|Q7SYR1|OSGEP_XENLA tRNA N6-adenosine threonylcarbamoyltransferase OS=Xenopus laevis OX=8355 GN=osgep PE=2 SV=1
g22142.t1,sp|A0A8I3S9V6|RCAF1_CANLF,Canis lupus familiaris,51.22,95.0,4.8e-41,139.0,Other non-arthropod,FLAG_REVIEW,5,5,sp|A0A8I3S9V6|RCAF1_CANLF GEL complex subunit OPTI OS=Canis lupus familiaris OX=9615 GN=RAB5IF PE=1 SV=1
g22143.t1,sp|Q28DV7|MCMBP_XENTR,Xenopus tropicalis,41.935,94.0,7.76e-137,419.0,Other non-arthropod,FLAG_REVIEW,5,5,sp|Q28DV7|MCMBP_XENTR Mini-chromosome maintenance complex-binding protein OS=Xenopus tropicalis OX=8364 GN=mcmbp PE=2 SV=2
g22146.t1,sp|Q8R4F0|MCLN3_MOUSE,Mus musculus,40.702,95.0,7.01e-140,424.0,Other non-arthropod,FLAG_REVIEW,5,5,sp|Q8R4F0|MCLN3_MOUSE Mucolipin-3 OS=Mus musculus OX=10090 GN=Mcoln3 PE=1 SV=1
g22149.t1,sp|Q0IHY4|TBC12_XENTR,Xenopus tropicalis,40.854,91.0,3.3e-117,367.0,Other non-arthropod,FLAG_REVIEW,5,5,sp|Q0IHY4|TBC12_XENTR TBC1 domain family member 12 OS=Xenopus tropicalis OX=8364 GN=tbc1d12 PE=2 SV=1
g22150.t1,sp|Q9Y5X4|NR2E3_HUMAN,Homo sapiens,62.245,85.0,5.93e-71,228.0,Other non-arthropod,FLAG_REVIEW,5,5,sp|Q9Y5X4|NR2E3_HUMAN Photoreceptor-specific nuclear receptor OS=Homo sapiens OX=9606 GN=NR2E3 PE=1 SV=1
g22152.t1,tr|A0A1X2GU99|A0A1X2GU99_9FUNG,Hesseltinella vesiculosa,31.606,72.0,1.53e-32,134.0,Other non-arthropod,FLAG_REVIEW,1,1,tr|A0A1X2GU99|A0A1X2GU99_9FUNG Tetratricopeptide SHNi-TPR domain-containing protein OS=Hesseltinella vesiculosa OX=101127 GN=DM01DRAFT_1380465 PE=3 SV=1
g22153.t1,sp|Q9EQZ5|PTGR1_CAVPO,Cavia porcellus,47.965,99.0,1.98e-100,305.0,Other non-arthropod,FLAG_REVIEW,5,5,sp|Q9EQZ5|PTGR1_CAVPO Prostaglandin reductase 1 OS=Cavia porcellus OX=10141 GN=Ptgr1 PE=1 SV=1
g22154.t1,sp|Q9EQZ5|PTGR1_CAVPO,Cavia porcellus,48.968,99.0,5.77e-102,309.0,Other non-arthropod,FLAG_REVIEW,5,5,sp|Q9EQZ5|PTGR1_CAVPO Prostaglandin reductase 1 OS=Cavia porcellus OX=10141 GN=Ptgr1 PE=1 SV=1
g22161.t1,sp|P62138|PP1A_RAT,Rattus norvegicus,87.805,98.0,0.0,598.0,Other non-arthropod,FLAG_REVIEW,5,5,sp|P62138|PP1A_RAT Serine/threonine-protein phosphatase PP1-alpha catalytic subunit OS=Rattus norvegicus OX=10116 GN=Ppp1ca PE=1 SV=1
g22173.t1,sp|P42335|IP3KB_RAT,Rattus norvegicus,61.409,84.0,2.6899999999999998e-126,391.0,Other non-arthropod,FLAG_REVIEW,5,5,sp|P42335|IP3KB_RAT Inositol-trisphosphate 3-kinase B OS=Rattus norvegicus OX=10116 GN=Itpkb PE=1 SV=3
g22176.t1,sp|Q6P158|DHX57_HUMAN,Homo sapiens,41.403,99.0,0.0,961.0,Other non-arthropod,FLAG_REVIEW,5,5,sp|Q6P158|DHX57_HUMAN Putative ATP-dependent RNA helicase DHX57 OS=Homo sapiens OX=9606 GN=DHX57 PE=1 SV=2
g22183.t1,sp|Q3SYZ4|SYDC_BOVIN,Bos taurus,66.322,89.0,0.0,669.0,Other non-arthropod,FLAG_REVIEW,5,5,"sp|Q3SYZ4|SYDC_BOVIN Aspartate--tRNA ligase, cytoplasmic OS=Bos taurus OX=9913 GN=DARS1 PE=2 SV=1"
g22200.t1,sp|Q5RBG1|RAB5B_PONAB,Pongo abelii,82.938,89.0,3.1400000000000003e-124,357.0,Other non-arthropod,FLAG_REVIEW,5,5,sp|Q5RBG1|RAB5B_PONAB Ras-related protein Rab-5B OS=Pongo abelii OX=9601 GN=RAB5B PE=2 SV=1
g22211.t1,sp|Q21415|GLR3_CAEEL,Caenorhabditis elegans,44.295,98.0,9.85e-35,134.0,Other non-arthropod,FLAG_REVIEW,5,5,"sp|Q21415|GLR3_CAEEL Glutamate receptor ionotropic, kainate glr-3 OS=Caenorhabditis elegans OX=6239 GN=glr-3 PE=1 SV=3"
g22214.t1,sp|Q3MHZ4|TGFI1_BOVIN,Bos taurus,45.509,97.0,3.0500000000000002e-49,171.0,Other non-arthropod,FLAG_REVIEW,19,19,sp|Q3MHZ4|TGFI1_BOVIN Transforming growth factor beta-1-induced transcript 1 protein OS=Bos taurus OX=9913 GN=TGFB1I1 PE=2 SV=2
g22222.t1,sp|Q66KD9|INT14_XENTR,Xenopus tropicalis,35.636,99.0,1.1100000000000001e-100,319.0,Other non-arthropod,FLAG_REVIEW,5,5,sp|Q66KD9|INT14_XENTR Integrator complex subunit 14 OS=Xenopus tropicalis OX=8364 GN=ints14 PE=2 SV=1
g22225.t1,sp|P62315|SMD1_MOUSE,Mus musculus,81.319,72.0,5.01e-49,159.0,Other non-arthropod,FLAG_REVIEW,5,5,sp|P62315|SMD1_MOUSE Small nuclear ribonucleoprotein Sm D1 OS=Mus musculus OX=10090 GN=Snrpd1 PE=1 SV=1
g22228.t1,sp|Q7G192|ALDO2_ARATH,Arabidopsis thaliana,32.071,97.0,1.01e-177,566.0,Other non-arthropod,FLAG_REVIEW,4,4,sp|Q7G192|ALDO2_ARATH Indole-3-acetaldehyde oxidase OS=Arabidopsis thaliana OX=3702 GN=AAO2 PE=1 SV=2
g22234.t1,sp|Q5R4U0|CAH10_PONAB,Pongo abelii,38.806,92.0,1.7e-07,53.5,Other non-arthropod,FLAG_REVIEW,5,5,sp|Q5R4U0|CAH10_PONAB Carbonic anhydrase-related protein 10 OS=Pongo abelii OX=9601 GN=CA10 PE=2 SV=1
g22241.t1,sp|Q64261|CDK6_MOUSE,Mus musculus,48.136,90.0,2.12e-94,289.0,Other non-arthropod,FLAG_REVIEW,5,5,sp|Q64261|CDK6_MOUSE Cyclin-dependent kinase 6 OS=Mus musculus OX=10090 GN=Cdk6 PE=1 SV=2
g22252.t1,sp|Q499U4|DRC4_RAT,Rattus norvegicus,44.131,96.0,2.7500000000000003e-97,305.0,Other non-arthropod,FLAG_REVIEW,5,5,sp|Q499U4|DRC4_RAT Dynein regulatory complex subunit 4 OS=Rattus norvegicus OX=10116 GN=Drc4 PE=2 SV=1
g22261.t2,sp|Q9BXW4|MLP3C_HUMAN,Homo sapiens,57.895,81.0,2.0999999999999999e-41,144.0,Other non-arthropod,FLAG_REVIEW,10,10,sp|Q9BXW4|MLP3C_HUMAN Microtubule-associated protein 1 light chain 3 gamma OS=Homo sapiens OX=9606 GN=MAP1LC3C PE=1 SV=1
g22277.t1,sp|Q8TC12|RDH11_HUMAN,Homo sapiens,46.29,92.0,1.8900000000000001e-75,240.0,Other non-arthropod,FLAG_REVIEW,5,5,sp|Q8TC12|RDH11_HUMAN Retinol dehydrogenase 11 OS=Homo sapiens OX=9606 GN=RDH11 PE=1 SV=2
g22280.t1,tr|A0A3D8QPI2|A0A3D8QPI2_9HELO,Coleophoma cylindrospora,35.754,97.0,6.06e-16,81.3,Other non-arthropod,FLAG_REVIEW,9,9,tr|A0A3D8QPI2|A0A3D8QPI2_9HELO Uncharacterized protein OS=Coleophoma cylindrospora OX=1849047 GN=BP6252_11278 PE=4 SV=1
g22287.t1,sp|Q15003|CND2_HUMAN,Homo sapiens,30.0,76.0,1.87e-12,75.1,Other non-arthropod,FLAG_REVIEW,1,1,sp|Q15003|CND2_HUMAN Condensin complex subunit 2 OS=Homo sapiens OX=9606 GN=NCAPH PE=1 SV=3
g22294.t1,tr|A0A0L0HHJ9|A0A0L0HHJ9_SPIPD,Spizellomyces punctatus (strain DAOM BR117),58.201,77.0,2.6e-66,211.0,Other non-arthropod,FLAG_REVIEW,1,1,tr|A0A0L0HHJ9|A0A0L0HHJ9_SPIPD 3-demethoxyubiquinol 3-hydroxylase (Fragment) OS=Spizellomyces punctatus (strain DAOM BR117) OX=645134 GN=SPPG_04625 PE=3 SV=1
g22306.t1,sp|Q9JLY7|DUS14_MOUSE,Mus musculus,43.114,75.0,2.27e-34,128.0,Other non-arthropod,FLAG_REVIEW,5,5,sp|Q9JLY7|DUS14_MOUSE Dual specificity protein phosphatase 14 OS=Mus musculus OX=10090 GN=Dusp14 PE=2 SV=2
g22309.t1,sp|O00468|AGRIN_HUMAN,Homo sapiens,38.484,93.0,8.980000000000001e-47,178.0,Other non-arthropod,FLAG_REVIEW,23,23,sp|O00468|AGRIN_HUMAN Agrin OS=Homo sapiens OX=9606 GN=AGRN PE=1 SV=6
g22312.t1,sp|Q3U481|MFS12_MOUSE,Mus musculus,34.914,90.0,3.93e-76,253.0,Other non-arthropod,FLAG_REVIEW,4,4,sp|Q3U481|MFS12_MOUSE Major facilitator superfamily domain-containing protein 12 OS=Mus musculus OX=10090 GN=Mfsd12 PE=1 SV=1
g22320.t1,sp|F1QWW8|KDSR_DANRE,Danio rerio,44.746,90.0,2.37e-81,256.0,Other non-arthropod,FLAG_REVIEW,5,5,sp|F1QWW8|KDSR_DANRE 3-dehydrosphinganine reductase OS=Danio rerio OX=7955 GN=kdsr PE=1 SV=2
g22329.t1,sp|Q5XIG6|GALK2_RAT,Rattus norvegicus,43.396,98.0,3.07e-122,371.0,Other non-arthropod,FLAG_REVIEW,5,5,sp|Q5XIG6|GALK2_RAT N-acetylgalactosamine kinase OS=Rattus norvegicus OX=10116 GN=Galk2 PE=2 SV=1
g22331.t1,sp|Q27757|LUCI_PHOPE,Photuris pensylvanica,31.154,94.0,1.61e-63,223.0,Other non-arthropod,FLAG_REVIEW,5,5,sp|Q27757|LUCI_PHOPE Luciferin 4-monooxygenase OS=Photuris pensylvanica OX=1710587 PE=2 SV=2
g22333.t1,sp|Q06442|WNT5A_AMBME,Ambystoma mexicanum,45.333,86.0,1.39e-19,87.8,Other non-arthropod,FLAG_REVIEW,5,5,sp|Q06442|WNT5A_AMBME Protein Wnt-5a OS=Ambystoma mexicanum OX=8296 GN=WNT-5A PE=2 SV=1
g22334.t1,tr|A0ABR2W7H5|A0ABR2W7H5_9FUNG,Basidiobolus ranarum,33.755,96.0,6.32e-29,115.0,Other non-arthropod,FLAG_REVIEW,6,6,tr|A0ABR2W7H5|A0ABR2W7H5_9FUNG DM2 domain-containing protein OS=Basidiobolus ranarum OX=34480 GN=K7432_003194 PE=4 SV=1
g22335.t1,sp|A1A5Q4|CF206_RAT,Rattus norvegicus,30.503,99.0,9.319999999999999e-82,276.0,Other non-arthropod,FLAG_REVIEW,4,4,sp|A1A5Q4|CF206_RAT Cilia- and flagella-associated protein 206 OS=Rattus norvegicus OX=10116 GN=Cfap206 PE=2 SV=1
g22339.t1,sp|Q9Y3D5|RT18C_HUMAN,Homo sapiens,44.737,83.0,1.39e-25,100.0,Other non-arthropod,FLAG_REVIEW,3,3,sp|Q9Y3D5|RT18C_HUMAN Small ribosomal subunit protein bS18m OS=Homo sapiens OX=9606 GN=MRPS18C PE=1 SV=1
g22341.t1,sp|Q55EH8|ABCGN_DICDI,Dictyostelium discoideum,31.721,89.0,4.6899999999999995e-104,342.0,Other non-arthropod,FLAG_REVIEW,1,1,sp|Q55EH8|ABCGN_DICDI ABC transporter G family member 23 OS=Dictyostelium discoideum OX=44689 GN=abcG23 PE=3 SV=2
g22344.t1,sp|P15541|AMPN_RABIT,Oryctolagus cuniculus,35.929,94.0,3.98e-177,545.0,Other non-arthropod,FLAG_REVIEW,5,5,sp|P15541|AMPN_RABIT Aminopeptidase N OS=Oryctolagus cuniculus OX=9986 GN=ANPEP PE=1 SV=4
g22346.t1,tr|A0A151GS11|A0A151GS11_DRECN,Drechmeria coniospora,37.624,84.0,4.61e-07,54.3,Other non-arthropod,FLAG_REVIEW,3,3,tr|A0A151GS11|A0A151GS11_DRECN Kelch-type beta propeller OS=Drechmeria coniospora OX=98403 GN=DCS_01033 PE=4 SV=1
g22351.t1,tr|A0A498KWM2|A0A498KWM2_9EURY,Halorientalis pallida,31.395,80.0,3.98e-07,53.9,Other non-arthropod,FLAG_REVIEW,2,2,tr|A0A498KWM2|A0A498KWM2_9EURY Uncharacterized protein OS=Halorientalis pallida OX=2479928 GN=EAF64_17810 PE=4 SV=1
g22352.t1,sp|A8MT69|CENPX_HUMAN,Homo sapiens,36.709,81.0,1.54e-13,66.6,Other non-arthropod,FLAG_REVIEW,5,5,sp|A8MT69|CENPX_HUMAN Centromere protein X OS=Homo sapiens OX=9606 GN=CENPX PE=1 SV=1
g22372.t1,sp|Q5ZMH6|METL9_CHICK,Gallus gallus,45.32,94.0,7.3e-47,163.0,Other non-arthropod,FLAG_REVIEW,4,4,sp|Q5ZMH6|METL9_CHICK Protein-L-histidine N-pros-methyltransferase OS=Gallus gallus OX=9031 GN=METTL9 PE=2 SV=1
g22374.t1,sp|Q6TNS2|PK1IP_DANRE,Danio rerio,35.379,76.0,1.92e-48,174.0,Other non-arthropod,FLAG_REVIEW,5,5,sp|Q6TNS2|PK1IP_DANRE p21-activated protein kinase-interacting protein 1-like OS=Danio rerio OX=7955 GN=pak1ip1 PE=2 SV=1
g22381.t1,sp|Q1JQD2|GRWD1_BOVIN,Bos taurus,53.935,96.0,9.91e-164,475.0,Other non-arthropod,FLAG_REVIEW,5,5,sp|Q1JQD2|GRWD1_BOVIN Glutamate-rich WD repeat-containing protein 1 OS=Bos taurus OX=9913 GN=GRWD1 PE=2 SV=1
g22390.t1,tr|B6QTU6|B6QTU6_TALMQ,Talaromyces marneffei (strain ATCC 18224 / CBS 334.59 / QM 7333),31.624,82.0,9.85e-06,50.8,Other non-arthropod,FLAG_REVIEW,1,1,tr|B6QTU6|B6QTU6_TALMQ HTH CENPB-type domain-containing protein OS=Talaromyces marneffei (strain ATCC 18224 / CBS 334.59 / QM 7333) OX=441960 GN=PMAA_005450 PE=4 SV=1
g22404.t1,sp|P46562|AL7A1_CAEEL,Caenorhabditis elegans,58.58,99.0,5.25e-145,426.0,Other non-arthropod,FLAG_REVIEW,5,5,sp|P46562|AL7A1_CAEEL Putative aldehyde dehydrogenase family 7 member A1 homolog OS=Caenorhabditis elegans OX=6239 GN=alh-9 PE=3 SV=2
g22406.t1,sp|Q9JMJ4|PRP19_RAT,Rattus norvegicus,66.012,99.0,0.0,703.0,Other non-arthropod,FLAG_REVIEW,5,5,sp|Q9JMJ4|PRP19_RAT Pre-mRNA-processing factor 19 OS=Rattus norvegicus OX=10116 GN=Prpf19 PE=1 SV=2
g22412.t1,sp|Q17R09|PRP16_BOVIN,Bos taurus,46.884,96.0,4.5299999999999995e-165,511.0,Other non-arthropod,FLAG_REVIEW,3,3,sp|Q17R09|PRP16_BOVIN Pre-mRNA-splicing factor ATP-dependent RNA helicase PRP16 OS=Bos taurus OX=9913 GN=DHX38 PE=2 SV=1
g22420.t1,sp|Q811S7|UBIP1_MOUSE,Mus musculus,52.113,87.0,5.910000000000001e-73,238.0,Other non-arthropod,FLAG_REVIEW,5,5,sp|Q811S7|UBIP1_MOUSE Upstream-binding protein 1 OS=Mus musculus OX=10090 GN=Ubp1 PE=1 SV=1
g22424.t2,sp|O60333|KIF1B_HUMAN,Homo sapiens,51.317,96.0,0.0,1611.0,Other non-arthropod,FLAG_REVIEW,9,9,sp|O60333|KIF1B_HUMAN Kinesin-like protein KIF1B OS=Homo sapiens OX=9606 GN=KIF1B PE=1 SV=5
g22425.t1,sp|P00787|CATB_RAT,Rattus norvegicus,60.778,99.0,2.59e-137,399.0,Other non-arthropod,FLAG_REVIEW,5,5,sp|P00787|CATB_RAT Cathepsin B OS=Rattus norvegicus OX=10116 GN=Ctsb PE=1 SV=2
g22427.t1,sp|Q7Z429|LFG1_HUMAN,Homo sapiens,45.192,98.0,7.28e-87,271.0,Other non-arthropod,FLAG_REVIEW,5,5,sp|Q7Z429|LFG1_HUMAN Protein lifeguard 1 OS=Homo sapiens OX=9606 GN=GRINA PE=1 SV=1
g22433.t1,tr|A0A015J5I9|A0A015J5I9_RHIIW,Rhizophagus irregularis (strain DAOM 197198w),57.403,96.0,3.48e-131,436.0,Other non-arthropod,FLAG_REVIEW,4,4,tr|A0A015J5I9|A0A015J5I9_RHIIW Gag-pol fusion protein OS=Rhizophagus irregularis (strain DAOM 197198w) OX=1432141 GN=RirG_273610 PE=4 SV=1
g22438.t1,sp|Q9ULX3|NOB1_HUMAN,Homo sapiens,40.46,94.0,4.98e-95,298.0,Other non-arthropod,FLAG_REVIEW,5,5,sp|Q9ULX3|NOB1_HUMAN RNA-binding protein NOB1 OS=Homo sapiens OX=9606 GN=NOB1 PE=1 SV=1
g22439.t1,sp|B2RR83|YTDC2_MOUSE,Mus musculus,47.509,82.0,0.0,1030.0,Other non-arthropod,FLAG_REVIEW,5,5,sp|B2RR83|YTDC2_MOUSE 3'-5' RNA helicase YTHDC2 OS=Mus musculus OX=10090 GN=Ythdc2 PE=1 SV=1
g22440.t1,sp|Q6P0Q8|MAST2_HUMAN,Homo sapiens,38.767,90.0,2.3500000000000002e-66,239.0,Other non-arthropod,FLAG_REVIEW,5,5,sp|Q6P0Q8|MAST2_HUMAN Microtubule-associated serine/threonine-protein kinase 2 OS=Homo sapiens OX=9606 GN=MAST2 PE=1 SV=2
g22448.t1,sp|Q8N328|PGBD3_HUMAN,Homo sapiens,38.739,100.0,3.74e-12,68.6,Other non-arthropod,FLAG_REVIEW,4,4,sp|Q8N328|PGBD3_HUMAN PiggyBac transposable element-derived protein 3 OS=Homo sapiens OX=9606 GN=PGBD3 PE=1 SV=3
g22450.t1,sp|A6H730|PPAP_BOVIN,Bos taurus,36.441,88.0,9.14e-73,238.0,Other non-arthropod,FLAG_REVIEW,5,5,sp|A6H730|PPAP_BOVIN Prostatic acid phosphatase OS=Bos taurus OX=9913 GN=ACP3 PE=2 SV=1
g22454.t1,sp|Q61670|HLX_MOUSE,Mus musculus,48.0,80.0,1.2600000000000001e-35,137.0,Other non-arthropod,FLAG_REVIEW,1,1,sp|Q61670|HLX_MOUSE H2.0-like homeobox protein OS=Mus musculus OX=10090 GN=Hlx PE=2 SV=1
g22463.t1,sp|Q9NR82|KCNQ5_HUMAN,Homo sapiens,50.833,75.0,2.69e-25,107.0,Other non-arthropod,FLAG_REVIEW,3,3,sp|Q9NR82|KCNQ5_HUMAN Potassium voltage-gated channel subfamily KQT member 5 OS=Homo sapiens OX=9606 GN=KCNQ5 PE=1 SV=3
g22464.t1,sp|C4N147|FABP1_DORPE,Doryteuthis pealeii,50.0,94.0,5.61e-38,131.0,Other non-arthropod,FLAG_REVIEW,5,5,sp|C4N147|FABP1_DORPE Sodium/calcium exchanger regulatory protein 1 OS=Doryteuthis pealeii OX=1051067 PE=1 SV=1
g22469.t1,sp|P12276|FAS_CHICK,Gallus gallus,35.902,99.0,0.0,675.0,Other non-arthropod,FLAG_REVIEW,5,5,sp|P12276|FAS_CHICK Fatty acid synthase OS=Gallus gallus OX=9031 GN=FASN PE=1 SV=5
g22471.t1,sp|Q71SP7|FAS_BOVIN,Bos taurus,35.9,92.0,0.0,730.0,Other non-arthropod,FLAG_REVIEW,5,5,sp|Q71SP7|FAS_BOVIN Fatty acid synthase OS=Bos taurus OX=9913 GN=FASN PE=1 SV=1
g22472.t1,sp|Q9BG99|TREX1_BOVIN,Bos taurus,37.768,98.0,9.08e-30,119.0,Other non-arthropod,FLAG_REVIEW,5,5,sp|Q9BG99|TREX1_BOVIN Three-prime repair exonuclease 1 OS=Bos taurus OX=9913 GN=TREX1 PE=1 SV=1
g22473.t1,sp|Q2KJG3|SYNC_BOVIN,Bos taurus,60.481,97.0,4.3100000000000005e-129,385.0,Other non-arthropod,FLAG_REVIEW,5,5,"sp|Q2KJG3|SYNC_BOVIN Asparagine--tRNA ligase, cytoplasmic OS=Bos taurus OX=9913 GN=NARS PE=2 SV=3"
g22475.t1,sp|Q6ZNA1|ZN836_HUMAN,Homo sapiens,36.57,76.0,1.33e-47,185.0,Other non-arthropod,FLAG_REVIEW,8,8,sp|Q6ZNA1|ZN836_HUMAN Zinc finger protein 836 OS=Homo sapiens OX=9606 GN=ZNF836 PE=1 SV=2
g22490.t1,sp|Q3ZBH0|TCPB_BOVIN,Bos taurus,71.776,99.0,0.0,764.0,Other non-arthropod,FLAG_REVIEW,5,5,sp|Q3ZBH0|TCPB_BOVIN T-complex protein 1 subunit beta OS=Bos taurus OX=9913 GN=CCT2 PE=1 SV=3
g22496.t1,sp|P13221|AATC_RAT,Rattus norvegicus,56.863,99.0,1.88e-171,492.0,Other non-arthropod,FLAG_REVIEW,5,5,"sp|P13221|AATC_RAT Aspartate aminotransferase, cytoplasmic OS=Rattus norvegicus OX=10116 GN=Got1 PE=1 SV=3"
g22499.t1,sp|F1Q4S1|ATP9B_DANRE,Danio rerio,53.46,98.0,0.0,1107.0,Other non-arthropod,FLAG_REVIEW,5,5,sp|F1Q4S1|ATP9B_DANRE Probable phospholipid-transporting ATPase IIB OS=Danio rerio OX=7955 GN=atp9b PE=3 SV=1
g22501.t1,sp|Q91VS8|FARP2_MOUSE,Mus musculus,36.636,77.0,1.2600000000000001e-86,300.0,Other non-arthropod,FLAG_REVIEW,5,5,"sp|Q91VS8|FARP2_MOUSE FERM, ARHGEF and pleckstrin domain-containing protein 2 OS=Mus musculus OX=10090 GN=Farp2 PE=1 SV=2"
g22510.t1,sp|Q5R5J4|VPS53_PONAB,Pongo abelii,42.857,96.0,0.0,646.0,Other non-arthropod,FLAG_REVIEW,5,5,sp|Q5R5J4|VPS53_PONAB Vacuolar protein sorting-associated protein 53 homolog OS=Pongo abelii OX=9601 GN=VPS53 PE=2 SV=2
g22525.t1,sp|P85213|DEF1_GALME,Galleria mellonella,80.556,99.0,6.56e-38,127.0,Other non-arthropod,FLAG_REVIEW,1,1,sp|P85213|DEF1_GALME Defensin OS=Galleria mellonella OX=7137 PE=1 SV=2
g22533.t1,sp|Q8JHW2|TSP3A_DANRE,Danio rerio,50.07,70.0,0.0,628.0,Other non-arthropod,FLAG_REVIEW,4,4,sp|Q8JHW2|TSP3A_DANRE Thrombospondin-3a OS=Danio rerio OX=7955 GN=thbs3a PE=2 SV=2
g22535.t1,sp|Q8IVU1|IGDC3_HUMAN,Homo sapiens,36.719,92.0,3.88e-09,60.8,Other non-arthropod,FLAG_REVIEW,5,5,sp|Q8IVU1|IGDC3_HUMAN Immunoglobulin superfamily DCC subclass member 3 OS=Homo sapiens OX=9606 GN=IGDCC3 PE=1 SV=2
g22544.t1,sp|Q1ZZU7|MIF_SHEEP,Ovis aries,36.842,97.0,7.929999999999999e-23,92.0,Other non-arthropod,FLAG_REVIEW,5,5,sp|Q1ZZU7|MIF_SHEEP Macrophage migration inhibitory factor OS=Ovis aries OX=9940 GN=MIF PE=3 SV=1
g22545.t1,sp|Q02960|MIF_CHICK,Gallus gallus,35.088,97.0,2.1500000000000003e-21,88.6,Other non-arthropod,FLAG_REVIEW,5,5,sp|Q02960|MIF_CHICK Macrophage migration inhibitory factor OS=Gallus gallus OX=9031 GN=MIF PE=3 SV=3
g22549.t1,sp|Q98SP7|BBS2_DANRE,Danio rerio,40.789,79.0,3.1e-12,68.2,Other non-arthropod,FLAG_REVIEW,1,1,sp|Q98SP7|BBS2_DANRE BBSome complex member BBS2 OS=Danio rerio OX=7955 GN=bbs2 PE=2 SV=1
g22550.t1,sp|F1LTE0|TANC2_RAT,Rattus norvegicus,40.553,75.0,0.0,801.0,Other non-arthropod,FLAG_REVIEW,5,5,sp|F1LTE0|TANC2_RAT Protein TANC2 OS=Rattus norvegicus OX=10116 GN=Tanc2 PE=1 SV=2
g22552.t1,sp|Q8BK64|AHSA1_MOUSE,Mus musculus,44.214,92.0,5.41e-91,283.0,Other non-arthropod,FLAG_REVIEW,5,5,sp|Q8BK64|AHSA1_MOUSE Activator of 90 kDa heat shock protein ATPase homolog 1 OS=Mus musculus OX=10090 GN=Ahsa1 PE=1 SV=2
g22556.t1,sp|Q9ULI1|NWD2_HUMAN,Homo sapiens,30.139,98.0,2.89e-78,277.0,Other non-arthropod,FLAG_REVIEW,1,1,sp|Q9ULI1|NWD2_HUMAN NACHT and WD repeat domain-containing protein 2 OS=Homo sapiens OX=9606 GN=NWD2 PE=1 SV=3
g22559.t1,sp|Q9D9H8|CB069_MOUSE,Mus musculus,39.888,93.0,8.460000000000001e-33,127.0,Other non-arthropod,FLAG_REVIEW,3,3,sp|Q9D9H8|CB069_MOUSE Mitochondrial protein C2orf69 homolog OS=Mus musculus OX=10090 PE=2 SV=3
g22563.t1,tr|A0A2J6RLD1|A0A2J6RLD1_HYAVF,Hyaloscypha variabilis (strain UAMH 11265 / GT02V1 / F),34.074,82.0,1.49e-13,73.9,Other non-arthropod,FLAG_REVIEW,4,4,tr|A0A2J6RLD1|A0A2J6RLD1_HYAVF DDE-domain-containing protein OS=Hyaloscypha variabilis (strain UAMH 11265 / GT02V1 / F) OX=1149755 GN=L207DRAFT_193680 PE=4 SV=1
g22577.t1,sp|P29981|CP4C1_BLADI,Blaberus discoidalis,35.146,89.0,1.4999999999999998e-94,303.0,Other non-arthropod,FLAG_REVIEW,5,5,sp|P29981|CP4C1_BLADI Cytochrome P450 4C1 OS=Blaberus discoidalis OX=6981 GN=CYP4C1 PE=2 SV=1
g22578.t2,sp|Q5VV43|K0319_HUMAN,Homo sapiens,39.894,70.0,2.28e-159,505.0,Other non-arthropod,FLAG_REVIEW,4,4,sp|Q5VV43|K0319_HUMAN Dyslexia-associated protein KIAA0319 OS=Homo sapiens OX=9606 GN=KIAA0319 PE=1 SV=1
g22582.t2,sp|Q4V348|Z658B_HUMAN,Homo sapiens,40.034,79.0,4.5300000000000003e-144,451.0,Other non-arthropod,FLAG_REVIEW,23,23,sp|Q4V348|Z658B_HUMAN Zinc finger protein 658B OS=Homo sapiens OX=9606 GN=ZNF658B PE=2 SV=1
g22589.t1,sp|Q3SZM6|COXM1_BOVIN,Bos taurus,56.044,77.0,1.41e-29,108.0,Other non-arthropod,FLAG_REVIEW,3,3,sp|Q3SZM6|COXM1_BOVIN COX assembly mitochondrial protein homolog OS=Bos taurus OX=9913 GN=CMC1 PE=3 SV=1
g22594.t2,sp|Q5R8T7|NDEL1_PONAB,Pongo abelii,42.525,75.0,7.9e-50,177.0,Other non-arthropod,FLAG_REVIEW,4,4,sp|Q5R8T7|NDEL1_PONAB Nuclear distribution protein nudE-like 1 OS=Pongo abelii OX=9601 GN=NDEL1 PE=2 SV=1
g22595.t1,sp|Q9QYT7|PIGQ_MOUSE,Mus musculus,39.85,70.0,8.86e-54,193.0,Other non-arthropod,FLAG_REVIEW,2,2,sp|Q9QYT7|PIGQ_MOUSE Phosphatidylinositol N-acetylglucosaminyltransferase subunit Q OS=Mus musculus OX=10090 GN=Pigq PE=1 SV=3
g22599.t1,tr|A0A162M3K3|A0A162M3K3_9HYPO,Beauveria brongniartii RCEF 3172,38.211,99.0,5.11e-41,157.0,Other non-arthropod,FLAG_REVIEW,18,18,tr|A0A162M3K3|A0A162M3K3_9HYPO Beta-ketoacyl synthase OS=Beauveria brongniartii RCEF 3172 OX=1081107 GN=BBO_01665 PE=4 SV=1
g22607.t1,sp|Q9XTG1|NLGN1_CAEEL,Caenorhabditis elegans,42.149,86.0,8.51e-26,108.0,Other non-arthropod,FLAG_REVIEW,5,5,sp|Q9XTG1|NLGN1_CAEEL Neuroligin-1 OS=Caenorhabditis elegans OX=6239 GN=nlg-1 PE=1 SV=1
g22618.t1,sp|Q5XIG6|GALK2_RAT,Rattus norvegicus,43.396,98.0,5.790000000000001e-123,373.0,Other non-arthropod,FLAG_REVIEW,5,5,sp|Q5XIG6|GALK2_RAT N-acetylgalactosamine kinase OS=Rattus norvegicus OX=10116 GN=Galk2 PE=2 SV=1
g22619.t1,sp|Q5ZI04|CYRIA_CHICK,Gallus gallus,50.943,96.0,1.85e-24,101.0,Other non-arthropod,FLAG_REVIEW,5,5,sp|Q5ZI04|CYRIA_CHICK CYFIP-related Rac1 interactor A OS=Gallus gallus OX=9031 GN=CYRIA PE=2 SV=1
g22628.t1,tr|A0AAN6U4A3|A0AAN6U4A3_9PEZI,Parathielavia appendiculata,33.333,81.0,4.65e-09,59.3,Other non-arthropod,FLAG_REVIEW,3,3,tr|A0AAN6U4A3|A0AAN6U4A3_9PEZI MFS general substrate transporter OS=Parathielavia appendiculata OX=2587402 GN=N657DRAFT_568710 PE=4 SV=1
g22634.t1,sp|Q4VBJ9|MORN5_DANRE,Danio rerio,42.169,70.0,6.35e-13,68.6,Other non-arthropod,FLAG_REVIEW,1,1,sp|Q4VBJ9|MORN5_DANRE MORN repeat-containing protein 5 OS=Danio rerio OX=7955 GN=morn5 PE=2 SV=1
g22646.t1,tr|A0A2U1JD78|A0A2U1JD78_SMIAN,Smittium angustum,30.29,87.0,8.39e-11,69.3,Other non-arthropod,FLAG_REVIEW,1,1,tr|A0A2U1JD78|A0A2U1JD78_SMIAN Uncharacterized protein OS=Smittium angustum OX=133377 GN=BB558_000923 PE=4 SV=1
g22659.t1,sp|Q5EA79|GALM_BOVIN,Bos taurus,35.87,81.0,4.4500000000000003e-64,216.0,Other non-arthropod,FLAG_REVIEW,5,5,sp|Q5EA79|GALM_BOVIN Galactose mutarotase OS=Bos taurus OX=9913 GN=GALM PE=2 SV=1
g22671.t1,sp|O14981|BTAF1_HUMAN,Homo sapiens,59.844,99.0,0.0,953.0,Other non-arthropod,FLAG_REVIEW,5,5,sp|O14981|BTAF1_HUMAN TATA-binding protein-associated factor 172 OS=Homo sapiens OX=9606 GN=BTAF1 PE=1 SV=2
g22672.t1,sp|A2A8Z1|OSBL9_MOUSE,Mus musculus,34.307,88.0,1.2e-10,65.9,Other non-arthropod,FLAG_REVIEW,1,1,sp|A2A8Z1|OSBL9_MOUSE Oxysterol-binding protein-related protein 9 OS=Mus musculus OX=10090 GN=Osbpl9 PE=1 SV=1
g22682.t1,sp|Q7SXW3|LRC40_DANRE,Danio rerio,40.373,99.0,4.19e-30,121.0,Other non-arthropod,FLAG_REVIEW,14,14,sp|Q7SXW3|LRC40_DANRE Leucine-rich repeat-containing protein 40 OS=Danio rerio OX=7955 GN=lrrc40 PE=2 SV=1
g22687.t1,sp|Q7L1I2|SV2B_HUMAN,Homo sapiens,35.826,94.0,2.9e-55,203.0,Other non-arthropod,FLAG_REVIEW,3,3,sp|Q7L1I2|SV2B_HUMAN Synaptic vesicle glycoprotein 2B OS=Homo sapiens OX=9606 GN=SV2B PE=1 SV=1
g22688.t1,sp|Q9H2C1|LHX5_HUMAN,Homo sapiens,78.788,71.0,2.2e-32,122.0,Other non-arthropod,FLAG_REVIEW,4,4,sp|Q9H2C1|LHX5_HUMAN LIM/homeobox protein Lhx5 OS=Homo sapiens OX=9606 GN=LHX5 PE=1 SV=1
g22689.t1,sp|Q9C0G6|DYH6_HUMAN,Homo sapiens,50.923,98.0,0.0,963.0,Other non-arthropod,FLAG_REVIEW,5,5,sp|Q9C0G6|DYH6_HUMAN Dynein axonemal heavy chain 6 OS=Homo sapiens OX=9606 GN=DNAH6 PE=1 SV=3
g22690.t1,sp|Q9C0G6|DYH6_HUMAN,Homo sapiens,56.452,94.0,1.74e-15,75.9,Other non-arthropod,FLAG_REVIEW,5,5,sp|Q9C0G6|DYH6_HUMAN Dynein axonemal heavy chain 6 OS=Homo sapiens OX=9606 GN=DNAH6 PE=1 SV=3
g22692.t1,sp|P10978|POLX_TOBAC,Nicotiana tabacum,30.23,91.0,1.23e-98,342.0,Other non-arthropod,FLAG_REVIEW,2,2,sp|P10978|POLX_TOBAC Retrovirus-related Pol polyprotein from transposon TNT 1-94 OS=Nicotiana tabacum OX=4097 PE=2 SV=1
g22694.t2,sp|Q95ZV7|DDRB_CAEEL,Caenorhabditis elegans,33.031,98.0,3.6799999999999996e-138,437.0,Other non-arthropod,FLAG_REVIEW,7,7,sp|Q95ZV7|DDRB_CAEEL Discoidin domain-containing receptor tyrosine kinase B OS=Caenorhabditis elegans OX=6239 GN=ddr-2 PE=1 SV=1
g22699.t1,tr|A0A1R1YJ29|A0A1R1YJ29_9FUNG,Smittium culicis,34.568,84.0,1.37e-07,52.4,Other non-arthropod,FLAG_REVIEW,2,2,tr|A0A1R1YJ29|A0A1R1YJ29_9FUNG PiggyBac transposable element-derived protein domain-containing protein OS=Smittium culicis OX=133412 GN=AYI69_g3657 PE=4 SV=1
g22700.t2,sp|Q866A2|ACHA7_MACMU,Macaca mulatta,44.314,98.0,1.12e-146,436.0,Other non-arthropod,FLAG_REVIEW,5,5,sp|Q866A2|ACHA7_MACMU Neuronal acetylcholine receptor subunit alpha-7 OS=Macaca mulatta OX=9544 GN=CHRNA7 PE=2 SV=1
g22704.t1,sp|Q64674|SPEE_MOUSE,Mus musculus,57.534,100.0,6.939999999999999e-89,270.0,Other non-arthropod,FLAG_REVIEW,5,5,sp|Q64674|SPEE_MOUSE Spermidine synthase OS=Mus musculus OX=10090 GN=Srm PE=1 SV=1
g22705.t1,sp|Q96DM1|PGBD4_HUMAN,Homo sapiens,36.884,80.0,9.05e-95,309.0,Other non-arthropod,FLAG_REVIEW,1,1,sp|Q96DM1|PGBD4_HUMAN PiggyBac transposable element-derived protein 4 OS=Homo sapiens OX=9606 GN=PGBD4 PE=1 SV=3
g22706.t1,sp|P29084|T2EB_HUMAN,Homo sapiens,57.877,97.0,1.21e-105,315.0,Other non-arthropod,FLAG_REVIEW,4,4,sp|P29084|T2EB_HUMAN Transcription initiation factor IIE subunit beta OS=Homo sapiens OX=9606 GN=GTF2E2 PE=1 SV=1
g22708.t1,sp|Q06GJ0|HEXC_OSTFU,Ostrinia furnacalis,73.768,95.0,0.0,917.0,Other non-arthropod,FLAG_REVIEW,5,5,sp|Q06GJ0|HEXC_OSTFU Chitooligosaccharidolytic beta-N-acetylglucosaminidase OS=Ostrinia furnacalis OX=93504 PE=1 SV=1
g22709.t1,sp|Q9D1X9|TM50B_MOUSE,Mus musculus,52.703,99.0,2.29e-53,172.0,Other non-arthropod,FLAG_REVIEW,5,5,sp|Q9D1X9|TM50B_MOUSE Transmembrane protein 50B OS=Mus musculus OX=10090 GN=Tmem50b PE=1 SV=1
g22713.t1,sp|Q29451|MA2B1_BOVIN,Bos taurus,40.05,93.0,9.81e-77,264.0,Other non-arthropod,FLAG_REVIEW,5,5,sp|Q29451|MA2B1_BOVIN Lysosomal alpha-mannosidase OS=Bos taurus OX=9913 GN=MAN2B1 PE=1 SV=4
g22721.t1,sp|P19096|FAS_MOUSE,Mus musculus,35.047,74.0,0.0,667.0,Other non-arthropod,FLAG_REVIEW,3,3,sp|P19096|FAS_MOUSE Fatty acid synthase OS=Mus musculus OX=10090 GN=Fasn PE=1 SV=2
g22723.t1,sp|Q09575|YRD6_CAEEL,Caenorhabditis elegans,34.983,77.0,1.27e-44,172.0,Other non-arthropod,FLAG_REVIEW,1,1,sp|Q09575|YRD6_CAEEL Uncharacterized protein K02A2.6 OS=Caenorhabditis elegans OX=6239 GN=K02A2.6 PE=4 SV=1
g22738.t1,sp|Q7Z3V4|UBE3B_HUMAN,Homo sapiens,50.594,100.0,0.0,1093.0,Other non-arthropod,FLAG_REVIEW,4,4,sp|Q7Z3V4|UBE3B_HUMAN Ubiquitin-protein ligase E3B OS=Homo sapiens OX=9606 GN=UBE3B PE=1 SV=3
g22745.t1,tr|A0A9N9FUU7|A0A9N9FUU7_9GLOM,Funneliformis caledonium,49.062,78.0,4.94e-105,321.0,Other non-arthropod,FLAG_REVIEW,5,5,"tr|A0A9N9FUU7|A0A9N9FUU7_9GLOM Protoheme IX farnesyltransferase, mitochondrial (Fragment) OS=Funneliformis caledonium OX=1117310 GN=FCALED_LOCUS6752 PE=3 SV=1"
g22755.t1,tr|A0A284QR88|A0A284QR88_ARMOS,Armillaria ostoyae,31.633,96.0,1.1200000000000001e-29,135.0,Other non-arthropod,FLAG_REVIEW,5,5,tr|A0A284QR88|A0A284QR88_ARMOS Integrase catalytic domain-containing protein OS=Armillaria ostoyae OX=47428 GN=ARMOST_02271 PE=4 SV=1
g22761.t1,sp|Q9BZJ3|TRYD_HUMAN,Homo sapiens,45.588,80.0,9.45e-10,59.7,Other non-arthropod,FLAG_REVIEW,1,1,sp|Q9BZJ3|TRYD_HUMAN Tryptase delta OS=Homo sapiens OX=9606 GN=TPSD1 PE=1 SV=2
g22763.t1,sp|Q8BKE9|IFT74_MOUSE,Mus musculus,34.591,88.0,6.64e-11,67.0,Other non-arthropod,FLAG_REVIEW,2,2,sp|Q8BKE9|IFT74_MOUSE Intraflagellar transport protein 74 homolog OS=Mus musculus OX=10090 GN=Ift74 PE=1 SV=2
g22765.t1,tr|A0A137P2V2|A0A137P2V2_CONC2,Conidiobolus coronatus (strain ATCC 28846 / CBS 209.66 / NRRL 28638),31.522,86.0,1.01e-54,197.0,Other non-arthropod,FLAG_REVIEW,1,1,tr|A0A137P2V2|A0A137P2V2_CONC2 Peptidase S28 OS=Conidiobolus coronatus (strain ATCC 28846 / CBS 209.66 / NRRL 28638) OX=796925 GN=CONCODRAFT_18478 PE=3 SV=1
g22784.t1,sp|P84025|SMAD3_RAT,Rattus norvegicus,55.917,99.0,1.38e-110,334.0,Other non-arthropod,FLAG_REVIEW,5,5,sp|P84025|SMAD3_RAT SMAD family member 3 OS=Rattus norvegicus OX=10116 GN=Smad3 PE=1 SV=1
g22791.t1,sp|Q3SZJ4|PTGR1_BOVIN,Bos taurus,48.512,99.0,2.37e-98,300.0,Other non-arthropod,FLAG_REVIEW,5,5,sp|Q3SZJ4|PTGR1_BOVIN Prostaglandin reductase 1 OS=Bos taurus OX=9913 GN=PTGR1 PE=2 SV=1
g22799.t1,sp|Q3B736|ATGA1_DANRE,Danio rerio,48.357,100.0,5.1900000000000006e-70,219.0,Other non-arthropod,FLAG_REVIEW,5,5,sp|Q3B736|ATGA1_DANRE Autophagy-related protein 101 OS=Danio rerio OX=7955 GN=atg101 PE=2 SV=1
g22806.t1,sp|Q0KK59|UNC79_MOUSE,Mus musculus,32.856,76.0,1.23e-134,482.0,Other non-arthropod,FLAG_REVIEW,7,7,sp|Q0KK59|UNC79_MOUSE Protein unc-79 homolog OS=Mus musculus OX=10090 GN=Unc79 PE=1 SV=1
g22810.t1,sp|Q5ZKU4|INT2_CHICK,Gallus gallus,45.312,89.0,4.93e-29,118.0,Other non-arthropod,FLAG_REVIEW,4,4,sp|Q5ZKU4|INT2_CHICK Integrator complex subunit 2 OS=Gallus gallus OX=9031 GN=INTS2 PE=2 SV=1
g22816.t1,tr|A0A2I1GFX4|A0A2I1GFX4_9GLOM,Rhizophagus irregularis,32.432,88.0,3.9e-19,90.1,Other non-arthropod,FLAG_REVIEW,5,5,tr|A0A2I1GFX4|A0A2I1GFX4_9GLOM Tc1-like transposase DDE domain-containing protein OS=Rhizophagus irregularis OX=588596 GN=RhiirA4_542666 PE=4 SV=1
g22821.t1,sp|O89026|ROBO1_MOUSE,Mus musculus,39.95,72.0,1.33e-78,288.0,Other non-arthropod,FLAG_REVIEW,2,2,sp|O89026|ROBO1_MOUSE Roundabout homolog 1 OS=Mus musculus OX=10090 GN=Robo1 PE=1 SV=1
g22823.t1,tr|A0A7S9KLS2|A0A7S9KLS2_EPIFF,Epichloe festucae (strain Fl1),32.09,97.0,9.85e-15,77.0,Other non-arthropod,FLAG_REVIEW,20,20,tr|A0A7S9KLS2|A0A7S9KLS2_EPIFF Uncharacterized protein OS=Epichloe festucae (strain Fl1) OX=877507 GN=C2857_006649 PE=4 SV=1
g22824.t1,sp|Q9P0P8|MRES1_HUMAN,Homo sapiens,31.538,73.0,4.13e-11,66.2,Other non-arthropod,FLAG_REVIEW,1,1,sp|Q9P0P8|MRES1_HUMAN Mitochondrial transcription rescue factor 1 OS=Homo sapiens OX=9606 GN=MTRES1 PE=1 SV=1
g22825.t1,sp|Q8N328|PGBD3_HUMAN,Homo sapiens,41.799,93.0,2.6299999999999997e-38,145.0,Other non-arthropod,FLAG_REVIEW,4,4,sp|Q8N328|PGBD3_HUMAN PiggyBac transposable element-derived protein 3 OS=Homo sapiens OX=9606 GN=PGBD3 PE=1 SV=3
g22826.t2,sp|F1M5F3|MCM9_RAT,Rattus norvegicus,46.809,78.0,0.0,621.0,Other non-arthropod,FLAG_REVIEW,5,5,sp|F1M5F3|MCM9_RAT DNA helicase MCM9 OS=Rattus norvegicus OX=10116 GN=Mcm9 PE=3 SV=2
g22828.t1,sp|Q7SIG2|CTR1_SOLIN,Solenopsis invicta,40.708,81.0,5.64e-49,168.0,Other non-arthropod,FLAG_REVIEW,5,5,sp|Q7SIG2|CTR1_SOLIN Chymotrypsin-1 OS=Solenopsis invicta OX=13686 PE=1 SV=1
g22829.t1,sp|Q6GMH0|PRP18_DANRE,Danio rerio,53.541,99.0,1.52e-125,370.0,Other non-arthropod,FLAG_REVIEW,5,5,sp|Q6GMH0|PRP18_DANRE Pre-mRNA-splicing factor 18 OS=Danio rerio OX=7955 GN=prpf18 PE=2 SV=1
g22838.t1,tr|A0ABR3PUE6|A0ABR3PUE6_9TREE,Vanrija albida,86.486,80.0,3.88e-90,273.0,Other non-arthropod,FLAG_REVIEW,5,5,tr|A0ABR3PUE6|A0ABR3PUE6_9TREE Glyceraldehyde-3-phosphate dehydrogenase OS=Vanrija albida OX=181172 GN=Q8F55_007746 PE=3 SV=1
g22840.t1,sp|Q58EK3|PLCX3_DANRE,Danio rerio,35.472,84.0,5.99e-47,167.0,Other non-arthropod,FLAG_REVIEW,5,5,sp|Q58EK3|PLCX3_DANRE PI-PLC X domain-containing protein 3 OS=Danio rerio OX=7955 GN=plcxd3 PE=2 SV=1
g22841.t1,sp|P07953|F261_RAT,Rattus norvegicus,44.248,70.0,6.86e-129,394.0,Other non-arthropod,FLAG_REVIEW,2,2,"sp|P07953|F261_RAT 6-phosphofructo-2-kinase/fructose-2,6-bisphosphatase 1 OS=Rattus norvegicus OX=10116 GN=Pfkfb1 PE=1 SV=3"
g22844.t1,sp|P58058|NADK_MOUSE,Mus musculus,62.766,81.0,2.45e-162,471.0,Other non-arthropod,FLAG_REVIEW,5,5,sp|P58058|NADK_MOUSE NAD kinase OS=Mus musculus OX=10090 GN=Nadk PE=1 SV=2
g22847.t1,sp|Q04446|GLGB_HUMAN,Homo sapiens,61.38,99.0,0.0,865.0,Other non-arthropod,FLAG_REVIEW,5,5,"sp|Q04446|GLGB_HUMAN 1,4-alpha-glucan-branching enzyme OS=Homo sapiens OX=9606 GN=GBE1 PE=1 SV=3"
g22849.t1,sp|Q6DRM0|GET1_DANRE,Danio rerio,34.524,85.0,8.51e-06,48.9,Other non-arthropod,FLAG_REVIEW,1,1,sp|Q6DRM0|GET1_DANRE Guided entry of tail-anchored proteins factor 1 OS=Danio rerio OX=7955 GN=get1 PE=2 SV=1
g22852.t1,sp|Q2KJC1|CDC5L_BOVIN,Bos taurus,58.346,98.0,0.0,665.0,Other non-arthropod,FLAG_REVIEW,5,5,sp|Q2KJC1|CDC5L_BOVIN Cell division cycle 5-like protein OS=Bos taurus OX=9913 GN=CDC5L PE=2 SV=1
g22855.t1,sp|Q6DJR2|WWC2_XENTR,Xenopus tropicalis,69.091,91.0,5.42e-52,182.0,Other non-arthropod,FLAG_REVIEW,5,5,sp|Q6DJR2|WWC2_XENTR Protein WWC2 OS=Xenopus tropicalis OX=8364 GN=wwc2 PE=2 SV=1
g22857.t1,sp|Q2T9N1|F1142_BOVIN,Bos taurus,35.043,80.0,5.29e-51,189.0,Other non-arthropod,FLAG_REVIEW,2,2,sp|Q2T9N1|F1142_BOVIN Protein FAM114A2 OS=Bos taurus OX=9913 GN=FAM114A1 PE=2 SV=1
g22861.t1,sp|Q8BTV1|TUSC3_MOUSE,Mus musculus,57.516,92.0,1.07e-114,342.0,Other non-arthropod,FLAG_REVIEW,5,5,sp|Q8BTV1|TUSC3_MOUSE Dolichyl-diphosphooligosaccharide--protein glycosyltransferase subunit TUSC3 OS=Mus musculus OX=10090 GN=Tusc3 PE=1 SV=1
g22866.t1,tr|D2REU5|D2REU5_ARCPA,Archaeoglobus profundus (strain DSM 5631 / JCM 9629 / NBRC 100127 / Av18),41.135,98.0,1.6999999999999998e-104,332.0,Bacterial,FLAG_POSSIBLE_CONTAMINATION,5,5,"tr|D2REU5|D2REU5_ARCPA Alpha,alpha-trehalose-phosphate synthase OS=Archaeoglobus profundus (strain DSM 5631 / JCM 9629 / NBRC 100127 / Av18) OX=572546 GN=Arcpr_1593 PE=3 SV=1"
g22868.t1,sp|A3KNK1|TACAN_DANRE,Danio rerio,34.483,95.0,8.14e-07,50.8,Other non-arthropod,FLAG_REVIEW,2,2,sp|A3KNK1|TACAN_DANRE Transmembrane protein 120A-A OS=Danio rerio OX=7955 GN=tmem120aa PE=2 SV=1
g22870.t1,tr|E3RPM2|E3RPM2_PYRTT,Pyrenophora teres f. teres (strain 0-1),45.122,71.0,5.61e-15,76.6,Other non-arthropod,FLAG_REVIEW,2,2,tr|E3RPM2|E3RPM2_PYRTT Reverse transcriptase Ty1/copia-type domain-containing protein OS=Pyrenophora teres f. teres (strain 0-1) OX=861557 GN=PTT_10602 PE=4 SV=1
g22871.t1,tr|A0A015J5I9|A0A015J5I9_RHIIW,Rhizophagus irregularis (strain DAOM 197198w),63.725,85.0,1.5300000000000002e-36,138.0,Other non-arthropod,FLAG_REVIEW,5,5,tr|A0A015J5I9|A0A015J5I9_RHIIW Gag-pol fusion protein OS=Rhizophagus irregularis (strain DAOM 197198w) OX=1432141 GN=RirG_273610 PE=4 SV=1
g22872.t1,tr|A0A015J5I9|A0A015J5I9_RHIIW,Rhizophagus irregularis (strain DAOM 197198w),43.111,85.0,5.2699999999999995e-48,177.0,Other non-arthropod,FLAG_REVIEW,1,1,tr|A0A015J5I9|A0A015J5I9_RHIIW Gag-pol fusion protein OS=Rhizophagus irregularis (strain DAOM 197198w) OX=1432141 GN=RirG_273610 PE=4 SV=1
g22886.t1,sp|A1A4P5|PFD2_BOVIN,Bos taurus,51.111,93.0,5.05e-39,135.0,Other non-arthropod,FLAG_REVIEW,5,5,sp|A1A4P5|PFD2_BOVIN Prefoldin subunit 2 OS=Bos taurus OX=9913 GN=PFDN2 PE=2 SV=1
g22889.t1,tr|U1HGQ0|U1HGQ0_ENDPU,Endocarpon pusillum (strain Z07020 / HMAS-L-300199),34.659,91.0,5.36e-19,87.8,Other non-arthropod,FLAG_REVIEW,6,6,tr|U1HGQ0|U1HGQ0_ENDPU Uncharacterized protein OS=Endocarpon pusillum (strain Z07020 / HMAS-L-300199) OX=1263415 GN=EPUS_06409 PE=4 SV=1
g22893.t1,sp|Q18932|CAH2_CAEEL,Caenorhabditis elegans,42.453,100.0,2.3999999999999997e-23,98.2,Other non-arthropod,FLAG_REVIEW,5,5,sp|Q18932|CAH2_CAEEL Putative carbonic anhydrase-like protein 2 OS=Caenorhabditis elegans OX=6239 GN=cah-2 PE=1 SV=3
g22903.t1,sp|P09601|HMOX1_HUMAN,Homo sapiens,30.653,79.0,2.68e-17,85.9,Other non-arthropod,FLAG_REVIEW,1,1,sp|P09601|HMOX1_HUMAN Heme oxygenase 1 OS=Homo sapiens OX=9606 GN=HMOX1 PE=1 SV=1
g22905.t1,sp|Q6PB70|ANO8_MOUSE,Mus musculus,43.82,74.0,6.3e-112,373.0,Other non-arthropod,FLAG_REVIEW,7,7,sp|Q6PB70|ANO8_MOUSE Anoctamin-8 OS=Mus musculus OX=10090 GN=Ano8 PE=1 SV=3
g22907.t1,sp|Q9NPD3|EXOS4_HUMAN,Homo sapiens,60.581,96.0,1.2e-98,294.0,Other non-arthropod,FLAG_REVIEW,5,5,sp|Q9NPD3|EXOS4_HUMAN Exosome complex component RRP41 OS=Homo sapiens OX=9606 GN=EXOSC4 PE=1 SV=3
g22916.t1,sp|Q640V2|RMD5A_XENTR,Xenopus tropicalis,42.75,99.0,1.48e-98,305.0,Other non-arthropod,FLAG_REVIEW,5,5,sp|Q640V2|RMD5A_XENTR E3 ubiquitin-protein ligase RMND5A OS=Xenopus tropicalis OX=8364 GN=rmnd5a PE=2 SV=1
g22920.t1,sp|Q5SVZ6|ZMYM1_HUMAN,Homo sapiens,33.077,81.0,3.81e-06,52.8,Other non-arthropod,FLAG_REVIEW,1,1,sp|Q5SVZ6|ZMYM1_HUMAN Zinc finger MYM-type protein 1 OS=Homo sapiens OX=9606 GN=ZMYM1 PE=1 SV=1
g22923.t1,sp|Q7ZUW2|HYOU1_DANRE,Danio rerio,45.311,91.0,0.0,667.0,Other non-arthropod,FLAG_REVIEW,5,5,sp|Q7ZUW2|HYOU1_DANRE Hypoxia up-regulated protein 1 OS=Danio rerio OX=7955 GN=hyou1 PE=2 SV=1
g22924.t2,sp|Q5EAR5|TRPT1_DANRE,Danio rerio,42.784,85.0,3.48e-52,174.0,Other non-arthropod,FLAG_REVIEW,5,5,sp|Q5EAR5|TRPT1_DANRE tRNA 2'-phosphotransferase 1 OS=Danio rerio OX=7955 GN=trpt1 PE=2 SV=2
g22926.t1,sp|A5D6U8|ACP7_DANRE,Danio rerio,57.178,91.0,2.13e-165,479.0,Other non-arthropod,FLAG_REVIEW,5,5,sp|A5D6U8|ACP7_DANRE Acid phosphatase type 7 OS=Danio rerio OX=7955 GN=acp7 PE=2 SV=1
g22927.t1,sp|Q9BG99|TREX1_BOVIN,Bos taurus,36.797,97.0,2.68e-30,120.0,Other non-arthropod,FLAG_REVIEW,5,5,sp|Q9BG99|TREX1_BOVIN Three-prime repair exonuclease 1 OS=Bos taurus OX=9913 GN=TREX1 PE=1 SV=1
g22929.t1,sp|Q8TE60|ATS18_HUMAN,Homo sapiens,30.586,89.0,5.74e-69,252.0,Other non-arthropod,FLAG_REVIEW,4,4,sp|Q8TE60|ATS18_HUMAN A disintegrin and metalloproteinase with thrombospondin motifs 18 OS=Homo sapiens OX=9606 GN=ADAMTS18 PE=1 SV=3
g22940.t1,tr|A0A2G4SH66|A0A2G4SH66_RHIZD,Rhizopus microsporus ATCC 52813,70.093,74.0,1.15e-49,161.0,Fungal,FLAG_POSSIBLE_CONTAMINATION,3,3,tr|A0A2G4SH66|A0A2G4SH66_RHIZD Mitochondrial pyruvate carrier OS=Rhizopus microsporus ATCC 52813 OX=1340429 GN=RHIMIDRAFT_286543 PE=3 SV=1
g22951.t1,sp|Q5ZM55|FEM1B_CHICK,Gallus gallus,47.152,96.0,0.0,545.0,Other non-arthropod,FLAG_REVIEW,5,5,sp|Q5ZM55|FEM1B_CHICK Protein fem-1 homolog B OS=Gallus gallus OX=9031 GN=FEM1B PE=2 SV=1
g22952.t1,sp|Q9UJZ1|STML2_HUMAN,Homo sapiens,68.792,73.0,3.9e-146,425.0,Other non-arthropod,FLAG_REVIEW,5,5,"sp|Q9UJZ1|STML2_HUMAN Stomatin-like protein 2, mitochondrial OS=Homo sapiens OX=9606 GN=STOML2 PE=1 SV=1"
g22954.t1,sp|P52014|CYP6_CAEEL,Caenorhabditis elegans,68.394,94.0,2.86e-94,280.0,Other non-arthropod,FLAG_REVIEW,5,5,sp|P52014|CYP6_CAEEL Peptidyl-prolyl cis-trans isomerase 6 OS=Caenorhabditis elegans OX=6239 GN=cyn-6 PE=2 SV=1
g22957.t2,sp|Q4V8X0|TPRA1_DANRE,Danio rerio,46.903,93.0,7.4e-95,294.0,Other non-arthropod,FLAG_REVIEW,5,5,sp|Q4V8X0|TPRA1_DANRE Transmembrane protein adipocyte-associated 1 homolog OS=Danio rerio OX=7955 GN=tpra1 PE=2 SV=1
g22968.t2,sp|Q58A65|JIP4_MOUSE,Mus musculus,40.433,98.0,0.0,891.0,Other non-arthropod,FLAG_REVIEW,8,8,sp|Q58A65|JIP4_MOUSE C-Jun-amino-terminal kinase-interacting protein 4 OS=Mus musculus OX=10090 GN=Spag9 PE=1 SV=2
g22977.t1,sp|H9D1R1|TXD12_EPICO,Epinephelus coioides,51.587,78.0,6.17e-39,136.0,Other non-arthropod,FLAG_REVIEW,5,5,sp|H9D1R1|TXD12_EPICO Thioredoxin domain-containing protein 12 OS=Epinephelus coioides OX=94232 GN=Txndc12 PE=1 SV=1
g22982.t1,tr|A0A4P9W8Z3|A0A4P9W8Z3_9FUNG,Blyttiomyces helicus,40.113,89.0,8.81e-35,127.0,Other non-arthropod,FLAG_REVIEW,5,5,tr|A0A4P9W8Z3|A0A4P9W8Z3_9FUNG Glutathione synthase OS=Blyttiomyces helicus OX=388810 GN=BDK51DRAFT_24604 PE=4 SV=1
g22990.t1,sp|Q9EPX2|PPN_MOUSE,Mus musculus,43.363,79.0,1.32e-18,88.2,Other non-arthropod,FLAG_REVIEW,4,4,sp|Q9EPX2|PPN_MOUSE Papilin OS=Mus musculus OX=10090 GN=Papln PE=2 SV=2
g22998.t1,tr|A0A9N8WF83|A0A9N8WF83_9GLOM,Funneliformis caledonium,42.254,75.0,2.36e-07,53.1,Other non-arthropod,FLAG_REVIEW,1,1,tr|A0A9N8WF83|A0A9N8WF83_9GLOM 6557_t:CDS:1 OS=Funneliformis caledonium OX=1117310 GN=FCALED_LOCUS2729 PE=4 SV=1
g23011.t1,sp|Q5PQA4|NB5R2_XENLA,Xenopus laevis,60.067,93.0,1.72e-130,380.0,Other non-arthropod,FLAG_REVIEW,5,5,sp|Q5PQA4|NB5R2_XENLA NADH-cytochrome b5 reductase 2 OS=Xenopus laevis OX=8355 GN=cyb5r2 PE=2 SV=1
g23016.t1,tr|A0ACE2GEA3|A0ACE2GEA3_MONSE,Monosporozyma servazzii,30.012,90.0,1.06e-14,89.7,Other non-arthropod,FLAG_REVIEW,2,2,tr|A0ACE2GEA3|A0ACE2GEA3_MONSE Uncharacterized protein OS=Monosporozyma servazzii OX=27293 GN=MOSE0_N03356 PE=4 SV=1
g23017.t1,sp|Q27U48|TBB1_GLOMM,Glossina morsitans morsitans,79.206,94.0,0.0,726.0,Other non-arthropod,FLAG_REVIEW,5,5,sp|Q27U48|TBB1_GLOMM Tubulin beta-1 chain OS=Glossina morsitans morsitans OX=37546 PE=2 SV=1
g23024.t1,sp|Q8BX57|PXK_MOUSE,Mus musculus,40.249,87.0,3.12e-112,352.0,Other non-arthropod,FLAG_REVIEW,3,3,sp|Q8BX57|PXK_MOUSE PX domain-containing protein kinase-like protein OS=Mus musculus OX=10090 GN=Pxk PE=1 SV=2
g23031.t1,tr|A0A8H7VQP5|A0A8H7VQP5_9FUNG,Circinella minor,30.706,88.0,5.1499999999999995e-55,206.0,Other non-arthropod,FLAG_REVIEW,3,3,tr|A0A8H7VQP5|A0A8H7VQP5_9FUNG PiggyBac transposable element-derived protein domain-containing protein OS=Circinella minor OX=1195481 GN=INT45_000829 PE=4 SV=1
g23032.t1,sp|Q8TCX1|DC2L1_HUMAN,Homo sapiens,30.677,72.0,1.3600000000000002e-26,114.0,Other non-arthropod,FLAG_REVIEW,2,2,sp|Q8TCX1|DC2L1_HUMAN Cytoplasmic dynein 2 light intermediate chain 1 OS=Homo sapiens OX=9606 GN=DYNC2LI1 PE=1 SV=1
g23033.t1,tr|A0AB34KE36|A0AB34KE36_9PEZI,Cladosporium halotolerans,33.533,95.0,1.09e-39,155.0,Other non-arthropod,FLAG_REVIEW,5,5,tr|A0AB34KE36|A0AB34KE36_9PEZI Polyprotein OS=Cladosporium halotolerans OX=1052096 GN=WHR41_09299 PE=4 SV=1
g23040.t1,sp|Q9GKX6|GALM_PIG,Sus scrofa,43.2,84.0,7.220000000000001e-57,192.0,Other non-arthropod,FLAG_REVIEW,5,5,sp|Q9GKX6|GALM_PIG Galactose mutarotase OS=Sus scrofa OX=9823 GN=GALM PE=2 SV=1
g23052.t1,sp|Q7Z6K3|PTAR1_HUMAN,Homo sapiens,31.522,78.0,1.55e-19,93.2,Other non-arthropod,FLAG_REVIEW,1,1,sp|Q7Z6K3|PTAR1_HUMAN Protein prenyltransferase alpha subunit repeat-containing protein 1 OS=Homo sapiens OX=9606 GN=PTAR1 PE=1 SV=2
g23053.t1,sp|Q5BJC2|KISHA_DANRE,Danio rerio,83.099,100.0,4.08e-37,125.0,Other non-arthropod,FLAG_REVIEW,5,5,sp|Q5BJC2|KISHA_DANRE Protein kish-A OS=Danio rerio OX=7955 GN=tmem167a PE=3 SV=1
g23055.t1,sp|P50904|RASA1_RAT,Rattus norvegicus,43.618,91.0,0.0,760.0,Other non-arthropod,FLAG_REVIEW,3,3,sp|P50904|RASA1_RAT Ras GTPase-activating protein 1 OS=Rattus norvegicus OX=10116 GN=Rasa1 PE=1 SV=1
g23060.t1,sp|P00821|ACYP2_MELGA,Meleagris gallopavo,57.143,95.0,1.39e-31,113.0,Other non-arthropod,FLAG_REVIEW,5,5,sp|P00821|ACYP2_MELGA Acylphosphatase-2 OS=Meleagris gallopavo OX=9103 GN=ACYP2 PE=1 SV=2
g23068.t1,tr|A0AAX3EAJ9|A0AAX3EAJ9_9EURY,Methanoculleus submarinus,31.667,93.0,1.8e-09,63.2,Other non-arthropod,FLAG_REVIEW,7,7,tr|A0AAX3EAJ9|A0AAX3EAJ9_9EURY Uncharacterized protein OS=Methanoculleus submarinus OX=204050 GN=OH143_11295 PE=4 SV=1
g23078.t1,tr|A0ABR2WRR1|A0ABR2WRR1_9FUNG,Basidiobolus ranarum,51.724,89.0,4.76e-24,100.0,Other non-arthropod,FLAG_REVIEW,5,5,tr|A0ABR2WRR1|A0ABR2WRR1_9FUNG ethanolamine kinase OS=Basidiobolus ranarum OX=34480 GN=K7432_008508 PE=3 SV=1
g23079.t1,sp|Q9CQ69|QCR8_MOUSE,Mus musculus,54.43,100.0,1.1e-21,86.7,Other non-arthropod,FLAG_REVIEW,5,5,sp|Q9CQ69|QCR8_MOUSE Cytochrome b-c1 complex subunit 8 OS=Mus musculus OX=10090 GN=Uqcrq PE=1 SV=3
g23083.t1,sp|Q14165|MLEC_HUMAN,Homo sapiens,54.618,92.0,1.3e-87,268.0,Other non-arthropod,FLAG_REVIEW,5,5,sp|Q14165|MLEC_HUMAN Malectin OS=Homo sapiens OX=9606 GN=MLEC PE=1 SV=1
g23089.t1,sp|Q9UKM7|MA1B1_HUMAN,Homo sapiens,55.438,99.0,1.87e-140,422.0,Other non-arthropod,FLAG_REVIEW,5,5,"sp|Q9UKM7|MA1B1_HUMAN Endoplasmic reticulum mannosyl-oligosaccharide 1,2-alpha-mannosidase OS=Homo sapiens OX=9606 GN=MAN1B1 PE=1 SV=2"
g23096.t1,tr|A0AAI9SYB1|A0AAI9SYB1_9ASCO,Candida oxycetoniae,41.463,85.0,7.12e-21,89.7,Fungal,FLAG_POSSIBLE_CONTAMINATION,20,20,tr|A0AAI9SYB1|A0AAI9SYB1_9ASCO Uncharacterized protein OS=Candida oxycetoniae OX=497107 GN=KGF56_002071 PE=4 SV=1
g23100.t1,sp|P09470|ACE_MOUSE,Mus musculus,34.138,73.0,7.97e-95,329.0,Other non-arthropod,FLAG_REVIEW,10,10,sp|P09470|ACE_MOUSE Angiotensin-converting enzyme OS=Mus musculus OX=10090 GN=Ace PE=1 SV=3
g23112.t1,sp|Q7T163|KDISB_DANRE,Danio rerio,42.278,73.0,0.0,689.0,Other non-arthropod,FLAG_REVIEW,3,3,sp|Q7T163|KDISB_DANRE Kinase D-interacting substrate of 220 kDa B OS=Danio rerio OX=7955 GN=kidins220b PE=1 SV=3
g23114.t1,sp|Q80U56|AVL9_MOUSE,Mus musculus,35.95,90.0,5.83e-125,390.0,Other non-arthropod,FLAG_REVIEW,1,1,sp|Q80U56|AVL9_MOUSE Late secretory pathway protein AVL9 homolog OS=Mus musculus OX=10090 GN=Avl9 PE=1 SV=2
g23120.t1,tr|A0A9W9UM87|A0A9W9UM87_PENBR,Penicillium brevicompactum,30.0,97.0,7.2e-09,60.5,Fungal,FLAG_POSSIBLE_CONTAMINATION,8,8,tr|A0A9W9UM87|A0A9W9UM87_PENBR Uncharacterized protein OS=Penicillium brevicompactum OX=5074 GN=N7541_008000 PE=4 SV=1
g23126.t1,sp|B5X2B8|ERAL1_SALSA,Salmo salar,32.88,93.0,1.8e-57,199.0,Other non-arthropod,FLAG_REVIEW,5,5,"sp|B5X2B8|ERAL1_SALSA GTPase Era, mitochondrial OS=Salmo salar OX=8030 GN=eral1 PE=2 SV=1"
g23133.t1,sp|Q5RDZ2|CRYL1_PONAB,Pongo abelii,51.935,96.0,2.63e-112,335.0,Other non-arthropod,FLAG_REVIEW,5,5,sp|Q5RDZ2|CRYL1_PONAB Lambda-crystallin homolog OS=Pongo abelii OX=9601 GN=CRYL1 PE=2 SV=3
g23134.t1,sp|Q0GGW5|STK11_CHICK,Gallus gallus,68.662,80.0,7.280000000000001e-132,390.0,Other non-arthropod,FLAG_REVIEW,5,5,sp|Q0GGW5|STK11_CHICK Serine/threonine-protein kinase STK11 OS=Gallus gallus OX=9031 GN=STK11 PE=2 SV=1
g23137.t1,sp|P80747|ITB5_BOVIN,Bos taurus,30.179,96.0,1.8000000000000002e-105,348.0,Other non-arthropod,FLAG_REVIEW,4,4,sp|P80747|ITB5_BOVIN Integrin beta-5 OS=Bos taurus OX=9913 GN=ITGB5 PE=1 SV=2
g23138.t1,sp|Q8R2H2|ITB3_RAT,Rattus norvegicus,30.559,96.0,5.86e-116,374.0,Other non-arthropod,FLAG_REVIEW,5,5,sp|Q8R2H2|ITB3_RAT Integrin beta-3 OS=Rattus norvegicus OX=10116 GN=Itgb3 PE=1 SV=1
g23144.t1,sp|O00744|WN10B_HUMAN,Homo sapiens,41.935,100.0,1.16e-36,136.0,Other non-arthropod,FLAG_REVIEW,5,5,sp|O00744|WN10B_HUMAN Protein Wnt-10b OS=Homo sapiens OX=9606 GN=WNT10B PE=1 SV=2
g23146.t1,sp|Q8MJY8|PGDH_MACFA,Macaca fascicularis,46.296,100.0,5.0599999999999996e-24,99.0,Other non-arthropod,FLAG_REVIEW,5,5,sp|Q8MJY8|PGDH_MACFA 15-hydroxyprostaglandin dehydrogenase [NAD(+)] OS=Macaca fascicularis OX=9541 GN=HPGD PE=2 SV=1
g23147.t1,sp|Q6JEL2|KLH10_HUMAN,Homo sapiens,54.545,70.0,1.95e-07,52.8,Other non-arthropod,FLAG_REVIEW,3,3,sp|Q6JEL2|KLH10_HUMAN Kelch-like protein 10 OS=Homo sapiens OX=9606 GN=KLHL10 PE=1 SV=1
g23155.t1,sp|Q9NP73|ALG13_HUMAN,Homo sapiens,70.312,72.0,4.7099999999999995e-23,98.6,Other non-arthropod,FLAG_REVIEW,5,5,sp|Q9NP73|ALG13_HUMAN UDP-N-acetylglucosamine transferase subunit ALG13 OS=Homo sapiens OX=9606 GN=ALG13 PE=1 SV=2
g23160.t1,sp|Q93052|LPP_HUMAN,Homo sapiens,37.466,78.0,5.58e-63,220.0,Other non-arthropod,FLAG_REVIEW,1,1,sp|Q93052|LPP_HUMAN Lipoma-preferred partner OS=Homo sapiens OX=9606 GN=LPP PE=1 SV=1
g23168.t1,sp|P50532|SMC4_XENLA,Xenopus laevis,51.475,90.0,0.0,664.0,Other non-arthropod,FLAG_REVIEW,5,5,sp|P50532|SMC4_XENLA Structural maintenance of chromosomes protein 4 OS=Xenopus laevis OX=8355 GN=smc4 PE=1 SV=1
g23182.t1,sp|P27425|TRFE_HORSE,Equus caballus,30.205,89.0,1.62e-24,115.0,Other non-arthropod,FLAG_REVIEW,1,1,sp|P27425|TRFE_HORSE Serotransferrin OS=Equus caballus OX=9796 GN=TF PE=2 SV=1
g23194.t1,sp|Q9Z207|DIAP3_MOUSE,Mus musculus,39.768,95.0,2.89e-134,432.0,Other non-arthropod,FLAG_REVIEW,5,5,sp|Q9Z207|DIAP3_MOUSE Protein diaphanous homolog 3 OS=Mus musculus OX=10090 GN=Diaph3 PE=1 SV=1
g23198.t1,sp|P15121|ALDR_HUMAN,Homo sapiens,53.216,99.0,2.28e-117,348.0,Other non-arthropod,FLAG_REVIEW,5,5,sp|P15121|ALDR_HUMAN Aldo-keto reductase family 1 member B1 OS=Homo sapiens OX=9606 GN=AKR1B1 PE=1 SV=3
g23201.t1,sp|Q8CGF7|TCRG1_MOUSE,Mus musculus,44.492,85.0,2.6900000000000003e-58,207.0,Other non-arthropod,FLAG_REVIEW,5,5,sp|Q8CGF7|TCRG1_MOUSE Transcription elongation regulator 1 OS=Mus musculus OX=10090 GN=Tcerg1 PE=1 SV=2
g23204.t1,sp|Q6ZQ11|CHSS1_MOUSE,Mus musculus,36.391,99.0,4.16e-53,193.0,Other non-arthropod,FLAG_REVIEW,5,5,sp|Q6ZQ11|CHSS1_MOUSE Chondroitin sulfate synthase 1 OS=Mus musculus OX=10090 GN=Chsy1 PE=2 SV=2
g23205.t1,sp|Q6ZQ11|CHSS1_MOUSE,Mus musculus,46.809,89.0,4.01e-144,440.0,Other non-arthropod,FLAG_REVIEW,5,5,sp|Q6ZQ11|CHSS1_MOUSE Chondroitin sulfate synthase 1 OS=Mus musculus OX=10090 GN=Chsy1 PE=2 SV=2
g23216.t1,sp|Q8BH70|FBXL4_MOUSE,Mus musculus,38.04,93.0,8.460000000000001e-110,349.0,Other non-arthropod,FLAG_REVIEW,3,3,sp|Q8BH70|FBXL4_MOUSE F-box/LRR-repeat protein 4 OS=Mus musculus OX=10090 GN=Fbxl4 PE=1 SV=1
g23217.t1,sp|Q09442|SF3B4_CAEEL,Caenorhabditis elegans,70.342,74.0,2.7600000000000003e-132,389.0,Other non-arthropod,FLAG_REVIEW,2,2,sp|Q09442|SF3B4_CAEEL Splicing factor 3B subunit 4 OS=Caenorhabditis elegans OX=6239 GN=sap-49 PE=1 SV=2
g23224.t1,sp|P49140|SKI_CHICK,Gallus gallus,48.227,72.0,2.92e-69,237.0,Other non-arthropod,FLAG_REVIEW,3,3,sp|P49140|SKI_CHICK Ski oncogene OS=Gallus gallus OX=9031 GN=SKI PE=1 SV=1
g23226.t1,sp|Q17QK8|SPRE_BOVIN,Bos taurus,34.483,96.0,1.1899999999999999e-48,168.0,Other non-arthropod,FLAG_REVIEW,5,5,sp|Q17QK8|SPRE_BOVIN Sepiapterin reductase OS=Bos taurus OX=9913 GN=SPR PE=2 SV=1
g23230.t1,sp|Q5ECE3|LOPAP_LONON,Lonomia obliqua,30.435,86.0,1.71e-16,81.3,Other non-arthropod,FLAG_REVIEW,2,2,sp|Q5ECE3|LOPAP_LONON Lopap OS=Lonomia obliqua OX=304329 PE=1 SV=2
g23232.t1,sp|Q8SPI0|APOD_MACFA,Macaca fascicularis,33.333,73.0,6.56e-14,73.9,Other non-arthropod,FLAG_REVIEW,5,5,sp|Q8SPI0|APOD_MACFA Apolipoprotein D OS=Macaca fascicularis OX=9541 GN=APOD PE=2 SV=1
g23236.t1,sp|Q3UX61|NAA11_MOUSE,Mus musculus,79.845,88.0,2.4e-71,219.0,Other non-arthropod,FLAG_REVIEW,5,5,sp|Q3UX61|NAA11_MOUSE N-alpha-acetyltransferase 11 OS=Mus musculus OX=10090 GN=Naa11 PE=1 SV=1
g23238.t1,sp|P56945|BCAR1_HUMAN,Homo sapiens,30.4,84.0,3.54e-44,176.0,Other non-arthropod,FLAG_REVIEW,8,8,sp|P56945|BCAR1_HUMAN Breast cancer anti-estrogen resistance protein 1 OS=Homo sapiens OX=9606 GN=BCAR1 PE=1 SV=2
g23240.t1,sp|P86411|RGPA2_RAT,Rattus norvegicus,30.781,98.0,3.4600000000000004e-169,556.0,Other non-arthropod,FLAG_REVIEW,7,7,sp|P86411|RGPA2_RAT Ral GTPase-activating protein subunit alpha-2 OS=Rattus norvegicus OX=10116 GN=Ralgapa2 PE=1 SV=1
g23241.t1,sp|P45589|CU12_HYACE,Hyalophora cecropia,38.75,73.0,5.99e-16,73.9,Other non-arthropod,FLAG_REVIEW,1,1,sp|P45589|CU12_HYACE Flexible cuticle protein 12 OS=Hyalophora cecropia OX=7123 GN=CP12 PE=2 SV=1
g23244.t1,sp|Q9UJX6|ANC2_HUMAN,Homo sapiens,40.188,91.0,2.97e-178,538.0,Other non-arthropod,FLAG_REVIEW,4,4,sp|Q9UJX6|ANC2_HUMAN Anaphase-promoting complex subunit 2 OS=Homo sapiens OX=9606 GN=ANAPC2 PE=1 SV=1
g23247.t1,sp|Q70CQ2|UBP34_HUMAN,Homo sapiens,44.889,92.0,0.0,1635.0,Other non-arthropod,FLAG_REVIEW,8,8,sp|Q70CQ2|UBP34_HUMAN Ubiquitin carboxyl-terminal hydrolase 34 OS=Homo sapiens OX=9606 GN=USP34 PE=1 SV=2
g23257.t1,sp|Q8N6S4|AN13C_HUMAN,Homo sapiens,62.182,100.0,4.93e-111,337.0,Other non-arthropod,FLAG_REVIEW,5,5,sp|Q8N6S4|AN13C_HUMAN Ankyrin repeat domain-containing protein 13C OS=Homo sapiens OX=9606 GN=ANKRD13C PE=1 SV=2
g23258.t1,sp|Q8N6S4|AN13C_HUMAN,Homo sapiens,60.23,97.0,0.0,530.0,Other non-arthropod,FLAG_REVIEW,5,5,sp|Q8N6S4|AN13C_HUMAN Ankyrin repeat domain-containing protein 13C OS=Homo sapiens OX=9606 GN=ANKRD13C PE=1 SV=2
g23265.t1,tr|A0A2I1GFX4|A0A2I1GFX4_9GLOM,Rhizophagus irregularis,33.663,70.0,1.15e-07,56.6,Other non-arthropod,FLAG_REVIEW,2,2,tr|A0A2I1GFX4|A0A2I1GFX4_9GLOM Tc1-like transposase DDE domain-containing protein OS=Rhizophagus irregularis OX=588596 GN=RhiirA4_542666 PE=4 SV=1
g23267.t1,sp|Q5BJW3|TX261_RAT,Rattus norvegicus,47.486,98.0,1.95e-49,164.0,Other non-arthropod,FLAG_REVIEW,5,5,sp|Q5BJW3|TX261_RAT Protein TEX261 OS=Rattus norvegicus OX=10116 GN=Tex261 PE=2 SV=1
g23268.t1,sp|Q1HLC0|LOSAC_LONON,Lonomia obliqua,41.505,84.0,7.170000000000001e-103,320.0,Other non-arthropod,FLAG_REVIEW,5,5,sp|Q1HLC0|LOSAC_LONON Hemolin OS=Lonomia obliqua OX=304329 PE=1 SV=1
g23274.t1,tr|A0A179EX22|A0A179EX22_METCM,Pochonia chlamydosporia 170,31.356,72.0,6.53e-11,67.0,Other non-arthropod,FLAG_REVIEW,1,1,tr|A0A179EX22|A0A179EX22_METCM Transposase OS=Pochonia chlamydosporia 170 OX=1380566 GN=VFPPC_12164 PE=4 SV=2
g23277.t1,sp|Q5ZLT0|XPO7_CHICK,Gallus gallus,66.901,98.0,7.959999999999999e-54,189.0,Other non-arthropod,FLAG_REVIEW,5,5,sp|Q5ZLT0|XPO7_CHICK Exportin-7 OS=Gallus gallus OX=9031 GN=XPO7 PE=2 SV=1
g23282.t1,sp|A8WCF8|TPRGL_RAT,Rattus norvegicus,30.375,80.0,1.12e-35,137.0,Other non-arthropod,FLAG_REVIEW,2,2,sp|A8WCF8|TPRGL_RAT Tumor protein p63-regulated gene 1-like protein OS=Rattus norvegicus OX=10116 GN=Tprg1l PE=1 SV=1
g23284.t2,sp|Q5XIN3|MIPT3_RAT,Rattus norvegicus,31.472,95.0,3.25e-58,212.0,Other non-arthropod,FLAG_REVIEW,2,2,sp|Q5XIN3|MIPT3_RAT TRAF3-interacting protein 1 OS=Rattus norvegicus OX=10116 GN=Traf3ip1 PE=1 SV=1
g23285.t1,sp|Q8N4V2|SVOP_HUMAN,Homo sapiens,52.677,99.0,9.08e-168,489.0,Other non-arthropod,FLAG_REVIEW,5,5,sp|Q8N4V2|SVOP_HUMAN Synaptic vesicle 2-related protein OS=Homo sapiens OX=9606 GN=SVOP PE=1 SV=1
g23288.t1,sp|P86251|EFTU_MESAU,Mesocricetus auratus,55.039,86.0,1.75e-160,467.0,Other non-arthropod,FLAG_REVIEW,5,5,"sp|P86251|EFTU_MESAU Elongation factor Tu, mitochondrial OS=Mesocricetus auratus OX=10036 GN=TUFM PE=1 SV=2"
g23290.t1,sp|Q562D6|TRMO_MOUSE,Mus musculus,33.578,83.0,3.2199999999999996e-52,187.0,Other non-arthropod,FLAG_REVIEW,2,2,sp|Q562D6|TRMO_MOUSE tRNA (adenine(37)-N6)-methyltransferase OS=Mus musculus OX=10090 GN=Trmo PE=2 SV=2
g23300.t1,sp|Q6PNC0|DMXL1_MOUSE,Mus musculus,45.89,89.0,8.51e-77,263.0,Other non-arthropod,FLAG_REVIEW,5,5,sp|Q6PNC0|DMXL1_MOUSE DmX-like protein 1 OS=Mus musculus OX=10090 GN=Dmxl1 PE=1 SV=1
g23310.t1,sp|Q1LUA6|TRIO_DANRE,Danio rerio,41.584,88.0,1.86e-76,283.0,Other non-arthropod,FLAG_REVIEW,13,13,sp|Q1LUA6|TRIO_DANRE Triple functional domain protein OS=Danio rerio OX=7955 GN=trio PE=3 SV=1
g23320.t1,sp|Q29R99|LIPT2_DANRE,Danio rerio,52.968,91.0,1.1700000000000001e-75,234.0,Other non-arthropod,FLAG_REVIEW,5,5,"sp|Q29R99|LIPT2_DANRE Octanoyl-[acyl-carrier-protein]:protein N-octanoyltransferase LIPT2, mitochondrial OS=Danio rerio OX=7955 GN=lipt2 PE=2 SV=1"
g23322.t1,sp|Q90773|CEPU1_CHICK,Gallus gallus,30.405,77.0,7.54e-29,122.0,Other non-arthropod,FLAG_REVIEW,1,1,sp|Q90773|CEPU1_CHICK Protein CEPU-1 OS=Gallus gallus OX=9031 PE=1 SV=1
g23331.t1,sp|P60892|PRPS1_RAT,Rattus norvegicus,87.066,93.0,0.0,580.0,Other non-arthropod,FLAG_REVIEW,5,5,sp|P60892|PRPS1_RAT Ribose-phosphate pyrophosphokinase 1 OS=Rattus norvegicus OX=10116 GN=Prps1 PE=1 SV=2
g23334.t1,sp|Q5REQ8|DCP2_PONAB,Pongo abelii,43.229,97.0,1.0600000000000001e-99,307.0,Other non-arthropod,FLAG_REVIEW,2,2,sp|Q5REQ8|DCP2_PONAB m7GpppN-mRNA hydrolase OS=Pongo abelii OX=9601 GN=DCP2 PE=2 SV=1
g23335.t1,sp|Q4VBI7|STX18_DANRE,Danio rerio,45.82,99.0,1.11e-84,264.0,Other non-arthropod,FLAG_REVIEW,5,5,sp|Q4VBI7|STX18_DANRE Syntaxin-18 OS=Danio rerio OX=7955 GN=stx18 PE=2 SV=1
g23339.t1,sp|P47816|PDCD2_RAT,Rattus norvegicus,41.854,98.0,2.0899999999999997e-89,278.0,Other non-arthropod,FLAG_REVIEW,5,5,sp|P47816|PDCD2_RAT uS5 assembly chaperone PDCD2 OS=Rattus norvegicus OX=10116 GN=Pdcd2 PE=2 SV=2
g23340.t1,sp|Q4V8S3|TM242_DANRE,Danio rerio,53.913,79.0,3.99e-33,120.0,Other non-arthropod,FLAG_REVIEW,5,5,sp|Q4V8S3|TM242_DANRE Transmembrane protein 242 OS=Danio rerio OX=7955 GN=tmem242 PE=2 SV=2
g23341.t1,sp|Q5ZIJ9|MIB2_CHICK,Gallus gallus,38.593,99.0,0.0,654.0,Other non-arthropod,FLAG_REVIEW,5,5,sp|Q5ZIJ9|MIB2_CHICK E3 ubiquitin-protein ligase MIB2 OS=Gallus gallus OX=9031 GN=MIB2 PE=2 SV=1
g23342.t1,sp|Q32M08|DUS4L_MOUSE,Mus musculus,47.603,80.0,1.6e-95,294.0,Other non-arthropod,FLAG_REVIEW,5,5,sp|Q32M08|DUS4L_MOUSE tRNA-dihydrouridine(20a/20b) synthase [NAD(P)+]-like OS=Mus musculus OX=10090 GN=Dus4l PE=2 SV=1
g23358.t1,sp|Q99PJ0|NTRI_MOUSE,Mus musculus,35.144,74.0,1.26e-39,151.0,Other non-arthropod,FLAG_REVIEW,4,4,sp|Q99PJ0|NTRI_MOUSE Neurotrimin OS=Mus musculus OX=10090 GN=Ntm PE=1 SV=2
g23365.t1,sp|Q8IZ13|F200C_HUMAN,Homo sapiens,44.865,98.0,1.03e-46,167.0,Other non-arthropod,FLAG_REVIEW,5,5,sp|Q8IZ13|F200C_HUMAN Protein FAM200C OS=Homo sapiens OX=9606 GN=FAM200C PE=1 SV=1
g23371.t1,sp|Q3U1J4|DDB1_MOUSE,Mus musculus,66.437,100.0,0.0,619.0,Other non-arthropod,FLAG_REVIEW,5,5,sp|Q3U1J4|DDB1_MOUSE DNA damage-binding protein 1 OS=Mus musculus OX=10090 GN=Ddb1 PE=1 SV=2
g23374.t1,tr|A0AB34KE36|A0AB34KE36_9PEZI,Cladosporium halotolerans,33.758,96.0,4.82e-38,150.0,Other non-arthropod,FLAG_REVIEW,4,4,tr|A0AB34KE36|A0AB34KE36_9PEZI Polyprotein OS=Cladosporium halotolerans OX=1052096 GN=WHR41_09299 PE=4 SV=1
g23375.t1,sp|Q8BZ09|ODC_MOUSE,Mus musculus,60.208,98.0,2.66e-122,358.0,Other non-arthropod,FLAG_REVIEW,5,5,sp|Q8BZ09|ODC_MOUSE Mitochondrial 2-oxodicarboxylate carrier OS=Mus musculus OX=10090 GN=Slc25a21 PE=1 SV=1
g23376.t1,sp|Q99L48|NMD3_MOUSE,Mus musculus,62.733,100.0,7.259999999999999e-69,223.0,Other non-arthropod,FLAG_REVIEW,5,5,sp|Q99L48|NMD3_MOUSE 60S ribosomal export protein NMD3 OS=Mus musculus OX=10090 GN=Nmd3 PE=1 SV=1
g23380.t1,tr|A0A507D216|A0A507D216_9FUNG,Synchytrium endobioticum,37.218,73.0,6.02e-54,197.0,Other non-arthropod,FLAG_REVIEW,3,3,tr|A0A507D216|A0A507D216_9FUNG RNA-directed DNA polymerase OS=Synchytrium endobioticum OX=286115 GN=SeMB42_g04060 PE=4 SV=1
g23385.t1,tr|A0A1Y2CUX5|A0A1Y2CUX5_9FUNG,Rhizoclosmatium globosum,33.916,92.0,7.159999999999999e-38,142.0,Other non-arthropod,FLAG_REVIEW,5,5,tr|A0A1Y2CUX5|A0A1Y2CUX5_9FUNG 4-nitrophenylphosphatase OS=Rhizoclosmatium globosum OX=329046 GN=BCR33DRAFT_712757 PE=4 SV=1
g23408.t1,sp|Q6DFI2|TM147_XENLA,Xenopus laevis,50.0,94.0,3.52e-73,228.0,Other non-arthropod,FLAG_REVIEW,5,5,sp|Q6DFI2|TM147_XENLA BOS complex subunit TMEM147 OS=Xenopus laevis OX=8355 GN=tmem147 PE=2 SV=1
g23410.t1,sp|Q6PBJ2|CFA20_DANRE,Danio rerio,95.652,93.0,1.84e-78,236.0,Other non-arthropod,FLAG_REVIEW,5,5,sp|Q6PBJ2|CFA20_DANRE Cilia- and flagella-associated protein 20 OS=Danio rerio OX=7955 GN=cfap20 PE=2 SV=1
g23411.t1,sp|Q6GQT9|NOMO1_MOUSE,Mus musculus,32.514,97.0,0.0,577.0,Other non-arthropod,FLAG_REVIEW,4,4,sp|Q6GQT9|NOMO1_MOUSE BOS complex subunit NOMO1 OS=Mus musculus OX=10090 GN=Nomo1 PE=1 SV=1
g23413.t1,sp|Q07160|HSP20_NIPBR,Nippostrongylus brasiliensis,34.375,73.0,1.98e-10,63.5,Other non-arthropod,FLAG_REVIEW,1,1,sp|Q07160|HSP20_NIPBR Heat shock protein homolog OS=Nippostrongylus brasiliensis OX=27835 GN=HSP20 PE=2 SV=1
g23423.t1,sp|Q11000|AMPM_HELVI,Heliothis virescens,56.205,97.0,0.0,1063.0,Other non-arthropod,FLAG_REVIEW,5,5,sp|Q11000|AMPM_HELVI Membrane alanyl aminopeptidase OS=Heliothis virescens OX=7102 PE=1 SV=1
g23424.t1,sp|P15684|AMPN_RAT,Rattus norvegicus,32.609,98.0,2.95e-66,234.0,Other non-arthropod,FLAG_REVIEW,5,5,sp|P15684|AMPN_RAT Aminopeptidase N OS=Rattus norvegicus OX=10116 GN=Anpep PE=1 SV=2
g23425.t1,tr|A0A015J5I9|A0A015J5I9_RHIIW,Rhizophagus irregularis (strain DAOM 197198w),62.366,99.0,2.1900000000000001e-32,125.0,Other non-arthropod,FLAG_REVIEW,5,5,tr|A0A015J5I9|A0A015J5I9_RHIIW Gag-pol fusion protein OS=Rhizophagus irregularis (strain DAOM 197198w) OX=1432141 GN=RirG_273610 PE=4 SV=1
g23428.t1,tr|I3EEZ1|I3EEZ1_NEMP3,Nematocida parisii (strain ERTm3),34.286,81.0,2.73e-09,64.3,Other non-arthropod,FLAG_REVIEW,2,2,tr|I3EEZ1|I3EEZ1_NEMP3 FH2 domain-containing protein OS=Nematocida parisii (strain ERTm3) OX=935791 GN=NEQG_01860 PE=4 SV=1
g23443.t1,sp|P30640|BUD13_CAEEL,Caenorhabditis elegans,36.829,74.0,2.17e-48,180.0,Other non-arthropod,FLAG_REVIEW,5,5,sp|P30640|BUD13_CAEEL BUD13 homolog OS=Caenorhabditis elegans OX=6239 GN=bud-13 PE=3 SV=1
g23445.t1,sp|Q9DE14|ATR_XENLA,Xenopus laevis,38.08,99.0,0.0,617.0,Other non-arthropod,FLAG_REVIEW,5,5,sp|Q9DE14|ATR_XENLA Serine/threonine-protein kinase atr OS=Xenopus laevis OX=8355 GN=atr PE=1 SV=2
g23446.t1,tr|A0A2X0P372|A0A2X0P372_9BASI,Microbotryum silenes-dioicae,39.286,77.0,3.63e-14,75.5,Other non-arthropod,FLAG_REVIEW,4,4,tr|A0A2X0P372|A0A2X0P372_9BASI BQ5605_C003g02060 protein OS=Microbotryum silenes-dioicae OX=796604 GN=BQ5605_C003g02060 PE=4 SV=1
g23448.t1,tr|A0A2N1JDG9|A0A2N1JDG9_9BASI,Malassezia vespertilionis,52.727,74.0,1.43e-09,59.3,Other non-arthropod,FLAG_REVIEW,3,3,tr|A0A2N1JDG9|A0A2N1JDG9_9BASI STAS domain-containing protein OS=Malassezia vespertilionis OX=2020962 GN=MVES_001591 PE=4 SV=1
g23464.t1,sp|Q9W734|SMAD6_CHICK,Gallus gallus,37.273,93.0,2.66e-56,195.0,Other non-arthropod,FLAG_REVIEW,5,5,sp|Q9W734|SMAD6_CHICK SMAD family member 6 OS=Gallus gallus OX=9031 GN=SMAD6 PE=2 SV=1
g23472.t1,sp|P35502|ESTF_MYZPE,Myzus persicae,30.0,94.0,8.610000000000001e-56,203.0,Other non-arthropod,FLAG_REVIEW,1,1,sp|P35502|ESTF_MYZPE Esterase FE4 OS=Myzus persicae OX=13164 PE=1 SV=1
g23473.t1,tr|A0A3E2H2J6|A0A3E2H2J6_SCYLI,Scytalidium lignicola,31.041,89.0,3e-48,182.0,Other non-arthropod,FLAG_REVIEW,1,1,tr|A0A3E2H2J6|A0A3E2H2J6_SCYLI Carboxylic ester hydrolase (Fragment) OS=Scytalidium lignicola OX=5539 GN=B7463_g9126 PE=3 SV=1
g23474.t1,sp|P35502|ESTF_MYZPE,Myzus persicae,30.0,92.0,1.89e-58,211.0,Other non-arthropod,FLAG_REVIEW,1,1,sp|P35502|ESTF_MYZPE Esterase FE4 OS=Myzus persicae OX=13164 PE=1 SV=1
g23481.t1,sp|P13264|GLSK_RAT,Rattus norvegicus,55.577,81.0,0.0,607.0,Other non-arthropod,FLAG_REVIEW,5,5,"sp|P13264|GLSK_RAT Glutaminase kidney isoform, mitochondrial OS=Rattus norvegicus OX=10116 GN=Gls PE=1 SV=2"
g23482.t1,sp|P29981|CP4C1_BLADI,Blaberus discoidalis,40.0,99.0,2.96e-116,358.0,Other non-arthropod,FLAG_REVIEW,5,5,sp|P29981|CP4C1_BLADI Cytochrome P450 4C1 OS=Blaberus discoidalis OX=6981 GN=CYP4C1 PE=2 SV=1
g23483.t1,sp|P29981|CP4C1_BLADI,Blaberus discoidalis,39.484,93.0,1.07e-117,363.0,Other non-arthropod,FLAG_REVIEW,5,5,sp|P29981|CP4C1_BLADI Cytochrome P450 4C1 OS=Blaberus discoidalis OX=6981 GN=CYP4C1 PE=2 SV=1
g23485.t1,sp|Q95X01|MYRO1_BREBR,Brevicoryne brassicae,48.754,82.0,5.43e-96,299.0,Other non-arthropod,FLAG_REVIEW,11,11,sp|Q95X01|MYRO1_BREBR Myrosinase 1 OS=Brevicoryne brassicae OX=69196 PE=1 SV=1
g23486.t1,sp|Q02401|LPH_RAT,Rattus norvegicus,44.203,95.0,1.05e-31,125.0,Other non-arthropod,FLAG_REVIEW,13,13,sp|Q02401|LPH_RAT Lactase/phlorizin hydrolase OS=Rattus norvegicus OX=10116 GN=Lct PE=1 SV=2
g23487.t1,sp|Q1L8J7|YAP1_DANRE,Danio rerio,33.537,93.0,4.5e-37,144.0,Other non-arthropod,FLAG_REVIEW,5,5,sp|Q1L8J7|YAP1_DANRE Transcriptional coactivator YAP1 OS=Danio rerio OX=7955 GN=yap1 PE=2 SV=2
g23500.t1,tr|A0ABR2WPF1|A0ABR2WPF1_9FUNG,Basidiobolus ranarum,72.234,99.0,0.0,736.0,Other non-arthropod,FLAG_REVIEW,5,5,"tr|A0ABR2WPF1|A0ABR2WPF1_9FUNG 6-phosphogluconate dehydrogenase, decarboxylating OS=Basidiobolus ranarum OX=34480 GN=GND1_1 PE=3 SV=1"
g23501.t1,sp|Q6GQT6|SCAP_MOUSE,Mus musculus,31.807,86.0,1.07e-102,362.0,Other non-arthropod,FLAG_REVIEW,2,2,sp|Q6GQT6|SCAP_MOUSE Sterol regulatory element-binding protein cleavage-activating protein OS=Mus musculus OX=10090 GN=Scap PE=1 SV=1
g23503.t1,sp|Q5I0D6|NOSTN_RAT,Rattus norvegicus,56.604,74.0,2.85e-13,80.5,Other non-arthropod,FLAG_REVIEW,4,4,sp|Q5I0D6|NOSTN_RAT Nostrin OS=Rattus norvegicus OX=10116 GN=Nostrin PE=1 SV=1
g23509.t1,tr|A0A015IFI4|A0A015IFI4_RHIIW,Rhizophagus irregularis (strain DAOM 197198w),30.435,99.0,1.28e-09,62.0,Other non-arthropod,FLAG_REVIEW,1,1,tr|A0A015IFI4|A0A015IFI4_RHIIW DDE Tnp4 domain-containing protein OS=Rhizophagus irregularis (strain DAOM 197198w) OX=1432141 GN=RirG_250390 PE=3 SV=1
g23512.t1,sp|Q5EA77|SNX17_BOVIN,Bos taurus,40.161,100.0,1.78e-105,328.0,Other non-arthropod,FLAG_REVIEW,5,5,sp|Q5EA77|SNX17_BOVIN Sorting nexin-17 OS=Bos taurus OX=9913 GN=SNX17 PE=2 SV=1
g23513.t1,sp|Q9D855|QCR7_MOUSE,Mus musculus,52.727,98.0,5.91e-34,120.0,Other non-arthropod,FLAG_REVIEW,5,5,sp|Q9D855|QCR7_MOUSE Cytochrome b-c1 complex subunit 7 OS=Mus musculus OX=10090 GN=Uqcrb PE=1 SV=3
g23518.t1,sp|P53356|HTK16_HYDVU,Hydra vulgaris,40.51,91.0,0.0,568.0,Other non-arthropod,FLAG_REVIEW,5,5,sp|P53356|HTK16_HYDVU Tyrosine-protein kinase HTK16 OS=Hydra vulgaris OX=6087 GN=HTK16 PE=2 SV=1
g23519.t1,sp|O94991|SLIK5_HUMAN,Homo sapiens,31.163,70.0,2.71e-15,85.9,Other non-arthropod,FLAG_REVIEW,1,1,sp|O94991|SLIK5_HUMAN SLIT and NTRK-like protein 5 OS=Homo sapiens OX=9606 GN=SLITRK5 PE=1 SV=2
g23520.t1,sp|Q80U95|UBE3C_MOUSE,Mus musculus,38.554,99.0,0.0,672.0,Other non-arthropod,FLAG_REVIEW,2,2,sp|Q80U95|UBE3C_MOUSE Ubiquitin-protein ligase E3C OS=Mus musculus OX=10090 GN=Ube3c PE=1 SV=2
g23523.t1,sp|P83871|PHF5A_RAT,Rattus norvegicus,96.33,99.0,3.91e-72,216.0,Other non-arthropod,FLAG_REVIEW,5,5,sp|P83871|PHF5A_RAT PHD finger-like domain-containing protein 5A OS=Rattus norvegicus OX=10116 GN=Phf5a PE=2 SV=1
g23524.t1,tr|A0A0L0SEE3|A0A0L0SEE3_ALLM3,Allomyces macrogynus (strain ATCC 38327),46.279,72.0,2.8000000000000003e-109,348.0,Other non-arthropod,FLAG_REVIEW,2,2,tr|A0A0L0SEE3|A0A0L0SEE3_ALLM3 Kinesin-like protein OS=Allomyces macrogynus (strain ATCC 38327) OX=578462 GN=AMAG_06617 PE=3 SV=1
g23531.t1,sp|C0HKT4|DIH41_AGRIP,Agrotis ipsilon,66.667,75.0,4.07e-14,71.6,Other non-arthropod,FLAG_REVIEW,2,2,sp|C0HKT4|DIH41_AGRIP Diuretic hormone 41 OS=Agrotis ipsilon OX=56364 PE=1 SV=1
g23539.t1,sp|Q7ZUP1|TET5C_DANRE,Danio rerio,53.826,85.0,6.33e-137,404.0,Other non-arthropod,FLAG_REVIEW,5,5,sp|Q7ZUP1|TET5C_DANRE Terminal nucleotidyltransferase 5C OS=Danio rerio OX=7955 GN=tent5c PE=2 SV=1
g23541.t1,sp|Q99N23|CAH15_MOUSE,Mus musculus,35.517,87.0,1.67e-43,158.0,Other non-arthropod,FLAG_REVIEW,5,5,sp|Q99N23|CAH15_MOUSE Carbonic anhydrase 15 OS=Mus musculus OX=10090 GN=Ca15 PE=1 SV=1
g23542.t1,sp|Q6DF30|DHDH_XENTR,Xenopus tropicalis,44.073,94.0,8.3e-91,281.0,Other non-arthropod,FLAG_REVIEW,5,5,"sp|Q6DF30|DHDH_XENTR Trans-1,2-dihydrobenzene-1,2-diol dehydrogenase OS=Xenopus tropicalis OX=8364 GN=dhdh PE=2 SV=1"
g23543.t1,sp|Q642M9|DHDH_DANRE,Danio rerio,42.604,90.0,2.25e-90,281.0,Other non-arthropod,FLAG_REVIEW,5,5,"sp|Q642M9|DHDH_DANRE Trans-1,2-dihydrobenzene-1,2-diol dehydrogenase OS=Danio rerio OX=7955 GN=dhdh PE=2 SV=2"
g23550.t1,sp|Q9CQM5|TXD17_MOUSE,Mus musculus,42.063,99.0,5.47e-27,103.0,Other non-arthropod,FLAG_REVIEW,5,5,sp|Q9CQM5|TXD17_MOUSE Thioredoxin domain-containing protein 17 OS=Mus musculus OX=10090 GN=Txndc17 PE=1 SV=1
g23552.t1,sp|Q54GD8|PX24C_DICDI,Dictyostelium discoideum,34.409,96.0,1.1799999999999999e-23,99.0,Other non-arthropod,FLAG_REVIEW,5,5,sp|Q54GD8|PX24C_DICDI PXMP2/4 family protein 3 OS=Dictyostelium discoideum OX=44689 GN=DDB_G0290223 PE=3 SV=1
g23557.t1,sp|Q8K339|KIN17_MOUSE,Mus musculus,55.0,97.0,1.92e-93,286.0,Other non-arthropod,FLAG_REVIEW,5,5,sp|Q8K339|KIN17_MOUSE DNA/RNA-binding protein KIN17 OS=Mus musculus OX=10090 GN=Kin PE=1 SV=1
g23563.t1,sp|Q9QZU7|BODG_RAT,Rattus norvegicus,30.601,88.0,2.45e-63,215.0,Other non-arthropod,FLAG_REVIEW,3,3,sp|Q9QZU7|BODG_RAT Gamma-butyrobetaine dioxygenase OS=Rattus norvegicus OX=10116 GN=Bbox1 PE=1 SV=1
g23565.t1,sp|A0A8I6GM68|HDAC6_RAT,Rattus norvegicus,40.95,96.0,2.07e-147,464.0,Other non-arthropod,FLAG_REVIEW,5,5,sp|A0A8I6GM68|HDAC6_RAT Protein deacetylase HDAC6 OS=Rattus norvegicus OX=10116 GN=Hdac6 PE=3 SV=1
g23567.t1,sp|Q5RF14|MIPEP_PONAB,Pongo abelii,49.329,78.0,0.0,661.0,Other non-arthropod,FLAG_REVIEW,5,5,sp|Q5RF14|MIPEP_PONAB Mitochondrial intermediate peptidase OS=Pongo abelii OX=9601 GN=MIPEP PE=2 SV=1
g23568.t1,sp|A2A432|CUL4B_MOUSE,Mus musculus,65.85,93.0,0.0,965.0,Other non-arthropod,FLAG_REVIEW,5,5,sp|A2A432|CUL4B_MOUSE Cullin-4B OS=Mus musculus OX=10090 GN=Cul4b PE=1 SV=1
g23571.t1,tr|A0A9W9U4L7|A0A9W9U4L7_9EURO,Penicillium atrosanguineum,31.25,98.0,1.83e-33,144.0,Fungal,FLAG_POSSIBLE_CONTAMINATION,11,11,tr|A0A9W9U4L7|A0A9W9U4L7_9EURO Pentapeptide repeat-containing protein OS=Penicillium atrosanguineum OX=1132637 GN=N7476_006558 PE=4 SV=1
g23574.t1,tr|A0A8H7V5Q5|A0A8H7V5Q5_9FUNG,Circinella minor,32.039,80.0,2.56e-06,52.4,Other non-arthropod,FLAG_REVIEW,1,1,tr|A0A8H7V5Q5|A0A8H7V5Q5_9FUNG BED-type domain-containing protein (Fragment) OS=Circinella minor OX=1195481 GN=INT45_009003 PE=4 SV=1
g23578.t1,sp|Q3KRG3|TSR2_DANRE,Danio rerio,31.461,96.0,5.64e-10,62.8,Other non-arthropod,FLAG_REVIEW,1,1,sp|Q3KRG3|TSR2_DANRE Pre-rRNA-processing protein TSR2 homolog OS=Danio rerio OX=7955 GN=tsr2 PE=2 SV=1
g23590.t1,tr|A0A2Z6QS13|A0A2Z6QS13_9GLOM,Rhizophagus clarus,36.638,99.0,3.1900000000000003e-86,289.0,Other non-arthropod,FLAG_REVIEW,5,5,tr|A0A2Z6QS13|A0A2Z6QS13_9GLOM DNA-directed DNA polymerase OS=Rhizophagus clarus OX=94130 GN=RclHR1_21380003 PE=4 SV=1
g23592.t1,sp|P26305|LPSBP_PERAM,Periplaneta americana,37.795,87.0,7.700000000000001e-21,96.7,Other non-arthropod,FLAG_REVIEW,1,1,sp|P26305|LPSBP_PERAM Hemolymph lipopolysaccharide-binding protein OS=Periplaneta americana OX=6978 PE=1 SV=1
g23596.t1,sp|Q1A7B3|TNNC1_BLAGE,Blattella germanica,82.667,98.0,2.28e-82,245.0,Other non-arthropod,FLAG_REVIEW,5,5,"sp|Q1A7B3|TNNC1_BLAGE Troponin C, isoallergen Bla g 6.0101 OS=Blattella germanica OX=6973 PE=1 SV=1"
g23598.t1,sp|Q1A7B3|TNNC1_BLAGE,Blattella germanica,69.935,100.0,4.17e-69,212.0,Other non-arthropod,FLAG_REVIEW,5,5,"sp|Q1A7B3|TNNC1_BLAGE Troponin C, isoallergen Bla g 6.0101 OS=Blattella germanica OX=6973 PE=1 SV=1"
g23599.t1,tr|A0ABN7XG25|A0ABN7XG25_GIGMA,Gigaspora margarita,39.815,97.0,2.39e-08,56.6,Other non-arthropod,FLAG_REVIEW,1,1,tr|A0ABN7XG25|A0ABN7XG25_GIGMA 26759_t:CDS:1 (Fragment) OS=Gigaspora margarita OX=4874 GN=GMARGA_LOCUS42526 PE=4 SV=1
g23602.t1,sp|Q8MUG0|GPL_GLOFF,Glossina fuscipes fuscipes,32.226,91.0,2.52e-32,127.0,Other non-arthropod,FLAG_REVIEW,5,5,sp|Q8MUG0|GPL_GLOFF Lectizyme OS=Glossina fuscipes fuscipes OX=201502 GN=Gpl PE=2 SV=1
g23611.t3,sp|Q9Y4E6|WDR7_HUMAN,Homo sapiens,44.73,92.0,0.0,629.0,Other non-arthropod,FLAG_REVIEW,5,5,sp|Q9Y4E6|WDR7_HUMAN WD repeat-containing protein 7 OS=Homo sapiens OX=9606 GN=WDR7 PE=1 SV=2
g23612.t1,sp|P85195|CU01_LONON,Lonomia obliqua,55.758,100.0,4.63e-18,83.2,Other non-arthropod,FLAG_REVIEW,1,1,sp|P85195|CU01_LONON Cuticle protein 1 OS=Lonomia obliqua OX=304329 PE=1 SV=2
g23616.t1,sp|Q9Y4E6|WDR7_HUMAN,Homo sapiens,39.503,92.0,4.88e-50,186.0,Other non-arthropod,FLAG_REVIEW,3,3,sp|Q9Y4E6|WDR7_HUMAN WD repeat-containing protein 7 OS=Homo sapiens OX=9606 GN=WDR7 PE=1 SV=2
g23627.t1,tr|A0A1X2GJY8|A0A1X2GJY8_9FUNG,Hesseltinella vesiculosa,54.182,99.0,3.97e-94,305.0,Other non-arthropod,FLAG_REVIEW,5,5,tr|A0A1X2GJY8|A0A1X2GJY8_9FUNG Mitochondrial presequence protease OS=Hesseltinella vesiculosa OX=101127 GN=DM01DRAFT_1335062 PE=4 SV=1
g23630.t1,tr|A0A1Y2BH64|A0A1Y2BH64_9FUNG,Rhizoclosmatium globosum,30.754,75.0,1.2e-49,189.0,Other non-arthropod,FLAG_REVIEW,4,4,tr|A0A1Y2BH64|A0A1Y2BH64_9FUNG WD40 repeat-like protein (Fragment) OS=Rhizoclosmatium globosum OX=329046 GN=BCR33DRAFT_665138 PE=3 SV=1
g23635.t1,sp|P52187|KCJ12_MOUSE,Mus musculus,43.235,87.0,1.02e-88,281.0,Other non-arthropod,FLAG_REVIEW,5,5,sp|P52187|KCJ12_MOUSE ATP-sensitive inward rectifier potassium channel 12 OS=Mus musculus OX=10090 GN=Kcnj12 PE=2 SV=2
g23653.t1,tr|A0A015J5I9|A0A015J5I9_RHIIW,Rhizophagus irregularis (strain DAOM 197198w),55.513,93.0,3.19e-81,281.0,Other non-arthropod,FLAG_REVIEW,3,3,tr|A0A015J5I9|A0A015J5I9_RHIIW Gag-pol fusion protein OS=Rhizophagus irregularis (strain DAOM 197198w) OX=1432141 GN=RirG_273610 PE=4 SV=1
g23666.t1,sp|O35083|PLCA_MOUSE,Mus musculus,39.013,95.0,2.15e-56,187.0,Other non-arthropod,FLAG_REVIEW,5,5,sp|O35083|PLCA_MOUSE 1-acyl-sn-glycerol-3-phosphate acyltransferase alpha OS=Mus musculus OX=10090 GN=Agpat1 PE=1 SV=1
g23669.t1,sp|P0CB85|NDUB8_PONAB,Pongo abelii,43.846,74.0,6.76e-23,96.3,Other non-arthropod,FLAG_REVIEW,5,5,"sp|P0CB85|NDUB8_PONAB NADH dehydrogenase [ubiquinone] 1 beta subcomplex subunit 8, mitochondrial OS=Pongo abelii OX=9601 GN=NDUFB8 PE=2 SV=1"
g23670.t1,sp|P0CG23|ZN853_HUMAN,Homo sapiens,33.981,81.0,3.65e-17,83.6,Other non-arthropod,FLAG_REVIEW,10,10,sp|P0CG23|ZN853_HUMAN Zinc finger protein 853 OS=Homo sapiens OX=9606 GN=ZNF853 PE=1 SV=1
g23673.t1,sp|Q9ER41|TOR1B_MOUSE,Mus musculus,37.544,86.0,4.18e-60,202.0,Other non-arthropod,FLAG_REVIEW,5,5,sp|Q9ER41|TOR1B_MOUSE Torsin-1B OS=Mus musculus OX=10090 GN=Tor1b PE=1 SV=2
g23676.t1,tr|A0A507D8P3|A0A507D8P3_9FUNG,Synchytrium endobioticum,31.731,77.0,4.6e-16,85.1,Other non-arthropod,FLAG_REVIEW,1,1,tr|A0A507D8P3|A0A507D8P3_9FUNG ATP-dependent DNA helicase OS=Synchytrium endobioticum OX=286115 GN=SeMB42_g03156 PE=3 SV=1
g23681.t2,sp|Q6PFM4|LNPB_DANRE,Danio rerio,35.946,98.0,1.89e-57,197.0,Other non-arthropod,FLAG_REVIEW,5,5,sp|Q6PFM4|LNPB_DANRE Endoplasmic reticulum junction formation protein lunapark-B OS=Danio rerio OX=7955 GN=lnpkb PE=2 SV=2
g23682.t1,sp|Q4G0N4|NADK2_HUMAN,Homo sapiens,35.309,88.0,3.36e-70,235.0,Other non-arthropod,FLAG_REVIEW,4,4,"sp|Q4G0N4|NADK2_HUMAN NAD kinase 2, mitochondrial OS=Homo sapiens OX=9606 GN=NADK2 PE=1 SV=2"
g23689.t1,sp|Q6AZB8|HARB1_DANRE,Danio rerio,30.422,99.0,2.8400000000000004e-35,137.0,Other non-arthropod,FLAG_REVIEW,5,5,sp|Q6AZB8|HARB1_DANRE Putative nuclease HARBI1 OS=Danio rerio OX=7955 GN=harbi1 PE=2 SV=1
g23694.t1,sp|Q8CEE7|RDH13_MOUSE,Mus musculus,40.952,98.0,1.28e-57,194.0,Other non-arthropod,FLAG_REVIEW,4,4,sp|Q8CEE7|RDH13_MOUSE Retinol dehydrogenase 13 OS=Mus musculus OX=10090 GN=Rdh13 PE=1 SV=1
g23695.t1,sp|Q5ZL98|RPC1_CHICK,Gallus gallus,62.796,99.0,0.0,1805.0,Other non-arthropod,FLAG_REVIEW,5,5,sp|Q5ZL98|RPC1_CHICK DNA-directed RNA polymerase III subunit RPC1 OS=Gallus gallus OX=9031 GN=POLR3A PE=2 SV=1
g23696.t1,sp|O88379|BAZ1A_MOUSE,Mus musculus,30.53,88.0,3.45e-136,467.0,Other non-arthropod,FLAG_REVIEW,4,4,sp|O88379|BAZ1A_MOUSE Bromodomain adjacent to zinc finger domain protein 1A OS=Mus musculus OX=10090 GN=Baz1a PE=1 SV=3
g23701.t1,sp|Q9Y259|CHKB_HUMAN,Homo sapiens,38.4,93.0,2.05e-49,174.0,Other non-arthropod,FLAG_REVIEW,5,5,sp|Q9Y259|CHKB_HUMAN Choline/ethanolamine kinase OS=Homo sapiens OX=9606 GN=CHKB PE=1 SV=3
g23708.t1,sp|Q16825|PTN21_HUMAN,Homo sapiens,31.25,94.0,7.11e-29,121.0,Other non-arthropod,FLAG_REVIEW,5,5,sp|Q16825|PTN21_HUMAN Tyrosine-protein phosphatase non-receptor type 21 OS=Homo sapiens OX=9606 GN=PTPN21 PE=1 SV=2
g23712.t1,sp|Q0VD19|ASM_BOVIN,Bos taurus,31.271,86.0,1.21e-71,250.0,Other non-arthropod,FLAG_REVIEW,3,3,sp|Q0VD19|ASM_BOVIN Sphingomyelin phosphodiesterase OS=Bos taurus OX=9913 GN=SMPD1 PE=2 SV=1
g23716.t1,sp|Q7ZVX6|UBA3_DANRE,Danio rerio,62.136,95.0,0.0,553.0,Other non-arthropod,FLAG_REVIEW,5,5,sp|Q7ZVX6|UBA3_DANRE NEDD8-activating enzyme E1 catalytic subunit OS=Danio rerio OX=7955 GN=uba3 PE=2 SV=1
g23720.t1,sp|Q5FW12|TIPRL_XENTR,Xenopus tropicalis,43.13,93.0,2.13e-65,211.0,Other non-arthropod,FLAG_REVIEW,5,5,sp|Q5FW12|TIPRL_XENTR TIP41-like protein OS=Xenopus tropicalis OX=8364 GN=tiprl PE=2 SV=1
g23721.t2,sp|O00429|DNM1L_HUMAN,Homo sapiens,64.992,89.0,0.0,838.0,Other non-arthropod,FLAG_REVIEW,10,10,sp|O00429|DNM1L_HUMAN Dynamin-1-like protein OS=Homo sapiens OX=9606 GN=DNM1L PE=1 SV=2
g23725.t1,sp|P97449|AMPN_MOUSE,Mus musculus,46.599,94.0,1.2899999999999999e-82,274.0,Other non-arthropod,FLAG_REVIEW,5,5,sp|P97449|AMPN_MOUSE Aminopeptidase N OS=Mus musculus OX=10090 GN=Anpep PE=1 SV=4
g23734.t1,sp|A0A291PQF1|UGT5_DACCO,Dactylopius coccus,30.948,97.0,2.3599999999999997e-68,235.0,Other non-arthropod,FLAG_REVIEW,1,1,sp|A0A291PQF1|UGT5_DACCO UDP-glycosyltransferase UGT5 OS=Dactylopius coccus OX=765876 GN=UGT5 PE=1 SV=1
g23735.t1,sp|A0A291PQF1|UGT5_DACCO,Dactylopius coccus,32.0,88.0,1.7700000000000002e-58,207.0,Other non-arthropod,FLAG_REVIEW,2,2,sp|A0A291PQF1|UGT5_DACCO UDP-glycosyltransferase UGT5 OS=Dactylopius coccus OX=765876 GN=UGT5 PE=1 SV=1
g23736.t1,sp|A0A291PQH4|UGT2_DACCO,Dactylopius coccus,30.862,96.0,3.14e-75,253.0,Other non-arthropod,FLAG_REVIEW,2,2,sp|A0A291PQH4|UGT2_DACCO UDP-glucosyltransferase 2 OS=Dactylopius coccus OX=765876 GN=UTG2 PE=1 SV=1
g23738.t1,sp|A0A291PQH4|UGT2_DACCO,Dactylopius coccus,36.667,72.0,7.099999999999999e-52,186.0,Other non-arthropod,FLAG_REVIEW,4,4,sp|A0A291PQH4|UGT2_DACCO UDP-glucosyltransferase 2 OS=Dactylopius coccus OX=765876 GN=UTG2 PE=1 SV=1
g23742.t1,sp|Q5F3L1|KS6A5_CHICK,Gallus gallus,77.922,72.0,1.63e-78,256.0,Other non-arthropod,FLAG_REVIEW,5,5,sp|Q5F3L1|KS6A5_CHICK Ribosomal protein S6 kinase alpha-5 OS=Gallus gallus OX=9031 GN=RPS6KA5 PE=2 SV=1
g23744.t1,sp|Q27288|OBP2_HELVI,Heliothis virescens,75.159,95.0,3.61e-82,246.0,Other non-arthropod,FLAG_REVIEW,5,5,sp|Q27288|OBP2_HELVI General odorant-binding protein 2 OS=Heliothis virescens OX=7102 PE=2 SV=1
g23747.t1,sp|A1L258|D2HDH_DANRE,Danio rerio,55.65,99.0,6.64e-145,427.0,Other non-arthropod,FLAG_REVIEW,5,5,"sp|A1L258|D2HDH_DANRE D-2-hydroxyglutarate dehydrogenase, mitochondrial OS=Danio rerio OX=7955 GN=d2hgdh PE=2 SV=1"
g23751.t1,sp|P67963|KC1A_XENLA,Xenopus laevis,80.707,76.0,0.0,556.0,Other non-arthropod,FLAG_REVIEW,5,5,sp|P67963|KC1A_XENLA Casein kinase I isoform alpha OS=Xenopus laevis OX=8355 GN=csnk1a1 PE=1 SV=1
g23756.t2,sp|Q05512|MARK2_MOUSE,Mus musculus,53.118,97.0,0.0,769.0,Other non-arthropod,FLAG_REVIEW,4,4,sp|Q05512|MARK2_MOUSE Serine/threonine-protein kinase MARK2 OS=Mus musculus OX=10090 GN=Mark2 PE=1 SV=3
g23767.t1,sp|C6EUD4|APSCT_FASHE,Fasciola hepatica,49.246,94.0,1.94e-56,192.0,Other non-arthropod,FLAG_REVIEW,5,5,sp|C6EUD4|APSCT_FASHE Succinyl-CoA:acetate/propanoyl-CoA:succinate CoA transferase OS=Fasciola hepatica OX=6192 PE=1 SV=1
g23768.t1,tr|A0ACH0HH47|A0ACH0HH47_9GLOM,Rhizophagus irregularis,42.169,99.0,7.649999999999999e-34,131.0,Other non-arthropod,FLAG_REVIEW,65,65,tr|A0ACH0HH47|A0ACH0HH47_9GLOM Uncharacterized protein OS=Rhizophagus irregularis OX=588596 GN=OCT59_017868 PE=4 SV=1
g23772.t1,sp|Q9H1A4|APC1_HUMAN,Homo sapiens,33.565,88.0,0.0,935.0,Other non-arthropod,FLAG_REVIEW,2,2,sp|Q9H1A4|APC1_HUMAN Anaphase-promoting complex subunit 1 OS=Homo sapiens OX=9606 GN=ANAPC1 PE=1 SV=1
g23778.t1,sp|A0A8B0RBM2|ACES_BOMIG,Bombus ignitus,31.74,89.0,8.07e-64,225.0,Other non-arthropod,FLAG_REVIEW,4,4,sp|A0A8B0RBM2|ACES_BOMIG Carboxylic ester hydrolase OS=Bombus ignitus OX=130704 GN=vCaE PE=1 SV=1
g23781.t1,tr|A0A9N8UZ89|A0A9N8UZ89_9GLOM,Ambispora gerdemannii,38.76,80.0,1.06e-23,98.2,Other non-arthropod,FLAG_REVIEW,5,5,tr|A0A9N8UZ89|A0A9N8UZ89_9GLOM 9604_t:CDS:1 OS=Ambispora gerdemannii OX=144530 GN=AGERDE_LOCUS257 PE=3 SV=1
g23783.t1,sp|Q5HZT0|DXO_XENLA,Xenopus laevis,30.651,98.0,3.61e-33,131.0,Other non-arthropod,FLAG_REVIEW,2,2,sp|Q5HZT0|DXO_XENLA Decapping and exoribonuclease protein OS=Xenopus laevis OX=8355 GN=dxo PE=2 SV=1
g23784.t1,sp|F1M3J4|MRP4_RAT,Rattus norvegicus,41.354,98.0,0.0,1028.0,Other non-arthropod,FLAG_REVIEW,5,5,sp|F1M3J4|MRP4_RAT ATP-binding cassette subfamily C member 4 OS=Rattus norvegicus OX=10116 GN=Abcc4 PE=1 SV=3
g23787.t1,sp|F1M3J4|MRP4_RAT,Rattus norvegicus,40.862,99.0,0.0,961.0,Other non-arthropod,FLAG_REVIEW,5,5,sp|F1M3J4|MRP4_RAT ATP-binding cassette subfamily C member 4 OS=Rattus norvegicus OX=10116 GN=Abcc4 PE=1 SV=3
g23788.t1,sp|F1M3J4|MRP4_RAT,Rattus norvegicus,42.025,97.0,0.0,885.0,Other non-arthropod,FLAG_REVIEW,7,7,sp|F1M3J4|MRP4_RAT ATP-binding cassette subfamily C member 4 OS=Rattus norvegicus OX=10116 GN=Abcc4 PE=1 SV=3
g23789.t1,sp|E9Q236|MRP4_MOUSE,Mus musculus,40.489,97.0,0.0,980.0,Other non-arthropod,FLAG_REVIEW,5,5,sp|E9Q236|MRP4_MOUSE ATP-binding cassette sub-family C member 4 OS=Mus musculus OX=10090 GN=Abcc4 PE=1 SV=1
g23790.t2,sp|E9Q236|MRP4_MOUSE,Mus musculus,35.644,99.0,0.0,799.0,Other non-arthropod,FLAG_REVIEW,5,5,sp|E9Q236|MRP4_MOUSE ATP-binding cassette sub-family C member 4 OS=Mus musculus OX=10090 GN=Abcc4 PE=1 SV=1
g23791.t1,tr|A0A8H7QTM9|A0A8H7QTM9_9FUNG,Mucor saturninus,34.932,90.0,9.12e-14,72.8,Fungal,FLAG_POSSIBLE_CONTAMINATION,2,2,tr|A0A8H7QTM9|A0A8H7QTM9_9FUNG DUF6570 domain-containing protein OS=Mucor saturninus OX=64648 GN=INT47_000393 PE=4 SV=1
g23794.t1,sp|Q6ZMP0|THSD4_HUMAN,Homo sapiens,31.214,85.0,2.15e-08,65.9,Other non-arthropod,FLAG_REVIEW,1,1,sp|Q6ZMP0|THSD4_HUMAN Thrombospondin type-1 domain-containing protein 4 OS=Homo sapiens OX=9606 GN=THSD4 PE=1 SV=2
g23796.t1,sp|Q4R8Y8|RU2A_MACFA,Macaca fascicularis,61.088,92.0,2.5799999999999998e-101,301.0,Other non-arthropod,FLAG_REVIEW,5,5,sp|Q4R8Y8|RU2A_MACFA U2 small nuclear ribonucleoprotein A' OS=Macaca fascicularis OX=9541 GN=SNRPA1 PE=2 SV=1
g23797.t1,sp|D3ZGQ5|NEK8_RAT,Rattus norvegicus,43.071,85.0,1.45e-69,235.0,Other non-arthropod,FLAG_REVIEW,5,5,sp|D3ZGQ5|NEK8_RAT Serine/threonine-protein kinase Nek8 OS=Rattus norvegicus OX=10116 GN=Nek8 PE=1 SV=1
g23798.t1,sp|P90789|NDUB7_CAEEL,Caenorhabditis elegans,37.719,94.0,1.23e-18,82.0,Other non-arthropod,FLAG_REVIEW,5,5,sp|P90789|NDUB7_CAEEL NADH dehydrogenase [ubiquinone] 1 beta subcomplex subunit 7 OS=Caenorhabditis elegans OX=6239 GN=ndub-7 PE=3 SV=1
g23801.t1,sp|Q91YP3|DEOC_MOUSE,Mus musculus,57.047,96.0,6.32e-113,335.0,Other non-arthropod,FLAG_REVIEW,5,5,sp|Q91YP3|DEOC_MOUSE Deoxyribose-phosphate aldolase OS=Mus musculus OX=10090 GN=Dera PE=1 SV=1
g23806.t1,tr|A0A8H7S1W3|A0A8H7S1W3_9FUNG,Circinella minor,30.017,95.0,1.94e-75,270.0,Other non-arthropod,FLAG_REVIEW,2,2,tr|A0A8H7S1W3|A0A8H7S1W3_9FUNG ATP-dependent DNA helicase OS=Circinella minor OX=1195481 GN=INT45_008768 PE=3 SV=1
g23811.t2,sp|P35604|COPZ1_BOVIN,Bos taurus,66.292,100.0,4.3400000000000003e-85,254.0,Other non-arthropod,FLAG_REVIEW,5,5,sp|P35604|COPZ1_BOVIN Coatomer subunit zeta-1 OS=Bos taurus OX=9913 GN=COPZ1 PE=1 SV=2
g23812.t1,sp|Q08C33|ISOC1_DANRE,Danio rerio,49.162,84.0,2.24e-61,199.0,Other non-arthropod,FLAG_REVIEW,5,5,sp|Q08C33|ISOC1_DANRE Isochorismatase domain-containing protein 1 OS=Danio rerio OX=7955 GN=isoc1 PE=2 SV=1
g23824.t1,sp|O17185|SUP9_CAEEL,Caenorhabditis elegans,46.78,86.0,7.34e-81,253.0,Other non-arthropod,FLAG_REVIEW,5,5,sp|O17185|SUP9_CAEEL Two pore potassium channel protein sup-9 OS=Caenorhabditis elegans OX=6239 GN=sup-9 PE=1 SV=2
g23825.t1,sp|Q96DM1|PGBD4_HUMAN,Homo sapiens,30.224,84.0,2.8e-53,198.0,Other non-arthropod,FLAG_REVIEW,1,1,sp|Q96DM1|PGBD4_HUMAN PiggyBac transposable element-derived protein 4 OS=Homo sapiens OX=9606 GN=PGBD4 PE=1 SV=3
g23829.t1,sp|P31421|GRM2_RAT,Rattus norvegicus,44.985,95.0,3.66e-84,279.0,Other non-arthropod,FLAG_REVIEW,5,5,sp|P31421|GRM2_RAT Metabotropic glutamate receptor 2 OS=Rattus norvegicus OX=10116 GN=Grm2 PE=1 SV=1
g23832.t1,sp|O95631|NET1_HUMAN,Homo sapiens,55.118,98.0,5.56e-88,279.0,Other non-arthropod,FLAG_REVIEW,5,5,sp|O95631|NET1_HUMAN Netrin-1 OS=Homo sapiens OX=9606 GN=NTN1 PE=1 SV=2
g23843.t1,sp|Q9Y6N1|COX11_HUMAN,Homo sapiens,65.789,81.0,5.459999999999999e-89,270.0,Other non-arthropod,FLAG_REVIEW,5,5,"sp|Q9Y6N1|COX11_HUMAN Cytochrome c oxidase assembly protein COX11, mitochondrial OS=Homo sapiens OX=9606 GN=COX11 PE=1 SV=3"
g23844.t1,sp|A6H782|TEKT3_BOVIN,Bos taurus,40.749,91.0,8.66e-115,354.0,Other non-arthropod,FLAG_REVIEW,5,5,sp|A6H782|TEKT3_BOVIN Tektin-3 OS=Bos taurus OX=9913 GN=TEKT3 PE=1 SV=1
g23846.t1,sp|P56213|ALR_MOUSE,Mus musculus,54.902,96.0,8.64e-56,180.0,Other non-arthropod,FLAG_REVIEW,5,5,sp|P56213|ALR_MOUSE FAD-linked sulfhydryl oxidase ALR OS=Mus musculus OX=10090 GN=Gfer PE=1 SV=2
g23849.t1,tr|A0A165PZB1|A0A165PZB1_EXIGL,Exidia glandulosa HHB12029,58.75,98.0,3.2600000000000003e-32,114.0,Other non-arthropod,FLAG_REVIEW,5,5,tr|A0A165PZB1|A0A165PZB1_EXIGL Cytochrome c oxidase subunit OS=Exidia glandulosa HHB12029 OX=1314781 GN=EXIGLDRAFT_759579 PE=3 SV=1
g23850.t1,tr|A0ACF2F4Z4|A0ACF2F4Z4_SCHCO,Schizophyllum commune Tattone D,54.167,95.0,2.04e-22,88.6,Other non-arthropod,FLAG_REVIEW,5,5,"tr|A0ACF2F4Z4|A0ACF2F4Z4_SCHCO Cytochrome c oxidase, subunit VIb OS=Schizophyllum commune Tattone D OX=1314663 GN=K523DRAFT_414977 PE=4 SV=1"
g23857.t1,sp|Q5RBM6|BUP1_PONAB,Pongo abelii,59.318,98.0,1.45e-178,508.0,Other non-arthropod,FLAG_REVIEW,5,5,sp|Q5RBM6|BUP1_PONAB Beta-ureidopropionase OS=Pongo abelii OX=9601 GN=UPB1 PE=2 SV=1
g23859.t1,sp|Q9D9S3|RWD2A_MOUSE,Mus musculus,31.159,80.0,2.35e-12,70.5,Other non-arthropod,FLAG_REVIEW,2,2,sp|Q9D9S3|RWD2A_MOUSE RWD domain-containing protein 2A OS=Mus musculus OX=10090 GN=Rwdd2a PE=1 SV=1
g23862.t1,sp|Q23551|UNC22_CAEEL,Caenorhabditis elegans,41.016,99.0,0.0,1040.0,Other non-arthropod,FLAG_REVIEW,98,98,sp|Q23551|UNC22_CAEEL Twitchin OS=Caenorhabditis elegans OX=6239 GN=unc-22 PE=1 SV=3
g23863.t1,sp|Q9Z110|P5CS_MOUSE,Mus musculus,58.345,93.0,0.0,852.0,Other non-arthropod,FLAG_REVIEW,5,5,sp|Q9Z110|P5CS_MOUSE Delta-1-pyrroline-5-carboxylate synthase OS=Mus musculus OX=10090 GN=Aldh18a1 PE=1 SV=2
g23864.t1,sp|Q61555|FBN2_MOUSE,Mus musculus,42.408,90.0,1.15e-159,538.0,Other non-arthropod,FLAG_REVIEW,156,156,sp|Q61555|FBN2_MOUSE Fibrillin-2 OS=Mus musculus OX=10090 GN=Fbn2 PE=1 SV=2
g23866.t1,sp|Q8VEM8|S25A3_MOUSE,Mus musculus,58.966,94.0,9.76e-125,367.0,Other non-arthropod,FLAG_REVIEW,5,5,sp|Q8VEM8|S25A3_MOUSE Solute carrier family 25 member 3 OS=Mus musculus OX=10090 GN=Slc25a3 PE=1 SV=1
g23869.t1,tr|A0A507C2S1|A0A507C2S1_9FUNG,Synchytrium endobioticum,33.813,86.0,3.69e-13,72.0,Other non-arthropod,FLAG_REVIEW,3,3,tr|A0A507C2S1|A0A507C2S1_9FUNG Radial spoke head protein 9 homolog OS=Synchytrium endobioticum OX=286115 GN=SeMB42_g07443 PE=3 SV=1
g23872.t1,sp|Q5RKQ0|SPF27_DANRE,Danio rerio,54.369,84.0,1.83e-64,206.0,Other non-arthropod,FLAG_REVIEW,5,5,sp|Q5RKQ0|SPF27_DANRE Pre-mRNA-splicing factor SPF27 OS=Danio rerio OX=7955 GN=bcas2 PE=2 SV=1
g23873.t1,sp|Q9CR27|WASC3_MOUSE,Mus musculus,39.877,91.0,1.19e-30,116.0,Other non-arthropod,FLAG_REVIEW,5,5,sp|Q9CR27|WASC3_MOUSE WASH complex subunit 3 OS=Mus musculus OX=10090 GN=Washc3 PE=1 SV=1
g23874.t1,sp|Q9NB33|RL44_OCHTR,Ochlerotatus triseriatus,85.577,100.0,7.970000000000001e-59,182.0,Other non-arthropod,FLAG_REVIEW,5,5,sp|Q9NB33|RL44_OCHTR Large ribosomal subunit protein eL42 OS=Ochlerotatus triseriatus OX=7162 GN=RpL44 PE=3 SV=3
g23875.t1,sp|Q5R1S9|CAF1B_CHICK,Gallus gallus,40.685,78.0,8.71e-112,351.0,Other non-arthropod,FLAG_REVIEW,2,2,sp|Q5R1S9|CAF1B_CHICK Chromatin assembly factor 1 subunit B OS=Gallus gallus OX=9031 GN=CHAF1B PE=1 SV=1
g23876.t1,sp|Q9Y5L0|TNPO3_HUMAN,Homo sapiens,34.911,99.0,9.03e-17,84.0,Other non-arthropod,FLAG_REVIEW,2,2,sp|Q9Y5L0|TNPO3_HUMAN Transportin-3 OS=Homo sapiens OX=9606 GN=TNPO3 PE=1 SV=3
g23877.t1,sp|Q9BGZ0|VP13A_MACFA,Macaca fascicularis,32.353,81.0,1.22e-80,289.0,Other non-arthropod,FLAG_REVIEW,3,3,sp|Q9BGZ0|VP13A_MACFA Intermembrane lipid transfer protein VPS13A OS=Macaca fascicularis OX=9541 GN=VPS13A PE=2 SV=2
g23887.t1,sp|P45844|ABCG1_HUMAN,Homo sapiens,46.21,99.0,0.0,600.0,Other non-arthropod,FLAG_REVIEW,7,7,sp|P45844|ABCG1_HUMAN ATP-binding cassette sub-family G member 1 OS=Homo sapiens OX=9606 GN=ABCG1 PE=1 SV=3
g23888.t1,sp|O14681|EI24_HUMAN,Homo sapiens,47.484,97.0,3.35e-92,284.0,Other non-arthropod,FLAG_REVIEW,5,5,sp|O14681|EI24_HUMAN Etoposide-induced protein 2.4 homolog OS=Homo sapiens OX=9606 GN=EI24 PE=1 SV=4
g23904.t1,sp|Q62203|SF3A2_MOUSE,Mus musculus,86.885,80.0,8.39e-101,307.0,Other non-arthropod,FLAG_REVIEW,5,5,sp|Q62203|SF3A2_MOUSE Splicing factor 3A subunit 2 OS=Mus musculus OX=10090 GN=Sf3a2 PE=1 SV=2
g23907.t1,sp|Q32PY6|HENMT_RAT,Rattus norvegicus,37.712,72.0,3.14e-36,141.0,Other non-arthropod,FLAG_REVIEW,3,3,sp|Q32PY6|HENMT_RAT Small RNA 2'-O-methyltransferase OS=Rattus norvegicus OX=10116 GN=Henmt1 PE=2 SV=1
g23918.t1,sp|Q92506|DHB8_HUMAN,Homo sapiens,49.798,96.0,2.7399999999999997e-81,251.0,Other non-arthropod,FLAG_REVIEW,5,5,sp|Q92506|DHB8_HUMAN (3R)-3-hydroxyacyl-CoA dehydrogenase OS=Homo sapiens OX=9606 GN=HSD17B8 PE=1 SV=2
g23921.t1,sp|Q19269|NAS14_CAEEL,Caenorhabditis elegans,30.962,81.0,1.3499999999999999e-34,137.0,Other non-arthropod,FLAG_REVIEW,4,4,sp|Q19269|NAS14_CAEEL Zinc metalloproteinase nas-14 OS=Caenorhabditis elegans OX=6239 GN=nas-14 PE=2 SV=2
g23924.t1,sp|O08564|PLPP1_RAT,Rattus norvegicus,34.0,90.0,1.54e-06,52.0,Other non-arthropod,FLAG_REVIEW,1,1,sp|O08564|PLPP1_RAT Phospholipid phosphatase 1 OS=Rattus norvegicus OX=10116 GN=Plpp1 PE=1 SV=1
g23933.t1,sp|Q9YHB5|CND3_XENLA,Xenopus laevis,30.992,88.0,4.3399999999999996e-23,105.0,Other non-arthropod,FLAG_REVIEW,2,2,sp|Q9YHB5|CND3_XENLA Condensin complex subunit 3 OS=Xenopus laevis OX=8355 GN=ncapg PE=1 SV=1
g23937.t1,sp|O43581|SYT7_HUMAN,Homo sapiens,51.661,92.0,2.58e-94,290.0,Other non-arthropod,FLAG_REVIEW,11,11,sp|O43581|SYT7_HUMAN Synaptotagmin-7 OS=Homo sapiens OX=9606 GN=SYT7 PE=1 SV=3
g23942.t1,sp|Q61211|EIF2D_MOUSE,Mus musculus,31.24,99.0,9.020000000000001e-80,269.0,Other non-arthropod,FLAG_REVIEW,5,5,sp|Q61211|EIF2D_MOUSE Eukaryotic translation initiation factor 2D OS=Mus musculus OX=10090 GN=Eif2d PE=1 SV=3
g23950.t1,sp|Q6NRM7|CHMP3_XENLA,Xenopus laevis,63.784,89.0,1.45e-81,248.0,Other non-arthropod,FLAG_REVIEW,5,5,sp|Q6NRM7|CHMP3_XENLA Charged multivesicular body protein 3 OS=Xenopus laevis OX=8355 GN=chmp3 PE=2 SV=3
g23951.t1,sp|O95847|UCP4_HUMAN,Homo sapiens,43.478,70.0,8.96e-20,90.5,Other non-arthropod,FLAG_REVIEW,2,2,sp|O95847|UCP4_HUMAN Mitochondrial uncoupling protein 4 OS=Homo sapiens OX=9606 GN=SLC25A27 PE=1 SV=1
g23955.t1,sp|Q2KMM2|TPPC1_RAT,Rattus norvegicus,55.556,99.0,5.2e-58,183.0,Other non-arthropod,FLAG_REVIEW,5,5,sp|Q2KMM2|TPPC1_RAT Trafficking protein particle complex subunit 1 OS=Rattus norvegicus OX=10116 GN=Trappc1 PE=2 SV=1
g23956.t1,sp|Q9Z0V7|TI17B_MOUSE,Mus musculus,66.038,89.0,1.8699999999999998e-42,144.0,Other non-arthropod,FLAG_REVIEW,5,5,sp|Q9Z0V7|TI17B_MOUSE Mitochondrial import inner membrane translocase subunit Tim17-B OS=Mus musculus OX=10090 GN=Timm17b PE=1 SV=1
g23961.t1,sp|Q32LE4|GGCT_BOVIN,Bos taurus,39.873,86.0,3.3000000000000004e-26,105.0,Other non-arthropod,FLAG_REVIEW,3,3,sp|Q32LE4|GGCT_BOVIN Gamma-glutamylcyclotransferase OS=Bos taurus OX=9913 GN=GGCT PE=2 SV=1
g23968.t1,sp|Q5RAT5|LSM12_PONAB,Pongo abelii,43.353,96.0,6.459999999999999e-45,153.0,Other non-arthropod,FLAG_REVIEW,5,5,sp|Q5RAT5|LSM12_PONAB Protein LSM12 OS=Pongo abelii OX=9601 GN=LSM12 PE=2 SV=1
g23971.t1,tr|A0A8H5C9U1|A0A8H5C9U1_9AGAR,Tetrapyrgos nigripes,37.634,92.0,7.11e-07,53.1,Other non-arthropod,FLAG_REVIEW,3,3,tr|A0A8H5C9U1|A0A8H5C9U1_9AGAR Retrotransposon gag domain-containing protein OS=Tetrapyrgos nigripes OX=182062 GN=D9758_016831 PE=4 SV=1
g23973.t1,sp|P50532|SMC4_XENLA,Xenopus laevis,51.955,96.0,3.3000000000000003e-105,343.0,Other non-arthropod,FLAG_REVIEW,5,5,sp|P50532|SMC4_XENLA Structural maintenance of chromosomes protein 4 OS=Xenopus laevis OX=8355 GN=smc4 PE=1 SV=1
g23974.t1,sp|Q99PL6|UBXN6_MOUSE,Mus musculus,41.152,99.0,4.18e-50,176.0,Other non-arthropod,FLAG_REVIEW,4,4,sp|Q99PL6|UBXN6_MOUSE UBX domain-containing protein 6 OS=Mus musculus OX=10090 GN=Ubxn6 PE=1 SV=1
g24003.t1,sp|Q9P225|DYH2_HUMAN,Homo sapiens,57.66,97.0,0.0,576.0,Other non-arthropod,FLAG_REVIEW,5,5,sp|Q9P225|DYH2_HUMAN Dynein axonemal heavy chain 2 OS=Homo sapiens OX=9606 GN=DNAH2 PE=1 SV=3
g24007.t1,sp|P46978|STT3A_MOUSE,Mus musculus,75.323,98.0,0.0,1095.0,Other non-arthropod,FLAG_REVIEW,5,5,sp|P46978|STT3A_MOUSE Dolichyl-diphosphooligosaccharide--protein glycosyltransferase subunit STT3A OS=Mus musculus OX=10090 GN=Stt3a PE=1 SV=1
g24008.t1,sp|Q9BUQ8|DDX23_HUMAN,Homo sapiens,65.832,95.0,0.0,971.0,Other non-arthropod,FLAG_REVIEW,5,5,sp|Q9BUQ8|DDX23_HUMAN Probable ATP-dependent RNA helicase DDX23 OS=Homo sapiens OX=9606 GN=DDX23 PE=1 SV=3
g24012.t1,sp|P11833|TBB_PARLI,Paracentrotus lividus,95.804,97.0,0.0,847.0,Other non-arthropod,FLAG_REVIEW,5,5,sp|P11833|TBB_PARLI Tubulin beta chain OS=Paracentrotus lividus OX=7656 PE=2 SV=1
g24016.t1,sp|Q9NU22|MDN1_HUMAN,Homo sapiens,46.287,93.0,0.0,1815.0,Other non-arthropod,FLAG_REVIEW,13,13,sp|Q9NU22|MDN1_HUMAN Midasin OS=Homo sapiens OX=9606 GN=MDN1 PE=1 SV=2
g24025.t1,sp|P19602|LKHA4_CAVPO,Cavia porcellus,39.535,95.0,1.03e-49,177.0,Other non-arthropod,FLAG_REVIEW,5,5,sp|P19602|LKHA4_CAVPO Leukotriene A-4 hydrolase OS=Cavia porcellus OX=10141 GN=LTA4H PE=1 SV=3
g24029.t1,sp|Q92620|PRP16_HUMAN,Homo sapiens,70.61,100.0,0.0,787.0,Other non-arthropod,FLAG_REVIEW,5,5,sp|Q92620|PRP16_HUMAN Pre-mRNA-splicing factor ATP-dependent RNA helicase PRP16 OS=Homo sapiens OX=9606 GN=DHX38 PE=1 SV=2
g24030.t1,sp|Q6PBN5|AUP1_DANRE,Danio rerio,30.275,98.0,6.16e-40,154.0,Other non-arthropod,FLAG_REVIEW,5,5,sp|Q6PBN5|AUP1_DANRE Lipid droplet-regulating VLDL assembly factor AUP1 OS=Danio rerio OX=7955 GN=aup1 PE=2 SV=2
g24038.t1,sp|Q26304|LUCI_LUCMI,Luciola mingrelica,44.286,96.0,3.27e-36,137.0,Other non-arthropod,FLAG_REVIEW,5,5,sp|Q26304|LUCI_LUCMI Luciferin 4-monooxygenase OS=Luciola mingrelica OX=27446 PE=1 SV=1
g24043.t1,sp|Q7Z3D4|LYSM3_HUMAN,Homo sapiens,30.688,73.0,5.06e-20,93.6,Other non-arthropod,FLAG_REVIEW,2,2,sp|Q7Z3D4|LYSM3_HUMAN LysM and putative peptidoglycan-binding domain-containing protein 3 OS=Homo sapiens OX=9606 GN=LYSMD3 PE=1 SV=2
g24044.t1,sp|Q5ZIQ3|HNRPK_CHICK,Gallus gallus,34.337,87.0,4.39e-32,130.0,Other non-arthropod,FLAG_REVIEW,1,1,sp|Q5ZIQ3|HNRPK_CHICK Heterogeneous nuclear ribonucleoprotein K OS=Gallus gallus OX=9031 GN=HNRNPK PE=2 SV=1
g24050.t1,sp|P79113|NPY2R_BOVIN,Bos taurus,34.954,73.0,3.2100000000000004e-56,197.0,Other non-arthropod,FLAG_REVIEW,1,1,sp|P79113|NPY2R_BOVIN Neuropeptide Y receptor type 2 OS=Bos taurus OX=9913 GN=NPY2R PE=2 SV=1
g24057.t1,tr|A0A2Z6S1X8|A0A2Z6S1X8_9GLOM,Rhizophagus clarus,32.701,79.0,1.55e-28,117.0,Other non-arthropod,FLAG_REVIEW,2,2,tr|A0A2Z6S1X8|A0A2Z6S1X8_9GLOM Integrase catalytic domain-containing protein OS=Rhizophagus clarus OX=94130 GN=RclHR1_00870005 PE=4 SV=1
g24061.t1,sp|Q96MB7|HARB1_HUMAN,Homo sapiens,33.333,76.0,1.61e-28,117.0,Other non-arthropod,FLAG_REVIEW,4,4,sp|Q96MB7|HARB1_HUMAN Putative nuclease HARBI1 OS=Homo sapiens OX=9606 GN=HARBI1 PE=1 SV=1
g24065.t1,sp|P08161|VE94_NPVAC,Autographa californica nuclear polyhedrosis virus,34.251,99.0,4.78e-147,458.0,Other non-arthropod,FLAG_REVIEW,1,1,sp|P08161|VE94_NPVAC Early 94 kDa protein OS=Autographa californica nuclear polyhedrosis virus OX=46015 PE=4 SV=2
g24066.t1,sp|P08161|VE94_NPVAC,Autographa californica nuclear polyhedrosis virus,33.698,88.0,8.110000000000001e-144,453.0,Other non-arthropod,FLAG_REVIEW,1,1,sp|P08161|VE94_NPVAC Early 94 kDa protein OS=Autographa californica nuclear polyhedrosis virus OX=46015 PE=4 SV=2
g24067.t1,sp|Q8NBN7|RDH13_HUMAN,Homo sapiens,48.276,96.0,7.159999999999999e-74,236.0,Other non-arthropod,FLAG_REVIEW,5,5,sp|Q8NBN7|RDH13_HUMAN Retinol dehydrogenase 13 OS=Homo sapiens OX=9606 GN=RDH13 PE=1 SV=2
g24074.t1,sp|Q7T2V3|M3K10_XENLA,Xenopus laevis,51.475,70.0,1.67e-97,322.0,Other non-arthropod,FLAG_REVIEW,1,1,sp|Q7T2V3|M3K10_XENLA Mitogen-activated protein kinase kinase kinase 10 OS=Xenopus laevis OX=8355 GN=map3k10 PE=1 SV=1
g24076.t1,sp|P26378|ELAV4_HUMAN,Homo sapiens,37.435,96.0,7.9e-69,228.0,Other non-arthropod,FLAG_REVIEW,5,5,sp|P26378|ELAV4_HUMAN ELAV-like protein 4 OS=Homo sapiens OX=9606 GN=ELAVL4 PE=1 SV=3
g24078.t1,sp|Q9CWP6|MSPD2_MOUSE,Mus musculus,30.184,82.0,1.09e-60,213.0,Other non-arthropod,FLAG_REVIEW,1,1,sp|Q9CWP6|MSPD2_MOUSE Motile sperm domain-containing protein 2 OS=Mus musculus OX=10090 GN=Mospd2 PE=1 SV=2
g24079.t1,sp|Q28BZ2|HINT3_XENTR,Xenopus tropicalis,43.22,97.0,1.27e-33,120.0,Other non-arthropod,FLAG_REVIEW,5,5,sp|Q28BZ2|HINT3_XENTR Adenosine 5'-monophosphoramidase HINT3 OS=Xenopus tropicalis OX=8364 GN=hint3 PE=2 SV=1
g24084.t1,sp|A0A291PQH4|UGT2_DACCO,Dactylopius coccus,33.913,97.0,3.1000000000000003e-73,258.0,Other non-arthropod,FLAG_REVIEW,5,5,sp|A0A291PQH4|UGT2_DACCO UDP-glucosyltransferase 2 OS=Dactylopius coccus OX=765876 GN=UTG2 PE=1 SV=1
g24102.t2,sp|Q68FG0|ZC4H2_MOUSE,Mus musculus,49.796,98.0,1.2800000000000001e-64,206.0,Other non-arthropod,FLAG_REVIEW,3,3,sp|Q68FG0|ZC4H2_MOUSE Zinc finger C4H2 domain-containing protein OS=Mus musculus OX=10090 GN=Zc4h2 PE=1 SV=1
g24103.t1,sp|Q13206|DDX10_HUMAN,Homo sapiens,61.028,88.0,0.0,617.0,Other non-arthropod,FLAG_REVIEW,7,7,sp|Q13206|DDX10_HUMAN Probable ATP-dependent RNA helicase DDX10 OS=Homo sapiens OX=9606 GN=DDX10 PE=1 SV=2
g24105.t1,sp|Q9WU70|STXB5_RAT,Rattus norvegicus,43.198,100.0,1.01e-91,306.0,Other non-arthropod,FLAG_REVIEW,5,5,sp|Q9WU70|STXB5_RAT Syntaxin-binding protein 5 OS=Rattus norvegicus OX=10116 GN=Stxbp5 PE=1 SV=1
g24108.t1,sp|Q5SQE2|STB5L_DANRE,Danio rerio,47.353,70.0,0.0,631.0,Other non-arthropod,FLAG_REVIEW,1,1,sp|Q5SQE2|STB5L_DANRE Syntaxin-binding protein 5-like OS=Danio rerio OX=7955 GN=stxbp5l PE=3 SV=1
g24109.t1,tr|A0A9W8AJ59|A0A9W8AJ59_9FUNG,Tieghemiomyces parasiticus,35.948,72.0,7.2499999999999995e-53,189.0,Other non-arthropod,FLAG_REVIEW,2,2,tr|A0A9W8AJ59|A0A9W8AJ59_9FUNG Ribosomal RNA-processing protein 8 OS=Tieghemiomyces parasiticus OX=78921 GN=RRP8_1 PE=3 SV=1
g24111.t1,sp|Q5R4S2|B4GA1_PONAB,Pongo abelii,32.44,77.0,1.4199999999999999e-25,114.0,Other non-arthropod,FLAG_REVIEW,3,3,"sp|Q5R4S2|B4GA1_PONAB Beta-1,4-glucuronyltransferase 1 OS=Pongo abelii OX=9601 GN=B4GAT1 PE=2 SV=1"
g24121.t1,sp|Q6P828|LITAF_XENTR,Xenopus tropicalis,30.328,79.0,3.1e-09,58.9,Other non-arthropod,FLAG_REVIEW,5,5,sp|Q6P828|LITAF_XENTR Lipopolysaccharide-induced tumor necrosis factor-alpha factor homolog OS=Xenopus tropicalis OX=8364 GN=litaf PE=2 SV=1
g24128.t1,sp|P61917|NPC2_PANTR,Pan troglodytes,30.769,82.0,2.09e-14,72.8,Other non-arthropod,FLAG_REVIEW,4,4,sp|P61917|NPC2_PANTR NPC intracellular cholesterol transporter 2 OS=Pan troglodytes OX=9598 GN=NPC2 PE=1 SV=1
g24129.t1,sp|Q5SP46|GXLT1_DANRE,Danio rerio,40.413,93.0,5.56e-91,284.0,Other non-arthropod,FLAG_REVIEW,5,5,sp|Q5SP46|GXLT1_DANRE Glucoside xylosyltransferase 1 OS=Danio rerio OX=7955 GN=gxylt1 PE=3 SV=1
g24131.t1,sp|Q921X6|RPC6_MOUSE,Mus musculus,54.237,91.0,1.97e-89,274.0,Other non-arthropod,FLAG_REVIEW,5,5,sp|Q921X6|RPC6_MOUSE DNA-directed RNA polymerase III subunit RPC6 OS=Mus musculus OX=10090 GN=Polr3f PE=1 SV=1
g24132.t1,sp|Q08BW6|CDIN1_DANRE,Danio rerio,43.478,88.0,7.26e-56,188.0,Other non-arthropod,FLAG_REVIEW,5,5,sp|Q08BW6|CDIN1_DANRE CDAN1-interacting nuclease 1 OS=Danio rerio OX=7955 GN=cdin1 PE=2 SV=1
g24135.t1,sp|P49356|FNTB_HUMAN,Homo sapiens,53.213,90.0,4.03e-134,399.0,Other non-arthropod,FLAG_REVIEW,5,5,sp|P49356|FNTB_HUMAN Protein farnesyltransferase subunit beta OS=Homo sapiens OX=9606 GN=FNTB PE=1 SV=1
g24136.t1,sp|Q8BGV9|ATG4D_MOUSE,Mus musculus,45.036,85.0,1.52e-119,363.0,Other non-arthropod,FLAG_REVIEW,5,5,sp|Q8BGV9|ATG4D_MOUSE Cysteine protease ATG4D OS=Mus musculus OX=10090 GN=Atg4d PE=1 SV=1
g24137.t1,sp|Q642T7|UTP25_XENTR,Xenopus tropicalis,46.578,89.0,0.0,575.0,Other non-arthropod,FLAG_REVIEW,5,5,sp|Q642T7|UTP25_XENTR U3 small nucleolar RNA-associated protein 25 homolog OS=Xenopus tropicalis OX=8364 GN=utp25 PE=2 SV=1
g24143.t1,sp|O95848|NUD14_HUMAN,Homo sapiens,39.512,94.0,3e-49,166.0,Other non-arthropod,FLAG_REVIEW,4,4,sp|O95848|NUD14_HUMAN Uridine diphosphate glucose pyrophosphatase NUDT14 OS=Homo sapiens OX=9606 GN=NUDT14 PE=1 SV=2
g24144.t1,sp|Q805F9|DDB1_CHICK,Gallus gallus,63.768,100.0,0.0,798.0,Other non-arthropod,FLAG_REVIEW,5,5,sp|Q805F9|DDB1_CHICK DNA damage-binding protein 1 OS=Gallus gallus OX=9031 GN=DDB1 PE=1 SV=1
g24145.t1,sp|O60341|KDM1A_HUMAN,Homo sapiens,60.149,78.0,6.53e-167,500.0,Other non-arthropod,FLAG_REVIEW,4,4,sp|O60341|KDM1A_HUMAN Lysine-specific histone demethylase 1A OS=Homo sapiens OX=9606 GN=KDM1A PE=1 SV=2
g24148.t1,sp|Q5NVG2|DHB11_PONAB,Pongo abelii,45.588,73.0,2.8899999999999997e-55,187.0,Other non-arthropod,FLAG_REVIEW,5,5,sp|Q5NVG2|DHB11_PONAB Estradiol 17-beta-dehydrogenase 11 OS=Pongo abelii OX=9601 GN=HSD17B11 PE=2 SV=1
g24158.t1,tr|A0A015J5I9|A0A015J5I9_RHIIW,Rhizophagus irregularis (strain DAOM 197198w),60.227,93.0,2.7200000000000002e-64,221.0,Other non-arthropod,FLAG_REVIEW,5,5,tr|A0A015J5I9|A0A015J5I9_RHIIW Gag-pol fusion protein OS=Rhizophagus irregularis (strain DAOM 197198w) OX=1432141 GN=RirG_273610 PE=4 SV=1
g24159.t1,tr|A0A015J5I9|A0A015J5I9_RHIIW,Rhizophagus irregularis (strain DAOM 197198w),41.902,94.0,1.0499999999999999e-89,307.0,Other non-arthropod,FLAG_REVIEW,4,4,tr|A0A015J5I9|A0A015J5I9_RHIIW Gag-pol fusion protein OS=Rhizophagus irregularis (strain DAOM 197198w) OX=1432141 GN=RirG_273610 PE=4 SV=1
g24167.t1,sp|Q3V1H9|SAMD5_MOUSE,Mus musculus,48.701,95.0,1.03e-39,138.0,Other non-arthropod,FLAG_REVIEW,3,3,sp|Q3V1H9|SAMD5_MOUSE Sterile alpha motif domain-containing protein 5 OS=Mus musculus OX=10090 GN=Samd5 PE=1 SV=1
g24178.t1,sp|Q8K4H1|KFA_MOUSE,Mus musculus,38.961,99.0,3.91e-38,140.0,Other non-arthropod,FLAG_REVIEW,5,5,sp|Q8K4H1|KFA_MOUSE Kynurenine formamidase OS=Mus musculus OX=10090 GN=Afmid PE=1 SV=1
g24182.t1,sp|Q8VE88|F1142_MOUSE,Mus musculus,34.707,79.0,3.98e-51,189.0,Other non-arthropod,FLAG_REVIEW,3,3,sp|Q8VE88|F1142_MOUSE Protein FAM114A2 OS=Mus musculus OX=10090 GN=Fam114a2 PE=1 SV=2
g24191.t1,sp|Q8AVR4|PDC10_XENLA,Xenopus laevis,51.691,98.0,1.14e-59,192.0,Other non-arthropod,FLAG_REVIEW,5,5,sp|Q8AVR4|PDC10_XENLA Programmed cell death protein 10 OS=Xenopus laevis OX=8355 GN=pdcd10 PE=2 SV=1
g24195.t1,tr|A0A507BQ80|A0A507BQ80_9FUNG,Synchytrium microbalum,30.573,70.0,2.93e-09,63.9,Other non-arthropod,FLAG_REVIEW,1,1,tr|A0A507BQ80|A0A507BQ80_9FUNG DNA-directed DNA polymerase OS=Synchytrium microbalum OX=1806994 GN=SmJEL517_g06285 PE=4 SV=1
g24196.t1,tr|A0A9N9H0W2|A0A9N9H0W2_9GLOM,Paraglomus occultum,36.047,90.0,6.24e-16,81.3,Other non-arthropod,FLAG_REVIEW,4,4,tr|A0A9N9H0W2|A0A9N9H0W2_9GLOM 7934_t:CDS:1 (Fragment) OS=Paraglomus occultum OX=144539 GN=POCULU_LOCUS9396 PE=3 SV=1
g24199.t1,sp|P28288|ABCD3_HUMAN,Homo sapiens,58.361,90.0,0.0,734.0,Other non-arthropod,FLAG_REVIEW,5,5,sp|P28288|ABCD3_HUMAN ATP-binding cassette sub-family D member 3 OS=Homo sapiens OX=9606 GN=ABCD3 PE=1 SV=1
g24202.t1,sp|Q9JLR1|S61A2_MOUSE,Mus musculus,92.227,100.0,0.0,888.0,Other non-arthropod,FLAG_REVIEW,5,5,sp|Q9JLR1|S61A2_MOUSE Protein transport protein Sec61 subunit alpha isoform 2 OS=Mus musculus OX=10090 GN=Sec61a2 PE=2 SV=3
g24207.t1,sp|Q33DR3|DLP1_MOUSE,Mus musculus,35.967,71.0,4.91e-49,180.0,Other non-arthropod,FLAG_REVIEW,3,3,sp|Q33DR3|DLP1_MOUSE All trans-polyprenyl-diphosphate synthase PDSS2 OS=Mus musculus OX=10090 GN=Pdss2 PE=1 SV=2
g24209.t1,sp|Q5REW1|IYD1_PONAB,Pongo abelii,56.164,84.0,5.51e-90,274.0,Other non-arthropod,FLAG_REVIEW,5,5,sp|Q5REW1|IYD1_PONAB Iodotyrosine deiodinase 1 OS=Pongo abelii OX=9601 GN=IYD PE=2 SV=1
g24229.t1,sp|Q96MR9|ZN560_HUMAN,Homo sapiens,30.584,72.0,1.2600000000000002e-21,104.0,Other non-arthropod,FLAG_REVIEW,8,8,sp|Q96MR9|ZN560_HUMAN Zinc finger protein 560 OS=Homo sapiens OX=9606 GN=ZNF560 PE=1 SV=2
g24232.t1,sp|Q02328|SLAP2_CAEEL,Caenorhabditis elegans,54.098,98.0,5.59e-11,62.8,Other non-arthropod,FLAG_REVIEW,5,5,sp|Q02328|SLAP2_CAEEL Huntington interacting protein related 1 OS=Caenorhabditis elegans OX=6239 GN=hipr-1 PE=3 SV=3
g24241.t1,sp|Q5REH1|PICK1_PONAB,Pongo abelii,64.305,74.0,1.38e-170,493.0,Other non-arthropod,FLAG_REVIEW,5,5,sp|Q5REH1|PICK1_PONAB PRKCA-binding protein OS=Pongo abelii OX=9601 GN=PICK1 PE=2 SV=1
g24247.t1,tr|A0A0L0SEM7|A0A0L0SEM7_ALLM3,Allomyces macrogynus (strain ATCC 38327),32.258,75.0,3.37e-12,75.1,Other non-arthropod,FLAG_REVIEW,3,3,tr|A0A0L0SEM7|A0A0L0SEM7_ALLM3 Uncharacterized protein OS=Allomyces macrogynus (strain ATCC 38327) OX=578462 GN=AMAG_18718 PE=4 SV=1
g24255.t1,sp|Q6EV56|OFUT2_PANTR,Pan troglodytes,40.0,79.0,1.77e-37,142.0,Other non-arthropod,FLAG_REVIEW,5,5,sp|Q6EV56|OFUT2_PANTR GDP-fucose protein O-fucosyltransferase 2 OS=Pan troglodytes OX=9598 GN=POFUT2 PE=2 SV=1
g24261.t1,tr|Q6C5C7|Q6C5C7_YARLI,Yarrowia lipolytica (strain CLIB 122 / E 150),45.57,80.0,4.17e-16,79.3,Other non-arthropod,FLAG_REVIEW,5,5,tr|Q6C5C7|Q6C5C7_YARLI YALI0E19184p OS=Yarrowia lipolytica (strain CLIB 122 / E 150) OX=284591 GN=YALI0_E19184g PE=3 SV=1
g24262.t1,tr|A0A067MFZ8|A0A067MFZ8_BOTB1,Botryobasidium botryosum (strain FD-172 SS1),48.438,87.0,8.96e-98,309.0,Other non-arthropod,FLAG_REVIEW,5,5,tr|A0A067MFZ8|A0A067MFZ8_BOTB1 Aminopeptidase P N-terminal domain-containing protein OS=Botryobasidium botryosum (strain FD-172 SS1) OX=930990 GN=BOTBODRAFT_36195 PE=3 SV=1
g24272.t1,sp|A1L209|AT7L3_DANRE,Danio rerio,40.364,88.0,1.06e-50,177.0,Other non-arthropod,FLAG_REVIEW,3,3,sp|A1L209|AT7L3_DANRE Ataxin-7-like protein 3 OS=Danio rerio OX=7955 GN=atxn7l3 PE=2 SV=1
g24273.t1,sp|Q5RDW1|MTG2_PONAB,Pongo abelii,49.851,87.0,5.2e-84,268.0,Other non-arthropod,FLAG_REVIEW,5,5,sp|Q5RDW1|MTG2_PONAB Mitochondrial ribosome-associated GTPase 2 OS=Pongo abelii OX=9601 GN=MTG2 PE=2 SV=1
g24274.t1,sp|Q66H59|NPL_RAT,Rattus norvegicus,31.683,99.0,8e-50,174.0,Other non-arthropod,FLAG_REVIEW,5,5,sp|Q66H59|NPL_RAT N-acetylneuraminate lyase OS=Rattus norvegicus OX=10116 GN=Npl PE=2 SV=1
g24275.t1,sp|Q9U518|ASPG_DIRIM,Dirofilaria immitis,41.308,91.0,2.83e-137,420.0,Other non-arthropod,FLAG_REVIEW,5,5,sp|Q9U518|ASPG_DIRIM L-asparaginase OS=Dirofilaria immitis OX=6287 PE=1 SV=1
g24296.t1,sp|B6IJ52|MTFP1_CAEBR,Caenorhabditis briggsae,49.342,95.0,3.4199999999999997e-40,139.0,Other non-arthropod,FLAG_REVIEW,5,5,sp|B6IJ52|MTFP1_CAEBR Mitochondrial fission process protein 1 OS=Caenorhabditis briggsae OX=6238 GN=CBG28141 PE=3 SV=1
g24298.t1,sp|Q9Y345|SC6A5_HUMAN,Homo sapiens,47.138,90.0,0.0,559.0,Other non-arthropod,FLAG_REVIEW,5,5,sp|Q9Y345|SC6A5_HUMAN Sodium- and chloride-dependent glycine transporter 2 OS=Homo sapiens OX=9606 GN=SLC6A5 PE=1 SV=3
g24306.t1,sp|Q6IQ26|DEN5A_HUMAN,Homo sapiens,41.335,99.0,0.0,957.0,Other non-arthropod,FLAG_REVIEW,5,5,sp|Q6IQ26|DEN5A_HUMAN DENN domain-containing protein 5A OS=Homo sapiens OX=9606 GN=DENND5A PE=1 SV=2
g24316.t1,sp|Q3T058|EI2BD_BOVIN,Bos taurus,56.25,98.0,4.6200000000000003e-35,132.0,Other non-arthropod,FLAG_REVIEW,5,5,sp|Q3T058|EI2BD_BOVIN Translation initiation factor eIF2B subunit delta OS=Bos taurus OX=9913 GN=EIF2B4 PE=2 SV=1
g24317.t1,sp|Q9UI10|EI2BD_HUMAN,Homo sapiens,39.394,76.0,1.73e-33,134.0,Other non-arthropod,FLAG_REVIEW,5,5,sp|Q9UI10|EI2BD_HUMAN Translation initiation factor eIF2B subunit delta OS=Homo sapiens OX=9606 GN=EIF2B4 PE=1 SV=2
g24324.t1,sp|Q7T3H9|HYI_DANRE,Danio rerio,45.247,96.0,6.68e-84,258.0,Other non-arthropod,FLAG_REVIEW,5,5,sp|Q7T3H9|HYI_DANRE Putative hydroxypyruvate isomerase OS=Danio rerio OX=7955 GN=hyi PE=2 SV=2
g24332.t1,sp|P00918|CAH2_HUMAN,Homo sapiens,39.695,88.0,3.45e-21,92.8,Other non-arthropod,FLAG_REVIEW,5,5,sp|P00918|CAH2_HUMAN Carbonic anhydrase 2 OS=Homo sapiens OX=9606 GN=CA2 PE=1 SV=2
g24336.t1,sp|Q99P66|CLCN5_CAVPO,Cavia porcellus,61.491,100.0,3.18e-60,205.0,Other non-arthropod,FLAG_REVIEW,5,5,sp|Q99P66|CLCN5_CAVPO H(+)/Cl(-) exchange transporter 5 OS=Cavia porcellus OX=10141 GN=CLCN5 PE=2 SV=1
g24337.t1,sp|P51792|CLCN3_RAT,Rattus norvegicus,67.018,96.0,0.0,778.0,Other non-arthropod,FLAG_REVIEW,5,5,sp|P51792|CLCN3_RAT H(+)/Cl(-) exchange transporter 3 OS=Rattus norvegicus OX=10116 GN=Clcn3 PE=2 SV=2
g24338.t1,sp|Q8C0T5|SI1L1_MOUSE,Mus musculus,41.433,73.0,0.0,629.0,Other non-arthropod,FLAG_REVIEW,3,3,sp|Q8C0T5|SI1L1_MOUSE Signal-induced proliferation-associated 1-like protein 1 OS=Mus musculus OX=10090 GN=Sipa1l1 PE=1 SV=2
g24339.t1,sp|E9Q5M6|CFA44_MOUSE,Mus musculus,34.677,73.0,1.62e-100,369.0,Other non-arthropod,FLAG_REVIEW,1,1,sp|E9Q5M6|CFA44_MOUSE Cilia- and flagella-associated protein 44 OS=Mus musculus OX=10090 GN=Cfap44 PE=1 SV=1
g24340.t1,sp|P02269|H2A_ASTRU,Asterias rubens,71.074,91.0,1e-55,176.0,Other non-arthropod,FLAG_REVIEW,5,5,sp|P02269|H2A_ASTRU Histone H2A OS=Asterias rubens OX=7604 PE=1 SV=2
g24342.t1,sp|Q26474|LACH_SCHAM,Schistocerca americana,30.667,76.0,2.88e-41,155.0,Other non-arthropod,FLAG_REVIEW,5,5,sp|Q26474|LACH_SCHAM Lachesin OS=Schistocerca americana OX=7009 GN=LAC PE=1 SV=1
g24349.t1,tr|A0A0A1T531|A0A0A1T531_9HYPO,[Torrubiella] hemipterigena,31.076,92.0,1.9e-28,115.0,Other non-arthropod,FLAG_REVIEW,1,1,tr|A0A0A1T531|A0A0A1T531_9HYPO Phytanoyl-CoA dioxygenase family protein OS=[Torrubiella] hemipterigena OX=1531966 GN=VHEMI01300 PE=3 SV=1
g24357.t1,tr|A0A8H7CWX8|A0A8H7CWX8_9AGAR,Mycena sanguinolenta,34.728,70.0,2.4800000000000003e-27,114.0,Other non-arthropod,FLAG_REVIEW,1,1,tr|A0A8H7CWX8|A0A8H7CWX8_9AGAR Uncharacterized protein OS=Mycena sanguinolenta OX=230812 GN=MSAN_01664900 PE=4 SV=1
g24361.t1,sp|Q920A5|RISC_MOUSE,Mus musculus,38.855,94.0,2.6e-76,248.0,Other non-arthropod,FLAG_REVIEW,4,4,sp|Q920A5|RISC_MOUSE Retinoid-inducible serine carboxypeptidase OS=Mus musculus OX=10090 GN=Scpep1 PE=1 SV=2
g24366.t1,sp|Q922Q1|MARC2_MOUSE,Mus musculus,37.153,87.0,7.63e-50,175.0,Other non-arthropod,FLAG_REVIEW,5,5,sp|Q922Q1|MARC2_MOUSE Mitochondrial amidoxime reducing component 2 OS=Mus musculus OX=10090 GN=Mtarc2 PE=1 SV=1
g24367.t1,sp|Q5VT66|MARC1_HUMAN,Homo sapiens,37.931,87.0,4.4599999999999995e-52,181.0,Other non-arthropod,FLAG_REVIEW,5,5,sp|Q5VT66|MARC1_HUMAN Mitochondrial amidoxime-reducing component 1 OS=Homo sapiens OX=9606 GN=MTARC1 PE=1 SV=1
g24368.t1,sp|Q14181|DPOA2_HUMAN,Homo sapiens,32.178,99.0,1.22e-91,300.0,Other non-arthropod,FLAG_REVIEW,4,4,sp|Q14181|DPOA2_HUMAN DNA polymerase alpha subunit B OS=Homo sapiens OX=9606 GN=POLA2 PE=1 SV=2
g24370.t1,sp|F1QMV3|TPC6B_DANRE,Danio rerio,56.25,99.0,1.1e-65,204.0,Other non-arthropod,FLAG_REVIEW,5,5,sp|F1QMV3|TPC6B_DANRE Trafficking protein particle complex subunit 6b OS=Danio rerio OX=7955 GN=trappc6b PE=2 SV=1
g24371.t1,sp|Q9YGN6|SMUG1_XENLA,Xenopus laevis,45.865,87.0,8.57e-34,126.0,Other non-arthropod,FLAG_REVIEW,5,5,sp|Q9YGN6|SMUG1_XENLA Single-strand selective monofunctional uracil DNA glycosylase OS=Xenopus laevis OX=8355 GN=smug1 PE=1 SV=1
g24373.t1,sp|Q6P5C5|SMUG1_MOUSE,Mus musculus,45.304,90.0,7.119999999999999e-54,179.0,Other non-arthropod,FLAG_REVIEW,5,5,sp|Q6P5C5|SMUG1_MOUSE Single-strand selective monofunctional uracil DNA glycosylase OS=Mus musculus OX=10090 GN=Smug1 PE=1 SV=1
g24374.t1,sp|Q6AXL5|HBAP1_DANRE,Danio rerio,36.567,73.0,9.34e-48,174.0,Other non-arthropod,FLAG_REVIEW,1,1,sp|Q6AXL5|HBAP1_DANRE HSPB1-associated protein 1 homolog OS=Danio rerio OX=7955 GN=hspbap1 PE=2 SV=2
g24375.t1,tr|A0A0D7BD66|A0A0D7BD66_9AGAR,Cylindrobasidium torrendii FP15055 ss-10,42.534,94.0,6.59e-50,171.0,Other non-arthropod,FLAG_REVIEW,5,5,tr|A0A0D7BD66|A0A0D7BD66_9AGAR Aldo/keto reductase OS=Cylindrobasidium torrendii FP15055 ss-10 OX=1314674 GN=CYLTODRAFT_431006 PE=4 SV=1
g24378.t1,sp|A0A291PQF1|UGT5_DACCO,Dactylopius coccus,33.671,89.0,2.77e-87,285.0,Other non-arthropod,FLAG_REVIEW,5,5,sp|A0A291PQF1|UGT5_DACCO UDP-glycosyltransferase UGT5 OS=Dactylopius coccus OX=765876 GN=UGT5 PE=1 SV=1
g24379.t1,sp|Q568K5|NAA40_DANRE,Danio rerio,41.844,85.0,1.5599999999999999e-30,117.0,Other non-arthropod,FLAG_REVIEW,5,5,sp|Q568K5|NAA40_DANRE N-alpha-acetyltransferase 40 OS=Danio rerio OX=7955 GN=naa40 PE=2 SV=1
g24380.t1,sp|O70473|AK1A1_CRIGR,Cricetulus griseus,38.024,96.0,3.5600000000000004e-64,213.0,Other non-arthropod,FLAG_REVIEW,5,5,sp|O70473|AK1A1_CRIGR Aldo-keto reductase family 1 member A1 OS=Cricetulus griseus OX=10029 GN=AKR1A1 PE=2 SV=2
g24382.t1,sp|P23098|DYHC_TRIGR,Tripneustes gratilla,32.751,97.0,7.88e-39,150.0,Other non-arthropod,FLAG_REVIEW,4,4,"sp|P23098|DYHC_TRIGR Dynein beta chain, ciliary OS=Tripneustes gratilla OX=7673 PE=1 SV=1"
g24383.t1,tr|A0A0L0S8J6|A0A0L0S8J6_ALLM3,Allomyces macrogynus (strain ATCC 38327),41.346,97.0,2.37e-14,74.3,Other non-arthropod,FLAG_REVIEW,5,5,"tr|A0A0L0S8J6|A0A0L0S8J6_ALLM3 Oxoglutarate dehydrogenase (Succinyl-transferring), E1 component OS=Allomyces macrogynus (strain ATCC 38327) OX=578462 GN=AMAG_04256 PE=3 SV=1"
g24386.t1,tr|A0A1Y1S4K8|A0A1Y1S4K8_9MICR,Enterospora canceri,100.0,100.0,2.33e-94,274.0,Other non-arthropod,FLAG_REVIEW,5,5,tr|A0A1Y1S4K8|A0A1Y1S4K8_9MICR Histone H3 OS=Enterospora canceri OX=1081671 GN=H3 PE=3 SV=1
g24387.t1,tr|A0AAD2HCB4|A0AAD2HCB4_9AGAR,Mycena citricolor,100.0,100.0,8.870000000000001e-66,199.0,Other non-arthropod,FLAG_REVIEW,5,5,tr|A0AAD2HCB4|A0AAD2HCB4_9AGAR Histone H4 OS=Mycena citricolor OX=2018698 GN=MYCIT1_LOCUS19649 PE=3 SV=1
g24388.t1,tr|A0A1Y1S3M1|A0A1Y1S3M1_9MICR,Enterospora canceri,99.187,99.0,1.24e-81,241.0,Other non-arthropod,FLAG_REVIEW,5,5,tr|A0A1Y1S3M1|A0A1Y1S3M1_9MICR Histone H2A OS=Enterospora canceri OX=1081671 GN=H2A PE=3 SV=1
g24397.t1,sp|Q8K1N2|PHLB2_MOUSE,Mus musculus,59.016,98.0,9.53e-44,159.0,Other non-arthropod,FLAG_REVIEW,5,5,sp|Q8K1N2|PHLB2_MOUSE Pleckstrin homology-like domain family B member 2 OS=Mus musculus OX=10090 GN=Phldb2 PE=1 SV=2
g24400.t1,sp|Q8MJJ7|DCPS_BOVIN,Bos taurus,44.631,86.0,5.52e-86,269.0,Other non-arthropod,FLAG_REVIEW,5,5,sp|Q8MJJ7|DCPS_BOVIN m7GpppX diphosphatase OS=Bos taurus OX=9913 GN=DCPS PE=2 SV=1
g24408.t1,sp|Q8IWV8|UBR2_HUMAN,Homo sapiens,31.406,98.0,2.02e-104,362.0,Other non-arthropod,FLAG_REVIEW,3,3,sp|Q8IWV8|UBR2_HUMAN E3 ubiquitin-protein ligase UBR2 OS=Homo sapiens OX=9606 GN=UBR2 PE=1 SV=1
g24411.t1,sp|P00766|CTRA_BOVIN,Bos taurus,37.313,75.0,7.09e-41,147.0,Other non-arthropod,FLAG_REVIEW,5,5,sp|P00766|CTRA_BOVIN Chymotrypsinogen A OS=Bos taurus OX=9913 PE=1 SV=1
g24412.t1,sp|Q9H0H0|INT2_HUMAN,Homo sapiens,46.335,94.0,0.0,990.0,Other non-arthropod,FLAG_REVIEW,4,4,sp|Q9H0H0|INT2_HUMAN Integrator complex subunit 2 OS=Homo sapiens OX=9606 GN=INTS2 PE=1 SV=3
g24414.t1,sp|Q8AVJ9|FZD7B_XENLA,Xenopus laevis,73.113,97.0,1.01e-99,311.0,Other non-arthropod,FLAG_REVIEW,10,10,sp|Q8AVJ9|FZD7B_XENLA Frizzled-7-B OS=Xenopus laevis OX=8355 GN=fzd7-b PE=1 SV=1
g24418.t1,sp|Q5RB31|SC61B_PONAB,Pongo abelii,71.739,91.0,1.03e-33,118.0,Other non-arthropod,FLAG_REVIEW,5,5,sp|Q5RB31|SC61B_PONAB Protein transport protein Sec61 subunit beta OS=Pongo abelii OX=9601 GN=SEC61B PE=3 SV=3
g24419.t2,tr|A0A5J5EZE0|A0A5J5EZE0_9PEZI,Sphaerosporella brunnea,30.435,78.0,4.67e-10,64.7,Other non-arthropod,FLAG_REVIEW,1,1,tr|A0A5J5EZE0|A0A5J5EZE0_9PEZI Complex I intermediate-associated protein 30-domain-containing protein OS=Sphaerosporella brunnea OX=1250544 GN=FN846DRAFT_945801 PE=3 SV=1
g24420.t1,sp|Q5RC80|RBM39_PONAB,Pongo abelii,69.697,98.0,4.36e-44,155.0,Other non-arthropod,FLAG_REVIEW,5,5,sp|Q5RC80|RBM39_PONAB RNA-binding protein 39 OS=Pongo abelii OX=9601 GN=RBM39 PE=2 SV=1
g24424.t1,sp|O35717|SOCS2_MOUSE,Mus musculus,35.938,73.0,6.1800000000000006e-27,110.0,Other non-arthropod,FLAG_REVIEW,4,4,sp|O35717|SOCS2_MOUSE Suppressor of cytokine signaling 2 OS=Mus musculus OX=10090 GN=Socs2 PE=1 SV=1
g24426.t1,sp|Q9BXT4|TDRD1_HUMAN,Homo sapiens,30.723,70.0,1.37e-08,67.0,Other non-arthropod,FLAG_REVIEW,1,1,sp|Q9BXT4|TDRD1_HUMAN Tudor domain-containing protein 1 OS=Homo sapiens OX=9606 GN=TDRD1 PE=1 SV=2
g24431.t1,sp|Q13188|STK3_HUMAN,Homo sapiens,61.961,99.0,0.0,598.0,Other non-arthropod,FLAG_REVIEW,5,5,sp|Q13188|STK3_HUMAN Serine/threonine-protein kinase 3 OS=Homo sapiens OX=9606 GN=STK3 PE=1 SV=2
g24437.t1,sp|Q5R8B0|BRD7_PONAB,Pongo abelii,30.256,93.0,9.63e-66,233.0,Other non-arthropod,FLAG_REVIEW,4,4,sp|Q5R8B0|BRD7_PONAB Bromodomain-containing protein 7 OS=Pongo abelii OX=9601 GN=BRD7 PE=2 SV=1
g24449.t1,sp|Q6P1S4|SYRC_XENTR,Xenopus tropicalis,57.289,98.0,0.0,783.0,Other non-arthropod,FLAG_REVIEW,5,5,"sp|Q6P1S4|SYRC_XENTR Arginine--tRNA ligase, cytoplasmic OS=Xenopus tropicalis OX=8364 GN=rars1 PE=2 SV=1"
g24451.t1,sp|Q8BKF1|RPOM_MOUSE,Mus musculus,52.364,81.0,4.56e-91,302.0,Other non-arthropod,FLAG_REVIEW,3,3,"sp|Q8BKF1|RPOM_MOUSE DNA-directed RNA polymerase, mitochondrial OS=Mus musculus OX=10090 GN=Polrmt PE=1 SV=1"
g24453.t1,sp|Q8BGV0|SYNM_MOUSE,Mus musculus,43.596,93.0,6.86e-123,373.0,Other non-arthropod,FLAG_REVIEW,5,5,sp|Q8BGV0|SYNM_MOUSE Asparaginyl-tRNA synthetase OS=Mus musculus OX=10090 GN=Nars2 PE=1 SV=1
g24462.t1,tr|A0A9P7KQ01|A0A9P7KQ01_9HYPO,Fusarium avenaceum,36.404,89.0,2.68e-27,124.0,Other non-arthropod,FLAG_REVIEW,5,5,tr|A0A9P7KQ01|A0A9P7KQ01_9HYPO Large-conductance mechanosensitive channel OS=Fusarium avenaceum OX=40199 GN=KAF25_007767 PE=4 SV=1
g24463.t1,sp|P97819|PLPL9_MOUSE,Mus musculus,36.285,98.0,6.58e-172,523.0,Other non-arthropod,FLAG_REVIEW,4,4,sp|P97819|PLPL9_MOUSE 85/88 kDa calcium-independent phospholipase A2 OS=Mus musculus OX=10090 GN=Pla2g6 PE=1 SV=3
g24464.t1,sp|P97411|ICA69_MOUSE,Mus musculus,38.19,97.0,1.1600000000000001e-88,283.0,Other non-arthropod,FLAG_REVIEW,5,5,sp|P97411|ICA69_MOUSE Islet cell autoantigen 1 OS=Mus musculus OX=10090 GN=Ica1 PE=1 SV=3
g24472.t1,sp|Q5RJU0|SNF8_XENTR,Xenopus tropicalis,46.154,88.0,1.02e-19,87.0,Other non-arthropod,FLAG_REVIEW,5,5,sp|Q5RJU0|SNF8_XENTR Vacuolar-sorting protein SNF8 OS=Xenopus tropicalis OX=8364 GN=snf8 PE=2 SV=1
g24473.t2,sp|O75152|ZC11A_HUMAN,Homo sapiens,46.667,76.0,1.9e-32,130.0,Other non-arthropod,FLAG_REVIEW,4,4,sp|O75152|ZC11A_HUMAN Zinc finger CCCH domain-containing protein 11A OS=Homo sapiens OX=9606 GN=ZC3H11A PE=1 SV=3
g24485.t1,sp|A2VDQ7|ZN420_BOVIN,Bos taurus,31.694,71.0,7.27e-12,77.8,Other non-arthropod,FLAG_REVIEW,1,1,sp|A2VDQ7|ZN420_BOVIN Zinc finger protein 420 OS=Bos taurus OX=9913 GN=ZNF420 PE=2 SV=1
g24486.t1,tr|A0A4P6XTK2|A0A4P6XTK2_9ASCO,Metschnikowia aff. pulcherrima,32.308,76.0,4.19e-07,60.1,Other non-arthropod,FLAG_REVIEW,1,1,tr|A0A4P6XTK2|A0A4P6XTK2_9ASCO C2H2-type zinc finger OS=Metschnikowia aff. pulcherrima OX=2163413 GN=MPUL0D05510 PE=3 SV=1
g24487.t1,sp|A8MQ14|ZN850_HUMAN,Homo sapiens,31.381,82.0,7.27e-22,109.0,Other non-arthropod,FLAG_REVIEW,2,2,sp|A8MQ14|ZN850_HUMAN Zinc finger protein 850 OS=Homo sapiens OX=9606 GN=ZNF850 PE=1 SV=2
g24488.t1,sp|Q9BUY5|ZN426_HUMAN,Homo sapiens,31.193,89.0,8.79e-36,144.0,Other non-arthropod,FLAG_REVIEW,7,7,sp|Q9BUY5|ZN426_HUMAN Zinc finger protein 426 OS=Homo sapiens OX=9606 GN=ZNF426 PE=1 SV=1
g24491.t1,sp|P98158|LRP2_RAT,Rattus norvegicus,41.339,99.0,0.0,3483.0,Other non-arthropod,FLAG_REVIEW,37,37,sp|P98158|LRP2_RAT Low-density lipoprotein receptor-related protein 2 OS=Rattus norvegicus OX=10116 GN=Lrp2 PE=1 SV=1
g24493.t1,sp|Q5W0V3|FHI2A_HUMAN,Homo sapiens,32.203,99.0,4.35e-50,185.0,Other non-arthropod,FLAG_REVIEW,4,4,sp|Q5W0V3|FHI2A_HUMAN FHF complex subunit HOOK interacting protein 2A OS=Homo sapiens OX=9606 GN=FHIP2A PE=1 SV=1
g24498.t1,tr|S3CM94|S3CM94_GLAL2,Glarea lozoyensis (strain ATCC 20868 / MF5171),30.03,80.0,9.87e-14,80.9,Other non-arthropod,FLAG_REVIEW,1,1,tr|S3CM94|S3CM94_GLAL2 Uncharacterized protein OS=Glarea lozoyensis (strain ATCC 20868 / MF5171) OX=1116229 GN=GLAREA_02231 PE=4 SV=1
g24503.t1,sp|Q9Y6M0|TEST_HUMAN,Homo sapiens,30.526,91.0,8.46e-08,58.9,Other non-arthropod,FLAG_REVIEW,1,1,sp|Q9Y6M0|TEST_HUMAN Testisin OS=Homo sapiens OX=9606 GN=PRSS21 PE=1 SV=1
g24514.t1,sp|Q54TR1|CFAD_DICDI,Dictyostelium discoideum,35.37,95.0,1.6e-81,271.0,Other non-arthropod,FLAG_REVIEW,1,1,sp|Q54TR1|CFAD_DICDI Counting factor associated protein D OS=Dictyostelium discoideum OX=44689 GN=cfaD PE=1 SV=1
g24527.t1,sp|Q9BG99|TREX1_BOVIN,Bos taurus,37.768,98.0,1.2200000000000001e-29,119.0,Other non-arthropod,FLAG_REVIEW,5,5,sp|Q9BG99|TREX1_BOVIN Three-prime repair exonuclease 1 OS=Bos taurus OX=9913 GN=TREX1 PE=1 SV=1
g24528.t1,sp|Q8BP47|SYNC_MOUSE,Mus musculus,68.124,99.0,0.0,822.0,Other non-arthropod,FLAG_REVIEW,5,5,"sp|Q8BP47|SYNC_MOUSE Asparagine--tRNA ligase, cytoplasmic OS=Mus musculus OX=10090 GN=Nars1 PE=1 SV=2"
g24534.t1,sp|O08762|NETR_MOUSE,Mus musculus,38.182,80.0,4.68e-37,146.0,Other non-arthropod,FLAG_REVIEW,16,16,sp|O08762|NETR_MOUSE Neurotrypsin OS=Mus musculus OX=10090 GN=Prss12 PE=1 SV=1
g24538.t1,sp|Q5ZI03|CIR1_CHICK,Gallus gallus,52.282,95.0,1.4199999999999999e-69,227.0,Other non-arthropod,FLAG_REVIEW,4,4,sp|Q5ZI03|CIR1_CHICK Corepressor of RBPJ and splicing regulator OS=Gallus gallus OX=9031 GN=CIRSR PE=2 SV=1
g24539.t1,sp|Q8TB96|TIP_HUMAN,Homo sapiens,37.739,96.0,5.9100000000000006e-117,366.0,Other non-arthropod,FLAG_REVIEW,3,3,sp|Q8TB96|TIP_HUMAN T-cell immunomodulatory protein OS=Homo sapiens OX=9606 GN=ITFG1 PE=1 SV=1
g24542.t1,sp|Q8N5L8|RP25L_HUMAN,Homo sapiens,40.58,77.0,4.7400000000000004e-26,103.0,Other non-arthropod,FLAG_REVIEW,5,5,sp|Q8N5L8|RP25L_HUMAN Ribonuclease P protein subunit p25-like protein OS=Homo sapiens OX=9606 GN=RPP25L PE=1 SV=1
g24551.t1,sp|P91119|PDE5_CAEEL,Caenorhabditis elegans,31.25,84.0,3.53e-77,266.0,Other non-arthropod,FLAG_REVIEW,1,1,"sp|P91119|PDE5_CAEEL Probable 3',5'-cyclic phosphodiesterase pde-5 OS=Caenorhabditis elegans OX=6239 GN=pde-5 PE=3 SV=3"
g24553.t1,sp|Q9GZR5|ELOV4_HUMAN,Homo sapiens,58.333,73.0,5.27e-26,105.0,Other non-arthropod,FLAG_REVIEW,5,5,sp|Q9GZR5|ELOV4_HUMAN Very long chain fatty acid elongase 4 OS=Homo sapiens OX=9606 GN=ELOVL4 PE=1 SV=1
g24556.t1,sp|E2RDZ6|SIR5_CANLF,Canis lupus familiaris,56.506,97.0,2.14e-110,327.0,Other non-arthropod,FLAG_REVIEW,5,5,"sp|E2RDZ6|SIR5_CANLF NAD-dependent protein deacylase sirtuin-5, mitochondrial OS=Canis lupus familiaris OX=9615 GN=SIRT5 PE=3 SV=1"
g24557.t1,sp|F1R345|DDX11_DANRE,Danio rerio,37.667,99.0,0.0,570.0,Other non-arthropod,FLAG_REVIEW,5,5,sp|F1R345|DDX11_DANRE ATP-dependent DNA helicase DDX11 OS=Danio rerio OX=7955 GN=ddx11 PE=2 SV=1
g24558.t1,sp|Q5R7D8|DCTN6_PONAB,Pongo abelii,49.133,88.0,1.53e-46,157.0,Other non-arthropod,FLAG_REVIEW,5,5,sp|Q5R7D8|DCTN6_PONAB Dynactin subunit 6 OS=Pongo abelii OX=9601 GN=DCTN6 PE=2 SV=1
g24559.t1,sp|Q49GP3|PI4KB_DANRE,Danio rerio,44.091,87.0,0.0,631.0,Other non-arthropod,FLAG_REVIEW,5,5,sp|Q49GP3|PI4KB_DANRE Phosphatidylinositol 4-kinase beta OS=Danio rerio OX=7955 GN=pi4kb PE=2 SV=2
g24561.t1,sp|Q8K4L0|DDX54_MOUSE,Mus musculus,45.698,89.0,0.0,569.0,Other non-arthropod,FLAG_REVIEW,5,5,sp|Q8K4L0|DDX54_MOUSE ATP-dependent RNA helicase DDX54 OS=Mus musculus OX=10090 GN=Ddx54 PE=1 SV=1
g24562.t1,sp|P07630|CAH2_CHICK,Gallus gallus,31.102,71.0,2.7e-21,98.6,Other non-arthropod,FLAG_REVIEW,1,1,sp|P07630|CAH2_CHICK Carbonic anhydrase 2 OS=Gallus gallus OX=9031 GN=CA2 PE=2 SV=3
g24564.t1,sp|P00916|CAH1_MACMU,Macaca mulatta,39.024,87.0,9.03e-17,80.9,Other non-arthropod,FLAG_REVIEW,5,5,sp|P00916|CAH1_MACMU Carbonic anhydrase 1 OS=Macaca mulatta OX=9544 GN=CA1 PE=1 SV=2
g24566.t1,sp|O75882|ATRN_HUMAN,Homo sapiens,51.765,92.0,2.5399999999999998e-42,157.0,Other non-arthropod,FLAG_REVIEW,5,5,sp|O75882|ATRN_HUMAN Attractin OS=Homo sapiens OX=9606 GN=ATRN PE=1 SV=2
g24568.t1,tr|S7RLR7|S7RLR7_GLOTA,Gloeophyllum trabeum (strain ATCC 11539 / FP-39264 / Madison 617),48.276,98.0,1.77e-11,63.9,Other non-arthropod,FLAG_REVIEW,5,5,tr|S7RLR7|S7RLR7_GLOTA Neutral ceramidase OS=Gloeophyllum trabeum (strain ATCC 11539 / FP-39264 / Madison 617) OX=670483 GN=GLOTRDRAFT_42042 PE=3 SV=1
g24572.t1,sp|Q9BH41|FAD9_ACHDO,Acheta domesticus,46.497,89.0,3.9000000000000003e-100,306.0,Other non-arthropod,FLAG_REVIEW,5,5,sp|Q9BH41|FAD9_ACHDO Acyl-CoA Delta-9 desaturase OS=Acheta domesticus OX=6997 PE=1 SV=1
g24575.t1,sp|Q8N988|ZN557_HUMAN,Homo sapiens,30.317,94.0,1.52e-18,91.3,Other non-arthropod,FLAG_REVIEW,10,10,sp|Q8N988|ZN557_HUMAN Zinc finger protein 557 OS=Homo sapiens OX=9606 GN=ZNF557 PE=1 SV=2
g24578.t1,sp|A4IGF3|ATP23_DANRE,Danio rerio,38.211,88.0,2.25e-48,167.0,Other non-arthropod,FLAG_REVIEW,3,3,sp|A4IGF3|ATP23_DANRE Mitochondrial inner membrane protease ATP23 homolog OS=Danio rerio OX=7955 GN=atp23 PE=2 SV=1
g24579.t1,sp|Q5RGE6|HSP7E_DANRE,Danio rerio,35.202,92.0,9.75e-86,278.0,Other non-arthropod,FLAG_REVIEW,5,5,sp|Q5RGE6|HSP7E_DANRE Heat shock 70 kDa protein 14 OS=Danio rerio OX=7955 GN=hspa14 PE=2 SV=1
g24583.t1,sp|Q0EEE2|PTHD3_MOUSE,Mus musculus,32.913,73.0,2.56e-159,504.0,Other non-arthropod,FLAG_REVIEW,3,3,sp|Q0EEE2|PTHD3_MOUSE Patched domain-containing protein 3 OS=Mus musculus OX=10090 GN=Ptchd3 PE=1 SV=1
g24593.t1,sp|O70525|PEX5_CAVPO,Cavia porcellus,52.419,98.0,3.38e-36,137.0,Other non-arthropod,FLAG_REVIEW,5,5,sp|O70525|PEX5_CAVPO Peroxisomal targeting signal 1 receptor OS=Cavia porcellus OX=10141 GN=PEX5 PE=2 SV=1
g24596.t1,sp|Q9JKW0|AR6P1_MOUSE,Mus musculus,30.168,92.0,3.74e-25,103.0,Other non-arthropod,FLAG_REVIEW,3,3,sp|Q9JKW0|AR6P1_MOUSE ADP-ribosylation factor-like protein 6-interacting protein 1 OS=Mus musculus OX=10090 GN=Arl6ip1 PE=1 SV=1
g24597.t1,sp|O60663|LMX1B_HUMAN,Homo sapiens,40.701,87.0,1.71e-76,248.0,Other non-arthropod,FLAG_REVIEW,5,5,sp|O60663|LMX1B_HUMAN LIM homeobox transcription factor 1-beta OS=Homo sapiens OX=9606 GN=LMX1B PE=1 SV=3
g24601.t1,tr|A0A507BFZ2|A0A507BFZ2_9FUNG,Synchytrium microbalum,37.209,90.0,2.22e-08,57.0,Other non-arthropod,FLAG_REVIEW,5,5,tr|A0A507BFZ2|A0A507BFZ2_9FUNG DNA-directed DNA polymerase OS=Synchytrium microbalum OX=1806994 GN=SmJEL517_g06297 PE=4 SV=1
g24603.t1,sp|Q8VEK0|CC50A_MOUSE,Mus musculus,53.374,92.0,1.85e-52,177.0,Other non-arthropod,FLAG_REVIEW,5,5,sp|Q8VEK0|CC50A_MOUSE Cell cycle control protein 50A OS=Mus musculus OX=10090 GN=Tmem30a PE=1 SV=1
g24604.t1,sp|Q8BHG1|NRDC_MOUSE,Mus musculus,39.918,89.0,0.0,720.0,Other non-arthropod,FLAG_REVIEW,5,5,sp|Q8BHG1|NRDC_MOUSE Nardilysin OS=Mus musculus OX=10090 GN=Nrdc PE=1 SV=1
g24606.t1,sp|Q5REY8|RM44_PONAB,Pongo abelii,39.13,89.0,1.95e-56,191.0,Other non-arthropod,FLAG_REVIEW,5,5,sp|Q5REY8|RM44_PONAB Large ribosomal subunit protein mL44 OS=Pongo abelii OX=9601 GN=MRPL44 PE=2 SV=2
g24609.t1,sp|P51528|PA1_VESMC,Vespula maculifrons,35.294,70.0,1.46e-09,62.0,Other non-arthropod,FLAG_REVIEW,1,1,sp|P51528|PA1_VESMC Phospholipase A1 OS=Vespula maculifrons OX=7453 PE=1 SV=1
g24610.t1,sp|Q9CZS1|AL1B1_MOUSE,Mus musculus,61.988,98.0,1.79e-65,215.0,Other non-arthropod,FLAG_REVIEW,5,5,"sp|Q9CZS1|AL1B1_MOUSE Aldehyde dehydrogenase family 1 member B1, mitochondrial OS=Mus musculus OX=10090 GN=Aldh1b1 PE=1 SV=1"
g24611.t1,tr|A0A4Y9YUT6|A0A4Y9YUT6_9AGAM,Dentipellis fragilis,40.26,95.0,5.06e-08,55.1,Other non-arthropod,FLAG_REVIEW,5,5,tr|A0A4Y9YUT6|A0A4Y9YUT6_9AGAM Uncharacterized protein OS=Dentipellis fragilis OX=205917 GN=EVG20_g4951 PE=4 SV=1
g24623.t1,sp|Q9Y2X3|NOP58_HUMAN,Homo sapiens,64.653,78.0,0.0,578.0,Other non-arthropod,FLAG_REVIEW,5,5,sp|Q9Y2X3|NOP58_HUMAN Nucleolar protein 58 OS=Homo sapiens OX=9606 GN=NOP58 PE=1 SV=1
g24630.t1,sp|Q80T41|GABR2_MOUSE,Mus musculus,41.093,72.0,0.0,650.0,Other non-arthropod,FLAG_REVIEW,3,3,sp|Q80T41|GABR2_MOUSE Gamma-aminobutyric acid type B receptor subunit 2 OS=Mus musculus OX=10090 GN=Gabbr2 PE=1 SV=2
g24633.t1,sp|Q90511|EI2BB_TAKRU,Takifugu rubripes,45.283,100.0,3.63e-58,193.0,Other non-arthropod,FLAG_REVIEW,5,5,sp|Q90511|EI2BB_TAKRU Translation initiation factor eIF2B subunit beta OS=Takifugu rubripes OX=31033 GN=eif2b2 PE=3 SV=1
g24638.t1,sp|P97535|PLA1A_RAT,Rattus norvegicus,31.399,78.0,7.21e-30,126.0,Other non-arthropod,FLAG_REVIEW,4,4,sp|P97535|PLA1A_RAT Phospholipase A1 member A OS=Rattus norvegicus OX=10116 GN=Pla1a PE=1 SV=1
g24641.t1,sp|A0A4X1TZW7|ENKUR_PIG,Sus scrofa,33.73,76.0,8.289999999999999e-23,102.0,Other non-arthropod,FLAG_REVIEW,4,4,sp|A0A4X1TZW7|ENKUR_PIG Enkurin OS=Sus scrofa OX=9823 GN=ENKUR PE=1 SV=1
g24642.t1,sp|Q9D4H8|CUL2_MOUSE,Mus musculus,38.8,99.0,0.0,571.0,Other non-arthropod,FLAG_REVIEW,5,5,sp|Q9D4H8|CUL2_MOUSE Cullin-2 OS=Mus musculus OX=10090 GN=Cul2 PE=1 SV=2
g24648.t1,sp|Q5UE96|KCNK1_RABIT,Oryctolagus cuniculus,44.848,98.0,3.75e-43,152.0,Other non-arthropod,FLAG_REVIEW,5,5,sp|Q5UE96|KCNK1_RABIT Potassium channel subfamily K member 1 OS=Oryctolagus cuniculus OX=9986 GN=KCNK1 PE=2 SV=1
g24659.t1,sp|Q6NU08|MTRAB_XENLA,Xenopus laevis,31.438,82.0,5.45e-83,285.0,Other non-arthropod,FLAG_REVIEW,4,4,sp|Q6NU08|MTRAB_XENLA Myotubularin-related protein 10-B OS=Xenopus laevis OX=8355 GN=mtmr10-b PE=2 SV=1
g24660.t1,sp|Q27HK4|MTX1_PIG,Sus scrofa,35.202,99.0,1.6200000000000001e-59,199.0,Other non-arthropod,FLAG_REVIEW,5,5,sp|Q27HK4|MTX1_PIG Metaxin-1 OS=Sus scrofa OX=9823 GN=MTX1 PE=2 SV=1
g24662.t1,tr|A0A2Z6SGU8|A0A2Z6SGU8_9GLOM,Rhizophagus clarus,35.556,70.0,2.67e-06,52.4,Other non-arthropod,FLAG_REVIEW,1,1,tr|A0A2Z6SGU8|A0A2Z6SGU8_9GLOM DDE Tnp4 domain-containing protein OS=Rhizophagus clarus OX=94130 GN=RclHR1_08750011 PE=3 SV=1
g24664.t1,sp|Q86X10|RLGPB_HUMAN,Homo sapiens,34.383,92.0,1.32e-101,350.0,Other non-arthropod,FLAG_REVIEW,3,3,sp|Q86X10|RLGPB_HUMAN Ral GTPase-activating protein subunit beta OS=Homo sapiens OX=9606 GN=RALGAPB PE=1 SV=1
g24665.t1,sp|P0DXW3|TXU11_MEGOP,Megalopyge opercularis,36.538,95.0,1.05e-07,52.8,Other non-arthropod,FLAG_REVIEW,1,1,sp|P0DXW3|TXU11_MEGOP U-megalopygitoxin(1)-Mo1 OS=Megalopyge opercularis OX=1113279 PE=1 SV=1
g24666.t1,sp|Q42524|4CL1_ARATH,Arabidopsis thaliana,40.53,91.0,1.55e-113,355.0,Other non-arthropod,FLAG_REVIEW,5,5,sp|Q42524|4CL1_ARATH 4-coumarate--CoA ligase 1 OS=Arabidopsis thaliana OX=3702 GN=4CL1 PE=1 SV=1
g24668.t1,tr|A0ACG8DNR7|A0ACG8DNR7_COCPS,Coccidioides posadasii (strain RMSCC 757 / Silveira),38.989,94.0,4.95e-109,343.0,Other non-arthropod,FLAG_REVIEW,5,5,tr|A0ACG8DNR7|A0ACG8DNR7_COCPS Uncharacterized protein OS=Coccidioides posadasii (strain RMSCC 757 / Silveira) OX=443226 GN=D8B26_008260 PE=4 SV=1
g24669.t1,sp|Q9M0X9|4CLL7_ARATH,Arabidopsis thaliana,37.153,93.0,1.8699999999999999e-106,337.0,Other non-arthropod,FLAG_REVIEW,5,5,sp|Q9M0X9|4CLL7_ARATH 4-coumarate--CoA ligase-like 7 OS=Arabidopsis thaliana OX=3702 GN=4CLL7 PE=1 SV=1
g24671.t1,sp|Q9GZM7|TINAL_HUMAN,Homo sapiens,40.69,83.0,2.9200000000000003e-26,110.0,Other non-arthropod,FLAG_REVIEW,5,5,sp|Q9GZM7|TINAL_HUMAN Tubulointerstitial nephritis antigen-like OS=Homo sapiens OX=9606 GN=TINAGL1 PE=1 SV=1
g24673.t1,sp|Q8BWM0|PGES2_MOUSE,Mus musculus,48.848,96.0,3.6e-60,200.0,Other non-arthropod,FLAG_REVIEW,5,5,sp|Q8BWM0|PGES2_MOUSE Prostaglandin E synthase 2 OS=Mus musculus OX=10090 GN=Ptges2 PE=1 SV=3
g24680.t1,tr|A0A3N6MH23|A0A3N6MH23_9EURY,Natrarchaeobius halalkaliphilus,30.435,96.0,2.51e-09,60.8,Bacterial,FLAG_POSSIBLE_CONTAMINATION,9,9,tr|A0A3N6MH23|A0A3N6MH23_9EURY Glutamate/valine-rich protein OS=Natrarchaeobius halalkaliphilus OX=1679091 GN=EA462_01685 PE=4 SV=1
g24682.t1,sp|P50544|ACADV_MOUSE,Mus musculus,58.294,82.0,2.57e-165,488.0,Other non-arthropod,FLAG_REVIEW,5,5,"sp|P50544|ACADV_MOUSE Very long-chain specific acyl-CoA dehydrogenase, mitochondrial OS=Mus musculus OX=10090 GN=Acadvl PE=1 SV=3"
g24683.t1,sp|P50544|ACADV_MOUSE,Mus musculus,34.118,99.0,2.94e-23,102.0,Other non-arthropod,FLAG_REVIEW,5,5,"sp|P50544|ACADV_MOUSE Very long-chain specific acyl-CoA dehydrogenase, mitochondrial OS=Mus musculus OX=10090 GN=Acadvl PE=1 SV=3"
g24701.t1,sp|P90850|YCF2E_CAEEL,Caenorhabditis elegans,41.063,91.0,5.21e-89,284.0,Other non-arthropod,FLAG_REVIEW,5,5,sp|P90850|YCF2E_CAEEL Uncharacterized peptidase C1-like protein F26E4.3 OS=Caenorhabditis elegans OX=6239 GN=F26E4.3 PE=1 SV=3
g24703.t1,tr|A0A8H7VQP5|A0A8H7VQP5_9FUNG,Circinella minor,30.877,82.0,1.2e-50,193.0,Other non-arthropod,FLAG_REVIEW,1,1,tr|A0A8H7VQP5|A0A8H7VQP5_9FUNG PiggyBac transposable element-derived protein domain-containing protein OS=Circinella minor OX=1195481 GN=INT45_000829 PE=4 SV=1
g24713.t1,sp|O89026|ROBO1_MOUSE,Mus musculus,44.304,74.0,3.0300000000000002e-86,312.0,Other non-arthropod,FLAG_REVIEW,6,6,sp|O89026|ROBO1_MOUSE Roundabout homolog 1 OS=Mus musculus OX=10090 GN=Robo1 PE=1 SV=1
g24715.t1,tr|A0A8H7QTM9|A0A8H7QTM9_9FUNG,Mucor saturninus,36.301,75.0,1.06e-15,79.0,Fungal,FLAG_POSSIBLE_CONTAMINATION,2,2,tr|A0A8H7QTM9|A0A8H7QTM9_9FUNG DUF6570 domain-containing protein OS=Mucor saturninus OX=64648 GN=INT47_000393 PE=4 SV=1
g24718.t1,sp|Q5BKR2|SL9B2_MOUSE,Mus musculus,32.692,87.0,5.2e-07,53.9,Other non-arthropod,FLAG_REVIEW,5,5,sp|Q5BKR2|SL9B2_MOUSE Sodium/hydrogen exchanger 9B2 OS=Mus musculus OX=10090 GN=Slc9b2 PE=1 SV=2
g24719.t1,sp|A0A6P3HVI0|SL9B2_BISBB,Bison bison bison,36.326,89.0,3.23e-78,262.0,Other non-arthropod,FLAG_REVIEW,5,5,sp|A0A6P3HVI0|SL9B2_BISBB Sodium/hydrogen exchanger 9B2 OS=Bison bison bison OX=43346 GN=SLC9B2 PE=1 SV=1
g24727.t1,sp|Q7ZVQ8|NS1BB_DANRE,Danio rerio,30.999,86.0,1.97e-92,309.0,Other non-arthropod,FLAG_REVIEW,2,2,sp|Q7ZVQ8|NS1BB_DANRE Influenza virus NS1A-binding protein homolog B OS=Danio rerio OX=7955 GN=ivns1abpb PE=2 SV=1
g24728.t1,sp|Q6IQX7|CHSS2_MOUSE,Mus musculus,30.042,90.0,1.15e-57,217.0,Other non-arthropod,FLAG_REVIEW,1,1,"sp|Q6IQX7|CHSS2_MOUSE Chondroitin-polymerizing factor, non-catalytic subunit OS=Mus musculus OX=10090 GN=Chpf PE=1 SV=1"
g24729.t1,sp|Q5M9P8|ARL6_DANRE,Danio rerio,43.229,96.0,1.04e-53,176.0,Other non-arthropod,FLAG_REVIEW,5,5,sp|Q5M9P8|ARL6_DANRE ADP-ribosylation factor-like protein 6 OS=Danio rerio OX=7955 GN=arl6 PE=2 SV=1
g24737.t1,sp|E7EXX2|S41A1_DANRE,Danio rerio,42.558,93.0,1.8699999999999998e-108,338.0,Other non-arthropod,FLAG_REVIEW,5,5,sp|E7EXX2|S41A1_DANRE Solute carrier family 41 member 1 OS=Danio rerio OX=7955 GN=slc41a1 PE=3 SV=1
g24739.t1,sp|Q5I146|PTPH2_MDBVW,Microplitis demolitor bracovirus (isolate Webb),41.919,70.0,9.38e-42,152.0,Other non-arthropod,FLAG_REVIEW,1,1,sp|Q5I146|PTPH2_MDBVW Tyrosine phosphatase H2 OS=Microplitis demolitor bracovirus (isolate Webb) OX=654919 GN=H2 PE=3 SV=1
g24742.t1,tr|A0A015JAK6|A0A015JAK6_RHIIW,Rhizophagus irregularis (strain DAOM 197198w),37.417,89.0,3.8799999999999995e-54,198.0,Other non-arthropod,FLAG_REVIEW,5,5,tr|A0A015JAK6|A0A015JAK6_RHIIW RNA-directed DNA polymerase OS=Rhizophagus irregularis (strain DAOM 197198w) OX=1432141 GN=RirG_122750 PE=4 SV=1
g24746.t1,sp|Q3TZ65|CMA1D_MOUSE,Mus musculus,35.745,95.0,3.18e-17,85.5,Other non-arthropod,FLAG_REVIEW,4,4,sp|Q3TZ65|CMA1D_MOUSE Protein CIMAP1D OS=Mus musculus OX=10090 GN=Cimap1d PE=2 SV=1
g24755.t1,sp|O54926|SIVA_MOUSE,Mus musculus,30.0,99.0,4.33e-10,62.0,Other non-arthropod,FLAG_REVIEW,1,1,sp|O54926|SIVA_MOUSE Apoptosis regulatory protein Siva OS=Mus musculus OX=10090 GN=Siva1 PE=1 SV=1
g24757.t1,tr|A0A9N9PDD7|A0A9N9PDD7_9GLOM,Cetraspora pellucida,32.295,91.0,8.949999999999999e-42,161.0,Other non-arthropod,FLAG_REVIEW,3,3,tr|A0A9N9PDD7|A0A9N9PDD7_9GLOM 5492_t:CDS:1 OS=Cetraspora pellucida OX=1433469 GN=CPELLU_LOCUS19004 PE=4 SV=1
g24759.t1,sp|P0C7P0|CISD3_HUMAN,Homo sapiens,37.931,83.0,3.6799999999999996e-23,94.4,Other non-arthropod,FLAG_REVIEW,1,1,"sp|P0C7P0|CISD3_HUMAN CDGSH iron-sulfur domain-containing protein 3, mitochondrial OS=Homo sapiens OX=9606 GN=CISD3 PE=1 SV=1"
g24760.t1,sp|Q7SY23|AL4A1_DANRE,Danio rerio,56.554,93.0,0.0,632.0,Other non-arthropod,FLAG_REVIEW,5,5,"sp|Q7SY23|AL4A1_DANRE Delta-1-pyrroline-5-carboxylate dehydrogenase, mitochondrial OS=Danio rerio OX=7955 GN=aldh4a1 PE=2 SV=1"
g24768.t1,sp|Q91579|CEL3A_XENLA,Xenopus laevis,51.404,89.0,1.24e-99,310.0,Other non-arthropod,FLAG_REVIEW,5,5,sp|Q91579|CEL3A_XENLA CUGBP Elav-like family member 3-A OS=Xenopus laevis OX=8355 GN=tnrc4-a PE=2 SV=2
g24773.t1,sp|Q80X72|LRC15_MOUSE,Mus musculus,35.484,85.0,3.7e-12,75.9,Other non-arthropod,FLAG_REVIEW,1,1,sp|Q80X72|LRC15_MOUSE Leucine-rich repeat-containing protein 15 OS=Mus musculus OX=10090 GN=Lrrc15 PE=1 SV=1
g24775.t1,sp|Q5U458|DJC11_MOUSE,Mus musculus,46.167,99.0,5.58e-163,483.0,Other non-arthropod,FLAG_REVIEW,5,5,sp|Q5U458|DJC11_MOUSE DnaJ homolog subfamily C member 11 OS=Mus musculus OX=10090 GN=Dnajc11 PE=1 SV=2
g24776.t1,sp|Q8CGF6|WDR47_MOUSE,Mus musculus,39.078,84.0,1.21e-80,278.0,Other non-arthropod,FLAG_REVIEW,2,2,sp|Q8CGF6|WDR47_MOUSE WD repeat-containing protein 47 OS=Mus musculus OX=10090 GN=Wdr47 PE=1 SV=2
g24779.t1,sp|Q8CGF6|WDR47_MOUSE,Mus musculus,56.522,96.0,6.07e-132,405.0,Other non-arthropod,FLAG_REVIEW,15,15,sp|Q8CGF6|WDR47_MOUSE WD repeat-containing protein 47 OS=Mus musculus OX=10090 GN=Wdr47 PE=1 SV=2
g24786.t1,sp|Q7Z3V4|UBE3B_HUMAN,Homo sapiens,66.253,99.0,0.0,692.0,Other non-arthropod,FLAG_REVIEW,5,5,sp|Q7Z3V4|UBE3B_HUMAN Ubiquitin-protein ligase E3B OS=Homo sapiens OX=9606 GN=UBE3B PE=1 SV=3
g24787.t1,sp|A4IFH4|PSF1_BOVIN,Bos taurus,49.495,100.0,2.65e-67,211.0,Other non-arthropod,FLAG_REVIEW,5,5,sp|A4IFH4|PSF1_BOVIN DNA replication complex GINS protein PSF1 OS=Bos taurus OX=9913 GN=GINS1 PE=2 SV=1
g24792.t1,sp|Q9CQS4|S2546_MOUSE,Mus musculus,38.72,79.0,1.63e-76,249.0,Other non-arthropod,FLAG_REVIEW,5,5,sp|Q9CQS4|S2546_MOUSE Mitochondrial outer membrane protein SLC25A46 OS=Mus musculus OX=10090 GN=Slc25a46 PE=1 SV=1
g24793.t1,sp|Q9BQ48|RM34_HUMAN,Homo sapiens,38.542,95.0,1.57e-07,51.6,Other non-arthropod,FLAG_REVIEW,1,1,sp|Q9BQ48|RM34_HUMAN Large ribosomal subunit protein bL34m OS=Homo sapiens OX=9606 GN=MRPL34 PE=1 SV=1
g24795.t1,sp|Q9UPR3|SMG5_HUMAN,Homo sapiens,34.184,77.0,6.31e-45,184.0,Other non-arthropod,FLAG_REVIEW,1,1,sp|Q9UPR3|SMG5_HUMAN Nonsense-mediated mRNA decay factor SMG5 OS=Homo sapiens OX=9606 GN=SMG5 PE=1 SV=3
g24800.t1,tr|A0A162PUA5|A0A162PUA5_PHYB8,Phycomyces blakesleeanus (strain ATCC 8743b / DSM 1359 / FGSC 10004 / NBRC 33097 / NRRL 1555),44.737,93.0,2.11e-08,55.5,Other non-arthropod,FLAG_REVIEW,6,6,tr|A0A162PUA5|A0A162PUA5_PHYB8 Uncharacterized protein OS=Phycomyces blakesleeanus (strain ATCC 8743b / DSM 1359 / FGSC 10004 / NBRC 33097 / NRRL 1555) OX=763407 GN=PHYBLDRAFT_143033 PE=4 SV=1
g24801.t1,tr|A0A9P6ZLR6|A0A9P6ZLR6_9AGAM,Suillus placidus,47.753,98.0,2.28e-27,109.0,Other non-arthropod,FLAG_REVIEW,13,13,tr|A0A9P6ZLR6|A0A9P6ZLR6_9AGAM Uncharacterized protein OS=Suillus placidus OX=48579 GN=EV702DRAFT_1202339 PE=4 SV=1
g24805.t1,sp|Q05B18|SHQ1_XENTR,Xenopus tropicalis,32.046,73.0,1.02e-36,145.0,Other non-arthropod,FLAG_REVIEW,4,4,sp|Q05B18|SHQ1_XENTR Protein SHQ1 homolog OS=Xenopus tropicalis OX=8364 GN=shq1 PE=2 SV=1
g24808.t1,sp|Q95X01|MYRO1_BREBR,Brevicoryne brassicae,45.085,94.0,2.5000000000000002e-145,431.0,Other non-arthropod,FLAG_REVIEW,7,7,sp|Q95X01|MYRO1_BREBR Myrosinase 1 OS=Brevicoryne brassicae OX=69196 PE=1 SV=1
g24810.t1,sp|Q964T2|CP9E2_BLAGE,Blattella germanica,40.606,98.0,7.35e-121,370.0,Other non-arthropod,FLAG_REVIEW,5,5,sp|Q964T2|CP9E2_BLAGE Cytochrome P450 9e2 OS=Blattella germanica OX=6973 GN=CYP9E2 PE=2 SV=1
g24811.t1,sp|Q964T2|CP9E2_BLAGE,Blattella germanica,41.144,99.0,4.73e-137,414.0,Other non-arthropod,FLAG_REVIEW,5,5,sp|Q964T2|CP9E2_BLAGE Cytochrome P450 9e2 OS=Blattella germanica OX=6973 GN=CYP9E2 PE=2 SV=1
g24813.t1,sp|Q6TEK8|VKORL_TAKRU,Takifugu rubripes,39.241,77.0,6.75e-29,112.0,Other non-arthropod,FLAG_REVIEW,2,2,sp|Q6TEK8|VKORL_TAKRU Vitamin K epoxide reductase complex subunit 1-like protein 1 OS=Takifugu rubripes OX=31033 GN=vkorc1l1 PE=1 SV=1
g24822.t1,tr|A0A2Z6SHB0|A0A2Z6SHB0_9GLOM,Rhizophagus clarus,47.059,85.0,1.9e-19,84.3,Other non-arthropod,FLAG_REVIEW,1,1,tr|A0A2Z6SHB0|A0A2Z6SHB0_9GLOM Uncharacterized protein OS=Rhizophagus clarus OX=94130 GN=RclHR1_00930028 PE=4 SV=1
g24825.t1,tr|A0A2Z6SI84|A0A2Z6SI84_9GLOM,Rhizophagus clarus,96.262,84.0,1.16e-68,214.0,Other non-arthropod,FLAG_REVIEW,5,5,tr|A0A2Z6SI84|A0A2Z6SI84_9GLOM Senescence-associated protein OS=Rhizophagus clarus OX=94130 GN=RclHR1_00930030 PE=4 SV=1
g24835.t3,sp|P30349|LKHA4_RAT,Rattus norvegicus,45.295,89.0,0.0,566.0,Other non-arthropod,FLAG_REVIEW,5,5,sp|P30349|LKHA4_RAT Leukotriene A-4 hydrolase OS=Rattus norvegicus OX=10116 GN=Lta4h PE=1 SV=3
g24837.t1,sp|Q9CWK8|SNX2_MOUSE,Mus musculus,50.605,98.0,1.62e-145,430.0,Other non-arthropod,FLAG_REVIEW,5,5,sp|Q9CWK8|SNX2_MOUSE Sorting nexin-2 OS=Mus musculus OX=10090 GN=Snx2 PE=1 SV=2
g24838.t1,sp|Q96M27|PRRC1_HUMAN,Homo sapiens,41.538,70.0,9.69e-57,198.0,Other non-arthropod,FLAG_REVIEW,3,3,sp|Q96M27|PRRC1_HUMAN Protein PRRC1 OS=Homo sapiens OX=9606 GN=PRRC1 PE=1 SV=1
g24846.t1,sp|O75356|ENTP5_HUMAN,Homo sapiens,36.148,88.0,2.4e-64,219.0,Other non-arthropod,FLAG_REVIEW,5,5,sp|O75356|ENTP5_HUMAN Nucleoside diphosphate phosphatase ENTPD5 OS=Homo sapiens OX=9606 GN=ENTPD5 PE=1 SV=1
g24847.t1,sp|Q9XU84|UDA1_CAEEL,Caenorhabditis elegans,33.333,95.0,1.39e-43,160.0,Other non-arthropod,FLAG_REVIEW,5,5,sp|Q9XU84|UDA1_CAEEL Nucleoside-diphosphatase uda-1 OS=Caenorhabditis elegans OX=6239 GN=uda-1 PE=1 SV=1
g24848.t1,sp|Q27954|COPA_BOVIN,Bos taurus,66.889,98.0,0.0,1065.0,Other non-arthropod,FLAG_REVIEW,7,7,sp|Q27954|COPA_BOVIN Coatomer subunit alpha OS=Bos taurus OX=9913 GN=COPA PE=1 SV=1
g24849.t1,sp|Q7ZT01|PSF3_XENLA,Xenopus laevis,32.653,98.0,1.74e-32,122.0,Other non-arthropod,FLAG_REVIEW,4,4,sp|Q7ZT01|PSF3_XENLA DNA replication complex GINS protein PSF3 OS=Xenopus laevis OX=8355 GN=gins3 PE=1 SV=1
g24850.t1,sp|P51166|CDK5_XENLA,Xenopus laevis,82.818,98.0,0.0,506.0,Other non-arthropod,FLAG_REVIEW,5,5,sp|P51166|CDK5_XENLA Cyclin-dependent-like kinase 5 OS=Xenopus laevis OX=8355 GN=cdk5 PE=2 SV=1
g24852.t1,sp|Q5H8A4|PIGG_HUMAN,Homo sapiens,32.632,78.0,6.77e-90,316.0,Other non-arthropod,FLAG_REVIEW,2,2,"sp|Q5H8A4|PIGG_HUMAN GPI ethanolamine phosphate transferase 2, catalytic subunit OS=Homo sapiens OX=9606 GN=PIGG PE=1 SV=1"
g24857.t1,tr|A0A151GS11|A0A151GS11_DRECN,Drechmeria coniospora,34.783,98.0,3.34e-24,104.0,Other non-arthropod,FLAG_REVIEW,46,46,tr|A0A151GS11|A0A151GS11_DRECN Kelch-type beta propeller OS=Drechmeria coniospora OX=98403 GN=DCS_01033 PE=4 SV=1
g24865.t1,sp|Q03701|CEBPZ_HUMAN,Homo sapiens,33.909,91.0,4.14e-158,502.0,Other non-arthropod,FLAG_REVIEW,3,3,sp|Q03701|CEBPZ_HUMAN CCAAT/enhancer-binding protein zeta OS=Homo sapiens OX=9606 GN=CEBPZ PE=1 SV=3
g24867.t1,sp|Q91048|PTK7_CHICK,Gallus gallus,34.711,95.0,1.27e-102,343.0,Other non-arthropod,FLAG_REVIEW,7,7,sp|Q91048|PTK7_CHICK Inactive tyrosine-protein kinase 7 OS=Gallus gallus OX=9031 GN=PTK7 PE=2 SV=1
g24877.t1,sp|P35738|ODBB_RAT,Rattus norvegicus,68.116,94.0,0.0,526.0,Other non-arthropod,FLAG_REVIEW,5,5,"sp|P35738|ODBB_RAT 2-oxoisovalerate dehydrogenase subunit beta, mitochondrial OS=Rattus norvegicus OX=10116 GN=Bckdhb PE=1 SV=3"
g24884.t1,sp|O60243|H6ST1_HUMAN,Homo sapiens,54.839,81.0,1.36e-78,249.0,Other non-arthropod,FLAG_REVIEW,5,5,sp|O60243|H6ST1_HUMAN Heparan-sulfate 6-O-sulfotransferase 1 OS=Homo sapiens OX=9606 GN=HS6ST1 PE=1 SV=5
g24887.t1,sp|P35502|ESTF_MYZPE,Myzus persicae,30.407,80.0,1.09e-53,198.0,Other non-arthropod,FLAG_REVIEW,1,1,sp|P35502|ESTF_MYZPE Esterase FE4 OS=Myzus persicae OX=13164 PE=1 SV=1
g24888.t1,sp|A0A8B0RBM2|ACES_BOMIG,Bombus ignitus,31.717,84.0,1.98e-62,221.0,Other non-arthropod,FLAG_REVIEW,5,5,sp|A0A8B0RBM2|ACES_BOMIG Carboxylic ester hydrolase OS=Bombus ignitus OX=130704 GN=vCaE PE=1 SV=1
g24896.t1,sp|Q9BX68|HINT2_HUMAN,Homo sapiens,60.465,77.0,7.1e-48,159.0,Other non-arthropod,FLAG_REVIEW,4,4,sp|Q9BX68|HINT2_HUMAN Adenosine 5'-monophosphoramidase HINT2 OS=Homo sapiens OX=9606 GN=HINT2 PE=1 SV=1
g24900.t1,sp|Q9R1K5|FZR1_MOUSE,Mus musculus,68.86,83.0,0.0,621.0,Other non-arthropod,FLAG_REVIEW,4,4,sp|Q9R1K5|FZR1_MOUSE Fizzy-related protein homolog OS=Mus musculus OX=10090 GN=Fzr1 PE=1 SV=1
g24902.t1,sp|Q8IUH3|RBM45_HUMAN,Homo sapiens,36.59,96.0,4.89e-84,273.0,Other non-arthropod,FLAG_REVIEW,3,3,sp|Q8IUH3|RBM45_HUMAN RNA-binding protein 45 OS=Homo sapiens OX=9606 GN=RBM45 PE=1 SV=1
g24908.t1,sp|Q7ZXF5|FACR1_XENLA,Xenopus laevis,41.667,98.0,4.79e-09,57.4,Other non-arthropod,FLAG_REVIEW,5,5,sp|Q7ZXF5|FACR1_XENLA Fatty acyl-CoA reductase 1 OS=Xenopus laevis OX=8355 GN=far1 PE=2 SV=1
g24913.t1,sp|Q8HY11|CLC4M_SYMSY,Symphalangus syndactylus,30.303,99.0,7.97e-09,60.1,Other non-arthropod,FLAG_REVIEW,1,1,sp|Q8HY11|CLC4M_SYMSY C-type lectin domain family 4 member M OS=Symphalangus syndactylus OX=9590 GN=CLEC4M PE=3 SV=1
g24915.t1,sp|P45589|CU12_HYACE,Hyalophora cecropia,54.286,98.0,3.93e-28,104.0,Other non-arthropod,FLAG_REVIEW,5,5,sp|P45589|CU12_HYACE Flexible cuticle protein 12 OS=Hyalophora cecropia OX=7123 GN=CP12 PE=2 SV=1
g24917.t1,sp|Q58EB4|HIBCH_DANRE,Danio rerio,48.603,93.0,4.94e-113,340.0,Other non-arthropod,FLAG_REVIEW,5,5,"sp|Q58EB4|HIBCH_DANRE 3-hydroxyisobutyryl-CoA hydrolase, mitochondrial OS=Danio rerio OX=7955 GN=hibch PE=2 SV=1"
g24918.t1,sp|S4R2K0|DEFM_MOUSE,Mus musculus,38.172,92.0,4.7799999999999997e-42,154.0,Other non-arthropod,FLAG_REVIEW,8,8,"sp|S4R2K0|DEFM_MOUSE Peptide deformylase, mitochondrial OS=Mus musculus OX=10090 GN=Pdf PE=3 SV=1"
g24923.t1,sp|Q1LXK4|M10B1_DANRE,Danio rerio,33.666,85.0,2.9e-114,380.0,Other non-arthropod,FLAG_REVIEW,3,3,sp|Q1LXK4|M10B1_DANRE Probable RNA helicase mov-10-B.1 OS=Danio rerio OX=7955 GN=mov10b.1 PE=2 SV=2
g24924.t1,sp|A4IF87|GNPAT_BOVIN,Bos taurus,35.772,72.0,4.1700000000000004e-77,266.0,Other non-arthropod,FLAG_REVIEW,2,2,sp|A4IF87|GNPAT_BOVIN Dihydroxyacetone phosphate acyltransferase OS=Bos taurus OX=9913 GN=GNPAT PE=2 SV=1
g24931.t1,sp|A7MBE0|S22A1_BOVIN,Bos taurus,30.601,95.0,1.22e-63,224.0,Other non-arthropod,FLAG_REVIEW,1,1,sp|A7MBE0|S22A1_BOVIN Solute carrier family 22 member 1 OS=Bos taurus OX=9913 GN=SLC22A1 PE=2 SV=1
g24932.t1,sp|Q9WTN6|S22AL_MOUSE,Mus musculus,30.041,97.0,8.16e-67,231.0,Other non-arthropod,FLAG_REVIEW,5,5,sp|Q9WTN6|S22AL_MOUSE Solute carrier family 22 member 21 OS=Mus musculus OX=10090 GN=Slc22a21 PE=2 SV=1
g24938.t1,sp|Q5R4X0|IMPA1_PONAB,Pongo abelii,47.445,100.0,3.19e-89,272.0,Other non-arthropod,FLAG_REVIEW,5,5,sp|Q5R4X0|IMPA1_PONAB Inositol monophosphatase 1 OS=Pongo abelii OX=9601 GN=IMPA1 PE=2 SV=1
g24947.t1,sp|A0A8M9Q308|FLC2B_DANRE,Danio rerio,50.376,100.0,5.31e-84,266.0,Other non-arthropod,FLAG_REVIEW,5,5,sp|A0A8M9Q308|FLC2B_DANRE Choline/ethanolamine transporter flvcr2b OS=Danio rerio OX=7955 GN=flvcr2b PE=3 SV=1
g24950.t1,sp|P0DN14|VKTA_ANEVI,Anemonia viridis,45.833,91.0,6.38e-17,74.7,Other non-arthropod,FLAG_REVIEW,5,5,sp|P0DN14|VKTA_ANEVI U-actitoxin-Avd3m OS=Anemonia viridis OX=51769 PE=3 SV=1
g24953.t1,sp|P10978|POLX_TOBAC,Nicotiana tabacum,30.109,91.0,4.03e-98,341.0,Other non-arthropod,FLAG_REVIEW,2,2,sp|P10978|POLX_TOBAC Retrovirus-related Pol polyprotein from transposon TNT 1-94 OS=Nicotiana tabacum OX=4097 PE=2 SV=1
g24957.t1,sp|Q9WTK8|SPO11_MOUSE,Mus musculus,35.057,72.0,2.43e-65,222.0,Other non-arthropod,FLAG_REVIEW,4,4,sp|Q9WTK8|SPO11_MOUSE Meiotic recombination protein SPO11 OS=Mus musculus OX=10090 GN=Spo11 PE=1 SV=2
g24967.t1,sp|Q95KE5|RM43_BOVIN,Bos taurus,43.836,97.0,1.91e-14,70.1,Other non-arthropod,FLAG_REVIEW,5,5,sp|Q95KE5|RM43_BOVIN Large ribosomal subunit protein mL43 OS=Bos taurus OX=9913 GN=MRPL43 PE=2 SV=2
g24971.t1,sp|E0X9F6|THAP1_THAPI,Thaumetopoea pityocampa,36.885,97.0,5.86e-14,70.1,Other non-arthropod,FLAG_REVIEW,2,2,sp|E0X9F6|THAP1_THAPI Allergen Tha p 1 OS=Thaumetopoea pityocampa OX=208016 PE=1 SV=1
g24972.t1,sp|E0X9F6|THAP1_THAPI,Thaumetopoea pityocampa,36.885,76.0,2.44e-13,69.7,Other non-arthropod,FLAG_REVIEW,2,2,sp|E0X9F6|THAP1_THAPI Allergen Tha p 1 OS=Thaumetopoea pityocampa OX=208016 PE=1 SV=1
g24976.t1,sp|Q7YR39|DHX16_PANTR,Pan troglodytes,62.896,99.0,0.0,1184.0,Other non-arthropod,FLAG_REVIEW,5,5,sp|Q7YR39|DHX16_PANTR Pre-mRNA-splicing factor ATP-dependent RNA helicase DHX16 OS=Pan troglodytes OX=9598 GN=DHX16 PE=3 SV=1
g24987.t1,sp|O93479|ORC4_XENLA,Xenopus laevis,37.149,94.0,2.6599999999999996e-82,268.0,Other non-arthropod,FLAG_REVIEW,5,5,sp|O93479|ORC4_XENLA Origin recognition complex subunit 4 OS=Xenopus laevis OX=8355 GN=orc4 PE=2 SV=1
g24990.t1,tr|A0A015JYP1|A0A015JYP1_RHIIW,Rhizophagus irregularis (strain DAOM 197198w),31.746,77.0,1e-06,54.7,Other non-arthropod,FLAG_REVIEW,1,1,tr|A0A015JYP1|A0A015JYP1_RHIIW DDE Tnp4 domain-containing protein OS=Rhizophagus irregularis (strain DAOM 197198w) OX=1432141 GN=RirG_182340 PE=3 SV=1
g25000.t1,sp|O77469|FBLN1_CAEEL,Caenorhabditis elegans,36.17,87.0,1.6e-31,132.0,Other non-arthropod,FLAG_REVIEW,20,20,sp|O77469|FBLN1_CAEEL Fibulin-1 OS=Caenorhabditis elegans OX=6239 GN=fbl-1 PE=1 SV=3
g25002.t1,sp|P30531|SC6A1_HUMAN,Homo sapiens,57.627,96.0,0.0,707.0,Other non-arthropod,FLAG_REVIEW,5,5,sp|P30531|SC6A1_HUMAN Sodium- and chloride-dependent GABA transporter 1 OS=Homo sapiens OX=9606 GN=SLC6A1 PE=1 SV=2
g25030.t1,sp|Q96AY4|TTC28_HUMAN,Homo sapiens,49.848,82.0,0.0,1863.0,Other non-arthropod,FLAG_REVIEW,2,2,sp|Q96AY4|TTC28_HUMAN Tetratricopeptide repeat protein 28 OS=Homo sapiens OX=9606 GN=TTC28 PE=1 SV=4
g25040.t1,sp|Q04519|ASM_MOUSE,Mus musculus,43.889,76.0,2.6299999999999997e-147,449.0,Other non-arthropod,FLAG_REVIEW,5,5,sp|Q04519|ASM_MOUSE Sphingomyelin phosphodiesterase OS=Mus musculus OX=10090 GN=Smpd1 PE=1 SV=2
g25043.t1,sp|Q2TA17|ZN668_BOVIN,Bos taurus,31.98,73.0,2.92e-18,94.0,Other non-arthropod,FLAG_REVIEW,1,1,sp|Q2TA17|ZN668_BOVIN Zinc finger protein 668 OS=Bos taurus OX=9913 GN=ZNF668 PE=2 SV=2
g25046.t1,sp|Q13136|LIPA1_HUMAN,Homo sapiens,48.815,99.0,0.0,860.0,Other non-arthropod,FLAG_REVIEW,5,5,sp|Q13136|LIPA1_HUMAN Liprin-alpha-1 OS=Homo sapiens OX=9606 GN=PPFIA1 PE=1 SV=1
g25047.t1,tr|A0A507EG94|A0A507EG94_9FUNG,Powellomyces hirtus,51.525,96.0,4.1999999999999995e-82,275.0,Other non-arthropod,FLAG_REVIEW,5,5,tr|A0A507EG94|A0A507EG94_9FUNG Bms1-type G domain-containing protein OS=Powellomyces hirtus OX=109895 GN=PhCBS80983_g00497 PE=3 SV=1
g25048.t1,tr|A0A9N9B309|A0A9N9B309_9GLOM,Cetraspora pellucida,42.092,99.0,1.67e-175,540.0,Other non-arthropod,FLAG_REVIEW,5,5,tr|A0A9N9B309|A0A9N9B309_9GLOM 4118_t:CDS:1 OS=Cetraspora pellucida OX=1433469 GN=CPELLU_LOCUS4848 PE=3 SV=1
g25052.t1,sp|Q9QXL1|KI21B_MOUSE,Mus musculus,32.562,98.0,0.0,719.0,Other non-arthropod,FLAG_REVIEW,6,6,sp|Q9QXL1|KI21B_MOUSE Kinesin-like protein KIF21B OS=Mus musculus OX=10090 GN=Kif21b PE=1 SV=2
g25055.t1,sp|P20273|CD22_HUMAN,Homo sapiens,31.356,84.0,5.64e-07,54.7,Other non-arthropod,FLAG_REVIEW,1,1,sp|P20273|CD22_HUMAN B-cell receptor CD22 OS=Homo sapiens OX=9606 GN=CD22 PE=1 SV=2
g25062.t2,sp|P19602|LKHA4_CAVPO,Cavia porcellus,35.878,86.0,4.36e-47,172.0,Other non-arthropod,FLAG_REVIEW,5,5,sp|P19602|LKHA4_CAVPO Leukotriene A-4 hydrolase OS=Cavia porcellus OX=10141 GN=LTA4H PE=1 SV=3
g25063.t1,sp|Q8BGE6|ATG4B_MOUSE,Mus musculus,49.143,89.0,5.620000000000001e-110,333.0,Other non-arthropod,FLAG_REVIEW,5,5,sp|Q8BGE6|ATG4B_MOUSE Cysteine protease ATG4B OS=Mus musculus OX=10090 GN=Atg4b PE=1 SV=2
g25064.t1,sp|Q8BZW8|NHLC2_MOUSE,Mus musculus,42.832,76.0,2.17e-146,452.0,Other non-arthropod,FLAG_REVIEW,5,5,sp|Q8BZW8|NHLC2_MOUSE NHL repeat-containing protein 2 OS=Mus musculus OX=10090 GN=Nhlrc2 PE=1 SV=1
g25079.t1,sp|A9JSE7|MIF_XENTR,Xenopus tropicalis,35.526,93.0,8.09e-16,72.8,Other non-arthropod,FLAG_REVIEW,5,5,sp|A9JSE7|MIF_XENTR Macrophage migration inhibitory factor OS=Xenopus tropicalis OX=8364 GN=mif PE=3 SV=1
g25080.t1,sp|Q1ZZU7|MIF_SHEEP,Ovis aries,35.965,97.0,4.63e-22,90.1,Other non-arthropod,FLAG_REVIEW,5,5,sp|Q1ZZU7|MIF_SHEEP Macrophage migration inhibitory factor OS=Ovis aries OX=9940 GN=MIF PE=3 SV=1
g25081.t1,sp|Q02960|MIF_CHICK,Gallus gallus,34.0,89.0,8.56e-16,73.9,Other non-arthropod,FLAG_REVIEW,5,5,sp|Q02960|MIF_CHICK Macrophage migration inhibitory factor OS=Gallus gallus OX=9031 GN=MIF PE=3 SV=3
g25084.t1,sp|Q03347|RUNX1_MOUSE,Mus musculus,76.923,92.0,4.33e-68,218.0,Other non-arthropod,FLAG_REVIEW,5,5,sp|Q03347|RUNX1_MOUSE Runt-related transcription factor 1 OS=Mus musculus OX=10090 GN=Runx1 PE=1 SV=1
g25086.t1,sp|Q8I4E2|LST4_CAEEL,Caenorhabditis elegans,36.301,98.0,1.61e-112,352.0,Other non-arthropod,FLAG_REVIEW,5,5,sp|Q8I4E2|LST4_CAEEL Sorting nexin lst-4 OS=Caenorhabditis elegans OX=6239 GN=lst-4 PE=1 SV=1
g25087.t1,sp|P48509|CD151_HUMAN,Homo sapiens,42.917,88.0,7.739999999999999e-52,176.0,Other non-arthropod,FLAG_REVIEW,5,5,sp|P48509|CD151_HUMAN CD151 antigen OS=Homo sapiens OX=9606 GN=CD151 PE=1 SV=3
g25089.t1,tr|A0A8H7QTM9|A0A8H7QTM9_9FUNG,Mucor saturninus,36.301,75.0,1.06e-15,79.0,Fungal,FLAG_POSSIBLE_CONTAMINATION,2,2,tr|A0A8H7QTM9|A0A8H7QTM9_9FUNG DUF6570 domain-containing protein OS=Mucor saturninus OX=64648 GN=INT47_000393 PE=4 SV=1
g25092.t1,sp|Q60809|CNOT7_MOUSE,Mus musculus,68.621,90.0,8.339999999999999e-142,408.0,Other non-arthropod,FLAG_REVIEW,5,5,sp|Q60809|CNOT7_MOUSE CCR4-NOT transcription complex subunit 7 OS=Mus musculus OX=10090 GN=Cnot7 PE=1 SV=1
g25099.t1,sp|Q8TBB6|S7A14_HUMAN,Homo sapiens,67.241,82.0,3.57e-18,83.6,Other non-arthropod,FLAG_REVIEW,4,4,sp|Q8TBB6|S7A14_HUMAN Solute carrier family 7 member 14 OS=Homo sapiens OX=9606 GN=SLC7A14 PE=1 SV=3
g25101.t1,tr|A0A1X2G625|A0A1X2G625_9FUNG,Hesseltinella vesiculosa,31.897,85.0,7.09e-16,88.6,Other non-arthropod,FLAG_REVIEW,5,5,tr|A0A1X2G625|A0A1X2G625_9FUNG Uncharacterized protein OS=Hesseltinella vesiculosa OX=101127 GN=DM01DRAFT_1349128 PE=4 SV=1
g25109.t1,sp|Q9CQJ4|RING2_MOUSE,Mus musculus,51.213,97.0,1.55e-117,350.0,Other non-arthropod,FLAG_REVIEW,5,5,sp|Q9CQJ4|RING2_MOUSE E3 ubiquitin-protein ligase RING2 OS=Mus musculus OX=10090 GN=Rnf2 PE=1 SV=1
g25113.t1,sp|P34455|ACON_CAEEL,Caenorhabditis elegans,77.097,95.0,0.0,1187.0,Other non-arthropod,FLAG_REVIEW,5,5,"sp|P34455|ACON_CAEEL Probable aconitate hydratase, mitochondrial OS=Caenorhabditis elegans OX=6239 GN=aco-2 PE=3 SV=2"
g25123.t3,sp|P52505|ACPM_BOVIN,Bos taurus,52.985,70.0,1.35e-39,139.0,Other non-arthropod,FLAG_REVIEW,1,1,"sp|P52505|ACPM_BOVIN Acyl carrier protein, mitochondrial OS=Bos taurus OX=9913 GN=NDUFAB1 PE=1 SV=2"
g25124.t1,sp|Q8R1F6|HID1_MOUSE,Mus musculus,64.531,100.0,0.0,1101.0,Other non-arthropod,FLAG_REVIEW,5,5,sp|Q8R1F6|HID1_MOUSE Protein HID1 OS=Mus musculus OX=10090 GN=Hid1 PE=1 SV=1
g25127.t1,sp|Q5M9B1|SPSB3_XENLA,Xenopus laevis,38.683,91.0,1.55e-44,160.0,Other non-arthropod,FLAG_REVIEW,5,5,sp|Q5M9B1|SPSB3_XENLA SPRY domain-containing SOCS box protein 3 OS=Xenopus laevis OX=8355 GN=spsb3 PE=2 SV=1
g25134.t1,sp|Q01405|SC23A_MOUSE,Mus musculus,74.806,100.0,0.0,1241.0,Other non-arthropod,FLAG_REVIEW,5,5,sp|Q01405|SC23A_MOUSE Protein transport protein Sec23A OS=Mus musculus OX=10090 GN=Sec23a PE=1 SV=2
g25135.t1,sp|Q3SYS6|CHP1_BOVIN,Bos taurus,69.333,100.0,2.58e-28,106.0,Other non-arthropod,FLAG_REVIEW,5,5,sp|Q3SYS6|CHP1_BOVIN Calcineurin B homologous protein 1 OS=Bos taurus OX=9913 GN=CHP1 PE=2 SV=1
g25154.t1,sp|Q9HCN4|GPN1_HUMAN,Homo sapiens,63.696,80.0,7.669999999999999e-128,378.0,Other non-arthropod,FLAG_REVIEW,4,4,sp|Q9HCN4|GPN1_HUMAN GPN-loop GTPase 1 OS=Homo sapiens OX=9606 GN=GPN1 PE=1 SV=1
g25155.t1,tr|A0A2P4P0M3|A0A2P4P0M3_RHIID,Rhizophagus irregularis (strain DAOM 181602 / DAOM 197198 / MUCL 43194),46.569,74.0,3.74e-56,187.0,Other non-arthropod,FLAG_REVIEW,5,5,tr|A0A2P4P0M3|A0A2P4P0M3_RHIID FAD synthase OS=Rhizophagus irregularis (strain DAOM 181602 / DAOM 197198 / MUCL 43194) OX=747089 GN=GLOIN_2v1726410 PE=4 SV=1
g25158.t1,sp|P52183|ANNU_SCHAM,Schistocerca americana,51.977,93.0,1.3600000000000002e-129,396.0,Other non-arthropod,FLAG_REVIEW,5,5,sp|P52183|ANNU_SCHAM Annulin OS=Schistocerca americana OX=7009 PE=2 SV=1
g25163.t1,tr|A0A3D8S0U7|A0A3D8S0U7_9HELO,Coleophoma cylindrospora,31.179,90.0,2.1e-14,81.3,Other non-arthropod,FLAG_REVIEW,16,16,tr|A0A3D8S0U7|A0A3D8S0U7_9HELO Rhodopsin domain-containing protein OS=Coleophoma cylindrospora OX=1849047 GN=BP6252_04352 PE=4 SV=1
g25171.t1,sp|P49020|TMED2_CRIGR,Cricetulus griseus,71.591,70.0,9.44e-41,140.0,Other non-arthropod,FLAG_REVIEW,2,2,sp|P49020|TMED2_CRIGR Transmembrane emp24 domain-containing protein 2 (Fragment) OS=Cricetulus griseus OX=10029 GN=TMED2 PE=1 SV=1
g25174.t1,sp|E9PSL7|CTRO_RAT,Rattus norvegicus,30.833,92.0,4.99e-97,344.0,Other non-arthropod,FLAG_REVIEW,3,3,sp|E9PSL7|CTRO_RAT Citron rho-interacting kinase OS=Rattus norvegicus OX=10116 GN=Cit PE=1 SV=1
g25178.t1,sp|Q810B6|ANFY1_MOUSE,Mus musculus,47.335,99.0,0.0,820.0,Other non-arthropod,FLAG_REVIEW,3,3,sp|Q810B6|ANFY1_MOUSE Ankyrin repeat and FYVE domain-containing protein 1 OS=Mus musculus OX=10090 GN=Ankfy1 PE=1 SV=2
g25195.t1,sp|Q1ECX4|TLK2_DANRE,Danio rerio,54.958,88.0,0.0,698.0,Other non-arthropod,FLAG_REVIEW,5,5,sp|Q1ECX4|TLK2_DANRE Serine/threonine-protein kinase tousled-like 2 OS=Danio rerio OX=7955 GN=tlk2 PE=2 SV=2
g25209.t1,sp|Q6PIP5|NUDC1_MOUSE,Mus musculus,32.253,99.0,4.78e-84,280.0,Other non-arthropod,FLAG_REVIEW,5,5,sp|Q6PIP5|NUDC1_MOUSE NudC domain-containing protein 1 OS=Mus musculus OX=10090 GN=Nudcd1 PE=1 SV=2
g25211.t1,sp|Q5XGG2|TRUB2_XENTR,Xenopus tropicalis,38.009,93.0,3.35e-44,157.0,Other non-arthropod,FLAG_REVIEW,4,4,"sp|Q5XGG2|TRUB2_XENTR Pseudouridylate synthase TRUB2, mitochondrial OS=Xenopus tropicalis OX=8364 GN=Trub2 PE=2 SV=1"
g25218.t1,sp|P18293|ANPRA_MOUSE,Mus musculus,58.514,96.0,6.22e-117,368.0,Other non-arthropod,FLAG_REVIEW,5,5,sp|P18293|ANPRA_MOUSE Atrial natriuretic peptide receptor 1 OS=Mus musculus OX=10090 GN=Npr1 PE=1 SV=2
g25229.t1,sp|Q2NL00|GSTT1_BOVIN,Bos taurus,42.202,93.0,1.34e-49,169.0,Other non-arthropod,FLAG_REVIEW,5,5,sp|Q2NL00|GSTT1_BOVIN Glutathione S-transferase theta-1 OS=Bos taurus OX=9913 GN=GSTT1 PE=2 SV=3
g25230.t1,sp|P56399|UBP5_MOUSE,Mus musculus,53.6,95.0,0.0,546.0,Other non-arthropod,FLAG_REVIEW,5,5,sp|P56399|UBP5_MOUSE Ubiquitin carboxyl-terminal hydrolase 5 OS=Mus musculus OX=10090 GN=Usp5 PE=1 SV=1
g25239.t1,sp|Q91XV4|DCXR_MESAU,Mesocricetus auratus,50.84,97.0,6.55e-84,256.0,Other non-arthropod,FLAG_REVIEW,5,5,sp|Q91XV4|DCXR_MESAU L-xylulose reductase OS=Mesocricetus auratus OX=10036 GN=DCXR PE=1 SV=1
g25240.t1,sp|Q8JIS3|DER_CHICK,Gallus gallus,55.102,93.0,3.48e-74,231.0,Other non-arthropod,FLAG_REVIEW,5,5,sp|Q8JIS3|DER_CHICK D-erythrulose reductase OS=Gallus gallus OX=9031 GN=DER PE=1 SV=1
g25241.t1,sp|Q8JIS3|DER_CHICK,Gallus gallus,53.112,99.0,2.6499999999999998e-92,278.0,Other non-arthropod,FLAG_REVIEW,5,5,sp|Q8JIS3|DER_CHICK D-erythrulose reductase OS=Gallus gallus OX=9031 GN=DER PE=1 SV=1
g25261.t1,tr|A0A1S7UK06|A0A1S7UK06_ROSNE,Rosellinia necatrix,34.008,73.0,7.54e-32,133.0,Other non-arthropod,FLAG_REVIEW,50,50,tr|A0A1S7UK06|A0A1S7UK06_ROSNE NACHT and Ankyrin domain protein OS=Rosellinia necatrix OX=77044 GN=SAMD00023353_0200220 PE=4 SV=1
g25264.t1,sp|Q9UI26|IPO11_HUMAN,Homo sapiens,40.0,99.0,0.0,693.0,Other non-arthropod,FLAG_REVIEW,4,4,sp|Q9UI26|IPO11_HUMAN Importin-11 OS=Homo sapiens OX=9606 GN=IPO11 PE=1 SV=1
g25276.t1,sp|Q64270|EI2BA_RAT,Rattus norvegicus,48.208,95.0,5.28e-94,287.0,Other non-arthropod,FLAG_REVIEW,5,5,sp|Q64270|EI2BA_RAT Translation initiation factor eIF2B subunit alpha OS=Rattus norvegicus OX=10116 GN=Eif2b1 PE=2 SV=1
g25277.t2,sp|P28227|MAOX_ANAPL,Anas platyrhynchos,62.351,74.0,0.0,649.0,Other non-arthropod,FLAG_REVIEW,5,5,sp|P28227|MAOX_ANAPL NADP-dependent malic enzyme OS=Anas platyrhynchos OX=8839 GN=ME1 PE=1 SV=1
g25280.t1,sp|B3A0N5|APY_TABYA,Tabanus yao,38.432,97.0,3.25e-126,387.0,Other non-arthropod,FLAG_REVIEW,5,5,sp|B3A0N5|APY_TABYA Apyrase OS=Tabanus yao OX=485572 GN=APY PE=1 SV=1
g25284.t1,sp|Q7Z5P4|DHB13_HUMAN,Homo sapiens,31.298,76.0,4.29e-36,139.0,Other non-arthropod,FLAG_REVIEW,2,2,sp|Q7Z5P4|DHB13_HUMAN 17-beta-hydroxysteroid dehydrogenase 13 OS=Homo sapiens OX=9606 GN=HSD17B13 PE=1 SV=1
g25286.t1,sp|Q9BXW6|OSBL1_HUMAN,Homo sapiens,37.624,82.0,1.52e-98,328.0,Other non-arthropod,FLAG_REVIEW,3,3,sp|Q9BXW6|OSBL1_HUMAN Oxysterol-binding protein-related protein 1 OS=Homo sapiens OX=9606 GN=OSBPL1A PE=1 SV=2
g25297.t1,sp|Q6VNB8|WDFY3_MOUSE,Mus musculus,56.351,80.0,0.0,1107.0,Other non-arthropod,FLAG_REVIEW,7,7,sp|Q6VNB8|WDFY3_MOUSE WD repeat and FYVE domain-containing protein 3 OS=Mus musculus OX=10090 GN=Wdfy3 PE=1 SV=1
g25299.t1,sp|Q9XSJ0|UCHL5_BOVIN,Bos taurus,55.657,99.0,2.09e-133,389.0,Other non-arthropod,FLAG_REVIEW,5,5,sp|Q9XSJ0|UCHL5_BOVIN Ubiquitin carboxyl-terminal hydrolase isozyme L5 OS=Bos taurus OX=9913 GN=UCHL5 PE=2 SV=1
g25300.t1,sp|B3A0N5|APY_TABYA,Tabanus yao,37.769,99.0,3.79e-131,398.0,Other non-arthropod,FLAG_REVIEW,5,5,sp|B3A0N5|APY_TABYA Apyrase OS=Tabanus yao OX=485572 GN=APY PE=1 SV=1
g25301.t1,sp|Q8BHG1|NRDC_MOUSE,Mus musculus,37.45,90.0,0.0,669.0,Other non-arthropod,FLAG_REVIEW,4,4,sp|Q8BHG1|NRDC_MOUSE Nardilysin OS=Mus musculus OX=10090 GN=Nrdc PE=1 SV=1
g25304.t1,sp|Q5R7Q3|NIPA2_PONAB,Pongo abelii,56.204,79.0,8.770000000000001e-44,155.0,Other non-arthropod,FLAG_REVIEW,5,5,sp|Q5R7Q3|NIPA2_PONAB Magnesium transporter NIPA2 OS=Pongo abelii OX=9601 GN=NIPA2 PE=2 SV=1
g25310.t1,sp|Q9UL25|RAB21_HUMAN,Homo sapiens,67.788,95.0,4.52e-96,285.0,Other non-arthropod,FLAG_REVIEW,5,5,sp|Q9UL25|RAB21_HUMAN Ras-related protein Rab-21 OS=Homo sapiens OX=9606 GN=RAB21 PE=1 SV=3
g25324.t1,sp|D2DGW3|TNNC_TYRPU,Tyrophagus putrescentiae,61.074,98.0,1.11e-56,180.0,Other non-arthropod,FLAG_REVIEW,5,5,sp|D2DGW3|TNNC_TYRPU Troponin C OS=Tyrophagus putrescentiae OX=59818 PE=1 SV=1
g25325.t1,sp|Q60695|RGL1_MOUSE,Mus musculus,39.053,90.0,1.52e-28,118.0,Other non-arthropod,FLAG_REVIEW,5,5,sp|Q60695|RGL1_MOUSE Ral guanine nucleotide dissociation stimulator-like 1 OS=Mus musculus OX=10090 GN=Rgl1 PE=1 SV=2
g25327.t1,tr|A0A8H2ZRM5|A0A8H2ZRM5_9HELO,Sclerotinia trifoliorum,75.556,81.0,4.23e-09,57.8,Other non-arthropod,FLAG_REVIEW,34,34,tr|A0A8H2ZRM5|A0A8H2ZRM5_9HELO Probable beta-glucosidase btgE OS=Sclerotinia trifoliorum OX=28548 GN=SCLTRI_LOCUS7843 PE=3 SV=1
g25328.t1,tr|Q6FT29|Q6FT29_CANGA,Candida glabrata (strain ATCC 2001 / BCRC 20586 / JCM 3761 / NBRC 0622 / NRRL Y-65 / CBS 138),33.333,92.0,1.17e-06,52.4,Fungal,FLAG_POSSIBLE_CONTAMINATION,4,4,tr|Q6FT29|Q6FT29_CANGA AMP-activated protein kinase glycogen-binding domain-containing protein OS=Candida glabrata (strain ATCC 2001 / BCRC 20586 / JCM 3761 / NBRC 0622 / NRRL Y-65 / CBS 138) OX=284593 GN=CAGL0G05830g PE=3 SV=1
g25330.t1,sp|Q91845|EPA4A_XENLA,Xenopus laevis,45.862,98.0,0.0,868.0,Other non-arthropod,FLAG_REVIEW,5,5,sp|Q91845|EPA4A_XENLA Ephrin type-A receptor 4-A OS=Xenopus laevis OX=8355 GN=epha4-a PE=2 SV=1
g25331.t1,sp|Q63796|M3K12_RAT,Rattus norvegicus,61.603,97.0,3.88e-101,320.0,Other non-arthropod,FLAG_REVIEW,5,5,sp|Q63796|M3K12_RAT Mitogen-activated protein kinase kinase kinase 12 OS=Rattus norvegicus OX=10116 GN=Map3k12 PE=1 SV=1
g25342.t1,sp|P13821|SANT_PLAFW,Plasmodium falciparum (isolate Wellcome),31.228,93.0,4.24e-38,149.0,Other non-arthropod,FLAG_REVIEW,46,46,sp|P13821|SANT_PLAFW S-antigen protein OS=Plasmodium falciparum (isolate Wellcome) OX=5848 PE=3 SV=1
g25343.t1,sp|Q9UKA9|PTBP2_HUMAN,Homo sapiens,54.064,99.0,0.0,570.0,Other non-arthropod,FLAG_REVIEW,5,5,sp|Q9UKA9|PTBP2_HUMAN Polypyrimidine tract-binding protein 2 OS=Homo sapiens OX=9606 GN=PTBP2 PE=1 SV=1
g25352.t1,sp|B3A0N5|APY_TABYA,Tabanus yao,45.019,96.0,1.44e-159,472.0,Other non-arthropod,FLAG_REVIEW,5,5,sp|B3A0N5|APY_TABYA Apyrase OS=Tabanus yao OX=485572 GN=APY PE=1 SV=1
g25354.t1,sp|Q13637|RAB32_HUMAN,Homo sapiens,71.921,88.0,2.6999999999999997e-106,312.0,Other non-arthropod,FLAG_REVIEW,5,5,sp|Q13637|RAB32_HUMAN Ras-related protein Rab-32 OS=Homo sapiens OX=9606 GN=RAB32 PE=1 SV=3
g25358.t1,sp|Q5RFJ9|ATIF1_PONAB,Pongo abelii,39.423,88.0,5.19e-14,69.3,Other non-arthropod,FLAG_REVIEW,2,2,"sp|Q5RFJ9|ATIF1_PONAB ATPase inhibitor, mitochondrial OS=Pongo abelii OX=9601 GN=ATP5IF1 PE=3 SV=1"
g25361.t1,sp|Q26304|LUCI_LUCMI,Luciola mingrelica,44.286,96.0,1.22e-36,138.0,Other non-arthropod,FLAG_REVIEW,5,5,sp|Q26304|LUCI_LUCMI Luciferin 4-monooxygenase OS=Luciola mingrelica OX=27446 PE=1 SV=1
g25363.t1,sp|P08659|LUCI_PHOPY,Photinus pyralis,40.87,93.0,8.08e-26,107.0,Other non-arthropod,FLAG_REVIEW,5,5,sp|P08659|LUCI_PHOPY Luciferin 4-monooxygenase OS=Photinus pyralis OX=7054 PE=1 SV=1
g25365.t1,sp|Q5U1Z2|TPPC3_RAT,Rattus norvegicus,56.667,100.0,2.14e-69,214.0,Other non-arthropod,FLAG_REVIEW,5,5,sp|Q5U1Z2|TPPC3_RAT Trafficking protein particle complex subunit 3 OS=Rattus norvegicus OX=10116 GN=Trappc3 PE=2 SV=1
g25366.t1,sp|Q9NC65|ADA_LUTLO,Lutzomyia longipalpis,40.084,94.0,1.3100000000000002e-125,382.0,Other non-arthropod,FLAG_REVIEW,5,5,sp|Q9NC65|ADA_LUTLO Adenosine deaminase OS=Lutzomyia longipalpis OX=7200 GN=ADA PE=1 SV=1
g25367.t1,sp|P15287|AGSA_APLCA,Aplysia californica,52.308,87.0,2.33e-14,73.2,Other non-arthropod,FLAG_REVIEW,5,5,sp|P15287|AGSA_APLCA Adenosine deaminase AGSA OS=Aplysia californica OX=6500 PE=1 SV=2
g25368.t1,sp|Q06K61|ADA_PHLDU,Phlebotomus duboscqi,41.468,98.0,1.3500000000000001e-133,403.0,Other non-arthropod,FLAG_REVIEW,5,5,sp|Q06K61|ADA_PHLDU Adenosine deaminase OS=Phlebotomus duboscqi OX=37738 GN=M73 PE=1 SV=1
g25369.t1,tr|A0ABD5NI49|A0ABD5NI49_9EURY,Halobacterium litoreum,40.0,95.0,1.61e-22,98.2,Bacterial,FLAG_POSSIBLE_CONTAMINATION,20,20,tr|A0ABD5NI49|A0ABD5NI49_9EURY DUF445 family protein OS=Halobacterium litoreum OX=2039234 GN=ACFOKC_14555 PE=4 SV=1
g25370.t1,sp|Q06K61|ADA_PHLDU,Phlebotomus duboscqi,42.308,92.0,1.03e-122,375.0,Other non-arthropod,FLAG_REVIEW,5,5,sp|Q06K61|ADA_PHLDU Adenosine deaminase OS=Phlebotomus duboscqi OX=37738 GN=M73 PE=1 SV=1
g25376.t1,sp|Q09575|YRD6_CAEEL,Caenorhabditis elegans,35.314,77.0,1.73e-45,175.0,Other non-arthropod,FLAG_REVIEW,1,1,sp|Q09575|YRD6_CAEEL Uncharacterized protein K02A2.6 OS=Caenorhabditis elegans OX=6239 GN=K02A2.6 PE=4 SV=1
g25379.t1,sp|P42765|THIM_HUMAN,Homo sapiens,42.929,99.0,3.27e-107,327.0,Other non-arthropod,FLAG_REVIEW,5,5,"sp|P42765|THIM_HUMAN 3-ketoacyl-CoA thiolase, mitochondrial OS=Homo sapiens OX=9606 GN=ACAA2 PE=1 SV=2"
g25380.t1,sp|Q6IQ86|BRK1_DANRE,Danio rerio,83.824,89.0,2.02e-36,123.0,Other non-arthropod,FLAG_REVIEW,5,5,sp|Q6IQ86|BRK1_DANRE Probable protein BRICK1 OS=Danio rerio OX=7955 GN=brk1 PE=3 SV=1
g25386.t1,sp|Q9Y5Q9|TF3C3_HUMAN,Homo sapiens,32.664,88.0,2.7299999999999997e-115,377.0,Other non-arthropod,FLAG_REVIEW,1,1,sp|Q9Y5Q9|TF3C3_HUMAN General transcription factor 3C polypeptide 3 OS=Homo sapiens OX=9606 GN=GTF3C3 PE=1 SV=1
g25387.t1,sp|Q90YB1|DNLI4_CHICK,Gallus gallus,34.037,94.0,3.99e-139,441.0,Other non-arthropod,FLAG_REVIEW,5,5,sp|Q90YB1|DNLI4_CHICK DNA ligase 4 OS=Gallus gallus OX=9031 GN=LIG4 PE=2 SV=2
g25388.t1,sp|Q09506|TX1B3_CAEEL,Caenorhabditis elegans,56.637,94.0,2.67e-40,137.0,Other non-arthropod,FLAG_REVIEW,4,4,sp|Q09506|TX1B3_CAEEL Tax1-binding protein 3 homolog OS=Caenorhabditis elegans OX=6239 GN=txbp-3 PE=1 SV=1
g25392.t1,sp|A5PK71|PACRG_BOVIN,Bos taurus,52.489,86.0,1.19e-81,252.0,Other non-arthropod,FLAG_REVIEW,5,5,sp|A5PK71|PACRG_BOVIN Parkin coregulated gene protein OS=Bos taurus OX=9913 GN=PACRG PE=1 SV=1
g25396.t1,tr|A0A0L0UHE0|A0A0L0UHE0_9BASI,Puccinia striiformis f. sp. tritici PST-78,40.278,79.0,7.070000000000001e-32,118.0,Other non-arthropod,FLAG_REVIEW,3,3,tr|A0A0L0UHE0|A0A0L0UHE0_9BASI DDE Tnp4 domain-containing protein (Fragment) OS=Puccinia striiformis f. sp. tritici PST-78 OX=1165861 GN=PSTG_20152 PE=3 SV=1
g25399.t1,sp|Q5M854|MGT4A_RAT,Rattus norvegicus,44.954,94.0,1.4699999999999999e-126,383.0,Other non-arthropod,FLAG_REVIEW,5,5,"sp|Q5M854|MGT4A_RAT Alpha-1,3-mannosyl-glycoprotein 4-beta-N-acetylglucosaminyltransferase A OS=Rattus norvegicus OX=10116 GN=Mgat4a PE=2 SV=1"
g25401.t1,sp|Q9CQW0|EMC6_MOUSE,Mus musculus,64.078,91.0,1.5300000000000002e-36,126.0,Other non-arthropod,FLAG_REVIEW,5,5,sp|Q9CQW0|EMC6_MOUSE ER membrane protein complex subunit 6 OS=Mus musculus OX=10090 GN=Emc6 PE=1 SV=1
g25406.t1,sp|P06760|BGLR_RAT,Rattus norvegicus,45.995,98.0,1.53e-131,400.0,Other non-arthropod,FLAG_REVIEW,5,5,sp|P06760|BGLR_RAT Beta-glucuronidase OS=Rattus norvegicus OX=10116 GN=Gusb PE=1 SV=1
g25407.t1,sp|P0C6F1|DYH2_MOUSE,Mus musculus,40.261,99.0,0.0,951.0,Other non-arthropod,FLAG_REVIEW,5,5,sp|P0C6F1|DYH2_MOUSE Dynein axonemal heavy chain 2 OS=Mus musculus OX=10090 GN=Dnah2 PE=1 SV=1
g25408.t1,sp|A5D979|SPRTN_BOVIN,Bos taurus,38.703,76.0,5.12e-93,300.0,Other non-arthropod,FLAG_REVIEW,3,3,sp|A5D979|SPRTN_BOVIN DNA-dependent metalloprotease SPRTN OS=Bos taurus OX=9913 GN=SPRTN PE=2 SV=1
g25410.t1,sp|Q9NPD8|UBE2T_HUMAN,Homo sapiens,51.316,97.0,2.85e-53,173.0,Other non-arthropod,FLAG_REVIEW,5,5,sp|Q9NPD8|UBE2T_HUMAN Ubiquitin-conjugating enzyme E2 T OS=Homo sapiens OX=9606 GN=UBE2T PE=1 SV=1
g25411.t1,sp|Q0VCJ7|RERG_BOVIN,Bos taurus,57.143,79.0,2e-18,81.6,Other non-arthropod,FLAG_REVIEW,5,5,sp|Q0VCJ7|RERG_BOVIN Ras-related and estrogen-regulated growth inhibitor OS=Bos taurus OX=9913 GN=RERG PE=2 SV=1
g25413.t1,sp|P0DXX2|TXU8C_MEGOP,Megalopyge opercularis,31.373,91.0,1.7500000000000002e-32,127.0,Other non-arthropod,FLAG_REVIEW,1,1,sp|P0DXX2|TXU8C_MEGOP U-megalopygitoxin(8)-Mo12 OS=Megalopyge opercularis OX=1113279 PE=1 SV=1
g25418.t1,sp|Q9XYN1|INX2_SCHAM,Schistocerca americana,46.689,96.0,1.63e-94,290.0,Other non-arthropod,FLAG_REVIEW,5,5,sp|Q9XYN1|INX2_SCHAM Innexin inx2 OS=Schistocerca americana OX=7009 GN=inx2 PE=1 SV=1
g25419.t1,sp|Q962X9|BUD31_BRABE,Branchiostoma belcheri,91.667,100.0,1.6e-94,275.0,Other non-arthropod,FLAG_REVIEW,5,5,sp|Q962X9|BUD31_BRABE Protein BUD31 homolog OS=Branchiostoma belcheri OX=7741 PE=2 SV=1
g25420.t1,sp|Q90773|CEPU1_CHICK,Gallus gallus,30.601,91.0,8.94e-06,52.8,Other non-arthropod,FLAG_REVIEW,1,1,sp|Q90773|CEPU1_CHICK Protein CEPU-1 OS=Gallus gallus OX=9031 PE=1 SV=1
g25423.t1,sp|Q96J01|THOC3_HUMAN,Homo sapiens,61.728,98.0,1.35e-149,431.0,Other non-arthropod,FLAG_REVIEW,5,5,sp|Q96J01|THOC3_HUMAN THO complex subunit 3 OS=Homo sapiens OX=9606 GN=THOC3 PE=1 SV=1
g25426.t1,sp|Q9BH41|FAD9_ACHDO,Acheta domesticus,45.528,100.0,3.4300000000000005e-27,109.0,Other non-arthropod,FLAG_REVIEW,5,5,sp|Q9BH41|FAD9_ACHDO Acyl-CoA Delta-9 desaturase OS=Acheta domesticus OX=6997 PE=1 SV=1
g25431.t1,sp|P11442|CLH1_RAT,Rattus norvegicus,78.329,99.0,0.0,630.0,Other non-arthropod,FLAG_REVIEW,5,5,sp|P11442|CLH1_RAT Clathrin heavy chain 1 OS=Rattus norvegicus OX=10116 GN=Cltc PE=1 SV=3
g25432.t1,sp|Q27954|COPA_BOVIN,Bos taurus,66.102,100.0,0.0,750.0,Other non-arthropod,FLAG_REVIEW,6,6,sp|Q27954|COPA_BOVIN Coatomer subunit alpha OS=Bos taurus OX=9913 GN=COPA PE=1 SV=1
g25435.t1,sp|Q5XXB5|MSH2_CHLAE,Chlorocebus aethiops,45.573,94.0,0.0,627.0,Other non-arthropod,FLAG_REVIEW,5,5,sp|Q5XXB5|MSH2_CHLAE DNA mismatch repair protein Msh2 OS=Chlorocebus aethiops OX=9534 GN=MSH2 PE=2 SV=1
g25449.t1,sp|P35502|ESTF_MYZPE,Myzus persicae,33.135,88.0,8.47e-77,259.0,Other non-arthropod,FLAG_REVIEW,5,5,sp|P35502|ESTF_MYZPE Esterase FE4 OS=Myzus persicae OX=13164 PE=1 SV=1
g25461.t1,sp|Q5TJF0|VPS52_CANLF,Canis lupus familiaris,51.773,96.0,0.0,633.0,Other non-arthropod,FLAG_REVIEW,5,5,sp|Q5TJF0|VPS52_CANLF Vacuolar protein sorting-associated protein 52 homolog OS=Canis lupus familiaris OX=9615 GN=VPS52 PE=3 SV=1
g25463.t1,sp|P35502|ESTF_MYZPE,Myzus persicae,30.137,80.0,1.74e-54,201.0,Other non-arthropod,FLAG_REVIEW,3,3,sp|P35502|ESTF_MYZPE Esterase FE4 OS=Myzus persicae OX=13164 PE=1 SV=1
g25464.t1,sp|O35345|IMA7_MOUSE,Mus musculus,66.475,94.0,0.0,667.0,Other non-arthropod,FLAG_REVIEW,5,5,sp|O35345|IMA7_MOUSE Importin subunit alpha-7 OS=Mus musculus OX=10090 GN=Kpna6 PE=1 SV=2
g25466.t1,sp|Q6T938|FIBP_DANRE,Danio rerio,42.105,99.0,6.22e-65,212.0,Other non-arthropod,FLAG_REVIEW,5,5,sp|Q6T938|FIBP_DANRE Acidic fibroblast growth factor intracellular-binding protein B OS=Danio rerio OX=7955 GN=fibpb PE=1 SV=1
g25491.t1,sp|Q8K337|I5P2_MOUSE,Mus musculus,48.112,83.0,0.0,679.0,Other non-arthropod,FLAG_REVIEW,5,5,"sp|Q8K337|I5P2_MOUSE Type II inositol 1,4,5-trisphosphate 5-phosphatase OS=Mus musculus OX=10090 GN=Inpp5b PE=1 SV=1"
g25493.t1,sp|Q9WUQ2|SEC12_MOUSE,Mus musculus,33.412,83.0,1.0800000000000001e-57,203.0,Other non-arthropod,FLAG_REVIEW,3,3,sp|Q9WUQ2|SEC12_MOUSE Guanine nucleotide-exchange factor SEC12 OS=Mus musculus OX=10090 GN=Preb PE=1 SV=1
g25495.t1,sp|Q66H23|MFRN1_RAT,Rattus norvegicus,47.222,88.0,2.86e-14,72.8,Other non-arthropod,FLAG_REVIEW,5,5,sp|Q66H23|MFRN1_RAT Mitoferrin-1 OS=Rattus norvegicus OX=10116 GN=Slc25a37 PE=2 SV=1
g25500.t1,tr|A0A1Y1XAG2|A0A1Y1XAG2_9FUNG,Anaeromyces robustus,32.727,78.0,2.18e-13,68.9,Other non-arthropod,FLAG_REVIEW,5,5,tr|A0A1Y1XAG2|A0A1Y1XAG2_9FUNG Centrosomal protein 20 OS=Anaeromyces robustus OX=1754192 GN=BCR32DRAFT_292440 PE=3 SV=1
g25502.t1,sp|Q3ZC91|ASM3A_BOVIN,Bos taurus,33.913,90.0,4.8000000000000004e-29,120.0,Other non-arthropod,FLAG_REVIEW,5,5,sp|Q3ZC91|ASM3A_BOVIN Cyclic GMP-AMP phosphodiesterase SMPDL3A OS=Bos taurus OX=9913 GN=SMPDL3A PE=2 SV=1
g25505.t1,sp|Q5I124|PTPN3_MDBVW,Microplitis demolitor bracovirus (isolate Webb),41.801,84.0,1.7200000000000002e-70,229.0,Other non-arthropod,FLAG_REVIEW,1,1,sp|Q5I124|PTPN3_MDBVW Tyrosine phosphatase-like protein N3 OS=Microplitis demolitor bracovirus (isolate Webb) OX=654919 GN=N7 PE=3 SV=1
g25509.t1,sp|Q9Y600|CSAD_HUMAN,Homo sapiens,54.071,94.0,0.0,543.0,Other non-arthropod,FLAG_REVIEW,5,5,sp|Q9Y600|CSAD_HUMAN Cysteine sulfinic acid decarboxylase OS=Homo sapiens OX=9606 GN=CSAD PE=1 SV=2
g25516.t1,tr|A0A9P5S8M9|A0A9P5S8M9_9FUNG,Podila minutissima,37.079,73.0,2.45e-07,55.1,Other non-arthropod,FLAG_REVIEW,1,1,tr|A0A9P5S8M9|A0A9P5S8M9_9FUNG Tc1-like transposase DDE domain-containing protein (Fragment) OS=Podila minutissima OX=64525 GN=BG006_003439 PE=4 SV=1
g25527.t1,sp|A9JSE7|MIF_XENTR,Xenopus tropicalis,33.766,85.0,4.23e-14,68.9,Other non-arthropod,FLAG_REVIEW,5,5,sp|A9JSE7|MIF_XENTR Macrophage migration inhibitory factor OS=Xenopus tropicalis OX=8364 GN=mif PE=3 SV=1
g25528.t1,sp|Q1ZZU7|MIF_SHEEP,Ovis aries,36.842,97.0,7.929999999999999e-23,92.0,Other non-arthropod,FLAG_REVIEW,5,5,sp|Q1ZZU7|MIF_SHEEP Macrophage migration inhibitory factor OS=Ovis aries OX=9940 GN=MIF PE=3 SV=1
g25529.t1,sp|P10978|POLX_TOBAC,Nicotiana tabacum,37.864,85.0,1.84e-26,114.0,Other non-arthropod,FLAG_REVIEW,1,1,sp|P10978|POLX_TOBAC Retrovirus-related Pol polyprotein from transposon TNT 1-94 OS=Nicotiana tabacum OX=4097 PE=2 SV=1
g25532.t1,sp|Q3U213|SRAC1_MOUSE,Mus musculus,39.286,79.0,2.78e-43,174.0,Other non-arthropod,FLAG_REVIEW,3,3,sp|Q3U213|SRAC1_MOUSE Protein SERAC1 OS=Mus musculus OX=10090 GN=Serac1 PE=2 SV=1
g25548.t1,tr|A0A507DNT4|A0A507DNT4_9FUNG,Powellomyces hirtus,35.772,99.0,3.01e-34,136.0,Other non-arthropod,FLAG_REVIEW,2,2,tr|A0A507DNT4|A0A507DNT4_9FUNG DNA-directed DNA polymerase (Fragment) OS=Powellomyces hirtus OX=109895 GN=PhCBS80983_g06474 PE=4 SV=1
g25549.t1,sp|Q9WTN6|S22AL_MOUSE,Mus musculus,31.695,90.0,1.61e-63,221.0,Other non-arthropod,FLAG_REVIEW,4,4,sp|Q9WTN6|S22AL_MOUSE Solute carrier family 22 member 21 OS=Mus musculus OX=10090 GN=Slc22a21 PE=2 SV=1
g25554.t1,sp|Q86WA9|S2611_HUMAN,Homo sapiens,40.535,90.0,3.91e-103,330.0,Other non-arthropod,FLAG_REVIEW,5,5,sp|Q86WA9|S2611_HUMAN Sodium-independent sulfate anion transporter OS=Homo sapiens OX=9606 GN=SLC26A11 PE=1 SV=2
g25561.t1,sp|P48545|KCNJ5_MOUSE,Mus musculus,37.534,89.0,5.42e-83,266.0,Other non-arthropod,FLAG_REVIEW,5,5,sp|P48545|KCNJ5_MOUSE G protein-activated inward rectifier potassium channel 4 OS=Mus musculus OX=10090 GN=Kcnj5 PE=1 SV=3
g25567.t1,tr|U9TXF2|U9TXF2_RHIID,Rhizophagus irregularis (strain DAOM 181602 / DAOM 197198 / MUCL 43194),31.757,96.0,2.53e-35,135.0,Other non-arthropod,FLAG_REVIEW,5,5,tr|U9TXF2|U9TXF2_RHIID Carbonyl reductase OS=Rhizophagus irregularis (strain DAOM 181602 / DAOM 197198 / MUCL 43194) OX=747089 GN=GLOIN_2v1538744 PE=3 SV=1
g25570.t1,sp|Q9GRW0|PPAF2_HOLDI,Holotrichia diomphalia,40.876,96.0,6.22e-91,286.0,Other non-arthropod,FLAG_REVIEW,3,3,sp|Q9GRW0|PPAF2_HOLDI Phenoloxidase-activating factor 2 OS=Holotrichia diomphalia OX=33394 GN=PPAF2 PE=1 SV=1
g25572.t1,sp|O75629|CREG1_HUMAN,Homo sapiens,43.678,70.0,3.01e-45,157.0,Other non-arthropod,FLAG_REVIEW,1,1,sp|O75629|CREG1_HUMAN Protein CREG1 OS=Homo sapiens OX=9606 GN=CREG1 PE=1 SV=1
g25573.t1,sp|Q68FK8|DHX9_XENLA,Xenopus laevis,52.298,93.0,0.0,1251.0,Other non-arthropod,FLAG_REVIEW,3,3,sp|Q68FK8|DHX9_XENLA ATP-dependent RNA helicase A protein OS=Xenopus laevis OX=8355 GN=dhx9 PE=2 SV=1
g25574.t1,tr|A0A0L0RWQ7|A0A0L0RWQ7_ALLM3,Allomyces macrogynus (strain ATCC 38327),66.316,98.0,8.489999999999999e-42,138.0,Other non-arthropod,FLAG_REVIEW,5,5,tr|A0A0L0RWQ7|A0A0L0RWQ7_ALLM3 Dynein light chain roadblock OS=Allomyces macrogynus (strain ATCC 38327) OX=578462 GN=AMAG_00509 PE=3 SV=1
g25575.t1,sp|Q9Y2H2|SAC2_HUMAN,Homo sapiens,38.6,79.0,0.0,584.0,Other non-arthropod,FLAG_REVIEW,2,2,sp|Q9Y2H2|SAC2_HUMAN Phosphatidylinositide 4-phosphatase SAC2 OS=Homo sapiens OX=9606 GN=INPP5F PE=1 SV=3
g25580.t1,sp|Q9JJC9|HERP2_MOUSE,Mus musculus,30.861,98.0,1.6299999999999997e-42,159.0,Other non-arthropod,FLAG_REVIEW,4,4,sp|Q9JJC9|HERP2_MOUSE Homocysteine-responsive endoplasmic reticulum-resident ubiquitin-like domain member 2 protein OS=Mus musculus OX=10090 GN=Herpud2 PE=2 SV=1
g25593.t1,sp|Q25188|OAR_HELVI,Heliothis virescens,85.177,99.0,0.0,816.0,Other non-arthropod,FLAG_REVIEW,5,5,sp|Q25188|OAR_HELVI Octopamine receptor OS=Heliothis virescens OX=7102 PE=2 SV=1
g25597.t1,tr|A0A164VQ41|A0A164VQ41_9AGAM,Sistotremastrum niveocremeum HHB9708,63.241,82.0,1.67e-114,340.0,Other non-arthropod,FLAG_REVIEW,5,5,tr|A0A164VQ41|A0A164VQ41_9AGAM quinol--cytochrome-c reductase OS=Sistotremastrum niveocremeum HHB9708 OX=1314777 GN=SISNIDRAFT_453253 PE=3 SV=1
g25600.t1,sp|Q3UFK8|FRMD8_MOUSE,Mus musculus,39.13,81.0,1.31e-49,178.0,Other non-arthropod,FLAG_REVIEW,5,5,sp|Q3UFK8|FRMD8_MOUSE FERM domain-containing protein 8 OS=Mus musculus OX=10090 GN=Frmd8 PE=1 SV=2
g25601.t1,sp|Q0V9S9|DRC7_XENTR,Xenopus tropicalis,31.369,99.0,1.05e-70,248.0,Other non-arthropod,FLAG_REVIEW,2,2,sp|Q0V9S9|DRC7_XENTR Dynein regulatory complex subunit 7 OS=Xenopus tropicalis OX=8364 GN=drc7 PE=2 SV=1
g25603.t1,sp|Q0MQI0|NDUS7_PANTR,Pan troglodytes,80.702,70.0,2.27e-65,205.0,Other non-arthropod,FLAG_REVIEW,5,5,"sp|Q0MQI0|NDUS7_PANTR NADH dehydrogenase [ubiquinone] iron-sulfur protein 7, mitochondrial OS=Pan troglodytes OX=9598 GN=NDUFS7 PE=2 SV=1"
g25605.t1,sp|Q2V2K5|GNRHR_OCTVU,Octopus vulgaris,36.599,78.0,9.51e-59,204.0,Other non-arthropod,FLAG_REVIEW,5,5,sp|Q2V2K5|GNRHR_OCTVU Gonadotropin-releasing hormone receptor OS=Octopus vulgaris OX=6645 GN=GNRHR PE=2 SV=1
g25612.t1,sp|Q6AYU1|MO4L1_RAT,Rattus norvegicus,54.192,99.0,2.14e-120,355.0,Other non-arthropod,FLAG_REVIEW,5,5,sp|Q6AYU1|MO4L1_RAT Mortality factor 4-like protein 1 OS=Rattus norvegicus OX=10116 GN=Morf4l1 PE=2 SV=1
g25614.t1,sp|P00636|F16P1_PIG,Sus scrofa,66.769,100.0,1.85e-154,442.0,Other non-arthropod,FLAG_REVIEW,5,5,"sp|P00636|F16P1_PIG Fructose-1,6-bisphosphatase 1 OS=Sus scrofa OX=9823 GN=FBP1 PE=1 SV=4"
g25620.t1,tr|A0A507DXY8|A0A507DXY8_9FUNG,Powellomyces hirtus,31.016,81.0,6.6499999999999996e-34,137.0,Other non-arthropod,FLAG_REVIEW,2,2,tr|A0A507DXY8|A0A507DXY8_9FUNG dolichol kinase OS=Powellomyces hirtus OX=109895 GN=PhCBS80983_g04979 PE=3 SV=1
g25622.t1,sp|Q8NBN7|RDH13_HUMAN,Homo sapiens,47.931,96.0,1.3400000000000001e-73,235.0,Other non-arthropod,FLAG_REVIEW,5,5,sp|Q8NBN7|RDH13_HUMAN Retinol dehydrogenase 13 OS=Homo sapiens OX=9606 GN=RDH13 PE=1 SV=2
g25623.t1,tr|A0A2I1GFX4|A0A2I1GFX4_9GLOM,Rhizophagus irregularis,33.108,88.0,6.18e-20,92.4,Other non-arthropod,FLAG_REVIEW,5,5,tr|A0A2I1GFX4|A0A2I1GFX4_9GLOM Tc1-like transposase DDE domain-containing protein OS=Rhizophagus irregularis OX=588596 GN=RhiirA4_542666 PE=4 SV=1
g25638.t1,sp|P48057|SC6A1_MUSCO,Mus cookii,43.75,73.0,4.76e-13,70.1,Other non-arthropod,FLAG_REVIEW,1,1,sp|P48057|SC6A1_MUSCO Sodium- and chloride-dependent GABA transporter 1 OS=Mus cookii OX=10098 GN=Slc6a1 PE=1 SV=1
g25643.t1,sp|A0A173GP47|LST_PHOPY,Photinus pyralis,30.903,83.0,1.32e-43,160.0,Other non-arthropod,FLAG_REVIEW,5,5,sp|A0A173GP47|LST_PHOPY Luciferin sulfotransferase OS=Photinus pyralis OX=7054 GN=LST PE=1 SV=1
g25650.t1,sp|Q1HAY7|EGFLR_HOLDI,Holotrichia diomphalia,37.391,87.0,4.09e-25,111.0,Other non-arthropod,FLAG_REVIEW,3,3,sp|Q1HAY7|EGFLR_HOLDI Epidermal growth factor-like protein OS=Holotrichia diomphalia OX=33394 GN=EGF-like PE=1 SV=1
g25654.t1,sp|O70496|CLCN7_MOUSE,Mus musculus,54.675,96.0,0.0,801.0,Other non-arthropod,FLAG_REVIEW,6,6,sp|O70496|CLCN7_MOUSE H(+)/Cl(-) exchange transporter 7 OS=Mus musculus OX=10090 GN=Clcn7 PE=1 SV=1
g25656.t1,sp|Q9FPH3|THA2_ARATH,Arabidopsis thaliana,46.24,95.0,3.2399999999999997e-101,310.0,Other non-arthropod,FLAG_REVIEW,5,5,sp|Q9FPH3|THA2_ARATH Probable low-specificity L-threonine aldolase 2 OS=Arabidopsis thaliana OX=3702 GN=THA2 PE=1 SV=1
g25659.t1,sp|Q6KC79|NIPBL_HUMAN,Homo sapiens,45.443,84.0,0.0,1290.0,Other non-arthropod,FLAG_REVIEW,11,11,sp|Q6KC79|NIPBL_HUMAN Nipped-B-like protein OS=Homo sapiens OX=9606 GN=NIPBL PE=1 SV=2
g25665.t1,sp|E9Q5G3|KIF23_MOUSE,Mus musculus,38.734,96.0,5.78e-178,545.0,Other non-arthropod,FLAG_REVIEW,4,4,sp|E9Q5G3|KIF23_MOUSE Kinesin-like protein KIF23 OS=Mus musculus OX=10090 GN=Kif23 PE=1 SV=1
g25666.t1,tr|A0A8K0UXC0|A0A8K0UXC0_9AGAR,Cristinia sonorae,30.412,93.0,1.06e-20,92.0,Other non-arthropod,FLAG_REVIEW,3,3,tr|A0A8K0UXC0|A0A8K0UXC0_9AGAR Uncharacterized protein OS=Cristinia sonorae OX=1940300 GN=BXZ70DRAFT_916685 PE=3 SV=1
g25673.t1,tr|A0A397UD10|A0A397UD10_9GLOM,Gigaspora rosea,30.908,99.0,2.8299999999999997e-176,564.0,Other non-arthropod,FLAG_REVIEW,5,5,tr|A0A397UD10|A0A397UD10_9GLOM xanthine dehydrogenase OS=Gigaspora rosea OX=44941 GN=C2G38_2254047 PE=3 SV=1
g25674.t1,tr|A0A9P6U1P9|A0A9P6U1P9_9FUNG,Mortierella polycephala,30.673,99.0,4.68e-175,561.0,Other non-arthropod,FLAG_REVIEW,5,5,tr|A0A9P6U1P9|A0A9P6U1P9_9FUNG xanthine dehydrogenase OS=Mortierella polycephala OX=41804 GN=BG011_005175 PE=3 SV=1
g25682.t1,sp|Q5USV9|GDF8_CAPIB,Capra ibex,65.873,99.0,6.670000000000001e-58,189.0,Other non-arthropod,FLAG_REVIEW,5,5,sp|Q5USV9|GDF8_CAPIB Growth/differentiation factor 8 OS=Capra ibex OX=72542 GN=MSTN PE=2 SV=1
g25684.t1,sp|Q8BK67|RCC2_MOUSE,Mus musculus,42.0,89.0,1.17e-06,50.1,Other non-arthropod,FLAG_REVIEW,4,4,sp|Q8BK67|RCC2_MOUSE Protein RCC2 OS=Mus musculus OX=10090 GN=Rcc2 PE=1 SV=1
g25692.t1,sp|F1RD40|MYCB2_DANRE,Danio rerio,36.749,83.0,8.81e-42,162.0,Other non-arthropod,FLAG_REVIEW,5,5,sp|F1RD40|MYCB2_DANRE E3 ubiquitin-protein ligase MYCBP2 OS=Danio rerio OX=7955 GN=mycbp2 PE=2 SV=1
g25695.t1,sp|F1RD40|MYCB2_DANRE,Danio rerio,34.505,97.0,0.0,1126.0,Other non-arthropod,FLAG_REVIEW,6,6,sp|F1RD40|MYCB2_DANRE E3 ubiquitin-protein ligase MYCBP2 OS=Danio rerio OX=7955 GN=mycbp2 PE=2 SV=1
g25701.t1,sp|Q99N23|CAH15_MOUSE,Mus musculus,37.008,81.0,1.65e-44,160.0,Other non-arthropod,FLAG_REVIEW,5,5,sp|Q99N23|CAH15_MOUSE Carbonic anhydrase 15 OS=Mus musculus OX=10090 GN=Ca15 PE=1 SV=1
g25702.t1,sp|Q8WUD4|CCD12_HUMAN,Homo sapiens,51.22,97.0,4.2099999999999994e-40,139.0,Other non-arthropod,FLAG_REVIEW,5,5,sp|Q8WUD4|CCD12_HUMAN Coiled-coil domain-containing protein 12 OS=Homo sapiens OX=9606 GN=CCDC12 PE=1 SV=1
g25703.t1,sp|E9GD30|SIR5_DAPPU,Daphnia pulex,42.966,94.0,3.15e-67,216.0,Other non-arthropod,FLAG_REVIEW,5,5,sp|E9GD30|SIR5_DAPPU NAD-dependent protein deacylase OS=Daphnia pulex OX=6669 GN=DAPPUDRAFT_195469 PE=3 SV=1
g25705.t1,sp|Q92563|TICN2_HUMAN,Homo sapiens,30.447,77.0,3.66e-40,155.0,Other non-arthropod,FLAG_REVIEW,1,1,sp|Q92563|TICN2_HUMAN Testican-2 OS=Homo sapiens OX=9606 GN=SPOCK2 PE=1 SV=1
g25723.t1,tr|A0A2Z6RQ57|A0A2Z6RQ57_9GLOM,Rhizophagus clarus,36.453,76.0,4.8399999999999995e-23,103.0,Other non-arthropod,FLAG_REVIEW,3,3,tr|A0A2Z6RQ57|A0A2Z6RQ57_9GLOM DDE Tnp4 domain-containing protein OS=Rhizophagus clarus OX=94130 GN=RclHR1_23310003 PE=3 SV=1
g25727.t1,sp|Q2KI15|RF1ML_BOVIN,Bos taurus,48.951,73.0,1.56e-88,279.0,Other non-arthropod,FLAG_REVIEW,5,5,"sp|Q2KI15|RF1ML_BOVIN Peptide chain release factor 1-like, mitochondrial OS=Bos taurus OX=9913 GN=MTRF1L PE=2 SV=1"
g25729.t1,sp|P06213|INSR_HUMAN,Homo sapiens,46.032,81.0,7.320000000000001e-21,94.7,Other non-arthropod,FLAG_REVIEW,5,5,sp|P06213|INSR_HUMAN Insulin receptor OS=Homo sapiens OX=9606 GN=INSR PE=1 SV=4
g25735.t1,sp|P41743|KPCI_HUMAN,Homo sapiens,58.333,88.0,1.59e-27,111.0,Other non-arthropod,FLAG_REVIEW,5,5,sp|P41743|KPCI_HUMAN Protein kinase C iota type OS=Homo sapiens OX=9606 GN=PRKCI PE=1 SV=2
g25736.t1,sp|Q5XI32|CAPZB_RAT,Rattus norvegicus,87.029,90.0,2.73e-159,449.0,Other non-arthropod,FLAG_REVIEW,5,5,sp|Q5XI32|CAPZB_RAT F-actin-capping protein subunit beta OS=Rattus norvegicus OX=10116 GN=Capzb PE=1 SV=1
g25754.t1,sp|Q18785|MIF2_CAEEL,Caenorhabditis elegans,31.405,100.0,7.82e-16,74.7,Other non-arthropod,FLAG_REVIEW,4,4,sp|Q18785|MIF2_CAEEL MIF-like protein mif-2 OS=Caenorhabditis elegans OX=6239 GN=mif-2 PE=3 SV=1
g25755.t1,sp|Q76BK2|MIF_XENLA,Xenopus laevis,39.474,94.0,3.71e-18,80.5,Other non-arthropod,FLAG_REVIEW,5,5,sp|Q76BK2|MIF_XENLA Macrophage migration inhibitory factor OS=Xenopus laevis OX=8355 GN=mif PE=1 SV=1
g25756.t1,sp|A9JSE7|MIF_XENTR,Xenopus tropicalis,35.088,94.0,5.85e-19,82.4,Other non-arthropod,FLAG_REVIEW,5,5,sp|A9JSE7|MIF_XENTR Macrophage migration inhibitory factor OS=Xenopus tropicalis OX=8364 GN=mif PE=3 SV=1
g25757.t1,sp|P31410|VATB_HELVI,Heliothis virescens,96.761,100.0,0.0,993.0,Other non-arthropod,FLAG_REVIEW,5,5,sp|P31410|VATB_HELVI V-type proton ATPase subunit B OS=Heliothis virescens OX=7102 GN=VHA55 PE=2 SV=1
g25760.t1,tr|A0AAV5RPB8|A0AAV5RPB8_STABA,Starmerella bacillaris,33.333,70.0,2.9e-13,81.3,Other non-arthropod,FLAG_REVIEW,1,1,tr|A0AAV5RPB8|A0AAV5RPB8_STABA Flo11 protein OS=Starmerella bacillaris OX=1247836 GN=DASB73_035510 PE=4 SV=1
g25768.t1,sp|C0HKS6|CAPA_AGRIP,Agrotis ipsilon,46.104,98.0,8.94e-29,110.0,Other non-arthropod,FLAG_REVIEW,1,1,sp|C0HKS6|CAPA_AGRIP CAPA peptides OS=Agrotis ipsilon OX=56364 PE=1 SV=1
g25777.t1,tr|A0A9N9PDD7|A0A9N9PDD7_9GLOM,Cetraspora pellucida,33.209,73.0,1.23e-41,160.0,Other non-arthropod,FLAG_REVIEW,3,3,tr|A0A9N9PDD7|A0A9N9PDD7_9GLOM 5492_t:CDS:1 OS=Cetraspora pellucida OX=1433469 GN=CPELLU_LOCUS19004 PE=4 SV=1
g25783.t1,tr|A0A8H7RV42|A0A8H7RV42_9FUNG,Circinella minor,36.702,95.0,9.31e-20,93.2,Other non-arthropod,FLAG_REVIEW,5,5,tr|A0A8H7RV42|A0A8H7RV42_9FUNG PiggyBac transposable element-derived protein domain-containing protein OS=Circinella minor OX=1195481 GN=INT45_003049 PE=4 SV=1
g25787.t1,sp|P35042|TRYP_CHOFU,Choristoneura fumiferana,56.25,98.0,3.93e-93,281.0,Other non-arthropod,FLAG_REVIEW,5,5,sp|P35042|TRYP_CHOFU Trypsin CFT-1 OS=Choristoneura fumiferana OX=7141 PE=1 SV=1
g25789.t1,tr|A0A9W9PLL4|A0A9W9PLL4_9EURO,Penicillium chermesinum,33.051,75.0,4.58e-08,62.0,Fungal,FLAG_POSSIBLE_CONTAMINATION,3,3,tr|A0A9W9PLL4|A0A9W9PLL4_9EURO pectinesterase OS=Penicillium chermesinum OX=63820 GN=N7468_000041 PE=3 SV=1
g25790.t1,tr|A0ABP9ZDU2|A0ABP9ZDU2_9FUNG,Mucor flavus,37.16,98.0,9.48e-59,199.0,Fungal,FLAG_POSSIBLE_CONTAMINATION,5,5,tr|A0ABP9ZDU2|A0ABP9ZDU2_9FUNG Enoyl reductase (ER) domain-containing protein OS=Mucor flavus OX=439312 GN=MFLAVUS_010845 PE=4 SV=1
g25797.t1,sp|O76819|HMDH_AGRIP,Agrotis ipsilon,84.217,98.0,0.0,1432.0,Other non-arthropod,FLAG_REVIEW,5,5,sp|O76819|HMDH_AGRIP 3-hydroxy-3-methylglutaryl-coenzyme A reductase OS=Agrotis ipsilon OX=56364 GN=HMGR PE=2 SV=1
g25801.t1,tr|A0A0F7ZF45|A0A0F7ZF45_9HYPO,Hirsutella minnesotensis 3608,44.88,99.0,3.64e-42,163.0,Other non-arthropod,FLAG_REVIEW,179,179,tr|A0A0F7ZF45|A0A0F7ZF45_9HYPO S-antigen protein OS=Hirsutella minnesotensis 3608 OX=1043627 GN=HIM_12111 PE=4 SV=1
g25807.t1,sp|Q8BWQ6|VP35L_MOUSE,Mus musculus,38.361,94.0,0.0,576.0,Other non-arthropod,FLAG_REVIEW,5,5,sp|Q8BWQ6|VP35L_MOUSE VPS35 endosomal protein-sorting factor-like OS=Mus musculus OX=10090 GN=Vps35l PE=1 SV=2
g25818.t1,sp|Q5F478|ANR44_CHICK,Gallus gallus,44.348,96.0,1.53e-15,79.3,Other non-arthropod,FLAG_REVIEW,21,21,sp|Q5F478|ANR44_CHICK Serine/threonine-protein phosphatase 6 regulatory ankyrin repeat subunit B OS=Gallus gallus OX=9031 GN=ANKRD44 PE=2 SV=1
g25819.t1,tr|A0ABQ0KVB3|A0ABQ0KVB3_MYCCL,Mycena chlorophos,33.858,93.0,2.8299999999999997e-30,122.0,Other non-arthropod,FLAG_REVIEW,5,5,tr|A0ABQ0KVB3|A0ABQ0KVB3_MYCCL Ceramide very long chain fatty acid hydroxylase OS=Mycena chlorophos OX=658473 GN=MCHLO_00447 PE=3 SV=1
g25833.t1,sp|Q15649|ZNHI3_HUMAN,Homo sapiens,39.098,88.0,2.2100000000000003e-21,90.1,Other non-arthropod,FLAG_REVIEW,5,5,sp|Q15649|ZNHI3_HUMAN Zinc finger HIT domain-containing protein 3 OS=Homo sapiens OX=9606 GN=ZNHIT3 PE=1 SV=2
g25834.t1,sp|Q7YRC1|AIP_BOVIN,Bos taurus,37.304,97.0,3.15e-72,233.0,Other non-arthropod,FLAG_REVIEW,5,5,sp|Q7YRC1|AIP_BOVIN AH receptor-interacting protein OS=Bos taurus OX=9913 GN=AIP PE=2 SV=1
g25835.t1,sp|Q7Z7M0|MEGF8_HUMAN,Homo sapiens,34.457,98.0,0.0,1306.0,Other non-arthropod,FLAG_REVIEW,7,7,sp|Q7Z7M0|MEGF8_HUMAN Multiple epidermal growth factor-like domains protein 8 OS=Homo sapiens OX=9606 GN=MEGF8 PE=1 SV=2
g25836.t1,sp|Q6DH42|ENY2_DANRE,Danio rerio,59.756,85.0,5.2e-30,108.0,Other non-arthropod,FLAG_REVIEW,5,5,sp|Q6DH42|ENY2_DANRE Transcription and mRNA export factor ENY2 OS=Danio rerio OX=7955 GN=eny2 PE=3 SV=1
g25837.t1,sp|P28517|CYPR_CALVI,Calliphora vicina,45.622,93.0,1.7200000000000002e-72,227.0,Other non-arthropod,FLAG_REVIEW,5,5,"sp|P28517|CYPR_CALVI Peptidyl-prolyl cis-trans isomerase, rhodopsin-specific isozyme OS=Calliphora vicina OX=7373 GN=NINAA PE=2 SV=1"
g25845.t1,sp|Q0MQI9|NDUV2_PANTR,Pan troglodytes,56.034,95.0,6.67e-92,277.0,Other non-arthropod,FLAG_REVIEW,5,5,"sp|Q0MQI9|NDUV2_PANTR NADH dehydrogenase [ubiquinone] flavoprotein 2, mitochondrial OS=Pan troglodytes OX=9598 GN=NDUFV2 PE=2 SV=1"
g25854.t1,tr|A0A139A349|A0A139A349_GONPJ,Gonapodya prolifera (strain JEL478),81.098,99.0,2.05e-100,292.0,Other non-arthropod,FLAG_REVIEW,5,5,tr|A0A139A349|A0A139A349_GONPJ Peptidyl-prolyl cis-trans isomerase OS=Gonapodya prolifera (strain JEL478) OX=1344416 GN=M427DRAFT_73326 PE=3 SV=1
g25861.t2,sp|Q6PAV2|HERC4_MOUSE,Mus musculus,40.187,99.0,0.0,779.0,Other non-arthropod,FLAG_REVIEW,8,8,sp|Q6PAV2|HERC4_MOUSE Probable E3 ubiquitin-protein ligase HERC4 OS=Mus musculus OX=10090 GN=Herc4 PE=1 SV=2
g25870.t1,sp|Q26474|LACH_SCHAM,Schistocerca americana,33.54,71.0,6.15e-15,79.7,Other non-arthropod,FLAG_REVIEW,1,1,sp|Q26474|LACH_SCHAM Lachesin OS=Schistocerca americana OX=7009 GN=LAC PE=1 SV=1
g25884.t1,sp|Q6AXK4|BABA1_DANRE,Danio rerio,32.766,76.0,3.5100000000000003e-37,142.0,Other non-arthropod,FLAG_REVIEW,2,2,sp|Q6AXK4|BABA1_DANRE BRISC and BRCA1-A complex member 1 OS=Danio rerio OX=7955 GN=babam1 PE=1 SV=2
g25885.t1,sp|Q9CQK7|RWDD1_MOUSE,Mus musculus,49.167,99.0,1.81e-55,184.0,Other non-arthropod,FLAG_REVIEW,5,5,sp|Q9CQK7|RWDD1_MOUSE RWD domain-containing protein 1 OS=Mus musculus OX=10090 GN=Rwdd1 PE=1 SV=1
g25887.t1,sp|Q14160|SCRIB_HUMAN,Homo sapiens,45.709,81.0,9.45e-124,409.0,Other non-arthropod,FLAG_REVIEW,2,2,sp|Q14160|SCRIB_HUMAN Protein scribble homolog OS=Homo sapiens OX=9606 GN=SCRIB PE=1 SV=6
g25895.t1,sp|O18598|GST1_BLAGE,Blattella germanica,37.245,97.0,8.34e-34,125.0,Other non-arthropod,FLAG_REVIEW,5,5,sp|O18598|GST1_BLAGE Glutathione S-transferase OS=Blattella germanica OX=6973 PE=1 SV=3
g25896.t1,sp|O18598|GST1_BLAGE,Blattella germanica,39.196,99.0,1.85e-44,153.0,Other non-arthropod,FLAG_REVIEW,5,5,sp|O18598|GST1_BLAGE Glutathione S-transferase OS=Blattella germanica OX=6973 PE=1 SV=3
g25899.t1,sp|Q8VDR5|TM267_MOUSE,Mus musculus,33.503,88.0,2.32e-24,102.0,Other non-arthropod,FLAG_REVIEW,5,5,sp|Q8VDR5|TM267_MOUSE Transmembrane protein 267 OS=Mus musculus OX=10090 GN=Tmem267 PE=2 SV=1
g25905.t1,sp|Q28709|CD63_RABIT,Oryctolagus cuniculus,30.522,83.0,3.24e-31,123.0,Other non-arthropod,FLAG_REVIEW,3,3,sp|Q28709|CD63_RABIT CD63 antigen OS=Oryctolagus cuniculus OX=9986 GN=CD63 PE=2 SV=2
g25907.t1,sp|Q28943|DPYD_PIG,Sus scrofa,65.011,99.0,0.0,1256.0,Other non-arthropod,FLAG_REVIEW,5,5,sp|Q28943|DPYD_PIG Dihydropyrimidine dehydrogenase [NADP(+)] OS=Sus scrofa OX=9823 GN=DPYD PE=1 SV=1
g25908.t1,sp|Q6NTZ6|OFUT3_XENLA,Xenopus laevis,44.22,78.0,9.78e-96,302.0,Other non-arthropod,FLAG_REVIEW,5,5,sp|Q6NTZ6|OFUT3_XENLA GDP-fucose protein O-fucosyltransferase 3 OS=Xenopus laevis OX=8355 GN=pofut3 PE=2 SV=2
g25909.t1,sp|Q9CZT4|RPC5_MOUSE,Mus musculus,37.638,76.0,3.87e-50,184.0,Other non-arthropod,FLAG_REVIEW,4,4,sp|Q9CZT4|RPC5_MOUSE DNA-directed RNA polymerase III subunit RPC5 OS=Mus musculus OX=10090 GN=Polr3e PE=1 SV=2
g25914.t1,tr|D2REU5|D2REU5_ARCPA,Archaeoglobus profundus (strain DSM 5631 / JCM 9629 / NBRC 100127 / Av18),34.848,89.0,1.67e-117,376.0,Bacterial,FLAG_POSSIBLE_CONTAMINATION,5,5,"tr|D2REU5|D2REU5_ARCPA Alpha,alpha-trehalose-phosphate synthase OS=Archaeoglobus profundus (strain DSM 5631 / JCM 9629 / NBRC 100127 / Av18) OX=572546 GN=Arcpr_1593 PE=3 SV=1"
g25919.t1,sp|Q9UNK9|ANGE1_HUMAN,Homo sapiens,41.935,92.0,2.2e-18,87.0,Other non-arthropod,FLAG_REVIEW,5,5,"sp|Q9UNK9|ANGE1_HUMAN RNA 2',3'-cyclic phosphatase ANGEL1 OS=Homo sapiens OX=9606 GN=ANGEL1 PE=1 SV=1"
g25923.t1,sp|Q14593|ZN273_HUMAN,Homo sapiens,30.169,88.0,4.11e-25,113.0,Other non-arthropod,FLAG_REVIEW,6,6,sp|Q14593|ZN273_HUMAN Zinc finger protein 273 OS=Homo sapiens OX=9606 GN=ZNF273 PE=1 SV=3
g25924.t1,sp|Q05481|ZNF91_HUMAN,Homo sapiens,36.296,75.0,6.65e-11,74.7,Other non-arthropod,FLAG_REVIEW,1,1,sp|Q05481|ZNF91_HUMAN Zinc finger protein 91 OS=Homo sapiens OX=9606 GN=ZNF91 PE=1 SV=2
g25925.t1,sp|Q8C827|ZFP62_MOUSE,Mus musculus,36.607,87.0,2.81e-11,66.2,Other non-arthropod,FLAG_REVIEW,10,10,sp|Q8C827|ZFP62_MOUSE Zinc finger protein 62 OS=Mus musculus OX=10090 GN=Zfp62 PE=1 SV=1
g25926.t1,sp|P38621|ZN12_MICSA,Micropterus salmoides,33.632,78.0,3.36e-28,122.0,Other non-arthropod,FLAG_REVIEW,3,3,sp|P38621|ZN12_MICSA Zinc finger protein ZFMSA12A OS=Micropterus salmoides OX=27706 PE=2 SV=1
g25927.t1,sp|Q6ZMW2|ZN782_HUMAN,Homo sapiens,31.546,84.0,1.0400000000000001e-29,127.0,Other non-arthropod,FLAG_REVIEW,7,7,sp|Q6ZMW2|ZN782_HUMAN Zinc finger protein 782 OS=Homo sapiens OX=9606 GN=ZNF782 PE=1 SV=1
g25928.t1,sp|Q14585|ZN345_HUMAN,Homo sapiens,31.557,83.0,2.4400000000000003e-27,118.0,Other non-arthropod,FLAG_REVIEW,19,19,sp|Q14585|ZN345_HUMAN Zinc finger protein 345 OS=Homo sapiens OX=9606 GN=ZNF345 PE=1 SV=1
g25929.t1,sp|P10076|ZFP26_MOUSE,Mus musculus,31.449,84.0,8.32e-28,123.0,Other non-arthropod,FLAG_REVIEW,4,4,sp|P10076|ZFP26_MOUSE Zinc finger protein 26 OS=Mus musculus OX=10090 GN=Zfp26 PE=2 SV=2
g25931.t1,sp|A8MQ14|ZN850_HUMAN,Homo sapiens,31.959,99.0,1.45e-09,71.2,Other non-arthropod,FLAG_REVIEW,2,2,sp|A8MQ14|ZN850_HUMAN Zinc finger protein 850 OS=Homo sapiens OX=9606 GN=ZNF850 PE=1 SV=2
g25932.t1,sp|Q6ZMW2|ZN782_HUMAN,Homo sapiens,37.054,92.0,3.99e-30,127.0,Other non-arthropod,FLAG_REVIEW,14,14,sp|Q6ZMW2|ZN782_HUMAN Zinc finger protein 782 OS=Homo sapiens OX=9606 GN=ZNF782 PE=1 SV=1
g25937.t1,sp|Q68EA5|ZNF57_HUMAN,Homo sapiens,33.459,76.0,4.35e-29,126.0,Other non-arthropod,FLAG_REVIEW,8,8,sp|Q68EA5|ZNF57_HUMAN Zinc finger protein 57 OS=Homo sapiens OX=9606 GN=ZNF57 PE=1 SV=3
g25938.t1,sp|Q8NB50|ZFP62_HUMAN,Homo sapiens,31.092,80.0,2.9199999999999997e-23,115.0,Other non-arthropod,FLAG_REVIEW,28,28,sp|Q8NB50|ZFP62_HUMAN Zinc finger protein 62 homolog OS=Homo sapiens OX=9606 GN=ZFP62 PE=1 SV=3
g25954.t1,sp|Q54LN4|GGHA_DICDI,Dictyostelium discoideum,36.593,70.0,3.75e-63,213.0,Other non-arthropod,FLAG_REVIEW,2,2,sp|Q54LN4|GGHA_DICDI Gamma-glutamyl hydrolase A OS=Dictyostelium discoideum OX=44689 GN=gghA PE=3 SV=1
g25956.t1,sp|P35501|ESTE_MYZPE,Myzus persicae,30.972,91.0,1.35e-60,215.0,Other non-arthropod,FLAG_REVIEW,3,3,sp|P35501|ESTE_MYZPE Esterase E4 OS=Myzus persicae OX=13164 PE=1 SV=1
g25957.t1,sp|Q8R0W5|EST4A_MOUSE,Mus musculus,31.264,87.0,2.45e-47,179.0,Other non-arthropod,FLAG_REVIEW,1,1,sp|Q8R0W5|EST4A_MOUSE Carboxylesterase 4A OS=Mus musculus OX=10090 GN=Ces4a PE=2 SV=2
g25964.t1,sp|Q9Z321|TOP3B_MOUSE,Mus musculus,63.457,100.0,0.0,1160.0,Other non-arthropod,FLAG_REVIEW,5,5,sp|Q9Z321|TOP3B_MOUSE DNA topoisomerase 3-beta-1 OS=Mus musculus OX=10090 GN=Top3b PE=1 SV=1
g25965.t1,sp|Q6DGP4|NFI1L_DANRE,Danio rerio,38.636,78.0,1.99e-26,107.0,Other non-arthropod,FLAG_REVIEW,5,5,sp|Q6DGP4|NFI1L_DANRE NEDD4 family-interacting protein 1-like OS=Danio rerio OX=7955 GN=ndfip1l PE=2 SV=1
g25969.t1,sp|C0HKY1|NPLP1_AGRIP,Agrotis ipsilon,57.5,96.0,1.0500000000000001e-164,480.0,Other non-arthropod,FLAG_REVIEW,1,1,sp|C0HKY1|NPLP1_AGRIP Neuropeptide-like precursor 1 OS=Agrotis ipsilon OX=56364 PE=1 SV=1
g25974.t1,tr|A0A5M9JEN7|A0A5M9JEN7_MONFR,Monilinia fructicola,33.051,75.0,6.14e-08,58.5,Other non-arthropod,FLAG_REVIEW,4,4,tr|A0A5M9JEN7|A0A5M9JEN7_MONFR WSC domain-containing protein OS=Monilinia fructicola OX=38448 GN=EYC84_009486 PE=4 SV=1
g25986.t1,sp|Q9DAK9|PHP14_MOUSE,Mus musculus,51.724,72.0,3.81e-34,122.0,Other non-arthropod,FLAG_REVIEW,5,5,sp|Q9DAK9|PHP14_MOUSE 14 kDa phosphohistidine phosphatase OS=Mus musculus OX=10090 GN=Phpt1 PE=1 SV=1
g25987.t1,sp|A4QN59|DPH2_DANRE,Danio rerio,32.049,98.0,4.97e-71,239.0,Other non-arthropod,FLAG_REVIEW,5,5,sp|A4QN59|DPH2_DANRE 2-(3-amino-3-carboxypropyl)histidine synthase subunit 2 OS=Danio rerio OX=7955 GN=dph2 PE=2 SV=1
g25988.t1,sp|Q68EY7|C124A_XENLA,Xenopus laevis,50.235,81.0,9.419999999999999e-52,174.0,Other non-arthropod,FLAG_REVIEW,5,5,sp|Q68EY7|C124A_XENLA Coiled-coil domain-containing protein 124-A OS=Xenopus laevis OX=8355 GN=ccdc124-a PE=2 SV=1
g25990.t1,sp|Q568Y5|TSN11_RAT,Rattus norvegicus,31.092,100.0,6.94e-28,112.0,Other non-arthropod,FLAG_REVIEW,2,2,sp|Q568Y5|TSN11_RAT Tetraspanin-11 OS=Rattus norvegicus OX=10116 GN=Tspan11 PE=2 SV=1
g25992.t2,sp|Q92832|NELL1_HUMAN,Homo sapiens,35.826,90.0,1.0899999999999999e-150,470.0,Other non-arthropod,FLAG_REVIEW,5,5,sp|Q92832|NELL1_HUMAN Protein kinase C-binding protein NELL1 OS=Homo sapiens OX=9606 GN=NELL1 PE=1 SV=4
g25993.t1,tr|A0A1R1PIW5|A0A1R1PIW5_ZANCU,Zancudomyces culisetae,55.224,93.0,2.79e-16,72.4,Other non-arthropod,FLAG_REVIEW,5,5,tr|A0A1R1PIW5|A0A1R1PIW5_ZANCU Metal homeostasis factor ATX1 OS=Zancudomyces culisetae OX=1213189 GN=AX774_g5629 PE=3 SV=1
g25996.t3,sp|Q5ZHM5|RER1_CHICK,Gallus gallus,67.081,70.0,4.28e-76,234.0,Other non-arthropod,FLAG_REVIEW,5,5,sp|Q5ZHM5|RER1_CHICK Protein RER1 OS=Gallus gallus OX=9031 GN=RER1 PE=2 SV=1
g26004.t1,sp|Q8HY39|PRAF1_CANLF,Canis lupus familiaris,39.264,81.0,4.5200000000000003e-32,120.0,Other non-arthropod,FLAG_REVIEW,5,5,sp|Q8HY39|PRAF1_CANLF Prenylated Rab acceptor protein 1 OS=Canis lupus familiaris OX=9615 GN=RABAC1 PE=2 SV=1
g26007.t1,sp|A0A8M9PD70|OXR1A_DANRE,Danio rerio,38.132,85.0,6.77e-50,183.0,Other non-arthropod,FLAG_REVIEW,5,5,sp|A0A8M9PD70|OXR1A_DANRE Oxidation resistance protein 1A OS=Danio rerio OX=7955 GN=oxr1a PE=1 SV=1
g26020.t1,sp|G3M4F8|OCTB2_CHISP,Chilo suppressalis,85.897,98.0,0.0,679.0,Other non-arthropod,FLAG_REVIEW,6,6,sp|G3M4F8|OCTB2_CHISP Octopamine receptor beta-2R OS=Chilo suppressalis OX=168631 GN=OA2B2 PE=2 SV=1
g26027.t1,tr|A0AA35QFG5|A0AA35QFG5_9HYPO,Clonostachys chloroleuca,31.633,83.0,4.11e-11,70.1,Other non-arthropod,FLAG_REVIEW,2,2,tr|A0AA35QFG5|A0AA35QFG5_9HYPO NWD NACHT-NTPase N-terminal domain-containing protein OS=Clonostachys chloroleuca OX=1926264 GN=CCHLO57077_00016737 PE=4 SV=1
g26031.t1,sp|Q9JJ66|CDC20_MOUSE,Mus musculus,49.538,81.0,9.21e-180,526.0,Other non-arthropod,FLAG_REVIEW,4,4,sp|Q9JJ66|CDC20_MOUSE Cell division cycle protein 20 homolog OS=Mus musculus OX=10090 GN=Cdc20 PE=1 SV=2
g26034.t1,sp|Q5ZKH0|TF2H5_CHICK,Gallus gallus,66.197,97.0,2.85e-29,105.0,Other non-arthropod,FLAG_REVIEW,5,5,sp|Q5ZKH0|TF2H5_CHICK General transcription factor IIH subunit 5 OS=Gallus gallus OX=9031 GN=GTF2H5 PE=3 SV=1
g26035.t1,sp|O43257|ZNHI1_HUMAN,Homo sapiens,50.993,98.0,6.52e-46,153.0,Other non-arthropod,FLAG_REVIEW,5,5,sp|O43257|ZNHI1_HUMAN Zinc finger HIT domain-containing protein 1 OS=Homo sapiens OX=9606 GN=ZNHIT1 PE=1 SV=1
g26038.t2,sp|P56558|OGT1_RAT,Rattus norvegicus,76.775,97.0,0.0,1669.0,Other non-arthropod,FLAG_REVIEW,5,5,sp|P56558|OGT1_RAT UDP-N-acetylglucosamine--peptide N-acetylglucosaminyltransferase 110 kDa subunit OS=Rattus norvegicus OX=10116 GN=Ogt PE=1 SV=1
g26053.t1,sp|Q9Y2G3|AT11B_HUMAN,Homo sapiens,41.749,97.0,0.0,797.0,Other non-arthropod,FLAG_REVIEW,5,5,sp|Q9Y2G3|AT11B_HUMAN Phospholipid-transporting ATPase IF OS=Homo sapiens OX=9606 GN=ATP11B PE=1 SV=2
g26054.t1,sp|P56597|NDK5_HUMAN,Homo sapiens,45.455,85.0,1.4999999999999999e-53,178.0,Other non-arthropod,FLAG_REVIEW,5,5,sp|P56597|NDK5_HUMAN Nucleoside diphosphate kinase 5 OS=Homo sapiens OX=9606 GN=NME5 PE=1 SV=1
g26061.t1,sp|P52899|ODPA_CAEEL,Caenorhabditis elegans,68.3,87.0,1.4e-177,506.0,Other non-arthropod,FLAG_REVIEW,5,5,"sp|P52899|ODPA_CAEEL Probable pyruvate dehydrogenase E1 component subunit alpha, mitochondrial OS=Caenorhabditis elegans OX=6239 GN=pdha-1 PE=3 SV=1"
g26066.t1,sp|A8Y9I2|NINAB_GALME,Galleria mellonella,73.922,99.0,0.0,823.0,Other non-arthropod,FLAG_REVIEW,6,6,sp|A8Y9I2|NINAB_GALME Carotenoid isomerooxygenase OS=Galleria mellonella OX=7137 GN=ninaB PE=1 SV=1
g26069.t1,sp|Q9JMD3|STA10_MOUSE,Mus musculus,43.0,76.0,8.8e-18,83.6,Other non-arthropod,FLAG_REVIEW,2,2,sp|Q9JMD3|STA10_MOUSE START domain-containing protein 10 OS=Mus musculus OX=10090 GN=Stard10 PE=1 SV=1
g26073.t1,sp|P21399|ACOHC_HUMAN,Homo sapiens,67.301,99.0,0.0,1252.0,Other non-arthropod,FLAG_REVIEW,5,5,sp|P21399|ACOHC_HUMAN Cytoplasmic aconitate hydratase OS=Homo sapiens OX=9606 GN=ACO1 PE=1 SV=3
g26074.t1,sp|Q9Y573|IPP_HUMAN,Homo sapiens,39.13,94.0,7.85e-11,72.8,Other non-arthropod,FLAG_REVIEW,2,2,sp|Q9Y573|IPP_HUMAN Actin-binding protein IPP OS=Homo sapiens OX=9606 GN=IPP PE=1 SV=1
g26078.t1,sp|P28575|IPP_MOUSE,Mus musculus,30.07,97.0,2.06e-75,256.0,Other non-arthropod,FLAG_REVIEW,5,5,sp|P28575|IPP_MOUSE Actin-binding protein IPP OS=Mus musculus OX=10090 GN=Ipp PE=2 SV=3
g26080.t1,sp|Q9Y573|IPP_HUMAN,Homo sapiens,30.565,91.0,7.49e-68,236.0,Other non-arthropod,FLAG_REVIEW,3,3,sp|Q9Y573|IPP_HUMAN Actin-binding protein IPP OS=Homo sapiens OX=9606 GN=IPP PE=1 SV=1
g26081.t1,sp|Q8K430|KLH17_RAT,Rattus norvegicus,30.769,96.0,2.29e-57,209.0,Other non-arthropod,FLAG_REVIEW,3,3,sp|Q8K430|KLH17_RAT Kelch-like protein 17 OS=Rattus norvegicus OX=10116 GN=Klhl17 PE=1 SV=1
g26082.t1,sp|Q6TDP4|KLH17_HUMAN,Homo sapiens,30.15,89.0,1.06e-63,227.0,Other non-arthropod,FLAG_REVIEW,4,4,sp|Q6TDP4|KLH17_HUMAN Kelch-like protein 17 OS=Homo sapiens OX=9606 GN=KLHL17 PE=1 SV=1
g26083.t1,sp|Q9Y573|IPP_HUMAN,Homo sapiens,31.455,90.0,3.6100000000000003e-63,221.0,Other non-arthropod,FLAG_REVIEW,8,8,sp|Q9Y573|IPP_HUMAN Actin-binding protein IPP OS=Homo sapiens OX=9606 GN=IPP PE=1 SV=1
g26085.t1,sp|Q8K430|KLH17_RAT,Rattus norvegicus,36.842,92.0,5.29e-07,60.8,Other non-arthropod,FLAG_REVIEW,3,3,sp|Q8K430|KLH17_RAT Kelch-like protein 17 OS=Rattus norvegicus OX=10116 GN=Klhl17 PE=1 SV=1
g26086.t1,sp|Q9Y573|IPP_HUMAN,Homo sapiens,34.043,94.0,3.29e-08,64.3,Other non-arthropod,FLAG_REVIEW,2,2,sp|Q9Y573|IPP_HUMAN Actin-binding protein IPP OS=Homo sapiens OX=9606 GN=IPP PE=1 SV=1
g26090.t2,sp|P28575|IPP_MOUSE,Mus musculus,40.0,76.0,3.69e-14,73.9,Other non-arthropod,FLAG_REVIEW,3,3,sp|P28575|IPP_MOUSE Actin-binding protein IPP OS=Mus musculus OX=10090 GN=Ipp PE=2 SV=3
g26091.t2,sp|Q6TDP4|KLH17_HUMAN,Homo sapiens,30.377,90.0,3.18e-38,154.0,Other non-arthropod,FLAG_REVIEW,5,5,sp|Q6TDP4|KLH17_HUMAN Kelch-like protein 17 OS=Homo sapiens OX=9606 GN=KLHL17 PE=1 SV=1
g26103.t1,sp|P62510|ERR3_RAT,Rattus norvegicus,45.226,85.0,8.69e-100,312.0,Other non-arthropod,FLAG_REVIEW,5,5,sp|P62510|ERR3_RAT Estrogen-related receptor gamma OS=Rattus norvegicus OX=10116 GN=Esrrg PE=2 SV=1
g26109.t1,tr|A0A9N8UZ89|A0A9N8UZ89_9GLOM,Ambispora gerdemannii,38.76,80.0,1.06e-23,98.2,Other non-arthropod,FLAG_REVIEW,5,5,tr|A0A9N8UZ89|A0A9N8UZ89_9GLOM 9604_t:CDS:1 OS=Ambispora gerdemannii OX=144530 GN=AGERDE_LOCUS257 PE=3 SV=1
g26110.t1,sp|Q8BML2|OACYL_MOUSE,Mus musculus,30.769,76.0,5.43e-06,58.2,Other non-arthropod,FLAG_REVIEW,1,1,sp|Q8BML2|OACYL_MOUSE O-acyltransferase like protein OS=Mus musculus OX=10090 GN=Oacyl PE=2 SV=1
g26112.t1,sp|Q5E9N0|BYST_BOVIN,Bos taurus,62.895,96.0,2.01e-168,484.0,Other non-arthropod,FLAG_REVIEW,5,5,sp|Q5E9N0|BYST_BOVIN Bystin OS=Bos taurus OX=9913 GN=BYSL PE=2 SV=1
g26137.t1,sp|P31335|PUR9_CHICK,Gallus gallus,70.034,100.0,0.0,864.0,Other non-arthropod,FLAG_REVIEW,5,5,sp|P31335|PUR9_CHICK Bifunctional purine biosynthesis protein ATIC OS=Gallus gallus OX=9031 GN=ATIC PE=1 SV=1
g26139.t1,sp|P39087|GRIK2_MOUSE,Mus musculus,32.723,90.0,1.84e-127,412.0,Other non-arthropod,FLAG_REVIEW,5,5,"sp|P39087|GRIK2_MOUSE Glutamate receptor ionotropic, kainate 2 OS=Mus musculus OX=10090 GN=Grik2 PE=1 SV=4"
g26141.t1,tr|A0A5C3QHJ2|A0A5C3QHJ2_9AGAR,Pterulicium gracile,39.024,70.0,5.04e-13,70.5,Other non-arthropod,FLAG_REVIEW,3,3,tr|A0A5C3QHJ2|A0A5C3QHJ2_9AGAR adenosylmethionine decarboxylase OS=Pterulicium gracile OX=1884261 GN=BDV98DRAFT_655901 PE=3 SV=1
g26143.t1,sp|Q9H1I8|ASCC2_HUMAN,Homo sapiens,30.326,98.0,1.1100000000000001e-103,341.0,Other non-arthropod,FLAG_REVIEW,2,2,sp|Q9H1I8|ASCC2_HUMAN Activating signal cointegrator 1 complex subunit 2 OS=Homo sapiens OX=9606 GN=ASCC2 PE=1 SV=3
g26150.t1,sp|P35042|TRYP_CHOFU,Choristoneura fumiferana,53.696,98.0,1.88e-83,256.0,Other non-arthropod,FLAG_REVIEW,5,5,sp|P35042|TRYP_CHOFU Trypsin CFT-1 OS=Choristoneura fumiferana OX=7141 PE=1 SV=1
g26151.t1,sp|P35042|TRYP_CHOFU,Choristoneura fumiferana,48.679,100.0,4.07e-82,253.0,Other non-arthropod,FLAG_REVIEW,5,5,sp|P35042|TRYP_CHOFU Trypsin CFT-1 OS=Choristoneura fumiferana OX=7141 PE=1 SV=1
g26153.t1,sp|Q4R3J0|RTCA_MACFA,Macaca fascicularis,48.163,98.0,1.2800000000000001e-79,250.0,Other non-arthropod,FLAG_REVIEW,5,5,sp|Q4R3J0|RTCA_MACFA RNA 3'-terminal phosphate cyclase OS=Macaca fascicularis OX=9541 GN=RTCA PE=2 SV=1
g26168.t1,sp|P82925|RT31_BOVIN,Bos taurus,31.831,84.0,1.16e-33,136.0,Other non-arthropod,FLAG_REVIEW,1,1,sp|P82925|RT31_BOVIN Small ribosomal subunit protein mS31 OS=Bos taurus OX=9913 GN=MRPS31 PE=1 SV=3
g26169.t1,tr|A0ABR2X5P8|A0ABR2X5P8_9FUNG,Basidiobolus ranarum,42.908,97.0,1.6599999999999999e-69,223.0,Other non-arthropod,FLAG_REVIEW,5,5,tr|A0ABR2X5P8|A0ABR2X5P8_9FUNG Glucose-6-phosphate 1-epimerase OS=Basidiobolus ranarum OX=34480 GN=K7432_000053 PE=3 SV=1
g26170.t1,sp|Q8JG64|PDIA3_CHICK,Gallus gallus,48.927,92.0,3.15e-142,424.0,Other non-arthropod,FLAG_REVIEW,5,5,sp|Q8JG64|PDIA3_CHICK Protein disulfide-isomerase A3 OS=Gallus gallus OX=9031 GN=PDIA3 PE=2 SV=1
g26173.t1,sp|Q5R803|FRMD3_PONAB,Pongo abelii,37.209,72.0,7.78e-85,283.0,Other non-arthropod,FLAG_REVIEW,1,1,sp|Q5R803|FRMD3_PONAB FERM domain-containing protein 3 OS=Pongo abelii OX=9601 GN=FRMD3 PE=2 SV=1
g26176.t1,sp|Q9Z1W9|STK39_MOUSE,Mus musculus,60.079,98.0,0.0,591.0,Other non-arthropod,FLAG_REVIEW,5,5,sp|Q9Z1W9|STK39_MOUSE STE20/SPS1-related proline-alanine-rich protein kinase OS=Mus musculus OX=10090 GN=Stk39 PE=1 SV=1
g26177.t1,sp|Q5ZL13|NUD19_CHICK,Gallus gallus,41.121,76.0,4.3e-18,85.9,Other non-arthropod,FLAG_REVIEW,5,5,sp|Q5ZL13|NUD19_CHICK Acyl-coenzyme A diphosphatase NUDT19 OS=Gallus gallus OX=9031 GN=NUDT19 PE=2 SV=1
g26178.t1,sp|Q5U208|THAP1_RAT,Rattus norvegicus,33.728,90.0,8.51e-09,59.3,Other non-arthropod,FLAG_REVIEW,2,2,sp|Q5U208|THAP1_RAT THAP domain-containing protein 1 OS=Rattus norvegicus OX=10116 GN=Thap1 PE=2 SV=1
g26180.t1,sp|P62334|PRS10_MOUSE,Mus musculus,87.719,91.0,8.62e-63,202.0,Other non-arthropod,FLAG_REVIEW,5,5,sp|P62334|PRS10_MOUSE 26S proteasome regulatory subunit 10B OS=Mus musculus OX=10090 GN=Psmc6 PE=1 SV=1
g26181.t1,sp|P62334|PRS10_MOUSE,Mus musculus,89.787,99.0,5.05e-155,442.0,Other non-arthropod,FLAG_REVIEW,5,5,sp|P62334|PRS10_MOUSE 26S proteasome regulatory subunit 10B OS=Mus musculus OX=10090 GN=Psmc6 PE=1 SV=1
g26192.t1,sp|Q7SXW3|LRC40_DANRE,Danio rerio,38.732,94.0,1.31e-85,280.0,Other non-arthropod,FLAG_REVIEW,6,6,sp|Q7SXW3|LRC40_DANRE Leucine-rich repeat-containing protein 40 OS=Danio rerio OX=7955 GN=lrrc40 PE=2 SV=1
g26194.t1,sp|Q964R1|CP6J1_BLAGE,Blattella germanica,33.626,91.0,8.15e-85,277.0,Other non-arthropod,FLAG_REVIEW,2,2,sp|Q964R1|CP6J1_BLAGE Cytochrome P450 6j1 OS=Blattella germanica OX=6973 GN=CYP6J1 PE=2 SV=1
g26196.t1,tr|A0A9N9F3K8|A0A9N9F3K8_9GLOM,Funneliformis caledonium,39.732,79.0,1.99e-44,160.0,Other non-arthropod,FLAG_REVIEW,5,5,tr|A0A9N9F3K8|A0A9N9F3K8_9GLOM DDB1- and CUL4-associated factor 13 OS=Funneliformis caledonium OX=1117310 GN=FCALED_LOCUS3969 PE=3 SV=1
g26198.t1,sp|P82920|RT21_BOVIN,Bos taurus,55.294,89.0,8.150000000000001e-27,100.0,Other non-arthropod,FLAG_REVIEW,3,3,sp|P82920|RT21_BOVIN Small ribosomal subunit protein bS21m OS=Bos taurus OX=9913 GN=MRPS21 PE=1 SV=3
g26205.t1,tr|A0A5B0QF73|A0A5B0QF73_PUCGR,Puccinia graminis f. sp. tritici,35.052,94.0,1.29e-08,57.8,Other non-arthropod,FLAG_REVIEW,2,2,tr|A0A5B0QF73|A0A5B0QF73_PUCGR Reverse transcriptase OS=Puccinia graminis f. sp. tritici OX=56615 GN=PGT21_050127 PE=4 SV=1
g26211.t1,sp|O70595|ABCB6_RAT,Rattus norvegicus,62.464,85.0,5.89e-145,453.0,Other non-arthropod,FLAG_REVIEW,4,4,sp|O70595|ABCB6_RAT ATP-binding cassette sub-family B member 6 OS=Rattus norvegicus OX=10116 GN=Abcb6 PE=1 SV=1
g26212.t1,sp|Q9NP66|HM20A_HUMAN,Homo sapiens,38.264,82.0,3.9300000000000004e-56,194.0,Other non-arthropod,FLAG_REVIEW,5,5,sp|Q9NP66|HM20A_HUMAN High mobility group protein 20A OS=Homo sapiens OX=9606 GN=HMG20A PE=1 SV=1
g26213.t1,sp|Q58EA2|THO4A_XENLA,Xenopus laevis,49.438,98.0,1.2e-51,175.0,Other non-arthropod,FLAG_REVIEW,5,5,sp|Q58EA2|THO4A_XENLA THO complex subunit 4-A OS=Xenopus laevis OX=8355 GN=alyref-a PE=2 SV=1
g26214.t1,sp|Q803R5|CMTR1_DANRE,Danio rerio,41.206,83.0,0.0,578.0,Other non-arthropod,FLAG_REVIEW,5,5,sp|Q803R5|CMTR1_DANRE Cap-specific mRNA (nucleoside-2'-O-)-methyltransferase 1 OS=Danio rerio OX=7955 GN=cmtr1 PE=2 SV=1
g26216.t1,sp|Q924Z6|XPO6_MOUSE,Mus musculus,33.185,97.0,4.0299999999999997e-147,474.0,Other non-arthropod,FLAG_REVIEW,5,5,sp|Q924Z6|XPO6_MOUSE Exportin-6 OS=Mus musculus OX=10090 GN=Xpo6 PE=1 SV=2
g26225.t1,sp|Q5E9J9|STRAA_BOVIN,Bos taurus,43.824,96.0,6.110000000000001e-88,275.0,Other non-arthropod,FLAG_REVIEW,5,5,sp|Q5E9J9|STRAA_BOVIN STE20-related kinase adapter protein alpha OS=Bos taurus OX=9913 GN=STRADA PE=2 SV=1
g26229.t1,sp|Q9NQX6|ZN331_HUMAN,Homo sapiens,42.197,89.0,1.83e-35,136.0,Other non-arthropod,FLAG_REVIEW,28,28,sp|Q9NQX6|ZN331_HUMAN Zinc finger protein 331 OS=Homo sapiens OX=9606 GN=ZNF331 PE=1 SV=1
g26234.t1,sp|Q9BTX7|TTPAL_HUMAN,Homo sapiens,32.099,70.0,1.73e-32,130.0,Other non-arthropod,FLAG_REVIEW,3,3,sp|Q9BTX7|TTPAL_HUMAN Alpha-tocopherol transfer protein-like OS=Homo sapiens OX=9606 GN=TTPAL PE=1 SV=2
g26235.t1,sp|Q9D3D0|TTPAL_MOUSE,Mus musculus,33.333,80.0,1.44e-36,140.0,Other non-arthropod,FLAG_REVIEW,5,5,sp|Q9D3D0|TTPAL_MOUSE Alpha-tocopherol transfer protein-like OS=Mus musculus OX=10090 GN=Ttpal PE=1 SV=3
g26237.t1,sp|Q9TZM3|LRK1_CAEEL,Caenorhabditis elegans,38.83,80.0,3.58e-32,130.0,Other non-arthropod,FLAG_REVIEW,5,5,sp|Q9TZM3|LRK1_CAEEL Leucine-rich repeat serine/threonine-protein kinase 1 OS=Caenorhabditis elegans OX=6239 GN=lrk-1 PE=1 SV=6
g26257.t1,sp|A8WIP6|CDK20_DANRE,Danio rerio,54.87,96.0,4.69e-118,350.0,Other non-arthropod,FLAG_REVIEW,5,5,sp|A8WIP6|CDK20_DANRE Cyclin-dependent kinase 20 OS=Danio rerio OX=7955 GN=cdk20 PE=2 SV=1
g26258.t1,sp|Q5RBN9|TAD2B_PONAB,Pongo abelii,36.957,86.0,1.59e-87,282.0,Other non-arthropod,FLAG_REVIEW,4,4,sp|Q5RBN9|TAD2B_PONAB Transcriptional adapter 2-beta OS=Pongo abelii OX=9601 GN=TADA2B PE=2 SV=1
g26259.t1,sp|Q5R650|WDR37_PONAB,Pongo abelii,53.363,94.0,2.4600000000000002e-161,471.0,Other non-arthropod,FLAG_REVIEW,5,5,sp|Q5R650|WDR37_PONAB WD repeat-containing protein 37 OS=Pongo abelii OX=9601 GN=WDR37 PE=2 SV=1
g26264.t1,sp|Q6AY62|NEUFC_RAT,Rattus norvegicus,41.593,92.0,2.66e-58,191.0,Other non-arthropod,FLAG_REVIEW,5,5,sp|Q6AY62|NEUFC_RAT Neuferricin OS=Rattus norvegicus OX=10116 GN=Cyb5d2 PE=2 SV=1
g26280.t1,sp|Q99LT0|DPY30_MOUSE,Mus musculus,57.692,71.0,1.1399999999999999e-24,95.9,Other non-arthropod,FLAG_REVIEW,2,2,sp|Q99LT0|DPY30_MOUSE Protein dpy-30 homolog OS=Mus musculus OX=10090 GN=Dpy30 PE=1 SV=1
g26281.t1,sp|Q6VTH5|RSPH1_CYPCA,Cyprinus carpio,44.298,76.0,2.72e-53,179.0,Other non-arthropod,FLAG_REVIEW,1,1,sp|Q6VTH5|RSPH1_CYPCA Radial spoke head 1 homolog OS=Cyprinus carpio OX=7962 GN=rsph1 PE=1 SV=1
g26283.t1,sp|P43378|PTN9_HUMAN,Homo sapiens,49.359,92.0,1.37e-41,153.0,Other non-arthropod,FLAG_REVIEW,4,4,sp|P43378|PTN9_HUMAN Tyrosine-protein phosphatase non-receptor type 9 OS=Homo sapiens OX=9606 GN=PTPN9 PE=1 SV=1
g26298.t1,tr|A0ABR2I096|A0ABR2I096_9PEZI,Apiospora arundinis,42.982,94.0,7.54e-15,75.9,Other non-arthropod,FLAG_REVIEW,5,5,tr|A0ABR2I096|A0ABR2I096_9PEZI Short chain dehydrogenase OS=Apiospora arundinis OX=335852 GN=PGQ11_011638 PE=3 SV=1
g26301.t1,sp|Q8VCC1|PGDH_MOUSE,Mus musculus,35.052,70.0,1.16e-32,127.0,Other non-arthropod,FLAG_REVIEW,5,5,sp|Q8VCC1|PGDH_MOUSE 15-hydroxyprostaglandin dehydrogenase [NAD(+)] OS=Mus musculus OX=10090 GN=Hpgd PE=1 SV=1
g26327.t1,sp|P19137|LAMA1_MOUSE,Mus musculus,30.695,89.0,2.89e-100,353.0,Other non-arthropod,FLAG_REVIEW,15,15,sp|P19137|LAMA1_MOUSE Laminin subunit alpha-1 OS=Mus musculus OX=10090 GN=Lama1 PE=1 SV=2
g26333.t1,tr|F4BY60|F4BY60_METSG,Methanothrix soehngenii (strain ATCC 5969 / DSM 3671 / JCM 10134 / NBRC 103675 / OCM 69 / GP-6),35.484,98.0,2.24e-06,50.8,Other non-arthropod,FLAG_REVIEW,1,1,tr|F4BY60|F4BY60_METSG Alkaline phosphatase family protein OS=Methanothrix soehngenii (strain ATCC 5969 / DSM 3671 / JCM 10134 / NBRC 103675 / OCM 69 / GP-6) OX=990316 GN=MCON_2339 PE=4 SV=1
g26335.t1,sp|Q5I0H5|CCNL2_RAT,Rattus norvegicus,44.134,83.0,4.89e-33,130.0,Other non-arthropod,FLAG_REVIEW,2,2,sp|Q5I0H5|CCNL2_RAT Cyclin-L2 OS=Rattus norvegicus OX=10116 GN=Ccnl2 PE=1 SV=2
g26345.t1,sp|Q08CI4|CCYL1_DANRE,Danio rerio,59.538,100.0,1.47e-129,379.0,Other non-arthropod,FLAG_REVIEW,5,5,sp|Q08CI4|CCYL1_DANRE Cyclin-Y-like protein 1 OS=Danio rerio OX=7955 GN=ccnyl1 PE=2 SV=1
g26348.t1,sp|Q27U48|TBB1_GLOMM,Glossina morsitans morsitans,81.111,97.0,1.38e-162,465.0,Other non-arthropod,FLAG_REVIEW,5,5,sp|Q27U48|TBB1_GLOMM Tubulin beta-1 chain OS=Glossina morsitans morsitans OX=37546 PE=2 SV=1
g26353.t1,sp|Q2T9V8|DTD1_BOVIN,Bos taurus,64.43,94.0,1.6099999999999998e-69,215.0,Other non-arthropod,FLAG_REVIEW,5,5,sp|Q2T9V8|DTD1_BOVIN D-aminoacyl-tRNA deacylase 1 OS=Bos taurus OX=9913 GN=DTD1 PE=2 SV=1
g26363.t1,sp|Q6P6Z0|DDB1_XENLA,Xenopus laevis,65.033,99.0,5.4799999999999995e-140,430.0,Other non-arthropod,FLAG_REVIEW,5,5,sp|Q6P6Z0|DDB1_XENLA DNA damage-binding protein 1 OS=Xenopus laevis OX=8355 GN=ddb1 PE=2 SV=1
g26364.t1,sp|Q9QXA6|BAT1_MOUSE,Mus musculus,39.796,100.0,2.18e-13,71.2,Other non-arthropod,FLAG_REVIEW,5,5,"sp|Q9QXA6|BAT1_MOUSE b(0,+)-type amino acid transporter 1 OS=Mus musculus OX=10090 GN=Slc7a9 PE=1 SV=1"
g26367.t1,tr|A0ACH0G0I5|A0ACH0G0I5_9GLOM,Rhizophagus irregularis,30.796,86.0,1.65e-11,73.6,Other non-arthropod,FLAG_REVIEW,16,16,tr|A0ACH0G0I5|A0ACH0G0I5_9GLOM Uncharacterized protein OS=Rhizophagus irregularis OX=588596 GN=OCT59_027786 PE=4 SV=1
g26384.t1,tr|A0A0B7MUY4|A0A0B7MUY4_9FUNG,Parasitella parasitica,35.238,80.0,1.37e-14,76.3,Other non-arthropod,FLAG_REVIEW,5,5,tr|A0A0B7MUY4|A0A0B7MUY4_9FUNG Reverse transcriptase (Fragment) OS=Parasitella parasitica OX=35722 GN=PARPA_02327.1 scaffold 4074 PE=4 SV=1
g26387.t2,sp|Q0P5L5|SUMF1_BOVIN,Bos taurus,52.768,84.0,2.19e-99,303.0,Other non-arthropod,FLAG_REVIEW,5,5,sp|Q0P5L5|SUMF1_BOVIN Formylglycine-generating enzyme OS=Bos taurus OX=9913 GN=SUMF1 PE=2 SV=1
g26388.t1,tr|A0A401HQU0|A0A401HQU0_9EURY,Methanofervidicoccus abyssi,31.148,70.0,2.05e-25,112.0,Other non-arthropod,FLAG_REVIEW,2,2,tr|A0A401HQU0|A0A401HQU0_9EURY TraB family protein OS=Methanofervidicoccus abyssi OX=2082189 GN=MHHB_P0848 PE=4 SV=1
g26390.t1,sp|Q0P4K0|OSGL1_XENTR,Xenopus tropicalis,47.872,77.0,1.4899999999999999e-115,352.0,Other non-arthropod,FLAG_REVIEW,5,5,"sp|Q0P4K0|OSGL1_XENTR tRNA N6-adenosine threonylcarbamoyltransferase, mitochondrial OS=Xenopus tropicalis OX=8364 GN=osgepl1 PE=2 SV=2"
g26413.t1,sp|P60027|TF2H4_PANTR,Pan troglodytes,54.428,96.0,3.75e-174,503.0,Other non-arthropod,FLAG_REVIEW,5,5,sp|P60027|TF2H4_PANTR General transcription factor IIH subunit 4 OS=Pan troglodytes OX=9598 GN=GTF2H4 PE=3 SV=1
g26415.t1,tr|A0A9W8A5B0|A0A9W8A5B0_9FUNG,Tieghemiomyces parasiticus,45.785,96.0,7.970000000000001e-156,463.0,Other non-arthropod,FLAG_REVIEW,5,5,tr|A0A9W8A5B0|A0A9W8A5B0_9FUNG Delta(24)-sterol reductase OS=Tieghemiomyces parasiticus OX=78921 GN=IWQ60_005944 PE=4 SV=1
g26419.t1,sp|A8DS38|ERVC2_TABDI,Tabernaemontana divaricata,32.308,97.0,5.17e-15,79.3,Other non-arthropod,FLAG_REVIEW,4,4,sp|A8DS38|ERVC2_TABDI Ervatamin-C OS=Tabernaemontana divaricata OX=52861 PE=1 SV=1
g26430.t1,sp|P53368|8ODP_MOUSE,Mus musculus,49.045,91.0,1.3e-51,168.0,Other non-arthropod,FLAG_REVIEW,5,5,sp|P53368|8ODP_MOUSE Oxidized purine nucleoside triphosphate hydrolase OS=Mus musculus OX=10090 GN=Nudt1 PE=1 SV=1
g26431.t1,tr|A0A8H7EPK3|A0A8H7EPK3_9FUNG,Apophysomyces ossiformis,35.802,93.0,1.21e-51,189.0,Other non-arthropod,FLAG_REVIEW,10,10,tr|A0A8H7EPK3|A0A8H7EPK3_9FUNG Enoyl reductase (ER) domain-containing protein OS=Apophysomyces ossiformis OX=679940 GN=EC973_007878 PE=4 SV=1
g26434.t1,sp|Q09137|AAPK2_RAT,Rattus norvegicus,64.476,100.0,0.0,722.0,Other non-arthropod,FLAG_REVIEW,5,5,sp|Q09137|AAPK2_RAT 5'-AMP-activated protein kinase catalytic subunit alpha-2 OS=Rattus norvegicus OX=10116 GN=Prkaa2 PE=1 SV=1
g26435.t2,sp|Q91VA6|PDIP2_MOUSE,Mus musculus,70.874,89.0,3.5100000000000002e-161,461.0,Other non-arthropod,FLAG_REVIEW,2,2,sp|Q91VA6|PDIP2_MOUSE Polymerase delta-interacting protein 2 OS=Mus musculus OX=10090 GN=Poldip2 PE=1 SV=1
g26436.t1,sp|Q5RAS0|ACADS_PONAB,Pongo abelii,74.801,92.0,0.0,598.0,Other non-arthropod,FLAG_REVIEW,5,5,"sp|Q5RAS0|ACADS_PONAB Short-chain specific acyl-CoA dehydrogenase, mitochondrial OS=Pongo abelii OX=9601 GN=ACADS PE=2 SV=1"
g26437.t1,sp|O15145|ARPC3_HUMAN,Homo sapiens,67.039,100.0,1.21e-86,258.0,Other non-arthropod,FLAG_REVIEW,5,5,sp|O15145|ARPC3_HUMAN Actin-related protein 2/3 complex subunit 3 OS=Homo sapiens OX=9606 GN=ARPC3 PE=1 SV=3
g26438.t1,sp|Q2TBX7|CCD86_BOVIN,Bos taurus,45.522,77.0,6.92e-17,83.6,Other non-arthropod,FLAG_REVIEW,5,5,sp|Q2TBX7|CCD86_BOVIN Coiled-coil domain-containing protein 86 OS=Bos taurus OX=9913 GN=CCDC86 PE=2 SV=1
g26441.t1,sp|Q96NN9|AIFM3_HUMAN,Homo sapiens,39.304,94.0,9.98e-137,417.0,Other non-arthropod,FLAG_REVIEW,5,5,sp|Q96NN9|AIFM3_HUMAN Apoptosis-inducing factor 3 OS=Homo sapiens OX=9606 GN=AIFM3 PE=1 SV=1
g26442.t2,sp|Q3B7Z2|OSBP1_MOUSE,Mus musculus,48.686,98.0,0.0,694.0,Other non-arthropod,FLAG_REVIEW,5,5,sp|Q3B7Z2|OSBP1_MOUSE Oxysterol-binding protein 1 OS=Mus musculus OX=10090 GN=Osbp PE=1 SV=3
g26446.t1,sp|O95900|TRUB2_HUMAN,Homo sapiens,39.516,91.0,2.92e-53,182.0,Other non-arthropod,FLAG_REVIEW,4,4,"sp|O95900|TRUB2_HUMAN Pseudouridylate synthase TRUB2, mitochondrial OS=Homo sapiens OX=9606 GN=TRUB2 PE=1 SV=1"
g26447.t1,sp|Q1LZ80|PAGR1_BOVIN,Bos taurus,30.286,87.0,1.41e-09,62.4,Other non-arthropod,FLAG_REVIEW,4,4,sp|Q1LZ80|PAGR1_BOVIN PAXIP1-associated glutamate-rich protein 1 OS=Bos taurus OX=9913 GN=PAGR1 PE=2 SV=1
g26449.t1,sp|P81274|GPSM2_HUMAN,Homo sapiens,50.077,96.0,0.0,607.0,Other non-arthropod,FLAG_REVIEW,5,5,sp|P81274|GPSM2_HUMAN G protein-signaling modulator 2 OS=Homo sapiens OX=9606 GN=GPSM2 PE=1 SV=3
g26450.t1,sp|Q15526|SURF1_HUMAN,Homo sapiens,45.455,85.0,2.89e-69,224.0,Other non-arthropod,FLAG_REVIEW,5,5,sp|Q15526|SURF1_HUMAN Surfeit locus protein 1 OS=Homo sapiens OX=9606 GN=SURF1 PE=1 SV=1
g26455.t1,sp|P52432|RPAC1_MOUSE,Mus musculus,47.734,98.0,1.3500000000000002e-110,332.0,Other non-arthropod,FLAG_REVIEW,5,5,sp|P52432|RPAC1_MOUSE DNA-directed RNA polymerases I and III subunit RPAC1 OS=Mus musculus OX=10090 GN=Polr1c PE=1 SV=3
g26466.t1,sp|A0A0R4IF99|ZD16B_DANRE,Danio rerio,31.752,95.0,4.22e-31,125.0,Other non-arthropod,FLAG_REVIEW,1,1,sp|A0A0R4IF99|ZD16B_DANRE Palmitoyltransferase ZDHHC16B OS=Danio rerio OX=7955 GN=zdhhc16b PE=3 SV=1
g26477.t1,tr|A0ABR4A355|A0ABR4A355_9LECA,Stereocaulon virgatum,31.707,98.0,2.5e-12,69.7,Other non-arthropod,FLAG_REVIEW,7,7,tr|A0ABR4A355|A0ABR4A355_9LECA Uncharacterized protein OS=Stereocaulon virgatum OX=373712 GN=N7G274_006805 PE=4 SV=1
g26482.t1,tr|A0A9N9PDD7|A0A9N9PDD7_9GLOM,Cetraspora pellucida,31.034,78.0,2.02e-22,103.0,Other non-arthropod,FLAG_REVIEW,2,2,tr|A0A9N9PDD7|A0A9N9PDD7_9GLOM 5492_t:CDS:1 OS=Cetraspora pellucida OX=1433469 GN=CPELLU_LOCUS19004 PE=4 SV=1
g26490.t2,sp|P97478|COQ7_MOUSE,Mus musculus,66.667,72.0,1.7199999999999998e-68,215.0,Other non-arthropod,FLAG_REVIEW,5,5,"sp|P97478|COQ7_MOUSE NADPH-dependent 3-demethoxyubiquinone 3-hydroxylase, mitochondrial OS=Mus musculus OX=10090 GN=Coq7 PE=1 SV=3"
