Sequence_ID	Header	Length	Sequence_Type
g13247.t1	g13247.t1	259	PROTEIN
g13248.t1	g13248.t1	151	PROTEIN
g13249.t1	g13249.t1	64	PROTEIN
g13250.t1	g13250.t1	2128	PROTEIN
g13251.t2	g13251.t2	1840	PROTEIN
g13252.t1	g13252.t1	110	PROTEIN
g13253.t1	g13253.t1	91	PROTEIN
g13254.t1	g13254.t1	161	PROTEIN
g13255.t1	g13255.t1	216	PROTEIN
g13256.t1	g13256.t1	347	PROTEIN
g13257.t1	g13257.t1	192	PROTEIN
g13258.t1	g13258.t1	113	PROTEIN
g13259.t1	g13259.t1	416	PROTEIN
g13260.t1	g13260.t1	68	PROTEIN
g13261.t1	g13261.t1	66	PROTEIN
g13262.t1	g13262.t1	420	PROTEIN
g13263.t1	g13263.t1	1425	PROTEIN
g13264.t1	g13264.t1	403	PROTEIN
g13265.t1	g13265.t1	1011	PROTEIN
g13266.t1	g13266.t1	119	PROTEIN
g13267.t1	g13267.t1	169	PROTEIN
g13268.t1	g13268.t1	180	PROTEIN
g13269.t1	g13269.t1	485	PROTEIN
g13270.t1	g13270.t1	502	PROTEIN
g13271.t1	g13271.t1	151	PROTEIN
g13272.t1	g13272.t1	198	PROTEIN
g13273.t1	g13273.t1	165	PROTEIN
g13274.t1	g13274.t1	574	PROTEIN
g13275.t1	g13275.t1	70	PROTEIN
g13276.t1	g13276.t1	390	PROTEIN
g13277.t1	g13277.t1	469	PROTEIN
g13278.t1	g13278.t1	141	PROTEIN
g13279.t1	g13279.t1	848	PROTEIN
g13280.t1	g13280.t1	435	PROTEIN
g13281.t1	g13281.t1	113	PROTEIN
g13282.t1	g13282.t1	764	PROTEIN
g13283.t1	g13283.t1	554	PROTEIN
g13284.t1	g13284.t1	90	PROTEIN
g13285.t1	g13285.t1	958	PROTEIN
g13286.t1	g13286.t1	599	PROTEIN
g13287.t1	g13287.t1	573	PROTEIN
g13288.t1	g13288.t1	181	PROTEIN
g13289.t1	g13289.t1	661	PROTEIN
g13290.t1	g13290.t1	68	PROTEIN
g13291.t1	g13291.t1	279	PROTEIN
g13292.t1	g13292.t1	442	PROTEIN
g13293.t1	g13293.t1	192	PROTEIN
g13294.t1	g13294.t1	217	PROTEIN
g13295.t1	g13295.t1	1508	PROTEIN
g13296.t1	g13296.t1	462	PROTEIN
g13297.t1	g13297.t1	466	PROTEIN
g13298.t1	g13298.t1	269	PROTEIN
g13299.t1	g13299.t1	275	PROTEIN
g13300.t1	g13300.t1	268	PROTEIN
g13301.t1	g13301.t1	103	PROTEIN
g13302.t1	g13302.t1	88	PROTEIN
g13303.t1	g13303.t1	90	PROTEIN
g13304.t1	g13304.t1	94	PROTEIN
g13305.t1	g13305.t1	1090	PROTEIN
g13306.t1	g13306.t1	372	PROTEIN
g13307.t1	g13307.t1	97	PROTEIN
g13308.t1	g13308.t1	328	PROTEIN
g13309.t1	g13309.t1	286	PROTEIN
g13310.t1	g13310.t1	144	PROTEIN
g13311.t1	g13311.t1	102	PROTEIN
g13312.t1	g13312.t1	163	PROTEIN
g13313.t1	g13313.t1	445	PROTEIN
g13314.t1	g13314.t1	342	PROTEIN
g13315.t1	g13315.t1	318	PROTEIN
g13316.t1	g13316.t1	345	PROTEIN
g13317.t1	g13317.t1	69	PROTEIN
g13318.t1	g13318.t1	188	PROTEIN
g13319.t1	g13319.t1	401	PROTEIN
g13320.t1	g13320.t1	2026	PROTEIN
g13321.t1	g13321.t1	306	PROTEIN
g13322.t1	g13322.t1	93	PROTEIN
g13323.t1	g13323.t1	78	PROTEIN
g13324.t1	g13324.t1	125	PROTEIN
g13325.t1	g13325.t1	344	PROTEIN
g13326.t1	g13326.t1	120	PROTEIN
g13327.t1	g13327.t1	108	PROTEIN
g13328.t1	g13328.t1	851	PROTEIN
g13329.t1	g13329.t1	126	PROTEIN
g13330.t1	g13330.t1	922	PROTEIN
g13331.t1	g13331.t1	87	PROTEIN
g13332.t1	g13332.t1	415	PROTEIN
g13333.t1	g13333.t1	397	PROTEIN
g13334.t1	g13334.t1	234	PROTEIN
g13335.t1	g13335.t1	410	PROTEIN
g13336.t1	g13336.t1	626	PROTEIN
g13337.t1	g13337.t1	81	PROTEIN
g13338.t1	g13338.t1	258	PROTEIN
g13339.t1	g13339.t1	1177	PROTEIN
g13340.t1	g13340.t1	110	PROTEIN
g13341.t1	g13341.t1	160	PROTEIN
g13342.t1	g13342.t1	69	PROTEIN
g13343.t1	g13343.t1	618	PROTEIN
g13344.t1	g13344.t1	833	PROTEIN
g13345.t1	g13345.t1	194	PROTEIN
g13346.t1	g13346.t1	207	PROTEIN
g13347.t1	g13347.t1	112	PROTEIN
g13348.t1	g13348.t1	390	PROTEIN
g13349.t1	g13349.t1	574	PROTEIN
g13350.t3	g13350.t3	717	PROTEIN
g13351.t1	g13351.t1	138	PROTEIN
g13352.t1	g13352.t1	80	PROTEIN
g13353.t1	g13353.t1	599	PROTEIN
g13354.t2	g13354.t2	999	PROTEIN
g13355.t1	g13355.t1	180	PROTEIN
g13356.t1	g13356.t1	139	PROTEIN
g13357.t1	g13357.t1	249	PROTEIN
g13358.t1	g13358.t1	342	PROTEIN
g13359.t1	g13359.t1	321	PROTEIN
g13360.t1	g13360.t1	595	PROTEIN
g13361.t1	g13361.t1	356	PROTEIN
g13362.t1	g13362.t1	89	PROTEIN
g13363.t1	g13363.t1	197	PROTEIN
g13364.t1	g13364.t1	320	PROTEIN
g13365.t1	g13365.t1	361	PROTEIN
g13366.t1	g13366.t1	418	PROTEIN
g13367.t1	g13367.t1	480	PROTEIN
g13368.t1	g13368.t1	171	PROTEIN
g13369.t1	g13369.t1	965	PROTEIN
g13370.t1	g13370.t1	587	PROTEIN
g13371.t1	g13371.t1	87	PROTEIN
g13372.t1	g13372.t1	101	PROTEIN
g13373.t1	g13373.t1	226	PROTEIN
g13374.t1	g13374.t1	74	PROTEIN
g13375.t1	g13375.t1	205	PROTEIN
g13376.t1	g13376.t1	499	PROTEIN
g13377.t1	g13377.t1	111	PROTEIN
g13378.t1	g13378.t1	813	PROTEIN
g13379.t1	g13379.t1	95	PROTEIN
g13380.t1	g13380.t1	132	PROTEIN
g13381.t1	g13381.t1	347	PROTEIN
g13382.t1	g13382.t1	163	PROTEIN
g13383.t1	g13383.t1	132	PROTEIN
g13384.t1	g13384.t1	127	PROTEIN
g13385.t1	g13385.t1	224	PROTEIN
g13386.t1	g13386.t1	73	PROTEIN
g13387.t1	g13387.t1	193	PROTEIN
g13388.t1	g13388.t1	1079	PROTEIN
g13389.t1	g13389.t1	387	PROTEIN
g13390.t1	g13390.t1	321	PROTEIN
g13391.t1	g13391.t1	95	PROTEIN
g13392.t1	g13392.t1	96	PROTEIN
g13393.t1	g13393.t1	192	PROTEIN
g13394.t1	g13394.t1	251	PROTEIN
g13395.t1	g13395.t1	352	PROTEIN
g13396.t1	g13396.t1	143	PROTEIN
g13397.t1	g13397.t1	1855	PROTEIN
g13398.t1	g13398.t1	1139	PROTEIN
g13399.t1	g13399.t1	182	PROTEIN
g13400.t1	g13400.t1	345	PROTEIN
g13401.t1	g13401.t1	77	PROTEIN
g13402.t1	g13402.t1	134	PROTEIN
g13403.t1	g13403.t1	410	PROTEIN
g13404.t1	g13404.t1	85	PROTEIN
g13405.t2	g13405.t2	512	PROTEIN
g13406.t1	g13406.t1	201	PROTEIN
g13407.t1	g13407.t1	1423	PROTEIN
g13408.t1	g13408.t1	392	PROTEIN
g13409.t1	g13409.t1	409	PROTEIN
g13410.t1	g13410.t1	137	PROTEIN
g13411.t1	g13411.t1	1392	PROTEIN
g13412.t1	g13412.t1	433	PROTEIN
g13413.t1	g13413.t1	80	PROTEIN
g13414.t1	g13414.t1	99	PROTEIN
g13415.t1	g13415.t1	95	PROTEIN
g13416.t1	g13416.t1	127	PROTEIN
g13417.t2	g13417.t2	1537	PROTEIN
g13418.t1	g13418.t1	112	PROTEIN
g13419.t1	g13419.t1	68	PROTEIN
g13420.t2	g13420.t2	338	PROTEIN
g13421.t1	g13421.t1	936	PROTEIN
g13422.t1	g13422.t1	314	PROTEIN
g13423.t1	g13423.t1	102	PROTEIN
g13424.t1	g13424.t1	754	PROTEIN
g13425.t1	g13425.t1	148	PROTEIN
g13426.t1	g13426.t1	442	PROTEIN
g13427.t1	g13427.t1	311	PROTEIN
g13428.t1	g13428.t1	194	PROTEIN
g13429.t1	g13429.t1	114	PROTEIN
g13430.t1	g13430.t1	122	PROTEIN
g13431.t1	g13431.t1	591	PROTEIN
g13432.t1	g13432.t1	142	PROTEIN
g13433.t1	g13433.t1	55	PROTEIN
g13434.t1	g13434.t1	54	PROTEIN
g13435.t1	g13435.t1	57	PROTEIN
g13436.t1	g13436.t1	534	PROTEIN
g13437.t1	g13437.t1	96	PROTEIN
g13438.t1	g13438.t1	105	PROTEIN
g13439.t1	g13439.t1	205	PROTEIN
g13440.t1	g13440.t1	229	PROTEIN
g13441.t1	g13441.t1	155	PROTEIN
g13442.t1	g13442.t1	134	PROTEIN
g13443.t1	g13443.t1	974	PROTEIN
g13444.t1	g13444.t1	106	PROTEIN
g13445.t1	g13445.t1	204	PROTEIN
g13446.t1	g13446.t1	108	PROTEIN
g13447.t1	g13447.t1	182	PROTEIN
g13448.t1	g13448.t1	350	PROTEIN
g13449.t1	g13449.t1	864	PROTEIN
g13450.t1	g13450.t1	469	PROTEIN
g13451.t1	g13451.t1	705	PROTEIN
g13452.t1	g13452.t1	900	PROTEIN
g13453.t1	g13453.t1	604	PROTEIN
g13454.t1	g13454.t1	303	PROTEIN
g13455.t1	g13455.t1	133	PROTEIN
g13456.t1	g13456.t1	402	PROTEIN
g13457.t1	g13457.t1	241	PROTEIN
g13458.t1	g13458.t1	181	PROTEIN
g13459.t1	g13459.t1	70	PROTEIN
g13460.t1	g13460.t1	186	PROTEIN
g13461.t1	g13461.t1	117	PROTEIN
g13462.t1	g13462.t1	229	PROTEIN
g13463.t2	g13463.t2	1401	PROTEIN
g13464.t2	g13464.t2	4053	PROTEIN
g13465.t1	g13465.t1	249	PROTEIN
g13466.t1	g13466.t1	343	PROTEIN
g13467.t1	g13467.t1	93	PROTEIN
g13468.t1	g13468.t1	310	PROTEIN
g13469.t1	g13469.t1	607	PROTEIN
g13470.t1	g13470.t1	214	PROTEIN
g13471.t1	g13471.t1	154	PROTEIN
g13472.t1	g13472.t1	239	PROTEIN
g13473.t1	g13473.t1	205	PROTEIN
g13474.t1	g13474.t1	164	PROTEIN
g13475.t1	g13475.t1	117	PROTEIN
g13476.t1	g13476.t1	234	PROTEIN
g13477.t1	g13477.t1	117	PROTEIN
g13478.t1	g13478.t1	534	PROTEIN
g13479.t1	g13479.t1	495	PROTEIN
g13480.t1	g13480.t1	320	PROTEIN
g13481.t1	g13481.t1	321	PROTEIN
g13482.t1	g13482.t1	137	PROTEIN
g13483.t1	g13483.t1	111	PROTEIN
g13484.t1	g13484.t1	69	PROTEIN
g13485.t1	g13485.t1	67	PROTEIN
g13486.t1	g13486.t1	54	PROTEIN
g13487.t1	g13487.t1	916	PROTEIN
g13488.t1	g13488.t1	1036	PROTEIN
g13489.t1	g13489.t1	480	PROTEIN
g13490.t1	g13490.t1	75	PROTEIN
g13491.t1	g13491.t1	502	PROTEIN
g13492.t1	g13492.t1	537	PROTEIN
g13493.t1	g13493.t1	302	PROTEIN
g13494.t1	g13494.t1	250	PROTEIN
g13495.t2	g13495.t2	125	PROTEIN
g13496.t1	g13496.t1	136	PROTEIN
g13497.t1	g13497.t1	222	PROTEIN
g13498.t1	g13498.t1	16	PROTEIN
g13499.t1	g13499.t1	584	PROTEIN
g13500.t1	g13500.t1	360	PROTEIN
g13501.t1	g13501.t1	255	PROTEIN
g13502.t1	g13502.t1	215	PROTEIN
g13503.t1	g13503.t1	503	PROTEIN
g13504.t1	g13504.t1	699	PROTEIN
g13505.t1	g13505.t1	129	PROTEIN
g13506.t1	g13506.t1	68	PROTEIN
g13507.t1	g13507.t1	91	PROTEIN
g13508.t1	g13508.t1	155	PROTEIN
g13509.t1	g13509.t1	218	PROTEIN
g13510.t1	g13510.t1	119	PROTEIN
g13511.t1	g13511.t1	76	PROTEIN
g13512.t1	g13512.t1	3413	PROTEIN
g13513.t1	g13513.t1	795	PROTEIN
g13514.t1	g13514.t1	678	PROTEIN
g13515.t1	g13515.t1	452	PROTEIN
g13516.t1	g13516.t1	158	PROTEIN
g13517.t1	g13517.t1	429	PROTEIN
g13518.t1	g13518.t1	140	PROTEIN
g13519.t1	g13519.t1	457	PROTEIN
g13520.t1	g13520.t1	537	PROTEIN
g13521.t1	g13521.t1	546	PROTEIN
g13522.t1	g13522.t1	855	PROTEIN
g13523.t1	g13523.t1	439	PROTEIN
g13524.t1	g13524.t1	544	PROTEIN
g13525.t1	g13525.t1	727	PROTEIN
g13526.t1	g13526.t1	332	PROTEIN
g13527.t1	g13527.t1	2119	PROTEIN
g13528.t1	g13528.t1	769	PROTEIN
g13529.t1	g13529.t1	141	PROTEIN
g13530.t1	g13530.t1	146	PROTEIN
g13531.t1	g13531.t1	953	PROTEIN
g13532.t1	g13532.t1	710	PROTEIN
g13533.t1	g13533.t1	581	PROTEIN
g13534.t2	g13534.t2	413	PROTEIN
g13535.t1	g13535.t1	233	PROTEIN
g13536.t1	g13536.t1	79	PROTEIN
g13537.t1	g13537.t1	89	PROTEIN
g13538.t1	g13538.t1	269	PROTEIN
g13539.t1	g13539.t1	130	PROTEIN
g13540.t1	g13540.t1	90	PROTEIN
g13541.t1	g13541.t1	827	PROTEIN
g13542.t1	g13542.t1	138	PROTEIN
g13543.t1	g13543.t1	279	PROTEIN
g13544.t1	g13544.t1	191	PROTEIN
g13545.t1	g13545.t1	163	PROTEIN
g13546.t1	g13546.t1	452	PROTEIN
g13547.t1	g13547.t1	937	PROTEIN
g13548.t1	g13548.t1	270	PROTEIN
g13549.t1	g13549.t1	91	PROTEIN
g13550.t1	g13550.t1	184	PROTEIN
g13551.t1	g13551.t1	556	PROTEIN
g13552.t1	g13552.t1	113	PROTEIN
g13553.t1	g13553.t1	84	PROTEIN
g13554.t1	g13554.t1	128	PROTEIN
g13555.t1	g13555.t1	342	PROTEIN
g13556.t1	g13556.t1	294	PROTEIN
g13557.t1	g13557.t1	262	PROTEIN
g13558.t3	g13558.t3	1382	PROTEIN
g13559.t1	g13559.t1	102	PROTEIN
g13560.t1	g13560.t1	440	PROTEIN
g13561.t1	g13561.t1	105	PROTEIN
g13562.t1	g13562.t1	276	PROTEIN
g13563.t1	g13563.t1	183	PROTEIN
g13564.t1	g13564.t1	97	PROTEIN
g13565.t1	g13565.t1	687	PROTEIN
g13566.t1	g13566.t1	326	PROTEIN
g13567.t1	g13567.t1	324	PROTEIN
g13568.t1	g13568.t1	241	PROTEIN
g13569.t1	g13569.t1	575	PROTEIN
g13570.t1	g13570.t1	567	PROTEIN
g13571.t1	g13571.t1	261	PROTEIN
g13572.t1	g13572.t1	1280	PROTEIN
g13573.t1	g13573.t1	105	PROTEIN
g13574.t1	g13574.t1	125	PROTEIN
g13575.t1	g13575.t1	164	PROTEIN
g13576.t1	g13576.t1	118	PROTEIN
g13577.t1	g13577.t1	945	PROTEIN
g13578.t1	g13578.t1	73	PROTEIN
g13579.t1	g13579.t1	171	PROTEIN
g13580.t1	g13580.t1	137	PROTEIN
g13581.t1	g13581.t1	466	PROTEIN
g13582.t1	g13582.t1	132	PROTEIN
g13583.t1	g13583.t1	653	PROTEIN
g13584.t1	g13584.t1	91	PROTEIN
g13585.t1	g13585.t1	74	PROTEIN
g13586.t1	g13586.t1	367	PROTEIN
g13587.t1	g13587.t1	224	PROTEIN
g13588.t2	g13588.t2	2231	PROTEIN
g13589.t1	g13589.t1	117	PROTEIN
g13590.t1	g13590.t1	236	PROTEIN
g13591.t1	g13591.t1	315	PROTEIN
g13592.t1	g13592.t1	245	PROTEIN
g13593.t1	g13593.t1	117	PROTEIN
g13594.t1	g13594.t1	640	PROTEIN
g13595.t1	g13595.t1	390	PROTEIN
g13596.t1	g13596.t1	221	PROTEIN
g13597.t1	g13597.t1	156	PROTEIN
g13598.t1	g13598.t1	986	PROTEIN
g13599.t1	g13599.t1	145	PROTEIN
g13600.t1	g13600.t1	110	PROTEIN
g13601.t1	g13601.t1	679	PROTEIN
g13602.t1	g13602.t1	161	PROTEIN
g13603.t1	g13603.t1	298	PROTEIN
g13604.t1	g13604.t1	217	PROTEIN
g13605.t1	g13605.t1	1032	PROTEIN
g13606.t1	g13606.t1	130	PROTEIN
g13607.t1	g13607.t1	204	PROTEIN
g13608.t1	g13608.t1	258	PROTEIN
g13609.t1	g13609.t1	69	PROTEIN
g13610.t1	g13610.t1	112	PROTEIN
g13611.t1	g13611.t1	714	PROTEIN
g13612.t1	g13612.t1	86	PROTEIN
g13613.t1	g13613.t1	251	PROTEIN
g13614.t1	g13614.t1	316	PROTEIN
g13615.t1	g13615.t1	381	PROTEIN
g13616.t1	g13616.t1	455	PROTEIN
g13617.t1	g13617.t1	142	PROTEIN
g13618.t1	g13618.t1	138	PROTEIN
g13619.t1	g13619.t1	92	PROTEIN
g13620.t1	g13620.t1	264	PROTEIN
g13621.t1	g13621.t1	91	PROTEIN
g13622.t1	g13622.t1	671	PROTEIN
g13623.t1	g13623.t1	224	PROTEIN
g13624.t1	g13624.t1	544	PROTEIN
g13625.t1	g13625.t1	132	PROTEIN
g13626.t1	g13626.t1	100	PROTEIN
g13627.t1	g13627.t1	264	PROTEIN
g13628.t1	g13628.t1	264	PROTEIN
g13629.t1	g13629.t1	94	PROTEIN
g13630.t1	g13630.t1	367	PROTEIN
g13631.t1	g13631.t1	255	PROTEIN
g13632.t1	g13632.t1	215	PROTEIN
g13633.t1	g13633.t1	383	PROTEIN
g13634.t1	g13634.t1	73	PROTEIN
g13635.t1	g13635.t1	280	PROTEIN
g13636.t1	g13636.t1	87	PROTEIN
g13637.t1	g13637.t1	131	PROTEIN
g13638.t1	g13638.t1	144	PROTEIN
g13639.t1	g13639.t1	538	PROTEIN
g13640.t1	g13640.t1	586	PROTEIN
g13641.t1	g13641.t1	278	PROTEIN
g13642.t1	g13642.t1	506	PROTEIN
g13643.t1	g13643.t1	360	PROTEIN
g13644.t1	g13644.t1	479	PROTEIN
g13645.t2	g13645.t2	146	PROTEIN
g13646.t1	g13646.t1	328	PROTEIN
g13647.t1	g13647.t1	210	PROTEIN
g13648.t1	g13648.t1	762	PROTEIN
g13649.t1	g13649.t1	157	PROTEIN
g13650.t1	g13650.t1	306	PROTEIN
g13651.t1	g13651.t1	268	PROTEIN
g13652.t1	g13652.t1	438	PROTEIN
g13653.t1	g13653.t1	877	PROTEIN
g13654.t1	g13654.t1	87	PROTEIN
g13655.t1	g13655.t1	100	PROTEIN
g13656.t1	g13656.t1	185	PROTEIN
g13657.t2	g13657.t2	183	PROTEIN
g13658.t1	g13658.t1	442	PROTEIN
g13659.t1	g13659.t1	77	PROTEIN
g13660.t1	g13660.t1	122	PROTEIN
g13661.t1	g13661.t1	177	PROTEIN
g13662.t1	g13662.t1	655	PROTEIN
g13663.t1	g13663.t1	101	PROTEIN
g13664.t1	g13664.t1	1225	PROTEIN
g13665.t1	g13665.t1	530	PROTEIN
g13666.t1	g13666.t1	211	PROTEIN
g13667.t1	g13667.t1	86	PROTEIN
g13668.t1	g13668.t1	200	PROTEIN
g13669.t1	g13669.t1	406	PROTEIN
g13670.t1	g13670.t1	1022	PROTEIN
g13671.t1	g13671.t1	270	PROTEIN
g13672.t1	g13672.t1	258	PROTEIN
g13673.t1	g13673.t1	99	PROTEIN
g13674.t1	g13674.t1	258	PROTEIN
g13675.t1	g13675.t1	787	PROTEIN
g13676.t1	g13676.t1	1003	PROTEIN
g13677.t1	g13677.t1	96	PROTEIN
g13678.t1	g13678.t1	1727	PROTEIN
g13679.t1	g13679.t1	156	PROTEIN
g13680.t1	g13680.t1	508	PROTEIN
g13681.t2	g13681.t2	992	PROTEIN
g13682.t1	g13682.t1	108	PROTEIN
g13683.t1	g13683.t1	878	PROTEIN
g13684.t1	g13684.t1	202	PROTEIN
g13685.t1	g13685.t1	112	PROTEIN
g13686.t1	g13686.t1	332	PROTEIN
g13687.t1	g13687.t1	174	PROTEIN
g13688.t1	g13688.t1	245	PROTEIN
g13689.t1	g13689.t1	232	PROTEIN
g13690.t1	g13690.t1	205	PROTEIN
g13691.t1	g13691.t1	206	PROTEIN
g13692.t1	g13692.t1	196	PROTEIN
g13693.t1	g13693.t1	82	PROTEIN
g13694.t1	g13694.t1	111	PROTEIN
g13695.t1	g13695.t1	91	PROTEIN
g13696.t1	g13696.t1	696	PROTEIN
g13697.t1	g13697.t1	72	PROTEIN
g13698.t1	g13698.t1	1240	PROTEIN
g13699.t1	g13699.t1	84	PROTEIN
g13700.t1	g13700.t1	182	PROTEIN
g13701.t1	g13701.t1	281	PROTEIN
g13702.t1	g13702.t1	864	PROTEIN
g13703.t1	g13703.t1	1158	PROTEIN
g13704.t1	g13704.t1	172	PROTEIN
g13705.t1	g13705.t1	410	PROTEIN
g13706.t1	g13706.t1	490	PROTEIN
g13707.t1	g13707.t1	152	PROTEIN
g13708.t1	g13708.t1	622	PROTEIN
g13709.t1	g13709.t1	148	PROTEIN
g13710.t1	g13710.t1	274	PROTEIN
g13711.t1	g13711.t1	3183	PROTEIN
g13712.t1	g13712.t1	443	PROTEIN
g13713.t1	g13713.t1	237	PROTEIN
g13714.t1	g13714.t1	972	PROTEIN
g13715.t1	g13715.t1	138	PROTEIN
g13716.t1	g13716.t1	106	PROTEIN
g13717.t1	g13717.t1	114	PROTEIN
g13718.t1	g13718.t1	521	PROTEIN
g13719.t1	g13719.t1	151	PROTEIN
g13720.t1	g13720.t1	97	PROTEIN
g13721.t1	g13721.t1	152	PROTEIN
g13722.t1	g13722.t1	242	PROTEIN
g13723.t1	g13723.t1	956	PROTEIN
g13724.t1	g13724.t1	147	PROTEIN
g13725.t1	g13725.t1	127	PROTEIN
g13726.t1	g13726.t1	343	PROTEIN
g13727.t1	g13727.t1	968	PROTEIN
g13728.t1	g13728.t1	140	PROTEIN
g13729.t1	g13729.t1	215	PROTEIN
g13730.t1	g13730.t1	79	PROTEIN
g13731.t1	g13731.t1	142	PROTEIN
g13732.t1	g13732.t1	89	PROTEIN
g13733.t1	g13733.t1	201	PROTEIN
g13734.t1	g13734.t1	199	PROTEIN
g13735.t1	g13735.t1	130	PROTEIN
g13736.t1	g13736.t1	75	PROTEIN
g13737.t1	g13737.t1	121	PROTEIN
g13738.t1	g13738.t1	128	PROTEIN
g13739.t1	g13739.t1	303	PROTEIN
g13740.t2	g13740.t2	1345	PROTEIN
g13741.t1	g13741.t1	249	PROTEIN
g13742.t1	g13742.t1	395	PROTEIN
g13743.t1	g13743.t1	486	PROTEIN
g13744.t1	g13744.t1	160	PROTEIN
g13745.t1	g13745.t1	83	PROTEIN
g13746.t1	g13746.t1	105	PROTEIN
g13747.t2	g13747.t2	461	PROTEIN
g13748.t1	g13748.t1	246	PROTEIN
g13749.t1	g13749.t1	108	PROTEIN
g13750.t1	g13750.t1	353	PROTEIN
g13751.t1	g13751.t1	528	PROTEIN
g13752.t2	g13752.t2	253	PROTEIN
g13753.t1	g13753.t1	621	PROTEIN
g13754.t1	g13754.t1	567	PROTEIN
g13755.t1	g13755.t1	67	PROTEIN
g13756.t1	g13756.t1	111	PROTEIN
g13757.t1	g13757.t1	111	PROTEIN
g13758.t1	g13758.t1	654	PROTEIN
g13759.t1	g13759.t1	1159	PROTEIN
g13760.t1	g13760.t1	139	PROTEIN
g13761.t1	g13761.t1	104	PROTEIN
g13762.t1	g13762.t1	71	PROTEIN
g13763.t1	g13763.t1	415	PROTEIN
g13764.t1	g13764.t1	333	PROTEIN
g13765.t1	g13765.t1	205	PROTEIN
g13766.t1	g13766.t1	262	PROTEIN
g13767.t1	g13767.t1	300	PROTEIN
g13768.t1	g13768.t1	316	PROTEIN
g13769.t1	g13769.t1	72	PROTEIN
g13770.t1	g13770.t1	448	PROTEIN
g13771.t1	g13771.t1	548	PROTEIN
g13772.t1	g13772.t1	492	PROTEIN
g13773.t1	g13773.t1	263	PROTEIN
g13774.t1	g13774.t1	264	PROTEIN
g13775.t1	g13775.t1	258	PROTEIN
g13776.t1	g13776.t1	250	PROTEIN
g13777.t1	g13777.t1	258	PROTEIN
g13778.t1	g13778.t1	258	PROTEIN
g13779.t1	g13779.t1	261	PROTEIN
g13780.t1	g13780.t1	178	PROTEIN
g13781.t1	g13781.t1	259	PROTEIN
g13782.t1	g13782.t1	113	PROTEIN
g13783.t1	g13783.t1	235	PROTEIN
g13784.t1	g13784.t1	258	PROTEIN
g13785.t1	g13785.t1	98	PROTEIN
g13786.t1	g13786.t1	77	PROTEIN
g13787.t1	g13787.t1	283	PROTEIN
g13788.t1	g13788.t1	78	PROTEIN
g13789.t1	g13789.t1	196	PROTEIN
g13790.t1	g13790.t1	66	PROTEIN
g13791.t1	g13791.t1	273	PROTEIN
g13792.t1	g13792.t1	313	PROTEIN
g13793.t1	g13793.t1	368	PROTEIN
g13794.t1	g13794.t1	173	PROTEIN
g13795.t1	g13795.t1	93	PROTEIN
g13796.t1	g13796.t1	224	PROTEIN
g13797.t1	g13797.t1	326	PROTEIN
g13798.t1	g13798.t1	162	PROTEIN
g13799.t1	g13799.t1	177	PROTEIN
g13800.t1	g13800.t1	90	PROTEIN
g13801.t1	g13801.t1	2808	PROTEIN
g13802.t1	g13802.t1	299	PROTEIN
g13803.t1	g13803.t1	101	PROTEIN
g13804.t1	g13804.t1	219	PROTEIN
g13805.t1	g13805.t1	322	PROTEIN
g13806.t1	g13806.t1	679	PROTEIN
g13807.t1	g13807.t1	74	PROTEIN
g13808.t1	g13808.t1	110	PROTEIN
g13809.t1	g13809.t1	180	PROTEIN
g13810.t1	g13810.t1	202	PROTEIN
g13811.t2	g13811.t2	1276	PROTEIN
g13812.t1	g13812.t1	93	PROTEIN
g13813.t1	g13813.t1	161	PROTEIN
g13814.t1	g13814.t1	170	PROTEIN
g13815.t1	g13815.t1	73	PROTEIN
g13816.t1	g13816.t1	98	PROTEIN
g13817.t2	g13817.t2	458	PROTEIN
g13818.t1	g13818.t1	97	PROTEIN
g13819.t1	g13819.t1	97	PROTEIN
g13820.t1	g13820.t1	133	PROTEIN
g13821.t1	g13821.t1	108	PROTEIN
g13822.t1	g13822.t1	53	PROTEIN
g13823.t1	g13823.t1	105	PROTEIN
g13824.t1	g13824.t1	152	PROTEIN
g13825.t1	g13825.t1	269	PROTEIN
g13826.t1	g13826.t1	109	PROTEIN
g13827.t1	g13827.t1	536	PROTEIN
g13828.t1	g13828.t1	559	PROTEIN
g13829.t1	g13829.t1	327	PROTEIN
g13830.t1	g13830.t1	511	PROTEIN
g13831.t1	g13831.t1	912	PROTEIN
g13832.t1	g13832.t1	128	PROTEIN
g13833.t2	g13833.t2	433	PROTEIN
g13834.t1	g13834.t1	1106	PROTEIN
g13835.t1	g13835.t1	244	PROTEIN
g13836.t1	g13836.t1	1330	PROTEIN
g13837.t1	g13837.t1	443	PROTEIN
g13838.t1	g13838.t1	880	PROTEIN
g13839.t1	g13839.t1	924	PROTEIN
g13840.t1	g13840.t1	206	PROTEIN
g13841.t1	g13841.t1	333	PROTEIN
g13842.t1	g13842.t1	523	PROTEIN
g13843.t1	g13843.t1	119	PROTEIN
g13844.t1	g13844.t1	191	PROTEIN
g13845.t1	g13845.t1	47	PROTEIN
g13846.t1	g13846.t1	212	PROTEIN
g13847.t1	g13847.t1	335	PROTEIN
g13848.t1	g13848.t1	166	PROTEIN
g13849.t1	g13849.t1	161	PROTEIN
g13850.t1	g13850.t1	380	PROTEIN
g13851.t1	g13851.t1	657	PROTEIN
g13852.t1	g13852.t1	139	PROTEIN
g13853.t1	g13853.t1	74	PROTEIN
g13854.t1	g13854.t1	199	PROTEIN
g13855.t1	g13855.t1	90	PROTEIN
g13856.t1	g13856.t1	155	PROTEIN
g13857.t1	g13857.t1	357	PROTEIN
g13858.t1	g13858.t1	500	PROTEIN
g13859.t1	g13859.t1	130	PROTEIN
g13860.t1	g13860.t1	66	PROTEIN
g13861.t1	g13861.t1	84	PROTEIN
g13862.t1	g13862.t1	523	PROTEIN
g13863.t1	g13863.t1	146	PROTEIN
g13864.t1	g13864.t1	105	PROTEIN
g13865.t1	g13865.t1	79	PROTEIN
g13866.t1	g13866.t1	1406	PROTEIN
g13867.t1	g13867.t1	125	PROTEIN
g13868.t1	g13868.t1	342	PROTEIN
g13869.t1	g13869.t1	294	PROTEIN
g13870.t1	g13870.t1	84	PROTEIN
g13871.t1	g13871.t1	331	PROTEIN
g13872.t1	g13872.t1	131	PROTEIN
g13873.t1	g13873.t1	294	PROTEIN
g13874.t1	g13874.t1	294	PROTEIN
g13875.t1	g13875.t1	241	PROTEIN
g13876.t1	g13876.t1	953	PROTEIN
g13877.t1	g13877.t1	283	PROTEIN
g13878.t1	g13878.t1	271	PROTEIN
g13879.t1	g13879.t1	121	PROTEIN
g13880.t1	g13880.t1	244	PROTEIN
g13881.t1	g13881.t1	545	PROTEIN
g13882.t1	g13882.t1	165	PROTEIN
g13883.t1	g13883.t1	84	PROTEIN
g13884.t1	g13884.t1	467	PROTEIN
g13885.t1	g13885.t1	78	PROTEIN
g13886.t1	g13886.t1	137	PROTEIN
g13887.t2	g13887.t2	689	PROTEIN
g13888.t1	g13888.t1	234	PROTEIN
g13889.t1	g13889.t1	237	PROTEIN
g13890.t1	g13890.t1	91	PROTEIN
g13891.t1	g13891.t1	66	PROTEIN
g13892.t1	g13892.t1	98	PROTEIN
g13893.t1	g13893.t1	131	PROTEIN
g13894.t1	g13894.t1	606	PROTEIN
g13895.t1	g13895.t1	948	PROTEIN
g13896.t1	g13896.t1	99	PROTEIN
g13897.t1	g13897.t1	284	PROTEIN
g13898.t1	g13898.t1	187	PROTEIN
g13899.t1	g13899.t1	34	PROTEIN
g13900.t1	g13900.t1	229	PROTEIN
g13901.t1	g13901.t1	194	PROTEIN
g13902.t1	g13902.t1	142	PROTEIN
g13903.t1	g13903.t1	265	PROTEIN
g13904.t2	g13904.t2	170	PROTEIN
g13905.t1	g13905.t1	429	PROTEIN
g13906.t1	g13906.t1	277	PROTEIN
g13907.t2	g13907.t2	646	PROTEIN
g13908.t1	g13908.t1	384	PROTEIN
g13909.t1	g13909.t1	274	PROTEIN
g13910.t1	g13910.t1	276	PROTEIN
g13911.t1	g13911.t1	327	PROTEIN
g13912.t1	g13912.t1	193	PROTEIN
g13913.t1	g13913.t1	429	PROTEIN
g13914.t1	g13914.t1	916	PROTEIN
g13915.t1	g13915.t1	420	PROTEIN
g13916.t1	g13916.t1	376	PROTEIN
g13917.t1	g13917.t1	921	PROTEIN
g13918.t1	g13918.t1	108	PROTEIN
g13919.t1	g13919.t1	1288	PROTEIN
g13920.t1	g13920.t1	155	PROTEIN
g13921.t1	g13921.t1	287	PROTEIN
g13922.t1	g13922.t1	294	PROTEIN
g13923.t1	g13923.t1	85	PROTEIN
g13924.t1	g13924.t1	720	PROTEIN
g13925.t1	g13925.t1	101	PROTEIN
g13926.t1	g13926.t1	1080	PROTEIN
g13927.t2	g13927.t2	709	PROTEIN
g13928.t1	g13928.t1	329	PROTEIN
g13929.t1	g13929.t1	79	PROTEIN
g13930.t1	g13930.t1	277	PROTEIN
g13931.t1	g13931.t1	117	PROTEIN
g13932.t1	g13932.t1	264	PROTEIN
g13933.t1	g13933.t1	170	PROTEIN
g13934.t1	g13934.t1	557	PROTEIN
g13935.t1	g13935.t1	510	PROTEIN
g13936.t1	g13936.t1	520	PROTEIN
g13937.t1	g13937.t1	71	PROTEIN
g13938.t1	g13938.t1	176	PROTEIN
g13939.t1	g13939.t1	311	PROTEIN
g13940.t1	g13940.t1	382	PROTEIN
g13941.t1	g13941.t1	116	PROTEIN
g13942.t1	g13942.t1	199	PROTEIN
g13943.t1	g13943.t1	650	PROTEIN
g13944.t1	g13944.t1	580	PROTEIN
g13945.t1	g13945.t1	574	PROTEIN
g13946.t1	g13946.t1	40	PROTEIN
g13947.t1	g13947.t1	270	PROTEIN
g13948.t1	g13948.t1	446	PROTEIN
g13949.t1	g13949.t1	91	PROTEIN
g13950.t1	g13950.t1	428	PROTEIN
g13951.t1	g13951.t1	84	PROTEIN
g13952.t1	g13952.t1	763	PROTEIN
g13953.t1	g13953.t1	392	PROTEIN
g13954.t1	g13954.t1	266	PROTEIN
g13955.t1	g13955.t1	184	PROTEIN
g13956.t1	g13956.t1	97	PROTEIN
g13957.t1	g13957.t1	287	PROTEIN
g13958.t1	g13958.t1	128	PROTEIN
g13959.t1	g13959.t1	368	PROTEIN
g13960.t2	g13960.t2	1051	PROTEIN
g13961.t1	g13961.t1	204	PROTEIN
g13962.t2	g13962.t2	644	PROTEIN
g13963.t1	g13963.t1	1334	PROTEIN
g13964.t1	g13964.t1	244	PROTEIN
g13965.t1	g13965.t1	429	PROTEIN
g13966.t2	g13966.t2	8314	PROTEIN
g13967.t1	g13967.t1	607	PROTEIN
g13968.t2	g13968.t2	945	PROTEIN
g13969.t1	g13969.t1	449	PROTEIN
g13970.t1	g13970.t1	526	PROTEIN
g13971.t3	g13971.t3	1807	PROTEIN
g13972.t1	g13972.t1	76	PROTEIN
g13973.t1	g13973.t1	135	PROTEIN
g13974.t1	g13974.t1	111	PROTEIN
g13975.t1	g13975.t1	94	PROTEIN
g13976.t1	g13976.t1	121	PROTEIN
g13977.t1	g13977.t1	90	PROTEIN
g13978.t1	g13978.t1	163	PROTEIN
g13979.t1	g13979.t1	87	PROTEIN
g13980.t1	g13980.t1	89	PROTEIN
g13981.t1	g13981.t1	173	PROTEIN
g13982.t1	g13982.t1	520	PROTEIN
g13983.t1	g13983.t1	87	PROTEIN
g13984.t1	g13984.t1	239	PROTEIN
g13985.t1	g13985.t1	1104	PROTEIN
g13986.t2	g13986.t2	231	PROTEIN
g13987.t1	g13987.t1	163	PROTEIN
g13988.t1	g13988.t1	208	PROTEIN
g13989.t1	g13989.t1	165	PROTEIN
g13990.t1	g13990.t1	407	PROTEIN
g13991.t1	g13991.t1	129	PROTEIN
g13992.t1	g13992.t1	148	PROTEIN
g13993.t1	g13993.t1	366	PROTEIN
g13994.t1	g13994.t1	208	PROTEIN
g13995.t1	g13995.t1	100	PROTEIN
g13996.t1	g13996.t1	129	PROTEIN
g13997.t1	g13997.t1	242	PROTEIN
g13998.t1	g13998.t1	105	PROTEIN
g13999.t1	g13999.t1	161	PROTEIN
g14000.t1	g14000.t1	342	PROTEIN
g14001.t1	g14001.t1	99	PROTEIN
g14002.t2	g14002.t2	975	PROTEIN
g14003.t1	g14003.t1	78	PROTEIN
g14004.t1	g14004.t1	359	PROTEIN
g14005.t1	g14005.t1	109	PROTEIN
g14006.t1	g14006.t1	697	PROTEIN
g14007.t1	g14007.t1	126	PROTEIN
g14008.t1	g14008.t1	889	PROTEIN
g14009.t1	g14009.t1	116	PROTEIN
g14010.t1	g14010.t1	79	PROTEIN
g14011.t1	g14011.t1	209	PROTEIN
g14012.t1	g14012.t1	144	PROTEIN
g14013.t1	g14013.t1	96	PROTEIN
g14014.t1	g14014.t1	262	PROTEIN
g14015.t1	g14015.t1	377	PROTEIN
g14016.t1	g14016.t1	250	PROTEIN
g14017.t1	g14017.t1	562	PROTEIN
g14018.t1	g14018.t1	151	PROTEIN
g14019.t1	g14019.t1	80	PROTEIN
g14020.t1	g14020.t1	253	PROTEIN
g14021.t1	g14021.t1	78	PROTEIN
g14022.t1	g14022.t1	349	PROTEIN
g14023.t1	g14023.t1	971	PROTEIN
g14024.t1	g14024.t1	276	PROTEIN
g14025.t1	g14025.t1	513	PROTEIN
g14026.t1	g14026.t1	513	PROTEIN
g14027.t1	g14027.t1	194	PROTEIN
g14028.t1	g14028.t1	76	PROTEIN
g14029.t1	g14029.t1	172	PROTEIN
g14030.t1	g14030.t1	165	PROTEIN
g14031.t1	g14031.t1	109	PROTEIN
g14032.t1	g14032.t1	324	PROTEIN
g14033.t1	g14033.t1	81	PROTEIN
g14034.t1	g14034.t1	156	PROTEIN
g14035.t1	g14035.t1	156	PROTEIN
g14036.t1	g14036.t1	284	PROTEIN
g14037.t1	g14037.t1	274	PROTEIN
g14038.t1	g14038.t1	1016	PROTEIN
g14039.t1	g14039.t1	74	PROTEIN
g14040.t1	g14040.t1	684	PROTEIN
g14041.t1	g14041.t1	597	PROTEIN
g14042.t1	g14042.t1	219	PROTEIN
g14043.t1	g14043.t1	338	PROTEIN
g14044.t1	g14044.t1	617	PROTEIN
g14045.t1	g14045.t1	439	PROTEIN
g14046.t1	g14046.t1	473	PROTEIN
g14047.t2	g14047.t2	375	PROTEIN
g14048.t1	g14048.t1	468	PROTEIN
g14049.t1	g14049.t1	86	PROTEIN
g14050.t1	g14050.t1	1607	PROTEIN
g14051.t1	g14051.t1	280	PROTEIN
g14052.t1	g14052.t1	79	PROTEIN
g14053.t1	g14053.t1	201	PROTEIN
g14054.t1	g14054.t1	150	PROTEIN
g14055.t1	g14055.t1	113	PROTEIN
g14056.t1	g14056.t1	110	PROTEIN
g14057.t1	g14057.t1	77	PROTEIN
g14058.t1	g14058.t1	168	PROTEIN
g14059.t3	g14059.t3	361	PROTEIN
g14060.t1	g14060.t1	421	PROTEIN
g14061.t1	g14061.t1	818	PROTEIN
g14062.t1	g14062.t1	405	PROTEIN
g14063.t1	g14063.t1	418	PROTEIN
g14064.t1	g14064.t1	491	PROTEIN
g14065.t1	g14065.t1	569	PROTEIN
g14066.t1	g14066.t1	104	PROTEIN
g14067.t1	g14067.t1	568	PROTEIN
g14068.t1	g14068.t1	67	PROTEIN
g14069.t1	g14069.t1	668	PROTEIN
g14070.t1	g14070.t1	117	PROTEIN
g14071.t1	g14071.t1	131	PROTEIN
g14072.t1	g14072.t1	312	PROTEIN
g14073.t1	g14073.t1	254	PROTEIN
g14074.t1	g14074.t1	170	PROTEIN
g14075.t1	g14075.t1	109	PROTEIN
g14076.t1	g14076.t1	76	PROTEIN
g14077.t1	g14077.t1	179	PROTEIN
g14078.t1	g14078.t1	180	PROTEIN
g14079.t1	g14079.t1	359	PROTEIN
g14080.t1	g14080.t1	132	PROTEIN
g14081.t1	g14081.t1	44	PROTEIN
g14082.t1	g14082.t1	1224	PROTEIN
g14083.t1	g14083.t1	246	PROTEIN
g14084.t1	g14084.t1	82	PROTEIN
g14085.t1	g14085.t1	390	PROTEIN
g14086.t1	g14086.t1	606	PROTEIN
g14087.t1	g14087.t1	131	PROTEIN
g14088.t1	g14088.t1	140	PROTEIN
g14089.t1	g14089.t1	605	PROTEIN
g14090.t1	g14090.t1	304	PROTEIN
g14091.t1	g14091.t1	122	PROTEIN
g14092.t1	g14092.t1	1473	PROTEIN
g14093.t1	g14093.t1	184	PROTEIN
g14094.t1	g14094.t1	156	PROTEIN
g14095.t1	g14095.t1	123	PROTEIN
g14096.t1	g14096.t1	577	PROTEIN
g14097.t1	g14097.t1	96	PROTEIN
g14098.t1	g14098.t1	196	PROTEIN
g14099.t1	g14099.t1	652	PROTEIN
g14100.t1	g14100.t1	109	PROTEIN
g14101.t2	g14101.t2	576	PROTEIN
g14102.t1	g14102.t1	428	PROTEIN
g14103.t1	g14103.t1	282	PROTEIN
g14104.t1	g14104.t1	241	PROTEIN
g14105.t1	g14105.t1	99	PROTEIN
g14106.t1	g14106.t1	147	PROTEIN
g14107.t1	g14107.t1	383	PROTEIN
g14108.t1	g14108.t1	533	PROTEIN
g14109.t1	g14109.t1	206	PROTEIN
g14110.t1	g14110.t1	109	PROTEIN
g14111.t1	g14111.t1	393	PROTEIN
g14112.t1	g14112.t1	123	PROTEIN
g14113.t1	g14113.t1	434	PROTEIN
g14114.t1	g14114.t1	128	PROTEIN
g14115.t1	g14115.t1	133	PROTEIN
g14116.t1	g14116.t1	85	PROTEIN
g14117.t1	g14117.t1	286	PROTEIN
g14118.t1	g14118.t1	168	PROTEIN
g14119.t1	g14119.t1	70	PROTEIN
g14120.t1	g14120.t1	105	PROTEIN
g14121.t1	g14121.t1	42	PROTEIN
g14122.t1	g14122.t1	136	PROTEIN
g14123.t1	g14123.t1	109	PROTEIN
g14124.t1	g14124.t1	165	PROTEIN
g14125.t1	g14125.t1	583	PROTEIN
g14126.t1	g14126.t1	1656	PROTEIN
g14127.t1	g14127.t1	366	PROTEIN
g14128.t1	g14128.t1	187	PROTEIN
g14129.t1	g14129.t1	109	PROTEIN
g14130.t1	g14130.t1	118	PROTEIN
g14131.t1	g14131.t1	68	PROTEIN
g14132.t1	g14132.t1	201	PROTEIN
g14133.t1	g14133.t1	220	PROTEIN
g14134.t1	g14134.t1	262	PROTEIN
g14135.t1	g14135.t1	507	PROTEIN
g14136.t1	g14136.t1	113	PROTEIN
g14137.t1	g14137.t1	104	PROTEIN
g14138.t1	g14138.t1	121	PROTEIN
g14139.t1	g14139.t1	123	PROTEIN
g14140.t1	g14140.t1	614	PROTEIN
g14141.t1	g14141.t1	86	PROTEIN
g14142.t1	g14142.t1	121	PROTEIN
g14143.t1	g14143.t1	80	PROTEIN
g14144.t1	g14144.t1	457	PROTEIN
g14145.t1	g14145.t1	395	PROTEIN
g14146.t1	g14146.t1	318	PROTEIN
g14147.t1	g14147.t1	205	PROTEIN
g14148.t1	g14148.t1	867	PROTEIN
g14149.t1	g14149.t1	1605	PROTEIN
g14150.t1	g14150.t1	47	PROTEIN
g14151.t1	g14151.t1	120	PROTEIN
g14152.t1	g14152.t1	90	PROTEIN
g14153.t1	g14153.t1	640	PROTEIN
g14154.t1	g14154.t1	389	PROTEIN
g14155.t1	g14155.t1	109	PROTEIN
g14156.t1	g14156.t1	157	PROTEIN
g14157.t1	g14157.t1	372	PROTEIN
g14158.t1	g14158.t1	149	PROTEIN
g14159.t1	g14159.t1	94	PROTEIN
g14160.t1	g14160.t1	563	PROTEIN
g14161.t1	g14161.t1	437	PROTEIN
g14162.t1	g14162.t1	379	PROTEIN
g14163.t1	g14163.t1	382	PROTEIN
g14164.t1	g14164.t1	843	PROTEIN
g14165.t1	g14165.t1	294	PROTEIN
g14166.t1	g14166.t1	188	PROTEIN
g14167.t1	g14167.t1	81	PROTEIN
g14168.t1	g14168.t1	422	PROTEIN
g14169.t1	g14169.t1	218	PROTEIN
g14170.t1	g14170.t1	98	PROTEIN
g14171.t1	g14171.t1	145	PROTEIN
g14172.t1	g14172.t1	59	PROTEIN
g14173.t1	g14173.t1	407	PROTEIN
g14174.t1	g14174.t1	124	PROTEIN
g14175.t1	g14175.t1	141	PROTEIN
g14176.t1	g14176.t1	133	PROTEIN
g14177.t1	g14177.t1	195	PROTEIN
g14178.t1	g14178.t1	213	PROTEIN
g14179.t1	g14179.t1	381	PROTEIN
g14180.t1	g14180.t1	114	PROTEIN
g14181.t1	g14181.t1	77	PROTEIN
g14182.t2	g14182.t2	683	PROTEIN
g14183.t1	g14183.t1	650	PROTEIN
g14184.t1	g14184.t1	317	PROTEIN
g14185.t1	g14185.t1	1584	PROTEIN
g14186.t1	g14186.t1	376	PROTEIN
g14187.t1	g14187.t1	274	PROTEIN
g14188.t1	g14188.t1	352	PROTEIN
g14189.t1	g14189.t1	97	PROTEIN
g14190.t1	g14190.t1	571	PROTEIN
g14191.t1	g14191.t1	373	PROTEIN
g14192.t1	g14192.t1	308	PROTEIN
g14193.t1	g14193.t1	455	PROTEIN
g14194.t1	g14194.t1	232	PROTEIN
g14195.t1	g14195.t1	463	PROTEIN
g14196.t1	g14196.t1	1499	PROTEIN
g14197.t1	g14197.t1	76	PROTEIN
g14198.t1	g14198.t1	416	PROTEIN
g14199.t1	g14199.t1	174	PROTEIN
g14200.t1	g14200.t1	573	PROTEIN
g14201.t1	g14201.t1	174	PROTEIN
g14202.t1	g14202.t1	112	PROTEIN
g14203.t1	g14203.t1	88	PROTEIN
g14204.t1	g14204.t1	210	PROTEIN
g14205.t1	g14205.t1	150	PROTEIN
g14206.t1	g14206.t1	197	PROTEIN
g14207.t1	g14207.t1	113	PROTEIN
g14208.t1	g14208.t1	1113	PROTEIN
g14209.t1	g14209.t1	102	PROTEIN
g14210.t1	g14210.t1	77	PROTEIN
g14211.t1	g14211.t1	595	PROTEIN
g14212.t1	g14212.t1	203	PROTEIN
g14213.t1	g14213.t1	92	PROTEIN
g14214.t1	g14214.t1	76	PROTEIN
g14215.t1	g14215.t1	473	PROTEIN
g14216.t1	g14216.t1	87	PROTEIN
g14217.t1	g14217.t1	153	PROTEIN
g14218.t1	g14218.t1	1240	PROTEIN
g14219.t1	g14219.t1	673	PROTEIN
g14220.t1	g14220.t1	319	PROTEIN
g14221.t1	g14221.t1	153	PROTEIN
g14222.t1	g14222.t1	725	PROTEIN
g14223.t1	g14223.t1	329	PROTEIN
g14224.t1	g14224.t1	313	PROTEIN
g14225.t1	g14225.t1	321	PROTEIN
g14226.t1	g14226.t1	543	PROTEIN
g14227.t1	g14227.t1	129	PROTEIN
g14228.t1	g14228.t1	196	PROTEIN
g14229.t1	g14229.t1	330	PROTEIN
g14230.t1	g14230.t1	261	PROTEIN
g14231.t1	g14231.t1	825	PROTEIN
g14232.t1	g14232.t1	138	PROTEIN
g14233.t1	g14233.t1	1162	PROTEIN
g14234.t1	g14234.t1	164	PROTEIN
g14235.t2	g14235.t2	1639	PROTEIN
g14236.t1	g14236.t1	144	PROTEIN
g14237.t1	g14237.t1	265	PROTEIN
g14238.t1	g14238.t1	119	PROTEIN
g14239.t1	g14239.t1	739	PROTEIN
g14240.t1	g14240.t1	100	PROTEIN
g14241.t1	g14241.t1	424	PROTEIN
g14242.t1	g14242.t1	823	PROTEIN
g14243.t1	g14243.t1	1090	PROTEIN
g14244.t1	g14244.t1	130	PROTEIN
g14245.t1	g14245.t1	261	PROTEIN
g14246.t1	g14246.t1	569	PROTEIN
g14247.t1	g14247.t1	210	PROTEIN
g14248.t1	g14248.t1	713	PROTEIN
g14249.t1	g14249.t1	219	PROTEIN
g14250.t2	g14250.t2	225	PROTEIN
g14251.t1	g14251.t1	766	PROTEIN
g14252.t1	g14252.t1	292	PROTEIN
g14253.t1	g14253.t1	3309	PROTEIN
g14254.t1	g14254.t1	413	PROTEIN
g14255.t1	g14255.t1	170	PROTEIN
g14256.t1	g14256.t1	540	PROTEIN
g14257.t1	g14257.t1	272	PROTEIN
g14258.t1	g14258.t1	578	PROTEIN
g14259.t1	g14259.t1	57	PROTEIN
g14260.t1	g14260.t1	123	PROTEIN
g14261.t1	g14261.t1	104	PROTEIN
g14262.t1	g14262.t1	112	PROTEIN
g14263.t1	g14263.t1	188	PROTEIN
g14264.t1	g14264.t1	97	PROTEIN
g14265.t1	g14265.t1	481	PROTEIN
g14266.t1	g14266.t1	958	PROTEIN
g14267.t1	g14267.t1	456	PROTEIN
g14268.t1	g14268.t1	938	PROTEIN
g14269.t1	g14269.t1	623	PROTEIN
g14270.t1	g14270.t1	468	PROTEIN
g14271.t1	g14271.t1	529	PROTEIN
g14272.t1	g14272.t1	462	PROTEIN
g14273.t1	g14273.t1	437	PROTEIN
g14274.t3	g14274.t3	450	PROTEIN
g14275.t1	g14275.t1	28	PROTEIN
g14276.t1	g14276.t1	566	PROTEIN
g14277.t1	g14277.t1	564	PROTEIN
g14278.t1	g14278.t1	564	PROTEIN
g14279.t1	g14279.t1	441	PROTEIN
g14280.t1	g14280.t1	214	PROTEIN
g14281.t2	g14281.t2	328	PROTEIN
g14282.t1	g14282.t1	390	PROTEIN
g14283.t1	g14283.t1	233	PROTEIN
g14284.t1	g14284.t1	115	PROTEIN
g14285.t1	g14285.t1	89	PROTEIN
g14286.t1	g14286.t1	403	PROTEIN
g14287.t1	g14287.t1	428	PROTEIN
g14288.t1	g14288.t1	128	PROTEIN
g14289.t1	g14289.t1	343	PROTEIN
g14290.t1	g14290.t1	533	PROTEIN
g14291.t1	g14291.t1	89	PROTEIN
g14292.t1	g14292.t1	401	PROTEIN
g14293.t1	g14293.t1	54	PROTEIN
g14294.t1	g14294.t1	114	PROTEIN
g14295.t1	g14295.t1	68	PROTEIN
g14296.t1	g14296.t1	1157	PROTEIN
g14297.t1	g14297.t1	131	PROTEIN
g14298.t1	g14298.t1	263	PROTEIN
g14299.t1	g14299.t1	263	PROTEIN
g14300.t1	g14300.t1	121	PROTEIN
g14301.t1	g14301.t1	188	PROTEIN
g14302.t1	g14302.t1	135	PROTEIN
g14303.t1	g14303.t1	82	PROTEIN
g14304.t1	g14304.t1	42	PROTEIN
g14305.t1	g14305.t1	91	PROTEIN
g14306.t1	g14306.t1	298	PROTEIN
g14307.t1	g14307.t1	406	PROTEIN
g14308.t1	g14308.t1	140	PROTEIN
g14309.t1	g14309.t1	170	PROTEIN
g14310.t1	g14310.t1	106	PROTEIN
g14311.t1	g14311.t1	575	PROTEIN
g14312.t1	g14312.t1	360	PROTEIN
g14313.t1	g14313.t1	82	PROTEIN
g14314.t1	g14314.t1	141	PROTEIN
g14315.t1	g14315.t1	72	PROTEIN
g14316.t2	g14316.t2	1976	PROTEIN
g14317.t1	g14317.t1	104	PROTEIN
g14318.t1	g14318.t1	599	PROTEIN
g14319.t1	g14319.t1	474	PROTEIN
g14320.t1	g14320.t1	421	PROTEIN
g14321.t1	g14321.t1	127	PROTEIN
g14322.t2	g14322.t2	398	PROTEIN
g14323.t1	g14323.t1	146	PROTEIN
g14324.t1	g14324.t1	234	PROTEIN
g14325.t1	g14325.t1	117	PROTEIN
g14326.t1	g14326.t1	103	PROTEIN
g14327.t1	g14327.t1	194	PROTEIN
g14328.t1	g14328.t1	112	PROTEIN
g14329.t1	g14329.t1	64	PROTEIN
g14330.t1	g14330.t1	789	PROTEIN
g14331.t1	g14331.t1	1013	PROTEIN
g14332.t1	g14332.t1	184	PROTEIN
g14333.t1	g14333.t1	83	PROTEIN
g14334.t1	g14334.t1	81	PROTEIN
g14335.t1	g14335.t1	114	PROTEIN
g14336.t1	g14336.t1	112	PROTEIN
g14337.t1	g14337.t1	109	PROTEIN
g14338.t1	g14338.t1	154	PROTEIN
g14339.t1	g14339.t1	579	PROTEIN
g14340.t1	g14340.t1	206	PROTEIN
g14341.t1	g14341.t1	107	PROTEIN
g14342.t1	g14342.t1	365	PROTEIN
g14343.t1	g14343.t1	1033	PROTEIN
g14344.t3	g14344.t3	2882	PROTEIN
g14345.t1	g14345.t1	430	PROTEIN
g14346.t1	g14346.t1	488	PROTEIN
g14347.t1	g14347.t1	109	PROTEIN
g14348.t1	g14348.t1	1198	PROTEIN
g14349.t1	g14349.t1	1112	PROTEIN
g14350.t1	g14350.t1	79	PROTEIN
g14351.t1	g14351.t1	96	PROTEIN
g14352.t1	g14352.t1	311	PROTEIN
g14353.t1	g14353.t1	309	PROTEIN
g14354.t1	g14354.t1	253	PROTEIN
g14355.t1	g14355.t1	119	PROTEIN
g14356.t1	g14356.t1	95	PROTEIN
g14357.t1	g14357.t1	93	PROTEIN
g14358.t1	g14358.t1	171	PROTEIN
g14359.t1	g14359.t1	744	PROTEIN
g14360.t1	g14360.t1	151	PROTEIN
g14361.t1	g14361.t1	179	PROTEIN
g14362.t1	g14362.t1	274	PROTEIN
g14363.t1	g14363.t1	157	PROTEIN
g14364.t1	g14364.t1	252	PROTEIN
g14365.t1	g14365.t1	78	PROTEIN
g14366.t1	g14366.t1	429	PROTEIN
g14367.t1	g14367.t1	255	PROTEIN
g14368.t1	g14368.t1	143	PROTEIN
g14369.t1	g14369.t1	327	PROTEIN
g14370.t1	g14370.t1	300	PROTEIN
g14371.t1	g14371.t1	145	PROTEIN
g14372.t1	g14372.t1	101	PROTEIN
g14373.t1	g14373.t1	192	PROTEIN
g14374.t1	g14374.t1	114	PROTEIN
g14375.t1	g14375.t1	519	PROTEIN
g14376.t1	g14376.t1	750	PROTEIN
g14377.t1	g14377.t1	581	PROTEIN
g14378.t1	g14378.t1	375	PROTEIN
g14379.t1	g14379.t1	146	PROTEIN
g14380.t1	g14380.t1	314	PROTEIN
g14381.t1	g14381.t1	143	PROTEIN
g14382.t1	g14382.t1	331	PROTEIN
g14383.t1	g14383.t1	82	PROTEIN
g14384.t1	g14384.t1	120	PROTEIN
g14385.t1	g14385.t1	112	PROTEIN
g14386.t1	g14386.t1	431	PROTEIN
g14387.t1	g14387.t1	108	PROTEIN
g14388.t2	g14388.t2	303	PROTEIN
g14389.t1	g14389.t1	88	PROTEIN
g14390.t1	g14390.t1	637	PROTEIN
g14391.t1	g14391.t1	355	PROTEIN
g14392.t1	g14392.t1	651	PROTEIN
g14393.t1	g14393.t1	245	PROTEIN
g14394.t1	g14394.t1	534	PROTEIN
g14395.t1	g14395.t1	288	PROTEIN
g14396.t1	g14396.t1	354	PROTEIN
g14397.t1	g14397.t1	138	PROTEIN
g14398.t1	g14398.t1	71	PROTEIN
g14399.t1	g14399.t1	301	PROTEIN
g14400.t1	g14400.t1	466	PROTEIN
g14401.t1	g14401.t1	501	PROTEIN
g14402.t1	g14402.t1	439	PROTEIN
g14403.t2	g14403.t2	482	PROTEIN
g14404.t1	g14404.t1	637	PROTEIN
g14405.t2	g14405.t2	324	PROTEIN
g14406.t1	g14406.t1	84	PROTEIN
g14407.t1	g14407.t1	1102	PROTEIN
g14408.t1	g14408.t1	88	PROTEIN
g14409.t1	g14409.t1	115	PROTEIN
g14410.t1	g14410.t1	69	PROTEIN
g14411.t1	g14411.t1	261	PROTEIN
g14412.t1	g14412.t1	557	PROTEIN
g14413.t1	g14413.t1	1285	PROTEIN
g14414.t1	g14414.t1	760	PROTEIN
g14415.t1	g14415.t1	1402	PROTEIN
g14416.t1	g14416.t1	48	PROTEIN
g14417.t1	g14417.t1	92	PROTEIN
g14418.t1	g14418.t1	168	PROTEIN
g14419.t1	g14419.t1	76	PROTEIN
g14420.t1	g14420.t1	124	PROTEIN
g14421.t1	g14421.t1	163	PROTEIN
g14422.t1	g14422.t1	87	PROTEIN
g14423.t1	g14423.t1	620	PROTEIN
g14424.t1	g14424.t1	325	PROTEIN
g14425.t1	g14425.t1	102	PROTEIN
g14426.t1	g14426.t1	232	PROTEIN
g14427.t1	g14427.t1	611	PROTEIN
g14428.t1	g14428.t1	105	PROTEIN
g14429.t1	g14429.t1	157	PROTEIN
g14430.t1	g14430.t1	248	PROTEIN
g14431.t1	g14431.t1	153	PROTEIN
g14432.t1	g14432.t1	87	PROTEIN
g14433.t1	g14433.t1	709	PROTEIN
g14434.t1	g14434.t1	298	PROTEIN
g14435.t1	g14435.t1	187	PROTEIN
g14436.t1	g14436.t1	986	PROTEIN
g14437.t1	g14437.t1	140	PROTEIN
g14438.t1	g14438.t1	376	PROTEIN
g14439.t1	g14439.t1	745	PROTEIN
g14440.t1	g14440.t1	494	PROTEIN
g14441.t1	g14441.t1	186	PROTEIN
g14442.t1	g14442.t1	228	PROTEIN
g14443.t1	g14443.t1	161	PROTEIN
g14444.t3	g14444.t3	837	PROTEIN
g14445.t1	g14445.t1	1061	PROTEIN
g14446.t1	g14446.t1	442	PROTEIN
g14447.t1	g14447.t1	373	PROTEIN
g14448.t1	g14448.t1	231	PROTEIN
g14449.t1	g14449.t1	436	PROTEIN
g14450.t1	g14450.t1	415	PROTEIN
g14451.t1	g14451.t1	103	PROTEIN
g14452.t2	g14452.t2	435	PROTEIN
g14453.t1	g14453.t1	81	PROTEIN
g14454.t1	g14454.t1	78	PROTEIN
g14455.t1	g14455.t1	351	PROTEIN
g14456.t1	g14456.t1	373	PROTEIN
g14457.t1	g14457.t1	380	PROTEIN
g14458.t1	g14458.t1	176	PROTEIN
g14459.t1	g14459.t1	516	PROTEIN
g14460.t1	g14460.t1	625	PROTEIN
g14461.t1	g14461.t1	910	PROTEIN
g14462.t1	g14462.t1	132	PROTEIN
g14463.t1	g14463.t1	600	PROTEIN
g14464.t1	g14464.t1	606	PROTEIN
g14465.t1	g14465.t1	265	PROTEIN
g14466.t1	g14466.t1	188	PROTEIN
g14467.t1	g14467.t1	389	PROTEIN
g14468.t1	g14468.t1	193	PROTEIN
g14469.t1	g14469.t1	517	PROTEIN
g14470.t1	g14470.t1	764	PROTEIN
g14471.t1	g14471.t1	221	PROTEIN
g14472.t1	g14472.t1	1044	PROTEIN
g14473.t1	g14473.t1	148	PROTEIN
g14474.t1	g14474.t1	61	PROTEIN
g14475.t1	g14475.t1	109	PROTEIN
g14476.t1	g14476.t1	254	PROTEIN
g14477.t1	g14477.t1	100	PROTEIN
g14478.t1	g14478.t1	304	PROTEIN
g14479.t1	g14479.t1	230	PROTEIN
g14480.t1	g14480.t1	317	PROTEIN
g14481.t1	g14481.t1	68	PROTEIN
g14482.t1	g14482.t1	127	PROTEIN
g14483.t1	g14483.t1	491	PROTEIN
g14484.t1	g14484.t1	446	PROTEIN
g14485.t1	g14485.t1	110	PROTEIN
g14486.t1	g14486.t1	1205	PROTEIN
g14487.t1	g14487.t1	180	PROTEIN
g14488.t1	g14488.t1	561	PROTEIN
g14489.t1	g14489.t1	101	PROTEIN
g14490.t1	g14490.t1	99	PROTEIN
g14491.t1	g14491.t1	427	PROTEIN
g14492.t1	g14492.t1	85	PROTEIN
g14493.t1	g14493.t1	521	PROTEIN
g14494.t1	g14494.t1	306	PROTEIN
g14495.t1	g14495.t1	579	PROTEIN
g14496.t1	g14496.t1	541	PROTEIN
g14497.t1	g14497.t1	90	PROTEIN
g14498.t1	g14498.t1	536	PROTEIN
g14499.t1	g14499.t1	364	PROTEIN
g14500.t1	g14500.t1	386	PROTEIN
g14501.t1	g14501.t1	701	PROTEIN
g14502.t1	g14502.t1	116	PROTEIN
g14503.t1	g14503.t1	105	PROTEIN
g14504.t1	g14504.t1	78	PROTEIN
g14505.t1	g14505.t1	144	PROTEIN
g14506.t1	g14506.t1	417	PROTEIN
g14507.t1	g14507.t1	572	PROTEIN
g14508.t1	g14508.t1	132	PROTEIN
g14509.t1	g14509.t1	181	PROTEIN
g14510.t1	g14510.t1	685	PROTEIN
g14511.t1	g14511.t1	66	PROTEIN
g14512.t1	g14512.t1	72	PROTEIN
g14513.t1	g14513.t1	322	PROTEIN
g14514.t1	g14514.t1	126	PROTEIN
g14515.t1	g14515.t1	148	PROTEIN
g14516.t1	g14516.t1	190	PROTEIN
g14517.t1	g14517.t1	95	PROTEIN
g14518.t1	g14518.t1	105	PROTEIN
g14519.t1	g14519.t1	135	PROTEIN
g14520.t1	g14520.t1	85	PROTEIN
g14521.t1	g14521.t1	121	PROTEIN
g14522.t1	g14522.t1	95	PROTEIN
g14523.t1	g14523.t1	1662	PROTEIN
g14524.t1	g14524.t1	1392	PROTEIN
g14525.t1	g14525.t1	607	PROTEIN
g14526.t1	g14526.t1	605	PROTEIN
g14527.t1	g14527.t1	535	PROTEIN
g14528.t1	g14528.t1	569	PROTEIN
g14529.t1	g14529.t1	150	PROTEIN
g14530.t1	g14530.t1	626	PROTEIN
g14531.t1	g14531.t1	519	PROTEIN
g14532.t1	g14532.t1	290	PROTEIN
g14533.t1	g14533.t1	341	PROTEIN
g14534.t1	g14534.t1	110	PROTEIN
g14535.t1	g14535.t1	175	PROTEIN
g14536.t1	g14536.t1	202	PROTEIN
g14537.t1	g14537.t1	404	PROTEIN
g14538.t1	g14538.t1	315	PROTEIN
g14539.t1	g14539.t1	320	PROTEIN
g14540.t1	g14540.t1	264	PROTEIN
g14541.t1	g14541.t1	477	PROTEIN
g14542.t1	g14542.t1	309	PROTEIN
g14543.t1	g14543.t1	1283	PROTEIN
g14544.t1	g14544.t1	431	PROTEIN
g14545.t1	g14545.t1	123	PROTEIN
g14546.t1	g14546.t1	273	PROTEIN
g14547.t1	g14547.t1	121	PROTEIN
g14548.t1	g14548.t1	156	PROTEIN
g14549.t1	g14549.t1	130	PROTEIN
g14550.t1	g14550.t1	521	PROTEIN
g14551.t1	g14551.t1	82	PROTEIN
g14552.t1	g14552.t1	531	PROTEIN
g14553.t1	g14553.t1	170	PROTEIN
g14554.t1	g14554.t1	87	PROTEIN
g14555.t1	g14555.t1	1809	PROTEIN
g14556.t2	g14556.t2	476	PROTEIN
g14557.t1	g14557.t1	382	PROTEIN
g14558.t1	g14558.t1	186	PROTEIN
g14559.t1	g14559.t1	73	PROTEIN
g14560.t1	g14560.t1	638	PROTEIN
g14561.t1	g14561.t1	710	PROTEIN
g14562.t1	g14562.t1	298	PROTEIN
g14563.t1	g14563.t1	150	PROTEIN
g14564.t1	g14564.t1	138	PROTEIN
g14565.t1	g14565.t1	69	PROTEIN
g14566.t1	g14566.t1	399	PROTEIN
g14567.t1	g14567.t1	1861	PROTEIN
g14568.t2	g14568.t2	322	PROTEIN
g14569.t1	g14569.t1	546	PROTEIN
g14570.t1	g14570.t1	414	PROTEIN
g14571.t1	g14571.t1	104	PROTEIN
g14572.t2	g14572.t2	802	PROTEIN
g14573.t1	g14573.t1	1360	PROTEIN
g14574.t1	g14574.t1	93	PROTEIN
g14575.t1	g14575.t1	69	PROTEIN
g14576.t1	g14576.t1	326	PROTEIN
g14577.t1	g14577.t1	580	PROTEIN
g14578.t1	g14578.t1	598	PROTEIN
g14579.t1	g14579.t1	158	PROTEIN
g14580.t1	g14580.t1	249	PROTEIN
g14581.t1	g14581.t1	114	PROTEIN
g14582.t1	g14582.t1	77	PROTEIN
g14583.t1	g14583.t1	658	PROTEIN
g14584.t1	g14584.t1	1811	PROTEIN
g14585.t1	g14585.t1	595	PROTEIN
g14586.t1	g14586.t1	68	PROTEIN
g14587.t1	g14587.t1	86	PROTEIN
g14588.t1	g14588.t1	93	PROTEIN
g14589.t1	g14589.t1	305	PROTEIN
g14590.t1	g14590.t1	103	PROTEIN
g14591.t1	g14591.t1	99	PROTEIN
g14592.t1	g14592.t1	85	PROTEIN
g14593.t1	g14593.t1	123	PROTEIN
g14594.t1	g14594.t1	200	PROTEIN
g14595.t1	g14595.t1	66	PROTEIN
g14596.t1	g14596.t1	67	PROTEIN
g14597.t1	g14597.t1	150	PROTEIN
g14598.t1	g14598.t1	191	PROTEIN
g14599.t1	g14599.t1	649	PROTEIN
g14600.t1	g14600.t1	197	PROTEIN
g14601.t1	g14601.t1	123	PROTEIN
g14602.t1	g14602.t1	423	PROTEIN
g14603.t1	g14603.t1	242	PROTEIN
g14604.t1	g14604.t1	290	PROTEIN
g14605.t1	g14605.t1	473	PROTEIN
g14606.t1	g14606.t1	224	PROTEIN
g14607.t1	g14607.t1	422	PROTEIN
g14608.t1	g14608.t1	119	PROTEIN
g14609.t1	g14609.t1	888	PROTEIN
g14610.t1	g14610.t1	239	PROTEIN
g14611.t1	g14611.t1	138	PROTEIN
g14612.t1	g14612.t1	292	PROTEIN
g14613.t1	g14613.t1	99	PROTEIN
g14614.t1	g14614.t1	179	PROTEIN
g14615.t1	g14615.t1	409	PROTEIN
g14616.t1	g14616.t1	67	PROTEIN
g14617.t1	g14617.t1	161	PROTEIN
g14618.t1	g14618.t1	195	PROTEIN
g14619.t1	g14619.t1	148	PROTEIN
g14620.t1	g14620.t1	156	PROTEIN
g14621.t1	g14621.t1	108	PROTEIN
g14622.t1	g14622.t1	894	PROTEIN
g14623.t1	g14623.t1	490	PROTEIN
g14624.t1	g14624.t1	165	PROTEIN
g14625.t1	g14625.t1	139	PROTEIN
g14626.t1	g14626.t1	209	PROTEIN
g14627.t1	g14627.t1	78	PROTEIN
g14628.t1	g14628.t1	173	PROTEIN
g14629.t1	g14629.t1	102	PROTEIN
g14630.t2	g14630.t2	626	PROTEIN
g14631.t1	g14631.t1	627	PROTEIN
g14632.t1	g14632.t1	288	PROTEIN
g14633.t1	g14633.t1	97	PROTEIN
g14634.t1	g14634.t1	84	PROTEIN
g14635.t1	g14635.t1	89	PROTEIN
g14636.t1	g14636.t1	400	PROTEIN
g14637.t1	g14637.t1	512	PROTEIN
g14638.t1	g14638.t1	886	PROTEIN
g14639.t1	g14639.t1	425	PROTEIN
g14640.t1	g14640.t1	366	PROTEIN
g14641.t1	g14641.t1	191	PROTEIN
g14642.t1	g14642.t1	150	PROTEIN
g14643.t1	g14643.t1	662	PROTEIN
g14644.t1	g14644.t1	74	PROTEIN
g14645.t1	g14645.t1	134	PROTEIN
g14646.t1	g14646.t1	331	PROTEIN
g14647.t1	g14647.t1	512	PROTEIN
g14648.t1	g14648.t1	485	PROTEIN
g14649.t1	g14649.t1	237	PROTEIN
g14650.t1	g14650.t1	767	PROTEIN
g14651.t1	g14651.t1	165	PROTEIN
g14652.t1	g14652.t1	246	PROTEIN
g14653.t1	g14653.t1	330	PROTEIN
g14654.t1	g14654.t1	171	PROTEIN
g14655.t1	g14655.t1	148	PROTEIN
g14656.t1	g14656.t1	562	PROTEIN
g14657.t1	g14657.t1	239	PROTEIN
g14658.t1	g14658.t1	119	PROTEIN
g14659.t1	g14659.t1	731	PROTEIN
g14660.t1	g14660.t1	88	PROTEIN
g14661.t1	g14661.t1	863	PROTEIN
g14662.t1	g14662.t1	923	PROTEIN
g14663.t1	g14663.t1	314	PROTEIN
g14664.t1	g14664.t1	888	PROTEIN
g14665.t2	g14665.t2	219	PROTEIN
g14666.t1	g14666.t1	562	PROTEIN
g14667.t1	g14667.t1	177	PROTEIN
g14668.t1	g14668.t1	314	PROTEIN
g14669.t1	g14669.t1	453	PROTEIN
g14670.t1	g14670.t1	370	PROTEIN
g14671.t1	g14671.t1	387	PROTEIN
g14672.t1	g14672.t1	79	PROTEIN
g14673.t1	g14673.t1	393	PROTEIN
g14674.t1	g14674.t1	112	PROTEIN
g14675.t1	g14675.t1	130	PROTEIN
g14676.t1	g14676.t1	1774	PROTEIN
g14677.t1	g14677.t1	33	PROTEIN
g14678.t1	g14678.t1	207	PROTEIN
g14679.t1	g14679.t1	239	PROTEIN
g14680.t1	g14680.t1	543	PROTEIN
g14681.t1	g14681.t1	177	PROTEIN
g14682.t1	g14682.t1	392	PROTEIN
g14683.t1	g14683.t1	499	PROTEIN
g14684.t1	g14684.t1	71	PROTEIN
g14685.t1	g14685.t1	841	PROTEIN
g14686.t1	g14686.t1	66	PROTEIN
g14687.t1	g14687.t1	460	PROTEIN
g14688.t1	g14688.t1	1365	PROTEIN
g14689.t1	g14689.t1	86	PROTEIN
g14690.t1	g14690.t1	85	PROTEIN
g14691.t1	g14691.t1	89	PROTEIN
g14692.t1	g14692.t1	304	PROTEIN
g14693.t1	g14693.t1	92	PROTEIN
g14694.t1	g14694.t1	90	PROTEIN
g14695.t1	g14695.t1	107	PROTEIN
g14696.t1	g14696.t1	70	PROTEIN
g14697.t1	g14697.t1	71	PROTEIN
g14698.t1	g14698.t1	173	PROTEIN
g14699.t1	g14699.t1	835	PROTEIN
g14700.t1	g14700.t1	438	PROTEIN
g14701.t1	g14701.t1	754	PROTEIN
g14702.t1	g14702.t1	95	PROTEIN
g14703.t1	g14703.t1	329	PROTEIN
g14704.t1	g14704.t1	401	PROTEIN
g14705.t1	g14705.t1	550	PROTEIN
g14706.t1	g14706.t1	90	PROTEIN
g14707.t1	g14707.t1	150	PROTEIN
g14708.t1	g14708.t1	849	PROTEIN
g14709.t1	g14709.t1	118	PROTEIN
g14710.t1	g14710.t1	160	PROTEIN
g14711.t1	g14711.t1	79	PROTEIN
g14712.t1	g14712.t1	635	PROTEIN
g14713.t1	g14713.t1	2320	PROTEIN
g14714.t1	g14714.t1	84	PROTEIN
g14715.t1	g14715.t1	83	PROTEIN
g14716.t1	g14716.t1	302	PROTEIN
g14717.t1	g14717.t1	131	PROTEIN
g14718.t1	g14718.t1	66	PROTEIN
g14719.t1	g14719.t1	112	PROTEIN
g14720.t1	g14720.t1	99	PROTEIN
g14721.t1	g14721.t1	725	PROTEIN
g14722.t1	g14722.t1	102	PROTEIN
g14723.t1	g14723.t1	101	PROTEIN
g14724.t1	g14724.t1	293	PROTEIN
g14725.t1	g14725.t1	90	PROTEIN
g14726.t1	g14726.t1	593	PROTEIN
g14727.t1	g14727.t1	464	PROTEIN
g14728.t1	g14728.t1	85	PROTEIN
g14729.t1	g14729.t1	175	PROTEIN
g14730.t1	g14730.t1	134	PROTEIN
g14731.t1	g14731.t1	233	PROTEIN
g14732.t1	g14732.t1	292	PROTEIN
g14733.t1	g14733.t1	222	PROTEIN
g14734.t1	g14734.t1	534	PROTEIN
g14735.t1	g14735.t1	1335	PROTEIN
g14736.t1	g14736.t1	534	PROTEIN
g14737.t1	g14737.t1	513	PROTEIN
g14738.t1	g14738.t1	76	PROTEIN
g14739.t1	g14739.t1	618	PROTEIN
g14740.t1	g14740.t1	380	PROTEIN
g14741.t1	g14741.t1	83	PROTEIN
g14742.t1	g14742.t1	101	PROTEIN
g14743.t1	g14743.t1	845	PROTEIN
g14744.t1	g14744.t1	329	PROTEIN
g14745.t1	g14745.t1	384	PROTEIN
g14746.t1	g14746.t1	151	PROTEIN
g14747.t1	g14747.t1	198	PROTEIN
g14748.t1	g14748.t1	759	PROTEIN
g14749.t1	g14749.t1	875	PROTEIN
g14750.t1	g14750.t1	83	PROTEIN
g14751.t1	g14751.t1	91	PROTEIN
g14752.t1	g14752.t1	419	PROTEIN
g14753.t1	g14753.t1	201	PROTEIN
g14754.t1	g14754.t1	66	PROTEIN
g14755.t1	g14755.t1	375	PROTEIN
g14756.t1	g14756.t1	47	PROTEIN
g14757.t1	g14757.t1	692	PROTEIN
g14758.t1	g14758.t1	344	PROTEIN
g14759.t1	g14759.t1	1033	PROTEIN
g14760.t1	g14760.t1	329	PROTEIN
g14761.t1	g14761.t1	214	PROTEIN
g14762.t1	g14762.t1	462	PROTEIN
g14763.t1	g14763.t1	137	PROTEIN
g14764.t1	g14764.t1	102	PROTEIN
g14765.t1	g14765.t1	89	PROTEIN
g14766.t1	g14766.t1	172	PROTEIN
g14767.t1	g14767.t1	1121	PROTEIN
g14768.t1	g14768.t1	281	PROTEIN
g14769.t1	g14769.t1	160	PROTEIN
g14770.t1	g14770.t1	318	PROTEIN
g14771.t1	g14771.t1	92	PROTEIN
g14772.t1	g14772.t1	452	PROTEIN
g14773.t1	g14773.t1	183	PROTEIN
g14774.t1	g14774.t1	287	PROTEIN
g14775.t1	g14775.t1	552	PROTEIN
g14776.t1	g14776.t1	125	PROTEIN
g14777.t1	g14777.t1	351	PROTEIN
g14778.t1	g14778.t1	425	PROTEIN
g14779.t1	g14779.t1	537	PROTEIN
g14780.t1	g14780.t1	187	PROTEIN
g14781.t1	g14781.t1	72	PROTEIN
g14782.t2	g14782.t2	1882	PROTEIN
g14783.t1	g14783.t1	75	PROTEIN
g14784.t1	g14784.t1	609	PROTEIN
g14785.t1	g14785.t1	138	PROTEIN
g14786.t1	g14786.t1	97	PROTEIN
g14787.t1	g14787.t1	240	PROTEIN
g14788.t2	g14788.t2	225	PROTEIN
g14789.t1	g14789.t1	257	PROTEIN
g14790.t1	g14790.t1	252	PROTEIN
g14791.t1	g14791.t1	300	PROTEIN
g14792.t1	g14792.t1	809	PROTEIN
g14793.t1	g14793.t1	102	PROTEIN
g14794.t1	g14794.t1	214	PROTEIN
g14795.t1	g14795.t1	495	PROTEIN
g14796.t1	g14796.t1	293	PROTEIN
g14797.t1	g14797.t1	235	PROTEIN
g14798.t1	g14798.t1	70	PROTEIN
g14799.t1	g14799.t1	266	PROTEIN
g14800.t1	g14800.t1	989	PROTEIN
g14801.t1	g14801.t1	113	PROTEIN
g14802.t1	g14802.t1	124	PROTEIN
g14803.t1	g14803.t1	271	PROTEIN
g14804.t1	g14804.t1	103	PROTEIN
g14805.t1	g14805.t1	324	PROTEIN
g14806.t1	g14806.t1	99	PROTEIN
g14807.t1	g14807.t1	228	PROTEIN
g14808.t1	g14808.t1	217	PROTEIN
g14809.t1	g14809.t1	109	PROTEIN
g14810.t1	g14810.t1	212	PROTEIN
g14811.t1	g14811.t1	160	PROTEIN
g14812.t1	g14812.t1	574	PROTEIN
g14813.t1	g14813.t1	169	PROTEIN
g14814.t1	g14814.t1	635	PROTEIN
g14815.t1	g14815.t1	110	PROTEIN
g14816.t1	g14816.t1	68	PROTEIN
g14817.t1	g14817.t1	88	PROTEIN
g14818.t1	g14818.t1	202	PROTEIN
g14819.t1	g14819.t1	144	PROTEIN
g14820.t1	g14820.t1	125	PROTEIN
g14821.t1	g14821.t1	164	PROTEIN
g14822.t1	g14822.t1	76	PROTEIN
g14823.t1	g14823.t1	702	PROTEIN
g14824.t1	g14824.t1	930	PROTEIN
g14825.t1	g14825.t1	136	PROTEIN
g14826.t1	g14826.t1	84	PROTEIN
g14827.t1	g14827.t1	198	PROTEIN
g14828.t1	g14828.t1	244	PROTEIN
g14829.t1	g14829.t1	907	PROTEIN
g14830.t1	g14830.t1	510	PROTEIN
g14831.t1	g14831.t1	191	PROTEIN
g14832.t1	g14832.t1	138	PROTEIN
g14833.t1	g14833.t1	386	PROTEIN
g14834.t1	g14834.t1	888	PROTEIN
g14835.t1	g14835.t1	1206	PROTEIN
g14836.t1	g14836.t1	182	PROTEIN
g14837.t1	g14837.t1	324	PROTEIN
g14838.t1	g14838.t1	165	PROTEIN
g14839.t1	g14839.t1	191	PROTEIN
g14840.t1	g14840.t1	331	PROTEIN
g14841.t1	g14841.t1	254	PROTEIN
g14842.t1	g14842.t1	227	PROTEIN
g14843.t1	g14843.t1	255	PROTEIN
g14844.t1	g14844.t1	211	PROTEIN
g14845.t1	g14845.t1	178	PROTEIN
g14846.t1	g14846.t1	261	PROTEIN
g14847.t1	g14847.t1	291	PROTEIN
g14848.t1	g14848.t1	799	PROTEIN
g14849.t1	g14849.t1	577	PROTEIN
g14850.t1	g14850.t1	132	PROTEIN
g14851.t1	g14851.t1	236	PROTEIN
g14852.t1	g14852.t1	204	PROTEIN
g14853.t1	g14853.t1	387	PROTEIN
g14854.t1	g14854.t1	269	PROTEIN
g14855.t1	g14855.t1	113	PROTEIN
g14856.t1	g14856.t1	93	PROTEIN
g14857.t1	g14857.t1	120	PROTEIN
g14858.t1	g14858.t1	240	PROTEIN
g14859.t1	g14859.t1	90	PROTEIN
g14860.t1	g14860.t1	154	PROTEIN
g14861.t1	g14861.t1	196	PROTEIN
g14862.t1	g14862.t1	158	PROTEIN
g14863.t1	g14863.t1	118	PROTEIN
g14864.t1	g14864.t1	112	PROTEIN
g14865.t1	g14865.t1	103	PROTEIN
g14866.t1	g14866.t1	289	PROTEIN
g14867.t1	g14867.t1	75	PROTEIN
g14868.t1	g14868.t1	460	PROTEIN
g14869.t1	g14869.t1	320	PROTEIN
g14870.t1	g14870.t1	237	PROTEIN
g14871.t1	g14871.t1	445	PROTEIN
g14872.t1	g14872.t1	237	PROTEIN
g14873.t2	g14873.t2	1664	PROTEIN
g14874.t1	g14874.t1	240	PROTEIN
g14875.t1	g14875.t1	528	PROTEIN
g14876.t1	g14876.t1	993	PROTEIN
g14877.t1	g14877.t1	258	PROTEIN
g14878.t1	g14878.t1	351	PROTEIN
g14879.t1	g14879.t1	235	PROTEIN
g14880.t1	g14880.t1	339	PROTEIN
g14881.t1	g14881.t1	304	PROTEIN
g14882.t1	g14882.t1	273	PROTEIN
g14883.t1	g14883.t1	212	PROTEIN
g14884.t1	g14884.t1	151	PROTEIN
g14885.t1	g14885.t1	780	PROTEIN
g14886.t1	g14886.t1	400	PROTEIN
g14887.t1	g14887.t1	334	PROTEIN
g14888.t1	g14888.t1	187	PROTEIN
g14889.t1	g14889.t1	265	PROTEIN
g14890.t1	g14890.t1	400	PROTEIN
g14891.t1	g14891.t1	96	PROTEIN
g14892.t1	g14892.t1	273	PROTEIN
g14893.t1	g14893.t1	1214	PROTEIN
g14894.t1	g14894.t1	849	PROTEIN
g14895.t1	g14895.t1	104	PROTEIN
g14896.t1	g14896.t1	198	PROTEIN
g14897.t1	g14897.t1	194	PROTEIN
g14898.t1	g14898.t1	199	PROTEIN
g14899.t1	g14899.t1	257	PROTEIN
g14900.t1	g14900.t1	686	PROTEIN
g14901.t1	g14901.t1	135	PROTEIN
g14902.t1	g14902.t1	103	PROTEIN
g14903.t1	g14903.t1	247	PROTEIN
g14904.t1	g14904.t1	149	PROTEIN
g14905.t1	g14905.t1	291	PROTEIN
g14906.t1	g14906.t1	161	PROTEIN
g14907.t1	g14907.t1	285	PROTEIN
g14908.t1	g14908.t1	69	PROTEIN
g14909.t1	g14909.t1	101	PROTEIN
g14910.t1	g14910.t1	57	PROTEIN
g14911.t1	g14911.t1	128	PROTEIN
g14912.t1	g14912.t1	212	PROTEIN
g14913.t1	g14913.t1	184	PROTEIN
g14914.t1	g14914.t1	274	PROTEIN
g14915.t1	g14915.t1	196	PROTEIN
g14916.t1	g14916.t1	70	PROTEIN
g14917.t1	g14917.t1	349	PROTEIN
g14918.t2	g14918.t2	73	PROTEIN
g14919.t1	g14919.t1	384	PROTEIN
g14920.t1	g14920.t1	78	PROTEIN
g14921.t1	g14921.t1	216	PROTEIN
g14922.t1	g14922.t1	76	PROTEIN
g14923.t3	g14923.t3	194	PROTEIN
g14924.t1	g14924.t1	138	PROTEIN
g14925.t1	g14925.t1	137	PROTEIN
g14926.t1	g14926.t1	625	PROTEIN
g14927.t1	g14927.t1	266	PROTEIN
g14928.t1	g14928.t1	492	PROTEIN
g14929.t1	g14929.t1	287	PROTEIN
g14930.t1	g14930.t1	614	PROTEIN
g14931.t1	g14931.t1	606	PROTEIN
g14932.t1	g14932.t1	195	PROTEIN
g14933.t1	g14933.t1	100	PROTEIN
g14934.t1	g14934.t1	386	PROTEIN
g14935.t1	g14935.t1	439	PROTEIN
g14936.t1	g14936.t1	944	PROTEIN
g14937.t1	g14937.t1	1120	PROTEIN
g14938.t1	g14938.t1	157	PROTEIN
g14939.t1	g14939.t1	244	PROTEIN
g14940.t1	g14940.t1	1089	PROTEIN
g14941.t1	g14941.t1	108	PROTEIN
g14942.t1	g14942.t1	55	PROTEIN
g14943.t1	g14943.t1	176	PROTEIN
g14944.t1	g14944.t1	235	PROTEIN
g14945.t2	g14945.t2	316	PROTEIN
g14946.t1	g14946.t1	462	PROTEIN
g14947.t1	g14947.t1	2706	PROTEIN
g14948.t1	g14948.t1	1751	PROTEIN
g14949.t1	g14949.t1	138	PROTEIN
g14950.t1	g14950.t1	434	PROTEIN
g14951.t1	g14951.t1	1970	PROTEIN
g14952.t1	g14952.t1	306	PROTEIN
g14953.t1	g14953.t1	395	PROTEIN
g14954.t1	g14954.t1	352	PROTEIN
g14955.t1	g14955.t1	641	PROTEIN
g14956.t1	g14956.t1	75	PROTEIN
g14957.t1	g14957.t1	337	PROTEIN
g14958.t1	g14958.t1	322	PROTEIN
g14959.t1	g14959.t1	119	PROTEIN
g14960.t1	g14960.t1	116	PROTEIN
g14961.t1	g14961.t1	121	PROTEIN
g14962.t1	g14962.t1	113	PROTEIN
g14963.t1	g14963.t1	119	PROTEIN
g14964.t1	g14964.t1	116	PROTEIN
g14965.t1	g14965.t1	327	PROTEIN
g14966.t1	g14966.t1	512	PROTEIN
g14967.t1	g14967.t1	658	PROTEIN
g14968.t1	g14968.t1	1241	PROTEIN
g14969.t1	g14969.t1	1260	PROTEIN
g14970.t1	g14970.t1	100	PROTEIN
g14971.t1	g14971.t1	108	PROTEIN
g14972.t1	g14972.t1	145	PROTEIN
g14973.t1	g14973.t1	111	PROTEIN
g14974.t1	g14974.t1	163	PROTEIN
g14975.t2	g14975.t2	170	PROTEIN
g14976.t1	g14976.t1	365	PROTEIN
g14977.t1	g14977.t1	276	PROTEIN
g14978.t1	g14978.t1	163	PROTEIN
g14979.t1	g14979.t1	91	PROTEIN
g14980.t1	g14980.t1	203	PROTEIN
g14981.t1	g14981.t1	81	PROTEIN
g14982.t1	g14982.t1	41	PROTEIN
g14983.t1	g14983.t1	180	PROTEIN
g14984.t1	g14984.t1	472	PROTEIN
g14985.t1	g14985.t1	172	PROTEIN
g14986.t1	g14986.t1	159	PROTEIN
g14987.t1	g14987.t1	99	PROTEIN
g14988.t1	g14988.t1	88	PROTEIN
g14989.t1	g14989.t1	1084	PROTEIN
g14990.t1	g14990.t1	63	PROTEIN
g14991.t1	g14991.t1	325	PROTEIN
g14992.t1	g14992.t1	120	PROTEIN
g14993.t1	g14993.t1	274	PROTEIN
g14994.t1	g14994.t1	205	PROTEIN
g14995.t1	g14995.t1	103	PROTEIN
g14996.t1	g14996.t1	85	PROTEIN
g14997.t1	g14997.t1	869	PROTEIN
g14998.t1	g14998.t1	209	PROTEIN
g14999.t1	g14999.t1	132	PROTEIN
g15000.t1	g15000.t1	143	PROTEIN
g15001.t1	g15001.t1	234	PROTEIN
g15002.t1	g15002.t1	217	PROTEIN
g15003.t1	g15003.t1	1289	PROTEIN
g15004.t1	g15004.t1	340	PROTEIN
g15005.t2	g15005.t2	196	PROTEIN
g15006.t1	g15006.t1	150	PROTEIN
g15007.t1	g15007.t1	206	PROTEIN
g15008.t1	g15008.t1	45	PROTEIN
g15009.t1	g15009.t1	113	PROTEIN
g15010.t1	g15010.t1	54	PROTEIN
g15011.t3	g15011.t3	1123	PROTEIN
g15012.t1	g15012.t1	205	PROTEIN
g15013.t1	g15013.t1	377	PROTEIN
g15014.t1	g15014.t1	95	PROTEIN
g15015.t1	g15015.t1	366	PROTEIN
g15016.t1	g15016.t1	384	PROTEIN
g15017.t1	g15017.t1	372	PROTEIN
g15018.t1	g15018.t1	164	PROTEIN
g15019.t1	g15019.t1	181	PROTEIN
g15020.t1	g15020.t1	417	PROTEIN
g15021.t1	g15021.t1	252	PROTEIN
g15022.t1	g15022.t1	266	PROTEIN
g15023.t1	g15023.t1	374	PROTEIN
g15024.t1	g15024.t1	3652	PROTEIN
g15025.t1	g15025.t1	580	PROTEIN
g15026.t1	g15026.t1	267	PROTEIN
g15027.t1	g15027.t1	377	PROTEIN
g15028.t1	g15028.t1	440	PROTEIN
g15029.t1	g15029.t1	528	PROTEIN
g15030.t1	g15030.t1	327	PROTEIN
g15031.t1	g15031.t1	67	PROTEIN
g15032.t2	g15032.t2	239	PROTEIN
g15033.t1	g15033.t1	317	PROTEIN
g15034.t1	g15034.t1	162	PROTEIN
g15035.t1	g15035.t1	1249	PROTEIN
g15036.t1	g15036.t1	164	PROTEIN
g15037.t1	g15037.t1	1674	PROTEIN
g15038.t1	g15038.t1	149	PROTEIN
g15039.t1	g15039.t1	544	PROTEIN
g15040.t1	g15040.t1	308	PROTEIN
g15041.t1	g15041.t1	558	PROTEIN
g15042.t1	g15042.t1	125	PROTEIN
g15043.t1	g15043.t1	994	PROTEIN
g15044.t1	g15044.t1	351	PROTEIN
g15045.t1	g15045.t1	125	PROTEIN
g15046.t1	g15046.t1	245	PROTEIN
g15047.t1	g15047.t1	79	PROTEIN
g15048.t1	g15048.t1	260	PROTEIN
g15049.t1	g15049.t1	36	PROTEIN
g15050.t1	g15050.t1	540	PROTEIN
g15051.t1	g15051.t1	133	PROTEIN
g15052.t1	g15052.t1	107	PROTEIN
g15053.t1	g15053.t1	524	PROTEIN
g15054.t1	g15054.t1	57	PROTEIN
g15055.t1	g15055.t1	71	PROTEIN
g15056.t1	g15056.t1	110	PROTEIN
g15057.t1	g15057.t1	165	PROTEIN
g15058.t1	g15058.t1	460	PROTEIN
g15059.t1	g15059.t1	233	PROTEIN
g15060.t1	g15060.t1	929	PROTEIN
g15061.t1	g15061.t1	936	PROTEIN
g15062.t1	g15062.t1	103	PROTEIN
g15063.t1	g15063.t1	774	PROTEIN
g15064.t1	g15064.t1	125	PROTEIN
g15065.t1	g15065.t1	588	PROTEIN
g15066.t1	g15066.t1	176	PROTEIN
g15067.t1	g15067.t1	117	PROTEIN
g15068.t1	g15068.t1	461	PROTEIN
g15069.t1	g15069.t1	1325	PROTEIN
g15070.t1	g15070.t1	242	PROTEIN
g15071.t1	g15071.t1	94	PROTEIN
g15072.t1	g15072.t1	121	PROTEIN
g15073.t1	g15073.t1	106	PROTEIN
g15074.t1	g15074.t1	451	PROTEIN
g15075.t1	g15075.t1	203	PROTEIN
g15076.t1	g15076.t1	356	PROTEIN
g15077.t1	g15077.t1	722	PROTEIN
g15078.t1	g15078.t1	307	PROTEIN
g15079.t1	g15079.t1	106	PROTEIN
g15080.t1	g15080.t1	74	PROTEIN
g15081.t1	g15081.t1	74	PROTEIN
g15082.t1	g15082.t1	371	PROTEIN
g15083.t1	g15083.t1	88	PROTEIN
g15084.t1	g15084.t1	130	PROTEIN
g15085.t1	g15085.t1	104	PROTEIN
g15086.t1	g15086.t1	339	PROTEIN
g15087.t1	g15087.t1	635	PROTEIN
g15088.t1	g15088.t1	312	PROTEIN
g15089.t1	g15089.t1	142	PROTEIN
g15090.t1	g15090.t1	215	PROTEIN
g15091.t1	g15091.t1	263	PROTEIN
g15092.t1	g15092.t1	272	PROTEIN
g15093.t1	g15093.t1	92	PROTEIN
g15094.t1	g15094.t1	140	PROTEIN
g15095.t1	g15095.t1	115	PROTEIN
g15096.t1	g15096.t1	88	PROTEIN
g15097.t1	g15097.t1	135	PROTEIN
g15098.t1	g15098.t1	105	PROTEIN
g15099.t1	g15099.t1	173	PROTEIN
g15100.t1	g15100.t1	275	PROTEIN
g15101.t1	g15101.t1	376	PROTEIN
g15102.t1	g15102.t1	167	PROTEIN
g15103.t1	g15103.t1	295	PROTEIN
g15104.t1	g15104.t1	120	PROTEIN
g15105.t2	g15105.t2	377	PROTEIN
g15106.t1	g15106.t1	76	PROTEIN
g15107.t1	g15107.t1	167	PROTEIN
g15108.t1	g15108.t1	131	PROTEIN
g15109.t1	g15109.t1	164	PROTEIN
g15110.t1	g15110.t1	237	PROTEIN
g15111.t1	g15111.t1	245	PROTEIN
g15112.t1	g15112.t1	261	PROTEIN
g15113.t1	g15113.t1	241	PROTEIN
g15114.t1	g15114.t1	398	PROTEIN
g15115.t1	g15115.t1	778	PROTEIN
g15116.t1	g15116.t1	166	PROTEIN
g15117.t1	g15117.t1	354	PROTEIN
g15118.t1	g15118.t1	354	PROTEIN
g15119.t1	g15119.t1	233	PROTEIN
g15120.t1	g15120.t1	393	PROTEIN
g15121.t1	g15121.t1	333	PROTEIN
g15122.t1	g15122.t1	150	PROTEIN
g15123.t1	g15123.t1	83	PROTEIN
g15124.t1	g15124.t1	205	PROTEIN
g15125.t1	g15125.t1	789	PROTEIN
g15126.t1	g15126.t1	258	PROTEIN
g15127.t1	g15127.t1	86	PROTEIN
g15128.t1	g15128.t1	92	PROTEIN
g15129.t1	g15129.t1	107	PROTEIN
g15130.t1	g15130.t1	113	PROTEIN
g15131.t1	g15131.t1	101	PROTEIN
g15132.t1	g15132.t1	275	PROTEIN
g15133.t1	g15133.t1	238	PROTEIN
g15134.t1	g15134.t1	43	PROTEIN
g15135.t1	g15135.t1	148	PROTEIN
g15136.t1	g15136.t1	90	PROTEIN
g15137.t1	g15137.t1	80	PROTEIN
g15138.t1	g15138.t1	104	PROTEIN
g15139.t1	g15139.t1	148	PROTEIN
g15140.t1	g15140.t1	90	PROTEIN
g15141.t1	g15141.t1	219	PROTEIN
g15142.t1	g15142.t1	117	PROTEIN
g15143.t1	g15143.t1	96	PROTEIN
g15144.t1	g15144.t1	81	PROTEIN
g15145.t1	g15145.t1	172	PROTEIN
g15146.t1	g15146.t1	97	PROTEIN
g15147.t1	g15147.t1	152	PROTEIN
g15148.t1	g15148.t1	190	PROTEIN
g15149.t1	g15149.t1	260	PROTEIN
g15150.t1	g15150.t1	83	PROTEIN
g15151.t1	g15151.t1	154	PROTEIN
g15152.t1	g15152.t1	177	PROTEIN
g15153.t1	g15153.t1	429	PROTEIN
g15154.t1	g15154.t1	99	PROTEIN
g15155.t1	g15155.t1	858	PROTEIN
g15156.t1	g15156.t1	171	PROTEIN
g15157.t1	g15157.t1	84	PROTEIN
g15158.t1	g15158.t1	124	PROTEIN
g15159.t1	g15159.t1	243	PROTEIN
g15160.t1	g15160.t1	1858	PROTEIN
g15161.t1	g15161.t1	102	PROTEIN
g15162.t1	g15162.t1	95	PROTEIN
g15163.t1	g15163.t1	85	PROTEIN
g15164.t1	g15164.t1	162	PROTEIN
g15165.t1	g15165.t1	172	PROTEIN
g15166.t1	g15166.t1	935	PROTEIN
g15167.t1	g15167.t1	394	PROTEIN
g15168.t1	g15168.t1	118	PROTEIN
g15169.t1	g15169.t1	306	PROTEIN
g15170.t1	g15170.t1	91	PROTEIN
g15171.t1	g15171.t1	179	PROTEIN
g15172.t1	g15172.t1	95	PROTEIN
g15173.t1	g15173.t1	437	PROTEIN
g15174.t1	g15174.t1	86	PROTEIN
g15175.t1	g15175.t1	258	PROTEIN
g15176.t1	g15176.t1	548	PROTEIN
g15177.t1	g15177.t1	209	PROTEIN
g15178.t1	g15178.t1	473	PROTEIN
g15179.t1	g15179.t1	490	PROTEIN
g15180.t1	g15180.t1	122	PROTEIN
g15181.t1	g15181.t1	393	PROTEIN
g15182.t1	g15182.t1	86	PROTEIN
g15183.t1	g15183.t1	117	PROTEIN
g15184.t1	g15184.t1	439	PROTEIN
g15185.t1	g15185.t1	130	PROTEIN
g15186.t1	g15186.t1	253	PROTEIN
g15187.t1	g15187.t1	142	PROTEIN
g15188.t1	g15188.t1	832	PROTEIN
g15189.t1	g15189.t1	660	PROTEIN
g15190.t1	g15190.t1	54	PROTEIN
g15191.t1	g15191.t1	305	PROTEIN
g15192.t1	g15192.t1	351	PROTEIN
g15193.t1	g15193.t1	403	PROTEIN
g15194.t1	g15194.t1	87	PROTEIN
g15195.t1	g15195.t1	83	PROTEIN
g15196.t1	g15196.t1	110	PROTEIN
g15197.t1	g15197.t1	311	PROTEIN
g15198.t1	g15198.t1	196	PROTEIN
g15199.t1	g15199.t1	696	PROTEIN
g15200.t1	g15200.t1	529	PROTEIN
g15201.t1	g15201.t1	67	PROTEIN
g15202.t1	g15202.t1	983	PROTEIN
g15203.t1	g15203.t1	542	PROTEIN
g15204.t1	g15204.t1	165	PROTEIN
g15205.t1	g15205.t1	299	PROTEIN
g15206.t1	g15206.t1	298	PROTEIN
g15207.t1	g15207.t1	383	PROTEIN
g15208.t1	g15208.t1	481	PROTEIN
g15209.t1	g15209.t1	480	PROTEIN
g15210.t1	g15210.t1	140	PROTEIN
g15211.t1	g15211.t1	403	PROTEIN
g15212.t1	g15212.t1	245	PROTEIN
g15213.t1	g15213.t1	364	PROTEIN
g15214.t2	g15214.t2	1610	PROTEIN
g15215.t1	g15215.t1	193	PROTEIN
g15216.t1	g15216.t1	176	PROTEIN
g15217.t1	g15217.t1	297	PROTEIN
g15218.t1	g15218.t1	220	PROTEIN
g15219.t1	g15219.t1	114	PROTEIN
g15220.t1	g15220.t1	263	PROTEIN
g15221.t1	g15221.t1	183	PROTEIN
g15222.t1	g15222.t1	315	PROTEIN
g15223.t1	g15223.t1	1553	PROTEIN
g15224.t1	g15224.t1	468	PROTEIN
g15225.t1	g15225.t1	122	PROTEIN
g15226.t1	g15226.t1	400	PROTEIN
g15227.t1	g15227.t1	112	PROTEIN
g15228.t1	g15228.t1	150	PROTEIN
g15229.t1	g15229.t1	117	PROTEIN
g15230.t1	g15230.t1	161	PROTEIN
g15231.t1	g15231.t1	144	PROTEIN
g15232.t1	g15232.t1	106	PROTEIN
g15233.t1	g15233.t1	119	PROTEIN
g15234.t1	g15234.t1	272	PROTEIN
g15235.t1	g15235.t1	213	PROTEIN
g15236.t1	g15236.t1	408	PROTEIN
g15237.t1	g15237.t1	254	PROTEIN
g15238.t1	g15238.t1	223	PROTEIN
g15239.t1	g15239.t1	132	PROTEIN
g15240.t1	g15240.t1	120	PROTEIN
g15241.t1	g15241.t1	86	PROTEIN
g15242.t1	g15242.t1	220	PROTEIN
g15243.t1	g15243.t1	193	PROTEIN
g15244.t1	g15244.t1	678	PROTEIN
g15245.t1	g15245.t1	496	PROTEIN
g15246.t1	g15246.t1	1368	PROTEIN
g15247.t1	g15247.t1	87	PROTEIN
g15248.t1	g15248.t1	80	PROTEIN
g15249.t1	g15249.t1	217	PROTEIN
g15250.t1	g15250.t1	326	PROTEIN
g15251.t1	g15251.t1	235	PROTEIN
g15252.t1	g15252.t1	305	PROTEIN
g15253.t1	g15253.t1	87	PROTEIN
g15254.t1	g15254.t1	468	PROTEIN
g15255.t1	g15255.t1	810	PROTEIN
g15256.t1	g15256.t1	303	PROTEIN
g15257.t1	g15257.t1	241	PROTEIN
g15258.t1	g15258.t1	173	PROTEIN
g15259.t1	g15259.t1	78	PROTEIN
g15260.t1	g15260.t1	110	PROTEIN
g15261.t1	g15261.t1	107	PROTEIN
g15262.t1	g15262.t1	157	PROTEIN
g15263.t1	g15263.t1	96	PROTEIN
g15264.t1	g15264.t1	122	PROTEIN
g15265.t1	g15265.t1	537	PROTEIN
g15266.t1	g15266.t1	17	PROTEIN
g15267.t1	g15267.t1	291	PROTEIN
g15268.t1	g15268.t1	184	PROTEIN
g15269.t1	g15269.t1	85	PROTEIN
g15270.t1	g15270.t1	443	PROTEIN
g15271.t1	g15271.t1	174	PROTEIN
g15272.t1	g15272.t1	2440	PROTEIN
g15273.t1	g15273.t1	73	PROTEIN
g15274.t1	g15274.t1	127	PROTEIN
g15275.t1	g15275.t1	188	PROTEIN
g15276.t1	g15276.t1	135	PROTEIN
g15277.t1	g15277.t1	42	PROTEIN
g15278.t1	g15278.t1	393	PROTEIN
g15279.t1	g15279.t1	76	PROTEIN
g15280.t1	g15280.t1	81	PROTEIN
g15281.t1	g15281.t1	181	PROTEIN
g15282.t1	g15282.t1	2293	PROTEIN
g15283.t1	g15283.t1	1115	PROTEIN
g15284.t1	g15284.t1	50	PROTEIN
g15285.t1	g15285.t1	827	PROTEIN
g15286.t1	g15286.t1	89	PROTEIN
g15287.t1	g15287.t1	1472	PROTEIN
g15288.t1	g15288.t1	87	PROTEIN
g15289.t1	g15289.t1	85	PROTEIN
g15290.t1	g15290.t1	88	PROTEIN
g15291.t1	g15291.t1	122	PROTEIN
g15292.t1	g15292.t1	467	PROTEIN
g15293.t1	g15293.t1	74	PROTEIN
g15294.t1	g15294.t1	168	PROTEIN
g15295.t1	g15295.t1	126	PROTEIN
g15296.t1	g15296.t1	117	PROTEIN
g15297.t1	g15297.t1	105	PROTEIN
g15298.t1	g15298.t1	367	PROTEIN
g15299.t1	g15299.t1	463	PROTEIN
g15300.t3	g15300.t3	530	PROTEIN
g15301.t1	g15301.t1	86	PROTEIN
g15302.t1	g15302.t1	161	PROTEIN
g15303.t1	g15303.t1	485	PROTEIN
g15304.t1	g15304.t1	118	PROTEIN
g15305.t1	g15305.t1	155	PROTEIN
g15306.t1	g15306.t1	125	PROTEIN
g15307.t1	g15307.t1	462	PROTEIN
g15308.t1	g15308.t1	142	PROTEIN
g15309.t1	g15309.t1	43	PROTEIN
g15310.t1	g15310.t1	185	PROTEIN
g15311.t1	g15311.t1	107	PROTEIN
g15312.t1	g15312.t1	654	PROTEIN
g15313.t1	g15313.t1	629	PROTEIN
g15314.t1	g15314.t1	125	PROTEIN
g15315.t1	g15315.t1	438	PROTEIN
g15316.t1	g15316.t1	92	PROTEIN
g15317.t1	g15317.t1	697	PROTEIN
g15318.t1	g15318.t1	199	PROTEIN
g15319.t1	g15319.t1	294	PROTEIN
g15320.t1	g15320.t1	169	PROTEIN
g15321.t1	g15321.t1	91	PROTEIN
g15322.t1	g15322.t1	117	PROTEIN
g15323.t1	g15323.t1	474	PROTEIN
g15324.t1	g15324.t1	235	PROTEIN
g15325.t1	g15325.t1	514	PROTEIN
g15326.t1	g15326.t1	117	PROTEIN
g15327.t1	g15327.t1	87	PROTEIN
g15328.t1	g15328.t1	629	PROTEIN
g15329.t2	g15329.t2	890	PROTEIN
g15330.t1	g15330.t1	140	PROTEIN
g15331.t1	g15331.t1	1123	PROTEIN
g15332.t1	g15332.t1	376	PROTEIN
g15333.t1	g15333.t1	146	PROTEIN
g15334.t1	g15334.t1	232	PROTEIN
g15335.t2	g15335.t2	488	PROTEIN
g15336.t1	g15336.t1	178	PROTEIN
g15337.t1	g15337.t1	223	PROTEIN
g15338.t1	g15338.t1	230	PROTEIN
g15339.t1	g15339.t1	175	PROTEIN
g15340.t1	g15340.t1	181	PROTEIN
g15341.t1	g15341.t1	248	PROTEIN
g15342.t1	g15342.t1	252	PROTEIN
g15343.t1	g15343.t1	664	PROTEIN
g15344.t1	g15344.t1	67	PROTEIN
g15345.t1	g15345.t1	109	PROTEIN
g15346.t1	g15346.t1	135	PROTEIN
g15347.t1	g15347.t1	134	PROTEIN
g15348.t1	g15348.t1	169	PROTEIN
g15349.t1	g15349.t1	74	PROTEIN
g15350.t1	g15350.t1	137	PROTEIN
g15351.t1	g15351.t1	114	PROTEIN
g15352.t1	g15352.t1	129	PROTEIN
g15353.t1	g15353.t1	72	PROTEIN
g15354.t1	g15354.t1	45	PROTEIN
g15355.t1	g15355.t1	104	PROTEIN
g15356.t1	g15356.t1	109	PROTEIN
g15357.t1	g15357.t1	133	PROTEIN
g15358.t1	g15358.t1	109	PROTEIN
g15359.t1	g15359.t1	89	PROTEIN
g15360.t1	g15360.t1	110	PROTEIN
g15361.t1	g15361.t1	1111	PROTEIN
g15362.t1	g15362.t1	190	PROTEIN
g15363.t1	g15363.t1	219	PROTEIN
g15364.t2	g15364.t2	103	PROTEIN
g15365.t1	g15365.t1	112	PROTEIN
g15366.t1	g15366.t1	339	PROTEIN
g15367.t1	g15367.t1	192	PROTEIN
g15368.t1	g15368.t1	712	PROTEIN
g15369.t1	g15369.t1	350	PROTEIN
g15370.t1	g15370.t1	512	PROTEIN
g15371.t1	g15371.t1	158	PROTEIN
g15372.t1	g15372.t1	141	PROTEIN
g15373.t1	g15373.t1	418	PROTEIN
g15374.t1	g15374.t1	453	PROTEIN
g15375.t1	g15375.t1	1022	PROTEIN
g15376.t2	g15376.t2	1451	PROTEIN
g15377.t1	g15377.t1	186	PROTEIN
g15378.t1	g15378.t1	265	PROTEIN
g15379.t1	g15379.t1	87	PROTEIN
g15380.t1	g15380.t1	259	PROTEIN
g15381.t1	g15381.t1	259	PROTEIN
g15382.t1	g15382.t1	51	PROTEIN
g15383.t1	g15383.t1	102	PROTEIN
g15384.t1	g15384.t1	114	PROTEIN
g15385.t1	g15385.t1	434	PROTEIN
g15386.t1	g15386.t1	418	PROTEIN
g15387.t1	g15387.t1	395	PROTEIN
g15388.t1	g15388.t1	82	PROTEIN
g15389.t1	g15389.t1	245	PROTEIN
g15390.t1	g15390.t1	315	PROTEIN
g15391.t1	g15391.t1	247	PROTEIN
g15392.t3	g15392.t3	1817	PROTEIN
g15393.t1	g15393.t1	180	PROTEIN
g15394.t1	g15394.t1	774	PROTEIN
g15395.t1	g15395.t1	78	PROTEIN
g15396.t1	g15396.t1	873	PROTEIN
g15397.t1	g15397.t1	178	PROTEIN
g15398.t1	g15398.t1	340	PROTEIN
g15399.t1	g15399.t1	41	PROTEIN
g15400.t1	g15400.t1	410	PROTEIN
g15401.t1	g15401.t1	127	PROTEIN
g15402.t1	g15402.t1	380	PROTEIN
g15403.t1	g15403.t1	385	PROTEIN
g15404.t1	g15404.t1	414	PROTEIN
g15405.t1	g15405.t1	89	PROTEIN
g15406.t1	g15406.t1	723	PROTEIN
g15407.t1	g15407.t1	550	PROTEIN
g15408.t1	g15408.t1	506	PROTEIN
g15409.t1	g15409.t1	284	PROTEIN
g15410.t1	g15410.t1	194	PROTEIN
g15411.t1	g15411.t1	106	PROTEIN
g15412.t1	g15412.t1	78	PROTEIN
g15413.t1	g15413.t1	691	PROTEIN
g15414.t1	g15414.t1	77	PROTEIN
g15415.t1	g15415.t1	444	PROTEIN
g15416.t1	g15416.t1	501	PROTEIN
g15417.t1	g15417.t1	175	PROTEIN
g15418.t1	g15418.t1	431	PROTEIN
g15419.t1	g15419.t1	572	PROTEIN
g15420.t1	g15420.t1	136	PROTEIN
g15421.t1	g15421.t1	137	PROTEIN
g15422.t1	g15422.t1	335	PROTEIN
g15423.t1	g15423.t1	156	PROTEIN
g15424.t1	g15424.t1	509	PROTEIN
g15425.t1	g15425.t1	301	PROTEIN
g15426.t1	g15426.t1	868	PROTEIN
g15427.t1	g15427.t1	296	PROTEIN
g15428.t1	g15428.t1	938	PROTEIN
g15429.t1	g15429.t1	107	PROTEIN
g15430.t1	g15430.t1	101	PROTEIN
g15431.t1	g15431.t1	253	PROTEIN
g15432.t1	g15432.t1	100	PROTEIN
g15433.t1	g15433.t1	105	PROTEIN
g15434.t1	g15434.t1	797	PROTEIN
g15435.t1	g15435.t1	291	PROTEIN
g15436.t1	g15436.t1	487	PROTEIN
g15437.t1	g15437.t1	190	PROTEIN
g15438.t1	g15438.t1	380	PROTEIN
g15439.t1	g15439.t1	93	PROTEIN
g15440.t1	g15440.t1	102	PROTEIN
g15441.t2	g15441.t2	546	PROTEIN
g15442.t1	g15442.t1	285	PROTEIN
g15443.t1	g15443.t1	271	PROTEIN
g15444.t1	g15444.t1	87	PROTEIN
g15445.t3	g15445.t3	247	PROTEIN
g15446.t1	g15446.t1	106	PROTEIN
g15447.t1	g15447.t1	373	PROTEIN
g15448.t1	g15448.t1	231	PROTEIN
g15449.t1	g15449.t1	304	PROTEIN
g15450.t1	g15450.t1	1442	PROTEIN
g15451.t1	g15451.t1	122	PROTEIN
g15452.t1	g15452.t1	176	PROTEIN
g15453.t1	g15453.t1	346	PROTEIN
g15454.t1	g15454.t1	562	PROTEIN
g15455.t2	g15455.t2	302	PROTEIN
g15456.t1	g15456.t1	200	PROTEIN
g15457.t1	g15457.t1	139	PROTEIN
g15458.t1	g15458.t1	125	PROTEIN
g15459.t1	g15459.t1	118	PROTEIN
g15460.t1	g15460.t1	219	PROTEIN
g15461.t1	g15461.t1	91	PROTEIN
g15462.t1	g15462.t1	101	PROTEIN
g15463.t1	g15463.t1	302	PROTEIN
g15464.t1	g15464.t1	133	PROTEIN
g15465.t1	g15465.t1	288	PROTEIN
g15466.t1	g15466.t1	128	PROTEIN
g15467.t1	g15467.t1	106	PROTEIN
g15468.t1	g15468.t1	69	PROTEIN
g15469.t1	g15469.t1	79	PROTEIN
g15470.t1	g15470.t1	131	PROTEIN
g15471.t1	g15471.t1	84	PROTEIN
g15472.t1	g15472.t1	117	PROTEIN
g15473.t1	g15473.t1	220	PROTEIN
g15474.t1	g15474.t1	97	PROTEIN
g15475.t1	g15475.t1	370	PROTEIN
g15476.t1	g15476.t1	73	PROTEIN
g15477.t1	g15477.t1	202	PROTEIN
g15478.t1	g15478.t1	118	PROTEIN
g15479.t1	g15479.t1	162	PROTEIN
g15480.t1	g15480.t1	247	PROTEIN
g15481.t1	g15481.t1	73	PROTEIN
g15482.t1	g15482.t1	280	PROTEIN
g15483.t1	g15483.t1	564	PROTEIN
g15484.t1	g15484.t1	561	PROTEIN
g15485.t1	g15485.t1	564	PROTEIN
g15486.t1	g15486.t1	89	PROTEIN
g15487.t1	g15487.t1	514	PROTEIN
g15488.t1	g15488.t1	85	PROTEIN
g15489.t1	g15489.t1	103	PROTEIN
g15490.t1	g15490.t1	547	PROTEIN
g15491.t1	g15491.t1	117	PROTEIN
g15492.t1	g15492.t1	140	PROTEIN
g15493.t1	g15493.t1	154	PROTEIN
g15494.t1	g15494.t1	112	PROTEIN
g15495.t1	g15495.t1	86	PROTEIN
g15496.t1	g15496.t1	899	PROTEIN
g15497.t2	g15497.t2	212	PROTEIN
g15498.t1	g15498.t1	759	PROTEIN
g15499.t1	g15499.t1	137	PROTEIN
g15500.t1	g15500.t1	217	PROTEIN
g15501.t1	g15501.t1	249	PROTEIN
g15502.t1	g15502.t1	171	PROTEIN
g15503.t1	g15503.t1	302	PROTEIN
g15504.t1	g15504.t1	193	PROTEIN
g15505.t1	g15505.t1	727	PROTEIN
g15506.t1	g15506.t1	592	PROTEIN
g15507.t1	g15507.t1	120	PROTEIN
g15508.t1	g15508.t1	433	PROTEIN
g15509.t1	g15509.t1	570	PROTEIN
g15510.t1	g15510.t1	648	PROTEIN
g15511.t1	g15511.t1	285	PROTEIN
g15512.t1	g15512.t1	80	PROTEIN
g15513.t1	g15513.t1	887	PROTEIN
g15514.t1	g15514.t1	102	PROTEIN
g15515.t1	g15515.t1	306	PROTEIN
g15516.t1	g15516.t1	77	PROTEIN
g15517.t1	g15517.t1	383	PROTEIN
g15518.t1	g15518.t1	83	PROTEIN
g15519.t1	g15519.t1	2214	PROTEIN
g15520.t1	g15520.t1	149	PROTEIN
g15521.t1	g15521.t1	194	PROTEIN
g15522.t1	g15522.t1	278	PROTEIN
g15523.t1	g15523.t1	892	PROTEIN
g15524.t1	g15524.t1	111	PROTEIN
g15525.t1	g15525.t1	583	PROTEIN
g15526.t1	g15526.t1	856	PROTEIN
g15527.t2	g15527.t2	177	PROTEIN
g15528.t1	g15528.t1	293	PROTEIN
g15529.t1	g15529.t1	105	PROTEIN
g15530.t1	g15530.t1	366	PROTEIN
g15531.t1	g15531.t1	113	PROTEIN
g15532.t1	g15532.t1	90	PROTEIN
g15533.t1	g15533.t1	258	PROTEIN
g15534.t1	g15534.t1	369	PROTEIN
g15535.t1	g15535.t1	72	PROTEIN
g15536.t1	g15536.t1	90	PROTEIN
g15537.t1	g15537.t1	285	PROTEIN
g15538.t1	g15538.t1	245	PROTEIN
g15539.t1	g15539.t1	85	PROTEIN
g15540.t1	g15540.t1	491	PROTEIN
g15541.t1	g15541.t1	276	PROTEIN
g15542.t1	g15542.t1	306	PROTEIN
g15543.t1	g15543.t1	94	PROTEIN
g15544.t1	g15544.t1	619	PROTEIN
g15545.t1	g15545.t1	101	PROTEIN
g15546.t1	g15546.t1	70	PROTEIN
g15547.t1	g15547.t1	180	PROTEIN
g15548.t1	g15548.t1	366	PROTEIN
g15549.t1	g15549.t1	250	PROTEIN
g15550.t1	g15550.t1	228	PROTEIN
g15551.t1	g15551.t1	174	PROTEIN
g15552.t1	g15552.t1	421	PROTEIN
g15553.t1	g15553.t1	202	PROTEIN
g15554.t2	g15554.t2	432	PROTEIN
g15555.t1	g15555.t1	759	PROTEIN
g15556.t1	g15556.t1	374	PROTEIN
g15557.t1	g15557.t1	392	PROTEIN
g15558.t1	g15558.t1	352	PROTEIN
g15559.t1	g15559.t1	341	PROTEIN
g15560.t1	g15560.t1	307	PROTEIN
g15561.t1	g15561.t1	319	PROTEIN
g15562.t1	g15562.t1	237	PROTEIN
g15563.t1	g15563.t1	430	PROTEIN
g15564.t1	g15564.t1	430	PROTEIN
g15565.t1	g15565.t1	442	PROTEIN
g15566.t1	g15566.t1	414	PROTEIN
g15567.t1	g15567.t1	456	PROTEIN
g15568.t1	g15568.t1	220	PROTEIN
g15569.t1	g15569.t1	97	PROTEIN
g15570.t1	g15570.t1	61	PROTEIN
g15571.t1	g15571.t1	100	PROTEIN
g15572.t1	g15572.t1	120	PROTEIN
g15573.t1	g15573.t1	349	PROTEIN
g15574.t1	g15574.t1	403	PROTEIN
g15575.t1	g15575.t1	356	PROTEIN
g15576.t1	g15576.t1	110	PROTEIN
g15577.t1	g15577.t1	276	PROTEIN
g15578.t1	g15578.t1	109	PROTEIN
g15579.t1	g15579.t1	212	PROTEIN
g15580.t1	g15580.t1	535	PROTEIN
g15581.t1	g15581.t1	704	PROTEIN
g15582.t1	g15582.t1	245	PROTEIN
g15583.t1	g15583.t1	221	PROTEIN
g15584.t1	g15584.t1	129	PROTEIN
g15585.t1	g15585.t1	146	PROTEIN
g15586.t1	g15586.t1	1753	PROTEIN
g15587.t1	g15587.t1	68	PROTEIN
g15588.t1	g15588.t1	43	PROTEIN
g15589.t1	g15589.t1	215	PROTEIN
g15590.t1	g15590.t1	99	PROTEIN
g15591.t1	g15591.t1	108	PROTEIN
g15592.t1	g15592.t1	131	PROTEIN
g15593.t1	g15593.t1	396	PROTEIN
g15594.t1	g15594.t1	962	PROTEIN
g15595.t1	g15595.t1	528	PROTEIN
g15596.t1	g15596.t1	751	PROTEIN
g15597.t1	g15597.t1	280	PROTEIN
g15598.t1	g15598.t1	347	PROTEIN
g15599.t1	g15599.t1	688	PROTEIN
g15600.t2	g15600.t2	172	PROTEIN
g15601.t1	g15601.t1	377	PROTEIN
g15602.t1	g15602.t1	446	PROTEIN
g15603.t1	g15603.t1	322	PROTEIN
g15604.t1	g15604.t1	485	PROTEIN
g15605.t1	g15605.t1	157	PROTEIN
g15606.t1	g15606.t1	64	PROTEIN
g15607.t1	g15607.t1	115	PROTEIN
g15608.t1	g15608.t1	548	PROTEIN
g15609.t1	g15609.t1	136	PROTEIN
g15610.t1	g15610.t1	736	PROTEIN
g15611.t1	g15611.t1	76	PROTEIN
g15612.t1	g15612.t1	110	PROTEIN
g15613.t1	g15613.t1	151	PROTEIN
g15614.t1	g15614.t1	129	PROTEIN
g15615.t1	g15615.t1	202	PROTEIN
g15616.t1	g15616.t1	123	PROTEIN
g15617.t1	g15617.t1	125	PROTEIN
g15618.t1	g15618.t1	83	PROTEIN
g15619.t1	g15619.t1	114	PROTEIN
g15620.t2	g15620.t2	1255	PROTEIN
g15621.t1	g15621.t1	346	PROTEIN
g15622.t1	g15622.t1	265	PROTEIN
g15623.t1	g15623.t1	497	PROTEIN
g15624.t1	g15624.t1	135	PROTEIN
g15625.t1	g15625.t1	279	PROTEIN
g15626.t1	g15626.t1	627	PROTEIN
g15627.t1	g15627.t1	1259	PROTEIN
g15628.t1	g15628.t1	210	PROTEIN
g15629.t1	g15629.t1	113	PROTEIN
g15630.t1	g15630.t1	418	PROTEIN
g15631.t1	g15631.t1	89	PROTEIN
g15632.t1	g15632.t1	1972	PROTEIN
g15633.t1	g15633.t1	534	PROTEIN
g15634.t1	g15634.t1	587	PROTEIN
g15635.t1	g15635.t1	105	PROTEIN
g15636.t1	g15636.t1	167	PROTEIN
g15637.t1	g15637.t1	204	PROTEIN
g15638.t1	g15638.t1	221	PROTEIN
g15639.t1	g15639.t1	284	PROTEIN
g15640.t1	g15640.t1	121	PROTEIN
g15641.t1	g15641.t1	516	PROTEIN
g15642.t1	g15642.t1	262	PROTEIN
g15643.t1	g15643.t1	254	PROTEIN
g15644.t1	g15644.t1	259	PROTEIN
g15645.t1	g15645.t1	253	PROTEIN
g15646.t1	g15646.t1	44	PROTEIN
g15647.t1	g15647.t1	108	PROTEIN
g15648.t1	g15648.t1	879	PROTEIN
g15649.t1	g15649.t1	82	PROTEIN
g15650.t1	g15650.t1	810	PROTEIN
g15651.t1	g15651.t1	73	PROTEIN
g15652.t1	g15652.t1	128	PROTEIN
g15653.t1	g15653.t1	171	PROTEIN
g15654.t1	g15654.t1	358	PROTEIN
g15655.t1	g15655.t1	128	PROTEIN
g15656.t1	g15656.t1	160	PROTEIN
g15657.t1	g15657.t1	1521	PROTEIN
g15658.t1	g15658.t1	87	PROTEIN
g15659.t1	g15659.t1	184	PROTEIN
g15660.t1	g15660.t1	107	PROTEIN
g15661.t1	g15661.t1	67	PROTEIN
g15662.t1	g15662.t1	1264	PROTEIN
g15663.t1	g15663.t1	46	PROTEIN
g15664.t1	g15664.t1	369	PROTEIN
g15665.t2	g15665.t2	404	PROTEIN
g15666.t1	g15666.t1	167	PROTEIN
g15667.t1	g15667.t1	100	PROTEIN
g15668.t1	g15668.t1	264	PROTEIN
g15669.t1	g15669.t1	115	PROTEIN
g15670.t1	g15670.t1	626	PROTEIN
g15671.t1	g15671.t1	376	PROTEIN
g15672.t1	g15672.t1	71	PROTEIN
g15673.t1	g15673.t1	116	PROTEIN
g15674.t1	g15674.t1	1233	PROTEIN
g15675.t1	g15675.t1	409	PROTEIN
g15676.t1	g15676.t1	99	PROTEIN
g15677.t1	g15677.t1	617	PROTEIN
g15678.t1	g15678.t1	221	PROTEIN
g15679.t1	g15679.t1	102	PROTEIN
g15680.t1	g15680.t1	283	PROTEIN
g15681.t1	g15681.t1	243	PROTEIN
g15682.t1	g15682.t1	439	PROTEIN
g15683.t1	g15683.t1	78	PROTEIN
g15684.t1	g15684.t1	611	PROTEIN
g15685.t1	g15685.t1	85	PROTEIN
g15686.t1	g15686.t1	87	PROTEIN
g15687.t1	g15687.t1	594	PROTEIN
g15688.t1	g15688.t1	132	PROTEIN
g15689.t1	g15689.t1	204	PROTEIN
g15690.t1	g15690.t1	148	PROTEIN
g15691.t1	g15691.t1	99	PROTEIN
g15692.t1	g15692.t1	201	PROTEIN
g15693.t1	g15693.t1	152	PROTEIN
g15694.t1	g15694.t1	153	PROTEIN
g15695.t1	g15695.t1	86	PROTEIN
g15696.t1	g15696.t1	84	PROTEIN
g15697.t1	g15697.t1	168	PROTEIN
g15698.t1	g15698.t1	55	PROTEIN
g15699.t1	g15699.t1	99	PROTEIN
g15700.t1	g15700.t1	99	PROTEIN
g15701.t1	g15701.t1	89	PROTEIN
g15702.t1	g15702.t1	380	PROTEIN
g15703.t1	g15703.t1	259	PROTEIN
g15704.t1	g15704.t1	155	PROTEIN
g15705.t2	g15705.t2	278	PROTEIN
g15706.t1	g15706.t1	184	PROTEIN
g15707.t1	g15707.t1	377	PROTEIN
g15708.t1	g15708.t1	85	PROTEIN
g15709.t1	g15709.t1	288	PROTEIN
g15710.t2	g15710.t2	492	PROTEIN
g15711.t1	g15711.t1	252	PROTEIN
g15712.t1	g15712.t1	489	PROTEIN
g15713.t1	g15713.t1	135	PROTEIN
g15714.t1	g15714.t1	108	PROTEIN
g15715.t1	g15715.t1	263	PROTEIN
g15716.t1	g15716.t1	372	PROTEIN
g15717.t1	g15717.t1	743	PROTEIN
g15718.t1	g15718.t1	718	PROTEIN
g15719.t1	g15719.t1	283	PROTEIN
g15720.t1	g15720.t1	214	PROTEIN
g15721.t1	g15721.t1	294	PROTEIN
g15722.t1	g15722.t1	244	PROTEIN
g15723.t1	g15723.t1	264	PROTEIN
g15724.t1	g15724.t1	227	PROTEIN
g15725.t1	g15725.t1	329	PROTEIN
g15726.t1	g15726.t1	166	PROTEIN
g15727.t1	g15727.t1	465	PROTEIN
g15728.t1	g15728.t1	81	PROTEIN
g15729.t1	g15729.t1	168	PROTEIN
g15730.t1	g15730.t1	414	PROTEIN
g15731.t1	g15731.t1	134	PROTEIN
g15732.t1	g15732.t1	606	PROTEIN
g15733.t1	g15733.t1	260	PROTEIN
g15734.t1	g15734.t1	255	PROTEIN
g15735.t1	g15735.t1	78	PROTEIN
g15736.t1	g15736.t1	294	PROTEIN
g15737.t1	g15737.t1	582	PROTEIN
g15738.t1	g15738.t1	241	PROTEIN
g15739.t1	g15739.t1	104	PROTEIN
g15740.t1	g15740.t1	105	PROTEIN
g15741.t1	g15741.t1	560	PROTEIN
g15742.t1	g15742.t1	69	PROTEIN
g15743.t1	g15743.t1	398	PROTEIN
g15744.t1	g15744.t1	20	PROTEIN
g15745.t1	g15745.t1	95	PROTEIN
g15746.t1	g15746.t1	118	PROTEIN
g15747.t1	g15747.t1	296	PROTEIN
g15748.t1	g15748.t1	607	PROTEIN
g15749.t1	g15749.t1	595	PROTEIN
g15750.t1	g15750.t1	235	PROTEIN
g15751.t1	g15751.t1	167	PROTEIN
g15752.t1	g15752.t1	123	PROTEIN
g15753.t1	g15753.t1	74	PROTEIN
g15754.t1	g15754.t1	267	PROTEIN
g15755.t2	g15755.t2	135	PROTEIN
g15756.t1	g15756.t1	88	PROTEIN
g15757.t1	g15757.t1	475	PROTEIN
g15758.t2	g15758.t2	826	PROTEIN
g15759.t1	g15759.t1	117	PROTEIN
g15760.t1	g15760.t1	266	PROTEIN
g15761.t1	g15761.t1	297	PROTEIN
g15762.t1	g15762.t1	160	PROTEIN
g15763.t1	g15763.t1	407	PROTEIN
g15764.t4	g15764.t4	2334	PROTEIN
g15765.t1	g15765.t1	1256	PROTEIN
g15766.t1	g15766.t1	622	PROTEIN
g15767.t1	g15767.t1	63	PROTEIN
g15768.t1	g15768.t1	76	PROTEIN
g15769.t1	g15769.t1	110	PROTEIN
g15770.t1	g15770.t1	83	PROTEIN
g15771.t1	g15771.t1	79	PROTEIN
g15772.t1	g15772.t1	378	PROTEIN
g15773.t1	g15773.t1	75	PROTEIN
g15774.t1	g15774.t1	73	PROTEIN
g15775.t1	g15775.t1	129	PROTEIN
g15776.t1	g15776.t1	112	PROTEIN
g15777.t1	g15777.t1	67	PROTEIN
g15778.t1	g15778.t1	206	PROTEIN
g15779.t1	g15779.t1	216	PROTEIN
g15780.t1	g15780.t1	216	PROTEIN
g15781.t1	g15781.t1	236	PROTEIN
g15782.t1	g15782.t1	318	PROTEIN
g15783.t1	g15783.t1	78	PROTEIN
g15784.t1	g15784.t1	404	PROTEIN
g15785.t1	g15785.t1	180	PROTEIN
g15786.t1	g15786.t1	145	PROTEIN
g15787.t1	g15787.t1	66	PROTEIN
g15788.t1	g15788.t1	129	PROTEIN
g15789.t1	g15789.t1	152	PROTEIN
g15790.t1	g15790.t1	87	PROTEIN
g15791.t1	g15791.t1	244	PROTEIN
g15792.t1	g15792.t1	118	PROTEIN
g15793.t1	g15793.t1	233	PROTEIN
g15794.t1	g15794.t1	154	PROTEIN
g15795.t1	g15795.t1	120	PROTEIN
g15796.t1	g15796.t1	114	PROTEIN
g15797.t1	g15797.t1	97	PROTEIN
g15798.t1	g15798.t1	173	PROTEIN
g15799.t1	g15799.t1	620	PROTEIN
g15800.t1	g15800.t1	456	PROTEIN
g15801.t1	g15801.t1	461	PROTEIN
g15802.t1	g15802.t1	551	PROTEIN
g15803.t1	g15803.t1	80	PROTEIN
g15804.t1	g15804.t1	172	PROTEIN
g15805.t1	g15805.t1	536	PROTEIN
g15806.t1	g15806.t1	142	PROTEIN
g15807.t1	g15807.t1	133	PROTEIN
g15808.t1	g15808.t1	409	PROTEIN
g15809.t1	g15809.t1	815	PROTEIN
g15810.t1	g15810.t1	713	PROTEIN
g15811.t1	g15811.t1	270	PROTEIN
g15812.t1	g15812.t1	69	PROTEIN
g15813.t1	g15813.t1	723	PROTEIN
g15814.t1	g15814.t1	124	PROTEIN
g15815.t1	g15815.t1	411	PROTEIN
g15816.t1	g15816.t1	298	PROTEIN
g15817.t1	g15817.t1	102	PROTEIN
g15818.t1	g15818.t1	57	PROTEIN
g15819.t1	g15819.t1	182	PROTEIN
g15820.t1	g15820.t1	100	PROTEIN
g15821.t1	g15821.t1	93	PROTEIN
g15822.t1	g15822.t1	1057	PROTEIN
g15823.t2	g15823.t2	864	PROTEIN
g15824.t1	g15824.t1	275	PROTEIN
g15825.t1	g15825.t1	739	PROTEIN
g15826.t1	g15826.t1	139	PROTEIN
g15827.t1	g15827.t1	74	PROTEIN
g15828.t1	g15828.t1	292	PROTEIN
g15829.t1	g15829.t1	614	PROTEIN
g15830.t1	g15830.t1	749	PROTEIN
g15831.t1	g15831.t1	115	PROTEIN
g15832.t1	g15832.t1	554	PROTEIN
g15833.t1	g15833.t1	605	PROTEIN
g15834.t1	g15834.t1	232	PROTEIN
g15835.t1	g15835.t1	107	PROTEIN
g15836.t1	g15836.t1	97	PROTEIN
g15837.t1	g15837.t1	87	PROTEIN
g15838.t2	g15838.t2	135	PROTEIN
g15839.t1	g15839.t1	104	PROTEIN
g15840.t1	g15840.t1	612	PROTEIN
g15841.t1	g15841.t1	317	PROTEIN
g15842.t1	g15842.t1	271	PROTEIN
g15843.t1	g15843.t1	287	PROTEIN
g15844.t1	g15844.t1	172	PROTEIN
g15845.t1	g15845.t1	102	PROTEIN
g15846.t1	g15846.t1	309	PROTEIN
g15847.t1	g15847.t1	346	PROTEIN
g15848.t1	g15848.t1	422	PROTEIN
g15849.t1	g15849.t1	173	PROTEIN
g15850.t1	g15850.t1	520	PROTEIN
g15851.t1	g15851.t1	668	PROTEIN
g15852.t1	g15852.t1	188	PROTEIN
g15853.t1	g15853.t1	310	PROTEIN
g15854.t1	g15854.t1	123	PROTEIN
g15855.t1	g15855.t1	29	PROTEIN
g15856.t1	g15856.t1	228	PROTEIN
g15857.t1	g15857.t1	900	PROTEIN
g15858.t1	g15858.t1	412	PROTEIN
g15859.t1	g15859.t1	347	PROTEIN
g15860.t1	g15860.t1	212	PROTEIN
g15861.t1	g15861.t1	140	PROTEIN
g15862.t1	g15862.t1	140	PROTEIN
g15863.t1	g15863.t1	137	PROTEIN
g15864.t1	g15864.t1	324	PROTEIN
g15865.t1	g15865.t1	225	PROTEIN
g15866.t1	g15866.t1	337	PROTEIN
g15867.t1	g15867.t1	340	PROTEIN
g15868.t1	g15868.t1	238	PROTEIN
g15869.t1	g15869.t1	173	PROTEIN
g15870.t1	g15870.t1	381	PROTEIN
g15871.t1	g15871.t1	567	PROTEIN
g15872.t1	g15872.t1	465	PROTEIN
g15873.t1	g15873.t1	651	PROTEIN
g15874.t1	g15874.t1	338	PROTEIN
g15875.t1	g15875.t1	109	PROTEIN
g15876.t1	g15876.t1	86	PROTEIN
g15877.t1	g15877.t1	291	PROTEIN
g15878.t1	g15878.t1	330	PROTEIN
g15879.t1	g15879.t1	331	PROTEIN
g15880.t1	g15880.t1	344	PROTEIN
g15881.t1	g15881.t1	1514	PROTEIN
g15882.t1	g15882.t1	138	PROTEIN
g15883.t1	g15883.t1	162	PROTEIN
g15884.t1	g15884.t1	274	PROTEIN
g15885.t1	g15885.t1	119	PROTEIN
g15886.t1	g15886.t1	399	PROTEIN
g15887.t1	g15887.t1	258	PROTEIN
g15888.t1	g15888.t1	132	PROTEIN
g15889.t1	g15889.t1	88	PROTEIN
g15890.t1	g15890.t1	260	PROTEIN
g15891.t1	g15891.t1	392	PROTEIN
g15892.t2	g15892.t2	299	PROTEIN
g15893.t1	g15893.t1	76	PROTEIN
g15894.t1	g15894.t1	95	PROTEIN
g15895.t1	g15895.t1	184	PROTEIN
g15896.t1	g15896.t1	121	PROTEIN
g15897.t1	g15897.t1	289	PROTEIN
g15898.t1	g15898.t1	103	PROTEIN
g15899.t1	g15899.t1	108	PROTEIN
g15900.t1	g15900.t1	114	PROTEIN
g15901.t1	g15901.t1	120	PROTEIN
g15902.t1	g15902.t1	68	PROTEIN
g15903.t1	g15903.t1	99	PROTEIN
g15904.t1	g15904.t1	364	PROTEIN
g15905.t1	g15905.t1	96	PROTEIN
g15906.t1	g15906.t1	1085	PROTEIN
g15907.t1	g15907.t1	246	PROTEIN
g15908.t1	g15908.t1	105	PROTEIN
g15909.t4	g15909.t4	1144	PROTEIN
g15910.t1	g15910.t1	189	PROTEIN
g15911.t1	g15911.t1	623	PROTEIN
g15912.t1	g15912.t1	207	PROTEIN
g15913.t1	g15913.t1	181	PROTEIN
g15914.t1	g15914.t1	167	PROTEIN
g15915.t1	g15915.t1	117	PROTEIN
g15916.t1	g15916.t1	592	PROTEIN
g15917.t1	g15917.t1	105	PROTEIN
g15918.t1	g15918.t1	217	PROTEIN
g15919.t2	g15919.t2	1193	PROTEIN
g15920.t1	g15920.t1	235	PROTEIN
g15921.t1	g15921.t1	46	PROTEIN
g15922.t1	g15922.t1	528	PROTEIN
g15923.t1	g15923.t1	396	PROTEIN
g15924.t1	g15924.t1	445	PROTEIN
g15925.t1	g15925.t1	744	PROTEIN
g15926.t1	g15926.t1	111	PROTEIN
g15927.t1	g15927.t1	174	PROTEIN
g15928.t1	g15928.t1	103	PROTEIN
g15929.t1	g15929.t1	127	PROTEIN
g15930.t1	g15930.t1	129	PROTEIN
g15931.t1	g15931.t1	217	PROTEIN
g15932.t1	g15932.t1	263	PROTEIN
g15933.t1	g15933.t1	168	PROTEIN
g15934.t1	g15934.t1	113	PROTEIN
g15935.t1	g15935.t1	617	PROTEIN
g15936.t1	g15936.t1	114	PROTEIN
g15937.t1	g15937.t1	869	PROTEIN
g15938.t1	g15938.t1	181	PROTEIN
g15939.t1	g15939.t1	122	PROTEIN
g15940.t1	g15940.t1	475	PROTEIN
g15941.t1	g15941.t1	441	PROTEIN
g15942.t1	g15942.t1	165	PROTEIN
g15943.t1	g15943.t1	211	PROTEIN
g15944.t1	g15944.t1	95	PROTEIN
g15945.t1	g15945.t1	122	PROTEIN
g15946.t1	g15946.t1	96	PROTEIN
g15947.t1	g15947.t1	149	PROTEIN
g15948.t1	g15948.t1	83	PROTEIN
g15949.t1	g15949.t1	232	PROTEIN
g15950.t1	g15950.t1	66	PROTEIN
g15951.t1	g15951.t1	175	PROTEIN
g15952.t1	g15952.t1	105	PROTEIN
g15953.t1	g15953.t1	98	PROTEIN
g15954.t1	g15954.t1	836	PROTEIN
g15955.t1	g15955.t1	126	PROTEIN
g15956.t1	g15956.t1	355	PROTEIN
g15957.t1	g15957.t1	513	PROTEIN
g15958.t1	g15958.t1	632	PROTEIN
g15959.t1	g15959.t1	107	PROTEIN
g15960.t1	g15960.t1	429	PROTEIN
g15961.t1	g15961.t1	269	PROTEIN
g15962.t1	g15962.t1	697	PROTEIN
g15963.t1	g15963.t1	299	PROTEIN
g15964.t1	g15964.t1	93	PROTEIN
g15965.t1	g15965.t1	414	PROTEIN
g15966.t1	g15966.t1	429	PROTEIN
g15967.t1	g15967.t1	903	PROTEIN
g15968.t1	g15968.t1	255	PROTEIN
g15969.t1	g15969.t1	561	PROTEIN
g15970.t1	g15970.t1	551	PROTEIN
g15971.t1	g15971.t1	969	PROTEIN
g15972.t1	g15972.t1	526	PROTEIN
g15973.t1	g15973.t1	110	PROTEIN
g15974.t1	g15974.t1	105	PROTEIN
g15975.t1	g15975.t1	132	PROTEIN
g15976.t1	g15976.t1	92	PROTEIN
g15977.t1	g15977.t1	436	PROTEIN
g15978.t1	g15978.t1	181	PROTEIN
g15979.t1	g15979.t1	142	PROTEIN
g15980.t1	g15980.t1	373	PROTEIN
g15981.t1	g15981.t1	395	PROTEIN
g15982.t1	g15982.t1	122	PROTEIN
g15983.t1	g15983.t1	181	PROTEIN
g15984.t1	g15984.t1	176	PROTEIN
g15985.t2	g15985.t2	363	PROTEIN
g15986.t1	g15986.t1	121	PROTEIN
g15987.t1	g15987.t1	92	PROTEIN
g15988.t1	g15988.t1	108	PROTEIN
g15989.t1	g15989.t1	244	PROTEIN
g15990.t1	g15990.t1	75	PROTEIN
g15991.t2	g15991.t2	1183	PROTEIN
g15992.t2	g15992.t2	1642	PROTEIN
g15993.t1	g15993.t1	308	PROTEIN
g15994.t1	g15994.t1	208	PROTEIN
g15995.t1	g15995.t1	256	PROTEIN
g15996.t1	g15996.t1	106	PROTEIN
g15997.t1	g15997.t1	336	PROTEIN
g15998.t1	g15998.t1	135	PROTEIN
g15999.t1	g15999.t1	474	PROTEIN
g16000.t1	g16000.t1	77	PROTEIN
g16001.t1	g16001.t1	578	PROTEIN
g16002.t1	g16002.t1	1022	PROTEIN
g16003.t1	g16003.t1	89	PROTEIN
g16004.t1	g16004.t1	369	PROTEIN
g16005.t1	g16005.t1	135	PROTEIN
g16006.t1	g16006.t1	613	PROTEIN
g16007.t1	g16007.t1	94	PROTEIN
g16008.t1	g16008.t1	214	PROTEIN
g16009.t1	g16009.t1	110	PROTEIN
g16010.t1	g16010.t1	888	PROTEIN
g16011.t1	g16011.t1	218	PROTEIN
g16012.t1	g16012.t1	116	PROTEIN
g16013.t1	g16013.t1	99	PROTEIN
g16014.t1	g16014.t1	167	PROTEIN
g16015.t1	g16015.t1	261	PROTEIN
g16016.t1	g16016.t1	206	PROTEIN
g16017.t1	g16017.t1	888	PROTEIN
g16018.t1	g16018.t1	533	PROTEIN
g16019.t1	g16019.t1	233	PROTEIN
g16020.t1	g16020.t1	263	PROTEIN
g16021.t1	g16021.t1	325	PROTEIN
g16022.t1	g16022.t1	1111	PROTEIN
g16023.t1	g16023.t1	848	PROTEIN
g16024.t1	g16024.t1	124	PROTEIN
g16025.t1	g16025.t1	271	PROTEIN
g16026.t1	g16026.t1	84	PROTEIN
g16027.t1	g16027.t1	116	PROTEIN
g16028.t1	g16028.t1	470	PROTEIN
g16029.t1	g16029.t1	144	PROTEIN
g16030.t2	g16030.t2	389	PROTEIN
g16031.t1	g16031.t1	242	PROTEIN
g16032.t1	g16032.t1	84	PROTEIN
g16033.t1	g16033.t1	85	PROTEIN
g16034.t1	g16034.t1	149	PROTEIN
g16035.t1	g16035.t1	582	PROTEIN
g16036.t1	g16036.t1	419	PROTEIN
g16037.t1	g16037.t1	202	PROTEIN
g16038.t1	g16038.t1	165	PROTEIN
g16039.t1	g16039.t1	140	PROTEIN
g16040.t1	g16040.t1	169	PROTEIN
g16041.t1	g16041.t1	63	PROTEIN
g16042.t1	g16042.t1	68	PROTEIN
g16043.t1	g16043.t1	575	PROTEIN
g16044.t1	g16044.t1	509	PROTEIN
g16045.t1	g16045.t1	635	PROTEIN
g16046.t1	g16046.t1	177	PROTEIN
g16047.t1	g16047.t1	200	PROTEIN
g16048.t1	g16048.t1	141	PROTEIN
g16049.t1	g16049.t1	785	PROTEIN
g16050.t1	g16050.t1	306	PROTEIN
g16051.t1	g16051.t1	153	PROTEIN
g16052.t1	g16052.t1	478	PROTEIN
g16053.t1	g16053.t1	572	PROTEIN
g16054.t1	g16054.t1	569	PROTEIN
g16055.t1	g16055.t1	3467	PROTEIN
g16056.t1	g16056.t1	91	PROTEIN
g16057.t1	g16057.t1	382	PROTEIN
g16058.t1	g16058.t1	508	PROTEIN
g16059.t1	g16059.t1	138	PROTEIN
g16060.t1	g16060.t1	103	PROTEIN
g16061.t1	g16061.t1	305	PROTEIN
g16062.t1	g16062.t1	331	PROTEIN
g16063.t1	g16063.t1	984	PROTEIN
g16064.t1	g16064.t1	93	PROTEIN
g16065.t1	g16065.t1	1353	PROTEIN
g16066.t1	g16066.t1	89	PROTEIN
g16067.t1	g16067.t1	301	PROTEIN
g16068.t1	g16068.t1	101	PROTEIN
g16069.t1	g16069.t1	288	PROTEIN
g16070.t1	g16070.t1	303	PROTEIN
g16071.t1	g16071.t1	321	PROTEIN
g16072.t1	g16072.t1	575	PROTEIN
g16073.t1	g16073.t1	435	PROTEIN
g16074.t1	g16074.t1	320	PROTEIN
g16075.t1	g16075.t1	249	PROTEIN
g16076.t1	g16076.t1	302	PROTEIN
g16077.t1	g16077.t1	114	PROTEIN
g16078.t1	g16078.t1	84	PROTEIN
g16079.t1	g16079.t1	211	PROTEIN
g16080.t1	g16080.t1	276	PROTEIN
g16081.t1	g16081.t1	114	PROTEIN
g16082.t1	g16082.t1	117	PROTEIN
g16083.t1	g16083.t1	135	PROTEIN
g16084.t1	g16084.t1	290	PROTEIN
g16085.t1	g16085.t1	112	PROTEIN
g16086.t1	g16086.t1	509	PROTEIN
g16087.t1	g16087.t1	437	PROTEIN
g16088.t1	g16088.t1	266	PROTEIN
g16089.t1	g16089.t1	258	PROTEIN
g16090.t1	g16090.t1	193	PROTEIN
g16091.t1	g16091.t1	498	PROTEIN
g16092.t1	g16092.t1	143	PROTEIN
g16093.t1	g16093.t1	381	PROTEIN
g16094.t1	g16094.t1	97	PROTEIN
g16095.t1	g16095.t1	82	PROTEIN
g16096.t1	g16096.t1	183	PROTEIN
g16097.t1	g16097.t1	49	PROTEIN
g16098.t1	g16098.t1	584	PROTEIN
g16099.t1	g16099.t1	765	PROTEIN
g16100.t1	g16100.t1	169	PROTEIN
g16101.t1	g16101.t1	242	PROTEIN
g16102.t1	g16102.t1	72	PROTEIN
g16103.t1	g16103.t1	162	PROTEIN
g16104.t1	g16104.t1	270	PROTEIN
g16105.t1	g16105.t1	437	PROTEIN
g16106.t1	g16106.t1	580	PROTEIN
g16107.t1	g16107.t1	441	PROTEIN
g16108.t1	g16108.t1	68	PROTEIN
g16109.t1	g16109.t1	73	PROTEIN
g16110.t1	g16110.t1	159	PROTEIN
g16111.t1	g16111.t1	85	PROTEIN
g16112.t1	g16112.t1	610	PROTEIN
g16113.t2	g16113.t2	723	PROTEIN
g16114.t1	g16114.t1	254	PROTEIN
g16115.t1	g16115.t1	1030	PROTEIN
g16116.t1	g16116.t1	359	PROTEIN
g16117.t1	g16117.t1	140	PROTEIN
g16118.t1	g16118.t1	35	PROTEIN
g16119.t2	g16119.t2	466	PROTEIN
g16120.t1	g16120.t1	224	PROTEIN
g16121.t1	g16121.t1	391	PROTEIN
g16122.t1	g16122.t1	146	PROTEIN
g16123.t1	g16123.t1	92	PROTEIN
g16124.t1	g16124.t1	30	PROTEIN
g16125.t1	g16125.t1	389	PROTEIN
g16126.t1	g16126.t1	141	PROTEIN
g16127.t1	g16127.t1	2783	PROTEIN
g16128.t1	g16128.t1	655	PROTEIN
g16129.t1	g16129.t1	125	PROTEIN
g16130.t1	g16130.t1	766	PROTEIN
g16131.t1	g16131.t1	188	PROTEIN
g16132.t1	g16132.t1	194	PROTEIN
g16133.t1	g16133.t1	91	PROTEIN
g16134.t1	g16134.t1	68	PROTEIN
g16135.t1	g16135.t1	414	PROTEIN
g16136.t1	g16136.t1	476	PROTEIN
g16137.t1	g16137.t1	312	PROTEIN
g16138.t1	g16138.t1	259	PROTEIN
g16139.t1	g16139.t1	33	PROTEIN
g16140.t2	g16140.t2	583	PROTEIN
g16141.t1	g16141.t1	481	PROTEIN
g16142.t1	g16142.t1	177	PROTEIN
g16143.t1	g16143.t1	166	PROTEIN
g16144.t1	g16144.t1	188	PROTEIN
g16145.t1	g16145.t1	54	PROTEIN
g16146.t1	g16146.t1	54	PROTEIN
g16147.t1	g16147.t1	102	PROTEIN
g16148.t1	g16148.t1	513	PROTEIN
g16149.t1	g16149.t1	126	PROTEIN
g16150.t1	g16150.t1	551	PROTEIN
g16151.t1	g16151.t1	264	PROTEIN
g16152.t1	g16152.t1	109	PROTEIN
g16153.t1	g16153.t1	41	PROTEIN
g16154.t1	g16154.t1	643	PROTEIN
g16155.t1	g16155.t1	115	PROTEIN
g16156.t2	g16156.t2	872	PROTEIN
g16157.t1	g16157.t1	79	PROTEIN
g16158.t1	g16158.t1	422	PROTEIN
g16159.t1	g16159.t1	30	PROTEIN
g16160.t1	g16160.t1	290	PROTEIN
g16161.t1	g16161.t1	621	PROTEIN
g16162.t1	g16162.t1	145	PROTEIN
g16163.t1	g16163.t1	520	PROTEIN
g16164.t1	g16164.t1	195	PROTEIN
g16165.t1	g16165.t1	500	PROTEIN
g16166.t1	g16166.t1	475	PROTEIN
g16167.t1	g16167.t1	188	PROTEIN
g16168.t2	g16168.t2	644	PROTEIN
g16169.t1	g16169.t1	1111	PROTEIN
g16170.t1	g16170.t1	435	PROTEIN
g16171.t1	g16171.t1	81	PROTEIN
g16172.t1	g16172.t1	79	PROTEIN
g16173.t1	g16173.t1	104	PROTEIN
g16174.t1	g16174.t1	543	PROTEIN
g16175.t1	g16175.t1	86	PROTEIN
g16176.t5	g16176.t5	1185	PROTEIN
g16177.t1	g16177.t1	724	PROTEIN
g16178.t1	g16178.t1	130	PROTEIN
g16179.t1	g16179.t1	111	PROTEIN
g16180.t1	g16180.t1	301	PROTEIN
g16181.t2	g16181.t2	772	PROTEIN
g16182.t1	g16182.t1	104	PROTEIN
g16183.t1	g16183.t1	134	PROTEIN
g16184.t1	g16184.t1	429	PROTEIN
g16185.t1	g16185.t1	236	PROTEIN
g16186.t1	g16186.t1	259	PROTEIN
g16187.t1	g16187.t1	234	PROTEIN
g16188.t1	g16188.t1	234	PROTEIN
g16189.t1	g16189.t1	1070	PROTEIN
g16190.t1	g16190.t1	100	PROTEIN
g16191.t1	g16191.t1	955	PROTEIN
g16192.t1	g16192.t1	359	PROTEIN
g16193.t1	g16193.t1	150	PROTEIN
g16194.t1	g16194.t1	164	PROTEIN
g16195.t1	g16195.t1	92	PROTEIN
g16196.t1	g16196.t1	98	PROTEIN
g16197.t1	g16197.t1	149	PROTEIN
g16198.t1	g16198.t1	69	PROTEIN
g16199.t1	g16199.t1	225	PROTEIN
g16200.t2	g16200.t2	1773	PROTEIN
g16201.t1	g16201.t1	414	PROTEIN
g16202.t1	g16202.t1	1211	PROTEIN
g16203.t1	g16203.t1	716	PROTEIN
g16204.t1	g16204.t1	445	PROTEIN
g16205.t1	g16205.t1	143	PROTEIN
g16206.t1	g16206.t1	913	PROTEIN
g16207.t1	g16207.t1	154	PROTEIN
g16208.t1	g16208.t1	333	PROTEIN
g16209.t1	g16209.t1	122	PROTEIN
g16210.t1	g16210.t1	91	PROTEIN
g16211.t1	g16211.t1	687	PROTEIN
g16212.t1	g16212.t1	225	PROTEIN
g16213.t1	g16213.t1	122	PROTEIN
g16214.t1	g16214.t1	457	PROTEIN
g16215.t1	g16215.t1	144	PROTEIN
g16216.t1	g16216.t1	265	PROTEIN
g16217.t1	g16217.t1	532	PROTEIN
g16218.t1	g16218.t1	415	PROTEIN
g16219.t1	g16219.t1	88	PROTEIN
g16220.t1	g16220.t1	76	PROTEIN
g16221.t1	g16221.t1	194	PROTEIN
g16222.t1	g16222.t1	97	PROTEIN
g16223.t1	g16223.t1	171	PROTEIN
g16224.t1	g16224.t1	119	PROTEIN
g16225.t1	g16225.t1	95	PROTEIN
g16226.t1	g16226.t1	825	PROTEIN
g16227.t1	g16227.t1	994	PROTEIN
g16228.t1	g16228.t1	607	PROTEIN
g16229.t1	g16229.t1	364	PROTEIN
g16230.t1	g16230.t1	339	PROTEIN
g16231.t1	g16231.t1	1211	PROTEIN
g16232.t1	g16232.t1	246	PROTEIN
g16233.t1	g16233.t1	338	PROTEIN
g16234.t1	g16234.t1	375	PROTEIN
g16235.t1	g16235.t1	390	PROTEIN
g16236.t1	g16236.t1	127	PROTEIN
g16237.t1	g16237.t1	1375	PROTEIN
g16238.t1	g16238.t1	276	PROTEIN
g16239.t1	g16239.t1	305	PROTEIN
g16240.t1	g16240.t1	399	PROTEIN
g16241.t1	g16241.t1	429	PROTEIN
g16242.t1	g16242.t1	429	PROTEIN
g16243.t1	g16243.t1	420	PROTEIN
g16244.t1	g16244.t1	370	PROTEIN
g16245.t1	g16245.t1	423	PROTEIN
g16246.t1	g16246.t1	277	PROTEIN
g16247.t1	g16247.t1	617	PROTEIN
g16248.t1	g16248.t1	154	PROTEIN
g16249.t1	g16249.t1	113	PROTEIN
g16250.t1	g16250.t1	122	PROTEIN
g16251.t1	g16251.t1	121	PROTEIN
g16252.t1	g16252.t1	83	PROTEIN
g16253.t1	g16253.t1	87	PROTEIN
g16254.t1	g16254.t1	244	PROTEIN
g16255.t1	g16255.t1	71	PROTEIN
g16256.t1	g16256.t1	114	PROTEIN
g16257.t1	g16257.t1	307	PROTEIN
g16258.t1	g16258.t1	310	PROTEIN
g16259.t1	g16259.t1	347	PROTEIN
g16260.t1	g16260.t1	146	PROTEIN
g16261.t1	g16261.t1	237	PROTEIN
g16262.t1	g16262.t1	110	PROTEIN
g16263.t1	g16263.t1	989	PROTEIN
g16264.t1	g16264.t1	71	PROTEIN
g16265.t1	g16265.t1	345	PROTEIN
g16266.t1	g16266.t1	209	PROTEIN
g16267.t1	g16267.t1	253	PROTEIN
g16268.t1	g16268.t1	131	PROTEIN
g16269.t1	g16269.t1	105	PROTEIN
g16270.t1	g16270.t1	1011	PROTEIN
g16271.t1	g16271.t1	234	PROTEIN
g16272.t1	g16272.t1	690	PROTEIN
g16273.t1	g16273.t1	168	PROTEIN
g16274.t1	g16274.t1	187	PROTEIN
g16275.t1	g16275.t1	242	PROTEIN
g16276.t1	g16276.t1	1155	PROTEIN
g16277.t2	g16277.t2	162	PROTEIN
g16278.t1	g16278.t1	140	PROTEIN
g16279.t1	g16279.t1	522	PROTEIN
g16280.t1	g16280.t1	219	PROTEIN
g16281.t1	g16281.t1	65	PROTEIN
g16282.t1	g16282.t1	273	PROTEIN
g16283.t1	g16283.t1	65	PROTEIN
g16284.t1	g16284.t1	83	PROTEIN
g16285.t1	g16285.t1	474	PROTEIN
g16286.t1	g16286.t1	452	PROTEIN
g16287.t1	g16287.t1	78	PROTEIN
g16288.t1	g16288.t1	115	PROTEIN
g16289.t1	g16289.t1	1292	PROTEIN
g16290.t1	g16290.t1	1322	PROTEIN
g16291.t1	g16291.t1	715	PROTEIN
g16292.t1	g16292.t1	388	PROTEIN
g16293.t1	g16293.t1	2202	PROTEIN
g16294.t1	g16294.t1	511	PROTEIN
g16295.t1	g16295.t1	115	PROTEIN
g16296.t1	g16296.t1	532	PROTEIN
g16297.t1	g16297.t1	1489	PROTEIN
g16298.t1	g16298.t1	515	PROTEIN
g16299.t1	g16299.t1	702	PROTEIN
g16300.t1	g16300.t1	132	PROTEIN
g16301.t1	g16301.t1	256	PROTEIN
g16302.t1	g16302.t1	1014	PROTEIN
g16303.t1	g16303.t1	338	PROTEIN
g16304.t1	g16304.t1	77	PROTEIN
g16305.t1	g16305.t1	179	PROTEIN
g16306.t2	g16306.t2	569	PROTEIN
g16307.t1	g16307.t1	82	PROTEIN
g16308.t1	g16308.t1	383	PROTEIN
g16309.t1	g16309.t1	284	PROTEIN
g16310.t1	g16310.t1	275	PROTEIN
g16311.t1	g16311.t1	266	PROTEIN
g16312.t1	g16312.t1	608	PROTEIN
g16313.t1	g16313.t1	384	PROTEIN
g16314.t1	g16314.t1	98	PROTEIN
g16315.t1	g16315.t1	1838	PROTEIN
g16316.t1	g16316.t1	88	PROTEIN
g16317.t1	g16317.t1	116	PROTEIN
g16318.t1	g16318.t1	117	PROTEIN
g16319.t2	g16319.t2	368	PROTEIN
g16320.t1	g16320.t1	118	PROTEIN
g16321.t1	g16321.t1	344	PROTEIN
g16322.t1	g16322.t1	872	PROTEIN
g16323.t1	g16323.t1	109	PROTEIN
g16324.t1	g16324.t1	1585	PROTEIN
g16325.t1	g16325.t1	139	PROTEIN
g16326.t1	g16326.t1	1484	PROTEIN
g16327.t1	g16327.t1	167	PROTEIN
g16328.t1	g16328.t1	297	PROTEIN
g16329.t2	g16329.t2	479	PROTEIN
g16330.t1	g16330.t1	244	PROTEIN
g16331.t1	g16331.t1	839	PROTEIN
g16332.t1	g16332.t1	502	PROTEIN
g16333.t1	g16333.t1	68	PROTEIN
g16334.t2	g16334.t2	1144	PROTEIN
g16335.t1	g16335.t1	208	PROTEIN
g16336.t1	g16336.t1	532	PROTEIN
g16337.t1	g16337.t1	119	PROTEIN
g16338.t1	g16338.t1	267	PROTEIN
g16339.t1	g16339.t1	458	PROTEIN
g16340.t1	g16340.t1	110	PROTEIN
g16341.t1	g16341.t1	175	PROTEIN
g16342.t1	g16342.t1	77	PROTEIN
g16343.t1	g16343.t1	94	PROTEIN
g16344.t1	g16344.t1	72	PROTEIN
g16345.t1	g16345.t1	540	PROTEIN
g16346.t1	g16346.t1	530	PROTEIN
g16347.t1	g16347.t1	446	PROTEIN
g16348.t1	g16348.t1	636	PROTEIN
g16349.t1	g16349.t1	357	PROTEIN
g16350.t1	g16350.t1	136	PROTEIN
g16351.t1	g16351.t1	178	PROTEIN
g16352.t1	g16352.t1	80	PROTEIN
g16353.t1	g16353.t1	75	PROTEIN
g16354.t2	g16354.t2	337	PROTEIN
g16355.t1	g16355.t1	106	PROTEIN
g16356.t1	g16356.t1	105	PROTEIN
g16357.t1	g16357.t1	278	PROTEIN
g16358.t1	g16358.t1	75	PROTEIN
g16359.t1	g16359.t1	103	PROTEIN
g16360.t1	g16360.t1	535	PROTEIN
g16361.t1	g16361.t1	285	PROTEIN
g16362.t1	g16362.t1	164	PROTEIN
g16363.t1	g16363.t1	202	PROTEIN
g16364.t1	g16364.t1	200	PROTEIN
g16365.t1	g16365.t1	184	PROTEIN
g16366.t1	g16366.t1	403	PROTEIN
g16367.t1	g16367.t1	123	PROTEIN
g16368.t1	g16368.t1	138	PROTEIN
g16369.t1	g16369.t1	187	PROTEIN
g16370.t1	g16370.t1	144	PROTEIN
g16371.t1	g16371.t1	2858	PROTEIN
g16372.t1	g16372.t1	185	PROTEIN
g16373.t1	g16373.t1	568	PROTEIN
g16374.t1	g16374.t1	171	PROTEIN
g16375.t1	g16375.t1	627	PROTEIN
g16376.t1	g16376.t1	492	PROTEIN
g16377.t1	g16377.t1	750	PROTEIN
g16378.t1	g16378.t1	362	PROTEIN
g16379.t1	g16379.t1	893	PROTEIN
g16380.t1	g16380.t1	342	PROTEIN
g16381.t1	g16381.t1	80	PROTEIN
g16382.t1	g16382.t1	99	PROTEIN
g16383.t1	g16383.t1	133	PROTEIN
g16384.t4	g16384.t4	229	PROTEIN
g16385.t1	g16385.t1	128	PROTEIN
g16386.t1	g16386.t1	382	PROTEIN
g16387.t1	g16387.t1	423	PROTEIN
g16388.t1	g16388.t1	298	PROTEIN
g16389.t1	g16389.t1	1018	PROTEIN
g16390.t1	g16390.t1	96	PROTEIN
g16391.t1	g16391.t1	224	PROTEIN
g16392.t1	g16392.t1	224	PROTEIN
g16393.t1	g16393.t1	140	PROTEIN
g16394.t1	g16394.t1	113	PROTEIN
g16395.t1	g16395.t1	269	PROTEIN
g16396.t1	g16396.t1	334	PROTEIN
g16397.t1	g16397.t1	101	PROTEIN
g16398.t1	g16398.t1	463	PROTEIN
g16399.t1	g16399.t1	422	PROTEIN
g16400.t1	g16400.t1	187	PROTEIN
g16401.t1	g16401.t1	272	PROTEIN
g16402.t2	g16402.t2	1064	PROTEIN
g16403.t1	g16403.t1	219	PROTEIN
g16404.t1	g16404.t1	183	PROTEIN
g16405.t1	g16405.t1	197	PROTEIN
g16406.t1	g16406.t1	146	PROTEIN
g16407.t1	g16407.t1	789	PROTEIN
g16408.t1	g16408.t1	107	PROTEIN
g16409.t1	g16409.t1	137	PROTEIN
g16410.t1	g16410.t1	77	PROTEIN
g16411.t1	g16411.t1	138	PROTEIN
g16412.t1	g16412.t1	388	PROTEIN
g16413.t1	g16413.t1	854	PROTEIN
g16414.t1	g16414.t1	395	PROTEIN
g16415.t1	g16415.t1	151	PROTEIN
g16416.t1	g16416.t1	476	PROTEIN
g16417.t1	g16417.t1	154	PROTEIN
g16418.t1	g16418.t1	422	PROTEIN
g16419.t1	g16419.t1	288	PROTEIN
g16420.t1	g16420.t1	43	PROTEIN
g16421.t1	g16421.t1	225	PROTEIN
g16422.t1	g16422.t1	528	PROTEIN
g16423.t1	g16423.t1	122	PROTEIN
g16424.t1	g16424.t1	1499	PROTEIN
g16425.t1	g16425.t1	219	PROTEIN
g16426.t1	g16426.t1	237	PROTEIN
g16427.t1	g16427.t1	203	PROTEIN
g16428.t1	g16428.t1	112	PROTEIN
g16429.t1	g16429.t1	160	PROTEIN
g16430.t1	g16430.t1	425	PROTEIN
g16431.t1	g16431.t1	557	PROTEIN
g16432.t1	g16432.t1	148	PROTEIN
g16433.t1	g16433.t1	1492	PROTEIN
g16434.t1	g16434.t1	298	PROTEIN
g16435.t1	g16435.t1	283	PROTEIN
g16436.t1	g16436.t1	377	PROTEIN
g16437.t1	g16437.t1	351	PROTEIN
g16438.t2	g16438.t2	330	PROTEIN
g16439.t1	g16439.t1	433	PROTEIN
g16440.t1	g16440.t1	145	PROTEIN
g16441.t2	g16441.t2	137	PROTEIN
g16442.t1	g16442.t1	1076	PROTEIN
g16443.t1	g16443.t1	209	PROTEIN
g16444.t1	g16444.t1	92	PROTEIN
g16445.t1	g16445.t1	885	PROTEIN
g16446.t1	g16446.t1	1058	PROTEIN
g16447.t1	g16447.t1	317	PROTEIN
g16448.t1	g16448.t1	172	PROTEIN
g16449.t1	g16449.t1	288	PROTEIN
g16450.t1	g16450.t1	1237	PROTEIN
g16451.t1	g16451.t1	1698	PROTEIN
g16452.t1	g16452.t1	556	PROTEIN
g16453.t1	g16453.t1	418	PROTEIN
g16454.t1	g16454.t1	430	PROTEIN
g16455.t1	g16455.t1	235	PROTEIN
g16456.t1	g16456.t1	783	PROTEIN
g16457.t1	g16457.t1	483	PROTEIN
g16458.t1	g16458.t1	2215	PROTEIN
g16459.t1	g16459.t1	143	PROTEIN
g16460.t1	g16460.t1	118	PROTEIN
g16461.t1	g16461.t1	244	PROTEIN
g16462.t1	g16462.t1	163	PROTEIN
g16463.t1	g16463.t1	114	PROTEIN
g16464.t1	g16464.t1	368	PROTEIN
g16465.t1	g16465.t1	207	PROTEIN
g16466.t1	g16466.t1	86	PROTEIN
g16467.t1	g16467.t1	171	PROTEIN
g16468.t1	g16468.t1	238	PROTEIN
g16469.t1	g16469.t1	108	PROTEIN
g16470.t1	g16470.t1	438	PROTEIN
g16471.t1	g16471.t1	92	PROTEIN
g16472.t1	g16472.t1	488	PROTEIN
g16473.t1	g16473.t1	584	PROTEIN
g16474.t1	g16474.t1	93	PROTEIN
g16475.t1	g16475.t1	90	PROTEIN
g16476.t1	g16476.t1	66	PROTEIN
g16477.t1	g16477.t1	626	PROTEIN
g16478.t1	g16478.t1	87	PROTEIN
g16479.t1	g16479.t1	57	PROTEIN
g16480.t1	g16480.t1	122	PROTEIN
g16481.t1	g16481.t1	294	PROTEIN
g16482.t1	g16482.t1	194	PROTEIN
g16483.t1	g16483.t1	348	PROTEIN
g16484.t1	g16484.t1	850	PROTEIN
g16485.t1	g16485.t1	91	PROTEIN
g16486.t1	g16486.t1	214	PROTEIN
g16487.t1	g16487.t1	180	PROTEIN
g16488.t1	g16488.t1	727	PROTEIN
g16489.t1	g16489.t1	213	PROTEIN
g16490.t1	g16490.t1	312	PROTEIN
g16491.t1	g16491.t1	2476	PROTEIN
g16492.t1	g16492.t1	563	PROTEIN
g16493.t1	g16493.t1	384	PROTEIN
g16494.t3	g16494.t3	362	PROTEIN
g16495.t1	g16495.t1	79	PROTEIN
g16496.t1	g16496.t1	754	PROTEIN
g16497.t1	g16497.t1	877	PROTEIN
g16498.t1	g16498.t1	194	PROTEIN
g16499.t1	g16499.t1	466	PROTEIN
g16500.t1	g16500.t1	126	PROTEIN
g16501.t1	g16501.t1	353	PROTEIN
g16502.t1	g16502.t1	313	PROTEIN
g16503.t1	g16503.t1	356	PROTEIN
g16504.t1	g16504.t1	867	PROTEIN
g16505.t1	g16505.t1	150	PROTEIN
g16506.t1	g16506.t1	717	PROTEIN
g16507.t1	g16507.t1	154	PROTEIN
g16508.t1	g16508.t1	756	PROTEIN
g16509.t1	g16509.t1	555	PROTEIN
g16510.t1	g16510.t1	1525	PROTEIN
g16511.t1	g16511.t1	411	PROTEIN
g16512.t2	g16512.t2	460	PROTEIN
g16513.t1	g16513.t1	101	PROTEIN
g16514.t1	g16514.t1	91	PROTEIN
g16515.t1	g16515.t1	406	PROTEIN
g16516.t1	g16516.t1	106	PROTEIN
g16517.t1	g16517.t1	177	PROTEIN
g16518.t1	g16518.t1	164	PROTEIN
g16519.t1	g16519.t1	408	PROTEIN
g16520.t1	g16520.t1	428	PROTEIN
g16521.t1	g16521.t1	728	PROTEIN
g16522.t1	g16522.t1	475	PROTEIN
g16523.t1	g16523.t1	653	PROTEIN
g16524.t1	g16524.t1	543	PROTEIN
g16525.t1	g16525.t1	515	PROTEIN
g16526.t1	g16526.t1	107	PROTEIN
g16527.t1	g16527.t1	99	PROTEIN
g16528.t1	g16528.t1	73	PROTEIN
g16529.t1	g16529.t1	88	PROTEIN
g16530.t1	g16530.t1	144	PROTEIN
g16531.t1	g16531.t1	316	PROTEIN
g16532.t1	g16532.t1	136	PROTEIN
g16533.t1	g16533.t1	207	PROTEIN
g16534.t1	g16534.t1	112	PROTEIN
g16535.t1	g16535.t1	119	PROTEIN
g16536.t1	g16536.t1	123	PROTEIN
g16537.t1	g16537.t1	86	PROTEIN
g16538.t1	g16538.t1	700	PROTEIN
g16539.t1	g16539.t1	671	PROTEIN
g16540.t1	g16540.t1	520	PROTEIN
g16541.t1	g16541.t1	578	PROTEIN
g16542.t1	g16542.t1	124	PROTEIN
g16543.t1	g16543.t1	117	PROTEIN
g16544.t1	g16544.t1	87	PROTEIN
g16545.t1	g16545.t1	184	PROTEIN
g16546.t1	g16546.t1	164	PROTEIN
g16547.t1	g16547.t1	111	PROTEIN
g16548.t1	g16548.t1	68	PROTEIN
g16549.t1	g16549.t1	68	PROTEIN
g16550.t1	g16550.t1	272	PROTEIN
g16551.t1	g16551.t1	227	PROTEIN
g16552.t1	g16552.t1	1761	PROTEIN
g16553.t1	g16553.t1	90	PROTEIN
g16554.t1	g16554.t1	418	PROTEIN
g16555.t1	g16555.t1	155	PROTEIN
g16556.t1	g16556.t1	233	PROTEIN
g16557.t1	g16557.t1	285	PROTEIN
g16558.t1	g16558.t1	801	PROTEIN
g16559.t1	g16559.t1	163	PROTEIN
g16560.t1	g16560.t1	617	PROTEIN
g16561.t1	g16561.t1	40	PROTEIN
g16562.t1	g16562.t1	1665	PROTEIN
g16563.t1	g16563.t1	686	PROTEIN
g16564.t1	g16564.t1	138	PROTEIN
g16565.t1	g16565.t1	241	PROTEIN
g16566.t1	g16566.t1	270	PROTEIN
g16567.t1	g16567.t1	815	PROTEIN
g16568.t1	g16568.t1	77	PROTEIN
g16569.t1	g16569.t1	236	PROTEIN
g16570.t1	g16570.t1	118	PROTEIN
g16571.t1	g16571.t1	116	PROTEIN
g16572.t1	g16572.t1	244	PROTEIN
g16573.t1	g16573.t1	198	PROTEIN
g16574.t1	g16574.t1	475	PROTEIN
g16575.t2	g16575.t2	175	PROTEIN
g16576.t1	g16576.t1	268	PROTEIN
g16577.t1	g16577.t1	461	PROTEIN
g16578.t1	g16578.t1	101	PROTEIN
g16579.t1	g16579.t1	757	PROTEIN
g16580.t2	g16580.t2	283	PROTEIN
g16581.t1	g16581.t1	600	PROTEIN
g16582.t1	g16582.t1	115	PROTEIN
g16583.t1	g16583.t1	916	PROTEIN
g16584.t1	g16584.t1	4672	PROTEIN
g16585.t1	g16585.t1	620	PROTEIN
g16586.t1	g16586.t1	298	PROTEIN
g16587.t1	g16587.t1	435	PROTEIN
g16588.t1	g16588.t1	84	PROTEIN
g16589.t1	g16589.t1	72	PROTEIN
g16590.t1	g16590.t1	112	PROTEIN
g16591.t1	g16591.t1	126	PROTEIN
g16592.t1	g16592.t1	100	PROTEIN
g16593.t1	g16593.t1	180	PROTEIN
g16594.t1	g16594.t1	153	PROTEIN
g16595.t1	g16595.t1	117	PROTEIN
g16596.t1	g16596.t1	155	PROTEIN
g16597.t1	g16597.t1	146	PROTEIN
g16598.t1	g16598.t1	1351	PROTEIN
g16599.t1	g16599.t1	77	PROTEIN
g16600.t1	g16600.t1	93	PROTEIN
g16601.t1	g16601.t1	1170	PROTEIN
g16602.t1	g16602.t1	418	PROTEIN
g16603.t1	g16603.t1	292	PROTEIN
g16604.t1	g16604.t1	434	PROTEIN
g16605.t1	g16605.t1	767	PROTEIN
g16606.t1	g16606.t1	144	PROTEIN
g16607.t1	g16607.t1	394	PROTEIN
g16608.t1	g16608.t1	587	PROTEIN
g16609.t1	g16609.t1	115	PROTEIN
g16610.t1	g16610.t1	712	PROTEIN
g16611.t1	g16611.t1	325	PROTEIN
g16612.t1	g16612.t1	531	PROTEIN
g16613.t1	g16613.t1	80	PROTEIN
g16614.t1	g16614.t1	321	PROTEIN
g16615.t1	g16615.t1	131	PROTEIN
g16616.t1	g16616.t1	693	PROTEIN
g16617.t1	g16617.t1	217	PROTEIN
g16618.t1	g16618.t1	757	PROTEIN
g16619.t1	g16619.t1	67	PROTEIN
g16620.t1	g16620.t1	148	PROTEIN
g16621.t1	g16621.t1	97	PROTEIN
g16622.t1	g16622.t1	80	PROTEIN
g16623.t1	g16623.t1	105	PROTEIN
g16624.t1	g16624.t1	555	PROTEIN
g16625.t1	g16625.t1	720	PROTEIN
g16626.t1	g16626.t1	373	PROTEIN
g16627.t1	g16627.t1	317	PROTEIN
g16628.t1	g16628.t1	181	PROTEIN
g16629.t1	g16629.t1	81	PROTEIN
g16630.t1	g16630.t1	96	PROTEIN
g16631.t1	g16631.t1	394	PROTEIN
g16632.t1	g16632.t1	92	PROTEIN
g16633.t1	g16633.t1	161	PROTEIN
g16634.t1	g16634.t1	324	PROTEIN
g16635.t1	g16635.t1	204	PROTEIN
g16636.t1	g16636.t1	353	PROTEIN
g16637.t2	g16637.t2	116	PROTEIN
g16638.t1	g16638.t1	87	PROTEIN
g16639.t1	g16639.t1	93	PROTEIN
g16640.t1	g16640.t1	1101	PROTEIN
g16641.t1	g16641.t1	223	PROTEIN
g16642.t1	g16642.t1	125	PROTEIN
g16643.t1	g16643.t1	641	PROTEIN
g16644.t1	g16644.t1	534	PROTEIN
g16645.t1	g16645.t1	74	PROTEIN
g16646.t1	g16646.t1	423	PROTEIN
g16647.t1	g16647.t1	1048	PROTEIN
g16648.t1	g16648.t1	329	PROTEIN
g16649.t1	g16649.t1	606	PROTEIN
g16650.t1	g16650.t1	189	PROTEIN
g16651.t1	g16651.t1	139	PROTEIN
g16652.t1	g16652.t1	104	PROTEIN
g16653.t1	g16653.t1	126	PROTEIN
g16654.t1	g16654.t1	73	PROTEIN
g16655.t1	g16655.t1	187	PROTEIN
g16656.t1	g16656.t1	121	PROTEIN
g16657.t1	g16657.t1	368	PROTEIN
g16658.t1	g16658.t1	149	PROTEIN
g16659.t1	g16659.t1	120	PROTEIN
g16660.t1	g16660.t1	437	PROTEIN
g16661.t1	g16661.t1	651	PROTEIN
g16662.t1	g16662.t1	318	PROTEIN
g16663.t1	g16663.t1	89	PROTEIN
g16664.t1	g16664.t1	212	PROTEIN
g16665.t1	g16665.t1	488	PROTEIN
g16666.t1	g16666.t1	71	PROTEIN
g16667.t1	g16667.t1	144	PROTEIN
g16668.t1	g16668.t1	106	PROTEIN
g16669.t1	g16669.t1	650	PROTEIN
g16670.t1	g16670.t1	198	PROTEIN
g16671.t1	g16671.t1	699	PROTEIN
g16672.t1	g16672.t1	303	PROTEIN
g16673.t1	g16673.t1	329	PROTEIN
g16674.t1	g16674.t1	831	PROTEIN
g16675.t1	g16675.t1	69	PROTEIN
g16676.t1	g16676.t1	107	PROTEIN
g16677.t1	g16677.t1	120	PROTEIN
g16678.t1	g16678.t1	88	PROTEIN
g16679.t1	g16679.t1	122	PROTEIN
g16680.t1	g16680.t1	71	PROTEIN
g16681.t1	g16681.t1	100	PROTEIN
g16682.t1	g16682.t1	124	PROTEIN
g16683.t1	g16683.t1	76	PROTEIN
g16684.t1	g16684.t1	83	PROTEIN
g16685.t1	g16685.t1	297	PROTEIN
g16686.t1	g16686.t1	370	PROTEIN
g16687.t1	g16687.t1	76	PROTEIN
g16688.t2	g16688.t2	345	PROTEIN
g16689.t1	g16689.t1	494	PROTEIN
g16690.t1	g16690.t1	530	PROTEIN
g16691.t1	g16691.t1	1932	PROTEIN
g16692.t1	g16692.t1	722	PROTEIN
g16693.t1	g16693.t1	109	PROTEIN
g16694.t1	g16694.t1	186	PROTEIN
g16695.t1	g16695.t1	510	PROTEIN
g16696.t1	g16696.t1	194	PROTEIN
g16697.t1	g16697.t1	206	PROTEIN
g16698.t1	g16698.t1	153	PROTEIN
g16699.t1	g16699.t1	648	PROTEIN
g16700.t1	g16700.t1	155	PROTEIN
g16701.t1	g16701.t1	157	PROTEIN
g16702.t1	g16702.t1	122	PROTEIN
g16703.t1	g16703.t1	144	PROTEIN
g16704.t1	g16704.t1	364	PROTEIN
g16705.t1	g16705.t1	290	PROTEIN
g16706.t1	g16706.t1	1127	PROTEIN
g16707.t1	g16707.t1	512	PROTEIN
g16708.t1	g16708.t1	729	PROTEIN
g16709.t3	g16709.t3	983	PROTEIN
g16710.t1	g16710.t1	152	PROTEIN
g16711.t1	g16711.t1	412	PROTEIN
g16712.t1	g16712.t1	540	PROTEIN
g16713.t1	g16713.t1	495	PROTEIN
g16714.t1	g16714.t1	120	PROTEIN
g16715.t1	g16715.t1	515	PROTEIN
g16716.t1	g16716.t1	590	PROTEIN
g16717.t1	g16717.t1	461	PROTEIN
g16718.t1	g16718.t1	499	PROTEIN
g16719.t1	g16719.t1	564	PROTEIN
g16720.t1	g16720.t1	107	PROTEIN
g16721.t1	g16721.t1	158	PROTEIN
g16722.t1	g16722.t1	619	PROTEIN
g16723.t1	g16723.t1	83	PROTEIN
g16724.t1	g16724.t1	169	PROTEIN
g16725.t3	g16725.t3	437	PROTEIN
g16726.t1	g16726.t1	754	PROTEIN
g16727.t1	g16727.t1	166	PROTEIN
g16728.t1	g16728.t1	1199	PROTEIN
g16729.t1	g16729.t1	218	PROTEIN
g16730.t1	g16730.t1	312	PROTEIN
g16731.t1	g16731.t1	44	PROTEIN
g16732.t1	g16732.t1	126	PROTEIN
g16733.t1	g16733.t1	75	PROTEIN
g16734.t1	g16734.t1	396	PROTEIN
g16735.t1	g16735.t1	177	PROTEIN
g16736.t1	g16736.t1	670	PROTEIN
g16737.t1	g16737.t1	1095	PROTEIN
g16738.t1	g16738.t1	283	PROTEIN
g16739.t1	g16739.t1	153	PROTEIN
g16740.t1	g16740.t1	235	PROTEIN
g16741.t1	g16741.t1	182	PROTEIN
g16742.t1	g16742.t1	255	PROTEIN
g16743.t1	g16743.t1	224	PROTEIN
g16744.t1	g16744.t1	318	PROTEIN
g16745.t1	g16745.t1	81	PROTEIN
g16746.t1	g16746.t1	399	PROTEIN
g16747.t1	g16747.t1	668	PROTEIN
g16748.t1	g16748.t1	248	PROTEIN
g16749.t1	g16749.t1	129	PROTEIN
g16750.t1	g16750.t1	538	PROTEIN
g16751.t1	g16751.t1	198	PROTEIN
g16752.t1	g16752.t1	380	PROTEIN
g16753.t1	g16753.t1	447	PROTEIN
g16754.t1	g16754.t1	539	PROTEIN
g16755.t1	g16755.t1	258	PROTEIN
g16756.t1	g16756.t1	72	PROTEIN
g16757.t1	g16757.t1	346	PROTEIN
g16758.t2	g16758.t2	119	PROTEIN
g16759.t1	g16759.t1	537	PROTEIN
g16760.t1	g16760.t1	95	PROTEIN
g16761.t1	g16761.t1	94	PROTEIN
g16762.t1	g16762.t1	84	PROTEIN
g16763.t1	g16763.t1	150	PROTEIN
g16764.t1	g16764.t1	93	PROTEIN
g16765.t1	g16765.t1	137	PROTEIN
g16766.t1	g16766.t1	109	PROTEIN
g16767.t1	g16767.t1	77	PROTEIN
g16768.t1	g16768.t1	150	PROTEIN
g16769.t1	g16769.t1	95	PROTEIN
g16770.t1	g16770.t1	297	PROTEIN
g16771.t1	g16771.t1	99	PROTEIN
g16772.t1	g16772.t1	74	PROTEIN
g16773.t1	g16773.t1	172	PROTEIN
g16774.t1	g16774.t1	78	PROTEIN
g16775.t1	g16775.t1	95	PROTEIN
g16776.t1	g16776.t1	86	PROTEIN
g16777.t1	g16777.t1	84	PROTEIN
g16778.t1	g16778.t1	72	PROTEIN
g16779.t1	g16779.t1	185	PROTEIN
g16780.t1	g16780.t1	196	PROTEIN
g16781.t1	g16781.t1	112	PROTEIN
g16782.t1	g16782.t1	304	PROTEIN
g16783.t1	g16783.t1	97	PROTEIN
g16784.t1	g16784.t1	976	PROTEIN
g16785.t1	g16785.t1	133	PROTEIN
g16786.t1	g16786.t1	213	PROTEIN
g16787.t2	g16787.t2	435	PROTEIN
g16788.t1	g16788.t1	131	PROTEIN
g16789.t3	g16789.t3	603	PROTEIN
g16790.t1	g16790.t1	572	PROTEIN
g16791.t1	g16791.t1	164	PROTEIN
g16792.t1	g16792.t1	162	PROTEIN
g16793.t1	g16793.t1	543	PROTEIN
g16794.t1	g16794.t1	544	PROTEIN
g16795.t1	g16795.t1	290	PROTEIN
g16796.t1	g16796.t1	470	PROTEIN
g16797.t1	g16797.t1	425	PROTEIN
g16798.t1	g16798.t1	260	PROTEIN
g16799.t1	g16799.t1	44	PROTEIN
g16800.t1	g16800.t1	467	PROTEIN
g16801.t1	g16801.t1	350	PROTEIN
g16802.t1	g16802.t1	391	PROTEIN
g16803.t1	g16803.t1	120	PROTEIN
g16804.t2	g16804.t2	162	PROTEIN
g16805.t1	g16805.t1	87	PROTEIN
g16806.t1	g16806.t1	384	PROTEIN
g16807.t1	g16807.t1	1427	PROTEIN
g16808.t1	g16808.t1	605	PROTEIN
g16809.t1	g16809.t1	265	PROTEIN
g16810.t1	g16810.t1	249	PROTEIN
g16811.t1	g16811.t1	234	PROTEIN
g16812.t1	g16812.t1	626	PROTEIN
g16813.t1	g16813.t1	187	PROTEIN
g16814.t1	g16814.t1	1155	PROTEIN
g16815.t1	g16815.t1	982	PROTEIN
g16816.t1	g16816.t1	124	PROTEIN
g16817.t1	g16817.t1	76	PROTEIN
g16818.t1	g16818.t1	88	PROTEIN
g16819.t1	g16819.t1	143	PROTEIN
g16820.t1	g16820.t1	144	PROTEIN
g16821.t1	g16821.t1	278	PROTEIN
g16822.t1	g16822.t1	108	PROTEIN
g16823.t1	g16823.t1	200	PROTEIN
g16824.t1	g16824.t1	234	PROTEIN
g16825.t1	g16825.t1	482	PROTEIN
g16826.t1	g16826.t1	145	PROTEIN
g16827.t1	g16827.t1	572	PROTEIN
g16828.t1	g16828.t1	233	PROTEIN
g16829.t1	g16829.t1	303	PROTEIN
g16830.t1	g16830.t1	487	PROTEIN
g16831.t1	g16831.t1	530	PROTEIN
g16832.t1	g16832.t1	531	PROTEIN
g16833.t1	g16833.t1	946	PROTEIN
g16834.t1	g16834.t1	195	PROTEIN
g16835.t1	g16835.t1	427	PROTEIN
g16836.t1	g16836.t1	351	PROTEIN
g16837.t1	g16837.t1	359	PROTEIN
g16838.t1	g16838.t1	271	PROTEIN
g16839.t1	g16839.t1	380	PROTEIN
g16840.t1	g16840.t1	563	PROTEIN
g16841.t1	g16841.t1	265	PROTEIN
g16842.t1	g16842.t1	118	PROTEIN
g16843.t1	g16843.t1	392	PROTEIN
g16844.t1	g16844.t1	439	PROTEIN
g16845.t1	g16845.t1	34	PROTEIN
g16846.t1	g16846.t1	464	PROTEIN
g16847.t1	g16847.t1	516	PROTEIN
g16848.t1	g16848.t1	167	PROTEIN
g16849.t1	g16849.t1	226	PROTEIN
g16850.t1	g16850.t1	111	PROTEIN
g16851.t1	g16851.t1	552	PROTEIN
g16852.t1	g16852.t1	553	PROTEIN
g16853.t1	g16853.t1	530	PROTEIN
g16854.t1	g16854.t1	531	PROTEIN
g16855.t1	g16855.t1	105	PROTEIN
g16856.t1	g16856.t1	187	PROTEIN
g16857.t1	g16857.t1	97	PROTEIN
g16858.t1	g16858.t1	124	PROTEIN
g16859.t1	g16859.t1	112	PROTEIN
g16860.t1	g16860.t1	530	PROTEIN
g16861.t1	g16861.t1	291	PROTEIN
g16862.t1	g16862.t1	123	PROTEIN
g16863.t1	g16863.t1	1239	PROTEIN
g16864.t1	g16864.t1	124	PROTEIN
g16865.t1	g16865.t1	100	PROTEIN
g16866.t1	g16866.t1	1589	PROTEIN
g16867.t1	g16867.t1	242	PROTEIN
g16868.t1	g16868.t1	433	PROTEIN
g16869.t1	g16869.t1	111	PROTEIN
g16870.t1	g16870.t1	1773	PROTEIN
g16871.t1	g16871.t1	247	PROTEIN
g16872.t1	g16872.t1	174	PROTEIN
g16873.t1	g16873.t1	81	PROTEIN
g16874.t1	g16874.t1	70	PROTEIN
g16875.t1	g16875.t1	63	PROTEIN
g16876.t1	g16876.t1	218	PROTEIN
g16877.t1	g16877.t1	118	PROTEIN
g16878.t1	g16878.t1	76	PROTEIN
g16879.t1	g16879.t1	367	PROTEIN
g16880.t1	g16880.t1	264	PROTEIN
g16881.t1	g16881.t1	764	PROTEIN
g16882.t2	g16882.t2	241	PROTEIN
g16883.t1	g16883.t1	341	PROTEIN
g16884.t1	g16884.t1	103	PROTEIN
g16885.t1	g16885.t1	519	PROTEIN
g16886.t1	g16886.t1	113	PROTEIN
g16887.t1	g16887.t1	525	PROTEIN
g16888.t1	g16888.t1	161	PROTEIN
g16889.t2	g16889.t2	683	PROTEIN
g16890.t1	g16890.t1	163	PROTEIN
g16891.t1	g16891.t1	240	PROTEIN
g16892.t1	g16892.t1	73	PROTEIN
g16893.t1	g16893.t1	391	PROTEIN
g16894.t1	g16894.t1	259	PROTEIN
g16895.t1	g16895.t1	726	PROTEIN
g16896.t1	g16896.t1	253	PROTEIN
g16897.t1	g16897.t1	266	PROTEIN
g16898.t1	g16898.t1	53	PROTEIN
g16899.t1	g16899.t1	83	PROTEIN
g16900.t1	g16900.t1	126	PROTEIN
g16901.t1	g16901.t1	208	PROTEIN
g16902.t1	g16902.t1	135	PROTEIN
g16903.t1	g16903.t1	108	PROTEIN
g16904.t1	g16904.t1	78	PROTEIN
g16905.t1	g16905.t1	108	PROTEIN
g16906.t1	g16906.t1	76	PROTEIN
g16907.t1	g16907.t1	99	PROTEIN
g16908.t1	g16908.t1	84	PROTEIN
g16909.t1	g16909.t1	497	PROTEIN
g16910.t1	g16910.t1	1199	PROTEIN
g16911.t1	g16911.t1	184	PROTEIN
g16912.t1	g16912.t1	117	PROTEIN
g16913.t1	g16913.t1	649	PROTEIN
g16914.t1	g16914.t1	73	PROTEIN
g16915.t1	g16915.t1	300	PROTEIN
g16916.t1	g16916.t1	477	PROTEIN
g16917.t1	g16917.t1	143	PROTEIN
g16918.t1	g16918.t1	61	PROTEIN
g16919.t1	g16919.t1	80	PROTEIN
g16920.t1	g16920.t1	72	PROTEIN
g16921.t1	g16921.t1	526	PROTEIN
g16922.t1	g16922.t1	61	PROTEIN
g16923.t1	g16923.t1	96	PROTEIN
g16924.t1	g16924.t1	237	PROTEIN
g16925.t1	g16925.t1	107	PROTEIN
g16926.t1	g16926.t1	372	PROTEIN
g16927.t1	g16927.t1	372	PROTEIN
g16928.t1	g16928.t1	141	PROTEIN
g16929.t1	g16929.t1	659	PROTEIN
g16930.t1	g16930.t1	422	PROTEIN
g16931.t1	g16931.t1	508	PROTEIN
g16932.t1	g16932.t1	508	PROTEIN
g16933.t1	g16933.t1	1107	PROTEIN
g16934.t1	g16934.t1	603	PROTEIN
g16935.t1	g16935.t1	76	PROTEIN
g16936.t1	g16936.t1	73	PROTEIN
g16937.t1	g16937.t1	121	PROTEIN
g16938.t1	g16938.t1	70	PROTEIN
g16939.t1	g16939.t1	147	PROTEIN
g16940.t1	g16940.t1	129	PROTEIN
g16941.t1	g16941.t1	185	PROTEIN
g16942.t1	g16942.t1	345	PROTEIN
g16943.t1	g16943.t1	144	PROTEIN
g16944.t1	g16944.t1	386	PROTEIN
g16945.t2	g16945.t2	265	PROTEIN
g16946.t1	g16946.t1	574	PROTEIN
g16947.t1	g16947.t1	368	PROTEIN
g16948.t1	g16948.t1	105	PROTEIN
g16949.t1	g16949.t1	216	PROTEIN
g16950.t1	g16950.t1	87	PROTEIN
g16951.t1	g16951.t1	79	PROTEIN
g16952.t1	g16952.t1	106	PROTEIN
g16953.t1	g16953.t1	129	PROTEIN
g16954.t1	g16954.t1	304	PROTEIN
g16955.t1	g16955.t1	73	PROTEIN
g16956.t1	g16956.t1	130	PROTEIN
g16957.t1	g16957.t1	124	PROTEIN
g16958.t1	g16958.t1	1118	PROTEIN
g16959.t3	g16959.t3	1042	PROTEIN
g16960.t1	g16960.t1	284	PROTEIN
g16961.t1	g16961.t1	1107	PROTEIN
g16962.t1	g16962.t1	914	PROTEIN
g16963.t1	g16963.t1	1260	PROTEIN
g16964.t1	g16964.t1	715	PROTEIN
g16965.t1	g16965.t1	94	PROTEIN
g16966.t1	g16966.t1	179	PROTEIN
g16967.t1	g16967.t1	288	PROTEIN
g16968.t1	g16968.t1	75	PROTEIN
g16969.t1	g16969.t1	240	PROTEIN
g16970.t1	g16970.t1	503	PROTEIN
g16971.t1	g16971.t1	125	PROTEIN
g16972.t1	g16972.t1	835	PROTEIN
g16973.t1	g16973.t1	629	PROTEIN
g16974.t1	g16974.t1	549	PROTEIN
g16975.t1	g16975.t1	107	PROTEIN
g16976.t1	g16976.t1	1043	PROTEIN
g16977.t1	g16977.t1	89	PROTEIN
g16978.t1	g16978.t1	280	PROTEIN
g16979.t1	g16979.t1	473	PROTEIN
g16980.t1	g16980.t1	101	PROTEIN
g16981.t1	g16981.t1	132	PROTEIN
g16982.t1	g16982.t1	933	PROTEIN
g16983.t1	g16983.t1	214	PROTEIN
g16984.t1	g16984.t1	320	PROTEIN
g16985.t1	g16985.t1	214	PROTEIN
g16986.t1	g16986.t1	71	PROTEIN
g16987.t1	g16987.t1	144	PROTEIN
g16988.t1	g16988.t1	563	PROTEIN
g16989.t1	g16989.t1	349	PROTEIN
g16990.t1	g16990.t1	157	PROTEIN
g16991.t1	g16991.t1	166	PROTEIN
g16992.t1	g16992.t1	490	PROTEIN
g16993.t1	g16993.t1	535	PROTEIN
g16994.t1	g16994.t1	101	PROTEIN
g16995.t1	g16995.t1	462	PROTEIN
g16996.t1	g16996.t1	1357	PROTEIN
g16997.t1	g16997.t1	168	PROTEIN
g16998.t1	g16998.t1	675	PROTEIN
g16999.t1	g16999.t1	165	PROTEIN
g17000.t1	g17000.t1	70	PROTEIN
g17001.t1	g17001.t1	261	PROTEIN
g17002.t1	g17002.t1	385	PROTEIN
g17003.t1	g17003.t1	100	PROTEIN
g17004.t1	g17004.t1	373	PROTEIN
g17005.t1	g17005.t1	154	PROTEIN
g17006.t1	g17006.t1	47	PROTEIN
g17007.t1	g17007.t1	244	PROTEIN
g17008.t1	g17008.t1	118	PROTEIN
g17009.t1	g17009.t1	68	PROTEIN
g17010.t1	g17010.t1	89	PROTEIN
g17011.t1	g17011.t1	142	PROTEIN
g17012.t1	g17012.t1	275	PROTEIN
g17013.t1	g17013.t1	168	PROTEIN
g17014.t1	g17014.t1	123	PROTEIN
g17015.t1	g17015.t1	1696	PROTEIN
g17016.t1	g17016.t1	99	PROTEIN
g17017.t1	g17017.t1	110	PROTEIN
g17018.t1	g17018.t1	97	PROTEIN
g17019.t1	g17019.t1	90	PROTEIN
g17020.t1	g17020.t1	77	PROTEIN
g17021.t1	g17021.t1	89	PROTEIN
g17022.t1	g17022.t1	1176	PROTEIN
g17023.t1	g17023.t1	82	PROTEIN
g17024.t1	g17024.t1	190	PROTEIN
g17025.t1	g17025.t1	107	PROTEIN
g17026.t1	g17026.t1	196	PROTEIN
g17027.t1	g17027.t1	131	PROTEIN
g17028.t1	g17028.t1	251	PROTEIN
g17029.t1	g17029.t1	128	PROTEIN
g17030.t1	g17030.t1	712	PROTEIN
g17031.t1	g17031.t1	281	PROTEIN
g17032.t1	g17032.t1	521	PROTEIN
g17033.t1	g17033.t1	291	PROTEIN
g17034.t1	g17034.t1	622	PROTEIN
g17035.t1	g17035.t1	225	PROTEIN
g17036.t1	g17036.t1	218	PROTEIN
g17037.t1	g17037.t1	312	PROTEIN
g17038.t1	g17038.t1	322	PROTEIN
g17039.t1	g17039.t1	335	PROTEIN
g17040.t1	g17040.t1	403	PROTEIN
g17041.t1	g17041.t1	464	PROTEIN
g17042.t1	g17042.t1	574	PROTEIN
g17043.t1	g17043.t1	167	PROTEIN
g17044.t1	g17044.t1	146	PROTEIN
g17045.t1	g17045.t1	218	PROTEIN
g17046.t1	g17046.t1	164	PROTEIN
g17047.t1	g17047.t1	139	PROTEIN
g17048.t1	g17048.t1	116	PROTEIN
g17049.t1	g17049.t1	82	PROTEIN
g17050.t1	g17050.t1	108	PROTEIN
g17051.t1	g17051.t1	125	PROTEIN
g17052.t1	g17052.t1	178	PROTEIN
g17053.t1	g17053.t1	174	PROTEIN
g17054.t1	g17054.t1	87	PROTEIN
g17055.t1	g17055.t1	87	PROTEIN
g17056.t1	g17056.t1	85	PROTEIN
g17057.t1	g17057.t1	105	PROTEIN
g17058.t1	g17058.t1	113	PROTEIN
g17059.t1	g17059.t1	145	PROTEIN
g17060.t1	g17060.t1	321	PROTEIN
g17061.t1	g17061.t1	385	PROTEIN
g17062.t1	g17062.t1	339	PROTEIN
g17063.t1	g17063.t1	156	PROTEIN
g17064.t1	g17064.t1	120	PROTEIN
g17065.t1	g17065.t1	29	PROTEIN
g17066.t1	g17066.t1	125	PROTEIN
g17067.t1	g17067.t1	95	PROTEIN
g17068.t1	g17068.t1	217	PROTEIN
g17069.t1	g17069.t1	507	PROTEIN
g17070.t1	g17070.t1	738	PROTEIN
g17071.t1	g17071.t1	126	PROTEIN
g17072.t1	g17072.t1	66	PROTEIN
g17073.t1	g17073.t1	740	PROTEIN
g17074.t1	g17074.t1	119	PROTEIN
g17075.t1	g17075.t1	720	PROTEIN
g17076.t1	g17076.t1	108	PROTEIN
g17077.t1	g17077.t1	225	PROTEIN
g17078.t1	g17078.t1	79	PROTEIN
g17079.t1	g17079.t1	93	PROTEIN
g17080.t1	g17080.t1	296	PROTEIN
g17081.t1	g17081.t1	159	PROTEIN
g17082.t1	g17082.t1	178	PROTEIN
g17083.t1	g17083.t1	292	PROTEIN
g17084.t1	g17084.t1	106	PROTEIN
g17085.t1	g17085.t1	474	PROTEIN
g17086.t1	g17086.t1	130	PROTEIN
g17087.t1	g17087.t1	118	PROTEIN
g17088.t1	g17088.t1	93	PROTEIN
g17089.t1	g17089.t1	276	PROTEIN
g17090.t1	g17090.t1	173	PROTEIN
g17091.t1	g17091.t1	115	PROTEIN
g17092.t1	g17092.t1	93	PROTEIN
g17093.t1	g17093.t1	442	PROTEIN
g17094.t1	g17094.t1	466	PROTEIN
g17095.t1	g17095.t1	208	PROTEIN
g17096.t1	g17096.t1	174	PROTEIN
g17097.t1	g17097.t1	418	PROTEIN
g17098.t1	g17098.t1	421	PROTEIN
g17099.t1	g17099.t1	109	PROTEIN
g17100.t1	g17100.t1	69	PROTEIN
g17101.t1	g17101.t1	563	PROTEIN
g17102.t1	g17102.t1	226	PROTEIN
g17103.t1	g17103.t1	230	PROTEIN
g17104.t1	g17104.t1	147	PROTEIN
g17105.t1	g17105.t1	426	PROTEIN
g17106.t1	g17106.t1	234	PROTEIN
g17107.t1	g17107.t1	109	PROTEIN
g17108.t1	g17108.t1	83	PROTEIN
g17109.t1	g17109.t1	352	PROTEIN
g17110.t1	g17110.t1	199	PROTEIN
g17111.t1	g17111.t1	298	PROTEIN
g17112.t1	g17112.t1	113	PROTEIN
g17113.t1	g17113.t1	84	PROTEIN
g17114.t2	g17114.t2	156	PROTEIN
g17115.t1	g17115.t1	119	PROTEIN
g17116.t1	g17116.t1	420	PROTEIN
g17117.t1	g17117.t1	579	PROTEIN
g17118.t1	g17118.t1	69	PROTEIN
g17119.t1	g17119.t1	659	PROTEIN
g17120.t1	g17120.t1	152	PROTEIN
g17121.t1	g17121.t1	364	PROTEIN
g17122.t1	g17122.t1	156	PROTEIN
g17123.t1	g17123.t1	138	PROTEIN
g17124.t1	g17124.t1	145	PROTEIN
g17125.t1	g17125.t1	590	PROTEIN
g17126.t1	g17126.t1	451	PROTEIN
g17127.t1	g17127.t1	278	PROTEIN
g17128.t1	g17128.t1	555	PROTEIN
g17129.t1	g17129.t1	1644	PROTEIN
g17130.t1	g17130.t1	367	PROTEIN
g17131.t1	g17131.t1	75	PROTEIN
g17132.t1	g17132.t1	173	PROTEIN
g17133.t1	g17133.t1	797	PROTEIN
g17134.t1	g17134.t1	860	PROTEIN
g17135.t1	g17135.t1	915	PROTEIN
g17136.t1	g17136.t1	313	PROTEIN
g17137.t1	g17137.t1	363	PROTEIN
g17138.t1	g17138.t1	247	PROTEIN
g17139.t1	g17139.t1	585	PROTEIN
g17140.t1	g17140.t1	1683	PROTEIN
g17141.t1	g17141.t1	902	PROTEIN
g17142.t1	g17142.t1	413	PROTEIN
g17143.t1	g17143.t1	373	PROTEIN
g17144.t1	g17144.t1	73	PROTEIN
g17145.t1	g17145.t1	119	PROTEIN
g17146.t1	g17146.t1	268	PROTEIN
g17147.t1	g17147.t1	257	PROTEIN
g17148.t1	g17148.t1	195	PROTEIN
g17149.t1	g17149.t1	492	PROTEIN
g17150.t1	g17150.t1	436	PROTEIN
g17151.t1	g17151.t1	292	PROTEIN
g17152.t1	g17152.t1	226	PROTEIN
g17153.t1	g17153.t1	276	PROTEIN
g17154.t1	g17154.t1	243	PROTEIN
g17155.t1	g17155.t1	161	PROTEIN
g17156.t1	g17156.t1	125	PROTEIN
g17157.t1	g17157.t1	108	PROTEIN
g17158.t1	g17158.t1	117	PROTEIN
g17159.t1	g17159.t1	88	PROTEIN
g17160.t1	g17160.t1	71	PROTEIN
g17161.t1	g17161.t1	199	PROTEIN
g17162.t1	g17162.t1	130	PROTEIN
g17163.t1	g17163.t1	84	PROTEIN
g17164.t1	g17164.t1	74	PROTEIN
g17165.t1	g17165.t1	595	PROTEIN
g17166.t1	g17166.t1	712	PROTEIN
g17167.t1	g17167.t1	324	PROTEIN
g17168.t1	g17168.t1	97	PROTEIN
g17169.t1	g17169.t1	427	PROTEIN
g17170.t1	g17170.t1	299	PROTEIN
g17171.t1	g17171.t1	148	PROTEIN
g17172.t1	g17172.t1	138	PROTEIN
g17173.t1	g17173.t1	169	PROTEIN
g17174.t1	g17174.t1	95	PROTEIN
g17175.t1	g17175.t1	154	PROTEIN
g17176.t1	g17176.t1	94	PROTEIN
g17177.t1	g17177.t1	180	PROTEIN
g17178.t1	g17178.t1	129	PROTEIN
g17179.t1	g17179.t1	125	PROTEIN
g17180.t1	g17180.t1	151	PROTEIN
g17181.t1	g17181.t1	477	PROTEIN
g17182.t1	g17182.t1	132	PROTEIN
g17183.t1	g17183.t1	402	PROTEIN
g17184.t1	g17184.t1	103	PROTEIN
g17185.t1	g17185.t1	450	PROTEIN
g17186.t1	g17186.t1	909	PROTEIN
g17187.t1	g17187.t1	1563	PROTEIN
g17188.t1	g17188.t1	341	PROTEIN
g17189.t1	g17189.t1	88	PROTEIN
g17190.t1	g17190.t1	151	PROTEIN
g17191.t1	g17191.t1	245	PROTEIN
g17192.t1	g17192.t1	957	PROTEIN
g17193.t1	g17193.t1	314	PROTEIN
g17194.t2	g17194.t2	1208	PROTEIN
g17195.t1	g17195.t1	617	PROTEIN
g17196.t1	g17196.t1	521	PROTEIN
g17197.t1	g17197.t1	299	PROTEIN
g17198.t1	g17198.t1	1713	PROTEIN
g17199.t1	g17199.t1	569	PROTEIN
g17200.t1	g17200.t1	103	PROTEIN
g17201.t1	g17201.t1	349	PROTEIN
g17202.t1	g17202.t1	1151	PROTEIN
g17203.t3	g17203.t3	258	PROTEIN
g17204.t1	g17204.t1	773	PROTEIN
g17205.t1	g17205.t1	635	PROTEIN
g17206.t1	g17206.t1	253	PROTEIN
g17207.t1	g17207.t1	579	PROTEIN
g17208.t1	g17208.t1	80	PROTEIN
g17209.t1	g17209.t1	115	PROTEIN
g17210.t1	g17210.t1	538	PROTEIN
g17211.t1	g17211.t1	569	PROTEIN
g17212.t1	g17212.t1	281	PROTEIN
g17213.t1	g17213.t1	345	PROTEIN
g17214.t1	g17214.t1	203	PROTEIN
g17215.t1	g17215.t1	435	PROTEIN
g17216.t1	g17216.t1	118	PROTEIN
g17217.t1	g17217.t1	639	PROTEIN
g17218.t1	g17218.t1	383	PROTEIN
g17219.t1	g17219.t1	520	PROTEIN
g17220.t1	g17220.t1	430	PROTEIN
g17221.t1	g17221.t1	473	PROTEIN
g17222.t1	g17222.t1	882	PROTEIN
g17223.t1	g17223.t1	199	PROTEIN
g17224.t1	g17224.t1	371	PROTEIN
g17225.t1	g17225.t1	683	PROTEIN
g17226.t1	g17226.t1	118	PROTEIN
g17227.t1	g17227.t1	746	PROTEIN
g17228.t1	g17228.t1	375	PROTEIN
g17229.t1	g17229.t1	98	PROTEIN
g17230.t1	g17230.t1	561	PROTEIN
g17231.t1	g17231.t1	115	PROTEIN
g17232.t1	g17232.t1	242	PROTEIN
g17233.t1	g17233.t1	669	PROTEIN
g17234.t1	g17234.t1	135	PROTEIN
g17235.t1	g17235.t1	356	PROTEIN
g17236.t1	g17236.t1	140	PROTEIN
g17237.t1	g17237.t1	375	PROTEIN
g17238.t1	g17238.t1	107	PROTEIN
g17239.t1	g17239.t1	129	PROTEIN
g17240.t1	g17240.t1	181	PROTEIN
g17241.t1	g17241.t1	69	PROTEIN
g17242.t1	g17242.t1	317	PROTEIN
g17243.t1	g17243.t1	455	PROTEIN
g17244.t1	g17244.t1	832	PROTEIN
g17245.t1	g17245.t1	291	PROTEIN
g17246.t1	g17246.t1	104	PROTEIN
g17247.t1	g17247.t1	102	PROTEIN
g17248.t1	g17248.t1	208	PROTEIN
g17249.t1	g17249.t1	100	PROTEIN
g17250.t1	g17250.t1	593	PROTEIN
g17251.t1	g17251.t1	87	PROTEIN
g17252.t1	g17252.t1	692	PROTEIN
g17253.t1	g17253.t1	107	PROTEIN
g17254.t1	g17254.t1	83	PROTEIN
g17255.t1	g17255.t1	108	PROTEIN
g17256.t1	g17256.t1	733	PROTEIN
g17257.t1	g17257.t1	200	PROTEIN
g17258.t1	g17258.t1	187	PROTEIN
g17259.t1	g17259.t1	1757	PROTEIN
g17260.t1	g17260.t1	91	PROTEIN
g17261.t1	g17261.t1	1022	PROTEIN
g17262.t1	g17262.t1	366	PROTEIN
g17263.t1	g17263.t1	142	PROTEIN
g17264.t1	g17264.t1	179	PROTEIN
g17265.t1	g17265.t1	181	PROTEIN
g17266.t1	g17266.t1	67	PROTEIN
g17267.t1	g17267.t1	142	PROTEIN
g17268.t1	g17268.t1	85	PROTEIN
g17269.t1	g17269.t1	423	PROTEIN
g17270.t1	g17270.t1	109	PROTEIN
g17271.t1	g17271.t1	146	PROTEIN
g17272.t1	g17272.t1	857	PROTEIN
g17273.t1	g17273.t1	539	PROTEIN
g17274.t4	g17274.t4	640	PROTEIN
g17275.t1	g17275.t1	274	PROTEIN
g17276.t1	g17276.t1	544	PROTEIN
g17277.t1	g17277.t1	177	PROTEIN
g17278.t1	g17278.t1	852	PROTEIN
g17279.t1	g17279.t1	77	PROTEIN
g17280.t1	g17280.t1	472	PROTEIN
g17281.t1	g17281.t1	96	PROTEIN
g17282.t1	g17282.t1	53	PROTEIN
g17283.t2	g17283.t2	592	PROTEIN
g17284.t1	g17284.t1	506	PROTEIN
g17285.t1	g17285.t1	307	PROTEIN
g17286.t1	g17286.t1	214	PROTEIN
g17287.t1	g17287.t1	520	PROTEIN
g17288.t1	g17288.t1	504	PROTEIN
g17289.t1	g17289.t1	332	PROTEIN
g17290.t1	g17290.t1	70	PROTEIN
g17291.t1	g17291.t1	236	PROTEIN
g17292.t1	g17292.t1	134	PROTEIN
g17293.t1	g17293.t1	68	PROTEIN
g17294.t1	g17294.t1	369	PROTEIN
g17295.t1	g17295.t1	84	PROTEIN
g17296.t1	g17296.t1	526	PROTEIN
g17297.t1	g17297.t1	98	PROTEIN
g17298.t1	g17298.t1	443	PROTEIN
g17299.t1	g17299.t1	620	PROTEIN
g17300.t1	g17300.t1	302	PROTEIN
g17301.t1	g17301.t1	648	PROTEIN
g17302.t1	g17302.t1	695	PROTEIN
g17303.t1	g17303.t1	218	PROTEIN
g17304.t1	g17304.t1	262	PROTEIN
g17305.t1	g17305.t1	745	PROTEIN
g17306.t1	g17306.t1	319	PROTEIN
g17307.t1	g17307.t1	242	PROTEIN
g17308.t1	g17308.t1	628	PROTEIN
g17309.t1	g17309.t1	455	PROTEIN
g17310.t1	g17310.t1	240	PROTEIN
g17311.t1	g17311.t1	1003	PROTEIN
g17312.t1	g17312.t1	67	PROTEIN
g17313.t1	g17313.t1	92	PROTEIN
g17314.t1	g17314.t1	72	PROTEIN
g17315.t1	g17315.t1	107	PROTEIN
g17316.t1	g17316.t1	255	PROTEIN
g17317.t1	g17317.t1	746	PROTEIN
g17318.t1	g17318.t1	165	PROTEIN
g17319.t1	g17319.t1	161	PROTEIN
g17320.t1	g17320.t1	108	PROTEIN
g17321.t1	g17321.t1	106	PROTEIN
g17322.t1	g17322.t1	118	PROTEIN
g17323.t1	g17323.t1	83	PROTEIN
g17324.t1	g17324.t1	103	PROTEIN
g17325.t1	g17325.t1	146	PROTEIN
g17326.t1	g17326.t1	189	PROTEIN
g17327.t1	g17327.t1	306	PROTEIN
g17328.t1	g17328.t1	75	PROTEIN
g17329.t1	g17329.t1	265	PROTEIN
g17330.t1	g17330.t1	200	PROTEIN
g17331.t1	g17331.t1	141	PROTEIN
g17332.t1	g17332.t1	137	PROTEIN
g17333.t1	g17333.t1	374	PROTEIN
g17334.t1	g17334.t1	150	PROTEIN
g17335.t1	g17335.t1	210	PROTEIN
g17336.t1	g17336.t1	141	PROTEIN
g17337.t1	g17337.t1	191	PROTEIN
g17338.t1	g17338.t1	232	PROTEIN
g17339.t1	g17339.t1	282	PROTEIN
g17340.t1	g17340.t1	177	PROTEIN
g17341.t1	g17341.t1	173	PROTEIN
g17342.t1	g17342.t1	308	PROTEIN
g17343.t1	g17343.t1	163	PROTEIN
g17344.t1	g17344.t1	255	PROTEIN
g17345.t1	g17345.t1	97	PROTEIN
g17346.t1	g17346.t1	139	PROTEIN
g17347.t1	g17347.t1	374	PROTEIN
g17348.t1	g17348.t1	160	PROTEIN
g17349.t1	g17349.t1	151	PROTEIN
g17350.t1	g17350.t1	185	PROTEIN
g17351.t1	g17351.t1	261	PROTEIN
g17352.t1	g17352.t1	85	PROTEIN
g17353.t1	g17353.t1	91	PROTEIN
g17354.t2	g17354.t2	394	PROTEIN
g17355.t1	g17355.t1	1238	PROTEIN
g17356.t1	g17356.t1	412	PROTEIN
g17357.t1	g17357.t1	409	PROTEIN
g17358.t1	g17358.t1	392	PROTEIN
g17359.t1	g17359.t1	392	PROTEIN
g17360.t2	g17360.t2	363	PROTEIN
g17361.t1	g17361.t1	611	PROTEIN
g17362.t1	g17362.t1	107	PROTEIN
g17363.t1	g17363.t1	495	PROTEIN
g17364.t1	g17364.t1	578	PROTEIN
g17365.t1	g17365.t1	93	PROTEIN
g17366.t1	g17366.t1	739	PROTEIN
g17367.t1	g17367.t1	107	PROTEIN
g17368.t1	g17368.t1	105	PROTEIN
g17369.t1	g17369.t1	283	PROTEIN
g17370.t1	g17370.t1	79	PROTEIN
g17371.t1	g17371.t1	506	PROTEIN
g17372.t1	g17372.t1	592	PROTEIN
g17373.t1	g17373.t1	129	PROTEIN
g17374.t1	g17374.t1	104	PROTEIN
g17375.t1	g17375.t1	186	PROTEIN
g17376.t1	g17376.t1	263	PROTEIN
g17377.t1	g17377.t1	60	PROTEIN
g17378.t1	g17378.t1	100	PROTEIN
g17379.t1	g17379.t1	238	PROTEIN
g17380.t1	g17380.t1	92	PROTEIN
g17381.t1	g17381.t1	344	PROTEIN
g17382.t1	g17382.t1	116	PROTEIN
g17383.t1	g17383.t1	106	PROTEIN
g17384.t1	g17384.t1	114	PROTEIN
g17385.t1	g17385.t1	84	PROTEIN
g17386.t1	g17386.t1	87	PROTEIN
g17387.t1	g17387.t1	69	PROTEIN
g17388.t1	g17388.t1	167	PROTEIN
g17389.t1	g17389.t1	162	PROTEIN
g17390.t2	g17390.t2	508	PROTEIN
g17391.t1	g17391.t1	214	PROTEIN
g17392.t1	g17392.t1	186	PROTEIN
g17393.t1	g17393.t1	451	PROTEIN
g17394.t1	g17394.t1	160	PROTEIN
g17395.t1	g17395.t1	78	PROTEIN
g17396.t1	g17396.t1	660	PROTEIN
g17397.t1	g17397.t1	474	PROTEIN
g17398.t1	g17398.t1	474	PROTEIN
g17399.t1	g17399.t1	102	PROTEIN
g17400.t1	g17400.t1	688	PROTEIN
g17401.t1	g17401.t1	88	PROTEIN
g17402.t1	g17402.t1	200	PROTEIN
g17403.t1	g17403.t1	276	PROTEIN
g17404.t1	g17404.t1	187	PROTEIN
g17405.t2	g17405.t2	570	PROTEIN
g17406.t1	g17406.t1	354	PROTEIN
g17407.t1	g17407.t1	628	PROTEIN
g17408.t1	g17408.t1	393	PROTEIN
g17409.t1	g17409.t1	221	PROTEIN
g17410.t1	g17410.t1	76	PROTEIN
g17411.t1	g17411.t1	169	PROTEIN
g17412.t1	g17412.t1	87	PROTEIN
g17413.t1	g17413.t1	244	PROTEIN
g17414.t1	g17414.t1	99	PROTEIN
g17415.t1	g17415.t1	74	PROTEIN
g17416.t1	g17416.t1	325	PROTEIN
g17417.t1	g17417.t1	439	PROTEIN
g17418.t1	g17418.t1	207	PROTEIN
g17419.t1	g17419.t1	233	PROTEIN
g17420.t1	g17420.t1	333	PROTEIN
g17421.t1	g17421.t1	317	PROTEIN
g17422.t2	g17422.t2	130	PROTEIN
g17423.t1	g17423.t1	207	PROTEIN
g17424.t1	g17424.t1	84	PROTEIN
g17425.t1	g17425.t1	382	PROTEIN
g17426.t1	g17426.t1	929	PROTEIN
g17427.t1	g17427.t1	670	PROTEIN
g17428.t1	g17428.t1	402	PROTEIN
g17429.t2	g17429.t2	1218	PROTEIN
g17430.t1	g17430.t1	295	PROTEIN
g17431.t1	g17431.t1	120	PROTEIN
g17432.t1	g17432.t1	183	PROTEIN
g17433.t1	g17433.t1	72	PROTEIN
g17434.t1	g17434.t1	134	PROTEIN
g17435.t1	g17435.t1	155	PROTEIN
g17436.t1	g17436.t1	158	PROTEIN
g17437.t1	g17437.t1	191	PROTEIN
g17438.t1	g17438.t1	327	PROTEIN
g17439.t1	g17439.t1	143	PROTEIN
g17440.t1	g17440.t1	467	PROTEIN
g17441.t1	g17441.t1	212	PROTEIN
g17442.t1	g17442.t1	402	PROTEIN
g17443.t1	g17443.t1	102	PROTEIN
g17444.t1	g17444.t1	135	PROTEIN
g17445.t1	g17445.t1	850	PROTEIN
g17446.t1	g17446.t1	239	PROTEIN
g17447.t1	g17447.t1	248	PROTEIN
g17448.t1	g17448.t1	402	PROTEIN
g17449.t1	g17449.t1	90	PROTEIN
g17450.t1	g17450.t1	159	PROTEIN
g17451.t1	g17451.t1	810	PROTEIN
g17452.t2	g17452.t2	230	PROTEIN
g17453.t1	g17453.t1	837	PROTEIN
g17454.t2	g17454.t2	925	PROTEIN
g17455.t1	g17455.t1	101	PROTEIN
g17456.t1	g17456.t1	225	PROTEIN
g17457.t1	g17457.t1	69	PROTEIN
g17458.t1	g17458.t1	104	PROTEIN
g17459.t1	g17459.t1	102	PROTEIN
g17460.t1	g17460.t1	130	PROTEIN
g17461.t1	g17461.t1	593	PROTEIN
g17462.t1	g17462.t1	143	PROTEIN
g17463.t1	g17463.t1	184	PROTEIN
g17464.t1	g17464.t1	1221	PROTEIN
g17465.t2	g17465.t2	592	PROTEIN
g17466.t2	g17466.t2	611	PROTEIN
g17467.t1	g17467.t1	980	PROTEIN
g17468.t1	g17468.t1	282	PROTEIN
g17469.t1	g17469.t1	154	PROTEIN
g17470.t1	g17470.t1	423	PROTEIN
g17471.t2	g17471.t2	142	PROTEIN
g17472.t1	g17472.t1	51	PROTEIN
g17473.t1	g17473.t1	760	PROTEIN
g17474.t1	g17474.t1	111	PROTEIN
g17475.t1	g17475.t1	202	PROTEIN
g17476.t1	g17476.t1	703	PROTEIN
g17477.t1	g17477.t1	70	PROTEIN
g17478.t1	g17478.t1	950	PROTEIN
g17479.t1	g17479.t1	975	PROTEIN
g17480.t1	g17480.t1	334	PROTEIN
g17481.t1	g17481.t1	132	PROTEIN
g17482.t1	g17482.t1	258	PROTEIN
g17483.t1	g17483.t1	355	PROTEIN
g17484.t1	g17484.t1	713	PROTEIN
g17485.t1	g17485.t1	255	PROTEIN
g17486.t1	g17486.t1	252	PROTEIN
g17487.t1	g17487.t1	608	PROTEIN
g17488.t1	g17488.t1	570	PROTEIN
g17489.t1	g17489.t1	105	PROTEIN
g17490.t1	g17490.t1	244	PROTEIN
g17491.t1	g17491.t1	80	PROTEIN
g17492.t1	g17492.t1	495	PROTEIN
g17493.t1	g17493.t1	103	PROTEIN
g17494.t1	g17494.t1	2130	PROTEIN
g17495.t1	g17495.t1	136	PROTEIN
g17496.t1	g17496.t1	119	PROTEIN
g17497.t1	g17497.t1	159	PROTEIN
g17498.t1	g17498.t1	169	PROTEIN
g17499.t1	g17499.t1	102	PROTEIN
g17500.t1	g17500.t1	56	PROTEIN
g17501.t1	g17501.t1	194	PROTEIN
g17502.t1	g17502.t1	236	PROTEIN
g17503.t1	g17503.t1	82	PROTEIN
g17504.t1	g17504.t1	717	PROTEIN
g17505.t1	g17505.t1	131	PROTEIN
g17506.t1	g17506.t1	473	PROTEIN
g17507.t1	g17507.t1	137	PROTEIN
g17508.t1	g17508.t1	103	PROTEIN
g17509.t1	g17509.t1	104	PROTEIN
g17510.t1	g17510.t1	515	PROTEIN
g17511.t1	g17511.t1	266	PROTEIN
g17512.t2	g17512.t2	350	PROTEIN
g17513.t1	g17513.t1	508	PROTEIN
g17514.t1	g17514.t1	137	PROTEIN
g17515.t1	g17515.t1	506	PROTEIN
g17516.t1	g17516.t1	118	PROTEIN
g17517.t1	g17517.t1	132	PROTEIN
g17518.t1	g17518.t1	194	PROTEIN
g17519.t1	g17519.t1	181	PROTEIN
g17520.t1	g17520.t1	220	PROTEIN
g17521.t1	g17521.t1	138	PROTEIN
g17522.t1	g17522.t1	223	PROTEIN
g17523.t1	g17523.t1	57	PROTEIN
g17524.t1	g17524.t1	117	PROTEIN
g17525.t1	g17525.t1	626	PROTEIN
g17526.t1	g17526.t1	449	PROTEIN
g17527.t1	g17527.t1	624	PROTEIN
g17528.t1	g17528.t1	73	PROTEIN
g17529.t1	g17529.t1	102	PROTEIN
g17530.t1	g17530.t1	293	PROTEIN
g17531.t1	g17531.t1	84	PROTEIN
g17532.t1	g17532.t1	90	PROTEIN
g17533.t1	g17533.t1	523	PROTEIN
g17534.t1	g17534.t1	593	PROTEIN
g17535.t1	g17535.t1	133	PROTEIN
g17536.t1	g17536.t1	317	PROTEIN
g17537.t1	g17537.t1	265	PROTEIN
g17538.t1	g17538.t1	524	PROTEIN
g17539.t1	g17539.t1	93	PROTEIN
g17540.t1	g17540.t1	76	PROTEIN
g17541.t1	g17541.t1	104	PROTEIN
g17542.t1	g17542.t1	148	PROTEIN
g17543.t1	g17543.t1	83	PROTEIN
g17544.t1	g17544.t1	242	PROTEIN
g17545.t1	g17545.t1	146	PROTEIN
g17546.t1	g17546.t1	88	PROTEIN
g17547.t1	g17547.t1	68	PROTEIN
g17548.t1	g17548.t1	301	PROTEIN
g17549.t1	g17549.t1	159	PROTEIN
g17550.t1	g17550.t1	405	PROTEIN
g17551.t2	g17551.t2	642	PROTEIN
g17552.t1	g17552.t1	108	PROTEIN
g17553.t1	g17553.t1	123	PROTEIN
g17554.t1	g17554.t1	791	PROTEIN
g17555.t1	g17555.t1	136	PROTEIN
g17556.t1	g17556.t1	80	PROTEIN
g17557.t2	g17557.t2	1635	PROTEIN
g17558.t1	g17558.t1	185	PROTEIN
g17559.t1	g17559.t1	79	PROTEIN
g17560.t1	g17560.t1	123	PROTEIN
g17561.t1	g17561.t1	823	PROTEIN
g17562.t1	g17562.t1	354	PROTEIN
g17563.t1	g17563.t1	281	PROTEIN
g17564.t1	g17564.t1	161	PROTEIN
g17565.t1	g17565.t1	187	PROTEIN
g17566.t1	g17566.t1	133	PROTEIN
g17567.t1	g17567.t1	77	PROTEIN
g17568.t1	g17568.t1	301	PROTEIN
g17569.t1	g17569.t1	193	PROTEIN
g17570.t2	g17570.t2	144	PROTEIN
g17571.t1	g17571.t1	753	PROTEIN
g17572.t1	g17572.t1	871	PROTEIN
g17573.t1	g17573.t1	95	PROTEIN
g17574.t1	g17574.t1	494	PROTEIN
g17575.t1	g17575.t1	47	PROTEIN
g17576.t1	g17576.t1	331	PROTEIN
g17577.t1	g17577.t1	58	PROTEIN
g17578.t1	g17578.t1	61	PROTEIN
g17579.t1	g17579.t1	254	PROTEIN
g17580.t1	g17580.t1	682	PROTEIN
g17581.t1	g17581.t1	110	PROTEIN
g17582.t1	g17582.t1	391	PROTEIN
g17583.t1	g17583.t1	309	PROTEIN
g17584.t1	g17584.t1	193	PROTEIN
g17585.t1	g17585.t1	85	PROTEIN
g17586.t1	g17586.t1	652	PROTEIN
g17587.t1	g17587.t1	107	PROTEIN
g17588.t1	g17588.t1	113	PROTEIN
g17589.t1	g17589.t1	184	PROTEIN
g17590.t1	g17590.t1	1982	PROTEIN
g17591.t1	g17591.t1	50	PROTEIN
g17592.t1	g17592.t1	828	PROTEIN
g17593.t1	g17593.t1	1315	PROTEIN
g17594.t1	g17594.t1	2129	PROTEIN
g17595.t1	g17595.t1	145	PROTEIN
g17596.t1	g17596.t1	66	PROTEIN
g17597.t1	g17597.t1	119	PROTEIN
g17598.t1	g17598.t1	98	PROTEIN
g17599.t1	g17599.t1	879	PROTEIN
g17600.t1	g17600.t1	76	PROTEIN
g17601.t1	g17601.t1	353	PROTEIN
g17602.t1	g17602.t1	150	PROTEIN
g17603.t1	g17603.t1	4253	PROTEIN
g17604.t3	g17604.t3	701	PROTEIN
g17605.t1	g17605.t1	99	PROTEIN
g17606.t1	g17606.t1	97	PROTEIN
g17607.t1	g17607.t1	94	PROTEIN
g17608.t1	g17608.t1	124	PROTEIN
g17609.t1	g17609.t1	789	PROTEIN
g17610.t1	g17610.t1	380	PROTEIN
g17611.t1	g17611.t1	984	PROTEIN
g17612.t1	g17612.t1	463	PROTEIN
g17613.t1	g17613.t1	89	PROTEIN
g17614.t1	g17614.t1	144	PROTEIN
g17615.t1	g17615.t1	169	PROTEIN
g17616.t1	g17616.t1	357	PROTEIN
g17617.t1	g17617.t1	175	PROTEIN
g17618.t1	g17618.t1	410	PROTEIN
g17619.t1	g17619.t1	277	PROTEIN
g17620.t1	g17620.t1	89	PROTEIN
g17621.t1	g17621.t1	448	PROTEIN
g17622.t1	g17622.t1	223	PROTEIN
g17623.t1	g17623.t1	118	PROTEIN
g17624.t1	g17624.t1	173	PROTEIN
g17625.t1	g17625.t1	205	PROTEIN
g17626.t1	g17626.t1	22	PROTEIN
g17627.t1	g17627.t1	86	PROTEIN
g17628.t1	g17628.t1	314	PROTEIN
g17629.t1	g17629.t1	977	PROTEIN
g17630.t1	g17630.t1	272	PROTEIN
g17631.t1	g17631.t1	85	PROTEIN
g17632.t1	g17632.t1	342	PROTEIN
g17633.t1	g17633.t1	408	PROTEIN
g17634.t1	g17634.t1	142	PROTEIN
g17635.t1	g17635.t1	163	PROTEIN
g17636.t1	g17636.t1	79	PROTEIN
g17637.t1	g17637.t1	144	PROTEIN
g17638.t1	g17638.t1	1215	PROTEIN
g17639.t1	g17639.t1	616	PROTEIN
g17640.t1	g17640.t1	1216	PROTEIN
g17641.t1	g17641.t1	146	PROTEIN
g17642.t1	g17642.t1	258	PROTEIN
g17643.t1	g17643.t1	1733	PROTEIN
g17644.t1	g17644.t1	121	PROTEIN
g17645.t1	g17645.t1	96	PROTEIN
g17646.t1	g17646.t1	381	PROTEIN
g17647.t1	g17647.t1	105	PROTEIN
g17648.t1	g17648.t1	987	PROTEIN
g17649.t1	g17649.t1	172	PROTEIN
g17650.t1	g17650.t1	143	PROTEIN
g17651.t1	g17651.t1	507	PROTEIN
g17652.t1	g17652.t1	119	PROTEIN
g17653.t1	g17653.t1	253	PROTEIN
g17654.t1	g17654.t1	342	PROTEIN
g17655.t1	g17655.t1	309	PROTEIN
g17656.t1	g17656.t1	464	PROTEIN
g17657.t1	g17657.t1	356	PROTEIN
g17658.t1	g17658.t1	253	PROTEIN
g17659.t1	g17659.t1	271	PROTEIN
g17660.t1	g17660.t1	857	PROTEIN
g17661.t1	g17661.t1	695	PROTEIN
g17662.t1	g17662.t1	283	PROTEIN
g17663.t1	g17663.t1	506	PROTEIN
g17664.t1	g17664.t1	384	PROTEIN
g17665.t1	g17665.t1	104	PROTEIN
g17666.t1	g17666.t1	108	PROTEIN
g17667.t1	g17667.t1	86	PROTEIN
g17668.t1	g17668.t1	141	PROTEIN
g17669.t1	g17669.t1	139	PROTEIN
g17670.t1	g17670.t1	92	PROTEIN
g17671.t1	g17671.t1	122	PROTEIN
g17672.t1	g17672.t1	71	PROTEIN
g17673.t3	g17673.t3	803	PROTEIN
g17674.t1	g17674.t1	396	PROTEIN
g17675.t1	g17675.t1	459	PROTEIN
g17676.t1	g17676.t1	128	PROTEIN
g17677.t1	g17677.t1	260	PROTEIN
g17678.t1	g17678.t1	291	PROTEIN
g17679.t1	g17679.t1	584	PROTEIN
g17680.t2	g17680.t2	166	PROTEIN
g17681.t1	g17681.t1	409	PROTEIN
g17682.t1	g17682.t1	1087	PROTEIN
g17683.t1	g17683.t1	51	PROTEIN
g17684.t1	g17684.t1	72	PROTEIN
g17685.t1	g17685.t1	440	PROTEIN
g17686.t1	g17686.t1	593	PROTEIN
g17687.t1	g17687.t1	101	PROTEIN
g17688.t1	g17688.t1	171	PROTEIN
g17689.t1	g17689.t1	108	PROTEIN
g17690.t1	g17690.t1	827	PROTEIN
g17691.t1	g17691.t1	273	PROTEIN
g17692.t1	g17692.t1	228	PROTEIN
g17693.t1	g17693.t1	396	PROTEIN
g17694.t1	g17694.t1	117	PROTEIN
g17695.t1	g17695.t1	395	PROTEIN
g17696.t1	g17696.t1	668	PROTEIN
g17697.t1	g17697.t1	762	PROTEIN
g17698.t1	g17698.t1	596	PROTEIN
g17699.t1	g17699.t1	113	PROTEIN
g17700.t1	g17700.t1	998	PROTEIN
g17701.t1	g17701.t1	79	PROTEIN
g17702.t1	g17702.t1	68	PROTEIN
g17703.t1	g17703.t1	101	PROTEIN
g17704.t1	g17704.t1	172	PROTEIN
g17705.t1	g17705.t1	109	PROTEIN
g17706.t1	g17706.t1	1009	PROTEIN
g17707.t1	g17707.t1	174	PROTEIN
g17708.t1	g17708.t1	280	PROTEIN
g17709.t1	g17709.t1	114	PROTEIN
g17710.t1	g17710.t1	3692	PROTEIN
g17711.t1	g17711.t1	149	PROTEIN
g17712.t1	g17712.t1	373	PROTEIN
g17713.t1	g17713.t1	162	PROTEIN
g17714.t1	g17714.t1	335	PROTEIN
g17715.t1	g17715.t1	98	PROTEIN
g17716.t1	g17716.t1	109	PROTEIN
g17717.t1	g17717.t1	85	PROTEIN
g17718.t1	g17718.t1	780	PROTEIN
g17719.t1	g17719.t1	196	PROTEIN
g17720.t1	g17720.t1	229	PROTEIN
g17721.t1	g17721.t1	141	PROTEIN
g17722.t1	g17722.t1	376	PROTEIN
g17723.t1	g17723.t1	112	PROTEIN
g17724.t1	g17724.t1	74	PROTEIN
g17725.t1	g17725.t1	96	PROTEIN
g17726.t1	g17726.t1	162	PROTEIN
g17727.t1	g17727.t1	747	PROTEIN
g17728.t1	g17728.t1	103	PROTEIN
g17729.t1	g17729.t1	124	PROTEIN
g17730.t1	g17730.t1	509	PROTEIN
g17731.t1	g17731.t1	156	PROTEIN
g17732.t1	g17732.t1	542	PROTEIN
g17733.t1	g17733.t1	739	PROTEIN
g17734.t1	g17734.t1	196	PROTEIN
g17735.t1	g17735.t1	694	PROTEIN
g17736.t1	g17736.t1	240	PROTEIN
g17737.t1	g17737.t1	95	PROTEIN
g17738.t1	g17738.t1	166	PROTEIN
g17739.t1	g17739.t1	1110	PROTEIN
g17740.t1	g17740.t1	213	PROTEIN
g17741.t1	g17741.t1	652	PROTEIN
g17742.t1	g17742.t1	1538	PROTEIN
g17743.t1	g17743.t1	465	PROTEIN
g17744.t1	g17744.t1	81	PROTEIN
g17745.t1	g17745.t1	525	PROTEIN
g17746.t1	g17746.t1	958	PROTEIN
g17747.t1	g17747.t1	107	PROTEIN
g17748.t1	g17748.t1	145	PROTEIN
g17749.t1	g17749.t1	305	PROTEIN
g17750.t1	g17750.t1	322	PROTEIN
g17751.t1	g17751.t1	157	PROTEIN
g17752.t1	g17752.t1	210	PROTEIN
g17753.t1	g17753.t1	107	PROTEIN
g17754.t1	g17754.t1	944	PROTEIN
g17755.t1	g17755.t1	87	PROTEIN
g17756.t1	g17756.t1	98	PROTEIN
g17757.t1	g17757.t1	100	PROTEIN
g17758.t1	g17758.t1	87	PROTEIN
g17759.t1	g17759.t1	126	PROTEIN
g17760.t1	g17760.t1	858	PROTEIN
g17761.t1	g17761.t1	208	PROTEIN
g17762.t1	g17762.t1	139	PROTEIN
g17763.t1	g17763.t1	212	PROTEIN
g17764.t1	g17764.t1	870	PROTEIN
g17765.t1	g17765.t1	200	PROTEIN
g17766.t1	g17766.t1	492	PROTEIN
g17767.t1	g17767.t1	146	PROTEIN
g17768.t1	g17768.t1	92	PROTEIN
g17769.t1	g17769.t1	801	PROTEIN
g17770.t1	g17770.t1	149	PROTEIN
g17771.t1	g17771.t1	309	PROTEIN
g17772.t1	g17772.t1	91	PROTEIN
g17773.t1	g17773.t1	195	PROTEIN
g17774.t1	g17774.t1	340	PROTEIN
g17775.t1	g17775.t1	76	PROTEIN
g17776.t1	g17776.t1	331	PROTEIN
g17777.t1	g17777.t1	872	PROTEIN
g17778.t1	g17778.t1	754	PROTEIN
g17779.t1	g17779.t1	252	PROTEIN
g17780.t1	g17780.t1	2338	PROTEIN
g17781.t1	g17781.t1	490	PROTEIN
g17782.t1	g17782.t1	244	PROTEIN
g17783.t1	g17783.t1	98	PROTEIN
g17784.t1	g17784.t1	186	PROTEIN
g17785.t1	g17785.t1	654	PROTEIN
g17786.t1	g17786.t1	82	PROTEIN
g17787.t1	g17787.t1	255	PROTEIN
g17788.t1	g17788.t1	40	PROTEIN
g17789.t1	g17789.t1	225	PROTEIN
g17790.t1	g17790.t1	331	PROTEIN
g17791.t1	g17791.t1	235	PROTEIN
g17792.t1	g17792.t1	265	PROTEIN
g17793.t1	g17793.t1	551	PROTEIN
g17794.t1	g17794.t1	331	PROTEIN
g17795.t1	g17795.t1	149	PROTEIN
g17796.t1	g17796.t1	1042	PROTEIN
g17797.t1	g17797.t1	384	PROTEIN
g17798.t1	g17798.t1	186	PROTEIN
g17799.t1	g17799.t1	306	PROTEIN
g17800.t1	g17800.t1	82	PROTEIN
g17801.t1	g17801.t1	59	PROTEIN
g17802.t1	g17802.t1	161	PROTEIN
g17803.t1	g17803.t1	191	PROTEIN
g17804.t1	g17804.t1	99	PROTEIN
g17805.t1	g17805.t1	284	PROTEIN
g17806.t1	g17806.t1	85	PROTEIN
g17807.t1	g17807.t1	1217	PROTEIN
g17808.t1	g17808.t1	296	PROTEIN
g17809.t1	g17809.t1	165	PROTEIN
g17810.t1	g17810.t1	173	PROTEIN
g17811.t1	g17811.t1	660	PROTEIN
g17812.t1	g17812.t1	177	PROTEIN
g17813.t1	g17813.t1	121	PROTEIN
g17814.t1	g17814.t1	195	PROTEIN
g17815.t1	g17815.t1	270	PROTEIN
g17816.t1	g17816.t1	642	PROTEIN
g17817.t1	g17817.t1	252	PROTEIN
g17818.t2	g17818.t2	873	PROTEIN
g17819.t2	g17819.t2	192	PROTEIN
g17820.t1	g17820.t1	95	PROTEIN
g17821.t1	g17821.t1	318	PROTEIN
g17822.t1	g17822.t1	691	PROTEIN
g17823.t1	g17823.t1	2888	PROTEIN
g17824.t1	g17824.t1	313	PROTEIN
g17825.t1	g17825.t1	262	PROTEIN
g17826.t1	g17826.t1	73	PROTEIN
g17827.t1	g17827.t1	1020	PROTEIN
g17828.t1	g17828.t1	455	PROTEIN
g17829.t1	g17829.t1	82	PROTEIN
g17830.t1	g17830.t1	222	PROTEIN
g17831.t1	g17831.t1	67	PROTEIN
g17832.t1	g17832.t1	139	PROTEIN
g17833.t1	g17833.t1	1917	PROTEIN
g17834.t1	g17834.t1	228	PROTEIN
g17835.t1	g17835.t1	1894	PROTEIN
g17836.t1	g17836.t1	82	PROTEIN
g17837.t1	g17837.t1	102	PROTEIN
g17838.t1	g17838.t1	585	PROTEIN
g17839.t1	g17839.t1	1010	PROTEIN
g17840.t1	g17840.t1	213	PROTEIN
g17841.t1	g17841.t1	232	PROTEIN
g17842.t1	g17842.t1	111	PROTEIN
g17843.t1	g17843.t1	312	PROTEIN
g17844.t1	g17844.t1	240	PROTEIN
g17845.t1	g17845.t1	163	PROTEIN
g17846.t1	g17846.t1	845	PROTEIN
g17847.t1	g17847.t1	92	PROTEIN
g17848.t1	g17848.t1	81	PROTEIN
g17849.t1	g17849.t1	79	PROTEIN
g17850.t1	g17850.t1	2399	PROTEIN
g17851.t1	g17851.t1	105	PROTEIN
g17852.t1	g17852.t1	99	PROTEIN
g17853.t1	g17853.t1	219	PROTEIN
g17854.t1	g17854.t1	232	PROTEIN
g17855.t1	g17855.t1	775	PROTEIN
g17856.t1	g17856.t1	195	PROTEIN
g17857.t1	g17857.t1	236	PROTEIN
g17858.t1	g17858.t1	746	PROTEIN
g17859.t1	g17859.t1	221	PROTEIN
g17860.t1	g17860.t1	689	PROTEIN
g17861.t1	g17861.t1	73	PROTEIN
g17862.t1	g17862.t1	441	PROTEIN
g17863.t1	g17863.t1	117	PROTEIN
g17864.t1	g17864.t1	101	PROTEIN
g17865.t1	g17865.t1	94	PROTEIN
g17866.t1	g17866.t1	101	PROTEIN
g17867.t1	g17867.t1	135	PROTEIN
g17868.t1	g17868.t1	113	PROTEIN
g17869.t1	g17869.t1	138	PROTEIN
g17870.t1	g17870.t1	347	PROTEIN
g17871.t1	g17871.t1	466	PROTEIN
g17872.t1	g17872.t1	316	PROTEIN
g17873.t1	g17873.t1	368	PROTEIN
g17874.t1	g17874.t1	220	PROTEIN
g17875.t1	g17875.t1	727	PROTEIN
g17876.t1	g17876.t1	82	PROTEIN
g17877.t1	g17877.t1	271	PROTEIN
g17878.t1	g17878.t1	153	PROTEIN
g17879.t1	g17879.t1	288	PROTEIN
g17880.t1	g17880.t1	120	PROTEIN
g17881.t1	g17881.t1	564	PROTEIN
g17882.t1	g17882.t1	41	PROTEIN
g17883.t1	g17883.t1	124	PROTEIN
g17884.t1	g17884.t1	101	PROTEIN
g17885.t1	g17885.t1	122	PROTEIN
g17886.t1	g17886.t1	688	PROTEIN
g17887.t1	g17887.t1	270	PROTEIN
g17888.t1	g17888.t1	202	PROTEIN
g17889.t1	g17889.t1	93	PROTEIN
g17890.t1	g17890.t1	318	PROTEIN
g17891.t1	g17891.t1	149	PROTEIN
g17892.t1	g17892.t1	211	PROTEIN
g17893.t1	g17893.t1	115	PROTEIN
g17894.t1	g17894.t1	132	PROTEIN
g17895.t1	g17895.t1	210	PROTEIN
g17896.t1	g17896.t1	788	PROTEIN
g17897.t1	g17897.t1	78	PROTEIN
g17898.t1	g17898.t1	132	PROTEIN
g17899.t1	g17899.t1	82	PROTEIN
g17900.t1	g17900.t1	89	PROTEIN
g17901.t1	g17901.t1	852	PROTEIN
g17902.t1	g17902.t1	187	PROTEIN
g17903.t1	g17903.t1	194	PROTEIN
g17904.t1	g17904.t1	2354	PROTEIN
g17905.t1	g17905.t1	90	PROTEIN
g17906.t1	g17906.t1	71	PROTEIN
g17907.t1	g17907.t1	261	PROTEIN
g17908.t2	g17908.t2	362	PROTEIN
g17909.t1	g17909.t1	324	PROTEIN
g17910.t1	g17910.t1	262	PROTEIN
g17911.t3	g17911.t3	890	PROTEIN
g17912.t1	g17912.t1	318	PROTEIN
g17913.t1	g17913.t1	359	PROTEIN
g17914.t1	g17914.t1	467	PROTEIN
g17915.t1	g17915.t1	122	PROTEIN
g17916.t1	g17916.t1	331	PROTEIN
g17917.t1	g17917.t1	347	PROTEIN
g17918.t1	g17918.t1	267	PROTEIN
g17919.t1	g17919.t1	411	PROTEIN
g17920.t1	g17920.t1	218	PROTEIN
g17921.t1	g17921.t1	946	PROTEIN
g17922.t1	g17922.t1	870	PROTEIN
g17923.t1	g17923.t1	592	PROTEIN
g17924.t1	g17924.t1	730	PROTEIN
g17925.t1	g17925.t1	222	PROTEIN
g17926.t1	g17926.t1	193	PROTEIN
g17927.t2	g17927.t2	567	PROTEIN
g17928.t1	g17928.t1	345	PROTEIN
g17929.t1	g17929.t1	1128	PROTEIN
g17930.t1	g17930.t1	112	PROTEIN
g17931.t1	g17931.t1	491	PROTEIN
g17932.t1	g17932.t1	479	PROTEIN
g17933.t1	g17933.t1	69	PROTEIN
g17934.t1	g17934.t1	1206	PROTEIN
g17935.t1	g17935.t1	369	PROTEIN
g17936.t1	g17936.t1	123	PROTEIN
g17937.t1	g17937.t1	93	PROTEIN
g17938.t1	g17938.t1	89	PROTEIN
g17939.t1	g17939.t1	244	PROTEIN
g17940.t1	g17940.t1	72	PROTEIN
g17941.t1	g17941.t1	1177	PROTEIN
g17942.t1	g17942.t1	1014	PROTEIN
g17943.t1	g17943.t1	114	PROTEIN
g17944.t1	g17944.t1	398	PROTEIN
g17945.t1	g17945.t1	280	PROTEIN
g17946.t1	g17946.t1	119	PROTEIN
g17947.t1	g17947.t1	218	PROTEIN
g17948.t1	g17948.t1	84	PROTEIN
g17949.t1	g17949.t1	77	PROTEIN
g17950.t1	g17950.t1	93	PROTEIN
g17951.t1	g17951.t1	79	PROTEIN
g17952.t1	g17952.t1	1292	PROTEIN
g17953.t1	g17953.t1	1364	PROTEIN
g17954.t1	g17954.t1	520	PROTEIN
g17955.t2	g17955.t2	2176	PROTEIN
g17956.t1	g17956.t1	197	PROTEIN
g17957.t1	g17957.t1	371	PROTEIN
g17958.t1	g17958.t1	473	PROTEIN
g17959.t1	g17959.t1	1494	PROTEIN
g17960.t1	g17960.t1	71	PROTEIN
g17961.t1	g17961.t1	111	PROTEIN
g17962.t1	g17962.t1	91	PROTEIN
g17963.t1	g17963.t1	260	PROTEIN
g17964.t1	g17964.t1	365	PROTEIN
g17965.t1	g17965.t1	208	PROTEIN
g17966.t1	g17966.t1	156	PROTEIN
g17967.t2	g17967.t2	466	PROTEIN
g17968.t1	g17968.t1	389	PROTEIN
g17969.t1	g17969.t1	353	PROTEIN
g17970.t1	g17970.t1	114	PROTEIN
g17971.t1	g17971.t1	447	PROTEIN
g17972.t1	g17972.t1	135	PROTEIN
g17973.t1	g17973.t1	303	PROTEIN
g17974.t1	g17974.t1	1066	PROTEIN
g17975.t1	g17975.t1	74	PROTEIN
g17976.t1	g17976.t1	102	PROTEIN
g17977.t1	g17977.t1	190	PROTEIN
g17978.t1	g17978.t1	119	PROTEIN
g17979.t1	g17979.t1	539	PROTEIN
g17980.t1	g17980.t1	78	PROTEIN
g17981.t2	g17981.t2	758	PROTEIN
g17982.t1	g17982.t1	133	PROTEIN
g17983.t1	g17983.t1	110	PROTEIN
g17984.t1	g17984.t1	110	PROTEIN
g17985.t1	g17985.t1	716	PROTEIN
g17986.t1	g17986.t1	95	PROTEIN
g17987.t1	g17987.t1	75	PROTEIN
g17988.t1	g17988.t1	193	PROTEIN
g17989.t1	g17989.t1	56	PROTEIN
g17990.t1	g17990.t1	473	PROTEIN
g17991.t1	g17991.t1	1016	PROTEIN
g17992.t1	g17992.t1	644	PROTEIN
g17993.t1	g17993.t1	349	PROTEIN
g17994.t1	g17994.t1	100	PROTEIN
g17995.t1	g17995.t1	295	PROTEIN
g17996.t1	g17996.t1	239	PROTEIN
g17997.t1	g17997.t1	73	PROTEIN
g17998.t2	g17998.t2	1742	PROTEIN
g17999.t1	g17999.t1	1191	PROTEIN
g18000.t1	g18000.t1	242	PROTEIN
g18001.t1	g18001.t1	566	PROTEIN
g18002.t1	g18002.t1	84	PROTEIN
g18003.t4	g18003.t4	2285	PROTEIN
g18004.t1	g18004.t1	352	PROTEIN
g18005.t1	g18005.t1	174	PROTEIN
g18006.t1	g18006.t1	112	PROTEIN
g18007.t1	g18007.t1	66	PROTEIN
g18008.t2	g18008.t2	218	PROTEIN
g18009.t1	g18009.t1	542	PROTEIN
g18010.t1	g18010.t1	240	PROTEIN
g18011.t1	g18011.t1	150	PROTEIN
g18012.t1	g18012.t1	86	PROTEIN
g18013.t1	g18013.t1	750	PROTEIN
g18014.t1	g18014.t1	151	PROTEIN
g18015.t1	g18015.t1	829	PROTEIN
g18016.t1	g18016.t1	224	PROTEIN
g18017.t1	g18017.t1	151	PROTEIN
g18018.t1	g18018.t1	69	PROTEIN
g18019.t1	g18019.t1	433	PROTEIN
g18020.t1	g18020.t1	74	PROTEIN
g18021.t1	g18021.t1	119	PROTEIN
g18022.t1	g18022.t1	620	PROTEIN
g18023.t1	g18023.t1	441	PROTEIN
g18024.t1	g18024.t1	198	PROTEIN
g18025.t1	g18025.t1	198	PROTEIN
g18026.t1	g18026.t1	365	PROTEIN
g18027.t1	g18027.t1	138	PROTEIN
g18028.t1	g18028.t1	351	PROTEIN
g18029.t1	g18029.t1	72	PROTEIN
g18030.t1	g18030.t1	707	PROTEIN
g18031.t1	g18031.t1	68	PROTEIN
g18032.t1	g18032.t1	126	PROTEIN
g18033.t1	g18033.t1	144	PROTEIN
g18034.t1	g18034.t1	219	PROTEIN
g18035.t1	g18035.t1	321	PROTEIN
g18036.t1	g18036.t1	105	PROTEIN
g18037.t1	g18037.t1	524	PROTEIN
g18038.t1	g18038.t1	348	PROTEIN
g18039.t1	g18039.t1	297	PROTEIN
g18040.t1	g18040.t1	101	PROTEIN
g18041.t1	g18041.t1	149	PROTEIN
g18042.t1	g18042.t1	442	PROTEIN
g18043.t1	g18043.t1	555	PROTEIN
g18044.t1	g18044.t1	271	PROTEIN
g18045.t1	g18045.t1	61	PROTEIN
g18046.t1	g18046.t1	85	PROTEIN
g18047.t1	g18047.t1	406	PROTEIN
g18048.t1	g18048.t1	513	PROTEIN
g18049.t1	g18049.t1	91	PROTEIN
g18050.t1	g18050.t1	202	PROTEIN
g18051.t1	g18051.t1	521	PROTEIN
g18052.t1	g18052.t1	124	PROTEIN
g18053.t1	g18053.t1	100	PROTEIN
g18054.t1	g18054.t1	141	PROTEIN
g18055.t1	g18055.t1	126	PROTEIN
g18056.t1	g18056.t1	103	PROTEIN
g18057.t1	g18057.t1	94	PROTEIN
g18058.t1	g18058.t1	169	PROTEIN
g18059.t1	g18059.t1	652	PROTEIN
g18060.t1	g18060.t1	231	PROTEIN
g18061.t1	g18061.t1	585	PROTEIN
g18062.t1	g18062.t1	237	PROTEIN
g18063.t1	g18063.t1	164	PROTEIN
g18064.t1	g18064.t1	224	PROTEIN
g18065.t1	g18065.t1	102	PROTEIN
g18066.t1	g18066.t1	176	PROTEIN
g18067.t1	g18067.t1	137	PROTEIN
g18068.t1	g18068.t1	173	PROTEIN
g18069.t1	g18069.t1	157	PROTEIN
g18070.t1	g18070.t1	114	PROTEIN
g18071.t1	g18071.t1	467	PROTEIN
g18072.t1	g18072.t1	107	PROTEIN
g18073.t1	g18073.t1	224	PROTEIN
g18074.t1	g18074.t1	545	PROTEIN
g18075.t1	g18075.t1	87	PROTEIN
g18076.t1	g18076.t1	711	PROTEIN
g18077.t1	g18077.t1	207	PROTEIN
g18078.t1	g18078.t1	68	PROTEIN
g18079.t1	g18079.t1	586	PROTEIN
g18080.t1	g18080.t1	515	PROTEIN
g18081.t1	g18081.t1	291	PROTEIN
g18082.t1	g18082.t1	291	PROTEIN
g18083.t1	g18083.t1	730	PROTEIN
g18084.t1	g18084.t1	159	PROTEIN
g18085.t1	g18085.t1	142	PROTEIN
g18086.t1	g18086.t1	358	PROTEIN
g18087.t1	g18087.t1	78	PROTEIN
g18088.t1	g18088.t1	426	PROTEIN
g18089.t1	g18089.t1	274	PROTEIN
g18090.t1	g18090.t1	410	PROTEIN
g18091.t1	g18091.t1	209	PROTEIN
g18092.t1	g18092.t1	120	PROTEIN
g18093.t1	g18093.t1	286	PROTEIN
g18094.t1	g18094.t1	289	PROTEIN
g18095.t1	g18095.t1	99	PROTEIN
g18096.t1	g18096.t1	116	PROTEIN
g18097.t1	g18097.t1	238	PROTEIN
g18098.t1	g18098.t1	88	PROTEIN
g18099.t1	g18099.t1	121	PROTEIN
g18100.t1	g18100.t1	139	PROTEIN
g18101.t1	g18101.t1	98	PROTEIN
g18102.t2	g18102.t2	132	PROTEIN
g18103.t1	g18103.t1	316	PROTEIN
g18104.t1	g18104.t1	611	PROTEIN
g18105.t1	g18105.t1	1286	PROTEIN
g18106.t1	g18106.t1	221	PROTEIN
g18107.t2	g18107.t2	2641	PROTEIN
g18108.t2	g18108.t2	507	PROTEIN
g18109.t1	g18109.t1	222	PROTEIN
g18110.t1	g18110.t1	281	PROTEIN
g18111.t1	g18111.t1	181	PROTEIN
g18112.t1	g18112.t1	101	PROTEIN
g18113.t1	g18113.t1	110	PROTEIN
g18114.t2	g18114.t2	505	PROTEIN
g18115.t3	g18115.t3	681	PROTEIN
g18116.t1	g18116.t1	345	PROTEIN
g18117.t1	g18117.t1	736	PROTEIN
g18118.t1	g18118.t1	515	PROTEIN
g18119.t1	g18119.t1	113	PROTEIN
g18120.t1	g18120.t1	117	PROTEIN
g18121.t1	g18121.t1	89	PROTEIN
g18122.t1	g18122.t1	301	PROTEIN
g18123.t1	g18123.t1	39	PROTEIN
g18124.t1	g18124.t1	110	PROTEIN
g18125.t1	g18125.t1	87	PROTEIN
g18126.t1	g18126.t1	74	PROTEIN
g18127.t1	g18127.t1	96	PROTEIN
g18128.t1	g18128.t1	96	PROTEIN
g18129.t1	g18129.t1	210	PROTEIN
g18130.t1	g18130.t1	784	PROTEIN
g18131.t1	g18131.t1	423	PROTEIN
g18132.t1	g18132.t1	358	PROTEIN
g18133.t1	g18133.t1	89	PROTEIN
g18134.t1	g18134.t1	241	PROTEIN
g18135.t1	g18135.t1	213	PROTEIN
g18136.t1	g18136.t1	87	PROTEIN
g18137.t1	g18137.t1	232	PROTEIN
g18138.t1	g18138.t1	153	PROTEIN
g18139.t1	g18139.t1	153	PROTEIN
g18140.t1	g18140.t1	80	PROTEIN
g18141.t1	g18141.t1	78	PROTEIN
g18142.t1	g18142.t1	183	PROTEIN
g18143.t1	g18143.t1	156	PROTEIN
g18144.t1	g18144.t1	104	PROTEIN
g18145.t1	g18145.t1	92	PROTEIN
g18146.t1	g18146.t1	2122	PROTEIN
g18147.t1	g18147.t1	432	PROTEIN
g18148.t1	g18148.t1	273	PROTEIN
g18149.t1	g18149.t1	258	PROTEIN
g18150.t1	g18150.t1	96	PROTEIN
g18151.t1	g18151.t1	91	PROTEIN
g18152.t1	g18152.t1	372	PROTEIN
g18153.t1	g18153.t1	112	PROTEIN
g18154.t1	g18154.t1	434	PROTEIN
g18155.t1	g18155.t1	116	PROTEIN
g18156.t1	g18156.t1	456	PROTEIN
g18157.t1	g18157.t1	119	PROTEIN
g18158.t1	g18158.t1	483	PROTEIN
g18159.t2	g18159.t2	253	PROTEIN
g18160.t1	g18160.t1	621	PROTEIN
g18161.t1	g18161.t1	289	PROTEIN
g18162.t2	g18162.t2	583	PROTEIN
g18163.t1	g18163.t1	91	PROTEIN
g18164.t1	g18164.t1	635	PROTEIN
g18165.t1	g18165.t1	543	PROTEIN
g18166.t1	g18166.t1	150	PROTEIN
g18167.t1	g18167.t1	97	PROTEIN
g18168.t1	g18168.t1	132	PROTEIN
g18169.t1	g18169.t1	96	PROTEIN
g18170.t1	g18170.t1	140	PROTEIN
g18171.t1	g18171.t1	72	PROTEIN
g18172.t1	g18172.t1	547	PROTEIN
g18173.t1	g18173.t1	156	PROTEIN
g18174.t1	g18174.t1	673	PROTEIN
g18175.t1	g18175.t1	267	PROTEIN
g18176.t1	g18176.t1	210	PROTEIN
g18177.t1	g18177.t1	173	PROTEIN
g18178.t1	g18178.t1	2241	PROTEIN
g18179.t2	g18179.t2	317	PROTEIN
g18180.t1	g18180.t1	260	PROTEIN
g18181.t1	g18181.t1	866	PROTEIN
g18182.t1	g18182.t1	564	PROTEIN
g18183.t3	g18183.t3	852	PROTEIN
g18184.t1	g18184.t1	152	PROTEIN
g18185.t1	g18185.t1	110	PROTEIN
g18186.t1	g18186.t1	66	PROTEIN
g18187.t1	g18187.t1	226	PROTEIN
g18188.t1	g18188.t1	273	PROTEIN
g18189.t1	g18189.t1	77	PROTEIN
g18190.t1	g18190.t1	636	PROTEIN
g18191.t1	g18191.t1	871	PROTEIN
g18192.t1	g18192.t1	323	PROTEIN
g18193.t1	g18193.t1	147	PROTEIN
g18194.t1	g18194.t1	406	PROTEIN
g18195.t1	g18195.t1	178	PROTEIN
g18196.t1	g18196.t1	333	PROTEIN
g18197.t1	g18197.t1	917	PROTEIN
g18198.t1	g18198.t1	256	PROTEIN
g18199.t1	g18199.t1	448	PROTEIN
g18200.t1	g18200.t1	104	PROTEIN
g18201.t1	g18201.t1	1156	PROTEIN
g18202.t1	g18202.t1	217	PROTEIN
g18203.t1	g18203.t1	1193	PROTEIN
g18204.t1	g18204.t1	163	PROTEIN
g18205.t1	g18205.t1	97	PROTEIN
g18206.t1	g18206.t1	333	PROTEIN
g18207.t1	g18207.t1	571	PROTEIN
g18208.t1	g18208.t1	1004	PROTEIN
g18209.t1	g18209.t1	214	PROTEIN
g18210.t1	g18210.t1	372	PROTEIN
g18211.t1	g18211.t1	397	PROTEIN
g18212.t1	g18212.t1	74	PROTEIN
g18213.t1	g18213.t1	160	PROTEIN
g18214.t1	g18214.t1	129	PROTEIN
g18215.t1	g18215.t1	127	PROTEIN
g18216.t1	g18216.t1	84	PROTEIN
g18217.t1	g18217.t1	349	PROTEIN
g18218.t1	g18218.t1	271	PROTEIN
g18219.t1	g18219.t1	69	PROTEIN
g18220.t1	g18220.t1	497	PROTEIN
g18221.t1	g18221.t1	474	PROTEIN
g18222.t2	g18222.t2	393	PROTEIN
g18223.t1	g18223.t1	80	PROTEIN
g18224.t1	g18224.t1	424	PROTEIN
g18225.t1	g18225.t1	93	PROTEIN
g18226.t1	g18226.t1	286	PROTEIN
g18227.t1	g18227.t1	158	PROTEIN
g18228.t1	g18228.t1	105	PROTEIN
g18229.t1	g18229.t1	122	PROTEIN
g18230.t1	g18230.t1	195	PROTEIN
g18231.t1	g18231.t1	464	PROTEIN
g18232.t1	g18232.t1	192	PROTEIN
g18233.t1	g18233.t1	90	PROTEIN
g18234.t1	g18234.t1	113	PROTEIN
g18235.t1	g18235.t1	252	PROTEIN
g18236.t1	g18236.t1	193	PROTEIN
g18237.t1	g18237.t1	213	PROTEIN
g18238.t3	g18238.t3	1400	PROTEIN
g18239.t1	g18239.t1	290	PROTEIN
g18240.t1	g18240.t1	166	PROTEIN
g18241.t1	g18241.t1	880	PROTEIN
g18242.t1	g18242.t1	497	PROTEIN
g18243.t1	g18243.t1	112	PROTEIN
g18244.t1	g18244.t1	263	PROTEIN
g18245.t1	g18245.t1	313	PROTEIN
g18246.t1	g18246.t1	173	PROTEIN
g18247.t2	g18247.t2	475	PROTEIN
g18248.t1	g18248.t1	2568	PROTEIN
g18249.t1	g18249.t1	379	PROTEIN
g18250.t1	g18250.t1	141	PROTEIN
g18251.t1	g18251.t1	420	PROTEIN
g18252.t1	g18252.t1	247	PROTEIN
g18253.t1	g18253.t1	345	PROTEIN
g18254.t1	g18254.t1	446	PROTEIN
g18255.t1	g18255.t1	254	PROTEIN
g18256.t1	g18256.t1	161	PROTEIN
g18257.t1	g18257.t1	671	PROTEIN
g18258.t1	g18258.t1	152	PROTEIN
g18259.t1	g18259.t1	221	PROTEIN
g18260.t1	g18260.t1	748	PROTEIN
g18261.t1	g18261.t1	851	PROTEIN
g18262.t1	g18262.t1	720	PROTEIN
g18263.t2	g18263.t2	414	PROTEIN
g18264.t1	g18264.t1	107	PROTEIN
g18265.t1	g18265.t1	76	PROTEIN
g18266.t1	g18266.t1	501	PROTEIN
g18267.t1	g18267.t1	130	PROTEIN
g18268.t1	g18268.t1	373	PROTEIN
g18269.t1	g18269.t1	1216	PROTEIN
g18270.t1	g18270.t1	109	PROTEIN
g18271.t1	g18271.t1	461	PROTEIN
g18272.t1	g18272.t1	384	PROTEIN
g18273.t1	g18273.t1	568	PROTEIN
g18274.t1	g18274.t1	246	PROTEIN
g18275.t1	g18275.t1	173	PROTEIN
g18276.t1	g18276.t1	189	PROTEIN
g18277.t1	g18277.t1	132	PROTEIN
g18278.t1	g18278.t1	107	PROTEIN
g18279.t1	g18279.t1	164	PROTEIN
g18280.t1	g18280.t1	68	PROTEIN
g18281.t1	g18281.t1	43	PROTEIN
g18282.t1	g18282.t1	126	PROTEIN
g18283.t1	g18283.t1	91	PROTEIN
g18284.t1	g18284.t1	80	PROTEIN
g18285.t1	g18285.t1	120	PROTEIN
g18286.t1	g18286.t1	1102	PROTEIN
g18287.t1	g18287.t1	407	PROTEIN
g18288.t1	g18288.t1	736	PROTEIN
g18289.t1	g18289.t1	135	PROTEIN
g18290.t1	g18290.t1	319	PROTEIN
g18291.t1	g18291.t1	114	PROTEIN
g18292.t1	g18292.t1	787	PROTEIN
g18293.t1	g18293.t1	101	PROTEIN
g18294.t1	g18294.t1	452	PROTEIN
g18295.t1	g18295.t1	256	PROTEIN
g18296.t1	g18296.t1	110	PROTEIN
g18297.t1	g18297.t1	68	PROTEIN
g18298.t1	g18298.t1	755	PROTEIN
g18299.t1	g18299.t1	212	PROTEIN
g18300.t1	g18300.t1	67	PROTEIN
g18301.t1	g18301.t1	246	PROTEIN
g18302.t1	g18302.t1	157	PROTEIN
g18303.t1	g18303.t1	1791	PROTEIN
g18304.t1	g18304.t1	339	PROTEIN
g18305.t1	g18305.t1	67	PROTEIN
g18306.t1	g18306.t1	168	PROTEIN
g18307.t1	g18307.t1	169	PROTEIN
g18308.t1	g18308.t1	164	PROTEIN
g18309.t1	g18309.t1	224	PROTEIN
g18310.t1	g18310.t1	613	PROTEIN
g18311.t1	g18311.t1	85	PROTEIN
g18312.t1	g18312.t1	102	PROTEIN
g18313.t2	g18313.t2	390	PROTEIN
g18314.t1	g18314.t1	386	PROTEIN
g18315.t1	g18315.t1	418	PROTEIN
g18316.t1	g18316.t1	425	PROTEIN
g18317.t1	g18317.t1	333	PROTEIN
g18318.t1	g18318.t1	183	PROTEIN
g18319.t1	g18319.t1	306	PROTEIN
g18320.t1	g18320.t1	146	PROTEIN
g18321.t1	g18321.t1	110	PROTEIN
g18322.t2	g18322.t2	385	PROTEIN
g18323.t1	g18323.t1	145	PROTEIN
g18324.t1	g18324.t1	350	PROTEIN
g18325.t1	g18325.t1	112	PROTEIN
g18326.t1	g18326.t1	123	PROTEIN
g18327.t1	g18327.t1	617	PROTEIN
g18328.t1	g18328.t1	68	PROTEIN
g18329.t1	g18329.t1	135	PROTEIN
g18330.t1	g18330.t1	224	PROTEIN
g18331.t1	g18331.t1	110	PROTEIN
g18332.t1	g18332.t1	75	PROTEIN
g18333.t1	g18333.t1	146	PROTEIN
g18334.t1	g18334.t1	103	PROTEIN
g18335.t1	g18335.t1	843	PROTEIN
g18336.t1	g18336.t1	547	PROTEIN
g18337.t1	g18337.t1	68	PROTEIN
g18338.t1	g18338.t1	493	PROTEIN
g18339.t1	g18339.t1	733	PROTEIN
g18340.t1	g18340.t1	159	PROTEIN
g18341.t1	g18341.t1	106	PROTEIN
g18342.t1	g18342.t1	105	PROTEIN
g18343.t1	g18343.t1	601	PROTEIN
g18344.t1	g18344.t1	269	PROTEIN
g18345.t1	g18345.t1	296	PROTEIN
g18346.t1	g18346.t1	897	PROTEIN
g18347.t1	g18347.t1	326	PROTEIN
g18348.t1	g18348.t1	855	PROTEIN
g18349.t1	g18349.t1	162	PROTEIN
g18350.t1	g18350.t1	664	PROTEIN
g18351.t1	g18351.t1	360	PROTEIN
g18352.t1	g18352.t1	288	PROTEIN
g18353.t1	g18353.t1	116	PROTEIN
g18354.t1	g18354.t1	251	PROTEIN
g18355.t1	g18355.t1	290	PROTEIN
g18356.t1	g18356.t1	154	PROTEIN
g18357.t1	g18357.t1	607	PROTEIN
g18358.t1	g18358.t1	106	PROTEIN
g18359.t1	g18359.t1	315	PROTEIN
g18360.t1	g18360.t1	782	PROTEIN
g18361.t1	g18361.t1	96	PROTEIN
g18362.t1	g18362.t1	458	PROTEIN
g18363.t1	g18363.t1	198	PROTEIN
g18364.t2	g18364.t2	665	PROTEIN
g18365.t1	g18365.t1	385	PROTEIN
g18366.t1	g18366.t1	84	PROTEIN
g18367.t1	g18367.t1	1281	PROTEIN
g18368.t1	g18368.t1	137	PROTEIN
g18369.t1	g18369.t1	147	PROTEIN
g18370.t2	g18370.t2	633	PROTEIN
g18371.t1	g18371.t1	155	PROTEIN
g18372.t1	g18372.t1	247	PROTEIN
g18373.t1	g18373.t1	256	PROTEIN
g18374.t1	g18374.t1	305	PROTEIN
g18375.t1	g18375.t1	301	PROTEIN
g18376.t1	g18376.t1	400	PROTEIN
g18377.t1	g18377.t1	142	PROTEIN
g18378.t1	g18378.t1	560	PROTEIN
g18379.t1	g18379.t1	287	PROTEIN
g18380.t1	g18380.t1	532	PROTEIN
g18381.t1	g18381.t1	1376	PROTEIN
g18382.t1	g18382.t1	177	PROTEIN
g18383.t1	g18383.t1	648	PROTEIN
g18384.t1	g18384.t1	1024	PROTEIN
g18385.t1	g18385.t1	48	PROTEIN
g18386.t1	g18386.t1	106	PROTEIN
g18387.t1	g18387.t1	788	PROTEIN
g18388.t1	g18388.t1	373	PROTEIN
g18389.t1	g18389.t1	166	PROTEIN
g18390.t1	g18390.t1	300	PROTEIN
g18391.t1	g18391.t1	110	PROTEIN
g18392.t1	g18392.t1	196	PROTEIN
g18393.t1	g18393.t1	138	PROTEIN
g18394.t1	g18394.t1	753	PROTEIN
g18395.t1	g18395.t1	303	PROTEIN
g18396.t1	g18396.t1	435	PROTEIN
g18397.t1	g18397.t1	118	PROTEIN
g18398.t1	g18398.t1	498	PROTEIN
g18399.t1	g18399.t1	423	PROTEIN
g18400.t1	g18400.t1	280	PROTEIN
g18401.t1	g18401.t1	769	PROTEIN
g18402.t1	g18402.t1	842	PROTEIN
g18403.t2	g18403.t2	363	PROTEIN
g18404.t1	g18404.t1	99	PROTEIN
g18405.t1	g18405.t1	83	PROTEIN
g18406.t1	g18406.t1	479	PROTEIN
g18407.t1	g18407.t1	145	PROTEIN
g18408.t1	g18408.t1	267	PROTEIN
g18409.t1	g18409.t1	203	PROTEIN
g18410.t1	g18410.t1	585	PROTEIN
g18411.t1	g18411.t1	1897	PROTEIN
g18412.t1	g18412.t1	486	PROTEIN
g18413.t1	g18413.t1	157	PROTEIN
g18414.t1	g18414.t1	218	PROTEIN
g18415.t3	g18415.t3	457	PROTEIN
g18416.t1	g18416.t1	1411	PROTEIN
g18417.t1	g18417.t1	179	PROTEIN
g18418.t1	g18418.t1	117	PROTEIN
g18419.t1	g18419.t1	139	PROTEIN
g18420.t1	g18420.t1	146	PROTEIN
g18421.t1	g18421.t1	91	PROTEIN
g18422.t1	g18422.t1	96	PROTEIN
g18423.t1	g18423.t1	204	PROTEIN
g18424.t1	g18424.t1	911	PROTEIN
g18425.t1	g18425.t1	110	PROTEIN
g18426.t1	g18426.t1	934	PROTEIN
g18427.t1	g18427.t1	112	PROTEIN
g18428.t1	g18428.t1	301	PROTEIN
g18429.t1	g18429.t1	525	PROTEIN
g18430.t1	g18430.t1	564	PROTEIN
g18431.t1	g18431.t1	167	PROTEIN
g18432.t1	g18432.t1	133	PROTEIN
g18433.t1	g18433.t1	109	PROTEIN
g18434.t1	g18434.t1	80	PROTEIN
g18435.t1	g18435.t1	272	PROTEIN
g18436.t1	g18436.t1	138	PROTEIN
g18437.t1	g18437.t1	116	PROTEIN
g18438.t1	g18438.t1	125	PROTEIN
g18439.t1	g18439.t1	78	PROTEIN
g18440.t1	g18440.t1	121	PROTEIN
g18441.t1	g18441.t1	253	PROTEIN
g18442.t1	g18442.t1	217	PROTEIN
g18443.t1	g18443.t1	104	PROTEIN
g18444.t1	g18444.t1	152	PROTEIN
g18445.t1	g18445.t1	157	PROTEIN
g18446.t1	g18446.t1	191	PROTEIN
g18447.t1	g18447.t1	185	PROTEIN
g18448.t1	g18448.t1	685	PROTEIN
g18449.t1	g18449.t1	169	PROTEIN
g18450.t1	g18450.t1	446	PROTEIN
g18451.t1	g18451.t1	104	PROTEIN
g18452.t1	g18452.t1	139	PROTEIN
g18453.t1	g18453.t1	73	PROTEIN
g18454.t1	g18454.t1	147	PROTEIN
g18455.t1	g18455.t1	130	PROTEIN
g18456.t1	g18456.t1	83	PROTEIN
g18457.t1	g18457.t1	396	PROTEIN
g18458.t1	g18458.t1	169	PROTEIN
g18459.t1	g18459.t1	227	PROTEIN
g18460.t1	g18460.t1	70	PROTEIN
g18461.t1	g18461.t1	273	PROTEIN
g18462.t1	g18462.t1	1534	PROTEIN
g18463.t1	g18463.t1	94	PROTEIN
g18464.t1	g18464.t1	170	PROTEIN
g18465.t1	g18465.t1	68	PROTEIN
g18466.t1	g18466.t1	551	PROTEIN
g18467.t1	g18467.t1	551	PROTEIN
g18468.t1	g18468.t1	950	PROTEIN
g18469.t1	g18469.t1	411	PROTEIN
g18470.t1	g18470.t1	195	PROTEIN
g18471.t1	g18471.t1	1005	PROTEIN
g18472.t2	g18472.t2	1287	PROTEIN
g18473.t1	g18473.t1	375	PROTEIN
g18474.t1	g18474.t1	546	PROTEIN
g18475.t1	g18475.t1	318	PROTEIN
g18476.t1	g18476.t1	368	PROTEIN
g18477.t1	g18477.t1	900	PROTEIN
g18478.t1	g18478.t1	135	PROTEIN
g18479.t1	g18479.t1	93	PROTEIN
g18480.t2	g18480.t2	434	PROTEIN
g18481.t1	g18481.t1	264	PROTEIN
g18482.t1	g18482.t1	531	PROTEIN
g18483.t1	g18483.t1	318	PROTEIN
g18484.t1	g18484.t1	500	PROTEIN
g18485.t1	g18485.t1	266	PROTEIN
g18486.t1	g18486.t1	187	PROTEIN
g18487.t1	g18487.t1	382	PROTEIN
g18488.t1	g18488.t1	81	PROTEIN
g18489.t1	g18489.t1	438	PROTEIN
g18490.t1	g18490.t1	395	PROTEIN
g18491.t1	g18491.t1	99	PROTEIN
g18492.t1	g18492.t1	73	PROTEIN
g18493.t1	g18493.t1	121	PROTEIN
g18494.t1	g18494.t1	235	PROTEIN
g18495.t1	g18495.t1	103	PROTEIN
g18496.t1	g18496.t1	269	PROTEIN
g18497.t1	g18497.t1	781	PROTEIN
g18498.t2	g18498.t2	838	PROTEIN
g18499.t1	g18499.t1	174	PROTEIN
g18500.t1	g18500.t1	848	PROTEIN
g18501.t1	g18501.t1	77	PROTEIN
g18502.t1	g18502.t1	361	PROTEIN
g18503.t1	g18503.t1	315	PROTEIN
g18504.t1	g18504.t1	371	PROTEIN
g18505.t1	g18505.t1	168	PROTEIN
g18506.t1	g18506.t1	249	PROTEIN
g18507.t2	g18507.t2	838	PROTEIN
g18508.t1	g18508.t1	722	PROTEIN
g18509.t1	g18509.t1	108	PROTEIN
g18510.t1	g18510.t1	982	PROTEIN
g18511.t1	g18511.t1	405	PROTEIN
g18512.t1	g18512.t1	670	PROTEIN
g18513.t1	g18513.t1	430	PROTEIN
g18514.t1	g18514.t1	697	PROTEIN
g18515.t2	g18515.t2	856	PROTEIN
g18516.t1	g18516.t1	99	PROTEIN
g18517.t1	g18517.t1	894	PROTEIN
g18518.t1	g18518.t1	202	PROTEIN
g18519.t1	g18519.t1	724	PROTEIN
g18520.t1	g18520.t1	276	PROTEIN
g18521.t1	g18521.t1	246	PROTEIN
g18522.t1	g18522.t1	125	PROTEIN
g18523.t1	g18523.t1	531	PROTEIN
g18524.t1	g18524.t1	163	PROTEIN
g18525.t1	g18525.t1	128	PROTEIN
g18526.t1	g18526.t1	941	PROTEIN
g18527.t1	g18527.t1	446	PROTEIN
g18528.t1	g18528.t1	196	PROTEIN
g18529.t1	g18529.t1	530	PROTEIN
g18530.t1	g18530.t1	1903	PROTEIN
g18531.t1	g18531.t1	500	PROTEIN
g18532.t1	g18532.t1	463	PROTEIN
g18533.t1	g18533.t1	255	PROTEIN
g18534.t1	g18534.t1	547	PROTEIN
g18535.t1	g18535.t1	318	PROTEIN
g18536.t1	g18536.t1	74	PROTEIN
g18537.t1	g18537.t1	457	PROTEIN
g18538.t1	g18538.t1	143	PROTEIN
g18539.t1	g18539.t1	114	PROTEIN
g18540.t1	g18540.t1	208	PROTEIN
g18541.t1	g18541.t1	285	PROTEIN
g18542.t1	g18542.t1	641	PROTEIN
g18543.t1	g18543.t1	161	PROTEIN
g18544.t1	g18544.t1	73	PROTEIN
g18545.t1	g18545.t1	217	PROTEIN
g18546.t1	g18546.t1	250	PROTEIN
g18547.t1	g18547.t1	246	PROTEIN
g18548.t1	g18548.t1	107	PROTEIN
g18549.t1	g18549.t1	2876	PROTEIN
g18550.t1	g18550.t1	583	PROTEIN
g18551.t1	g18551.t1	97	PROTEIN
g18552.t1	g18552.t1	280	PROTEIN
g18553.t1	g18553.t1	674	PROTEIN
g18554.t1	g18554.t1	125	PROTEIN
g18555.t1	g18555.t1	462	PROTEIN
g18556.t1	g18556.t1	1363	PROTEIN
g18557.t1	g18557.t1	603	PROTEIN
g18558.t1	g18558.t1	80	PROTEIN
g18559.t2	g18559.t2	1051	PROTEIN
g18560.t1	g18560.t1	239	PROTEIN
g18561.t1	g18561.t1	79	PROTEIN
g18562.t1	g18562.t1	221	PROTEIN
g18563.t1	g18563.t1	149	PROTEIN
g18564.t2	g18564.t2	1526	PROTEIN
g18565.t1	g18565.t1	137	PROTEIN
g18566.t1	g18566.t1	624	PROTEIN
g18567.t1	g18567.t1	207	PROTEIN
g18568.t1	g18568.t1	151	PROTEIN
g18569.t1	g18569.t1	473	PROTEIN
g18570.t1	g18570.t1	82	PROTEIN
g18571.t1	g18571.t1	78	PROTEIN
g18572.t1	g18572.t1	726	PROTEIN
g18573.t1	g18573.t1	369	PROTEIN
g18574.t1	g18574.t1	157	PROTEIN
g18575.t1	g18575.t1	240	PROTEIN
g18576.t1	g18576.t1	155	PROTEIN
g18577.t1	g18577.t1	206	PROTEIN
g18578.t1	g18578.t1	238	PROTEIN
g18579.t1	g18579.t1	85	PROTEIN
g18580.t1	g18580.t1	92	PROTEIN
g18581.t1	g18581.t1	172	PROTEIN
g18582.t1	g18582.t1	233	PROTEIN
g18583.t1	g18583.t1	142	PROTEIN
g18584.t1	g18584.t1	171	PROTEIN
g18585.t1	g18585.t1	211	PROTEIN
g18586.t1	g18586.t1	195	PROTEIN
g18587.t1	g18587.t1	672	PROTEIN
g18588.t1	g18588.t1	491	PROTEIN
g18589.t1	g18589.t1	414	PROTEIN
g18590.t1	g18590.t1	105	PROTEIN
g18591.t1	g18591.t1	77	PROTEIN
g18592.t1	g18592.t1	694	PROTEIN
g18593.t1	g18593.t1	66	PROTEIN
g18594.t1	g18594.t1	71	PROTEIN
g18595.t1	g18595.t1	22	PROTEIN
g18596.t1	g18596.t1	335	PROTEIN
g18597.t1	g18597.t1	1639	PROTEIN
g18598.t1	g18598.t1	89	PROTEIN
g18599.t1	g18599.t1	83	PROTEIN
g18600.t1	g18600.t1	213	PROTEIN
g18601.t1	g18601.t1	468	PROTEIN
g18602.t1	g18602.t1	359	PROTEIN
g18603.t1	g18603.t1	167	PROTEIN
g18604.t1	g18604.t1	207	PROTEIN
g18605.t1	g18605.t1	76	PROTEIN
g18606.t1	g18606.t1	1135	PROTEIN
g18607.t1	g18607.t1	1162	PROTEIN
g18608.t1	g18608.t1	241	PROTEIN
g18609.t1	g18609.t1	242	PROTEIN
g18610.t1	g18610.t1	685	PROTEIN
g18611.t1	g18611.t1	626	PROTEIN
g18612.t1	g18612.t1	167	PROTEIN
g18613.t1	g18613.t1	100	PROTEIN
g18614.t1	g18614.t1	641	PROTEIN
g18615.t1	g18615.t1	125	PROTEIN
g18616.t1	g18616.t1	406	PROTEIN
g18617.t1	g18617.t1	627	PROTEIN
g18618.t1	g18618.t1	91	PROTEIN
g18619.t1	g18619.t1	363	PROTEIN
g18620.t1	g18620.t1	599	PROTEIN
g18621.t1	g18621.t1	212	PROTEIN
g18622.t1	g18622.t1	260	PROTEIN
g18623.t1	g18623.t1	68	PROTEIN
g18624.t1	g18624.t1	325	PROTEIN
g18625.t1	g18625.t1	45	PROTEIN
g18626.t1	g18626.t1	246	PROTEIN
g18627.t1	g18627.t1	42	PROTEIN
g18628.t1	g18628.t1	113	PROTEIN
g18629.t1	g18629.t1	96	PROTEIN
g18630.t1	g18630.t1	181	PROTEIN
g18631.t1	g18631.t1	109	PROTEIN
g18632.t1	g18632.t1	189	PROTEIN
g18633.t1	g18633.t1	120	PROTEIN
g18634.t2	g18634.t2	573	PROTEIN
g18635.t1	g18635.t1	193	PROTEIN
g18636.t1	g18636.t1	243	PROTEIN
g18637.t1	g18637.t1	549	PROTEIN
g18638.t1	g18638.t1	375	PROTEIN
g18639.t1	g18639.t1	179	PROTEIN
g18640.t1	g18640.t1	190	PROTEIN
g18641.t1	g18641.t1	97	PROTEIN
g18642.t1	g18642.t1	120	PROTEIN
g18643.t1	g18643.t1	166	PROTEIN
g18644.t1	g18644.t1	690	PROTEIN
g18645.t1	g18645.t1	220	PROTEIN
g18646.t1	g18646.t1	259	PROTEIN
g18647.t1	g18647.t1	268	PROTEIN
g18648.t1	g18648.t1	375	PROTEIN
g18649.t1	g18649.t1	87	PROTEIN
g18650.t1	g18650.t1	405	PROTEIN
g18651.t1	g18651.t1	390	PROTEIN
g18652.t1	g18652.t1	668	PROTEIN
g18653.t2	g18653.t2	277	PROTEIN
g18654.t1	g18654.t1	1563	PROTEIN
g18655.t1	g18655.t1	256	PROTEIN
g18656.t2	g18656.t2	608	PROTEIN
g18657.t1	g18657.t1	985	PROTEIN
g18658.t1	g18658.t1	335	PROTEIN
g18659.t1	g18659.t1	382	PROTEIN
g18660.t1	g18660.t1	146	PROTEIN
g18661.t1	g18661.t1	87	PROTEIN
g18662.t1	g18662.t1	30	PROTEIN
g18663.t1	g18663.t1	162	PROTEIN
g18664.t1	g18664.t1	257	PROTEIN
g18665.t1	g18665.t1	227	PROTEIN
g18666.t1	g18666.t1	287	PROTEIN
g18667.t1	g18667.t1	148	PROTEIN
g18668.t1	g18668.t1	1214	PROTEIN
g18669.t1	g18669.t1	955	PROTEIN
g18670.t1	g18670.t1	379	PROTEIN
g18671.t1	g18671.t1	159	PROTEIN
g18672.t1	g18672.t1	525	PROTEIN
g18673.t1	g18673.t1	371	PROTEIN
g18674.t1	g18674.t1	426	PROTEIN
g18675.t1	g18675.t1	155	PROTEIN
g18676.t1	g18676.t1	362	PROTEIN
g18677.t1	g18677.t1	548	PROTEIN
g18678.t1	g18678.t1	347	PROTEIN
g18679.t1	g18679.t1	803	PROTEIN
g18680.t1	g18680.t1	244	PROTEIN
g18681.t1	g18681.t1	294	PROTEIN
g18682.t1	g18682.t1	595	PROTEIN
g18683.t1	g18683.t1	596	PROTEIN
g18684.t1	g18684.t1	415	PROTEIN
g18685.t1	g18685.t1	308	PROTEIN
g18686.t1	g18686.t1	294	PROTEIN
g18687.t1	g18687.t1	421	PROTEIN
g18688.t1	g18688.t1	291	PROTEIN
g18689.t1	g18689.t1	344	PROTEIN
g18690.t1	g18690.t1	347	PROTEIN
g18691.t1	g18691.t1	182	PROTEIN
g18692.t1	g18692.t1	399	PROTEIN
g18693.t1	g18693.t1	82	PROTEIN
g18694.t1	g18694.t1	312	PROTEIN
g18695.t1	g18695.t1	233	PROTEIN
g18696.t1	g18696.t1	111	PROTEIN
g18697.t1	g18697.t1	113	PROTEIN
g18698.t1	g18698.t1	157	PROTEIN
g18699.t1	g18699.t1	85	PROTEIN
g18700.t1	g18700.t1	203	PROTEIN
g18701.t1	g18701.t1	215	PROTEIN
g18702.t1	g18702.t1	136	PROTEIN
g18703.t1	g18703.t1	145	PROTEIN
g18704.t1	g18704.t1	643	PROTEIN
g18705.t1	g18705.t1	94	PROTEIN
g18706.t1	g18706.t1	120	PROTEIN
g18707.t2	g18707.t2	196	PROTEIN
g18708.t1	g18708.t1	135	PROTEIN
g18709.t2	g18709.t2	132	PROTEIN
g18710.t1	g18710.t1	183	PROTEIN
g18711.t1	g18711.t1	409	PROTEIN
g18712.t1	g18712.t1	98	PROTEIN
g18713.t1	g18713.t1	506	PROTEIN
g18714.t1	g18714.t1	1280	PROTEIN
g18715.t1	g18715.t1	403	PROTEIN
g18716.t1	g18716.t1	293	PROTEIN
g18717.t1	g18717.t1	241	PROTEIN
g18718.t1	g18718.t1	802	PROTEIN
g18719.t1	g18719.t1	384	PROTEIN
g18720.t2	g18720.t2	882	PROTEIN
g18721.t1	g18721.t1	52	PROTEIN
g18722.t1	g18722.t1	329	PROTEIN
g18723.t1	g18723.t1	372	PROTEIN
g18724.t3	g18724.t3	1139	PROTEIN
g18725.t1	g18725.t1	233	PROTEIN
g18726.t1	g18726.t1	77	PROTEIN
g18727.t1	g18727.t1	97	PROTEIN
g18728.t1	g18728.t1	827	PROTEIN
g18729.t1	g18729.t1	138	PROTEIN
g18730.t1	g18730.t1	198	PROTEIN
g18731.t1	g18731.t1	264	PROTEIN
g18732.t1	g18732.t1	634	PROTEIN
g18733.t1	g18733.t1	102	PROTEIN
g18734.t1	g18734.t1	136	PROTEIN
g18735.t1	g18735.t1	560	PROTEIN
g18736.t1	g18736.t1	1142	PROTEIN
g18737.t1	g18737.t1	68	PROTEIN
g18738.t1	g18738.t1	525	PROTEIN
g18739.t1	g18739.t1	572	PROTEIN
g18740.t1	g18740.t1	244	PROTEIN
g18741.t1	g18741.t1	123	PROTEIN
g18742.t1	g18742.t1	66	PROTEIN
g18743.t1	g18743.t1	81	PROTEIN
g18744.t2	g18744.t2	232	PROTEIN
g18745.t1	g18745.t1	152	PROTEIN
g18746.t1	g18746.t1	84	PROTEIN
g18747.t1	g18747.t1	85	PROTEIN
g18748.t1	g18748.t1	248	PROTEIN
g18749.t1	g18749.t1	117	PROTEIN
g18750.t1	g18750.t1	69	PROTEIN
g18751.t1	g18751.t1	91	PROTEIN
g18752.t1	g18752.t1	77	PROTEIN
g18753.t1	g18753.t1	410	PROTEIN
g18754.t1	g18754.t1	89	PROTEIN
g18755.t1	g18755.t1	114	PROTEIN
g18756.t1	g18756.t1	332	PROTEIN
g18757.t1	g18757.t1	121	PROTEIN
g18758.t1	g18758.t1	219	PROTEIN
g18759.t1	g18759.t1	144	PROTEIN
g18760.t1	g18760.t1	284	PROTEIN
g18761.t2	g18761.t2	718	PROTEIN
g18762.t2	g18762.t2	339	PROTEIN
g18763.t1	g18763.t1	594	PROTEIN
g18764.t1	g18764.t1	76	PROTEIN
g18765.t1	g18765.t1	720	PROTEIN
g18766.t1	g18766.t1	580	PROTEIN
g18767.t1	g18767.t1	505	PROTEIN
g18768.t1	g18768.t1	155	PROTEIN
g18769.t1	g18769.t1	571	PROTEIN
g18770.t1	g18770.t1	143	PROTEIN
g18771.t1	g18771.t1	164	PROTEIN
g18772.t1	g18772.t1	66	PROTEIN
g18773.t1	g18773.t1	436	PROTEIN
g18774.t1	g18774.t1	86	PROTEIN
g18775.t1	g18775.t1	96	PROTEIN
g18776.t1	g18776.t1	320	PROTEIN
g18777.t1	g18777.t1	619	PROTEIN
g18778.t1	g18778.t1	404	PROTEIN
g18779.t1	g18779.t1	263	PROTEIN
g18780.t1	g18780.t1	324	PROTEIN
g18781.t1	g18781.t1	455	PROTEIN
g18782.t1	g18782.t1	203	PROTEIN
g18783.t1	g18783.t1	278	PROTEIN
g18784.t1	g18784.t1	82	PROTEIN
g18785.t1	g18785.t1	532	PROTEIN
g18786.t1	g18786.t1	103	PROTEIN
g18787.t1	g18787.t1	558	PROTEIN
g18788.t1	g18788.t1	399	PROTEIN
g18789.t1	g18789.t1	205	PROTEIN
g18790.t1	g18790.t1	439	PROTEIN
g18791.t1	g18791.t1	141	PROTEIN
g18792.t1	g18792.t1	343	PROTEIN
g18793.t1	g18793.t1	317	PROTEIN
g18794.t1	g18794.t1	107	PROTEIN
g18795.t1	g18795.t1	130	PROTEIN
g18796.t1	g18796.t1	415	PROTEIN
g18797.t1	g18797.t1	551	PROTEIN
g18798.t1	g18798.t1	372	PROTEIN
g18799.t1	g18799.t1	112	PROTEIN
g18800.t1	g18800.t1	215	PROTEIN
g18801.t1	g18801.t1	97	PROTEIN
g18802.t2	g18802.t2	419	PROTEIN
g18803.t1	g18803.t1	132	PROTEIN
g18804.t1	g18804.t1	168	PROTEIN
g18805.t1	g18805.t1	419	PROTEIN
g18806.t1	g18806.t1	124	PROTEIN
g18807.t1	g18807.t1	144	PROTEIN
g18808.t1	g18808.t1	342	PROTEIN
g18809.t1	g18809.t1	140	PROTEIN
g18810.t1	g18810.t1	481	PROTEIN
g18811.t1	g18811.t1	180	PROTEIN
g18812.t1	g18812.t1	86	PROTEIN
g18813.t2	g18813.t2	465	PROTEIN
g18814.t1	g18814.t1	74	PROTEIN
g18815.t1	g18815.t1	83	PROTEIN
g18816.t1	g18816.t1	88	PROTEIN
g18817.t1	g18817.t1	189	PROTEIN
g18818.t1	g18818.t1	71	PROTEIN
g18819.t1	g18819.t1	152	PROTEIN
g18820.t1	g18820.t1	153	PROTEIN
g18821.t1	g18821.t1	86	PROTEIN
g18822.t1	g18822.t1	968	PROTEIN
g18823.t1	g18823.t1	423	PROTEIN
g18824.t1	g18824.t1	225	PROTEIN
g18825.t1	g18825.t1	83	PROTEIN
g18826.t1	g18826.t1	253	PROTEIN
g18827.t1	g18827.t1	176	PROTEIN
g18828.t1	g18828.t1	235	PROTEIN
g18829.t1	g18829.t1	68	PROTEIN
g18830.t1	g18830.t1	335	PROTEIN
g18831.t1	g18831.t1	462	PROTEIN
g18832.t1	g18832.t1	112	PROTEIN
g18833.t1	g18833.t1	692	PROTEIN
g18834.t2	g18834.t2	662	PROTEIN
g18835.t1	g18835.t1	487	PROTEIN
g18836.t1	g18836.t1	833	PROTEIN
g18837.t1	g18837.t1	883	PROTEIN
g18838.t1	g18838.t1	90	PROTEIN
g18839.t3	g18839.t3	416	PROTEIN
g18840.t1	g18840.t1	116	PROTEIN
g18841.t1	g18841.t1	81	PROTEIN
g18842.t1	g18842.t1	210	PROTEIN
g18843.t1	g18843.t1	92	PROTEIN
g18844.t1	g18844.t1	101	PROTEIN
g18845.t1	g18845.t1	265	PROTEIN
g18846.t1	g18846.t1	293	PROTEIN
g18847.t1	g18847.t1	484	PROTEIN
g18848.t1	g18848.t1	89	PROTEIN
g18849.t1	g18849.t1	343	PROTEIN
g18850.t1	g18850.t1	302	PROTEIN
g18851.t1	g18851.t1	522	PROTEIN
g18852.t1	g18852.t1	428	PROTEIN
g18853.t1	g18853.t1	95	PROTEIN
g18854.t1	g18854.t1	95	PROTEIN
g18855.t1	g18855.t1	204	PROTEIN
g18856.t1	g18856.t1	292	PROTEIN
g18857.t1	g18857.t1	199	PROTEIN
g18858.t1	g18858.t1	223	PROTEIN
g18859.t1	g18859.t1	254	PROTEIN
g18860.t1	g18860.t1	71	PROTEIN
g18861.t1	g18861.t1	155	PROTEIN
g18862.t1	g18862.t1	185	PROTEIN
g18863.t1	g18863.t1	90	PROTEIN
g18864.t1	g18864.t1	407	PROTEIN
g18865.t1	g18865.t1	109	PROTEIN
g18866.t1	g18866.t1	333	PROTEIN
g18867.t1	g18867.t1	167	PROTEIN
g18868.t1	g18868.t1	381	PROTEIN
g18869.t1	g18869.t1	300	PROTEIN
g18870.t1	g18870.t1	125	PROTEIN
g18871.t1	g18871.t1	151	PROTEIN
g18872.t1	g18872.t1	123	PROTEIN
g18873.t1	g18873.t1	188	PROTEIN
g18874.t1	g18874.t1	84	PROTEIN
g18875.t1	g18875.t1	134	PROTEIN
g18876.t1	g18876.t1	657	PROTEIN
g18877.t1	g18877.t1	367	PROTEIN
g18878.t2	g18878.t2	523	PROTEIN
g18879.t1	g18879.t1	66	PROTEIN
g18880.t2	g18880.t2	501	PROTEIN
g18881.t1	g18881.t1	117	PROTEIN
g18882.t1	g18882.t1	125	PROTEIN
g18883.t1	g18883.t1	461	PROTEIN
g18884.t1	g18884.t1	214	PROTEIN
g18885.t1	g18885.t1	96	PROTEIN
g18886.t1	g18886.t1	332	PROTEIN
g18887.t1	g18887.t1	1714	PROTEIN
g18888.t1	g18888.t1	374	PROTEIN
g18889.t1	g18889.t1	263	PROTEIN
g18890.t1	g18890.t1	461	PROTEIN
g18891.t1	g18891.t1	259	PROTEIN
g18892.t1	g18892.t1	99	PROTEIN
g18893.t1	g18893.t1	707	PROTEIN
g18894.t1	g18894.t1	112	PROTEIN
g18895.t1	g18895.t1	533	PROTEIN
g18896.t1	g18896.t1	1054	PROTEIN
g18897.t1	g18897.t1	519	PROTEIN
g18898.t1	g18898.t1	861	PROTEIN
g18899.t1	g18899.t1	90	PROTEIN
g18900.t1	g18900.t1	304	PROTEIN
g18901.t1	g18901.t1	450	PROTEIN
g18902.t1	g18902.t1	472	PROTEIN
g18903.t1	g18903.t1	95	PROTEIN
g18904.t1	g18904.t1	536	PROTEIN
g18905.t1	g18905.t1	438	PROTEIN
g18906.t1	g18906.t1	432	PROTEIN
g18907.t1	g18907.t1	96	PROTEIN
g18908.t1	g18908.t1	301	PROTEIN
g18909.t1	g18909.t1	355	PROTEIN
g18910.t1	g18910.t1	328	PROTEIN
g18911.t1	g18911.t1	37	PROTEIN
g18912.t1	g18912.t1	657	PROTEIN
g18913.t1	g18913.t1	1376	PROTEIN
g18914.t1	g18914.t1	624	PROTEIN
g18915.t1	g18915.t1	352	PROTEIN
g18916.t1	g18916.t1	502	PROTEIN
g18917.t1	g18917.t1	184	PROTEIN
g18918.t1	g18918.t1	257	PROTEIN
g18919.t1	g18919.t1	183	PROTEIN
g18920.t1	g18920.t1	477	PROTEIN
g18921.t1	g18921.t1	893	PROTEIN
g18922.t1	g18922.t1	474	PROTEIN
g18923.t1	g18923.t1	949	PROTEIN
g18924.t1	g18924.t1	141	PROTEIN
g18925.t1	g18925.t1	554	PROTEIN
g18926.t1	g18926.t1	72	PROTEIN
g18927.t2	g18927.t2	488	PROTEIN
g18928.t1	g18928.t1	397	PROTEIN
g18929.t1	g18929.t1	556	PROTEIN
g18930.t1	g18930.t1	851	PROTEIN
g18931.t1	g18931.t1	94	PROTEIN
g18932.t1	g18932.t1	107	PROTEIN
g18933.t1	g18933.t1	117	PROTEIN
g18934.t1	g18934.t1	135	PROTEIN
g18935.t1	g18935.t1	168	PROTEIN
g18936.t1	g18936.t1	482	PROTEIN
g18937.t1	g18937.t1	210	PROTEIN
g18938.t1	g18938.t1	94	PROTEIN
g18939.t1	g18939.t1	2567	PROTEIN
g18940.t1	g18940.t1	330	PROTEIN
g18941.t1	g18941.t1	720	PROTEIN
g18942.t1	g18942.t1	105	PROTEIN
g18943.t1	g18943.t1	427	PROTEIN
g18944.t1	g18944.t1	90	PROTEIN
g18945.t1	g18945.t1	211	PROTEIN
g18946.t1	g18946.t1	625	PROTEIN
g18947.t1	g18947.t1	156	PROTEIN
g18948.t1	g18948.t1	389	PROTEIN
g18949.t1	g18949.t1	632	PROTEIN
g18950.t1	g18950.t1	234	PROTEIN
g18951.t1	g18951.t1	212	PROTEIN
g18952.t1	g18952.t1	145	PROTEIN
g18953.t1	g18953.t1	1362	PROTEIN
g18954.t1	g18954.t1	201	PROTEIN
g18955.t1	g18955.t1	402	PROTEIN
g18956.t1	g18956.t1	358	PROTEIN
g18957.t1	g18957.t1	419	PROTEIN
g18958.t1	g18958.t1	473	PROTEIN
g18959.t2	g18959.t2	1561	PROTEIN
g18960.t1	g18960.t1	128	PROTEIN
g18961.t1	g18961.t1	237	PROTEIN
g18962.t1	g18962.t1	1494	PROTEIN
g18963.t1	g18963.t1	377	PROTEIN
g18964.t1	g18964.t1	100	PROTEIN
g18965.t1	g18965.t1	152	PROTEIN
g18966.t1	g18966.t1	263	PROTEIN
g18967.t1	g18967.t1	228	PROTEIN
g18968.t1	g18968.t1	374	PROTEIN
g18969.t1	g18969.t1	113	PROTEIN
g18970.t1	g18970.t1	206	PROTEIN
g18971.t1	g18971.t1	96	PROTEIN
g18972.t1	g18972.t1	701	PROTEIN
g18973.t1	g18973.t1	119	PROTEIN
g18974.t1	g18974.t1	865	PROTEIN
g18975.t1	g18975.t1	217	PROTEIN
g18976.t1	g18976.t1	100	PROTEIN
g18977.t1	g18977.t1	100	PROTEIN
g18978.t1	g18978.t1	116	PROTEIN
g18979.t1	g18979.t1	116	PROTEIN
g18980.t1	g18980.t1	376	PROTEIN
g18981.t1	g18981.t1	116	PROTEIN
g18982.t1	g18982.t1	151	PROTEIN
g18983.t1	g18983.t1	97	PROTEIN
g18984.t1	g18984.t1	315	PROTEIN
g18985.t1	g18985.t1	817	PROTEIN
g18986.t2	g18986.t2	209	PROTEIN
g18987.t1	g18987.t1	424	PROTEIN
g18988.t1	g18988.t1	662	PROTEIN
g18989.t1	g18989.t1	132	PROTEIN
g18990.t1	g18990.t1	331	PROTEIN
g18991.t1	g18991.t1	93	PROTEIN
g18992.t1	g18992.t1	161	PROTEIN
g18993.t1	g18993.t1	287	PROTEIN
g18994.t1	g18994.t1	96	PROTEIN
g18995.t1	g18995.t1	408	PROTEIN
g18996.t1	g18996.t1	598	PROTEIN
g18997.t1	g18997.t1	493	PROTEIN
g18998.t1	g18998.t1	472	PROTEIN
g18999.t1	g18999.t1	334	PROTEIN
g19000.t1	g19000.t1	169	PROTEIN
g19001.t1	g19001.t1	660	PROTEIN
g19002.t1	g19002.t1	404	PROTEIN
g19003.t1	g19003.t1	192	PROTEIN
g19004.t1	g19004.t1	1421	PROTEIN
g19005.t1	g19005.t1	257	PROTEIN
g19006.t1	g19006.t1	300	PROTEIN
g19007.t1	g19007.t1	484	PROTEIN
g19008.t1	g19008.t1	99	PROTEIN
g19009.t1	g19009.t1	270	PROTEIN
g19010.t1	g19010.t1	419	PROTEIN
g19011.t1	g19011.t1	81	PROTEIN
g19012.t1	g19012.t1	83	PROTEIN
g19013.t1	g19013.t1	164	PROTEIN
g19014.t1	g19014.t1	495	PROTEIN
g19015.t1	g19015.t1	215	PROTEIN
g19016.t1	g19016.t1	164	PROTEIN
g19017.t1	g19017.t1	535	PROTEIN
g19018.t1	g19018.t1	468	PROTEIN
g19019.t1	g19019.t1	455	PROTEIN
g19020.t1	g19020.t1	477	PROTEIN
g19021.t1	g19021.t1	323	PROTEIN
g19022.t1	g19022.t1	627	PROTEIN
g19023.t1	g19023.t1	543	PROTEIN
g19024.t1	g19024.t1	463	PROTEIN
g19025.t1	g19025.t1	229	PROTEIN
g19026.t1	g19026.t1	238	PROTEIN
g19027.t1	g19027.t1	303	PROTEIN
g19028.t1	g19028.t1	451	PROTEIN
g19029.t1	g19029.t1	116	PROTEIN
g19030.t1	g19030.t1	488	PROTEIN
g19031.t1	g19031.t1	337	PROTEIN
g19032.t1	g19032.t1	87	PROTEIN
g19033.t1	g19033.t1	827	PROTEIN
g19034.t1	g19034.t1	155	PROTEIN
g19035.t1	g19035.t1	866	PROTEIN
g19036.t1	g19036.t1	518	PROTEIN
g19037.t1	g19037.t1	502	PROTEIN
g19038.t1	g19038.t1	601	PROTEIN
g19039.t1	g19039.t1	134	PROTEIN
g19040.t1	g19040.t1	191	PROTEIN
g19041.t1	g19041.t1	405	PROTEIN
g19042.t1	g19042.t1	72	PROTEIN
g19043.t1	g19043.t1	146	PROTEIN
g19044.t1	g19044.t1	328	PROTEIN
g19045.t1	g19045.t1	152	PROTEIN
g19046.t1	g19046.t1	88	PROTEIN
g19047.t1	g19047.t1	158	PROTEIN
g19048.t1	g19048.t1	202	PROTEIN
g19049.t1	g19049.t1	79	PROTEIN
g19050.t1	g19050.t1	130	PROTEIN
g19051.t1	g19051.t1	238	PROTEIN
g19052.t1	g19052.t1	455	PROTEIN
g19053.t1	g19053.t1	600	PROTEIN
g19054.t1	g19054.t1	342	PROTEIN
g19055.t1	g19055.t1	110	PROTEIN
g19056.t1	g19056.t1	325	PROTEIN
g19057.t1	g19057.t1	292	PROTEIN
g19058.t1	g19058.t1	92	PROTEIN
g19059.t1	g19059.t1	122	PROTEIN
g19060.t1	g19060.t1	183	PROTEIN
g19061.t1	g19061.t1	483	PROTEIN
g19062.t1	g19062.t1	282	PROTEIN
g19063.t1	g19063.t1	132	PROTEIN
g19064.t1	g19064.t1	207	PROTEIN
g19065.t1	g19065.t1	735	PROTEIN
g19066.t1	g19066.t1	162	PROTEIN
g19067.t1	g19067.t1	577	PROTEIN
g19068.t1	g19068.t1	661	PROTEIN
g19069.t1	g19069.t1	462	PROTEIN
g19070.t1	g19070.t1	271	PROTEIN
g19071.t1	g19071.t1	265	PROTEIN
g19072.t1	g19072.t1	268	PROTEIN
g19073.t1	g19073.t1	265	PROTEIN
g19074.t1	g19074.t1	134	PROTEIN
g19075.t1	g19075.t1	524	PROTEIN
g19076.t1	g19076.t1	105	PROTEIN
g19077.t1	g19077.t1	121	PROTEIN
g19078.t1	g19078.t1	98	PROTEIN
g19079.t1	g19079.t1	412	PROTEIN
g19080.t1	g19080.t1	199	PROTEIN
g19081.t1	g19081.t1	84	PROTEIN
g19082.t1	g19082.t1	246	PROTEIN
g19083.t1	g19083.t1	378	PROTEIN
g19084.t1	g19084.t1	296	PROTEIN
g19085.t1	g19085.t1	607	PROTEIN
g19086.t1	g19086.t1	116	PROTEIN
g19087.t1	g19087.t1	420	PROTEIN
g19088.t1	g19088.t1	481	PROTEIN
g19089.t1	g19089.t1	493	PROTEIN
g19090.t1	g19090.t1	288	PROTEIN
g19091.t1	g19091.t1	35	PROTEIN
g19092.t2	g19092.t2	685	PROTEIN
g19093.t1	g19093.t1	323	PROTEIN
g19094.t1	g19094.t1	211	PROTEIN
g19095.t1	g19095.t1	103	PROTEIN
g19096.t1	g19096.t1	354	PROTEIN
g19097.t1	g19097.t1	274	PROTEIN
g19098.t1	g19098.t1	830	PROTEIN
g19099.t1	g19099.t1	434	PROTEIN
g19100.t1	g19100.t1	770	PROTEIN
g19101.t1	g19101.t1	2013	PROTEIN
g19102.t1	g19102.t1	154	PROTEIN
g19103.t1	g19103.t1	154	PROTEIN
g19104.t1	g19104.t1	627	PROTEIN
g19105.t2	g19105.t2	193	PROTEIN
g19106.t1	g19106.t1	189	PROTEIN
g19107.t1	g19107.t1	447	PROTEIN
g19108.t1	g19108.t1	448	PROTEIN
g19109.t1	g19109.t1	87	PROTEIN
g19110.t1	g19110.t1	211	PROTEIN
g19111.t1	g19111.t1	212	PROTEIN
g19112.t1	g19112.t1	667	PROTEIN
g19113.t1	g19113.t1	663	PROTEIN
g19114.t1	g19114.t1	72	PROTEIN
g19115.t1	g19115.t1	287	PROTEIN
g19116.t1	g19116.t1	917	PROTEIN
g19117.t1	g19117.t1	430	PROTEIN
g19118.t1	g19118.t1	163	PROTEIN
g19119.t1	g19119.t1	225	PROTEIN
g19120.t1	g19120.t1	1250	PROTEIN
g19121.t1	g19121.t1	937	PROTEIN
g19122.t1	g19122.t1	206	PROTEIN
g19123.t1	g19123.t1	113	PROTEIN
g19124.t2	g19124.t2	740	PROTEIN
g19125.t1	g19125.t1	760	PROTEIN
g19126.t1	g19126.t1	2290	PROTEIN
g19127.t1	g19127.t1	1046	PROTEIN
g19128.t1	g19128.t1	1084	PROTEIN
g19129.t1	g19129.t1	348	PROTEIN
g19130.t1	g19130.t1	180	PROTEIN
g19131.t1	g19131.t1	408	PROTEIN
g19132.t1	g19132.t1	68	PROTEIN
g19133.t1	g19133.t1	667	PROTEIN
g19134.t1	g19134.t1	94	PROTEIN
g19135.t1	g19135.t1	208	PROTEIN
g19136.t1	g19136.t1	538	PROTEIN
g19137.t1	g19137.t1	68	PROTEIN
g19138.t1	g19138.t1	77	PROTEIN
g19139.t1	g19139.t1	234	PROTEIN
g19140.t1	g19140.t1	408	PROTEIN
g19141.t1	g19141.t1	126	PROTEIN
g19142.t1	g19142.t1	95	PROTEIN
g19143.t1	g19143.t1	113	PROTEIN
g19144.t1	g19144.t1	71	PROTEIN
g19145.t1	g19145.t1	47	PROTEIN
g19146.t2	g19146.t2	311	PROTEIN
g19147.t1	g19147.t1	985	PROTEIN
g19148.t1	g19148.t1	379	PROTEIN
g19149.t1	g19149.t1	353	PROTEIN
g19150.t1	g19150.t1	560	PROTEIN
g19151.t1	g19151.t1	468	PROTEIN
g19152.t1	g19152.t1	175	PROTEIN
g19153.t1	g19153.t1	264	PROTEIN
g19154.t1	g19154.t1	201	PROTEIN
g19155.t1	g19155.t1	116	PROTEIN
g19156.t1	g19156.t1	109	PROTEIN
g19157.t1	g19157.t1	83	PROTEIN
g19158.t1	g19158.t1	80	PROTEIN
g19159.t1	g19159.t1	94	PROTEIN
g19160.t1	g19160.t1	215	PROTEIN
g19161.t1	g19161.t1	95	PROTEIN
g19162.t1	g19162.t1	112	PROTEIN
g19163.t1	g19163.t1	78	PROTEIN
g19164.t1	g19164.t1	156	PROTEIN
g19165.t1	g19165.t1	116	PROTEIN
g19166.t1	g19166.t1	100	PROTEIN
g19167.t1	g19167.t1	78	PROTEIN
g19168.t1	g19168.t1	95	PROTEIN
g19169.t1	g19169.t1	97	PROTEIN
g19170.t1	g19170.t1	368	PROTEIN
g19171.t1	g19171.t1	105	PROTEIN
g19172.t1	g19172.t1	224	PROTEIN
g19173.t1	g19173.t1	114	PROTEIN
g19174.t1	g19174.t1	205	PROTEIN
g19175.t1	g19175.t1	422	PROTEIN
g19176.t1	g19176.t1	78	PROTEIN
g19177.t1	g19177.t1	126	PROTEIN
g19178.t1	g19178.t1	261	PROTEIN
g19179.t1	g19179.t1	116	PROTEIN
g19180.t1	g19180.t1	108	PROTEIN
g19181.t1	g19181.t1	168	PROTEIN
g19182.t1	g19182.t1	492	PROTEIN
g19183.t1	g19183.t1	278	PROTEIN
g19184.t1	g19184.t1	594	PROTEIN
g19185.t1	g19185.t1	331	PROTEIN
g19186.t1	g19186.t1	315	PROTEIN
g19187.t1	g19187.t1	400	PROTEIN
g19188.t1	g19188.t1	83	PROTEIN
g19189.t1	g19189.t1	68	PROTEIN
g19190.t1	g19190.t1	313	PROTEIN
g19191.t1	g19191.t1	210	PROTEIN
g19192.t1	g19192.t1	802	PROTEIN
g19193.t1	g19193.t1	667	PROTEIN
g19194.t1	g19194.t1	906	PROTEIN
g19195.t1	g19195.t1	187	PROTEIN
g19196.t1	g19196.t1	660	PROTEIN
g19197.t1	g19197.t1	570	PROTEIN
g19198.t1	g19198.t1	802	PROTEIN
g19199.t2	g19199.t2	414	PROTEIN
g19200.t1	g19200.t1	89	PROTEIN
g19201.t1	g19201.t1	80	PROTEIN
g19202.t1	g19202.t1	153	PROTEIN
g19203.t1	g19203.t1	155	PROTEIN
g19204.t1	g19204.t1	105	PROTEIN
g19205.t1	g19205.t1	1007	PROTEIN
g19206.t1	g19206.t1	365	PROTEIN
g19207.t1	g19207.t1	757	PROTEIN
g19208.t1	g19208.t1	73	PROTEIN
g19209.t1	g19209.t1	385	PROTEIN
g19210.t1	g19210.t1	134	PROTEIN
g19211.t1	g19211.t1	101	PROTEIN
g19212.t1	g19212.t1	71	PROTEIN
g19213.t1	g19213.t1	204	PROTEIN
g19214.t1	g19214.t1	278	PROTEIN
g19215.t1	g19215.t1	804	PROTEIN
g19216.t1	g19216.t1	78	PROTEIN
g19217.t1	g19217.t1	151	PROTEIN
g19218.t1	g19218.t1	134	PROTEIN
g19219.t1	g19219.t1	1277	PROTEIN
g19220.t1	g19220.t1	338	PROTEIN
g19221.t1	g19221.t1	196	PROTEIN
g19222.t1	g19222.t1	221	PROTEIN
g19223.t1	g19223.t1	94	PROTEIN
g19224.t1	g19224.t1	718	PROTEIN
g19225.t1	g19225.t1	829	PROTEIN
g19226.t1	g19226.t1	353	PROTEIN
g19227.t1	g19227.t1	92	PROTEIN
g19228.t1	g19228.t1	446	PROTEIN
g19229.t1	g19229.t1	189	PROTEIN
g19230.t1	g19230.t1	180	PROTEIN
g19231.t1	g19231.t1	157	PROTEIN
g19232.t1	g19232.t1	98	PROTEIN
g19233.t1	g19233.t1	101	PROTEIN
g19234.t1	g19234.t1	110	PROTEIN
g19235.t1	g19235.t1	113	PROTEIN
g19236.t1	g19236.t1	309	PROTEIN
g19237.t1	g19237.t1	98	PROTEIN
g19238.t1	g19238.t1	119	PROTEIN
g19239.t1	g19239.t1	117	PROTEIN
g19240.t1	g19240.t1	144	PROTEIN
g19241.t1	g19241.t1	157	PROTEIN
g19242.t1	g19242.t1	661	PROTEIN
g19243.t1	g19243.t1	772	PROTEIN
g19244.t1	g19244.t1	140	PROTEIN
g19245.t1	g19245.t1	879	PROTEIN
g19246.t1	g19246.t1	553	PROTEIN
g19247.t2	g19247.t2	277	PROTEIN
g19248.t1	g19248.t1	87	PROTEIN
g19249.t1	g19249.t1	115	PROTEIN
g19250.t1	g19250.t1	440	PROTEIN
g19251.t1	g19251.t1	77	PROTEIN
g19252.t1	g19252.t1	151	PROTEIN
g19253.t1	g19253.t1	281	PROTEIN
g19254.t1	g19254.t1	98	PROTEIN
g19255.t1	g19255.t1	307	PROTEIN
g19256.t1	g19256.t1	212	PROTEIN
g19257.t1	g19257.t1	505	PROTEIN
g19258.t1	g19258.t1	261	PROTEIN
g19259.t1	g19259.t1	716	PROTEIN
g19260.t1	g19260.t1	171	PROTEIN
g19261.t1	g19261.t1	74	PROTEIN
g19262.t1	g19262.t1	230	PROTEIN
g19263.t1	g19263.t1	105	PROTEIN
g19264.t1	g19264.t1	610	PROTEIN
g19265.t1	g19265.t1	968	PROTEIN
g19266.t1	g19266.t1	79	PROTEIN
g19267.t1	g19267.t1	135	PROTEIN
g19268.t1	g19268.t1	342	PROTEIN
g19269.t1	g19269.t1	133	PROTEIN
g19270.t1	g19270.t1	197	PROTEIN
g19271.t1	g19271.t1	72	PROTEIN
g19272.t1	g19272.t1	231	PROTEIN
g19273.t1	g19273.t1	201	PROTEIN
g19274.t1	g19274.t1	955	PROTEIN
g19275.t1	g19275.t1	179	PROTEIN
g19276.t1	g19276.t1	222	PROTEIN
g19277.t1	g19277.t1	435	PROTEIN
g19278.t1	g19278.t1	60	PROTEIN
g19279.t1	g19279.t1	182	PROTEIN
g19280.t1	g19280.t1	97	PROTEIN
g19281.t1	g19281.t1	116	PROTEIN
g19282.t1	g19282.t1	162	PROTEIN
g19283.t1	g19283.t1	239	PROTEIN
g19284.t1	g19284.t1	47	PROTEIN
g19285.t1	g19285.t1	123	PROTEIN
g19286.t2	g19286.t2	345	PROTEIN
g19287.t2	g19287.t2	844	PROTEIN
g19288.t1	g19288.t1	582	PROTEIN
g19289.t1	g19289.t1	101	PROTEIN
g19290.t1	g19290.t1	543	PROTEIN
g19291.t1	g19291.t1	290	PROTEIN
g19292.t1	g19292.t1	85	PROTEIN
g19293.t1	g19293.t1	315	PROTEIN
g19294.t1	g19294.t1	525	PROTEIN
g19295.t1	g19295.t1	479	PROTEIN
g19296.t1	g19296.t1	81	PROTEIN
g19297.t1	g19297.t1	81	PROTEIN
g19298.t1	g19298.t1	1044	PROTEIN
g19299.t1	g19299.t1	383	PROTEIN
g19300.t1	g19300.t1	383	PROTEIN
g19301.t1	g19301.t1	645	PROTEIN
g19302.t1	g19302.t1	83	PROTEIN
g19303.t1	g19303.t1	291	PROTEIN
g19304.t1	g19304.t1	655	PROTEIN
g19305.t1	g19305.t1	937	PROTEIN
g19306.t1	g19306.t1	383	PROTEIN
g19307.t1	g19307.t1	94	PROTEIN
g19308.t1	g19308.t1	350	PROTEIN
g19309.t1	g19309.t1	565	PROTEIN
g19310.t1	g19310.t1	962	PROTEIN
g19311.t1	g19311.t1	351	PROTEIN
g19312.t1	g19312.t1	148	PROTEIN
g19313.t1	g19313.t1	662	PROTEIN
g19314.t1	g19314.t1	133	PROTEIN
g19315.t1	g19315.t1	367	PROTEIN
g19316.t1	g19316.t1	327	PROTEIN
g19317.t2	g19317.t2	307	PROTEIN
g19318.t1	g19318.t1	72	PROTEIN
g19319.t1	g19319.t1	168	PROTEIN
g19320.t1	g19320.t1	641	PROTEIN
g19321.t1	g19321.t1	161	PROTEIN
g19322.t1	g19322.t1	236	PROTEIN
g19323.t1	g19323.t1	95	PROTEIN
g19324.t1	g19324.t1	85	PROTEIN
g19325.t1	g19325.t1	110	PROTEIN
g19326.t1	g19326.t1	107	PROTEIN
g19327.t1	g19327.t1	108	PROTEIN
g19328.t1	g19328.t1	105	PROTEIN
g19329.t1	g19329.t1	735	PROTEIN
g19330.t1	g19330.t1	122	PROTEIN
g19331.t1	g19331.t1	148	PROTEIN
g19332.t1	g19332.t1	171	PROTEIN
g19333.t1	g19333.t1	66	PROTEIN
g19334.t1	g19334.t1	227	PROTEIN
g19335.t1	g19335.t1	79	PROTEIN
g19336.t1	g19336.t1	150	PROTEIN
g19337.t1	g19337.t1	260	PROTEIN
g19338.t1	g19338.t1	81	PROTEIN
g19339.t1	g19339.t1	692	PROTEIN
g19340.t1	g19340.t1	132	PROTEIN
g19341.t1	g19341.t1	1085	PROTEIN
g19342.t1	g19342.t1	134	PROTEIN
g19343.t1	g19343.t1	250	PROTEIN
g19344.t1	g19344.t1	291	PROTEIN
g19345.t1	g19345.t1	333	PROTEIN
g19346.t1	g19346.t1	151	PROTEIN
g19347.t1	g19347.t1	342	PROTEIN
g19348.t1	g19348.t1	157	PROTEIN
g19349.t1	g19349.t1	157	PROTEIN
g19350.t2	g19350.t2	343	PROTEIN
g19351.t2	g19351.t2	201	PROTEIN
g19352.t1	g19352.t1	156	PROTEIN
g19353.t1	g19353.t1	369	PROTEIN
g19354.t1	g19354.t1	144	PROTEIN
g19355.t1	g19355.t1	442	PROTEIN
g19356.t1	g19356.t1	1190	PROTEIN
g19357.t1	g19357.t1	763	PROTEIN
g19358.t1	g19358.t1	130	PROTEIN
g19359.t1	g19359.t1	131	PROTEIN
g19360.t1	g19360.t1	338	PROTEIN
g19361.t1	g19361.t1	89	PROTEIN
g19362.t1	g19362.t1	873	PROTEIN
g19363.t1	g19363.t1	1205	PROTEIN
g19364.t1	g19364.t1	308	PROTEIN
g19365.t1	g19365.t1	114	PROTEIN
g19366.t1	g19366.t1	144	PROTEIN
g19367.t1	g19367.t1	514	PROTEIN
g19368.t1	g19368.t1	302	PROTEIN
g19369.t1	g19369.t1	461	PROTEIN
g19370.t1	g19370.t1	422	PROTEIN
g19371.t2	g19371.t2	539	PROTEIN
g19372.t1	g19372.t1	92	PROTEIN
g19373.t1	g19373.t1	173	PROTEIN
g19374.t1	g19374.t1	127	PROTEIN
g19375.t1	g19375.t1	252	PROTEIN
g19376.t1	g19376.t1	325	PROTEIN
g19377.t1	g19377.t1	309	PROTEIN
g19378.t1	g19378.t1	657	PROTEIN
g19379.t1	g19379.t1	169	PROTEIN
g19380.t1	g19380.t1	549	PROTEIN
g19381.t1	g19381.t1	357	PROTEIN
g19382.t1	g19382.t1	369	PROTEIN
g19383.t1	g19383.t1	90	PROTEIN
g19384.t1	g19384.t1	98	PROTEIN
g19385.t1	g19385.t1	253	PROTEIN
g19386.t1	g19386.t1	349	PROTEIN
g19387.t1	g19387.t1	190	PROTEIN
g19388.t1	g19388.t1	107	PROTEIN
g19389.t1	g19389.t1	71	PROTEIN
g19390.t1	g19390.t1	330	PROTEIN
g19391.t1	g19391.t1	145	PROTEIN
g19392.t1	g19392.t1	220	PROTEIN
g19393.t1	g19393.t1	455	PROTEIN
g19394.t1	g19394.t1	619	PROTEIN
g19395.t1	g19395.t1	85	PROTEIN
g19396.t1	g19396.t1	255	PROTEIN
g19397.t1	g19397.t1	610	PROTEIN
g19398.t1	g19398.t1	612	PROTEIN
g19399.t1	g19399.t1	101	PROTEIN
g19400.t1	g19400.t1	476	PROTEIN
g19401.t1	g19401.t1	1134	PROTEIN
g19402.t1	g19402.t1	495	PROTEIN
g19403.t1	g19403.t1	98	PROTEIN
g19404.t1	g19404.t1	257	PROTEIN
g19405.t1	g19405.t1	257	PROTEIN
g19406.t1	g19406.t1	433	PROTEIN
g19407.t1	g19407.t1	335	PROTEIN
g19408.t1	g19408.t1	218	PROTEIN
g19409.t1	g19409.t1	103	PROTEIN
g19410.t1	g19410.t1	61	PROTEIN
g19411.t1	g19411.t1	135	PROTEIN
g19412.t1	g19412.t1	561	PROTEIN
g19413.t1	g19413.t1	322	PROTEIN
g19414.t1	g19414.t1	700	PROTEIN
g19415.t1	g19415.t1	128	PROTEIN
g19416.t1	g19416.t1	297	PROTEIN
g19417.t1	g19417.t1	106	PROTEIN
g19418.t1	g19418.t1	144	PROTEIN
g19419.t1	g19419.t1	212	PROTEIN
g19420.t1	g19420.t1	516	PROTEIN
g19421.t1	g19421.t1	144	PROTEIN
g19422.t1	g19422.t1	533	PROTEIN
g19423.t1	g19423.t1	94	PROTEIN
g19424.t1	g19424.t1	353	PROTEIN
g19425.t1	g19425.t1	368	PROTEIN
g19426.t1	g19426.t1	280	PROTEIN
g19427.t1	g19427.t1	258	PROTEIN
g19428.t1	g19428.t1	314	PROTEIN
g19429.t1	g19429.t1	295	PROTEIN
g19430.t1	g19430.t1	954	PROTEIN
g19431.t1	g19431.t1	388	PROTEIN
g19432.t1	g19432.t1	394	PROTEIN
g19433.t1	g19433.t1	104	PROTEIN
g19434.t1	g19434.t1	119	PROTEIN
g19435.t1	g19435.t1	330	PROTEIN
g19436.t1	g19436.t1	132	PROTEIN
g19437.t1	g19437.t1	129	PROTEIN
g19438.t1	g19438.t1	332	PROTEIN
g19439.t1	g19439.t1	117	PROTEIN
g19440.t1	g19440.t1	123	PROTEIN
g19441.t1	g19441.t1	89	PROTEIN
g19442.t1	g19442.t1	488	PROTEIN
g19443.t1	g19443.t1	218	PROTEIN
g19444.t1	g19444.t1	368	PROTEIN
g19445.t1	g19445.t1	159	PROTEIN
g19446.t1	g19446.t1	309	PROTEIN
g19447.t1	g19447.t1	255	PROTEIN
g19448.t1	g19448.t1	194	PROTEIN
g19449.t1	g19449.t1	191	PROTEIN
g19450.t1	g19450.t1	297	PROTEIN
g19451.t1	g19451.t1	431	PROTEIN
g19452.t1	g19452.t1	341	PROTEIN
g19453.t1	g19453.t1	344	PROTEIN
g19454.t1	g19454.t1	255	PROTEIN
g19455.t1	g19455.t1	635	PROTEIN
g19456.t1	g19456.t1	302	PROTEIN
g19457.t1	g19457.t1	347	PROTEIN
g19458.t1	g19458.t1	136	PROTEIN
g19459.t1	g19459.t1	707	PROTEIN
g19460.t1	g19460.t1	953	PROTEIN
g19461.t1	g19461.t1	390	PROTEIN
g19462.t1	g19462.t1	1485	PROTEIN
g19463.t2	g19463.t2	1094	PROTEIN
g19464.t1	g19464.t1	75	PROTEIN
g19465.t1	g19465.t1	145	PROTEIN
g19466.t1	g19466.t1	97	PROTEIN
g19467.t1	g19467.t1	296	PROTEIN
g19468.t1	g19468.t1	143	PROTEIN
g19469.t1	g19469.t1	66	PROTEIN
g19470.t1	g19470.t1	198	PROTEIN
g19471.t1	g19471.t1	193	PROTEIN
g19472.t1	g19472.t1	525	PROTEIN
g19473.t1	g19473.t1	644	PROTEIN
g19474.t1	g19474.t1	206	PROTEIN
g19475.t2	g19475.t2	1012	PROTEIN
g19476.t1	g19476.t1	418	PROTEIN
g19477.t1	g19477.t1	241	PROTEIN
g19478.t1	g19478.t1	252	PROTEIN
g19479.t1	g19479.t1	130	PROTEIN
g19480.t1	g19480.t1	1540	PROTEIN
g19481.t1	g19481.t1	98	PROTEIN
g19482.t1	g19482.t1	444	PROTEIN
g19483.t1	g19483.t1	275	PROTEIN
g19484.t1	g19484.t1	90	PROTEIN
g19485.t1	g19485.t1	290	PROTEIN
g19486.t1	g19486.t1	393	PROTEIN
g19487.t1	g19487.t1	425	PROTEIN
g19488.t1	g19488.t1	108	PROTEIN
g19489.t1	g19489.t1	90	PROTEIN
g19490.t1	g19490.t1	98	PROTEIN
g19491.t1	g19491.t1	388	PROTEIN
g19492.t1	g19492.t1	105	PROTEIN
g19493.t1	g19493.t1	412	PROTEIN
g19494.t2	g19494.t2	417	PROTEIN
g19495.t1	g19495.t1	250	PROTEIN
g19496.t1	g19496.t1	702	PROTEIN
g19497.t1	g19497.t1	891	PROTEIN
g19498.t1	g19498.t1	409	PROTEIN
g19499.t1	g19499.t1	236	PROTEIN
g19500.t1	g19500.t1	106	PROTEIN
g19501.t1	g19501.t1	103	PROTEIN
g19502.t1	g19502.t1	303	PROTEIN
g19503.t1	g19503.t1	135	PROTEIN
g19504.t1	g19504.t1	151	PROTEIN
g19505.t1	g19505.t1	185	PROTEIN
g19506.t1	g19506.t1	122	PROTEIN
g19507.t1	g19507.t1	82	PROTEIN
g19508.t4	g19508.t4	782	PROTEIN
g19509.t1	g19509.t1	97	PROTEIN
g19510.t1	g19510.t1	599	PROTEIN
g19511.t1	g19511.t1	511	PROTEIN
g19512.t1	g19512.t1	444	PROTEIN
g19513.t1	g19513.t1	723	PROTEIN
g19514.t1	g19514.t1	175	PROTEIN
g19515.t1	g19515.t1	102	PROTEIN
g19516.t1	g19516.t1	269	PROTEIN
g19517.t1	g19517.t1	661	PROTEIN
g19518.t1	g19518.t1	208	PROTEIN
g19519.t1	g19519.t1	112	PROTEIN
g19520.t1	g19520.t1	112	PROTEIN
g19521.t1	g19521.t1	105	PROTEIN
g19522.t1	g19522.t1	619	PROTEIN
g19523.t1	g19523.t1	258	PROTEIN
g19524.t1	g19524.t1	99	PROTEIN
g19525.t1	g19525.t1	149	PROTEIN
g19526.t1	g19526.t1	147	PROTEIN
g19527.t1	g19527.t1	73	PROTEIN
g19528.t1	g19528.t1	330	PROTEIN
g19529.t1	g19529.t1	1389	PROTEIN
g19530.t1	g19530.t1	239	PROTEIN
g19531.t1	g19531.t1	285	PROTEIN
g19532.t1	g19532.t1	681	PROTEIN
g19533.t1	g19533.t1	513	PROTEIN
g19534.t1	g19534.t1	73	PROTEIN
g19535.t1	g19535.t1	97	PROTEIN
g19536.t1	g19536.t1	1125	PROTEIN
g19537.t1	g19537.t1	93	PROTEIN
g19538.t1	g19538.t1	103	PROTEIN
g19539.t1	g19539.t1	95	PROTEIN
g19540.t1	g19540.t1	337	PROTEIN
g19541.t1	g19541.t1	116	PROTEIN
g19542.t1	g19542.t1	384	PROTEIN
g19543.t1	g19543.t1	93	PROTEIN
g19544.t1	g19544.t1	102	PROTEIN
g19545.t1	g19545.t1	80	PROTEIN
g19546.t1	g19546.t1	207	PROTEIN
g19547.t1	g19547.t1	466	PROTEIN
g19548.t1	g19548.t1	148	PROTEIN
g19549.t1	g19549.t1	495	PROTEIN
g19550.t1	g19550.t1	1176	PROTEIN
g19551.t1	g19551.t1	655	PROTEIN
g19552.t1	g19552.t1	423	PROTEIN
g19553.t1	g19553.t1	531	PROTEIN
g19554.t1	g19554.t1	303	PROTEIN
g19555.t1	g19555.t1	1189	PROTEIN
g19556.t1	g19556.t1	330	PROTEIN
g19557.t1	g19557.t1	197	PROTEIN
g19558.t1	g19558.t1	301	PROTEIN
g19559.t1	g19559.t1	210	PROTEIN
g19560.t1	g19560.t1	103	PROTEIN
g19561.t1	g19561.t1	137	PROTEIN
g19562.t1	g19562.t1	185	PROTEIN
g19563.t1	g19563.t1	283	PROTEIN
g19564.t1	g19564.t1	111	PROTEIN
g19565.t1	g19565.t1	139	PROTEIN
g19566.t1	g19566.t1	195	PROTEIN
g19567.t1	g19567.t1	606	PROTEIN
g19568.t1	g19568.t1	365	PROTEIN
g19569.t1	g19569.t1	668	PROTEIN
g19570.t1	g19570.t1	724	PROTEIN
g19571.t1	g19571.t1	315	PROTEIN
g19572.t1	g19572.t1	270	PROTEIN
g19573.t1	g19573.t1	560	PROTEIN
g19574.t1	g19574.t1	124	PROTEIN
g19575.t1	g19575.t1	134	PROTEIN
g19576.t1	g19576.t1	106	PROTEIN
g19577.t1	g19577.t1	169	PROTEIN
g19578.t1	g19578.t1	462	PROTEIN
g19579.t1	g19579.t1	237	PROTEIN
g19580.t1	g19580.t1	197	PROTEIN
g19581.t1	g19581.t1	105	PROTEIN
g19582.t1	g19582.t1	110	PROTEIN
g19583.t1	g19583.t1	1660	PROTEIN
g19584.t1	g19584.t1	186	PROTEIN
g19585.t1	g19585.t1	217	PROTEIN
g19586.t1	g19586.t1	104	PROTEIN
g19587.t1	g19587.t1	466	PROTEIN
g19588.t1	g19588.t1	731	PROTEIN
g19589.t1	g19589.t1	152	PROTEIN
g19590.t1	g19590.t1	265	PROTEIN
g19591.t1	g19591.t1	218	PROTEIN
g19592.t1	g19592.t1	359	PROTEIN
g19593.t1	g19593.t1	719	PROTEIN
g19594.t1	g19594.t1	714	PROTEIN
g19595.t1	g19595.t1	482	PROTEIN
g19596.t1	g19596.t1	74	PROTEIN
g19597.t1	g19597.t1	319	PROTEIN
g19598.t1	g19598.t1	446	PROTEIN
g19599.t1	g19599.t1	461	PROTEIN
g19600.t1	g19600.t1	239	PROTEIN
g19601.t1	g19601.t1	145	PROTEIN
g19602.t1	g19602.t1	239	PROTEIN
g19603.t1	g19603.t1	85	PROTEIN
g19604.t1	g19604.t1	462	PROTEIN
g19605.t1	g19605.t1	262	PROTEIN
g19606.t1	g19606.t1	249	PROTEIN
g19607.t1	g19607.t1	262	PROTEIN
g19608.t2	g19608.t2	309	PROTEIN
g19609.t1	g19609.t1	562	PROTEIN
g19610.t1	g19610.t1	565	PROTEIN
g19611.t1	g19611.t1	392	PROTEIN
g19612.t1	g19612.t1	366	PROTEIN
g19613.t1	g19613.t1	82	PROTEIN
g19614.t1	g19614.t1	208	PROTEIN
g19615.t1	g19615.t1	480	PROTEIN
g19616.t1	g19616.t1	105	PROTEIN
g19617.t1	g19617.t1	199	PROTEIN
g19618.t1	g19618.t1	128	PROTEIN
g19619.t1	g19619.t1	96	PROTEIN
g19620.t1	g19620.t1	231	PROTEIN
g19621.t1	g19621.t1	561	PROTEIN
g19622.t1	g19622.t1	100	PROTEIN
g19623.t1	g19623.t1	104	PROTEIN
g19624.t1	g19624.t1	207	PROTEIN
g19625.t1	g19625.t1	496	PROTEIN
g19626.t1	g19626.t1	168	PROTEIN
g19627.t1	g19627.t1	123	PROTEIN
g19628.t1	g19628.t1	418	PROTEIN
g19629.t1	g19629.t1	1255	PROTEIN
g19630.t1	g19630.t1	207	PROTEIN
g19631.t1	g19631.t1	131	PROTEIN
g19632.t1	g19632.t1	350	PROTEIN
g19633.t1	g19633.t1	271	PROTEIN
g19634.t1	g19634.t1	92	PROTEIN
g19635.t1	g19635.t1	97	PROTEIN
g19636.t1	g19636.t1	115	PROTEIN
g19637.t1	g19637.t1	123	PROTEIN
g19638.t1	g19638.t1	151	PROTEIN
g19639.t1	g19639.t1	331	PROTEIN
g19640.t1	g19640.t1	404	PROTEIN
g19641.t1	g19641.t1	414	PROTEIN
g19642.t1	g19642.t1	966	PROTEIN
g19643.t1	g19643.t1	380	PROTEIN
g19644.t1	g19644.t1	409	PROTEIN
g19645.t1	g19645.t1	86	PROTEIN
g19646.t1	g19646.t1	249	PROTEIN
g19647.t1	g19647.t1	879	PROTEIN
g19648.t1	g19648.t1	432	PROTEIN
g19649.t1	g19649.t1	292	PROTEIN
g19650.t1	g19650.t1	100	PROTEIN
g19651.t1	g19651.t1	706	PROTEIN
g19652.t1	g19652.t1	77	PROTEIN
g19653.t1	g19653.t1	477	PROTEIN
g19654.t1	g19654.t1	260	PROTEIN
g19655.t1	g19655.t1	294	PROTEIN
g19656.t1	g19656.t1	166	PROTEIN
g19657.t1	g19657.t1	78	PROTEIN
g19658.t1	g19658.t1	87	PROTEIN
g19659.t1	g19659.t1	143	PROTEIN
g19660.t1	g19660.t1	353	PROTEIN
g19661.t1	g19661.t1	129	PROTEIN
g19662.t1	g19662.t1	171	PROTEIN
g19663.t1	g19663.t1	66	PROTEIN
g19664.t1	g19664.t1	96	PROTEIN
g19665.t1	g19665.t1	487	PROTEIN
g19666.t1	g19666.t1	310	PROTEIN
g19667.t1	g19667.t1	243	PROTEIN
g19668.t1	g19668.t1	321	PROTEIN
g19669.t1	g19669.t1	636	PROTEIN
g19670.t1	g19670.t1	105	PROTEIN
g19671.t1	g19671.t1	313	PROTEIN
g19672.t2	g19672.t2	1768	PROTEIN
g19673.t1	g19673.t1	200	PROTEIN
g19674.t1	g19674.t1	460	PROTEIN
g19675.t1	g19675.t1	471	PROTEIN
g19676.t1	g19676.t1	284	PROTEIN
g19677.t1	g19677.t1	89	PROTEIN
g19678.t1	g19678.t1	615	PROTEIN
g19679.t1	g19679.t1	624	PROTEIN
g19680.t1	g19680.t1	108	PROTEIN
g19681.t1	g19681.t1	87	PROTEIN
g19682.t1	g19682.t1	102	PROTEIN
g19683.t1	g19683.t1	294	PROTEIN
g19684.t1	g19684.t1	295	PROTEIN
g19685.t1	g19685.t1	110	PROTEIN
g19686.t1	g19686.t1	77	PROTEIN
g19687.t1	g19687.t1	184	PROTEIN
g19688.t1	g19688.t1	485	PROTEIN
g19689.t1	g19689.t1	493	PROTEIN
g19690.t1	g19690.t1	1236	PROTEIN
g19691.t1	g19691.t1	180	PROTEIN
g19692.t1	g19692.t1	111	PROTEIN
g19693.t1	g19693.t1	173	PROTEIN
g19694.t2	g19694.t2	189	PROTEIN
g19695.t1	g19695.t1	522	PROTEIN
g19696.t1	g19696.t1	2281	PROTEIN
g19697.t1	g19697.t1	90	PROTEIN
g19698.t1	g19698.t1	97	PROTEIN
g19699.t1	g19699.t1	155	PROTEIN
g19700.t1	g19700.t1	173	PROTEIN
g19701.t1	g19701.t1	77	PROTEIN
g19702.t1	g19702.t1	122	PROTEIN
g19703.t1	g19703.t1	463	PROTEIN
g19704.t1	g19704.t1	68	PROTEIN
g19705.t1	g19705.t1	349	PROTEIN
g19706.t1	g19706.t1	406	PROTEIN
g19707.t1	g19707.t1	262	PROTEIN
g19708.t1	g19708.t1	83	PROTEIN
g19709.t1	g19709.t1	178	PROTEIN
g19710.t1	g19710.t1	254	PROTEIN
g19711.t1	g19711.t1	1154	PROTEIN
g19712.t2	g19712.t2	1231	PROTEIN
g19713.t1	g19713.t1	13	PROTEIN
g19714.t1	g19714.t1	910	PROTEIN
g19715.t1	g19715.t1	582	PROTEIN
g19716.t1	g19716.t1	443	PROTEIN
g19717.t1	g19717.t1	516	PROTEIN
g19718.t1	g19718.t1	515	PROTEIN
g19719.t1	g19719.t1	153	PROTEIN
g19720.t1	g19720.t1	263	PROTEIN
g19721.t1	g19721.t1	1246	PROTEIN
g19722.t1	g19722.t1	406	PROTEIN
g19723.t1	g19723.t1	249	PROTEIN
g19724.t1	g19724.t1	273	PROTEIN
g19725.t1	g19725.t1	1048	PROTEIN
g19726.t1	g19726.t1	637	PROTEIN
g19727.t1	g19727.t1	178	PROTEIN
g19728.t1	g19728.t1	97	PROTEIN
g19729.t1	g19729.t1	197	PROTEIN
g19730.t1	g19730.t1	293	PROTEIN
g19731.t1	g19731.t1	326	PROTEIN
g19732.t1	g19732.t1	109	PROTEIN
g19733.t1	g19733.t1	249	PROTEIN
g19734.t1	g19734.t1	244	PROTEIN
g19735.t1	g19735.t1	758	PROTEIN
g19736.t1	g19736.t1	112	PROTEIN
g19737.t1	g19737.t1	204	PROTEIN
g19738.t1	g19738.t1	355	PROTEIN
g19739.t1	g19739.t1	654	PROTEIN
g19740.t1	g19740.t1	472	PROTEIN
g19741.t1	g19741.t1	101	PROTEIN
g19742.t1	g19742.t1	319	PROTEIN
g19743.t1	g19743.t1	362	PROTEIN
g19744.t1	g19744.t1	265	PROTEIN
g19745.t1	g19745.t1	194	PROTEIN
g19746.t1	g19746.t1	660	PROTEIN
g19747.t1	g19747.t1	144	PROTEIN
g19748.t1	g19748.t1	158	PROTEIN
g19749.t1	g19749.t1	80	PROTEIN
g19750.t1	g19750.t1	137	PROTEIN
g19751.t1	g19751.t1	425	PROTEIN
g19752.t1	g19752.t1	786	PROTEIN
g19753.t1	g19753.t1	1001	PROTEIN
g19754.t1	g19754.t1	573	PROTEIN
g19755.t1	g19755.t1	135	PROTEIN
g19756.t1	g19756.t1	771	PROTEIN
g19757.t1	g19757.t1	107	PROTEIN
g19758.t1	g19758.t1	148	PROTEIN
g19759.t1	g19759.t1	609	PROTEIN
g19760.t1	g19760.t1	1226	PROTEIN
g19761.t1	g19761.t1	73	PROTEIN
g19762.t1	g19762.t1	935	PROTEIN
g19763.t2	g19763.t2	1139	PROTEIN
g19764.t1	g19764.t1	463	PROTEIN
g19765.t1	g19765.t1	896	PROTEIN
g19766.t1	g19766.t1	145	PROTEIN
g19767.t1	g19767.t1	334	PROTEIN
g19768.t1	g19768.t1	94	PROTEIN
g19769.t1	g19769.t1	514	PROTEIN
g19770.t1	g19770.t1	169	PROTEIN
g19771.t1	g19771.t1	339	PROTEIN
g19772.t1	g19772.t1	147	PROTEIN
g19773.t1	g19773.t1	349	PROTEIN
g19774.t1	g19774.t1	164	PROTEIN
g19775.t1	g19775.t1	597	PROTEIN
g19776.t1	g19776.t1	78	PROTEIN
g19777.t1	g19777.t1	1152	PROTEIN
g19778.t1	g19778.t1	93	PROTEIN
g19779.t1	g19779.t1	338	PROTEIN
g19780.t1	g19780.t1	169	PROTEIN
g19781.t1	g19781.t1	180	PROTEIN
g19782.t1	g19782.t1	822	PROTEIN
g19783.t1	g19783.t1	1008	PROTEIN
g19784.t1	g19784.t1	342	PROTEIN
g19785.t1	g19785.t1	69	PROTEIN
g19786.t1	g19786.t1	171	PROTEIN
g19787.t1	g19787.t1	416	PROTEIN
g19788.t3	g19788.t3	1188	PROTEIN
g19789.t1	g19789.t1	282	PROTEIN
g19790.t1	g19790.t1	2858	PROTEIN
g19791.t1	g19791.t1	303	PROTEIN
g19792.t1	g19792.t1	228	PROTEIN
g19793.t1	g19793.t1	100	PROTEIN
g19794.t1	g19794.t1	488	PROTEIN
g19795.t1	g19795.t1	161	PROTEIN
g19796.t1	g19796.t1	1377	PROTEIN
g19797.t1	g19797.t1	237	PROTEIN
g19798.t1	g19798.t1	86	PROTEIN
g19799.t1	g19799.t1	379	PROTEIN
g19800.t1	g19800.t1	800	PROTEIN
g19801.t1	g19801.t1	134	PROTEIN
g19802.t2	g19802.t2	114	PROTEIN
g19803.t1	g19803.t1	135	PROTEIN
g19804.t1	g19804.t1	67	PROTEIN
g19805.t3	g19805.t3	167	PROTEIN
g19806.t1	g19806.t1	77	PROTEIN
g19807.t1	g19807.t1	81	PROTEIN
g19808.t1	g19808.t1	335	PROTEIN
g19809.t1	g19809.t1	280	PROTEIN
g19810.t2	g19810.t2	256	PROTEIN
g19811.t1	g19811.t1	522	PROTEIN
g19812.t1	g19812.t1	1514	PROTEIN
g19813.t1	g19813.t1	741	PROTEIN
g19814.t1	g19814.t1	191	PROTEIN
g19815.t1	g19815.t1	144	PROTEIN
g19816.t1	g19816.t1	34	PROTEIN
g19817.t1	g19817.t1	330	PROTEIN
g19818.t1	g19818.t1	173	PROTEIN
g19819.t1	g19819.t1	228	PROTEIN
g19820.t1	g19820.t1	161	PROTEIN
g19821.t1	g19821.t1	100	PROTEIN
g19822.t1	g19822.t1	28	PROTEIN
g19823.t1	g19823.t1	1259	PROTEIN
g19824.t1	g19824.t1	225	PROTEIN
g19825.t1	g19825.t1	868	PROTEIN
g19826.t1	g19826.t1	265	PROTEIN
g19827.t1	g19827.t1	1682	PROTEIN
g19828.t1	g19828.t1	151	PROTEIN
g19829.t1	g19829.t1	273	PROTEIN
g19830.t1	g19830.t1	287	PROTEIN
g19831.t2	g19831.t2	219	PROTEIN
g19832.t2	g19832.t2	903	PROTEIN
g19833.t1	g19833.t1	226	PROTEIN
g19834.t1	g19834.t1	363	PROTEIN
g19835.t1	g19835.t1	242	PROTEIN
g19836.t1	g19836.t1	514	PROTEIN
g19837.t1	g19837.t1	805	PROTEIN
g19838.t1	g19838.t1	665	PROTEIN
g19839.t1	g19839.t1	264	PROTEIN
g19840.t1	g19840.t1	123	PROTEIN
g19841.t1	g19841.t1	178	PROTEIN
g19842.t1	g19842.t1	83	PROTEIN
g19843.t1	g19843.t1	123	PROTEIN
g19844.t1	g19844.t1	501	PROTEIN
g19845.t1	g19845.t1	82	PROTEIN
g19846.t1	g19846.t1	69	PROTEIN
g19847.t1	g19847.t1	141	PROTEIN
g19848.t1	g19848.t1	162	PROTEIN
g19849.t1	g19849.t1	79	PROTEIN
g19850.t1	g19850.t1	82	PROTEIN
g19851.t1	g19851.t1	123	PROTEIN
g19852.t1	g19852.t1	965	PROTEIN
g19853.t1	g19853.t1	265	PROTEIN
g19854.t1	g19854.t1	102	PROTEIN
g19855.t1	g19855.t1	1130	PROTEIN
g19856.t1	g19856.t1	1100	PROTEIN
g19857.t1	g19857.t1	525	PROTEIN
g19858.t1	g19858.t1	572	PROTEIN
g19859.t1	g19859.t1	192	PROTEIN
g19860.t1	g19860.t1	800	PROTEIN
g19861.t1	g19861.t1	121	PROTEIN
g19862.t1	g19862.t1	389	PROTEIN
g19863.t1	g19863.t1	350	PROTEIN
g19864.t1	g19864.t1	451	PROTEIN
g19865.t1	g19865.t1	1863	PROTEIN
g19866.t1	g19866.t1	70	PROTEIN
g19867.t1	g19867.t1	144	PROTEIN
g19868.t1	g19868.t1	173	PROTEIN
