UniqueCount	AmbigCount
16	0
115	0
27	100
0	11
116	140
592	1722
161	0
13	459
158	892
630	2410
103	0
0	0
429	58
0	0
114	487
0	0
944	0
869	0
308	0
1	213
0	0
1	133
176	276
23	608
33	150
378	20
0	38
40	1318
2	0
0	0
4	0
8	74
0	9
0	531
38	24
12	4
94	5
348	1605
365	595
0	71
48	702
72	0
2	0
0	0
19	0
4	57
10	161
3	11
3	5
0	116
981	292
0	1525
88	44
0	100
0	0
3	0
0	5
107	335
0	81
365	244
53	1140
0	9
159	10
13	0
7	111
0	0
8	25
0	0
366	323
155	942
70	1381
42	0
0	0
9	16
1	0
5	0
196	427
36	10
1	1
85	621
6	1076
0	38
2	27
1	0
6	1
34	110
352	210
223	1516
271	0
391	1191
11	0
4226	1
113	857
471	26
518	19
1213	317
178	1397
49	139
5	319
38	534
2	50
1	0
1797	1008
519	496
0	1
540	590
54	0
4661	249
15	139
0	0
0	0
2	63
0	0
7	69
848	24
0	0
0	0
49	0
1	2
2	646
75	0
153	261
3	21
0	0
4	1
180	6
150	11
14	1381
0	21
0	1
0	0
137	509
48	0
59	0
186	1046
6	162
2447	5
2	84
1	0
23	27
0	0
346	0
369	215
18	14
5	14
0	0
0	0
198	0
1	127
10	0
216	1
0	103
0	0
0	41
0	71
0	1
122	216
9	300
10163	210
0	0
0	0
1	102
71	214
37	458
3	17
427	0
164	14
8	15
23	487
71	0
91	33
1108	512
8	33
1	65
242	51
0	38
0	0
2	13
0	0
192	417
46	46
0	0
1078	498
0	576
0	0
0	0
0	148
0	2
0	72
0	281
1372	1561
3	2
93	69
369	536
623	78
114	65
0	49
241	0
0	0
0	0
435	9
0	28
308	0
1	0
65	0
354	1211
22081	65
822	133
29	83
1	181
110	33
1107	380
3	0
25149	323
1	134
1	0
1242	54
0	140
0	265
324	136
0	0
0	1
0	3
0	0
44	1
123	0
0	55
6665	647
39	197
1292	1691
3	0
47	18
1	1
3	350
0	0
1	96
3277	0
11	162
329	906
0	0
4	7
4	0
1028	654
255	271
185	15
0	29
19	0
226	1135
33	0
0	0
0	456
96	0
310	0
1489	0
0	39
3	759
24	131
0	6
0	0
1044	0
378	0
168	242
12	116
479	6
106	9
113	9
265	33
135	2
163	1776
7	0
0	0
1	0
0	0
0	0
1111	129
472	0
41	131
0	50
5	16
486	11
0	0
174	2168
50	1294
0	0
0	0
2	17
3	1096
55	349
380	227
2633	8
164	1129
0	0
82	0
0	0
1	0
1639	2
94	690
82	304
234	0
247	0
80	692
30	104
2	0
44	1157
0	0
295	0
1664	83
0	3
8	4
6	53
49	404
60	82
2	254
0	55
0	0
0	29
0	15
39	229
2	276
0	0
60	206
45	328
0	0
0	0
0	0
0	0
3	19
1	0
4	0
415	0
1555	617
2	58
12	0
26	341
227	262
777	820
2460	1
0	0
7	22
3	206
0	1
0	0
0	0
0	4
0	0
0	0
0	0
11	5
0	0
5	22
315	100
128	964
772	582
1594	433
190	0
408	438
13	308
370	144
643	804
120	2
1327	30
285	259
0	0
38	700
848	105
0	0
0	0
8	0
4	0
58	120
2710	11
52	87
306	166
145	256
13	117
57	453
201	0
1226	6
13942	260
0	0
1728	0
0	162
0	80
157	401
27	0
76	0
145	35
21	131
42	1
15611	1
151	0
34	218
416	695
471	0
6	0
1	0
2225	0
708	146
17	0
30	2
0	0
11021	1
199	344
0	0
3	541
6	177
0	6
0	19
5	191
44	806
38	0
1	0
0	19
0	0
252	73
488	352
262	0
6362	1
1146	49
161	0
463	0
529	1
112	0
76	121
0	25
0	3
6	87
388	281
709	1179
186	181
10890	2
1317	42
123	0
682	0
362	0
466	218
126	0
2	0
0	0
565	0
416	0
83	0
196	607
0	26
186	0
1254	0
143	94
467	87
19	805
2093	0
15	0
1300	2264
0	1
10	240
472	0
1666	404
284	864
22	584
196	9
74	57
0	0
2	135
44	5
0	0
12	0
1	6
0	0
0	0
2	0
85	17
18	53
413	33
127	743
0	79
6	30
219	994
7	122
1	0
0	0
1	48
0	0
63	9
5	178
1153	71
91	649
342	0
7	0
75	0
100	129
27	112
3	96
3	395
0	0
0	0
22	435
0	0
0	0
268	2
394	96
829	0
701	0
0	0
321	397
1	0
25	1244
33	713
3528	217
8	5
43	28
9	0
652	203
83	155
219	0
463	58
164	650
1	781
656	1484
98	118
476	0
0	7
202	1
26	0
2	27
0	61
31	0
0	0
0	0
11	0
0	0
0	0
0	0
0	0
0	0
0	44
1	1
12	778
0	0
1	12
3	1018
0	438
0	269
144	990
0	9
0	0
918	905
0	12
0	10
0	3
8	323
410	243
6	47
396	0
278	25
36	493
41	571
0	0
24	33
474	149
0	0
993	123
197	93
0	0
472	1
0	0
617	0
0	0
0	9
2	46
0	0
0	0
0	10
0	0
0	0
0	0
0	11
0	0
0	0
860	86
0	0
646	0
0	0
1	68
283	158
59	1449
443	192
7272	0
636	646
768	0
0	0
0	0
335	184
3	42
274	0
2	29
0	181
0	0
0	0
4600	148
448	0
123	0
674	289
0	2
7	251
15	29
28	0
0	3
0	0
0	0
0	0
286	23
1	16
372	1690
0	0
99	2
0	20
3	0
606	304
237	5
9116	2
0	16
0	0
0	0
0	0
0	0
508	146
0	0
0	0
0	0
0	3
0	4
0	0
0	0
376	1634
7	0
0	1
455	1
1	1
2	16
7	808
13	7
2	35
115	1182
2	81
29	76
0	0
1	1
122	0
5	0
188	0
538	96
331	0
56	0
8	0
269	268
4	46
114	1175
0	0
35	0
219	1131
352	185
29	349
365	10
849	23
1008	18
214	249
0	0
8	17
42	279
33	157
19	44
35	2
94	551
559	456
0	0
0	0
750	2037
2	0
3	0
0	0
108	460
19	1076
0	153
77	1692
16	625
0	0
0	3
4621	24
1506	12
0	0
0	3
29	0
0	14
0	0
8	0
254	2
13	0
79	1126
474	0
7762	4
0	0
0	0
0	0
1	3
237	22
2	27
0	0
257	106
65	127
26	367
104	988
113	758
8	11
11	1232
144	25
1	2
0	30
8	0
77	0
0	0
0	0
0	0
2	33
33	384
0	0
0	2
4	193
0	0
0	1
31	55
7	281
5	0
20	272
3	0
0	20
136	353
286	0
0	0
0	0
0	0
322	572
1860	34
5	0
38	17
260	402
0	39
469	18
577	1931
236	0
218	586
45	722
0	0
24	397
1	1
95	87
0	13
2	23
19252	200
25	145
0	0
4	80
12	46
97	103
74	1261
0	3
0	6
0	0
164	736
303	774
3	9
48	0
5	0
0	0
0	0
0	0
0	17
31	394
0	9
47	0
3	0
1	33
4604	826
49	279
145	96
17	1101
8	0
1852	326
0	0
10	5
0	0
0	0
65	35
0	6
1	476
98	69
19	205
778	83
189	547
138	229
542	980
204	619
366	0
578	0
30	0
92	665
5	0
0	0
0	197
342	1882
2	395
1	0
0	0
0	0
0	1
322	591
31	39
9	6
0	36
1	532
2	0
0	110
0	401
148	893
0	0
0	0
84	17
0	585
3	107
0	0
0	0
0	0
121	600
0	355
18	56
386	149
57	21
6	186
99	113
0	6
47	419
1169	531
10	176
1906	2108
205	1146
0	1
136	115
111	4
278	34
8	337
2	339
296	878
0	37
0	0
0	113
0	0
3	0
0	0
189	381
99	0
166	32
385	2
442	1
214	6
24	84
8	614
0	0
40	8
4	258
0	0
335	66
2	3
0	0
1	2
0	433
0	0
0	123
1	0
110	279
26	67
303	1189
19	84
12	3
0	0
0	0
285	27
383	32
122	0
41	234
565	704
852	552
0	0
330	1032
1196	288
26	0
1408	178
1	0
115	0
0	13
350	0
162	0
271	90
303	0
271	242
44	0
0	0
3	0
1	0
2551	0
18	57
11	62
114	13
76	277
0	0
0	0
104	172
0	1
24	37
88	47
1	11
0	56
4	1351
28	0
0	0
222	298
54	447
253	0
0	7
0	0
356	1385
58089	287
1861	0
0	929
1	4
2	11
188	0
0	0
371	498
0	0
0	32
0	0
5	1
99	1277
0	0
0	0
156	393
0	21
40	103
36	379
137	0
2	58
1	70
5	91
14	1
10	853
1	87
3466	58
280	0
25	16
1132	286
89	0
12922	9
4766	1849
17	0
0	0
0	0
116	12
289	107
1921	778
341	0
3	126
5	150
45	14
305	438
0	0
481	253
4	4
0	148
0	0
9	0
0	0
6	177
0	0
0	0
0	0
0	0
0	0
0	0
0	0
10	58
0	0
0	0
0	1
0	10
7	349
0	0
0	39
9	0
18	199
5	259
0	0
643	88
0	0
14	2
0	0
0	14
0	176
188	0
131	0
31	2
26	9
672	0
431	338
5	226
213	16
0	0
36	21
5	263
0	0
0	1
123	2154
1694	793
0	70
102	25
1	0
6	0
2	156
203	0
0	0
0	0
611	50
1381	892
0	0
0	13
0	0
116	841
0	15
527	65
0	0
25	114
0	9
6	0
13	0
19	21
31	547
0	195
0	0
0	0
173	0
0	0
54	0
3	55
19	166
0	64
17	0
0	14
119	1687
367	10
274	0
93	1001
20	422
136	0
159	101
769	2
19	929
0	141
54	454
0	344
0	0
12	29
0	252
2	5
2	16
0	0
279	1171
0	0
0	5
0	1
1372	614
140	0
45	24
5	6
90	211
30	235
147	0
312	51
409	0
8	0
1468	0
267	448
0	0
226	149
0	0
50	216
6	294
2	209
0	0
0	0
2	0
0	1
101	0
0	210
0	0
0	0
144	6
415	135
140	5
370	1
44	473
0	0
0	0
45	289
0	184
0	20
919	0
2	59
120	2
16	3
0	0
280	1884
26	0
6	0
7455	5
0	5
835	256
0	0
105	423
7481	626
1	168
9	552
306	0
3	2
99	203
45	753
8	137
5	608
0	46
506	1557
0	0
0	0
1	149
0	347
0	0
1	0
272	81
23	1013
0	5
32	0
6	43
41	0
6	134
142	0
161	399
2684	0
292	175
16	767
0	0
0	0
0	84
0	0
0	367
0	0
0	0
8	395
43	62
6414	0
8	358
0	1
0	1
0	893
3	339
0	20
0	0
79	88
44	176
5	17
29	43
429	386
292	0
63175	6
100131	27
10	983
2	730
2	233
39	345
910	0
193	0
116	0
472	8
3016	423
49	44
513	318
427	20
152	3766
48	450
0	0
398	365
163	0
315	206
0	10
0	11
18	205
8	135
125	0
2082	443
722	3
7	45
23	11
91	945
12	228
17	217
62	100
32	12
0	19
8	57
74	353
2	367
2	12
1	688
69599	4
221	0
4	0
0	0
61	336
139	1
558	547
2	0
128	0
280	681
363	0
121	161
0	1
76	132
299	0
0	0
0	0
74	555
46	244
0	0
247	1257
36	0
250	661
0	13
0	0
1	0
224	0
1	436
2642	121
560	247
1190	204
374	0
92945	9
87	136
0	24
203	751
45	72
299	0
27	1
944	149
46	31
0	50
267	10
190	0
0	0
255	160
274	179
514	582
0	0
1316	28
8	92
337	863
0	10
0	0
0	12
15	36
52	652
258	0
582	1241
0	0
0	0
227	0
0	39
0	3
1	27
0	33
0	716
54	230
723	418
2543	1103
0	0
223	0
0	0
0	0
7	282
0	0
0	0
1	0
38	3758
21756	4271
1887	441
20	450
16	0
18	87
65	177
0	2
170	12
502	1811
33	58
31	63
7	7
286	514
1939	1
4	0
1451	1
16	298
0	0
590	72
1336	130
0	6
7	0
449	149
2	0
18	0
52	35
0	0
45	0
35	0
26	1
16	0
9	0
2	0
27	89
15	0
38	0
28	0
64	78
0	12
157	0
42	0
49	42
22	1
7	4
33	0
7	0
40	188
13	192
1	0
90	7
1075	1901
409	36
179	478
0	0
1	65
101	141
6	8
23	13
0	0
0	0
1	0
212	1123
12	3
0	58
0	0
0	0
0	23
235	0
532	6
0	0
0	56
0	0
0	14
0	0
0	0
52	277
13	175
0	83
514	21
351	103
14	458
12	0
109	0
0	113
76	272
430	10
0	157
41	0
56	596
6	9
0	7
1405	429
99	275
0	2
2	111
15	50
0	5
81	760
21	175
0	0
3	257
8	159
249	548
0	0
1	29
0	0
292	176
61	67
43	58
57	13
497	229
3283	805
7	0
786	190
0	19
14	137
2	0
166	10
546	0
5	127
4	182
164	142
0	226
7	20
0	15
0	1
4	2
49	10
0	1
0	0
0	0
0	0
9	0
0	0
1	4
7	0
2	0
0	60
114	227
167	381
95	0
54	72
3	0
66	54
7	301
50	1
0	0
1	0
74	206
7	19
3	280
134	11
931	28
7	122
5	37
0	0
3	236
0	0
143	736
33	0
51	1937
3	12
30	0
65	54
0	0
0	12
17	51
42	241
162	874
1145	161
0	1
28	0
276	673
11	0
390	0
0	2
464	1
4	44
107	224
279	19
47	75
201	2
394	237
5	71
235	16
162	0
59	1116
10	5
2781	53
208	2190
1641	2501
683	63
23	3
1	0
6	3
7	41
2	106
2	26
443	55
11	0
578	0
64	75
21	767
0	0
0	681
2	0
1	117
763	355
79	2
23	0
139	1
0	0
0	0
134	0
0	0
1	20
132	882
4876	79
23	30
14	76
365	49
637	52
6	7
1	81
0	3
1	14
10	0
254	211
167	182
1686	38
1078	0
3895	321
0	144
54	28
5	20
2	26
57	0
3	0
168	250
64	25
12	275
1	8
4	54
0	6
20	1054
66	906
7	10
1	20
7	216
239	2057
2	0
781	937
170	307
2	0
556	0
359	70
106	0
10	0
0	38
116	1136
1139	0
510	252
142	0
339	1213
92	978
0	4
0	50
5	0
272	0
9	169
9	118
243	10
9	439
0	0
1	2
0	0
0	2
1757	177
0	11
0	0
229	135
0	0
23	3
791	292
5	0
22	1
1	0
0	1
43	476
3	318
0	0
0	204
118	364
52	191
2	82
10	41
11	280
203	32
5	8
102	2019
98	0
133	73
294	0
2106	34
14	708
5749	1
100	330
0	20
6	169
56	1278
8867	146
448	18
36	254
685	326
6401	726
1	71679
53	2113
0	136
0	14
0	2
3	11
0	0
27	67
0	0
0	0
1	104
48	213
5	105
508	180
20	175
9	85
389	439
30	0
72	42
0	100
276	103
1	7
0	16
16	260
15	518
584	0
1	120
180	68
119	352
567	0
10	313
61	2763
653	240
0	0
4	14
243	72
387	204
85	845
503	45
0	0
2	0
0	0
0	0
21	416
0	6
24	0
0	152
36	1041
0	6
0	0
0	0
0	21
0	0
0	0
0	0
4500	0
0	0
40723	343
1	0
2	0
0	46
654	3
376	650
106	0
615	9
89	0
16	111
0	73
0	0
0	0
1	27
111	11
5	40
135	344
0	77
19	41
27	0
0	0
0	0
1	0
0	0
1	0
9	994
0	0
0	3
313	2
238	186
9	214
34	32
0	10
3	3
0	116
6	5
30	438
0	0
0	11
1	0
0	0
0	0
232	1308
0	0
936	432
1513	21
7	231
1587	336
0	0
4066	235
557	0
72	22
2	418
0	2
46	525
29	599
0	8
9	7
1	0
975	34
0	0
11	13
150	183
293	910
0	5
194	1206
0	17
0	0
4	0
0	0
43	0
3339	89
224	551
128	635
1	360
235	444
0	0
12	0
0	0
0	34
0	71
0	0
0	14
0	0
372	1548
28	92
12	97
157	157
4	829
24	123
58	160
0	23
97	433
4	70
60	585
570	2
230	239
245	0
737	244
13	317
1057	21
60	61
44	8
6	0
58	641
0	0
354	148
191	187
3968	739
339	117
53	24
90	171
13	0
1799	1097
143	0
77	1
0	181
51	526
0	2
0	0
240	549
3	150
69	301
1	93
40	0
10	125
0	0
0	0
0	0
0	6
282	510
106	3210
13	4
26	1
4	52
803	208
608	0
408	0
9	4
19	121
48	209
9917	1
0	0
3	0
14	1
0	25
0	0
1	12
428	606
11	69
0	0
7	55
0	0
42	1071
189	574
13	680
1	305
109	64
32	0
366	87
11	870
0	17
2	2
2	0
0	0
422	3
0	1229
0	0
0	0
2425	0
209	6
426	336
77	329
219	257
5	80
585	117
0	0
553	1929
128	48
4	131
154	0
464	1
0	0
0	26
0	1
0	0
493	365
0	0
2	0
716	43
37	0
5	68
45	0
0	19
0	0
0	2
0	13
2	0
0	0
0	0
0	0
195	0
532	385
0	0
1071	13106
13817	97
28057	17966
15	31
7100	19384
0	0
1	2
146	0
0	2
60	1290
30	122
0	0
1	1
0	3
133	341
5	4
26	4
0	418
785	0
22	6
97	529
68	8
30	11
23	43
0	0
0	0
394	952
0	0
2	113
938	57
0	0
223	0
18	91
17	1339
25	293
0	0
0	7
196	2
2	0
901	1853
0	0
58	48
0	0
2	97
0	0
0	0
3	87
0	0
2	0
137	0
1002	577
40	135
32	0
177	7
161	14
7	14
178	11
27	2
285	1
6047	140
28	0
66	0
0	0
57	329
200	3
2	0
68	0
137	69
96	0
124	792
0	0
50	484
310	136
62	82
112	0
304	0
45	4
31	0
3252	0
905	17
619	1
270	0
0	0
0	0
0	3
210	0
16	131
3	41
1266	0
3038	176
7	121
1	16
0	0
0	25
0	0
6	26
0	0
2	0
22	452
137	242
6	905
7	5
0	0
131	1
42133	6
95	0
96	34
311	13
2358	384
183	1002
0	2
0	1
793	0
10	58
2483	8
665	1622
1	3
9	356
23	0
49	0
44	0
0	0
15	1
10	153
0	0
11	11
34089	19500
2430	625
0	13
3	0
0	0
14	89
26	204
4	16
2812	867
774	128
191	36
0	0
0	0
0	0
8	0
171	44
1	9
0	2
27	24
21	2
317	190
12353	17
46	63
79	140
178	835
173	441
1401	0
1138	0
7702	1
746	0
830	328
244	1420
167	478
495	244
0	230
0	0
1	518
54	130
0	0
9	0
0	138
3	0
136	0
41	13684
0	0
0	0
0	6
15	155
223	526
0	58
0	0
489	0
190	0
6454	12
3	12
398	515
269	439
0	0
0	0
977	1276
31	88
4	20
14	227
1	0
13	0
7	20
26	0
356	688
292	143
0	0
0	114
0	2
6	108
0	58
278	3
93	3
1	6
443	234
0	89
51	953
4	5
151	0
54	18
36	24
190	17
15	134
5	29
19	488
22	526
0	140
0	0
0	0
555	436
3	3
449	123
0	29
60	688
107	339
0	206
815	6
15	408
0	0
0	4
88	378
12	50
84	1368
235	750
37	221
279	13
109	0
11	232
5	71
0	1
0	232
103	124
93	97
662	0
55	364
484	16
146	131
1291	227
211	0
267	0
0	0
24	419
1	0
2091	0
571	2
1452	498
6	301
346	189
23	1
5	4
51	195
0	100
294	176
14	70
306	0
261	0
173	40
34	522
90	349
0	10
75	9
2	3
7	0
0	0
91821	9343
141	0
304	912
100	45
0	0
14	0
0	0
456	691
62	0
157	107
44	488
903	0
101	1079
2549	52
0	0
2267	11
2426	539
3	9
54	298
38	10
14	0
401	0
429	368
0	0
7	18
99	12
56308	125
140	21
69	186
1183	962
0	0
96	33
335	43
1043	197
934	1030
316	86
88	0
12	603
0	0
0	0
2	372
0	0
0	0
0	0
0	0
0	0
0	214
0	0
0	0
378	1
20	0
29	230
382	223
2	0
1	0
0	0
0	0
42	326
169	14
1394	122
0	404
0	0
42	799
93	350
292	330
5	647
43	545
0	2
37	2
5	74
120	563
0	22
2031	54
75	17
0	2
10	0
3	0
5	43
1	9
100	968
129	20
6	0
3	0
4	0
31	24
150	0
1	28
225	1097
186	556
686	740
0	0
0	94
86	1124
1	365
32	696
0	0
1	3
0	15
55	10
987	270
510	0
1	136
6	483
72	692
206	202
0	57
150	25
244	7
0	0
267	145
231	517
1	14
58	238
173	128
124	2288
8	0
8	381
0	0
1	65
0	0
125	0
130	0
757	95
107	0
10803	4
22	4
0	24
0	48
11	0
0	0
0	623
2	1346
19	36
6	2
89	12
3877	301
0	0
1128	768
81	183
0	0
10	11
1	0
4	2
636	328
624	20
0	0
297	42
0	31
0	20
54	0
0	7
1	187
131	0
0	126
681	939
29	23
0	0
5	75
0	0
289	653
0	455
1	12
0	0
0	158
7	231
6	146
22	0
1	0
3	0
13	89
0	158
0	15
0	17
0	7
26	877
0	0
0	0
0	0
0	0
0	0
0	0
0	0
0	0
631	762
0	2
0	12
0	0
2043	0
219	701
5877	44
174	1
32	2
90	0
53	0
45	0
1	30
3468	396
0	0
166	0
90	17
271	1496
0	113
130	1
4	0
1	0
0	0
913	2615
377	133
0	0
0	0
0	176
41	542
0	0
8	316
3	277
0	420
285	0
1	0
134	0
1474	1037
809	0
39	455
18	126
123	138
112	246
7	43
281	247
33	112
19	303
56	1133
179	139
0	573
6	90
0	0
0	0
0	2
15	1
1629	143
818	515
91	0
13	135
41	548
0	8
0	20
588	378
113	0
0	0
0	0
1	18
10	2
3	10
346	187
10	1275
311	0
10	0
3	169
143	0
194	0
327	0
368	1
60	1
3	0
562	89
20	23
33	1
4410	23
599	1269
822	287
808	0
704	0
732	58
2025	3
134	765
340	238
0	34
55	0
0	75
108	414
154	0
584	0
293	89
1097	2
397	538
135	0
398	87
11	0
1	79
0	0
31	20
8	60
30	2
0	0
0	54
5	1
0	0
8	0
56	131
0	0
0	0
0	2
491	300
10	69
0	0
0	0
0	0
1	180
736	36
652	667
0	0
961	1486
2	0
2	0
10	2
84	360
39	5
1	6
32	1
3	138
0	0
0	0
0	0
0	0
2	6
0	0
0	0
152	472
24	0
0	210
697	174
1470	0
0	10
135	611
36	110
0	0
33	1191
277	186
0	149
20	306
13	1
7	5
3	207
0	19
0	176
4	0
0	2
0	0
2	147
187	58
12421	126
442	2
105879	492
0	0
0	0
17	261
0	0
3	23
0	13
53	119
126	1313
0	0
0	0
118	413
0	0
0	0
0	0
138	75
0	132
0	0
0	0
0	0
0	0
0	0
0	0
70	887
0	0
0	0
0	0
0	0
0	0
0	0
0	0
0	0
0	0
0	56
291	0
9	290
47	10
320	302
232	85
64	785
66	922
16	0
4	0
3	1135
517	3
929	135
6	1174
236	383
91	133
0	0
219	271
0	0
106	137
1315	0
409	0
641	635
0	0
9	309
1199	0
43	0
69	182
68	402
1232	66
2	196
25	209
4	17
134	0
2	0
6	195
295	448
0	64
0	124
82	3004
1283	87
0	0
0	0
3	2063
3	115
76	377
456	646
200	1
34	181
1542	18
0	0
14	562
0	0
3	193
0	12
146	66
28	2648
152	1
308	467
30	173
17	386
90	1931
576	412
1	723
179	200
242	243
7	246
1	128
2	48
0	193
517	0
1196	0
207	619
1	33
41	95
5	167
7	10
8	233
8	925
0	0
0	69
8	0
2	0
0	0
0	0
9	13
0	0
0	0
0	0
0	0
52	3
1	182
0	0
1	0
2	0
10	0
1	207
648	1020
7	11
202	0
35763	1
5119	11
10451	2
1	110
50	1
101	5
0	2
1	0
36	2
380	0
842	0
1164	151
386	1
310	1
1105	2
53	109
1349	809
7	0
403	758
20	3
129	103
0	201
331	0
13	68
116	1
3232	1
200	1393
2814	1369
4	1046
0	60
2333	5
0	1
474	4
25597	2
0	0
3	0
0	1
1	193
502	53
544	5
183	0
316	234
705	198
0	39
0	0
0	0
4	0
0	0
0	26
19	0
1	0
0	0
1	88
3	0
0	0
1	0
5	2
0	201
4	0
66	243
249	203
20	0
4	47
0	0
2	154
0	4
692	758
0	0
8	176
0	0
996	0
119	546
265	938
28	0
41	248
218	37
224	715
521	752
1	205
29	253
322	11
3988	4
3686	5
795	2251
255	957
13	0
0	1
3	17
308	0
30	330
1923	101
0	0
0	0
0	0
1051	1001
969	83
0	15
17	0
2	17
0	0
3	2
0	0
2	0
191	0
52	10
0	0
1140	51
613	6849
0	1
81	4
180	51
51	500
16	172
36	6
0	0
13	50
2	34
20	869
0	27
453	1880
604	77
0	0
0	219
373	31
247	289
3	0
163	0
446	44
17	157
23	3764
1	0
8	2
0	0
0	0
0	0
41	254
415	5
5	151
0	31
8	160
135	9
192	0
409	1
147	84
0	51
1	0
242	8
32	9
2192	80
0	0
0	0
0	0
0	0
0	0
355	268
80	852
0	416
61	0
4	0
0	0
0	0
1	0
0	0
1	0
4	0
34	0
24	146
0	27
1	399
0	7
22	82
1718	424
93	0
90	12
1452	325
30	0
2	0
227	158
57	224
0	1
386	2
238	466
0	14
1462	1962
0	0
1	228
0	264
0	0
0	798
1	8
1	165
0	27
32	101
534	57
1	108
0	0
27	0
22	0
2	36
1	223
0	4
0	0
59	7
3	3
10	159
2	436
0	0
500	0
151	0
1	70
718	3
8	127
778	7
537	76
59	0
308	182
948	46
454	54
121	2
2	0
170	0
0	870
14	19
0	0
0	0
198	1498
1750	1976
1854	31
1	27
346	577
290	38
248	301
25	408
0	0
53	77
155	0
12660	2
1383	0
804	7
2	91
0	4
2	244
176	0
285	0
8088	5337
101	11
805	0
0	13
187	565
254	216
53	25
13	0
145	212
399	984
41	6
0	0
59	790
372	1777
471	1093
7168	0
422	430
53	576
107	46
27	74
0	0
4	201
0	319
0	0
0	140
31	234
550	0
7	0
7	21
8	7
110	117
153	1589
167	839
53	839
46	357
346	0
159	0
14	0
37	0
183	327
534	105
0	60
0	0
0	0
0	0
398	0
19	76
16	892
112	956
0	184
271	141
198	0
88	0
333	49
7	290
0	66
46	471
1	0
7	7
4	0
545	625
34	0
1819	1183
229	0
148	0
8039	0
168	412
424	59
142	158
207	103
0	17
0	0
0	0
8	386
93	648
6	78
66	315
4	0
0	79
0	0
1	2
13	206
427	347
45	232
1	17
5	66
139	671
0	0
228	161
257	0
6	59
0	0
432	628
0	0
0	7
16	0
1	11
38	109
193	109
0	11
38	141
14	0
31	717
0	55
14	489
1	0
0	344
7	338
0	0
0	0
1017	136
25	0
330	71
0	2
183	143
0	138
132	913
5	320
20	108
0	0
8	0
0	0
3	32
0	0
3	0
11	0
2	2
1162	0
50229	1
69	0
28	0
2292	0
14756	1
225	0
0	0
45	145
6544	1
4370	0
0	0
130	248
25643	8
750	0
141	1
66	44
11	0
0	0
170	746
533	52
210	390
113	67
919	1604
0	0
5	0
1944	7
350	3
375	0
0	0
131	0
0	82
2	131
19	260
99	169
175	188
65	618
343	275
757	0
33	108
0	0
0	163
31	1110
0	0
0	168
27	88
4	697
0	53
1	0
0	0
0	0
0	302
14	40
3	3
2	488
7	0
0	9
0	5
0	0
0	97
98	56
0	0
0	0
117	1508
19	188
1080	519
0	94
1	234
102	0
2076	252
2	8
0	0
5	0
618	887
333	302
809	0
212	0
204	336
177	0
66	24
467	0
4	0
643	98
0	5
8607	2030
52	1044
0	0
5	910
8	71
5	0
789	99
439	823
139	181
98	247
232	10
41	12
349	0
127	2482
4842	218
134	0
115	0
3	257
3	170
0	0
80	230
0	5783
138	42
471	246
0	0
5	0
163	305
127	637
3	40
0	20
610	909
3	180
2	168
57	0
0	0
0	0
457	0
90	16
171	118
93	1
49	247
105	1893
81	292
57	689
158	2
45	545
0	0
0	0
0	0
111	251
26	406
1230	5
9548	0
3	383
95	643
85	0
0	20
0	0
200	14
0	54
1933	8
12	223
0	19
17	551
3	497
50	1
13	75
30	2
0	53
482	392
127	1006
0	0
0	0
35	148
3077	748
67	0
4	0
6	130
79	1056
0	0
0	0
633	780
0	0
112	804
2	160
0	0
0	154
1788	22467
1194	49
0	0
0	76
125	11
17	15
162	0
10	0
14	418
22	3
614	559
0	0
382	399
85	0
52	220
5	36
1	174
2552	1
163	5
9	0
855	1118
1534	1
469	1282
1	272
507	0
0	27
107	0
130	313
97	15
8	574
0	0
19	777
89	353
24	0
35	41
0	0
0	0
0	0
0	0
292	0
114	98
1049	839
232	2
522	305
0	0
21	100
55	299
1	24
5	497
2	209
2	392
0	0
225	0
142	600
13	3
0	0
6	533
13	0
0	50
32	510
282	97
54	672
197	469
1	59
1240	244
16	43
3	0
10	0
1	71
14	0
0	40
8	34
4	11
3	13
10	2
178	193
0	0
0	0
0	0
0	0
0	51
1	0
13	19
2	0
2	17
5	0
135	14
153	14
52	207
14	36
102	711
4	148
0	0
0	0
0	0
0	0
0	0
0	2
70	592
8	66
1108	0
1	12
0	0
0	0
0	0
199	230
31	7
287	492
137	726
127	96
1	1736
28	40
243	32
66	0
27	0
6	1849
5	223
327	174
0	4
1097	44
0	58
269	43
293	66
0	0
4	145
15	303
478	0
3	0
0	0
0	7
0	0
43	410
802	471
3	8
1	0
185	346
75	362
18354	575
254281	588
0	0
156	1534
69	48
553	591
2	132
129	5
395	63
38	0
1	117
6	150
625	13
594	226
39	0
100	7
0	0
2	1242
288	399
0	5
192	4
163	720
0	385
896	836
1964	1642
0	37
33	259
3	372
0	7
0	2
13	123
611	0
54	80
100	0
179	675
3	12
185	410
8	4
5	799
76	1169
19320	362
118	5618
72	0
12	149
0	0
416	63
86	221
67	271
104	517
0	0
240	381
0	11
1	0
3	32
0	0
2	0
3	0
63	333
0	2
0	0
2	0
0	0
5	334
440	548
0	0
2034	0
3	74
0	0
12	392
119	202
7	13
8	0
135	0
1180	112
0	141
0	0
0	610
5	23
232	1234
45	155
5320	1
0	0
50	96
1067	228
320	24
607	10
5	0
31	0
119	26
871	562
15	274
0	43
0	146
477	359
340	0
60	10
10	244
255	23
680	1127
392	734
48	299
1034	726
372	0
10	1243
77	184
19	16
4	122
1397	0
1066	1
36	160
3	258
0	39
82	0
131	37
102	182
1114	230
1816	569
596	1033
1	9
140	0
60	16
6	28
12	2
52	19
1060	8
119	6
252	1
82	6
3	193
2	0
0	0
58	0
47	1917
263	223
2	517
0	0
228	2
0	0
0	0
54	60
44	18
2	0
490	1751
0	0
0	1
233	0
666	143
438	0
146	25
31	409
263	0
0	133
587	0
445	357
0	30
5437	325
0	285
0	0
0	0
44	1075
116	0
3299	1
274	32
274	22
0	0
0	19
24720	1
0	143
2	0
0	1681
10	35
336	443
234	13
464	117
6000	445
0	0
16215	216
180	0
473	737
61	2276
3	0
0	0
123	197
44	42
257	38
0	2
0	22
1	794
277	30
266	0
2	58
0	0
54	469
0	381
147	1489
320	1
11	324
1	105
7	352
0	0
6	75
6228	1
1	5
13	199
906	4
122	429
2	0
0	0
13	8
816	478
20	249
2065	1342
1045	0
218	2
152	0
1555	180
3125	6
0	0
3277	6183
826	1713
1	0
0	0
126	0
0	2
74	0
0	0
4	0
1	81
1	0
1	80
2038	5563
22	0
0	18
1240	339
0	0
0	0
1126	0
2	30
160	1093
37	481
0	0
0	0
5853	1247
0	0
988	0
0	1
82	3
1302	454
476	481
667	67
74	11
6	260
20	315
0	6
0	0
188	2
268	313
50	32
0	4
3740	1
298	2
140	0
15	277
368	344
119	817
195	190
665	434
66	919
86	0
136	0
0	0
0	0
0	0
144	349
0	147
27	504
550	131
182	160
532	1
207	45
159	0
0	0
525	58
1	0
44	1009
42	517
74	0
75	39
5	113
0	945
0	0
0	72
1	570
0	34
23	0
2	539
1128	801
84	995
1	39
1	0
0	4
1	280
3	19
0	0
0	0
241	292
151	207
3	0
416	8
21550	1
7844	1038
0	775
40	751
0	13
2	10
151	339
0	0
104	0
1	0
125	37
66	42
140	0
50	76
0	0
81	262
95	0
247	0
362706	20886
27	1343
188	0
0	16
1053	1693
515	0
6	0
1582	1078
0	13
46	0
421	0
237	334
458	93
262	51
0	496
4	373
6	695
157	452
302	311
38	98
1	7
199	0
2	153
3	0
167	265
0	0
0	0
0	0
0	0
1	0
1681	1494
0	0
4	46
35	296
8	213
49	0
0	0
3578	283
168	0
110	0
3	249
0	24
25	131
6	434
0	28
0	9
157	166
7	657
1	71
81	295
58	274
60	0
3	839
0	8
73	540
139	19
1	1
195	166
125	414
19	167
549	191
11	16
0	2
2	2
0	0
0	0
4	62
218	663
6	2
6	0
348	0
982	70
0	98
1355	107
83	53
0	1
168	44
356	1079
0	0
249	658
0	0
0	0
494	0
1906	360
685	0
84	83
314	109
24	131
81	265
7	680
271	9
0	7
89	0
75	99
488	1429
226	393
199	265
4	0
348	1033
151	81
36	62
0	0
0	0
6	0
0	0
18	240
59	215
6	39
52	56
0	0
273	51
5605	0
10	48
2	6
0	0
0	14
146	1
0	0
50	3
594	380
496	4
0	0
38	574
0	0
0	0
1	178
0	0
12	259
157	12
36	137
101	115
187	72
2	0
804	0
1124	506
0	0
1	29
308	0
59	55
306	481
75	0
380	172
7	127
9	67
206	151
0	11
177	1322
26	7
0	0
6	107
0	0
0	33
1386	2204
6	40
0	0
420	95
8	77
223	5
219	130
0	9
154	18
7448	0
169	0
381	144
1	489
18	0
5	7
0	0
0	336
0	0
0	0
0	0
0	1
34	92
0	33
0	0
35	3
0	0
847	2512
14	166
4	258
383	2024
215	2
6	12
113	242
181	121
424	302
74	1086
0	1
930	7
261	92
1250	233
360	1
100	1
0	7
0	731
6	1051
0	0
7	0
0	226
194	0
162	0
414	0
84	23
3089	899
5	273
7	0
2	60
167	22
4737	125
9	6
0	18
270	0
502	3
41	306
54	120
0	161
1	0
6	0
28	401
66	46
0	2
317	1
184	32
423	210
7	88
74	592
93	2
0	10
386	389
402	0
621	11
16	3
166	0
10	328
21	1
919	0
518	29
6	32
0	0
1	79
11	92
17	168
11	0
0	0
150	54
125	317
1	352
21	17
0	87
5	324
2	453
6	60
2	3
380	389
0	0
21	0
169	0
505	1214
78	1362
208	884
40	894
0	19
24	193
167	310
448	381
2	10
319	692
110	772
1081	45
126	104
175	74
332	134
168	41
333	90
791	158
320	3
1	0
27	352
1329	1
56	469
42	363
7	396
0	525
0	0
0	0
0	2
2	0
0	2
3	0
0	48
191	0
7	155
0	65
0	1
14	290
24	205
16	15
0	11
103	1
30	83
1	108
3	14
2	0
36	0
210	604
32	166
176	1266
3025	1240
0	0
181	177
34	542
0	0
167	59
88	9
0	0
593	2023
8	125
68	72
17	99
241	4
181	87
146	0
889	0
269	155
14	168
11	13
54	2
0	0
17	2315
0	0
8	0
6	24
0	0
625	5
2	27
23	120
0	0
0	0
1	520
2472	2
959	384
2238	0
269	660
92	5
1931	277
53	229
0	0
433	0
2	0
603	6
310	3
144	0
177	0
2	1250
0	0
584	0
126	63
434	431
1583	1097
427	3
690	95
8	26
1	0
0	0
0	0
6	32
0	0
96	647
0	0
17	685
114	30
215	285
59	0
138	315
10	1
8	5
32	0
0	0
5	10
2156	1540
0	0
2	1
54	0
35	0
28	39
11	64
0	2
7	516
0	2
0	0
65	1
0	15
0	0
12	50
788	480
1	0
706	2
248	15
0	0
126	1
0	0
834	2
293	424
38	192
30	65
0	0
0	361
520	134
0	1
0	0
0	34
97	60
186	0
193	0
0	0
10	97
102	134
40	15
236	84
82	30
0	0
0	0
2	0
255	1
31	0
251	23
87	0
127	1
137	1
751	434
110	141
21	39
0	15
2	38
1541	735
1	0
172	74
67	0
92	1176
0	0
182	203
542	133
0	36
80	0
269	690
14	0
251	3146
0	7
167	0
225	146
2	984
2	28
22	174
0	74
298	632
381	302
7	6
0	0
2	0
0	0
0	8
3	0
338	207
0	178
100	567
76	332
13	121
39	298
252	1453
568	446
10	0
232	58
117	910
124	0
113	64
0	0
70	95
1588	3457
2204	1217
34	649
150	0
748	381
1	2045
86	694
0	57
78	1
30	0
1	360
0	0
10	258
0	111
65	0
467	0
0	0
196	0
2243	263
48	100
6	111
511	0
19	0
3	15
1	0
0	217
12	261
0	4
0	106
0	0
19	512
0	129
2	0
69	830
375	0
178	321
14	676
1	33
0	0
0	0
13	709
0	13
6	0
406	445
243	2
16	1157
0	85
148	480
0	0
0	3
0	2
1330	76
1155	0
0	0
108	0
3	91
5	0
2633	10
88	448
382	41
5	289
0	0
0	0
0	34
20	1
258	147
651	478
243	190
277	0
142	291
2090	1055
65	1039
958	126
2340	611
13839	1
63	685
112	0
637	628
3	0
48709	6
38749	627
0	0
527	19
0	0
4	77
58	84
0	0
45	16
2	0
1	21
1	7
0	30
1	0
1	14
10	68
2	4
102	236
27	1252
4	197
462	0
606	0
0	0
157	0
22	59
390	55
0	13
0	203
14	8
377	57
4000	113
333	336
0	0
0	0
2	5
0	0
32	0
1	152
0	3
0	3
0	0
707	553
715	39
0	163
0	0
0	0
37	0
68	0
7236	20
2	0
0	0
2	80
46	0
666	1271
0	180
11	322
22	204
182	562
98	1161
2424	2
504	9
1	57
1	64
0	0
26	1202
4	600
0	4
93	600
42	209
0	0
6	621
253	0
16	1
1	131
228	0
44	32
28	224
0	0
51	1
0	0
21	0
90	36
945	1877
0	0
7	17
0	0
0	22
171	8
0	0
0	0
1	0
1286	125
0	19
217	604
0	166
0	0
56	46
874	2
4	43
380	174
179	174
330	6
9	356
630	40
820	24
0	0
7167	0
534	0
571	85
7	236
247	0
758	669
0	24
65	0
254	223
18	163
399	75
0	0
0	0
2	1
1	0
2	1
1773	10
1	17
0	0
86	340
0	86
4	79
1	31
0	15
196	31
121	236
0	2
0	16
2	292
14	1568
104	0
2309	15
18139	3
42	127
325	0
0	711
376	561
176	1
203	1544
453	51
134	2
509	171
449	53
3	0
6	544
0	0
11	99
0	0
324	294
16	0
4	162
0	0
14	732
7	21
1	0
0	0
2	0
3	0
0	0
0	62
0	129
276	0
14	197
1	605
0	1
0	1
1079	220
1	10
1	730
0	0
175	145
399	114
20	167
12	109
0	1
695	272
572	538
0	0
56	363
2	6
27	40
317	721
189	0
7	654
0	10
0	0
0	2
15	6
0	3
0	0
18	314
256	102
67	89
782	30
4	483
77	185
6635	173
2	1410
3210	1210
1099	313
31	841
231	0
706	781
0	0
1	0
0	33
0	0
3	7
0	0
0	0
0	0
2	5
0	0
2	0
1527	7237
4275	42
1062	241
242	2551
1	68
0	0
1	0
290	0
0	0
249	1694
0	0
0	0
1	0
0	0
0	0
0	0
1	0
0	260
0	17
0	62
3	0
0	2
77	334
0	0
103	261
0	0
192	0
7	0
14835	7
4941	2
460	526
0	0
31	209
0	0
0	1
0	0
1	3
78	90
66	762
10	664
0	19
12	60
11	0
72	842
41	0
1	42
133	0
0	7
46	237
36	115
592	0
5	34
0	0
4	149
342	867
741	155
0	0
7	0
0	0
99	10
351	424
60	68
854	929
165	1850
20	276
1	0
345	0
340	136
33	1803
103	134
138	102
91	110
893	720
186	17
111	94
12	0
164	46
297	701
588	13
0	0
0	0
0	0
0	0
0	0
0	0
10	1032
268	1
390	8
257	599
566	467
26	60
181	0
2	143
1	26
0	0
46	38
0	0
42	162
195	0
75	0
5	7
4	7
3	64
4	509
23	662
7	192
24	89
7	61
186	167
1041	493
57	2
21	43
1	4
5	0
19	15
39	208
10	57
200	718
59	93
1337	166
169	1
20	31
0	24
0	54
0	12
0	0
0	0
89	609
0	0
63	30
198	261
17	1
0	0
5	0
124	949
2238	5485
30	423
0	0
0	0
1742	2549
1009	707
0	0
21	1
0	0
0	25
0	0
0	7
0	0
10	7
0	13
0	3
37	45
21	0
1	0
0	48
0	22
95	9
34	750
15	844
202	0
544	50
117	599
120	38
155	37
154	0
1	251
0	0
0	0
12	234
18	0
32	53
178	36
128	225
1	22
2	15
9	0
37	1
434	860
0	0
1	1
0	24
138	3
127	45
0	24
137	257
467	0
249	273
0	17
0	10
1	0
0	0
7	1051
0	646
0	3
14	2095
96	433
0	0
0	0
0	0
119	232
641	499
83	5
1301	267
134	0
258	258
3	59
0	192
1353	33
17	0
84	37
0	0
6	0
0	4
17	1026
4	2
5	0
86	5
0	0
0	0
0	0
9	0
0	0
0	0
8	891
43	102
114	84
861	165
374	0
469	0
62	0
0	1
0	4
4	1
0	2
0	0
1	347
111	54
287	229
5	123
50	1403
190	752
6	0
217	605
43	207
85	341
0	10
0	2
11	54
0	14
0	182
1015	456
1	165
2392	305
21	0
417	618
0	0
0	0
0	0
0	0
0	0
0	4
0	0
145	0
172	14
60	0
396	440
241	200
2339	1
468	282
3	374
18	144
91	88
1284	63
1625	0
258	0
1428	10
194	336
10	0
20	309
0	0
1219	1
0	309
80	336
2	0
0	2
1	174
0	215
202	0
0	6
0	0
373	822
77	0
2621	820
1	51
58	1697
6	66
23	113
375	127
0	0
15	0
8305	0
77	4
21966	1150
413	99
9	0
202	175
6	61
98	1400
0	37
74	1118
0	0
241	231
0	0
0	120
14	1
287	425
166	829
114	6
228	0
144	308
0	2
3482	364
129	281
607	80
106	86
1247	164
5	0
7	0
38	1
12	0
0	21
0	65
12	295
2	4
0	79
6	391
1	0
0	0
0	47
27	243
0	0
35	73
9	736
52	182
0	5
23	209
0	72
1862	0
2	0
19	73
1	0
30934	2594
10765	123
4	0
5	26
1172	267
3389	1
0	0
0	0
3	0
3	96
59	70
575	1
201	1
8056	239
0	0
0	0
1166	0
3194	1
1	88
2	50
0	0
429	305
9	168
0	6
1	57
0	0
41	146
0	0
64	498
1237	0
71	237
1	0
0	0
0	0
0	0
0	0
0	152
23	120
47	4
0	0
0	0
0	0
0	0
0	0
0	0
15	64
152	406
1	72
759	0
122	110
1758	0
413	88
582	356
271	247
400	350
0	0
463	0
827	0
70	8
0	0
0	33
0	72
0	60
17	74
1	0
0	0
0	0
0	0
152	269
87	3
1	0
0	2
5	2
22	0
29	0
13	12
3	0
22	6
19	0
97	51
8	103
55	118
0	0
47	3
0	0
1	7
79	208
831	5
285	0
2	0
92	26
0	0
35	911
0	13
56	89
0	0
0	0
6	0
0	1111
85	174
78	0
3	0
0	0
0	3
0	5
1	35
8	11
4	50
3	8
47	170
6	1114
1	1581
107	0
2025	1450
0	0
393	16
1407	9
2742	0
368	103
1719	184
21	2281
0	0
126	86
0	0
0	0
0	0
381	2
1233	0
15	49
2336	0
538	487
168	535
0	44
1	54
42	2
0	0
0	0
0	0
0	0
0	0
40	403
150	1401
1	1
1	31
462	4
165	0
0	0
1	91
6	163
15	54
0	0
106	357
12	45
1	320
934	578
9	378
0	376
567	16
58	40
470	337
95	352
33	1
74	31
775	190
1739	537
1732	0
0	73
14	20
1133	1100
291	182
355	10
0	0
3684	101
18	0
19	0
26	184
919	1
526	121
0	2
364	116
3	165
71	494
19	0
403	0
330	156
58	181
151	0
228	387
291	609
133	22
28	12
685	258
0	3
103	179
1081	639
0	0
0	0
0	0
39	832
0	0
99	270
2	220
199	363
0	0
0	0
0	0
24	57
5	219
2	0
0	0
0	0
2	0
0	0
192	1177
0	0
0	0
0	0
0	0
0	0
0	0
0	0
0	0
0	0
0	0
71	0
163	0
0	0
0	0
0	117
10	0
2	0
14	0
190	323
183	952
39	389
0	0
822	0
0	0
95	714
0	0
92	518
2	52
0	27
19	809
0	0
3	1
0	0
10	33
1	84
0	0
0	0
240	233
549	0
79	509
1017	989
211	296
41	141
2	0
62	6554
317	0
20	1
858	288
368	265
3	3
50	14
473	17
126	1
521	412
201	0
149	546
73	12
103	195
4	0
34	1816
24	989
0	4
19	0
9	18
0	0
0	10
337	0
522	258
0	0
0	298
22	0
1	1
39	275
91	131
3	7
0	0
5	0
582	9
56	753
1	27
304	9
1	85
18	55
0	0
380	1
38	164
49	485
324	638
1324	0
122	0
624	953
458	623
83	1095
0	0
8	884
533	247
14	1383
2	99
214	939
8	369
0	0
0	0
0	61
1211	6
0	0
0	0
1	0
0	0
2	27
3	0
0	0
0	307
0	0
0	0
0	0
0	142
1	0
293	60
19	639
1591	2
0	274
98	43
11	147
32	263
2	11
2	15
312	101
99	134
0	11
15	252
0	9689
219	0
109	0
8	678
0	0
0	93
0	0
37	353
0	58
0	0
4	65
0	26
3	0
7	114
0	0
2	0
4	0
21	131
2	693
0	0
0	23
215	97
55	1359
0	0
73	9
124	2156
0	147
281	0
0	0
0	0
0	0
33	1224
28	12
7	54
9	1
1	31
6	0
1	0
0	0
261	997
0	0
2147	0
7760	50
63	202
1041	15
27	0
12	0
46	394
124	0
98	44
1393	0
13	138
15	32
210	670
28	43
572	0
756	20
146	1477
370	2
763	9
1999	0
446	147
335	14
410	60
304	1
0	0
129	0
142	82
373	83
223	3
642	144
0	20
7233	0
12	25
386	0
1180	1225
0	2
0	29
28	0
2832	39
135	11
107	1
243	24
9	2024
5	0
0	62
2	296
0	0
29	57
0	0
185	548
13	1375
0	0
0	45
10	543
0	0
5	24
0	0
0	0
315	0
18	8
473	0
178360	109
6657	5520
1156	128
0	0
0	54
7	212
188	1103
0	0
0	182
184	1043
4	1017
0	467
52	60
9	2
61	224
196	485
10	252
0	0
60851	3
519	157
600	19
813	39
74	5
0	0
74	423
1177	32
0	0
1	30
9	88
0	0
36	128
0	0
6	0
800	2260
0	0
59	0
0	0
436	0
135	51
26	169
9	2
39	5
8	678
1	161
0	0
86	548
3	23
0	0
543	0
3	270
2	63
19	26
4	86
14	472
828	4
0	0
0	0
0	119
0	876
2	27
59	164
0	0
273	0
104	0
25	28
0	95
104	0
81	332
51	41
179	0
1	214
0	0
6	38
250	743
2	2
0	0
23	102
50	36
136	0
1119	23
130	0
148	0
107	24
1	4
53	798
8	100
48	17
0	0
0	1
0	0
824	161
0	1
59	387
5682	216
8244	117
201	27
3128	67
2	19
511	1
0	0
11	10
91	1971
0	5
17	85
1	367
1	0
22	21
0	0
1247	2864
0	0
0	25
0	0
25	4
465	177
0	0
76	115
3	99
2	38
15	16
4	4
0	0
0	7
0	22
0	375
0	1
32	365
10	86
93	0
1	0
0	4
0	0
0	11
145	0
1	0
22	42
435	359
1993	128
0	0
2	0
0	434
787	865
0	0
3	729
125	0
175	264
69	816
279	74
595	0
1	0
72	189
76	0
2	222
1	0
5	0
1	0
33	0
0	0
0	1
1	0
816	2
172	133
283	228
107	518
0	0
0	50
0	0
11	204
1	305
43	0
0	0
0	0
0	0
52	4
0	0
57	5
0	0
0	177
1	350
1	0
0	0
0	0
2	247
0	275
0	70
3	0
0	8
0	0
115	240
78	3
6	140
0	471
10	1447
324	202
902	0
149	1
338	1
92	0
1095	762
681	1
5	0
85	4
396	0
332	539
2	1
0	5
1	299
0	88
97	3404
23	115
0	0
153	299
166	748
660	58
11	38
32	0
405	0
119	0
0	5
193	103
17	47
4	45
0	0
0	0
70	284
44	0
180	0
422	28
669	0
0	0
9	108
0	59
0	12
0	60
126	1812
166	0
3680	191
1	25
0	82
421	4
20	178
326	312
18	27
3	4
2	100
0	0
5	665
0	0
2	2
76	344
14	268
0	21
39958	251
53	2
165	168
526	202
203	94
0	47
1125	0
454	0
514	344
99	671
245	6
0	4
0	0
0	19
12	746
0	89
0	97
0	0
37	1038
202	266
178956	30
64	197
0	0
0	51
0	3
414	238
39	54
329	111
317	0
101	0
62	0
4	7
2	541
543	189
0	0
0	0
3	4
1	157
1	194
168	1423
2512	130
30	11
119	1355
120	1374
0	0
120	10
0	158
16	222
0	0
376	1100
36	75
80	0
0	130
32	0
4	4
96	774
1	138
3	50
0	0
0	6
155	547
0	2
0	0
0	15
0	1
1133	97
6	605
1	2
0	3
119	0
670	6
236	0
6	450
0	44
974	0
63	291
0	0
0	0
43	0
4	0
3	0
0	5
11	614
47	111
0	76
2	46
0	65
0	1
0	0
7	66
14	69
530	1998
254	0
324	39
61	0
343	530
100	2
507	400
2	1063
261	1976
1	392
455	1
218	134
86	0
2909	1
537	156
47	10
66	187
72	0
483	8
307	109
543	0
35	82
1	0
6466	31
0	4
2	0
1408	325
1099	0
27	739
164	476
648	137
21	1839
884	44
351	307
10	187
615	329
354	485
67	3
25	0
0	0
0	69
0	0
321	61
9260	318
1	0
1373	950
0	7
0	1
0	0
5	307
0	31
86	193
428	0
457	1031
171	176
508	10
56	0
19	777
57	0
324	482
358	129
116	0
91	1198
81	581
0	68
3444	8
2	0
55	89
9	176
0	9
0	2
204	0
312	7
3	524
0	0
265	563
0	0
3	23
222	876
0	0
1	14
3	246
5	0
41	496
0	14
13	35
20	0
1	15
1692	2588
17	64
10	0
917	457
26	434
0	0
9	0
0	0
0	5
74	605
0	0
0	0
369693	55
202	119
342	0
0	0
1274	40
0	0
80	0
16365	3
5991	15
0	61
26	0
67	7
13	182
0	0
95	0
1	0
10	101
1	0
1917	94
0	29
7	269
339	23
536	0
8	183
122	1639
0	0
115	217
17	37
1	111
0	0
0	386
0	6
1511	47
15	106
29	0
1	1
0	0
1	8
3	0
0	0
2	0
36	646
1315	0
3	0
17	2
11	0
6	175
18	0
47	0
2	0
27	0
34	35
32	0
0	0
8	0
0	0
1	0
16	8
0	116
101	460
6	0
9	155
0	0
7	213
11	0
128	49
0	0
2	9
0	0
0	1
0	0
0	12
25	104
62	6
301	46
15	1
21	0
0	0
0	0
54	424
0	2
22	502
250	1458
56	0
46	0
155	33
270	1224
3	90
0	163
21	380
14	121
189	398
17150	1
115	46
614	180
0	130
265	15
0	122
0	0
0	0
307	600
0	82
52	0
0	0
4	19
17	294
233	365
319	0
430	0
22	110
0	14
30	505
309	32
75	29
20	6311
52	85
0	14
71	173
2	6
1	0
60	0
153	19
311	7
416	46
192	123
281	40
14	78
8	15
67	85
36	0
4	0
318	101
104	189
2	42
29	614
43	1222
16	9
181	0
0	219
10	2
25	1956
0	360
3	4
53	102
2	15
0	0
0	7
0	7
0	123
0	187
0	0
0	1
0	6
0	0
0	0
63	183
0	0
433	187
0	24
42	0
51	3
9	408
0	1
0	0
63	8
0	55
59	131
0	0
20	247
1	818
444	2
426	2
0	0
0	0
0	0
4	0
0	0
0	0
0	0
2	7
42	45
406	1
2	186
67	130
0	0
0	3
44	900
0	11
419	349
0	0
1	0
0	0
0	0
2	0
101	76
1	0
23	856
0	0
9	1
570	560
0	35
0	0
1	45
0	0
802	7
1	352
32	2
1	80
0	0
0	0
32	389
0	0
0	10
2	0
3	0
0	0
385	40
2660	0
0	32
0	0
423	356
0	0
175	0
2924	85
120	57
9	224
0	0
10	29
2	0
50	67
14	0
12	0
2380	126
303	0
19704	343
65	472
14	0
0	0
0	107
0	0
24	1294
31	0
69	155
0	16
0	8
1	13
106	111
4	0
201	11
491	949
65	313
0	2
0	1
162	140
0	0
0	0
2	165
6	12
8	9
0	0
0	0
1	0
0	0
13	19
3	4
1	4
4	51
0	5
0	0
0	0
2	0
0	0
0	0
0	0
11	1455
1	0
1	392
0	10
0	17
0	0
0	0
0	239
0	0
0	0
0	0
0	0
216	478
0	70
160	4
0	0
0	0
10	65
524	1
58	11
137	78
0	11
0	40
10	8
492	175
19	870
20	3
59	261
96	507
3	98
145	0
0	0
0	0
2469	2
227	0
0	0
0	75
3	5
367	1
137	0
907	346
5	143
0	47
2	126
0	18
5	614
37	297
0	0
193	304
3	483
372	1740
51	245
15	39
8	418
27	345
0	348
1002	12
0	0
4904	87
292	66
54	126
0	1
2144	1145
134	0
933	0
168	93
1842	222
9	4
0	0
0	0
107	620
1243	0
1075	423
108	0
27	457
6	0
124	187
16	16
342	357
34	114
4	225
3	0
165	3
0	4
218	385
548	12
0	24
0	0
6	139
0	0
4	80
0	0
1	0
1150	1041
1	380
859	21
30	150
6	80
0	276
0	0
4	0
33825	100
25	17
15	33
2	97
62	508
0	28
62	269
140	137
0	0
269	1819
287	265
2	0
424	0
21	0
206	0
82	6
455	0
0	0
44	300
0	2
0	0
31	183
0	15
0	1
12	30
16	134
7	4
252	597
0	0
0	494
0	0
0	25
0	0
0	0
19	1
48	66
1	60
91	123
34	0
48	0
0	0
0	0
0	52
0	5
0	0
2	72
16	0
5	0
0	4
0	1
17108	91
0	0
0	0
0	0
0	58
0	0
19	0
0	0
0	2
0	0
0	10
85	0
556	224
601	2
1	31
139	334
217	0
44	48
0	2
39	162
26	603
133	925
480	403
711	13
322	456
156	0
36	3
628	22
30	40
0	2
3	319
0	0
0	29
0	0
18	0
0	0
207	326
42	25
0	126
104	0
2643	0
169	232
1	0
388	0
5	0
0	1
2	0
6	6
1021	390
8	10
0	1
4	21
0	0
0	0
0	0
2	60
0	0
0	338
7000	4
1	1
9	30
0	177
0	0
26	149
0	0
0	0
0	12
9	196
18	0
4720	0
0	35
0	6
276	7
15	0
36	4
162	0
41	68
49	0
26	1
18	0
16	0
51	83
8	0
11	1
938	0
6800	0
14976	62
619	71
135	1050
159	66
2	60
0	88
0	0
0	0
1	39
62	0
263	0
543	80
0	7
3	54
0	2
28	92
0	137
0	43
35	535
0	2
5	580
0	4
3	72
153	1457
0	509
0	6
1	195
0	114
36	2
52	2
71	0
161	0
1580	46
163	1066
245	92
1541	0
945	17
143	95
496	174
229	622
128	0
126	0
304	0
500	257
244	4
3	0
48	5
0	0
80	0
0	0
0	0
30	1802
5	724
17	14
0	6
56	70
53	25
33	10
6	0
13	0
25	137
63	0
485	621
36	113
1065	781
0	0
0	0
21	11
45	88
177	142
151	0
108	0
0	42
772	0
0	0
74	902
220	216
298	0
0	0
9	161
2994	5107
195	0
97	288
4	34
0	0
69	546
7	420
113	0
542	1
1914	1
3	39
5	0
63	365
0	0
43	1
12	253
0	0
1	1
1	128
21	472
8	4
2	0
20	3
17	0
110	0
0	26
0	0
0	0
2	228
0	6
0	85
308	125
57	0
49	183
74	100
5	0
0	0
230	377
232	0
0	22
0	0
189	0
99	9
0	0
47	159
0	190
0	0
53	383
654	138
32	138
5	70
4	200
2	13
0	66
61	0
193	207
0	0
1299	573
2	166
0	0
0	0
150	1106
18	46
21	314
5	2
0	3
0	8
0	0
316	795
17	31
0	0
0	0
192	1
2767	0
15815	0
38	780
3	191
1398	170
8	13
12	42
15	93
307	227
0	0
56	0
0	0
0	0
0	0
35	2593
67	107
51	97
272	518
0	0
298	479
0	0
0	0
0	0
23	470
2	4
2563	1
156	82
0	0
47	497
1	0
93	175
4994	376
585	378
11	0
15	44
0	0
240	668
123	981
16	386
0	0
9	0
94	8
125	146
8	7
2	22
0	11
0	34
0	0
1	7
13	4
236	656
13	0
16	13
6	101
11200	9622
11236	50
2627	0
1	0
0	1
240	173
212	18
18	0
1014	82
236	33
0	110
21	780
4241	429
2097	316
867	382
15	230
4	0
0	0
26	0
36	15
14	0
1	0
57	31
10	9
1	0
48	0
16	0
11	0
198	0
1	1364
0	0
1159	0
169	16
36	0
7	1
62	277
24	782
2	3
1	0
0	0
0	223
1	0
0	2
14	346
6	32
0	0
0	0
0	0
0	0
0	0
97	210
623	1497
369	0
133	5
7	0
135	46
15	422
0	0
0	0
721	503
3	53
33	0
140	0
349	0
0	1
467	0
3616	7
177	0
11001	1
1	148
7214	2076
0	0
42	0
85	14
1	164
0	0
0	0
4445	491
368	1506
135	453
115	384
77	389
53	0
183	161
366	557
11	28
168	0
83	183
0	264
524	43
17	0
34	51
0	0
1	0
1	2
0	0
0	1
0	0
223	21
377	0
352	0
503	20
272	1
130	152
99	1
0	43
12	223
6	0
357	137
308	79
0	7
295	647
10	628
0	0
1	259
0	29
83	1768
12	14
0	119
0	1
8	9
9	663
0	425
0	429
10	162
20	44
162	154
20	18
7	7
1610	419
93	180
115	557
0	26
82	219
0	0
837	540
146	9
434	226
0	0
38	2
3562	668
0	37
0	0
1	0
0	0
1	0
1397	199
92	2
66	199
56	119
2338	2
1116	11
10	1373
0	0
0	0
0	0
0	0
6	155
5	320
92	29
0	2
0	14
0	0
0	0
3	0
0	0
0	0
0	0
0	16
4	27
20	1
311	228
44	105
23	0
1168	1
57	0
0	0
180	0
1	0
25	48
0	0
3	0
571	17
63	32
144	194
14	0
188	276
2	5
117	18
4	20
2	13
6	120
0	0
0	0
0	0
0	0
0	0
0	0
0	0
0	0
0	930
0	0
111	128
150	0
0	48
0	34
243	1241
34	258
92	147
2788	421
0	1
11	244
0	0
0	0
0	0
1	1
0	0
0	0
0	0
0	0
1	8
179	10
0	0
227	0
101	291
1487	337
1	0
0	24
12114	3
506	851
72	405
27	5
0	0
177	1114
0	204
147	49
1	0
9223	2
684	0
0	41
1	48
1110	0
1	0
5	0
69	0
0	0
12	87
3	1
0	0
472	118
0	0
0	0
119	93
0	1
0	1
7	5
150	247
12	1049
2	17
90	272
4	16
0	0
100	2614
2094	1082
0	1
33	29
0	612
1	10
0	4
97	0
120443	33
453	1159
474	0
104	7
23	354
141	604
0	14
7	36
1	87
0	214
7	977
0	0
23	802
0	0
13	72
681	20
0	0
0	0
0	0
0	0
8	37
2941	152
114	1650
129	2239
11	51
35	202
15	0
0	0
0	1
0	1
5	0
504	59
0	0
0	0
13	703
0	0
37	7
352	0
2408	898
0	0
0	0
0	0
13	414
13	1268
11	15
0	0
13	0
0	2
28	220
31	50
3	14
39	7
6	10
434	1
524	23
3	221
0	0
69	4
113	1490
249	0
157	3
349	59
62	445
10	3
205	1159
0	0
76	1
60	0
19	192
0	0
2	129
0	24
2	95
184	1259
0	0
594	680
0	0
41	482
0	32
12	71
16	296
4	108
52	502
661	145
42	830
111	607
0	204
471	8
44	6
0	0
115	228
1	3
5	0
5	0
1	22
0	18
0	20
1	374
13	149
293	0
155	0
25	0
0	1
10	0
666	294
78	0
69	0
128	0
0	56
2	1355
0	1
119	2165
59	0
2	557
1	1
0	4
1793	204
0	0
3	48
0	409
0	0
244	1
210	333
1	21
118	1118
25	120
0	4856
0	27
12	711
540	474
18	61
5	182
6	837
5	0
60	30
208	446
160	46
328	148
34404	2
24	10
0	0
42	14
33	89
114	0
154	408
241	180
3	13
106	256
1026	98
249	1
194	0
0	13
1	0
224	1133
63	4
106	284
201	0
1	8
138	516
860	939
12	34
0	0
0	640
0	0
0	16
14	11
53	0
1172	1
0	0
1214	444
0	42
79	144
0	0
0	10
395	18
107	0
273	970
0	0
181	136
0	2
10180	1
0	14
0	0
5	54
29	163
396	1495
703	8
216	0
1	13
1638	490
358	0
144	633
0	0
38	0
0	0
7	88
1	0
59	287
514	383
0	0
64	1048
0	0
32	0
235	162
0	3
0	0
2	4
71	140
49	93
16	92
600	89
52	349
7	181
0	0
141	553
380	186
0	0
8	387
1	0
0	0
0	0
0	0
12	170
5	24
25	278
670	389
180	1
1438	0
470	77
667	812
508	0
73	43
0	4
15	467
245	913
0	0
0	0
547	468
0	0
119	149
506	178
0	12
429	343
168	0
470	913
0	0
483	2005
0	0
1	37
0	0
0	1
1135	21
0	0
82	56
43	1085
0	177
13	354
308	1
77	80
1687	382
1618	0
407	0
456	1
3	66
22410	22
126	1302
0	14
0	8
0	0
937	0
354	18
56	18
95	48
18	2
13	348
1	3
1	43
0	0
0	4
297	29
1	0
0	0
0	5
620	0
1	0
501	6
139	521
728	173
7	473
241	23
3	260
14	315
20	0
23	389
0	0
62	11
313	16
421	13
7	0
198	343
0	72
1109	50
425	2
173	2529
376	26
0	87
69	14
4321	11
170	90
27	72
902	793
0	18
0	0
4682	153
231	39
14	1061
87	169
2	266
5347	257
19	0
0	78
78	135
36	170
33	691
13	287
4	152
2058	277
0	13
3	14
103	216
68	65
846	781
303	811
18	788
0	0
21	1004
111	1186
212	198
1	0
0	0
0	0
91	14
2	0
4	63
5	0
0	0
0	0
2	0
3312	0
150	149
47	0
3976	1192
0	0
0	14
96	0
251	332
108	338
13	260
5	68
733	942
617	0
320	669
52	2
326	865
0	5
607	141
151	632
0	0
171	1
235	0
490	95
1358	2
334	0
123	0
325	210
322	0
1898	731
37	6
0	0
8	1
26	34
0	0
0	0
1	0
200	0
1470	52
485	318
56	33
10	210
0	0
292	632
13	667
16	1
0	0
4	70
0	0
0	11
62	1001
0	96
0	0
1	0
76	684
64	0
0	209
426	13685
0	0
129	0
461	1
1	0
0	0
197	121
0	0
0	0
3775	580
2	40
0	0
24	0
77	645
19	223
704	273
306	23
2797	297
0	0
0	84
0	0
0	0
0	0
639	1479
0	0
45	163
153	3
0	0
7	38
0	7
0	0
2674	1
238	0
7	0
6	0
31	0
50	1744
0	51
254	0
110	196
3	4
342	206
0	1
293	0
35	317
0	88
270	611
10	108
4	0
151	274
29	0
1150	230
302	5
0	0
0	0
143	175
291	1
372	0
113	478
0	1
0	50
1	87
0	1
90	48
0	0
160	17
209	437
616	60
206	441
9	59
6	76
45	320
6	919
8	140
105	2
230	0
62	52
6249	149
312	49
97	337
21	49
5	633
70	531
39	95
57	0
2	9
0	0
3	377
3180	1405
3	207
1	649
983	741
320	453
82	0
81	0
26	0
297	0
0	0
5	113
176	4
146	21
7148	0
64	0
120	0
17	20
113	245
0	0
297	0
0	12
10	29
2	141
8	0
185	156
0	146
0	0
0	0
0	0
0	0
468	372
258	0
3	2
66	947
1311	307
2	0
0	0
0	9
0	0
23	850
0	0
14	350
331	0
111	0
266	2477
3	584
3	46
0	0
21	0
749	93
0	48
615	793
6	362
1457	85
466	294
237	185
10	358
0	0
0	0
68	325
139	130
0	45
0	83
68	31
201	0
20	0
50	20
35	278
385	344
1690	1374
53	67
100	3
342	171
39	502
161	0
0	177
557	1
252	468
84	1300
0	141
11	195
1391	1
274	267
364	44
220	158
18225	53
24	592
84	0
210	300
84	53
37	225
377	0
3	101
0	0
0	0
129	0
4	792
0	55
135	306
54	83
0	1
38	0
1	5
5	73
171	247
1973	39
571	1525
5475	0
543	89
0	0
215	32
0	0
1	3
0	1
0	0
0	0
0	0
24	70
0	4
0	2
46	599
0	0
384	650
4	0
499	128
272	0
26	0
357	2
0	24
108	323
1297	97
116	591
12	210
90	73
0	91
145	159
48	0
489	0
195	525
1152	3
157	0
2747	3
14	674
16	189
16	7
479	197
132	405
0	0
9	97
923	127
2	12
33	423
490	1
25835	1
1403	633
1	379
0	5
43	1
0	0
0	0
18	169
0	0
15	1
0	1
0	8
4	0
108	0
7	29
1	0
239	0
9	149
14	510
0	0
0	1390
34	243
14	0
136	7
60	147
248	100
1	323
232	1084
226	845
29	0
720	646
11	133
15102	3
624	0
5	1
5185	443
917	0
703	312
68	0
807	244
6	11
1613	27
0	0
1	0
0	0
0	0
3	7
16	47
61	2324
0	26
0	0
0	0
4	0
0	0
40	39
0	24
0	56
3	54
1	0
10	210
13	75
468	918
0	0
17	141
289	644
179	1257
0	0
37	1
8	38
0	0
3	40
0	146
4	0
232	1012
1	24
4	0
4	1
5	185
7	0
1	1
4	315
0	0
1	3
0	1
8	7
0	16
16	319
4	19
1	1
0	0
0	1
0	0
0	0
0	9
2	19
85	0
1	575
270	0
171	273
157	5
2645	22
67	725
0	0
0	0
0	0
4	115
0	0
0	0
0	0
295	419
0	0
0	0
1	3
0	323
23	217
2	133
357	39
365	0
37	0
222	33
319	320
1366	1820
10	148
49	85
422	1289
170	0
1235	11
296	5
0	55
0	0
175	3491
2	649
13	25
2	788
699	0
1692	4
718	112
373	2
1343	340
2866	348
0	0
0	0
4	0
344	6
36	6
1	112
2	1
213	44
20	83
19	608
60	780
120	43
0	0
28	0
3087	303
0	0
540	60
7162	288
2725	584
30	235
309	52
264	0
43	2457
163	0
0	0
0	0
0	0
214	195
158	0
81	0
12	853
3	24
1236	6
140	68
15	64
222	1305
4622	1
59	1056
8	4
35	549
401	776
38	8
383	0
69	0
0	4
21	13
6	100
1587	355
41	185
37	569
42	7
209	1800
175	0
114	0
15	929
0	0
0	0
0	0
0	122
0	0
0	0
1	0
0	0
0	0
0	0
237	703
11	302
0	0
0	0
0	0
0	0
0	0
4	67
0	0
7	0
0	7
0	35
0	0
0	312
0	80
0	0
33	3
4815	0
28	234
14	596
722	156
388	742
0	0
192	0
100	0
125	0
476	1
64	159
146	0
954	0
2697	0
31	0
7	52
1	73
2	0
14	0
256	37
33	491
0	0
2	134
0	0
0	75
1141	282
234	0
84	0
127	0
302	373
4	89
141	1199
730	1489
1183	124
25	191
0	337
9	9
165	1
562	0
716	1
87	0
76	579
0	161
24	105
4	795
0	0
208	135
0	103
93	41
884	0
58	208
1275	182
134	908
315	865
1	4
9	0
21	1
164	85
58	24
22	519
303	0
634	407
14	0
0	0
10	355
1848	18
0	13
86	2394
45	157
8	168
1	45
374	411
0	0
2144	0
1325	0
1528	27
2133	0
0	0
0	1
0	0
0	0
0	104
250	0
46	155
9134	9718
0	0
126	1854
0	5
78	2
12	260
0	41
0	31
0	0
1130	1914
180	232
5	0
78	486
0	0
0	0
8	0
1	29
2	0
0	0
6	201
1271	19
1	648
98	1118
0	7
2	31
2	99
39	525
90	168
19	906
9	209
0	30
85	348
32	27
0	2
0	0
30	0
52	0
1823	30
57	3528
60	28
60	25
2	1
13	151
34	161
0	0
11	100
0	0
0	220
0	0
0	0
0	0
0	0
0	0
0	59
4	176
382	55
33	0
84	3
111	183
0	10
109	338
66	72
0	17
0	0
7	0
1	0
0	0
73	456
0	0
0	0
0	1
139	0
64	1
343	31
81	0
293	37
249	2635
6	54
11	146
18	150
34	69
313	274
0	0
0	35
3	37
0	93
0	459
0	0
0	0
218	11
171	0
253	0
1245	13
10485	1
5100	3353
0	17
122	0
193	3
0	0
33	1
0	0
0	0
96	4
5	0
1	3
1	832
0	0
3	149
971	1636
55	0
1308	302
1039	690
130	100
61	355
61	120
63	20
4	299
1	116
1	0
119	1
394	0
26	547
1	0
141	0
62	756
128	134
0	2
11	31
1	0
1	3
7	6
30	0
59	1
0	199
623	450
20	63
105	376
0	183
3	0
1	0
495	82
669	112
0	0
402	0
68	0
925	1
503	0
0	9
2	0
0	16
0	2
0	0
0	0
0	0
659	310
19396	0
0	0
0	0
0	0
2	31
1	0
839	13
3	387
0	28
8	0
0	0
1	2307
120	2096
5	15
7	588
23	643
5	48
1865	3
1	90
500	0
68	73
0	0
601	504
0	0
0	0
0	0
44	60
0	0
11	413
0	2
7097	1
235	925
336	267
197	23
166	426
301	491
202	111
87	188
100	196
11	70
374	356
0	128
60	119
140	15
47	400
0	0
0	0
0	47
0	0
1	0
0	0
0	0
194	132
35	0
0	0
1	0
0	0
0	0
0	0
0	86
0	0
0	0
4	8
39	113
5	507
1270	54
0	171
85	0
0	0
0	0
0	0
10	6
0	265
804	88
69	0
61	890
0	0
0	0
8	344
0	0
820	138
1	161
246	0
9	0
0	77
2443	166
1	95
146	7
625	54
12	0
0	0
6	3
0	0
0	0
0	0
0	13
335	0
111	11
0	580
0	0
8	0
1	18
89	0
67	0
1313	0
408	0
0	3
325	640
32	2
0	0
0	7
0	3
9	81
0	0
0	10
0	1
4	271
0	623
108	789
0	31
0	0
0	0
1	116
37	474
6	0
127	0
8	33
2	18
7	147
503	0
1	513
198	1345
0	3
0	0
2	40
3	1168
303	75
1518	14
90	327
336	133
262	8
373	1541
15	0
1	0
9	2837
0	72
5	115
174	20
342	0
231	77
379	459
359	529
125	196
799	241
50	76
460	0
19	29
0	0
173	497
6	271
93	5244
55	492
474	0
300	287
509	22
166	0
1	31
302	1
0	0
0	0
1	11
0	0
2	1
16	787
0	0
4	37
0	0
0	1
0	10
52	0
401	292
5	0
3	388
49	0
0	0
3	290
1	6
1	111
0	0
0	0
38	0
0	0
0	12
2	0
0	0
0	0
0	0
128	0
0	0
29	99
1217	0
23	519
16	373
2386	4
3504	244
3	0
125	841
3	316
18	950
87	748
345	66
29	586
0	16
763	53
7	148
6146	955
5391	1
0	561
824	1539
0	0
53	231
225	500
65	98
0	81
7139	3427
70	0
26	204
0	0
0	0
133	8
0	36
87	65
628	0
7	4
48	67
113	0
208	62
460	1090
50	73
182	36
542	1
0	1
1210	0
337	608
0	0
0	1
130	97
0	9
0	33
123	0
54	1
2076	15
302	6
24	0
168	0
10	0
0	2
81	441
0	14
17	30
0	0
3	74
198	245
621	0
10	0
117	192
56	40
73	342
67	0
1	0
0	24
15	0
8	0
491	269
597	285
36	0
32	848
0	0
0	0
5	0
43	0
115	275
21	0
0	0
1306	75
0	0
215	39
817	174
0	0
0	55
0	0
0	0
0	0
0	0
0	27
0	0
0	72
0	0
0	0
0	0
0	0
0	0
531	235
43	26
525	467
3	0
464	791
226	7
0	32
106	4
45	1196
254	815
8	324
356	6
157	69
57	33
14	308
1042	62
0	0
90	5
12	127
19	1265
239	276
55	24
154	160
100	0
4	90
135	18
0	0
502	11
202	14
723	254
81	229
0	3
0	0
120	143
102	0
397	559
377	27
32	0
280	38
11	113
162	212
10	319
0	0
0	12
2	62
16	78
482	774
5	0
0	0
96	0
0	0
0	0
0	0
0	0
0	0
0	0
0	0
6	3
0	80
33	0
114	0
0	1
2	0
0	1
1	50
3	0
3	0
0	1
0	0
11	0
0	0
375	905
0	0
0	0
4	639
12	0
89	97
0	0
116	30
534	0
132	53
19	175
521	1132
0	0
0	51
5	0
56	17
6717	24
1425	299
1209	0
2333	2
10	512
534	7
0	0
51	251
3	469
0	0
86	9
110	325
0	0
0	0
0	0
0	7
1	0
0	0
3	181
180	5
0	1
0	0
26	192
4	402
1	4
0	0
158	46
9	667
21	0
1	22
0	0
13	7
3	2
0	2
0	6
4	0
3	8
42	2
0	0
451	21
1233	22
1	0
1028	95
25	35
0	95
1555	53
11	529
17	528
0	0
0	55
1	0
86	63
0	0
0	0
29	335
14	0
629	1433
0	40
20	0
2	33
68	37
131	1
0	0
0	0
0	0
92	0
0	0
2	0
75	0
234	75
0	26
5	108
423	0
66	598
1	543
102	445
1	3
0	0
0	141
4139	3024
188	0
372	0
10	585
540	1
2	1
0	7
2	4
3	5
2	1
131	0
118	0
3	0
402	0
42	0
609	295
155	655
42	58
72	99
15	744
7	10
47	214
252	83
400	89
28	342
15	1102
163	0
7	234
93	127
675	401
151	273
639	217
3	0
1	0
1	1
0	0
141	0
512	468
1	0
1	57
257	0
262	12
343	451
156	144
222	897
1005	1033
105	2
0	406
118	891
3	656
8	0
130	607
27	388
0	2
2	1
0	383
0	0
0	945
21	876
0	0
0	4
0	2
229	97
69	303
152	1862
579	162
53	211
11	0
2106	61
0	1
7	3
1430	858
260	10166
13	34
0	236
25	407
0	0
0	0
12	233
0	0
1	90
0	0
19	0
0	16
12	1
144	308
72	0
4355	265
280	126
222	0
0	0
0	0
0	0
0	135
598	765
13	45
72	549
9318	482
95	1
0	160
22	126
0	17
0	34
101	62
1	172
55	83
1	7
208	102
0	0
0	0
0	0
0	84
0	0
0	0
81	149
215	3
374	4
0	0
395	499
0	3
0	0
48	165
0	29
10	655
1742	0
3	25
4	0
15	2
0	8
0	0
0	0
0	0
0	0
7	0
78	54
0	0
0	0
0	20
7	87
0	1349
99	466
0	36
23	146
0	0
2119	273
241	53
0	0
5	2
213	252
68	528
182	181
0	0
0	98
0	0
0	0
0	0
57	462
14	396
8712	717
4511	387
863	20
168	0
0	0
3	5
1	86
0	57
0	0
1	0
77	19
22	967
137	698
22	0
239	180
38	926
4	67
0	2
0	86
0	0
0	0
1092	0
0	0
40	1079
0	11
23	0
1289	0
592	90
0	0
0	0
12	0
1	0
635	224
0	55
0	0
0	0
8	627
2013	133
15	228
88	619
0	0
0	0
0	0
220	205
637	837
0	0
344	87
319	114
0	62
0	0
0	0
0	0
114	726
13	114
1025	176
193	196
0	0
0	1
362	108
36	12
126	4
28	4
7	0
289	30
281	0
6166	1664
43	912
0	0
28	96
0	0
915	332
44	32
21	4221
0	74
0	9
53	2255
668	431
200	172
0	0
682	169
94	0
260	1
1671	1219
0	0
0	0
51	0
6	0
58	63
30955	9
36	582
175	3
613	3
0	60
1	130
0	20
61	212
0	7
36	3
18471	234
2	6
0	0
6	3
260	20
396	108
197	0
66	0
87	0
134	62
13	49
4	100
0	0
0	0
0	0
5	173
1	0
10	573
12	71
8	96
0	0
1	6
938	182
1770	2
4	0
19	66
125	27
852	0
49	62
43	0
29	31
5	10
51	338
0	3
4	19
63	83
0	463
98	536
20	105
39	720
742	1057
21	33
0	0
0	0
0	0
1	0
153	83
0	0
0	0
2	0
30	0
0	0
712	1687
279	0
112	125
0	6
58	389
140053	18
3	1118
0	842
0	11
5	304
2	87
0	0
2	116
243	0
73	65
0	0
4	97
0	1
24	123
0	0
0	0
0	0
0	1
2	454
0	10
3	5
9	14
47	41
3	57
16	1354
7	0
0	0
15	467
0	33
1	114
0	0
665	27
269	520
187	270
22	0
844	874
360	393
28	0
299	0
139	892
0	0
0	0
66	7
0	0
138	834
3	528
51	0
0	0
204	224
116	12
0	0
90	503
0	0
0	2
55	175
0	0
1	107
0	440
1	1331
475	909
8	341
4322	2
0	0
25	0
20	0
64	91
2	46
74	166
100	0
476	0
137	365
16	0
7004	1175
471	543
529	516
165	62
0	270
3511	771
277	29
8	34
0	15
2	294
3	519
1	5
1	125
2	174
0	17
0	270
5	9
21	261
175	0
294	0
399	0
0	39
1742	0
58	233
0	16
12	23
32	173
242	1325
4	47
1	7
106	514
16	376
9	725
0	0
155	0
113	484
78	223
2	58
5	0
1	0
2	7
3	9
0	0
0	0
0	1422
8	74
56	405
171	295
133	0
0	0
314	0
627	543
388	40
686	830
64	41
0	14
31	2
557	1
49	0
73	103
0	0
10	3
0	683
0	0
398	440
110	34
774	1526
0	30
0	0
181	172
0	290
1	0
4	10
2	31
0	6
0	6
69	558
11	47
5	345
20	140
0	0
9	2
0	0
380	266
57	0
481	0
121	178
190	0
0	18
0	10
0	5
541	460
14	150
10	115
452	259
0	0
211	1232
1	37
0	0
0	0
4	1035
0	0
0	0
0	0
12	31
38	357
174	477
0	21
505	78
393	1201
0	0
8	12
919	235
333	0
42	2
4	128
0	4
5	0
0	20
18	3115
0	330
1	15
2	56
0	12
0	0
0	3
0	8
0	8
3	308
51	0
165	0
336	0
2	327
0	0
1	21
0	0
575	2069
0	2
2	0
816	290
40	130
0	18
3346	0
4	141
9	602
0	571
0	25
1	10
40	8
453	6
1046	736
0	1
79	0
959	58
0	0
55	20
11	503
10	473
254	0
2	39
181	404
1353	507
3999	153
331	68
31	292
604	3
317	3
33	505
69	0
110	314
1	16
0	0
145	5
6957	1
456	1
1565	562
22	678
3	4
110	3
17	37
27	193
293	522
0	0
233	22
66955	3
0	0
0	45
139	227
0	0
3	41
29	0
0	0
346	0
0	0
0	0
254	3615
134	490
262	9
1763	517
105	0
351	1
224	2
289	695
2089	1079
9	0
0	0
6	97
5	1175
237	670
47	0
1	69
4	102
34	105
381	47
450	193
125	0
240	0
0	1
2622	567
465	217
140	1
0	66
1	1
7	10
121	0
145	0
0	0
173	325
117	1878
1364	0
3867	434
111	375
0	0
0	0
0	0
1	111
8780	126
152	174
0	136
25	115
0	9
0	0
739	453
0	1110
0	0
1080	787
747	0
162	0
173	0
533	0
153	20
1216	119
17	0
370	862
26	27
0	1
0	0
9	36
3319	338
555	391
480	0
2	73
1	46
0	0
4	0
9159	190
1	0
0	0
0	0
0	0
0	33
273	560
0	147
0	0
226	8
325	234
869	256
143	25
27	167
228	0
58	257
29	0
0	0
126	873
66	3
0	31
30	133
937	370
0	100
14	368
856	81
851	0
16	545
0	0
0	41
0	126
0	7
4	492
43	3
0	0
244	1218
307	18
128	366
78	1
0	0
5	0
19	9
0	1
126	21
0	0
0	0
0	0
2	2
0	0
19	21
64	4
40	268
0	39
86	97
20	226
6	80
36	11
0	26
0	1
2	0
0	4
0	0
0	57
440	1231
0	133
2	361
1954	0
2	40
0	235
122	10
0	0
231	307
0	0
71	975
234	12
177	3
66	132
4	202
465	37
1	10
0	0
37	535
1199	35
3	0
283	157
0	203
0	0
164	90
140	258
8	493
0	2
12	186
0	0
0	0
1778	15
19	120
15	0
0	0
13	0
35	170
0	2
0	0
23	334
675	290
153	128
1	65
177	0
0	5
366	0
0	0
0	12
238	296
12	7
1	27
539	124
242	2
26	1221
0	0
3	171
2	68
9	313
0	0
0	5801
0	0
0	0
0	0
275	0
0	1
134	0
168	198
517	3
4	737
1	0
3	6
0	0
264	19
5	550
1040	11
0	0
6	58
0	0
0	0
0	15
0	0
2	406
2230	274
166	2
1108	85
0	131
0	2
0	0
0	0
143	0
0	0
0	2
0	0
0	30
2	5
274	495
1	74
0	0
20	33
341	0
1145	2213
0	0
10	40
27	165
0	1955
0	0
24	0
0	0
0	0
1	60
61	1
608	172
1091	0
267	786
845	2
286	653
234	9
50	834
738	305
105	0
420	587
146	4
376	2
804	537
0	0
0	23
0	8
0	0
141	2
0	0
636	0
5177	591
305	772
356	2
1	158
118	2093
0	121
0	7
79	121
19	247
30	803
13	136
0	0
0	0
117	161
400	0
553	613
1140	0
0	0
292	0
3	291
571	490
76	0
61	8
1	85
0	0
0	0
95	0
86	432
2	0
0	0
0	27
0	10
0	15
457	0
3	828
0	114
0	20
1	9
247	1052
0	0
19	312
1	12
0	0
0	0
7	0
4	12
0	0
0	0
1	0
28	30
0	0
0	0
0	0
776	795
8	167
381	0
2	0
108	1594
41	508
1887	789
38	4
12	889
37	0
1	12
5963	11
33	222
0	0
0	0
30	359
10	27
119	187
201	358
186	0
138	0
2	0
0	2
76	120
0	0
59	693
139	314
174	0
442	658
89	0
1	0
257	127
17	0
93	97
1117	141
896	0
538	601
6976	17
17	29
47	107
3	16
0	0
0	0
2	1
0	0
4	8
9	0
0	0
20	0
9	275
0	0
0	28
966	296
16	5
11	225
0	0
85	0
4	5
38	88
15	331
1194	0
37	61
14	318
0	0
0	0
2882	4
9499	1
1	10
0	410
63	4
4	241
17	1
2369	674
0	7
3	407
1	46
0	0
1	0
0	0
0	6
214	1
0	0
0	0
12	18
0	0
0	2
18	111
3	0
0	0
2	5
65	198
0	3
0	0
0	0
0	0
27	15
0	0
0	0
13	0
0	0
0	0
0	2
0	0
0	0
0	0
0	0
0	0
132	586
57	0
0	0
107	260
2	418
10	29
1	230
0	21
0	0
33	1624
38	574
154	168
10	1281
139	0
232	444
49	137
13	14
15	484
56	380
5	14
0	1
213	0
96	1
80	80
147	42
202	0
129	1006
1	0
0	17
49	1
1256	468
2	149
31	463
829	513
16	541
101	1276
77	0
0	0
0	0
78	805
70	893
2	0
328	116
191	174
725	62
263	3
6	903
37	50
0	1
0	225
861	543
231	444
5	12
112	896
541	202
48	4
0	0
0	30
1264	1794
2	0
2	0
0	0
0	0
0	0
0	0
109	46
19	3
117	206
3	0
327	64
1	261
0	0
0	0
1	0
32	0
193	527
524	15
0	0
0	0
0	2
2	0
318	307
31	78
0	0
73	48
298	327
1059	10
2810	74
386	57
489	0
117	906
0	0
39	0
2	0
2	0
1	186
0	14
0	0
167	629
184	564
0	0
1	211
0	0
23	0
194	1746
3	231
18	285
2	85
0	0
0	0
0	0
422	4
0	0
5	0
3	0
0	0
141	1070
0	0
133	0
306	0
2	0
11	6
3	4
0	145
0	0
252	740
0	19
1	309
31	602
0	0
0	0
0	0
0	0
0	0
0	0
52	84
184	693
18619	50
79	20
5	0
123	129
82	296
40	0
64	2
6	0
73	292
1656	778
1454	107
956	47
3	668
352	0
980	81
70	24
1	10
6	259
873	16
77	0
53	311
0	424
0	0
242	0
34	1315
9	165
6	147
4	7
250	0
37	956
0	87
0	0
3	75
0	290
2518	358
0	6
0	0
2	0
15	0
0	0
275	1
8	0
69	109
797	4
212	948
3	0
0	1
0	0
0	2
0	4
0	346
0	9
4	395
1075	625
2728	795
0	0
0	47
275	1
151	167
1012	269
455	0
95	1050
69	103
0	0
8	584
155	773
248	201
1	147
16103	7
0	25
651	2011
2	2
7	175
0	0
0	0
0	0
0	0
0	0
52	563
0	0
0	0
65	55
966	498
251	192
1	0
0	36
0	0
0	13
307	0
2	7
150	0
725	376
2	0
0	0
47	0
1594	85
39	112
149	0
1729	1145
40	1730
63	177
686	2
1297	2
1527	0
332	0
317	23
631	370
61	597
382	11
654	422
6	0
26	0
1	62
0	0
0	0
150	450
2	55
33	11
0	0
1756	108
0	0
0	0
105	0
406	0
0	53
39	2678
0	22
17	19
0	0
1	0
0	0
0	85
0	0
2	0
77	0
0	110
0	0
43	4
37	853
76	503
29	151
1	109
0	0
71	201
3	0
68	29
39	0
229	0
2	0
325	31
615	594
0	0
6	1400
503	725
0	0
4979	0
1726	443
58	149
1615	0
1217	0
493	2
64	0
1841	1
338	157
409	0
0	3
2	0
86	78
0	220
0	0
463	958
0	629
48	1051
10	1842
0	9
155	0
0	24
353	0
642	22
0	81
0	0
156	940
1	51
1	157
4	69
5	56
9	182
5	353
21	0
0	0
47	71
28	249
348	602
0	3
0	56
339	967
212	530
20	854
0	164
21	131
4	0
8	268
242	0
323	615
24	0
18	0
93	0
1321	9
13	0
427	338
525	1
373	875
258	2
246	217
640	72
38	77
87	173
48	66
1	0
38	183
312	71
150	332
0	0
1	178
0	0
0	0
0	0
226	1558
262	0
601	2576
11	733
2	47
59	0
0	0
2	0
0	17
140	463
4	1
3	317
241	140
33	1
359	0
982	0
486	0
254	25
1030	11
1	98
2047	0
4001	5
70189	4
826	0
112	0
6	741
192	15
277	69
0	0
4	1
67	28
11258	1
4790	117
0	0
0	0
40	520
0	0
4	0
0	0
0	0
59	91
60	740
12	512
0	0
439	429
0	5
0	0
0	0
0	0
224	202
0	0
27	255
889	931
64	0
128	5
321	1
238	380
0	0
366	1016
71	74
5	1075
218	484
483	179
0	19
0	0
36	167
398	1677
291	284
885	330
1	9
0	5
2	23
0	40
54	809
1	108
1	9
0	11
0	0
1	505
21	169
0	52
0	9
245	134
0	0
0	0
0	0
0	7
0	21
0	0
0	10
24	0
30	0
123	117
1	0
1	0
1	12
10	16
0	90
499	0
148	0
66	0
89	15
287	0
157	612
27	16
15	933
17	265
203	34
3	270
1608	837
1	17
0	0
0	0
1	0
0	0
0	99
299	0
17	1039
2	6
22935	158
22	0
8	219
101	0
8	153
3	0
0	0
1869	378
4024	0
56	200
27	0
0	14
284	0
13	88
463	354
0	2
6	0
62	5
194	313
22	270
18	137
0	0
483	0
5	574
3	263
0	0
0	407
0	37
1	40
19	19
38	6
23	121
530	672
0	327
1	3
34	581
3	0
0	0
78	242
0	0
0	75
0	0
130	452
0	0
1	188
17	1
1	53
6	2
393	127
0	24
0	206
0	1
8	256
752	0
62	2
0	0
117	34
165	353
163	229
7	216
0	1
2283	0
115	0
716	78
5741	59
0	0
119	30
32	72
0	0
0	0
7	328
0	0
0	0
1	200
747	0
123	38
0	69
9	138
176	91
9	239
0	0
0	0
0	0
0	0
63	118
16	89
30	3
0	506
1378	413
22	260
78	0
2	0
1	0
1	15
0	1
12	279
4	7
15	2205
0	3
1	3
0	118
2	0
17	4
0	4
0	0
0	2
9	0
21	478
22	0
943	103
0	0
145	1
247	368
6	1
0	0
106	118
2887	45
0	0
350	27
1626	18
1126	0
487	619
0	12
42	386
0	0
23624	9
16	2720
0	0
0	139
41	144
1062	106
347	357
1	0
478	1
0	0
8	302
19	171
0	5
8	17
2914	701
160	1
881	0
332	545
3	216
144	308
1	199
9	199
54	582
4	428
220	34
299	196
257	0
10094	2
606	0
119	2
408	142
588	0
753	77
8	441
1	12
858	101
0	0
547	23
388	0
610	2
551	0
1763	164
3187	0
0	0
0	0
0	0
5	133
68	210
4398	157
5	1
2463	2
153	0
128	0
369	49
163	0
9034	1
0	443
21	1012
12	167
124	0
74	0
268	271
1416	0
182	0
177	354
286	0
57	1018
22	59
325	69
93	659
37	1426
2782	7
126	232
357	20
4	0
8	215
69	307
166	148
0	0
0	0
3	45
78	521
287	427
5	22
844	0
1	0
70	153
359	329
74	0
93	119
1	1
0	0
0	0
0	0
0	23
1564	0
384	138
91	1
121	0
284	10
385	0
184	0
8	44
240	316
1	34
38	610
1896	1390
0	0
1	10
100	345
7	804
56	1439
343	0
131	165
210	0
543	30
359	0
107	159
1	665
6	4
99	195
40	978
8	0
83	0
39	99
2	186
45	1147
0	0
87	305
1	675
16	76
0	0
0	0
6	0
2	86
4	0
66	452
3	673
207	9
96	58
278	820
30	108
275	401
5	331
1	5
11	347
50	770
0	3
257	0
90	134
950	171
29	664
0	14
0	55
13	563
37	140
13644	6
15	81
36	198
5	205
123	21
3	3
0	46
0	7
141	0
8	0
2	0
15	229
4	0
0	0
1116	0
1	0
8	47
180	245
200	368
9	81
1	0
170	0
99	4497
1	0
8	227
48	140
19	18
34	323
658	0
2	113
192	0
391	104
130	0
2	36
404	8
0	32
2035	363
0	0
0	403
11	398
6	1255
0	0
161	280
0	151
0	0
0	0
0	33
289	162
1	1
2	110
2468	252
103	36
158	0
20	13
291	0
0	0
77	9
104	0
0	0
74	0
134	0
431	570
170	56
61	0
4	220
0	0
0	35
235	209
233	1540
0	6
709	52
23	0
345	107
0	282
6	225
16	213
25	122
14686	7547
9332	7099
49	373
212	323
30	7
0	257
329	46
41	2
0	23
72	0
717	128
2	73
0	0
62	23
1	0
203	761
290	726
114	0
0	0
15	457
920	650
594	126
249	1
864	599
91	209
0	0
4450	14
20	313
112	0
37	0
0	0
5	0
17189	103
0	0
0	0
0	45
16	331
59	27
0	0
0	0
1	0
2	0
77	133
203	88
44	0
13	0
716	0
350	44
172	26
79	112
56	0
19	0
31	19
4242	1
1125	9691
7942	9675
2534	0
1	1
80	0
203	1
27486	4
49	0
273	0
318	4
354	11
0	23
0	0
0	0
0	0
8	450
0	0
2	4
0	11
209	3
13	831
0	73
0	0
0	4
15	603
0	41
18	1753
0	0
8	1435
38	0
64	276
217	1
9	55
0	16
30	1
3	0
0	0
13	124
241	1014
0	1
0	22
787	520
119	177
657	441
1878	210
3	61
208	4252
5	115
0	9
0	0
0	186
4	12
26	2
137	0
845	461
0	61
875	335
11	0
120	14
0	1
0	0
3	31
13	19
0	94
610	1392
217	254
188	6
0	6
362	408
285	353
2980	810
78	515
943	2752
47	1312
3141	0
37	296
266	89
0	21
0	0
0	418
0	331
211	610
0	0
0	0
0	0
0	0
0	0
0	0
0	18
0	0
6	119
0	0
3	321
0	0
0	4
71	1
1338	0
60	0
278	0
41	532
127	0
27	332
10	412
582	2
30	1
7841	222
223	641
23	0
5	1622
149	788
533	2
130	0
52	1573
205	33
77	279
3	83
36	0
3	2
0	83
0	7
0	2
0	2
640	345
39	7
263	573
14	216
118	1016
337	45
59	6
149	122
129	0
203	27
6	22
1598	160
0	34
178	0
0	0
0	0
2579	52
2906	1
1	176
105	0
146	460
287	1952
347	1115
62	178
72	58
0	19
142	70
38	64
15	0
1158	108
2	0
0	0
40	302
0	52
813	29
1969	656
657	238
194	306
85	4
2814	4
25	358
1006	323
19	0
860	0
99	3
172	1
0	0
140	40
3	37
0	8
3	145
21	917
2	224
7	0
0	380
6	0
0	2
58	0
1	0
63	560
12	747
1	86
467	37
65	12
1432	29
3	169
12	1168
0	6
5	4
0	103
0	0
7	0
0	6
1	0
132	195
240	40
1	0
478	0
1	0
23	0
153	2
2	2
0	0
0	0
2	18
0	5
7	0
0	35
0	32
0	11
10	0
0	0
0	0
24	333
0	22
2	224
5	737
0	57
1	0
2	7
1060	0
100	728
0	0
0	609
27	164
193	484
0	0
74	1
7	15
8	0
65	0
278	265
9	25
45	265
0	0
0	0
0	0
42	0
197	0
1152	507
0	0
98	1
0	0
64	241
0	53
5	256
41	452
260	0
63	465
13	5
0	0
0	0
18	50
7	1684
0	0
78	25
3	0
376	87
0	0
15	338
323	0
1641	0
0	13
7	13
0	171
857	450
408	15
260	0
3	165
75	230
133	136
146	0
5	40
0	141
26	81
2253	18
5	0
0	0
2	0
55	1
17	0
2	1
893	0
14	2557
0	0
648	0
12	0
0	0
0	0
268	834
0	0
96	542
133	0
74	0
4068	288
0	90
0	11
0	130
113	73
13	168
6	1133
69	93
82	38
39	6
78	3
79	4
4	0
0	0
4	0
4	0
151	0
13	7
5	0
0	56
30	59
2	11
29	0
104	0
0	0
4571	182
751	100
850	529
80	79
10	55
102	0
7	0
384	182
3105	0
171	286
0	0
10	78
75	143
43	764
223	177
0	6
0	433
2	1071
0	0
0	0
1	416
6	54
8	690
138	777
3685	1
347	0
198	1280
42	39
255	0
12	0
5261	1
83	184
721	759
4	1807
3	200
108	88
0	0
11344	0
28	0
9	598
0	0
4	7
0	106
0	76
0	22
0	3
47	213
123	500
239	981
30	0
211	201
526	0
264	0
1	119
24	0
2	24
0	0
18	69
0	0
0	1
2	15
0	56
30	6
238	25
22	361
0	0
271	0
0	110
111	349
4	0
3	0
5	0
2	13
19	514
0	5
0	38
0	10
0	0
203	10
19	17
8	0
38	0
111	0
0	0
217	0
6	135
161	847
171	0
62	566
61	0
1891	1
669	66
0	205
4045	83
0	0
26	0
0	0
0	0
52	0
0	0
0	0
0	0
1	0
3	37
198	164
740	66
96	883
591	0
0	0
654	253
621	147
299	193
528	0
98	0
774	1159
40	0
86	0
137	2
135	545
0	0
69	1
711	0
91	0
2	0
1	30
0	97
1715	1172
15	665
88	184
73	905
18	427
94	489
203	0
43	72
20	733
6	0
0	4
0	0
0	0
34	80
0	301
0	0
0	0
8	0
0	0
256	12
52	104
332	68
216	0
941	470
149	0
42	0
557	287
0	0
116	7
66	0
5	80
1242	195
100	1843
20	0
249	0
769	611
221	498
2827	827
71	868
0	0
3939	2
6	113
27	153
94	187
5114	651
46	57
160	687
2	194
729	59
270	123
48	392
261	1
20	383
16	270
30	680
0	0
1	152
0	0
0	0
0	16
20	308
12	166
0	1
0	67
1	92
0	80
0	11
14	833
151	864
183	1304
108	569
4	808
0	0
0	0
0	0
0	0
0	0
0	0
0	0
0	0
0	0
47	256
0	0
0	0
0	0
0	0
0	0
0	0
0	0
3	78
102	298
60	0
169	215
668	0
241	122
12	144
0	0
353	0
406	106
0	1
0	0
3	55
0	0
124	24
0	31
0	0
0	0
0	0
0	0
0	305
378	103
42	42
71	0
237	140
841	213
8	154
39	0
1796	286
5	0
29	155
2283	627
51	55
3	316
0	40
162	5
0	0
0	0
0	0
8014	273
264	420
0	3
2	3
60	63
2115	23
156	823
7	151
39	162
0	9
54	14
952	884
127	49
127	92
0	1229
0	0
59	0
1	0
16	0
2	385
0	0
20	4
0	0
199	1547
0	0
9	416
14	831
5	139
0	105
9	225
21	189
403	329
217	305
21	108
32	195
179	305
100	181
361	837
256	452
124	93
194	54
821	0
44	4
209	919
211	1052
3	188
5	893
49	480
19	358
0	0
0	0
0	1
170	4
0	0
3	0
0	0
0	0
0	0
14	25
0	0
0	0
17	8
6	39
48001	9620
34	185
0	0
42	547
2397	1326
0	0
5	5
8	9
0	0
0	0
70	0
0	8
38	151
785	29
934	41
364	202
0	1
4	0
0	0
0	0
4	104
139	0
0	27
0	0
0	8
959	67
116	0
554	1
158	130
229	1
0	0
408	43
386	1
0	0
197	36
0	9
99	595
2	0
182	174
0	0
126	112
0	0
24	1030
1	26
8	0
2	91
23	213
572	594
365	0
0	0
297	0
43	54
939	276
921	1731
2	317
1587	484
76	1477
17	0
79	1
565	9
142	0
92	437
15	100
0	4
345	28
173	338
0	0
48	96
1351	99
0	12
10	50
4	11
920	109
0	0
314	11
358	398
266	0
0	0
23	0
1	0
106	171
202	179
1	31
2	0
127	6
16	273
252	362
4	98
0	1
1	0
1	234
5	14
526	2
144	0
95	128
0	46
2394	612
0	292
4	116
0	0
38	546
17	711
38	754
0	0
164	0
90	12
172	84
33	105
29	734
1	257
19	0
0	411
1273	284
2	185
1319	20
144	337
0	1
0	0
0	0
1	0
0	0
31	1
4	0
1	0
357	174
46	200
1	125
259	772
23	255
3	9
0	9
0	0
0	0
654	1180
32	237
2	32
12	102
10	133
5	93
0	0
0	38
75	349
0	0
231	1
0	0
3	29
12	0
2	5
0	4
1	99
12813	4
122	86
60	315
0	23
352	0
0	0
0	0
40	453
1	0
8399	151
3622	7
17	0
78	308
387	694
7	164
206	729
11	3
913	8
19	594
1	77
20449	1
0	0
176	39
716	319
0	13
0	0
48	0
55	0
1	233
1041	1076
65	350
0	207
44	48
99	125
2	980
0	0
0	0
0	0
1087	1
0	0
0	0
0	0
263	0
1762	0
0	0
0	1
0	0
0	0
0	0
1031	46
0	1
0	0
0	0
0	6
0	224
0	54
4	2171
375	158
521	444
0	0
332	0
13	12
43	0
27	18
151	576
159	215
256	836
18	129
534	67
110	124
70	3
343	0
169	0
205	5
0	0
6	0
0	0
0	0
0	0
4	730
6	302
1827	2
81	0
1402	2339
1382	0
6	141
10	114
4	1161
54	695
98	46
247	416
64	761
166	0
2841	71
2368	0
387	54
15223	75
184	726
1	0
3	0
1	1
0	50
0	0
3494	5
3690	1
16	0
13	0
0	0
0	12
0	14
10	1076
0	2
14	784
118	487
66	0
2	537
0	26
453	509
0	2
58	0
0	1
4	0
88	232
56	0
78	439
1	2
26	11
25	7
12	1
142	0
0	0
0	0
324	2417
60	765
1	0
10	148
715	1298
1	4
222	0
1204	1251
55	0
53	0
109	1
55	0
48	0
76	369
0	0
14	35
3	34
39	1824
0	26
26	107
698	16
0	0
304	183
0	0
85	3
1	152
122	75
156	764
0	0
0	8
31	9
0	5
0	25
0	43
28	569
319	4
0	0
3	0
93	1614
259	213
0	0
0	0
27	1
0	0
0	0
0	0
0	0
0	0
57	0
2	20
39	649
11	375
67	852
1603	1227
2	0
0	0
0	0
165	2195
228	74
0	169
1	0
10	590
1	9
0	4
2	1
7	476
176	332
0	0
493	0
0	56
85	1573
1	31
22	482
0	0
0	240
42	40
14	51
10	425
0	0
0	41
19	0
4	128
0	0
0	17
112	909
424	353
0	0
280	0
162	5
42	0
273	867
5	20
39	343
0	0
43	114
0	0
2	179
0	0
0	0
0	0
0	0
0	0
0	0
0	0
0	0
0	0
0	0
0	0
0	0
0	0
0	0
0	0
0	0
0	0
0	0
314	41
62	440
0	0
0	0
0	0
0	0
2	0
31	0
4	57
77	26
398	0
25	0
0	0
0	0
0	0
4	20
0	0
0	0
0	0
124	58
633	2
3	0
0	0
124	358
29	1679
377	223
235	0
1310	762
26	0
256	0
9	0
0	0
145	0
131	0
2	0
359	0
27	0
7	0
0	0
0	0
0	0
11	0
0	87
1	653
19	284
444	363
68	0
1614	9
16	775
0	194
1750	0
37	8
6	731
3	250
164	22
80	749
21	0
0	2
34205	2
4	103
81	32
13	1
3	31
84	0
0	15
0	0
184	430
25	677
382	67
0	49
76	0
1628	112
114	153
558	2
0	14
72	930
0	0
13	0
0	0
6	810
16	771
0	62
35	44
0	1
93	54
0	3
0	111
0	39
0	0
58	1481
0	0
159	731
36	199
356	260
2	71
223	396
3	464
6	89
2	235
2	148
2	419
0	49
186	3
521	22
1	13
1	32
2434	5
0	0
240	2
164	1
0	0
130	53
0	0
0	2
2	0
216	991
1	0
108	0
21	892
44	0
2	282
0	0
3	118
34	151
144	0
5	6
0	245
82	72
41	1474
16	1171
2	139
313	861
0	0
0	115
5	1
5236	27
265	474
0	180
135	750
40	236
207	242
38	3
11	0
23	6
0	0
1	0
92	112
226	0
1	0
0	2
0	39
0	0
1	0
3	4
0	0
0	0
2	0
243	0
7	0
135	0
46	0
0	220
21	0
2	0
8	0
6	268
310	10
73	1429
184	641
0	105
0	18
549	898
8	53
0	0
87	407
7	0
217	1
12	268
6	335
2333	63
10	351
7	629
0	0
414	974
14	0
140	41
0	9
0	3
0	14
8	242
23	618
0	0
162	0
4663	21
4460	3
6	247
894	0
428	3
134	945
28	391
48	440
23	526
0	230
398	0
110	0
112	304
1686	9
133	724
204	1362
0	0
15	334
89	23
3	539
7	4
1	4
23	103
0	23
0	0
81	464
42	49
64	68
148	814
0	5
8	0
69	170
63	0
99	840
38	1071
0	8
0	25
10	8
4	76
544	1168
5	5
4	7
21	89
0	0
46	521
100	0
4	1355
108	1158
6	10
0	12
0	89
301	196
26	43
12	577
12	0
0	0
0	0
12	98
985	325
8	92
0	1
875	142
29	576
180	0
888	0
43	18
13	385
358	0
0	2
349	247
847	0
69	700
598	539
581	0
0	0
5850	2932
9	46
23	0
137	338
1	0
0	0
4	14
8	305
16	311
299	0
598	18
158	0
129	0
19	0
0	0
0	0
111	2376
0	171
10	0
8	0
5	0
60	0
178	200
0	23
384	23
4	56
0	0
1	0
5	0
732	2
19	3
4	0
0	0
0	0
0	0
341	1076
0	0
0	0
0	0
1	0
0	0
0	0
0	240
0	0
0	36
0	0
0	4
0	0
129	746
22615	1
39	412
565	42
707	0
1	0
47	1
1	360
0	0
266	1464
128	285
0	30
58	1330
0	0
0	0
19944	47279
125	83
89	1159
3	213
334	1431
271	54
0	26
197	381
0	0
81	11
0	15
0	14
10	476
9	923
0	303
0	0
7	0
452	0
148	96
0	0
61	204
8	106
2	0
0	0
1	0
115	97
12	0
107	0
7455	462
545	5
325	95
0	0
277	249
341	53
995	6
287	0
99	0
200	86
261	0
2	505
1186	2
0	0
1	89
75218	9
1	0
212	0
1392	0
129	3
743	528
1561	0
0	6
0	0
2	158
82	19
2951	0
131	707
56	0
163	123
26	66
3	14
48	0
25	144
247	45
0	0
0	3
2	59
95	382
1490	735
1034	0
21	677
10	548
433	2
0	0
0	0
0	0
0	13
0	46
4	0
3168	78
818	250
37	0
81	50
2	58
4	24
219	9
445	646
0	39
8877	534
904	480
285	4
24	12
3302	593
0	0
1	25
4	389
210	27
78	0
317	37
72	0
36	0
30	0
0	0
21	1
0	0
24	1398
0	0
5	0
2	164
0	4
645	5
2	533
4	46
0	5
7	0
0	7
0	7
0	51
26	794
4	16
2553	649
98	5
0	4
53	1064
5	210
58	720
0	0
0	0
0	0
0	453
0	0
0	221
17	293
0	0
1	0
107	340
36	238
66	0
1	0
3	0
4	68
130	5
1	2
10	178
0	0
0	0
8	0
0	0
0	2
0	0
0	0
7	313
68	165
1335	1788
119	2010
30	0
3	53
27	308
52	6
12	2
485	252
1862	1
0	0
20	9
44	11
763	1925
21	905
1	103
61	1142
175	248
977	21
0	60
0	0
0	38
0	0
0	0
0	0
0	0
314	293
38	3
1	0
20	587
1	47
10033	1
0	0
641	46
9740	5
193	119
0	5
0	18
42	25
0	3
2	267
0	49
24	0
2	313
0	179
0	0
2663	96
680	191
1	0
1	148
2	0
3	47
1606	1052
114	643
0	0
252	943
19	4
0	0
3281	13
36108	81
465	173
52	47
204	137
438	1372
0	100
0	0
162	461
43	51
4	306
0	0
0	0
134	0
0	0
1334	6
141	177
2136	0
3	0
104	258
1151	1159
96	654
17	736
0	87
15	7
2	65
0	0
0	0
3	14
0	0
483	1618
0	0
0	1
0	170
0	0
59	0
21	0
676	638
1842	6
274	232
5	9
1247	2190
88	824
997	514
0	1
19489	5776
33	0
1	213
34032	5776
5	0
0	23
1	560
0	101
27	155
0	0
65	373
6	11
0	133
0	0
0	377
14	3
3	0
0	0
0	0
0	0
0	1
0	0
0	1
0	0
0	1
0	31
386	281
0	0
0	73
900	143
458	1
311	849
80	73
99	75
77	665
183	0
108	431
405	0
321	0
0	103
87	0
5	20
0	39
37	627
1	0
0	94
214	36
4	0
15	167
269	50
12	551
462	1
116	0
66	0
66	178
205	81
11762	2
272	719
9	143
112	107
1265	594
107	0
76	350
10	809
30	36
63	178
85	3
334	1
531	46
0	0
895	1
1670	11
725	0
118	0
2222	1651
169	288
2427	20
403	0
135	381
80	0
144	1047
43	1338
167	56
9616	30
0	22
112	19
915	269
121	15
352	10
494	152
9	122
6	0
269	20
0	0
0	0
0	0
7	0
0	113
208	138
3	0
26	17
9	59
5	0
0	1
1	424
1	23
14	524
6	188
23	99
2356	180
0	16
5	0
4	0
1	0
3	51
3	0
223	849
13	5
32	0
2	0
476	19
3004	1
1	104
20	684
0	0
0	64
2	0
0	3
0	0
3	0
209	79
31	11
190	0
99	0
152	38
60	253
0	0
41	49
110	425
42	95
44	692
12182	0
38	83
0	3
286	21
53	294
396	239
20	15
7	1
4	0
373	220
78	3
516	0
4	0
109	182
10	663
6432	0
0	4
7	19
6	85
152	0
71	1299
16	673
0	0
0	0
9	2
289	10
66	1472
191	287
9	27
470	1960
207	0
151	0
205	0
105	161
109	82
89	0
30	186
1013	731
113	0
581	338
0	0
1	0
0	0
33	437
17	43
0	0
9	162
215	589
222	530
98	3
23	0
2	0
395	0
18	4
2767	0
178	198
8	301
4	34
223	923
1	0
216	375
0	18
2	0
104	267
0	0
0	0
10	30
3	32
700	794
21	117
939	40
0	0
1158	881
0	0
472	181
5026	1814
48	61
1	11
52	160
8	200
0	2
0	0
76	643
27	1779
1	45
38	4
201	216
9729	6
467	6
196	72
239	407
112	1
235	37
138	0
38	8
0	391
18	467
28	0
52	20
0	0
1	1
14	0
0	0
13	4
7	19
53	335
4	33
2954	259
4	18
120	417
1843	0
0	3
13	15
17	2
129	2167
1	9
0	12
25	18
0	0
0	61
11	34
187	961
8	744
60	26
2	6
0	0
0	2
1	71
897	1751
1	0
0	0
725	567
0	5
9	5
92	122
0	0
0	0
0	14
474	133
7	17
0	865
83	4
2036	204
1	2
1	0
21	2
0	14
28	605
31	470
110	510
14	600
51	492
1	641
23	925
0	633
0	203
2	29
1	30
0	22
274	136
0	0
342	817
0	0
0	0
0	499
0	0
263	0
1	53
9	39
129	1
192	3
202	20
120	205
48	3
193	23
186	0
57	230
5	136
98	190
165	245
33	126
67	995
85	451
20	717
413	534
313	715
7	2
0	0
0	1
19	1
0	0
3	49
0	162
164	0
718	24
107	542
149	569
139	283
57	136
10	0
10	21
31	747
0	0
24	121
88	0
106	26
3402	0
24	762
1	0
0	0
0	225
0	0
0	0
153	0
319	615
212	16
4	0
1	0
10	0
0	175
0	6
234	2
751	120
19330	1
522	0
88	484
2	0
8395	379
0	111
4	0
1	318
7	11
5	0
84	1946
653	460
4	4
15	357
785	1
24	0
0	169
486	228
1	2
0	7
1	55
0	0
0	0
0	0
4	1
108	2
32	1
1	0
37	0
0	0
0	0
0	0
0	229
252	818
205	382
137	1467
8	19
232	70
156	0
27	16
0	0
0	0
0	95
0	1
1901	656
2	271
39	22
0	0
96	248
0	0
162	301
2998	46
1	1362
0	52
0	0
468	150
0	0
0	0
2	7
237	0
49	485
4	225
1	0
69	1
83	1
185	0
0	0
0	0
0	0
0	0
0	167
0	0
0	0
0	0
0	0
0	0
0	0
0	0
0	0
0	0
0	0
0	3
0	0
0	0
0	0
0	0
0	0
0	0
0	0
18	0
0	0
0	0
2	15
0	0
0	0
0	0
0	0
0	0
0	0
0	0
0	0
0	0
0	0
0	10
0	0
0	0
0	0
0	0
0	0
0	0
0	0
0	0
0	0
0	0
5	32
0	0
0	0
0	0
0	0
0	0
0	0
0	0
0	0
0	0
0	0
53	70
0	0
0	0
0	0
0	0
0	0
0	0
0	0
0	0
0	0
0	0
104	125
0	0
0	0
0	0
0	0
0	0
0	0
0	0
0	0
0	0
0	0
0	4
174	1093
0	0
0	0
0	0
0	0
0	0
0	0
0	0
0	0
0	0
0	0
95	0
0	0
0	0
0	0
0	0
0	0
0	0
0	0
0	0
0	0
0	0
139	2224
0	0
0	0
0	0
0	0
0	0
0	0
0	0
0	0
0	0
0	0
0	0
0	0
0	0
0	0
0	0
0	0
0	0
0	0
0	0
0	0
0	0
500	7
0	0
0	0
0	0
0	0
0	0
0	0
0	0
0	0
0	0
0	0
0	0
0	0
0	0
0	0
0	0
0	0
0	0
0	0
0	0
0	0
0	0
8325	488
0	0
0	0
0	0
0	0
0	0
0	0
0	0
0	0
0	0
0	0
486	0
0	0
0	0
0	0
0	0
0	0
0	0
0	0
0	0
0	0
0	0
603	271
0	0
0	0
0	0
0	0
0	0
0	0
0	0
0	0
0	0
0	0
283	394
0	0
0	0
0	0
0	0
0	0
0	0
0	0
0	0
0	0
0	0
3	635
0	3
0	0
0	0
0	0
0	0
0	0
0	0
0	0
0	0
0	0
0	0
47	49
0	0
0	0
0	0
0	0
0	0
0	0
0	0
0	0
0	0
0	0
807	762
0	0
0	2
5	29
2223	666
67	0
198	377
676	377
1855	0
319	624
23	973
0	2
0	40
192	880
0	322
0	32
0	0
0	0
413	162
246	708
40	153
0	0
0	0
0	0
47	0
0	0
0	0
0	0
2368	193
3	63
0	0
5	6
5	110
2	3
3	17
783	994
1	0
2	33
0	0
0	11
0	33
17	2
0	397
66	52
23	135
3	302
150	11
748	840
80	0
1415	46
139	0
0	0
0	10
0	73
0	0
135	1236
1	634
116	240
324	139
1449	764
2	224
0	3
128	21
344	15
5	0
24	222
38	406
37	136
0	0
9	0
0	458
0	1
10	17
1076	6
2	362
146	194
1162	727
45	463
61	595
5	0
3321	4089
0	4
14	213
28	421
0	0
0	0
97	268
54	138
0	0
0	208
2	59
18	290
0	7
9	96
267	0
698	761
0	0
15	320
0	0
169	357
0	4
109	88
51	0
387	325
3	34
5	338
29	3
0	52
343	190
4683	52
58249	4
1	0
1	45
1	563
29	381
3789	0
799	0
126	76
5	124
53	389
1	0
7	62
0	0
0	0
81	247
865	6
628	19
965	902
115	875
0	16
0	0
0	21
102	106
173	23
2934	275
516	924
914	2
348	0
228	1
451	1
6	1055
22	39
162	4
1281	172
331	0
595	0
47	31
0	4
30	1748
165	1
180	1596
239	154
197	116
11	0
161	628
61	787
508	34
0	0
1	256
0	0
18045	339
89	0
234	0
66	286
48	578
47	583
2	0
0	124
3	245
197	1
16061	425
46	0
217	401
35117	54
115	152
0	493
10	438
54	365
0	0
410	7
289	0
452	64
113	113
148	0
35	0
383	642
262	0
4	52
27	765
0	0
2	9
1073	280
245	47
7	8
0	0
2	210
0	0
0	8
15	29
81	613
0	0
18	0
1	0
0	0
0	155
263	38
0	0
127	14
0	0
0	0
4	688
0	0
0	1
942	740
6	88
0	4
125	4
13	0
83	0
35	0
885	1392
20	287
19	376
105	2
231	671
134	32
398	0
1560	1
652	1606
161	2
514	64
1750	0
4964	1
0	0
132	296
124	1003
505	3
0	0
0	0
0	0
12	208
353	22
260	613
242	76
4	0
4	71
12	0
632	0
808	18
182	209
0	0
5	291
0	21
0	2
35	1
10027	670
203	87
840	5
736	120
351	0
1451	81
0	0
895	273
110	120
7676	245
290	373
141	1
1318	31
158	51
259	0
294	217
0	0
25	0
0	0
2	0
0	0
6	520
12	0
0	5028
0	0
826	23
1	3
0	0
194	226
32	334
31	107
3	264
232	58
14	36
157	0
0	0
152	188
1	390
0	143
98	361
13	119
2014	1271
133	921
0	0
184	363
679	0
14	0
5	292
4	59
2	99
13	0
31	186
0	0
159	107
1783	897
98	6
0	1
0	0
35	77
38	73
134	14
670	457
28	413
37	323
113	14
35	0
134	2
188	205
54	0
82	607
1161	307
65	2
0	0
57	0
678	26
10	84
220	1190
1005	110
548	18
11840	929
4303	1162
27464	61
26	242
250	837
0	94
2	20
116	1
557	210
818	2
38	0
0	0
262	103
3584	22443
11212	214
1	88
38	251
949	1870
20	167
174	0
255	343
35	77
32	336
27	234
578	814
4	367
0	0
3	1
1	0
0	0
3	0
91	434
31	7
1	13
88	4
186	234
2977	722
1494	2540
142	1047
1522	190
548	49
443	46
1058	253
0	0
6	153
104	14
0	16
484	0
208	0
6	264
3	48
4	125
1	16
8	633
0	0
4	505
0	11
256	1213
688	28
1	0
376	56
352	2148
0	0
3025	0
0	0
0	0
45	558
0	0
3115	361
24	5
2	0
14	63
83	1249
0	12
0	0
9	0
0	0
0	2
646	770
202	0
9	0
70	769
696	0
47	465
119	0
12	0
5	37
0	0
0	0
0	0
14	34
0	0
0	0
999	6
0	0
250	811
6	7
0	0
0	782
2	112
2	35
2766	388
291	163
0	0
0	0
0	0
6720	85
4865	13
60	257
15	2
872	1039
47	39
866	253
42	850
5	299
0	20
0	12934
10	402
0	2
220	2
1082	190
67	136
0	0
1134	28
1318	16
2	0
128	657
499	227
6	734
154	2
69	34
0	50
292	436
291	35
0	7
459	522
0	0
0	0
0	0
15	832
0	0
1659	99
0	2
146	749
260	129
0	16
39	224
34	1271
19	0
84	968
5	59
12	76
2	4
0	127
0	0
192	0
0	22
0	0
7	1
0	108
472	1
1	0
253	89
27	0
0	0
0	0
8	284
0	10
0	0
251	1454
53	221
145	31
0	8
280	14
37	666
91	0
0	86
19	0
0	11
3	47
0	14
0	0
436	0
354	697
273	0
956	115
0	0
3	113
2	0
0	15
324	7
155	208
1177	0
60	0
40	0
5945	210
3	25
0	30
0	54
19	1
307	592
11	10
1	3633
574	25197
144	26
1	148
1	136
0	12
15	855
0	43
672	320
7	509
1	27
0	130
0	0
0	17
0	0
0	0
115	6
0	76
24	98
761	121
131	110
94	118
6	827
41	0
531	232
5	0
2	0
4	573
7	2
952	147
0	0
1292	866
6	205
10	318
0	0
1045	0
0	0
0	0
3	0
0	0
12	187
3906	347
0	29
12	797
1	0
0	0
193	268
374	221
0	0
0	0
2	4
7	1
187	13
15	82
0	0
4	40
0	0
3	354
42	223
3	0
6	12
2	11
473	309
428	3
302	202
18	788
9	1021
21	9
4	181
2343	1
45	0
253	0
51	0
109	113
0	0
78	0
271	0
0	0
4	0
3	223
16	136
822	1404
0	0
0	0
103	1734
3266	452
1417	1
104	0
303	5
670	1179
235	79
1724	13
9	182
0	13
0	242
0	263
3	0
14	38
0	5
139	298
2	67
0	0
0	2
0	0
26	8
0	0
1	0
0	0
123	0
0	0
3	0
0	0
958	221
0	29
1758	0
265	0
8	0
0	0
707	0
0	0
0	0
9	34
1	0
304	748
57	747
0	0
0	0
434	609
0	0
39	1002
0	231
882	14
0	0
3	2
386	321
9213	1
28	0
0	0
23	110
7	1
1	29
50	390
38	1806
69	28
557	0
510	10
0	0
53	106
388	0
936	1
88	187
764	5
57	99
0	137
0	0
22	1252
12	127
847	2024
129	523
310	11
607	81
248	532
294	445
694	48
76	1
0	0
11	2
24	14
0	5
0	25
0	0
0	22
340	878
530	230
306	0
93	0
152	466
0	0
18	103
182	491
902	2140
565	114
0	17
82	244
92	0
73	0
0	2
23	0
14	0
0	0
1069	245
74	221
237	64
229	519
1859	0
0	0
0	14
18	0
2227	365
0	0
0	0
0	0
0	0
0	0
0	0
56	430
2	0
0	0
39	0
219	0
0	5
338	0
30	0
2017	1238
0	0
0	0
0	55
253	30
0	0
2	115
27	102
155	61
604	3
16	52
35	0
0	13
0	306
530	461
91	4
0	318
1101	0
7	8
1	0
23	0
14	0
14	0
0	0
0	0
0	0
0	0
1	0
0	0
0	0
0	0
0	0
0	0
0	0
0	0
0	0
0	0
0	0
259	8
0	0
0	0
0	0
0	0
0	0
0	0
0	0
0	0
0	0
0	0
9	420
0	0
0	0
0	0
0	0
0	0
0	0
0	0
0	0
0	0
0	0
877	46
0	0
0	0
0	0
0	0
0	0
0	0
0	0
28	1922
191	0
0	436
256	660
8	0
20	7
77	1012
121	123
58	20
7	1
0	0
0	0
0	0
1	16
4687	1384
145	22
193	864
1	327
0	16
7	2
0	0
0	0
7	230
0	90
0	0
23	1363
41	187
94	0
0	0
345	1079
0	666
2	632
0	1
0	0
406	43
7	1
0	53
255	1
747	0
5253	4
207	81
16	244
0	208
3	474
1828	516
418	0
332	2732
0	77
444	1315
27	807
0	0
0	16
0	5
0	16
18	538
799	2518
11	16
1	641
0	32
0	0
0	0
104	753
1829	384
1	14
25	101
0	0
0	0
0	0
109	1164
1	12
18	86
0	15
267	363
250	218
1325	682
198	0
151	0
0	0
8	0
35	36
24	225
67	0
0	0
161	470
0	29
0	0
0	0
0	15
10	0
0	0
0	7
4	0
0	0
2	2
4	54
56	30
32	259
53	49
0	0
9	0
111	4
72	1
0	4
11	11
6	6
1	1
0	0
193	167
6	21
21	88
136	2
2	0
17	104
99	97
241	15
471	26
102	48
369	237
48	2827
1	0
0	6
1	0
0	3
0	0
0	0
0	0
121	0
0	0
1507	255
189	0
927	246
1	5
1564	70
0	0
4	0
0	31
0	346
0	9
0	470
114	161
170	0
120	187
2	80
0	355
232	0
0	0
852	196
147	0
412	0
1	83
0	1
18	9
56	0
183	1
124	736
0	15
0	0
10	137
68	103
2791	3
0	0
0	0
51	1
111	0
3703	22645
24	4
35	20
3	14
193	359
0	0
42	3
566	163
0	13
45	266
0	41
82	276
0	82
11550	423
911	20
1039	978
3824	0
53	419
23	357
18	34
0	0
0	5
0	14
0	0
425	0
97	0
101	0
431	1070
121	239
72	0
214	404
27	0
165	0
682	0
1425	0
0	5
199	520
0	0
5	1
359	312
212	234
17	689
4980	1601
0	2
0	0
0	0
512	1005
48	36
9	1100
1711	2072
6	96
36	0
10	41
235	159
254	1
0	7
604	364
0	0
0	0
12	8
107	0
1	2
178	0
281	43
0	15
246	48
0	0
0	23
0	271
1358	162
0	0
3	155
185	90
2391	379
21	2166
2	1
0	6
5	165
323	861
20	361
231	124
0	83
23	0
4	0
481	202
8	0
110	92
0	0
45	251
283	7
71	4
591	22
242	123
2202	283
7	262
0	0
0	0
0	0
16	0
136	557
0	1
5	31
59	1015
423	0
30	466
13	253
0	2
9	14
5133	616
1	571
8	545
9	1301
147	1083
0	0
304	729
5080	0
118	30
27	0
0	0
571	0
1	0
93	21
254	216
0	0
326	367
114	331
4	96
0	69
0	0
11	2
228	203
1	0
310	0
0	51
9	106
5	580
72	97
2	245
256	160
1848	163
36	212
0	0
0	0
1748	51
17	0
26	83
0	0
5	0
27	1
44	81
0	0
170	0
27	0
60	267
0	0
22	335
57	20551
70	830
0	0
95	35
14	0
11035	832
68	430
0	208
0	5
0	1
43	0
6	340
0	0
307	1
315	0
18	129
1	0
22	2
18	0
1192	53
125	0
103	277
0	24
0	0
0	0
0	6
0	0
0	55
953	317
2	3
1	31
2	421
20	0
354	193
7668	276
0	143
24	451
176	0
2	100
31	341
7	4
42	0
3	102
0	0
3192	568
1	0
1013	0
3250	22
613	637
939	93
918	0
0	0
0	20
337	10
12	0
7	172
4	442
0	0
161	231
1398	608
81	935
997	2
1	70
0	0
6	2
288	642
4	0
0	2
23	4
334	0
0	0
40	14
10	545
30	41
17	1729
0	0
0	0
0	317
5	679
13	205
38	557
15	18
0	1
615	42
46	9
59	19
515	258
57	0
407	0
0	40
0	0
1375	1604
668	613
223	51
1559	119
0	0
0	0
665	902
0	122
1	1066
407	1572
164	1
41	0
78	0
311	36
174	167
169	77
447	294
2137	68
60	12
26	13
653	22
18	0
372	328
0	0
942	33
0	0
11	128
0	6
7	254
0	4
12	385
0	13
418	683
0	2
45	79
532	119
611	0
471	227
565	1
34	7
14	1
1025	2
103	4
69	94
352	443
76	229
0	0
0	85
4	66
41	102
0	0
1	259
6	128
411	0
0	0
278	73
2	0
0	0
29	1
175	931
49	5
80	2
3	0
6	0
1	0
273	0
25	0
1	0
0	0
0	47
3170	743
1	102
2	551
90	1
128	294
1	2
9	195
7	113
1202	0
272	153
9	417
0	1
28	1473
0	0
167	53
4	0
22	922
0	98
15	328
4	469
6	0
770	7
220	276
7493	0
26	840
1734	345
121	1957
196	496
20	60
14	5244
0	0
0	0
0	0
0	0
151	195
0	0
142	0
531	2
124	16
1824	5276
43	1350
132	828
1078	175
0	103
2	147
76	140
0	0
125	19
7	3
16	1
0	0
79	0
10	276
21	461
168	18
8	134
0	0
0	200
1	0
235	294
4	3
0	0
0	373
0	0
21	851
2289	233
27	2072
0	9
12	12
16	64
2370	95
5	14
5227	1246
33	1092
0	0
87	196
3797	600
71	5
0	9
0	0
0	0
17	100
118	101
16	106
47	2
14	0
0	0
35	82
0	0
13	164
0	0
0	9
4	141
1	0
1407	139
0	179
8	22
1	74
59	0
134	94
1365	0
600	331
0	0
256	98
226	359
80	944
132	3
17	275
0	1
3	1
15	125
155	51
2	0
218	715
421	331
155	426
0	10
0	0
1	0
2	0
0	0
0	0
0	0
0	0
0	58
1148	661
6	0
125	0
2	0
0	0
4	162
3060	0
0	0
159	0
2	416
1898	999
141	14
0	9
553	293
1446	408
0	0
14	4
83	1105
178	211
9	91
9	1196
481	355
0	0
7	0
0	4
107	256
0	207
0	319
1	1
0	0
0	0
1	387
128	396
289	308
5728	434
244	0
1	98
1	0
13	348
0	1525
1	288
10	5
105	38
2	0
2	0
0	2
15	0
1269	1
642	17
672	819
616	247
3	102
5	705
2	0
105	453
0	4
272	44
9	0
123	52
23	0
564	299
733	1362
614	1004
2475	40
11	0
30	709
9241	97
187	86
0	0
0	0
721	0
157	303
6082	1951
102	0
141	0
10	119
1736	0
113	1367
20	37
672	162
209	105
46	545
194	37
235	19
106	1474
0	0
0	0
216	64
379	0
388	116
904	108
681	561
184	187
283	141
48	0
4	236
134	2214
54	0
288	193
47	0
2070	126
11	273
11	86
351	0
0	223
6	0
181	277
51	342
0	55
232	160
8	51
9	517
490	1075
44	112
0	0
42	128
113	73
9	0
30	152
466	0
0	81
1	20
0	20
50	37
0	0
0	0
0	0
297	4
0	3
324	0
16	544
87	676
32	0
5844	78
538	164
94	0
12	3
1	3
551	0
1	0
1191	0
0	5
31	0
74	992
12	271
0	16
7	72
0	0
1	239
4	59
5	365
2	1447
0	0
12	52
128	803
20	2207
7	2099
10	18
0	0
24	375
764	335
0	4
0	0
71	1
26	1082
117	114
30	328
411	0
0	156
101	208
136	149
228	30
122	30
531	955
219	1
0	0
2	4
42	51
419	1183
4	17
54	3
846	852
9939	112
0	72
7	109
0	0
0	137
0	0
0	42
19	0
24	2198
0	0
0	7
0	0
0	28
0	0
27	364
0	0
18	113
1	131
287	916
0	0
292	0
1	27
113	473
0	25
731	72
210	0
0	123
3173	19
0	0
3	633
14	1144
2	0
4	5
1	0
1	0
3	1
0	0
35	458
1	1
1219	721
136	89
0	11
16	0
3524	11
1000	2412
0	21
0	53
2	73
663	9
0	0
0	0
0	0
0	95
0	0
0	0
0	0
4	24
32	243
2	275
6	18
326	329
1	17
0	0
539	29
67	281
421	95
922	760
68	985
7669	63
192	0
56	168
2264	81
45	1058
0	0
0	0
247	44
0	13
0	0
0	0
0	5
0	0
482	3
0	0
0	126
2	37
1672	26
0	0
131	1196
243	710
50	649
0	1
1906	0
98	1036
0	3
0	4
0	0
0	4
25	547
12	0
42	0
1076	472
356	5
49	9
25	24
0	0
1	3
93	127
0	16
0	0
121	49
9	17
40	292
0	0
246	11
346	0
71	2
0	0
0	0
3	0
226	1152
31	0
538	1306
160	0
67	104
1	27
6	0
10920	3
9	337
1	0
334	2
233	337
178	1836
4	12
20	522
6	2
0	0
0	29
0	26
2	0
0	0
0	0
0	1
0	1
79	397
20	30
0	0
18	97
68	49
58	0
0	0
274	87
0	60
73	249
109	409
2116	0
43	15
6	0
4	66
274	473
9	61
0	0
38	259
1	59
126	747
141	4
9074	0
13	0
0	516
143	99
1869	553
157	414
0	26
534	12
2	0
262	0
2069	866
132	0
824	0
357	443
265	465
44	79
73	406
466	79
2	10
43	620
17	0
99	656
0	19
35	440
0	177
28	3
1014	64
1	0
18	0
251	476
503	0
93	1008
0	0
15	1
7	181
92	322
0	0
0	0
0	0
1	3
23	494
8	17
63	595
9	0
0	0
2	3
1	1
0	0
0	0
0	0
0	0
0	0
396	0
0	21
1	10
0	0
0	0
0	0
0	0
4	214
0	456
18	545
0	0
0	0
0	0
5	0
0	0
79	0
0	0
0	0
179	269
5370	3182
336	0
5	34
198	491
37	277
287	0
118	246
1	35
7	0
0	0
0	0
1	237
0	0
11	0
0	0
206	654
0	0
0	0
4	0
0	0
0	0
1	0
107	222
1722	1185
165	78
825	0
867	1244
21	0
0	0
27	1067
12	463
45	310
43	9
6	117
153	285
0	0
27	164
22	269
1	0
84	9
485	296
9	102
212	0
5	11
0	0
0	0
0	0
15	0
0	0
1	0
0	0
0	0
3	3
6	248
146	768
281	5
3	0
2323	0
195	0
272	0
30	3
152	29
0	0
4	0
3	0
1194	0
2277	0
26	0
859	34
3	196
1	0
79	725
69	119
48	405
3	85
1	740
916	16
287	657
304	0
220	0
31	99
1	0
8	0
8	16
1	0
27	0
0	8
117	28
96	1333
3	7
1303	363
0	0
0	0
63	370
6	385
2	1
11	3
0	0
2	49
9	0
0	29
20	718
4	1
1127	367
0	0
0	0
0	0
17	0
0	26
16	0
0	412
0	21
69	135
629	360
1	46
0	0
0	0
0	0
3	792
30	475
18	200
1380	219
1316	1917
1291	58
4	126
8	570
30500	163
386	998
29814	530
0	0
0	0
1569	8
13	14
466	1993
0	1
64	119
306	0
87	16
422	707
177	339
64	506
0	0
2	2
0	5
3	378
41	251
0	90
0	4
10	7
20	12
0	0
1	171
2324	1143
5	0
19	0
74	655
2	14
174	0
189	70
42	134
62	261
1	0
0	0
1	0
74	122
354	236
32	132
34	0
222	706
13549	911
1229	453
99	105
62	266
86	2554
7	370
0	0
14	11
10	147
1	0
4	4
1	0
0	0
24	196
166	0
30	725
90	92
0	42
1	31
52	7
0	0
86	86
216	338
3	83
1179	0
452	86
279	163
171	285
0	0
499	0
15	246
0	0
1	0
107	847
137	448
45	12
135	451
206	1060
271	1008
24	275
7	9
0	1
0	0
0	0
2832	60
2238	193
137	113
14	19
0	0
155	108
45	10
0	0
0	0
17	0
0	0
5	68
68	152
0	0
779	710
12	302
78	0
37	2
1064	100
792	25
168	23
52	0
126	0
49	84
132	30
18	41
17	231
0	0
78	31
0	5
0	0
0	0
0	0
283	165
400	0
401	2418
3819	87
0	0
371	1163
1	0
2483	52
6323	1
68	1
2	0
214	618
326	6
772	12
11	698
133	273
18	0
30	115
22	232
13	35
8	8
0	0
5	672
0	152
0	0
0	0
200	223
464	36
177	666
91	63
274	1002
3	492
164	0
1557	1
296	51
238	0
181	107
5	122
61	0
0	0
342	59
747	5
29	0
166	0
11	34
0	58
137	382
357	0
266	435
92	556
3389	95
284	67
0	0
16	185
0	53
676	600
2	0
175	959
100	118
0	32
454	633
141	185
1110	461
314	2116
117	63
11	11
17	301
2	14
3	2
0	0
3433	0
0	0
1	0
0	0
0	32
147	871
6	70
0	0
548	219
6	1
1139	459
164	220
3	4
49	0
418	731
16	0
275	1
406	2051
6	0
0	337
55354	4
995	340
200	433
0	1
0	5
0	0
19	491
37398	8
990	1841
43	86
164	40
0	0
4	424
44	400
0	0
0	0
0	0
64	0
236	10
356	2
45	2
1	347
5755	94
0	13
2514	0
1592	0
69	69
0	12
264	12
66	0
290	76
0	0
57	352
2	0
87	8
3	7
119	0
199	1472
120	0
154	241
0	0
0	32
3	1
83	135
1	0
0	0
247	478
14	244
0	0
52	297
511	3
308	2
0	19
0	62
0	26
0	1
0	213
4	11
0	0
0	1
2	299
9	2012
2018	4
0	0
20	0
2	56
0	0
0	0
0	56
0	51
0	365
1	0
0	247
42	243
413	2
21643	1
4247	726
19	0
398	0
30	901
2	34
39	50
317	0
386	49
188	98
44	108
436	0
132	140
672	0
4	24
850	0
176	1502
41962	5
29196	47284
2268	1373
754	33
0	0
33	0
230	0
80	475
3	0
0	0
0	0
179	19
3122	101
818	33
3630	2
10638	751
240	88
95	274
930	1364
0	0
0	0
85	353
0	0
5	0
3	0
2	1133
0	21
389	208
13	589
126	0
0	4
78	728
0	9
1	4
4	1
1	0
14	79
3	1274
759	8
7	350
291	14
1632	0
5584	1
328	20
242	19
282	0
229	52
0	0
1	155
217	2
1	137
200	15
143	680
145	0
14	678
0	131
0	0
0	2
0	158
182	0
65	168
140	688
4352	403
11563	2
896	160
388	238
651	263
37	155
0	0
122	20
27	1039
47	0
729	7
43	0
161	259
40	83
1	0
0	0
2	4
21	693
0	0
280	5
46	37
5	196
342	260
121	0
0	24
317	148
36	211
0	0
108	106
0	0
101	0
0	1
6	964
0	0
0	0
293	7
0	7
17	4
1	0
1671	1498
245	10
0	0
0	66
0	6
12	847
0	0
0	0
10	18
22	103
0	27
4	11
595	0
337	0
0	4
221	1545
0	38
37	110
0	0
0	0
0	125
0	0
621	0
0	13
406	41
141	0
594	103
61	0
965	0
0	0
0	0
0	21
855	800
259	1
1809	516
937	0
2668	20
762	1268
11639	473
12021	365
460	65
0	0
0	0
0	0
0	0
0	0
818	7
0	0
0	0
0	6
27	3
40	10
17	167
3	0
87	219
4	19
442	0
422	0
4	151
0	34
159	1939
111	4
0	0
80	232
0	0
0	0
0	8
0	1
309	1997
47	0
12	0
15	38
124	0
413	29
90	0
22	0
357	0
142	4
79	0
4084	0
477	0
52	0
344	569
291	2
163	1419
102	665
47	53
158	1624
1	0
0	0
321	20
36	187
312	34
596	237
1087	501
783	576
10	0
0	0
0	0
0	0
15	546
0	0
341	0
2274	107
223	190
252	143
5	0
11414	7
2861	3
542	101
0	0
0	0
3	0
0	0
0	0
0	0
444	1
0	733
0	0
21	627
74	916
927	27
1437	235
165	21
806	3287
607	47
76	247
163	420
400	769
7	181
76	1425
21	983
64	172
6	513
3	5
19	0
1	15
84	0
88	28
1906	0
2180	3
9342	71
0	0
159	1007
346	999
178	307
36	435
131	127
647	27
769	315
71	0
20	777
1	0
23	188
41	95
77	1885
719	788
15	196
55	119
4	1364
570	0
2	0
0	0
0	35
1	8
306	15
1309	63
10	262
0	318
0	24
126	14
2592	42
0	0
30	1165
13	0
51	0
2087	0
362	0
1	486
205	216
15	0
409	0
2231	560
172	0
72	50
0	0
204	7
1	0
6	16
53	127
7	44
0	0
409	0
419	0
70	0
370	76
184	259
513	71
619	309
0	0
13	461
0	0
0	0
0	16
273	453
0	7
0	1
0	35
0	0
3	318
0	4
0	0
1	59
6520	359
0	0
0	0
0	0
0	147
0	0
28	0
1167	1699
0	0
0	484
18450	1336
38	84
0	0
11	0
502	0
0	0
0	0
0	0
291	304
0	114
1434	444
108	1
0	0
24	0
1	2
0	0
0	0
0	0
0	90
0	52
0	11
0	0
105	197
5776	23856
4354	2
9618	0
0	0
39	42
10	153
1	63
0	4
528	0
572	12
35	0
0	0
0	3
32	452
0	0
127	254
0	0
2	198
0	0
101	412
0	43
274	98
40727	8
78	1
143	0
0	0
2	6
119	1760
110	58
52	72
398	493
134	1
0	0
93	604
47	1275
135	84
0	0
1014	1
0	0
219	118
0	89
844	11
0	0
0	0
0	0
8755	5374
256	4957
0	0
0	0
2	0
551	21
21	338
0	14
197	102
220	39
1852	86
13255	97
19	0
351	10
63	7
1335	0
326	3
60	0
907	59
1	0
240	0
140	293
183	0
5	0
0	0
13	498
196	0
2	192
698	500
44	555
25	1674
89	56
394	161
234	695
200	4
27	1
24	182
5	28
9	867
2438	1010
23	2195
0	7
22	0
131	29
433	73
295	271
1329	1
13	79
74	397
0	0
1	8
0	108
23	1962
13	460
3	100
0	79
286	334
346	881
18	13
121	45
2	92
662	452
159	0
1369	213
335	0
0	0
250	187
395	21
123	0
323	17
116	848
35	270
201	0
202	211
6	7
0	0
58	2333
43	256
6	142
0	12
0	0
0	0
224	815
0	0
0	0
0	508
2	59
1180	227
412	5
174	9
5	0
47	383
21	906
36	205
1174	1411
0	15
40	745
5	2
127	0
5	42
7164	798
12	378
2	213
2	7
7	8
45	131
919	147
42	208
1	2
31	362
56	0
1182	131
95	0
0	0
1	0
1	1
47	0
0	0
0	0
12	78
1920	1149
91	2
1	619
0	0
1	58
222	141
130	0
25	0
228	0
96	0
237	1064
0	0
2	65
0	0
86	0
6	938
2561	245
10	685
96	0
180	0
69	0
1297	1145
4	94
1	0
248	178
1205	413
1771	103
151	0
91	871
0	6
29	551
0	23
415	564
1005	0
284	131
26	258
554	0
284	257
0	0
43	0
1050	353
278	539
1107	0
0	0
0	0
56	108
151	3
283	252
100	131
165	50
50	15
133	962
351	144
1109	7
106	0
0	75
0	0
0	7
1	14
3	2
0	3
57	53
0	18
0	0
0	0
11	14
0	1658
0	0
0	2
0	158
16	1099
2	7
0	0
1	0
6	29
0	0
0	0
984	3
208	0
193	288
0	0
805	5
2	2
1414	7
66	0
137	1
365	0
14	188
554	0
61	0
357	103
297	0
4901	4
8	472
0	0
1176	160
0	0
0	0
0	0
0	0
404	14
730	0
2501	0
109	0
164	1
697	22
0	0
18455	817
892	1447
510	2335
59	3
0	0
11	119
0	1
2	101
6	0
310	0
568	0
194	9
81	0
7218	0
205	0
147	178
157	291
0	0
0	61
19	83
0	16
525	0
11	30
592	60
12	1180
0	9
10	21
5090	597
291	234
3	0
0	0
0	0
0	0
0	0
0	0
0	0
0	0
0	0
1	0
36	387
9	387
0	0
135	683
720	441
46	0
249	0
6714	1
277	51
14	3
1352	126
135	0
13	14
209	65
619	0
39	9
1308	1
1	0
6	633
9	176
191	0
522	0
6	121
15	0
10770	0
3149	220
71	154
0	0
4	122
61	200
1	3
2	7
0	1
4657	231
1	0
9	17
34	0
117	54
40	170
0	0
123	481
416	37
17	283
0	0
0	0
9	0
61	692
0	2
427	186
167	0
445	1
1	43
0	34
0	0
0	0
339	151
0	0
125	70
7	552
0	20
0	0
16	28
136	0
218	33
283	3
681	263
0	0
0	374
0	8
554	61
2	4
51	1532
0	3
378	105
258	21
198	83
25	113
12	28
34	165
0	19
122	45
0	288
30	130
7	193
0	0
86	488
0	12
36	16
23	116
0	8
0	5
2	0
16	207
0	1
311	822
0	0
54	230
48	31
12	6
0	139
50	209
3	2
2	0
23	1806
7	555
10	33
0	0
0	0
174	705
0	183
5	0
0	0
0	0
0	0
0	16
0	0
30	177
60	21
948	424
742	0
1085	0
10	0
36	0
51	0
3	2
107	35
23	0
32	90
109	56
85	19
23	80
126	1007
93	0
0	13
224	568
0	0
1	0
0	4
5	125
73	1431
0	0
37	35
306	362
10	0
531	8
0	1
232	226
6	28
0	28
50	1210
3	116
1	7
53	582
0	0
3	751
13	316
326	76
40	2
425	0
853	45
0	0
1	0
42	145
3	0
0	5
20	1509
224	0
161	349
21	3
59	15
403	234
17	0
136	141
0	98
0	0
0	0
19	0
9	2
40	1
6	8
7	8
61	474
903	2
1362	322
181	209
62	109
0	7
1	159
1	0
0	3
1	67
82	297
294	18
294	50
546	0
249	80
7	123
3	38
0	1
62	19
251	1354
0	0
20	15
341	1666
0	0
0	0
0	176
268	1500
0	0
2	42
55	0
0	0
0	14
3	99
4	1
0	0
0	7
0	0
82	22
122	6
8	0
0	104
0	32
88	382
243	0
90	7
292	1
13	0
15	0
606	860
352	0
0	0
192	267
12	0
0	27
38	112
0	1
0	0
0	64
0	123
63	101
1	0
0	0
449	0
346	0
1284	0
285	0
120	0
1	169
97	659
1570	1207
71	3
4	56
383	10
175	97
115	0
61	0
230	0
105	18
73	0
329	134
1	0
88	0
15	63
14	0
27	1349
18	164
286	1271
73	86
27	316
278	1302
256	14
9	34
58	0
0	12
0	4
0	0
0	0
0	0
0	0
0	0
0	0
0	0
0	0
0	0
0	0
1070	7971
41	2417
0	19
2	0
4	304
0	7
38	0
116	11
111	0
36	0
699	317
536	0
0	0
2061	151
0	9
196	0
2	0
0	1779
3	324
29	3130
0	118
197	394
456	0
93	218
0	64
3	7
0	0
0	162
7	400
25	219
12	3
51	163
7	80
16	232
17	1513
0	115
58	189
0	1
17	1
3195	105
6694	280
266	88
26	400
171	900
474	43
5070	34
627	215
1772	47
447	779
0	0
705	9
20	68
175	35
8	62
5	182
116	7
0	1
15	191
229	1
851	2
0	0
0	0
446	74
0	0
101	201
0	0
4704	1
60	9
326	0
43	7
0	0
0	0
0	11
40	880
1	0
24	1
0	13
0	0
46	15
0	23
0	13
0	0
0	0
43	4
1	0
2	843
16	0
0	532
99	104
15	0
467	0
0	0
0	0
0	0
37975	4
0	0
0	2
5	570
0	0
0	0
308	84
3	726
0	18
52	0
145	385
2	47
0	1
9	6
26	55
1	216
0	0
572	254
21	0
37	86
89	646
7	761
30	760
1	0
2	0
9	112
51	126
1051	509
69	0
438	3
3621	105
110	2259
0	0
0	0
1	13
0	0
0	0
0	227
762	279
18	56
232	0
1548	4
1041	0
187	11
123	0
484	0
0	0
2	0
0	0
0	5
2	0
8	42
0	27
3	3
16	0
6	49
19	570
42	0
0	0
0	0
8	15
491	775
0	0
60	253
2374	0
711	57
317	1098
0	3
966	64
0	3
18	159
1	3
0	0
0	0
0	0
3	85
2	0
2	155
1	169
50	478
168	0
39	124
3	5
1	0
1	39
0	42
1209	44
0	0
364	12
59	345
231	0
0	4
0	56
2	0
114	94
296	406
1	425
21	0
3	354
157	464
744	53
259	72
5	524
0	0
96	0
36	1317
4	8
0	1
17	79
81	327
294	715
54	0
6159	1
0	0
70	81
427	305
16830	619
1	22
14	1114
0	7
0	176
617	62
0	115
61	1519
270	551
0	2
268	1392
6	1
2708	4
228	871
696	621
141	1232
534	338
509	379
9	587
77	0
330	0
58	0
449	0
15	0
0	98
120	99
0	0
6	0
9	222
16	6
66	5
539	0
229	119
0	60
11	468
768	1272
659	42
0	0
0	0
0	0
0	0
99	162
0	0
0	0
57	72
183	247
0	0
0	0
0	2
64	127
9	2
1051	8
1123	8
343	0
522	326
535	0
290	283
10	18
9	21
0	16
411	1080
729	757
4	1003
219	3
16	231
286	56
447	651
62	560
0	0
97	0
1255	0
3722	5
514	0
0	89
129	32
0	0
0	3
0	0
173	232
197	0
191	1447
0	0
189	0
428	0
8	823
7	1
148	121
21	0
222	0
3	1
1	116
0	0
146	53
6	1632
1	157
0	0
0	0
1	11
2	45
0	0
0	0
0	0
0	0
59	0
0	3
433	0
325	7
9	458
38	57
6	260
6	10
0	0
0	3
0	0
10	449
43	1781
240	0
0	0
697	1401
113	2
115	40
311	0
180	1890
0	0
0	0
0	0
715	0
168	0
63	84
0	0
96	6
8	207
0	0
0	0
0	26
86	431
10	5
82	297
15	190
73	7
101	419
29	1031
100	0
245	33
35	0
76	0
53	0
284	13
6	229
0	0
3338	299
31	152
104	168
0	4
6	1
667	664
2	0
154	0
58	397
72	212
48	522
11	399
9	12
1	3
1	140
0	2
291	227
211	659
173	70
25	0
55	260
46	1523
1653	0
0	33
0	57
0	85
2193	83
315	0
137	85
26	0
0	2
7	379
13	232
34	134
233	582
87	1295
77	116
0	0
6	22
10	296
0	0
14599	7514
5	398
156	27
1	0
0	0
0	1
0	10
211	137
0	29
732	2
0	0
134	1
103	0
8	0
2	567
237	0
138	3
493	6
94	0
86	0
514	0
401	0
0	0
7	273
0	0
0	35
14	660
19	2486
5	0
27	97
0	0
191	0
145	721
212	134
898	533
278	0
252	85
548	0
11	43
15	3
134	561
21	39
40	305
289	430
1	227
211	22
0	0
143	0
0	239
6	22
10	739
0	66
0	0
123	1843
260	203
377	0
3	283
8	347
135	2483
192	285
193	338
3	520
3	61
3	851
0	6
7	76
1	225
3	0
0	83
1	34
114	150
91	5
119	0
672	561
264	1
19	188
2	321
0	537
6	320
0	20
0	0
0	0
0	0
40	3
580	1346
77	0
789	125
6	172
2	376
14	20
0	16
9	111
0	0
1	366
10	216
697	348
6	77
4	36
0	33
0	0
45	378
37	0
0	0
0	0
0	8
815	0
0	0
0	1
0	0
11	469
136	1
33628	711
152	2
22	928
946	2315
7	42
96	303
71	0
21	0
0	0
1	156
11	395
0	0
1004	20
34	15
142	578
702	277
21	486
0	0
8	253
87	178
42	14
0	0
815	371
48	25
0	22
10	5
0	0
13	1567
0	0
0	19
664	0
291	317
257	883
1997	0
276	0
7	19
0	14
212	1
223	1110
89	23
543	360
0	0
791	9
2673	1038
7	1043
913	495
129	315
0	0
371	0
867	8
10	0
1	0
0	0
0	31
12	444
0	239
0	0
0	0
1576	179
584	5
761	212
1788	155
9	196
276	39
63	2752
0	14
29	49
1	0
12	1
312	1565
0	0
0	0
0	0
0	0
0	0
0	0
0	0
24	0
42	7
0	0
732	985
3	216
3	5
28	9
11	21
203	1070
9	1
12	1
500	779
32	9
22	0
9	94
6	146
50	683
105	70
2261	588
12	0
14	3
132	520
56	63
5	0
0	0
0	104
11	7
0	105
1	1
0	1
2723	0
441	0
9	0
14	0
0	0
0	3
0	173
114	645
10	191
27	59
4	127
315	0
4	0
5	0
0	114
0	1
0	0
0	0
6	976
761	0
0	0
5	304
95	550
1975	194
218	743
120	293
169	743
7	1
1143	0
1370	0
1	23
59	201
160	0
0	0
251	238
365	46
1	39
114	466
1477	227
1	483
0	47
1900	0
675	63
91	0
26	1472
0	0
36	395
0	0
9	840
0	588
36	0
1	0
247	468
111	386
0	0
118	11
297	84
738	0
10	843
94	354
3	17
57	127
6	319
0	97
8	417
117	16
19466	0
14100	2
0	0
62	37
78	297
298	457
391	0
214	24
1253	2
0	0
0	0
0	0
0	0
18	6
0	0
0	0
0	0
939	494
137	223
24	8
99	0
479	79
117	10
139	446
3	61
0	0
41	74
905	5
19	24
96	61
59	216
9	396
7	9
0	4
0	0
2740	152
0	0
2089	638
2	0
0	0
566	0
78	0
180	0
120	0
0	0
0	0
0	0
0	0
0	0
0	0
0	0
1	0
0	1
517	1425
1426	0
300	212
120	134
54935	5
2218	0
3449	10
1	0
766	0
24455	0
0	0
59	263
5	784
2	105
10	779
180	16
52	0
125	17
1201	6
251	4
31515	700
13	0
3	231
2	1
0	0
2	5
0	2
22	0
0	0
0	7
55	202
17	0
407	297
365	1830
26	1137
207	1
333	218
4809	0
66	387
0	0
0	0
0	0
0	0
0	0
631	5
138	12
97	304
563	0
0	0
2222	0
17	1
26	0
28	224
0	3
1	76
470	533
7	681
5	0
150	0
107	0
12	12
51	1019
25	760
8556	29
819	0
75	0
0	0
0	32
246	1263
0	0
82	651
0	10
463	0
361	1
101	0
2	385
0	907
8	353
0	252
0	0
0	0
33551	499
0	13
0	0
0	0
0	0
18456	3
0	9
610	7
135	99
344	409
453	0
0	1366
601	986
13	105
322	1096
325	389
413	1289
0	0
0	0
0	0
141	8
29	50
2944	5
139	1354
64	252
4	462
1942	356
45	905
11	501
371	0
2463	196
203	822
12466	256
29	488
80	95
0	0
721	248
0	0
5	160
53	2
23	396
0	0
2508	235
455	5
0	126
0	35
1	64
6	111
0	72
72	1122
2	117
0	0
0	15
1	192
0	0
10	802
30	966
42	177
3	0
20	0
0	12934
4	3
112	446
16	108
0	0
33	400
74	61
173	86
19	522
1	210
223	0
15	584
3	2477
1041	167
0	0
0	0
320	834
86	0
10	0
36	0
0	30
0	161
48	1
46	140
25	1374
176	0
271	1400
0	16
1	109
55	8700
547	1206
72	283
211	351
0	43
352	201
317	240
32	0
1	3
5	28
64	85
106	445
173	213
3	7
1	51
1719	422
0	28
0	0
0	18
156	31
0	0
425	952
0	328
8	1222
19	6
1	1683
119	189
0	1
0	1
546	143
0	0
5	1517
283	199
44	642
323	55
574	177
328	2
46	0
27	0
63	95
696	88
106	842
181	151
0	0
505	131
716	0
5978	6
0	0
574	370
73	11
4	0
3	66
2647	70
47	419
18	177
117	0
1	26
0	2
84	1190
157	0
403	1048
35	253
0	0
84	11
39	2
574	779
51	232
0	95
3	18
0	0
2	0
1294	116
112	1
0	0
4	2202
363	16
10	1364
84	302
421	143
765	556
28	78
3	0
2	0
0	0
1	0
0	0
1388	25
171	0
0	46
0	0
59	0
9	82
0	0
24	419
0	197
0	319
0	0
3	0
4	86
2	56
519	0
63	146
1163	0
6	1364
11	0
282	57
41	1181
1	3
0	0
1258	0
0	0
1	1
0	0
11	152
0	36
0	2
165	19
318	0
44	57
188	263
1	15
6	218
0	0
0	0
65	539
82	64
19	899
451	0
12521	6
24	0
5326	300
158	378
381	0
117	0
258	251
65	62
1185	56
555	194
247	13
968	204
129	17
1679	0
65	183
63	0
3	81
45	73
1377	1
81	1
14	5
285	0
0	0
1	0
53	1091
1175	81
1	67
15	61
21	77
0	0
2	9035
266	0
0	0
20	0
2	25
10	412
0	350
0	16
0	0
0	0
0	0
2	0
0	0
90	0
166	238
210	100
394	339
98	18
164	0
0	0
1	250
200	518
0	0
235	130
0	0
635	712
0	0
1	31
3	31
0	79
0	2
73	573
23	117
0	0
0	0
0	370
135	1586
10	4
3	310
2	4
252	140
1941	40
211	2
0	0
23	0
2	30
3646	627
1313	619
0	47
0	0
0	179
0	0
4	12
0	0
0	0
0	8
4	157
24	0
595	1314
0	0
23	0
750	1
0	0
0	0
0	0
22	42
0	1
16	957
0	0
0	0
6	0
0	0
0	0
2	79
1	136
55	210
211	0
0	0
96	107
28	162
137	155
3	0
5	0
0	151
2335	0
302	96
2	46
15	0
0	0
13	157
0	0
0	25
0	0
2	143
8	716
0	149
16	214
0	0
372	1
44	0
288	120
4	44
3	2
1	0
0	0
27	1
0	0
848	13
0	0
138	28
14984	256
271	685
170	160
13	15
60	753
0	374
0	9
2997	122
0	9
1	0
0	0
0	0
0	0
0	0
0	0
0	0
0	0
0	0
0	0
0	0
3	11
88	3053
3506	240
118	1
402	389
1	8
143	17
586	1
110	694
3	30
0	0
2506	2
300	206
0	1
2162	826
123	1048
98	259
39	330
704	2515
0	0
100	0
0	0
90	215
0	15
0	0
1	239
1	815
8	1
78	2
94	1531
0	0
0	0
0	0
0	28
9263	264
0	0
1	7
11454	129
95	0
155	6
264	371
543	363
305	0
2	1
2	17
1534	216
18	843
2	0
0	1
15	59
127	402
375	829
0	0
0	0
19	0
94	0
24	0
731	626
0	0
11	169
0	4
494	82
0	10
278	7
180	0
4	124
1990	0
0	0
5	0
33	871
542	54
38	928
2	950
1	4
0	0
5	0
0	0
271	0
144	10
38	191
1	1
0	0
1	123
0	0
0	0
0	0
0	0
0	10
0	0
0	8
0	0
169	409
40	14
165	46
0	0
12	115
4	0
2	1
0	0
1052	18
3	49
1186	175
222	580
94	160
0	43
1353	0
3	3
11	62
27	1008
22	276
37	522
11	9
336	0
242	247
1741	0
0	0
378	0
0	27
6	11
1163	0
3	1
0	0
0	0
0	0
0	0
0	14
4	0
3	28
73	1096
3	0
4	124
0	1
11	10
0	0
93	15
0	605
193	1
173	873
27	0
0	0
0	0
3	132
0	0
5	28
35	881
412	90
118	213
0	24
11	148
7	505
44	5
49	25
0	0
1	0
165	43
28	141
0	0
2	1
1	1058
46	390
4	346
13	50
68	0
86	222
0	40
8	0
36	0
1876	0
0	0
0	0
17	0
594	141
9	127
0	115
0	61
4	22
4	1
12	227
0	0
2	0
0	507
2	2
13	34
72	954
0	276
14	883
4	480
24	1394
65	356
70	592
60	225
20679	0
2427	260
5	0
6	0
0	0
378	0
221	937
9	826
34	148
270	0
1574	0
725	0
29	52
10	688
0	0
0	0
177	0
302	730
0	0
0	0
1	840
0	1
585	1
0	0
11	0
0	0
94	288
264	0
147	758
221	68
632	0
197	0
6	244
2	18
0	0
7	12
33	14
0	0
0	0
1	0
23	7
0	171
24	0
196	0
267	0
84	4
26	0
2	16
0	4
4705	0
3397	7
558	30
5	0
330	1
0	0
552	4
145	157
59	74
0	12
0	20
131	0
140	0
517	29
482	237
0	35
0	0
27	110
209	143
415	194
152	732
0	20
0	0
0	0
14	128
0	1
9	14
4	8
124	286
0	0
9	444
98	299
0	0
70	17
586	46
305	5
87	32
60	1
283	0
0	1
1091	3655
0	0
70	10
14	1
35	0
60	0
35	0
2504	1
1135	0
696	0
619	0
36	14
0	264
0	89
554	75
284	26
60	0
62	0
0	99
1	39
140	36
11	276
0	273
17	304
2	5
0	0
5	32
0	0
1	0
38	4
21	538
60	2
0	26
24	128
1	144
7	13
0	26
0	18
0	0
356	403
2	0
104	0
60	0
123	181
7	56
0	0
266	841
23	243
9	0
66	51
4	48
0	33
241	0
49	269
0	2
62	188
1684	1371
21	424
19	1277
600	673
1	0
67	277
439	221
0	0
2	3
69	0
26	900
416	793
158	0
46	0
179	28
196	44
378	1
290	118
17	0
190	348
578	139
110	0
0	0
98	0
31	0
0	4
0	0
221	20
4782	1
2	166
0	0
0	12
32	11
3	144
2	384
36	1933
3	113
5	179
78	638
1	9
0	61
0	2
0	0
0	0
0	2
0	0
382	334
390	49
1732	53
277	28
5	6
0	0
0	0
402	0
1	0
303	58
152	24
256	208
0	2
0	0
174	1291
517	192
15	491
2	57
0	46
13	55
0	0
0	0
14	712
187	279
78	349
0	57
5	58
0	3
23	90
0	0
8	696
0	25
292	58
73	153
0	127
199	260
132	546
13441	2
26	8
264	57
91	0
7	16
0	0
2654	1380
174	1
64	0
83	63
26	1082
42	683
656	38
92	646
6104	217
80	985
461	12
30	0
3373	26
143	104
102	0
681	0
0	5
0	0
464	292
24	768
106	0
79	321
19	25
5	68
48	10
80	615
336	17
13246	116
87	0
499	134
0	22
5	44
4	0
0	0
0	11
0	0
0	0
0	0
0	0
0	0
211	320
0	0
0	0
7	41
236	758
1675	0
53	58
2	951
33	71
0	0
224	4
0	0
0	4
0	1
68	131
73	0
6	172
5669	0
197	16
2277	0
43	113
0	0
6	4
165	642
0	0
0	0
0	10
0	51
0	0
0	0
3	3
1	4
13	124
2	75
963	1000
6	8
0	0
1	106
1	47
1	2
0	2
6	6
67	338
0	86
0	63
4	6
0	0
0	0
18	0
8	0
0	0
15	0
324	1
18354	624
0	26
0	0
0	9
0	1
0	0
2	56
0	0
219	595
104	497
2	99
148	380
452	14
5	171
42	8
349	0
3	1988
17	0
48	2
863	918
53	1
735	1
19564	1366
201	145
2	13
80	7
1324	2
1652	2
763	0
3848	291
0	0
5	0
0	0
2	117
68	102
13	4
14	37
323	66
64	351
6	0
3	9
1	0
20	3
2	0
2	0
13	125
447	74
57	26
12	30
8	67
0	3
29	297
0	0
0	1
885	147
2	40
16477	2
517	149
1150	57
0	130
0	251
7607	37
338	44
0	13
149	44
146	0
257	5
127	599
60	0
0	0
0	0
153	671
0	2
306	209
145	962
1014	1276
300	157
43	1751
19	23
0	0
0	0
0	14
1	0
0	155
0	0
0	0
0	0
22	239
0	3
402	2357
0	0
0	0
98	89
116	986
123	0
57	24
0	3
204	427
0	61
490	213
84	50
105	95
57	1150
0	4
0	19
6	77
384	106
79	0
21	202
1687	592
0	1
0	15
0	0
33	2
159	1
9889	278
3709	400
0	0
1	2
0	0
0	61
79837	6
97	1
238	87
87	28
11	1
22	0
17250	3
207	0
0	0
0	76
587	11
0	0
414	1162
92	315
212	41
6314	634
117	211
291	1500
1028	113
1640	2275
4176	2251
62	378
1	77
23	242
7	604
8	484
7	124
67	11
0	0
0	0
0	2
0	0
2	8
145	120
2479	2
62	511
252	578
4	4
143	33
180	0
212	0
49	307
217	550
37	0
28	0
181	71
541	272
1443	37
3	197
230	0
2388	553
77	43
490	373
5172	34
54	126
0	6
29	0
0	0
0	0
0	0
0	20
3	0
179	3116
119	297
4489	534
344	0
49	0
792	0
306	964
2807	0
0	0
6	19
234	1859
0	0
563	248
79	0
0	0
1	51
0	127
651	1805
0	191
1819	1638
16	0
135	169
7	0
29	0
39	1
12	1
40	2
233	549
48	1
304	10
46	0
16	0
0	24
100	186
4	110
90	13
392	45
36	371
390	198
85	298
123	0
64	40
216	17
139	436
6	1
147	3
46829	61
1887	6
39	0
24	0
11904	3
13	0
0	0
0	0
4060	475
21	186
169	287
294	108
2	957
27	3491
12	1096
62	253
387	398
127	0
28	80
292	462
66	1386
0	2
8	232
5	217
158	29
1431	7
509	0
14189	0
24271	590
2507	1210
2879	1006
37	21
2	220
246	0
456	105
257	0
968	55
1276	122
0	0
673	114
0	0
28	77
0	0
302	0
358	2
136	124
9	0
742	111
100	51
46	10
72	1358
11	220
1985	0
1510	1
270	0
505	10
0	0
0	0
70	0
1	9
790	127
0	0
0	8
8	1
7	6
19	1
252	6
217	6
2075	617
1745	141
82	0
290	57
0	0
36	0
0	0
0	0
159	239
94	3
148	2308
54	180
92	296
0	0
110	996
19	6
759	625
1	0
3	8
4	0
0	0
1	0
0	0
4	0
0	243
187	403
180	375
51	804
286	45
2139	336
140	7
377	4
117	1144
234	0
339	12
0	0
524	89
298	0
0	7
0	0
0	0
0	0
0	0
0	0
82	13
1437	6
1313	6
48	458
1965	542
47	22
628	35
319	143
2	333
0	0
13	704
0	0
17	484
500	1843
0	96
1	0
1083	1138
804	0
0	0
33	151
0	0
8	687
137	1905
24	167
57	71
0	0
0	0
0	3
146	344
6101	460
724	10
47	0
0	0
25	28
532	8
88	0
0	0
351	200
216	9
314	199
395	1028
91	0
66	50
389	303
107	21
0	0
129	163
0	0
61	0
284	0
0	30
0	3
0	0
4873	26
192	0
15	185
0	0
0	0
59	2085
0	0
0	3
1	55
0	0
55	56
282	89
6	0
18	242
5	0
116	770
0	0
37	195
544	192
576	124
15716	2
8891	5
321	77
80	308
21	0
15	277
379	97
0	0
119	361
152	336
21	36
83	13
14	0
29	0
32	21
18	0
0	0
25	2
220	1
5	0
7	0
2	182
33	0
0	0
0	0
115	974
2041	29
11	236
419	33
2	0
166	11
3	50
28	0
94	31
0	0
81	507
22	1
1	0
1	0
11	111
403	2450
33714	604
40759	3
0	0
1	184
281	2
48	0
141	0
18	0
0	0
0	0
33	128
120	435
9	99
3	0
318	8
0	0
243	0
541	31
382	563
570	304
9953	2
142	2
104796	7
24	6
46	31
45	0
613	0
125	0
3	4
0	160
21	333
6	110
13	622
9	26
0	0
167298	17227
207484	17230
32	387
66	853
15	2
16	354
31	0
46	318
20	870
133	0
731	52
395	280
62	23
1	626
111	521
170	0
245	304
0	0
35	6
0	0
0	0
0	0
169	6
1	6
0	1
0	2
1	0
0	0
26	115
175	6
5	186
360	668
0	251
1487	0
382	170
189	0
125	217
0	85
15	45
8	0
49	44
463	961
53	0
927	0
0	22
30	180
56	491
4	544
87	9
27	38
8	188
4	73
6	14
0	0
1231	1013
364	149
432	207
152	3
40	569
1	5
85	224
0	0
24	206
0	977
35	186
16	419
45	624
1372	245
0	0
20	121
0	0
21	70
21	0
414	0
1996	130
0	0
0	0
0	0
24	0
29	2155
3500	0
3	875
49	487
67	60
604	226
182	82
0	5
531	1211
74498	24
368	5
50	307
0	4
138	300
7	25
0	13
0	8
0	2
66	173
0	44
0	0
10	0
10	0
0	0
46	27
0	174
31	14
32	799
120	0
1	0
0	0
4	184
0	12
129	148
1253	4
76	0
466	516
609	1360
2	0
224	30
348	1
162	0
139	0
0	28
0	0
4	1140
221	430
261	1
32	805
2	0
130	157
2	558
165	2
61	0
14	24
7	738
6	263
114	20
1446	1
14	267
14	521
152	0
514	0
237	82
546	74
25	290
300	0
2	0
45	185
0	0
3584	764
11705	789
421	34
520	13
10	175
0	0
288	53
16	120
0	0
16	0
77	2302
0	0
0	0
2	188
0	7
86	0
127	0
224	298
137	666
139	378
3122	706
0	0
94	0
2	0
5	108
71	0
1272	14
170	0
126	0
561	0
66	290
0	0
133	0
118	224
676	205
224	292
5	5
557	60
26	0
142	6
0	0
1	0
0	0
1140	429
0	306
0	0
0	0
3	50
1	39
1832	1424
0	661
0	139
333	1616
104	272
1669	0
22	108
0	1
2	2
0	0
0	1561
0	1
0	1
11	2194
0	13
289	0
0	0
0	0
0	0
1093	292
2	104
554	423
1331	0
104	0
4	26
233	20
0	2
156	723
0	0
0	0
210	37
0	0
0	15
0	221
0	0
0	0
0	0
0	104
0	0
9	1
5	450
115	28
3	21
963	520
91	6
0	0
310	31
1	0
0	1
46	26
35	124
98	0
99	12
133	660
644	0
79	18
127	1067
0	12
54	0
0	1
44	1
11	225
0	0
0	0
0	0
0	0
0	0
0	0
2	0
0	0
1	0
22	0
5473	2673
21	999
0	0
39	329
1034	86
673	0
429	4
396	11
83	56
0	0
1201	0
301	525
549	186
0	33
214	1088
1	18
66	253
15	75
4365	0
76	1
191	35
0	0
1	686
2	14
15	216
0	11
0	127
0	21
51	1237
72	195
0	0
2	78
0	0
45	0
142	67
78	510
27	169
143	2441
4	62
0	3
1923	592
14	645
2	11
4	293
1	2
0	0
0	0
0	71
0	0
0	0
0	0
637	263
0	0
0	3
0	59
0	13
0	0
0	0
615	712
4	0
77	294
320	2201
9	24
3	275
0	0
70	18
945	0
0	0
62	0
23	1110
0	0
0	132
91	164
149	119
230	156
0	0
465	0
43	1012
11	1082
1	611
1	0
6	18
8	414
60	0
47	0
0	0
159	677
1	8
0	47
264	1
477	0
0	0
48	25
281	666
419	160
0	11
0	0
119	0
3993	0
220	1225
12	90
0	298
55	71
268	0
195	2004
623	0
176	0
0	0
69	3
0	24
0	0
3	839
240	0
0	0
326	847
34	0
121	8
20	435
0	2115
0	0
57	2
41	30
21	688
55	0
15	190
0	0
0	7
0	95
257	86
209	229
0	0
508	758
260	40
14008	661
144	0
365	179
0	0
0	0
956	1695
25	189
0	88
0	0
2	7
2	3
5	1
373	242
123	126
0	0
7	1
0	0
292	0
5	0
0	0
61	0
5175	163
0	1
312	162
7036	0
1035	0
1620	492
0	92
256	0
278	0
0	0
0	881
3	1
0	0
0	96
1	1307
1	285
547	172
1	55
0	21
242	4
0	0
6	201
202	445
4	359
3	127
117	159
49	0
0	0
0	3
259	413
47	37
0	0
67	225
218	5378
0	0
0	0
0	0
57	2
0	0
1282	289
1631	1212
36	234
0	0
1842	64
250	408
291	0
735	0
6	0
11	606
57	549
0	0
75	5
137	0
0	0
204	435
1121	147
381	333
433	774
1137	0
0	0
362	0
91	391
52	139
0	7
0	0
19	28
291	844
88	137
58	204
33	630
3	408
142	127
112	0
20	310
1072	0
37	1
0	0
3	0
37	212
437	7
344	31
872	119
85	121
431	21
1494	26
437	11
0	0
0	0
463	24
642	953
132	0
130	594
563	0
266	0
5	3
0	0
0	34
0	0
0	0
117	7
1036	88
939	0
662	28
0	0
0	0
72	0
3	0
1	0
0	0
0	0
39	0
0	0
1	101
12	71
21	3144
5	109
161	1
3	62
7	2
1	350
0	0
46	161
7	31
0	0
83	7
0	0
153	24
218253	948
16548	935
0	0
0	0
12	216
0	0
502	1229
94	144
20	426
33	518
147	0
98	0
1151	507
0	0
0	17
277	198
23018	0
9	368
733	255
0	1331
1	33
71	211
115	443
86	266
15	205
10	1
0	0
0	0
2	0
0	1
0	30
19	0
0	225
31	172
46	0
5	9
2363	456
8	76
0	0
147	89
13	15
15	0
2165	0
7	7
0	0
35024	726
1	199
25	468
1	152
0	0
0	0
0	204
0	0
0	0
57	611
2	150
0	35
0	8
0	2
1	0
2	0
65	35
85	338
593	548
0	0
24	9
2	658
0	0
11	293
10	306
0	0
84	1045
0	17
0	11
1	0
0	0
0	0
0	0
0	0
6	283
0	0
0	25
260	1
160	260
452	2
67	76
703	1184
2031	644
5	66
10	32
0	29
30	123
0	0
0	0
0	4
0	182
99	0
0	380
41	0
4	18
0	541
0	0
0	0
0	0
177	4
0	0
672	402
1	940
0	0
0	0
0	0
0	0
29	16
220	256
1	1
2143	2
119	0
194	0
16	41
105	0
0	0
224	0
477	64
37	0
56	133
0	0
10	252
1	4
463	0
0	0
1	100
54	587
36	1
84	365
0	0
156	31
13	36
2	19
34	276
6807	1
6682	8
127	0
521	0
154	19
207	138
0	0
0	0
0	0
946	1
6	605
1530	149
1	91
241	10
130	0
62	1
106	1692
0	30
4	14
768	505
1	0
1	0
178	1285
1818	740
0	0
0	0
4	57
0	0
140	1494
31	34
33	416
14	460
0	0
0	4
153	470
40	12
130	72
0	5
0	0
34	499
287	12
216	0
554	0
45	0
0	40
107	298
0	0
609	89
842	1372
4	387
0	13
27	5
4	133
18	368
394	342
348	101
191	523
5085	0
107	2
7	15
7	220
0	0
0	50
0	8
5	15
2	2
1018	16
439	281
480	31
130	2
251	6
634	69
0	0
0	0
0	0
0	0
0	0
2	0
117	4
148	6
0	0
1	16
1	0
1302	90
964	16
887	1357
44	0
1059	1234
82	226
212	107
214	1749
20	1
0	0
58	38
156	0
147	3
0	0
104	3
57107	6
103	153
32	20
12	105
0	11
0	21
0	1
16	345
0	21
0	0
191	368
1713	807
5	319
0	433
223	7
35	468
1	0
34	0
10	101
323	0
20	60
10	56
1	0
1	0
0	0
0	60
2	28
18	285
0	13
1	16
0	0
132	364
827	0
93	0
99	15
464	5
235	0
1212	147
497	0
15	1
21	0
55	0
74	0
0	0
0	0
1	0
2	7
236	37
151	0
256	0
146	19
15	0
903	0
879	86
256	0
429	0
291	1900
7	90
3	0
0	0
1	1
55	16
14	141
622	0
22	2127
150	397
122	233
11	1096
2	0
0	0
0	0
0	0
68	84
544	255
1	121
11	15
2472	2
198	0
4	0
0	0
180	0
10	156
10	90
66	29
385	18
15	2
1151	75
6	105
21	60
12	0
0	781
28	49
0	44
0	532
25	6
593	0
0	8
2	1
0	16
56	121
137	151
494	398
118	0
0	6
14	549
0	7
2832	133
1	1
144	0
791	0
65	442
1	474
6492	187
778	0
122	351
1	1
27	4
218	213
1	0
2	121
316	0
266	100
0	237
3	186
5	5
0	0
1	0
0	0
0	0
12	218
263	321
9	0
2	0
0	0
443	13
252	0
18	0
85	34
0	0
79	573
381	5
11111	625
12695	1
1013	18
1	3
61	398
180	240
802	18
98	0
154	0
208	1
25	236
155	0
431	33
202	264
404	10
0	32
0	300
0	0
0	0
1035	277
41	0
1123	874
835	319
182	23
67	0
54	0
191	491
183	0
8	722
336	0
26	772
0	0
125	38
0	0
0	0
0	0
0	0
9	0
1	1
19	38
410	0
5	238
7	164
0	0
2	3
0	6
0	0
18	1
0	0
342	88
149	56
57	0
0	0
80	791
539	1852
0	0
13	77
0	0
0	0
0	0
19	936
1	21
0	0
0	0
83	0
223	0
253	830
21	0
5	65
5	0
72	55
0	1
1	1
146	0
0	3
28	2
3	2
2	0
0	141
330	1731
0	0
14	642
0	0
0	0
1	0
1	0
282	411
0	28
0	0
0	1
24	1255
12	0
1	58
0	0
34	1
54	0
399	0
2	130
0	18
22	1571
278	0
1	41
173	0
2	6
33	900
0	6
6931	0
13	905
0	0
10	0
0	0
451	1354
98	889
41	90
46	625
45	765
90	1086
722	381
5	0
0	0
33	289
30	13
0	0
2747	10
254	2
324	757
262	415
16	52
466	712
599	117
13	284
0	16
4	3
4	167
7	5
0	0
0	6
1	0
1481	246
689	38
684	0
291	0
97	32
161	360
2686	1920
0	64
4	68
2	1
42	93
20	343
0	39
7	0
0	2
0	0
16	18
163	105
98	0
111	578
36	0
0	0
849	21
0	15
57	0
0	1
7	198
0	5
77	583
1	28
14	249
44	174
45	569
389	0
21	214
2	62
0	0
0	0
20	0
177	0
0	0
1	0
4	5
626	40
1304	19
38	0
504	1
5048	2
390	0
240	0
222	0
544	0
296	28
214	989
243	129
3013	8
466	0
37	0
3	0
3	0
1	0
439	205
208	371
33	147
142	182
11	244
63	11
2058	1504
53	0
154	392
126	0
44	523
0	0
2	36
1	0
51	0
183	40
264	123
14	0
6	193
412	28
0	0
2	3
28	535
3	16
0	21
23	5
0	0
197	1137
0	0
44	174
262	65
48	707
43	63
0	6
0	8
0	5
2	194
0	0
0	0
35	36
39	220
119	1934
0	742
60	66
92	8
99	74
19	7
162	639
0	0
1	135
89	756
0	0
1881	109
30	15
0	0
2	308
0	0
4	14
3632	69
2	0
0	0
389	78
5689	1387
444	543
0	0
28	0
89	42
41	1004
162	41
8	281
0	0
4605	879
42	0
148	7
127	3565
8	0
68	0
32	0
664	3
0	0
94	0
833	469
0	0
44	0
3	217
427	353
620	0
0	0
0	1
15	73
10	70
151	340
0	0
9	108
0	4
0	0
1	6
29	207
10	0
137	488
0	0
62	5
292	203
2867	2
965	306
0	0
19	116
4	321
0	0
0	0
247	10
1042	86
12114	0
28	2
717	1635
28	0
4	0
3672	1192
280	71
292	80
5	0
2	170
161	118
4	14
0	0
0	0
5	0
120	19
37	1
456	577
136	2
6	201
630	0
17	764
17	479
0	10
355	330
0	0
0	0
20	27
2	450
0	0
0	0
188	8
201	211
315	156
0	4
251	100
9	439
0	80
26	671
0	4
0	1
0	0
0	0
3	16
127	0
142	507
18	69
626	566
0	0
1	0
3	0
102	0
153	0
155	1154
18	0
183	0
0	297
10	405
0	0
0	0
126	833
651	0
564	0
1101	0
38	0
64	0
627	17
0	0
0	35
0	4
280	11
95	910
31	1
419	85
7	457
244	443
60	51
355	309
45	0
0	1
0	5
560	97
25	145
0	0
944	81
2417	6
741	0
522	1441
6	3
23	10
0	236
0	3
0	0
8	73
0	0
233	396
0	0
69	0
480	26
286	0
490	115
709	243
68	0
217	82
5403	36
13441	36
173	143
72	72
88	0
224	556
241	93
65	0
79	32
221	19
3	344
133	0
89	40
1	57
0	0
0	0
0	15
3	9
0	305
0	0
17	0
539	1209
163	0
440	95
225	315
49	97
366	287
6	140
5369	6
0	51
9883	165
85	0
0	0
76	0
446	0
0	0
1	0
12	495
0	33
1	0
0	0
1	75
13	350
7	6
434	349
44	152
479	97
0	0
9	0
404	961
3751	4827
0	0
1	622
1	6
0	52
3	0
1	0
0	0
0	0
16	63
14	0
0	0
0	0
0	0
0	0
44	0
0	0
0	0
0	91
243	3
2	0
0	98
35	273
72	143
49	1152
1	250
0	0
0	6
1	238
6	264
0	85
1	0
230	7
1	2
2	7
232	0
139	0
662	229
13	2
37	228
0	0
75	0
128	117
1427	42
151	43
11	286
0	0
2261	333
5	201
1	0
0	1
0	0
2	68
152	548
108	1043
411	0
600	0
87	0
0	0
619	1380
0	16
0	0
18	330
0	7
241	292
0	4
171	454
19	114
213	41
473	8
57	224
14212	4672
19	216
0	21
0	90
0	2
0	0
477	0
42	263
0	2
0	0
6	0
0	0
0	0
25979	319
219	146
33	0
4351	1
689	0
663	1521
212	0
1	0
130	24
0	432
0	0
2	31
77	0
1400	0
0	0
0	322
0	0
5	307
0	0
0	0
9	213
3	0
0	0
0	0
66	39
1	0
141	177
238	115
0	340
13	188
1	26
19	4
0	43
100	642
367	228
55694	3
157	413
17	1
7	89
50	384
32	95
0	4
50	1171
8	25
2	1261
1	125
37	224
252	168
0	0
26	0
8	117
0	885
80	1659
447	5
513	314
256	0
47	107
72	52
100	173
5	1176
5	2
0	0
3	95
0	0
1	0
138	402
37	0
1	12
133	657
41	121
0	0
0	17
21	38
12	245
0	0
0	64
0	313
92	508
0	27
0	0
3	0
420	725
96	0
98	0
77	0
2	99
910	28
81	75
29	391
0	5
61	278
0	7
0	10
9	33
9	25
0	5
2	237
4	304
73	33
279	0
12	234
236	0
21	784
359	3
416	2105
2	173
0	0
3	0
4	546
0	299
15	1282
0	0
0	0
3	0
7	403
85	33
20	185
2434	1
32	112
145	5
270	93
3	0
32	894
16	232
129	104
234	93
204	157
434	473
1159	0
68	630
0	8
0	304
1	35
81	110
74	101
0	6
31	5029
3	1
512	151
799	1572
68	101
38	666
489	1162
103	44
66	924
83	0
176	265
542	470
0	7
0	0
12	1
1	0
1	0
14	166
0	20
1	36
0	20
0	165
0	0
0	0
43	735
1	100
662	390
1343	422
19	0
0	0
576	1028
1	0
5	3
1	0
0	127
2	43
0	54
1	2
5	344
0	0
0	2
0	152
254	0
4977	989
109	115
1	327
122	31
28	118
0	0
0	60
347	748
3663	348
0	0
1	0
0	0
2	0
177	0
136	0
177	2
607	612
13	119
128	708
7	0
12	0
12	1
11	1401
1472	667
166	721
190	0
137	1658
1	52
1	3
9	139
26	252
1	1
172	73
16	17
40	0
124	123
64	0
0	0
1	102
214	70
599	224
0	0
391	156
10	83
116	0
41	0
3	602
449	852
160	17
996	0
346	201
220	63
3	828
5	0
9	290
11	0
6	936
0	0
4	0
3	376
3	5
1	72
130	630
6	428
169	48
2	12
26	60
23	33
34	0
0	7
83	0
1	0
784	57
190	0
113	163
271	96
40	312
10	736
2	0
0	94
4	6
0	0
2	3
0	0
0	0
0	0
40	95
0	0
617	312
56	617
1	84
466	16
0	5
5	188
0	1
221	0
94	663
178	55
2	9
42	188
8	139
1	246
0	0
0	0
164	0
8	164
0	28
51	3
0	1
28	118
10	87
0	103
126	1495
25	0
2	405
98	1771
0	0
204	11
514	0
885	198
11	18
48	35
52	0
1	10
0	0
0	0
0	5
0	0
0	0
40	567
17	233
576	428
133	508
0	1
0	0
0	7
0	648
142	54
1	0
194	0
6	64
0	0
16298	538
258	0
1730	926
1419	1087
97	179
0	0
10	104
0	0
0	3
568	4
0	0
22	28
0	0
0	1
51	1117
2	9
688	1737
103	154
0	74
45	109
225	393
341	1035
996	0
183	2072
35	4
37	10
3	102
64	187
187	534
0	0
0	0
0	0
0	0
34	0
11	0
0	0
0	0
6	0
0	0
14	1099
1	0
55	117
113	293
3	1326
98	248
936	1735
0	92
163	0
19	80
8	31
11	266
0	119
0	0
0	6
0	0
142	341
483	721
42	88
874	132
189	1
43	263
2786	20
137	81
4	29
0	0
0	0
4	90
0	0
0	0
41	4
2	285
32	988
2	181
0	308
3	1
80	78
2	18
24	98
0	0
0	0
0	0
413	0
0	0
0	0
2	2
7	274
3	0
0	0
3	27
392	471
26	0
24	28
194	165
0	0
20	0
7	0
9	0
428	0
101	60
1	78
1	0
18474	0
35648	6
12880	3660
37396	3737
10139	17
19963	5
0	0
0	0
6	781
0	414
573	824
1221	10
1	0
0	0
17	810
1	1
0	27
40	6
0	0
1	510
46	797
5	0
0	538
80	382
5	2
7	631
97	0
635	977
190	1867
0	1
0	0
29	0
0	0
396	149
359	235
89	131
1735	1
4	75
1	122
354	3
1106	394
340	161
2	0
1738	177
185	237
980	76
620	0
201	396
503	1182
12	0
45	58
35	167
1068	3
1502	323
401	0
531	738
77	2
8	7
0	74
2	503
0	0
0	0
0	0
0	0
240	523
0	19
124	318
4	182
22	451
0	6
0	11
8	414
15	193
158	540
0	0
11411	796
0	0
0	0
0	1
0	2
54	497
0	3
1159	0
31	100
38	5
0	0
185	407
1	712
0	0
0	0
0	1140
10261	200
125	352
187	173
110	588
18	8
27	1028
0	0
67	24
0	0
3	0
13	189
301	58
161	0
53	1226
115	0
26	0
2	2
0	0
0	0
16	282
1	0
74	0
83	12
321	280
712	620
719	0
345	18
2	0
157	0
277	64
485	1
196	11
45	0
106	0
25	0
581	394
0	0
0	0
0	126
4	0
0	0
928	28
0	0
395	163
149	171
32	855
1	95
23	0
0	82
1	75
0	0
42	0
386	64
1	0
0	0
296	12
28	1
0	21
1291	0
1619	0
51	1113
0	0
25	326
6	1
0	1117
76	1511
23	917
101	1209
276	1100
29	248
0	0
3	33
34	544
1065	418
0	0
0	0
0	0
0	0
0	0
0	0
106	49
0	0
0	0
0	0
29	101
11	1417
0	0
0	3
5	125
18	243
1	208
10	125
29	371
0	0
87	292
1	1
0	0
38	138
0	0
0	0
0	113
264	81
5	148
30	0
0	0
0	1
1187	252
0	0
1	0
0	1
49	225
603	263
98	715
249	459
30	0
0	0
6	1425
8	632
144	1719
153	125
229	0
0	3
0	0
742	584
245	46
155	20
1	0
12	0
36	19
55	1
67	3
59	603
4	6
0	6
31	0
40	0
0	0
0	0
82	27
53	3
6	0
80	9
9	0
46	0
13	0
23	0
0	11
15	0
0	62
0	2
0	68
4	68
0	11
48	27
44	165
1373	1
265	1
409	14
8	152
160	139
106	0
144	256
157	998
442	23
0	107
111	141
57	0
206	0
0	0
107	0
0	0
0	0
0	0
0	0
0	0
0	0
478	0
1011	435
0	0
0	0
0	0
0	27
529	1516
68	0
207	0
0	0
286	2329
0	124
124	17
0	0
41	1225
8	561
0	0
107	734
225	219
217	40
204	68
1065	18
1106	1
93	179
1	1
0	15
0	25
12	345
36	39
2	14
0	130
3	0
8	8
242	0
473	194
0	0
588	38
258	36
78	48
296	48
438	48
10	620
5238	0
170	134
18	268
97	319
2	0
6	0
111	683
0	0
0	0
0	0
0	0
3	363
6	145
0	0
0	33
0	42
0	0
0	0
164	0
250	0
244	0
150	1
59	452
183	0
1	8
44	910
0	8
32	289
31	0
932	139
37	473
67	61
7	0
41	0
336	1023
7	16
0	74
0	21
14	1924
10	26
0	8
6	1282
14	201
51	23
38	110
0	11
10	193
6811	0
0	0
0	0
11	1
360	97
215	0
221	41
3	81
39	292
653	698
9	96
16	17
0	3
18	1583
1	5
112	0
4965	65
40	451
84	1802
0	0
0	62
1	2
2	0
50	145
0	4
0	0
10	0
819	0
116	0
292	299
13	0
0	0
5	0
128	805
8	15
1	0
0	0
6	76
271	0
0	232
0	2
114	98
0	41
37	142
1	32
184	456
0	26
12	300
0	0
175	0
3	371
69	33
42	352
47	266
0	213
4	157
0	235
0	0
1	55
692	538
54	1030
1078	1100
50	40
236	36
138	479
26	33
0	16
3	165
7	2
64	202
156	0
22	11
6	659
16	480
0	0
43	622
761	340
823	340
88	404
5	21
43	20545
15	1234
18	1098
5	29
0	0
0	0
24	482
2	182
113	280
8	336
77	75
0	0
30	870
6	1
6	106
0	0
2	157
7	73
1	178
0	11
0	41
74	804
112	67
282	303
184	0
134	5
18424	18
6	0
1420	9
97	1066
0	47
2	89
19	6
1073	272
16395	418
1	3
2	214
0	0
0	35
0	0
5	41
0	98
30	35
7	63
10	38
9	1339
5	177
4	166
1421	853
7310	65
139	54
236	0
751	399
2	0
18	70
0	8
0	52
24	58
3	2
98	0
465	4
16	63
2	84
94	182
0	0
8	20
0	0
0	617
35	785
56	1338
50	11
198	1029
211	382
5820	227
2	0
0	29
32	869
15	82
82	457
0	3
0	30
9	47
531	302
206	2
5	0
529	30
6618	8705
8	443
34	37
0	0
0	0
0	0
0	130
17	747
0	81
46	32
874	0
259	14
1208	133
2	0
0	0
0	0
954	74
320	0
25	0
295	230
0	0
535	5
6640	116
8	0
5	288
0	4
0	3
0	0
5	35
0	0
26	206
0	0
0	0
17	9
4	0
3	0
0	32
130	4
986	47
12	168
459	301
0	0
0	4
1	0
10	263
83	622
4	0
1226	305
209	707
4	41
0	0
0	0
557	987
0	69
0	0
0	0
0	0
0	2
334	739
1	2
235	1260
2	4
10	609
0	4
253	99
6	106
4	312
94	177
3	13
0	0
0	40
0	3
5	690
256	175
39	51
197	277
20	106
116	20
2	96
7	0
2	144
3033	269
348	1
0	38
101	275
100	76
1757	3527
0	0
27	391
1	52
0	5
12	73
1212	74
1	106
0	0
0	0
0	0
0	0
0	0
0	0
0	0
0	63
2384	2
0	0
689	360
129	146
144	697
211	29
25	0
263	0
0	44
0	91
3	420
6	0
10	38
91	345
2	1
92	34
0	0
0	0
0	0
0	0
0	0
33	9
358	845
700	596
24	6
0	0
54	17
0	5
1	30
0	26
264	291
1	5
2	17
83	0
3084	0
1808	178
4	21
575	801
229	70
34	0
2817	0
534	0
89	0
52	0
20066	742
2057	49
0	0
0	0
0	0
0	0
206	143
4	0
167	12
457	555
0	53
45	407
177	0
905	318
1037	856
2095	1053
0	0
0	11
1	2
0	0
5	0
0	18
1	1
0	0
0	0
242	197
0	0
97	1218
15	18
665	303
297	29
71	0
118	31
1	249
63	870
0	0
4	91
0	0
0	0
2	0
0	0
34	862
6792	12
159	17
62	122
47	0
6	485
319	588
0	0
25	1
0	1
1068	9
2045	191
979	620
157	6
143	348
78	12
931	199
44	0
0	0
0	0
0	0
99	5
41	204
1	57
249	0
250	171
26	20
717	1733
5	8
1	0
0	0
35	336
3	419
328	0
506	0
0	0
3	1248
0	0
7	70
0	0
21	276
287	0
169	3
3	1
0	7
1	33
1	7
0	0
0	0
0	0
0	0
0	0
143	11
33	6
243	0
161	10
692	17
336	1
39	575
0	0
1	0
0	0
2	30
12	14
0	0
0	0
6	0
114	812
0	0
184	1
2	202
0	0
2190	1
62	44
157	0
485	308
1419	33
5	128
80	0
0	0
17	628
191	6
30	2
1754	70
0	0
0	0
0	0
9	41
0	1
431	711
409	0
136	26
0	5783
89	331
0	70
373	203
381	16
0	441
0	0
39	67
19	44
0	0
7	357
0	10
0	0
17089	2624
1	0
0	0
0	112
0	0
44	148
17	371
2	65
4600	549
845	0
9413	1
12	0
52	1
5	5
35	836
0	61
0	0
0	0
0	0
32	1067
0	39
169	595
0	509
459	141
8582	681
31	0
49	259
0	8
0	0
1	27
19	23
3	62
112	194
1030	1387
114	0
66	40
0	0
0	0
0	25
12	95
120	966
6	578
0	0
0	0
91	22
132	306
52	75
39	494
0	21
9	9
195	0
200	144
1	0
413	71
3	1180
0	0
2	39
74	1520
0	0
0	0
4	1
0	0
2	1
0	0
4	1
6	0
310	0
340	173
99	0
89	0
21	27
7	34
9	188
33	372
22	469
0	0
120	810
159	101
203	0
353	338
2	2
1	41
0	0
0	0
5	421
13	96
0	0
70	182
62	0
111	0
2980	1
2785	0
203	1588
0	0
12	3
582	1
11	13
2	4
0	0
0	0
54	27
35	0
102	60
12	457
1	0
0	14
0	0
0	0
6	0
132	40
123	490
126	3001
31	494
308	154
7	3251
7	641
668	205
0	86
511	2109
0	17
425	219
0	9
11	309
5	0
1273	139
78	153
375	32
6187	869
0	149
2	4
5	0
405	2
11	35
0	1
15	18
748	234
49	455
2	1
0	1
37	8
546	0
1	104
23	493
14	710
0	0
48	254
3	0
40	0
97	0
80	0
251	0
0	0
0	24
92	2590
0	4
0	0
161	114
189	6
405	22
18	1388
15	0
0	0
0	176
0	0
129	0
5	148
6	1373
101	151
1	14
0	30
9	378
33	48
12	774
5	112
15	1196
1436	0
165	0
246	259
12103	1
93	1
77	55
241	12
612	6
0	74
784	2
382	8
2	9
0	0
526	80
0	0
39	385
0	3
0	0
2	0
3	0
15	197
171	892
6	1146
134	485
219	215
0	44
356	31
599	37
13	609
3	196
55	12
3	19
0	0
1768	265
0	0
3	213
210	307
26	2381
1	882
318	13
0	0
8	797
4	0
2	66
26	602
0	0
0	0
14	0
40	129
24	92
153	505
64	439
0	13
0	0
0	29
16	327
364	231
125802	198
49750	195
66	26
775	0
149	27
111	91
29	99
0	0
0	1
0	0
8	45
722	768
4	370
378	104
31	526
53	994
304	0
691	127
0	6
170	0
1079	5
7	0
61	4
68	1434
22	973
1	87
2	31
1447	0
48	452
0	33
0	0
1	9
0	0
0	0
0	3
0	0
76	55
73	150
160	30
6	324
166	0
1767	52
441	0
0	1
1948	1
370	0
0	0
1	5
78	44
104	1
441	1098
0	222
193	139
83	0
3965	28
0	0
5	0
0	0
0	0
11	18
29	77
39	90
424	502
38	11
2039	992
1687	1
76	191
7	226
181	0
0	122
0	0
18	0
5	50
468	109
737	1253
0	0
0	0
3	454
6	292
32	425
29	0
120	39
310	192
35	6
58	167
1	1639
14	177
33	70
37	1
0	0
0	6
4	6
5	174
1	0
44	3
1271	1219
28	0
37	0
0	68
0	0
0	7
31	931
12	62
355	0
0	692
0	0
0	0
0	0
0	0
3	0
0	0
1	0
0	0
120	144
321	0
526	62
1984	2
2590	23
594	219
470	140
352	4
8	271
0	9
5454	16
3569	3
66	0
3608	0
239	410
9	159
195	389
994	1
0	0
10443	1249
295	0
113	2
8404	2
246	2
10	13
8	23
0	0
1	736
0	0
1	0
205	529
179	0
315	1333
35	205
0	0
300	0
1541	616
204	41
3436	425
4763	453
1	63
2477	115
1	20
14	43
31	423
0	669
947	744
84	0
149	322
0	11
653	304
124	0
248	0
121	530
0	0
0	0
23	868
0	0
8	0
1	0
0	0
82	1754
13	91
2	0
13	0
1	1
0	1
14	402
0	0
0	1
0	0
629	123
2	5
0	0
0	0
1	34
24	37
96	1
721	0
0	1
464	207
41	0
6	0
2	0
36	1100
1278	953
52	0
2	0
624	155
201	26
0	0
821	57
218	1
0	111
1	106
0	0
0	9
0	0
1	0
0	0
0	2
10	0
0	0
5211	5
4035	14
1	13
1960	223
202	0
451	3
0	0
0	0
0	269
5530	183
5	54
0	0
0	0
6525	89
161	3247
229	0
346	1438
237	6197
3	2
25426	5
14	88
1	0
37	334
0	43
543	0
1728	112
109	112
8	103
69	5
642	0
12	0
0	0
2	0
8	1
0	13
0	2
0	0
0	31
0	77
23	836
39	492
14	0
210	701
496	530
359	112
0	0
7	1
289	200
1249	114
3	0
52	189
0	104
139	6
0	0
42	180
99	43
83	466
40	273
44	0
2777	83
135	172
4	839
0	21
196	27
0	62
268	28
19	274
29	64
24	89
0	0
5	10
0	0
0	0
0	0
58	124
0	0
516	2
128	0
0	0
0	0
457	21
1	0
1	0
2	0
57	2388
0	1
0	0
0	0
516	235
30	0
103	6
48	222
3	0
1	0
0	0
0	10
0	22
2086	0
29	122
248	328
0	0
37	174
501	74
50	49
0	0
194	0
5	2
0	0
0	0
0	0
0	0
4	6
286	903
0	0
1152	52
131	1033
73	229
371	80
227	26
64	65
13	0
0	10
276	354
120	3
0	46
470	18
9	281
1	2
26	17
0	0
23	54
49	47
44	103
0	0
50	0
130	3
0	0
0	0
0	3
19	2
0	0
0	0
0	0
0	0
0	0
0	0
354	225
48	10
2	0
126	407
0	0
33	1590
45	89
2	0
53	780
2	114
0	0
0	5
10	1097
1325	511
295	639
4	4
4	126
431	593
14	61
0	1
0	0
1	5
0	0
0	0
0	2
11	4
182	210
0	0
0	0
3	752
0	0
6	3
887	7
0	0
25	1253
2	19
166	23
132	1163
0	0
640	33
15	22
4	1
381	23
113	150
667	313
93	5
4	396
72	323
7	63
19	2468
46	197
1413	0
134	285
300	0
65	122
0	64
1	0
3178	94
25	24
374	0
376	0
330	0
520	0
4	9
55	666
21	31
0	0
434	1035
1	0
46	541
194	37
6	368
45	76
956	24
73	1
292	226
416	4
52	1766
64	0
310	52
48	68
233	38
0	0
14	758
224	0
59	0
1997	63
3540	287
436	1
0	0
234	72
18	32
365	18
28	299
2	5
0	15
2	24
60	1
63	0
2	0
9	64
264	42
0	72
1	213
0	34
0	0
473	155
1288	4
467	1
201	6
2	1078
0	888
23	81
0	0
23	832
2	204
0	31
3	23
0	7
1	7
0	0
0	0
1	27
2	0
0	0
0	0
2	0
0	2
590	0
272	0
0	0
270	170
10	172
858	34
28	175
888	1196
826	0
123	92
74	36
0	7
749	924
0	0
21	1
686	0
54	0
0	227
182	250
6	128
0	0
1093	716
14	0
30	0
302	0
216	0
0	27
623	2934
568	86
159	0
102	0
29	412
1130	234
1	17
0	0
0	0
0	49
26	9
0	0
0	0
159	0
0	0
0	0
0	0
15	665
5	643
137	1
87	0
317	152
18	0
3303	1248
117	0
7	187
729	8
333	58
384	420
533	16
482	126
223	101
401	5
2	4
6	155
318	34
24	497
2	5
63	89
269	37
0	19
23	353
0	26
0	0
2	0
12	61
22	290
4	9
56	285
9	13
0	0
0	0
5	22
55	26
270	873
263	0
39	4
10	294
0	0
4	117
96	1421
0	0
227	10
306	27
278	0
0	0
4	574
114	103
0	0
819	24
7	53
83	11
3	2
1	3
356	749
268	152
0	10
1304	17
10	58
1	10
9	3
99	29
0	0
0	0
248	0
9	9
2035	794
245	0
0	0
0	0
3	3
237	1374
0	20
18	2874
7	90
2	15
3	310
0	0
4	0
0	62
0	0
39	188
0	5
2	5
4	50
1	76
1764	0
6	0
251	0
3	0
2377	82
236	0
2	7
160	708
577	38
0	0
110	390
1493	230
0	0
0	0
10	3
28	0
0	0
258	0
0	8
166	255
952	374
186	0
522	0
185	2
103	155
352	228
220	221
2059	0
297	471
353	262
478	2416
23	1819
745	974
49	15
158	0
23	365
14	176
0	0
974	0
0	0
0	0
25	838
0	0
53	267
1018	890
64	156
159	361
1323	120
18256	7
38	30
239	191
0	0
363	0
401	899
199	0
77	0
81	53
191	660
1	0
59	102
133	0
157	15
0	0
52	1332
26	426
1	428
0	86
2	0
16	102
1927	0
71	0
140	34
35	197
48	1072
0	3
339	357
65	0
160	0
756	417
503	0
9	47
2	6
17	632
2	88
2	7
154	665
17	417
1	87
448	409
0	131
2	80
0	386
1	56
64	1366
0	14
377	1487
186	552
0	0
116	235
1	3
87	202
114	4
2	294
0	0
0	0
1	0
12	508
30	21
0	2
5	457
371	154
0	0
9	202
0	1
22	1
1321	0
287	1856
150	1159
343	219
68	1258
37	199
32	44
15	664
481	1523
11	278
944	220
72	164
0	211
0	46
2	2
0	24
3	220
189	0
69	1
5	0
139	345
0	1050
451	1071
0	7
0	0
20	856
74	0
158	23
421	427
1	0
37	945
2	215
581	2261
145	114
4	616
130	0
319	0
8	23
25	705
551	605
6	3
0	21
0	0
35	42
0	1
3	25
1149	187
14	32
0	20
30	22
110	76
2	17
79	356
397	320
45	1035
59	144
98	429
79	2539
119	236
165	225
165	479
4195	0
39	136
212	130
213	0
115	0
197	254
192	0
336	40
0	0
2823	0
381	2
0	18
0	3
40	987
26	115
26	43
252	0
926	0
5806	535
404	0
1	765
2	202
1	541
0	0
0	0
0	0
0	0
11	1
1	628
346	753
0	0
47	3
6	2
4	276
3	86
401	1133
140	667
515	0
302	637
69	0
0	0
42	290
0	37
937	120
199	234
333	1037
265	27
0	0
0	0
8	9
652	4
5	50
37	48
1	19
5	333
41	390
27	0
0	0
0	0
0	0
0	105
6	172
179	4
2	0
360	37
17	0
45	93
9	16
5	225
49	245
0	0
0	0
11529	188
0	0
7	383
0	4
8	142
2	0
0	0
4600	30
84	159
833	850
25	19
0	489
1	134
192	582
51	277
767	63
54	1201
1866	796
341	57
151	18
0	0
30	550
11	318
0	5
15	335
0	2
24	142
0	258
284	156
202	0
346	0
0	16
7	390
24	518
4	0
6	395
0	0
15	59
15	35
24	730
0	38
22	1
172	83
246	45
175	2
147	178
129	1
4	150
3	143
4365	20687
13417	20686
175887	15
27492	1
27	31
75	464
235	104
0	0
0	0
372	1220
197	1006
106	39
98	6
796	698
128	6
13	245
0	0
126	0
95	773
138	173
506	0
94	1
36	183
1965	0
11	0
0	11
405	449
1076	0
0	256
0	0
0	0
3733	0
4242	169
264	80
157	53
10	19
313	7
421	632
219	436
45	41
28	348
570	0
287	0
0	0
4	1006
45	78
1	0
220	419
220	297
20	0
129	0
18	0
332	0
95	0
61	0
13	1
0	0
62	118
338	0
2	0
0	2
0	45
1	162
1	3
0	0
77	355
282	4
3	11
0	1
225	36
13	217
0	3
0	126
183	0
2	103
446	2
342	0
0	0
0	0
0	0
17	418
38	0
1	4
85	600
170	314
5	19
0	239
0	0
37	60
1	84
0	9
1	63
0	0
10	0
3	6
88	155
7	54
56	714
6	1
416	0
148	113
3	0
26	1
0	0
0	0
15	4
410	1136
1	0
11	793
37	747
405	1511
442	78
1233	159
102	2
434	0
2956	258
61	55
110	64
0	0
72	98
2078	49
1218	127
0	0
0	0
0	230
0	0
0	0
43	211
26	0
1275	0
29	0
76	0
129	918
738	364
3	18
6	0
1	0
5	1
0	0
6	33
170	1729
0	1
0	0
0	0
0	0
0	18
791	0
36	1038
343	480
7	9
122	1117
86	0
178	4
1	0
0	46
908	5
145	2262
2471	201
637	154
12	0
2897	0
0	0
915	522
67179	7
0	0
19	0
1	98
1	34
25	0
350	188
20	0
13	532
202	0
81	332
666	9
32	1033
6	78
45	499
6	32
0	0
0	0
0	0
0	0
0	38
6	701
6	835
4942	735
2	0
8	0
99	351
0	0
0	0
948	675
29	74
25	130
1235	146
357	119
647	176
82	0
118	206
15	82
0	38
371	1383
2	0
0	1
8	87
1	10
0	0
0	27
0	0
1828	26
86	1689
165	4
312	1130
0	0
1090	310
244	1737
257	215
81	66
1	36
111	0
1243	15
52	231
101	105
22	386
362	0
627	21
0	142
176	3
291	21
213	6
319	30
105	197
53	0
311	15
15	131
36	1
43	0
17	0
252	2
155	0
403	146
6	25
1210	1039
32	67
0	0
0	0
74	1427
2377	1291
2123	1025
104	0
0	128
0	82
9	48
0	0
2	2
3	36
3	1079
1	16
0	0
0	0
20	0
0	0
1	49
0	25
5	0
2	1031
2	105
87	221
0	0
203	375
24	91
831	92
245	1
302	292
758	314
0	0
940	346
9	878
0	0
9	763
0	0
0	0
153	0
28	124
349	195
140	0
4	4
26	580
245	79
61	869
10	1349
249	459
187	0
8	3
254	0
0	65
155	7
0	269
0	0
4	9
138	472
8	145
46	2197
4	302
53	0
27	296
2	594
0	26
0	0
126	46
88	0
501	236
376	840
14	30
140	1
57	25
412	0
166	0
11	297
645	64
0	0
2	1
0	56
3	0
242	2252
0	0
0	32
5	26
4435	20
2308	166
0	0
0	48
0	0
0	0
0	0
4	7
4	0
38	163
0	0
1	0
48	256
6	0
8	0
31	0
278	0
161	58
1114	4
391	301
24	89
0	0
16	681
3	5
0	0
0	97
0	0
1	152
1195	2
584	1007
1	26
160	937
0	129
31	403
1	0
0	2
2	56
0	0
909	35
0	0
0	0
2	626
11	0
2	267
121	328
5	209
2	449
2730	833
110	211
0	0
6	79
146	148
5	329
186	5
0	1
8	111
0	0
0	419
5514	985
204	5
17894	39
328	0
12	0
1	1
0	0
82	525
0	36
516	645
2	2
686	295
393	0
3	137
3	500
0	29
128	2
0	0
0	0
0	0
0	0
8	2
383	124
9	19
5	0
291	0
3	27
282	0
4	252
0	27
4	36
0	21
21	28
1	0
2	9
18	171
1	652
69	4
1167	52
497	656
49	847
0	7
354	196
0	0
2	18
904	0
403	87
171	0
7	43
499	0
102	31
194	92
1534	846
223	10
1329	340
1011	29
40	0
26	0
3172	31
292	112
156	249
1	104
0	5
0	0
0	0
0	0
0	0
53	0
107	195
0	0
0	0
2095	0
268	1
1357	0
8495	98
0	71
0	0
0	0
0	145
479	261
0	0
18	972
362	0
0	0
23	68
255	265
0	0
1674	1252
2	346
22	140
4	74
3504	244
0	0
186	233
6146	0
25	2
0	0
0	0
0	0
3	79
391	894
12	0
40797	309
0	0
262	0
67	130
19	913
10	0
0	11
124	366
195	517
487	0
0	200
0	10
4	0
223	785
1	3
0	10
32	2
1757	1
1	1
172	11
3500	474
25	144
72	856
32	417
3593	0
0	0
1	6
58	315
69	10
45	805
284	120
2242	52
308	2
0	0
0	4
367	313
49586	8
0	0
446	264
1021	1
4	0
564	157
109	920
92	37
0	0
0	0
32	163
0	0
14	0
94	0
0	0
110	387
0	0
171	653
7	115
212	21
88	368
77	0
167	267
6	0
9457	1353
0	271
0	170
0	47
0	51
6	96
60	0
431	159
25	40
233	0
325	137
358	0
55	7
1784	257
0	156
3	268
2	309
0	0
109	89
64	253
13833	609
27	571
1	197
0	4
0	0
0	0
10	369
0	7
0	0
0	1
256	492
30	553
932	527
9	194
599	0
856	8
1	349
0	0
50	66
0	0
242	261
47	0
35	1569
3	0
3	0
277	175
5	60
5	1111
0	32
2	6
0	0
38	0
0	0
79	125
296	0
5154	3
1036	35
121	14
23	299
60	54
0	19
8	43
0	0
38	152
0	2
1	377
83	535
0	327
312	269
1	57
29	809
15	0
2	705
1	0
63	277
542	4
5	1
1	0
11	1126
159	940
10	119
150	81
18	139
61	81
0	85
43	116
50	88
0	1090
1	27
2	7
0	0
0	0
0	0
13	14
0	0
57	1819
567	723
0	86
25	0
958	0
245	171
13	480
0	11
0	0
378	1
20	15
0	0
44	0
3	28
2916	1071
105	0
2	0
2	0
16	0
4	345
1	245
1684	329
51	0
0	0
379	4176
23	173
537	1
106	44
77	0
1622	0
3284	0
9	46
1602	0
124	1290
6	1034
119	3
2	19
0	2
0	6
677	320
18867	62
4	0
7241	58
583	104
1185	0
97	0
1	0
0	0
0	0
509	0
842	0
7	69
9	302
120	8
0	0
0	5
972	0
131	2
40	72
0	0
0	0
0	10
50	16
0	0
0	0
0	0
65	3
114	459
10	81
8	740
2	0
1	6
0	0
2	256
218	183
603	1112
43	0
9	135
0	387
151	68
22	2
893	0
604	6
0	0
4	342
74	104
239	87
36	2910
0	16
0	37
0	16
0	0
0	21
0	0
2	0
7	976
159	107
45	1007
1	0
0	0
0	0
528	333
0	0
0	0
1	0
10	218
3	239
219	21
68	11
6	17
2	0
87	336
155	78
554	0
656	0
0	0
145	0
23	0
0	0
1	48
38	417
200	28
152	8
788	457
0	124
0	0
332	20
0	4
0	0
0	4
0	116
0	0
3	4
1785	105
394	282
0	2207
348	323
403	252
214	1272
0	14
0	0
2	13
0	21
2	20
3	0
12	194
102	209
48	42
18	2843
78	2
6	12
7	8
22	724
0	0
1	395
5	256
9	1
0	3
0	1
1047	0
0	17
0	2
0	1
6418	47
0	1439
7	1
1	0
1	5
0	0
0	0
7	1
5	76
88	1019
0	2
3	226
76	0
77	315
35	0
11	0
11	149
3	1
125	400
10	16
759	190
267	213
0	0
2	0
1	33
92	191
134	0
1	3
0	0
11	2
0	0
104	33
3	0
0	0
0	0
54	46
76	362
0	104
243	1018
113	25
0	0
303	530
0	0
18	3
291	381
234	144
0	0
5956	108
1349	343
0	0
0	4
15	168
82	25
13	40
1	232
252	998
0	6
2767	2537
51	393
5	184
8	138
910	1
97	5
134	34
40	86
53	12
11	212
0	0
26	1
0	0
51	599
57	4
43	886
509	185
71	2
85	171
343	0
211	155
0	2
27	311
99	0
11	3
22	46
0	0
0	1
0	1
0	1
0	0
0	3
83	97
1	9
0	0
1885	48
0	0
35	67
282	872
1258	1338
7	11
16	673
2	14
0	1
0	0
1220	61
1769	54
16	136
158	276
196	3
1280	0
224	394
13	0
0	0
84	1747
0	18
3	19
0	125
0	0
2	1
0	0
0	0
0	433
0	35
9	543
182	0
27	32
311	610
279	1010
0	0
678	1423
349	0
1	0
0	1
94	119
528	259
223	223
283	96
604	960
0	0
0	0
3	0
751	0
976	1
232	0
1598	324
549	7
715	14
152	0
847	0
335	81
483	909
1370	252
273	25
18	240
241	248
0	0
70	0
6	0
0	0
46	184
0	1
0	0
82	6
160	140
1503	12
1428	158
1	0
4	0
105	55
300	0
0	0
815	529
1310	71
0	11
0	81
0	8
7	15
247	202
17	692
6	231
6	791
47	261
0	30
0	29
534	411
18	1668
41	0
0	0
838	44
12	0
2	0
2	0
1	0
2	0
2	0
6	1
149	0
817	686
114	0
162	0
219	3
871	228
1422	0
0	0
1353	0
0	0
148	0
2753	64
19	61
0	0
55	295
501	0
440	145
0	11
8	0
0	0
79	1
0	0
4	0
2	0
0	0
0	0
8	680
5	1173
0	2
1	60
7	623
24	9
314	9
22	0
408	100
156	216
615	0
29	0
75	1
11	65
5	1
40	96
101	226
327	29
28	0
9	0
3	15
54	0
3	2
0	41
6	0
15	423
7	81
0	5
28	7
0	0
22	48
22	218
17	0
148	14
30	8
1	86
1	84
13	5
0	12
0	10
0	23
0	0
3294	0
242	37
70	160
126	346
1411	0
155	288
40	542
0	0
53	263
4	96
14	0
284	4
8	0
0	1
0	6
137	608
0	0
0	0
0	0
0	0
0	0
0	0
2230	157
59	347
0	0
65	6
89	323
24	368
89	123
24	60
0	11
2	6
0	4
1	6
5	107
795	230
104	1
0	0
1	28
85	2
248	169
157	0
17	84
0	1
6779	2498
3	2
0	0
0	0
0	0
3	134
751	23
29	0
27	563
0	8
11	13
8	101
1	2
0	1364
3	0
2	277
2	208
0	0
1	89
2	81
1	52
135	195
6	0
0	0
25198	84820
0	12339
0	0
0	0
0	0
0	0
0	0
0	0
0	0
0	0
0	0
0	0
0	0
0	0
0	0
0	0
0	0
6	23
0	0
0	0
0	0
0	0
0	0
0	0
0	0
0	0
0	0
0	0
690	1
0	0
0	0
0	0
0	0
0	0
0	0
0	0
0	0
0	0
0	0
47	264
0	0
0	0
0	0
0	0
0	0
0	0
0	0
0	0
0	0
0	0
1	0
0	0
0	0
0	0
0	0
0	0
0	0
0	0
0	0
0	0
0	0
767	893
1	286
74	433
0	0
0	0
0	0
0	0
0	0
0	0
0	0
0	21
3	0
0	0
0	0
0	0
0	0
0	0
0	0
0	0
0	0
0	0
0	0
0	149
0	0
0	0
0	0
0	0
0	0
0	0
0	0
0	0
0	0
0	0
0	12
0	0
0	0
0	0
0	0
0	0
0	0
0	0
0	0
0	0
0	0
2	0
0	5
0	0
0	0
0	12
92	0
91	55
0	0
0	0
0	0
4	29
1	0
0	0
0	0
0	0
0	0
0	151
0	0
0	0
0	0
2235	436
3	2
117	0
6785	1549
341	42
3380	1322
125	724
25	0
3	0
0	0
2	0
0	0
722	460
5	137
1	1
14	571
11	164
16	21
46	17
49	4
116	1578
8	0
1	0
1	366
54	0
40	0
0	2
4	78
0	2
0	87
0	0
0	0
2	567
369	1065
0	393
31	1296
1	15
0	0
52	181
0	0
1	4
66	506
35	2176
3	90
1564	7
93	152
64	1179
400	1728
0	0
343	59
134	1
263	0
2	1058
345	0
59	0
4375	0
3	0
263	731
1	181
2	0
35	153
87	265
27	1013
29	1076
289	4
0	0
819	1012
65	51
6260	0
4303	689
405	378
543	770
6	516
140	2852
0	0
0	0
1	0
6	3
2	0
619	37
0	0
0	0
2152	1042
135	0
6	0
0	68
4	39
49	1104
19	502
0	0
184	197
4	0
128	0
324	0
117	2
23	273
194	826
2138	0
2489	0
91	0
186	0
224	224
4	0
11	0
0	0
3	145
0	36
1	101
28	159
1	0
1	0
280	0
0	0
287	6
319	255
0	255
334	0
133	2
30	2
642	0
473	299
379	797
173	217
0	0
33	169
195	729
539	0
29	0
926	79
185	7
383	469
387	625
3	4
31	119
0	0
52	26
2660	344
0	0
751	1317
80	0
0	10
56	2085
78	2192
1805	14289
296	2962
0	27
65	13695
34	1742
162	647
0	0
32	6
0	0
14	0
97	0
22	247
0	0
935	845
0	218
836	1399
511	1067
3	0
1300	32
5	726
223	5
480	201
138	0
11838	0
35750	1481
0	129
0	438
0	1
0	2
50	18
567	5
3	263
0	49
4	857
0	0
0	0
7	225
0	0
70	322
53	3
1	5
17	24
3257	28
22	13
0	0
73	127
0	2
521	94
48	111
1644	0
1940	1
4	68
15	1171
362	1
1	94
0	5
85	0
0	54
157	7
115	0
121	131
211	0
245	0
339	1024
152	548
6	110
113	253
24	0
0	0
36	470
5	225
22727	387
0	0
146	0
7	1
3169	44
188	0
3468	5744
10980	24
439	2395
248	16
722	377
203	0
217	0
24381	310
55	260
0	69
113	48
134	9
10	1006
7	81
14	4
0	0
0	0
0	15
3	108
3	0
0	0
519	19
0	0
0	0
2268	0
52	91
52	650
1	0
1738	16
1009	41
2266	0
484	0
44	273
1	0
0	0
32	313
160	506
213	57
14	2820
20	56
0	1
2	131
37	491
28	0
69	439
4	20
10	719
14823	1
127	0
0	0
11	91
980	1023
1	0
0	0
43	0
3	364
8	1651
4116	0
1	0
0	26
0	0
0	0
0	0
0	0
0	0
0	0
3101	678
53	0
465	2
48	0
243	460
195	431
176	141
881	20
3477	2
83	340
18	0
0	96
4205	3515
0	0
0	0
0	0
13	220
0	0
0	17
0	102
33	1064
31	335
9	0
53	8
70	1308
0	0
0	0
0	81
408	114
2	12
288	6
694	102
2562	1384
0	793
67	119
0	2
41	1
2253	320
537	356
14	75
8	0
81	0
3229	5
0	0
41	149
0	0
342	640
210	458
25	5
23	657
159	580
75	136
667	490
1	35
2	764
2	51
0	0
161	0
1	597
3	200
103	44
240	25
2	2
240	452
297	37
458	351
3	232
0	1
31	1270
0	7
21	531
0	0
352	0
13	501
193	508
0	0
235	4506
0	6
2	883
1	0
4	78
425	419
123	30
76	3
259	78
1	0
1532	546
0	468
2	0
158	0
93	309
10	357
59	385
12	0
0	0
92	337
655	11
13076	4
136	975
137	162
108	1
8	32
3413	1
463	347
4	0
0	0
0	3
0	0
3	0
1	0
0	0
78	2
0	0
84	933
24	61
143	1679
95	96
0	32
160	344
267	18
156	0
2798	64
0	75
0	0
1	131
0	0
0	111
773	384
126	1739
1	343
105	1091
1833	0
737	0
61	365
1	0
125	0
11	0
429	0
3912	1
118	490
279	1027
18	39
20	226
12	352
191	732
405	1601
23	414
19	310
144	25197
24	3647
39	0
578	0
160	141
179	477
611	380
2495	235
2388	125
7	81
34	533
10	1003
0	0
6	175
1136	783
413	421
355	198
138	530
316	452
4	126
4	129
119	143
110	256
3	4
717	171
43	826
31	324
7	831
20	91
0	3
0	9
0	0
0	0
0	140
46	168
46	732
0	0
5	53
0	0
0	0
11	0
208	0
23	204
339	2166
3	786
167	221
1200	1136
7	176
86	914
30	0
0	3
8	221
40	11
0	2
301	5
125	0
36	198
2	1662
34	19
1	0
0	16
0	0
6	32
0	0
0	0
24	40
3	31
4	0
0	0
0	0
0	8
0	0
60	334
0	0
0	0
6	0
745	275
2	0
17	95
804	825
927	0
177	31
49	0
345	31
220	180
143	935
0	4
104	119
59	1
1067	6
17	2
394	190
8	29
0	2
0	0
0	476
0	0
173	768
0	0
0	0
1	45
1	141
75	145
0	0
0	0
0	0
52	29
671	12
2	168
6	0
2	0
0	0
187	0
0	0
0	0
0	0
7	83
0	0
0	0
0	0
0	0
13	0
487	110
424	0
311	0
430	0
308	295
0	2
29	434
1031	86
0	0
221	50
328	293
2	814
26	215
307	2
111	0
56	227
137	35
3152	1
20	255
36	23
2	7
18	171
767	81
172	96
0	0
0	8
17233	2
4	0
123	45
10200	4
4	160
0	0
12280	4
198501	20
3789	12
8763	0
18328	0
2	11
9864	0
106	86
847	18
4647	0
0	26
0	0
28	220
342	80
37	580
0	0
0	2
17	1
44	724
0	0
14	1
0	0
1	27
670	0
70	0
2	0
4881	61
196	181
125	0
705	1
2576	68
12564	3
142	69
277	0
0	2
21	506
547	0
0	26
40	150
0	23
0	88
0	28
55	0
298	0
10	140
0	5
0	0
1	25
115	14
0	0
1	0
824	249
167	19
16226	1256
134	0
7023	94
309	0
128	127
27	96
0	9
0	0
0	0
23	0
0	116
22	63
271	1114
0	0
0	0
0	0
7	24
104	1198
23	6
183	366
63	0
5543	932
1573	932
28	118
9589	1
17	1
61	0
0	0
6	0
6365	293
5754	0
3489	0
438	0
0	75
2	173
92	99
23	264
975	0
1162	0
431	0
98	84
829	5
45	351
82	2
3	0
0	0
0	3
5	28
65	8
16	0
67	0
15	22
4355	7758
1408	11541
41	167
0	0
2	66
13	0
12	409
0	64
0	0
6	23
20	127
2	0
4	29
11	257
17	139
396	402
3	0
686	148
17	102
1	113
0	0
0	2
1	337
0	0
0	1
0	0
24	114
0	169
7	661
36	12
4	0
174	0
334	567
515	7
230	0
171	27
0	0
4	39
15	6
157	296
26	0
45	3
34	0
6125	83
190	76
0	0
5646	938
119	4
0	74
7	0
0	0
635	5
1	0
123	1550
31	1271
6	0
150	296
0	10
51	79
0	9
0	0
6	33
35	1266
44	0
1279	450
5	83
5	1888
38	1674
17	615
3	249
0	0
0	44
1	0
0	0
0	4
1	4
0	50
808	499
84	1320
2	8
9	0
253	129
56	0
300	0
11	791
45	1362
607	5
148	29
2	0
0	0
0	0
267	0
893	221
3	485
0	0
0	19
1	20
0	26
15	204
4	107
389	388
590	46
0	0
2854	254
9	262
0	25
34	49
417	71
689	195
27	77
176	0
34	177
24746	1
91	19
53	174
12	1313
0	0
88	385
78	115
2	0
57	37
0	0
0	0
13	198
0	0
220	0
235	56
27	79
3	208
5	66
0	0
149	445
4	4
1277	2
246	24
1	0
17	11
2	15
1	1458
7	11
4	0
0	0
0	0
0	262
13	1
10	573
0	0
0	0
9	1
32	95
4	0
0	0
0	0
0	0
0	0
1	16
1	1
15	1437
5	0
4	437
1	0
1351	65
3502	0
858	179
154	0
221	230
1	0
215	0
22	6
241	0
14320	76
21	1
278	352
0	0
27	512
69	501
294	2
0	1017
232	0
4	329
0	2
0	60
97	70
1	530
0	4
0	58
659	379
461	0
121087	9
182	75
241	150
47532	884
39	1047
25	0
46	18
99	481
58	178
14	0
16	15
790	0
196	5
60	38
424	87
211	5
305	1186
240	805
0	235
273	347
2	374
0	0
115	0
55	292
115	144
62	270
438	271
29	1
0	0
12	0
37	0
0	0
87	0
133	221
3	1796
46	8
0	15
0	175
1146	54
15	15
157	10
265	798
15	303
25	737
25	0
388	310
918	178
54	13
1	202
33	10
34	349
436	0
75	268
0	0
0	0
709	0
0	244
0	0
2	299
7	122
1	5
741	15131
14	3634
44	15
11	1094
35	2
45	0
2	0
21	19
0	118
255	22
59	177
101	1
290	0
89	1
235	257
0	0
0	0
7949	1
0	0
0	0
12	1
84	0
234	382
4	0
5	275
109	952
168	93
2	0
197	1370
0	0
0	0
0	0
1757	0
28	0
978	19
0	13
48	3
47	177
2	0
0	15
1	2
22	159
204	0
350	205
77	3
31	1
626	1
10	207
481	0
293	343
17	121
423	1
81	1025
360	0
12	129
0	12
0	0
0	0
84	272
149	31
0	0
0	11
2	0
0	0
0	1
11	59
0	0
14	379
2679	32
7	414
249	703
309	36
27	0
34	191
57	112
106	172
254	105
132	319
33	0
113	323
0	0
0	10
139	0
575	14
181	52
223	367
3	0
8413	18
279	492
24	28
2	506
130	390
233	758
4	440
0	0
219	551
4	0
32	30
30	196
128	0
58	228
2	0
0	0
0	0
0	0
0	65
0	0
117	0
442	0
18	593
1	87
0	0
304	1005
0	0
12	10
0	42
83	945
0	0
0	3
2	39
0	0
0	802
1	27
531	0
410	203
0	532
83	330
0	0
2	0
1	294
1940	23856
81	6
0	0
10	40
47	88
170	355
261	18
0	50
73	475
231	0
11565	1
1061	0
1192	0
4250	357
2132	0
408	0
940	519
571	172
177	17
5	91
142	1508
1	0
2	1292
6	1738
0	0
51	0
140	51
263	1923
111	64
12	0
0	0
0	0
0	0
0	0
0	0
0	253
0	0
37	117
0	0
0	37
1	603
0	585
0	1
39	316
1501	162
0	3
0	0
0	0
0	4
107	155
157	2
55	67
261	23
243	641
89	0
58	0
8	807
90	963
0	0
0	0
0	0
0	0
36	68
0	35
0	4
0	19
188	0
0	0
0	1
0	0
0	92
368	32
1	0
1403	953
1	15
2087	0
197	1
0	16
12	143
40	1
2648	3
0	0
378	814
133	283
0	0
0	0
0	0
5	34
0	0
7	123
0	0
25	0
0	0
8	31
1	0
568	1561
1	0
59	2
6	155
1692	0
74	0
342	80
836	423
160	1
170	0
0	0
498	293
0	0
47	0
0	0
50	351
235	815
49	2
113	50
0	0
10	4
0	0
0	35
10	15
24716	1798
150	87
335	0
538	133
4	801
525	0
68	53
27	465
34	0
921	354
395	43
5384	0
1	5
14	2874
8	20
0	119
3	27
437	0
305	0
0	0
165	0
1003	112
116	45
298	7
167	0
2	123
0	49
0	40
1505	142
0	237
617	0
41	0
1	6
1	0
0	224
0	0
30	30
1	172
6	2
828	416
144	15
352	137
55	134
38	1830
0	0
5	178
154	320
259	182
110	297
49	0
0	490
20	695
0	0
0	0
12	269
55	382
971	86
6	0
0	81
34	0
57	1072
3	0
0	4
0	145
218	0
232	203
2	361
46	0
7680	54
80	1704
4	24
0	2
24	4
0	35
2139	19
7	0
4	131
4501	0
0	15
0	0
2	18
399	89
158	140
17	245
8	94
79	0
0	12
1	201
61	83
604	719
9	90
0	16
9499	1
36	2
9	41
10755	285
517	0
1	31
2324	205
252	42
547	0
17125	42
197	908
5	0
42	143
1	191
555	263
739	470
760	1225
163	487
3	1
0	5
206	67
55	133
38	73
1379	1681
0	0
3	0
62	129
0	0
130	1669
1	44
0	0
17	94
154	1319
247	0
178	0
4	306
1673	150
0	2
118	857
96	194
319	201
71	499
63	134
42	161
244	202
44	0
505	109
14	288
3548	0
18	87
1	205
0	0
0	0
110	136
22	535
35	379
128	58
6	346
4776	63
0	0
1212	1588
73	617
156	338
0	0
337	485
378	56
0	0
0	0
3	147
54	102
4	4
7	0
34	3
0	0
2	0
3	62
5	60
12	4
0	0
29	54
14	0
4	0
1	0
1	0
2	0
130	0
86	0
583	74
10	290
282	0
112	179
0	12
38	206
152	0
1288	671
0	0
0	8
1	0
0	0
238	368
0	0
2848	18
0	3
505	13
0	132
168	761
2	416
18	39
4	1
108	1
46	23
232	116
15	95
247	1457
3	118
4	240
17	322
1359	0
7	117
592	2
1244	283
0	0
5048	1
66	105
15	158
64	63
7	1
1035	118
295	23
9	0
0	5
4	99
0	0
11	1074
135	10
1491	0
163	160
29	437
1	413
2	109
40726	49842
14084	49898
19136	7
0	0
3646	265
0	17
77	185
562	0
298	225
624	0
29	166
469	1147
0	8
2	0
0	0
0	4
30	311
42	34
0	7
9	37
0	93
24	2749
0	49
0	0
129	265
110	0
2312	63
0	0
105	0
12	0
0	0
0	0
174	53
61	1469
0	0
0	0
0	12
449	191
31	7
14	1
21	10
272	578
0	0
0	0
28	387
1	0
14	0
220	15
252	107
75	0
0	22
0	0
0	119
480	1066
1795	1202
35	588
81	358
34	1779
74	0
0	12
50	914
19	176
0	147
75	614
0	0
96	1
940	1
291	1120
4	202
25	220
7	4
334	55
692	96
29	200
57	10
138	311
49	78
1	352
25469	303
7	115
0	0
864	0
2184	536
74	332
66	433
0	45
7	28
0	0
295	765
34	892
2	374
16	0
275	628
147	0
215	1377
87	0
30	4
0	3
1	0
1836	1039
302	230
18	35
215	19268
0	285
29	95
43	446
8	3
52	3
311	222
71	102
5	162
3600	3
118	507
22	0
0	0
806	5
117	147
438	21
89	28
1620	1200
529	12
683	56
186	36
1661	3
3469	0
0	2
2	232
12	594
0	0
1912	206
836	6
0	4
0	0
2	0
88	29
174	0
21	859
24	44
4	0
6	128
31	0
389	727
166	372
46	220
0	0
0	142
22	113
28544	97
42	165
3	26
469	478
360	173
2	129
382	7
168	4
1	0
291	0
833	0
0	98
1	121
268	0
3	59
97	0
431	168
103	0
0	374
0	0
0	0
163	0
0	529
0	0
57	479
9	690
16	0
170	738
1	164
60	0
97	657
285	1967
0	0
1087	6
119	452
695	87
95	0
39	151
141	226
96	310
0	0
0	0
0	0
0	0
0	0
0	0
0	0
0	0
0	0
0	0
16648	821
0	0
0	0
0	0
0	0
0	0
0	0
0	0
0	0
0	0
0	0
2284	861
0	0
0	0
0	0
0	0
0	0
0	0
0	0
0	0
0	0
0	0
70	1029
0	0
0	0
0	0
0	0
0	0
0	0
0	0
0	0
0	0
0	0
126	50
0	0
0	0
0	0
0	0
0	0
0	0
0	0
0	0
0	0
0	0
1	98
0	0
0	0
0	0
0	0
0	0
6	21
0	0
0	0
0	0
0	0
3	663
0	0
0	0
0	0
0	0
0	0
0	0
0	0
0	0
0	0
0	0
37	0
0	0
0	0
0	0
0	0
0	0
0	0
0	0
0	0
0	0
0	0
2	28
0	0
0	0
0	0
0	0
0	0
0	0
0	0
0	0
0	0
0	0
1	193
0	0
0	0
0	0
0	0
0	0
0	0
0	0
0	0
0	0
0	0
24	341
0	0
0	0
0	0
0	0
0	0
0	0
0	0
0	0
0	0
0	0
0	10
0	0
0	0
0	0
0	0
0	0
0	0
0	0
0	0
0	0
0	0
0	0
0	0
0	0
0	0
0	0
0	0
0	0
0	0
0	0
0	0
0	0
0	0
0	21
0	0
0	0
0	0
0	0
0	0
0	0
0	0
75	557
0	0
0	0
0	0
0	0
0	0
0	0
0	0
0	0
0	0
0	2
1709	0
0	0
1595	1
12	538
40	3
14	295
0	0
18	789
0	0
237	0
0	0
0	0
136	6
0	0
1238	89
392	734
0	0
5	0
24	0
0	0
1	73
27	281
837	0
195	465
21	648
3	1
6255	1928
73	0
178	0
0	53
23	1
391	662
0	16
0	25
16	48
0	0
0	2
0	0
6	29
40	3
0	0
1	5
44	0
117	0
264	518
0	2
122	119
42	921
2	0
466	954
13	0
101	161
295	246
362	0
0	0
0	0
70	353
1	256
1	0
365	595
26	561
94	430
37	454
10	890
168	150
2	130
31	0
103	148
0	14
1	0
0	3
4	27
1	2
1	0
31	1372
22	68
0	29
2	141
17	828
0	106
0	0
6	132
3	55
0	0
0	0
0	0
0	0
0	0
0	0
2	12
0	0
39	0
0	0
1	76
1587	1
0	0
210	0
76	0
0	0
0	0
0	13
0	19
268	595
1978	17
0	0
4	442
0	0
0	0
0	258
0	0
157	0
251	860
19	0
49	1479
372	392
11	298
1	139
4	8
0	0
9	109
25	499
1467	2
0	0
0	0
0	3
0	16
1	0
213	0
307	0
387	0
10	192
147	27
97	68
0	1
0	626
0	0
785	0
39	46
489	15
196	0
60	13
170	12
688	221
51	0
0	0
147	0
6554	24
717	170
46	0
0	0
12	168
0	0
0	0
626	755
3	11
23	0
124	1343
6	190
80	824
5	159
10	1474
40	0
2	5
0	0
25	11
2	18
0	0
29	0
0	0
0	5
1	219
5	67
173	855
1	818
2629	0
20	0
86	419
0	0
93	794
0	3
1361	0
10	358
0	0
2670	0
939	0
363	214
44	172
2276	453
36	0
608	23
43	3
0	6
2	9689
4	349
204	115
9	257
349	0
5081	851
0	16
149	0
117	0
151	105
569	14
1	44
0	2
217	0
29	14
479	374
4	104
0	0
0	2
0	1
1354	155
574	23
0	1
5	0
155	0
269	0
1178	1008
0	0
0	0
0	0
413	90
11	212
0	0
0	15
667	674
163	236
13	275
0	0
0	0
7	320
0	0
5	348
1253	118
18	506
1	45
13	1
0	0
9	484
0	0
0	0
0	38
0	0
0	0
0	7
0	10
2	8
0	0
435	1
532	1411
0	4
0	0
0	134
30	775
27113	3
103	1074
37	188
0	0
0	4
112	0
287	53
1656	0
0	14
6	0
25	0
0	1324
921	1124
489	230
0	0
36	329
0	0
0	0
22	6
1785	22537
29	583
247	723
0	689
0	13
4	3
1	0
639	0
972	0
4976	117
155	1
169	160
196	173
570	393
11	490
68	36
335	151
142	137
216	187
318	246
5	563
17	10
203	0
68	0
51	83
0	0
47	190
0	232
0	0
61	919
0	6
994	338
1	530
43	70
29	68
0	23
131	34
135	382
1862	1378
82	814
744	44
3	321
2	3
2	1
4	467
207	1237
109	27
6	0
1233	29
1607	61
112	84
10	26
613	34
0	0
0	0
319	127
0	0
0	0
0	0
82	80
61	30
11	7
208	0
0	0
280	86
89	461
1	10
13	0
0	0
0	1
0	0
0	0
0	0
800	769
15	78
39	0
36	333
234	495
34	205
181	8
70	0
85	377
4	248
19	127
0	0
551	319
2424	315
0	0
0	0
611	1602
361	0
1	0
0	0
20	109
270	1627
220	73
321	118
457	2
835	0
881	818
388	2
6315	470
0	91
0	0
0	0
0	0
95	754
127	1094
322	1089
0	0
0	0
0	56
1	4
25	399
23	0
796	213
16	0
258	0
3358	2
29	17
206	121
482	219
533	531
51	70
0	0
7	208
27	296
0	23
220	917
1	0
0	0
2	847
1	0
2	46
0	0
165	1031
0	0
0	0
3	10
184	99
2425	177
0	94
5	329
0	0
24	0
18	0
4637	466
1161	0
0	0
15	51
0	95
26	732
31	22
0	13
0	0
14	0
0	0
1	0
0	0
1	55
1	0
0	0
23	163
2	0
2060	0
14	0
0	0
1	41
0	0
1	0
6	8
0	1139
368	30
2	504
11	1
0	0
0	0
445	17
21	667
0	5
23	1267
112	0
1600	0
62	0
0	0
110	201
410	0
262	108
0	0
507	415
63	587
2	30
9	768
0	0
0	0
226	72
657	65
404	0
167	15
87	535
77	0
0	0
0	0
0	0
0	0
616	752
103	89
1000	3
106	267
0	11
0	0
5	518
13	267
0	0
0	10
233	3
437	763
10	0
5	0
111	2
1	0
11	995
11	1119
0	7
1100	891
247	1168
7	104
0	4
14	0
9	10
0	609
28	0
146	0
3	0
45	35
24	0
97	430
62	89
576	654
1823	46
71	21
361	0
104	736
431	557
30	0
120	3
37	296
214	775
232	233
0	0
0	0
30	301
54	8
531	176
118	181
1002	1393
85	1390
86	59
119	15
2409	82
100	49
177	5
250	0
120	0
142	0
187	6
22	474
43	541
7	16
0	0
92	285
0	89
1	0
102	139
0	8
1160	0
284	3
2974	8
1158	138
4426	189
681	1751
1906	1163
2	8
0	4
501	90
0	246
0	0
52	110
131	1
366	0
1956	0
0	0
1	105
439	1583
172	0
233	301
1	91
0	0
0	0
3191	0
246	180
0	0
1	0
1	30
89	0
104	0
0	80
0	4
0	0
0	0
0	0
0	0
44	0
5	9
0	0
94	461
70	849
20	0
0	46
773	129
2110	152
1599	83
576	77
86	9
14	51
1	0
2	124
67	1
0	125
12	66
59	71
0	0
11	1246
0	0
86	0
7	1
106	1077
1	146
0	31
0	0
16	53
0	327
3	75
0	5
2	391
0	0
90	0
20	790
126	221
993	152
218	41
246	69
768	0
24	0
8051	23
49	4
62	283
0	2
269	0
4	2
784	3882
0	0
2	0
0	9
0	0
0	0
0	0
169	75
12	0
254	563
341	193
66	0
5253	0
13	151
1	0
744	0
17	0
200	3
8102	30
38422	10
259	12
218	0
1452	1
200	73
0	0
0	0
0	3
1	108
171	1092
116	68
0	161
75	381
218	51
71	0
11	109
433	1
650	23
46	471
189	86
9	208
46	861
561	343
57	343
4	57
245	988
20	10
1	1
5	271
0	2
35	65
0	349
229	839
2	28
0	8
0	2
530	2602
1057	2742
36	387
905	35
78	116
0	0
0	0
0	16
29	9
21	1
5	0
6	9
5	0
109	274
298	0
2325	0
356	576
5	965
9	0
1	213
0	0
1	2
413	224
75	115
4	93
262	492
121	10
3	0
739	318
6	0
220	0
8	0
0	0
283	0
280	72
1000	64
392	0
0	8
158	214
970	8
27	144
451	0
89	1256
49	106
216	78
966	843
1292	803
370	22
3	502
0	0
56	375
317	66
420	0
8938	10
123	0
148	52
5	0
4141	0
771	225
5	8
0	0
2	1
0	0
337	138
622	8
0	0
3	150
311	17
0	0
1325	364
17	40
150	0
16	110
26	9
141	42
0	0
3	241
0	0
0	9
2	11
0	0
0	1
1	157
0	0
48	166
1	3441
119	116
28	57
0	136
380	1110
138	0
52	0
108	0
161	34
24	0
939	0
42	9
23	0
174	77
0	1
73	0
5	379
0	0
0	0
0	0
0	0
0	0
198	198
14	930
1	0
0	0
125	1133
0	39
0	11
0	117
200	4
647	0
15789	12707
0	0
0	2
5	0
10	2
473	0
6	439
98	2194
132	0
1659	132
0	1
0	0
0	2
0	3
0	128
48	113
48	202
3	71
93	0
239	42
0	5
0	496
11	2
0	2
22	138
43	35
1	19
5	10
0	40
445	414
121	0
311	0
174	444
0	0
151	179
0	0
36	261
47	156
3	0
6	154
25	110
1	0
0	0
0	0
1	0
7	21
32	58
0	0
0	1
3	57
2	0
0	0
6090	1
0	0
0	0
0	0
2	84
721	1097
0	0
835	30
19	0
18	184
22	63
0	0
0	0
0	0
0	1
0	1
123	661
37	242
68	183
0	4
376	0
0	0
0	9
25	634
2794	217
164	195
415	349
3	0
4	115
1	264
19	276
60	251
114	396
1658	149
12	57
32	220
113	0
35	188
102	64
0	0
123	43
141	176
0	0
68	1
39	0
4	1
0	1
2517	0
661	0
931	0
0	0
0	0
0	0
60	0
150	1115
3	164
137	2192
36	253
402	0
72	0
106	235
0	0
2	332
19	4
674	327
1422	0
13	390
2	245
0	0
0	0
0	599
2	0
398	20
21	144
178	79
158	294
359	479
2	4
172	0
0	722
53	303
3	2
16	1378
199	0
30	233
701	390
0	51
0	34
1	5
4	372
1646	0
0	0
6	1
3	0
1	1
14	141
77	361
14	52
424	1160
185	91
8	242
0	0
20	0
2	111
0	0
6	0
0	0
0	0
0	0
0	0
0	0
0	92
6	0
0	24
0	0
1	0
3	495
1	0
0	0
1	0
0	0
1	2
57	50
0	0
0	0
1	189
75	67
3	10
0	0
93	0
21	90
13	38
0	0
7195	29
1	15
138	0
61	1
3	0
655	310
0	0
22	110
562	345
3	42
241	0
0	0
80	0
1452	66
3913	0
63	589
1	627
36	58
1	11
0	1
0	0
3	0
0	3
2	2
7	13
2	17
9	114
5	25
0	0
1	31
0	9
0	10
206	243
129	198
0	0
0	0
7	682
378	213
430	251
8	130
229	56
56	1042
0	57
134	445
23	45
211	448
10	58
0	7
0	0
0	2
1076	1406
174	322
45	0
171	116
72	108
95	60
135	0
70	1
4	687
32	1
1055	10
0	0
2	1111
94	174
38	188
76	230
2	1
4248	6
75	0
189	0
1437	0
9296	0
2807	0
7	11
1898	0
2	1
3101	0
59	0
58	20
2306	0
153	8
54	70
0	1
54	126
58	1
0	273
9	220
3	6
15	568
725	661
10	233
95	1
93	136
91	68
41	0
48	27
68	6
45	761
0	53
179	61
0	5
184	1
179	37
2	29
2	1
357	0
158	1366
0	0
1486	95
0	0
3524	217
147	22
0	0
15	5
0	0
0	126
2	0
0	0
0	0
2	0
0	10
0	0
0	1
0	0
120	997
0	0
0	3
68	34
10	442
470	0
0	0
4	1
157	265
556	115
676	35
2136	101
625	819
1	58
4	304
4	514
0	12
596	716
78	391
547	4
279	39
645	391
114	111
0	0
0	0
0	0
12	69
0	67
234	282
169	1170
266	870
1089	172
0	0
0	0
5	18
202	467
0	0
0	0
0	0
0	0
1	55
0	0
200	395
92	0
25	278
141	103
373	114
41	460
0	0
5	1
4	41
1	3
0	0
0	0
0	0
0	0
14	639
0	0
0	239
0	0
0	0
0	0
0	0
0	0
0	0
0	0
0	0
0	0
0	0
5	30
0	0
0	0
0	0
0	0
0	0
0	0
0	0
0	0
0	0
0	0
0	0
0	0
0	0
0	0
0	0
0	0
0	0
0	0
0	0
0	0
0	0
72	686
45	250
0	0
0	0
0	0
0	0
0	0
0	0
0	0
0	0
0	0
0	0
150	341
0	0
0	0
0	0
0	0
0	0
0	0
0	0
0	0
39	467
358	117
82	177
8	118
68	40
0	4
5	39
0	0
7	2253
44	0
69	200
45	211
5	1
0	0
0	0
0	0
3	0
4	0
0	0
0	0
60	0
11	54
19	198
2755	300
94	48
587	39
433	606
237	1139
4	745
36	0
1	0
1	6
0	0
0	0
0	0
24	751
9339	162
2	0
111	1
0	0
48	0
0	191
0	12
6793	3
507	0
37	0
0	0
73	0
1412	518
45	68
0	0
3	1
358	216
512	779
544	26
183	0
622	22
0	0
182	43
267	65
7	185
16	196
2	15
800	73
63	0
4	588
401	669
781	41
13	22
152	364
0	29
114	1
0	11
213	2
147	0
157	7
104	174
2057	2
246	12
209	0
97	6
0	0
2	10
1	70
0	0
13	355
3	0
0	0
6	0
4076	4
244	78
190	207
8	2
286	104
405	19
97	2
41	1
59	0
0	142
0	120
3	3
261	96
537	988
0	0
1	5
13	282
14	287
340	0
89	518
36	45
12	251
3123	57
1	101
0	0
17	0
0	0
0	0
0	0
9	341
7	401
29	555
109	56
59	12
19359	1
48	79
310	58
1665	246
0	0
56	0
427	0
975	420
23	0
297	0
1	33
22	48
37	0
1738	4244
1463	332
992	153
1437	1769
1070	1615
2846	1693
8670	522
408	0
13727	198
33	0
151	118
0	67
0	0
0	0
2	2
9	39
17	0
0	0
0	355
0	0
38	0
99	8
2	47
91	0
173	6
297	203
6	0
3	333
0	0
1	0
0	0
0	0
0	0
0	0
0	0
0	0
7	666
837	0
0	64
14	772
0	137
0	686
35	192
144	382
2	0
15	118
0	1
0	16
0	2
501	660
22	373
38	0
0	15
114	86
2437	110
124	634
15	391
86	519
