UniqueCount	AmbigCount
39	0
4	0
951	102
0	2
26	79
98	866
105	0
53	543
304	323
1362	1877
320	0
0	0
198	23
0	0
163	315
0	0
1782	0
172	0
28	0
1	254
0	0
0	124
618	634
59	450
8	642
263	0
0	12
34	2874
1	0
0	0
2	0
2	35
0	10
3	409
11	6
1	7
72	49
15	39
547	384
0	11
16	2701
117	0
1	0
0	0
54	0
11	37
3	93
2	3
2	0
0	57
1281	136
0	173
61	3
0	89
0	0
1	0
2	1
360	768
0	82
3	15
70	1321
0	0
150	0
42	1
14	208
222	0
51	21
0	0
126	186
216	985
122	1123
174	0
0	0
6	12
4	0
3	0
288	254
23	3
6	0
123	1228
18	2027
1	21
11	49
5	0
15	0
159	57
651	241
506	1577
671	0
638	497
3	0
2101	0
170	1792
60	1
616	9
2135	333
76	175
37	92
3	315
63	696
1	90
13	0
842	305
532	200
0	0
262	318
89	0
3234	332
29	124
0	0
0	0
2	21
0	0
30	246
399	2
0	0
0	0
5	0
0	0
1	568
20	0
12	124
4	22
0	0
0	0
231	0
17	9
48	1200
0	48
0	9
3	0
84	496
47	0
112	0
164	814
7	300
547	5
2	262
1	0
1	2
0	0
915	0
1743	205
61	3
53	46
0	0
0	0
330	0
9	180
3	0
176	0
0	926
0	0
2	18
13	72
0	2
143	134
17	358
3438	122
0	0
0	0
3	279
187	193
43	894
1	22
148	0
465	9
7	2
130	297
18	0
63	10
14	172
11	8
0	16
157	59
3	36
0	0
4	3
0	0
191	370
198	10
0	0
975	474
6	928
0	0
0	0
0	35
0	0
0	335
2	358
141	11
8	0
82	17
773	305
1075	80
387	29
6	36
155	0
0	0
0	0
533	5
0	41
847	0
6	0
72	0
236	1015
9337	1550
459	50
69	91
0	107
4	2
224	821
22	0
11572	548
5	79
0	0
2405	27
0	179
0	548
58	6
0	2
0	7
0	3
0	0
250	0
253	2
0	59
74	1443
95	86
460	1229
1	0
188	85
0	5
5	227
0	0
0	22
1403	2
47	161
345	893
2	0
8	0
5	0
1176	1090
50	308
296	14
5	45
69	0
337	663
98	0
0	0
1	826
14	0
23	0
8	0
0	72
2	971
57	913
0	9
0	0
98	0
601	0
640	2533
8	34
25	3
26	2
23	0
252	17
122	0
254	1084
5	0
1	0
0	0
0	0
0	0
383	17
165	0
1	2
0	52
0	0
55	1
0	0
283	864
118	505
0	0
0	0
11	9
11	613
92	513
252	121
53	0
76	1822
0	0
4	0
5	0
1	0
1360	1
101	478
354	301
208	0
388	1
199	788
47	187
3	0
56	740
0	0
387	0
2779	29
0	4
5	6
11	49
138	633
96	47
3	150
0	5
0	0
1	18
5	0
30	111
14	363
0	1
177	373
156	501
5	0
1	0
0	0
0	0
1	33
0	0
10	1
175	0
1323	645
9	29
1	0
17	1308
243	310
553	1585
931	0
0	0
8	4
9	151
0	0
0	0
0	0
0	50
0	0
0	0
0	0
28	27
0	0
8	135
647	143
225	778
1117	644
99	439
272	0
437	1777
13	209
383	51
124	512
468	2
2007	16
254	121
2	0
48	325
2141	264
4	0
1	0
14	0
0	0
82	72
10572	7
198	63
695	336
343	178
3	185
102	436
323	0
458	0
7486	186
0	0
2852	0
1	153
0	129
96	353
21	0
49	0
243	6
37	171
72	0
4020	0
119	0
389	180
652	275
749	0
8	0
0	0
106	0
1520	94
26	0
25	0
243	0
6349	0
241	168
0	0
4	653
5	80
0	17
0	36
395	193
43	672
9	0
0	0
0	67
0	0
69	73
1246	128
356	0
4407	0
697	16
113	0
403	0
860	0
210	0
49	20
1	51
5	1
13	88
828	361
124	1404
305	146
4320	1
380	19
132	0
1133	0
417	0
573	357
295	0
4	0
0	0
353	0
256	1
172	1
242	968
6	16
302	0
785	0
290	53
401	24
18	690
18	0
22	1
868	2381
0	1
22	102
349	0
1403	104
589	1086
21	1119
3	0
48	32
2	0
7	218
25	7
0	0
14	0
7	3
0	0
0	0
0	0
4	2
70	73
220	71
418	405
0	155
16	56
4	47
11	40
0	0
0	0
1	56
0	0
34	4
5	134
5985	28
514	619
950	0
34	0
27	0
345	22
81	135
1	29
2	569
0	5
0	2
14	286
10	0
3	0
172	0
64	62
1629	0
1	0
2	0
200	105
4	0
43	697
142	475
386	68
32	4
274	18
17	0
583	43
92	360
115	0
37	74
758	478
1	287
380	300
164	128
271	1
0	5
374	0
66	0
12	7
0	11
2	0
0	0
0	0
3	0
0	0
0	0
0	0
0	0
5	0
351	23
2	0
11	840
2	0
5	3
7	1547
2	240
5	161
229	1106
0	5
0	8
256	289
1	23
0	2
1	8
10	275
798	128
39	200
486	0
570	24
10	478
3	1668
0	0
27	34
669	132
0	0
303	56
49	25
0	0
834	3
0	0
44	0
0	0
0	5
21	11
2	0
0	0
0	16
0	0
0	0
0	0
0	7
4	0
0	0
664	36
0	0
38	0
0	1
2	39
167	117
50	1031
524	69
3712	0
1166	792
224	0
0	0
0	0
362	82
46	23
428	0
17	32
1	1501
103	0
0	0
564	78
313	0
198	0
533	207
2	2
21	1100
3	8
9	0
0	0
0	0
0	0
0	0
146	10
1	13
502	2029
0	0
81	0
0	6
3	0
648	66
260	0
1382	0
0	72
156	41
0	0
0	0
0	0
476	147
1	0
0	0
0	0
1	6
0	2
0	0
0	0
593	1890
4	0
0	1
9	0
2	0
0	22
8	858
3	4
9	40
155	2656
1	32
49	66
45	0
2	2
396	0
1	0
290	0
139	30
94	0
8	1
0	0
606	91
8	58
89	482
0	0
13	0
224	753
1001	56
33	265
462	5
541	4
338	18
248	111
0	0
3	3
32	201
24	40
298	10
26	0
91	665
378	351
0	0
0	0
432	2889
410	0
2	0
0	0
87	357
18	720
0	220
209	1575
10	424
0	0
2	1
609	9
527	56
0	0
0	1
4	0
0	5
0	0
8	0
342	0
19	0
255	1932
301	0
2426	4
0	0
0	0
0	0
6	2
154	8
1	3
0	0
314	78
61	62
29	580
116	847
331	1089
17	14
23	2142
143	6
0	0
0	44
20	0
508	7
1	0
0	0
1	0
3	13
46	498
0	0
3	0
1	208
1	0
4	0
289	173
12	1560
12	0
36	297
0	0
1	7
119	166
197	0
0	0
32	0
0	0
133	473
509	9
12	0
22	11
562	2427
0	101
288	2
480	1650
344	0
453	273
53	1108
7	12
60	235
2	0
103	19
0	22
2	8
701	202
20	67
1	0
14	131
41	53
253	4
184	527
0	1
2	0
0	0
1348	843
251	313
12	1
22	0
13	0
7	16
63	108
0	0
0	35
2227	299
1	33
24	1
1082	0
1	79
855	440
114	1673
116	33
18	650
13	0
1256	135
0	0
107	17
0	0
0	0
114	8
0	6
1	395
82	58
51	82
122	65
10	282
96	142
392	663
522	271
754	0
593	0
127	1
115	392
2	0
0	0
34	108
18	436
2	523
5	0
0	0
2	0
0	0
294	186
11	9
5	6
5	7
2	811
6	0
0	175
2	227
296	801
0	0
0	0
7	0
0	1157
0	176
0	0
0	0
0	0
33	301
1	1182
101	14
531	28
82	4
14	221
223	84
0	4
49	369
198	1462
18	151
936	476
1968	1557
0	5
571	50
13	1
258	16
37	156
2	248
550	882
5	78
0	0
0	168
0	0
1	0
0	0
417	207
282	0
172	50
726	0
2672	0
114	1
70	261
12	301
1	0
35	5
21	801
0	0
302	26
1	5
0	1
3	0
0	554
0	0
1	119
2	0
97	786
2	30
46	24
1	61
4	0
1	0
0	0
420	7
835	7
407	0
89	195
702	404
776	535
0	0
198	709
916	102
16	1
1639	112
1	0
138	0
0	32
273	1
98	1
246	37
722	0
435	190
64	0
4	0
3	0
4	0
2038	0
91	125
4	24
152	10
236	109
15	0
0	0
314	230
8	6
69	84
26	5
1	9
0	70
3	1225
18	0
0	2
226	180
14	229
262	0
0	1
0	0
3	8
363	110
273	0
0	634
2	4
6	2
187	0
0	0
323	574
0	0
0	92
4	0
0	2
3	1766
0	0
0	2
68	286
5	0
85	34
1042	152
262	0
28	93
3	5
45	111
19	0
93	356
18	294
805	69
186	0
23	18
1107	1027
202	0
4105	8
4548	646
54	0
0	0
0	0
189	23
340	175
577	923
207	0
0	79
10	105
134	114
221	433
0	0
162	2064
5	2
9	173
0	0
8	0
6	0
5	371
1	0
0	0
0	0
0	0
0	0
0	0
0	0
19	56
1	0
0	0
0	1
1	3
8	286
0	0
0	13
2	0
67	360
22	231
0	0
68	114
0	0
237	1
0	0
0	27
10	76
0	0
167	0
79	0
14	26
17	0
52	272
5	207
8	25
0	0
13	25
12	221
0	0
0	2
5	37
1681	396
0	53
176	16
0	0
11	0
0	119
411	0
0	0
0	0
788	10
1652	343
0	0
2	14
0	0
99	218
0	35
8	26
0	0
16	46
0	0
7	0
4	0
8	11
45	1869
0	25
0	0
0	0
7	0
0	0
40	0
1	27
59	112
5	139
54	2
3	2
77	2346
262	22
551	0
17	67
140	199
196	0
304	89
190	3
25	1455
0	368
81	993
0	346
9	2
25	11
0	65
318	11
3	0
0	0
227	1238
0	0
0	1
0	0
727	411
371	0
76	7
36	10
1884	180
357	84
240	0
166	37
60	0
22	0
1728	0
523	598
1	1
89	59
0	0
74	84
45	52
3	212
0	0
0	0
4	0
1	0
42	0
1	185
0	0
0	0
452	0
544	91
494	5
471	0
23	793
0	0
0	0
26	225
0	91
0	47
16	0
6	84
271	0
4	0
3	0
3	9
41	1
1	0
2818	1
1	25
1247	229
0	0
57	240
1730	529
0	113
0	1165
65	0
15	0
71	1447
127	743
6	85
28	475
0	7
288	1647
1	0
0	0
2	1550
0	337
0	0
0	0
161	82
20	1172
0	1
20	1
3	32
19	0
41	106
216	0
435	2100
2804	1
1013	123
36	1072
0	0
0	0
6	194
1	0
5	250
0	0
0	0
38	489
81	114
3460	0
19	670
0	0
1	0
0	665
11	329
7	97
0	0
103	87
56	120
9	14
650	22
58	306
284	0
98	0
166	0
12	2382
3	456
5	194
24	1107
1509	0
301	0
103	0
263	0
2534	280
94	14
1069	232
30	13
294	3799
65	267
0	1
130	366
258	0
240	72
0	12
2	10
79	176
33	418
1018	0
1129	131
1081	0
31	39
24	8
49	1109
23	2103
15	1974
343	45
106	54
2	20
4	108
174	240
6	516
5	5
13	474
12937	0
71	0
2	0
0	0
87	218
111	0
1098	964
0	0
167	0
166	220
198	0
430	64
0	3
101	11
494	0
0	0
0	0
62	421
3	269
0	0
1153	1440
262	0
806	475
0	3
0	0
0	0
292	0
1	602
1424	50
504	1977
192	94
361	0
117278	11
177	20
0	13
35	821
281	21
815	0
82	0
1699	78
64	24
0	29
236	1
269	0
2	0
235	68
396	190
218	214
0	0
118	43
7	44
468	2276
0	3
1	0
0	29
39	19
35	306
769	0
780	817
0	0
5	0
440	0
0	13
0	0
2	12
0	53
1	1534
259	82
1074	312
2559	626
0	0
52	0
0	0
0	1
2	244
0	0
1	0
6	0
96	445
6697	519
1107	88
68	214
8	0
69	162
259	552
0	1
193	1
718	992
127	83
100	114
8	4
1046	243
59	0
0	0
1	0
75	343
0	0
3	22
81	101
4	5
12	0
1291	49
16	0
46	0
263	14
0	0
89	0
99	0
73	0
52	0
23	1
50	1
53	63
35	0
68	0
99	1
331	60
0	16
402	0
186	1
252	14
61	0
32	2
86	0
5	0
142	128
69	140
5	0
153	1
1267	739
595	19
216	109
0	0
3	34
157	107
24	10
35	3
0	0
0	0
0	0
604	467
49	1
2	29
2	0
0	0
0	25
139	0
474	3
26	0
3	20
12	1
0	20
2	0
347	0
83	59
29	41
228	40
64	0
475	1742
16	357
11	0
176	0
3	101
97	92
68	6
0	34
96	0
162	380
9	3
0	6
997	267
184	391
0	4
2	109
5	3
0	0
110	328
36	111
0	0
2	2117
26	164
466	260
0	0
2	2
0	0
780	533
238	181
68	41
143	5
264	327
3297	757
8	0
231	80
0	12
36	219
0	0
131	0
813	0
2	68
3	1120
121	481
1	113
7	30
0	36
0	4
3	0
232	5
2	2
1	0
3	0
0	0
13	0
0	0
7	4
11	0
0	0
0	79
411	424
239	220
153	0
266	59
24	0
123	34
25	274
55	0
0	0
0	0
135	234
30	70
32	996
175	2
1850	12
30	124
39	24
34	0
4	335
0	0
173	2435
44	0
101	760
17	16
190	0
27	23
4	0
0	11
44	63
94	241
331	554
407	1778
0	1
17	0
1456	1000
3	0
793	0
0	5
33	8
9	23
16	135
443	19
92	17
185	0
1528	67
8	48
275	12
317	0
60	612
16	25
3658	18
192	1445
1859	1345
116	16
29	0
257	0
1	0
41	41
2	61
87	1586
548	36
43	0
1496	0
132	1573
13	1092
0	0
0	324
0	0
6	21
1565	179
110	5
41	0
138	4
0	0
0	0
689	0
0	0
2	8
106	1175
364	1394
16	25
21	165
299	12
58	1836
13	2
14	74
0	3
0	10
35	0
212	97
197	63
1576	13
1995	0
3467	248
0	166
164	24
42	15
1	54
35	0
0	0
258	1461
47	6
28	520
3	6
10	26
0	29
40	627
44	602
3	12
38	7
1	341
405	3156
15	0
598	417
324	354
92	0
611	0
540	35
653	0
11	0
0	99
111	1320
354	0
41	244
151	0
646	585
172	521
0	2
0	59
3	0
620	0
42	128
14	162
317	6
110	2052
0	0
0	1
0	0
0	1
2616	197
11	136
0	0
368	82
1	0
20	1
398	167
9	0
5	0
0	0
6	9
91	454
1	158
1	2
0	1125
33	302
187	406
0	63
49	121
86	629
1105	27
41	2
490	1107
114	0
190	54
109	0
892	16
9	683
6025	1
66	353
1	27
19	95
45	1038
1422	56
400	9
75	376
319	208
1951	420
0	175730
106	1088
1	165
0	17
0	5
8	24
1	1
20	73
0	0
0	0
2	121
49	302
0	27
125	20
1	20
7	121
478	149
244	0
83	6
1	279
342	120
3	0
1	7
16	58
72	700
544	0
1	40
393	10
444	622
521	0
7	2351
52	3988
3429	169
0	0
7	13
439	61
79	44
429	1099
444	23
14	0
3	0
0	0
0	0
11	531
0	4
9	0
0	11
59	506
0	10
0	0
0	0
7	1
0	0
0	0
0	0
1799	0
1	0
11889	335
45	0
1	0
0	1881
267	0
660	630
234	0
1941	1
170	0
20	58
0	110
0	0
0	0
1	2
8	1
11	22
77	168
0	171
44	76
23	0
2	0
0	0
0	0
0	0
2	0
16	566
0	0
1	4
487	6
44	37
36	506
63	7
3	0
1	0
12	143
2	33
154	232
961	0
105	16
2	0
1	0
2	0
287	922
307	0
287	164
61	5
13	138
1637	1586
1	0
300	1260
395	0
212	10
2	882
0	7
16	412
46	2181
0	30
20	3
0	0
803	36
0	0
3	3
430	309
83	436
0	14
546	1093
2	4
0	0
3	0
1	1
148	0
85	15
15	234
42	185
29	250
187	289
0	0
7	0
0	0
0	30
0	101
0	0
1	0
1	1
348	2214
3	14
824	69
223	94
65	436
66	304
107	153
0	25
544	385
2	404
12	43
570	9
630	739
835	1
8411	539
5	322
1827	10
851	12
291	9
18	0
70	258
0	0
168	1009
568	101
924	713
453	66
181	5
66	181
63	0
454	710
205	0
223	0
6	98
100	1806
0	0
0	0
50	126
62	194
110	1102
6	70
19	2
36	58
0	0
0	0
0	0
1	8
653	1076
173	5497
14	0
63	3
16	3
491	276
886	0
548	0
46	19
72	54
25	102
1685	0
1	0
3	0
1	0
9	27
1	0
2	21
125	605
12	37
0	0
1	89
0	0
102	1002
199	451
8	297
1	99
362	50
42	0
103	46
28	744
0	40
8	0
0	0
1	0
738	1
0	415
0	0
0	0
1990	0
142	53
634	1297
207	307
588	156
13	8
1050	17
0	0
357	374
26	24
1	16
94	0
201	0
0	0
0	20
0	9
0	0
430	303
0	1
11	0
443	10
58	0
12	92
10	0
0	15
0	0
0	1
0	11
0	0
0	0
0	0
0	0
344	0
515	584
0	0
2157	13464
23950	30
59368	59040
9	20
23970	62992
4	0
4	0
924	0
0	0
171	1677
5	118
0	0
1	0
0	1
58	182
14	1
19	0
7	809
357	0
26	1
102	266
266	2
71	117
30	36
0	0
0	0
517	683
0	0
0	92
1114	70
0	0
140	0
96	31
30	1514
38	118
0	0
0	56
267	1
0	0
786	2387
0	0
990	14
0	0
7	172
0	0
0	0
4	26
5	0
0	0
421	2
752	263
604	69
4	0
20	2
4	0
5	0
32	18
5	1
34	0
702	257
2	0
2482	0
0	0
35	347
295	0
4	0
124	1
379	38
24	0
174	343
0	0
105	655
639	72
391	5
236	0
519	0
1652	5
132	0
1177	0
1075	9
767	2
120	0
11	3
0	0
1	8
243	0
29	98
226	733
1594	0
1827	77
26	65
7	36
0	0
1	34
3	0
3	0
0	0
2	0
36	273
293	271
23	823
28	1
0	0
109	0
113	1
143	0
142	11
330	20
978	480
184	1365
1	1
0	5
819	0
837	16
1497	0
806	3276
59	6
79	806
5	0
34	0
7	0
0	0
43	0
18	36
0	0
16	0
2158	311
372	196
0	14
846	0
0	0
12	30
71	37
5	41
45	1452
30	72
576	27
0	0
0	0
6	31
10	0
670	34
1	34
0	6
80	46
18	1
329	172
6238	32
49	81
27	39
532	704
172	355
1190	0
822	0
1423	1
264	0
1612	234
182	1204
786	822
340	82
0	317
0	0
5	449
97	231
0	0
16	2
5	61
7	0
113	0
6	7492
1	0
0	0
5	30
16	172
35	494
0	31
0	0
592	0
348	0
2810	5
3	12
204	857
108	553
21	0
43	0
712	1146
243	12
5	13
37	704
1	0
23	2
6	35
43	0
421	199
166	273
0	0
0	281
0	1
2	110
0	59
228	1
50	0
1	1
650	137
0	20
85	405
7	6
92	0
137	13
588	0
404	8
70	376
12	10
5	96
73	3212
3	60
4	0
3	1
290	281
15	3
360	134
0	74
28	1602
285	355
0	63
548	10
49	172
4	0
3	1
3	137
5	16
93	1220
169	739
111	65
397	27
174	0
10	286
17	58
0	1
0	350
114	301
17	1883
118	0
29	142
252	9
232	1107
17	76
174	0
26	0
1	0
30	337
87	0
1022	0
445	0
42	390
129	98
629	302
64	1
50	1
31	43
1	106
323	106
23	62
80	0
14	0
164	15
39	1144
108	197
0	5
119	8
6	0
5	0
0	0
1298	1416
141	0
274	1676
227	78
1	0
23	0
0	0
76	470
177	1
556	115
23	384
102	0
97	2561
1573	23
0	0
79	5
1966	261
15	13
20	174
37	1
54	0
374	0
739	180
0	0
16	23
158	14
33879	10
177	6
95	197
172	1228
0	0
127	7
1119	31
1004	109
25	1646
48	4
27	0
33	369
0	0
0	0
8	239
0	0
0	0
0	0
0	0
0	0
1	102
0	0
13	0
305	0
41	0
32	118
572	150
0	0
0	0
0	0
2	0
84	495
259	16
2084	178
0	16
0	0
99	780
60	254
121	1445
16	2031
20	165
2	0
87	0
28	96
210	337
0	35
2023	15
157	29
0	1
14	3
8	0
95	130
3	21
185	1665
477	3
13	0
14	0
6	0
165	10
780	0
6	43
616	544
884	304
1373	1180
4	0
2	57
8	852
0	215
59	233
0	0
12	4
0	9
30	4
931	208
340	0
4	205
3	731
67	1172
200	275
0	23
256	53
572	1
242	31
484	32
321	566
3	4
49	301
293	112
94	1577
5	0
10	297
0	0
1	44
16	1
443	0
159	0
565	31
147	0
3736	0
19	0
0	25
0	48
22	0
0	0
40	583
3	796
52	47
4	0
102	0
689	851
0	0
70	77
196	67
0	0
3	2
11	0
5	1
652	491
786	10
1	0
137	9
0	19
0	8
216	0
1	4
8	107
549	0
2	184
147	1966
0	0
0	4
11	51
0	0
119	501
1	519
15	5
0	0
0	113
17	86
41	137
29	0
2	0
2	0
14	178
0	361
0	32
0	17
2	1
31	2881
0	0
0	0
0	0
0	0
0	0
0	0
0	0
0	0
2855	853
0	14
5	5
0	0
2187	0
261	898
2488	11
397	0
88	0
175	0
128	0
2	0
22	4
220	173
0	0
366	0
90	8
462	370
0	147
62	2
187	0
239	0
85	0
2492	2914
434	103
0	0
0	0
0	363
11	426
0	0
3	374
1	1176
10	584
7	0
0	0
95	0
1640	1700
1756	0
103	146
28	73
178	72
681	154
15	28
431	326
22	63
6	215
59	2033
272	91
3	463
7	122
4	0
0	2
0	2
22	0
1315	66
1836	403
149	0
19	134
35	216
1	26
2	37
592	256
145	0
1	2
2	0
2	16
7	0
50	274
159	37
31	1260
468	0
0	0
3	51
31	0
725	0
225	0
392	0
137	0
0	0
1337	23
48	23
20	0
817	20
590	1739
348	166
921	0
16	0
50	4
1171	3
1679	363
535	293
0	21
150	1
16	55
228	168
179	0
1431	0
291	23
1634	0
500	317
122	0
1257	31
16	0
4	34
0	0
17	22
53	57
52	2
0	0
0	58
22	1
0	0
34	0
31	103
2	0
0	0
0	0
419	116
39	140
0	0
0	0
2	0
8	212
446	13
49	722
0	0
388	1538
1	0
5	0
5	0
65	135
15	7
8	1
58	0
30	90
0	0
0	0
0	0
1	0
2	0
0	0
0	0
179	306
6	0
13	114
1995	386
1010	0
1	8
78	146
90	155
0	0
23	1433
511	170
0	126
122	1200
16	0
0	0
15	87
0	71
19	125
48	0
9	1
7	0
54	66
1306	39
4348	45
419	3
23440	237
0	0
0	0
24	304
1	0
14	2
0	9
33	166
294	1418
0	0
0	0
82	118
0	0
0	0
0	0
427	108
2	138
1	1
0	0
0	0
0	0
0	0
0	0
176	1442
0	0
0	0
0	0
0	0
0	0
0	0
0	0
0	0
0	0
3	24
91	0
11	290
15	0
194	322
595	117
235	722
42	1445
6	0
6	0
25	1232
49	0
476	81
10	660
365	179
177	91
0	0
55	135
0	0
254	20
609	0
804	0
1372	383
0	0
110	270
921	0
83	0
83	71
759	247
547	21
39	245
38	129
40	57
63	0
23	0
6	208
321	230
2	153
1	82
198	1620
2071	151
0	0
0	0
1	2159
9	438
165	224
339	1498
261	0
1339	82
1363	14
0	0
32	163
0	0
5	231
2	4
198	133
70	1134
112	1
167	687
31	105
82	152
262	2231
403	212
12	1046
35	83
141	156
2	364
45	134
12	33
0	47
493	0
1301	0
376	555
13	26
3	56
8	122
19	33
9	122
2	865
0	6
0	3
1	0
0	0
0	0
1	0
7	2
0	0
0	0
0	0
0	0
71	4
5	297
0	0
1	0
0	0
25	1
177	50
317	457
12	8
206	0
236	0
3133	846
4139	0
3	30
7	0
58	0
0	13
1	0
12	3
251	4
761	0
2055	47
135	1
493	3
385	0
76	16
112	2553
10	0
393	796
130	0
221	149
6	78
858	0
25	4
171	3
1190	0
662	1185
4182	2375
4	439
2	51
1416	2
10	24
12	1
63	0
1	0
13	0
0	4
5	105
114	43
623	1
709	0
548	309
1208	148
0	16
0	0
0	0
8	0
0	0
0	54
20	0
0	0
0	0
1	107
1	0
3	1
0	0
2	0
4	254
13	0
125	198
293	253
135	0
6	97
0	1
8	143
0	7
1705	442
0	0
52	260
0	0
352	0
282	333
961	884
258	0
97	426
460	14
204	445
360	359
6	106
62	151
59	1
54	0
97	0
12	35
456	672
30	0
0	1
4	19
99	0
21	345
1952	138
0	0
0	0
0	0
707	2837
48	56
0	74
90	0
0	5
0	0
2	1
0	0
0	0
401	0
15	6
0	0
1814	13
561	628
1	0
49	0
4	1
42	268
19	6
28	8
0	0
8	62
3	24
19	775
0	1047
802	1649
185	20
0	0
6	30
510	15
588	118
2	0
266	0
825	34
52	115
35	4023
0	0
17	6
0	0
0	0
0	0
95	150
92	4
12	115
4	13
86	73
402	5
466	0
1374	0
246	12
1	16
0	0
53	1
59	3
1780	55
0	0
0	0
0	0
0	0
0	0
347	142
236	367
0	737
716	0
8	0
6	0
1	0
1	0
0	0
4	0
0	0
462	0
172	137
1	1047
1	148
0	1
81	196
1238	252
203	0
82	3
65	410
13	0
1	0
140	26
79	231
0	0
291	1
223	444
0	30
541	2842
0	0
3	203
3	253
0	0
9	756
6	24
1	141
5	19
30	32
309	26
1	27
0	0
80	0
7	0
1	19
3	86
0	3
0	0
79	2
205	4
444	111
0	717
0	0
4	0
165	0
4	18
746	0
11	78
372	0
793	21
45	0
316	752
154	14
564	33
152	0
7	0
337	0
0	636
2	9
0	0
0	0
156	641
175	644
1032	16
2	2
283	471
290	12
142	165
53	573
0	0
13	20
165	0
5589	0
1333	0
340	1
6	137
0	1
9	215
884	0
964	1
484	534
195	1
1386	0
0	71
439	309
179	102
62	57
7	0
251	330
45	58
12	0
0	0
95	527
154	527
1007	3066
3829	0
768	260
72	252
166	20
48	69
1	1
5	1836
0	455
1	0
0	179
61	521
783	0
13	0
2	5
12	12
204	88
58	1279
1231	947
135	1194
45	181
106	0
54	0
363	0
816	0
307	207
76	1445
4	20
174	0
10	0
0	0
578	0
13	26
37	1036
364	830
4	353
342	150
189	1
144	0
268	18
30	1883
10	10
60	675
0	0
3	10
5	0
688	542
472	0
2040	2033
517	1
255	0
6728	0
210	299
334	61
176	171
89	49
49	95
0	0
0	0
19	520
154	662
8	107
29	277
0	0
0	151
0	1
0	1
84	142
646	158
145	349
1	82
38	124
482	732
0	0
409	84
157	0
2497	13
0	0
1655	374
4	0
2582	3
47	0
0	41
209	150
805	149
1	41
95	142
21	0
48	2461
0	95
10	548
0	0
4	285
2	286
0	0
0	1
1201	69
46	0
517	21
0	0
183	70
0	74
246	1003
5	107
35	307
0	0
3	0
0	0
13	42
0	0
0	0
2	0
6	3
72	0
4851	1
3	0
2	0
1193	0
2913	0
87	0
0	0
12	71
2320	0
713	0
0	0
664	1863
19598	1
1206	0
349	0
88	57
8	0
0	0
164	668
370	98
22	37
11	30
97	39
19	0
3080	0
2344	7
131	0
392	0
0	0
74	0
9	38
4	11
18	151
384	520
528	441
145	1636
401	171
492	0
70	348
0	0
3	74
181	1060
6	38
0	91
14	33
7	361
1	61
1	0
0	4
0	2
0	1240
21	26
6	4
0	154
4	0
0	3
0	49
0	0
0	15
132	9
0	0
0	0
326	2432
5	180
779	518
3	83
6	341
63	0
842	1147
100	0
2	0
4	0
773	474
936	389
773	0
225	0
364	126
146	0
191	10
764	0
84	0
326	48
0	0
4439	2275
136	2143
46	0
3	430
4	30
9934	0
725	52
856	280
177	363
110	329
259	24
65	12
773	0
174	3689
4197	86
502	0
222	0
2	1834
10	177
2	0
247	505
0	3216
1470	21
947	2023
4	0
7	0
147	1250
450	3311
18	45
0	34
452	734
5	156
9	173
130	0
0	0
0	0
1178	0
134	6
368	78
14	0
24	200
73	2458
19	211
30	2183
194	5
62	2478
0	0
0	0
0	0
120	78
284	285
774	17
2366	0
85	484
81	442
619	0
0	33
0	0
19	3
0	91
612	0
23	1553
0	41
66	223
21	620
106	0
77	195
42	2
1	3
300	281
53	1036
0	0
0	0
56	88
1947	489
28	0
29	0
35	1999
240	2024
0	0
0	0
1285	763
0	0
183	612
0	212
0	0
0	684
341	8392
853	9
0	0
2	23
117699	18
212	2
408	0
43	0
49	624
76	0
686	429
1	0
503	1054
88	0
239	99
16	61
119	1552
3034	0
354	1
30	0
1718	1860
1754	0
594	1275
8	561
912	2
0	22
306	0
79	156
174	12
11	822
4	0
29	606
39	208
25	0
41	108
0	0
0	0
0	0
69	0
29	0
14	140
2044	1666
114	2
112	421
0	0
83	226
22	145
2	36
2	37
14	381
62	278
0	0
665	0
263	988
24	12
1	0
2	376
12	0
2	114
28	2105
736	39
163	436
103	202
5	39
4939	157
14	23
5	0
7	1
3	80
31	0
0	88
15	7
3	5
4	6
7	1
159	35
0	0
1	0
0	0
0	0
4	95
0	0
14	2
2	0
0	0
4	0
342	20
138	6
98	141
4	13
294	639
2	1021
0	0
0	0
0	0
0	0
0	0
0	1
5	32
50	257
79	0
2	37
0	0
0	0
1	0
495	123
48	46
446	956
130	554
134	159
2	402
44	6
128	20
74	0
37	0
33	1039
36	104
258	40
1	3
809	10
0	104
157	33
323	50
0	0
18	115
19	214
922	0
2	0
0	0
1	8
1	0
29	302
234	382
5	3
10	0
100	134
130	317
649	31
4953	33
0	0
218	1456
61	23
704	355
45	67
296	1
486	115
2	0
35	113
79	368
944	7
1008	80
43	0
117	0
3	0
1	343
288	284
0	6
280	0
367	1583
8	208
327	2356
60	276
4	203
1373	251
75	180
0	4
2	0
9	75
487	0
110	35
33	0
208	558
3	24
299	655
5	1
171	715
212	966
69	208
14	704
66	0
3	170
0	0
558	54
190	287
117	115
78	1674
0	0
236	511
0	2
2	0
7	12
0	0
7	0
7	0
20	1977
0	2
0	0
0	0
0	0
71	120
376	473
0	0
1578	0
2	12
0	0
21	1596
48	118
9	33
4	0
244	0
2140	58
2	410
3	2
3	576
8	17
1232	1089
42	27
6060	1
0	0
173	1713
907	108
268	14
1201	4
20	2
181	0
139	9
982	463
4	133
0	34
0	194
1017	455
734	0
32	2
0	304
150	8
518	1264
646	631
519	209
1534	417
299	0
30	1263
129	192
82	23
5	122
591	0
750	4
121	198
7	177
0	13
140	0
412	22
467	97
1574	261
1783	292
1380	764
27	77
563	0
73	9
93	45
19	1
101	18
2918	1
540	8
1872	0
158	0
3	180
1	0
3	0
1900	0
74	589
47	127
1	435
2	0
579	8
0	0
0	0
8	12
18	3
18	0
65	87
0	0
0	3
478	1
285	123
249	4
162	28
111	530
331	0
4	856
1228	0
93	121
0	46
439	78
0	152
0	0
0	0
51	1070
63	0
2832	0
732	0
229	7
0	0
0	297
3351	1
0	249
1	0
2	780
9	51
509	547
314	15
32	250
200	471
0	0
279	187
179	0
873	891
125	3504
8	0
0	0
779	172
104	70
342	1
2	0
2	32
0	1597
1100	23
350	0
2	25
0	0
25	368
0	87
239	792
650	0
48	221
150	42
2	76
0	0
5	24
2338	4
1	0
29	148
746	0
142	330
2	0
0	0
5	4
294	425
65	139
3421	2159
1246	0
20	0
126	0
1270	267
10821	39
0	0
3250	6567
642	1213
0	0
0	0
0	0
1	1
44	0
0	0
5	0
20	241
2	0
18	80
1121	2293
29	0
0	25
855	238
0	0
0	0
33	0
2	55
114	700
37	1971
0	0
0	0
453	97
0	0
475	0
4	0
123	2
25	172
997	326
733	13
62	4
0	5
38	147
2	104
0	0
100	1
639	218
98	58
0	8
493	1
396	0
1047	0
22	398
505	1852
54	675
37	34
1643	101
92	401
78	0
93	0
0	0
0	0
0	0
283	399
0	1764
126	1302
398	39
306	1788
610	0
410	13
58	0
0	0
1129	37
0	0
2	993
130	371
39	0
63	25
6	62
0	1011
0	0
1	114
4	523
0	49
16	0
5	393
3081	650
30	1070
0	1221
0	0
3	4
2	434
0	3
0	0
0	0
182	216
370	177
16	0
37	1
235	0
366	2515
0	959
61	588
0	20
39	41
260	153
233	0
510	0
392	0
164	6
48	30
77	0
72	60
0	28
68	571
583	0
364	0
156535	2165
87	1498
74	0
0	11
1073	1702
565	0
2	0
1065	2338
0	73
823	0
415	0
405	948
476	17
422	52
0	1011
0	67
20	783
249	284
657	254
3	25
0	1
914	0
10	116
11	0
48	310
13	0
0	0
0	0
0	0
0	0
1177	678
1	0
2	50
17	64
4	1506
68	0
0	0
2089	109
261	0
448	0
112	453
0	46
42	131
4	1360
0	121
11	21
135	23
706	892
3	27
16	142
51	47
100	0
1	1223
0	978
89	959
166	8
5	0
837	1939
203	460
24	194
277	95
8	23
0	0
4	1
0	0
0	0
0	48
351	1360
12	0
9	0
417	1
1321	17
0	92
1535	13
230	42
9	0
326	36
297	460
0	0
192	317
0	0
0	0
697	1
105	536
357	0
163	43
104	34
42	27
107	11
57	708
648	1
0	1
157	0
236	135
372	777
325	254
236	102
2	3
337	742
154	60
61	31
0	0
0	0
1	0
0	0
8	220
71	405
5	8
63	24
0	0
389	22
1803	0
42	71
62	10
67	4
56	1190
221	0
0	0
35	3
718	188
2	0
0	0
102	187
0	0
0	0
14	130
0	0
24	152
33	5
11	75
509	395
276	197
108	0
130	0
445	368
0	0
4	7
331	0
85	29
1086	215
90	0
709	1669
26	226
14	416
218	76
0	24
180	743
54	1
7	0
7	140
0	0
0	63
1557	5085
2	26
0	0
538	65
11	13
280	3
331	77
0	4
350	2
1516	0
434	0
586	127
5	473
32	1
5	12
0	0
0	254
0	0
0	3
0	1
0	0
94	126
0	43
0	0
21	0
0	0
150	188
6	42
4	82
336	1382
140	0
3	10
118	163
260	41
512	320
55	700
0	2
3502	1
209	37
2297	1093
1291	3
288	3
0	106
0	1504
11	537
13	3
3	0
0	248
152	0
268	0
356	0
212	17
510	284
9	154
6	0
4	29
249	1604
3743	67
18	9
0	4
403	0
795	6
141	229
47	85
0	154
0	0
0	2
18	360
1359	23
0	3
81	0
185	4
16	157
8	147
17	476
6	0
0	16
320	186
1672	0
1084	5
4	3
190	0
5	345
6	0
927	0
292	3
11	40
0	0
6	31
55	217
144	1031
7	0
0	1
400	2
28	909
1	125
30	53
2	75
10	122
9	434
1	1448
7	0
9	1
0	2
39	0
145	0
638	604
161	2336
122	379
38	862
4	5
51	224
198	126
1754	347
2	3
494	591
58	1744
336	12
157	59
1250	1571
352	80
158	90
470	48
978	92
662	0
0	0
78	193
1253	0
138	557
300	142
12	520
1	106
0	0
0	0
0	4
3	0
0	0
1	1
0	60
82	0
11	87
0	44
6	2
9	87
87	190
53	7
0	10
52	1
7	31
15	348
3	1
6	0
14	1
305	571
164	302
100	3066
4187	951
0	0
262	46
21	795
0	0
47	12
23	0
0	0
886	3499
16	97
188	221
41	106
263	2
327	121
139	0
781	0
99	1871
4	86
5	1
129	0
1	0
46	1171
0	0
4	0
11	58
1	1
194	3
26	19
104	196
0	0
0	0
11	669
2353	6
1616	157
1406	0
334	1580
153	2
339	1742
106	173
0	0
971	0
34	0
204	4
225	0
1026	0
170	0
15	926
0	0
960	0
291	59
254	416
1059	786
209	1
1020	39
3	29
3221	52
1524	50
0	0
11	24
0	0
88	519
0	0
7	924
155	18
363	305
117	0
125	305
0	0
0	0
744	0
0	0
2	19
8	10
0	1
6	6
0	0
1	0
1	1
0	4
6	39
40	364
0	24
0	0
43	0
0	28
0	0
12	28
44	0
0	0
664	0
647	0
0	0
274	0
0	0
687	0
550	491
79	243
22	15
0	0
20	681
1041	150
0	0
0	0
0	571
106	10
159	0
1399	0
0	0
3	52
355	105
263	8
676	46
79	4
0	0
1	0
46	0
186	31
24	0
165	14
852	0
171	0
62	0
1275	658
257	584
25	13
0	27
33	16
242	545
0	0
13	19
809	0
151	1492
0	0
295	105
643	70
1	3
338	0
574	895
50	0
405	4860
0	64
119	0
449	169
24	1304
0	3
38	124
0	80
59	1868
6	239
2	2
0	0
4	0
0	0
0	29
11	0
4175	290
1	97
34	777
34	49
32	41
138	320
205	2031
1242	639
60	0
95	142
460	597
113	0
185	8
0	0
121	28
1242	5038
1205	2715
67	1056
447	0
1069	296
0	62
168	30
0	37
31	0
10	0
0	351
0	0
5	193
0	88
2435	0
302	0
0	0
281	0
459	349
15	9
4	121
34	0
3	0
37	1
0	0
18	124
26	69
0	48
1	50
0	0
3	1375
0	204
103	3
219	782
613	0
359	129
57	397
6	70
0	0
0	0
10	552
0	5
0	0
603	1792
473	1
11	886
0	68
216	647
0	0
0	0
5	2
917	86
1109	0
1	0
117	0
4	45
3	0
1787	1
163	311
399	65
10	453
0	0
32	0
2	18
11	1
49	1571
143	391
10	84
0	0
1	648
96	0
1	0
15	130
45	488
287	0
70	617
2	0
15	3
0	0
85	0
133	0
0	0
623	9
0	0
0	26
381	107
0	0
84	41
1	0
0	40
0	16
0	24
1	0
7	8
30	65
1	6
844	274
74	956
9	99
941	0
398	0
0	0
187	0
139	21
1396	16
2	6
1	147
8	22
10	28
1844	76
966	1751
0	0
0	0
9	25
0	0
28	1
5	255
0	16
0	16
0	1
834	216
102	0
0	107
0	0
3	0
26	1
79	1
2100	43
1132	0
0	3
1	14
34	0
103	3329
0	374
35	312
7	55
230	975
268	671
2687	0
895	3
3	24
0	27
0	0
58	1473
13	400
5	0
6	471
64	194
0	0
75	570
596	0
101	0
3	68
162	0
120	9
86	713
0	0
14	0
0	0
7	0
75	26
4256	3500
0	0
20	5
0	0
0	32
379	1
0	0
0	0
0	0
2010	56
0	5
268	571
0	302
0	0
102	28
1034	1
12	36
142	42
58	42
333	0
34	369
794	5
952	9
4	0
466	0
723	0
648	56
10	185
351	0
308	314
2	10
22	0
119	216
8	91
36	38
0	0
2	0
3	2
0	0
2	2
2632	2230
2	18
0	0
12	42
0	91
11	72
5	788
0	44
1	9
41	722
2	1
0	15
8	328
116	2563
177	0
1717	5
12992	1
111	79
199	1
3	1505
653	283
167	0
1160	1984
925	76
167	46
1062	150
355	40
23	0
9	473
0	0
8	132
0	4
60	49
22	0
6	139
0	0
29	916
16	81
0	0
0	0
1	0
6	0
1	0
0	66
0	188
1109	0
25	173
2	434
0	0
0	2
1082	74
3	15
559	683
0	107
349	153
800	84
50	88
76	673
2	5
252	220
1277	1968
0	0
169	711
76	3
32	10
349	498
61	0
13	2268
0	3
0	0
69	200
2	4
2	11
0	0
41	200
303	38
25	83
586	6
9	466
508	621
3202	172
2	1158
84	947
25	9
98	2559
52	0
366	1193
0	0
4	0
0	6
0	0
2	3
0	0
1	0
0	0
21	3
0	0
0	0
135	91
1808	17
773	144
257	1638
4	15
1	0
3	0
507	0
0	0
483	1624
0	0
0	0
0	0
3	0
0	0
0	0
1	0
0	531
5	27
4	20
9	0
0	1
132	222
0	0
225	229
0	0
270	0
0	0
11194	1
1834	0
753	225
0	0
27	91
0	0
20	0
1	2
1	0
58	90
31	1875
31	572
1	16
11	19
11	0
182	1912
12	0
4	88
30	0
1	50
129	201
34	74
324	1
2	9
0	0
5	134
1583	425
162	180
0	0
0	0
0	0
44	2
103	205
68	32
206	408
254	2687
21	213
71	0
1595	0
378	232
80	1218
24	66
413	493
209	175
464	1878
194	12
84	40
3	0
174	5
221	2405
753	4
0	0
0	0
1	0
1	0
4	0
0	0
62	561
477	0
502	3
440	184
1305	2033
60	54
96	0
3	158
77	21
0	3
45	6
0	0
19	79
448	0
80	0
3	0
8	0
2	38
15	379
9	391
3	113
6	32
6	18
382	141
894	436
75	2
7	13
0	11
5	0
6	4
19	1823
158	924
7	605
30	63
1482	66
194	4
25	5
0	9
26	19
0	4
0	0
0	0
189	1395
0	0
117	59
352	226
31	0
0	0
0	0
97	839
707	1423
33	2029
0	0
0	0
636	548
768	839
1	0
69	1
1	0
0	78
0	0
0	4
0	0
5	5
2	8
0	10
28	54
6	0
0	0
16	91
0	10
11	0
52	391
88	507
117	0
683	26
340	376
768	22
77	6
99	0
0	233
0	0
0	0
26	47
15	0
288	104
159	12
188	190
2	1
2	8
1	0
117	5
421	474
0	0
3	0
4	21
210	6
219	6
0	46
383	363
382	0
521	1645
0	36
0	2
2	0
0	0
24	822
1	521
0	2
9	2176
91	496
0	0
26	0
0	0
36	257
330	106
30	2
984	135
864	0
287	144
13	53
0	911
1546	7
11	0
116	13
0	0
0	0
4	4
21	602
4	1
11	0
88	1
0	0
0	0
0	0
12	0
0	0
0	0
12	1266
212	493
30	18
490	172
240	0
406	0
125	0
0	0
0	0
2	0
0	7
0	4
0	183
770	65
356	215
2	354
85	1308
208	784
4	0
317	384
39	86
96	282
1	7
0	0
18	23
2	7
0	162
2150	703
1	100
1203	88
1	0
392	498
0	0
0	0
0	0
0	0
0	0
0	10
91	11
130	1
415	3
195	0
504	508
327	319
1158	0
607	1226
5	230
61	526
201	203
851	48
285	0
255	0
1091	1
271	224
170	0
1084	1228
0	0
601	0
0	124
15	53
3	2
6	1
0	179
8	451
349	0
1	4
0	0
697	2455
303	0
410	7
3	64
40	1965
22	89
35	190
517	143
0	0
71	0
9489	0
742	3
840	1749
88	62
11	0
60	73
5	39
307	2089
0	99
88	785
0	0
240	170
0	0
0	129
2	0
274	299
107	2262
185	0
521	0
697	1729
0	9
3219	341
520	76
336	41
54	56
801	105
14	0
3	0
13	0
14	0
0	7
0	52
21	323
9	1
2	68
15	420
0	0
0	0
0	18
17	165
0	0
81	234
2	1154
93	218
0	5
76	291
0	57
924	0
0	0
133	156
0	0
120	5
34	154
3	0
3	50
6	185
29	0
0	0
0	0
0	0
10	15
150	50
967	1
257	1
2777	331
0	0
0	0
824	0
2978	0
3	66
0	37
0	0
630	231
1	112
0	38
0	33
1	0
62	156
0	0
87	691
741	0
111	269
0	0
0	0
0	0
0	0
0	0
0	126
33	183
152	0
4	0
0	0
0	0
0	0
0	0
0	0
43	58
288	310
1	117
1172	0
48	19
2025	0
556	82
2801	190
275	2031
320	421
0	1
723	1
1424	0
32	2
0	0
0	43
11	221
0	74
3	31
2	0
0	0
0	0
0	0
997	171
103	0
1	0
0	11
8	11
82	0
86	2
66	21
2	0
108	19
18	0
146	43
6	108
193	300
2	0
96	3
1	0
3	2
168	51
1594	3
1098	0
11	0
259	10
0	0
92	1570
0	12
99	94
0	0
0	0
1	0
3	1029
45	84
163	0
4	2
0	0
1	15
0	28
7	76
16	18
10	108
22	54
44	49
21	1132
2	777
100	0
642	458
0	0
449	3
1453	7
2147	0
313	13
1201	91
7	2285
10	0
417	44
0	0
0	0
67	0
218	1
44	0
24	74
3459	0
469	944
430	379
0	21
0	8
69	0
0	0
187	0
0	0
0	0
0	0
37	210
198	2145
1	0
1	71
975	1
53	0
4	0
3	62
9	100
16	24
0	0
443	1985
21	22
3	309
243	224
25	577
1	237
2	3
140	36
432	630
83	1139
473	0
120	0
986	122
515	1970
437	0
0	41
67	27
1323	1182
126	103
767	18
0	1
1170	56
17	0
15	3
11	104
343	1
186	20
21	101
471	105
3	141
52	270
82	0
1052	0
622	89
317	162
353	0
278	1384
372	340
147	5
443	3
3475	1864
0	5
22	96
280	516
0	0
0	0
0	0
32	451
0	0
41	75
2	192
310	492
2	7
0	0
1	0
150	71
75	393
1	0
0	0
0	0
0	0
0	0
403	615
0	0
0	0
0	0
0	0
0	0
0	0
0	0
0	0
0	0
0	0
10	0
218	0
0	0
0	0
0	1838
172	0
0	0
11	0
413	170
121	513
78	78
0	0
387	0
0	0
55	339
0	0
166	888
6	4
0	16
19	1877
0	0
3	0
0	0
30	23
5	21
0	0
0	0
349	357
790	0
117	228
1046	1096
80	122
62	330
246	0
286	7185
665	0
49	1
332	1264
1320	235
1	0
106	2
108	1
161	0
621	207
311	0
311	547
163	15
124	229
4	0
55	1480
31	685
0	4
12	0
12	3
0	2
3	16
468	0
208	301
0	0
0	231
6	0
1	2
4706	157
150	383
14	1
0	0
2	0
177	4
45	708
0	42
464	6
2	89
45	24
0	0
565	0
3668	35
120	109
706	485
1690	0
237	0
663	686
629	495
26	820
1	0
24	2722
57	108
21	1574
70	392
608	1282
64	281
0	0
0	0
0	121
932	0
284	0
0	0
1	0
0	0
7	8
5	0
0	0
3	1241
0	0
0	0
0	0
4	60
12	269
180	54
29	773
156	0
3	60
433	40
35	288
64	281
14	2
6	4
239	65
169	330
0	10
12	192
2	797
351	0
100	0
16	379
0	0
2	94
0	0
71	197
1	35
0	0
6	117
0	116
4	0
29	919
0	0
2	0
11	0
29	190
2	309
2	0
0	8
302	136
59	447
0	0
92	3
218	1203
0	124
412	0
0	0
0	0
0	0
112	1162
22	22
2	52
14	1
2	55
124	0
2341	0
68	0
93	639
0	0
865	0
3029	9
167	36
547	2
64	0
22	0
215	267
207	0
123	21
638	0
12	204
5	46
103	375
18	55
228	0
1210	3
354	1804
252	0
704	4
1703	0
81	113
465	2
644	39
201	0
0	6
455	0
141	4
11	21
366	3
628	46
0	4
1367	0
24	58
453	0
2141	2766
0	7
0	41
12	0
61	0
128	4
711	3
339	1
656	669
396	0
1	125
7	139
82	0
166	9
0	0
77	449
17	998
0	0
0	104
23	348
0	0
77	17
0	0
0	0
28	1
160	1
168	0
2364	64
2493	1426
1967	74
0	0
22	357
25	121
223	533
0	0
0	162
335	487
8	1240
3	447
6	3
0	0
70	1638
2409	172
24	219
0	0
18203	3
425	124
81	0
71	6
94	0
0	0
62	231
12	0
0	0
7	44
5	266
70	0
17	301
0	0
5	5
4289	929
0	0
4	0
1	0
40	0
5	19
5	99
2	0
2	0
21	653
10	1281
7	0
111	842
11	13
0	0
1063	0
3	176
3	15
42	19
6	140
23	1523
1999	0
0	0
0	0
0	128
0	109
8	19
80	104
0	0
61	0
15	0
15	5
1	173
28	0
198	109
157	27
184	0
2	278
0	0
4	56
457	621
2	2
0	0
7	67
185	9
132	0
1129	6
181	0
194	0
1251	5
3	2
122	552
12	83
126	17
0	0
0	4
4	0
2134	174
0	0
85	180
135	126
510	62
51	551
3199	55
10	41
458	0
0	0
4	3
121	1726
3	4
38	59
34	607
1	0
23	21
3	0
1452	2329
0	0
0	24
0	0
11	0
70	176
0	0
157	48
3	87
1	11
4	8
5	7
0	0
0	5
0	42
2	554
1	3
106	452
42	734
55	0
0	0
0	1
0	0
0	19
131	0
25	0
397	13
903	150
684	207
0	0
84	1
0	793
1293	1699
0	0
9	753
198	0
219	80
746	353
391	65
1453	0
1	0
72	198
100	0
4	206
216	0
0	0
0	0
2	0
0	0
0	0
16	0
4	2
1	136
155	130
137	1761
4	0
0	34
0	0
21	105
15	200
7	0
0	0
0	0
2	0
31	7
0	0
8	0
0	0
6	191
21	205
1	0
0	0
1	0
4	19
3	180
0	37
0	0
2	2
1	0
217	50
179	2
60	249
0	465
18	881
801	93
695	0
677	0
222	3
21	0
504	1535
749	0
10	0
280	4
542	0
133	684
13	2
1	7
3	1135
0	125
225	1376
88	79
0	0
274	195
171	563
803	38
19	64
6	0
88	0
96	0
1	157
318	25
7	0
3	39
0	0
0	0
52	191
59	0
690	1
494	9
710	0
0	0
6	54
0	127
3	1
0	10
219	1453
340	0
85	35
5	15
2	202
251	2
19	111
8	16
13	36
8	1
15	133
0	0
20	512
0	0
7	0
254	1204
31	322
0	30
2280	240
51	2
84	73
465	132
88	32
3	26
1351	0
602	0
1090	235
594	297
220	0
0	10
0	0
0	60
13	333
1	57
1	62
0	0
49	823
122	90
1443	5
87	127
0	0
6	9
14	16
904	312
79	67
639	72
327	0
56	0
1009	0
9	3
5	696
470	1656
0	0
0	0
6	5
15	678
0	1045
144	470
11715	48
169	5
114	1387
159	1075
2	0
59	2
0	900
31	13
2	0
958	651
42	56
179	2
0	7
96	0
9	4
72	547
0	77
5	72
1	0
0	12
5	703
0	0
0	1
0	13
0	0
58	28
23	508
2	2
0	21
257	0
585	2
226	0
4	467
0	35
302	0
17	320
0	0
0	0
200	0
5	0
3	0
0	8
20	729
25	17
3	66
0	11
0	16
0	1
0	0
18	70
11	43
1190	3190
416	0
427	36
9	0
97	814
14	0
182	248
19	625
786	2110
27	315
802	0
129	48
117	0
51	0
516	1939
51	2
170	989
98	0
967	13
473	149
225	0
7	22
0	0
196	1
0	3
0	0
1943	122
530	0
20	586
26	116
6	94
21	1494
497	15
131	120
6	39
1446	329
532	540
265	0
172	0
0	0
2	204
0	0
155	46
1599	103
0	0
226	409
0	24
0	0
0	0
1	248
0	45
138	116
314	0
1025	1597
162	24
786	5
297	0
64	313
65	0
877	624
172	205
39	0
252	893
322	215
0	53
1991	12
1	0
19	38
3	70
0	2762
1	1
270	0
1053	2
10	251
0	0
73	1388
0	0
3	11
378	641
0	0
4	13
3	307
6	2
21	514
0	19
8	11
6	1
2	1
6	1
10	34
9	0
151	199
14	556
0	0
3	0
0	0
0	2
220	435
0	0
0	0
105693	9
682	231
21	0
0	0
755	15
0	0
41	0
170	0
71	6
0	3
4	0
3	1
0	0
0	0
156	0
1	0
5	49
2	0
456	47
0	15
14	120
45	35
62	0
13	244
31	137
0	0
126	72
117	203
115	191
0	1
0	83
0	5
618	101
22	51
31	0
0	0
0	0
3	1
0	0
0	0
1	0
127	533
113	0
9	0
120	0
52	0
15	147
86	1
159	0
1	0
82	1
97	54
119	0
0	0
8	0
0	0
0	0
34	5
0	106
445	129
13	0
86	522
0	0
31	187
2	0
138	34
1	0
1	4
0	0
3	4
0	10
5	58
23	88
102	6
167	29
18	0
18	0
0	0
0	0
101	354
0	1
107	426
396	1740
56	0
162	0
244	15
432	1652
0	55
3	1448
23	256
10	183
227	123
2856	0
719	27
521	36
0	308
394	8
4	87
0	0
89	0
318	320
0	44
5	0
0	0
9	30
25	379
516	157
154	0
380	0
68	262
3	8
60	312
781	15
193	16
43	602
36	48
0	28
117	1008
15	10
2	0
85	0
547	9
308	51
601	5
131	72
196	10
21	1757
29	1
6	641
33	0
3	0
270	42
15	117
2	26
82	507
213	2659
105	38
230	1
23	268
49	0
27	587
0	262
1	8
7	3
21	7
0	0
0	3
0	1
0	114
2	154
0	6
3	0
0	1
0	0
0	0
87	123
2	0
839	126
0	36
477	0
83	1
54	274
916	1224
0	2
606	30
0	60
88	55
0	0
52	324
0	970
5	0
7	0
19	0
0	0
0	1
0	0
1	0
0	0
0	0
0	2
31	19
1175	0
7	194
239	556
0	0
0	3
98	1195
2	14
429	368
0	0
0	0
0	0
0	0
0	0
50	11
0	0
11	744
0	0
11	0
627	338
0	45
3	2
2	57
0	0
290	46
0	1096
38	13
4	22
0	0
0	0
73	821
0	0
0	35
1	0
0	0
0	0
450	8
3502	0
0	63
0	0
291	2237
0	0
114	0
393	19
50	21
5	468
0	0
5	15
1	0
15	39
4	0
11	0
640	115
541	0
7418	185
35	444
1	0
0	0
0	157
16	0
66	1166
29	0
141	283
0	7
0	7
22	51
148	1180
0	0
258	2
661	1291
58	299
1	1
0	0
63	163
4	1
0	0
11	107
19	7
12	6
7	0
0	0
0	0
0	0
66	12
0	11
3	3
3	49
0	1
3	0
0	0
1	0
0	0
0	0
0	0
3	575
0	0
7	1258
2	14
1	0
0	0
0	0
0	41
0	0
0	0
0	0
0	0
448	1222
0	16
71	0
0	0
0	0
20	118
48	0
95	2
13	45
0	12
0	45
13	14
718	248
14	942
17	0
23	167
553	178
8	65
166	0
0	0
0	0
793	0
148	0
0	0
0	64
7	1
321	0
318	0
963	1209
9	169
0	34
1	90
0	15
12	488
61	184
1	0
182	512
12	324
512	1737
8	311
96	173
18	277
57	291
0	286
976	2
0	0
1138	49
20	13
32	56
0	0
645	1153
194	0
628	0
32	40
1928	270
6	1
0	0
0	0
39	677
326	0
1339	466
209	0
97	332
115	0
224	12
17	11
174	369
24	10
120	231
2	0
325	0
0	0
1057	347
60	0
0	28
0	0
14	70
0	0
5	77
0	0
0	0
2288	826
2	292
149	37
26	152
28	130
1	376
2	0
10	0
28022	221
386	6
25	107
10	50
54	475
5	11
44	241
31	63
1	0
692	2546
1088	1632
0	0
1195	0
85	0
567	1
213	1
617	0
0	0
25	231
0	24
0	0
10	141
2	21
0	4
5	15
27	134
64	27
206	580
58	0
1	343
0	0
0	44
0	0
0	0
28	1
181	59
2	90
135	109
22	0
35	0
0	0
0	1
0	31
1	100
0	0
2	71
8	0
6	0
2	1
2	0
1473	20
0	0
0	0
0	0
0	73
0	0
33	0
0	0
2	0
1	0
0	55
155	0
744	103
839	7
1	22
180	229
279	0
48	19
2	1
192	105
25	407
158	768
1072	581
1668	18
749	462
595	0
31	2
998	3
46	5
0	11
35	1242
0	0
0	5
0	0
29	0
0	0
369	126
27	13
0	217
197	0
1257	0
1589	123
11	0
388	0
187	0
1	1
9	0
6	15
646	625
15	8
1	13
8	14
0	3
0	1
0	0
3	47
0	0
0	286
1414	0
2	3
21	3
57	77
0	0
51	185
0	0
0	0
0	0
3	153
1	0
1166	0
0	58
0	1
505	6
16	0
110	0
292	0
72	21
85	0
65	1
44	1
25	0
121	27
19	0
29	0
12	0
13	0
906	74
2	100
270	2192
190	59
11	90
3	33
1	0
0	0
6	8
155	0
638	0
1216	128
0	6
15	77
0	1
29	186
0	240
0	114
21	448
0	3
12	504
0	2
0	41
799	1761
0	37
1	1
15	164
0	75
128	7
254	7
156	0
675	0
1506	20
120	2405
720	934
601	0
878	6
382	63
190	174
67	641
393	0
248	0
421	0
310	91
388	1
1	0
44	1
0	0
547	0
0	0
1	0
12	1900
24	331
52	7
0	2
87	64
163	39
100	1
13	0
29	0
77	54
51	0
1057	683
132	198
1105	1305
2	0
0	0
1048	17
428	14
175	107
166	0
205	0
2	41
1213	0
4	2
118	1970
320	53
381	0
0	0
21	164
677	990
273	0
30	39
0	2
0	0
79	306
13	350
2	0
94	0
222	0
0	47
4	0
67	317
0	0
91	1
31	268
0	0
0	1
1	98
14	128
11	2
8	0
31	0
11	0
177	2
0	41
1	0
0	40
2	56
0	11
0	148
341	123
12	0
60	1292
125	135
16	0
0	0
376	670
610	0
0	32
0	0
356	0
49	14
2	0
30	63
0	249
0	0
73	1104
114	3
12	13
16	380
3	158
8	32
0	41
59	0
374	250
0	0
2413	754
7	153
1	0
0	0
21	1309
110	51
71	713
3	1
0	2
0	22
0	0
294	1769
7	18
0	0
0	0
558	0
2425	0
6845	0
61	335
21	51
1075	135
11	3
36	7
6	119
917	319
0	0
4	0
0	0
0	0
2	0
88	1566
38	79
11	29
326	2121
1	0
491	563
1	0
0	0
1	0
13	525
4	2
1915	0
301	77
1	0
50	186
0	0
85	168
2657	156
680	118
7	0
23	15
0	0
37	501
135	701
66	274
0	0
1	0
53	1
147	125
18	1
3	13
0	26
0	42
1	1
7	23
66	3
119	459
2	0
65	23
30	177
40203	24961
26349	69
420	0
0	0
0	0
158	209
266	5
9	0
712	19
392	38
0	141
27	408
851	125
885	160
903	321
72	530
6	0
0	0
142	1
20	4
93	1
2	0
233	21
48	3
5	0
186	1
33	0
30	0
373	0
0	115
0	0
508	0
472	14
141	0
262	0
195	196
18	54
0	0
6	0
5	0
1	194
162	0
0	4
31	796
4	30
0	0
0	0
0	0
0	0
0	0
36	367
306	1383
449	0
105	2
4	0
76	26
11	597
0	0
0	0
1172	129
6	36
46	0
284	1
937	1
0	4
1352	4
1554	2
36	0
3674	0
9	118
2207	480
1	10
1	0
46	18
9	286
0	0
0	0
1019	699
608	2632
409	1203
285	132
38	447
45	0
185	121
832	482
23	31
1071	0
39	1112
17	259
30	28
34	0
0	50
1	0
0	0
8	0
1	0
0	1
0	0
1081	9
409	0
140	0
21	20
8	0
10	75
211	1
81	1686
11	554
0	0
266	142
857	107
0	0
309	1532
92	166
1	0
4	288
0	52
69	3500
1	10
0	204
0	2
2	0
14	980
0	279
0	282
24	230
9	14
83	78
19	37
90	4
549	1435
13	131
95	377
0	38
69	162
0	0
26	3
1	4
3	260
0	0
6	0
7279	942
8	91
1	0
4	0
0	0
0	0
4666	342
781	8
174	335
278	144
104	0
900	10
22	3012
0	0
0	0
0	0
0	0
16	101
30	1260
29	16
0	3
1	2
0	0
0	0
1	0
0	0
0	0
0	0
0	35
8	54
5	0
146	181
42	106
79	0
964	1
74	0
0	0
101	0
0	0
34	5
0	0
24	0
903	8
56	60
237	456
0	0
21	1792
1	4
5	13
16	14
1	11
9	86
28	0
0	0
0	0
0	0
0	0
1	0
0	0
0	0
7	396
1	0
149	265
130	0
2	39
1	55
440	954
9	142
65	67
3162	267
0	0
10	212
0	3
1	0
0	0
2	0
0	0
0	0
0	0
0	0
6	6
425	0
0	0
527	0
154	212
1681	172
2	0
0	69
3920	1
652	394
347	266
112	0
0	0
94	1632
0	265
416	32
1	1
893	0
371	0
0	22
0	49
479	0
0	0
2	0
50	0
0	0
17	96
0	8
0	0
329	25
0	0
0	0
141	62
1	4
0	2
37	3
283	204
24	1163
4	3
33	332
3	0
0	0
212	1856
1027	906
0	8
24	11
7	313
19	1
0	11
168	0
35964	3
357	2465
744	0
260	5
142	165
152	1882
0	34
0	0
1	143
1	227
18	662
0	0
21	1007
0	0
15	80
383	2
0	0
51	0
0	0
0	0
3	76
596	81
210	3060
372	741
1	14
37	153
20	0
0	0
0	0
0	12
186	0
441	120
0	0
0	107
5	141
0	0
6	1
110	0
1037	2674
0	0
0	0
0	0
17	317
119	1567
23	25
2	0
46	0
0	1
190	107
46	32
0	0
119	0
1	0
58	0
294	1
6	107
0	0
120	4
67	1954
392	0
264	0
204	6
28	872
40	1
551	864
0	0
366	0
565	0
95	103
0	0
2	141
0	10
0	663
135	926
0	0
478	383
0	0
0	1
0	1
31	53
25	178
1	72
179	551
471	32
87	1921
159	476
1	266
551	4
45	1
3	0
128	95
11	2
4	0
1	0
1	88
0	3
0	47
5	273
9	45
221	0
28	0
1	0
1	66
2	0
943	102
146	0
445	0
106	0
0	0
9	12
0	0
177	3695
861	1
1	235
0	79
12	3
106	1573
0	0
3	57
2	487
8	0
300	0
241	132
5	4
16	70
72	231
0	931
0	18
89	1584
476	359
15	1600
16	212
15	747
0	0
81	32
573	831
216	15
226	148
162	0
7	6
0	0
76	18
32	117
150	0
698	344
348	97
6	9
84	1702
462	1752
115	0
254	0
0	8
1	0
922	1143
242	0
114	129
357	2
0	5
240	282
1933	636
10	6
0	0
0	878
0	0
0	6
2	0
0	0
649	0
0	0
1055	1554
0	22
114	192
0	0
2	12
671	5
164	1
462	342
0	0
109	39
0	0
1749	0
0	38
0	0
9	70
37	147
621	1825
517	2
393	0
2	31
1446	561
764	0
295	461
2	0
20	0
0	0
14	37
9	0
53	195
534	214
0	0
147	602
0	0
23	0
704	220
0	9
1	0
8	2
16	178
17	17
11	17
544	42
208	267
27	141
0	0
239	279
342	84
0	0
11	1976
0	0
0	0
2	0
0	0
37	86
119	9
79	390
1484	294
312	0
1566	0
781	35
696	910
301	0
225	43
2	13
106	311
213	870
0	0
0	0
890	140
69	0
47	109
396	185
0	33
542	324
422	0
1466	622
0	0
350	226
0	0
4	81
0	0
0	0
1099	10
0	0
184	53
22	277
0	96
5	98
311	0
311	80
2397	282
4182	0
730	0
952	0
8	13
8235	10
322	2301
0	6
0	7
0	0
571	0
232	5
20	5
92	46
7	4
0	138
4	14
3	114
0	0
5	2
55	16
1	0
0	0
0	2
698	0
1	0
252	7
172	591
1037	156
6	430
109	57
6	373
29	419
18	0
19	560
0	0
53	0
222	6
315	1
6	0
103	1259
0	119
1918	50
409	0
647	2650
66	3
0	23
1036	5
5195	5
228	18
4	32
562	681
0	62
4	0
2724	21
238	148
44	488
0	0
0	1852
401	116
0	0
0	1678
782	98
116	218
267	303
86	103
44	120
5101	199
2	4
10	21
185	108
303	54
126	537
690	408
96	984
0	0
76	677
112	821
727	83
10	0
0	1
0	4
241	32
2	0
4	83
166	0
0	0
43	0
6	0
2946	0
252	143
32	0
4221	752
0	0
0	21
70	0
418	172
102	319
8	219
11	40
267	1098
342	0
1200	377
75	8
859	1678
1	4
690	72
233	613
0	0
311	1
1094	0
481	57
734	0
2056	0
20	0
925	671
118	0
202	334
69	25
0	0
3	0
48	24
0	0
0	0
0	0
129	0
727	9
10	209
240	14
13	216
0	0
63	726
6	271
57	0
2	0
139	56
0	0
1	12
112	2153
0	86
0	0
4	0
75	400
56	0
0	85
356	7492
1	2
204	0
695	0
6	0
1	0
66	63
0	0
0	0
827	518
15	26
394	0
10	0
143	1097
18	178
252	114
285	21
1167	486
0	0
81	92
0	0
0	0
0	1
843	1012
0	18
79	69
207	4
0	0
0	9
0	32
0	0
131	0
109	0
13	2
8	0
194	0
11	286
0	1
423	0
318	91
27	0
591	349
0	4
1137	0
50	346
0	150
86	146
23	155
1	0
566	168
68	0
1482	172
51	0
0	0
0	0
261	57
2846	0
438	0
270	782
0	0
0	1727
3	156
0	6
244	52
0	0
168	26
217	549
143	73
117	253
58	47
8	34
5	217
5	1096
19	108
20	0
565	0
141	22
1787	78
335	16
61	164
18	39
10	516
273	1961
181	160
179	0
2	6
0	0
10	291
1523	1159
5	179
6	944
484	630
845	425
180	0
204	0
3	0
204	0
0	2
262	80
52	2
256	12
906	0
153	0
398	0
174	5
341	265
0	0
503	0
31	22
162	371
2	49
4	0
385	26
0	196
0	0
1	0
1	0
0	0
375	60
67	0
6	0
162	718
671	131
0	0
1	0
1	2
0	0
37	1151
0	0
27	237
392	0
206	0
96	837
14	1077
0	63
0	0
9	0
413	41
0	21
1074	681
21	474
336	676
215	159
333	73
32	328
0	0
0	0
520	279
725	80
0	55
0	63
20	5
274	0
69	0
152	5
37	1802
496	364
36	76
127	28
344	1
585	136
38	1183
627	0
0	203
475	0
46	538
52	1497
0	277
1	146
43	0
1	0
73	90
400	43
7225	18
123	2052
490	0
328	312
376	15
33	290
656	0
6	89
0	0
0	0
713	0
7	839
410	59
93	420
97	926
0	5
37	2
0	0
4	9
375	251
393	12
605	2320
43	0
394	347
0	0
74	13
0	0
3	50
0	1
0	0
0	0
0	0
0	3
0	5
5	162
78	167
2	0
643	1217
3	0
385	65
538	0
180	0
744	0
0	53
44	1282
1211	71
232	317
25	123
108	23
0	15
83	188
11	0
992	0
280	672
175	0
151	0
1869	0
22	356
19	509
22	16
1812	117
157	190
0	0
18	261
1200	77
0	24
100	306
396	0
25892	1
803	1014
3	356
8	2
53	0
1	0
0	0
9	83
0	0
7	0
4	0
54	11
2	0
92	0
19	78
0	0
324	0
26	108
30	465
0	0
0	413
455	141
72	0
147	2
126	138
76	32
0	486
60	442
43	464
8	0
500	697
162	1822
9645	1
802	0
16	1
4286	279
762	0
1193	104
111	0
781	129
4	2
1526	12
0	0
1	0
0	0
0	0
6	13
17	20
201	2071
0	46
0	0
0	0
34	1
0	0
96	10
0	54
36	258
11	378
1	0
11	693
4	52
930	379
0	0
306	46
550	916
93	151
0	0
642	24
106	377
0	0
0	2
0	253
7	0
369	1113
2	21
1	5
5	0
4	158
0	0
10	10
10	181
0	0
0	4
0	0
2	1
0	10
15	763
13	20
1	0
0	0
1	1
2	0
0	0
0	4
4	47
464	0
1	1225
425	0
378	96
170	4
1461	1
28	475
0	0
0	0
0	0
1	51
0	0
0	0
1	0
548	214
0	0
0	0
10	0
3	209
78	84
1	155
329	39
1062	0
15	0
652	8
622	197
990	755
40	646
182	48
444	2298
294	0
1110	9
155	0
0	340
1	0
84	2612
2	883
21	15
14	385
535	0
308	1
1102	47
470	1
3254	214
1228	289
0	0
0	0
26	0
224	0
3	1
0	41
32	0
19	4
18	211
471	1935
671	331
176	1
10	0
21	0
208	165
0	0
33	18
3691	123
337	1585
14	178
368	21
94	0
94	1654
313	0
0	0
0	0
0	0
182	119
299	0
1001	0
20	1198
8	10
615	4
12	18
17	42
155	1501
3307	0
138	2200
6	2
66	739
548	1182
58	5
222	0
104	0
0	17
19	2
23	41
230	1634
8	827
87	551
89	14
245	1295
185	1
208	0
35	2066
1	0
0	0
0	0
11	33
0	0
0	0
1	0
0	0
0	0
0	0
104	738
13	227
0	0
1	0
3	0
0	0
0	0
19	150
0	0
3	0
0	52
2	56
0	0
0	1262
3	39
0	0
407	2
342	0
32	1696
33	380
19	34
836	2217
0	0
685	0
198	0
203	0
915	0
430	1001
191	0
996	0
4025	0
26	0
6	74
1	215
4	0
33	0
273	64
29	584
0	0
4	162
0	0
3	94
513	214
435	0
85	0
250	0
745	1060
6	154
220	2917
559	1339
390	68
6	151
0	111
10	12
5	0
481	1
402	0
219	0
64	314
0	7
53	33
12	389
0	0
61	65
0	29
276	13
173	0
28	252
187	1426
37	754
802	473
7	1
2	0
155	0
707	311
244	122
40	428
351	0
414	366
63	1
2	0
105	165
1457	20
1	53
197	4607
131	154
18	258
2	49
213	176
0	0
22	0
55	0
38	77
82	0
0	0
0	4
0	0
0	0
0	58
222	0
6	46
4197	752
1	0
138	2922
1	2
46	0
52	1010
0	50
3	23
0	0
1816	2696
112	80
4	0
13	241
0	0
0	0
18	0
4	20
0	0
0	0
14	1976
770	64
6	310
160	854
1	4
13	44
0	29
29	327
7	9
33	2257
22	139
0	26
211	359
23	6
0	13
0	0
69	0
819	0
52	21
8	1897
152	13
263	30
3	0
59	20
7	101
0	0
2	115
0	0
2	341
0	0
0	0
0	0
0	0
0	0
0	73
47	168
433	23
256	0
95	1
316	244
1	4
47	129
223	189
0	5
1	0
4	0
0	0
0	0
103	632
0	0
0	0
1	1
138	0
15	1
258	2
377	3
592	41
126	2587
15	59
5	20
4	111
155	75
329	296
0	0
0	2
0	0
1	185
5	1641
0	0
1	0
219	3
191	1
304	1
1963	2
3816	0
1431	2292
0	34
74	0
167	4
0	0
17	0
0	0
0	0
80	0
3	0
0	2
0	217
0	0
44	104
469	1857
42	0
804	174
1221	770
291	39
171	238
97	590
115	35
23	189
8	103
4	0
192	0
954	0
31	316
20	0
467	0
98	829
194	114
0	3
26	20
0	0
3	2
3	7
45	0
69	0
0	265
581	219
25	121
162	268
1	216
0	0
1	0
581	1586
374	48
267	0
458	0
156	0
706	0
119	0
0	11
5	0
0	35
0	0
0	0
0	0
0	0
572	205
245	0
0	0
84	0
0	0
8	7
0	0
431	3
14	280
4	42
1	0
0	0
15	3894
276	4552
13	35
31	1466
3	206
39	62
267	0
1	128
13	0
97	22
0	0
649	254
0	0
1	0
0	0
68	51
0	0
12	117
0	2
287	0
472	732
220	70
401	3
131	207
570	203
155	46
98	176
107	358
11	27
574	373
0	127
6	85
213	11
89	220
0	0
0	0
2	64
0	0
10	0
0	0
0	0
81	158
43	0
3	0
1	0
2	0
0	110
2	110
0	2
0	0
0	0
0	0
191	21
20	477
1084	25
0	243
209	4
0	0
0	0
0	0
6	4
1	181
195	33
4225	0
514	1390
0	0
0	0
30	1128
0	0
973	67
3	122
143	0
2	0
1	105
640	87
6	116
23	5
867	59
0	0
0	0
4	3
0	0
0	0
0	0
0	20
272	0
10	0
0	963
0	0
10	0
1	1
18	0
8	0
62	0
13	0
0	2
410	1274
33	1
0	0
0	47
7	2
16	68
0	0
3	184
0	0
45	87
139	585
479	813
303	14
50	124
3	131
14	57
223	279
0	0
130	1
9	41
6	8
72	115
484	0
23	332
535	1351
0	1
0	0
8	94
63	507
396	22
336	5
354	634
124	84
181	5
240	1264
3	0
0	0
87	3610
71	35
371	240
247	0
215	0
198	15
355	241
762	513
437	133
170	1512
185	12
666	0
45	24
0	0
295	1832
24	417
6	404
23	27
678	0
840	377
195	10
126	0
2	13
602	0
0	0
3	0
3	17
0	0
5	0
5	427
0	0
8	4
1	0
3	0
0	9
27	0
157	180
57	0
32	150
64	0
0	0
10	1839
0	2
2	76
0	0
1	0
2	0
0	0
0	0
0	0
0	0
0	0
0	0
9	0
0	0
176	273
891	0
17	279
23	368
3641	5
163	88
4	0
59	901
38	217
72	590
128	2270
515	86
82	1350
0	17
567	96
0	151
360	881
1056	0
650	1019
887	966
1	0
103	94
696	584
19	52
4	110
42	6
95	0
192	170
0	0
0	0
158	3
0	27
180	77
455	0
10	4
84	53
296	0
535	147
545	730
151	1718
849	28
513	0
0	2
1227	0
896	347
0	13
2	10
183	126
0	1
0	70
385	1
151	0
996	2
494	0
49	0
389	0
29	0
0	3
94	329
0	2
8	9
3	0
6	52
263	1000
934	0
12	0
143	66
889	31
99	263
106	1
8	1
2	5
70	0
3	0
319	92
1127	146
48	0
39	1429
0	0
0	0
1	0
17	0
150	585
61	0
0	0
2286	18
0	0
911	73
457	107
0	0
2	2
0	0
0	0
1	0
0	0
0	36
0	0
4	62
0	0
0	0
0	0
0	0
0	0
317	94
38	6
221	327
0	0
470	674
72	2
0	44
171	5
88	2857
580	1521
10	350
523	14
0	3
0	0
6	112
1294	63
0	0
124	2
4	1607
20	1185
369	390
117	34
163	157
28	0
22	7
690	17
0	0
643	2
140	23
941	161
190	118
3	0
0	0
275	109
124	0
582	303
1388	17
85	0
339	30
78	69
410	68
35	1219
2	3
0	18
5	43
90	137
593	439
0	0
0	0
1009	0
0	0
0	0
0	0
0	0
0	0
0	0
0	0
4	0
0	18
22	0
65	0
0	0
2	0
0	0
1	48
0	0
0	0
0	0
0	0
2	0
0	0
128	701
4	0
0	0
2	353
3	0
46	21
0	0
13	17
12	0
11	0
4	3
52	3056
0	0
3	64
4	0
66	47
3031	10
93	1398
445	0
3733	0
9	398
26	18
0	0
9	157
20	1432
0	0
141	0
208	402
0	0
0	0
0	0
0	4
1	0
0	0
5	142
46	2
2	1
0	0
87	73
2	148
0	0
0	0
157	21
5	271
37	0
124	807
0	0
95	22
10	0
0	0
27	5
2	0
0	2
127	5
0	0
776	10
58	0
0	0
1434	57
38	53
0	17
238	18
0	111
2	111
0	0
2	37
0	0
17	23
0	0
0	0
180	96
16	0
486	1389
0	106
504	0
7	5
39	10
80	0
0	0
1	2
0	0
23	0
0	0
0	0
93	0
349	50
2	63
4	20
888	0
50	885
8	783
70	161
3	17
0	0
0	277
1533	2405
487	0
386	0
35	522
2103	3
3	0
1	0
6	7
12	4
0	0
1	0
4	0
2	0
125	0
66	0
143	404
155	313
5	41
197	273
32	2091
12	39
32	49
43	1327
46	32
159	77
32	2217
210	0
24	271
189	84
1112	1708
183	97
579	126
0	0
3	0
4	0
0	0
63	0
195	330
4	0
0	56
410	0
198	8
668	73
314	1654
205	563
2251	560
19	0
1	187
38	490
5	2611
17	0
50	573
36	329
0	2
0	1
1	300
0	0
0	717
9	636
1	1
2	8
0	0
4	10
184	606
361	2945
110	134
14	160
3	0
80	8
0	0
4	1
289	1467
3	38
0	2
1	272
54	514
0	0
2	1
18	187
0	0
3	73
0	0
15	0
2	35
132	3
17	247
29	0
3786	171
292	81
1753	0
0	0
1	0
1	0
0	26
36	2814
3	20
35	223
540	50
2	0
0	251
0	83
3	14
125	22
187	26
4	105
13	41
0	0
164	106
0	0
0	1
0	0
0	293
0	0
1	0
11	127
76	0
257	1
0	0
457	459
0	23
0	0
132	332
0	39
26	493
86	0
1	20
0	0
3	1
0	7
0	0
0	0
0	0
0	0
29	0
318	15
0	0
0	0
0	43
8	45
0	75
15	37
3	111
33	64
0	0
477	568
225	119
0	0
1	2
63	232
81	536
1825	72
41	0
1	43
0	0
0	0
0	0
58	1664
4	476
103	372
1735	509
2736	11
444	0
6	0
6	6
1	93
0	56
0	0
0	0
28	5
63	751
180	645
4	0
101	206
56	895
1	33
0	0
2	35
0	0
1	0
1638	1
0	0
50	781
1	4
117	0
2270	1
1099	98
0	0
0	0
10	0
0	0
1554	156
0	1
0	0
0	0
90	1791
1808	308
315	270
300	363
0	0
0	0
0	0
115	141
992	400
0	0
460	110
506	180
0	91
2	0
2	0
17	0
78	2324
17	122
1431	170
290	230
0	0
0	61
554	27
101	19
170	0
15	0
24	0
140	36
222	0
1306	3035
362	1222
0	0
27	55
0	0
663	492
0	2
5	349
0	100
0	3
99	1925
1228	693
282	73
0	0
1028	151
69	0
507	0
1658	3650
0	0
0	1
128	0
14	0
164	35
16494	5
22	319
131	4
422	4
1	24
65	81
41	8
532	79
0	30
532	1
6527	3
105	13
2	0
656	0
370	13
195	95
617	0
152	0
18	0
916	39
40	35
9	215
0	0
0	0
0	0
2	83
0	0
18	366
20	54
2	43
0	0
1	6
942	116
1787	0
3	0
27	45
252	17
2194	0
21	30
42	0
15	21
323	439
31	742
1	3
5	3
8	21
0	157
188	553
18	79
13	53
56	28
36	41
0	0
0	0
0	0
0	0
344	37
2	0
0	0
4	0
21	0
0	0
1002	546
396	0
175	25
0	6
33	511
1911	0
7	2207
2	775
0	13
31	374
5	3
0	0
7	71
341	0
127	26
0	0
3	168
2	1
5	52
0	0
0	0
0	0
0	2
3	755
2	1
5	6
3	16
12	52
5	29
66	2643
4	7
0	0
7	389
1	8
27	263
437	0
866	49
127	788
108	237
74	0
306	604
105	1400
10	0
964	0
344	721
1	0
0	0
146	5
0	0
153	680
5	262
85	0
29	0
446	80
123	2
0	0
91	411
0	0
0	24
100	87
0	1
2	55
0	86
4	1387
260	696
14	490
286	0
0	0
13	0
1	0
770	85
3	21
11	3
40	0
158	0
127	336
6	0
499	119
635	548
239	400
294	24
0	36
265	1106
308	7
1	22
0	48
94	1259
4	1473
0	0
23	285
2	50
0	67
0	36
10	10
22	881
17	0
663	0
942	0
15	13
873	0
13	157
0	10
14	10
44	123
123	963
0	41
1	0
330	680
31	746
21	645
0	4
16	0
235	355
70	41
4	33
0	0
1	0
13	47
10	5
0	0
1	0
4	686
6445	36
79	314
287	157
176	0
0	0
265	0
156	246
565	50
1576	939
275	151
0	95
32	3
1202	0
71	0
268	83
0	0
60	3
0	391
0	0
751	238
323	75
1026	1557
4	32
0	0
228	185
1	574
0	0
4	16
5	71
0	6
3	0
1275	320
102	65
8	176
92	322
0	0
3	0
0	0
400	188
92	0
448	0
190	184
361	0
0	84
1	4
2	4
216	582
27	43
40	43
63	325
13	0
167	2281
0	23
0	0
0	0
14	2181
0	0
0	0
0	0
21	29
49	587
275	453
0	41
755	59
237	1413
0	0
5	1
799	14
34	0
4	0
9	22
0	3
3	0
3	13
7	1242
6	2038
78	229
21	72
0	7
0	3
0	46
0	8
0	4
14	266
8	0
433	0
381	0
0	852
0	0
2	41
0	0
762	873
3	0
6	0
793	175
42	67
0	33
3443	0
6	88
13	406
0	857
0	24
3	1
168	3
342	0
1362	432
0	29
244	0
703	86
0	0
92	22
45	644
29	187
334	0
1	19
99	1307
2665	1988
881	106
507	221
26	2008
1176	1
384	1
63	240
124	0
75	117
1	7
1	0
63	0
2793	1
201	0
1704	313
11	393
5	0
36	2
1	5
48	180
511	438
0	0
186	4
20421	2
0	0
0	53
37	120
0	0
0	12
2	0
0	0
537	0
1	0
0	0
1547	3727
280	351
738	3
2639	1901
306	2
372	0
241	1
570	356
617	1520
21	1
0	0
23	50
24	2081
576	319
164	0
0	72
92	343
135	123
633	10
387	239
157	0
943	0
0	0
2245	318
1425	963
136	6
5	88
0	0
2	3
14	0
188	0
1	0
840	258
122	2731
2270	0
2065	467
84	239
0	0
0	0
0	0
9	92
3164	146
135	58
1	1342
80	395
0	33
0	0
1342	292
144	1155
0	0
947	538
2581	0
272	0
143	0
1687	0
821	0
2042	86
14	0
344	513
27	72
0	0
0	0
48	1
2264	547
976	161
1426	0
0	26
5	5
0	0
571	1
2363	70
1524	0
8	0
11	0
0	0
0	98
543	665
3	59
1	0
352	6
710	212
158	341
114	10
30	71
213	0
297	441
4	0
0	0
140	474
3	1
2	78
16	88
824	101
0	78
11	171
65	72
571	0
172	1477
0	0
0	4
0	217
167	896
29	392
42	0
1	0
182	1294
255	2
425	668
125	0
0	0
98	0
9	2
9	72
177	3
0	0
0	0
0	0
2	2
0	0
15	2
50	3
126	662
1	72
31	65
24	41
16	216
51	16
0	30
0	0
0	1
0	3
2	0
2	6
515	1177
0	150
11	695
1271	0
9	93
0	964
342	7
0	0
790	944
0	0
71	910
58	2
263	1
197	209
19	207
75	2
0	0
1	1
134	1050
690	4
1	0
409	148
6	171
0	0
79	54
47	147
2	439
0	1
9	141
0	0
0	0
1977	0
37	69
16	0
0	0
17	0
89	31
0	0
0	0
44	198
1832	324
103	67
1	32
361	5
0	11
404	0
0	0
1	2
381	288
349	7
120	6
1025	42
915	3
33	2258
0	0
7	1466
8	48
42	423
0	0
2	3205
0	0
0	0
0	0
173	3
0	0
617	0
274	52
596	3
4	601
33	0
3	3
1	0
142	1
9	2178
152	2
0	0
7	2
0	0
0	0
0	9
0	0
6	554
294	399
529	1
526	138
0	88
2	0
0	0
0	0
470	0
1	0
4	25
0	0
0	55
2	5
158	1260
9	216
0	0
11	28
547	0
1886	2086
0	0
24	17
37	1815
4	722
0	0
3	0
0	0
0	0
5	22
15	1
205	194
523	0
240	659
451	0
203	944
437	1
180	447
597	2018
199	3
208	233
1004	0
676	0
1359	326
0	0
3	8
0	7
0	0
86	0
0	0
1580	1
7658	1354
169	609
423	7
4	45
198	884
3	39
17	18
214	97
25	103
32	1099
28	106
0	0
0	0
247	117
338	0
1142	1013
595	0
1	0
392	0
64	167
593	577
171	0
580	83
4	28
12	0
0	0
37	0
21	170
1	0
0	0
1	61
0	40
2	1
1390	0
1	1193
0	54
10	10
9	6
78	2161
0	0
101	226
0	23
0	0
0	0
12	0
0	32
4	0
0	0
3	0
25	4
0	0
0	0
0	0
1198	320
21	439
4	0
1	0
856	2151
30	780
402	40
183	22
11	847
42	0
3	4
592	7
2	184
0	0
0	0
70	630
6	9
61	58
437	307
465	0
128	0
6	0
0	0
20	14
0	0
19	182
348	420
702	0
1335	412
18	0
7	0
339	26
6	0
145	123
644	69
3	0
299	402
3295	52
13	20
30	138
4	28
0	0
5	0
0	0
0	0
0	12
0	0
0	0
101	0
14	178
0	0
0	23
581	121
116	1
23	453
0	0
18	0
5	10
55	48
98	495
22	0
52	30
28	424
0	0
0	0
2961	1
34	0
4	2
0	384
3	2
8	182
54	0
2059	1148
0	0
12	134
4	15
0	1
5	0
0	3
1	0
9	0
0	0
0	0
27	33
0	1
0	1
32	224
0	0
0	0
2	2
1	7
0	4
2	0
2	0
0	0
23	0
0	0
0	0
11	0
0	0
2	0
0	3
0	0
0	0
0	0
0	0
0	0
254	577
189	0
0	0
218	267
0	555
17	8
3	317
0	20
0	1
35	2156
31	351
514	156
24	1389
663	0
551	281
78	42
16	38
21	240
46	1315
9	51
0	0
516	2
176	0
204	83
152	17
295	0
130	1223
2	0
0	59
102	3
769	571
1	71
63	186
390	406
22	565
216	716
112	0
0	0
0	0
464	195
314	555
13	0
265	65
305	201
223	32
557	0
13	1385
182	236
0	99
1	71
998	305
363	516
18	0
210	652
1025	40
50	1
1	0
0	25
475	682
3	0
4	0
5	0
0	0
0	0
0	0
113	180
16	7
279	72
4	0
180	49
4	413
1	0
0	0
5	0
749	0
595	821
393	7
0	0
0	0
0	26
0	0
671	365
30	51
0	0
661	13
284	2091
1143	1
407	237
610	21
423	0
135	487
10	0
13	0
19	0
2	0
3	101
1	10
0	0
74	746
31	117
0	0
6	137
0	0
11	0
0	7
1	182
16	407
5	103
0	0
0	0
0	0
1285	3
0	0
0	0
0	0
0	0
92	527
2	0
314	0
457	0
10	0
51	0
2	20
1	163
0	0
96	1127
1	2
102	696
85	1313
1	0
0	0
0	0
0	0
0	0
0	0
128	12
52	2391
1505	58
3	3
1	0
100	81
121	402
7	0
81	4
3	0
333	454
123	57
1127	240
782	36
28	564
683	0
367	51
566	23
7	29
453	316
492	5
200	0
257	1671
0	1556
0	0
133	0
65	561
2	174
16	143
285	4
116	0
36	823
0	23
0	0
3	73
2	469
1172	290
2	2
0	0
2	0
8	0
0	0
22	0
20	0
71	66
375	0
427	1142
1	0
0	12
6	0
2	1
0	0
0	299
0	22
7	193
1080	898
4256	338
0	0
0	37
670	0
110	40
817	161
552	0
292	1173
104	34
0	0
19	418
108	1917
608	135
1	262
85	4
1	38
4	107
3	8
15	103
0	0
0	0
0	0
0	0
0	0
100	567
0	0
0	0
700	286
528	246
1126	553
0	0
0	45
1	0
0	11
9	0
0	23
260	0
1076	1162
101	0
0	0
169	1
7	120
34	72
175	0
2675	2249
30	1856
506	85
996	2
1308	2
1063	0
120	0
63	10
858	222
191	920
1099	6
646	318
12	0
23	0
11	35
73	0
0	0
328	753
10	19
47	7
0	0
1063	11
0	0
0	0
289	0
834	0
0	54
55	455
1	11
24	8
0	0
1	0
0	0
14	118
0	1
54	0
223	0
0	144
0	0
36	0
11	814
10	256
38	79
8	67
0	1
7	88
33	0
114	18
9	0
87	0
4	0
1064	37
1177	913
0	0
19	1162
615	470
0	0
6822	0
1179	535
353	48
7	0
46	0
6	0
48	0
2673	0
193	1346
989	0
0	2
197	0
228	126
4	305
0	0
511	1325
0	899
6	992
46	2657
3	28
376	0
0	22
699	0
259	12
0	111
0	0
79	575
1	34
9	301
8	10
7	15
25	109
14	467
23	0
0	0
50	35
20	54
530	2336
0	1
0	96
41	1037
46	382
25	233
1	67
5	35
2	0
6	752
3	0
222	359
57	0
26	0
413	0
820	7
40	0
744	142
882	0
839	989
524	0
420	186
948	57
166	22
92	81
23	131
37	0
32	301
703	71
166	292
0	0
0	61
0	0
0	2
0	1
323	2242
1290	0
802	862
23	1283
3	13
28	0
0	2
2	5
0	19
408	285
5	1
11	443
591	97
58	1
242	0
1653	0
1169	0
459	33
566	5
11	141
26	0
55	2
751	0
6	0
836	0
18	2180
117	17
441	127
0	0
40	0
85	15
246	0
7	139
87	40
0	0
89	578
0	0
2	0
1	0
0	0
20	38
30	3024
46	308
0	0
65	26
4	9
6	4
0	0
0	0
363	115
0	0
6	1399
1752	807
116	1
462	3
224	0
26	882
0	0
72	958
83	91
7	831
166	179
54	102
3	2
0	0
49	159
685	1690
431	280
1707	719
0	11
10	6
6	31
0	268
942	1532
0	129
7	181
0	150
0	0
6	478
44	142
3	25
0	24
61	31
0	0
0	0
0	0
1	19
0	14
0	0
0	27
2	0
15	0
287	14
0	0
2	0
0	10
7	3
0	150
763	0
421	0
88	0
233	9
1481	0
596	662
5	3
32	2761
46	167
78	8
28	183
319	719
1	5
2	0
0	0
18	0
0	0
0	313
56	0
17	1187
5	0
9428	230
2	0
18	162
336	0
3	93
2	2
0	0
552	101
446	0
132	239
50	0
0	5
480	0
11	59
44	98
0	8
0	0
74	0
92	223
21	240
20	78
1	0
397	0
316	779
8	158
0	1
12	588
4	25
2	42
31	7
8	2
57	98
830	623
0	262
11	5
103	367
0	0
0	0
128	154
0	0
0	42
0	0
274	1297
0	0
6	103
22	0
10	116
16	1
589	45
0	73
78	147
18	0
2	373
429	0
61	1
1	0
499	19
77	1247
264	174
6	118
0	4
1988	0
84	0
247	64
1027	40
0	0
208	79
64	62
0	0
0	0
91	398
0	0
0	0
77	185
498	0
149	41
2	33
26	106
319	221
12	178
0	0
0	0
0	0
0	0
168	78
33	73
6	7
163	633
1581	224
46	492
114	0
11	0
29	0
5	33
7	0
5	240
3	18
8	672
0	4
0	1
0	80
3	0
41	1
0	1
0	0
0	0
13	2
25	280
14	0
1558	118
0	0
338	0
443	266
14	0
0	0
84	117
854	13
0	0
506	23
3609	6
1674	0
745	382
0	4
43	171
0	0
3705	1
15	1516
0	0
1	136
68	58
911	142
367	306
1	0
565	2
0	0
105	243
121	220
0	0
1	0
782	406
307	0
1617	0
306	675
3	321
46	59
46	319
9	58
81	496
10	377
384	1
235	135
1625	0
6491	1
18	0
452	10
579	72
1356	0
501	52
4	1909
7	22
161	29
0	0
889	4
827	0
797	0
3	0
971	67
293	0
0	0
0	0
0	0
14	161
366	125
3451	63
4	1
380	0
0	0
15	0
156	9
43	0
153	3
3	321
32	1735
21	259
104	0
285	0
443	356
71	0
139	0
243	129
677	0
444	492
14	38
395	32
136	546
69	1212
487	0
794	183
319	0
6	0
21	84
514	378
243	105
0	0
0	0
2	30
114	170
334	582
0	14
344	0
0	0
42	49
570	164
92	0
173	35
4	0
0	0
0	0
5	0
0	28
895	0
179	1809
139	0
1123	1
332	1
1761	0
389	2
338	57
441	454
9	17
1	19
1164	413
0	0
0	49
118	1081
11	2223
128	1973
143	0
430	45
225	0
123	5
1165	0
225	44
0	237
10	1
55	121
32	1871
15	0
171	0
91	99
6	145
48	1553
0	0
141	191
4	1370
32	129
0	0
0	0
5	0
5	148
1	0
151	1902
13	658
125	0
703	60
216	1167
88	63
235	189
17	142
6	2
3	88
92	868
0	3
538	0
198	30
443	128
30	447
3	13
0	60
11	588
49	1581
48	3
49	40
34	173
16	196
355	8
8	0
0	24
1	2
185	0
12	0
0	1
33	63
13	0
1	0
479	0
3	0
25	22
258	1496
223	124
7	57
0	0
3	0
229	8638
1	1
24	328
125	59
23	4
101	109
1779	0
4	47
772	0
598	19
105	0
17	30
550	4
0	64
6829	251
0	0
7	151
12	104
7	1052
0	0
81	118
5	130
0	0
1	0
0	98
532	201
0	2
1	108
533	1186
351	2
345	0
27	35
370	0
3	0
479	1
514	0
0	0
123	0
251	0
388	2336
205	47
60	0
6	327
68	0
3	135
297	114
206	1091
0	3
1056	8
133	0
795	41
178	1050
964	1209
28	463
9	55
12634	3235
5668	2803
9	475
365	202
7	5
8	350
305	12
173	0
0	92
53	0
1581	125
2	14
0	0
834	442
1	0
409	1589
198	565
126	0
0	0
27	2138
691	620
230	221
192	0
994	761
468	93
0	0
1099	51
41	451
145	0
44	0
0	0
1	0
408	75
0	0
0	0
0	69
11	232
0	2
0	0
1	0
3	3
2	0
36	63
410	1175
1141	0
285	0
1309	0
526	56
414	2
205	80
40	0
26	0
348	5
1357	0
767	1499
3922	1499
1921	0
0	0
0	0
1	0
53	0
1	0
117	0
159	0
88	0
0	43
0	0
0	0
0	0
9	539
0	0
5	9
0	2
592	3
18	447
0	76
0	0
0	16
51	929
0	18
25	462
0	0
3	1793
38	0
30	370
157	2
16	43
0	6
25	1
4	0
1	0
22	85
433	819
0	11
0	153
404	223
244	36
925	488
2293	136
5	40
258	4187
6	1584
0	23
0	0
2	49
6	40
114	1
105	0
1843	241
1	53
1747	158
19	1
175	2
0	1
0	0
11	8
3	6
9	1454
301	1169
248	236
75	8
2	9
332	1337
390	200
738	216
80	947
1976	4620
97	3073
2023	2
359	330
803	70
0	62
3	0
4	580
1	114
4	19
0	0
1	0
0	0
0	0
0	0
1	0
0	12
0	0
0	29
0	0
6	908
0	6
1	0
195	1
1351	0
148	0
870	0
303	399
323	0
56	375
24	280
539	3
45	3
3494	183
80	657
54	0
20	2351
217	555
462	11
136	0
61	832
6	38
26	100
9	49
121	0
11	3
0	130
3	61
0	3
0	2
411	92
147	1
20	261
15	140
224	1298
150	30
148	0
188	36
104	1
190	0
544	807
677	91
4	68
107	0
0	0
0	0
3248	23
1798	1
29	188
155	0
223	433
270	888
580	2924
71	289
183	31
0	46
28	27
5	14
320	0
165	54
0	0
0	0
83	593
0	74
184	4
846	1097
539	177
590	405
35	3
4301	3
255	373
601	929
38	0
329	0
387	0
309	0
0	0
448	106
5	44
0	55
19	239
14	893
10	292
27	0
0	1125
9	0
1	5
58	0
0	0
70	1845
0	1015
0	2
75	9
4	0
88	1
4	139
32	1035
3	14
3	0
1	26
0	0
34	0
0	7
0	0
27	105
587	12
6	0
947	0
0	1
40	0
374	0
8	0
0	0
2	1
1	0
0	2
1	0
1	8
0	70
0	171
10	0
2	0
1	0
20	213
0	86
213	1355
5	731
0	116
0	0
1	5
113	0
149	661
0	0
4	394
174	1207
31	439
0	0
53	1
23	4
10	0
23	0
294	65
3	5
101	221
1	0
0	0
0	0
10	0
11	0
536	235
1	0
190	1
1	0
31	276
0	91
4	319
68	238
316	0
121	349
9	4
0	0
0	0
37	19
5	642
3	0
74	22
3	0
622	10
0	0
19	2088
419	0
226	0
1	8
0	0
11	185
504	222
650	8
351	2
1	103
164	267
22	18
214	0
13	32
0	176
7	6
301	1
1	0
3	0
1	0
137	0
38	0
3	0
657	0
14	1864
0	0
64	0
7	0
0	0
0	0
103	444
17	0
112	2447
264	0
147	0
541	366
0	40
0	8
0	58
154	27
53	237
11	1511
66	70
108	15
29	2
75	0
553	3
55	0
0	0
59	0
49	0
373	0
11	4
0	0
0	46
30	39
1	4
97	0
71	0
1	0
1316	23
989	131
353	324
272	51
51	25
498	0
70	0
563	215
1481	0
830	347
1	0
51	94
101	247
148	387
40	194
0	12
0	300
8	1351
0	0
0	0
2	296
34	24
26	1950
150	242
5490	0
465	0
259	1665
100	91
396	0
85	0
1074	0
88	113
1447	826
4	1077
55	276
118	122
0	0
2572	0
362	0
19	416
0	0
1	3
0	133
4	19
0	43
3	0
60	121
279	1070
113	457
11	0
38	55
858	0
32	0
8	167
7	0
1	34
0	0
10	24
1	0
0	0
15	6
15	34
16	2
221	13
46	486
1	0
174	0
0	184
356	193
0	0
3	0
5	0
0	5
105	272
0	4
0	62
0	2
0	0
148	2
13	20
25	0
158	0
123	0
0	0
56	0
15	201
99	673
37	0
80	255
19	0
1746	1
320	51
4	187
2224	42
0	0
10	0
0	0
0	0
62	0
0	0
0	0
0	0
0	0
9	22
183	64
731	86
415	807
1429	0
0	0
1176	737
4399	47
505	389
520	0
180	0
942	1427
399	1
125	0
132	0
196	340
0	0
47	2
343	0
402	0
0	0
32	61
35	1634
403	501
46	514
89	138
186	738
100	343
208	189
350	0
102	27
26	2539
6404	1
1189	1659
0	0
0	4
74	131
5	216
0	0
3	0
7	0
0	0
561	26
246	43
312	94
212	0
781	366
226	0
30	0
1096	539
42	0
450	0
2006	0
18	17
523	49
151	1611
24	0
187	0
117	52
445	196
11383	1037
1	11
0	0
367	0
2	83
11	42
195	198
1252	318
30	134
242	1038
5	257
32	9
347	39
99	569
184	0
36	220
18	286
66	605
0	0
6	92
0	0
0	0
1	16
41	439
34	249
3	2
2	4
8	108
0	123
0	48
10	785
301	914
515	1111
18	560
19	1042
0	0
0	0
0	0
0	0
0	0
0	0
0	0
0	0
0	0
90	193
0	0
0	0
0	0
0	0
0	0
0	0
0	0
58	196
239	115
235	0
350	192
503	0
37	29
20	144
15	0
628	0
560	1670
36	0
0	0
12	32
0	0
79	9
1	21
0	0
8	0
11	0
0	0
0	374
571	78
48	12
104	0
564	74
2961	220
15	223
51	0
2059	234
6	0
49	1063
117	465
35	15
3	301
0	97
144	0
0	0
0	0
0	0
3129	281
471	1898
0	24
3	8
66	45
46	7
16	2162
9	77
30	151
0	21
32	3
1611	1232
202	20
228	65
0	415
0	0
3	0
0	0
0	0
8	521
0	0
5	1
0	0
275	956
0	0
7	301
13	382
1	45
2	127
6	176
40	94
404	332
538	321
216	287
123	94
689	333
304	84
417	379
451	2039
30	123
337	64
554	0
82	0
437	622
158	2345
9	170
8	695
133	1034
79	575
0	0
0	0
1	0
14	2
0	2
0	0
0	0
0	0
0	2
33	17
0	0
0	0
35	22
41	267
3875	723
35	174
0	0
118	229
2087	1487
0	0
2	0
6	4
2	0
0	8
5	0
0	3
59	59
1309	9
2722	18
327	176
0	0
10	0
0	0
0	0
2	111
10	0
2	15
0	0
0	55
1236	17
1003	0
909	0
841	33
469	0
0	0
364	8
6	0
0	0
92	7
11	5
135	323
3	3
508	90
0	0
1391	135
0	0
33	2334
67	94
7	0
10	15
26	171
1591	774
315	0
0	0
441	2
108	105
893	158
795	1023
4	581
2368	443
93	1093
52	0
160	3
579	2
121	0
373	173
37	41
5	8
234	27
203	157
2	0
175	63
555	65
1	9
9	23
3	2
1192	337
0	0
183	24
69	341
390	0
0	0
336	0
11	0
902	146
1400	135
3	15
6	0
341	8
28	225
66	126
7	276
1	0
0	0
0	7
13	5
1549	0
260	0
278	1530
3	51
2075	416
0	136
3	57
0	0
104	296
60	301
419	857
131	0
831	0
550	5
85	55
55	177
37	528
4	1071
6	0
2	393
1893	299
0	99
1957	27
192	210
0	0
0	0
0	0
10	0
1	0
4	0
0	0
0	0
1122	86
85	81
29	110
372	495
31	143
34	181
0	169
2	0
1	0
269	660
57	303
1	162
31	113
21	129
27	28
0	0
5	18
32	238
0	0
107	0
2	1
12	29
1890	3
1	12
0	0
194	82
2181	0
223	38
956	2051
1	3
203	0
0	0
0	0
975	514
0	0
2666	98
1848	3
3	0
59	342
271	1422
14	120
228	390
132	0
5357	3
29	589
0	139
2706	0
0	0
285	56
1474	319
3	0
0	0
79	0
38	0
0	1086
827	741
99	458
1	185
63	17
1958	32
7	478
1	0
0	0
0	0
715	2
0	0
0	0
19	0
51	0
16	0
0	0
0	7
0	3
0	1
0	3
2258	17
0	7
0	0
0	0
0	2
0	166
0	62
66	2727
15	141
345	171
3	1
537	0
299	175
86	0
58	34
365	581
569	68
520	200
0	30
55	13
2	116
67	0
358	0
417	0
654	2
0	0
7	0
0	0
0	0
0	0
5	504
18	13
601	0
231	0
1133	3224
970	0
16	72
17	61
19	1017
39	470
46	31
143	280
85	385
420	0
121	34
23	0
257	7
15869	86
225	412
0	0
1	0
7	0
0	50
0	0
646	3
20303	1
14	0
5	0
0	0
0	12
1	5
12	316
0	4
584	1078
82	435
726	0
236	445
3	39
386	217
3	0
29	0
0	0
2	0
66	116
80	0
47	386
33	2
23	3
14	1
2	0
198	0
12	0
0	0
755	1176
154	884
0	0
72	110
80	935
12	0
577	0
1667	1165
69	0
47	0
150	1
93	0
56	0
169	481
0	0
23	0
1	4
122	1774
0	14
102	48
203	37
353	0
447	56
0	0
46	0
21	111
65	97
347	2446
0	17
0	16
42	8
3	0
0	12
4	335
28	385
736	6
0	0
8	0
135	2121
171	195
0	0
0	0
17	0
0	0
0	0
0	0
0	0
0	0
37	0
4	14
70	627
19	606
313	357
254	48
64	0
0	0
0	0
9	14
1	0
3	213
1	0
8	330
4	6
0	2
3	12
12	233
172	1128
0	0
210	0
2	7
105	2326
34	6
51	448
0	0
7	419
31	37
8	6
1	291
0	1
4	107
17	0
4	133
0	0
0	40
152	1930
380	210
0	0
27	0
200	5
61	0
206	1341
12	3
96	204
0	0
42	73
0	0
3	12
0	0
0	0
0	0
0	0
0	0
0	0
0	0
0	0
0	0
0	0
0	0
0	0
0	0
0	0
0	0
0	0
0	0
0	0
197	38
88	461
0	0
0	0
0	0
3	30
30	79
72	0
66	924
3246	4
383	0
31	0
0	0
0	0
0	0
4	0
0	0
0	0
0	0
65	14
184	0
10	0
0	0
28	199
15	2314
537	135
757	0
3590	267
54	1
539	0
39	0
13	14
237	0
1	0
7	0
465	0
23	0
23	0
0	0
1	0
0	0
32	0
0	122
2	949
61	141
10	62
2	0
4	0
11	342
3	1928
1608	0
53	2
8	2028
23	306
0	6
29	1642
14	2
0	0
6682	3
39	86
56	10
9	1
0	26
34	0
3	7
0	0
123	682
73	1756
1033	117
0	26
147	0
6439	135
41	36
132	1
0	2
47	253
0	1
5	0
1	0
6	1119
30	921
5	27
18	17
0	0
568	79
0	8
0	136
0	13
0	0
55	1228
0	0
421	1229
117	717
369	265
0	120
359	593
0	195
26	661
9	210
7	71
5	1331
6	10
331	0
450	43
3	16
0	10
234	1
0	0
411	2
428	0
0	0
159	23
0	0
8	0
0	0
322	1460
8	0
289	0
29	636
11	0
3	679
111	0
69	30
59	1603
29	0
12	11
2	208
72	44
106	1281
7	546
3	187
279	332
3	90
0	69
17	6
2813	19
809	631
0	473
108	317
107	312
519	363
98	5
23	0
47	11
1	0
6	0
0	65
98	0
1	0
0	7
0	2
0	0
0	0
6	0
1	0
1	0
0	0
26	0
3	0
116	0
58	0
0	348
27	0
1	0
2	0
8	429
392	5
25	1408
85	324
0	133
0	18
4	1605
61	48
0	0
49	315
9	0
1	0
45	337
66	174
2	1
18	322
12	230
0	0
597	2041
8	0
148	34
10	26
0	11
0	68
32	154
33	459
0	0
60	0
948	23
2457	0
52	53
311	0
329	0
93	443
29	303
30	209
26	664
18	198
559	0
2290	0
224	264
1029	0
263	671
338	1035
0	0
46	527
140	10
21	1161
25	6
1	6
138	24
1	45
0	0
161	492
102	95
443	56
764	708
0	16
14	0
242	147
172	0
96	741
35	1960
1	1
1	9
16	10
109	584
392	1695
0	0
10	8
41	101
2	0
72	177
69	0
8	665
57	882
16	18
0	27
1	134
212	89
8	11
11	289
10	2
0	0
0	0
3	70
1134	501
91	45
0	1
52	130
37	225
206	1
601	0
224	8
41	244
545	0
2	3
513	218
349	0
111	583
938	309
829	0
0	0
200	82
13	4
7	0
43	399
3	0
0	0
0	2
19	329
1	46
189	0
321	12
103	0
65	0
21	0
0	0
0	0
86	5064
27	131
18	0
25	0
2	0
5	0
451	213
1	45
548	21
0	65
0	0
1	0
13	0
869	5
62	2
1	0
0	0
3	0
1	0
274	720
0	0
0	0
0	0
0	0
0	0
0	0
0	404
0	0
3	15
0	0
0	7
0	0
234	695
33600	1
36	370
2259	4
882	0
0	0
128	0
65	796
0	0
715	861
22	154
2	112
83	762
0	0
0	0
10	25
11	134
2	5
0	0
461	1097
274	13
7	6
8	348
0	0
535	28
0	11
0	25
19	350
22	575
36	160
0	0
2	0
159	0
238	62
0	0
92	70
1	0
0	0
0	0
0	10
72	54
2	0
247	0
7399	359
477	1
188	1548
1	0
435	323
356	27
896	0
319	0
85	0
386	62
280	0
3	1562
1261	3
2	36
3	43
50911	4
9	0
54	0
964	0
219	4
357	274
621	0
2	5
0	0
2	431
19	2
2465	0
68	512
50	0
204	54
43	26
4	20
77	0
19	115
5	41
0	0
0	2
0	1815
36	119
1003	326
32	0
35	407
12	695
248	0
0	0
1	0
0	0
0	0
1	14
5	0
3563	497
1837	167
95	0
314	18
252	138
4	29
272	0
716	402
5	14
22	325
876	517
246	1
114	38
10489	1851
0	0
0	6
1	349
622	9
152	0
362	40
193	0
121	0
93	1
0	0
22	0
0	0
63	1464
7	0
16	0
4	96
2	13
1155	6
6	925
6	71
0	18
8	0
0	3
0	1
0	88
69	825
8	25
1648	294
106	2
0	4
133	715
5	128
57	874
0	0
0	1
0	0
0	603
0	0
0	290
25	369
2	0
9	0
94	103
315	565
100	0
1	0
2	0
5	17
153	0
0	0
45	510
0	0
0	0
4	0
0	0
0	1
1	0
0	0
8	284
204	332
3625	1465
192	2759
379	0
18	26
76	111
53	3
28	2
2824	1259
509	0
0	0
95	3
114	33
678	2860
36	539
1	166
178	533
205	114
1126	22
10	67
1	0
0	21
0	0
0	0
0	0
2	0
711	225
49	0
0	0
48	707
11	1448
4231	0
0	0
1264	9
2757	3
227	91
0	22
0	42
38	19
0	5
1	196
3	33
117	0
6	73
5	557
0	0
3511	57
215	112
1	1
71	89
1	0
7	144
2086	2534
193	2156
0	0
89	360
6	53
0	0
22	3
3853	94
994	207
1156	15
961	95
403	2820
0	28
0	0
93	571
71	8
5	86
0	0
1	0
10	0
0	0
30	7
17	125
1276	0
7	0
5	73
734	824
31	267
15	486
0	20
5	7
13	83
0	0
0	0
2	49
0	0
301	1556
0	0
0	0
3	158
1	0
68	0
57	3
635	303
756	0
438	168
1811	3
942	790
452	870
2112	211
0	0
12480	909
63	0
7	133
4711	908
10	0
1	15
8	475
1	62
10	43
0	0
65	236
2	1
0	705
0	0
1	409
22	3
1	0
2	0
0	1
0	1
0	0
0	1
0	1
0	1
0	1
0	82
1088	623
0	0
8	134
886	40
264	0
183	491
533	26
164	32
85	270
288	0
405	153
731	0
200	0
0	49
285	0
12	15
0	15
17	731
0	0
0	47
143	31
11	2
5	26
853	25
187	377
695	1
260	0
386	0
1929	46
176	71
5418	0
295	772
45	104
188	12
797	498
6	0
201	197
20	478
126	37
9	5
119	4
678	0
399	98
2	0
1357	0
1620	16
2676	0
295	0
1041	2322
272	492
1251	9
15	0
133	507
166	0
280	1929
1104	481
66	97
5561	7
0	94
245	7
601	171
238	4
686	1
325	67
8	52
3	0
254	12
0	0
0	0
0	0
1	0
2	219
121	76
4	0
10	2
2	144
0	0
0	0
6	373
5	14
22	421
4	1423
53	94
38	58
16	2
3	0
0	0
0	0
11	13
59	0
443	816
18	3
51	0
0	0
479	7
4332	3
8	187
28	787
0	0
2	27
55	0
212	509
35	37
5	0
133	21
59	10
212	0
155	0
551	23
116	208
1	1
25	36
86	466
29	72
73	529
6193	1
46	33
0	1
237	10
79	261
469	192
1	1
78	0
3	0
379	127
377	13
1660	1
1	3
197	38
21	465
567	0
0	7
1	1
23	91
394	0
329	1065
741	607
0	0
1	0
3	1
143	9
535	2027
350	437
1	12
669	967
179	0
224	0
133	0
222	389
281	56
491	0
32	63
694	624
466	0
917	1099
1	0
0	0
0	0
74	708
21	5
0	0
7	104
360	482
1244	391
156	2
747	0
0	0
359	0
16	4
81	0
154	1373
56	341
11	53
274	669
6	0
266	521
0	12
2	0
110	542
0	0
0	0
33	68
16	22
960	745
124	53
867	15
1666	0
310	1003
0	0
275	106
1729	1399
243	24
0	4
72	260
15	92
0	9
0	0
30	308
28	2327
3	68
35	1
133	94
8541	4
369	1
314	54
318	386
299	1
138	7
342	0
48	1
0	330
5	331
5	0
89	72
0	0
1	0
17	0
1	0
53	3
4	11
11	645
6	39
166	356
10	5
529	670
467	0
0	2
41	5
37	2
179	1794
7	8
0	28
12	5
0	0
3	102
108	18
182	474
86	2173
29	12
0	22
0	0
0	3
0	29
741	804
0	0
0	0
54	116
0	5
2	0
54	102
0	0
0	0
0	0
1279	1737
39	16
6	643
49	3
876	89
2	0
0	0
1	0
1	9
71	851
132	1021
197	2038
98	662
11	859
1	625
67	1741
3	949
0	122
1	18
1	15
0	4
457	185
0	0
528	653
0	0
0	0
0	95
0	0
46	0
0	70
14	66
8	0
106	0
34	52
181	81
12	1
22	0
69	0
95	267
4	18
183	97
68	213
24	38
317	900
202	264
8	1137
165	312
204	2071
2	2
0	0
1	0
32	0
0	0
5	10
0	333
543	0
1397	12
18	207
98	228
217	257
800	29
10	0
22	54
29	733
0	0
55	63
2032	0
14	5
1267	0
56	755
44	0
0	0
7	33
0	0
0	0
347	0
621	186
574	3
31	0
25	0
16	0
0	206
1	4
10	1
14	60
6059	0
706	0
1223	1221
50	0
728	1731
0	1553
2	0
2	281
2	2
0	0
28	2241
322	86
55	0
25	158
2793	0
19	0
2	83
64	134
1	0
0	8
1	35
0	0
4	0
0	0
3	0
48	0
43	0
1	0
22	0
2	0
1	2
0	0
2	108
335	349
334	589
276	1677
2	5
40	84
36	0
19	2
1	0
1	0
0	48
84	0
2696	529
6	311
17	8
0	0
30	84
272	0
34	141
2230	17
2	150
22	1552
0	28
521	137
0	0
0	0
7	7
7	0
80	497
13	311
11	4
104	11
133	0
430	0
0	0
0	0
0	0
0	0
0	151
0	0
0	0
0	0
0	0
0	0
0	0
0	0
0	0
0	0
0	0
0	4
0	0
0	0
0	0
0	0
0	0
0	0
0	0
3	0
0	0
0	0
6	1
0	0
0	0
0	0
0	0
0	0
0	0
0	0
0	0
0	0
0	0
0	7
0	0
0	0
0	0
0	0
0	0
0	0
0	0
0	0
0	0
0	0
0	1
0	0
0	0
0	0
0	0
0	0
0	0
0	0
0	0
0	0
0	0
96	53
0	0
0	0
0	0
0	0
0	0
0	0
0	0
0	0
0	0
0	0
110	72
0	0
0	0
0	0
0	0
0	0
0	0
0	0
0	0
0	0
0	0
0	12
197	633
0	0
0	0
0	0
0	0
0	0
0	0
0	0
0	0
0	0
0	0
1	0
0	0
0	0
0	0
0	0
0	0
0	0
0	0
0	0
0	0
0	0
130	1482
0	0
0	0
0	0
0	0
0	0
0	0
0	0
0	0
0	0
0	0
0	0
0	0
0	0
0	0
0	0
0	0
0	0
0	0
0	0
0	0
0	0
493	0
0	0
0	0
0	0
0	0
0	0
0	0
0	0
0	0
0	0
0	0
0	0
0	0
0	0
0	0
0	0
0	0
0	0
0	0
0	0
0	0
0	0
3367	498
0	0
0	0
0	0
0	0
0	0
0	0
0	0
0	0
0	0
0	0
334	0
0	0
0	0
0	0
0	0
0	0
0	0
0	0
0	0
0	0
0	0
903	343
0	0
0	0
0	0
0	0
0	0
0	0
0	0
0	0
0	0
0	0
621	242
0	0
0	0
0	0
0	0
0	0
0	0
0	0
0	0
0	0
0	0
5	964
1	7
0	0
0	0
0	0
0	0
0	0
0	0
0	0
0	0
0	0
0	0
19	36
0	0
0	0
0	0
0	0
0	0
0	0
0	0
0	0
0	0
0	0
271	115
0	0
0	2
4	28
3953	360
230	0
294	29
221	29
1048	0
625	237
14	844
0	0
1	3
278	516
6	247
0	50
0	0
0	1
1029	43
421	332
1	5
1	0
0	0
0	0
16	0
0	0
1	0
0	0
1197	2005
0	96
0	0
0	0
170	334
30	3
48	279
26	481
0	0
4	14
0	0
0	4
0	25
6	0
0	381
50	18
60	70
126	365
158	9
1028	1014
84	0
369	16
500	0
482	0
0	5
0	129
4	0
713	2609
2	730
355	552
447	46
420	269
7	174
0	4
400	41
1484	13
0	0
38	81
134	435
11	52
2	0
165	0
14	824
0	0
4	11
837	1
8	393
465	70
816	303
35	154
176	324
5	0
15	19
0	11
29	199
12	284
0	0
1	0
121	214
183	157
10	0
0	77
3	72
48	334
1	17
23	109
1246	0
1261	739
0	0
119	153
0	0
118	211
1	8
324	244
89	0
825	335
12	69
11	764
56	6
3	74
648	139
59	1
981	0
413	0
7	13
1	752
67	267
7	0
920	0
292	106
7	67
24	664
0	0
17	44
1	0
4	0
182	106
2119	0
223	18
828	407
543	720
289	13
0	0
0	15
125	43
228	5
1417	74
590	575
552	0
14	0
26	0
37	0
4	438
11	24
22	3
1253	55
404	0
534	2
329	49
0	5
64	2381
775	0
175	1369
531	126
184	38
25	0
1125	497
159	708
893	7
1	0
62	164
1	2
7089	204
175	0
355	0
61	305
56	623
400	429
1	0
0	69
5	135
62	0
8643	259
88	0
593	559
6062	46
106	18
0	685
5	205
182	470
1	0
394	2
1359	1
837	18
445	1553
338	1
26	0
280	352
62	0
2	23
66	363
0	0
2	1
1014	121
150	23
24	4
1	0
5	329
1	0
0	1
40	5
199	221
0	0
128	0
0	0
0	0
1	100
416	12
0	0
165	13
0	0
0	0
13	748
0	0
6	13
1311	971
3	88
0	10
45	0
249	0
73	0
80	0
1486	2566
31	947
121	1395
10	0
678	246
308	11
272	1
502	1
948	1859
144	0
1364	25
504	0
27	0
0	0
170	1609
76	2174
1363	11
15	0
0	0
0	0
14	232
250	5
70	334
206	41
277	0
13	99
4	1
7	0
477	19
759	105
0	0
5	228
21	88
13	1
22	0
5157	599
263	88
955	1
443	65
108	0
1029	26
0	0
345	174
40	279
639	361
623	324
253	0
869	11
202	13
271	0
79	197
216	0
18	0
0	0
0	0
0	3
6	1617
2	0
0	931
0	0
325	5
6	3
0	0
383	133
41	296
51	70
9	1522
274	26
15	16
110	0
0	0
188	226
1	351
0	25
126	377
24	79
1083	1371
22	1080
0	0
169	353
1273	0
37	0
5	458
23	67
1	111
20	0
13	80
0	0
98	120
268	585
193	8
5	5
0	0
87	56
29	33
655	2
480	426
72	170
69	662
309	3
85	0
285	1
142	449
10	4
19	733
689	206
19	1
0	0
120	0
404	42
21	118
342	1221
50	29
4	0
350	8
119	816
3267	31
47	142
535	1800
0	55
0	8
381	0
747	249
904	3
54	2
0	0
313	144
1857	8092
1353	117
10	69
65	245
2052	1663
23	61
196	0
153	328
204	86
85	300
110	92
462	1708
3	60
0	1
0	1
0	0
0	0
3	0
47	524
52	7
0	5
77	0
88	309
937	241
179	605
759	2074
223	170
15	22
564	38
1914	154
0	0
4	62
26	3
0	27
897	0
486	0
11	203
0	16
21	112
1	3
41	723
0	0
191	178
0	21
301	2890
99	8
4	0
203	47
200	982
0	0
54	0
0	0
1	0
176	795
0	0
4358	416
23	4
6	0
6	60
42	2678
0	25
0	0
8	0
1	0
0	0
386	947
263	0
5	0
182	1362
14	0
51	168
5	0
100	0
1	5
0	0
0	0
0	0
174	27
0	0
0	0
1021	2
3	7
137	746
1	2
2	0
0	579
5	38
16	9
4436	436
144	102
0	0
0	0
0	0
220	0
198	0
21	219
20	1
210	811
16	106
1055	65
19	672
4	394
0	27
0	812
7	338
0	10
85	3
30	131
1	6
0	0
1716	71
26844	0
0	0
209	612
363	97
3	581
24	0
128	34
0	59
230	508
1310	23
0	7
313	195
0	0
11	0
0	0
22	1047
0	0
2068	17
1	162
141	232
1018	119
0	35
68	849
64	1588
214	0
197	1446
7	73
64	114
40	0
38	27
0	0
1424	0
0	43
0	0
11	0
0	29
681	0
0	0
288	38
20	1
0	0
0	0
10	194
0	1
0	0
450	1694
189	209
136	8
0	12
698	2
118	795
107	0
3	130
7	0
2	6
278	41
0	24
0	0
791	0
65	405
230	0
677	97
0	0
6	22
1	0
0	31
74	4
222	88
668	0
72	0
64	0
5493	1884
0	8
0	43
0	31
29	0
93	351
35	20
1	2032
96	5363
103	14
8	125
1	176
0	3
10	751
0	15
1037	2106
28	278
2	9
12	77
0	0
0	89
0	0
0	4
40	1
0	34
44	62
687	38
44	19
80	165
22	713
65	0
590	67
0	0
228	0
2	848
1	3
710	76
2	0
753	632
5	278
43	297
0	0
183	0
0	0
0	0
1	0
0	0
11	283
4128	93
1	57
0	1666
0	0
0	0
463	191
469	198
0	0
0	0
4	7
8	0
23	2
13	191
0	0
2	3
0	0
2	2049
30	101
4	0
0	0
2	19
35	594
222	3
432	118
32	1445
15	1758
131	3
5553	232
312	0
57	0
785	0
22	0
141	240
0	0
12	0
83	4
0	1
9	3
1	203
67	70
641	2380
0	0
1	0
227	3029
1270	172
906	0
373	0
926	0
811	2597
469	25
1674	20
9	96
0	5
9	1654
0	334
6	0
19	33
4	9
78	132
25	57
12	7
11	4
0	0
100	59
0	0
1	0
0	0
302	0
121	0
2	0
0	0
1030	286
0	36
1886	0
236	0
13	0
1	0
209	0
1	0
0	0
17	17
1	0
454	1102
67	611
0	0
41	0
839	2192
0	0
77	1177
0	151
441	10
0	0
8	1
4	881
13	0
208	0
0	0
91	200
10	0
2	15
96	220
115	2017
62	11
254	0
417	5
2	0
84	137
44	0
236	0
291	167
444	4
50	47
1	94
1	0
103	880
25	114
560	887
62	268
939	5
837	69
627	848
432	656
538	21
9	1
0	0
15	0
36	9
0	48
0	23
3	1
0	6
615	854
1088	198
913	0
66	0
153	368
1	0
34	62
230	476
605	828
2209	138
0	36
271	349
775	6
2	0
5	1
32	0
10	0
0	0
1103	203
128	130
357	18
754	643
2225	2
0	0
0	3
20	0
130	174
12	0
77	0
0	0
0	0
0	0
0	0
40	802
5	0
0	0
23	0
295	0
2	5
607	0
44	0
61	6
5	0
0	0
4	21
196	14
0	0
0	136
85	77
194	28
659	12
45	52
4	0
0	31
0	360
755	234
81	0
0	1041
3	0
27	4
1	0
61	0
36	0
33	0
0	0
0	0
0	0
0	0
2	0
0	0
0	0
0	0
0	0
0	0
0	0
0	0
0	0
0	0
0	0
371	2
0	0
0	0
0	0
0	0
0	0
0	0
0	0
0	0
0	0
0	0
30	328
0	0
0	0
0	0
0	0
0	0
0	0
0	0
0	0
0	0
0	0
957	112
0	0
0	0
0	0
0	0
0	0
0	0
0	0
57	1396
364	0
0	2110
378	488
19	0
48	1
221	329
102	68
149	2
6	0
0	0
0	0
0	0
1	2
7848	1762
332	14
44	1870
0	1275
1	2
1	4
0	0
0	0
4	197
3	101
4	0
39	2043
1345	258
59	2
0	0
191	505
9	380
3	911
0	2
0	0
497	1462
6	0
1	201
330	0
438	0
1541	0
179	624
28	147
1	399
1	575
1908	539
892	0
228	4038
1	75
914	2417
10	446
0	0
0	59
0	6
0	28
70	370
315	1006
15	7
10	588
0	344
0	0
0	0
366	1888
1818	513
7	89
140	334
0	0
0	0
0	0
168	952
2	15
32	90
0	33
0	22
25	1554
298	765
436	0
359	0
0	0
1	0
91	5
49	183
157	0
0	0
438	2182
0	38
0	7
5	3
0	48
1	0
0	0
4	10
93	0
0	0
2	1
21	15
58	26
37	144
110	24
0	0
17	0
256	3
165	0
0	0
46	1
22	3
3	0
1	0
362	82
31	10
41	135
54	0
0	0
33	162
39	89
105	14
67	1
46	1442
409	258
61	1673
0	0
0	5
2	0
0	9
3	0
0	0
0	0
54	0
1	0
1598	291
61	0
1117	346
1	18
959	10
0	0
5	0
3	11
0	331
4	2
0	450
3	8
913	0
108	50
1	500
1	1182
481	0
0	0
46	2035
476	0
407	0
0	73
0	0
5	2
97	0
203	0
63	577
0	6
0	0
21	101
48	73
125	0
0	0
0	0
489	0
470	0
1585	3002
13	0
85	23
0	11
497	339
0	0
99	0
610	86
0	63
71	805
5	190
11	312
0	11
11159	180
1254	12
973	381
1922	0
83	432
23	241
8	22
72	0
0	1
0	32
26	0
806	0
359	0
229	0
840	2228
183	233
25	0
468	215
96	0
486	0
1148	0
1221	0
0	2
263	153
0	0
6	0
272	281
1454	75
50	44
821	115
0	95
88	30
3	0
233	548
55	10
133	678
1513	1346
13	93
65	2
37	90
356	328
682	0
0	7
641	298
0	0
0	0
2	50
22	0
4	0
125	0
87	13
0	47
490	30
2	2
4	8
3	270
572	125
0	0
6	48
366	22
1253	164
1462	1570
819	1224
0	25
14	330
375	404
29	367
179	30
1	53
3	0
0	0
12	42
9	0
15	150
0	0
6	1866
13	50
114	0
72	22
359	24
1341	83
73	1911
0	0
0	0
1	0
7	0
377	919
0	2
5	39
124	1276
521	0
111	295
2	156
0	0
11	0
613	402
8	489
18	2321
40	1168
158	2273
0	0
522	386
2426	0
276	7
650	0
2	0
269	0
404	0
89	45
668	93
0	0
421	474
75	148
5	54
0	77
0	0
5	1
172	73
0	0
249	0
0	61
48	58
4	646
363	126
36	225
35	1940
9	2035
122	824
0	0
0	0
496	25
19	0
11	44
0	0
7	0
36	0
183	27
0	0
8982	0
21945	2
35	128
0	0
10	147
83	7140
129	897
1	0
740	59
90	0
2412	454
6	35
0	228
0	5
0	0
28	0
7	250
0	0
385	0
811	0
40	21
0	0
24	1
4	0
1702	26
162	0
143	203
0	52
0	0
0	0
0	4
0	2
1	113
1025	270
1	10
1	78
32	373
14	0
198	47
1952	134
19	82
18	275
453	2
1	76
46	125
27	0
52	0
8	1873
1	0
4650	476
2	0
3	0
808	15
2460	432
745	143
914	2
0	0
0	36
172	0
9	0
2	73
8	394
0	0
308	128
1867	919
50	1137
163	0
2	21
0	0
3	0
2046	1493
8	0
8	3
10	1
714	0
0	0
1	12
947	3499
25	78
31	1587
0	0
0	2
0	381
19	893
89	376
74	373
0	56
0	1
472	39
49	3
160	9
1423	1241
475	0
226	0
40	17
0	0
849	1183
1817	339
261	46
1015	66
0	0
0	0
693	581
1	137
24	301
576	919
383	0
164	0
37	2
619	59
75	122
159	34
145	300
1499	29
42	7
22	14
899	19
14	0
1538	319
0	0
2163	38
0	1
29	139
2	8
12	385
0	3
850	457
0	6
324	310
0	0
50	27
787	22
832	0
640	1921
26	0
114	15
257	0
598	1
126	5
619	62
253	314
283	729
0	0
0	101
4	220
91	384
0	0
31	134
3	55
372	0
0	0
710	40
12	0
0	0
23	0
220	891
137	1
146	2
20	0
12	0
0	0
744	0
91	1
0	0
0	0
0	57
1190	306
4	122
1	891
253	0
43	167
3	0
16	164
7	18
704	0
394	141
26	609
0	0
60	421
0	0
40	96
171	0
479	1236
0	44
46	127
5	357
11	0
470	2
265	168
6322	0
24	1010
1495	116
394	1901
26	28
74	85
2	404
0	0
0	0
0	0
0	0
248	91
0	0
151	0
1343	0
481	17
89	329
124	466
360	631
1003	54
0	926
2	130
167	36
0	0
33	9
4	0
12	0
0	0
71	0
4	322
14	192
390	10
1	250
87	0
6	57
0	0
206	153
0	3
0	0
0	318
0	0
18	668
1661	231
83	2366
2	5
6	1
19	33
108	38
22	89
182	530
473	929
3	0
110	202
4463	503
303	47
3	2
0	0
0	0
80	1954
465	334
24	38
21	0
34	0
3	0
46	62
0	2
14	120
0	0
1	0
1	56
13	0
1094	129
2	205
0	1
0	14
261	0
81	98
216	0
695	64
61	0
375	95
125	379
170	814
253	1
19	940
0	1
96	38
497	88
105	19
11	0
191	997
333	254
179	579
1	19
0	0
1	0
0	0
0	0
1	0
0	0
0	0
2	40
1930	583
0	0
12	0
3	0
0	0
7	329
591	0
0	0
232	0
2	1339
272	65
77	3
2	35
351	197
292	545
3	0
10	8
94	1196
118	223
6	68
17	1912
94	230
0	0
5	0
0	1
175	205
0	23
0	3
1	1
0	0
2	0
3	462
385	362
342	1906
1062	139
643	0
0	43
0	0
9	186
4	173
2	298
10	3
153	41
2	0
3	0
1	0
14	0
2653	2
1973	4
1023	489
72	407
4	59
15	654
34	0
76	378
22	1
46	5
0	0
363	2
38	0
999	401
33	2223
485	485
2635	8
6	0
129	2417
6486	36
446	91
0	2
0	0
1697	1
235	445
1550	587
324	0
227	0
303	44
1372	0
102	1308
5	22
771	158
416	78
99	824
259	28
514	11
221	984
0	0
0	0
477	4
248	0
589	196
492	74
986	634
368	92
116	42
19	0
8	68
84	3210
253	0
711	588
324	0
1654	94
65	233
1370	18
430	0
0	173
4	0
191	242
50	416
0	78
292	216
5	42
44	388
331	1052
48	78
0	0
18	68
2	20
0	0
0	102
1134	4
0	110
49	39
0	39
51	66
10	31
0	0
1	0
691	3
0	4
53	0
11	303
44	2379
15	0
3230	5
483	130
24	0
2	2
1	2
10	0
0	0
309	0
0	25
25	0
130	1185
5	508
2	26
1	38
0	0
1	168
30	28
107	174
122	1689
0	0
191	1800
40	488
12	311
2	604
7	30
0	0
174	520
1727	139
1	1
1	2
41	1
82	2576
74	74
45	222
738	0
14	87
238	108
165	49
334	78
122	78
742	755
106	0
50	0
2	1
47	105
153	962
8	14
30	0
1362	966
1149	37
5	72
30	158
0	0
0	107
0	0
0	29
22	0
34	1839
0	0
1	41
0	0
0	60
0	0
87	763
0	0
30	128
0	78
323	2085
0	0
463	0
2	41
213	273
0	22
395	21
305	630
5	195
1044	11
0	1
1	1417
39	1215
1	0
13	15
0	0
0	0
3	1
0	0
58	403
0	0
59	63
157	85
0	32
27	0
1843	1
552	2505
0	18
0	54
2	342
16	5
0	0
0	0
0	0
944	47
0	0
0	0
0	0
7	4
111	460
5	47
1	17
295	1128
8	2
0	0
411	16
299	269
620	52
1294	429
81	1361
3948	22
200	0
137	103
3964	12
118	746
0	0
0	0
88	11
0	58
0	0
0	0
0	18
0	0
561	0
0	0
0	856
9	13
366	37
67	0
48	680
93	948
52	1065
4	11
695	0
252	1175
1	6
0	1
0	0
0	16
286	2152
1	0
31	0
465	314
185	3
32	6
43	4
1	0
0	0
94	63
0	6
1	0
20	190
3	1
5	1237
4	0
651	45
169	0
67	0
0	0
0	0
0	0
105	2178
221	0
846	641
246	0
41	133
6	6
6	0
898	0
18	70
1	0
615	0
415	482
126	1527
5	33
46	379
5	0
1	0
1	48
0	26
0	0
0	0
0	0
0	6
0	0
125	150
76	8
0	0
16	139
46	126
14	0
0	0
211	114
0	76
158	260
195	159
31	0
72	3
4	0
30	112
317	212
14	16
0	0
54	574
3	101
336	478
264	3
1491	0
179	0
13	260
1462	31
1319	2078
171	1949
0	61
647	1
19	0
246	0
454	785
544	0
1611	0
306	149
389	494
123	182
67	269
617	41
9	42
77	529
24	0
151	860
0	15
4	445
0	34
76	3
557	63
1	0
30	0
91	454
1503	0
20	204
0	0
9	0
7	179
83	144
0	0
0	0
0	0
1	0
17	480
5	15
160	473
23	0
0	0
1	5
2	0
0	0
0	0
0	0
0	0
2	0
331	0
0	40
16	11
0	0
0	1
0	0
2	0
3	137
4	228
9	217
0	0
0	0
32	1
8	0
1	0
69	0
0	0
0	0
2625	69
3610	2258
214	0
10	3
263	1684
102	76
263	0
110	27
189	15
4	0
0	0
0	0
18	1849
1	0
14	0
0	0
270	523
0	0
0	0
0	0
1	0
1	0
2	0
215	1205
2058	2349
298	73
1809	0
1251	2070
20	0
0	0
23	538
37	712
34	192
514	0
0	24
106	139
0	0
37	49
32	111
1	0
14	3
86	184
2	41
183	0
2	17
0	0
0	0
0	0
2	0
1	0
0	0
1	0
0	0
0	1
21	247
214	254
477	4
4	0
1020	0
190	0
2247	0
119	1
149	7
0	0
4	1
0	0
499	0
775	0
7	0
924	3
5	147
38	0
62	511
118	47
5	828
0	52
1	912
1917	3
499	669
925	0
626	0
50	111
40	0
16	1
6	6
0	0
9	0
4	21
180	8
89	2534
4	1
1978	1592
0	0
1	0
50	258
37	823
3	0
3	2
3	0
14	42
2	0
0	101
109	650
2	0
63	247
0	0
0	0
4	0
1	0
2	29
14	0
1	390
0	34
82	101
737	128
2	27
0	0
0	0
0	0
15	778
61	1023
36	70
640	561
337	2148
117	45
0	189
65	224
2611	90
102	581
193	402
0	0
0	0
20	7
0	18
209	1636
0	0
286	70
497	0
99	12
1014	926
371	180
97	248
0	0
10	4
0	2
16	157
182	604
1	284
0	22
72	22
78	34
0	0
4	89
618	717
1	0
164	0
198	693
0	6
441	0
346	88
86	61
149	88
0	0
0	0
3	0
3409	59
1151	79
71	290
44	0
600	390
7526	432
1939	260
217	18
4	60
166	2785
29	195
0	0
14	5
27	141
6	0
3	0
8	0
0	0
78	178
231	1
90	954
211	172
1	18
0	22
213	2
0	0
79	330
173	335
19	78
211	0
287	59
479	455
344	263
0	0
454	0
4	174
0	0
1	1
96	1269
123	409
47	2
100	481
317	1134
440	1572
125	322
4	6
0	3
0	0
0	0
992	39
2271	580
45	1519
155	27
3	1
202	54
135	15
0	0
0	0
7	0
1	0
20	62
22	16
0	0
544	826
32	1713
70	1
15	1
830	34
1066	8
403	46
75	0
70	0
36	63
39	22
141	73
33	188
0	0
76	27
1	3
0	0
0	0
0	0
291	88
965	0
1114	4428
777	51
0	0
399	2768
3	0
1098	23
1235	0
500	0
34	0
441	321
206	1
399	5
556	353
118	260
72	0
64	27
73	145
24	7
5	1
0	0
7	649
1	110
0	0
0	0
260	248
367	5
355	2103
176	43
474	574
16	331
151	0
926	2
323	81
1649	0
474	40
2	29
115	0
6	1
650	18
1141	11
89	0
125	3
35	14
1	98
275	480
670	0
126	469
250	1919
78	68
539	6
0	0
18	151
0	31
8	1664
0	0
72	290
25	54
0	14
81	1187
99	96
16	238
92	2591
27	8
9	3
16	125
1	4
2	0
6	0
23	0
0	0
0	0
0	0
5	7
169	1774
7	1336
0	0
67	66
5	0
416	95
112	189
23	1
54	0
766	634
21	0
215	0
354	2713
1	0
1	424
9504	1
45	171
185	549
0	0
2	1
2	0
41	638
318	2
587	1569
194	57
207	8
0	0
7	539
40	301
0	0
0	0
1	0
39	0
158	4
585	0
56	0
7	569
2536	20
0	36
134	0
264	0
21	4
2	2
447	14
98	0
201	13
1	0
136	300
2	0
197	4
2	3
714	0
272	1651
297	0
374	147
0	0
4	11
41	0
89	115
2	0
0	0
214	355
29	237
0	0
53	224
311	0
396	0
2	270
0	33
4	23
2	0
1	279
8	4
0	0
0	4
2	253
59	670
15961	3
93	0
26	0
724	48
130	1
206	1
41	345
5	33
487	278
97	0
22	175
31	260
662	17
4348	10
9518	2541
299	0
208	0
82	1985
7	42
93	31
70	0
828	15
109	91
209	132
74	0
406	71
279	0
26	17
22	0
40	1576
1120	0
42	25
13	6
714	15
0	0
19	0
114	0
107	519
0	0
0	0
0	0
31	9
1477	243
49	15
939	0
281	552
12	109
261	198
999	1841
0	0
0	0
109	1339
1	0
2	0
2	0
97	2631
3	4
44	121
34	380
319	0
0	4
85	596
0	0
0	0
10	1
1	0
36	73
7	1580
238	0
42	297
186	2
2529	0
2245	0
520	8
616	33
487	0
581	19
0	0
1	192
357	5
4	39
121	0
569	1690
250	0
56	648
0	16
0	0
0	0
1	95
247	1
103	60
407	623
2862	231
4616	0
314	1872
294	375
473	910
81	98
0	0
243	36
23	1231
260	0
350	1
344	0
209	332
171	109
0	0
0	6
8	6
8	530
0	0
399	0
126	84
7	117
782	834
319	0
0	45
467	119
54	181
0	0
122	186
0	2
211	0
0	7
24	741
0	0
0	0
231	5
0	22
45	3
0	0
1415	641
238	18
0	0
0	95
7	11
23	640
0	0
0	0
23	11
64	153
0	19
11	12
382	0
314	0
4	2
161	1737
0	29
2	1605
0	0
1	0
0	212
0	0
542	0
0	31
438	1286
200	0
490	69
11	0
177	0
0	0
0	0
0	1
870	520
328	0
1047	832
1476	0
1179	4
11	74
788	642
809	310
100	12
0	0
0	0
0	0
0	0
0	0
1489	51
0	0
0	0
0	119
18	1
26	3
72	234
2	0
134	52
33	6
2822	0
615	0
9	71
0	39
303	1696
347	1
0	0
173	151
0	0
0	0
1	1
0	0
386	1893
48	0
18	0
22	17
41	0
45	10
10	0
9	0
132	0
49	6
103	0
2136	0
54	0
2	0
7	894
67	1
238	3165
149	793
19	21
37	571
1	0
0	0
382	9
16	86
719	9
26	10
95	23
28	28
2	0
0	0
0	0
0	0
32	656
0	0
873	0
1078	58
324	98
76	45
41	0
323	2
76	0
427	49
3	0
0	0
0	0
4	0
0	0
1	0
264	0
0	2329
0	0
15	481
160	1585
865	16
27	1113
65	9
226	1762
92	27
67	75
56	116
401	585
182	491
100	1127
17	2524
60	89
163	327
0	1
470	0
4	8
163	0
148	4
700	0
266	0
1431	88
0	0
143	1156
554	693
152	118
54	311
261	50
602	16
620	1212
71	0
34	1316
3	0
51	71
193	409
44	1679
209	1649
44	117
35	22
12	2124
75	0
1	0
4	0
0	53
3	21
331	17
1376	65
0	22
7	618
4	20
2	22
612	32
0	0
72	1374
3	0
20	0
633	2
930	1
0	53
216	676
1102	0
128	0
5522	493
327	0
100	24
33	0
297	0
4	0
6	64
23	56
2	31
0	0
475	0
281	0
309	0
397	57
267	134
499	11
966	413
0	0
21	116
0	0
1	0
0	21
255	122
0	4
0	5
0	21
0	2
93	184
3	5
1	0
0	60
2826	364
11	0
2	0
2	1
0	141
0	0
32	0
604	1057
0	0
0	209
1946	216
5	56
1	0
12	0
35	0
0	0
0	2
0	0
309	206
1	91
1332	395
110	0
1	0
23	0
0	1
0	0
2	0
0	0
1	146
2	111
5	18
41	0
99	128
1082	2412
907	0
1026	0
0	0
47	32
11	203
3	30
1	2
213	0
937	1
5	0
0	0
0	11
74	188
0	0
163	131
2	0
2	84
0	0
53	1283
2	23
510	33
11726	0
88	0
4	0
0	1
5	5
92	2490
138	44
48	92
582	280
102	0
0	0
81	924
30	2724
271	205
0	0
5	0
0	0
42	30
0	149
127	1
1	0
0	0
0	0
6179	3080
126	2930
0	0
0	0
2	1
920	1
25	353
0	54
356	61
304	11
181	102
4709	64
62	0
792	50
135	2
341	1
469	50
56	0
1021	20
1	0
385	0
244	222
382	0
15	0
3	0
9	427
469	0
22	123
338	334
117	312
113	2064
7	2
51	34
272	551
1582	0
102	2
12	358
16	43
10	996
1834	670
39	2025
0	7
417	0
49	11
553	67
842	287
170	0
8	143
142	129
0	0
5	77
3	130
54	1610
52	420
17	764
0	152
3	14
7	341
48	2
405	13
55	176
414	427
267	1
402	28
367	0
184	0
736	123
761	14
124	0
444	5
51	3308
43	455
300	0
254	17
10	2
0	0
194	1997
22	40
11	158
1	9
0	0
0	0
387	1297
0	0
1	0
1	36
0	0
262	63
154	0
67	0
0	0
8	293
3	1199
72	190
828	814
0	35
85	432
11	1
9	0
0	13
4388	1739
9	232
1	202
102	223
13	16
344	105
962	48
51	178
0	1
120	482
44	0
1477	86
40	0
0	0
2	0
24	3
113	0
0	0
0	0
16	95
7	6
112	5
1	485
0	0
5	29
209	41
267	0
33	0
300	0
19	0
21	786
0	0
1	24
0	0
40	0
16	833
1662	168
82	519
435	0
148	0
340	0
193	1176
326	25
228	0
117	22
235	1916
185	118
47	0
50	2837
0	1
41	581
5	32
299	314
593	0
375	176
662	1168
301	0
575	52
0	0
126	0
936	265
307	690
55	0
0	0
0	0
73	99
344	1
244	208
565	277
446	26
552	170
84	403
277	116
363	5
61	0
2	67
1	1
0	18
0	26
13	2
0	1
421	59
0	38
0	0
0	0
30	11
5	2193
0	0
0	0
0	48
4	1243
0	5
0	1
3	2
22	23
0	0
0	0
695	0
145	0
173	82
0	0
375	11
2	2
2309	12
144	0
61	0
328	0
367	149
518	0
221	0
509	73
1775	0
1357	1
14	1391
25	0
226	68
0	0
0	0
0	0
0	0
609	0
1255	0
3642	0
143	0
165	0
478	13
0	0
3663	525
470	1088
382	922
50	0
1	90
127	869
5	1
135	64
10	1
2127	0
506	0
262	11
46	0
3690	0
767	0
201	126
34	222
0	0
0	115
7	52
0	25
232	0
50	17
849	30
11	867
0	10
3	12
4238	481
293	146
1	0
0	0
0	0
0	0
0	0
0	0
0	0
0	0
0	0
0	0
176	209
1	344
0	0
511	1728
939	604
3495	0
287	0
1686	1
139	15
125	1
45	54
7	0
6	14
25	116
84	0
13	1
126	0
0	0
8	465
5	1640
364	0
189	0
15	51
0	0
381	0
38	90
103	74
0	0
59	140
226	837
0	6
14	10
0	2
2463	217
0	0
3	3
41	0
228	19
171	205
0	2
122	292
101	2
27	212
0	0
0	0
1	0
151	517
0	1
541	87
1859	0
376	0
0	14
3	14
0	0
0	0
351	140
0	0
202	27
6	339
0	1
1	0
47	40
74	0
376	15
319	0
327	851
0	0
1	256
0	27
689	48
8	1
92	691
1	2
388	28
165	17
519	29
59	78
20	14
27	110
0	69
245	4
5	306
163	352
41	483
0	0
5	1523
0	40
8	4
27	1799
0	10
2	6
2	0
20	184
0	12
29	975
0	0
162	530
518	349
1	0
0	122
13	86
1	4
3	0
23	552
5	453
283	8
49	0
3	0
190	251
2	194
0	0
0	0
54	0
29	0
0	14
0	0
81	178
330	13
710	362
2103	0
130	0
0	0
95	0
165	0
456	1369
169	6
21	0
322	47
283	29
113	23
2	1
247	1221
12	0
6	22
227	1051
0	0
0	0
0	0
16	151
66	895
0	0
17	5
367	253
8	0
533	12
0	2
314	189
38	60
0	60
62	813
5	208
7	14
17	15
2	3
3	692
26	188
227	53
72	0
607	0
671	17
0	0
7	0
10	47
7	4
0	6
9	109
115	0
147	288
14	1
49	3
2133	104
10	0
3	5
0	90
0	0
2	0
9	0
13	2
74	6
104	6
27	0
80	528
1610	0
872	232
222	210
66	47
2	11
7	86
0	0
0	4
0	71
118	213
343	4
524	27
565	0
326	15
21	434
3	48
0	0
104	9
324	1302
0	0
29	25
54	1606
0	0
3	0
0	347
279	1536
0	1
95	200
106	0
0	0
3	0
5	1009
19	18
0	268
0	5
0	0
33	7
199	8
9	0
0	41
0	52
157	339
517	0
239	2
414	0
42	0
22	0
1001	1722
788	0
0	0
362	253
73	0
0	80
181	40
1	4
0	0
0	109
2	103
297	409
4	5
0	0
44	0
587	0
1377	0
745	0
148	0
4	101
12	570
909	733
215	0
0	23
285	3
320	138
199	0
84	0
295	0
219	46
249	0
555	24
9	0
162	0
65	24
12	0
42	2935
8	207
237	679
150	22
62	227
154	2044
48	2
1	53
265	4
1	11
2	4
0	0
0	0
0	0
0	0
0	0
0	0
0	0
0	0
0	0
0	0
40	150
30	196
0	64
1	0
19	100
1	0
17	0
23	6
26	0
25	0
18	182
86	0
1	0
1641	110
0	2
575	0
5	0
1	1114
2	209
801	4401
2	165
427	112
1014	0
98	177
0	2
21	3
21	0
0	140
14	377
23	187
47	23
94	169
20	147
24	147
28	1064
7	284
40	509
0	1
16	1
90	45
4446	95
199	38
54	359
306	629
1616	2
1097	16
668	160
441	9
887	1027
0	0
203	0
295	309
49	32
4	74
221	65
260	12
0	11
26	591
10	0
63	0
0	0
3	0
535	71
0	0
104	46
0	0
350	0
90	8
94	0
468	5
0	0
0	0
0	1
160	366
25	0
94	0
0	8
0	0
36	19
1	46
0	31
0	0
0	0
22	0
2	0
11	955
31	0
1	478
237	67
11	0
252	0
1	0
0	0
0	0
158	0
0	0
4	0
20	643
1	0
0	0
2283	24
8	2443
0	19
165	0
761	1471
16	27
0	0
22	12
349	21
0	299
0	0
27	401
10	0
110	334
74	1128
21	343
54	364
0	0
1	0
13	72
198	90
1081	392
154	0
824	0
2912	128
60	913
7	1
122	0
132	36
370	0
3	0
10	240
42	140
29	3
1	0
7	0
1	0
0	2
1	0
0	0
0	0
0	0
0	0
0	0
0	0
3	12
1	30
16	7
20	0
5	69
13	637
34	0
0	2
0	0
56	2
1821	830
3	0
110	318
3800	0
1696	25
596	2709
0	6
1209	18
1	2
75	168
9	0
0	0
0	0
0	0
18	45
0	0
2	58
17	214
85	306
230	0
111	178
0	16
0	0
7	345
0	47
387	76
0	0
905	6
148	230
701	2
0	51
0	80
16	6
297	336
9	25
1	1392
4	0
47	337
141	413
372	7
387	36
45	308
0	0
552	0
101	859
21	1
0	2
58	111
43	213
478	652
26	0
14	0
0	0
389	291
709	190
502	805
1	10
37	1386
0	14
0	148
854	34
0	54
57	1347
125	399
0	12
19	735
15	0
1409	0
213	706
463	480
141	2063
348	162
634	985
61	1183
56	0
213	0
171	0
1519	0
10	0
14	102
248	18
3	0
43	1
103	143
55	3
590	0
127	0
559	92
3	24
24	904
2431	3057
766	0
0	0
0	0
0	0
0	0
103	121
0	0
0	0
7	19
62	172
0	0
0	0
0	0
62	175
19	0
3019	7
2529	7
1326	0
662	1274
1313	0
494	91
6	13
6	29
0	17
374	805
457	481
7	587
250	1
6	116
659	74
668	708
263	917
0	0
267	0
658	0
2005	24
393	0
4	101
171	6
0	0
4	0
0	0
824	73
327	0
414	3460
0	0
365	0
489	0
11	619
0	0
511	249
14	0
634	1
11	3
16	77
0	0
318	5
21	1383
12	167
0	0
0	0
4	3
14	74
0	0
0	0
0	0
0	0
25	0
0	114
1268	0
1251	17
42	339
70	65
9	160
4	1
0	0
0	0
0	0
18	401
33	3905
757	2
0	0
831	1025
96	1
213	33
739	0
300	3431
0	0
0	0
0	0
1001	0
468	2
6	15
0	0
99	0
293	517
0	0
0	0
0	12
147	322
8	5
165	1220
58	211
10	1
22	469
19	871
74	0
617	35
136	0
195	0
104	0
629	2
6	144
0	0
3289	1406
71	303
265	126
0	102
4	0
426	359
0	0
166	0
79	188
7	65
98	2066
7	246
0	0
3	0
2	28
0	0
580	108
332	979
463	22
76	0
251	82
44	1558
38	1
0	197
2	93
4	59
3126	107
1037	0
137	28
509	0
6	0
1112	312
55	88
21	83
316	616
120	2530
77	58
0	0
5	82
58	170
5	0
13116	1580
90	283
341	38
5	0
1	0
0	4
0	26
103	112
1	14
105	0
0	0
231	4
300	0
9	0
1	424
278	0
182	0
180	2
340	0
141	0
341	0
772	0
0	0
1	22
0	0
1	68
56	708
64	1880
0	0
11	39
0	0
231	4
466	430
442	118
1132	609
561	0
283	84
369	0
71	21
68	0
5	124
5	46
56	158
96	475
2	141
168	14
55	0
25	0
3	427
9	40
12	959
7	167
0	0
74	1928
292	85
1019	0
2	256
13	164
70	851
465	1232
663	396
2	325
0	87
5	275
0	10
7	11
1	162
4	0
0	64
5	5
97	55
136	3
226	0
763	210
657	0
9	47
4	305
76	645
11	636
0	16
0	0
0	0
0	0
64	0
637	1238
1228	0
602	13
30	287
3	322
2	7
0	15
29	38
0	0
8	356
22	1480
115	225
8	29
3	31
0	5
0	0
139	2219
25	0
0	0
0	0
0	10
1549	0
0	0
2	3
0	0
4	467
811	1
5005	1556
221	0
29	1347
797	3475
7	49
225	130
140	0
59	0
0	0
11	120
4	1257
0	0
205	1
87	11
210	509
729	348
16	564
0	0
10	182
59	138
441	88
2	0
788	177
79	9
0	19
17	6
1	0
9	1602
0	0
0	15
1463	0
515	103
462	1054
4873	0
221	0
8	7
0	3
410	1
237	1323
132	10
236	530
0	0
765	1
115	1154
13	759
819	427
195	221
0	0
48	0
582	2
2	0
0	0
0	0
27	14
68	581
7	156
0	0
1	0
2623	69
920	0
683	123
1149	33
32	197
426	16
96	1171
1	25
12	22
1	0
4	0
83	1369
0	0
0	0
0	0
0	0
0	0
0	0
0	0
6	2
43	0
0	0
769	810
131	1971
0	2
33	14
8	54
29	727
6	0
21	0
525	437
18	2
15	0
20	92
12	203
44	196
569	27
3197	295
15	0
21	1
93	245
7	23
2	0
0	0
0	31
4	12
1	100
0	0
0	0
2195	0
581	0
4	0
11	0
0	0
0	10
0	144
41	360
15	1594
54	75
1	32
139	0
1	0
8	2
0	93
16	0
0	0
0	0
1	1820
245	0
16	0
79	400
197	148
10338	232
736	2637
151	157
796	2637
46	0
450	0
2376	0
7	10
88	1450
171	0
3	0
348	180
294	39
0	45
135	444
1830	133
5	526
0	44
94	0
720	123
96	1
29	1846
0	0
65	532
1	0
5	739
1	536
6	0
0	0
87	169
105	426
0	0
56	2
140	73
753	0
16	846
133	157
22	42
49	64
7	660
0	67
14	524
276	12
1565	0
138	0
0	0
475	14
134	328
253	274
163	0
1064	10
2240	11
0	0
0	0
0	0
0	0
6	0
0	0
0	0
0	0
1405	903
1287	495
39	51
215	0
1018	9
117	5
21	202
8	50
0	0
62	54
76	3
33	40
74	50
251	138
15	301
23	26
0	12
0	0
63	71
2	0
1171	390
0	0
0	0
3	0
0	0
2	0
0	0
0	0
0	0
0	0
0	0
0	0
0	0
0	0
0	0
0	0
457	1597
3322	0
606	103
239	86
164	0
117	0
949	1
4	0
821	1
369	0
0	0
33	2113
9	2736
3	120
52	839
248	9
1	0
374	2
791	1
280	3
17208	374
12	1
4	121
2	0
0	0
4	0
0	13
0	0
0	2
0	17
111	141
27	0
432	309
461	1330
118	549
237	0
157	72
4005	0
32	195
0	0
0	0
0	0
0	0
0	0
185	2
479	2
52	250
328	0
0	0
481	0
15	0
6	0
33	236
1	26
3	31
248	817
1	629
2	0
11	0
823	0
22	4
127	468
32	363
4699	62
278	0
135	0
0	0
0	48
194	2311
0	0
194	476
1	16
832	0
667	1
103	0
6	146
1	762
20	782
2	2
0	0
83	0
12715	425
0	18
0	0
0	0
0	0
342	0
1	13
620	0
270	63
218	588
917	0
8	1422
633	586
11	63
769	2918
454	1982
468	2653
1	0
0	0
0	0
63	12
93	58
1640	6
869	855
97	175
6	280
34	145
33	280
12	188
470	0
2524	71
253	568
10225	274
120	377
211	10
1	0
394	115
0	0
179	117
30	0
22	205
1	0
149	409
312	2
3	55
0	26
0	57
4	139
3	119
101	963
6	117
0	0
0	35
0	32
41	0
10	618
25	1808
20	341
6	13
6	0
0	812
0	0
294	814
39	135
0	0
14	1975
2	3
5	7
8	434
20	121
707	0
37	1077
2	837
596	37
0	0
0	0
683	1324
263	0
27	0
0	0
0	1
1	113
88	4
408	189
82	688
605	0
95	1300
0	19
1	116
0	2
10	2
8	89
187	275
2	17
285	162
329	128
4	0
2	5
0	7
123	103
242	333
85	304
19	35
0	44
2553	392
3	52
0	0
0	82
8	5
26	0
641	1237
8	158
25	1075
7	4
0	787
5	11
0	0
0	2
220	87
0	0
9	1457
609	85
99	616
710	75
1645	62
2010	1
371	0
53	0
85	55
337	28
110	428
210	71
0	0
121	35
74	0
3721	2
0	0
658	208
552	7
5	0
3	33
4956	57
440	583
67	158
191	0
0	8
0	1
307	1730
307	0
900	2190
141	251
1	0
54	1
22	3
616	810
530	117
0	47
1	6
1	0
2	0
260	168
29	0
1	0
7	1071
18	3
27	1489
73	192
754	10
382	2092
226	86
1	0
1	0
2	1
4	0
2	0
2444	8
428	0
1	373
0	0
167	0
13	29
0	0
85	437
2	11
0	3
0	0
0	0
3	31
5	72
793	0
136	127
808	0
25	1386
9	0
487	19
92	1237
0	24
0	0
110	0
0	0
27	1
0	0
21	125
0	18
0	5
16	18
4	0
0	102
124	2120
3	7
2	175
0	0
0	0
56	549
342	19
22	597
548	0
6495	2
18	0
1449	347
319	410
29	0
9	0
484	87
2302	10
1702	58
1859	48
350	2
1401	184
556	4
204	0
217	115
72	0
32	33
65	91
1189	2
301	0
39	19
728	0
0	0
11	0
145	1031
1396	45
16	28
279	42
51	52
0	0
0	23718
5	0
0	0
9	0
28	3
18	394
0	1094
2	21
0	0
0	0
0	0
0	0
69	0
224	0
241	172
382	28
574	303
122	6
562	0
0	0
9	261
44	364
1	0
96	331
0	0
11	1117
0	0
3	55
1	80
0	87
2	1
60	435
12	842
0	0
0	0
4	101
121	1301
281	5
193	482
0	5
473	122
481	18
253	0
0	0
2180	0
1	38
373	31
9	31
3	200
246	0
9	340
0	0
6	11
0	0
0	0
0	6
58	439
57	1
992	1083
0	0
38	0
1121	1
3	0
0	0
0	0
19	20
0	4
53	600
0	0
0	0
3	0
0	0
0	0
21	43
4	100
90	298
483	0
0	0
258	197
50	167
88	60
0	0
3	0
3	176
1570	0
377	120
2	70
9	2
0	0
24	152
0	0
0	41
0	0
6	106
11	1546
1	167
27	174
0	0
211	0
363	2
404	152
5	28
2	4
4	0
21	0
88	10
0	0
93	10
0	0
129	49
119	737
225	411
106	44
38	11
23	313
2	1307
24	51
1173	52
0	26
233	0
0	0
0	0
0	0
0	0
0	0
0	0
0	0
0	0
0	0
0	0
91	275
67	3601
3596	75
3	0
612	578
0	3
6	9
10	0
206	2905
5	8
0	0
832	0
106	31
0	0
3704	959
254	618
245	65
66	144
903	1677
0	0
9	0
0	0
52	202
0	15
1	0
17	164
31	431
12	0
233	0
99	2093
82	0
0	0
0	0
0	33
4326	191
0	0
0	2
62	48
109	0
2	0
226	599
92	786
390	0
3	0
2	21
22	67
334	757
1	0
5	0
90	116
220	261
1255	350
0	0
0	0
21	1
29	0
41	0
1446	732
0	0
3	4
0	4
13	12
0	22
55	6
37	0
3	86
166	1
0	0
6	0
40	1744
180	21
108	925
1	679
0	0
0	0
2	0
0	0
244	0
35	3
22	375
0	0
1	0
2	25
0	0
0	0
0	0
3	5
0	28
0	0
2	2
0	0
521	550
92	25
192	18
0	1
92	284
5	1
3	0
0	0
51	1
1	78
577	246
369	596
46	187
11	9
511	0
2	0
13	33
61	754
26	24
175	1445
54	2
1728	0
206	130
1329	0
0	0
399	0
0	14
13	34
55	0
0	0
0	0
0	0
0	0
0	0
0	25
1	0
0	14
83	764
4	0
20	10
0	13
1	3
0	0
29	20
0	549
696	0
122	678
75	0
0	0
0	0
0	65
0	0
61	7
28	548
480	29
408	208
0	13
9	104
6	881
29	13
66	27
0	0
1	0
97	8
3	5
0	0
1	1
9	1268
154	574
38	183
98	236
256	0
146	216
6	216
1	0
26	0
1314	0
0	0
0	0
32	0
313	66
53	60
1	92
0	62
2	9
0	0
26	123
1	0
0	0
0	61
0	4
49	20
218	742
1	339
17	586
17	398
70	1029
37	422
165	263
245	330
22511	0
4387	1302
157	0
58	0
1	0
1208	0
457	793
25	865
14	68
55	0
148	0
57	0
17	54
5	327
0	0
0	0
518	0
126	456
0	0
1	0
0	580
12	0
9083	2
0	0
6	0
2	0
42	326
632	0
894	422
229	50
500	0
433	0
7	393
10	9
0	0
19	3
70	1
0	0
0	0
1	0
31	1
0	390
28	0
38	0
107	0
48	1
32	0
0	23
0	2
1432	0
3380	0
5	17
0	0
619	0
0	0
1908	0
348	85
105	38
0	7
0	6
325	0
291	0
670	46
1117	2004
4	32
2	0
86	99
140	41
513	194
92	407
0	38
12	0
0	0
40	47
0	3
4	0
9	11
323	256
0	0
4	335
78	506
0	0
55	5
555	16
35	0
60	9
17	0
38	0
0	0
13	8
0	0
131	1121
26	0
22	0
60	0
49	2
1032	0
289	0
35	0
33	0
46	0
2	61
0	150
80	90
545	3
84	0
56	0
0	53
5	42
65	20
4	153
1	22
147	2413
5	4
0	0
6	11
0	0
0	0
121	0
11	422
108	2
0	38
43	144
0	1466
15	35
0	14
0	23
0	0
69	312
11	0
426	0
432	0
1017	184
13	47
0	2
256	2358
35	175
4	0
4	115
11	14
0	19
9	0
22	93
0	7
33	42
1822	1283
42	438
17	221
435	443
28	0
288	223
444	150
0	0
2	1
704	0
224	427
514	706
360	0
177	0
253	30
515	31
17	0
59	55
115	0
47	514
442	70
72	0
0	0
28	0
14	0
0	461
8	1
605	5
533	0
1	132
0	0
0	22
23	1
2	78
12	297
39	3271
14	57
6	230
73	450
1	5
4	22
14	22
0	0
0	0
0	2
1	0
739	354
379	80
3241	81
261	5
33	0
0	0
0	0
539	0
2	0
456	48
275	13
259	210
3	4
3	1
81	2610
514	111
62	686
18	138
0	21
82	219
1	108
30	16
34	675
275	330
288	483
14	29
11	63
0	0
47	17
0	0
18	564
1	24
81	51
19	333
0	36
40	1844
160	720
8581	0
48	2
140	65
189	0
9	11
0	0
289	811
339	0
32	0
160	25
28	931
53	699
1132	15
31	320
3133	1807
31	763
220	4
22	0
1105	15
1225	29
190	0
432	0
0	0
1	0
289	2355
151	580
42	0
2584	201
25	17
19	11
53	4
63	916
42	1
106	1853
292	0
536	86
14	94
3	10
86	2
2	0
0	7
0	0
0	0
0	0
0	0
0	0
355	502
0	0
0	0
12	40
129	488
2012	1
42	35
2	1783
42	45
0	0
323	1
0	0
1	4
11	0
33	13
102	0
47	21
3353	0
68	1
1276	0
21	51
0	0
12	4
479	462
0	0
0	0
0	7
12	83
0	0
0	0
5	3
4	1
19	218
0	37
809	704
12	128
0	0
1	126
5	111
0	1
1	1
2	4
54	263
0	17
0	41
11	10
0	0
0	0
255	0
118	0
0	0
15	1
339	0
10001	934
0	14
0	0
2	7
1	6
0	1
24	8
0	0
521	172
93	186
9	153
123	305
56	8
12	99
55	4
101	0
0	562
19	0
25	0
147	613
3	0
38	0
3132	151
190	40
0	9
125	6
511	0
919	0
215	0
1713	110
0	0
38	0
0	0
5	36
19	3
15	3
31	1
631	33
278	325
13	0
7	20
4	0
42	4
3	0
1	0
15	201
577	24
26	16
18	45
22	104
0	10
19	288
0	0
1	0
8	105
9	1609
43	2
73	51
15	41
1	94
0	368
4	0
6	0
10	2
84	111
666	0
450	2
177	391
12	0
55	1
0	0
177	2188
0	0
2966	121
193	787
794	833
431	136
138	1833
19	13
1	0
0	0
0	2
0	0
2	17
0	0
0	0
0	0
80	566
0	11
45	2749
0	0
0	0
357	44
174	606
126	0
49	29
0	4
44	107
0	54
321	209
214	8
89	100
138	1268
0	2
0	6
12	74
742	142
102	0
15	189
710	535
2	0
0	18
0	0
54	1
142	0
124	1291
70	172
16	0
0	0
0	0
0	66
46661	3
90	1
245	67
48	10
2	0
17	0
8039	1
429	1
0	0
0	70
754	1
0	0
806	705
366	487
390	6
2450	312
77	67
94	380
554	90
2913	1090
3093	1090
59	645
3	52
98	367
15	259
8	520
6	117
84	0
0	0
0	0
0	1
0	0
1	1
121	62
1151	0
240	579
126	172
16	2
420	60
398	0
377	0
47	1713
253	519
24	0
21	0
368	49
398	118
1198	17
15	170
168	0
1940	271
35	62
86	129
407	0
105	184
0	20
59	0
0	0
0	0
0	0
0	33
1	0
97	2183
5	161
4259	472
1023	0
243	2
1122	0
100	1566
1764	0
0	0
25	34
95	276
0	0
466	104
46	0
8	2
0	57
0	11
416	686
60	137
2087	1564
47	0
399	153
15	0
135	0
160	1
73	1
92	0
112	425
403	0
1016	4
161	0
44	0
0	37
434	154
37	83
592	9
693	17
40	223
561	142
409	158
312	0
214	34
871	32
317	110
17	0
128	0
647	5
48	3
187	0
167	0
591	0
0	0
0	0
0	0
459	376
24	207
68	89
4	2
6	872
9	2300
119	1964
38	261
684	1746
211	0
160	17
243	190
178	2069
0	0
2	156
5	140
146	26
2	0
69	0
6791	0
14695	42
1034	204
1613	176
3	49
23	183
25	0
143	118
13	0
18	63
159	2
0	0
68	2
0	0
0	0
0	0
301	0
803	0
198	230
46	0
10	41
1766	24
221	0
290	1160
14	30
2558	0
973	2
168	0
403	2
0	0
0	0
66	0
1	8
7	55
0	0
12	15
5	0
10	19
68	0
136	3
304	3
830	708
957	142
33	0
9	0
0	0
23	0
0	0
0	0
47	356
32	2
219	896
8	331
229	90
0	0
48	826
18	3
534	786
1	0
8	185
10	0
0	0
0	0
0	0
2	0
5	109
241	630
323	213
1185	1410
686	16
1583	2128
133	8
310	7
191	494
254	0
490	3
2	0
1324	33
700	0
0	3
0	0
0	0
1	0
0	0
0	2
312	14
2377	4
2316	4
103	473
2813	890
89	5
341	16
44	82
21	278
0	0
5	527
0	0
20	332
507	1701
4	134
0	0
202	1352
122	0
0	0
55	132
1	0
4	606
517	1748
261	876
59	81
0	0
0	0
6	2
353	503
1039	238
190	4
38	0
0	0
65	66
351	3
32	0
1	0
231	19
405	4
353	169
415	2301
78	0
471	26
695	271
357	9
0	0
229	93
0	10
51	0
187	1
0	52
0	1
0	0
993	3
234	0
14	164
0	0
0	0
152	683
0	0
2	2
0	70
54	2
336	47
430	36
0	0
32	346
2	0
119	3129
0	0
748	369
1336	113
409	66
109	0
3853	1
20	16
184	1802
24	0
31	209
625	95
79	0
232	104
249	204
33	8
274	4
27	1
49	0
89	4
59	0
5	0
74	0
52	0
12	2
9	0
9	119
85	0
0	0
0	0
206	2419
1234	1636
8	336
166	4
0	0
76	7
5	48
264	0
279	22
0	0
255	493
3	2
2	0
0	0
17	73
22	1930
416	302
167	0
0	0
5	113
999	0
152	0
8	0
26	0
0	0
0	0
311	61
1745	568
19	42
2	0
297	4
0	0
264	0
498	5
523	1336
11	2
3516	0
334	4
71100	2
167	0
389	37
58	0
1228	0
143	0
3	0
0	156
44	244
2	40
20	367
22	50
0	0
368	38
373	38
68	303
42	560
0	0
14	127
22	0
75	191
37	1803
248	0
236	70
53	256
240	23
4	884
69	541
16	0
292	332
0	0
86	4
0	0
0	0
0	0
119	4
0	1
0	2
0	10
0	0
0	1
6	123
268	4
18	133
404	1573
1	233
1802	0
411	100
354	0
271	164
0	92
16	35
7	0
116	16
853	586
52	0
284	0
5	184
41	232
88	471
19	212
0	0
40	53
9	80
18	132
9	0
0	0
3443	880
250	144
34	83
6	0
3	510
4	5
30	151
0	1
27	1107
3	351
12	121
25	340
79	955
671	269
0	1
19	270
0	0
31	98
37	0
542	0
3705	31
0	0
1	0
0	0
15	0
75	725
208	0
64	799
158	583
148	17
592	174
293	44
0	7
1098	1405
12547	7
297	3
92	2060
0	12
618	977
51	48
0	14
0	4
0	12
7	1727
13	127
0	0
17	0
7	0
0	0
28	4
1	208
45	2
53	526
108	0
57	0
0	0
5	182
8	25
789	42
118	0
523	0
3043	814
1767	1896
3	0
588	9
416	0
303	0
11	0
0	38
2	5
3	366
9	0
1007	4
1	6
9	0
43	216
6	610
368	1
96	0
30	1
9	612
13	170
199	3
2078	4
50	293
18	514
160	0
372	0
426	180
1346	47
43	162
44	0
1	0
13	220
1	0
1	0
22	5
6	21
80	3
16	126
0	0
15	23
16	643
0	0
5	0
65	3154
0	0
0	0
6	370
4	10
210	0
369	0
201	273
141	825
184	213
422	132
0	0
234	0
4	0
27	74
2	0
2204	4
576	0
337	0
122	0
22	103
0	0
605	0
229	119
1744	171
130	151
66	0
780	102
10	0
167	2
0	0
11	0
0	0
661	660
0	437
0	0
0	0
0	35
4	32
63	1689
0	56
2	79
310	1341
164	123
1196	0
120	532
0	0
0	0
1	1
4	621
0	0
0	0
3	685
1	4
734	0
0	0
0	0
0	0
367	168
1	38
125	264
413	5
232	0
84	55
381	30
0	3
411	1041
1	0
0	0
207	10
0	0
0	22
4	114
1	0
2	0
0	0
0	31
0	0
3	0
12	478
260	10
4	18
425	127
70	2
0	0
32	1
0	0
5	4
51	5
15	3
273	0
137	3
102	375
30	0
51	3
30	2365
0	24
48	0
1	4
62	0
14	227
0	0
0	0
0	0
0	0
0	0
0	0
3	0
1	0
5	3
295	0
358	3262
35	966
0	0
46	348
321	51
616	0
305	6
836	4
174	36
0	0
1775	0
1029	210
825	56
0	12
939	756
1	9
76	267
27	82
61	0
107	0
152	33
0	0
3	147
2	14
34	143
0	10
0	97
0	22
99	2565
104	165
0	0
7	115
1	0
45	0
258	52
66	249
47	56
258	3812
13	25
0	5
1526	730
10	583
16	36
25	220
2	0
0	0
0	0
0	99
0	0
0	0
0	0
1081	398
0	0
0	12
1	36
1	37
0	0
0	0
214	633
13	0
97	292
183	2672
17	24
0	155
0	0
81	5
2294	0
0	0
29	0
135	2304
0	0
8	1459
60	43
250	107
2375	57
0	0
136	0
24	528
36	631
2	1025
1	0
2	7
67	598
206	0
27	0
0	0
111	304
1	6
2	8
457	2
645	0
1	0
41	3
762	314
344	396
0	14
0	0
724	0
1612	0
448	1131
8	86
0	104
82	47
305	1
8	220
7	0
4	0
0	0
2	0
3	9
0	0
1	1392
1	0
18	0
82	333
3	0
93	11
35	233
0	249
0	0
222	7
90	3
37	447
74	0
39	63
0	0
0	4
1	463
635	34
1723	249
0	0
884	476
67	13
1612	287
204	0
597	77
0	0
0	0
135	851
9	224
0	105
0	0
4	10
5	16
4	13
124	45
41	52
0	0
17	0
0	0
108	0
0	0
0	0
21	0
5321	95
0	0
679	104
3045	0
1232	0
1448	215
0	68
495	0
401	0
0	0
3	583
1	0
0	0
0	102
0	93
2	180
228	123
39	24
0	14
143	4
0	0
9	173
151	540
71	455
4	32
34	101
179	0
0	0
0	2
208	257
95	41
0	0
55	474
8	73
4	1
1	0
0	0
79	0
6	0
1297	127
389	3682
36	1123
0	0
2769	32
358	417
424	0
1111	0
0	0
20	508
29	1444
0	0
15	1
42	0
0	0
673	115
469	341
713	178
322	310
1350	0
4	5
531	0
214	59
20	35
0	60
0	0
12	8
306	1325
85	62
55	226
25	613
3	454
313	519
11	0
12	152
40	0
41	2
0	0
0	0
8	150
11	0
2	0
27	1
4	2
1045	12
1396	12
489	5
0	0
0	0
422	3
600	928
682	0
205	2310
1603	0
261	0
1	5
0	0
1	18
0	0
0	0
74	2
1347	27
544	0
778	14
4	0
0	0
166	0
1	0
3	0
2	0
0	0
124	1
0	0
11	13
2	64
44	2738
27	44
338	0
2	62
9	17
1	361
0	0
35	86
10	20
0	0
4	0
1	0
142	17
82259	332
5970	332
0	0
0	0
35	140
0	0
292	1136
120	91
40	123
38	1295
111	0
266	0
1241	598
0	0
0	19
267	84
186	0
16	306
10	0
0	5
2	62
114	193
143	543
129	1194
31	77
11	0
1	0
0	0
0	0
0	2
3	112
60	0
36	201
12	185
12	0
4	0
636	161
30	37
0	0
10	70
26	1
23	0
2573	0
10	4
0	0
19800	2181
1	198
32	486
3	972
1	2
4	1
2	62
0	0
0	0
126	1028
0	226
0	21
0	27
0	0
1	0
1	0
505	16
17	281
42	175
0	0
36	0
2	1806
0	0
17	145
22	340
0	0
117	2157
28	7
172	30
36	0
245	0
60	0
29	133
91	2
5	224
21	124
34	82
276	0
231	171
108	48
5	46
143	1364
140	90
43	125
11	41
0	349
217	434
0	1
1	0
0	5
13	254
132	0
0	1125
21	0
5	41
1	1591
0	5
0	0
0	0
63	1
0	0
944	317
10	1617
4	3
0	0
1	2
0	0
49	11
434	356
4	2
23	0
253	0
4	0
29	47
139	0
0	1
142	0
230	924
12	0
34	39
0	0
11	107
6	13
151	0
2	0
1	165
13	132
29	0
56	326
1	0
11	2
20	10
21	194
52	167
4	0
79	51
413	0
1877	0
86	4
250	72
0	0
0	0
0	0
856	0
13	1668
407	97
1	64
846	12
48	0
42	0
54	3496
0	44
137	13
1225	313
0	0
8	0
238	1947
255	423
0	0
0	0
35	51
1	0
132	1693
205	11
116	164
19	173
0	1
0	0
394	427
2	0
6	5
0	0
0	0
32	248
629	9
307	0
1548	0
35	0
0	7
40	432
0	0
403	38
357	485
7	286
0	9
123	20
25	63
90	593
585	451
675	47
777	666
3712	0
149	3
1	115
2	1689
0	0
0	84
1	1
3	15
1	0
1145	6
463	145
478	5
164	0
136	1
300	39
0	0
0	0
0	0
0	0
0	0
0	0
72	1
66	0
0	0
1	54
7	0
1180	42
902	3
4715	2940
169	0
832	2553
165	128
7	52
299	4083
49	0
2	0
82	20
50	0
0	0
0	0
21	0
60	0
33	79
24	11
5	18
0	6
0	20
0	0
25	129
1	61
15	0
135	501
916	374
0	89
0	140
307	42
7	690
1	0
20	0
11	11
222	0
49	38
6	27
6	0
0	0
0	0
3	21
1	16
12	437
4	0
2	6
1	0
330	1403
467	0
154	1
210	15
462	2
372	0
751	185
1054	0
9	0
38	0
184	0
26	0
0	0
0	0
2	0
14	6
91	7
1683	0
648	0
416	0
9	1
359	0
2239	204
763	0
1087	0
1655	5181
1	50
0	0
0	0
18	0
132	14
12	190
605	0
68	1859
127	206
397	336
20	1460
0	0
0	0
0	0
0	0
2	2
5	171
1	39
18	0
1887	3
97	1
25	0
0	0
170	0
26	31
24	88
138	8
519	53
46	0
2224	25
36	32
12	24
2	0
2	662
11	36
1	70
0	479
19	2
424	0
0	37
0	11
0	44
395	61
208	88
731	300
62	0
0	2
31	728
8	5
58	164
8	2
488	0
523	1
72	306
1	158
1534	93
261	0
206	172
1	0
15	1
507	27
0	1
3	209
454	0
1374	63
7	970
5	103
6	1
2	0
0	0
0	0
1	0
15	261
732	447
8	0
0	0
0	0
397	23
457	0
44	0
71	30
0	1
110	622
354	1
8648	560
11308	3
788	0
12	5
115	207
214	351
3278	4
249	0
259	0
115	0
42	188
159	0
197	17
313	204
1	0
1	131
1	201
1	0
2	0
2082	54
89	0
3153	667
757	128
408	7
275	0
291	0
276	406
188	0
75	887
534	0
29	506
0	0
17	23
0	0
0	0
0	0
0	0
5	0
2	4
26	20
778	0
8	309
12	73
0	0
4	9
0	5
0	0
8	0
0	0
446	135
477	35
64	0
0	0
270	427
300	1487
0	0
15	119
0	1
0	0
0	0
25	624
3	40
0	0
0	0
133	0
793	0
287	428
11	0
24	53
2	0
91	10
1	0
4	0
211	0
0	14
6	0
0	0
5	0
0	277
212	1468
0	0
43	324
0	0
0	0
95	0
18	0
380	608
1	121
0	0
5	0
45	2273
19	0
12	115
0	0
44	0
36	0
1745	0
0	285
0	41
24	1484
881	0
0	46
472	0
18	3
60	2072
0	7
1590	0
17	779
0	0
4	0
0	0
87	1117
29	746
184	49
83	1102
36	597
72	739
612	157
3	0
0	0
38	521
31	3
26	1
552	8
159	0
31	251
191	181
3	30
159	446
94	36
30	117
0	11
6	8
5	101
21	3
0	0
1	1
5	0
3361	311
1251	34
619	0
274	0
617	11
108	441
2768	1036
3	50
1	167
24	0
123	42
40	660
0	75
4	0
0	1
0	0
21	26
213	101
327	0
268	543
43	0
0	0
150	2
0	35
37	0
0	2
15	67
0	34
281	323
1	21
19	557
129	92
52	545
469	0
60	1649
2	58
0	0
0	0
9	0
83	0
0	0
0	0
29	19
447	0
28	7
38	0
386	2
1913	0
560	1
434	0
193	0
733	0
592	23
311	654
554	124
13	0
719	0
29	0
4	0
2	0
4	0
343	149
418	881
43	100
613	258
21	75
10	0
3090	1346
16	0
50	242
289	0
160	174
0	0
19	16
0	0
94	0
383	41
18	155
68	0
17	288
803	12
2	0
2	0
51	452
2	0
0	76
35	4
0	0
224	1208
0	0
27	107
108	18
15	513
11	17
1	6
4	10
0	0
7	170
14	1
0	0
42	17
20	189
0	14
0	1454
25	20
12	0
46	20
737	1
39	58
0	0
35	100
97	1041
0	0
1024	68
18	0
2	0
14	530
0	0
139	4
2610	814
2	0
0	0
32	78
97	733
1374	398
0	0
302	0
305	28
119	1404
172	19
29	747
0	0
491	2463
8	0
6	0
158	2692
209	0
229	0
142	0
737	4
0	0
36	0
260	448
0	0
15	0
33	504
506	227
189	0
0	0
0	0
9	16
7	21
184	172
0	0
26	135
0	0
24	0
0	0
809	650
10	0
170	367
0	0
44	0
161	121
7189	3
1637	207
59	0
2	77
5	338
0	0
0	0
476	3
196	35
5760	0
82	0
857	980
59	0
16	0
5551	2210
317	15
575	23
3006	1
14	239
266	71
5	1
0	0
0	0
59	0
593	46
79	0
203	1840
270	0
6	751
40	0
20	585
44	915
48	2
604	144
0	0
0	0
61	12
5	696
0	0
0	0
1156	6
219	182
132	47
0	6
12	31
7	154
0	35
73	546
0	0
0	2
0	0
0	0
20	14
550	0
398	309
277	18
746	286
0	0
0	0
1	0
229	0
347	0
315	2516
32	1
380	0
0	473
28	237
0	0
0	0
194	819
1008	1
252	0
334	0
2	0
43	0
214	12
0	0
0	50
0	16
115	5
38	1762
5	0
200	49
6	95
365	249
123	9
527	305
126	3
0	0
0	11
117	31
7	65
1	0
29	31
123	0
943	0
461	2847
8	7
6	5
0	54
0	2
0	0
7	52
0	0
25	135
2	0
107	0
358	1
591	0
705	150
1235	362
219	0
1030	64
3014	18
3136	19
275	89
52	23
245	0
285	254
210	47
106	0
73	16
555	12
11	245
180	0
171	25
3	21
2	0
0	0
1	5
19	7
0	268
0	0
2	0
1151	1192
263	0
619	138
61	87
169	38
308	309
7	117
1810	3
0	76
5582	89
106	0
0	0
25	0
336	0
0	0
0	1
42	156
2	30
81	0
0	0
178	83
10	942
3	7
307	171
52	117
728	53
0	0
25	0
631	682
65	920
0	0
5	716
0	49
0	50
5	0
0	0
0	0
2	0
33	58
5	0
0	0
1	0
0	0
1	0
54	1
0	0
0	0
0	46
39	0
20	17
0	117
34	264
26	13
132	1489
7	1079
0	0
4	0
8	353
6	193
0	162
1	0
691	2
21	1
71	1
279	0
77	0
427	187
10	0
26	149
0	0
158	0
129	134
419	5
1528	38
13	360
0	0
2854	322
1	282
1	0
4	0
0	0
2	76
250	218
140	871
297	0
1400	1
403	0
15	0
1128	1149
0	1
0	4
49	207
0	4
552	214
0	1
371	409
276	44
214	52
413	3
88	200
32	469
18	180
0	16
0	40
6	1
0	0
384	0
31	63
0	3
0	0
40	0
0	0
0	0
11613	138
177	118
75	0
5104	0
501	0
815	567
208	0
65	0
99	8
0	415
0	0
1	84
8	0
789	0
2	0
2	251
0	1
3	1082
0	0
7	0
13	323
1	0
0	0
0	0
437	32
144	0
110	241
153	74
0	1277
49	80
0	112
11	10
4	37
75	573
252	227
15135	3
60	438
82	1
7	65
114	438
20	63
0	4
112	2447
472	123
2	1394
0	34
57	164
122	166
0	0
10	0
10	30
0	498
160	1729
779	0
660	252
556	0
114	50
305	99
23	183
3	1898
22	36
0	0
12	29
0	0
215	0
64	215
167	0
0	9
157	860
14	73
0	0
0	30
100	116
125	2113
0	0
0	128
0	648
76	227
0	16
0	0
2	0
797	327
207	0
252	0
302	0
34	31
2365	16
792	31
309	343
2	0
166	139
0	1
0	18
2	11
7	40
1	0
2	132
21	244
117	23
358	0
26	477
243	0
30	2538
997	0
883	1390
9	59
0	0
25	0
33	591
17	229
12	2029
0	0
0	0
91	0
226	305
127	13
15	368
1777	0
108	67
319	6
303	126
16	0
6	567
45	149
248	145
298	611
29	262
28	803
456	0
81	485
0	6
0	383
1	202
135	60
23	99
1	16
30	931
2	2
1261	96
1065	1232
81	138
16	414
238	3531
37	31
211	868
131	0
165	215
114	73
0	7
0	0
13	0
6	0
2	0
11	101
0	28
2	97
0	27
0	101
0	0
0	0
10	370
21	63
2271	118
1421	148
4	0
6	0
1390	585
2	0
7	1
2	0
2	58
1	47
0	112
6	1
3	364
0	0
0	0
0	39
555	0
1071	342
232	158
33	152
268	13
73	15
237	0
4	58
447	426
466	34
0	0
4	0
0	0
8	0
231	0
156	0
419	1
820	908
316	38
735	474
29	0
15	0
11	0
73	2711
434	253
120	756
148	0
201	1636
7	8
0	0
54	143
12	254
620	382
138	50
409	8
119	0
71	126
13	0
0	0
7	62
377	42
711	390
0	0
362	1750
22	39
766	0
72	0
6	1769
723	481
266	7
2088	0
366	92
373	42
18	707
11	0
16	152
3	0
4	84
12	0
2	0
10	1272
5	0
72	577
75	1012
12	181
186	19
1	18
37	9
53	12
186	0
0	8
22	1
5	0
1066	24
178	0
528	142
276	32
119	346
9	587
0	0
0	98
4	11
0	0
0	0
0	0
0	0
0	0
35	10
0	0
51	16
116	601
15	79
2	0
10	2
14	89
3	2
148	3
184	392
238	18
0	2
13	221
47	136
5	250
0	0
0	0
79	0
11	149
0	74
37	1
0	0
27	130
10	85
5	110
218	1717
22	0
3	282
75	2174
0	0
831	3
368	1
835	450
17	7
144	20
204	0
2	5
0	0
0	0
0	2
0	0
0	0
73	217
11	117
144	238
253	205
0	3
0	0
0	3
0	522
101	68
2	0
79	0
2	45
0	0
4516	1320
290	0
599	748
1022	1182
149	92
0	0
19	105
0	0
0	1
4	0
0	0
25	45
0	0
0	5
21	3146
0	19
1168	1600
171	79
4	86
18	94
60	219
377	744
127	0
373	1833
49	2
69	1
14	113
69	159
38	571
0	0
0	0
0	0
0	0
47	0
23	0
0	0
0	0
1	0
0	0
49	1497
117	0
181	26
46	248
33	2497
57	185
981	1179
0	309
482	0
35	125
9	9
84	38
31	174
49	0
10	8
0	0
30	1291
650	355
144	501
329	102
901	0
43	1846
684	2
224	23
24	23
0	0
0	0
91	1878
0	0
0	0
2	1
7	80
92	919
48	54
0	298
3	0
11	126
0	2
532	724
0	0
0	0
0	0
150	0
0	0
0	0
5	0
57	185
0	0
0	0
39	12
56	1292
25	0
8	18
578	42
2	0
2	0
0	0
0	0
15	0
4	55
8	181
0	0
62	0
628	0
831	111
325	109
60	0
36	0
0	0
0	0
18	578
0	294
375	450
70	1
4	0
1	0
11	328
0	0
0	32
36	1
0	0
3	1340
144	811
4	0
0	298
203	125
10	5
25	619
153	0
242	594
88	271
0	0
0	0
139	0
0	0
514	51
402	376
125	166
1114	0
1	54
6	229
263	0
861	268
92	83
10	0
1566	122
432	126
623	28
250	0
631	155
11	1016
9	0
147	20
59	161
1202	0
426	583
239	0
1200	1245
56	0
2	8
10	22
6	493
0	0
0	0
0	2
0	0
78	399
0	2
93	138
7	163
35	375
1	46
0	8
25	842
29	64
5	3
0	0
7110	433
0	0
0	0
0	0
0	1
70	1091
0	25
1070	0
155	178
114	0
0	0
37	335
8	717
0	0
0	0
3	366
38	61
6	250
137	182
81	694
19	3
68	2949
0	0
30	6
5	0
2	0
8	39
133	36
130	0
39	1334
139	0
75	0
54	2
4	0
0	0
19	388
6	0
0	0
9	5
195	138
527	1185
495	0
318	13
1	0
373	0
1019	32
449	0
283	6
1678	0
327	0
87	0
1079	844
0	0
0	0
5	127
3	1
0	0
1011	2
2	0
406	132
203	202
36	936
15	49
479	3
4	1729
1	60
1	0
19	0
761	46
1	0
0	0
678	3
14	0
1	3
112	0
672	0
24	1272
0	0
88	244
40	1
19	1285
789	1624
527	748
132	1219
137	1069
53	367
0	1
2	43
108	486
33	291
0	0
0	0
0	0
0	0
0	0
0	0
5	20
0	0
0	0
0	0
28	76
11	2729
1	0
0	22
9	198
18	120
9	116
25	198
21	345
0	0
173	114
0	2
0	0
24	137
0	0
0	2
0	375
341	42
16	262
15	0
0	0
0	0
488	61
0	0
0	3
15	5
109	288
998	182
142	562
100	251
12	0
0	0
7	859
13	831
234	1638
180	115
94	0
4	0
0	0
31	723
34	9
239	13
3	0
5	0
141	9
175	1
196	9
267	83
20	21
0	21
74	0
168	1
12	0
0	0
304	2
165	0
18	0
285	1
22	0
120	0
44	1
57	1
0	54
20	0
0	99
2	0
12	238
15	238
0	54
72	46
62	168
3130	5
592	5
571	10
3	83
252	77
526	0
390	222
220	203
1	0
0	197
189	239
122	0
228	0
0	0
91	0
0	0
3	0
0	0
0	0
0	0
0	0
429	0
1825	226
0	0
0	0
1	0
0	7
781	1476
70	0
169	1
0	0
1939	3236
22	39
234	14
0	0
65	1270
29	2011
0	0
332	477
365	67
591	30
175	44
44	9
40	0
2	65
0	0
0	41
0	44
8	249
63	94
1	24
0	161
1	0
11	35
224	0
248	92
0	0
643	45
443	12
152	63
393	63
450	23
33	533
4479	0
122	1482
37	382
586	299
1	0
5	0
537	908
0	0
2	1
2	0
0	0
1	182
14	91
2	0
10	69
2	36
0	0
0	0
207	2
376	0
261	0
35	0
128	70
762	0
5	3
45	1447
0	10
32	143
142	0
173	704
167	648
31	55
5	0
18	0
164	2646
2	9
0	41
0	41
40	436
100	45
1	5
34	2861
22	90
362	22
141	59
1	6
5	304
4537	0
0	0
0	0
110	10
562	99
200	0
588	6
9	15
222	545
82	1381
8	12
29	9
0	1
97	1355
0	10
210	0
830	72
45	132
224	975
0	0
0	76
5	0
36	0
467	74
2	6
1	0
159	0
2061	0
196	0
120	210
39	0
0	0
1	0
131	70
26	7
0	0
0	0
9	56
325	0
0	278
3	9
205	164
4	138
36	106
3	0
122	50
1	13
15	188
0	0
817	0
19	242
87	2
34	139
134	440
0	103
8	119
0	134
0	0
2	12
803	197
30	563
921	1786
22	25
98	25
189	840
21	33
79	7
88	381
15	0
0	86
6	0
78	3
8	1218
23	238
0	0
37	718
155	40
214	40
86	355
10	32
33	7138
58	1720
41	919
0	6
48	0
0	0
0	1
4	262
199	386
29	1688
80	784
0	0
65	581
8	0
7	453
0	0
12	164
1	54
0	399
0	62
10	8
6	769
92	28
202	383
786	1
135	2
359	3
43	0
605	2
112	588
5	21
7	89
3	3
39	51
4658	289
0	2
18	1696
0	0
0	48
95	0
52	133
4	213
92	79
13	40
38	60
10	1673
4	71
84	114
1850	754
6153	13
1468	10
433	0
657	349
1	0
2767	47
0	2
36	77
45	67
6	3
178	0
345	9
105	431
8	24
183	153
0	0
25	63
0	1
2	456
60	1021
129	2090
918	272
119	1013
457	444
8841	109
35	0
0	61
73	531
196	23
259	249
0	0
2	22
12	228
505	132
192	0
21	0
648	6
7023	1291
40	252
46	24
1	0
0	0
0	0
2	85
21	712
10	22
25	8
1508	0
322	18
437	89
0	0
0	0
0	0
649	28
1317	0
74	0
628	49
1	0
831	2
7848	94
181	0
8	268
0	0
0	0
0	0
6	5
0	0
188	376
0	0
0	0
24	41
2	0
0	0
0	27
59	0
252	17
16	40
340	107
0	0
0	7
4	0
16	246
343	739
8	0
1302	133
165	229
7	34
57	0
0	0
878	865
0	25
152	0
0	0
21	0
0	1
424	1523
0	1
8	10
4	16
37	963
2	1
122	34
0	82
7	170
39	118
2	4
1	0
23	54
0	128
329	297
300	128
158	84
48	196
10	116
417	5
3	43
3	0
20	63
1468	159
733	0
0	80
374	114
772	87
570	3148
0	0
17	145
6	187
1	19
116	59
1746	80
3	52
0	0
1	0
0	0
0	0
0	0
0	0
0	0
1	15
26	0
0	0
1386	221
132	84
350	724
335	15
121	0
69	0
1	27
0	27
4	904
21	0
14	14
208	289
2	3
220	19
0	0
0	0
0	0
0	0
0	0
27	24
581	568
586	544
59	3
0	0
181	0
0	30
3	11
0	43
235	236
0	10
0	31
135	0
1402	0
654	2053
28	12
391	705
22	42
7	0
513	0
365	0
113	0
101	0
8397	2405
395	10
0	0
0	0
1	0
2	0
389	140
7	0
377	3
200	363
0	54
32	138
105	0
2204	202
860	555
1861	1986
0	0
8	88
0	4
0	0
10	0
1	25
3	0
1	0
0	0
442	38
1	0
60	1539
16	12
589	70
54	5
255	0
184	14
10	142
28	1088
1	0
115	32
0	0
0	0
1	0
0	0
151	886
334	3
1036	21
144	58
3	0
17	602
935	565
1	0
120	7
0	7
1008	8
738	96
2310	1734
244	1
552	107
280	4
1117	109
37	0
2	0
0	0
0	0
131	0
18	92
2	166
303	0
280	188
20	4
335	844
7	6
0	0
1	0
15	133
80	473
265	0
1469	0
0	3
8	1526
0	0
16	46
2	0
13	266
53	1
255	0
0	4
1	6
1	19
1	14
0	0
0	0
0	0
0	0
0	0
22	1
38	4
129	0
244	0
795	56
318	0
217	443
0	0
0	0
1	0
3	53
24	40
0	1
0	0
0	0
155	1075
0	0
176	2
6	149
1	0
406	1
167	18
2309	0
574	166
530	1537
1975	1544
152	0
0	0
58	1627
480	0
25	0
450	36
0	0
0	0
44	0
30	13
1	0
437	550
802	0
98	74
0	3216
131	326
0	57
455	73
730	5
2	289
0	0
123	69
18	11
0	0
1	1650
0	40
388	0
8668	6
0	0
0	0
0	40
0	0
89	262
18	165
1	137
1166	546
687	0
8931	0
6	0
44	0
22	1
103	450
11	10
0	0
0	0
0	0
668	3522
2	262
196	375
1	37
31	122
6228	410
54	0
71	211
0	8
0	3
3	13
30	20
10	60
267	171
523	1490
234	1
237	22
2	1
0	0
0	46
36	158
108	804
36	2904
0	0
4	0
1053	6
60	224
127	34
36	1390
0	19
2028	2
273	0
352	141
0	0
396	23
5	627
0	0
1	52
20	556
52	0
0	0
3	0
0	0
2	0
3	0
1	0
0	0
152	0
28	234
22	0
7	0
14	2
14	53
0	142
36	77
97	173
0	0
289	562
156	35
348	0
151	284
28	3
14	17
0	0
3	0
9	955
34	80
0	0
0	0
3	0
26	0
164	0
163	0
91	1816
0	0
4	3
54	0
1	0
3	4
0	0
0	0
9	2
28	0
70	5
38	196
3	0
4	8
0	0
0	0
3	0
243	20
282	295
142	619
19	515
340	43
37	3921
29	681
516	89
4	20
509	1621
4	49
213	97
0	32
23	197
0	0
1400	74
40	65
292	15
6075	262
4	148
0	0
8	0
582	2
54	22
0	0
13	10
1365	1948
23	145
921	1170
0	1170
31	4
1463	0
1	55
26	657
7	202
0	0
31	146
3	0
84	0
78	0
176	0
108	2
0	7
0	116
250	1661
0	0
8	0
278	27
97	4
538	5
33	714
5	1
0	0
6	221
0	0
74	0
84	105
27	606
286	240
16	7
0	75
29	101
1	0
18	1192
2	284
100	1368
702	0
276	0
256	179
3712	0
302	2
144	1
451	6
862	1
12	51
298	0
382	7
10	23
4	0
830	50
0	0
52	641
1	4
0	0
0	0
1	0
22	134
139	465
4	107
163	1320
257	129
0	42
771	41
761	10
33	881
17	147
72	26
6	19
0	0
226	0
1	0
9	89
150	224
23	2481
0	985
902	19
0	0
33	361
0	0
3	77
8	64
0	0
0	0
17	0
212	288
109	792
64	636
84	380
0	8
0	0
0	88
15	91
248	364
2094	0
3118	0
298	11
312	1
73	13
225	183
50	55
0	0
5	6
0	0
7	4
397	372
23	203
89	137
20	472
77	1188
593	0
1462	40
0	12
145	0
341	0
0	0
101	0
23	1039
8	283
1	50
8	50
450	0
89	403
0	6
0	0
2	51
0	0
0	0
1	0
0	0
262	40
154	109
233	7
7	773
418	0
7	19
11	0
0	13
3592	3
293	0
0	0
4	3
2	84
95	0
28	917
33	255
242	106
101	0
3108	9
0	0
5	0
0	0
0	0
3	18
151	1912
43	55
205	1654
68	17
5320	1077
1234	0
76	138
23	187
221	0
3	356
3	0
8	0
5	26
676	191
2800	779
0	0
0	0
7	380
21	262
51	670
44	0
408	34
380	68
274	4
124	1964
15	137
11	260
59	149
55	0
1	0
0	4
2	4
10	166
0	0
21	0
1653	873
37	0
42	0
0	133
0	0
0	2
99	1822
51	139
536	0
1	538
1	0
0	0
0	0
0	0
77	0
0	0
55	0
0	0
123	48
648	0
84	76
466	0
111	11
20	140
145	1364
1240	10
11	100
1	20
318	0
564	3
142	0
10	0
207	364
25	205
217	241
1851	0
0	0
2915	97
80	0
595	0
2605	0
614	0
32	8
17	11
0	0
8	789
0	0
0	0
76	202
414	0
158	1546
16	50
0	0
810	0
1738	684
283	28
470	446
1682	274
2	67
356	8
0	39
23	40
11	82
0	2014
241	341
142	0
252	958
0	6
1543	361
220	0
878	0
1	1352
0	0
30	0
20	782
0	0
40	0
0	0
0	0
333	1174
7	127
3	0
60	0
0	0
0	0
35	1463
0	0
0	4
3	0
512	33
2	2
0	0
0	0
0	79
43	5
98	0
56	0
0	1
354	145
369	0
92	0
0	0
102	2158
1508	550
97	0
1	0
458	96
252	20
0	0
855	70
135	0
0	52
0	1270
0	0
0	8
0	3
0	0
1	0
0	1
1	0
5	0
18	0
919	0
0	21
1556	95
164	0
855	0
2	0
3	0
0	332
168	73
4	50
0	0
15	0
87	8
1	0
0	0
0	0
26	36
0	0
324	0
5	27
0	0
23	115
0	11
454	0
1513	81
169	141
375	54
82	0
433	0
15	0
0	0
2	0
320	0
0	7
2	1
0	0
1	82
15	63
27	494
32	392
1	0
166	981
375	291
49	57
0	0
38	0
6	233
600	82
5	0
79	194
6	177
108	1
0	0
58	36
193	38
134	1751
2647	105
44	0
1875	35
296	184
57	999
0	14
337	2
1	9
209	2
57	173
19	26
21	10
0	3
3	7
0	0
0	0
0	0
2003	20
0	0
721	0
3170	0
2	0
0	0
321	2
79	0
91	0
218	0
87	1732
2	0
2	0
0	0
307	193
701	0
355	4
120	240
0	0
2	0
0	0
0	27
6	60
1807	0
69	139
169	172
17	1
20	157
99	120
61	91
1	0
14	0
5	9
0	4
0	0
2	0
0	1
22	1
950	1254
0	42
821	22
201	1691
85	252
703	150
273	9
77	25
13	0
11	0
265	102
58	0
1	74
412	5
63	154
0	1
41	12
3	0
19	4
60	34
58	19
0	0
143	0
701	0
1	0
0	3
58	369
53	0
0	1
3	43
0	25
0	102
0	0
0	0
376	70
56	5
0	0
144	88
2	0
43	570
58	69
0	4
127	363
13	151
0	0
1	4
8	869
124	31
417	968
3	0
3	52
446	486
13	44
2	0
0	0
2	1
0	0
0	0
0	0
23	0
326	156
0	0
0	0
5	489
0	0
5	2
1107	6
0	1
63	1436
4	4
181	8
179	1083
0	0
1115	30
17	7
41	0
82	16
67	241
401	2069
318	0
8	258
74	159
15	333
0	965
31	63
1339	0
91	156
376	0
200	28
2	81
1	0
1130	49
46	23
385	0
803	0
582	3
694	0
6	4
28	956
8	17
0	5
735	194
5	0
76	769
255	34
0	38
57	7
1006	21
1139	1
619	143
853	0
143	2778
97	0
822	60
113	93
368	39
0	0
90	1565
402	0
21	1
28	45
198	405
11	0
0	0
248	36
36	44
436	11
8	140
3	4
0	20
2	11
132	0
163	0
17	0
83	83
28	22
0	90
2	273
0	4
0	0
681	77
744	1
437	0
606	3
15	1302
0	165
109	108
0	0
22	616
3	186
3	56
12	18
0	13
0	6
0	2
0	0
0	24
17	0
0	0
0	0
0	0
1	1
460	0
481	4
2	6
374	265
61	358
1886	40
44	212
1299	1167
992	0
207	103
26	5
0	0
308	2392
0	0
5	0
1009	0
106	0
2	311
459	249
9	291
1	0
464	1240
87	0
345	0
53	0
369	0
0	42
29	328
1343	134
177	0
388	0
167	182
42	170
0	9
1	0
0	0
0	39
17	10
0	0
0	0
1177	0
0	0
0	0
0	0
16	371
44	879
252	0
338	0
972	48
31	0
633	1419
180	0
1287	78
231	6
136	9
174	123
116	3
356	1603
248	146
521	7
1	1
1	34
994	8
30	234
0	0
20	27
81	15
1	23
36	236
0	19
0	0
5	0
94	184
130	108
5	2
28	163
6	62
0	0
0	0
157	4
85	2
355	485
190	0
28	3
19	273
0	0
12	203
62	4300
1	0
1222	3
183	7
698	0
0	0
12	1388
33	35
0	0
3	24
71	59
1549	44
2	1
8	9
111	677
114	55
0	5
77	1
10	16
2	47
29	0
101	14
1	0
17	0
506	0
32	3
2793	791
380	0
0	0
0	14
3	0
219	1033
0	18
0	54
9	24
2	6
1	245
0	1
17	0
2	345
0	0
91	215
0	17
8	57
23	70
1	123
506	0
4	0
239	0
2	0
2140	95
308	0
3	24
424	371
1304	13
0	0
25	302
81	293
0	0
0	0
23	1
0	0
75	0
449	0
0	0
93	176
637	340
278	0
836	0
482	0
33	70
391	133
64	178
1054	0
260	178
513	339
1198	1533
83	632
1746	534
580	1
313	0
22	716
21	92
0	0
1221	2
0	0
0	0
21	428
0	0
55	129
820	1560
356	265
367	168
653	142
15880	1
217	0
107	190
0	0
1163	0
591	1161
309	5
293	5
449	26
349	496
160	0
167	74
381	2
460	11
0	0
29	1419
31	557
13	351
1	691
117	0
25	72
680	0
36	0
306	7
52	106
195	1329
0	10
645	153
79	0
203	0
651	380
516	0
8	12
18	9
20	656
0	84
2	106
284	1375
67	581
6	50
307	295
12	77
1	71
1	457
2	25
58	378
0	3
297	535
247	229
0	0
36	580
10	0
25	65
304	1
11	1131
0	0
0	0
712	0
52	197
325	0
0	0
18	227
301	1802
0	0
2	141
0	1
31	4
616	0
259	2816
1248	2917
1066	325
105	740
89	287
33	14
0	25
37	1753
80	162
3650	1313
112	258
0	210
26	335
9	5
3	14
7	80
167	0
107	0
21	0
181	117
0	2199
385	2921
0	24
0	0
61	546
133	1
128	4
280	2063
2	0
48	892
12	95
427	1840
69	75
1	526
82	0
536	0
7	10
65	1141
212	152
6	1
0	62
0	0
171	48
8	13
9	39
932	130
19	4
0	38
50	53
148	261
0	15
91	319
582	2140
33	553
79	100
68	594
82	2331
277	81
248	75
1	42
5035	0
95	98
469	16
282	0
190	0
787	1323
543	0
65	11
0	0
4302	0
316	5
1	16
0	2
62	342
31	158
22	55
402	0
1634	0
6965	814
640	0
3	880
8	253
6	581
0	0
0	0
0	0
0	0
1	0
1	778
131	664
0	0
40	0
12	1
40	167
7	9
621	1430
2974	649
1257	0
678	232
36	0
2	0
62	173
17	11
182	184
324	219
606	2572
379	10
0	0
0	0
2	1
958	3
3	33
41	52
1	9
5	116
20	327
37	1
0	0
0	0
0	1
1	160
7	126
239	10
1	1
63	10
2	0
27	51
2	0
2	251
65	286
0	0
0	0
4119	122
0	0
9	454
7	0
3	142
14	0
0	0
8	0
148	141
1097	639
4	5
1	342
11	62
238	552
43	238
741	25
64	2301
1083	420
471	29
1193	1
0	0
57	379
42	1939
0	18
123	435
1	5
481	38
1	139
562	73
832	0
194	0
0	28
10	416
9	683
6	0
84	546
0	0
5	26
4	6
11	739
1	45
65	2
297	8
280	27
119	0
113	65
560	0
2	126
2	49
67	175
78	175
749	0
50	0
10	16
114	273
638	86
3	0
0	0
322	829
284	367
539	19
135	0
608	593
429	0
26	207
0	0
169	0
106	1001
47	63
171	0
275	0
72	224
1452	0
13	0
1	17
227	1468
264	0
4	434
0	0
0	0
145	0
58	0
500	32
402	44
43	74
994	1
846	1132
220	319
139	88
13	104
1050	0
369	0
0	0
26	797
74	71
0	0
238	207
141	211
32	0
165	0
26	0
462	0
141	0
14	0
13	0
0	0
60	39
472	0
5	4
1	7
0	24
13	1183
2	3
0	0
12	1018
35	0
0	2
0	0
115	18
20	200
0	0
0	57
40	0
46	138
737	0
160	0
0	0
3	0
0	0
9	154
54	0
3	5
1	130
241	65
10	39
0	288
1	0
125	26
2	103
4	166
0	59
0	0
26	0
8	16
27	91
22	32
51	739
16	0
411	0
327	125
18	0
22	36
0	0
0	0
6	3
528	1695
0	0
16	642
66	687
222	3405
537	71
1945	136
93	0
309	0
535	967
116	17
52	34
0	0
30	36
1455	27
214	73
0	0
0	0
1	141
1	0
0	0
104	81
73	0
269	0
36	0
154	0
771	1142
1229	360
1	33
11	1
0	0
9	2
1	0
16	8
118	2243
2	0
0	0
0	0
0	0
0	15
35	0
47	2128
162	462
7	0
61	3030
137	0
166	1
0	0
0	7
557	3
365	1549
103	122
140	121
2	0
94	0
0	0
417	821
995	0
0	0
2	0
12	35
3	19
6	0
326	182
5	0
16	259
97	0
160	196
552	3
30	873
23	44
9	392
5	16
0	0
0	1
0	0
74	0
0	18
34	485
40	922
1293	650
6	0
17	0
35	170
0	3
2	0
36	639
4	47
81	59
108	75
182	98
118	132
10	0
191	234
16	33
0	29
849	1354
0	0
0	1
46	78
1	27
0	0
0	8
0	0
1619	50
431	704
136	9
918	956
0	1
1244	124
397	1219
517	300
123	23
20	203
28	0
1633	7
214	257
121	42
7	1305
1289	0
844	5
0	201
444	0
317	30
419	1
444	1
4466	327
129	0
377	2
11	1805
49	0
60	0
34	0
880	1
401	3
250	95
250	9
1041	726
52	78
0	0
27	9
32	2432
1622	2869
306	721
267	0
0	993
0	11
3	73
0	0
52	0
9	259
10	1513
1	36
2	0
0	0
311	0
0	0
22	47
0	12
10	0
2	1199
1	54
24	173
0	0
121	408
11	23
775	152
42	0
420	349
8	57
0	0
359	123
30	545
0	0
8	552
0	0
0	0
27	0
57	13
253	224
257	0
32	1
5	474
428	39
41	669
0	216
1067	1469
270	0
47	0
1010	0
0	72
362	0
139	315
0	0
7	0
147	320
1	452
195	1608
2	386
180	1
7	103
3	129
0	65
0	0
197	81
240	0
489	219
701	727
164	17
20	0
131	1
495	0
218	2
20	109
217	19
3	0
0	1
3	34
0	0
10	35
0	1
0	64
10	68
243	2
102	105
0	1
0	131
0	0
0	0
0	0
1	0
6	0
47	212
0	0
2	0
41	185
4	0
7	0
35	0
335	0
241	39
835	10
597	176
24	73
0	0
35	349
1	4
4	0
9	31
0	0
1	126
945	0
633	560
18	11
189	702
0	188
69	1993
21	0
0	1
13	56
0	1
719	26
0	7
0	0
8	697
8	0
14	226
76	275
5	40
6	554
1036	885
128	81
0	3
23	69
456	59
4	113
225	48
0	0
6	206
0	0
0	580
2390	1879
83	3
9656	57
1032	0
22	0
3	0
0	0
32	317
0	6
745	771
2	0
1372	130
407	0
16	818
1	444
0	181
44	0
0	0
0	0
0	0
0	0
11	2
525	419
47	2
31	0
1	0
11	60
858	0
2	268
0	40
18	26
4	3
56	19
2	0
1	0
7	89
5	1168
78	0
533	90
7	222
20	540
4	10
159	79
70	379
8	3
9	0
21	226
269	0
25	40
487	0
36	14
31	20
1555	1162
208	0
460	305
503	14
40	0
24	0
1442	14
79	55
38	431
1	213
1	4
2	0
0	0
0	0
0	0
138	0
220	71
0	0
0	0
116	0
412	1
14	0
4	202
0	87
0	0
0	0
0	150
989	146
3	0
47	1433
70	0
0	0
41	33
164	150
0	0
3010	901
1	219
2	125
0	81
64	101
0	0
250	195
93	0
12	0
2	0
0	0
0	0
7	120
558	944
7	0
303	359
0	0
829	0
36	31
170	726
6	0
0	3
346	114
142	275
1839	0
0	212
4	39
4	0
219	369
2	14
0	16
16	2
1435	0
31	1
375	9
2532	232
11	203
67	720
18	842
259	0
0	0
0	0
68	114
12	0
66	327
529	250
1171	79
296	4
0	0
1	3
300	252
440	2
1	0
79	175
2266	0
5	0
50	20
347	2504
124	9
2	0
1	0
38	55
0	0
0	0
128	0
0	0
162	115
0	0
123	687
605	95
224	14
256	296
108	0
485	232
187	0
6351	1956
0	359
1	130
5	27
0	47
0	45
166	0
889	42
105	126
247	0
274	1899
160	0
247	3
132	70
0	31
9	278
0	640
0	0
275	161
133	230
1253	914
25	616
1	100
0	8
0	0
0	2
10	451
1	2
0	263
0	18
93	417
88	226
220	530
87	127
481	0
532	0
17	347
0	0
169	44
0	0
344	965
62	0
90	636
2	2
5	0
697	363
33	19
14	2821
0	44
14	10
0	1
116	0
0	0
88	38
264	0
672	2
1478	9
76	50
4	116
6	23
0	41
41	57
0	0
19	80
0	0
9	629
108	444
4	503
560	388
1	38
51	486
1	0
130	1588
7	1
49	48
804	1
5	0
0	0
25	1204
279	726
3	19
29	105
30	62
273	1554
0	170
178	153
27	68
0	901
0	14
1	3
0	0
0	0
0	0
29	2
0	0
75	2038
163	256
0	150
36	0
135	0
151	1649
57	341
0	7
0	0
116	0
0	0
3	0
126	0
2	6
1678	1307
78	0
0	0
210	0
1	0
32	1310
43	2113
857	201
55	0
0	0
2	10
72	95
492	0
135	17
168	0
3057	0
5249	0
4	54
2207	1
314	1151
14	1767
91	1
10	19
0	1
3	11
530	64
4300	6
3	0
1361	6
1353	31
169	0
5	0
0	0
3	0
0	0
90	0
10	0
0	29
14	256
74	8
1	0
3	10
313	0
8	0
24	25
0	0
0	0
0	3
97	37
0	0
0	0
0	0
153	2
309	1285
38	44
25	471
9	0
20	0
0	0
7	201
393	79
833	1195
26	0
19	63
2	299
242	66
368	1
556	0
937	8
23	0
62	278
96	61
736	31
101	1330
6	5
0	5
0	2
0	0
0	163
0	0
15	0
14	1175
215	913
43	1002
16	0
0	0
0	0
258	288
0	0
7	0
1	0
2	192
10	315
182	6
83	0
5	24
29	0
144	363
330	84
1672	0
187	0
0	0
346	0
30	0
0	0
6	15
347	284
36	49
35	0
434	382
0	238
0	0
773	16
0	2
0	0
1	0
0	102
0	0
157	1
868	35
23	371
0	311
581	234
364	217
401	894
0	4
0	0
49	11
141	8
19	11
2	0
43	232
14	109
3	30
25	2033
5	3
4	0
0	0
12	346
0	0
8	237
1	122
6	0
0	102
0	12
747	0
0	35
3	11
0	0
3706	28
1	1739
2	0
1	0
0	101
1	0
0	0
3	0
2	25
186	792
0	1
2	53
356	0
227	198
274	0
498	1
998	82
0	0
151	803
41	0
1217	105
218	144
0	0
1	0
0	76
181	110
451	0
0	0
2	0
52	17
0	0
240	23
3	0
1	0
5	0
11	19
108	324
0	69
82	106
46	10
0	0
562	870
0	0
27	0
510	276
301	101
0	0
3711	72
9	115
0	0
0	5
10	63
179	4
53	93
5	351
283	429
2	0
59	30
74	224
19	247
16	156
806	1
257	1
305	21
192	241
105	24
89	241
0	0
9	2
0	1
183	353
261	0
96	422
617	100
162	3
332	173
323	1
160	62
0	1
30	1536
463	0
22	0
36	65
0	0
0	2
0	2
0	4
0	0
0	1
26	1867
2	17
0	0
45	25
0	0
26	102
368	1048
1265	3363
19	15
27	1469
1	17
0	0
0	0
861	75
708	22
43	150
215	203
342	4
282	0
624	267
28	0
0	0
3	7
1	303
2	59
0	126
0	0
26	0
2	0
2	0
0	554
2	16
32	536
462	0
16	38
327	372
166	1250
0	0
1045	619
727	1
2	0
0	0
452	98
336	80
702	101
764	86
1416	677
0	0
0	0
0	0
590	0
89	17
80	0
233	219
680	1
1395	4
2061	0
1292	0
304	109
1617	314
1419	112
324	5
89	219
18	992
0	0
79	0
0	0
0	0
25	2009
0	0
48	0
212	0
330	6
23	16
1360	68
0	0
12	3
133	73
1150	2
1	0
100	290
1130	15
0	68
3	42
0	8
5	17
214	327
26	722
29	368
2	481
116	320
0	28
0	17
445	1981
35	587
10	0
0	0
1770	16
18	0
1	0
11	0
2	0
237	0
6	0
13	0
238	0
714	2059
91	0
165	0
227	0
786	246
2720	1
4	0
702	0
0	0
450	0
1376	35
27	32
0	0
91	1733
886	0
343	150
0	7
16	0
1	0
96	2
0	0
5	0
3	0
5	0
0	0
38	2093
9	1042
0	227
1	10
14	518
8	3
177	2
13	0
114	120
823	94
304	0
75	0
1116	1
13	25
22	0
47	77
71	125
245	23
26	0
3	0
3	12
6	0
46	2
0	58
12	0
29	382
21	151
0	4
38	1
2	0
202	149
112	1087
505	2
158	2
6	2
3	76
0	78
17	8
0	22
0	19
0	20
0	0
46	0
211	12
796	123
173	278
668	0
187	608
46	578
0	0
175	113
4	51
38	0
29	0
39	0
10	9
0	8
355	698
0	0
0	0
0	0
0	0
0	0
0	0
181	96
19	220
0	0
68	3
82	172
26	459
203	1382
22	32
2	54
1	2
0	1
2	1
62	119
750	103
104	0
0	0
1	17
2	0
187	227
13	0
26	76
0	0
1416	2993
0	0
9	0
1	0
0	0
13	78
704	10
1	0
32	256
0	5
14	11
46	71
3	0
0	115
157	0
5	355
2	241
0	0
4	122
5	16
2	47
141	35
8	0
0	0
57796	189198
0	39567
0	0
0	0
0	0
0	0
0	0
0	0
0	0
0	0
0	0
0	0
0	0
0	0
0	0
0	0
0	0
21	1147
0	0
0	0
0	0
0	0
0	0
0	0
0	0
0	0
0	0
0	0
37	1
0	0
0	0
0	0
0	0
0	0
0	0
0	0
0	0
0	0
0	0
294	205
0	0
0	0
0	0
0	0
0	0
0	0
0	0
0	0
0	0
0	0
0	0
0	0
0	0
0	0
0	0
0	0
0	0
0	0
0	0
0	0
0	0
55	909
4	249
15	302
0	0
0	0
0	0
0	0
0	0
0	0
0	0
0	4
0	0
0	0
0	0
0	0
0	0
0	0
0	0
0	0
0	0
0	0
0	0
0	105
0	0
0	0
0	0
0	0
0	0
0	0
0	0
0	0
0	0
0	0
0	5
0	0
0	0
0	0
0	0
0	0
0	0
0	0
0	0
0	0
0	0
2	1
0	16
0	0
0	0
0	17
94	0
112	77
0	0
0	0
0	0
10	36
0	0
0	0
0	0
0	0
0	0
0	373
0	0
0	0
0	0
210	197
10	16
39	0
3136	1310
200	9
2950	931
210	741
24	0
5	0
0	0
2	0
0	0
243	580
23	701
3	18
16	215
33	184
21	15
149	17
129	0
129	2181
4	0
0	0
3	398
78	0
27	0
0	6
17	110
1	0
8	49
0	0
0	0
3	637
9	2996
109	455
44	2412
2	58
0	0
892	102
0	0
21	50
72	444
17	3487
3	22
950	5
212	394
349	993
575	3125
0	0
26	21
194	0
413	0
6	1166
14	0
8	0
122	2
0	0
82	652
2	72
1	0
103	155
212	133
15	2270
80	847
284	1
0	0
521	658
33	8
85	0
1969	551
262	265
64	1523
6	238
122	1365
0	0
0	0
61	1
3	4
6	0
70	22
0	0
0	0
2257	1068
320	0
8	0
0	45
14	58
50	2481
27	247
0	0
172	181
4	0
280	0
393	0
80	0
26	336
347	846
34	0
23	0
52	0
24	0
65	46
3	0
0	0
0	0
1	174
0	13
1	101
3	53
0	0
28	0
154	0
0	0
1514	4
361	261
0	261
417	0
355	0
43	7
723	0
428	421
381	818
116	61
0	0
53	93
233	953
2197	0
27	0
750	29
512	0
1951	323
164	565
48	1
12	217
0	0
6	3
1340	367
0	0
443	2540
93	0
75	0
1	0
1	0
4	25
0	2
0	71
5	3
0	2
269	557
0	0
71	0
0	0
25	3
144	3
55	268
0	0
775	511
0	117
902	2391
261	1515
7	0
1701	8
14	649
542	1
1090	46
94	0
5335	0
29876	514
2	158
1	241
3	6
0	1
229	12
1047	2
2	69
1	59
6	534
0	0
0	0
2	87
0	0
106	480
87	5
5	7
1	8
333	3
148	8
0	0
53	27
0	14
582	58
87	140
11	0
384	0
5	35
62	1275
335	1
2	24
1	4
451	0
0	188
225	0
113	0
824	121
203	0
416	0
350	599
717	608
4	58
130	146
23	0
0	5
125	561
10	183
6856	164
0	0
220	0
13	0
90	1
807	0
40	67
112	0
466	3186
210	6
237	778
118	0
265	0
7654	253
24	266
0	104
262	6
203	22
41	1827
17	58
5	2
0	0
0	0
0	21
5	60
2	0
0	0
30	3
0	0
0	0
268	0
114	36
314	585
30	0
1457	3
384	47
1469	0
497	0
39	213
1	0
0	0
92	244
341	562
374	19
31	1614
37	94
0	0
9	125
23	475
434	0
67	479
44	366
27	2441
49982	1
169	0
0	0
31	95
98	840
75	0
0	2
1158	0
10	235
43	924
203	0
0	0
0	76
0	0
0	0
0	0
0	0
0	0
0	0
2584	198
163	0
318	0
270	0
331	540
282	589
233	79
1055	17
451	2
391	633
61	1
0	47
515	210
0	0
0	0
0	0
7	40
0	0
0	23
1	45
48	398
50	640
8	0
105	4
141	1639
0	0
0	0
1	46
496	75
5	1
511	2
293	45
584	1174
0	86
82	135
0	2
34	0
488	232
603	503
9	42
2	0
615	0
63	0
0	0
62	62
0	0
333	214
590	426
164	6
45	549
239	361
163	261
1125	304
5	41
4	837
6	23
1	0
317	0
4	517
16	122
76	34
60	11
1	0
164	413
89	32
66	177
10	567
0	3
76	1911
0	61
44	352
0	0
496	0
56	422
163	579
1	0
189	127
0	0
8	2266
2	0
16	240
1104	213
180	17
10	0
329	106
1	0
1303	743
48	371
6	0
79	0
83	1893
6	96
94	184
5	0
1	0
119	179
214	4
7464	1
141	1154
183	165
181	0
42	71
2759	0
701	1649
5037	2
0	0
0	0
0	0
2	0
0	0
0	0
29	0
0	0
297	413
99	184
82	1508
66	99
63	80
236	441
152	3
457	0
4870	17
1	26
0	0
6	35
0	0
0	140
1277	258
361	2408
9	411
132	2225
4562	0
1014	1
100	400
4	0
96	0
22	4
391	0
902	0
91	253
2566	2024
262	35
5	146
9	317
501	505
110	566
14	271
29	452
62	5363
27	2059
76	0
141	0
162	1417
25	214
476	333
197	306
141	122
20	54
135	381
1	512
0	0
8	65
1098	372
365	298
442	81
42	399
80	465
4	199
16	22
166	32
132	106
1	4
808	140
22	29
26	331
21	1220
22	41
0	0
0	41
0	0
0	0
2	173
75	205
29	722
0	0
9	36
0	0
0	0
0	0
219	0
14	170
393	2030
9	448
630	72
502	316
65	993
58	496
469	0
7	33
7	184
94	6
0	2
702	3
99	0
27	70
36	1880
2	2
7	0
1	2
0	0
8	9
94	0
1	0
5	7
1	1
46	0
0	0
0	0
0	3
0	0
55	380
0	0
0	0
19	0
570	90
7	0
18	22
595	278
1347	0
273	35
321	0
520	32
360	78
283	792
5	10
500	41
403	2
5939	2
27	1
1952	116
31	40
0	0
0	0
1	1031
0	0
235	771
0	0
0	0
1	74
2	89
53	46
0	0
0	0
0	0
78	69
1112	4
2	166
10	1
2	0
1	0
128	0
0	0
0	0
0	0
10	107
0	0
0	0
0	0
0	0
10	0
1572	49
1456	0
786	0
309	0
448	138
0	4
179	602
944	14
1	0
406	30
2244	62
820	1420
21	239
320	0
70	0
174	151
282	23
4009	0
281	35
190	94
2	2
7	9
396	7
198	136
0	0
1	6
62	0
210	0
204	4
347	0
0	42
1	0
173	0
319	0
344	0
145	0
370	0
1	4
5748	0
53	50
479	1
1989	0
4	10
0	0
17	177
82	18
54	328
0	2
0	227
24	0
32	656
15	0
8	0
0	0
3	108
1260	0
261	0
0	0
2217	40
338	292
110	0
513	0
3235	64
10262	0
89	1490
462	0
0	14
56	351
419	0
3	31
39	37
1	12
3	59
0	14
135	0
395	0
19	167
0	25
0	0
2	24
251	6
0	0
0	0
211	37
18	34
1107	2372
181	0
1223	40
520	0
227	110
9	528
0	2
2	0
0	0
578	5
0	147
19	114
263	2216
2	0
0	0
0	0
5	0
91	880
8	6
111	503
41	0
868	65
146	65
23	69
2826	0
4	7
7	0
0	0
1	0
280	167
917	0
219	0
385	0
2	76
207	712
569	59
227	136
2027	0
895	0
152	0
50	47
862	6
241	246
593	0
5	0
0	0
0	0
16	30
109	0
21	1
16	0
0	51
1002	2660
419	3765
33	317
0	0
15	28
6	0
11	402
11	36
0	0
63	137
26	74
0	0
14	62
11	101
167	286
320	171
3	0
677	199
16	108
2	123
0	0
0	0
6	216
0	0
0	0
0	0
3	207
0	94
12	1370
44	3
3	0
273	0
305	897
713	2
183	0
204	10
0	0
3	9
17	0
226	1991
13	0
67	4
24	1
7274	16
91	64
5	0
4341	596
126	3
2	108
8	0
0	0
67	4
1	1
77	1546
40	638
71	0
130	253
0	2
277	43
0	27
0	0
7	47
214	1662
13	1
275	1338
8	72
10	1198
39	1033
44	1068
9	89
0	0
2	9
1	0
0	0
6	0
6	1
0	99
668	127
91	757
3	44
15	0
751	52
201	0
234	1
15	368
59	681
533	0
267	16
2	0
0	0
0	0
314	0
108	149
4	305
0	0
0	13
0	9
0	78
4	146
1	72
65	329
1221	34
0	0
500	141
8	1468
0	7
1	1
221	90
998	155
41	73
137	0
14	114
1054	0
232	39
24	55
14	1288
0	0
118	672
238	191
17	0
148	75
1	0
0	0
20	340
4	0
95	0
285	14
60	96
89	1763
29	50
0	0
14	119
19	8
2220	0
457	17
3	0
24	1243
6	5
44	883
16	1
3	0
2	0
0	0
6	631
14	0
34	180
0	0
1	0
11	0
1020	21
23	0
0	0
0	0
2	0
0	0
0	26
0	2
49	3037
7	0
1	573
7	1
133	1605
2373	0
1129	27
173	0
224	84
0	0
166	0
127	1
658	0
2790	0
60	0
961	162
0	0
50	680
93	1455
180	3
0	105
146	0
20	2159
0	6
1	78
235	139
1	225
0	3
0	78
2090	167
451	0
27698	2
208	101
71	58
16042	655
187	2299
51	0
25	12
101	163
2379	20
475	0
27	1
1480	0
308	1
45	7
64	17
199	2
310	851
136	402
0	965
424	285
50	324
0	0
252	0
47	362
129	219
83	136
438	227
141	0
4	2
35	0
5	0
0	0
21	0
187	191
317	787
4	1
473	1191
5	389
557	25
67	0
119	8
102	475
2	382
6	834
0	0
106	342
182	57
309	13
32	356
47	22
82	315
75	0
186	227
0	0
0	0
183	0
0	205
0	0
1	445
12	192
7	52
167	1730
23	4136
50	7
81	1210
26	0
14	0
13	0
19	41
0	67
634	24
79	203
147	0
44	0
113	0
239	234
0	0
0	0
2268	0
0	0
1	0
16	0
64	0
337	178
3	0
11	211
42	589
17	23
0	0
261	1205
0	0
0	0
0	4
458	0
40	0
673	4
0	15
5	1
7	116
1	0
0	3
1	45
27	62
243	0
251	139
20	0
56	0
1092	0
54	419
588	0
648	428
94	423
711	0
88	1430
1018	0
81	88
0	11
0	0
0	0
54	142
680	14
1	0
1	9
3	0
2	0
0	0
25	1806
0	0
89	395
1316	5
8	482
8	89
6	12
104	0
44	263
103	71
338	2026
416	184
176	207
51	2
212	616
10	38
0	0
13	0
448	1
26	21
23	698
2	0
114	2
105	769
27	26
2	1085
177	188
356	449
272	102
0	0
124	503
4	0
17	15
38	81
136	0
130	1046
67	0
0	0
0	0
0	0
0	3
0	0
152	0
1621	0
99	1998
43	62
0	0
306	710
0	0
33	5
0	22
18	90
0	0
0	23
3	7
0	0
2	693
7	41
757	1
927	389
0	478
222	98
1	0
2	0
0	178
16	2412
174	0
0	0
8	6
709	444
123	2146
241	29
1	19
182	599
213	0
4050	0
1156	0
186	1
485	117
257	0
316	0
477	551
887	45
291	23
19	126
269	1814
11	0
4	1356
21	638
0	0
57	0
82	111
532	2679
887	101
8	0
0	0
0	0
0	1
0	1
0	0
2	1211
0	0
43	46
0	0
0	86
3	951
0	2043
0	0
12	269
215	3
5	4
2	0
1	0
1	8
83	229
276	6
141	71
664	4
288	240
109	0
28	3
17	1870
63	2295
0	0
0	0
0	0
0	0
123	26
0	14
0	5
3	54
40	0
0	0
0	0
0	0
2	49
106	26
0	0
236	811
1	12
124	0
122	0
0	33
28	153
16	0
445	1
2	0
528	631
49	184
0	0
1	0
0	0
13	9
0	0
16	105
5	0
0	0
0	0
14	43
1	0
50	11
0	0
84	0
4	45
452	0
16	0
160	120
859	184
336	1
298	1
0	0
799	461
0	0
51	0
0	0
68	290
525	925
38	0
159	27
0	1
34	4
7	0
2	44
45	13
6304	2606
322	99
833	0
2227	89
13	3266
837	0
6	11
74	240
38	0
292	212
446	19
160	0
0	1
17	146
450	15
1	91
0	35
972	0
194	0
0	0
453	0
2152	24
306	47
469	1
479	0
22	222
0	63
1	62
2765	27
0	437
512	0
4	0
2	15
0	0
1	153
0	0
4	17
1	356
15	9
489	232
76	1
176	81
74	89
37	1575
0	0
5	23
271	1291
246	111
373	215
912	0
2	579
27	230
0	0
4	1
14	83
27	175
810	63
18	0
0	54
41	0
340	490
0	0
35	1
0	343
144	0
112	239
1	116
24	0
3731	3
56	1642
2	18
4	1
16	7
0	52
798	6
0	0
6	164
292	0
0	4
0	0
0	7
431	51
387	82
24	86
12	69
42	2
0	0
0	123
92	91
747	1861
19	40
0	9
547	1
15	4
17	25
13026	1109
2179	0
0	26
119	307
585	22
682	0
1662	13
723	600
7	0
1393	70
1	617
393	98
146	73
673	1207
10	41
7	0
2	5
552	20
169	126
45	33
2577	2529
0	0
10	0
64	39
0	0
75	1894
9	26
0	0
11	54
281	1349
687	1
1650	2
10	177
537	45
105	25
96	735
412	54
434	354
191	284
88	257
44	97
33	1656
328	1
337	68
13	88
963	0
18	6
2	107
3	0
26	0
14	61
21	755
204	477
133	21
14	284
1135	21
0	0
362	2336
79	648
224	263
0	0
1256	203
758	90
0	0
0	0
66	95
166	16
5	4
3	0
78	0
0	0
7	0
0	38
3	37
35	4
0	0
64	72
49	0
26	0
10	0
5	0
2	0
1009	0
283	0
1089	18
12	276
523	0
315	139
0	5
67	68
154	0
580	327
0	0
4	0
0	0
2	0
15	383
0	0
278	1
2	0
197	5
1	205
138	385
0	280
29	39
0	0
122	0
11	4
992	401
158	933
787	704
0	9
0	83
9	292
194	0
8	606
1197	0
1256	368
0	0
1228	0
42	42
8	79
83	43
10	0
76	125
538	67
34	0
0	14
17	18
0	0
9	1275
43	25
495	0
509	136
9	1693
6	209
4	1688
22	84
48	104
127	1
0	0
72	1816
0	43
180	332
429	0
196	121
1769	0
29	62
435	3158
0	7
0	1
0	0
0	2
40	74
120	61
0	4
12	46
0	78
5	80
0	22
0	0
105	66
214	0
11585	9
0	0
41	0
4	0
0	0
0	0
21	16
17	553
0	0
0	0
0	26
88	139
82	8
12	0
17	1
313	1484
0	0
0	0
31	375
11	0
13	0
786	0
437	71
203	0
1	12
0	0
3	170
222	788
602	920
18	477
33	354
19	1663
176	0
0	31
71	229
82	993
0	82
160	726
0	0
289	0
1769	0
1029	1035
0	92
275	203
7	2
40	46
94	57
127	88
131	0
427	947
33	15
5	230
2797	100
2	69
0	0
295	0
2757	1542
140	250
25	394
0	30
12	20
0	0
271	919
63	1851
8	1420
215	0
6	1481
249	0
316	3198
11	0
37	9
0	0
172	0
70	938
286	27
38	31
443	309
4	141
2	7
17	1612
5	0
1	0
63	78
56	53
9	133
83	1
142	217
0	0
0	0
346	4
508	6
408	22
49	18
680	1908
813	4
68	20
47	9
57	0
1114	0
0	4
2	150
8	348
0	2
88	824
1087	6
117	1659
0	6
0	0
810	23
13	0
22	2557
56	8
3	0
2	38
1	0
299	2175
510	1112
916	298
0	0
0	153
51	55
830	8
24	183
0	6
72	263
27	29
5	97
486	47
602	1
1	0
81	0
547	0
14	34
1	1843
15	0
0	17
51	0
562	341
652	0
4	162
1	2
0	0
1	0
13	333
6	0
137	1505
14	366
8	6
222	563
6	192
21	0
164	305
297	4834
0	0
617	0
109	1909
1189	18
132	0
89	126
67	365
180	211
0	0
0	0
0	0
0	0
0	0
0	0
0	0
0	0
0	0
0	0
256	8
0	0
0	0
0	0
0	0
0	0
0	0
0	0
0	0
0	0
0	0
262	165
0	0
0	0
0	0
0	0
0	0
0	0
0	0
0	0
0	0
0	0
108	657
0	0
0	0
0	0
0	0
0	0
0	0
0	0
0	0
0	0
0	0
474	141
0	0
0	0
0	0
0	0
0	0
0	0
0	0
0	0
0	0
0	0
2	28
0	0
0	0
0	0
0	0
0	0
5	4
0	0
0	0
0	0
0	0
11	545
0	0
0	0
0	0
0	0
0	0
0	0
0	0
0	0
0	0
0	0
27	0
0	0
0	0
0	0
0	0
0	0
0	0
0	0
0	0
0	0
0	0
3	62
0	0
0	0
0	0
0	0
0	0
0	0
0	0
0	0
0	0
0	0
0	94
0	0
0	0
0	0
0	0
0	0
0	0
0	0
0	0
0	0
0	0
28	75
0	0
0	0
0	0
0	0
0	0
0	0
0	0
0	0
0	0
0	0
0	18
0	0
0	0
0	0
0	0
0	0
0	0
0	0
0	0
0	0
0	0
0	0
0	0
0	0
0	0
0	0
0	0
0	0
0	0
0	0
0	0
1	0
0	0
0	4
0	0
0	0
0	0
0	0
0	0
0	0
0	0
64	397
0	0
0	0
0	0
0	0
0	0
0	0
0	0
0	0
0	0
50	8
5279	0
0	0
82	0
21	270
96	1
19	158
0	0
26	1152
0	0
343	0
0	0
0	0
305	0
0	0
650	253
3204	561
0	0
2	0
38	0
0	0
5	14
33	60
155	0
87	491
6	735
0	0
178	147
0	0
83	0
0	43
39	2
583	349
0	1
4	3
43	46
0	0
0	1
0	0
10	55
52	0
362	0
7	5
112	0
113	0
1522	547
5	4
266	95
30	426
23	0
103	634
114	1
12	8
4	218
2	0
0	0
0	0
34	140
21	166
3	0
105	130
326	940
101	428
57	648
18	538
186	81
2	283
46	0
186	66
0	21
3	0
1	0
3	12
0	12
4	0
63	1741
48	117
0	17
7	79
31	2112
0	28
0	0
17	227
61	365
0	0
1	0
0	0
0	0
1	0
0	2
1	45
0	0
24	0
0	0
0	48
2200	0
0	5
268	0
70	0
0	0
0	0
2	48
1	27
379	1002
1069	7
0	0
11	309
1	0
0	0
0	196
0	0
2	0
179	738
12	0
177	1161
1083	282
22	250
0	37
4	1
0	0
7	108
112	630
798	2
0	0
0	0
0	4
0	1
0	0
468	0
854	0
301	0
109	103
491	16
145	126
0	0
1	884
0	0
986	0
113	35
340	7
464	3
104	9
1982	3
734	63
52	0
0	0
126	0
6732	7
156	216
47	0
0	0
5	240
0	0
0	0
2648	808
3	3
28	0
10	530
11	188
209	720
1	98
80	1620
14	0
3	1
0	0
11	1
0	3
0	0
18	0
0	0
6	11
0	449
6	29
7	407
5	540
29	0
8	0
257	249
0	0
275	415
0	1
444	0
33	404
0	0
90	0
699	0
83	310
170	125
101	459
47	0
58	9
3	0
0	0
0	797
13	132
111	215
5	179
11	0
2789	376
1	1
195	0
93	0
155	65
168	0
5	32
3	0
93	0
42	4
624	948
4	36
1	0
0	1
1	0
456	203
437	5
2	0
15	0
3	0
28	1
2902	761
0	0
108	0
0	0
186	25
18	212
0	0
0	19
787	452
65	83
14	225
1	0
0	0
21	1320
0	0
8	208
2733	51
6	203
0	84
33	0
0	0
6	430
0	0
0	0
3	60
0	0
0	0
0	3
0	9
0	30
0	0
485	0
94	1525
0	5
0	0
0	39
78	601
5568	2
168	745
30	90
0	1
8	21
350	0
231	28
432	0
2	42
5	0
3	0
1	2855
60	89
198	1203
0	0
72	286
1	0
0	0
8	0
1082	2983
31	204
156	415
1	1329
3	50
10	4
10	0
1073	0
1608	0
1432	71
284	0
522	319
26	324
138	61
3	39
35	18
805	95
120	257
734	132
623	84
35	309
73	5
154	0
113	0
25	13
0	0
130	50
0	278
0	3
174	301
0	4
702	278
4	225
178	139
64	76
0	20
148	4
285	199
1018	1339
40	677
154	12
1	184
4	4
3	0
10	185
167	1098
206	7
10	0
967	7
2382	99
107	31
52	11
854	17
0	0
0	0
51	93
0	0
0	0
0	0
14	47
28	22
12	9
11	0
0	0
172	37
49	248
2	3
30	0
0	0
0	8
0	0
0	0
0	0
375	507
13	29
17	0
18	132
35	222
55	161
7818	52
142	0
118	231
8	162
53	52
1	0
1680	1275
1285	250
0	0
0	0
1167	2132
1471	0
1937	0
2	0
10	98
319	461
78	10
132	48
67	1
826	0
1369	519
145	0
2383	499
0	59
0	0
0	0
0	0
56	1906
231	720
1440	1029
0	0
0	0
2	112
1	3
31	1660
76	0
1775	191
55	0
309	0
3493	0
17	105
1526	45
515	408
841	864
86	50
0	0
10	169
11	236
0	49
265	645
410	0
0	0
335	1028
3	0
1	8
0	0
235	2230
0	0
0	0
13	18
607	38
328	220
2	50
7	181
0	0
4	0
288	0
865	369
269	0
23	0
29	17
0	63
14	645
39	38
1	0
0	0
0	0
0	0
2	0
0	0
3	5
0	0
0	0
27	120
0	0
1725	0
21	0
0	0
5	31
0	0
0	0
15	6
3	1114
573	13
0	695
26	0
0	1
2	0
76	1
39	778
0	41
70	1513
333	0
978	0
1170	0
8	0
37	135
2262	0
484	110
1	0
1964	399
119	767
0	51
5	905
1	0
0	0
503	28
24	26
162	0
182	1
150	600
201	0
0	0
0	0
0	0
0	0
462	2054
152	48
5	0
369	61
4	9
0	0
4	197
30	255
0	0
6	0
22	0
606	688
4	0
3784	0
227	0
0	0
7	1019
21	1135
0	7
732	3604
3	5
4	139
1	0
17	0
4	3
0	1313
66	0
28	0
649	1
254	34
167	0
84	166
9	18
372	408
315	46
8	0
303	0
372	311
408	1081
105	0
135	0
73	211
148	870
362	187
1	0
0	2
394	776
110	1
1057	118
209	178
124	297
25	676
122	18
4396	42
237	75
19	40
422	14
257	0
858	0
557	0
799	7
75	316
74	369
3	8
1	0
44	49
0	22
1	0
40	107
1	2
271	0
243	1
2445	0
820	287
2437	119
273	1139
1485	2797
14	12
0	131
238	44
1	277
0	0
113	154
156	1
303	2
969	0
0	0
14	362
520	1355
58	0
245	271
8	11
0	0
0	0
547	0
175	181
0	0
4	0
0	7
325	0
31	0
4	60
0	2
0	0
0	0
0	0
0	0
59	0
7	14
0	0
101	247
116	510
18	0
12	28
219	197
894	71
1241	19
495	31
154	8
61	60
354	0
13	102
21	0
1	158
6	101
129	128
0	4
15	905
0	0
79	0
0	0
41	978
5	29
0	17
0	0
1	66
0	262
32	99
6	0
14	303
0	0
139	0
94	620
23	849
173	227
724	49
468	24
603	0
487	1
2190	3
62	0
74	201
0	19
425	2
7	1
1011	1901
0	0
1	0
0	17
0	0
0	0
0	0
317	45
13	0
66	380
498	118
32	0
318	0
211	43
37	0
296	0
68	0
211	1
897	4
4993	0
64	1
117	0
782	0
627	110
0	0
1	0
3	3
21	157
295	1804
598	69
0	101
117	310
406	18
180	0
23	57
580	0
1055	3
156	525
34	26
45	221
97	1044
7	282
98	135
26	110
578	2404
39	16
1	1
22	408
1	11
337	63
0	138
104	575
1	12
1	13
2	1
419	1040
627	3263
300	281
3714	21
50	34
0	0
0	0
0	75
26	12
6	0
14	0
38	17
490	0
215	127
958	0
1124	0
413	533
21	613
9	0
6	247
0	0
0	0
300	145
60	74
4	94
279	638
7	1
72	0
687	252
3	0
170	0
2	0
0	0
1161	0
1597	50
1446	23
2052	0
11	8
271	125
604	0
139	430
837	0
33	1306
124	75
92	28
1966	541
2071	1882
36	0
11	932
0	0
113	465
103	105
549	0
2593	6
231	2
317	9
14	0
1858	0
1279	123
19	1
0	0
2	7
0	0
606	289
605	9
2	0
2	36
35	0
0	0
110	479
20	22
1058	0
26	123
21	3
525	27
2	0
3	290
0	0
0	5
0	25
0	0
6	0
11	105
0	1
26	78
0	53
95	37
33	18
0	58
227	1057
257	0
60	0
46	0
41	4
25	0
1828	0
125	1
32	0
301	36
19	0
345	0
8	273
0	0
0	1
0	1
0	0
0	0
180	129
17	947
1	0
0	0
403	2326
0	10
2	2
0	192
37	0
24	0
3890	4247
0	0
0	6
10	0
14	0
332	0
5	161
132	3508
509	0
1522	104
0	0
0	0
0	5
0	0
6	128
79	86
74	327
14	19
1709	0
856	22
0	1
5	241
4	0
1	6
6	74
34	57
3	31
3	6
0	79
489	625
117	0
282	0
1139	180
0	0
198	107
1	0
156	70
306	97
224	0
15	290
143	89
0	0
0	0
0	0
3	0
7	5
101	62
1	0
0	0
11	22
0	0
0	0
930	0
3	0
0	0
0	0
3	44
1118	775
42	0
634	8
89	0
22	78
30	22
0	0
0	0
0	0
0	3
0	0
206	667
75	158
1385	156
2	10
520	0
0	0
0	6
11	146
83	170
106	196
242	237
61	0
4	113
6	268
35	555
248	604
66	276
374	70
77	200
37	30
107	0
178	591
129	62
0	0
268	12
180	76
0	0
5	0
17	0
2	0
0	3
599	0
71	0
46	0
0	0
0	0
0	0
29	0
272	2374
7	120
173	2151
19	289
460	0
29	0
75	235
0	0
0	237
7	0
885	143
875	1
20	502
12	286
0	0
0	1
0	899
0	0
793	78
70	1366
229	35
174	154
697	1924
28	0
591	0
0	939
458	1919
9	4
23	2412
241	1
26	33
675	232
2	38
3	36
0	10
4	1185
260	0
0	0
41	0
7	0
2	1
25	149
321	117
3	24
32	884
927	18
5	128
0	0
5	0
5	112
0	0
15	0
0	0
0	0
0	0
0	0
0	0
0	149
13	0
2	39
0	0
0	0
6	1289
0	0
1	0
0	0
0	0
0	2
32	50
0	0
0	0
0	75
217	181
5	0
0	0
420	0
20	44
37	107
0	0
641	4
3	3
105	0
126	2
4	0
526	1774
0	0
97	262
278	2104
2	5
586	0
1	0
254	0
1303	127
1369	0
239	1797
7	502
10	44
10	27
0	0
0	0
2	0
113	170
5	5
6	23
4	35
20	77
1	30
0	2
5	46
0	30
0	28
174	191
21	64
3	0
0	0
7	521
333	65
2948	106
23	129
276	53
178	834
78	28
248	323
0	2
240	249
7	12
0	17
0	0
14	7
1109	1474
211	415
300	0
221	69
3	21
121	25
133	0
115	0
3	785
156	1
2629	11
0	0
5	1029
67	84
7	67
33	84
0	0
1088	2
838	1
3450	1
133	0
1905	0
167	0
17	1
200	0
2	0
132	0
18	0
169	4
308	0
150	3
33	53
0	0
62	86
36	0
7	305
21	195
1	2
34	254
730	246
41	172
1341	0
443	302
912	32
486	0
30	18
50	3
49	641
1	44
313	18
31	0
341	0
246	42
14	8
58	0
47	0
1630	455
0	0
144	111
0	0
568	90
125	6
0	0
17	18
0	0
0	60
0	0
0	0
0	0
22	0
0	2
0	0
0	0
0	1
87	717
1	0
1	10
178	57
77	440
13	0
0	0
0	0
41	145
13	107
115	21
8	611
36	46
0	85
23	184
33	476
0	27
780	638
103	159
565	1
588	61
963	225
102	106
0	0
0	0
0	0
14	79
2	68
652	521
359	2821
228	517
979	93
0	0
0	0
8	15
292	224
0	0
0	0
0	0
0	0
2	98
0	0
371	457
137	0
24	334
40	75
196	120
61	348
0	0
7	1
10	287
0	0
0	0
1	0
0	0
0	0
7	705
0	0
1	281
0	0
0	0
0	0
0	0
0	0
0	0
0	0
0	0
0	0
0	0
2	24
0	0
0	0
0	0
0	0
0	0
0	0
0	0
0	0
0	0
0	0
0	0
0	0
0	0
0	0
0	0
0	0
0	0
0	0
0	0
0	0
0	0
42	600
308	113
0	0
0	0
0	0
0	0
0	0
0	0
0	0
0	0
0	0
0	0
185	201
0	0
0	0
0	0
0	0
0	0
0	0
0	0
0	0
97	308
800	244
116	89
12	115
184	50
0	24
47	42
0	0
36	2393
129	0
198	273
35	89
3	0
1	0
56	1
14	2
1	0
1	0
0	0
8	0
115	0
14	45
29	717
1479	182
132	29
896	7
646	288
214	3140
25	1346
24	0
0	0
1	0
0	0
0	0
1	0
22	827
8413	96
0	0
226	0
5	0
71	0
0	59
0	27
1656	0
201	0
79	0
0	0
154	0
715	767
18	34
0	0
2	0
165	105
1309	1655
593	33
128	0
1015	30
0	0
387	9
599	350
58	129
12	312
15	7
643	100
72	0
3	339
1102	642
1075	18
254	11
365	507
0	39
85	0
7	136
127	0
450	0
533	0
102	110
33	0
355	0
6	0
4	0
0	0
7	14
5	27
0	0
22	147
5	0
0	0
183	0
15045	1
47	109
61	293
1	1
426	83
3	28
156	0
24	0
1	0
0	162
0	189
0	0
623	24
670	879
0	0
1	0
11	199
30	1391
426	0
132	1595
49	35
24	392
14056	9
4	164
0	0
11	0
0	0
0	0
3	0
5	235
13	279
41	400
172	9
18	6
9621	1
79	94
377	43
976	117
0	0
83	0
396	0
1351	128
56	0
1829	0
0	37
7	4
49	0
16	18
18	203
26	0
10	213
14	4
19	4
161	1
2814	0
400	43
16	0
230	67
6	97
0	0
0	0
4	6
90	40
106	0
0	0
0	424
0	0
74	0
82	0
12	19
394	0
1203	5
380	1693
40	0
3	1233
59	0
32	0
52	0
122	0
23	0
90	0
12	0
11	0
23	2615
1609	0
1	39
25	815
2	173
9	1453
60	270
189	396
37	0
29	61
1	0
3	30
0	7
442	2407
13	467
16	0
0	7
103	83
725	32
287	446
40	471
88	352
