UniqueCount	AmbigCount
14	0
91	0
22	51
0	11
70	28
376	1052
69	0
10	394
108	245
376	1172
77	0
0	0
272	6
0	0
80	180
0	0
837	0
789	0
245	0
1	203
0	0
2	79
158	217
28	287
23	73
221	2
0	37
38	2126
1	0
0	0
3	0
6	35
0	9
0	299
29	3
6	4
51	22
149	380
271	208
0	50
28	2139
50	0
2	0
0	0
19	0
0	17
4	92
3	1
3	3
0	33
873	79
0	1234
98	6
0	89
0	0
1	0
0	0
95	250
0	81
213	70
40	991
0	4
93	0
4	0
6	112
0	0
9	12
0	0
224	95
104	591
59	866
39	0
0	0
10	12
1	0
3	0
122	156
16	2
0	0
59	813
3	947
0	10
2	21
1	0
5	1
16	56
195	108
137	857
163	0
180	710
3	0
3030	0
81	1176
318	12
377	10
973	180
149	462
48	58
3	185
32	334
2	41
0	0
1352	730
362	142
0	1
206	210
17	0
2415	179
22	64
0	0
0	0
0	22
0	0
6	127
605	2
0	0
0	0
32	0
2	0
2	498
70	0
76	172
1	18
0	0
4	0
145	0
51	0
14	826
0	21
0	0
0	0
101	277
20	0
51	0
133	702
4	155
1600	2
2	121
1	0
13	3
0	0
290	0
278	118
14	2
2	11
0	0
0	0
73	0
0	106
9	0
153	1
0	88
0	0
0	14
1	27
0	1
75	59
5	195
4904	134
0	0
0	0
1	64
45	80
35	657
4	9
235	0
106	7
8	1
17	206
64	0
30	7
572	93
8	12
1	19
116	19
0	23
0	0
1	3
0	0
111	158
47	5
0	0
711	318
0	357
0	0
0	0
0	67
0	0
0	66
2	240
1199	368
2	2
44	12
329	187
362	43
93	19
0	24
219	0
0	0
0	0
351	1
0	29
246	0
1	0
49	0
216	476
12633	1368
395	25
29	38
1	78
68	8
615	640
3	0
14824	257
1	35
1	0
1081	15
0	94
0	258
294	94
0	0
0	1
0	3
0	0
28	1
69	0
0	51
3448	1012
18	69
859	734
3	0
23	13
1	1
5	115
0	0
1	35
1650	0
34	100
296	602
0	0
6	1
4	0
904	723
128	203
95	0
0	16
10	0
134	439
26	0
0	0
0	387
78	0
246	0
1200	0
0	39
2	544
21	725
0	5
0	0
465	0
338	0
115	73
10	29
318	1
78	1
74	0
147	7
67	1
121	1462
6	0
0	0
1	0
0	0
0	0
590	10
141	0
28	12
0	50
3	4
265	0
0	0
97	1749
38	356
0	0
0	0
3	3
6	335
60	273
231	83
1913	0
131	1662
0	0
67	0
0	0
0	0
1449	1
81	324
62	182
167	0
143	0
76	440
22	61
2	0
59	706
0	0
246	0
1335	21
0	3
8	2
8	27
30	250
38	25
3	122
0	18
0	0
1	27
2	0
30	102
0	271
0	0
56	136
43	140
0	0
0	0
0	0
0	0
1	12
1	0
4	0
119	0
992	397
1	30
12	0
21	874
174	192
491	1415
1789	0
0	0
9	0
11	168
0	0
0	0
0	0
0	23
0	0
0	0
0	0
5	4
0	0
5	13
310	60
88	657
590	472
890	331
135	0
264	1708
5	172
180	29
74	227
85	2
736	10
184	57
0	0
41	235
826	126
0	0
0	0
4	0
2	0
20	50
2050	4
29	37
226	128
109	131
8	85
52	316
79	0
514	1
10698	122
0	0
1491	0
0	84
0	78
113	304
13	0
42	0
91	1
15	83
38	0
5852	0
59	0
35	89
296	223
442	0
3	0
1	0
1195	0
559	53
8	0
24	0
0	0
8584	0
131	85
0	0
3	338
6	66
0	6
0	15
5	100
26	406
28	0
1	0
0	18
0	0
229	41
391	80
189	0
4624	0
729	16
64	0
257	0
353	0
73	0
39	16
0	33
1	0
4	74
205	214
420	891
102	101
7252	0
786	18
46	0
516	0
228	0
279	151
101	0
2	0
0	0
234	0
149	0
43	0
104	456
3	6
121	0
1189	0
119	83
247	18
13	685
1949	0
10	0
838	1813
0	0
6	79
285	0
1164	101
223	716
11	491
112	0
56	19
0	0
2	128
31	5
0	0
7	0
1	0
0	0
0	0
2	0
44	1
17	23
257	41
87	199
0	69
4	9
137	202
2	15
1	0
0	0
1	20
0	0
45	4
5	92
525	33
74	522
328	0
7	0
58	0
156	11
20	55
3	68
2	271
0	0
0	0
15	187
0	0
4	2
228	2
338	32
584	0
508	0
0	0
229	167
1	0
24	392
37	357
1761	26
6	2
27	7
5	0
360	21
83	114
82	0
300	41
130	240
2	628
387	361
87	52
208	0
0	2
135	0
25	0
1	4
0	8
34	0
0	0
0	0
6	0
0	0
0	0
0	0
0	0
0	0
0	27
0	1
16	523
0	0
1	2
1	798
0	231
1	94
111	576
0	9
0	0
563	539
0	10
0	8
0	0
10	201
194	98
6	39
194	0
187	25
26	395
28	1806
0	0
11	21
316	96
0	0
495	28
134	9
0	0
410	0
0	0
503	0
0	0
0	3
1	10
0	0
0	0
0	9
0	0
0	0
0	0
0	5
0	1
0	0
690	25
0	0
348	0
0	0
0	14
144	84
43	657
282	34
3651	0
379	506
407	0
0	0
0	0
294	39
3	10
233	0
2	18
1	1497
0	0
0	0
3564	104
175	0
70	0
277	149
0	0
4	925
11	23
21	0
0	3
0	0
0	0
0	0
185	3
1	16
227	1465
0	0
38	1
0	16
3	0
360	40
126	1
3566	0
0	15
0	0
0	0
0	0
0	0
357	59
0	0
0	0
0	0
0	0
0	1
0	0
0	0
335	997
6	0
0	0
347	0
2	0
2	11
5	528
13	5
1	20
80	2296
2	78
20	37
0	0
0	1
111	0
3	0
134	0
384	25
195	0
15	0
5	0
181	75
1	16
83	474
0	0
22	0
139	428
192	44
21	104
239	3
718	13
706	10
140	74
0	0
7	8
32	124
60	22
17	2
21	0
55	271
386	174
0	0
0	0
468	1809
1	0
3	0
0	0
74	186
13	426
0	108
71	769
4	436
0	0
0	0
2362	19
1331	31
0	0
0	3
21	0
0	14
0	0
5	0
163	0
4	0
56	792
167	0
3997	0
0	0
0	0
0	0
2	0
184	10
2	0
0	0
181	62
31	40
26	245
84	536
90	543
4	8
10	1543
46	5
1	0
0	25
5	0
65	0
0	0
0	0
0	0
1	10
34	313
0	0
0	0
7	113
0	0
1	0
28	94
5	1483
3	0
14	160
1	0
2	12
133	299
117	0
0	0
0	0
0	0
209	445
1799	7
2	0
24	3
172	2115
0	26
319	2
316	1155
157	0
158	279
33	1028
0	0
20	161
0	0
40	18
0	11
1	6
8875	166
17	36
0	0
14	51
9	18
79	10
67	421
0	1
0	1
0	0
101	606
209	199
3	1
36	0
4	0
0	0
0	0
0	0
0	12
27	222
0	2
21	0
2	0
2	34
2697	260
25	1463
94	23
7	493
7	0
1188	106
0	0
8	2
0	0
0	0
45	4
0	5
0	227
76	31
11	119
697	46
151	371
61	135
295	444
108	161
256	0
274	0
26	0
76	458
1	0
0	0
0	125
355	889
1	284
1	0
0	0
0	0
0	0
227	100
36	10
3	1
0	7
0	451
2	0
0	88
2	179
91	437
0	0
0	0
37	5
0	487
1	101
0	0
0	0
0	0
83	260
0	331
12	5
295	34
41	6
5	99
79	48
0	3
38	224
592	988
8	97
1118	1185
121	1088
0	1
113	50
82	0
122	14
25	62
3	218
247	588
0	34
0	0
0	101
0	0
2	0
0	0
112	133
79	0
79	23
244	0
392	0
75	2
10	71
6	304
0	0
31	5
4	232
0	0
234	38
0	1
0	0
1	0
0	288
0	0
0	60
1	0
79	139
19	30
327	257
8	47
5	3
0	0
0	0
255	5
306	7
69	0
25	132
355	432
478	359
0	0
203	559
581	53
20	0
874	73
0	0
59	0
0	12
193	0
81	0
130	17
230	0
165	164
35	0
0	0
1	0
1	0
2162	0
24	21
9	26
48	7
67	64
0	0
0	0
69	116
0	1
20	22
49	1
3	3
0	20
3	943
21	0
0	0
155	124
25	165
110	0
0	1
0	0
422	668
37166	117
1324	0
0	350
1	2
2	1
177	0
0	0
177	376
0	0
0	51
0	0
4	1
104	886
0	0
0	0
137	215
0	0
26	31
14	87
102	0
2	37
2	6
9	48
6	0
15	165
1	75
1906	31
108	0
11	10
558	840
63	0
5290	5
3166	552
11	0
0	0
0	0
113	8
194	83
989	496
155	0
3	117
1	67
29	13
247	281
0	0
417	1930
1	1
0	100
0	0
6	0
0	0
9	200
0	0
0	0
0	0
0	0
0	0
0	0
0	0
10	54
0	0
0	0
1	0
0	0
3	200
0	0
0	23
7	0
27	91
6	101
0	0
378	75
0	0
14	0
0	0
0	12
0	41
44	0
74	0
15	7
12	5
268	0
236	215
2	155
67	11
0	0
27	5
13	131
0	0
0	1
340	1211
1016	242
0	37
50	7
0	0
3	0
1	106
192	0
0	0
0	0
445	6
971	328
0	0
0	8
0	0
104	226
0	14
345	23
0	0
9	45
0	0
3	0
9	0
10	7
19	1662
0	24
0	0
0	0
87	0
0	0
49	0
3	27
6	62
0	55
13	0
0	0
65	1671
180	5
212	0
108	460
13	184
72	0
86	51
448	0
15	1234
0	115
39	693
0	192
0	0
10	15
0	65
0	4
5	5
0	0
234	818
0	0
0	0
0	0
1150	228
118	0
17	7
6	1
77	84
29	67
133	0
154	20
45	0
3	0
1151	0
189	321
0	0
150	56
0	0
56	72
8	32
5	93
0	0
0	0
1	0
0	0
29	0
0	100
0	0
0	0
86	1
265	70
122	4
197	0
21	343
0	0
0	0
41	223
0	176
0	20
687	0
2	42
88	0
8	0
0	0
260	989
10	0
2	0
3505	0
0	5
703	121
0	0
90	174
4452	292
1	80
9	1401
166	0
3	0
80	1377
34	611
8	78
4	375
0	30
393	1068
0	0
0	0
0	1447
1	211
0	0
0	0
203	67
20	642
3	0
17	0
5	30
26	0
5	79
69	0
108	1959
1906	0
249	92
18	658
0	0
0	0
0	63
0	0
1	202
0	0
0	0
7	257
24	59
5085	0
9	325
0	1
0	1
0	640
5	243
0	11
0	0
35	45
22	49
2	4
16	4
237	283
252	0
54866	1
93636	4
10	2046
1	378
1	135
22	722
696	0
163	0
46	0
265	3
2150	234
35	15
286	200
371	8
120	2818
44	165
0	0
178	238
93	0
207	46
0	6
0	11
16	75
6	290
104	0
979	77
640	0
3	41
18	7
56	848
10	1920
15	1843
35	29
31	13
0	8
8	46
38	282
2	336
5	2
1	379
29935	2
136	0
4	0
0	0
58	223
87	0
460	392
1	0
86	0
204	319
132	0
103	30
0	1
42	11
250	0
0	0
0	0
42	278
34	249
0	0
171	677
27	0
216	392
0	13
0	0
1	0
196	0
1	319
1650	32
386	1848
1008	111
163	0
80742	2
74	20
0	20
151	462
34	22
278	0
12	0
561	57
29	20
0	48
130	2
146	0
0	0
158	61
160	116
340	160
0	0
815	16
2	40
225	2086
0	10
0	0
0	10
11	21
71	286
250	0
342	543
0	0
0	0
156	0
0	23
1	1
1	11
0	18
0	1070
47	67
451	216
2162	696
0	0
102	0
0	0
0	0
2	153
0	0
0	0
1	0
105	793
12485	888
1271	75
12	138
10	0
12	30
44	413
0	0
99	1
320	652
24	13
30	50
2	2
234	175
679	0
1	0
1072	0
8	129
0	0
437	16
559	95
0	3
5	0
405	22
2	0
17	0
41	7
0	0
23	0
30	0
13	1
10	0
7	0
1	0
19	39
4	0
20	0
21	0
54	50
0	12
129	0
41	0
49	9
15	0
5	4
24	0
1	0
34	81
9	41
0	0
79	1
815	1599
213	6
141	66
0	0
1	7
75	47
5	1
14	6
0	0
0	0
1	0
138	287
9	2
0	19
0	0
0	0
0	18
100	0
278	3
0	0
1	8
0	0
0	14
0	0
0	0
36	40
9	36
2	30
231	1
211	1673
21	275
4	0
86	0
0	47
47	94
300	4
0	143
26	0
48	307
6	7
0	5
805	108
78	134
0	2
2	64
5	26
0	4
42	259
9	45
0	0
3	1943
9	92
156	169
0	0
0	1
0	0
265	103
66	46
25	22
51	3
169	180
1411	461
4	0
458	84
0	17
8	91
0	0
76	0
275	0
5	56
1	957
157	317
0	87
11	12
0	13
0	1
3	0
46	4
0	1
0	0
0	0
0	0
8	0
0	0
1	2
6	0
2	0
0	60
64	143
102	140
48	0
44	28
1	0
21	35
6	222
36	0
0	0
0	0
60	184
5	15
7	244
79	2
838	11
8	48
2	20
0	0
3	228
0	0
119	682
19	0
45	1610
4	5
23	0
61	15
0	0
0	1
16	22
24	171
79	290
514	1683
0	0
26	0
199	110
2	0
231	0
1	1
376	1
5	16
80	87
138	20
28	21
106	0
348	36
1	13
157	18
122	0
81	451
5	5
1699	12
124	807
967	826
370	8
20	0
1	0
4	3
5	20
2	29
0	1480
319	26
7	0
528	0
35	1563
11	480
0	0
0	375
2	0
1	18
464	149
47	0
15	0
72	1
0	0
0	0
117	0
0	0
2	7
117	481
2072	1256
14	22
14	54
229	14
432	1726
5	2
3	44
0	3
1	7
7	0
137	56
106	45
1236	15
995	0
2466	165
0	113
35	7
8	5
0	23
48	0
1	0
123	1433
37	4
12	218
3	4
1	23
0	6
27	438
56	361
6	8
1	6
2	264
148	1749
2	0
521	315
136	234
2	1
327	0
325	48
92	0
6	0
0	26
93	795
1034	0
246	145
94	0
319	1020
60	303
0	3
0	47
5	0
226	0
5	88
9	89
174	2
5	1858
0	0
1	0
0	0
0	2
1521	83
2	4
0	0
136	117
0	0
17	1
541	126
4	0
15	0
0	0
0	1
30	269
2	134
0	0
0	112
77	275
47	114
1	37
5	27
13	251
183	9
4	0
81	775
69	0
81	34
272	0
1404	7
6	590
4820	0
56	184
0	17
8	78
35	866
6192	34
193	14
25	162
574	115
4133	359
0	70754
40	687
0	94
0	14
0	2
1	9
0	0
26	63
0	0
0	0
1	98
32	152
5	105
152	14
5	14
7	45
271	117
26	0
44	14
0	95
194	89
4	1
0	7
17	56
11	302
527	0
1	29
132	7
61	295
202	0
8	2013
52	2305
445	128
0	0
4	14
188	25
218	63
71	572
249	9
0	0
1	0
0	0
0	0
17	382
0	0
20	0
0	103
37	269
0	6
0	0
0	0
4	4
0	0
0	0
0	0
1911	0
0	0
23333	210
1	0
2	0
0	1748
352	1
265	539
79	0
419	3
63	0
10	42
0	23
0	0
0	0
1	3
67	0
5	32
77	255
0	73
20	30
14	0
0	0
0	0
1	0
0	0
0	0
7	398
0	0
0	1
179	1
90	56
13	169
27	3
0	1
0	1
4	73
5	4
41	177
0	0
0	3
1	0
0	0
0	0
137	493
0	0
533	124
893	6
8	99
1014	1449
0	0
2637	1141
334	0
38	5
1	397
0	2
44	272
33	2000
0	7
4	7
1	0
711	19
0	0
7	6
77	157
192	460
0	4
146	741
0	6
0	0
1	0
0	0
37	0
2309	16
233	256
60	138
0	110
86	159
0	0
8	0
0	0
0	25
0	67
0	0
0	3
0	0
243	1106
26	38
10	37
127	55
4	422
22	111
52	41
0	22
62	237
5	26
37	362
276	1
169	144
190	0
546	104
16	262
732	8
45	8
35	5
6	0
51	281
0	0
196	931
105	53
2868	496
221	31
38	12
65	60
10	0
1087	412
55	0
45	0
0	83
44	1446
0	1
0	0
174	312
15	67
35	757
0	62
16	0
2	34
0	0
0	0
0	0
0	4
184	780
86	2299
3	2
9	1
2	1
375	108
414	0
253	0
10	2
14	40
19	83
6793	0
0	0
0	0
8	0
2	22
0	0
1	11
242	483
3	17
0	0
5	57
0	0
28	650
107	344
9	201
1	130
82	18
31	0
262	24
9	669
0	16
3	0
0	0
0	0
269	0
0	1182
0	0
0	0
1807	0
64	24
228	888
54	124
132	81
0	10
416	13
0	0
193	322
75	38
3	74
78	0
215	0
0	0
0	22
0	1
0	0
328	196
0	0
2	0
381	12
24	0
6	26
18	0
0	16
0	0
0	0
0	11
0	0
0	0
0	0
0	0
95	0
301	356
0	0
1060	6499
10148	14
20942	17687
8	12
6854	18645
1	0
1	0
135	0
0	1
44	1041
23	72
0	0
0	1
0	3
45	223
2	2
18	0
1	338
579	0
17	2
58	127
60	2
19	64
13	10
0	0
0	0
258	381
0	0
0	80
581	40
0	0
77	0
14	26
15	886
36	132
0	0
0	7
86	1
2	0
493	1662
0	0
48	24
0	0
2	91
0	0
0	0
5	19
0	0
1	0
70	0
651	119
36	53
18	0
115	4
37	0
7	0
115	4
16	0
184	0
3693	62
20	0
52	0
0	0
31	226
109	0
0	0
16	0
119	49
54	0
72	216
0	0
27	398
191	74
40	6
91	0
217	0
21	1
14	0
1657	0
550	2
558	0
246	0
0	0
0	0
0	2
146	0
17	68
3	16
1190	0
2489	68
6	39
2	8
0	0
0	15
0	0
1	0
0	0
2	0
11	177
100	142
7	715
5	1
0	0
117	0
30161	1
34	0
40	9
225	11
1221	302
158	585
0	1
0	1
450	0
5	13
1500	1
391	1682
1	2
6	317
20	0
37	0
29	0
0	0
10	1
9	106
0	0
10	5
24478	8195
948	253
0	8
3	0
0	0
9	25
16	43
4	9
1646	545
524	70
152	23
0	0
0	0
0	0
2	0
162	14
1	8
0	2
26	11
13	2
184	89
7127	12
34	36
71	44
125	463
116	205
1173	0
772	0
3134	1
466	0
605	126
127	919
116	662
345	87
0	143
0	0
3	354
27	92
0	0
7	0
0	46
1	0
90	0
51	9787
0	0
0	0
0	6
14	83
152	369
0	56
0	0
277	0
169	0
4189	1
3	12
219	445
164	321
0	0
0	0
681	714
20	9
3	5
11	519
1	0
14	0
7	11
18	0
268	156
164	235
0	0
0	151
0	0
6	75
0	40
252	0
84	1
1	5
267	93
0	89
28	368
3	3
46	0
36	7
15	2
125	4
17	71
6	14
19	396
18	2656
0	34
0	0
0	0
189	222
3	2
282	66
0	27
28	1059
64	168
0	133
504	1
15	172
0	0
0	2
43	159
15	14
70	923
155	610
24	55
178	12
72	0
11	163
3	27
0	1
0	119
71	195
61	1764
469	0
39	99
395	5
68	1019
942	34
112	0
235	0
0	0
16	212
0	0
1595	0
250	0
469	192
5	77
262	120
19	0
3	1
46	84
0	84
185	145
7	26
206	0
148	0
101	10
29	1050
73	128
0	8
39	2
3	0
7	0
0	0
2038	1309
102	0
190	1050
69	32
0	0
7	0
0	0
316	271
40	0
135	48
26	319
755	0
75	2292
1872	5
0	0
1308	0
1883	210
3	6
39	113
27	1
10	0
212	0
273	216
0	0
6	14
81	2
38319	9
93	7
49	75
590	937
0	0
71	8
271	35
608	76
524	701
186	6
59	1
10	275
0	0
0	0
1	270
0	0
0	0
0	0
0	0
0	0
0	80
0	0
0	0
245	0
11	0
17	100
288	158
1	0
1	0
0	0
0	0
35	269
73	8
1275	121
0	96
0	0
34	404
73	170
184	1375
13	1803
35	130
0	0
30	0
4	60
99	156
0	14
1241	25
43	9
0	0
10	0
3	0
5	25
0	6
97	885
111	2
3	0
3	0
3	0
29	7
131	0
0	28
172	338
166	220
590	487
0	0
0	46
29	657
1	182
34	116
0	0
0	0
0	13
28	1
837	107
375	0
1	125
4	382
51	525
91	146
0	20
94	24
208	1
0	0
230	29
146	417
1	0
35	157
143	56
77	1669
4	0
6	202
0	0
1	52
0	0
61	0
67	0
449	20
60	0
5163	3
17	0
0	19
0	48
9	0
0	0
0	188
2	1172
16	19
4	0
39	1
1698	183
0	0
406	368
63	144
0	0
9	0
1	0
3	1
432	205
439	3
0	0
241	17
0	9
1	6
48	0
0	6
0	48
119	0
0	68
378	1990
15	0
0	0
4	32
0	0
127	328
0	230
3	4
0	0
0	61
7	82
1	60
19	0
0	0
2	0
14	60
0	157
0	14
0	13
0	1
16	2336
0	0
0	0
0	0
0	0
0	0
0	0
0	0
0	0
411	436
0	2
0	1
0	0
1410	0
92	521
3168	19
137	0
16	1
56	0
34	0
20	0
1	0
2088	105
0	0
126	0
75	8
238	1186
0	100
111	0
3	0
1	0
0	0
687	3023
224	84
0	0
0	0
1	183
27	445
0	0
9	198
2	784
1	263
36	0
1	0
57	0
1225	663
722	0
25	131
5	40
73	21
76	103
6	25
168	174
20	54
20	142
54	1252
121	49
0	336
5	68
0	0
0	0
0	2
11	0
855	56
512	256
68	0
11	71
25	162
0	7
0	17
318	202
95	0
0	0
0	0
1	14
5	0
2	5
201	36
15	855
257	0
6	0
2	36
112	0
185	0
252	0
237	0
39	0
3	0
519	26
16	4
32	1
3495	4
432	1195
537	158
466	1
383	0
370	8
882	1
132	336
238	141
0	6
23	0
0	21
55	132
117	0
521	0
155	12
1000	0
217	318
56	0
292	15
2	0
1	49
0	0
11	8
9	19
21	0
0	0
0	50
2	1
0	0
6	0
43	40
0	0
0	0
0	1
301	73
8	50
0	0
0	0
0	0
1	132
335	12
381	485
0	0
490	1127
2	0
1	0
8	2
50	102
23	0
1	5
12	0
3	78
0	0
0	0
0	0
0	0
0	1
0	0
0	0
110	202
20	0
3	100
545	154
810	0
0	8
80	217
36	49
0	0
27	868
209	134
0	134
14	796
5	0
0	0
2	54
0	18
7	53
3	0
0	0
0	0
2	49
131	20
6960	77
308	2
26555	121
0	0
0	0
14	198
0	0
6	1
0	2
36	99
88	984
0	0
0	0
75	180
0	0
0	0
0	0
113	51
0	80
0	0
0	0
0	0
0	0
0	0
0	0
57	659
0	0
0	0
0	0
0	0
0	0
0	0
0	0
0	0
0	0
3	11
82	0
6	202
21	2
111	203
190	68
50	433
51	879
7	0
1	0
2	811
405	0
543	33
4	560
146	113
86	41
0	0
182	179
0	0
80	25
699	0
355	0
480	197
0	0
9	185
768	0
28	0
41	66
59	240
512	29
2	139
16	145
1	25
81	0
2	0
8	143
204	201
0	50
0	48
45	2292
738	63
0	0
0	0
2	1636
2	433
36	283
316	1335
90	0
23	34
952	1
0	0
18	116
0	0
2	127
0	1
78	59
32	1909
69	1
226	397
20	66
16	98
69	1448
382	190
4	456
109	75
220	156
5	273
0	98
1	25
1	73
220	0
1065	0
150	355
4	29
29	42
1	71
4	2
7	168
8	712
0	0
0	17
4	0
0	0
0	0
0	0
6	0
0	0
0	0
0	0
0	0
21	0
1	155
0	0
1	0
2	0
7	0
1	42
331	373
6	7
75	0
18420	0
3519	907
7593	1
2	44
24	0
59	2
0	3
0	0
23	2
140	0
722	0
742	30
98	0
280	0
640	0
39	20
764	728
0	0
256	555
13	0
114	88
0	54
278	0
11	3
62	0
2662	0
143	652
2554	1131
2	239
0	42
1273	0
0	1
255	0
10630	1
0	0
2	0
0	1
0	86
286	21
344	0
156	0
186	189
462	84
0	8
0	0
0	0
1	0
0	0
0	23
19	0
1	0
0	0
1	52
1	0
0	0
1	0
2	0
0	108
3	0
51	114
172	88
11	0
1	47
0	0
3	92
0	3
539	262
0	0
11	107
0	0
660	0
65	212
234	584
22	0
36	222
204	7
182	380
413	370
1	100
24	100
163	0
2523	1
1841	1
543	955
177	554
4	0
0	0
3	0
209	0
27	244
1004	63
0	0
0	0
0	0
633	2446
406	34
0	14
12	0
0	5
0	0
3	1
0	0
1	0
138	0
38	3
0	0
1072	7
356	531
0	1
49	1
151	36
41	229
47	16
33	1
0	0
5	32
2	32
19	598
0	22
379	1007
383	7
0	0
0	144
283	9
131	70
1	0
107	0
407	19
15	71
23	3886
0	0
6	0
0	0
0	0
0	0
31	177
231	0
3	110
3	15
10	46
115	7
182	0
344	0
114	16
0	11
1	0
159	1
23	6
1228	32
0	0
0	0
0	0
0	0
0	0
215	121
75	266
0	301
43	0
2	0
0	0
0	0
1	0
0	0
1	0
4	0
26	0
12	45
0	22
1	179
0	3
16	29
1377	195
52	0
79	1
586	222
19	0
2	0
181	39
34	145
0	0
348	1
238	370
0	13
803	1444
0	0
1	151
1	220
0	0
0	629
1	5
1	107
0	17
61	14
450	33
1	26
0	0
23	0
20	0
1	16
1	56
0	1
0	0
31	2
0	0
12	65
0	374
0	0
319	0
122	0
3	8
387	3
6	25
509	3
379	17
26	0
202	752
477	8
255	20
68	1
2	0
127	0
0	617
8	9
0	0
0	0
165	749
1253	1167
1384	8
2	17
215	274
196	8
177	174
16	319
0	0
12	19
54	0
8626	1
840	0
274	1
1	71
0	1
2	193
138	0
248	0
7390	3466
46	1
650	0
0	13
137	191
139	67
12	13
13	0
144	108
274	324
31	0
0	0
33	305
293	854
441	2316
2523	0
253	152
36	156
65	14
21	46
0	0
1	1756
0	255
0	0
0	94
27	226
492	0
2	0
2	2
4	2
56	62
95	1021
124	318
39	634
23	111
313	0
146	0
12	0
22	0
159	145
347	1448
1	29
0	0
0	0
0	0
327	0
12	24
13	634
98	474
0	111
104	95
60	0
47	0
263	11
5	1573
1	14
35	360
1	0
7	6
2	0
329	327
32	0
923	898
148	0
109	0
4646	0
129	204
126	41
78	112
112	39
5	6
0	0
0	0
7	253
72	403
2	52
46	159
4	0
0	69
0	0
0	0
8	47
326	204
43	103
1	16
5	18
113	418
0	0
133	84
94	0
8	8
0	0
331	251
0	0
0	4
14	0
1	6
19	30
134	30
0	6
24	73
13	0
26	675
0	43
11	371
1	0
0	196
6	185
0	0
0	0
891	46
23	0
266	28
0	1
124	35
0	123
124	618
5	167
19	144
0	0
4	0
0	0
3	32
0	0
1	0
2	0
0	1
922	0
39293	0
23	0
20	0
1982	0
12132	0
174	0
0	0
14	95
6188	0
2414	0
0	0
101	1716
24678	3
380	0
102	0
34	19
8	0
0	0
95	413
303	44
144	85
100	25
680	380
0	0
4	0
1829	6
179	0
326	0
0	0
46	0
0	32
1	7
15	99
98	155
165	143
72	545
246	116
546	0
27	90
0	0
0	55
36	410
0	0
0	160
10	26
1	224
0	50
0	0
0	0
0	0
0	839
11	19
2	3
2	107
5	0
0	8
0	22
0	0
0	38
70	18
0	0
0	0
79	1121
13	97
694	301
0	84
0	199
21	0
1216	769
2	0
0	0
3	0
352	293
212	246
447	0
99	0
139	104
84	0
40	0
330	0
3	0
366	23
2	3
7094	1326
30	1151
0	0
5	301
5	32
3	0
553	42
289	212
90	125
49	187
135	8
23	8
267	0
89	1779
3265	62
110	0
62	0
1	1793
0	110
0	0
78	172
0	2979
131	18
367	1835
0	0
5	0
79	854
86	2707
3	26
1	12
438	511
0	72
7	95
32	0
0	0
0	0
367	0
66	3
76	32
79	1
35	104
62	1719
58	130
31	1973
62	0
41	2129
0	0
0	0
0	0
61	52
15	169
641	1
2759	0
3	311
71	324
72	0
0	19
0	0
157	3
0	51
1047	0
10	1424
0	15
12	164
5	340
30	0
14	37
26	1
7	29
317	127
74	713
0	0
0	0
21	70
2075	433
25	0
3	0
5	1824
56	1734
0	0
0	0
404	317
0	0
108	347
1	92
0	0
0	109
538	14204
476	12
0	0
0	44
75	3
13	1
146	0
10	0
10	366
14	0
372	200
0	0
205	760
58	0
40	22
5	18
0	1466
2028	1
84	0
8	0
683	1637
1125	0
320	779
0	231
475	0
0	21
71	0
100	112
76	3
7	310
0	0
9	490
60	119
13	0
30	31
0	0
0	0
0	0
0	0
283	0
93	62
923	1150
139	0
345	216
0	0
27	43
49	160
1	10
4	367
2	204
1	208
0	0
213	0
100	406
11	3
0	0
6	267
9	0
0	30
24	1844
171	23
37	265
179	344
1	22
1068	126
6	20
2	0
5	0
1	63
10	0
0	40
14	5
4	8
2	10
5	2
145	21
0	0
0	0
0	0
0	0
0	45
1	0
12	6
0	0
2	0
3	0
114	15
88	4
31	118
5	7
84	391
1	673
0	0
0	0
0	0
0	0
0	0
0	0
61	230
8	56
810	0
0	6
0	0
0	0
0	0
165	64
15	22
259	955
62	206
59	74
1	907
24	6
155	18
40	0
16	0
7	1509
13	46
234	42
0	4
929	7
0	58
155	21
152	28
0	0
2	130
20	146
456	0
2	0
0	0
0	0
0	0
25	152
470	312
1	2
0	0
106	92
74	212
10846	144
101955	147
0	0
124	911
41	15
319	196
1	47
122	0
318	56
20	0
6	37
6	119
553	9
394	64
30	0
64	2
0	0
2	388
197	164
0	3
118	0
147	914
0	129
646	2227
1085	1277
0	22
25	106
4	71
0	1
0	0
8	76
327	0
32	35
67	0
125	361
1	7
152	395
4	0
3	420
416	472
14075	115
82	2277
54	0
4	92
0	0
296	21
60	153
50	110
82	1527
0	0
172	227
0	0
1	0
5	6
0	0
2	0
3	0
48	1892
0	2
0	0
1	0
0	0
5	122
277	269
0	0
1731	0
2	25
0	0
8	1445
96	77
5	7
4	0
63	0
979	29
1	115
0	0
0	500
1	4
168	717
29	17
4471	0
0	0
37	1636
462	82
202	7
459	4
2	0
29	0
74	5
687	264
6	154
0	22
0	121
308	211
179	0
40	1
5	176
163	6
355	785
220	468
48	134
541	245
218	0
17	949
46	73
18	9
4	77
657	0
769	1
22	157
3	123
0	23
35	0
120	8
88	132
861	142
1435	241
429	332
1	9
132	0
57	10
6	6
8	2
38	3
516	3
104	6
220	0
50	0
5	118
2	0
0	0
36	0
45	1587
164	63
1	280
0	0
81	1
0	0
0	0
44	39
48	1
2	0
504	637
0	0
0	0
198	0
363	88
379	0
90	1
24	315
178	0
0	566
488	0
292	151
0	24
3806	51
0	187
0	0
0	0
32	628
35	0
2126	1
217	1
153	5
0	0
0	16
9834	1
0	135
0	0
0	638
10	28
180	331
109	0
252	140
4058	299
0	0
10046	99
49	1
258	569
44	1707
2	0
0	0
107	150
40	28
138	2
0	0
0	13
0	707
169	12
181	0
1	30
0	0
37	334
0	376
125	713
242	0
11	141
2	17
22	302
0	0
6	38
4395	0
1	2
11	128
864	2
78	290
1	0
0	0
9	2
400	305
16	92
1874	740
928	0
99	0
99	0
867	159
2141	5
0	0
2109	3528
631	636
1	0
0	0
80	0
0	1
57	0
0	0
0	0
1	132
0	0
4	49
2269	2551
17	0
0	17
696	185
0	0
0	0
531	0
2	30
98	501
22	1622
0	0
0	0
1072	250
0	0
937	0
0	0
39	0
867	135
274	195
426	10
51	2
8	100
28	91
0	1
0	0
88	0
203	136
30	21
0	3
1194	0
160	0
125	0
13	222
204	1743
59	419
79	45
532	100
29	255
71	0
123	0
0	0
0	0
0	0
259	289
0	1708
23	1017
249	10
108	1729
325	0
117	4
36	0
0	0
437	21
1	0
33	734
29	221
59	0
61	16
3	40
0	628
0	0
0	63
0	356
0	27
13	0
1	357
878	349
67	706
1	1066
1	0
0	0
2	224
3	3
0	0
0	0
196	166
91	102
2	0
287	3
14597	0
3746	2040
0	581
37	509
0	9
1	10
85	98
0	0
66	0
1	0
59	1
40	17
63	0
52	40
0	0
53	176
82	0
117	0
265367	3304
23	941
158	0
0	12
705	790
254	0
2	0
1190	1961
0	13
34	0
292	0
136	909
266	32
259	31
0	449
5	125
4	548
112	124
250	143
24	39
1	2
194	0
3	47
3	0
118	149
0	0
0	0
0	0
0	0
1	0
1053	737
0	0
0	22
22	163
6	1426
42	0
0	0
2533	72
82	0
95	0
2	162
0	25
15	78
6	914
0	26
0	7
85	17
5	325
1	32
36	128
43	37
59	0
2	1242
0	859
62	423
62	7
0	0
177	1840
103	233
14	130
300	54
9	12
1	1
2	2
0	0
0	0
0	51
158	873
3	0
3	0
226	0
526	9
0	99
759	20
36	25
0	0
105	23
189	314
0	0
182	254
0	0
0	0
426	0
1108	233
299	0
57	30
100	20
21	26
71	20
9	547
145	3
0	3
56	0
44	64
358	569
140	87
154	81
1	0
213	499
93	48
36	32
0	0
0	0
4	0
0	0
15	136
28	123
10	14
39	20
0	0
143	9
2399	0
12	17
0	5
0	0
0	3
110	1
0	0
28	3
430	124
244	1
0	0
32	176
0	0
0	0
0	81
0	0
6	135
59	4
17	67
87	90
117	67
2	0
66	0
719	279
0	0
1	6
217	0
44	20
207	161
31	0
337	1617
10	71
10	51
154	24
0	11
89	385
14	0
0	0
5	45
0	0
0	24
1270	3446
3	22
0	0
249	47
4	15
162	3
198	50
0	4
115	2
1784	0
126	0
170	99
2	243
14	0
3	5
0	0
0	316
0	0
0	0
0	0
0	0
33	51
0	30
0	0
30	2
0	0
770	1099
6	76
2	60
337	1249
153	0
7	5
118	156
173	55
362	184
64	697
0	1
808	1
103	22
851	852
272	1
74	1
0	5
0	660
3	600
0	0
4	0
0	126
50	0
96	0
185	0
40	9
2670	834
4	108
7	0
2	14
72	1500
3082	49
8	2
0	18
174	0
361	4
26	169
46	65
0	63
1	0
6	0
26	218
43	10
0	2
165	0
150	1
346	132
5	74
51	435
45	0
0	8
259	130
378	0
359	2
11	2
123	0
10	283
20	0
891	0
282	8
6	10
0	0
0	22
5	132
20	122
8	0
0	0
107	2
88	614
1	211
13	28
0	32
21	117
3	304
6	1351
3	1
377	137
0	0
13	0
90	0
202	343
56	2027
80	350
26	682
0	2
24	139
97	72
389	181
1	4
186	440
63	1417
939	12
92	31
127	1426
268	31
102	29
253	29
756	133
291	0
1	0
25	196
1235	0
30	295
16	90
5	288
0	386
0	0
0	0
0	1
1	0
0	0
2	0
0	44
141	1
7	64
0	62
0	0
10	150
24	139
9	3
0	9
58	0
7	14
3	90
2	1
2	0
28	0
174	391
34	117
109	2658
1950	559
0	0
105	34
42	458
0	0
111	24
48	6
0	0
546	2898
10	111
61	41
13	38
148	0
124	48
88	0
661	0
165	1755
11	93
7	1
42	0
0	0
10	1880
0	0
2	0
6	20
0	0
345	3
2	18
23	93
0	0
0	0
0	347
1204	0
831	154
1174	0
203	1130
34	0
815	1661
40	83
0	0
415	0
2	0
232	1
203	0
83	0
92	0
0	637
0	0
370	0
84	38
178	235
1113	546
220	0
331	16
6	21
1	0
0	0
0	0
4	24
0	0
84	360
0	0
16	532
81	16
133	227
28	0
75	128
9	2
8	1
29	0
0	0
5	6
1848	823
0	0
2	1
40	0
24	0
23	31
10	44
0	1
5	301
0	2
0	0
34	0
0	14
0	0
5	10
575	21
1	0
516	1
177	4
0	0
74	1
0	0
585	0
118	302
35	140
12	8
0	0
1	237
411	72
0	0
0	0
0	423
61	12
167	0
160	0
0	0
8	50
91	80
35	5
195	24
59	2
0	0
0	0
1	0
164	17
22	0
135	5
77	0
57	0
48	0
648	461
99	105
16	9
0	14
0	2
1068	493
1	0
99	14
65	0
57	900
0	0
115	62
385	78
0	14
72	0
201	383
5	0
196	3075
0	4
104	0
145	94
3	1002
2	12
2	67
0	70
203	1824
204	135
5	0
0	0
1	0
0	0
0	7
2	0
272	101
0	77
63	377
63	182
12	55
41	183
217	1586
274	260
4	0
130	54
74	326
54	0
78	13
0	0
62	17
1035	3240
1020	845
23	911
139	0
621	223
1	999
308	48
0	20
65	1
18	0
0	158
0	0
11	124
0	53
59	0
208	0
0	0
114	0
1642	231
30	6
6	64
105	0
5	0
3	5
1	0
0	106
7	54
0	21
0	32
0	0
23	1168
0	76
2	0
42	420
321	0
109	84
7	200
2	11
0	0
0	0
10	403
0	6
6	0
295	1580
134	0
11	701
0	78
105	366
0	0
0	0
0	0
1148	49
1046	0
0	0
85	0
6	53
1	0
1350	0
96	197
174	27
5	194
0	0
0	0
1	1
10	1
154	1497
393	288
139	67
139	0
75	426
967	54
22	54
479	68
1295	467
4777	1
72	449
31	0
588	54
2	0
21641	0
23758	51
0	0
444	6
0	0
1	10
25	66
0	0
36	17
2	0
1	21
1	7
0	5
1	0
1	2
8	50
2	2
67	195
21	735
2	117
340	0
229	0
0	0
53	0
15	18
300	5
1	3
0	53
10	6
213	15
3301	85
245	1283
0	0
0	0
2	5
0	0
29	0
2	109
0	0
0	0
0	0
657	127
488	2
0	71
0	0
0	0
28	0
59	0
5791	21
2	0
0	0
1	5
38	0
336	1873
0	206
15	150
21	193
94	433
77	330
2086	1
365	1
0	48
1	31
0	0
35	848
7	235
0	1
66	304
34	168
0	0
5	348
181	0
11	0
2	44
145	0
35	8
19	603
0	0
30	0
0	0
13	0
21	9
865	1823
0	0
3	2
0	0
0	13
145	1
0	0
0	0
1	0
993	49
0	14
199	391
0	117
0	0
34	8
703	0
5	20
311	103
156	103
224	0
4	135
484	5
580	8
0	0
6189	0
413	0
491	32
4	124
141	0
373	246
0	2
54	0
159	84
9	77
254	31
0	0
0	0
2	1
0	0
1	0
1180	8
1	8
0	0
85	188
0	67
8	49
2	791
0	10
120	8
83	131
0	1
0	10
0	183
13	2165
88	0
1001	4
9819	1
14	43
203	0
5	607
316	170
129	0
143	1928
380	19
62	21
319	92
246	16
1	0
6	326
0	0
8	36
0	0
309	160
14	0
3	152
0	0
10	476
7	18
1	0
0	0
1	0
3	0
0	0
0	58
0	111
251	0
12	60
1	401
0	1
0	0
621	26
1	5
0	432
0	0
151	51
315	62
11	38
13	72
0	1
337	137
467	1799
0	0
52	320
2	2
22	7
215	402
180	0
9	2044
0	5
0	0
0	2
8	2
0	0
0	0
12	159
141	26
51	47
457	5
4	244
63	134
3522	45
0	871
1561	583
526	87
29	2218
194	0
425	834
0	0
1	0
0	2
0	0
1	1
0	0
0	0
0	0
1	0
0	0
2	0
208	249
2665	21
640	142
189	1131
1	14
0	0
0	0
240	0
0	0
209	958
0	0
0	0
1	0
0	0
0	0
0	0
0	0
0	442
0	14
0	37
3	0
0	0
47	174
0	0
71	135
0	0
67	0
2	0
9292	0
1650	0
394	115
0	0
19	83
0	0
0	0
0	0
1	0
42	66
70	1906
9	361
0	18
12	7
4	0
54	892
25	0
2	41
113	0
0	7
29	91
22	64
323	0
5	6
0	0
4	125
217	424
521	94
0	0
4	0
0	0
37	7
181	211
46	17
449	270
99	1313
11	200
1	0
302	0
167	132
31	612
100	110
133	84
68	88
443	647
132	10
91	12
10	0
94	6
183	2082
500	4
0	0
0	0
0	0
0	0
0	0
0	0
9	376
124	0
242	0
121	143
404	1787
15	21
155	0
2	84
4	8
0	0
43	11
0	0
27	67
155	0
32	0
2	2
0	2
10	22
4	212
13	217
4	116
13	39
5	20
146	89
663	230
48	0
18	21
1	4
4	0
16	1
27	1681
10	52
171	374
42	63
1175	14
154	0
15	6
0	8
0	9
0	2
0	0
0	0
67	1216
0	0
47	11
161	119
16	0
0	0
3	0
98	621
2009	4690
10	1945
0	0
0	0
1569	1205
808	378
0	0
20	1
0	0
0	26
0	0
0	7
0	0
9	4
0	9
0	3
26	31
14	0
1	0
9	25
0	9
61	4
20	205
18	377
56	0
227	21
92	228
69	11
68	4
95	0
1	78
0	0
0	0
9	45
18	0
33	43
107	11
92	106
4	11
1	8
1	0
26	1
283	315
0	0
1	1
1	10
75	1
68	5
0	25
91	195
264	0
161	1589
0	17
0	8
1	0
0	0
5	525
0	505
0	1
13	1644
85	273
0	0
0	0
0	0
52	135
411	167
52	1
829	97
124	0
181	116
6	38
0	593
1136	2
12	0
72	10
0	0
1	0
0	0
24	493
4	1
2	0
40	1
0	0
0	0
0	0
7	0
0	0
0	0
6	1099
42	84
111	70
612	104
310	0
267	0
31	0
0	1
0	1
4	1
0	2
0	0
1	214
76	26
190	102
0	98
36	848
122	564
4	0
145	278
34	55
77	175
0	7
0	0
15	8
0	6
0	151
835	251
1	84
1614	86
11	0
316	311
0	0
0	0
0	0
0	0
0	0
0	5
0	0
84	0
90	1
34	0
254	202
160	129
476	0
265	824
3	182
17	109
53	62
698	15
527	0
216	0
792	1
100	137
4	0
18	812
0	0
415	0
0	81
82	146
2	0
0	1
1	113
0	241
168	0
0	2
0	0
171	687
74	0
940	4
1	46
42	1136
9	45
21	71
285	72
0	0
14	0
7687	0
50	1
20410	806
269	52
8	0
129	86
5	25
63	958
0	30
68	510
0	0
218	127
0	0
0	73
3	0
249	224
128	1777
69	2
128	0
101	1562
0	2
2318	219
100	49
312	32
59	32
660	71
6	0
7	0
27	1
9	0
0	16
0	55
14	270
1	0
0	39
6	340
0	0
0	0
0	22
18	115
0	0
20	35
11	490
40	140
0	4
23	140
0	30
1486	0
0	0
19	60
1	0
17639	200
5711	99
3	0
7	25
504	138
1778	0
0	0
0	0
3	0
3	23
39	18
407	1
117	1
3113	274
0	0
0	0
966	0
1917	1
1	37
1	42
0	0
322	184
6	74
0	6
0	57
0	0
32	95
0	0
42	345
549	0
58	137
0	0
0	0
0	0
0	0
0	0
0	94
18	82
37	1
0	0
0	0
0	0
0	0
0	0
0	0
9	31
88	184
2	61
612	0
44	18
1345	0
257	36
479	95
154	1884
237	198
0	0
436	0
782	0
53	3
0	1
0	30
0	41
0	43
11	24
0	0
0	0
0	0
0	0
108	146
44	0
1	0
0	0
3	0
19	0
23	0
9	1
3	0
21	3
16	0
54	14
17	48
42	108
0	0
35	1
0	0
0	2
37	23
782	0
256	0
2	0
65	15
0	0
31	1080
0	11
28	84
0	0
0	0
6	0
0	1058
62	103
54	0
1	0
0	0
0	2
0	5
1	34
12	6
4	46
2	22
17	40
8	789
0	670
53	0
1042	661
0	0
242	3
825	3
1355	0
220	16
1142	41
7	1791
0	0
92	22
0	0
0	0
0	0
157	1
578	0
11	30
2111	0
337	667
105	283
0	15
0	11
24	0
0	0
0	0
0	0
0	0
0	0
35	146
157	1031
0	1
1	24
295	1
45	0
0	0
1	44
6	57
17	8
0	0
63	1897
7	11
0	206
748	367
10	297
0	207
413	2
43	20
256	246
65	730
23	1
28	2
378	115
895	1738
882	0
0	29
12	12
1118	938
208	58
338	5
0	0
1428	24
16	0
11	0
15	90
326	1
366	19
0	2
218	69
2	153
52	133
18	0
299	0
183	58
42	61
42	0
135	927
196	193
66	10
19	5
455	1797
0	3
78	66
928	438
0	0
0	0
0	0
28	285
0	0
117	95
0	95
103	272
0	0
0	0
0	0
23	50
4	216
2	0
0	0
0	0
2	0
0	0
106	514
0	0
0	0
0	0
0	0
0	0
0	0
0	0
0	0
0	0
0	0
46	0
128	0
0	0
0	0
0	1752
6	0
2	0
9	0
97	148
120	282
30	57
0	0
776	0
0	0
87	297
0	0
67	459
7	3
0	25
16	1758
0	0
4	0
0	0
10	8
6	17
0	0
0	0
152	65
504	0
31	141
591	693
139	88
36	174
1	0
71	3811
289	0
10	0
489	1183
321	238
1	0
31	1
311	1
62	0
346	262
104	0
79	331
56	1
61	127
3	0
34	957
13	391
0	3
12	0
4	4
0	0
0	7
190	0
324	185
0	0
0	284
12	0
1	0
27	89
59	105
3	0
0	0
1	0
387	3
50	386
0	10
222	6
1	42
18	20
0	0
326	0
29	17
25	83
287	292
838	0
83	0
441	368
374	365
33	704
0	0
8	2132
295	56
12	953
0	86
146	746
3	169
0	0
0	0
0	55
838	1
0	0
0	0
1	0
0	0
0	12
2	0
0	0
0	849
0	0
0	0
0	0
0	40
1	0
124	28
17	396
1398	0
1	53
50	15
13	110
24	151
2	1
2	9
178	42
46	170
0	5
15	187
0	1568
151	0
51	0
9	251
0	0
0	83
0	0
31	107
0	16
0	0
4	50
0	17
2	0
3	934
0	0
1	0
4	0
14	118
2	193
0	0
0	22
201	79
39	1059
0	0
40	4
93	784
0	143
126	0
0	0
0	0
0	0
22	511
25	8
5	53
10	0
0	30
3	0
1	0
0	0
229	445
0	0
968	0
3840	10
29	20
728	2
16	0
10	0
46	139
62	0
66	12
590	0
13	127
10	15
150	219
21	37
366	0
465	7
161	1207
230	0
488	2
1918	0
217	56
220	5
245	30
140	0
0	0
92	0
70	6
200	37
169	1
431	58
0	8
5883	0
10	11
263	0
1003	2313
0	1
0	19
22	0
2122	30
63	2
63	0
143	3
10	1495
5	0
0	33
3	93
0	0
32	14
0	0
126	236
13	577
0	0
0	38
13	260
0	0
5	7
0	0
0	0
163	0
10	0
267	0
149178	47
5660	4692
802	23
0	0
0	40
5	74
155	464
0	0
0	151
128	318
5	755
0	379
26	20
5	0
50	1550
185	124
6	113
0	0
50753	2
259	84
411	1
304	11
39	0
0	0
54	160
739	3
0	0
0	16
8	79
0	0
29	148
0	0
5	0
669	656
0	0
51	0
0	0
386	0
115	14
25	155
10	0
31	0
7	341
0	1156
0	0
62	480
1	10
0	0
445	1
1	143
2	12
12	2
3	83
14	320
792	2
0	0
0	0
0	53
0	132
1	8
27	59
0	0
255	0
49	0
18	4
0	97
73	0
58	74
32	15
92	0
0	128
0	0
7	30
135	541
2	0
0	0
24	50
25	15
84	0
647	3
55	0
64	0
81	4
1	2
51	383
9	73
32	4
0	0
0	1
0	0
579	106
0	0
44	94
3569	81
5474	60
110	584
2138	31
0	9
299	1
0	0
8	1
88	1302
0	3
15	55
0	284
1	0
18	16
0	0
857	1627
0	0
0	20
0	0
19	0
317	105
0	0
49	29
2	30
2	13
9	8
6	3
0	0
0	2
0	16
0	326
0	1
24	299
3	604
30	0
0	0
0	4
0	0
0	8
99	0
1	0
9	9
283	105
1258	70
0	0
2	0
0	310
771	858
0	0
2	584
88	0
112	78
31	225
159	21
551	0
1	0
51	128
29	0
3	154
1	0
1	0
1	0
17	0
0	0
0	0
1	0
366	1
94	55
143	72
75	1618
0	0
0	15
0	0
10	103
4	67
32	0
0	0
0	0
0	0
35	2
0	0
9	0
0	0
0	107
1	83
0	0
0	0
0	0
2	197
2	240
0	65
3	0
0	0
0	0
59	55
52	0
7	78
0	259
10	636
256	40
661	0
108	0
173	0
58	0
566	1068
427	0
4	0
58	1
278	0
236	179
1	0
0	3
0	786
0	73
66	2110
33	34
0	0
132	233
152	530
493	29
15	30
30	0
371	0
103	0
0	2
171	41
4	4
1	28
0	0
0	0
58	118
16	0
137	0
241	10
471	0
0	0
7	37
0	54
1	8
1	0
90	1026
93	0
1921	28
1	16
0	93
243	0
20	90
343	248
12	28
1	1
0	62
0	0
0	431
0	0
1	0
53	843
6	153
0	17
31941	202
29	1
105	52
289	57
83	19
0	34
954	0
399	0
386	151
80	337
151	2
0	2
0	0
0	16
10	184
0	42
2	54
0	0
28	646
141	40
122755	8
49	57
0	0
0	3
0	0
387	194
31	32
241	31
200	0
27	0
30	0
2	1
1	381
404	1504
0	0
0	0
3	3
4	479
1	685
55	1185
1780	37
17	0
93	874
62	729
0	0
82	4
2	622
12	9
0	0
320	394
29	17
66	0
0	84
22	0
1	3
27	389
2	45
3	68
0	0
0	4
78	414
0	2
0	0
0	11
0	0
939	29
7	322
1	2
0	3
65	0
550	2
195	0
4	215
0	42
902	0
58	250
0	0
0	0
38	0
4	0
2	0
0	4
16	578
33	30
0	48
2	5
0	14
0	0
0	0
4	48
8	14
302	1629
158	0
159	31
6	0
258	460
83	1
456	200
1	385
255	1602
1	280
345	1
99	30
61	0
1457	0
284	1819
29	0
45	662
38	0
352	2
211	86
451	0
34	64
0	0
3846	6
0	2
0	0
958	78
495	0
18	402
150	383
558	70
16	1099
846	21
322	174
12	67
448	192
203	239
33	1
16	0
0	0
0	32
0	0
283	26
6578	97
0	0
678	279
0	5
0	0
0	0
3	143
0	26
55	74
193	0
403	1133
131	108
434	6
23	0
10	247
29	0
222	311
214	114
55	0
45	647
61	133
0	58
2235	6
0	0
22	21
6	43
0	8
0	0
120	0
165	2
4	215
0	0
154	924
0	0
2	6
129	262
0	0
1	11
2	142
4	0
34	298
0	11
12	4
14	0
1	2
1187	198
14	25
6	0
755	193
21	406
0	0
4	0
0	0
0	1
37	302
0	0
0	0
286406	24
158	48
226	0
0	0
695	7
0	0
21	0
6572	1
2924	4
0	19
21	0
52	2
4	84
0	0
71	0
1	0
11	35
1	0
1329	37
0	24
8	106
211	12
295	0
5	154
59	262
0	0
96	66
17	22
1	36
0	0
0	225
0	5
795	34
15	48
22	0
0	1
0	0
2	0
0	0
0	0
2	0
27	471
1038	0
1	0
12	0
10	0
5	66
12	0
42	0
0	0
13	0
28	25
25	0
0	0
8	0
0	0
1	0
25	2
0	36
86	90
6	0
8	64
0	0
11	73
9	0
63	20
0	0
2	2
0	0
0	0
0	0
0	12
17	81
48	0
116	33
15	0
13	0
0	0
0	0
43	200
0	0
24	297
181	1074
45	0
21	0
118	4
155	786
0	58
0	1441
22	156
12	96
96	90
9538	0
93	19
324	21
0	131
112	4
1	30
0	0
0	0
198	224
0	37
49	0
0	0
3	9
16	249
179	110
208	0
269	0
22	86
0	2
27	252
208	14
41	13
15	4976
45	32
0	13
53	741
2	2
1	0
13	0
85	12
167	24
192	4
85	65
171	8
7	1673
4	0
35	58
12	0
3	0
182	22
63	87
3	16
21	363
31	1892
13	2
158	0
5	101
6	0
16	1227
0	211
1	2
37	25
1	3
0	0
0	3
0	6
0	98
0	108
0	0
0	0
0	0
0	0
0	0
66	107
0	0
361	87
0	24
40	0
36	1
11	237
0	1
0	0
57	7
0	51
41	46
0	0
17	142
1	629
359	0
301	0
0	0
0	0
0	0
0	0
0	0
0	0
0	0
0	2
25	19
283	0
2	89
44	96
0	0
0	3
51	475
0	9
239	236
0	0
1	0
0	0
0	0
1	0
88	15
1	0
14	630
0	0
3	0
441	210
0	31
0	0
1	41
0	0
625	27
0	248
24	2
9	12
0	0
0	0
28	628
0	0
0	8
1	0
3	0
0	0
205	4
2363	0
0	31
0	0
312	1951
0	0
124	0
2236	14
92	9
7	164
0	0
8	7
0	0
32	17
6	0
1	0
1913	68
152	0
18928	128
53	358
13	0
0	0
0	101
0	0
22	1008
20	0
37	75
0	14
0	3
2	6
45	1179
3	0
164	5
247	590
48	181
0	0
0	0
119	83
0	0
0	0
1	95
7	10
6	9
0	0
0	0
1	0
0	0
24	5
3	6
1	2
4	40
0	5
0	0
0	0
2	0
0	0
0	0
0	0
8	1147
1	0
2	947
0	8
0	5
0	0
0	0
0	38
0	0
0	0
0	0
0	0
107	1013
0	49
101	1
0	0
0	0
10	54
360	0
39	0
61	20
0	11
0	38
7	1
437	77
12	602
14	0
38	107
59	218
2	30
109	0
0	0
0	0
2203	0
184	0
0	0
0	38
1	0
174	0
115	0
523	1176
4	100
0	43
1	78
0	17
2	260
29	102
0	0
120	257
3	207
281	1170
19	184
10	27
9	239
31	104
0	167
549	0
0	0
2312	45
197	22
34	26
0	1
1406	936
71	0
585	0
87	21
899	193
10	1
0	0
0	0
70	470
450	0
623	318
50	0
27	280
6	0
76	13
5	2
253	244
62	11
8	68
1	0
87	0
0	1
191	216
402	7
0	25
0	0
7	107
0	0
4	37
0	0
0	0
1022	676
1	251
231	20
26	77
5	21
0	217
0	0
3	0
18882	119
13	3
11	50
0	31
29	226
0	1
42	141
100	130
0	0
174	1604
133	1471
2	0
267	0
9	0
193	0
69	1
280	0
0	0
37	130
0	2
0	0
24	52
0	11
0	1
12	23
5	95
5	2
160	299
0	0
0	327
0	0
0	16
0	0
0	0
13	0
42	48
0	37
58	52
17	0
32	0
0	0
0	0
0	37
0	1
0	0
1	26
12	0
4	0
0	2
0	0
12206	33
0	0
0	0
0	0
0	54
0	0
17	0
0	0
0	1
0	0
0	11
63	0
382	54
569	1
0	10
68	209
120	0
25	10
0	0
28	63
25	416
122	672
355	250
577	5
208	235
144	0
26	0
465	2
33	10
0	1
4	851
0	0
0	19
0	0
15	0
0	0
176	278
34	14
0	85
63	0
1044	0
158	84
1	0
340	0
3	0
0	0
2	0
6	2
611	353
5	3
0	0
5	5
0	0
0	0
0	0
2	29
0	0
0	185
2215	0
1	1
11	1
0	154
0	0
24	112
0	0
0	0
0	7
10	123
18	0
868	0
0	24
0	1
237	2
13	0
32	0
131	0
39	16
37	0
19	1
16	0
7	0
42	14
8	0
10	1
543	0
3848	0
9627	17
328	45
79	955
129	48
2	37
0	29
0	0
0	0
1	4
48	0
211	0
262	60
0	6
3	32
0	0
27	68
0	129
0	40
13	358
0	2
3	314
0	1
0	42
110	768
0	296
1	0
3	99
0	59
17	0
26	1
69	0
139	0
1160	16
97	1819
140	960
658	0
590	2
89	32
252	76
200	406
96	0
107	0
259	0
317	81
155	1
3	0
27	3
0	0
67	0
0	0
0	0
17	1255
6	271
17	11
0	6
51	43
49	10
28	0
4	0
8	0
19	47
55	0
367	495
29	76
750	625
0	0
0	0
16	2
36	13
151	67
77	0
76	0
0	42
644	0
0	0
53	1704
142	55
268	0
0	0
4	76
1690	2381
163	0
83	168
3	22
0	0
66	322
8	209
96	0
446	1
1671	1
1	25
4	0
40	249
0	0
37	1
12	128
0	0
0	0
2	67
19	180
3	2
2	0
16	1
11	0
95	0
1	21
0	0
0	0
2	215
0	4
0	81
219	74
21	0
43	1273
51	66
1	0
0	0
108	352
192	0
0	13
0	0
136	0
70	2
0	0
44	37
0	176
0	0
35	1132
502	47
26	90
5	67
2	77
2	12
0	53
37	0
131	190
0	0
812	449
3	109
0	0
0	0
64	771
13	20
16	282
4	0
0	1
0	5
0	0
258	1593
14	26
0	0
0	0
159	0
2456	0
11458	0
28	219
9	53
779	141
4	0
7	6
16	85
153	181
0	0
47	0
0	0
0	0
0	0
33	1340
33	41
20	14
179	1696
0	0
191	346
0	0
0	0
0	0
14	391
2	4
1640	0
122	27
0	0
37	146
0	0
56	73
3652	121
363	66
10	0
9	9
0	0
154	423
68	468
23	251
0	0
6	0
30	0
102	98
4	0
2	9
0	9
0	34
3	0
1	4
13	3
142	381
4	0
15	8
6	48
11035	6934
7167	6
1545	0
0	0
0	0
139	108
78	2
5	0
594	15
142	20
0	99
27	365
2833	177
988	126
483	156
13	146
4	0
0	0
25	0
21	7
10	0
1	0
49	10
8	1
1	0
43	0
8	0
8	0
160	0
0	942
0	0
506	0
137	6
21	0
6	0
45	89
75	312
1	0
0	0
0	0
0	78
0	0
0	0
5	267
8	20
0	0
0	0
0	0
0	0
0	0
62	194
378	842
217	0
105	0
7	0
98	8
8	327
0	0
0	0
565	80
5	26
15	0
92	0
321	0
0	1
378	0
2130	2
127	0
6360	0
1	121
5362	1043
0	0
11	0
67	11
3	147
0	0
0	0
2440	429
198	1168
111	820
86	102
57	293
32	0
112	91
262	196
8	12
150	0
39	749
1	91
422	9
13	0
17	24
0	0
1	0
2	0
0	0
0	1
0	0
121	9
238	0
204	0
350	11
198	0
85	25
48	1
0	1371
11	405
6	0
296	109
214	19
0	6
207	999
7	110
0	0
0	110
0	26
58	2509
12	11
0	79
0	1
7	0
10	565
0	212
0	213
9	63
3	3
101	64
18	26
5	0
809	1007
51	84
67	283
0	27
64	103
0	0
468	148
77	4
294	180
0	0
20	0
3022	566
0	43
0	0
1	0
0	0
1	0
1226	139
67	1
65	138
50	45
2137	0
840	7
10	2623
0	0
0	0
0	0
0	0
11	74
2	859
61	9
0	2
0	4
0	0
0	0
2	0
0	0
0	0
0	0
0	15
3	18
12	0
226	97
34	76
21	0
558	0
38	0
0	0
106	0
0	0
19	5
0	0
1	0
518	1
35	32
101	224
10	0
104	1767
1	0
69	8
3	11
0	2
5	59
0	0
0	0
0	0
0	0
0	0
0	0
0	0
0	0
0	264
0	0
75	63
67	0
0	26
0	18
206	826
21	153
57	61
1899	218
0	0
11	153
0	0
0	0
0	0
1	1
0	0
0	0
0	0
0	0
0	2
147	0
0	0
181	0
63	187
923	110
1	0
0	41
4752	1
412	258
58	174
13	0
0	0
99	1128
0	153
91	5
1	0
7517	1
487	0
0	37
1	48
899	0
0	0
2	0
49	0
0	0
9	49
1	3
0	0
266	26
0	0
0	0
111	69
0	0
0	0
5	3
94	179
7	726
3	1
40	202
5	0
0	0
80	1274
2010	459
0	1
33	15
0	162
1	2
0	2
45	0
89464	14
242	2160
322	0
80	2
10	99
96	1651
0	13
6	22
1	83
0	120
8	365
0	0
19	596
0	0
11	46
488	3
0	0
0	0
0	0
0	0
9	30
1613	57
84	2482
101	423
10	20
39	165
10	0
0	0
0	1
0	1
5	0
426	56
0	0
0	0
12	438
0	0
30	5
158	0
2060	2171
0	0
0	0
0	0
11	190
22	877
10	13
0	0
5	0
0	2
26	83
25	18
0	3
23	0
4	0
318	0
283	0
3	110
0	0
24	4
78	1599
123	0
98	6
227	11
56	357
9	0
138	560
0	0
57	0
44	0
14	89
0	0
1	97
0	13
2	56
114	663
0	0
407	360
0	0
33	336
0	5
11	31
13	119
4	39
33	397
369	25
30	1112
64	282
0	190
248	5
26	5
0	0
81	81
2	0
3	0
4	0
1	33
0	17
0	20
1	273
4	35
272	0
102	0
14	0
0	0
8	0
408	62
21	0
58	0
58	0
0	37
2	540
0	1
90	3046
52	0
1	159
0	1
3	0
901	1467
0	0
2	40
3	301
0	0
133	0
120	99
4	8
224	88
28	77
0	2308
0	10
10	1093
292	335
15	1464
1	123
6	447
1	0
32	7
201	412
84	18
150	80
16726	0
13	1
0	0
29	11
21	67
73	0
121	229
214	59
4	1
73	1700
587	1677
134	2
109	0
0	9
1	0
96	769
43	1
53	130
159	3
1	3
103	235
532	410
8	5
0	0
0	491
0	0
0	3
4	1
27	0
869	0
0	0
841	1013
0	38
70	109
0	0
0	2
201	2
62	0
215	581
0	0
82	47
1	1
3250	1
0	14
0	0
3	16
20	141
334	1003
316	3
118	0
0	11
894	304
291	0
100	267
0	0
12	0
0	0
4	33
1	0
42	114
307	91
0	0
50	379
0	0
19	0
214	94
0	3
0	0
2	0
42	98
12	16
8	16
544	30
33	141
6	91
0	0
93	312
300	46
0	0
15	1767
1	0
0	0
0	0
0	0
7	57
4	8
13	181
567	163
113	0
888	0
419	22
326	542
221	0
41	23
0	2
79	200
152	617
0	0
0	0
375	85
0	0
66	75
304	48
0	12
271	297
96	0
317	387
0	0
610	611
0	0
1	9
0	0
0	1
982	11
0	0
59	18
53	799
0	169
16	155
214	0
66	24
1333	191
1393	0
330	0
366	0
3	4
15300	2
90	1024
0	12
0	8
0	0
797	0
332	7
56	7
92	40
11	0
13	344
1	2
1	42
0	0
1	0
203	21
1	0
0	0
0	0
520	0
1	0
295	3
81	324
403	54
6	316
207	25
0	153
11	222
8	0
19	305
0	0
39	1
204	1
194	0
5	0
105	846
0	61
1003	35
264	2
122	1579
207	1
0	54
48	0
3958	6
96	18
21	22
538	437
0	17
0	0
3542	21
77	35
11	357
13	9
2	1747
2960	136
0	0
0	1570
70	78
30	49
32	226
7	70
2	29
1749	103
0	13
2	7
53	114
58	25
652	395
206	267
17	502
0	0
47	578
77	629
166	59
1	0
0	0
0	0
53	5
2	0
5	50
4	0
0	0
0	0
2	0
2094	0
90	96
29	0
3259	490
0	0
0	14
19	0
187	87
92	132
16	131
4	25
467	583
189	0
257	195
43	0
272	780
0	3
357	41
101	416
0	0
99	0
124	0
283	30
879	2
293	0
69	0
245	484
72	0
1476	165
32	5
0	0
5	0
16	8
0	0
0	0
1	0
143	0
1062	3
359	148
41	10
7	81
0	0
178	360
10	493
4	0
0	0
6	26
0	0
0	2
55	1845
0	89
0	0
1	0
44	247
50	0
0	42
468	9787
0	0
87	0
249	0
1	0
0	0
140	25
0	0
0	0
2826	308
2	12
0	0
15	0
46	430
17	101
294	56
180	7
1718	196
0	0
1	37
0	0
0	0
0	0
442	850
0	0
34	42
89	1
0	0
7	31
0	7
0	0
2505	1
220	0
4	0
2	0
22	0
77	1178
0	36
226	0
102	49
3	0
194	152
0	1
233	0
28	203
0	86
137	217
4	49
4	0
96	103
10	0
1035	129
240	0
0	0
0	0
76	38
222	0
304	0
92	304
0	0
0	1658
1	53
0	1
75	43
0	0
91	16
139	305
287	49
142	287
6	47
3	20
45	168
3	656
11	44
69	0
214	0
36	10
3014	58
235	19
43	175
12	35
3	387
51	1619
32	96
42	0
2	3
0	0
2	225
1802	865
3	88
1	568
610	384
275	265
72	0
50	0
10	0
112	0
0	0
2	63
156	2
78	8
3157	0
49	0
89	0
9	1
96	154
0	0
256	0
0	4
6	22
1	33
6	0
123	21
0	125
0	0
0	0
0	0
0	0
252	49
232	0
4	0
50	639
969	84
0	0
0	0
0	1
0	0
19	673
0	0
15	151
253	0
66	0
131	1335
7	479
1	20
0	0
18	0
422	38
0	33
360	312
5	281
1260	671
205	110
118	41
7	257
0	0
0	0
53	80
126	61
0	43
0	38
20	13
125	0
15	0
23	9
26	1688
299	222
1814	63
39	23
61	1
310	62
21	763
131	0
0	166
281	0
142	402
87	1552
0	116
9	86
830	0
70	28
340	30
114	39
10358	17
21	551
52	0
111	230
41	17
29	113
309	0
1	29
0	0
0	0
100	0
3	581
0	34
61	236
28	748
0	1
27	0
1	2
15	33
87	168
1066	5
300	1034
4057	0
430	57
0	0
106	21
0	0
1	23
0	1
0	0
0	0
0	0
25	51
0	2
0	1
33	107
0	0
243	826
0	0
223	54
155	0
19	0
316	1
0	21
49	871
1147	49
79	168
5	50
63	32
2	62
73	131
32	0
326	0
132	353
421	1
128	0
1972	0
8	302
13	382
9	2
313	82
71	99
0	0
8	70
619	36
1	8
18	147
290	0
21519	0
588	622
1	238
0	3
39	1
0	0
0	0
16	74
0	0
9	1
0	1
0	5
4	0
72	0
9	24
1	0
181	0
5	110
19	300
0	0
0	434
32	101
2	0
81	1
17	70
153	24
1	281
151	734
132	252
15	0
463	395
9	1681
7894	0
478	0
3	1
3050	229
289	0
500	92
29	0
594	70
5	3
1309	13
0	0
1	0
0	0
0	0
1	5
10	20
50	1254
0	20
0	0
0	0
2	0
0	0
45	13
0	10
0	37
2	52
1	0
8	500
0	13
552	93
0	0
14	54
163	556
95	405
0	0
37	1
8	38
0	0
1	20
0	137
4	0
167	676
0	20
4	0
2	0
5	88
3	0
1	4
5	103
0	0
0	4
0	0
3	0
0	7
10	210
3	10
0	1
0	0
0	0
0	0
0	0
0	9
1	19
72	0
0	492
221	0
102	61
76	4
1357	1
54	375
0	0
0	0
0	0
2	91
0	0
0	0
0	0
244	104
0	0
0	0
2	1
0	192
14	40
2	81
300	33
333	0
28	0
205	11
205	82
895	1289
9	418
37	8
187	1031
106	0
1034	8
92	1
0	32
0	0
142	2648
4	516
5	4
4	207
534	0
754	0
346	23
311	0
1057	156
1804	159
0	0
0	0
3	0
283	1
32	1
1	24
1	0
110	9
10	85
14	1650
40	215
99	5
0	0
15	0
2723	123
0	0
357	11
4856	84
1899	507
22	84
150	8
49	0
32	2153
108	0
0	0
0	0
0	0
144	75
120	0
61	0
9	768
3	10
720	1
108	32
14	63
161	884
3717	0
41	958
0	1
25	459
282	822
32	1
127	0
62	0
0	4
19	3
4	28
975	1560
35	739
40	361
34	2
152	844
124	0
73	0
15	1388
0	0
0	0
0	0
2	27
0	0
0	0
1	0
0	0
0	0
0	0
175	474
12	94
0	0
0	0
0	0
0	0
0	0
6	47
0	0
0	0
1	22
0	13
0	0
0	852
0	64
0	0
28	0
636	0
17	1609
8	353
280	24
192	1497
0	0
123	0
52	0
66	0
453	0
43	792
121	0
810	0
2030	0
20	0
7	39
1	69
1	0
12	0
128	13
18	328
0	0
2	112
0	0
0	69
912	169
147	0
31	0
71	0
256	707
4	87
81	900
438	962
615	43
13	96
0	96
5	5
92	0
310	0
514	0
47	0
47	462
0	151
19	38
5	242
0	0
143	68
1	53
69	5
564	0
45	159
846	1229
116	554
224	245
1	0
9	0
16	0
145	116
40	18
20	311
242	0
339	243
5	0
0	0
10	89
1215	8
0	23
88	3359
38	22
7	90
1	28
174	176
0	0
1789	0
1106	0
1172	23
1630	0
0	0
0	1
0	0
0	0
0	48
162	0
26	64
6942	5287
0	0
109	2260
0	0
50	2
11	207
0	36
0	7
0	0
736	1413
139	41
4	0
41	130
0	0
0	0
8	0
2	22
2	0
0	0
2	1840
301	43
2	251
94	610
0	4
2	20
2	24
27	227
61	32
5	1346
8	68
0	27
67	298
24	6
0	2
0	0
25	0
22	0
1373	6
67	2793
47	10
46	5
2	0
11	12
32	130
0	0
11	65
0	0
0	137
0	0
0	0
0	0
0	0
0	0
0	52
1	106
209	26
32	0
71	1
61	137
0	7
89	112
41	45
1	2
0	0
4	0
0	0
0	0
53	318
0	0
0	0
0	0
93	0
37	1
163	3
71	0
239	10
188	1887
5	22
11	40
18	84
17	46
172	135
0	0
0	16
3	5
0	67
0	1522
0	0
0	0
153	3
108	0
188	0
987	3
5553	0
2968	2519
0	18
20	0
109	3
0	0
4	0
0	0
0	0
46	0
5	0
1	1
1	9
0	0
3	79
727	1350
48	0
829	130
642	448
90	26
52	137
33	408
30	15
7	104
2	58
1	0
84	0
305	0
26	235
1	0
123	0
48	399
84	50
0	2
8	17
0	0
0	1
8	4
13	0
15	0
0	185
380	158
17	101
81	151
0	164
0	0
1	0
388	1568
538	46
0	0
154	0
49	0
821	0
457	0
0	8
1	0
0	15
0	0
0	0
0	0
0	0
380	118
10404	0
0	0
0	0
0	0
2	1
1	0
440	7
5	200
0	9
6	0
0	0
5	1536
121	1742
4	5
6	933
16	407
4	19
918	0
1	72
441	0
62	16
0	0
442	173
0	0
0	0
0	0
39	56
0	0
8	131
0	1
6085	0
119	541
209	45
129	2
123	185
192	144
72	33
64	102
60	89
6	15
333	202
0	65
33	93
66	6
42	241
0	0
0	0
0	20
0	0
1	0
0	0
0	0
87	91
15	0
0	0
1	0
0	0
0	0
0	0
0	30
0	0
0	0
1	2
26	22
2	339
811	13
0	63
65	0
0	0
0	0
0	0
8	2
0	167
359	27
63	0
48	622
0	0
0	0
7	226
0	0
529	49
3	82
140	0
4	0
0	52
997	121
1	87
96	3
508	23
11	0
0	0
6	2
0	0
0	0
0	0
0	9
193	0
43	1
0	373
0	0
3	0
0	18
64	0
47	0
997	0
353	0
0	1
300	884
23	0
0	0
0	6
0	3
7	60
0	0
0	7
0	1
2	66
0	188
63	433
0	0
0	0
0	0
1	49
30	135
3	0
102	0
8	20
2	4
8	74
336	0
1	305
136	877
0	3
0	0
2	34
3	325
180	30
529	6
65	254
196	71
75	3
266	971
9	0
1	0
9	3767
0	30
8	120
98	2
325	0
127	10
297	116
212	243
69	103
452	1359
30	9
368	0
16	4
0	0
117	1673
9	114
28	1376
112	204
335	0
218	284
303	2
47	0
1	30
191	1
0	0
0	0
1	2
0	0
1	0
16	216
0	0
3	14
0	0
0	0
0	7
48	0
276	127
5	0
14	109
40	0
0	0
2	1690
0	3
0	63
0	0
0	0
0	0
0	0
0	7
1	0
0	0
0	0
0	0
113	0
0	0
29	62
488	0
21	188
13	217
1923	5
2699	40
2	0
79	627
3	174
14	383
70	2061
256	42
19	1105
0	12
590	16
4	97
5102	491
4264	0
0	440
510	763
0	0
26	70
178	429
36	26
0	76
6703	1796
64	0
24	91
0	0
0	0
82	0
0	34
66	58
328	0
7	3
29	53
97	0
159	89
273	379
20	1597
147	19
277	0
0	1
957	0
269	192
0	0
0	0
87	56
0	8
0	32
83	0
33	0
1544	4
201	0
14	0
145	0
6	0
0	2
43	158
0	11
12	14
0	0
2	38
108	680
473	0
3	0
78	68
38	25
59	272
39	0
1	0
0	4
10	0
5	0
288	62
304	136
35	0
21	610
0	0
0	0
1	0
43	0
82	490
13	0
0	0
819	27
0	0
142	29
338	61
0	0
1	4
0	0
0	0
0	0
0	0
0	25
0	0
0	38
0	0
0	0
0	0
0	0
0	0
291	63
50	2
352	208
2	0
301	366
66	0
0	29
45	2
39	1177
254	681
6	203
251	5
61	17
40	9
16	192
698	39
0	0
51	2
9	1477
18	784
147	157
46	6
92	97
24	0
5	4
75	9
0	0
392	1
100	2
465	84
38	69
1	0
0	0
79	85
47	0
294	230
291	6
28	0
160	22
4	35
107	48
4	853
0	2
0	8
4	32
7	32
294	410
2	0
0	0
87	0
0	0
0	0
0	0
0	0
0	0
0	0
0	0
5	0
0	16
29	0
41	0
0	0
0	0
0	0
1	47
1	0
2	0
0	0
0	0
6	0
0	0
249	675
0	0
0	0
3	197
4	0
82	20
0	0
81	18
385	0
80	0
18	17
315	2414
0	0
0	46
3	0
42	14
2179	5
650	1424
395	0
1052	0
7	311
220	4
0	0
47	104
1	960
0	0
41	1
54	256
0	0
0	0
0	0
0	7
1	0
0	0
2	118
126	0
0	0
0	0
21	156
1	179
0	0
0	0
115	12
9	493
10	0
2	16
0	0
11	7
3	2
0	2
0	5
2	0
4	1
24	0
0	0
350	2
666	9
0	0
546	43
20	28
0	27
1395	26
9	460
17	460
0	0
0	43
1	0
54	27
0	0
0	0
30	68
9	0
409	795
0	38
20	0
1	4
58	5
85	0
0	0
0	0
0	0
79	0
0	0
2	0
64	0
202	21
0	9
4	41
307	0
43	592
1	535
95	287
1	3
0	0
0	116
2832	2303
153	0
174	0
10	429
503	0
2	0
0	2
1	0
1	2
1	2
87	0
85	0
3	0
380	0
13	0
208	212
96	204
33	11
72	62
15	1865
7	9
20	52
176	1331
231	24
21	52
8	972
56	0
7	138
52	77
566	1566
77	53
365	70
3	0
1	0
0	1
0	0
77	0
249	147
1	0
1	51
225	0
102	2
154	70
98	1618
93	491
614	334
81	0
1	117
81	344
2	2332
7	0
71	505
17	222
0	0
2	0
0	261
0	0
0	697
21	630
0	1
0	3
0	2
156	45
67	258
129	1317
426	81
41	90
6	0
2059	7
0	0
2	0
900	677
100	1086
13	22
0	149
26	356
0	0
0	0
5	141
0	0
1	42
0	0
16	0
0	6
7	0
102	215
37	0
3329	77
140	38
181	0
0	0
0	0
0	0
0	77
333	2410
3	12
120	214
2977	109
66	0
6	134
11	68
0	11
0	7
70	25
1	73
35	17
1	3
137	62
0	0
0	0
1	0
0	83
0	0
0	0
103	80
131	0
265	0
0	0
218	222
0	4
0	0
32	96
0	27
10	319
1268	0
2	15
0	0
10	0
0	7
0	0
0	0
0	0
0	0
4	0
59	27
0	0
0	0
0	17
6	20
0	597
22	22
0	31
21	52
0	0
1194	194
132	37
0	0
4	0
202	178
60	263
114	51
0	0
0	34
0	0
0	0
0	0
39	1567
8	305
4997	209
2685	276
816	4
98	0
0	0
0	3
1	61
0	39
0	0
1	0
71	10
17	802
122	322
19	0
142	114
31	606
4	68
0	0
0	45
0	0
0	0
815	0
0	0
33	662
0	11
21	0
1079	0
524	36
0	0
0	0
10	0
0	0
543	116
0	10
0	0
0	0
3	1642
1353	158
11	183
71	232
0	0
0	0
0	0
194	101
387	209
0	0
172	66
243	82
0	60
0	0
0	0
0	0
80	2290
12	66
898	75
88	95
0	0
0	1
291	20
24	8
112	0
17	1
5	0
191	22
166	0
3172	1459
20	677
0	0
20	49
0	0
494	216
29	27
22	1697
0	70
0	2
46	1153
494	520
94	26
0	0
294	82
35	0
129	0
1084	2750
0	0
0	0
41	0
6	0
45	22
14943	5
23	246
129	0
505	0
0	21
0	42
0	9
49	55
0	7
30	1
9118	5
1	2
0	0
3	1
134	11
178	74
170	0
52	0
25	0
100	22
11	32
4	72
0	0
0	0
0	0
4	42
0	0
8	371
11	43
9	80
0	0
1	6
578	92
1072	0
0	0
14	21
57	9
700	0
21	11
41	0
23	16
6	8
33	541
0	0
5	2
33	26
0	237
58	269
12	63
28	325
540	224
21	33
0	0
0	0
0	0
1	0
148	39
0	0
0	0
0	0
17	0
0	0
618	1329
210	0
64	19
0	5
41	238
120909	7
3	2022
0	711
0	10
10	96
0	7
0	0
2	77
195	0
45	38
0	0
5	139
0	0
19	80
0	0
0	0
0	0
0	0
0	357
0	1
2	2
6	5
39	28
1	24
17	2316
7	0
0	0
7	313
1	8
1	119
0	0
382	20
196	478
148	186
18	0
490	365
214	927
17	0
265	0
121	445
0	0
0	0
55	5
0	0
112	508
2	121
40	0
0	0
180	63
59	2
0	0
69	278
0	0
0	2
34	29
0	0
0	25
0	431
3	905
288	490
10	264
3955	2
0	0
23	0
18	0
41	31
4	19
40	9
20	0
135	0
66	163
5	0
5335	398
308	361
339	295
99	37
0	74
1832	748
177	2
4	21
0	27
0	849
2	1000
1	5
2	134
3	29
0	14
0	74
4	8
16	675
154	0
241	0
297	0
0	30
1487	0
32	65
0	12
11	15
31	103
169	778
4	38
3	1
59	354
12	336
8	587
0	0
93	0
92	209
37	34
2	11
5	0
1	0
2	6
4	2
0	0
0	0
0	692
6	25
29	141
112	131
63	0
0	0
212	0
369	193
186	24
653	486
49	28
0	7
11	1
516	0
37	0
49	64
0	0
8	0
0	198
0	0
289	150
52	27
659	983
0	15
0	0
133	91
1	231
1	0
2	4
2	24
0	3
1	2
48	231
5	30
4	212
16	117
0	0
6	2
0	0
183	126
33	0
401	0
84	120
96	0
0	16
0	8
0	5
425	382
16	55
9	39
223	264
0	0
143	1416
1	10
0	0
0	0
4	936
0	0
0	0
0	0
12	12
22	306
124	196
0	21
366	26
245	872
0	0
6	2
761	27
271	0
22	1
2	16
0	3
2	0
0	15
15	1639
5	1864
1	10
0	50
0	4
0	0
0	22
0	6
0	3
2	159
21	0
129	0
225	0
1	271
0	0
1	17
0	0
287	1496
0	1
2	0
624	119
36	123
0	16
2462	0
4	70
13	335
0	354
0	24
0	11
20	0
232	0
582	374
0	1
46	0
493	49
0	0
42	17
12	365
10	119
143	0
3	4
74	915
690	1905
1976	32
247	67
20	1844
537	1
177	1
22	160
62	0
68	136
1	3
0	0
93	0
4843	0
304	0
908	184
6	202
1	1
27	1
10	22
19	140
224	304
0	0
220	0
31408	0
0	0
0	43
86	89
0	0
3	6
8	0
0	0
194	0
0	0
0	0
174	2613
106	203
221	1
1372	1685
67	0
175	0
148	0
222	259
982	912
5	0
0	0
4	27
14	967
110	216
28	0
0	58
3	46
19	62
196	11
348	168
85	0
216	0
0	1
2117	225
301	883
98	1
0	37
1	0
8	2
59	0
74	0
0	0
148	153
49	1328
704	0
2024	372
87	164
0	0
0	0
0	0
1	64
5805	89
91	36
0	1344
25	90
0	8
0	0
587	233
0	486
0	0
551	440
677	0
79	0
78	0
476	0
137	2
1095	43
9	0
249	646
25	25
0	0
0	0
37	5
1462	295
337	163
396	0
0	68
5	21
0	0
4	0
4780	44
1	0
1	0
0	0
0	0
0	26
235	331
5	42
0	0
117	8
161	117
316	245
88	10
22	53
141	0
53	200
11	0
0	0
86	255
56	0
0	7
21	58
744	84
0	50
24	175
501	65
491	0
10	1215
0	0
0	40
0	85
1	12
3	263
24	2
0	0
133	794
207	3
82	250
67	0
0	0
3	0
10	5
0	0
65	1
0	0
0	0
0	0
2	2
0	0
16	3
46	1
39	225
2	35
76	59
4	24
7	110
23	7
0	13
0	1
0	0
0	0
0	0
0	10
369	602
0	72
2	237
1123	0
2	13
0	188
100	5
0	0
232	246
0	0
67	691
110	0
106	2
51	111
4	105
238	32
2	0
0	0
27	436
613	5
3	0
191	61
0	84
0	0
104	49
105	79
8	402
0	0
7	85
0	0
0	0
1099	1
14	53
12	0
0	0
3	0
25	27
0	0
0	0
20	127
496	234
89	36
1	33
144	0
0	5
229	0
0	0
1	8
120	197
11	5
2	4
369	56
126	0
11	998
0	0
2	1504
2	36
5	220
0	0
0	4363
0	0
0	0
0	0
104	0
0	0
85	0
74	44
215	0
5	458
0	0
2	2
0	0
168	2
5	1954
639	1
0	0
3	4
0	0
0	0
0	13
0	0
1	275
1852	251
109	0
628	64
0	39
0	1
0	0
0	0
103	0
0	0
0	2
0	0
0	30
2	1
255	862
1	50
0	0
14	7
278	0
858	1255
0	0
12	9
18	1688
0	1625
0	0
12	0
0	0
0	0
2	16
27	0
371	120
933	0
193	347
356	2
135	573
160	0
43	353
524	1890
71	0
305	112
108	0
283	0
625	179
0	0
0	11
0	5
0	0
90	0
0	0
581	0
4810	920
255	449
231	1
0	31
55	1672
0	36
0	6
47	61
20	71
24	753
12	49
0	0
0	0
70	68
248	0
334	434
642	0
0	0
199	0
4	120
302	409
47	0
40	5
0	12
0	0
0	0
51	0
47	100
0	0
0	0
1	21
0	8
0	1
422	0
1	641
0	38
1	5
1	0
161	2330
0	0
9	107
0	21
0	0
0	0
2	0
2	6
0	0
0	0
0	0
24	4
0	0
0	0
0	0
546	252
6	87
318	0
0	0
66	1412
30	469
1308	197
25	2
13	608
18	0
1	3
5527	5
20	134
0	0
0	0
37	209
5	11
81	50
117	145
138	0
33	0
2	0
0	0
52	53
0	0
56	531
109	133
153	0
333	352
53	0
0	0
129	10
4	0
54	48
498	45
773	0
365	265
4047	25
17	20
39	83
3	16
0	0
0	0
2	0
0	0
4	4
9	0
0	0
15	0
9	141
0	0
0	21
509	67
12	1
10	188
0	0
69	0
4	4
31	56
16	229
198	0
27	8
6	324
0	0
0	0
1961	1
4422	0
1	8
0	236
19	1
3	148
11	0
1304	752
0	7
3	178
2	7
0	0
0	0
0	0
0	4
111	0
0	0
0	0
12	16
0	0
0	0
16	98
3	0
0	0
2	6
62	180
0	3
0	0
0	0
0	0
24	1
0	0
0	0
11	0
0	0
0	0
0	1
0	0
0	0
0	0
0	0
0	0
83	286
49	0
0	0
81	164
2	351
9	23
1	143
0	15
0	0
30	1232
39	435
96	92
6	575
120	0
196	161
29	42
13	11
11	119
33	900
8	23
0	0
150	0
61	0
66	31
87	8
109	0
88	886
1	0
0	16
31	0
786	369
2	34
23	139
593	335
12	356
75	416
44	0
0	0
0	0
51	143
59	400
1	0
228	57
106	92
352	24
217	0
4	687
34	31
0	1
0	77
568	233
150	195
3	0
77	479
472	19
34	2
0	0
0	27
1040	1146
2	0
1	0
0	0
0	0
0	0
0	0
104	24
16	2
75	64
1	0
106	21
1	167
0	0
0	0
1	0
27	0
94	469
312	0
0	0
0	0
0	2
1	0
281	192
21	45
0	0
58	3
279	1912
850	3
1327	57
271	12
262	0
97	317
0	0
10	0
1	0
0	0
1	103
0	2
0	0
90	527
183	509
0	0
1	94
0	0
19	0
187	1414
6	107
14	174
2	34
0	0
0	0
0	0
290	0
0	0
5	0
3	0
0	0
121	398
0	0
88	0
140	0
1	0
11	1
2	8
0	74
0	0
180	484
0	3
1	359
26	521
0	0
0	0
0	0
0	0
0	0
0	0
32	8
49	652
9537	20
78	9
2	0
90	53
37	207
0	0
36	1
2	0
35	96
774	196
758	81
554	17
4	373
175	0
432	17
59	11
1	9
11	170
588	6
58	0
48	1471
0	1023
0	0
166	0
28	366
8	155
10	70
4	1
234	0
23	492
0	54
0	0
2	31
0	231
1346	228
0	5
0	0
1	0
8	0
0	0
165	0
5	0
51	59
655	0
193	632
1	0
0	1
0	0
0	2
0	4
0	181
0	8
2	223
783	441
2309	326
0	0
1	14
217	0
83	35
735	158
251	0
69	700
41	22
0	0
7	283
103	1366
196	80
1	139
7164	3
0	21
184	193
2	2
5	41
0	0
0	0
0	0
0	0
0	0
39	396
0	0
0	0
58	48
473	213
237	132
1	0
0	36
0	0
0	5
218	0
2	7
122	0
516	989
0	0
0	0
37	0
696	59
27	43
120	0
837	993
27	1150
42	141
530	1
920	1
1366	0
264	0
173	1
431	161
31	546
349	2
485	236
4	0
22	0
0	28
0	0
0	0
118	490
3	28
31	2
0	0
1103	12
0	0
0	0
63	0
270	0
0	52
38	1546
3	7
13	5
0	0
1	0
0	0
0	42
0	0
0	0
54	0
0	58
0	0
46	2
33	583
60	162
18	44
8	38
0	0
50	46
2	0
47	17
14	0
102	0
2	0
187	14
512	481
0	0
4	606
304	373
0	0
3167	0
1028	358
39	64
768	0
985	0
266	0
61	0
1040	0
212	1335
264	0
3	1
0	0
84	72
0	162
0	0
278	614
0	516
26	779
17	2422
0	5
103	0
0	19
242	0
233	5
0	38
0	0
82	526
1	29
1	151
6	14
7	18
9	84
5	279
21	0
0	0
30	24
21	54
166	1928
0	1
0	55
242	653
160	237
18	235
0	82
26	96
0	0
6	522
100	0
227	266
20	0
15	0
59	0
500	9
7	0
324	108
405	0
305	572
219	1
146	121
447	46
28	15
61	77
30	46
1	0
21	157
261	44
121	189
0	0
1	39
0	0
0	0
0	0
127	1464
243	0
237	1995
11	605
1	4
48	0
0	0
2	0
0	14
120	242
2	2
7	228
135	42
21	0
217	0
694	0
365	0
165	9
398	0
1	50
708	0
1886	0
23901	0
383	0
86	0
7	1792
95	12
188	19
0	0
2	1
27	9
5152	0
1480	66
0	0
0	0
22	329
0	0
4	0
0	0
0	0
45	27
46	2489
42	156
0	0
139	60
0	5
0	0
0	0
0	0
133	130
0	0
18	1280
798	481
41	0
85	0
112	0
129	876
0	0
186	715
65	59
7	481
139	113
256	62
0	0
0	0
25	83
224	874
274	223
747	197
1	8
0	0
2	12
0	32
34	459
1	88
1	3
0	11
0	0
1	247
15	107
1	24
0	7
226	21
0	0
0	0
0	0
0	7
0	19
0	0
0	8
11	0
18	0
97	25
0	0
0	0
1	5
11	3
0	87
366	0
127	0
43	0
52	2
255	0
91	513
16	5
12	2338
9	102
50	9
4	100
821	637
0	2
0	0
0	0
1	0
0	0
0	145
232	0
13	756
2	0
16073	119
4	0
11	132
77	0
8	59
3	0
0	0
1690	299
3584	0
30	114
13	0
1	5
253	0
8	35
221	116
0	2
4	0
43	0
133	95
18	142
10	45
0	0
260	0
5	458
4	102
0	0
0	164
0	36
1	32
12	3
29	5
12	59
340	504
0	136
1	1
29	202
1	0
0	0
46	107
0	0
0	14
0	0
78	867
0	0
1	68
11	1
0	32
3	0
329	19
0	19
1	142
0	0
3	284
590	0
41	0
0	0
103	6
130	843
149	94
6	121
0	1
1834	0
105	0
354	33
2685	32
0	0
64	42
25	42
0	0
0	0
5	235
0	0
0	0
2	105
295	0
53	7
1	14
7	49
160	84
11	84
0	0
0	0
0	0
0	0
56	29
16	55
15	2
3	428
1297	141
25	236
64	0
2	0
0	0
4	13
0	1
9	199
4	6
15	1861
0	3
1	3
0	51
2	0
14	4
0	4
0	0
0	2
3	0
19	304
19	0
635	79
0	0
132	0
171	183
5	0
0	0
92	68
1227	17
0	0
222	5
1567	6
1000	0
245	269
0	0
32	117
0	0
14985	1
12	1070
0	0
0	95
26	31
749	53
217	198
0	0
274	1
0	0
4	204
12	106
0	0
4	4
1389	253
67	0
729	0
223	379
2	102
110	78
7	95
7	30
43	235
4	279
132	4
187	106
149	0
9295	1
447	0
110	0
344	32
552	0
576	24
8	1898
1	6
632	20
0	0
341	2
319	0
267	0
392	0
1376	44
1099	0
0	0
0	0
0	0
6	88
43	111
1940	42
2	0
2230	0
73	0
103	0
181	7
81	0
6906	0
3	287
19	750
11	187
41	0
60	0
161	202
871	1
111	0
121	186
222	0
42	325
15	31
211	24
99	416
31	928
2117	0
88	179
243	0
4	0
10	84
55	238
75	82
0	0
0	0
3	34
84	152
183	293
5	12
400	0
0	0
32	41
235	117
49	0
67	22
1	0
0	0
0	0
0	0
0	14
604	0
217	1738
40	0
101	0
172	0
349	0
121	0
7	25
178	215
1	10
39	384
1324	434
0	0
0	19
39	634
8	1826
34	1050
296	0
63	32
193	0
285	3
320	0
64	60
0	478
4	0
61	99
29	1269
6	0
67	0
32	40
2	78
46	986
0	0
54	164
1	605
8	43
0	0
0	0
6	0
2	49
4	0
54	1792
8	447
117	0
58	15
197	573
20	22
185	135
3	93
0	1
2	58
34	569
0	3
186	0
59	44
434	102
28	384
2	1
0	51
8	337
33	1477
8995	1
10	20
28	113
7	156
79	7
3	1
0	13
1	0
119	0
6	0
2	0
10	30
4	0
0	0
991	0
0	0
7	18
120	1413
122	92
7	51
1	0
136	0
93	3362
0	0
8	144
29	54
8	2
30	91
513	0
2	31
174	0
272	9
112	0
2	13
228	1
0	30
1769	188
0	0
7	115
7	68
5	893
0	0
141	105
0	102
0	0
0	0
0	26
181	66
1	0
2	73
1334	776
72	3
70	0
19	14
159	0
0	0
49	2
98	0
0	0
32	0
115	0
266	1975
90	31
26	0
1	139
0	0
0	22
154	86
128	838
0	1
505	4
21	0
222	30
2	147
7	207
5	164
21	54
13831	4073
8727	3658
31	333
119	244
20	1
1	104
149	4
21	0
0	21
29	0
408	61
3	18
0	0
47	16
1	0
102	614
191	448
50	0
0	0
10	1921
568	315
482	134
205	0
715	497
66	85
0	0
2695	23
15	212
68	0
28	0
0	0
5	0
8726	43
0	0
0	0
0	28
8	187
54	23
0	0
0	0
1	0
2	0
16	41
137	1167
34	0
12	0
654	0
198	42
77	3
53	61
10	0
15	0
18	8
2013	0
739	1561
3280	1562
776	0
1	0
70	0
171	1
16241	1
22	0
162	0
244	0
309	0
0	17
0	0
0	0
0	0
2	395
0	0
2	2
0	2
193	0
7	280
0	70
0	0
0	4
13	397
1	7
14	939
0	0
1	1154
29	0
31	194
146	1
9	48
0	15
22	0
2	0
0	0
11	56
168	658
0	1
0	22
398	197
82	28
437	311
1513	102
3	55
118	3320
4	1412
0	8
0	0
0	37
0	6
20	0
56	0
730	132
0	53
616	112
7	0
61	4
0	1
0	0
1	5
4	5
0	1443
373	1027
126	140
54	1
0	1
290	882
175	181
2650	534
46	406
919	1916
46	1025
2053	0
29	184
186	39
0	16
0	0
0	316
0	81
206	384
0	0
0	0
0	0
0	0
0	0
0	0
0	14
0	0
6	33
0	0
3	617
0	0
0	0
60	0
1261	0
36	0
257	0
24	355
53	0
21	288
10	173
492	0
19	0
5317	105
169	549
12	0
9	1579
64	435
322	1
63	0
36	647
117	21
83	98
2	38
13	0
2	2
0	76
0	7
0	0
0	1
439	65
22	3
165	207
8	98
108	604
315	12
38	0
100	36
56	0
96	3
6	16
1083	115
0	31
114	0
0	0
0	0
2443	16
1425	1
6	172
66	0
100	248
174	600
199	2366
55	119
45	20
0	19
84	32
22	40
12	0
788	31
2	0
0	0
34	239
0	30
509	1
1564	550
452	101
134	159
61	3
2326	3
18	158
427	613
7	0
131	0
90	3
105	0
0	0
129	38
2	33
0	27
2	135
20	648
2	85
4	0
0	327
4	0
0	1
49	0
0	0
58	1736
3	424
1	30
442	14
46	0
1249	0
4	95
15	566
0	5
3	0
1	25
0	0
7	0
0	6
1	0
65	98
141	26
1	0
435	0
1	0
17	0
146	0
2	1
0	0
0	0
2	10
0	5
6	0
0	11
1	38
0	8
9	0
0	0
0	0
18	200
1	13
2	84
2	471
0	54
1	0
2	7
821	0
77	340
0	0
3	307
26	149
189	386
0	0
53	0
9	1
6	0
55	0
222	74
5	7
27	145
0	0
0	0
0	0
36	0
166	0
625	219
0	0
51	0
0	0
46	107
0	52
3	173
31	191
201	0
38	206
12	4
0	0
0	0
13	5
6	1344
0	0
31	13
4	0
163	21
0	0
12	1921
288	0
1374	0
0	5
9	2
0	113
465	191
254	8
143	0
4	62
76	137
118	88
120	0
5	30
0	101
36	53
1306	0
5	0
0	0
1	0
39	0
16	0
2	1
647	0
280	2809
0	0
351	0
3	0
0	0
0	0
223	235
0	0
66	2109
117	0
51	0
1755	208
0	38
0	8
0	62
65	24
12	143
7	1316
73	62
81	28
37	4
67	0
74	0
1	0
0	0
2	0
2	0
81	0
7	0
4	0
1	48
26	39
0	3
22	0
50	0
0	0
2571	15
545	64
492	196
46	30
4	34
94	0
5	0
265	128
835	0
123	157
0	0
8	27
65	77
33	237
114	144
0	3
0	208
1	1005
0	0
0	0
2	264
7	7
7	1701
76	181
2157	0
318	0
140	1117
33	31
209	0
11	0
1430	0
62	79
544	449
4	836
1	155
99	67
0	0
4408	0
24	0
20	181
0	0
3	0
0	98
0	29
0	21
3	0
47	141
106	330
159	579
27	0
129	26
269	0
231	0
1	102
21	0
3	5
0	0
13	15
0	0
0	0
2	4
0	37
17	3
198	4
13	291
0	0
137	0
0	102
64	119
3	0
2	0
1	0
3	7
17	182
0	4
0	36
0	2
0	0
185	2
13	15
2	0
20	0
49	0
0	0
164	0
6	105
123	452
106	0
35	147
56	0
1421	0
267	22
3	179
2595	26
0	0
10	0
0	0
0	0
37	0
0	0
0	0
0	0
1	0
4	11
109	49
448	51
77	542
554	0
0	0
453	540
462	52
209	224
256	0
71	0
439	871
24	0
47	0
50	0
100	230
0	0
25	1
366	0
41	0
0	0
1	19
0	1536
935	447
22	484
60	77
39	668
26	205
66	196
102	0
28	8
4	2096
2	0
0	4
0	0
0	0
25	39
1	137
0	0
0	0
3	0
0	0
231	12
33	21
181	34
87	0
493	273
136	0
27	0
368	200
0	0
93	0
59	0
5	28
601	53
84	916
2	0
177	0
559	261
123	120
1733	156
51	270
0	0
1193	0
2	51
21	35
48	151
2227	200
38	46
106	532
1	81
433	49
143	47
36	314
197	0
6	113
11	149
28	374
0	0
4	99
0	0
0	0
0	16
22	178
11	51
0	1
3	28
3	39
0	47
0	27
11	618
137	638
96	812
82	351
9	649
0	0
0	0
0	0
0	0
0	0
0	0
0	0
0	0
0	0
38	127
0	0
0	0
0	0
0	0
0	0
0	0
0	0
4	17
80	55
30	0
93	100
351	0
200	21
4	87
0	0
286	0
307	1637
0	0
0	0
14	8
0	0
61	9
0	31
0	0
0	0
0	0
0	0
0	226
211	23
27	16
56	0
190	70
652	102
6	142
35	0
1403	129
5	0
29	1089
1310	401
46	21
3	219
0	36
111	3
0	0
0	0
0	0
7439	163
171	1775
0	3
1	2
50	21
1063	5
125	2002
4	51
31	83
0	9
47	3
893	550
107	34
72	35
0	1182
0	0
32	0
0	0
0	0
4	143
0	0
10	1
0	0
148	594
0	0
6	256
10	361
2	33
0	31
9	106
20	119
293	279
173	257
13	56
29	94
101	189
61	69
210	203
173	1831
71	67
77	26
393	0
22	0
120	355
163	1597
3	89
8	380
51	452
21	257
0	0
0	0
0	1
75	1
0	0
1	0
0	0
0	0
0	0
14	16
0	0
0	0
17	7
6	31
11000	464
32	159
0	0
134	215
1525	1227
0	0
2	0
8	9
0	0
0	0
45	0
0	7
34	36
527	3
811	20
322	84
0	1
4	0
0	0
0	0
3	49
49	0
0	4
0	0
0	9
723	17
83	0
451	1
148	24
204	1
0	0
258	5
236	0
0	0
128	3
0	2
67	254
2	0
111	26
0	0
115	97
0	0
15	1815
4	6
6	0
3	19
21	191
402	489
124	0
0	0
100	0
26	46
565	104
516	611
1	261
1482	254
56	698
16	0
43	0
330	3
60	0
54	140
19	35
1	0
149	2
133	106
0	0
31	18
1116	27
0	4
10	7
2	3
842	94
0	0
230	7
209	218
208	0
0	0
11	0
1	0
60	89
176	95
2	13
2	0
115	4
9	130
155	246
3	46
0	0
0	0
4	52
4	6
503	0
95	0
43	1359
0	35
1244	201
0	78
1	33
0	0
29	194
18	214
30	411
0	0
137	0
41	1
89	20
27	49
18	451
1	690
18	0
0	263
1178	191
2	61
1160	16
102	139
0	1
0	0
0	0
1	0
0	0
20	0
2	0
0	0
187	37
11	57
1	73
144	446
13	116
3	3
0	9
0	0
0	0
463	387
17	171
1	12
4	45
8	76
5	19
0	0
0	12
69	235
0	0
167	0
0	0
5	11
8	0
0	0
0	2
1	21
3864	1
55	25
48	1877
0	7
285	0
0	0
0	0
30	274
0	0
4432	64
2674	0
13	0
71	170
250	838
7	45
127	179
7	0
480	2
19	473
2	64
10487	0
0	0
132	35
471	233
0	6
0	0
30	0
16	0
1	721
585	491
47	301
0	122
23	27
76	35
3	336
0	0
0	0
0	0
530	0
0	0
0	0
0	0
255	0
1326	0
0	0
0	1
0	0
0	0
0	0
894	5
0	1
0	0
0	0
0	2
0	116
0	37
5	1551
205	107
376	84
0	0
238	0
3	2
27	0
18	12
83	390
113	25
156	168
0	46
290	20
85	84
55	0
226	0
102	0
133	0
0	0
2	0
0	0
0	0
0	0
3	384
19	101
1085	0
63	0
913	1742
601	0
3	45
14	33
3	712
39	359
57	15
75	175
40	338
145	0
1502	21
1121	0
231	7
7874	52
95	218
0	0
3	0
0	0
0	50
0	0
1472	1
1766	0
7	0
13	0
0	0
0	9
0	4
10	789
0	0
11	548
76	267
46	0
4	392
0	12
322	219
0	0
55	0
0	0
3	0
60	75
50	0
48	235
2	1
11	4
21	0
10	0
96	0
0	0
0	0
174	1894
29	530
1	0
8	77
452	410
1	1
213	0
815	688
50	0
41	0
67	0
44	0
43	0
58	294
0	0
7	0
4	14
37	975
0	20
16	36
309	7
0	0
149	54
0	0
57	0
1	65
72	35
141	1999
0	0
0	7
22	6
0	0
0	9
0	29
22	328
207	2
0	0
3	0
77	1289
168	116
0	0
0	0
17	0
0	0
0	0
0	0
0	0
0	0
51	0
3	9
40	429
8	302
172	308
791	115
2	0
0	0
0	0
157	948
138	34
0	99
1	0
5	225
0	3
0	1
0	0
5	196
121	769
0	0
381	0
0	4
71	1869
1	9
15	213
0	0
0	215
23	21
11	25
5	233
0	0
0	41
14	0
1	100
0	0
0	16
96	1781
253	131
0	0
36	0
108	0
16	0
147	849
3	4
31	123
0	0
33	41
0	0
9	49
0	0
0	0
0	0
0	0
0	0
0	0
0	0
0	0
0	0
0	0
0	0
0	0
0	0
0	0
0	0
0	0
0	0
0	0
160	27
51	350
0	0
0	0
0	0
0	0
1	0
23	0
4	52
72	3
205	0
25	0
0	0
0	0
0	0
3	3
0	0
0	0
0	0
83	12
550	1
3	0
0	0
65	105
22	1716
186	100
108	0
1142	213
19	0
202	0
6	0
0	0
69	0
13	0
1	0
263	0
18	0
6	0
0	0
0	0
0	0
11	0
0	66
0	578
38	74
274	96
53	0
92	0
19	493
0	1819
1120	0
19	1
5	1772
4	160
107	7
52	1593
12	0
0	2
15190	0
3	74
44	3
11	1
3	30
77	0
1	1
0	0
163	383
24	580
324	50
0	12
63	0
1414	69
115	106
429	0
0	11
61	425
0	0
6	0
0	0
5	485
11	231
9	29
20	11
0	0
68	26
0	1
0	105
0	23
0	0
47	852
0	0
144	558
36	181
196	150
1	58
146	357
1	99
6	81
1	195
2	119
2	912
1	17
78	0
286	16
0	10
1	9
1358	1
0	0
168	1
105	0
0	0
89	16
0	0
0	0
2	0
154	828
0	0
85	0
15	381
36	0
2	309
0	0
3	20
17	1433
44	0
5	4
0	174
70	22
28	908
7	392
0	103
237	353
0	0
0	77
5	0
3368	14
254	270
0	175
89	194
40	147
155	194
34	0
9	0
23	2
0	0
1	0
47	46
199	0
1	0
0	2
0	27
0	0
1	0
1	0
0	0
1	0
2	0
111	0
4	0
103	0
34	0
0	187
16	0
2	0
4	0
3	182
226	3
68	871
130	238
0	97
0	13
532	691
3	29
0	0
71	183
6	0
193	0
11	188
8	127
1657	11
11	128
11	142
0	0
267	878
13	0
105	28
0	1
0	2
0	14
3	97
16	306
0	0
139	0
2911	8
2138	0
2	50
290	0
353	3
108	331
21	141
30	189
16	347
0	112
286	0
93	0
69	247
1279	4
125	449
177	714
0	0
21	270
57	1
3	817
7	4
1	4
19	22
0	12
0	0
61	294
22	44
47	27
111	482
0	4
3	0
47	134
57	0
96	670
22	1298
0	8
0	5
7	2
4	44
308	1110
3	4
4	7
17	69
0	0
24	183
63	0
7	734
64	602
8	2
0	11
0	22
149	74
14	11
17	166
6	0
0	0
0	0
11	94
868	277
6	18
0	1
805	53
20	164
48	0
729	0
35	2
18	182
292	0
0	2
256	56
333	0
69	285
438	256
307	0
0	0
3516	1007
7	10
20	0
96	304
1	0
0	0
3	11
4	114
11	115
215	0
387	16
137	0
48	0
10	0
0	0
0	0
80	3900
2	71
7	0
5	0
1	0
19	0
128	107
0	20
291	8
0	44
0	0
1	0
2	0
553	0
19	2
3	0
0	0
0	0
0	0
211	465
0	0
0	0
0	0
1	0
0	0
0	0
0	161
0	0
0	19
0	0
0	4
0	0
95	367
17752	0
20	234
392	2
445	0
1	0
24	0
8	207
0	0
185	575
81	75
0	22
46	515
0	0
0	0
9782	21105
60	32
91	885
0	117
233	762
153	16
1	1
121	225
0	0
49	9
0	11
0	12
11	279
7	491
5	60
0	0
4	0
355	0
109	15
0	0
47	41
0	0
2	0
0	0
0	0
111	87
6	0
88	0
6000	234
267	0
176	1417
0	0
159	183
196	18
602	0
214	0
62	0
124	36
181	0
2	1461
771	1
0	0
0	39
65657	4
0	0
160	0
768	0
71	0
365	213
1127	0
0	5
0	0
2	171
37	5
1717	0
79	334
22	0
70	66
22	26
0	4
36	0
21	58
136	38
0	0
0	2
2	1714
79	86
512	161
877	0
14	279
5	391
255	0
0	0
0	0
0	0
0	6
0	6
3	0
2165	371
561	111
17	0
52	9
0	46
2	19
125	0
301	281
1	9
5628	290
558	333
204	1
20	4
3117	549
0	0
2	7
5	239
166	3
48	0
205	24
56	0
23	0
23	0
0	0
18	0
0	0
19	823
0	0
4	0
3	60
0	4
567	0
3	455
4	39
0	5
5	0
0	3
0	6
0	49
22	493
3	10
1929	152
68	0
0	2
60	505
2	41
40	457
0	0
0	0
0	0
0	392
0	0
0	201
12	206
0	0
1	0
76	60
33	403
64	0
1	0
3	0
8	1
83	0
0	0
8	87
0	0
0	0
6	0
0	0
0	0
0	0
0	0
10	161
66	96
1171	1041
69	1228
14	0
2	24
20	92
31	3
5	0
389	1155
1682	1
0	0
14	0
33	7
529	2544
18	273
2	92
32	349
105	71
808	16
0	35
0	0
0	21
0	0
0	0
0	0
0	0
204	174
22	0
0	0
11	416
1	1401
5087	1
0	0
393	8
6896	1
109	58
0	4
0	15
45	13
0	3
0	145
0	26
18	0
4	47
2	98
0	0
2462	27
413	82
1	0
3	59
0	0
3	72
1106	2099
74	1989
0	0
172	689
16	22
0	0
2153	5
21732	52
376	108
41	8
96	90
310	2502
0	99
0	0
57	392
27	6
6	63
0	0
0	0
79	0
0	0
718	7
123	53
1828	0
0	0
53	65
592	522
35	238
17	325
0	52
10	2
4	37
0	0
0	0
2	26
0	0
293	980
0	0
0	0
0	153
0	0
55	0
12	0
452	488
645	3
127	104
5	7
609	1616
59	480
817	145
0	0
17829	2260
19	0
0	88
25496	2261
5	0
0	16
1	443
0	42
15	88
0	0
50	75
6	1
0	484
0	0
0	335
8	2
1	0
0	0
0	0
0	0
0	1
0	0
0	1
0	0
0	1
0	29
322	199
0	0
1	40
639	81
229	0
206	325
53	14
68	22
28	175
107	0
83	103
376	0
204	0
0	100
69	0
3	17
0	38
21	396
1	0
0	86
118	11
2	0
12	76
167	13
9	374
276	1
64	0
45	0
52	14
95	44
5576	1
132	455
7	60
87	11
739	493
49	0
57	80
13	234
26	16
27	61
38	1
272	1
199	65
0	0
517	0
1187	12
684	0
78	0
1126	1665
93	338
1491	8
378	0
99	247
30	0
83	1202
39	1096
92	27
7869	2
0	20
88	5
683	104
85	2
254	4
392	35
8	26
6	0
155	3
0	0
0	0
0	0
4	0
0	95
143	63
3	0
25	11
2	40
2	0
0	1
0	322
0	11
4	395
5	1418
19	64
2113	34
0	10
5	0
4	0
1	0
18	8
1	0
142	450
8	0
16	0
2	0
284	3
2669	1
2	61
21	433
0	0
0	15
2	0
0	3
0	0
3	0
176	39
21	2
93	0
62	0
77	7
40	131
0	0
34	47
84	350
21	33
24	303
7354	0
29	37
0	3
188	9
46	204
214	123
21	6
4	1
3	0
205	69
71	0
424	0
2	0
81	50
12	342
4296	0
0	3
7	11
5	32
115	0
43	678
15	425
0	0
0	0
6	0
142	1
52	1252
156	187
7	12
287	1090
97	0
81	0
107	0
73	74
89	40
74	0
30	42
596	412
85	0
357	758
0	0
0	0
0	0
21	512
16	3
0	0
9	81
210	315
103	220
64	2
20	0
0	0
207	0
10	0
210	0
124	1369
9	201
3	27
183	377
0	0
197	300
0	15
2	0
94	254
0	0
0	0
10	11
2	24
424	495
17	27
597	12
0	0
716	710
0	0
276	64
3060	1604
24	14
1	5
40	80
7	77
0	2
0	0
55	204
28	1576
1	25
17	2
118	116
6583	3
234	3
100	32
151	211
80	0
143	17
88	0
24	5
0	321
6	192
6	0
38	27
0	0
1	0
15	0
0	0
13	3
1	7
36	292
3	33
1762	223
0	4
68	228
852	0
0	1
12	2
5	0
119	1471
2	3
0	11
23	8
0	0
4	49
7	6
117	307
10	2024
26	8
2	6
0	0
0	1
0	20
497	507
0	0
0	0
486	140
0	3
6	0
52	53
0	0
0	0
1	3
344	1668
6	4
0	513
22	3
1084	51
4	0
1	0
12	0
0	6
17	377
28	698
79	1903
10	469
25	332
1	565
25	691
0	585
0	114
2	14
1	14
0	11
187	103
0	0
281	543
0	0
0	0
0	326
0	0
185	0
1	28
5	22
91	0
137	0
142	23
89	45
26	0
93	3
118	0
53	137
19	88
64	90
96	112
41	47
52	563
59	248
12	907
221	182
174	1999
6	2
0	0
0	0
15	0
0	0
4	9
0	182
112	0
654	10
92	356
181	366
88	167
34	15
6	0
5	20
20	452
0	0
15	27
61	0
97	7
2652	0
17	542
2	0
0	0
1	139
0	0
0	0
102	0
186	166
172	3
2	0
0	0
1	0
0	165
0	0
131	1
387	81
7949	0
343	0
67	1178
1	0
4815	1675
0	1514
4	0
1	222
2	1
2	0
60	1537
543	176
4	0
12	87
622	0
13	0
0	89
285	74
2	1
1	7
1	13
0	0
0	0
0	0
3	0
82	0
24	0
1	0
28	0
0	0
0	0
0	0
2	64
207	223
121	408
106	996
1	2
162	48
111	0
17	7
0	0
0	0
0	87
0	1
1668	418
2	220
26	7
0	0
76	89
0	0
125	66
2279	10
1	672
1	1519
0	0
273	99
0	0
0	0
0	4
86	0
11	306
2	250
0	0
40	1
32	0
147	0
0	0
0	0
0	0
0	0
0	97
0	0
0	0
0	0
0	0
0	0
0	0
0	0
0	0
0	0
0	0
0	1
0	0
0	0
0	0
0	0
0	0
0	0
0	0
12	0
0	0
0	0
3	3
0	0
0	0
0	0
0	0
0	0
0	0
0	0
0	0
0	0
0	0
0	7
0	0
0	0
0	0
0	0
0	0
0	0
0	0
0	0
0	0
0	0
9	5
0	0
0	0
0	0
0	0
0	0
0	0
0	0
0	0
0	0
0	0
37	31
0	0
0	0
0	0
0	0
0	0
0	0
0	0
0	0
0	0
0	0
64	39
0	0
0	0
0	0
0	0
0	0
0	0
0	0
0	0
0	0
0	0
0	3
118	363
0	0
0	0
0	0
0	0
0	0
0	0
0	0
0	0
0	0
0	0
81	0
0	0
0	0
0	0
0	0
0	0
0	0
0	0
0	0
0	0
0	0
95	993
0	0
0	0
0	0
0	0
0	0
0	0
0	0
0	0
0	0
0	0
0	0
0	0
0	0
0	0
0	0
0	0
0	0
0	0
0	0
0	0
0	0
345	1
0	0
0	0
0	0
0	0
0	0
0	0
0	0
0	0
0	0
0	0
0	0
0	0
0	0
0	0
0	0
0	0
0	0
0	0
0	0
0	0
0	0
6501	290
0	0
0	0
0	0
0	0
0	0
0	0
0	0
0	0
0	0
0	0
205	0
0	0
0	0
0	0
0	0
0	0
0	0
0	0
0	0
0	0
0	0
526	190
0	0
0	0
0	0
0	0
0	0
0	0
0	0
0	0
0	0
0	0
214	249
0	0
0	0
0	0
0	0
0	0
0	0
0	0
0	0
0	0
0	0
2	370
0	2
0	0
0	0
0	0
0	0
0	0
0	0
0	0
0	0
0	0
0	0
21	18
0	0
0	0
0	0
0	0
0	0
0	0
0	0
0	0
0	0
0	0
638	224
0	0
0	0
4	20
2026	191
53	0
99	27
280	27
760	0
226	191
13	383
1	1
0	17
111	291
2	222
0	19
0	0
0	0
275	34
162	226
36	134
0	0
0	0
0	0
27	0
0	0
0	0
0	0
2216	1836
1	40
0	0
5	4
5	60
2	1
3	16
450	401
0	0
1	12
0	0
0	9
0	33
10	2
0	233
45	19
21	50
2	246
62	3
480	558
23	0
702	11
97	0
0	0
0	1
0	71
0	0
73	2291
0	492
96	166
179	53
233	165
7	116
0	1
83	13
277	2
4	0
21	66
31	211
28	27
0	0
9	0
0	320
0	0
5	6
792	1
2	267
102	32
770	255
81	237
49	384
3	0
2043	1646
0	1
4	142
21	228
0	0
0	0
54	110
42	47
0	0
0	188
2	36
27	162
0	7
13	58
248	0
558	542
0	0
6	81
0	0
119	138
0	4
58	138
28	0
297	214
3	35
4	569
20	0
2	30
236	102
2899	15
29362	0
0	0
1	13
0	432
17	177
1989	0
436	0
74	32
6	53
37	630
0	0
14	11
0	0
0	0
48	41
692	1
417	11
700	365
60	404
1	4
0	0
1	17
58	38
94	5
2080	62
317	413
345	0
314	0
145	0
420	0
4	277
10	12
115	2
821	63
193	0
343	0
47	21
0	4
17	3137
159	0
112	739
144	71
160	45
7	0
143	382
38	598
251	8
0	0
0	160
0	0
11794	150
27	0
184	0
51	230
37	377
28	349
1	0
0	117
0	132
109	1
12351	184
38	0
167	210
17950	32
71	23
0	387
4	94
38	221
0	0
252	0
276	0
287	18
63	1449
88	0
18	0
344	158
230	0
4	35
24	214
0	0
2	0
640	111
127	35
7	8
0	0
2	196
0	0
0	2
16	5
64	166
0	0
17	0
1	0
0	0
0	65
170	10
0	0
73	4
0	0
0	0
5	486
0	0
0	0
665	598
5	31
0	4
64	2
4	0
62	0
28	0
409	1170
14	236
18	886
50	1
211	147
66	16
139	0
727	1
505	1110
62	1
417	15
949	0
4516	1
0	0
74	1545
54	1914
265	3
0	0
0	0
0	0
8	110
193	7
176	202
142	27
2	0
1	52
11	0
600	0
564	12
153	73
0	0
5	164
0	19
0	1
14	0
7629	433
123	45
565	5
360	40
56	0
815	16
0	0
584	147
99	110
4316	196
248	249
78	0
673	4
96	8
107	0
255	147
0	0
16	0
0	0
0	0
0	0
6	1635
1	0
0	3137
0	0
314	5
0	2
0	0
114	109
30	194
37	39
4	1352
141	9
6	14
109	0
0	0
149	155
2	272
0	91
69	232
11	60
1113	811
89	702
0	0
111	177
635	0
12	0
4	172
3	29
1	79
7	0
30	92
0	0
62	92
943	408
77	4
0	1
0	0
26	49
40	37
92	6
290	261
68	177
29	261
110	2
30	0
62	2
133	453
33	0
43	504
727	140
53	0
0	0
52	0
419	13
10	77
107	776
488	8
168	1
6734	47
2708	181
19167	26
26	126
202	1177
1	50
2	7
77	0
348	149
556	0
20	0
0	0
138	76
3256	13948
6874	104
2	34
32	141
668	1026
12	49
145	0
157	171
30	50
15	151
15	65
457	1582
3	197
0	0
3	0
0	0
0	0
2	0
60	287
26	1
1	7
56	1
101	154
1631	200
907	1643
69	911
881	96
345	16
278	28
663	99
0	0
5	46
51	4
0	15
441	0
192	0
5	78
3	16
4	64
0	2
6	352
0	0
3	237
0	9
146	859
408	9
1	0
248	17
218	1819
0	0
2276	0
0	0
0	0
31	453
0	0
3047	291
22	4
1	0
7	31
52	2359
0	12
0	0
3	0
0	0
0	0
330	497
128	0
5	0
50	851
656	0
43	148
77	0
11	0
4	13
0	0
0	0
0	0
7	13
0	0
0	0
415	0
0	0
167	471
1	2
0	0
0	553
0	23
2	10
2692	317
180	79
0	0
0	0
0	0
3634	6
2762	1
28	130
11	0
552	642
23	24
467	45
25	380
5	218
0	10
0	5611
2	200
0	2
182	0
873	116
37	94
0	0
959	32
606	7
1	0
94	511
249	76
6	284
83	1
46	27
0	50
173	290
281	26
0	4
245	180
0	0
0	0
0	0
13	611
0	0
992	36
0	1
126	162
218	40
0	14
29	720
26	948
16	0
52	644
1	52
9	22
1	0
0	34
0	0
185	0
0	18
0	0
5	0
0	56
383	0
0	0
103	23
24	0
0	0
0	0
7	119
1	1
0	0
218	901
68	120
81	6
0	8
253	3
24	541
79	0
1	71
12	0
0	8
1	38
0	14
0	0
413	0
173	423
136	0
499	72
0	0
3	21
2	0
0	13
184	2
102	57
621	0
35	0
23	0
4777	1563
0	6
0	19
0	23
15	0
171	216
12	10
1	2668
575	20532
110	19
1	56
1	88
0	12
15	490
0	20
558	1958
7	228
0	4
1	41
0	0
0	5
0	0
0	2
64	2
0	70
21	31
438	28
81	30
81	75
6	509
24	0
270	56
1	0
1	0
1	492
6	0
499	61
0	0
608	448
5	204
10	155
0	0
616	0
0	0
0	0
2	0
0	0
17	139
2964	116
0	15
9	676
0	0
0	0
182	148
277	98
0	0
0	0
2	5
8	0
70	12
9	53
0	0
3	6
0	0
2	1915
39	176
3	0
15	3
4	2
232	424
301	1
169	167
15	990
7	1146
17	1
4	75
1369	0
12	0
200	0
18	0
68	91
0	0
31	0
151	0
0	0
2	0
2	125
10	30
516	1483
0	0
0	0
77	1905
2139	116
398	1
64	0
279	0
569	2209
198	8
990	3
9	74
0	13
0	1473
0	225
1	0
14	26
0	4
106	84
9	31
0	0
0	1
0	0
20	6
0	0
1	0
0	0
94	0
0	0
4	0
0	0
587	217
0	25
1679	0
225	0
3	0
0	0
249	0
0	0
0	0
3	13
1	0
239	646
49	272
0	0
0	0
284	2106
0	0
23	792
0	144
449	6
0	0
2	0
218	777
3545	0
22	0
0	0
12	121
3	1
3	7
74	156
75	1171
47	4
377	0
457	7
0	0
26	45
209	0
859	0
55	85
659	1
45	35
0	87
0	0
21	610
17	64
537	1590
106	274
271	8
334	44
151	455
227	276
533	14
44	1
0	0
9	0
19	1
0	22
1	18
0	0
1	7
198	583
501	144
280	0
37	1
89	346
0	0
11	33
113	290
669	1732
538	47
0	11
70	162
86	0
51	0
0	0
12	0
11	0
0	0
847	130
39	83
124	14
184	349
1666	0
0	0
0	14
11	0
1301	182
0	0
0	0
0	0
0	0
0	0
0	0
33	363
2	0
0	0
35	0
156	0
0	3
233	0
20	0
946	116
0	0
0	0
1	11
176	7
0	0
1	84
25	79
81	42
404	2
14	17
17	0
0	12
0	138
260	166
46	1
1	733
734	0
3	1
0	0
15	0
11	0
8	0
0	0
0	0
0	0
0	0
1	0
0	0
0	0
0	0
0	0
0	0
0	0
0	0
0	0
0	0
0	0
171	0
0	0
0	0
0	0
0	0
0	0
0	0
0	0
0	0
0	0
0	0
5	254
0	0
0	0
0	0
0	0
0	0
0	0
0	0
0	0
0	0
0	0
486	25
0	0
0	0
0	0
0	0
0	0
0	0
0	0
42	829
124	0
0	1982
181	446
6	0
12	7
59	293
88	38
40	2
3	1
0	0
0	0
0	0
0	0
4430	873
127	3
128	1274
1	857
0	0
4	0
0	0
0	0
4	101
0	40
0	0
30	1006
16	150
46	0
0	0
235	450
0	472
5	497
0	0
0	0
268	1329
1	0
0	47
167	1
330	0
2027	0
104	437
14	85
1	168
2	375
1168	268
371	0
219	2974
0	70
305	1948
14	307
0	0
0	28
0	4
0	14
16	233
456	1814
6	5
0	422
0	17
0	0
0	0
87	498
1458	194
0	7
25	89
0	0
0	0
0	0
117	631
0	6
17	27
0	15
243	314
141	1475
543	478
159	0
118	0
0	0
7	0
26	4
20	94
50	0
0	0
145	1759
0	27
0	0
0	0
0	13
9	0
0	0
0	1
2	0
0	0
1	1
6	13
45	12
25	88
35	22
0	0
5	0
103	0
59	0
0	4
6	6
5	1
1	1
0	0
153	47
5	10
12	120
74	0
0	0
14	92
54	54
136	1
130	5
53	1348
209	184
171	2476
1	0
0	2
1	0
0	3
0	0
0	0
0	0
29	0
0	0
1169	144
29	0
604	199
1	5
1084	15
0	0
4	0
0	9
0	231
0	2
0	431
103	99
142	0
75	27
2	307
0	331
216	0
0	0
440	1883
126	0
214	0
1	64
0	0
14	3
13	0
137	0
76	568
0	3
0	0
11	49
35	28
881	2
0	0
0	0
43	0
104	0
3073	5499
11	0
33	11
0	10
126	209
0	0
32	0
419	50
0	13
29	557
1	46
52	188
0	32
4818	140
835	10
1223	253
2954	0
32	243
14	150
10	19
0	0
0	1
0	12
0	0
292	0
80	0
46	0
299	968
47	194
14	0
127	84
20	0
136	0
645	0
1235	0
4	0
113	151
0	0
5	0
192	270
139	52
11	659
4060	1552
0	2
0	0
0	0
342	372
31	9
7	346
1001	897
5	24
29	0
8	32
165	184
185	0
0	6
481	144
0	0
0	0
7	26
59	0
0	0
78	0
258	7
0	10
152	12
0	0
0	20
0	263
616	79
0	0
1	42
153	6
1502	123
17	983
1	1
0	6
2	181
177	295
9	203
112	27
0	52
18	0
3	0
281	50
7	0
69	72
0	0
30	1673
157	25
37	2
337	11
139	14
1245	55
6	1849
0	0
0	0
0	0
12	0
128	443
0	1
3	21
45	902
306	0
33	225
3	164
0	0
12	1
3046	233
3	267
7	2063
13	676
147	2169
0	0
194	311
1738	0
79	4
10	0
0	0
266	0
1	0
48	11
120	49
0	0
304	286
69	91
3	19
0	63
0	0
10	2
151	77
1	0
230	0
0	48
4	39
4	392
60	85
2	90
203	1763
1042	1882
33	188
0	0
0	0
1444	20
14	0
18	19
0	0
4	0
18	0
17	34
0	0
119	0
15	0
52	83
0	0
18	132
20	8403
49	489
0	0
71	33
11	0
9375	433
52	245
0	115
0	0
0	0
32	0
4	190
0	0
141	0
288	0
10	19
0	0
12	1
11	0
989	14
107	0
74	150
0	24
0	0
0	0
0	6
0	0
0	52
747	184
2	0
1	7
2	225
13	0
214	73
4310	181
0	71
9	208
106	0
2	41
11	184
4	0
30	0
1	1765
0	0
2327	239
0	0
257	0
1086	4
372	364
638	76
659	0
0	0
0	19
189	0
7	0
5	70
4	261
0	0
151	80
749	549
45	676
887	0
1	20
0	0
4	0
236	410
4	0
0	6
15	0
231	0
0	0
13	4
6	463
25	38
13	1212
0	0
0	0
0	237
5	533
7	144
27	207
7	28
0	1
303	17
19	0
42	4
444	1070
46	0
159	0
5	9
0	0
807	604
530	174
112	39
923	51
0	0
0	0
420	459
0	33
3	820
230	536
98	0
36	0
26	0
180	34
75	73
81	24
246	194
1217	17
35	3
15	3
308	11
18	0
230	144
0	0
855	28
0	0
9	50
0	3
7	214
0	4
13	247
0	5
245	330
0	0
30	42
413	16
445	0
295	1831
191	0
22	2
11	0
416	0
83	2
48	22
141	209
68	171
0	0
0	79
3	58
37	74
0	0
0	127
8	82
287	0
0	0
224	23
2	0
0	0
33	0
99	431
43	1
76	1
2	0
4	0
0	0
249	0
21	0
0	0
0	0
0	46
1517	384
1	64
3	341
81	0
119	142
0	0
7	125
29	53
1030	0
135	99
3	257
0	0
17	1030
0	0
152	46
3	0
20	590
0	60
16	85
3	245
3	0
494	2
116	146
5457	0
37	580
1191	58
73	1535
155	204
17	21
8	1376
0	0
0	0
0	0
0	0
101	157
0	0
82	0
467	2
91	7
1387	3342
36	362
105	369
581	56
0	88
2	76
56	27
0	0
102	6
4	0
5	0
0	0
52	0
7	166
20	254
120	6
8	101
0	0
0	31
1	0
150	116
4	3
0	0
0	218
0	0
17	504
1682	162
22	1484
0	3
13	2
16	19
1332	32
5	7
3365	1092
41	482
0	0
72	78
3227	298
47	26
4	2
0	0
0	0
13	1836
104	89
13	36
41	1
10	0
0	0
22	47
0	0
10	92
0	0
0	2
4	70
1	0
759	83
0	164
7	11
2	30
28	0
62	43
577	0
404	55
0	0
147	59
137	237
58	552
71	2
9	614
0	0
2	0
13	54
108	10
1	0
135	544
227	216
106	340
0	5
0	0
1	0
2	0
0	0
0	0
0	0
0	0
0	25
1033	398
3	0
73	0
2	0
0	0
4	193
549	0
0	0
151	0
3	953
1240	326
82	1
0	8
287	106
859	229
0	0
8	2
46	653
137	148
8	48
5	1206
308	105
0	0
3	0
0	3
87	107
0	110
0	71
0	3
0	0
0	0
1	213
84	231
201	1775
2966	141
174	0
0	30
0	1
10	95
0	1234
0	194
11	0
79	21
0	0
2	0
0	0
13	0
1207	1
498	5
395	414
276	132
2	49
6	443
1	0
82	250
0	5
193	2
5	0
93	1
8	0
502	265
438	1614
336	301
2097	12
11	0
32	1961
6975	17
106	47
0	0
0	0
681	0
99	312
3132	1501
85	0
92	0
10	33
1236	0
75	935
18	17
436	56
147	39
29	465
106	20
114	8
87	898
0	0
0	0
152	9
186	0
205	104
436	47
510	350
122	68
122	33
44	0
9	69
66	1808
30	0
261	100
38	0
1268	77
8	96
7	10
159	0
0	117
5	0
114	170
49	261
0	37
168	91
6	16
4	265
291	648
41	60
0	0
29	49
72	21
3	0
23	69
443	1
0	76
0	19
0	19
47	25
0	0
0	0
0	0
185	0
0	2
173	0
11	226
59	2182
21	0
2925	13
430	132
83	0
11	2
1	2
443	0
1	1
1047	0
0	4
22	0
46	722
14	150
0	15
3	28
0	0
0	158
3	33
7	138
3	1023
0	0
11	1433
110	377
4	1019
6	948
7	13
0	0
26	183
555	83
0	4
0	0
34	1
31	2177
63	66
22	158
268	0
2	71
66	54
104	37
157	15
70	15
431	436
217	0
0	0
2	0
26	30
248	777
4	6
48	1
789	621
6507	21
0	14
9	72
0	0
0	54
0	0
0	33
9	0
24	1793
0	0
0	5
0	0
0	26
0	0
18	276
0	0
14	61
1	62
179	1831
0	0
227	0
1	22
79	203
0	19
390	18
148	606
0	101
2350	3
0	0
3	951
16	1057
1	0
4	4
1	0
0	0
3	1
0	0
31	248
2	0
842	217
81	37
0	10
10	0
2964	2
545	1720
0	7
0	51
0	87
369	2
0	0
0	0
0	0
0	36
0	0
0	0
0	0
1	4
9	143
2	44
2	7
176	993
2	6
0	0
369	5
40	189
198	42
508	527
43	734
5818	8
114	0
41	64
1870	13
46	427
0	0
0	0
212	17
0	13
0	0
0	0
0	5
0	0
336	0
0	0
0	565
2	13
1376	5
0	0
91	526
141	635
46	1060
0	1
1019	0
90	674
0	0
0	4
0	0
0	5
13	1776
6	0
23	0
634	173
197	1
42	1
16	5
0	0
2	0
44	64
0	3
0	0
70	49
6	2
16	839
0	0
204	24
192	0
52	0
0	0
0	0
2	0
168	1699
12	0
296	534
101	0
46	86
1	3
5	0
9615	2
6	54
1	0
291	4
143	257
98	959
1	12
18	225
4	0
0	0
0	9
0	6
2	0
0	0
0	0
0	1
0	0
54	84
10	6
0	0
18	75
36	84
29	0
0	0
168	68
0	61
44	196
97	111
993	0
18	1
5	0
6	53
236	181
9	19
0	0
33	222
2	45
93	321
113	0
6744	0
12	0
0	147
103	15
1234	1860
132	1624
0	20
384	1
2	0
205	0
1170	481
118	0
692	0
343	166
178	259
36	46
35	183
296	34
2	20
41	353
9	0
88	523
0	16
22	173
0	50
16	1
554	45
0	0
12	0
144	248
442	0
61	596
0	0
12	0
6	93
77	165
0	0
0	0
0	0
0	0
16	317
7	1
74	388
9	0
0	0
2	3
1	0
0	0
0	0
0	0
0	0
0	0
204	0
0	21
2	3
0	0
0	0
0	0
0	0
4	90
0	106
15	269
0	0
0	0
0	0
4	0
1	0
42	0
0	0
0	0
169	53
3211	1513
120	0
7	4
136	1618
34	77
165	0
101	22
1	20
2	0
0	0
0	0
0	1602
0	0
8	0
0	0
128	463
0	0
0	0
4	0
0	0
0	0
1	0
59	1129
1307	1040
94	49
728	0
530	1339
13	0
0	0
21	284
9	321
16	104
18	0
6	44
109	113
0	0
17	29
13	63
1	0
66	5
316	133
8	90
113	0
1	7
0	0
0	0
0	0
10	0
0	0
0	0
0	0
0	0
1	2
5	121
92	174
134	1
3	0
1388	0
151	0
234	0
16	3
99	3
0	0
4	0
0	0
603	0
1319	0
4	0
763	2
2	90
0	0
51	422
52	43
32	355
1	59
1	623
724	3
179	501
237	0
166	0
27	71
1	0
7	0
3	7
0	0
19	0
0	6
59	5
60	1942
3	1
1129	1490
0	0
0	0
61	149
7	356
2	0
9	0
0	0
0	28
8	0
0	9
13	602
3	0
533	123
0	0
0	0
0	0
3	0
0	21
10	0
0	343
0	21
44	86
539	85
1	14
0	0
0	0
0	0
1	466
19	676
22	61
777	406
782	1228
1035	28
4	74
9	151
22546	35
277	532
18500	231
0	0
0	0
868	2
8	13
332	1205
0	0
41	21
279	0
47	12
307	455
118	91
48	196
0	0
3	0
0	5
4	115
40	202
0	77
0	2
3	1
19	1
0	0
0	49
1394	416
2	0
13	0
50	375
2	9
132	0
109	47
26	52
45	110
1	0
0	0
1	0
61	41
317	60
21	88
23	0
144	241
8618	277
778	140
72	17
58	80
61	1520
6	109
0	0
11	2
10	72
2	0
1	1
0	0
0	0
20	131
128	0
21	632
83	58
0	9
0	10
34	6
0	0
53	280
125	130
3	39
397	0
266	31
193	148
128	113
0	0
427	0
8	130
0	0
1	0
84	769
81	262
35	1
69	247
195	739
204	637
47	147
1	3
0	1
0	0
0	0
1160	33
1329	390
102	1430
9	13
0	0
85	43
26	5
0	0
0	0
13	0
0	0
7	37
43	11
0	0
481	469
10	1628
37	0
15	0
570	19
561	3
98	7
41	0
88	0
24	50
91	8
8	30
13	165
0	0
49	9
0	2
0	0
0	0
0	0
168	75
236	0
285	2673
1882	35
0	0
222	2405
0	0
1471	19
2411	0
40	0
2	0
133	166
225	1
470	3
9	227
70	186
14	0
18	26
13	171
7	15
6	4
0	0
3	558
0	56
0	0
0	0
151	143
355	4
98	1901
49	54
188	379
4	206
109	0
873	0
150	42
220	0
120	16
6	32
42	0
0	0
243	9
614	2
22	0
154	0
3	10
0	54
84	366
235	0
189	360
53	515
1790	34
133	7
0	0
19	99
0	53
435	1629
2	0
98	280
59	44
1	29
280	548
66	61
664	123
241	2391
98	27
8	4
14	75
2	1
3	0
0	0
984	0
0	0
1	0
0	0
0	6
103	1444
4	1366
0	0
344	38
1	0
848	90
113	91
2	1
28	0
308	340
10	0
222	1
307	2270
2	0
0	294
48408	3
489	139
94	301
0	0
1	0
0	0
13	545
22053	2
570	716
26	29
117	0
0	0
2	278
27	204
0	0
0	0
0	0
56	0
63	4
276	2
29	2
0	260
2717	20
0	13
419	0
988	0
70	28
6	0
178	4
34	0
175	19
0	0
40	184
2	0
55	2
0	2
105	0
117	960
82	0
145	75
0	0
1	10
4	0
56	43
1	0
0	0
121	275
10	122
0	0
32	170
398	1
253	0
0	16
0	23
0	14
0	0
0	78
6	5
0	0
0	2
2	255
7	1632
1265	0
0	0
15	0
1	24
0	0
0	0
0	32
0	18
0	180
0	0
0	113
27	131
168	1
12670	1
2020	2191
8	0
179	0
21	2064
3	10
20	26
252	0
315	19
102	45
32	70
61	0
82	41
638	0
3	9
528	0
132	856
15062	0
24929	21108
2268	1080
513	14
0	0
7	0
214	0
58	318
3	0
0	0
0	0
119	8
1819	61
567	18
2117	1
6025	548
191	81
64	124
734	1185
0	0
0	0
61	910
0	0
4	0
0	0
4	2044
0	5
221	63
14	192
63	0
0	2
74	353
0	3
1	3
3	1
1	0
9	41
2	915
398	4
9	96
121	2
1337	0
2804	0
182	5
199	18
218	0
173	10
0	0
0	126
107	0
1	59
61	3
99	1003
112	0
14	374
0	74
0	0
0	0
0	74
105	0
41	40
107	484
2857	189
5524	0
712	1735
261	239
466	981
28	60
0	0
101	15
30	749
25	0
422	3
30	0
89	136
27	69
1	0
0	0
1	4
12	417
0	0
170	0
36	22
14	63
254	565
102	0
0	25
229	76
33	75
0	0
57	110
0	0
51	0
0	1
21	569
0	0
0	0
175	6
0	1
16	4
0	0
1522	749
148	0
0	0
0	64
0	5
19	312
0	0
0	0
9	2
19	71
0	25
4	4
235	0
140	0
0	3
121	1038
0	10
21	1442
0	0
0	0
1	98
0	0
392	0
0	11
227	1152
68	0
357	56
40	0
628	0
0	0
0	0
0	2
590	318
231	1
1544	413
719	0
1834	6
621	566
5905	269
6435	243
270	17
0	0
0	0
0	0
0	0
0	0
638	23
0	0
0	0
0	6
17	1
28	0
13	139
3	0
59	41
4	5
383	0
283	0
4	63
0	33
117	1162
81	0
0	0
59	145
0	0
0	0
0	0
0	0
214	1459
37	0
10	0
7	13
70	0
272	6
31	0
8	0
244	0
73	1
60	0
2340	0
358	0
40	0
96	504
70	0
91	2627
67	304
28	13
103	1191
0	0
0	0
231	10
26	80
241	10
537	106
919	324
661	374
10	0
0	0
0	0
0	0
13	525
0	0
227	0
1585	47
160	65
143	29
5	0
6673	4
1245	0
350	37
0	0
0	0
1	0
0	0
0	0
0	0
211	0
0	1943
0	0
18	365
69	727
875	21
794	1126
115	6
289	1092
233	19
53	42
98	126
248	342
7	197
53	558
39	2078
39	43
5	173
2	3
18	0
0	4
53	0
40	9
1103	0
1648	2
6103	59
0	0
106	578
174	463
133	63
28	200
63	27
487	5
399	1048
40	0
18	983
1	0
18	28
40	81
65	1317
369	1599
14	45
51	7
5	1086
208	0
2	0
0	0
0	23
1	17
265	9
1193	50
2	39
1	255
1	13
73	5
1530	17
0	0
35	749
12	0
14	0
261	0
69	0
0	66
126	444
13	0
154	0
2039	429
110	0
55	15
0	0
146	0
0	0
5	26
37	28
2	42
0	0
174	0
381	0
61	0
236	19
123	72
401	8
367	147
0	0
11	90
0	0
0	0
0	16
220	128
0	3
0	1
0	18
0	0
25	110
0	2
0	0
0	39
4497	224
0	0
0	0
0	0
0	134
0	0
23	0
984	940
0	0
0	163
6832	175
34	61
0	0
9	0
232	0
0	0
0	0
0	0
164	108
1	58
975	322
55	0
0	0
15	0
1	0
0	0
0	0
0	0
0	84
0	27
0	7
0	0
58	96
5758	15455
3430	0
6862	0
0	0
19	14
7	126
1	14
0	2
221	0
321	3
28	0
0	0
0	3
32	137
0	0
70	107
0	0
2	100
0	0
74	868
0	10
160	19
32962	2
55	0
126	0
0	0
2	4
68	1217
96	18
32	40
340	149
95	0
0	0
60	557
44	2380
124	62
0	0
379	0
0	0
161	25
0	86
646	0
0	0
0	0
0	0
8266	4486
233	4085
0	0
0	0
2	0
468	1
21	215
0	13
116	26
123	4
705	44
4437	27
14	0
278	27
34	0
442	0
188	21
15	0
538	10
1	0
118	0
64	150
108	0
3	0
0	0
10	307
142	0
5	92
391	213
42	252
23	983
50	29
218	54
166	326
187	0
24	1
12	163
4	28
10	632
1306	516
15	1328
0	6
19	0
82	3
223	34
151	195
488	0
6	56
55	98
0	0
1	1
0	67
22	1119
12	284
8	77
0	69
220	142
252	488
12	1
113	7
0	67
417	311
116	0
834	78
185	0
0	0
209	85
206	8
59	0
193	6
83	2811
32	217
103	0
109	32
3	4
0	0
58	1278
33	94
4	82
2	7
0	0
0	0
163	675
0	0
0	0
0	295
0	2
711	94
186	0
100	1
2	0
25	207
8	688
20	120
716	611
0	14
31	377
3	0
71	0
3	10
5027	1585
15	147
3	105
2	3
4	3
26	78
585	37
23	168
1	1
24	281
37	0
1048	62
76	0
0	0
1	0
1	0
37	0
0	0
0	0
11	38
1833	944
68	1
3	410
0	0
4	11
147	29
109	0
14	0
189	0
74	0
74	708
0	0
2	8
0	0
64	0
7	636
2171	71
10	278
48	0
104	0
30	0
743	624
2	24
1	0
112	27
489	1870
708	57
15	0
60	2061
0	6
17	299
0	18
275	204
692	0
143	61
14	799
444	0
219	40
0	0
25	0
874	178
145	424
512	0
0	0
0	0
29	64
129	0
109	121
90	117
123	10
49	12
114	485
193	63
695	0
26	0
3	25
0	0
0	2
1	12
1	2
0	3
47	41
0	14
0	0
0	0
10	4
0	1358
0	0
0	0
0	46
9	810
2	5
0	0
0	0
4	3
0	0
0	0
828	0
184	0
78	42
0	0
175	3
2	5
1079	6
51	0
49	1
200	0
6	132
219	0
34	0
195	83
259	0
3503	1
8	971
0	0
722	69
0	0
1	0
0	0
0	0
237	3
641	0
2092	0
99	0
154	0
562	7
0	0
10438	435
629	888
414	1621
48	2
0	0
9	543
0	1
2	62
4	0
271	0
224	0
90	6
31	0
5500	0
110	0
88	97
104	165
0	0
0	55
17	31
0	16
387	0
11	17
491	12
14	661
0	8
4	8
3457	244
138	134
2	0
0	0
0	0
0	0
0	0
0	0
0	0
0	0
0	0
1	0
26	127
7	272
0	0
122	1543
340	416
36	0
136	0
2179	1
190	30
10	1
587	40
73	0
9	4
113	58
350	0
30	1
580	0
0	0
3	267
6	1587
84	0
167	0
6	26
9	0
5302	0
2006	36
42	46
0	0
4	34
59	151
0	0
3	2
0	0
2899	167
1	0
5	6
25	0
63	5
39	115
0	0
85	258
263	32
11	159
0	0
0	0
6	0
56	351
0	1
273	52
162	0
395	0
5	14
0	22
0	0
0	0
170	50
0	0
90	26
8	167
0	18
0	0
8	12
46	0
138	5
158	0
433	908
0	0
0	326
0	8
368	40
0	0
23	540
0	0
294	15
105	10
151	35
15	54
12	7
12	67
0	18
77	5
0	90
26	74
13	98
0	0
55	1349
0	11
35	7
22	1746
0	6
0	5
1	0
18	110
0	1
245	611
0	0
51	146
46	29
6	0
0	72
11	64
2	2
2	0
36	907
8	426
10	4
0	0
0	0
101	538
0	157
2	0
0	0
0	0
0	0
0	8
0	0
37	65
20	5
429	303
679	0
178	0
1	0
18	0
23	0
3	0
73	8
7	0
17	41
92	14
68	7
21	24
73	668
63	0
0	7
129	722
0	0
1	0
0	1
6	68
63	597
0	0
21	1
159	198
10	0
291	7
0	0
164	72
3	23
0	23
36	778
3	113
5	0
38	76
0	0
3	482
12	158
263	30
21	1
295	0
603	14
0	0
1	0
46	50
3	0
0	4
38	914
192	0
132	209
15	0
24	5
340	62
13	0
134	127
0	88
0	0
0	0
13	0
8	2
17	0
5	3
12	0
31	327
858	1
1258	265
170	150
28	23
0	6
0	77
1	0
0	2
1	61
48	143
197	8
272	25
443	0
160	8
7	90
4	15
0	1
46	2
153	914
0	0
11	9
204	1209
0	0
0	0
0	192
196	1314
0	0
2	23
40	0
0	0
0	0
3	843
4	1
0	0
0	1
0	0
49	8
76	3
4	0
0	91
0	22
56	248
215	0
50	1
132	0
9	0
8	0
467	1179
210	0
0	0
123	108
12	0
0	22
29	33
0	0
0	0
0	57
0	68
63	77
0	0
0	0
263	0
305	0
763	0
248	0
63	0
1	155
52	272
923	419
44	1
2	15
185	1
100	35
71	0
28	0
92	0
82	10
66	0
199	20
0	0
43	0
10	17
12	0
26	1582
18	126
170	468
47	23
23	194
174	1332
167	0
8	26
24	0
0	6
1	1
0	0
0	0
0	0
0	0
0	0
0	0
0	0
0	0
0	0
0	0
677	2615
214	1090
0	18
0	0
4	49
0	0
20	0
50	5
46	0
30	0
324	124
288	0
0	0
1707	72
0	7
182	0
1	0
0	1205
8	206
21	2337
0	65
134	80
390	0
67	75
1	37
1	3
1	0
1	31
8	280
12	188
11	4
35	61
8	54
22	77
14	725
0	110
55	94
0	0
18	3
570	35
4433	69
127	18
16	120
134	516
355	3
2717	9
366	69
1622	8
343	609
0	0
571	3
20	51
95	14
10	34
4	21
83	1
0	0
6	388
108	0
689	0
0	0
0	0
323	24
0	0
90	44
0	0
2480	0
44	5
250	0
36	5
0	0
0	0
0	2
48	263
0	0
19	0
0	9
0	0
29	5
0	12
0	12
0	0
0	0
16	1
0	0
4	465
14	0
0	264
61	33
10	0
421	0
0	0
0	0
0	0
36793	0
0	0
0	0
2	374
0	0
0	0
270	32
0	674
0	16
44	0
81	1196
3	14
0	1
9	4
20	18
0	171
0	0
189	275
6	0
27	58
57	813
6	223
33	229
1	0
0	0
8	64
38	74
770	190
39	0
272	0
1874	67
75	1683
0	0
0	0
1	7
0	0
0	0
0	163
492	80
20	12
124	0
803	0
653	0
95	1
121	0
219	0
0	0
1	0
0	0
0	0
2	0
1	10
0	23
3	1
10	0
3	36
10	466
36	0
0	0
0	0
6	4
348	757
0	0
30	183
1839	0
627	26
269	2208
0	3
894	21
0	2
13	82
2	1
0	0
0	0
1	0
1	27
2	0
6	40
2	105
35	226
95	0
39	82
2	5
0	0
1	18
0	29
589	36
0	0
277	1
54	118
208	0
1	22
0	39
1	0
102	65
258	242
1	922
2	0
3	293
112	280
438	12
182	16
9	222
0	0
41	0
31	665
4	1
0	0
17	37
53	131
237	398
19	0
4593	1
0	0
50	44
279	121
11931	461
1	6
13	1030
0	5
0	120
448	33
0	35
64	951
146	294
0	2
258	801
5	0
1812	0
116	645
423	342
136	2009
260	109
242	863
4	495
44	0
87	0
33	0
379	0
4	0
0	48
88	12
0	0
3	0
6	101
3	1
61	0
199	0
131	46
0	23
18	587
660	769
335	0
0	0
0	0
0	0
0	0
66	75
0	0
0	0
24	40
13	65
0	0
0	0
0	0
32	89
7	0
976	3
733	3
293	0
309	859
510	0
194	55
14	4
7	17
0	11
322	710
416	287
4	348
120	0
14	107
237	15
262	459
49	379
0	0
91	0
629	0
2400	3
286	0
0	17
65	5
0	0
2	0
0	0
123	136
184	0
125	2732
0	0
153	0
251	0
6	414
6	1
100	94
8	0
192	0
2	1
1	38
0	0
83	4
6	966
0	84
0	0
0	0
4	2
1	32
0	0
0	0
0	0
0	0
45	0
0	1
393	0
287	6
8	281
27	28
9	123
3	3
0	0
0	0
0	0
10	333
30	3135
183	0
0	0
518	880
56	0
74	16
209	0
125	2690
0	0
0	0
0	0
665	0
115	0
48	30
0	0
55	2
1	226
0	0
0	0
0	3
77	215
7	1
61	236
16	103
36	4
36	306
18	781
24	0
191	2
33	0
65	0
49	0
173	0
4	87
0	0
2697	900
22	104
76	130
0	1
3	0
466	206
0	0
151	0
38	138
33	42
31	1741
15	139
5	0
1	1
1	78
0	0
200	62
109	559
87	13
14	0
37	48
28	997
880	0
0	23
0	53
0	48
1144	41
247	0
56	57
11	0
0	1
4	250
12	84
23	84
147	408
80	2306
72	90
0	0
0	16
11	111
0	0
17467	2196
6	118
109	14
1	0
0	0
0	1
0	10
127	55
0	23
519	2
0	0
73	1
81	0
3	0
2	374
114	0
78	0
295	3
54	0
57	0
373	0
346	0
0	0
1	162
0	0
0	33
13	415
15	1535
3	0
17	20
0	0
109	0
110	267
116	92
719	408
243	0
189	22
301	0
9	23
16	1
150	328
17	17
21	72
185	331
1	168
192	12
0	0
83	0
0	258
6	16
10	480
0	38
0	0
94	1148
151	52
337	0
7	116
8	96
85	1977
159	1140
141	215
1	240
3	58
3	636
0	3
4	13
1	82
0	0
0	38
2	4
82	36
43	4
82	0
448	170
197	0
29	38
2	177
1	386
1	442
0	16
0	0
0	0
0	0
26	0
321	766
72	0
495	25
4	98
2	242
15	6
0	13
6	68
0	0
1	294
10	1407
438	163
5	43
4	23
0	7
0	0
78	1987
27	0
0	0
0	0
0	7
647	0
0	0
0	0
0	0
12	173
122	0
19830	1193
88	0
18	613
557	3175
5	20
94	74
47	0
9	0
0	0
1	76
11	833
0	0
799	15
30	2
125	327
628	184
27	412
0	0
9	184
37	79
23	5
0	0
540	105
37	3
0	15
10	3
0	0
14	1282
0	0
0	15
613	0
182	105
194	496
1749	0
108	0
5	14
0	9
189	0
127	853
69	14
340	293
0	0
478	2
1676	750
7	610
674	379
73	143
0	0
172	0
701	1
8	0
1	0
0	0
0	16
6	343
0	122
0	0
0	0
1184	148
432	3
518	115
1270	23
9	101
123	8
49	1955
0	12
27	44
1	0
12	1
227	1105
0	0
0	0
0	0
0	0
0	0
0	0
0	0
18	0
33	0
0	0
451	549
4	1769
3	5
15	11
5	27
124	548
8	0
6	0
324	346
24	4
17	0
5	40
5	110
28	174
68	19
2124	165
10	0
8	1
104	249
19	12
2	0
0	0
0	50
3	5
0	38
1	1
0	1
1713	0
347	0
6	0
8	0
0	0
0	0
0	126
76	207
8	1443
7	44
6	24
196	0
2	0
5	0
0	104
0	0
0	0
0	0
16	1278
469	0
0	0
3	165
64	104
1355	38
189	569
98	123
171	569
2	1
637	1
785	0
1	1
47	1220
70	0
0	0
115	92
229	38
0	19
105	370
1197	133
1	349
0	23
1803	0
328	56
89	0
17	1318
0	0
33	178
0	0
9	670
2	479
33	0
1	0
121	125
84	266
0	0
63	0
182	42
570	0
9	537
38	139
3	11
29	98
2	297
0	65
6	313
95	1
18069	0
11721	0
0	0
33	5
49	173
124	345
80	0
182	3
1049	2
0	0
0	0
0	0
0	0
16	5
0	0
0	0
0	0
815	450
88	76
18	22
77	0
369	4
85	1
93	257
4	32
0	0
31	42
448	2
20	18
38	31
43	88
9	283
5	2
0	2
0	0
1779	44
0	0
900	300
1	0
0	0
501	0
62	0
106	0
94	0
0	0
0	0
0	0
0	0
0	0
0	0
0	0
1	0
0	0
263	1024
1244	0
136	99
78	55
28481	3
2029	0
1563	3
1	0
376	0
22367	0
0	0
34	1910
12	2309
3	75
20	598
113	6
33	0
99	0
552	3
169	1
18191	220
9	0
2	101
2	2
0	0
1	0
0	2
16	0
0	0
0	6
37	92
13	0
191	130
232	851
18	588
192	1
211	73
3973	0
51	99
0	0
0	0
0	0
0	0
0	0
304	2
109	6
60	111
431	0
0	0
1279	0
14	1
18	0
19	132
0	3
0	11
386	457
8	569
1	0
97	0
102	0
10	5
25	340
34	249
5357	29
230	0
62	0
0	0
0	30
141	1470
0	0
49	369
0	9
420	0
244	0
55	0
1	103
0	390
8	332
9	58
0	0
0	0
18430	296
0	2
0	0
0	0
0	0
10183	1
0	8
396	0
76	25
200	308
312	0
0	879
504	585
5	59
189	1425
177	1883
243	795
0	0
0	0
0	0
112	5
25	16
1852	3
112	487
55	93
7	392
1466	215
32	178
19	224
284	0
1561	62
144	369
11080	192
15	276
51	7
0	0
673	100
0	0
2	67
38	0
41	195
0	0
1359	250
288	1
0	102
0	33
1	61
5	109
1	46
44	660
1	78
0	0
0	13
0	25
0	0
6	405
26	1188
25	199
3	0
10	0
0	5611
2	1
107	412
10	56
0	0
22	1772
56	11
111	16
11	280
1	86
212	0
16	479
1	1335
912	59
0	0
0	0
237	688
78	0
6	0
15	0
0	22
1	57
44	0
26	69
27	478
118	0
180	776
0	12
3	69
58	369
545	225
64	153
147	152
1	10
255	57
176	119
26	0
1	1
2	10
41	16
50	237
99	156
3	7
1	42
1323	223
1	9
0	0
0	16
88	1
2	1
318	688
0	99
7	914
18	2
1	640
100	112
0	1
0	1
386	46
0	0
2	1084
265	150
43	376
292	38
484	55
286	1
34	0
9	0
60	21
504	6
70	297
103	48
0	0
276	45
512	0
5071	2
0	0
269	107
57	2
1	0
1	16
1692	14
35	357
9	67
57	0
0	1
0	0
59	1090
142	0
348	953
20	138
0	0
52	2
22	0
395	439
38	81
0	88
2	7
0	0
1	0
882	74
82	1
0	0
5	1829
230	9
11	994
28	96
273	11
435	1956
12	46
2	0
2	0
0	0
0	0
0	0
1274	4
123	0
0	26
0	0
30	0
6	25
0	0
22	178
0	53
0	71
0	0
1	0
2	24
2	37
456	0
43	89
900	0
10	730
8	0
98	19
22	826
0	3
0	0
471	0
0	0
1	0
0	0
14	52
0	34
0	1
72	12
207	0
41	54
117	1925
1	8
7	117
0	0
0	0
51	365
54	16
18	380
298	0
9430	3
21	0
2729	236
84	324
111	0
80	0
133	39
37	15
568	30
422	39
113	1
609	163
112	2
266	0
36	84
41	0
3	8
32	30
705	0
57	0
13	9
187	0
0	0
1	0
50	569
767	17
11	14
5	10
15	14
0	0
0	6630
149	0
0	0
8	0
0	6
4	264
0	246
2	8
0	0
0	0
0	0
2	0
0	0
55	0
102	130
122	17
234	161
62	1
143	0
0	0
0	103
149	353
0	0
110	215
0	0
330	871
0	0
1	51
3	27
0	71
0	0
31	316
11	552
0	0
0	0
0	84
92	850
7	2
3	140
2	4
149	54
1058	11
129	0
0	0
11	0
1	24
1849	119
669	117
0	39
0	0
0	137
0	0
5	5
0	0
0	0
0	5
3	111
14	0
425	815
0	0
9	0
366	0
0	0
0	0
0	0
22	11
0	1
16	462
0	0
0	0
1	0
0	0
0	0
12	24
1	90
55	111
158	0
0	0
43	45
24	78
90	46
0	0
5	0
0	124
1798	0
206	45
3	43
15	0
0	0
13	53
0	0
0	21
0	0
2	93
8	663
0	140
17	130
0	0
228	0
40	0
161	63
2	14
3	1
1	0
0	0
24	1
0	0
415	2
0	0
72	21
6103	529
187	305
96	34
11	4
34	480
1	873
0	26
1680	64
0	8
1	0
0	0
0	0
0	0
0	0
0	0
0	0
0	0
0	0
0	0
0	0
3	10
51	2754
3223	59
45	0
255	300
1	4
96	2
507	1
79	2217
0	11
0	0
1094	2
198	30
0	0
1553	676
80	369
71	45
27	64
583	1193
0	0
70	0
0	0
51	128
0	7
0	0
1	76
0	210
4	0
43	1
60	1177
0	0
0	0
0	0
0	26
8206	132
0	0
0	7
6055	34
87	0
104	1
115	215
457	711
114	0
1	0
2	12
1004	41
10	514
2	0
0	0
15	46
54	193
260	249
0	0
0	0
15	0
36	0
16	0
661	385
0	0
14	119
0	2
339	20
0	6
132	2
60	0
4	58
758	0
0	0
5	0
27	1203
226	10
26	593
2	498
0	2
0	0
2	0
0	0
254	0
30	0
20	219
1	0
0	0
0	68
0	0
0	0
0	0
0	1
0	6
0	0
0	2
0	0
124	352
19	7
88	4
0	0
9	110
3	0
1	1
0	0
644	2
3	43
752	97
113	345
50	107
2	4
909	0
2	1
7	23
30	435
15	97
29	951
8	2
306	0
84	65
1435	0
0	0
326	0
0	7
5	10
939	0
3	0
0	0
0	0
0	0
0	0
0	14
2	0
2	2
58	401
1	0
5	19
0	0
8	1
0	0
56	7
0	491
189	1
96	383
10	0
0	0
0	0
2	84
0	0
5	13
21	264
270	25
108	118
0	18
7	118
6	338
19	4
51	10
0	0
1	0
55	9
26	127
0	0
2	0
2	707
31	259
4	70
14	31
39	0
81	197
0	20
6	0
13	0
1511	0
0	0
0	0
8	0
392	30
8	37
2	38
0	58
4	11
1	1
30	67
0	0
1	0
0	115
2	2
9	20
60	379
0	161
6	421
5	182
29	652
37	185
48	250
36	168
18674	0
2076	1181
1	0
4	0
0	0
306	0
152	407
8	537
31	29
202	0
1124	0
605	0
34	29
16	375
0	0
0	0
103	0
118	378
0	0
0	0
1	359
0	0
549	0
0	0
7	0
0	0
72	275
180	0
112	224
158	31
291	0
166	0
9	196
2	4
0	0
6	0
21	9
0	0
0	0
1	0
12	2
0	123
20	0
164	0
192	0
65	2
26	0
2	13
0	1
3796	0
2408	0
442	19
3	0
266	0
0	0
473	1
79	96
27	27
0	12
0	10
115	0
64	0
282	20
400	1859
0	19
0	0
23	37
96	124
234	136
78	408
0	16
0	0
0	0
14	47
0	0
9	11
6	4
88	128
0	0
6	300
66	151
0	0
39	2
509	10
236	0
73	9
40	0
236	0
0	1
1041	2061
0	0
64	1162
10	0
20	0
46	0
27	0
2179	0
943	0
584	0
524	0
28	3
0	140
0	87
340	51
207	1
22	0
60	0
0	29
1	20
132	20
7	141
0	162
23	1906
3	5
0	0
3	8
0	0
0	0
30	2
12	448
43	4
0	24
23	70
1	1464
7	14
0	5
0	7
0	0
196	248
2	0
83	0
51	0
110	156
5	13
0	0
163	1988
13	101
8	0
42	53
4	13
0	22
209	0
49	138
0	4
39	101
1126	853
14	333
10	269
383	260
1	0
49	173
234	82
0	0
2	1
53	0
22	303
269	591
82	0
43	0
153	5
174	5
243	0
176	63
14	0
111	192
448	34
61	0
0	0
69	0
26	0
0	328
0	0
149	3
2726	1
1	90
0	0
0	11
25	1
1	52
3	212
22	2747
3	17
4	143
63	269
1	6
1	8
0	1
0	0
0	0
0	1
0	0
324	181
204	26
1385	27
191	4
4	0
0	0
0	0
263	0
1	0
212	28
119	6
226	150
0	3
0	0
101	2225
462	58
14	371
3	46
1	9
12	51
0	0
0	0
11	327
119	220
54	250
0	24
3	42
0	2
16	11
0	0
7	476
0	24
127	35
44	163
0	48
92	1692
103	387
8085	1
18	0
221	50
80	0
8	2
0	0
1644	779
82	0
11	0
37	12
18	592
34	414
388	9
53	256
4033	1741
49	438
320	5
24	0
2288	16
74	37
52	0
569	0
0	2
0	0
242	2002
18	466
40	0
61	115
19	16
7	13
39	1
52	554
176	0
9697	1757
76	0
270	50
0	15
5	9
2	0
0	0
0	8
0	0
0	0
0	0
0	0
0	0
149	210
0	0
0	0
5	13
207	327
1418	0
29	13
2	1294
25	35
0	0
154	0
0	0
0	2
0	0
41	24
35	0
2	28
3803	0
110	0
2182	0
3	10
0	0
2	0
143	389
0	0
0	0
0	9
2	44
0	0
0	0
3	3
1	0
6	161
4	45
619	559
4	5
0	0
0	92
0	39
1	2
0	2
6	1
64	224
0	13
0	47
3	0
0	0
0	0
16	0
3	0
0	0
9	0
151	0
15588	567
0	24
0	0
0	6
0	0
0	0
2	9
0	0
190	101
105	146
2	69
98	194
297	0
4	89
40	1
222	0
3	1647
15	0
31	0
606	492
41	0
511	0
15384	672
158	47
2	5
77	6
1065	0
1171	0
700	0
1798	100
0	0
4	0
0	0
2	12
60	25
13	2
36	8
255	41
48	206
1	0
4	7
1	0
20	2
2	0
2	0
13	106
424	18
51	16
9	28
7	37
0	1
24	225
0	0
0	0
514	65
2	1553
15834	0
383	52
859	27
0	39
0	290
5866	2
375	5
0	0
95	26
134	0
166	0
103	284
45	0
0	0
0	0
114	1994
0	0
250	58
77	456
753	517
158	75
37	1085
16	10
0	0
0	0
0	11
1	0
0	90
0	0
0	0
0	0
16	145
0	2
163	3575
0	0
0	0
63	24
95	534
100	0
37	16
0	3
166	240
0	34
291	99
59	7
104	90
49	782
1	0
0	10
6	24
255	49
31	0
16	141
995	397
0	0
0	12
0	0
22	1
90	0
5042	1172
1943	144
0	0
3	1
0	0
0	29
59708	4
47	0
192	52
86	14
9	0
13	0
8345	0
135	0
0	0
0	65
285	1
0	0
206	649
48	196
126	7
3926	186
87	31
192	946
798	65
1627	830
3240	830
43	266
1	34
16	149
5	214
5	253
4	44
43	5
0	0
0	0
0	0
0	0
1	2
85	28
1337	1
54	241
195	369
8	0
81	15
148	0
107	0
36	1635
147	291
34	0
12	0
96	38
276	92
1027	9
1	93
78	0
1247	185
16	30
228	204
3711	0
42	68
0	2
29	0
0	0
0	0
0	0
0	19
4	0
423	2887
44	105
2466	268
327	0
26	0
648	0
178	1201
1522	0
0	0
5	15
222	897
0	0
345	68
57	0
0	0
1	29
0	58
746	1147
0	114
1174	917
14	0
115	124
2	0
22	0
33	1
11	1
34	2
79	341
33	1
278	0
35	0
14	0
0	23
104	51
4	73
78	1
313	12
15	134
327	77
70	100
89	0
59	21
190	15
75	94
5	0
55	0
17026	18
614	1
20	0
21	0
1500	0
8	0
0	0
0	0
2430	303
10	114
164	244
278	51
5	527
22	2611
13	1206
28	154
298	1668
60	0
25	11
138	139
64	1582
0	2
5	111
5	106
117	5
950	0
163	0
5968	0
22450	71
1708	417
2347	377
28	24
4	37
216	0
376	64
191	0
610	39
871	45
0	0
435	44
0	0
22	29
0	0
162	0
246	0
94	64
8	0
526	48
60	11
28	0
46	763
12	16
1648	0
711	0
117	0
217	0
0	0
0	0
62	0
1	2
556	46
0	0
0	4
6	0
4	5
16	0
63	5
143	5
1473	428
1144	44
59	0
152	5
0	0
22	0
0	0
0	0
116	130
87	2
118	1800
38	164
68	68
0	0
56	540
12	5
429	357
0	0
3	5
4	0
0	0
1	0
0	0
2	0
0	165
170	364
119	165
32	650
201	10
1799	1971
88	4
246	2
62	316
201	0
216	0
0	0
417	37
273	0
0	3
0	0
0	0
0	0
0	0
0	0
38	0
1173	1
1112	1
29	341
1706	383
17	11
272	16
191	52
5	146
0	0
9	348
0	0
13	202
469	1092
0	63
0	0
397	857
259	0
0	0
30	67
0	0
2	505
112	1112
25	111
45	64
0	0
0	0
2	0
86	215
3431	213
175	5
17	0
0	0
19	29
253	3
46	0
0	0
209	22
81	3
214	78
247	822
54	0
52	7
224	186
92	5
0	0
89	76
0	0
27	0
138	0
0	29
0	3
0	0
3127	8
71	0
14	154
0	0
0	0
43	1631
0	0
0	2
0	40
0	0
35	30
158	21
0	0
22	156
2	0
95	2612
0	0
25	108
482	81
256	35
11522	0
3936	1
252	15
71	1744
20	0
15	215
213	42
0	0
78	52
88	134
18	18
62	3
13	0
22	0
32	2
17	0
0	0
20	0
155	0
4	0
2	0
2	48
32	0
0	0
0	0
75	2213
976	1575
13	192
226	10
1	0
87	5
2	12
19	0
64	19
0	0
59	212
14	0
1	0
1	0
9	62
261	1853
16162	203
22998	0
0	0
1	79
216	0
28	0
138	0
9	0
0	0
0	0
25	34
100	420
5	37
3	0
187	3
0	0
144	0
249	9
277	996
330	109
3721	0
91	1
84495	3
18	2
42	4
42	0
549	0
59	0
1	1
0	142
16	129
3	42
13	366
9	21
0	0
152285	10535
187308	10538
23	129
49	466
5	1
14	133
18	0
77	146
20	1142
68	0
629	34
203	138
52	12
1	372
83	247
15	0
175	260
0	0
21	2
0	0
0	0
0	0
119	3
3	0
0	1
0	2
1	0
0	0
22	78
125	2
4	103
227	1040
0	78
839	0
216	76
142	0
65	161
0	80
12	39
3	0
39	9
412	317
36	0
413	0
0	20
25	126
34	248
8	265
75	2
19	15
11	50
7	40
5	0
0	0
978	491
214	63
286	82
85	1
47	355
0	2
63	118
0	0
13	698
2	561
29	77
16	227
23	562
965	155
0	0
15	119
0	0
13	70
20	0
335	0
1643	20
0	0
0	0
0	0
15	0
22	1554
3120	0
1	711
26	391
27	14
434	100
101	27
0	2
366	839
52218	9
192	3
49	1795
0	3
131	261
5	13
0	8
0	1
0	1
47	1744
0	60
0	0
5	0
7	0
0	0
43	14
0	159
19	4
26	708
30	0
1	0
0	0
2	72
2	3
68	23
763	0
47	0
353	320
547	1444
1	0
159	6
185	1
136	0
5	0
0	26
0	0
15	663
118	9
189	0
59	105
1	0
86	130
2	447
106	0
43	0
16	0
11	418
5	91
45	0
1056	0
8	141
12	480
70	0
299	0
159	97
280	26
14	164
245	0
1	0
26	66
0	0
1829	72
6904	78
74	18
329	3
13	81
0	0
210	12
8	576
0	0
14	0
69	2985
0	0
0	0
3	170
1	2
38	0
106	0
146	169
104	483
81	134
2113	294
0	0
48	0
0	0
4	53
51	0
1036	8
147	0
101	0
426	0
41	159
0	0
116	0
104	89
434	107
163	74
4	1
402	53
12	0
81	0
0	0
1	0
0	0
1030	378
0	272
0	0
0	0
3	25
2	16
1237	1026
0	436
1	51
204	743
72	123
1362	0
20	86
0	1
1	2
0	0
0	1345
0	1
0	0
3	1664
0	0
271	0
0	0
0	0
0	0
677	157
1	42
287	162
746	0
83	0
1	35
143	12
0	0
123	595
0	0
0	0
162	8
0	0
0	15
0	82
0	0
0	0
0	0
0	50
0	0
10	0
5	274
99	7
3	7
566	172
55	2
0	0
214	8
0	0
0	1
41	6
28	5
67	0
53	5
62	282
518	0
33	5
86	2139
0	4
15	0
0	1
18	1
9	113
0	0
0	0
0	0
0	0
0	0
0	0
3	0
0	0
1	0
17	0
3675	1894
15	628
0	0
27	267
356	66
318	0
131	1
154	1
50	18
0	0
903	0
253	212
371	37
0	33
189	422
1	10
45	149
8	48
2578	0
43	0
150	10
0	0
1	666
2	3
24	82
0	5
0	114
0	14
40	2244
33	64
0	0
0	51
0	0
28	0
80	15
37	221
24	41
101	3015
1	17
0	1
1027	452
7	410
1	7
3	135
0	0
0	0
0	0
0	70
0	0
0	0
0	0
509	207
0	0
0	3
0	35
0	11
0	0
0	0
548	602
3	0
32	186
177	1411
4	10
0	201
0	0
40	4
848	0
0	0
61	0
18	2055
0	0
0	1388
44	57
94	69
162	26
0	0
100	0
14	350
12	800
2	549
1	0
5	4
7	256
40	0
37	0
0	0
153	278
1	2
0	28
234	2
418	0
0	0
38	2
173	176
148	194
0	11
0	0
107	0
3004	0
118	872
5	34
0	71
49	25
129	0
93	1588
506	0
144	0
0	0
49	1
4	8
0	0
3	693
201	0
0	0
313	577
28	0
76	3
17	176
10	1626
0	0
49	2
20	1
17	281
28	0
20	37
0	0
0	0
0	62
122	17
153	153
0	0
384	236
224	8
2627	520
92	0
215	85
0	0
0	0
504	578
24	164
0	83
0	0
2	4
2	2
5	1
317	92
125	80
0	0
6	1
0	0
264	0
2	0
0	0
42	0
4531	66
0	1
216	79
5839	0
806	0
960	152
0	79
126	0
210	0
0	0
0	419
3	0
0	0
0	59
6	819
0	152
373	97
1	10
0	19
154	1
0	0
4	167
116	338
2	280
1	16
59	64
42	0
0	0
0	3
159	297
27	22
0	0
41	139
270	1893
0	0
0	0
0	0
42	0
0	0
770	92
1023	2951
24	198
0	0
1026	7
154	306
137	0
506	0
2	0
13	245
36	993
0	0
38	2
95	0
0	0
129	54
530	183
251	97
214	221
973	0
0	0
169	0
49	65
39	36
0	7
0	0
19	5
144	867
70	57
39	128
23	459
1	309
85	73
98	0
19	123
884	0
30	0
0	0
3	0
33	68
389	0
303	10
787	54
84	54
387	2
701	4
274	4
0	0
0	0
301	4
380	585
107	0
55	2072
488	0
180	0
1	1
0	0
0	32
0	0
0	0
62	4
694	20
844	0
550	5
0	0
0	0
56	0
2	0
1	0
0	0
0	0
32	0
0	0
2	15
6	63
28	2038
3	97
141	0
2	36
4	2
1	299
0	0
22	56
6	11
0	0
74	6
0	0
136	10
159572	645
12471	639
0	0
0	0
19	85
0	0
300	774
47	71
18	88
19	1044
85	0
89	0
965	397
0	0
0	12
199	25
13774	0
6	254
373	55
0	538
1	24
65	205
110	368
57	809
22	50
7	0
0	0
0	0
1	0
0	1
0	22
14	0
2	102
24	105
37	0
3	5
1415	107
5	28
0	0
120	42
9	0
4	0
1227	0
5	7
0	0
29257	1853
0	122
16	236
0	853
0	0
0	0
0	40
0	0
1	0
44	494
1	146
0	23
0	7
0	0
1	0
2	0
49	7
67	164
389	303
0	0
10	2
0	1125
0	0
11	88
11	196
0	0
56	934
2	3
0	9
1	0
0	0
0	0
0	0
0	0
5	134
0	0
0	5
206	0
112	128
139	22
27	31
362	832
849	185
2	38
11	8
0	29
29	90
0	0
0	0
1	3
0	111
89	0
0	327
22	0
4	16
0	1014
0	0
0	0
0	0
163	1
0	0
604	190
2	1374
0	0
0	0
0	0
0	0
18	4
178	189
1	1
682	0
45	0
161	0
10	26
56	1
0	0
106	0
240	784
12	0
49	44
0	0
3	137
0	2
299	0
0	0
0	75
36	372
23	0
45	244
0	0
94	4
12	4
2	16
22	118
2732	0
3723	27
91	0
483	0
69	2
110	59
0	0
0	0
0	0
663	0
6	1067
932	62
2	43
97	7
86	0
64	1
51	1481
0	25
0	11
722	150
0	0
0	0
105	1538
1214	319
0	0
0	0
4	13
0	0
101	1188
29	9
25	111
16	130
0	0
0	3
125	236
20	1
122	39
0	3
0	0
29	270
209	4
100	0
516	0
31	0
0	37
79	204
0	0
551	20
302	520
3	170
0	4
26	3
2	61
6	309
248	332
272	37
130	347
3623	0
30	2
6	8
5	1617
0	0
0	38
0	6
3	10
1	0
765	4
352	91
413	6
100	2
141	5
443	42
0	0
0	0
0	0
0	0
0	0
2	0
68	3
101	2
0	0
0	24
1	0
796	21
623	3
647	1452
35	0
679	2281
51	92
190	41
152	3163
16	0
0	0
33	22
48	0
37	0
0	0
43	0
52490	2
95	28
24	6
11	18
0	8
0	21
0	0
11	58
0	11
0	0
134	221
857	264
5	314
0	131
104	5
31	390
0	0
26	0
17	38
292	0
23	15
6	23
1	0
1	0
0	0
1	23
3	5
18	223
0	0
1	7
0	0
90	1371
359	0
47	0
52	10
237	0
99	0
833	74
273	0
11	1
20	0
36	0
64	0
0	0
0	0
1	0
2	2
131	2
148	0
237	0
108	4
8	0
547	0
735	122
147	0
386	0
201	2794
4	18
2	0
0	0
0	1
23	4
13	116
519	0
26	1099
135	185
94	273
15	576
2	0
0	0
0	0
0	0
48	15
163	116
1	39
6	2
1514	0
95	0
4	0
0	0
122	0
9	15
8	68
55	21
223	10
8	0
646	12
5	24
17	21
6	0
0	584
27	47
0	27
0	264
10	0
237	0
0	7
0	2
0	16
33	40
90	52
469	179
92	0
0	1
14	328
0	3
1652	97
1	0
76	0
746	0
54	212
1	244
3882	48
479	0
69	126
1	1
17	0
109	23
1	0
1	114
273	0
204	47
0	189
5	82
4	2
0	0
1	0
0	0
0	0
11	148
128	256
9	0
0	0
0	0
173	7
209	0
8	0
52	22
0	0
46	394
162	0
8852	349
10131	0
671	5
1	2
43	87
96	282
493	4
51	0
125	0
192	1
25	199
64	0
350	2
125	213
185	0
0	27
0	293
0	0
0	0
767	31
20	0
859	551
408	144
160	4
51	0
32	0
121	292
71	0
8	499
252	0
13	460
0	0
121	31
0	0
0	1
0	0
0	0
7	0
2	0
11	16
318	0
4	173
10	94
0	0
2	3
0	4
0	0
18	1
0	0
207	100
107	25
23	0
0	0
46	332
417	934
0	0
13	59
0	0
0	0
0	0
25	750
0	20
0	0
0	0
59	0
132	0
171	267
7	0
5	47
2	0
52	2
0	0
0	0
140	0
0	3
23	1
3	1
2	0
0	116
430	1528
0	0
12	166
0	0
0	0
0	0
1	0
170	278
0	25
0	0
0	0
25	1351
11	0
0	49
0	0
24	0
20	0
358	0
2	88
0	16
27	1161
256	0
1	40
95	0
1	0
34	1869
0	6
2847	0
9	351
0	0
10	0
0	0
254	908
79	456
31	35
23	808
44	504
67	648
481	93
3	0
0	0
26	206
16	2
0	0
2301	5
163	0
242	401
231	225
8	34
289	399
396	24
19	87
0	14
4	2
5	80
3	3
0	0
1	1
1	0
1174	126
626	12
460	0
148	0
58	1
135	267
1988	1577
0	21
2	38
2	1
25	78
18	313
0	36
6	0
0	0
0	0
9	11
80	86
65	0
93	341
29	0
0	0
686	3
0	14
51	0
0	1
10	107
0	5
59	155
2	7
13	222
20	33
38	333
331	0
20	1557
2	61
0	0
0	0
18	0
168	0
0	0
1	0
2	3
371	0
1098	0
24	0
256	0
4157	0
315	0
202	0
104	0
392	0
191	21
150	377
214	101
2396	2
446	0
21	0
2	0
1	0
1	0
301	110
165	301
15	72
130	141
9	61
48	0
1327	885
15	0
126	125
83	0
31	150
0	0
3	10
0	0
45	0
182	14
227	76
7	0
2	160
251	5
0	0
0	0
29	221
1	5
0	17
21	0
0	0
169	770
0	0
23	90
170	13
24	449
30	19
0	5
0	6
1	4
1	88
0	0
0	0
12	0
41	158
63	158
0	652
54	62
29	2
88	64
24	2
171	406
0	0
9	54
67	591
0	0
1267	38
15	1
0	0
1	210
0	0
2	3
2679	532
0	0
0	0
201	40
3656	427
277	272
0	0
22	0
69	23
25	796
67	8
5	243
0	0
3909	2086
37	0
76	0
87	1753
4	0
63	0
14	0
304	0
0	0
24	0
232	268
0	0
17	0
5	365
287	183
357	0
0	0
0	0
11	26
15	26
140	174
0	0
2	56
0	0
0	0
1	3
35	163
9	0
129	247
0	0
46	0
157	99
2406	0
753	137
0	0
9	92
4	156
0	0
0	0
170	2
808	30
7431	0
12	0
556	601
15	0
2	0
2478	974
168	19
165	6
4	0
4	161
103	60
2	1
0	0
0	0
4	0
77	5
21	0
148	2034
86	0
7	517
522	0
9	309
15	420
0	3
183	128
0	0
0	0
17	9
2	329
0	0
0	0
170	1
96	115
193	93
0	3
165	17
8	263
0	34
27	384
0	0
0	0
0	0
0	0
2	4
117	0
96	190
6	12
496	149
0	0
0	0
2	0
61	0
85	0
95	1224
5	0
151	0
0	60
9	109
0	0
0	0
74	518
531	0
410	0
881	0
34	0
52	0
369	6
0	0
0	34
0	5
175	7
76	1404
15	1
263	19
5	134
216	163
38	8
276	278
27	0
0	0
0	4
322	33
18	85
0	0
621	22
1299	2
682	0
298	914
5	1
14	2
1	48
0	1
0	0
8	39
0	0
66	98
0	0
24	0
297	1
192	0
232	64
503	172
26	0
161	32
3612	17
4297	17
110	63
30	13
56	0
189	183
112	29
20	0
54	0
128	6
2	225
109	0
54	20
0	13
0	0
0	0
0	9
5	1
0	147
0	0
7	0
432	955
135	0
297	78
144	132
39	36
229	224
4	93
2781	1
0	31
4726	53
72	0
0	0
58	0
402	0
0	0
0	0
9	163
2	21
0	0
0	0
0	37
12	605
2	5
247	155
24	52
391	37
0	0
6	0
263	460
2182	2551
0	0
4	436
0	19
0	49
3	0
1	0
0	0
0	0
16	32
10	0
0	0
0	0
0	0
0	0
39	0
0	0
0	0
0	84
138	0
2	0
0	71
18	189
45	68
35	866
0	740
0	0
0	1
1	157
4	76
0	30
1	0
156	0
1	0
1	0
133	0
48	0
258	185
7	1
32	123
0	0
57	0
104	107
723	7
93	25
9	211
0	0
1513	105
3	241
0	0
0	1
0	0
2	61
115	189
62	561
138	0
548	0
50	0
0	0
371	858
0	7
0	0
12	169
0	6
208	140
0	4
136	221
15	17
90	33
282	5
52	102
9073	1008
18	110
0	5
1	33
0	0
0	0
386	0
32	46
0	1
0	0
4	0
0	0
0	0
14858	106
184	61
19	0
2938	0
232	0
369	1334
82	0
1	0
58	9
0	317
0	0
2	28
61	0
501	0
0	0
0	157
0	0
4	766
0	0
0	0
4	187
1	0
0	0
0	0
41	17
1	0
128	97
154	53
0	862
18	48
0	12
19	2
0	15
62	333
210	155
31163	1
102	291
10	0
5	66
52	228
22	82
0	3
40	2092
6	22
1	838
0	32
22	92
170	121
0	0
21	0
6	31
0	616
62	1199
265	0
339	150
230	0
34	32
72	24
73	116
6	2471
3	1
0	0
3	25
0	0
1	0
99	293
11	0
1	7
108	353
39	97
0	0
0	14
22	37
13	218
0	0
0	55
0	185
66	140
0	25
0	0
3	0
309	223
86	0
76	0
64	0
2	37
740	7
64	13
24	169
0	3
49	93
0	0
0	7
8	11
2	14
0	0
2	51
7	168
38	10
235	0
6	193
206	0
17	724
306	2
339	1163
6	32
0	0
3	0
6	385
0	216
14	1333
0	0
0	0
3	0
6	199
76	5
20	166
2040	0
24	17
107	3
150	57
3	0
26	576
13	124
53	85
178	480
148	140
274	427
787	0
51	280
0	5
0	284
0	25
52	55
46	49
0	5
26	3137
3	1
423	87
701	1036
53	72
34	268
380	3017
73	13
45	657
46	0
120	135
551	396
0	4
0	0
12	0
0	0
1	0
10	79
0	21
1	12
0	21
1	79
0	0
0	0
16	282
1	70
578	83
800	160
15	0
0	0
385	378
1	0
2	0
1	0
0	120
2	41
0	50
3	0
1	174
0	0
0	0
0	40
203	0
1794	528
74	42
1	115
64	10
10	44
0	0
1	30
237	280
1881	22
0	0
1	0
0	0
2	0
109	0
100	0
160	0
355	336
12	24
93	267
4	0
4	0
11	0
6	1260
921	147
83	377
56	0
90	1051
1	13
1	3
8	99
24	160
2	0
142	20
12	1
3	0
87	64
48	0
0	0
0	49
151	18
532	215
0	0
229	1599
16	31
101	0
23	0
1	517
253	277
77	7
894	0
174	75
134	55
6	514
4	0
9	111
6	0
5	553
0	0
4	0
3	782
1	0
1	17
144	1060
4	92
83	13
2	7
12	15
14	5
29	0
0	5
55	0
1	0
421	16
82	0
90	76
166	19
24	252
14	482
2	0
0	41
2	13
0	0
2	0
0	0
0	0
0	0
38	20
0	0
554	248
26	501
2	66
238	0
0	0
6	60
1	0
99	0
69	274
109	14
2	3
25	100
11	26
1	151
0	0
0	0
142	0
5	105
0	29
32	0
0	1
21	88
8	63
0	41
106	1119
14	0
5	262
84	1702
0	0
167	3
407	0
492	188
6	6
30	12
43	0
0	7
0	0
0	0
0	0
0	0
0	0
29	156
9	88
310	171
71	136
0	1
0	0
0	1
0	507
68	27
0	0
143	0
4	19
0	0
8104	890
90	0
1343	412
676	736
66	42
0	0
9	68
0	0
0	0
476	0
0	0
14	34
0	0
0	2
35	2593
1	9
379	1076
72	46
2	25
19	47
109	142
205	401
700	0
161	1086
26	1
17	1
8	45
39	101
154	344
0	0
0	0
0	0
0	0
32	0
9	0
0	0
0	0
2	0
0	0
15	866
1	0
41	24
87	186
0	1457
64	123
645	1189
0	89
140	0
15	64
3	10
9	37
0	88
0	0
0	2
0	0
79	861
346	250
42	72
421	77
156	0
6	1812
1588	6
78	10
3	13
0	0
0	0
2	1759
0	0
0	0
29	1
1	102
27	655
2	33
0	202
4	0
39	46
2	0
27	44
0	0
0	0
0	0
351	0
0	0
0	0
7	1
9	100
1	0
0	0
8	7
198	973
21	0
15	7
113	40
0	0
16	0
2	0
6	0
330	0
54	30
2	58
1	0
9121	0
15276	2
8384	2174
22252	2179
5516	2
10129	3
0	0
0	0
7	544
0	239
391	252
757	0
1	0
0	0
20	332
1	1
0	23
22	0
0	0
1	915
49	514
5	0
0	154
47	95
5	1
6	529
76	0
352	348
343	1060
0	1
0	0
23	0
0	0
283	48
218	148
66	88
1523	0
4	31
1	106
291	0
873	207
252	86
2	0
1146	76
118	114
627	5
149	0
128	105
157	825
5	0
29	14
24	164
765	1
670	294
174	0
425	626
68	1
4	4
2	7
1	332
0	0
0	0
0	0
0	0
149	224
0	18
94	73
1	95
19	291
0	24
0	4
4	255
11	69
224	148
0	0
6791	298
0	0
0	0
0	1
0	2
32	699
0	3
996	0
28	93
21	0
0	0
100	225
1	536
0	0
0	0
0	663
4052	29
93	181
183	74
67	358
11	0
25	2494
0	0
38	7
0	0
1	0
11	35
170	18
86	0
34	795
111	0
25	0
0	0
2	0
0	0
18	223
1	0
37	0
38	0
234	78
395	1023
353	0
181	16
2	0
138	0
175	39
208	0
105	5
37	0
78	0
22	0
506	332
0	0
0	0
4	97
0	0
0	0
877	4
0	0
239	88
81	82
20	591
1	23
21	0
0	1608
1	43
0	0
20	0
195	25
1	0
0	0
277	2
26	1
0	5
885	0
1018	0
36	698
0	0
16	196
0	1
0	735
31	1016
15	598
65	984
234	744
22	133
0	0
3	28
27	353
563	316
0	0
0	0
0	0
0	0
0	0
0	0
58	5
0	0
0	0
0	0
24	65
8	2625
0	0
0	3
7	96
23	162
0	158
9	96
15	198
0	0
48	105
0	0
0	0
30	102
0	0
0	0
0	99
196	31
9	123
20	0
0	0
0	0
739	43
0	0
0	0
0	0
38	181
553	133
75	510
182	177
16	0
0	0
5	959
10	501
77	958
118	71
140	0
0	2
0	0
599	325
211	19
130	9
1	0
8	0
29	2
42	0
51	2
40	462
4	3
0	3
28	0
39	0
0	0
0	0
69	1
48	0
3	0
69	0
4	0
36	0
9	0
21	0
0	9
9	0
0	57
0	1
0	57
4	57
0	9
42	25
34	83
1295	1
202	0
234	2
5	32
98	116
100	0
99	89
223	179
163	0
0	45
95	161
30	0
152	0
0	0
77	0
0	0
0	0
0	0
0	0
0	0
0	0
277	0
949	201
0	0
0	0
0	0
0	23
261	908
26	0
90	0
0	0
251	2228
5	24
60	9
0	0
26	715
24	1762
0	0
70	314
159	55
179	11
107	11
520	3
546	0
85	99
1	1
0	14
0	25
9	133
29	32
2	7
0	100
2	0
4	8
138	0
263	117
0	0
342	8
189	4
77	43
257	43
288	13
9	326
3427	0
66	1352
11	211
74	110
2	0
1	0
66	444
0	0
0	0
0	0
0	0
1	174
10	75
0	0
0	15
3	18
0	0
0	0
96	0
188	0
107	0
73	0
34	58
168	0
2	5
37	712
0	7
17	139
30	0
599	707
30	348
44	37
4	0
37	0
237	2451
6	10
0	30
0	20
13	1018
6	5
0	5
5	2235
16	86
44	13
23	53
0	4
7	194
6238	0
0	0
0	0
5	1
157	47
121	0
116	10
3	7
14	324
411	968
6	20
16	6
0	2
21	1232
1	2
92	0
3272	28
12	124
66	684
0	0
0	57
0	0
2	0
29	44
0	2
0	0
5	0
719	0
66	0
193	162
6	0
0	0
2	0
116	214
6	3
1	0
0	0
3	37
203	0
0	101
0	0
89	40
0	23
26	53
9	0
106	29
0	21
3	120
0	0
142	0
4	95
44	5
30	139
33	243
0	111
3	39
0	76
0	0
0	44
377	165
30	469
623	1799
34	8
145	16
73	402
29	25
0	2
2	102
7	0
53	79
137	0
20	0
7	527
19	211
0	0
41	398
593	85
451	85
42	233
4	8
29	8403
27	988
23	821
2	11
0	0
0	0
18	336
2	146
94	219
7	1539
36	516
0	0
28	344
2	0
5	90
0	0
5	70
5	29
1	148
0	12
0	7
57	692
45	15
123	199
175	0
62	5
12076	6
1	0
759	0
83	336
0	9
3	27
9	0
594	45
11428	197
0	1
4	1629
0	0
0	32
0	0
4	18
0	90
29	29
6	22
5	19
9	1388
8	56
2	59
1052	464
5839	17
109	10
197	0
443	197
2	0
15	20
0	5
0	13
19	32
0	0
62	0
319	2
9	33
12	34
55	117
0	0
7	17
0	0
2	369
23	477
30	1380
48	10
101	639
92	299
5376	78
0	0
0	28
37	431
8	11
60	140
0	1
0	27
6	29
369	72
90	0
5	0
318	4
9109	1463
4	242
22	4
0	0
0	0
0	0
0	61
11	464
2	11
32	9
586	0
142	5
649	44
0	2
1	0
0	0
666	11
258	0
14	0
200	39
0	0
372	0
5770	40
8	0
5	164
0	0
0	0
0	0
7	3
0	0
21	236
0	0
0	0
14	21
1	0
2	0
0	29
79	0
617	9
9	32
309	73
0	0
0	0
1	0
4	151
71	311
3	0
925	96
119	168
3	21
0	0
0	0
472	497
0	24
0	0
0	0
0	0
0	2
178	601
0	2
106	9
2	2
9	376
0	6
164	71
5	48
3	133
49	87
3	9
0	0
0	24
0	2
2	171
185	60
28	17
106	219
13	81
63	5
2	80
5	0
2	40
1904	129
271	0
0	38
68	75
87	23
1047	1876
0	0
16	101
1	40
0	4
7	20
689	52
2	19
0	0
0	0
0	0
0	0
0	0
0	0
0	0
0	12
1737	1
0	0
419	111
82	43
112	428
160	16
20	0
186	0
0	40
0	34
1	361
5	0
10	28
56	269
4	0
55	17
0	0
0	0
0	0
0	0
0	0
26	2
262	350
392	417
12	0
0	0
34	1
0	4
3	11
0	15
171	177
0	4
2	11
68	0
1910	0
1229	1901
2	12
338	529
160	18
13	0
1883	0
294	0
42	0
44	0
8416	703
1368	25
0	0
0	0
0	0
0	0
157	75
4	0
153	8
262	248
0	52
42	178
33	0
795	137
583	256
1209	1698
0	0
0	9
1	2
0	0
0	0
0	17
0	0
0	0
0	0
100	21
0	0
65	914
15	14
439	55
168	6
42	0
70	17
5	138
46	612
0	0
4	33
0	0
0	0
1	0
0	0
30	535
5877	3
130	3
41	30
9	0
4	296
201	348
0	0
20	1
0	1
488	9
1240	59
716	1740
91	2
122	105
68	8
760	62
24	0
0	0
0	0
0	0
88	0
29	97
2	18
118	0
114	71
16	10
357	784
6	2
0	0
0	0
38	176
3	363
190	0
427	0
0	0
7	978
0	0
5	23
1	0
22	237
169	0
100	2
3	1
0	3
1	11
1	5
0	0
0	0
0	0
0	0
0	0
49	1
13	4
66	0
116	1
471	24
220	1
32	408
0	0
1	0
0	0
2	19
10	12
0	0
0	0
2	0
61	633
0	0
135	1
2	96
0	0
1019	0
29	4
138	0
235	98
426	1445
3	1457
71	0
0	0
9	1469
126	0
23	0
1052	19
0	0
0	0
0	0
5	13
0	0
185	392
340	0
72	14
0	2979
59	261
0	35
259	165
323	1
0	256
0	0
37	35
9	4
0	0
13	1637
0	10
0	0
14672	9
0	0
0	0
0	46
0	0
36	123
22	115
2	61
2997	284
622	0
8033	0
10	0
48	1
3	0
19	327
3	8
0	0
0	0
0	0
28	821
0	31
119	270
0	296
346	91
5181	369
19	0
39	224
0	6
0	0
2	4
14	6
3	36
99	63
501	1292
84	0
36	11
0	0
0	0
0	14
13	69
85	587
6	2356
0	0
0	0
43	3
76	223
29	20
33	887
0	19
6	6
132	0
114	103
0	0
237	26
2	653
0	0
3	34
57	1238
0	0
0	0
5	0
0	0
0	0
0	1
4	0
4	0
288	0
299	128
88	0
53	0
18	17
6	29
10	111
51	167
15	115
0	0
111	364
91	22
149	0
177	286
2	2
0	22
0	0
0	0
4	390
8	34
0	0
39	84
30	0
69	0
1607	0
2269	0
240	1539
0	0
12	2
514	0
9	6
2	1
0	0
0	0
37	1
22	0
61	15
43	203
1	0
1	1
0	0
0	0
2	0
58	9
74	231
444	1661
22	253
214	22
12	1997
7	387
450	63
0	17
390	1303
0	14
256	96
0	9
11	189
4	0
882	36
12	23
260	5
5598	249
0	132
2	1
3	0
334	0
5	10
0	1
8	3
647	1737
29	115
1	1
0	1
32	7
399	0
0	50
14	385
11	491
0	0
31	103
1	0
36	0
40	0
44	0
65	0
0	0
0	24
64	1932
0	1
0	0
109	32
46	2
245	2
18	519
6	0
0	0
0	154
0	0
63	0
5	84
3	1225
76	76
2	0
0	26
10	299
32	26
11	696
7	143
19	824
643	0
104	0
111	152
9592	0
75	0
46	6
141	1
329	1
0	32
621	0
308	1
3	9
0	0
259	37
0	0
64	285
0	3
0	0
2	0
0	0
13	41
83	333
5	667
130	884
135	115
0	25
308	13
504	10
4	473
4	91
49	11
3	10
0	0
1257	15
0	0
4	148
109	131
24	2990
1	657
242	7
0	0
2	257
4	0
2	56
17	403
0	0
0	0
11	0
24	143
18	793
103	324
38	221
0	9
0	0
0	27
13	156
297	247
52008	5
25805	3
40	3
637	0
130	6
106	83
13	32
0	0
0	0
0	0
6	2
455	274
6	133
130	66
24	273
32	731
209	0
629	14
0	4
82	0
533	0
7	0
34	2
37	921
19	533
3	54
2	12
742	0
38	246
0	9
0	0
1	24
0	0
0	0
0	0
0	0
51	44
53	53
101	21
3	280
154	0
876	21
132	0
0	1
1021	0
166	0
0	0
1	4
36	31
52	0
252	640
8	132
98	51
68	0
3326	9
0	0
3	0
0	0
0	0
10	11
25	1788
14	52
384	1664
27	6
1275	656
1068	0
65	108
7	135
94	0
0	107
0	0
2	0
5	48
238	79
627	591
0	0
0	0
3	283
4	165
38	274
22	0
102	28
152	43
23	2
44	1802
1	262
10	142
32	66
36	1
0	0
0	6
4	6
1	83
1	0
32	1
894	739
20	0
24	0
0	68
0	0
0	3
25	753
11	31
323	0
0	429
0	0
0	0
0	0
0	0
2	0
0	0
0	0
0	0
60	38
273	0
284	40
944	0
1536	1
313	90
166	1328
330	4
7	116
0	8
2373	0
1628	1
48	0
3237	0
146	140
6	97
116	251
602	1
0	0
6886	251
64	0
110	0
3530	0
149	0
12	3
6	10
0	0
4	629
0	0
1	0
123	259
98	0
156	977
29	193
0	0
177	0
933	445
130	11
1509	219
2752	132
2	60
801	20
1	19
14	22
30	377
0	1661
636	323
45	0
87	688
0	6
497	120
63	0
125	0
78	1012
0	0
0	0
19	452
0	0
5	0
1	0
0	0
47	754
2	31
1	0
12	0
2	1
0	1
13	1240
0	0
0	1
0	0
351	18
2	3
0	0
0	0
0	28
19	8
52	0
479	0
0	0
234	85
34	0
4	0
1	0
21	1899
744	321
22	0
0	0
371	65
141	17
0	0
515	37
80	0
0	43
2	1264
0	0
0	3
0	0
1	0
0	0
0	0
8	0
0	0
4681	3
2539	6
1	13
1732	83
117	0
404	1
0	0
0	0
0	205
3765	83
4	34
0	0
0	0
1627	54
32	234
24	0
34	82
375	1039
2	0
15623	1
15	20
1	0
18	90
0	9
503	0
930	54
73	87
7	24
53	0
522	0
7	0
0	0
1	0
2	0
0	7
0	0
0	0
0	29
1	36
14	349
28	261
5	0
99	620
246	226
318	38
0	0
6	2
158	166
892	37
1	0
37	94
0	132
75	0
0	0
28	29
74	15
63	1707
29	64
25	0
1710	17
74	140
3	651
0	19
146	2
0	12
194	2
24	119
36	35
22	7
0	0
2	6
0	0
0	0
0	0
31	26
0	0
383	0
104	0
0	0
0	0
324	3
1	0
1	0
1	0
49	1096
0	0
0	0
0	0
456	186
16	0
78	1
48	76
1	0
0	0
0	0
0	8
0	22
1416	0
16	57
141	96
0	0
32	109
308	57
32	55
0	0
128	0
5	2
0	0
0	0
0	0
0	0
2	1
280	556
0	0
697	23
77	1598
60	168
218	82
105	2
45	16
8	0
0	2
170	62
110	1
0	40
240	1
7	74
1	1
21	6
0	0
12	16
40	21
37	18
0	0
41	0
95	0
0	0
0	0
0	3
17	0
0	0
0	0
0	0
0	0
0	0
0	0
172	51
37	6
1	0
57	60
0	0
28	1309
23	41
2	0
34	264
9	73
0	0
0	2
6	548
1012	42
144	576
4	0
1	53
397	365
9	29
1	0
0	0
0	0
0	0
0	0
0	0
9	0
78	72
0	0
0	0
2	364
0	0
4	0
724	3
0	0
16	1076
2	9
155	2
111	660
0	0
463	22
3	13
4	1
228	10
61	121
412	1923
55	0
6	195
62	133
9	57
36	1888
32	83
833	0
88	133
254	0
38	34
1	19
0	0
1828	68
23	5
245	0
320	0
208	0
423	0
3	4
22	538
10	18
0	0
351	939
0	0
39	429
139	13
21	113
17	6
478	18
54	0
146	99
334	3
39	2433
30	0
180	29
41	62
121	25
0	0
15	1299
128	0
31	0
1095	28
1958	154
180	0
0	0
121	25
14	29
195	6
31	161
2	3
0	13
2	7
55	0
51	0
1	0
7	26
154	12
0	67
2	128
0	14
0	0
348	57
948	3
377	0
162	0
0	790
0	873
10	46
0	0
12	573
2	198
0	21
2	12
0	6
1	6
0	0
0	0
2	8
0	0
0	0
0	0
2	0
1	0
427	0
172	0
0	0
94	104
27	95
744	18
9	104
785	636
492	0
73	64
53	18
0	3
505	2122
0	0
5	1
574	0
25	0
1	184
99	142
5	56
0	0
778	546
3	0
24	0
290	0
124	0
0	26
508	1160
375	67
91	0
61	0
22	148
820	144
1	2
0	0
0	0
0	24
17	5
0	0
0	0
155	0
0	0
0	0
0	0
12	243
5	402
93	1
80	0
289	42
3	0
1194	910
71	0
7	55
537	0
247	13
267	105
155	1
330	1469
138	78
251	4
2	4
6	141
236	6
37	179
2	3
43	17
155	7
0	5
41	211
1	13
0	0
1	0
12	49
19	111
2	0
38	105
10	12
0	0
0	0
4	6
42	2
153	526
230	0
28	2
11	197
0	0
4	90
75	3023
0	0
127	2
125	3
253	0
0	0
5	976
47	53
0	0
336	6
6	17
64	3
1	0
0	1
192	411
122	49
0	10
635	1
8	19
1	23
7	0
65	8
0	0
0	0
153	0
9	4
1758	691
115	0
0	0
0	0
3	1
184	768
0	16
0	987
9	15
0	14
2	182
0	0
3	0
2	32
0	0
26	83
0	2
1	5
1	25
1	76
1466	0
3	0
91	0
0	0
1278	39
118	0
2	4
75	226
414	21
0	0
75	204
844	146
0	0
0	0
8	0
9	0
0	0
151	0
2	2
96	121
792	185
71	0
220	0
120	0
64	55
229	114
97	169
1327	0
113	112
179	280
394	882
12	1416
532	260
39	1
147	0
12	278
15	64
0	0
737	0
0	0
0	0
18	313
0	0
45	94
686	1260
52	140
101	137
750	109
16942	2
32	2
140	115
0	0
319	0
214	862
186	0
53	0
51	30
130	449
1	0
43	20
111	0
115	6
0	0
48	974
20	449
2	286
0	64
2	0
12	21
1429	0
67	0
121	5
32	70
33	680
0	0
218	89
64	0
149	0
693	275
392	0
7	18
2	1
10	547
2	25
0	5
153	587
13	363
1	54
328	130
0	32
2	50
0	149
1	11
77	956
0	12
223	1091
85	146
0	0
82	553
0	0
51	69
82	0
2	766
0	0
0	0
1	0
69	278
29	3
0	0
11	88
155	1642
0	0
10	101
0	1
15	0
914	0
224	2731
124	1987
221	172
102	428
27	89
13	3
27	290
316	1026
13	122
829	1265
51	83
0	104
1	32
2	1
0	12
3	51
64	0
43	0
3	0
65	52
0	953
253	2442
0	4
0	0
13	411
56	0
128	2
273	1748
1	0
34	550
7	96
484	1402
68	27
3	502
120	0
288	0
7	6
28	594
300	174
3	2
0	16
0	0
23	25
0	1
2	4
1009	97
21	12
0	18
29	22
54	75
3	4
59	132
333	1979
34	540
35	72
46	288
58	1432
81	58
124	36
35	64
3744	0
24	34
158	16
161	0
55	0
138	1227
140	0
162	2
0	0
2695	0
217	0
0	14
0	2
34	527
22	42
24	37
235	0
746	0
4826	479
294	0
1	510
2	137
1	329
0	0
0	0
0	0
0	0
6	0
1	492
273	386
0	0
19	3
2	1
21	106
3	12
323	887
92	358
455	0
183	172
45	0
0	0
40	139
0	7
562	115
107	84
256	1695
129	14
0	0
0	0
4	3
520	1
3	36
23	37
1	15
14	56
28	256
17	0
0	0
0	0
0	0
0	99
6	98
111	0
2	0
300	8
15	0
33	23
6	5
3	161
39	117
0	0
0	0
8758	75
0	0
5	318
0	0
8	127
1	0
0	0
2819	20
55	87
551	459
8	4
0	283
0	45
146	420
35	149
508	15
35	1042
993	292
295	24
128	2
0	0
31	213
9	1848
0	2
9	119
0	2
20	15
0	181
235	42
123	0
144	0
0	16
8	199
25	452
2	0
9	231
0	0
2	14
16	6
14	611
0	36
10	1
98	6
217	13
121	0
61	50
111	1
3	63
5	48
2987	11381
3730	11381
73910	3
17492	0
24	12
61	228
189	72
0	0
0	0
248	535
125	293
86	13
65	0
503	512
95	1
15	122
0	0
91	0
52	594
73	69
132	0
39	0
24	128
1509	0
7	0
1	5
273	1454
507	0
0	299
0	0
0	0
1720	0
1353	9
182	21
106	23
9	27
188	0
318	488
129	303
26	31
26	92
467	0
141	0
0	0
6	554
45	56
1	0
127	221
146	199
17	0
103	0
13	0
160	0
57	0
7	0
12	1
0	0
47	22
312	0
2	0
0	2
0	15
2	148
1	3
0	0
68	663
237	2
1	2
0	1
186	16
13	179
0	1
0	119
111	0
2	65
291	0
221	0
0	0
0	0
0	0
14	108
28	0
1	0
62	284
99	43
2	16
0	138
0	0
25	6
1	78
0	9
1	32
0	0
9	0
3	6
63	65
7	35
33	480
1	0
280	0
123	61
2	0
24	0
0	0
0	0
5	0
273	1082
1	0
6	504
25	545
281	2838
230	67
711	76
78	0
230	0
1737	657
45	24
95	15
0	0
40	23
1235	19
675	35
0	0
0	0
0	127
0	0
0	0
32	43
12	0
415	0
13	0
35	0
85	798
517	233
0	16
5	0
1	0
4	1
0	0
3	5
99	2655
0	0
0	0
0	0
0	0
0	11
693	0
42	1796
242	187
3	2
117	2337
35	0
173	0
1	0
0	30
440	0
247	1082
1343	92
394	87
9	0
2345	0
0	0
435	452
55955	0
0	0
9	0
1	24
1	13
17	0
253	77
13	0
13	282
81	0
72	130
576	0
17	532
11	41
25	369
4	21
0	0
0	0
0	0
0	0
0	5
6	356
6	454
3537	554
0	0
8	0
100	106
0	0
0	0
520	564
21	52
18	47
667	45
243	37
368	50
34	0
73	111
8	31
0	10
240	846
2	0
0	1
8	41
0	6
0	0
0	10
0	0
1087	23
65	559
72	5
271	735
0	0
953	58
142	768
242	196
51	6
0	32
97	0
992	4
53	160
75	29
13	867
349	0
538	1
0	126
76	2
133	3
112	1
150	1
56	202
40	0
210	1
9	1683
18	0
26	0
4	0
147	0
68	0
224	53
4	3
924	453
25	40
0	0
0	0
51	1509
1276	966
1342	480
54	0
0	903
0	32
3	30
0	0
1	1
3	28
9	904
1	11
0	0
0	0
17	0
0	0
1	16
0	14
5	0
0	702
1	54
43	102
0	0
120	191
17	36
520	110
136	0
180	249
565	124
0	0
493	101
7	309
0	0
11	512
0	0
0	0
24	0
27	25
292	105
105	0
4	0
13	323
210	57
36	443
19	646
227	1445
124	0
6	1
210	0
0	61
106	1
0	200
0	0
3	2
79	167
3	367
113	1080
3	291
39	0
21	161
2	257
0	26
0	0
89	42
46	0
203	148
194	420
9	12
113	0
33	5
268	0
82	0
8	82
204	41
0	0
1	1
0	37
1	0
274	954
0	0
0	13
3	20
2546	5
1538	76
0	0
0	45
0	0
0	0
0	0
0	1
1	0
37	77
0	0
1	0
24	115
4	0
4	0
21	0
131	0
83	26
727	0
295	116
18	55
0	0
10	214
3	4
0	0
1	20
0	0
1	94
813	1
352	315
1	10
95	536
0	117
11	1901
1	0
0	1
3	17
0	0
462	3
0	0
0	0
2	390
7	0
2	142
91	262
5	206
3	295
2115	414
85	53
0	0
5	44
142	38
3	101
129	24
0	1
11	85
0	0
0	317
3053	1657
78	4
13895	32
305	0
5	0
0	0
0	0
63	347
0	9
345	427
1	0
391	90
205	0
2	652
3	344
0	25
68	1
0	0
0	0
0	0
0	0
6	1
232	337
8	0
4	0
243	0
9	16
191	0
3	112
0	18
9	20
0	5
23	4
1	0
3	1
19	99
2	551
27	1
636	24
326	221
35	388
0	3
203	163
0	0
4	4
339	0
193	89
81	0
6	33
208	0
48	8
161	8
977	365
139	0
708	203
710	22
32	0
16	0
2198	22
177	38
93	269
1	50
1	1
0	0
0	0
0	0
0	0
46	0
82	56
0	0
0	0
863	0
126	0
482	0
2919	83
0	66
0	0
0	0
0	89
313	119
0	0
19	1170
88	0
0	0
15	12
154	153
0	0
1464	797
3	133
10	95
4	70
2135	86
0	0
84	99
3953	0
25	1
0	0
0	0
0	0
1	43
272	466
3	0
16373	204
0	0
184	0
59	21
14	521
10	0
0	11
86	63
142	179
469	0
0	151
0	9
2	0
112	271
1	2
0	7
20	1
1405	0
2	0
108	7
1887	115
18	108
60	488
19	361
530	0
0	0
0	4
47	107
38	0
45	327
164	59
1186	47
169	1
0	0
0	2
208	141
38099	1
0	0
243	116
554	1
3	0
317	87
77	2217
54	14
0	0
0	0
24	59
0	0
5	0
44	0
0	0
64	81
0	0
93	518
6	68
121	12
82	272
44	0
124	123
5	0
5496	1266
0	223
1	82
0	12
0	45
4	32
33	0
276	34
23	36
152	0
223	1800
298	0
45	3
764	49
0	72
5	175
2	182
0	0
81	77
53	123
4268	547
25	317
2	64
0	2
0	0
0	0
8	217
0	1
0	0
0	1
172	353
31	145
396	369
6	82
282	0
407	3
1	237
0	0
40	48
0	0
185	681
12	0
43	591
3	0
3	0
181	115
4	2
9	2447
0	29
3	1
0	0
14	0
0	0
55	32
220	0
3316	0
806	11
72	25
18	89
24	18
0	14
7	12
0	0
23	116
0	0
2	293
37	197
0	282
194	188
2	24
23	318
5	0
5	966
1	0
61	48
408	1
4	0
0	0
19	592
155	418
17	70
55	38
13	39
36	1533
0	81
25	85
35	35
0	834
3	16
1	2
0	0
0	0
0	0
9	4
0	0
47	980
307	285
0	82
23	0
596	0
214	1642
16	145
0	1
0	0
156	0
13	4
0	0
29	0
3	6
1716	864
75	0
2	0
2	0
11	0
7	283
4	218
951	88
41	0
0	0
396	651
33	49
372	0
57	21
50	0
1395	0
3131	0
8	39
1436	0
78	718
3	1258
58	0
1	11
0	1
0	4
390	73
11010	23
3	0
3344	20
358	26
1027	0
85	0
0	0
0	0
0	0
407	0
487	0
6	11
7	166
69	0
0	0
0	5
405	0
44	0
31	7
0	0
0	0
1	2
42	7
0	0
0	0
0	0
49	0
54	1192
3	32
11	312
1	0
1	0
0	0
0	193
189	70
379	631
9	0
2	59
0	202
92	30
18	0
401	0
421	4
0	0
28	148
43	41
178	34
29	2111
0	4
0	18
0	1
0	0
0	20
0	0
1	0
7	759
130	948
31	572
0	0
0	0
0	0
471	190
0	0
0	0
0	0
9	173
6	211
146	4
49	1
4	11
2	0
51	194
131	60
495	0
275	0
0	0
92	0
7	0
0	0
1	16
34	258
143	17
110	5
409	276
0	117
0	0
273	5
0	4
0	0
0	0
0	36
0	0
3	3
875	33
198	231
0	1019
227	128
228	151
148	554
0	3
0	0
2	9
1	0
0	5
3	0
10	38
72	92
28	15
16	2318
48	0
3	6
7	2
12	285
0	0
6	185
3	164
6	1
0	1
0	1
693	0
0	12
0	1
1	0
3440	15
0	1041
6	1
1	0
0	3
0	0
0	0
6	0
10	17
54	330
0	2
2	39
53	0
70	148
26	0
9	0
9	116
0	0
118	301
9	2
497	84
144	63
0	0
2	0
1	30
56	87
71	0
1	0
0	0
6	2
0	0
94	14
3	0
0	0
0	0
34	5
69	147
0	97
106	208
80	2
0	0
244	381
0	0
11	2
265	207
156	52
0	0
2901	37
805	128
0	0
0	2
3	35
46	4
12	13
1	119
172	266
0	1
1506	937
78	171
4	71
9	67
470	1
68	0
77	12
29	60
39	8
13	86
0	0
6	0
0	0
46	198
48	0
44	278
390	72
37	0
55	109
159	0
120	34
0	1
23	1619
93	0
8	0
22	36
0	0
0	1
0	1
0	1
0	0
0	0
46	1730
0	8
0	0
1183	19
0	0
7	52
155	651
877	1230
7	8
73	1109
2	8
0	0
0	0
971	36
874	17
9	79
124	149
111	0
480	0
192	161
4	0
0	0
83	1414
0	15
2	10
0	71
0	0
2	1
0	0
0	0
0	288
1	13
10	263
139	0
21	21
160	210
145	716
0	0
398	431
317	0
0	0
0	1
70	51
267	42
182	75
248	67
346	523
0	0
0	0
1	0
426	0
631	1
220	0
1048	123
300	0
500	6
133	0
610	0
231	39
265	230
1270	76
176	11
15	114
130	662
0	0
52	1
6	0
0	0
36	1849
0	1
0	0
51	0
102	11
741	3
802	25
1	0
2	0
68	38
263	0
0	0
448	211
846	13
0	5
0	21
0	3
9	13
191	175
19	538
10	103
4	245
32	99
0	7
0	27
237	1622
12	781
20	0
0	0
782	24
11	0
0	0
1	0
0	0
1	0
2	0
4	0
78	0
496	2139
105	0
48	0
97	0
719	154
868	0
0	0
1092	0
0	0
111	0
2034	27
20	22
0	0
34	1471
374	0
189	89
0	4
8	0
0	0
49	0
0	0
4	0
1	0
0	0
0	0
18	1716
4	752
0	2
0	3
10	416
14	3
190	0
9	0
224	79
117	114
291	0
21	0
49	3
5	26
4	0
29	77
49	128
207	27
16	0
5	0
3	14
11	0
3	0
0	33
3	0
13	235
9	69
0	4
22	4
0	0
13	37
19	724
15	0
87	1
27	0
1	65
0	67
12	3
0	8
0	9
0	23
0	0
499	0
159	5
36	83
92	101
547	0
88	485
30	359
0	0
104	75
1	22
11	0
149	0
5	0
0	1
0	5
123	369
0	0
0	0
0	0
0	0
0	0
0	0
1488	59
38	217
0	0
51	1
47	143
7	219
69	1349
12	24
0	11
2	2
0	1
1	2
8	62
739	83
62	1
0	0
1	7
39	1
168	117
94	0
8	24
0	0
4063	2459
1	1
0	0
0	0
0	0
3	76
474	4
10	0
18	261
0	4
11	12
21	44
0	1
0	942
3	0
2	241
2	173
0	0
1	68
0	13
1	50
89	24
5	0
0	0
24991	77276
0	12146
0	0
0	0
0	0
0	0
0	0
0	0
0	0
0	0
0	0
0	0
0	0
0	0
0	0
0	0
0	0
5	1018
0	0
0	0
0	0
0	0
0	0
0	0
0	0
0	0
0	0
0	0
586	0
0	0
0	0
0	0
0	0
0	0
0	0
0	0
0	0
0	0
0	0
24	109
0	0
0	0
0	0
0	0
0	0
0	0
0	0
0	0
0	0
0	0
1	0
0	0
0	0
0	0
0	0
0	0
0	0
0	0
0	0
0	0
0	0
615	562
1	112
35	142
0	0
0	0
0	0
0	0
0	0
0	0
0	0
0	10
3	0
0	0
0	0
0	0
0	0
0	0
0	0
0	0
0	0
0	0
0	0
0	58
0	0
0	0
0	0
0	0
0	0
0	0
0	0
0	0
0	0
0	0
0	10
0	0
0	0
0	0
0	0
0	0
0	0
0	0
0	0
0	0
0	0
2	0
0	3
0	0
0	0
0	12
38	0
39	40
0	0
0	0
0	0
5	22
1	0
0	0
0	0
0	0
0	0
0	185
0	0
0	0
0	0
1051	140
3	2
68	0
3931	1011
143	9
2133	547
107	558
14	0
2	0
0	0
1	0
0	0
397	346
3	485
0	2
16	189
9	89
4	5
41	25
34	0
97	1468
3	0
1	0
0	312
47	0
26	0
0	2
4	58
0	0
0	41
0	0
0	0
3	298
255	2548
1	191
26	1283
0	5
0	0
39	66
0	0
0	24
38	277
29	2804
3	48
672	1
81	131
36	563
234	2818
0	0
166	29
78	1
223	0
2	743
113	0
5	0
568	0
3	0
144	492
0	88
0	0
30	121
57	112
19	1449
17	492
130	0
0	0
509	350
53	16
1569	0
2449	411
288	196
368	873
6	169
101	2169
1	0
0	0
1	0
5	2
1	0
238	17
0	0
0	0
1287	492
97	0
5	0
0	22
7	26
34	2132
9	133
0	0
74	84
2	0
91	0
220	0
101	1
31	260
176	677
1803	0
2361	0
61	0
93	0
172	91
3	0
3	0
0	0
3	105
0	21
1	50
26	40
0	0
1	0
125	0
0	0
197	3
226	193
0	193
146	0
32	0
20	2
323	0
362	261
230	561
138	50
0	0
20	59
104	549
483	0
15	0
508	20
158	0
341	238
197	487
3	0
24	111
0	0
17	2
1816	194
0	0
376	1194
54	0
0	1
22	101
59	117
287	1278
382	453
0	25
48	706
112	156
129	413
0	0
19	3
0	0
10	0
63	0
20	141
0	0
569	433
0	84
471	1910
318	734
0	0
861	7
4	519
137	3
290	38
47	0
6548	0
29243	1166
0	90
0	218
0	1
0	0
36	11
443	0
4	53
0	41
4	279
0	0
0	0
7	132
0	0
64	266
27	1
1	3
15	11
1197	5
16	5
0	0
99	46
0	2
259	30
22	65
1071	0
1311	0
3	33
12	805
216	1
1	34
0	1
68	0
1	98
101	0
62	0
97	79
75	0
158	0
192	371
107	384
14	42
73	79
1	0
0	0
19	353
2	94
18732	109
0	0
60	0
4	0
1678	0
154	0
2606	2024
5846	4
288	1922
169	8
486	655
95	0
140	0
8730	172
33	223
0	43
67	3
124	7
10	923
6	22
9	1
0	0
0	0
0	11
1	57
3	0
0	0
201	3
0	0
0	0
1735	0
24	18
35	308
1	0
1577	7
638	25
1809	0
315	0
35	141
1	0
0	0
38	118
91	321
133	14
10	2192
15	30
0	1
2	72
32	243
18	0
38	376
4	17
7	674
12727	0
65	0
0	0
13	37
644	629
1	0
0	1
40	0
0	162
10	567
3415	0
0	0
0	21
0	0
0	0
0	0
0	0
0	0
0	0
1753	127
32	0
158	1
40	0
181	322
113	317
105	35
406	14
937	1
57	166
13	0
0	88
3037	1167
0	0
0	0
0	0
10	45
0	0
0	7
0	49
16	314
34	226
3	0
34	2
69	853
0	0
0	0
0	76
301	47
1	3
257	0
435	29
1457	1139
0	396
47	69
0	2
28	0
1300	158
364	285
13	32
8	0
68	0
1693	1
0	0
34	43
0	0
180	175
110	304
14	4
15	312
87	300
61	55
453	196
1	7
2	579
3	31
0	0
133	0
2	368
2	68
75	17
153	1
4	0
160	228
219	9
243	84
2	408
0	1
34	1276
0	7
21	221
0	0
263	0
14	320
199	379
0	0
806	875
0	0
2	1532
1	0
3	138
245	118
57	19
42	0
202	64
1	0
1034	444
8	335
2	0
140	0
72	1791
9	141
41	167
9	0
0	0
35	137
253	4
9353	1
64	742
83	115
96	0
8	26
2078	0
341	1604
4	0
0	0
0	0
0	0
1	0
0	0
0	0
53	1
0	0
58	300
25	49
106	1124
57	68
0	2
115	236
252	11
133	0
2166	0
0	75
0	0
1	96
0	0
0	105
530	155
68	1853
1	125
48	970
907	0
636	0
40	305
0	0
117	0
10	0
330	0
1534	0
73	171
186	1285
17	36
4	112
7	258
133	373
168	1376
16	242
22	269
143	20532
12	2680
20	0
114	0
110	1328
99	250
357	237
1442	178
1385	48
17	33
61	235
8	610
0	0
9	57
668	292
189	184
212	52
101	346
231	300
4	85
3	21
45	16
49	78
1	2
524	97
160	189
15	206
12	539
15	38
0	1
0	3
0	0
0	0
0	94
46	151
31	625
0	0
4	30
0	0
0	0
2	0
140	0
20	149
240	1207
0	422
61	39
679	293
7	142
84	562
21	0
0	0
8	214
29	5
0	2
265	4
52	0
37	101
0	1329
21	10
1	0
0	3
0	0
2	4
0	0
0	0
20	25
1	1
3	0
0	0
0	0
0	3
0	0
39	273
0	0
0	0
6	0
398	77
2	0
14	18
404	181
809	0
106	19
43	0
279	16
127	54
126	588
0	2
70	28
42	0
844	3
12	1
309	85
6	21
0	0
0	0
0	447
0	0
117	535
0	0
0	0
0	42
1	89
72	83
0	0
0	0
0	0
43	19
564	8
1	105
5	1
2	0
0	0
134	0
0	0
0	0
0	0
7	39
0	0
0	0
0	0
0	0
8	0
419	24
332	0
211	0
352	0
164	108
0	1
19	328
691	15
0	0
112	9
289	62
3	1003
14	187
211	0
92	0
39	172
73	13
2526	1
18	51
26	23
4	0
28	32
445	9
167	78
0	0
0	4
10459	2
3	0
85	1
6472	2
3	77
0	0
7361	1
79818	9
1725	7
4564	0
10123	0
2	6
7405	0
51	11
528	0
1760	0
0	11
0	0
22	92
222	17
37	214
0	0
0	2
13	0
33	509
0	0
9	0
0	0
1	20
484	0
38	0
2	0
3459	17
136	116
66	0
489	1
1484	22
9241	1
123	1374
211	0
0	1
19	223
353	0
0	21
34	62
0	13
0	49
0	23
40	0
152	0
4	84
0	1
0	0
1	24
95	1
0	0
0	0
553	52
91	20
9247	1050
98	0
3011	65
271	0
88	52
24	60
0	6
0	0
0	0
21	0
0	104
15	50
163	966
0	0
0	0
0	0
12	7
63	747
10	2
116	286
57	0
4600	376
1140	376
11	48
7292	0
13	6
37	0
0	0
4	0
3581	142
3024	0
1273	0
245	0
1	25
1	46
50	42
18	59
948	0
756	0
75	0
97	73
504	1
35	266
63	0
1	0
0	0
0	2
5	19
47	1
10	0
45	0
9	34
3066	6795
1375	9879
22	135
0	0
3	18
10	0
13	264
2	37
0	0
7	16
20	84
2	0
4	25
6	106
18	101
239	196
2	0
480	150
14	77
0	60
0	0
0	0
2	140
0	0
0	0
0	0
12	95
0	160
7	915
21	4
2	0
155	0
240	491
359	0
102	0
117	3
0	0
2	8
9	0
104	1866
11	0
28	3
14	0
4208	26
122	21
0	0
3047	349
52	4
0	23
7	0
0	0
212	1
0	0
109	807
25	414
6	0
111	142
0	9
40	25
0	4
0	0
7	20
30	740
21	0
574	922
4	24
4	1271
28	764
17	701
7	53
0	0
0	13
1	0
0	0
0	0
0	2
0	43
684	85
64	699
2	8
4	0
209	23
24	0
170	0
4	261
29	462
298	1
49	20
1	0
0	0
0	0
137	0
504	113
3	343
0	0
0	15
1	5
0	27
11	62
2	44
221	236
219	10
0	0
2624	110
15	1440
0	9
30	26
352	31
616	96
19	54
107	0
17	106
20055	0
76	4
47	45
11	912
0	0
53	150
57	99
0	0
48	32
0	1
0	0
13	158
0	0
48	0
134	7
19	39
2	1723
2	32
0	0
93	146
1	5
1102	0
119	10
0	0
12	7
1	1
7	562
4	0
4	0
0	0
0	0
0	219
9	0
5	378
0	0
0	0
10	0
29	24
2	0
0	0
0	0
0	0
0	0
1	11
1	1
8	2680
3	0
3	354
1	0
986	1470
3277	0
548	31
108	0
112	75
1	0
72	0
23	0
209	0
3686	0
12	0
171	113
0	0
19	426
39	940
241	1
0	207
71	0
5	1981
0	1
0	23
91	47
1	238
0	0
0	37
578	127
236	0
76386	2
94	67
181	30
37108	465
22	823
24	0
37	14
75	119
43	32
8	0
14	5
666	0
109	1
50	7
230	9
139	2
207	529
171	273
0	188
196	268
2	201
0	0
98	0
28	280
42	87
32	95
251	118
20	2
0	0
8	0
22	0
0	0
21	0
109	109
3	1582
30	2
0	4
0	124
634	19
13	0
125	9
214	436
12	226
19	406
21	0
297	206
606	66
36	6
0	148
29	2
24	280
77	0
59	113
0	0
0	0
351	0
0	193
0	0
3	253
6	85
3	25
468	3144
22	3928
30	2
5	777
16	1
31	0
2	0
19	12
1	39
152	13
29	114
55	0
188	0
61	0
182	164
0	0
0	0
6069	0
0	0
0	0
11	0
63	0
163	91
2	0
5	139
71	524
114	18
2	0
136	834
0	0
0	0
0	2
1356	0
14	0
850	4
0	2
30	0
32	83
2	0
0	14
0	21
18	47
161	0
230	113
40	2
18	0
540	0
9	149
188	0
181	263
3	52
258	0
31	882
252	0
11	93
0	12
0	0
0	0
57	184
131	15
0	0
0	7
2	0
0	0
0	0
8	1709
0	0
13	208
1900	0
5	284
164	413
216	8
19	0
27	97
33	41
73	1870
186	89
94	110
18	0
97	183
0	0
0	4
76	0
270	1
130	15
152	302
1	0
6947	0
140	771
17	21
2	365
70	85
161	289
4	98
0	0
170	417
4	0
26	5
33	65
44	0
39	701
2	0
0	0
0	0
0	0
0	2
0	0
37	0
411	0
20	1778
0	40
0	0
214	528
0	0
7	2
0	38
67	554
0	0
0	3
2	7
0	0
0	613
2	6
295	0
245	156
0	264
48	77
0	0
2	0
1	126
2649	15455
48	0
0	0
10	6
42	37
155	2007
145	7
0	18
65	319
138	0
5598	0
784	0
798	0
2468	115
615	0
163	0
621	365
465	20
88	17
4	47
106	1100
1	0
1	852
2	1360
0	0
16	0
96	29
192	1836
101	54
10	0
0	0
0	0
2	0
0	0
0	0
0	812
0	0
28	31
0	0
0	34
1	463
0	1975
0	0
25	196
911	17
0	0
0	0
0	0
0	4
107	88
80	0
42	39
155	3
119	153
39	0
17	0
8	1695
72	1962
0	0
0	0
0	0
0	0
8	23
0	21
0	4
0	18
167	0
0	0
0	1
0	0
0	85
197	8
1	0
1097	436
1	9
1311	0
140	1
0	16
12	102
20	1
1538	0
0	0
276	569
130	257
0	0
0	0
0	0
5	22
0	0
7	72
0	0
10	0
0	0
7	27
1	0
409	368
1	0
33	0
3	19
1354	0
47	0
233	63
493	103
116	0
132	0
0	0
426	228
0	0
39	0
0	0
43	163
162	641
25	1
66	10
0	0
12	1
0	0
0	31
8	5
15014	1918
107	71
295	0
296	50
7	609
431	0
53	14
22	265
24	0
557	105
210	7
1041	0
1	4
15	2192
5	8
0	36
2	16
352	0
147	0
0	0
75	0
778	16
92	27
165	0
131	0
1	45
0	29
0	26
1410	17
0	50
364	0
30	0
1	5
1	0
0	146
0	0
16	4
1	133
7	2
494	200
101	1
193	41
52	51
37	1105
0	0
6	22
78	870
164	52
72	200
40	0
0	357
14	133
0	0
0	0
25	130
44	287
545	42
5	0
0	42
32	0
56	303
3	0
0	0
0	111
198	0
139	157
2	150
21	0
5194	7
65	994
4	10
0	0
17	3
0	35
1152	7
2	0
3	77
3725	0
0	15
0	0
3	18
205	44
108	41
20	45
9	91
42	0
0	6
0	92
66	38
576	621
6	38
0	11
1197	1
32	2
10	14
6279	734
415	0
1	25
2102	126
143	17
449	0
3293	9
126	328
0	0
29	29
1	401
330	59
601	396
464	614
131	263
3	0
0	0
105	15
27	82
31	17
941	1126
0	0
2	0
34	14
0	0
81	1030
0	8
0	0
22	72
132	908
204	0
146	0
6	138
997	26
1	1
68	622
63	45
154	191
44	159
43	88
34	36
112	1639
31	0
304	32
13	89
3036	0
10	11
1	47
0	0
0	0
67	28
7	456
23	215
57	34
6	161
3157	10
0	0
888	2280
46	454
109	224
0	0
312	162
239	41
0	0
0	0
3	68
61	2
3	2
5	0
21	0
0	0
1	0
0	24
4	22
10	3
0	0
24	22
4	0
3	0
1	0
0	0
0	0
100	0
68	0
291	14
8	149
213	0
89	77
0	6
28	39
73	0
745	392
0	0
3	2
0	0
0	0
141	191
0	0
1366	4
0	1
295	5
0	119
154	338
2	175
6	43
7	0
70	0
31	2
224	84
9	81
206	1199
2	97
4	174
16	148
669	0
5	419
377	0
800	271
0	0
2801	0
42	25
5	107
32	21
2	0
733	71
162	27
6	0
0	4
29	20
0	0
5	789
123	10
723	0
157	77
19	1273
0	107
1	1646
16258	19974
10446	19995
10794	2
0	0
1922	1806
0	16
50	124
281	0
164	77
300	0
29	49
341	2738
0	2
3	0
0	0
0	3
27	43
24	20
0	2
8	22
0	42
20	2140
0	14
0	0
53	26
88	0
2118	8
0	0
61	0
7	0
0	0
0	0
114	24
54	1247
0	0
0	0
0	7
136	123
17	4
11	0
12	2
206	959
0	0
0	0
22	253
1	0
8	0
117	0
115	39
44	0
0	6
0	0
0	90
355	673
1412	735
23	379
54	155
32	1446
44	0
0	10
86	213
25	142
0	44
77	577
0	0
88	0
896	0
254	567
3	51
19	108
4	4
220	25
409	35
25	78
36	6
136	248
38	15
6	196
20459	73
4	77
0	0
601	0
1620	1041
43	155
44	370
0	38
9	28
0	0
203	453
19	1350
4	1179
14	0
172	1018
71	0
147	2357
74	0
26	3
0	2
1	0
1264	579
178	28
11	10
5736	8191
0	187
19	35
32	393
6	0
25	0
186	86
34	24
6	112
2479	2
81	200
2	0
0	0
228	2
83	11
177	18
64	10
1331	1564
323	3
468	33
126	28
1016	0
3190	0
0	2
1	104
15	301
0	0
1266	628
419	5
0	4
0	0
3	0
82	6
64	0
17	2099
20	11
3	0
5	26
25	0
258	1889
138	1119
29	173
0	0
0	66
17	31
15395	55
36	124
6	7
317	227
300	35
2	77
223	24
126	0
1	0
138	0
446	0
7	29
1	1753
122	0
3	26
20	0
201	98
86	0
0	127
0	0
0	0
126	0
1	391
0	0
41	937
7	194
13	0
152	543
1	121
34	0
58	155
220	3228
0	0
868	1
82	1870
586	19
78	0
35	61
88	274
66	104
0	0
0	0
0	0
0	0
0	0
0	0
0	0
0	0
0	0
0	0
11942	137
0	0
0	0
0	0
0	0
0	0
0	0
0	0
0	0
0	0
0	0
1875	216
0	0
0	0
0	0
0	0
0	0
0	0
0	0
0	0
0	0
0	0
60	378
0	0
0	0
0	0
0	0
0	0
0	0
0	0
0	0
0	0
0	0
78	32
0	0
0	0
0	0
0	0
0	0
0	0
0	0
0	0
0	0
0	0
4	52
0	0
0	0
0	0
0	0
0	0
6	10
0	0
0	0
0	0
0	0
9	311
0	0
0	0
0	0
0	0
0	0
0	0
0	0
0	0
0	0
0	0
30	0
0	0
0	0
0	0
0	0
0	0
0	0
0	0
0	0
0	0
0	0
2	25
0	0
0	0
0	0
0	0
0	0
0	0
0	0
0	0
0	0
0	0
2	59
0	0
0	0
0	0
0	0
0	0
0	0
0	0
0	0
0	0
0	0
18	50
0	0
0	0
0	0
0	0
0	0
0	0
0	0
0	0
0	0
0	0
0	7
0	0
0	0
0	0
0	0
0	0
0	0
0	0
0	0
0	0
0	0
0	0
0	0
0	0
0	0
0	0
0	0
0	0
0	0
0	0
0	0
0	0
0	0
0	10
0	0
0	0
0	0
0	0
0	0
0	0
0	0
67	281
0	0
0	0
0	0
0	0
0	0
0	0
0	0
0	0
0	0
0	0
1224	0
0	0
302	0
14	182
24	1
12	126
0	0
13	581
0	0
169	0
0	0
0	0
95	2
0	0
646	74
259	361
0	0
5	0
15	0
0	0
2	29
12	58
271	0
139	228
12	451
2	0
4725	1867
67	0
135	0
0	52
15	1
211	248
0	0
0	3
17	40
0	0
0	1
0	0
6	22
20	0
0	0
0	0
34	0
63	0
239	304
0	0
86	52
32	290
2	0
372	350
14	0
97	99
264	146
330	0
0	0
0	0
62	347
17	114
0	0
253	257
19	352
52	180
31	356
21	398
104	57
1	113
26	0
52	37
0	3
0	0
0	1
5	3
0	2
1	0
23	1049
25	31
0	13
3	36
11	1907
0	46
0	0
9	75
3	45
0	0
0	0
0	0
0	0
0	0
0	2
2	12
0	0
23	0
0	0
2	32
1430	0
0	0
146	0
30	0
0	0
0	0
0	8
0	11
191	510
1810	3
0	0
10	160
0	0
0	0
0	143
0	0
138	0
138	379
17	0
48	881
334	175
3	154
2	24
1	0
0	0
6	74
24	342
957	2
0	0
0	0
0	4
0	3
0	0
152	0
270	0
169	0
6	122
88	8
70	53
0	0
0	372
0	0
668	0
23	5
365	8
175	0
37	5
154	6
339	61
19	0
0	0
61	0
3093	5
609	179
20	0
0	0
6	204
0	0
0	0
542	472
3	4
19	0
108	377
7	131
74	374
4	66
33	826
4	0
2	1
0	0
8	0
0	0
0	0
12	0
0	0
0	3
0	211
6	24
96	239
2	323
1443	0
6	0
66	181
0	0
64	231
0	3
578	0
11	157
0	0
2397	0
887	0
230	229
31	105
1202	343
30	0
297	4
28	2
0	2
3	1568
11	58
84	56
9	93
314	0
3053	357
0	0
104	0
96	0
88	40
305	1
5	15
0	1
93	0
22	2
320	649
4	28
0	0
0	0
0	0
894	109
294	4
0	0
1	0
84	0
152	0
832	418
0	0
0	0
0	0
308	19
8	125
0	0
0	5
487	307
72	62
7	83
0	0
0	0
6	861
0	0
6	137
1005	48
18	367
1	61
7	0
0	0
5	236
0	0
0	0
2	19
0	0
0	0
0	7
0	6
2	8
0	0
287	0
425	987
0	1
0	0
0	14
25	474
12785	1
78	534
35	42
0	0
0	3
48	0
179	18
851	0
0	9
1	0
14	0
0	1508
456	641
248	1106
0	0
27	203
0	0
0	0
14	1
1874	5445
24	179
126	295
0	594
0	5
3	2
0	0
529	0
789	0
3492	36
87	0
160	88
149	201
460	152
9	368
29	4
275	77
52	138
141	73
282	49
8	217
11	2
75	0
40	0
34	20
0	0
24	56
0	101
0	0
44	420
0	0
685	226
1	238
36	47
16	23
0	4
73	2
90	109
865	965
40	525
613	13
3	110
2	1
2	0
13	269
149	898
75	6
6	0
1000	3
1478	59
44	38
7	9
412	14
0	0
0	0
175	66
0	0
0	0
0	0
41	30
48	22
5	4
147	0
0	0
227	11
60	204
4	6
6	0
0	0
0	1
0	0
0	0
0	0
417	383
10	24
31	0
30	126
184	94
36	146
94	25
62	0
58	148
4	109
20	28
0	0
453	858
1366	163
0	0
0	0
470	2057
300	0
1	0
0	0
15	62
135	1237
202	13
169	41
215	2
633	0
645	493
235	0
3634	237
0	51
0	0
0	0
0	0
81	1886
98	438
202	644
0	0
0	0
0	53
1	4
14	1514
20	0
682	123
14	0
170	0
2773	0
22	11
193	30
268	294
391	419
27	18
0	0
9	128
13	91
0	23
126	564
1	0
0	0
1	453
0	0
0	6
0	0
145	1871
0	0
0	0
3	5
142	46
1692	120
0	30
6	119
0	0
17	0
13	0
2686	305
735	0
0	0
14	11
0	82
10	583
31	9
0	2
0	0
9	0
0	0
0	0
0	0
0	8
1	0
0	0
16	59
1	0
1776	0
13	0
0	0
1	21
0	0
0	0
5	6
0	918
259	4
1	521
10	0
0	0
0	0
228	2
15	539
0	5
24	913
78	0
973	0
42	0
0	0
66	117
320	0
211	91
0	0
403	298
56	352
2	39
4	582
0	0
0	0
142	57
490	22
190	0
126	1
55	438
72	0
0	0
0	0
0	0
0	0
371	652
66	30
598	0
68	56
0	2
0	0
6	139
10	165
0	0
0	0
142	0
249	465
8	0
5	0
66	0
1	0
11	775
15	538
0	7
629	2901
254	522
7	97
0	0
10	0
6	4
0	528
25	0
20	0
1	0
20	18
11	0
73	123
48	42
367	239
1418	34
34	2
301	0
65	305
263	421
22	0
86	0
25	141
105	550
145	122
0	0
0	0
24	552
37	2
457	89
57	114
422	484
71	509
35	4
55	0
1160	25
49	13
125	0
140	0
91	0
133	0
138	0
19	228
32	274
5	10
0	0
79	45
0	45
0	0
63	66
0	1
519	0
229	0
2539	0
791	168
3208	64
369	1414
1066	2557
2	1
0	3
323	28
0	223
0	0
34	81
110	0
291	0
1274	0
0	0
2	90
474	1232
146	0
161	135
1	72
0	0
0	0
1350	0
124	158
0	0
0	0
3	14
45	0
22	0
0	20
0	3
0	0
0	0
0	0
0	0
40	0
5	8
0	0
106	190
67	419
16	0
0	8
395	105
1352	40
958	13
388	13
55	6
12	23
1	0
2	44
40	0
0	90
11	44
41	40
0	0
11	705
0	0
76	0
3	0
71	727
1	33
0	24
0	0
10	34
0	136
3	29
0	0
3	294
0	0
47	0
11	388
82	605
450	113
117	18
187	16
357	0
13	0
4293	0
28	0
41	129
0	2
176	0
2	2
539	2495
0	0
0	0
0	6
0	0
0	0
0	0
141	47
9	0
185	309
159	117
49	0
3463	0
11	44
1	0
536	0
14	0
149	0
2782	11
17057	3
144	3
76	0
1152	0
112	23
0	0
0	0
0	1
1	87
157	1326
71	38
0	59
67	225
129	23
63	0
8	41
250	1
472	2
33	398
139	17
11	88
32	604
376	164
47	129
4	41
193	2232
16	8
0	1
17	185
0	1
25	31
0	133
128	333
2	2
0	7
0	0
494	1094
723	3047
23	210
567	9
52	19
0	0
0	0
0	15
21	6
14	0
3	0
5	8
5	0
69	67
278	0
2079	0
186	287
7	326
9	0
7	85
0	0
1	0
219	90
46	66
3	70
156	394
63	0
1	0
581	145
3	0
136	0
6	0
0	0
208	0
239	60
794	5
350	0
2	4
90	120
558	0
17	48
433	0
43	933
48	54
128	15
720	407
820	1805
274	9
3	425
0	0
48	306
134	57
324	0
5713	10
86	0
84	6
2	0
2143	0
440	60
5	1
0	0
2	0
0	0
210	116
407	7
0	0
5	44
217	2
0	0
716	272
13	15
135	0
7	30
17	1
66	10
0	0
3	171
0	0
0	7
2	11
0	0
0	0
4	111
0	0
22	67
1	1688
66	29
24	22
0	48
215	730
70	0
38	0
37	0
117	16
19	0
808	0
29	2
8	0
119	18
0	0
63	0
1	191
0	0
0	0
0	0
0	0
0	0
118	119
3	622
1	0
0	0
92	2111
0	12
2	1
0	109
126	2
430	0
8083	10557
0	0
0	2
6	0
10	0
371	0
1	121
67	1693
109	0
1463	84
0	0
0	0
0	2
0	1
0	75
49	53
40	175
2	16
65	0
182	15
1	1
0	113
6	2
0	2
21	123
26	29
1	12
4	7
0	15
254	332
55	0
185	0
82	77
0	0
89	106
0	0
28	71
30	75
3	0
5	96
18	52
1	0
0	0
0	0
1	0
5	6
27	30
0	0
0	1
2	6
2	0
0	0
2381	0
0	0
0	0
0	0
1	41
586	529
0	0
583	3
9	0
18	54
11	12
0	0
0	0
0	0
0	1
0	1
105	410
22	80
54	98
0	4
175	0
0	0
0	4
16	367
1569	139
94	125
260	190
0	0
4	44
0	122
13	215
62	202
102	189
1575	27
14	31
53	16
87	0
29	149
96	46
0	0
109	9
84	73
0	0
17	0
37	0
1	0
0	0
1140	0
538	0
881	0
0	0
0	0
0	0
50	0
140	2056
3	56
74	1307
31	148
343	0
61	0
98	148
0	0
0	195
10	2
479	102
556	0
4	286
1	140
0	0
0	0
1	512
1	0
362	18
18	1100
111	23
85	91
314	1761
0	0
125	0
0	627
41	1802
3	2
14	1944
188	0
15	31
460	140
0	33
0	18
1	4
4	804
991	0
0	0
4	0
3	0
0	0
12	88
56	90
8	10
411	685
180	14
6	152
0	0
17	0
2	77
0	0
4	0
0	0
0	0
0	0
0	0
0	0
0	90
2	0
0	25
0	0
1	0
1	806
0	0
0	0
1	0
0	0
0	1
29	18
0	0
0	0
1	66
68	46
5	0
0	0
61	0
17	39
13	36
0	0
3972	0
4	3
58	0
35	0
2	0
525	1634
0	0
18	86
376	1568
4	5
194	0
0	0
67	0
1041	67
3056	0
42	1597
3	296
9	43
1	9
0	1
0	0
1	0
0	2
2	1
7	8
2	12
9	80
5	17
0	0
1	26
0	8
0	6
196	224
127	104
0	0
0	0
4	484
217	58
408	121
16	86
174	28
45	494
0	12
85	190
14	30
104	163
7	6
0	7
0	0
1	0
612	895
89	304
33	0
91	42
59	64
52	22
43	0
38	0
4	555
31	0
1002	3
0	0
7	1058
86	103
34	98
51	53
0	1
2641	1
43	0
124	0
868	0
5777	0
1529	0
6	5
1235	0
2	0
2185	0
35	0
41	10
1712	0
98	5
36	19
0	1
35	70
27	0
0	198
6	130
7	2
16	126
638	151
3	80
81	1
84	106
72	27
37	0
31	5
47	1
60	584
0	50
112	7
0	1
101	0
104	14
2	8
1	0
291	0
120	341
0	0
751	53
0	0
2252	61
91	4
0	0
13	5
0	0
0	119
2	0
0	0
0	0
1	1
0	8
0	0
0	0
0	0
88	458
0	0
0	3
54	13
5	171
149	0
0	0
1	0
70	103
262	72
248	11
1023	421
490	209
1	22
10	101
6	182
0	10
402	502
53	221
330	3
212	33
513	104
84	74
0	0
0	0
0	0
7	46
1	41
235	274
165	1150
170	271
597	71
0	0
0	0
5	0
124	130
0	0
0	0
0	0
0	0
1	81
0	0
145	216
52	0
19	210
83	43
231	81
27	260
0	0
5	1
1	12
1	2
0	0
0	0
0	0
0	0
17	457
0	0
0	218
0	0
0	0
0	0
0	0
0	0
0	0
0	0
0	0
0	0
0	0
5	5
0	0
0	0
0	0
0	0
0	0
0	0
0	0
0	0
0	0
0	0
0	0
0	0
0	0
0	0
0	0
0	0
0	0
0	0
0	0
0	0
0	0
52	420
20	69
0	0
0	0
0	0
0	0
0	0
0	0
0	0
0	0
0	0
0	0
86	112
0	0
0	0
0	0
0	0
0	0
0	0
0	0
0	0
35	216
321	84
60	41
10	76
61	11
0	2
3	14
0	0
7	1324
28	0
45	163
33	56
5	0
0	0
0	0
0	0
0	0
1	0
0	0
0	0
32	0
13	18
24	506
2247	132
79	21
376	1
286	211
175	2400
5	562
15	0
1	0
0	0
0	0
0	0
0	0
12	501
7590	35
1	0
86	0
0	0
32	0
0	71
0	10
3189	0
151	0
26	0
0	0
51	0
1112	439
19	6
0	0
3	0
246	161
279	1147
250	11
81	0
548	7
0	0
127	7
231	47
5	94
9	183
3	6
454	38
30	0
6	168
294	354
494	25
9	5
104	309
0	29
60	1
0	4
41	0
108	0
116	0
48	59
1898	1
144	2
191	0
84	3
0	0
2	8
1	16
0	0
8	88
1	0
0	0
4	0
3279	0
151	52
101	154
7	0
194	70
217	14
64	0
38	0
27	0
0	66
0	115
0	0
207	27
327	484
0	0
1	0
8	153
7	1375
213	0
52	1024
28	21
8	150
2543	5
1	44
0	0
14	0
0	0
0	0
0	0
17	153
6	206
23	268
29	5
51	2
10614	1
28	58
175	31
1010	99
0	0
50	0
203	0
763	106
20	0
229	0
1	31
18	17
30	0
1261	1668
989	137
658	49
998	643
626	640
1713	689
5542	104
270	0
9276	43
23	0
101	19
0	35
0	0
0	0
2	1
9	6
13	0
0	0
0	273
0	0
19	0
71	4
2	10
53	0
125	2
132	1485
2	0
3	158
0	0
1	0
0	0
0	0
0	0
0	0
0	0
0	0
11	2235
456	0
1	57
13	505
0	129
0	605
29	132
72	322
2	0
4	58
0	0
1	13
0	0
276	2105
14	252
31	0
0	4
75	40
1430	26
62	309
11	329
75	262
