gene_id	combined_rank	final_score_RNA	annotation_score_before_RNA	final_score	RNA_score	Larva_expression_score	Larva_specificity_score	Larva_TPM	Adult_TPM	Pupa_TPM	Egg_TPM	Non_larval_mean_TPM	Larva_vs_nonLarva_ratio	Larva_expression	Highest_expression_stage	Larva_stage_dominant	RNA_matched	rank	decision	reason	sequence_length	best_hit_accession	best_hit_species	best_hit_taxid	best_hit_lineage	best_identity_pct	best_query_coverage_pct	best_evalue	best_bitscore	qualifying_hits	total_blast_hits	arthropod_fraction	bacterial_fraction	fungal_fraction	non_arthropod_eukaryote_fraction	other_prokaryote_fraction	taxonomy_classification	homology_score	taxonomy_score	annotation_score	interpro_score	target_class_score	functional_description	interpro_accessions	interpro_descriptions	pfam	panther	go_terms	functional_keywords	target_class	best_hit_description	TPM_sample_1	NumReads_sample_1	stage_sample_1	TPM_sample_2	NumReads_sample_2	stage_sample_2	TPM_sample_3	NumReads_sample_3	stage_sample_3	TPM_sample_4	NumReads_sample_4	stage_sample_4	TPM_sample_5	NumReads_sample_5	stage_sample_5	Larva_log2_TPM	Non_larval_log2_TPM	Egg_log2_TPM	Adult_log2_TPM	Pupa_log2_TPM
g14298	1	89.18094865674797	88.559	88.559	92.70532437831989	79.50887396386648	100.0	1355.523633	6.841239	0.0	4.89992	3.9137196666666667	100.0	Very High	Larva	True	True	33	KEEP	Strong arthropod homology with multiple qualifying hits and strong combined evidence.	263	tr|A0A4C1SD69|A0A4C1SD69_EUMVA	Eumeta variegata	151549	Eukaryota; Metazoa; Arthropoda; Insecta; Lepidoptera	78.788	100.0	2.91e-143	411.0	10	10	1.0	0.0	0.0	0.0	0.0	KEEP_ARTHROPOD	99.364	100.0	30.0	100.0	95.0	Serine protease-like, trypsin family, histidine active site	IPR018114; IPR001314; IPR001254; IPR033116; IPR009003	Serine protease-like, trypsin family, histidine active site; Peptidase S1A, chymotrypsin family; Serine proteases, trypsin domain; Serine proteases, trypsin family, serine active site; Peptidase S1, PA clan	PF00089; Trypsin	PTHR24276; POLYSERASE-RELATED	GO:0004252(InterPro)|GO:0006508(InterPro); GO:0004252(PANTHER)	enzyme; membrane; digestion	DIGESTION	tr|A0A4C1SD69|A0A4C1SD69_EUMVA Trypsin, alkaline C OS=Eumeta variegata OX=151549 GN=EVAR_74357_1 PE=3 SV=1	0.0	0.0	Pupa	6.841239	121.19	Adult	1574.145735	38059.175	Larva	1136.901531	33257.131	Larva	4.89992	48.0	Egg	10.405698466756544	2.2968155526438445	2.560695392375198	2.9710816336678034	0.0
g13783	2	88.17175240761112	87.089	87.089	94.30734938407413	82.17891564012355	100.0	1727.3016405	6.288001	0.0	1.200777	2.496259333333333	100.0	Very High	Larva	True	True	150	KEEP	Strong arthropod homology with multiple qualifying hits and strong combined evidence.	235	tr|A0A4C1WEL4|A0A4C1WEL4_EUMVA	Eumeta variegata	151549	Eukaryota; Metazoa; Arthropoda; Insecta; Lepidoptera	81.818	93.0	3.63e-136	405.0	10	10	1.0	0.0	0.0	0.0	0.0	KEEP_ARTHROPOD	94.464	100.0	30.0	100.0	95.0	Serine proteases, trypsin family, serine active site	IPR033116; IPR001314; IPR001254; IPR018114; IPR009003	Serine proteases, trypsin family, serine active site; Peptidase S1A, chymotrypsin family; Serine proteases, trypsin domain; Serine protease-like, trypsin family, histidine active site; Peptidase S1, PA clan	PF00089; Trypsin	PTHR24276; POLYSERASE-RELATED	GO:0004252(InterPro)|GO:0006508(InterPro); GO:0004252(PANTHER)	enzyme; membrane; digestion	DIGESTION	tr|A0A4C1WEL4|A0A4C1WEL4_EUMVA trypsin OS=Eumeta variegata OX=151549 GN=EVAR_45636_1 PE=4 SV=1	0.0	0.0	Pupa	6.288001	85.0	Adult	1276.868629	23553.792	Larva	2177.734652	48712.698	Larva	1.200777	9.0	Egg	10.755139317716537	1.805812200009509	1.1380129674497266	2.865523157094813	0.0
g4084	3	87.86056894637038	87.777	87.777	88.33412630913583	72.22354384855973	100.0	699.496104	8.398048	0.17821	6.570761	5.049006333333334	100.0	Very High	Larva	True	True	112	KEEP	Strong arthropod homology with multiple qualifying hits and strong combined evidence.	336	tr|A0A4C1TID5|A0A4C1TID5_EUMVA	Eumeta variegata	151549	Eukaryota; Metazoa; Arthropoda; Insecta; Lepidoptera	83.881	96.0	0.0	576.0	11	11	1.0	0.0	0.0	0.0	0.0	KEEP_ARTHROPOD	96.755	100.0	30.0	100.0	95.0	Alpha/Beta hydrolase fold	IPR029058; IPR033906; IPR000734; IPR013818	Alpha/Beta hydrolase fold; Lipase, N-terminal; Triacylglycerol lipase family; Lipase	PF00151; Lipase	PTHR11610; LIPASE	GO:0006629(InterPro); GO:0016298(InterPro); GO:0005615(PANTHER)|GO:0016042(PANTHER)|GO:0016298(InterPro)|GO:0016298(PANTHER)|GO:0017171(PANTHER)	enzyme; digestion	DIGESTION	Pancreatic triacylglycerol lipase OS=Eumeta variegata OX=151549 GN=PNLIP PE=3 SV=1	0.17821	7.0	Pupa	8.398048	332.066	Adult	801.798698	43283.903	Larva	597.19351	38849.494	Larva	6.570761	142.998	Egg	9.45223321651146	2.59669817119538	2.920438324748022	3.232361136241382	0.23659670296904411
g4082	4	87.77859637427929	87.719	87.719	88.11630916186192	71.86051526976988	100.0	676.8028850000001	24.06247	0.115535	0.833746	8.337250333333335	72.59127267695618	Very High	Larva	True	True	117	KEEP	Strong arthropod homology with multiple qualifying hits and strong combined evidence.	334	tr|A0A4C1TFB7|A0A4C1TFB7_EUMVA	Eumeta variegata	151549	Eukaryota; Metazoa; Arthropoda; Insecta; Lepidoptera	86.025	96.0	0.0	572.0	10	10	1.0	0.0	0.0	0.0	0.0	KEEP_ARTHROPOD	96.564	100.0	30.0	100.0	95.0	Alpha/Beta hydrolase fold	IPR029058; IPR033906; IPR000734; IPR013818	Alpha/Beta hydrolase fold; Lipase, N-terminal; Triacylglycerol lipase family; Lipase	PF00151; Lipase	PTHR11610; LIPASE	GO:0006629(InterPro); GO:0016298(InterPro); GO:0005615(PANTHER)|GO:0016042(PANTHER)|GO:0016298(InterPro)|GO:0016298(PANTHER)|GO:0017171(PANTHER)	enzyme; digestion	DIGESTION	Pancreatic triacylglycerol lipase OS=Eumeta variegata OX=151549 GN=PNLIP PE=3 SV=1	0.115535	3.0	Pupa	24.06247	628.0	Adult	524.571432	18688.884	Larva	829.034338	35652.322	Larva	0.833746	12.0	Egg	9.404721967296448	3.2229977625147384	0.8747938189121854	4.64745669953713	0.15773577896465413
g1470	5	87.67904968758768	86.8	86.8	92.66033125058448	79.4338854176408	100.0	1346.327038	31.031147	0.783397	2.605823	11.473455666666666	100.0	Very High	Larva	True	True	307	KEEP	Strong arthropod homology with multiple qualifying hits and strong combined evidence.	1346	tr|A0A4C1ZKB9|A0A4C1ZKB9_EUMVA	Eumeta variegata	151549	Eukaryota; Metazoa; Arthropoda; Insecta; Lepidoptera	62.115	97.0	0.0	1295.0	50	92	1.0	0.0	0.0	0.0	0.0	KEEP_ARTHROPOD	91.001	100.0	30.0	100.0	100.0	Chitin binding domain	IPR002557; IPR051940; IPR036508	Chitin binding domain; Chitin-binding developmental regulator; Chitin binding domain superfamily	PF01607; Chitin binding Peritrophin-A domain	PTHR23301; CHITIN BINDING PERITROPHIN-A	GO:0005576(InterPro)|GO:0008061(InterPro); GO:0008061(InterPro)	development	CHITIN	Probable chitinase 10 OS=Eumeta variegata OX=151549 GN=Cht10 PE=4 SV=1	0.783397	59.827	Pupa	31.031147	2389.047	Adult	1281.911483	134756.998	Larva	1410.742593	178427.759	Larva	2.605823	110.211	Egg	10.395884364737698	3.640789302036288	1.8503285805501979	5.001403555241101	0.8346278954345248
g18520	6	87.60478182634999	88.559	88.559	82.19754550899998	61.99590918166664	100.0	275.9909055	2.435528	0.086272	0.052046	0.8579486666666667	100.0	Very High	Larva	True	True	43	KEEP	Strong arthropod homology with multiple qualifying hits and strong combined evidence.	276	tr|A0A4C1T8G7|A0A4C1T8G7_EUMVA	Eumeta variegata	151549	Eukaryota; Metazoa; Arthropoda; Insecta; Lepidoptera	89.13	100.0	2.36e-179	503.0	10	10	1.0	0.0	0.0	0.0	0.0	KEEP_ARTHROPOD	99.364	100.0	30.0	100.0	95.0	Serine proteases, trypsin domain	IPR001254; IPR009003; IPR033116; IPR001314; IPR018114	Serine proteases, trypsin domain; Peptidase S1, PA clan; Serine proteases, trypsin family, serine active site; Peptidase S1A, chymotrypsin family; Serine protease-like, trypsin family, histidine active site	PF00089; Trypsin	PTHR24276; POLYSERASE-RELATED	GO:0004252(InterPro)|GO:0006508(InterPro); GO:0004252(PANTHER)	enzyme; digestion	DIGESTION	tr|A0A4C1T8G7|A0A4C1T8G7_EUMVA Chymotrypsin-2 OS=Eumeta variegata OX=151549 GN=EVAR_6336_1 PE=3 SV=1	0.086272	3.005	Pupa	2.435528	85.363	Adult	272.774449	13052.119	Larva	279.207362	16106.253	Larva	0.052046	1.004	Egg	8.113694798520514	0.8937106419958601	0.07319778687451178	1.7805318412393432	0.11938539588385796
g4086	7	87.27990964622434	87.719	87.719	84.79173097482897	66.31955162471496	100.0	409.0199	1.016915	0.0	0.0513	0.3560716666666666	100.0	Very High	Larva	True	True	116	KEEP	Strong arthropod homology with multiple qualifying hits and strong combined evidence.	334	tr|A0A4C1TFB7|A0A4C1TFB7_EUMVA	Eumeta variegata	151549	Eukaryota; Metazoa; Arthropoda; Insecta; Lepidoptera	88.509	96.0	0.0	582.0	10	10	1.0	0.0	0.0	0.0	0.0	KEEP_ARTHROPOD	96.564	100.0	30.0	100.0	95.0	Triacylglycerol lipase family	IPR000734; IPR029058; IPR033906; IPR013818	Triacylglycerol lipase family; Alpha/Beta hydrolase fold; Lipase, N-terminal; Lipase	PF00151; Lipase	PTHR11610; LIPASE	GO:0005615(PANTHER)|GO:0016042(PANTHER)|GO:0016298(InterPro)|GO:0016298(PANTHER)|GO:0017171(PANTHER); GO:0006629(InterPro); GO:0016298(InterPro)	enzyme; digestion	DIGESTION	Pancreatic triacylglycerol lipase OS=Eumeta variegata OX=151549 GN=PNLIP PE=3 SV=1	0.0	0.0	Pupa	1.016915	36.0	Adult	475.385017	22975.518	Larva	342.654783	19964.161	Larva	0.0513	1.0	Egg	8.67955012129716	0.4394334250911083	0.07217441692431663	1.0121502849114827	0.0
g13779	8	87.26568831399517	86.459	86.459	91.83692209330111	78.06153682216852	100.0	1188.6147135	46.978708	16.698737	0.582546	21.419997	53.06043143092304	Very High	Larva	True	True	350	KEEP	Strong arthropod homology with multiple qualifying hits and strong combined evidence.	261	tr|A0A4C1WHF6|A0A4C1WHF6_EUMVA	Eumeta variegata	151549	Eukaryota; Metazoa; Arthropoda; Insecta; Lepidoptera	82.553	90.0	1.21e-133	386.0	10	10	1.0	0.0	0.0	0.0	0.0	KEEP_ARTHROPOD	92.364	100.0	30.0	100.0	95.0	Serine proteases, trypsin domain	IPR001254; IPR009003; IPR001314; IPR018114	Serine proteases, trypsin domain; Peptidase S1, PA clan; Peptidase S1A, chymotrypsin family; Serine protease-like, trypsin family, histidine active site	PF00089; Trypsin	PTHR24276; POLYSERASE-RELATED	GO:0004252(InterPro)|GO:0006508(InterPro); GO:0004252(PANTHER)	enzyme; membrane; digestion	DIGESTION	tr|A0A4C1WHF6|A0A4C1WHF6_EUMVA Trypsin CFT-1 OS=Eumeta variegata OX=151549 GN=EVAR_45629_1 PE=3 SV=1	16.698737	103.0	Pupa	46.978708	287.0	Adult	1022.533892	8517.0	Larva	1354.695535	13839.99	Larva	0.582546	2.0	Egg	10.216278680946338	4.486714179984966	0.6622474352032962	5.584322403267156	4.14557450667307
g2862	9	87.03734288577891	87.238	87.238	85.90028590519279	68.16714317532131	100.0	483.83601999999996	6.323248	0.273495	0.308475	2.3017393333333334	100.0	Very High	Larva	True	True	140	KEEP	Strong arthropod homology with multiple qualifying hits and strong combined evidence.	301	tr|A0ACC1CV66|A0ACC1CV66_9NEOP	Dendrolimus kikuchii	765133	Eukaryota; Metazoa; Arthropoda; Insecta; Lepidoptera	68.166	96.0	4.65e-145	422.0	10	10	1.0	0.0	0.0	0.0	0.0	KEEP_ARTHROPOD	94.959	100.0	30.0	100.0	95.0	Alpha/Beta hydrolase fold	IPR029058; IPR006693	Alpha/Beta hydrolase fold; Partial AB-hydrolase lipase domain	PF04083; Partial alpha/beta-hydrolase lipase region	PTHR11005; LYSOSOMAL ACID LIPASE-RELATED	GO:0006629(InterPro)	enzyme; digestion	DIGESTION	Lipase OS=Dendrolimus kikuchii OX=765133 GN=K1T71_008723 PE=3 SV=1	0.273495	8.0	Pupa	6.323248	186.0	Adult	492.531799	19778.101	Larva	475.140241	23018.0	Larva	0.308475	5.001	Egg	8.921353074940725	1.7232262264438785	0.38788636021279116	2.8724836531817313	0.3487932953095045
g16391	10	86.98754600337446	86.099	86.099	92.02264002249635	79.45238579283426	98.37802136698947	1348.590114	68.600555	61.345255	0.894328	43.613379333333334	30.250793241112767	Very High	Larva	True	True	434	KEEP	Strong arthropod homology with multiple qualifying hits and strong combined evidence.	224	tr|A0A4C1Z8T8|A0A4C1Z8T8_EUMVA	Eumeta variegata	151549	Eukaryota; Metazoa; Arthropoda; Insecta; Lepidoptera	82.432	99.0	1.6599999999999998e-138	396.0	10	10	1.0	0.0	0.0	0.0	0.0	KEEP_ARTHROPOD	98.664	100.0	30.0	100.0	80.0	Glutathione S-transferase, C-terminal domain superfamily	IPR036282; IPR036249; IPR010987; IPR004045; IPR040079; IPR004046	Glutathione S-transferase, C-terminal domain superfamily; Thioredoxin-like superfamily; Glutathione S-transferase, C-terminal-like; Glutathione S-transferase, N-terminal; Glutathione transferase family; Glutathione S-transferase, C-terminal	PF13417; Glutathione S-transferase, N-terminal domain; PF00043; Glutathione S-transferase, C-terminal domain	PTHR43969; GLUTATHIONE S TRANSFERASE D10, ISOFORM A-RELATED	GO:0004364(PANTHER)|GO:0006749(PANTHER)	enzyme	DETOXIFICATION	tr|A0A4C1Z8T8|A0A4C1Z8T8_EUMVA Glutathione S-transferase 1 OS=Eumeta variegata OX=151549 GN=GST1 PE=4 SV=1	61.345255	122.0	Pupa	68.600555	131.0	Adult	1906.842646	5028.0	Larva	790.337582	2674.997	Larva	0.894328	1.0	Egg	10.398305595427907	5.479404527078433	0.9216861528779845	6.121026905164746	5.962207857853841
g13784	11	86.96341537055172	87.089	87.089	86.25176913701145	68.75294856168574	100.0	510.29785649999997	4.353841	0.197547	0.831743	1.794377	100.0	Very High	Larva	True	True	156	KEEP	Strong arthropod homology with multiple qualifying hits and strong combined evidence.	258	tr|A0A4C1WEL4|A0A4C1WEL4_EUMVA	Eumeta variegata	151549	Eukaryota; Metazoa; Arthropoda; Insecta; Lepidoptera	87.083	93.0	1.03e-149	441.0	10	10	1.0	0.0	0.0	0.0	0.0	KEEP_ARTHROPOD	94.464	100.0	30.0	100.0	95.0	Serine proteases, trypsin family, serine active site	IPR033116; IPR018114; IPR001254; IPR001314; IPR009003	Serine proteases, trypsin family, serine active site; Serine protease-like, trypsin family, histidine active site; Serine proteases, trypsin domain; Peptidase S1A, chymotrypsin family; Peptidase S1, PA clan	PF00089; Trypsin	PTHR24276; POLYSERASE-RELATED	GO:0004252(InterPro)|GO:0006508(InterPro); GO:0004252(PANTHER)	enzyme; digestion	DIGESTION	tr|A0A4C1WEL4|A0A4C1WEL4_EUMVA trypsin OS=Eumeta variegata OX=151549 GN=EVAR_45636_1 PE=4 SV=1	0.197547	6.0	Pupa	4.353841	133.0	Adult	240.111007	10013.226	Larva	780.484706	39260.103	Larva	0.831743	14.0	Egg	8.998020167641352	1.4825266733383662	0.8732171024334129	2.4205742940183446	0.26008227837173004
g15091	12	86.83424517298438	88.559	88.559	77.06063448656255	53.43439081093759	100.0	126.39888300000001	0.49106	0.0	0.294858	0.2619726666666667	100.0	Very High	Larva	True	True	32	KEEP	Strong arthropod homology with multiple qualifying hits and strong combined evidence.	263	tr|A0A4C1SD69|A0A4C1SD69_EUMVA	Eumeta variegata	151549	Eukaryota; Metazoa; Arthropoda; Insecta; Lepidoptera	79.167	100.0	1.41e-143	412.0	10	10	1.0	0.0	0.0	0.0	0.0	KEEP_ARTHROPOD	99.364	100.0	30.0	100.0	95.0	Serine proteases, trypsin domain	IPR001254; IPR033116; IPR001314; IPR018114; IPR009003	Serine proteases, trypsin domain; Serine proteases, trypsin family, serine active site; Peptidase S1A, chymotrypsin family; Serine protease-like, trypsin family, histidine active site; Peptidase S1, PA clan	PF00089; Trypsin	PTHR24276; POLYSERASE-RELATED	GO:0004252(InterPro)|GO:0006508(InterPro); GO:0004252(PANTHER)	enzyme; membrane; digestion	DIGESTION	tr|A0A4C1SD69|A0A4C1SD69_EUMVA Trypsin, alkaline C OS=Eumeta variegata OX=151549 GN=EVAR_74357_1 PE=3 SV=1	0.0	0.0	Pupa	0.49106	6.0	Adult	155.944657	2600.003	Larva	96.853109	1960.092	Larva	0.294858	2.0	Egg	6.993208818252571	0.3356806630213344	0.37279389410605185	0.5763383125917215	0.0
g4081	13	86.81366375294795	88.06	88.06	79.75109168631965	57.91848614386609	100.0	190.3491075	1.282861	0.0	0.188102	0.490321	100.0	Very High	Larva	True	True	100	KEEP	Strong arthropod homology with multiple qualifying hits and strong combined evidence.	299	tr|A0A4C1TF99|A0A4C1TF99_EUMVA	Eumeta variegata	151549	Eukaryota; Metazoa; Arthropoda; Insecta; Lepidoptera	68.098	100.0	4.73e-150	431.0	10	10	1.0	0.0	0.0	0.0	0.0	KEEP_ARTHROPOD	97.7	100.0	30.0	100.0	95.0	Triacylglycerol lipase family	IPR000734; IPR013818; IPR029058	Triacylglycerol lipase family; Lipase; Alpha/Beta hydrolase fold	PF00151; Lipase	PTHR11610; LIPASE	GO:0005615(PANTHER)|GO:0016042(PANTHER)|GO:0016298(InterPro)|GO:0016298(PANTHER)|GO:0017171(PANTHER); GO:0016298(InterPro)	enzyme; digestion	DIGESTION	Lipoprotein lipase OS=Eumeta variegata OX=151549 GN=LPL PE=3 SV=1	0.0	0.0	Pupa	1.282861	62.0	Adult	148.230407	9781.0	Larva	232.467808	18474.0	Larva	0.188102	5.0	Egg	7.580063361707045	0.5756231060099046	0.24865869857746384	1.1908430186884638	0.0
g4085	14	86.74983607209754	87.777	87.777	80.9292404806503	59.882067467750474	100.0	227.65781850000002	1.891087	0.348749	0.0	0.7466119999999999	100.0	Very High	Larva	True	True	114	KEEP	Strong arthropod homology with multiple qualifying hits and strong combined evidence.	336	tr|A0A4C1TID5|A0A4C1TID5_EUMVA	Eumeta variegata	151549	Eukaryota; Metazoa; Arthropoda; Insecta; Lepidoptera	85.373	96.0	0.0	579.0	11	11	1.0	0.0	0.0	0.0	0.0	KEEP_ARTHROPOD	96.755	100.0	30.0	100.0	95.0	Lipase, N-terminal	IPR033906; IPR000734; IPR029058; IPR013818	Lipase, N-terminal; Triacylglycerol lipase family; Alpha/Beta hydrolase fold; Lipase	PF00151; Lipase	PTHR11610; LIPASE	GO:0006629(InterPro); GO:0016298(InterPro); GO:0005615(PANTHER)|GO:0016042(PANTHER)|GO:0016298(InterPro)|GO:0016298(PANTHER)|GO:0017171(PANTHER)	enzyme; digestion	DIGESTION	Pancreatic triacylglycerol lipase OS=Eumeta variegata OX=151549 GN=PNLIP PE=3 SV=1	0.348749	11.0	Pupa	1.891087	60.0	Adult	261.116707	11310.0	Larva	194.19893	10144.529	Larva	0.0	0.0	Egg	7.837046439854792	0.8045591572840629	0.0	1.5316120237509765	0.4316218900594826
g4083	15	86.72697111061952	87.777	87.777	80.7768074041301	62.2331951189436	96.09222583190986	282.0179055	26.649884	0.057428	0.673757	9.127023	27.946801888373315	Very High	Larva	True	True	113	KEEP	Strong arthropod homology with multiple qualifying hits and strong combined evidence.	336	tr|A0A4C1TID5|A0A4C1TID5_EUMVA	Eumeta variegata	151549	Eukaryota; Metazoa; Arthropoda; Insecta; Lepidoptera	84.478	96.0	0.0	577.0	11	11	1.0	0.0	0.0	0.0	0.0	KEEP_ARTHROPOD	96.755	100.0	30.0	100.0	95.0	Lipase, N-terminal	IPR033906; IPR000734; IPR029058; IPR013818	Lipase, N-terminal; Triacylglycerol lipase family; Alpha/Beta hydrolase fold; Lipase	PF00151; Lipase	PTHR11610; LIPASE	GO:0006629(InterPro); GO:0005615(PANTHER)|GO:0016042(PANTHER)|GO:0016298(InterPro)|GO:0016298(PANTHER)|GO:0017171(PANTHER); GO:0016298(InterPro)	enzyme; digestion	DIGESTION	Pancreatic triacylglycerol lipase OS=Eumeta variegata OX=151549 GN=PNLIP PE=3 SV=1	0.057428	2.0	Pupa	26.649884	933.927	Adult	301.904383	14444.01	Larva	262.131428	15119.171	Larva	0.673757	13.002	Egg	8.144749519718399	3.340138228122906	0.7430900892130174	4.789201522798492	0.08055943395587081
g15564	16	86.674654218357	88.559	88.559	75.99669478904667	51.661157981744466	100.0	107.46889200000001	0.343144	0.0	0.479503	0.2742156666666667	85.12600718821278	Very High	Larva	True	True	47	KEEP	Strong arthropod homology with multiple qualifying hits and strong combined evidence.	430	tr|A0A4C1SSS0|A0A4C1SSS0_EUMVA	Eumeta variegata	151549	Eukaryota; Metazoa; Arthropoda; Insecta; Lepidoptera	81.163	100.0	0.0	722.0	10	10	1.0	0.0	0.0	0.0	0.0	KEEP_ARTHROPOD	99.364	100.0	30.0	100.0	95.0	Peptidase M14, carboxypeptidase A	IPR000834; IPR003146; IPR057246; IPR036990	Peptidase M14, carboxypeptidase A; Carboxypeptidase, activation peptide; Zinc carboxypeptidases, zinc-binding region 1; Metallocarboxypeptidase-like, propeptide	PF02244; Carboxypeptidase activation peptide; PF00246; Zinc carboxypeptidase	PTHR11705; PROTEASE FAMILY M14 CARBOXYPEPTIDASE A,B	GO:0004181(InterPro)|GO:0006508(InterPro)|GO:0008270(InterPro); GO:0004181(PANTHER)|GO:0005615(PANTHER)|GO:0006508(PANTHER)	enzyme; digestion	DIGESTION	tr|A0A4C1SSS0|A0A4C1SSS0_EUMVA Carboxypeptidase B OS=Eumeta variegata OX=151549 GN=Cpb1 PE=3 SV=1	0.0	0.0	Pupa	0.343144	13.0	Adult	105.85389	5475.0	Larva	109.083894	6800.0	Larva	0.479503	10.0	Egg	6.76113753850683	0.349609480810839	0.5651126218990088	0.42561398603790596	0.0
g14301	17	86.55091787370405	88.349	88.349	76.3617858246937	52.26964304115616	100.0	113.624595	1.254323	0.0	0.235114	0.49647900000000006	76.59619346479302	Very High	Larva	True	True	57	KEEP	Strong arthropod homology with multiple qualifying hits and strong combined evidence.	188	tr|A0A4C1SD49|A0A4C1SD49_EUMVA	Eumeta variegata	151549	Eukaryota; Metazoa; Arthropoda; Insecta; Lepidoptera	85.106	99.0	4.72e-115	337.0	10	10	1.0	0.0	0.0	0.0	0.0	KEEP_ARTHROPOD	98.664	100.0	30.0	100.0	95.0	Serine protease-like, trypsin family, histidine active site	IPR018114; IPR001314; IPR001254; IPR009003	Serine protease-like, trypsin family, histidine active site; Peptidase S1A, chymotrypsin family; Serine proteases, trypsin domain; Peptidase S1, PA clan	PF00089; Trypsin	PTHR24276; POLYSERASE-RELATED	GO:0004252(InterPro)|GO:0006508(InterPro); GO:0004252(PANTHER)	enzyme; digestion	DIGESTION	tr|A0A4C1SD49|A0A4C1SD49_EUMVA Trypsin CFT-1 OS=Eumeta variegata OX=151549 GN=EVAR_74344_1 PE=3 SV=1	0.0	0.0	Pupa	1.254323	29.0	Adult	138.342847	4366.0	Larva	88.906343	3389.001	Larva	0.235114	3.0	Egg	6.840772826168457	0.5815720337251333	0.30464420751386634	1.1726942400500593	0.0
g8855	18	86.38432338235478	88.474	88.474	74.54282254903184	69.39540028340939	69.76395594746553	540.9818885	20.673777	48.767898	72.453479	47.298384666666664	11.221532401973914	Very High	Larva	True	True	52	KEEP	Strong arthropod homology with multiple qualifying hits and strong combined evidence.	367	tr|A0A4C1V1Z8|A0A4C1V1Z8_EUMVA	Eumeta variegata	151549	Eukaryota; Metazoa; Arthropoda; Insecta; Lepidoptera	69.674	100.0	0.0	563.0	10	10	1.0	0.0	0.0	0.0	0.0	KEEP_ARTHROPOD	99.079	100.0	30.0	100.0	95.0	Serpin family	IPR000215; IPR023796; IPR042178; IPR023795; IPR036186; IPR042185	Serpin family; Serpin domain; Serpin superfamily, domain 1; Serpin, conserved site; Serpin superfamily; Serpin superfamily, domain 2	PF00079; Serpin (serine protease inhibitor)	PTHR11461; SERINE PROTEASE INHIBITOR, SERPIN	GO:0004867(InterPro)|GO:0005615(InterPro)|GO:0005615(PANTHER)	enzyme; digestion	DIGESTION	Serine protease inhibitor 77Ba OS=Eumeta variegata OX=151549 GN=Spn77Ba PE=3 SV=1	48.767898	216.0	Pupa	20.673777	90.0	Adult	718.020469	4259.0	Larva	363.943308	2670.0	Larva	72.453479	179.0	Egg	9.082100831376357	5.59390303400308	6.198758918101646	4.43787868276054	5.637143549432606
g13775	19	86.25516212655728	86.459	86.459	85.10008084371523	66.83346807285874	100.0	428.587669	22.773907	0.0	0.417555	7.7304873333333335	49.20546271911053	Very High	Larva	True	True	347	KEEP	Strong arthropod homology with multiple qualifying hits and strong combined evidence.	258	tr|A0A4C1WGE0|A0A4C1WGE0_EUMVA	Eumeta variegata	151549	Eukaryota; Metazoa; Arthropoda; Insecta; Lepidoptera	96.104	90.0	2.1900000000000003e-163	460.0	10	10	1.0	0.0	0.0	0.0	0.0	KEEP_ARTHROPOD	92.364	100.0	30.0	100.0	95.0	Peptidase S1A, chymotrypsin family	IPR001314; IPR018114; IPR009003; IPR001254	Peptidase S1A, chymotrypsin family; Serine protease-like, trypsin family, histidine active site; Peptidase S1, PA clan; Serine proteases, trypsin domain	PF00089; Trypsin	PTHR24276; POLYSERASE-RELATED	GO:0004252(InterPro)|GO:0006508(InterPro); GO:0004252(PANTHER)	enzyme; digestion	DIGESTION	tr|A0A4C1WGE0|A0A4C1WGE0_EUMVA Trypsin CFT-1 OS=Eumeta variegata OX=151549 GN=EVAR_45627_1 PE=3 SV=1	0.0	0.0	Pupa	22.773907	96.0	Adult	490.327887	2816.025	Larva	366.847451	2608.273	Larva	0.417555	1.0	Egg	8.746808772185878	3.126062186931487	0.5034047116669083	4.571307109919482	0.0
g19136	20	86.1512345357921	88.167	88.167	74.72856357194743	49.547605953245736	100.0	88.5441385	4.331768	0.0	0.068165	1.4666443333333332	36.30200645059895	High	Larva	True	True	83	KEEP	Strong arthropod homology with multiple qualifying hits and strong combined evidence.	538	tr|A0A4C1SUX7|A0A4C1SUX7_EUMVA	Eumeta variegata	151549	Eukaryota; Metazoa; Arthropoda; Insecta; Lepidoptera	81.818	100.0	0.0	925.0	11	11	1.0	0.0	0.0	0.0	0.0	KEEP_ARTHROPOD	99.555	100.0	30.0	97.0	95.0	Peptidase M17, leucyl aminopeptidase, C-terminal	IPR000819; IPR011356	Peptidase M17, leucyl aminopeptidase, C-terminal; Peptidase M17, leucine aminopeptidase/peptidase B	PF00883; Cytosol aminopeptidase family, catalytic domain	PTHR11963; LEUCINE AMINOPEPTIDASE-RELATED	GO:0006508(InterPro)|GO:0046872(InterPro); GO:0005737(InterPro)|GO:0005737(PANTHER)|GO:0006508(PANTHER)|GO:0008233(PANTHER)|GO:0019538(InterPro)|GO:0030145(InterPro); GO:0005737(InterPro)|GO:0019538(InterPro)|GO:0030145(InterPro)	enzyme; digestion	DIGESTION	tr|A0A4C1SUX7|A0A4C1SUX7_EUMVA Aminopeptidase W07G4.4 OS=Eumeta variegata OX=151549 GN=lap-2 PE=3 SV=1	0.0	0.0	Pupa	4.331768	410.606	Adult	66.51677	8609.301	Larva	110.571507	17213.328	Larva	0.068165	3.548	Egg	6.4845270923275224	1.302549707722414	0.09513451808853565	2.4146140061336836	0.0
g14299	21	85.8339883804374	87.187	87.187	78.16692253624936	55.27820422708226	100.0	149.59366899999998	0.78344	0.130925	0.156991	0.35711866666666675	100.0	Very High	Larva	True	True	143	KEEP	Strong arthropod homology with multiple qualifying hits and strong combined evidence.	263	tr|A0A4C1SD49|A0A4C1SD49_EUMVA	Eumeta variegata	151549	Eukaryota; Metazoa; Arthropoda; Insecta; Lepidoptera	64.773	100.0	1.6000000000000002e-123	361.0	10	10	1.0	0.0	0.0	0.0	0.0	KEEP_ARTHROPOD	94.79	100.0	30.0	100.0	95.0	Serine protease-like, trypsin family, histidine active site	IPR018114; IPR009003; IPR001254; IPR033116; IPR001314	Serine protease-like, trypsin family, histidine active site; Peptidase S1, PA clan; Serine proteases, trypsin domain; Serine proteases, trypsin family, serine active site; Peptidase S1A, chymotrypsin family	PF00089; Trypsin	PTHR24276; POLYSERASE-RELATED	GO:0004252(InterPro)|GO:0006508(InterPro); GO:0004252(PANTHER)	enzyme; membrane; digestion	DIGESTION	tr|A0A4C1SD49|A0A4C1SD49_EUMVA Trypsin CFT-1 OS=Eumeta variegata OX=151549 GN=EVAR_74344_1 PE=3 SV=1	0.130925	6.118	Pupa	0.78344	36.868	Adult	159.468382	10245.871	Larva	139.718956	10812.174	Larva	0.156991	4.064	Egg	7.23451730975606	0.44054687575045304	0.21037764205485085	0.8346626802518637	0.17750325672311001
g3686	22	85.38133748499186	86.836	86.836	77.13824989994575	53.5637498332429	100.0	127.902697	0.429669	0.093153	0.541889	0.3549036666666667	95.13790549930854	Very High	Larva	True	True	303	KEEP	Strong arthropod homology with multiple qualifying hits and strong combined evidence.	262	tr|A0A6J1WV74|A0A6J1WV74_GALME	Galleria mellonella	7137	Eukaryota; Metazoa; Arthropoda; Insecta; Lepidoptera	69.835	92.0	2.4299999999999998e-126	367.0	10	10	1.0	0.0	0.0	0.0	0.0	KEEP_ARTHROPOD	93.619	100.0	30.0	100.0	95.0	Serine proteases, trypsin domain	IPR001254; IPR018114; IPR001314; IPR009003; IPR033116	Serine proteases, trypsin domain; Serine protease-like, trypsin family, histidine active site; Peptidase S1A, chymotrypsin family; Peptidase S1, PA clan; Serine proteases, trypsin family, serine active site	PF00089; Trypsin	PTHR24276; POLYSERASE-RELATED	GO:0004252(PANTHER); GO:0004252(InterPro)|GO:0006508(InterPro)	enzyme; membrane; digestion	DIGESTION	Trypsin, alkaline C-like OS=Galleria mellonella OX=7137 GN=LOC113516381 PE=3 SV=1	0.093153	7.75	Pupa	0.429669	36.042	Adult	125.282872	14349.57	Larva	130.522522	17984.33	Larva	0.541889	24.967	Egg	7.010138638950009	0.4381902799460366	0.6246989099263722	0.515681169847101	0.12849533778333386
g94	23	85.04228484692325	88.559	88.559	65.11423231282166	38.743578945696754	92.17021236350902	32.603824	0.450073	0.031194	0.651206	0.377491	24.394949948856294	High	Larva	True	True	35	KEEP	Strong arthropod homology with multiple qualifying hits and strong combined evidence.	328	tr|A0A4C1W5T8|A0A4C1W5T8_EUMVA	Eumeta variegata	151549	Eukaryota; Metazoa; Arthropoda; Insecta; Lepidoptera	85.41	100.0	0.0	588.0	10	10	1.0	0.0	0.0	0.0	0.0	KEEP_ARTHROPOD	99.364	100.0	30.0	100.0	95.0	Peptidase M1 family aminopeptidases	IPR050344; IPR024571	Peptidase M1 family aminopeptidases; ERAP1-like C-terminal domain	PF11838; ERAP1-like C-terminal domain	PTHR11533; PROTEASE M1 ZINC METALLOPROTEASE	GO:0005615(PANTHER)|GO:0005737(PANTHER)|GO:0006508(PANTHER)|GO:0008270(PANTHER)|GO:0016020(PANTHER)|GO:0042277(PANTHER)|GO:0043171(PANTHER)|GO:0070006(PANTHER)	enzyme; digestion	DIGESTION	Aminopeptidase OS=Eumeta variegata OX=151549 GN=EVAR_95141_1 PE=3 SV=1	0.031194	0.934	Pupa	0.450073	13.558	Adult	26.85159	1104.249	Larva	38.356058	1902.751	Larva	0.651206	10.81	Egg	5.070553510984381	0.46204289280893024	0.7235201182154462	0.5361255306450354	0.04431577451872958
g4994	24	84.83719506809214	87.059	87.059	72.24696712061434	100.0	18.117417801535872	8703.031348	4017.159674	2214.440843	7701.696418	4644.4323116666665	1.873675206964152	Very High	Larva	True	True	184	KEEP	Strong arthropod homology with multiple qualifying hits and strong combined evidence.	153	tr|A0A4C1VV52|A0A4C1VV52_EUMVA	Eumeta variegata	151549	Eukaryota; Metazoa; Arthropoda; Insecta; Lepidoptera	97.386	100.0	3.86e-109	315.0	10	10	1.0	0.0	0.0	0.0	0.0	KEEP_ARTHROPOD	99.364	100.0	30.0	100.0	85.0	Nucleoside diphosphate kinase-like domain	IPR034907; IPR036850; IPR023005; IPR001564	Nucleoside diphosphate kinase-like domain; Nucleoside diphosphate kinase-like domain superfamily; Nucleoside diphosphate kinase, active site; Nucleoside diphosphate kinase	PF00334; Nucleoside diphosphate kinase	PTHR11349; NUCLEOSIDE DIPHOSPHATE KINASE	GO:0004550(InterPro)|GO:0006183(InterPro)|GO:0006228(InterPro)|GO:0006241(InterPro)	enzyme	SIGNALING	Nucleoside diphosphate kinase OS=Eumeta variegata OX=151549 GN=awd PE=3 SV=1	2214.440843	2212.0	Pupa	4017.159674	3712.0	Adult	10589.754482	13737.0	Larva	6816.308214	12103.753	Larva	7701.696418	4399.0	Egg	13.087468037197342	12.181597147120547	12.911147850977223	11.972319179821108	11.113378088962824
g3621	25	84.73019123778349	88.637	88.637	62.5916082518898	37.0054293245426	88.47087664291061	27.701888	0.951708	0.009078	0.051689	0.3374916666666667	21.45948921800136	High	Larva	True	True	18	KEEP	Strong arthropod homology with multiple qualifying hits and strong combined evidence.	952	tr|A0A4C1W5T8|A0A4C1W5T8_EUMVA	Eumeta variegata	151549	Eukaryota; Metazoa; Arthropoda; Insecta; Lepidoptera	86.149	100.0	0.0	1704.0	12	12	1.0	0.0	0.0	0.0	0.0	KEEP_ARTHROPOD	99.624	100.0	30.0	100.0	95.0	Aminopeptidase N-type	IPR034016; IPR014782; IPR045357; IPR042097; IPR050344; IPR027268; IPR024571; IPR001930	Aminopeptidase N-type; Peptidase M1, membrane alanine aminopeptidase; Aminopeptidase N-like , N-terminal domain; Aminopeptidase N-like , N-terminal domain superfamliy; Peptidase M1 family aminopeptidases; Peptidase M4/M1, CTD superfamily; ERAP1-like C-terminal domain; Peptidase M1, alanine aminopeptidase/leukotriene A4 hydrolase	PF01433; Peptidase family M1 domain; PF17900; Peptidase M1 N-terminal domain; PF11838; ERAP1-like C-terminal domain	PTHR11533; PROTEASE M1 ZINC METALLOPROTEASE	GO:0008237(InterPro)|GO:0008270(InterPro); GO:0005615(PANTHER)|GO:0005737(PANTHER)|GO:0006508(PANTHER)|GO:0008270(PANTHER)|GO:0016020(PANTHER)|GO:0042277(PANTHER)|GO:0043171(PANTHER)|GO:0070006(PANTHER); GO:0006508(InterPro)	enzyme; digestion	DIGESTION	Aminopeptidase OS=Eumeta variegata OX=151549 GN=EVAR_95141_1 PE=3 SV=1	0.009078	1.035	Pupa	0.951708	109.444	Adult	25.448318	3996.075	Larva	29.955458	5656.289	Larva	0.051689	3.263	Egg	4.843073734877164	0.4195299027316334	0.07270814142530717	0.9647372237697652	0.013037696608671432
g7361	26	84.39472232410246	86.099	86.099	74.73714882734969	49.561914712249475	100.0	88.6604445	3.024985	0.096411	1.564905	1.5621003333333334	34.99489982242434	High	Larva	True	True	426	KEEP	Strong arthropod homology with multiple qualifying hits and strong combined evidence.	153	tr|A0A4C1TWG3|A0A4C1TWG3_EUMVA	Eumeta variegata	151549	Eukaryota; Metazoa; Arthropoda; Insecta; Lepidoptera	76.974	99.0	2.82e-79	243.0	10	10	1.0	0.0	0.0	0.0	0.0	KEEP_ARTHROPOD	98.664	100.0	10.0	100.0	100.0	Chitin binding domain	IPR002557; IPR051940; IPR036508	Chitin binding domain; Chitin-binding developmental regulator; Chitin binding domain superfamily	PF01607; Chitin binding Peritrophin-A domain	PTHR23301; CHITIN BINDING PERITROPHIN-A	GO:0005576(InterPro)|GO:0008061(InterPro); GO:0008061(InterPro)	development	CHITIN	Chitin-binding type-2 domain-containing protein OS=Eumeta variegata OX=151549 GN=EVAR_14750_1 PE=4 SV=1	0.096411	2.0	Pupa	3.024985	63.0	Adult	83.229879	2366.0	Larva	94.09101	3232.668	Larva	1.564905	18.0	Egg	6.486399746588657	1.3573269735593971	1.3589053916931395	2.0089834067139782	0.13278870752463073
g13776	27	84.23758974118502	86.879	86.879	69.26959827456676	40.44933045761127	100.0	38.227492	0.144054	0.0	0.0	0.048018	37.430170092498415	High	Larva	True	True	244	KEEP	Strong arthropod homology with multiple qualifying hits and strong combined evidence.	250	tr|A0A4C1WGE0|A0A4C1WGE0_EUMVA	Eumeta variegata	151549	Eukaryota; Metazoa; Arthropoda; Insecta; Lepidoptera	88.261	92.0	2.17e-151	430.0	10	10	1.0	0.0	0.0	0.0	0.0	KEEP_ARTHROPOD	93.764	100.0	30.0	100.0	95.0	Serine proteases, trypsin domain	IPR001254; IPR009003; IPR018114; IPR001314	Serine proteases, trypsin domain; Peptidase S1, PA clan; Serine protease-like, trypsin family, histidine active site; Peptidase S1A, chymotrypsin family	PF00089; Trypsin	PTHR24276; POLYSERASE-RELATED	GO:0004252(InterPro)|GO:0006508(InterPro); GO:0004252(PANTHER)	enzyme; digestion	DIGESTION	tr|A0A4C1WGE0|A0A4C1WGE0_EUMVA Trypsin CFT-1 OS=Eumeta variegata OX=151549 GN=EVAR_45627_1 PE=3 SV=1	0.0	0.0	Pupa	0.144054	1.0	Adult	24.612725	232.995	Larva	51.842259	600.446	Larva	0.0	0.0	Egg	5.293793194900204	0.06766349577586551	0.0	0.19415514975055606	0.0
g6193	28	84.13155750450123	88.605	88.605	58.78205003000821	36.772472267640964	79.29641667355907	27.101701	2.049993	0.305274	0.043864	0.7997103333333334	15.614568900069287	High	Larva	True	True	22	KEEP	Strong arthropod homology with multiple qualifying hits and strong combined evidence.	415	tr|A0A4C1ZXS9|A0A4C1ZXS9_EUMVA	Eumeta variegata	151549	Eukaryota; Metazoa; Arthropoda; Insecta; Lepidoptera	82.169	100.0	0.0	729.0	11	12	1.0	0.0	0.0	0.0	0.0	KEEP_ARTHROPOD	99.516	100.0	30.0	100.0	95.0	Peptidase M14, carboxypeptidase A	IPR000834; IPR036990; IPR003146	Peptidase M14, carboxypeptidase A; Metallocarboxypeptidase-like, propeptide; Carboxypeptidase, activation peptide	PF00246; Zinc carboxypeptidase; PF02244; Carboxypeptidase activation peptide	PTHR11705; PROTEASE FAMILY M14 CARBOXYPEPTIDASE A,B	GO:0004181(InterPro)|GO:0006508(InterPro)|GO:0008270(InterPro); GO:0004181(PANTHER)|GO:0005615(PANTHER)|GO:0006508(PANTHER)	enzyme; digestion	DIGESTION	Zinc carboxypeptidase A 1 OS=Eumeta variegata OX=151549 GN=EVAR_70481_1 PE=3 SV=1	0.305274	15.621	Pupa	2.049993	105.669	Adult	26.797504	1885.946	Larva	27.405898	2322.517	Larva	0.043864	1.243	Egg	4.812585554514768	0.8477647208368144	0.06193376238058825	1.6088059315683518	0.3843526856827061
g13777	29	84.12407276789914	86.459	86.459	70.89281845266092	43.15469742110153	100.0	49.138858	0.989365	0.0	0.11858	0.369315	36.61601457663138	High	Larva	True	True	348	KEEP	Strong arthropod homology with multiple qualifying hits and strong combined evidence.	258	tr|A0A4C1WGE0|A0A4C1WGE0_EUMVA	Eumeta variegata	151549	Eukaryota; Metazoa; Arthropoda; Insecta; Lepidoptera	91.342	90.0	8.030000000000001e-154	436.0	10	10	1.0	0.0	0.0	0.0	0.0	KEEP_ARTHROPOD	92.364	100.0	30.0	100.0	95.0	Serine proteases, trypsin domain	IPR001254; IPR018114; IPR001314; IPR009003	Serine proteases, trypsin domain; Serine protease-like, trypsin family, histidine active site; Peptidase S1A, chymotrypsin family; Peptidase S1, PA clan	PF00089; Trypsin	PTHR24276; POLYSERASE-RELATED	GO:0004252(InterPro)|GO:0006508(InterPro); GO:0004252(PANTHER)	enzyme; digestion	DIGESTION	tr|A0A4C1WGE0|A0A4C1WGE0_EUMVA Trypsin CFT-1 OS=Eumeta variegata OX=151549 GN=EVAR_45627_1 PE=3 SV=1	0.0	0.0	Pupa	0.989365	15.299	Adult	60.317226	1272.945	Larva	37.96049	970.297	Larva	0.11858	1.015	Egg	5.647857231535888	0.45345436526834265	0.16166844055076807	0.9923079998415072	0.0
g13778	30	83.96690551329597	86.056	86.056	72.12870342197311	47.71734845570918	96.245735871369	74.845555	3.160905	1.098412	0.83926	1.699525666666667	28.095882153123934	High	Larva	True	True	438	KEEP	Strong arthropod homology with multiple qualifying hits and strong combined evidence.	258	tr|A0A4C1WGE0|A0A4C1WGE0_EUMVA	Eumeta variegata	151549	Eukaryota; Metazoa; Arthropoda; Insecta; Lepidoptera	69.264	89.0	2.68e-108	321.0	10	10	1.0	0.0	0.0	0.0	0.0	KEEP_ARTHROPOD	91.02	100.0	30.0	100.0	95.0	Serine proteases, trypsin domain	IPR001254; IPR009003; IPR001314; IPR018114	Serine proteases, trypsin domain; Peptidase S1, PA clan; Peptidase S1A, chymotrypsin family; Serine protease-like, trypsin family, histidine active site	PF00089; Trypsin	PTHR24276; POLYSERASE-RELATED	GO:0004252(PANTHER); GO:0004252(InterPro)|GO:0006508(InterPro)	enzyme; membrane; digestion	DIGESTION	tr|A0A4C1WGE0|A0A4C1WGE0_EUMVA Trypsin CFT-1 OS=Eumeta variegata OX=151549 GN=EVAR_45627_1 PE=3 SV=1	1.098412	27.393	Pupa	3.160905	79.217	Adult	88.000933	3010.549	Larva	61.690177	2548.0	Larva	0.83926	11.602	Egg	6.244992727339018	1.4327059337705677	0.8791254352675442	2.056897349763716	1.0692979629495174
g2864	31	83.60830823205784	87.929	87.929	59.12438821371896	33.96418486269086	84.3646932402611	20.7818085	0.464144	0.046607	0.0	0.1702503333333333	18.61294791342365	High	Larva	True	True	106	KEEP	Strong arthropod homology with multiple qualifying hits and strong combined evidence.	265	tr|A0A4C1SF71|A0A4C1SF71_EUMVA	Eumeta variegata	151549	Eukaryota; Metazoa; Arthropoda; Insecta; Lepidoptera	72.109	97.0	1.18e-151	435.0	10	10	1.0	0.0	0.0	0.0	0.0	KEEP_ARTHROPOD	97.264	100.0	30.0	100.0	95.0	Serine protease-like, trypsin family, histidine active site	IPR018114; IPR001254; IPR033116; IPR009003; IPR001314	Serine protease-like, trypsin family, histidine active site; Serine proteases, trypsin domain; Serine proteases, trypsin family, serine active site; Peptidase S1, PA clan; Peptidase S1A, chymotrypsin family	PF00089; Trypsin	PTHR24276; POLYSERASE-RELATED	GO:0004252(InterPro)|GO:0006508(InterPro); GO:0004252(PANTHER)	enzyme; membrane; digestion	DIGESTION	Trypsin, alkaline C OS=Eumeta variegata OX=151549 GN=EVAR_74358_1 PE=4 SV=1	0.046607	1.0	Pupa	0.464144	10.0	Adult	15.468243	454.897	Larva	26.095374	927.309	Larva	0.0	0.0	Egg	4.4450518379992845	0.22681717598622986	0.0	0.5500574510737581	0.06571981324500416
g17633	32	83.50752179812137	88.139	88.139	57.26247865414255	31.731973159420907	83.05823689622501	16.7889795	0.0	0.0	0.0	0.0	17.7889795	High	Larva	True	True	91	KEEP	Strong arthropod homology with multiple qualifying hits and strong combined evidence.	408	tr|A0A4C1YXT1|A0A4C1YXT1_EUMVA	Eumeta variegata	151549	Eukaryota; Metazoa; Arthropoda; Insecta; Lepidoptera	76.633	98.0	0.0	660.0	10	10	1.0	0.0	0.0	0.0	0.0	KEEP_ARTHROPOD	97.964	100.0	30.0	100.0	95.0	Alpha/Beta hydrolase fold	IPR029058; IPR025483; IPR006693	Alpha/Beta hydrolase fold; Lipase, eukaryotic; Partial AB-hydrolase lipase domain	PF04083; Partial alpha/beta-hydrolase lipase region	PTHR11005; LYSOSOMAL ACID LIPASE-RELATED	GO:0016788(InterPro); GO:0006629(InterPro)	enzyme; digestion	DIGESTION	tr|A0A4C1YXT1|A0A4C1YXT1_EUMVA Lipase OS=Eumeta variegata OX=151549 GN=Lip1 PE=3 SV=1	0.0	0.0	Pupa	0.0	0.0	Adult	25.727128	157.116	Larva	7.850831	59.251	Larva	0.0	0.0	Egg	4.152911844811251	0.0	0.0	0.0	0.0
g16392	33	83.42134422203452	86.309	86.309	67.05796148023026	61.21369851699594	63.324355925081754	257.0171635	57.079851	26.147158	0.0	27.74233633333333	8.976902938845994	Very High	Larva	True	True	380	KEEP	Strong arthropod homology with multiple qualifying hits and strong combined evidence.	224	tr|A0A4C1Z354|A0A4C1Z354_EUMVA	Eumeta variegata	151549	Eukaryota; Metazoa; Arthropoda; Insecta; Lepidoptera	75.446	100.0	4.9e-126	364.0	10	10	1.0	0.0	0.0	0.0	0.0	KEEP_ARTHROPOD	99.364	100.0	30.0	100.0	80.0	Glutathione transferase family	IPR040079; IPR036282; IPR004045; IPR036249; IPR004046; IPR010987	Glutathione transferase family; Glutathione S-transferase, C-terminal domain superfamily; Glutathione S-transferase, N-terminal; Thioredoxin-like superfamily; Glutathione S-transferase, C-terminal; Glutathione S-transferase, C-terminal-like	PF13417; Glutathione S-transferase, N-terminal domain; PF00043; Glutathione S-transferase, C-terminal domain	PTHR43969; GLUTATHIONE S TRANSFERASE D10, ISOFORM A-RELATED	GO:0004364(PANTHER)|GO:0006749(PANTHER)	enzyme	DETOXIFICATION	tr|A0A4C1Z354|A0A4C1Z354_EUMVA Glutathione S-transferase 1 OS=Eumeta variegata OX=151549 GN=GST1 PE=4 SV=1	26.147158	52.0	Pupa	57.079851	109.0	Adult	443.716368	1170.0	Larva	70.317959	238.0	Larva	0.0	0.0	Egg	8.011323227798187	4.8451054315440985	0.0	5.859965847087472	4.762729266990009
g16852	34	83.3750769508647	86.249	86.249	67.08951300576464	42.87567887322004	90.91026420458157	47.8857055	3.280111	0.0	0.0	1.0933703333333333	23.352631267186197	High	Larva	True	True	399	KEEP	Strong arthropod homology with multiple qualifying hits and strong combined evidence.	553	tr|A0A4C1V353|A0A4C1V353_EUMVA	Eumeta variegata	151549	Eukaryota; Metazoa; Arthropoda; Insecta; Lepidoptera	76.834	94.0	0.0	840.0	10	10	1.0	0.0	0.0	0.0	0.0	KEEP_ARTHROPOD	95.164	100.0	30.0	93.0	95.0	Alpha/Beta hydrolase fold	IPR029058; IPR002018; IPR019826	Alpha/Beta hydrolase fold; Carboxylesterase, type B; Carboxylesterase type B, active site	PF00135; Carboxylesterase family	PTHR43142; CARBOXYLIC ESTER HYDROLASE		enzyme	DIGESTION	tr|A0A4C1V353|A0A4C1V353_EUMVA Bile salt-activated lipase OS=Eumeta variegata OX=151549 GN=Cel PE=3 SV=1	0.0	0.0	Pupa	3.280111	55.0	Adult	47.936191	1097.0	Larva	47.83522	1325.0	Larva	0.0	0.0	Egg	5.611340768264046	1.065827558034968	0.0	2.097648211830395	0.0
g3431	35	83.3464561918713	88.349	88.349	54.99870794580869	32.9473252856473	75.57578193605077	18.862436000000002	0.573551	0.158385	0.609415	0.447117	13.725521847922458	High	Larva	True	True	69	KEEP	Strong arthropod homology with multiple qualifying hits and strong combined evidence.	715	tr|A0A4C1Y2D1|A0A4C1Y2D1_EUMVA	Eumeta variegata	151549	Eukaryota; Metazoa; Arthropoda; Insecta; Lepidoptera	77.507	99.0	0.0	1154.0	10	10	1.0	0.0	0.0	0.0	0.0	KEEP_ARTHROPOD	98.664	100.0	30.0	100.0	95.0	Peptidase M24, C-terminal domain	IPR032416; IPR050422; IPR036005; IPR029149; IPR000994; IPR033740; IPR000587	Peptidase M24, C-terminal domain; Xaa-Pro aminopeptidase P; Creatinase/aminopeptidase-like; Creatinase/Aminopeptidase P/Spt16, N-terminal; Peptidase M24; Aminopeptidase P; Creatinase, N-terminal	PF16188; C-terminal region of peptidase_M24; PF00557; Metallopeptidase family M24; PF01321; Creatinase/Prolidase N-terminal domain; PF16189	PTHR43763; XAA-PRO AMINOPEPTIDASE 1	GO:0070006(InterPro)	enzyme; digestion	DIGESTION	Xaa-Pro aminopeptidase 1 OS=Eumeta variegata OX=151549 GN=XPNPEP1 PE=3 SV=1	0.158385	31.5	Pupa	0.573551	115.103	Adult	19.719277	5403.893	Larva	18.005595	5930.57	Larva	0.609415	67.105	Egg	4.311970665870528	0.5331815690679892	0.6865363840124236	0.6540239382516667	0.21211482610616245
g96	36	83.27840957892974	87.682	87.682	58.32473052619823	40.91827979637912	71.9344066209269	39.9322705	6.900779	0.151282	0.097947	2.383336	12.098198494030745	High	Larva	True	True	121	KEEP	Strong arthropod homology with multiple qualifying hits and strong combined evidence.	985	tr|A0A4C1W529|A0A4C1W529_EUMVA	Eumeta variegata	151549	Eukaryota; Metazoa; Arthropoda; Insecta; Lepidoptera	88.782	95.0	0.0	1752.0	18	18	1.0	0.0	0.0	0.0	0.0	KEEP_ARTHROPOD	96.44	100.0	30.0	100.0	95.0	Aminopeptidase N-type	IPR034016; IPR045357; IPR027268; IPR042097; IPR024571; IPR001930; IPR014782; IPR050344	Aminopeptidase N-type; Aminopeptidase N-like , N-terminal domain; Peptidase M4/M1, CTD superfamily; Aminopeptidase N-like , N-terminal domain superfamliy; ERAP1-like C-terminal domain; Peptidase M1, alanine aminopeptidase/leukotriene A4 hydrolase; Peptidase M1, membrane alanine aminopeptidase; Peptidase M1 family aminopeptidases	PF17900; Peptidase M1 N-terminal domain; PF11838; ERAP1-like C-terminal domain; PF01433; Peptidase family M1 domain	PTHR11533; PROTEASE M1 ZINC METALLOPROTEASE	GO:0006508(InterPro); GO:0008237(InterPro)|GO:0008270(InterPro); GO:0005615(PANTHER)|GO:0005737(PANTHER)|GO:0006508(PANTHER)|GO:0008270(PANTHER)|GO:0016020(PANTHER)|GO:0042277(PANTHER)|GO:0043171(PANTHER)|GO:0070006(PANTHER)	enzyme; digestion	DIGESTION	Aminopeptidase OS=Eumeta variegata OX=151549 GN=EVAR_95138_1 PE=3 SV=1	0.151282	14.0	Pupa	6.900779	643.975	Adult	32.898594	4192.027	Larva	46.965947	7198.202	Larva	0.097947	5.02	Egg	5.3551667897220945	1.7584464586757491	0.13480841437713614	2.9819949069644185	0.20324125672894938
g15563	37	83.0013659323447	88.559	88.559	51.50810621563133	28.98514667032559	72.79254553358993	12.865442999999999	0.337475	0.0	0.0	0.11249166666666667	12.463412909459995	High	Larva	True	True	50	KEEP	Strong arthropod homology with multiple qualifying hits and strong combined evidence.	430	tr|A0A4C1SUH7|A0A4C1SUH7_EUMVA	Eumeta variegata	151549	Eukaryota; Metazoa; Arthropoda; Insecta; Lepidoptera	88.372	100.0	0.0	804.0	10	10	1.0	0.0	0.0	0.0	0.0	KEEP_ARTHROPOD	99.364	100.0	30.0	100.0	95.0	Peptidase M14, carboxypeptidase A	IPR000834; IPR036990; IPR003146; IPR057246	Peptidase M14, carboxypeptidase A; Metallocarboxypeptidase-like, propeptide; Carboxypeptidase, activation peptide; Zinc carboxypeptidases, zinc-binding region 1	PF02244; Carboxypeptidase activation peptide; PF00246; Zinc carboxypeptidase	PTHR11705; PROTEASE FAMILY M14 CARBOXYPEPTIDASE A,B	GO:0004181(InterPro)|GO:0006508(InterPro)|GO:0008270(InterPro); GO:0004181(PANTHER)|GO:0005615(PANTHER)|GO:0006508(PANTHER)	enzyme; digestion	DIGESTION	tr|A0A4C1SUH7|A0A4C1SUH7_EUMVA Carboxypeptidase B OS=Eumeta variegata OX=151549 GN=EVAR_3353_1 PE=3 SV=1	0.0	0.0	Pupa	0.337475	12.0	Adult	9.702384	471.0	Larva	16.028502	938.0	Larva	0.0	0.0	Egg	3.793421806013631	0.1537945293341345	0.0	0.4195119249993138	0.0
g1854	38	82.98923009458795	88.259	88.259	53.12720063058637	31.389166703046513	73.23425152189616	16.244294	1.087722	0.0	0.0	0.362574	12.655675214703935	High	Larva	True	True	79	KEEP	Strong arthropod homology with multiple qualifying hits and strong combined evidence.	408	tr|A0A4C1YY61|A0A4C1YY61_EUMVA	Eumeta variegata	151549	Eukaryota; Metazoa; Arthropoda; Insecta; Lepidoptera	77.696	100.0	0.0	671.0	10	10	1.0	0.0	0.0	0.0	0.0	KEEP_ARTHROPOD	99.364	100.0	30.0	93.0	100.0	Ecdysteroid kinase-like	IPR004119; IPR011009; IPR015897	Ecdysteroid kinase-like; Protein kinase-like domain superfamily; CHK kinase-like	PF02958; Ecdysteroid kinase-like family	PTHR11012; PROTEIN KINASE-LIKE DOMAIN-CONTAINING		enzyme	GROWTH_DEVELOPMENT	CHK kinase-like domain-containing protein OS=Eumeta variegata OX=151549 GN=EVAR_49423_1 PE=4 SV=1	0.0	0.0	Pupa	1.087722	9.0	Adult	10.189751	115.0	Larva	22.298837	307.0	Larva	0.0	0.0	Egg	4.108047159403803	0.4463345833089955	0.0	1.0619296161591056	0.0
g13781	39	82.97265149524436	88.349	88.349	52.50667663496243	31.06295828045324	72.17225416672622	15.741475	0.698378	0.091884	0.327055	0.37243899999999996	12.198338141075853	High	Larva	True	True	58	KEEP	Strong arthropod homology with multiple qualifying hits and strong combined evidence.	259	tr|A0A4C1WDX3|A0A4C1WDX3_EUMVA	Eumeta variegata	151549	Eukaryota; Metazoa; Arthropoda; Insecta; Lepidoptera	87.984	99.0	1.02e-159	452.0	10	10	1.0	0.0	0.0	0.0	0.0	KEEP_ARTHROPOD	98.664	100.0	30.0	100.0	95.0	Serine proteases, trypsin family, serine active site	IPR033116; IPR018114; IPR001314; IPR001254; IPR009003	Serine proteases, trypsin family, serine active site; Serine protease-like, trypsin family, histidine active site; Peptidase S1A, chymotrypsin family; Serine proteases, trypsin domain; Peptidase S1, PA clan	PF00089; Trypsin	PTHR24276; POLYSERASE-RELATED	GO:0004252(InterPro)|GO:0006508(InterPro); GO:0004252(PANTHER)	enzyme; membrane; digestion	DIGESTION	tr|A0A4C1WDX3|A0A4C1WDX3_EUMVA Trypsin CFT-1 OS=Eumeta variegata OX=151549 GN=EVAR_45633_1 PE=3 SV=1	0.091884	2.002	Pupa	0.698378	15.283	Adult	10.605152	316.774	Larva	20.877798	753.469	Larva	0.327055	3.951	Egg	4.065354736362263	0.45674202802595265	0.40822816466660405	0.7641575884752955	0.12681959479799887
g17097	40	82.95621785848965	86.21	86.21	64.51811905659767	42.57742934699931	84.92915362099522	46.580794499999996	4.12091	0.399505	0.0	1.506805	18.98065246399301	High	Larva	True	True	414	KEEP	Strong arthropod homology with multiple qualifying hits and strong combined evidence.	418	tr|A0A4C1YDZ7|A0A4C1YDZ7_EUMVA	Eumeta variegata	151549	Eukaryota; Metazoa; Arthropoda; Insecta; Lepidoptera	74.677	93.0	0.0	590.0	10	10	1.0	0.0	0.0	0.0	0.0	KEEP_ARTHROPOD	92.535	100.0	30.0	93.0	100.0	Protein kinase-like domain superfamily	IPR011009; IPR015897; IPR004119	Protein kinase-like domain superfamily; CHK kinase-like; Ecdysteroid kinase-like	PF02958; Ecdysteroid kinase-like family	PTHR11012; PROTEIN KINASE-LIKE DOMAIN-CONTAINING		enzyme	GROWTH_DEVELOPMENT	tr|A0A4C1YDZ7|A0A4C1YDZ7_EUMVA CHK kinase-like domain-containing protein OS=Eumeta variegata OX=151549 GN=EVAR_48853_1 PE=4 SV=1	0.399505	6.0	Pupa	4.12091	62.0	Adult	40.375308	829.0	Larva	52.786281	1313.0	Larva	0.0	0.0	Egg	5.572307456848816	1.3258497757990553	0.0	2.35640020394237	0.48491664122473904
g19140	41	82.78431837400561	88.139	88.139	52.44112249337075	29.776387872730997	73.93822442433037	13.897261499999999	0.446248	0.0	0.0	0.14874933333333332	12.968243869854982	High	Larva	True	True	97	KEEP	Strong arthropod homology with multiple qualifying hits and strong combined evidence.	408	tr|A0A4C1YXT1|A0A4C1YXT1_EUMVA	Eumeta variegata	151549	Eukaryota; Metazoa; Arthropoda; Insecta; Lepidoptera	76.131	98.0	0.0	659.0	10	10	1.0	0.0	0.0	0.0	0.0	KEEP_ARTHROPOD	97.964	100.0	30.0	100.0	95.0	Lipase, eukaryotic	IPR025483; IPR029058; IPR006693	Lipase, eukaryotic; Alpha/Beta hydrolase fold; Partial AB-hydrolase lipase domain	PF04083; Partial alpha/beta-hydrolase lipase region	PTHR11005; LYSOSOMAL ACID LIPASE-RELATED	GO:0016788(InterPro); GO:0006629(InterPro)	enzyme; digestion	DIGESTION	tr|A0A4C1YXT1|A0A4C1YXT1_EUMVA Lipase OS=Eumeta variegata OX=151549 GN=Lip1 PE=3 SV=1	0.0	0.0	Pupa	0.446248	2.0	Adult	18.44135	112.622	Larva	9.353173	70.589	Larva	0.0	0.0	Egg	3.8969752454755744	0.20006402425905592	0.0	0.5323149642474917	0.0
g15566	42	82.30554526622755	88.559	88.559	46.86930177485039	25.73060133959074	66.07735242773987	9.3208095	0.06196	0.0	0.073287	0.045082333333333335	9.875594650118476	Moderate	Larva	True	True	49	KEEP	Strong arthropod homology with multiple qualifying hits and strong combined evidence.	414	tr|A0A4C1SSS2|A0A4C1SSS2_EUMVA	Eumeta variegata	151549	Eukaryota; Metazoa; Arthropoda; Insecta; Lepidoptera	80.288	100.0	0.0	697.0	10	10	1.0	0.0	0.0	0.0	0.0	KEEP_ARTHROPOD	99.364	100.0	30.0	100.0	95.0	Metallocarboxypeptidase-like, propeptide	IPR036990; IPR000834; IPR003146	Metallocarboxypeptidase-like, propeptide; Peptidase M14, carboxypeptidase A; Carboxypeptidase, activation peptide	PF00246; Zinc carboxypeptidase; PF02244; Carboxypeptidase activation peptide	PTHR11705; PROTEASE FAMILY M14 CARBOXYPEPTIDASE A,B	GO:0004181(InterPro)|GO:0006508(InterPro)|GO:0008270(InterPro); GO:0004181(PANTHER)|GO:0005615(PANTHER)|GO:0006508(PANTHER)	enzyme; digestion	DIGESTION	tr|A0A4C1SSS2|A0A4C1SSS2_EUMVA Carboxypeptidase A2 OS=Eumeta variegata OX=151549 GN=Cpa2 PE=3 SV=1	0.0	0.0	Pupa	0.06196	2.205	Adult	7.688927	373.607	Larva	10.952692	641.558	Larva	0.073287	1.436	Egg	3.3674842260976092	0.06361660471061625	0.10203590844509733	0.0867294263224444	0.0
g4477	43	82.1846167946582	86.367	86.367	58.48444529772125	70.76315966481901	27.5663737470746	612.579258	206.773025	77.777586	420.520142	235.02358433333333	2.5996523175135295	Very High	Larva	True	True	366	KEEP	Strong arthropod homology with multiple qualifying hits and strong combined evidence.	151	tr|A0A4C1SZL2|A0A4C1SZL2_EUMVA	Eumeta variegata	151549	Eukaryota; Metazoa; Arthropoda; Insecta; Lepidoptera	82.781	100.0	1.09e-78	237.0	11	11	1.0	0.0	0.0	0.0	0.0	KEEP_ARTHROPOD	99.555	100.0	30.0	100.0	80.0	Membrane associated eicosanoid/glutathione metabolism-like domain superfamily	IPR023352; IPR040162; IPR001129	Membrane associated eicosanoid/glutathione metabolism-like domain superfamily; Microsomal glutathione S-transferase 1-like; Membrane-associated, eicosanoid/glutathione metabolism (MAPEG) protein	PF01124; MAPEG family	PTHR10689; MICROSOMAL GLUTATHIONE S-TRANSFERASE 1	GO:0016020(InterPro)	enzyme	DETOXIFICATION	Microsomal glutathione S-transferase 1 OS=Eumeta variegata OX=151549 GN=Mgst1 PE=3 SV=1	77.777586	75.529	Pupa	206.773025	185.399	Adult	624.676456	786.933	Larva	600.48206	1039.132	Larva	420.520142	233.728	Egg	9.261105903244111	7.882787215890381	8.719457760608103	7.698864552270554	6.299713303674959
g4114	44	82.1675426265934	86.309	86.309	58.69928417728946	72.5432190388135	25.433381885003392	720.107534	575.011003	227.129596	90.865046	297.6685483333333	2.4144073355698557	Very High	Larva	True	True	383	KEEP	Strong arthropod homology with multiple qualifying hits and strong combined evidence.	226	tr|A0A4C1Z8Z0|A0A4C1Z8Z0_EUMVA	Eumeta variegata	151549	Eukaryota; Metazoa; Arthropoda; Insecta; Lepidoptera	79.646	100.0	2.11e-140	399.0	10	10	1.0	0.0	0.0	0.0	0.0	KEEP_ARTHROPOD	99.364	100.0	30.0	100.0	80.0	Glutathione S-transferase, C-terminal-like	IPR010987; IPR036249; IPR004045; IPR036282; IPR040079	Glutathione S-transferase, C-terminal-like; Thioredoxin-like superfamily; Glutathione S-transferase, N-terminal; Glutathione S-transferase, C-terminal domain superfamily; Glutathione transferase family	PF13410; Glutathione S-transferase, C-terminal domain; PF13417; Glutathione S-transferase, N-terminal domain	PTHR43969; GLUTATHIONE S TRANSFERASE D10, ISOFORM A-RELATED	GO:0004364(PANTHER)|GO:0006749(PANTHER)	enzyme	DETOXIFICATION	Glutathione S-transferase 1 OS=Eumeta variegata OX=151549 GN=GST1 PE=4 SV=1	227.129596	458.0	Pupa	575.011003	1114.0	Adult	934.013299	2498.0	Larva	506.201769	1735.989	Larva	90.865046	103.0	Egg	9.494070604858774	8.222401510608604	6.521444125553097	9.169952560160926	7.83370981412155
g2734	45	82.08825466472257	88.559	88.559	45.42069776481719	75.70116294136199	0.0	959.316066	570.405533	3209.629893	1207.409597	1662.4816743333333	0.5772928435685123	Very High	Pupa	False	True	27	KEEP	Strong arthropod homology with multiple qualifying hits and strong combined evidence.	468	tr|A0A4C1TFN7|A0A4C1TFN7_EUMVA	Eumeta variegata	151549	Eukaryota; Metazoa; Arthropoda; Insecta; Lepidoptera	97.65	100.0	0.0	964.0	10	10	1.0	0.0	0.0	0.0	0.0	KEEP_ARTHROPOD	99.364	100.0	30.0	100.0	95.0	Metalloenzyme, LuxS/M16 peptidase-like	IPR011249; IPR011765; IPR001431; IPR050361; IPR007863	Metalloenzyme, LuxS/M16 peptidase-like; Peptidase M16, N-terminal; Peptidase M16, zinc-binding site; Mitochondrial Processing Peptidase/Ubiquinol-cytochrome c Reductase Complex; Peptidase M16, C-terminal	PF00675; Insulinase (Peptidase family M16); PF05193; Peptidase M16 inactive domain	PTHR11851; METALLOPROTEASE	GO:0046872(InterPro); GO:0004222(InterPro)|GO:0006508(InterPro); GO:0004222(PANTHER)|GO:0005739(PANTHER)|GO:0006627(PANTHER)	enzyme; digestion	DIGESTION	Mitochondrial-processing peptidase subunit beta OS=Eumeta variegata OX=151549 GN=PMPCB PE=3 SV=1	3209.629893	17347.0	Pupa	570.405533	3045.0	Adult	1132.655399	8241.936	Larva	785.976733	7036.0	Larva	1207.409597	3635.0	Egg	9.907365503737429	10.699990257589178	10.238893831544425	9.158371195935278	11.648640651903259
g2464	46	82.07307729050612	88.837	88.837	43.74418193670745	50.3112906913149	21.393518804796273	94.96750549999999	32.034441	86.541101	15.588703	44.721415	2.098961843153804	High	Larva	True	True	14	KEEP	Strong arthropod homology with multiple qualifying hits and strong combined evidence.	368	tr|A0A4C1YFG7|A0A4C1YFG7_EUMVA	Eumeta variegata	151549	Eukaryota; Metazoa; Arthropoda; Insecta; Lepidoptera	82.173	98.0	0.0	603.0	10	10	1.0	0.0	0.0	0.0	0.0	KEEP_ARTHROPOD	97.79	100.0	30.0	100.0	100.0	UDP-glucuronosyl/UDP-glucosyltransferase	IPR002213; IPR050271	UDP-glucuronosyl/UDP-glucosyltransferase; UDP-glycosyltransferase	PF00201; UDP-glucoronosyl and UDP-glucosyl transferase	PTHR48043; EG:EG0003.4 PROTEIN-RELATED	GO:0008194(InterPro); GO:0008194(PANTHER)	enzyme	GROWTH_DEVELOPMENT	Ecdysteroid UDP-glucosyltransferase OS=Eumeta variegata OX=151549 GN=EGT PE=3 SV=1	86.541101	558.675	Pupa	32.034441	205.001	Adult	94.643064	825.825	Larva	95.291947	1018.9	Larva	15.588703	56.0	Egg	6.584474088327279	5.514798148087466	4.05212918741286	5.0458990269084	6.4518886236809925
g11500	47	81.86367164255972	88.049	88.049	46.81347761706468	53.258929168858195	24.6453002893744	124.3871185	69.752895	72.885152	14.474529	52.37085866666666	2.349355465369566	Very High	Larva	True	True	103	KEEP	Strong arthropod homology with multiple qualifying hits and strong combined evidence.	414	sp|Q9GV28|IDGFL_BOMMO	Bombyx mori	7091	Eukaryota; Metazoa; Arthropoda; Insecta; Lepidoptera	72.662	94.0	0.0	625.0	10	10	1.0	0.0	0.0	0.0	0.0	KEEP_ARTHROPOD	95.164	100.0	30.0	100.0	100.0	Glycoside hydrolase family 18, catalytic domain	IPR001223; IPR029070; IPR050314; IPR011583; IPR017853	Glycoside hydrolase family 18, catalytic domain; Chitinase insertion domain superfamily; Glycosyl hydrolase family 18; Chitinase II/V-like, catalytic domain; Glycoside hydrolase superfamily	PF00704; Glycosyl hydrolases family 18	PTHR11177; CHITINASE	GO:0005975(InterPro); GO:0004568(PANTHER)|GO:0005576(PANTHER)|GO:0006032(PANTHER)|GO:0008061(PANTHER); GO:0008061(InterPro)	enzyme; development; digestion	CHITIN	Chitinase-like protein EN03 OS=Bombyx mori OX=7091 GN=EN03 PE=1 SV=1	72.885152	12419.372	Pupa	69.752895	11992.343	Adult	103.933739	24400.304	Larva	144.840498	40874.132	Larva	14.474529	1365.607	Egg	6.970245331927888	5.737980317459169	3.951823593522036	6.144717274869976	6.207212563612991
g17098	48	81.86003716817397	87.285	87.285	51.11858112115981	30.494202607193266	69.55514889210961	14.899605000000001	1.281523	0.0	0.0	0.4271743333333333	11.140618653689353	High	Larva	True	True	137	KEEP	Strong arthropod homology with multiple qualifying hits and strong combined evidence.	421	tr|A0A4C1YA79|A0A4C1YA79_EUMVA	Eumeta variegata	151549	Eukaryota; Metazoa; Arthropoda; Insecta; Lepidoptera	73.872	100.0	0.0	619.0	10	10	1.0	0.0	0.0	0.0	0.0	KEEP_ARTHROPOD	96.118	100.0	30.0	93.0	100.0	Ecdysteroid kinase-like	IPR004119; IPR011009; IPR015897	Ecdysteroid kinase-like; Protein kinase-like domain superfamily; CHK kinase-like	PF02958; Ecdysteroid kinase-like family	PTHR11012; PROTEIN KINASE-LIKE DOMAIN-CONTAINING		enzyme	GROWTH_DEVELOPMENT	tr|A0A4C1YA79|A0A4C1YA79_EUMVA CHK kinase-like domain-containing protein OS=Eumeta variegata OX=151549 GN=EVAR_48852_1 PE=4 SV=1	0.0	0.0	Pupa	1.281523	13.0	Adult	5.563776	77.0	Larva	24.235434	408.0	Larva	0.0	0.0	Egg	3.9909190194146174	0.5131615748091365	0.0	1.1899971976444845	0.0
g3537	49	81.7490281830451	88.559	88.559	43.159187886967345	56.33950588130057	10.888710895467517	164.813174	77.484918	134.724535	125.864738	112.691397	1.4584496133863147	Very High	Larva	True	True	34	KEEP	Strong arthropod homology with multiple qualifying hits and strong combined evidence.	396	tr|A0A4C1Z4C9|A0A4C1Z4C9_EUMVA	Eumeta variegata	151549	Eukaryota; Metazoa; Arthropoda; Insecta; Lepidoptera	81.061	100.0	0.0	676.0	10	10	1.0	0.0	0.0	0.0	0.0	KEEP_ARTHROPOD	99.364	100.0	30.0	100.0	95.0	Serpin superfamily, domain 2	IPR042185; IPR042178; IPR000215; IPR023795; IPR023796; IPR036186	Serpin superfamily, domain 2; Serpin superfamily, domain 1; Serpin family; Serpin, conserved site; Serpin domain; Serpin superfamily	PF00079; Serpin (serine protease inhibitor)	PTHR11461; SERINE PROTEASE INHIBITOR, SERPIN	GO:0004867(InterPro)|GO:0005576(InterPro)|GO:0005615(PANTHER)	enzyme; digestion	DIGESTION	Serine protease inhibitor 77Ba OS=Eumeta variegata OX=151549 GN=Spn77Ba PE=3 SV=1	134.724535	591.0	Pupa	77.484918	334.0	Adult	178.100008	1046.0	Larva	151.52634	1101.0	Larva	125.864738	308.0	Egg	7.373414824530128	6.828979279756752	6.987147318198458	6.294343541030504	7.084537730894873
g2844	50	81.73309262592416	88.559	88.559	43.05295083949445	25.604425980463596	56.725738128040724	9.203350499999999	0.892496	0.0	0.393548	0.4286813333333333	7.141795907834823	Moderate	Larva	True	True	44	KEEP	Strong arthropod homology with multiple qualifying hits and strong combined evidence.	408	tr|A0A4C1YXT1|A0A4C1YXT1_EUMVA	Eumeta variegata	151549	Eukaryota; Metazoa; Arthropoda; Insecta; Lepidoptera	79.167	100.0	0.0	692.0	10	10	1.0	0.0	0.0	0.0	0.0	KEEP_ARTHROPOD	99.364	100.0	30.0	100.0	95.0	Alpha/Beta hydrolase fold	IPR029058; IPR025483; IPR006693	Alpha/Beta hydrolase fold; Lipase, eukaryotic; Partial AB-hydrolase lipase domain	PF04083; Partial alpha/beta-hydrolase lipase region	PTHR11005; LYSOSOMAL ACID LIPASE-RELATED	GO:0016788(InterPro); GO:0006629(InterPro)	enzyme; digestion	DIGESTION	Lipase OS=Eumeta variegata OX=151549 GN=Lip1 PE=3 SV=1	0.0	0.0	Pupa	0.892496	4.0	Adult	6.592703	40.262	Larva	11.813998	89.161	Larva	0.393548	1.0	Egg	3.3509710663010255	0.5146841598989893	0.4787626961405529	0.9202902509183981	0.0
g3411	51	81.58493839467502	88.234	88.234	43.90692263116691	23.825402292323727	61.52920313943168	7.682689	0.087939	0.0	0.0	0.029313000000000002	8.435421489867514	Moderate	Larva	True	True	80	KEEP	Strong arthropod homology with multiple qualifying hits and strong combined evidence.	91	tr|A0A4C1T8G7|A0A4C1T8G7_EUMVA	Eumeta variegata	151549	Eukaryota; Metazoa; Arthropoda; Insecta; Lepidoptera	81.111	99.0	1.47e-42	147.0	12	12	1.0	0.0	0.0	0.0	0.0	KEEP_ARTHROPOD	98.278	100.0	30.0	100.0	95.0	Serine proteases, trypsin domain	IPR001254; IPR009003; IPR018114	Serine proteases, trypsin domain; Peptidase S1, PA clan; Serine protease-like, trypsin family, histidine active site	PF00089; Trypsin	PTHR24276; POLYSERASE-RELATED	GO:0004252(PANTHER); GO:0004252(InterPro)|GO:0006508(InterPro)	enzyme; digestion	DIGESTION	Chymotrypsin-2 OS=Eumeta variegata OX=151549 GN=EVAR_6336_1 PE=3 SV=1	0.0	0.0	Pupa	0.087939	1.898	Adult	1.940321	57.15	Larva	13.425057	477.798	Larva	0.0	0.0	Egg	3.1181419097415506	0.04168175276996659	0.0	0.12159766792591643	0.0
g4895	52	81.45868601967524	87.222	87.222	48.79990679783495	33.80361873330969	58.79433889462285	20.466838000000003	3.480051	1.913512	0.0	1.7978543333333334	7.672607449303711	High	Larva	True	True	141	KEEP	Strong arthropod homology with multiple qualifying hits and strong combined evidence.	164	tr|A0A4C1W8L2|A0A4C1W8L2_EUMVA	Eumeta variegata	151549	Eukaryota; Metazoa; Arthropoda; Insecta; Lepidoptera	79.268	100.0	5.47e-94	285.0	9	9	1.0	0.0	0.0	0.0	0.0	KEEP_ARTHROPOD	95.906	100.0	30.0	93.0	100.0	Protein kinase-like domain superfamily	IPR011009; IPR004119	Protein kinase-like domain superfamily; Ecdysteroid kinase-like	PF02958; Ecdysteroid kinase-like family	PTHR11012; PROTEIN KINASE-LIKE DOMAIN-CONTAINING		enzyme	GROWTH_DEVELOPMENT	CHK kinase-like domain-containing protein OS=Eumeta variegata OX=151549 GN=EVAR_28046_1 PE=4 SV=1	1.913512	4.0	Pupa	3.480051	7.0	Adult	15.855978	44.0	Larva	25.077698	89.0	Larva	0.0	0.0	Egg	4.4240377971379585	1.484320852406816	0.0	2.1635151557266936	1.5427592527840293
g18546	53	81.44110722945068	86.309	86.309	53.85638152967131	30.970462867768944	75.68525952252485	15.601589	0.169437	0.102654	0.342792	0.20496099999999998	13.77769819936081	High	Larva	True	True	391	KEEP	Strong arthropod homology with multiple qualifying hits and strong combined evidence.	250	tr|A0A4C1U938|A0A4C1U938_EUMVA	Eumeta variegata	151549	Eukaryota; Metazoa; Arthropoda; Insecta; Lepidoptera	81.275	100.0	1.5e-146	422.0	10	10	1.0	0.0	0.0	0.0	0.0	KEEP_ARTHROPOD	99.364	100.0	10.0	100.0	100.0	Bactericidal permeability-increasing protein, alpha/beta domain superfamily	IPR017943; IPR038606; IPR010562	Bactericidal permeability-increasing protein, alpha/beta domain superfamily; Takeout superfamily; Haemolymph juvenile hormone binding	PF06585; Haemolymph juvenile hormone binding protein (JHBP)	PTHR11008; PROTEIN TAKEOUT-LIKE PROTEIN	GO:0008289(InterPro)	hormone	GROWTH_DEVELOPMENT	tr|A0A4C1U938|A0A4C1U938_EUMVA Circadian clock-controlled protein OS=Eumeta variegata OX=151549 GN=EVAR_95305_1 PE=4 SV=1	0.102654	5.047	Pupa	0.169437	8.39	Adult	11.550363	780.915	Larva	19.652815	1600.138	Larva	0.342792	9.335	Egg	4.053249428791331	0.26898645266508875	0.42523584697777916	0.2258141428055669	0.14098016101704086
g15779	54	81.3978407432305	86.309	86.309	53.567938288203464	44.623698178248965	54.48429845313522	56.286061000000004	10.02879	5.95222	7.026562	7.669190666666668	6.6080056608129345	High	Larva	True	True	373	KEEP	Strong arthropod homology with multiple qualifying hits and strong combined evidence.	216	tr|A0A4C1X2M3|A0A4C1X2M3_EUMVA	Eumeta variegata	151549	Eukaryota; Metazoa; Arthropoda; Insecta; Lepidoptera	87.5	100.0	1.72e-140	400.0	10	10	1.0	0.0	0.0	0.0	0.0	KEEP_ARTHROPOD	99.364	100.0	30.0	100.0	80.0	Glutathione S-transferase, C-terminal	IPR004046; IPR040079; IPR036249; IPR036282; IPR004045; IPR010987	Glutathione S-transferase, C-terminal; Glutathione transferase family; Thioredoxin-like superfamily; Glutathione S-transferase, C-terminal domain superfamily; Glutathione S-transferase, N-terminal; Glutathione S-transferase, C-terminal-like	PF00043; Glutathione S-transferase, C-terminal domain; PF13417; Glutathione S-transferase, N-terminal domain	PTHR43969; GLUTATHIONE S TRANSFERASE D10, ISOFORM A-RELATED	GO:0004364(PANTHER)|GO:0006749(PANTHER)	enzyme	DETOXIFICATION	tr|A0A4C1X2M3|A0A4C1X2M3_EUMVA Glutathione S-transferase 1, isoform D OS=Eumeta variegata OX=151549 GN=GstD1 PE=4 SV=1	5.95222	68.3	Pupa	10.02879	115.0	Adult	66.406936	1038.999	Larva	46.165186	877.351	Larva	7.026562	44.764	Egg	5.840112236093746	3.1158973134369856	3.004782173589551	3.4632026123119712	2.797473736336298
g6035	55	81.0228599851048	86.879	86.879	47.838066567365345	28.76193567871909	63.95226290033473	12.5875095	1.134891	0.228325	0.079859	0.481025	9.174395773197617	High	Larva	True	True	247	KEEP	Strong arthropod homology with multiple qualifying hits and strong combined evidence.	675	tr|A0A4C1TW98|A0A4C1TW98_EUMVA	Eumeta variegata	151549	Eukaryota; Metazoa; Arthropoda; Insecta; Lepidoptera	87.963	92.0	0.0	1164.0	10	10	1.0	0.0	0.0	0.0	0.0	KEEP_ARTHROPOD	93.764	100.0	30.0	100.0	95.0	Peptidase M2, peptidyl-dipeptidase A	IPR001548	Peptidase M2, peptidyl-dipeptidase A	PF01401; Angiotensin-converting enzyme	PTHR10514; ANGIOTENSIN-CONVERTING ENZYME	GO:0006508(InterPro)|GO:0008237(InterPro)|GO:0008241(InterPro)|GO:0016020(InterPro); GO:0005615(PANTHER)|GO:0005886(PANTHER)|GO:0006508(InterPro)|GO:0008237(PANTHER)|GO:0008237(InterPro)|GO:0008241(InterPro)|GO:0016020(InterPro)	enzyme; digestion	DIGESTION	Angiotensin-converting enzyme OS=Eumeta variegata OX=151549 GN=Ance PE=3 SV=1	0.228325	21.715	Pupa	1.134891	108.845	Adult	9.319817	1220.5	Larva	15.855202	2497.355	Larva	0.079859	4.206	Egg	3.7642091388316192	0.5665959938148825	0.11084294823992259	1.0941624128088574	0.2966923309469857
g7468	56	80.7915946038885	88.139	88.139	39.15629735925669	24.56769846668146	48.539195698119535	8.287495999999999	1.736346	0.159032	0.285844	0.727074	5.377590074310654	Moderate	Larva	True	True	95	KEEP	Strong arthropod homology with multiple qualifying hits and strong combined evidence.	1038	tr|A0A4C1W8E5|A0A4C1W8E5_EUMVA	Eumeta variegata	151549	Eukaryota; Metazoa; Arthropoda; Insecta; Lepidoptera	80.98	98.0	0.0	1751.0	10	10	1.0	0.0	0.0	0.0	0.0	KEEP_ARTHROPOD	97.964	100.0	30.0	100.0	95.0	Peptidase M4/M1, CTD superfamily	IPR027268; IPR050344; IPR024571; IPR045357; IPR042097; IPR014782	Peptidase M4/M1, CTD superfamily; Peptidase M1 family aminopeptidases; ERAP1-like C-terminal domain; Aminopeptidase N-like , N-terminal domain; Aminopeptidase N-like , N-terminal domain superfamliy; Peptidase M1, membrane alanine aminopeptidase	PF11838; ERAP1-like C-terminal domain; PF17900; Peptidase M1 N-terminal domain; PF01433; Peptidase family M1 domain	PTHR11533; PROTEASE M1 ZINC METALLOPROTEASE	GO:0005615(PANTHER)|GO:0005737(PANTHER)|GO:0006508(PANTHER)|GO:0008270(PANTHER)|GO:0016020(PANTHER)|GO:0042277(PANTHER)|GO:0043171(PANTHER)|GO:0070006(PANTHER); GO:0008237(InterPro)|GO:0008270(InterPro)	enzyme; digestion	DIGESTION	Membrane alanyl aminopeptidase OS=Eumeta variegata OX=151549 GN=EVAR_95134_1 PE=3 SV=1	0.159032	18.218	Pupa	1.736346	200.626	Adult	3.375742	532.605	Larva	13.19925	2504.174	Larva	0.285844	18.132	Egg	3.215289684301957	0.7883298993959805	0.3627156239425981	1.4522506647719235	0.21292039861702933
g13356	57	80.37366063486454	88.349	88.349	35.1800708990969	58.63345149849483	0.0	203.17101000000002	223.715333	121.271871	424.708247	256.56515033333335	0.7926965652603538	Very High	Egg	False	True	59	KEEP	Strong arthropod homology with multiple qualifying hits and strong combined evidence.	139	tr|A0ABN8ITD3|A0ABN8ITD3_9NEOP	Iphiclides podalirius	110791	Eukaryota; Metazoa; Arthropoda; Insecta; Lepidoptera	90.58	99.0	1.24e-88	263.0	10	10	1.0	0.0	0.0	0.0	0.0	KEEP_ARTHROPOD	98.664	100.0	30.0	100.0	95.0	Signal peptidase complex subunit 3	IPR007653	Signal peptidase complex subunit 3	PF04573; Signal peptidase subunit	PTHR12804; MICROSOMAL SIGNAL PEPTIDASE 23 KD SUBUNIT  SPC22/23	GO:0005787(InterPro)|GO:0005787(PANTHER)|GO:0006465(PANTHER)|GO:0016020(InterPro)|GO:0045047(PANTHER)|GO:0051604(InterPro); GO:0005787(InterPro)|GO:0016020(InterPro)|GO:0051604(InterPro)	enzyme; digestion	DIGESTION	tr|A0ABN8ITD3|A0ABN8ITD3_9NEOP Signal peptidase complex subunit 3 (Fragment) OS=Iphiclides podalirius OX=110791 GN=IPOD504_LOCUS12335 PE=3 SV=1	121.271871	203.0	Pupa	223.715333	357.0	Adult	168.114112	372.0	Larva	238.227908	685.0	Larva	424.708247	401.0	Egg	7.673634223971116	8.008793593621277	8.733721228662858	7.811954757053377	6.933948735615484
g18787	58	80.29949405148423	88.049	88.049	36.3856270098948	60.642711683158	0.0	243.9927945	67.340617	405.265564	441.189159	304.5984466666667	0.8016820673412236	Very High	Egg	False	True	102	KEEP	Strong arthropod homology with multiple qualifying hits and strong combined evidence.	558	tr|A0A4C1SRI5|A0A4C1SRI5_EUMVA	Eumeta variegata	151549	Eukaryota; Metazoa; Arthropoda; Insecta; Lepidoptera	95.602	94.0	0.0	1051.0	10	10	1.0	0.0	0.0	0.0	0.0	KEEP_ARTHROPOD	95.164	100.0	30.0	100.0	100.0	Glycosyl hydrolase family 18, active site	IPR001579; IPR029070; IPR050314; IPR001223; IPR014756; IPR011583; IPR017853; IPR013783; IPR013540	Glycosyl hydrolase family 18, active site; Chitinase insertion domain superfamily; Glycosyl hydrolase family 18; Glycoside hydrolase family 18, catalytic domain; Immunoglobulin E-set; Chitinase II/V-like, catalytic domain; Glycoside hydrolase superfamily; Immunoglobulin-like fold; Chitinase A N-terminal	PF00704; Glycosyl hydrolases family 18; PF08329; Chitinase A, N-terminal domain	PTHR11177; CHITINASE	GO:0004553(InterPro)|GO:0005975(InterPro); GO:0005975(InterPro); GO:0008061(InterPro); GO:0004568(InterPro)|GO:0006032(InterPro)	enzyme; digestion	CHITIN	tr|A0A4C1SRI5|A0A4C1SRI5_EUMVA Chitinase A OS=Eumeta variegata OX=151549 GN=chiA PE=3 SV=1	405.265564	2706.0	Pupa	67.340617	446.0	Adult	124.126894	1121.0	Larva	363.858695	4024.0	Larva	441.189159	1639.0	Egg	7.936595508423041	8.255493400059407	8.788519845302767	6.0946713678055815	8.666279273389033
g8852	59	80.28751161152954	86.639	86.639	44.29574407686362	57.96121992194939	11.29753030923496	191.0923335	127.491923	89.998699	169.080281	128.8569676666667	1.4792608895125823	Very High	Larva	True	True	327	KEEP	Strong arthropod homology with multiple qualifying hits and strong combined evidence.	243	sp|Q1HQK0|KAD2_AEDAE	Aedes aegypti	7159	Eukaryota; Metazoa; Arthropoda; Insecta; Diptera	76.05	98.0	1.8699999999999998e-134	381.0	10	10	1.0	0.0	0.0	0.0	0.0	KEEP_ARTHROPOD	97.964	100.0	30.0	100.0	85.0	Adenylate kinase/UMP-CMP kinase	IPR000850; IPR027417; IPR007862; IPR028587; IPR033690; IPR006259	Adenylate kinase/UMP-CMP kinase; P-loop containing nucleoside triphosphate hydrolase; Adenylate kinase, active site lid domain; Adenylate kinase 2; Adenylate kinase, conserved site; Adenylate kinase subfamily	PF05191; Adenylate kinase, active site lid; PF00406; Adenylate kinase	PTHR23359; NUCLEOTIDE KINASE	GO:0005524(InterPro)|GO:0006139(InterPro)|GO:0019205(InterPro); GO:0004017(InterPro); GO:0004017(InterPro)|GO:0006172(InterPro); GO:0004017(InterPro)|GO:0005524(InterPro)|GO:0016776(InterPro)	enzyme	SIGNALING	Adenylate kinase OS=Aedes aegypti OX=7159 GN=Adk2 PE=2 SV=1	89.998699	321.0	Pupa	127.491923	444.0	Adult	151.819577	720.0	Larva	230.36509	1361.0	Larva	169.080281	337.0	Egg	7.585656131254784	7.020779615793036	7.41007207532277	7.005533864259402	6.507774014268307
g97	60	80.1076252797939	88.427	88.427	32.964501865292604	27.358995669661113	28.87276115873984	10.963767	2.649589	6.076364	1.469091	3.3983480000000004	2.720059213140934	High	Larva	True	True	55	KEEP	Strong arthropod homology with multiple qualifying hits and strong combined evidence.	739	tr|A0A4C1W4H9|A0A4C1W4H9_EUMVA	Eumeta variegata	151549	Eukaryota; Metazoa; Arthropoda; Insecta; Lepidoptera	86.024	99.0	0.0	1335.0	12	12	1.0	0.0	0.0	0.0	0.0	KEEP_ARTHROPOD	98.924	100.0	30.0	100.0	95.0	Peptidase M1, membrane alanine aminopeptidase	IPR014782; IPR045357; IPR042097; IPR001930; IPR024571; IPR034016; IPR050344; IPR027268	Peptidase M1, membrane alanine aminopeptidase; Aminopeptidase N-like , N-terminal domain; Aminopeptidase N-like , N-terminal domain superfamliy; Peptidase M1, alanine aminopeptidase/leukotriene A4 hydrolase; ERAP1-like C-terminal domain; Aminopeptidase N-type; Peptidase M1 family aminopeptidases; Peptidase M4/M1, CTD superfamily	PF01433; Peptidase family M1 domain; PF17900; Peptidase M1 N-terminal domain; PF11838; ERAP1-like C-terminal domain	PTHR11533; PROTEASE M1 ZINC METALLOPROTEASE	GO:0008237(InterPro)|GO:0008270(InterPro); GO:0006508(InterPro); GO:0005615(PANTHER)|GO:0005737(PANTHER)|GO:0006508(PANTHER)|GO:0008270(PANTHER)|GO:0016020(PANTHER)|GO:0042277(PANTHER)|GO:0043171(PANTHER)|GO:0070006(PANTHER)	enzyme; digestion	DIGESTION	Aminopeptidase OS=Eumeta variegata OX=151549 GN=EVAR_95136_1 PE=3 SV=1	6.076364	400.557	Pupa	2.649589	176.037	Adult	7.924477	718.878	Larva	14.003057	1528.776	Larva	1.469091	53.637	Egg	3.580599813565103	2.136961755628111	1.303980008951083	1.867734003431538	2.8230082605055236
g16245	61	80.09503866758985	87.554	87.554	37.82759111726564	38.661082584470165	24.07735391645885	32.353282	23.56905	14.740628	2.127294	13.478990666666666	2.303564023753774	High	Larva	True	True	125	KEEP	Strong arthropod homology with multiple qualifying hits and strong combined evidence.	423	tr|A0A4C1Z3B3|A0A4C1Z3B3_EUMVA	Eumeta variegata	151549	Eukaryota; Metazoa; Arthropoda; Insecta; Lepidoptera	66.274	100.0	0.0	585.0	12	13	1.0	0.0	0.0	0.0	0.0	KEEP_ARTHROPOD	96.012	100.0	30.0	100.0	95.0	Serpin domain	IPR023796; IPR036186; IPR042185; IPR023795; IPR000215; IPR042178	Serpin domain; Serpin superfamily; Serpin superfamily, domain 2; Serpin, conserved site; Serpin family; Serpin superfamily, domain 1	PF00079; Serpin (serine protease inhibitor)	PTHR11461; SERINE PROTEASE INHIBITOR, SERPIN	GO:0004867(InterPro)|GO:0005576(InterPro)|GO:0005615(PANTHER)	enzyme; digestion	DIGESTION	tr|A0A4C1Z3B3|A0A4C1Z3B3_EUMVA Serine protease inhibitor 77Ba OS=Eumeta variegata OX=151549 GN=Spn77Ba PE=3 SV=1	14.740628	70.29	Pupa	23.56905	110.679	Adult	22.136925	141.664	Larva	42.569639	336.226	Larva	2.127294	5.655	Egg	5.059756826077001	3.8558891302540585	1.6449148548254433	4.618770169649471	3.976421195733521
g2865	62	79.92451889514896	86.879	86.879	40.51579263432642	21.563963432849445	56.443536436541876	6.072286999999999	0.0	0.0	0.0	0.0	7.072286999999999	Moderate	Larva	True	True	245	KEEP	Strong arthropod homology with multiple qualifying hits and strong combined evidence.	171	tr|A0A4C1SF71|A0A4C1SF71_EUMVA	Eumeta variegata	151549	Eukaryota; Metazoa; Arthropoda; Insecta; Lepidoptera	70.466	92.0	1.0400000000000001e-88	271.0	10	10	1.0	0.0	0.0	0.0	0.0	KEEP_ARTHROPOD	93.764	100.0	30.0	100.0	95.0	Serine proteases, trypsin domain	IPR001254; IPR009003; IPR018114; IPR001314	Serine proteases, trypsin domain; Peptidase S1, PA clan; Serine protease-like, trypsin family, histidine active site; Peptidase S1A, chymotrypsin family	PF00089; Trypsin	PTHR24276; POLYSERASE-RELATED	GO:0004252(InterPro)|GO:0006508(InterPro); GO:0004252(PANTHER)	enzyme; digestion	DIGESTION	Trypsin, alkaline C OS=Eumeta variegata OX=151549 GN=EVAR_74358_1 PE=4 SV=1	0.0	0.0	Pupa	0.0	0.0	Adult	6.542724	168.774	Larva	5.60185	174.754	Larva	0.0	0.0	Egg	2.8221768218270937	0.0	0.0	0.0	0.0
g10012	63	79.81690325491599	86.309	86.309	43.02835503277328	41.251060518884834	33.19429680360593	41.1867885	16.860627	11.740469	8.455475	12.352190333333333	3.1595406781074695	High	Larva	True	True	379	KEEP	Strong arthropod homology with multiple qualifying hits and strong combined evidence.	754	tr|A0A4C1TF09|A0A4C1TF09_EUMVA	Eumeta variegata	151549	Eukaryota; Metazoa; Arthropoda; Insecta; Lepidoptera	88.727	100.0	0.0	1345.0	10	10	1.0	0.0	0.0	0.0	0.0	KEEP_ARTHROPOD	99.364	100.0	10.0	100.0	100.0	Leucine-rich repeat domain superfamily	IPR032675; IPR001611; IPR050328; IPR003591	Leucine-rich repeat domain superfamily; Leucine-rich repeat; Multifunctional Developmental and Immune Receptor; Leucine-rich repeat, typical subtype	PF13855; Leucine rich repeat; PF13516; Leucine Rich repeat	PTHR24373; SLIT RELATED LEUCINE-RICH REPEAT NEURONAL PROTEIN	GO:0005515(InterPro); GO:0005615(PANTHER)|GO:0031012(PANTHER)	receptor; development	GROWTH_DEVELOPMENT	Insulin-like growth factor-binding protein complex acid labile subunit OS=Eumeta variegata OX=151549 GN=Igfals PE=4 SV=1	11.740469	120.0	Pupa	16.860627	172.0	Adult	31.040066	432.0	Larva	51.333511	869.0	Larva	8.455475	48.0	Egg	5.398719360413985	3.7390045202336877	3.2411499344237367	4.158710822262115	3.6713464817060766
g5153	64	79.7655694465002	87.117	87.117	38.107462976667875	20.871441373035733	51.461495382116084	5.641657	0.183384	0.034121	0.1308	0.11610166666666666	5.95076344598237	Moderate	Larva	True	True	148	KEEP	Strong arthropod homology with multiple qualifying hits and strong combined evidence.	541	tr|A0A4C1SWU5|A0A4C1SWU5_EUMVA	Eumeta variegata	151549	Eukaryota; Metazoa; Arthropoda; Insecta; Lepidoptera	87.016	95.0	0.0	930.0	11	11	1.0	0.0	0.0	0.0	0.0	KEEP_ARTHROPOD	96.055	100.0	30.0	97.0	95.0	Peptidase M17, leucine aminopeptidase/peptidase B	IPR011356; IPR000819	Peptidase M17, leucine aminopeptidase/peptidase B; Peptidase M17, leucyl aminopeptidase, C-terminal	PF00883; Cytosol aminopeptidase family, catalytic domain	PTHR11963; LEUCINE AMINOPEPTIDASE-RELATED	GO:0005737(InterPro)|GO:0005737(PANTHER)|GO:0006508(PANTHER)|GO:0008233(PANTHER)|GO:0019538(InterPro)|GO:0030145(InterPro); GO:0006508(InterPro)|GO:0046872(InterPro); GO:0005737(InterPro)|GO:0019538(InterPro)|GO:0030145(InterPro)	enzyme; digestion	DIGESTION	Aminopeptidase W07G4.4 OS=Eumeta variegata OX=151549 GN=lap-2 PE=3 SV=1	0.034121	4.05	Pupa	0.183384	21.956	Adult	8.076515	1320.397	Larva	3.206799	630.397	Larva	0.1308	8.597	Egg	2.7315432185984334	0.15846844949262956	0.177343788281726	0.2429182943050924	0.048405001790923496
g10898	65	79.73697928721234	88.559	88.559	29.74552858141562	17.684424034562486	35.33718540169532	3.974127	0.683291	0.548165	0.153452	0.461636	3.4031229389533375	Moderate	Larva	True	True	46	KEEP	Strong arthropod homology with multiple qualifying hits and strong combined evidence.	454	tr|A0A4C1U2C6|A0A4C1U2C6_EUMVA	Eumeta variegata	151549	Eukaryota; Metazoa; Arthropoda; Insecta; Lepidoptera	85.242	100.0	0.0	762.0	10	10	1.0	0.0	0.0	0.0	0.0	KEEP_ARTHROPOD	99.364	100.0	30.0	100.0	95.0	Peptidase S10, serine carboxypeptidase	IPR001563; IPR029058	Peptidase S10, serine carboxypeptidase; Alpha/Beta hydrolase fold	PF00450; Serine carboxypeptidase	PTHR11802; SERINE PROTEASE FAMILY S10 SERINE CARBOXYPEPTIDASE	GO:0004185(InterPro)|GO:0004185(PANTHER)|GO:0006508(InterPro); GO:0004185(InterPro)|GO:0006508(InterPro)	enzyme; digestion	DIGESTION	Retinoid-inducible serine carboxypeptidase OS=Eumeta variegata OX=151549 GN=Scpep1 PE=3 SV=1	0.548165	55.472	Pupa	0.683291	69.733	Adult	4.007497	558.456	Larva	3.940757	660.447	Larva	0.153452	8.599	Egg	2.3144433430858102	0.5475840730010441	0.20595796864783825	0.751284605049392	0.630559238921702
g3535	66	79.60352379524386	88.559	88.559	28.85582530162576	48.09304216937627	0.0	77.4750165	211.017532	124.657795	130.482436	155.385921	0.5018035894676222	High	Adult	False	True	48	KEEP	Strong arthropod homology with multiple qualifying hits and strong combined evidence.	429	tr|A0A4C1Z130|A0A4C1Z130_EUMVA	Eumeta variegata	151549	Eukaryota; Metazoa; Arthropoda; Insecta; Lepidoptera	78.555	100.0	0.0	700.0	10	10	1.0	0.0	0.0	0.0	0.0	KEEP_ARTHROPOD	99.364	100.0	30.0	100.0	95.0	Serpin superfamily, domain 1	IPR042178; IPR000215; IPR036186; IPR023796; IPR042185	Serpin superfamily, domain 1; Serpin family; Serpin superfamily; Serpin domain; Serpin superfamily, domain 2	PF00079; Serpin (serine protease inhibitor)	PTHR11461; SERINE PROTEASE INHIBITOR, SERPIN	GO:0004867(InterPro)|GO:0005576(InterPro)|GO:0005615(PANTHER)	enzyme; digestion	DIGESTION	Serine protease inhibitor 77Ba OS=Eumeta variegata OX=151549 GN=Spn77Ba PE=3 SV=1	124.657795	605.0	Pupa	211.017532	1008.999	Adult	73.967265	482.0	Larva	80.982768	651.0	Larva	130.482436	353.0	Egg	6.294161522032958	7.288966826347375	7.038726280637524	7.7280397577880064	6.973356359274454
g4123	67	79.59856091818679	88.559	88.559	28.82273945457868	48.03789909096447	0.0	77.083439	82.575556	35.379104	191.373679	103.10944633333334	0.7500130079454621	High	Egg	False	True	37	KEEP	Strong arthropod homology with multiple qualifying hits and strong combined evidence.	190	tr|A0A4C1U445|A0A4C1U445_EUMVA	Eumeta variegata	151549	Eukaryota; Metazoa; Arthropoda; Insecta; Lepidoptera	93.684	100.0	5.6200000000000005e-129	367.0	10	10	1.0	0.0	0.0	0.0	0.0	KEEP_ARTHROPOD	99.364	100.0	30.0	100.0	95.0	Signal peptidase complex subunit 2	IPR009582	Signal peptidase complex subunit 2	PF06703; Microsomal signal peptidase 25 kDa subunit (SPC25)	PTHR13085; MICROSOMAL SIGNAL PEPTIDASE 25 KDA SUBUNIT	GO:0005787(InterPro)|GO:0005787(PANTHER)|GO:0006465(PANTHER)|GO:0016020(InterPro)|GO:0045047(PANTHER)|GO:0051604(InterPro); GO:0005787(InterPro)|GO:0016020(InterPro)|GO:0051604(InterPro)	enzyme; digestion	DIGESTION	Signal peptidase complex subunit 2 OS=Eumeta variegata OX=151549 GN=Spase25 PE=3 SV=1	35.379104	110.0	Pupa	82.575556	250.0	Adult	34.327194	142.0	Larva	119.839684	620.0	Larva	191.373679	333.0	Egg	6.286944689271087	6.701957166769038	7.587767609600764	6.385009142525728	5.185038105422796
g16796	68	79.574605440258	88.139	88.139	31.04303626838669	51.738393780644486	0.0	108.23154550000001	185.58348	55.770814	226.023776	155.79269	0.6966622327864903	Very High	Egg	False	True	85	KEEP	Strong arthropod homology with multiple qualifying hits and strong combined evidence.	470	tr|A0ABR3HCD7|A0ABR3HCD7_LOXSC	Loxostege sticticalis	481309	Eukaryota; Metazoa; Arthropoda; Insecta; Lepidoptera	76.674	98.0	0.0	751.0	10	10	1.0	0.0	0.0	0.0	0.0	KEEP_ARTHROPOD	97.964	100.0	30.0	100.0	95.0	Peptidase S10, serine carboxypeptidase	IPR001563; IPR029058; IPR018202; IPR033124	Peptidase S10, serine carboxypeptidase; Alpha/Beta hydrolase fold; Serine carboxypeptidase, serine active site; Serine carboxypeptidases, histidine active site	PF00450; Serine carboxypeptidase	PTHR11802; SERINE PROTEASE FAMILY S10 SERINE CARBOXYPEPTIDASE	GO:0004185(PANTHER)|GO:0004185(InterPro)|GO:0006508(InterPro); GO:0004185(InterPro)|GO:0006508(InterPro); GO:0004185(InterPro)	enzyme; digestion	DIGESTION	tr|A0ABR3HCD7|A0ABR3HCD7_LOXSC Carboxypeptidase OS=Loxostege sticticalis OX=481309 GN=ABMA27_008727 PE=3 SV=1	55.770814	303.0	Pupa	185.58348	996.0	Adult	110.448346	808.0	Larva	106.014745	954.0	Larva	226.023776	684.0	Egg	6.771245749001144	7.292714489364418	7.826699587383627	7.543677446183373	5.827077522519954
g16240	69	79.53536292214405	87.164	87.164	36.30641948096022	53.228963058074044	10.922604115289488	124.0467305	131.163631	38.156364	84.59652	84.63883833333334	1.4601637870574415	Very High	Adult	False	True	144	KEEP	Strong arthropod homology with multiple qualifying hits and strong combined evidence.	399	tr|A0A4C1ZIZ2|A0A4C1ZIZ2_EUMVA	Eumeta variegata	151549	Eukaryota; Metazoa; Arthropoda; Insecta; Lepidoptera	67.885	96.0	0.0	558.0	10	10	1.0	0.0	0.0	0.0	0.0	KEEP_ARTHROPOD	94.713	100.0	30.0	100.0	95.0	Serpin domain	IPR023796; IPR036186; IPR042178; IPR000215; IPR042185	Serpin domain; Serpin superfamily; Serpin superfamily, domain 1; Serpin family; Serpin superfamily, domain 2	PF00079; Serpin (serine protease inhibitor)	PTHR11461; SERINE PROTEASE INHIBITOR, SERPIN	GO:0004867(InterPro)|GO:0005576(InterPro)|GO:0005615(PANTHER)	enzyme; digestion	DIGESTION	tr|A0A4C1ZIZ2|A0A4C1ZIZ2_EUMVA Serine protease inhibitor 77Ba OS=Eumeta variegata OX=151549 GN=Spn77Ba PE=3 SV=1	38.156364	169.0	Pupa	131.163631	571.0	Adult	120.372532	714.0	Larva	127.720929	937.0	Larva	84.59652	209.0	Egg	6.966323526757021	6.4201933209925475	6.4194802387007135	7.046181418098517	5.29117489959628
g15833	70	79.5314355039051	87.059	87.059	36.875236692700696	23.255897903388767	44.80424487666859	7.245507	0.824441	0.414102	0.99707	0.7452043333333332	4.724665669521411	Moderate	Larva	True	True	159	KEEP	Strong arthropod homology with multiple qualifying hits and strong combined evidence.	605	tr|A0A4C1X464|A0A4C1X464_EUMVA	Eumeta variegata	151549	Eukaryota; Metazoa; Arthropoda; Insecta; Lepidoptera	83.967	100.0	0.0	1037.0	10	10	1.0	0.0	0.0	0.0	0.0	KEEP_ARTHROPOD	99.364	100.0	30.0	100.0	85.0	Toll/interleukin-1 receptor homology (TIR) domain	IPR000157; IPR003591; IPR032675; IPR001611; IPR035897	Toll/interleukin-1 receptor homology (TIR) domain; Leucine-rich repeat, typical subtype; Leucine-rich repeat domain superfamily; Leucine-rich repeat; Toll/interleukin-1 receptor homology (TIR) domain superfamily	PF13855; Leucine rich repeat; PF01582; TIR domain	PTHR24365; TOLL-LIKE RECEPTOR	GO:0007165(InterPro); GO:0005515(InterPro); GO:0005886(PANTHER)|GO:0006954(PANTHER)|GO:0007165(PANTHER)|GO:0038023(PANTHER)	receptor	SIGNALING	tr|A0A4C1X464|A0A4C1X464_EUMVA Toll-like receptor 6 OS=Eumeta variegata OX=151549 GN=TLR6 PE=3 SV=1	0.414102	15.005	Pupa	0.824441	30.065	Adult	5.723406	284.945	Larva	8.767608	526.157	Larva	0.99707	20.019	Egg	3.0436082048692517	0.8033959610358223	0.9978849020773022	0.867454496834307	0.49988618633320925
g13179	71	79.28146255652803	86.309	86.309	39.458750376853594	65.76458396142266	0.0	388.888801	3161.162146	819.98316	4265.846469	2748.9972583333333	0.14177788716643902	Very High	Egg	False	True	386	KEEP	Strong arthropod homology with multiple qualifying hits and strong combined evidence.	219	tr|A0A4C1UYD8|A0A4C1UYD8_EUMVA	Eumeta variegata	151549	Eukaryota; Metazoa; Arthropoda; Insecta; Lepidoptera	99.543	100.0	6.55e-156	450.0	10	10	1.0	0.0	0.0	0.0	0.0	KEEP_ARTHROPOD	99.364	100.0	10.0	100.0	100.0	Drosophila Developmental Transcription Regulators	IPR051095; IPR000210; IPR011333	Drosophila Developmental Transcription Regulators; BTB/POZ domain; SKP1/BTB/POZ domain superfamily	PF00651; BTB/POZ domain	PTHR23110; BTB DOMAIN TRANSCRIPTION FACTOR	GO:0005634(PANTHER)|GO:0006357(PANTHER); GO:0005515(InterPro)	transcription_factor; transporter; development	GROWTH_DEVELOPMENT	Modifier of mdg4 OS=Eumeta variegata OX=151549 GN=mod(mdg4) PE=4 SV=1	819.98316	2886.005	Pupa	3161.162146	10858.562	Adult	240.726009	1125.994	Larva	537.051593	3130.992	Larva	4265.846469	8391.124	Egg	8.606918905747	11.42521446497543	12.05895448463226	11.626695631242766	9.681208819532182
g13780	72	79.21940895009591	86.459	86.459	38.195059667306076	22.405459609623893	49.379459753829344	6.6333025	0.253526	0.882648	0.0	0.37872466666666665	5.536495200637111	Moderate	Larva	True	True	349	KEEP	Strong arthropod homology with multiple qualifying hits and strong combined evidence.	178	tr|A0A4C1WHH1|A0A4C1WHH1_EUMVA	Eumeta variegata	151549	Eukaryota; Metazoa; Arthropoda; Insecta; Lepidoptera	74.534	90.0	1.79e-67	218.0	10	10	1.0	0.0	0.0	0.0	0.0	KEEP_ARTHROPOD	92.364	100.0	30.0	100.0	95.0	Serine protease-like, trypsin family, histidine active site	IPR018114; IPR001254; IPR009003	Serine protease-like, trypsin family, histidine active site; Serine proteases, trypsin domain; Peptidase S1, PA clan	PF00089; Trypsin	PTHR24276; POLYSERASE-RELATED	GO:0004252(InterPro)|GO:0006508(InterPro); GO:0004252(PANTHER)	enzyme; digestion	DIGESTION	tr|A0A4C1WHH1|A0A4C1WHH1_EUMVA Trypsin CFT-1 OS=Eumeta variegata OX=151549 GN=EVAR_45630_1 PE=3 SV=1	0.882648	7.0	Pupa	0.253526	2.0	Adult	4.739988	51.0	Larva	8.526617	112.0	Larva	0.0	0.0	Egg	2.9323073649966873	0.46333437730522015	0.0	0.3259919201304105	0.9127632834752576
g1101	73	79.17643701912017	86.849	86.849	35.69858012746782	37.60759981293604	20.33505059926549	29.3133755	11.100951	13.824122	17.020047	13.981706666666668	2.0233592990740705	High	Larva	True	True	290	KEEP	Strong arthropod homology with multiple qualifying hits and strong combined evidence.	536	tr|A0A4C1X6I1|A0A4C1X6I1_EUMVA	Eumeta variegata	151549	Eukaryota; Metazoa; Arthropoda; Insecta; Lepidoptera	91.771	99.0	0.0	1044.0	10	10	1.0	0.0	0.0	0.0	0.0	KEEP_ARTHROPOD	98.664	100.0	30.0	100.0	85.0	Pyruvate kinase, C-terminal	IPR015795; IPR036918; IPR011037; IPR001697; IPR015806; IPR040442; IPR015813; IPR018209; IPR015793	Pyruvate kinase, C-terminal; Pyruvate kinase, C-terminal domain superfamily; Pyruvate kinase-like, insert domain superfamily; Pyruvate kinase; Pyruvate kinase, insert domain superfamily; Pyruvate kinase-like domain superfamily; Pyruvate/Phosphoenolpyruvate kinase-like domain superfamily; Pyruvate kinase, active site; Pyruvate kinase, barrel	PF02887; Pyruvate kinase, alpha/beta domain; PF00224; Pyruvate kinase, barrel domain	PTHR11817; PYRUVATE KINASE	GO:0000287(InterPro)|GO:0004743(InterPro)|GO:0006096(InterPro)|GO:0030955(InterPro); GO:0004743(InterPro)|GO:0006096(InterPro)	enzyme	SIGNALING	Pyruvate kinase (Fragment) OS=Eumeta variegata OX=151549 GN=PyK PE=3 SV=1	13.824122	2220.202	Pupa	11.100951	1798.78	Adult	29.877537	6610.861	Larva	28.749214	7646.786	Larva	17.020047	1513.497	Egg	4.9218826050750915	3.9051300751118165	4.171530868890007	3.597048526607926	3.889874754548579
g10834	74	79.1287599185865	85.859	85.859	40.99073279057664	68.3178879842944	0.0	490.5116335	114.676275	1407.250823	16.673086	512.8667280000001	0.9564963184384259	Very High	Pupa	False	True	474	KEEP	Strong arthropod homology with multiple qualifying hits and strong combined evidence.	258	tr|A0A4C1ZSN6|A0A4C1ZSN6_EUMVA	Eumeta variegata	151549	Eukaryota; Metazoa; Arthropoda; Insecta; Lepidoptera	90.31	100.0	1.07e-128	374.0	10	10	1.0	0.0	0.0	0.0	0.0	KEEP_ARTHROPOD	99.364	100.0	10.0	97.0	100.0	Larval/pupal cuticle protein	IPR050468; IPR000618	Larval/pupal cuticle protein; Insect cuticle protein	PF00379; Insect cuticle protein	PTHR10380; CUTICLE PROTEIN	GO:0008010(PANTHER)|GO:0062129(PANTHER)		CHITIN	Adult-specific rigid cuticular protein 12.6 OS=Eumeta variegata OX=151549 GN=EVAR_57264_1 PE=4 SV=1	1407.250823	3460.0	Pupa	114.676275	273.0	Adult	531.394009	1738.0	Larva	449.629258	1861.0	Larva	16.673086	23.0	Egg	8.941081753632814	9.005250432882242	4.143482074118437	6.853949190351068	10.459688599369441
g2100	75	79.02729130237721	88.139	88.139	27.39427534918144	24.145095555827726	19.76804503921202	7.9381835	3.838732	6.485388	0.19137	3.5051633333333334	1.9839865591258623	Moderate	Larva	True	True	90	KEEP	Strong arthropod homology with multiple qualifying hits and strong combined evidence.	319	tr|A0A4C1SI89|A0A4C1SI89_EUMVA	Eumeta variegata	151549	Eukaryota; Metazoa; Arthropoda; Insecta; Lepidoptera	87.898	98.0	0.0	587.0	10	10	1.0	0.0	0.0	0.0	0.0	KEEP_ARTHROPOD	97.964	100.0	30.0	100.0	95.0	Triacylglycerol lipase family	IPR000734; IPR013818; IPR029058	Triacylglycerol lipase family; Lipase; Alpha/Beta hydrolase fold	PF00151; Lipase	PTHR11610; LIPASE	GO:0016298(InterPro); GO:0005615(PANTHER)|GO:0016042(PANTHER)|GO:0016298(InterPro)|GO:0016298(PANTHER)|GO:0017171(PANTHER)	enzyme; digestion	DIGESTION	Lipase domain-containing protein OS=Eumeta variegata OX=151549 GN=EVAR_70587_1 PE=3 SV=1	6.485388	61.0	Pupa	3.838732	36.0	Adult	5.862416	75.0	Larva	10.013951	156.0	Larva	0.19137	1.0	Egg	3.1599816634197095	2.171579411459109	0.2526215360120193	2.2746290357267753	2.9040770993388794
g14449	76	78.98284692597414	86.009	86.009	39.16797950649429	59.48938061025921	8.685877850846916	219.65577150000001	384.49142	73.514388	28.886993	162.29760033333335	1.3512493205630918	Very High	Adult	False	True	444	KEEP	Strong arthropod homology with multiple qualifying hits and strong combined evidence.	436	tr|A0A4C1U540|A0A4C1U540_EUMVA	Eumeta variegata	151549	Eukaryota; Metazoa; Arthropoda; Insecta; Lepidoptera	79.71	95.0	0.0	696.0	10	10	1.0	0.0	0.0	0.0	0.0	KEEP_ARTHROPOD	95.864	100.0	30.0	100.0	85.0	Neurotransmitter-gated ion-channel ligand-binding domain superfamily	IPR036734; IPR006201; IPR006202; IPR036719; IPR038050	Neurotransmitter-gated ion-channel ligand-binding domain superfamily; Neurotransmitter-gated ion-channel; Neurotransmitter-gated ion-channel ligand-binding domain; Neurotransmitter-gated ion-channel transmembrane domain superfamily; Neuronal acetylcholine receptor	PF02931; Neurotransmitter-gated ion-channel ligand binding domain	PTHR18945; NEUROTRANSMITTER GATED ION CHANNEL	GO:0005230(InterPro)|GO:0006811(InterPro)|GO:0016020(InterPro); GO:0004888(InterPro)|GO:0005216(InterPro)|GO:0016020(InterPro)|GO:0034220(InterPro); GO:0006811(InterPro)|GO:0016020(InterPro)	receptor; transporter; membrane	SIGNALING	tr|A0A4C1U540|A0A4C1U540_EUMVA Acetylcholine receptor subunit alpha-like 2 OS=Eumeta variegata OX=151549 GN=nAChRalpha2 PE=4 SV=1	73.514388	364.062	Pupa	384.49142	1876.899	Adult	235.829274	1568.937	Larva	203.482269	1669.094	Larva	28.886993	79.732	Egg	7.785653672894347	7.351359780352001	4.90144584629554	8.59055493976924	6.21944711767135
g14934	77	78.95501985182098	87.059	87.059	33.032465678806616	55.054109464677694	0.0	146.5631805	324.154356	375.234285	241.893948	313.76086300000003	0.46881044578912584	Very High	Pupa	False	True	165	KEEP	Strong arthropod homology with multiple qualifying hits and strong combined evidence.	386	tr|A0A0L7LBW4|A0A0L7LBW4_OPEBR	Operophtera brumata	104452	Eukaryota; Metazoa; Arthropoda; Insecta; Lepidoptera	95.337	100.0	0.0	767.0	10	10	1.0	0.0	0.0	0.0	0.0	KEEP_ARTHROPOD	99.364	100.0	30.0	100.0	85.0	AdipoR/Haemolysin-III-related	IPR004254	AdipoR/Haemolysin-III-related	PF03006; Haemolysin-III related	PTHR20855; ADIPOR/PROGESTIN RECEPTOR-RELATED	GO:0016020(InterPro); GO:0005886(PANTHER)|GO:0016020(InterPro)|GO:0033211(PANTHER)|GO:0038023(PANTHER)	receptor	SIGNALING	tr|A0A0L7LBW4|A0A0L7LBW4_OPEBR ADIPOR-like receptor OS=Operophtera brumata OX=104452 GN=OBRU01_11935 PE=3 SV=1	375.234285	1593.0	Pupa	324.154356	1351.0	Adult	133.141535	756.0	Larva	159.984826	1125.0	Larva	241.893948	573.0	Egg	7.20518897935333	8.298112358746152	7.924182733683617	8.344980941055594	8.555487512707382
g8856	78	78.94051358138456	86.617	86.617	35.44042387589699	53.60355034908181	8.195734166119765	128.368944	163.242752	99.576625	26.322084	96.38048700000002	1.3284893923358585	Very High	Adult	False	True	332	KEEP	Strong arthropod homology with multiple qualifying hits and strong combined evidence.	394	tr|A0A4C1V0P1|A0A4C1V0P1_EUMVA	Eumeta variegata	151549	Eukaryota; Metazoa; Arthropoda; Insecta; Lepidoptera	75.35	91.0	0.0	580.0	10	10	1.0	0.0	0.0	0.0	0.0	KEEP_ARTHROPOD	92.89	100.0	30.0	100.0	95.0	Serpin domain	IPR023796; IPR023795; IPR000215; IPR036186; IPR042185; IPR042178	Serpin domain; Serpin, conserved site; Serpin family; Serpin superfamily; Serpin superfamily, domain 2; Serpin superfamily, domain 1	PF00079; Serpin (serine protease inhibitor)	PTHR11461; SERINE PROTEASE INHIBITOR, SERPIN	GO:0004867(InterPro)|GO:0005615(InterPro)|GO:0005615(PANTHER)	enzyme; digestion	DIGESTION	Serine protease inhibitor 77Ba OS=Eumeta variegata OX=151549 GN=Spn77Ba PE=3 SV=1	99.576625	434.0	Pupa	163.242752	699.0	Adult	126.668689	739.0	Larva	130.069199	939.0	Larva	26.322084	64.0	Egg	7.015347518739065	6.605560810433078	4.7719956247012565	7.359685895881672	6.6521512373132365
g14161	79	78.87424320081233	88.649	88.649	23.483954672082113	22.136603735208187	13.004981077393001	6.449383	6.029226	2.111949	3.098402	3.746525666666667	1.5694391062318775	Moderate	Larva	True	True	15	KEEP	Strong arthropod homology with multiple qualifying hits and strong combined evidence.	437	tr|A0A4C1V3W7|A0A4C1V3W7_EUMVA	Eumeta variegata	151549	Eukaryota; Metazoa; Arthropoda; Insecta; Lepidoptera	80.822	100.0	0.0	749.0	12	12	1.0	0.0	0.0	0.0	0.0	KEEP_ARTHROPOD	99.664	100.0	30.0	100.0	95.0	Sushi/SCR/CCP superfamily	IPR035976; IPR001254; IPR001314; IPR018114; IPR009003	Sushi/SCR/CCP superfamily; Serine proteases, trypsin domain; Peptidase S1A, chymotrypsin family; Serine protease-like, trypsin family, histidine active site; Peptidase S1, PA clan	PF00089; Trypsin	PTHR24252; ACROSIN-RELATED	GO:0004252(InterPro)|GO:0006508(InterPro)	enzyme; digestion	DIGESTION	tr|A0A4C1V3W7|A0A4C1V3W7_EUMVA Modular serine protease OS=Eumeta variegata OX=151549 GN=modSP PE=4 SV=1	2.111949	133.339	Pupa	6.029226	383.624	Adult	4.397383	382.026	Larva	8.501383	888.92	Larva	3.098402	108.347	Egg	2.8971209383664043	2.246871884496754	2.035061500933364	2.813365840444712	1.6378184169918453
g18260	80	78.84590425010757	87.059	87.059	32.305028334050505	25.625023056565787	29.82503625027759	9.222433	5.123915	1.390251	1.394308	2.636158	2.8113280556015443	Moderate	Larva	True	True	210	KEEP	Strong arthropod homology with multiple qualifying hits and strong combined evidence.	748	tr|A0A4C1XRM5|A0A4C1XRM5_EUMVA	Eumeta variegata	151549	Eukaryota; Metazoa; Arthropoda; Insecta; Lepidoptera	90.642	100.0	0.0	1400.0	10	10	1.0	0.0	0.0	0.0	0.0	KEEP_ARTHROPOD	99.364	100.0	30.0	100.0	85.0	Ankyrin repeat	IPR002110; IPR036770; IPR052076; IPR005821	Ankyrin repeat; Ankyrin repeat-containing domain superfamily; Transient receptor potential cation channel; Ion transport domain	PF12796; Ankyrin repeats (3 copies); PF00520; Ion transport protein	PTHR47143; TRANSIENT RECEPTOR POTENTIAL CATION CHANNEL PROTEIN PAINLESS	GO:0005515(InterPro); GO:0022857(PANTHER)|GO:0034220(PANTHER)|GO:1902495(PANTHER); GO:0005216(InterPro)|GO:0006811(InterPro)|GO:0016020(InterPro)|GO:0055085(InterPro)	receptor; transporter	SIGNALING	tr|A0A4C1XRM5|A0A4C1XRM5_EUMVA Transient receptor potential channel pyrexia OS=Eumeta variegata OX=151549 GN=pyx PE=4 SV=1	1.390251	26.39	Pupa	5.123915	97.595	Adult	6.555748	170.43	Larva	11.889118	373.768	Larva	1.394308	14.677	Egg	3.3536667020524966	1.8624148895386168	1.259608750230923	2.614454258355415	1.2571621234117532
g5044	81	78.62200630561367	89.355	89.355	17.80170870409106	29.669514506818434	0.0	13.753529499999999	12.638607	30.911877	208.547784	84.032756	0.1735040729480766	High	Egg	False	True	1	KEEP	Strong arthropod homology with multiple qualifying hits and strong combined evidence.	1063	tr|A0AAV1K2K6|A0AAV1K2K6_9NEOP	Leptosia nina	320188	Eukaryota; Metazoa; Arthropoda; Insecta; Lepidoptera	77.943	100.0	0.0	1723.0	11	11	1.0	0.0	0.0	0.0	0.0	KEEP_ARTHROPOD	99.516	100.0	30.0	100.0	100.0	Protein kinase domain	IPR000719; IPR009030; IPR032778; IPR006212; IPR017441; IPR001245; IPR000494; IPR036941; IPR011009; IPR050122; IPR020635; IPR008266	Protein kinase domain; Growth factor receptor cysteine-rich domain superfamily; Growth factor receptor domain 4; Furin-like repeat; Protein kinase, ATP binding site; Serine-threonine/tyrosine-protein kinase, catalytic domain; Receptor L-domain; Receptor L-domain superfamily; Protein kinase-like domain superfamily; Receptor Tyrosine Kinase; Tyrosine-protein kinase, catalytic domain; Tyrosine-protein kinase, active site	PF14843; Growth factor receptor domain IV; PF01030; Receptor L domain; PF07714; Protein tyrosine and serine/threonine kinase	PTHR24416; TYROSINE-PROTEIN KINASE RECEPTOR	GO:0005524(InterPro)|GO:0006468(InterPro); GO:0005524(InterPro); GO:0004672(InterPro)|GO:0006468(InterPro); GO:0004714(PANTHER)|GO:0005886(PANTHER)|GO:0007169(PANTHER)|GO:0007275(PANTHER)|GO:0008284(PANTHER)|GO:0009925(PANTHER)|GO:0022008(PANTHER)|GO:0033674(PANTHER)|GO:0043066(PANTHER)|GO:0043235(PANTHER); GO:0004713(InterPro)|GO:0006468(InterPro)	enzyme; receptor; development	GROWTH_DEVELOPMENT	Receptor protein-tyrosine kinase OS=Leptosia nina OX=320188 GN=LNINA_LOCUS13499 PE=3 SV=1	30.911877	761.0	Pupa	12.638607	312.652	Adult	8.499122	287.003	Larva	19.007937	775.0	Larva	208.547784	2846.0	Egg	3.882988227871491	6.4099467927909215	7.711135454602288	3.769624394907876	4.996021562763507
g3539	82	78.60989725011046	88.349	88.349	23.421648334069786	30.94547174561625	12.13591321675009	15.5639945	19.538899	10.091519	0.0	9.876806	1.5228730290859283	High	Adult	False	True	62	KEEP	Strong arthropod homology with multiple qualifying hits and strong combined evidence.	245	tr|A0A4C1YZY8|A0A4C1YZY8_EUMVA	Eumeta variegata	151549	Eukaryota; Metazoa; Arthropoda; Insecta; Lepidoptera	71.605	99.0	1.16e-127	375.0	10	10	1.0	0.0	0.0	0.0	0.0	KEEP_ARTHROPOD	98.664	100.0	30.0	100.0	95.0	Serpin, conserved site	IPR023795; IPR042185; IPR042178; IPR000215; IPR036186; IPR023796	Serpin, conserved site; Serpin superfamily, domain 2; Serpin superfamily, domain 1; Serpin family; Serpin superfamily; Serpin domain	PF00079; Serpin (serine protease inhibitor)	PTHR11461; SERINE PROTEASE INHIBITOR, SERPIN	GO:0004867(InterPro)|GO:0005576(InterPro)|GO:0005615(PANTHER)	enzyme; digestion	DIGESTION	Serine protease inhibitor 77Ba OS=Eumeta variegata OX=151549 GN=Spn77Ba PE=3 SV=1	10.091519	23.0	Pupa	19.538899	43.0	Adult	14.520494	44.0	Larva	16.607495	64.0	Larva	0.0	0.0	Egg	4.0499787236674605	3.443183062829956	0.0	4.3602869420832455	3.471385053146123
g4892	83	78.55439638815773	86.627	86.627	32.80964258771819	32.000446744256614	21.523436352910554	17.2275435	14.920968	7.837821	0.176399	7.645062666666667	2.108433935393103	High	Larva	True	True	331	KEEP	Strong arthropod homology with multiple qualifying hits and strong combined evidence.	402	tr|A0A4C1W6C4|A0A4C1W6C4_EUMVA	Eumeta variegata	151549	Eukaryota; Metazoa; Arthropoda; Insecta; Lepidoptera	74.436	99.0	0.0	645.0	6	6	1.0	0.0	0.0	0.0	0.0	KEEP_ARTHROPOD	93.923	100.0	30.0	93.0	100.0	Protein kinase-like domain superfamily	IPR011009; IPR015897; IPR004119	Protein kinase-like domain superfamily; CHK kinase-like; Ecdysteroid kinase-like	PF02958; Ecdysteroid kinase-like family	PTHR11012; PROTEIN KINASE-LIKE DOMAIN-CONTAINING		enzyme	GROWTH_DEVELOPMENT	CHK kinase-like domain-containing protein OS=Eumeta variegata OX=151549 GN=EVAR_28039_1 PE=4 SV=1	7.837821	80.0	Pupa	14.920968	152.0	Adult	16.117424	224.0	Larva	18.337663	310.0	Larva	0.176399	1.0	Egg	4.188048239414941	3.1118764217694137	0.23437746297272677	3.9928561497603825	3.143690711245687
g1247	84	78.44138300620662	88.559	88.559	21.108220041377542	14.988128075668348	17.78835798994134	2.8948465	1.37244	0.668104	1.267143	1.1025623333333334	1.8524285526532944	Moderate	Larva	True	True	31	KEEP	Strong arthropod homology with multiple qualifying hits and strong combined evidence.	173	tr|A0AAD7YKZ8|A0AAD7YKZ8_MYTSE	Bombyx mandarina	7092	Eukaryota; Metazoa; Arthropoda; Insecta; Lepidoptera	75.723	100.0	6.14e-93	288.0	10	10	1.0	0.0	0.0	0.0	0.0	KEEP_ARTHROPOD	99.364	100.0	30.0	100.0	95.0	Xaa-Pro dipeptidase-like	IPR052433; IPR007865; IPR029149	Xaa-Pro dipeptidase-like; Aminopeptidase P, N-terminal; Creatinase/Aminopeptidase P/Spt16, N-terminal	PF05195; Aminopeptidase P, N-terminal domain	PTHR48480	GO:0030145(InterPro)|GO:0070006(InterPro)	enzyme; digestion	DIGESTION	Xaa-Pro dipeptidase OS=Mythimna separata OX=271217 GN=PYW07_012334 PE=3 SV=1	0.668104	10.862	Pupa	1.37244	22.366	Adult	2.241048	49.844	Larva	3.548645	95.553	Larva	1.267143	11.428	Egg	1.961566471277296	1.072148571780229	1.1808753919099102	1.2463716013466861	0.7382092381872121
g3430	85	78.40219764966385	87.509	87.509	26.79698433109229	14.510514988412806	32.72668834511152	2.7296985	0.420833	0.178394	0.0	0.19974233333333333	3.108749600955983	Moderate	Larva	True	True	127	KEEP	Strong arthropod homology with multiple qualifying hits and strong combined evidence.	320	tr|A0A4C1Y2D1|A0A4C1Y2D1_EUMVA	Eumeta variegata	151549	Eukaryota; Metazoa; Arthropoda; Insecta; Lepidoptera	83.735	100.0	0.0	550.0	10	10	1.0	0.0	0.0	0.0	0.0	KEEP_ARTHROPOD	99.364	100.0	30.0	93.0	95.0	Creatinase/Aminopeptidase P/Spt16, N-terminal	IPR029149; IPR050422; IPR000587	Creatinase/Aminopeptidase P/Spt16, N-terminal; Xaa-Pro aminopeptidase P; Creatinase, N-terminal	PF16189; Creatinase/Prolidase N-terminal domain; PF01321	PTHR43763; XAA-PRO AMINOPEPTIDASE 1		enzyme; digestion	DIGESTION	Xaa-Pro aminopeptidase 1 OS=Eumeta variegata OX=151549 GN=XPNPEP1 PE=3 SV=1	0.178394	14.112	Pupa	0.420833	33.563	Adult	2.464181	268.342	Larva	2.995216	392.411	Larva	0.0	0.0	Egg	1.8990590111412557	0.2627245938856796	0.0	0.5067369949534346	0.23682198976993465
g4893	86	78.3966923358065	86.26	86.26	33.83794890537668	25.495355458300367	33.85183907599115	9.1028925	1.460517	4.539151	0.376946	2.125538	3.232369115333104	Moderate	Larva	True	True	395	KEEP	Strong arthropod homology with multiple qualifying hits and strong combined evidence.	399	tr|A0A4C1W8H4|A0A4C1W8H4_EUMVA	Eumeta variegata	151549	Eukaryota; Metazoa; Arthropoda; Insecta; Lepidoptera	74.937	100.0	0.0	630.0	4	4	1.0	0.0	0.0	0.0	0.0	KEEP_ARTHROPOD	92.699	100.0	30.0	93.0	100.0	Protein kinase-like domain superfamily	IPR011009; IPR004119; IPR015897	Protein kinase-like domain superfamily; Ecdysteroid kinase-like; CHK kinase-like	PF02958; Ecdysteroid kinase-like family	PTHR11012; PROTEIN KINASE-LIKE DOMAIN-CONTAINING		enzyme	GROWTH_DEVELOPMENT	CHK kinase-like domain-containing protein OS=Eumeta variegata OX=151549 GN=EVAR_28043_1 PE=4 SV=1	4.539151	115.597	Pupa	1.460517	37.381	Adult	9.288212	324.513	Larva	8.917573	376.119	Larva	0.376946	5.321	Egg	3.3366964965749086	1.6441045427753513	0.46147198208739604	1.2989614842514172	2.469664867618735
g3538	87	78.39128904900352	88.088	88.088	23.443260326690144	24.456651526591926	21.923173526837473	8.1944065	0.509542	0.0	9.392793	3.300778333333333	2.137847102869364	Moderate	Egg	False	True	99	KEEP	Strong arthropod homology with multiple qualifying hits and strong combined evidence.	369	tr|A0A4C1Z440|A0A4C1Z440_EUMVA	Eumeta variegata	151549	Eukaryota; Metazoa; Arthropoda; Insecta; Lepidoptera	73.641	99.0	0.0	563.0	12	12	1.0	0.0	0.0	0.0	0.0	KEEP_ARTHROPOD	97.794	100.0	30.0	100.0	95.0	Serpin superfamily, domain 2	IPR042185; IPR042178; IPR023795; IPR023796; IPR000215; IPR036186	Serpin superfamily, domain 2; Serpin superfamily, domain 1; Serpin, conserved site; Serpin domain; Serpin family; Serpin superfamily	PF00079; Serpin (serine protease inhibitor)	PTHR11461; SERINE PROTEASE INHIBITOR, SERPIN	GO:0004867(InterPro)|GO:0005576(InterPro)|GO:0005615(PANTHER)	enzyme; digestion	DIGESTION	Serine protease inhibitor 77Ba OS=Eumeta variegata OX=151549 GN=Spn77Ba PE=3 SV=1	0.0	0.0	Pupa	0.509542	2.0	Adult	10.660631	57.0	Larva	5.728182	38.0	Larva	9.392793	21.0	Egg	3.200756451511454	2.10459777516958	3.3775115167672114	0.5941108975264419	0.0
g15120	88	78.29703408226126	85.889	85.889	35.275893881741744	24.146088319696116	39.47060222481019	7.938988500000001	2.161212	1.667171	0.0	1.2761276666666665	3.9272790498131114	Moderate	Larva	True	True	472	KEEP	Strong arthropod homology with multiple qualifying hits and strong combined evidence.	393	tr|A0A4C1XS72|A0A4C1XS72_EUMVA	Eumeta variegata	151549	Eukaryota; Metazoa; Arthropoda; Insecta; Lepidoptera	71.694	98.0	0.0	646.0	10	10	1.0	0.0	0.0	0.0	0.0	KEEP_ARTHROPOD	97.964	100.0	30.0	100.0	80.0	Cytochrome P450, E-class, group I	IPR002401; IPR001128; IPR036396; IPR050479; IPR017972	Cytochrome P450, E-class, group I; Cytochrome P450; Cytochrome P450 superfamily; Cytochrome P450, families 11 and 27; Cytochrome P450, conserved site	PF00067; Cytochrome P450	PTHR24279; CYTOCHROME P450	GO:0004497(InterPro)|GO:0005506(InterPro)|GO:0016705(InterPro)|GO:0020037(InterPro); GO:0005506(InterPro)|GO:0016705(InterPro)		DETOXIFICATION	tr|A0A4C1XS72|A0A4C1XS72_EUMVA Cytochrome P450 CYP12A2 OS=Eumeta variegata OX=151549 GN=CYP12A2 PE=3 SV=1	1.667171	37.366	Pupa	2.161212	48.651	Adult	6.564303	201.705	Larva	9.313674	345.721	Larva	0.0	0.0	Egg	3.1601115910736697	1.18658147983316	0.0	1.6604777897798368	1.4153103231803548
g9091	89	78.18497114346656	89.194	89.194	15.80047428977703	26.33412381629505	0.0	9.9016155	16.476993	15.538609	235.063804	89.02646866666667	0.12109344797655545	Moderate	Egg	False	True	4	KEEP	Strong arthropod homology with multiple qualifying hits and strong combined evidence.	726	sp|O01639|E75_CHOFU	Choristoneura fumiferana	7141	Eukaryota; Metazoa; Arthropoda; Insecta; Lepidoptera	85.399	100.0	0.0	1149.0	9	9	1.0	0.0	0.0	0.0	0.0	KEEP_ARTHROPOD	98.978	100.0	30.0	100.0	100.0	Zinc finger, NHR/GATA-type	IPR013088; IPR000536; IPR001728; IPR001628; IPR035500; IPR050234; IPR001723	Zinc finger, NHR/GATA-type; Nuclear hormone receptor, ligand-binding domain; Thyroid hormone receptor; Zinc finger, nuclear hormone receptor-type; Nuclear hormone receptor-like domain superfamily; Nuclear hormone receptor family NR1 subfamily; Nuclear hormone receptor	PF00104; Ligand-binding domain of nuclear hormone receptor; PF00105; Double treble clef zinc finger, C4 type	PTHR24082; NUCLEAR HORMONE RECEPTOR	GO:0006355(InterPro)|GO:0008270(InterPro); GO:0003677(InterPro)|GO:0004879(InterPro)|GO:0006355(InterPro); GO:0003700(InterPro)|GO:0006355(InterPro)|GO:0008270(InterPro)|GO:0043565(InterPro); GO:0000122(PANTHER)|GO:0000978(PANTHER)|GO:0004879(PANTHER)|GO:0009755(PANTHER)|GO:0030154(PANTHER)|GO:0045944(PANTHER)	transcription_factor; receptor; hormone	GROWTH_DEVELOPMENT	Ecdysone-inducible protein E75 OS=Choristoneura fumiferana OX=7141 GN=E75 PE=2 SV=1	15.538609	1613.0	Pupa	16.476993	1725.0	Adult	7.820771	1118.0	Larva	11.98246	2060.0	Larva	235.063804	13512.131	Egg	3.446470037333588	6.49227732521887	7.883033037809036	4.1273850785148225	4.047765994862618
g17827	90	78.17388870432573	88.349	88.349	20.514924695504874	34.19154115917479	0.0	21.235717	90.936339	35.809158	134.774019	87.17317200000001	0.25218234181254134	High	Egg	False	True	76	KEEP	Strong arthropod homology with multiple qualifying hits and strong combined evidence.	1020	tr|A0A4C1ZL26|A0A4C1ZL26_EUMVA	Eumeta variegata	151549	Eukaryota; Metazoa; Arthropoda; Insecta; Lepidoptera	92.369	99.0	0.0	1952.0	10	10	1.0	0.0	0.0	0.0	0.0	KEEP_ARTHROPOD	98.664	100.0	30.0	100.0	95.0	Metalloenzyme, LuxS/M16 peptidase-like	IPR011249; IPR013578; IPR055130; IPR011765; IPR007863	Metalloenzyme, LuxS/M16 peptidase-like; Peptidase M16C associated; Presequence protease, mitochondrial-type, C-terminal domain; Peptidase M16, N-terminal; Peptidase M16, C-terminal	PF08367; Peptidase M16C associated; PF22516; PreP C-terminal domain; PF00675; Insulinase (Peptidase family M16); PF05193; Peptidase M16 inactive domain	PTHR43016; PRESEQUENCE PROTEASE	GO:0046872(InterPro); GO:0006508(InterPro); GO:0004222(PANTHER)|GO:0005759(PANTHER)|GO:0016485(PANTHER)	enzyme; digestion	DIGESTION	tr|A0A4C1ZL26|A0A4C1ZL26_EUMVA Presequence protease, mitochondrial OS=Eumeta variegata OX=151549 GN=EVAR_102499_1 PE=3 SV=1	35.809158	473.0	Pupa	90.936339	1202.0	Adult	16.964976	306.0	Larva	25.506458	558.0	Larva	134.774019	988.0	Egg	4.474807020632174	6.462267855996818	7.085063629255229	6.522563312578899	5.201992843709639
g152	91	78.15568376072824	87.059	87.059	27.703558404854938	46.1725973414249	0.0	64.928206	65.448349	25.093072	136.357024	75.632815	0.8603129873279484	High	Egg	False	True	202	KEEP	Strong arthropod homology with multiple qualifying hits and strong combined evidence.	256	tr|A0A4C1VEI9|A0A4C1VEI9_EUMVA	Eumeta variegata	151549	Eukaryota; Metazoa; Arthropoda; Insecta; Lepidoptera	96.484	100.0	0.0	509.0	10	10	1.0	0.0	0.0	0.0	0.0	KEEP_ARTHROPOD	99.364	100.0	30.0	100.0	85.0	G-protein coupled receptor Dmsr-1	IPR053219; IPR017452; IPR019427; IPR000276	G-protein coupled receptor Dmsr-1; GPCR, rhodopsin-like, 7TM; 7TM GPCR, serpentine receptor class w (Srw); G protein-coupled receptor, rhodopsin-like	PF10324; Serpentine type 7TM GPCR chemoreceptor Srw	PTHR46273; MYOSUPPRESSIN RECEPTOR 1, ISOFORM B-RELATED	GO:0005886(PANTHER)|GO:0007186(PANTHER)|GO:0008528(PANTHER); GO:0016020(InterPro); GO:0008528(InterPro); GO:0004930(InterPro)|GO:0007186(InterPro)|GO:0016020(InterPro)	receptor	SIGNALING	Sex peptide receptor OS=Eumeta variegata OX=151549 GN=SPR PE=3 SV=1	25.093072	61.0	Pupa	65.448349	154.0	Adult	51.95224	168.0	Larva	77.904172	319.0	Larva	136.357024	186.0	Egg	6.042823919002813	6.259890396961008	7.101786876896653	6.054161449105096	4.7055949009922395
g6034	92	78.12378448585223	88.617	88.617	18.662229905681457	31.1037165094691	0.0	15.803489500000001	26.148207	12.586141	28.660527	22.464958333333332	0.716109922774918	High	Egg	False	True	20	KEEP	Strong arthropod homology with multiple qualifying hits and strong combined evidence.	382	tr|A0A8J9VST8|A0A8J9VST8_9NEOP	Brenthis ino	405034	Eukaryota; Metazoa; Arthropoda; Insecta; Lepidoptera	82.902	100.0	0.0	684.0	11	11	1.0	0.0	0.0	0.0	0.0	KEEP_ARTHROPOD	99.555	100.0	30.0	100.0	95.0	Peptidase M2, peptidyl-dipeptidase A	IPR001548	Peptidase M2, peptidyl-dipeptidase A	PF01401; Angiotensin-converting enzyme	PTHR10514; ANGIOTENSIN-CONVERTING ENZYME	GO:0006508(InterPro)|GO:0008237(InterPro)|GO:0008241(InterPro)|GO:0016020(InterPro); GO:0005615(PANTHER)|GO:0005886(PANTHER)|GO:0006508(InterPro)|GO:0008237(PANTHER)|GO:0008237(InterPro)|GO:0008241(InterPro)|GO:0016020(InterPro)	enzyme; digestion	DIGESTION	Angiotensin-converting enzyme (Fragment) OS=Brenthis ino OX=405034 GN=BINO364_LOCUS14300 PE=3 SV=1	12.586141	666.391	Pupa	26.148207	1394.744	Adult	10.670839	777.129	Larva	20.93614	1835.84	Larva	28.660527	840.567	Egg	4.070688956557241	4.552435993465909	4.890472326312142	4.76278501344638	3.76406382687472
g13522	93	78.08678563576834	86.009	86.009	33.19423757178883	30.844651704821363	24.21861637224003	15.413192	9.005398	6.201716	3.063881	6.090331666666667	2.3148694266535252	High	Larva	True	True	455	KEEP	Strong arthropod homology with multiple qualifying hits and strong combined evidence.	855	tr|A0A4C1UMJ1|A0A4C1UMJ1_EUMVA	Eumeta variegata	151549	Eukaryota; Metazoa; Arthropoda; Insecta; Lepidoptera	92.279	95.0	0.0	1559.0	10	10	1.0	0.0	0.0	0.0	0.0	KEEP_ARTHROPOD	95.864	100.0	30.0	100.0	85.0	Toll/interleukin-1 receptor homology (TIR) domain superfamily	IPR035897; IPR017241; IPR000157; IPR003591; IPR001611; IPR032675	Toll/interleukin-1 receptor homology (TIR) domain superfamily; Toll-like receptor; Toll/interleukin-1 receptor homology (TIR) domain; Leucine-rich repeat, typical subtype; Leucine-rich repeat; Leucine-rich repeat domain superfamily	PF01582; TIR domain; PF13855; Leucine rich repeat	PTHR24365; TOLL-LIKE RECEPTOR	GO:0005886(PANTHER)|GO:0006954(PANTHER)|GO:0007165(PANTHER)|GO:0038023(PANTHER); GO:0002224(InterPro)|GO:0004888(InterPro)|GO:0006955(InterPro)|GO:0016020(InterPro); GO:0007165(InterPro); GO:0005515(InterPro)	receptor	SIGNALING	tr|A0A4C1UMJ1|A0A4C1UMJ1_EUMVA Toll-like receptor 4 OS=Eumeta variegata OX=151549 GN=TLR4 PE=3 SV=1	6.201716	231.004	Pupa	9.005398	337.613	Adult	13.302162	680.843	Larva	17.524222	1081.061	Larva	3.063881	63.234	Egg	4.036783933053341	2.8258531144413395	2.0228581572224194	3.322706651556889	2.848340707904995
g19654	94	78.06049610591201	87.059	87.059	27.068974039413437	45.11495673235573	0.0	58.8967385	218.302529	130.88029	188.412962	179.19859366666665	0.33239292982939506	High	Adult	False	True	178	KEEP	Strong arthropod homology with multiple qualifying hits and strong combined evidence.	260	tr|A0A4C1Y749|A0A4C1Y749_EUMVA	Eumeta variegata	151549	Eukaryota; Metazoa; Arthropoda; Insecta; Lepidoptera	87.5	100.0	3.4200000000000002e-164	464.0	10	10	1.0	0.0	0.0	0.0	0.0	KEEP_ARTHROPOD	99.364	100.0	30.0	100.0	85.0	Nuclear receptor-binding factor 2	IPR039679; IPR033393	Nuclear receptor-binding factor 2; Nuclear receptor-binding factor 2, MIT domain	PF17169; MIT domain of nuclear receptor-binding factor 2	PTHR14964; NUCLEAR RECEPTOR BINDING FACTOR 2	GO:0006914(InterPro)|GO:0006914(PANTHER)	receptor	SIGNALING	tr|A0A4C1Y749|A0A4C1Y749_EUMVA Nuclear receptor-binding factor 2 OS=Eumeta variegata OX=151549 GN=Nrbf2 PE=4 SV=1	130.88029	387.0	Pupa	218.302529	628.0	Adult	46.228221	182.0	Larva	71.565256	353.0	Larva	188.412962	312.0	Egg	5.904405542342467	7.493443941669556	7.5653912511684265	7.776778639062659	7.043085154333499
g1541	95	78.05392005595624	88.889	88.889	16.655133706374965	26.053793817696207	2.557143539393107	9.62788	22.143895	2.556578	1.479108	8.726527	1.0926695623216796	Moderate	Adult	False	True	11	KEEP	Strong arthropod homology with multiple qualifying hits and strong combined evidence.	380	tr|A0A4C1UM74|A0A4C1UM74_EUMVA	Eumeta variegata	151549	Eukaryota; Metazoa; Arthropoda; Insecta; Lepidoptera	83.646	98.0	0.0	657.0	10	10	1.0	0.0	0.0	0.0	0.0	KEEP_ARTHROPOD	97.964	100.0	30.0	100.0	100.0	Proteinase, regulatory CLIP domain	IPR022700; IPR018114; IPR051487; IPR001254; IPR009003; IPR033116; IPR001314; IPR038565	Proteinase, regulatory CLIP domain; Serine protease-like, trypsin family, histidine active site; Serine/Threonine Proteases with Immune and Developmental Roles; Serine proteases, trypsin domain; Peptidase S1, PA clan; Serine proteases, trypsin family, serine active site; Peptidase S1A, chymotrypsin family; Proteinase, regulatory CLIP domain superfamily	PF12032; Regulatory CLIP domain of proteinases; PF00089; Trypsin	PTHR24256; TRYPTASE-RELATED	GO:0004252(InterPro)|GO:0006508(InterPro)	enzyme; membrane; development; digestion	GROWTH_DEVELOPMENT	CLIP domain-containing serine protease OS=Eumeta variegata OX=151549 GN=Sp7 PE=3 SV=1	2.556578	225.448	Pupa	22.143895	1968.984	Adult	6.412095	778.506	Larva	12.843665	1875.75	Larva	1.479108	72.232	Egg	3.409781938368288	3.2819247613986327	1.30982112244137	4.532559778015053	1.830489803912009
g3804	96	78.02295139290516	87.059	87.059	26.818675952701096	44.697793254501825	0.0	56.67241	87.832201	79.928801	139.582374	102.447792	0.5575025709586918	High	Egg	False	True	172	KEEP	Strong arthropod homology with multiple qualifying hits and strong combined evidence.	914	tr|A0A4C1WCW2|A0A4C1WCW2_EUMVA	Eumeta variegata	151549	Eukaryota; Metazoa; Arthropoda; Insecta; Lepidoptera	87.746	100.0	0.0	1647.0	10	10	1.0	0.0	0.0	0.0	0.0	KEEP_ARTHROPOD	99.364	100.0	30.0	100.0	85.0	Immunoglobulin-like domain	IPR007110; IPR001611; IPR050541; IPR032675; IPR003591; IPR003599; IPR036179; IPR013783; IPR003598	Immunoglobulin-like domain; Leucine-rich repeat; Leucine-rich repeat and transmembrane domain-containing protein; Leucine-rich repeat domain superfamily; Leucine-rich repeat, typical subtype; Immunoglobulin domain subtype; Immunoglobulin-like domain superfamily; Immunoglobulin-like fold; Immunoglobulin subtype 2	PF13855; Leucine rich repeat; PF13927; Immunoglobulin domain	PTHR24369; ANTIGEN BSP, PUTATIVE-RELATED	GO:0005515(InterPro); GO:0005886(PANTHER)	membrane	SIGNALING	Leucine-rich repeat and immunoglobulin-like domain-containing nogo receptor-interacting protein 2 OS=Eumeta variegata OX=151549 GN=Lingo2 PE=4 SV=1	79.928801	1611.0	Pupa	87.832201	1777.0	Adult	40.412739	1116.0	Larva	72.932081	2434.561	Larva	139.582374	1560.0	Egg	5.849809405515476	6.692759042274285	7.135271912657116	6.473010832295847	6.338581316274196
g16396	97	78.00685107111015	87.299	87.299	25.351340474067612	20.325800285237072	20.38965075731342	5.3209115	0.647882	1.283396	4.422911	2.118063	2.0271917212705453	Moderate	Larva	True	True	133	KEEP	Strong arthropod homology with multiple qualifying hits and strong combined evidence.	334	tr|A0ABN8J582|A0ABN8J582_9NEOP	Iphiclides podalirius	110791	Eukaryota; Metazoa; Arthropoda; Insecta; Lepidoptera	75.235	94.0	2.53e-165	477.0	10	10	1.0	0.0	0.0	0.0	0.0	KEEP_ARTHROPOD	95.164	100.0	30.0	100.0	95.0	Alpha/Beta hydrolase fold	IPR029058; IPR001563	Alpha/Beta hydrolase fold; Peptidase S10, serine carboxypeptidase	PF00450; Serine carboxypeptidase	PTHR11802; SERINE PROTEASE FAMILY S10 SERINE CARBOXYPEPTIDASE	GO:0004185(PANTHER)|GO:0004185(InterPro)|GO:0006508(InterPro); GO:0004185(InterPro)|GO:0006508(InterPro)	enzyme; digestion	DIGESTION	tr|A0ABN8J582|A0ABN8J582_9NEOP Retinoid-inducible serine carboxypeptidase (Fragment) OS=Iphiclides podalirius OX=110791 GN=IPOD504_LOCUS17160 PE=3 SV=1	1.283396	126.214	Pupa	0.647882	64.255	Adult	4.680359	633.822	Larva	5.961464	970.956	Larva	4.422911	240.868	Egg	2.660132615634968	1.640650077769297	2.439067493253311	0.7206129390564456	1.1911810819426376
g2210	98	78.00319902108895	85.967	85.967	32.87499347392627	21.275213942994924	37.77466277032329	5.8894405	0.761559	1.690614	0.129185	0.8604526666666668	3.703099048654467	Moderate	Larva	True	True	462	KEEP	Strong arthropod homology with multiple qualifying hits and strong combined evidence.	394	tr|A0ABN8IKT8|A0ABN8IKT8_9NEOP	Iphiclides podalirius	110791	Eukaryota; Metazoa; Arthropoda; Insecta; Lepidoptera	60.925	99.0	3.7900000000000004e-179	511.0	10	10	1.0	0.0	0.0	0.0	0.0	KEEP_ARTHROPOD	90.723	100.0	30.0	100.0	95.0	Serine proteases, trypsin domain	IPR001254; IPR000859; IPR035914; IPR001314; IPR009003; IPR018114	Serine proteases, trypsin domain; CUB domain; Spermadhesin, CUB domain superfamily; Peptidase S1A, chymotrypsin family; Peptidase S1, PA clan; Serine protease-like, trypsin family, histidine active site	PF00089; Trypsin; PF00431; CUB domain	PTHR24252; ACROSIN-RELATED	GO:0004252(InterPro)|GO:0006508(InterPro)	enzyme; digestion	DIGESTION	Venom serine protease 34 (Fragment) OS=Iphiclides podalirius OX=110791 GN=IPOD504_LOCUS10188 PE=3 SV=1	1.690614	106.411	Pupa	0.761559	48.307	Adult	3.546922	307.197	Larva	8.231959	858.114	Larva	0.129185	4.504	Egg	2.784386824634813	0.8956536861186483	0.17528186938612084	0.8168527959126091	1.4279354343713577
g3709	99	78.00038921483275	88.559	88.559	18.168261432218333	8.608852755247662	20.007374447674337	1.183558	0.219319	0.055181	0.0	0.09149999999999998	2.0005112230874946	Moderate	Larva	True	True	41	KEEP	Strong arthropod homology with multiple qualifying hits and strong combined evidence.	360	tr|A0A4C1UDU1|A0A4C1UDU1_EUMVA	Eumeta variegata	151549	Eukaryota; Metazoa; Arthropoda; Insecta; Lepidoptera	83.611	100.0	0.0	639.0	10	10	1.0	0.0	0.0	0.0	0.0	KEEP_ARTHROPOD	99.364	100.0	30.0	100.0	95.0	Alpha/Beta hydrolase fold	IPR029058; IPR013818; IPR000734	Alpha/Beta hydrolase fold; Lipase; Triacylglycerol lipase family	PF00151; Lipase	PTHR11610; LIPASE	GO:0016298(InterPro); GO:0005615(PANTHER)|GO:0016042(PANTHER)|GO:0016298(PANTHER)|GO:0016298(InterPro)|GO:0017171(PANTHER)	enzyme; digestion	DIGESTION	Lipase member H-A OS=Eumeta variegata OX=151549 GN=liph-a PE=3 SV=1	0.055181	2.0	Pupa	0.219319	8.0	Adult	1.084362	54.0	Larva	1.282754	77.0	Larva	0.0	0.0	Egg	1.1266808527124206	0.1263121303287039	0.0	0.2860756153027672	0.077490492207247
g6292	100	77.93819769155657	89.099	89.099	14.693651277043827	24.489418795073046	0.0	8.2217775	19.98773	2.290557	13.242291	11.840192666666667	0.7181961937331263	Moderate	Adult	False	True	8	KEEP	Strong arthropod homology with multiple qualifying hits and strong combined evidence.	348	tr|A0A4C1SS19|A0A4C1SS19_EUMVA	Eumeta variegata	151549	Eukaryota; Metazoa; Arthropoda; Insecta; Lepidoptera	77.401	99.0	0.0	552.0	10	10	1.0	0.0	0.0	0.0	0.0	KEEP_ARTHROPOD	98.664	100.0	30.0	100.0	100.0	Peptidase S1, PA clan	IPR009003; IPR001314; IPR001254; IPR022700; IPR038565; IPR033116; IPR051487; IPR018114	Peptidase S1, PA clan; Peptidase S1A, chymotrypsin family; Serine proteases, trypsin domain; Proteinase, regulatory CLIP domain; Proteinase, regulatory CLIP domain superfamily; Serine proteases, trypsin family, serine active site; Serine/Threonine Proteases with Immune and Developmental Roles; Serine protease-like, trypsin family, histidine active site	PF00089; Trypsin; PF12032; Regulatory CLIP domain of proteinases	PTHR24256; TRYPTASE-RELATED	GO:0004252(InterPro)|GO:0006508(InterPro)	enzyme; development; digestion	GROWTH_DEVELOPMENT	CLIP domain-containing serine protease OS=Eumeta variegata OX=151549 GN=EVAR_74799_1 PE=3 SV=1	2.290557	211.963	Pupa	19.98773	1865.142	Adult	5.708687	727.379	Larva	10.734868	1645.188	Larva	13.242291	678.603	Egg	3.205044857300583	3.6825949451014064	3.83210933027087	4.391474230319648	1.7183318128729612
