Protein_ID	Header	Length_aa	Contains_X	Contains_internal_stop
g1.t1	g1.t1	236	No	No
g2.t1	g2.t1	99	No	No
g3.t1	g3.t1	344	Yes	No
g4.t1	g4.t1	534	No	No
g5.t1	g5.t1	581	No	No
g6.t1	g6.t1	1093	No	No
g7.t1	g7.t1	541	No	No
g8.t1	g8.t1	168	No	No
g9.t1	g9.t1	342	No	No
g10.t1	g10.t1	541	No	No
g11.t1	g11.t1	539	No	No
g12.t1	g12.t1	294	No	No
g13.t1	g13.t1	404	Yes	No
g14.t1	g14.t1	88	No	No
g15.t1	g15.t1	130	No	No
g16.t1	g16.t1	74	No	No
g17.t1	g17.t1	95	No	No
g18.t1	g18.t1	160	No	No
g19.t1	g19.t1	74	No	No
g20.t1	g20.t1	379	No	No
g21.t1	g21.t1	155	No	No
g22.t1	g22.t1	60	No	No
g23.t1	g23.t1	161	No	No
g24.t1	g24.t1	326	No	No
g25.t1	g25.t1	144	No	No
g26.t1	g26.t1	280	No	No
g27.t1	g27.t1	569	No	No
g28.t1	g28.t1	118	No	No
g29.t1	g29.t1	141	No	No
g30.t1	g30.t1	192	No	No
g31.t1	g31.t1	193	No	No
g32.t1	g32.t1	91	No	No
g33.t1	g33.t1	386	No	No
g34.t1	g34.t1	1699	No	No
g35.t1	g35.t1	174	No	No
g36.t1	g36.t1	650	No	No
g37.t1	g37.t1	155	Yes	No
g38.t1	g38.t1	88	No	No
g39.t1	g39.t1	77	No	No
g40.t1	g40.t1	124	No	No
g41.t1	g41.t1	1406	No	No
g42.t2	g42.t2	323	No	No
g43.t1	g43.t1	289	Yes	No
g44.t1	g44.t1	331	No	No
g45.t1	g45.t1	78	No	No
g46.t1	g46.t1	79	No	No
g47.t1	g47.t1	92	No	No
g48.t1	g48.t1	165	No	No
g49.t1	g49.t1	212	Yes	No
g50.t3	g50.t3	893	No	No
g51.t1	g51.t1	252	No	No
g52.t1	g52.t1	226	No	No
g53.t1	g53.t1	510	No	No
g54.t1	g54.t1	87	No	No
g55.t1	g55.t1	420	Yes	No
g56.t1	g56.t1	110	No	No
g57.t1	g57.t1	119	No	No
g58.t1	g58.t1	211	No	No
g59.t1	g59.t1	180	No	No
g60.t1	g60.t1	73	No	No
g61.t1	g61.t1	296	No	No
g62.t1	g62.t1	92	No	No
g63.t1	g63.t1	196	No	No
g64.t1	g64.t1	678	No	No
g65.t1	g65.t1	369	No	No
g66.t1	g66.t1	81	No	No
g67.t1	g67.t1	55	Yes	No
g68.t1	g68.t1	119	No	No
g69.t1	g69.t1	244	No	No
g70.t1	g70.t1	278	No	No
g71.t2	g71.t2	260	No	No
g72.t1	g72.t1	241	No	No
g73.t1	g73.t1	265	No	No
g74.t1	g74.t1	735	No	No
g75.t1	g75.t1	253	No	No
g76.t1	g76.t1	125	No	No
g77.t1	g77.t1	148	No	No
g78.t1	g78.t1	274	No	No
g79.t1	g79.t1	152	No	No
g80.t1	g80.t1	720	No	No
g81.t1	g81.t1	92	No	No
g82.t1	g82.t1	178	No	No
g83.t1	g83.t1	93	No	No
g84.t1	g84.t1	96	No	No
g85.t1	g85.t1	72	No	No
g86.t1	g86.t1	526	No	No
g87.t1	g87.t1	261	No	No
g88.t1	g88.t1	352	No	No
g89.t1	g89.t1	161	No	No
g90.t1	g90.t1	102	Yes	No
g91.t1	g91.t1	58	Yes	No
g92.t1	g92.t1	149	Yes	No
g93.t1	g93.t1	485	No	No
g94.t1	g94.t1	328	No	No
g95.t1	g95.t1	1014	No	No
g96.t1	g96.t1	985	No	No
g97.t1	g97.t1	739	No	No
g98.t1	g98.t1	1373	No	No
g99.t1	g99.t1	160	No	No
g100.t1	g100.t1	990	No	No
g101.t1	g101.t1	266	No	No
g102.t1	g102.t1	460	No	No
g103.t1	g103.t1	232	No	No
g104.t1	g104.t1	711	No	No
g105.t1	g105.t1	312	No	No
g106.t1	g106.t1	102	No	No
g107.t1	g107.t1	446	No	No
g108.t1	g108.t1	151	No	No
g109.t1	g109.t1	226	No	No
g110.t1	g110.t1	218	Yes	No
g111.t1	g111.t1	170	No	No
g112.t1	g112.t1	290	No	No
g113.t1	g113.t1	561	No	No
g114.t1	g114.t1	302	No	No
g115.t1	g115.t1	748	No	No
g116.t1	g116.t1	481	No	No
g117.t1	g117.t1	303	Yes	No
g118.t1	g118.t1	84	No	No
g119.t1	g119.t1	1020	No	No
g120.t1	g120.t1	179	No	No
g121.t1	g121.t1	225	No	No
g122.t1	g122.t1	511	No	No
g123.t1	g123.t1	224	No	No
g124.t1	g124.t1	118	No	No
g125.t1	g125.t1	137	No	No
g126.t1	g126.t1	101	No	No
g127.t1	g127.t1	541	No	No
g128.t1	g128.t1	123	No	No
g129.t1	g129.t1	79	No	No
g130.t1	g130.t1	136	No	No
g131.t1	g131.t1	429	No	No
g132.t1	g132.t1	347	No	No
g133.t1	g133.t1	373	No	No
g134.t1	g134.t1	360	No	No
g135.t1	g135.t1	76	No	No
g136.t1	g136.t1	213	Yes	No
g137.t1	g137.t1	361	No	No
g138.t1	g138.t1	579	No	No
g139.t1	g139.t1	123	No	No
g140.t1	g140.t1	250	No	No
g141.t1	g141.t1	837	No	No
g142.t1	g142.t1	521	No	No
g143.t1	g143.t1	87	No	No
g144.t1	g144.t1	1357	No	No
g145.t1	g145.t1	87	No	No
g146.t1	g146.t1	87	No	No
g147.t1	g147.t1	128	No	No
g148.t1	g148.t1	1523	No	No
g149.t1	g149.t1	310	No	No
g150.t1	g150.t1	265	No	No
g151.t1	g151.t1	657	No	No
g152.t1	g152.t1	256	No	No
g153.t1	g153.t1	565	No	No
g154.t1	g154.t1	1077	No	No
g155.t1	g155.t1	169	Yes	No
g156.t1	g156.t1	1334	Yes	No
g157.t1	g157.t1	477	No	No
g158.t1	g158.t1	182	No	No
g159.t1	g159.t1	135	No	No
g160.t1	g160.t1	242	No	No
g161.t1	g161.t1	202	Yes	No
g162.t1	g162.t1	246	No	No
g163.t2	g163.t2	637	No	No
g164.t1	g164.t1	262	No	No
g165.t1	g165.t1	373	Yes	No
g166.t1	g166.t1	71	Yes	No
g167.t1	g167.t1	56	No	No
g168.t1	g168.t1	141	Yes	No
g169.t1	g169.t1	221	No	No
g170.t1	g170.t1	411	No	No
g171.t1	g171.t1	519	No	No
g172.t1	g172.t1	141	No	No
g173.t1	g173.t1	28	Yes	No
g174.t1	g174.t1	74	No	No
g175.t1	g175.t1	49	Yes	No
g176.t1	g176.t1	93	No	No
g177.t1	g177.t1	99	No	No
g178.t1	g178.t1	172	No	No
g179.t1	g179.t1	2550	No	No
g180.t1	g180.t1	138	No	No
g181.t1	g181.t1	506	No	No
g182.t1	g182.t1	343	No	No
g183.t1	g183.t1	47	Yes	No
g184.t1	g184.t1	120	No	No
g185.t1	g185.t1	456	Yes	No
g186.t1	g186.t1	793	No	No
g187.t1	g187.t1	565	No	No
g188.t1	g188.t1	536	No	No
g189.t1	g189.t1	271	No	No
g190.t1	g190.t1	418	No	No
g191.t1	g191.t1	88	No	No
g192.t1	g192.t1	43	No	No
g193.t1	g193.t1	296	No	No
g194.t1	g194.t1	81	No	No
g195.t1	g195.t1	126	Yes	No
g196.t1	g196.t1	252	No	No
g197.t1	g197.t1	147	No	No
g198.t1	g198.t1	249	No	No
g199.t1	g199.t1	189	No	No
g200.t1	g200.t1	798	No	No
g201.t1	g201.t1	91	No	No
g202.t1	g202.t1	447	No	No
g203.t1	g203.t1	127	No	No
g204.t1	g204.t1	571	No	No
g205.t1	g205.t1	90	No	No
g206.t1	g206.t1	119	No	No
g207.t1	g207.t1	205	No	No
g208.t1	g208.t1	680	No	No
g209.t1	g209.t1	363	No	No
g210.t1	g210.t1	859	No	No
g211.t1	g211.t1	128	Yes	No
g212.t1	g212.t1	154	Yes	No
g213.t1	g213.t1	137	No	No
g214.t1	g214.t1	68	No	No
g215.t1	g215.t1	211	No	No
g216.t1	g216.t1	621	No	No
g217.t1	g217.t1	99	No	No
g218.t1	g218.t1	352	No	No
g219.t1	g219.t1	194	No	No
g220.t1	g220.t1	42	Yes	No
g221.t1	g221.t1	98	No	No
g222.t1	g222.t1	354	Yes	No
g223.t1	g223.t1	188	No	No
g224.t1	g224.t1	193	No	No
g225.t1	g225.t1	607	No	No
g226.t1	g226.t1	68	No	No
g227.t1	g227.t1	1103	No	No
g228.t1	g228.t1	1046	Yes	No
g229.t1	g229.t1	367	No	No
g230.t1	g230.t1	96	No	No
g231.t1	g231.t1	284	No	No
g232.t1	g232.t1	743	No	No
g233.t1	g233.t1	208	No	No
g234.t1	g234.t1	365	No	No
g235.t2	g235.t2	302	No	No
g236.t1	g236.t1	1307	No	No
g237.t1	g237.t1	158	No	No
g238.t1	g238.t1	94	No	No
g239.t1	g239.t1	209	No	No
g240.t1	g240.t1	497	No	No
g241.t1	g241.t1	124	No	No
g242.t1	g242.t1	836	Yes	No
g243.t1	g243.t1	354	No	No
g244.t1	g244.t1	426	No	No
g245.t1	g245.t1	234	No	No
g246.t1	g246.t1	431	No	No
g247.t1	g247.t1	303	No	No
g248.t1	g248.t1	299	No	No
g249.t1	g249.t1	558	No	No
g250.t1	g250.t1	371	Yes	No
g251.t1	g251.t1	179	No	No
g252.t1	g252.t1	692	No	No
g253.t1	g253.t1	121	No	No
g254.t1	g254.t1	266	No	No
g255.t1	g255.t1	340	No	No
g256.t1	g256.t1	375	No	No
g257.t1	g257.t1	90	No	No
g258.t1	g258.t1	379	No	No
g259.t1	g259.t1	71	No	No
g260.t1	g260.t1	162	No	No
g261.t1	g261.t1	354	No	No
g262.t1	g262.t1	199	Yes	No
g263.t1	g263.t1	405	No	No
g264.t1	g264.t1	336	No	No
g265.t1	g265.t1	1835	No	No
g266.t1	g266.t1	230	No	No
g267.t1	g267.t1	140	No	No
g268.t1	g268.t1	117	No	No
g269.t1	g269.t1	190	No	No
g270.t1	g270.t1	146	No	No
g271.t1	g271.t1	348	No	No
g272.t1	g272.t1	90	No	No
g273.t1	g273.t1	116	No	No
g274.t1	g274.t1	3020	No	No
g275.t1	g275.t1	307	No	No
g276.t1	g276.t1	428	No	No
g277.t1	g277.t1	425	No	No
g278.t1	g278.t1	540	No	No
g279.t1	g279.t1	152	No	No
g280.t1	g280.t1	753	No	No
g281.t1	g281.t1	341	No	No
g282.t1	g282.t1	476	No	No
g283.t1	g283.t1	346	No	No
g284.t1	g284.t1	1182	No	No
g285.t1	g285.t1	290	No	No
g286.t1	g286.t1	92	No	No
g287.t1	g287.t1	92	No	No
g288.t1	g288.t1	219	No	No
g289.t1	g289.t1	166	No	No
g290.t1	g290.t1	168	No	No
g291.t1	g291.t1	97	No	No
g292.t1	g292.t1	240	No	No
g293.t1	g293.t1	502	No	No
g294.t1	g294.t1	192	No	No
g295.t1	g295.t1	123	No	No
g296.t1	g296.t1	180	No	No
g297.t1	g297.t1	122	No	No
g298.t1	g298.t1	136	No	No
g299.t1	g299.t1	169	No	No
g300.t1	g300.t1	884	No	No
g301.t1	g301.t1	153	No	No
g302.t1	g302.t1	179	No	No
g303.t1	g303.t1	174	No	No
g304.t1	g304.t1	185	No	No
g305.t1	g305.t1	155	No	No
g306.t1	g306.t1	335	No	No
g307.t1	g307.t1	170	No	No
g308.t1	g308.t1	163	No	No
g309.t1	g309.t1	136	No	No
g310.t1	g310.t1	71	No	No
g311.t1	g311.t1	78	No	No
g312.t1	g312.t1	657	No	No
g313.t1	g313.t1	100	No	No
g314.t1	g314.t1	363	No	No
g315.t1	g315.t1	365	No	No
g316.t1	g316.t1	313	No	No
g317.t1	g317.t1	727	No	No
g318.t1	g318.t1	263	No	No
g319.t1	g319.t1	113	Yes	No
g320.t1	g320.t1	169	No	No
g321.t1	g321.t1	181	No	No
g322.t1	g322.t1	120	No	No
g323.t1	g323.t1	151	Yes	No
g324.t1	g324.t1	77	No	No
g325.t1	g325.t1	127	No	No
g326.t1	g326.t1	391	No	No
g327.t1	g327.t1	74	No	No
g328.t1	g328.t1	159	No	No
g329.t1	g329.t1	433	No	No
g330.t1	g330.t1	523	No	No
g331.t1	g331.t1	404	No	No
g332.t1	g332.t1	1625	No	No
g333.t1	g333.t1	260	No	No
g334.t1	g334.t1	526	No	No
g335.t1	g335.t1	498	No	No
g336.t1	g336.t1	497	No	No
g337.t1	g337.t1	316	No	No
g338.t1	g338.t1	385	No	No
g339.t1	g339.t1	500	No	No
g340.t1	g340.t1	97	No	No
g341.t1	g341.t1	292	No	No
g342.t1	g342.t1	463	No	No
g343.t1	g343.t1	69	No	No
g344.t1	g344.t1	441	No	No
g345.t1	g345.t1	364	No	No
g346.t1	g346.t1	96	No	No
g347.t1	g347.t1	561	No	No
g348.t1	g348.t1	543	No	No
g349.t1	g349.t1	534	No	No
g350.t1	g350.t1	861	No	No
g351.t1	g351.t1	144	No	No
g352.t1	g352.t1	558	No	No
g353.t1	g353.t1	386	No	No
g354.t1	g354.t1	117	No	No
g355.t1	g355.t1	205	No	No
g356.t1	g356.t1	456	No	No
g357.t1	g357.t1	102	No	No
g358.t1	g358.t1	520	No	No
g359.t1	g359.t1	72	No	No
g360.t2	g360.t2	559	No	No
g361.t1	g361.t1	103	No	No
g362.t1	g362.t1	104	No	No
g363.t1	g363.t1	257	No	No
g364.t1	g364.t1	338	No	No
g365.t1	g365.t1	332	No	No
g366.t1	g366.t1	933	No	No
g367.t1	g367.t1	656	No	No
g368.t2	g368.t2	659	No	No
g369.t1	g369.t1	184	No	No
g370.t1	g370.t1	276	No	No
g371.t1	g371.t1	324	No	No
g372.t1	g372.t1	206	No	No
g373.t1	g373.t1	315	No	No
g374.t1	g374.t1	86	No	No
g375.t1	g375.t1	313	No	No
g376.t1	g376.t1	58	Yes	No
g377.t1	g377.t1	147	No	No
g378.t1	g378.t1	115	No	No
g379.t1	g379.t1	689	No	No
g380.t1	g380.t1	120	No	No
g381.t1	g381.t1	52	Yes	No
g382.t1	g382.t1	578	No	No
g383.t1	g383.t1	437	No	No
g384.t1	g384.t1	90	No	No
g385.t1	g385.t1	469	No	No
g386.t1	g386.t1	496	No	No
g387.t1	g387.t1	504	No	No
g388.t1	g388.t1	239	No	No
g389.t1	g389.t1	483	No	No
g390.t1	g390.t1	458	No	No
g391.t1	g391.t1	108	No	No
g392.t1	g392.t1	568	No	No
g393.t2	g393.t2	375	No	No
g394.t2	g394.t2	197	No	No
g395.t1	g395.t1	396	No	No
g396.t1	g396.t1	236	No	No
g397.t1	g397.t1	128	No	No
g398.t1	g398.t1	395	No	No
g399.t1	g399.t1	121	No	No
g400.t1	g400.t1	110	No	No
g401.t1	g401.t1	337	No	No
g402.t1	g402.t1	1287	No	No
g403.t1	g403.t1	293	No	No
g404.t1	g404.t1	73	No	No
g405.t1	g405.t1	471	No	No
g406.t1	g406.t1	368	No	No
g407.t1	g407.t1	105	No	No
g408.t1	g408.t1	286	Yes	No
g409.t1	g409.t1	177	No	No
g410.t1	g410.t1	459	No	No
g411.t1	g411.t1	320	No	No
g412.t1	g412.t1	718	No	No
g413.t1	g413.t1	232	Yes	No
g414.t1	g414.t1	206	No	No
g415.t1	g415.t1	3447	No	No
g416.t1	g416.t1	440	No	No
g417.t1	g417.t1	131	No	No
g418.t1	g418.t1	111	No	No
g419.t1	g419.t1	166	No	No
g420.t1	g420.t1	192	No	No
g421.t1	g421.t1	139	No	No
g422.t1	g422.t1	71	No	No
g423.t1	g423.t1	149	No	No
g424.t1	g424.t1	75	No	No
g425.t1	g425.t1	76	No	No
g426.t1	g426.t1	129	No	No
g427.t1	g427.t1	85	No	No
g428.t1	g428.t1	175	No	No
g429.t1	g429.t1	73	No	No
g430.t1	g430.t1	172	No	No
g431.t1	g431.t1	326	No	No
g432.t1	g432.t1	1054	No	No
g433.t1	g433.t1	85	No	No
g434.t1	g434.t1	68	No	No
g435.t1	g435.t1	101	No	No
g436.t1	g436.t1	139	No	No
g437.t1	g437.t1	406	No	No
g438.t1	g438.t1	145	No	No
g439.t1	g439.t1	203	No	No
g440.t1	g440.t1	80	Yes	No
g441.t1	g441.t1	205	No	No
g442.t1	g442.t1	394	No	No
g443.t1	g443.t1	160	No	No
g444.t1	g444.t1	106	No	No
g445.t1	g445.t1	233	No	No
g446.t1	g446.t1	74	No	No
g447.t1	g447.t1	102	Yes	No
g448.t1	g448.t1	361	No	No
g449.t1	g449.t1	82	No	No
g450.t1	g450.t1	549	No	No
g451.t1	g451.t1	305	No	No
g452.t1	g452.t1	155	No	No
g453.t1	g453.t1	191	No	No
g454.t1	g454.t1	319	No	No
g455.t1	g455.t1	316	No	No
g456.t1	g456.t1	345	No	No
g457.t1	g457.t1	215	No	No
g458.t1	g458.t1	755	No	No
g459.t1	g459.t1	287	No	No
g460.t1	g460.t1	123	No	No
g461.t1	g461.t1	56	Yes	No
g462.t1	g462.t1	329	Yes	No
g463.t1	g463.t1	174	No	No
g464.t1	g464.t1	1047	No	No
g465.t1	g465.t1	155	No	No
g466.t1	g466.t1	300	No	No
g467.t1	g467.t1	526	No	No
g468.t1	g468.t1	903	No	No
g469.t1	g469.t1	674	No	No
g470.t1	g470.t1	141	No	No
g471.t1	g471.t1	85	No	No
g472.t1	g472.t1	119	No	No
g473.t1	g473.t1	110	No	No
g474.t1	g474.t1	87	No	No
g475.t1	g475.t1	154	No	No
g476.t1	g476.t1	117	No	No
g477.t1	g477.t1	140	No	No
g478.t1	g478.t1	191	No	No
g479.t1	g479.t1	156	No	No
g480.t1	g480.t1	68	No	No
g481.t1	g481.t1	105	No	No
g482.t1	g482.t1	121	No	No
g483.t1	g483.t1	330	No	No
g484.t1	g484.t1	380	No	No
g485.t1	g485.t1	521	No	No
g486.t1	g486.t1	1097	No	No
g487.t1	g487.t1	68	No	No
g488.t1	g488.t1	74	No	No
g489.t1	g489.t1	245	No	No
g490.t1	g490.t1	76	No	No
g491.t1	g491.t1	90	No	No
g492.t1	g492.t1	194	No	No
g493.t1	g493.t1	108	No	No
g494.t1	g494.t1	612	No	No
g495.t1	g495.t1	133	No	No
g496.t1	g496.t1	254	No	No
g497.t1	g497.t1	746	No	No
g498.t1	g498.t1	270	No	No
g499.t1	g499.t1	331	No	No
g500.t1	g500.t1	160	No	No
g501.t1	g501.t1	76	No	No
g502.t1	g502.t1	105	No	No
g503.t1	g503.t1	103	No	No
g504.t1	g504.t1	471	No	No
g505.t1	g505.t1	183	No	No
g506.t1	g506.t1	125	No	No
g507.t1	g507.t1	1017	Yes	No
g508.t1	g508.t1	123	Yes	No
g509.t1	g509.t1	114	No	No
g510.t1	g510.t1	484	No	No
g511.t1	g511.t1	582	Yes	No
g512.t1	g512.t1	793	No	No
g513.t1	g513.t1	515	No	No
g514.t1	g514.t1	300	No	No
g515.t1	g515.t1	203	No	No
g516.t1	g516.t1	352	No	No
g517.t1	g517.t1	245	No	No
g518.t1	g518.t1	71	No	No
g519.t1	g519.t1	144	No	No
g520.t1	g520.t1	86	No	No
g521.t1	g521.t1	101	No	No
g522.t1	g522.t1	170	No	No
g523.t1	g523.t1	114	No	No
g524.t1	g524.t1	169	No	No
g525.t1	g525.t1	135	Yes	No
g526.t1	g526.t1	177	No	No
g527.t1	g527.t1	108	No	No
g528.t1	g528.t1	121	No	No
g529.t1	g529.t1	168	No	No
g530.t1	g530.t1	75	No	No
g531.t1	g531.t1	120	No	No
g532.t1	g532.t1	102	No	No
g533.t1	g533.t1	568	No	No
g534.t1	g534.t1	90	No	No
g535.t1	g535.t1	194	No	No
g536.t1	g536.t1	232	No	No
g537.t1	g537.t1	879	No	No
g538.t1	g538.t1	438	No	No
g539.t1	g539.t1	375	No	No
g540.t1	g540.t1	479	No	No
g541.t1	g541.t1	114	No	No
g542.t1	g542.t1	196	No	No
g543.t1	g543.t1	768	No	No
g544.t2	g544.t2	496	No	No
g545.t1	g545.t1	481	No	No
g546.t1	g546.t1	646	No	No
g547.t1	g547.t1	468	No	No
g548.t2	g548.t2	465	No	No
g549.t1	g549.t1	113	No	No
g550.t1	g550.t1	4423	No	No
g551.t1	g551.t1	147	No	No
g552.t1	g552.t1	153	No	No
g553.t1	g553.t1	976	No	No
g554.t1	g554.t1	151	No	No
g555.t1	g555.t1	564	No	No
g556.t1	g556.t1	482	No	No
g557.t1	g557.t1	233	No	No
g558.t1	g558.t1	85	No	No
g559.t1	g559.t1	166	No	No
g560.t1	g560.t1	359	No	No
g561.t1	g561.t1	190	No	No
g562.t1	g562.t1	48	No	No
g563.t1	g563.t1	414	No	No
g564.t1	g564.t1	267	No	No
g565.t1	g565.t1	678	No	No
g566.t1	g566.t1	403	No	No
g567.t1	g567.t1	279	No	No
g568.t1	g568.t1	320	No	No
g569.t1	g569.t1	548	No	No
g570.t1	g570.t1	1152	Yes	No
g571.t1	g571.t1	447	No	No
g572.t1	g572.t1	231	No	No
g573.t1	g573.t1	394	No	No
g574.t1	g574.t1	461	No	No
g575.t1	g575.t1	785	No	No
g576.t1	g576.t1	605	No	No
g577.t1	g577.t1	186	No	No
g578.t2	g578.t2	945	No	No
g579.t1	g579.t1	353	No	No
g580.t1	g580.t1	112	No	No
g581.t1	g581.t1	79	No	No
g582.t1	g582.t1	289	No	No
g583.t1	g583.t1	667	No	No
g584.t1	g584.t1	125	No	No
g585.t1	g585.t1	270	No	No
g586.t1	g586.t1	162	No	No
g587.t1	g587.t1	99	No	No
g588.t1	g588.t1	244	No	No
g589.t1	g589.t1	269	No	No
g590.t1	g590.t1	110	No	No
g591.t1	g591.t1	236	No	No
g592.t1	g592.t1	82	No	No
g593.t1	g593.t1	154	No	No
g594.t1	g594.t1	52	Yes	No
g595.t1	g595.t1	1205	No	No
g596.t1	g596.t1	325	No	No
g597.t1	g597.t1	465	No	No
g598.t1	g598.t1	440	No	No
g599.t1	g599.t1	1205	No	No
g600.t1	g600.t1	346	No	No
g601.t1	g601.t1	144	No	No
g602.t1	g602.t1	247	No	No
g603.t1	g603.t1	331	No	No
g604.t1	g604.t1	257	No	No
g605.t1	g605.t1	198	Yes	No
g606.t1	g606.t1	202	Yes	No
g607.t1	g607.t1	154	No	No
g608.t1	g608.t1	304	No	No
g609.t1	g609.t1	819	No	No
g610.t1	g610.t1	574	No	No
g611.t1	g611.t1	294	No	No
g612.t2	g612.t2	564	No	No
g613.t1	g613.t1	343	No	No
g614.t1	g614.t1	1106	No	No
g615.t1	g615.t1	83	No	No
g616.t1	g616.t1	294	No	No
g617.t1	g617.t1	483	No	No
g618.t1	g618.t1	840	No	No
g619.t1	g619.t1	33	Yes	No
g620.t1	g620.t1	392	Yes	No
g621.t1	g621.t1	292	No	No
g622.t1	g622.t1	325	No	No
g623.t1	g623.t1	243	No	No
g624.t1	g624.t1	316	No	No
g625.t1	g625.t1	150	No	No
g626.t1	g626.t1	135	No	No
g627.t1	g627.t1	216	No	No
g628.t1	g628.t1	829	No	No
g629.t1	g629.t1	342	No	No
g630.t1	g630.t1	161	No	No
g631.t1	g631.t1	382	No	No
g632.t1	g632.t1	193	No	No
g633.t1	g633.t1	2220	No	No
g634.t1	g634.t1	436	No	No
g635.t1	g635.t1	372	No	No
g636.t1	g636.t1	99	No	No
g637.t1	g637.t1	342	No	No
g638.t1	g638.t1	137	No	No
g639.t1	g639.t1	202	No	No
g640.t1	g640.t1	373	No	No
g641.t1	g641.t1	614	No	No
g642.t1	g642.t1	738	No	No
g643.t1	g643.t1	954	No	No
g644.t1	g644.t1	114	No	No
g645.t1	g645.t1	303	No	No
g646.t1	g646.t1	173	No	No
g647.t1	g647.t1	157	No	No
g648.t1	g648.t1	155	No	No
g649.t1	g649.t1	115	No	No
g650.t1	g650.t1	358	No	No
g651.t1	g651.t1	1899	No	No
g652.t1	g652.t1	123	No	No
g653.t1	g653.t1	85	No	No
g654.t1	g654.t1	619	Yes	No
g655.t1	g655.t1	130	No	No
g656.t1	g656.t1	228	No	No
g657.t1	g657.t1	70	No	No
g658.t1	g658.t1	138	No	No
g659.t1	g659.t1	126	No	No
g660.t1	g660.t1	971	No	No
g661.t1	g661.t1	458	No	No
g662.t1	g662.t1	469	No	No
g663.t1	g663.t1	168	No	No
g664.t1	g664.t1	183	No	No
g665.t1	g665.t1	110	Yes	No
g666.t1	g666.t1	83	No	No
g667.t1	g667.t1	451	No	No
g668.t1	g668.t1	574	No	No
g669.t1	g669.t1	638	No	No
g670.t1	g670.t1	160	No	No
g671.t1	g671.t1	119	No	No
g672.t1	g672.t1	362	No	No
g673.t1	g673.t1	269	No	No
g674.t1	g674.t1	75	No	No
g675.t1	g675.t1	109	No	No
g676.t1	g676.t1	228	No	No
g677.t1	g677.t1	1335	No	No
g678.t2	g678.t2	863	No	No
g679.t1	g679.t1	967	No	No
g680.t1	g680.t1	147	No	No
g681.t1	g681.t1	101	No	No
g682.t1	g682.t1	1342	No	No
g683.t1	g683.t1	178	No	No
g684.t1	g684.t1	125	No	No
g685.t1	g685.t1	956	No	No
g686.t1	g686.t1	125	No	No
g687.t1	g687.t1	216	No	No
g688.t1	g688.t1	83	No	No
g689.t1	g689.t1	204	No	No
g690.t1	g690.t1	204	No	No
g691.t1	g691.t1	68	No	No
g692.t1	g692.t1	267	Yes	No
g693.t1	g693.t1	276	No	No
g694.t1	g694.t1	47	Yes	No
g695.t1	g695.t1	168	No	No
g696.t1	g696.t1	95	No	No
g697.t1	g697.t1	505	No	No
g698.t1	g698.t1	627	No	No
g699.t1	g699.t1	148	No	No
g700.t1	g700.t1	147	No	No
g701.t1	g701.t1	139	No	No
g702.t1	g702.t1	139	No	No
g703.t1	g703.t1	150	No	No
g704.t1	g704.t1	248	No	No
g705.t1	g705.t1	727	No	No
g706.t1	g706.t1	452	No	No
g707.t1	g707.t1	784	No	No
g708.t1	g708.t1	392	No	No
g709.t1	g709.t1	369	No	No
g710.t1	g710.t1	650	Yes	No
g711.t1	g711.t1	693	No	No
g712.t1	g712.t1	208	No	No
g713.t1	g713.t1	132	No	No
g714.t1	g714.t1	133	Yes	No
g715.t1	g715.t1	514	No	No
g716.t1	g716.t1	101	No	No
g717.t1	g717.t1	149	No	No
g718.t1	g718.t1	178	No	No
g719.t1	g719.t1	289	No	No
g720.t1	g720.t1	110	No	No
g721.t1	g721.t1	248	No	No
g722.t1	g722.t1	187	No	No
g723.t1	g723.t1	184	No	No
g724.t1	g724.t1	242	No	No
g725.t1	g725.t1	97	No	No
g726.t1	g726.t1	314	No	No
g727.t1	g727.t1	377	No	No
g728.t1	g728.t1	723	No	No
g729.t1	g729.t1	283	No	No
g730.t1	g730.t1	232	No	No
g731.t1	g731.t1	159	No	No
g732.t1	g732.t1	105	No	No
g733.t1	g733.t1	173	No	No
g734.t1	g734.t1	235	No	No
g735.t1	g735.t1	88	No	No
g736.t1	g736.t1	195	No	No
g737.t1	g737.t1	133	No	No
g738.t1	g738.t1	163	No	No
g739.t1	g739.t1	1053	No	No
g740.t1	g740.t1	132	No	No
g741.t1	g741.t1	122	No	No
g742.t1	g742.t1	400	No	No
g743.t1	g743.t1	442	No	No
g744.t1	g744.t1	149	No	No
g745.t1	g745.t1	154	No	No
g746.t1	g746.t1	833	No	No
g747.t1	g747.t1	108	No	No
g748.t1	g748.t1	423	Yes	No
g749.t1	g749.t1	376	No	No
g750.t1	g750.t1	153	Yes	No
g751.t1	g751.t1	84	Yes	No
g752.t1	g752.t1	357	No	No
g753.t1	g753.t1	469	No	No
g754.t1	g754.t1	123	No	No
g755.t1	g755.t1	861	No	No
g756.t1	g756.t1	158	No	No
g757.t1	g757.t1	109	No	No
g758.t1	g758.t1	99	No	No
g759.t1	g759.t1	653	No	No
g760.t1	g760.t1	68	No	No
g761.t1	g761.t1	214	No	No
g762.t1	g762.t1	100	No	No
g763.t1	g763.t1	2774	No	No
g764.t1	g764.t1	526	No	No
g765.t1	g765.t1	260	No	No
g766.t1	g766.t1	552	No	No
g767.t1	g767.t1	178	No	No
g768.t1	g768.t1	283	No	No
g769.t1	g769.t1	129	No	No
g770.t1	g770.t1	206	No	No
g771.t1	g771.t1	100	No	No
g772.t1	g772.t1	136	No	No
g773.t1	g773.t1	135	No	No
g774.t1	g774.t1	141	No	No
g775.t1	g775.t1	79	No	No
g776.t1	g776.t1	93	No	No
g777.t1	g777.t1	827	No	No
g778.t1	g778.t1	444	No	No
g779.t1	g779.t1	548	No	No
g780.t1	g780.t1	286	No	No
g781.t1	g781.t1	170	No	No
g782.t1	g782.t1	743	No	No
g783.t1	g783.t1	926	No	No
g784.t1	g784.t1	249	No	No
g785.t1	g785.t1	90	No	No
g786.t1	g786.t1	167	No	No
g787.t1	g787.t1	398	No	No
g788.t2	g788.t2	639	No	No
g789.t1	g789.t1	196	No	No
g790.t1	g790.t1	71	No	No
g791.t1	g791.t1	403	No	No
g792.t1	g792.t1	39	Yes	No
g793.t1	g793.t1	134	No	No
g794.t1	g794.t1	452	No	No
g795.t1	g795.t1	467	No	No
g796.t1	g796.t1	103	Yes	No
g797.t1	g797.t1	253	No	No
g798.t1	g798.t1	123	No	No
g799.t1	g799.t1	254	No	No
g800.t1	g800.t1	253	No	No
g801.t1	g801.t1	401	No	No
g802.t1	g802.t1	120	No	No
g803.t1	g803.t1	144	No	No
g804.t1	g804.t1	109	No	No
g805.t1	g805.t1	101	No	No
g806.t1	g806.t1	487	No	No
g807.t1	g807.t1	389	No	No
g808.t1	g808.t1	88	No	No
g809.t1	g809.t1	195	Yes	No
g810.t1	g810.t1	299	No	No
g811.t1	g811.t1	1444	No	No
g812.t1	g812.t1	145	No	No
g813.t1	g813.t1	179	No	No
g814.t1	g814.t1	423	No	No
g815.t1	g815.t1	160	Yes	No
g816.t1	g816.t1	80	No	No
g817.t1	g817.t1	157	No	No
g818.t1	g818.t1	509	No	No
g819.t1	g819.t1	534	No	No
g820.t1	g820.t1	132	No	No
g821.t1	g821.t1	1244	No	No
g822.t1	g822.t1	732	Yes	No
g823.t1	g823.t1	149	No	No
g824.t1	g824.t1	302	No	No
g825.t1	g825.t1	197	No	No
g826.t1	g826.t1	546	No	No
g827.t2	g827.t2	531	No	No
g828.t1	g828.t1	392	No	No
g829.t1	g829.t1	266	No	No
g830.t1	g830.t1	86	No	No
g831.t1	g831.t1	122	No	No
g832.t1	g832.t1	78	No	No
g833.t1	g833.t1	487	No	No
g834.t1	g834.t1	165	No	No
g835.t1	g835.t1	81	No	No
g836.t1	g836.t1	271	No	No
g837.t1	g837.t1	286	No	No
g838.t1	g838.t1	94	No	No
g839.t1	g839.t1	100	No	No
g840.t1	g840.t1	74	No	No
g841.t1	g841.t1	178	No	No
g842.t1	g842.t1	619	Yes	No
g843.t1	g843.t1	154	No	No
g844.t1	g844.t1	126	No	No
g845.t1	g845.t1	401	Yes	No
g846.t1	g846.t1	605	Yes	No
g847.t1	g847.t1	70	No	No
g848.t1	g848.t1	313	No	No
g849.t1	g849.t1	86	No	No
g850.t1	g850.t1	59	Yes	No
g851.t1	g851.t1	307	Yes	No
g852.t1	g852.t1	33	No	No
g853.t1	g853.t1	377	No	No
g854.t1	g854.t1	238	Yes	No
g855.t1	g855.t1	204	No	No
g856.t1	g856.t1	205	No	No
g857.t1	g857.t1	422	No	No
g858.t1	g858.t1	594	No	No
g859.t1	g859.t1	337	Yes	No
g860.t1	g860.t1	223	No	No
g861.t1	g861.t1	644	No	No
g862.t1	g862.t1	701	No	No
g863.t1	g863.t1	86	No	No
g864.t1	g864.t1	417	No	No
g865.t1	g865.t1	80	No	No
g866.t1	g866.t1	119	No	No
g867.t1	g867.t1	130	No	No
g868.t1	g868.t1	625	No	No
g869.t1	g869.t1	320	No	No
g870.t1	g870.t1	676	No	No
g871.t1	g871.t1	278	No	No
g872.t1	g872.t1	420	No	No
g873.t1	g873.t1	370	No	No
g874.t1	g874.t1	354	No	No
g875.t1	g875.t1	451	No	No
g876.t1	g876.t1	110	No	No
g877.t1	g877.t1	245	No	No
g878.t1	g878.t1	307	No	No
g879.t1	g879.t1	970	No	No
g880.t1	g880.t1	85	No	No
g881.t1	g881.t1	77	No	No
g882.t1	g882.t1	75	No	No
g883.t1	g883.t1	421	No	No
g884.t1	g884.t1	93	No	No
g885.t1	g885.t1	118	No	No
g886.t1	g886.t1	177	No	No
g887.t1	g887.t1	164	No	No
g888.t1	g888.t1	91	No	No
g889.t1	g889.t1	89	No	No
g890.t1	g890.t1	352	No	No
g891.t1	g891.t1	99	No	No
g892.t1	g892.t1	89	No	No
g893.t1	g893.t1	70	No	No
g894.t1	g894.t1	72	No	No
g895.t1	g895.t1	87	No	No
g896.t1	g896.t1	522	No	No
g897.t1	g897.t1	1340	No	No
g898.t1	g898.t1	549	No	No
g899.t1	g899.t1	335	No	No
g900.t1	g900.t1	557	No	No
g901.t1	g901.t1	529	Yes	No
g902.t1	g902.t1	622	No	No
g903.t1	g903.t1	216	No	No
g904.t1	g904.t1	626	No	No
g905.t1	g905.t1	452	No	No
g906.t1	g906.t1	75	No	No
g907.t1	g907.t1	95	No	No
g908.t1	g908.t1	83	No	No
g909.t1	g909.t1	146	No	No
g910.t1	g910.t1	394	No	No
g911.t1	g911.t1	417	No	No
g912.t1	g912.t1	607	No	No
g913.t1	g913.t1	561	No	No
g914.t1	g914.t1	693	No	No
g915.t2	g915.t2	149	No	No
g916.t1	g916.t1	285	No	No
g917.t1	g917.t1	133	No	No
g918.t1	g918.t1	121	No	No
g919.t1	g919.t1	147	No	No
g920.t1	g920.t1	610	Yes	No
g921.t1	g921.t1	513	No	No
g922.t1	g922.t1	513	No	No
g923.t1	g923.t1	95	No	No
g924.t1	g924.t1	447	No	No
g925.t1	g925.t1	348	No	No
g926.t2	g926.t2	723	No	No
g927.t1	g927.t1	243	No	No
g928.t1	g928.t1	685	No	No
g929.t1	g929.t1	614	No	No
g930.t1	g930.t1	944	No	No
g931.t1	g931.t1	198	No	No
g932.t1	g932.t1	232	No	No
g933.t1	g933.t1	583	No	No
g934.t1	g934.t1	83	No	No
g935.t1	g935.t1	261	No	No
g936.t1	g936.t1	2038	No	No
g937.t1	g937.t1	223	No	No
g938.t1	g938.t1	341	No	No
g939.t1	g939.t1	175	No	No
g940.t1	g940.t1	120	No	No
g941.t1	g941.t1	169	No	No
g942.t1	g942.t1	373	Yes	No
g943.t2	g943.t2	1446	Yes	No
g944.t2	g944.t2	637	No	No
g945.t1	g945.t1	406	No	No
g946.t1	g946.t1	264	No	No
g947.t1	g947.t1	99	No	No
g948.t1	g948.t1	90	No	No
g949.t1	g949.t1	98	No	No
g950.t1	g950.t1	600	No	No
g951.t1	g951.t1	260	No	No
g952.t1	g952.t1	100	No	No
g953.t1	g953.t1	132	No	No
g954.t1	g954.t1	101	No	No
g955.t1	g955.t1	534	No	No
g956.t1	g956.t1	159	Yes	No
g957.t1	g957.t1	215	Yes	No
g958.t1	g958.t1	219	No	No
g959.t1	g959.t1	111	No	No
g960.t1	g960.t1	97	No	No
g961.t1	g961.t1	120	No	No
g962.t1	g962.t1	297	No	No
g963.t1	g963.t1	259	No	No
g964.t1	g964.t1	151	No	No
g965.t1	g965.t1	332	No	No
g966.t1	g966.t1	265	No	No
g967.t1	g967.t1	317	No	No
g968.t1	g968.t1	198	No	No
g969.t1	g969.t1	209	No	No
g970.t1	g970.t1	92	No	No
g971.t1	g971.t1	759	No	No
g972.t1	g972.t1	146	No	No
g973.t1	g973.t1	500	No	No
g974.t1	g974.t1	72	Yes	No
g975.t1	g975.t1	290	Yes	No
g976.t1	g976.t1	1065	No	No
g977.t1	g977.t1	220	No	No
g978.t1	g978.t1	94	No	No
g979.t1	g979.t1	83	No	No
g980.t1	g980.t1	227	Yes	No
g981.t1	g981.t1	839	No	No
g982.t1	g982.t1	776	No	No
g983.t1	g983.t1	85	No	No
g984.t1	g984.t1	629	No	No
g985.t1	g985.t1	665	Yes	No
g986.t1	g986.t1	285	No	No
g987.t1	g987.t1	116	No	No
g988.t1	g988.t1	585	Yes	No
g989.t2	g989.t2	131	No	No
g990.t1	g990.t1	99	No	No
g991.t1	g991.t1	83	No	No
g992.t1	g992.t1	236	No	No
g993.t1	g993.t1	116	No	No
g994.t1	g994.t1	84	No	No
g995.t1	g995.t1	1106	No	No
g996.t1	g996.t1	126	No	No
g997.t1	g997.t1	79	No	No
g998.t1	g998.t1	102	No	No
g999.t1	g999.t1	279	No	No
g1000.t1	g1000.t1	213	No	No
g1001.t1	g1001.t1	289	No	No
g1002.t1	g1002.t1	936	No	No
g1003.t1	g1003.t1	194	No	No
g1004.t1	g1004.t1	317	No	No
g1005.t1	g1005.t1	641	No	No
g1006.t1	g1006.t1	251	No	No
g1007.t1	g1007.t1	142	No	No
g1008.t1	g1008.t1	145	No	No
g1009.t1	g1009.t1	237	No	No
g1010.t1	g1010.t1	581	No	No
g1011.t1	g1011.t1	123	No	No
g1012.t1	g1012.t1	94	No	No
g1013.t1	g1013.t1	450	No	No
g1014.t1	g1014.t1	411	No	No
g1015.t1	g1015.t1	120	No	No
g1016.t1	g1016.t1	53	Yes	No
g1017.t1	g1017.t1	108	No	No
g1018.t1	g1018.t1	379	No	No
g1019.t1	g1019.t1	414	No	No
g1020.t1	g1020.t1	136	No	No
g1021.t1	g1021.t1	227	No	No
g1022.t1	g1022.t1	487	No	No
g1023.t1	g1023.t1	87	No	No
g1024.t1	g1024.t1	340	No	No
g1025.t1	g1025.t1	110	No	No
g1026.t1	g1026.t1	78	No	No
g1027.t1	g1027.t1	426	No	No
g1028.t1	g1028.t1	109	Yes	No
g1029.t1	g1029.t1	49	Yes	No
g1030.t1	g1030.t1	201	No	No
g1031.t1	g1031.t1	206	No	No
g1032.t1	g1032.t1	596	No	No
g1033.t1	g1033.t1	362	No	No
g1034.t1	g1034.t1	862	No	No
g1035.t1	g1035.t1	1733	No	No
g1036.t1	g1036.t1	500	No	No
g1037.t1	g1037.t1	107	No	No
g1038.t1	g1038.t1	120	No	No
g1039.t1	g1039.t1	875	No	No
g1040.t1	g1040.t1	406	No	No
g1041.t1	g1041.t1	394	No	No
g1042.t1	g1042.t1	405	No	No
g1043.t1	g1043.t1	74	No	No
g1044.t1	g1044.t1	131	Yes	No
g1045.t1	g1045.t1	326	No	No
g1046.t1	g1046.t1	303	No	No
g1047.t1	g1047.t1	205	No	No
g1048.t1	g1048.t1	822	No	No
g1049.t1	g1049.t1	550	No	No
g1050.t1	g1050.t1	148	No	No
g1051.t1	g1051.t1	152	No	No
g1052.t1	g1052.t1	500	No	No
g1053.t2	g1053.t2	153	No	No
g1054.t1	g1054.t1	1013	Yes	No
g1055.t1	g1055.t1	76	No	No
g1056.t1	g1056.t1	562	Yes	No
g1057.t1	g1057.t1	324	No	No
g1058.t1	g1058.t1	412	No	No
g1059.t1	g1059.t1	79	No	No
g1060.t1	g1060.t1	750	No	No
g1061.t1	g1061.t1	636	No	No
g1062.t1	g1062.t1	182	No	No
g1063.t1	g1063.t1	111	No	No
g1064.t1	g1064.t1	128	No	No
g1065.t1	g1065.t1	91	No	No
g1066.t1	g1066.t1	286	No	No
g1067.t1	g1067.t1	1924	No	No
g1068.t1	g1068.t1	4481	No	No
g1069.t1	g1069.t1	109	No	No
g1070.t1	g1070.t1	927	No	No
g1071.t1	g1071.t1	136	No	No
g1072.t1	g1072.t1	138	No	No
g1073.t1	g1073.t1	667	No	No
g1074.t1	g1074.t1	111	No	No
g1075.t1	g1075.t1	296	Yes	No
g1076.t1	g1076.t1	556	No	No
g1077.t1	g1077.t1	716	No	No
g1078.t1	g1078.t1	366	No	No
g1079.t1	g1079.t1	94	No	No
g1080.t1	g1080.t1	466	No	No
g1081.t1	g1081.t1	81	No	No
g1082.t1	g1082.t1	329	No	No
g1083.t1	g1083.t1	368	No	No
g1084.t1	g1084.t1	254	No	No
g1085.t1	g1085.t1	479	No	No
g1086.t1	g1086.t1	392	No	No
g1087.t1	g1087.t1	587	No	No
g1088.t1	g1088.t1	94	No	No
g1089.t1	g1089.t1	92	No	No
g1090.t1	g1090.t1	87	No	No
g1091.t1	g1091.t1	104	No	No
g1092.t1	g1092.t1	174	No	No
g1093.t1	g1093.t1	489	No	No
g1094.t1	g1094.t1	447	No	No
g1095.t1	g1095.t1	483	No	No
g1096.t1	g1096.t1	73	Yes	No
g1097.t1	g1097.t1	151	No	No
g1098.t1	g1098.t1	115	No	No
g1099.t1	g1099.t1	92	No	No
g1100.t1	g1100.t1	252	No	No
g1101.t2	g1101.t2	536	No	No
g1102.t1	g1102.t1	106	No	No
g1103.t1	g1103.t1	66	No	No
g1104.t1	g1104.t1	57	Yes	No
g1105.t1	g1105.t1	315	No	No
g1106.t1	g1106.t1	218	No	No
g1107.t1	g1107.t1	601	Yes	No
g1108.t1	g1108.t1	551	No	No
g1109.t1	g1109.t1	499	No	No
g1110.t1	g1110.t1	272	No	No
g1111.t1	g1111.t1	122	No	No
g1112.t1	g1112.t1	511	Yes	No
g1113.t1	g1113.t1	626	No	No
g1114.t1	g1114.t1	475	No	No
g1115.t1	g1115.t1	98	No	No
g1116.t1	g1116.t1	129	Yes	No
g1117.t1	g1117.t1	144	No	No
g1118.t1	g1118.t1	1000	No	No
g1119.t1	g1119.t1	88	No	No
g1120.t1	g1120.t1	299	No	No
g1121.t1	g1121.t1	428	No	No
g1122.t1	g1122.t1	784	No	No
g1123.t1	g1123.t1	383	No	No
g1124.t1	g1124.t1	215	No	No
g1125.t1	g1125.t1	950	No	No
g1126.t1	g1126.t1	70	No	No
g1127.t1	g1127.t1	95	No	No
g1128.t1	g1128.t1	460	No	No
g1129.t1	g1129.t1	87	No	No
g1130.t1	g1130.t1	87	No	No
g1131.t1	g1131.t1	85	No	No
g1132.t1	g1132.t1	82	No	No
g1133.t2	g1133.t2	109	No	No
g1134.t1	g1134.t1	182	No	No
g1135.t1	g1135.t1	237	No	No
g1136.t1	g1136.t1	1080	Yes	No
g1137.t1	g1137.t1	480	No	No
g1138.t1	g1138.t1	402	No	No
g1139.t1	g1139.t1	514	No	No
g1140.t1	g1140.t1	1321	No	No
g1141.t2	g1141.t2	878	No	No
g1142.t1	g1142.t1	725	No	No
g1143.t1	g1143.t1	388	No	No
g1144.t1	g1144.t1	1905	No	No
g1145.t1	g1145.t1	490	No	No
g1146.t1	g1146.t1	605	No	No
g1147.t1	g1147.t1	176	No	No
g1148.t1	g1148.t1	209	No	No
g1149.t1	g1149.t1	97	No	No
g1150.t1	g1150.t1	161	No	No
g1151.t1	g1151.t1	79	No	No
g1152.t1	g1152.t1	97	No	No
g1153.t1	g1153.t1	81	No	No
g1154.t1	g1154.t1	463	No	No
g1155.t1	g1155.t1	171	No	No
g1156.t1	g1156.t1	218	No	No
g1157.t1	g1157.t1	764	No	No
g1158.t1	g1158.t1	1843	No	No
g1159.t1	g1159.t1	619	No	No
g1160.t1	g1160.t1	385	No	No
g1161.t1	g1161.t1	97	No	No
g1162.t1	g1162.t1	1335	No	No
g1163.t1	g1163.t1	358	No	No
g1164.t1	g1164.t1	70	No	No
g1165.t1	g1165.t1	95	No	No
g1166.t1	g1166.t1	75	No	No
g1167.t1	g1167.t1	123	No	No
g1168.t1	g1168.t1	91	No	No
g1169.t1	g1169.t1	418	Yes	No
g1170.t1	g1170.t1	75	No	No
g1171.t1	g1171.t1	857	No	No
g1172.t1	g1172.t1	285	No	No
g1173.t1	g1173.t1	79	No	No
g1174.t1	g1174.t1	714	No	No
g1175.t1	g1175.t1	234	No	No
g1176.t1	g1176.t1	671	No	No
g1177.t1	g1177.t1	76	No	No
g1178.t1	g1178.t1	397	No	No
g1179.t1	g1179.t1	537	No	No
g1180.t1	g1180.t1	264	No	No
g1181.t1	g1181.t1	859	No	No
g1182.t1	g1182.t1	159	No	No
g1183.t2	g1183.t2	776	No	No
g1184.t1	g1184.t1	190	Yes	No
g1185.t1	g1185.t1	317	No	No
g1186.t1	g1186.t1	268	No	No
g1187.t1	g1187.t1	196	No	No
g1188.t1	g1188.t1	480	No	No
g1189.t1	g1189.t1	49	Yes	No
g1190.t1	g1190.t1	127	No	No
g1191.t1	g1191.t1	296	No	No
g1192.t1	g1192.t1	479	No	No
g1193.t1	g1193.t1	395	No	No
g1194.t1	g1194.t1	531	Yes	No
g1195.t1	g1195.t1	518	No	No
g1196.t1	g1196.t1	551	No	No
g1197.t1	g1197.t1	217	No	No
g1198.t1	g1198.t1	85	No	No
g1199.t1	g1199.t1	662	No	No
g1200.t1	g1200.t1	113	Yes	No
g1201.t1	g1201.t1	327	No	No
g1202.t1	g1202.t1	154	No	No
g1203.t1	g1203.t1	454	No	No
g1204.t1	g1204.t1	83	No	No
g1205.t1	g1205.t1	352	No	No
g1206.t1	g1206.t1	452	No	No
g1207.t1	g1207.t1	1021	No	No
g1208.t1	g1208.t1	242	No	No
g1209.t1	g1209.t1	616	No	No
g1210.t1	g1210.t1	303	No	No
g1211.t1	g1211.t1	114	No	No
g1212.t1	g1212.t1	138	No	No
g1213.t1	g1213.t1	824	No	No
g1214.t1	g1214.t1	470	No	No
g1215.t1	g1215.t1	153	No	No
g1216.t1	g1216.t1	267	No	No
g1217.t1	g1217.t1	225	No	No
g1218.t1	g1218.t1	146	No	No
g1219.t1	g1219.t1	88	No	No
g1220.t1	g1220.t1	165	No	No
g1221.t1	g1221.t1	134	No	No
g1222.t1	g1222.t1	73	No	No
g1223.t1	g1223.t1	435	No	No
g1224.t1	g1224.t1	782	No	No
g1225.t1	g1225.t1	82	No	No
g1226.t1	g1226.t1	89	No	No
g1227.t1	g1227.t1	514	No	No
g1228.t1	g1228.t1	289	No	No
g1229.t1	g1229.t1	653	No	No
g1230.t1	g1230.t1	146	No	No
g1231.t1	g1231.t1	66	No	No
g1232.t1	g1232.t1	912	No	No
g1233.t1	g1233.t1	626	No	No
g1234.t1	g1234.t1	349	No	No
g1235.t1	g1235.t1	46	No	No
g1236.t1	g1236.t1	88	No	No
g1237.t1	g1237.t1	92	No	No
g1238.t1	g1238.t1	140	No	No
g1239.t1	g1239.t1	73	No	No
g1240.t2	g1240.t2	322	No	No
g1241.t1	g1241.t1	223	No	No
g1242.t1	g1242.t1	206	No	No
g1243.t1	g1243.t1	484	No	No
g1244.t1	g1244.t1	404	No	No
g1245.t1	g1245.t1	497	No	No
g1246.t1	g1246.t1	85	No	No
g1247.t1	g1247.t1	173	No	No
g1248.t1	g1248.t1	258	No	No
g1249.t1	g1249.t1	83	No	No
g1250.t1	g1250.t1	266	No	No
g1251.t1	g1251.t1	137	No	No
g1252.t1	g1252.t1	411	No	No
g1253.t1	g1253.t1	419	Yes	No
g1254.t1	g1254.t1	297	No	No
g1255.t1	g1255.t1	87	No	No
g1256.t1	g1256.t1	193	Yes	No
g1257.t1	g1257.t1	75	No	No
g1258.t1	g1258.t1	88	No	No
g1259.t1	g1259.t1	405	No	No
g1260.t1	g1260.t1	568	No	No
g1261.t1	g1261.t1	117	No	No
g1262.t2	g1262.t2	419	No	No
g1263.t1	g1263.t1	284	No	No
g1264.t1	g1264.t1	844	No	No
g1265.t1	g1265.t1	1760	No	No
g1266.t1	g1266.t1	851	No	No
g1267.t1	g1267.t1	91	No	No
g1268.t1	g1268.t1	116	No	No
g1269.t1	g1269.t1	364	No	No
g1270.t1	g1270.t1	83	No	No
g1271.t1	g1271.t1	77	No	No
g1272.t1	g1272.t1	93	No	No
g1273.t1	g1273.t1	95	No	No
g1274.t1	g1274.t1	137	No	No
g1275.t1	g1275.t1	633	No	No
g1276.t1	g1276.t1	113	No	No
g1277.t1	g1277.t1	362	No	No
g1278.t1	g1278.t1	82	No	No
g1279.t1	g1279.t1	407	No	No
g1280.t1	g1280.t1	1106	No	No
g1281.t1	g1281.t1	214	No	No
g1282.t1	g1282.t1	142	No	No
g1283.t1	g1283.t1	933	No	No
g1284.t1	g1284.t1	129	No	No
g1285.t1	g1285.t1	211	No	No
g1286.t1	g1286.t1	553	No	No
g1287.t1	g1287.t1	264	No	No
g1288.t1	g1288.t1	889	No	No
g1289.t1	g1289.t1	315	Yes	No
g1290.t1	g1290.t1	81	Yes	No
g1291.t1	g1291.t1	184	No	No
g1292.t1	g1292.t1	289	No	No
g1293.t1	g1293.t1	76	No	No
g1294.t1	g1294.t1	67	No	No
g1295.t1	g1295.t1	369	No	No
g1296.t1	g1296.t1	540	No	No
g1297.t1	g1297.t1	841	Yes	No
g1298.t1	g1298.t1	154	No	No
g1299.t1	g1299.t1	1149	No	No
g1300.t1	g1300.t1	226	No	No
g1301.t1	g1301.t1	375	No	No
g1302.t1	g1302.t1	219	No	No
g1303.t1	g1303.t1	109	No	No
g1304.t1	g1304.t1	91	No	No
g1305.t1	g1305.t1	229	No	No
g1306.t1	g1306.t1	211	No	No
g1307.t1	g1307.t1	333	No	No
g1308.t1	g1308.t1	332	No	No
g1309.t1	g1309.t1	750	No	No
g1310.t1	g1310.t1	474	No	No
g1311.t1	g1311.t1	110	No	No
g1312.t1	g1312.t1	493	No	No
g1313.t1	g1313.t1	142	No	No
g1314.t1	g1314.t1	216	No	No
g1315.t1	g1315.t1	200	No	No
g1316.t1	g1316.t1	559	No	No
g1317.t1	g1317.t1	67	No	No
g1318.t1	g1318.t1	88	No	No
g1319.t1	g1319.t1	260	No	No
g1320.t1	g1320.t1	191	No	No
g1321.t1	g1321.t1	257	Yes	No
g1322.t1	g1322.t1	423	Yes	No
g1323.t1	g1323.t1	31	No	No
g1324.t1	g1324.t1	252	No	No
g1325.t1	g1325.t1	115	No	No
g1326.t1	g1326.t1	1386	Yes	No
g1327.t1	g1327.t1	515	No	No
g1328.t1	g1328.t1	192	No	No
g1329.t1	g1329.t1	401	No	No
g1330.t1	g1330.t1	348	No	No
g1331.t1	g1331.t1	462	No	No
g1332.t1	g1332.t1	570	No	No
g1333.t2	g1333.t2	1378	No	No
g1334.t1	g1334.t1	418	No	No
g1335.t1	g1335.t1	103	No	No
g1336.t1	g1336.t1	237	No	No
g1337.t1	g1337.t1	983	No	No
g1338.t1	g1338.t1	1175	No	No
g1339.t1	g1339.t1	89	No	No
g1340.t1	g1340.t1	118	No	No
g1341.t1	g1341.t1	156	No	No
g1342.t1	g1342.t1	307	No	No
g1343.t1	g1343.t1	134	Yes	No
g1344.t1	g1344.t1	1396	Yes	No
g1345.t1	g1345.t1	713	Yes	No
g1346.t1	g1346.t1	170	No	No
g1347.t1	g1347.t1	714	No	No
g1348.t1	g1348.t1	78	No	No
g1349.t1	g1349.t1	97	No	No
g1350.t1	g1350.t1	197	No	No
g1351.t1	g1351.t1	80	No	No
g1352.t1	g1352.t1	241	No	No
g1353.t1	g1353.t1	104	No	No
g1354.t1	g1354.t1	31	No	No
g1355.t1	g1355.t1	215	Yes	No
g1356.t1	g1356.t1	640	No	No
g1357.t1	g1357.t1	585	No	No
g1358.t1	g1358.t1	360	No	No
g1359.t1	g1359.t1	656	No	No
g1360.t1	g1360.t1	76	No	No
g1361.t1	g1361.t1	164	No	No
g1362.t1	g1362.t1	707	No	No
g1363.t1	g1363.t1	110	No	No
g1364.t1	g1364.t1	116	No	No
g1365.t1	g1365.t1	190	No	No
g1366.t1	g1366.t1	64	No	No
g1367.t1	g1367.t1	128	No	No
g1368.t1	g1368.t1	163	No	No
g1369.t1	g1369.t1	457	No	No
g1370.t1	g1370.t1	266	No	No
g1371.t1	g1371.t1	562	No	No
g1372.t1	g1372.t1	278	No	No
g1373.t1	g1373.t1	85	No	No
g1374.t1	g1374.t1	304	No	No
g1375.t1	g1375.t1	414	No	No
g1376.t1	g1376.t1	559	No	No
g1377.t1	g1377.t1	85	No	No
g1378.t1	g1378.t1	224	Yes	No
g1379.t1	g1379.t1	449	No	No
g1380.t1	g1380.t1	537	No	No
g1381.t1	g1381.t1	337	No	No
g1382.t1	g1382.t1	378	No	No
g1383.t1	g1383.t1	835	No	No
g1384.t1	g1384.t1	141	No	No
g1385.t1	g1385.t1	226	No	No
g1386.t1	g1386.t1	191	No	No
g1387.t1	g1387.t1	100	No	No
g1388.t1	g1388.t1	603	No	No
g1389.t1	g1389.t1	80	No	No
g1390.t1	g1390.t1	95	No	No
g1391.t1	g1391.t1	660	No	No
g1392.t1	g1392.t1	155	No	No
g1393.t1	g1393.t1	161	No	No
g1394.t1	g1394.t1	136	Yes	No
g1395.t1	g1395.t1	1031	No	No
g1396.t1	g1396.t1	132	No	No
g1397.t1	g1397.t1	225	No	No
g1398.t1	g1398.t1	72	No	No
g1399.t1	g1399.t1	74	No	No
g1400.t1	g1400.t1	96	No	No
g1401.t1	g1401.t1	208	No	No
g1402.t1	g1402.t1	424	No	No
g1403.t1	g1403.t1	1814	No	No
g1404.t1	g1404.t1	253	No	No
g1405.t1	g1405.t1	710	No	No
g1406.t1	g1406.t1	338	No	No
g1407.t1	g1407.t1	225	No	No
g1408.t1	g1408.t1	766	No	No
g1409.t1	g1409.t1	179	No	No
g1410.t1	g1410.t1	133	No	No
g1411.t1	g1411.t1	131	No	No
g1412.t1	g1412.t1	149	No	No
g1413.t1	g1413.t1	375	No	No
g1414.t1	g1414.t1	276	No	No
g1415.t1	g1415.t1	290	No	No
g1416.t1	g1416.t1	108	No	No
g1417.t1	g1417.t1	105	No	No
g1418.t1	g1418.t1	411	No	No
g1419.t1	g1419.t1	120	No	No
g1420.t1	g1420.t1	840	No	No
g1421.t1	g1421.t1	637	No	No
g1422.t1	g1422.t1	393	No	No
g1423.t1	g1423.t1	754	No	No
g1424.t1	g1424.t1	236	No	No
g1425.t1	g1425.t1	134	No	No
g1426.t1	g1426.t1	254	No	No
g1427.t1	g1427.t1	238	No	No
g1428.t1	g1428.t1	1193	No	No
g1429.t1	g1429.t1	328	No	No
g1430.t1	g1430.t1	84	No	No
g1431.t1	g1431.t1	146	No	No
g1432.t1	g1432.t1	121	No	No
g1433.t1	g1433.t1	193	No	No
g1434.t1	g1434.t1	38	No	No
g1435.t1	g1435.t1	225	No	No
g1436.t1	g1436.t1	207	No	No
g1437.t2	g1437.t2	501	No	No
g1438.t1	g1438.t1	76	No	No
g1439.t1	g1439.t1	135	No	No
g1440.t1	g1440.t1	151	No	No
g1441.t1	g1441.t1	76	No	No
g1442.t1	g1442.t1	535	No	No
g1443.t1	g1443.t1	328	No	No
g1444.t1	g1444.t1	482	No	No
g1445.t2	g1445.t2	868	No	No
g1446.t2	g1446.t2	708	No	No
g1447.t2	g1447.t2	731	No	No
g1448.t1	g1448.t1	884	No	No
g1449.t1	g1449.t1	1088	No	No
g1450.t1	g1450.t1	363	No	No
g1451.t1	g1451.t1	488	No	No
g1452.t1	g1452.t1	148	No	No
g1453.t1	g1453.t1	186	Yes	No
g1454.t1	g1454.t1	538	Yes	No
g1455.t1	g1455.t1	164	No	No
g1456.t1	g1456.t1	96	No	No
g1457.t1	g1457.t1	417	No	No
g1458.t1	g1458.t1	484	No	No
g1459.t1	g1459.t1	133	No	No
g1460.t1	g1460.t1	971	No	No
g1461.t1	g1461.t1	241	No	No
g1462.t1	g1462.t1	247	No	No
g1463.t1	g1463.t1	86	Yes	No
g1464.t1	g1464.t1	481	No	No
g1465.t1	g1465.t1	529	No	No
g1466.t1	g1466.t1	425	Yes	No
g1467.t1	g1467.t1	504	No	No
g1468.t1	g1468.t1	1861	No	No
g1469.t1	g1469.t1	267	No	No
g1470.t1	g1470.t1	1346	No	No
g1471.t1	g1471.t1	181	No	No
g1472.t1	g1472.t1	518	No	No
g1473.t2	g1473.t2	1078	No	No
g1474.t1	g1474.t1	85	No	No
g1475.t1	g1475.t1	3259	No	No
g1476.t1	g1476.t1	88	No	No
g1477.t1	g1477.t1	236	No	No
g1478.t1	g1478.t1	127	No	No
g1479.t1	g1479.t1	236	No	No
g1480.t1	g1480.t1	99	No	No
g1481.t1	g1481.t1	80	No	No
g1482.t1	g1482.t1	108	No	No
g1483.t1	g1483.t1	367	No	No
g1484.t1	g1484.t1	747	No	No
g1485.t1	g1485.t1	109	No	No
g1486.t1	g1486.t1	130	No	No
g1487.t1	g1487.t1	67	No	No
g1488.t1	g1488.t1	245	No	No
g1489.t1	g1489.t1	319	No	No
g1490.t1	g1490.t1	147	No	No
g1491.t1	g1491.t1	94	No	No
g1492.t1	g1492.t1	111	No	No
g1493.t1	g1493.t1	52	No	No
g1494.t1	g1494.t1	86	No	No
g1495.t1	g1495.t1	95	No	No
g1496.t1	g1496.t1	514	No	No
g1497.t1	g1497.t1	132	No	No
g1498.t1	g1498.t1	911	No	No
g1499.t1	g1499.t1	74	No	No
g1500.t1	g1500.t1	157	No	No
g1501.t1	g1501.t1	971	No	No
g1502.t1	g1502.t1	375	No	No
g1503.t1	g1503.t1	348	No	No
g1504.t1	g1504.t1	556	No	No
g1505.t1	g1505.t1	1476	No	No
g1506.t1	g1506.t1	385	No	No
g1507.t1	g1507.t1	289	No	No
g1508.t1	g1508.t1	251	No	No
g1509.t1	g1509.t1	259	No	No
g1510.t1	g1510.t1	142	No	No
g1511.t1	g1511.t1	70	Yes	No
g1512.t1	g1512.t1	116	No	No
g1513.t1	g1513.t1	136	No	No
g1514.t1	g1514.t1	884	No	No
g1515.t1	g1515.t1	121	No	No
g1516.t1	g1516.t1	123	No	No
g1517.t1	g1517.t1	103	No	No
g1518.t1	g1518.t1	785	No	No
g1519.t1	g1519.t1	227	No	No
g1520.t1	g1520.t1	253	No	No
g1521.t1	g1521.t1	277	No	No
g1522.t1	g1522.t1	580	Yes	No
g1523.t1	g1523.t1	580	No	No
g1524.t1	g1524.t1	71	No	No
g1525.t1	g1525.t1	148	No	No
g1526.t1	g1526.t1	287	No	No
g1527.t1	g1527.t1	227	No	No
g1528.t1	g1528.t1	342	No	No
g1529.t1	g1529.t1	305	No	No
g1530.t1	g1530.t1	72	No	No
g1531.t1	g1531.t1	100	No	No
g1532.t1	g1532.t1	122	No	No
g1533.t1	g1533.t1	120	No	No
g1534.t1	g1534.t1	105	No	No
g1535.t1	g1535.t1	71	No	No
g1536.t1	g1536.t1	87	No	No
g1537.t1	g1537.t1	593	No	No
g1538.t1	g1538.t1	98	No	No
g1539.t1	g1539.t1	344	No	No
g1540.t1	g1540.t1	217	No	No
g1541.t1	g1541.t1	380	No	No
g1542.t1	g1542.t1	171	No	No
g1543.t1	g1543.t1	74	No	No
g1544.t1	g1544.t1	96	No	No
g1545.t1	g1545.t1	558	No	No
g1546.t1	g1546.t1	173	No	No
g1547.t1	g1547.t1	127	No	No
g1548.t1	g1548.t1	182	No	No
g1549.t1	g1549.t1	76	No	No
g1550.t2	g1550.t2	1389	No	No
g1551.t2	g1551.t2	217	No	No
g1552.t1	g1552.t1	165	No	No
g1553.t1	g1553.t1	105	No	No
g1554.t1	g1554.t1	184	No	No
g1555.t1	g1555.t1	169	No	No
g1556.t1	g1556.t1	249	No	No
g1557.t1	g1557.t1	92	No	No
g1558.t1	g1558.t1	1049	No	No
g1559.t1	g1559.t1	104	No	No
g1560.t1	g1560.t1	1329	No	No
g1561.t1	g1561.t1	189	No	No
g1562.t1	g1562.t1	554	No	No
g1563.t1	g1563.t1	744	No	No
g1564.t1	g1564.t1	459	No	No
g1565.t1	g1565.t1	588	No	No
g1566.t1	g1566.t1	117	No	No
g1567.t1	g1567.t1	52	Yes	No
g1568.t1	g1568.t1	151	No	No
g1569.t1	g1569.t1	166	Yes	No
g1570.t1	g1570.t1	234	No	No
g1571.t1	g1571.t1	657	No	No
g1572.t1	g1572.t1	120	Yes	No
g1573.t1	g1573.t1	92	No	No
g1574.t1	g1574.t1	100	No	No
g1575.t1	g1575.t1	82	No	No
g1576.t1	g1576.t1	572	No	No
g1577.t1	g1577.t1	68	No	No
g1578.t1	g1578.t1	79	No	No
g1579.t1	g1579.t1	725	No	No
g1580.t1	g1580.t1	585	No	No
g1581.t1	g1581.t1	692	No	No
g1582.t1	g1582.t1	115	No	No
g1583.t1	g1583.t1	271	No	No
g1584.t1	g1584.t1	70	No	No
g1585.t1	g1585.t1	96	No	No
g1586.t1	g1586.t1	424	No	No
g1587.t1	g1587.t1	300	No	No
g1588.t1	g1588.t1	104	No	No
g1589.t2	g1589.t2	368	No	No
g1590.t1	g1590.t1	94	Yes	No
g1591.t1	g1591.t1	256	No	No
g1592.t1	g1592.t1	272	No	No
g1593.t1	g1593.t1	93	No	No
g1594.t1	g1594.t1	466	No	No
g1595.t1	g1595.t1	77	No	No
g1596.t1	g1596.t1	48	Yes	No
g1597.t1	g1597.t1	278	No	No
g1598.t1	g1598.t1	641	No	No
g1599.t1	g1599.t1	142	No	No
g1600.t1	g1600.t1	614	No	No
g1601.t1	g1601.t1	247	No	No
g1602.t1	g1602.t1	259	Yes	No
g1603.t1	g1603.t1	102	No	No
g1604.t1	g1604.t1	248	No	No
g1605.t1	g1605.t1	584	No	No
g1606.t1	g1606.t1	128	No	No
g1607.t1	g1607.t1	356	No	No
g1608.t1	g1608.t1	132	No	No
g1609.t1	g1609.t1	251	No	No
g1610.t1	g1610.t1	369	No	No
g1611.t1	g1611.t1	623	No	No
g1612.t1	g1612.t1	496	No	No
g1613.t1	g1613.t1	497	No	No
g1614.t1	g1614.t1	317	No	No
g1615.t1	g1615.t1	207	No	No
g1616.t1	g1616.t1	318	No	No
g1617.t1	g1617.t1	389	No	No
g1618.t1	g1618.t1	81	No	No
g1619.t1	g1619.t1	242	Yes	No
g1620.t1	g1620.t1	377	No	No
g1621.t1	g1621.t1	165	No	No
g1622.t1	g1622.t1	443	No	No
g1623.t1	g1623.t1	118	No	No
g1624.t1	g1624.t1	68	Yes	No
g1625.t1	g1625.t1	303	No	No
g1626.t2	g1626.t2	764	No	No
g1627.t1	g1627.t1	132	Yes	No
g1628.t1	g1628.t1	820	No	No
g1629.t1	g1629.t1	330	No	No
g1630.t1	g1630.t1	164	No	No
g1631.t1	g1631.t1	142	No	No
g1632.t1	g1632.t1	1360	No	No
g1633.t1	g1633.t1	121	No	No
g1634.t1	g1634.t1	84	No	No
g1635.t1	g1635.t1	126	No	No
g1636.t1	g1636.t1	275	No	No
g1637.t1	g1637.t1	101	No	No
g1638.t1	g1638.t1	80	No	No
g1639.t1	g1639.t1	265	No	No
g1640.t1	g1640.t1	997	No	No
g1641.t1	g1641.t1	376	No	No
g1642.t1	g1642.t1	558	No	No
g1643.t1	g1643.t1	165	No	No
g1644.t2	g1644.t2	102	No	No
g1645.t1	g1645.t1	138	No	No
g1646.t1	g1646.t1	420	No	No
g1647.t1	g1647.t1	1076	No	No
g1648.t1	g1648.t1	112	No	No
g1649.t2	g1649.t2	1304	No	No
g1650.t1	g1650.t1	319	No	No
g1651.t1	g1651.t1	435	No	No
g1652.t3	g1652.t3	2052	No	No
g1653.t1	g1653.t1	311	No	No
g1654.t1	g1654.t1	711	No	No
g1655.t1	g1655.t1	264	No	No
g1656.t1	g1656.t1	264	No	No
g1657.t1	g1657.t1	389	Yes	No
g1658.t1	g1658.t1	539	No	No
g1659.t1	g1659.t1	327	No	No
g1660.t1	g1660.t1	167	No	No
g1661.t1	g1661.t1	1736	No	No
g1662.t1	g1662.t1	867	No	No
g1663.t1	g1663.t1	161	No	No
g1664.t1	g1664.t1	434	No	No
g1665.t1	g1665.t1	893	No	No
g1666.t1	g1666.t1	166	No	No
g1667.t1	g1667.t1	446	No	No
g1668.t1	g1668.t1	105	No	No
g1669.t1	g1669.t1	186	No	No
g1670.t1	g1670.t1	1474	No	No
g1671.t1	g1671.t1	118	No	No
g1672.t1	g1672.t1	144	No	No
g1673.t1	g1673.t1	720	No	No
g1674.t1	g1674.t1	480	No	No
g1675.t1	g1675.t1	262	No	No
g1676.t1	g1676.t1	320	No	No
g1677.t1	g1677.t1	324	No	No
g1678.t1	g1678.t1	280	No	No
g1679.t1	g1679.t1	103	No	No
g1680.t1	g1680.t1	37	No	No
g1681.t1	g1681.t1	205	No	No
g1682.t2	g1682.t2	1351	No	No
g1683.t1	g1683.t1	291	No	No
g1684.t1	g1684.t1	250	No	No
g1685.t1	g1685.t1	515	No	No
g1686.t1	g1686.t1	116	No	No
g1687.t2	g1687.t2	1863	No	No
g1688.t1	g1688.t1	98	No	No
g1689.t1	g1689.t1	683	No	No
g1690.t2	g1690.t2	352	No	No
g1691.t1	g1691.t1	162	No	No
g1692.t1	g1692.t1	126	No	No
g1693.t1	g1693.t1	493	No	No
g1694.t1	g1694.t1	88	No	No
g1695.t1	g1695.t1	100	No	No
g1696.t1	g1696.t1	452	No	No
g1697.t1	g1697.t1	198	No	No
g1698.t1	g1698.t1	108	No	No
g1699.t1	g1699.t1	99	No	No
g1700.t1	g1700.t1	208	No	No
g1701.t1	g1701.t1	373	No	No
g1702.t1	g1702.t1	557	No	No
g1703.t1	g1703.t1	489	No	No
g1704.t1	g1704.t1	97	No	No
g1705.t1	g1705.t1	422	No	No
g1706.t1	g1706.t1	476	No	No
g1707.t1	g1707.t1	650	No	No
g1708.t1	g1708.t1	331	No	No
g1709.t1	g1709.t1	369	No	No
g1710.t1	g1710.t1	79	No	No
g1711.t1	g1711.t1	1119	No	No
g1712.t1	g1712.t1	356	No	No
g1713.t1	g1713.t1	116	No	No
g1714.t2	g1714.t2	1757	No	No
g1715.t1	g1715.t1	280	No	No
g1716.t1	g1716.t1	132	No	No
g1717.t1	g1717.t1	112	No	No
g1718.t1	g1718.t1	145	No	No
g1719.t1	g1719.t1	329	No	No
g1720.t1	g1720.t1	529	No	No
g1721.t1	g1721.t1	375	No	No
g1722.t1	g1722.t1	246	No	No
g1723.t1	g1723.t1	367	No	No
g1724.t1	g1724.t1	305	No	No
g1725.t1	g1725.t1	514	No	No
g1726.t1	g1726.t1	543	No	No
g1727.t1	g1727.t1	88	No	No
g1728.t1	g1728.t1	567	No	No
g1729.t1	g1729.t1	170	Yes	No
g1730.t1	g1730.t1	172	No	No
g1731.t1	g1731.t1	338	No	No
g1732.t1	g1732.t1	718	No	No
g1733.t1	g1733.t1	113	No	No
g1734.t1	g1734.t1	641	No	No
g1735.t1	g1735.t1	722	No	No
g1736.t1	g1736.t1	97	No	No
g1737.t1	g1737.t1	122	No	No
g1738.t1	g1738.t1	178	No	No
g1739.t1	g1739.t1	105	No	No
g1740.t1	g1740.t1	204	No	No
g1741.t1	g1741.t1	65	Yes	No
g1742.t2	g1742.t2	176	No	No
g1743.t1	g1743.t1	1422	No	No
g1744.t1	g1744.t1	361	No	No
g1745.t1	g1745.t1	186	No	No
g1746.t1	g1746.t1	1264	No	No
g1747.t1	g1747.t1	414	No	No
g1748.t1	g1748.t1	92	No	No
g1749.t1	g1749.t1	154	No	No
g1750.t1	g1750.t1	382	No	No
g1751.t1	g1751.t1	209	No	No
g1752.t1	g1752.t1	384	No	No
g1753.t1	g1753.t1	422	No	No
g1754.t1	g1754.t1	90	Yes	No
g1755.t1	g1755.t1	83	No	No
g1756.t1	g1756.t1	171	No	No
g1757.t1	g1757.t1	2368	No	No
g1758.t1	g1758.t1	176	No	No
g1759.t1	g1759.t1	111	No	No
g1760.t1	g1760.t1	56	Yes	No
g1761.t1	g1761.t1	210	No	No
g1762.t1	g1762.t1	239	No	No
g1763.t1	g1763.t1	84	No	No
g1764.t1	g1764.t1	118	No	No
g1765.t1	g1765.t1	348	Yes	No
g1766.t1	g1766.t1	67	Yes	No
g1767.t1	g1767.t1	148	No	No
g1768.t2	g1768.t2	300	No	No
g1769.t1	g1769.t1	96	No	No
g1770.t1	g1770.t1	277	No	No
g1771.t1	g1771.t1	711	No	No
g1772.t1	g1772.t1	76	No	No
g1773.t1	g1773.t1	115	No	No
g1774.t1	g1774.t1	288	No	No
g1775.t1	g1775.t1	98	No	No
g1776.t1	g1776.t1	443	No	No
g1777.t1	g1777.t1	1019	Yes	No
g1778.t1	g1778.t1	107	No	No
g1779.t1	g1779.t1	107	No	No
g1780.t1	g1780.t1	127	No	No
g1781.t1	g1781.t1	142	No	No
g1782.t1	g1782.t1	153	No	No
g1783.t1	g1783.t1	91	No	No
g1784.t1	g1784.t1	119	No	No
g1785.t1	g1785.t1	97	No	No
g1786.t1	g1786.t1	98	No	No
g1787.t1	g1787.t1	73	No	No
g1788.t1	g1788.t1	129	No	No
g1789.t1	g1789.t1	94	No	No
g1790.t1	g1790.t1	213	No	No
g1791.t1	g1791.t1	419	No	No
g1792.t1	g1792.t1	108	No	No
g1793.t1	g1793.t1	135	No	No
g1794.t1	g1794.t1	1021	No	No
g1795.t1	g1795.t1	322	No	No
g1796.t1	g1796.t1	633	No	No
g1797.t1	g1797.t1	162	No	No
g1798.t1	g1798.t1	140	No	No
g1799.t1	g1799.t1	2182	No	No
g1800.t1	g1800.t1	978	Yes	No
g1801.t1	g1801.t1	482	No	No
g1802.t1	g1802.t1	572	No	No
g1803.t1	g1803.t1	126	No	No
g1804.t1	g1804.t1	135	No	No
g1805.t1	g1805.t1	96	No	No
g1806.t1	g1806.t1	87	No	No
g1807.t1	g1807.t1	150	No	No
g1808.t1	g1808.t1	146	No	No
g1809.t1	g1809.t1	97	No	No
g1810.t1	g1810.t1	101	No	No
g1811.t1	g1811.t1	239	No	No
g1812.t1	g1812.t1	160	No	No
g1813.t1	g1813.t1	99	No	No
g1814.t1	g1814.t1	133	No	No
g1815.t1	g1815.t1	101	No	No
g1816.t1	g1816.t1	147	No	No
g1817.t1	g1817.t1	111	No	No
g1818.t1	g1818.t1	238	No	No
g1819.t1	g1819.t1	123	No	No
g1820.t1	g1820.t1	84	No	No
g1821.t1	g1821.t1	165	Yes	No
g1822.t1	g1822.t1	562	No	No
g1823.t1	g1823.t1	92	No	No
g1824.t1	g1824.t1	264	No	No
g1825.t1	g1825.t1	69	No	No
g1826.t1	g1826.t1	99	No	No
g1827.t1	g1827.t1	261	No	No
g1828.t1	g1828.t1	224	No	No
g1829.t1	g1829.t1	254	No	No
g1830.t1	g1830.t1	237	No	No
g1831.t1	g1831.t1	265	No	No
g1832.t1	g1832.t1	264	No	No
g1833.t1	g1833.t1	61	Yes	No
g1834.t1	g1834.t1	1008	No	No
g1835.t1	g1835.t1	519	No	No
g1836.t1	g1836.t1	87	No	No
g1837.t1	g1837.t1	86	No	No
g1838.t1	g1838.t1	86	No	No
g1839.t1	g1839.t1	93	No	No
g1840.t1	g1840.t1	68	No	No
g1841.t1	g1841.t1	106	No	No
g1842.t1	g1842.t1	127	No	No
g1843.t1	g1843.t1	1243	No	No
g1844.t1	g1844.t1	951	No	No
g1845.t1	g1845.t1	256	No	No
g1846.t1	g1846.t1	390	No	No
g1847.t1	g1847.t1	1318	No	No
g1848.t1	g1848.t1	139	No	No
g1849.t1	g1849.t1	462	No	No
g1850.t1	g1850.t1	39	Yes	No
g1851.t1	g1851.t1	55	Yes	No
g1852.t1	g1852.t1	1043	No	No
g1853.t2	g1853.t2	1252	No	No
g1854.t1	g1854.t1	408	No	No
g1855.t1	g1855.t1	514	No	No
g1856.t1	g1856.t1	289	No	No
g1857.t1	g1857.t1	77	No	No
g1858.t1	g1858.t1	120	Yes	No
g1859.t1	g1859.t1	364	No	No
g1860.t1	g1860.t1	96	No	No
g1861.t1	g1861.t1	146	No	No
g1862.t1	g1862.t1	1290	No	No
g1863.t1	g1863.t1	85	No	No
g1864.t1	g1864.t1	186	No	No
g1865.t1	g1865.t1	2738	No	No
g1866.t1	g1866.t1	999	No	No
g1867.t1	g1867.t1	922	No	No
g1868.t1	g1868.t1	136	No	No
g1869.t1	g1869.t1	316	No	No
g1870.t1	g1870.t1	118	No	No
g1871.t1	g1871.t1	66	No	No
g1872.t1	g1872.t1	86	Yes	No
g1873.t1	g1873.t1	741	No	No
g1874.t1	g1874.t1	74	No	No
g1875.t1	g1875.t1	72	No	No
g1876.t1	g1876.t1	441	No	No
g1877.t1	g1877.t1	283	No	No
g1878.t1	g1878.t1	78	No	No
g1879.t1	g1879.t1	165	No	No
g1880.t1	g1880.t1	434	No	No
g1881.t1	g1881.t1	127	No	No
g1882.t1	g1882.t1	149	No	No
g1883.t1	g1883.t1	200	No	No
g1884.t1	g1884.t1	147	No	No
g1885.t1	g1885.t1	563	No	No
g1886.t1	g1886.t1	372	No	No
g1887.t1	g1887.t1	44	No	No
g1888.t1	g1888.t1	368	No	No
g1889.t1	g1889.t1	43	Yes	No
g1890.t1	g1890.t1	101	No	No
g1891.t1	g1891.t1	251	Yes	No
g1892.t1	g1892.t1	722	No	No
g1893.t1	g1893.t1	323	No	No
g1894.t1	g1894.t1	81	No	No
g1895.t1	g1895.t1	118	No	No
g1896.t1	g1896.t1	130	No	No
g1897.t1	g1897.t1	114	No	No
g1898.t1	g1898.t1	113	No	No
g1899.t1	g1899.t1	123	No	No
g1900.t1	g1900.t1	144	No	No
g1901.t1	g1901.t1	368	Yes	No
g1902.t1	g1902.t1	663	No	No
g1903.t1	g1903.t1	253	No	No
g1904.t1	g1904.t1	324	No	No
g1905.t1	g1905.t1	557	No	No
g1906.t1	g1906.t1	200	No	No
g1907.t1	g1907.t1	104	No	No
g1908.t1	g1908.t1	171	No	No
g1909.t1	g1909.t1	109	No	No
g1910.t1	g1910.t1	717	No	No
g1911.t1	g1911.t1	217	No	No
g1912.t1	g1912.t1	126	No	No
g1913.t1	g1913.t1	93	No	No
g1914.t1	g1914.t1	174	No	No
g1915.t1	g1915.t1	491	No	No
g1916.t1	g1916.t1	431	No	No
g1917.t1	g1917.t1	197	Yes	No
g1918.t1	g1918.t1	77	No	No
g1919.t1	g1919.t1	204	No	No
g1920.t1	g1920.t1	203	No	No
g1921.t1	g1921.t1	87	No	No
g1922.t1	g1922.t1	144	No	No
g1923.t1	g1923.t1	123	No	No
g1924.t1	g1924.t1	89	No	No
g1925.t1	g1925.t1	68	No	No
g1926.t1	g1926.t1	164	No	No
g1927.t1	g1927.t1	310	No	No
g1928.t1	g1928.t1	315	No	No
g1929.t1	g1929.t1	314	No	No
g1930.t1	g1930.t1	316	No	No
g1931.t1	g1931.t1	129	No	No
g1932.t1	g1932.t1	468	No	No
g1933.t1	g1933.t1	240	Yes	No
g1934.t1	g1934.t1	68	No	No
g1935.t1	g1935.t1	325	No	No
g1936.t1	g1936.t1	334	No	No
g1937.t1	g1937.t1	266	No	No
g1938.t1	g1938.t1	101	No	No
g1939.t1	g1939.t1	194	No	No
g1940.t1	g1940.t1	421	Yes	No
g1941.t1	g1941.t1	421	No	No
g1942.t1	g1942.t1	103	No	No
g1943.t1	g1943.t1	101	No	No
g1944.t1	g1944.t1	118	No	No
g1945.t1	g1945.t1	121	No	No
g1946.t1	g1946.t1	84	No	No
g1947.t1	g1947.t1	184	No	No
g1948.t1	g1948.t1	363	No	No
g1949.t1	g1949.t1	242	No	No
g1950.t1	g1950.t1	169	No	No
g1951.t1	g1951.t1	236	No	No
g1952.t1	g1952.t1	612	No	No
g1953.t1	g1953.t1	1860	No	No
g1954.t1	g1954.t1	125	No	No
g1955.t1	g1955.t1	126	No	No
g1956.t1	g1956.t1	67	No	No
g1957.t1	g1957.t1	166	Yes	No
g1958.t1	g1958.t1	105	No	No
g1959.t1	g1959.t1	84	No	No
g1960.t1	g1960.t1	112	No	No
g1961.t1	g1961.t1	652	No	No
g1962.t1	g1962.t1	56	No	No
g1963.t1	g1963.t1	183	No	No
g1964.t1	g1964.t1	804	No	No
g1965.t1	g1965.t1	371	No	No
g1966.t1	g1966.t1	286	No	No
g1967.t1	g1967.t1	542	No	No
g1968.t1	g1968.t1	70	No	No
g1969.t1	g1969.t1	106	No	No
g1970.t1	g1970.t1	460	No	No
g1971.t1	g1971.t1	89	Yes	No
g1972.t1	g1972.t1	256	No	No
g1973.t1	g1973.t1	262	No	No
g1974.t1	g1974.t1	837	No	No
g1975.t1	g1975.t1	236	No	No
g1976.t1	g1976.t1	250	No	No
g1977.t1	g1977.t1	178	No	No
g1978.t2	g1978.t2	989	Yes	No
g1979.t1	g1979.t1	111	No	No
g1980.t1	g1980.t1	156	No	No
g1981.t1	g1981.t1	100	No	No
g1982.t1	g1982.t1	94	No	No
g1983.t1	g1983.t1	73	No	No
g1984.t1	g1984.t1	214	No	No
g1985.t1	g1985.t1	100	No	No
g1986.t1	g1986.t1	196	No	No
g1987.t1	g1987.t1	407	No	No
g1988.t1	g1988.t1	88	No	No
g1989.t1	g1989.t1	415	No	No
g1990.t1	g1990.t1	119	No	No
g1991.t1	g1991.t1	469	No	No
g1992.t1	g1992.t1	778	No	No
g1993.t1	g1993.t1	224	No	No
g1994.t1	g1994.t1	530	No	No
g1995.t1	g1995.t1	413	No	No
g1996.t1	g1996.t1	332	No	No
g1997.t1	g1997.t1	208	No	No
g1998.t1	g1998.t1	197	No	No
g1999.t1	g1999.t1	344	No	No
g2000.t1	g2000.t1	324	Yes	No
g2001.t1	g2001.t1	91	No	No
g2002.t1	g2002.t1	1143	Yes	No
g2003.t1	g2003.t1	385	No	No
g2004.t1	g2004.t1	190	Yes	No
g2005.t1	g2005.t1	180	No	No
g2006.t1	g2006.t1	141	No	No
g2007.t1	g2007.t1	76	No	No
g2008.t1	g2008.t1	110	No	No
g2009.t1	g2009.t1	218	No	No
g2010.t1	g2010.t1	360	No	No
g2011.t1	g2011.t1	564	No	No
g2012.t1	g2012.t1	288	No	No
g2013.t1	g2013.t1	161	No	No
g2014.t1	g2014.t1	275	No	No
g2015.t2	g2015.t2	440	No	No
g2016.t1	g2016.t1	163	Yes	No
g2017.t1	g2017.t1	121	Yes	No
g2018.t1	g2018.t1	1277	No	No
g2019.t1	g2019.t1	1724	No	No
g2020.t1	g2020.t1	178	No	No
g2021.t1	g2021.t1	274	No	No
g2022.t1	g2022.t1	994	No	No
g2023.t1	g2023.t1	430	No	No
g2024.t1	g2024.t1	97	No	No
g2025.t1	g2025.t1	197	No	No
g2026.t1	g2026.t1	105	No	No
g2027.t1	g2027.t1	573	No	No
g2028.t1	g2028.t1	144	No	No
g2029.t1	g2029.t1	199	No	No
g2030.t1	g2030.t1	87	No	No
g2031.t1	g2031.t1	111	No	No
g2032.t1	g2032.t1	541	Yes	No
g2033.t1	g2033.t1	200	No	No
g2034.t1	g2034.t1	255	No	No
g2035.t1	g2035.t1	1450	No	No
g2036.t1	g2036.t1	116	No	No
g2037.t1	g2037.t1	333	No	No
g2038.t1	g2038.t1	79	No	No
g2039.t1	g2039.t1	341	No	No
g2040.t1	g2040.t1	242	No	No
g2041.t1	g2041.t1	134	No	No
g2042.t1	g2042.t1	154	No	No
g2043.t1	g2043.t1	228	No	No
g2044.t1	g2044.t1	432	No	No
g2045.t1	g2045.t1	73	Yes	No
g2046.t1	g2046.t1	520	No	No
g2047.t1	g2047.t1	147	No	No
g2048.t1	g2048.t1	101	Yes	No
g2049.t1	g2049.t1	46	Yes	No
g2050.t1	g2050.t1	88	No	No
g2051.t1	g2051.t1	88	No	No
g2052.t1	g2052.t1	203	No	No
g2053.t1	g2053.t1	85	Yes	No
g2054.t1	g2054.t1	252	No	No
g2055.t1	g2055.t1	683	No	No
g2056.t1	g2056.t1	285	Yes	No
g2057.t1	g2057.t1	368	No	No
g2058.t1	g2058.t1	397	No	No
g2059.t1	g2059.t1	160	No	No
g2060.t1	g2060.t1	291	No	No
g2061.t1	g2061.t1	129	No	No
g2062.t1	g2062.t1	325	No	No
g2063.t1	g2063.t1	512	No	No
g2064.t1	g2064.t1	253	Yes	No
g2065.t1	g2065.t1	184	Yes	No
g2066.t1	g2066.t1	93	No	No
g2067.t1	g2067.t1	85	No	No
g2068.t1	g2068.t1	221	Yes	No
g2069.t1	g2069.t1	203	No	No
g2070.t1	g2070.t1	162	No	No
g2071.t1	g2071.t1	1747	No	No
g2072.t1	g2072.t1	170	No	No
g2073.t1	g2073.t1	88	No	No
g2074.t1	g2074.t1	93	No	No
g2075.t1	g2075.t1	347	No	No
g2076.t1	g2076.t1	334	No	No
g2077.t1	g2077.t1	333	No	No
g2078.t2	g2078.t2	333	No	No
g2079.t1	g2079.t1	161	No	No
g2080.t1	g2080.t1	164	No	No
g2081.t1	g2081.t1	108	No	No
g2082.t1	g2082.t1	162	No	No
g2083.t1	g2083.t1	126	No	No
g2084.t1	g2084.t1	89	No	No
g2085.t1	g2085.t1	100	No	No
g2086.t1	g2086.t1	143	No	No
g2087.t1	g2087.t1	98	No	No
g2088.t1	g2088.t1	99	No	No
g2089.t1	g2089.t1	1298	No	No
g2090.t1	g2090.t1	836	No	No
g2091.t2	g2091.t2	649	No	No
g2092.t1	g2092.t1	1778	No	No
g2093.t1	g2093.t1	254	No	No
g2094.t1	g2094.t1	413	Yes	No
g2095.t1	g2095.t1	551	No	No
g2096.t1	g2096.t1	539	No	No
g2097.t1	g2097.t1	1067	No	No
g2098.t1	g2098.t1	322	No	No
g2099.t1	g2099.t1	342	No	No
g2100.t1	g2100.t1	319	No	No
g2101.t1	g2101.t1	671	No	No
g2102.t1	g2102.t1	136	No	No
g2103.t1	g2103.t1	87	No	No
g2104.t1	g2104.t1	121	No	No
g2105.t1	g2105.t1	90	No	No
g2106.t1	g2106.t1	174	No	No
g2107.t1	g2107.t1	101	No	No
g2108.t1	g2108.t1	288	No	No
g2109.t1	g2109.t1	327	No	No
g2110.t1	g2110.t1	546	No	No
g2111.t1	g2111.t1	494	No	No
g2112.t1	g2112.t1	1568	No	No
g2113.t1	g2113.t1	113	No	No
g2114.t1	g2114.t1	790	No	No
g2115.t1	g2115.t1	92	No	No
g2116.t1	g2116.t1	563	No	No
g2117.t1	g2117.t1	230	No	No
g2118.t1	g2118.t1	190	No	No
g2119.t1	g2119.t1	790	No	No
g2120.t1	g2120.t1	92	No	No
g2121.t1	g2121.t1	530	No	No
g2122.t1	g2122.t1	220	No	No
g2123.t1	g2123.t1	118	No	No
g2124.t1	g2124.t1	264	No	No
g2125.t1	g2125.t1	265	No	No
g2126.t1	g2126.t1	237	No	No
g2127.t1	g2127.t1	254	No	No
g2128.t1	g2128.t1	180	Yes	No
g2129.t1	g2129.t1	381	No	No
g2130.t1	g2130.t1	1729	No	No
g2131.t1	g2131.t1	1736	No	No
g2132.t1	g2132.t1	981	No	No
g2133.t1	g2133.t1	191	No	No
g2134.t1	g2134.t1	244	No	No
g2135.t1	g2135.t1	542	No	No
g2136.t2	g2136.t2	344	No	No
g2137.t1	g2137.t1	1290	No	No
g2138.t1	g2138.t1	866	No	No
g2139.t1	g2139.t1	135	No	No
g2140.t1	g2140.t1	71	No	No
g2141.t1	g2141.t1	444	No	No
g2142.t1	g2142.t1	687	No	No
g2143.t2	g2143.t2	661	No	No
g2144.t1	g2144.t1	72	No	No
g2145.t1	g2145.t1	73	No	No
g2146.t1	g2146.t1	86	No	No
g2147.t1	g2147.t1	179	No	No
g2148.t1	g2148.t1	1015	No	No
g2149.t1	g2149.t1	735	No	No
g2150.t1	g2150.t1	92	No	No
g2151.t1	g2151.t1	708	Yes	No
g2152.t1	g2152.t1	35	Yes	No
g2153.t1	g2153.t1	156	Yes	No
g2154.t2	g2154.t2	292	No	No
g2155.t2	g2155.t2	1864	No	No
g2156.t1	g2156.t1	282	No	No
g2157.t1	g2157.t1	371	No	No
g2158.t1	g2158.t1	1534	No	No
g2159.t1	g2159.t1	3754	No	No
g2160.t1	g2160.t1	158	No	No
g2161.t1	g2161.t1	645	No	No
g2162.t1	g2162.t1	1632	No	No
g2163.t1	g2163.t1	553	No	No
g2164.t1	g2164.t1	503	No	No
g2165.t1	g2165.t1	3735	No	No
g2166.t1	g2166.t1	598	No	No
g2167.t1	g2167.t1	632	No	No
g2168.t2	g2168.t2	346	No	No
g2169.t1	g2169.t1	83	No	No
g2170.t1	g2170.t1	292	No	No
g2171.t1	g2171.t1	1247	No	No
g2172.t1	g2172.t1	319	No	No
g2173.t1	g2173.t1	1636	No	No
g2174.t1	g2174.t1	127	No	No
g2175.t1	g2175.t1	897	No	No
g2176.t1	g2176.t1	113	No	No
g2177.t1	g2177.t1	142	No	No
g2178.t1	g2178.t1	89	No	No
g2179.t1	g2179.t1	262	No	No
g2180.t1	g2180.t1	354	No	No
g2181.t1	g2181.t1	636	No	No
g2182.t1	g2182.t1	178	No	No
g2183.t1	g2183.t1	1225	No	No
g2184.t1	g2184.t1	161	No	No
g2185.t1	g2185.t1	767	No	No
g2186.t1	g2186.t1	238	No	No
g2187.t1	g2187.t1	1111	No	No
g2188.t1	g2188.t1	234	No	No
g2189.t1	g2189.t1	402	No	No
g2190.t1	g2190.t1	93	No	No
g2191.t1	g2191.t1	110	No	No
g2192.t1	g2192.t1	43	No	No
g2193.t1	g2193.t1	100	No	No
g2194.t1	g2194.t1	199	No	No
g2195.t1	g2195.t1	374	No	No
g2196.t1	g2196.t1	1225	No	No
g2197.t1	g2197.t1	575	No	No
g2198.t2	g2198.t2	181	No	No
g2199.t1	g2199.t1	330	No	No
g2200.t1	g2200.t1	259	No	No
g2201.t2	g2201.t2	525	No	No
g2202.t1	g2202.t1	212	No	No
g2203.t1	g2203.t1	123	No	No
g2204.t1	g2204.t1	310	No	No
g2205.t3	g2205.t3	757	No	No
g2206.t1	g2206.t1	316	No	No
g2207.t1	g2207.t1	622	No	No
g2208.t1	g2208.t1	132	No	No
g2209.t1	g2209.t1	238	No	No
g2210.t1	g2210.t1	394	No	No
g2211.t1	g2211.t1	1145	No	No
g2212.t1	g2212.t1	723	No	No
g2213.t1	g2213.t1	1262	No	No
g2214.t1	g2214.t1	474	No	No
g2215.t1	g2215.t1	106	No	No
g2216.t1	g2216.t1	144	No	No
g2217.t1	g2217.t1	101	No	No
g2218.t1	g2218.t1	2207	No	No
g2219.t1	g2219.t1	1027	No	No
g2220.t1	g2220.t1	601	No	No
g2221.t1	g2221.t1	127	No	No
g2222.t1	g2222.t1	177	No	No
g2223.t1	g2223.t1	1581	No	No
g2224.t1	g2224.t1	158	No	No
g2225.t1	g2225.t1	70	No	No
g2226.t2	g2226.t2	341	No	No
g2227.t1	g2227.t1	83	No	No
g2228.t1	g2228.t1	172	No	No
g2229.t1	g2229.t1	337	No	No
g2230.t1	g2230.t1	72	No	No
g2231.t1	g2231.t1	187	No	No
g2232.t1	g2232.t1	110	No	No
g2233.t1	g2233.t1	347	No	No
g2234.t1	g2234.t1	436	No	No
g2235.t1	g2235.t1	758	No	No
g2236.t1	g2236.t1	400	No	No
g2237.t1	g2237.t1	174	No	No
g2238.t1	g2238.t1	66	No	No
g2239.t1	g2239.t1	394	No	No
g2240.t1	g2240.t1	823	No	No
g2241.t1	g2241.t1	84	No	No
g2242.t1	g2242.t1	93	No	No
g2243.t1	g2243.t1	568	No	No
g2244.t1	g2244.t1	405	No	No
g2245.t1	g2245.t1	131	No	No
g2246.t1	g2246.t1	88	No	No
g2247.t1	g2247.t1	122	No	No
g2248.t1	g2248.t1	69	No	No
g2249.t1	g2249.t1	297	No	No
g2250.t1	g2250.t1	952	No	No
g2251.t1	g2251.t1	1009	No	No
g2252.t1	g2252.t1	414	No	No
g2253.t1	g2253.t1	460	No	No
g2254.t1	g2254.t1	735	No	No
g2255.t1	g2255.t1	305	No	No
g2256.t1	g2256.t1	548	No	No
g2257.t1	g2257.t1	246	Yes	No
g2258.t1	g2258.t1	142	No	No
g2259.t1	g2259.t1	729	No	No
g2260.t1	g2260.t1	254	No	No
g2261.t1	g2261.t1	1090	No	No
g2262.t1	g2262.t1	359	No	No
g2263.t1	g2263.t1	595	No	No
g2264.t1	g2264.t1	268	Yes	No
g2265.t1	g2265.t1	119	Yes	No
g2266.t1	g2266.t1	87	No	No
g2267.t1	g2267.t1	110	No	No
g2268.t1	g2268.t1	84	No	No
g2269.t1	g2269.t1	81	No	No
g2270.t1	g2270.t1	108	No	No
g2271.t1	g2271.t1	327	No	No
g2272.t1	g2272.t1	213	No	No
g2273.t1	g2273.t1	448	Yes	No
g2274.t1	g2274.t1	82	No	No
g2275.t1	g2275.t1	288	Yes	No
g2276.t1	g2276.t1	291	No	No
g2277.t1	g2277.t1	475	No	No
g2278.t1	g2278.t1	157	No	No
g2279.t1	g2279.t1	178	No	No
g2280.t1	g2280.t1	362	No	No
g2281.t1	g2281.t1	67	No	No
g2282.t1	g2282.t1	81	No	No
g2283.t1	g2283.t1	240	No	No
g2284.t1	g2284.t1	163	No	No
g2285.t1	g2285.t1	431	No	No
g2286.t1	g2286.t1	96	No	No
g2287.t1	g2287.t1	466	No	No
g2288.t1	g2288.t1	201	No	No
g2289.t1	g2289.t1	80	No	No
g2290.t1	g2290.t1	94	No	No
g2291.t1	g2291.t1	94	No	No
g2292.t1	g2292.t1	74	No	No
g2293.t1	g2293.t1	121	No	No
g2294.t1	g2294.t1	118	No	No
g2295.t1	g2295.t1	358	No	No
g2296.t1	g2296.t1	78	No	No
g2297.t1	g2297.t1	284	No	No
g2298.t1	g2298.t1	231	No	No
g2299.t1	g2299.t1	157	No	No
g2300.t1	g2300.t1	209	No	No
g2301.t1	g2301.t1	170	No	No
g2302.t1	g2302.t1	95	No	No
g2303.t1	g2303.t1	98	No	No
g2304.t1	g2304.t1	236	No	No
g2305.t1	g2305.t1	99	No	No
g2306.t1	g2306.t1	843	No	No
g2307.t1	g2307.t1	278	No	No
g2308.t1	g2308.t1	315	No	No
g2309.t1	g2309.t1	79	No	No
g2310.t1	g2310.t1	143	No	No
g2311.t1	g2311.t1	1355	No	No
g2312.t1	g2312.t1	327	No	No
g2313.t1	g2313.t1	69	No	No
g2314.t1	g2314.t1	677	No	No
g2315.t1	g2315.t1	538	No	No
g2316.t1	g2316.t1	134	No	No
g2317.t1	g2317.t1	859	No	No
g2318.t1	g2318.t1	342	No	No
g2319.t1	g2319.t1	200	No	No
g2320.t1	g2320.t1	272	No	No
g2321.t1	g2321.t1	455	No	No
g2322.t1	g2322.t1	157	No	No
g2323.t1	g2323.t1	272	No	No
g2324.t1	g2324.t1	1048	No	No
g2325.t1	g2325.t1	108	No	No
g2326.t1	g2326.t1	216	Yes	No
g2327.t1	g2327.t1	273	No	No
g2328.t1	g2328.t1	769	No	No
g2329.t1	g2329.t1	87	No	No
g2330.t1	g2330.t1	323	No	No
g2331.t1	g2331.t1	1071	No	No
g2332.t1	g2332.t1	230	No	No
g2333.t1	g2333.t1	230	No	No
g2334.t1	g2334.t1	502	No	No
g2335.t1	g2335.t1	1135	No	No
g2336.t1	g2336.t1	82	No	No
g2337.t1	g2337.t1	282	No	No
g2338.t1	g2338.t1	584	No	No
g2339.t1	g2339.t1	402	No	No
g2340.t1	g2340.t1	148	No	No
g2341.t1	g2341.t1	132	No	No
g2342.t1	g2342.t1	324	No	No
g2343.t2	g2343.t2	2628	No	No
g2344.t1	g2344.t1	291	No	No
g2345.t1	g2345.t1	2184	No	No
g2346.t1	g2346.t1	88	No	No
g2347.t1	g2347.t1	89	No	No
g2348.t1	g2348.t1	82	No	No
g2349.t1	g2349.t1	110	No	No
g2350.t1	g2350.t1	401	No	No
g2351.t1	g2351.t1	409	No	No
g2352.t1	g2352.t1	734	No	No
g2353.t1	g2353.t1	388	No	No
g2354.t1	g2354.t1	78	No	No
g2355.t1	g2355.t1	75	No	No
g2356.t1	g2356.t1	142	No	No
g2357.t1	g2357.t1	101	No	No
g2358.t1	g2358.t1	145	No	No
g2359.t1	g2359.t1	1374	No	No
g2360.t1	g2360.t1	109	No	No
g2361.t1	g2361.t1	74	No	No
g2362.t1	g2362.t1	92	No	No
g2363.t1	g2363.t1	103	No	No
g2364.t1	g2364.t1	354	No	No
g2365.t1	g2365.t1	540	Yes	No
g2366.t1	g2366.t1	280	No	No
g2367.t1	g2367.t1	305	No	No
g2368.t1	g2368.t1	740	No	No
g2369.t1	g2369.t1	135	No	No
g2370.t1	g2370.t1	328	Yes	No
g2371.t1	g2371.t1	353	No	No
g2372.t1	g2372.t1	396	Yes	No
g2373.t1	g2373.t1	335	No	No
g2374.t1	g2374.t1	165	No	No
g2375.t1	g2375.t1	133	No	No
g2376.t1	g2376.t1	118	No	No
g2377.t1	g2377.t1	662	No	No
g2378.t1	g2378.t1	1639	No	No
g2379.t1	g2379.t1	95	No	No
g2380.t1	g2380.t1	221	No	No
g2381.t1	g2381.t1	692	No	No
g2382.t1	g2382.t1	136	No	No
g2383.t1	g2383.t1	122	No	No
g2384.t1	g2384.t1	192	Yes	No
g2385.t1	g2385.t1	516	No	No
g2386.t1	g2386.t1	56	No	No
g2387.t1	g2387.t1	54	Yes	No
g2388.t1	g2388.t1	463	No	No
g2389.t1	g2389.t1	119	No	No
g2390.t1	g2390.t1	206	No	No
g2391.t1	g2391.t1	192	No	No
g2392.t1	g2392.t1	147	No	No
g2393.t1	g2393.t1	122	No	No
g2394.t1	g2394.t1	297	No	No
g2395.t1	g2395.t1	66	No	No
g2396.t1	g2396.t1	98	No	No
g2397.t1	g2397.t1	218	No	No
g2398.t1	g2398.t1	170	No	No
g2399.t1	g2399.t1	275	No	No
g2400.t1	g2400.t1	284	No	No
g2401.t1	g2401.t1	315	No	No
g2402.t1	g2402.t1	207	No	No
g2403.t1	g2403.t1	173	No	No
g2404.t1	g2404.t1	146	No	No
g2405.t1	g2405.t1	298	No	No
g2406.t1	g2406.t1	93	No	No
g2407.t1	g2407.t1	86	No	No
g2408.t1	g2408.t1	84	Yes	No
g2409.t1	g2409.t1	176	No	No
g2410.t1	g2410.t1	530	No	No
g2411.t1	g2411.t1	85	No	No
g2412.t1	g2412.t1	78	No	No
g2413.t1	g2413.t1	192	No	No
g2414.t1	g2414.t1	373	No	No
g2415.t1	g2415.t1	425	No	No
g2416.t1	g2416.t1	93	No	No
g2417.t1	g2417.t1	234	No	No
g2418.t1	g2418.t1	59	No	No
g2419.t1	g2419.t1	440	No	No
g2420.t1	g2420.t1	89	No	No
g2421.t1	g2421.t1	111	No	No
g2422.t1	g2422.t1	504	No	No
g2423.t1	g2423.t1	284	No	No
g2424.t1	g2424.t1	328	No	No
g2425.t1	g2425.t1	215	No	No
g2426.t1	g2426.t1	524	No	No
g2427.t1	g2427.t1	440	No	No
g2428.t1	g2428.t1	85	No	No
g2429.t1	g2429.t1	123	No	No
g2430.t1	g2430.t1	84	No	No
g2431.t1	g2431.t1	379	No	No
g2432.t1	g2432.t1	454	Yes	No
g2433.t1	g2433.t1	124	No	No
g2434.t1	g2434.t1	398	No	No
g2435.t1	g2435.t1	106	No	No
g2436.t1	g2436.t1	407	No	No
g2437.t1	g2437.t1	160	No	No
g2438.t1	g2438.t1	904	No	No
g2439.t1	g2439.t1	398	No	No
g2440.t1	g2440.t1	848	No	No
g2441.t1	g2441.t1	512	No	No
g2442.t1	g2442.t1	352	No	No
g2443.t1	g2443.t1	157	Yes	No
g2444.t1	g2444.t1	99	No	No
g2445.t1	g2445.t1	209	No	No
g2446.t1	g2446.t1	871	No	No
g2447.t2	g2447.t2	436	No	No
g2448.t1	g2448.t1	770	No	No
g2449.t1	g2449.t1	162	No	No
g2450.t1	g2450.t1	93	No	No
g2451.t1	g2451.t1	236	No	No
g2452.t1	g2452.t1	199	No	No
g2453.t1	g2453.t1	773	No	No
g2454.t1	g2454.t1	79	No	No
g2455.t1	g2455.t1	161	No	No
g2456.t1	g2456.t1	898	No	No
g2457.t1	g2457.t1	207	No	No
g2458.t1	g2458.t1	322	No	No
g2459.t1	g2459.t1	109	No	No
g2460.t1	g2460.t1	125	No	No
g2461.t1	g2461.t1	77	No	No
g2462.t1	g2462.t1	287	No	No
g2463.t1	g2463.t1	981	No	No
g2464.t1	g2464.t1	368	No	No
g2465.t1	g2465.t1	530	No	No
g2466.t1	g2466.t1	570	No	No
g2467.t1	g2467.t1	135	No	No
g2468.t1	g2468.t1	166	Yes	No
g2469.t1	g2469.t1	338	No	No
g2470.t1	g2470.t1	134	No	No
g2471.t1	g2471.t1	113	No	No
g2472.t1	g2472.t1	106	No	No
g2473.t1	g2473.t1	124	No	No
g2474.t1	g2474.t1	75	No	No
g2475.t1	g2475.t1	276	No	No
g2476.t1	g2476.t1	79	No	No
g2477.t1	g2477.t1	90	Yes	No
g2478.t1	g2478.t1	451	No	No
g2479.t1	g2479.t1	71	No	No
g2480.t1	g2480.t1	85	No	No
g2481.t1	g2481.t1	139	No	No
g2482.t1	g2482.t1	68	No	No
g2483.t1	g2483.t1	100	No	No
g2484.t1	g2484.t1	586	No	No
g2485.t1	g2485.t1	294	No	No
g2486.t1	g2486.t1	133	No	No
g2487.t1	g2487.t1	138	No	No
g2488.t1	g2488.t1	98	No	No
g2489.t1	g2489.t1	138	No	No
g2490.t1	g2490.t1	133	No	No
g2491.t1	g2491.t1	334	No	No
g2492.t1	g2492.t1	235	No	No
g2493.t1	g2493.t1	129	No	No
g2494.t1	g2494.t1	740	No	No
g2495.t1	g2495.t1	792	No	No
g2496.t1	g2496.t1	97	No	No
g2497.t1	g2497.t1	191	No	No
g2498.t1	g2498.t1	136	No	No
g2499.t1	g2499.t1	753	No	No
g2500.t1	g2500.t1	105	No	No
g2501.t1	g2501.t1	1255	No	No
g2502.t1	g2502.t1	130	No	No
g2503.t1	g2503.t1	938	No	No
g2504.t1	g2504.t1	166	No	No
g2505.t1	g2505.t1	145	No	No
g2506.t1	g2506.t1	165	No	No
g2507.t1	g2507.t1	238	No	No
g2508.t1	g2508.t1	280	No	No
g2509.t1	g2509.t1	212	No	No
g2510.t1	g2510.t1	176	No	No
g2511.t1	g2511.t1	1370	No	No
g2512.t1	g2512.t1	802	No	No
g2513.t1	g2513.t1	409	No	No
g2514.t1	g2514.t1	179	Yes	No
g2515.t1	g2515.t1	83	No	No
g2516.t1	g2516.t1	193	No	No
g2517.t1	g2517.t1	127	No	No
g2518.t1	g2518.t1	136	No	No
g2519.t1	g2519.t1	102	No	No
g2520.t1	g2520.t1	190	No	No
g2521.t1	g2521.t1	98	No	No
g2522.t1	g2522.t1	87	No	No
g2523.t1	g2523.t1	246	No	No
g2524.t1	g2524.t1	181	No	No
g2525.t1	g2525.t1	405	No	No
g2526.t1	g2526.t1	96	No	No
g2527.t1	g2527.t1	88	No	No
g2528.t1	g2528.t1	88	No	No
g2529.t1	g2529.t1	84	No	No
g2530.t1	g2530.t1	161	No	No
g2531.t1	g2531.t1	156	No	No
g2532.t1	g2532.t1	175	No	No
g2533.t1	g2533.t1	74	No	No
g2534.t1	g2534.t1	221	No	No
g2535.t1	g2535.t1	273	No	No
g2536.t1	g2536.t1	292	No	No
g2537.t1	g2537.t1	165	No	No
g2538.t1	g2538.t1	104	No	No
g2539.t1	g2539.t1	127	No	No
g2540.t1	g2540.t1	201	No	No
g2541.t1	g2541.t1	913	No	No
g2542.t1	g2542.t1	250	No	No
g2543.t1	g2543.t1	206	No	No
g2544.t1	g2544.t1	56	Yes	No
g2545.t1	g2545.t1	123	No	No
g2546.t1	g2546.t1	133	No	No
g2547.t1	g2547.t1	277	No	No
g2548.t1	g2548.t1	720	No	No
g2549.t1	g2549.t1	449	No	No
g2550.t1	g2550.t1	575	No	No
g2551.t1	g2551.t1	119	No	No
g2552.t1	g2552.t1	288	No	No
g2553.t1	g2553.t1	328	No	No
g2554.t1	g2554.t1	147	No	No
g2555.t1	g2555.t1	132	No	No
g2556.t1	g2556.t1	136	No	No
g2557.t1	g2557.t1	132	No	No
g2558.t1	g2558.t1	1142	No	No
g2559.t1	g2559.t1	179	No	No
g2560.t1	g2560.t1	643	No	No
g2561.t1	g2561.t1	93	No	No
g2562.t1	g2562.t1	163	No	No
g2563.t1	g2563.t1	119	No	No
g2564.t1	g2564.t1	103	No	No
g2565.t1	g2565.t1	437	No	No
g2566.t1	g2566.t1	647	Yes	No
g2567.t1	g2567.t1	682	No	No
g2568.t1	g2568.t1	1060	No	No
g2569.t1	g2569.t1	560	No	No
g2570.t1	g2570.t1	163	Yes	No
g2571.t1	g2571.t1	1660	No	No
g2572.t2	g2572.t2	3062	No	No
g2573.t1	g2573.t1	58	No	No
g2574.t1	g2574.t1	252	No	No
g2575.t1	g2575.t1	1727	No	No
g2576.t1	g2576.t1	2198	No	No
g2577.t1	g2577.t1	429	No	No
g2578.t1	g2578.t1	3835	No	No
g2579.t1	g2579.t1	887	No	No
g2580.t1	g2580.t1	207	No	No
g2581.t1	g2581.t1	112	No	No
g2582.t1	g2582.t1	82	No	No
g2583.t2	g2583.t2	691	No	No
g2584.t1	g2584.t1	406	No	No
g2585.t1	g2585.t1	79	No	No
g2586.t1	g2586.t1	952	No	No
g2587.t2	g2587.t2	578	No	No
g2588.t1	g2588.t1	549	No	No
g2589.t1	g2589.t1	239	No	No
g2590.t1	g2590.t1	1357	No	No
g2591.t1	g2591.t1	336	No	No
g2592.t1	g2592.t1	95	No	No
g2593.t1	g2593.t1	367	No	No
g2594.t1	g2594.t1	709	No	No
g2595.t1	g2595.t1	230	No	No
g2596.t1	g2596.t1	418	No	No
g2597.t1	g2597.t1	434	Yes	No
g2598.t1	g2598.t1	516	No	No
g2599.t1	g2599.t1	444	No	No
g2600.t1	g2600.t1	519	No	No
g2601.t1	g2601.t1	485	No	No
g2602.t1	g2602.t1	301	No	No
g2603.t1	g2603.t1	654	No	No
g2604.t1	g2604.t1	836	No	No
g2605.t1	g2605.t1	292	No	No
g2606.t1	g2606.t1	688	No	No
g2607.t1	g2607.t1	85	No	No
g2608.t1	g2608.t1	129	No	No
g2609.t1	g2609.t1	172	No	No
g2610.t1	g2610.t1	170	No	No
g2611.t1	g2611.t1	72	No	No
g2612.t1	g2612.t1	264	No	No
g2613.t1	g2613.t1	353	Yes	No
g2614.t1	g2614.t1	301	No	No
g2615.t1	g2615.t1	374	No	No
g2616.t1	g2616.t1	113	No	No
g2617.t1	g2617.t1	159	No	No
g2618.t2	g2618.t2	234	No	No
g2619.t1	g2619.t1	101	No	No
g2620.t1	g2620.t1	398	No	No
g2621.t1	g2621.t1	399	No	No
g2622.t1	g2622.t1	164	No	No
g2623.t1	g2623.t1	255	No	No
g2624.t1	g2624.t1	288	No	No
g2625.t1	g2625.t1	250	No	No
g2626.t1	g2626.t1	902	No	No
g2627.t1	g2627.t1	79	No	No
g2628.t1	g2628.t1	872	No	No
g2629.t1	g2629.t1	131	No	No
g2630.t1	g2630.t1	323	No	No
g2631.t1	g2631.t1	255	No	No
g2632.t1	g2632.t1	328	No	No
g2633.t1	g2633.t1	418	No	No
g2634.t1	g2634.t1	76	No	No
g2635.t1	g2635.t1	553	No	No
g2636.t1	g2636.t1	90	No	No
g2637.t1	g2637.t1	205	No	No
g2638.t1	g2638.t1	1175	No	No
g2639.t1	g2639.t1	66	No	No
g2640.t1	g2640.t1	120	No	No
g2641.t1	g2641.t1	136	No	No
g2642.t1	g2642.t1	147	No	No
g2643.t1	g2643.t1	78	No	No
g2644.t1	g2644.t1	107	No	No
g2645.t1	g2645.t1	101	No	No
g2646.t1	g2646.t1	316	Yes	No
g2647.t1	g2647.t1	1534	No	No
g2648.t1	g2648.t1	627	No	No
g2649.t1	g2649.t1	131	Yes	No
g2650.t1	g2650.t1	312	No	No
g2651.t1	g2651.t1	657	No	No
g2652.t1	g2652.t1	95	No	No
g2653.t1	g2653.t1	573	No	No
g2654.t1	g2654.t1	192	Yes	No
g2655.t1	g2655.t1	78	No	No
g2656.t2	g2656.t2	655	Yes	No
g2657.t1	g2657.t1	497	No	No
g2658.t1	g2658.t1	827	No	No
g2659.t1	g2659.t1	1259	No	No
g2660.t1	g2660.t1	160	No	No
g2661.t1	g2661.t1	129	No	No
g2662.t2	g2662.t2	949	No	No
g2663.t1	g2663.t1	93	No	No
g2664.t1	g2664.t1	120	No	No
g2665.t1	g2665.t1	64	Yes	No
g2666.t1	g2666.t1	269	No	No
g2667.t1	g2667.t1	728	Yes	No
g2668.t1	g2668.t1	168	No	No
g2669.t1	g2669.t1	263	No	No
g2670.t1	g2670.t1	1512	No	No
g2671.t1	g2671.t1	102	No	No
g2672.t1	g2672.t1	79	No	No
g2673.t1	g2673.t1	938	No	No
g2674.t1	g2674.t1	780	No	No
g2675.t1	g2675.t1	166	No	No
g2676.t1	g2676.t1	97	No	No
g2677.t1	g2677.t1	771	No	No
g2678.t1	g2678.t1	361	No	No
g2679.t1	g2679.t1	252	No	No
g2680.t1	g2680.t1	754	No	No
g2681.t1	g2681.t1	156	No	No
g2682.t1	g2682.t1	3003	No	No
g2683.t1	g2683.t1	84	Yes	No
g2684.t1	g2684.t1	519	No	No
g2685.t1	g2685.t1	1254	No	No
g2686.t1	g2686.t1	190	No	No
g2687.t1	g2687.t1	593	No	No
g2688.t1	g2688.t1	562	No	No
g2689.t1	g2689.t1	566	No	No
g2690.t1	g2690.t1	467	No	No
g2691.t1	g2691.t1	158	No	No
g2692.t1	g2692.t1	89	No	No
g2693.t1	g2693.t1	269	No	No
g2694.t1	g2694.t1	339	No	No
g2695.t1	g2695.t1	151	No	No
g2696.t1	g2696.t1	451	No	No
g2697.t1	g2697.t1	339	No	No
g2698.t1	g2698.t1	1149	No	No
g2699.t1	g2699.t1	494	No	No
g2700.t1	g2700.t1	162	No	No
g2701.t1	g2701.t1	287	No	No
g2702.t1	g2702.t1	170	Yes	No
g2703.t1	g2703.t1	87	No	No
g2704.t1	g2704.t1	101	No	No
g2705.t1	g2705.t1	79	No	No
g2706.t1	g2706.t1	184	No	No
g2707.t1	g2707.t1	183	No	No
g2708.t1	g2708.t1	721	No	No
g2709.t1	g2709.t1	1503	No	No
g2710.t1	g2710.t1	1498	No	No
g2711.t1	g2711.t1	670	No	No
g2712.t1	g2712.t1	208	No	No
g2713.t1	g2713.t1	102	No	No
g2714.t1	g2714.t1	541	No	No
g2715.t1	g2715.t1	121	No	No
g2716.t1	g2716.t1	101	No	No
g2717.t1	g2717.t1	853	Yes	No
g2718.t1	g2718.t1	115	No	No
g2719.t1	g2719.t1	292	No	No
g2720.t1	g2720.t1	192	No	No
g2721.t1	g2721.t1	240	No	No
g2722.t1	g2722.t1	180	No	No
g2723.t1	g2723.t1	271	No	No
g2724.t1	g2724.t1	404	No	No
g2725.t1	g2725.t1	179	No	No
g2726.t1	g2726.t1	66	No	No
g2727.t1	g2727.t1	89	No	No
g2728.t1	g2728.t1	230	No	No
g2729.t1	g2729.t1	104	No	No
g2730.t1	g2730.t1	200	No	No
g2731.t2	g2731.t2	190	No	No
g2732.t1	g2732.t1	129	No	No
g2733.t1	g2733.t1	825	No	No
g2734.t1	g2734.t1	468	No	No
g2735.t1	g2735.t1	318	No	No
g2736.t2	g2736.t2	4456	No	No
g2737.t1	g2737.t1	56	Yes	No
g2738.t1	g2738.t1	200	No	No
g2739.t1	g2739.t1	210	No	No
g2740.t1	g2740.t1	282	No	No
g2741.t1	g2741.t1	60	Yes	No
g2742.t1	g2742.t1	54	Yes	No
g2743.t1	g2743.t1	311	No	No
g2744.t1	g2744.t1	191	Yes	No
g2745.t1	g2745.t1	390	No	No
g2746.t1	g2746.t1	638	No	No
g2747.t1	g2747.t1	79	No	No
g2748.t1	g2748.t1	116	No	No
g2749.t1	g2749.t1	164	No	No
g2750.t1	g2750.t1	339	No	No
g2751.t1	g2751.t1	130	No	No
g2752.t1	g2752.t1	557	No	No
g2753.t1	g2753.t1	267	No	No
g2754.t1	g2754.t1	172	No	No
g2755.t1	g2755.t1	626	No	No
g2756.t1	g2756.t1	133	No	No
g2757.t1	g2757.t1	136	No	No
g2758.t1	g2758.t1	355	No	No
g2759.t1	g2759.t1	419	No	No
g2760.t1	g2760.t1	173	Yes	No
g2761.t1	g2761.t1	225	No	No
g2762.t1	g2762.t1	292	No	No
g2763.t1	g2763.t1	138	No	No
g2764.t1	g2764.t1	97	No	No
g2765.t1	g2765.t1	190	No	No
g2766.t1	g2766.t1	162	No	No
g2767.t1	g2767.t1	1338	No	No
g2768.t1	g2768.t1	471	No	No
g2769.t1	g2769.t1	12	Yes	No
g2770.t1	g2770.t1	233	No	No
g2771.t1	g2771.t1	188	No	No
g2772.t1	g2772.t1	518	No	No
g2773.t1	g2773.t1	198	No	No
g2774.t1	g2774.t1	91	No	No
g2775.t1	g2775.t1	134	No	No
g2776.t1	g2776.t1	660	No	No
g2777.t1	g2777.t1	81	No	No
g2778.t1	g2778.t1	126	No	No
g2779.t1	g2779.t1	67	No	No
g2780.t1	g2780.t1	570	No	No
g2781.t1	g2781.t1	271	No	No
g2782.t1	g2782.t1	417	No	No
g2783.t1	g2783.t1	168	No	No
g2784.t1	g2784.t1	412	No	No
g2785.t1	g2785.t1	61	Yes	No
g2786.t1	g2786.t1	274	No	No
g2787.t1	g2787.t1	838	No	No
g2788.t1	g2788.t1	536	No	No
g2789.t1	g2789.t1	955	No	No
g2790.t1	g2790.t1	165	No	No
g2791.t1	g2791.t1	1113	No	No
g2792.t1	g2792.t1	134	No	No
g2793.t1	g2793.t1	119	No	No
g2794.t1	g2794.t1	558	No	No
g2795.t1	g2795.t1	188	No	No
g2796.t1	g2796.t1	440	Yes	No
g2797.t1	g2797.t1	407	No	No
g2798.t1	g2798.t1	588	No	No
g2799.t1	g2799.t1	514	No	No
g2800.t1	g2800.t1	533	No	No
g2801.t1	g2801.t1	443	No	No
g2802.t1	g2802.t1	574	No	No
g2803.t1	g2803.t1	306	No	No
g2804.t1	g2804.t1	516	No	No
g2805.t1	g2805.t1	517	No	No
g2806.t1	g2806.t1	1168	No	No
g2807.t1	g2807.t1	252	No	No
g2808.t1	g2808.t1	294	No	No
g2809.t1	g2809.t1	33	Yes	No
g2810.t1	g2810.t1	633	Yes	No
g2811.t1	g2811.t1	1597	No	No
g2812.t1	g2812.t1	616	No	No
g2813.t1	g2813.t1	745	No	No
g2814.t1	g2814.t1	430	No	No
g2815.t1	g2815.t1	193	No	No
g2816.t1	g2816.t1	270	No	No
g2817.t1	g2817.t1	82	No	No
g2818.t1	g2818.t1	179	No	No
g2819.t1	g2819.t1	79	No	No
g2820.t1	g2820.t1	46	Yes	No
g2821.t1	g2821.t1	786	No	No
g2822.t1	g2822.t1	534	No	No
g2823.t1	g2823.t1	1191	No	No
g2824.t1	g2824.t1	126	No	No
g2825.t1	g2825.t1	131	No	No
g2826.t1	g2826.t1	358	No	No
g2827.t1	g2827.t1	104	No	No
g2828.t1	g2828.t1	136	No	No
g2829.t1	g2829.t1	116	No	No
g2830.t1	g2830.t1	110	No	No
g2831.t1	g2831.t1	98	No	No
g2832.t1	g2832.t1	318	No	No
g2833.t1	g2833.t1	677	Yes	No
g2834.t1	g2834.t1	231	No	No
g2835.t1	g2835.t1	62	Yes	No
g2836.t2	g2836.t2	213	No	No
g2837.t1	g2837.t1	92	No	No
g2838.t1	g2838.t1	581	No	No
g2839.t1	g2839.t1	173	No	No
g2840.t1	g2840.t1	303	No	No
g2841.t1	g2841.t1	149	No	No
g2842.t1	g2842.t1	55	Yes	No
g2843.t1	g2843.t1	408	No	No
g2844.t1	g2844.t1	408	No	No
g2845.t1	g2845.t1	107	No	No
g2846.t1	g2846.t1	231	No	No
g2847.t6	g2847.t6	1506	No	No
g2848.t1	g2848.t1	87	No	No
g2849.t1	g2849.t1	88	No	No
g2850.t1	g2850.t1	82	No	No
g2851.t1	g2851.t1	290	No	No
g2852.t1	g2852.t1	92	No	No
g2853.t1	g2853.t1	1197	No	No
g2854.t1	g2854.t1	266	No	No
g2855.t1	g2855.t1	51	No	No
g2856.t1	g2856.t1	567	No	No
g2857.t1	g2857.t1	169	No	No
g2858.t1	g2858.t1	112	No	No
g2859.t1	g2859.t1	1430	No	No
g2860.t1	g2860.t1	99	No	No
g2861.t1	g2861.t1	955	No	No
g2862.t1	g2862.t1	301	No	No
g2863.t1	g2863.t1	554	No	No
g2864.t1	g2864.t1	265	No	No
g2865.t1	g2865.t1	171	No	No
g2866.t1	g2866.t1	127	No	No
g2867.t3	g2867.t3	253	No	No
g2868.t1	g2868.t1	798	Yes	No
g2869.t1	g2869.t1	242	No	No
g2870.t1	g2870.t1	106	No	No
g2871.t1	g2871.t1	213	No	No
g2872.t1	g2872.t1	125	No	No
g2873.t1	g2873.t1	90	No	No
g2874.t1	g2874.t1	277	No	No
g2875.t1	g2875.t1	242	No	No
g2876.t1	g2876.t1	255	No	No
g2877.t1	g2877.t1	199	No	No
g2878.t1	g2878.t1	431	No	No
g2879.t1	g2879.t1	554	No	No
g2880.t1	g2880.t1	535	No	No
g2881.t1	g2881.t1	233	No	No
g2882.t1	g2882.t1	172	No	No
g2883.t1	g2883.t1	3989	Yes	No
g2884.t1	g2884.t1	111	No	No
g2885.t1	g2885.t1	95	No	No
g2886.t1	g2886.t1	319	No	No
g2887.t1	g2887.t1	317	No	No
g2888.t1	g2888.t1	91	No	No
g2889.t3	g2889.t3	15215	Yes	No
g2890.t1	g2890.t1	353	No	No
g2891.t1	g2891.t1	676	No	No
g2892.t1	g2892.t1	96	No	No
g2893.t1	g2893.t1	560	No	No
g2894.t1	g2894.t1	241	No	No
g2895.t1	g2895.t1	108	No	No
g2896.t1	g2896.t1	83	No	No
g2897.t1	g2897.t1	111	No	No
g2898.t1	g2898.t1	503	Yes	No
g2899.t1	g2899.t1	944	No	No
g2900.t1	g2900.t1	107	No	No
g2901.t1	g2901.t1	132	No	No
g2902.t1	g2902.t1	121	No	No
g2903.t1	g2903.t1	951	No	No
g2904.t1	g2904.t1	360	No	No
g2905.t1	g2905.t1	392	No	No
g2906.t1	g2906.t1	74	No	No
g2907.t1	g2907.t1	249	No	No
g2908.t1	g2908.t1	270	No	No
g2909.t1	g2909.t1	127	No	No
g2910.t1	g2910.t1	1165	No	No
g2911.t1	g2911.t1	280	No	No
g2912.t1	g2912.t1	234	No	No
g2913.t1	g2913.t1	208	No	No
g2914.t1	g2914.t1	418	No	No
g2915.t1	g2915.t1	231	No	No
g2916.t1	g2916.t1	231	No	No
g2917.t1	g2917.t1	148	No	No
g2918.t1	g2918.t1	113	No	No
g2919.t1	g2919.t1	79	No	No
g2920.t1	g2920.t1	254	No	No
g2921.t1	g2921.t1	403	No	No
g2922.t1	g2922.t1	281	No	No
g2923.t1	g2923.t1	1035	No	No
g2924.t1	g2924.t1	542	No	No
g2925.t1	g2925.t1	533	No	No
g2926.t1	g2926.t1	1111	No	No
g2927.t1	g2927.t1	484	No	No
g2928.t1	g2928.t1	135	No	No
g2929.t1	g2929.t1	121	No	No
g2930.t1	g2930.t1	456	No	No
g2931.t1	g2931.t1	146	No	No
g2932.t1	g2932.t1	294	No	No
g2933.t1	g2933.t1	346	No	No
g2934.t2	g2934.t2	365	No	No
g2935.t1	g2935.t1	173	No	No
g2936.t1	g2936.t1	307	No	No
g2937.t1	g2937.t1	101	No	No
g2938.t1	g2938.t1	618	Yes	No
g2939.t1	g2939.t1	50	Yes	No
g2940.t1	g2940.t1	85	No	No
g2941.t1	g2941.t1	98	No	No
g2942.t1	g2942.t1	842	No	No
g2943.t1	g2943.t1	76	No	No
g2944.t1	g2944.t1	1962	No	No
g2945.t1	g2945.t1	364	No	No
g2946.t1	g2946.t1	151	No	No
g2947.t1	g2947.t1	93	Yes	No
g2948.t1	g2948.t1	161	No	No
g2949.t1	g2949.t1	107	No	No
g2950.t1	g2950.t1	172	No	No
g2951.t1	g2951.t1	81	Yes	No
g2952.t1	g2952.t1	35	Yes	No
g2953.t1	g2953.t1	290	No	No
g2954.t1	g2954.t1	273	No	No
g2955.t1	g2955.t1	179	No	No
g2956.t1	g2956.t1	75	No	No
g2957.t1	g2957.t1	19	No	No
g2958.t1	g2958.t1	259	No	No
g2959.t1	g2959.t1	66	No	No
g2960.t1	g2960.t1	879	No	No
g2961.t1	g2961.t1	111	No	No
g2962.t1	g2962.t1	655	No	No
g2963.t1	g2963.t1	218	No	No
g2964.t1	g2964.t1	148	No	No
g2965.t1	g2965.t1	192	No	No
g2966.t1	g2966.t1	71	No	No
g2967.t1	g2967.t1	96	No	No
g2968.t1	g2968.t1	70	No	No
g2969.t1	g2969.t1	306	No	No
g2970.t1	g2970.t1	305	No	No
g2971.t1	g2971.t1	92	No	No
g2972.t1	g2972.t1	275	No	No
g2973.t1	g2973.t1	273	No	No
g2974.t1	g2974.t1	677	No	No
g2975.t1	g2975.t1	1733	Yes	No
g2976.t1	g2976.t1	384	No	No
g2977.t1	g2977.t1	363	No	No
g2978.t1	g2978.t1	533	No	No
g2979.t1	g2979.t1	764	No	No
g2980.t1	g2980.t1	186	No	No
g2981.t1	g2981.t1	98	No	No
g2982.t1	g2982.t1	110	No	No
g2983.t1	g2983.t1	104	No	No
g2984.t1	g2984.t1	590	No	No
g2985.t1	g2985.t1	306	No	No
g2986.t1	g2986.t1	420	No	No
g2987.t1	g2987.t1	407	No	No
g2988.t1	g2988.t1	481	No	No
g2989.t1	g2989.t1	190	No	No
g2990.t1	g2990.t1	534	No	No
g2991.t1	g2991.t1	144	Yes	No
g2992.t1	g2992.t1	77	No	No
g2993.t2	g2993.t2	134	No	No
g2994.t1	g2994.t1	115	No	No
g2995.t1	g2995.t1	156	No	No
g2996.t2	g2996.t2	521	No	No
g2997.t1	g2997.t1	1064	Yes	No
g2998.t1	g2998.t1	87	No	No
g2999.t1	g2999.t1	131	No	No
g3000.t1	g3000.t1	107	No	No
g3001.t1	g3001.t1	970	No	No
g3002.t1	g3002.t1	387	No	No
g3003.t1	g3003.t1	114	No	No
g3004.t1	g3004.t1	93	No	No
g3005.t1	g3005.t1	73	No	No
g3006.t1	g3006.t1	217	No	No
g3007.t1	g3007.t1	101	No	No
g3008.t1	g3008.t1	138	No	No
g3009.t1	g3009.t1	96	No	No
g3010.t1	g3010.t1	246	No	No
g3011.t1	g3011.t1	767	No	No
g3012.t1	g3012.t1	250	No	No
g3013.t2	g3013.t2	587	No	No
g3014.t1	g3014.t1	115	No	No
g3015.t1	g3015.t1	549	No	No
g3016.t1	g3016.t1	261	No	No
g3017.t1	g3017.t1	71	No	No
g3018.t1	g3018.t1	626	No	No
g3019.t1	g3019.t1	98	No	No
g3020.t1	g3020.t1	42	No	No
g3021.t1	g3021.t1	143	No	No
g3022.t1	g3022.t1	83	No	No
g3023.t1	g3023.t1	498	No	No
g3024.t1	g3024.t1	123	No	No
g3025.t1	g3025.t1	254	No	No
g3026.t1	g3026.t1	646	No	No
g3027.t1	g3027.t1	129	No	No
g3028.t1	g3028.t1	376	No	No
g3029.t1	g3029.t1	58	Yes	No
g3030.t1	g3030.t1	71	No	No
g3031.t1	g3031.t1	99	Yes	No
g3032.t1	g3032.t1	129	No	No
g3033.t1	g3033.t1	184	No	No
g3034.t1	g3034.t1	413	No	No
g3035.t1	g3035.t1	592	Yes	No
g3036.t1	g3036.t1	620	No	No
g3037.t1	g3037.t1	102	No	No
g3038.t1	g3038.t1	369	No	No
g3039.t1	g3039.t1	330	No	No
g3040.t1	g3040.t1	131	No	No
g3041.t1	g3041.t1	93	No	No
g3042.t1	g3042.t1	140	No	No
g3043.t1	g3043.t1	109	No	No
g3044.t1	g3044.t1	70	No	No
g3045.t1	g3045.t1	200	No	No
g3046.t1	g3046.t1	171	No	No
g3047.t1	g3047.t1	136	No	No
g3048.t1	g3048.t1	75	No	No
g3049.t1	g3049.t1	156	No	No
g3050.t1	g3050.t1	348	No	No
g3051.t1	g3051.t1	431	No	No
g3052.t1	g3052.t1	690	No	No
g3053.t1	g3053.t1	151	No	No
g3054.t1	g3054.t1	1511	No	No
g3055.t1	g3055.t1	226	No	No
g3056.t1	g3056.t1	500	No	No
g3057.t1	g3057.t1	1262	No	No
g3058.t1	g3058.t1	109	No	No
g3059.t1	g3059.t1	94	No	No
g3060.t1	g3060.t1	66	No	No
g3061.t1	g3061.t1	73	No	No
g3062.t1	g3062.t1	166	No	No
g3063.t1	g3063.t1	73	No	No
g3064.t1	g3064.t1	160	No	No
g3065.t1	g3065.t1	127	No	No
g3066.t1	g3066.t1	168	No	No
g3067.t1	g3067.t1	473	No	No
g3068.t1	g3068.t1	192	No	No
g3069.t1	g3069.t1	315	No	No
g3070.t1	g3070.t1	252	No	No
g3071.t1	g3071.t1	175	No	No
g3072.t1	g3072.t1	183	No	No
g3073.t1	g3073.t1	482	No	No
g3074.t1	g3074.t1	545	No	No
g3075.t1	g3075.t1	144	No	No
g3076.t1	g3076.t1	51	No	No
g3077.t1	g3077.t1	430	No	No
g3078.t1	g3078.t1	134	No	No
g3079.t1	g3079.t1	163	No	No
g3080.t1	g3080.t1	140	No	No
g3081.t1	g3081.t1	392	No	No
g3082.t1	g3082.t1	209	No	No
g3083.t1	g3083.t1	461	Yes	No
g3084.t1	g3084.t1	134	No	No
g3085.t1	g3085.t1	66	No	No
g3086.t1	g3086.t1	103	No	No
g3087.t1	g3087.t1	113	No	No
g3088.t1	g3088.t1	128	No	No
g3089.t1	g3089.t1	273	No	No
g3090.t1	g3090.t1	215	No	No
g3091.t1	g3091.t1	87	No	No
g3092.t1	g3092.t1	350	No	No
g3093.t1	g3093.t1	777	No	No
g3094.t1	g3094.t1	110	No	No
g3095.t1	g3095.t1	146	No	No
g3096.t1	g3096.t1	715	No	No
g3097.t1	g3097.t1	238	No	No
g3098.t1	g3098.t1	511	No	No
g3099.t1	g3099.t1	254	No	No
g3100.t1	g3100.t1	279	No	No
g3101.t1	g3101.t1	450	No	No
g3102.t1	g3102.t1	106	No	No
g3103.t1	g3103.t1	72	No	No
g3104.t1	g3104.t1	140	No	No
g3105.t1	g3105.t1	444	No	No
g3106.t1	g3106.t1	380	No	No
g3107.t1	g3107.t1	811	No	No
g3108.t1	g3108.t1	741	No	No
g3109.t1	g3109.t1	569	No	No
g3110.t1	g3110.t1	278	No	No
g3111.t1	g3111.t1	285	No	No
g3112.t1	g3112.t1	505	No	No
g3113.t1	g3113.t1	449	No	No
g3114.t1	g3114.t1	1228	No	No
g3115.t2	g3115.t2	164	No	No
g3116.t1	g3116.t1	411	No	No
g3117.t1	g3117.t1	86	No	No
g3118.t1	g3118.t1	350	No	No
g3119.t1	g3119.t1	126	No	No
g3120.t1	g3120.t1	298	No	No
g3121.t1	g3121.t1	693	No	No
g3122.t1	g3122.t1	149	No	No
g3123.t1	g3123.t1	130	No	No
g3124.t1	g3124.t1	669	Yes	No
g3125.t1	g3125.t1	125	Yes	No
g3126.t1	g3126.t1	126	No	No
g3127.t1	g3127.t1	322	No	No
g3128.t1	g3128.t1	538	No	No
g3129.t1	g3129.t1	160	No	No
g3130.t1	g3130.t1	127	No	No
g3131.t1	g3131.t1	479	No	No
g3132.t1	g3132.t1	382	No	No
g3133.t1	g3133.t1	140	No	No
g3134.t1	g3134.t1	100	No	No
g3135.t1	g3135.t1	74	No	No
g3136.t1	g3136.t1	157	No	No
g3137.t1	g3137.t1	133	No	No
g3138.t1	g3138.t1	143	No	No
g3139.t1	g3139.t1	80	No	No
g3140.t1	g3140.t1	192	No	No
g3141.t1	g3141.t1	621	No	No
g3142.t1	g3142.t1	226	No	No
g3143.t1	g3143.t1	119	No	No
g3144.t1	g3144.t1	220	No	No
g3145.t1	g3145.t1	68	Yes	No
g3146.t1	g3146.t1	66	No	No
g3147.t1	g3147.t1	143	No	No
g3148.t1	g3148.t1	220	No	No
g3149.t1	g3149.t1	234	No	No
g3150.t1	g3150.t1	293	No	No
g3151.t1	g3151.t1	243	No	No
g3152.t1	g3152.t1	334	No	No
g3153.t1	g3153.t1	859	No	No
g3154.t1	g3154.t1	492	No	No
g3155.t1	g3155.t1	753	No	No
g3156.t1	g3156.t1	234	No	No
g3157.t1	g3157.t1	78	No	No
g3158.t1	g3158.t1	170	Yes	No
g3159.t1	g3159.t1	79	No	No
g3160.t1	g3160.t1	545	No	No
g3161.t1	g3161.t1	132	No	No
g3162.t1	g3162.t1	147	No	No
g3163.t2	g3163.t2	404	No	No
g3164.t1	g3164.t1	224	No	No
g3165.t1	g3165.t1	1512	No	No
g3166.t1	g3166.t1	186	No	No
g3167.t1	g3167.t1	682	No	No
g3168.t1	g3168.t1	346	No	No
g3169.t1	g3169.t1	214	No	No
g3170.t1	g3170.t1	297	No	No
g3171.t1	g3171.t1	594	No	No
g3172.t1	g3172.t1	709	No	No
g3173.t1	g3173.t1	399	No	No
g3174.t1	g3174.t1	756	No	No
g3175.t1	g3175.t1	90	No	No
g3176.t1	g3176.t1	186	No	No
g3177.t1	g3177.t1	230	No	No
g3178.t1	g3178.t1	105	No	No
g3179.t1	g3179.t1	75	No	No
g3180.t1	g3180.t1	281	No	No
g3181.t1	g3181.t1	1186	No	No
g3182.t1	g3182.t1	402	No	No
g3183.t1	g3183.t1	135	No	No
g3184.t1	g3184.t1	95	Yes	No
g3185.t1	g3185.t1	649	No	No
g3186.t1	g3186.t1	577	No	No
g3187.t1	g3187.t1	280	No	No
g3188.t1	g3188.t1	223	No	No
g3189.t1	g3189.t1	119	No	No
g3190.t1	g3190.t1	271	No	No
g3191.t1	g3191.t1	1794	No	No
g3192.t1	g3192.t1	1792	No	No
g3193.t1	g3193.t1	175	No	No
g3194.t1	g3194.t1	83	No	No
g3195.t1	g3195.t1	1041	No	No
g3196.t1	g3196.t1	1774	No	No
g3197.t1	g3197.t1	1264	No	No
g3198.t2	g3198.t2	802	No	No
g3199.t1	g3199.t1	211	No	No
g3200.t1	g3200.t1	231	No	No
g3201.t1	g3201.t1	95	No	No
g3202.t1	g3202.t1	356	No	No
g3203.t2	g3203.t2	1021	No	No
g3204.t1	g3204.t1	301	No	No
g3205.t1	g3205.t1	360	Yes	No
g3206.t1	g3206.t1	1082	No	No
g3207.t1	g3207.t1	120	No	No
g3208.t1	g3208.t1	107	No	No
g3209.t1	g3209.t1	604	No	No
g3210.t1	g3210.t1	1992	No	No
g3211.t1	g3211.t1	594	No	No
g3212.t1	g3212.t1	213	No	No
g3213.t1	g3213.t1	324	No	No
g3214.t1	g3214.t1	209	No	No
g3215.t1	g3215.t1	500	No	No
g3216.t1	g3216.t1	222	No	No
g3217.t1	g3217.t1	480	No	No
g3218.t1	g3218.t1	307	No	No
g3219.t1	g3219.t1	367	No	No
g3220.t1	g3220.t1	115	No	No
g3221.t1	g3221.t1	70	No	No
g3222.t1	g3222.t1	149	No	No
g3223.t1	g3223.t1	108	No	No
g3224.t1	g3224.t1	106	No	No
g3225.t2	g3225.t2	335	No	No
g3226.t1	g3226.t1	90	No	No
g3227.t1	g3227.t1	196	No	No
g3228.t1	g3228.t1	271	No	No
g3229.t1	g3229.t1	40	No	No
g3230.t1	g3230.t1	92	No	No
g3231.t1	g3231.t1	92	No	No
g3232.t1	g3232.t1	502	No	No
g3233.t1	g3233.t1	123	No	No
g3234.t1	g3234.t1	167	No	No
g3235.t1	g3235.t1	185	No	No
g3236.t1	g3236.t1	137	No	No
g3237.t1	g3237.t1	371	No	No
g3238.t1	g3238.t1	872	No	No
g3239.t1	g3239.t1	78	No	No
g3240.t1	g3240.t1	945	No	No
g3241.t1	g3241.t1	2670	No	No
g3242.t1	g3242.t1	110	No	No
g3243.t1	g3243.t1	142	No	No
g3244.t1	g3244.t1	183	No	No
g3245.t1	g3245.t1	76	No	No
g3246.t1	g3246.t1	102	No	No
g3247.t1	g3247.t1	631	No	No
g3248.t1	g3248.t1	95	No	No
g3249.t1	g3249.t1	104	No	No
g3250.t1	g3250.t1	88	No	No
g3251.t1	g3251.t1	164	No	No
g3252.t1	g3252.t1	624	No	No
g3253.t1	g3253.t1	1463	No	No
g3254.t1	g3254.t1	272	No	No
g3255.t1	g3255.t1	122	No	No
g3256.t1	g3256.t1	76	No	No
g3257.t1	g3257.t1	188	No	No
g3258.t1	g3258.t1	64	No	No
g3259.t1	g3259.t1	142	No	No
g3260.t1	g3260.t1	243	No	No
g3261.t1	g3261.t1	107	No	No
g3262.t1	g3262.t1	109	No	No
g3263.t1	g3263.t1	146	No	No
g3264.t1	g3264.t1	375	No	No
g3265.t1	g3265.t1	282	No	No
g3266.t1	g3266.t1	95	No	No
g3267.t1	g3267.t1	436	No	No
g3268.t1	g3268.t1	67	No	No
g3269.t1	g3269.t1	86	No	No
g3270.t1	g3270.t1	439	No	No
g3271.t1	g3271.t1	653	No	No
g3272.t1	g3272.t1	360	Yes	No
g3273.t1	g3273.t1	109	No	No
g3274.t1	g3274.t1	205	No	No
g3275.t1	g3275.t1	768	Yes	No
g3276.t1	g3276.t1	202	No	No
g3277.t1	g3277.t1	217	No	No
g3278.t1	g3278.t1	105	No	No
g3279.t1	g3279.t1	176	No	No
g3280.t1	g3280.t1	713	No	No
g3281.t1	g3281.t1	583	No	No
g3282.t1	g3282.t1	477	No	No
g3283.t1	g3283.t1	796	No	No
g3284.t1	g3284.t1	1188	No	No
g3285.t1	g3285.t1	129	No	No
g3286.t1	g3286.t1	483	No	No
g3287.t1	g3287.t1	94	No	No
g3288.t1	g3288.t1	586	No	No
g3289.t1	g3289.t1	226	No	No
g3290.t1	g3290.t1	58	No	No
g3291.t1	g3291.t1	66	No	No
g3292.t1	g3292.t1	66	No	No
g3293.t1	g3293.t1	4209	No	No
g3294.t1	g3294.t1	524	No	No
g3295.t1	g3295.t1	485	No	No
g3296.t1	g3296.t1	211	No	No
g3297.t1	g3297.t1	226	No	No
g3298.t1	g3298.t1	372	No	No
g3299.t1	g3299.t1	288	No	No
g3300.t1	g3300.t1	235	No	No
g3301.t1	g3301.t1	215	No	No
g3302.t1	g3302.t1	425	No	No
g3303.t1	g3303.t1	404	No	No
g3304.t1	g3304.t1	97	Yes	No
g3305.t1	g3305.t1	1321	No	No
g3306.t2	g3306.t2	316	Yes	No
g3307.t1	g3307.t1	474	No	No
g3308.t2	g3308.t2	455	No	No
g3309.t1	g3309.t1	105	No	No
g3310.t1	g3310.t1	292	No	No
g3311.t1	g3311.t1	167	No	No
g3312.t1	g3312.t1	91	No	No
g3313.t1	g3313.t1	177	No	No
g3314.t1	g3314.t1	145	No	No
g3315.t1	g3315.t1	194	No	No
g3316.t1	g3316.t1	68	No	No
g3317.t1	g3317.t1	97	No	No
g3318.t1	g3318.t1	206	No	No
g3319.t1	g3319.t1	1166	No	No
g3320.t1	g3320.t1	246	No	No
g3321.t1	g3321.t1	204	No	No
g3322.t1	g3322.t1	215	No	No
g3323.t1	g3323.t1	1046	No	No
g3324.t1	g3324.t1	2433	No	No
g3325.t1	g3325.t1	170	No	No
g3326.t1	g3326.t1	277	No	No
g3327.t1	g3327.t1	26	Yes	No
g3328.t1	g3328.t1	951	No	No
g3329.t1	g3329.t1	261	No	No
g3330.t1	g3330.t1	287	No	No
g3331.t1	g3331.t1	75	No	No
g3332.t1	g3332.t1	460	No	No
g3333.t1	g3333.t1	86	No	No
g3334.t1	g3334.t1	363	Yes	No
g3335.t1	g3335.t1	332	No	No
g3336.t1	g3336.t1	213	No	No
g3337.t1	g3337.t1	352	No	No
g3338.t1	g3338.t1	448	No	No
g3339.t1	g3339.t1	82	No	No
g3340.t1	g3340.t1	1468	No	No
g3341.t1	g3341.t1	81	No	No
g3342.t1	g3342.t1	119	No	No
g3343.t1	g3343.t1	340	No	No
g3344.t1	g3344.t1	443	Yes	No
g3345.t1	g3345.t1	553	No	No
g3346.t1	g3346.t1	143	No	No
g3347.t1	g3347.t1	578	No	No
g3348.t1	g3348.t1	790	No	No
g3349.t1	g3349.t1	317	No	No
g3350.t1	g3350.t1	509	No	No
g3351.t1	g3351.t1	412	No	No
g3352.t1	g3352.t1	126	No	No
g3353.t1	g3353.t1	106	No	No
g3354.t1	g3354.t1	339	No	No
g3355.t1	g3355.t1	1279	No	No
g3356.t1	g3356.t1	119	No	No
g3357.t1	g3357.t1	75	No	No
g3358.t1	g3358.t1	73	No	No
g3359.t1	g3359.t1	156	No	No
g3360.t1	g3360.t1	717	No	No
g3361.t1	g3361.t1	631	No	No
g3362.t1	g3362.t1	351	No	No
g3363.t1	g3363.t1	575	No	No
g3364.t1	g3364.t1	306	No	No
g3365.t1	g3365.t1	271	No	No
g3366.t1	g3366.t1	129	No	No
g3367.t1	g3367.t1	727	No	No
g3368.t1	g3368.t1	369	No	No
g3369.t1	g3369.t1	223	No	No
g3370.t1	g3370.t1	2262	No	No
g3371.t1	g3371.t1	431	No	No
g3372.t1	g3372.t1	114	No	No
g3373.t1	g3373.t1	78	No	No
g3374.t1	g3374.t1	137	No	No
g3375.t1	g3375.t1	1137	No	No
g3376.t2	g3376.t2	1187	No	No
g3377.t1	g3377.t1	203	Yes	No
g3378.t1	g3378.t1	1501	No	No
g3379.t1	g3379.t1	104	Yes	No
g3380.t1	g3380.t1	483	No	No
g3381.t1	g3381.t1	91	No	No
g3382.t1	g3382.t1	397	No	No
g3383.t1	g3383.t1	314	No	No
g3384.t1	g3384.t1	353	No	No
g3385.t1	g3385.t1	112	No	No
g3386.t1	g3386.t1	194	No	No
g3387.t1	g3387.t1	95	No	No
g3388.t1	g3388.t1	238	No	No
g3389.t1	g3389.t1	442	No	No
g3390.t1	g3390.t1	382	No	No
g3391.t1	g3391.t1	288	No	No
g3392.t1	g3392.t1	678	Yes	No
g3393.t1	g3393.t1	83	No	No
g3394.t1	g3394.t1	77	No	No
g3395.t1	g3395.t1	527	No	No
g3396.t1	g3396.t1	162	No	No
g3397.t1	g3397.t1	93	No	No
g3398.t1	g3398.t1	211	No	No
g3399.t1	g3399.t1	67	No	No
g3400.t1	g3400.t1	381	No	No
g3401.t2	g3401.t2	611	No	No
g3402.t1	g3402.t1	624	No	No
g3403.t1	g3403.t1	251	No	No
g3404.t1	g3404.t1	452	No	No
g3405.t1	g3405.t1	432	No	No
g3406.t1	g3406.t1	78	No	No
g3407.t1	g3407.t1	406	Yes	No
g3408.t1	g3408.t1	158	No	No
g3409.t1	g3409.t1	61	Yes	No
g3410.t1	g3410.t1	783	No	No
g3411.t1	g3411.t1	91	Yes	No
g3412.t1	g3412.t1	1079	No	No
g3413.t1	g3413.t1	267	No	No
g3414.t1	g3414.t1	89	No	No
g3415.t1	g3415.t1	388	No	No
g3416.t1	g3416.t1	390	No	No
g3417.t1	g3417.t1	427	No	No
g3418.t1	g3418.t1	101	No	No
g3419.t1	g3419.t1	139	Yes	No
g3420.t1	g3420.t1	99	No	No
g3421.t1	g3421.t1	440	No	No
g3422.t1	g3422.t1	103	No	No
g3423.t1	g3423.t1	52	Yes	No
g3424.t1	g3424.t1	129	Yes	No
g3425.t1	g3425.t1	98	No	No
g3426.t1	g3426.t1	387	No	No
g3427.t1	g3427.t1	168	No	No
g3428.t1	g3428.t1	244	No	No
g3429.t1	g3429.t1	127	No	No
g3430.t1	g3430.t1	320	No	No
g3431.t1	g3431.t1	715	No	No
g3432.t1	g3432.t1	680	No	No
g3433.t1	g3433.t1	209	No	No
g3434.t1	g3434.t1	216	No	No
g3435.t1	g3435.t1	971	No	No
g3436.t1	g3436.t1	614	No	No
g3437.t1	g3437.t1	419	No	No
g3438.t1	g3438.t1	62	Yes	No
g3439.t1	g3439.t1	161	No	No
g3440.t1	g3440.t1	385	No	No
g3441.t1	g3441.t1	401	No	No
g3442.t1	g3442.t1	513	No	No
g3443.t1	g3443.t1	482	No	No
g3444.t1	g3444.t1	535	No	No
g3445.t1	g3445.t1	93	No	No
g3446.t1	g3446.t1	149	No	No
g3447.t1	g3447.t1	120	No	No
g3448.t1	g3448.t1	162	No	No
g3449.t1	g3449.t1	93	No	No
g3450.t1	g3450.t1	95	No	No
g3451.t1	g3451.t1	117	No	No
g3452.t1	g3452.t1	439	Yes	No
g3453.t1	g3453.t1	220	No	No
g3454.t1	g3454.t1	101	No	No
g3455.t1	g3455.t1	80	No	No
g3456.t1	g3456.t1	654	No	No
g3457.t1	g3457.t1	404	No	No
g3458.t1	g3458.t1	287	Yes	No
g3459.t1	g3459.t1	118	No	No
g3460.t2	g3460.t2	466	No	No
g3461.t1	g3461.t1	265	No	No
g3462.t1	g3462.t1	176	No	No
g3463.t1	g3463.t1	72	No	No
g3464.t1	g3464.t1	115	No	No
g3465.t1	g3465.t1	394	No	No
g3466.t1	g3466.t1	62	No	No
g3467.t1	g3467.t1	618	No	No
g3468.t1	g3468.t1	111	No	No
g3469.t1	g3469.t1	100	No	No
g3470.t1	g3470.t1	249	No	No
g3471.t1	g3471.t1	364	No	No
g3472.t1	g3472.t1	2165	No	No
g3473.t1	g3473.t1	932	No	No
g3474.t1	g3474.t1	91	No	No
g3475.t1	g3475.t1	69	No	No
g3476.t1	g3476.t1	343	Yes	No
g3477.t1	g3477.t1	85	No	No
g3478.t1	g3478.t1	70	No	No
g3479.t1	g3479.t1	430	No	No
g3480.t1	g3480.t1	141	No	No
g3481.t1	g3481.t1	419	No	No
g3482.t1	g3482.t1	684	No	No
g3483.t1	g3483.t1	110	No	No
g3484.t1	g3484.t1	182	No	No
g3485.t2	g3485.t2	394	No	No
g3486.t1	g3486.t1	493	No	No
g3487.t1	g3487.t1	588	No	No
g3488.t1	g3488.t1	447	No	No
g3489.t1	g3489.t1	529	No	No
g3490.t1	g3490.t1	110	No	No
g3491.t1	g3491.t1	101	No	No
g3492.t1	g3492.t1	111	No	No
g3493.t1	g3493.t1	144	No	No
g3494.t2	g3494.t2	442	No	No
g3495.t1	g3495.t1	182	No	No
g3496.t1	g3496.t1	179	No	No
g3497.t1	g3497.t1	633	No	No
g3498.t1	g3498.t1	314	No	No
g3499.t1	g3499.t1	295	No	No
g3500.t1	g3500.t1	637	No	No
g3501.t2	g3501.t2	1396	No	No
g3502.t1	g3502.t1	382	No	No
g3503.t1	g3503.t1	188	No	No
g3504.t1	g3504.t1	118	No	No
g3505.t1	g3505.t1	259	No	No
g3506.t1	g3506.t1	90	No	No
g3507.t1	g3507.t1	102	No	No
g3508.t1	g3508.t1	1497	No	No
g3509.t1	g3509.t1	316	No	No
g3510.t1	g3510.t1	438	No	No
g3511.t1	g3511.t1	203	No	No
g3512.t1	g3512.t1	75	No	No
g3513.t1	g3513.t1	115	No	No
g3514.t1	g3514.t1	253	Yes	No
g3515.t1	g3515.t1	80	No	No
g3516.t1	g3516.t1	170	No	No
g3517.t1	g3517.t1	114	No	No
g3518.t1	g3518.t1	93	No	No
g3519.t1	g3519.t1	135	No	No
g3520.t1	g3520.t1	647	No	No
g3521.t1	g3521.t1	73	No	No
g3522.t1	g3522.t1	283	No	No
g3523.t1	g3523.t1	95	No	No
g3524.t1	g3524.t1	78	No	No
g3525.t1	g3525.t1	128	No	No
g3526.t1	g3526.t1	179	No	No
g3527.t1	g3527.t1	483	No	No
g3528.t1	g3528.t1	690	No	No
g3529.t1	g3529.t1	70	No	No
g3530.t1	g3530.t1	292	No	No
g3531.t1	g3531.t1	256	No	No
g3532.t1	g3532.t1	97	No	No
g3533.t1	g3533.t1	113	No	No
g3534.t1	g3534.t1	742	Yes	No
g3535.t1	g3535.t1	429	No	No
g3536.t1	g3536.t1	360	No	No
g3537.t1	g3537.t1	396	No	No
g3538.t1	g3538.t1	369	No	No
g3539.t1	g3539.t1	245	No	No
g3540.t1	g3540.t1	55	Yes	No
g3541.t1	g3541.t1	313	No	No
g3542.t1	g3542.t1	454	No	No
g3543.t1	g3543.t1	387	No	No
g3544.t1	g3544.t1	406	No	No
g3545.t1	g3545.t1	109	No	No
g3546.t1	g3546.t1	704	No	No
g3547.t1	g3547.t1	338	No	No
g3548.t1	g3548.t1	502	No	No
g3549.t2	g3549.t2	135	No	No
g3550.t1	g3550.t1	109	No	No
g3551.t1	g3551.t1	110	No	No
g3552.t1	g3552.t1	96	No	No
g3553.t1	g3553.t1	282	No	No
g3554.t1	g3554.t1	222	No	No
g3555.t1	g3555.t1	523	No	No
g3556.t1	g3556.t1	361	No	No
g3557.t1	g3557.t1	660	No	No
g3558.t1	g3558.t1	632	No	No
g3559.t1	g3559.t1	906	No	No
g3560.t1	g3560.t1	89	No	No
g3561.t1	g3561.t1	53	Yes	No
g3562.t1	g3562.t1	150	No	No
g3563.t1	g3563.t1	80	No	No
g3564.t1	g3564.t1	95	No	No
g3565.t2	g3565.t2	141	No	No
g3566.t1	g3566.t1	733	No	No
g3567.t1	g3567.t1	149	No	No
g3568.t3	g3568.t3	646	No	No
g3569.t1	g3569.t1	77	No	No
g3570.t1	g3570.t1	301	No	No
g3571.t2	g3571.t2	963	No	No
g3572.t1	g3572.t1	378	No	No
g3573.t1	g3573.t1	344	No	No
g3574.t1	g3574.t1	1154	No	No
g3575.t1	g3575.t1	537	No	No
g3576.t2	g3576.t2	794	No	No
g3577.t1	g3577.t1	118	No	No
g3578.t1	g3578.t1	69	No	No
g3579.t1	g3579.t1	703	No	No
g3580.t1	g3580.t1	218	No	No
g3581.t1	g3581.t1	180	No	No
g3582.t1	g3582.t1	622	No	No
g3583.t1	g3583.t1	236	No	No
g3584.t1	g3584.t1	203	No	No
g3585.t1	g3585.t1	482	No	No
g3586.t1	g3586.t1	112	No	No
g3587.t1	g3587.t1	402	No	No
g3588.t2	g3588.t2	709	No	No
g3589.t1	g3589.t1	113	No	No
g3590.t1	g3590.t1	89	No	No
g3591.t1	g3591.t1	434	No	No
g3592.t1	g3592.t1	65	Yes	No
g3593.t1	g3593.t1	83	Yes	No
g3594.t1	g3594.t1	109	No	No
g3595.t1	g3595.t1	139	No	No
g3596.t1	g3596.t1	1441	No	No
g3597.t1	g3597.t1	152	No	No
g3598.t1	g3598.t1	633	No	No
g3599.t1	g3599.t1	294	No	No
g3600.t1	g3600.t1	79	Yes	No
g3601.t1	g3601.t1	383	No	No
g3602.t1	g3602.t1	276	No	No
g3603.t1	g3603.t1	957	No	No
g3604.t1	g3604.t1	160	No	No
g3605.t1	g3605.t1	97	No	No
g3606.t1	g3606.t1	166	No	No
g3607.t1	g3607.t1	374	No	No
g3608.t1	g3608.t1	118	No	No
g3609.t1	g3609.t1	537	No	No
g3610.t1	g3610.t1	168	No	No
g3611.t1	g3611.t1	568	No	No
g3612.t1	g3612.t1	81	No	No
g3613.t1	g3613.t1	439	No	No
g3614.t1	g3614.t1	124	Yes	No
g3615.t1	g3615.t1	187	Yes	No
g3616.t1	g3616.t1	442	No	No
g3617.t1	g3617.t1	166	No	No
g3618.t1	g3618.t1	1948	No	No
g3619.t1	g3619.t1	155	No	No
g3620.t1	g3620.t1	926	No	No
g3621.t1	g3621.t1	952	No	No
g3622.t1	g3622.t1	120	No	No
g3623.t1	g3623.t1	65	Yes	No
g3624.t1	g3624.t1	92	No	No
g3625.t1	g3625.t1	798	No	No
g3626.t1	g3626.t1	76	No	No
g3627.t1	g3627.t1	79	No	No
g3628.t1	g3628.t1	66	No	No
g3629.t1	g3629.t1	183	No	No
g3630.t1	g3630.t1	328	No	No
g3631.t1	g3631.t1	300	No	No
g3632.t1	g3632.t1	87	No	No
g3633.t1	g3633.t1	78	No	No
g3634.t1	g3634.t1	160	No	No
g3635.t1	g3635.t1	221	No	No
g3636.t1	g3636.t1	98	No	No
g3637.t1	g3637.t1	92	No	No
g3638.t1	g3638.t1	469	No	No
g3639.t1	g3639.t1	170	No	No
g3640.t1	g3640.t1	83	Yes	No
g3641.t1	g3641.t1	574	No	No
g3642.t1	g3642.t1	422	No	No
g3643.t2	g3643.t2	453	No	No
g3644.t1	g3644.t1	56	Yes	No
g3645.t1	g3645.t1	85	No	No
g3646.t1	g3646.t1	80	No	No
g3647.t1	g3647.t1	53	No	No
g3648.t1	g3648.t1	143	No	No
g3649.t1	g3649.t1	312	No	No
g3650.t1	g3650.t1	453	No	No
g3651.t1	g3651.t1	142	No	No
g3652.t1	g3652.t1	573	No	No
g3653.t1	g3653.t1	449	No	No
g3654.t1	g3654.t1	99	No	No
g3655.t2	g3655.t2	324	No	No
g3656.t1	g3656.t1	140	No	No
g3657.t1	g3657.t1	245	No	No
g3658.t1	g3658.t1	107	No	No
g3659.t1	g3659.t1	523	No	No
g3660.t1	g3660.t1	183	No	No
g3661.t1	g3661.t1	1346	No	No
g3662.t1	g3662.t1	550	No	No
g3663.t1	g3663.t1	76	No	No
g3664.t1	g3664.t1	190	No	No
g3665.t1	g3665.t1	199	No	No
g3666.t1	g3666.t1	91	Yes	No
g3667.t1	g3667.t1	278	No	No
g3668.t1	g3668.t1	86	No	No
g3669.t1	g3669.t1	614	No	No
g3670.t1	g3670.t1	1091	No	No
g3671.t1	g3671.t1	246	No	No
g3672.t1	g3672.t1	1068	No	No
g3673.t1	g3673.t1	399	No	No
g3674.t1	g3674.t1	124	No	No
g3675.t2	g3675.t2	911	No	No
g3676.t1	g3676.t1	101	No	No
g3677.t1	g3677.t1	173	No	No
g3678.t1	g3678.t1	658	No	No
g3679.t1	g3679.t1	163	No	No
g3680.t1	g3680.t1	147	No	No
g3681.t1	g3681.t1	1343	No	No
g3682.t1	g3682.t1	480	No	No
g3683.t1	g3683.t1	247	No	No
g3684.t1	g3684.t1	452	No	No
g3685.t1	g3685.t1	270	No	No
g3686.t1	g3686.t1	262	No	No
g3687.t1	g3687.t1	1028	No	No
g3688.t1	g3688.t1	311	Yes	No
g3689.t1	g3689.t1	250	Yes	No
g3690.t1	g3690.t1	96	No	No
g3691.t1	g3691.t1	87	No	No
g3692.t1	g3692.t1	285	No	No
g3693.t2	g3693.t2	434	No	No
g3694.t1	g3694.t1	129	No	No
g3695.t1	g3695.t1	91	No	No
g3696.t1	g3696.t1	76	No	No
g3697.t1	g3697.t1	98	No	No
g3698.t1	g3698.t1	69	No	No
g3699.t1	g3699.t1	468	Yes	No
g3700.t1	g3700.t1	352	No	No
g3701.t1	g3701.t1	348	No	No
g3702.t1	g3702.t1	864	No	No
g3703.t1	g3703.t1	203	No	No
g3704.t1	g3704.t1	884	No	No
g3705.t2	g3705.t2	248	No	No
g3706.t1	g3706.t1	133	Yes	No
g3707.t1	g3707.t1	318	No	No
g3708.t1	g3708.t1	138	No	No
g3709.t1	g3709.t1	360	No	No
g3710.t1	g3710.t1	50	Yes	No
g3711.t1	g3711.t1	93	No	No
g3712.t1	g3712.t1	84	Yes	No
g3713.t1	g3713.t1	328	No	No
g3714.t1	g3714.t1	152	No	No
g3715.t1	g3715.t1	80	No	No
g3716.t1	g3716.t1	179	No	No
g3717.t1	g3717.t1	273	No	No
g3718.t1	g3718.t1	170	No	No
g3719.t1	g3719.t1	83	No	No
g3720.t1	g3720.t1	353	No	No
g3721.t1	g3721.t1	232	No	No
g3722.t1	g3722.t1	1146	No	No
g3723.t1	g3723.t1	155	No	No
g3724.t1	g3724.t1	74	Yes	No
g3725.t1	g3725.t1	824	No	No
g3726.t1	g3726.t1	131	No	No
g3727.t1	g3727.t1	59	Yes	No
g3728.t1	g3728.t1	80	No	No
g3729.t1	g3729.t1	422	No	No
g3730.t1	g3730.t1	317	No	No
g3731.t1	g3731.t1	249	No	No
g3732.t1	g3732.t1	163	No	No
g3733.t1	g3733.t1	835	No	No
g3734.t1	g3734.t1	289	No	No
g3735.t1	g3735.t1	77	No	No
g3736.t1	g3736.t1	877	No	No
g3737.t2	g3737.t2	405	No	No
g3738.t1	g3738.t1	251	No	No
g3739.t1	g3739.t1	105	No	No
g3740.t1	g3740.t1	49	Yes	No
g3741.t1	g3741.t1	495	No	No
g3742.t1	g3742.t1	120	No	No
g3743.t1	g3743.t1	302	No	No
g3744.t1	g3744.t1	126	No	No
g3745.t1	g3745.t1	88	No	No
g3746.t1	g3746.t1	283	No	No
g3747.t1	g3747.t1	830	No	No
g3748.t1	g3748.t1	1235	No	No
g3749.t1	g3749.t1	331	No	No
g3750.t2	g3750.t2	149	No	No
g3751.t1	g3751.t1	312	No	No
g3752.t1	g3752.t1	167	No	No
g3753.t1	g3753.t1	123	No	No
g3754.t1	g3754.t1	152	No	No
g3755.t1	g3755.t1	155	No	No
g3756.t1	g3756.t1	113	No	No
g3757.t1	g3757.t1	887	No	No
g3758.t1	g3758.t1	941	No	No
g3759.t1	g3759.t1	181	No	No
g3760.t1	g3760.t1	425	No	No
g3761.t1	g3761.t1	860	No	No
g3762.t1	g3762.t1	125	No	No
g3763.t1	g3763.t1	389	No	No
g3764.t1	g3764.t1	723	No	No
g3765.t1	g3765.t1	409	No	No
g3766.t1	g3766.t1	81	No	No
g3767.t1	g3767.t1	283	No	No
g3768.t1	g3768.t1	445	No	No
g3769.t2	g3769.t2	2042	No	No
g3770.t1	g3770.t1	67	No	No
g3771.t1	g3771.t1	145	No	No
g3772.t1	g3772.t1	1175	No	No
g3773.t1	g3773.t1	300	No	No
g3774.t1	g3774.t1	301	No	No
g3775.t1	g3775.t1	262	No	No
g3776.t1	g3776.t1	78	No	No
g3777.t1	g3777.t1	835	No	No
g3778.t1	g3778.t1	332	No	No
g3779.t1	g3779.t1	576	No	No
g3780.t1	g3780.t1	562	No	No
g3781.t1	g3781.t1	104	No	No
g3782.t1	g3782.t1	80	No	No
g3783.t1	g3783.t1	447	No	No
g3784.t1	g3784.t1	127	No	No
g3785.t1	g3785.t1	75	No	No
g3786.t1	g3786.t1	195	No	No
g3787.t1	g3787.t1	260	No	No
g3788.t1	g3788.t1	319	No	No
g3789.t1	g3789.t1	547	No	No
g3790.t1	g3790.t1	223	No	No
g3791.t1	g3791.t1	283	No	No
g3792.t1	g3792.t1	286	No	No
g3793.t1	g3793.t1	1416	No	No
g3794.t1	g3794.t1	180	No	No
g3795.t1	g3795.t1	122	No	No
g3796.t1	g3796.t1	305	No	No
g3797.t1	g3797.t1	356	No	No
g3798.t1	g3798.t1	310	No	No
g3799.t1	g3799.t1	302	No	No
g3800.t1	g3800.t1	136	No	No
g3801.t1	g3801.t1	403	No	No
g3802.t1	g3802.t1	802	Yes	No
g3803.t1	g3803.t1	668	No	No
g3804.t1	g3804.t1	914	No	No
g3805.t1	g3805.t1	261	No	No
g3806.t1	g3806.t1	724	No	No
g3807.t1	g3807.t1	286	No	No
g3808.t1	g3808.t1	1399	No	No
g3809.t1	g3809.t1	278	No	No
g3810.t1	g3810.t1	725	No	No
g3811.t1	g3811.t1	508	No	No
g3812.t1	g3812.t1	393	No	No
g3813.t1	g3813.t1	350	No	No
g3814.t1	g3814.t1	491	No	No
g3815.t1	g3815.t1	319	No	No
g3816.t1	g3816.t1	152	No	No
g3817.t1	g3817.t1	334	No	No
g3818.t1	g3818.t1	837	No	No
g3819.t1	g3819.t1	165	No	No
g3820.t1	g3820.t1	654	No	No
g3821.t1	g3821.t1	115	No	No
g3822.t1	g3822.t1	110	No	No
g3823.t1	g3823.t1	196	No	No
g3824.t1	g3824.t1	528	No	No
g3825.t1	g3825.t1	281	Yes	No
g3826.t1	g3826.t1	342	No	No
g3827.t1	g3827.t1	603	No	No
g3828.t1	g3828.t1	1490	No	No
g3829.t1	g3829.t1	439	No	No
g3830.t1	g3830.t1	91	No	No
g3831.t1	g3831.t1	307	No	No
g3832.t1	g3832.t1	515	No	No
g3833.t1	g3833.t1	141	No	No
g3834.t1	g3834.t1	88	No	No
g3835.t1	g3835.t1	153	No	No
g3836.t1	g3836.t1	35	No	No
g3837.t1	g3837.t1	639	No	No
g3838.t1	g3838.t1	477	Yes	No
g3839.t1	g3839.t1	113	No	No
g3840.t1	g3840.t1	96	No	No
g3841.t1	g3841.t1	467	No	No
g3842.t1	g3842.t1	84	No	No
g3843.t1	g3843.t1	107	No	No
g3844.t1	g3844.t1	122	No	No
g3845.t1	g3845.t1	443	No	No
g3846.t1	g3846.t1	1545	No	No
g3847.t1	g3847.t1	210	No	No
g3848.t1	g3848.t1	109	No	No
g3849.t1	g3849.t1	373	No	No
g3850.t1	g3850.t1	426	No	No
g3851.t1	g3851.t1	81	No	No
g3852.t1	g3852.t1	262	No	No
g3853.t1	g3853.t1	384	No	No
g3854.t1	g3854.t1	598	No	No
g3855.t1	g3855.t1	330	No	No
g3856.t1	g3856.t1	155	No	No
g3857.t1	g3857.t1	187	No	No
g3858.t1	g3858.t1	83	No	No
g3859.t1	g3859.t1	197	No	No
g3860.t1	g3860.t1	175	No	No
g3861.t1	g3861.t1	416	No	No
g3862.t1	g3862.t1	164	No	No
g3863.t1	g3863.t1	275	No	No
g3864.t1	g3864.t1	172	No	No
g3865.t1	g3865.t1	616	No	No
g3866.t1	g3866.t1	224	No	No
g3867.t1	g3867.t1	738	No	No
g3868.t1	g3868.t1	104	No	No
g3869.t1	g3869.t1	666	No	No
g3870.t1	g3870.t1	100	No	No
g3871.t1	g3871.t1	142	No	No
g3872.t1	g3872.t1	82	No	No
g3873.t1	g3873.t1	85	No	No
g3874.t1	g3874.t1	334	No	No
g3875.t2	g3875.t2	92	No	No
g3876.t1	g3876.t1	586	No	No
g3877.t1	g3877.t1	733	No	No
g3878.t1	g3878.t1	439	No	No
g3879.t1	g3879.t1	948	No	No
g3880.t1	g3880.t1	133	No	No
g3881.t1	g3881.t1	107	No	No
g3882.t1	g3882.t1	467	No	No
g3883.t1	g3883.t1	528	No	No
g3884.t1	g3884.t1	757	No	No
g3885.t1	g3885.t1	95	No	No
g3886.t1	g3886.t1	697	No	No
g3887.t1	g3887.t1	143	No	No
g3888.t1	g3888.t1	156	No	No
g3889.t1	g3889.t1	754	No	No
g3890.t1	g3890.t1	115	No	No
g3891.t1	g3891.t1	115	No	No
g3892.t1	g3892.t1	717	No	No
g3893.t1	g3893.t1	71	No	No
g3894.t1	g3894.t1	282	No	No
g3895.t1	g3895.t1	134	No	No
g3896.t1	g3896.t1	131	No	No
g3897.t1	g3897.t1	71	Yes	No
g3898.t1	g3898.t1	279	No	No
g3899.t1	g3899.t1	1353	No	No
g3900.t1	g3900.t1	167	No	No
g3901.t1	g3901.t1	413	No	No
g3902.t1	g3902.t1	450	No	No
g3903.t1	g3903.t1	88	No	No
g3904.t1	g3904.t1	468	No	No
g3905.t1	g3905.t1	474	No	No
g3906.t1	g3906.t1	496	No	No
g3907.t1	g3907.t1	503	No	No
g3908.t1	g3908.t1	815	No	No
g3909.t1	g3909.t1	258	Yes	No
g3910.t1	g3910.t1	401	No	No
g3911.t1	g3911.t1	66	No	No
g3912.t1	g3912.t1	109	No	No
g3913.t1	g3913.t1	121	No	No
g3914.t1	g3914.t1	266	No	No
g3915.t1	g3915.t1	384	No	No
g3916.t1	g3916.t1	131	No	No
g3917.t1	g3917.t1	146	No	No
g3918.t1	g3918.t1	309	No	No
g3919.t1	g3919.t1	142	No	No
g3920.t1	g3920.t1	170	No	No
g3921.t1	g3921.t1	158	No	No
g3922.t1	g3922.t1	235	No	No
g3923.t1	g3923.t1	419	No	No
g3924.t1	g3924.t1	96	Yes	No
g3925.t1	g3925.t1	154	No	No
g3926.t1	g3926.t1	209	No	No
g3927.t1	g3927.t1	557	No	No
g3928.t1	g3928.t1	176	No	No
g3929.t1	g3929.t1	666	No	No
g3930.t1	g3930.t1	225	No	No
g3931.t1	g3931.t1	194	No	No
g3932.t1	g3932.t1	76	No	No
g3933.t1	g3933.t1	229	No	No
g3934.t1	g3934.t1	268	No	No
g3935.t1	g3935.t1	494	No	No
g3936.t1	g3936.t1	513	No	No
g3937.t1	g3937.t1	135	No	No
g3938.t1	g3938.t1	512	No	No
g3939.t1	g3939.t1	88	No	No
g3940.t1	g3940.t1	66	Yes	No
g3941.t1	g3941.t1	384	No	No
g3942.t1	g3942.t1	93	No	No
g3943.t1	g3943.t1	309	No	No
g3944.t1	g3944.t1	96	No	No
g3945.t1	g3945.t1	132	No	No
g3946.t1	g3946.t1	958	No	No
g3947.t1	g3947.t1	139	No	No
g3948.t1	g3948.t1	142	No	No
g3949.t1	g3949.t1	287	No	No
g3950.t1	g3950.t1	389	No	No
g3951.t1	g3951.t1	119	No	No
g3952.t1	g3952.t1	327	No	No
g3953.t1	g3953.t1	380	Yes	No
g3954.t1	g3954.t1	207	No	No
g3955.t1	g3955.t1	76	No	No
g3956.t1	g3956.t1	132	No	No
g3957.t1	g3957.t1	1384	No	No
g3958.t1	g3958.t1	85	No	No
g3959.t1	g3959.t1	205	No	No
g3960.t1	g3960.t1	95	No	No
g3961.t1	g3961.t1	214	No	No
g3962.t1	g3962.t1	521	No	No
g3963.t1	g3963.t1	141	No	No
g3964.t5	g3964.t5	688	No	No
g3965.t1	g3965.t1	232	No	No
g3966.t1	g3966.t1	180	No	No
g3967.t1	g3967.t1	330	No	No
g3968.t1	g3968.t1	112	No	No
g3969.t1	g3969.t1	879	No	No
g3970.t1	g3970.t1	503	No	No
g3971.t1	g3971.t1	271	No	No
g3972.t1	g3972.t1	161	No	No
g3973.t1	g3973.t1	315	No	No
g3974.t1	g3974.t1	185	No	No
g3975.t1	g3975.t1	81	No	No
g3976.t1	g3976.t1	83	No	No
g3977.t1	g3977.t1	83	No	No
g3978.t1	g3978.t1	83	No	No
g3979.t1	g3979.t1	68	No	No
g3980.t1	g3980.t1	323	No	No
g3981.t1	g3981.t1	586	No	No
g3982.t1	g3982.t1	569	No	No
g3983.t1	g3983.t1	43	No	No
g3984.t1	g3984.t1	70	No	No
g3985.t1	g3985.t1	307	No	No
g3986.t1	g3986.t1	389	No	No
g3987.t1	g3987.t1	287	No	No
g3988.t1	g3988.t1	93	No	No
g3989.t1	g3989.t1	375	No	No
g3990.t1	g3990.t1	66	No	No
g3991.t1	g3991.t1	360	No	No
g3992.t1	g3992.t1	223	No	No
g3993.t1	g3993.t1	903	No	No
g3994.t1	g3994.t1	2052	No	No
g3995.t1	g3995.t1	384	No	No
g3996.t1	g3996.t1	246	No	No
g3997.t1	g3997.t1	212	No	No
g3998.t1	g3998.t1	88	No	No
g3999.t1	g3999.t1	268	No	No
g4000.t1	g4000.t1	83	No	No
g4001.t1	g4001.t1	138	No	No
g4002.t1	g4002.t1	551	Yes	No
g4003.t1	g4003.t1	573	No	No
g4004.t1	g4004.t1	4092	No	No
g4005.t3	g4005.t3	878	No	No
g4006.t1	g4006.t1	178	No	No
g4007.t1	g4007.t1	251	No	No
g4008.t1	g4008.t1	366	No	No
g4009.t1	g4009.t1	290	No	No
g4010.t1	g4010.t1	1006	No	No
g4011.t1	g4011.t1	163	No	No
g4012.t1	g4012.t1	171	No	No
g4013.t1	g4013.t1	279	No	No
g4014.t1	g4014.t1	426	No	No
g4015.t2	g4015.t2	609	No	No
g4016.t1	g4016.t1	82	No	No
g4017.t1	g4017.t1	149	No	No
g4018.t1	g4018.t1	122	No	No
g4019.t1	g4019.t1	131	No	No
g4020.t1	g4020.t1	156	No	No
g4021.t1	g4021.t1	97	No	No
g4022.t1	g4022.t1	85	No	No
g4023.t1	g4023.t1	118	No	No
g4024.t1	g4024.t1	129	No	No
g4025.t1	g4025.t1	508	No	No
g4026.t1	g4026.t1	247	No	No
g4027.t2	g4027.t2	206	No	No
g4028.t1	g4028.t1	315	No	No
g4029.t1	g4029.t1	140	No	No
g4030.t3	g4030.t3	269	No	No
g4031.t1	g4031.t1	239	No	No
g4032.t1	g4032.t1	320	No	No
g4033.t1	g4033.t1	655	No	No
g4034.t1	g4034.t1	159	No	No
g4035.t1	g4035.t1	407	No	No
g4036.t1	g4036.t1	136	No	No
g4037.t1	g4037.t1	142	No	No
g4038.t1	g4038.t1	116	No	No
g4039.t1	g4039.t1	68	No	No
g4040.t1	g4040.t1	492	No	No
g4041.t1	g4041.t1	422	No	No
g4042.t1	g4042.t1	296	No	No
g4043.t1	g4043.t1	572	No	No
g4044.t1	g4044.t1	161	No	No
g4045.t1	g4045.t1	917	No	No
g4046.t1	g4046.t1	628	No	No
g4047.t1	g4047.t1	567	No	No
g4048.t1	g4048.t1	96	No	No
g4049.t1	g4049.t1	119	No	No
g4050.t1	g4050.t1	79	No	No
g4051.t1	g4051.t1	206	No	No
g4052.t1	g4052.t1	363	No	No
g4053.t1	g4053.t1	481	No	No
g4054.t1	g4054.t1	425	Yes	No
g4055.t1	g4055.t1	129	No	No
g4056.t1	g4056.t1	172	Yes	No
g4057.t1	g4057.t1	62	Yes	No
g4058.t1	g4058.t1	121	Yes	No
g4059.t1	g4059.t1	148	No	No
g4060.t1	g4060.t1	138	No	No
g4061.t1	g4061.t1	128	No	No
g4062.t1	g4062.t1	99	No	No
g4063.t1	g4063.t1	575	No	No
g4064.t1	g4064.t1	135	No	No
g4065.t1	g4065.t1	92	No	No
g4066.t1	g4066.t1	101	No	No
g4067.t1	g4067.t1	168	No	No
g4068.t1	g4068.t1	84	No	No
g4069.t1	g4069.t1	89	No	No
g4070.t1	g4070.t1	1180	No	No
g4071.t1	g4071.t1	81	No	No
g4072.t1	g4072.t1	170	No	No
g4073.t1	g4073.t1	715	No	No
g4074.t1	g4074.t1	262	No	No
g4075.t1	g4075.t1	252	No	No
g4076.t1	g4076.t1	337	No	No
g4077.t1	g4077.t1	339	No	No
g4078.t1	g4078.t1	648	No	No
g4079.t1	g4079.t1	389	No	No
g4080.t1	g4080.t1	90	No	No
g4081.t1	g4081.t1	299	No	No
g4082.t1	g4082.t1	334	No	No
g4083.t1	g4083.t1	336	No	No
g4084.t1	g4084.t1	336	No	No
g4085.t1	g4085.t1	336	No	No
g4086.t1	g4086.t1	334	No	No
g4087.t1	g4087.t1	147	No	No
g4088.t1	g4088.t1	125	No	No
g4089.t1	g4089.t1	461	No	No
g4090.t1	g4090.t1	187	No	No
g4091.t1	g4091.t1	163	No	No
g4092.t1	g4092.t1	97	No	No
g4093.t1	g4093.t1	121	No	No
g4094.t1	g4094.t1	482	No	No
g4095.t1	g4095.t1	248	No	No
g4096.t1	g4096.t1	519	No	No
g4097.t1	g4097.t1	97	No	No
g4098.t1	g4098.t1	185	No	No
g4099.t1	g4099.t1	332	No	No
g4100.t1	g4100.t1	348	No	No
g4101.t3	g4101.t3	1067	Yes	No
g4102.t1	g4102.t1	208	No	No
g4103.t1	g4103.t1	124	No	No
g4104.t1	g4104.t1	241	No	No
g4105.t1	g4105.t1	418	No	No
g4106.t1	g4106.t1	275	No	No
g4107.t1	g4107.t1	76	No	No
g4108.t1	g4108.t1	98	No	No
g4109.t1	g4109.t1	81	No	No
g4110.t1	g4110.t1	124	No	No
g4111.t1	g4111.t1	349	Yes	No
g4112.t1	g4112.t1	632	No	No
g4113.t1	g4113.t1	340	No	No
g4114.t1	g4114.t1	226	No	No
g4115.t1	g4115.t1	238	No	No
g4116.t1	g4116.t1	86	No	No
g4117.t1	g4117.t1	1233	No	No
g4118.t1	g4118.t1	1105	No	No
g4119.t1	g4119.t1	1074	No	No
g4120.t1	g4120.t1	447	No	No
g4121.t1	g4121.t1	754	No	No
g4122.t1	g4122.t1	713	No	No
g4123.t1	g4123.t1	190	No	No
g4124.t1	g4124.t1	1598	No	No
g4125.t1	g4125.t1	242	No	No
g4126.t1	g4126.t1	332	No	No
g4127.t1	g4127.t1	407	No	No
g4128.t1	g4128.t1	497	No	No
g4129.t1	g4129.t1	222	No	No
g4130.t1	g4130.t1	346	No	No
g4131.t1	g4131.t1	801	No	No
g4132.t1	g4132.t1	883	No	No
g4133.t1	g4133.t1	68	No	No
g4134.t1	g4134.t1	119	Yes	No
g4135.t1	g4135.t1	368	No	No
g4136.t1	g4136.t1	219	No	No
g4137.t1	g4137.t1	92	No	No
g4138.t1	g4138.t1	1660	No	No
g4139.t1	g4139.t1	170	No	No
g4140.t1	g4140.t1	101	No	No
g4141.t1	g4141.t1	194	No	No
g4142.t1	g4142.t1	422	No	No
g4143.t1	g4143.t1	910	Yes	No
g4144.t1	g4144.t1	62	Yes	No
g4145.t1	g4145.t1	204	No	No
g4146.t1	g4146.t1	315	No	No
g4147.t1	g4147.t1	254	No	No
g4148.t1	g4148.t1	177	No	No
g4149.t1	g4149.t1	56	Yes	No
g4150.t1	g4150.t1	97	No	No
g4151.t1	g4151.t1	91	No	No
g4152.t1	g4152.t1	135	No	No
g4153.t1	g4153.t1	191	No	No
g4154.t1	g4154.t1	168	No	No
g4155.t1	g4155.t1	72	No	No
g4156.t1	g4156.t1	270	No	No
g4157.t1	g4157.t1	730	Yes	No
g4158.t1	g4158.t1	125	No	No
g4159.t1	g4159.t1	41	Yes	No
g4160.t1	g4160.t1	142	No	No
g4161.t1	g4161.t1	105	No	No
g4162.t1	g4162.t1	152	No	No
g4163.t1	g4163.t1	131	No	No
g4164.t1	g4164.t1	447	No	No
g4165.t1	g4165.t1	76	No	No
g4166.t1	g4166.t1	279	No	No
g4167.t1	g4167.t1	1337	No	No
g4168.t2	g4168.t2	297	No	No
g4169.t2	g4169.t2	626	No	No
g4170.t1	g4170.t1	267	No	No
g4171.t1	g4171.t1	69	No	No
g4172.t1	g4172.t1	88	No	No
g4173.t1	g4173.t1	93	No	No
g4174.t1	g4174.t1	495	No	No
g4175.t1	g4175.t1	535	No	No
g4176.t1	g4176.t1	1003	No	No
g4177.t1	g4177.t1	1317	No	No
g4178.t1	g4178.t1	652	No	No
g4179.t1	g4179.t1	1125	No	No
g4180.t1	g4180.t1	92	No	No
g4181.t1	g4181.t1	438	No	No
g4182.t1	g4182.t1	621	No	No
g4183.t1	g4183.t1	63	Yes	No
g4184.t1	g4184.t1	123	No	No
g4185.t1	g4185.t1	258	No	No
g4186.t1	g4186.t1	695	No	No
g4187.t1	g4187.t1	1427	No	No
g4188.t1	g4188.t1	431	No	No
g4189.t1	g4189.t1	288	No	No
g4190.t1	g4190.t1	614	No	No
g4191.t1	g4191.t1	858	No	No
g4192.t1	g4192.t1	251	No	No
g4193.t1	g4193.t1	386	No	No
g4194.t1	g4194.t1	867	No	No
g4195.t1	g4195.t1	319	No	No
g4196.t1	g4196.t1	96	No	No
g4197.t2	g4197.t2	113	Yes	No
g4198.t1	g4198.t1	93	No	No
g4199.t1	g4199.t1	112	No	No
g4200.t1	g4200.t1	138	No	No
g4201.t1	g4201.t1	2784	No	No
g4202.t1	g4202.t1	106	No	No
g4203.t1	g4203.t1	1358	No	No
g4204.t1	g4204.t1	634	No	No
g4205.t1	g4205.t1	790	No	No
g4206.t1	g4206.t1	136	No	No
g4207.t1	g4207.t1	128	No	No
g4208.t1	g4208.t1	69	No	No
g4209.t1	g4209.t1	287	No	No
g4210.t1	g4210.t1	235	No	No
g4211.t1	g4211.t1	391	No	No
g4212.t1	g4212.t1	97	No	No
g4213.t1	g4213.t1	96	No	No
g4214.t1	g4214.t1	617	No	No
g4215.t1	g4215.t1	97	No	No
g4216.t1	g4216.t1	74	No	No
g4217.t1	g4217.t1	212	No	No
g4218.t1	g4218.t1	212	No	No
g4219.t1	g4219.t1	355	Yes	No
g4220.t1	g4220.t1	444	No	No
g4221.t1	g4221.t1	95	No	No
g4222.t1	g4222.t1	263	No	No
g4223.t1	g4223.t1	275	No	No
g4224.t1	g4224.t1	995	No	No
g4225.t1	g4225.t1	1092	No	No
g4226.t1	g4226.t1	299	No	No
g4227.t1	g4227.t1	534	No	No
g4228.t1	g4228.t1	27	No	No
g4229.t1	g4229.t1	64	No	No
g4230.t1	g4230.t1	417	No	No
g4231.t1	g4231.t1	735	No	No
g4232.t1	g4232.t1	97	No	No
g4233.t1	g4233.t1	74	No	No
g4234.t1	g4234.t1	146	No	No
g4235.t1	g4235.t1	90	No	No
g4236.t1	g4236.t1	79	No	No
g4237.t1	g4237.t1	121	No	No
g4238.t1	g4238.t1	206	No	No
g4239.t1	g4239.t1	127	No	No
g4240.t1	g4240.t1	94	No	No
g4241.t1	g4241.t1	198	No	No
g4242.t1	g4242.t1	246	No	No
g4243.t1	g4243.t1	32	No	No
g4244.t1	g4244.t1	325	No	No
g4245.t1	g4245.t1	1166	Yes	No
g4246.t1	g4246.t1	443	No	No
g4247.t1	g4247.t1	326	No	No
g4248.t1	g4248.t1	1338	No	No
g4249.t1	g4249.t1	249	Yes	No
g4250.t1	g4250.t1	371	No	No
g4251.t1	g4251.t1	575	No	No
g4252.t1	g4252.t1	71	No	No
g4253.t1	g4253.t1	147	No	No
g4254.t1	g4254.t1	70	No	No
g4255.t1	g4255.t1	323	No	No
g4256.t1	g4256.t1	1020	Yes	No
g4257.t1	g4257.t1	439	No	No
g4258.t1	g4258.t1	359	No	No
g4259.t1	g4259.t1	415	No	No
g4260.t1	g4260.t1	113	No	No
g4261.t1	g4261.t1	430	No	No
g4262.t1	g4262.t1	80	No	No
g4263.t1	g4263.t1	51	No	No
g4264.t1	g4264.t1	126	No	No
g4265.t1	g4265.t1	294	No	No
g4266.t1	g4266.t1	524	No	No
g4267.t1	g4267.t1	93	Yes	No
g4268.t1	g4268.t1	223	No	No
g4269.t1	g4269.t1	321	No	No
g4270.t1	g4270.t1	987	Yes	No
g4271.t2	g4271.t2	205	Yes	No
g4272.t1	g4272.t1	109	No	No
g4273.t1	g4273.t1	729	Yes	No
g4274.t1	g4274.t1	186	No	No
g4275.t1	g4275.t1	117	No	No
g4276.t1	g4276.t1	490	No	No
g4277.t1	g4277.t1	648	No	No
g4278.t1	g4278.t1	609	Yes	No
g4279.t1	g4279.t1	93	No	No
g4280.t1	g4280.t1	77	No	No
g4281.t2	g4281.t2	189	No	No
g4282.t1	g4282.t1	77	No	No
g4283.t1	g4283.t1	134	No	No
g4284.t1	g4284.t1	275	No	No
g4285.t1	g4285.t1	78	No	No
g4286.t1	g4286.t1	104	No	No
g4287.t1	g4287.t1	254	No	No
g4288.t1	g4288.t1	161	No	No
g4289.t1	g4289.t1	185	No	No
g4290.t1	g4290.t1	247	No	No
g4291.t1	g4291.t1	148	No	No
g4292.t1	g4292.t1	100	No	No
g4293.t1	g4293.t1	264	No	No
g4294.t1	g4294.t1	80	No	No
g4295.t1	g4295.t1	95	No	No
g4296.t1	g4296.t1	155	No	No
g4297.t1	g4297.t1	177	No	No
g4298.t1	g4298.t1	115	No	No
g4299.t1	g4299.t1	97	No	No
g4300.t1	g4300.t1	117	No	No
g4301.t1	g4301.t1	117	No	No
g4302.t1	g4302.t1	97	No	No
g4303.t1	g4303.t1	115	No	No
g4304.t1	g4304.t1	177	No	No
g4305.t1	g4305.t1	546	No	No
g4306.t1	g4306.t1	132	No	No
g4307.t1	g4307.t1	1265	No	No
g4308.t1	g4308.t1	618	No	No
g4309.t1	g4309.t1	640	No	No
g4310.t1	g4310.t1	184	No	No
g4311.t1	g4311.t1	1174	No	No
g4312.t1	g4312.t1	869	No	No
g4313.t1	g4313.t1	81	No	No
g4314.t1	g4314.t1	157	No	No
g4315.t1	g4315.t1	219	Yes	No
g4316.t1	g4316.t1	576	No	No
g4317.t1	g4317.t1	111	No	No
g4318.t1	g4318.t1	217	No	No
g4319.t1	g4319.t1	118	No	No
g4320.t1	g4320.t1	384	No	No
g4321.t1	g4321.t1	138	No	No
g4322.t1	g4322.t1	219	No	No
g4323.t1	g4323.t1	179	No	No
g4324.t1	g4324.t1	116	No	No
g4325.t1	g4325.t1	103	No	No
g4326.t1	g4326.t1	76	No	No
g4327.t1	g4327.t1	938	No	No
g4328.t1	g4328.t1	1643	No	No
g4329.t1	g4329.t1	87	No	No
g4330.t1	g4330.t1	77	No	No
g4331.t1	g4331.t1	544	No	No
g4332.t1	g4332.t1	1366	No	No
g4333.t1	g4333.t1	91	No	No
g4334.t1	g4334.t1	414	No	No
g4335.t1	g4335.t1	74	No	No
g4336.t1	g4336.t1	1727	No	No
g4337.t1	g4337.t1	640	No	No
g4338.t1	g4338.t1	236	No	No
g4339.t1	g4339.t1	599	No	No
g4340.t1	g4340.t1	499	No	No
g4341.t1	g4341.t1	277	No	No
g4342.t1	g4342.t1	69	No	No
g4343.t1	g4343.t1	635	No	No
g4344.t1	g4344.t1	654	No	No
g4345.t1	g4345.t1	442	No	No
g4346.t1	g4346.t1	178	No	No
g4347.t1	g4347.t1	95	No	No
g4348.t1	g4348.t1	93	No	No
g4349.t1	g4349.t1	483	No	No
g4350.t1	g4350.t1	347	No	No
g4351.t1	g4351.t1	420	No	No
g4352.t1	g4352.t1	254	No	No
g4353.t1	g4353.t1	835	Yes	No
g4354.t1	g4354.t1	280	No	No
g4355.t1	g4355.t1	319	No	No
g4356.t1	g4356.t1	221	No	No
g4357.t1	g4357.t1	836	No	No
g4358.t1	g4358.t1	280	No	No
g4359.t1	g4359.t1	977	No	No
g4360.t1	g4360.t1	518	No	No
g4361.t1	g4361.t1	343	No	No
g4362.t1	g4362.t1	322	No	No
g4363.t1	g4363.t1	615	No	No
g4364.t1	g4364.t1	378	No	No
g4365.t1	g4365.t1	457	No	No
g4366.t1	g4366.t1	656	No	No
g4367.t1	g4367.t1	335	No	No
g4368.t1	g4368.t1	578	No	No
g4369.t2	g4369.t2	1477	No	No
g4370.t1	g4370.t1	83	No	No
g4371.t5	g4371.t5	1928	No	No
g4372.t1	g4372.t1	164	No	No
g4373.t1	g4373.t1	169	No	No
g4374.t1	g4374.t1	296	No	No
g4375.t1	g4375.t1	105	No	No
g4376.t1	g4376.t1	145	Yes	No
g4377.t1	g4377.t1	117	Yes	No
g4378.t1	g4378.t1	104	No	No
g4379.t1	g4379.t1	95	Yes	No
g4380.t1	g4380.t1	67	Yes	No
g4381.t1	g4381.t1	113	No	No
g4382.t1	g4382.t1	251	No	No
g4383.t1	g4383.t1	269	No	No
g4384.t1	g4384.t1	177	No	No
g4385.t1	g4385.t1	362	No	No
g4386.t1	g4386.t1	340	No	No
g4387.t1	g4387.t1	169	No	No
g4388.t1	g4388.t1	498	No	No
g4389.t1	g4389.t1	427	No	No
g4390.t1	g4390.t1	699	No	No
g4391.t1	g4391.t1	542	No	No
g4392.t1	g4392.t1	279	No	No
g4393.t1	g4393.t1	707	No	No
g4394.t1	g4394.t1	88	No	No
g4395.t1	g4395.t1	145	No	No
g4396.t1	g4396.t1	602	No	No
g4397.t1	g4397.t1	758	No	No
g4398.t1	g4398.t1	129	No	No
g4399.t1	g4399.t1	373	No	No
g4400.t2	g4400.t2	247	No	No
g4401.t1	g4401.t1	178	No	No
g4402.t1	g4402.t1	2251	No	No
g4403.t1	g4403.t1	409	No	No
g4404.t1	g4404.t1	850	No	No
g4405.t1	g4405.t1	310	No	No
g4406.t1	g4406.t1	77	No	No
g4407.t1	g4407.t1	712	No	No
g4408.t2	g4408.t2	1756	No	No
g4409.t1	g4409.t1	73	No	No
g4410.t1	g4410.t1	175	Yes	No
g4411.t1	g4411.t1	715	No	No
g4412.t1	g4412.t1	370	No	No
g4413.t1	g4413.t1	652	No	No
g4414.t1	g4414.t1	152	No	No
g4415.t1	g4415.t1	665	No	No
g4416.t2	g4416.t2	542	No	No
g4417.t1	g4417.t1	234	No	No
g4418.t1	g4418.t1	497	No	No
g4419.t1	g4419.t1	465	No	No
g4420.t1	g4420.t1	1257	Yes	No
g4421.t1	g4421.t1	674	No	No
g4422.t1	g4422.t1	251	No	No
g4423.t1	g4423.t1	122	No	No
g4424.t1	g4424.t1	769	No	No
g4425.t1	g4425.t1	115	No	No
g4426.t1	g4426.t1	808	No	No
g4427.t1	g4427.t1	151	No	No
g4428.t1	g4428.t1	402	No	No
g4429.t1	g4429.t1	491	No	No
g4430.t1	g4430.t1	875	No	No
g4431.t1	g4431.t1	175	No	No
g4432.t1	g4432.t1	857	No	No
g4433.t1	g4433.t1	182	No	No
g4434.t1	g4434.t1	287	No	No
g4435.t1	g4435.t1	147	No	No
g4436.t1	g4436.t1	93	No	No
g4437.t1	g4437.t1	117	No	No
g4438.t1	g4438.t1	48	Yes	No
g4439.t1	g4439.t1	167	No	No
g4440.t1	g4440.t1	146	No	No
g4441.t1	g4441.t1	216	No	No
g4442.t1	g4442.t1	153	No	No
g4443.t1	g4443.t1	135	No	No
g4444.t1	g4444.t1	131	No	No
g4445.t1	g4445.t1	869	No	No
g4446.t1	g4446.t1	277	No	No
g4447.t1	g4447.t1	426	Yes	No
g4448.t1	g4448.t1	1307	No	No
g4449.t1	g4449.t1	824	Yes	No
g4450.t1	g4450.t1	42	No	No
g4451.t1	g4451.t1	91	No	No
g4452.t1	g4452.t1	438	No	No
g4453.t1	g4453.t1	326	No	No
g4454.t1	g4454.t1	152	No	No
g4455.t1	g4455.t1	178	No	No
g4456.t1	g4456.t1	164	No	No
g4457.t1	g4457.t1	178	No	No
g4458.t1	g4458.t1	283	No	No
g4459.t1	g4459.t1	228	No	No
g4460.t1	g4460.t1	576	No	No
g4461.t1	g4461.t1	922	Yes	No
g4462.t1	g4462.t1	817	No	No
g4463.t1	g4463.t1	960	No	No
g4464.t1	g4464.t1	262	No	No
g4465.t1	g4465.t1	339	No	No
g4466.t2	g4466.t2	295	No	No
g4467.t1	g4467.t1	338	Yes	No
g4468.t1	g4468.t1	180	No	No
g4469.t1	g4469.t1	256	No	No
g4470.t1	g4470.t1	302	No	No
g4471.t1	g4471.t1	186	No	No
g4472.t1	g4472.t1	275	No	No
g4473.t1	g4473.t1	53	Yes	No
g4474.t1	g4474.t1	290	Yes	No
g4475.t1	g4475.t1	105	No	No
g4476.t1	g4476.t1	116	Yes	No
g4477.t1	g4477.t1	151	No	No
g4478.t1	g4478.t1	127	No	No
g4479.t1	g4479.t1	243	Yes	No
g4480.t1	g4480.t1	262	No	No
g4481.t1	g4481.t1	240	No	No
g4482.t1	g4482.t1	292	No	No
g4483.t1	g4483.t1	239	Yes	No
g4484.t1	g4484.t1	125	No	No
g4485.t1	g4485.t1	88	No	No
g4486.t1	g4486.t1	301	No	No
g4487.t1	g4487.t1	299	Yes	No
g4488.t1	g4488.t1	308	No	No
g4489.t2	g4489.t2	84	No	No
g4490.t1	g4490.t1	309	No	No
g4491.t1	g4491.t1	75	Yes	No
g4492.t1	g4492.t1	127	No	No
g4493.t1	g4493.t1	110	No	No
g4494.t1	g4494.t1	532	No	No
g4495.t1	g4495.t1	126	No	No
g4496.t1	g4496.t1	312	No	No
g4497.t1	g4497.t1	238	No	No
g4498.t1	g4498.t1	1466	No	No
g4499.t1	g4499.t1	899	No	No
g4500.t1	g4500.t1	340	No	No
g4501.t1	g4501.t1	419	No	No
g4502.t1	g4502.t1	588	No	No
g4503.t1	g4503.t1	245	No	No
g4504.t1	g4504.t1	387	No	No
g4505.t1	g4505.t1	250	No	No
g4506.t1	g4506.t1	478	No	No
g4507.t1	g4507.t1	383	No	No
g4508.t1	g4508.t1	176	Yes	No
g4509.t1	g4509.t1	80	Yes	No
g4510.t1	g4510.t1	247	No	No
g4511.t1	g4511.t1	404	No	No
g4512.t1	g4512.t1	142	No	No
g4513.t1	g4513.t1	149	No	No
g4514.t1	g4514.t1	111	No	No
g4515.t1	g4515.t1	266	No	No
g4516.t1	g4516.t1	172	No	No
g4517.t1	g4517.t1	186	No	No
g4518.t1	g4518.t1	83	Yes	No
g4519.t1	g4519.t1	329	No	No
g4520.t1	g4520.t1	99	No	No
g4521.t1	g4521.t1	104	Yes	No
g4522.t1	g4522.t1	158	Yes	No
g4523.t1	g4523.t1	703	No	No
g4524.t1	g4524.t1	1333	No	No
g4525.t1	g4525.t1	1360	No	No
g4526.t1	g4526.t1	1125	No	No
g4527.t1	g4527.t1	360	No	No
g4528.t1	g4528.t1	787	No	No
g4529.t1	g4529.t1	80	No	No
g4530.t1	g4530.t1	97	Yes	No
g4531.t1	g4531.t1	124	No	No
g4532.t1	g4532.t1	105	Yes	No
g4533.t1	g4533.t1	106	No	No
g4534.t1	g4534.t1	533	No	No
g4535.t1	g4535.t1	411	No	No
g4536.t1	g4536.t1	297	Yes	No
g4537.t1	g4537.t1	118	Yes	No
g4538.t1	g4538.t1	426	No	No
g4539.t1	g4539.t1	371	No	No
g4540.t1	g4540.t1	91	No	No
g4541.t1	g4541.t1	128	No	No
g4542.t1	g4542.t1	101	No	No
g4543.t1	g4543.t1	371	No	No
g4544.t1	g4544.t1	457	Yes	No
g4545.t1	g4545.t1	1027	No	No
g4546.t1	g4546.t1	1092	Yes	No
g4547.t1	g4547.t1	158	No	No
g4548.t1	g4548.t1	705	No	No
g4549.t1	g4549.t1	1726	No	No
g4550.t1	g4550.t1	118	No	No
g4551.t1	g4551.t1	504	No	No
g4552.t1	g4552.t1	438	No	No
g4553.t1	g4553.t1	363	No	No
g4554.t1	g4554.t1	587	No	No
g4555.t1	g4555.t1	567	No	No
g4556.t1	g4556.t1	98	No	No
g4557.t1	g4557.t1	467	Yes	No
g4558.t1	g4558.t1	703	No	No
g4559.t2	g4559.t2	1639	No	No
g4560.t1	g4560.t1	69	No	No
g4561.t1	g4561.t1	390	No	No
g4562.t1	g4562.t1	184	No	No
g4563.t1	g4563.t1	134	No	No
g4564.t1	g4564.t1	295	No	No
g4565.t1	g4565.t1	196	No	No
g4566.t1	g4566.t1	85	No	No
g4567.t1	g4567.t1	171	No	No
g4568.t1	g4568.t1	33	No	No
g4569.t1	g4569.t1	289	No	No
g4570.t1	g4570.t1	129	No	No
g4571.t1	g4571.t1	249	No	No
g4572.t1	g4572.t1	265	No	No
g4573.t1	g4573.t1	498	No	No
g4574.t1	g4574.t1	96	No	No
g4575.t1	g4575.t1	190	No	No
g4576.t1	g4576.t1	43	No	No
g4577.t1	g4577.t1	311	No	No
g4578.t1	g4578.t1	816	No	No
g4579.t1	g4579.t1	252	No	No
g4580.t1	g4580.t1	746	No	No
g4581.t1	g4581.t1	740	No	No
g4582.t1	g4582.t1	4162	No	No
g4583.t1	g4583.t1	663	No	No
g4584.t1	g4584.t1	136	No	No
g4585.t1	g4585.t1	160	No	No
g4586.t1	g4586.t1	113	No	No
g4587.t1	g4587.t1	132	No	No
g4588.t1	g4588.t1	197	No	No
g4589.t1	g4589.t1	137	No	No
g4590.t1	g4590.t1	69	No	No
g4591.t1	g4591.t1	140	No	No
g4592.t1	g4592.t1	819	No	No
g4593.t1	g4593.t1	111	No	No
g4594.t1	g4594.t1	71	No	No
g4595.t2	g4595.t2	683	No	No
g4596.t1	g4596.t1	354	No	No
g4597.t1	g4597.t1	302	No	No
g4598.t1	g4598.t1	88	Yes	No
g4599.t1	g4599.t1	409	No	No
g4600.t1	g4600.t1	70	No	No
g4601.t1	g4601.t1	432	No	No
g4602.t1	g4602.t1	552	No	No
g4603.t1	g4603.t1	66	No	No
g4604.t1	g4604.t1	735	No	No
g4605.t1	g4605.t1	551	No	No
g4606.t1	g4606.t1	288	No	No
g4607.t1	g4607.t1	428	No	No
g4608.t1	g4608.t1	84	No	No
g4609.t1	g4609.t1	290	No	No
g4610.t1	g4610.t1	514	No	No
g4611.t1	g4611.t1	416	No	No
g4612.t1	g4612.t1	303	No	No
g4613.t1	g4613.t1	296	No	No
g4614.t1	g4614.t1	1237	No	No
g4615.t1	g4615.t1	163	No	No
g4616.t1	g4616.t1	131	No	No
g4617.t1	g4617.t1	146	No	No
g4618.t1	g4618.t1	504	No	No
g4619.t1	g4619.t1	83	No	No
g4620.t1	g4620.t1	172	No	No
g4621.t1	g4621.t1	83	No	No
g4622.t1	g4622.t1	184	No	No
g4623.t1	g4623.t1	428	No	No
g4624.t1	g4624.t1	70	No	No
g4625.t1	g4625.t1	482	No	No
g4626.t1	g4626.t1	340	No	No
g4627.t1	g4627.t1	675	No	No
g4628.t1	g4628.t1	540	No	No
g4629.t1	g4629.t1	472	No	No
g4630.t1	g4630.t1	525	No	No
g4631.t1	g4631.t1	215	No	No
g4632.t1	g4632.t1	459	No	No
g4633.t1	g4633.t1	315	No	No
g4634.t1	g4634.t1	82	No	No
g4635.t1	g4635.t1	135	No	No
g4636.t1	g4636.t1	253	No	No
g4637.t1	g4637.t1	161	No	No
g4638.t1	g4638.t1	577	No	No
g4639.t1	g4639.t1	937	No	No
g4640.t1	g4640.t1	2084	Yes	No
g4641.t1	g4641.t1	78	No	No
g4642.t1	g4642.t1	74	No	No
g4643.t1	g4643.t1	258	No	No
g4644.t1	g4644.t1	675	No	No
g4645.t1	g4645.t1	431	No	No
g4646.t2	g4646.t2	1336	No	No
g4647.t1	g4647.t1	150	No	No
g4648.t1	g4648.t1	86	No	No
g4649.t1	g4649.t1	153	No	No
g4650.t1	g4650.t1	70	No	No
g4651.t1	g4651.t1	149	No	No
g4652.t1	g4652.t1	99	No	No
g4653.t1	g4653.t1	172	No	No
g4654.t1	g4654.t1	384	No	No
g4655.t1	g4655.t1	376	No	No
g4656.t1	g4656.t1	184	No	No
g4657.t1	g4657.t1	1098	No	No
g4658.t1	g4658.t1	199	No	No
g4659.t1	g4659.t1	252	No	No
g4660.t1	g4660.t1	187	No	No
g4661.t1	g4661.t1	321	No	No
g4662.t1	g4662.t1	297	No	No
g4663.t1	g4663.t1	422	No	No
g4664.t1	g4664.t1	224	No	No
g4665.t1	g4665.t1	228	No	No
g4666.t1	g4666.t1	145	No	No
g4667.t1	g4667.t1	497	No	No
g4668.t1	g4668.t1	414	No	No
g4669.t1	g4669.t1	85	No	No
g4670.t1	g4670.t1	80	No	No
g4671.t1	g4671.t1	105	No	No
g4672.t1	g4672.t1	70	No	No
g4673.t1	g4673.t1	102	No	No
g4674.t1	g4674.t1	82	No	No
g4675.t1	g4675.t1	267	No	No
g4676.t1	g4676.t1	1315	No	No
g4677.t1	g4677.t1	977	No	No
g4678.t1	g4678.t1	539	No	No
g4679.t1	g4679.t1	163	Yes	No
g4680.t1	g4680.t1	40	No	No
g4681.t1	g4681.t1	438	No	No
g4682.t1	g4682.t1	127	No	No
g4683.t1	g4683.t1	378	No	No
g4684.t1	g4684.t1	222	No	No
g4685.t1	g4685.t1	75	No	No
g4686.t1	g4686.t1	220	No	No
g4687.t1	g4687.t1	156	No	No
g4688.t1	g4688.t1	262	No	No
g4689.t1	g4689.t1	236	No	No
g4690.t2	g4690.t2	269	No	No
g4691.t1	g4691.t1	126	No	No
g4692.t1	g4692.t1	254	No	No
g4693.t1	g4693.t1	431	No	No
g4694.t1	g4694.t1	235	No	No
g4695.t1	g4695.t1	223	No	No
g4696.t1	g4696.t1	151	No	No
g4697.t1	g4697.t1	204	No	No
g4698.t1	g4698.t1	109	No	No
g4699.t1	g4699.t1	167	No	No
g4700.t1	g4700.t1	843	No	No
g4701.t1	g4701.t1	145	No	No
g4702.t1	g4702.t1	104	No	No
g4703.t1	g4703.t1	639	No	No
g4704.t1	g4704.t1	406	No	No
g4705.t1	g4705.t1	328	Yes	No
g4706.t1	g4706.t1	142	No	No
g4707.t1	g4707.t1	116	No	No
g4708.t1	g4708.t1	879	No	No
g4709.t1	g4709.t1	732	No	No
g4710.t1	g4710.t1	331	Yes	No
g4711.t1	g4711.t1	124	Yes	No
g4712.t1	g4712.t1	135	No	No
g4713.t1	g4713.t1	82	No	No
g4714.t1	g4714.t1	283	No	No
g4715.t1	g4715.t1	91	No	No
g4716.t1	g4716.t1	145	No	No
g4717.t1	g4717.t1	76	No	No
g4718.t1	g4718.t1	205	No	No
g4719.t1	g4719.t1	288	No	No
g4720.t1	g4720.t1	1031	No	No
g4721.t1	g4721.t1	191	No	No
g4722.t1	g4722.t1	464	No	No
g4723.t1	g4723.t1	467	No	No
g4724.t1	g4724.t1	566	No	No
g4725.t1	g4725.t1	474	No	No
g4726.t1	g4726.t1	133	No	No
g4727.t1	g4727.t1	775	Yes	No
g4728.t1	g4728.t1	84	No	No
g4729.t1	g4729.t1	129	No	No
g4730.t1	g4730.t1	200	No	No
g4731.t1	g4731.t1	115	No	No
g4732.t1	g4732.t1	92	No	No
g4733.t1	g4733.t1	267	No	No
g4734.t1	g4734.t1	1994	No	No
g4735.t1	g4735.t1	595	No	No
g4736.t1	g4736.t1	389	No	No
g4737.t1	g4737.t1	71	No	No
g4738.t1	g4738.t1	594	No	No
g4739.t1	g4739.t1	195	No	No
g4740.t1	g4740.t1	94	No	No
g4741.t1	g4741.t1	154	No	No
g4742.t1	g4742.t1	246	No	No
g4743.t1	g4743.t1	601	No	No
g4744.t1	g4744.t1	645	No	No
g4745.t1	g4745.t1	494	No	No
g4746.t1	g4746.t1	577	No	No
g4747.t1	g4747.t1	99	No	No
g4748.t1	g4748.t1	1130	No	No
g4749.t1	g4749.t1	112	No	No
g4750.t1	g4750.t1	103	No	No
g4751.t1	g4751.t1	96	No	No
g4752.t1	g4752.t1	607	No	No
g4753.t1	g4753.t1	462	No	No
g4754.t1	g4754.t1	431	No	No
g4755.t1	g4755.t1	249	No	No
g4756.t1	g4756.t1	641	No	No
g4757.t1	g4757.t1	153	Yes	No
g4758.t1	g4758.t1	424	No	No
g4759.t1	g4759.t1	207	Yes	No
g4760.t1	g4760.t1	183	No	No
g4761.t2	g4761.t2	221	No	No
g4762.t1	g4762.t1	640	No	No
g4763.t1	g4763.t1	264	No	No
g4764.t1	g4764.t1	174	No	No
g4765.t1	g4765.t1	690	No	No
g4766.t1	g4766.t1	386	No	No
g4767.t1	g4767.t1	379	No	No
g4768.t1	g4768.t1	88	No	No
g4769.t1	g4769.t1	173	No	No
g4770.t1	g4770.t1	196	No	No
g4771.t1	g4771.t1	501	No	No
g4772.t1	g4772.t1	259	No	No
g4773.t1	g4773.t1	248	No	No
g4774.t1	g4774.t1	262	No	No
g4775.t1	g4775.t1	229	Yes	No
g4776.t1	g4776.t1	138	No	No
g4777.t1	g4777.t1	121	No	No
g4778.t1	g4778.t1	78	No	No
g4779.t1	g4779.t1	152	No	No
g4780.t1	g4780.t1	314	No	No
g4781.t1	g4781.t1	88	No	No
g4782.t1	g4782.t1	108	No	No
g4783.t1	g4783.t1	82	No	No
g4784.t1	g4784.t1	111	No	No
g4785.t1	g4785.t1	182	No	No
g4786.t1	g4786.t1	468	No	No
g4787.t1	g4787.t1	168	No	No
g4788.t1	g4788.t1	853	No	No
g4789.t1	g4789.t1	88	No	No
g4790.t1	g4790.t1	75	No	No
g4791.t1	g4791.t1	848	No	No
g4792.t1	g4792.t1	158	No	No
g4793.t1	g4793.t1	38	Yes	No
g4794.t1	g4794.t1	98	No	No
g4795.t1	g4795.t1	67	No	No
g4796.t1	g4796.t1	97	No	No
g4797.t1	g4797.t1	2240	No	No
g4798.t1	g4798.t1	156	No	No
g4799.t1	g4799.t1	138	No	No
g4800.t1	g4800.t1	421	No	No
g4801.t1	g4801.t1	343	No	No
g4802.t1	g4802.t1	724	No	No
g4803.t1	g4803.t1	733	No	No
g4804.t1	g4804.t1	434	No	No
g4805.t1	g4805.t1	448	No	No
g4806.t1	g4806.t1	708	No	No
g4807.t1	g4807.t1	143	No	No
g4808.t1	g4808.t1	1177	No	No
g4809.t1	g4809.t1	468	No	No
g4810.t1	g4810.t1	324	No	No
g4811.t1	g4811.t1	507	No	No
g4812.t1	g4812.t1	71	No	No
g4813.t1	g4813.t1	327	No	No
g4814.t1	g4814.t1	126	No	No
g4815.t1	g4815.t1	91	No	No
g4816.t1	g4816.t1	639	No	No
g4817.t1	g4817.t1	690	No	No
g4818.t1	g4818.t1	36	Yes	No
g4819.t1	g4819.t1	123	No	No
g4820.t1	g4820.t1	186	No	No
g4821.t1	g4821.t1	318	No	No
g4822.t1	g4822.t1	530	No	No
g4823.t1	g4823.t1	470	No	No
g4824.t1	g4824.t1	145	No	No
g4825.t1	g4825.t1	199	No	No
g4826.t1	g4826.t1	73	Yes	No
g4827.t1	g4827.t1	88	No	No
g4828.t1	g4828.t1	294	No	No
g4829.t1	g4829.t1	771	No	No
g4830.t1	g4830.t1	170	No	No
g4831.t1	g4831.t1	66	No	No
g4832.t1	g4832.t1	113	No	No
g4833.t1	g4833.t1	96	No	No
g4834.t1	g4834.t1	111	No	No
g4835.t1	g4835.t1	359	No	No
g4836.t1	g4836.t1	285	No	No
g4837.t1	g4837.t1	797	No	No
g4838.t1	g4838.t1	416	No	No
g4839.t1	g4839.t1	320	No	No
g4840.t1	g4840.t1	80	No	No
g4841.t1	g4841.t1	861	No	No
g4842.t1	g4842.t1	698	Yes	No
g4843.t1	g4843.t1	1757	No	No
g4844.t2	g4844.t2	701	No	No
g4845.t1	g4845.t1	147	No	No
g4846.t1	g4846.t1	390	No	No
g4847.t1	g4847.t1	46	Yes	No
g4848.t1	g4848.t1	996	No	No
g4849.t1	g4849.t1	568	No	No
g4850.t1	g4850.t1	68	No	No
g4851.t1	g4851.t1	297	No	No
g4852.t3	g4852.t3	2226	No	No
g4853.t1	g4853.t1	60	Yes	No
g4854.t1	g4854.t1	1253	No	No
g4855.t1	g4855.t1	318	No	No
g4856.t1	g4856.t1	93	No	No
g4857.t1	g4857.t1	104	No	No
g4858.t1	g4858.t1	1016	No	No
g4859.t1	g4859.t1	90	No	No
g4860.t1	g4860.t1	1339	No	No
g4861.t1	g4861.t1	188	No	No
g4862.t1	g4862.t1	341	No	No
g4863.t1	g4863.t1	105	No	No
g4864.t1	g4864.t1	364	No	No
g4865.t1	g4865.t1	96	No	No
g4866.t1	g4866.t1	111	No	No
g4867.t1	g4867.t1	216	No	No
g4868.t1	g4868.t1	420	No	No
g4869.t1	g4869.t1	493	No	No
g4870.t1	g4870.t1	112	No	No
g4871.t1	g4871.t1	73	No	No
g4872.t1	g4872.t1	1072	No	No
g4873.t1	g4873.t1	704	No	No
g4874.t1	g4874.t1	194	No	No
g4875.t1	g4875.t1	376	No	No
g4876.t1	g4876.t1	150	No	No
g4877.t1	g4877.t1	158	No	No
g4878.t2	g4878.t2	159	No	No
g4879.t1	g4879.t1	951	No	No
g4880.t1	g4880.t1	202	No	No
g4881.t1	g4881.t1	175	Yes	No
g4882.t1	g4882.t1	84	No	No
g4883.t1	g4883.t1	105	No	No
g4884.t1	g4884.t1	403	No	No
g4885.t2	g4885.t2	303	No	No
g4886.t1	g4886.t1	162	No	No
g4887.t1	g4887.t1	403	No	No
g4888.t1	g4888.t1	403	No	No
g4889.t1	g4889.t1	403	No	No
g4890.t1	g4890.t1	403	No	No
g4891.t1	g4891.t1	410	No	No
g4892.t1	g4892.t1	402	No	No
g4893.t1	g4893.t1	399	No	No
g4894.t1	g4894.t1	134	No	No
g4895.t1	g4895.t1	164	No	No
g4896.t1	g4896.t1	402	No	No
g4897.t1	g4897.t1	511	No	No
g4898.t1	g4898.t1	282	No	No
g4899.t1	g4899.t1	429	No	No
g4900.t1	g4900.t1	430	No	No
g4901.t1	g4901.t1	153	No	No
g4902.t1	g4902.t1	86	No	No
g4903.t1	g4903.t1	486	No	No
g4904.t1	g4904.t1	410	No	No
g4905.t1	g4905.t1	225	No	No
g4906.t1	g4906.t1	179	No	No
g4907.t1	g4907.t1	138	No	No
g4908.t1	g4908.t1	106	No	No
g4909.t2	g4909.t2	206	No	No
g4910.t1	g4910.t1	298	No	No
g4911.t1	g4911.t1	201	No	No
g4912.t1	g4912.t1	71	No	No
g4913.t1	g4913.t1	244	No	No
g4914.t1	g4914.t1	485	No	No
g4915.t1	g4915.t1	422	Yes	No
g4916.t1	g4916.t1	113	No	No
g4917.t1	g4917.t1	479	No	No
g4918.t1	g4918.t1	810	No	No
g4919.t1	g4919.t1	265	Yes	No
g4920.t1	g4920.t1	194	No	No
g4921.t1	g4921.t1	206	No	No
g4922.t1	g4922.t1	97	No	No
g4923.t1	g4923.t1	95	No	No
g4924.t2	g4924.t2	1171	No	No
g4925.t1	g4925.t1	202	No	No
g4926.t1	g4926.t1	86	No	No
g4927.t1	g4927.t1	330	No	No
g4928.t1	g4928.t1	98	No	No
g4929.t1	g4929.t1	69	No	No
g4930.t1	g4930.t1	335	No	No
g4931.t1	g4931.t1	1158	No	No
g4932.t1	g4932.t1	175	No	No
g4933.t1	g4933.t1	795	No	No
g4934.t2	g4934.t2	491	No	No
g4935.t1	g4935.t1	678	Yes	No
g4936.t1	g4936.t1	61	Yes	No
g4937.t1	g4937.t1	1395	No	No
g4938.t1	g4938.t1	106	No	No
g4939.t1	g4939.t1	494	No	No
g4940.t1	g4940.t1	548	No	No
g4941.t1	g4941.t1	263	No	No
g4942.t1	g4942.t1	969	No	No
g4943.t1	g4943.t1	87	No	No
g4944.t1	g4944.t1	1353	No	No
g4945.t1	g4945.t1	90	No	No
g4946.t2	g4946.t2	1219	No	No
g4947.t1	g4947.t1	1960	No	No
g4948.t1	g4948.t1	806	No	No
g4949.t1	g4949.t1	509	No	No
g4950.t1	g4950.t1	273	No	No
g4951.t1	g4951.t1	83	No	No
g4952.t1	g4952.t1	83	No	No
g4953.t1	g4953.t1	119	No	No
g4954.t1	g4954.t1	64	Yes	No
g4955.t1	g4955.t1	330	Yes	No
g4956.t1	g4956.t1	231	Yes	No
g4957.t1	g4957.t1	117	No	No
g4958.t1	g4958.t1	117	No	No
g4959.t1	g4959.t1	153	No	No
g4960.t1	g4960.t1	271	No	No
g4961.t1	g4961.t1	242	No	No
g4962.t1	g4962.t1	824	No	No
g4963.t1	g4963.t1	104	No	No
g4964.t1	g4964.t1	871	No	No
g4965.t1	g4965.t1	82	No	No
g4966.t1	g4966.t1	46	No	No
g4967.t1	g4967.t1	209	No	No
g4968.t1	g4968.t1	149	No	No
g4969.t1	g4969.t1	75	No	No
g4970.t1	g4970.t1	263	No	No
g4971.t1	g4971.t1	624	Yes	No
g4972.t1	g4972.t1	89	No	No
g4973.t1	g4973.t1	189	No	No
g4974.t2	g4974.t2	316	No	No
g4975.t1	g4975.t1	66	No	No
g4976.t1	g4976.t1	151	No	No
g4977.t1	g4977.t1	882	No	No
g4978.t1	g4978.t1	86	No	No
g4979.t1	g4979.t1	126	No	No
g4980.t1	g4980.t1	161	No	No
g4981.t1	g4981.t1	218	No	No
g4982.t1	g4982.t1	622	No	No
g4983.t1	g4983.t1	213	No	No
g4984.t1	g4984.t1	211	No	No
g4985.t1	g4985.t1	90	No	No
g4986.t1	g4986.t1	230	No	No
g4987.t1	g4987.t1	276	Yes	No
g4988.t1	g4988.t1	323	No	No
g4989.t1	g4989.t1	131	Yes	No
g4990.t1	g4990.t1	335	Yes	No
g4991.t1	g4991.t1	146	No	No
g4992.t1	g4992.t1	179	No	No
g4993.t1	g4993.t1	542	No	No
g4994.t1	g4994.t1	153	No	No
g4995.t1	g4995.t1	141	No	No
g4996.t1	g4996.t1	159	No	No
g4997.t2	g4997.t2	421	No	No
g4998.t1	g4998.t1	725	No	No
g4999.t2	g4999.t2	200	No	No
g5000.t1	g5000.t1	188	No	No
g5001.t1	g5001.t1	920	No	No
g5002.t1	g5002.t1	81	No	No
g5003.t1	g5003.t1	254	No	No
g5004.t1	g5004.t1	102	No	No
g5005.t1	g5005.t1	106	No	No
g5006.t1	g5006.t1	125	No	No
g5007.t1	g5007.t1	68	No	No
g5008.t1	g5008.t1	328	No	No
g5009.t1	g5009.t1	470	No	No
g5010.t1	g5010.t1	165	No	No
g5011.t1	g5011.t1	803	No	No
g5012.t1	g5012.t1	58	Yes	No
g5013.t2	g5013.t2	1505	No	No
g5014.t1	g5014.t1	121	No	No
g5015.t1	g5015.t1	329	No	No
g5016.t1	g5016.t1	280	Yes	No
g5017.t1	g5017.t1	1286	No	No
g5018.t1	g5018.t1	632	No	No
g5019.t1	g5019.t1	84	No	No
g5020.t1	g5020.t1	185	No	No
g5021.t1	g5021.t1	319	Yes	No
g5022.t1	g5022.t1	544	No	No
g5023.t1	g5023.t1	345	No	No
g5024.t1	g5024.t1	97	No	No
g5025.t1	g5025.t1	642	Yes	No
g5026.t1	g5026.t1	235	No	No
g5027.t1	g5027.t1	129	No	No
g5028.t1	g5028.t1	136	No	No
g5029.t1	g5029.t1	250	Yes	No
g5030.t1	g5030.t1	148	No	No
g5031.t1	g5031.t1	94	No	No
g5032.t1	g5032.t1	364	No	No
g5033.t1	g5033.t1	276	No	No
g5034.t1	g5034.t1	157	No	No
g5035.t1	g5035.t1	524	No	No
g5036.t1	g5036.t1	378	No	No
g5037.t1	g5037.t1	82	No	No
g5038.t1	g5038.t1	80	No	No
g5039.t1	g5039.t1	130	Yes	No
g5040.t1	g5040.t1	382	No	No
g5041.t1	g5041.t1	110	No	No
g5042.t1	g5042.t1	111	No	No
g5043.t1	g5043.t1	726	No	No
g5044.t1	g5044.t1	1063	No	No
g5045.t1	g5045.t1	361	No	No
g5046.t1	g5046.t1	390	No	No
g5047.t1	g5047.t1	85	No	No
g5048.t1	g5048.t1	122	No	No
g5049.t1	g5049.t1	314	No	No
g5050.t1	g5050.t1	170	No	No
g5051.t1	g5051.t1	581	No	No
g5052.t1	g5052.t1	104	No	No
g5053.t1	g5053.t1	226	No	No
g5054.t1	g5054.t1	139	No	No
g5055.t1	g5055.t1	277	Yes	No
g5056.t1	g5056.t1	851	No	No
g5057.t1	g5057.t1	184	No	No
g5058.t1	g5058.t1	236	No	No
g5059.t1	g5059.t1	610	No	No
g5060.t1	g5060.t1	125	No	No
g5061.t1	g5061.t1	391	No	No
g5062.t1	g5062.t1	104	No	No
g5063.t1	g5063.t1	243	No	No
g5064.t1	g5064.t1	97	No	No
g5065.t1	g5065.t1	191	No	No
g5066.t1	g5066.t1	231	No	No
g5067.t1	g5067.t1	47	No	No
g5068.t1	g5068.t1	214	No	No
g5069.t1	g5069.t1	281	No	No
g5070.t1	g5070.t1	70	No	No
g5071.t1	g5071.t1	160	No	No
g5072.t1	g5072.t1	118	No	No
g5073.t1	g5073.t1	95	No	No
g5074.t1	g5074.t1	123	No	No
g5075.t1	g5075.t1	229	No	No
g5076.t1	g5076.t1	121	No	No
g5077.t3	g5077.t3	797	No	No
g5078.t1	g5078.t1	418	No	No
g5079.t1	g5079.t1	548	No	No
g5080.t1	g5080.t1	919	No	No
g5081.t1	g5081.t1	148	No	No
g5082.t1	g5082.t1	136	No	No
g5083.t1	g5083.t1	187	Yes	No
g5084.t1	g5084.t1	476	No	No
g5085.t1	g5085.t1	500	No	No
g5086.t1	g5086.t1	185	No	No
g5087.t1	g5087.t1	490	No	No
g5088.t1	g5088.t1	475	No	No
g5089.t1	g5089.t1	260	Yes	No
g5090.t1	g5090.t1	558	No	No
g5091.t1	g5091.t1	132	No	No
g5092.t1	g5092.t1	377	No	No
g5093.t1	g5093.t1	109	No	No
g5094.t1	g5094.t1	1343	No	No
g5095.t1	g5095.t1	102	No	No
g5096.t1	g5096.t1	81	No	No
g5097.t1	g5097.t1	68	No	No
g5098.t1	g5098.t1	88	No	No
g5099.t1	g5099.t1	230	No	No
g5100.t1	g5100.t1	632	No	No
g5101.t1	g5101.t1	489	No	No
g5102.t3	g5102.t3	1006	No	No
g5103.t1	g5103.t1	170	No	No
g5104.t1	g5104.t1	147	Yes	No
g5105.t1	g5105.t1	621	No	No
g5106.t1	g5106.t1	114	No	No
g5107.t1	g5107.t1	169	No	No
g5108.t1	g5108.t1	172	No	No
g5109.t1	g5109.t1	71	No	No
g5110.t1	g5110.t1	419	No	No
g5111.t1	g5111.t1	801	No	No
g5112.t1	g5112.t1	99	No	No
g5113.t1	g5113.t1	74	No	No
g5114.t1	g5114.t1	365	No	No
g5115.t1	g5115.t1	95	No	No
g5116.t1	g5116.t1	463	No	No
g5117.t1	g5117.t1	259	No	No
g5118.t1	g5118.t1	294	No	No
g5119.t1	g5119.t1	471	No	No
g5120.t1	g5120.t1	634	No	No
g5121.t1	g5121.t1	315	No	No
g5122.t1	g5122.t1	83	No	No
g5123.t1	g5123.t1	359	No	No
g5124.t1	g5124.t1	285	No	No
g5125.t1	g5125.t1	797	No	No
g5126.t2	g5126.t2	187	No	No
g5127.t1	g5127.t1	143	No	No
g5128.t1	g5128.t1	169	No	No
g5129.t1	g5129.t1	192	No	No
g5130.t1	g5130.t1	139	No	No
g5131.t1	g5131.t1	96	No	No
g5132.t1	g5132.t1	947	No	No
g5133.t1	g5133.t1	196	No	No
g5134.t1	g5134.t1	413	No	No
g5135.t1	g5135.t1	424	Yes	No
g5136.t1	g5136.t1	251	No	No
g5137.t1	g5137.t1	349	No	No
g5138.t1	g5138.t1	590	No	No
g5139.t1	g5139.t1	446	No	No
g5140.t1	g5140.t1	111	No	No
g5141.t1	g5141.t1	70	No	No
g5142.t1	g5142.t1	109	No	No
g5143.t1	g5143.t1	191	No	No
g5144.t1	g5144.t1	105	No	No
g5145.t1	g5145.t1	109	No	No
g5146.t1	g5146.t1	636	No	No
g5147.t1	g5147.t1	241	No	No
g5148.t1	g5148.t1	273	No	No
g5149.t1	g5149.t1	478	No	No
g5150.t1	g5150.t1	313	No	No
g5151.t1	g5151.t1	311	No	No
g5152.t1	g5152.t1	280	No	No
g5153.t1	g5153.t1	541	No	No
g5154.t1	g5154.t1	533	No	No
g5155.t1	g5155.t1	104	No	No
g5156.t1	g5156.t1	96	No	No
g5157.t1	g5157.t1	672	Yes	No
g5158.t1	g5158.t1	485	No	No
g5159.t1	g5159.t1	224	No	No
g5160.t1	g5160.t1	468	No	No
g5161.t1	g5161.t1	351	No	No
g5162.t1	g5162.t1	626	Yes	No
g5163.t1	g5163.t1	387	No	No
g5164.t1	g5164.t1	154	No	No
g5165.t1	g5165.t1	78	No	No
g5166.t1	g5166.t1	113	No	No
g5167.t1	g5167.t1	132	No	No
g5168.t1	g5168.t1	1257	No	No
g5169.t1	g5169.t1	217	No	No
g5170.t1	g5170.t1	152	No	No
g5171.t1	g5171.t1	89	Yes	No
g5172.t1	g5172.t1	108	Yes	No
g5173.t1	g5173.t1	900	Yes	No
g5174.t1	g5174.t1	319	No	No
g5175.t1	g5175.t1	227	No	No
g5176.t1	g5176.t1	382	No	No
g5177.t1	g5177.t1	96	No	No
g5178.t1	g5178.t1	1349	No	No
g5179.t2	g5179.t2	1266	No	No
g5180.t1	g5180.t1	313	No	No
g5181.t1	g5181.t1	2240	No	No
g5182.t1	g5182.t1	383	No	No
g5183.t1	g5183.t1	240	No	No
g5184.t1	g5184.t1	182	No	No
g5185.t1	g5185.t1	1047	No	No
g5186.t1	g5186.t1	82	No	No
g5187.t1	g5187.t1	462	No	No
g5188.t1	g5188.t1	73	No	No
g5189.t1	g5189.t1	695	No	No
g5190.t2	g5190.t2	687	No	No
g5191.t1	g5191.t1	377	No	No
g5192.t1	g5192.t1	266	No	No
g5193.t1	g5193.t1	202	No	No
g5194.t1	g5194.t1	1176	No	No
g5195.t1	g5195.t1	321	No	No
g5196.t1	g5196.t1	574	No	No
g5197.t1	g5197.t1	218	No	No
g5198.t1	g5198.t1	88	No	No
g5199.t1	g5199.t1	222	No	No
g5200.t1	g5200.t1	134	No	No
g5201.t1	g5201.t1	182	No	No
g5202.t1	g5202.t1	113	No	No
g5203.t1	g5203.t1	1089	No	No
g5204.t1	g5204.t1	98	No	No
g5205.t1	g5205.t1	99	No	No
g5206.t1	g5206.t1	369	No	No
g5207.t1	g5207.t1	71	No	No
g5208.t1	g5208.t1	92	No	No
g5209.t1	g5209.t1	196	No	No
g5210.t1	g5210.t1	241	No	No
g5211.t1	g5211.t1	48	No	No
g5212.t3	g5212.t3	1347	No	No
g5213.t1	g5213.t1	167	No	No
g5214.t1	g5214.t1	139	No	No
g5215.t1	g5215.t1	153	No	No
g5216.t1	g5216.t1	708	No	No
g5217.t1	g5217.t1	144	Yes	No
g5218.t1	g5218.t1	207	No	No
g5219.t1	g5219.t1	329	No	No
g5220.t2	g5220.t2	1562	No	No
g5221.t1	g5221.t1	298	No	No
g5222.t1	g5222.t1	193	No	No
g5223.t1	g5223.t1	102	No	No
g5224.t1	g5224.t1	810	No	No
g5225.t1	g5225.t1	877	No	No
g5226.t1	g5226.t1	157	No	No
g5227.t1	g5227.t1	84	No	No
g5228.t1	g5228.t1	611	No	No
g5229.t1	g5229.t1	169	No	No
g5230.t1	g5230.t1	270	No	No
g5231.t1	g5231.t1	75	No	No
g5232.t1	g5232.t1	104	No	No
g5233.t1	g5233.t1	146	No	No
g5234.t1	g5234.t1	99	No	No
g5235.t1	g5235.t1	159	No	No
g5236.t1	g5236.t1	134	No	No
g5237.t1	g5237.t1	196	No	No
g5238.t1	g5238.t1	102	No	No
g5239.t1	g5239.t1	210	No	No
g5240.t1	g5240.t1	134	No	No
g5241.t1	g5241.t1	351	No	No
g5242.t1	g5242.t1	174	No	No
g5243.t1	g5243.t1	160	Yes	No
g5244.t2	g5244.t2	1050	No	No
g5245.t1	g5245.t1	214	No	No
g5246.t1	g5246.t1	1334	No	No
g5247.t1	g5247.t1	312	No	No
g5248.t1	g5248.t1	196	No	No
g5249.t1	g5249.t1	131	No	No
g5250.t1	g5250.t1	109	No	No
g5251.t1	g5251.t1	81	No	No
g5252.t1	g5252.t1	105	No	No
g5253.t1	g5253.t1	220	No	No
g5254.t1	g5254.t1	95	No	No
g5255.t1	g5255.t1	76	No	No
g5256.t1	g5256.t1	75	No	No
g5257.t1	g5257.t1	76	No	No
g5258.t1	g5258.t1	80	No	No
g5259.t1	g5259.t1	109	No	No
g5260.t1	g5260.t1	389	No	No
g5261.t1	g5261.t1	116	No	No
g5262.t1	g5262.t1	128	Yes	No
g5263.t1	g5263.t1	78	No	No
g5264.t1	g5264.t1	360	No	No
g5265.t1	g5265.t1	1008	No	No
g5266.t1	g5266.t1	102	No	No
g5267.t1	g5267.t1	550	No	No
g5268.t1	g5268.t1	261	No	No
g5269.t1	g5269.t1	607	No	No
g5270.t1	g5270.t1	82	No	No
g5271.t1	g5271.t1	196	No	No
g5272.t1	g5272.t1	108	No	No
g5273.t1	g5273.t1	165	No	No
g5274.t1	g5274.t1	224	No	No
g5275.t1	g5275.t1	281	No	No
g5276.t1	g5276.t1	342	No	No
g5277.t1	g5277.t1	187	No	No
g5278.t1	g5278.t1	1037	No	No
g5279.t1	g5279.t1	550	No	No
g5280.t1	g5280.t1	210	No	No
g5281.t1	g5281.t1	313	No	No
g5282.t1	g5282.t1	516	No	No
g5283.t1	g5283.t1	164	No	No
g5284.t1	g5284.t1	401	No	No
g5285.t1	g5285.t1	496	No	No
g5286.t1	g5286.t1	588	No	No
g5287.t1	g5287.t1	168	No	No
g5288.t2	g5288.t2	107	Yes	No
g5289.t1	g5289.t1	272	No	No
g5290.t1	g5290.t1	117	No	No
g5291.t1	g5291.t1	258	Yes	No
g5292.t1	g5292.t1	218	No	No
g5293.t1	g5293.t1	369	No	No
g5294.t1	g5294.t1	1108	No	No
g5295.t1	g5295.t1	99	No	No
g5296.t1	g5296.t1	548	No	No
g5297.t1	g5297.t1	1101	No	No
g5298.t1	g5298.t1	452	Yes	No
g5299.t1	g5299.t1	117	No	No
g5300.t1	g5300.t1	86	No	No
g5301.t1	g5301.t1	256	No	No
g5302.t1	g5302.t1	147	No	No
g5303.t1	g5303.t1	114	No	No
g5304.t1	g5304.t1	369	Yes	No
g5305.t1	g5305.t1	54	Yes	No
g5306.t1	g5306.t1	158	No	No
g5307.t1	g5307.t1	124	No	No
g5308.t1	g5308.t1	74	No	No
g5309.t1	g5309.t1	480	No	No
g5310.t1	g5310.t1	267	No	No
g5311.t1	g5311.t1	412	No	No
g5312.t1	g5312.t1	92	No	No
g5313.t1	g5313.t1	85	No	No
g5314.t1	g5314.t1	365	No	No
g5315.t1	g5315.t1	110	No	No
g5316.t1	g5316.t1	98	No	No
g5317.t1	g5317.t1	222	No	No
g5318.t1	g5318.t1	1002	No	No
g5319.t1	g5319.t1	162	No	No
g5320.t1	g5320.t1	169	No	No
g5321.t1	g5321.t1	627	No	No
g5322.t1	g5322.t1	294	No	No
g5323.t1	g5323.t1	345	No	No
g5324.t1	g5324.t1	397	No	No
g5325.t1	g5325.t1	377	No	No
g5326.t1	g5326.t1	204	No	No
g5327.t1	g5327.t1	84	No	No
g5328.t1	g5328.t1	69	No	No
g5329.t1	g5329.t1	97	Yes	No
g5330.t1	g5330.t1	440	No	No
g5331.t1	g5331.t1	1199	No	No
g5332.t1	g5332.t1	67	No	No
g5333.t2	g5333.t2	967	No	No
g5334.t1	g5334.t1	453	No	No
g5335.t2	g5335.t2	231	No	No
g5336.t1	g5336.t1	96	No	No
g5337.t1	g5337.t1	269	No	No
g5338.t1	g5338.t1	947	Yes	No
g5339.t1	g5339.t1	155	No	No
g5340.t1	g5340.t1	166	No	No
g5341.t1	g5341.t1	201	No	No
g5342.t1	g5342.t1	146	Yes	No
g5343.t1	g5343.t1	164	No	No
g5344.t1	g5344.t1	120	No	No
g5345.t1	g5345.t1	547	No	No
g5346.t1	g5346.t1	733	No	No
g5347.t2	g5347.t2	971	No	No
g5348.t1	g5348.t1	369	No	No
g5349.t1	g5349.t1	91	No	No
g5350.t1	g5350.t1	526	No	No
g5351.t1	g5351.t1	124	No	No
g5352.t1	g5352.t1	249	No	No
g5353.t1	g5353.t1	322	No	No
g5354.t1	g5354.t1	235	No	No
g5355.t1	g5355.t1	297	No	No
g5356.t1	g5356.t1	378	No	No
g5357.t1	g5357.t1	303	No	No
g5358.t1	g5358.t1	722	No	No
g5359.t1	g5359.t1	92	Yes	No
g5360.t1	g5360.t1	74	No	No
g5361.t1	g5361.t1	467	No	No
g5362.t1	g5362.t1	264	No	No
g5363.t1	g5363.t1	249	No	No
g5364.t1	g5364.t1	78	No	No
g5365.t1	g5365.t1	455	No	No
g5366.t1	g5366.t1	621	No	No
g5367.t1	g5367.t1	236	No	No
g5368.t1	g5368.t1	111	No	No
g5369.t2	g5369.t2	1679	No	No
g5370.t1	g5370.t1	87	No	No
g5371.t1	g5371.t1	153	No	No
g5372.t1	g5372.t1	116	No	No
g5373.t1	g5373.t1	203	No	No
g5374.t1	g5374.t1	153	No	No
g5375.t1	g5375.t1	120	No	No
g5376.t1	g5376.t1	103	No	No
g5377.t1	g5377.t1	947	No	No
g5378.t1	g5378.t1	214	No	No
g5379.t1	g5379.t1	143	No	No
g5380.t1	g5380.t1	77	No	No
g5381.t1	g5381.t1	579	No	No
g5382.t1	g5382.t1	328	No	No
g5383.t1	g5383.t1	277	Yes	No
g5384.t2	g5384.t2	327	No	No
g5385.t1	g5385.t1	140	Yes	No
g5386.t1	g5386.t1	33	No	No
g5387.t1	g5387.t1	127	No	No
g5388.t1	g5388.t1	379	Yes	No
g5389.t1	g5389.t1	133	Yes	No
g5390.t1	g5390.t1	36	No	No
g5391.t2	g5391.t2	196	No	No
g5392.t1	g5392.t1	209	No	No
g5393.t1	g5393.t1	616	No	No
g5394.t1	g5394.t1	154	No	No
g5395.t1	g5395.t1	119	No	No
g5396.t1	g5396.t1	208	No	No
g5397.t1	g5397.t1	123	No	No
g5398.t1	g5398.t1	130	No	No
g5399.t1	g5399.t1	234	No	No
g5400.t1	g5400.t1	113	No	No
g5401.t1	g5401.t1	360	No	No
g5402.t1	g5402.t1	192	No	No
g5403.t1	g5403.t1	241	No	No
g5404.t1	g5404.t1	171	No	No
g5405.t1	g5405.t1	806	No	No
g5406.t1	g5406.t1	259	No	No
g5407.t1	g5407.t1	371	No	No
g5408.t1	g5408.t1	761	No	No
g5409.t1	g5409.t1	73	No	No
g5410.t1	g5410.t1	170	Yes	No
g5411.t1	g5411.t1	100	No	No
g5412.t1	g5412.t1	1636	No	No
g5413.t1	g5413.t1	245	No	No
g5414.t1	g5414.t1	81	No	No
g5415.t1	g5415.t1	513	No	No
g5416.t1	g5416.t1	211	Yes	No
g5417.t1	g5417.t1	401	No	No
g5418.t3	g5418.t3	363	No	No
g5419.t1	g5419.t1	150	Yes	No
g5420.t1	g5420.t1	759	No	No
g5421.t1	g5421.t1	119	No	No
g5422.t1	g5422.t1	316	No	No
g5423.t1	g5423.t1	380	No	No
g5424.t1	g5424.t1	598	No	No
g5425.t1	g5425.t1	314	No	No
g5426.t1	g5426.t1	358	No	No
g5427.t1	g5427.t1	112	No	No
g5428.t1	g5428.t1	86	No	No
g5429.t1	g5429.t1	420	No	No
g5430.t1	g5430.t1	199	No	No
g5431.t1	g5431.t1	650	No	No
g5432.t1	g5432.t1	922	No	No
g5433.t1	g5433.t1	76	No	No
g5434.t2	g5434.t2	132	No	No
g5435.t1	g5435.t1	133	No	No
g5436.t1	g5436.t1	113	No	No
g5437.t1	g5437.t1	289	Yes	No
g5438.t1	g5438.t1	868	No	No
g5439.t1	g5439.t1	69	No	No
g5440.t1	g5440.t1	365	No	No
g5441.t1	g5441.t1	275	No	No
g5442.t1	g5442.t1	124	No	No
g5443.t1	g5443.t1	466	No	No
g5444.t1	g5444.t1	782	No	No
g5445.t1	g5445.t1	551	No	No
g5446.t1	g5446.t1	123	No	No
g5447.t1	g5447.t1	491	No	No
g5448.t1	g5448.t1	294	No	No
g5449.t1	g5449.t1	1033	No	No
g5450.t1	g5450.t1	372	No	No
g5451.t1	g5451.t1	81	No	No
g5452.t1	g5452.t1	119	No	No
g5453.t1	g5453.t1	749	No	No
g5454.t1	g5454.t1	284	No	No
g5455.t1	g5455.t1	1501	No	No
g5456.t1	g5456.t1	495	No	No
g5457.t1	g5457.t1	247	No	No
g5458.t1	g5458.t1	106	No	No
g5459.t1	g5459.t1	716	No	No
g5460.t1	g5460.t1	464	No	No
g5461.t1	g5461.t1	387	No	No
g5462.t1	g5462.t1	264	No	No
g5463.t1	g5463.t1	733	No	No
g5464.t1	g5464.t1	147	No	No
g5465.t1	g5465.t1	119	No	No
g5466.t1	g5466.t1	445	No	No
g5467.t1	g5467.t1	535	No	No
g5468.t1	g5468.t1	144	No	No
g5469.t1	g5469.t1	3107	No	No
g5470.t1	g5470.t1	1122	Yes	No
g5471.t1	g5471.t1	334	No	No
g5472.t1	g5472.t1	91	No	No
g5473.t1	g5473.t1	299	No	No
g5474.t1	g5474.t1	2035	No	No
g5475.t1	g5475.t1	233	No	No
g5476.t1	g5476.t1	554	No	No
g5477.t1	g5477.t1	293	No	No
g5478.t1	g5478.t1	273	No	No
g5479.t1	g5479.t1	206	No	No
g5480.t1	g5480.t1	95	No	No
g5481.t1	g5481.t1	356	No	No
g5482.t1	g5482.t1	253	No	No
g5483.t1	g5483.t1	127	No	No
g5484.t1	g5484.t1	89	No	No
g5485.t1	g5485.t1	560	No	No
g5486.t1	g5486.t1	441	No	No
g5487.t1	g5487.t1	86	No	No
g5488.t1	g5488.t1	71	Yes	No
g5489.t1	g5489.t1	148	No	No
g5490.t1	g5490.t1	132	No	No
g5491.t1	g5491.t1	115	No	No
g5492.t1	g5492.t1	111	No	No
g5493.t1	g5493.t1	190	No	No
g5494.t1	g5494.t1	333	No	No
g5495.t1	g5495.t1	408	No	No
g5496.t1	g5496.t1	171	No	No
g5497.t1	g5497.t1	326	No	No
g5498.t1	g5498.t1	315	No	No
g5499.t1	g5499.t1	773	No	No
g5500.t1	g5500.t1	510	No	No
g5501.t1	g5501.t1	454	No	No
g5502.t1	g5502.t1	117	No	No
g5503.t1	g5503.t1	69	No	No
g5504.t2	g5504.t2	948	No	No
g5505.t1	g5505.t1	111	No	No
g5506.t1	g5506.t1	124	No	No
g5507.t1	g5507.t1	444	No	No
g5508.t1	g5508.t1	239	No	No
g5509.t1	g5509.t1	123	No	No
g5510.t1	g5510.t1	264	No	No
g5511.t1	g5511.t1	103	No	No
g5512.t1	g5512.t1	728	No	No
g5513.t1	g5513.t1	133	No	No
g5514.t2	g5514.t2	219	No	No
g5515.t1	g5515.t1	489	No	No
g5516.t1	g5516.t1	238	No	No
g5517.t1	g5517.t1	572	No	No
g5518.t1	g5518.t1	584	No	No
g5519.t1	g5519.t1	700	No	No
g5520.t1	g5520.t1	228	No	No
g5521.t1	g5521.t1	683	No	No
g5522.t1	g5522.t1	163	No	No
g5523.t1	g5523.t1	82	No	No
g5524.t1	g5524.t1	139	No	No
g5525.t1	g5525.t1	91	No	No
g5526.t1	g5526.t1	85	No	No
g5527.t1	g5527.t1	206	No	No
g5528.t1	g5528.t1	123	No	No
g5529.t1	g5529.t1	106	No	No
g5530.t1	g5530.t1	76	No	No
g5531.t1	g5531.t1	73	No	No
g5532.t1	g5532.t1	73	No	No
g5533.t2	g5533.t2	376	No	No
g5534.t1	g5534.t1	239	No	No
g5535.t1	g5535.t1	311	Yes	No
g5536.t1	g5536.t1	377	No	No
g5537.t1	g5537.t1	1884	No	No
g5538.t1	g5538.t1	71	No	No
g5539.t1	g5539.t1	207	No	No
g5540.t1	g5540.t1	212	No	No
g5541.t1	g5541.t1	201	No	No
g5542.t1	g5542.t1	270	No	No
g5543.t1	g5543.t1	189	No	No
g5544.t1	g5544.t1	238	No	No
g5545.t1	g5545.t1	243	No	No
g5546.t1	g5546.t1	79	No	No
g5547.t1	g5547.t1	101	No	No
g5548.t1	g5548.t1	847	No	No
g5549.t1	g5549.t1	295	No	No
g5550.t1	g5550.t1	255	No	No
g5551.t1	g5551.t1	122	No	No
g5552.t1	g5552.t1	154	No	No
g5553.t1	g5553.t1	341	No	No
g5554.t1	g5554.t1	501	No	No
g5555.t1	g5555.t1	89	Yes	No
g5556.t1	g5556.t1	90	No	No
g5557.t1	g5557.t1	72	No	No
g5558.t1	g5558.t1	184	No	No
g5559.t1	g5559.t1	431	No	No
g5560.t1	g5560.t1	93	Yes	No
g5561.t1	g5561.t1	629	No	No
g5562.t1	g5562.t1	348	No	No
g5563.t1	g5563.t1	107	No	No
g5564.t1	g5564.t1	121	No	No
g5565.t1	g5565.t1	454	No	No
g5566.t1	g5566.t1	146	No	No
g5567.t1	g5567.t1	1196	No	No
g5568.t1	g5568.t1	494	No	No
g5569.t1	g5569.t1	146	No	No
g5570.t1	g5570.t1	136	No	No
g5571.t1	g5571.t1	135	No	No
g5572.t1	g5572.t1	693	No	No
g5573.t1	g5573.t1	101	No	No
g5574.t2	g5574.t2	480	No	No
g5575.t1	g5575.t1	360	No	No
g5576.t1	g5576.t1	519	No	No
g5577.t1	g5577.t1	117	No	No
g5578.t1	g5578.t1	283	No	No
g5579.t1	g5579.t1	334	No	No
g5580.t1	g5580.t1	366	No	No
g5581.t1	g5581.t1	310	No	No
g5582.t1	g5582.t1	314	No	No
g5583.t1	g5583.t1	130	No	No
g5584.t1	g5584.t1	126	No	No
g5585.t1	g5585.t1	407	No	No
g5586.t1	g5586.t1	262	No	No
g5587.t1	g5587.t1	369	No	No
g5588.t1	g5588.t1	268	No	No
g5589.t1	g5589.t1	148	No	No
g5590.t1	g5590.t1	208	No	No
g5591.t1	g5591.t1	57	Yes	No
g5592.t1	g5592.t1	160	No	No
g5593.t1	g5593.t1	96	No	No
g5594.t1	g5594.t1	156	No	No
g5595.t1	g5595.t1	371	No	No
g5596.t1	g5596.t1	971	No	No
g5597.t1	g5597.t1	744	No	No
g5598.t1	g5598.t1	345	No	No
g5599.t1	g5599.t1	74	No	No
g5600.t1	g5600.t1	268	No	No
g5601.t1	g5601.t1	122	No	No
g5602.t1	g5602.t1	749	Yes	No
g5603.t1	g5603.t1	149	No	No
g5604.t1	g5604.t1	75	No	No
g5605.t1	g5605.t1	123	No	No
g5606.t1	g5606.t1	90	No	No
g5607.t1	g5607.t1	99	No	No
g5608.t1	g5608.t1	890	No	No
g5609.t1	g5609.t1	90	No	No
g5610.t1	g5610.t1	93	No	No
g5611.t1	g5611.t1	9	Yes	No
g5612.t1	g5612.t1	403	Yes	No
g5613.t1	g5613.t1	109	No	No
g5614.t1	g5614.t1	335	No	No
g5615.t1	g5615.t1	148	No	No
g5616.t1	g5616.t1	198	No	No
g5617.t1	g5617.t1	87	No	No
g5618.t1	g5618.t1	635	No	No
g5619.t1	g5619.t1	325	No	No
g5620.t1	g5620.t1	491	No	No
g5621.t1	g5621.t1	402	No	No
g5622.t1	g5622.t1	109	No	No
g5623.t1	g5623.t1	457	No	No
g5624.t1	g5624.t1	338	No	No
g5625.t1	g5625.t1	94	No	No
g5626.t1	g5626.t1	91	No	No
g5627.t1	g5627.t1	481	No	No
g5628.t1	g5628.t1	350	No	No
g5629.t1	g5629.t1	687	No	No
g5630.t1	g5630.t1	56	No	No
g5631.t1	g5631.t1	749	No	No
g5632.t2	g5632.t2	1208	No	No
g5633.t1	g5633.t1	270	No	No
g5634.t1	g5634.t1	297	No	No
g5635.t1	g5635.t1	339	No	No
g5636.t1	g5636.t1	626	No	No
g5637.t1	g5637.t1	290	No	No
g5638.t2	g5638.t2	408	No	No
g5639.t1	g5639.t1	197	No	No
g5640.t1	g5640.t1	304	No	No
g5641.t1	g5641.t1	632	No	No
g5642.t2	g5642.t2	1502	No	No
g5643.t1	g5643.t1	706	No	No
g5644.t1	g5644.t1	514	No	No
g5645.t1	g5645.t1	484	No	No
g5646.t1	g5646.t1	646	No	No
g5647.t1	g5647.t1	1378	No	No
g5648.t1	g5648.t1	380	No	No
g5649.t1	g5649.t1	241	No	No
g5650.t1	g5650.t1	242	No	No
g5651.t1	g5651.t1	149	No	No
g5652.t1	g5652.t1	687	No	No
g5653.t1	g5653.t1	123	No	No
g5654.t3	g5654.t3	425	No	No
g5655.t3	g5655.t3	686	No	No
g5656.t1	g5656.t1	478	No	No
g5657.t1	g5657.t1	809	No	No
g5658.t1	g5658.t1	470	No	No
g5659.t1	g5659.t1	870	No	No
g5660.t1	g5660.t1	77	No	No
g5661.t1	g5661.t1	116	No	No
g5662.t1	g5662.t1	387	No	No
g5663.t1	g5663.t1	863	No	No
g5664.t1	g5664.t1	418	No	No
g5665.t1	g5665.t1	245	No	No
g5666.t1	g5666.t1	370	No	No
g5667.t1	g5667.t1	287	No	No
g5668.t1	g5668.t1	341	No	No
g5669.t1	g5669.t1	337	No	No
g5670.t1	g5670.t1	219	No	No
g5671.t1	g5671.t1	367	No	No
g5672.t2	g5672.t2	856	No	No
g5673.t1	g5673.t1	355	No	No
g5674.t2	g5674.t2	621	No	No
g5675.t1	g5675.t1	136	No	No
g5676.t1	g5676.t1	234	No	No
g5677.t1	g5677.t1	130	No	No
g5678.t1	g5678.t1	479	No	No
g5679.t1	g5679.t1	462	No	No
g5680.t1	g5680.t1	235	No	No
g5681.t1	g5681.t1	569	No	No
g5682.t1	g5682.t1	109	No	No
g5683.t1	g5683.t1	3053	No	No
g5684.t1	g5684.t1	524	No	No
g5685.t1	g5685.t1	953	No	No
g5686.t1	g5686.t1	1845	No	No
g5687.t1	g5687.t1	226	No	No
g5688.t1	g5688.t1	251	No	No
g5689.t1	g5689.t1	153	No	No
g5690.t1	g5690.t1	288	No	No
g5691.t1	g5691.t1	133	Yes	No
g5692.t1	g5692.t1	402	No	No
g5693.t1	g5693.t1	234	No	No
g5694.t1	g5694.t1	47	No	No
g5695.t1	g5695.t1	420	Yes	No
g5696.t1	g5696.t1	598	No	No
g5697.t1	g5697.t1	77	No	No
g5698.t2	g5698.t2	156	No	No
g5699.t1	g5699.t1	215	No	No
g5700.t1	g5700.t1	482	No	No
g5701.t1	g5701.t1	329	No	No
g5702.t1	g5702.t1	85	No	No
g5703.t1	g5703.t1	449	No	No
g5704.t1	g5704.t1	377	No	No
g5705.t1	g5705.t1	66	No	No
g5706.t1	g5706.t1	520	No	No
g5707.t1	g5707.t1	68	Yes	No
g5708.t1	g5708.t1	523	No	No
g5709.t1	g5709.t1	442	No	No
g5710.t1	g5710.t1	104	No	No
g5711.t1	g5711.t1	103	No	No
g5712.t1	g5712.t1	251	No	No
g5713.t1	g5713.t1	212	No	No
g5714.t1	g5714.t1	680	No	No
g5715.t1	g5715.t1	140	No	No
g5716.t1	g5716.t1	164	No	No
g5717.t1	g5717.t1	871	No	No
g5718.t1	g5718.t1	96	No	No
g5719.t1	g5719.t1	236	No	No
g5720.t2	g5720.t2	71	Yes	No
g5721.t1	g5721.t1	90	No	No
g5722.t1	g5722.t1	631	No	No
g5723.t2	g5723.t2	3142	No	No
g5724.t1	g5724.t1	1216	No	No
g5725.t1	g5725.t1	251	No	No
g5726.t1	g5726.t1	338	No	No
g5727.t1	g5727.t1	349	No	No
g5728.t1	g5728.t1	161	No	No
g5729.t1	g5729.t1	326	No	No
g5730.t1	g5730.t1	1072	No	No
g5731.t1	g5731.t1	317	No	No
g5732.t1	g5732.t1	119	Yes	No
g5733.t1	g5733.t1	245	No	No
g5734.t1	g5734.t1	79	No	No
g5735.t1	g5735.t1	82	No	No
g5736.t1	g5736.t1	150	No	No
g5737.t1	g5737.t1	243	No	No
g5738.t1	g5738.t1	222	No	No
g5739.t1	g5739.t1	199	No	No
g5740.t1	g5740.t1	175	No	No
g5741.t1	g5741.t1	226	No	No
g5742.t1	g5742.t1	57	Yes	No
g5743.t1	g5743.t1	783	No	No
g5744.t1	g5744.t1	48	No	No
g5745.t1	g5745.t1	139	No	No
g5746.t1	g5746.t1	180	No	No
g5747.t1	g5747.t1	144	No	No
g5748.t1	g5748.t1	118	No	No
g5749.t1	g5749.t1	210	No	No
g5750.t1	g5750.t1	164	No	No
g5751.t1	g5751.t1	140	No	No
g5752.t1	g5752.t1	186	No	No
g5753.t2	g5753.t2	522	No	No
g5754.t1	g5754.t1	127	No	No
g5755.t1	g5755.t1	278	No	No
g5756.t1	g5756.t1	1286	No	No
g5757.t1	g5757.t1	415	No	No
g5758.t1	g5758.t1	477	No	No
g5759.t1	g5759.t1	364	No	No
g5760.t1	g5760.t1	107	No	No
g5761.t1	g5761.t1	353	No	No
g5762.t1	g5762.t1	126	No	No
g5763.t1	g5763.t1	143	No	No
g5764.t1	g5764.t1	412	No	No
g5765.t1	g5765.t1	311	No	No
g5766.t1	g5766.t1	1696	No	No
g5767.t1	g5767.t1	104	No	No
g5768.t1	g5768.t1	127	No	No
g5769.t1	g5769.t1	1213	No	No
g5770.t1	g5770.t1	64	Yes	No
g5771.t1	g5771.t1	1051	No	No
g5772.t1	g5772.t1	735	No	No
g5773.t1	g5773.t1	170	No	No
g5774.t1	g5774.t1	195	No	No
g5775.t1	g5775.t1	98	No	No
g5776.t1	g5776.t1	586	No	No
g5777.t1	g5777.t1	898	No	No
g5778.t1	g5778.t1	432	No	No
g5779.t1	g5779.t1	75	No	No
g5780.t1	g5780.t1	199	No	No
g5781.t1	g5781.t1	558	No	No
g5782.t1	g5782.t1	206	No	No
g5783.t1	g5783.t1	317	No	No
g5784.t1	g5784.t1	524	No	No
g5785.t1	g5785.t1	477	No	No
g5786.t1	g5786.t1	355	No	No
g5787.t1	g5787.t1	181	No	No
g5788.t1	g5788.t1	945	No	No
g5789.t1	g5789.t1	240	No	No
g5790.t1	g5790.t1	90	No	No
g5791.t1	g5791.t1	67	Yes	No
g5792.t1	g5792.t1	209	No	No
g5793.t1	g5793.t1	303	No	No
g5794.t1	g5794.t1	517	No	No
g5795.t1	g5795.t1	724	No	No
g5796.t2	g5796.t2	3756	No	No
g5797.t1	g5797.t1	179	No	No
g5798.t1	g5798.t1	88	No	No
g5799.t1	g5799.t1	118	No	No
g5800.t1	g5800.t1	112	No	No
g5801.t1	g5801.t1	144	No	No
g5802.t1	g5802.t1	143	No	No
g5803.t1	g5803.t1	74	No	No
g5804.t1	g5804.t1	89	No	No
g5805.t1	g5805.t1	145	No	No
g5806.t2	g5806.t2	981	No	No
g5807.t1	g5807.t1	108	No	No
g5808.t1	g5808.t1	86	No	No
g5809.t1	g5809.t1	224	No	No
g5810.t1	g5810.t1	95	No	No
g5811.t1	g5811.t1	376	No	No
g5812.t1	g5812.t1	1164	No	No
g5813.t1	g5813.t1	461	No	No
g5814.t1	g5814.t1	715	No	No
g5815.t1	g5815.t1	256	No	No
g5816.t1	g5816.t1	94	No	No
g5817.t1	g5817.t1	416	No	No
g5818.t1	g5818.t1	92	No	No
g5819.t1	g5819.t1	500	No	No
g5820.t1	g5820.t1	289	No	No
g5821.t1	g5821.t1	296	No	No
g5822.t1	g5822.t1	79	No	No
g5823.t1	g5823.t1	116	No	No
g5824.t1	g5824.t1	35	Yes	No
g5825.t1	g5825.t1	742	No	No
g5826.t1	g5826.t1	309	No	No
g5827.t1	g5827.t1	305	Yes	No
g5828.t1	g5828.t1	121	No	No
g5829.t1	g5829.t1	74	No	No
g5830.t1	g5830.t1	226	No	No
g5831.t1	g5831.t1	105	No	No
g5832.t1	g5832.t1	81	No	No
g5833.t1	g5833.t1	137	No	No
g5834.t1	g5834.t1	574	No	No
g5835.t1	g5835.t1	60	No	No
g5836.t1	g5836.t1	934	No	No
g5837.t1	g5837.t1	162	No	No
g5838.t1	g5838.t1	685	No	No
g5839.t1	g5839.t1	248	No	No
g5840.t1	g5840.t1	294	No	No
g5841.t1	g5841.t1	137	No	No
g5842.t1	g5842.t1	254	No	No
g5843.t1	g5843.t1	145	No	No
g5844.t1	g5844.t1	155	No	No
g5845.t1	g5845.t1	1204	No	No
g5846.t1	g5846.t1	77	No	No
g5847.t1	g5847.t1	96	No	No
g5848.t1	g5848.t1	97	No	No
g5849.t1	g5849.t1	173	No	No
g5850.t1	g5850.t1	32	Yes	No
g5851.t1	g5851.t1	287	No	No
g5852.t1	g5852.t1	237	No	No
g5853.t1	g5853.t1	523	No	No
g5854.t1	g5854.t1	239	Yes	No
g5855.t1	g5855.t1	85	No	No
g5856.t1	g5856.t1	165	No	No
g5857.t1	g5857.t1	194	No	No
g5858.t1	g5858.t1	884	No	No
g5859.t2	g5859.t2	689	No	No
g5860.t3	g5860.t3	787	No	No
g5861.t1	g5861.t1	307	No	No
g5862.t1	g5862.t1	2186	No	No
g5863.t1	g5863.t1	90	No	No
g5864.t1	g5864.t1	1226	No	No
g5865.t1	g5865.t1	208	Yes	No
g5866.t1	g5866.t1	95	No	No
g5867.t2	g5867.t2	466	No	No
g5868.t1	g5868.t1	610	Yes	No
g5869.t1	g5869.t1	580	No	No
g5870.t1	g5870.t1	1624	No	No
g5871.t1	g5871.t1	308	No	No
g5872.t1	g5872.t1	309	No	No
g5873.t1	g5873.t1	512	No	No
g5874.t1	g5874.t1	290	Yes	No
g5875.t1	g5875.t1	124	No	No
g5876.t1	g5876.t1	218	No	No
g5877.t1	g5877.t1	68	No	No
g5878.t1	g5878.t1	258	No	No
g5879.t1	g5879.t1	71	No	No
g5880.t1	g5880.t1	81	No	No
g5881.t1	g5881.t1	453	No	No
g5882.t1	g5882.t1	129	No	No
g5883.t1	g5883.t1	382	No	No
g5884.t1	g5884.t1	533	No	No
g5885.t1	g5885.t1	422	No	No
g5886.t1	g5886.t1	146	No	No
g5887.t1	g5887.t1	424	No	No
g5888.t1	g5888.t1	936	No	No
g5889.t1	g5889.t1	109	No	No
g5890.t1	g5890.t1	439	No	No
g5891.t1	g5891.t1	284	No	No
g5892.t1	g5892.t1	267	No	No
g5893.t1	g5893.t1	282	No	No
g5894.t1	g5894.t1	288	No	No
g5895.t1	g5895.t1	165	No	No
g5896.t1	g5896.t1	550	No	No
g5897.t1	g5897.t1	1326	No	No
g5898.t1	g5898.t1	94	No	No
g5899.t1	g5899.t1	97	No	No
g5900.t1	g5900.t1	1121	No	No
g5901.t1	g5901.t1	952	No	No
g5902.t1	g5902.t1	993	No	No
g5903.t1	g5903.t1	476	No	No
g5904.t1	g5904.t1	563	No	No
g5905.t2	g5905.t2	202	No	No
g5906.t1	g5906.t1	302	Yes	No
g5907.t1	g5907.t1	120	No	No
g5908.t1	g5908.t1	200	No	No
g5909.t1	g5909.t1	388	No	No
g5910.t1	g5910.t1	93	No	No
g5911.t1	g5911.t1	231	No	No
g5912.t1	g5912.t1	480	No	No
g5913.t1	g5913.t1	324	No	No
g5914.t1	g5914.t1	124	No	No
g5915.t1	g5915.t1	136	Yes	No
g5916.t1	g5916.t1	343	Yes	No
g5917.t1	g5917.t1	827	No	No
g5918.t1	g5918.t1	94	No	No
g5919.t1	g5919.t1	149	No	No
g5920.t1	g5920.t1	101	No	No
g5921.t1	g5921.t1	159	No	No
g5922.t1	g5922.t1	127	No	No
g5923.t1	g5923.t1	317	No	No
g5924.t1	g5924.t1	292	No	No
g5925.t1	g5925.t1	131	No	No
g5926.t1	g5926.t1	645	No	No
g5927.t1	g5927.t1	1772	No	No
g5928.t1	g5928.t1	651	No	No
g5929.t1	g5929.t1	949	No	No
g5930.t1	g5930.t1	284	No	No
g5931.t1	g5931.t1	219	No	No
g5932.t1	g5932.t1	101	No	No
g5933.t1	g5933.t1	135	No	No
g5934.t1	g5934.t1	30	Yes	No
g5935.t1	g5935.t1	100	No	No
g5936.t1	g5936.t1	400	No	No
g5937.t1	g5937.t1	410	No	No
g5938.t1	g5938.t1	82	No	No
g5939.t1	g5939.t1	482	No	No
g5940.t1	g5940.t1	508	No	No
g5941.t2	g5941.t2	156	No	No
g5942.t1	g5942.t1	85	No	No
g5943.t1	g5943.t1	148	No	No
g5944.t1	g5944.t1	100	No	No
g5945.t1	g5945.t1	311	No	No
g5946.t1	g5946.t1	302	No	No
g5947.t1	g5947.t1	280	No	No
g5948.t1	g5948.t1	373	No	No
g5949.t1	g5949.t1	514	No	No
g5950.t1	g5950.t1	368	No	No
g5951.t1	g5951.t1	96	No	No
g5952.t1	g5952.t1	514	No	No
g5953.t1	g5953.t1	528	No	No
g5954.t1	g5954.t1	133	No	No
g5955.t1	g5955.t1	226	No	No
g5956.t1	g5956.t1	417	No	No
g5957.t1	g5957.t1	105	Yes	No
g5958.t1	g5958.t1	236	No	No
g5959.t1	g5959.t1	317	No	No
g5960.t1	g5960.t1	119	No	No
g5961.t1	g5961.t1	473	No	No
g5962.t1	g5962.t1	329	No	No
g5963.t1	g5963.t1	110	No	No
g5964.t1	g5964.t1	187	No	No
g5965.t1	g5965.t1	164	No	No
g5966.t1	g5966.t1	210	No	No
g5967.t1	g5967.t1	98	No	No
g5968.t1	g5968.t1	79	No	No
g5969.t1	g5969.t1	229	Yes	No
g5970.t1	g5970.t1	713	Yes	No
g5971.t1	g5971.t1	170	No	No
g5972.t1	g5972.t1	143	No	No
g5973.t1	g5973.t1	227	No	No
g5974.t1	g5974.t1	277	No	No
g5975.t1	g5975.t1	572	No	No
g5976.t1	g5976.t1	349	No	No
g5977.t1	g5977.t1	208	No	No
g5978.t1	g5978.t1	452	No	No
g5979.t1	g5979.t1	263	No	No
g5980.t1	g5980.t1	378	No	No
g5981.t1	g5981.t1	325	No	No
g5982.t1	g5982.t1	356	No	No
g5983.t1	g5983.t1	116	No	No
g5984.t1	g5984.t1	257	No	No
g5985.t1	g5985.t1	385	No	No
g5986.t1	g5986.t1	261	Yes	No
g5987.t1	g5987.t1	99	No	No
g5988.t1	g5988.t1	156	No	No
g5989.t1	g5989.t1	105	No	No
g5990.t1	g5990.t1	127	No	No
g5991.t1	g5991.t1	185	No	No
g5992.t1	g5992.t1	350	No	No
g5993.t1	g5993.t1	358	No	No
g5994.t1	g5994.t1	457	No	No
g5995.t1	g5995.t1	288	No	No
g5996.t1	g5996.t1	483	No	No
g5997.t1	g5997.t1	110	No	No
g5998.t1	g5998.t1	771	No	No
g5999.t1	g5999.t1	314	No	No
g6000.t1	g6000.t1	155	No	No
g6001.t1	g6001.t1	552	Yes	No
g6002.t1	g6002.t1	74	No	No
g6003.t1	g6003.t1	72	No	No
g6004.t1	g6004.t1	66	No	No
g6005.t1	g6005.t1	164	No	No
g6006.t1	g6006.t1	101	No	No
g6007.t1	g6007.t1	124	No	No
g6008.t1	g6008.t1	391	No	No
g6009.t1	g6009.t1	187	No	No
g6010.t1	g6010.t1	74	No	No
g6011.t1	g6011.t1	137	No	No
g6012.t1	g6012.t1	740	No	No
g6013.t2	g6013.t2	362	No	No
g6014.t1	g6014.t1	248	No	No
g6015.t1	g6015.t1	281	Yes	No
g6016.t1	g6016.t1	307	No	No
g6017.t1	g6017.t1	687	No	No
g6018.t1	g6018.t1	165	No	No
g6019.t1	g6019.t1	566	No	No
g6020.t1	g6020.t1	294	No	No
g6021.t1	g6021.t1	172	No	No
g6022.t1	g6022.t1	74	No	No
g6023.t1	g6023.t1	126	No	No
g6024.t1	g6024.t1	138	No	No
g6025.t1	g6025.t1	496	No	No
g6026.t1	g6026.t1	279	No	No
g6027.t1	g6027.t1	260	No	No
g6028.t1	g6028.t1	137	No	No
g6029.t1	g6029.t1	269	No	No
g6030.t1	g6030.t1	1152	No	No
g6031.t1	g6031.t1	85	No	No
g6032.t1	g6032.t1	95	No	No
g6033.t1	g6033.t1	65	Yes	No
g6034.t3	g6034.t3	382	No	No
g6035.t1	g6035.t1	675	No	No
g6036.t1	g6036.t1	668	No	No
g6037.t1	g6037.t1	394	No	No
g6038.t1	g6038.t1	361	No	No
g6039.t1	g6039.t1	72	No	No
g6040.t1	g6040.t1	404	No	No
g6041.t1	g6041.t1	114	No	No
g6042.t1	g6042.t1	87	No	No
g6043.t1	g6043.t1	447	No	No
g6044.t1	g6044.t1	420	No	No
g6045.t1	g6045.t1	466	No	No
g6046.t1	g6046.t1	474	No	No
g6047.t1	g6047.t1	176	No	No
g6048.t1	g6048.t1	114	No	No
g6049.t1	g6049.t1	195	No	No
g6050.t1	g6050.t1	71	No	No
g6051.t1	g6051.t1	1545	No	No
g6052.t1	g6052.t1	165	No	No
g6053.t1	g6053.t1	258	No	No
g6054.t1	g6054.t1	114	No	No
g6055.t1	g6055.t1	132	No	No
g6056.t1	g6056.t1	228	No	No
g6057.t1	g6057.t1	97	No	No
g6058.t1	g6058.t1	258	No	No
g6059.t1	g6059.t1	462	No	No
g6060.t1	g6060.t1	346	No	No
g6061.t1	g6061.t1	814	No	No
g6062.t2	g6062.t2	284	No	No
g6063.t1	g6063.t1	621	No	No
g6064.t1	g6064.t1	618	No	No
g6065.t1	g6065.t1	185	No	No
g6066.t1	g6066.t1	84	No	No
g6067.t1	g6067.t1	105	No	No
g6068.t1	g6068.t1	481	No	No
g6069.t1	g6069.t1	369	No	No
g6070.t1	g6070.t1	518	No	No
g6071.t1	g6071.t1	591	No	No
g6072.t1	g6072.t1	475	No	No
g6073.t1	g6073.t1	471	No	No
g6074.t1	g6074.t1	917	No	No
g6075.t1	g6075.t1	418	No	No
g6076.t1	g6076.t1	196	No	No
g6077.t1	g6077.t1	615	No	No
g6078.t1	g6078.t1	60	No	No
g6079.t1	g6079.t1	164	No	No
g6080.t1	g6080.t1	95	No	No
g6081.t1	g6081.t1	117	No	No
g6082.t1	g6082.t1	204	No	No
g6083.t1	g6083.t1	79	No	No
g6084.t1	g6084.t1	434	No	No
g6085.t1	g6085.t1	749	No	No
g6086.t1	g6086.t1	157	No	No
g6087.t1	g6087.t1	244	No	No
g6088.t1	g6088.t1	121	No	No
g6089.t1	g6089.t1	1052	No	No
g6090.t2	g6090.t2	199	No	No
g6091.t1	g6091.t1	224	No	No
g6092.t1	g6092.t1	663	Yes	No
g6093.t1	g6093.t1	243	No	No
g6094.t1	g6094.t1	443	No	No
g6095.t1	g6095.t1	402	No	No
g6096.t1	g6096.t1	308	No	No
g6097.t1	g6097.t1	427	No	No
g6098.t1	g6098.t1	1453	No	No
g6099.t1	g6099.t1	336	No	No
g6100.t1	g6100.t1	751	No	No
g6101.t1	g6101.t1	914	No	No
g6102.t1	g6102.t1	420	No	No
g6103.t2	g6103.t2	1168	No	No
g6104.t1	g6104.t1	73	No	No
g6105.t1	g6105.t1	309	No	No
g6106.t1	g6106.t1	373	No	No
g6107.t1	g6107.t1	198	No	No
g6108.t1	g6108.t1	68	No	No
g6109.t1	g6109.t1	216	No	No
g6110.t2	g6110.t2	301	No	No
g6111.t1	g6111.t1	402	No	No
g6112.t2	g6112.t2	433	No	No
g6113.t1	g6113.t1	1195	No	No
g6114.t1	g6114.t1	212	No	No
g6115.t1	g6115.t1	112	No	No
g6116.t1	g6116.t1	267	Yes	No
g6117.t1	g6117.t1	579	No	No
g6118.t3	g6118.t3	1819	No	No
g6119.t2	g6119.t2	781	No	No
g6120.t1	g6120.t1	68	No	No
g6121.t1	g6121.t1	265	No	No
g6122.t1	g6122.t1	107	Yes	No
g6123.t1	g6123.t1	104	No	No
g6124.t1	g6124.t1	134	No	No
g6125.t1	g6125.t1	646	No	No
g6126.t1	g6126.t1	125	Yes	No
g6127.t1	g6127.t1	94	Yes	No
g6128.t1	g6128.t1	556	No	No
g6129.t1	g6129.t1	236	No	No
g6130.t1	g6130.t1	237	No	No
g6131.t1	g6131.t1	63	No	No
g6132.t1	g6132.t1	339	No	No
g6133.t1	g6133.t1	128	No	No
g6134.t1	g6134.t1	250	No	No
g6135.t1	g6135.t1	84	No	No
g6136.t1	g6136.t1	466	No	No
g6137.t1	g6137.t1	67	No	No
g6138.t1	g6138.t1	488	No	No
g6139.t1	g6139.t1	466	No	No
g6140.t1	g6140.t1	542	No	No
g6141.t1	g6141.t1	737	Yes	No
g6142.t1	g6142.t1	219	No	No
g6143.t1	g6143.t1	85	No	No
g6144.t1	g6144.t1	138	No	No
g6145.t1	g6145.t1	974	Yes	No
g6146.t1	g6146.t1	88	Yes	No
g6147.t1	g6147.t1	334	No	No
g6148.t1	g6148.t1	147	No	No
g6149.t1	g6149.t1	82	No	No
g6150.t1	g6150.t1	99	Yes	No
g6151.t1	g6151.t1	485	No	No
g6152.t1	g6152.t1	334	No	No
g6153.t1	g6153.t1	307	No	No
g6154.t1	g6154.t1	378	No	No
g6155.t1	g6155.t1	353	No	No
g6156.t1	g6156.t1	294	No	No
g6157.t1	g6157.t1	190	Yes	No
g6158.t1	g6158.t1	2486	Yes	No
g6159.t1	g6159.t1	181	No	No
g6160.t1	g6160.t1	700	No	No
g6161.t1	g6161.t1	165	No	No
g6162.t1	g6162.t1	528	No	No
g6163.t1	g6163.t1	251	No	No
g6164.t1	g6164.t1	186	No	No
g6165.t1	g6165.t1	74	No	No
g6166.t1	g6166.t1	1402	No	No
g6167.t1	g6167.t1	84	Yes	No
g6168.t3	g6168.t3	409	No	No
g6169.t1	g6169.t1	309	No	No
g6170.t1	g6170.t1	475	Yes	No
g6171.t1	g6171.t1	399	No	No
g6172.t1	g6172.t1	343	No	No
g6173.t1	g6173.t1	204	No	No
g6174.t1	g6174.t1	164	No	No
g6175.t1	g6175.t1	299	No	No
g6176.t1	g6176.t1	454	No	No
g6177.t1	g6177.t1	130	No	No
g6178.t1	g6178.t1	1035	No	No
g6179.t1	g6179.t1	515	No	No
g6180.t1	g6180.t1	906	No	No
g6181.t1	g6181.t1	320	No	No
g6182.t1	g6182.t1	182	No	No
g6183.t1	g6183.t1	128	No	No
g6184.t1	g6184.t1	158	No	No
g6185.t1	g6185.t1	108	No	No
g6186.t1	g6186.t1	117	No	No
g6187.t1	g6187.t1	69	Yes	No
g6188.t1	g6188.t1	70	Yes	No
g6189.t1	g6189.t1	378	Yes	No
g6190.t1	g6190.t1	129	No	No
g6191.t1	g6191.t1	232	Yes	No
g6192.t1	g6192.t1	802	No	No
g6193.t1	g6193.t1	415	No	No
g6194.t1	g6194.t1	153	No	No
g6195.t1	g6195.t1	633	Yes	No
g6196.t1	g6196.t1	72	No	No
g6197.t1	g6197.t1	91	No	No
g6198.t1	g6198.t1	325	No	No
g6199.t1	g6199.t1	185	No	No
g6200.t1	g6200.t1	140	No	No
g6201.t1	g6201.t1	124	No	No
g6202.t1	g6202.t1	467	No	No
g6203.t1	g6203.t1	133	No	No
g6204.t1	g6204.t1	118	No	No
g6205.t1	g6205.t1	363	No	No
g6206.t1	g6206.t1	172	No	No
g6207.t1	g6207.t1	327	No	No
g6208.t2	g6208.t2	1998	No	No
g6209.t1	g6209.t1	2666	No	No
g6210.t1	g6210.t1	149	No	No
g6211.t1	g6211.t1	1084	No	No
g6212.t1	g6212.t1	290	No	No
g6213.t1	g6213.t1	382	No	No
g6214.t1	g6214.t1	546	No	No
g6215.t1	g6215.t1	105	No	No
g6216.t1	g6216.t1	193	No	No
g6217.t1	g6217.t1	990	No	No
g6218.t1	g6218.t1	679	Yes	No
g6219.t1	g6219.t1	265	No	No
g6220.t1	g6220.t1	198	No	No
g6221.t1	g6221.t1	247	No	No
g6222.t1	g6222.t1	124	No	No
g6223.t1	g6223.t1	85	Yes	No
g6224.t1	g6224.t1	182	No	No
g6225.t1	g6225.t1	346	No	No
g6226.t1	g6226.t1	471	No	No
g6227.t1	g6227.t1	249	Yes	No
g6228.t1	g6228.t1	367	No	No
g6229.t1	g6229.t1	301	No	No
g6230.t1	g6230.t1	103	No	No
g6231.t1	g6231.t1	948	No	No
g6232.t1	g6232.t1	313	Yes	No
g6233.t1	g6233.t1	138	No	No
g6234.t1	g6234.t1	283	No	No
g6235.t1	g6235.t1	538	No	No
g6236.t1	g6236.t1	166	No	No
g6237.t1	g6237.t1	154	No	No
g6238.t1	g6238.t1	247	No	No
g6239.t1	g6239.t1	152	No	No
g6240.t1	g6240.t1	1025	No	No
g6241.t1	g6241.t1	268	No	No
g6242.t1	g6242.t1	41	Yes	No
g6243.t1	g6243.t1	72	No	No
g6244.t1	g6244.t1	132	No	No
g6245.t1	g6245.t1	678	No	No
g6246.t1	g6246.t1	117	No	No
g6247.t1	g6247.t1	290	No	No
g6248.t1	g6248.t1	666	No	No
g6249.t1	g6249.t1	82	No	No
g6250.t1	g6250.t1	83	No	No
g6251.t1	g6251.t1	1217	No	No
g6252.t1	g6252.t1	192	No	No
g6253.t1	g6253.t1	1028	Yes	No
g6254.t1	g6254.t1	79	No	No
g6255.t1	g6255.t1	435	No	No
g6256.t1	g6256.t1	404	No	No
g6257.t1	g6257.t1	147	Yes	No
g6258.t1	g6258.t1	171	Yes	No
g6259.t1	g6259.t1	481	No	No
g6260.t1	g6260.t1	146	No	No
g6261.t1	g6261.t1	104	No	No
g6262.t1	g6262.t1	90	No	No
g6263.t1	g6263.t1	112	No	No
g6264.t1	g6264.t1	96	No	No
g6265.t1	g6265.t1	605	No	No
g6266.t1	g6266.t1	202	No	No
g6267.t1	g6267.t1	232	No	No
g6268.t1	g6268.t1	74	No	No
g6269.t1	g6269.t1	63	No	No
g6270.t1	g6270.t1	188	Yes	No
g6271.t1	g6271.t1	112	No	No
g6272.t1	g6272.t1	189	No	No
g6273.t1	g6273.t1	184	No	No
g6274.t1	g6274.t1	144	No	No
g6275.t2	g6275.t2	96	No	No
g6276.t1	g6276.t1	118	Yes	No
g6277.t1	g6277.t1	205	Yes	No
g6278.t1	g6278.t1	329	Yes	No
g6279.t1	g6279.t1	667	No	No
g6280.t1	g6280.t1	279	No	No
g6281.t1	g6281.t1	365	No	No
g6282.t1	g6282.t1	150	No	No
g6283.t2	g6283.t2	562	Yes	No
g6284.t1	g6284.t1	324	No	No
g6285.t1	g6285.t1	69	No	No
g6286.t1	g6286.t1	157	No	No
g6287.t1	g6287.t1	157	No	No
g6288.t1	g6288.t1	297	No	No
g6289.t1	g6289.t1	490	No	No
g6290.t1	g6290.t1	512	No	No
g6291.t1	g6291.t1	137	No	No
g6292.t1	g6292.t1	348	Yes	No
g6293.t2	g6293.t2	211	No	No
g6294.t1	g6294.t1	370	No	No
g6295.t1	g6295.t1	144	No	No
g6296.t1	g6296.t1	321	No	No
g6297.t1	g6297.t1	166	No	No
g6298.t1	g6298.t1	219	No	No
g6299.t1	g6299.t1	594	No	No
g6300.t1	g6300.t1	98	No	No
g6301.t1	g6301.t1	189	No	No
g6302.t1	g6302.t1	122	No	No
g6303.t1	g6303.t1	86	No	No
g6304.t1	g6304.t1	286	No	No
g6305.t1	g6305.t1	203	No	No
g6306.t1	g6306.t1	525	No	No
g6307.t1	g6307.t1	83	No	No
g6308.t1	g6308.t1	81	No	No
g6309.t1	g6309.t1	497	No	No
g6310.t1	g6310.t1	489	No	No
g6311.t1	g6311.t1	509	No	No
g6312.t1	g6312.t1	302	No	No
g6313.t1	g6313.t1	105	No	No
g6314.t1	g6314.t1	82	No	No
g6315.t1	g6315.t1	64	Yes	No
g6316.t1	g6316.t1	631	No	No
g6317.t1	g6317.t1	405	No	No
g6318.t1	g6318.t1	79	No	No
g6319.t1	g6319.t1	759	No	No
g6320.t1	g6320.t1	82	No	No
g6321.t1	g6321.t1	377	No	No
g6322.t1	g6322.t1	413	No	No
g6323.t1	g6323.t1	192	No	No
g6324.t1	g6324.t1	4358	No	No
g6325.t1	g6325.t1	94	No	No
g6326.t1	g6326.t1	186	No	No
g6327.t1	g6327.t1	397	Yes	No
g6328.t1	g6328.t1	558	No	No
g6329.t1	g6329.t1	112	No	No
g6330.t1	g6330.t1	541	No	No
g6331.t1	g6331.t1	1017	No	No
g6332.t1	g6332.t1	95	No	No
g6333.t1	g6333.t1	118	No	No
g6334.t1	g6334.t1	145	No	No
g6335.t1	g6335.t1	104	No	No
g6336.t1	g6336.t1	545	No	No
g6337.t1	g6337.t1	256	No	No
g6338.t1	g6338.t1	482	No	No
g6339.t1	g6339.t1	66	No	No
g6340.t1	g6340.t1	734	No	No
g6341.t1	g6341.t1	1174	No	No
g6342.t1	g6342.t1	426	No	No
g6343.t1	g6343.t1	182	No	No
g6344.t1	g6344.t1	602	No	No
g6345.t1	g6345.t1	630	No	No
g6346.t2	g6346.t2	1815	No	No
g6347.t1	g6347.t1	77	No	No
g6348.t1	g6348.t1	150	No	No
g6349.t1	g6349.t1	88	No	No
g6350.t1	g6350.t1	277	No	No
g6351.t1	g6351.t1	167	No	No
g6352.t1	g6352.t1	150	No	No
g6353.t1	g6353.t1	234	No	No
g6354.t1	g6354.t1	158	No	No
g6355.t1	g6355.t1	537	No	No
g6356.t1	g6356.t1	807	No	No
g6357.t1	g6357.t1	836	No	No
g6358.t1	g6358.t1	1018	No	No
g6359.t2	g6359.t2	320	No	No
g6360.t1	g6360.t1	89	No	No
g6361.t1	g6361.t1	133	No	No
g6362.t1	g6362.t1	304	No	No
g6363.t1	g6363.t1	304	No	No
g6364.t1	g6364.t1	454	No	No
g6365.t1	g6365.t1	680	No	No
g6366.t1	g6366.t1	277	No	No
g6367.t1	g6367.t1	842	No	No
g6368.t1	g6368.t1	97	No	No
g6369.t1	g6369.t1	127	No	No
g6370.t1	g6370.t1	216	No	No
g6371.t1	g6371.t1	151	No	No
g6372.t1	g6372.t1	581	No	No
g6373.t1	g6373.t1	552	No	No
g6374.t1	g6374.t1	175	No	No
g6375.t1	g6375.t1	113	No	No
g6376.t1	g6376.t1	530	No	No
g6377.t1	g6377.t1	142	No	No
g6378.t1	g6378.t1	144	No	No
g6379.t1	g6379.t1	136	Yes	No
g6380.t1	g6380.t1	95	No	No
g6381.t1	g6381.t1	82	No	No
g6382.t1	g6382.t1	209	No	No
g6383.t1	g6383.t1	114	No	No
g6384.t1	g6384.t1	506	No	No
g6385.t1	g6385.t1	76	No	No
g6386.t1	g6386.t1	422	No	No
g6387.t2	g6387.t2	1227	No	No
g6388.t1	g6388.t1	226	No	No
g6389.t1	g6389.t1	649	No	No
g6390.t1	g6390.t1	860	No	No
g6391.t1	g6391.t1	232	No	No
g6392.t1	g6392.t1	1367	No	No
g6393.t1	g6393.t1	264	No	No
g6394.t1	g6394.t1	145	No	No
g6395.t1	g6395.t1	116	No	No
g6396.t1	g6396.t1	675	No	No
g6397.t1	g6397.t1	311	Yes	No
g6398.t1	g6398.t1	653	No	No
g6399.t1	g6399.t1	879	No	No
g6400.t1	g6400.t1	586	No	No
g6401.t1	g6401.t1	333	No	No
g6402.t1	g6402.t1	330	No	No
g6403.t1	g6403.t1	2916	No	No
g6404.t1	g6404.t1	116	No	No
g6405.t1	g6405.t1	294	No	No
g6406.t1	g6406.t1	445	No	No
g6407.t1	g6407.t1	134	No	No
g6408.t1	g6408.t1	1229	No	No
g6409.t1	g6409.t1	528	No	No
g6410.t1	g6410.t1	766	No	No
g6411.t1	g6411.t1	200	No	No
g6412.t1	g6412.t1	138	No	No
g6413.t1	g6413.t1	113	No	No
g6414.t1	g6414.t1	156	No	No
g6415.t1	g6415.t1	569	No	No
g6416.t1	g6416.t1	59	Yes	No
g6417.t1	g6417.t1	67	No	No
g6418.t1	g6418.t1	86	No	No
g6419.t1	g6419.t1	990	No	No
g6420.t1	g6420.t1	415	No	No
g6421.t1	g6421.t1	254	No	No
g6422.t1	g6422.t1	555	No	No
g6423.t1	g6423.t1	457	No	No
g6424.t1	g6424.t1	317	No	No
g6425.t1	g6425.t1	98	No	No
g6426.t1	g6426.t1	258	No	No
g6427.t1	g6427.t1	103	No	No
g6428.t1	g6428.t1	392	No	No
g6429.t1	g6429.t1	68	No	No
g6430.t1	g6430.t1	237	No	No
g6431.t1	g6431.t1	236	No	No
g6432.t2	g6432.t2	393	No	No
g6433.t2	g6433.t2	130	No	No
g6434.t1	g6434.t1	234	No	No
g6435.t1	g6435.t1	95	No	No
g6436.t1	g6436.t1	96	Yes	No
g6437.t1	g6437.t1	340	No	No
g6438.t1	g6438.t1	66	Yes	No
g6439.t1	g6439.t1	218	No	No
g6440.t1	g6440.t1	298	No	No
g6441.t1	g6441.t1	172	No	No
g6442.t1	g6442.t1	441	No	No
g6443.t1	g6443.t1	475	No	No
g6444.t1	g6444.t1	361	No	No
g6445.t1	g6445.t1	126	No	No
g6446.t1	g6446.t1	96	No	No
g6447.t1	g6447.t1	491	No	No
g6448.t1	g6448.t1	138	No	No
g6449.t1	g6449.t1	141	No	No
g6450.t1	g6450.t1	156	No	No
g6451.t1	g6451.t1	83	No	No
g6452.t1	g6452.t1	176	Yes	No
g6453.t1	g6453.t1	111	No	No
g6454.t1	g6454.t1	121	Yes	No
g6455.t1	g6455.t1	707	No	No
g6456.t1	g6456.t1	129	No	No
g6457.t1	g6457.t1	608	Yes	No
g6458.t1	g6458.t1	66	No	No
g6459.t1	g6459.t1	857	No	No
g6460.t1	g6460.t1	357	No	No
g6461.t1	g6461.t1	84	No	No
g6462.t1	g6462.t1	271	No	No
g6463.t1	g6463.t1	1773	No	No
g6464.t1	g6464.t1	101	No	No
g6465.t1	g6465.t1	74	No	No
g6466.t1	g6466.t1	177	Yes	No
g6467.t1	g6467.t1	852	No	No
g6468.t1	g6468.t1	83	No	No
g6469.t1	g6469.t1	561	No	No
g6470.t1	g6470.t1	457	No	No
g6471.t1	g6471.t1	789	No	No
g6472.t1	g6472.t1	214	No	No
g6473.t1	g6473.t1	151	Yes	No
g6474.t1	g6474.t1	238	Yes	No
g6475.t1	g6475.t1	194	No	No
g6476.t1	g6476.t1	55	Yes	No
g6477.t1	g6477.t1	96	No	No
g6478.t1	g6478.t1	124	No	No
g6479.t1	g6479.t1	89	No	No
g6480.t1	g6480.t1	99	No	No
g6481.t1	g6481.t1	326	No	No
g6482.t1	g6482.t1	518	Yes	No
g6483.t1	g6483.t1	540	Yes	No
g6484.t1	g6484.t1	1014	No	No
g6485.t1	g6485.t1	554	No	No
g6486.t1	g6486.t1	743	No	No
g6487.t1	g6487.t1	237	No	No
g6488.t1	g6488.t1	215	No	No
g6489.t1	g6489.t1	109	No	No
g6490.t1	g6490.t1	213	No	No
g6491.t1	g6491.t1	51	No	No
g6492.t1	g6492.t1	370	No	No
g6493.t1	g6493.t1	202	No	No
g6494.t1	g6494.t1	1039	No	No
g6495.t1	g6495.t1	93	No	No
g6496.t1	g6496.t1	70	No	No
g6497.t1	g6497.t1	225	No	No
g6498.t1	g6498.t1	198	No	No
g6499.t1	g6499.t1	607	No	No
g6500.t1	g6500.t1	437	No	No
g6501.t1	g6501.t1	87	No	No
g6502.t1	g6502.t1	76	No	No
g6503.t1	g6503.t1	272	No	No
g6504.t1	g6504.t1	134	Yes	No
g6505.t1	g6505.t1	74	No	No
g6506.t1	g6506.t1	113	No	No
g6507.t1	g6507.t1	627	No	No
g6508.t1	g6508.t1	129	No	No
g6509.t1	g6509.t1	1059	No	No
g6510.t1	g6510.t1	341	No	No
g6511.t1	g6511.t1	622	No	No
g6512.t1	g6512.t1	625	No	No
g6513.t1	g6513.t1	573	No	No
g6514.t1	g6514.t1	336	No	No
g6515.t1	g6515.t1	326	No	No
g6516.t1	g6516.t1	188	No	No
g6517.t1	g6517.t1	418	No	No
g6518.t1	g6518.t1	917	No	No
g6519.t1	g6519.t1	158	No	No
g6520.t1	g6520.t1	91	No	No
g6521.t1	g6521.t1	536	No	No
g6522.t1	g6522.t1	1007	No	No
g6523.t1	g6523.t1	688	No	No
g6524.t1	g6524.t1	289	No	No
g6525.t1	g6525.t1	1301	No	No
g6526.t1	g6526.t1	320	No	No
g6527.t1	g6527.t1	329	No	No
g6528.t1	g6528.t1	286	No	No
g6529.t1	g6529.t1	232	No	No
g6530.t1	g6530.t1	176	No	No
g6531.t1	g6531.t1	208	No	No
g6532.t1	g6532.t1	131	No	No
g6533.t1	g6533.t1	202	No	No
g6534.t1	g6534.t1	178	No	No
g6535.t1	g6535.t1	255	No	No
g6536.t1	g6536.t1	145	No	No
g6537.t1	g6537.t1	117	No	No
g6538.t1	g6538.t1	91	No	No
g6539.t1	g6539.t1	126	No	No
g6540.t1	g6540.t1	117	No	No
g6541.t1	g6541.t1	92	No	No
g6542.t1	g6542.t1	154	No	No
g6543.t1	g6543.t1	185	No	No
g6544.t1	g6544.t1	539	No	No
g6545.t1	g6545.t1	277	No	No
g6546.t1	g6546.t1	442	No	No
g6547.t1	g6547.t1	188	No	No
g6548.t1	g6548.t1	292	No	No
g6549.t1	g6549.t1	136	Yes	No
g6550.t1	g6550.t1	310	No	No
g6551.t3	g6551.t3	1235	No	No
g6552.t1	g6552.t1	154	No	No
g6553.t1	g6553.t1	217	No	No
g6554.t1	g6554.t1	115	No	No
g6555.t1	g6555.t1	135	No	No
g6556.t1	g6556.t1	461	No	No
g6557.t1	g6557.t1	384	No	No
g6558.t1	g6558.t1	186	No	No
g6559.t1	g6559.t1	273	No	No
g6560.t1	g6560.t1	152	No	No
g6561.t1	g6561.t1	284	No	No
g6562.t1	g6562.t1	249	No	No
g6563.t1	g6563.t1	486	No	No
g6564.t1	g6564.t1	229	No	No
g6565.t1	g6565.t1	52	Yes	No
g6566.t1	g6566.t1	97	No	No
g6567.t1	g6567.t1	89	No	No
g6568.t1	g6568.t1	97	No	No
g6569.t1	g6569.t1	537	No	No
g6570.t1	g6570.t1	113	No	No
g6571.t1	g6571.t1	390	Yes	No
g6572.t1	g6572.t1	524	No	No
g6573.t1	g6573.t1	109	No	No
g6574.t1	g6574.t1	121	No	No
g6575.t1	g6575.t1	69	No	No
g6576.t1	g6576.t1	100	No	No
g6577.t1	g6577.t1	531	No	No
g6578.t1	g6578.t1	142	No	No
g6579.t1	g6579.t1	68	No	No
g6580.t1	g6580.t1	179	No	No
g6581.t1	g6581.t1	491	Yes	No
g6582.t1	g6582.t1	1002	No	No
g6583.t1	g6583.t1	189	No	No
g6584.t1	g6584.t1	821	No	No
g6585.t1	g6585.t1	206	No	No
g6586.t1	g6586.t1	342	No	No
g6587.t1	g6587.t1	876	No	No
g6588.t1	g6588.t1	491	No	No
g6589.t2	g6589.t2	312	No	No
g6590.t1	g6590.t1	193	No	No
g6591.t1	g6591.t1	242	No	No
g6592.t1	g6592.t1	152	No	No
g6593.t1	g6593.t1	180	No	No
g6594.t1	g6594.t1	265	No	No
g6595.t1	g6595.t1	232	Yes	No
g6596.t1	g6596.t1	122	No	No
g6597.t1	g6597.t1	374	No	No
g6598.t1	g6598.t1	551	No	No
g6599.t1	g6599.t1	137	No	No
g6600.t1	g6600.t1	116	No	No
g6601.t1	g6601.t1	65	Yes	No
g6602.t1	g6602.t1	33	Yes	No
g6603.t1	g6603.t1	99	No	No
g6604.t1	g6604.t1	107	No	No
g6605.t1	g6605.t1	312	No	No
g6606.t1	g6606.t1	190	No	No
g6607.t1	g6607.t1	214	No	No
g6608.t1	g6608.t1	186	No	No
g6609.t1	g6609.t1	1988	No	No
g6610.t1	g6610.t1	521	No	No
g6611.t1	g6611.t1	230	Yes	No
g6612.t1	g6612.t1	119	No	No
g6613.t2	g6613.t2	373	No	No
g6614.t1	g6614.t1	416	No	No
g6615.t1	g6615.t1	180	Yes	No
g6616.t1	g6616.t1	492	No	No
g6617.t1	g6617.t1	114	No	No
g6618.t1	g6618.t1	269	No	No
g6619.t1	g6619.t1	238	No	No
g6620.t1	g6620.t1	257	No	No
g6621.t1	g6621.t1	191	No	No
g6622.t1	g6622.t1	75	No	No
g6623.t2	g6623.t2	269	No	No
g6624.t1	g6624.t1	99	No	No
g6625.t1	g6625.t1	137	Yes	No
g6626.t1	g6626.t1	143	No	No
g6627.t1	g6627.t1	146	No	No
g6628.t1	g6628.t1	145	No	No
g6629.t1	g6629.t1	163	No	No
g6630.t1	g6630.t1	514	No	No
g6631.t1	g6631.t1	82	No	No
g6632.t1	g6632.t1	70	No	No
g6633.t1	g6633.t1	721	No	No
g6634.t1	g6634.t1	318	No	No
g6635.t1	g6635.t1	182	No	No
g6636.t1	g6636.t1	93	No	No
g6637.t1	g6637.t1	249	No	No
g6638.t1	g6638.t1	102	No	No
g6639.t1	g6639.t1	74	No	No
g6640.t1	g6640.t1	153	No	No
g6641.t1	g6641.t1	694	No	No
g6642.t1	g6642.t1	66	No	No
g6643.t1	g6643.t1	212	No	No
g6644.t1	g6644.t1	73	No	No
g6645.t1	g6645.t1	434	No	No
g6646.t1	g6646.t1	373	No	No
g6647.t1	g6647.t1	479	No	No
g6648.t1	g6648.t1	373	No	No
g6649.t1	g6649.t1	657	No	No
g6650.t1	g6650.t1	161	Yes	No
g6651.t1	g6651.t1	558	No	No
g6652.t1	g6652.t1	325	No	No
g6653.t1	g6653.t1	599	No	No
g6654.t1	g6654.t1	97	No	No
g6655.t1	g6655.t1	104	No	No
g6656.t1	g6656.t1	607	No	No
g6657.t1	g6657.t1	626	No	No
g6658.t1	g6658.t1	353	No	No
g6659.t1	g6659.t1	406	No	No
g6660.t1	g6660.t1	92	No	No
g6661.t1	g6661.t1	740	No	No
g6662.t1	g6662.t1	104	No	No
g6663.t1	g6663.t1	460	No	No
g6664.t1	g6664.t1	267	No	No
g6665.t1	g6665.t1	249	No	No
g6666.t1	g6666.t1	386	No	No
g6667.t1	g6667.t1	684	No	No
g6668.t1	g6668.t1	365	No	No
g6669.t1	g6669.t1	122	No	No
g6670.t1	g6670.t1	86	No	No
g6671.t1	g6671.t1	121	No	No
g6672.t1	g6672.t1	103	No	No
g6673.t1	g6673.t1	296	Yes	No
g6674.t1	g6674.t1	84	No	No
g6675.t1	g6675.t1	70	No	No
g6676.t1	g6676.t1	191	Yes	No
g6677.t1	g6677.t1	608	No	No
g6678.t1	g6678.t1	58	Yes	No
g6679.t1	g6679.t1	575	No	No
g6680.t1	g6680.t1	115	No	No
g6681.t1	g6681.t1	332	No	No
g6682.t1	g6682.t1	259	No	No
g6683.t1	g6683.t1	609	No	No
g6684.t1	g6684.t1	87	No	No
g6685.t1	g6685.t1	177	No	No
g6686.t1	g6686.t1	104	No	No
g6687.t1	g6687.t1	119	No	No
g6688.t1	g6688.t1	229	No	No
g6689.t1	g6689.t1	97	No	No
g6690.t1	g6690.t1	275	Yes	No
g6691.t1	g6691.t1	563	No	No
g6692.t1	g6692.t1	612	No	No
g6693.t1	g6693.t1	517	No	No
g6694.t1	g6694.t1	751	No	No
g6695.t1	g6695.t1	338	No	No
g6696.t1	g6696.t1	542	No	No
g6697.t1	g6697.t1	207	No	No
g6698.t1	g6698.t1	651	No	No
g6699.t1	g6699.t1	80	No	No
g6700.t1	g6700.t1	360	No	No
g6701.t1	g6701.t1	530	No	No
g6702.t1	g6702.t1	333	No	No
g6703.t1	g6703.t1	400	No	No
g6704.t1	g6704.t1	691	No	No
g6705.t1	g6705.t1	746	No	No
g6706.t1	g6706.t1	295	No	No
g6707.t1	g6707.t1	294	No	No
g6708.t1	g6708.t1	341	No	No
g6709.t1	g6709.t1	188	No	No
g6710.t1	g6710.t1	418	No	No
g6711.t2	g6711.t2	185	No	No
g6712.t1	g6712.t1	300	No	No
g6713.t1	g6713.t1	1310	No	No
g6714.t1	g6714.t1	94	No	No
g6715.t1	g6715.t1	165	No	No
g6716.t1	g6716.t1	165	No	No
g6717.t1	g6717.t1	664	No	No
g6718.t1	g6718.t1	230	No	No
g6719.t1	g6719.t1	138	No	No
g6720.t1	g6720.t1	371	No	No
g6721.t1	g6721.t1	73	No	No
g6722.t1	g6722.t1	297	No	No
g6723.t1	g6723.t1	99	No	No
g6724.t1	g6724.t1	110	Yes	No
g6725.t1	g6725.t1	151	No	No
g6726.t1	g6726.t1	248	No	No
g6727.t2	g6727.t2	409	No	No
g6728.t1	g6728.t1	393	No	No
g6729.t1	g6729.t1	318	No	No
g6730.t1	g6730.t1	147	No	No
g6731.t1	g6731.t1	125	No	No
g6732.t1	g6732.t1	171	No	No
g6733.t1	g6733.t1	128	No	No
g6734.t1	g6734.t1	159	Yes	No
g6735.t1	g6735.t1	430	No	No
g6736.t1	g6736.t1	206	No	No
g6737.t1	g6737.t1	255	No	No
g6738.t1	g6738.t1	1033	No	No
g6739.t1	g6739.t1	159	No	No
g6740.t1	g6740.t1	525	No	No
g6741.t1	g6741.t1	958	No	No
g6742.t1	g6742.t1	99	Yes	No
g6743.t1	g6743.t1	735	Yes	No
g6744.t1	g6744.t1	136	No	No
g6745.t1	g6745.t1	260	No	No
g6746.t1	g6746.t1	174	No	No
g6747.t1	g6747.t1	300	No	No
g6748.t1	g6748.t1	342	No	No
g6749.t1	g6749.t1	224	No	No
g6750.t1	g6750.t1	135	Yes	No
g6751.t1	g6751.t1	442	No	No
g6752.t1	g6752.t1	911	No	No
g6753.t1	g6753.t1	332	No	No
g6754.t1	g6754.t1	223	No	No
g6755.t2	g6755.t2	369	No	No
g6756.t1	g6756.t1	177	No	No
g6757.t1	g6757.t1	1133	No	No
g6758.t1	g6758.t1	72	No	No
g6759.t1	g6759.t1	90	No	No
g6760.t1	g6760.t1	354	No	No
g6761.t1	g6761.t1	309	No	No
g6762.t1	g6762.t1	777	No	No
g6763.t1	g6763.t1	147	No	No
g6764.t1	g6764.t1	671	No	No
g6765.t1	g6765.t1	99	No	No
g6766.t1	g6766.t1	66	No	No
g6767.t1	g6767.t1	93	No	No
g6768.t1	g6768.t1	302	No	No
g6769.t1	g6769.t1	176	No	No
g6770.t1	g6770.t1	191	No	No
g6771.t1	g6771.t1	1204	No	No
g6772.t1	g6772.t1	815	No	No
g6773.t1	g6773.t1	1397	No	No
g6774.t1	g6774.t1	600	No	No
g6775.t1	g6775.t1	492	No	No
g6776.t1	g6776.t1	1408	No	No
g6777.t1	g6777.t1	1070	No	No
g6778.t1	g6778.t1	711	No	No
g6779.t1	g6779.t1	800	No	No
g6780.t1	g6780.t1	94	No	No
g6781.t1	g6781.t1	78	No	No
g6782.t1	g6782.t1	298	No	No
g6783.t1	g6783.t1	191	No	No
g6784.t1	g6784.t1	123	No	No
g6785.t1	g6785.t1	1650	No	No
g6786.t1	g6786.t1	143	No	No
g6787.t1	g6787.t1	203	No	No
g6788.t1	g6788.t1	450	No	No
g6789.t1	g6789.t1	338	No	No
g6790.t1	g6790.t1	918	No	No
g6791.t1	g6791.t1	94	No	No
g6792.t1	g6792.t1	236	No	No
g6793.t1	g6793.t1	412	No	No
g6794.t1	g6794.t1	1189	No	No
g6795.t1	g6795.t1	84	No	No
g6796.t1	g6796.t1	541	No	No
g6797.t1	g6797.t1	1099	No	No
g6798.t1	g6798.t1	174	Yes	No
g6799.t1	g6799.t1	141	No	No
g6800.t1	g6800.t1	339	No	No
g6801.t1	g6801.t1	585	No	No
g6802.t1	g6802.t1	376	No	No
g6803.t1	g6803.t1	93	No	No
g6804.t2	g6804.t2	411	No	No
g6805.t1	g6805.t1	196	No	No
g6806.t1	g6806.t1	313	Yes	No
g6807.t1	g6807.t1	552	No	No
g6808.t1	g6808.t1	200	No	No
g6809.t1	g6809.t1	106	No	No
g6810.t1	g6810.t1	926	No	No
g6811.t1	g6811.t1	127	No	No
g6812.t1	g6812.t1	120	No	No
g6813.t1	g6813.t1	106	No	No
g6814.t1	g6814.t1	201	No	No
g6815.t1	g6815.t1	136	No	No
g6816.t1	g6816.t1	101	No	No
g6817.t1	g6817.t1	1262	No	No
g6818.t2	g6818.t2	248	Yes	No
g6819.t1	g6819.t1	1076	No	No
g6820.t1	g6820.t1	197	No	No
g6821.t1	g6821.t1	264	No	No
g6822.t1	g6822.t1	1323	No	No
g6823.t1	g6823.t1	189	No	No
g6824.t1	g6824.t1	74	No	No
g6825.t1	g6825.t1	355	No	No
g6826.t1	g6826.t1	77	No	No
g6827.t1	g6827.t1	416	No	No
g6828.t3	g6828.t3	2313	No	No
g6829.t1	g6829.t1	116	No	No
g6830.t1	g6830.t1	4922	No	No
g6831.t1	g6831.t1	674	No	No
g6832.t1	g6832.t1	180	No	No
g6833.t1	g6833.t1	152	No	No
g6834.t1	g6834.t1	158	No	No
g6835.t1	g6835.t1	212	No	No
g6836.t1	g6836.t1	177	No	No
g6837.t1	g6837.t1	185	No	No
g6838.t1	g6838.t1	415	No	No
g6839.t1	g6839.t1	257	No	No
g6840.t1	g6840.t1	117	No	No
g6841.t1	g6841.t1	682	Yes	No
g6842.t1	g6842.t1	225	No	No
g6843.t1	g6843.t1	297	No	No
g6844.t1	g6844.t1	93	No	No
g6845.t1	g6845.t1	737	No	No
g6846.t1	g6846.t1	69	No	No
g6847.t3	g6847.t3	725	No	No
g6848.t1	g6848.t1	316	No	No
g6849.t1	g6849.t1	620	No	No
g6850.t1	g6850.t1	349	No	No
g6851.t1	g6851.t1	444	No	No
g6852.t1	g6852.t1	270	No	No
g6853.t1	g6853.t1	100	No	No
g6854.t1	g6854.t1	76	No	No
g6855.t1	g6855.t1	252	No	No
g6856.t1	g6856.t1	367	No	No
g6857.t1	g6857.t1	175	No	No
g6858.t1	g6858.t1	98	No	No
g6859.t1	g6859.t1	335	No	No
g6860.t1	g6860.t1	110	No	No
g6861.t1	g6861.t1	154	No	No
g6862.t1	g6862.t1	131	No	No
g6863.t1	g6863.t1	363	No	No
g6864.t1	g6864.t1	563	No	No
g6865.t1	g6865.t1	62	Yes	No
g6866.t1	g6866.t1	117	Yes	No
g6867.t1	g6867.t1	345	No	No
g6868.t1	g6868.t1	82	No	No
g6869.t1	g6869.t1	842	No	No
g6870.t1	g6870.t1	404	No	No
g6871.t1	g6871.t1	377	No	No
g6872.t1	g6872.t1	529	No	No
g6873.t1	g6873.t1	235	No	No
g6874.t2	g6874.t2	187	No	No
g6875.t1	g6875.t1	449	No	No
g6876.t1	g6876.t1	378	No	No
g6877.t1	g6877.t1	271	No	No
g6878.t1	g6878.t1	362	No	No
g6879.t1	g6879.t1	94	No	No
g6880.t1	g6880.t1	807	No	No
g6881.t1	g6881.t1	643	No	No
g6882.t1	g6882.t1	338	No	No
g6883.t1	g6883.t1	147	No	No
g6884.t1	g6884.t1	1891	No	No
g6885.t1	g6885.t1	310	No	No
g6886.t1	g6886.t1	70	No	No
g6887.t1	g6887.t1	129	No	No
g6888.t1	g6888.t1	154	No	No
g6889.t1	g6889.t1	325	No	No
g6890.t1	g6890.t1	369	No	No
g6891.t1	g6891.t1	351	No	No
g6892.t1	g6892.t1	123	No	No
g6893.t1	g6893.t1	97	Yes	No
g6894.t1	g6894.t1	150	No	No
g6895.t1	g6895.t1	291	No	No
g6896.t1	g6896.t1	181	No	No
g6897.t1	g6897.t1	212	No	No
g6898.t1	g6898.t1	304	No	No
g6899.t1	g6899.t1	177	No	No
g6900.t1	g6900.t1	125	No	No
g6901.t1	g6901.t1	380	No	No
g6902.t1	g6902.t1	238	No	No
g6903.t1	g6903.t1	148	No	No
g6904.t1	g6904.t1	315	No	No
g6905.t1	g6905.t1	128	No	No
g6906.t1	g6906.t1	240	No	No
g6907.t1	g6907.t1	205	No	No
g6908.t1	g6908.t1	210	No	No
g6909.t1	g6909.t1	210	No	No
g6910.t1	g6910.t1	1672	No	No
g6911.t1	g6911.t1	251	No	No
g6912.t1	g6912.t1	114	No	No
g6913.t1	g6913.t1	262	No	No
g6914.t1	g6914.t1	100	No	No
g6915.t1	g6915.t1	390	Yes	No
g6916.t1	g6916.t1	176	Yes	No
g6917.t1	g6917.t1	400	Yes	No
g6918.t1	g6918.t1	108	Yes	No
g6919.t2	g6919.t2	3020	Yes	No
g6920.t1	g6920.t1	212	No	No
g6921.t1	g6921.t1	133	No	No
g6922.t1	g6922.t1	127	No	No
g6923.t1	g6923.t1	429	No	No
g6924.t1	g6924.t1	796	No	No
g6925.t1	g6925.t1	76	No	No
g6926.t1	g6926.t1	897	No	No
g6927.t1	g6927.t1	81	Yes	No
g6928.t1	g6928.t1	191	No	No
g6929.t1	g6929.t1	142	No	No
g6930.t1	g6930.t1	216	No	No
g6931.t1	g6931.t1	234	No	No
g6932.t1	g6932.t1	392	Yes	No
g6933.t1	g6933.t1	402	No	No
g6934.t1	g6934.t1	88	No	No
g6935.t1	g6935.t1	133	No	No
g6936.t1	g6936.t1	157	No	No
g6937.t1	g6937.t1	110	No	No
g6938.t1	g6938.t1	346	Yes	No
g6939.t1	g6939.t1	124	No	No
g6940.t1	g6940.t1	299	Yes	No
g6941.t1	g6941.t1	140	No	No
g6942.t1	g6942.t1	208	No	No
g6943.t1	g6943.t1	216	Yes	No
g6944.t1	g6944.t1	144	No	No
g6945.t1	g6945.t1	385	No	No
g6946.t1	g6946.t1	1953	No	No
g6947.t1	g6947.t1	515	No	No
g6948.t1	g6948.t1	409	No	No
g6949.t1	g6949.t1	411	No	No
g6950.t1	g6950.t1	583	No	No
g6951.t1	g6951.t1	806	No	No
g6952.t1	g6952.t1	131	No	No
g6953.t1	g6953.t1	343	No	No
g6954.t1	g6954.t1	273	No	No
g6955.t1	g6955.t1	1386	No	No
g6956.t1	g6956.t1	290	No	No
g6957.t1	g6957.t1	494	No	No
g6958.t1	g6958.t1	174	No	No
g6959.t1	g6959.t1	245	No	No
g6960.t1	g6960.t1	192	No	No
g6961.t1	g6961.t1	413	No	No
g6962.t1	g6962.t1	311	No	No
g6963.t1	g6963.t1	628	No	No
g6964.t1	g6964.t1	822	No	No
g6965.t1	g6965.t1	599	No	No
g6966.t1	g6966.t1	123	No	No
g6967.t1	g6967.t1	1161	No	No
g6968.t1	g6968.t1	696	No	No
g6969.t1	g6969.t1	370	No	No
g6970.t1	g6970.t1	129	No	No
g6971.t1	g6971.t1	823	No	No
g6972.t1	g6972.t1	468	No	No
g6973.t1	g6973.t1	437	No	No
g6974.t1	g6974.t1	168	No	No
g6975.t1	g6975.t1	561	No	No
g6976.t1	g6976.t1	1222	No	No
g6977.t1	g6977.t1	1060	No	No
g6978.t1	g6978.t1	1324	No	No
g6979.t1	g6979.t1	806	No	No
g6980.t1	g6980.t1	500	No	No
g6981.t1	g6981.t1	879	No	No
g6982.t1	g6982.t1	545	No	No
g6983.t1	g6983.t1	129	No	No
g6984.t1	g6984.t1	1546	No	No
g6985.t1	g6985.t1	277	No	No
g6986.t1	g6986.t1	506	No	No
g6987.t1	g6987.t1	397	No	No
g6988.t1	g6988.t1	351	No	No
g6989.t1	g6989.t1	315	No	No
g6990.t1	g6990.t1	779	No	No
g6991.t1	g6991.t1	634	No	No
g6992.t1	g6992.t1	430	No	No
g6993.t1	g6993.t1	356	No	No
g6994.t1	g6994.t1	627	No	No
g6995.t1	g6995.t1	273	No	No
g6996.t1	g6996.t1	1050	No	No
g6997.t1	g6997.t1	272	No	No
g6998.t1	g6998.t1	876	No	No
g6999.t1	g6999.t1	469	No	No
g7000.t1	g7000.t1	691	No	No
g7001.t1	g7001.t1	217	No	No
g7002.t1	g7002.t1	109	No	No
g7003.t1	g7003.t1	1123	No	No
g7004.t1	g7004.t1	391	No	No
g7005.t1	g7005.t1	362	No	No
g7006.t1	g7006.t1	352	No	No
g7007.t1	g7007.t1	1523	No	No
g7008.t1	g7008.t1	131	No	No
g7009.t1	g7009.t1	109	No	No
g7010.t1	g7010.t1	193	No	No
g7011.t1	g7011.t1	348	No	No
g7012.t1	g7012.t1	301	No	No
g7013.t1	g7013.t1	137	No	No
g7014.t1	g7014.t1	310	No	No
g7015.t1	g7015.t1	158	No	No
g7016.t1	g7016.t1	550	No	No
g7017.t1	g7017.t1	779	No	No
g7018.t1	g7018.t1	1292	No	No
g7019.t1	g7019.t1	270	No	No
g7020.t1	g7020.t1	210	No	No
g7021.t1	g7021.t1	210	No	No
g7022.t1	g7022.t1	440	No	No
g7023.t1	g7023.t1	170	No	No
g7024.t1	g7024.t1	411	No	No
g7025.t1	g7025.t1	151	No	No
g7026.t1	g7026.t1	131	No	No
g7027.t1	g7027.t1	646	No	No
g7028.t1	g7028.t1	349	No	No
g7029.t1	g7029.t1	401	No	No
g7030.t1	g7030.t1	382	No	No
g7031.t1	g7031.t1	573	No	No
g7032.t1	g7032.t1	386	No	No
g7033.t1	g7033.t1	479	No	No
g7034.t1	g7034.t1	230	No	No
g7035.t1	g7035.t1	2664	No	No
g7036.t1	g7036.t1	286	No	No
g7037.t1	g7037.t1	678	No	No
g7038.t1	g7038.t1	742	No	No
g7039.t1	g7039.t1	815	Yes	No
g7040.t1	g7040.t1	100	No	No
g7041.t1	g7041.t1	688	No	No
g7042.t1	g7042.t1	81	No	No
g7043.t1	g7043.t1	112	No	No
g7044.t1	g7044.t1	283	No	No
g7045.t1	g7045.t1	101	No	No
g7046.t1	g7046.t1	278	No	No
g7047.t1	g7047.t1	100	No	No
g7048.t1	g7048.t1	103	No	No
g7049.t1	g7049.t1	73	No	No
g7050.t1	g7050.t1	106	No	No
g7051.t1	g7051.t1	79	Yes	No
g7052.t1	g7052.t1	96	No	No
g7053.t1	g7053.t1	124	No	No
g7054.t1	g7054.t1	76	No	No
g7055.t1	g7055.t1	154	No	No
g7056.t1	g7056.t1	110	No	No
g7057.t1	g7057.t1	75	No	No
g7058.t1	g7058.t1	99	No	No
g7059.t1	g7059.t1	953	No	No
g7060.t1	g7060.t1	90	No	No
g7061.t1	g7061.t1	1678	No	No
g7062.t1	g7062.t1	162	No	No
g7063.t1	g7063.t1	2501	No	No
g7064.t1	g7064.t1	381	No	No
g7065.t3	g7065.t3	990	No	No
g7066.t1	g7066.t1	41	Yes	No
g7067.t1	g7067.t1	73	No	No
g7068.t1	g7068.t1	90	No	No
g7069.t1	g7069.t1	161	No	No
g7070.t1	g7070.t1	65	No	No
g7071.t1	g7071.t1	21	No	No
g7072.t1	g7072.t1	96	No	No
g7073.t1	g7073.t1	851	No	No
g7074.t1	g7074.t1	173	No	No
g7075.t1	g7075.t1	188	No	No
g7076.t1	g7076.t1	172	No	No
g7077.t1	g7077.t1	850	No	No
g7078.t1	g7078.t1	142	No	No
g7079.t1	g7079.t1	80	No	No
g7080.t1	g7080.t1	401	No	No
g7081.t1	g7081.t1	347	No	No
g7082.t1	g7082.t1	262	No	No
g7083.t2	g7083.t2	224	Yes	No
g7084.t1	g7084.t1	74	No	No
g7085.t1	g7085.t1	262	Yes	No
g7086.t1	g7086.t1	126	No	No
g7087.t1	g7087.t1	167	No	No
g7088.t1	g7088.t1	523	No	No
g7089.t1	g7089.t1	1293	No	No
g7090.t1	g7090.t1	309	No	No
g7091.t1	g7091.t1	47	Yes	No
g7092.t1	g7092.t1	109	No	No
g7093.t1	g7093.t1	554	No	No
g7094.t1	g7094.t1	227	No	No
g7095.t1	g7095.t1	190	No	No
g7096.t1	g7096.t1	629	No	No
g7097.t1	g7097.t1	550	No	No
g7098.t1	g7098.t1	377	No	No
g7099.t1	g7099.t1	258	No	No
g7100.t1	g7100.t1	614	No	No
g7101.t1	g7101.t1	96	No	No
g7102.t1	g7102.t1	263	No	No
g7103.t1	g7103.t1	305	No	No
g7104.t1	g7104.t1	980	No	No
g7105.t1	g7105.t1	183	No	No
g7106.t1	g7106.t1	104	No	No
g7107.t1	g7107.t1	85	No	No
g7108.t1	g7108.t1	90	No	No
g7109.t1	g7109.t1	83	No	No
g7110.t1	g7110.t1	109	No	No
g7111.t1	g7111.t1	74	Yes	No
g7112.t1	g7112.t1	314	No	No
g7113.t1	g7113.t1	838	No	No
g7114.t1	g7114.t1	386	No	No
g7115.t1	g7115.t1	451	No	No
g7116.t1	g7116.t1	302	No	No
g7117.t1	g7117.t1	97	No	No
g7118.t1	g7118.t1	468	No	No
g7119.t1	g7119.t1	246	No	No
g7120.t1	g7120.t1	316	No	No
g7121.t2	g7121.t2	328	No	No
g7122.t1	g7122.t1	314	No	No
g7123.t1	g7123.t1	155	No	No
g7124.t1	g7124.t1	590	No	No
g7125.t1	g7125.t1	135	No	No
g7126.t1	g7126.t1	148	No	No
g7127.t1	g7127.t1	123	No	No
g7128.t1	g7128.t1	420	No	No
g7129.t1	g7129.t1	381	No	No
g7130.t1	g7130.t1	77	No	No
g7131.t1	g7131.t1	80	No	No
g7132.t1	g7132.t1	615	No	No
g7133.t1	g7133.t1	266	No	No
g7134.t1	g7134.t1	81	No	No
g7135.t1	g7135.t1	57	No	No
g7136.t1	g7136.t1	404	No	No
g7137.t1	g7137.t1	1586	Yes	No
g7138.t1	g7138.t1	101	No	No
g7139.t1	g7139.t1	136	No	No
g7140.t1	g7140.t1	42	Yes	No
g7141.t1	g7141.t1	158	No	No
g7142.t1	g7142.t1	202	No	No
g7143.t1	g7143.t1	428	No	No
g7144.t1	g7144.t1	153	No	No
g7145.t1	g7145.t1	232	No	No
g7146.t1	g7146.t1	210	No	No
g7147.t1	g7147.t1	211	No	No
g7148.t1	g7148.t1	172	No	No
g7149.t1	g7149.t1	175	No	No
g7150.t1	g7150.t1	88	No	No
g7151.t1	g7151.t1	88	No	No
g7152.t1	g7152.t1	206	No	No
g7153.t1	g7153.t1	278	Yes	No
g7154.t1	g7154.t1	59	Yes	No
g7155.t1	g7155.t1	55	Yes	No
g7156.t1	g7156.t1	419	No	No
g7157.t1	g7157.t1	133	No	No
g7158.t1	g7158.t1	554	No	No
g7159.t1	g7159.t1	148	No	No
g7160.t1	g7160.t1	1656	No	No
g7161.t1	g7161.t1	285	No	No
g7162.t1	g7162.t1	301	No	No
g7163.t1	g7163.t1	503	No	No
g7164.t1	g7164.t1	272	No	No
g7165.t1	g7165.t1	54	Yes	No
g7166.t1	g7166.t1	1150	No	No
g7167.t1	g7167.t1	210	No	No
g7168.t1	g7168.t1	606	No	No
g7169.t1	g7169.t1	922	No	No
g7170.t1	g7170.t1	217	No	No
g7171.t1	g7171.t1	717	No	No
g7172.t1	g7172.t1	871	No	No
g7173.t1	g7173.t1	78	No	No
g7174.t1	g7174.t1	266	No	No
g7175.t1	g7175.t1	389	No	No
g7176.t1	g7176.t1	1467	No	No
g7177.t1	g7177.t1	255	No	No
g7178.t1	g7178.t1	27	No	No
g7179.t1	g7179.t1	153	No	No
g7180.t1	g7180.t1	140	No	No
g7181.t1	g7181.t1	155	No	No
g7182.t1	g7182.t1	106	No	No
g7183.t1	g7183.t1	479	No	No
g7184.t1	g7184.t1	174	No	No
g7185.t1	g7185.t1	1740	No	No
g7186.t1	g7186.t1	76	No	No
g7187.t1	g7187.t1	80	No	No
g7188.t1	g7188.t1	80	No	No
g7189.t1	g7189.t1	80	No	No
g7190.t1	g7190.t1	80	No	No
g7191.t1	g7191.t1	80	No	No
g7192.t1	g7192.t1	268	No	No
g7193.t1	g7193.t1	90	No	No
g7194.t1	g7194.t1	97	No	No
g7195.t1	g7195.t1	138	No	No
g7196.t1	g7196.t1	86	No	No
g7197.t1	g7197.t1	152	No	No
g7198.t1	g7198.t1	141	No	No
g7199.t1	g7199.t1	314	No	No
g7200.t2	g7200.t2	2409	No	No
g7201.t2	g7201.t2	654	No	No
g7202.t1	g7202.t1	81	No	No
g7203.t2	g7203.t2	357	No	No
g7204.t1	g7204.t1	352	No	No
g7205.t1	g7205.t1	218	No	No
g7206.t1	g7206.t1	1087	No	No
g7207.t1	g7207.t1	126	No	No
g7208.t1	g7208.t1	188	No	No
g7209.t1	g7209.t1	610	No	No
g7210.t1	g7210.t1	149	No	No
g7211.t1	g7211.t1	385	No	No
g7212.t1	g7212.t1	91	No	No
g7213.t1	g7213.t1	489	No	No
g7214.t1	g7214.t1	826	No	No
g7215.t1	g7215.t1	168	No	No
g7216.t1	g7216.t1	141	No	No
g7217.t1	g7217.t1	82	No	No
g7218.t1	g7218.t1	93	No	No
g7219.t1	g7219.t1	73	No	No
g7220.t1	g7220.t1	73	No	No
g7221.t1	g7221.t1	568	Yes	No
g7222.t1	g7222.t1	111	No	No
g7223.t1	g7223.t1	296	No	No
g7224.t1	g7224.t1	136	Yes	No
g7225.t1	g7225.t1	91	No	No
g7226.t1	g7226.t1	531	No	No
g7227.t1	g7227.t1	159	No	No
g7228.t1	g7228.t1	180	No	No
g7229.t1	g7229.t1	72	No	No
g7230.t1	g7230.t1	434	No	No
g7231.t1	g7231.t1	412	No	No
g7232.t1	g7232.t1	239	No	No
g7233.t1	g7233.t1	512	No	No
g7234.t1	g7234.t1	512	No	No
g7235.t1	g7235.t1	142	No	No
g7236.t1	g7236.t1	241	Yes	No
g7237.t1	g7237.t1	80	No	No
g7238.t1	g7238.t1	421	No	No
g7239.t1	g7239.t1	447	Yes	No
g7240.t1	g7240.t1	89	No	No
g7241.t1	g7241.t1	348	No	No
g7242.t1	g7242.t1	137	No	No
g7243.t1	g7243.t1	1286	No	No
g7244.t1	g7244.t1	281	No	No
g7245.t1	g7245.t1	174	No	No
g7246.t1	g7246.t1	1226	No	No
g7247.t1	g7247.t1	471	No	No
g7248.t1	g7248.t1	176	Yes	No
g7249.t1	g7249.t1	328	No	No
g7250.t1	g7250.t1	71	No	No
g7251.t1	g7251.t1	316	No	No
g7252.t1	g7252.t1	310	No	No
g7253.t1	g7253.t1	4955	Yes	No
g7254.t1	g7254.t1	68	No	No
g7255.t1	g7255.t1	57	No	No
g7256.t1	g7256.t1	189	No	No
g7257.t1	g7257.t1	383	No	No
g7258.t1	g7258.t1	215	No	No
g7259.t1	g7259.t1	292	No	No
g7260.t1	g7260.t1	292	No	No
g7261.t1	g7261.t1	295	No	No
g7262.t1	g7262.t1	384	No	No
g7263.t1	g7263.t1	235	No	No
g7264.t2	g7264.t2	231	No	No
g7265.t1	g7265.t1	151	No	No
g7266.t1	g7266.t1	170	No	No
g7267.t1	g7267.t1	423	No	No
g7268.t1	g7268.t1	505	No	No
g7269.t1	g7269.t1	102	No	No
g7270.t1	g7270.t1	52	No	No
g7271.t1	g7271.t1	921	No	No
g7272.t1	g7272.t1	140	Yes	No
g7273.t1	g7273.t1	81	No	No
g7274.t1	g7274.t1	71	No	No
g7275.t1	g7275.t1	133	No	No
g7276.t1	g7276.t1	91	No	No
g7277.t1	g7277.t1	200	No	No
g7278.t1	g7278.t1	87	No	No
g7279.t1	g7279.t1	159	No	No
g7280.t1	g7280.t1	81	No	No
g7281.t1	g7281.t1	400	No	No
g7282.t1	g7282.t1	93	No	No
g7283.t1	g7283.t1	354	No	No
g7284.t1	g7284.t1	286	No	No
g7285.t1	g7285.t1	1220	No	No
g7286.t1	g7286.t1	467	No	No
g7287.t1	g7287.t1	1187	No	No
g7288.t1	g7288.t1	659	No	No
g7289.t1	g7289.t1	583	No	No
g7290.t1	g7290.t1	1057	No	No
g7291.t1	g7291.t1	140	No	No
g7292.t1	g7292.t1	96	No	No
g7293.t1	g7293.t1	671	Yes	No
g7294.t1	g7294.t1	2212	No	No
g7295.t1	g7295.t1	320	No	No
g7296.t1	g7296.t1	371	No	No
g7297.t1	g7297.t1	168	No	No
g7298.t1	g7298.t1	59	Yes	No
g7299.t1	g7299.t1	353	No	No
g7300.t1	g7300.t1	637	No	No
g7301.t1	g7301.t1	958	No	No
g7302.t1	g7302.t1	389	No	No
g7303.t1	g7303.t1	75	No	No
g7304.t1	g7304.t1	717	No	No
g7305.t1	g7305.t1	168	No	No
g7306.t1	g7306.t1	110	No	No
g7307.t1	g7307.t1	482	Yes	No
g7308.t1	g7308.t1	595	No	No
g7309.t1	g7309.t1	207	No	No
g7310.t1	g7310.t1	812	No	No
g7311.t1	g7311.t1	320	No	No
g7312.t1	g7312.t1	1445	No	No
g7313.t1	g7313.t1	235	No	No
g7314.t1	g7314.t1	82	No	No
g7315.t1	g7315.t1	423	No	No
g7316.t1	g7316.t1	83	No	No
g7317.t1	g7317.t1	115	No	No
g7318.t1	g7318.t1	100	No	No
g7319.t1	g7319.t1	137	No	No
g7320.t1	g7320.t1	111	No	No
g7321.t2	g7321.t2	680	No	No
g7322.t1	g7322.t1	451	No	No
g7323.t1	g7323.t1	194	No	No
g7324.t1	g7324.t1	560	No	No
g7325.t1	g7325.t1	402	No	No
g7326.t1	g7326.t1	123	No	No
g7327.t1	g7327.t1	1376	No	No
g7328.t1	g7328.t1	379	No	No
g7329.t1	g7329.t1	132	No	No
g7330.t1	g7330.t1	317	No	No
g7331.t1	g7331.t1	198	No	No
g7332.t1	g7332.t1	418	Yes	No
g7333.t1	g7333.t1	520	No	No
g7334.t1	g7334.t1	144	No	No
g7335.t1	g7335.t1	115	No	No
g7336.t1	g7336.t1	109	No	No
g7337.t1	g7337.t1	73	No	No
g7338.t1	g7338.t1	68	No	No
g7339.t1	g7339.t1	104	No	No
g7340.t1	g7340.t1	624	No	No
g7341.t1	g7341.t1	128	Yes	No
g7342.t1	g7342.t1	159	Yes	No
g7343.t1	g7343.t1	164	No	No
g7344.t1	g7344.t1	324	No	No
g7345.t1	g7345.t1	113	No	No
g7346.t1	g7346.t1	81	No	No
g7347.t1	g7347.t1	104	No	No
g7348.t1	g7348.t1	418	Yes	No
g7349.t2	g7349.t2	1050	No	No
g7350.t1	g7350.t1	217	No	No
g7351.t1	g7351.t1	636	No	No
g7352.t1	g7352.t1	443	No	No
g7353.t1	g7353.t1	122	No	No
g7354.t1	g7354.t1	710	No	No
g7355.t1	g7355.t1	224	No	No
g7356.t1	g7356.t1	171	No	No
g7357.t1	g7357.t1	278	No	No
g7358.t1	g7358.t1	287	No	No
g7359.t1	g7359.t1	112	No	No
g7360.t1	g7360.t1	402	No	No
g7361.t1	g7361.t1	153	No	No
g7362.t1	g7362.t1	246	No	No
g7363.t1	g7363.t1	264	No	No
g7364.t1	g7364.t1	84	No	No
g7365.t1	g7365.t1	362	No	No
g7366.t1	g7366.t1	468	No	No
g7367.t1	g7367.t1	617	No	No
g7368.t1	g7368.t1	520	No	No
g7369.t1	g7369.t1	684	No	No
g7370.t1	g7370.t1	229	No	No
g7371.t1	g7371.t1	1602	Yes	No
g7372.t2	g7372.t2	170	No	No
g7373.t1	g7373.t1	300	No	No
g7374.t1	g7374.t1	200	No	No
g7375.t1	g7375.t1	150	No	No
g7376.t1	g7376.t1	193	No	No
g7377.t1	g7377.t1	147	No	No
g7378.t1	g7378.t1	435	No	No
g7379.t1	g7379.t1	128	No	No
g7380.t1	g7380.t1	162	No	No
g7381.t1	g7381.t1	403	No	No
g7382.t1	g7382.t1	146	No	No
g7383.t1	g7383.t1	607	No	No
g7384.t1	g7384.t1	494	No	No
g7385.t1	g7385.t1	339	No	No
g7386.t1	g7386.t1	636	No	No
g7387.t1	g7387.t1	836	No	No
g7388.t1	g7388.t1	606	No	No
g7389.t1	g7389.t1	114	No	No
g7390.t1	g7390.t1	264	Yes	No
g7391.t1	g7391.t1	147	No	No
g7392.t1	g7392.t1	496	No	No
g7393.t1	g7393.t1	87	No	No
g7394.t1	g7394.t1	89	No	No
g7395.t1	g7395.t1	129	No	No
g7396.t1	g7396.t1	83	Yes	No
g7397.t1	g7397.t1	321	No	No
g7398.t1	g7398.t1	135	Yes	No
g7399.t1	g7399.t1	599	No	No
g7400.t1	g7400.t1	198	No	No
g7401.t1	g7401.t1	491	No	No
g7402.t1	g7402.t1	188	No	No
g7403.t1	g7403.t1	617	Yes	No
g7404.t1	g7404.t1	2807	No	No
g7405.t1	g7405.t1	652	No	No
g7406.t1	g7406.t1	456	No	No
g7407.t1	g7407.t1	130	No	No
g7408.t4	g7408.t4	1089	No	No
g7409.t1	g7409.t1	364	No	No
g7410.t1	g7410.t1	220	No	No
g7411.t1	g7411.t1	165	No	No
g7412.t1	g7412.t1	159	No	No
g7413.t2	g7413.t2	366	No	No
g7414.t1	g7414.t1	190	No	No
g7415.t1	g7415.t1	385	No	No
g7416.t1	g7416.t1	376	No	No
g7417.t1	g7417.t1	79	No	No
g7418.t1	g7418.t1	54	Yes	No
g7419.t1	g7419.t1	258	No	No
g7420.t1	g7420.t1	357	No	No
g7421.t1	g7421.t1	173	No	No
g7422.t1	g7422.t1	123	No	No
g7423.t1	g7423.t1	104	No	No
g7424.t1	g7424.t1	104	No	No
g7425.t1	g7425.t1	130	No	No
g7426.t1	g7426.t1	129	No	No
g7427.t1	g7427.t1	267	No	No
g7428.t1	g7428.t1	155	No	No
g7429.t1	g7429.t1	868	No	No
g7430.t1	g7430.t1	838	No	No
g7431.t1	g7431.t1	129	Yes	No
g7432.t1	g7432.t1	107	No	No
g7433.t1	g7433.t1	1030	No	No
g7434.t1	g7434.t1	143	No	No
g7435.t1	g7435.t1	513	No	No
g7436.t1	g7436.t1	117	No	No
g7437.t1	g7437.t1	252	No	No
g7438.t1	g7438.t1	87	No	No
g7439.t1	g7439.t1	190	No	No
g7440.t1	g7440.t1	1426	No	No
g7441.t1	g7441.t1	422	No	No
g7442.t1	g7442.t1	462	No	No
g7443.t1	g7443.t1	45	No	No
g7444.t1	g7444.t1	560	No	No
g7445.t1	g7445.t1	315	No	No
g7446.t1	g7446.t1	157	No	No
g7447.t1	g7447.t1	544	No	No
g7448.t1	g7448.t1	94	No	No
g7449.t1	g7449.t1	1286	No	No
g7450.t1	g7450.t1	353	No	No
g7451.t1	g7451.t1	122	No	No
g7452.t1	g7452.t1	919	No	No
g7453.t1	g7453.t1	484	No	No
g7454.t1	g7454.t1	183	Yes	No
g7455.t1	g7455.t1	347	No	No
g7456.t1	g7456.t1	144	Yes	No
g7457.t1	g7457.t1	1018	No	No
g7458.t1	g7458.t1	839	No	No
g7459.t1	g7459.t1	240	No	No
g7460.t1	g7460.t1	299	No	No
g7461.t1	g7461.t1	511	No	No
g7462.t1	g7462.t1	155	No	No
g7463.t1	g7463.t1	136	No	No
g7464.t1	g7464.t1	121	No	No
g7465.t1	g7465.t1	360	No	No
g7466.t1	g7466.t1	197	Yes	No
g7467.t1	g7467.t1	864	No	No
g7468.t1	g7468.t1	1038	No	No
g7469.t1	g7469.t1	970	No	No
g7470.t1	g7470.t1	210	No	No
g7471.t1	g7471.t1	795	No	No
g7472.t1	g7472.t1	827	No	No
g7473.t1	g7473.t1	71	No	No
g7474.t1	g7474.t1	179	Yes	No
g7475.t1	g7475.t1	963	No	No
g7476.t2	g7476.t2	422	No	No
g7477.t1	g7477.t1	404	No	No
g7478.t1	g7478.t1	525	No	No
g7479.t1	g7479.t1	759	No	No
g7480.t1	g7480.t1	87	No	No
g7481.t1	g7481.t1	214	No	No
g7482.t1	g7482.t1	497	No	No
g7483.t1	g7483.t1	318	No	No
g7484.t1	g7484.t1	502	No	No
g7485.t1	g7485.t1	273	No	No
g7486.t1	g7486.t1	177	No	No
g7487.t1	g7487.t1	241	Yes	No
g7488.t1	g7488.t1	127	No	No
g7489.t1	g7489.t1	83	No	No
g7490.t1	g7490.t1	109	No	No
g7491.t1	g7491.t1	102	No	No
g7492.t1	g7492.t1	489	No	No
g7493.t1	g7493.t1	392	No	No
g7494.t1	g7494.t1	379	No	No
g7495.t1	g7495.t1	250	No	No
g7496.t1	g7496.t1	123	No	No
g7497.t1	g7497.t1	97	No	No
g7498.t1	g7498.t1	126	No	No
g7499.t1	g7499.t1	192	No	No
g7500.t1	g7500.t1	2031	No	No
g7501.t1	g7501.t1	149	No	No
g7502.t1	g7502.t1	243	No	No
g7503.t1	g7503.t1	953	No	No
g7504.t1	g7504.t1	731	No	No
g7505.t1	g7505.t1	178	No	No
g7506.t1	g7506.t1	206	No	No
g7507.t1	g7507.t1	182	No	No
g7508.t1	g7508.t1	244	No	No
g7509.t1	g7509.t1	243	No	No
g7510.t1	g7510.t1	381	No	No
g7511.t1	g7511.t1	151	No	No
g7512.t1	g7512.t1	223	No	No
g7513.t1	g7513.t1	136	No	No
g7514.t1	g7514.t1	203	No	No
g7515.t1	g7515.t1	258	No	No
g7516.t1	g7516.t1	203	No	No
g7517.t1	g7517.t1	95	No	No
g7518.t1	g7518.t1	214	No	No
g7519.t1	g7519.t1	593	No	No
g7520.t1	g7520.t1	203	No	No
g7521.t1	g7521.t1	186	No	No
g7522.t1	g7522.t1	327	No	No
g7523.t1	g7523.t1	208	No	No
g7524.t1	g7524.t1	115	No	No
g7525.t1	g7525.t1	77	No	No
g7526.t1	g7526.t1	79	No	No
g7527.t1	g7527.t1	645	No	No
g7528.t1	g7528.t1	75	No	No
g7529.t1	g7529.t1	83	No	No
g7530.t1	g7530.t1	475	No	No
g7531.t1	g7531.t1	86	No	No
g7532.t1	g7532.t1	475	No	No
g7533.t1	g7533.t1	513	No	No
g7534.t1	g7534.t1	998	No	No
g7535.t1	g7535.t1	243	No	No
g7536.t1	g7536.t1	164	No	No
g7537.t1	g7537.t1	536	No	No
g7538.t1	g7538.t1	751	No	No
g7539.t1	g7539.t1	893	No	No
g7540.t1	g7540.t1	333	No	No
g7541.t1	g7541.t1	245	No	No
g7542.t1	g7542.t1	764	No	No
g7543.t1	g7543.t1	86	No	No
g7544.t1	g7544.t1	2536	No	No
g7545.t1	g7545.t1	374	No	No
g7546.t1	g7546.t1	138	No	No
g7547.t1	g7547.t1	26	No	No
g7548.t1	g7548.t1	1048	No	No
g7549.t1	g7549.t1	91	No	No
g7550.t1	g7550.t1	76	No	No
g7551.t1	g7551.t1	106	No	No
g7552.t1	g7552.t1	160	Yes	No
g7553.t1	g7553.t1	203	No	No
g7554.t1	g7554.t1	485	No	No
g7555.t1	g7555.t1	105	No	No
g7556.t1	g7556.t1	89	No	No
g7557.t1	g7557.t1	79	No	No
g7558.t1	g7558.t1	331	No	No
g7559.t1	g7559.t1	1999	No	No
g7560.t1	g7560.t1	115	No	No
g7561.t1	g7561.t1	117	No	No
g7562.t1	g7562.t1	86	No	No
g7563.t1	g7563.t1	101	No	No
g7564.t1	g7564.t1	90	No	No
g7565.t1	g7565.t1	54	Yes	No
g7566.t1	g7566.t1	71	No	No
g7567.t1	g7567.t1	357	Yes	No
g7568.t1	g7568.t1	226	No	No
g7569.t1	g7569.t1	49	Yes	No
g7570.t1	g7570.t1	67	No	No
g7571.t1	g7571.t1	91	No	No
g7572.t1	g7572.t1	907	No	No
g7573.t1	g7573.t1	296	No	No
g7574.t1	g7574.t1	1098	No	No
g7575.t1	g7575.t1	280	No	No
g7576.t1	g7576.t1	1269	No	No
g7577.t1	g7577.t1	108	No	No
g7578.t1	g7578.t1	455	No	No
g7579.t1	g7579.t1	843	No	No
g7580.t1	g7580.t1	355	No	No
g7581.t1	g7581.t1	691	Yes	No
g7582.t1	g7582.t1	222	No	No
g7583.t1	g7583.t1	327	No	No
g7584.t1	g7584.t1	196	No	No
g7585.t1	g7585.t1	433	No	No
g7586.t1	g7586.t1	408	No	No
g7587.t1	g7587.t1	327	No	No
g7588.t1	g7588.t1	404	No	No
g7589.t1	g7589.t1	260	No	No
g7590.t1	g7590.t1	55	No	No
g7591.t1	g7591.t1	107	No	No
g7592.t1	g7592.t1	716	No	No
g7593.t1	g7593.t1	70	No	No
g7594.t1	g7594.t1	191	No	No
g7595.t1	g7595.t1	431	No	No
g7596.t1	g7596.t1	258	No	No
g7597.t1	g7597.t1	291	No	No
g7598.t1	g7598.t1	288	No	No
g7599.t1	g7599.t1	295	No	No
g7600.t1	g7600.t1	295	No	No
g7601.t1	g7601.t1	296	No	No
g7602.t1	g7602.t1	295	No	No
g7603.t1	g7603.t1	290	No	No
g7604.t1	g7604.t1	290	No	No
g7605.t1	g7605.t1	190	No	No
g7606.t1	g7606.t1	576	No	No
g7607.t1	g7607.t1	216	No	No
g7608.t1	g7608.t1	287	No	No
g7609.t1	g7609.t1	299	No	No
g7610.t1	g7610.t1	85	No	No
g7611.t1	g7611.t1	271	No	No
g7612.t1	g7612.t1	286	Yes	No
g7613.t1	g7613.t1	359	Yes	No
g7614.t1	g7614.t1	358	No	No
g7615.t1	g7615.t1	287	No	No
g7616.t1	g7616.t1	74	No	No
g7617.t1	g7617.t1	723	No	No
g7618.t1	g7618.t1	80	No	No
g7619.t1	g7619.t1	105	No	No
g7620.t1	g7620.t1	150	No	No
g7621.t1	g7621.t1	229	No	No
g7622.t1	g7622.t1	378	No	No
g7623.t1	g7623.t1	128	No	No
g7624.t1	g7624.t1	1073	No	No
g7625.t4	g7625.t4	689	No	No
g7626.t1	g7626.t1	167	No	No
g7627.t1	g7627.t1	522	No	No
g7628.t1	g7628.t1	533	No	No
g7629.t1	g7629.t1	466	No	No
g7630.t1	g7630.t1	500	No	No
g7631.t1	g7631.t1	109	Yes	No
g7632.t1	g7632.t1	379	No	No
g7633.t1	g7633.t1	81	No	No
g7634.t1	g7634.t1	198	No	No
g7635.t1	g7635.t1	170	No	No
g7636.t1	g7636.t1	735	No	No
g7637.t1	g7637.t1	129	No	No
g7638.t1	g7638.t1	233	No	No
g7639.t1	g7639.t1	199	No	No
g7640.t1	g7640.t1	104	No	No
g7641.t1	g7641.t1	230	No	No
g7642.t1	g7642.t1	101	No	No
g7643.t1	g7643.t1	27	Yes	No
g7644.t1	g7644.t1	215	Yes	No
g7645.t1	g7645.t1	71	No	No
g7646.t1	g7646.t1	840	No	No
g7647.t1	g7647.t1	534	No	No
g7648.t1	g7648.t1	511	No	No
g7649.t1	g7649.t1	2450	No	No
g7650.t1	g7650.t1	249	No	No
g7651.t1	g7651.t1	345	No	No
g7652.t1	g7652.t1	410	No	No
g7653.t1	g7653.t1	278	No	No
g7654.t2	g7654.t2	106	No	No
g7655.t1	g7655.t1	107	No	No
g7656.t1	g7656.t1	81	No	No
g7657.t1	g7657.t1	282	No	No
g7658.t1	g7658.t1	426	No	No
g7659.t1	g7659.t1	1087	No	No
g7660.t1	g7660.t1	69	Yes	No
g7661.t1	g7661.t1	80	No	No
g7662.t1	g7662.t1	225	No	No
g7663.t1	g7663.t1	221	No	No
g7664.t1	g7664.t1	542	No	No
g7665.t1	g7665.t1	247	No	No
g7666.t1	g7666.t1	350	Yes	No
g7667.t1	g7667.t1	147	No	No
g7668.t1	g7668.t1	156	No	No
g7669.t1	g7669.t1	170	No	No
g7670.t1	g7670.t1	225	No	No
g7671.t1	g7671.t1	494	No	No
g7672.t1	g7672.t1	201	No	No
g7673.t1	g7673.t1	108	No	No
g7674.t1	g7674.t1	164	No	No
g7675.t1	g7675.t1	146	Yes	No
g7676.t1	g7676.t1	110	No	No
g7677.t1	g7677.t1	119	No	No
g7678.t1	g7678.t1	88	No	No
g7679.t1	g7679.t1	647	No	No
g7680.t1	g7680.t1	552	No	No
g7681.t2	g7681.t2	573	No	No
g7682.t1	g7682.t1	1105	No	No
g7683.t1	g7683.t1	137	No	No
g7684.t1	g7684.t1	112	No	No
g7685.t1	g7685.t1	738	No	No
g7686.t1	g7686.t1	586	No	No
g7687.t1	g7687.t1	676	No	No
g7688.t1	g7688.t1	150	No	No
g7689.t1	g7689.t1	154	No	No
g7690.t1	g7690.t1	108	No	No
g7691.t1	g7691.t1	221	No	No
g7692.t1	g7692.t1	92	No	No
g7693.t1	g7693.t1	201	No	No
g7694.t1	g7694.t1	245	No	No
g7695.t1	g7695.t1	352	No	No
g7696.t1	g7696.t1	1832	Yes	No
g7697.t1	g7697.t1	2134	Yes	No
g7698.t1	g7698.t1	484	No	No
g7699.t1	g7699.t1	142	No	No
g7700.t1	g7700.t1	67	No	No
g7701.t1	g7701.t1	69	No	No
g7702.t1	g7702.t1	94	No	No
g7703.t1	g7703.t1	806	No	No
g7704.t1	g7704.t1	1368	No	No
g7705.t1	g7705.t1	209	No	No
g7706.t1	g7706.t1	546	No	No
g7707.t1	g7707.t1	120	No	No
g7708.t1	g7708.t1	299	No	No
g7709.t1	g7709.t1	258	No	No
g7710.t1	g7710.t1	1338	Yes	No
g7711.t1	g7711.t1	159	No	No
g7712.t1	g7712.t1	511	Yes	No
g7713.t1	g7713.t1	139	No	No
g7714.t1	g7714.t1	206	No	No
g7715.t1	g7715.t1	267	No	No
g7716.t1	g7716.t1	221	No	No
g7717.t1	g7717.t1	96	No	No
g7718.t1	g7718.t1	69	No	No
g7719.t1	g7719.t1	102	No	No
g7720.t1	g7720.t1	607	No	No
g7721.t1	g7721.t1	259	No	No
g7722.t1	g7722.t1	588	Yes	No
g7723.t1	g7723.t1	66	No	No
g7724.t1	g7724.t1	1420	No	No
g7725.t1	g7725.t1	382	No	No
g7726.t1	g7726.t1	248	No	No
g7727.t1	g7727.t1	91	No	No
g7728.t1	g7728.t1	304	No	No
g7729.t1	g7729.t1	80	No	No
g7730.t1	g7730.t1	455	No	No
g7731.t1	g7731.t1	154	No	No
g7732.t1	g7732.t1	93	No	No
g7733.t1	g7733.t1	696	No	No
g7734.t1	g7734.t1	118	No	No
g7735.t1	g7735.t1	335	No	No
g7736.t1	g7736.t1	2165	No	No
g7737.t1	g7737.t1	430	No	No
g7738.t1	g7738.t1	523	No	No
g7739.t1	g7739.t1	223	No	No
g7740.t1	g7740.t1	183	No	No
g7741.t1	g7741.t1	73	No	No
g7742.t1	g7742.t1	78	No	No
g7743.t1	g7743.t1	114	No	No
g7744.t1	g7744.t1	200	No	No
g7745.t1	g7745.t1	471	No	No
g7746.t1	g7746.t1	226	No	No
g7747.t1	g7747.t1	491	No	No
g7748.t1	g7748.t1	144	No	No
g7749.t1	g7749.t1	373	No	No
g7750.t1	g7750.t1	104	No	No
g7751.t1	g7751.t1	218	No	No
g7752.t1	g7752.t1	1310	No	No
g7753.t1	g7753.t1	96	No	No
g7754.t1	g7754.t1	1178	No	No
g7755.t1	g7755.t1	238	No	No
g7756.t1	g7756.t1	144	No	No
g7757.t1	g7757.t1	165	No	No
g7758.t1	g7758.t1	185	Yes	No
g7759.t1	g7759.t1	244	No	No
g7760.t1	g7760.t1	82	No	No
g7761.t1	g7761.t1	114	No	No
g7762.t1	g7762.t1	83	No	No
g7763.t1	g7763.t1	128	No	No
g7764.t1	g7764.t1	117	No	No
g7765.t1	g7765.t1	53	No	No
g7766.t1	g7766.t1	793	No	No
g7767.t1	g7767.t1	508	No	No
g7768.t1	g7768.t1	505	No	No
g7769.t1	g7769.t1	110	No	No
g7770.t1	g7770.t1	338	No	No
g7771.t1	g7771.t1	236	No	No
g7772.t1	g7772.t1	116	No	No
g7773.t1	g7773.t1	272	No	No
g7774.t1	g7774.t1	452	No	No
g7775.t1	g7775.t1	287	No	No
g7776.t1	g7776.t1	234	No	No
g7777.t1	g7777.t1	99	No	No
g7778.t1	g7778.t1	107	No	No
g7779.t1	g7779.t1	190	No	No
g7780.t1	g7780.t1	180	No	No
g7781.t1	g7781.t1	84	No	No
g7782.t1	g7782.t1	116	No	No
g7783.t1	g7783.t1	92	No	No
g7784.t1	g7784.t1	109	Yes	No
g7785.t1	g7785.t1	322	No	No
g7786.t1	g7786.t1	266	No	No
g7787.t1	g7787.t1	464	No	No
g7788.t1	g7788.t1	468	No	No
g7789.t1	g7789.t1	75	No	No
g7790.t1	g7790.t1	146	No	No
g7791.t1	g7791.t1	347	No	No
g7792.t1	g7792.t1	626	No	No
g7793.t1	g7793.t1	323	No	No
g7794.t1	g7794.t1	324	No	No
g7795.t1	g7795.t1	179	Yes	No
g7796.t1	g7796.t1	1773	No	No
g7797.t1	g7797.t1	256	No	No
g7798.t1	g7798.t1	833	No	No
g7799.t1	g7799.t1	123	No	No
g7800.t1	g7800.t1	346	No	No
g7801.t1	g7801.t1	298	No	No
g7802.t1	g7802.t1	99	No	No
g7803.t1	g7803.t1	108	No	No
g7804.t1	g7804.t1	755	No	No
g7805.t1	g7805.t1	212	No	No
g7806.t1	g7806.t1	115	No	No
g7807.t1	g7807.t1	989	No	No
g7808.t1	g7808.t1	52	Yes	No
g7809.t1	g7809.t1	144	No	No
g7810.t1	g7810.t1	85	No	No
g7811.t1	g7811.t1	110	No	No
g7812.t1	g7812.t1	723	No	No
g7813.t1	g7813.t1	311	No	No
g7814.t1	g7814.t1	119	No	No
g7815.t1	g7815.t1	298	No	No
g7816.t1	g7816.t1	151	No	No
g7817.t1	g7817.t1	342	No	No
g7818.t1	g7818.t1	67	No	No
g7819.t1	g7819.t1	593	No	No
g7820.t1	g7820.t1	167	No	No
g7821.t1	g7821.t1	489	No	No
g7822.t1	g7822.t1	375	No	No
g7823.t1	g7823.t1	192	No	No
g7824.t1	g7824.t1	107	No	No
g7825.t1	g7825.t1	112	No	No
g7826.t1	g7826.t1	40	Yes	No
g7827.t1	g7827.t1	72	No	No
g7828.t1	g7828.t1	231	No	No
g7829.t1	g7829.t1	96	Yes	No
g7830.t1	g7830.t1	134	No	No
g7831.t1	g7831.t1	152	No	No
g7832.t1	g7832.t1	179	No	No
g7833.t1	g7833.t1	610	No	No
g7834.t1	g7834.t1	71	No	No
g7835.t1	g7835.t1	144	No	No
g7836.t1	g7836.t1	123	No	No
g7837.t1	g7837.t1	79	No	No
g7838.t1	g7838.t1	100	No	No
g7839.t1	g7839.t1	121	No	No
g7840.t1	g7840.t1	167	No	No
g7841.t1	g7841.t1	188	No	No
g7842.t1	g7842.t1	268	No	No
g7843.t1	g7843.t1	214	No	No
g7844.t1	g7844.t1	903	No	No
g7845.t1	g7845.t1	339	No	No
g7846.t1	g7846.t1	379	No	No
g7847.t1	g7847.t1	484	No	No
g7848.t1	g7848.t1	565	No	No
g7849.t1	g7849.t1	90	No	No
g7850.t1	g7850.t1	222	No	No
g7851.t1	g7851.t1	246	No	No
g7852.t1	g7852.t1	147	No	No
g7853.t1	g7853.t1	106	No	No
g7854.t1	g7854.t1	779	No	No
g7855.t1	g7855.t1	77	No	No
g7856.t1	g7856.t1	87	No	No
g7857.t1	g7857.t1	681	No	No
g7858.t1	g7858.t1	394	No	No
g7859.t1	g7859.t1	71	No	No
g7860.t1	g7860.t1	216	No	No
g7861.t1	g7861.t1	76	No	No
g7862.t1	g7862.t1	455	No	No
g7863.t1	g7863.t1	293	No	No
g7864.t1	g7864.t1	122	No	No
g7865.t1	g7865.t1	100	No	No
g7866.t1	g7866.t1	142	No	No
g7867.t1	g7867.t1	2007	No	No
g7868.t1	g7868.t1	548	No	No
g7869.t1	g7869.t1	208	No	No
g7870.t1	g7870.t1	545	No	No
g7871.t1	g7871.t1	504	No	No
g7872.t1	g7872.t1	331	No	No
g7873.t1	g7873.t1	85	No	No
g7874.t1	g7874.t1	249	No	No
g7875.t1	g7875.t1	128	No	No
g7876.t1	g7876.t1	814	No	No
g7877.t1	g7877.t1	114	No	No
g7878.t1	g7878.t1	408	No	No
g7879.t1	g7879.t1	721	No	No
g7880.t1	g7880.t1	644	No	No
g7881.t1	g7881.t1	426	No	No
g7882.t1	g7882.t1	368	No	No
g7883.t1	g7883.t1	349	No	No
g7884.t1	g7884.t1	362	No	No
g7885.t1	g7885.t1	711	No	No
g7886.t1	g7886.t1	1747	No	No
g7887.t1	g7887.t1	322	No	No
g7888.t1	g7888.t1	162	No	No
g7889.t1	g7889.t1	734	No	No
g7890.t1	g7890.t1	655	No	No
g7891.t1	g7891.t1	812	No	No
g7892.t2	g7892.t2	531	No	No
g7893.t1	g7893.t1	125	No	No
g7894.t1	g7894.t1	97	No	No
g7895.t1	g7895.t1	209	No	No
g7896.t1	g7896.t1	134	No	No
g7897.t1	g7897.t1	77	No	No
g7898.t1	g7898.t1	105	No	No
g7899.t1	g7899.t1	78	No	No
g7900.t1	g7900.t1	163	No	No
g7901.t1	g7901.t1	71	No	No
g7902.t1	g7902.t1	484	No	No
g7903.t1	g7903.t1	368	No	No
g7904.t1	g7904.t1	87	No	No
g7905.t2	g7905.t2	1529	No	No
g7906.t1	g7906.t1	76	No	No
g7907.t1	g7907.t1	260	No	No
g7908.t1	g7908.t1	771	No	No
g7909.t1	g7909.t1	761	No	No
g7910.t1	g7910.t1	381	No	No
g7911.t1	g7911.t1	226	No	No
g7912.t1	g7912.t1	531	No	No
g7913.t1	g7913.t1	205	No	No
g7914.t1	g7914.t1	132	No	No
g7915.t1	g7915.t1	241	No	No
g7916.t1	g7916.t1	130	No	No
g7917.t1	g7917.t1	95	No	No
g7918.t1	g7918.t1	79	No	No
g7919.t1	g7919.t1	477	No	No
g7920.t1	g7920.t1	68	No	No
g7921.t1	g7921.t1	289	No	No
g7922.t1	g7922.t1	345	No	No
g7923.t1	g7923.t1	271	No	No
g7924.t1	g7924.t1	177	Yes	No
g7925.t2	g7925.t2	244	No	No
g7926.t1	g7926.t1	246	No	No
g7927.t1	g7927.t1	211	Yes	No
g7928.t1	g7928.t1	145	No	No
g7929.t1	g7929.t1	238	No	No
g7930.t1	g7930.t1	366	Yes	No
g7931.t1	g7931.t1	187	No	No
g7932.t1	g7932.t1	369	No	No
g7933.t1	g7933.t1	504	No	No
g7934.t3	g7934.t3	314	No	No
g7935.t2	g7935.t2	960	No	No
g7936.t1	g7936.t1	1174	No	No
g7937.t1	g7937.t1	229	No	No
g7938.t1	g7938.t1	90	No	No
g7939.t1	g7939.t1	139	No	No
g7940.t1	g7940.t1	89	No	No
g7941.t1	g7941.t1	40	No	No
g7942.t1	g7942.t1	491	No	No
g7943.t1	g7943.t1	100	No	No
g7944.t2	g7944.t2	712	No	No
g7945.t1	g7945.t1	94	No	No
g7946.t1	g7946.t1	526	Yes	No
g7947.t1	g7947.t1	341	Yes	No
g7948.t1	g7948.t1	324	No	No
g7949.t1	g7949.t1	163	No	No
g7950.t1	g7950.t1	89	No	No
g7951.t1	g7951.t1	111	Yes	No
g7952.t1	g7952.t1	179	No	No
g7953.t1	g7953.t1	108	No	No
g7954.t1	g7954.t1	123	No	No
g7955.t1	g7955.t1	393	No	No
g7956.t1	g7956.t1	108	No	No
g7957.t1	g7957.t1	72	No	No
g7958.t1	g7958.t1	91	No	No
g7959.t1	g7959.t1	195	No	No
g7960.t1	g7960.t1	119	No	No
g7961.t1	g7961.t1	115	No	No
g7962.t1	g7962.t1	1252	No	No
g7963.t1	g7963.t1	272	No	No
g7964.t1	g7964.t1	82	No	No
g7965.t1	g7965.t1	97	No	No
g7966.t1	g7966.t1	234	No	No
g7967.t1	g7967.t1	249	No	No
g7968.t1	g7968.t1	375	No	No
g7969.t1	g7969.t1	722	No	No
g7970.t1	g7970.t1	83	No	No
g7971.t1	g7971.t1	712	No	No
g7972.t1	g7972.t1	392	No	No
g7973.t1	g7973.t1	280	No	No
g7974.t1	g7974.t1	90	No	No
g7975.t1	g7975.t1	133	No	No
g7976.t1	g7976.t1	168	No	No
g7977.t1	g7977.t1	305	No	No
g7978.t1	g7978.t1	158	No	No
g7979.t1	g7979.t1	198	No	No
g7980.t1	g7980.t1	94	No	No
g7981.t1	g7981.t1	115	No	No
g7982.t1	g7982.t1	162	No	No
g7983.t1	g7983.t1	147	No	No
g7984.t1	g7984.t1	86	No	No
g7985.t2	g7985.t2	473	No	No
g7986.t1	g7986.t1	405	No	No
g7987.t1	g7987.t1	164	No	No
g7988.t1	g7988.t1	571	No	No
g7989.t1	g7989.t1	556	No	No
g7990.t1	g7990.t1	108	No	No
g7991.t1	g7991.t1	419	No	No
g7992.t1	g7992.t1	481	No	No
g7993.t1	g7993.t1	1437	No	No
g7994.t1	g7994.t1	864	No	No
g7995.t1	g7995.t1	1281	No	No
g7996.t1	g7996.t1	122	No	No
g7997.t1	g7997.t1	320	Yes	No
g7998.t1	g7998.t1	158	No	No
g7999.t1	g7999.t1	101	Yes	No
g8000.t1	g8000.t1	82	No	No
g8001.t1	g8001.t1	135	No	No
g8002.t1	g8002.t1	755	No	No
g8003.t1	g8003.t1	2423	No	No
g8004.t1	g8004.t1	529	No	No
g8005.t1	g8005.t1	219	Yes	No
g8006.t1	g8006.t1	313	Yes	No
g8007.t1	g8007.t1	535	No	No
g8008.t1	g8008.t1	216	No	No
g8009.t1	g8009.t1	110	No	No
g8010.t1	g8010.t1	144	No	No
g8011.t1	g8011.t1	429	No	No
g8012.t1	g8012.t1	260	Yes	No
g8013.t1	g8013.t1	381	No	No
g8014.t1	g8014.t1	798	No	No
g8015.t1	g8015.t1	153	No	No
g8016.t1	g8016.t1	130	Yes	No
g8017.t1	g8017.t1	114	No	No
g8018.t1	g8018.t1	114	No	No
g8019.t1	g8019.t1	100	No	No
g8020.t1	g8020.t1	162	No	No
g8021.t1	g8021.t1	869	No	No
g8022.t1	g8022.t1	526	No	No
g8023.t1	g8023.t1	154	No	No
g8024.t1	g8024.t1	203	No	No
g8025.t1	g8025.t1	808	No	No
g8026.t1	g8026.t1	84	No	No
g8027.t1	g8027.t1	218	No	No
g8028.t1	g8028.t1	551	No	No
g8029.t1	g8029.t1	109	No	No
g8030.t1	g8030.t1	118	Yes	No
g8031.t1	g8031.t1	101	No	No
g8032.t1	g8032.t1	87	No	No
g8033.t1	g8033.t1	97	No	No
g8034.t1	g8034.t1	309	No	No
g8035.t1	g8035.t1	385	No	No
g8036.t1	g8036.t1	487	No	No
g8037.t1	g8037.t1	220	No	No
g8038.t1	g8038.t1	619	No	No
g8039.t1	g8039.t1	259	No	No
g8040.t1	g8040.t1	77	Yes	No
g8041.t1	g8041.t1	155	No	No
g8042.t1	g8042.t1	775	No	No
g8043.t1	g8043.t1	87	No	No
g8044.t1	g8044.t1	408	Yes	No
g8045.t1	g8045.t1	79	No	No
g8046.t1	g8046.t1	198	No	No
g8047.t1	g8047.t1	539	No	No
g8048.t1	g8048.t1	1121	No	No
g8049.t1	g8049.t1	484	No	No
g8050.t1	g8050.t1	404	No	No
g8051.t1	g8051.t1	211	No	No
g8052.t1	g8052.t1	115	No	No
g8053.t1	g8053.t1	616	No	No
g8054.t1	g8054.t1	438	No	No
g8055.t1	g8055.t1	377	No	No
g8056.t1	g8056.t1	309	No	No
g8057.t1	g8057.t1	241	No	No
g8058.t1	g8058.t1	684	No	No
g8059.t1	g8059.t1	589	Yes	No
g8060.t1	g8060.t1	235	No	No
g8061.t1	g8061.t1	925	No	No
g8062.t1	g8062.t1	247	No	No
g8063.t1	g8063.t1	132	No	No
g8064.t1	g8064.t1	107	No	No
g8065.t1	g8065.t1	112	No	No
g8066.t1	g8066.t1	223	Yes	No
g8067.t1	g8067.t1	253	No	No
g8068.t1	g8068.t1	2554	No	No
g8069.t1	g8069.t1	1785	No	No
g8070.t1	g8070.t1	85	No	No
g8071.t1	g8071.t1	72	No	No
g8072.t1	g8072.t1	192	No	No
g8073.t1	g8073.t1	364	No	No
g8074.t1	g8074.t1	101	No	No
g8075.t1	g8075.t1	83	No	No
g8076.t1	g8076.t1	171	No	No
g8077.t1	g8077.t1	333	No	No
g8078.t1	g8078.t1	227	No	No
g8079.t1	g8079.t1	615	No	No
g8080.t1	g8080.t1	617	No	No
g8081.t1	g8081.t1	82	No	No
g8082.t1	g8082.t1	151	No	No
g8083.t1	g8083.t1	192	No	No
g8084.t1	g8084.t1	156	No	No
g8085.t1	g8085.t1	264	No	No
g8086.t1	g8086.t1	226	No	No
g8087.t1	g8087.t1	585	No	No
g8088.t1	g8088.t1	578	No	No
g8089.t1	g8089.t1	236	No	No
g8090.t1	g8090.t1	252	No	No
g8091.t1	g8091.t1	277	No	No
g8092.t1	g8092.t1	173	No	No
g8093.t1	g8093.t1	98	No	No
g8094.t1	g8094.t1	474	No	No
g8095.t1	g8095.t1	88	No	No
g8096.t1	g8096.t1	344	No	No
g8097.t1	g8097.t1	66	No	No
g8098.t1	g8098.t1	152	No	No
g8099.t1	g8099.t1	94	No	No
g8100.t1	g8100.t1	133	No	No
g8101.t1	g8101.t1	97	No	No
g8102.t1	g8102.t1	494	Yes	No
g8103.t1	g8103.t1	423	No	No
g8104.t1	g8104.t1	75	No	No
g8105.t1	g8105.t1	109	No	No
g8106.t1	g8106.t1	102	No	No
g8107.t1	g8107.t1	460	Yes	No
g8108.t1	g8108.t1	553	No	No
g8109.t1	g8109.t1	111	No	No
g8110.t1	g8110.t1	97	No	No
g8111.t1	g8111.t1	539	No	No
g8112.t1	g8112.t1	474	No	No
g8113.t1	g8113.t1	331	No	No
g8114.t1	g8114.t1	433	No	No
g8115.t1	g8115.t1	108	No	No
g8116.t1	g8116.t1	86	No	No
g8117.t1	g8117.t1	153	No	No
g8118.t1	g8118.t1	799	No	No
g8119.t1	g8119.t1	862	No	No
g8120.t1	g8120.t1	168	No	No
g8121.t1	g8121.t1	118	No	No
g8122.t1	g8122.t1	115	No	No
g8123.t1	g8123.t1	134	No	No
g8124.t1	g8124.t1	524	No	No
g8125.t1	g8125.t1	159	No	No
g8126.t1	g8126.t1	100	No	No
g8127.t1	g8127.t1	79	No	No
g8128.t1	g8128.t1	366	No	No
g8129.t1	g8129.t1	123	No	No
g8130.t1	g8130.t1	156	No	No
g8131.t2	g8131.t2	193	Yes	No
g8132.t1	g8132.t1	144	No	No
g8133.t1	g8133.t1	370	No	No
g8134.t1	g8134.t1	147	No	No
g8135.t1	g8135.t1	447	No	No
g8136.t1	g8136.t1	700	No	No
g8137.t1	g8137.t1	587	No	No
g8138.t1	g8138.t1	341	No	No
g8139.t1	g8139.t1	154	No	No
g8140.t1	g8140.t1	79	No	No
g8141.t1	g8141.t1	193	No	No
g8142.t1	g8142.t1	269	No	No
g8143.t1	g8143.t1	400	No	No
g8144.t2	g8144.t2	841	No	No
g8145.t1	g8145.t1	175	No	No
g8146.t1	g8146.t1	393	Yes	No
g8147.t1	g8147.t1	67	No	No
g8148.t1	g8148.t1	1441	No	No
g8149.t1	g8149.t1	109	No	No
g8150.t1	g8150.t1	686	No	No
g8151.t1	g8151.t1	988	No	No
g8152.t1	g8152.t1	100	No	No
g8153.t1	g8153.t1	484	No	No
g8154.t1	g8154.t1	493	No	No
g8155.t1	g8155.t1	144	No	No
g8156.t1	g8156.t1	159	No	No
g8157.t1	g8157.t1	356	No	No
g8158.t1	g8158.t1	499	No	No
g8159.t1	g8159.t1	910	No	No
g8160.t1	g8160.t1	542	No	No
g8161.t1	g8161.t1	1189	No	No
g8162.t1	g8162.t1	136	No	No
g8163.t1	g8163.t1	82	Yes	No
g8164.t1	g8164.t1	192	Yes	No
g8165.t1	g8165.t1	188	No	No
g8166.t1	g8166.t1	173	No	No
g8167.t1	g8167.t1	206	No	No
g8168.t1	g8168.t1	703	No	No
g8169.t1	g8169.t1	125	No	No
g8170.t1	g8170.t1	348	No	No
g8171.t1	g8171.t1	960	No	No
g8172.t1	g8172.t1	1340	No	No
g8173.t1	g8173.t1	322	No	No
g8174.t1	g8174.t1	249	No	No
g8175.t1	g8175.t1	213	No	No
g8176.t1	g8176.t1	108	No	No
g8177.t1	g8177.t1	231	Yes	No
g8178.t1	g8178.t1	778	No	No
g8179.t1	g8179.t1	292	No	No
g8180.t1	g8180.t1	311	No	No
g8181.t1	g8181.t1	493	Yes	No
g8182.t1	g8182.t1	130	No	No
g8183.t1	g8183.t1	111	No	No
g8184.t1	g8184.t1	79	No	No
g8185.t1	g8185.t1	134	No	No
g8186.t1	g8186.t1	1299	No	No
g8187.t1	g8187.t1	132	No	No
g8188.t1	g8188.t1	829	No	No
g8189.t1	g8189.t1	221	Yes	No
g8190.t1	g8190.t1	215	No	No
g8191.t2	g8191.t2	876	No	No
g8192.t1	g8192.t1	76	No	No
g8193.t1	g8193.t1	423	No	No
g8194.t1	g8194.t1	828	No	No
g8195.t1	g8195.t1	201	No	No
g8196.t1	g8196.t1	286	No	No
g8197.t1	g8197.t1	460	No	No
g8198.t1	g8198.t1	345	No	No
g8199.t1	g8199.t1	463	No	No
g8200.t1	g8200.t1	147	No	No
g8201.t1	g8201.t1	362	No	No
g8202.t1	g8202.t1	524	Yes	No
g8203.t1	g8203.t1	542	No	No
g8204.t1	g8204.t1	332	No	No
g8205.t1	g8205.t1	106	No	No
g8206.t1	g8206.t1	77	No	No
g8207.t2	g8207.t2	255	No	No
g8208.t1	g8208.t1	115	No	No
g8209.t1	g8209.t1	119	No	No
g8210.t1	g8210.t1	117	No	No
g8211.t1	g8211.t1	339	No	No
g8212.t1	g8212.t1	125	Yes	No
g8213.t1	g8213.t1	109	No	No
g8214.t1	g8214.t1	264	No	No
g8215.t2	g8215.t2	1150	No	No
g8216.t1	g8216.t1	195	No	No
g8217.t1	g8217.t1	123	No	No
g8218.t1	g8218.t1	373	No	No
g8219.t1	g8219.t1	412	No	No
g8220.t1	g8220.t1	262	No	No
g8221.t1	g8221.t1	234	No	No
g8222.t1	g8222.t1	1075	No	No
g8223.t1	g8223.t1	182	No	No
g8224.t1	g8224.t1	88	No	No
g8225.t1	g8225.t1	105	No	No
g8226.t1	g8226.t1	595	Yes	No
g8227.t1	g8227.t1	438	Yes	No
g8228.t1	g8228.t1	197	No	No
g8229.t1	g8229.t1	81	No	No
g8230.t1	g8230.t1	192	No	No
g8231.t1	g8231.t1	82	Yes	No
g8232.t1	g8232.t1	417	Yes	No
g8233.t1	g8233.t1	460	No	No
g8234.t1	g8234.t1	733	No	No
g8235.t1	g8235.t1	1185	No	No
g8236.t1	g8236.t1	366	Yes	No
g8237.t1	g8237.t1	341	No	No
g8238.t1	g8238.t1	77	No	No
g8239.t1	g8239.t1	470	No	No
g8240.t1	g8240.t1	104	No	No
g8241.t1	g8241.t1	547	No	No
g8242.t1	g8242.t1	1290	No	No
g8243.t1	g8243.t1	1336	No	No
g8244.t1	g8244.t1	233	No	No
g8245.t1	g8245.t1	514	No	No
g8246.t1	g8246.t1	203	No	No
g8247.t1	g8247.t1	181	No	No
g8248.t1	g8248.t1	116	No	No
g8249.t1	g8249.t1	756	No	No
g8250.t1	g8250.t1	880	No	No
g8251.t1	g8251.t1	525	No	No
g8252.t1	g8252.t1	2628	Yes	No
g8253.t1	g8253.t1	457	No	No
g8254.t1	g8254.t1	579	Yes	No
g8255.t1	g8255.t1	740	No	No
g8256.t1	g8256.t1	154	No	No
g8257.t1	g8257.t1	496	No	No
g8258.t1	g8258.t1	662	No	No
g8259.t1	g8259.t1	69	No	No
g8260.t1	g8260.t1	104	No	No
g8261.t1	g8261.t1	120	No	No
g8262.t1	g8262.t1	159	No	No
g8263.t1	g8263.t1	71	No	No
g8264.t2	g8264.t2	1622	No	No
g8265.t1	g8265.t1	131	No	No
g8266.t1	g8266.t1	139	No	No
g8267.t1	g8267.t1	138	No	No
g8268.t1	g8268.t1	622	No	No
g8269.t1	g8269.t1	526	No	No
g8270.t3	g8270.t3	384	No	No
g8271.t1	g8271.t1	501	No	No
g8272.t1	g8272.t1	320	No	No
g8273.t1	g8273.t1	712	No	No
g8274.t1	g8274.t1	454	No	No
g8275.t1	g8275.t1	1184	No	No
g8276.t1	g8276.t1	533	No	No
g8277.t1	g8277.t1	799	No	No
g8278.t1	g8278.t1	313	No	No
g8279.t1	g8279.t1	506	No	No
g8280.t1	g8280.t1	506	No	No
g8281.t1	g8281.t1	1120	No	No
g8282.t1	g8282.t1	401	No	No
g8283.t1	g8283.t1	127	Yes	No
g8284.t1	g8284.t1	146	No	No
g8285.t1	g8285.t1	189	No	No
g8286.t1	g8286.t1	561	No	No
g8287.t1	g8287.t1	135	No	No
g8288.t1	g8288.t1	139	Yes	No
g8289.t1	g8289.t1	1625	No	No
g8290.t1	g8290.t1	220	No	No
g8291.t1	g8291.t1	199	No	No
g8292.t1	g8292.t1	601	No	No
g8293.t1	g8293.t1	97	No	No
g8294.t1	g8294.t1	1305	No	No
g8295.t5	g8295.t5	1275	No	No
g8296.t1	g8296.t1	376	No	No
g8297.t1	g8297.t1	95	No	No
g8298.t1	g8298.t1	1102	No	No
g8299.t1	g8299.t1	658	No	No
g8300.t1	g8300.t1	585	No	No
g8301.t1	g8301.t1	114	No	No
g8302.t1	g8302.t1	112	No	No
g8303.t1	g8303.t1	158	No	No
g8304.t1	g8304.t1	104	No	No
g8305.t1	g8305.t1	137	No	No
g8306.t1	g8306.t1	99	No	No
g8307.t1	g8307.t1	387	No	No
g8308.t1	g8308.t1	388	No	No
g8309.t1	g8309.t1	340	Yes	No
g8310.t1	g8310.t1	627	No	No
g8311.t1	g8311.t1	107	No	No
g8312.t1	g8312.t1	184	No	No
g8313.t1	g8313.t1	149	No	No
g8314.t1	g8314.t1	141	No	No
g8315.t1	g8315.t1	111	No	No
g8316.t1	g8316.t1	464	No	No
g8317.t1	g8317.t1	141	No	No
g8318.t1	g8318.t1	325	No	No
g8319.t1	g8319.t1	591	No	No
g8320.t1	g8320.t1	251	No	No
g8321.t1	g8321.t1	410	No	No
g8322.t1	g8322.t1	246	No	No
g8323.t1	g8323.t1	211	No	No
g8324.t1	g8324.t1	304	No	No
g8325.t1	g8325.t1	224	Yes	No
g8326.t1	g8326.t1	71	No	No
g8327.t1	g8327.t1	181	Yes	No
g8328.t1	g8328.t1	77	No	No
g8329.t1	g8329.t1	109	No	No
g8330.t1	g8330.t1	119	No	No
g8331.t1	g8331.t1	105	No	No
g8332.t1	g8332.t1	111	No	No
g8333.t1	g8333.t1	80	No	No
g8334.t1	g8334.t1	251	No	No
g8335.t1	g8335.t1	255	No	No
g8336.t1	g8336.t1	125	No	No
g8337.t1	g8337.t1	63	Yes	No
g8338.t1	g8338.t1	153	No	No
g8339.t1	g8339.t1	352	No	No
g8340.t1	g8340.t1	706	No	No
g8341.t1	g8341.t1	564	No	No
g8342.t1	g8342.t1	586	No	No
g8343.t1	g8343.t1	203	No	No
g8344.t1	g8344.t1	285	Yes	No
g8345.t1	g8345.t1	156	Yes	No
g8346.t1	g8346.t1	117	No	No
g8347.t1	g8347.t1	454	No	No
g8348.t1	g8348.t1	372	No	No
g8349.t1	g8349.t1	431	No	No
g8350.t1	g8350.t1	226	No	No
g8351.t1	g8351.t1	681	No	No
g8352.t1	g8352.t1	440	No	No
g8353.t1	g8353.t1	327	No	No
g8354.t1	g8354.t1	113	No	No
g8355.t1	g8355.t1	309	No	No
g8356.t2	g8356.t2	908	No	No
g8357.t1	g8357.t1	263	No	No
g8358.t1	g8358.t1	108	No	No
g8359.t1	g8359.t1	119	No	No
g8360.t1	g8360.t1	232	No	No
g8361.t1	g8361.t1	360	No	No
g8362.t1	g8362.t1	107	No	No
g8363.t1	g8363.t1	1214	No	No
g8364.t1	g8364.t1	423	Yes	No
g8365.t1	g8365.t1	330	No	No
g8366.t1	g8366.t1	406	No	No
g8367.t1	g8367.t1	340	No	No
g8368.t1	g8368.t1	340	No	No
g8369.t1	g8369.t1	333	No	No
g8370.t1	g8370.t1	333	No	No
g8371.t1	g8371.t1	396	No	No
g8372.t1	g8372.t1	197	No	No
g8373.t1	g8373.t1	203	No	No
g8374.t1	g8374.t1	372	No	No
g8375.t1	g8375.t1	210	No	No
g8376.t1	g8376.t1	760	No	No
g8377.t1	g8377.t1	341	No	No
g8378.t1	g8378.t1	267	Yes	No
g8379.t1	g8379.t1	96	No	No
g8380.t1	g8380.t1	99	Yes	No
g8381.t1	g8381.t1	111	No	No
g8382.t1	g8382.t1	1088	No	No
g8383.t1	g8383.t1	92	No	No
g8384.t1	g8384.t1	178	No	No
g8385.t1	g8385.t1	447	No	No
g8386.t1	g8386.t1	79	No	No
g8387.t1	g8387.t1	193	Yes	No
g8388.t1	g8388.t1	144	No	No
g8389.t1	g8389.t1	75	No	No
g8390.t1	g8390.t1	438	No	No
g8391.t1	g8391.t1	490	No	No
g8392.t1	g8392.t1	1543	No	No
g8393.t1	g8393.t1	81	No	No
g8394.t1	g8394.t1	124	No	No
g8395.t1	g8395.t1	84	No	No
g8396.t1	g8396.t1	96	No	No
g8397.t1	g8397.t1	116	No	No
g8398.t1	g8398.t1	522	No	No
g8399.t1	g8399.t1	154	Yes	No
g8400.t1	g8400.t1	109	Yes	No
g8401.t1	g8401.t1	125	No	No
g8402.t1	g8402.t1	511	No	No
g8403.t1	g8403.t1	226	Yes	No
g8404.t1	g8404.t1	134	No	No
g8405.t1	g8405.t1	477	No	No
g8406.t1	g8406.t1	107	No	No
g8407.t1	g8407.t1	98	No	No
g8408.t1	g8408.t1	844	No	No
g8409.t1	g8409.t1	124	No	No
g8410.t1	g8410.t1	361	No	No
g8411.t1	g8411.t1	523	No	No
g8412.t1	g8412.t1	252	No	No
g8413.t1	g8413.t1	119	No	No
g8414.t1	g8414.t1	77	No	No
g8415.t1	g8415.t1	702	No	No
g8416.t1	g8416.t1	805	No	No
g8417.t1	g8417.t1	1313	No	No
g8418.t1	g8418.t1	690	No	No
g8419.t1	g8419.t1	409	No	No
g8420.t1	g8420.t1	397	No	No
g8421.t1	g8421.t1	232	Yes	No
g8422.t1	g8422.t1	349	No	No
g8423.t1	g8423.t1	683	No	No
g8424.t1	g8424.t1	75	No	No
g8425.t1	g8425.t1	1289	No	No
g8426.t1	g8426.t1	301	No	No
g8427.t1	g8427.t1	398	No	No
g8428.t1	g8428.t1	393	No	No
g8429.t1	g8429.t1	1010	No	No
g8430.t1	g8430.t1	587	No	No
g8431.t1	g8431.t1	597	No	No
g8432.t1	g8432.t1	121	No	No
g8433.t1	g8433.t1	280	No	No
g8434.t1	g8434.t1	422	No	No
g8435.t1	g8435.t1	478	No	No
g8436.t1	g8436.t1	588	Yes	No
g8437.t1	g8437.t1	459	No	No
g8438.t1	g8438.t1	67	No	No
g8439.t1	g8439.t1	2159	No	No
g8440.t1	g8440.t1	91	No	No
g8441.t1	g8441.t1	227	No	No
g8442.t1	g8442.t1	964	No	No
g8443.t1	g8443.t1	492	No	No
g8444.t1	g8444.t1	381	No	No
g8445.t1	g8445.t1	68	No	No
g8446.t1	g8446.t1	134	No	No
g8447.t1	g8447.t1	206	No	No
g8448.t1	g8448.t1	202	No	No
g8449.t1	g8449.t1	518	No	No
g8450.t1	g8450.t1	689	No	No
g8451.t1	g8451.t1	466	No	No
g8452.t1	g8452.t1	308	No	No
g8453.t3	g8453.t3	1084	No	No
g8454.t1	g8454.t1	402	No	No
g8455.t1	g8455.t1	272	No	No
g8456.t1	g8456.t1	222	No	No
g8457.t1	g8457.t1	351	No	No
g8458.t1	g8458.t1	392	No	No
g8459.t1	g8459.t1	891	No	No
g8460.t1	g8460.t1	74	No	No
g8461.t1	g8461.t1	118	No	No
g8462.t1	g8462.t1	448	No	No
g8463.t1	g8463.t1	73	No	No
g8464.t2	g8464.t2	480	No	No
g8465.t1	g8465.t1	480	No	No
g8466.t1	g8466.t1	406	No	No
g8467.t1	g8467.t1	559	No	No
g8468.t1	g8468.t1	152	No	No
g8469.t1	g8469.t1	293	No	No
g8470.t1	g8470.t1	130	No	No
g8471.t1	g8471.t1	71	No	No
g8472.t1	g8472.t1	179	No	No
g8473.t1	g8473.t1	1076	No	No
g8474.t1	g8474.t1	269	No	No
g8475.t1	g8475.t1	236	No	No
g8476.t2	g8476.t2	1162	No	No
g8477.t1	g8477.t1	116	No	No
g8478.t1	g8478.t1	523	No	No
g8479.t1	g8479.t1	526	No	No
g8480.t1	g8480.t1	426	No	No
g8481.t1	g8481.t1	99	No	No
g8482.t1	g8482.t1	240	No	No
g8483.t1	g8483.t1	299	Yes	No
g8484.t1	g8484.t1	292	No	No
g8485.t1	g8485.t1	78	No	No
g8486.t1	g8486.t1	1088	No	No
g8487.t1	g8487.t1	181	No	No
g8488.t1	g8488.t1	134	No	No
g8489.t1	g8489.t1	165	No	No
g8490.t1	g8490.t1	1316	No	No
g8491.t1	g8491.t1	166	No	No
g8492.t1	g8492.t1	797	No	No
g8493.t1	g8493.t1	173	Yes	No
g8494.t1	g8494.t1	75	No	No
g8495.t1	g8495.t1	108	No	No
g8496.t3	g8496.t3	362	No	No
g8497.t1	g8497.t1	512	No	No
g8498.t1	g8498.t1	789	No	No
g8499.t1	g8499.t1	373	No	No
g8500.t1	g8500.t1	130	No	No
g8501.t1	g8501.t1	507	No	No
g8502.t1	g8502.t1	541	No	No
g8503.t1	g8503.t1	257	Yes	No
g8504.t1	g8504.t1	378	Yes	No
g8505.t1	g8505.t1	175	No	No
g8506.t1	g8506.t1	62	Yes	No
g8507.t1	g8507.t1	827	No	No
g8508.t2	g8508.t2	698	No	No
g8509.t1	g8509.t1	687	No	No
g8510.t1	g8510.t1	283	No	No
g8511.t1	g8511.t1	145	No	No
g8512.t1	g8512.t1	578	No	No
g8513.t1	g8513.t1	150	No	No
g8514.t1	g8514.t1	465	No	No
g8515.t1	g8515.t1	309	Yes	No
g8516.t1	g8516.t1	105	No	No
g8517.t1	g8517.t1	210	No	No
g8518.t1	g8518.t1	456	No	No
g8519.t1	g8519.t1	161	No	No
g8520.t1	g8520.t1	91	No	No
g8521.t1	g8521.t1	74	No	No
g8522.t1	g8522.t1	614	No	No
g8523.t1	g8523.t1	108	No	No
g8524.t1	g8524.t1	214	No	No
g8525.t1	g8525.t1	419	No	No
g8526.t1	g8526.t1	223	No	No
g8527.t1	g8527.t1	133	No	No
g8528.t1	g8528.t1	364	No	No
g8529.t1	g8529.t1	1721	Yes	No
g8530.t1	g8530.t1	126	No	No
g8531.t2	g8531.t2	515	No	No
g8532.t2	g8532.t2	1049	No	No
g8533.t1	g8533.t1	94	No	No
g8534.t1	g8534.t1	459	No	No
g8535.t1	g8535.t1	170	No	No
g8536.t1	g8536.t1	630	No	No
g8537.t1	g8537.t1	375	No	No
g8538.t1	g8538.t1	247	No	No
g8539.t1	g8539.t1	210	No	No
g8540.t1	g8540.t1	257	Yes	No
g8541.t1	g8541.t1	146	No	No
g8542.t1	g8542.t1	488	No	No
g8543.t1	g8543.t1	405	No	No
g8544.t1	g8544.t1	336	No	No
g8545.t1	g8545.t1	1925	No	No
g8546.t1	g8546.t1	140	No	No
g8547.t1	g8547.t1	311	No	No
g8548.t1	g8548.t1	190	No	No
g8549.t1	g8549.t1	167	No	No
g8550.t1	g8550.t1	738	No	No
g8551.t1	g8551.t1	614	No	No
g8552.t1	g8552.t1	244	No	No
g8553.t1	g8553.t1	469	No	No
g8554.t1	g8554.t1	400	No	No
g8555.t1	g8555.t1	595	No	No
g8556.t1	g8556.t1	504	No	No
g8557.t1	g8557.t1	305	No	No
g8558.t1	g8558.t1	783	No	No
g8559.t1	g8559.t1	328	No	No
g8560.t1	g8560.t1	636	No	No
g8561.t1	g8561.t1	357	No	No
g8562.t1	g8562.t1	173	No	No
g8563.t1	g8563.t1	517	No	No
g8564.t1	g8564.t1	391	No	No
g8565.t1	g8565.t1	814	No	No
g8566.t1	g8566.t1	197	No	No
g8567.t1	g8567.t1	688	No	No
g8568.t1	g8568.t1	192	No	No
g8569.t1	g8569.t1	342	No	No
g8570.t1	g8570.t1	1309	No	No
g8571.t1	g8571.t1	628	No	No
g8572.t1	g8572.t1	900	No	No
g8573.t1	g8573.t1	178	No	No
g8574.t1	g8574.t1	920	No	No
g8575.t1	g8575.t1	385	No	No
g8576.t1	g8576.t1	1073	No	No
g8577.t1	g8577.t1	2971	No	No
g8578.t1	g8578.t1	449	No	No
g8579.t1	g8579.t1	604	No	No
g8580.t1	g8580.t1	215	No	No
g8581.t1	g8581.t1	1042	No	No
g8582.t1	g8582.t1	437	No	No
g8583.t1	g8583.t1	440	No	No
g8584.t1	g8584.t1	745	No	No
g8585.t1	g8585.t1	1022	No	No
g8586.t1	g8586.t1	160	No	No
g8587.t1	g8587.t1	269	No	No
g8588.t1	g8588.t1	408	No	No
g8589.t1	g8589.t1	377	No	No
g8590.t1	g8590.t1	326	No	No
g8591.t1	g8591.t1	859	No	No
g8592.t1	g8592.t1	513	No	No
g8593.t1	g8593.t1	1064	No	No
g8594.t1	g8594.t1	318	No	No
g8595.t1	g8595.t1	109	No	No
g8596.t1	g8596.t1	774	No	No
g8597.t1	g8597.t1	357	No	No
g8598.t1	g8598.t1	799	No	No
g8599.t1	g8599.t1	1048	No	No
g8600.t1	g8600.t1	409	No	No
g8601.t1	g8601.t1	569	No	No
g8602.t1	g8602.t1	510	No	No
g8603.t1	g8603.t1	329	No	No
g8604.t1	g8604.t1	139	No	No
g8605.t1	g8605.t1	158	No	No
g8606.t1	g8606.t1	284	No	No
g8607.t1	g8607.t1	663	No	No
g8608.t1	g8608.t1	246	No	No
g8609.t1	g8609.t1	382	No	No
g8610.t1	g8610.t1	600	No	No
g8611.t1	g8611.t1	126	No	No
g8612.t1	g8612.t1	564	No	No
g8613.t1	g8613.t1	361	No	No
g8614.t1	g8614.t1	365	No	No
g8615.t1	g8615.t1	761	No	No
g8616.t1	g8616.t1	236	No	No
g8617.t1	g8617.t1	802	No	No
g8618.t1	g8618.t1	506	No	No
g8619.t1	g8619.t1	236	No	No
g8620.t1	g8620.t1	396	No	No
g8621.t1	g8621.t1	599	No	No
g8622.t1	g8622.t1	494	No	No
g8623.t1	g8623.t1	666	No	No
g8624.t1	g8624.t1	494	No	No
g8625.t1	g8625.t1	825	No	No
g8626.t1	g8626.t1	147	No	No
g8627.t1	g8627.t1	379	No	No
g8628.t1	g8628.t1	159	No	No
g8629.t1	g8629.t1	119	No	No
g8630.t1	g8630.t1	165	No	No
g8631.t1	g8631.t1	204	No	No
g8632.t1	g8632.t1	453	No	No
g8633.t1	g8633.t1	869	No	No
g8634.t1	g8634.t1	682	No	No
g8635.t1	g8635.t1	233	No	No
g8636.t1	g8636.t1	266	No	No
g8637.t1	g8637.t1	312	No	No
g8638.t1	g8638.t1	340	No	No
g8639.t1	g8639.t1	623	No	No
g8640.t1	g8640.t1	398	No	No
g8641.t1	g8641.t1	124	No	No
g8642.t1	g8642.t1	440	No	No
g8643.t1	g8643.t1	783	No	No
g8644.t1	g8644.t1	501	No	No
g8645.t1	g8645.t1	409	No	No
g8646.t1	g8646.t1	366	No	No
g8647.t1	g8647.t1	156	No	No
g8648.t1	g8648.t1	645	No	No
g8649.t1	g8649.t1	329	No	No
g8650.t1	g8650.t1	609	No	No
g8651.t1	g8651.t1	685	No	No
g8652.t1	g8652.t1	1125	No	No
g8653.t1	g8653.t1	322	No	No
g8654.t1	g8654.t1	276	No	No
g8655.t1	g8655.t1	290	No	No
g8656.t1	g8656.t1	146	No	No
g8657.t1	g8657.t1	524	No	No
g8658.t1	g8658.t1	405	No	No
g8659.t1	g8659.t1	349	No	No
g8660.t1	g8660.t1	185	No	No
g8661.t1	g8661.t1	347	No	No
g8662.t1	g8662.t1	487	No	No
g8663.t1	g8663.t1	247	No	No
g8664.t1	g8664.t1	1393	No	No
g8665.t1	g8665.t1	105	No	No
g8666.t1	g8666.t1	271	No	No
g8667.t1	g8667.t1	243	No	No
g8668.t1	g8668.t1	289	No	No
g8669.t1	g8669.t1	801	No	No
g8670.t1	g8670.t1	565	No	No
g8671.t1	g8671.t1	109	No	No
g8672.t1	g8672.t1	131	No	No
g8673.t1	g8673.t1	573	No	No
g8674.t1	g8674.t1	399	No	No
g8675.t1	g8675.t1	616	No	No
g8676.t1	g8676.t1	318	No	No
g8677.t1	g8677.t1	220	No	No
g8678.t1	g8678.t1	170	No	No
g8679.t1	g8679.t1	1036	No	No
g8680.t1	g8680.t1	165	No	No
g8681.t1	g8681.t1	1070	No	No
g8682.t1	g8682.t1	1047	No	No
g8683.t1	g8683.t1	660	No	No
g8684.t1	g8684.t1	243	No	No
g8685.t1	g8685.t1	898	No	No
g8686.t1	g8686.t1	142	No	No
g8687.t1	g8687.t1	140	No	No
g8688.t1	g8688.t1	3435	No	No
g8689.t1	g8689.t1	72	No	No
g8690.t1	g8690.t1	193	No	No
g8691.t1	g8691.t1	126	No	No
g8692.t1	g8692.t1	291	No	No
g8693.t1	g8693.t1	148	No	No
g8694.t1	g8694.t1	320	No	No
g8695.t1	g8695.t1	411	No	No
g8696.t6	g8696.t6	708	No	No
g8697.t1	g8697.t1	92	No	No
g8698.t1	g8698.t1	479	No	No
g8699.t1	g8699.t1	117	No	No
g8700.t1	g8700.t1	74	No	No
g8701.t1	g8701.t1	259	No	No
g8702.t3	g8702.t3	1168	No	No
g8703.t1	g8703.t1	93	No	No
g8704.t1	g8704.t1	249	No	No
g8705.t1	g8705.t1	152	No	No
g8706.t1	g8706.t1	70	No	No
g8707.t1	g8707.t1	249	No	No
g8708.t1	g8708.t1	428	No	No
g8709.t1	g8709.t1	155	No	No
g8710.t1	g8710.t1	126	No	No
g8711.t1	g8711.t1	67	No	No
g8712.t1	g8712.t1	336	No	No
g8713.t1	g8713.t1	342	No	No
g8714.t1	g8714.t1	337	No	No
g8715.t1	g8715.t1	162	No	No
g8716.t1	g8716.t1	107	Yes	No
g8717.t1	g8717.t1	685	No	No
g8718.t1	g8718.t1	131	No	No
g8719.t1	g8719.t1	101	No	No
g8720.t1	g8720.t1	80	No	No
g8721.t1	g8721.t1	91	No	No
g8722.t1	g8722.t1	124	No	No
g8723.t1	g8723.t1	1247	Yes	No
g8724.t1	g8724.t1	93	No	No
g8725.t1	g8725.t1	246	No	No
g8726.t1	g8726.t1	89	No	No
g8727.t1	g8727.t1	121	No	No
g8728.t1	g8728.t1	147	No	No
g8729.t1	g8729.t1	738	No	No
g8730.t1	g8730.t1	446	No	No
g8731.t1	g8731.t1	529	No	No
g8732.t1	g8732.t1	297	No	No
g8733.t1	g8733.t1	266	No	No
g8734.t1	g8734.t1	350	No	No
g8735.t1	g8735.t1	316	No	No
g8736.t2	g8736.t2	329	No	No
g8737.t1	g8737.t1	353	No	No
g8738.t1	g8738.t1	109	No	No
g8739.t1	g8739.t1	167	No	No
g8740.t1	g8740.t1	377	No	No
g8741.t1	g8741.t1	100	No	No
g8742.t1	g8742.t1	568	Yes	No
g8743.t1	g8743.t1	366	No	No
g8744.t1	g8744.t1	502	Yes	No
g8745.t1	g8745.t1	130	Yes	No
g8746.t1	g8746.t1	222	No	No
g8747.t1	g8747.t1	158	No	No
g8748.t1	g8748.t1	203	Yes	No
g8749.t1	g8749.t1	295	No	No
g8750.t1	g8750.t1	210	No	No
g8751.t1	g8751.t1	84	No	No
g8752.t1	g8752.t1	253	No	No
g8753.t1	g8753.t1	248	No	No
g8754.t1	g8754.t1	261	No	No
g8755.t1	g8755.t1	212	No	No
g8756.t1	g8756.t1	175	No	No
g8757.t2	g8757.t2	253	No	No
g8758.t1	g8758.t1	55	Yes	No
g8759.t1	g8759.t1	81	No	No
g8760.t1	g8760.t1	342	No	No
g8761.t1	g8761.t1	107	No	No
g8762.t1	g8762.t1	392	No	No
g8763.t1	g8763.t1	344	No	No
g8764.t1	g8764.t1	129	No	No
g8765.t1	g8765.t1	116	No	No
g8766.t1	g8766.t1	85	No	No
g8767.t1	g8767.t1	128	No	No
g8768.t1	g8768.t1	124	No	No
g8769.t1	g8769.t1	118	No	No
g8770.t1	g8770.t1	66	No	No
g8771.t1	g8771.t1	172	No	No
g8772.t1	g8772.t1	1619	No	No
g8773.t1	g8773.t1	246	No	No
g8774.t1	g8774.t1	604	No	No
g8775.t1	g8775.t1	177	No	No
g8776.t1	g8776.t1	318	No	No
g8777.t2	g8777.t2	186	No	No
g8778.t1	g8778.t1	79	No	No
g8779.t1	g8779.t1	96	No	No
g8780.t1	g8780.t1	61	No	No
g8781.t1	g8781.t1	594	No	No
g8782.t1	g8782.t1	1224	No	No
g8783.t1	g8783.t1	74	No	No
g8784.t1	g8784.t1	124	No	No
g8785.t1	g8785.t1	93	No	No
g8786.t1	g8786.t1	121	No	No
g8787.t1	g8787.t1	45	Yes	No
g8788.t1	g8788.t1	69	No	No
g8789.t1	g8789.t1	594	No	No
g8790.t1	g8790.t1	138	No	No
g8791.t1	g8791.t1	203	No	No
g8792.t1	g8792.t1	1029	No	No
g8793.t1	g8793.t1	281	No	No
g8794.t1	g8794.t1	98	No	No
g8795.t1	g8795.t1	138	No	No
g8796.t1	g8796.t1	412	No	No
g8797.t1	g8797.t1	444	Yes	No
g8798.t1	g8798.t1	578	No	No
g8799.t1	g8799.t1	123	No	No
g8800.t1	g8800.t1	100	No	No
g8801.t1	g8801.t1	77	No	No
g8802.t1	g8802.t1	93	No	No
g8803.t1	g8803.t1	72	No	No
g8804.t1	g8804.t1	307	No	No
g8805.t1	g8805.t1	511	No	No
g8806.t1	g8806.t1	361	No	No
g8807.t1	g8807.t1	829	No	No
g8808.t1	g8808.t1	1311	No	No
g8809.t1	g8809.t1	314	No	No
g8810.t1	g8810.t1	216	No	No
g8811.t1	g8811.t1	603	Yes	No
g8812.t1	g8812.t1	675	No	No
g8813.t1	g8813.t1	306	No	No
g8814.t1	g8814.t1	98	No	No
g8815.t1	g8815.t1	322	No	No
g8816.t1	g8816.t1	254	No	No
g8817.t1	g8817.t1	2199	No	No
g8818.t1	g8818.t1	862	No	No
g8819.t1	g8819.t1	338	No	No
g8820.t1	g8820.t1	83	No	No
g8821.t1	g8821.t1	1094	No	No
g8822.t1	g8822.t1	135	No	No
g8823.t1	g8823.t1	162	No	No
g8824.t1	g8824.t1	104	No	No
g8825.t1	g8825.t1	445	No	No
g8826.t1	g8826.t1	68	No	No
g8827.t1	g8827.t1	141	No	No
g8828.t1	g8828.t1	787	No	No
g8829.t1	g8829.t1	295	No	No
g8830.t1	g8830.t1	55	No	No
g8831.t1	g8831.t1	102	No	No
g8832.t1	g8832.t1	1239	Yes	No
g8833.t1	g8833.t1	264	No	No
g8834.t1	g8834.t1	186	No	No
g8835.t1	g8835.t1	87	No	No
g8836.t1	g8836.t1	68	No	No
g8837.t1	g8837.t1	87	No	No
g8838.t1	g8838.t1	243	No	No
g8839.t1	g8839.t1	545	No	No
g8840.t1	g8840.t1	99	No	No
g8841.t1	g8841.t1	76	No	No
g8842.t1	g8842.t1	93	No	No
g8843.t1	g8843.t1	169	Yes	No
g8844.t1	g8844.t1	221	No	No
g8845.t1	g8845.t1	235	No	No
g8846.t1	g8846.t1	121	Yes	No
g8847.t1	g8847.t1	167	No	No
g8848.t1	g8848.t1	435	No	No
g8849.t1	g8849.t1	586	No	No
g8850.t1	g8850.t1	494	No	No
g8851.t1	g8851.t1	84	No	No
g8852.t1	g8852.t1	243	No	No
g8853.t1	g8853.t1	845	No	No
g8854.t1	g8854.t1	81	No	No
g8855.t1	g8855.t1	367	No	No
g8856.t1	g8856.t1	394	No	No
g8857.t1	g8857.t1	692	No	No
g8858.t1	g8858.t1	301	No	No
g8859.t1	g8859.t1	486	No	No
g8860.t1	g8860.t1	472	No	No
g8861.t1	g8861.t1	466	No	No
g8862.t1	g8862.t1	433	No	No
g8863.t1	g8863.t1	119	No	No
g8864.t1	g8864.t1	313	No	No
g8865.t1	g8865.t1	423	No	No
g8866.t1	g8866.t1	396	No	No
g8867.t1	g8867.t1	308	No	No
g8868.t1	g8868.t1	501	No	No
g8869.t1	g8869.t1	1043	No	No
g8870.t2	g8870.t2	311	No	No
g8871.t1	g8871.t1	372	No	No
g8872.t1	g8872.t1	247	No	No
g8873.t1	g8873.t1	119	No	No
g8874.t1	g8874.t1	97	No	No
g8875.t1	g8875.t1	273	No	No
g8876.t1	g8876.t1	169	No	No
g8877.t1	g8877.t1	148	No	No
g8878.t1	g8878.t1	641	No	No
g8879.t2	g8879.t2	314	No	No
g8880.t1	g8880.t1	68	Yes	No
g8881.t1	g8881.t1	89	No	No
g8882.t1	g8882.t1	384	No	No
g8883.t1	g8883.t1	361	No	No
g8884.t1	g8884.t1	75	No	No
g8885.t1	g8885.t1	125	No	No
g8886.t1	g8886.t1	723	No	No
g8887.t1	g8887.t1	123	No	No
g8888.t1	g8888.t1	151	No	No
g8889.t1	g8889.t1	582	No	No
g8890.t1	g8890.t1	343	No	No
g8891.t1	g8891.t1	103	No	No
g8892.t1	g8892.t1	606	No	No
g8893.t1	g8893.t1	406	Yes	No
g8894.t1	g8894.t1	77	No	No
g8895.t1	g8895.t1	111	No	No
g8896.t1	g8896.t1	1653	No	No
g8897.t1	g8897.t1	536	No	No
g8898.t1	g8898.t1	107	No	No
g8899.t1	g8899.t1	200	No	No
g8900.t1	g8900.t1	183	No	No
g8901.t1	g8901.t1	235	Yes	No
g8902.t1	g8902.t1	255	No	No
g8903.t1	g8903.t1	258	No	No
g8904.t1	g8904.t1	120	No	No
g8905.t1	g8905.t1	81	No	No
g8906.t1	g8906.t1	155	No	No
g8907.t1	g8907.t1	507	No	No
g8908.t1	g8908.t1	94	No	No
g8909.t1	g8909.t1	120	No	No
g8910.t1	g8910.t1	104	No	No
g8911.t1	g8911.t1	79	No	No
g8912.t1	g8912.t1	937	No	No
g8913.t1	g8913.t1	140	No	No
g8914.t1	g8914.t1	383	No	No
g8915.t1	g8915.t1	114	No	No
g8916.t1	g8916.t1	259	No	No
g8917.t1	g8917.t1	534	No	No
g8918.t1	g8918.t1	66	Yes	No
g8919.t1	g8919.t1	82	No	No
g8920.t1	g8920.t1	97	No	No
g8921.t1	g8921.t1	181	Yes	No
g8922.t1	g8922.t1	341	No	No
g8923.t1	g8923.t1	244	No	No
g8924.t1	g8924.t1	169	No	No
g8925.t1	g8925.t1	143	No	No
g8926.t1	g8926.t1	443	No	No
g8927.t1	g8927.t1	598	No	No
g8928.t1	g8928.t1	347	No	No
g8929.t1	g8929.t1	542	No	No
g8930.t1	g8930.t1	201	No	No
g8931.t1	g8931.t1	194	No	No
g8932.t1	g8932.t1	31	Yes	No
g8933.t1	g8933.t1	191	No	No
g8934.t1	g8934.t1	1669	No	No
g8935.t1	g8935.t1	78	No	No
g8936.t1	g8936.t1	906	No	No
g8937.t1	g8937.t1	438	No	No
g8938.t1	g8938.t1	166	No	No
g8939.t1	g8939.t1	607	No	No
g8940.t1	g8940.t1	127	No	No
g8941.t1	g8941.t1	270	No	No
g8942.t1	g8942.t1	183	No	No
g8943.t1	g8943.t1	669	No	No
g8944.t1	g8944.t1	108	No	No
g8945.t1	g8945.t1	63	Yes	No
g8946.t1	g8946.t1	422	No	No
g8947.t1	g8947.t1	129	No	No
g8948.t1	g8948.t1	301	No	No
g8949.t1	g8949.t1	86	No	No
g8950.t1	g8950.t1	870	No	No
g8951.t1	g8951.t1	340	No	No
g8952.t1	g8952.t1	372	Yes	No
g8953.t1	g8953.t1	285	No	No
g8954.t1	g8954.t1	284	No	No
g8955.t1	g8955.t1	283	No	No
g8956.t1	g8956.t1	361	Yes	No
g8957.t1	g8957.t1	878	No	No
g8958.t1	g8958.t1	77	No	No
g8959.t1	g8959.t1	251	No	No
g8960.t1	g8960.t1	81	No	No
g8961.t1	g8961.t1	275	No	No
g8962.t1	g8962.t1	222	No	No
g8963.t1	g8963.t1	247	No	No
g8964.t1	g8964.t1	960	No	No
g8965.t1	g8965.t1	75	No	No
g8966.t1	g8966.t1	223	No	No
g8967.t1	g8967.t1	153	No	No
g8968.t1	g8968.t1	135	No	No
g8969.t1	g8969.t1	87	No	No
g8970.t1	g8970.t1	35	Yes	No
g8971.t1	g8971.t1	91	No	No
g8972.t1	g8972.t1	122	No	No
g8973.t1	g8973.t1	293	No	No
g8974.t1	g8974.t1	453	No	No
g8975.t1	g8975.t1	139	No	No
g8976.t1	g8976.t1	397	No	No
g8977.t1	g8977.t1	675	No	No
g8978.t1	g8978.t1	566	No	No
g8979.t1	g8979.t1	158	Yes	No
g8980.t1	g8980.t1	182	No	No
g8981.t1	g8981.t1	247	No	No
g8982.t1	g8982.t1	103	No	No
g8983.t1	g8983.t1	199	Yes	No
g8984.t1	g8984.t1	427	No	No
g8985.t1	g8985.t1	323	No	No
g8986.t1	g8986.t1	83	No	No
g8987.t1	g8987.t1	532	No	No
g8988.t2	g8988.t2	348	No	No
g8989.t1	g8989.t1	251	No	No
g8990.t1	g8990.t1	387	No	No
g8991.t1	g8991.t1	127	No	No
g8992.t1	g8992.t1	211	No	No
g8993.t2	g8993.t2	382	No	No
g8994.t1	g8994.t1	71	No	No
g8995.t1	g8995.t1	110	No	No
g8996.t1	g8996.t1	84	No	No
g8997.t1	g8997.t1	207	No	No
g8998.t1	g8998.t1	142	No	No
g8999.t1	g8999.t1	352	No	No
g9000.t1	g9000.t1	504	No	No
g9001.t1	g9001.t1	238	Yes	No
g9002.t1	g9002.t1	75	No	No
g9003.t1	g9003.t1	83	No	No
g9004.t1	g9004.t1	244	No	No
g9005.t1	g9005.t1	106	No	No
g9006.t1	g9006.t1	68	No	No
g9007.t1	g9007.t1	92	No	No
g9008.t1	g9008.t1	954	No	No
g9009.t1	g9009.t1	205	Yes	No
g9010.t1	g9010.t1	208	Yes	No
g9011.t1	g9011.t1	114	No	No
g9012.t1	g9012.t1	550	No	No
g9013.t1	g9013.t1	163	No	No
g9014.t1	g9014.t1	310	No	No
g9015.t1	g9015.t1	277	No	No
g9016.t1	g9016.t1	186	No	No
g9017.t1	g9017.t1	178	Yes	No
g9018.t1	g9018.t1	211	No	No
g9019.t1	g9019.t1	2428	No	No
g9020.t1	g9020.t1	106	No	No
g9021.t1	g9021.t1	97	No	No
g9022.t1	g9022.t1	1181	No	No
g9023.t1	g9023.t1	237	No	No
g9024.t1	g9024.t1	262	No	No
g9025.t1	g9025.t1	129	No	No
g9026.t1	g9026.t1	82	No	No
g9027.t1	g9027.t1	1688	No	No
g9028.t1	g9028.t1	456	No	No
g9029.t1	g9029.t1	326	No	No
g9030.t1	g9030.t1	561	No	No
g9031.t1	g9031.t1	1514	No	No
g9032.t1	g9032.t1	127	No	No
g9033.t1	g9033.t1	1297	No	No
g9034.t1	g9034.t1	118	No	No
g9035.t1	g9035.t1	107	No	No
g9036.t1	g9036.t1	85	No	No
g9037.t1	g9037.t1	127	No	No
g9038.t1	g9038.t1	498	No	No
g9039.t1	g9039.t1	464	No	No
g9040.t1	g9040.t1	102	No	No
g9041.t1	g9041.t1	107	No	No
g9042.t1	g9042.t1	768	No	No
g9043.t1	g9043.t1	97	No	No
g9044.t1	g9044.t1	208	No	No
g9045.t1	g9045.t1	221	No	No
g9046.t1	g9046.t1	2545	No	No
g9047.t1	g9047.t1	101	No	No
g9048.t1	g9048.t1	348	No	No
g9049.t1	g9049.t1	572	No	No
g9050.t1	g9050.t1	1121	No	No
g9051.t1	g9051.t1	192	No	No
g9052.t1	g9052.t1	764	No	No
g9053.t1	g9053.t1	266	No	No
g9054.t1	g9054.t1	94	No	No
g9055.t1	g9055.t1	87	No	No
g9056.t1	g9056.t1	116	No	No
g9057.t1	g9057.t1	315	No	No
g9058.t1	g9058.t1	1472	No	No
g9059.t1	g9059.t1	868	No	No
g9060.t1	g9060.t1	944	No	No
g9061.t1	g9061.t1	162	No	No
g9062.t1	g9062.t1	147	No	No
g9063.t1	g9063.t1	101	No	No
g9064.t1	g9064.t1	756	No	No
g9065.t1	g9065.t1	58	No	No
g9066.t1	g9066.t1	129	No	No
g9067.t1	g9067.t1	293	No	No
g9068.t1	g9068.t1	435	No	No
g9069.t2	g9069.t2	239	No	No
g9070.t1	g9070.t1	32	Yes	No
g9071.t1	g9071.t1	99	No	No
g9072.t1	g9072.t1	371	No	No
g9073.t2	g9073.t2	236	No	No
g9074.t1	g9074.t1	687	No	No
g9075.t1	g9075.t1	180	No	No
g9076.t1	g9076.t1	181	No	No
g9077.t1	g9077.t1	205	No	No
g9078.t1	g9078.t1	96	No	No
g9079.t1	g9079.t1	270	No	No
g9080.t1	g9080.t1	457	Yes	No
g9081.t1	g9081.t1	98	No	No
g9082.t1	g9082.t1	102	No	No
g9083.t1	g9083.t1	143	No	No
g9084.t1	g9084.t1	118	No	No
g9085.t1	g9085.t1	98	No	No
g9086.t1	g9086.t1	92	No	No
g9087.t1	g9087.t1	148	No	No
g9088.t1	g9088.t1	110	No	No
g9089.t1	g9089.t1	155	No	No
g9090.t1	g9090.t1	113	No	No
g9091.t1	g9091.t1	726	No	No
g9092.t1	g9092.t1	279	No	No
g9093.t1	g9093.t1	70	No	No
g9094.t1	g9094.t1	201	No	No
g9095.t1	g9095.t1	66	No	No
g9096.t1	g9096.t1	98	No	No
g9097.t1	g9097.t1	200	Yes	No
g9098.t1	g9098.t1	275	No	No
g9099.t1	g9099.t1	346	No	No
g9100.t1	g9100.t1	130	No	No
g9101.t1	g9101.t1	73	No	No
g9102.t1	g9102.t1	553	No	No
g9103.t1	g9103.t1	455	No	No
g9104.t1	g9104.t1	72	No	No
g9105.t1	g9105.t1	132	No	No
g9106.t1	g9106.t1	1117	No	No
g9107.t1	g9107.t1	254	No	No
g9108.t1	g9108.t1	575	No	No
g9109.t1	g9109.t1	415	No	No
g9110.t1	g9110.t1	603	No	No
g9111.t1	g9111.t1	475	No	No
g9112.t1	g9112.t1	87	No	No
g9113.t1	g9113.t1	561	No	No
g9114.t1	g9114.t1	426	No	No
g9115.t1	g9115.t1	232	No	No
g9116.t1	g9116.t1	55	No	No
g9117.t1	g9117.t1	115	No	No
g9118.t1	g9118.t1	100	No	No
g9119.t1	g9119.t1	1335	No	No
g9120.t1	g9120.t1	238	No	No
g9121.t1	g9121.t1	164	No	No
g9122.t1	g9122.t1	204	No	No
g9123.t1	g9123.t1	554	No	No
g9124.t1	g9124.t1	76	No	No
g9125.t1	g9125.t1	84	No	No
g9126.t1	g9126.t1	94	No	No
g9127.t1	g9127.t1	103	No	No
g9128.t1	g9128.t1	166	No	No
g9129.t1	g9129.t1	467	No	No
g9130.t1	g9130.t1	394	No	No
g9131.t1	g9131.t1	92	No	No
g9132.t1	g9132.t1	95	No	No
g9133.t1	g9133.t1	132	Yes	No
g9134.t1	g9134.t1	237	Yes	No
g9135.t1	g9135.t1	108	No	No
g9136.t1	g9136.t1	81	No	No
g9137.t1	g9137.t1	199	No	No
g9138.t1	g9138.t1	933	No	No
g9139.t1	g9139.t1	760	No	No
g9140.t1	g9140.t1	360	No	No
g9141.t1	g9141.t1	210	No	No
g9142.t1	g9142.t1	91	No	No
g9143.t1	g9143.t1	116	No	No
g9144.t1	g9144.t1	225	No	No
g9145.t1	g9145.t1	243	No	No
g9146.t1	g9146.t1	1066	No	No
g9147.t1	g9147.t1	178	No	No
g9148.t1	g9148.t1	269	No	No
g9149.t1	g9149.t1	69	No	No
g9150.t1	g9150.t1	341	No	No
g9151.t1	g9151.t1	446	No	No
g9152.t2	g9152.t2	284	Yes	No
g9153.t1	g9153.t1	131	No	No
g9154.t1	g9154.t1	119	No	No
g9155.t1	g9155.t1	445	No	No
g9156.t1	g9156.t1	202	No	No
g9157.t1	g9157.t1	978	No	No
g9158.t1	g9158.t1	154	Yes	No
g9159.t1	g9159.t1	1372	No	No
g9160.t1	g9160.t1	144	No	No
g9161.t1	g9161.t1	316	No	No
g9162.t1	g9162.t1	1281	No	No
g9163.t1	g9163.t1	203	No	No
g9164.t1	g9164.t1	284	No	No
g9165.t1	g9165.t1	152	No	No
g9166.t1	g9166.t1	210	No	No
g9167.t1	g9167.t1	2315	No	No
g9168.t1	g9168.t1	426	No	No
g9169.t1	g9169.t1	87	No	No
g9170.t1	g9170.t1	771	No	No
g9171.t1	g9171.t1	405	No	No
g9172.t1	g9172.t1	423	No	No
g9173.t1	g9173.t1	555	No	No
g9174.t1	g9174.t1	488	No	No
g9175.t1	g9175.t1	488	No	No
g9176.t1	g9176.t1	448	No	No
g9177.t1	g9177.t1	485	No	No
g9178.t1	g9178.t1	485	No	No
g9179.t1	g9179.t1	485	No	No
g9180.t1	g9180.t1	251	No	No
g9181.t1	g9181.t1	199	No	No
g9182.t1	g9182.t1	206	No	No
g9183.t1	g9183.t1	569	No	No
g9184.t1	g9184.t1	257	No	No
g9185.t1	g9185.t1	164	No	No
g9186.t1	g9186.t1	803	No	No
g9187.t1	g9187.t1	215	No	No
g9188.t1	g9188.t1	117	No	No
g9189.t1	g9189.t1	123	No	No
g9190.t1	g9190.t1	179	No	No
g9191.t1	g9191.t1	348	No	No
g9192.t1	g9192.t1	124	No	No
g9193.t1	g9193.t1	213	No	No
g9194.t1	g9194.t1	176	No	No
g9195.t1	g9195.t1	582	No	No
g9196.t1	g9196.t1	494	No	No
g9197.t1	g9197.t1	535	No	No
g9198.t1	g9198.t1	611	No	No
g9199.t1	g9199.t1	963	No	No
g9200.t1	g9200.t1	788	No	No
g9201.t1	g9201.t1	173	No	No
g9202.t1	g9202.t1	92	No	No
g9203.t1	g9203.t1	340	No	No
g9204.t1	g9204.t1	421	No	No
g9205.t1	g9205.t1	254	No	No
g9206.t1	g9206.t1	154	No	No
g9207.t1	g9207.t1	95	No	No
g9208.t1	g9208.t1	72	No	No
g9209.t1	g9209.t1	394	No	No
g9210.t1	g9210.t1	366	No	No
g9211.t1	g9211.t1	113	No	No
g9212.t1	g9212.t1	179	No	No
g9213.t1	g9213.t1	94	No	No
g9214.t1	g9214.t1	95	No	No
g9215.t1	g9215.t1	84	No	No
g9216.t1	g9216.t1	531	No	No
g9217.t1	g9217.t1	680	No	No
g9218.t2	g9218.t2	283	No	No
g9219.t1	g9219.t1	297	No	No
g9220.t1	g9220.t1	315	No	No
g9221.t1	g9221.t1	121	Yes	No
g9222.t1	g9222.t1	144	No	No
g9223.t1	g9223.t1	171	No	No
g9224.t1	g9224.t1	81	No	No
g9225.t1	g9225.t1	98	No	No
g9226.t1	g9226.t1	132	No	No
g9227.t1	g9227.t1	102	No	No
g9228.t1	g9228.t1	68	No	No
g9229.t1	g9229.t1	222	No	No
g9230.t1	g9230.t1	255	No	No
g9231.t1	g9231.t1	764	No	No
g9232.t1	g9232.t1	556	No	No
g9233.t1	g9233.t1	80	No	No
g9234.t1	g9234.t1	310	No	No
g9235.t3	g9235.t3	566	No	No
g9236.t1	g9236.t1	424	No	No
g9237.t1	g9237.t1	325	No	No
g9238.t1	g9238.t1	101	No	No
g9239.t1	g9239.t1	164	No	No
g9240.t1	g9240.t1	137	No	No
g9241.t1	g9241.t1	457	Yes	No
g9242.t1	g9242.t1	272	No	No
g9243.t2	g9243.t2	181	No	No
g9244.t1	g9244.t1	187	No	No
g9245.t1	g9245.t1	293	No	No
g9246.t1	g9246.t1	1007	No	No
g9247.t1	g9247.t1	132	No	No
g9248.t1	g9248.t1	282	No	No
g9249.t1	g9249.t1	88	No	No
g9250.t1	g9250.t1	154	No	No
g9251.t1	g9251.t1	226	No	No
g9252.t1	g9252.t1	95	No	No
g9253.t1	g9253.t1	104	No	No
g9254.t1	g9254.t1	140	No	No
g9255.t1	g9255.t1	332	No	No
g9256.t1	g9256.t1	132	No	No
g9257.t1	g9257.t1	666	Yes	No
g9258.t1	g9258.t1	209	Yes	No
g9259.t1	g9259.t1	275	No	No
g9260.t1	g9260.t1	795	No	No
g9261.t1	g9261.t1	426	No	No
g9262.t2	g9262.t2	402	No	No
g9263.t1	g9263.t1	716	No	No
g9264.t1	g9264.t1	219	No	No
g9265.t1	g9265.t1	252	No	No
g9266.t1	g9266.t1	723	No	No
g9267.t1	g9267.t1	125	No	No
g9268.t1	g9268.t1	281	No	No
g9269.t1	g9269.t1	325	No	No
g9270.t1	g9270.t1	98	No	No
g9271.t1	g9271.t1	660	No	No
g9272.t1	g9272.t1	369	No	No
g9273.t1	g9273.t1	223	No	No
g9274.t1	g9274.t1	79	No	No
g9275.t1	g9275.t1	163	No	No
g9276.t1	g9276.t1	183	No	No
g9277.t1	g9277.t1	212	No	No
g9278.t1	g9278.t1	186	No	No
g9279.t1	g9279.t1	141	No	No
g9280.t1	g9280.t1	218	No	No
g9281.t1	g9281.t1	469	No	No
g9282.t1	g9282.t1	207	No	No
g9283.t1	g9283.t1	310	No	No
g9284.t1	g9284.t1	1074	No	No
g9285.t1	g9285.t1	293	No	No
g9286.t1	g9286.t1	143	No	No
g9287.t1	g9287.t1	146	No	No
g9288.t1	g9288.t1	178	No	No
g9289.t1	g9289.t1	300	No	No
g9290.t1	g9290.t1	74	No	No
g9291.t1	g9291.t1	332	No	No
g9292.t1	g9292.t1	386	No	No
g9293.t1	g9293.t1	68	No	No
g9294.t1	g9294.t1	107	No	No
g9295.t1	g9295.t1	193	No	No
g9296.t1	g9296.t1	283	No	No
g9297.t1	g9297.t1	1017	No	No
g9298.t1	g9298.t1	680	No	No
g9299.t1	g9299.t1	153	No	No
g9300.t1	g9300.t1	570	No	No
g9301.t1	g9301.t1	73	No	No
g9302.t1	g9302.t1	122	No	No
g9303.t1	g9303.t1	666	No	No
g9304.t1	g9304.t1	174	No	No
g9305.t1	g9305.t1	1044	No	No
g9306.t1	g9306.t1	219	Yes	No
g9307.t1	g9307.t1	294	No	No
g9308.t1	g9308.t1	353	No	No
g9309.t1	g9309.t1	216	No	No
g9310.t1	g9310.t1	487	No	No
g9311.t1	g9311.t1	150	No	No
g9312.t1	g9312.t1	442	No	No
g9313.t1	g9313.t1	145	No	No
g9314.t1	g9314.t1	168	No	No
g9315.t1	g9315.t1	1213	No	No
g9316.t1	g9316.t1	76	No	No
g9317.t1	g9317.t1	400	No	No
g9318.t1	g9318.t1	93	No	No
g9319.t1	g9319.t1	264	No	No
g9320.t1	g9320.t1	938	No	No
g9321.t1	g9321.t1	942	No	No
g9322.t1	g9322.t1	126	No	No
g9323.t1	g9323.t1	1102	No	No
g9324.t1	g9324.t1	528	No	No
g9325.t1	g9325.t1	362	No	No
g9326.t1	g9326.t1	514	No	No
g9327.t1	g9327.t1	603	No	No
g9328.t1	g9328.t1	372	No	No
g9329.t1	g9329.t1	610	No	No
g9330.t1	g9330.t1	247	No	No
g9331.t1	g9331.t1	516	No	No
g9332.t1	g9332.t1	476	No	No
g9333.t1	g9333.t1	526	No	No
g9334.t1	g9334.t1	697	No	No
g9335.t1	g9335.t1	447	No	No
g9336.t1	g9336.t1	548	No	No
g9337.t1	g9337.t1	83	Yes	No
g9338.t1	g9338.t1	607	No	No
g9339.t1	g9339.t1	343	No	No
g9340.t1	g9340.t1	91	No	No
g9341.t1	g9341.t1	1279	No	No
g9342.t1	g9342.t1	315	No	No
g9343.t1	g9343.t1	282	Yes	No
g9344.t1	g9344.t1	102	No	No
g9345.t1	g9345.t1	698	No	No
g9346.t1	g9346.t1	225	No	No
g9347.t1	g9347.t1	292	No	No
g9348.t1	g9348.t1	586	No	No
g9349.t1	g9349.t1	127	No	No
g9350.t1	g9350.t1	235	No	No
g9351.t1	g9351.t1	90	No	No
g9352.t1	g9352.t1	439	No	No
g9353.t2	g9353.t2	1015	No	No
g9354.t1	g9354.t1	996	No	No
g9355.t1	g9355.t1	593	No	No
g9356.t1	g9356.t1	216	No	No
g9357.t2	g9357.t2	621	No	No
g9358.t1	g9358.t1	317	No	No
g9359.t1	g9359.t1	253	No	No
g9360.t1	g9360.t1	579	No	No
g9361.t1	g9361.t1	581	No	No
g9362.t1	g9362.t1	598	No	No
g9363.t1	g9363.t1	1587	No	No
g9364.t1	g9364.t1	1461	No	No
g9365.t1	g9365.t1	99	No	No
g9366.t1	g9366.t1	77	No	No
g9367.t1	g9367.t1	93	No	No
g9368.t1	g9368.t1	389	No	No
g9369.t1	g9369.t1	157	No	No
g9370.t1	g9370.t1	284	No	No
g9371.t1	g9371.t1	274	No	No
g9372.t1	g9372.t1	472	No	No
g9373.t1	g9373.t1	135	No	No
g9374.t1	g9374.t1	234	No	No
g9375.t1	g9375.t1	852	No	No
g9376.t1	g9376.t1	113	No	No
g9377.t1	g9377.t1	63	Yes	No
g9378.t1	g9378.t1	118	No	No
g9379.t1	g9379.t1	124	No	No
g9380.t1	g9380.t1	153	No	No
g9381.t1	g9381.t1	255	No	No
g9382.t1	g9382.t1	124	No	No
g9383.t1	g9383.t1	94	No	No
g9384.t1	g9384.t1	81	No	No
g9385.t1	g9385.t1	371	No	No
g9386.t1	g9386.t1	302	No	No
g9387.t1	g9387.t1	594	No	No
g9388.t1	g9388.t1	107	Yes	No
g9389.t1	g9389.t1	114	No	No
g9390.t1	g9390.t1	101	No	No
g9391.t1	g9391.t1	487	No	No
g9392.t1	g9392.t1	67	No	No
g9393.t1	g9393.t1	187	No	No
g9394.t1	g9394.t1	642	No	No
g9395.t1	g9395.t1	74	No	No
g9396.t1	g9396.t1	64	Yes	No
g9397.t1	g9397.t1	68	No	No
g9398.t1	g9398.t1	78	No	No
g9399.t1	g9399.t1	357	Yes	No
g9400.t1	g9400.t1	115	No	No
g9401.t1	g9401.t1	72	No	No
g9402.t1	g9402.t1	621	No	No
g9403.t1	g9403.t1	345	No	No
g9404.t1	g9404.t1	96	No	No
g9405.t1	g9405.t1	125	No	No
g9406.t1	g9406.t1	640	No	No
g9407.t1	g9407.t1	379	No	No
g9408.t1	g9408.t1	397	No	No
g9409.t1	g9409.t1	470	No	No
g9410.t1	g9410.t1	189	No	No
g9411.t1	g9411.t1	176	No	No
g9412.t1	g9412.t1	806	No	No
g9413.t1	g9413.t1	227	No	No
g9414.t1	g9414.t1	160	No	No
g9415.t1	g9415.t1	179	No	No
g9416.t1	g9416.t1	179	No	No
g9417.t1	g9417.t1	72	No	No
g9418.t1	g9418.t1	92	No	No
g9419.t1	g9419.t1	1053	No	No
g9420.t1	g9420.t1	127	No	No
g9421.t1	g9421.t1	103	No	No
g9422.t1	g9422.t1	2159	No	No
g9423.t1	g9423.t1	214	No	No
g9424.t1	g9424.t1	85	No	No
g9425.t1	g9425.t1	594	No	No
g9426.t1	g9426.t1	66	No	No
g9427.t1	g9427.t1	268	No	No
g9428.t7	g9428.t7	7725	No	No
g9429.t1	g9429.t1	150	No	No
g9430.t1	g9430.t1	106	No	No
g9431.t1	g9431.t1	81	No	No
g9432.t1	g9432.t1	344	No	No
g9433.t1	g9433.t1	85	No	No
g9434.t1	g9434.t1	293	No	No
g9435.t1	g9435.t1	1067	No	No
g9436.t1	g9436.t1	299	No	No
g9437.t1	g9437.t1	1493	No	No
g9438.t1	g9438.t1	121	No	No
g9439.t1	g9439.t1	69	No	No
g9440.t1	g9440.t1	219	No	No
g9441.t1	g9441.t1	747	No	No
g9442.t1	g9442.t1	585	No	No
g9443.t1	g9443.t1	339	No	No
g9444.t1	g9444.t1	155	No	No
g9445.t1	g9445.t1	857	No	No
g9446.t1	g9446.t1	539	No	No
g9447.t1	g9447.t1	87	No	No
g9448.t1	g9448.t1	93	No	No
g9449.t1	g9449.t1	106	No	No
g9450.t1	g9450.t1	1311	No	No
g9451.t1	g9451.t1	537	No	No
g9452.t1	g9452.t1	127	No	No
g9453.t1	g9453.t1	146	No	No
g9454.t1	g9454.t1	125	Yes	No
g9455.t1	g9455.t1	536	No	No
g9456.t1	g9456.t1	953	No	No
g9457.t1	g9457.t1	201	No	No
g9458.t1	g9458.t1	226	No	No
g9459.t1	g9459.t1	570	No	No
g9460.t1	g9460.t1	451	No	No
g9461.t1	g9461.t1	304	No	No
g9462.t1	g9462.t1	389	No	No
g9463.t1	g9463.t1	452	No	No
g9464.t1	g9464.t1	494	No	No
g9465.t1	g9465.t1	366	No	No
g9466.t1	g9466.t1	607	Yes	No
g9467.t1	g9467.t1	74	Yes	No
g9468.t1	g9468.t1	131	No	No
g9469.t1	g9469.t1	99	No	No
g9470.t1	g9470.t1	335	No	No
g9471.t1	g9471.t1	193	No	No
g9472.t1	g9472.t1	310	No	No
g9473.t1	g9473.t1	254	No	No
g9474.t1	g9474.t1	159	No	No
g9475.t1	g9475.t1	471	No	No
g9476.t1	g9476.t1	52	Yes	No
g9477.t1	g9477.t1	103	No	No
g9478.t1	g9478.t1	66	No	No
g9479.t1	g9479.t1	71	No	No
g9480.t1	g9480.t1	94	No	No
g9481.t1	g9481.t1	86	No	No
g9482.t1	g9482.t1	919	No	No
g9483.t1	g9483.t1	443	No	No
g9484.t1	g9484.t1	996	No	No
g9485.t1	g9485.t1	267	No	No
g9486.t1	g9486.t1	528	No	No
g9487.t1	g9487.t1	137	No	No
g9488.t1	g9488.t1	71	No	No
g9489.t1	g9489.t1	83	No	No
g9490.t1	g9490.t1	102	No	No
g9491.t1	g9491.t1	99	No	No
g9492.t1	g9492.t1	223	No	No
g9493.t1	g9493.t1	801	No	No
g9494.t1	g9494.t1	595	No	No
g9495.t1	g9495.t1	79	No	No
g9496.t1	g9496.t1	402	No	No
g9497.t1	g9497.t1	121	No	No
g9498.t2	g9498.t2	293	No	No
g9499.t1	g9499.t1	488	No	No
g9500.t1	g9500.t1	387	No	No
g9501.t1	g9501.t1	215	No	No
g9502.t1	g9502.t1	806	No	No
g9503.t1	g9503.t1	106	Yes	No
g9504.t1	g9504.t1	300	No	No
g9505.t3	g9505.t3	412	No	No
g9506.t2	g9506.t2	4267	No	No
g9507.t1	g9507.t1	5102	No	No
g9508.t1	g9508.t1	703	No	No
g9509.t1	g9509.t1	72	No	No
g9510.t1	g9510.t1	198	No	No
g9511.t1	g9511.t1	319	No	No
g9512.t1	g9512.t1	97	No	No
g9513.t1	g9513.t1	211	No	No
g9514.t1	g9514.t1	304	Yes	No
g9515.t1	g9515.t1	250	No	No
g9516.t1	g9516.t1	85	No	No
g9517.t1	g9517.t1	187	No	No
g9518.t1	g9518.t1	194	No	No
g9519.t1	g9519.t1	94	No	No
g9520.t1	g9520.t1	160	No	No
g9521.t1	g9521.t1	155	No	No
g9522.t1	g9522.t1	146	No	No
g9523.t1	g9523.t1	72	No	No
g9524.t1	g9524.t1	72	No	No
g9525.t1	g9525.t1	82	No	No
g9526.t1	g9526.t1	351	No	No
g9527.t1	g9527.t1	1438	No	No
g9528.t1	g9528.t1	160	No	No
g9529.t1	g9529.t1	640	No	No
g9530.t1	g9530.t1	401	No	No
g9531.t1	g9531.t1	398	No	No
g9532.t1	g9532.t1	316	No	No
g9533.t1	g9533.t1	45	No	No
g9534.t1	g9534.t1	145	No	No
g9535.t1	g9535.t1	95	No	No
g9536.t1	g9536.t1	389	No	No
g9537.t1	g9537.t1	192	No	No
g9538.t1	g9538.t1	598	No	No
g9539.t1	g9539.t1	254	No	No
g9540.t1	g9540.t1	168	No	No
g9541.t1	g9541.t1	72	No	No
g9542.t1	g9542.t1	73	No	No
g9543.t1	g9543.t1	76	No	No
g9544.t2	g9544.t2	348	No	No
g9545.t1	g9545.t1	519	No	No
g9546.t2	g9546.t2	1169	No	No
g9547.t1	g9547.t1	1596	No	No
g9548.t1	g9548.t1	411	No	No
g9549.t1	g9549.t1	310	No	No
g9550.t1	g9550.t1	219	No	No
g9551.t1	g9551.t1	280	No	No
g9552.t1	g9552.t1	102	No	No
g9553.t1	g9553.t1	1597	Yes	No
g9554.t1	g9554.t1	248	No	No
g9555.t1	g9555.t1	504	No	No
g9556.t1	g9556.t1	95	No	No
g9557.t1	g9557.t1	125	No	No
g9558.t1	g9558.t1	75	No	No
g9559.t1	g9559.t1	222	No	No
g9560.t1	g9560.t1	170	No	No
g9561.t1	g9561.t1	106	No	No
g9562.t1	g9562.t1	85	No	No
g9563.t1	g9563.t1	219	No	No
g9564.t1	g9564.t1	119	No	No
g9565.t2	g9565.t2	247	No	No
g9566.t1	g9566.t1	691	No	No
g9567.t1	g9567.t1	612	No	No
g9568.t1	g9568.t1	1084	No	No
g9569.t1	g9569.t1	2651	No	No
g9570.t1	g9570.t1	104	No	No
g9571.t1	g9571.t1	527	No	No
g9572.t1	g9572.t1	255	No	No
g9573.t1	g9573.t1	111	No	No
g9574.t2	g9574.t2	372	No	No
g9575.t1	g9575.t1	67	No	No
g9576.t1	g9576.t1	126	No	No
g9577.t1	g9577.t1	173	No	No
g9578.t1	g9578.t1	77	No	No
g9579.t1	g9579.t1	69	No	No
g9580.t1	g9580.t1	287	No	No
g9581.t1	g9581.t1	178	No	No
g9582.t1	g9582.t1	66	No	No
g9583.t1	g9583.t1	110	No	No
g9584.t1	g9584.t1	299	No	No
g9585.t1	g9585.t1	99	No	No
g9586.t1	g9586.t1	166	No	No
g9587.t1	g9587.t1	174	No	No
g9588.t1	g9588.t1	102	No	No
g9589.t1	g9589.t1	97	No	No
g9590.t1	g9590.t1	80	No	No
g9591.t1	g9591.t1	91	No	No
g9592.t1	g9592.t1	141	No	No
g9593.t1	g9593.t1	411	No	No
g9594.t1	g9594.t1	125	No	No
g9595.t1	g9595.t1	152	No	No
g9596.t1	g9596.t1	892	No	No
g9597.t1	g9597.t1	331	No	No
g9598.t1	g9598.t1	436	No	No
g9599.t1	g9599.t1	97	No	No
g9600.t1	g9600.t1	135	No	No
g9601.t1	g9601.t1	84	No	No
g9602.t1	g9602.t1	68	No	No
g9603.t1	g9603.t1	551	No	No
g9604.t1	g9604.t1	113	No	No
g9605.t1	g9605.t1	529	No	No
g9606.t1	g9606.t1	712	No	No
g9607.t1	g9607.t1	135	No	No
g9608.t1	g9608.t1	153	No	No
g9609.t1	g9609.t1	596	No	No
g9610.t1	g9610.t1	153	No	No
g9611.t1	g9611.t1	1320	No	No
g9612.t1	g9612.t1	271	No	No
g9613.t1	g9613.t1	465	No	No
g9614.t1	g9614.t1	216	Yes	No
g9615.t1	g9615.t1	283	No	No
g9616.t1	g9616.t1	490	No	No
g9617.t1	g9617.t1	203	No	No
g9618.t1	g9618.t1	98	No	No
g9619.t1	g9619.t1	314	No	No
g9620.t1	g9620.t1	107	No	No
g9621.t1	g9621.t1	193	No	No
g9622.t1	g9622.t1	623	No	No
g9623.t1	g9623.t1	300	No	No
g9624.t1	g9624.t1	114	No	No
g9625.t1	g9625.t1	83	No	No
g9626.t1	g9626.t1	219	No	No
g9627.t1	g9627.t1	413	No	No
g9628.t2	g9628.t2	221	No	No
g9629.t1	g9629.t1	1192	No	No
g9630.t1	g9630.t1	174	No	No
g9631.t1	g9631.t1	128	No	No
g9632.t1	g9632.t1	123	Yes	No
g9633.t1	g9633.t1	1057	Yes	No
g9634.t1	g9634.t1	1124	No	No
g9635.t1	g9635.t1	136	Yes	No
g9636.t1	g9636.t1	81	No	No
g9637.t1	g9637.t1	399	No	No
g9638.t1	g9638.t1	605	No	No
g9639.t1	g9639.t1	535	No	No
g9640.t1	g9640.t1	512	No	No
g9641.t1	g9641.t1	456	No	No
g9642.t1	g9642.t1	414	No	No
g9643.t1	g9643.t1	119	No	No
g9644.t1	g9644.t1	80	Yes	No
g9645.t1	g9645.t1	96	No	No
g9646.t1	g9646.t1	1212	No	No
g9647.t1	g9647.t1	412	No	No
g9648.t1	g9648.t1	532	No	No
g9649.t1	g9649.t1	527	No	No
g9650.t1	g9650.t1	290	No	No
g9651.t1	g9651.t1	119	No	No
g9652.t1	g9652.t1	211	No	No
g9653.t1	g9653.t1	275	No	No
g9654.t1	g9654.t1	333	No	No
g9655.t1	g9655.t1	67	Yes	No
g9656.t1	g9656.t1	80	No	No
g9657.t1	g9657.t1	73	No	No
g9658.t1	g9658.t1	431	No	No
g9659.t1	g9659.t1	103	No	No
g9660.t1	g9660.t1	344	No	No
g9661.t1	g9661.t1	198	No	No
g9662.t1	g9662.t1	323	No	No
g9663.t1	g9663.t1	102	No	No
g9664.t1	g9664.t1	183	No	No
g9665.t1	g9665.t1	190	No	No
g9666.t1	g9666.t1	155	No	No
g9667.t1	g9667.t1	178	No	No
g9668.t1	g9668.t1	134	No	No
g9669.t1	g9669.t1	402	No	No
g9670.t1	g9670.t1	384	No	No
g9671.t1	g9671.t1	214	No	No
g9672.t1	g9672.t1	188	No	No
g9673.t1	g9673.t1	138	No	No
g9674.t1	g9674.t1	234	No	No
g9675.t1	g9675.t1	652	No	No
g9676.t1	g9676.t1	134	No	No
g9677.t1	g9677.t1	608	No	No
g9678.t1	g9678.t1	573	No	No
g9679.t1	g9679.t1	584	No	No
g9680.t1	g9680.t1	125	No	No
g9681.t1	g9681.t1	411	No	No
g9682.t1	g9682.t1	494	No	No
g9683.t1	g9683.t1	93	No	No
g9684.t1	g9684.t1	739	No	No
g9685.t1	g9685.t1	154	No	No
g9686.t1	g9686.t1	1250	No	No
g9687.t1	g9687.t1	399	No	No
g9688.t1	g9688.t1	138	No	No
g9689.t1	g9689.t1	563	No	No
g9690.t1	g9690.t1	682	No	No
g9691.t1	g9691.t1	436	No	No
g9692.t1	g9692.t1	219	No	No
g9693.t1	g9693.t1	401	No	No
g9694.t1	g9694.t1	569	No	No
g9695.t2	g9695.t2	196	Yes	No
g9696.t1	g9696.t1	370	No	No
g9697.t1	g9697.t1	286	No	No
g9698.t1	g9698.t1	1181	No	No
g9699.t1	g9699.t1	104	No	No
g9700.t1	g9700.t1	445	No	No
g9701.t1	g9701.t1	651	No	No
g9702.t1	g9702.t1	89	No	No
g9703.t1	g9703.t1	361	No	No
g9704.t1	g9704.t1	183	No	No
g9705.t1	g9705.t1	352	No	No
g9706.t1	g9706.t1	100	No	No
g9707.t1	g9707.t1	187	No	No
g9708.t1	g9708.t1	213	No	No
g9709.t1	g9709.t1	598	No	No
g9710.t1	g9710.t1	103	No	No
g9711.t1	g9711.t1	202	No	No
g9712.t1	g9712.t1	117	No	No
g9713.t1	g9713.t1	80	No	No
g9714.t1	g9714.t1	153	Yes	No
g9715.t1	g9715.t1	146	No	No
g9716.t1	g9716.t1	1443	No	No
g9717.t1	g9717.t1	490	Yes	No
g9718.t1	g9718.t1	282	No	No
g9719.t1	g9719.t1	277	No	No
g9720.t1	g9720.t1	276	No	No
g9721.t1	g9721.t1	275	No	No
g9722.t1	g9722.t1	278	No	No
g9723.t1	g9723.t1	290	No	No
g9724.t1	g9724.t1	273	No	No
g9725.t1	g9725.t1	349	No	No
g9726.t1	g9726.t1	188	Yes	No
g9727.t1	g9727.t1	585	No	No
g9728.t1	g9728.t1	584	No	No
g9729.t1	g9729.t1	254	No	No
g9730.t1	g9730.t1	988	No	No
g9731.t1	g9731.t1	561	No	No
g9732.t1	g9732.t1	578	No	No
g9733.t1	g9733.t1	409	No	No
g9734.t1	g9734.t1	1056	No	No
g9735.t1	g9735.t1	615	No	No
g9736.t1	g9736.t1	225	No	No
g9737.t1	g9737.t1	120	No	No
g9738.t1	g9738.t1	101	No	No
g9739.t1	g9739.t1	292	No	No
g9740.t1	g9740.t1	244	No	No
g9741.t1	g9741.t1	300	No	No
g9742.t1	g9742.t1	583	No	No
g9743.t1	g9743.t1	483	No	No
g9744.t4	g9744.t4	2177	No	No
g9745.t1	g9745.t1	93	No	No
g9746.t1	g9746.t1	97	No	No
g9747.t1	g9747.t1	98	Yes	No
g9748.t1	g9748.t1	707	No	No
g9749.t1	g9749.t1	71	No	No
g9750.t1	g9750.t1	286	No	No
g9751.t1	g9751.t1	103	No	No
g9752.t1	g9752.t1	167	No	No
g9753.t1	g9753.t1	55	Yes	No
g9754.t1	g9754.t1	162	No	No
g9755.t1	g9755.t1	636	No	No
g9756.t2	g9756.t2	212	No	No
g9757.t1	g9757.t1	183	No	No
g9758.t1	g9758.t1	547	No	No
g9759.t1	g9759.t1	193	No	No
g9760.t1	g9760.t1	151	No	No
g9761.t1	g9761.t1	67	No	No
g9762.t1	g9762.t1	84	No	No
g9763.t1	g9763.t1	124	No	No
g9764.t1	g9764.t1	93	No	No
g9765.t1	g9765.t1	81	No	No
g9766.t1	g9766.t1	127	No	No
g9767.t1	g9767.t1	96	No	No
g9768.t1	g9768.t1	448	No	No
g9769.t1	g9769.t1	417	Yes	No
g9770.t1	g9770.t1	432	No	No
g9771.t1	g9771.t1	518	No	No
g9772.t1	g9772.t1	428	No	No
g9773.t1	g9773.t1	629	No	No
g9774.t1	g9774.t1	618	No	No
g9775.t1	g9775.t1	276	No	No
g9776.t1	g9776.t1	159	No	No
g9777.t1	g9777.t1	1059	No	No
g9778.t1	g9778.t1	452	No	No
g9779.t1	g9779.t1	233	No	No
g9780.t1	g9780.t1	195	No	No
g9781.t1	g9781.t1	151	No	No
g9782.t1	g9782.t1	2350	No	No
g9783.t1	g9783.t1	1038	No	No
g9784.t1	g9784.t1	423	No	No
g9785.t1	g9785.t1	2585	No	No
g9786.t1	g9786.t1	294	No	No
g9787.t1	g9787.t1	658	No	No
g9788.t1	g9788.t1	137	No	No
g9789.t1	g9789.t1	126	No	No
g9790.t1	g9790.t1	678	No	No
g9791.t1	g9791.t1	397	No	No
g9792.t1	g9792.t1	209	No	No
g9793.t1	g9793.t1	137	No	No
g9794.t1	g9794.t1	391	No	No
g9795.t1	g9795.t1	130	No	No
g9796.t1	g9796.t1	122	No	No
g9797.t1	g9797.t1	142	No	No
g9798.t1	g9798.t1	131	No	No
g9799.t1	g9799.t1	349	No	No
g9800.t1	g9800.t1	347	No	No
g9801.t1	g9801.t1	235	No	No
g9802.t1	g9802.t1	189	No	No
g9803.t1	g9803.t1	133	No	No
g9804.t1	g9804.t1	199	No	No
g9805.t1	g9805.t1	329	No	No
g9806.t1	g9806.t1	2491	No	No
g9807.t1	g9807.t1	143	No	No
g9808.t1	g9808.t1	636	No	No
g9809.t1	g9809.t1	565	No	No
g9810.t1	g9810.t1	143	No	No
g9811.t1	g9811.t1	451	No	No
g9812.t1	g9812.t1	424	No	No
g9813.t1	g9813.t1	468	No	No
g9814.t1	g9814.t1	217	No	No
g9815.t1	g9815.t1	198	No	No
g9816.t1	g9816.t1	394	No	No
g9817.t1	g9817.t1	689	Yes	No
g9818.t1	g9818.t1	525	No	No
g9819.t1	g9819.t1	109	No	No
g9820.t1	g9820.t1	169	No	No
g9821.t1	g9821.t1	51	No	No
g9822.t1	g9822.t1	129	Yes	No
g9823.t1	g9823.t1	68	No	No
g9824.t1	g9824.t1	69	No	No
g9825.t2	g9825.t2	899	No	No
g9826.t1	g9826.t1	68	No	No
g9827.t1	g9827.t1	380	No	No
g9828.t1	g9828.t1	1313	No	No
g9829.t1	g9829.t1	83	No	No
g9830.t1	g9830.t1	189	No	No
g9831.t1	g9831.t1	112	No	No
g9832.t1	g9832.t1	70	No	No
g9833.t1	g9833.t1	82	No	No
g9834.t1	g9834.t1	79	No	No
g9835.t1	g9835.t1	580	No	No
g9836.t1	g9836.t1	299	No	No
g9837.t1	g9837.t1	260	No	No
g9838.t1	g9838.t1	452	No	No
g9839.t1	g9839.t1	1626	No	No
g9840.t1	g9840.t1	1783	No	No
g9841.t3	g9841.t3	849	No	No
g9842.t1	g9842.t1	521	No	No
g9843.t1	g9843.t1	642	No	No
g9844.t1	g9844.t1	125	No	No
g9845.t1	g9845.t1	148	No	No
g9846.t1	g9846.t1	82	No	No
g9847.t1	g9847.t1	370	Yes	No
g9848.t1	g9848.t1	149	No	No
g9849.t1	g9849.t1	156	No	No
g9850.t2	g9850.t2	1029	No	No
g9851.t1	g9851.t1	76	No	No
g9852.t1	g9852.t1	569	No	No
g9853.t1	g9853.t1	138	No	No
g9854.t1	g9854.t1	137	No	No
g9855.t1	g9855.t1	80	No	No
g9856.t1	g9856.t1	694	Yes	No
g9857.t1	g9857.t1	124	No	No
g9858.t1	g9858.t1	155	No	No
g9859.t1	g9859.t1	170	No	No
g9860.t1	g9860.t1	105	No	No
g9861.t1	g9861.t1	596	No	No
g9862.t1	g9862.t1	63	Yes	No
g9863.t1	g9863.t1	388	No	No
g9864.t1	g9864.t1	393	No	No
g9865.t1	g9865.t1	661	No	No
g9866.t1	g9866.t1	552	No	No
g9867.t1	g9867.t1	703	No	No
g9868.t1	g9868.t1	161	No	No
g9869.t1	g9869.t1	142	No	No
g9870.t1	g9870.t1	208	No	No
g9871.t1	g9871.t1	99	No	No
g9872.t1	g9872.t1	85	No	No
g9873.t1	g9873.t1	97	No	No
g9874.t1	g9874.t1	217	Yes	No
g9875.t1	g9875.t1	1282	Yes	No
g9876.t1	g9876.t1	328	No	No
g9877.t1	g9877.t1	182	No	No
g9878.t1	g9878.t1	973	No	No
g9879.t1	g9879.t1	1136	No	No
g9880.t1	g9880.t1	319	No	No
g9881.t1	g9881.t1	203	No	No
g9882.t1	g9882.t1	178	No	No
g9883.t1	g9883.t1	340	Yes	No
g9884.t1	g9884.t1	108	No	No
g9885.t1	g9885.t1	660	No	No
g9886.t1	g9886.t1	272	No	No
g9887.t1	g9887.t1	253	No	No
g9888.t1	g9888.t1	346	No	No
g9889.t1	g9889.t1	237	No	No
g9890.t1	g9890.t1	263	No	No
g9891.t1	g9891.t1	260	No	No
g9892.t1	g9892.t1	264	No	No
g9893.t1	g9893.t1	817	No	No
g9894.t1	g9894.t1	155	No	No
g9895.t1	g9895.t1	144	No	No
g9896.t1	g9896.t1	99	No	No
g9897.t1	g9897.t1	92	No	No
g9898.t1	g9898.t1	107	No	No
g9899.t1	g9899.t1	109	No	No
g9900.t1	g9900.t1	301	No	No
g9901.t1	g9901.t1	306	No	No
g9902.t1	g9902.t1	92	No	No
g9903.t1	g9903.t1	386	No	No
g9904.t1	g9904.t1	270	No	No
g9905.t1	g9905.t1	290	No	No
g9906.t1	g9906.t1	87	No	No
g9907.t1	g9907.t1	186	No	No
g9908.t1	g9908.t1	59	Yes	No
g9909.t1	g9909.t1	786	No	No
g9910.t1	g9910.t1	857	No	No
g9911.t1	g9911.t1	326	No	No
g9912.t1	g9912.t1	80	No	No
g9913.t1	g9913.t1	91	No	No
g9914.t1	g9914.t1	117	No	No
g9915.t1	g9915.t1	109	Yes	No
g9916.t1	g9916.t1	166	No	No
g9917.t1	g9917.t1	1884	No	No
g9918.t1	g9918.t1	387	No	No
g9919.t1	g9919.t1	1078	Yes	No
g9920.t1	g9920.t1	161	No	No
g9921.t1	g9921.t1	119	No	No
g9922.t1	g9922.t1	134	No	No
g9923.t1	g9923.t1	160	No	No
g9924.t1	g9924.t1	104	No	No
g9925.t1	g9925.t1	104	No	No
g9926.t1	g9926.t1	403	No	No
g9927.t1	g9927.t1	726	No	No
g9928.t1	g9928.t1	270	No	No
g9929.t1	g9929.t1	533	No	No
g9930.t1	g9930.t1	292	No	No
g9931.t2	g9931.t2	295	No	No
g9932.t1	g9932.t1	166	No	No
g9933.t1	g9933.t1	243	No	No
g9934.t1	g9934.t1	368	No	No
g9935.t1	g9935.t1	86	No	No
g9936.t1	g9936.t1	237	No	No
g9937.t1	g9937.t1	388	No	No
g9938.t1	g9938.t1	775	No	No
g9939.t1	g9939.t1	146	No	No
g9940.t1	g9940.t1	27	Yes	No
g9941.t1	g9941.t1	343	No	No
g9942.t1	g9942.t1	190	No	No
g9943.t1	g9943.t1	513	No	No
g9944.t1	g9944.t1	512	No	No
g9945.t1	g9945.t1	506	No	No
g9946.t1	g9946.t1	731	No	No
g9947.t1	g9947.t1	512	No	No
g9948.t1	g9948.t1	512	No	No
g9949.t1	g9949.t1	511	No	No
g9950.t1	g9950.t1	513	No	No
g9951.t1	g9951.t1	668	No	No
g9952.t1	g9952.t1	197	No	No
g9953.t1	g9953.t1	98	No	No
g9954.t1	g9954.t1	122	No	No
g9955.t1	g9955.t1	48	No	No
g9956.t1	g9956.t1	324	No	No
g9957.t1	g9957.t1	239	No	No
g9958.t1	g9958.t1	673	No	No
g9959.t1	g9959.t1	347	No	No
g9960.t1	g9960.t1	94	No	No
g9961.t1	g9961.t1	394	No	No
g9962.t1	g9962.t1	487	No	No
g9963.t1	g9963.t1	69	No	No
g9964.t1	g9964.t1	476	No	No
g9965.t1	g9965.t1	176	No	No
g9966.t1	g9966.t1	234	No	No
g9967.t1	g9967.t1	258	Yes	No
g9968.t1	g9968.t1	744	No	No
g9969.t1	g9969.t1	800	No	No
g9970.t1	g9970.t1	396	No	No
g9971.t1	g9971.t1	99	No	No
g9972.t1	g9972.t1	84	No	No
g9973.t1	g9973.t1	130	No	No
g9974.t1	g9974.t1	165	No	No
g9975.t1	g9975.t1	89	No	No
g9976.t1	g9976.t1	131	No	No
g9977.t1	g9977.t1	93	No	No
g9978.t1	g9978.t1	79	No	No
g9979.t1	g9979.t1	336	No	No
g9980.t1	g9980.t1	631	No	No
g9981.t1	g9981.t1	140	No	No
g9982.t1	g9982.t1	1295	Yes	No
g9983.t1	g9983.t1	86	No	No
g9984.t1	g9984.t1	47	No	No
g9985.t1	g9985.t1	204	No	No
g9986.t1	g9986.t1	227	No	No
g9987.t1	g9987.t1	254	No	No
g9988.t1	g9988.t1	229	No	No
g9989.t1	g9989.t1	67	No	No
g9990.t1	g9990.t1	235	No	No
g9991.t1	g9991.t1	1516	No	No
g9992.t1	g9992.t1	696	No	No
g9993.t1	g9993.t1	598	No	No
g9994.t1	g9994.t1	85	Yes	No
g9995.t1	g9995.t1	1242	No	No
g9996.t1	g9996.t1	127	No	No
g9997.t1	g9997.t1	1050	No	No
g9998.t1	g9998.t1	462	No	No
g9999.t1	g9999.t1	116	No	No
g10000.t1	g10000.t1	121	No	No
g10001.t1	g10001.t1	330	No	No
g10002.t1	g10002.t1	394	No	No
g10003.t1	g10003.t1	525	No	No
g10004.t1	g10004.t1	117	No	No
g10005.t1	g10005.t1	1887	No	No
g10006.t1	g10006.t1	224	No	No
g10007.t1	g10007.t1	102	No	No
g10008.t1	g10008.t1	447	No	No
g10009.t1	g10009.t1	76	No	No
g10010.t1	g10010.t1	89	No	No
g10011.t1	g10011.t1	711	No	No
g10012.t1	g10012.t1	754	No	No
g10013.t1	g10013.t1	508	No	No
g10014.t1	g10014.t1	143	No	No
g10015.t1	g10015.t1	100	No	No
g10016.t1	g10016.t1	168	No	No
g10017.t1	g10017.t1	120	No	No
g10018.t1	g10018.t1	485	Yes	No
g10019.t1	g10019.t1	316	No	No
g10020.t1	g10020.t1	1012	No	No
g10021.t1	g10021.t1	960	No	No
g10022.t1	g10022.t1	66	No	No
g10023.t1	g10023.t1	90	No	No
g10024.t1	g10024.t1	157	No	No
g10025.t1	g10025.t1	194	No	No
g10026.t1	g10026.t1	160	No	No
g10027.t1	g10027.t1	27	No	No
g10028.t1	g10028.t1	92	No	No
g10029.t1	g10029.t1	81	No	No
g10030.t1	g10030.t1	85	No	No
g10031.t1	g10031.t1	501	No	No
g10032.t1	g10032.t1	71	No	No
g10033.t1	g10033.t1	435	No	No
g10034.t1	g10034.t1	118	No	No
g10035.t1	g10035.t1	124	No	No
g10036.t1	g10036.t1	95	No	No
g10037.t1	g10037.t1	527	No	No
g10038.t1	g10038.t1	126	No	No
g10039.t1	g10039.t1	79	Yes	No
g10040.t1	g10040.t1	96	No	No
g10041.t1	g10041.t1	273	No	No
g10042.t1	g10042.t1	432	No	No
g10043.t1	g10043.t1	496	No	No
g10044.t1	g10044.t1	452	No	No
g10045.t1	g10045.t1	285	No	No
g10046.t1	g10046.t1	72	No	No
g10047.t1	g10047.t1	87	No	No
g10048.t1	g10048.t1	157	No	No
g10049.t1	g10049.t1	180	Yes	No
g10050.t1	g10050.t1	128	Yes	No
g10051.t1	g10051.t1	116	No	No
g10052.t1	g10052.t1	410	No	No
g10053.t1	g10053.t1	622	No	No
g10054.t1	g10054.t1	322	No	No
g10055.t1	g10055.t1	103	No	No
g10056.t1	g10056.t1	308	No	No
g10057.t1	g10057.t1	75	No	No
g10058.t1	g10058.t1	88	No	No
g10059.t1	g10059.t1	340	No	No
g10060.t1	g10060.t1	628	No	No
g10061.t1	g10061.t1	609	No	No
g10062.t1	g10062.t1	99	No	No
g10063.t1	g10063.t1	137	No	No
g10064.t1	g10064.t1	114	No	No
g10065.t1	g10065.t1	91	No	No
g10066.t1	g10066.t1	813	No	No
g10067.t1	g10067.t1	229	No	No
g10068.t1	g10068.t1	147	No	No
g10069.t1	g10069.t1	1491	No	No
g10070.t1	g10070.t1	111	No	No
g10071.t1	g10071.t1	466	No	No
g10072.t1	g10072.t1	91	No	No
g10073.t1	g10073.t1	186	No	No
g10074.t1	g10074.t1	410	No	No
g10075.t1	g10075.t1	910	No	No
g10076.t1	g10076.t1	1034	No	No
g10077.t1	g10077.t1	548	No	No
g10078.t1	g10078.t1	1238	No	No
g10079.t1	g10079.t1	242	No	No
g10080.t1	g10080.t1	237	No	No
g10081.t1	g10081.t1	227	No	No
g10082.t1	g10082.t1	163	No	No
g10083.t1	g10083.t1	393	No	No
g10084.t1	g10084.t1	448	Yes	No
g10085.t1	g10085.t1	141	No	No
g10086.t1	g10086.t1	464	No	No
g10087.t1	g10087.t1	405	No	No
g10088.t1	g10088.t1	122	Yes	No
g10089.t1	g10089.t1	408	No	No
g10090.t1	g10090.t1	692	No	No
g10091.t1	g10091.t1	198	No	No
g10092.t1	g10092.t1	634	No	No
g10093.t1	g10093.t1	259	No	No
g10094.t1	g10094.t1	2394	No	No
g10095.t1	g10095.t1	653	No	No
g10096.t1	g10096.t1	78	No	No
g10097.t1	g10097.t1	84	No	No
g10098.t1	g10098.t1	90	No	No
g10099.t1	g10099.t1	80	No	No
g10100.t1	g10100.t1	110	No	No
g10101.t1	g10101.t1	104	No	No
g10102.t1	g10102.t1	167	No	No
g10103.t1	g10103.t1	69	No	No
g10104.t1	g10104.t1	153	No	No
g10105.t1	g10105.t1	289	No	No
g10106.t1	g10106.t1	374	No	No
g10107.t1	g10107.t1	280	No	No
g10108.t1	g10108.t1	55	No	No
g10109.t1	g10109.t1	113	No	No
g10110.t1	g10110.t1	196	No	No
g10111.t1	g10111.t1	3373	No	No
g10112.t1	g10112.t1	454	No	No
g10113.t1	g10113.t1	123	No	No
g10114.t1	g10114.t1	353	Yes	No
g10115.t1	g10115.t1	314	No	No
g10116.t1	g10116.t1	300	No	No
g10117.t1	g10117.t1	331	No	No
g10118.t1	g10118.t1	1112	No	No
g10119.t1	g10119.t1	150	No	No
g10120.t1	g10120.t1	1017	No	No
g10121.t1	g10121.t1	483	No	No
g10122.t1	g10122.t1	471	No	No
g10123.t1	g10123.t1	102	No	No
g10124.t1	g10124.t1	282	No	No
g10125.t1	g10125.t1	791	No	No
g10126.t1	g10126.t1	662	No	No
g10127.t1	g10127.t1	140	No	No
g10128.t1	g10128.t1	120	No	No
g10129.t1	g10129.t1	74	Yes	No
g10130.t1	g10130.t1	72	No	No
g10131.t1	g10131.t1	139	No	No
g10132.t1	g10132.t1	349	No	No
g10133.t1	g10133.t1	322	Yes	No
g10134.t1	g10134.t1	118	No	No
g10135.t1	g10135.t1	154	No	No
g10136.t1	g10136.t1	225	No	No
g10137.t1	g10137.t1	173	No	No
g10138.t1	g10138.t1	143	Yes	No
g10139.t1	g10139.t1	92	Yes	No
g10140.t1	g10140.t1	68	No	No
g10141.t1	g10141.t1	82	No	No
g10142.t1	g10142.t1	136	No	No
g10143.t1	g10143.t1	1028	No	No
g10144.t1	g10144.t1	783	No	No
g10145.t1	g10145.t1	175	No	No
g10146.t1	g10146.t1	78	No	No
g10147.t1	g10147.t1	521	No	No
g10148.t1	g10148.t1	1148	No	No
g10149.t1	g10149.t1	941	No	No
g10150.t1	g10150.t1	101	No	No
g10151.t1	g10151.t1	358	No	No
g10152.t1	g10152.t1	170	Yes	No
g10153.t1	g10153.t1	95	No	No
g10154.t1	g10154.t1	192	No	No
g10155.t1	g10155.t1	181	No	No
g10156.t1	g10156.t1	124	No	No
g10157.t1	g10157.t1	85	No	No
g10158.t1	g10158.t1	72	No	No
g10159.t1	g10159.t1	529	No	No
g10160.t1	g10160.t1	100	No	No
g10161.t1	g10161.t1	2350	Yes	No
g10162.t1	g10162.t1	504	No	No
g10163.t1	g10163.t1	68	No	No
g10164.t1	g10164.t1	119	No	No
g10165.t1	g10165.t1	119	No	No
g10166.t1	g10166.t1	223	No	No
g10167.t1	g10167.t1	433	No	No
g10168.t1	g10168.t1	689	Yes	No
g10169.t1	g10169.t1	157	No	No
g10170.t1	g10170.t1	316	Yes	No
g10171.t1	g10171.t1	974	No	No
g10172.t1	g10172.t1	511	No	No
g10173.t1	g10173.t1	1025	Yes	No
g10174.t1	g10174.t1	220	No	No
g10175.t1	g10175.t1	446	No	No
g10176.t1	g10176.t1	72	No	No
g10177.t1	g10177.t1	91	No	No
g10178.t1	g10178.t1	584	No	No
g10179.t1	g10179.t1	873	No	No
g10180.t1	g10180.t1	84	No	No
g10181.t1	g10181.t1	162	No	No
g10182.t1	g10182.t1	736	No	No
g10183.t1	g10183.t1	245	No	No
g10184.t1	g10184.t1	274	No	No
g10185.t1	g10185.t1	460	No	No
g10186.t1	g10186.t1	383	Yes	No
g10187.t1	g10187.t1	307	Yes	No
g10188.t1	g10188.t1	576	No	No
g10189.t1	g10189.t1	203	No	No
g10190.t1	g10190.t1	89	No	No
g10191.t1	g10191.t1	109	No	No
g10192.t1	g10192.t1	333	No	No
g10193.t1	g10193.t1	489	No	No
g10194.t1	g10194.t1	354	No	No
g10195.t1	g10195.t1	1256	No	No
g10196.t1	g10196.t1	148	No	No
g10197.t1	g10197.t1	356	No	No
g10198.t1	g10198.t1	227	No	No
g10199.t1	g10199.t1	78	No	No
g10200.t1	g10200.t1	235	No	No
g10201.t1	g10201.t1	501	No	No
g10202.t1	g10202.t1	245	No	No
g10203.t2	g10203.t2	486	No	No
g10204.t1	g10204.t1	131	No	No
g10205.t1	g10205.t1	349	No	No
g10206.t1	g10206.t1	266	No	No
g10207.t1	g10207.t1	399	No	No
g10208.t1	g10208.t1	99	No	No
g10209.t1	g10209.t1	147	No	No
g10210.t1	g10210.t1	75	Yes	No
g10211.t1	g10211.t1	729	No	No
g10212.t1	g10212.t1	102	No	No
g10213.t1	g10213.t1	185	No	No
g10214.t1	g10214.t1	420	No	No
g10215.t1	g10215.t1	778	No	No
g10216.t1	g10216.t1	334	No	No
g10217.t1	g10217.t1	334	No	No
g10218.t1	g10218.t1	169	No	No
g10219.t1	g10219.t1	226	No	No
g10220.t1	g10220.t1	83	No	No
g10221.t1	g10221.t1	70	No	No
g10222.t1	g10222.t1	136	No	No
g10223.t1	g10223.t1	295	No	No
g10224.t1	g10224.t1	272	No	No
g10225.t1	g10225.t1	500	No	No
g10226.t1	g10226.t1	219	No	No
g10227.t1	g10227.t1	337	No	No
g10228.t2	g10228.t2	373	No	No
g10229.t1	g10229.t1	129	No	No
g10230.t1	g10230.t1	210	No	No
g10231.t1	g10231.t1	53	No	No
g10232.t1	g10232.t1	643	No	No
g10233.t1	g10233.t1	101	No	No
g10234.t1	g10234.t1	327	No	No
g10235.t1	g10235.t1	210	No	No
g10236.t1	g10236.t1	132	No	No
g10237.t1	g10237.t1	501	No	No
g10238.t1	g10238.t1	259	No	No
g10239.t1	g10239.t1	554	No	No
g10240.t1	g10240.t1	139	No	No
g10241.t1	g10241.t1	139	No	No
g10242.t1	g10242.t1	110	No	No
g10243.t1	g10243.t1	89	No	No
g10244.t1	g10244.t1	476	No	No
g10245.t1	g10245.t1	102	No	No
g10246.t1	g10246.t1	150	No	No
g10247.t1	g10247.t1	873	No	No
g10248.t1	g10248.t1	111	No	No
g10249.t1	g10249.t1	284	No	No
g10250.t1	g10250.t1	263	No	No
g10251.t2	g10251.t2	328	No	No
g10252.t1	g10252.t1	177	No	No
g10253.t1	g10253.t1	108	No	No
g10254.t1	g10254.t1	111	No	No
g10255.t1	g10255.t1	366	No	No
g10256.t1	g10256.t1	727	Yes	No
g10257.t1	g10257.t1	486	No	No
g10258.t1	g10258.t1	207	No	No
g10259.t1	g10259.t1	504	No	No
g10260.t1	g10260.t1	643	No	No
g10261.t1	g10261.t1	95	No	No
g10262.t1	g10262.t1	89	No	No
g10263.t1	g10263.t1	405	No	No
g10264.t1	g10264.t1	515	No	No
g10265.t1	g10265.t1	721	No	No
g10266.t1	g10266.t1	509	No	No
g10267.t1	g10267.t1	327	No	No
g10268.t1	g10268.t1	468	No	No
g10269.t1	g10269.t1	148	No	No
g10270.t1	g10270.t1	264	No	No
g10271.t1	g10271.t1	100	No	No
g10272.t1	g10272.t1	251	No	No
g10273.t1	g10273.t1	463	No	No
g10274.t1	g10274.t1	451	No	No
g10275.t1	g10275.t1	160	No	No
g10276.t1	g10276.t1	156	No	No
g10277.t1	g10277.t1	381	Yes	No
g10278.t1	g10278.t1	349	No	No
g10279.t1	g10279.t1	221	No	No
g10280.t1	g10280.t1	115	No	No
g10281.t1	g10281.t1	371	No	No
g10282.t1	g10282.t1	114	No	No
g10283.t1	g10283.t1	436	No	No
g10284.t1	g10284.t1	60	Yes	No
g10285.t1	g10285.t1	73	No	No
g10286.t1	g10286.t1	146	Yes	No
g10287.t1	g10287.t1	382	No	No
g10288.t1	g10288.t1	242	No	No
g10289.t1	g10289.t1	288	No	No
g10290.t1	g10290.t1	244	No	No
g10291.t1	g10291.t1	66	Yes	No
g10292.t1	g10292.t1	54	Yes	No
g10293.t1	g10293.t1	79	Yes	No
g10294.t1	g10294.t1	263	No	No
g10295.t1	g10295.t1	721	No	No
g10296.t1	g10296.t1	183	No	No
g10297.t1	g10297.t1	1671	No	No
g10298.t1	g10298.t1	899	No	No
g10299.t1	g10299.t1	1382	No	No
g10300.t1	g10300.t1	79	No	No
g10301.t1	g10301.t1	88	No	No
g10302.t1	g10302.t1	274	No	No
g10303.t1	g10303.t1	140	No	No
g10304.t1	g10304.t1	97	No	No
g10305.t1	g10305.t1	88	No	No
g10306.t1	g10306.t1	94	No	No
g10307.t1	g10307.t1	139	No	No
g10308.t1	g10308.t1	104	No	No
g10309.t1	g10309.t1	67	No	No
g10310.t1	g10310.t1	83	No	No
g10311.t2	g10311.t2	214	No	No
g10312.t1	g10312.t1	313	No	No
g10313.t1	g10313.t1	523	No	No
g10314.t1	g10314.t1	524	No	No
g10315.t1	g10315.t1	544	No	No
g10316.t1	g10316.t1	123	No	No
g10317.t1	g10317.t1	455	No	No
g10318.t1	g10318.t1	542	No	No
g10319.t1	g10319.t1	376	No	No
g10320.t1	g10320.t1	192	No	No
g10321.t1	g10321.t1	485	No	No
g10322.t1	g10322.t1	917	No	No
g10323.t1	g10323.t1	90	No	No
g10324.t1	g10324.t1	196	No	No
g10325.t1	g10325.t1	171	Yes	No
g10326.t1	g10326.t1	178	No	No
g10327.t1	g10327.t1	166	No	No
g10328.t1	g10328.t1	80	No	No
g10329.t1	g10329.t1	127	No	No
g10330.t1	g10330.t1	876	No	No
g10331.t1	g10331.t1	834	No	No
g10332.t1	g10332.t1	227	No	No
g10333.t1	g10333.t1	634	No	No
g10334.t1	g10334.t1	571	No	No
g10335.t1	g10335.t1	410	No	No
g10336.t1	g10336.t1	391	No	No
g10337.t1	g10337.t1	70	No	No
g10338.t1	g10338.t1	321	No	No
g10339.t1	g10339.t1	71	No	No
g10340.t1	g10340.t1	486	No	No
g10341.t2	g10341.t2	627	No	No
g10342.t1	g10342.t1	1112	No	No
g10343.t1	g10343.t1	95	No	No
g10344.t1	g10344.t1	72	No	No
g10345.t1	g10345.t1	402	No	No
g10346.t1	g10346.t1	196	No	No
g10347.t1	g10347.t1	369	No	No
g10348.t1	g10348.t1	186	No	No
g10349.t1	g10349.t1	81	No	No
g10350.t1	g10350.t1	622	No	No
g10351.t1	g10351.t1	444	No	No
g10352.t1	g10352.t1	178	No	No
g10353.t1	g10353.t1	888	No	No
g10354.t1	g10354.t1	465	No	No
g10355.t1	g10355.t1	753	No	No
g10356.t1	g10356.t1	82	No	No
g10357.t1	g10357.t1	1055	No	No
g10358.t1	g10358.t1	584	No	No
g10359.t1	g10359.t1	223	No	No
g10360.t1	g10360.t1	83	No	No
g10361.t1	g10361.t1	245	No	No
g10362.t1	g10362.t1	352	No	No
g10363.t1	g10363.t1	169	No	No
g10364.t1	g10364.t1	280	No	No
g10365.t1	g10365.t1	237	No	No
g10366.t1	g10366.t1	67	No	No
g10367.t1	g10367.t1	488	No	No
g10368.t1	g10368.t1	115	No	No
g10369.t1	g10369.t1	723	No	No
g10370.t1	g10370.t1	449	Yes	No
g10371.t1	g10371.t1	878	No	No
g10372.t1	g10372.t1	182	No	No
g10373.t1	g10373.t1	151	No	No
g10374.t1	g10374.t1	114	No	No
g10375.t1	g10375.t1	186	No	No
g10376.t1	g10376.t1	222	No	No
g10377.t1	g10377.t1	343	No	No
g10378.t1	g10378.t1	169	No	No
g10379.t1	g10379.t1	209	No	No
g10380.t1	g10380.t1	135	No	No
g10381.t1	g10381.t1	74	No	No
g10382.t1	g10382.t1	1255	No	No
g10383.t1	g10383.t1	516	No	No
g10384.t1	g10384.t1	401	No	No
g10385.t1	g10385.t1	177	No	No
g10386.t1	g10386.t1	149	No	No
g10387.t1	g10387.t1	106	No	No
g10388.t1	g10388.t1	690	No	No
g10389.t1	g10389.t1	451	No	No
g10390.t1	g10390.t1	299	No	No
g10391.t1	g10391.t1	286	No	No
g10392.t1	g10392.t1	88	No	No
g10393.t1	g10393.t1	248	No	No
g10394.t1	g10394.t1	233	No	No
g10395.t1	g10395.t1	247	No	No
g10396.t1	g10396.t1	246	No	No
g10397.t1	g10397.t1	107	Yes	No
g10398.t1	g10398.t1	1362	No	No
g10399.t1	g10399.t1	197	No	No
g10400.t1	g10400.t1	243	No	No
g10401.t1	g10401.t1	1265	No	No
g10402.t1	g10402.t1	171	No	No
g10403.t1	g10403.t1	560	No	No
g10404.t1	g10404.t1	131	Yes	No
g10405.t1	g10405.t1	269	No	No
g10406.t1	g10406.t1	120	No	No
g10407.t1	g10407.t1	1749	Yes	No
g10408.t1	g10408.t1	777	No	No
g10409.t1	g10409.t1	44	Yes	No
g10410.t1	g10410.t1	177	No	No
g10411.t1	g10411.t1	115	No	No
g10412.t1	g10412.t1	691	No	No
g10413.t1	g10413.t1	86	No	No
g10414.t1	g10414.t1	81	No	No
g10415.t1	g10415.t1	120	No	No
g10416.t1	g10416.t1	252	No	No
g10417.t1	g10417.t1	87	No	No
g10418.t1	g10418.t1	138	No	No
g10419.t1	g10419.t1	61	No	No
g10420.t1	g10420.t1	71	Yes	No
g10421.t1	g10421.t1	559	No	No
g10422.t1	g10422.t1	553	No	No
g10423.t1	g10423.t1	822	No	No
g10424.t1	g10424.t1	129	No	No
g10425.t1	g10425.t1	461	No	No
g10426.t1	g10426.t1	209	Yes	No
g10427.t1	g10427.t1	87	No	No
g10428.t1	g10428.t1	87	No	No
g10429.t1	g10429.t1	367	No	No
g10430.t1	g10430.t1	1108	No	No
g10431.t1	g10431.t1	407	No	No
g10432.t1	g10432.t1	116	Yes	No
g10433.t1	g10433.t1	547	No	No
g10434.t1	g10434.t1	794	No	No
g10435.t1	g10435.t1	572	No	No
g10436.t1	g10436.t1	155	No	No
g10437.t1	g10437.t1	94	No	No
g10438.t1	g10438.t1	168	No	No
g10439.t1	g10439.t1	134	No	No
g10440.t1	g10440.t1	312	No	No
g10441.t1	g10441.t1	371	No	No
g10442.t1	g10442.t1	278	Yes	No
g10443.t1	g10443.t1	115	No	No
g10444.t1	g10444.t1	124	No	No
g10445.t1	g10445.t1	276	No	No
g10446.t1	g10446.t1	1374	No	No
g10447.t1	g10447.t1	100	No	No
g10448.t1	g10448.t1	100	No	No
g10449.t1	g10449.t1	189	No	No
g10450.t1	g10450.t1	188	No	No
g10451.t1	g10451.t1	734	No	No
g10452.t1	g10452.t1	276	No	No
g10453.t1	g10453.t1	246	No	No
g10454.t1	g10454.t1	143	No	No
g10455.t1	g10455.t1	285	No	No
g10456.t1	g10456.t1	82	No	No
g10457.t1	g10457.t1	728	No	No
g10458.t1	g10458.t1	204	No	No
g10459.t1	g10459.t1	275	No	No
g10460.t2	g10460.t2	1874	No	No
g10461.t1	g10461.t1	251	No	No
g10462.t1	g10462.t1	252	No	No
g10463.t1	g10463.t1	399	No	No
g10464.t1	g10464.t1	221	No	No
g10465.t1	g10465.t1	95	No	No
g10466.t1	g10466.t1	162	No	No
g10467.t1	g10467.t1	509	No	No
g10468.t1	g10468.t1	116	No	No
g10469.t1	g10469.t1	100	No	No
g10470.t1	g10470.t1	77	No	No
g10471.t1	g10471.t1	83	No	No
g10472.t1	g10472.t1	169	No	No
g10473.t1	g10473.t1	95	No	No
g10474.t1	g10474.t1	95	No	No
g10475.t1	g10475.t1	86	No	No
g10476.t1	g10476.t1	81	No	No
g10477.t1	g10477.t1	350	No	No
g10478.t1	g10478.t1	189	No	No
g10479.t1	g10479.t1	466	No	No
g10480.t1	g10480.t1	476	No	No
g10481.t2	g10481.t2	139	No	No
g10482.t1	g10482.t1	66	No	No
g10483.t1	g10483.t1	266	No	No
g10484.t1	g10484.t1	203	No	No
g10485.t1	g10485.t1	339	No	No
g10486.t1	g10486.t1	466	No	No
g10487.t1	g10487.t1	261	Yes	No
g10488.t1	g10488.t1	365	No	No
g10489.t1	g10489.t1	254	No	No
g10490.t1	g10490.t1	137	No	No
g10491.t1	g10491.t1	361	No	No
g10492.t2	g10492.t2	301	Yes	No
g10493.t1	g10493.t1	309	No	No
g10494.t1	g10494.t1	104	Yes	No
g10495.t2	g10495.t2	461	No	No
g10496.t1	g10496.t1	242	No	No
g10497.t1	g10497.t1	480	No	No
g10498.t1	g10498.t1	102	No	No
g10499.t1	g10499.t1	74	No	No
g10500.t1	g10500.t1	819	No	No
g10501.t1	g10501.t1	373	No	No
g10502.t1	g10502.t1	78	No	No
g10503.t2	g10503.t2	529	No	No
g10504.t1	g10504.t1	84	No	No
g10505.t1	g10505.t1	474	No	No
g10506.t1	g10506.t1	75	No	No
g10507.t1	g10507.t1	156	No	No
g10508.t1	g10508.t1	293	No	No
g10509.t1	g10509.t1	66	No	No
g10510.t1	g10510.t1	259	No	No
g10511.t1	g10511.t1	89	No	No
g10512.t1	g10512.t1	135	No	No
g10513.t1	g10513.t1	95	No	No
g10514.t1	g10514.t1	233	No	No
g10515.t1	g10515.t1	57	No	No
g10516.t1	g10516.t1	91	No	No
g10517.t1	g10517.t1	1564	No	No
g10518.t1	g10518.t1	108	No	No
g10519.t1	g10519.t1	311	No	No
g10520.t1	g10520.t1	129	No	No
g10521.t1	g10521.t1	233	No	No
g10522.t1	g10522.t1	408	No	No
g10523.t1	g10523.t1	618	No	No
g10524.t1	g10524.t1	170	No	No
g10525.t1	g10525.t1	1808	No	No
g10526.t1	g10526.t1	524	No	No
g10527.t1	g10527.t1	87	No	No
g10528.t1	g10528.t1	85	No	No
g10529.t1	g10529.t1	1034	No	No
g10530.t1	g10530.t1	222	No	No
g10531.t1	g10531.t1	73	No	No
g10532.t1	g10532.t1	133	No	No
g10533.t1	g10533.t1	97	No	No
g10534.t1	g10534.t1	117	No	No
g10535.t1	g10535.t1	424	No	No
g10536.t1	g10536.t1	448	No	No
g10537.t1	g10537.t1	167	No	No
g10538.t2	g10538.t2	214	No	No
g10539.t1	g10539.t1	23	No	No
g10540.t1	g10540.t1	448	Yes	No
g10541.t1	g10541.t1	508	No	No
g10542.t1	g10542.t1	108	Yes	No
g10543.t1	g10543.t1	82	No	No
g10544.t1	g10544.t1	81	No	No
g10545.t1	g10545.t1	96	No	No
g10546.t1	g10546.t1	119	No	No
g10547.t1	g10547.t1	128	No	No
g10548.t2	g10548.t2	947	No	No
g10549.t1	g10549.t1	96	No	No
g10550.t1	g10550.t1	99	No	No
g10551.t1	g10551.t1	213	No	No
g10552.t1	g10552.t1	1283	No	No
g10553.t1	g10553.t1	561	No	No
g10554.t1	g10554.t1	341	No	No
g10555.t1	g10555.t1	755	No	No
g10556.t1	g10556.t1	170	No	No
g10557.t1	g10557.t1	93	No	No
g10558.t1	g10558.t1	100	No	No
g10559.t1	g10559.t1	155	No	No
g10560.t1	g10560.t1	235	No	No
g10561.t1	g10561.t1	206	No	No
g10562.t1	g10562.t1	100	No	No
g10563.t1	g10563.t1	79	Yes	No
g10564.t1	g10564.t1	100	No	No
g10565.t1	g10565.t1	123	Yes	No
g10566.t1	g10566.t1	90	No	No
g10567.t1	g10567.t1	159	No	No
g10568.t1	g10568.t1	255	No	No
g10569.t1	g10569.t1	117	No	No
g10570.t1	g10570.t1	135	No	No
g10571.t1	g10571.t1	207	No	No
g10572.t1	g10572.t1	116	No	No
g10573.t1	g10573.t1	406	No	No
g10574.t1	g10574.t1	474	No	No
g10575.t1	g10575.t1	372	No	No
g10576.t1	g10576.t1	175	Yes	No
g10577.t1	g10577.t1	332	No	No
g10578.t1	g10578.t1	195	No	No
g10579.t1	g10579.t1	137	No	No
g10580.t2	g10580.t2	201	No	No
g10581.t1	g10581.t1	220	No	No
g10582.t1	g10582.t1	151	No	No
g10583.t1	g10583.t1	152	No	No
g10584.t1	g10584.t1	148	No	No
g10585.t1	g10585.t1	193	No	No
g10586.t1	g10586.t1	306	No	No
g10587.t1	g10587.t1	84	No	No
g10588.t1	g10588.t1	403	No	No
g10589.t1	g10589.t1	103	No	No
g10590.t1	g10590.t1	586	No	No
g10591.t1	g10591.t1	257	Yes	No
g10592.t1	g10592.t1	1096	Yes	No
g10593.t1	g10593.t1	355	No	No
g10594.t1	g10594.t1	941	No	No
g10595.t1	g10595.t1	309	No	No
g10596.t1	g10596.t1	525	No	No
g10597.t1	g10597.t1	101	No	No
g10598.t1	g10598.t1	118	No	No
g10599.t1	g10599.t1	77	Yes	No
g10600.t1	g10600.t1	163	No	No
g10601.t1	g10601.t1	146	No	No
g10602.t1	g10602.t1	86	No	No
g10603.t1	g10603.t1	72	No	No
g10604.t1	g10604.t1	73	No	No
g10605.t1	g10605.t1	590	No	No
g10606.t1	g10606.t1	1752	No	No
g10607.t1	g10607.t1	537	No	No
g10608.t1	g10608.t1	67	No	No
g10609.t1	g10609.t1	640	No	No
g10610.t1	g10610.t1	92	No	No
g10611.t1	g10611.t1	322	No	No
g10612.t1	g10612.t1	152	No	No
g10613.t1	g10613.t1	113	No	No
g10614.t1	g10614.t1	217	No	No
g10615.t1	g10615.t1	621	No	No
g10616.t1	g10616.t1	753	No	No
g10617.t1	g10617.t1	100	No	No
g10618.t1	g10618.t1	129	No	No
g10619.t1	g10619.t1	129	No	No
g10620.t1	g10620.t1	100	No	No
g10621.t1	g10621.t1	182	No	No
g10622.t1	g10622.t1	437	No	No
g10623.t1	g10623.t1	571	No	No
g10624.t1	g10624.t1	408	No	No
g10625.t1	g10625.t1	491	No	No
g10626.t1	g10626.t1	158	No	No
g10627.t1	g10627.t1	85	No	No
g10628.t1	g10628.t1	68	No	No
g10629.t1	g10629.t1	119	No	No
g10630.t1	g10630.t1	312	No	No
g10631.t1	g10631.t1	203	No	No
g10632.t1	g10632.t1	116	No	No
g10633.t1	g10633.t1	174	Yes	No
g10634.t1	g10634.t1	256	Yes	No
g10635.t1	g10635.t1	188	Yes	No
g10636.t1	g10636.t1	317	No	No
g10637.t2	g10637.t2	357	No	No
g10638.t1	g10638.t1	95	No	No
g10639.t1	g10639.t1	192	No	No
g10640.t1	g10640.t1	56	Yes	No
g10641.t1	g10641.t1	144	Yes	No
g10642.t1	g10642.t1	180	No	No
g10643.t1	g10643.t1	320	No	No
g10644.t1	g10644.t1	88	No	No
g10645.t1	g10645.t1	152	No	No
g10646.t1	g10646.t1	219	No	No
g10647.t1	g10647.t1	143	No	No
g10648.t1	g10648.t1	186	No	No
g10649.t1	g10649.t1	167	No	No
g10650.t1	g10650.t1	121	No	No
g10651.t1	g10651.t1	118	No	No
g10652.t1	g10652.t1	301	No	No
g10653.t1	g10653.t1	200	No	No
g10654.t1	g10654.t1	81	No	No
g10655.t1	g10655.t1	96	No	No
g10656.t1	g10656.t1	542	No	No
g10657.t1	g10657.t1	51	Yes	No
g10658.t1	g10658.t1	513	No	No
g10659.t1	g10659.t1	463	No	No
g10660.t1	g10660.t1	86	No	No
g10661.t1	g10661.t1	108	No	No
g10662.t1	g10662.t1	83	No	No
g10663.t1	g10663.t1	366	No	No
g10664.t1	g10664.t1	182	No	No
g10665.t1	g10665.t1	80	No	No
g10666.t1	g10666.t1	216	No	No
g10667.t1	g10667.t1	475	Yes	No
g10668.t1	g10668.t1	219	No	No
g10669.t1	g10669.t1	276	No	No
g10670.t1	g10670.t1	252	No	No
g10671.t2	g10671.t2	938	No	No
g10672.t1	g10672.t1	329	No	No
g10673.t1	g10673.t1	121	No	No
g10674.t1	g10674.t1	443	Yes	No
g10675.t1	g10675.t1	41	Yes	No
g10676.t1	g10676.t1	187	No	No
g10677.t1	g10677.t1	167	No	No
g10678.t1	g10678.t1	142	No	No
g10679.t1	g10679.t1	141	No	No
g10680.t1	g10680.t1	143	No	No
g10681.t1	g10681.t1	310	No	No
g10682.t1	g10682.t1	125	No	No
g10683.t1	g10683.t1	455	No	No
g10684.t1	g10684.t1	949	No	No
g10685.t1	g10685.t1	77	No	No
g10686.t1	g10686.t1	17	No	No
g10687.t1	g10687.t1	74	No	No
g10688.t1	g10688.t1	1190	No	No
g10689.t1	g10689.t1	1650	No	No
g10690.t1	g10690.t1	284	No	No
g10691.t1	g10691.t1	116	No	No
g10692.t1	g10692.t1	212	No	No
g10693.t1	g10693.t1	207	No	No
g10694.t1	g10694.t1	69	No	No
g10695.t1	g10695.t1	620	No	No
g10696.t1	g10696.t1	1216	Yes	No
g10697.t1	g10697.t1	155	No	No
g10698.t1	g10698.t1	335	Yes	No
g10699.t1	g10699.t1	740	No	No
g10700.t1	g10700.t1	634	No	No
g10701.t1	g10701.t1	530	No	No
g10702.t1	g10702.t1	361	No	No
g10703.t1	g10703.t1	329	No	No
g10704.t1	g10704.t1	217	No	No
g10705.t1	g10705.t1	108	No	No
g10706.t1	g10706.t1	83	No	No
g10707.t1	g10707.t1	128	No	No
g10708.t1	g10708.t1	107	No	No
g10709.t1	g10709.t1	463	No	No
g10710.t1	g10710.t1	138	No	No
g10711.t1	g10711.t1	375	Yes	No
g10712.t1	g10712.t1	258	No	No
g10713.t1	g10713.t1	178	No	No
g10714.t1	g10714.t1	304	No	No
g10715.t1	g10715.t1	402	No	No
g10716.t1	g10716.t1	1001	No	No
g10717.t1	g10717.t1	999	No	No
g10718.t1	g10718.t1	525	No	No
g10719.t1	g10719.t1	267	No	No
g10720.t2	g10720.t2	541	No	No
g10721.t1	g10721.t1	116	No	No
g10722.t1	g10722.t1	106	No	No
g10723.t1	g10723.t1	84	No	No
g10724.t1	g10724.t1	297	No	No
g10725.t1	g10725.t1	60	Yes	No
g10726.t1	g10726.t1	84	No	No
g10727.t1	g10727.t1	73	No	No
g10728.t1	g10728.t1	96	Yes	No
g10729.t1	g10729.t1	105	No	No
g10730.t2	g10730.t2	95	No	No
g10731.t1	g10731.t1	337	No	No
g10732.t1	g10732.t1	188	No	No
g10733.t1	g10733.t1	161	No	No
g10734.t1	g10734.t1	180	No	No
g10735.t1	g10735.t1	383	No	No
g10736.t1	g10736.t1	86	No	No
g10737.t1	g10737.t1	1123	No	No
g10738.t1	g10738.t1	100	No	No
g10739.t1	g10739.t1	110	No	No
g10740.t1	g10740.t1	94	No	No
g10741.t1	g10741.t1	1048	No	No
g10742.t1	g10742.t1	141	No	No
g10743.t1	g10743.t1	103	No	No
g10744.t1	g10744.t1	107	No	No
g10745.t1	g10745.t1	503	No	No
g10746.t1	g10746.t1	649	No	No
g10747.t1	g10747.t1	183	No	No
g10748.t1	g10748.t1	164	No	No
g10749.t1	g10749.t1	149	No	No
g10750.t1	g10750.t1	225	Yes	No
g10751.t1	g10751.t1	177	No	No
g10752.t1	g10752.t1	619	No	No
g10753.t1	g10753.t1	1246	No	No
g10754.t1	g10754.t1	186	No	No
g10755.t1	g10755.t1	370	No	No
g10756.t2	g10756.t2	491	No	No
g10757.t1	g10757.t1	99	No	No
g10758.t1	g10758.t1	852	No	No
g10759.t1	g10759.t1	192	No	No
g10760.t1	g10760.t1	95	No	No
g10761.t1	g10761.t1	670	No	No
g10762.t1	g10762.t1	1639	No	No
g10763.t1	g10763.t1	607	No	No
g10764.t1	g10764.t1	223	No	No
g10765.t1	g10765.t1	399	No	No
g10766.t1	g10766.t1	84	No	No
g10767.t1	g10767.t1	105	No	No
g10768.t1	g10768.t1	109	No	No
g10769.t1	g10769.t1	894	No	No
g10770.t1	g10770.t1	155	No	No
g10771.t1	g10771.t1	345	No	No
g10772.t1	g10772.t1	801	No	No
g10773.t1	g10773.t1	324	No	No
g10774.t1	g10774.t1	236	No	No
g10775.t1	g10775.t1	68	No	No
g10776.t1	g10776.t1	103	No	No
g10777.t1	g10777.t1	172	No	No
g10778.t1	g10778.t1	1415	No	No
g10779.t1	g10779.t1	132	No	No
g10780.t1	g10780.t1	143	No	No
g10781.t1	g10781.t1	490	No	No
g10782.t1	g10782.t1	224	No	No
g10783.t1	g10783.t1	342	No	No
g10784.t1	g10784.t1	276	No	No
g10785.t1	g10785.t1	109	No	No
g10786.t1	g10786.t1	322	No	No
g10787.t1	g10787.t1	279	Yes	No
g10788.t1	g10788.t1	183	No	No
g10789.t1	g10789.t1	156	No	No
g10790.t1	g10790.t1	93	No	No
g10791.t1	g10791.t1	180	No	No
g10792.t1	g10792.t1	96	No	No
g10793.t1	g10793.t1	912	No	No
g10794.t1	g10794.t1	372	No	No
g10795.t1	g10795.t1	448	No	No
g10796.t1	g10796.t1	682	No	No
g10797.t1	g10797.t1	674	No	No
g10798.t1	g10798.t1	2472	No	No
g10799.t1	g10799.t1	71	No	No
g10800.t1	g10800.t1	98	No	No
g10801.t1	g10801.t1	453	No	No
g10802.t1	g10802.t1	113	No	No
g10803.t1	g10803.t1	214	No	No
g10804.t1	g10804.t1	343	No	No
g10805.t1	g10805.t1	390	No	No
g10806.t1	g10806.t1	200	No	No
g10807.t1	g10807.t1	606	No	No
g10808.t1	g10808.t1	400	No	No
g10809.t1	g10809.t1	620	No	No
g10810.t1	g10810.t1	75	No	No
g10811.t1	g10811.t1	202	No	No
g10812.t1	g10812.t1	106	No	No
g10813.t1	g10813.t1	354	No	No
g10814.t2	g10814.t2	305	No	No
g10815.t1	g10815.t1	92	No	No
g10816.t1	g10816.t1	535	No	No
g10817.t1	g10817.t1	66	No	No
g10818.t1	g10818.t1	236	No	No
g10819.t1	g10819.t1	95	No	No
g10820.t1	g10820.t1	192	No	No
g10821.t1	g10821.t1	252	No	No
g10822.t1	g10822.t1	198	Yes	No
g10823.t1	g10823.t1	98	No	No
g10824.t1	g10824.t1	412	No	No
g10825.t1	g10825.t1	274	No	No
g10826.t1	g10826.t1	287	No	No
g10827.t1	g10827.t1	563	No	No
g10828.t1	g10828.t1	512	Yes	No
g10829.t1	g10829.t1	799	No	No
g10830.t1	g10830.t1	99	No	No
g10831.t1	g10831.t1	108	No	No
g10832.t1	g10832.t1	297	No	No
g10833.t1	g10833.t1	262	No	No
g10834.t1	g10834.t1	258	No	No
g10835.t1	g10835.t1	157	No	No
g10836.t1	g10836.t1	79	No	No
g10837.t1	g10837.t1	68	No	No
g10838.t1	g10838.t1	1339	No	No
g10839.t1	g10839.t1	148	No	No
g10840.t1	g10840.t1	135	No	No
g10841.t1	g10841.t1	77	No	No
g10842.t1	g10842.t1	180	No	No
g10843.t1	g10843.t1	68	Yes	No
g10844.t1	g10844.t1	258	Yes	No
g10845.t1	g10845.t1	88	No	No
g10846.t1	g10846.t1	183	No	No
g10847.t1	g10847.t1	531	Yes	No
g10848.t1	g10848.t1	296	No	No
g10849.t1	g10849.t1	619	No	No
g10850.t1	g10850.t1	439	No	No
g10851.t1	g10851.t1	228	No	No
g10852.t1	g10852.t1	69	Yes	No
g10853.t1	g10853.t1	224	No	No
g10854.t1	g10854.t1	93	No	No
g10855.t1	g10855.t1	725	No	No
g10856.t1	g10856.t1	334	No	No
g10857.t1	g10857.t1	355	No	No
g10858.t1	g10858.t1	175	No	No
g10859.t1	g10859.t1	551	No	No
g10860.t1	g10860.t1	128	No	No
g10861.t1	g10861.t1	152	No	No
g10862.t1	g10862.t1	2100	No	No
g10863.t1	g10863.t1	473	No	No
g10864.t1	g10864.t1	97	No	No
g10865.t1	g10865.t1	101	No	No
g10866.t1	g10866.t1	236	Yes	No
g10867.t1	g10867.t1	194	No	No
g10868.t1	g10868.t1	648	No	No
g10869.t1	g10869.t1	150	No	No
g10870.t1	g10870.t1	251	No	No
g10871.t1	g10871.t1	531	No	No
g10872.t1	g10872.t1	485	No	No
g10873.t1	g10873.t1	87	No	No
g10874.t1	g10874.t1	2741	No	No
g10875.t1	g10875.t1	100	No	No
g10876.t1	g10876.t1	188	No	No
g10877.t1	g10877.t1	394	No	No
g10878.t1	g10878.t1	160	No	No
g10879.t1	g10879.t1	79	No	No
g10880.t1	g10880.t1	194	No	No
g10881.t1	g10881.t1	83	No	No
g10882.t1	g10882.t1	77	No	No
g10883.t1	g10883.t1	99	No	No
g10884.t1	g10884.t1	81	No	No
g10885.t1	g10885.t1	115	No	No
g10886.t1	g10886.t1	66	No	No
g10887.t1	g10887.t1	54	Yes	No
g10888.t1	g10888.t1	84	No	No
g10889.t1	g10889.t1	82	No	No
g10890.t1	g10890.t1	187	No	No
g10891.t2	g10891.t2	228	No	No
g10892.t1	g10892.t1	40	Yes	No
g10893.t1	g10893.t1	86	No	No
g10894.t1	g10894.t1	125	No	No
g10895.t1	g10895.t1	376	No	No
g10896.t1	g10896.t1	259	No	No
g10897.t1	g10897.t1	75	No	No
g10898.t1	g10898.t1	454	No	No
g10899.t1	g10899.t1	94	No	No
g10900.t1	g10900.t1	770	Yes	No
g10901.t1	g10901.t1	185	No	No
g10902.t1	g10902.t1	124	No	No
g10903.t1	g10903.t1	168	No	No
g10904.t1	g10904.t1	161	No	No
g10905.t1	g10905.t1	231	No	No
g10906.t1	g10906.t1	239	No	No
g10907.t1	g10907.t1	305	No	No
g10908.t1	g10908.t1	103	Yes	No
g10909.t1	g10909.t1	82	Yes	No
g10910.t1	g10910.t1	466	No	No
g10911.t1	g10911.t1	272	No	No
g10912.t1	g10912.t1	37	Yes	No
g10913.t1	g10913.t1	98	No	No
g10914.t1	g10914.t1	106	No	No
g10915.t1	g10915.t1	1156	No	No
g10916.t1	g10916.t1	112	No	No
g10917.t3	g10917.t3	615	No	No
g10918.t1	g10918.t1	109	No	No
g10919.t1	g10919.t1	143	No	No
g10920.t1	g10920.t1	652	No	No
g10921.t1	g10921.t1	86	No	No
g10922.t1	g10922.t1	108	No	No
g10923.t2	g10923.t2	876	No	No
g10924.t1	g10924.t1	1597	No	No
g10925.t1	g10925.t1	101	No	No
g10926.t1	g10926.t1	310	No	No
g10927.t1	g10927.t1	111	Yes	No
g10928.t1	g10928.t1	179	No	No
g10929.t1	g10929.t1	1468	No	No
g10930.t1	g10930.t1	71	No	No
g10931.t1	g10931.t1	87	No	No
g10932.t1	g10932.t1	81	Yes	No
g10933.t1	g10933.t1	143	No	No
g10934.t1	g10934.t1	76	No	No
g10935.t1	g10935.t1	186	No	No
g10936.t1	g10936.t1	190	No	No
g10937.t1	g10937.t1	176	No	No
g10938.t1	g10938.t1	76	No	No
g10939.t1	g10939.t1	73	No	No
g10940.t1	g10940.t1	120	No	No
g10941.t1	g10941.t1	1041	No	No
g10942.t1	g10942.t1	362	No	No
g10943.t1	g10943.t1	213	No	No
g10944.t1	g10944.t1	102	No	No
g10945.t1	g10945.t1	107	No	No
g10946.t1	g10946.t1	231	No	No
g10947.t1	g10947.t1	429	No	No
g10948.t1	g10948.t1	181	No	No
g10949.t1	g10949.t1	345	No	No
g10950.t1	g10950.t1	673	No	No
g10951.t1	g10951.t1	126	No	No
g10952.t1	g10952.t1	563	No	No
g10953.t1	g10953.t1	344	No	No
g10954.t1	g10954.t1	71	No	No
g10955.t1	g10955.t1	1450	No	No
g10956.t1	g10956.t1	249	No	No
g10957.t1	g10957.t1	595	No	No
g10958.t1	g10958.t1	265	No	No
g10959.t1	g10959.t1	268	No	No
g10960.t1	g10960.t1	470	No	No
g10961.t1	g10961.t1	73	No	No
g10962.t1	g10962.t1	100	No	No
g10963.t1	g10963.t1	223	No	No
g10964.t1	g10964.t1	85	No	No
g10965.t1	g10965.t1	138	No	No
g10966.t1	g10966.t1	125	No	No
g10967.t2	g10967.t2	680	No	No
g10968.t1	g10968.t1	362	No	No
g10969.t1	g10969.t1	153	No	No
g10970.t1	g10970.t1	1402	No	No
g10971.t1	g10971.t1	1084	No	No
g10972.t1	g10972.t1	128	No	No
g10973.t1	g10973.t1	305	No	No
g10974.t1	g10974.t1	149	No	No
g10975.t1	g10975.t1	154	No	No
g10976.t2	g10976.t2	236	No	No
g10977.t1	g10977.t1	461	No	No
g10978.t1	g10978.t1	105	No	No
g10979.t1	g10979.t1	426	Yes	No
g10980.t1	g10980.t1	107	No	No
g10981.t1	g10981.t1	309	No	No
g10982.t1	g10982.t1	410	No	No
g10983.t1	g10983.t1	123	No	No
g10984.t1	g10984.t1	270	No	No
g10985.t1	g10985.t1	71	No	No
g10986.t1	g10986.t1	388	No	No
g10987.t1	g10987.t1	127	No	No
g10988.t1	g10988.t1	184	No	No
g10989.t1	g10989.t1	96	No	No
g10990.t1	g10990.t1	626	No	No
g10991.t2	g10991.t2	1437	No	No
g10992.t1	g10992.t1	110	No	No
g10993.t1	g10993.t1	309	No	No
g10994.t1	g10994.t1	117	No	No
g10995.t1	g10995.t1	165	No	No
g10996.t1	g10996.t1	82	No	No
g10997.t1	g10997.t1	1658	No	No
g10998.t1	g10998.t1	607	No	No
g10999.t1	g10999.t1	290	No	No
g11000.t1	g11000.t1	211	No	No
g11001.t1	g11001.t1	88	No	No
g11002.t1	g11002.t1	194	Yes	No
g11003.t1	g11003.t1	100	No	No
g11004.t1	g11004.t1	67	No	No
g11005.t1	g11005.t1	72	No	No
g11006.t1	g11006.t1	118	No	No
g11007.t1	g11007.t1	3712	No	No
g11008.t1	g11008.t1	613	No	No
g11009.t2	g11009.t2	1569	No	No
g11010.t1	g11010.t1	70	No	No
g11011.t1	g11011.t1	214	No	No
g11012.t1	g11012.t1	530	No	No
g11013.t1	g11013.t1	509	No	No
g11014.t1	g11014.t1	513	No	No
g11015.t1	g11015.t1	511	No	No
g11016.t1	g11016.t1	122	No	No
g11017.t1	g11017.t1	243	Yes	No
g11018.t1	g11018.t1	95	No	No
g11019.t1	g11019.t1	871	No	No
g11020.t1	g11020.t1	108	No	No
g11021.t1	g11021.t1	178	Yes	No
g11022.t1	g11022.t1	65	No	No
g11023.t1	g11023.t1	73	No	No
g11024.t1	g11024.t1	195	No	No
g11025.t1	g11025.t1	379	No	No
g11026.t1	g11026.t1	329	No	No
g11027.t1	g11027.t1	72	No	No
g11028.t1	g11028.t1	72	No	No
g11029.t1	g11029.t1	202	No	No
g11030.t2	g11030.t2	841	No	No
g11031.t1	g11031.t1	393	No	No
g11032.t1	g11032.t1	784	No	No
g11033.t1	g11033.t1	348	No	No
g11034.t1	g11034.t1	505	No	No
g11035.t1	g11035.t1	36	No	No
g11036.t1	g11036.t1	85	No	No
g11037.t1	g11037.t1	275	No	No
g11038.t1	g11038.t1	144	No	No
g11039.t1	g11039.t1	135	No	No
g11040.t1	g11040.t1	126	No	No
g11041.t1	g11041.t1	104	No	No
g11042.t1	g11042.t1	183	No	No
g11043.t1	g11043.t1	758	Yes	No
g11044.t1	g11044.t1	508	Yes	No
g11045.t1	g11045.t1	210	Yes	No
g11046.t1	g11046.t1	70	No	No
g11047.t1	g11047.t1	86	No	No
g11048.t1	g11048.t1	461	No	No
g11049.t1	g11049.t1	295	No	No
g11050.t1	g11050.t1	125	No	No
g11051.t1	g11051.t1	807	Yes	No
g11052.t1	g11052.t1	78	No	No
g11053.t1	g11053.t1	153	No	No
g11054.t1	g11054.t1	721	No	No
g11055.t1	g11055.t1	443	No	No
g11056.t1	g11056.t1	456	No	No
g11057.t1	g11057.t1	232	No	No
g11058.t1	g11058.t1	213	No	No
g11059.t1	g11059.t1	118	No	No
g11060.t1	g11060.t1	63	Yes	No
g11061.t1	g11061.t1	98	No	No
g11062.t1	g11062.t1	664	No	No
g11063.t1	g11063.t1	224	No	No
g11064.t1	g11064.t1	184	No	No
g11065.t1	g11065.t1	116	No	No
g11066.t1	g11066.t1	1048	No	No
g11067.t1	g11067.t1	309	No	No
g11068.t2	g11068.t2	1133	No	No
g11069.t1	g11069.t1	271	No	No
g11070.t1	g11070.t1	485	No	No
g11071.t1	g11071.t1	72	No	No
g11072.t2	g11072.t2	388	No	No
g11073.t1	g11073.t1	405	No	No
g11074.t1	g11074.t1	305	No	No
g11075.t1	g11075.t1	142	No	No
g11076.t1	g11076.t1	203	No	No
g11077.t1	g11077.t1	199	Yes	No
g11078.t1	g11078.t1	24	Yes	No
g11079.t2	g11079.t2	841	No	No
g11080.t1	g11080.t1	461	No	No
g11081.t1	g11081.t1	221	No	No
g11082.t2	g11082.t2	206	No	No
g11083.t1	g11083.t1	620	Yes	No
g11084.t3	g11084.t3	562	No	No
g11085.t1	g11085.t1	725	No	No
g11086.t1	g11086.t1	271	No	No
g11087.t1	g11087.t1	376	Yes	No
g11088.t2	g11088.t2	122	No	No
g11089.t1	g11089.t1	277	No	No
g11090.t1	g11090.t1	141	Yes	No
g11091.t1	g11091.t1	196	No	No
g11092.t1	g11092.t1	306	No	No
g11093.t1	g11093.t1	386	No	No
g11094.t1	g11094.t1	162	No	No
g11095.t1	g11095.t1	276	No	No
g11096.t1	g11096.t1	100	No	No
g11097.t1	g11097.t1	571	No	No
g11098.t1	g11098.t1	220	No	No
g11099.t1	g11099.t1	2838	No	No
g11100.t1	g11100.t1	266	Yes	No
g11101.t1	g11101.t1	107	No	No
g11102.t1	g11102.t1	2282	No	No
g11103.t1	g11103.t1	310	No	No
g11104.t1	g11104.t1	258	No	No
g11105.t1	g11105.t1	324	No	No
g11106.t1	g11106.t1	82	No	No
g11107.t1	g11107.t1	130	No	No
g11108.t1	g11108.t1	781	No	No
g11109.t1	g11109.t1	155	No	No
g11110.t1	g11110.t1	188	No	No
g11111.t1	g11111.t1	272	No	No
g11112.t1	g11112.t1	1030	No	No
g11113.t1	g11113.t1	250	No	No
g11114.t1	g11114.t1	129	No	No
g11115.t1	g11115.t1	76	No	No
g11116.t1	g11116.t1	357	No	No
g11117.t1	g11117.t1	158	No	No
g11118.t1	g11118.t1	631	No	No
g11119.t1	g11119.t1	229	No	No
g11120.t1	g11120.t1	490	No	No
g11121.t1	g11121.t1	669	No	No
g11122.t1	g11122.t1	396	No	No
g11123.t1	g11123.t1	134	Yes	No
g11124.t1	g11124.t1	289	No	No
g11125.t1	g11125.t1	468	No	No
g11126.t1	g11126.t1	1128	No	No
g11127.t1	g11127.t1	135	No	No
g11128.t1	g11128.t1	494	No	No
g11129.t1	g11129.t1	243	No	No
g11130.t1	g11130.t1	187	No	No
g11131.t1	g11131.t1	207	No	No
g11132.t1	g11132.t1	70	No	No
g11133.t1	g11133.t1	397	No	No
g11134.t2	g11134.t2	2697	No	No
g11135.t1	g11135.t1	360	No	No
g11136.t1	g11136.t1	85	No	No
g11137.t1	g11137.t1	332	No	No
g11138.t1	g11138.t1	131	No	No
g11139.t1	g11139.t1	543	No	No
g11140.t1	g11140.t1	109	No	No
g11141.t1	g11141.t1	258	Yes	No
g11142.t1	g11142.t1	182	No	No
g11143.t1	g11143.t1	148	No	No
g11144.t1	g11144.t1	1898	No	No
g11145.t1	g11145.t1	3852	No	No
g11146.t1	g11146.t1	92	No	No
g11147.t1	g11147.t1	85	No	No
g11148.t1	g11148.t1	430	No	No
g11149.t1	g11149.t1	86	No	No
g11150.t1	g11150.t1	39	Yes	No
g11151.t1	g11151.t1	118	No	No
g11152.t1	g11152.t1	348	No	No
g11153.t1	g11153.t1	244	No	No
g11154.t1	g11154.t1	1006	No	No
g11155.t1	g11155.t1	453	No	No
g11156.t1	g11156.t1	48	No	No
g11157.t1	g11157.t1	82	No	No
g11158.t1	g11158.t1	141	No	No
g11159.t1	g11159.t1	117	No	No
g11160.t1	g11160.t1	161	No	No
g11161.t1	g11161.t1	146	No	No
g11162.t1	g11162.t1	267	No	No
g11163.t1	g11163.t1	326	No	No
g11164.t1	g11164.t1	488	No	No
g11165.t1	g11165.t1	488	No	No
g11166.t1	g11166.t1	193	No	No
g11167.t1	g11167.t1	280	No	No
g11168.t1	g11168.t1	404	No	No
g11169.t1	g11169.t1	341	No	No
g11170.t1	g11170.t1	222	No	No
g11171.t2	g11171.t2	717	No	No
g11172.t1	g11172.t1	183	Yes	No
g11173.t1	g11173.t1	1083	No	No
g11174.t1	g11174.t1	117	No	No
g11175.t1	g11175.t1	603	No	No
g11176.t1	g11176.t1	723	No	No
g11177.t1	g11177.t1	123	No	No
g11178.t1	g11178.t1	301	No	No
g11179.t1	g11179.t1	128	No	No
g11180.t1	g11180.t1	76	No	No
g11181.t1	g11181.t1	146	No	No
g11182.t1	g11182.t1	113	No	No
g11183.t1	g11183.t1	67	Yes	No
g11184.t1	g11184.t1	163	No	No
g11185.t1	g11185.t1	513	No	No
g11186.t1	g11186.t1	170	No	No
g11187.t1	g11187.t1	150	No	No
g11188.t1	g11188.t1	342	No	No
g11189.t1	g11189.t1	82	No	No
g11190.t1	g11190.t1	118	No	No
g11191.t1	g11191.t1	207	No	No
g11192.t1	g11192.t1	83	No	No
g11193.t1	g11193.t1	103	No	No
g11194.t1	g11194.t1	142	No	No
g11195.t1	g11195.t1	153	No	No
g11196.t1	g11196.t1	311	No	No
g11197.t1	g11197.t1	96	No	No
g11198.t1	g11198.t1	186	No	No
g11199.t1	g11199.t1	192	No	No
g11200.t1	g11200.t1	207	No	No
g11201.t2	g11201.t2	262	No	No
g11202.t1	g11202.t1	210	No	No
g11203.t1	g11203.t1	93	No	No
g11204.t1	g11204.t1	152	No	No
g11205.t1	g11205.t1	169	No	No
g11206.t1	g11206.t1	363	No	No
g11207.t1	g11207.t1	158	No	No
g11208.t1	g11208.t1	87	No	No
g11209.t1	g11209.t1	703	No	No
g11210.t1	g11210.t1	482	No	No
g11211.t1	g11211.t1	54	No	No
g11212.t1	g11212.t1	129	No	No
g11213.t1	g11213.t1	176	No	No
g11214.t1	g11214.t1	262	No	No
g11215.t1	g11215.t1	68	No	No
g11216.t1	g11216.t1	284	No	No
g11217.t1	g11217.t1	136	No	No
g11218.t1	g11218.t1	130	No	No
g11219.t1	g11219.t1	84	No	No
g11220.t1	g11220.t1	264	No	No
g11221.t1	g11221.t1	133	No	No
g11222.t1	g11222.t1	175	No	No
g11223.t1	g11223.t1	99	No	No
g11224.t1	g11224.t1	989	No	No
g11225.t1	g11225.t1	81	No	No
g11226.t1	g11226.t1	382	No	No
g11227.t1	g11227.t1	331	No	No
g11228.t1	g11228.t1	305	No	No
g11229.t1	g11229.t1	167	No	No
g11230.t1	g11230.t1	93	No	No
g11231.t1	g11231.t1	514	No	No
g11232.t2	g11232.t2	1504	No	No
g11233.t1	g11233.t1	401	No	No
g11234.t1	g11234.t1	332	No	No
g11235.t1	g11235.t1	331	No	No
g11236.t1	g11236.t1	274	No	No
g11237.t1	g11237.t1	273	No	No
g11238.t2	g11238.t2	140	No	No
g11239.t1	g11239.t1	1266	No	No
g11240.t1	g11240.t1	577	No	No
g11241.t1	g11241.t1	97	No	No
g11242.t1	g11242.t1	295	No	No
g11243.t2	g11243.t2	277	No	No
g11244.t1	g11244.t1	303	No	No
g11245.t1	g11245.t1	104	No	No
g11246.t1	g11246.t1	159	No	No
g11247.t1	g11247.t1	470	Yes	No
g11248.t1	g11248.t1	228	Yes	No
g11249.t1	g11249.t1	133	No	No
g11250.t1	g11250.t1	604	Yes	No
g11251.t1	g11251.t1	80	No	No
g11252.t1	g11252.t1	394	No	No
g11253.t1	g11253.t1	128	No	No
g11254.t1	g11254.t1	78	No	No
g11255.t1	g11255.t1	97	No	No
g11256.t2	g11256.t2	713	Yes	No
g11257.t1	g11257.t1	652	No	No
g11258.t1	g11258.t1	212	Yes	No
g11259.t1	g11259.t1	263	No	No
g11260.t1	g11260.t1	907	No	No
g11261.t1	g11261.t1	420	No	No
g11262.t1	g11262.t1	179	No	No
g11263.t1	g11263.t1	126	No	No
g11264.t1	g11264.t1	172	No	No
g11265.t1	g11265.t1	431	No	No
g11266.t1	g11266.t1	198	No	No
g11267.t1	g11267.t1	288	No	No
g11268.t1	g11268.t1	104	No	No
g11269.t1	g11269.t1	357	No	No
g11270.t1	g11270.t1	389	No	No
g11271.t1	g11271.t1	434	No	No
g11272.t1	g11272.t1	101	Yes	No
g11273.t1	g11273.t1	474	Yes	No
g11274.t1	g11274.t1	266	No	No
g11275.t1	g11275.t1	38	Yes	No
g11276.t1	g11276.t1	106	No	No
g11277.t1	g11277.t1	201	No	No
g11278.t1	g11278.t1	372	No	No
g11279.t1	g11279.t1	285	No	No
g11280.t1	g11280.t1	174	No	No
g11281.t1	g11281.t1	173	No	No
g11282.t1	g11282.t1	238	No	No
g11283.t1	g11283.t1	109	No	No
g11284.t1	g11284.t1	135	No	No
g11285.t1	g11285.t1	222	No	No
g11286.t1	g11286.t1	242	No	No
g11287.t1	g11287.t1	325	No	No
g11288.t1	g11288.t1	84	No	No
g11289.t1	g11289.t1	203	No	No
g11290.t1	g11290.t1	311	No	No
g11291.t1	g11291.t1	196	No	No
g11292.t1	g11292.t1	332	No	No
g11293.t1	g11293.t1	82	No	No
g11294.t1	g11294.t1	308	No	No
g11295.t2	g11295.t2	866	No	No
g11296.t1	g11296.t1	77	No	No
g11297.t1	g11297.t1	97	No	No
g11298.t1	g11298.t1	135	No	No
g11299.t1	g11299.t1	304	No	No
g11300.t1	g11300.t1	155	No	No
g11301.t2	g11301.t2	2605	No	No
g11302.t1	g11302.t1	356	No	No
g11303.t1	g11303.t1	385	No	No
g11304.t1	g11304.t1	117	No	No
g11305.t1	g11305.t1	117	Yes	No
g11306.t1	g11306.t1	90	Yes	No
g11307.t1	g11307.t1	66	Yes	No
g11308.t1	g11308.t1	224	No	No
g11309.t1	g11309.t1	3913	No	No
g11310.t1	g11310.t1	193	No	No
g11311.t1	g11311.t1	2454	Yes	No
g11312.t1	g11312.t1	149	No	No
g11313.t1	g11313.t1	123	No	No
g11314.t1	g11314.t1	291	No	No
g11315.t1	g11315.t1	270	No	No
g11316.t1	g11316.t1	433	No	No
g11317.t1	g11317.t1	215	No	No
g11318.t1	g11318.t1	115	No	No
g11319.t1	g11319.t1	624	No	No
g11320.t1	g11320.t1	107	No	No
g11321.t1	g11321.t1	320	No	No
g11322.t1	g11322.t1	171	No	No
g11323.t1	g11323.t1	1241	No	No
g11324.t1	g11324.t1	657	No	No
g11325.t1	g11325.t1	679	No	No
g11326.t1	g11326.t1	320	No	No
g11327.t1	g11327.t1	302	No	No
g11328.t2	g11328.t2	300	No	No
g11329.t1	g11329.t1	1088	No	No
g11330.t1	g11330.t1	168	No	No
g11331.t1	g11331.t1	272	No	No
g11332.t1	g11332.t1	299	No	No
g11333.t1	g11333.t1	179	No	No
g11334.t5	g11334.t5	1045	No	No
g11335.t1	g11335.t1	1786	No	No
g11336.t1	g11336.t1	2973	No	No
g11337.t1	g11337.t1	442	No	No
g11338.t1	g11338.t1	316	No	No
g11339.t1	g11339.t1	401	No	No
g11340.t1	g11340.t1	82	No	No
g11341.t1	g11341.t1	143	No	No
g11342.t1	g11342.t1	226	No	No
g11343.t1	g11343.t1	331	No	No
g11344.t1	g11344.t1	74	No	No
g11345.t1	g11345.t1	391	No	No
g11346.t1	g11346.t1	393	No	No
g11347.t1	g11347.t1	87	No	No
g11348.t1	g11348.t1	81	No	No
g11349.t1	g11349.t1	485	No	No
g11350.t1	g11350.t1	84	No	No
g11351.t1	g11351.t1	526	No	No
g11352.t1	g11352.t1	98	No	No
g11353.t1	g11353.t1	404	No	No
g11354.t1	g11354.t1	109	No	No
g11355.t1	g11355.t1	115	No	No
g11356.t1	g11356.t1	98	No	No
g11357.t1	g11357.t1	355	No	No
g11358.t1	g11358.t1	127	No	No
g11359.t1	g11359.t1	139	No	No
g11360.t1	g11360.t1	471	No	No
g11361.t1	g11361.t1	94	No	No
g11362.t1	g11362.t1	165	No	No
g11363.t1	g11363.t1	279	No	No
g11364.t1	g11364.t1	559	No	No
g11365.t1	g11365.t1	1074	No	No
g11366.t1	g11366.t1	2009	Yes	No
g11367.t1	g11367.t1	282	No	No
g11368.t1	g11368.t1	230	No	No
g11369.t1	g11369.t1	53	No	No
g11370.t1	g11370.t1	220	No	No
g11371.t1	g11371.t1	531	No	No
g11372.t1	g11372.t1	945	No	No
g11373.t1	g11373.t1	702	No	No
g11374.t1	g11374.t1	292	No	No
g11375.t1	g11375.t1	282	No	No
g11376.t1	g11376.t1	282	No	No
g11377.t1	g11377.t1	642	No	No
g11378.t1	g11378.t1	362	No	No
g11379.t1	g11379.t1	68	No	No
g11380.t1	g11380.t1	400	No	No
g11381.t1	g11381.t1	230	No	No
g11382.t1	g11382.t1	242	No	No
g11383.t1	g11383.t1	285	No	No
g11384.t1	g11384.t1	260	No	No
g11385.t1	g11385.t1	344	No	No
g11386.t1	g11386.t1	591	No	No
g11387.t1	g11387.t1	417	No	No
g11388.t2	g11388.t2	404	No	No
g11389.t1	g11389.t1	119	No	No
g11390.t1	g11390.t1	115	No	No
g11391.t1	g11391.t1	297	No	No
g11392.t1	g11392.t1	924	No	No
g11393.t1	g11393.t1	416	No	No
g11394.t1	g11394.t1	435	No	No
g11395.t2	g11395.t2	1337	No	No
g11396.t1	g11396.t1	370	No	No
g11397.t1	g11397.t1	55	No	No
g11398.t1	g11398.t1	372	No	No
g11399.t2	g11399.t2	1152	No	No
g11400.t1	g11400.t1	142	No	No
g11401.t1	g11401.t1	989	No	No
g11402.t1	g11402.t1	224	No	No
g11403.t1	g11403.t1	155	No	No
g11404.t1	g11404.t1	495	No	No
g11405.t1	g11405.t1	68	Yes	No
g11406.t1	g11406.t1	392	No	No
g11407.t1	g11407.t1	663	No	No
g11408.t1	g11408.t1	317	No	No
g11409.t1	g11409.t1	770	No	No
g11410.t1	g11410.t1	138	No	No
g11411.t1	g11411.t1	95	No	No
g11412.t1	g11412.t1	68	No	No
g11413.t1	g11413.t1	82	Yes	No
g11414.t1	g11414.t1	152	No	No
g11415.t1	g11415.t1	406	No	No
g11416.t1	g11416.t1	115	No	No
g11417.t1	g11417.t1	510	Yes	No
g11418.t1	g11418.t1	457	No	No
g11419.t1	g11419.t1	164	No	No
g11420.t1	g11420.t1	196	No	No
g11421.t1	g11421.t1	285	No	No
g11422.t1	g11422.t1	272	No	No
g11423.t1	g11423.t1	351	No	No
g11424.t1	g11424.t1	300	Yes	No
g11425.t1	g11425.t1	68	Yes	No
g11426.t1	g11426.t1	138	No	No
g11427.t1	g11427.t1	574	No	No
g11428.t1	g11428.t1	258	No	No
g11429.t1	g11429.t1	66	No	No
g11430.t1	g11430.t1	184	No	No
g11431.t1	g11431.t1	646	No	No
g11432.t1	g11432.t1	720	No	No
g11433.t1	g11433.t1	353	No	No
g11434.t1	g11434.t1	747	No	No
g11435.t1	g11435.t1	273	No	No
g11436.t1	g11436.t1	147	No	No
g11437.t1	g11437.t1	291	No	No
g11438.t1	g11438.t1	253	No	No
g11439.t1	g11439.t1	148	No	No
g11440.t1	g11440.t1	532	No	No
g11441.t1	g11441.t1	95	No	No
g11442.t1	g11442.t1	390	No	No
g11443.t1	g11443.t1	595	No	No
g11444.t1	g11444.t1	518	No	No
g11445.t1	g11445.t1	226	No	No
g11446.t1	g11446.t1	293	No	No
g11447.t1	g11447.t1	111	No	No
g11448.t1	g11448.t1	545	No	No
g11449.t1	g11449.t1	250	No	No
g11450.t1	g11450.t1	193	No	No
g11451.t1	g11451.t1	208	No	No
g11452.t1	g11452.t1	395	No	No
g11453.t1	g11453.t1	261	No	No
g11454.t1	g11454.t1	156	No	No
g11455.t1	g11455.t1	255	No	No
g11456.t1	g11456.t1	124	No	No
g11457.t1	g11457.t1	101	No	No
g11458.t1	g11458.t1	154	No	No
g11459.t1	g11459.t1	51	Yes	No
g11460.t1	g11460.t1	75	No	No
g11461.t1	g11461.t1	75	No	No
g11462.t1	g11462.t1	75	No	No
g11463.t1	g11463.t1	302	No	No
g11464.t1	g11464.t1	190	No	No
g11465.t1	g11465.t1	437	No	No
g11466.t1	g11466.t1	228	No	No
g11467.t1	g11467.t1	623	No	No
g11468.t1	g11468.t1	730	No	No
g11469.t1	g11469.t1	90	No	No
g11470.t1	g11470.t1	261	No	No
g11471.t1	g11471.t1	365	No	No
g11472.t1	g11472.t1	588	No	No
g11473.t1	g11473.t1	100	No	No
g11474.t1	g11474.t1	459	No	No
g11475.t1	g11475.t1	249	No	No
g11476.t1	g11476.t1	128	No	No
g11477.t1	g11477.t1	659	No	No
g11478.t1	g11478.t1	2273	Yes	No
g11479.t1	g11479.t1	1538	No	No
g11480.t1	g11480.t1	189	Yes	No
g11481.t1	g11481.t1	1171	Yes	No
g11482.t1	g11482.t1	154	No	No
g11483.t1	g11483.t1	2431	No	No
g11484.t1	g11484.t1	1212	No	No
g11485.t1	g11485.t1	179	No	No
g11486.t1	g11486.t1	144	No	No
g11487.t1	g11487.t1	340	No	No
g11488.t1	g11488.t1	139	No	No
g11489.t1	g11489.t1	330	No	No
g11490.t1	g11490.t1	222	No	No
g11491.t1	g11491.t1	90	No	No
g11492.t1	g11492.t1	172	Yes	No
g11493.t1	g11493.t1	131	No	No
g11494.t1	g11494.t1	116	No	No
g11495.t1	g11495.t1	88	No	No
g11496.t1	g11496.t1	220	No	No
g11497.t1	g11497.t1	154	No	No
g11498.t1	g11498.t1	125	No	No
g11499.t1	g11499.t1	134	No	No
g11500.t1	g11500.t1	414	No	No
g11501.t1	g11501.t1	251	No	No
g11502.t1	g11502.t1	83	No	No
g11503.t1	g11503.t1	58	Yes	No
g11504.t1	g11504.t1	144	No	No
g11505.t1	g11505.t1	759	No	No
g11506.t1	g11506.t1	272	No	No
g11507.t1	g11507.t1	334	No	No
g11508.t1	g11508.t1	413	No	No
g11509.t2	g11509.t2	763	No	No
g11510.t1	g11510.t1	89	No	No
g11511.t1	g11511.t1	110	No	No
g11512.t1	g11512.t1	299	No	No
g11513.t1	g11513.t1	343	No	No
g11514.t1	g11514.t1	79	No	No
g11515.t3	g11515.t3	1188	No	No
g11516.t1	g11516.t1	57	Yes	No
g11517.t1	g11517.t1	245	No	No
g11518.t1	g11518.t1	193	No	No
g11519.t1	g11519.t1	87	No	No
g11520.t1	g11520.t1	81	No	No
g11521.t1	g11521.t1	80	No	No
g11522.t1	g11522.t1	79	No	No
g11523.t1	g11523.t1	270	No	No
g11524.t1	g11524.t1	131	No	No
g11525.t1	g11525.t1	105	No	No
g11526.t1	g11526.t1	79	No	No
g11527.t1	g11527.t1	492	No	No
g11528.t1	g11528.t1	250	No	No
g11529.t1	g11529.t1	222	Yes	No
g11530.t1	g11530.t1	140	No	No
g11531.t1	g11531.t1	136	Yes	No
g11532.t1	g11532.t1	247	No	No
g11533.t1	g11533.t1	184	No	No
g11534.t1	g11534.t1	251	No	No
g11535.t1	g11535.t1	450	No	No
g11536.t1	g11536.t1	105	No	No
g11537.t1	g11537.t1	125	No	No
g11538.t1	g11538.t1	103	No	No
g11539.t1	g11539.t1	105	No	No
g11540.t1	g11540.t1	545	No	No
g11541.t1	g11541.t1	745	No	No
g11542.t1	g11542.t1	432	No	No
g11543.t1	g11543.t1	252	No	No
g11544.t1	g11544.t1	495	No	No
g11545.t1	g11545.t1	301	No	No
g11546.t1	g11546.t1	498	No	No
g11547.t1	g11547.t1	455	No	No
g11548.t1	g11548.t1	830	No	No
g11549.t1	g11549.t1	881	No	No
g11550.t1	g11550.t1	114	No	No
g11551.t1	g11551.t1	144	No	No
g11552.t1	g11552.t1	921	No	No
g11553.t1	g11553.t1	102	No	No
g11554.t1	g11554.t1	82	No	No
g11555.t1	g11555.t1	492	No	No
g11556.t1	g11556.t1	100	No	No
g11557.t1	g11557.t1	111	Yes	No
g11558.t1	g11558.t1	380	No	No
g11559.t1	g11559.t1	389	No	No
g11560.t1	g11560.t1	838	No	No
g11561.t1	g11561.t1	214	No	No
g11562.t1	g11562.t1	145	No	No
g11563.t1	g11563.t1	95	No	No
g11564.t1	g11564.t1	97	No	No
g11565.t1	g11565.t1	379	No	No
g11566.t1	g11566.t1	343	No	No
g11567.t1	g11567.t1	365	No	No
g11568.t1	g11568.t1	343	No	No
g11569.t1	g11569.t1	601	Yes	No
g11570.t1	g11570.t1	89	No	No
g11571.t1	g11571.t1	137	No	No
g11572.t1	g11572.t1	81	No	No
g11573.t1	g11573.t1	626	No	No
g11574.t1	g11574.t1	538	No	No
g11575.t1	g11575.t1	119	No	No
g11576.t1	g11576.t1	117	No	No
g11577.t1	g11577.t1	93	No	No
g11578.t1	g11578.t1	1079	No	No
g11579.t1	g11579.t1	517	No	No
g11580.t3	g11580.t3	956	Yes	No
g11581.t1	g11581.t1	102	Yes	No
g11582.t1	g11582.t1	260	No	No
g11583.t1	g11583.t1	490	No	No
g11584.t1	g11584.t1	414	No	No
g11585.t2	g11585.t2	1162	No	No
g11586.t1	g11586.t1	213	Yes	No
g11587.t1	g11587.t1	269	No	No
g11588.t1	g11588.t1	164	No	No
g11589.t1	g11589.t1	282	No	No
g11590.t1	g11590.t1	281	Yes	No
g11591.t1	g11591.t1	159	No	No
g11592.t2	g11592.t2	947	No	No
g11593.t1	g11593.t1	544	No	No
g11594.t1	g11594.t1	555	No	No
g11595.t1	g11595.t1	87	No	No
g11596.t1	g11596.t1	319	No	No
g11597.t1	g11597.t1	94	No	No
g11598.t1	g11598.t1	162	No	No
g11599.t1	g11599.t1	1176	No	No
g11600.t1	g11600.t1	600	No	No
g11601.t1	g11601.t1	626	No	No
g11602.t1	g11602.t1	89	No	No
g11603.t2	g11603.t2	726	Yes	No
g11604.t1	g11604.t1	300	No	No
g11605.t1	g11605.t1	223	No	No
g11606.t1	g11606.t1	184	No	No
g11607.t1	g11607.t1	127	No	No
g11608.t1	g11608.t1	545	Yes	No
g11609.t1	g11609.t1	218	No	No
g11610.t1	g11610.t1	198	Yes	No
g11611.t1	g11611.t1	117	No	No
g11612.t1	g11612.t1	224	No	No
g11613.t1	g11613.t1	119	No	No
g11614.t1	g11614.t1	104	No	No
g11615.t1	g11615.t1	183	No	No
g11616.t1	g11616.t1	92	No	No
g11617.t1	g11617.t1	109	No	No
g11618.t1	g11618.t1	97	No	No
g11619.t1	g11619.t1	76	No	No
g11620.t1	g11620.t1	738	No	No
g11621.t1	g11621.t1	74	No	No
g11622.t1	g11622.t1	617	No	No
g11623.t1	g11623.t1	413	No	No
g11624.t1	g11624.t1	1585	No	No
g11625.t1	g11625.t1	205	No	No
g11626.t1	g11626.t1	322	No	No
g11627.t1	g11627.t1	526	No	No
g11628.t1	g11628.t1	158	No	No
g11629.t1	g11629.t1	768	No	No
g11630.t1	g11630.t1	183	No	No
g11631.t1	g11631.t1	277	No	No
g11632.t1	g11632.t1	228	No	No
g11633.t1	g11633.t1	313	No	No
g11634.t1	g11634.t1	183	No	No
g11635.t1	g11635.t1	335	Yes	No
g11636.t1	g11636.t1	301	Yes	No
g11637.t1	g11637.t1	154	No	No
g11638.t1	g11638.t1	264	No	No
g11639.t1	g11639.t1	183	No	No
g11640.t2	g11640.t2	276	No	No
g11641.t1	g11641.t1	408	No	No
g11642.t1	g11642.t1	134	No	No
g11643.t1	g11643.t1	190	Yes	No
g11644.t1	g11644.t1	1281	No	No
g11645.t1	g11645.t1	208	No	No
g11646.t1	g11646.t1	180	No	No
g11647.t1	g11647.t1	67	No	No
g11648.t1	g11648.t1	159	No	No
g11649.t1	g11649.t1	178	Yes	No
g11650.t1	g11650.t1	79	No	No
g11651.t1	g11651.t1	456	No	No
g11652.t1	g11652.t1	2373	Yes	No
g11653.t1	g11653.t1	71	No	No
g11654.t1	g11654.t1	77	No	No
g11655.t1	g11655.t1	71	No	No
g11656.t1	g11656.t1	276	No	No
g11657.t1	g11657.t1	588	No	No
g11658.t1	g11658.t1	537	No	No
g11659.t1	g11659.t1	133	No	No
g11660.t2	g11660.t2	1749	No	No
g11661.t1	g11661.t1	119	No	No
g11662.t1	g11662.t1	413	No	No
g11663.t1	g11663.t1	83	Yes	No
g11664.t1	g11664.t1	46	No	No
g11665.t1	g11665.t1	261	No	No
g11666.t1	g11666.t1	259	No	No
g11667.t1	g11667.t1	73	No	No
g11668.t1	g11668.t1	241	No	No
g11669.t1	g11669.t1	267	No	No
g11670.t1	g11670.t1	590	No	No
g11671.t1	g11671.t1	84	No	No
g11672.t1	g11672.t1	118	No	No
g11673.t1	g11673.t1	236	No	No
g11674.t1	g11674.t1	420	No	No
g11675.t1	g11675.t1	515	Yes	No
g11676.t1	g11676.t1	99	No	No
g11677.t1	g11677.t1	309	No	No
g11678.t1	g11678.t1	107	No	No
g11679.t1	g11679.t1	74	No	No
g11680.t1	g11680.t1	95	No	No
g11681.t1	g11681.t1	96	No	No
g11682.t1	g11682.t1	101	No	No
g11683.t1	g11683.t1	92	No	No
g11684.t1	g11684.t1	145	No	No
g11685.t1	g11685.t1	300	No	No
g11686.t1	g11686.t1	90	No	No
g11687.t1	g11687.t1	70	Yes	No
g11688.t1	g11688.t1	140	No	No
g11689.t1	g11689.t1	208	No	No
g11690.t1	g11690.t1	336	No	No
g11691.t1	g11691.t1	155	No	No
g11692.t1	g11692.t1	139	No	No
g11693.t1	g11693.t1	603	No	No
g11694.t1	g11694.t1	88	No	No
g11695.t1	g11695.t1	467	No	No
g11696.t1	g11696.t1	320	No	No
g11697.t1	g11697.t1	91	No	No
g11698.t1	g11698.t1	144	No	No
g11699.t1	g11699.t1	202	No	No
g11700.t2	g11700.t2	1000	Yes	No
g11701.t1	g11701.t1	142	No	No
g11702.t1	g11702.t1	139	No	No
g11703.t1	g11703.t1	1512	No	No
g11704.t1	g11704.t1	2352	No	No
g11705.t1	g11705.t1	837	No	No
g11706.t1	g11706.t1	184	Yes	No
g11707.t1	g11707.t1	344	No	No
g11708.t1	g11708.t1	93	No	No
g11709.t1	g11709.t1	169	No	No
g11710.t1	g11710.t1	131	No	No
g11711.t1	g11711.t1	202	No	No
g11712.t1	g11712.t1	462	No	No
g11713.t1	g11713.t1	181	No	No
g11714.t1	g11714.t1	157	No	No
g11715.t1	g11715.t1	765	No	No
g11716.t1	g11716.t1	1378	No	No
g11717.t1	g11717.t1	356	Yes	No
g11718.t1	g11718.t1	23	Yes	No
g11719.t1	g11719.t1	823	No	No
g11720.t1	g11720.t1	76	No	No
g11721.t1	g11721.t1	822	No	No
g11722.t1	g11722.t1	66	No	No
g11723.t2	g11723.t2	886	No	No
g11724.t1	g11724.t1	117	No	No
g11725.t1	g11725.t1	452	No	No
g11726.t1	g11726.t1	148	No	No
g11727.t1	g11727.t1	146	No	No
g11728.t1	g11728.t1	551	No	No
g11729.t1	g11729.t1	56	Yes	No
g11730.t1	g11730.t1	105	No	No
g11731.t4	g11731.t4	1178	No	No
g11732.t1	g11732.t1	291	No	No
g11733.t1	g11733.t1	111	No	No
g11734.t1	g11734.t1	110	No	No
g11735.t1	g11735.t1	115	No	No
g11736.t1	g11736.t1	144	No	No
g11737.t1	g11737.t1	213	No	No
g11738.t1	g11738.t1	163	No	No
g11739.t1	g11739.t1	170	No	No
g11740.t1	g11740.t1	110	No	No
g11741.t1	g11741.t1	474	No	No
g11742.t1	g11742.t1	102	No	No
g11743.t1	g11743.t1	564	No	No
g11744.t1	g11744.t1	142	No	No
g11745.t1	g11745.t1	103	No	No
g11746.t1	g11746.t1	217	No	No
g11747.t1	g11747.t1	660	No	No
g11748.t1	g11748.t1	72	No	No
g11749.t1	g11749.t1	726	No	No
g11750.t2	g11750.t2	593	No	No
g11751.t1	g11751.t1	390	No	No
g11752.t1	g11752.t1	406	No	No
g11753.t1	g11753.t1	295	No	No
g11754.t1	g11754.t1	263	No	No
g11755.t1	g11755.t1	490	No	No
g11756.t1	g11756.t1	229	No	No
g11757.t1	g11757.t1	345	No	No
g11758.t1	g11758.t1	756	No	No
g11759.t2	g11759.t2	192	No	No
g11760.t1	g11760.t1	188	Yes	No
g11761.t1	g11761.t1	116	No	No
g11762.t1	g11762.t1	209	No	No
g11763.t1	g11763.t1	80	No	No
g11764.t1	g11764.t1	307	No	No
g11765.t1	g11765.t1	366	Yes	No
g11766.t1	g11766.t1	289	No	No
g11767.t1	g11767.t1	938	No	No
g11768.t1	g11768.t1	144	Yes	No
g11769.t1	g11769.t1	159	No	No
g11770.t1	g11770.t1	134	No	No
g11771.t1	g11771.t1	272	No	No
g11772.t1	g11772.t1	299	No	No
g11773.t1	g11773.t1	255	No	No
g11774.t1	g11774.t1	210	No	No
g11775.t1	g11775.t1	398	No	No
g11776.t1	g11776.t1	1162	No	No
g11777.t2	g11777.t2	554	No	No
g11778.t1	g11778.t1	480	No	No
g11779.t1	g11779.t1	75	No	No
g11780.t1	g11780.t1	425	No	No
g11781.t1	g11781.t1	130	No	No
g11782.t2	g11782.t2	79	No	No
g11783.t1	g11783.t1	284	No	No
g11784.t1	g11784.t1	302	No	No
g11785.t1	g11785.t1	263	No	No
g11786.t1	g11786.t1	182	No	No
g11787.t1	g11787.t1	243	No	No
g11788.t1	g11788.t1	101	No	No
g11789.t1	g11789.t1	362	No	No
g11790.t2	g11790.t2	283	No	No
g11791.t1	g11791.t1	188	No	No
g11792.t1	g11792.t1	100	No	No
g11793.t1	g11793.t1	207	No	No
g11794.t1	g11794.t1	402	No	No
g11795.t1	g11795.t1	403	No	No
g11796.t1	g11796.t1	269	No	No
g11797.t1	g11797.t1	98	No	No
g11798.t1	g11798.t1	194	No	No
g11799.t1	g11799.t1	408	No	No
g11800.t1	g11800.t1	262	Yes	No
g11801.t1	g11801.t1	566	No	No
g11802.t1	g11802.t1	44	No	No
g11803.t1	g11803.t1	930	No	No
g11804.t1	g11804.t1	82	No	No
g11805.t1	g11805.t1	83	No	No
g11806.t1	g11806.t1	357	No	No
g11807.t1	g11807.t1	53	Yes	No
g11808.t1	g11808.t1	594	No	No
g11809.t1	g11809.t1	668	No	No
g11810.t1	g11810.t1	284	No	No
g11811.t1	g11811.t1	387	No	No
g11812.t1	g11812.t1	138	No	No
g11813.t1	g11813.t1	126	No	No
g11814.t1	g11814.t1	129	No	No
g11815.t1	g11815.t1	1159	No	No
g11816.t1	g11816.t1	157	No	No
g11817.t1	g11817.t1	198	Yes	No
g11818.t1	g11818.t1	105	No	No
g11819.t1	g11819.t1	580	No	No
g11820.t1	g11820.t1	277	No	No
g11821.t1	g11821.t1	313	No	No
g11822.t1	g11822.t1	810	No	No
g11823.t1	g11823.t1	506	No	No
g11824.t1	g11824.t1	256	No	No
g11825.t1	g11825.t1	231	No	No
g11826.t1	g11826.t1	396	No	No
g11827.t1	g11827.t1	89	Yes	No
g11828.t1	g11828.t1	1386	No	No
g11829.t1	g11829.t1	3821	No	No
g11830.t1	g11830.t1	435	No	No
g11831.t1	g11831.t1	159	No	No
g11832.t1	g11832.t1	123	No	No
g11833.t1	g11833.t1	237	No	No
g11834.t1	g11834.t1	1498	No	No
g11835.t1	g11835.t1	168	No	No
g11836.t1	g11836.t1	352	No	No
g11837.t1	g11837.t1	195	No	No
g11838.t1	g11838.t1	124	No	No
g11839.t1	g11839.t1	165	No	No
g11840.t1	g11840.t1	92	No	No
g11841.t1	g11841.t1	160	No	No
g11842.t1	g11842.t1	180	Yes	No
g11843.t1	g11843.t1	64	Yes	No
g11844.t1	g11844.t1	657	No	No
g11845.t1	g11845.t1	418	Yes	No
g11846.t1	g11846.t1	114	No	No
g11847.t1	g11847.t1	644	No	No
g11848.t1	g11848.t1	430	No	No
g11849.t1	g11849.t1	86	No	No
g11850.t1	g11850.t1	272	No	No
g11851.t1	g11851.t1	202	No	No
g11852.t1	g11852.t1	158	No	No
g11853.t1	g11853.t1	193	No	No
g11854.t1	g11854.t1	1211	No	No
g11855.t1	g11855.t1	622	No	No
g11856.t1	g11856.t1	272	No	No
g11857.t1	g11857.t1	246	No	No
g11858.t1	g11858.t1	179	No	No
g11859.t1	g11859.t1	389	No	No
g11860.t1	g11860.t1	399	No	No
g11861.t1	g11861.t1	438	No	No
g11862.t1	g11862.t1	940	No	No
g11863.t1	g11863.t1	86	No	No
g11864.t1	g11864.t1	78	No	No
g11865.t1	g11865.t1	224	No	No
g11866.t1	g11866.t1	466	No	No
g11867.t1	g11867.t1	331	No	No
g11868.t1	g11868.t1	483	No	No
g11869.t1	g11869.t1	1094	No	No
g11870.t3	g11870.t3	461	No	No
g11871.t1	g11871.t1	490	No	No
g11872.t1	g11872.t1	333	No	No
g11873.t1	g11873.t1	142	No	No
g11874.t1	g11874.t1	305	No	No
g11875.t1	g11875.t1	238	No	No
g11876.t1	g11876.t1	561	No	No
g11877.t1	g11877.t1	981	No	No
g11878.t1	g11878.t1	89	No	No
g11879.t1	g11879.t1	106	No	No
g11880.t1	g11880.t1	239	No	No
g11881.t1	g11881.t1	131	No	No
g11882.t1	g11882.t1	86	No	No
g11883.t1	g11883.t1	85	No	No
g11884.t1	g11884.t1	127	No	No
g11885.t1	g11885.t1	121	No	No
g11886.t2	g11886.t2	447	No	No
g11887.t1	g11887.t1	343	No	No
g11888.t1	g11888.t1	363	No	No
g11889.t1	g11889.t1	486	No	No
g11890.t1	g11890.t1	302	No	No
g11891.t1	g11891.t1	182	No	No
g11892.t1	g11892.t1	127	No	No
g11893.t1	g11893.t1	340	No	No
g11894.t1	g11894.t1	170	Yes	No
g11895.t1	g11895.t1	314	No	No
g11896.t1	g11896.t1	860	Yes	No
g11897.t1	g11897.t1	716	No	No
g11898.t1	g11898.t1	515	No	No
g11899.t1	g11899.t1	282	No	No
g11900.t1	g11900.t1	149	Yes	No
g11901.t1	g11901.t1	78	No	No
g11902.t1	g11902.t1	177	No	No
g11903.t2	g11903.t2	390	No	No
g11904.t1	g11904.t1	337	No	No
g11905.t1	g11905.t1	201	No	No
g11906.t2	g11906.t2	137	No	No
g11907.t1	g11907.t1	579	No	No
g11908.t1	g11908.t1	209	No	No
g11909.t1	g11909.t1	534	No	No
g11910.t1	g11910.t1	238	No	No
g11911.t1	g11911.t1	136	No	No
g11912.t1	g11912.t1	118	Yes	No
g11913.t1	g11913.t1	49	Yes	No
g11914.t1	g11914.t1	493	No	No
g11915.t1	g11915.t1	929	No	No
g11916.t1	g11916.t1	487	No	No
g11917.t1	g11917.t1	516	No	No
g11918.t1	g11918.t1	302	No	No
g11919.t1	g11919.t1	233	No	No
g11920.t1	g11920.t1	269	No	No
g11921.t1	g11921.t1	938	No	No
g11922.t1	g11922.t1	946	No	No
g11923.t1	g11923.t1	978	No	No
g11924.t1	g11924.t1	741	No	No
g11925.t1	g11925.t1	213	No	No
g11926.t1	g11926.t1	251	No	No
g11927.t1	g11927.t1	214	No	No
g11928.t1	g11928.t1	652	Yes	No
g11929.t1	g11929.t1	324	No	No
g11930.t1	g11930.t1	108	No	No
g11931.t1	g11931.t1	898	No	No
g11932.t1	g11932.t1	81	No	No
g11933.t1	g11933.t1	420	No	No
g11934.t1	g11934.t1	199	No	No
g11935.t1	g11935.t1	269	No	No
g11936.t1	g11936.t1	859	No	No
g11937.t1	g11937.t1	84	No	No
g11938.t1	g11938.t1	152	No	No
g11939.t1	g11939.t1	76	No	No
g11940.t1	g11940.t1	101	No	No
g11941.t1	g11941.t1	370	Yes	No
g11942.t1	g11942.t1	256	Yes	No
g11943.t1	g11943.t1	265	No	No
g11944.t1	g11944.t1	583	No	No
g11945.t1	g11945.t1	571	No	No
g11946.t1	g11946.t1	164	No	No
g11947.t1	g11947.t1	147	No	No
g11948.t1	g11948.t1	317	Yes	No
g11949.t1	g11949.t1	105	No	No
g11950.t1	g11950.t1	310	No	No
g11951.t1	g11951.t1	311	No	No
g11952.t1	g11952.t1	311	No	No
g11953.t1	g11953.t1	837	No	No
g11954.t1	g11954.t1	62	No	No
g11955.t1	g11955.t1	146	No	No
g11956.t1	g11956.t1	116	No	No
g11957.t1	g11957.t1	844	No	No
g11958.t1	g11958.t1	74	No	No
g11959.t1	g11959.t1	807	No	No
g11960.t1	g11960.t1	43	Yes	No
g11961.t1	g11961.t1	368	No	No
g11962.t1	g11962.t1	1205	No	No
g11963.t1	g11963.t1	656	No	No
g11964.t1	g11964.t1	531	No	No
g11965.t1	g11965.t1	543	No	No
g11966.t1	g11966.t1	450	No	No
g11967.t1	g11967.t1	160	No	No
g11968.t1	g11968.t1	99	No	No
g11969.t1	g11969.t1	127	No	No
g11970.t1	g11970.t1	69	No	No
g11971.t1	g11971.t1	120	No	No
g11972.t1	g11972.t1	102	No	No
g11973.t1	g11973.t1	66	No	No
g11974.t1	g11974.t1	81	No	No
g11975.t1	g11975.t1	125	No	No
g11976.t1	g11976.t1	80	No	No
g11977.t1	g11977.t1	331	No	No
g11978.t1	g11978.t1	118	No	No
g11979.t1	g11979.t1	177	No	No
g11980.t2	g11980.t2	613	No	No
g11981.t1	g11981.t1	166	No	No
g11982.t1	g11982.t1	260	No	No
g11983.t1	g11983.t1	68	No	No
g11984.t1	g11984.t1	75	No	No
g11985.t2	g11985.t2	485	No	No
g11986.t1	g11986.t1	418	No	No
g11987.t1	g11987.t1	1726	No	No
g11988.t1	g11988.t1	286	No	No
g11989.t1	g11989.t1	85	No	No
g11990.t2	g11990.t2	398	No	No
g11991.t1	g11991.t1	616	No	No
g11992.t1	g11992.t1	197	Yes	No
g11993.t1	g11993.t1	202	No	No
g11994.t1	g11994.t1	250	No	No
g11995.t1	g11995.t1	389	No	No
g11996.t1	g11996.t1	68	No	No
g11997.t1	g11997.t1	333	Yes	No
g11998.t1	g11998.t1	151	No	No
g11999.t1	g11999.t1	359	No	No
g12000.t1	g12000.t1	97	No	No
g12001.t1	g12001.t1	496	No	No
g12002.t1	g12002.t1	71	No	No
g12003.t1	g12003.t1	996	No	No
g12004.t1	g12004.t1	233	No	No
g12005.t1	g12005.t1	134	No	No
g12006.t1	g12006.t1	185	No	No
g12007.t1	g12007.t1	165	No	No
g12008.t1	g12008.t1	270	No	No
g12009.t1	g12009.t1	499	No	No
g12010.t1	g12010.t1	307	No	No
g12011.t1	g12011.t1	1814	No	No
g12012.t1	g12012.t1	548	No	No
g12013.t1	g12013.t1	153	No	No
g12014.t1	g12014.t1	66	No	No
g12015.t1	g12015.t1	247	Yes	No
g12016.t1	g12016.t1	278	No	No
g12017.t1	g12017.t1	251	Yes	No
g12018.t1	g12018.t1	108	No	No
g12019.t1	g12019.t1	91	No	No
g12020.t1	g12020.t1	92	No	No
g12021.t2	g12021.t2	977	No	No
g12022.t1	g12022.t1	388	No	No
g12023.t1	g12023.t1	242	No	No
g12024.t1	g12024.t1	233	No	No
g12025.t2	g12025.t2	233	No	No
g12026.t1	g12026.t1	308	No	No
g12027.t1	g12027.t1	262	No	No
g12028.t1	g12028.t1	218	No	No
g12029.t1	g12029.t1	321	No	No
g12030.t1	g12030.t1	415	No	No
g12031.t1	g12031.t1	664	No	No
g12032.t1	g12032.t1	260	Yes	No
g12033.t1	g12033.t1	440	No	No
g12034.t1	g12034.t1	127	No	No
g12035.t3	g12035.t3	1388	No	No
g12036.t1	g12036.t1	439	No	No
g12037.t1	g12037.t1	205	No	No
g12038.t1	g12038.t1	124	No	No
g12039.t1	g12039.t1	85	No	No
g12040.t1	g12040.t1	443	No	No
g12041.t2	g12041.t2	428	No	No
g12042.t1	g12042.t1	670	No	No
g12043.t1	g12043.t1	407	No	No
g12044.t1	g12044.t1	175	No	No
g12045.t1	g12045.t1	213	No	No
g12046.t1	g12046.t1	1290	No	No
g12047.t1	g12047.t1	873	No	No
g12048.t1	g12048.t1	393	No	No
g12049.t1	g12049.t1	112	No	No
g12050.t1	g12050.t1	195	No	No
g12051.t1	g12051.t1	414	No	No
g12052.t1	g12052.t1	133	No	No
g12053.t2	g12053.t2	498	No	No
g12054.t1	g12054.t1	254	No	No
g12055.t1	g12055.t1	97	No	No
g12056.t1	g12056.t1	200	No	No
g12057.t1	g12057.t1	529	No	No
g12058.t1	g12058.t1	87	No	No
g12059.t1	g12059.t1	126	No	No
g12060.t1	g12060.t1	74	No	No
g12061.t1	g12061.t1	142	No	No
g12062.t1	g12062.t1	308	No	No
g12063.t1	g12063.t1	66	No	No
g12064.t1	g12064.t1	184	No	No
g12065.t1	g12065.t1	53	No	No
g12066.t1	g12066.t1	72	No	No
g12067.t1	g12067.t1	1706	No	No
g12068.t1	g12068.t1	128	No	No
g12069.t1	g12069.t1	359	No	No
g12070.t1	g12070.t1	190	Yes	No
g12071.t1	g12071.t1	410	No	No
g12072.t1	g12072.t1	88	No	No
g12073.t1	g12073.t1	119	No	No
g12074.t1	g12074.t1	114	No	No
g12075.t1	g12075.t1	68	No	No
g12076.t1	g12076.t1	224	No	No
g12077.t1	g12077.t1	356	No	No
g12078.t1	g12078.t1	243	No	No
g12079.t1	g12079.t1	56	Yes	No
g12080.t1	g12080.t1	390	No	No
g12081.t1	g12081.t1	342	No	No
g12082.t1	g12082.t1	566	No	No
g12083.t1	g12083.t1	141	No	No
g12084.t1	g12084.t1	231	No	No
g12085.t1	g12085.t1	456	No	No
g12086.t1	g12086.t1	583	No	No
g12087.t1	g12087.t1	405	No	No
g12088.t1	g12088.t1	349	No	No
g12089.t1	g12089.t1	274	No	No
g12090.t1	g12090.t1	466	No	No
g12091.t1	g12091.t1	157	No	No
g12092.t1	g12092.t1	1754	No	No
g12093.t1	g12093.t1	140	No	No
g12094.t1	g12094.t1	321	No	No
g12095.t1	g12095.t1	487	No	No
g12096.t1	g12096.t1	194	No	No
g12097.t1	g12097.t1	165	No	No
g12098.t1	g12098.t1	571	No	No
g12099.t1	g12099.t1	524	No	No
g12100.t1	g12100.t1	224	No	No
g12101.t1	g12101.t1	371	No	No
g12102.t1	g12102.t1	78	No	No
g12103.t1	g12103.t1	600	No	No
g12104.t1	g12104.t1	214	No	No
g12105.t1	g12105.t1	196	No	No
g12106.t1	g12106.t1	222	No	No
g12107.t1	g12107.t1	136	No	No
g12108.t1	g12108.t1	122	No	No
g12109.t1	g12109.t1	772	No	No
g12110.t1	g12110.t1	387	No	No
g12111.t1	g12111.t1	338	No	No
g12112.t1	g12112.t1	945	No	No
g12113.t1	g12113.t1	399	No	No
g12114.t1	g12114.t1	1588	No	No
g12115.t1	g12115.t1	526	No	No
g12116.t1	g12116.t1	517	No	No
g12117.t1	g12117.t1	216	No	No
g12118.t1	g12118.t1	1380	No	No
g12119.t1	g12119.t1	731	No	No
g12120.t1	g12120.t1	88	No	No
g12121.t1	g12121.t1	87	No	No
g12122.t1	g12122.t1	200	No	No
g12123.t1	g12123.t1	95	No	No
g12124.t1	g12124.t1	99	No	No
g12125.t1	g12125.t1	306	No	No
g12126.t1	g12126.t1	72	No	No
g12127.t1	g12127.t1	146	No	No
g12128.t1	g12128.t1	111	No	No
g12129.t1	g12129.t1	150	No	No
g12130.t1	g12130.t1	508	No	No
g12131.t1	g12131.t1	238	No	No
g12132.t2	g12132.t2	372	No	No
g12133.t1	g12133.t1	265	No	No
g12134.t1	g12134.t1	624	No	No
g12135.t1	g12135.t1	535	No	No
g12136.t1	g12136.t1	842	No	No
g12137.t1	g12137.t1	229	No	No
g12138.t1	g12138.t1	92	No	No
g12139.t1	g12139.t1	953	No	No
g12140.t1	g12140.t1	145	No	No
g12141.t1	g12141.t1	133	No	No
g12142.t1	g12142.t1	69	No	No
g12143.t1	g12143.t1	240	No	No
g12144.t1	g12144.t1	186	No	No
g12145.t1	g12145.t1	138	No	No
g12146.t1	g12146.t1	379	No	No
g12147.t1	g12147.t1	1393	No	No
g12148.t1	g12148.t1	131	No	No
g12149.t1	g12149.t1	536	No	No
g12150.t1	g12150.t1	384	No	No
g12151.t1	g12151.t1	474	No	No
g12152.t1	g12152.t1	338	No	No
g12153.t1	g12153.t1	331	No	No
g12154.t1	g12154.t1	184	No	No
g12155.t1	g12155.t1	126	No	No
g12156.t1	g12156.t1	411	No	No
g12157.t1	g12157.t1	199	No	No
g12158.t1	g12158.t1	412	No	No
g12159.t3	g12159.t3	592	No	No
g12160.t1	g12160.t1	303	No	No
g12161.t1	g12161.t1	231	No	No
g12162.t1	g12162.t1	259	No	No
g12163.t1	g12163.t1	231	No	No
g12164.t1	g12164.t1	455	No	No
g12165.t1	g12165.t1	216	No	No
g12166.t1	g12166.t1	106	No	No
g12167.t1	g12167.t1	224	No	No
g12168.t1	g12168.t1	40	No	No
g12169.t1	g12169.t1	675	No	No
g12170.t1	g12170.t1	627	No	No
g12171.t1	g12171.t1	2477	No	No
g12172.t1	g12172.t1	440	No	No
g12173.t1	g12173.t1	417	No	No
g12174.t1	g12174.t1	524	No	No
g12175.t1	g12175.t1	519	No	No
g12176.t1	g12176.t1	519	No	No
g12177.t1	g12177.t1	1092	No	No
g12178.t1	g12178.t1	479	No	No
g12179.t1	g12179.t1	1788	No	No
g12180.t1	g12180.t1	494	No	No
g12181.t1	g12181.t1	202	No	No
g12182.t1	g12182.t1	750	No	No
g12183.t1	g12183.t1	171	No	No
g12184.t1	g12184.t1	471	No	No
g12185.t1	g12185.t1	473	No	No
g12186.t1	g12186.t1	284	No	No
g12187.t1	g12187.t1	851	No	No
g12188.t1	g12188.t1	92	No	No
g12189.t1	g12189.t1	546	No	No
g12190.t1	g12190.t1	71	No	No
g12191.t1	g12191.t1	79	No	No
g12192.t1	g12192.t1	134	No	No
g12193.t1	g12193.t1	178	No	No
g12194.t1	g12194.t1	180	No	No
g12195.t1	g12195.t1	105	No	No
g12196.t1	g12196.t1	827	No	No
g12197.t1	g12197.t1	135	No	No
g12198.t1	g12198.t1	90	No	No
g12199.t1	g12199.t1	203	No	No
g12200.t1	g12200.t1	70	Yes	No
g12201.t1	g12201.t1	171	No	No
g12202.t2	g12202.t2	510	No	No
g12203.t1	g12203.t1	237	No	No
g12204.t1	g12204.t1	142	No	No
g12205.t1	g12205.t1	87	No	No
g12206.t1	g12206.t1	170	No	No
g12207.t1	g12207.t1	70	No	No
g12208.t1	g12208.t1	363	No	No
g12209.t1	g12209.t1	257	No	No
g12210.t1	g12210.t1	293	No	No
g12211.t1	g12211.t1	175	No	No
g12212.t1	g12212.t1	114	No	No
g12213.t2	g12213.t2	414	No	No
g12214.t1	g12214.t1	327	No	No
g12215.t1	g12215.t1	168	No	No
g12216.t1	g12216.t1	83	No	No
g12217.t1	g12217.t1	76	No	No
g12218.t1	g12218.t1	118	No	No
g12219.t1	g12219.t1	70	No	No
g12220.t1	g12220.t1	96	No	No
g12221.t1	g12221.t1	96	No	No
g12222.t1	g12222.t1	126	No	No
g12223.t1	g12223.t1	131	No	No
g12224.t1	g12224.t1	100	No	No
g12225.t1	g12225.t1	194	No	No
g12226.t1	g12226.t1	491	No	No
g12227.t1	g12227.t1	56	No	No
g12228.t1	g12228.t1	1076	No	No
g12229.t1	g12229.t1	402	No	No
g12230.t1	g12230.t1	183	No	No
g12231.t1	g12231.t1	197	No	No
g12232.t1	g12232.t1	183	No	No
g12233.t2	g12233.t2	479	No	No
g12234.t1	g12234.t1	790	No	No
g12235.t1	g12235.t1	188	No	No
g12236.t1	g12236.t1	274	No	No
g12237.t1	g12237.t1	256	No	No
g12238.t1	g12238.t1	193	No	No
g12239.t1	g12239.t1	142	No	No
g12240.t1	g12240.t1	216	No	No
g12241.t1	g12241.t1	331	No	No
g12242.t1	g12242.t1	333	No	No
g12243.t1	g12243.t1	286	No	No
g12244.t2	g12244.t2	281	No	No
g12245.t1	g12245.t1	1170	No	No
g12246.t1	g12246.t1	364	No	No
g12247.t1	g12247.t1	403	No	No
g12248.t1	g12248.t1	280	No	No
g12249.t1	g12249.t1	75	No	No
g12250.t1	g12250.t1	175	No	No
g12251.t1	g12251.t1	104	No	No
g12252.t1	g12252.t1	102	No	No
g12253.t1	g12253.t1	243	No	No
g12254.t1	g12254.t1	54	No	No
g12255.t1	g12255.t1	1105	No	No
g12256.t1	g12256.t1	189	No	No
g12257.t1	g12257.t1	209	No	No
g12258.t1	g12258.t1	123	Yes	No
g12259.t1	g12259.t1	87	No	No
g12260.t1	g12260.t1	76	No	No
g12261.t1	g12261.t1	827	Yes	No
g12262.t1	g12262.t1	82	No	No
g12263.t1	g12263.t1	141	No	No
g12264.t1	g12264.t1	167	No	No
g12265.t1	g12265.t1	166	No	No
g12266.t1	g12266.t1	672	No	No
g12267.t1	g12267.t1	136	No	No
g12268.t1	g12268.t1	105	No	No
g12269.t1	g12269.t1	85	No	No
g12270.t1	g12270.t1	145	No	No
g12271.t1	g12271.t1	146	No	No
g12272.t1	g12272.t1	1294	No	No
g12273.t1	g12273.t1	192	No	No
g12274.t1	g12274.t1	221	No	No
g12275.t1	g12275.t1	801	No	No
g12276.t1	g12276.t1	147	No	No
g12277.t1	g12277.t1	427	No	No
g12278.t1	g12278.t1	331	No	No
g12279.t1	g12279.t1	126	No	No
g12280.t1	g12280.t1	319	No	No
g12281.t1	g12281.t1	207	No	No
g12282.t1	g12282.t1	265	No	No
g12283.t1	g12283.t1	412	No	No
g12284.t1	g12284.t1	980	No	No
g12285.t1	g12285.t1	508	No	No
g12286.t1	g12286.t1	108	No	No
g12287.t1	g12287.t1	118	No	No
g12288.t1	g12288.t1	581	No	No
g12289.t1	g12289.t1	181	Yes	No
g12290.t1	g12290.t1	444	No	No
g12291.t1	g12291.t1	1391	No	No
g12292.t1	g12292.t1	305	No	No
g12293.t1	g12293.t1	34	Yes	No
g12294.t1	g12294.t1	397	No	No
g12295.t1	g12295.t1	158	No	No
g12296.t1	g12296.t1	136	Yes	No
g12297.t1	g12297.t1	246	No	No
g12298.t1	g12298.t1	794	No	No
g12299.t1	g12299.t1	1540	No	No
g12300.t1	g12300.t1	433	No	No
g12301.t1	g12301.t1	122	No	No
g12302.t1	g12302.t1	175	No	No
g12303.t1	g12303.t1	216	No	No
g12304.t1	g12304.t1	475	No	No
g12305.t1	g12305.t1	419	No	No
g12306.t1	g12306.t1	211	No	No
g12307.t1	g12307.t1	231	No	No
g12308.t1	g12308.t1	212	No	No
g12309.t1	g12309.t1	374	No	No
g12310.t1	g12310.t1	317	No	No
g12311.t1	g12311.t1	230	Yes	No
g12312.t1	g12312.t1	158	No	No
g12313.t1	g12313.t1	1259	No	No
g12314.t1	g12314.t1	1442	Yes	No
g12315.t1	g12315.t1	266	No	No
g12316.t1	g12316.t1	38	Yes	No
g12317.t1	g12317.t1	236	Yes	No
g12318.t1	g12318.t1	451	No	No
g12319.t1	g12319.t1	388	No	No
g12320.t1	g12320.t1	340	No	No
g12321.t1	g12321.t1	558	No	No
g12322.t1	g12322.t1	673	No	No
g12323.t1	g12323.t1	66	No	No
g12324.t1	g12324.t1	232	No	No
g12325.t1	g12325.t1	66	Yes	No
g12326.t1	g12326.t1	133	Yes	No
g12327.t1	g12327.t1	108	No	No
g12328.t1	g12328.t1	664	No	No
g12329.t1	g12329.t1	328	Yes	No
g12330.t1	g12330.t1	347	No	No
g12331.t1	g12331.t1	191	No	No
g12332.t1	g12332.t1	365	No	No
g12333.t1	g12333.t1	1311	No	No
g12334.t1	g12334.t1	288	No	No
g12335.t1	g12335.t1	80	No	No
g12336.t1	g12336.t1	501	No	No
g12337.t1	g12337.t1	3094	No	No
g12338.t1	g12338.t1	280	No	No
g12339.t1	g12339.t1	268	No	No
g12340.t1	g12340.t1	196	No	No
g12341.t1	g12341.t1	360	No	No
g12342.t1	g12342.t1	679	No	No
g12343.t1	g12343.t1	336	No	No
g12344.t1	g12344.t1	189	Yes	No
g12345.t1	g12345.t1	130	Yes	No
g12346.t2	g12346.t2	328	No	No
g12347.t1	g12347.t1	230	Yes	No
g12348.t1	g12348.t1	367	No	No
g12349.t1	g12349.t1	272	No	No
g12350.t1	g12350.t1	177	No	No
g12351.t1	g12351.t1	91	No	No
g12352.t1	g12352.t1	112	No	No
g12353.t1	g12353.t1	79	No	No
g12354.t1	g12354.t1	104	No	No
g12355.t1	g12355.t1	172	No	No
g12356.t1	g12356.t1	170	No	No
g12357.t1	g12357.t1	161	No	No
g12358.t1	g12358.t1	140	No	No
g12359.t1	g12359.t1	105	No	No
g12360.t1	g12360.t1	130	No	No
g12361.t1	g12361.t1	116	No	No
g12362.t1	g12362.t1	143	No	No
g12363.t1	g12363.t1	175	No	No
g12364.t1	g12364.t1	110	No	No
g12365.t1	g12365.t1	189	No	No
g12366.t1	g12366.t1	935	No	No
g12367.t1	g12367.t1	168	No	No
g12368.t1	g12368.t1	226	No	No
g12369.t1	g12369.t1	284	No	No
g12370.t1	g12370.t1	197	No	No
g12371.t1	g12371.t1	111	No	No
g12372.t1	g12372.t1	122	No	No
g12373.t1	g12373.t1	127	No	No
g12374.t1	g12374.t1	295	No	No
g12375.t1	g12375.t1	172	No	No
g12376.t1	g12376.t1	86	No	No
g12377.t1	g12377.t1	122	No	No
g12378.t1	g12378.t1	437	No	No
g12379.t1	g12379.t1	888	No	No
g12380.t1	g12380.t1	157	No	No
g12381.t1	g12381.t1	155	No	No
g12382.t1	g12382.t1	1037	No	No
g12383.t1	g12383.t1	336	No	No
g12384.t1	g12384.t1	70	No	No
g12385.t1	g12385.t1	504	No	No
g12386.t1	g12386.t1	365	No	No
g12387.t1	g12387.t1	466	No	No
g12388.t1	g12388.t1	317	No	No
g12389.t1	g12389.t1	285	No	No
g12390.t1	g12390.t1	180	No	No
g12391.t1	g12391.t1	455	No	No
g12392.t1	g12392.t1	588	No	No
g12393.t1	g12393.t1	1468	No	No
g12394.t1	g12394.t1	906	No	No
g12395.t1	g12395.t1	219	No	No
g12396.t1	g12396.t1	225	No	No
g12397.t1	g12397.t1	208	Yes	No
g12398.t1	g12398.t1	433	No	No
g12399.t1	g12399.t1	428	No	No
g12400.t1	g12400.t1	149	No	No
g12401.t1	g12401.t1	262	No	No
g12402.t1	g12402.t1	618	No	No
g12403.t1	g12403.t1	306	No	No
g12404.t1	g12404.t1	562	No	No
g12405.t1	g12405.t1	546	No	No
g12406.t1	g12406.t1	720	No	No
g12407.t1	g12407.t1	103	No	No
g12408.t1	g12408.t1	137	No	No
g12409.t1	g12409.t1	100	No	No
g12410.t1	g12410.t1	174	No	No
g12411.t1	g12411.t1	581	Yes	No
g12412.t1	g12412.t1	264	No	No
g12413.t1	g12413.t1	95	No	No
g12414.t1	g12414.t1	83	No	No
g12415.t1	g12415.t1	71	Yes	No
g12416.t1	g12416.t1	99	No	No
g12417.t1	g12417.t1	102	No	No
g12418.t1	g12418.t1	385	No	No
g12419.t1	g12419.t1	74	Yes	No
g12420.t1	g12420.t1	77	No	No
g12421.t1	g12421.t1	675	No	No
g12422.t1	g12422.t1	558	No	No
g12423.t1	g12423.t1	67	No	No
g12424.t1	g12424.t1	237	No	No
g12425.t1	g12425.t1	480	No	No
g12426.t1	g12426.t1	134	No	No
g12427.t1	g12427.t1	438	No	No
g12428.t1	g12428.t1	1354	No	No
g12429.t1	g12429.t1	77	No	No
g12430.t1	g12430.t1	93	No	No
g12431.t1	g12431.t1	210	No	No
g12432.t1	g12432.t1	440	No	No
g12433.t1	g12433.t1	673	No	No
g12434.t1	g12434.t1	509	No	No
g12435.t1	g12435.t1	620	No	No
g12436.t1	g12436.t1	110	No	No
g12437.t1	g12437.t1	377	No	No
g12438.t1	g12438.t1	2050	No	No
g12439.t1	g12439.t1	101	No	No
g12440.t1	g12440.t1	389	No	No
g12441.t1	g12441.t1	131	No	No
g12442.t1	g12442.t1	234	No	No
g12443.t1	g12443.t1	382	No	No
g12444.t1	g12444.t1	652	No	No
g12445.t1	g12445.t1	127	No	No
g12446.t1	g12446.t1	159	No	No
g12447.t1	g12447.t1	98	Yes	No
g12448.t1	g12448.t1	490	No	No
g12449.t1	g12449.t1	127	No	No
g12450.t1	g12450.t1	293	No	No
g12451.t1	g12451.t1	372	No	No
g12452.t1	g12452.t1	71	No	No
g12453.t1	g12453.t1	815	No	No
g12454.t1	g12454.t1	271	No	No
g12455.t1	g12455.t1	295	No	No
g12456.t1	g12456.t1	273	No	No
g12457.t2	g12457.t2	181	No	No
g12458.t1	g12458.t1	94	No	No
g12459.t1	g12459.t1	133	No	No
g12460.t1	g12460.t1	86	No	No
g12461.t1	g12461.t1	307	No	No
g12462.t1	g12462.t1	633	No	No
g12463.t1	g12463.t1	67	No	No
g12464.t2	g12464.t2	1556	No	No
g12465.t2	g12465.t2	580	No	No
g12466.t1	g12466.t1	125	No	No
g12467.t1	g12467.t1	618	No	No
g12468.t1	g12468.t1	253	No	No
g12469.t1	g12469.t1	636	Yes	No
g12470.t1	g12470.t1	596	No	No
g12471.t1	g12471.t1	85	No	No
g12472.t1	g12472.t1	535	No	No
g12473.t1	g12473.t1	95	No	No
g12474.t1	g12474.t1	492	No	No
g12475.t1	g12475.t1	701	No	No
g12476.t1	g12476.t1	396	Yes	No
g12477.t1	g12477.t1	2898	No	No
g12478.t1	g12478.t1	1021	No	No
g12479.t1	g12479.t1	183	No	No
g12480.t1	g12480.t1	154	No	No
g12481.t1	g12481.t1	1274	No	No
g12482.t1	g12482.t1	70	No	No
g12483.t1	g12483.t1	428	No	No
g12484.t1	g12484.t1	497	No	No
g12485.t1	g12485.t1	545	No	No
g12486.t1	g12486.t1	918	No	No
g12487.t1	g12487.t1	110	No	No
g12488.t1	g12488.t1	94	No	No
g12489.t1	g12489.t1	66	No	No
g12490.t1	g12490.t1	90	No	No
g12491.t1	g12491.t1	109	No	No
g12492.t1	g12492.t1	193	No	No
g12493.t1	g12493.t1	73	Yes	No
g12494.t1	g12494.t1	156	No	No
g12495.t1	g12495.t1	213	No	No
g12496.t1	g12496.t1	1259	Yes	No
g12497.t1	g12497.t1	819	No	No
g12498.t1	g12498.t1	768	No	No
g12499.t1	g12499.t1	303	No	No
g12500.t2	g12500.t2	173	No	No
g12501.t1	g12501.t1	194	No	No
g12502.t1	g12502.t1	541	No	No
g12503.t1	g12503.t1	472	No	No
g12504.t1	g12504.t1	90	No	No
g12505.t1	g12505.t1	137	No	No
g12506.t1	g12506.t1	220	No	No
g12507.t1	g12507.t1	397	No	No
g12508.t1	g12508.t1	434	Yes	No
g12509.t1	g12509.t1	371	No	No
g12510.t1	g12510.t1	212	No	No
g12511.t1	g12511.t1	239	No	No
g12512.t1	g12512.t1	234	No	No
g12513.t1	g12513.t1	76	No	No
g12514.t1	g12514.t1	118	No	No
g12515.t1	g12515.t1	97	No	No
g12516.t1	g12516.t1	259	No	No
g12517.t1	g12517.t1	105	No	No
g12518.t1	g12518.t1	609	No	No
g12519.t1	g12519.t1	613	No	No
g12520.t1	g12520.t1	263	No	No
g12521.t1	g12521.t1	77	No	No
g12522.t1	g12522.t1	81	No	No
g12523.t2	g12523.t2	362	No	No
g12524.t1	g12524.t1	311	No	No
g12525.t1	g12525.t1	391	No	No
g12526.t1	g12526.t1	151	No	No
g12527.t1	g12527.t1	209	No	No
g12528.t1	g12528.t1	255	No	No
g12529.t1	g12529.t1	213	Yes	No
g12530.t1	g12530.t1	417	No	No
g12531.t1	g12531.t1	30	Yes	No
g12532.t1	g12532.t1	574	No	No
g12533.t1	g12533.t1	1357	No	No
g12534.t1	g12534.t1	243	No	No
g12535.t1	g12535.t1	89	No	No
g12536.t1	g12536.t1	151	Yes	No
g12537.t1	g12537.t1	155	No	No
g12538.t1	g12538.t1	105	No	No
g12539.t1	g12539.t1	362	No	No
g12540.t1	g12540.t1	157	No	No
g12541.t1	g12541.t1	335	No	No
g12542.t1	g12542.t1	158	No	No
g12543.t1	g12543.t1	58	No	No
g12544.t1	g12544.t1	119	No	No
g12545.t1	g12545.t1	175	No	No
g12546.t1	g12546.t1	320	No	No
g12547.t1	g12547.t1	405	No	No
g12548.t1	g12548.t1	329	No	No
g12549.t1	g12549.t1	468	No	No
g12550.t1	g12550.t1	95	No	No
g12551.t1	g12551.t1	262	No	No
g12552.t1	g12552.t1	209	Yes	No
g12553.t1	g12553.t1	385	No	No
g12554.t1	g12554.t1	274	No	No
g12555.t1	g12555.t1	223	No	No
g12556.t1	g12556.t1	251	No	No
g12557.t1	g12557.t1	340	No	No
g12558.t1	g12558.t1	248	No	No
g12559.t1	g12559.t1	763	No	No
g12560.t1	g12560.t1	221	No	No
g12561.t1	g12561.t1	675	No	No
g12562.t1	g12562.t1	162	No	No
g12563.t1	g12563.t1	832	No	No
g12564.t1	g12564.t1	702	No	No
g12565.t1	g12565.t1	650	No	No
g12566.t1	g12566.t1	146	No	No
g12567.t1	g12567.t1	243	No	No
g12568.t1	g12568.t1	242	No	No
g12569.t1	g12569.t1	461	No	No
g12570.t1	g12570.t1	100	No	No
g12571.t1	g12571.t1	70	No	No
g12572.t1	g12572.t1	311	Yes	No
g12573.t1	g12573.t1	342	No	No
g12574.t1	g12574.t1	389	No	No
g12575.t1	g12575.t1	402	No	No
g12576.t1	g12576.t1	500	No	No
g12577.t1	g12577.t1	755	No	No
g12578.t1	g12578.t1	833	No	No
g12579.t1	g12579.t1	452	No	No
g12580.t1	g12580.t1	118	Yes	No
g12581.t1	g12581.t1	416	No	No
g12582.t1	g12582.t1	186	No	No
g12583.t1	g12583.t1	425	No	No
g12584.t1	g12584.t1	536	No	No
g12585.t1	g12585.t1	448	No	No
g12586.t1	g12586.t1	266	No	No
g12587.t1	g12587.t1	361	No	No
g12588.t1	g12588.t1	471	No	No
g12589.t1	g12589.t1	233	No	No
g12590.t1	g12590.t1	584	No	No
g12591.t1	g12591.t1	184	No	No
g12592.t1	g12592.t1	599	No	No
g12593.t1	g12593.t1	561	No	No
g12594.t1	g12594.t1	537	No	No
g12595.t1	g12595.t1	152	No	No
g12596.t1	g12596.t1	212	No	No
g12597.t1	g12597.t1	140	Yes	No
g12598.t1	g12598.t1	230	No	No
g12599.t1	g12599.t1	448	No	No
g12600.t1	g12600.t1	738	No	No
g12601.t1	g12601.t1	2316	No	No
g12602.t1	g12602.t1	106	No	No
g12603.t1	g12603.t1	652	No	No
g12604.t1	g12604.t1	293	No	No
g12605.t1	g12605.t1	342	No	No
g12606.t1	g12606.t1	1485	No	No
g12607.t1	g12607.t1	303	Yes	No
g12608.t2	g12608.t2	882	No	No
g12609.t1	g12609.t1	47	Yes	No
g12610.t1	g12610.t1	489	No	No
g12611.t1	g12611.t1	361	No	No
g12612.t1	g12612.t1	442	No	No
g12613.t1	g12613.t1	107	No	No
g12614.t1	g12614.t1	142	No	No
g12615.t1	g12615.t1	560	No	No
g12616.t1	g12616.t1	767	No	No
g12617.t2	g12617.t2	2279	No	No
g12618.t1	g12618.t1	888	No	No
g12619.t1	g12619.t1	431	No	No
g12620.t1	g12620.t1	139	No	No
g12621.t1	g12621.t1	440	No	No
g12622.t1	g12622.t1	379	No	No
g12623.t1	g12623.t1	928	No	No
g12624.t1	g12624.t1	703	No	No
g12625.t1	g12625.t1	488	No	No
g12626.t1	g12626.t1	95	No	No
g12627.t1	g12627.t1	104	No	No
g12628.t1	g12628.t1	1020	No	No
g12629.t1	g12629.t1	232	No	No
g12630.t1	g12630.t1	589	No	No
g12631.t1	g12631.t1	1073	No	No
g12632.t1	g12632.t1	324	Yes	No
g12633.t2	g12633.t2	285	No	No
g12634.t1	g12634.t1	569	No	No
g12635.t1	g12635.t1	178	No	No
g12636.t1	g12636.t1	187	No	No
g12637.t1	g12637.t1	104	No	No
g12638.t1	g12638.t1	177	No	No
g12639.t1	g12639.t1	249	No	No
g12640.t1	g12640.t1	87	No	No
g12641.t1	g12641.t1	92	No	No
g12642.t1	g12642.t1	101	No	No
g12643.t1	g12643.t1	412	No	No
g12644.t1	g12644.t1	1277	No	No
g12645.t1	g12645.t1	1351	No	No
g12646.t1	g12646.t1	354	No	No
g12647.t1	g12647.t1	88	No	No
g12648.t1	g12648.t1	1263	No	No
g12649.t1	g12649.t1	212	No	No
g12650.t1	g12650.t1	159	No	No
g12651.t1	g12651.t1	103	No	No
g12652.t1	g12652.t1	146	No	No
g12653.t1	g12653.t1	162	No	No
g12654.t1	g12654.t1	108	No	No
g12655.t1	g12655.t1	136	Yes	No
g12656.t1	g12656.t1	521	No	No
g12657.t1	g12657.t1	105	No	No
g12658.t2	g12658.t2	789	No	No
g12659.t1	g12659.t1	133	No	No
g12660.t1	g12660.t1	105	No	No
g12661.t1	g12661.t1	141	No	No
g12662.t1	g12662.t1	928	No	No
g12663.t1	g12663.t1	622	No	No
g12664.t1	g12664.t1	346	No	No
g12665.t1	g12665.t1	327	No	No
g12666.t1	g12666.t1	378	Yes	No
g12667.t1	g12667.t1	312	No	No
g12668.t1	g12668.t1	101	No	No
g12669.t1	g12669.t1	800	No	No
g12670.t1	g12670.t1	319	No	No
g12671.t1	g12671.t1	90	No	No
g12672.t1	g12672.t1	116	No	No
g12673.t1	g12673.t1	108	No	No
g12674.t1	g12674.t1	146	No	No
g12675.t1	g12675.t1	116	No	No
g12676.t1	g12676.t1	82	No	No
g12677.t1	g12677.t1	495	No	No
g12678.t1	g12678.t1	701	No	No
g12679.t1	g12679.t1	82	No	No
g12680.t2	g12680.t2	452	No	No
g12681.t1	g12681.t1	250	No	No
g12682.t1	g12682.t1	206	No	No
g12683.t1	g12683.t1	481	No	No
g12684.t1	g12684.t1	200	Yes	No
g12685.t1	g12685.t1	154	Yes	No
g12686.t1	g12686.t1	170	No	No
g12687.t1	g12687.t1	88	Yes	No
g12688.t1	g12688.t1	122	No	No
g12689.t1	g12689.t1	110	No	No
g12690.t1	g12690.t1	152	No	No
g12691.t1	g12691.t1	208	No	No
g12692.t1	g12692.t1	260	No	No
g12693.t1	g12693.t1	1048	No	No
g12694.t1	g12694.t1	811	No	No
g12695.t1	g12695.t1	152	No	No
g12696.t1	g12696.t1	246	No	No
g12697.t1	g12697.t1	408	No	No
g12698.t1	g12698.t1	136	No	No
g12699.t1	g12699.t1	245	No	No
g12700.t1	g12700.t1	119	No	No
g12701.t1	g12701.t1	170	No	No
g12702.t1	g12702.t1	102	No	No
g12703.t1	g12703.t1	385	No	No
g12704.t1	g12704.t1	174	No	No
g12705.t1	g12705.t1	135	No	No
g12706.t1	g12706.t1	159	No	No
g12707.t1	g12707.t1	219	No	No
g12708.t1	g12708.t1	238	No	No
g12709.t1	g12709.t1	150	No	No
g12710.t1	g12710.t1	100	No	No
g12711.t1	g12711.t1	329	No	No
g12712.t1	g12712.t1	209	No	No
g12713.t1	g12713.t1	121	No	No
g12714.t2	g12714.t2	421	No	No
g12715.t1	g12715.t1	146	No	No
g12716.t1	g12716.t1	766	No	No
g12717.t1	g12717.t1	779	No	No
g12718.t1	g12718.t1	469	Yes	No
g12719.t1	g12719.t1	87	No	No
g12720.t1	g12720.t1	145	Yes	No
g12721.t1	g12721.t1	438	No	No
g12722.t1	g12722.t1	310	No	No
g12723.t1	g12723.t1	131	No	No
g12724.t1	g12724.t1	146	No	No
g12725.t1	g12725.t1	224	Yes	No
g12726.t1	g12726.t1	430	No	No
g12727.t1	g12727.t1	459	Yes	No
g12728.t1	g12728.t1	209	No	No
g12729.t1	g12729.t1	339	No	No
g12730.t1	g12730.t1	113	No	No
g12731.t1	g12731.t1	166	No	No
g12732.t1	g12732.t1	155	No	No
g12733.t2	g12733.t2	383	Yes	No
g12734.t1	g12734.t1	551	No	No
g12735.t1	g12735.t1	587	No	No
g12736.t1	g12736.t1	1084	No	No
g12737.t1	g12737.t1	738	Yes	No
g12738.t2	g12738.t2	151	No	No
g12739.t1	g12739.t1	561	No	No
g12740.t1	g12740.t1	106	No	No
g12741.t1	g12741.t1	344	No	No
g12742.t1	g12742.t1	158	No	No
g12743.t1	g12743.t1	607	No	No
g12744.t1	g12744.t1	507	No	No
g12745.t1	g12745.t1	325	No	No
g12746.t1	g12746.t1	575	No	No
g12747.t1	g12747.t1	111	No	No
g12748.t1	g12748.t1	312	No	No
g12749.t1	g12749.t1	237	No	No
g12750.t1	g12750.t1	367	No	No
g12751.t1	g12751.t1	226	No	No
g12752.t1	g12752.t1	83	No	No
g12753.t1	g12753.t1	295	No	No
g12754.t1	g12754.t1	121	No	No
g12755.t1	g12755.t1	621	No	No
g12756.t1	g12756.t1	43	Yes	No
g12757.t1	g12757.t1	71	No	No
g12758.t1	g12758.t1	125	No	No
g12759.t1	g12759.t1	450	No	No
g12760.t1	g12760.t1	78	No	No
g12761.t1	g12761.t1	1265	No	No
g12762.t2	g12762.t2	140	No	No
g12763.t1	g12763.t1	1075	No	No
g12764.t1	g12764.t1	263	No	No
g12765.t1	g12765.t1	298	No	No
g12766.t1	g12766.t1	208	No	No
g12767.t1	g12767.t1	674	No	No
g12768.t1	g12768.t1	113	No	No
g12769.t1	g12769.t1	99	No	No
g12770.t3	g12770.t3	399	No	No
g12771.t1	g12771.t1	633	No	No
g12772.t1	g12772.t1	273	No	No
g12773.t1	g12773.t1	461	No	No
g12774.t1	g12774.t1	228	No	No
g12775.t1	g12775.t1	203	No	No
g12776.t1	g12776.t1	501	No	No
g12777.t1	g12777.t1	245	No	No
g12778.t2	g12778.t2	413	No	No
g12779.t1	g12779.t1	195	No	No
g12780.t2	g12780.t2	4192	No	No
g12781.t1	g12781.t1	283	No	No
g12782.t1	g12782.t1	392	No	No
g12783.t1	g12783.t1	163	No	No
g12784.t1	g12784.t1	350	No	No
g12785.t1	g12785.t1	513	No	No
g12786.t1	g12786.t1	230	No	No
g12787.t1	g12787.t1	519	No	No
g12788.t1	g12788.t1	345	No	No
g12789.t1	g12789.t1	268	No	No
g12790.t1	g12790.t1	316	No	No
g12791.t1	g12791.t1	236	No	No
g12792.t1	g12792.t1	676	No	No
g12793.t1	g12793.t1	1043	No	No
g12794.t1	g12794.t1	835	No	No
g12795.t1	g12795.t1	267	No	No
g12796.t1	g12796.t1	217	No	No
g12797.t1	g12797.t1	84	Yes	No
g12798.t1	g12798.t1	605	No	No
g12799.t1	g12799.t1	507	No	No
g12800.t1	g12800.t1	366	No	No
g12801.t1	g12801.t1	96	No	No
g12802.t1	g12802.t1	146	No	No
g12803.t1	g12803.t1	222	No	No
g12804.t1	g12804.t1	1725	No	No
g12805.t1	g12805.t1	77	Yes	No
g12806.t1	g12806.t1	152	No	No
g12807.t1	g12807.t1	463	No	No
g12808.t1	g12808.t1	415	No	No
g12809.t1	g12809.t1	295	No	No
g12810.t1	g12810.t1	111	No	No
g12811.t1	g12811.t1	66	No	No
g12812.t1	g12812.t1	408	No	No
g12813.t1	g12813.t1	278	No	No
g12814.t1	g12814.t1	792	No	No
g12815.t1	g12815.t1	364	Yes	No
g12816.t1	g12816.t1	306	No	No
g12817.t1	g12817.t1	920	No	No
g12818.t1	g12818.t1	612	No	No
g12819.t2	g12819.t2	528	No	No
g12820.t1	g12820.t1	787	No	No
g12821.t1	g12821.t1	127	No	No
g12822.t1	g12822.t1	159	No	No
g12823.t1	g12823.t1	111	No	No
g12824.t1	g12824.t1	283	No	No
g12825.t3	g12825.t3	914	No	No
g12826.t1	g12826.t1	812	No	No
g12827.t1	g12827.t1	198	No	No
g12828.t2	g12828.t2	879	No	No
g12829.t1	g12829.t1	463	No	No
g12830.t1	g12830.t1	266	No	No
g12831.t1	g12831.t1	124	No	No
g12832.t1	g12832.t1	140	No	No
g12833.t1	g12833.t1	441	No	No
g12834.t1	g12834.t1	252	No	No
g12835.t1	g12835.t1	284	No	No
g12836.t1	g12836.t1	491	No	No
g12837.t1	g12837.t1	18	Yes	No
g12838.t2	g12838.t2	216	No	No
g12839.t1	g12839.t1	212	Yes	No
g12840.t1	g12840.t1	473	No	No
g12841.t1	g12841.t1	123	Yes	No
g12842.t1	g12842.t1	1393	No	No
g12843.t1	g12843.t1	582	No	No
g12844.t1	g12844.t1	69	No	No
g12845.t1	g12845.t1	118	No	No
g12846.t1	g12846.t1	96	No	No
g12847.t2	g12847.t2	697	No	No
g12848.t1	g12848.t1	69	No	No
g12849.t1	g12849.t1	83	No	No
g12850.t1	g12850.t1	483	No	No
g12851.t1	g12851.t1	93	No	No
g12852.t1	g12852.t1	83	No	No
g12853.t1	g12853.t1	521	No	No
g12854.t1	g12854.t1	87	No	No
g12855.t1	g12855.t1	384	No	No
g12856.t1	g12856.t1	430	No	No
g12857.t1	g12857.t1	113	No	No
g12858.t1	g12858.t1	536	No	No
g12859.t1	g12859.t1	475	No	No
g12860.t1	g12860.t1	132	No	No
g12861.t1	g12861.t1	114	No	No
g12862.t1	g12862.t1	364	No	No
g12863.t1	g12863.t1	349	No	No
g12864.t1	g12864.t1	695	No	No
g12865.t1	g12865.t1	280	No	No
g12866.t1	g12866.t1	323	No	No
g12867.t1	g12867.t1	293	No	No
g12868.t1	g12868.t1	1160	No	No
g12869.t1	g12869.t1	178	No	No
g12870.t1	g12870.t1	162	No	No
g12871.t1	g12871.t1	432	No	No
g12872.t1	g12872.t1	122	No	No
g12873.t1	g12873.t1	644	No	No
g12874.t1	g12874.t1	418	No	No
g12875.t1	g12875.t1	406	No	No
g12876.t1	g12876.t1	110	No	No
g12877.t1	g12877.t1	797	No	No
g12878.t1	g12878.t1	467	No	No
g12879.t1	g12879.t1	519	No	No
g12880.t1	g12880.t1	1598	No	No
g12881.t1	g12881.t1	940	No	No
g12882.t1	g12882.t1	193	No	No
g12883.t1	g12883.t1	184	No	No
g12884.t1	g12884.t1	607	No	No
g12885.t1	g12885.t1	82	No	No
g12886.t1	g12886.t1	276	No	No
g12887.t1	g12887.t1	448	No	No
g12888.t1	g12888.t1	335	No	No
g12889.t1	g12889.t1	339	No	No
g12890.t1	g12890.t1	98	No	No
g12891.t1	g12891.t1	91	No	No
g12892.t1	g12892.t1	104	No	No
g12893.t1	g12893.t1	321	No	No
g12894.t1	g12894.t1	159	No	No
g12895.t1	g12895.t1	415	No	No
g12896.t1	g12896.t1	252	No	No
g12897.t1	g12897.t1	1177	No	No
g12898.t1	g12898.t1	58	No	No
g12899.t1	g12899.t1	309	No	No
g12900.t1	g12900.t1	161	No	No
g12901.t1	g12901.t1	162	Yes	No
g12902.t1	g12902.t1	283	No	No
g12903.t1	g12903.t1	1373	Yes	No
g12904.t1	g12904.t1	103	No	No
g12905.t1	g12905.t1	88	No	No
g12906.t1	g12906.t1	526	No	No
g12907.t1	g12907.t1	360	No	No
g12908.t1	g12908.t1	381	No	No
g12909.t1	g12909.t1	87	No	No
g12910.t1	g12910.t1	72	No	No
g12911.t1	g12911.t1	70	No	No
g12912.t1	g12912.t1	48	Yes	No
g12913.t1	g12913.t1	882	No	No
g12914.t1	g12914.t1	642	No	No
g12915.t1	g12915.t1	513	No	No
g12916.t1	g12916.t1	199	Yes	No
g12917.t1	g12917.t1	1157	No	No
g12918.t1	g12918.t1	201	Yes	No
g12919.t1	g12919.t1	154	No	No
g12920.t1	g12920.t1	669	No	No
g12921.t1	g12921.t1	261	No	No
g12922.t1	g12922.t1	599	No	No
g12923.t1	g12923.t1	89	Yes	No
g12924.t1	g12924.t1	123	No	No
g12925.t1	g12925.t1	153	No	No
g12926.t1	g12926.t1	108	No	No
g12927.t1	g12927.t1	855	No	No
g12928.t1	g12928.t1	111	No	No
g12929.t1	g12929.t1	136	No	No
g12930.t1	g12930.t1	131	No	No
g12931.t1	g12931.t1	85	No	No
g12932.t1	g12932.t1	79	No	No
g12933.t1	g12933.t1	127	No	No
g12934.t1	g12934.t1	136	No	No
g12935.t1	g12935.t1	137	No	No
g12936.t1	g12936.t1	140	No	No
g12937.t1	g12937.t1	324	No	No
g12938.t1	g12938.t1	453	No	No
g12939.t1	g12939.t1	247	No	No
g12940.t1	g12940.t1	410	No	No
g12941.t1	g12941.t1	144	No	No
g12942.t1	g12942.t1	238	No	No
g12943.t2	g12943.t2	153	No	No
g12944.t1	g12944.t1	82	No	No
g12945.t1	g12945.t1	98	No	No
g12946.t1	g12946.t1	85	No	No
g12947.t1	g12947.t1	125	No	No
g12948.t1	g12948.t1	332	No	No
g12949.t1	g12949.t1	521	No	No
g12950.t1	g12950.t1	85	No	No
g12951.t1	g12951.t1	169	No	No
g12952.t1	g12952.t1	121	No	No
g12953.t1	g12953.t1	99	No	No
g12954.t1	g12954.t1	228	No	No
g12955.t1	g12955.t1	198	No	No
g12956.t1	g12956.t1	1263	No	No
g12957.t1	g12957.t1	570	No	No
g12958.t1	g12958.t1	538	No	No
g12959.t1	g12959.t1	133	No	No
g12960.t1	g12960.t1	163	No	No
g12961.t1	g12961.t1	78	No	No
g12962.t1	g12962.t1	79	No	No
g12963.t1	g12963.t1	181	No	No
g12964.t1	g12964.t1	131	No	No
g12965.t1	g12965.t1	852	No	No
g12966.t1	g12966.t1	231	No	No
g12967.t1	g12967.t1	738	No	No
g12968.t1	g12968.t1	498	No	No
g12969.t1	g12969.t1	420	No	No
g12970.t1	g12970.t1	103	No	No
g12971.t1	g12971.t1	101	Yes	No
g12972.t1	g12972.t1	646	No	No
g12973.t1	g12973.t1	1029	No	No
g12974.t1	g12974.t1	211	No	No
g12975.t1	g12975.t1	97	No	No
g12976.t1	g12976.t1	92	No	No
g12977.t1	g12977.t1	121	No	No
g12978.t1	g12978.t1	291	No	No
g12979.t1	g12979.t1	321	No	No
g12980.t1	g12980.t1	355	No	No
g12981.t1	g12981.t1	322	No	No
g12982.t1	g12982.t1	948	No	No
g12983.t1	g12983.t1	48	No	No
g12984.t1	g12984.t1	145	No	No
g12985.t1	g12985.t1	405	No	No
g12986.t1	g12986.t1	917	No	No
g12987.t1	g12987.t1	278	No	No
g12988.t1	g12988.t1	1475	No	No
g12989.t1	g12989.t1	288	No	No
g12990.t1	g12990.t1	290	No	No
g12991.t1	g12991.t1	117	No	No
g12992.t1	g12992.t1	289	No	No
g12993.t1	g12993.t1	231	No	No
g12994.t1	g12994.t1	209	No	No
g12995.t1	g12995.t1	635	No	No
g12996.t1	g12996.t1	220	No	No
g12997.t1	g12997.t1	131	No	No
g12998.t1	g12998.t1	179	No	No
g12999.t1	g12999.t1	88	No	No
g13000.t1	g13000.t1	481	No	No
g13001.t1	g13001.t1	30	Yes	No
g13002.t1	g13002.t1	1970	No	No
g13003.t1	g13003.t1	947	No	No
g13004.t1	g13004.t1	258	No	No
g13005.t1	g13005.t1	366	No	No
g13006.t1	g13006.t1	475	No	No
g13007.t1	g13007.t1	191	No	No
g13008.t1	g13008.t1	110	Yes	No
g13009.t1	g13009.t1	125	No	No
g13010.t1	g13010.t1	485	No	No
g13011.t1	g13011.t1	172	No	No
g13012.t1	g13012.t1	444	No	No
g13013.t1	g13013.t1	280	No	No
g13014.t1	g13014.t1	923	No	No
g13015.t1	g13015.t1	3991	No	No
g13016.t1	g13016.t1	566	No	No
g13017.t1	g13017.t1	280	No	No
g13018.t1	g13018.t1	276	No	No
g13019.t1	g13019.t1	179	Yes	No
g13020.t1	g13020.t1	154	No	No
g13021.t1	g13021.t1	66	No	No
g13022.t1	g13022.t1	446	No	No
g13023.t1	g13023.t1	491	No	No
g13024.t1	g13024.t1	442	No	No
g13025.t1	g13025.t1	390	Yes	No
g13026.t1	g13026.t1	100	No	No
g13027.t1	g13027.t1	374	No	No
g13028.t1	g13028.t1	121	No	No
g13029.t1	g13029.t1	80	No	No
g13030.t1	g13030.t1	88	No	No
g13031.t1	g13031.t1	278	No	No
g13032.t1	g13032.t1	163	No	No
g13033.t1	g13033.t1	220	No	No
g13034.t1	g13034.t1	150	No	No
g13035.t1	g13035.t1	75	No	No
g13036.t1	g13036.t1	125	No	No
g13037.t1	g13037.t1	171	No	No
g13038.t1	g13038.t1	401	No	No
g13039.t2	g13039.t2	441	No	No
g13040.t1	g13040.t1	565	No	No
g13041.t1	g13041.t1	294	No	No
g13042.t1	g13042.t1	106	No	No
g13043.t1	g13043.t1	107	No	No
g13044.t1	g13044.t1	377	No	No
g13045.t1	g13045.t1	249	No	No
g13046.t1	g13046.t1	90	No	No
g13047.t1	g13047.t1	158	No	No
g13048.t2	g13048.t2	168	No	No
g13049.t1	g13049.t1	385	No	No
g13050.t1	g13050.t1	179	No	No
g13051.t1	g13051.t1	303	No	No
g13052.t2	g13052.t2	1031	No	No
g13053.t1	g13053.t1	136	No	No
g13054.t1	g13054.t1	310	No	No
g13055.t1	g13055.t1	96	No	No
g13056.t1	g13056.t1	524	No	No
g13057.t1	g13057.t1	512	No	No
g13058.t1	g13058.t1	281	No	No
g13059.t1	g13059.t1	1339	No	No
g13060.t1	g13060.t1	510	No	No
g13061.t1	g13061.t1	278	No	No
g13062.t1	g13062.t1	308	No	No
g13063.t1	g13063.t1	156	Yes	No
g13064.t1	g13064.t1	306	Yes	No
g13065.t1	g13065.t1	439	No	No
g13066.t2	g13066.t2	1695	No	No
g13067.t3	g13067.t3	443	No	No
g13068.t1	g13068.t1	465	No	No
g13069.t1	g13069.t1	66	No	No
g13070.t1	g13070.t1	783	No	No
g13071.t5	g13071.t5	2052	No	No
g13072.t1	g13072.t1	1509	No	No
g13073.t1	g13073.t1	1422	No	No
g13074.t1	g13074.t1	150	No	No
g13075.t1	g13075.t1	716	No	No
g13076.t1	g13076.t1	847	Yes	No
g13077.t1	g13077.t1	320	No	No
g13078.t1	g13078.t1	368	Yes	No
g13079.t1	g13079.t1	119	No	No
g13080.t2	g13080.t2	254	No	No
g13081.t1	g13081.t1	219	No	No
g13082.t1	g13082.t1	100	No	No
g13083.t1	g13083.t1	331	No	No
g13084.t1	g13084.t1	127	No	No
g13085.t1	g13085.t1	207	No	No
g13086.t1	g13086.t1	853	No	No
g13087.t1	g13087.t1	685	No	No
g13088.t1	g13088.t1	1237	No	No
g13089.t1	g13089.t1	415	No	No
g13090.t1	g13090.t1	230	No	No
g13091.t1	g13091.t1	238	No	No
g13092.t1	g13092.t1	92	No	No
g13093.t2	g13093.t2	232	No	No
g13094.t1	g13094.t1	426	No	No
g13095.t1	g13095.t1	878	No	No
g13096.t1	g13096.t1	574	No	No
g13097.t1	g13097.t1	335	No	No
g13098.t1	g13098.t1	525	Yes	No
g13099.t1	g13099.t1	321	No	No
g13100.t1	g13100.t1	208	Yes	No
g13101.t1	g13101.t1	210	No	No
g13102.t1	g13102.t1	129	No	No
g13103.t1	g13103.t1	85	No	No
g13104.t1	g13104.t1	827	No	No
g13105.t1	g13105.t1	1238	No	No
g13106.t1	g13106.t1	71	No	No
g13107.t1	g13107.t1	87	No	No
g13108.t1	g13108.t1	135	Yes	No
g13109.t1	g13109.t1	165	No	No
g13110.t1	g13110.t1	181	No	No
g13111.t1	g13111.t1	109	No	No
g13112.t1	g13112.t1	114	Yes	No
g13113.t1	g13113.t1	215	No	No
g13114.t1	g13114.t1	315	No	No
g13115.t1	g13115.t1	120	No	No
g13116.t1	g13116.t1	209	No	No
g13117.t1	g13117.t1	291	No	No
g13118.t1	g13118.t1	273	No	No
g13119.t1	g13119.t1	277	No	No
g13120.t1	g13120.t1	479	No	No
g13121.t1	g13121.t1	502	Yes	No
g13122.t1	g13122.t1	275	No	No
g13123.t1	g13123.t1	118	No	No
g13124.t1	g13124.t1	99	No	No
g13125.t1	g13125.t1	146	No	No
g13126.t1	g13126.t1	2267	Yes	No
g13127.t1	g13127.t1	213	No	No
g13128.t1	g13128.t1	205	No	No
g13129.t1	g13129.t1	819	No	No
g13130.t1	g13130.t1	182	No	No
g13131.t1	g13131.t1	112	No	No
g13132.t1	g13132.t1	958	No	No
g13133.t1	g13133.t1	553	No	No
g13134.t1	g13134.t1	1048	No	No
g13135.t1	g13135.t1	95	No	No
g13136.t1	g13136.t1	437	No	No
g13137.t1	g13137.t1	353	No	No
g13138.t1	g13138.t1	1052	No	No
g13139.t1	g13139.t1	1124	No	No
g13140.t1	g13140.t1	669	No	No
g13141.t1	g13141.t1	86	No	No
g13142.t1	g13142.t1	643	No	No
g13143.t1	g13143.t1	114	No	No
g13144.t1	g13144.t1	244	No	No
g13145.t1	g13145.t1	116	No	No
g13146.t1	g13146.t1	154	No	No
g13147.t1	g13147.t1	100	No	No
g13148.t1	g13148.t1	713	No	No
g13149.t1	g13149.t1	553	No	No
g13150.t1	g13150.t1	245	No	No
g13151.t1	g13151.t1	80	Yes	No
g13152.t1	g13152.t1	84	No	No
g13153.t1	g13153.t1	231	Yes	No
g13154.t1	g13154.t1	255	No	No
g13155.t1	g13155.t1	373	No	No
g13156.t1	g13156.t1	67	No	No
g13157.t1	g13157.t1	316	No	No
g13158.t1	g13158.t1	189	No	No
g13159.t1	g13159.t1	499	No	No
g13160.t1	g13160.t1	519	No	No
g13161.t1	g13161.t1	422	No	No
g13162.t1	g13162.t1	75	Yes	No
g13163.t1	g13163.t1	685	No	No
g13164.t1	g13164.t1	68	No	No
g13165.t1	g13165.t1	156	No	No
g13166.t1	g13166.t1	151	No	No
g13167.t1	g13167.t1	81	No	No
g13168.t1	g13168.t1	92	No	No
g13169.t1	g13169.t1	443	No	No
g13170.t1	g13170.t1	81	No	No
g13171.t1	g13171.t1	283	No	No
g13172.t1	g13172.t1	386	No	No
g13173.t1	g13173.t1	447	No	No
g13174.t1	g13174.t1	796	No	No
g13175.t1	g13175.t1	267	No	No
g13176.t1	g13176.t1	258	No	No
g13177.t1	g13177.t1	141	No	No
g13178.t1	g13178.t1	661	No	No
g13179.t1	g13179.t1	219	No	No
g13180.t1	g13180.t1	264	Yes	No
g13181.t1	g13181.t1	224	Yes	No
g13182.t1	g13182.t1	138	No	No
g13183.t1	g13183.t1	80	No	No
g13184.t1	g13184.t1	250	No	No
g13185.t1	g13185.t1	136	No	No
g13186.t1	g13186.t1	790	No	No
g13187.t1	g13187.t1	103	No	No
g13188.t1	g13188.t1	79	No	No
g13189.t1	g13189.t1	80	No	No
g13190.t1	g13190.t1	187	No	No
g13191.t1	g13191.t1	123	No	No
g13192.t1	g13192.t1	246	No	No
g13193.t1	g13193.t1	283	No	No
g13194.t1	g13194.t1	1480	No	No
g13195.t1	g13195.t1	87	No	No
g13196.t1	g13196.t1	80	No	No
g13197.t1	g13197.t1	510	No	No
g13198.t1	g13198.t1	501	No	No
g13199.t1	g13199.t1	310	Yes	No
g13200.t1	g13200.t1	80	No	No
g13201.t1	g13201.t1	107	No	No
g13202.t1	g13202.t1	79	No	No
g13203.t1	g13203.t1	142	No	No
g13204.t1	g13204.t1	71	No	No
g13205.t1	g13205.t1	632	No	No
g13206.t1	g13206.t1	641	No	No
g13207.t1	g13207.t1	1338	No	No
g13208.t1	g13208.t1	331	No	No
g13209.t1	g13209.t1	377	No	No
g13210.t1	g13210.t1	357	No	No
g13211.t1	g13211.t1	277	No	No
g13212.t1	g13212.t1	121	No	No
g13213.t1	g13213.t1	69	No	No
g13214.t1	g13214.t1	1369	No	No
g13215.t1	g13215.t1	228	No	No
g13216.t1	g13216.t1	220	No	No
g13217.t1	g13217.t1	341	No	No
g13218.t1	g13218.t1	340	No	No
g13219.t1	g13219.t1	452	No	No
g13220.t1	g13220.t1	655	No	No
g13221.t1	g13221.t1	223	No	No
g13222.t1	g13222.t1	274	No	No
g13223.t1	g13223.t1	997	No	No
g13224.t1	g13224.t1	317	No	No
g13225.t1	g13225.t1	734	No	No
g13226.t1	g13226.t1	496	No	No
g13227.t1	g13227.t1	71	No	No
g13228.t1	g13228.t1	71	No	No
g13229.t1	g13229.t1	71	No	No
g13230.t1	g13230.t1	70	No	No
g13231.t1	g13231.t1	1388	Yes	No
g13232.t1	g13232.t1	1897	No	No
g13233.t2	g13233.t2	619	No	No
g13234.t1	g13234.t1	341	No	No
g13235.t1	g13235.t1	645	No	No
g13236.t1	g13236.t1	110	No	No
g13237.t1	g13237.t1	76	No	No
g13238.t1	g13238.t1	534	No	No
g13239.t1	g13239.t1	140	No	No
g13240.t1	g13240.t1	398	No	No
g13241.t1	g13241.t1	313	No	No
g13242.t1	g13242.t1	125	No	No
g13243.t1	g13243.t1	271	No	No
g13244.t1	g13244.t1	466	Yes	No
g13245.t1	g13245.t1	94	No	No
g13246.t1	g13246.t1	132	Yes	No
g13247.t1	g13247.t1	259	No	No
g13248.t1	g13248.t1	151	Yes	No
g13249.t1	g13249.t1	64	No	No
g13250.t1	g13250.t1	2128	No	No
g13251.t2	g13251.t2	1840	No	No
g13252.t1	g13252.t1	110	No	No
g13253.t1	g13253.t1	91	No	No
g13254.t1	g13254.t1	161	Yes	No
g13255.t1	g13255.t1	216	No	No
g13256.t1	g13256.t1	347	No	No
g13257.t1	g13257.t1	192	No	No
g13258.t1	g13258.t1	113	No	No
g13259.t1	g13259.t1	416	No	No
g13260.t1	g13260.t1	68	No	No
g13261.t1	g13261.t1	66	Yes	No
g13262.t1	g13262.t1	420	No	No
g13263.t1	g13263.t1	1425	No	No
g13264.t1	g13264.t1	403	No	No
g13265.t1	g13265.t1	1011	No	No
g13266.t1	g13266.t1	119	No	No
g13267.t1	g13267.t1	169	Yes	No
g13268.t1	g13268.t1	180	No	No
g13269.t1	g13269.t1	485	No	No
g13270.t1	g13270.t1	502	No	No
g13271.t1	g13271.t1	151	No	No
g13272.t1	g13272.t1	198	No	No
g13273.t1	g13273.t1	165	No	No
g13274.t1	g13274.t1	574	Yes	No
g13275.t1	g13275.t1	70	Yes	No
g13276.t1	g13276.t1	390	No	No
g13277.t1	g13277.t1	469	No	No
g13278.t1	g13278.t1	141	No	No
g13279.t1	g13279.t1	848	No	No
g13280.t1	g13280.t1	435	No	No
g13281.t1	g13281.t1	113	No	No
g13282.t1	g13282.t1	764	No	No
g13283.t1	g13283.t1	554	No	No
g13284.t1	g13284.t1	90	No	No
g13285.t1	g13285.t1	958	No	No
g13286.t1	g13286.t1	599	No	No
g13287.t1	g13287.t1	573	No	No
g13288.t1	g13288.t1	181	No	No
g13289.t1	g13289.t1	661	No	No
g13290.t1	g13290.t1	68	Yes	No
g13291.t1	g13291.t1	279	No	No
g13292.t1	g13292.t1	442	No	No
g13293.t1	g13293.t1	192	No	No
g13294.t1	g13294.t1	217	No	No
g13295.t1	g13295.t1	1508	No	No
g13296.t1	g13296.t1	462	No	No
g13297.t1	g13297.t1	466	No	No
g13298.t1	g13298.t1	269	No	No
g13299.t1	g13299.t1	275	No	No
g13300.t1	g13300.t1	268	No	No
g13301.t1	g13301.t1	103	No	No
g13302.t1	g13302.t1	88	No	No
g13303.t1	g13303.t1	90	No	No
g13304.t1	g13304.t1	94	No	No
g13305.t1	g13305.t1	1090	No	No
g13306.t1	g13306.t1	372	No	No
g13307.t1	g13307.t1	97	No	No
g13308.t1	g13308.t1	328	Yes	No
g13309.t1	g13309.t1	286	No	No
g13310.t1	g13310.t1	144	No	No
g13311.t1	g13311.t1	102	No	No
g13312.t1	g13312.t1	163	No	No
g13313.t1	g13313.t1	445	No	No
g13314.t1	g13314.t1	342	No	No
g13315.t1	g13315.t1	318	No	No
g13316.t1	g13316.t1	345	No	No
g13317.t1	g13317.t1	69	No	No
g13318.t1	g13318.t1	188	No	No
g13319.t1	g13319.t1	401	No	No
g13320.t1	g13320.t1	2026	No	No
g13321.t1	g13321.t1	306	No	No
g13322.t1	g13322.t1	93	No	No
g13323.t1	g13323.t1	78	No	No
g13324.t1	g13324.t1	125	No	No
g13325.t1	g13325.t1	344	No	No
g13326.t1	g13326.t1	120	No	No
g13327.t1	g13327.t1	108	No	No
g13328.t1	g13328.t1	851	No	No
g13329.t1	g13329.t1	126	No	No
g13330.t1	g13330.t1	922	No	No
g13331.t1	g13331.t1	87	No	No
g13332.t1	g13332.t1	415	No	No
g13333.t1	g13333.t1	397	Yes	No
g13334.t1	g13334.t1	234	No	No
g13335.t1	g13335.t1	410	No	No
g13336.t1	g13336.t1	626	No	No
g13337.t1	g13337.t1	81	No	No
g13338.t1	g13338.t1	258	No	No
g13339.t1	g13339.t1	1177	No	No
g13340.t1	g13340.t1	110	No	No
g13341.t1	g13341.t1	160	No	No
g13342.t1	g13342.t1	69	No	No
g13343.t1	g13343.t1	618	No	No
g13344.t1	g13344.t1	833	No	No
g13345.t1	g13345.t1	194	No	No
g13346.t1	g13346.t1	207	No	No
g13347.t1	g13347.t1	112	No	No
g13348.t1	g13348.t1	390	No	No
g13349.t1	g13349.t1	574	No	No
g13350.t3	g13350.t3	717	No	No
g13351.t1	g13351.t1	138	No	No
g13352.t1	g13352.t1	80	No	No
g13353.t1	g13353.t1	599	No	No
g13354.t2	g13354.t2	999	No	No
g13355.t1	g13355.t1	180	No	No
g13356.t1	g13356.t1	139	No	No
g13357.t1	g13357.t1	249	No	No
g13358.t1	g13358.t1	342	No	No
g13359.t1	g13359.t1	321	No	No
g13360.t1	g13360.t1	595	No	No
g13361.t1	g13361.t1	356	No	No
g13362.t1	g13362.t1	89	No	No
g13363.t1	g13363.t1	197	No	No
g13364.t1	g13364.t1	320	No	No
g13365.t1	g13365.t1	361	No	No
g13366.t1	g13366.t1	418	No	No
g13367.t1	g13367.t1	480	No	No
g13368.t1	g13368.t1	171	No	No
g13369.t1	g13369.t1	965	No	No
g13370.t1	g13370.t1	587	No	No
g13371.t1	g13371.t1	87	No	No
g13372.t1	g13372.t1	101	No	No
g13373.t1	g13373.t1	226	No	No
g13374.t1	g13374.t1	74	No	No
g13375.t1	g13375.t1	205	No	No
g13376.t1	g13376.t1	499	No	No
g13377.t1	g13377.t1	111	No	No
g13378.t1	g13378.t1	813	No	No
g13379.t1	g13379.t1	95	No	No
g13380.t1	g13380.t1	132	No	No
g13381.t1	g13381.t1	347	No	No
g13382.t1	g13382.t1	163	No	No
g13383.t1	g13383.t1	132	No	No
g13384.t1	g13384.t1	127	No	No
g13385.t1	g13385.t1	224	No	No
g13386.t1	g13386.t1	73	No	No
g13387.t1	g13387.t1	193	No	No
g13388.t1	g13388.t1	1079	No	No
g13389.t1	g13389.t1	387	No	No
g13390.t1	g13390.t1	321	No	No
g13391.t1	g13391.t1	95	No	No
g13392.t1	g13392.t1	96	No	No
g13393.t1	g13393.t1	192	No	No
g13394.t1	g13394.t1	251	No	No
g13395.t1	g13395.t1	352	No	No
g13396.t1	g13396.t1	143	No	No
g13397.t1	g13397.t1	1855	No	No
g13398.t1	g13398.t1	1139	No	No
g13399.t1	g13399.t1	182	No	No
g13400.t1	g13400.t1	345	No	No
g13401.t1	g13401.t1	77	No	No
g13402.t1	g13402.t1	134	No	No
g13403.t1	g13403.t1	410	No	No
g13404.t1	g13404.t1	85	No	No
g13405.t2	g13405.t2	512	No	No
g13406.t1	g13406.t1	201	No	No
g13407.t1	g13407.t1	1423	No	No
g13408.t1	g13408.t1	392	No	No
g13409.t1	g13409.t1	409	No	No
g13410.t1	g13410.t1	137	No	No
g13411.t1	g13411.t1	1392	No	No
g13412.t1	g13412.t1	433	No	No
g13413.t1	g13413.t1	80	No	No
g13414.t1	g13414.t1	99	No	No
g13415.t1	g13415.t1	95	No	No
g13416.t1	g13416.t1	127	No	No
g13417.t2	g13417.t2	1537	No	No
g13418.t1	g13418.t1	112	No	No
g13419.t1	g13419.t1	68	No	No
g13420.t2	g13420.t2	338	No	No
g13421.t1	g13421.t1	936	No	No
g13422.t1	g13422.t1	314	No	No
g13423.t1	g13423.t1	102	No	No
g13424.t1	g13424.t1	754	No	No
g13425.t1	g13425.t1	148	No	No
g13426.t1	g13426.t1	442	No	No
g13427.t1	g13427.t1	311	No	No
g13428.t1	g13428.t1	194	Yes	No
g13429.t1	g13429.t1	114	No	No
g13430.t1	g13430.t1	122	No	No
g13431.t1	g13431.t1	591	No	No
g13432.t1	g13432.t1	142	No	No
g13433.t1	g13433.t1	55	Yes	No
g13434.t1	g13434.t1	54	No	No
g13435.t1	g13435.t1	57	No	No
g13436.t1	g13436.t1	534	Yes	No
g13437.t1	g13437.t1	96	Yes	No
g13438.t1	g13438.t1	105	No	No
g13439.t1	g13439.t1	205	No	No
g13440.t1	g13440.t1	229	Yes	No
g13441.t1	g13441.t1	155	No	No
g13442.t1	g13442.t1	134	No	No
g13443.t1	g13443.t1	974	No	No
g13444.t1	g13444.t1	106	No	No
g13445.t1	g13445.t1	204	No	No
g13446.t1	g13446.t1	108	No	No
g13447.t1	g13447.t1	182	No	No
g13448.t1	g13448.t1	350	No	No
g13449.t1	g13449.t1	864	No	No
g13450.t1	g13450.t1	469	No	No
g13451.t1	g13451.t1	705	No	No
g13452.t1	g13452.t1	900	No	No
g13453.t1	g13453.t1	604	No	No
g13454.t1	g13454.t1	303	No	No
g13455.t1	g13455.t1	133	Yes	No
g13456.t1	g13456.t1	402	No	No
g13457.t1	g13457.t1	241	No	No
g13458.t1	g13458.t1	181	No	No
g13459.t1	g13459.t1	70	No	No
g13460.t1	g13460.t1	186	No	No
g13461.t1	g13461.t1	117	No	No
g13462.t1	g13462.t1	229	No	No
g13463.t2	g13463.t2	1401	No	No
g13464.t2	g13464.t2	4053	Yes	No
g13465.t1	g13465.t1	249	No	No
g13466.t1	g13466.t1	343	No	No
g13467.t1	g13467.t1	93	No	No
g13468.t1	g13468.t1	310	No	No
g13469.t1	g13469.t1	607	No	No
g13470.t1	g13470.t1	214	No	No
g13471.t1	g13471.t1	154	No	No
g13472.t1	g13472.t1	239	No	No
g13473.t1	g13473.t1	205	No	No
g13474.t1	g13474.t1	164	No	No
g13475.t1	g13475.t1	117	Yes	No
g13476.t1	g13476.t1	234	No	No
g13477.t1	g13477.t1	117	No	No
g13478.t1	g13478.t1	534	No	No
g13479.t1	g13479.t1	495	No	No
g13480.t1	g13480.t1	320	Yes	No
g13481.t1	g13481.t1	321	No	No
g13482.t1	g13482.t1	137	No	No
g13483.t1	g13483.t1	111	No	No
g13484.t1	g13484.t1	69	No	No
g13485.t1	g13485.t1	67	No	No
g13486.t1	g13486.t1	54	No	No
g13487.t1	g13487.t1	916	No	No
g13488.t1	g13488.t1	1036	No	No
g13489.t1	g13489.t1	480	No	No
g13490.t1	g13490.t1	75	No	No
g13491.t1	g13491.t1	502	No	No
g13492.t1	g13492.t1	537	No	No
g13493.t1	g13493.t1	302	No	No
g13494.t1	g13494.t1	250	No	No
g13495.t2	g13495.t2	125	No	No
g13496.t1	g13496.t1	136	No	No
g13497.t1	g13497.t1	222	Yes	No
g13498.t1	g13498.t1	16	Yes	No
g13499.t1	g13499.t1	584	No	No
g13500.t1	g13500.t1	360	Yes	No
g13501.t1	g13501.t1	255	No	No
g13502.t1	g13502.t1	215	No	No
g13503.t1	g13503.t1	503	No	No
g13504.t1	g13504.t1	699	No	No
g13505.t1	g13505.t1	129	No	No
g13506.t1	g13506.t1	68	No	No
g13507.t1	g13507.t1	91	No	No
g13508.t1	g13508.t1	155	No	No
g13509.t1	g13509.t1	218	Yes	No
g13510.t1	g13510.t1	119	No	No
g13511.t1	g13511.t1	76	No	No
g13512.t1	g13512.t1	3413	No	No
g13513.t1	g13513.t1	795	No	No
g13514.t1	g13514.t1	678	Yes	No
g13515.t1	g13515.t1	452	No	No
g13516.t1	g13516.t1	158	No	No
g13517.t1	g13517.t1	429	No	No
g13518.t1	g13518.t1	140	No	No
g13519.t1	g13519.t1	457	No	No
g13520.t1	g13520.t1	537	No	No
g13521.t1	g13521.t1	546	No	No
g13522.t1	g13522.t1	855	No	No
g13523.t1	g13523.t1	439	No	No
g13524.t1	g13524.t1	544	No	No
g13525.t1	g13525.t1	727	No	No
g13526.t1	g13526.t1	332	No	No
g13527.t1	g13527.t1	2119	No	No
g13528.t1	g13528.t1	769	No	No
g13529.t1	g13529.t1	141	No	No
g13530.t1	g13530.t1	146	No	No
g13531.t1	g13531.t1	953	No	No
g13532.t1	g13532.t1	710	No	No
g13533.t1	g13533.t1	581	Yes	No
g13534.t2	g13534.t2	413	No	No
g13535.t1	g13535.t1	233	No	No
g13536.t1	g13536.t1	79	No	No
g13537.t1	g13537.t1	89	No	No
g13538.t1	g13538.t1	269	No	No
g13539.t1	g13539.t1	130	No	No
g13540.t1	g13540.t1	90	No	No
g13541.t1	g13541.t1	827	No	No
g13542.t1	g13542.t1	138	No	No
g13543.t1	g13543.t1	279	No	No
g13544.t1	g13544.t1	191	No	No
g13545.t1	g13545.t1	163	No	No
g13546.t1	g13546.t1	452	No	No
g13547.t1	g13547.t1	937	No	No
g13548.t1	g13548.t1	270	No	No
g13549.t1	g13549.t1	91	No	No
g13550.t1	g13550.t1	184	No	No
g13551.t1	g13551.t1	556	No	No
g13552.t1	g13552.t1	113	No	No
g13553.t1	g13553.t1	84	No	No
g13554.t1	g13554.t1	128	No	No
g13555.t1	g13555.t1	342	Yes	No
g13556.t1	g13556.t1	294	No	No
g13557.t1	g13557.t1	262	No	No
g13558.t3	g13558.t3	1382	No	No
g13559.t1	g13559.t1	102	No	No
g13560.t1	g13560.t1	440	No	No
g13561.t1	g13561.t1	105	No	No
g13562.t1	g13562.t1	276	No	No
g13563.t1	g13563.t1	183	No	No
g13564.t1	g13564.t1	97	No	No
g13565.t1	g13565.t1	687	No	No
g13566.t1	g13566.t1	326	No	No
g13567.t1	g13567.t1	324	No	No
g13568.t1	g13568.t1	241	No	No
g13569.t1	g13569.t1	575	No	No
g13570.t1	g13570.t1	567	No	No
g13571.t1	g13571.t1	261	No	No
g13572.t1	g13572.t1	1280	No	No
g13573.t1	g13573.t1	105	No	No
g13574.t1	g13574.t1	125	No	No
g13575.t1	g13575.t1	164	No	No
g13576.t1	g13576.t1	118	No	No
g13577.t1	g13577.t1	945	No	No
g13578.t1	g13578.t1	73	No	No
g13579.t1	g13579.t1	171	No	No
g13580.t1	g13580.t1	137	No	No
g13581.t1	g13581.t1	466	No	No
g13582.t1	g13582.t1	132	No	No
g13583.t1	g13583.t1	653	No	No
g13584.t1	g13584.t1	91	No	No
g13585.t1	g13585.t1	74	No	No
g13586.t1	g13586.t1	367	No	No
g13587.t1	g13587.t1	224	No	No
g13588.t2	g13588.t2	2231	No	No
g13589.t1	g13589.t1	117	No	No
g13590.t1	g13590.t1	236	No	No
g13591.t1	g13591.t1	315	No	No
g13592.t1	g13592.t1	245	No	No
g13593.t1	g13593.t1	117	No	No
g13594.t1	g13594.t1	640	No	No
g13595.t1	g13595.t1	390	No	No
g13596.t1	g13596.t1	221	No	No
g13597.t1	g13597.t1	156	No	No
g13598.t1	g13598.t1	986	No	No
g13599.t1	g13599.t1	145	No	No
g13600.t1	g13600.t1	110	No	No
g13601.t1	g13601.t1	679	No	No
g13602.t1	g13602.t1	161	No	No
g13603.t1	g13603.t1	298	No	No
g13604.t1	g13604.t1	217	No	No
g13605.t1	g13605.t1	1032	No	No
g13606.t1	g13606.t1	130	No	No
g13607.t1	g13607.t1	204	No	No
g13608.t1	g13608.t1	258	No	No
g13609.t1	g13609.t1	69	No	No
g13610.t1	g13610.t1	112	No	No
g13611.t1	g13611.t1	714	No	No
g13612.t1	g13612.t1	86	No	No
g13613.t1	g13613.t1	251	No	No
g13614.t1	g13614.t1	316	No	No
g13615.t1	g13615.t1	381	No	No
g13616.t1	g13616.t1	455	No	No
g13617.t1	g13617.t1	142	No	No
g13618.t1	g13618.t1	138	No	No
g13619.t1	g13619.t1	92	No	No
g13620.t1	g13620.t1	264	No	No
g13621.t1	g13621.t1	91	No	No
g13622.t1	g13622.t1	671	No	No
g13623.t1	g13623.t1	224	No	No
g13624.t1	g13624.t1	544	No	No
g13625.t1	g13625.t1	132	No	No
g13626.t1	g13626.t1	100	No	No
g13627.t1	g13627.t1	264	No	No
g13628.t1	g13628.t1	264	No	No
g13629.t1	g13629.t1	94	Yes	No
g13630.t1	g13630.t1	367	No	No
g13631.t1	g13631.t1	255	No	No
g13632.t1	g13632.t1	215	Yes	No
g13633.t1	g13633.t1	383	No	No
g13634.t1	g13634.t1	73	No	No
g13635.t1	g13635.t1	280	No	No
g13636.t1	g13636.t1	87	No	No
g13637.t1	g13637.t1	131	No	No
g13638.t1	g13638.t1	144	No	No
g13639.t1	g13639.t1	538	No	No
g13640.t1	g13640.t1	586	No	No
g13641.t1	g13641.t1	278	No	No
g13642.t1	g13642.t1	506	No	No
g13643.t1	g13643.t1	360	No	No
g13644.t1	g13644.t1	479	No	No
g13645.t2	g13645.t2	146	No	No
g13646.t1	g13646.t1	328	No	No
g13647.t1	g13647.t1	210	Yes	No
g13648.t1	g13648.t1	762	No	No
g13649.t1	g13649.t1	157	No	No
g13650.t1	g13650.t1	306	No	No
g13651.t1	g13651.t1	268	No	No
g13652.t1	g13652.t1	438	No	No
g13653.t1	g13653.t1	877	No	No
g13654.t1	g13654.t1	87	No	No
g13655.t1	g13655.t1	100	No	No
g13656.t1	g13656.t1	185	Yes	No
g13657.t2	g13657.t2	183	No	No
g13658.t1	g13658.t1	442	No	No
g13659.t1	g13659.t1	77	No	No
g13660.t1	g13660.t1	122	No	No
g13661.t1	g13661.t1	177	No	No
g13662.t1	g13662.t1	655	No	No
g13663.t1	g13663.t1	101	No	No
g13664.t1	g13664.t1	1225	No	No
g13665.t1	g13665.t1	530	No	No
g13666.t1	g13666.t1	211	No	No
g13667.t1	g13667.t1	86	No	No
g13668.t1	g13668.t1	200	No	No
g13669.t1	g13669.t1	406	No	No
g13670.t1	g13670.t1	1022	No	No
g13671.t1	g13671.t1	270	No	No
g13672.t1	g13672.t1	258	No	No
g13673.t1	g13673.t1	99	No	No
g13674.t1	g13674.t1	258	No	No
g13675.t1	g13675.t1	787	No	No
g13676.t1	g13676.t1	1003	No	No
g13677.t1	g13677.t1	96	No	No
g13678.t1	g13678.t1	1727	No	No
g13679.t1	g13679.t1	156	No	No
g13680.t1	g13680.t1	508	No	No
g13681.t2	g13681.t2	992	No	No
g13682.t1	g13682.t1	108	No	No
g13683.t1	g13683.t1	878	No	No
g13684.t1	g13684.t1	202	No	No
g13685.t1	g13685.t1	112	No	No
g13686.t1	g13686.t1	332	No	No
g13687.t1	g13687.t1	174	No	No
g13688.t1	g13688.t1	245	Yes	No
g13689.t1	g13689.t1	232	No	No
g13690.t1	g13690.t1	205	No	No
g13691.t1	g13691.t1	206	No	No
g13692.t1	g13692.t1	196	No	No
g13693.t1	g13693.t1	82	No	No
g13694.t1	g13694.t1	111	No	No
g13695.t1	g13695.t1	91	No	No
g13696.t1	g13696.t1	696	No	No
g13697.t1	g13697.t1	72	No	No
g13698.t1	g13698.t1	1240	No	No
g13699.t1	g13699.t1	84	No	No
g13700.t1	g13700.t1	182	No	No
g13701.t1	g13701.t1	281	No	No
g13702.t1	g13702.t1	864	No	No
g13703.t1	g13703.t1	1158	No	No
g13704.t1	g13704.t1	172	No	No
g13705.t1	g13705.t1	410	No	No
g13706.t1	g13706.t1	490	No	No
g13707.t1	g13707.t1	152	No	No
g13708.t1	g13708.t1	622	No	No
g13709.t1	g13709.t1	148	No	No
g13710.t1	g13710.t1	274	No	No
g13711.t1	g13711.t1	3183	Yes	No
g13712.t1	g13712.t1	443	No	No
g13713.t1	g13713.t1	237	No	No
g13714.t1	g13714.t1	972	No	No
g13715.t1	g13715.t1	138	Yes	No
g13716.t1	g13716.t1	106	No	No
g13717.t1	g13717.t1	114	No	No
g13718.t1	g13718.t1	521	Yes	No
g13719.t1	g13719.t1	151	No	No
g13720.t1	g13720.t1	97	No	No
g13721.t1	g13721.t1	152	No	No
g13722.t1	g13722.t1	242	No	No
g13723.t1	g13723.t1	956	No	No
g13724.t1	g13724.t1	147	No	No
g13725.t1	g13725.t1	127	No	No
g13726.t1	g13726.t1	343	No	No
g13727.t1	g13727.t1	968	No	No
g13728.t1	g13728.t1	140	No	No
g13729.t1	g13729.t1	215	No	No
g13730.t1	g13730.t1	79	No	No
g13731.t1	g13731.t1	142	No	No
g13732.t1	g13732.t1	89	No	No
g13733.t1	g13733.t1	201	No	No
g13734.t1	g13734.t1	199	No	No
g13735.t1	g13735.t1	130	No	No
g13736.t1	g13736.t1	75	No	No
g13737.t1	g13737.t1	121	No	No
g13738.t1	g13738.t1	128	Yes	No
g13739.t1	g13739.t1	303	No	No
g13740.t2	g13740.t2	1345	No	No
g13741.t1	g13741.t1	249	No	No
g13742.t1	g13742.t1	395	No	No
g13743.t1	g13743.t1	486	No	No
g13744.t1	g13744.t1	160	No	No
g13745.t1	g13745.t1	83	No	No
g13746.t1	g13746.t1	105	No	No
g13747.t2	g13747.t2	461	No	No
g13748.t1	g13748.t1	246	No	No
g13749.t1	g13749.t1	108	No	No
g13750.t1	g13750.t1	353	No	No
g13751.t1	g13751.t1	528	No	No
g13752.t2	g13752.t2	253	Yes	No
g13753.t1	g13753.t1	621	No	No
g13754.t1	g13754.t1	567	No	No
g13755.t1	g13755.t1	67	No	No
g13756.t1	g13756.t1	111	No	No
g13757.t1	g13757.t1	111	No	No
g13758.t1	g13758.t1	654	No	No
g13759.t1	g13759.t1	1159	No	No
g13760.t1	g13760.t1	139	No	No
g13761.t1	g13761.t1	104	No	No
g13762.t1	g13762.t1	71	No	No
g13763.t1	g13763.t1	415	No	No
g13764.t1	g13764.t1	333	No	No
g13765.t1	g13765.t1	205	No	No
g13766.t1	g13766.t1	262	No	No
g13767.t1	g13767.t1	300	No	No
g13768.t1	g13768.t1	316	No	No
g13769.t1	g13769.t1	72	No	No
g13770.t1	g13770.t1	448	No	No
g13771.t1	g13771.t1	548	No	No
g13772.t1	g13772.t1	492	No	No
g13773.t1	g13773.t1	263	No	No
g13774.t1	g13774.t1	264	No	No
g13775.t1	g13775.t1	258	No	No
g13776.t1	g13776.t1	250	No	No
g13777.t1	g13777.t1	258	No	No
g13778.t1	g13778.t1	258	No	No
g13779.t1	g13779.t1	261	No	No
g13780.t1	g13780.t1	178	No	No
g13781.t1	g13781.t1	259	No	No
g13782.t1	g13782.t1	113	No	No
g13783.t1	g13783.t1	235	No	No
g13784.t1	g13784.t1	258	No	No
g13785.t1	g13785.t1	98	No	No
g13786.t1	g13786.t1	77	No	No
g13787.t1	g13787.t1	283	No	No
g13788.t1	g13788.t1	78	No	No
g13789.t1	g13789.t1	196	No	No
g13790.t1	g13790.t1	66	No	No
g13791.t1	g13791.t1	273	No	No
g13792.t1	g13792.t1	313	No	No
g13793.t1	g13793.t1	368	No	No
g13794.t1	g13794.t1	173	No	No
g13795.t1	g13795.t1	93	No	No
g13796.t1	g13796.t1	224	No	No
g13797.t1	g13797.t1	326	No	No
g13798.t1	g13798.t1	162	Yes	No
g13799.t1	g13799.t1	177	Yes	No
g13800.t1	g13800.t1	90	No	No
g13801.t1	g13801.t1	2808	No	No
g13802.t1	g13802.t1	299	No	No
g13803.t1	g13803.t1	101	No	No
g13804.t1	g13804.t1	219	No	No
g13805.t1	g13805.t1	322	No	No
g13806.t1	g13806.t1	679	No	No
g13807.t1	g13807.t1	74	No	No
g13808.t1	g13808.t1	110	No	No
g13809.t1	g13809.t1	180	No	No
g13810.t1	g13810.t1	202	No	No
g13811.t2	g13811.t2	1276	Yes	No
g13812.t1	g13812.t1	93	No	No
g13813.t1	g13813.t1	161	No	No
g13814.t1	g13814.t1	170	No	No
g13815.t1	g13815.t1	73	No	No
g13816.t1	g13816.t1	98	No	No
g13817.t2	g13817.t2	458	Yes	No
g13818.t1	g13818.t1	97	No	No
g13819.t1	g13819.t1	97	No	No
g13820.t1	g13820.t1	133	No	No
g13821.t1	g13821.t1	108	No	No
g13822.t1	g13822.t1	53	Yes	No
g13823.t1	g13823.t1	105	No	No
g13824.t1	g13824.t1	152	No	No
g13825.t1	g13825.t1	269	No	No
g13826.t1	g13826.t1	109	No	No
g13827.t1	g13827.t1	536	No	No
g13828.t1	g13828.t1	559	No	No
g13829.t1	g13829.t1	327	No	No
g13830.t1	g13830.t1	511	No	No
g13831.t1	g13831.t1	912	No	No
g13832.t1	g13832.t1	128	Yes	No
g13833.t2	g13833.t2	433	No	No
g13834.t1	g13834.t1	1106	Yes	No
g13835.t1	g13835.t1	244	Yes	No
g13836.t1	g13836.t1	1330	No	No
g13837.t1	g13837.t1	443	No	No
g13838.t1	g13838.t1	880	No	No
g13839.t1	g13839.t1	924	No	No
g13840.t1	g13840.t1	206	No	No
g13841.t1	g13841.t1	333	Yes	No
g13842.t1	g13842.t1	523	Yes	No
g13843.t1	g13843.t1	119	No	No
g13844.t1	g13844.t1	191	No	No
g13845.t1	g13845.t1	47	No	No
g13846.t1	g13846.t1	212	No	No
g13847.t1	g13847.t1	335	No	No
g13848.t1	g13848.t1	166	No	No
g13849.t1	g13849.t1	161	No	No
g13850.t1	g13850.t1	380	No	No
g13851.t1	g13851.t1	657	No	No
g13852.t1	g13852.t1	139	No	No
g13853.t1	g13853.t1	74	No	No
g13854.t1	g13854.t1	199	No	No
g13855.t1	g13855.t1	90	No	No
g13856.t1	g13856.t1	155	No	No
g13857.t1	g13857.t1	357	Yes	No
g13858.t1	g13858.t1	500	No	No
g13859.t1	g13859.t1	130	No	No
g13860.t1	g13860.t1	66	No	No
g13861.t1	g13861.t1	84	No	No
g13862.t1	g13862.t1	523	No	No
g13863.t1	g13863.t1	146	No	No
g13864.t1	g13864.t1	105	No	No
g13865.t1	g13865.t1	79	No	No
g13866.t1	g13866.t1	1406	No	No
g13867.t1	g13867.t1	125	No	No
g13868.t1	g13868.t1	342	Yes	No
g13869.t1	g13869.t1	294	No	No
g13870.t1	g13870.t1	84	No	No
g13871.t1	g13871.t1	331	No	No
g13872.t1	g13872.t1	131	No	No
g13873.t1	g13873.t1	294	No	No
g13874.t1	g13874.t1	294	No	No
g13875.t1	g13875.t1	241	No	No
g13876.t1	g13876.t1	953	No	No
g13877.t1	g13877.t1	283	No	No
g13878.t1	g13878.t1	271	No	No
g13879.t1	g13879.t1	121	No	No
g13880.t1	g13880.t1	244	No	No
g13881.t1	g13881.t1	545	No	No
g13882.t1	g13882.t1	165	Yes	No
g13883.t1	g13883.t1	84	No	No
g13884.t1	g13884.t1	467	No	No
g13885.t1	g13885.t1	78	Yes	No
g13886.t1	g13886.t1	137	No	No
g13887.t2	g13887.t2	689	No	No
g13888.t1	g13888.t1	234	No	No
g13889.t1	g13889.t1	237	No	No
g13890.t1	g13890.t1	91	No	No
g13891.t1	g13891.t1	66	No	No
g13892.t1	g13892.t1	98	No	No
g13893.t1	g13893.t1	131	No	No
g13894.t1	g13894.t1	606	No	No
g13895.t1	g13895.t1	948	No	No
g13896.t1	g13896.t1	99	No	No
g13897.t1	g13897.t1	284	No	No
g13898.t1	g13898.t1	187	No	No
g13899.t1	g13899.t1	34	No	No
g13900.t1	g13900.t1	229	No	No
g13901.t1	g13901.t1	194	No	No
g13902.t1	g13902.t1	142	Yes	No
g13903.t1	g13903.t1	265	No	No
g13904.t2	g13904.t2	170	No	No
g13905.t1	g13905.t1	429	No	No
g13906.t1	g13906.t1	277	No	No
g13907.t2	g13907.t2	646	No	No
g13908.t1	g13908.t1	384	No	No
g13909.t1	g13909.t1	274	No	No
g13910.t1	g13910.t1	276	No	No
g13911.t1	g13911.t1	327	No	No
g13912.t1	g13912.t1	193	No	No
g13913.t1	g13913.t1	429	No	No
g13914.t1	g13914.t1	916	No	No
g13915.t1	g13915.t1	420	No	No
g13916.t1	g13916.t1	376	No	No
g13917.t1	g13917.t1	921	No	No
g13918.t1	g13918.t1	108	No	No
g13919.t1	g13919.t1	1288	No	No
g13920.t1	g13920.t1	155	No	No
g13921.t1	g13921.t1	287	No	No
g13922.t1	g13922.t1	294	No	No
g13923.t1	g13923.t1	85	No	No
g13924.t1	g13924.t1	720	No	No
g13925.t1	g13925.t1	101	No	No
g13926.t1	g13926.t1	1080	No	No
g13927.t2	g13927.t2	709	No	No
g13928.t1	g13928.t1	329	No	No
g13929.t1	g13929.t1	79	No	No
g13930.t1	g13930.t1	277	No	No
g13931.t1	g13931.t1	117	No	No
g13932.t1	g13932.t1	264	No	No
g13933.t1	g13933.t1	170	Yes	No
g13934.t1	g13934.t1	557	No	No
g13935.t1	g13935.t1	510	No	No
g13936.t1	g13936.t1	520	No	No
g13937.t1	g13937.t1	71	No	No
g13938.t1	g13938.t1	176	No	No
g13939.t1	g13939.t1	311	No	No
g13940.t1	g13940.t1	382	No	No
g13941.t1	g13941.t1	116	No	No
g13942.t1	g13942.t1	199	No	No
g13943.t1	g13943.t1	650	No	No
g13944.t1	g13944.t1	580	No	No
g13945.t1	g13945.t1	574	No	No
g13946.t1	g13946.t1	40	No	No
g13947.t1	g13947.t1	270	No	No
g13948.t1	g13948.t1	446	No	No
g13949.t1	g13949.t1	91	No	No
g13950.t1	g13950.t1	428	No	No
g13951.t1	g13951.t1	84	No	No
g13952.t1	g13952.t1	763	No	No
g13953.t1	g13953.t1	392	No	No
g13954.t1	g13954.t1	266	No	No
g13955.t1	g13955.t1	184	No	No
g13956.t1	g13956.t1	97	No	No
g13957.t1	g13957.t1	287	No	No
g13958.t1	g13958.t1	128	No	No
g13959.t1	g13959.t1	368	No	No
g13960.t2	g13960.t2	1051	No	No
g13961.t1	g13961.t1	204	No	No
g13962.t2	g13962.t2	644	No	No
g13963.t1	g13963.t1	1334	No	No
g13964.t1	g13964.t1	244	No	No
g13965.t1	g13965.t1	429	No	No
g13966.t2	g13966.t2	8314	No	No
g13967.t1	g13967.t1	607	Yes	No
g13968.t2	g13968.t2	945	No	No
g13969.t1	g13969.t1	449	Yes	No
g13970.t1	g13970.t1	526	No	No
g13971.t3	g13971.t3	1807	No	No
g13972.t1	g13972.t1	76	No	No
g13973.t1	g13973.t1	135	No	No
g13974.t1	g13974.t1	111	No	No
g13975.t1	g13975.t1	94	No	No
g13976.t1	g13976.t1	121	No	No
g13977.t1	g13977.t1	90	No	No
g13978.t1	g13978.t1	163	No	No
g13979.t1	g13979.t1	87	No	No
g13980.t1	g13980.t1	89	No	No
g13981.t1	g13981.t1	173	No	No
g13982.t1	g13982.t1	520	No	No
g13983.t1	g13983.t1	87	No	No
g13984.t1	g13984.t1	239	No	No
g13985.t1	g13985.t1	1104	No	No
g13986.t2	g13986.t2	231	No	No
g13987.t1	g13987.t1	163	No	No
g13988.t1	g13988.t1	208	No	No
g13989.t1	g13989.t1	165	No	No
g13990.t1	g13990.t1	407	No	No
g13991.t1	g13991.t1	129	No	No
g13992.t1	g13992.t1	148	No	No
g13993.t1	g13993.t1	366	No	No
g13994.t1	g13994.t1	208	No	No
g13995.t1	g13995.t1	100	No	No
g13996.t1	g13996.t1	129	No	No
g13997.t1	g13997.t1	242	No	No
g13998.t1	g13998.t1	105	No	No
g13999.t1	g13999.t1	161	No	No
g14000.t1	g14000.t1	342	No	No
g14001.t1	g14001.t1	99	No	No
g14002.t2	g14002.t2	975	No	No
g14003.t1	g14003.t1	78	No	No
g14004.t1	g14004.t1	359	No	No
g14005.t1	g14005.t1	109	No	No
g14006.t1	g14006.t1	697	No	No
g14007.t1	g14007.t1	126	No	No
g14008.t1	g14008.t1	889	No	No
g14009.t1	g14009.t1	116	No	No
g14010.t1	g14010.t1	79	No	No
g14011.t1	g14011.t1	209	No	No
g14012.t1	g14012.t1	144	No	No
g14013.t1	g14013.t1	96	No	No
g14014.t1	g14014.t1	262	No	No
g14015.t1	g14015.t1	377	Yes	No
g14016.t1	g14016.t1	250	No	No
g14017.t1	g14017.t1	562	No	No
g14018.t1	g14018.t1	151	No	No
g14019.t1	g14019.t1	80	No	No
g14020.t1	g14020.t1	253	No	No
g14021.t1	g14021.t1	78	No	No
g14022.t1	g14022.t1	349	No	No
g14023.t1	g14023.t1	971	No	No
g14024.t1	g14024.t1	276	No	No
g14025.t1	g14025.t1	513	No	No
g14026.t1	g14026.t1	513	No	No
g14027.t1	g14027.t1	194	No	No
g14028.t1	g14028.t1	76	No	No
g14029.t1	g14029.t1	172	No	No
g14030.t1	g14030.t1	165	No	No
g14031.t1	g14031.t1	109	No	No
g14032.t1	g14032.t1	324	No	No
g14033.t1	g14033.t1	81	No	No
g14034.t1	g14034.t1	156	No	No
g14035.t1	g14035.t1	156	No	No
g14036.t1	g14036.t1	284	No	No
g14037.t1	g14037.t1	274	No	No
g14038.t1	g14038.t1	1016	No	No
g14039.t1	g14039.t1	74	No	No
g14040.t1	g14040.t1	684	No	No
g14041.t1	g14041.t1	597	No	No
g14042.t1	g14042.t1	219	No	No
g14043.t1	g14043.t1	338	No	No
g14044.t1	g14044.t1	617	No	No
g14045.t1	g14045.t1	439	No	No
g14046.t1	g14046.t1	473	Yes	No
g14047.t2	g14047.t2	375	No	No
g14048.t1	g14048.t1	468	No	No
g14049.t1	g14049.t1	86	No	No
g14050.t1	g14050.t1	1607	No	No
g14051.t1	g14051.t1	280	No	No
g14052.t1	g14052.t1	79	No	No
g14053.t1	g14053.t1	201	No	No
g14054.t1	g14054.t1	150	No	No
g14055.t1	g14055.t1	113	No	No
g14056.t1	g14056.t1	110	No	No
g14057.t1	g14057.t1	77	No	No
g14058.t1	g14058.t1	168	No	No
g14059.t3	g14059.t3	361	No	No
g14060.t1	g14060.t1	421	No	No
g14061.t1	g14061.t1	818	No	No
g14062.t1	g14062.t1	405	No	No
g14063.t1	g14063.t1	418	No	No
g14064.t1	g14064.t1	491	No	No
g14065.t1	g14065.t1	569	No	No
g14066.t1	g14066.t1	104	No	No
g14067.t1	g14067.t1	568	No	No
g14068.t1	g14068.t1	67	No	No
g14069.t1	g14069.t1	668	No	No
g14070.t1	g14070.t1	117	No	No
g14071.t1	g14071.t1	131	No	No
g14072.t1	g14072.t1	312	No	No
g14073.t1	g14073.t1	254	No	No
g14074.t1	g14074.t1	170	No	No
g14075.t1	g14075.t1	109	No	No
g14076.t1	g14076.t1	76	No	No
g14077.t1	g14077.t1	179	No	No
g14078.t1	g14078.t1	180	No	No
g14079.t1	g14079.t1	359	No	No
g14080.t1	g14080.t1	132	No	No
g14081.t1	g14081.t1	44	No	No
g14082.t1	g14082.t1	1224	No	No
g14083.t1	g14083.t1	246	No	No
g14084.t1	g14084.t1	82	No	No
g14085.t1	g14085.t1	390	No	No
g14086.t1	g14086.t1	606	No	No
g14087.t1	g14087.t1	131	No	No
g14088.t1	g14088.t1	140	No	No
g14089.t1	g14089.t1	605	No	No
g14090.t1	g14090.t1	304	No	No
g14091.t1	g14091.t1	122	Yes	No
g14092.t1	g14092.t1	1473	No	No
g14093.t1	g14093.t1	184	No	No
g14094.t1	g14094.t1	156	No	No
g14095.t1	g14095.t1	123	No	No
g14096.t1	g14096.t1	577	No	No
g14097.t1	g14097.t1	96	No	No
g14098.t1	g14098.t1	196	Yes	No
g14099.t1	g14099.t1	652	No	No
g14100.t1	g14100.t1	109	No	No
g14101.t2	g14101.t2	576	No	No
g14102.t1	g14102.t1	428	No	No
g14103.t1	g14103.t1	282	No	No
g14104.t1	g14104.t1	241	No	No
g14105.t1	g14105.t1	99	No	No
g14106.t1	g14106.t1	147	Yes	No
g14107.t1	g14107.t1	383	No	No
g14108.t1	g14108.t1	533	No	No
g14109.t1	g14109.t1	206	Yes	No
g14110.t1	g14110.t1	109	Yes	No
g14111.t1	g14111.t1	393	No	No
g14112.t1	g14112.t1	123	No	No
g14113.t1	g14113.t1	434	No	No
g14114.t1	g14114.t1	128	No	No
g14115.t1	g14115.t1	133	No	No
g14116.t1	g14116.t1	85	No	No
g14117.t1	g14117.t1	286	No	No
g14118.t1	g14118.t1	168	No	No
g14119.t1	g14119.t1	70	No	No
g14120.t1	g14120.t1	105	No	No
g14121.t1	g14121.t1	42	No	No
g14122.t1	g14122.t1	136	No	No
g14123.t1	g14123.t1	109	No	No
g14124.t1	g14124.t1	165	No	No
g14125.t1	g14125.t1	583	No	No
g14126.t1	g14126.t1	1656	No	No
g14127.t1	g14127.t1	366	No	No
g14128.t1	g14128.t1	187	No	No
g14129.t1	g14129.t1	109	No	No
g14130.t1	g14130.t1	118	No	No
g14131.t1	g14131.t1	68	No	No
g14132.t1	g14132.t1	201	No	No
g14133.t1	g14133.t1	220	No	No
g14134.t1	g14134.t1	262	No	No
g14135.t1	g14135.t1	507	No	No
g14136.t1	g14136.t1	113	No	No
g14137.t1	g14137.t1	104	No	No
g14138.t1	g14138.t1	121	No	No
g14139.t1	g14139.t1	123	No	No
g14140.t1	g14140.t1	614	No	No
g14141.t1	g14141.t1	86	No	No
g14142.t1	g14142.t1	121	No	No
g14143.t1	g14143.t1	80	No	No
g14144.t1	g14144.t1	457	No	No
g14145.t1	g14145.t1	395	No	No
g14146.t1	g14146.t1	318	No	No
g14147.t1	g14147.t1	205	No	No
g14148.t1	g14148.t1	867	No	No
g14149.t1	g14149.t1	1605	No	No
g14150.t1	g14150.t1	47	Yes	No
g14151.t1	g14151.t1	120	No	No
g14152.t1	g14152.t1	90	No	No
g14153.t1	g14153.t1	640	No	No
g14154.t1	g14154.t1	389	No	No
g14155.t1	g14155.t1	109	No	No
g14156.t1	g14156.t1	157	No	No
g14157.t1	g14157.t1	372	No	No
g14158.t1	g14158.t1	149	No	No
g14159.t1	g14159.t1	94	No	No
g14160.t1	g14160.t1	563	Yes	No
g14161.t1	g14161.t1	437	No	No
g14162.t1	g14162.t1	379	No	No
g14163.t1	g14163.t1	382	No	No
g14164.t1	g14164.t1	843	No	No
g14165.t1	g14165.t1	294	Yes	No
g14166.t1	g14166.t1	188	No	No
g14167.t1	g14167.t1	81	No	No
g14168.t1	g14168.t1	422	No	No
g14169.t1	g14169.t1	218	No	No
g14170.t1	g14170.t1	98	No	No
g14171.t1	g14171.t1	145	No	No
g14172.t1	g14172.t1	59	Yes	No
g14173.t1	g14173.t1	407	No	No
g14174.t1	g14174.t1	124	No	No
g14175.t1	g14175.t1	141	Yes	No
g14176.t1	g14176.t1	133	No	No
g14177.t1	g14177.t1	195	No	No
g14178.t1	g14178.t1	213	No	No
g14179.t1	g14179.t1	381	No	No
g14180.t1	g14180.t1	114	No	No
g14181.t1	g14181.t1	77	No	No
g14182.t2	g14182.t2	683	No	No
g14183.t1	g14183.t1	650	No	No
g14184.t1	g14184.t1	317	No	No
g14185.t1	g14185.t1	1584	No	No
g14186.t1	g14186.t1	376	No	No
g14187.t1	g14187.t1	274	No	No
g14188.t1	g14188.t1	352	No	No
g14189.t1	g14189.t1	97	No	No
g14190.t1	g14190.t1	571	No	No
g14191.t1	g14191.t1	373	No	No
g14192.t1	g14192.t1	308	No	No
g14193.t1	g14193.t1	455	No	No
g14194.t1	g14194.t1	232	Yes	No
g14195.t1	g14195.t1	463	No	No
g14196.t1	g14196.t1	1499	No	No
g14197.t1	g14197.t1	76	No	No
g14198.t1	g14198.t1	416	No	No
g14199.t1	g14199.t1	174	No	No
g14200.t1	g14200.t1	573	No	No
g14201.t1	g14201.t1	174	No	No
g14202.t1	g14202.t1	112	No	No
g14203.t1	g14203.t1	88	No	No
g14204.t1	g14204.t1	210	No	No
g14205.t1	g14205.t1	150	No	No
g14206.t1	g14206.t1	197	Yes	No
g14207.t1	g14207.t1	113	No	No
g14208.t1	g14208.t1	1113	No	No
g14209.t1	g14209.t1	102	No	No
g14210.t1	g14210.t1	77	No	No
g14211.t1	g14211.t1	595	Yes	No
g14212.t1	g14212.t1	203	Yes	No
g14213.t1	g14213.t1	92	No	No
g14214.t1	g14214.t1	76	No	No
g14215.t1	g14215.t1	473	No	No
g14216.t1	g14216.t1	87	No	No
g14217.t1	g14217.t1	153	No	No
g14218.t1	g14218.t1	1240	No	No
g14219.t1	g14219.t1	673	No	No
g14220.t1	g14220.t1	319	No	No
g14221.t1	g14221.t1	153	No	No
g14222.t1	g14222.t1	725	No	No
g14223.t1	g14223.t1	329	No	No
g14224.t1	g14224.t1	313	No	No
g14225.t1	g14225.t1	321	No	No
g14226.t1	g14226.t1	543	No	No
g14227.t1	g14227.t1	129	No	No
g14228.t1	g14228.t1	196	No	No
g14229.t1	g14229.t1	330	No	No
g14230.t1	g14230.t1	261	No	No
g14231.t1	g14231.t1	825	No	No
g14232.t1	g14232.t1	138	No	No
g14233.t1	g14233.t1	1162	No	No
g14234.t1	g14234.t1	164	No	No
g14235.t2	g14235.t2	1639	No	No
g14236.t1	g14236.t1	144	No	No
g14237.t1	g14237.t1	265	No	No
g14238.t1	g14238.t1	119	No	No
g14239.t1	g14239.t1	739	No	No
g14240.t1	g14240.t1	100	No	No
g14241.t1	g14241.t1	424	No	No
g14242.t1	g14242.t1	823	No	No
g14243.t1	g14243.t1	1090	No	No
g14244.t1	g14244.t1	130	No	No
g14245.t1	g14245.t1	261	No	No
g14246.t1	g14246.t1	569	No	No
g14247.t1	g14247.t1	210	Yes	No
g14248.t1	g14248.t1	713	No	No
g14249.t1	g14249.t1	219	No	No
g14250.t2	g14250.t2	225	No	No
g14251.t1	g14251.t1	766	No	No
g14252.t1	g14252.t1	292	No	No
g14253.t1	g14253.t1	3309	No	No
g14254.t1	g14254.t1	413	No	No
g14255.t1	g14255.t1	170	No	No
g14256.t1	g14256.t1	540	No	No
g14257.t1	g14257.t1	272	No	No
g14258.t1	g14258.t1	578	Yes	No
g14259.t1	g14259.t1	57	No	No
g14260.t1	g14260.t1	123	No	No
g14261.t1	g14261.t1	104	No	No
g14262.t1	g14262.t1	112	No	No
g14263.t1	g14263.t1	188	Yes	No
g14264.t1	g14264.t1	97	No	No
g14265.t1	g14265.t1	481	No	No
g14266.t1	g14266.t1	958	No	No
g14267.t1	g14267.t1	456	No	No
g14268.t1	g14268.t1	938	No	No
g14269.t1	g14269.t1	623	No	No
g14270.t1	g14270.t1	468	No	No
g14271.t1	g14271.t1	529	No	No
g14272.t1	g14272.t1	462	No	No
g14273.t1	g14273.t1	437	No	No
g14274.t3	g14274.t3	450	No	No
g14275.t1	g14275.t1	28	Yes	No
g14276.t1	g14276.t1	566	No	No
g14277.t1	g14277.t1	564	No	No
g14278.t1	g14278.t1	564	No	No
g14279.t1	g14279.t1	441	No	No
g14280.t1	g14280.t1	214	Yes	No
g14281.t2	g14281.t2	328	No	No
g14282.t1	g14282.t1	390	No	No
g14283.t1	g14283.t1	233	No	No
g14284.t1	g14284.t1	115	No	No
g14285.t1	g14285.t1	89	No	No
g14286.t1	g14286.t1	403	No	No
g14287.t1	g14287.t1	428	No	No
g14288.t1	g14288.t1	128	No	No
g14289.t1	g14289.t1	343	Yes	No
g14290.t1	g14290.t1	533	No	No
g14291.t1	g14291.t1	89	No	No
g14292.t1	g14292.t1	401	No	No
g14293.t1	g14293.t1	54	No	No
g14294.t1	g14294.t1	114	No	No
g14295.t1	g14295.t1	68	No	No
g14296.t1	g14296.t1	1157	No	No
g14297.t1	g14297.t1	131	No	No
g14298.t1	g14298.t1	263	No	No
g14299.t1	g14299.t1	263	No	No
g14300.t1	g14300.t1	121	No	No
g14301.t1	g14301.t1	188	No	No
g14302.t1	g14302.t1	135	No	No
g14303.t1	g14303.t1	82	No	No
g14304.t1	g14304.t1	42	Yes	No
g14305.t1	g14305.t1	91	Yes	No
g14306.t1	g14306.t1	298	No	No
g14307.t1	g14307.t1	406	No	No
g14308.t1	g14308.t1	140	No	No
g14309.t1	g14309.t1	170	No	No
g14310.t1	g14310.t1	106	No	No
g14311.t1	g14311.t1	575	No	No
g14312.t1	g14312.t1	360	No	No
g14313.t1	g14313.t1	82	No	No
g14314.t1	g14314.t1	141	No	No
g14315.t1	g14315.t1	72	No	No
g14316.t2	g14316.t2	1976	No	No
g14317.t1	g14317.t1	104	No	No
g14318.t1	g14318.t1	599	No	No
g14319.t1	g14319.t1	474	No	No
g14320.t1	g14320.t1	421	No	No
g14321.t1	g14321.t1	127	No	No
g14322.t2	g14322.t2	398	Yes	No
g14323.t1	g14323.t1	146	No	No
g14324.t1	g14324.t1	234	No	No
g14325.t1	g14325.t1	117	No	No
g14326.t1	g14326.t1	103	No	No
g14327.t1	g14327.t1	194	No	No
g14328.t1	g14328.t1	112	No	No
g14329.t1	g14329.t1	64	Yes	No
g14330.t1	g14330.t1	789	No	No
g14331.t1	g14331.t1	1013	No	No
g14332.t1	g14332.t1	184	No	No
g14333.t1	g14333.t1	83	No	No
g14334.t1	g14334.t1	81	No	No
g14335.t1	g14335.t1	114	No	No
g14336.t1	g14336.t1	112	No	No
g14337.t1	g14337.t1	109	No	No
g14338.t1	g14338.t1	154	No	No
g14339.t1	g14339.t1	579	No	No
g14340.t1	g14340.t1	206	No	No
g14341.t1	g14341.t1	107	No	No
g14342.t1	g14342.t1	365	No	No
g14343.t1	g14343.t1	1033	No	No
g14344.t3	g14344.t3	2882	No	No
g14345.t1	g14345.t1	430	No	No
g14346.t1	g14346.t1	488	No	No
g14347.t1	g14347.t1	109	No	No
g14348.t1	g14348.t1	1198	No	No
g14349.t1	g14349.t1	1112	No	No
g14350.t1	g14350.t1	79	No	No
g14351.t1	g14351.t1	96	Yes	No
g14352.t1	g14352.t1	311	No	No
g14353.t1	g14353.t1	309	No	No
g14354.t1	g14354.t1	253	Yes	No
g14355.t1	g14355.t1	119	No	No
g14356.t1	g14356.t1	95	No	No
g14357.t1	g14357.t1	93	No	No
g14358.t1	g14358.t1	171	No	No
g14359.t1	g14359.t1	744	No	No
g14360.t1	g14360.t1	151	Yes	No
g14361.t1	g14361.t1	179	No	No
g14362.t1	g14362.t1	274	No	No
g14363.t1	g14363.t1	157	No	No
g14364.t1	g14364.t1	252	No	No
g14365.t1	g14365.t1	78	No	No
g14366.t1	g14366.t1	429	No	No
g14367.t1	g14367.t1	255	No	No
g14368.t1	g14368.t1	143	Yes	No
g14369.t1	g14369.t1	327	No	No
g14370.t1	g14370.t1	300	No	No
g14371.t1	g14371.t1	145	No	No
g14372.t1	g14372.t1	101	No	No
g14373.t1	g14373.t1	192	No	No
g14374.t1	g14374.t1	114	No	No
g14375.t1	g14375.t1	519	No	No
g14376.t1	g14376.t1	750	No	No
g14377.t1	g14377.t1	581	No	No
g14378.t1	g14378.t1	375	No	No
g14379.t1	g14379.t1	146	No	No
g14380.t1	g14380.t1	314	No	No
g14381.t1	g14381.t1	143	No	No
g14382.t1	g14382.t1	331	No	No
g14383.t1	g14383.t1	82	No	No
g14384.t1	g14384.t1	120	No	No
g14385.t1	g14385.t1	112	No	No
g14386.t1	g14386.t1	431	No	No
g14387.t1	g14387.t1	108	No	No
g14388.t2	g14388.t2	303	No	No
g14389.t1	g14389.t1	88	No	No
g14390.t1	g14390.t1	637	No	No
g14391.t1	g14391.t1	355	No	No
g14392.t1	g14392.t1	651	No	No
g14393.t1	g14393.t1	245	No	No
g14394.t1	g14394.t1	534	Yes	No
g14395.t1	g14395.t1	288	No	No
g14396.t1	g14396.t1	354	Yes	No
g14397.t1	g14397.t1	138	No	No
g14398.t1	g14398.t1	71	No	No
g14399.t1	g14399.t1	301	No	No
g14400.t1	g14400.t1	466	No	No
g14401.t1	g14401.t1	501	No	No
g14402.t1	g14402.t1	439	No	No
g14403.t2	g14403.t2	482	No	No
g14404.t1	g14404.t1	637	No	No
g14405.t2	g14405.t2	324	No	No
g14406.t1	g14406.t1	84	No	No
g14407.t1	g14407.t1	1102	No	No
g14408.t1	g14408.t1	88	No	No
g14409.t1	g14409.t1	115	No	No
g14410.t1	g14410.t1	69	Yes	No
g14411.t1	g14411.t1	261	No	No
g14412.t1	g14412.t1	557	No	No
g14413.t1	g14413.t1	1285	No	No
g14414.t1	g14414.t1	760	No	No
g14415.t1	g14415.t1	1402	No	No
g14416.t1	g14416.t1	48	Yes	No
g14417.t1	g14417.t1	92	No	No
g14418.t1	g14418.t1	168	Yes	No
g14419.t1	g14419.t1	76	No	No
g14420.t1	g14420.t1	124	No	No
g14421.t1	g14421.t1	163	No	No
g14422.t1	g14422.t1	87	No	No
g14423.t1	g14423.t1	620	No	No
g14424.t1	g14424.t1	325	Yes	No
g14425.t1	g14425.t1	102	No	No
g14426.t1	g14426.t1	232	No	No
g14427.t1	g14427.t1	611	No	No
g14428.t1	g14428.t1	105	No	No
g14429.t1	g14429.t1	157	No	No
g14430.t1	g14430.t1	248	Yes	No
g14431.t1	g14431.t1	153	No	No
g14432.t1	g14432.t1	87	No	No
g14433.t1	g14433.t1	709	No	No
g14434.t1	g14434.t1	298	No	No
g14435.t1	g14435.t1	187	No	No
g14436.t1	g14436.t1	986	No	No
g14437.t1	g14437.t1	140	No	No
g14438.t1	g14438.t1	376	No	No
g14439.t1	g14439.t1	745	No	No
g14440.t1	g14440.t1	494	Yes	No
g14441.t1	g14441.t1	186	No	No
g14442.t1	g14442.t1	228	No	No
g14443.t1	g14443.t1	161	No	No
g14444.t3	g14444.t3	837	No	No
g14445.t1	g14445.t1	1061	No	No
g14446.t1	g14446.t1	442	No	No
g14447.t1	g14447.t1	373	No	No
g14448.t1	g14448.t1	231	No	No
g14449.t1	g14449.t1	436	No	No
g14450.t1	g14450.t1	415	No	No
g14451.t1	g14451.t1	103	No	No
g14452.t2	g14452.t2	435	No	No
g14453.t1	g14453.t1	81	No	No
g14454.t1	g14454.t1	78	No	No
g14455.t1	g14455.t1	351	No	No
g14456.t1	g14456.t1	373	No	No
g14457.t1	g14457.t1	380	No	No
g14458.t1	g14458.t1	176	No	No
g14459.t1	g14459.t1	516	Yes	No
g14460.t1	g14460.t1	625	No	No
g14461.t1	g14461.t1	910	No	No
g14462.t1	g14462.t1	132	No	No
g14463.t1	g14463.t1	600	No	No
g14464.t1	g14464.t1	606	No	No
g14465.t1	g14465.t1	265	No	No
g14466.t1	g14466.t1	188	No	No
g14467.t1	g14467.t1	389	No	No
g14468.t1	g14468.t1	193	No	No
g14469.t1	g14469.t1	517	No	No
g14470.t1	g14470.t1	764	No	No
g14471.t1	g14471.t1	221	No	No
g14472.t1	g14472.t1	1044	No	No
g14473.t1	g14473.t1	148	No	No
g14474.t1	g14474.t1	61	Yes	No
g14475.t1	g14475.t1	109	No	No
g14476.t1	g14476.t1	254	No	No
g14477.t1	g14477.t1	100	No	No
g14478.t1	g14478.t1	304	No	No
g14479.t1	g14479.t1	230	No	No
g14480.t1	g14480.t1	317	No	No
g14481.t1	g14481.t1	68	No	No
g14482.t1	g14482.t1	127	No	No
g14483.t1	g14483.t1	491	No	No
g14484.t1	g14484.t1	446	No	No
g14485.t1	g14485.t1	110	No	No
g14486.t1	g14486.t1	1205	No	No
g14487.t1	g14487.t1	180	No	No
g14488.t1	g14488.t1	561	No	No
g14489.t1	g14489.t1	101	No	No
g14490.t1	g14490.t1	99	No	No
g14491.t1	g14491.t1	427	No	No
g14492.t1	g14492.t1	85	No	No
g14493.t1	g14493.t1	521	No	No
g14494.t1	g14494.t1	306	No	No
g14495.t1	g14495.t1	579	No	No
g14496.t1	g14496.t1	541	No	No
g14497.t1	g14497.t1	90	No	No
g14498.t1	g14498.t1	536	No	No
g14499.t1	g14499.t1	364	No	No
g14500.t1	g14500.t1	386	No	No
g14501.t1	g14501.t1	701	No	No
g14502.t1	g14502.t1	116	No	No
g14503.t1	g14503.t1	105	No	No
g14504.t1	g14504.t1	78	No	No
g14505.t1	g14505.t1	144	No	No
g14506.t1	g14506.t1	417	No	No
g14507.t1	g14507.t1	572	Yes	No
g14508.t1	g14508.t1	132	No	No
g14509.t1	g14509.t1	181	No	No
g14510.t1	g14510.t1	685	No	No
g14511.t1	g14511.t1	66	Yes	No
g14512.t1	g14512.t1	72	No	No
g14513.t1	g14513.t1	322	No	No
g14514.t1	g14514.t1	126	No	No
g14515.t1	g14515.t1	148	No	No
g14516.t1	g14516.t1	190	No	No
g14517.t1	g14517.t1	95	No	No
g14518.t1	g14518.t1	105	No	No
g14519.t1	g14519.t1	135	No	No
g14520.t1	g14520.t1	85	No	No
g14521.t1	g14521.t1	121	No	No
g14522.t1	g14522.t1	95	No	No
g14523.t1	g14523.t1	1662	No	No
g14524.t1	g14524.t1	1392	No	No
g14525.t1	g14525.t1	607	No	No
g14526.t1	g14526.t1	605	No	No
g14527.t1	g14527.t1	535	No	No
g14528.t1	g14528.t1	569	No	No
g14529.t1	g14529.t1	150	No	No
g14530.t1	g14530.t1	626	No	No
g14531.t1	g14531.t1	519	No	No
g14532.t1	g14532.t1	290	Yes	No
g14533.t1	g14533.t1	341	No	No
g14534.t1	g14534.t1	110	No	No
g14535.t1	g14535.t1	175	No	No
g14536.t1	g14536.t1	202	No	No
g14537.t1	g14537.t1	404	No	No
g14538.t1	g14538.t1	315	No	No
g14539.t1	g14539.t1	320	No	No
g14540.t1	g14540.t1	264	No	No
g14541.t1	g14541.t1	477	No	No
g14542.t1	g14542.t1	309	No	No
g14543.t1	g14543.t1	1283	No	No
g14544.t1	g14544.t1	431	No	No
g14545.t1	g14545.t1	123	No	No
g14546.t1	g14546.t1	273	No	No
g14547.t1	g14547.t1	121	No	No
g14548.t1	g14548.t1	156	No	No
g14549.t1	g14549.t1	130	No	No
g14550.t1	g14550.t1	521	No	No
g14551.t1	g14551.t1	82	No	No
g14552.t1	g14552.t1	531	No	No
g14553.t1	g14553.t1	170	No	No
g14554.t1	g14554.t1	87	No	No
g14555.t1	g14555.t1	1809	No	No
g14556.t2	g14556.t2	476	No	No
g14557.t1	g14557.t1	382	No	No
g14558.t1	g14558.t1	186	No	No
g14559.t1	g14559.t1	73	No	No
g14560.t1	g14560.t1	638	Yes	No
g14561.t1	g14561.t1	710	No	No
g14562.t1	g14562.t1	298	No	No
g14563.t1	g14563.t1	150	No	No
g14564.t1	g14564.t1	138	No	No
g14565.t1	g14565.t1	69	No	No
g14566.t1	g14566.t1	399	No	No
g14567.t1	g14567.t1	1861	No	No
g14568.t2	g14568.t2	322	No	No
g14569.t1	g14569.t1	546	No	No
g14570.t1	g14570.t1	414	No	No
g14571.t1	g14571.t1	104	No	No
g14572.t2	g14572.t2	802	No	No
g14573.t1	g14573.t1	1360	Yes	No
g14574.t1	g14574.t1	93	No	No
g14575.t1	g14575.t1	69	No	No
g14576.t1	g14576.t1	326	Yes	No
g14577.t1	g14577.t1	580	No	No
g14578.t1	g14578.t1	598	No	No
g14579.t1	g14579.t1	158	No	No
g14580.t1	g14580.t1	249	No	No
g14581.t1	g14581.t1	114	No	No
g14582.t1	g14582.t1	77	No	No
g14583.t1	g14583.t1	658	No	No
g14584.t1	g14584.t1	1811	No	No
g14585.t1	g14585.t1	595	No	No
g14586.t1	g14586.t1	68	No	No
g14587.t1	g14587.t1	86	No	No
g14588.t1	g14588.t1	93	No	No
g14589.t1	g14589.t1	305	No	No
g14590.t1	g14590.t1	103	No	No
g14591.t1	g14591.t1	99	No	No
g14592.t1	g14592.t1	85	No	No
g14593.t1	g14593.t1	123	No	No
g14594.t1	g14594.t1	200	No	No
g14595.t1	g14595.t1	66	No	No
g14596.t1	g14596.t1	67	No	No
g14597.t1	g14597.t1	150	No	No
g14598.t1	g14598.t1	191	No	No
g14599.t1	g14599.t1	649	No	No
g14600.t1	g14600.t1	197	No	No
g14601.t1	g14601.t1	123	Yes	No
g14602.t1	g14602.t1	423	No	No
g14603.t1	g14603.t1	242	No	No
g14604.t1	g14604.t1	290	No	No
g14605.t1	g14605.t1	473	No	No
g14606.t1	g14606.t1	224	No	No
g14607.t1	g14607.t1	422	No	No
g14608.t1	g14608.t1	119	No	No
g14609.t1	g14609.t1	888	No	No
g14610.t1	g14610.t1	239	No	No
g14611.t1	g14611.t1	138	No	No
g14612.t1	g14612.t1	292	Yes	No
g14613.t1	g14613.t1	99	No	No
g14614.t1	g14614.t1	179	No	No
g14615.t1	g14615.t1	409	No	No
g14616.t1	g14616.t1	67	No	No
g14617.t1	g14617.t1	161	No	No
g14618.t1	g14618.t1	195	No	No
g14619.t1	g14619.t1	148	No	No
g14620.t1	g14620.t1	156	No	No
g14621.t1	g14621.t1	108	No	No
g14622.t1	g14622.t1	894	No	No
g14623.t1	g14623.t1	490	No	No
g14624.t1	g14624.t1	165	No	No
g14625.t1	g14625.t1	139	No	No
g14626.t1	g14626.t1	209	Yes	No
g14627.t1	g14627.t1	78	No	No
g14628.t1	g14628.t1	173	No	No
g14629.t1	g14629.t1	102	No	No
g14630.t2	g14630.t2	626	No	No
g14631.t1	g14631.t1	627	No	No
g14632.t1	g14632.t1	288	No	No
g14633.t1	g14633.t1	97	No	No
g14634.t1	g14634.t1	84	No	No
g14635.t1	g14635.t1	89	No	No
g14636.t1	g14636.t1	400	No	No
g14637.t1	g14637.t1	512	No	No
g14638.t1	g14638.t1	886	No	No
g14639.t1	g14639.t1	425	No	No
g14640.t1	g14640.t1	366	No	No
g14641.t1	g14641.t1	191	No	No
g14642.t1	g14642.t1	150	No	No
g14643.t1	g14643.t1	662	No	No
g14644.t1	g14644.t1	74	No	No
g14645.t1	g14645.t1	134	No	No
g14646.t1	g14646.t1	331	No	No
g14647.t1	g14647.t1	512	No	No
g14648.t1	g14648.t1	485	No	No
g14649.t1	g14649.t1	237	No	No
g14650.t1	g14650.t1	767	No	No
g14651.t1	g14651.t1	165	No	No
g14652.t1	g14652.t1	246	No	No
g14653.t1	g14653.t1	330	No	No
g14654.t1	g14654.t1	171	No	No
g14655.t1	g14655.t1	148	No	No
g14656.t1	g14656.t1	562	No	No
g14657.t1	g14657.t1	239	No	No
g14658.t1	g14658.t1	119	No	No
g14659.t1	g14659.t1	731	No	No
g14660.t1	g14660.t1	88	No	No
g14661.t1	g14661.t1	863	No	No
g14662.t1	g14662.t1	923	No	No
g14663.t1	g14663.t1	314	No	No
g14664.t1	g14664.t1	888	No	No
g14665.t2	g14665.t2	219	No	No
g14666.t1	g14666.t1	562	No	No
g14667.t1	g14667.t1	177	No	No
g14668.t1	g14668.t1	314	No	No
g14669.t1	g14669.t1	453	No	No
g14670.t1	g14670.t1	370	No	No
g14671.t1	g14671.t1	387	No	No
g14672.t1	g14672.t1	79	No	No
g14673.t1	g14673.t1	393	No	No
g14674.t1	g14674.t1	112	Yes	No
g14675.t1	g14675.t1	130	No	No
g14676.t1	g14676.t1	1774	No	No
g14677.t1	g14677.t1	33	No	No
g14678.t1	g14678.t1	207	No	No
g14679.t1	g14679.t1	239	No	No
g14680.t1	g14680.t1	543	No	No
g14681.t1	g14681.t1	177	No	No
g14682.t1	g14682.t1	392	No	No
g14683.t1	g14683.t1	499	No	No
g14684.t1	g14684.t1	71	No	No
g14685.t1	g14685.t1	841	No	No
g14686.t1	g14686.t1	66	No	No
g14687.t1	g14687.t1	460	No	No
g14688.t1	g14688.t1	1365	No	No
g14689.t1	g14689.t1	86	No	No
g14690.t1	g14690.t1	85	No	No
g14691.t1	g14691.t1	89	No	No
g14692.t1	g14692.t1	304	No	No
g14693.t1	g14693.t1	92	No	No
g14694.t1	g14694.t1	90	No	No
g14695.t1	g14695.t1	107	No	No
g14696.t1	g14696.t1	70	No	No
g14697.t1	g14697.t1	71	No	No
g14698.t1	g14698.t1	173	No	No
g14699.t1	g14699.t1	835	No	No
g14700.t1	g14700.t1	438	No	No
g14701.t1	g14701.t1	754	No	No
g14702.t1	g14702.t1	95	No	No
g14703.t1	g14703.t1	329	No	No
g14704.t1	g14704.t1	401	No	No
g14705.t1	g14705.t1	550	Yes	No
g14706.t1	g14706.t1	90	No	No
g14707.t1	g14707.t1	150	No	No
g14708.t1	g14708.t1	849	No	No
g14709.t1	g14709.t1	118	No	No
g14710.t1	g14710.t1	160	No	No
g14711.t1	g14711.t1	79	No	No
g14712.t1	g14712.t1	635	No	No
g14713.t1	g14713.t1	2320	No	No
g14714.t1	g14714.t1	84	No	No
g14715.t1	g14715.t1	83	No	No
g14716.t1	g14716.t1	302	No	No
g14717.t1	g14717.t1	131	No	No
g14718.t1	g14718.t1	66	No	No
g14719.t1	g14719.t1	112	No	No
g14720.t1	g14720.t1	99	No	No
g14721.t1	g14721.t1	725	No	No
g14722.t1	g14722.t1	102	No	No
g14723.t1	g14723.t1	101	Yes	No
g14724.t1	g14724.t1	293	Yes	No
g14725.t1	g14725.t1	90	No	No
g14726.t1	g14726.t1	593	No	No
g14727.t1	g14727.t1	464	No	No
g14728.t1	g14728.t1	85	No	No
g14729.t1	g14729.t1	175	No	No
g14730.t1	g14730.t1	134	No	No
g14731.t1	g14731.t1	233	No	No
g14732.t1	g14732.t1	292	No	No
g14733.t1	g14733.t1	222	No	No
g14734.t1	g14734.t1	534	No	No
g14735.t1	g14735.t1	1335	No	No
g14736.t1	g14736.t1	534	No	No
g14737.t1	g14737.t1	513	No	No
g14738.t1	g14738.t1	76	Yes	No
g14739.t1	g14739.t1	618	No	No
g14740.t1	g14740.t1	380	No	No
g14741.t1	g14741.t1	83	No	No
g14742.t1	g14742.t1	101	No	No
g14743.t1	g14743.t1	845	No	No
g14744.t1	g14744.t1	329	No	No
g14745.t1	g14745.t1	384	No	No
g14746.t1	g14746.t1	151	No	No
g14747.t1	g14747.t1	198	No	No
g14748.t1	g14748.t1	759	No	No
g14749.t1	g14749.t1	875	Yes	No
g14750.t1	g14750.t1	83	No	No
g14751.t1	g14751.t1	91	No	No
g14752.t1	g14752.t1	419	No	No
g14753.t1	g14753.t1	201	No	No
g14754.t1	g14754.t1	66	No	No
g14755.t1	g14755.t1	375	No	No
g14756.t1	g14756.t1	47	Yes	No
g14757.t1	g14757.t1	692	No	No
g14758.t1	g14758.t1	344	No	No
g14759.t1	g14759.t1	1033	No	No
g14760.t1	g14760.t1	329	No	No
g14761.t1	g14761.t1	214	No	No
g14762.t1	g14762.t1	462	No	No
g14763.t1	g14763.t1	137	No	No
g14764.t1	g14764.t1	102	No	No
g14765.t1	g14765.t1	89	No	No
g14766.t1	g14766.t1	172	No	No
g14767.t1	g14767.t1	1121	No	No
g14768.t1	g14768.t1	281	No	No
g14769.t1	g14769.t1	160	No	No
g14770.t1	g14770.t1	318	No	No
g14771.t1	g14771.t1	92	No	No
g14772.t1	g14772.t1	452	No	No
g14773.t1	g14773.t1	183	No	No
g14774.t1	g14774.t1	287	No	No
g14775.t1	g14775.t1	552	No	No
g14776.t1	g14776.t1	125	No	No
g14777.t1	g14777.t1	351	Yes	No
g14778.t1	g14778.t1	425	No	No
g14779.t1	g14779.t1	537	No	No
g14780.t1	g14780.t1	187	Yes	No
g14781.t1	g14781.t1	72	No	No
g14782.t2	g14782.t2	1882	No	No
g14783.t1	g14783.t1	75	No	No
g14784.t1	g14784.t1	609	No	No
g14785.t1	g14785.t1	138	No	No
g14786.t1	g14786.t1	97	No	No
g14787.t1	g14787.t1	240	No	No
g14788.t2	g14788.t2	225	No	No
g14789.t1	g14789.t1	257	No	No
g14790.t1	g14790.t1	252	No	No
g14791.t1	g14791.t1	300	No	No
g14792.t1	g14792.t1	809	No	No
g14793.t1	g14793.t1	102	No	No
g14794.t1	g14794.t1	214	No	No
g14795.t1	g14795.t1	495	No	No
g14796.t1	g14796.t1	293	No	No
g14797.t1	g14797.t1	235	No	No
g14798.t1	g14798.t1	70	No	No
g14799.t1	g14799.t1	266	No	No
g14800.t1	g14800.t1	989	No	No
g14801.t1	g14801.t1	113	No	No
g14802.t1	g14802.t1	124	No	No
g14803.t1	g14803.t1	271	No	No
g14804.t1	g14804.t1	103	No	No
g14805.t1	g14805.t1	324	No	No
g14806.t1	g14806.t1	99	No	No
g14807.t1	g14807.t1	228	Yes	No
g14808.t1	g14808.t1	217	No	No
g14809.t1	g14809.t1	109	No	No
g14810.t1	g14810.t1	212	No	No
g14811.t1	g14811.t1	160	No	No
g14812.t1	g14812.t1	574	Yes	No
g14813.t1	g14813.t1	169	No	No
g14814.t1	g14814.t1	635	No	No
g14815.t1	g14815.t1	110	No	No
g14816.t1	g14816.t1	68	Yes	No
g14817.t1	g14817.t1	88	No	No
g14818.t1	g14818.t1	202	No	No
g14819.t1	g14819.t1	144	No	No
g14820.t1	g14820.t1	125	No	No
g14821.t1	g14821.t1	164	No	No
g14822.t1	g14822.t1	76	No	No
g14823.t1	g14823.t1	702	No	No
g14824.t1	g14824.t1	930	No	No
g14825.t1	g14825.t1	136	No	No
g14826.t1	g14826.t1	84	No	No
g14827.t1	g14827.t1	198	No	No
g14828.t1	g14828.t1	244	No	No
g14829.t1	g14829.t1	907	No	No
g14830.t1	g14830.t1	510	No	No
g14831.t1	g14831.t1	191	No	No
g14832.t1	g14832.t1	138	No	No
g14833.t1	g14833.t1	386	No	No
g14834.t1	g14834.t1	888	No	No
g14835.t1	g14835.t1	1206	No	No
g14836.t1	g14836.t1	182	No	No
g14837.t1	g14837.t1	324	Yes	No
g14838.t1	g14838.t1	165	No	No
g14839.t1	g14839.t1	191	No	No
g14840.t1	g14840.t1	331	No	No
g14841.t1	g14841.t1	254	No	No
g14842.t1	g14842.t1	227	No	No
g14843.t1	g14843.t1	255	No	No
g14844.t1	g14844.t1	211	No	No
g14845.t1	g14845.t1	178	No	No
g14846.t1	g14846.t1	261	No	No
g14847.t1	g14847.t1	291	No	No
g14848.t1	g14848.t1	799	No	No
g14849.t1	g14849.t1	577	No	No
g14850.t1	g14850.t1	132	No	No
g14851.t1	g14851.t1	236	No	No
g14852.t1	g14852.t1	204	Yes	No
g14853.t1	g14853.t1	387	Yes	No
g14854.t1	g14854.t1	269	No	No
g14855.t1	g14855.t1	113	No	No
g14856.t1	g14856.t1	93	No	No
g14857.t1	g14857.t1	120	No	No
g14858.t1	g14858.t1	240	No	No
g14859.t1	g14859.t1	90	No	No
g14860.t1	g14860.t1	154	No	No
g14861.t1	g14861.t1	196	No	No
g14862.t1	g14862.t1	158	No	No
g14863.t1	g14863.t1	118	No	No
g14864.t1	g14864.t1	112	No	No
g14865.t1	g14865.t1	103	No	No
g14866.t1	g14866.t1	289	Yes	No
g14867.t1	g14867.t1	75	No	No
g14868.t1	g14868.t1	460	Yes	No
g14869.t1	g14869.t1	320	Yes	No
g14870.t1	g14870.t1	237	No	No
g14871.t1	g14871.t1	445	No	No
g14872.t1	g14872.t1	237	No	No
g14873.t2	g14873.t2	1664	No	No
g14874.t1	g14874.t1	240	Yes	No
g14875.t1	g14875.t1	528	No	No
g14876.t1	g14876.t1	993	No	No
g14877.t1	g14877.t1	258	No	No
g14878.t1	g14878.t1	351	No	No
g14879.t1	g14879.t1	235	No	No
g14880.t1	g14880.t1	339	No	No
g14881.t1	g14881.t1	304	No	No
g14882.t1	g14882.t1	273	No	No
g14883.t1	g14883.t1	212	No	No
g14884.t1	g14884.t1	151	No	No
g14885.t1	g14885.t1	780	No	No
g14886.t1	g14886.t1	400	No	No
g14887.t1	g14887.t1	334	No	No
g14888.t1	g14888.t1	187	No	No
g14889.t1	g14889.t1	265	Yes	No
g14890.t1	g14890.t1	400	No	No
g14891.t1	g14891.t1	96	No	No
g14892.t1	g14892.t1	273	No	No
g14893.t1	g14893.t1	1214	No	No
g14894.t1	g14894.t1	849	No	No
g14895.t1	g14895.t1	104	No	No
g14896.t1	g14896.t1	198	No	No
g14897.t1	g14897.t1	194	No	No
g14898.t1	g14898.t1	199	No	No
g14899.t1	g14899.t1	257	No	No
g14900.t1	g14900.t1	686	No	No
g14901.t1	g14901.t1	135	No	No
g14902.t1	g14902.t1	103	No	No
g14903.t1	g14903.t1	247	No	No
g14904.t1	g14904.t1	149	No	No
g14905.t1	g14905.t1	291	No	No
g14906.t1	g14906.t1	161	No	No
g14907.t1	g14907.t1	285	No	No
g14908.t1	g14908.t1	69	No	No
g14909.t1	g14909.t1	101	No	No
g14910.t1	g14910.t1	57	No	No
g14911.t1	g14911.t1	128	No	No
g14912.t1	g14912.t1	212	Yes	No
g14913.t1	g14913.t1	184	No	No
g14914.t1	g14914.t1	274	No	No
g14915.t1	g14915.t1	196	No	No
g14916.t1	g14916.t1	70	No	No
g14917.t1	g14917.t1	349	No	No
g14918.t2	g14918.t2	73	No	No
g14919.t1	g14919.t1	384	No	No
g14920.t1	g14920.t1	78	Yes	No
g14921.t1	g14921.t1	216	No	No
g14922.t1	g14922.t1	76	No	No
g14923.t3	g14923.t3	194	No	No
g14924.t1	g14924.t1	138	No	No
g14925.t1	g14925.t1	137	No	No
g14926.t1	g14926.t1	625	No	No
g14927.t1	g14927.t1	266	No	No
g14928.t1	g14928.t1	492	No	No
g14929.t1	g14929.t1	287	No	No
g14930.t1	g14930.t1	614	No	No
g14931.t1	g14931.t1	606	No	No
g14932.t1	g14932.t1	195	No	No
g14933.t1	g14933.t1	100	No	No
g14934.t1	g14934.t1	386	No	No
g14935.t1	g14935.t1	439	No	No
g14936.t1	g14936.t1	944	No	No
g14937.t1	g14937.t1	1120	No	No
g14938.t1	g14938.t1	157	No	No
g14939.t1	g14939.t1	244	No	No
g14940.t1	g14940.t1	1089	No	No
g14941.t1	g14941.t1	108	No	No
g14942.t1	g14942.t1	55	Yes	No
g14943.t1	g14943.t1	176	No	No
g14944.t1	g14944.t1	235	No	No
g14945.t2	g14945.t2	316	No	No
g14946.t1	g14946.t1	462	No	No
g14947.t1	g14947.t1	2706	No	No
g14948.t1	g14948.t1	1751	No	No
g14949.t1	g14949.t1	138	No	No
g14950.t1	g14950.t1	434	No	No
g14951.t1	g14951.t1	1970	No	No
g14952.t1	g14952.t1	306	No	No
g14953.t1	g14953.t1	395	No	No
g14954.t1	g14954.t1	352	No	No
g14955.t1	g14955.t1	641	No	No
g14956.t1	g14956.t1	75	No	No
g14957.t1	g14957.t1	337	No	No
g14958.t1	g14958.t1	322	No	No
g14959.t1	g14959.t1	119	No	No
g14960.t1	g14960.t1	116	No	No
g14961.t1	g14961.t1	121	No	No
g14962.t1	g14962.t1	113	No	No
g14963.t1	g14963.t1	119	Yes	No
g14964.t1	g14964.t1	116	No	No
g14965.t1	g14965.t1	327	No	No
g14966.t1	g14966.t1	512	No	No
g14967.t1	g14967.t1	658	No	No
g14968.t1	g14968.t1	1241	No	No
g14969.t1	g14969.t1	1260	No	No
g14970.t1	g14970.t1	100	No	No
g14971.t1	g14971.t1	108	Yes	No
g14972.t1	g14972.t1	145	No	No
g14973.t1	g14973.t1	111	No	No
g14974.t1	g14974.t1	163	No	No
g14975.t2	g14975.t2	170	Yes	No
g14976.t1	g14976.t1	365	No	No
g14977.t1	g14977.t1	276	Yes	No
g14978.t1	g14978.t1	163	Yes	No
g14979.t1	g14979.t1	91	No	No
g14980.t1	g14980.t1	203	No	No
g14981.t1	g14981.t1	81	No	No
g14982.t1	g14982.t1	41	No	No
g14983.t1	g14983.t1	180	No	No
g14984.t1	g14984.t1	472	No	No
g14985.t1	g14985.t1	172	No	No
g14986.t1	g14986.t1	159	No	No
g14987.t1	g14987.t1	99	No	No
g14988.t1	g14988.t1	88	No	No
g14989.t1	g14989.t1	1084	No	No
g14990.t1	g14990.t1	63	No	No
g14991.t1	g14991.t1	325	No	No
g14992.t1	g14992.t1	120	No	No
g14993.t1	g14993.t1	274	No	No
g14994.t1	g14994.t1	205	No	No
g14995.t1	g14995.t1	103	No	No
g14996.t1	g14996.t1	85	No	No
g14997.t1	g14997.t1	869	No	No
g14998.t1	g14998.t1	209	No	No
g14999.t1	g14999.t1	132	No	No
g15000.t1	g15000.t1	143	No	No
g15001.t1	g15001.t1	234	No	No
g15002.t1	g15002.t1	217	No	No
g15003.t1	g15003.t1	1289	No	No
g15004.t1	g15004.t1	340	No	No
g15005.t2	g15005.t2	196	Yes	No
g15006.t1	g15006.t1	150	No	No
g15007.t1	g15007.t1	206	No	No
g15008.t1	g15008.t1	45	Yes	No
g15009.t1	g15009.t1	113	No	No
g15010.t1	g15010.t1	54	Yes	No
g15011.t3	g15011.t3	1123	No	No
g15012.t1	g15012.t1	205	No	No
g15013.t1	g15013.t1	377	No	No
g15014.t1	g15014.t1	95	No	No
g15015.t1	g15015.t1	366	No	No
g15016.t1	g15016.t1	384	No	No
g15017.t1	g15017.t1	372	No	No
g15018.t1	g15018.t1	164	No	No
g15019.t1	g15019.t1	181	No	No
g15020.t1	g15020.t1	417	No	No
g15021.t1	g15021.t1	252	No	No
g15022.t1	g15022.t1	266	No	No
g15023.t1	g15023.t1	374	No	No
g15024.t1	g15024.t1	3652	No	No
g15025.t1	g15025.t1	580	No	No
g15026.t1	g15026.t1	267	No	No
g15027.t1	g15027.t1	377	No	No
g15028.t1	g15028.t1	440	No	No
g15029.t1	g15029.t1	528	No	No
g15030.t1	g15030.t1	327	No	No
g15031.t1	g15031.t1	67	No	No
g15032.t2	g15032.t2	239	No	No
g15033.t1	g15033.t1	317	No	No
g15034.t1	g15034.t1	162	No	No
g15035.t1	g15035.t1	1249	No	No
g15036.t1	g15036.t1	164	No	No
g15037.t1	g15037.t1	1674	No	No
g15038.t1	g15038.t1	149	No	No
g15039.t1	g15039.t1	544	No	No
g15040.t1	g15040.t1	308	No	No
g15041.t1	g15041.t1	558	No	No
g15042.t1	g15042.t1	125	No	No
g15043.t1	g15043.t1	994	No	No
g15044.t1	g15044.t1	351	No	No
g15045.t1	g15045.t1	125	No	No
g15046.t1	g15046.t1	245	No	No
g15047.t1	g15047.t1	79	No	No
g15048.t1	g15048.t1	260	No	No
g15049.t1	g15049.t1	36	No	No
g15050.t1	g15050.t1	540	No	No
g15051.t1	g15051.t1	133	No	No
g15052.t1	g15052.t1	107	No	No
g15053.t1	g15053.t1	524	No	No
g15054.t1	g15054.t1	57	Yes	No
g15055.t1	g15055.t1	71	No	No
g15056.t1	g15056.t1	110	No	No
g15057.t1	g15057.t1	165	No	No
g15058.t1	g15058.t1	460	No	No
g15059.t1	g15059.t1	233	No	No
g15060.t1	g15060.t1	929	No	No
g15061.t1	g15061.t1	936	No	No
g15062.t1	g15062.t1	103	No	No
g15063.t1	g15063.t1	774	No	No
g15064.t1	g15064.t1	125	No	No
g15065.t1	g15065.t1	588	No	No
g15066.t1	g15066.t1	176	No	No
g15067.t1	g15067.t1	117	No	No
g15068.t1	g15068.t1	461	No	No
g15069.t1	g15069.t1	1325	No	No
g15070.t1	g15070.t1	242	No	No
g15071.t1	g15071.t1	94	No	No
g15072.t1	g15072.t1	121	No	No
g15073.t1	g15073.t1	106	No	No
g15074.t1	g15074.t1	451	No	No
g15075.t1	g15075.t1	203	No	No
g15076.t1	g15076.t1	356	No	No
g15077.t1	g15077.t1	722	No	No
g15078.t1	g15078.t1	307	No	No
g15079.t1	g15079.t1	106	No	No
g15080.t1	g15080.t1	74	No	No
g15081.t1	g15081.t1	74	No	No
g15082.t1	g15082.t1	371	Yes	No
g15083.t1	g15083.t1	88	No	No
g15084.t1	g15084.t1	130	No	No
g15085.t1	g15085.t1	104	No	No
g15086.t1	g15086.t1	339	No	No
g15087.t1	g15087.t1	635	No	No
g15088.t1	g15088.t1	312	No	No
g15089.t1	g15089.t1	142	No	No
g15090.t1	g15090.t1	215	No	No
g15091.t1	g15091.t1	263	No	No
g15092.t1	g15092.t1	272	No	No
g15093.t1	g15093.t1	92	No	No
g15094.t1	g15094.t1	140	No	No
g15095.t1	g15095.t1	115	No	No
g15096.t1	g15096.t1	88	No	No
g15097.t1	g15097.t1	135	No	No
g15098.t1	g15098.t1	105	No	No
g15099.t1	g15099.t1	173	No	No
g15100.t1	g15100.t1	275	No	No
g15101.t1	g15101.t1	376	No	No
g15102.t1	g15102.t1	167	Yes	No
g15103.t1	g15103.t1	295	No	No
g15104.t1	g15104.t1	120	No	No
g15105.t2	g15105.t2	377	No	No
g15106.t1	g15106.t1	76	No	No
g15107.t1	g15107.t1	167	No	No
g15108.t1	g15108.t1	131	No	No
g15109.t1	g15109.t1	164	No	No
g15110.t1	g15110.t1	237	No	No
g15111.t1	g15111.t1	245	No	No
g15112.t1	g15112.t1	261	No	No
g15113.t1	g15113.t1	241	No	No
g15114.t1	g15114.t1	398	No	No
g15115.t1	g15115.t1	778	No	No
g15116.t1	g15116.t1	166	No	No
g15117.t1	g15117.t1	354	No	No
g15118.t1	g15118.t1	354	No	No
g15119.t1	g15119.t1	233	No	No
g15120.t1	g15120.t1	393	No	No
g15121.t1	g15121.t1	333	No	No
g15122.t1	g15122.t1	150	No	No
g15123.t1	g15123.t1	83	No	No
g15124.t1	g15124.t1	205	No	No
g15125.t1	g15125.t1	789	No	No
g15126.t1	g15126.t1	258	No	No
g15127.t1	g15127.t1	86	Yes	No
g15128.t1	g15128.t1	92	No	No
g15129.t1	g15129.t1	107	Yes	No
g15130.t1	g15130.t1	113	No	No
g15131.t1	g15131.t1	101	No	No
g15132.t1	g15132.t1	275	No	No
g15133.t1	g15133.t1	238	No	No
g15134.t1	g15134.t1	43	Yes	No
g15135.t1	g15135.t1	148	No	No
g15136.t1	g15136.t1	90	No	No
g15137.t1	g15137.t1	80	No	No
g15138.t1	g15138.t1	104	No	No
g15139.t1	g15139.t1	148	No	No
g15140.t1	g15140.t1	90	No	No
g15141.t1	g15141.t1	219	No	No
g15142.t1	g15142.t1	117	No	No
g15143.t1	g15143.t1	96	No	No
g15144.t1	g15144.t1	81	No	No
g15145.t1	g15145.t1	172	No	No
g15146.t1	g15146.t1	97	No	No
g15147.t1	g15147.t1	152	No	No
g15148.t1	g15148.t1	190	No	No
g15149.t1	g15149.t1	260	No	No
g15150.t1	g15150.t1	83	No	No
g15151.t1	g15151.t1	154	No	No
g15152.t1	g15152.t1	177	No	No
g15153.t1	g15153.t1	429	No	No
g15154.t1	g15154.t1	99	No	No
g15155.t1	g15155.t1	858	No	No
g15156.t1	g15156.t1	171	No	No
g15157.t1	g15157.t1	84	No	No
g15158.t1	g15158.t1	124	No	No
g15159.t1	g15159.t1	243	No	No
g15160.t1	g15160.t1	1858	No	No
g15161.t1	g15161.t1	102	No	No
g15162.t1	g15162.t1	95	No	No
g15163.t1	g15163.t1	85	No	No
g15164.t1	g15164.t1	162	No	No
g15165.t1	g15165.t1	172	No	No
g15166.t1	g15166.t1	935	No	No
g15167.t1	g15167.t1	394	No	No
g15168.t1	g15168.t1	118	No	No
g15169.t1	g15169.t1	306	No	No
g15170.t1	g15170.t1	91	No	No
g15171.t1	g15171.t1	179	No	No
g15172.t1	g15172.t1	95	Yes	No
g15173.t1	g15173.t1	437	No	No
g15174.t1	g15174.t1	86	No	No
g15175.t1	g15175.t1	258	No	No
g15176.t1	g15176.t1	548	No	No
g15177.t1	g15177.t1	209	No	No
g15178.t1	g15178.t1	473	No	No
g15179.t1	g15179.t1	490	No	No
g15180.t1	g15180.t1	122	No	No
g15181.t1	g15181.t1	393	No	No
g15182.t1	g15182.t1	86	No	No
g15183.t1	g15183.t1	117	No	No
g15184.t1	g15184.t1	439	No	No
g15185.t1	g15185.t1	130	No	No
g15186.t1	g15186.t1	253	No	No
g15187.t1	g15187.t1	142	No	No
g15188.t1	g15188.t1	832	No	No
g15189.t1	g15189.t1	660	No	No
g15190.t1	g15190.t1	54	No	No
g15191.t1	g15191.t1	305	No	No
g15192.t1	g15192.t1	351	No	No
g15193.t1	g15193.t1	403	No	No
g15194.t1	g15194.t1	87	No	No
g15195.t1	g15195.t1	83	No	No
g15196.t1	g15196.t1	110	No	No
g15197.t1	g15197.t1	311	No	No
g15198.t1	g15198.t1	196	No	No
g15199.t1	g15199.t1	696	No	No
g15200.t1	g15200.t1	529	No	No
g15201.t1	g15201.t1	67	No	No
g15202.t1	g15202.t1	983	Yes	No
g15203.t1	g15203.t1	542	No	No
g15204.t1	g15204.t1	165	No	No
g15205.t1	g15205.t1	299	No	No
g15206.t1	g15206.t1	298	No	No
g15207.t1	g15207.t1	383	No	No
g15208.t1	g15208.t1	481	No	No
g15209.t1	g15209.t1	480	No	No
g15210.t1	g15210.t1	140	No	No
g15211.t1	g15211.t1	403	No	No
g15212.t1	g15212.t1	245	No	No
g15213.t1	g15213.t1	364	No	No
g15214.t2	g15214.t2	1610	No	No
g15215.t1	g15215.t1	193	No	No
g15216.t1	g15216.t1	176	No	No
g15217.t1	g15217.t1	297	No	No
g15218.t1	g15218.t1	220	No	No
g15219.t1	g15219.t1	114	No	No
g15220.t1	g15220.t1	263	No	No
g15221.t1	g15221.t1	183	No	No
g15222.t1	g15222.t1	315	No	No
g15223.t1	g15223.t1	1553	No	No
g15224.t1	g15224.t1	468	No	No
g15225.t1	g15225.t1	122	No	No
g15226.t1	g15226.t1	400	No	No
g15227.t1	g15227.t1	112	No	No
g15228.t1	g15228.t1	150	No	No
g15229.t1	g15229.t1	117	No	No
g15230.t1	g15230.t1	161	No	No
g15231.t1	g15231.t1	144	No	No
g15232.t1	g15232.t1	106	Yes	No
g15233.t1	g15233.t1	119	No	No
g15234.t1	g15234.t1	272	No	No
g15235.t1	g15235.t1	213	No	No
g15236.t1	g15236.t1	408	No	No
g15237.t1	g15237.t1	254	No	No
g15238.t1	g15238.t1	223	No	No
g15239.t1	g15239.t1	132	No	No
g15240.t1	g15240.t1	120	No	No
g15241.t1	g15241.t1	86	No	No
g15242.t1	g15242.t1	220	No	No
g15243.t1	g15243.t1	193	No	No
g15244.t1	g15244.t1	678	No	No
g15245.t1	g15245.t1	496	No	No
g15246.t1	g15246.t1	1368	No	No
g15247.t1	g15247.t1	87	No	No
g15248.t1	g15248.t1	80	Yes	No
g15249.t1	g15249.t1	217	No	No
g15250.t1	g15250.t1	326	No	No
g15251.t1	g15251.t1	235	No	No
g15252.t1	g15252.t1	305	No	No
g15253.t1	g15253.t1	87	No	No
g15254.t1	g15254.t1	468	No	No
g15255.t1	g15255.t1	810	No	No
g15256.t1	g15256.t1	303	No	No
g15257.t1	g15257.t1	241	No	No
g15258.t1	g15258.t1	173	No	No
g15259.t1	g15259.t1	78	No	No
g15260.t1	g15260.t1	110	No	No
g15261.t1	g15261.t1	107	No	No
g15262.t1	g15262.t1	157	No	No
g15263.t1	g15263.t1	96	No	No
g15264.t1	g15264.t1	122	No	No
g15265.t1	g15265.t1	537	No	No
g15266.t1	g15266.t1	17	No	No
g15267.t1	g15267.t1	291	Yes	No
g15268.t1	g15268.t1	184	Yes	No
g15269.t1	g15269.t1	85	No	No
g15270.t1	g15270.t1	443	No	No
g15271.t1	g15271.t1	174	No	No
g15272.t1	g15272.t1	2440	No	No
g15273.t1	g15273.t1	73	No	No
g15274.t1	g15274.t1	127	No	No
g15275.t1	g15275.t1	188	No	No
g15276.t1	g15276.t1	135	No	No
g15277.t1	g15277.t1	42	Yes	No
g15278.t1	g15278.t1	393	No	No
g15279.t1	g15279.t1	76	No	No
g15280.t1	g15280.t1	81	No	No
g15281.t1	g15281.t1	181	No	No
g15282.t1	g15282.t1	2293	Yes	No
g15283.t1	g15283.t1	1115	No	No
g15284.t1	g15284.t1	50	Yes	No
g15285.t1	g15285.t1	827	No	No
g15286.t1	g15286.t1	89	No	No
g15287.t1	g15287.t1	1472	No	No
g15288.t1	g15288.t1	87	No	No
g15289.t1	g15289.t1	85	No	No
g15290.t1	g15290.t1	88	No	No
g15291.t1	g15291.t1	122	No	No
g15292.t1	g15292.t1	467	No	No
g15293.t1	g15293.t1	74	No	No
g15294.t1	g15294.t1	168	No	No
g15295.t1	g15295.t1	126	No	No
g15296.t1	g15296.t1	117	No	No
g15297.t1	g15297.t1	105	No	No
g15298.t1	g15298.t1	367	No	No
g15299.t1	g15299.t1	463	No	No
g15300.t3	g15300.t3	530	No	No
g15301.t1	g15301.t1	86	No	No
g15302.t1	g15302.t1	161	No	No
g15303.t1	g15303.t1	485	No	No
g15304.t1	g15304.t1	118	No	No
g15305.t1	g15305.t1	155	No	No
g15306.t1	g15306.t1	125	No	No
g15307.t1	g15307.t1	462	No	No
g15308.t1	g15308.t1	142	No	No
g15309.t1	g15309.t1	43	Yes	No
g15310.t1	g15310.t1	185	No	No
g15311.t1	g15311.t1	107	No	No
g15312.t1	g15312.t1	654	No	No
g15313.t1	g15313.t1	629	No	No
g15314.t1	g15314.t1	125	No	No
g15315.t1	g15315.t1	438	No	No
g15316.t1	g15316.t1	92	No	No
g15317.t1	g15317.t1	697	No	No
g15318.t1	g15318.t1	199	No	No
g15319.t1	g15319.t1	294	No	No
g15320.t1	g15320.t1	169	No	No
g15321.t1	g15321.t1	91	No	No
g15322.t1	g15322.t1	117	No	No
g15323.t1	g15323.t1	474	No	No
g15324.t1	g15324.t1	235	No	No
g15325.t1	g15325.t1	514	Yes	No
g15326.t1	g15326.t1	117	No	No
g15327.t1	g15327.t1	87	No	No
g15328.t1	g15328.t1	629	No	No
g15329.t2	g15329.t2	890	No	No
g15330.t1	g15330.t1	140	No	No
g15331.t1	g15331.t1	1123	No	No
g15332.t1	g15332.t1	376	No	No
g15333.t1	g15333.t1	146	No	No
g15334.t1	g15334.t1	232	No	No
g15335.t2	g15335.t2	488	No	No
g15336.t1	g15336.t1	178	No	No
g15337.t1	g15337.t1	223	No	No
g15338.t1	g15338.t1	230	No	No
g15339.t1	g15339.t1	175	No	No
g15340.t1	g15340.t1	181	No	No
g15341.t1	g15341.t1	248	No	No
g15342.t1	g15342.t1	252	No	No
g15343.t1	g15343.t1	664	No	No
g15344.t1	g15344.t1	67	No	No
g15345.t1	g15345.t1	109	No	No
g15346.t1	g15346.t1	135	No	No
g15347.t1	g15347.t1	134	No	No
g15348.t1	g15348.t1	169	No	No
g15349.t1	g15349.t1	74	No	No
g15350.t1	g15350.t1	137	No	No
g15351.t1	g15351.t1	114	No	No
g15352.t1	g15352.t1	129	No	No
g15353.t1	g15353.t1	72	No	No
g15354.t1	g15354.t1	45	Yes	No
g15355.t1	g15355.t1	104	No	No
g15356.t1	g15356.t1	109	No	No
g15357.t1	g15357.t1	133	No	No
g15358.t1	g15358.t1	109	No	No
g15359.t1	g15359.t1	89	No	No
g15360.t1	g15360.t1	110	No	No
g15361.t1	g15361.t1	1111	No	No
g15362.t1	g15362.t1	190	No	No
g15363.t1	g15363.t1	219	No	No
g15364.t2	g15364.t2	103	No	No
g15365.t1	g15365.t1	112	No	No
g15366.t1	g15366.t1	339	No	No
g15367.t1	g15367.t1	192	No	No
g15368.t1	g15368.t1	712	No	No
g15369.t1	g15369.t1	350	No	No
g15370.t1	g15370.t1	512	No	No
g15371.t1	g15371.t1	158	No	No
g15372.t1	g15372.t1	141	Yes	No
g15373.t1	g15373.t1	418	No	No
g15374.t1	g15374.t1	453	No	No
g15375.t1	g15375.t1	1022	No	No
g15376.t2	g15376.t2	1451	No	No
g15377.t1	g15377.t1	186	No	No
g15378.t1	g15378.t1	265	No	No
g15379.t1	g15379.t1	87	No	No
g15380.t1	g15380.t1	259	No	No
g15381.t1	g15381.t1	259	No	No
g15382.t1	g15382.t1	51	No	No
g15383.t1	g15383.t1	102	No	No
g15384.t1	g15384.t1	114	No	No
g15385.t1	g15385.t1	434	No	No
g15386.t1	g15386.t1	418	No	No
g15387.t1	g15387.t1	395	No	No
g15388.t1	g15388.t1	82	Yes	No
g15389.t1	g15389.t1	245	No	No
g15390.t1	g15390.t1	315	No	No
g15391.t1	g15391.t1	247	No	No
g15392.t3	g15392.t3	1817	No	No
g15393.t1	g15393.t1	180	No	No
g15394.t1	g15394.t1	774	No	No
g15395.t1	g15395.t1	78	No	No
g15396.t1	g15396.t1	873	No	No
g15397.t1	g15397.t1	178	Yes	No
g15398.t1	g15398.t1	340	No	No
g15399.t1	g15399.t1	41	No	No
g15400.t1	g15400.t1	410	No	No
g15401.t1	g15401.t1	127	No	No
g15402.t1	g15402.t1	380	No	No
g15403.t1	g15403.t1	385	No	No
g15404.t1	g15404.t1	414	No	No
g15405.t1	g15405.t1	89	No	No
g15406.t1	g15406.t1	723	No	No
g15407.t1	g15407.t1	550	No	No
g15408.t1	g15408.t1	506	No	No
g15409.t1	g15409.t1	284	No	No
g15410.t1	g15410.t1	194	No	No
g15411.t1	g15411.t1	106	No	No
g15412.t1	g15412.t1	78	No	No
g15413.t1	g15413.t1	691	No	No
g15414.t1	g15414.t1	77	No	No
g15415.t1	g15415.t1	444	No	No
g15416.t1	g15416.t1	501	No	No
g15417.t1	g15417.t1	175	No	No
g15418.t1	g15418.t1	431	No	No
g15419.t1	g15419.t1	572	No	No
g15420.t1	g15420.t1	136	No	No
g15421.t1	g15421.t1	137	No	No
g15422.t1	g15422.t1	335	No	No
g15423.t1	g15423.t1	156	No	No
g15424.t1	g15424.t1	509	No	No
g15425.t1	g15425.t1	301	No	No
g15426.t1	g15426.t1	868	No	No
g15427.t1	g15427.t1	296	No	No
g15428.t1	g15428.t1	938	No	No
g15429.t1	g15429.t1	107	No	No
g15430.t1	g15430.t1	101	No	No
g15431.t1	g15431.t1	253	No	No
g15432.t1	g15432.t1	100	No	No
g15433.t1	g15433.t1	105	No	No
g15434.t1	g15434.t1	797	No	No
g15435.t1	g15435.t1	291	No	No
g15436.t1	g15436.t1	487	No	No
g15437.t1	g15437.t1	190	Yes	No
g15438.t1	g15438.t1	380	Yes	No
g15439.t1	g15439.t1	93	Yes	No
g15440.t1	g15440.t1	102	No	No
g15441.t2	g15441.t2	546	No	No
g15442.t1	g15442.t1	285	No	No
g15443.t1	g15443.t1	271	No	No
g15444.t1	g15444.t1	87	No	No
g15445.t3	g15445.t3	247	No	No
g15446.t1	g15446.t1	106	No	No
g15447.t1	g15447.t1	373	No	No
g15448.t1	g15448.t1	231	No	No
g15449.t1	g15449.t1	304	No	No
g15450.t1	g15450.t1	1442	No	No
g15451.t1	g15451.t1	122	No	No
g15452.t1	g15452.t1	176	No	No
g15453.t1	g15453.t1	346	No	No
g15454.t1	g15454.t1	562	No	No
g15455.t2	g15455.t2	302	No	No
g15456.t1	g15456.t1	200	No	No
g15457.t1	g15457.t1	139	No	No
g15458.t1	g15458.t1	125	No	No
g15459.t1	g15459.t1	118	Yes	No
g15460.t1	g15460.t1	219	No	No
g15461.t1	g15461.t1	91	No	No
g15462.t1	g15462.t1	101	No	No
g15463.t1	g15463.t1	302	Yes	No
g15464.t1	g15464.t1	133	No	No
g15465.t1	g15465.t1	288	No	No
g15466.t1	g15466.t1	128	No	No
g15467.t1	g15467.t1	106	Yes	No
g15468.t1	g15468.t1	69	No	No
g15469.t1	g15469.t1	79	No	No
g15470.t1	g15470.t1	131	No	No
g15471.t1	g15471.t1	84	No	No
g15472.t1	g15472.t1	117	No	No
g15473.t1	g15473.t1	220	No	No
g15474.t1	g15474.t1	97	No	No
g15475.t1	g15475.t1	370	No	No
g15476.t1	g15476.t1	73	No	No
g15477.t1	g15477.t1	202	No	No
g15478.t1	g15478.t1	118	Yes	No
g15479.t1	g15479.t1	162	No	No
g15480.t1	g15480.t1	247	No	No
g15481.t1	g15481.t1	73	No	No
g15482.t1	g15482.t1	280	No	No
g15483.t1	g15483.t1	564	No	No
g15484.t1	g15484.t1	561	No	No
g15485.t1	g15485.t1	564	No	No
g15486.t1	g15486.t1	89	No	No
g15487.t1	g15487.t1	514	No	No
g15488.t1	g15488.t1	85	No	No
g15489.t1	g15489.t1	103	No	No
g15490.t1	g15490.t1	547	No	No
g15491.t1	g15491.t1	117	No	No
g15492.t1	g15492.t1	140	No	No
g15493.t1	g15493.t1	154	No	No
g15494.t1	g15494.t1	112	No	No
g15495.t1	g15495.t1	86	No	No
g15496.t1	g15496.t1	899	No	No
g15497.t2	g15497.t2	212	No	No
g15498.t1	g15498.t1	759	No	No
g15499.t1	g15499.t1	137	No	No
g15500.t1	g15500.t1	217	No	No
g15501.t1	g15501.t1	249	Yes	No
g15502.t1	g15502.t1	171	No	No
g15503.t1	g15503.t1	302	No	No
g15504.t1	g15504.t1	193	No	No
g15505.t1	g15505.t1	727	No	No
g15506.t1	g15506.t1	592	No	No
g15507.t1	g15507.t1	120	No	No
g15508.t1	g15508.t1	433	No	No
g15509.t1	g15509.t1	570	No	No
g15510.t1	g15510.t1	648	No	No
g15511.t1	g15511.t1	285	No	No
g15512.t1	g15512.t1	80	No	No
g15513.t1	g15513.t1	887	Yes	No
g15514.t1	g15514.t1	102	No	No
g15515.t1	g15515.t1	306	No	No
g15516.t1	g15516.t1	77	No	No
g15517.t1	g15517.t1	383	No	No
g15518.t1	g15518.t1	83	No	No
g15519.t1	g15519.t1	2214	No	No
g15520.t1	g15520.t1	149	Yes	No
g15521.t1	g15521.t1	194	No	No
g15522.t1	g15522.t1	278	No	No
g15523.t1	g15523.t1	892	No	No
g15524.t1	g15524.t1	111	No	No
g15525.t1	g15525.t1	583	No	No
g15526.t1	g15526.t1	856	No	No
g15527.t2	g15527.t2	177	No	No
g15528.t1	g15528.t1	293	No	No
g15529.t1	g15529.t1	105	No	No
g15530.t1	g15530.t1	366	No	No
g15531.t1	g15531.t1	113	No	No
g15532.t1	g15532.t1	90	No	No
g15533.t1	g15533.t1	258	No	No
g15534.t1	g15534.t1	369	Yes	No
g15535.t1	g15535.t1	72	No	No
g15536.t1	g15536.t1	90	No	No
g15537.t1	g15537.t1	285	No	No
g15538.t1	g15538.t1	245	No	No
g15539.t1	g15539.t1	85	No	No
g15540.t1	g15540.t1	491	No	No
g15541.t1	g15541.t1	276	No	No
g15542.t1	g15542.t1	306	No	No
g15543.t1	g15543.t1	94	No	No
g15544.t1	g15544.t1	619	Yes	No
g15545.t1	g15545.t1	101	No	No
g15546.t1	g15546.t1	70	No	No
g15547.t1	g15547.t1	180	No	No
g15548.t1	g15548.t1	366	No	No
g15549.t1	g15549.t1	250	No	No
g15550.t1	g15550.t1	228	No	No
g15551.t1	g15551.t1	174	No	No
g15552.t1	g15552.t1	421	Yes	No
g15553.t1	g15553.t1	202	No	No
g15554.t2	g15554.t2	432	No	No
g15555.t1	g15555.t1	759	No	No
g15556.t1	g15556.t1	374	No	No
g15557.t1	g15557.t1	392	No	No
g15558.t1	g15558.t1	352	No	No
g15559.t1	g15559.t1	341	No	No
g15560.t1	g15560.t1	307	No	No
g15561.t1	g15561.t1	319	No	No
g15562.t1	g15562.t1	237	No	No
g15563.t1	g15563.t1	430	No	No
g15564.t1	g15564.t1	430	No	No
g15565.t1	g15565.t1	442	No	No
g15566.t1	g15566.t1	414	No	No
g15567.t1	g15567.t1	456	Yes	No
g15568.t1	g15568.t1	220	No	No
g15569.t1	g15569.t1	97	No	No
g15570.t1	g15570.t1	61	Yes	No
g15571.t1	g15571.t1	100	No	No
g15572.t1	g15572.t1	120	No	No
g15573.t1	g15573.t1	349	No	No
g15574.t1	g15574.t1	403	No	No
g15575.t1	g15575.t1	356	No	No
g15576.t1	g15576.t1	110	No	No
g15577.t1	g15577.t1	276	No	No
g15578.t1	g15578.t1	109	No	No
g15579.t1	g15579.t1	212	No	No
g15580.t1	g15580.t1	535	Yes	No
g15581.t1	g15581.t1	704	No	No
g15582.t1	g15582.t1	245	No	No
g15583.t1	g15583.t1	221	No	No
g15584.t1	g15584.t1	129	No	No
g15585.t1	g15585.t1	146	No	No
g15586.t1	g15586.t1	1753	Yes	No
g15587.t1	g15587.t1	68	No	No
g15588.t1	g15588.t1	43	No	No
g15589.t1	g15589.t1	215	No	No
g15590.t1	g15590.t1	99	No	No
g15591.t1	g15591.t1	108	No	No
g15592.t1	g15592.t1	131	No	No
g15593.t1	g15593.t1	396	No	No
g15594.t1	g15594.t1	962	No	No
g15595.t1	g15595.t1	528	No	No
g15596.t1	g15596.t1	751	No	No
g15597.t1	g15597.t1	280	No	No
g15598.t1	g15598.t1	347	No	No
g15599.t1	g15599.t1	688	No	No
g15600.t2	g15600.t2	172	No	No
g15601.t1	g15601.t1	377	No	No
g15602.t1	g15602.t1	446	No	No
g15603.t1	g15603.t1	322	No	No
g15604.t1	g15604.t1	485	No	No
g15605.t1	g15605.t1	157	No	No
g15606.t1	g15606.t1	64	Yes	No
g15607.t1	g15607.t1	115	No	No
g15608.t1	g15608.t1	548	No	No
g15609.t1	g15609.t1	136	No	No
g15610.t1	g15610.t1	736	No	No
g15611.t1	g15611.t1	76	Yes	No
g15612.t1	g15612.t1	110	No	No
g15613.t1	g15613.t1	151	No	No
g15614.t1	g15614.t1	129	No	No
g15615.t1	g15615.t1	202	No	No
g15616.t1	g15616.t1	123	No	No
g15617.t1	g15617.t1	125	No	No
g15618.t1	g15618.t1	83	No	No
g15619.t1	g15619.t1	114	No	No
g15620.t2	g15620.t2	1255	Yes	No
g15621.t1	g15621.t1	346	No	No
g15622.t1	g15622.t1	265	No	No
g15623.t1	g15623.t1	497	No	No
g15624.t1	g15624.t1	135	No	No
g15625.t1	g15625.t1	279	No	No
g15626.t1	g15626.t1	627	No	No
g15627.t1	g15627.t1	1259	No	No
g15628.t1	g15628.t1	210	No	No
g15629.t1	g15629.t1	113	No	No
g15630.t1	g15630.t1	418	No	No
g15631.t1	g15631.t1	89	No	No
g15632.t1	g15632.t1	1972	No	No
g15633.t1	g15633.t1	534	No	No
g15634.t1	g15634.t1	587	No	No
g15635.t1	g15635.t1	105	No	No
g15636.t1	g15636.t1	167	No	No
g15637.t1	g15637.t1	204	No	No
g15638.t1	g15638.t1	221	No	No
g15639.t1	g15639.t1	284	No	No
g15640.t1	g15640.t1	121	No	No
g15641.t1	g15641.t1	516	No	No
g15642.t1	g15642.t1	262	No	No
g15643.t1	g15643.t1	254	No	No
g15644.t1	g15644.t1	259	No	No
g15645.t1	g15645.t1	253	No	No
g15646.t1	g15646.t1	44	No	No
g15647.t1	g15647.t1	108	No	No
g15648.t1	g15648.t1	879	No	No
g15649.t1	g15649.t1	82	No	No
g15650.t1	g15650.t1	810	No	No
g15651.t1	g15651.t1	73	No	No
g15652.t1	g15652.t1	128	Yes	No
g15653.t1	g15653.t1	171	No	No
g15654.t1	g15654.t1	358	No	No
g15655.t1	g15655.t1	128	No	No
g15656.t1	g15656.t1	160	No	No
g15657.t1	g15657.t1	1521	No	No
g15658.t1	g15658.t1	87	No	No
g15659.t1	g15659.t1	184	No	No
g15660.t1	g15660.t1	107	No	No
g15661.t1	g15661.t1	67	No	No
g15662.t1	g15662.t1	1264	Yes	No
g15663.t1	g15663.t1	46	Yes	No
g15664.t1	g15664.t1	369	No	No
g15665.t2	g15665.t2	404	No	No
g15666.t1	g15666.t1	167	No	No
g15667.t1	g15667.t1	100	No	No
g15668.t1	g15668.t1	264	No	No
g15669.t1	g15669.t1	115	No	No
g15670.t1	g15670.t1	626	No	No
g15671.t1	g15671.t1	376	No	No
g15672.t1	g15672.t1	71	No	No
g15673.t1	g15673.t1	116	No	No
g15674.t1	g15674.t1	1233	No	No
g15675.t1	g15675.t1	409	No	No
g15676.t1	g15676.t1	99	No	No
g15677.t1	g15677.t1	617	No	No
g15678.t1	g15678.t1	221	No	No
g15679.t1	g15679.t1	102	No	No
g15680.t1	g15680.t1	283	No	No
g15681.t1	g15681.t1	243	No	No
g15682.t1	g15682.t1	439	No	No
g15683.t1	g15683.t1	78	No	No
g15684.t1	g15684.t1	611	No	No
g15685.t1	g15685.t1	85	No	No
g15686.t1	g15686.t1	87	No	No
g15687.t1	g15687.t1	594	No	No
g15688.t1	g15688.t1	132	No	No
g15689.t1	g15689.t1	204	No	No
g15690.t1	g15690.t1	148	No	No
g15691.t1	g15691.t1	99	No	No
g15692.t1	g15692.t1	201	Yes	No
g15693.t1	g15693.t1	152	No	No
g15694.t1	g15694.t1	153	No	No
g15695.t1	g15695.t1	86	No	No
g15696.t1	g15696.t1	84	No	No
g15697.t1	g15697.t1	168	No	No
g15698.t1	g15698.t1	55	Yes	No
g15699.t1	g15699.t1	99	No	No
g15700.t1	g15700.t1	99	No	No
g15701.t1	g15701.t1	89	No	No
g15702.t1	g15702.t1	380	No	No
g15703.t1	g15703.t1	259	No	No
g15704.t1	g15704.t1	155	No	No
g15705.t2	g15705.t2	278	No	No
g15706.t1	g15706.t1	184	No	No
g15707.t1	g15707.t1	377	Yes	No
g15708.t1	g15708.t1	85	No	No
g15709.t1	g15709.t1	288	No	No
g15710.t2	g15710.t2	492	Yes	No
g15711.t1	g15711.t1	252	No	No
g15712.t1	g15712.t1	489	No	No
g15713.t1	g15713.t1	135	No	No
g15714.t1	g15714.t1	108	No	No
g15715.t1	g15715.t1	263	No	No
g15716.t1	g15716.t1	372	No	No
g15717.t1	g15717.t1	743	No	No
g15718.t1	g15718.t1	718	No	No
g15719.t1	g15719.t1	283	No	No
g15720.t1	g15720.t1	214	No	No
g15721.t1	g15721.t1	294	No	No
g15722.t1	g15722.t1	244	No	No
g15723.t1	g15723.t1	264	No	No
g15724.t1	g15724.t1	227	No	No
g15725.t1	g15725.t1	329	No	No
g15726.t1	g15726.t1	166	No	No
g15727.t1	g15727.t1	465	No	No
g15728.t1	g15728.t1	81	No	No
g15729.t1	g15729.t1	168	No	No
g15730.t1	g15730.t1	414	No	No
g15731.t1	g15731.t1	134	No	No
g15732.t1	g15732.t1	606	No	No
g15733.t1	g15733.t1	260	No	No
g15734.t1	g15734.t1	255	No	No
g15735.t1	g15735.t1	78	No	No
g15736.t1	g15736.t1	294	No	No
g15737.t1	g15737.t1	582	No	No
g15738.t1	g15738.t1	241	No	No
g15739.t1	g15739.t1	104	No	No
g15740.t1	g15740.t1	105	No	No
g15741.t1	g15741.t1	560	No	No
g15742.t1	g15742.t1	69	No	No
g15743.t1	g15743.t1	398	No	No
g15744.t1	g15744.t1	20	No	No
g15745.t1	g15745.t1	95	No	No
g15746.t1	g15746.t1	118	No	No
g15747.t1	g15747.t1	296	No	No
g15748.t1	g15748.t1	607	No	No
g15749.t1	g15749.t1	595	Yes	No
g15750.t1	g15750.t1	235	No	No
g15751.t1	g15751.t1	167	Yes	No
g15752.t1	g15752.t1	123	Yes	No
g15753.t1	g15753.t1	74	No	No
g15754.t1	g15754.t1	267	No	No
g15755.t2	g15755.t2	135	No	No
g15756.t1	g15756.t1	88	No	No
g15757.t1	g15757.t1	475	No	No
g15758.t2	g15758.t2	826	No	No
g15759.t1	g15759.t1	117	No	No
g15760.t1	g15760.t1	266	No	No
g15761.t1	g15761.t1	297	No	No
g15762.t1	g15762.t1	160	No	No
g15763.t1	g15763.t1	407	No	No
g15764.t4	g15764.t4	2334	Yes	No
g15765.t1	g15765.t1	1256	No	No
g15766.t1	g15766.t1	622	No	No
g15767.t1	g15767.t1	63	Yes	No
g15768.t1	g15768.t1	76	No	No
g15769.t1	g15769.t1	110	No	No
g15770.t1	g15770.t1	83	No	No
g15771.t1	g15771.t1	79	No	No
g15772.t1	g15772.t1	378	No	No
g15773.t1	g15773.t1	75	No	No
g15774.t1	g15774.t1	73	No	No
g15775.t1	g15775.t1	129	No	No
g15776.t1	g15776.t1	112	No	No
g15777.t1	g15777.t1	67	No	No
g15778.t1	g15778.t1	206	No	No
g15779.t1	g15779.t1	216	No	No
g15780.t1	g15780.t1	216	No	No
g15781.t1	g15781.t1	236	No	No
g15782.t1	g15782.t1	318	No	No
g15783.t1	g15783.t1	78	No	No
g15784.t1	g15784.t1	404	No	No
g15785.t1	g15785.t1	180	No	No
g15786.t1	g15786.t1	145	No	No
g15787.t1	g15787.t1	66	No	No
g15788.t1	g15788.t1	129	No	No
g15789.t1	g15789.t1	152	No	No
g15790.t1	g15790.t1	87	No	No
g15791.t1	g15791.t1	244	No	No
g15792.t1	g15792.t1	118	No	No
g15793.t1	g15793.t1	233	No	No
g15794.t1	g15794.t1	154	No	No
g15795.t1	g15795.t1	120	No	No
g15796.t1	g15796.t1	114	No	No
g15797.t1	g15797.t1	97	No	No
g15798.t1	g15798.t1	173	Yes	No
g15799.t1	g15799.t1	620	No	No
g15800.t1	g15800.t1	456	No	No
g15801.t1	g15801.t1	461	No	No
g15802.t1	g15802.t1	551	No	No
g15803.t1	g15803.t1	80	No	No
g15804.t1	g15804.t1	172	Yes	No
g15805.t1	g15805.t1	536	No	No
g15806.t1	g15806.t1	142	No	No
g15807.t1	g15807.t1	133	No	No
g15808.t1	g15808.t1	409	No	No
g15809.t1	g15809.t1	815	No	No
g15810.t1	g15810.t1	713	No	No
g15811.t1	g15811.t1	270	No	No
g15812.t1	g15812.t1	69	No	No
g15813.t1	g15813.t1	723	No	No
g15814.t1	g15814.t1	124	No	No
g15815.t1	g15815.t1	411	No	No
g15816.t1	g15816.t1	298	No	No
g15817.t1	g15817.t1	102	No	No
g15818.t1	g15818.t1	57	No	No
g15819.t1	g15819.t1	182	No	No
g15820.t1	g15820.t1	100	No	No
g15821.t1	g15821.t1	93	No	No
g15822.t1	g15822.t1	1057	No	No
g15823.t2	g15823.t2	864	No	No
g15824.t1	g15824.t1	275	No	No
g15825.t1	g15825.t1	739	No	No
g15826.t1	g15826.t1	139	No	No
g15827.t1	g15827.t1	74	No	No
g15828.t1	g15828.t1	292	No	No
g15829.t1	g15829.t1	614	No	No
g15830.t1	g15830.t1	749	No	No
g15831.t1	g15831.t1	115	Yes	No
g15832.t1	g15832.t1	554	No	No
g15833.t1	g15833.t1	605	No	No
g15834.t1	g15834.t1	232	No	No
g15835.t1	g15835.t1	107	Yes	No
g15836.t1	g15836.t1	97	No	No
g15837.t1	g15837.t1	87	No	No
g15838.t2	g15838.t2	135	No	No
g15839.t1	g15839.t1	104	No	No
g15840.t1	g15840.t1	612	No	No
g15841.t1	g15841.t1	317	No	No
g15842.t1	g15842.t1	271	No	No
g15843.t1	g15843.t1	287	No	No
g15844.t1	g15844.t1	172	No	No
g15845.t1	g15845.t1	102	No	No
g15846.t1	g15846.t1	309	No	No
g15847.t1	g15847.t1	346	No	No
g15848.t1	g15848.t1	422	No	No
g15849.t1	g15849.t1	173	No	No
g15850.t1	g15850.t1	520	No	No
g15851.t1	g15851.t1	668	No	No
g15852.t1	g15852.t1	188	No	No
g15853.t1	g15853.t1	310	Yes	No
g15854.t1	g15854.t1	123	Yes	No
g15855.t1	g15855.t1	29	Yes	No
g15856.t1	g15856.t1	228	No	No
g15857.t1	g15857.t1	900	No	No
g15858.t1	g15858.t1	412	No	No
g15859.t1	g15859.t1	347	No	No
g15860.t1	g15860.t1	212	No	No
g15861.t1	g15861.t1	140	No	No
g15862.t1	g15862.t1	140	No	No
g15863.t1	g15863.t1	137	No	No
g15864.t1	g15864.t1	324	No	No
g15865.t1	g15865.t1	225	No	No
g15866.t1	g15866.t1	337	No	No
g15867.t1	g15867.t1	340	No	No
g15868.t1	g15868.t1	238	No	No
g15869.t1	g15869.t1	173	No	No
g15870.t1	g15870.t1	381	No	No
g15871.t1	g15871.t1	567	No	No
g15872.t1	g15872.t1	465	No	No
g15873.t1	g15873.t1	651	No	No
g15874.t1	g15874.t1	338	No	No
g15875.t1	g15875.t1	109	No	No
g15876.t1	g15876.t1	86	No	No
g15877.t1	g15877.t1	291	No	No
g15878.t1	g15878.t1	330	No	No
g15879.t1	g15879.t1	331	No	No
g15880.t1	g15880.t1	344	No	No
g15881.t1	g15881.t1	1514	No	No
g15882.t1	g15882.t1	138	No	No
g15883.t1	g15883.t1	162	No	No
g15884.t1	g15884.t1	274	No	No
g15885.t1	g15885.t1	119	No	No
g15886.t1	g15886.t1	399	No	No
g15887.t1	g15887.t1	258	No	No
g15888.t1	g15888.t1	132	No	No
g15889.t1	g15889.t1	88	No	No
g15890.t1	g15890.t1	260	No	No
g15891.t1	g15891.t1	392	No	No
g15892.t2	g15892.t2	299	No	No
g15893.t1	g15893.t1	76	No	No
g15894.t1	g15894.t1	95	No	No
g15895.t1	g15895.t1	184	No	No
g15896.t1	g15896.t1	121	No	No
g15897.t1	g15897.t1	289	No	No
g15898.t1	g15898.t1	103	No	No
g15899.t1	g15899.t1	108	No	No
g15900.t1	g15900.t1	114	No	No
g15901.t1	g15901.t1	120	No	No
g15902.t1	g15902.t1	68	No	No
g15903.t1	g15903.t1	99	No	No
g15904.t1	g15904.t1	364	No	No
g15905.t1	g15905.t1	96	No	No
g15906.t1	g15906.t1	1085	No	No
g15907.t1	g15907.t1	246	No	No
g15908.t1	g15908.t1	105	No	No
g15909.t4	g15909.t4	1144	No	No
g15910.t1	g15910.t1	189	No	No
g15911.t1	g15911.t1	623	No	No
g15912.t1	g15912.t1	207	No	No
g15913.t1	g15913.t1	181	No	No
g15914.t1	g15914.t1	167	No	No
g15915.t1	g15915.t1	117	No	No
g15916.t1	g15916.t1	592	No	No
g15917.t1	g15917.t1	105	No	No
g15918.t1	g15918.t1	217	No	No
g15919.t2	g15919.t2	1193	No	No
g15920.t1	g15920.t1	235	No	No
g15921.t1	g15921.t1	46	Yes	No
g15922.t1	g15922.t1	528	No	No
g15923.t1	g15923.t1	396	No	No
g15924.t1	g15924.t1	445	No	No
g15925.t1	g15925.t1	744	No	No
g15926.t1	g15926.t1	111	No	No
g15927.t1	g15927.t1	174	No	No
g15928.t1	g15928.t1	103	No	No
g15929.t1	g15929.t1	127	No	No
g15930.t1	g15930.t1	129	No	No
g15931.t1	g15931.t1	217	No	No
g15932.t1	g15932.t1	263	No	No
g15933.t1	g15933.t1	168	No	No
g15934.t1	g15934.t1	113	No	No
g15935.t1	g15935.t1	617	Yes	No
g15936.t1	g15936.t1	114	No	No
g15937.t1	g15937.t1	869	No	No
g15938.t1	g15938.t1	181	No	No
g15939.t1	g15939.t1	122	No	No
g15940.t1	g15940.t1	475	No	No
g15941.t1	g15941.t1	441	No	No
g15942.t1	g15942.t1	165	No	No
g15943.t1	g15943.t1	211	No	No
g15944.t1	g15944.t1	95	No	No
g15945.t1	g15945.t1	122	No	No
g15946.t1	g15946.t1	96	No	No
g15947.t1	g15947.t1	149	No	No
g15948.t1	g15948.t1	83	No	No
g15949.t1	g15949.t1	232	No	No
g15950.t1	g15950.t1	66	No	No
g15951.t1	g15951.t1	175	No	No
g15952.t1	g15952.t1	105	No	No
g15953.t1	g15953.t1	98	No	No
g15954.t1	g15954.t1	836	No	No
g15955.t1	g15955.t1	126	No	No
g15956.t1	g15956.t1	355	No	No
g15957.t1	g15957.t1	513	No	No
g15958.t1	g15958.t1	632	No	No
g15959.t1	g15959.t1	107	No	No
g15960.t1	g15960.t1	429	No	No
g15961.t1	g15961.t1	269	No	No
g15962.t1	g15962.t1	697	No	No
g15963.t1	g15963.t1	299	No	No
g15964.t1	g15964.t1	93	No	No
g15965.t1	g15965.t1	414	Yes	No
g15966.t1	g15966.t1	429	No	No
g15967.t1	g15967.t1	903	No	No
g15968.t1	g15968.t1	255	No	No
g15969.t1	g15969.t1	561	No	No
g15970.t1	g15970.t1	551	No	No
g15971.t1	g15971.t1	969	No	No
g15972.t1	g15972.t1	526	No	No
g15973.t1	g15973.t1	110	No	No
g15974.t1	g15974.t1	105	No	No
g15975.t1	g15975.t1	132	No	No
g15976.t1	g15976.t1	92	No	No
g15977.t1	g15977.t1	436	No	No
g15978.t1	g15978.t1	181	No	No
g15979.t1	g15979.t1	142	No	No
g15980.t1	g15980.t1	373	No	No
g15981.t1	g15981.t1	395	No	No
g15982.t1	g15982.t1	122	No	No
g15983.t1	g15983.t1	181	No	No
g15984.t1	g15984.t1	176	No	No
g15985.t2	g15985.t2	363	Yes	No
g15986.t1	g15986.t1	121	No	No
g15987.t1	g15987.t1	92	No	No
g15988.t1	g15988.t1	108	No	No
g15989.t1	g15989.t1	244	Yes	No
g15990.t1	g15990.t1	75	No	No
g15991.t2	g15991.t2	1183	No	No
g15992.t2	g15992.t2	1642	No	No
g15993.t1	g15993.t1	308	No	No
g15994.t1	g15994.t1	208	No	No
g15995.t1	g15995.t1	256	No	No
g15996.t1	g15996.t1	106	No	No
g15997.t1	g15997.t1	336	No	No
g15998.t1	g15998.t1	135	No	No
g15999.t1	g15999.t1	474	No	No
g16000.t1	g16000.t1	77	No	No
g16001.t1	g16001.t1	578	No	No
g16002.t1	g16002.t1	1022	No	No
g16003.t1	g16003.t1	89	No	No
g16004.t1	g16004.t1	369	No	No
g16005.t1	g16005.t1	135	No	No
g16006.t1	g16006.t1	613	No	No
g16007.t1	g16007.t1	94	No	No
g16008.t1	g16008.t1	214	No	No
g16009.t1	g16009.t1	110	No	No
g16010.t1	g16010.t1	888	Yes	No
g16011.t1	g16011.t1	218	Yes	No
g16012.t1	g16012.t1	116	No	No
g16013.t1	g16013.t1	99	No	No
g16014.t1	g16014.t1	167	No	No
g16015.t1	g16015.t1	261	No	No
g16016.t1	g16016.t1	206	Yes	No
g16017.t1	g16017.t1	888	No	No
g16018.t1	g16018.t1	533	No	No
g16019.t1	g16019.t1	233	No	No
g16020.t1	g16020.t1	263	No	No
g16021.t1	g16021.t1	325	No	No
g16022.t1	g16022.t1	1111	No	No
g16023.t1	g16023.t1	848	No	No
g16024.t1	g16024.t1	124	No	No
g16025.t1	g16025.t1	271	Yes	No
g16026.t1	g16026.t1	84	No	No
g16027.t1	g16027.t1	116	No	No
g16028.t1	g16028.t1	470	No	No
g16029.t1	g16029.t1	144	No	No
g16030.t2	g16030.t2	389	No	No
g16031.t1	g16031.t1	242	No	No
g16032.t1	g16032.t1	84	Yes	No
g16033.t1	g16033.t1	85	No	No
g16034.t1	g16034.t1	149	No	No
g16035.t1	g16035.t1	582	Yes	No
g16036.t1	g16036.t1	419	No	No
g16037.t1	g16037.t1	202	Yes	No
g16038.t1	g16038.t1	165	No	No
g16039.t1	g16039.t1	140	No	No
g16040.t1	g16040.t1	169	No	No
g16041.t1	g16041.t1	63	Yes	No
g16042.t1	g16042.t1	68	No	No
g16043.t1	g16043.t1	575	No	No
g16044.t1	g16044.t1	509	No	No
g16045.t1	g16045.t1	635	No	No
g16046.t1	g16046.t1	177	No	No
g16047.t1	g16047.t1	200	No	No
g16048.t1	g16048.t1	141	No	No
g16049.t1	g16049.t1	785	No	No
g16050.t1	g16050.t1	306	No	No
g16051.t1	g16051.t1	153	No	No
g16052.t1	g16052.t1	478	No	No
g16053.t1	g16053.t1	572	No	No
g16054.t1	g16054.t1	569	No	No
g16055.t1	g16055.t1	3467	No	No
g16056.t1	g16056.t1	91	No	No
g16057.t1	g16057.t1	382	No	No
g16058.t1	g16058.t1	508	No	No
g16059.t1	g16059.t1	138	Yes	No
g16060.t1	g16060.t1	103	No	No
g16061.t1	g16061.t1	305	No	No
g16062.t1	g16062.t1	331	No	No
g16063.t1	g16063.t1	984	No	No
g16064.t1	g16064.t1	93	No	No
g16065.t1	g16065.t1	1353	No	No
g16066.t1	g16066.t1	89	No	No
g16067.t1	g16067.t1	301	No	No
g16068.t1	g16068.t1	101	No	No
g16069.t1	g16069.t1	288	No	No
g16070.t1	g16070.t1	303	No	No
g16071.t1	g16071.t1	321	Yes	No
g16072.t1	g16072.t1	575	Yes	No
g16073.t1	g16073.t1	435	Yes	No
g16074.t1	g16074.t1	320	Yes	No
g16075.t1	g16075.t1	249	No	No
g16076.t1	g16076.t1	302	No	No
g16077.t1	g16077.t1	114	No	No
g16078.t1	g16078.t1	84	No	No
g16079.t1	g16079.t1	211	No	No
g16080.t1	g16080.t1	276	No	No
g16081.t1	g16081.t1	114	No	No
g16082.t1	g16082.t1	117	No	No
g16083.t1	g16083.t1	135	Yes	No
g16084.t1	g16084.t1	290	Yes	No
g16085.t1	g16085.t1	112	No	No
g16086.t1	g16086.t1	509	No	No
g16087.t1	g16087.t1	437	No	No
g16088.t1	g16088.t1	266	No	No
g16089.t1	g16089.t1	258	No	No
g16090.t1	g16090.t1	193	No	No
g16091.t1	g16091.t1	498	No	No
g16092.t1	g16092.t1	143	No	No
g16093.t1	g16093.t1	381	No	No
g16094.t1	g16094.t1	97	No	No
g16095.t1	g16095.t1	82	No	No
g16096.t1	g16096.t1	183	No	No
g16097.t1	g16097.t1	49	No	No
g16098.t1	g16098.t1	584	No	No
g16099.t1	g16099.t1	765	No	No
g16100.t1	g16100.t1	169	No	No
g16101.t1	g16101.t1	242	No	No
g16102.t1	g16102.t1	72	No	No
g16103.t1	g16103.t1	162	No	No
g16104.t1	g16104.t1	270	No	No
g16105.t1	g16105.t1	437	No	No
g16106.t1	g16106.t1	580	No	No
g16107.t1	g16107.t1	441	No	No
g16108.t1	g16108.t1	68	Yes	No
g16109.t1	g16109.t1	73	Yes	No
g16110.t1	g16110.t1	159	Yes	No
g16111.t1	g16111.t1	85	No	No
g16112.t1	g16112.t1	610	No	No
g16113.t2	g16113.t2	723	No	No
g16114.t1	g16114.t1	254	No	No
g16115.t1	g16115.t1	1030	No	No
g16116.t1	g16116.t1	359	No	No
g16117.t1	g16117.t1	140	No	No
g16118.t1	g16118.t1	35	No	No
g16119.t2	g16119.t2	466	No	No
g16120.t1	g16120.t1	224	No	No
g16121.t1	g16121.t1	391	No	No
g16122.t1	g16122.t1	146	No	No
g16123.t1	g16123.t1	92	No	No
g16124.t1	g16124.t1	30	Yes	No
g16125.t1	g16125.t1	389	No	No
g16126.t1	g16126.t1	141	No	No
g16127.t1	g16127.t1	2783	No	No
g16128.t1	g16128.t1	655	No	No
g16129.t1	g16129.t1	125	No	No
g16130.t1	g16130.t1	766	No	No
g16131.t1	g16131.t1	188	No	No
g16132.t1	g16132.t1	194	No	No
g16133.t1	g16133.t1	91	No	No
g16134.t1	g16134.t1	68	No	No
g16135.t1	g16135.t1	414	No	No
g16136.t1	g16136.t1	476	No	No
g16137.t1	g16137.t1	312	No	No
g16138.t1	g16138.t1	259	Yes	No
g16139.t1	g16139.t1	33	Yes	No
g16140.t2	g16140.t2	583	No	No
g16141.t1	g16141.t1	481	No	No
g16142.t1	g16142.t1	177	No	No
g16143.t1	g16143.t1	166	No	No
g16144.t1	g16144.t1	188	No	No
g16145.t1	g16145.t1	54	Yes	No
g16146.t1	g16146.t1	54	No	No
g16147.t1	g16147.t1	102	Yes	No
g16148.t1	g16148.t1	513	No	No
g16149.t1	g16149.t1	126	No	No
g16150.t1	g16150.t1	551	No	No
g16151.t1	g16151.t1	264	No	No
g16152.t1	g16152.t1	109	No	No
g16153.t1	g16153.t1	41	Yes	No
g16154.t1	g16154.t1	643	No	No
g16155.t1	g16155.t1	115	No	No
g16156.t2	g16156.t2	872	No	No
g16157.t1	g16157.t1	79	No	No
g16158.t1	g16158.t1	422	No	No
g16159.t1	g16159.t1	30	Yes	No
g16160.t1	g16160.t1	290	Yes	No
g16161.t1	g16161.t1	621	No	No
g16162.t1	g16162.t1	145	No	No
g16163.t1	g16163.t1	520	No	No
g16164.t1	g16164.t1	195	No	No
g16165.t1	g16165.t1	500	No	No
g16166.t1	g16166.t1	475	No	No
g16167.t1	g16167.t1	188	No	No
g16168.t2	g16168.t2	644	Yes	No
g16169.t1	g16169.t1	1111	No	No
g16170.t1	g16170.t1	435	No	No
g16171.t1	g16171.t1	81	No	No
g16172.t1	g16172.t1	79	No	No
g16173.t1	g16173.t1	104	No	No
g16174.t1	g16174.t1	543	No	No
g16175.t1	g16175.t1	86	No	No
g16176.t5	g16176.t5	1185	No	No
g16177.t1	g16177.t1	724	No	No
g16178.t1	g16178.t1	130	No	No
g16179.t1	g16179.t1	111	No	No
g16180.t1	g16180.t1	301	No	No
g16181.t2	g16181.t2	772	No	No
g16182.t1	g16182.t1	104	No	No
g16183.t1	g16183.t1	134	No	No
g16184.t1	g16184.t1	429	Yes	No
g16185.t1	g16185.t1	236	No	No
g16186.t1	g16186.t1	259	No	No
g16187.t1	g16187.t1	234	No	No
g16188.t1	g16188.t1	234	No	No
g16189.t1	g16189.t1	1070	No	No
g16190.t1	g16190.t1	100	No	No
g16191.t1	g16191.t1	955	No	No
g16192.t1	g16192.t1	359	No	No
g16193.t1	g16193.t1	150	No	No
g16194.t1	g16194.t1	164	No	No
g16195.t1	g16195.t1	92	No	No
g16196.t1	g16196.t1	98	No	No
g16197.t1	g16197.t1	149	No	No
g16198.t1	g16198.t1	69	No	No
g16199.t1	g16199.t1	225	No	No
g16200.t2	g16200.t2	1773	No	No
g16201.t1	g16201.t1	414	No	No
g16202.t1	g16202.t1	1211	No	No
g16203.t1	g16203.t1	716	No	No
g16204.t1	g16204.t1	445	No	No
g16205.t1	g16205.t1	143	No	No
g16206.t1	g16206.t1	913	No	No
g16207.t1	g16207.t1	154	No	No
g16208.t1	g16208.t1	333	No	No
g16209.t1	g16209.t1	122	No	No
g16210.t1	g16210.t1	91	No	No
g16211.t1	g16211.t1	687	No	No
g16212.t1	g16212.t1	225	No	No
g16213.t1	g16213.t1	122	No	No
g16214.t1	g16214.t1	457	No	No
g16215.t1	g16215.t1	144	No	No
g16216.t1	g16216.t1	265	No	No
g16217.t1	g16217.t1	532	No	No
g16218.t1	g16218.t1	415	No	No
g16219.t1	g16219.t1	88	No	No
g16220.t1	g16220.t1	76	No	No
g16221.t1	g16221.t1	194	No	No
g16222.t1	g16222.t1	97	No	No
g16223.t1	g16223.t1	171	No	No
g16224.t1	g16224.t1	119	No	No
g16225.t1	g16225.t1	95	No	No
g16226.t1	g16226.t1	825	No	No
g16227.t1	g16227.t1	994	No	No
g16228.t1	g16228.t1	607	No	No
g16229.t1	g16229.t1	364	No	No
g16230.t1	g16230.t1	339	No	No
g16231.t1	g16231.t1	1211	No	No
g16232.t1	g16232.t1	246	No	No
g16233.t1	g16233.t1	338	No	No
g16234.t1	g16234.t1	375	No	No
g16235.t1	g16235.t1	390	No	No
g16236.t1	g16236.t1	127	No	No
g16237.t1	g16237.t1	1375	Yes	No
g16238.t1	g16238.t1	276	No	No
g16239.t1	g16239.t1	305	No	No
g16240.t1	g16240.t1	399	No	No
g16241.t1	g16241.t1	429	No	No
g16242.t1	g16242.t1	429	No	No
g16243.t1	g16243.t1	420	No	No
g16244.t1	g16244.t1	370	No	No
g16245.t1	g16245.t1	423	No	No
g16246.t1	g16246.t1	277	No	No
g16247.t1	g16247.t1	617	No	No
g16248.t1	g16248.t1	154	No	No
g16249.t1	g16249.t1	113	No	No
g16250.t1	g16250.t1	122	No	No
g16251.t1	g16251.t1	121	No	No
g16252.t1	g16252.t1	83	No	No
g16253.t1	g16253.t1	87	Yes	No
g16254.t1	g16254.t1	244	No	No
g16255.t1	g16255.t1	71	No	No
g16256.t1	g16256.t1	114	No	No
g16257.t1	g16257.t1	307	No	No
g16258.t1	g16258.t1	310	No	No
g16259.t1	g16259.t1	347	No	No
g16260.t1	g16260.t1	146	Yes	No
g16261.t1	g16261.t1	237	No	No
g16262.t1	g16262.t1	110	No	No
g16263.t1	g16263.t1	989	No	No
g16264.t1	g16264.t1	71	No	No
g16265.t1	g16265.t1	345	No	No
g16266.t1	g16266.t1	209	No	No
g16267.t1	g16267.t1	253	No	No
g16268.t1	g16268.t1	131	No	No
g16269.t1	g16269.t1	105	No	No
g16270.t1	g16270.t1	1011	No	No
g16271.t1	g16271.t1	234	No	No
g16272.t1	g16272.t1	690	No	No
g16273.t1	g16273.t1	168	No	No
g16274.t1	g16274.t1	187	No	No
g16275.t1	g16275.t1	242	No	No
g16276.t1	g16276.t1	1155	No	No
g16277.t2	g16277.t2	162	No	No
g16278.t1	g16278.t1	140	No	No
g16279.t1	g16279.t1	522	No	No
g16280.t1	g16280.t1	219	No	No
g16281.t1	g16281.t1	65	No	No
g16282.t1	g16282.t1	273	No	No
g16283.t1	g16283.t1	65	Yes	No
g16284.t1	g16284.t1	83	No	No
g16285.t1	g16285.t1	474	No	No
g16286.t1	g16286.t1	452	No	No
g16287.t1	g16287.t1	78	No	No
g16288.t1	g16288.t1	115	No	No
g16289.t1	g16289.t1	1292	No	No
g16290.t1	g16290.t1	1322	No	No
g16291.t1	g16291.t1	715	No	No
g16292.t1	g16292.t1	388	No	No
g16293.t1	g16293.t1	2202	No	No
g16294.t1	g16294.t1	511	No	No
g16295.t1	g16295.t1	115	No	No
g16296.t1	g16296.t1	532	Yes	No
g16297.t1	g16297.t1	1489	No	No
g16298.t1	g16298.t1	515	No	No
g16299.t1	g16299.t1	702	No	No
g16300.t1	g16300.t1	132	No	No
g16301.t1	g16301.t1	256	No	No
g16302.t1	g16302.t1	1014	No	No
g16303.t1	g16303.t1	338	No	No
g16304.t1	g16304.t1	77	No	No
g16305.t1	g16305.t1	179	No	No
g16306.t2	g16306.t2	569	No	No
g16307.t1	g16307.t1	82	No	No
g16308.t1	g16308.t1	383	No	No
g16309.t1	g16309.t1	284	No	No
g16310.t1	g16310.t1	275	No	No
g16311.t1	g16311.t1	266	No	No
g16312.t1	g16312.t1	608	No	No
g16313.t1	g16313.t1	384	No	No
g16314.t1	g16314.t1	98	No	No
g16315.t1	g16315.t1	1838	No	No
g16316.t1	g16316.t1	88	No	No
g16317.t1	g16317.t1	116	No	No
g16318.t1	g16318.t1	117	No	No
g16319.t2	g16319.t2	368	No	No
g16320.t1	g16320.t1	118	No	No
g16321.t1	g16321.t1	344	No	No
g16322.t1	g16322.t1	872	No	No
g16323.t1	g16323.t1	109	No	No
g16324.t1	g16324.t1	1585	No	No
g16325.t1	g16325.t1	139	Yes	No
g16326.t1	g16326.t1	1484	No	No
g16327.t1	g16327.t1	167	No	No
g16328.t1	g16328.t1	297	No	No
g16329.t2	g16329.t2	479	No	No
g16330.t1	g16330.t1	244	No	No
g16331.t1	g16331.t1	839	No	No
g16332.t1	g16332.t1	502	No	No
g16333.t1	g16333.t1	68	No	No
g16334.t2	g16334.t2	1144	No	No
g16335.t1	g16335.t1	208	No	No
g16336.t1	g16336.t1	532	No	No
g16337.t1	g16337.t1	119	No	No
g16338.t1	g16338.t1	267	Yes	No
g16339.t1	g16339.t1	458	Yes	No
g16340.t1	g16340.t1	110	No	No
g16341.t1	g16341.t1	175	No	No
g16342.t1	g16342.t1	77	No	No
g16343.t1	g16343.t1	94	No	No
g16344.t1	g16344.t1	72	No	No
g16345.t1	g16345.t1	540	No	No
g16346.t1	g16346.t1	530	No	No
g16347.t1	g16347.t1	446	No	No
g16348.t1	g16348.t1	636	No	No
g16349.t1	g16349.t1	357	No	No
g16350.t1	g16350.t1	136	No	No
g16351.t1	g16351.t1	178	No	No
g16352.t1	g16352.t1	80	No	No
g16353.t1	g16353.t1	75	No	No
g16354.t2	g16354.t2	337	No	No
g16355.t1	g16355.t1	106	No	No
g16356.t1	g16356.t1	105	No	No
g16357.t1	g16357.t1	278	No	No
g16358.t1	g16358.t1	75	Yes	No
g16359.t1	g16359.t1	103	No	No
g16360.t1	g16360.t1	535	No	No
g16361.t1	g16361.t1	285	No	No
g16362.t1	g16362.t1	164	No	No
g16363.t1	g16363.t1	202	Yes	No
g16364.t1	g16364.t1	200	No	No
g16365.t1	g16365.t1	184	No	No
g16366.t1	g16366.t1	403	No	No
g16367.t1	g16367.t1	123	No	No
g16368.t1	g16368.t1	138	No	No
g16369.t1	g16369.t1	187	No	No
g16370.t1	g16370.t1	144	No	No
g16371.t1	g16371.t1	2858	No	No
g16372.t1	g16372.t1	185	No	No
g16373.t1	g16373.t1	568	No	No
g16374.t1	g16374.t1	171	No	No
g16375.t1	g16375.t1	627	No	No
g16376.t1	g16376.t1	492	Yes	No
g16377.t1	g16377.t1	750	No	No
g16378.t1	g16378.t1	362	No	No
g16379.t1	g16379.t1	893	No	No
g16380.t1	g16380.t1	342	No	No
g16381.t1	g16381.t1	80	No	No
g16382.t1	g16382.t1	99	No	No
g16383.t1	g16383.t1	133	No	No
g16384.t4	g16384.t4	229	No	No
g16385.t1	g16385.t1	128	No	No
g16386.t1	g16386.t1	382	No	No
g16387.t1	g16387.t1	423	No	No
g16388.t1	g16388.t1	298	No	No
g16389.t1	g16389.t1	1018	No	No
g16390.t1	g16390.t1	96	No	No
g16391.t1	g16391.t1	224	No	No
g16392.t1	g16392.t1	224	No	No
g16393.t1	g16393.t1	140	No	No
g16394.t1	g16394.t1	113	No	No
g16395.t1	g16395.t1	269	No	No
g16396.t1	g16396.t1	334	No	No
g16397.t1	g16397.t1	101	No	No
g16398.t1	g16398.t1	463	No	No
g16399.t1	g16399.t1	422	No	No
g16400.t1	g16400.t1	187	Yes	No
g16401.t1	g16401.t1	272	No	No
g16402.t2	g16402.t2	1064	No	No
g16403.t1	g16403.t1	219	No	No
g16404.t1	g16404.t1	183	No	No
g16405.t1	g16405.t1	197	No	No
g16406.t1	g16406.t1	146	No	No
g16407.t1	g16407.t1	789	No	No
g16408.t1	g16408.t1	107	No	No
g16409.t1	g16409.t1	137	No	No
g16410.t1	g16410.t1	77	No	No
g16411.t1	g16411.t1	138	No	No
g16412.t1	g16412.t1	388	No	No
g16413.t1	g16413.t1	854	No	No
g16414.t1	g16414.t1	395	No	No
g16415.t1	g16415.t1	151	No	No
g16416.t1	g16416.t1	476	No	No
g16417.t1	g16417.t1	154	No	No
g16418.t1	g16418.t1	422	No	No
g16419.t1	g16419.t1	288	No	No
g16420.t1	g16420.t1	43	Yes	No
g16421.t1	g16421.t1	225	Yes	No
g16422.t1	g16422.t1	528	No	No
g16423.t1	g16423.t1	122	No	No
g16424.t1	g16424.t1	1499	Yes	No
g16425.t1	g16425.t1	219	Yes	No
g16426.t1	g16426.t1	237	No	No
g16427.t1	g16427.t1	203	No	No
g16428.t1	g16428.t1	112	No	No
g16429.t1	g16429.t1	160	No	No
g16430.t1	g16430.t1	425	No	No
g16431.t1	g16431.t1	557	No	No
g16432.t1	g16432.t1	148	No	No
g16433.t1	g16433.t1	1492	No	No
g16434.t1	g16434.t1	298	No	No
g16435.t1	g16435.t1	283	No	No
g16436.t1	g16436.t1	377	No	No
g16437.t1	g16437.t1	351	No	No
g16438.t2	g16438.t2	330	No	No
g16439.t1	g16439.t1	433	Yes	No
g16440.t1	g16440.t1	145	No	No
g16441.t2	g16441.t2	137	No	No
g16442.t1	g16442.t1	1076	Yes	No
g16443.t1	g16443.t1	209	No	No
g16444.t1	g16444.t1	92	Yes	No
g16445.t1	g16445.t1	885	No	No
g16446.t1	g16446.t1	1058	No	No
g16447.t1	g16447.t1	317	No	No
g16448.t1	g16448.t1	172	No	No
g16449.t1	g16449.t1	288	No	No
g16450.t1	g16450.t1	1237	No	No
g16451.t1	g16451.t1	1698	No	No
g16452.t1	g16452.t1	556	No	No
g16453.t1	g16453.t1	418	No	No
g16454.t1	g16454.t1	430	No	No
g16455.t1	g16455.t1	235	No	No
g16456.t1	g16456.t1	783	No	No
g16457.t1	g16457.t1	483	No	No
g16458.t1	g16458.t1	2215	No	No
g16459.t1	g16459.t1	143	No	No
g16460.t1	g16460.t1	118	No	No
g16461.t1	g16461.t1	244	No	No
g16462.t1	g16462.t1	163	No	No
g16463.t1	g16463.t1	114	No	No
g16464.t1	g16464.t1	368	No	No
g16465.t1	g16465.t1	207	No	No
g16466.t1	g16466.t1	86	No	No
g16467.t1	g16467.t1	171	No	No
g16468.t1	g16468.t1	238	No	No
g16469.t1	g16469.t1	108	No	No
g16470.t1	g16470.t1	438	No	No
g16471.t1	g16471.t1	92	No	No
g16472.t1	g16472.t1	488	No	No
g16473.t1	g16473.t1	584	No	No
g16474.t1	g16474.t1	93	No	No
g16475.t1	g16475.t1	90	No	No
g16476.t1	g16476.t1	66	Yes	No
g16477.t1	g16477.t1	626	No	No
g16478.t1	g16478.t1	87	No	No
g16479.t1	g16479.t1	57	Yes	No
g16480.t1	g16480.t1	122	No	No
g16481.t1	g16481.t1	294	No	No
g16482.t1	g16482.t1	194	No	No
g16483.t1	g16483.t1	348	No	No
g16484.t1	g16484.t1	850	No	No
g16485.t1	g16485.t1	91	No	No
g16486.t1	g16486.t1	214	No	No
g16487.t1	g16487.t1	180	No	No
g16488.t1	g16488.t1	727	No	No
g16489.t1	g16489.t1	213	No	No
g16490.t1	g16490.t1	312	No	No
g16491.t1	g16491.t1	2476	No	No
g16492.t1	g16492.t1	563	No	No
g16493.t1	g16493.t1	384	No	No
g16494.t3	g16494.t3	362	No	No
g16495.t1	g16495.t1	79	No	No
g16496.t1	g16496.t1	754	No	No
g16497.t1	g16497.t1	877	No	No
g16498.t1	g16498.t1	194	No	No
g16499.t1	g16499.t1	466	No	No
g16500.t1	g16500.t1	126	No	No
g16501.t1	g16501.t1	353	No	No
g16502.t1	g16502.t1	313	No	No
g16503.t1	g16503.t1	356	Yes	No
g16504.t1	g16504.t1	867	No	No
g16505.t1	g16505.t1	150	No	No
g16506.t1	g16506.t1	717	No	No
g16507.t1	g16507.t1	154	No	No
g16508.t1	g16508.t1	756	No	No
g16509.t1	g16509.t1	555	No	No
g16510.t1	g16510.t1	1525	Yes	No
g16511.t1	g16511.t1	411	No	No
g16512.t2	g16512.t2	460	No	No
g16513.t1	g16513.t1	101	No	No
g16514.t1	g16514.t1	91	Yes	No
g16515.t1	g16515.t1	406	No	No
g16516.t1	g16516.t1	106	No	No
g16517.t1	g16517.t1	177	No	No
g16518.t1	g16518.t1	164	No	No
g16519.t1	g16519.t1	408	No	No
g16520.t1	g16520.t1	428	No	No
g16521.t1	g16521.t1	728	No	No
g16522.t1	g16522.t1	475	No	No
g16523.t1	g16523.t1	653	No	No
g16524.t1	g16524.t1	543	No	No
g16525.t1	g16525.t1	515	No	No
g16526.t1	g16526.t1	107	No	No
g16527.t1	g16527.t1	99	No	No
g16528.t1	g16528.t1	73	No	No
g16529.t1	g16529.t1	88	No	No
g16530.t1	g16530.t1	144	No	No
g16531.t1	g16531.t1	316	No	No
g16532.t1	g16532.t1	136	No	No
g16533.t1	g16533.t1	207	No	No
g16534.t1	g16534.t1	112	No	No
g16535.t1	g16535.t1	119	No	No
g16536.t1	g16536.t1	123	Yes	No
g16537.t1	g16537.t1	86	No	No
g16538.t1	g16538.t1	700	No	No
g16539.t1	g16539.t1	671	No	No
g16540.t1	g16540.t1	520	No	No
g16541.t1	g16541.t1	578	No	No
g16542.t1	g16542.t1	124	No	No
g16543.t1	g16543.t1	117	No	No
g16544.t1	g16544.t1	87	No	No
g16545.t1	g16545.t1	184	No	No
g16546.t1	g16546.t1	164	No	No
g16547.t1	g16547.t1	111	No	No
g16548.t1	g16548.t1	68	No	No
g16549.t1	g16549.t1	68	No	No
g16550.t1	g16550.t1	272	No	No
g16551.t1	g16551.t1	227	No	No
g16552.t1	g16552.t1	1761	No	No
g16553.t1	g16553.t1	90	No	No
g16554.t1	g16554.t1	418	No	No
g16555.t1	g16555.t1	155	No	No
g16556.t1	g16556.t1	233	No	No
g16557.t1	g16557.t1	285	No	No
g16558.t1	g16558.t1	801	No	No
g16559.t1	g16559.t1	163	No	No
g16560.t1	g16560.t1	617	No	No
g16561.t1	g16561.t1	40	Yes	No
g16562.t1	g16562.t1	1665	No	No
g16563.t1	g16563.t1	686	No	No
g16564.t1	g16564.t1	138	No	No
g16565.t1	g16565.t1	241	No	No
g16566.t1	g16566.t1	270	No	No
g16567.t1	g16567.t1	815	No	No
g16568.t1	g16568.t1	77	No	No
g16569.t1	g16569.t1	236	No	No
g16570.t1	g16570.t1	118	No	No
g16571.t1	g16571.t1	116	No	No
g16572.t1	g16572.t1	244	No	No
g16573.t1	g16573.t1	198	No	No
g16574.t1	g16574.t1	475	Yes	No
g16575.t2	g16575.t2	175	No	No
g16576.t1	g16576.t1	268	No	No
g16577.t1	g16577.t1	461	No	No
g16578.t1	g16578.t1	101	No	No
g16579.t1	g16579.t1	757	No	No
g16580.t2	g16580.t2	283	No	No
g16581.t1	g16581.t1	600	No	No
g16582.t1	g16582.t1	115	No	No
g16583.t1	g16583.t1	916	No	No
g16584.t1	g16584.t1	4672	No	No
g16585.t1	g16585.t1	620	Yes	No
g16586.t1	g16586.t1	298	No	No
g16587.t1	g16587.t1	435	No	No
g16588.t1	g16588.t1	84	No	No
g16589.t1	g16589.t1	72	No	No
g16590.t1	g16590.t1	112	No	No
g16591.t1	g16591.t1	126	No	No
g16592.t1	g16592.t1	100	No	No
g16593.t1	g16593.t1	180	No	No
g16594.t1	g16594.t1	153	No	No
g16595.t1	g16595.t1	117	No	No
g16596.t1	g16596.t1	155	No	No
g16597.t1	g16597.t1	146	No	No
g16598.t1	g16598.t1	1351	No	No
g16599.t1	g16599.t1	77	Yes	No
g16600.t1	g16600.t1	93	Yes	No
g16601.t1	g16601.t1	1170	No	No
g16602.t1	g16602.t1	418	No	No
g16603.t1	g16603.t1	292	No	No
g16604.t1	g16604.t1	434	No	No
g16605.t1	g16605.t1	767	No	No
g16606.t1	g16606.t1	144	No	No
g16607.t1	g16607.t1	394	No	No
g16608.t1	g16608.t1	587	No	No
g16609.t1	g16609.t1	115	No	No
g16610.t1	g16610.t1	712	No	No
g16611.t1	g16611.t1	325	No	No
g16612.t1	g16612.t1	531	No	No
g16613.t1	g16613.t1	80	No	No
g16614.t1	g16614.t1	321	No	No
g16615.t1	g16615.t1	131	No	No
g16616.t1	g16616.t1	693	No	No
g16617.t1	g16617.t1	217	No	No
g16618.t1	g16618.t1	757	No	No
g16619.t1	g16619.t1	67	No	No
g16620.t1	g16620.t1	148	No	No
g16621.t1	g16621.t1	97	No	No
g16622.t1	g16622.t1	80	No	No
g16623.t1	g16623.t1	105	No	No
g16624.t1	g16624.t1	555	No	No
g16625.t1	g16625.t1	720	Yes	No
g16626.t1	g16626.t1	373	No	No
g16627.t1	g16627.t1	317	No	No
g16628.t1	g16628.t1	181	No	No
g16629.t1	g16629.t1	81	No	No
g16630.t1	g16630.t1	96	No	No
g16631.t1	g16631.t1	394	No	No
g16632.t1	g16632.t1	92	Yes	No
g16633.t1	g16633.t1	161	No	No
g16634.t1	g16634.t1	324	Yes	No
g16635.t1	g16635.t1	204	No	No
g16636.t1	g16636.t1	353	No	No
g16637.t2	g16637.t2	116	No	No
g16638.t1	g16638.t1	87	No	No
g16639.t1	g16639.t1	93	No	No
g16640.t1	g16640.t1	1101	No	No
g16641.t1	g16641.t1	223	No	No
g16642.t1	g16642.t1	125	No	No
g16643.t1	g16643.t1	641	No	No
g16644.t1	g16644.t1	534	No	No
g16645.t1	g16645.t1	74	No	No
g16646.t1	g16646.t1	423	No	No
g16647.t1	g16647.t1	1048	No	No
g16648.t1	g16648.t1	329	No	No
g16649.t1	g16649.t1	606	No	No
g16650.t1	g16650.t1	189	No	No
g16651.t1	g16651.t1	139	No	No
g16652.t1	g16652.t1	104	No	No
g16653.t1	g16653.t1	126	No	No
g16654.t1	g16654.t1	73	No	No
g16655.t1	g16655.t1	187	No	No
g16656.t1	g16656.t1	121	No	No
g16657.t1	g16657.t1	368	No	No
g16658.t1	g16658.t1	149	Yes	No
g16659.t1	g16659.t1	120	No	No
g16660.t1	g16660.t1	437	No	No
g16661.t1	g16661.t1	651	No	No
g16662.t1	g16662.t1	318	No	No
g16663.t1	g16663.t1	89	No	No
g16664.t1	g16664.t1	212	No	No
g16665.t1	g16665.t1	488	No	No
g16666.t1	g16666.t1	71	No	No
g16667.t1	g16667.t1	144	No	No
g16668.t1	g16668.t1	106	No	No
g16669.t1	g16669.t1	650	No	No
g16670.t1	g16670.t1	198	No	No
g16671.t1	g16671.t1	699	No	No
g16672.t1	g16672.t1	303	No	No
g16673.t1	g16673.t1	329	No	No
g16674.t1	g16674.t1	831	No	No
g16675.t1	g16675.t1	69	No	No
g16676.t1	g16676.t1	107	No	No
g16677.t1	g16677.t1	120	No	No
g16678.t1	g16678.t1	88	No	No
g16679.t1	g16679.t1	122	No	No
g16680.t1	g16680.t1	71	No	No
g16681.t1	g16681.t1	100	No	No
g16682.t1	g16682.t1	124	No	No
g16683.t1	g16683.t1	76	No	No
g16684.t1	g16684.t1	83	No	No
g16685.t1	g16685.t1	297	No	No
g16686.t1	g16686.t1	370	No	No
g16687.t1	g16687.t1	76	No	No
g16688.t2	g16688.t2	345	No	No
g16689.t1	g16689.t1	494	No	No
g16690.t1	g16690.t1	530	No	No
g16691.t1	g16691.t1	1932	No	No
g16692.t1	g16692.t1	722	Yes	No
g16693.t1	g16693.t1	109	No	No
g16694.t1	g16694.t1	186	No	No
g16695.t1	g16695.t1	510	No	No
g16696.t1	g16696.t1	194	No	No
g16697.t1	g16697.t1	206	No	No
g16698.t1	g16698.t1	153	No	No
g16699.t1	g16699.t1	648	No	No
g16700.t1	g16700.t1	155	No	No
g16701.t1	g16701.t1	157	No	No
g16702.t1	g16702.t1	122	Yes	No
g16703.t1	g16703.t1	144	No	No
g16704.t1	g16704.t1	364	No	No
g16705.t1	g16705.t1	290	No	No
g16706.t1	g16706.t1	1127	No	No
g16707.t1	g16707.t1	512	No	No
g16708.t1	g16708.t1	729	No	No
g16709.t3	g16709.t3	983	No	No
g16710.t1	g16710.t1	152	No	No
g16711.t1	g16711.t1	412	No	No
g16712.t1	g16712.t1	540	No	No
g16713.t1	g16713.t1	495	No	No
g16714.t1	g16714.t1	120	No	No
g16715.t1	g16715.t1	515	No	No
g16716.t1	g16716.t1	590	No	No
g16717.t1	g16717.t1	461	No	No
g16718.t1	g16718.t1	499	No	No
g16719.t1	g16719.t1	564	No	No
g16720.t1	g16720.t1	107	No	No
g16721.t1	g16721.t1	158	No	No
g16722.t1	g16722.t1	619	No	No
g16723.t1	g16723.t1	83	No	No
g16724.t1	g16724.t1	169	No	No
g16725.t3	g16725.t3	437	No	No
g16726.t1	g16726.t1	754	No	No
g16727.t1	g16727.t1	166	No	No
g16728.t1	g16728.t1	1199	No	No
g16729.t1	g16729.t1	218	No	No
g16730.t1	g16730.t1	312	No	No
g16731.t1	g16731.t1	44	Yes	No
g16732.t1	g16732.t1	126	No	No
g16733.t1	g16733.t1	75	No	No
g16734.t1	g16734.t1	396	No	No
g16735.t1	g16735.t1	177	No	No
g16736.t1	g16736.t1	670	No	No
g16737.t1	g16737.t1	1095	No	No
g16738.t1	g16738.t1	283	No	No
g16739.t1	g16739.t1	153	Yes	No
g16740.t1	g16740.t1	235	No	No
g16741.t1	g16741.t1	182	No	No
g16742.t1	g16742.t1	255	No	No
g16743.t1	g16743.t1	224	No	No
g16744.t1	g16744.t1	318	No	No
g16745.t1	g16745.t1	81	No	No
g16746.t1	g16746.t1	399	No	No
g16747.t1	g16747.t1	668	No	No
g16748.t1	g16748.t1	248	No	No
g16749.t1	g16749.t1	129	No	No
g16750.t1	g16750.t1	538	No	No
g16751.t1	g16751.t1	198	No	No
g16752.t1	g16752.t1	380	Yes	No
g16753.t1	g16753.t1	447	No	No
g16754.t1	g16754.t1	539	No	No
g16755.t1	g16755.t1	258	Yes	No
g16756.t1	g16756.t1	72	Yes	No
g16757.t1	g16757.t1	346	No	No
g16758.t2	g16758.t2	119	No	No
g16759.t1	g16759.t1	537	No	No
g16760.t1	g16760.t1	95	No	No
g16761.t1	g16761.t1	94	No	No
g16762.t1	g16762.t1	84	No	No
g16763.t1	g16763.t1	150	No	No
g16764.t1	g16764.t1	93	No	No
g16765.t1	g16765.t1	137	No	No
g16766.t1	g16766.t1	109	No	No
g16767.t1	g16767.t1	77	No	No
g16768.t1	g16768.t1	150	No	No
g16769.t1	g16769.t1	95	No	No
g16770.t1	g16770.t1	297	No	No
g16771.t1	g16771.t1	99	No	No
g16772.t1	g16772.t1	74	No	No
g16773.t1	g16773.t1	172	No	No
g16774.t1	g16774.t1	78	No	No
g16775.t1	g16775.t1	95	No	No
g16776.t1	g16776.t1	86	No	No
g16777.t1	g16777.t1	84	No	No
g16778.t1	g16778.t1	72	No	No
g16779.t1	g16779.t1	185	No	No
g16780.t1	g16780.t1	196	No	No
g16781.t1	g16781.t1	112	No	No
g16782.t1	g16782.t1	304	No	No
g16783.t1	g16783.t1	97	No	No
g16784.t1	g16784.t1	976	No	No
g16785.t1	g16785.t1	133	No	No
g16786.t1	g16786.t1	213	No	No
g16787.t2	g16787.t2	435	No	No
g16788.t1	g16788.t1	131	No	No
g16789.t3	g16789.t3	603	No	No
g16790.t1	g16790.t1	572	No	No
g16791.t1	g16791.t1	164	No	No
g16792.t1	g16792.t1	162	No	No
g16793.t1	g16793.t1	543	No	No
g16794.t1	g16794.t1	544	No	No
g16795.t1	g16795.t1	290	No	No
g16796.t1	g16796.t1	470	No	No
g16797.t1	g16797.t1	425	No	No
g16798.t1	g16798.t1	260	No	No
g16799.t1	g16799.t1	44	Yes	No
g16800.t1	g16800.t1	467	No	No
g16801.t1	g16801.t1	350	No	No
g16802.t1	g16802.t1	391	No	No
g16803.t1	g16803.t1	120	No	No
g16804.t2	g16804.t2	162	No	No
g16805.t1	g16805.t1	87	No	No
g16806.t1	g16806.t1	384	No	No
g16807.t1	g16807.t1	1427	Yes	No
g16808.t1	g16808.t1	605	No	No
g16809.t1	g16809.t1	265	No	No
g16810.t1	g16810.t1	249	No	No
g16811.t1	g16811.t1	234	No	No
g16812.t1	g16812.t1	626	No	No
g16813.t1	g16813.t1	187	No	No
g16814.t1	g16814.t1	1155	No	No
g16815.t1	g16815.t1	982	Yes	No
g16816.t1	g16816.t1	124	No	No
g16817.t1	g16817.t1	76	No	No
g16818.t1	g16818.t1	88	No	No
g16819.t1	g16819.t1	143	No	No
g16820.t1	g16820.t1	144	No	No
g16821.t1	g16821.t1	278	No	No
g16822.t1	g16822.t1	108	No	No
g16823.t1	g16823.t1	200	No	No
g16824.t1	g16824.t1	234	No	No
g16825.t1	g16825.t1	482	No	No
g16826.t1	g16826.t1	145	No	No
g16827.t1	g16827.t1	572	No	No
g16828.t1	g16828.t1	233	No	No
g16829.t1	g16829.t1	303	No	No
g16830.t1	g16830.t1	487	No	No
g16831.t1	g16831.t1	530	No	No
g16832.t1	g16832.t1	531	No	No
g16833.t1	g16833.t1	946	No	No
g16834.t1	g16834.t1	195	No	No
g16835.t1	g16835.t1	427	No	No
g16836.t1	g16836.t1	351	No	No
g16837.t1	g16837.t1	359	No	No
g16838.t1	g16838.t1	271	No	No
g16839.t1	g16839.t1	380	No	No
g16840.t1	g16840.t1	563	No	No
g16841.t1	g16841.t1	265	No	No
g16842.t1	g16842.t1	118	No	No
g16843.t1	g16843.t1	392	No	No
g16844.t1	g16844.t1	439	No	No
g16845.t1	g16845.t1	34	Yes	No
g16846.t1	g16846.t1	464	No	No
g16847.t1	g16847.t1	516	No	No
g16848.t1	g16848.t1	167	Yes	No
g16849.t1	g16849.t1	226	No	No
g16850.t1	g16850.t1	111	No	No
g16851.t1	g16851.t1	552	No	No
g16852.t1	g16852.t1	553	No	No
g16853.t1	g16853.t1	530	No	No
g16854.t1	g16854.t1	531	No	No
g16855.t1	g16855.t1	105	No	No
g16856.t1	g16856.t1	187	Yes	No
g16857.t1	g16857.t1	97	No	No
g16858.t1	g16858.t1	124	No	No
g16859.t1	g16859.t1	112	No	No
g16860.t1	g16860.t1	530	No	No
g16861.t1	g16861.t1	291	No	No
g16862.t1	g16862.t1	123	No	No
g16863.t1	g16863.t1	1239	No	No
g16864.t1	g16864.t1	124	No	No
g16865.t1	g16865.t1	100	No	No
g16866.t1	g16866.t1	1589	No	No
g16867.t1	g16867.t1	242	No	No
g16868.t1	g16868.t1	433	Yes	No
g16869.t1	g16869.t1	111	No	No
g16870.t1	g16870.t1	1773	No	No
g16871.t1	g16871.t1	247	No	No
g16872.t1	g16872.t1	174	No	No
g16873.t1	g16873.t1	81	No	No
g16874.t1	g16874.t1	70	No	No
g16875.t1	g16875.t1	63	No	No
g16876.t1	g16876.t1	218	No	No
g16877.t1	g16877.t1	118	No	No
g16878.t1	g16878.t1	76	No	No
g16879.t1	g16879.t1	367	No	No
g16880.t1	g16880.t1	264	No	No
g16881.t1	g16881.t1	764	No	No
g16882.t2	g16882.t2	241	No	No
g16883.t1	g16883.t1	341	No	No
g16884.t1	g16884.t1	103	No	No
g16885.t1	g16885.t1	519	No	No
g16886.t1	g16886.t1	113	No	No
g16887.t1	g16887.t1	525	No	No
g16888.t1	g16888.t1	161	No	No
g16889.t2	g16889.t2	683	No	No
g16890.t1	g16890.t1	163	No	No
g16891.t1	g16891.t1	240	No	No
g16892.t1	g16892.t1	73	No	No
g16893.t1	g16893.t1	391	No	No
g16894.t1	g16894.t1	259	No	No
g16895.t1	g16895.t1	726	No	No
g16896.t1	g16896.t1	253	Yes	No
g16897.t1	g16897.t1	266	No	No
g16898.t1	g16898.t1	53	Yes	No
g16899.t1	g16899.t1	83	No	No
g16900.t1	g16900.t1	126	No	No
g16901.t1	g16901.t1	208	No	No
g16902.t1	g16902.t1	135	No	No
g16903.t1	g16903.t1	108	No	No
g16904.t1	g16904.t1	78	No	No
g16905.t1	g16905.t1	108	No	No
g16906.t1	g16906.t1	76	No	No
g16907.t1	g16907.t1	99	No	No
g16908.t1	g16908.t1	84	No	No
g16909.t1	g16909.t1	497	No	No
g16910.t1	g16910.t1	1199	Yes	No
g16911.t1	g16911.t1	184	No	No
g16912.t1	g16912.t1	117	Yes	No
g16913.t1	g16913.t1	649	Yes	No
g16914.t1	g16914.t1	73	No	No
g16915.t1	g16915.t1	300	No	No
g16916.t1	g16916.t1	477	No	No
g16917.t1	g16917.t1	143	No	No
g16918.t1	g16918.t1	61	No	No
g16919.t1	g16919.t1	80	Yes	No
g16920.t1	g16920.t1	72	No	No
g16921.t1	g16921.t1	526	No	No
g16922.t1	g16922.t1	61	No	No
g16923.t1	g16923.t1	96	No	No
g16924.t1	g16924.t1	237	No	No
g16925.t1	g16925.t1	107	No	No
g16926.t1	g16926.t1	372	No	No
g16927.t1	g16927.t1	372	No	No
g16928.t1	g16928.t1	141	No	No
g16929.t1	g16929.t1	659	No	No
g16930.t1	g16930.t1	422	No	No
g16931.t1	g16931.t1	508	No	No
g16932.t1	g16932.t1	508	No	No
g16933.t1	g16933.t1	1107	No	No
g16934.t1	g16934.t1	603	No	No
g16935.t1	g16935.t1	76	No	No
g16936.t1	g16936.t1	73	Yes	No
g16937.t1	g16937.t1	121	No	No
g16938.t1	g16938.t1	70	No	No
g16939.t1	g16939.t1	147	No	No
g16940.t1	g16940.t1	129	No	No
g16941.t1	g16941.t1	185	No	No
g16942.t1	g16942.t1	345	No	No
g16943.t1	g16943.t1	144	No	No
g16944.t1	g16944.t1	386	No	No
g16945.t2	g16945.t2	265	No	No
g16946.t1	g16946.t1	574	No	No
g16947.t1	g16947.t1	368	No	No
g16948.t1	g16948.t1	105	No	No
g16949.t1	g16949.t1	216	No	No
g16950.t1	g16950.t1	87	No	No
g16951.t1	g16951.t1	79	No	No
g16952.t1	g16952.t1	106	No	No
g16953.t1	g16953.t1	129	No	No
g16954.t1	g16954.t1	304	No	No
g16955.t1	g16955.t1	73	No	No
g16956.t1	g16956.t1	130	No	No
g16957.t1	g16957.t1	124	No	No
g16958.t1	g16958.t1	1118	No	No
g16959.t3	g16959.t3	1042	No	No
g16960.t1	g16960.t1	284	No	No
g16961.t1	g16961.t1	1107	No	No
g16962.t1	g16962.t1	914	No	No
g16963.t1	g16963.t1	1260	No	No
g16964.t1	g16964.t1	715	No	No
g16965.t1	g16965.t1	94	No	No
g16966.t1	g16966.t1	179	No	No
g16967.t1	g16967.t1	288	No	No
g16968.t1	g16968.t1	75	No	No
g16969.t1	g16969.t1	240	No	No
g16970.t1	g16970.t1	503	No	No
g16971.t1	g16971.t1	125	No	No
g16972.t1	g16972.t1	835	No	No
g16973.t1	g16973.t1	629	No	No
g16974.t1	g16974.t1	549	Yes	No
g16975.t1	g16975.t1	107	No	No
g16976.t1	g16976.t1	1043	No	No
g16977.t1	g16977.t1	89	No	No
g16978.t1	g16978.t1	280	No	No
g16979.t1	g16979.t1	473	No	No
g16980.t1	g16980.t1	101	No	No
g16981.t1	g16981.t1	132	Yes	No
g16982.t1	g16982.t1	933	No	No
g16983.t1	g16983.t1	214	Yes	No
g16984.t1	g16984.t1	320	No	No
g16985.t1	g16985.t1	214	No	No
g16986.t1	g16986.t1	71	No	No
g16987.t1	g16987.t1	144	No	No
g16988.t1	g16988.t1	563	No	No
g16989.t1	g16989.t1	349	No	No
g16990.t1	g16990.t1	157	No	No
g16991.t1	g16991.t1	166	No	No
g16992.t1	g16992.t1	490	No	No
g16993.t1	g16993.t1	535	No	No
g16994.t1	g16994.t1	101	Yes	No
g16995.t1	g16995.t1	462	No	No
g16996.t1	g16996.t1	1357	No	No
g16997.t1	g16997.t1	168	No	No
g16998.t1	g16998.t1	675	No	No
g16999.t1	g16999.t1	165	No	No
g17000.t1	g17000.t1	70	No	No
g17001.t1	g17001.t1	261	No	No
g17002.t1	g17002.t1	385	No	No
g17003.t1	g17003.t1	100	No	No
g17004.t1	g17004.t1	373	No	No
g17005.t1	g17005.t1	154	No	No
g17006.t1	g17006.t1	47	Yes	No
g17007.t1	g17007.t1	244	Yes	No
g17008.t1	g17008.t1	118	No	No
g17009.t1	g17009.t1	68	No	No
g17010.t1	g17010.t1	89	No	No
g17011.t1	g17011.t1	142	No	No
g17012.t1	g17012.t1	275	No	No
g17013.t1	g17013.t1	168	No	No
g17014.t1	g17014.t1	123	No	No
g17015.t1	g17015.t1	1696	Yes	No
g17016.t1	g17016.t1	99	No	No
g17017.t1	g17017.t1	110	No	No
g17018.t1	g17018.t1	97	No	No
g17019.t1	g17019.t1	90	No	No
g17020.t1	g17020.t1	77	No	No
g17021.t1	g17021.t1	89	No	No
g17022.t1	g17022.t1	1176	No	No
g17023.t1	g17023.t1	82	No	No
g17024.t1	g17024.t1	190	No	No
g17025.t1	g17025.t1	107	No	No
g17026.t1	g17026.t1	196	No	No
g17027.t1	g17027.t1	131	No	No
g17028.t1	g17028.t1	251	Yes	No
g17029.t1	g17029.t1	128	No	No
g17030.t1	g17030.t1	712	No	No
g17031.t1	g17031.t1	281	No	No
g17032.t1	g17032.t1	521	No	No
g17033.t1	g17033.t1	291	No	No
g17034.t1	g17034.t1	622	No	No
g17035.t1	g17035.t1	225	No	No
g17036.t1	g17036.t1	218	No	No
g17037.t1	g17037.t1	312	No	No
g17038.t1	g17038.t1	322	No	No
g17039.t1	g17039.t1	335	No	No
g17040.t1	g17040.t1	403	Yes	No
g17041.t1	g17041.t1	464	No	No
g17042.t1	g17042.t1	574	No	No
g17043.t1	g17043.t1	167	No	No
g17044.t1	g17044.t1	146	No	No
g17045.t1	g17045.t1	218	No	No
g17046.t1	g17046.t1	164	No	No
g17047.t1	g17047.t1	139	No	No
g17048.t1	g17048.t1	116	No	No
g17049.t1	g17049.t1	82	No	No
g17050.t1	g17050.t1	108	No	No
g17051.t1	g17051.t1	125	No	No
g17052.t1	g17052.t1	178	No	No
g17053.t1	g17053.t1	174	No	No
g17054.t1	g17054.t1	87	No	No
g17055.t1	g17055.t1	87	No	No
g17056.t1	g17056.t1	85	No	No
g17057.t1	g17057.t1	105	No	No
g17058.t1	g17058.t1	113	No	No
g17059.t1	g17059.t1	145	No	No
g17060.t1	g17060.t1	321	No	No
g17061.t1	g17061.t1	385	No	No
g17062.t1	g17062.t1	339	No	No
g17063.t1	g17063.t1	156	No	No
g17064.t1	g17064.t1	120	No	No
g17065.t1	g17065.t1	29	Yes	No
g17066.t1	g17066.t1	125	No	No
g17067.t1	g17067.t1	95	No	No
g17068.t1	g17068.t1	217	No	No
g17069.t1	g17069.t1	507	No	No
g17070.t1	g17070.t1	738	No	No
g17071.t1	g17071.t1	126	No	No
g17072.t1	g17072.t1	66	No	No
g17073.t1	g17073.t1	740	No	No
g17074.t1	g17074.t1	119	No	No
g17075.t1	g17075.t1	720	No	No
g17076.t1	g17076.t1	108	No	No
g17077.t1	g17077.t1	225	No	No
g17078.t1	g17078.t1	79	No	No
g17079.t1	g17079.t1	93	No	No
g17080.t1	g17080.t1	296	No	No
g17081.t1	g17081.t1	159	Yes	No
g17082.t1	g17082.t1	178	Yes	No
g17083.t1	g17083.t1	292	No	No
g17084.t1	g17084.t1	106	No	No
g17085.t1	g17085.t1	474	No	No
g17086.t1	g17086.t1	130	No	No
g17087.t1	g17087.t1	118	No	No
g17088.t1	g17088.t1	93	No	No
g17089.t1	g17089.t1	276	No	No
g17090.t1	g17090.t1	173	No	No
g17091.t1	g17091.t1	115	No	No
g17092.t1	g17092.t1	93	No	No
g17093.t1	g17093.t1	442	No	No
g17094.t1	g17094.t1	466	Yes	No
g17095.t1	g17095.t1	208	No	No
g17096.t1	g17096.t1	174	No	No
g17097.t1	g17097.t1	418	No	No
g17098.t1	g17098.t1	421	No	No
g17099.t1	g17099.t1	109	No	No
g17100.t1	g17100.t1	69	No	No
g17101.t1	g17101.t1	563	No	No
g17102.t1	g17102.t1	226	No	No
g17103.t1	g17103.t1	230	No	No
g17104.t1	g17104.t1	147	No	No
g17105.t1	g17105.t1	426	No	No
g17106.t1	g17106.t1	234	No	No
g17107.t1	g17107.t1	109	Yes	No
g17108.t1	g17108.t1	83	No	No
g17109.t1	g17109.t1	352	No	No
g17110.t1	g17110.t1	199	No	No
g17111.t1	g17111.t1	298	No	No
g17112.t1	g17112.t1	113	No	No
g17113.t1	g17113.t1	84	No	No
g17114.t2	g17114.t2	156	No	No
g17115.t1	g17115.t1	119	No	No
g17116.t1	g17116.t1	420	No	No
g17117.t1	g17117.t1	579	No	No
g17118.t1	g17118.t1	69	No	No
g17119.t1	g17119.t1	659	No	No
g17120.t1	g17120.t1	152	No	No
g17121.t1	g17121.t1	364	Yes	No
g17122.t1	g17122.t1	156	No	No
g17123.t1	g17123.t1	138	No	No
g17124.t1	g17124.t1	145	Yes	No
g17125.t1	g17125.t1	590	No	No
g17126.t1	g17126.t1	451	No	No
g17127.t1	g17127.t1	278	No	No
g17128.t1	g17128.t1	555	No	No
g17129.t1	g17129.t1	1644	No	No
g17130.t1	g17130.t1	367	No	No
g17131.t1	g17131.t1	75	No	No
g17132.t1	g17132.t1	173	No	No
g17133.t1	g17133.t1	797	No	No
g17134.t1	g17134.t1	860	No	No
g17135.t1	g17135.t1	915	No	No
g17136.t1	g17136.t1	313	No	No
g17137.t1	g17137.t1	363	No	No
g17138.t1	g17138.t1	247	No	No
g17139.t1	g17139.t1	585	No	No
g17140.t1	g17140.t1	1683	No	No
g17141.t1	g17141.t1	902	No	No
g17142.t1	g17142.t1	413	No	No
g17143.t1	g17143.t1	373	No	No
g17144.t1	g17144.t1	73	No	No
g17145.t1	g17145.t1	119	No	No
g17146.t1	g17146.t1	268	No	No
g17147.t1	g17147.t1	257	No	No
g17148.t1	g17148.t1	195	No	No
g17149.t1	g17149.t1	492	No	No
g17150.t1	g17150.t1	436	No	No
g17151.t1	g17151.t1	292	No	No
g17152.t1	g17152.t1	226	No	No
g17153.t1	g17153.t1	276	No	No
g17154.t1	g17154.t1	243	No	No
g17155.t1	g17155.t1	161	No	No
g17156.t1	g17156.t1	125	No	No
g17157.t1	g17157.t1	108	No	No
g17158.t1	g17158.t1	117	No	No
g17159.t1	g17159.t1	88	No	No
g17160.t1	g17160.t1	71	No	No
g17161.t1	g17161.t1	199	No	No
g17162.t1	g17162.t1	130	No	No
g17163.t1	g17163.t1	84	No	No
g17164.t1	g17164.t1	74	No	No
g17165.t1	g17165.t1	595	No	No
g17166.t1	g17166.t1	712	No	No
g17167.t1	g17167.t1	324	No	No
g17168.t1	g17168.t1	97	No	No
g17169.t1	g17169.t1	427	No	No
g17170.t1	g17170.t1	299	No	No
g17171.t1	g17171.t1	148	No	No
g17172.t1	g17172.t1	138	No	No
g17173.t1	g17173.t1	169	No	No
g17174.t1	g17174.t1	95	No	No
g17175.t1	g17175.t1	154	No	No
g17176.t1	g17176.t1	94	No	No
g17177.t1	g17177.t1	180	No	No
g17178.t1	g17178.t1	129	No	No
g17179.t1	g17179.t1	125	No	No
g17180.t1	g17180.t1	151	No	No
g17181.t1	g17181.t1	477	No	No
g17182.t1	g17182.t1	132	No	No
g17183.t1	g17183.t1	402	No	No
g17184.t1	g17184.t1	103	No	No
g17185.t1	g17185.t1	450	No	No
g17186.t1	g17186.t1	909	No	No
g17187.t1	g17187.t1	1563	No	No
g17188.t1	g17188.t1	341	No	No
g17189.t1	g17189.t1	88	Yes	No
g17190.t1	g17190.t1	151	Yes	No
g17191.t1	g17191.t1	245	No	No
g17192.t1	g17192.t1	957	Yes	No
g17193.t1	g17193.t1	314	No	No
g17194.t2	g17194.t2	1208	No	No
g17195.t1	g17195.t1	617	No	No
g17196.t1	g17196.t1	521	No	No
g17197.t1	g17197.t1	299	No	No
g17198.t1	g17198.t1	1713	No	No
g17199.t1	g17199.t1	569	No	No
g17200.t1	g17200.t1	103	No	No
g17201.t1	g17201.t1	349	No	No
g17202.t1	g17202.t1	1151	No	No
g17203.t3	g17203.t3	258	No	No
g17204.t1	g17204.t1	773	Yes	No
g17205.t1	g17205.t1	635	No	No
g17206.t1	g17206.t1	253	Yes	No
g17207.t1	g17207.t1	579	No	No
g17208.t1	g17208.t1	80	No	No
g17209.t1	g17209.t1	115	No	No
g17210.t1	g17210.t1	538	No	No
g17211.t1	g17211.t1	569	No	No
g17212.t1	g17212.t1	281	No	No
g17213.t1	g17213.t1	345	No	No
g17214.t1	g17214.t1	203	Yes	No
g17215.t1	g17215.t1	435	No	No
g17216.t1	g17216.t1	118	No	No
g17217.t1	g17217.t1	639	No	No
g17218.t1	g17218.t1	383	No	No
g17219.t1	g17219.t1	520	No	No
g17220.t1	g17220.t1	430	No	No
g17221.t1	g17221.t1	473	No	No
g17222.t1	g17222.t1	882	No	No
g17223.t1	g17223.t1	199	No	No
g17224.t1	g17224.t1	371	No	No
g17225.t1	g17225.t1	683	No	No
g17226.t1	g17226.t1	118	No	No
g17227.t1	g17227.t1	746	No	No
g17228.t1	g17228.t1	375	No	No
g17229.t1	g17229.t1	98	No	No
g17230.t1	g17230.t1	561	No	No
g17231.t1	g17231.t1	115	No	No
g17232.t1	g17232.t1	242	No	No
g17233.t1	g17233.t1	669	No	No
g17234.t1	g17234.t1	135	No	No
g17235.t1	g17235.t1	356	Yes	No
g17236.t1	g17236.t1	140	No	No
g17237.t1	g17237.t1	375	Yes	No
g17238.t1	g17238.t1	107	No	No
g17239.t1	g17239.t1	129	No	No
g17240.t1	g17240.t1	181	No	No
g17241.t1	g17241.t1	69	No	No
g17242.t1	g17242.t1	317	No	No
g17243.t1	g17243.t1	455	No	No
g17244.t1	g17244.t1	832	No	No
g17245.t1	g17245.t1	291	No	No
g17246.t1	g17246.t1	104	No	No
g17247.t1	g17247.t1	102	No	No
g17248.t1	g17248.t1	208	No	No
g17249.t1	g17249.t1	100	No	No
g17250.t1	g17250.t1	593	No	No
g17251.t1	g17251.t1	87	No	No
g17252.t1	g17252.t1	692	No	No
g17253.t1	g17253.t1	107	No	No
g17254.t1	g17254.t1	83	No	No
g17255.t1	g17255.t1	108	No	No
g17256.t1	g17256.t1	733	No	No
g17257.t1	g17257.t1	200	No	No
g17258.t1	g17258.t1	187	No	No
g17259.t1	g17259.t1	1757	No	No
g17260.t1	g17260.t1	91	No	No
g17261.t1	g17261.t1	1022	No	No
g17262.t1	g17262.t1	366	No	No
g17263.t1	g17263.t1	142	No	No
g17264.t1	g17264.t1	179	No	No
g17265.t1	g17265.t1	181	No	No
g17266.t1	g17266.t1	67	No	No
g17267.t1	g17267.t1	142	No	No
g17268.t1	g17268.t1	85	No	No
g17269.t1	g17269.t1	423	No	No
g17270.t1	g17270.t1	109	No	No
g17271.t1	g17271.t1	146	No	No
g17272.t1	g17272.t1	857	No	No
g17273.t1	g17273.t1	539	No	No
g17274.t4	g17274.t4	640	No	No
g17275.t1	g17275.t1	274	No	No
g17276.t1	g17276.t1	544	No	No
g17277.t1	g17277.t1	177	No	No
g17278.t1	g17278.t1	852	No	No
g17279.t1	g17279.t1	77	No	No
g17280.t1	g17280.t1	472	No	No
g17281.t1	g17281.t1	96	Yes	No
g17282.t1	g17282.t1	53	No	No
g17283.t2	g17283.t2	592	No	No
g17284.t1	g17284.t1	506	No	No
g17285.t1	g17285.t1	307	Yes	No
g17286.t1	g17286.t1	214	No	No
g17287.t1	g17287.t1	520	No	No
g17288.t1	g17288.t1	504	No	No
g17289.t1	g17289.t1	332	No	No
g17290.t1	g17290.t1	70	No	No
g17291.t1	g17291.t1	236	No	No
g17292.t1	g17292.t1	134	No	No
g17293.t1	g17293.t1	68	No	No
g17294.t1	g17294.t1	369	No	No
g17295.t1	g17295.t1	84	No	No
g17296.t1	g17296.t1	526	No	No
g17297.t1	g17297.t1	98	No	No
g17298.t1	g17298.t1	443	No	No
g17299.t1	g17299.t1	620	No	No
g17300.t1	g17300.t1	302	No	No
g17301.t1	g17301.t1	648	No	No
g17302.t1	g17302.t1	695	No	No
g17303.t1	g17303.t1	218	No	No
g17304.t1	g17304.t1	262	No	No
g17305.t1	g17305.t1	745	No	No
g17306.t1	g17306.t1	319	No	No
g17307.t1	g17307.t1	242	No	No
g17308.t1	g17308.t1	628	No	No
g17309.t1	g17309.t1	455	No	No
g17310.t1	g17310.t1	240	No	No
g17311.t1	g17311.t1	1003	No	No
g17312.t1	g17312.t1	67	No	No
g17313.t1	g17313.t1	92	No	No
g17314.t1	g17314.t1	72	Yes	No
g17315.t1	g17315.t1	107	No	No
g17316.t1	g17316.t1	255	Yes	No
g17317.t1	g17317.t1	746	No	No
g17318.t1	g17318.t1	165	No	No
g17319.t1	g17319.t1	161	No	No
g17320.t1	g17320.t1	108	No	No
g17321.t1	g17321.t1	106	No	No
g17322.t1	g17322.t1	118	No	No
g17323.t1	g17323.t1	83	No	No
g17324.t1	g17324.t1	103	No	No
g17325.t1	g17325.t1	146	No	No
g17326.t1	g17326.t1	189	No	No
g17327.t1	g17327.t1	306	No	No
g17328.t1	g17328.t1	75	No	No
g17329.t1	g17329.t1	265	No	No
g17330.t1	g17330.t1	200	No	No
g17331.t1	g17331.t1	141	No	No
g17332.t1	g17332.t1	137	No	No
g17333.t1	g17333.t1	374	No	No
g17334.t1	g17334.t1	150	No	No
g17335.t1	g17335.t1	210	No	No
g17336.t1	g17336.t1	141	No	No
g17337.t1	g17337.t1	191	No	No
g17338.t1	g17338.t1	232	No	No
g17339.t1	g17339.t1	282	No	No
g17340.t1	g17340.t1	177	No	No
g17341.t1	g17341.t1	173	No	No
g17342.t1	g17342.t1	308	No	No
g17343.t1	g17343.t1	163	No	No
g17344.t1	g17344.t1	255	No	No
g17345.t1	g17345.t1	97	No	No
g17346.t1	g17346.t1	139	No	No
g17347.t1	g17347.t1	374	No	No
g17348.t1	g17348.t1	160	No	No
g17349.t1	g17349.t1	151	No	No
g17350.t1	g17350.t1	185	No	No
g17351.t1	g17351.t1	261	No	No
g17352.t1	g17352.t1	85	No	No
g17353.t1	g17353.t1	91	No	No
g17354.t2	g17354.t2	394	No	No
g17355.t1	g17355.t1	1238	No	No
g17356.t1	g17356.t1	412	No	No
g17357.t1	g17357.t1	409	No	No
g17358.t1	g17358.t1	392	No	No
g17359.t1	g17359.t1	392	No	No
g17360.t2	g17360.t2	363	Yes	No
g17361.t1	g17361.t1	611	Yes	No
g17362.t1	g17362.t1	107	No	No
g17363.t1	g17363.t1	495	No	No
g17364.t1	g17364.t1	578	No	No
g17365.t1	g17365.t1	93	No	No
g17366.t1	g17366.t1	739	No	No
g17367.t1	g17367.t1	107	No	No
g17368.t1	g17368.t1	105	No	No
g17369.t1	g17369.t1	283	No	No
g17370.t1	g17370.t1	79	No	No
g17371.t1	g17371.t1	506	Yes	No
g17372.t1	g17372.t1	592	No	No
g17373.t1	g17373.t1	129	No	No
g17374.t1	g17374.t1	104	No	No
g17375.t1	g17375.t1	186	No	No
g17376.t1	g17376.t1	263	No	No
g17377.t1	g17377.t1	60	Yes	No
g17378.t1	g17378.t1	100	No	No
g17379.t1	g17379.t1	238	No	No
g17380.t1	g17380.t1	92	No	No
g17381.t1	g17381.t1	344	No	No
g17382.t1	g17382.t1	116	No	No
g17383.t1	g17383.t1	106	No	No
g17384.t1	g17384.t1	114	No	No
g17385.t1	g17385.t1	84	No	No
g17386.t1	g17386.t1	87	No	No
g17387.t1	g17387.t1	69	No	No
g17388.t1	g17388.t1	167	No	No
g17389.t1	g17389.t1	162	No	No
g17390.t2	g17390.t2	508	No	No
g17391.t1	g17391.t1	214	No	No
g17392.t1	g17392.t1	186	No	No
g17393.t1	g17393.t1	451	No	No
g17394.t1	g17394.t1	160	No	No
g17395.t1	g17395.t1	78	No	No
g17396.t1	g17396.t1	660	No	No
g17397.t1	g17397.t1	474	No	No
g17398.t1	g17398.t1	474	No	No
g17399.t1	g17399.t1	102	No	No
g17400.t1	g17400.t1	688	No	No
g17401.t1	g17401.t1	88	No	No
g17402.t1	g17402.t1	200	No	No
g17403.t1	g17403.t1	276	No	No
g17404.t1	g17404.t1	187	No	No
g17405.t2	g17405.t2	570	No	No
g17406.t1	g17406.t1	354	Yes	No
g17407.t1	g17407.t1	628	No	No
g17408.t1	g17408.t1	393	No	No
g17409.t1	g17409.t1	221	No	No
g17410.t1	g17410.t1	76	No	No
g17411.t1	g17411.t1	169	No	No
g17412.t1	g17412.t1	87	No	No
g17413.t1	g17413.t1	244	No	No
g17414.t1	g17414.t1	99	No	No
g17415.t1	g17415.t1	74	No	No
g17416.t1	g17416.t1	325	No	No
g17417.t1	g17417.t1	439	No	No
g17418.t1	g17418.t1	207	No	No
g17419.t1	g17419.t1	233	No	No
g17420.t1	g17420.t1	333	No	No
g17421.t1	g17421.t1	317	No	No
g17422.t2	g17422.t2	130	Yes	No
g17423.t1	g17423.t1	207	No	No
g17424.t1	g17424.t1	84	No	No
g17425.t1	g17425.t1	382	No	No
g17426.t1	g17426.t1	929	No	No
g17427.t1	g17427.t1	670	No	No
g17428.t1	g17428.t1	402	No	No
g17429.t2	g17429.t2	1218	No	No
g17430.t1	g17430.t1	295	No	No
g17431.t1	g17431.t1	120	No	No
g17432.t1	g17432.t1	183	No	No
g17433.t1	g17433.t1	72	No	No
g17434.t1	g17434.t1	134	No	No
g17435.t1	g17435.t1	155	No	No
g17436.t1	g17436.t1	158	No	No
g17437.t1	g17437.t1	191	No	No
g17438.t1	g17438.t1	327	No	No
g17439.t1	g17439.t1	143	No	No
g17440.t1	g17440.t1	467	No	No
g17441.t1	g17441.t1	212	No	No
g17442.t1	g17442.t1	402	No	No
g17443.t1	g17443.t1	102	No	No
g17444.t1	g17444.t1	135	No	No
g17445.t1	g17445.t1	850	Yes	No
g17446.t1	g17446.t1	239	No	No
g17447.t1	g17447.t1	248	No	No
g17448.t1	g17448.t1	402	No	No
g17449.t1	g17449.t1	90	No	No
g17450.t1	g17450.t1	159	No	No
g17451.t1	g17451.t1	810	No	No
g17452.t2	g17452.t2	230	No	No
g17453.t1	g17453.t1	837	No	No
g17454.t2	g17454.t2	925	No	No
g17455.t1	g17455.t1	101	No	No
g17456.t1	g17456.t1	225	No	No
g17457.t1	g17457.t1	69	No	No
g17458.t1	g17458.t1	104	No	No
g17459.t1	g17459.t1	102	No	No
g17460.t1	g17460.t1	130	No	No
g17461.t1	g17461.t1	593	No	No
g17462.t1	g17462.t1	143	No	No
g17463.t1	g17463.t1	184	No	No
g17464.t1	g17464.t1	1221	No	No
g17465.t2	g17465.t2	592	No	No
g17466.t2	g17466.t2	611	No	No
g17467.t1	g17467.t1	980	No	No
g17468.t1	g17468.t1	282	No	No
g17469.t1	g17469.t1	154	No	No
g17470.t1	g17470.t1	423	No	No
g17471.t2	g17471.t2	142	No	No
g17472.t1	g17472.t1	51	Yes	No
g17473.t1	g17473.t1	760	No	No
g17474.t1	g17474.t1	111	No	No
g17475.t1	g17475.t1	202	No	No
g17476.t1	g17476.t1	703	No	No
g17477.t1	g17477.t1	70	No	No
g17478.t1	g17478.t1	950	No	No
g17479.t1	g17479.t1	975	No	No
g17480.t1	g17480.t1	334	No	No
g17481.t1	g17481.t1	132	No	No
g17482.t1	g17482.t1	258	No	No
g17483.t1	g17483.t1	355	No	No
g17484.t1	g17484.t1	713	No	No
g17485.t1	g17485.t1	255	No	No
g17486.t1	g17486.t1	252	No	No
g17487.t1	g17487.t1	608	No	No
g17488.t1	g17488.t1	570	No	No
g17489.t1	g17489.t1	105	No	No
g17490.t1	g17490.t1	244	No	No
g17491.t1	g17491.t1	80	No	No
g17492.t1	g17492.t1	495	No	No
g17493.t1	g17493.t1	103	Yes	No
g17494.t1	g17494.t1	2130	No	No
g17495.t1	g17495.t1	136	No	No
g17496.t1	g17496.t1	119	No	No
g17497.t1	g17497.t1	159	No	No
g17498.t1	g17498.t1	169	No	No
g17499.t1	g17499.t1	102	No	No
g17500.t1	g17500.t1	56	No	No
g17501.t1	g17501.t1	194	No	No
g17502.t1	g17502.t1	236	No	No
g17503.t1	g17503.t1	82	No	No
g17504.t1	g17504.t1	717	No	No
g17505.t1	g17505.t1	131	No	No
g17506.t1	g17506.t1	473	No	No
g17507.t1	g17507.t1	137	No	No
g17508.t1	g17508.t1	103	No	No
g17509.t1	g17509.t1	104	No	No
g17510.t1	g17510.t1	515	No	No
g17511.t1	g17511.t1	266	No	No
g17512.t2	g17512.t2	350	No	No
g17513.t1	g17513.t1	508	No	No
g17514.t1	g17514.t1	137	No	No
g17515.t1	g17515.t1	506	No	No
g17516.t1	g17516.t1	118	No	No
g17517.t1	g17517.t1	132	No	No
g17518.t1	g17518.t1	194	No	No
g17519.t1	g17519.t1	181	No	No
g17520.t1	g17520.t1	220	No	No
g17521.t1	g17521.t1	138	No	No
g17522.t1	g17522.t1	223	Yes	No
g17523.t1	g17523.t1	57	Yes	No
g17524.t1	g17524.t1	117	No	No
g17525.t1	g17525.t1	626	No	No
g17526.t1	g17526.t1	449	No	No
g17527.t1	g17527.t1	624	No	No
g17528.t1	g17528.t1	73	Yes	No
g17529.t1	g17529.t1	102	No	No
g17530.t1	g17530.t1	293	No	No
g17531.t1	g17531.t1	84	No	No
g17532.t1	g17532.t1	90	No	No
g17533.t1	g17533.t1	523	No	No
g17534.t1	g17534.t1	593	No	No
g17535.t1	g17535.t1	133	Yes	No
g17536.t1	g17536.t1	317	No	No
g17537.t1	g17537.t1	265	No	No
g17538.t1	g17538.t1	524	No	No
g17539.t1	g17539.t1	93	No	No
g17540.t1	g17540.t1	76	No	No
g17541.t1	g17541.t1	104	No	No
g17542.t1	g17542.t1	148	No	No
g17543.t1	g17543.t1	83	No	No
g17544.t1	g17544.t1	242	No	No
g17545.t1	g17545.t1	146	No	No
g17546.t1	g17546.t1	88	No	No
g17547.t1	g17547.t1	68	No	No
g17548.t1	g17548.t1	301	Yes	No
g17549.t1	g17549.t1	159	No	No
g17550.t1	g17550.t1	405	No	No
g17551.t2	g17551.t2	642	No	No
g17552.t1	g17552.t1	108	No	No
g17553.t1	g17553.t1	123	No	No
g17554.t1	g17554.t1	791	No	No
g17555.t1	g17555.t1	136	No	No
g17556.t1	g17556.t1	80	No	No
g17557.t2	g17557.t2	1635	No	No
g17558.t1	g17558.t1	185	No	No
g17559.t1	g17559.t1	79	No	No
g17560.t1	g17560.t1	123	Yes	No
g17561.t1	g17561.t1	823	No	No
g17562.t1	g17562.t1	354	No	No
g17563.t1	g17563.t1	281	No	No
g17564.t1	g17564.t1	161	No	No
g17565.t1	g17565.t1	187	No	No
g17566.t1	g17566.t1	133	No	No
g17567.t1	g17567.t1	77	No	No
g17568.t1	g17568.t1	301	No	No
g17569.t1	g17569.t1	193	No	No
g17570.t2	g17570.t2	144	No	No
g17571.t1	g17571.t1	753	No	No
g17572.t1	g17572.t1	871	No	No
g17573.t1	g17573.t1	95	No	No
g17574.t1	g17574.t1	494	No	No
g17575.t1	g17575.t1	47	No	No
g17576.t1	g17576.t1	331	No	No
g17577.t1	g17577.t1	58	Yes	No
g17578.t1	g17578.t1	61	Yes	No
g17579.t1	g17579.t1	254	No	No
g17580.t1	g17580.t1	682	Yes	No
g17581.t1	g17581.t1	110	No	No
g17582.t1	g17582.t1	391	No	No
g17583.t1	g17583.t1	309	No	No
g17584.t1	g17584.t1	193	No	No
g17585.t1	g17585.t1	85	No	No
g17586.t1	g17586.t1	652	No	No
g17587.t1	g17587.t1	107	No	No
g17588.t1	g17588.t1	113	No	No
g17589.t1	g17589.t1	184	No	No
g17590.t1	g17590.t1	1982	No	No
g17591.t1	g17591.t1	50	Yes	No
g17592.t1	g17592.t1	828	No	No
g17593.t1	g17593.t1	1315	No	No
g17594.t1	g17594.t1	2129	No	No
g17595.t1	g17595.t1	145	No	No
g17596.t1	g17596.t1	66	No	No
g17597.t1	g17597.t1	119	No	No
g17598.t1	g17598.t1	98	No	No
g17599.t1	g17599.t1	879	Yes	No
g17600.t1	g17600.t1	76	No	No
g17601.t1	g17601.t1	353	No	No
g17602.t1	g17602.t1	150	No	No
g17603.t1	g17603.t1	4253	No	No
g17604.t3	g17604.t3	701	No	No
g17605.t1	g17605.t1	99	No	No
g17606.t1	g17606.t1	97	No	No
g17607.t1	g17607.t1	94	No	No
g17608.t1	g17608.t1	124	No	No
g17609.t1	g17609.t1	789	No	No
g17610.t1	g17610.t1	380	No	No
g17611.t1	g17611.t1	984	No	No
g17612.t1	g17612.t1	463	No	No
g17613.t1	g17613.t1	89	No	No
g17614.t1	g17614.t1	144	No	No
g17615.t1	g17615.t1	169	No	No
g17616.t1	g17616.t1	357	No	No
g17617.t1	g17617.t1	175	No	No
g17618.t1	g17618.t1	410	Yes	No
g17619.t1	g17619.t1	277	No	No
g17620.t1	g17620.t1	89	Yes	No
g17621.t1	g17621.t1	448	No	No
g17622.t1	g17622.t1	223	No	No
g17623.t1	g17623.t1	118	No	No
g17624.t1	g17624.t1	173	No	No
g17625.t1	g17625.t1	205	No	No
g17626.t1	g17626.t1	22	Yes	No
g17627.t1	g17627.t1	86	No	No
g17628.t1	g17628.t1	314	No	No
g17629.t1	g17629.t1	977	No	No
g17630.t1	g17630.t1	272	No	No
g17631.t1	g17631.t1	85	No	No
g17632.t1	g17632.t1	342	No	No
g17633.t1	g17633.t1	408	No	No
g17634.t1	g17634.t1	142	No	No
g17635.t1	g17635.t1	163	No	No
g17636.t1	g17636.t1	79	No	No
g17637.t1	g17637.t1	144	Yes	No
g17638.t1	g17638.t1	1215	No	No
g17639.t1	g17639.t1	616	No	No
g17640.t1	g17640.t1	1216	No	No
g17641.t1	g17641.t1	146	No	No
g17642.t1	g17642.t1	258	No	No
g17643.t1	g17643.t1	1733	No	No
g17644.t1	g17644.t1	121	No	No
g17645.t1	g17645.t1	96	No	No
g17646.t1	g17646.t1	381	No	No
g17647.t1	g17647.t1	105	No	No
g17648.t1	g17648.t1	987	No	No
g17649.t1	g17649.t1	172	No	No
g17650.t1	g17650.t1	143	No	No
g17651.t1	g17651.t1	507	No	No
g17652.t1	g17652.t1	119	No	No
g17653.t1	g17653.t1	253	No	No
g17654.t1	g17654.t1	342	No	No
g17655.t1	g17655.t1	309	No	No
g17656.t1	g17656.t1	464	No	No
g17657.t1	g17657.t1	356	No	No
g17658.t1	g17658.t1	253	No	No
g17659.t1	g17659.t1	271	No	No
g17660.t1	g17660.t1	857	No	No
g17661.t1	g17661.t1	695	No	No
g17662.t1	g17662.t1	283	No	No
g17663.t1	g17663.t1	506	No	No
g17664.t1	g17664.t1	384	No	No
g17665.t1	g17665.t1	104	No	No
g17666.t1	g17666.t1	108	No	No
g17667.t1	g17667.t1	86	No	No
g17668.t1	g17668.t1	141	No	No
g17669.t1	g17669.t1	139	No	No
g17670.t1	g17670.t1	92	No	No
g17671.t1	g17671.t1	122	No	No
g17672.t1	g17672.t1	71	No	No
g17673.t3	g17673.t3	803	No	No
g17674.t1	g17674.t1	396	Yes	No
g17675.t1	g17675.t1	459	No	No
g17676.t1	g17676.t1	128	No	No
g17677.t1	g17677.t1	260	No	No
g17678.t1	g17678.t1	291	No	No
g17679.t1	g17679.t1	584	No	No
g17680.t2	g17680.t2	166	No	No
g17681.t1	g17681.t1	409	No	No
g17682.t1	g17682.t1	1087	No	No
g17683.t1	g17683.t1	51	Yes	No
g17684.t1	g17684.t1	72	Yes	No
g17685.t1	g17685.t1	440	No	No
g17686.t1	g17686.t1	593	No	No
g17687.t1	g17687.t1	101	No	No
g17688.t1	g17688.t1	171	No	No
g17689.t1	g17689.t1	108	No	No
g17690.t1	g17690.t1	827	No	No
g17691.t1	g17691.t1	273	No	No
g17692.t1	g17692.t1	228	No	No
g17693.t1	g17693.t1	396	No	No
g17694.t1	g17694.t1	117	No	No
g17695.t1	g17695.t1	395	No	No
g17696.t1	g17696.t1	668	No	No
g17697.t1	g17697.t1	762	No	No
g17698.t1	g17698.t1	596	Yes	No
g17699.t1	g17699.t1	113	No	No
g17700.t1	g17700.t1	998	No	No
g17701.t1	g17701.t1	79	No	No
g17702.t1	g17702.t1	68	No	No
g17703.t1	g17703.t1	101	No	No
g17704.t1	g17704.t1	172	No	No
g17705.t1	g17705.t1	109	No	No
g17706.t1	g17706.t1	1009	No	No
g17707.t1	g17707.t1	174	No	No
g17708.t1	g17708.t1	280	No	No
g17709.t1	g17709.t1	114	No	No
g17710.t1	g17710.t1	3692	No	No
g17711.t1	g17711.t1	149	No	No
g17712.t1	g17712.t1	373	No	No
g17713.t1	g17713.t1	162	No	No
g17714.t1	g17714.t1	335	No	No
g17715.t1	g17715.t1	98	No	No
g17716.t1	g17716.t1	109	Yes	No
g17717.t1	g17717.t1	85	No	No
g17718.t1	g17718.t1	780	No	No
g17719.t1	g17719.t1	196	Yes	No
g17720.t1	g17720.t1	229	No	No
g17721.t1	g17721.t1	141	Yes	No
g17722.t1	g17722.t1	376	No	No
g17723.t1	g17723.t1	112	No	No
g17724.t1	g17724.t1	74	No	No
g17725.t1	g17725.t1	96	No	No
g17726.t1	g17726.t1	162	No	No
g17727.t1	g17727.t1	747	No	No
g17728.t1	g17728.t1	103	No	No
g17729.t1	g17729.t1	124	No	No
g17730.t1	g17730.t1	509	No	No
g17731.t1	g17731.t1	156	No	No
g17732.t1	g17732.t1	542	No	No
g17733.t1	g17733.t1	739	No	No
g17734.t1	g17734.t1	196	No	No
g17735.t1	g17735.t1	694	No	No
g17736.t1	g17736.t1	240	No	No
g17737.t1	g17737.t1	95	No	No
g17738.t1	g17738.t1	166	No	No
g17739.t1	g17739.t1	1110	No	No
g17740.t1	g17740.t1	213	No	No
g17741.t1	g17741.t1	652	No	No
g17742.t1	g17742.t1	1538	Yes	No
g17743.t1	g17743.t1	465	No	No
g17744.t1	g17744.t1	81	No	No
g17745.t1	g17745.t1	525	No	No
g17746.t1	g17746.t1	958	No	No
g17747.t1	g17747.t1	107	No	No
g17748.t1	g17748.t1	145	No	No
g17749.t1	g17749.t1	305	No	No
g17750.t1	g17750.t1	322	No	No
g17751.t1	g17751.t1	157	No	No
g17752.t1	g17752.t1	210	No	No
g17753.t1	g17753.t1	107	No	No
g17754.t1	g17754.t1	944	No	No
g17755.t1	g17755.t1	87	No	No
g17756.t1	g17756.t1	98	No	No
g17757.t1	g17757.t1	100	No	No
g17758.t1	g17758.t1	87	No	No
g17759.t1	g17759.t1	126	No	No
g17760.t1	g17760.t1	858	No	No
g17761.t1	g17761.t1	208	Yes	No
g17762.t1	g17762.t1	139	No	No
g17763.t1	g17763.t1	212	No	No
g17764.t1	g17764.t1	870	Yes	No
g17765.t1	g17765.t1	200	Yes	No
g17766.t1	g17766.t1	492	No	No
g17767.t1	g17767.t1	146	No	No
g17768.t1	g17768.t1	92	No	No
g17769.t1	g17769.t1	801	No	No
g17770.t1	g17770.t1	149	Yes	No
g17771.t1	g17771.t1	309	No	No
g17772.t1	g17772.t1	91	No	No
g17773.t1	g17773.t1	195	No	No
g17774.t1	g17774.t1	340	No	No
g17775.t1	g17775.t1	76	No	No
g17776.t1	g17776.t1	331	No	No
g17777.t1	g17777.t1	872	No	No
g17778.t1	g17778.t1	754	No	No
g17779.t1	g17779.t1	252	No	No
g17780.t1	g17780.t1	2338	No	No
g17781.t1	g17781.t1	490	No	No
g17782.t1	g17782.t1	244	No	No
g17783.t1	g17783.t1	98	No	No
g17784.t1	g17784.t1	186	No	No
g17785.t1	g17785.t1	654	No	No
g17786.t1	g17786.t1	82	No	No
g17787.t1	g17787.t1	255	No	No
g17788.t1	g17788.t1	40	Yes	No
g17789.t1	g17789.t1	225	No	No
g17790.t1	g17790.t1	331	No	No
g17791.t1	g17791.t1	235	No	No
g17792.t1	g17792.t1	265	No	No
g17793.t1	g17793.t1	551	No	No
g17794.t1	g17794.t1	331	No	No
g17795.t1	g17795.t1	149	No	No
g17796.t1	g17796.t1	1042	No	No
g17797.t1	g17797.t1	384	No	No
g17798.t1	g17798.t1	186	No	No
g17799.t1	g17799.t1	306	No	No
g17800.t1	g17800.t1	82	Yes	No
g17801.t1	g17801.t1	59	Yes	No
g17802.t1	g17802.t1	161	No	No
g17803.t1	g17803.t1	191	No	No
g17804.t1	g17804.t1	99	No	No
g17805.t1	g17805.t1	284	No	No
g17806.t1	g17806.t1	85	No	No
g17807.t1	g17807.t1	1217	No	No
g17808.t1	g17808.t1	296	No	No
g17809.t1	g17809.t1	165	No	No
g17810.t1	g17810.t1	173	No	No
g17811.t1	g17811.t1	660	No	No
g17812.t1	g17812.t1	177	No	No
g17813.t1	g17813.t1	121	No	No
g17814.t1	g17814.t1	195	No	No
g17815.t1	g17815.t1	270	No	No
g17816.t1	g17816.t1	642	No	No
g17817.t1	g17817.t1	252	No	No
g17818.t2	g17818.t2	873	No	No
g17819.t2	g17819.t2	192	No	No
g17820.t1	g17820.t1	95	No	No
g17821.t1	g17821.t1	318	No	No
g17822.t1	g17822.t1	691	No	No
g17823.t1	g17823.t1	2888	No	No
g17824.t1	g17824.t1	313	No	No
g17825.t1	g17825.t1	262	No	No
g17826.t1	g17826.t1	73	No	No
g17827.t1	g17827.t1	1020	No	No
g17828.t1	g17828.t1	455	No	No
g17829.t1	g17829.t1	82	No	No
g17830.t1	g17830.t1	222	No	No
g17831.t1	g17831.t1	67	No	No
g17832.t1	g17832.t1	139	No	No
g17833.t1	g17833.t1	1917	No	No
g17834.t1	g17834.t1	228	No	No
g17835.t1	g17835.t1	1894	No	No
g17836.t1	g17836.t1	82	No	No
g17837.t1	g17837.t1	102	No	No
g17838.t1	g17838.t1	585	No	No
g17839.t1	g17839.t1	1010	No	No
g17840.t1	g17840.t1	213	Yes	No
g17841.t1	g17841.t1	232	No	No
g17842.t1	g17842.t1	111	No	No
g17843.t1	g17843.t1	312	No	No
g17844.t1	g17844.t1	240	No	No
g17845.t1	g17845.t1	163	No	No
g17846.t1	g17846.t1	845	No	No
g17847.t1	g17847.t1	92	No	No
g17848.t1	g17848.t1	81	No	No
g17849.t1	g17849.t1	79	No	No
g17850.t1	g17850.t1	2399	No	No
g17851.t1	g17851.t1	105	No	No
g17852.t1	g17852.t1	99	No	No
g17853.t1	g17853.t1	219	No	No
g17854.t1	g17854.t1	232	No	No
g17855.t1	g17855.t1	775	No	No
g17856.t1	g17856.t1	195	No	No
g17857.t1	g17857.t1	236	No	No
g17858.t1	g17858.t1	746	No	No
g17859.t1	g17859.t1	221	No	No
g17860.t1	g17860.t1	689	No	No
g17861.t1	g17861.t1	73	No	No
g17862.t1	g17862.t1	441	No	No
g17863.t1	g17863.t1	117	Yes	No
g17864.t1	g17864.t1	101	No	No
g17865.t1	g17865.t1	94	No	No
g17866.t1	g17866.t1	101	No	No
g17867.t1	g17867.t1	135	No	No
g17868.t1	g17868.t1	113	No	No
g17869.t1	g17869.t1	138	No	No
g17870.t1	g17870.t1	347	No	No
g17871.t1	g17871.t1	466	No	No
g17872.t1	g17872.t1	316	No	No
g17873.t1	g17873.t1	368	No	No
g17874.t1	g17874.t1	220	No	No
g17875.t1	g17875.t1	727	No	No
g17876.t1	g17876.t1	82	No	No
g17877.t1	g17877.t1	271	Yes	No
g17878.t1	g17878.t1	153	Yes	No
g17879.t1	g17879.t1	288	No	No
g17880.t1	g17880.t1	120	No	No
g17881.t1	g17881.t1	564	No	No
g17882.t1	g17882.t1	41	No	No
g17883.t1	g17883.t1	124	No	No
g17884.t1	g17884.t1	101	Yes	No
g17885.t1	g17885.t1	122	No	No
g17886.t1	g17886.t1	688	Yes	No
g17887.t1	g17887.t1	270	No	No
g17888.t1	g17888.t1	202	No	No
g17889.t1	g17889.t1	93	No	No
g17890.t1	g17890.t1	318	No	No
g17891.t1	g17891.t1	149	No	No
g17892.t1	g17892.t1	211	Yes	No
g17893.t1	g17893.t1	115	No	No
g17894.t1	g17894.t1	132	No	No
g17895.t1	g17895.t1	210	No	No
g17896.t1	g17896.t1	788	No	No
g17897.t1	g17897.t1	78	No	No
g17898.t1	g17898.t1	132	No	No
g17899.t1	g17899.t1	82	No	No
g17900.t1	g17900.t1	89	No	No
g17901.t1	g17901.t1	852	No	No
g17902.t1	g17902.t1	187	Yes	No
g17903.t1	g17903.t1	194	No	No
g17904.t1	g17904.t1	2354	No	No
g17905.t1	g17905.t1	90	No	No
g17906.t1	g17906.t1	71	No	No
g17907.t1	g17907.t1	261	Yes	No
g17908.t2	g17908.t2	362	No	No
g17909.t1	g17909.t1	324	No	No
g17910.t1	g17910.t1	262	No	No
g17911.t3	g17911.t3	890	No	No
g17912.t1	g17912.t1	318	No	No
g17913.t1	g17913.t1	359	No	No
g17914.t1	g17914.t1	467	No	No
g17915.t1	g17915.t1	122	No	No
g17916.t1	g17916.t1	331	No	No
g17917.t1	g17917.t1	347	No	No
g17918.t1	g17918.t1	267	No	No
g17919.t1	g17919.t1	411	No	No
g17920.t1	g17920.t1	218	No	No
g17921.t1	g17921.t1	946	No	No
g17922.t1	g17922.t1	870	No	No
g17923.t1	g17923.t1	592	No	No
g17924.t1	g17924.t1	730	No	No
g17925.t1	g17925.t1	222	No	No
g17926.t1	g17926.t1	193	No	No
g17927.t2	g17927.t2	567	No	No
g17928.t1	g17928.t1	345	No	No
g17929.t1	g17929.t1	1128	No	No
g17930.t1	g17930.t1	112	No	No
g17931.t1	g17931.t1	491	No	No
g17932.t1	g17932.t1	479	No	No
g17933.t1	g17933.t1	69	No	No
g17934.t1	g17934.t1	1206	No	No
g17935.t1	g17935.t1	369	No	No
g17936.t1	g17936.t1	123	No	No
g17937.t1	g17937.t1	93	No	No
g17938.t1	g17938.t1	89	No	No
g17939.t1	g17939.t1	244	No	No
g17940.t1	g17940.t1	72	No	No
g17941.t1	g17941.t1	1177	No	No
g17942.t1	g17942.t1	1014	No	No
g17943.t1	g17943.t1	114	No	No
g17944.t1	g17944.t1	398	Yes	No
g17945.t1	g17945.t1	280	No	No
g17946.t1	g17946.t1	119	No	No
g17947.t1	g17947.t1	218	No	No
g17948.t1	g17948.t1	84	No	No
g17949.t1	g17949.t1	77	No	No
g17950.t1	g17950.t1	93	No	No
g17951.t1	g17951.t1	79	No	No
g17952.t1	g17952.t1	1292	No	No
g17953.t1	g17953.t1	1364	No	No
g17954.t1	g17954.t1	520	No	No
g17955.t2	g17955.t2	2176	No	No
g17956.t1	g17956.t1	197	No	No
g17957.t1	g17957.t1	371	No	No
g17958.t1	g17958.t1	473	No	No
g17959.t1	g17959.t1	1494	No	No
g17960.t1	g17960.t1	71	No	No
g17961.t1	g17961.t1	111	No	No
g17962.t1	g17962.t1	91	No	No
g17963.t1	g17963.t1	260	Yes	No
g17964.t1	g17964.t1	365	No	No
g17965.t1	g17965.t1	208	No	No
g17966.t1	g17966.t1	156	No	No
g17967.t2	g17967.t2	466	No	No
g17968.t1	g17968.t1	389	No	No
g17969.t1	g17969.t1	353	No	No
g17970.t1	g17970.t1	114	No	No
g17971.t1	g17971.t1	447	No	No
g17972.t1	g17972.t1	135	No	No
g17973.t1	g17973.t1	303	No	No
g17974.t1	g17974.t1	1066	No	No
g17975.t1	g17975.t1	74	No	No
g17976.t1	g17976.t1	102	No	No
g17977.t1	g17977.t1	190	No	No
g17978.t1	g17978.t1	119	No	No
g17979.t1	g17979.t1	539	No	No
g17980.t1	g17980.t1	78	No	No
g17981.t2	g17981.t2	758	No	No
g17982.t1	g17982.t1	133	No	No
g17983.t1	g17983.t1	110	No	No
g17984.t1	g17984.t1	110	No	No
g17985.t1	g17985.t1	716	No	No
g17986.t1	g17986.t1	95	No	No
g17987.t1	g17987.t1	75	No	No
g17988.t1	g17988.t1	193	No	No
g17989.t1	g17989.t1	56	No	No
g17990.t1	g17990.t1	473	Yes	No
g17991.t1	g17991.t1	1016	No	No
g17992.t1	g17992.t1	644	No	No
g17993.t1	g17993.t1	349	No	No
g17994.t1	g17994.t1	100	No	No
g17995.t1	g17995.t1	295	No	No
g17996.t1	g17996.t1	239	No	No
g17997.t1	g17997.t1	73	No	No
g17998.t2	g17998.t2	1742	Yes	No
g17999.t1	g17999.t1	1191	No	No
g18000.t1	g18000.t1	242	No	No
g18001.t1	g18001.t1	566	No	No
g18002.t1	g18002.t1	84	No	No
g18003.t4	g18003.t4	2285	No	No
g18004.t1	g18004.t1	352	No	No
g18005.t1	g18005.t1	174	No	No
g18006.t1	g18006.t1	112	No	No
g18007.t1	g18007.t1	66	No	No
g18008.t2	g18008.t2	218	Yes	No
g18009.t1	g18009.t1	542	No	No
g18010.t1	g18010.t1	240	No	No
g18011.t1	g18011.t1	150	No	No
g18012.t1	g18012.t1	86	No	No
g18013.t1	g18013.t1	750	No	No
g18014.t1	g18014.t1	151	No	No
g18015.t1	g18015.t1	829	No	No
g18016.t1	g18016.t1	224	No	No
g18017.t1	g18017.t1	151	No	No
g18018.t1	g18018.t1	69	No	No
g18019.t1	g18019.t1	433	No	No
g18020.t1	g18020.t1	74	No	No
g18021.t1	g18021.t1	119	No	No
g18022.t1	g18022.t1	620	No	No
g18023.t1	g18023.t1	441	No	No
g18024.t1	g18024.t1	198	No	No
g18025.t1	g18025.t1	198	No	No
g18026.t1	g18026.t1	365	No	No
g18027.t1	g18027.t1	138	No	No
g18028.t1	g18028.t1	351	No	No
g18029.t1	g18029.t1	72	No	No
g18030.t1	g18030.t1	707	No	No
g18031.t1	g18031.t1	68	No	No
g18032.t1	g18032.t1	126	No	No
g18033.t1	g18033.t1	144	No	No
g18034.t1	g18034.t1	219	No	No
g18035.t1	g18035.t1	321	No	No
g18036.t1	g18036.t1	105	Yes	No
g18037.t1	g18037.t1	524	No	No
g18038.t1	g18038.t1	348	No	No
g18039.t1	g18039.t1	297	No	No
g18040.t1	g18040.t1	101	No	No
g18041.t1	g18041.t1	149	Yes	No
g18042.t1	g18042.t1	442	No	No
g18043.t1	g18043.t1	555	No	No
g18044.t1	g18044.t1	271	No	No
g18045.t1	g18045.t1	61	Yes	No
g18046.t1	g18046.t1	85	No	No
g18047.t1	g18047.t1	406	No	No
g18048.t1	g18048.t1	513	No	No
g18049.t1	g18049.t1	91	No	No
g18050.t1	g18050.t1	202	No	No
g18051.t1	g18051.t1	521	No	No
g18052.t1	g18052.t1	124	No	No
g18053.t1	g18053.t1	100	Yes	No
g18054.t1	g18054.t1	141	No	No
g18055.t1	g18055.t1	126	No	No
g18056.t1	g18056.t1	103	No	No
g18057.t1	g18057.t1	94	No	No
g18058.t1	g18058.t1	169	No	No
g18059.t1	g18059.t1	652	No	No
g18060.t1	g18060.t1	231	No	No
g18061.t1	g18061.t1	585	No	No
g18062.t1	g18062.t1	237	No	No
g18063.t1	g18063.t1	164	No	No
g18064.t1	g18064.t1	224	No	No
g18065.t1	g18065.t1	102	No	No
g18066.t1	g18066.t1	176	No	No
g18067.t1	g18067.t1	137	No	No
g18068.t1	g18068.t1	173	No	No
g18069.t1	g18069.t1	157	No	No
g18070.t1	g18070.t1	114	Yes	No
g18071.t1	g18071.t1	467	No	No
g18072.t1	g18072.t1	107	Yes	No
g18073.t1	g18073.t1	224	No	No
g18074.t1	g18074.t1	545	No	No
g18075.t1	g18075.t1	87	No	No
g18076.t1	g18076.t1	711	No	No
g18077.t1	g18077.t1	207	No	No
g18078.t1	g18078.t1	68	No	No
g18079.t1	g18079.t1	586	No	No
g18080.t1	g18080.t1	515	No	No
g18081.t1	g18081.t1	291	No	No
g18082.t1	g18082.t1	291	No	No
g18083.t1	g18083.t1	730	No	No
g18084.t1	g18084.t1	159	No	No
g18085.t1	g18085.t1	142	No	No
g18086.t1	g18086.t1	358	No	No
g18087.t1	g18087.t1	78	No	No
g18088.t1	g18088.t1	426	No	No
g18089.t1	g18089.t1	274	No	No
g18090.t1	g18090.t1	410	No	No
g18091.t1	g18091.t1	209	No	No
g18092.t1	g18092.t1	120	No	No
g18093.t1	g18093.t1	286	No	No
g18094.t1	g18094.t1	289	No	No
g18095.t1	g18095.t1	99	Yes	No
g18096.t1	g18096.t1	116	No	No
g18097.t1	g18097.t1	238	No	No
g18098.t1	g18098.t1	88	No	No
g18099.t1	g18099.t1	121	No	No
g18100.t1	g18100.t1	139	No	No
g18101.t1	g18101.t1	98	No	No
g18102.t2	g18102.t2	132	No	No
g18103.t1	g18103.t1	316	No	No
g18104.t1	g18104.t1	611	No	No
g18105.t1	g18105.t1	1286	Yes	No
g18106.t1	g18106.t1	221	No	No
g18107.t2	g18107.t2	2641	No	No
g18108.t2	g18108.t2	507	No	No
g18109.t1	g18109.t1	222	Yes	No
g18110.t1	g18110.t1	281	No	No
g18111.t1	g18111.t1	181	No	No
g18112.t1	g18112.t1	101	No	No
g18113.t1	g18113.t1	110	No	No
g18114.t2	g18114.t2	505	No	No
g18115.t3	g18115.t3	681	No	No
g18116.t1	g18116.t1	345	No	No
g18117.t1	g18117.t1	736	No	No
g18118.t1	g18118.t1	515	No	No
g18119.t1	g18119.t1	113	No	No
g18120.t1	g18120.t1	117	No	No
g18121.t1	g18121.t1	89	No	No
g18122.t1	g18122.t1	301	No	No
g18123.t1	g18123.t1	39	No	No
g18124.t1	g18124.t1	110	Yes	No
g18125.t1	g18125.t1	87	No	No
g18126.t1	g18126.t1	74	No	No
g18127.t1	g18127.t1	96	No	No
g18128.t1	g18128.t1	96	No	No
g18129.t1	g18129.t1	210	No	No
g18130.t1	g18130.t1	784	No	No
g18131.t1	g18131.t1	423	No	No
g18132.t1	g18132.t1	358	No	No
g18133.t1	g18133.t1	89	No	No
g18134.t1	g18134.t1	241	No	No
g18135.t1	g18135.t1	213	No	No
g18136.t1	g18136.t1	87	No	No
g18137.t1	g18137.t1	232	No	No
g18138.t1	g18138.t1	153	No	No
g18139.t1	g18139.t1	153	Yes	No
g18140.t1	g18140.t1	80	No	No
g18141.t1	g18141.t1	78	No	No
g18142.t1	g18142.t1	183	No	No
g18143.t1	g18143.t1	156	No	No
g18144.t1	g18144.t1	104	No	No
g18145.t1	g18145.t1	92	No	No
g18146.t1	g18146.t1	2122	No	No
g18147.t1	g18147.t1	432	No	No
g18148.t1	g18148.t1	273	No	No
g18149.t1	g18149.t1	258	No	No
g18150.t1	g18150.t1	96	No	No
g18151.t1	g18151.t1	91	No	No
g18152.t1	g18152.t1	372	No	No
g18153.t1	g18153.t1	112	No	No
g18154.t1	g18154.t1	434	No	No
g18155.t1	g18155.t1	116	No	No
g18156.t1	g18156.t1	456	No	No
g18157.t1	g18157.t1	119	No	No
g18158.t1	g18158.t1	483	No	No
g18159.t2	g18159.t2	253	No	No
g18160.t1	g18160.t1	621	No	No
g18161.t1	g18161.t1	289	No	No
g18162.t2	g18162.t2	583	No	No
g18163.t1	g18163.t1	91	No	No
g18164.t1	g18164.t1	635	Yes	No
g18165.t1	g18165.t1	543	No	No
g18166.t1	g18166.t1	150	No	No
g18167.t1	g18167.t1	97	No	No
g18168.t1	g18168.t1	132	No	No
g18169.t1	g18169.t1	96	No	No
g18170.t1	g18170.t1	140	No	No
g18171.t1	g18171.t1	72	No	No
g18172.t1	g18172.t1	547	No	No
g18173.t1	g18173.t1	156	No	No
g18174.t1	g18174.t1	673	No	No
g18175.t1	g18175.t1	267	No	No
g18176.t1	g18176.t1	210	No	No
g18177.t1	g18177.t1	173	No	No
g18178.t1	g18178.t1	2241	No	No
g18179.t2	g18179.t2	317	No	No
g18180.t1	g18180.t1	260	No	No
g18181.t1	g18181.t1	866	No	No
g18182.t1	g18182.t1	564	No	No
g18183.t3	g18183.t3	852	No	No
g18184.t1	g18184.t1	152	No	No
g18185.t1	g18185.t1	110	No	No
g18186.t1	g18186.t1	66	No	No
g18187.t1	g18187.t1	226	No	No
g18188.t1	g18188.t1	273	No	No
g18189.t1	g18189.t1	77	No	No
g18190.t1	g18190.t1	636	No	No
g18191.t1	g18191.t1	871	No	No
g18192.t1	g18192.t1	323	No	No
g18193.t1	g18193.t1	147	No	No
g18194.t1	g18194.t1	406	Yes	No
g18195.t1	g18195.t1	178	No	No
g18196.t1	g18196.t1	333	No	No
g18197.t1	g18197.t1	917	No	No
g18198.t1	g18198.t1	256	No	No
g18199.t1	g18199.t1	448	No	No
g18200.t1	g18200.t1	104	No	No
g18201.t1	g18201.t1	1156	No	No
g18202.t1	g18202.t1	217	No	No
g18203.t1	g18203.t1	1193	No	No
g18204.t1	g18204.t1	163	No	No
g18205.t1	g18205.t1	97	No	No
g18206.t1	g18206.t1	333	No	No
g18207.t1	g18207.t1	571	No	No
g18208.t1	g18208.t1	1004	No	No
g18209.t1	g18209.t1	214	No	No
g18210.t1	g18210.t1	372	No	No
g18211.t1	g18211.t1	397	No	No
g18212.t1	g18212.t1	74	No	No
g18213.t1	g18213.t1	160	No	No
g18214.t1	g18214.t1	129	No	No
g18215.t1	g18215.t1	127	No	No
g18216.t1	g18216.t1	84	No	No
g18217.t1	g18217.t1	349	No	No
g18218.t1	g18218.t1	271	No	No
g18219.t1	g18219.t1	69	Yes	No
g18220.t1	g18220.t1	497	Yes	No
g18221.t1	g18221.t1	474	Yes	No
g18222.t2	g18222.t2	393	No	No
g18223.t1	g18223.t1	80	No	No
g18224.t1	g18224.t1	424	No	No
g18225.t1	g18225.t1	93	No	No
g18226.t1	g18226.t1	286	No	No
g18227.t1	g18227.t1	158	No	No
g18228.t1	g18228.t1	105	No	No
g18229.t1	g18229.t1	122	No	No
g18230.t1	g18230.t1	195	No	No
g18231.t1	g18231.t1	464	No	No
g18232.t1	g18232.t1	192	No	No
g18233.t1	g18233.t1	90	No	No
g18234.t1	g18234.t1	113	No	No
g18235.t1	g18235.t1	252	No	No
g18236.t1	g18236.t1	193	No	No
g18237.t1	g18237.t1	213	No	No
g18238.t3	g18238.t3	1400	No	No
g18239.t1	g18239.t1	290	No	No
g18240.t1	g18240.t1	166	No	No
g18241.t1	g18241.t1	880	No	No
g18242.t1	g18242.t1	497	No	No
g18243.t1	g18243.t1	112	No	No
g18244.t1	g18244.t1	263	No	No
g18245.t1	g18245.t1	313	No	No
g18246.t1	g18246.t1	173	No	No
g18247.t2	g18247.t2	475	No	No
g18248.t1	g18248.t1	2568	Yes	No
g18249.t1	g18249.t1	379	Yes	No
g18250.t1	g18250.t1	141	No	No
g18251.t1	g18251.t1	420	No	No
g18252.t1	g18252.t1	247	No	No
g18253.t1	g18253.t1	345	No	No
g18254.t1	g18254.t1	446	No	No
g18255.t1	g18255.t1	254	No	No
g18256.t1	g18256.t1	161	No	No
g18257.t1	g18257.t1	671	No	No
g18258.t1	g18258.t1	152	No	No
g18259.t1	g18259.t1	221	No	No
g18260.t1	g18260.t1	748	No	No
g18261.t1	g18261.t1	851	No	No
g18262.t1	g18262.t1	720	No	No
g18263.t2	g18263.t2	414	Yes	No
g18264.t1	g18264.t1	107	No	No
g18265.t1	g18265.t1	76	No	No
g18266.t1	g18266.t1	501	No	No
g18267.t1	g18267.t1	130	No	No
g18268.t1	g18268.t1	373	No	No
g18269.t1	g18269.t1	1216	No	No
g18270.t1	g18270.t1	109	No	No
g18271.t1	g18271.t1	461	No	No
g18272.t1	g18272.t1	384	No	No
g18273.t1	g18273.t1	568	No	No
g18274.t1	g18274.t1	246	No	No
g18275.t1	g18275.t1	173	No	No
g18276.t1	g18276.t1	189	No	No
g18277.t1	g18277.t1	132	No	No
g18278.t1	g18278.t1	107	No	No
g18279.t1	g18279.t1	164	No	No
g18280.t1	g18280.t1	68	No	No
g18281.t1	g18281.t1	43	Yes	No
g18282.t1	g18282.t1	126	No	No
g18283.t1	g18283.t1	91	No	No
g18284.t1	g18284.t1	80	No	No
g18285.t1	g18285.t1	120	Yes	No
g18286.t1	g18286.t1	1102	No	No
g18287.t1	g18287.t1	407	No	No
g18288.t1	g18288.t1	736	No	No
g18289.t1	g18289.t1	135	No	No
g18290.t1	g18290.t1	319	No	No
g18291.t1	g18291.t1	114	No	No
g18292.t1	g18292.t1	787	Yes	No
g18293.t1	g18293.t1	101	No	No
g18294.t1	g18294.t1	452	No	No
g18295.t1	g18295.t1	256	No	No
g18296.t1	g18296.t1	110	No	No
g18297.t1	g18297.t1	68	No	No
g18298.t1	g18298.t1	755	No	No
g18299.t1	g18299.t1	212	No	No
g18300.t1	g18300.t1	67	No	No
g18301.t1	g18301.t1	246	No	No
g18302.t1	g18302.t1	157	No	No
g18303.t1	g18303.t1	1791	No	No
g18304.t1	g18304.t1	339	No	No
g18305.t1	g18305.t1	67	Yes	No
g18306.t1	g18306.t1	168	No	No
g18307.t1	g18307.t1	169	No	No
g18308.t1	g18308.t1	164	No	No
g18309.t1	g18309.t1	224	No	No
g18310.t1	g18310.t1	613	No	No
g18311.t1	g18311.t1	85	No	No
g18312.t1	g18312.t1	102	No	No
g18313.t2	g18313.t2	390	No	No
g18314.t1	g18314.t1	386	No	No
g18315.t1	g18315.t1	418	No	No
g18316.t1	g18316.t1	425	No	No
g18317.t1	g18317.t1	333	No	No
g18318.t1	g18318.t1	183	No	No
g18319.t1	g18319.t1	306	No	No
g18320.t1	g18320.t1	146	No	No
g18321.t1	g18321.t1	110	No	No
g18322.t2	g18322.t2	385	No	No
g18323.t1	g18323.t1	145	No	No
g18324.t1	g18324.t1	350	No	No
g18325.t1	g18325.t1	112	No	No
g18326.t1	g18326.t1	123	No	No
g18327.t1	g18327.t1	617	No	No
g18328.t1	g18328.t1	68	No	No
g18329.t1	g18329.t1	135	No	No
g18330.t1	g18330.t1	224	No	No
g18331.t1	g18331.t1	110	No	No
g18332.t1	g18332.t1	75	No	No
g18333.t1	g18333.t1	146	No	No
g18334.t1	g18334.t1	103	No	No
g18335.t1	g18335.t1	843	No	No
g18336.t1	g18336.t1	547	No	No
g18337.t1	g18337.t1	68	No	No
g18338.t1	g18338.t1	493	No	No
g18339.t1	g18339.t1	733	No	No
g18340.t1	g18340.t1	159	No	No
g18341.t1	g18341.t1	106	No	No
g18342.t1	g18342.t1	105	No	No
g18343.t1	g18343.t1	601	No	No
g18344.t1	g18344.t1	269	No	No
g18345.t1	g18345.t1	296	No	No
g18346.t1	g18346.t1	897	No	No
g18347.t1	g18347.t1	326	No	No
g18348.t1	g18348.t1	855	No	No
g18349.t1	g18349.t1	162	No	No
g18350.t1	g18350.t1	664	No	No
g18351.t1	g18351.t1	360	No	No
g18352.t1	g18352.t1	288	No	No
g18353.t1	g18353.t1	116	No	No
g18354.t1	g18354.t1	251	No	No
g18355.t1	g18355.t1	290	No	No
g18356.t1	g18356.t1	154	No	No
g18357.t1	g18357.t1	607	No	No
g18358.t1	g18358.t1	106	No	No
g18359.t1	g18359.t1	315	No	No
g18360.t1	g18360.t1	782	No	No
g18361.t1	g18361.t1	96	No	No
g18362.t1	g18362.t1	458	No	No
g18363.t1	g18363.t1	198	No	No
g18364.t2	g18364.t2	665	No	No
g18365.t1	g18365.t1	385	No	No
g18366.t1	g18366.t1	84	No	No
g18367.t1	g18367.t1	1281	No	No
g18368.t1	g18368.t1	137	No	No
g18369.t1	g18369.t1	147	No	No
g18370.t2	g18370.t2	633	No	No
g18371.t1	g18371.t1	155	No	No
g18372.t1	g18372.t1	247	No	No
g18373.t1	g18373.t1	256	No	No
g18374.t1	g18374.t1	305	No	No
g18375.t1	g18375.t1	301	No	No
g18376.t1	g18376.t1	400	No	No
g18377.t1	g18377.t1	142	No	No
g18378.t1	g18378.t1	560	No	No
g18379.t1	g18379.t1	287	No	No
g18380.t1	g18380.t1	532	No	No
g18381.t1	g18381.t1	1376	No	No
g18382.t1	g18382.t1	177	No	No
g18383.t1	g18383.t1	648	No	No
g18384.t1	g18384.t1	1024	No	No
g18385.t1	g18385.t1	48	No	No
g18386.t1	g18386.t1	106	No	No
g18387.t1	g18387.t1	788	No	No
g18388.t1	g18388.t1	373	No	No
g18389.t1	g18389.t1	166	No	No
g18390.t1	g18390.t1	300	No	No
g18391.t1	g18391.t1	110	No	No
g18392.t1	g18392.t1	196	No	No
g18393.t1	g18393.t1	138	No	No
g18394.t1	g18394.t1	753	No	No
g18395.t1	g18395.t1	303	No	No
g18396.t1	g18396.t1	435	No	No
g18397.t1	g18397.t1	118	No	No
g18398.t1	g18398.t1	498	No	No
g18399.t1	g18399.t1	423	No	No
g18400.t1	g18400.t1	280	No	No
g18401.t1	g18401.t1	769	No	No
g18402.t1	g18402.t1	842	No	No
g18403.t2	g18403.t2	363	No	No
g18404.t1	g18404.t1	99	No	No
g18405.t1	g18405.t1	83	No	No
g18406.t1	g18406.t1	479	No	No
g18407.t1	g18407.t1	145	No	No
g18408.t1	g18408.t1	267	No	No
g18409.t1	g18409.t1	203	No	No
g18410.t1	g18410.t1	585	No	No
g18411.t1	g18411.t1	1897	No	No
g18412.t1	g18412.t1	486	No	No
g18413.t1	g18413.t1	157	No	No
g18414.t1	g18414.t1	218	No	No
g18415.t3	g18415.t3	457	No	No
g18416.t1	g18416.t1	1411	No	No
g18417.t1	g18417.t1	179	No	No
g18418.t1	g18418.t1	117	No	No
g18419.t1	g18419.t1	139	No	No
g18420.t1	g18420.t1	146	No	No
g18421.t1	g18421.t1	91	No	No
g18422.t1	g18422.t1	96	No	No
g18423.t1	g18423.t1	204	No	No
g18424.t1	g18424.t1	911	No	No
g18425.t1	g18425.t1	110	No	No
g18426.t1	g18426.t1	934	No	No
g18427.t1	g18427.t1	112	No	No
g18428.t1	g18428.t1	301	No	No
g18429.t1	g18429.t1	525	No	No
g18430.t1	g18430.t1	564	No	No
g18431.t1	g18431.t1	167	No	No
g18432.t1	g18432.t1	133	No	No
g18433.t1	g18433.t1	109	No	No
g18434.t1	g18434.t1	80	No	No
g18435.t1	g18435.t1	272	No	No
g18436.t1	g18436.t1	138	No	No
g18437.t1	g18437.t1	116	No	No
g18438.t1	g18438.t1	125	No	No
g18439.t1	g18439.t1	78	No	No
g18440.t1	g18440.t1	121	No	No
g18441.t1	g18441.t1	253	No	No
g18442.t1	g18442.t1	217	No	No
g18443.t1	g18443.t1	104	No	No
g18444.t1	g18444.t1	152	No	No
g18445.t1	g18445.t1	157	Yes	No
g18446.t1	g18446.t1	191	No	No
g18447.t1	g18447.t1	185	No	No
g18448.t1	g18448.t1	685	No	No
g18449.t1	g18449.t1	169	No	No
g18450.t1	g18450.t1	446	No	No
g18451.t1	g18451.t1	104	No	No
g18452.t1	g18452.t1	139	No	No
g18453.t1	g18453.t1	73	No	No
g18454.t1	g18454.t1	147	No	No
g18455.t1	g18455.t1	130	No	No
g18456.t1	g18456.t1	83	No	No
g18457.t1	g18457.t1	396	No	No
g18458.t1	g18458.t1	169	No	No
g18459.t1	g18459.t1	227	No	No
g18460.t1	g18460.t1	70	No	No
g18461.t1	g18461.t1	273	No	No
g18462.t1	g18462.t1	1534	No	No
g18463.t1	g18463.t1	94	Yes	No
g18464.t1	g18464.t1	170	Yes	No
g18465.t1	g18465.t1	68	No	No
g18466.t1	g18466.t1	551	No	No
g18467.t1	g18467.t1	551	No	No
g18468.t1	g18468.t1	950	Yes	No
g18469.t1	g18469.t1	411	No	No
g18470.t1	g18470.t1	195	No	No
g18471.t1	g18471.t1	1005	No	No
g18472.t2	g18472.t2	1287	No	No
g18473.t1	g18473.t1	375	No	No
g18474.t1	g18474.t1	546	No	No
g18475.t1	g18475.t1	318	No	No
g18476.t1	g18476.t1	368	No	No
g18477.t1	g18477.t1	900	No	No
g18478.t1	g18478.t1	135	No	No
g18479.t1	g18479.t1	93	No	No
g18480.t2	g18480.t2	434	No	No
g18481.t1	g18481.t1	264	No	No
g18482.t1	g18482.t1	531	No	No
g18483.t1	g18483.t1	318	Yes	No
g18484.t1	g18484.t1	500	No	No
g18485.t1	g18485.t1	266	No	No
g18486.t1	g18486.t1	187	No	No
g18487.t1	g18487.t1	382	No	No
g18488.t1	g18488.t1	81	No	No
g18489.t1	g18489.t1	438	Yes	No
g18490.t1	g18490.t1	395	No	No
g18491.t1	g18491.t1	99	No	No
g18492.t1	g18492.t1	73	No	No
g18493.t1	g18493.t1	121	Yes	No
g18494.t1	g18494.t1	235	No	No
g18495.t1	g18495.t1	103	No	No
g18496.t1	g18496.t1	269	No	No
g18497.t1	g18497.t1	781	No	No
g18498.t2	g18498.t2	838	Yes	No
g18499.t1	g18499.t1	174	No	No
g18500.t1	g18500.t1	848	No	No
g18501.t1	g18501.t1	77	No	No
g18502.t1	g18502.t1	361	No	No
g18503.t1	g18503.t1	315	No	No
g18504.t1	g18504.t1	371	No	No
g18505.t1	g18505.t1	168	No	No
g18506.t1	g18506.t1	249	No	No
g18507.t2	g18507.t2	838	No	No
g18508.t1	g18508.t1	722	No	No
g18509.t1	g18509.t1	108	No	No
g18510.t1	g18510.t1	982	No	No
g18511.t1	g18511.t1	405	No	No
g18512.t1	g18512.t1	670	No	No
g18513.t1	g18513.t1	430	No	No
g18514.t1	g18514.t1	697	No	No
g18515.t2	g18515.t2	856	No	No
g18516.t1	g18516.t1	99	No	No
g18517.t1	g18517.t1	894	No	No
g18518.t1	g18518.t1	202	Yes	No
g18519.t1	g18519.t1	724	No	No
g18520.t1	g18520.t1	276	No	No
g18521.t1	g18521.t1	246	No	No
g18522.t1	g18522.t1	125	No	No
g18523.t1	g18523.t1	531	No	No
g18524.t1	g18524.t1	163	No	No
g18525.t1	g18525.t1	128	No	No
g18526.t1	g18526.t1	941	No	No
g18527.t1	g18527.t1	446	No	No
g18528.t1	g18528.t1	196	No	No
g18529.t1	g18529.t1	530	No	No
g18530.t1	g18530.t1	1903	No	No
g18531.t1	g18531.t1	500	No	No
g18532.t1	g18532.t1	463	No	No
g18533.t1	g18533.t1	255	No	No
g18534.t1	g18534.t1	547	No	No
g18535.t1	g18535.t1	318	No	No
g18536.t1	g18536.t1	74	No	No
g18537.t1	g18537.t1	457	No	No
g18538.t1	g18538.t1	143	No	No
g18539.t1	g18539.t1	114	No	No
g18540.t1	g18540.t1	208	Yes	No
g18541.t1	g18541.t1	285	No	No
g18542.t1	g18542.t1	641	No	No
g18543.t1	g18543.t1	161	No	No
g18544.t1	g18544.t1	73	No	No
g18545.t1	g18545.t1	217	No	No
g18546.t1	g18546.t1	250	No	No
g18547.t1	g18547.t1	246	No	No
g18548.t1	g18548.t1	107	No	No
g18549.t1	g18549.t1	2876	No	No
g18550.t1	g18550.t1	583	No	No
g18551.t1	g18551.t1	97	No	No
g18552.t1	g18552.t1	280	No	No
g18553.t1	g18553.t1	674	No	No
g18554.t1	g18554.t1	125	No	No
g18555.t1	g18555.t1	462	No	No
g18556.t1	g18556.t1	1363	No	No
g18557.t1	g18557.t1	603	No	No
g18558.t1	g18558.t1	80	No	No
g18559.t2	g18559.t2	1051	No	No
g18560.t1	g18560.t1	239	No	No
g18561.t1	g18561.t1	79	No	No
g18562.t1	g18562.t1	221	No	No
g18563.t1	g18563.t1	149	No	No
g18564.t2	g18564.t2	1526	No	No
g18565.t1	g18565.t1	137	No	No
g18566.t1	g18566.t1	624	No	No
g18567.t1	g18567.t1	207	No	No
g18568.t1	g18568.t1	151	No	No
g18569.t1	g18569.t1	473	No	No
g18570.t1	g18570.t1	82	No	No
g18571.t1	g18571.t1	78	No	No
g18572.t1	g18572.t1	726	No	No
g18573.t1	g18573.t1	369	Yes	No
g18574.t1	g18574.t1	157	No	No
g18575.t1	g18575.t1	240	Yes	No
g18576.t1	g18576.t1	155	No	No
g18577.t1	g18577.t1	206	Yes	No
g18578.t1	g18578.t1	238	No	No
g18579.t1	g18579.t1	85	No	No
g18580.t1	g18580.t1	92	No	No
g18581.t1	g18581.t1	172	No	No
g18582.t1	g18582.t1	233	No	No
g18583.t1	g18583.t1	142	No	No
g18584.t1	g18584.t1	171	No	No
g18585.t1	g18585.t1	211	No	No
g18586.t1	g18586.t1	195	No	No
g18587.t1	g18587.t1	672	No	No
g18588.t1	g18588.t1	491	No	No
g18589.t1	g18589.t1	414	No	No
g18590.t1	g18590.t1	105	No	No
g18591.t1	g18591.t1	77	No	No
g18592.t1	g18592.t1	694	No	No
g18593.t1	g18593.t1	66	No	No
g18594.t1	g18594.t1	71	No	No
g18595.t1	g18595.t1	22	No	No
g18596.t1	g18596.t1	335	No	No
g18597.t1	g18597.t1	1639	No	No
g18598.t1	g18598.t1	89	No	No
g18599.t1	g18599.t1	83	No	No
g18600.t1	g18600.t1	213	No	No
g18601.t1	g18601.t1	468	No	No
g18602.t1	g18602.t1	359	No	No
g18603.t1	g18603.t1	167	No	No
g18604.t1	g18604.t1	207	No	No
g18605.t1	g18605.t1	76	No	No
g18606.t1	g18606.t1	1135	No	No
g18607.t1	g18607.t1	1162	Yes	No
g18608.t1	g18608.t1	241	No	No
g18609.t1	g18609.t1	242	No	No
g18610.t1	g18610.t1	685	No	No
g18611.t1	g18611.t1	626	No	No
g18612.t1	g18612.t1	167	No	No
g18613.t1	g18613.t1	100	No	No
g18614.t1	g18614.t1	641	No	No
g18615.t1	g18615.t1	125	Yes	No
g18616.t1	g18616.t1	406	Yes	No
g18617.t1	g18617.t1	627	Yes	No
g18618.t1	g18618.t1	91	No	No
g18619.t1	g18619.t1	363	No	No
g18620.t1	g18620.t1	599	No	No
g18621.t1	g18621.t1	212	No	No
g18622.t1	g18622.t1	260	No	No
g18623.t1	g18623.t1	68	No	No
g18624.t1	g18624.t1	325	No	No
g18625.t1	g18625.t1	45	Yes	No
g18626.t1	g18626.t1	246	No	No
g18627.t1	g18627.t1	42	Yes	No
g18628.t1	g18628.t1	113	No	No
g18629.t1	g18629.t1	96	Yes	No
g18630.t1	g18630.t1	181	No	No
g18631.t1	g18631.t1	109	No	No
g18632.t1	g18632.t1	189	No	No
g18633.t1	g18633.t1	120	No	No
g18634.t2	g18634.t2	573	No	No
g18635.t1	g18635.t1	193	No	No
g18636.t1	g18636.t1	243	No	No
g18637.t1	g18637.t1	549	No	No
g18638.t1	g18638.t1	375	Yes	No
g18639.t1	g18639.t1	179	No	No
g18640.t1	g18640.t1	190	No	No
g18641.t1	g18641.t1	97	No	No
g18642.t1	g18642.t1	120	No	No
g18643.t1	g18643.t1	166	No	No
g18644.t1	g18644.t1	690	No	No
g18645.t1	g18645.t1	220	No	No
g18646.t1	g18646.t1	259	No	No
g18647.t1	g18647.t1	268	No	No
g18648.t1	g18648.t1	375	No	No
g18649.t1	g18649.t1	87	No	No
g18650.t1	g18650.t1	405	No	No
g18651.t1	g18651.t1	390	No	No
g18652.t1	g18652.t1	668	No	No
g18653.t2	g18653.t2	277	No	No
g18654.t1	g18654.t1	1563	No	No
g18655.t1	g18655.t1	256	No	No
g18656.t2	g18656.t2	608	No	No
g18657.t1	g18657.t1	985	No	No
g18658.t1	g18658.t1	335	No	No
g18659.t1	g18659.t1	382	No	No
g18660.t1	g18660.t1	146	No	No
g18661.t1	g18661.t1	87	No	No
g18662.t1	g18662.t1	30	Yes	No
g18663.t1	g18663.t1	162	No	No
g18664.t1	g18664.t1	257	No	No
g18665.t1	g18665.t1	227	No	No
g18666.t1	g18666.t1	287	No	No
g18667.t1	g18667.t1	148	No	No
g18668.t1	g18668.t1	1214	Yes	No
g18669.t1	g18669.t1	955	No	No
g18670.t1	g18670.t1	379	Yes	No
g18671.t1	g18671.t1	159	No	No
g18672.t1	g18672.t1	525	No	No
g18673.t1	g18673.t1	371	No	No
g18674.t1	g18674.t1	426	No	No
g18675.t1	g18675.t1	155	Yes	No
g18676.t1	g18676.t1	362	No	No
g18677.t1	g18677.t1	548	No	No
g18678.t1	g18678.t1	347	No	No
g18679.t1	g18679.t1	803	No	No
g18680.t1	g18680.t1	244	No	No
g18681.t1	g18681.t1	294	No	No
g18682.t1	g18682.t1	595	No	No
g18683.t1	g18683.t1	596	No	No
g18684.t1	g18684.t1	415	No	No
g18685.t1	g18685.t1	308	No	No
g18686.t1	g18686.t1	294	No	No
g18687.t1	g18687.t1	421	No	No
g18688.t1	g18688.t1	291	No	No
g18689.t1	g18689.t1	344	No	No
g18690.t1	g18690.t1	347	No	No
g18691.t1	g18691.t1	182	No	No
g18692.t1	g18692.t1	399	No	No
g18693.t1	g18693.t1	82	No	No
g18694.t1	g18694.t1	312	No	No
g18695.t1	g18695.t1	233	No	No
g18696.t1	g18696.t1	111	No	No
g18697.t1	g18697.t1	113	No	No
g18698.t1	g18698.t1	157	No	No
g18699.t1	g18699.t1	85	No	No
g18700.t1	g18700.t1	203	No	No
g18701.t1	g18701.t1	215	No	No
g18702.t1	g18702.t1	136	No	No
g18703.t1	g18703.t1	145	No	No
g18704.t1	g18704.t1	643	Yes	No
g18705.t1	g18705.t1	94	No	No
g18706.t1	g18706.t1	120	No	No
g18707.t2	g18707.t2	196	Yes	No
g18708.t1	g18708.t1	135	No	No
g18709.t2	g18709.t2	132	No	No
g18710.t1	g18710.t1	183	No	No
g18711.t1	g18711.t1	409	No	No
g18712.t1	g18712.t1	98	No	No
g18713.t1	g18713.t1	506	No	No
g18714.t1	g18714.t1	1280	No	No
g18715.t1	g18715.t1	403	No	No
g18716.t1	g18716.t1	293	No	No
g18717.t1	g18717.t1	241	No	No
g18718.t1	g18718.t1	802	No	No
g18719.t1	g18719.t1	384	No	No
g18720.t2	g18720.t2	882	No	No
g18721.t1	g18721.t1	52	No	No
g18722.t1	g18722.t1	329	No	No
g18723.t1	g18723.t1	372	No	No
g18724.t3	g18724.t3	1139	No	No
g18725.t1	g18725.t1	233	No	No
g18726.t1	g18726.t1	77	No	No
g18727.t1	g18727.t1	97	No	No
g18728.t1	g18728.t1	827	No	No
g18729.t1	g18729.t1	138	Yes	No
g18730.t1	g18730.t1	198	No	No
g18731.t1	g18731.t1	264	No	No
g18732.t1	g18732.t1	634	No	No
g18733.t1	g18733.t1	102	No	No
g18734.t1	g18734.t1	136	No	No
g18735.t1	g18735.t1	560	No	No
g18736.t1	g18736.t1	1142	No	No
g18737.t1	g18737.t1	68	Yes	No
g18738.t1	g18738.t1	525	No	No
g18739.t1	g18739.t1	572	No	No
g18740.t1	g18740.t1	244	No	No
g18741.t1	g18741.t1	123	No	No
g18742.t1	g18742.t1	66	No	No
g18743.t1	g18743.t1	81	Yes	No
g18744.t2	g18744.t2	232	No	No
g18745.t1	g18745.t1	152	No	No
g18746.t1	g18746.t1	84	No	No
g18747.t1	g18747.t1	85	No	No
g18748.t1	g18748.t1	248	Yes	No
g18749.t1	g18749.t1	117	No	No
g18750.t1	g18750.t1	69	No	No
g18751.t1	g18751.t1	91	No	No
g18752.t1	g18752.t1	77	No	No
g18753.t1	g18753.t1	410	No	No
g18754.t1	g18754.t1	89	No	No
g18755.t1	g18755.t1	114	No	No
g18756.t1	g18756.t1	332	No	No
g18757.t1	g18757.t1	121	No	No
g18758.t1	g18758.t1	219	No	No
g18759.t1	g18759.t1	144	No	No
g18760.t1	g18760.t1	284	No	No
g18761.t2	g18761.t2	718	No	No
g18762.t2	g18762.t2	339	No	No
g18763.t1	g18763.t1	594	No	No
g18764.t1	g18764.t1	76	No	No
g18765.t1	g18765.t1	720	No	No
g18766.t1	g18766.t1	580	No	No
g18767.t1	g18767.t1	505	No	No
g18768.t1	g18768.t1	155	No	No
g18769.t1	g18769.t1	571	No	No
g18770.t1	g18770.t1	143	No	No
g18771.t1	g18771.t1	164	No	No
g18772.t1	g18772.t1	66	No	No
g18773.t1	g18773.t1	436	No	No
g18774.t1	g18774.t1	86	No	No
g18775.t1	g18775.t1	96	No	No
g18776.t1	g18776.t1	320	No	No
g18777.t1	g18777.t1	619	No	No
g18778.t1	g18778.t1	404	No	No
g18779.t1	g18779.t1	263	No	No
g18780.t1	g18780.t1	324	No	No
g18781.t1	g18781.t1	455	No	No
g18782.t1	g18782.t1	203	No	No
g18783.t1	g18783.t1	278	No	No
g18784.t1	g18784.t1	82	No	No
g18785.t1	g18785.t1	532	No	No
g18786.t1	g18786.t1	103	No	No
g18787.t1	g18787.t1	558	No	No
g18788.t1	g18788.t1	399	No	No
g18789.t1	g18789.t1	205	No	No
g18790.t1	g18790.t1	439	No	No
g18791.t1	g18791.t1	141	No	No
g18792.t1	g18792.t1	343	No	No
g18793.t1	g18793.t1	317	No	No
g18794.t1	g18794.t1	107	No	No
g18795.t1	g18795.t1	130	No	No
g18796.t1	g18796.t1	415	No	No
g18797.t1	g18797.t1	551	No	No
g18798.t1	g18798.t1	372	No	No
g18799.t1	g18799.t1	112	No	No
g18800.t1	g18800.t1	215	No	No
g18801.t1	g18801.t1	97	No	No
g18802.t2	g18802.t2	419	No	No
g18803.t1	g18803.t1	132	No	No
g18804.t1	g18804.t1	168	No	No
g18805.t1	g18805.t1	419	No	No
g18806.t1	g18806.t1	124	No	No
g18807.t1	g18807.t1	144	No	No
g18808.t1	g18808.t1	342	No	No
g18809.t1	g18809.t1	140	No	No
g18810.t1	g18810.t1	481	No	No
g18811.t1	g18811.t1	180	No	No
g18812.t1	g18812.t1	86	No	No
g18813.t2	g18813.t2	465	No	No
g18814.t1	g18814.t1	74	No	No
g18815.t1	g18815.t1	83	No	No
g18816.t1	g18816.t1	88	No	No
g18817.t1	g18817.t1	189	No	No
g18818.t1	g18818.t1	71	No	No
g18819.t1	g18819.t1	152	No	No
g18820.t1	g18820.t1	153	No	No
g18821.t1	g18821.t1	86	No	No
g18822.t1	g18822.t1	968	No	No
g18823.t1	g18823.t1	423	No	No
g18824.t1	g18824.t1	225	No	No
g18825.t1	g18825.t1	83	No	No
g18826.t1	g18826.t1	253	No	No
g18827.t1	g18827.t1	176	No	No
g18828.t1	g18828.t1	235	No	No
g18829.t1	g18829.t1	68	No	No
g18830.t1	g18830.t1	335	No	No
g18831.t1	g18831.t1	462	No	No
g18832.t1	g18832.t1	112	No	No
g18833.t1	g18833.t1	692	No	No
g18834.t2	g18834.t2	662	No	No
g18835.t1	g18835.t1	487	No	No
g18836.t1	g18836.t1	833	No	No
g18837.t1	g18837.t1	883	No	No
g18838.t1	g18838.t1	90	No	No
g18839.t3	g18839.t3	416	No	No
g18840.t1	g18840.t1	116	No	No
g18841.t1	g18841.t1	81	No	No
g18842.t1	g18842.t1	210	No	No
g18843.t1	g18843.t1	92	No	No
g18844.t1	g18844.t1	101	No	No
g18845.t1	g18845.t1	265	No	No
g18846.t1	g18846.t1	293	No	No
g18847.t1	g18847.t1	484	No	No
g18848.t1	g18848.t1	89	No	No
g18849.t1	g18849.t1	343	No	No
g18850.t1	g18850.t1	302	Yes	No
g18851.t1	g18851.t1	522	No	No
g18852.t1	g18852.t1	428	No	No
g18853.t1	g18853.t1	95	No	No
g18854.t1	g18854.t1	95	No	No
g18855.t1	g18855.t1	204	No	No
g18856.t1	g18856.t1	292	No	No
g18857.t1	g18857.t1	199	No	No
g18858.t1	g18858.t1	223	No	No
g18859.t1	g18859.t1	254	No	No
g18860.t1	g18860.t1	71	No	No
g18861.t1	g18861.t1	155	No	No
g18862.t1	g18862.t1	185	No	No
g18863.t1	g18863.t1	90	No	No
g18864.t1	g18864.t1	407	No	No
g18865.t1	g18865.t1	109	No	No
g18866.t1	g18866.t1	333	No	No
g18867.t1	g18867.t1	167	No	No
g18868.t1	g18868.t1	381	No	No
g18869.t1	g18869.t1	300	No	No
g18870.t1	g18870.t1	125	No	No
g18871.t1	g18871.t1	151	No	No
g18872.t1	g18872.t1	123	No	No
g18873.t1	g18873.t1	188	No	No
g18874.t1	g18874.t1	84	No	No
g18875.t1	g18875.t1	134	No	No
g18876.t1	g18876.t1	657	No	No
g18877.t1	g18877.t1	367	No	No
g18878.t2	g18878.t2	523	No	No
g18879.t1	g18879.t1	66	No	No
g18880.t2	g18880.t2	501	No	No
g18881.t1	g18881.t1	117	No	No
g18882.t1	g18882.t1	125	No	No
g18883.t1	g18883.t1	461	No	No
g18884.t1	g18884.t1	214	No	No
g18885.t1	g18885.t1	96	No	No
g18886.t1	g18886.t1	332	No	No
g18887.t1	g18887.t1	1714	No	No
g18888.t1	g18888.t1	374	No	No
g18889.t1	g18889.t1	263	No	No
g18890.t1	g18890.t1	461	No	No
g18891.t1	g18891.t1	259	No	No
g18892.t1	g18892.t1	99	No	No
g18893.t1	g18893.t1	707	No	No
g18894.t1	g18894.t1	112	No	No
g18895.t1	g18895.t1	533	No	No
g18896.t1	g18896.t1	1054	No	No
g18897.t1	g18897.t1	519	No	No
g18898.t1	g18898.t1	861	No	No
g18899.t1	g18899.t1	90	No	No
g18900.t1	g18900.t1	304	No	No
g18901.t1	g18901.t1	450	No	No
g18902.t1	g18902.t1	472	No	No
g18903.t1	g18903.t1	95	Yes	No
g18904.t1	g18904.t1	536	No	No
g18905.t1	g18905.t1	438	No	No
g18906.t1	g18906.t1	432	No	No
g18907.t1	g18907.t1	96	No	No
g18908.t1	g18908.t1	301	No	No
g18909.t1	g18909.t1	355	No	No
g18910.t1	g18910.t1	328	No	No
g18911.t1	g18911.t1	37	Yes	No
g18912.t1	g18912.t1	657	No	No
g18913.t1	g18913.t1	1376	No	No
g18914.t1	g18914.t1	624	No	No
g18915.t1	g18915.t1	352	Yes	No
g18916.t1	g18916.t1	502	No	No
g18917.t1	g18917.t1	184	No	No
g18918.t1	g18918.t1	257	No	No
g18919.t1	g18919.t1	183	No	No
g18920.t1	g18920.t1	477	No	No
g18921.t1	g18921.t1	893	No	No
g18922.t1	g18922.t1	474	No	No
g18923.t1	g18923.t1	949	No	No
g18924.t1	g18924.t1	141	No	No
g18925.t1	g18925.t1	554	No	No
g18926.t1	g18926.t1	72	No	No
g18927.t2	g18927.t2	488	No	No
g18928.t1	g18928.t1	397	No	No
g18929.t1	g18929.t1	556	No	No
g18930.t1	g18930.t1	851	No	No
g18931.t1	g18931.t1	94	No	No
g18932.t1	g18932.t1	107	No	No
g18933.t1	g18933.t1	117	No	No
g18934.t1	g18934.t1	135	No	No
g18935.t1	g18935.t1	168	No	No
g18936.t1	g18936.t1	482	No	No
g18937.t1	g18937.t1	210	No	No
g18938.t1	g18938.t1	94	No	No
g18939.t1	g18939.t1	2567	No	No
g18940.t1	g18940.t1	330	No	No
g18941.t1	g18941.t1	720	No	No
g18942.t1	g18942.t1	105	No	No
g18943.t1	g18943.t1	427	No	No
g18944.t1	g18944.t1	90	Yes	No
g18945.t1	g18945.t1	211	No	No
g18946.t1	g18946.t1	625	No	No
g18947.t1	g18947.t1	156	No	No
g18948.t1	g18948.t1	389	No	No
g18949.t1	g18949.t1	632	No	No
g18950.t1	g18950.t1	234	No	No
g18951.t1	g18951.t1	212	No	No
g18952.t1	g18952.t1	145	No	No
g18953.t1	g18953.t1	1362	No	No
g18954.t1	g18954.t1	201	No	No
g18955.t1	g18955.t1	402	Yes	No
g18956.t1	g18956.t1	358	No	No
g18957.t1	g18957.t1	419	No	No
g18958.t1	g18958.t1	473	No	No
g18959.t2	g18959.t2	1561	No	No
g18960.t1	g18960.t1	128	No	No
g18961.t1	g18961.t1	237	Yes	No
g18962.t1	g18962.t1	1494	No	No
g18963.t1	g18963.t1	377	No	No
g18964.t1	g18964.t1	100	No	No
g18965.t1	g18965.t1	152	No	No
g18966.t1	g18966.t1	263	No	No
g18967.t1	g18967.t1	228	No	No
g18968.t1	g18968.t1	374	No	No
g18969.t1	g18969.t1	113	No	No
g18970.t1	g18970.t1	206	No	No
g18971.t1	g18971.t1	96	No	No
g18972.t1	g18972.t1	701	No	No
g18973.t1	g18973.t1	119	No	No
g18974.t1	g18974.t1	865	No	No
g18975.t1	g18975.t1	217	No	No
g18976.t1	g18976.t1	100	No	No
g18977.t1	g18977.t1	100	No	No
g18978.t1	g18978.t1	116	No	No
g18979.t1	g18979.t1	116	No	No
g18980.t1	g18980.t1	376	No	No
g18981.t1	g18981.t1	116	Yes	No
g18982.t1	g18982.t1	151	No	No
g18983.t1	g18983.t1	97	No	No
g18984.t1	g18984.t1	315	No	No
g18985.t1	g18985.t1	817	No	No
g18986.t2	g18986.t2	209	No	No
g18987.t1	g18987.t1	424	No	No
g18988.t1	g18988.t1	662	No	No
g18989.t1	g18989.t1	132	Yes	No
g18990.t1	g18990.t1	331	No	No
g18991.t1	g18991.t1	93	No	No
g18992.t1	g18992.t1	161	No	No
g18993.t1	g18993.t1	287	No	No
g18994.t1	g18994.t1	96	No	No
g18995.t1	g18995.t1	408	No	No
g18996.t1	g18996.t1	598	No	No
g18997.t1	g18997.t1	493	No	No
g18998.t1	g18998.t1	472	No	No
g18999.t1	g18999.t1	334	No	No
g19000.t1	g19000.t1	169	No	No
g19001.t1	g19001.t1	660	No	No
g19002.t1	g19002.t1	404	No	No
g19003.t1	g19003.t1	192	No	No
g19004.t1	g19004.t1	1421	No	No
g19005.t1	g19005.t1	257	No	No
g19006.t1	g19006.t1	300	Yes	No
g19007.t1	g19007.t1	484	No	No
g19008.t1	g19008.t1	99	No	No
g19009.t1	g19009.t1	270	No	No
g19010.t1	g19010.t1	419	No	No
g19011.t1	g19011.t1	81	No	No
g19012.t1	g19012.t1	83	No	No
g19013.t1	g19013.t1	164	No	No
g19014.t1	g19014.t1	495	No	No
g19015.t1	g19015.t1	215	No	No
g19016.t1	g19016.t1	164	No	No
g19017.t1	g19017.t1	535	No	No
g19018.t1	g19018.t1	468	No	No
g19019.t1	g19019.t1	455	No	No
g19020.t1	g19020.t1	477	No	No
g19021.t1	g19021.t1	323	No	No
g19022.t1	g19022.t1	627	No	No
g19023.t1	g19023.t1	543	No	No
g19024.t1	g19024.t1	463	No	No
g19025.t1	g19025.t1	229	No	No
g19026.t1	g19026.t1	238	No	No
g19027.t1	g19027.t1	303	No	No
g19028.t1	g19028.t1	451	No	No
g19029.t1	g19029.t1	116	No	No
g19030.t1	g19030.t1	488	No	No
g19031.t1	g19031.t1	337	No	No
g19032.t1	g19032.t1	87	Yes	No
g19033.t1	g19033.t1	827	No	No
g19034.t1	g19034.t1	155	Yes	No
g19035.t1	g19035.t1	866	Yes	No
g19036.t1	g19036.t1	518	No	No
g19037.t1	g19037.t1	502	No	No
g19038.t1	g19038.t1	601	No	No
g19039.t1	g19039.t1	134	No	No
g19040.t1	g19040.t1	191	No	No
g19041.t1	g19041.t1	405	No	No
g19042.t1	g19042.t1	72	No	No
g19043.t1	g19043.t1	146	No	No
g19044.t1	g19044.t1	328	No	No
g19045.t1	g19045.t1	152	No	No
g19046.t1	g19046.t1	88	No	No
g19047.t1	g19047.t1	158	No	No
g19048.t1	g19048.t1	202	No	No
g19049.t1	g19049.t1	79	No	No
g19050.t1	g19050.t1	130	No	No
g19051.t1	g19051.t1	238	No	No
g19052.t1	g19052.t1	455	Yes	No
g19053.t1	g19053.t1	600	No	No
g19054.t1	g19054.t1	342	No	No
g19055.t1	g19055.t1	110	No	No
g19056.t1	g19056.t1	325	No	No
g19057.t1	g19057.t1	292	No	No
g19058.t1	g19058.t1	92	No	No
g19059.t1	g19059.t1	122	No	No
g19060.t1	g19060.t1	183	No	No
g19061.t1	g19061.t1	483	No	No
g19062.t1	g19062.t1	282	No	No
g19063.t1	g19063.t1	132	Yes	No
g19064.t1	g19064.t1	207	No	No
g19065.t1	g19065.t1	735	No	No
g19066.t1	g19066.t1	162	No	No
g19067.t1	g19067.t1	577	No	No
g19068.t1	g19068.t1	661	No	No
g19069.t1	g19069.t1	462	No	No
g19070.t1	g19070.t1	271	No	No
g19071.t1	g19071.t1	265	No	No
g19072.t1	g19072.t1	268	No	No
g19073.t1	g19073.t1	265	No	No
g19074.t1	g19074.t1	134	No	No
g19075.t1	g19075.t1	524	No	No
g19076.t1	g19076.t1	105	No	No
g19077.t1	g19077.t1	121	No	No
g19078.t1	g19078.t1	98	No	No
g19079.t1	g19079.t1	412	No	No
g19080.t1	g19080.t1	199	No	No
g19081.t1	g19081.t1	84	Yes	No
g19082.t1	g19082.t1	246	No	No
g19083.t1	g19083.t1	378	No	No
g19084.t1	g19084.t1	296	No	No
g19085.t1	g19085.t1	607	No	No
g19086.t1	g19086.t1	116	No	No
g19087.t1	g19087.t1	420	No	No
g19088.t1	g19088.t1	481	No	No
g19089.t1	g19089.t1	493	No	No
g19090.t1	g19090.t1	288	No	No
g19091.t1	g19091.t1	35	Yes	No
g19092.t2	g19092.t2	685	No	No
g19093.t1	g19093.t1	323	No	No
g19094.t1	g19094.t1	211	No	No
g19095.t1	g19095.t1	103	No	No
g19096.t1	g19096.t1	354	No	No
g19097.t1	g19097.t1	274	No	No
g19098.t1	g19098.t1	830	No	No
g19099.t1	g19099.t1	434	No	No
g19100.t1	g19100.t1	770	No	No
g19101.t1	g19101.t1	2013	No	No
g19102.t1	g19102.t1	154	No	No
g19103.t1	g19103.t1	154	No	No
g19104.t1	g19104.t1	627	No	No
g19105.t2	g19105.t2	193	No	No
g19106.t1	g19106.t1	189	No	No
g19107.t1	g19107.t1	447	No	No
g19108.t1	g19108.t1	448	No	No
g19109.t1	g19109.t1	87	Yes	No
g19110.t1	g19110.t1	211	No	No
g19111.t1	g19111.t1	212	No	No
g19112.t1	g19112.t1	667	No	No
g19113.t1	g19113.t1	663	No	No
g19114.t1	g19114.t1	72	No	No
g19115.t1	g19115.t1	287	No	No
g19116.t1	g19116.t1	917	No	No
g19117.t1	g19117.t1	430	No	No
g19118.t1	g19118.t1	163	No	No
g19119.t1	g19119.t1	225	No	No
g19120.t1	g19120.t1	1250	No	No
g19121.t1	g19121.t1	937	No	No
g19122.t1	g19122.t1	206	No	No
g19123.t1	g19123.t1	113	No	No
g19124.t2	g19124.t2	740	No	No
g19125.t1	g19125.t1	760	No	No
g19126.t1	g19126.t1	2290	No	No
g19127.t1	g19127.t1	1046	No	No
g19128.t1	g19128.t1	1084	No	No
g19129.t1	g19129.t1	348	No	No
g19130.t1	g19130.t1	180	No	No
g19131.t1	g19131.t1	408	No	No
g19132.t1	g19132.t1	68	No	No
g19133.t1	g19133.t1	667	No	No
g19134.t1	g19134.t1	94	No	No
g19135.t1	g19135.t1	208	No	No
g19136.t1	g19136.t1	538	No	No
g19137.t1	g19137.t1	68	No	No
g19138.t1	g19138.t1	77	No	No
g19139.t1	g19139.t1	234	No	No
g19140.t1	g19140.t1	408	No	No
g19141.t1	g19141.t1	126	No	No
g19142.t1	g19142.t1	95	No	No
g19143.t1	g19143.t1	113	No	No
g19144.t1	g19144.t1	71	No	No
g19145.t1	g19145.t1	47	Yes	No
g19146.t2	g19146.t2	311	No	No
g19147.t1	g19147.t1	985	No	No
g19148.t1	g19148.t1	379	No	No
g19149.t1	g19149.t1	353	No	No
g19150.t1	g19150.t1	560	No	No
g19151.t1	g19151.t1	468	No	No
g19152.t1	g19152.t1	175	No	No
g19153.t1	g19153.t1	264	No	No
g19154.t1	g19154.t1	201	No	No
g19155.t1	g19155.t1	116	No	No
g19156.t1	g19156.t1	109	No	No
g19157.t1	g19157.t1	83	No	No
g19158.t1	g19158.t1	80	No	No
g19159.t1	g19159.t1	94	No	No
g19160.t1	g19160.t1	215	No	No
g19161.t1	g19161.t1	95	No	No
g19162.t1	g19162.t1	112	No	No
g19163.t1	g19163.t1	78	No	No
g19164.t1	g19164.t1	156	No	No
g19165.t1	g19165.t1	116	No	No
g19166.t1	g19166.t1	100	Yes	No
g19167.t1	g19167.t1	78	No	No
g19168.t1	g19168.t1	95	No	No
g19169.t1	g19169.t1	97	No	No
g19170.t1	g19170.t1	368	No	No
g19171.t1	g19171.t1	105	No	No
g19172.t1	g19172.t1	224	Yes	No
g19173.t1	g19173.t1	114	No	No
g19174.t1	g19174.t1	205	No	No
g19175.t1	g19175.t1	422	Yes	No
g19176.t1	g19176.t1	78	No	No
g19177.t1	g19177.t1	126	No	No
g19178.t1	g19178.t1	261	No	No
g19179.t1	g19179.t1	116	No	No
g19180.t1	g19180.t1	108	No	No
g19181.t1	g19181.t1	168	No	No
g19182.t1	g19182.t1	492	No	No
g19183.t1	g19183.t1	278	No	No
g19184.t1	g19184.t1	594	No	No
g19185.t1	g19185.t1	331	No	No
g19186.t1	g19186.t1	315	No	No
g19187.t1	g19187.t1	400	No	No
g19188.t1	g19188.t1	83	No	No
g19189.t1	g19189.t1	68	No	No
g19190.t1	g19190.t1	313	No	No
g19191.t1	g19191.t1	210	No	No
g19192.t1	g19192.t1	802	No	No
g19193.t1	g19193.t1	667	No	No
g19194.t1	g19194.t1	906	No	No
g19195.t1	g19195.t1	187	Yes	No
g19196.t1	g19196.t1	660	No	No
g19197.t1	g19197.t1	570	No	No
g19198.t1	g19198.t1	802	Yes	No
g19199.t2	g19199.t2	414	No	No
g19200.t1	g19200.t1	89	No	No
g19201.t1	g19201.t1	80	No	No
g19202.t1	g19202.t1	153	No	No
g19203.t1	g19203.t1	155	Yes	No
g19204.t1	g19204.t1	105	No	No
g19205.t1	g19205.t1	1007	No	No
g19206.t1	g19206.t1	365	No	No
g19207.t1	g19207.t1	757	No	No
g19208.t1	g19208.t1	73	No	No
g19209.t1	g19209.t1	385	No	No
g19210.t1	g19210.t1	134	No	No
g19211.t1	g19211.t1	101	No	No
g19212.t1	g19212.t1	71	No	No
g19213.t1	g19213.t1	204	No	No
g19214.t1	g19214.t1	278	No	No
g19215.t1	g19215.t1	804	No	No
g19216.t1	g19216.t1	78	No	No
g19217.t1	g19217.t1	151	No	No
g19218.t1	g19218.t1	134	No	No
g19219.t1	g19219.t1	1277	No	No
g19220.t1	g19220.t1	338	No	No
g19221.t1	g19221.t1	196	No	No
g19222.t1	g19222.t1	221	No	No
g19223.t1	g19223.t1	94	No	No
g19224.t1	g19224.t1	718	No	No
g19225.t1	g19225.t1	829	No	No
g19226.t1	g19226.t1	353	No	No
g19227.t1	g19227.t1	92	No	No
g19228.t1	g19228.t1	446	No	No
g19229.t1	g19229.t1	189	No	No
g19230.t1	g19230.t1	180	No	No
g19231.t1	g19231.t1	157	No	No
g19232.t1	g19232.t1	98	No	No
g19233.t1	g19233.t1	101	No	No
g19234.t1	g19234.t1	110	No	No
g19235.t1	g19235.t1	113	No	No
g19236.t1	g19236.t1	309	No	No
g19237.t1	g19237.t1	98	No	No
g19238.t1	g19238.t1	119	No	No
g19239.t1	g19239.t1	117	No	No
g19240.t1	g19240.t1	144	No	No
g19241.t1	g19241.t1	157	No	No
g19242.t1	g19242.t1	661	No	No
g19243.t1	g19243.t1	772	No	No
g19244.t1	g19244.t1	140	No	No
g19245.t1	g19245.t1	879	No	No
g19246.t1	g19246.t1	553	No	No
g19247.t2	g19247.t2	277	No	No
g19248.t1	g19248.t1	87	No	No
g19249.t1	g19249.t1	115	No	No
g19250.t1	g19250.t1	440	Yes	No
g19251.t1	g19251.t1	77	No	No
g19252.t1	g19252.t1	151	No	No
g19253.t1	g19253.t1	281	No	No
g19254.t1	g19254.t1	98	No	No
g19255.t1	g19255.t1	307	No	No
g19256.t1	g19256.t1	212	No	No
g19257.t1	g19257.t1	505	No	No
g19258.t1	g19258.t1	261	No	No
g19259.t1	g19259.t1	716	No	No
g19260.t1	g19260.t1	171	No	No
g19261.t1	g19261.t1	74	Yes	No
g19262.t1	g19262.t1	230	No	No
g19263.t1	g19263.t1	105	No	No
g19264.t1	g19264.t1	610	No	No
g19265.t1	g19265.t1	968	No	No
g19266.t1	g19266.t1	79	No	No
g19267.t1	g19267.t1	135	No	No
g19268.t1	g19268.t1	342	No	No
g19269.t1	g19269.t1	133	No	No
g19270.t1	g19270.t1	197	No	No
g19271.t1	g19271.t1	72	Yes	No
g19272.t1	g19272.t1	231	No	No
g19273.t1	g19273.t1	201	No	No
g19274.t1	g19274.t1	955	No	No
g19275.t1	g19275.t1	179	No	No
g19276.t1	g19276.t1	222	No	No
g19277.t1	g19277.t1	435	No	No
g19278.t1	g19278.t1	60	Yes	No
g19279.t1	g19279.t1	182	No	No
g19280.t1	g19280.t1	97	No	No
g19281.t1	g19281.t1	116	No	No
g19282.t1	g19282.t1	162	No	No
g19283.t1	g19283.t1	239	No	No
g19284.t1	g19284.t1	47	No	No
g19285.t1	g19285.t1	123	No	No
g19286.t2	g19286.t2	345	No	No
g19287.t2	g19287.t2	844	No	No
g19288.t1	g19288.t1	582	No	No
g19289.t1	g19289.t1	101	No	No
g19290.t1	g19290.t1	543	No	No
g19291.t1	g19291.t1	290	No	No
g19292.t1	g19292.t1	85	No	No
g19293.t1	g19293.t1	315	Yes	No
g19294.t1	g19294.t1	525	No	No
g19295.t1	g19295.t1	479	No	No
g19296.t1	g19296.t1	81	No	No
g19297.t1	g19297.t1	81	No	No
g19298.t1	g19298.t1	1044	No	No
g19299.t1	g19299.t1	383	No	No
g19300.t1	g19300.t1	383	No	No
g19301.t1	g19301.t1	645	No	No
g19302.t1	g19302.t1	83	No	No
g19303.t1	g19303.t1	291	No	No
g19304.t1	g19304.t1	655	No	No
g19305.t1	g19305.t1	937	No	No
g19306.t1	g19306.t1	383	No	No
g19307.t1	g19307.t1	94	No	No
g19308.t1	g19308.t1	350	No	No
g19309.t1	g19309.t1	565	No	No
g19310.t1	g19310.t1	962	No	No
g19311.t1	g19311.t1	351	No	No
g19312.t1	g19312.t1	148	No	No
g19313.t1	g19313.t1	662	No	No
g19314.t1	g19314.t1	133	Yes	No
g19315.t1	g19315.t1	367	No	No
g19316.t1	g19316.t1	327	No	No
g19317.t2	g19317.t2	307	No	No
g19318.t1	g19318.t1	72	No	No
g19319.t1	g19319.t1	168	No	No
g19320.t1	g19320.t1	641	No	No
g19321.t1	g19321.t1	161	No	No
g19322.t1	g19322.t1	236	No	No
g19323.t1	g19323.t1	95	Yes	No
g19324.t1	g19324.t1	85	No	No
g19325.t1	g19325.t1	110	No	No
g19326.t1	g19326.t1	107	No	No
g19327.t1	g19327.t1	108	No	No
g19328.t1	g19328.t1	105	No	No
g19329.t1	g19329.t1	735	No	No
g19330.t1	g19330.t1	122	No	No
g19331.t1	g19331.t1	148	No	No
g19332.t1	g19332.t1	171	No	No
g19333.t1	g19333.t1	66	No	No
g19334.t1	g19334.t1	227	No	No
g19335.t1	g19335.t1	79	No	No
g19336.t1	g19336.t1	150	No	No
g19337.t1	g19337.t1	260	No	No
g19338.t1	g19338.t1	81	No	No
g19339.t1	g19339.t1	692	No	No
g19340.t1	g19340.t1	132	No	No
g19341.t1	g19341.t1	1085	No	No
g19342.t1	g19342.t1	134	No	No
g19343.t1	g19343.t1	250	No	No
g19344.t1	g19344.t1	291	No	No
g19345.t1	g19345.t1	333	No	No
g19346.t1	g19346.t1	151	No	No
g19347.t1	g19347.t1	342	No	No
g19348.t1	g19348.t1	157	No	No
g19349.t1	g19349.t1	157	No	No
g19350.t2	g19350.t2	343	No	No
g19351.t2	g19351.t2	201	No	No
g19352.t1	g19352.t1	156	No	No
g19353.t1	g19353.t1	369	Yes	No
g19354.t1	g19354.t1	144	Yes	No
g19355.t1	g19355.t1	442	No	No
g19356.t1	g19356.t1	1190	Yes	No
g19357.t1	g19357.t1	763	Yes	No
g19358.t1	g19358.t1	130	No	No
g19359.t1	g19359.t1	131	No	No
g19360.t1	g19360.t1	338	No	No
g19361.t1	g19361.t1	89	No	No
g19362.t1	g19362.t1	873	No	No
g19363.t1	g19363.t1	1205	No	No
g19364.t1	g19364.t1	308	No	No
g19365.t1	g19365.t1	114	No	No
g19366.t1	g19366.t1	144	No	No
g19367.t1	g19367.t1	514	No	No
g19368.t1	g19368.t1	302	No	No
g19369.t1	g19369.t1	461	No	No
g19370.t1	g19370.t1	422	No	No
g19371.t2	g19371.t2	539	No	No
g19372.t1	g19372.t1	92	No	No
g19373.t1	g19373.t1	173	No	No
g19374.t1	g19374.t1	127	No	No
g19375.t1	g19375.t1	252	No	No
g19376.t1	g19376.t1	325	No	No
g19377.t1	g19377.t1	309	No	No
g19378.t1	g19378.t1	657	No	No
g19379.t1	g19379.t1	169	No	No
g19380.t1	g19380.t1	549	No	No
g19381.t1	g19381.t1	357	No	No
g19382.t1	g19382.t1	369	No	No
g19383.t1	g19383.t1	90	No	No
g19384.t1	g19384.t1	98	No	No
g19385.t1	g19385.t1	253	No	No
g19386.t1	g19386.t1	349	No	No
g19387.t1	g19387.t1	190	No	No
g19388.t1	g19388.t1	107	No	No
g19389.t1	g19389.t1	71	No	No
g19390.t1	g19390.t1	330	No	No
g19391.t1	g19391.t1	145	No	No
g19392.t1	g19392.t1	220	No	No
g19393.t1	g19393.t1	455	No	No
g19394.t1	g19394.t1	619	No	No
g19395.t1	g19395.t1	85	No	No
g19396.t1	g19396.t1	255	No	No
g19397.t1	g19397.t1	610	No	No
g19398.t1	g19398.t1	612	No	No
g19399.t1	g19399.t1	101	No	No
g19400.t1	g19400.t1	476	No	No
g19401.t1	g19401.t1	1134	No	No
g19402.t1	g19402.t1	495	No	No
g19403.t1	g19403.t1	98	No	No
g19404.t1	g19404.t1	257	No	No
g19405.t1	g19405.t1	257	No	No
g19406.t1	g19406.t1	433	No	No
g19407.t1	g19407.t1	335	No	No
g19408.t1	g19408.t1	218	Yes	No
g19409.t1	g19409.t1	103	No	No
g19410.t1	g19410.t1	61	Yes	No
g19411.t1	g19411.t1	135	No	No
g19412.t1	g19412.t1	561	No	No
g19413.t1	g19413.t1	322	No	No
g19414.t1	g19414.t1	700	No	No
g19415.t1	g19415.t1	128	No	No
g19416.t1	g19416.t1	297	No	No
g19417.t1	g19417.t1	106	No	No
g19418.t1	g19418.t1	144	No	No
g19419.t1	g19419.t1	212	No	No
g19420.t1	g19420.t1	516	No	No
g19421.t1	g19421.t1	144	No	No
g19422.t1	g19422.t1	533	No	No
g19423.t1	g19423.t1	94	No	No
g19424.t1	g19424.t1	353	No	No
g19425.t1	g19425.t1	368	No	No
g19426.t1	g19426.t1	280	No	No
g19427.t1	g19427.t1	258	No	No
g19428.t1	g19428.t1	314	No	No
g19429.t1	g19429.t1	295	No	No
g19430.t1	g19430.t1	954	No	No
g19431.t1	g19431.t1	388	No	No
g19432.t1	g19432.t1	394	Yes	No
g19433.t1	g19433.t1	104	No	No
g19434.t1	g19434.t1	119	No	No
g19435.t1	g19435.t1	330	No	No
g19436.t1	g19436.t1	132	No	No
g19437.t1	g19437.t1	129	No	No
g19438.t1	g19438.t1	332	No	No
g19439.t1	g19439.t1	117	No	No
g19440.t1	g19440.t1	123	No	No
g19441.t1	g19441.t1	89	No	No
g19442.t1	g19442.t1	488	No	No
g19443.t1	g19443.t1	218	No	No
g19444.t1	g19444.t1	368	No	No
g19445.t1	g19445.t1	159	No	No
g19446.t1	g19446.t1	309	No	No
g19447.t1	g19447.t1	255	No	No
g19448.t1	g19448.t1	194	No	No
g19449.t1	g19449.t1	191	No	No
g19450.t1	g19450.t1	297	No	No
g19451.t1	g19451.t1	431	No	No
g19452.t1	g19452.t1	341	No	No
g19453.t1	g19453.t1	344	No	No
g19454.t1	g19454.t1	255	No	No
g19455.t1	g19455.t1	635	No	No
g19456.t1	g19456.t1	302	No	No
g19457.t1	g19457.t1	347	No	No
g19458.t1	g19458.t1	136	No	No
g19459.t1	g19459.t1	707	No	No
g19460.t1	g19460.t1	953	No	No
g19461.t1	g19461.t1	390	No	No
g19462.t1	g19462.t1	1485	No	No
g19463.t2	g19463.t2	1094	No	No
g19464.t1	g19464.t1	75	No	No
g19465.t1	g19465.t1	145	No	No
g19466.t1	g19466.t1	97	No	No
g19467.t1	g19467.t1	296	No	No
g19468.t1	g19468.t1	143	No	No
g19469.t1	g19469.t1	66	No	No
g19470.t1	g19470.t1	198	No	No
g19471.t1	g19471.t1	193	Yes	No
g19472.t1	g19472.t1	525	Yes	No
g19473.t1	g19473.t1	644	No	No
g19474.t1	g19474.t1	206	No	No
g19475.t2	g19475.t2	1012	No	No
g19476.t1	g19476.t1	418	Yes	No
g19477.t1	g19477.t1	241	No	No
g19478.t1	g19478.t1	252	No	No
g19479.t1	g19479.t1	130	No	No
g19480.t1	g19480.t1	1540	No	No
g19481.t1	g19481.t1	98	No	No
g19482.t1	g19482.t1	444	No	No
g19483.t1	g19483.t1	275	No	No
g19484.t1	g19484.t1	90	No	No
g19485.t1	g19485.t1	290	No	No
g19486.t1	g19486.t1	393	No	No
g19487.t1	g19487.t1	425	No	No
g19488.t1	g19488.t1	108	No	No
g19489.t1	g19489.t1	90	No	No
g19490.t1	g19490.t1	98	No	No
g19491.t1	g19491.t1	388	No	No
g19492.t1	g19492.t1	105	No	No
g19493.t1	g19493.t1	412	No	No
g19494.t2	g19494.t2	417	Yes	No
g19495.t1	g19495.t1	250	No	No
g19496.t1	g19496.t1	702	No	No
g19497.t1	g19497.t1	891	No	No
g19498.t1	g19498.t1	409	No	No
g19499.t1	g19499.t1	236	No	No
g19500.t1	g19500.t1	106	No	No
g19501.t1	g19501.t1	103	No	No
g19502.t1	g19502.t1	303	No	No
g19503.t1	g19503.t1	135	No	No
g19504.t1	g19504.t1	151	No	No
g19505.t1	g19505.t1	185	No	No
g19506.t1	g19506.t1	122	No	No
g19507.t1	g19507.t1	82	No	No
g19508.t4	g19508.t4	782	No	No
g19509.t1	g19509.t1	97	No	No
g19510.t1	g19510.t1	599	No	No
g19511.t1	g19511.t1	511	No	No
g19512.t1	g19512.t1	444	No	No
g19513.t1	g19513.t1	723	No	No
g19514.t1	g19514.t1	175	No	No
g19515.t1	g19515.t1	102	No	No
g19516.t1	g19516.t1	269	No	No
g19517.t1	g19517.t1	661	No	No
g19518.t1	g19518.t1	208	No	No
g19519.t1	g19519.t1	112	No	No
g19520.t1	g19520.t1	112	No	No
g19521.t1	g19521.t1	105	No	No
g19522.t1	g19522.t1	619	No	No
g19523.t1	g19523.t1	258	No	No
g19524.t1	g19524.t1	99	Yes	No
g19525.t1	g19525.t1	149	No	No
g19526.t1	g19526.t1	147	No	No
g19527.t1	g19527.t1	73	No	No
g19528.t1	g19528.t1	330	No	No
g19529.t1	g19529.t1	1389	No	No
g19530.t1	g19530.t1	239	No	No
g19531.t1	g19531.t1	285	No	No
g19532.t1	g19532.t1	681	No	No
g19533.t1	g19533.t1	513	No	No
g19534.t1	g19534.t1	73	Yes	No
g19535.t1	g19535.t1	97	Yes	No
g19536.t1	g19536.t1	1125	No	No
g19537.t1	g19537.t1	93	No	No
g19538.t1	g19538.t1	103	No	No
g19539.t1	g19539.t1	95	No	No
g19540.t1	g19540.t1	337	No	No
g19541.t1	g19541.t1	116	No	No
g19542.t1	g19542.t1	384	No	No
g19543.t1	g19543.t1	93	No	No
g19544.t1	g19544.t1	102	No	No
g19545.t1	g19545.t1	80	No	No
g19546.t1	g19546.t1	207	No	No
g19547.t1	g19547.t1	466	No	No
g19548.t1	g19548.t1	148	No	No
g19549.t1	g19549.t1	495	No	No
g19550.t1	g19550.t1	1176	No	No
g19551.t1	g19551.t1	655	No	No
g19552.t1	g19552.t1	423	No	No
g19553.t1	g19553.t1	531	No	No
g19554.t1	g19554.t1	303	No	No
g19555.t1	g19555.t1	1189	No	No
g19556.t1	g19556.t1	330	No	No
g19557.t1	g19557.t1	197	No	No
g19558.t1	g19558.t1	301	No	No
g19559.t1	g19559.t1	210	No	No
g19560.t1	g19560.t1	103	No	No
g19561.t1	g19561.t1	137	No	No
g19562.t1	g19562.t1	185	No	No
g19563.t1	g19563.t1	283	No	No
g19564.t1	g19564.t1	111	No	No
g19565.t1	g19565.t1	139	No	No
g19566.t1	g19566.t1	195	No	No
g19567.t1	g19567.t1	606	No	No
g19568.t1	g19568.t1	365	No	No
g19569.t1	g19569.t1	668	No	No
g19570.t1	g19570.t1	724	No	No
g19571.t1	g19571.t1	315	No	No
g19572.t1	g19572.t1	270	No	No
g19573.t1	g19573.t1	560	No	No
g19574.t1	g19574.t1	124	No	No
g19575.t1	g19575.t1	134	No	No
g19576.t1	g19576.t1	106	No	No
g19577.t1	g19577.t1	169	Yes	No
g19578.t1	g19578.t1	462	No	No
g19579.t1	g19579.t1	237	No	No
g19580.t1	g19580.t1	197	No	No
g19581.t1	g19581.t1	105	No	No
g19582.t1	g19582.t1	110	No	No
g19583.t1	g19583.t1	1660	No	No
g19584.t1	g19584.t1	186	No	No
g19585.t1	g19585.t1	217	No	No
g19586.t1	g19586.t1	104	No	No
g19587.t1	g19587.t1	466	No	No
g19588.t1	g19588.t1	731	No	No
g19589.t1	g19589.t1	152	No	No
g19590.t1	g19590.t1	265	No	No
g19591.t1	g19591.t1	218	No	No
g19592.t1	g19592.t1	359	No	No
g19593.t1	g19593.t1	719	No	No
g19594.t1	g19594.t1	714	No	No
g19595.t1	g19595.t1	482	No	No
g19596.t1	g19596.t1	74	No	No
g19597.t1	g19597.t1	319	No	No
g19598.t1	g19598.t1	446	No	No
g19599.t1	g19599.t1	461	No	No
g19600.t1	g19600.t1	239	No	No
g19601.t1	g19601.t1	145	No	No
g19602.t1	g19602.t1	239	No	No
g19603.t1	g19603.t1	85	No	No
g19604.t1	g19604.t1	462	No	No
g19605.t1	g19605.t1	262	No	No
g19606.t1	g19606.t1	249	No	No
g19607.t1	g19607.t1	262	No	No
g19608.t2	g19608.t2	309	No	No
g19609.t1	g19609.t1	562	No	No
g19610.t1	g19610.t1	565	No	No
g19611.t1	g19611.t1	392	No	No
g19612.t1	g19612.t1	366	No	No
g19613.t1	g19613.t1	82	No	No
g19614.t1	g19614.t1	208	No	No
g19615.t1	g19615.t1	480	No	No
g19616.t1	g19616.t1	105	No	No
g19617.t1	g19617.t1	199	No	No
g19618.t1	g19618.t1	128	No	No
g19619.t1	g19619.t1	96	No	No
g19620.t1	g19620.t1	231	Yes	No
g19621.t1	g19621.t1	561	No	No
g19622.t1	g19622.t1	100	No	No
g19623.t1	g19623.t1	104	No	No
g19624.t1	g19624.t1	207	No	No
g19625.t1	g19625.t1	496	No	No
g19626.t1	g19626.t1	168	Yes	No
g19627.t1	g19627.t1	123	No	No
g19628.t1	g19628.t1	418	No	No
g19629.t1	g19629.t1	1255	No	No
g19630.t1	g19630.t1	207	No	No
g19631.t1	g19631.t1	131	No	No
g19632.t1	g19632.t1	350	No	No
g19633.t1	g19633.t1	271	No	No
g19634.t1	g19634.t1	92	No	No
g19635.t1	g19635.t1	97	No	No
g19636.t1	g19636.t1	115	No	No
g19637.t1	g19637.t1	123	No	No
g19638.t1	g19638.t1	151	No	No
g19639.t1	g19639.t1	331	No	No
g19640.t1	g19640.t1	404	No	No
g19641.t1	g19641.t1	414	No	No
g19642.t1	g19642.t1	966	No	No
g19643.t1	g19643.t1	380	No	No
g19644.t1	g19644.t1	409	No	No
g19645.t1	g19645.t1	86	No	No
g19646.t1	g19646.t1	249	No	No
g19647.t1	g19647.t1	879	No	No
g19648.t1	g19648.t1	432	No	No
g19649.t1	g19649.t1	292	No	No
g19650.t1	g19650.t1	100	No	No
g19651.t1	g19651.t1	706	No	No
g19652.t1	g19652.t1	77	Yes	No
g19653.t1	g19653.t1	477	No	No
g19654.t1	g19654.t1	260	No	No
g19655.t1	g19655.t1	294	No	No
g19656.t1	g19656.t1	166	No	No
g19657.t1	g19657.t1	78	No	No
g19658.t1	g19658.t1	87	No	No
g19659.t1	g19659.t1	143	No	No
g19660.t1	g19660.t1	353	No	No
g19661.t1	g19661.t1	129	No	No
g19662.t1	g19662.t1	171	No	No
g19663.t1	g19663.t1	66	No	No
g19664.t1	g19664.t1	96	No	No
g19665.t1	g19665.t1	487	No	No
g19666.t1	g19666.t1	310	No	No
g19667.t1	g19667.t1	243	No	No
g19668.t1	g19668.t1	321	No	No
g19669.t1	g19669.t1	636	No	No
g19670.t1	g19670.t1	105	No	No
g19671.t1	g19671.t1	313	No	No
g19672.t2	g19672.t2	1768	No	No
g19673.t1	g19673.t1	200	No	No
g19674.t1	g19674.t1	460	No	No
g19675.t1	g19675.t1	471	No	No
g19676.t1	g19676.t1	284	No	No
g19677.t1	g19677.t1	89	Yes	No
g19678.t1	g19678.t1	615	No	No
g19679.t1	g19679.t1	624	No	No
g19680.t1	g19680.t1	108	No	No
g19681.t1	g19681.t1	87	No	No
g19682.t1	g19682.t1	102	No	No
g19683.t1	g19683.t1	294	Yes	No
g19684.t1	g19684.t1	295	No	No
g19685.t1	g19685.t1	110	Yes	No
g19686.t1	g19686.t1	77	No	No
g19687.t1	g19687.t1	184	Yes	No
g19688.t1	g19688.t1	485	No	No
g19689.t1	g19689.t1	493	No	No
g19690.t1	g19690.t1	1236	No	No
g19691.t1	g19691.t1	180	No	No
g19692.t1	g19692.t1	111	No	No
g19693.t1	g19693.t1	173	No	No
g19694.t2	g19694.t2	189	No	No
g19695.t1	g19695.t1	522	No	No
g19696.t1	g19696.t1	2281	No	No
g19697.t1	g19697.t1	90	No	No
g19698.t1	g19698.t1	97	No	No
g19699.t1	g19699.t1	155	No	No
g19700.t1	g19700.t1	173	No	No
g19701.t1	g19701.t1	77	No	No
g19702.t1	g19702.t1	122	No	No
g19703.t1	g19703.t1	463	No	No
g19704.t1	g19704.t1	68	No	No
g19705.t1	g19705.t1	349	No	No
g19706.t1	g19706.t1	406	No	No
g19707.t1	g19707.t1	262	No	No
g19708.t1	g19708.t1	83	No	No
g19709.t1	g19709.t1	178	No	No
g19710.t1	g19710.t1	254	No	No
g19711.t1	g19711.t1	1154	No	No
g19712.t2	g19712.t2	1231	No	No
g19713.t1	g19713.t1	13	Yes	No
g19714.t1	g19714.t1	910	No	No
g19715.t1	g19715.t1	582	No	No
g19716.t1	g19716.t1	443	No	No
g19717.t1	g19717.t1	516	No	No
g19718.t1	g19718.t1	515	No	No
g19719.t1	g19719.t1	153	No	No
g19720.t1	g19720.t1	263	No	No
g19721.t1	g19721.t1	1246	No	No
g19722.t1	g19722.t1	406	No	No
g19723.t1	g19723.t1	249	No	No
g19724.t1	g19724.t1	273	No	No
g19725.t1	g19725.t1	1048	No	No
g19726.t1	g19726.t1	637	No	No
g19727.t1	g19727.t1	178	No	No
g19728.t1	g19728.t1	97	No	No
g19729.t1	g19729.t1	197	No	No
g19730.t1	g19730.t1	293	No	No
g19731.t1	g19731.t1	326	No	No
g19732.t1	g19732.t1	109	No	No
g19733.t1	g19733.t1	249	No	No
g19734.t1	g19734.t1	244	No	No
g19735.t1	g19735.t1	758	No	No
g19736.t1	g19736.t1	112	No	No
g19737.t1	g19737.t1	204	No	No
g19738.t1	g19738.t1	355	No	No
g19739.t1	g19739.t1	654	No	No
g19740.t1	g19740.t1	472	No	No
g19741.t1	g19741.t1	101	No	No
g19742.t1	g19742.t1	319	No	No
g19743.t1	g19743.t1	362	No	No
g19744.t1	g19744.t1	265	No	No
g19745.t1	g19745.t1	194	No	No
g19746.t1	g19746.t1	660	No	No
g19747.t1	g19747.t1	144	No	No
g19748.t1	g19748.t1	158	No	No
g19749.t1	g19749.t1	80	No	No
g19750.t1	g19750.t1	137	No	No
g19751.t1	g19751.t1	425	No	No
g19752.t1	g19752.t1	786	No	No
g19753.t1	g19753.t1	1001	No	No
g19754.t1	g19754.t1	573	No	No
g19755.t1	g19755.t1	135	No	No
g19756.t1	g19756.t1	771	No	No
g19757.t1	g19757.t1	107	No	No
g19758.t1	g19758.t1	148	No	No
g19759.t1	g19759.t1	609	No	No
g19760.t1	g19760.t1	1226	No	No
g19761.t1	g19761.t1	73	No	No
g19762.t1	g19762.t1	935	No	No
g19763.t2	g19763.t2	1139	No	No
g19764.t1	g19764.t1	463	No	No
g19765.t1	g19765.t1	896	No	No
g19766.t1	g19766.t1	145	No	No
g19767.t1	g19767.t1	334	Yes	No
g19768.t1	g19768.t1	94	No	No
g19769.t1	g19769.t1	514	No	No
g19770.t1	g19770.t1	169	No	No
g19771.t1	g19771.t1	339	No	No
g19772.t1	g19772.t1	147	No	No
g19773.t1	g19773.t1	349	No	No
g19774.t1	g19774.t1	164	No	No
g19775.t1	g19775.t1	597	No	No
g19776.t1	g19776.t1	78	No	No
g19777.t1	g19777.t1	1152	No	No
g19778.t1	g19778.t1	93	No	No
g19779.t1	g19779.t1	338	No	No
g19780.t1	g19780.t1	169	No	No
g19781.t1	g19781.t1	180	No	No
g19782.t1	g19782.t1	822	No	No
g19783.t1	g19783.t1	1008	No	No
g19784.t1	g19784.t1	342	No	No
g19785.t1	g19785.t1	69	No	No
g19786.t1	g19786.t1	171	No	No
g19787.t1	g19787.t1	416	No	No
g19788.t3	g19788.t3	1188	No	No
g19789.t1	g19789.t1	282	No	No
g19790.t1	g19790.t1	2858	No	No
g19791.t1	g19791.t1	303	No	No
g19792.t1	g19792.t1	228	No	No
g19793.t1	g19793.t1	100	No	No
g19794.t1	g19794.t1	488	No	No
g19795.t1	g19795.t1	161	No	No
g19796.t1	g19796.t1	1377	No	No
g19797.t1	g19797.t1	237	No	No
g19798.t1	g19798.t1	86	No	No
g19799.t1	g19799.t1	379	No	No
g19800.t1	g19800.t1	800	No	No
g19801.t1	g19801.t1	134	No	No
g19802.t2	g19802.t2	114	No	No
g19803.t1	g19803.t1	135	No	No
g19804.t1	g19804.t1	67	No	No
g19805.t3	g19805.t3	167	No	No
g19806.t1	g19806.t1	77	No	No
g19807.t1	g19807.t1	81	No	No
g19808.t1	g19808.t1	335	No	No
g19809.t1	g19809.t1	280	No	No
g19810.t2	g19810.t2	256	No	No
g19811.t1	g19811.t1	522	No	No
g19812.t1	g19812.t1	1514	No	No
g19813.t1	g19813.t1	741	No	No
g19814.t1	g19814.t1	191	No	No
g19815.t1	g19815.t1	144	No	No
g19816.t1	g19816.t1	34	Yes	No
g19817.t1	g19817.t1	330	No	No
g19818.t1	g19818.t1	173	No	No
g19819.t1	g19819.t1	228	Yes	No
g19820.t1	g19820.t1	161	No	No
g19821.t1	g19821.t1	100	No	No
g19822.t1	g19822.t1	28	Yes	No
g19823.t1	g19823.t1	1259	No	No
g19824.t1	g19824.t1	225	No	No
g19825.t1	g19825.t1	868	No	No
g19826.t1	g19826.t1	265	No	No
g19827.t1	g19827.t1	1682	No	No
g19828.t1	g19828.t1	151	No	No
g19829.t1	g19829.t1	273	No	No
g19830.t1	g19830.t1	287	No	No
g19831.t2	g19831.t2	219	No	No
g19832.t2	g19832.t2	903	No	No
g19833.t1	g19833.t1	226	No	No
g19834.t1	g19834.t1	363	No	No
g19835.t1	g19835.t1	242	No	No
g19836.t1	g19836.t1	514	No	No
g19837.t1	g19837.t1	805	No	No
g19838.t1	g19838.t1	665	No	No
g19839.t1	g19839.t1	264	No	No
g19840.t1	g19840.t1	123	No	No
g19841.t1	g19841.t1	178	No	No
g19842.t1	g19842.t1	83	No	No
g19843.t1	g19843.t1	123	No	No
g19844.t1	g19844.t1	501	No	No
g19845.t1	g19845.t1	82	No	No
g19846.t1	g19846.t1	69	No	No
g19847.t1	g19847.t1	141	No	No
g19848.t1	g19848.t1	162	No	No
g19849.t1	g19849.t1	79	No	No
g19850.t1	g19850.t1	82	No	No
g19851.t1	g19851.t1	123	No	No
g19852.t1	g19852.t1	965	No	No
g19853.t1	g19853.t1	265	No	No
g19854.t1	g19854.t1	102	No	No
g19855.t1	g19855.t1	1130	No	No
g19856.t1	g19856.t1	1100	No	No
g19857.t1	g19857.t1	525	No	No
g19858.t1	g19858.t1	572	No	No
g19859.t1	g19859.t1	192	No	No
g19860.t1	g19860.t1	800	Yes	No
g19861.t1	g19861.t1	121	No	No
g19862.t1	g19862.t1	389	No	No
g19863.t1	g19863.t1	350	No	No
g19864.t1	g19864.t1	451	No	No
g19865.t1	g19865.t1	1863	No	No
g19866.t1	g19866.t1	70	No	No
g19867.t1	g19867.t1	144	No	No
g19868.t1	g19868.t1	173	No	No
g19869.t1	g19869.t1	83	No	No
g19870.t1	g19870.t1	91	No	No
g19871.t1	g19871.t1	199	No	No
g19872.t1	g19872.t1	53	Yes	No
g19873.t1	g19873.t1	145	No	No
g19874.t1	g19874.t1	84	No	No
g19875.t1	g19875.t1	628	No	No
g19876.t1	g19876.t1	183	No	No
g19877.t1	g19877.t1	430	No	No
g19878.t1	g19878.t1	398	No	No
g19879.t1	g19879.t1	239	No	No
g19880.t1	g19880.t1	58	No	No
g19881.t1	g19881.t1	97	No	No
g19882.t1	g19882.t1	405	No	No
g19883.t1	g19883.t1	75	No	No
g19884.t1	g19884.t1	327	No	No
g19885.t1	g19885.t1	152	No	No
g19886.t1	g19886.t1	133	No	No
g19887.t1	g19887.t1	845	No	No
g19888.t1	g19888.t1	631	No	No
g19889.t1	g19889.t1	82	No	No
g19890.t1	g19890.t1	392	No	No
g19891.t2	g19891.t2	568	No	No
g19892.t1	g19892.t1	176	No	No
g19893.t1	g19893.t1	221	No	No
g19894.t1	g19894.t1	113	No	No
g19895.t1	g19895.t1	121	No	No
g19896.t1	g19896.t1	222	No	No
g19897.t1	g19897.t1	175	No	No
g19898.t1	g19898.t1	100	No	No
g19899.t1	g19899.t1	34	No	No
g19900.t1	g19900.t1	81	No	No
g19901.t1	g19901.t1	532	No	No
g19902.t1	g19902.t1	3059	No	No
g19903.t1	g19903.t1	70	No	No
g19904.t1	g19904.t1	267	No	No
g19905.t1	g19905.t1	671	No	No
g19906.t1	g19906.t1	172	No	No
g19907.t1	g19907.t1	157	No	No
g19908.t1	g19908.t1	147	No	No
g19909.t1	g19909.t1	68	No	No
g19910.t1	g19910.t1	230	No	No
g19911.t1	g19911.t1	402	No	No
g19912.t1	g19912.t1	351	No	No
g19913.t1	g19913.t1	499	No	No
g19914.t1	g19914.t1	250	No	No
g19915.t1	g19915.t1	85	No	No
g19916.t1	g19916.t1	210	No	No
g19917.t1	g19917.t1	209	No	No
g19918.t1	g19918.t1	165	No	No
g19919.t1	g19919.t1	255	No	No
g19920.t1	g19920.t1	156	No	No
g19921.t1	g19921.t1	94	No	No
g19922.t1	g19922.t1	97	No	No
g19923.t1	g19923.t1	63	Yes	No
g19924.t1	g19924.t1	161	No	No
g19925.t1	g19925.t1	275	No	No
g19926.t1	g19926.t1	834	No	No
g19927.t1	g19927.t1	437	No	No
g19928.t1	g19928.t1	780	No	No
g19929.t1	g19929.t1	84	No	No
g19930.t1	g19930.t1	614	No	No
g19931.t1	g19931.t1	397	No	No
g19932.t1	g19932.t1	212	No	No
g19933.t1	g19933.t1	465	Yes	No
g19934.t1	g19934.t1	572	No	No
g19935.t1	g19935.t1	665	No	No
g19936.t1	g19936.t1	193	No	No
g19937.t1	g19937.t1	334	No	No
g19938.t1	g19938.t1	335	No	No
g19939.t1	g19939.t1	143	No	No
g19940.t1	g19940.t1	125	No	No
g19941.t1	g19941.t1	275	No	No
g19942.t1	g19942.t1	157	No	No
g19943.t1	g19943.t1	544	No	No
g19944.t1	g19944.t1	83	No	No
g19945.t1	g19945.t1	111	No	No
g19946.t1	g19946.t1	86	No	No
g19947.t2	g19947.t2	274	No	No
g19948.t1	g19948.t1	391	No	No
g19949.t1	g19949.t1	443	No	No
g19950.t1	g19950.t1	3657	No	No
g19951.t1	g19951.t1	366	No	No
g19952.t1	g19952.t1	315	No	No
g19953.t1	g19953.t1	281	No	No
g19954.t1	g19954.t1	94	No	No
g19955.t1	g19955.t1	194	No	No
g19956.t1	g19956.t1	290	No	No
g19957.t1	g19957.t1	636	No	No
g19958.t1	g19958.t1	347	No	No
g19959.t1	g19959.t1	255	No	No
g19960.t1	g19960.t1	810	No	No
g19961.t1	g19961.t1	459	No	No
g19962.t1	g19962.t1	1068	Yes	No
g19963.t1	g19963.t1	908	No	No
g19964.t1	g19964.t1	630	No	No
g19965.t1	g19965.t1	30	No	No
g19966.t1	g19966.t1	378	No	No
g19967.t1	g19967.t1	116	No	No
g19968.t1	g19968.t1	1012	No	No
g19969.t1	g19969.t1	102	No	No
g19970.t1	g19970.t1	171	No	No
g19971.t1	g19971.t1	107	No	No
g19972.t1	g19972.t1	177	No	No
g19973.t1	g19973.t1	111	No	No
g19974.t1	g19974.t1	100	No	No
g19975.t1	g19975.t1	146	No	No
g19976.t1	g19976.t1	144	No	No
g19977.t1	g19977.t1	64	Yes	No
g19978.t2	g19978.t2	712	No	No
g19979.t1	g19979.t1	255	No	No
g19980.t1	g19980.t1	164	No	No
g19981.t1	g19981.t1	91	No	No
g19982.t2	g19982.t2	474	Yes	No
g19983.t1	g19983.t1	120	No	No
g19984.t2	g19984.t2	1362	No	No
g19985.t1	g19985.t1	88	No	No
g19986.t1	g19986.t1	132	No	No
g19987.t1	g19987.t1	1190	No	No
g19988.t1	g19988.t1	772	No	No
g19989.t1	g19989.t1	653	No	No
g19990.t1	g19990.t1	366	No	No
g19991.t1	g19991.t1	778	No	No
g19992.t1	g19992.t1	217	No	No
g19993.t1	g19993.t1	259	No	No
g19994.t1	g19994.t1	147	No	No
g19995.t1	g19995.t1	388	No	No
g19996.t1	g19996.t1	90	No	No
g19997.t1	g19997.t1	720	No	No
g19998.t1	g19998.t1	1271	No	No
g19999.t1	g19999.t1	610	No	No
g20000.t1	g20000.t1	619	No	No
g20001.t1	g20001.t1	1499	No	No
g20002.t1	g20002.t1	378	No	No
g20003.t1	g20003.t1	335	No	No
g20004.t1	g20004.t1	300	No	No
g20005.t1	g20005.t1	79	Yes	No
g20006.t1	g20006.t1	379	No	No
g20007.t1	g20007.t1	172	No	No
g20008.t1	g20008.t1	133	No	No
g20009.t1	g20009.t1	122	No	No
g20010.t1	g20010.t1	865	No	No
g20011.t1	g20011.t1	89	No	No
g20012.t1	g20012.t1	169	No	No
g20013.t1	g20013.t1	130	No	No
g20014.t1	g20014.t1	348	No	No
g20015.t1	g20015.t1	723	No	No
g20016.t1	g20016.t1	198	No	No
g20017.t1	g20017.t1	105	No	No
g20018.t1	g20018.t1	180	No	No
g20019.t1	g20019.t1	93	No	No
g20020.t1	g20020.t1	238	No	No
g20021.t1	g20021.t1	280	No	No
g20022.t1	g20022.t1	221	No	No
g20023.t1	g20023.t1	96	No	No
g20024.t1	g20024.t1	156	No	No
g20025.t1	g20025.t1	708	Yes	No
g20026.t1	g20026.t1	247	Yes	No
g20027.t2	g20027.t2	1288	No	No
g20028.t1	g20028.t1	61	No	No
g20029.t1	g20029.t1	309	No	No
g20030.t1	g20030.t1	549	No	No
g20031.t1	g20031.t1	78	No	No
g20032.t1	g20032.t1	172	No	No
g20033.t1	g20033.t1	258	No	No
g20034.t1	g20034.t1	130	No	No
g20035.t1	g20035.t1	91	No	No
g20036.t1	g20036.t1	97	No	No
g20037.t1	g20037.t1	74	No	No
g20038.t1	g20038.t1	100	No	No
g20039.t1	g20039.t1	173	No	No
g20040.t1	g20040.t1	471	Yes	No
g20041.t1	g20041.t1	189	Yes	No
g20042.t1	g20042.t1	141	Yes	No
g20043.t1	g20043.t1	307	No	No
g20044.t1	g20044.t1	208	No	No
g20045.t1	g20045.t1	84	No	No
g20046.t1	g20046.t1	138	No	No
g20047.t1	g20047.t1	505	No	No
g20048.t1	g20048.t1	112	No	No
g20049.t1	g20049.t1	286	No	No
g20050.t1	g20050.t1	201	Yes	No
g20051.t1	g20051.t1	67	No	No
g20052.t1	g20052.t1	100	No	No
g20053.t1	g20053.t1	79	Yes	No
g20054.t1	g20054.t1	272	No	No
g20055.t1	g20055.t1	1606	No	No
g20056.t1	g20056.t1	127	No	No
g20057.t1	g20057.t1	285	No	No
g20058.t1	g20058.t1	322	No	No
g20059.t2	g20059.t2	2947	No	No
g20060.t1	g20060.t1	821	No	No
g20061.t1	g20061.t1	74	No	No
g20062.t1	g20062.t1	316	No	No
g20063.t1	g20063.t1	301	No	No
g20064.t1	g20064.t1	130	Yes	No
g20065.t1	g20065.t1	307	No	No
g20066.t1	g20066.t1	93	No	No
g20067.t1	g20067.t1	552	No	No
g20068.t1	g20068.t1	699	No	No
g20069.t1	g20069.t1	120	No	No
g20070.t1	g20070.t1	283	No	No
g20071.t1	g20071.t1	238	No	No
g20072.t2	g20072.t2	777	No	No
g20073.t1	g20073.t1	72	No	No
g20074.t1	g20074.t1	101	No	No
g20075.t1	g20075.t1	121	No	No
g20076.t1	g20076.t1	231	No	No
g20077.t1	g20077.t1	1444	No	No
g20078.t1	g20078.t1	175	No	No
g20079.t1	g20079.t1	241	No	No
g20080.t1	g20080.t1	210	No	No
g20081.t1	g20081.t1	75	No	No
g20082.t1	g20082.t1	128	No	No
g20083.t1	g20083.t1	817	No	No
g20084.t1	g20084.t1	375	No	No
g20085.t1	g20085.t1	1055	No	No
g20086.t1	g20086.t1	1164	No	No
g20087.t1	g20087.t1	313	No	No
g20088.t1	g20088.t1	894	No	No
g20089.t1	g20089.t1	799	No	No
g20090.t1	g20090.t1	400	No	No
g20091.t1	g20091.t1	618	No	No
g20092.t1	g20092.t1	148	No	No
g20093.t1	g20093.t1	183	No	No
g20094.t1	g20094.t1	307	No	No
g20095.t1	g20095.t1	295	No	No
g20096.t1	g20096.t1	908	No	No
g20097.t1	g20097.t1	429	No	No
g20098.t1	g20098.t1	874	No	No
g20099.t1	g20099.t1	240	No	No
g20100.t1	g20100.t1	407	No	No
g20101.t1	g20101.t1	258	No	No
g20102.t1	g20102.t1	57	Yes	No
g20103.t1	g20103.t1	171	No	No
g20104.t1	g20104.t1	174	No	No
g20105.t1	g20105.t1	73	Yes	No
g20106.t1	g20106.t1	606	No	No
g20107.t1	g20107.t1	140	No	No
g20108.t1	g20108.t1	653	No	No
g20109.t1	g20109.t1	407	No	No
g20110.t1	g20110.t1	258	No	No
g20111.t1	g20111.t1	385	No	No
g20112.t1	g20112.t1	165	No	No
g20113.t1	g20113.t1	106	No	No
g20114.t1	g20114.t1	147	No	No
g20115.t1	g20115.t1	104	No	No
g20116.t1	g20116.t1	86	No	No
g20117.t1	g20117.t1	150	No	No
g20118.t1	g20118.t1	226	No	No
g20119.t1	g20119.t1	181	No	No
g20120.t1	g20120.t1	70	No	No
g20121.t1	g20121.t1	293	No	No
g20122.t1	g20122.t1	210	No	No
g20123.t1	g20123.t1	595	No	No
g20124.t1	g20124.t1	232	No	No
g20125.t1	g20125.t1	982	No	No
g20126.t1	g20126.t1	101	No	No
g20127.t1	g20127.t1	267	No	No
g20128.t1	g20128.t1	251	No	No
g20129.t1	g20129.t1	98	No	No
g20130.t1	g20130.t1	198	No	No
g20131.t1	g20131.t1	66	No	No
g20132.t1	g20132.t1	199	No	No
g20133.t2	g20133.t2	2334	No	No
g20134.t1	g20134.t1	388	No	No
g20135.t1	g20135.t1	336	No	No
g20136.t1	g20136.t1	126	No	No
g20137.t1	g20137.t1	127	No	No
g20138.t1	g20138.t1	120	No	No
g20139.t1	g20139.t1	331	No	No
g20140.t1	g20140.t1	135	No	No
g20141.t1	g20141.t1	391	No	No
g20142.t1	g20142.t1	102	Yes	No
g20143.t1	g20143.t1	160	No	No
g20144.t1	g20144.t1	160	No	No
g20145.t1	g20145.t1	228	No	No
g20146.t1	g20146.t1	89	No	No
g20147.t1	g20147.t1	312	No	No
g20148.t1	g20148.t1	263	No	No
g20149.t1	g20149.t1	300	Yes	No
g20150.t1	g20150.t1	94	No	No
g20151.t1	g20151.t1	690	No	No
g20152.t1	g20152.t1	137	No	No
g20153.t2	g20153.t2	166	No	No
g20154.t1	g20154.t1	150	No	No
g20155.t1	g20155.t1	416	No	No
g20156.t1	g20156.t1	2895	Yes	No
g20157.t1	g20157.t1	1085	No	No
g20158.t1	g20158.t1	190	No	No
g20159.t1	g20159.t1	395	No	No
g20160.t1	g20160.t1	120	No	No
g20161.t1	g20161.t1	686	No	No
g20162.t1	g20162.t1	630	Yes	No
g20163.t1	g20163.t1	88	No	No
g20164.t1	g20164.t1	321	Yes	No
g20165.t1	g20165.t1	901	Yes	No
g20166.t1	g20166.t1	1043	No	No
g20167.t1	g20167.t1	408	No	No
g20168.t1	g20168.t1	324	No	No
g20169.t1	g20169.t1	327	No	No
g20170.t1	g20170.t1	600	No	No
g20171.t1	g20171.t1	92	No	No
g20172.t1	g20172.t1	242	No	No
g20173.t1	g20173.t1	123	No	No
g20174.t1	g20174.t1	160	No	No
g20175.t1	g20175.t1	788	No	No
g20176.t1	g20176.t1	278	No	No
g20177.t1	g20177.t1	73	No	No
g20178.t1	g20178.t1	382	No	No
g20179.t1	g20179.t1	131	No	No
g20180.t1	g20180.t1	278	No	No
g20181.t1	g20181.t1	1426	No	No
g20182.t1	g20182.t1	66	Yes	No
g20183.t1	g20183.t1	73	No	No
g20184.t1	g20184.t1	351	No	No
g20185.t1	g20185.t1	92	No	No
g20186.t1	g20186.t1	2453	No	No
g20187.t1	g20187.t1	1314	No	No
g20188.t2	g20188.t2	1656	No	No
g20189.t1	g20189.t1	311	No	No
g20190.t1	g20190.t1	298	No	No
g20191.t1	g20191.t1	1205	No	No
g20192.t1	g20192.t1	230	Yes	No
g20193.t1	g20193.t1	833	No	No
g20194.t1	g20194.t1	367	No	No
g20195.t1	g20195.t1	100	Yes	No
g20196.t1	g20196.t1	76	No	No
g20197.t1	g20197.t1	641	No	No
g20198.t1	g20198.t1	318	No	No
g20199.t1	g20199.t1	125	No	No
g20200.t1	g20200.t1	96	No	No
g20201.t1	g20201.t1	248	No	No
g20202.t1	g20202.t1	279	No	No
g20203.t1	g20203.t1	69	No	No
g20204.t1	g20204.t1	338	No	No
g20205.t1	g20205.t1	89	No	No
g20206.t1	g20206.t1	414	No	No
g20207.t1	g20207.t1	109	No	No
g20208.t1	g20208.t1	1108	No	No
g20209.t1	g20209.t1	96	No	No
g20210.t1	g20210.t1	1959	No	No
g20211.t1	g20211.t1	66	No	No
g20212.t1	g20212.t1	1523	No	No
g20213.t1	g20213.t1	145	No	No
g20214.t1	g20214.t1	232	No	No
g20215.t1	g20215.t1	327	No	No
g20216.t1	g20216.t1	407	No	No
g20217.t1	g20217.t1	672	No	No
g20218.t1	g20218.t1	609	No	No
g20219.t1	g20219.t1	972	No	No
g20220.t1	g20220.t1	128	No	No
g20221.t1	g20221.t1	266	No	No
g20222.t1	g20222.t1	1784	No	No
g20223.t1	g20223.t1	308	No	No
g20224.t1	g20224.t1	126	No	No
g20225.t1	g20225.t1	260	Yes	No
g20226.t1	g20226.t1	164	No	No
g20227.t3	g20227.t3	682	No	No
g20228.t1	g20228.t1	214	No	No
g20229.t1	g20229.t1	575	No	No
g20230.t1	g20230.t1	384	No	No
g20231.t1	g20231.t1	405	No	No
g20232.t1	g20232.t1	236	No	No
g20233.t1	g20233.t1	282	No	No
g20234.t1	g20234.t1	119	No	No
g20235.t1	g20235.t1	110	No	No
g20236.t1	g20236.t1	207	No	No
g20237.t1	g20237.t1	83	No	No
g20238.t1	g20238.t1	101	No	No
g20239.t1	g20239.t1	187	No	No
g20240.t1	g20240.t1	72	No	No
g20241.t1	g20241.t1	102	No	No
g20242.t1	g20242.t1	82	No	No
g20243.t1	g20243.t1	101	No	No
g20244.t1	g20244.t1	73	No	No
g20245.t1	g20245.t1	116	No	No
g20246.t1	g20246.t1	243	No	No
g20247.t1	g20247.t1	183	No	No
g20248.t1	g20248.t1	427	No	No
g20249.t1	g20249.t1	248	No	No
g20250.t1	g20250.t1	221	No	No
g20251.t1	g20251.t1	79	No	No
g20252.t1	g20252.t1	86	Yes	No
g20253.t1	g20253.t1	32	Yes	No
g20254.t1	g20254.t1	201	No	No
g20255.t1	g20255.t1	1122	No	No
g20256.t1	g20256.t1	823	No	No
g20257.t1	g20257.t1	419	No	No
g20258.t1	g20258.t1	132	No	No
g20259.t1	g20259.t1	301	No	No
g20260.t1	g20260.t1	89	No	No
g20261.t2	g20261.t2	902	No	No
g20262.t1	g20262.t1	132	No	No
g20263.t1	g20263.t1	295	No	No
g20264.t1	g20264.t1	216	No	No
g20265.t1	g20265.t1	630	No	No
g20266.t1	g20266.t1	219	No	No
g20267.t2	g20267.t2	833	Yes	No
g20268.t1	g20268.t1	160	Yes	No
g20269.t1	g20269.t1	121	No	No
g20270.t1	g20270.t1	200	No	No
g20271.t1	g20271.t1	252	No	No
g20272.t1	g20272.t1	166	No	No
g20273.t1	g20273.t1	211	No	No
g20274.t1	g20274.t1	706	No	No
g20275.t1	g20275.t1	359	Yes	No
g20276.t1	g20276.t1	241	No	No
g20277.t1	g20277.t1	82	No	No
g20278.t1	g20278.t1	208	No	No
g20279.t1	g20279.t1	694	No	No
g20280.t1	g20280.t1	481	No	No
g20281.t1	g20281.t1	253	No	No
g20282.t2	g20282.t2	977	No	No
g20283.t1	g20283.t1	545	No	No
g20284.t1	g20284.t1	160	No	No
g20285.t1	g20285.t1	321	No	No
g20286.t1	g20286.t1	235	Yes	No
g20287.t1	g20287.t1	203	No	No
g20288.t1	g20288.t1	802	No	No
g20289.t1	g20289.t1	665	No	No
g20290.t1	g20290.t1	380	No	No
g20291.t1	g20291.t1	281	Yes	No
g20292.t1	g20292.t1	516	No	No
g20293.t1	g20293.t1	124	No	No
g20294.t2	g20294.t2	316	No	No
g20295.t1	g20295.t1	443	No	No
g20296.t1	g20296.t1	275	No	No
g20297.t1	g20297.t1	1197	No	No
g20298.t1	g20298.t1	673	No	No
g20299.t1	g20299.t1	529	No	No
g20300.t1	g20300.t1	690	No	No
g20301.t1	g20301.t1	545	No	No
g20302.t1	g20302.t1	523	No	No
g20303.t1	g20303.t1	520	No	No
g20304.t1	g20304.t1	121	No	No
g20305.t1	g20305.t1	93	No	No
g20306.t1	g20306.t1	573	No	No
g20307.t1	g20307.t1	129	No	No
g20308.t1	g20308.t1	545	No	No
g20309.t1	g20309.t1	747	No	No
g20310.t1	g20310.t1	145	No	No
g20311.t1	g20311.t1	151	No	No
g20312.t1	g20312.t1	511	No	No
g20313.t1	g20313.t1	613	No	No
g20314.t1	g20314.t1	78	No	No
g20315.t1	g20315.t1	97	No	No
g20316.t1	g20316.t1	240	Yes	No
g20317.t1	g20317.t1	137	No	No
g20318.t1	g20318.t1	77	No	No
g20319.t1	g20319.t1	154	No	No
g20320.t1	g20320.t1	319	No	No
g20321.t1	g20321.t1	75	No	No
g20322.t1	g20322.t1	383	No	No
g20323.t1	g20323.t1	323	No	No
g20324.t1	g20324.t1	605	No	No
g20325.t1	g20325.t1	595	No	No
g20326.t1	g20326.t1	216	No	No
g20327.t2	g20327.t2	130	No	No
g20328.t1	g20328.t1	70	No	No
g20329.t1	g20329.t1	104	No	No
g20330.t2	g20330.t2	281	No	No
g20331.t1	g20331.t1	646	No	No
g20332.t1	g20332.t1	74	No	No
g20333.t1	g20333.t1	1062	No	No
g20334.t1	g20334.t1	317	No	No
g20335.t1	g20335.t1	233	No	No
g20336.t1	g20336.t1	72	No	No
g20337.t1	g20337.t1	395	No	No
g20338.t1	g20338.t1	110	No	No
g20339.t1	g20339.t1	665	No	No
g20340.t1	g20340.t1	716	No	No
g20341.t1	g20341.t1	300	No	No
g20342.t1	g20342.t1	1238	No	No
g20343.t1	g20343.t1	497	No	No
g20344.t1	g20344.t1	640	No	No
g20345.t1	g20345.t1	80	No	No
g20346.t1	g20346.t1	3548	No	No
g20347.t1	g20347.t1	533	No	No
g20348.t1	g20348.t1	105	No	No
g20349.t1	g20349.t1	499	No	No
g20350.t1	g20350.t1	88	No	No
g20351.t1	g20351.t1	169	No	No
g20352.t1	g20352.t1	287	No	No
g20353.t1	g20353.t1	181	No	No
g20354.t1	g20354.t1	171	No	No
g20355.t1	g20355.t1	1048	No	No
g20356.t1	g20356.t1	270	No	No
g20357.t1	g20357.t1	91	No	No
g20358.t1	g20358.t1	151	No	No
g20359.t1	g20359.t1	73	No	No
g20360.t2	g20360.t2	871	No	No
g20361.t1	g20361.t1	650	No	No
g20362.t1	g20362.t1	72	No	No
g20363.t1	g20363.t1	168	No	No
g20364.t1	g20364.t1	103	No	No
g20365.t1	g20365.t1	73	No	No
g20366.t1	g20366.t1	923	No	No
g20367.t1	g20367.t1	473	No	No
g20368.t1	g20368.t1	1185	No	No
g20369.t1	g20369.t1	93	No	No
g20370.t1	g20370.t1	161	No	No
g20371.t1	g20371.t1	115	No	No
g20372.t1	g20372.t1	122	No	No
g20373.t1	g20373.t1	249	No	No
g20374.t1	g20374.t1	121	No	No
g20375.t1	g20375.t1	173	No	No
g20376.t1	g20376.t1	210	No	No
g20377.t1	g20377.t1	156	No	No
g20378.t1	g20378.t1	124	No	No
g20379.t1	g20379.t1	915	No	No
g20380.t1	g20380.t1	81	No	No
g20381.t1	g20381.t1	69	No	No
g20382.t1	g20382.t1	82	No	No
g20383.t1	g20383.t1	108	No	No
g20384.t1	g20384.t1	77	No	No
g20385.t1	g20385.t1	152	No	No
g20386.t1	g20386.t1	106	No	No
g20387.t1	g20387.t1	131	No	No
g20388.t1	g20388.t1	78	No	No
g20389.t1	g20389.t1	133	Yes	No
g20390.t2	g20390.t2	432	No	No
g20391.t1	g20391.t1	1521	No	No
g20392.t1	g20392.t1	454	No	No
g20393.t1	g20393.t1	248	No	No
g20394.t1	g20394.t1	664	No	No
g20395.t1	g20395.t1	127	No	No
g20396.t1	g20396.t1	376	No	No
g20397.t1	g20397.t1	329	No	No
g20398.t1	g20398.t1	118	No	No
g20399.t1	g20399.t1	2706	No	No
g20400.t1	g20400.t1	66	No	No
g20401.t1	g20401.t1	217	No	No
g20402.t1	g20402.t1	250	No	No
g20403.t1	g20403.t1	184	No	No
g20404.t1	g20404.t1	83	No	No
g20405.t1	g20405.t1	83	No	No
g20406.t1	g20406.t1	112	No	No
g20407.t1	g20407.t1	340	No	No
g20408.t1	g20408.t1	25	Yes	No
g20409.t1	g20409.t1	398	No	No
g20410.t1	g20410.t1	112	No	No
g20411.t1	g20411.t1	178	No	No
g20412.t1	g20412.t1	110	No	No
g20413.t1	g20413.t1	727	No	No
g20414.t1	g20414.t1	67	No	No
g20415.t1	g20415.t1	30	Yes	No
g20416.t1	g20416.t1	578	No	No
g20417.t1	g20417.t1	70	No	No
g20418.t1	g20418.t1	196	No	No
g20419.t1	g20419.t1	405	No	No
g20420.t1	g20420.t1	139	No	No
g20421.t1	g20421.t1	117	No	No
g20422.t1	g20422.t1	40	Yes	No
g20423.t1	g20423.t1	103	No	No
g20424.t1	g20424.t1	78	No	No
g20425.t1	g20425.t1	119	No	No
g20426.t1	g20426.t1	489	No	No
g20427.t1	g20427.t1	107	No	No
g20428.t1	g20428.t1	133	No	No
g20429.t1	g20429.t1	790	No	No
g20430.t1	g20430.t1	418	No	No
g20431.t1	g20431.t1	144	No	No
g20432.t1	g20432.t1	398	Yes	No
g20433.t1	g20433.t1	73	No	No
g20434.t2	g20434.t2	265	No	No
g20435.t1	g20435.t1	174	No	No
g20436.t1	g20436.t1	297	No	No
g20437.t1	g20437.t1	338	No	No
g20438.t1	g20438.t1	483	No	No
g20439.t1	g20439.t1	433	No	No
g20440.t1	g20440.t1	163	No	No
g20441.t1	g20441.t1	48	No	No
g20442.t1	g20442.t1	390	No	No
g20443.t1	g20443.t1	75	No	No
g20444.t1	g20444.t1	368	No	No
g20445.t1	g20445.t1	205	No	No
g20446.t1	g20446.t1	416	No	No
g20447.t1	g20447.t1	373	No	No
g20448.t1	g20448.t1	151	No	No
g20449.t1	g20449.t1	108	No	No
g20450.t1	g20450.t1	1119	Yes	No
g20451.t1	g20451.t1	61	Yes	No
g20452.t1	g20452.t1	148	No	No
g20453.t1	g20453.t1	514	No	No
g20454.t1	g20454.t1	188	No	No
g20455.t1	g20455.t1	193	No	No
g20456.t2	g20456.t2	222	No	No
g20457.t1	g20457.t1	130	No	No
g20458.t1	g20458.t1	245	No	No
g20459.t1	g20459.t1	174	No	No
g20460.t1	g20460.t1	87	No	No
g20461.t1	g20461.t1	112	No	No
g20462.t1	g20462.t1	168	No	No
g20463.t1	g20463.t1	69	Yes	No
g20464.t1	g20464.t1	177	No	No
g20465.t1	g20465.t1	1030	No	No
g20466.t1	g20466.t1	381	No	No
g20467.t1	g20467.t1	213	No	No
g20468.t1	g20468.t1	414	No	No
g20469.t1	g20469.t1	332	No	No
g20470.t1	g20470.t1	82	No	No
g20471.t1	g20471.t1	34	No	No
g20472.t1	g20472.t1	68	No	No
g20473.t1	g20473.t1	46	No	No
g20474.t1	g20474.t1	202	No	No
g20475.t1	g20475.t1	545	No	No
g20476.t1	g20476.t1	569	No	No
g20477.t1	g20477.t1	92	No	No
g20478.t1	g20478.t1	262	No	No
g20479.t1	g20479.t1	366	No	No
g20480.t1	g20480.t1	418	No	No
g20481.t1	g20481.t1	459	No	No
g20482.t1	g20482.t1	391	No	No
g20483.t1	g20483.t1	380	No	No
g20484.t1	g20484.t1	988	Yes	No
g20485.t1	g20485.t1	363	Yes	No
g20486.t1	g20486.t1	670	No	No
g20487.t1	g20487.t1	105	Yes	No
g20488.t1	g20488.t1	66	No	No
g20489.t1	g20489.t1	127	Yes	No
g20490.t1	g20490.t1	952	Yes	No
g20491.t1	g20491.t1	132	No	No
g20492.t1	g20492.t1	936	No	No
g20493.t1	g20493.t1	373	No	No
g20494.t1	g20494.t1	204	No	No
g20495.t1	g20495.t1	307	No	No
g20496.t1	g20496.t1	137	No	No
g20497.t1	g20497.t1	348	No	No
g20498.t1	g20498.t1	105	No	No
g20499.t1	g20499.t1	1144	No	No
g20500.t1	g20500.t1	214	Yes	No
g20501.t1	g20501.t1	27	No	No
g20502.t1	g20502.t1	1042	No	No
g20503.t1	g20503.t1	525	No	No
g20504.t1	g20504.t1	176	No	No
g20505.t1	g20505.t1	531	No	No
g20506.t1	g20506.t1	156	No	No
g20507.t1	g20507.t1	272	No	No
g20508.t1	g20508.t1	213	No	No
g20509.t1	g20509.t1	528	No	No
g20510.t1	g20510.t1	568	No	No
g20511.t1	g20511.t1	1317	No	No
g20512.t1	g20512.t1	132	No	No
g20513.t1	g20513.t1	79	No	No
g20514.t1	g20514.t1	1334	No	No
g20515.t1	g20515.t1	99	Yes	No
g20516.t1	g20516.t1	211	No	No
g20517.t1	g20517.t1	99	No	No
g20518.t1	g20518.t1	128	No	No
g20519.t1	g20519.t1	103	No	No
g20520.t1	g20520.t1	72	No	No
g20521.t1	g20521.t1	236	Yes	No
g20522.t1	g20522.t1	108	No	No
g20523.t1	g20523.t1	240	No	No
g20524.t1	g20524.t1	260	No	No
g20525.t1	g20525.t1	153	No	No
g20526.t1	g20526.t1	189	No	No
g20527.t1	g20527.t1	457	No	No
g20528.t1	g20528.t1	88	No	No
g20529.t1	g20529.t1	76	No	No
g20530.t1	g20530.t1	315	No	No
g20531.t1	g20531.t1	95	No	No
g20532.t1	g20532.t1	351	No	No
g20533.t1	g20533.t1	119	No	No
g20534.t1	g20534.t1	82	No	No
g20535.t1	g20535.t1	90	No	No
g20536.t1	g20536.t1	93	No	No
g20537.t1	g20537.t1	72	No	No
g20538.t1	g20538.t1	45	Yes	No
g20539.t1	g20539.t1	104	No	No
g20540.t1	g20540.t1	318	No	No
g20541.t1	g20541.t1	458	No	No
g20542.t1	g20542.t1	727	No	No
g20543.t1	g20543.t1	268	No	No
g20544.t1	g20544.t1	97	No	No
g20545.t1	g20545.t1	443	No	No
g20546.t1	g20546.t1	282	No	No
g20547.t1	g20547.t1	148	No	No
g20548.t1	g20548.t1	874	No	No
g20549.t1	g20549.t1	421	No	No
g20550.t1	g20550.t1	142	No	No
g20551.t1	g20551.t1	105	No	No
g20552.t1	g20552.t1	1997	No	No
g20553.t2	g20553.t2	373	No	No
g20554.t1	g20554.t1	594	No	No
g20555.t1	g20555.t1	521	No	No
g20556.t1	g20556.t1	898	No	No
g20557.t1	g20557.t1	812	No	No
g20558.t1	g20558.t1	178	No	No
g20559.t1	g20559.t1	168	No	No
g20560.t1	g20560.t1	205	No	No
g20561.t1	g20561.t1	69	No	No
g20562.t1	g20562.t1	170	No	No
g20563.t1	g20563.t1	246	No	No
g20564.t1	g20564.t1	1869	No	No
g20565.t1	g20565.t1	140	No	No
g20566.t1	g20566.t1	116	No	No
g20567.t1	g20567.t1	185	No	No
g20568.t1	g20568.t1	563	No	No
g20569.t1	g20569.t1	152	No	No
g20570.t1	g20570.t1	882	No	No
g20571.t1	g20571.t1	431	No	No
g20572.t1	g20572.t1	350	No	No
g20573.t1	g20573.t1	304	Yes	No
g20574.t1	g20574.t1	474	No	No
g20575.t1	g20575.t1	205	Yes	No
g20576.t1	g20576.t1	162	No	No
g20577.t1	g20577.t1	250	No	No
g20578.t1	g20578.t1	72	No	No
g20579.t1	g20579.t1	121	No	No
g20580.t1	g20580.t1	329	No	No
g20581.t1	g20581.t1	94	No	No
g20582.t1	g20582.t1	3289	No	No
g20583.t1	g20583.t1	393	No	No
g20584.t1	g20584.t1	97	No	No
g20585.t1	g20585.t1	209	No	No
g20586.t1	g20586.t1	248	No	No
g20587.t1	g20587.t1	70	Yes	No
g20588.t1	g20588.t1	2097	No	No
g20589.t3	g20589.t3	964	No	No
g20590.t1	g20590.t1	430	No	No
g20591.t1	g20591.t1	271	No	No
g20592.t1	g20592.t1	130	No	No
g20593.t1	g20593.t1	168	No	No
g20594.t1	g20594.t1	142	No	No
g20595.t1	g20595.t1	1941	Yes	No
g20596.t1	g20596.t1	367	No	No
g20597.t1	g20597.t1	313	No	No
g20598.t1	g20598.t1	1106	No	No
g20599.t1	g20599.t1	605	No	No
g20600.t1	g20600.t1	83	No	No
g20601.t1	g20601.t1	73	No	No
g20602.t1	g20602.t1	96	No	No
g20603.t1	g20603.t1	97	No	No
g20604.t1	g20604.t1	202	No	No
g20605.t1	g20605.t1	80	No	No
g20606.t1	g20606.t1	374	No	No
g20607.t1	g20607.t1	436	No	No
g20608.t1	g20608.t1	509	No	No
g20609.t1	g20609.t1	874	No	No
g20610.t1	g20610.t1	896	Yes	No
g20611.t1	g20611.t1	615	No	No
g20612.t1	g20612.t1	132	No	No
g20613.t1	g20613.t1	47	Yes	No
g20614.t1	g20614.t1	119	No	No
g20615.t2	g20615.t2	514	No	No
g20616.t1	g20616.t1	87	No	No
g20617.t1	g20617.t1	94	No	No
g20618.t1	g20618.t1	324	No	No
g20619.t1	g20619.t1	87	No	No
g20620.t1	g20620.t1	124	No	No
g20621.t1	g20621.t1	240	No	No
g20622.t1	g20622.t1	193	No	No
g20623.t1	g20623.t1	73	No	No
g20624.t1	g20624.t1	577	No	No
g20625.t1	g20625.t1	78	No	No
g20626.t1	g20626.t1	1052	No	No
g20627.t1	g20627.t1	478	No	No
g20628.t1	g20628.t1	695	No	No
g20629.t1	g20629.t1	135	No	No
g20630.t1	g20630.t1	1349	No	No
g20631.t2	g20631.t2	921	No	No
g20632.t1	g20632.t1	120	No	No
g20633.t1	g20633.t1	360	No	No
g20634.t1	g20634.t1	78	No	No
g20635.t1	g20635.t1	617	No	No
g20636.t1	g20636.t1	436	No	No
g20637.t1	g20637.t1	322	No	No
g20638.t1	g20638.t1	322	No	No
g20639.t1	g20639.t1	94	No	No
g20640.t1	g20640.t1	136	No	No
g20641.t1	g20641.t1	123	Yes	No
g20642.t1	g20642.t1	94	No	No
g20643.t1	g20643.t1	353	No	No
g20644.t1	g20644.t1	276	No	No
g20645.t1	g20645.t1	168	No	No
g20646.t1	g20646.t1	127	No	No
g20647.t1	g20647.t1	400	No	No
g20648.t1	g20648.t1	80	No	No
g20649.t1	g20649.t1	70	No	No
g20650.t1	g20650.t1	352	No	No
g20651.t1	g20651.t1	96	No	No
g20652.t1	g20652.t1	97	No	No
g20653.t1	g20653.t1	125	No	No
g20654.t1	g20654.t1	97	No	No
g20655.t1	g20655.t1	126	No	No
g20656.t1	g20656.t1	96	No	No
g20657.t1	g20657.t1	97	No	No
g20658.t1	g20658.t1	297	No	No
g20659.t1	g20659.t1	113	No	No
g20660.t1	g20660.t1	389	Yes	No
g20661.t1	g20661.t1	518	No	No
g20662.t1	g20662.t1	427	No	No
g20663.t1	g20663.t1	423	No	No
g20664.t1	g20664.t1	540	No	No
g20665.t1	g20665.t1	237	No	No
g20666.t2	g20666.t2	384	No	No
g20667.t1	g20667.t1	241	No	No
g20668.t1	g20668.t1	527	No	No
g20669.t1	g20669.t1	746	No	No
g20670.t1	g20670.t1	603	No	No
g20671.t1	g20671.t1	1444	No	No
g20672.t1	g20672.t1	245	Yes	No
g20673.t1	g20673.t1	566	No	No
g20674.t1	g20674.t1	100	No	No
g20675.t1	g20675.t1	86	No	No
g20676.t1	g20676.t1	593	No	No
g20677.t1	g20677.t1	418	Yes	No
g20678.t1	g20678.t1	482	No	No
g20679.t1	g20679.t1	107	No	No
g20680.t1	g20680.t1	376	No	No
g20681.t1	g20681.t1	989	No	No
g20682.t1	g20682.t1	266	No	No
g20683.t1	g20683.t1	263	No	No
g20684.t1	g20684.t1	764	No	No
g20685.t1	g20685.t1	324	No	No
g20686.t1	g20686.t1	297	No	No
g20687.t1	g20687.t1	622	No	No
g20688.t1	g20688.t1	500	No	No
g20689.t2	g20689.t2	548	No	No
g20690.t1	g20690.t1	557	No	No
g20691.t1	g20691.t1	264	No	No
g20692.t1	g20692.t1	285	No	No
g20693.t1	g20693.t1	531	No	No
g20694.t1	g20694.t1	183	No	No
g20695.t1	g20695.t1	394	Yes	No
g20696.t1	g20696.t1	166	No	No
g20697.t1	g20697.t1	306	No	No
g20698.t1	g20698.t1	401	No	No
g20699.t1	g20699.t1	226	No	No
g20700.t1	g20700.t1	277	No	No
g20701.t1	g20701.t1	852	No	No
g20702.t1	g20702.t1	240	No	No
g20703.t1	g20703.t1	1678	No	No
g20704.t1	g20704.t1	411	No	No
g20705.t1	g20705.t1	241	No	No
g20706.t1	g20706.t1	237	No	No
g20707.t1	g20707.t1	374	No	No
g20708.t1	g20708.t1	216	No	No
g20709.t1	g20709.t1	4025	No	No
g20710.t1	g20710.t1	62	Yes	No
g20711.t1	g20711.t1	281	No	No
g20712.t1	g20712.t1	72	No	No
g20713.t1	g20713.t1	365	No	No
g20714.t1	g20714.t1	890	No	No
g20715.t1	g20715.t1	444	No	No
g20716.t1	g20716.t1	471	No	No
g20717.t1	g20717.t1	289	No	No
g20718.t1	g20718.t1	241	No	No
g20719.t1	g20719.t1	392	No	No
g20720.t1	g20720.t1	86	No	No
g20721.t1	g20721.t1	81	No	No
g20722.t1	g20722.t1	113	No	No
g20723.t1	g20723.t1	166	No	No
g20724.t1	g20724.t1	83	Yes	No
g20725.t1	g20725.t1	353	No	No
g20726.t1	g20726.t1	91	No	No
g20727.t1	g20727.t1	538	No	No
g20728.t1	g20728.t1	529	No	No
g20729.t2	g20729.t2	128	No	No
g20730.t1	g20730.t1	257	No	No
g20731.t1	g20731.t1	252	No	No
g20732.t1	g20732.t1	145	No	No
g20733.t1	g20733.t1	141	Yes	No
g20734.t1	g20734.t1	222	No	No
g20735.t1	g20735.t1	721	No	No
g20736.t1	g20736.t1	1106	No	No
g20737.t1	g20737.t1	256	No	No
g20738.t1	g20738.t1	301	No	No
g20739.t1	g20739.t1	392	No	No
g20740.t1	g20740.t1	188	No	No
g20741.t1	g20741.t1	608	No	No
g20742.t1	g20742.t1	212	No	No
g20743.t1	g20743.t1	214	No	No
g20744.t1	g20744.t1	87	No	No
g20745.t1	g20745.t1	612	No	No
g20746.t1	g20746.t1	1001	No	No
g20747.t1	g20747.t1	148	No	No
g20748.t1	g20748.t1	468	No	No
g20749.t1	g20749.t1	146	No	No
g20750.t1	g20750.t1	153	No	No
g20751.t1	g20751.t1	2040	No	No
g20752.t1	g20752.t1	560	No	No
g20753.t1	g20753.t1	95	No	No
g20754.t1	g20754.t1	47	No	No
g20755.t1	g20755.t1	573	No	No
g20756.t1	g20756.t1	220	No	No
g20757.t1	g20757.t1	218	No	No
g20758.t1	g20758.t1	294	No	No
g20759.t1	g20759.t1	198	No	No
g20760.t1	g20760.t1	86	Yes	No
g20761.t1	g20761.t1	128	No	No
g20762.t1	g20762.t1	185	Yes	No
g20763.t1	g20763.t1	807	No	No
g20764.t1	g20764.t1	272	No	No
g20765.t1	g20765.t1	859	No	No
g20766.t1	g20766.t1	91	No	No
g20767.t1	g20767.t1	482	No	No
g20768.t1	g20768.t1	191	No	No
g20769.t1	g20769.t1	1430	No	No
g20770.t2	g20770.t2	163	No	No
g20771.t1	g20771.t1	253	No	No
g20772.t1	g20772.t1	172	Yes	No
g20773.t1	g20773.t1	328	No	No
g20774.t1	g20774.t1	264	No	No
g20775.t1	g20775.t1	167	No	No
g20776.t1	g20776.t1	82	No	No
g20777.t1	g20777.t1	545	No	No
g20778.t1	g20778.t1	232	No	No
g20779.t1	g20779.t1	74	No	No
g20780.t1	g20780.t1	135	No	No
g20781.t1	g20781.t1	250	No	No
g20782.t1	g20782.t1	1304	No	No
g20783.t1	g20783.t1	609	No	No
g20784.t1	g20784.t1	136	No	No
g20785.t1	g20785.t1	102	No	No
g20786.t1	g20786.t1	64	No	No
g20787.t1	g20787.t1	154	No	No
g20788.t1	g20788.t1	1164	No	No
g20789.t1	g20789.t1	439	No	No
g20790.t1	g20790.t1	727	No	No
g20791.t1	g20791.t1	162	No	No
g20792.t1	g20792.t1	281	No	No
g20793.t1	g20793.t1	163	No	No
g20794.t1	g20794.t1	473	No	No
g20795.t1	g20795.t1	117	No	No
g20796.t1	g20796.t1	685	No	No
g20797.t1	g20797.t1	142	Yes	No
g20798.t2	g20798.t2	1380	No	No
g20799.t1	g20799.t1	511	No	No
g20800.t1	g20800.t1	170	No	No
g20801.t1	g20801.t1	83	No	No
g20802.t1	g20802.t1	766	No	No
g20803.t1	g20803.t1	149	No	No
g20804.t1	g20804.t1	258	No	No
g20805.t1	g20805.t1	258	No	No
g20806.t1	g20806.t1	528	No	No
g20807.t1	g20807.t1	423	No	No
g20808.t1	g20808.t1	324	No	No
g20809.t1	g20809.t1	323	No	No
g20810.t1	g20810.t1	291	No	No
g20811.t1	g20811.t1	357	No	No
g20812.t1	g20812.t1	81	No	No
g20813.t1	g20813.t1	1072	No	No
g20814.t1	g20814.t1	192	No	No
g20815.t1	g20815.t1	147	No	No
g20816.t1	g20816.t1	268	No	No
g20817.t1	g20817.t1	103	No	No
g20818.t1	g20818.t1	84	No	No
g20819.t1	g20819.t1	177	No	No
g20820.t1	g20820.t1	228	No	No
g20821.t1	g20821.t1	102	No	No
g20822.t1	g20822.t1	97	No	No
g20823.t1	g20823.t1	211	No	No
g20824.t1	g20824.t1	126	No	No
g20825.t2	g20825.t2	1520	No	No
g20826.t1	g20826.t1	448	Yes	No
g20827.t1	g20827.t1	574	No	No
g20828.t1	g20828.t1	499	No	No
g20829.t1	g20829.t1	541	No	No
g20830.t1	g20830.t1	419	No	No
g20831.t1	g20831.t1	454	No	No
g20832.t1	g20832.t1	569	No	No
g20833.t1	g20833.t1	174	No	No
g20834.t1	g20834.t1	148	No	No
g20835.t1	g20835.t1	156	No	No
g20836.t1	g20836.t1	142	No	No
g20837.t1	g20837.t1	76	No	No
g20838.t1	g20838.t1	293	No	No
g20839.t2	g20839.t2	231	No	No
g20840.t1	g20840.t1	391	No	No
g20841.t2	g20841.t2	733	No	No
g20842.t1	g20842.t1	456	No	No
g20843.t1	g20843.t1	68	No	No
g20844.t1	g20844.t1	484	No	No
g20845.t3	g20845.t3	1058	No	No
g20846.t1	g20846.t1	192	No	No
g20847.t1	g20847.t1	111	No	No
g20848.t1	g20848.t1	218	No	No
g20849.t1	g20849.t1	84	No	No
g20850.t1	g20850.t1	177	No	No
g20851.t1	g20851.t1	243	No	No
g20852.t1	g20852.t1	623	No	No
g20853.t1	g20853.t1	119	No	No
g20854.t1	g20854.t1	116	No	No
g20855.t1	g20855.t1	1778	No	No
g20856.t1	g20856.t1	37	Yes	No
g20857.t1	g20857.t1	590	No	No
g20858.t1	g20858.t1	232	No	No
g20859.t1	g20859.t1	551	Yes	No
g20860.t1	g20860.t1	520	No	No
g20861.t1	g20861.t1	170	No	No
g20862.t1	g20862.t1	374	No	No
g20863.t1	g20863.t1	95	No	No
g20864.t1	g20864.t1	109	No	No
g20865.t1	g20865.t1	164	No	No
g20866.t1	g20866.t1	125	No	No
g20867.t1	g20867.t1	248	No	No
g20868.t1	g20868.t1	123	No	No
g20869.t1	g20869.t1	295	No	No
g20870.t1	g20870.t1	474	No	No
g20871.t1	g20871.t1	81	No	No
g20872.t1	g20872.t1	240	No	No
g20873.t1	g20873.t1	85	No	No
g20874.t1	g20874.t1	168	No	No
g20875.t1	g20875.t1	305	No	No
g20876.t1	g20876.t1	114	No	No
g20877.t1	g20877.t1	121	Yes	No
g20878.t1	g20878.t1	160	No	No
g20879.t1	g20879.t1	135	No	No
g20880.t3	g20880.t3	750	No	No
g20881.t1	g20881.t1	72	No	No
g20882.t1	g20882.t1	84	No	No
g20883.t1	g20883.t1	358	No	No
g20884.t1	g20884.t1	291	No	No
g20885.t1	g20885.t1	97	No	No
g20886.t1	g20886.t1	876	Yes	No
g20887.t1	g20887.t1	191	No	No
g20888.t1	g20888.t1	706	No	No
g20889.t1	g20889.t1	133	No	No
g20890.t1	g20890.t1	239	No	No
g20891.t2	g20891.t2	171	No	No
g20892.t1	g20892.t1	76	No	No
g20893.t1	g20893.t1	259	No	No
g20894.t1	g20894.t1	99	No	No
g20895.t1	g20895.t1	106	No	No
g20896.t1	g20896.t1	65	No	No
g20897.t1	g20897.t1	564	No	No
g20898.t1	g20898.t1	558	Yes	No
g20899.t1	g20899.t1	1618	No	No
g20900.t1	g20900.t1	240	No	No
g20901.t1	g20901.t1	171	No	No
g20902.t1	g20902.t1	490	No	No
g20903.t1	g20903.t1	358	No	No
g20904.t1	g20904.t1	139	No	No
g20905.t1	g20905.t1	221	No	No
g20906.t1	g20906.t1	254	No	No
g20907.t1	g20907.t1	139	No	No
g20908.t1	g20908.t1	876	No	No
g20909.t1	g20909.t1	117	No	No
g20910.t1	g20910.t1	181	No	No
g20911.t1	g20911.t1	78	No	No
g20912.t1	g20912.t1	227	No	No
g20913.t1	g20913.t1	124	No	No
g20914.t1	g20914.t1	320	No	No
g20915.t1	g20915.t1	540	No	No
g20916.t1	g20916.t1	213	No	No
g20917.t1	g20917.t1	295	No	No
g20918.t1	g20918.t1	204	No	No
g20919.t1	g20919.t1	283	No	No
g20920.t1	g20920.t1	175	No	No
g20921.t1	g20921.t1	271	No	No
g20922.t1	g20922.t1	279	No	No
g20923.t1	g20923.t1	257	No	No
g20924.t1	g20924.t1	179	No	No
g20925.t1	g20925.t1	246	No	No
g20926.t1	g20926.t1	255	Yes	No
g20927.t1	g20927.t1	192	No	No
g20928.t1	g20928.t1	575	No	No
g20929.t1	g20929.t1	507	No	No
g20930.t1	g20930.t1	545	No	No
g20931.t1	g20931.t1	586	No	No
g20932.t1	g20932.t1	304	No	No
g20933.t1	g20933.t1	188	No	No
g20934.t1	g20934.t1	135	No	No
g20935.t1	g20935.t1	304	No	No
g20936.t1	g20936.t1	133	No	No
g20937.t1	g20937.t1	524	No	No
g20938.t1	g20938.t1	235	No	No
g20939.t1	g20939.t1	273	No	No
g20940.t1	g20940.t1	273	No	No
g20941.t1	g20941.t1	273	No	No
g20942.t1	g20942.t1	567	No	No
g20943.t1	g20943.t1	557	No	No
g20944.t1	g20944.t1	120	No	No
g20945.t1	g20945.t1	322	No	No
g20946.t1	g20946.t1	213	No	No
g20947.t1	g20947.t1	122	No	No
g20948.t1	g20948.t1	226	No	No
g20949.t1	g20949.t1	284	No	No
g20950.t1	g20950.t1	488	No	No
g20951.t1	g20951.t1	572	No	No
g20952.t1	g20952.t1	109	No	No
g20953.t1	g20953.t1	87	No	No
g20954.t1	g20954.t1	274	No	No
g20955.t1	g20955.t1	188	No	No
g20956.t1	g20956.t1	89	No	No
g20957.t1	g20957.t1	377	No	No
g20958.t1	g20958.t1	784	No	No
g20959.t1	g20959.t1	605	No	No
g20960.t1	g20960.t1	189	No	No
g20961.t1	g20961.t1	78	No	No
g20962.t1	g20962.t1	1525	Yes	No
g20963.t1	g20963.t1	89	No	No
g20964.t1	g20964.t1	150	No	No
g20965.t1	g20965.t1	313	No	No
g20966.t1	g20966.t1	76	Yes	No
g20967.t1	g20967.t1	132	No	No
g20968.t1	g20968.t1	917	No	No
g20969.t1	g20969.t1	113	No	No
g20970.t1	g20970.t1	242	No	No
g20971.t1	g20971.t1	244	No	No
g20972.t1	g20972.t1	149	Yes	No
g20973.t1	g20973.t1	102	No	No
g20974.t1	g20974.t1	104	No	No
g20975.t1	g20975.t1	679	No	No
g20976.t1	g20976.t1	598	No	No
g20977.t1	g20977.t1	401	No	No
g20978.t1	g20978.t1	193	No	No
g20979.t1	g20979.t1	364	No	No
g20980.t1	g20980.t1	99	No	No
g20981.t1	g20981.t1	1134	Yes	No
g20982.t1	g20982.t1	547	No	No
g20983.t1	g20983.t1	129	No	No
g20984.t1	g20984.t1	137	No	No
g20985.t1	g20985.t1	143	No	No
g20986.t1	g20986.t1	91	No	No
g20987.t1	g20987.t1	216	No	No
g20988.t1	g20988.t1	86	No	No
g20989.t1	g20989.t1	131	No	No
g20990.t1	g20990.t1	209	No	No
g20991.t1	g20991.t1	114	Yes	No
g20992.t1	g20992.t1	247	No	No
g20993.t1	g20993.t1	126	No	No
g20994.t1	g20994.t1	488	No	No
g20995.t1	g20995.t1	97	No	No
g20996.t1	g20996.t1	429	No	No
g20997.t1	g20997.t1	743	No	No
g20998.t1	g20998.t1	212	No	No
g20999.t1	g20999.t1	635	No	No
g21000.t2	g21000.t2	1191	No	No
g21001.t1	g21001.t1	84	No	No
g21002.t1	g21002.t1	97	No	No
g21003.t1	g21003.t1	418	Yes	No
g21004.t1	g21004.t1	249	No	No
g21005.t1	g21005.t1	1043	No	No
g21006.t1	g21006.t1	94	No	No
g21007.t1	g21007.t1	98	No	No
g21008.t1	g21008.t1	86	No	No
g21009.t1	g21009.t1	360	No	No
g21010.t1	g21010.t1	596	No	No
g21011.t1	g21011.t1	590	No	No
g21012.t1	g21012.t1	109	No	No
g21013.t1	g21013.t1	45	No	No
g21014.t1	g21014.t1	76	Yes	No
g21015.t1	g21015.t1	101	Yes	No
g21016.t1	g21016.t1	323	No	No
g21017.t1	g21017.t1	97	No	No
g21018.t1	g21018.t1	86	No	No
g21019.t1	g21019.t1	136	No	No
g21020.t1	g21020.t1	268	No	No
g21021.t1	g21021.t1	94	Yes	No
g21022.t1	g21022.t1	175	No	No
g21023.t1	g21023.t1	228	No	No
g21024.t1	g21024.t1	182	No	No
g21025.t1	g21025.t1	389	No	No
g21026.t1	g21026.t1	623	No	No
g21027.t1	g21027.t1	770	No	No
g21028.t1	g21028.t1	289	No	No
g21029.t1	g21029.t1	627	No	No
g21030.t1	g21030.t1	1008	No	No
g21031.t1	g21031.t1	453	No	No
g21032.t1	g21032.t1	646	No	No
g21033.t1	g21033.t1	184	No	No
g21034.t1	g21034.t1	1687	No	No
g21035.t1	g21035.t1	1303	No	No
g21036.t1	g21036.t1	652	No	No
g21037.t1	g21037.t1	754	No	No
g21038.t1	g21038.t1	412	No	No
g21039.t1	g21039.t1	164	No	No
g21040.t1	g21040.t1	125	No	No
g21041.t1	g21041.t1	1284	No	No
g21042.t1	g21042.t1	1084	No	No
g21043.t1	g21043.t1	496	No	No
g21044.t1	g21044.t1	444	No	No
g21045.t1	g21045.t1	633	No	No
g21046.t1	g21046.t1	1614	No	No
g21047.t1	g21047.t1	109	No	No
g21048.t1	g21048.t1	481	No	No
g21049.t1	g21049.t1	344	No	No
g21050.t1	g21050.t1	389	No	No
g21051.t1	g21051.t1	295	No	No
g21052.t1	g21052.t1	668	No	No
g21053.t1	g21053.t1	350	No	No
g21054.t1	g21054.t1	687	No	No
g21055.t1	g21055.t1	126	No	No
g21056.t1	g21056.t1	512	No	No
g21057.t1	g21057.t1	816	No	No
g21058.t1	g21058.t1	410	No	No
g21059.t1	g21059.t1	371	No	No
g21060.t1	g21060.t1	530	No	No
g21061.t1	g21061.t1	163	No	No
g21062.t1	g21062.t1	645	No	No
g21063.t1	g21063.t1	1566	No	No
g21064.t1	g21064.t1	143	No	No
g21065.t1	g21065.t1	364	No	No
g21066.t1	g21066.t1	1212	No	No
g21067.t1	g21067.t1	260	No	No
g21068.t1	g21068.t1	1580	No	No
g21069.t1	g21069.t1	1186	No	No
g21070.t1	g21070.t1	1431	No	No
g21071.t1	g21071.t1	1823	No	No
g21072.t1	g21072.t1	310	No	No
g21073.t1	g21073.t1	259	No	No
g21074.t1	g21074.t1	2015	No	No
g21075.t1	g21075.t1	349	No	No
g21076.t1	g21076.t1	352	No	No
g21077.t1	g21077.t1	306	No	No
g21078.t1	g21078.t1	543	No	No
g21079.t1	g21079.t1	317	No	No
g21080.t1	g21080.t1	385	No	No
g21081.t1	g21081.t1	543	No	No
g21082.t1	g21082.t1	262	No	No
g21083.t1	g21083.t1	456	No	No
g21084.t1	g21084.t1	291	No	No
g21085.t1	g21085.t1	293	No	No
g21086.t1	g21086.t1	324	No	No
g21087.t1	g21087.t1	658	No	No
g21088.t1	g21088.t1	1204	No	No
g21089.t1	g21089.t1	1079	No	No
g21090.t1	g21090.t1	1627	No	No
g21091.t1	g21091.t1	193	No	No
g21092.t1	g21092.t1	494	No	No
g21093.t1	g21093.t1	338	No	No
g21094.t1	g21094.t1	427	No	No
g21095.t1	g21095.t1	190	No	No
g21096.t1	g21096.t1	168	No	No
g21097.t1	g21097.t1	687	No	No
g21098.t1	g21098.t1	121	No	No
g21099.t1	g21099.t1	1565	No	No
g21100.t1	g21100.t1	376	No	No
g21101.t1	g21101.t1	748	No	No
g21102.t1	g21102.t1	277	No	No
g21103.t1	g21103.t1	720	No	No
g21104.t1	g21104.t1	2242	No	No
g21105.t1	g21105.t1	274	No	No
g21106.t1	g21106.t1	662	No	No
g21107.t1	g21107.t1	378	No	No
g21108.t1	g21108.t1	1478	No	No
g21109.t1	g21109.t1	262	No	No
g21110.t1	g21110.t1	1158	No	No
g21111.t1	g21111.t1	357	No	No
g21112.t1	g21112.t1	200	No	No
g21113.t1	g21113.t1	247	No	No
g21114.t1	g21114.t1	558	No	No
g21115.t1	g21115.t1	441	No	No
g21116.t1	g21116.t1	443	No	No
g21117.t1	g21117.t1	313	No	No
g21118.t1	g21118.t1	105	No	No
g21119.t1	g21119.t1	715	No	No
g21120.t1	g21120.t1	652	No	No
g21121.t1	g21121.t1	189	No	No
g21122.t1	g21122.t1	1929	No	No
g21123.t1	g21123.t1	630	No	No
g21124.t1	g21124.t1	429	No	No
g21125.t1	g21125.t1	1297	No	No
g21126.t1	g21126.t1	288	No	No
g21127.t1	g21127.t1	849	No	No
g21128.t1	g21128.t1	130	No	No
g21129.t1	g21129.t1	146	No	No
g21130.t1	g21130.t1	344	No	No
g21131.t1	g21131.t1	348	No	No
g21132.t1	g21132.t1	975	No	No
g21133.t1	g21133.t1	1255	No	No
g21134.t1	g21134.t1	269	No	No
g21135.t1	g21135.t1	264	No	No
g21136.t1	g21136.t1	652	No	No
g21137.t1	g21137.t1	185	No	No
g21138.t1	g21138.t1	1145	No	No
g21139.t1	g21139.t1	260	No	No
g21140.t1	g21140.t1	1128	No	No
g21141.t1	g21141.t1	753	No	No
g21142.t1	g21142.t1	2355	No	No
g21143.t1	g21143.t1	311	No	No
g21144.t1	g21144.t1	672	No	No
g21145.t1	g21145.t1	590	No	No
g21146.t1	g21146.t1	571	No	No
g21147.t1	g21147.t1	422	No	No
g21148.t1	g21148.t1	1007	No	No
g21149.t1	g21149.t1	181	No	No
g21150.t1	g21150.t1	397	No	No
g21151.t1	g21151.t1	2296	No	No
g21152.t1	g21152.t1	681	No	No
g21153.t1	g21153.t1	531	No	No
g21154.t1	g21154.t1	375	No	No
g21155.t1	g21155.t1	245	No	No
g21156.t1	g21156.t1	523	No	No
g21157.t1	g21157.t1	570	No	No
g21158.t1	g21158.t1	1091	No	No
g21159.t1	g21159.t1	1436	No	No
g21160.t1	g21160.t1	240	No	No
g21161.t1	g21161.t1	232	No	No
g21162.t1	g21162.t1	252	No	No
g21163.t1	g21163.t1	173	No	No
g21164.t1	g21164.t1	221	No	No
g21165.t1	g21165.t1	325	No	No
g21166.t1	g21166.t1	1648	No	No
g21167.t1	g21167.t1	837	No	No
g21168.t1	g21168.t1	327	No	No
g21169.t1	g21169.t1	157	No	No
g21170.t1	g21170.t1	657	No	No
g21171.t1	g21171.t1	305	No	No
g21172.t1	g21172.t1	802	No	No
g21173.t1	g21173.t1	413	No	No
g21174.t1	g21174.t1	599	No	No
g21175.t1	g21175.t1	607	No	No
g21176.t1	g21176.t1	569	No	No
g21177.t1	g21177.t1	465	No	No
g21178.t1	g21178.t1	1754	No	No
g21179.t1	g21179.t1	421	No	No
g21180.t1	g21180.t1	794	No	No
g21181.t1	g21181.t1	433	No	No
g21182.t1	g21182.t1	728	No	No
g21183.t1	g21183.t1	290	No	No
g21184.t1	g21184.t1	726	No	No
g21185.t1	g21185.t1	551	No	No
g21186.t1	g21186.t1	1200	No	No
g21187.t1	g21187.t1	1600	No	No
g21188.t1	g21188.t1	511	No	No
g21189.t1	g21189.t1	759	No	No
g21190.t1	g21190.t1	582	No	No
g21191.t1	g21191.t1	544	No	No
g21192.t1	g21192.t1	94	No	No
g21193.t1	g21193.t1	548	No	No
g21194.t1	g21194.t1	293	No	No
g21195.t1	g21195.t1	403	No	No
g21196.t1	g21196.t1	635	No	No
g21197.t1	g21197.t1	297	No	No
g21198.t1	g21198.t1	841	No	No
g21199.t1	g21199.t1	136	No	No
g21200.t1	g21200.t1	759	No	No
g21201.t1	g21201.t1	1008	No	No
g21202.t1	g21202.t1	2278	No	No
g21203.t1	g21203.t1	447	No	No
g21204.t1	g21204.t1	314	No	No
g21205.t1	g21205.t1	512	No	No
g21206.t1	g21206.t1	375	No	No
g21207.t1	g21207.t1	524	No	No
g21208.t1	g21208.t1	552	No	No
g21209.t1	g21209.t1	1837	No	No
g21210.t1	g21210.t1	305	No	No
g21211.t1	g21211.t1	221	No	No
g21212.t1	g21212.t1	704	No	No
g21213.t1	g21213.t1	2141	No	No
g21214.t1	g21214.t1	308	No	No
g21215.t1	g21215.t1	229	No	No
g21216.t1	g21216.t1	260	No	No
g21217.t1	g21217.t1	309	No	No
g21218.t1	g21218.t1	1563	No	No
g21219.t1	g21219.t1	431	No	No
g21220.t1	g21220.t1	80	No	No
g21221.t1	g21221.t1	30	Yes	No
g21222.t1	g21222.t1	100	No	No
g21223.t1	g21223.t1	232	No	No
g21224.t1	g21224.t1	654	No	No
g21225.t1	g21225.t1	170	No	No
g21226.t1	g21226.t1	197	No	No
g21227.t1	g21227.t1	153	No	No
g21228.t1	g21228.t1	808	No	No
g21229.t1	g21229.t1	315	No	No
g21230.t1	g21230.t1	76	No	No
g21231.t1	g21231.t1	64	No	No
g21232.t1	g21232.t1	446	No	No
g21233.t1	g21233.t1	135	No	No
g21234.t1	g21234.t1	181	No	No
g21235.t1	g21235.t1	118	No	No
g21236.t1	g21236.t1	72	No	No
g21237.t1	g21237.t1	1178	No	No
g21238.t1	g21238.t1	405	No	No
g21239.t1	g21239.t1	511	No	No
g21240.t1	g21240.t1	169	No	No
g21241.t1	g21241.t1	98	No	No
g21242.t1	g21242.t1	95	No	No
g21243.t1	g21243.t1	98	No	No
g21244.t1	g21244.t1	75	No	No
g21245.t1	g21245.t1	142	No	No
g21246.t1	g21246.t1	119	No	No
g21247.t1	g21247.t1	3287	No	No
g21248.t1	g21248.t1	203	No	No
g21249.t1	g21249.t1	87	No	No
g21250.t1	g21250.t1	1281	No	No
g21251.t1	g21251.t1	68	No	No
g21252.t1	g21252.t1	1342	No	No
g21253.t1	g21253.t1	977	No	No
g21254.t1	g21254.t1	146	No	No
g21255.t1	g21255.t1	160	No	No
g21256.t1	g21256.t1	68	No	No
g21257.t1	g21257.t1	200	No	No
g21258.t1	g21258.t1	429	No	No
g21259.t1	g21259.t1	140	No	No
g21260.t1	g21260.t1	519	No	No
g21261.t1	g21261.t1	507	No	No
g21262.t1	g21262.t1	213	No	No
g21263.t1	g21263.t1	261	No	No
g21264.t1	g21264.t1	576	No	No
g21265.t1	g21265.t1	242	No	No
g21266.t1	g21266.t1	588	No	No
g21267.t1	g21267.t1	380	No	No
g21268.t1	g21268.t1	594	No	No
g21269.t1	g21269.t1	85	Yes	No
g21270.t1	g21270.t1	733	No	No
g21271.t1	g21271.t1	187	No	No
g21272.t1	g21272.t1	1151	No	No
g21273.t1	g21273.t1	126	No	No
g21274.t2	g21274.t2	203	No	No
g21275.t1	g21275.t1	366	No	No
g21276.t1	g21276.t1	87	No	No
g21277.t1	g21277.t1	177	No	No
g21278.t1	g21278.t1	121	No	No
g21279.t1	g21279.t1	1293	Yes	No
g21280.t1	g21280.t1	83	No	No
g21281.t1	g21281.t1	325	No	No
g21282.t1	g21282.t1	521	No	No
g21283.t1	g21283.t1	155	Yes	No
g21284.t1	g21284.t1	124	No	No
g21285.t1	g21285.t1	269	No	No
g21286.t1	g21286.t1	134	Yes	No
g21287.t1	g21287.t1	109	Yes	No
g21288.t1	g21288.t1	170	No	No
g21289.t1	g21289.t1	234	No	No
g21290.t1	g21290.t1	439	No	No
g21291.t1	g21291.t1	1186	No	No
g21292.t1	g21292.t1	99	No	No
g21293.t1	g21293.t1	418	No	No
g21294.t1	g21294.t1	96	No	No
g21295.t1	g21295.t1	513	No	No
g21296.t1	g21296.t1	54	Yes	No
g21297.t1	g21297.t1	315	No	No
g21298.t1	g21298.t1	171	No	No
g21299.t1	g21299.t1	121	No	No
g21300.t1	g21300.t1	557	No	No
g21301.t1	g21301.t1	112	No	No
g21302.t1	g21302.t1	72	No	No
g21303.t1	g21303.t1	277	No	No
g21304.t1	g21304.t1	446	No	No
g21305.t1	g21305.t1	116	No	No
g21306.t1	g21306.t1	116	No	No
g21307.t1	g21307.t1	1273	No	No
g21308.t1	g21308.t1	2866	No	No
g21309.t1	g21309.t1	123	No	No
g21310.t1	g21310.t1	83	No	No
g21311.t1	g21311.t1	125	No	No
g21312.t1	g21312.t1	185	Yes	No
g21313.t1	g21313.t1	309	No	No
g21314.t1	g21314.t1	311	No	No
g21315.t1	g21315.t1	1358	No	No
g21316.t1	g21316.t1	70	No	No
g21317.t1	g21317.t1	193	No	No
g21318.t1	g21318.t1	168	No	No
g21319.t1	g21319.t1	383	No	No
g21320.t1	g21320.t1	183	Yes	No
g21321.t1	g21321.t1	276	No	No
g21322.t1	g21322.t1	1049	No	No
g21323.t1	g21323.t1	88	No	No
g21324.t1	g21324.t1	132	Yes	No
g21325.t1	g21325.t1	385	No	No
g21326.t1	g21326.t1	190	No	No
g21327.t1	g21327.t1	182	No	No
g21328.t1	g21328.t1	736	No	No
g21329.t1	g21329.t1	203	Yes	No
g21330.t1	g21330.t1	117	No	No
g21331.t1	g21331.t1	201	No	No
g21332.t1	g21332.t1	165	No	No
g21333.t1	g21333.t1	250	No	No
g21334.t1	g21334.t1	453	No	No
g21335.t1	g21335.t1	818	No	No
g21336.t1	g21336.t1	553	No	No
g21337.t1	g21337.t1	453	No	No
g21338.t1	g21338.t1	366	No	No
g21339.t1	g21339.t1	503	No	No
g21340.t1	g21340.t1	245	Yes	No
g21341.t1	g21341.t1	133	No	No
g21342.t1	g21342.t1	117	No	No
g21343.t1	g21343.t1	262	No	No
g21344.t2	g21344.t2	1770	No	No
g21345.t1	g21345.t1	170	No	No
g21346.t1	g21346.t1	352	No	No
g21347.t1	g21347.t1	292	No	No
g21348.t1	g21348.t1	339	No	No
g21349.t1	g21349.t1	256	No	No
g21350.t1	g21350.t1	347	Yes	No
g21351.t1	g21351.t1	558	No	No
g21352.t1	g21352.t1	250	No	No
g21353.t1	g21353.t1	352	No	No
g21354.t1	g21354.t1	185	No	No
g21355.t1	g21355.t1	1033	Yes	No
g21356.t1	g21356.t1	414	No	No
g21357.t1	g21357.t1	979	No	No
g21358.t1	g21358.t1	336	No	No
g21359.t1	g21359.t1	1931	No	No
g21360.t1	g21360.t1	148	No	No
g21361.t2	g21361.t2	779	No	No
g21362.t1	g21362.t1	291	No	No
g21363.t1	g21363.t1	751	No	No
g21364.t1	g21364.t1	87	No	No
g21365.t1	g21365.t1	408	No	No
g21366.t1	g21366.t1	67	No	No
g21367.t1	g21367.t1	4615	Yes	No
g21368.t1	g21368.t1	182	No	No
g21369.t1	g21369.t1	175	No	No
g21370.t1	g21370.t1	553	No	No
g21371.t1	g21371.t1	386	Yes	No
g21372.t1	g21372.t1	88	No	No
g21373.t1	g21373.t1	441	Yes	No
g21374.t1	g21374.t1	64	Yes	No
g21375.t1	g21375.t1	71	No	No
g21376.t1	g21376.t1	284	No	No
g21377.t1	g21377.t1	366	No	No
g21378.t1	g21378.t1	144	No	No
g21379.t1	g21379.t1	277	No	No
g21380.t1	g21380.t1	219	Yes	No
g21381.t1	g21381.t1	80	Yes	No
g21382.t1	g21382.t1	828	No	No
g21383.t1	g21383.t1	660	No	No
g21384.t1	g21384.t1	105	No	No
g21385.t1	g21385.t1	156	No	No
g21386.t1	g21386.t1	733	No	No
g21387.t1	g21387.t1	728	No	No
g21388.t1	g21388.t1	450	No	No
g21389.t1	g21389.t1	211	Yes	No
g21390.t1	g21390.t1	733	No	No
g21391.t1	g21391.t1	102	Yes	No
g21392.t1	g21392.t1	84	No	No
g21393.t2	g21393.t2	983	No	No
g21394.t1	g21394.t1	100	No	No
g21395.t1	g21395.t1	119	No	No
g21396.t1	g21396.t1	467	No	No
g21397.t1	g21397.t1	206	No	No
g21398.t1	g21398.t1	84	No	No
g21399.t1	g21399.t1	84	No	No
g21400.t1	g21400.t1	97	No	No
g21401.t1	g21401.t1	106	No	No
g21402.t1	g21402.t1	1118	No	No
g21403.t1	g21403.t1	92	No	No
g21404.t1	g21404.t1	160	No	No
g21405.t1	g21405.t1	94	No	No
g21406.t1	g21406.t1	65	No	No
g21407.t1	g21407.t1	86	No	No
g21408.t1	g21408.t1	311	No	No
g21409.t1	g21409.t1	98	No	No
g21410.t1	g21410.t1	152	No	No
g21411.t1	g21411.t1	92	No	No
g21412.t1	g21412.t1	344	No	No
g21413.t1	g21413.t1	114	No	No
g21414.t1	g21414.t1	121	No	No
g21415.t1	g21415.t1	1671	No	No
g21416.t1	g21416.t1	797	No	No
g21417.t1	g21417.t1	177	No	No
g21418.t1	g21418.t1	1694	Yes	No
g21419.t1	g21419.t1	203	No	No
g21420.t1	g21420.t1	132	No	No
g21421.t1	g21421.t1	230	No	No
g21422.t3	g21422.t3	1140	No	No
g21423.t1	g21423.t1	592	No	No
g21424.t1	g21424.t1	446	No	No
g21425.t1	g21425.t1	205	No	No
g21426.t1	g21426.t1	109	No	No
g21427.t1	g21427.t1	899	No	No
g21428.t1	g21428.t1	306	No	No
g21429.t1	g21429.t1	164	No	No
g21430.t2	g21430.t2	389	No	No
g21431.t1	g21431.t1	718	No	No
g21432.t1	g21432.t1	118	No	No
g21433.t1	g21433.t1	417	No	No
g21434.t1	g21434.t1	108	No	No
g21435.t1	g21435.t1	374	No	No
g21436.t2	g21436.t2	396	No	No
g21437.t1	g21437.t1	524	No	No
g21438.t1	g21438.t1	490	No	No
g21439.t1	g21439.t1	245	No	No
g21440.t1	g21440.t1	156	No	No
g21441.t1	g21441.t1	696	No	No
g21442.t1	g21442.t1	573	No	No
g21443.t1	g21443.t1	513	No	No
g21444.t1	g21444.t1	1060	No	No
g21445.t1	g21445.t1	90	No	No
g21446.t1	g21446.t1	649	No	No
g21447.t1	g21447.t1	489	No	No
g21448.t1	g21448.t1	344	No	No
g21449.t1	g21449.t1	918	No	No
g21450.t1	g21450.t1	171	No	No
g21451.t1	g21451.t1	463	No	No
g21452.t1	g21452.t1	212	No	No
g21453.t1	g21453.t1	118	No	No
g21454.t1	g21454.t1	288	No	No
g21455.t1	g21455.t1	367	No	No
g21456.t2	g21456.t2	771	No	No
g21457.t1	g21457.t1	420	No	No
g21458.t1	g21458.t1	138	No	No
g21459.t1	g21459.t1	748	No	No
g21460.t1	g21460.t1	72	No	No
g21461.t1	g21461.t1	65	Yes	No
g21462.t1	g21462.t1	1462	No	No
g21463.t1	g21463.t1	959	No	No
g21464.t1	g21464.t1	207	No	No
g21465.t1	g21465.t1	473	No	No
g21466.t1	g21466.t1	269	No	No
g21467.t1	g21467.t1	108	No	No
g21468.t1	g21468.t1	502	No	No
g21469.t1	g21469.t1	1094	No	No
g21470.t1	g21470.t1	68	No	No
g21471.t1	g21471.t1	66	No	No
g21472.t1	g21472.t1	165	No	No
g21473.t1	g21473.t1	1154	Yes	No
g21474.t1	g21474.t1	110	No	No
g21475.t1	g21475.t1	97	No	No
g21476.t1	g21476.t1	98	No	No
g21477.t1	g21477.t1	244	No	No
g21478.t1	g21478.t1	85	No	No
g21479.t1	g21479.t1	126	No	No
g21480.t1	g21480.t1	434	No	No
g21481.t1	g21481.t1	305	Yes	No
g21482.t1	g21482.t1	382	Yes	No
g21483.t1	g21483.t1	515	No	No
g21484.t1	g21484.t1	80	No	No
g21485.t1	g21485.t1	182	No	No
g21486.t1	g21486.t1	114	No	No
g21487.t1	g21487.t1	501	No	No
g21488.t1	g21488.t1	388	No	No
g21489.t1	g21489.t1	175	Yes	No
g21490.t1	g21490.t1	131	No	No
g21491.t1	g21491.t1	599	No	No
g21492.t1	g21492.t1	758	No	No
g21493.t1	g21493.t1	400	No	No
g21494.t1	g21494.t1	135	No	No
g21495.t1	g21495.t1	419	Yes	No
g21496.t1	g21496.t1	1194	No	No
g21497.t1	g21497.t1	179	No	No
g21498.t1	g21498.t1	864	No	No
g21499.t1	g21499.t1	269	No	No
g21500.t1	g21500.t1	181	No	No
g21501.t1	g21501.t1	96	No	No
g21502.t1	g21502.t1	152	No	No
g21503.t2	g21503.t2	1797	No	No
g21504.t1	g21504.t1	21	Yes	No
g21505.t1	g21505.t1	122	No	No
g21506.t1	g21506.t1	126	No	No
g21507.t1	g21507.t1	237	No	No
g21508.t1	g21508.t1	82	Yes	No
g21509.t1	g21509.t1	313	No	No
g21510.t1	g21510.t1	156	No	No
g21511.t1	g21511.t1	432	No	No
g21512.t1	g21512.t1	1089	No	No
g21513.t1	g21513.t1	392	No	No
g21514.t1	g21514.t1	526	No	No
g21515.t1	g21515.t1	593	No	No
g21516.t1	g21516.t1	528	No	No
g21517.t1	g21517.t1	2112	No	No
g21518.t1	g21518.t1	407	No	No
g21519.t1	g21519.t1	281	No	No
g21520.t1	g21520.t1	777	No	No
g21521.t1	g21521.t1	1168	No	No
g21522.t1	g21522.t1	148	No	No
g21523.t1	g21523.t1	627	No	No
g21524.t1	g21524.t1	1148	No	No
g21525.t1	g21525.t1	238	No	No
g21526.t1	g21526.t1	257	No	No
g21527.t1	g21527.t1	374	No	No
g21528.t1	g21528.t1	434	No	No
g21529.t1	g21529.t1	623	No	No
g21530.t1	g21530.t1	626	Yes	No
g21531.t1	g21531.t1	125	No	No
g21532.t1	g21532.t1	94	No	No
g21533.t1	g21533.t1	330	No	No
g21534.t1	g21534.t1	332	No	No
g21535.t2	g21535.t2	418	No	No
g21536.t1	g21536.t1	108	No	No
g21537.t1	g21537.t1	101	No	No
g21538.t1	g21538.t1	320	No	No
g21539.t1	g21539.t1	276	No	No
g21540.t1	g21540.t1	149	Yes	No
g21541.t1	g21541.t1	501	No	No
g21542.t1	g21542.t1	1341	Yes	No
g21543.t1	g21543.t1	938	Yes	No
g21544.t1	g21544.t1	303	No	No
g21545.t1	g21545.t1	449	No	No
g21546.t1	g21546.t1	426	No	No
g21547.t1	g21547.t1	153	No	No
g21548.t1	g21548.t1	630	No	No
g21549.t1	g21549.t1	624	No	No
g21550.t1	g21550.t1	249	No	No
g21551.t1	g21551.t1	69	No	No
g21552.t1	g21552.t1	226	No	No
g21553.t1	g21553.t1	188	No	No
g21554.t1	g21554.t1	193	No	No
g21555.t1	g21555.t1	331	No	No
g21556.t1	g21556.t1	411	No	No
g21557.t1	g21557.t1	175	No	No
g21558.t1	g21558.t1	661	No	No
g21559.t1	g21559.t1	49	No	No
g21560.t1	g21560.t1	477	No	No
g21561.t1	g21561.t1	456	No	No
g21562.t1	g21562.t1	950	No	No
g21563.t1	g21563.t1	394	No	No
g21564.t1	g21564.t1	306	No	No
g21565.t1	g21565.t1	248	No	No
g21566.t1	g21566.t1	1062	No	No
g21567.t1	g21567.t1	88	No	No
g21568.t1	g21568.t1	395	Yes	No
g21569.t1	g21569.t1	124	No	No
g21570.t1	g21570.t1	998	No	No
g21571.t1	g21571.t1	631	No	No
g21572.t1	g21572.t1	237	No	No
g21573.t1	g21573.t1	454	Yes	No
g21574.t1	g21574.t1	195	No	No
g21575.t1	g21575.t1	68	Yes	No
g21576.t1	g21576.t1	219	Yes	No
g21577.t1	g21577.t1	121	No	No
g21578.t1	g21578.t1	305	No	No
g21579.t1	g21579.t1	2358	No	No
g21580.t2	g21580.t2	2624	No	No
g21581.t1	g21581.t1	752	No	No
g21582.t2	g21582.t2	420	No	No
g21583.t1	g21583.t1	109	No	No
g21584.t1	g21584.t1	80	No	No
g21585.t1	g21585.t1	633	No	No
g21586.t1	g21586.t1	113	No	No
g21587.t1	g21587.t1	141	No	No
g21588.t1	g21588.t1	474	No	No
g21589.t1	g21589.t1	99	No	No
g21590.t1	g21590.t1	387	No	No
g21591.t1	g21591.t1	42	No	No
g21592.t1	g21592.t1	48	No	No
g21593.t1	g21593.t1	1599	No	No
g21594.t1	g21594.t1	381	No	No
g21595.t1	g21595.t1	140	No	No
g21596.t1	g21596.t1	110	No	No
g21597.t1	g21597.t1	80	No	No
g21598.t1	g21598.t1	192	No	No
g21599.t1	g21599.t1	541	No	No
g21600.t1	g21600.t1	340	No	No
g21601.t2	g21601.t2	786	No	No
g21602.t1	g21602.t1	360	No	No
g21603.t1	g21603.t1	211	No	No
g21604.t1	g21604.t1	93	No	No
g21605.t1	g21605.t1	557	No	No
g21606.t1	g21606.t1	96	No	No
g21607.t1	g21607.t1	159	No	No
g21608.t1	g21608.t1	128	No	No
g21609.t1	g21609.t1	85	No	No
g21610.t1	g21610.t1	112	No	No
g21611.t1	g21611.t1	142	No	No
g21612.t1	g21612.t1	966	No	No
g21613.t1	g21613.t1	101	No	No
g21614.t1	g21614.t1	498	Yes	No
g21615.t1	g21615.t1	104	No	No
g21616.t1	g21616.t1	67	No	No
g21617.t1	g21617.t1	228	No	No
g21618.t1	g21618.t1	227	No	No
g21619.t1	g21619.t1	73	No	No
g21620.t1	g21620.t1	583	No	No
g21621.t1	g21621.t1	105	No	No
g21622.t1	g21622.t1	70	No	No
g21623.t1	g21623.t1	130	No	No
g21624.t1	g21624.t1	210	Yes	No
g21625.t1	g21625.t1	336	No	No
g21626.t1	g21626.t1	400	No	No
g21627.t1	g21627.t1	120	Yes	No
g21628.t1	g21628.t1	993	No	No
g21629.t1	g21629.t1	517	No	No
g21630.t1	g21630.t1	517	No	No
g21631.t1	g21631.t1	202	No	No
g21632.t1	g21632.t1	76	No	No
g21633.t1	g21633.t1	608	No	No
g21634.t1	g21634.t1	160	No	No
g21635.t1	g21635.t1	94	No	No
g21636.t1	g21636.t1	546	No	No
g21637.t1	g21637.t1	523	No	No
g21638.t1	g21638.t1	379	No	No
g21639.t1	g21639.t1	123	No	No
g21640.t1	g21640.t1	45	Yes	No
g21641.t1	g21641.t1	60	Yes	No
g21642.t1	g21642.t1	1059	No	No
g21643.t1	g21643.t1	975	No	No
g21644.t1	g21644.t1	381	No	No
g21645.t1	g21645.t1	458	No	No
g21646.t1	g21646.t1	122	No	No
g21647.t1	g21647.t1	168	No	No
g21648.t1	g21648.t1	203	No	No
g21649.t2	g21649.t2	492	No	No
g21650.t1	g21650.t1	684	No	No
g21651.t1	g21651.t1	492	No	No
g21652.t1	g21652.t1	138	No	No
g21653.t1	g21653.t1	92	No	No
g21654.t1	g21654.t1	111	No	No
g21655.t1	g21655.t1	513	No	No
g21656.t1	g21656.t1	81	No	No
g21657.t1	g21657.t1	462	No	No
g21658.t1	g21658.t1	227	No	No
g21659.t1	g21659.t1	210	No	No
g21660.t1	g21660.t1	292	No	No
g21661.t1	g21661.t1	210	No	No
g21662.t1	g21662.t1	311	No	No
g21663.t1	g21663.t1	376	No	No
g21664.t1	g21664.t1	235	No	No
g21665.t2	g21665.t2	532	No	No
g21666.t1	g21666.t1	323	No	No
g21667.t1	g21667.t1	111	No	No
g21668.t1	g21668.t1	180	No	No
g21669.t1	g21669.t1	162	No	No
g21670.t1	g21670.t1	477	No	No
g21671.t1	g21671.t1	89	No	No
g21672.t1	g21672.t1	237	No	No
g21673.t1	g21673.t1	219	Yes	No
g21674.t1	g21674.t1	238	No	No
g21675.t1	g21675.t1	115	No	No
g21676.t1	g21676.t1	658	No	No
g21677.t1	g21677.t1	141	No	No
g21678.t1	g21678.t1	77	No	No
g21679.t1	g21679.t1	72	No	No
g21680.t1	g21680.t1	86	No	No
g21681.t1	g21681.t1	130	No	No
g21682.t5	g21682.t5	2803	No	No
g21683.t1	g21683.t1	322	No	No
g21684.t1	g21684.t1	185	No	No
g21685.t1	g21685.t1	1173	Yes	No
g21686.t1	g21686.t1	1144	No	No
g21687.t1	g21687.t1	401	No	No
g21688.t1	g21688.t1	372	No	No
g21689.t1	g21689.t1	196	No	No
g21690.t1	g21690.t1	151	No	No
g21691.t1	g21691.t1	82	Yes	No
g21692.t1	g21692.t1	383	No	No
g21693.t1	g21693.t1	86	No	No
g21694.t1	g21694.t1	248	No	No
g21695.t1	g21695.t1	1017	No	No
g21696.t1	g21696.t1	179	No	No
g21697.t1	g21697.t1	1163	No	No
g21698.t1	g21698.t1	82	No	No
g21699.t1	g21699.t1	127	No	No
g21700.t2	g21700.t2	654	No	No
g21701.t1	g21701.t1	367	No	No
g21702.t1	g21702.t1	432	No	No
g21703.t1	g21703.t1	263	No	No
g21704.t1	g21704.t1	224	No	No
g21705.t1	g21705.t1	352	No	No
g21706.t1	g21706.t1	183	Yes	No
g21707.t1	g21707.t1	145	No	No
g21708.t1	g21708.t1	93	Yes	No
g21709.t1	g21709.t1	244	No	No
g21710.t1	g21710.t1	540	No	No
g21711.t1	g21711.t1	599	No	No
g21712.t1	g21712.t1	100	Yes	No
g21713.t1	g21713.t1	511	No	No
g21714.t1	g21714.t1	461	No	No
g21715.t1	g21715.t1	311	No	No
g21716.t1	g21716.t1	314	No	No
g21717.t1	g21717.t1	199	No	No
g21718.t1	g21718.t1	374	No	No
g21719.t1	g21719.t1	121	No	No
g21720.t1	g21720.t1	901	Yes	No
g21721.t1	g21721.t1	168	No	No
g21722.t1	g21722.t1	175	No	No
g21723.t1	g21723.t1	107	No	No
g21724.t1	g21724.t1	133	No	No
g21725.t1	g21725.t1	100	No	No
g21726.t1	g21726.t1	116	Yes	No
g21727.t1	g21727.t1	124	No	No
g21728.t1	g21728.t1	296	Yes	No
g21729.t1	g21729.t1	345	No	No
g21730.t1	g21730.t1	421	No	No
g21731.t1	g21731.t1	94	No	No
g21732.t1	g21732.t1	138	No	No
g21733.t1	g21733.t1	96	No	No
g21734.t1	g21734.t1	720	No	No
g21735.t1	g21735.t1	117	No	No
g21736.t1	g21736.t1	175	No	No
g21737.t1	g21737.t1	370	No	No
g21738.t1	g21738.t1	650	No	No
g21739.t1	g21739.t1	732	No	No
g21740.t1	g21740.t1	1844	Yes	No
g21741.t1	g21741.t1	287	No	No
g21742.t1	g21742.t1	167	No	No
g21743.t1	g21743.t1	76	No	No
g21744.t1	g21744.t1	165	No	No
g21745.t1	g21745.t1	75	No	No
g21746.t1	g21746.t1	147	No	No
g21747.t1	g21747.t1	118	No	No
g21748.t1	g21748.t1	80	No	No
g21749.t2	g21749.t2	246	No	No
g21750.t1	g21750.t1	228	No	No
g21751.t1	g21751.t1	149	Yes	No
g21752.t1	g21752.t1	164	Yes	No
g21753.t1	g21753.t1	92	No	No
g21754.t1	g21754.t1	309	Yes	No
g21755.t2	g21755.t2	522	No	No
g21756.t1	g21756.t1	98	No	No
g21757.t1	g21757.t1	122	No	No
g21758.t1	g21758.t1	359	No	No
g21759.t1	g21759.t1	140	No	No
g21760.t1	g21760.t1	179	No	No
g21761.t1	g21761.t1	118	No	No
g21762.t1	g21762.t1	180	No	No
g21763.t1	g21763.t1	127	No	No
g21764.t1	g21764.t1	190	No	No
g21765.t1	g21765.t1	240	No	No
g21766.t1	g21766.t1	157	No	No
g21767.t1	g21767.t1	161	No	No
g21768.t1	g21768.t1	496	No	No
g21769.t1	g21769.t1	519	No	No
g21770.t1	g21770.t1	574	No	No
g21771.t1	g21771.t1	119	Yes	No
g21772.t1	g21772.t1	145	Yes	No
g21773.t1	g21773.t1	194	No	No
g21774.t1	g21774.t1	501	No	No
g21775.t1	g21775.t1	250	No	No
g21776.t1	g21776.t1	199	No	No
g21777.t1	g21777.t1	240	No	No
g21778.t1	g21778.t1	78	No	No
g21779.t1	g21779.t1	80	No	No
g21780.t1	g21780.t1	90	No	No
g21781.t1	g21781.t1	639	No	No
g21782.t1	g21782.t1	85	No	No
g21783.t2	g21783.t2	272	No	No
g21784.t1	g21784.t1	96	No	No
g21785.t1	g21785.t1	797	No	No
g21786.t4	g21786.t4	885	No	No
g21787.t1	g21787.t1	79	No	No
g21788.t1	g21788.t1	75	No	No
g21789.t1	g21789.t1	652	No	No
g21790.t1	g21790.t1	188	No	No
g21791.t1	g21791.t1	392	No	No
g21792.t1	g21792.t1	519	No	No
g21793.t1	g21793.t1	686	Yes	No
g21794.t1	g21794.t1	377	No	No
g21795.t1	g21795.t1	270	No	No
g21796.t1	g21796.t1	143	No	No
g21797.t1	g21797.t1	475	No	No
g21798.t1	g21798.t1	315	No	No
g21799.t1	g21799.t1	692	No	No
g21800.t1	g21800.t1	268	No	No
g21801.t1	g21801.t1	453	Yes	No
g21802.t1	g21802.t1	298	No	No
g21803.t1	g21803.t1	109	No	No
g21804.t1	g21804.t1	210	No	No
g21805.t1	g21805.t1	183	No	No
g21806.t1	g21806.t1	262	No	No
g21807.t1	g21807.t1	99	No	No
g21808.t1	g21808.t1	139	No	No
g21809.t1	g21809.t1	69	No	No
g21810.t1	g21810.t1	283	No	No
g21811.t1	g21811.t1	559	No	No
g21812.t1	g21812.t1	757	No	No
g21813.t1	g21813.t1	98	No	No
g21814.t2	g21814.t2	1408	No	No
g21815.t1	g21815.t1	114	No	No
g21816.t1	g21816.t1	141	No	No
g21817.t1	g21817.t1	91	No	No
g21818.t1	g21818.t1	98	No	No
g21819.t1	g21819.t1	116	No	No
g21820.t1	g21820.t1	76	No	No
g21821.t1	g21821.t1	99	No	No
g21822.t1	g21822.t1	105	No	No
g21823.t1	g21823.t1	95	No	No
g21824.t1	g21824.t1	527	No	No
g21825.t2	g21825.t2	526	No	No
g21826.t1	g21826.t1	78	No	No
g21827.t1	g21827.t1	121	No	No
g21828.t3	g21828.t3	433	No	No
g21829.t1	g21829.t1	68	Yes	No
g21830.t1	g21830.t1	227	No	No
g21831.t1	g21831.t1	262	No	No
g21832.t1	g21832.t1	151	No	No
g21833.t1	g21833.t1	118	No	No
g21834.t1	g21834.t1	614	No	No
g21835.t1	g21835.t1	212	No	No
g21836.t1	g21836.t1	517	No	No
g21837.t1	g21837.t1	217	Yes	No
g21838.t1	g21838.t1	167	No	No
g21839.t1	g21839.t1	74	No	No
g21840.t1	g21840.t1	307	No	No
g21841.t1	g21841.t1	380	No	No
g21842.t1	g21842.t1	61	Yes	No
g21843.t1	g21843.t1	199	No	No
g21844.t1	g21844.t1	564	No	No
g21845.t1	g21845.t1	86	No	No
g21846.t1	g21846.t1	848	Yes	No
g21847.t1	g21847.t1	164	No	No
g21848.t1	g21848.t1	537	No	No
g21849.t1	g21849.t1	553	No	No
g21850.t1	g21850.t1	754	Yes	No
g21851.t1	g21851.t1	225	No	No
g21852.t1	g21852.t1	167	No	No
g21853.t1	g21853.t1	944	No	No
g21854.t1	g21854.t1	394	No	No
g21855.t1	g21855.t1	397	No	No
g21856.t1	g21856.t1	329	No	No
g21857.t1	g21857.t1	125	No	No
g21858.t1	g21858.t1	985	No	No
g21859.t1	g21859.t1	757	No	No
g21860.t3	g21860.t3	432	No	No
g21861.t1	g21861.t1	171	No	No
g21862.t1	g21862.t1	69	No	No
g21863.t1	g21863.t1	78	No	No
g21864.t1	g21864.t1	243	No	No
g21865.t1	g21865.t1	88	No	No
g21866.t1	g21866.t1	416	No	No
g21867.t1	g21867.t1	104	No	No
g21868.t1	g21868.t1	73	No	No
g21869.t1	g21869.t1	864	Yes	No
g21870.t1	g21870.t1	1151	No	No
g21871.t1	g21871.t1	149	No	No
g21872.t1	g21872.t1	918	No	No
g21873.t1	g21873.t1	78	No	No
g21874.t2	g21874.t2	218	No	No
g21875.t1	g21875.t1	792	No	No
g21876.t1	g21876.t1	196	No	No
g21877.t1	g21877.t1	615	Yes	No
g21878.t1	g21878.t1	129	No	No
g21879.t1	g21879.t1	138	Yes	No
g21880.t1	g21880.t1	192	No	No
g21881.t1	g21881.t1	139	No	No
g21882.t1	g21882.t1	115	No	No
g21883.t1	g21883.t1	347	No	No
g21884.t1	g21884.t1	133	No	No
g21885.t1	g21885.t1	450	No	No
g21886.t1	g21886.t1	410	No	No
g21887.t1	g21887.t1	204	No	No
g21888.t1	g21888.t1	971	No	No
g21889.t1	g21889.t1	566	No	No
g21890.t1	g21890.t1	182	No	No
g21891.t1	g21891.t1	327	No	No
g21892.t1	g21892.t1	643	No	No
g21893.t1	g21893.t1	441	No	No
g21894.t1	g21894.t1	411	No	No
g21895.t1	g21895.t1	281	Yes	No
g21896.t1	g21896.t1	152	No	No
g21897.t1	g21897.t1	100	No	No
g21898.t1	g21898.t1	74	No	No
g21899.t1	g21899.t1	207	No	No
g21900.t1	g21900.t1	106	No	No
g21901.t1	g21901.t1	467	No	No
g21902.t1	g21902.t1	107	No	No
g21903.t1	g21903.t1	165	No	No
g21904.t1	g21904.t1	210	No	No
g21905.t1	g21905.t1	277	No	No
g21906.t1	g21906.t1	95	No	No
g21907.t1	g21907.t1	84	No	No
g21908.t1	g21908.t1	113	No	No
g21909.t1	g21909.t1	312	Yes	No
g21910.t1	g21910.t1	300	Yes	No
g21911.t1	g21911.t1	938	Yes	No
g21912.t1	g21912.t1	357	No	No
g21913.t1	g21913.t1	767	No	No
g21914.t1	g21914.t1	571	No	No
g21915.t1	g21915.t1	148	No	No
g21916.t1	g21916.t1	383	No	No
g21917.t1	g21917.t1	244	Yes	No
g21918.t1	g21918.t1	489	Yes	No
g21919.t1	g21919.t1	328	No	No
g21920.t1	g21920.t1	510	No	No
g21921.t1	g21921.t1	520	No	No
g21922.t1	g21922.t1	97	No	No
g21923.t1	g21923.t1	233	No	No
g21924.t1	g21924.t1	130	No	No
g21925.t1	g21925.t1	143	No	No
g21926.t1	g21926.t1	256	No	No
g21927.t1	g21927.t1	1077	No	No
g21928.t1	g21928.t1	969	No	No
g21929.t1	g21929.t1	638	No	No
g21930.t1	g21930.t1	1079	No	No
g21931.t1	g21931.t1	380	No	No
g21932.t1	g21932.t1	662	No	No
g21933.t1	g21933.t1	313	No	No
g21934.t1	g21934.t1	127	No	No
g21935.t1	g21935.t1	603	No	No
g21936.t1	g21936.t1	418	No	No
g21937.t1	g21937.t1	851	No	No
g21938.t1	g21938.t1	484	No	No
g21939.t1	g21939.t1	154	No	No
g21940.t1	g21940.t1	423	No	No
g21941.t1	g21941.t1	446	No	No
g21942.t1	g21942.t1	411	No	No
g21943.t1	g21943.t1	611	No	No
g21944.t1	g21944.t1	430	No	No
g21945.t1	g21945.t1	1301	No	No
g21946.t1	g21946.t1	592	No	No
g21947.t1	g21947.t1	172	No	No
g21948.t1	g21948.t1	132	No	No
g21949.t1	g21949.t1	128	No	No
g21950.t1	g21950.t1	420	No	No
g21951.t1	g21951.t1	1031	No	No
g21952.t1	g21952.t1	800	No	No
g21953.t1	g21953.t1	339	No	No
g21954.t1	g21954.t1	115	No	No
g21955.t1	g21955.t1	268	No	No
g21956.t1	g21956.t1	367	No	No
g21957.t1	g21957.t1	643	No	No
g21958.t1	g21958.t1	409	No	No
g21959.t1	g21959.t1	700	No	No
g21960.t1	g21960.t1	600	No	No
g21961.t1	g21961.t1	3755	No	No
g21962.t1	g21962.t1	430	No	No
g21963.t1	g21963.t1	482	No	No
g21964.t1	g21964.t1	1454	No	No
g21965.t1	g21965.t1	371	No	No
g21966.t1	g21966.t1	240	No	No
g21967.t1	g21967.t1	528	No	No
g21968.t1	g21968.t1	415	No	No
g21969.t1	g21969.t1	617	No	No
g21970.t1	g21970.t1	129	No	No
g21971.t1	g21971.t1	257	No	No
g21972.t1	g21972.t1	848	No	No
g21973.t1	g21973.t1	567	No	No
g21974.t1	g21974.t1	334	No	No
g21975.t1	g21975.t1	110	No	No
g21976.t1	g21976.t1	105	No	No
g21977.t1	g21977.t1	79	No	No
g21978.t1	g21978.t1	81	No	No
g21979.t1	g21979.t1	170	No	No
g21980.t2	g21980.t2	210	Yes	No
g21981.t1	g21981.t1	725	Yes	No
g21982.t1	g21982.t1	380	No	No
g21983.t1	g21983.t1	109	No	No
g21984.t1	g21984.t1	284	No	No
g21985.t1	g21985.t1	130	No	No
g21986.t1	g21986.t1	178	No	No
g21987.t1	g21987.t1	115	No	No
g21988.t1	g21988.t1	921	No	No
g21989.t1	g21989.t1	198	No	No
g21990.t1	g21990.t1	180	No	No
g21991.t1	g21991.t1	247	No	No
g21992.t1	g21992.t1	165	No	No
g21993.t1	g21993.t1	97	No	No
g21994.t1	g21994.t1	441	No	No
g21995.t1	g21995.t1	205	No	No
g21996.t1	g21996.t1	118	No	No
g21997.t1	g21997.t1	135	No	No
g21998.t1	g21998.t1	80	No	No
g21999.t1	g21999.t1	515	No	No
g22000.t1	g22000.t1	450	No	No
g22001.t1	g22001.t1	208	No	No
g22002.t1	g22002.t1	496	No	No
g22003.t1	g22003.t1	255	Yes	No
g22004.t1	g22004.t1	1432	Yes	No
g22005.t1	g22005.t1	517	No	No
g22006.t1	g22006.t1	364	No	No
g22007.t1	g22007.t1	520	No	No
g22008.t3	g22008.t3	1100	No	No
g22009.t1	g22009.t1	79	No	No
g22010.t1	g22010.t1	723	No	No
g22011.t1	g22011.t1	184	No	No
g22012.t1	g22012.t1	100	No	No
g22013.t1	g22013.t1	118	No	No
g22014.t1	g22014.t1	135	No	No
g22015.t1	g22015.t1	379	No	No
g22016.t1	g22016.t1	47	Yes	No
g22017.t1	g22017.t1	415	Yes	No
g22018.t1	g22018.t1	169	No	No
g22019.t1	g22019.t1	78	No	No
g22020.t1	g22020.t1	508	No	No
g22021.t1	g22021.t1	1248	No	No
g22022.t1	g22022.t1	743	No	No
g22023.t1	g22023.t1	305	Yes	No
g22024.t1	g22024.t1	122	No	No
g22025.t1	g22025.t1	69	No	No
g22026.t1	g22026.t1	181	No	No
g22027.t1	g22027.t1	78	No	No
g22028.t1	g22028.t1	121	No	No
g22029.t1	g22029.t1	790	Yes	No
g22030.t1	g22030.t1	76	No	No
g22031.t1	g22031.t1	125	No	No
g22032.t1	g22032.t1	274	No	No
g22033.t1	g22033.t1	432	No	No
g22034.t1	g22034.t1	128	Yes	No
g22035.t1	g22035.t1	118	No	No
g22036.t1	g22036.t1	130	No	No
g22037.t1	g22037.t1	80	No	No
g22038.t1	g22038.t1	904	No	No
g22039.t1	g22039.t1	716	No	No
g22040.t1	g22040.t1	207	No	No
g22041.t1	g22041.t1	140	No	No
g22042.t1	g22042.t1	461	Yes	No
g22043.t1	g22043.t1	160	Yes	No
g22044.t1	g22044.t1	86	No	No
g22045.t1	g22045.t1	93	No	No
g22046.t1	g22046.t1	216	No	No
g22047.t1	g22047.t1	211	No	No
g22048.t1	g22048.t1	109	No	No
g22049.t1	g22049.t1	68	No	No
g22050.t1	g22050.t1	94	No	No
g22051.t1	g22051.t1	159	No	No
g22052.t3	g22052.t3	95	No	No
g22053.t1	g22053.t1	151	No	No
g22054.t1	g22054.t1	882	No	No
g22055.t1	g22055.t1	720	No	No
g22056.t1	g22056.t1	270	No	No
g22057.t1	g22057.t1	183	No	No
g22058.t1	g22058.t1	990	No	No
g22059.t1	g22059.t1	311	No	No
g22060.t1	g22060.t1	289	No	No
g22061.t1	g22061.t1	255	No	No
g22062.t1	g22062.t1	232	No	No
g22063.t1	g22063.t1	259	No	No
g22064.t1	g22064.t1	179	No	No
g22065.t1	g22065.t1	195	No	No
g22066.t1	g22066.t1	137	No	No
g22067.t1	g22067.t1	256	No	No
g22068.t1	g22068.t1	848	No	No
g22069.t1	g22069.t1	66	No	No
g22070.t1	g22070.t1	214	No	No
g22071.t1	g22071.t1	217	No	No
g22072.t1	g22072.t1	215	No	No
g22073.t1	g22073.t1	205	No	No
g22074.t1	g22074.t1	1074	No	No
g22075.t1	g22075.t1	289	No	No
g22076.t1	g22076.t1	101	No	No
g22077.t1	g22077.t1	95	No	No
g22078.t1	g22078.t1	79	No	No
g22079.t1	g22079.t1	75	No	No
g22080.t1	g22080.t1	23	Yes	No
g22081.t1	g22081.t1	148	No	No
g22082.t1	g22082.t1	101	No	No
g22083.t1	g22083.t1	118	Yes	No
g22084.t1	g22084.t1	447	No	No
g22085.t1	g22085.t1	144	No	No
g22086.t1	g22086.t1	533	No	No
g22087.t1	g22087.t1	756	No	No
g22088.t1	g22088.t1	346	No	No
g22089.t1	g22089.t1	72	No	No
g22090.t1	g22090.t1	97	No	No
g22091.t1	g22091.t1	65	Yes	No
g22092.t1	g22092.t1	153	No	No
g22093.t1	g22093.t1	1542	No	No
g22094.t1	g22094.t1	335	No	No
g22095.t1	g22095.t1	366	No	No
g22096.t1	g22096.t1	229	No	No
g22097.t1	g22097.t1	302	No	No
g22098.t1	g22098.t1	649	No	No
g22099.t1	g22099.t1	631	No	No
g22100.t1	g22100.t1	398	No	No
g22101.t2	g22101.t2	201	No	No
g22102.t1	g22102.t1	309	No	No
g22103.t1	g22103.t1	79	No	No
g22104.t1	g22104.t1	245	No	No
g22105.t1	g22105.t1	208	No	No
g22106.t1	g22106.t1	234	No	No
g22107.t1	g22107.t1	540	No	No
g22108.t1	g22108.t1	307	No	No
g22109.t1	g22109.t1	70	No	No
g22110.t1	g22110.t1	144	No	No
g22111.t1	g22111.t1	518	No	No
g22112.t1	g22112.t1	113	No	No
g22113.t1	g22113.t1	84	No	No
g22114.t1	g22114.t1	82	No	No
g22115.t1	g22115.t1	740	No	No
g22116.t1	g22116.t1	317	No	No
g22117.t1	g22117.t1	15	No	No
g22118.t1	g22118.t1	76	Yes	No
g22119.t1	g22119.t1	309	No	No
g22120.t1	g22120.t1	109	No	No
g22121.t1	g22121.t1	52	Yes	No
g22122.t1	g22122.t1	769	No	No
g22123.t1	g22123.t1	500	No	No
g22124.t1	g22124.t1	120	No	No
g22125.t2	g22125.t2	366	Yes	No
g22126.t1	g22126.t1	269	Yes	No
g22127.t1	g22127.t1	265	No	No
g22128.t1	g22128.t1	346	No	No
g22129.t1	g22129.t1	2203	No	No
g22130.t1	g22130.t1	396	No	No
g22131.t1	g22131.t1	456	No	No
g22132.t1	g22132.t1	286	No	No
g22133.t1	g22133.t1	123	No	No
g22134.t1	g22134.t1	368	No	No
g22135.t1	g22135.t1	122	No	No
g22136.t1	g22136.t1	277	No	No
g22137.t1	g22137.t1	246	No	No
g22138.t1	g22138.t1	606	No	No
g22139.t1	g22139.t1	267	No	No
g22140.t1	g22140.t1	739	No	No
g22141.t1	g22141.t1	334	No	No
g22142.t1	g22142.t1	126	No	No
g22143.t1	g22143.t1	601	No	No
g22144.t1	g22144.t1	129	No	No
g22145.t1	g22145.t1	552	No	No
g22146.t1	g22146.t1	597	No	No
g22147.t1	g22147.t1	537	No	No
g22148.t1	g22148.t1	91	No	No
g22149.t1	g22149.t1	523	No	No
g22150.t1	g22150.t1	224	Yes	No
g22151.t1	g22151.t1	1362	No	No
g22152.t1	g22152.t1	531	No	No
g22153.t1	g22153.t1	339	No	No
g22154.t1	g22154.t1	339	No	No
g22155.t1	g22155.t1	174	No	No
g22156.t1	g22156.t1	171	No	No
g22157.t1	g22157.t1	723	No	No
g22158.t1	g22158.t1	81	No	No
g22159.t1	g22159.t1	587	No	No
g22160.t1	g22160.t1	543	No	No
g22161.t1	g22161.t1	328	No	No
g22162.t1	g22162.t1	148	No	No
g22163.t1	g22163.t1	89	No	No
g22164.t1	g22164.t1	890	No	No
g22165.t1	g22165.t1	327	No	No
g22166.t1	g22166.t1	642	No	No
g22167.t1	g22167.t1	156	No	No
g22168.t1	g22168.t1	274	No	No
g22169.t1	g22169.t1	74	No	No
g22170.t1	g22170.t1	170	No	No
g22171.t1	g22171.t1	162	No	No
g22172.t1	g22172.t1	96	No	No
g22173.t1	g22173.t1	355	No	No
g22174.t1	g22174.t1	1043	No	No
g22175.t1	g22175.t1	193	No	No
g22176.t1	g22176.t1	1245	No	No
g22177.t1	g22177.t1	76	No	No
g22178.t1	g22178.t1	115	No	No
g22179.t1	g22179.t1	183	No	No
g22180.t1	g22180.t1	146	No	No
g22181.t1	g22181.t1	90	No	No
g22182.t1	g22182.t1	706	No	No
g22183.t1	g22183.t1	542	No	No
g22184.t1	g22184.t1	835	No	No
g22185.t1	g22185.t1	217	No	No
g22186.t1	g22186.t1	136	No	No
g22187.t1	g22187.t1	76	No	No
g22188.t1	g22188.t1	1269	Yes	No
g22189.t1	g22189.t1	766	No	No
g22190.t1	g22190.t1	70	Yes	No
g22191.t1	g22191.t1	512	No	No
g22192.t1	g22192.t1	73	No	No
g22193.t1	g22193.t1	310	No	No
g22194.t1	g22194.t1	122	No	No
g22195.t1	g22195.t1	310	No	No
g22196.t1	g22196.t1	123	No	No
g22197.t1	g22197.t1	312	No	No
g22198.t1	g22198.t1	312	No	No
g22199.t1	g22199.t1	326	No	No
g22200.t1	g22200.t1	234	No	No
g22201.t1	g22201.t1	215	No	No
g22202.t1	g22202.t1	113	No	No
g22203.t1	g22203.t1	107	No	No
g22204.t1	g22204.t1	81	No	No
g22205.t1	g22205.t1	208	No	No
g22206.t1	g22206.t1	771	No	No
g22207.t1	g22207.t1	228	No	No
g22208.t1	g22208.t1	162	No	No
g22209.t1	g22209.t1	486	No	No
g22210.t2	g22210.t2	694	Yes	No
g22211.t1	g22211.t1	152	Yes	No
g22212.t1	g22212.t1	119	Yes	No
g22213.t1	g22213.t1	48	Yes	No
g22214.t1	g22214.t1	177	No	No
g22215.t1	g22215.t1	151	No	No
g22216.t1	g22216.t1	156	No	No
g22217.t1	g22217.t1	915	No	No
g22218.t1	g22218.t1	387	No	No
g22219.t1	g22219.t1	79	No	No
g22220.t1	g22220.t1	1316	No	No
g22221.t1	g22221.t1	110	No	No
g22222.t1	g22222.t1	527	No	No
g22223.t1	g22223.t1	132	No	No
g22224.t1	g22224.t1	204	No	No
g22225.t1	g22225.t1	127	No	No
g22226.t1	g22226.t1	498	No	No
g22227.t1	g22227.t1	158	No	No
g22228.t1	g22228.t1	1221	No	No
g22229.t1	g22229.t1	155	No	No
g22230.t3	g22230.t3	1455	No	No
g22231.t1	g22231.t1	285	No	No
g22232.t1	g22232.t1	125	No	No
g22233.t1	g22233.t1	96	No	No
g22234.t1	g22234.t1	72	No	No
g22235.t1	g22235.t1	389	Yes	No
g22236.t1	g22236.t1	149	No	No
g22237.t1	g22237.t1	194	No	No
g22238.t1	g22238.t1	374	No	No
g22239.t2	g22239.t2	671	No	No
g22240.t1	g22240.t1	1206	No	No
g22241.t1	g22241.t1	326	No	No
g22242.t1	g22242.t1	1239	No	No
g22243.t1	g22243.t1	411	No	No
g22244.t1	g22244.t1	64	No	No
g22245.t1	g22245.t1	87	No	No
g22246.t1	g22246.t1	78	No	No
g22247.t1	g22247.t1	133	No	No
g22248.t1	g22248.t1	434	No	No
g22249.t1	g22249.t1	269	No	No
g22250.t1	g22250.t1	84	No	No
g22251.t1	g22251.t1	327	No	No
g22252.t1	g22252.t1	417	No	No
g22253.t1	g22253.t1	145	No	No
g22254.t1	g22254.t1	715	No	No
g22255.t1	g22255.t1	709	No	No
g22256.t2	g22256.t2	472	No	No
g22257.t1	g22257.t1	82	No	No
g22258.t2	g22258.t2	158	No	No
g22259.t1	g22259.t1	288	No	No
g22260.t1	g22260.t1	67	No	No
g22261.t2	g22261.t2	235	No	No
g22262.t1	g22262.t1	721	No	No
g22263.t1	g22263.t1	1723	No	No
g22264.t1	g22264.t1	512	Yes	No
g22265.t1	g22265.t1	740	No	No
g22266.t1	g22266.t1	154	No	No
g22267.t1	g22267.t1	117	No	No
g22268.t1	g22268.t1	390	No	No
g22269.t1	g22269.t1	531	No	No
g22270.t1	g22270.t1	329	No	No
g22271.t1	g22271.t1	387	No	No
g22272.t1	g22272.t1	154	Yes	No
g22273.t1	g22273.t1	106	No	No
g22274.t1	g22274.t1	202	No	No
g22275.t1	g22275.t1	171	No	No
g22276.t1	g22276.t1	1445	No	No
g22277.t1	g22277.t1	307	No	No
g22278.t1	g22278.t1	81	No	No
g22279.t1	g22279.t1	313	Yes	No
g22280.t1	g22280.t1	186	No	No
g22281.t1	g22281.t1	140	No	No
g22282.t1	g22282.t1	128	No	No
g22283.t1	g22283.t1	702	No	No
g22284.t1	g22284.t1	1022	No	No
g22285.t1	g22285.t1	109	No	No
g22286.t1	g22286.t1	126	No	No
g22287.t1	g22287.t1	287	No	No
g22288.t1	g22288.t1	142	Yes	No
g22289.t1	g22289.t1	192	No	No
g22290.t1	g22290.t1	276	No	No
g22291.t1	g22291.t1	177	No	No
g22292.t1	g22292.t1	446	No	No
g22293.t1	g22293.t1	81	No	No
g22294.t1	g22294.t1	242	No	No
g22295.t1	g22295.t1	84	No	No
g22296.t1	g22296.t1	188	No	No
g22297.t1	g22297.t1	232	No	No
g22298.t1	g22298.t1	109	No	No
g22299.t1	g22299.t1	1885	No	No
g22300.t1	g22300.t1	97	No	No
g22301.t1	g22301.t1	115	No	No
g22302.t2	g22302.t2	143	No	No
g22303.t1	g22303.t1	355	No	No
g22304.t1	g22304.t1	228	No	No
g22305.t1	g22305.t1	430	No	No
g22306.t1	g22306.t1	220	No	No
g22307.t1	g22307.t1	85	No	No
g22308.t1	g22308.t1	102	Yes	No
g22309.t1	g22309.t1	368	No	No
g22310.t1	g22310.t1	206	No	No
g22311.t2	g22311.t2	1828	No	No
g22312.t1	g22312.t1	495	No	No
g22313.t1	g22313.t1	94	No	No
g22314.t1	g22314.t1	88	No	No
g22315.t1	g22315.t1	106	No	No
g22316.t1	g22316.t1	150	No	No
g22317.t1	g22317.t1	1648	Yes	No
g22318.t1	g22318.t1	178	No	No
g22319.t1	g22319.t1	119	No	No
g22320.t1	g22320.t1	326	No	No
g22321.t1	g22321.t1	698	No	No
g22322.t1	g22322.t1	361	No	No
g22323.t1	g22323.t1	316	No	No
g22324.t1	g22324.t1	335	No	No
g22325.t1	g22325.t1	84	No	No
g22326.t1	g22326.t1	153	No	No
g22327.t1	g22327.t1	157	No	No
g22328.t1	g22328.t1	121	No	No
g22329.t1	g22329.t1	487	No	No
g22330.t1	g22330.t1	289	No	No
g22331.t1	g22331.t1	529	No	No
g22332.t1	g22332.t1	135	Yes	No
g22333.t1	g22333.t1	87	No	No
g22334.t1	g22334.t1	247	No	No
g22335.t1	g22335.t1	628	No	No
g22336.t1	g22336.t1	227	No	No
g22337.t1	g22337.t1	1378	No	No
g22338.t1	g22338.t1	421	No	No
g22339.t1	g22339.t1	138	No	No
g22340.t1	g22340.t1	82	No	No
g22341.t1	g22341.t1	789	No	No
g22342.t1	g22342.t1	615	No	No
g22343.t1	g22343.t1	560	No	No
g22344.t1	g22344.t1	939	No	No
g22345.t1	g22345.t1	89	No	No
g22346.t1	g22346.t1	120	No	No
g22347.t1	g22347.t1	463	No	No
g22348.t1	g22348.t1	96	No	No
g22349.t1	g22349.t1	477	No	No
g22350.t1	g22350.t1	394	No	No
g22351.t1	g22351.t1	117	No	No
g22352.t1	g22352.t1	97	No	No
g22353.t1	g22353.t1	1434	No	No
g22354.t1	g22354.t1	483	No	No
g22355.t1	g22355.t1	829	No	No
g22356.t1	g22356.t1	304	No	No
g22357.t1	g22357.t1	836	No	No
g22358.t1	g22358.t1	77	No	No
g22359.t1	g22359.t1	92	No	No
g22360.t1	g22360.t1	307	No	No
g22361.t1	g22361.t1	604	No	No
g22362.t1	g22362.t1	67	No	No
g22363.t1	g22363.t1	781	No	No
g22364.t1	g22364.t1	84	Yes	No
g22365.t1	g22365.t1	589	No	No
g22366.t1	g22366.t1	111	No	No
g22367.t1	g22367.t1	490	No	No
g22368.t1	g22368.t1	210	No	No
g22369.t1	g22369.t1	1363	No	No
g22370.t1	g22370.t1	731	No	No
g22371.t1	g22371.t1	187	No	No
g22372.t1	g22372.t1	214	No	No
g22373.t1	g22373.t1	746	No	No
g22374.t1	g22374.t1	357	No	No
g22375.t3	g22375.t3	1688	No	No
g22376.t1	g22376.t1	321	No	No
g22377.t1	g22377.t1	130	No	No
g22378.t1	g22378.t1	111	No	No
g22379.t1	g22379.t1	347	No	No
g22380.t1	g22380.t1	731	No	No
g22381.t1	g22381.t1	443	No	No
g22382.t1	g22382.t1	364	No	No
g22383.t1	g22383.t1	71	No	No
g22384.t1	g22384.t1	277	No	No
g22385.t1	g22385.t1	226	No	No
g22386.t1	g22386.t1	116	Yes	No
g22387.t1	g22387.t1	67	No	No
g22388.t1	g22388.t1	173	No	No
g22389.t1	g22389.t1	96	No	No
g22390.t1	g22390.t1	133	No	No
g22391.t1	g22391.t1	661	No	No
g22392.t1	g22392.t1	155	No	No
g22393.t1	g22393.t1	78	No	No
g22394.t1	g22394.t1	193	No	No
g22395.t1	g22395.t1	173	No	No
g22396.t1	g22396.t1	179	No	No
g22397.t1	g22397.t1	122	No	No
g22398.t1	g22398.t1	69	No	No
g22399.t1	g22399.t1	70	No	No
g22400.t1	g22400.t1	147	No	No
g22401.t1	g22401.t1	80	No	No
g22402.t1	g22402.t1	130	No	No
g22403.t1	g22403.t1	120	No	No
g22404.t1	g22404.t1	342	No	No
g22405.t1	g22405.t1	115	No	No
g22406.t1	g22406.t1	504	No	No
g22407.t1	g22407.t1	166	No	No
g22408.t1	g22408.t1	184	No	No
g22409.t1	g22409.t1	69	No	No
g22410.t1	g22410.t1	182	No	No
g22411.t1	g22411.t1	276	No	No
g22412.t1	g22412.t1	655	No	No
g22413.t1	g22413.t1	179	No	No
g22414.t1	g22414.t1	73	No	No
g22415.t1	g22415.t1	142	Yes	No
g22416.t1	g22416.t1	69	No	No
g22417.t1	g22417.t1	701	No	No
g22418.t1	g22418.t1	111	No	No
g22419.t2	g22419.t2	494	No	No
g22420.t1	g22420.t1	238	No	No
g22421.t1	g22421.t1	218	No	No
g22422.t1	g22422.t1	172	No	No
g22423.t1	g22423.t1	152	No	No
g22424.t2	g22424.t2	1721	No	No
g22425.t1	g22425.t1	333	No	No
g22426.t1	g22426.t1	100	No	No
g22427.t1	g22427.t1	316	No	No
g22428.t1	g22428.t1	466	No	No
g22429.t1	g22429.t1	492	No	No
g22430.t1	g22430.t1	227	No	No
g22431.t1	g22431.t1	90	No	No
g22432.t1	g22432.t1	98	No	No
g22433.t1	g22433.t1	1031	No	No
g22434.t1	g22434.t1	122	No	No
g22435.t1	g22435.t1	254	No	No
g22436.t1	g22436.t1	87	No	No
g22437.t1	g22437.t1	222	No	No
g22438.t1	g22438.t1	445	No	No
g22439.t1	g22439.t1	1347	No	No
g22440.t1	g22440.t1	491	No	No
g22441.t1	g22441.t1	674	No	No
g22442.t1	g22442.t1	598	No	No
g22443.t1	g22443.t1	322	Yes	No
g22444.t1	g22444.t1	134	No	No
g22445.t1	g22445.t1	219	No	No
g22446.t1	g22446.t1	74	No	No
g22447.t1	g22447.t1	690	No	No
g22448.t1	g22448.t1	109	No	No
g22449.t1	g22449.t1	173	No	No
g22450.t1	g22450.t1	394	No	No
g22451.t1	g22451.t1	589	Yes	No
g22452.t1	g22452.t1	171	Yes	No
g22453.t1	g22453.t1	795	No	No
g22454.t1	g22454.t1	208	No	No
g22455.t1	g22455.t1	219	No	No
g22456.t1	g22456.t1	131	No	No
g22457.t1	g22457.t1	194	No	No
g22458.t1	g22458.t1	378	No	No
g22459.t1	g22459.t1	451	No	No
g22460.t1	g22460.t1	95	No	No
g22461.t1	g22461.t1	98	No	No
g22462.t1	g22462.t1	67	No	No
g22463.t1	g22463.t1	155	No	No
g22464.t1	g22464.t1	132	No	No
g22465.t1	g22465.t1	259	Yes	No
g22466.t1	g22466.t1	469	No	No
g22467.t1	g22467.t1	79	No	No
g22468.t1	g22468.t1	206	No	No
g22469.t1	g22469.t1	1013	No	No
g22470.t1	g22470.t1	1244	No	No
g22471.t1	g22471.t1	2370	No	No
g22472.t1	g22472.t1	227	No	No
g22473.t1	g22473.t1	299	No	No
g22474.t1	g22474.t1	719	Yes	No
g22475.t1	g22475.t1	539	No	No
g22476.t1	g22476.t1	84	No	No
g22477.t1	g22477.t1	113	No	No
g22478.t1	g22478.t1	70	No	No
g22479.t1	g22479.t1	504	No	No
g22480.t1	g22480.t1	328	No	No
g22481.t1	g22481.t1	252	Yes	No
g22482.t1	g22482.t1	217	No	No
g22483.t1	g22483.t1	96	No	No
g22484.t1	g22484.t1	177	No	No
g22485.t1	g22485.t1	74	No	No
g22486.t1	g22486.t1	117	No	No
g22487.t1	g22487.t1	93	No	No
g22488.t1	g22488.t1	149	No	No
g22489.t1	g22489.t1	206	No	No
g22490.t1	g22490.t1	536	No	No
g22491.t1	g22491.t1	1525	Yes	No
g22492.t1	g22492.t1	271	No	No
g22493.t1	g22493.t1	266	No	No
g22494.t1	g22494.t1	343	Yes	No
g22495.t1	g22495.t1	462	No	No
g22496.t1	g22496.t1	408	No	No
g22497.t1	g22497.t1	1000	No	No
g22498.t1	g22498.t1	543	No	No
g22499.t1	g22499.t1	1057	No	No
g22500.t1	g22500.t1	4315	No	No
g22501.t1	g22501.t1	665	No	No
g22502.t1	g22502.t1	812	Yes	No
g22503.t1	g22503.t1	94	No	No
g22504.t1	g22504.t1	40	Yes	No
g22505.t1	g22505.t1	99	No	No
g22506.t1	g22506.t1	1476	No	No
g22507.t1	g22507.t1	202	No	No
g22508.t1	g22508.t1	125	No	No
g22509.t1	g22509.t1	234	No	No
g22510.t1	g22510.t1	787	No	No
g22511.t1	g22511.t1	103	Yes	No
g22512.t1	g22512.t1	83	No	No
g22513.t1	g22513.t1	203	No	No
g22514.t1	g22514.t1	93	No	No
g22515.t1	g22515.t1	102	No	No
g22516.t1	g22516.t1	166	No	No
g22517.t1	g22517.t1	97	No	No
g22518.t1	g22518.t1	135	No	No
g22519.t1	g22519.t1	188	No	No
g22520.t1	g22520.t1	95	No	No
g22521.t1	g22521.t1	224	No	No
g22522.t1	g22522.t1	124	No	No
g22523.t1	g22523.t1	77	No	No
g22524.t1	g22524.t1	290	No	No
g22525.t1	g22525.t1	73	No	No
g22526.t1	g22526.t1	92	No	No
g22527.t1	g22527.t1	739	No	No
g22528.t1	g22528.t1	265	Yes	No
g22529.t1	g22529.t1	641	No	No
g22530.t1	g22530.t1	111	No	No
g22531.t1	g22531.t1	154	Yes	No
g22532.t3	g22532.t3	1374	No	No
g22533.t1	g22533.t1	993	No	No
g22534.t1	g22534.t1	70	Yes	No
g22535.t1	g22535.t1	131	Yes	No
g22536.t2	g22536.t2	933	No	No
g22537.t1	g22537.t1	334	No	No
g22538.t1	g22538.t1	431	No	No
g22539.t1	g22539.t1	115	No	No
g22540.t1	g22540.t1	91	No	No
g22541.t1	g22541.t1	111	No	No
g22542.t1	g22542.t1	90	No	No
g22543.t1	g22543.t1	866	No	No
g22544.t1	g22544.t1	118	No	No
g22545.t1	g22545.t1	118	No	No
g22546.t1	g22546.t1	71	No	No
g22547.t1	g22547.t1	90	No	No
g22548.t1	g22548.t1	89	No	No
g22549.t1	g22549.t1	96	No	No
g22550.t1	g22550.t1	1431	No	No
g22551.t1	g22551.t1	1089	No	No
g22552.t1	g22552.t1	362	No	No
g22553.t1	g22553.t1	788	No	No
g22554.t1	g22554.t1	201	No	No
g22555.t1	g22555.t1	393	No	No
g22556.t1	g22556.t1	569	No	No
g22557.t1	g22557.t1	496	No	No
g22558.t1	g22558.t1	58	Yes	No
g22559.t1	g22559.t1	191	No	No
g22560.t1	g22560.t1	87	No	No
g22561.t1	g22561.t1	124	No	No
g22562.t1	g22562.t1	110	No	No
g22563.t1	g22563.t1	152	No	No
g22564.t1	g22564.t1	1273	No	No
g22565.t2	g22565.t2	1863	No	No
g22566.t1	g22566.t1	2248	No	No
g22567.t1	g22567.t1	223	No	No
g22568.t1	g22568.t1	155	No	No
g22569.t1	g22569.t1	906	Yes	No
g22570.t1	g22570.t1	362	No	No
g22571.t1	g22571.t1	106	Yes	No
g22572.t1	g22572.t1	172	No	No
g22573.t1	g22573.t1	159	No	No
g22574.t1	g22574.t1	523	No	No
g22575.t1	g22575.t1	140	No	No
g22576.t1	g22576.t1	1486	No	No
g22577.t1	g22577.t1	523	No	No
g22578.t2	g22578.t2	1023	No	No
g22579.t1	g22579.t1	199	No	No
g22580.t1	g22580.t1	827	No	No
g22581.t1	g22581.t1	194	No	No
g22582.t2	g22582.t2	816	No	No
g22583.t1	g22583.t1	67	No	No
g22584.t1	g22584.t1	106	No	No
g22585.t1	g22585.t1	167	No	No
g22586.t1	g22586.t1	640	No	No
g22587.t1	g22587.t1	563	No	No
g22588.t1	g22588.t1	264	No	No
g22589.t1	g22589.t1	118	No	No
g22590.t1	g22590.t1	311	No	No
g22591.t1	g22591.t1	249	No	No
g22592.t1	g22592.t1	46	No	No
g22593.t1	g22593.t1	876	No	No
g22594.t2	g22594.t2	374	No	No
g22595.t1	g22595.t1	378	No	No
g22596.t1	g22596.t1	341	No	No
g22597.t1	g22597.t1	866	No	No
g22598.t1	g22598.t1	391	No	No
g22599.t1	g22599.t1	251	No	No
g22600.t1	g22600.t1	267	No	No
g22601.t1	g22601.t1	407	No	No
g22602.t1	g22602.t1	545	No	No
g22603.t1	g22603.t1	1675	No	No
g22604.t2	g22604.t2	976	No	No
g22605.t1	g22605.t1	251	No	No
g22606.t1	g22606.t1	697	No	No
g22607.t1	g22607.t1	139	Yes	No
g22608.t1	g22608.t1	277	No	No
g22609.t1	g22609.t1	562	No	No
g22610.t1	g22610.t1	542	No	No
g22611.t1	g22611.t1	555	No	No
g22612.t1	g22612.t1	462	Yes	No
g22613.t1	g22613.t1	687	No	No
g22614.t1	g22614.t1	145	No	No
g22615.t1	g22615.t1	137	No	No
g22616.t1	g22616.t1	684	No	No
g22617.t1	g22617.t1	615	No	No
g22618.t1	g22618.t1	487	No	No
g22619.t1	g22619.t1	109	No	No
g22620.t1	g22620.t1	482	No	No
g22621.t1	g22621.t1	142	Yes	No
g22622.t1	g22622.t1	1128	No	No
g22623.t1	g22623.t1	226	Yes	No
g22624.t1	g22624.t1	99	No	No
g22625.t1	g22625.t1	126	No	No
g22626.t1	g22626.t1	258	Yes	No
g22627.t1	g22627.t1	485	No	No
g22628.t1	g22628.t1	107	No	No
g22629.t1	g22629.t1	281	No	No
g22630.t2	g22630.t2	702	No	No
g22631.t1	g22631.t1	66	Yes	No
g22632.t1	g22632.t1	67	Yes	No
g22633.t1	g22633.t1	356	No	No
g22634.t1	g22634.t1	116	Yes	No
g22635.t1	g22635.t1	387	No	No
g22636.t1	g22636.t1	395	No	No
g22637.t1	g22637.t1	602	No	No
g22638.t1	g22638.t1	269	No	No
g22639.t1	g22639.t1	132	No	No
g22640.t2	g22640.t2	530	No	No
g22641.t1	g22641.t1	140	No	No
g22642.t1	g22642.t1	432	No	No
g22643.t1	g22643.t1	497	No	No
g22644.t1	g22644.t1	264	No	No
g22645.t1	g22645.t1	254	No	No
g22646.t1	g22646.t1	254	No	No
g22647.t1	g22647.t1	203	No	No
g22648.t1	g22648.t1	213	No	No
g22649.t1	g22649.t1	250	No	No
g22650.t1	g22650.t1	116	Yes	No
g22651.t1	g22651.t1	431	No	No
g22652.t1	g22652.t1	188	Yes	No
g22653.t1	g22653.t1	302	Yes	No
g22654.t2	g22654.t2	118	No	No
g22655.t1	g22655.t1	237	No	No
g22656.t1	g22656.t1	180	No	No
g22657.t1	g22657.t1	94	No	No
g22658.t1	g22658.t1	379	No	No
g22659.t1	g22659.t1	454	No	No
g22660.t1	g22660.t1	99	No	No
g22661.t1	g22661.t1	315	Yes	No
g22662.t1	g22662.t1	201	No	No
g22663.t1	g22663.t1	185	No	No
g22664.t2	g22664.t2	208	No	No
g22665.t1	g22665.t1	107	No	No
g22666.t1	g22666.t1	85	No	No
g22667.t1	g22667.t1	1088	No	No
g22668.t1	g22668.t1	156	No	No
g22669.t1	g22669.t1	141	No	No
g22670.t1	g22670.t1	393	No	No
g22671.t1	g22671.t1	750	No	No
g22672.t1	g22672.t1	151	No	No
g22673.t1	g22673.t1	446	No	No
g22674.t1	g22674.t1	265	No	No
g22675.t1	g22675.t1	85	No	No
g22676.t1	g22676.t1	278	No	No
g22677.t1	g22677.t1	92	No	No
g22678.t1	g22678.t1	158	No	No
g22679.t7	g22679.t7	1334	No	No
g22680.t1	g22680.t1	440	No	No
g22681.t1	g22681.t1	81	No	No
g22682.t1	g22682.t1	163	Yes	No
g22683.t1	g22683.t1	536	No	No
g22684.t1	g22684.t1	62	No	No
g22685.t1	g22685.t1	94	No	No
g22686.t1	g22686.t1	2085	No	No
g22687.t1	g22687.t1	493	No	No
g22688.t1	g22688.t1	93	Yes	No
g22689.t1	g22689.t1	933	No	No
g22690.t1	g22690.t1	66	No	No
g22691.t1	g22691.t1	303	No	No
g22692.t1	g22692.t1	868	No	No
g22693.t1	g22693.t1	143	No	No
g22694.t2	g22694.t2	881	No	No
g22695.t1	g22695.t1	74	No	No
g22696.t1	g22696.t1	46	No	No
g22697.t1	g22697.t1	171	No	No
g22698.t1	g22698.t1	446	No	No
g22699.t1	g22699.t1	94	No	No
g22700.t2	g22700.t2	515	No	No
g22701.t1	g22701.t1	75	No	No
g22702.t1	g22702.t1	1454	No	No
g22703.t1	g22703.t1	135	No	No
g22704.t1	g22704.t1	219	No	No
g22705.t1	g22705.t1	615	No	No
g22706.t1	g22706.t1	294	No	No
g22707.t1	g22707.t1	123	No	No
g22708.t1	g22708.t1	596	No	No
g22709.t1	g22709.t1	147	No	No
g22710.t1	g22710.t1	1321	No	No
g22711.t1	g22711.t1	124	No	No
g22712.t1	g22712.t1	466	No	No
g22713.t1	g22713.t1	421	No	No
g22714.t1	g22714.t1	160	No	No
g22715.t1	g22715.t1	191	Yes	No
g22716.t1	g22716.t1	73	No	No
g22717.t1	g22717.t1	158	No	No
g22718.t1	g22718.t1	194	No	No
g22719.t1	g22719.t1	93	No	No
g22720.t1	g22720.t1	194	No	No
g22721.t1	g22721.t1	2195	No	No
g22722.t1	g22722.t1	337	No	No
g22723.t1	g22723.t1	383	No	No
g22724.t1	g22724.t1	104	No	No
g22725.t1	g22725.t1	802	No	No
g22726.t2	g22726.t2	4387	No	No
g22727.t1	g22727.t1	191	No	No
g22728.t1	g22728.t1	197	Yes	No
g22729.t1	g22729.t1	359	No	No
g22730.t1	g22730.t1	269	No	No
g22731.t1	g22731.t1	183	No	No
g22732.t1	g22732.t1	92	No	No
g22733.t1	g22733.t1	207	Yes	No
g22734.t1	g22734.t1	97	No	No
g22735.t1	g22735.t1	141	No	No
g22736.t1	g22736.t1	136	No	No
g22737.t1	g22737.t1	67	No	No
g22738.t1	g22738.t1	1085	No	No
g22739.t1	g22739.t1	134	No	No
g22740.t1	g22740.t1	826	No	No
g22741.t1	g22741.t1	104	No	No
g22742.t1	g22742.t1	70	No	No
g22743.t1	g22743.t1	888	No	No
g22744.t2	g22744.t2	989	No	No
g22745.t1	g22745.t1	408	No	No
g22746.t1	g22746.t1	1137	No	No
g22747.t1	g22747.t1	337	No	No
g22748.t1	g22748.t1	576	No	No
g22749.t2	g22749.t2	193	No	No
g22750.t2	g22750.t2	2005	No	No
g22751.t1	g22751.t1	574	No	No
g22752.t1	g22752.t1	85	No	No
g22753.t1	g22753.t1	86	No	No
g22754.t2	g22754.t2	1167	No	No
g22755.t1	g22755.t1	899	No	No
g22756.t1	g22756.t1	391	No	No
g22757.t1	g22757.t1	258	No	No
g22758.t1	g22758.t1	945	No	No
g22759.t1	g22759.t1	391	No	No
g22760.t1	g22760.t1	101	No	No
g22761.t1	g22761.t1	82	No	No
g22762.t1	g22762.t1	228	No	No
g22763.t1	g22763.t1	167	Yes	No
g22764.t1	g22764.t1	700	No	No
g22765.t1	g22765.t1	502	No	No
g22766.t1	g22766.t1	262	No	No
g22767.t1	g22767.t1	199	No	No
g22768.t1	g22768.t1	263	No	No
g22769.t1	g22769.t1	317	Yes	No
g22770.t1	g22770.t1	371	No	No
g22771.t1	g22771.t1	220	Yes	No
g22772.t1	g22772.t1	137	Yes	No
g22773.t1	g22773.t1	141	No	No
g22774.t1	g22774.t1	94	No	No
g22775.t1	g22775.t1	454	No	No
g22776.t1	g22776.t1	238	No	No
g22777.t1	g22777.t1	238	No	No
g22778.t1	g22778.t1	116	No	No
g22779.t1	g22779.t1	883	No	No
g22780.t1	g22780.t1	1083	No	No
g22781.t1	g22781.t1	829	No	No
g22782.t1	g22782.t1	69	No	No
g22783.t1	g22783.t1	83	Yes	No
g22784.t1	g22784.t1	333	Yes	No
g22785.t1	g22785.t1	634	No	No
g22786.t1	g22786.t1	95	No	No
g22787.t1	g22787.t1	230	No	No
g22788.t1	g22788.t1	168	No	No
g22789.t1	g22789.t1	43	Yes	No
g22790.t1	g22790.t1	664	No	No
g22791.t1	g22791.t1	334	No	No
g22792.t1	g22792.t1	114	No	No
g22793.t1	g22793.t1	100	No	No
g22794.t1	g22794.t1	93	No	No
g22795.t1	g22795.t1	133	No	No
g22796.t1	g22796.t1	514	No	No
g22797.t1	g22797.t1	221	No	No
g22798.t1	g22798.t1	1349	No	No
g22799.t1	g22799.t1	209	No	No
g22800.t1	g22800.t1	72	No	No
g22801.t1	g22801.t1	459	No	No
g22802.t1	g22802.t1	109	No	No
g22803.t1	g22803.t1	105	No	No
g22804.t1	g22804.t1	1167	No	No
g22805.t1	g22805.t1	1567	No	No
g22806.t1	g22806.t1	2619	No	No
g22807.t1	g22807.t1	173	No	No
g22808.t1	g22808.t1	296	No	No
g22809.t1	g22809.t1	160	No	No
g22810.t1	g22810.t1	144	No	No
g22811.t1	g22811.t1	265	No	No
g22812.t1	g22812.t1	504	No	No
g22813.t1	g22813.t1	212	No	No
g22814.t1	g22814.t1	141	No	No
g22815.t1	g22815.t1	509	No	No
g22816.t1	g22816.t1	159	No	No
g22817.t1	g22817.t1	95	No	No
g22818.t1	g22818.t1	222	No	No
g22819.t1	g22819.t1	293	No	No
g22820.t1	g22820.t1	104	No	No
g22821.t1	g22821.t1	959	No	No
g22822.t1	g22822.t1	111	No	No
g22823.t1	g22823.t1	138	No	No
g22824.t1	g22824.t1	162	No	No
g22825.t1	g22825.t1	203	No	No
g22826.t2	g22826.t2	842	No	No
g22827.t1	g22827.t1	1242	No	No
g22828.t1	g22828.t1	274	No	No
g22829.t1	g22829.t1	344	No	No
g22830.t1	g22830.t1	240	No	No
g22831.t1	g22831.t1	974	No	No
g22832.t1	g22832.t1	104	No	No
g22833.t1	g22833.t1	96	No	No
g22834.t1	g22834.t1	766	No	No
g22835.t1	g22835.t1	212	No	No
g22836.t1	g22836.t1	1000	No	No
g22837.t2	g22837.t2	763	No	No
g22838.t1	g22838.t1	185	No	No
g22839.t1	g22839.t1	991	No	No
g22840.t1	g22840.t1	305	No	No
g22841.t1	g22841.t1	640	No	No
g22842.t1	g22842.t1	154	No	No
g22843.t1	g22843.t1	448	No	No
g22844.t1	g22844.t1	449	No	No
g22845.t1	g22845.t1	88	No	No
g22846.t1	g22846.t1	132	No	No
g22847.t1	g22847.t1	684	No	No
g22848.t1	g22848.t1	510	No	No
g22849.t1	g22849.t1	98	No	No
g22850.t1	g22850.t1	347	Yes	No
g22851.t1	g22851.t1	943	No	No
g22852.t1	g22852.t1	651	Yes	No
g22853.t1	g22853.t1	1231	No	No
g22854.t2	g22854.t2	203	No	No
g22855.t1	g22855.t1	121	No	No
g22856.t1	g22856.t1	96	No	No
g22857.t1	g22857.t1	548	No	No
g22858.t1	g22858.t1	309	No	No
g22859.t1	g22859.t1	116	No	No
g22860.t1	g22860.t1	201	No	No
g22861.t1	g22861.t1	329	No	No
g22862.t1	g22862.t1	142	No	No
g22863.t1	g22863.t1	479	No	No
g22864.t1	g22864.t1	363	No	No
g22865.t1	g22865.t1	265	No	No
g22866.t1	g22866.t1	423	No	No
g22867.t1	g22867.t1	65	Yes	No
g22868.t1	g22868.t1	61	Yes	No
g22869.t1	g22869.t1	89	No	No
g22870.t1	g22870.t1	116	No	No
g22871.t1	g22871.t1	120	No	No
g22872.t1	g22872.t1	253	No	No
g22873.t1	g22873.t1	180	Yes	No
g22874.t1	g22874.t1	122	No	No
g22875.t1	g22875.t1	555	No	No
g22876.t1	g22876.t1	317	No	No
g22877.t1	g22877.t1	269	No	No
g22878.t1	g22878.t1	192	Yes	No
g22879.t1	g22879.t1	86	No	No
g22880.t1	g22880.t1	205	No	No
g22881.t1	g22881.t1	69	No	No
g22882.t1	g22882.t1	100	No	No
g22883.t1	g22883.t1	74	No	No
g22884.t1	g22884.t1	74	No	No
g22885.t1	g22885.t1	100	No	No
g22886.t1	g22886.t1	144	No	No
g22887.t1	g22887.t1	331	No	No
g22888.t1	g22888.t1	194	No	No
g22889.t1	g22889.t1	222	No	No
g22890.t1	g22890.t1	76	No	No
g22891.t1	g22891.t1	103	No	No
g22892.t1	g22892.t1	329	No	No
g22893.t1	g22893.t1	106	No	No
g22894.t1	g22894.t1	255	Yes	No
g22895.t1	g22895.t1	122	No	No
g22896.t1	g22896.t1	94	No	No
g22897.t1	g22897.t1	117	No	No
g22898.t1	g22898.t1	186	No	No
g22899.t1	g22899.t1	144	No	No
g22900.t1	g22900.t1	119	No	No
g22901.t1	g22901.t1	1298	No	No
g22902.t1	g22902.t1	4128	No	No
g22903.t1	g22903.t1	243	No	No
g22904.t1	g22904.t1	197	No	No
g22905.t1	g22905.t1	815	No	No
g22906.t1	g22906.t1	450	No	No
g22907.t1	g22907.t1	249	No	No
g22908.t1	g22908.t1	96	No	No
g22909.t1	g22909.t1	185	No	No
g22910.t1	g22910.t1	87	No	No
g22911.t1	g22911.t1	91	No	No
g22912.t1	g22912.t1	116	No	No
g22913.t1	g22913.t1	77	No	No
g22914.t1	g22914.t1	100	No	No
g22915.t1	g22915.t1	110	No	No
g22916.t1	g22916.t1	394	No	No
g22917.t1	g22917.t1	93	No	No
g22918.t1	g22918.t1	117	No	No
g22919.t1	g22919.t1	283	No	No
g22920.t1	g22920.t1	152	No	No
g22921.t1	g22921.t1	93	No	No
g22922.t1	g22922.t1	431	No	No
g22923.t1	g22923.t1	902	No	No
g22924.t2	g22924.t2	225	No	No
g22925.t1	g22925.t1	819	No	No
g22926.t1	g22926.t1	442	No	No
g22927.t1	g22927.t1	227	No	No
g22928.t1	g22928.t1	84	No	No
g22929.t1	g22929.t1	674	No	No
g22930.t1	g22930.t1	334	No	No
g22931.t1	g22931.t1	564	No	No
g22932.t1	g22932.t1	221	Yes	No
g22933.t1	g22933.t1	802	No	No
g22934.t1	g22934.t1	78	No	No
g22935.t1	g22935.t1	67	No	No
g22936.t1	g22936.t1	202	No	No
g22937.t1	g22937.t1	42	Yes	No
g22938.t1	g22938.t1	36	Yes	No
g22939.t1	g22939.t1	676	No	No
g22940.t1	g22940.t1	144	No	No
g22941.t1	g22941.t1	126	No	No
g22942.t1	g22942.t1	92	No	No
g22943.t1	g22943.t1	161	Yes	No
g22944.t1	g22944.t1	102	No	No
g22945.t1	g22945.t1	209	No	No
g22946.t1	g22946.t1	80	No	No
g22947.t1	g22947.t1	141	No	No
g22948.t1	g22948.t1	108	No	No
g22949.t1	g22949.t1	89	No	No
g22950.t1	g22950.t1	254	No	No
g22951.t1	g22951.t1	653	No	No
g22952.t1	g22952.t1	408	No	No
g22953.t1	g22953.t1	341	No	No
g22954.t1	g22954.t1	205	No	No
g22955.t1	g22955.t1	219	No	No
g22956.t1	g22956.t1	484	No	No
g22957.t2	g22957.t2	361	No	No
g22958.t1	g22958.t1	358	No	No
g22959.t1	g22959.t1	627	No	No
g22960.t1	g22960.t1	406	No	No
g22961.t1	g22961.t1	129	No	No
g22962.t1	g22962.t1	69	No	No
g22963.t1	g22963.t1	175	No	No
g22964.t1	g22964.t1	80	No	No
g22965.t1	g22965.t1	164	No	No
g22966.t1	g22966.t1	206	No	No
g22967.t1	g22967.t1	146	No	No
g22968.t2	g22968.t2	1236	No	No
g22969.t1	g22969.t1	299	No	No
g22970.t1	g22970.t1	230	No	No
g22971.t2	g22971.t2	384	No	No
g22972.t1	g22972.t1	1472	No	No
g22973.t1	g22973.t1	984	No	No
g22974.t1	g22974.t1	302	No	No
g22975.t1	g22975.t1	320	No	No
g22976.t1	g22976.t1	201	No	No
g22977.t1	g22977.t1	161	No	No
g22978.t1	g22978.t1	118	No	No
g22979.t1	g22979.t1	118	No	No
g22980.t2	g22980.t2	549	No	No
g22981.t1	g22981.t1	322	No	No
g22982.t1	g22982.t1	179	No	No
g22983.t2	g22983.t2	313	No	No
g22984.t1	g22984.t1	89	No	No
g22985.t2	g22985.t2	1438	No	No
g22986.t1	g22986.t1	193	No	No
g22987.t1	g22987.t1	143	No	No
g22988.t1	g22988.t1	105	No	No
g22989.t1	g22989.t1	1048	No	No
g22990.t1	g22990.t1	142	No	No
g22991.t1	g22991.t1	66	No	No
g22992.t1	g22992.t1	432	No	No
g22993.t1	g22993.t1	273	Yes	No
g22994.t1	g22994.t1	130	Yes	No
g22995.t1	g22995.t1	453	No	No
g22996.t1	g22996.t1	99	No	No
g22997.t2	g22997.t2	575	Yes	No
g22998.t1	g22998.t1	95	No	No
g22999.t1	g22999.t1	108	No	No
g23000.t1	g23000.t1	106	No	No
g23001.t1	g23001.t1	118	No	No
g23002.t1	g23002.t1	79	No	No
g23003.t1	g23003.t1	184	No	No
g23004.t1	g23004.t1	290	Yes	No
g23005.t1	g23005.t1	113	No	No
g23006.t1	g23006.t1	156	No	No
g23007.t1	g23007.t1	137	No	No
g23008.t1	g23008.t1	166	No	No
g23009.t1	g23009.t1	394	No	No
g23010.t1	g23010.t1	389	No	No
g23011.t1	g23011.t1	319	No	No
g23012.t1	g23012.t1	870	No	No
g23013.t1	g23013.t1	539	No	No
g23014.t1	g23014.t1	156	No	No
g23015.t1	g23015.t1	453	Yes	No
g23016.t1	g23016.t1	2856	No	No
g23017.t1	g23017.t1	457	No	No
g23018.t1	g23018.t1	709	No	No
g23019.t1	g23019.t1	122	No	No
g23020.t1	g23020.t1	92	No	No
g23021.t1	g23021.t1	111	No	No
g23022.t1	g23022.t1	802	No	No
g23023.t1	g23023.t1	114	No	No
g23024.t1	g23024.t1	550	No	No
g23025.t1	g23025.t1	666	No	No
g23026.t1	g23026.t1	266	No	No
g23027.t1	g23027.t1	2885	No	No
g23028.t1	g23028.t1	732	No	No
g23029.t1	g23029.t1	626	No	No
g23030.t1	g23030.t1	65	No	No
g23031.t1	g23031.t1	648	No	No
g23032.t1	g23032.t1	300	No	No
g23033.t1	g23033.t1	318	No	No
g23034.t1	g23034.t1	412	No	No
g23035.t1	g23035.t1	194	No	No
g23036.t1	g23036.t1	106	No	No
g23037.t1	g23037.t1	224	No	No
g23038.t1	g23038.t1	166	No	No
g23039.t1	g23039.t1	81	No	No
g23040.t1	g23040.t1	297	No	No
g23041.t1	g23041.t1	69	No	No
g23042.t1	g23042.t1	369	No	No
g23043.t1	g23043.t1	809	No	No
g23044.t1	g23044.t1	157	No	No
g23045.t1	g23045.t1	293	No	No
g23046.t1	g23046.t1	658	No	No
g23047.t1	g23047.t1	648	No	No
g23048.t1	g23048.t1	653	No	No
g23049.t1	g23049.t1	113	No	No
g23050.t1	g23050.t1	140	No	No
g23051.t1	g23051.t1	375	No	No
g23052.t1	g23052.t1	220	No	No
g23053.t1	g23053.t1	71	No	No
g23054.t1	g23054.t1	68	No	No
g23055.t1	g23055.t1	975	No	No
g23056.t1	g23056.t1	130	No	No
g23057.t2	g23057.t2	411	No	No
g23058.t1	g23058.t1	348	No	No
g23059.t1	g23059.t1	313	No	No
g23060.t1	g23060.t1	96	No	No
g23061.t1	g23061.t1	162	No	No
g23062.t1	g23062.t1	116	No	No
g23063.t2	g23063.t2	474	No	No
g23064.t1	g23064.t1	242	No	No
g23065.t1	g23065.t1	303	No	No
g23066.t1	g23066.t1	185	No	No
g23067.t1	g23067.t1	230	No	No
g23068.t1	g23068.t1	195	No	No
g23069.t1	g23069.t1	252	No	No
g23070.t1	g23070.t1	656	No	No
g23071.t1	g23071.t1	206	Yes	No
g23072.t1	g23072.t1	165	No	No
g23073.t1	g23073.t1	199	Yes	No
g23074.t1	g23074.t1	263	No	No
g23075.t1	g23075.t1	82	No	No
g23076.t1	g23076.t1	616	No	No
g23077.t1	g23077.t1	1246	No	No
g23078.t1	g23078.t1	98	Yes	No
g23079.t1	g23079.t1	79	No	No
g23080.t1	g23080.t1	80	Yes	No
g23081.t1	g23081.t1	771	No	No
g23082.t1	g23082.t1	103	No	No
g23083.t1	g23083.t1	263	No	No
g23084.t1	g23084.t1	209	No	No
g23085.t1	g23085.t1	145	No	No
g23086.t1	g23086.t1	109	No	No
g23087.t1	g23087.t1	961	No	No
g23088.t1	g23088.t1	912	No	No
g23089.t1	g23089.t1	375	No	No
g23090.t1	g23090.t1	242	No	No
g23091.t1	g23091.t1	941	No	No
g23092.t1	g23092.t1	640	No	No
g23093.t1	g23093.t1	153	No	No
g23094.t1	g23094.t1	214	No	No
g23095.t1	g23095.t1	68	Yes	No
g23096.t1	g23096.t1	201	No	No
g23097.t1	g23097.t1	244	No	No
g23098.t1	g23098.t1	237	No	No
g23099.t1	g23099.t1	595	No	No
g23100.t1	g23100.t1	772	No	No
g23101.t1	g23101.t1	244	No	No
g23102.t1	g23102.t1	89	No	No
g23103.t1	g23103.t1	110	No	No
g23104.t1	g23104.t1	835	No	No
g23105.t1	g23105.t1	70	No	No
g23106.t1	g23106.t1	235	No	No
g23107.t1	g23107.t1	485	No	No
g23108.t1	g23108.t1	122	No	No
g23109.t1	g23109.t1	494	No	No
g23110.t1	g23110.t1	236	No	No
g23111.t1	g23111.t1	103	No	No
g23112.t1	g23112.t1	1223	No	No
g23113.t1	g23113.t1	726	No	No
g23114.t1	g23114.t1	640	No	No
g23115.t1	g23115.t1	267	No	No
g23116.t1	g23116.t1	184	No	No
g23117.t1	g23117.t1	1149	No	No
g23118.t1	g23118.t1	166	No	No
g23119.t1	g23119.t1	742	No	No
g23120.t1	g23120.t1	150	No	No
g23121.t1	g23121.t1	313	No	No
g23122.t1	g23122.t1	174	No	No
g23123.t1	g23123.t1	81	No	No
g23124.t1	g23124.t1	105	No	No
g23125.t1	g23125.t1	74	No	No
g23126.t1	g23126.t1	350	No	No
g23127.t1	g23127.t1	508	No	No
g23128.t1	g23128.t1	1474	No	No
g23129.t1	g23129.t1	495	No	No
g23130.t1	g23130.t1	188	No	No
g23131.t1	g23131.t1	804	No	No
g23132.t1	g23132.t1	407	No	No
g23133.t1	g23133.t1	322	No	No
g23134.t1	g23134.t1	354	No	No
g23135.t1	g23135.t1	81	No	No
g23136.t1	g23136.t1	454	No	No
g23137.t1	g23137.t1	765	No	No
g23138.t1	g23138.t1	746	No	No
g23139.t1	g23139.t1	2227	No	No
g23140.t1	g23140.t1	486	No	No
g23141.t1	g23141.t1	382	No	No
g23142.t1	g23142.t1	414	No	No
g23143.t1	g23143.t1	1481	No	No
g23144.t1	g23144.t1	155	No	No
g23145.t1	g23145.t1	41	Yes	No
g23146.t1	g23146.t1	108	No	No
g23147.t1	g23147.t1	63	Yes	No
g23148.t1	g23148.t1	92	No	No
g23149.t1	g23149.t1	275	No	No
g23150.t1	g23150.t1	330	No	No
g23151.t1	g23151.t1	739	No	No
g23152.t1	g23152.t1	547	No	No
g23153.t1	g23153.t1	495	Yes	No
g23154.t1	g23154.t1	875	No	No
g23155.t1	g23155.t1	89	No	No
g23156.t1	g23156.t1	217	No	No
g23157.t1	g23157.t1	291	No	No
g23158.t1	g23158.t1	839	No	No
g23159.t1	g23159.t1	796	No	No
g23160.t1	g23160.t1	418	No	No
g23161.t1	g23161.t1	90	Yes	No
g23162.t2	g23162.t2	344	No	No
g23163.t1	g23163.t1	286	No	No
g23164.t1	g23164.t1	393	No	No
g23165.t1	g23165.t1	391	No	No
g23166.t1	g23166.t1	293	No	No
g23167.t1	g23167.t1	239	Yes	No
g23168.t1	g23168.t1	749	Yes	No
g23169.t1	g23169.t1	309	No	No
g23170.t1	g23170.t1	556	No	No
g23171.t1	g23171.t1	513	No	No
g23172.t1	g23172.t1	590	No	No
g23173.t1	g23173.t1	77	No	No
g23174.t1	g23174.t1	218	No	No
g23175.t1	g23175.t1	474	No	No
g23176.t1	g23176.t1	317	No	No
g23177.t1	g23177.t1	75	No	No
g23178.t1	g23178.t1	639	No	No
g23179.t1	g23179.t1	656	No	No
g23180.t1	g23180.t1	560	No	No
g23181.t1	g23181.t1	505	No	No
g23182.t1	g23182.t1	546	No	No
g23183.t1	g23183.t1	910	Yes	No
g23184.t1	g23184.t1	425	No	No
g23185.t1	g23185.t1	199	No	No
g23186.t1	g23186.t1	256	No	No
g23187.t1	g23187.t1	209	No	No
g23188.t2	g23188.t2	137	No	No
g23189.t1	g23189.t1	202	No	No
g23190.t1	g23190.t1	84	No	No
g23191.t1	g23191.t1	92	No	No
g23192.t1	g23192.t1	78	No	No
g23193.t1	g23193.t1	119	No	No
g23194.t1	g23194.t1	720	No	No
g23195.t1	g23195.t1	133	No	No
g23196.t1	g23196.t1	68	Yes	No
g23197.t1	g23197.t1	90	No	No
g23198.t1	g23198.t1	342	No	No
g23199.t1	g23199.t1	181	No	No
g23200.t1	g23200.t1	304	No	No
g23201.t1	g23201.t1	274	No	No
g23202.t1	g23202.t1	735	No	No
g23203.t1	g23203.t1	125	No	No
g23204.t1	g23204.t1	327	No	No
g23205.t1	g23205.t1	516	No	No
g23206.t1	g23206.t1	97	No	No
g23207.t1	g23207.t1	176	No	No
g23208.t1	g23208.t1	508	No	No
g23209.t1	g23209.t1	528	No	No
g23210.t1	g23210.t1	125	No	No
g23211.t1	g23211.t1	147	No	No
g23212.t1	g23212.t1	136	No	No
g23213.t1	g23213.t1	485	No	No
g23214.t1	g23214.t1	497	No	No
g23215.t1	g23215.t1	496	No	No
g23216.t1	g23216.t1	615	No	No
g23217.t1	g23217.t1	346	No	No
g23218.t1	g23218.t1	723	No	No
g23219.t1	g23219.t1	82	No	No
g23220.t1	g23220.t1	1234	No	No
g23221.t1	g23221.t1	93	No	No
g23222.t1	g23222.t1	89	No	No
g23223.t1	g23223.t1	108	No	No
g23224.t1	g23224.t1	344	No	No
g23225.t1	g23225.t1	100	No	No
g23226.t1	g23226.t1	267	No	No
g23227.t2	g23227.t2	93	No	No
g23228.t1	g23228.t1	224	No	No
g23229.t1	g23229.t1	208	No	No
g23230.t1	g23230.t1	212	No	No
g23231.t1	g23231.t1	212	No	No
g23232.t1	g23232.t1	200	No	No
g23233.t1	g23233.t1	207	No	No
g23234.t1	g23234.t1	101	No	No
g23235.t2	g23235.t2	181	No	No
g23236.t1	g23236.t1	146	No	No
g23237.t1	g23237.t1	419	No	No
g23238.t1	g23238.t1	583	No	No
g23239.t1	g23239.t1	146	No	No
g23240.t1	g23240.t1	1267	No	No
g23241.t1	g23241.t1	110	No	No
g23242.t1	g23242.t1	617	No	No
g23243.t1	g23243.t1	102	No	No
g23244.t1	g23244.t1	778	No	No
g23245.t4	g23245.t4	730	No	No
g23246.t1	g23246.t1	723	No	No
g23247.t1	g23247.t1	2638	No	No
g23248.t1	g23248.t1	98	No	No
g23249.t1	g23249.t1	69	Yes	No
g23250.t1	g23250.t1	208	No	No
g23251.t1	g23251.t1	159	No	No
g23252.t1	g23252.t1	123	No	No
g23253.t1	g23253.t1	432	Yes	No
g23254.t1	g23254.t1	291	No	No
g23255.t1	g23255.t1	78	No	No
g23256.t2	g23256.t2	1010	No	No
g23257.t1	g23257.t1	275	No	No
g23258.t1	g23258.t1	442	No	No
g23259.t1	g23259.t1	857	No	No
g23260.t1	g23260.t1	107	No	No
g23261.t1	g23261.t1	83	No	No
g23262.t1	g23262.t1	235	No	No
g23263.t1	g23263.t1	182	No	No
g23264.t1	g23264.t1	83	No	No
g23265.t1	g23265.t1	138	No	No
g23266.t1	g23266.t1	143	No	No
g23267.t1	g23267.t1	180	No	No
g23268.t1	g23268.t1	482	No	No
g23269.t1	g23269.t1	214	No	No
g23270.t1	g23270.t1	1565	No	No
g23271.t1	g23271.t1	315	No	No
g23272.t1	g23272.t1	412	No	No
g23273.t1	g23273.t1	961	No	No
g23274.t1	g23274.t1	163	No	No
g23275.t1	g23275.t1	637	No	No
g23276.t1	g23276.t1	165	No	No
g23277.t1	g23277.t1	144	No	No
g23278.t1	g23278.t1	454	Yes	No
g23279.t1	g23279.t1	364	No	No
g23280.t1	g23280.t1	3409	No	No
g23281.t1	g23281.t1	202	No	No
g23282.t1	g23282.t1	350	No	No
g23283.t1	g23283.t1	196	Yes	No
g23284.t2	g23284.t2	569	No	No
g23285.t1	g23285.t1	455	No	No
g23286.t1	g23286.t1	288	No	No
g23287.t1	g23287.t1	644	No	No
g23288.t1	g23288.t1	447	No	No
g23289.t1	g23289.t1	867	No	No
g23290.t1	g23290.t1	440	No	No
g23291.t1	g23291.t1	1069	No	No
g23292.t1	g23292.t1	317	No	No
g23293.t1	g23293.t1	295	No	No
g23294.t1	g23294.t1	921	No	No
g23295.t1	g23295.t1	194	No	No
g23296.t1	g23296.t1	184	No	No
g23297.t1	g23297.t1	367	No	No
g23298.t1	g23298.t1	503	No	No
g23299.t1	g23299.t1	100	No	No
g23300.t1	g23300.t1	319	Yes	No
g23301.t1	g23301.t1	96	No	No
g23302.t1	g23302.t1	3715	No	No
g23303.t1	g23303.t1	252	No	No
g23304.t1	g23304.t1	233	No	No
g23305.t2	g23305.t2	235	No	No
g23306.t1	g23306.t1	113	No	No
g23307.t1	g23307.t1	130	No	No
g23308.t2	g23308.t2	490	No	No
g23309.t1	g23309.t1	108	No	No
g23310.t1	g23310.t1	983	No	No
g23311.t1	g23311.t1	111	Yes	No
g23312.t1	g23312.t1	72	No	No
g23313.t1	g23313.t1	462	No	No
g23314.t1	g23314.t1	142	No	No
g23315.t1	g23315.t1	343	No	No
g23316.t1	g23316.t1	162	No	No
g23317.t2	g23317.t2	1201	No	No
g23318.t1	g23318.t1	371	No	No
g23319.t1	g23319.t1	797	No	No
g23320.t1	g23320.t1	240	No	No
g23321.t1	g23321.t1	139	No	No
g23322.t1	g23322.t1	386	No	No
g23323.t1	g23323.t1	225	No	No
g23324.t1	g23324.t1	170	No	No
g23325.t1	g23325.t1	264	No	No
g23326.t1	g23326.t1	106	No	No
g23327.t2	g23327.t2	883	No	No
g23328.t1	g23328.t1	261	No	No
g23329.t1	g23329.t1	463	No	No
g23330.t1	g23330.t1	131	No	No
g23331.t1	g23331.t1	340	No	No
g23332.t1	g23332.t1	138	No	No
g23333.t1	g23333.t1	400	No	No
g23334.t1	g23334.t1	378	No	No
g23335.t1	g23335.t1	318	No	No
g23336.t2	g23336.t2	1260	No	No
g23337.t1	g23337.t1	141	No	No
g23338.t1	g23338.t1	357	Yes	No
g23339.t1	g23339.t1	357	No	No
g23340.t1	g23340.t1	145	No	No
g23341.t1	g23341.t1	1040	No	No
g23342.t1	g23342.t1	364	No	No
g23343.t1	g23343.t1	352	No	No
g23344.t1	g23344.t1	46	No	No
g23345.t1	g23345.t1	108	No	No
g23346.t1	g23346.t1	446	No	No
g23347.t1	g23347.t1	94	No	No
g23348.t1	g23348.t1	142	No	No
g23349.t1	g23349.t1	287	No	No
g23350.t1	g23350.t1	125	No	No
g23351.t1	g23351.t1	419	No	No
g23352.t1	g23352.t1	396	No	No
g23353.t1	g23353.t1	440	No	No
g23354.t1	g23354.t1	241	No	No
g23355.t1	g23355.t1	300	No	No
g23356.t1	g23356.t1	153	No	No
g23357.t1	g23357.t1	203	No	No
g23358.t1	g23358.t1	419	No	No
g23359.t1	g23359.t1	214	No	No
g23360.t1	g23360.t1	67	No	No
g23361.t3	g23361.t3	1007	No	No
g23362.t1	g23362.t1	615	No	No
g23363.t1	g23363.t1	108	No	No
g23364.t1	g23364.t1	624	No	No
g23365.t1	g23365.t1	188	No	No
g23366.t1	g23366.t1	434	No	No
g23367.t1	g23367.t1	83	No	No
g23368.t1	g23368.t1	822	No	No
g23369.t1	g23369.t1	84	No	No
g23370.t1	g23370.t1	168	No	No
g23371.t1	g23371.t1	435	No	No
g23372.t1	g23372.t1	147	No	No
g23373.t1	g23373.t1	581	No	No
g23374.t1	g23374.t1	300	No	No
g23375.t1	g23375.t1	296	No	No
g23376.t1	g23376.t1	159	No	No
g23377.t1	g23377.t1	215	No	No
g23378.t1	g23378.t1	358	No	No
g23379.t1	g23379.t1	156	No	No
g23380.t1	g23380.t1	356	No	No
g23381.t1	g23381.t1	227	No	No
g23382.t1	g23382.t1	264	Yes	No
g23383.t1	g23383.t1	123	No	No
g23384.t1	g23384.t1	97	No	No
g23385.t1	g23385.t1	303	No	No
g23386.t1	g23386.t1	146	No	No
g23387.t1	g23387.t1	142	No	No
g23388.t1	g23388.t1	67	No	No
g23389.t1	g23389.t1	357	No	No
g23390.t1	g23390.t1	98	No	No
g23391.t1	g23391.t1	68	Yes	No
g23392.t1	g23392.t1	80	No	No
g23393.t1	g23393.t1	646	No	No
g23394.t1	g23394.t1	111	No	No
g23395.t1	g23395.t1	90	No	No
g23396.t2	g23396.t2	953	Yes	No
g23397.t1	g23397.t1	514	No	No
g23398.t1	g23398.t1	327	No	No
g23399.t1	g23399.t1	103	No	No
g23400.t1	g23400.t1	97	No	No
g23401.t5	g23401.t5	580	No	No
g23402.t1	g23402.t1	196	No	No
g23403.t1	g23403.t1	115	Yes	No
g23404.t1	g23404.t1	164	No	No
g23405.t1	g23405.t1	88	No	No
g23406.t1	g23406.t1	120	No	No
g23407.t1	g23407.t1	108	No	No
g23408.t1	g23408.t1	232	No	No
g23409.t1	g23409.t1	626	No	No
g23410.t1	g23410.t1	124	No	No
g23411.t1	g23411.t1	1197	No	No
g23412.t1	g23412.t1	130	No	No
g23413.t1	g23413.t1	169	No	No
g23414.t1	g23414.t1	99	No	No
g23415.t1	g23415.t1	121	No	No
g23416.t1	g23416.t1	85	No	No
g23417.t1	g23417.t1	527	No	No
g23418.t1	g23418.t1	125	No	No
g23419.t1	g23419.t1	461	No	No
g23420.t2	g23420.t2	233	No	No
g23421.t1	g23421.t1	192	Yes	No
g23422.t1	g23422.t1	1017	No	No
g23423.t1	g23423.t1	997	No	No
g23424.t1	g23424.t1	407	No	No
g23425.t1	g23425.t1	94	No	No
g23426.t1	g23426.t1	1160	No	No
g23427.t1	g23427.t1	816	No	No
g23428.t1	g23428.t1	231	No	No
g23429.t1	g23429.t1	128	No	No
g23430.t1	g23430.t1	239	No	No
g23431.t1	g23431.t1	508	No	No
g23432.t1	g23432.t1	212	Yes	No
g23433.t1	g23433.t1	315	No	No
g23434.t1	g23434.t1	337	No	No
g23435.t1	g23435.t1	701	No	No
g23436.t2	g23436.t2	639	No	No
g23437.t1	g23437.t1	361	No	No
g23438.t1	g23438.t1	69	No	No
g23439.t1	g23439.t1	1072	No	No
g23440.t1	g23440.t1	694	No	No
g23441.t1	g23441.t1	129	No	No
g23442.t1	g23442.t1	1187	No	No
g23443.t1	g23443.t1	510	No	No
g23444.t1	g23444.t1	152	No	No
g23445.t1	g23445.t1	884	Yes	No
g23446.t1	g23446.t1	139	No	No
g23447.t1	g23447.t1	89	No	No
g23448.t1	g23448.t1	74	No	No
g23449.t1	g23449.t1	92	No	No
g23450.t1	g23450.t1	175	No	No
g23451.t2	g23451.t2	180	No	No
g23452.t1	g23452.t1	180	No	No
g23453.t1	g23453.t1	146	No	No
g23454.t1	g23454.t1	197	No	No
g23455.t1	g23455.t1	191	No	No
g23456.t1	g23456.t1	185	No	No
g23457.t1	g23457.t1	193	No	No
g23458.t1	g23458.t1	228	No	No
g23459.t1	g23459.t1	216	No	No
g23460.t1	g23460.t1	163	No	No
g23461.t1	g23461.t1	73	No	No
g23462.t1	g23462.t1	101	No	No
g23463.t1	g23463.t1	114	No	No
g23464.t1	g23464.t1	325	No	No
g23465.t1	g23465.t1	540	No	No
g23466.t1	g23466.t1	552	No	No
g23467.t1	g23467.t1	540	No	No
g23468.t1	g23468.t1	162	No	No
g23469.t1	g23469.t1	110	No	No
g23470.t1	g23470.t1	64	Yes	No
g23471.t1	g23471.t1	361	No	No
g23472.t1	g23472.t1	536	No	No
g23473.t1	g23473.t1	548	No	No
g23474.t1	g23474.t1	549	No	No
g23475.t1	g23475.t1	67	No	No
g23476.t1	g23476.t1	112	No	No
g23477.t1	g23477.t1	97	No	No
g23478.t1	g23478.t1	85	No	No
g23479.t1	g23479.t1	257	No	No
g23480.t1	g23480.t1	524	No	No
g23481.t1	g23481.t1	654	No	No
g23482.t1	g23482.t1	498	No	No
g23483.t1	g23483.t1	538	No	No
g23484.t1	g23484.t1	152	No	No
g23485.t1	g23485.t1	341	No	No
g23486.t1	g23486.t1	143	No	No
g23487.t1	g23487.t1	310	No	No
g23488.t1	g23488.t1	208	No	No
g23489.t1	g23489.t1	97	No	No
g23490.t1	g23490.t1	85	No	No
g23491.t1	g23491.t1	116	No	No
g23492.t1	g23492.t1	90	No	No
g23493.t1	g23493.t1	167	No	No
g23494.t1	g23494.t1	106	No	No
g23495.t1	g23495.t1	99	No	No
g23496.t1	g23496.t1	195	No	No
g23497.t1	g23497.t1	518	Yes	No
g23498.t1	g23498.t1	4136	No	No
g23499.t1	g23499.t1	524	No	No
g23500.t1	g23500.t1	483	No	No
g23501.t1	g23501.t1	1283	No	No
g23502.t1	g23502.t1	375	No	No
g23503.t1	g23503.t1	618	No	No
g23504.t1	g23504.t1	277	No	No
g23505.t1	g23505.t1	73	No	No
g23506.t1	g23506.t1	930	No	No
g23507.t1	g23507.t1	413	No	No
g23508.t1	g23508.t1	327	No	No
g23509.t1	g23509.t1	134	No	No
g23510.t1	g23510.t1	311	No	No
g23511.t1	g23511.t1	125	No	No
g23512.t1	g23512.t1	482	No	No
g23513.t1	g23513.t1	110	No	No
g23514.t1	g23514.t1	108	No	No
g23515.t1	g23515.t1	502	No	No
g23516.t1	g23516.t1	87	No	No
g23517.t1	g23517.t1	965	No	No
g23518.t1	g23518.t1	849	No	No
g23519.t1	g23519.t1	411	No	No
g23520.t1	g23520.t1	1057	No	No
g23521.t1	g23521.t1	281	No	No
g23522.t1	g23522.t1	485	No	No
g23523.t1	g23523.t1	110	No	No
g23524.t1	g23524.t1	574	No	No
g23525.t1	g23525.t1	457	No	No
g23526.t1	g23526.t1	155	No	No
g23527.t1	g23527.t1	352	No	No
g23528.t1	g23528.t1	532	No	No
g23529.t1	g23529.t1	84	No	No
g23530.t2	g23530.t2	129	No	No
g23531.t1	g23531.t1	143	No	No
g23532.t1	g23532.t1	317	No	No
g23533.t1	g23533.t1	73	No	No
g23534.t1	g23534.t1	248	No	No
g23535.t1	g23535.t1	81	No	No
g23536.t1	g23536.t1	276	No	No
g23537.t1	g23537.t1	80	No	No
g23538.t1	g23538.t1	158	No	No
g23539.t1	g23539.t1	439	No	No
g23540.t1	g23540.t1	112	No	No
g23541.t1	g23541.t1	317	No	No
g23542.t1	g23542.t1	348	No	No
g23543.t1	g23543.t1	372	No	No
g23544.t1	g23544.t1	77	No	No
g23545.t1	g23545.t1	163	No	No
g23546.t1	g23546.t1	298	No	No
g23547.t1	g23547.t1	68	No	No
g23548.t1	g23548.t1	90	No	No
g23549.t1	g23549.t1	69	No	No
g23550.t1	g23550.t1	125	No	No
g23551.t1	g23551.t1	509	No	No
g23552.t1	g23552.t1	185	No	No
g23553.t1	g23553.t1	1012	No	No
g23554.t1	g23554.t1	325	No	No
g23555.t1	g23555.t1	459	No	No
g23556.t1	g23556.t1	740	No	No
g23557.t1	g23557.t1	261	Yes	No
g23558.t1	g23558.t1	232	No	No
g23559.t1	g23559.t1	184	No	No
g23560.t1	g23560.t1	789	No	No
g23561.t1	g23561.t1	78	No	No
g23562.t2	g23562.t2	556	No	No
g23563.t1	g23563.t1	416	No	No
g23564.t1	g23564.t1	370	No	No
g23565.t1	g23565.t1	645	No	No
g23566.t1	g23566.t1	761	No	No
g23567.t1	g23567.t1	854	No	No
g23568.t1	g23568.t1	754	No	No
g23569.t1	g23569.t1	62	Yes	No
g23570.t1	g23570.t1	482	No	No
g23571.t1	g23571.t1	603	No	No
g23572.t1	g23572.t1	283	No	No
g23573.t1	g23573.t1	1179	No	No
g23574.t1	g23574.t1	123	No	No
g23575.t1	g23575.t1	359	No	No
g23576.t1	g23576.t1	1099	No	No
g23577.t1	g23577.t1	387	No	No
g23578.t1	g23578.t1	182	No	No
g23579.t1	g23579.t1	247	No	No
g23580.t1	g23580.t1	283	No	No
g23581.t1	g23581.t1	125	No	No
g23582.t1	g23582.t1	18909	No	No
g23583.t1	g23583.t1	198	No	No
g23584.t1	g23584.t1	394	No	No
g23585.t1	g23585.t1	171	No	No
g23586.t1	g23586.t1	197	No	No
g23587.t1	g23587.t1	109	No	No
g23588.t1	g23588.t1	168	No	No
g23589.t1	g23589.t1	138	No	No
g23590.t1	g23590.t1	431	No	No
g23591.t1	g23591.t1	57	Yes	No
g23592.t1	g23592.t1	307	No	No
g23593.t1	g23593.t1	726	No	No
g23594.t1	g23594.t1	147	No	No
g23595.t1	g23595.t1	241	No	No
g23596.t1	g23596.t1	153	No	No
g23597.t1	g23597.t1	103	No	No
g23598.t1	g23598.t1	153	No	No
g23599.t1	g23599.t1	107	No	No
g23600.t1	g23600.t1	861	No	No
g23601.t1	g23601.t1	273	No	No
g23602.t1	g23602.t1	321	No	No
g23603.t1	g23603.t1	592	No	No
g23604.t1	g23604.t1	348	No	No
g23605.t1	g23605.t1	199	No	No
g23606.t1	g23606.t1	197	No	No
g23607.t1	g23607.t1	197	No	No
g23608.t1	g23608.t1	136	Yes	No
g23609.t1	g23609.t1	253	No	No
g23610.t1	g23610.t1	595	No	No
g23611.t3	g23611.t3	791	No	No
g23612.t1	g23612.t1	155	No	No
g23613.t1	g23613.t1	337	No	No
g23614.t1	g23614.t1	266	No	No
g23615.t1	g23615.t1	92	No	No
g23616.t1	g23616.t1	342	No	No
g23617.t1	g23617.t1	192	No	No
g23618.t1	g23618.t1	457	No	No
g23619.t1	g23619.t1	1130	No	No
g23620.t1	g23620.t1	92	No	No
g23621.t1	g23621.t1	660	No	No
g23622.t1	g23622.t1	271	No	No
g23623.t1	g23623.t1	81	No	No
g23624.t1	g23624.t1	183	No	No
g23625.t1	g23625.t1	627	No	No
g23626.t1	g23626.t1	117	No	No
g23627.t1	g23627.t1	275	No	No
g23628.t1	g23628.t1	186	No	No
g23629.t1	g23629.t1	182	No	No
g23630.t1	g23630.t1	679	No	No
g23631.t1	g23631.t1	369	No	No
g23632.t1	g23632.t1	683	No	No
g23633.t1	g23633.t1	303	No	No
g23634.t1	g23634.t1	100	No	No
g23635.t1	g23635.t1	389	No	No
g23636.t1	g23636.t1	58	No	No
g23637.t1	g23637.t1	123	No	No
g23638.t1	g23638.t1	205	Yes	No
g23639.t1	g23639.t1	407	No	No
g23640.t1	g23640.t1	1531	No	No
g23641.t1	g23641.t1	207	Yes	No
g23642.t1	g23642.t1	89	No	No
g23643.t1	g23643.t1	141	No	No
g23644.t1	g23644.t1	791	No	No
g23645.t1	g23645.t1	248	No	No
g23646.t1	g23646.t1	96	No	No
g23647.t1	g23647.t1	185	No	No
g23648.t1	g23648.t1	111	No	No
g23649.t1	g23649.t1	756	No	No
g23650.t1	g23650.t1	366	No	No
g23651.t1	g23651.t1	216	No	No
g23652.t1	g23652.t1	258	No	No
g23653.t1	g23653.t1	477	No	No
g23654.t1	g23654.t1	6097	No	No
g23655.t1	g23655.t1	948	No	No
g23656.t1	g23656.t1	80	No	No
g23657.t1	g23657.t1	134	No	No
g23658.t1	g23658.t1	87	No	No
g23659.t1	g23659.t1	643	No	No
g23660.t1	g23660.t1	395	No	No
g23661.t1	g23661.t1	265	No	No
g23662.t1	g23662.t1	587	No	No
g23663.t1	g23663.t1	587	No	No
g23664.t1	g23664.t1	414	No	No
g23665.t1	g23665.t1	299	No	No
g23666.t1	g23666.t1	232	No	No
g23667.t1	g23667.t1	697	No	No
g23668.t1	g23668.t1	147	No	No
g23669.t1	g23669.t1	168	No	No
g23670.t1	g23670.t1	127	No	No
g23671.t1	g23671.t1	1802	No	No
g23672.t1	g23672.t1	83	No	No
g23673.t1	g23673.t1	326	No	No
g23674.t1	g23674.t1	264	No	No
g23675.t1	g23675.t1	237	No	No
g23676.t1	g23676.t1	260	No	No
g23677.t1	g23677.t1	93	No	No
g23678.t1	g23678.t1	115	No	No
g23679.t1	g23679.t1	219	No	No
g23680.t1	g23680.t1	416	No	No
g23681.t2	g23681.t2	328	No	No
g23682.t1	g23682.t1	441	No	No
g23683.t1	g23683.t1	67	No	No
g23684.t1	g23684.t1	419	No	No
g23685.t1	g23685.t1	425	No	No
g23686.t1	g23686.t1	790	No	No
g23687.t1	g23687.t1	247	No	No
g23688.t2	g23688.t2	197	Yes	No
g23689.t1	g23689.t1	327	No	No
g23690.t1	g23690.t1	178	Yes	No
g23691.t1	g23691.t1	444	No	No
g23692.t1	g23692.t1	272	No	No
g23693.t1	g23693.t1	671	No	No
g23694.t1	g23694.t1	295	No	No
g23695.t1	g23695.t1	1392	No	No
g23696.t1	g23696.t1	1576	No	No
g23697.t1	g23697.t1	68	No	No
g23698.t1	g23698.t1	77	No	No
g23699.t1	g23699.t1	216	Yes	No
g23700.t1	g23700.t1	178	No	No
g23701.t1	g23701.t1	268	Yes	No
g23702.t1	g23702.t1	49	Yes	No
g23703.t1	g23703.t1	557	No	No
g23704.t1	g23704.t1	462	No	No
g23705.t1	g23705.t1	822	No	No
g23706.t1	g23706.t1	192	Yes	No
g23707.t1	g23707.t1	262	No	No
g23708.t1	g23708.t1	238	No	No
g23709.t2	g23709.t2	264	No	No
g23710.t1	g23710.t1	413	No	No
g23711.t1	g23711.t1	178	No	No
g23712.t1	g23712.t1	656	No	No
g23713.t1	g23713.t1	260	No	No
g23714.t1	g23714.t1	487	No	No
g23715.t2	g23715.t2	1169	No	No
g23716.t1	g23716.t1	433	No	No
g23717.t1	g23717.t1	226	No	No
g23718.t1	g23718.t1	244	No	No
g23719.t1	g23719.t1	643	No	No
g23720.t1	g23720.t1	275	No	No
g23721.t2	g23721.t2	754	No	No
g23722.t1	g23722.t1	172	No	No
g23723.t1	g23723.t1	89	No	No
g23724.t1	g23724.t1	2593	Yes	No
g23725.t1	g23725.t1	299	Yes	No
g23726.t1	g23726.t1	98	No	No
g23727.t1	g23727.t1	58	Yes	No
g23728.t1	g23728.t1	90	No	No
g23729.t1	g23729.t1	70	No	No
g23730.t1	g23730.t1	83	No	No
g23731.t1	g23731.t1	77	No	No
g23732.t1	g23732.t1	68	No	No
g23733.t1	g23733.t1	84	Yes	No
g23734.t1	g23734.t1	514	No	No
g23735.t1	g23735.t1	471	No	No
g23736.t1	g23736.t1	515	No	No
g23737.t1	g23737.t1	108	No	No
g23738.t1	g23738.t1	334	No	No
g23739.t1	g23739.t1	84	Yes	No
g23740.t1	g23740.t1	1458	No	No
g23741.t1	g23741.t1	1357	No	No
g23742.t1	g23742.t1	212	No	No
g23743.t1	g23743.t1	141	No	No
g23744.t1	g23744.t1	166	No	No
g23745.t1	g23745.t1	164	No	No
g23746.t2	g23746.t2	2271	No	No
g23747.t1	g23747.t1	356	Yes	No
g23748.t1	g23748.t1	87	No	No
g23749.t1	g23749.t1	405	No	No
g23750.t1	g23750.t1	231	No	No
g23751.t1	g23751.t1	409	No	No
g23752.t1	g23752.t1	484	Yes	No
g23753.t1	g23753.t1	101	No	No
g23754.t1	g23754.t1	1168	Yes	No
g23755.t1	g23755.t1	106	No	No
g23756.t2	g23756.t2	826	No	No
g23757.t1	g23757.t1	301	No	No
g23758.t1	g23758.t1	90	No	No
g23759.t1	g23759.t1	80	No	No
g23760.t1	g23760.t1	219	No	No
g23761.t1	g23761.t1	81	No	No
g23762.t1	g23762.t1	92	No	No
g23763.t1	g23763.t1	132	No	No
g23764.t1	g23764.t1	163	No	No
g23765.t1	g23765.t1	353	No	No
g23766.t1	g23766.t1	117	No	No
g23767.t1	g23767.t1	212	No	No
g23768.t1	g23768.t1	447	No	No
g23769.t1	g23769.t1	96	No	No
g23770.t1	g23770.t1	460	No	No
g23771.t1	g23771.t1	77	No	No
g23772.t1	g23772.t1	1994	No	No
g23773.t1	g23773.t1	321	No	No
g23774.t1	g23774.t1	75	No	No
g23775.t1	g23775.t1	139	No	No
g23776.t1	g23776.t1	92	No	No
g23777.t1	g23777.t1	108	No	No
g23778.t1	g23778.t1	549	No	No
g23779.t1	g23779.t1	76	Yes	No
g23780.t1	g23780.t1	467	Yes	No
g23781.t1	g23781.t1	153	No	No
g23782.t1	g23782.t1	273	No	No
g23783.t1	g23783.t1	262	No	No
g23784.t1	g23784.t1	1397	No	No
g23785.t2	g23785.t2	1006	No	No
g23786.t1	g23786.t1	391	No	No
g23787.t1	g23787.t1	1327	No	No
g23788.t1	g23788.t1	1282	No	No
g23789.t1	g23789.t1	1367	No	No
g23790.t2	g23790.t2	1299	No	No
g23791.t1	g23791.t1	153	No	No
g23792.t1	g23792.t1	303	No	No
g23793.t1	g23793.t1	225	Yes	No
g23794.t1	g23794.t1	603	No	No
g23795.t1	g23795.t1	525	No	No
g23796.t1	g23796.t1	258	No	No
g23797.t1	g23797.t1	313	No	No
g23798.t1	g23798.t1	120	No	No
g23799.t1	g23799.t1	2397	No	No
g23800.t1	g23800.t1	467	No	No
g23801.t1	g23801.t1	310	No	No
g23802.t1	g23802.t1	75	No	No
g23803.t1	g23803.t1	182	No	No
g23804.t1	g23804.t1	41	Yes	No
g23805.t1	g23805.t1	325	No	No
g23806.t1	g23806.t1	609	No	No
g23807.t1	g23807.t1	281	No	No
g23808.t1	g23808.t1	217	No	No
g23809.t1	g23809.t1	153	No	No
g23810.t1	g23810.t1	245	Yes	No
g23811.t2	g23811.t2	178	No	No
g23812.t1	g23812.t1	212	No	No
g23813.t1	g23813.t1	87	No	No
g23814.t1	g23814.t1	102	No	No
g23815.t2	g23815.t2	72	No	No
g23816.t1	g23816.t1	93	No	No
g23817.t1	g23817.t1	787	No	No
g23818.t1	g23818.t1	78	No	No
g23819.t1	g23819.t1	618	No	No
g23820.t1	g23820.t1	405	No	No
g23821.t1	g23821.t1	142	No	No
g23822.t1	g23822.t1	591	No	No
g23823.t1	g23823.t1	365	No	No
g23824.t1	g23824.t1	275	No	No
g23825.t1	g23825.t1	599	No	No
g23826.t1	g23826.t1	83	No	No
g23827.t1	g23827.t1	222	No	No
g23828.t1	g23828.t1	175	No	No
g23829.t1	g23829.t1	346	Yes	No
g23830.t1	g23830.t1	98	No	No
g23831.t1	g23831.t1	78	No	No
g23832.t1	g23832.t1	259	No	No
g23833.t1	g23833.t1	100	Yes	No
g23834.t1	g23834.t1	72	Yes	No
g23835.t1	g23835.t1	560	No	No
g23836.t1	g23836.t1	217	No	No
g23837.t1	g23837.t1	472	No	No
g23838.t1	g23838.t1	112	No	No
g23839.t1	g23839.t1	91	No	No
g23840.t1	g23840.t1	538	No	No
g23841.t1	g23841.t1	142	No	No
g23842.t1	g23842.t1	78	No	No
g23843.t1	g23843.t1	234	No	No
g23844.t1	g23844.t1	500	No	No
g23845.t1	g23845.t1	315	No	No
g23846.t1	g23846.t1	160	No	No
g23847.t1	g23847.t1	740	No	No
g23848.t1	g23848.t1	663	No	No
g23849.t1	g23849.t1	82	No	No
g23850.t1	g23850.t1	75	No	No
g23851.t1	g23851.t1	393	No	No
g23852.t1	g23852.t1	68	No	No
g23853.t1	g23853.t1	132	No	No
g23854.t1	g23854.t1	66	No	No
g23855.t1	g23855.t1	37	Yes	No
g23856.t1	g23856.t1	437	No	No
g23857.t1	g23857.t1	387	No	No
g23858.t1	g23858.t1	315	No	No
g23859.t1	g23859.t1	171	No	No
g23860.t1	g23860.t1	532	No	No
g23861.t1	g23861.t1	102	No	No
g23862.t1	g23862.t1	1392	No	No
g23863.t1	g23863.t1	787	No	No
g23864.t1	g23864.t1	1255	No	No
g23865.t1	g23865.t1	136	No	No
g23866.t1	g23866.t1	308	No	No
g23867.t1	g23867.t1	222	No	No
g23868.t1	g23868.t1	132	No	No
g23869.t1	g23869.t1	161	No	No
g23870.t1	g23870.t1	841	No	No
g23871.t1	g23871.t1	265	No	No
g23872.t1	g23872.t1	245	No	No
g23873.t1	g23873.t1	163	No	No
g23874.t1	g23874.t1	104	No	No
g23875.t1	g23875.t1	570	No	No
g23876.t1	g23876.t1	163	Yes	No
g23877.t1	g23877.t1	727	No	No
g23878.t1	g23878.t1	98	No	No
g23879.t1	g23879.t1	693	No	No
g23880.t1	g23880.t1	185	No	No
g23881.t1	g23881.t1	599	No	No
g23882.t1	g23882.t1	145	No	No
g23883.t1	g23883.t1	101	No	No
g23884.t1	g23884.t1	235	No	No
g23885.t1	g23885.t1	436	No	No
g23886.t1	g23886.t1	551	No	No
g23887.t1	g23887.t1	687	No	No
g23888.t1	g23888.t1	316	No	No
g23889.t1	g23889.t1	770	No	No
g23890.t1	g23890.t1	371	No	No
g23891.t1	g23891.t1	240	No	No
g23892.t1	g23892.t1	311	No	No
g23893.t1	g23893.t1	1414	No	No
g23894.t1	g23894.t1	405	No	No
g23895.t1	g23895.t1	336	No	No
g23896.t1	g23896.t1	1381	No	No
g23897.t1	g23897.t1	200	Yes	No
g23898.t1	g23898.t1	118	No	No
g23899.t1	g23899.t1	102	No	No
g23900.t1	g23900.t1	75	No	No
g23901.t3	g23901.t3	702	Yes	No
g23902.t1	g23902.t1	1427	No	No
g23903.t1	g23903.t1	715	No	No
g23904.t1	g23904.t1	228	No	No
g23905.t1	g23905.t1	137	No	No
g23906.t1	g23906.t1	105	No	No
g23907.t1	g23907.t1	316	No	No
g23908.t1	g23908.t1	235	No	No
g23909.t1	g23909.t1	239	No	No
g23910.t1	g23910.t1	227	No	No
g23911.t1	g23911.t1	293	No	No
g23912.t1	g23912.t1	328	No	No
g23913.t1	g23913.t1	261	No	No
g23914.t1	g23914.t1	329	No	No
g23915.t1	g23915.t1	641	No	No
g23916.t2	g23916.t2	330	No	No
g23917.t1	g23917.t1	254	No	No
g23918.t1	g23918.t1	254	No	No
g23919.t2	g23919.t2	341	No	No
g23920.t1	g23920.t1	295	No	No
g23921.t1	g23921.t1	294	No	No
g23922.t1	g23922.t1	796	No	No
g23923.t1	g23923.t1	112	No	No
g23924.t1	g23924.t1	110	No	No
g23925.t1	g23925.t1	180	Yes	No
g23926.t1	g23926.t1	87	No	No
g23927.t1	g23927.t1	79	No	No
g23928.t1	g23928.t1	80	No	No
g23929.t1	g23929.t1	146	No	No
g23930.t1	g23930.t1	1077	No	No
g23931.t1	g23931.t1	82	Yes	No
g23932.t1	g23932.t1	228	No	No
g23933.t1	g23933.t1	260	No	No
g23934.t1	g23934.t1	371	No	No
g23935.t1	g23935.t1	282	No	No
g23936.t1	g23936.t1	104	No	No
g23937.t1	g23937.t1	267	No	No
g23938.t1	g23938.t1	90	No	No
g23939.t1	g23939.t1	82	No	No
g23940.t1	g23940.t1	487	No	No
g23941.t1	g23941.t1	93	No	No
g23942.t1	g23942.t1	601	No	No
g23943.t1	g23943.t1	544	No	No
g23944.t1	g23944.t1	570	No	No
g23945.t1	g23945.t1	69	No	No
g23946.t1	g23946.t1	109	No	No
g23947.t1	g23947.t1	104	No	No
g23948.t1	g23948.t1	90	No	No
g23949.t1	g23949.t1	674	No	No
g23950.t1	g23950.t1	208	No	No
g23951.t1	g23951.t1	158	No	No
g23952.t1	g23952.t1	466	Yes	No
g23953.t1	g23953.t1	348	No	No
g23954.t1	g23954.t1	132	No	No
g23955.t1	g23955.t1	145	No	No
g23956.t1	g23956.t1	119	No	No
g23957.t1	g23957.t1	106	No	No
g23958.t1	g23958.t1	293	No	No
g23959.t1	g23959.t1	117	No	No
g23960.t1	g23960.t1	288	Yes	No
g23961.t1	g23961.t1	179	No	No
g23962.t1	g23962.t1	539	No	No
g23963.t1	g23963.t1	141	No	No
g23964.t1	g23964.t1	437	No	No
g23965.t1	g23965.t1	171	No	No
g23966.t1	g23966.t1	82	Yes	No
g23967.t1	g23967.t1	195	No	No
g23968.t1	g23968.t1	180	No	No
g23969.t1	g23969.t1	284	No	No
g23970.t1	g23970.t1	328	No	No
g23971.t1	g23971.t1	101	No	No
g23972.t1	g23972.t1	755	No	No
g23973.t1	g23973.t1	368	Yes	No
g23974.t1	g23974.t1	240	Yes	No
g23975.t1	g23975.t1	219	No	No
g23976.t1	g23976.t1	162	No	No
g23977.t1	g23977.t1	99	No	No
g23978.t1	g23978.t1	128	Yes	No
g23979.t1	g23979.t1	628	No	No
g23980.t1	g23980.t1	250	No	No
g23981.t1	g23981.t1	432	No	No
g23982.t1	g23982.t1	452	No	No
g23983.t2	g23983.t2	194	No	No
g23984.t1	g23984.t1	276	No	No
g23985.t1	g23985.t1	848	No	No
g23986.t1	g23986.t1	422	No	No
g23987.t1	g23987.t1	77	Yes	No
g23988.t2	g23988.t2	614	No	No
g23989.t1	g23989.t1	970	No	No
g23990.t1	g23990.t1	120	No	No
g23991.t1	g23991.t1	119	Yes	No
g23992.t1	g23992.t1	238	No	No
g23993.t1	g23993.t1	239	No	No
g23994.t1	g23994.t1	158	No	No
g23995.t1	g23995.t1	239	No	No
g23996.t1	g23996.t1	255	No	No
g23997.t1	g23997.t1	154	No	No
g23998.t1	g23998.t1	98	No	No
g23999.t1	g23999.t1	516	No	No
g24000.t1	g24000.t1	185	No	No
g24001.t1	g24001.t1	165	No	No
g24002.t1	g24002.t1	161	No	No
g24003.t1	g24003.t1	483	No	No
g24004.t1	g24004.t1	139	No	No
g24005.t1	g24005.t1	460	No	No
g24006.t1	g24006.t1	313	No	No
g24007.t1	g24007.t1	708	No	No
g24008.t1	g24008.t1	823	No	No
g24009.t1	g24009.t1	249	No	No
g24010.t1	g24010.t1	213	No	No
g24011.t1	g24011.t1	591	No	No
g24012.t1	g24012.t1	442	No	No
g24013.t1	g24013.t1	317	No	No
g24014.t1	g24014.t1	67	No	No
g24015.t1	g24015.t1	854	No	No
g24016.t1	g24016.t1	2159	No	No
g24017.t1	g24017.t1	607	No	No
g24018.t1	g24018.t1	462	No	No
g24019.t1	g24019.t1	773	Yes	No
g24020.t1	g24020.t1	169	No	No
g24021.t1	g24021.t1	222	No	No
g24022.t1	g24022.t1	56	No	No
g24023.t1	g24023.t1	149	No	No
g24024.t1	g24024.t1	115	No	No
g24025.t1	g24025.t1	221	No	No
g24026.t1	g24026.t1	530	No	No
g24027.t1	g24027.t1	118	No	No
g24028.t1	g24028.t1	202	No	No
g24029.t1	g24029.t1	532	No	No
g24030.t1	g24030.t1	398	No	No
g24031.t1	g24031.t1	168	No	No
g24032.t1	g24032.t1	659	No	No
g24033.t1	g24033.t1	145	No	No
g24034.t1	g24034.t1	93	No	No
g24035.t3	g24035.t3	474	No	No
g24036.t1	g24036.t1	594	No	No
g24037.t1	g24037.t1	67	Yes	No
g24038.t1	g24038.t1	146	No	No
g24039.t1	g24039.t1	101	No	No
g24040.t1	g24040.t1	405	Yes	No
g24041.t1	g24041.t1	702	No	No
g24042.t1	g24042.t1	398	Yes	No
g24043.t1	g24043.t1	235	No	No
g24044.t1	g24044.t1	319	No	No
g24045.t1	g24045.t1	90	No	No
g24046.t1	g24046.t1	88	No	No
g24047.t1	g24047.t1	146	No	No
g24048.t1	g24048.t1	173	Yes	No
g24049.t1	g24049.t1	101	No	No
g24050.t1	g24050.t1	440	No	No
g24051.t1	g24051.t1	60	Yes	No
g24052.t1	g24052.t1	724	No	No
g24053.t2	g24053.t2	216	No	No
g24054.t1	g24054.t1	894	No	No
g24055.t1	g24055.t1	196	No	No
g24056.t1	g24056.t1	337	No	No
g24057.t1	g24057.t1	263	No	No
g24058.t1	g24058.t1	105	Yes	No
g24059.t1	g24059.t1	208	No	No
g24060.t1	g24060.t1	449	No	No
g24061.t1	g24061.t1	234	No	No
g24062.t1	g24062.t1	382	No	No
g24063.t1	g24063.t1	544	No	No
g24064.t2	g24064.t2	548	No	No
g24065.t1	g24065.t1	819	No	No
g24066.t1	g24066.t1	918	No	No
g24067.t1	g24067.t1	295	No	No
g24068.t1	g24068.t1	105	No	No
g24069.t1	g24069.t1	375	No	No
g24070.t1	g24070.t1	75	No	No
g24071.t1	g24071.t1	50	Yes	No
g24072.t1	g24072.t1	613	No	No
g24073.t1	g24073.t1	743	No	No
g24074.t1	g24074.t1	496	No	No
g24075.t1	g24075.t1	382	No	No
g24076.t1	g24076.t1	374	No	No
g24077.t1	g24077.t1	1035	No	No
g24078.t1	g24078.t1	456	No	No
g24079.t1	g24079.t1	121	No	No
g24080.t1	g24080.t1	97	No	No
g24081.t1	g24081.t1	681	Yes	No
g24082.t1	g24082.t1	131	No	No
g24083.t1	g24083.t1	759	No	No
g24084.t1	g24084.t1	963	No	No
g24085.t1	g24085.t1	87	No	No
g24086.t1	g24086.t1	146	No	No
g24087.t1	g24087.t1	178	Yes	No
g24088.t1	g24088.t1	612	Yes	No
g24089.t1	g24089.t1	110	No	No
g24090.t1	g24090.t1	155	No	No
g24091.t1	g24091.t1	469	No	No
g24092.t1	g24092.t1	127	No	No
g24093.t1	g24093.t1	152	No	No
g24094.t1	g24094.t1	344	Yes	No
g24095.t1	g24095.t1	86	No	No
g24096.t1	g24096.t1	67	No	No
g24097.t1	g24097.t1	69	No	No
g24098.t1	g24098.t1	296	No	No
g24099.t1	g24099.t1	534	No	No
g24100.t1	g24100.t1	118	No	No
g24101.t1	g24101.t1	276	No	No
g24102.t2	g24102.t2	239	No	No
g24103.t1	g24103.t1	796	No	No
g24104.t1	g24104.t1	896	No	No
g24105.t1	g24105.t1	417	No	No
g24106.t1	g24106.t1	113	No	No
g24107.t1	g24107.t1	119	No	No
g24108.t1	g24108.t1	916	No	No
g24109.t1	g24109.t1	415	No	No
g24110.t1	g24110.t1	975	No	No
g24111.t1	g24111.t1	417	No	No
g24112.t1	g24112.t1	423	No	No
g24113.t2	g24113.t2	531	No	No
g24114.t1	g24114.t1	108	No	No
g24115.t1	g24115.t1	126	No	No
g24116.t1	g24116.t1	670	No	No
g24117.t1	g24117.t1	194	Yes	No
g24118.t1	g24118.t1	400	No	No
g24119.t1	g24119.t1	184	No	No
g24120.t1	g24120.t1	162	No	No
g24121.t1	g24121.t1	142	No	No
g24122.t1	g24122.t1	96	No	No
g24123.t3	g24123.t3	959	No	No
g24124.t1	g24124.t1	1045	No	No
g24125.t1	g24125.t1	313	No	No
g24126.t1	g24126.t1	910	No	No
g24127.t1	g24127.t1	198	No	No
g24128.t1	g24128.t1	155	No	No
g24129.t1	g24129.t1	350	No	No
g24130.t1	g24130.t1	264	No	No
g24131.t1	g24131.t1	259	No	No
g24132.t1	g24132.t1	274	No	No
g24133.t1	g24133.t1	114	No	No
g24134.t1	g24134.t1	287	No	No
g24135.t1	g24135.t1	428	No	No
g24136.t1	g24136.t1	449	No	No
g24137.t1	g24137.t1	667	No	No
g24138.t1	g24138.t1	292	No	No
g24139.t1	g24139.t1	78	No	No
g24140.t1	g24140.t1	97	No	No
g24141.t1	g24141.t1	320	No	No
g24142.t1	g24142.t1	170	No	No
g24143.t1	g24143.t1	204	Yes	No
g24144.t1	g24144.t1	617	No	No
g24145.t1	g24145.t1	511	No	No
g24146.t1	g24146.t1	1228	No	No
g24147.t1	g24147.t1	583	No	No
g24148.t1	g24148.t1	280	No	No
g24149.t1	g24149.t1	146	No	No
g24150.t1	g24150.t1	174	No	No
g24151.t1	g24151.t1	92	No	No
g24152.t1	g24152.t1	80	No	No
g24153.t1	g24153.t1	134	No	No
g24154.t1	g24154.t1	142	No	No
g24155.t1	g24155.t1	222	No	No
g24156.t1	g24156.t1	395	No	No
g24157.t1	g24157.t1	99	Yes	No
g24158.t1	g24158.t1	189	No	No
g24159.t1	g24159.t1	554	No	No
g24160.t1	g24160.t1	78	No	No
g24161.t1	g24161.t1	597	No	No
g24162.t1	g24162.t1	212	No	No
g24163.t1	g24163.t1	69	No	No
g24164.t1	g24164.t1	85	No	No
g24165.t1	g24165.t1	785	No	No
g24166.t1	g24166.t1	283	Yes	No
g24167.t1	g24167.t1	150	No	No
g24168.t1	g24168.t1	184	No	No
g24169.t1	g24169.t1	201	No	No
g24170.t1	g24170.t1	419	No	No
g24171.t1	g24171.t1	434	No	No
g24172.t1	g24172.t1	140	No	No
g24173.t1	g24173.t1	305	No	No
g24174.t1	g24174.t1	99	No	No
g24175.t1	g24175.t1	1445	No	No
g24176.t1	g24176.t1	160	No	No
g24177.t1	g24177.t1	131	No	No
g24178.t1	g24178.t1	224	Yes	No
g24179.t1	g24179.t1	870	No	No
g24180.t1	g24180.t1	705	No	No
g24181.t1	g24181.t1	98	No	No
g24182.t1	g24182.t1	546	No	No
g24183.t1	g24183.t1	92	No	No
g24184.t1	g24184.t1	188	No	No
g24185.t1	g24185.t1	88	No	No
g24186.t1	g24186.t1	228	No	No
g24187.t1	g24187.t1	286	No	No
g24188.t1	g24188.t1	273	No	No
g24189.t1	g24189.t1	593	No	No
g24190.t1	g24190.t1	189	Yes	No
g24191.t1	g24191.t1	209	No	No
g24192.t1	g24192.t1	220	Yes	No
g24193.t1	g24193.t1	264	No	No
g24194.t1	g24194.t1	892	No	No
g24195.t1	g24195.t1	217	No	No
g24196.t1	g24196.t1	184	No	No
g24197.t1	g24197.t1	108	No	No
g24198.t1	g24198.t1	398	No	No
g24199.t1	g24199.t1	649	No	No
g24200.t1	g24200.t1	73	No	No
g24201.t1	g24201.t1	778	No	No
g24202.t1	g24202.t1	476	No	No
g24203.t1	g24203.t1	788	No	No
g24204.t1	g24204.t1	651	No	No
g24205.t1	g24205.t1	875	No	No
g24206.t1	g24206.t1	90	No	No
g24207.t1	g24207.t1	494	No	No
g24208.t1	g24208.t1	70	Yes	No
g24209.t1	g24209.t1	262	No	No
g24210.t2	g24210.t2	245	No	No
g24211.t1	g24211.t1	1438	No	No
g24212.t1	g24212.t1	152	No	No
g24213.t1	g24213.t1	224	No	No
g24214.t1	g24214.t1	88	No	No
g24215.t1	g24215.t1	267	No	No
g24216.t1	g24216.t1	112	No	No
g24217.t1	g24217.t1	155	No	No
g24218.t1	g24218.t1	586	No	No
g24219.t1	g24219.t1	182	No	No
g24220.t1	g24220.t1	94	No	No
g24221.t1	g24221.t1	131	No	No
g24222.t1	g24222.t1	458	No	No
g24223.t1	g24223.t1	226	No	No
g24224.t1	g24224.t1	437	No	No
g24225.t1	g24225.t1	96	No	No
g24226.t1	g24226.t1	78	No	No
g24227.t1	g24227.t1	152	No	No
g24228.t1	g24228.t1	783	No	No
g24229.t1	g24229.t1	393	No	No
g24230.t1	g24230.t1	91	No	No
g24231.t1	g24231.t1	54	Yes	No
g24232.t1	g24232.t1	62	Yes	No
g24233.t1	g24233.t1	127	No	No
g24234.t1	g24234.t1	1357	No	No
g24235.t1	g24235.t1	84	No	No
g24236.t1	g24236.t1	74	No	No
g24237.t1	g24237.t1	72	No	No
g24238.t1	g24238.t1	104	No	No
g24239.t1	g24239.t1	201	No	No
g24240.t1	g24240.t1	220	No	No
g24241.t1	g24241.t1	493	No	No
g24242.t1	g24242.t1	107	No	No
g24243.t1	g24243.t1	635	No	No
g24244.t1	g24244.t1	100	No	No
g24245.t1	g24245.t1	132	No	No
g24246.t1	g24246.t1	92	No	No
g24247.t1	g24247.t1	319	No	No
g24248.t1	g24248.t1	308	No	No
g24249.t1	g24249.t1	145	No	No
g24250.t1	g24250.t1	87	No	No
g24251.t1	g24251.t1	124	No	No
g24252.t1	g24252.t1	1036	No	No
g24253.t1	g24253.t1	150	No	No
g24254.t1	g24254.t1	535	No	No
g24255.t1	g24255.t1	238	No	No
g24256.t1	g24256.t1	577	No	No
g24257.t2	g24257.t2	415	No	No
g24258.t1	g24258.t1	302	No	No
g24259.t1	g24259.t1	238	No	No
g24260.t1	g24260.t1	49	No	No
g24261.t1	g24261.t1	99	Yes	No
g24262.t1	g24262.t1	367	No	No
g24263.t1	g24263.t1	68	No	No
g24264.t1	g24264.t1	952	No	No
g24265.t1	g24265.t1	299	Yes	No
g24266.t1	g24266.t1	411	Yes	No
g24267.t1	g24267.t1	631	No	No
g24268.t1	g24268.t1	86	No	No
g24269.t1	g24269.t1	84	No	No
g24270.t1	g24270.t1	185	Yes	No
g24271.t1	g24271.t1	446	No	No
g24272.t1	g24272.t1	300	No	No
g24273.t1	g24273.t1	387	No	No
g24274.t1	g24274.t1	303	No	No
g24275.t1	g24275.t1	641	No	No
g24276.t1	g24276.t1	90	No	No
g24277.t1	g24277.t1	267	No	No
g24278.t1	g24278.t1	361	No	No
g24279.t1	g24279.t1	633	No	No
g24280.t1	g24280.t1	154	No	No
g24281.t1	g24281.t1	237	No	No
g24282.t1	g24282.t1	262	No	No
g24283.t1	g24283.t1	262	No	No
g24284.t1	g24284.t1	240	No	No
g24285.t1	g24285.t1	265	No	No
g24286.t1	g24286.t1	238	No	No
g24287.t1	g24287.t1	270	No	No
g24288.t1	g24288.t1	205	No	No
g24289.t1	g24289.t1	101	No	No
g24290.t1	g24290.t1	103	No	No
g24291.t1	g24291.t1	99	No	No
g24292.t1	g24292.t1	108	No	No
g24293.t1	g24293.t1	462	No	No
g24294.t1	g24294.t1	398	No	No
g24295.t1	g24295.t1	89	No	No
g24296.t1	g24296.t1	153	No	No
g24297.t1	g24297.t1	143	Yes	No
g24298.t1	g24298.t1	649	No	No
g24299.t1	g24299.t1	665	No	No
g24300.t1	g24300.t1	133	No	No
g24301.t1	g24301.t1	824	No	No
g24302.t1	g24302.t1	271	No	No
g24303.t1	g24303.t1	134	No	No
g24304.t1	g24304.t1	681	No	No
g24305.t1	g24305.t1	1468	No	No
g24306.t1	g24306.t1	1337	No	No
g24307.t1	g24307.t1	156	No	No
g24308.t1	g24308.t1	764	No	No
g24309.t1	g24309.t1	2593	Yes	No
g24310.t1	g24310.t1	231	No	No
g24311.t1	g24311.t1	120	No	No
g24312.t1	g24312.t1	86	No	No
g24313.t1	g24313.t1	90	No	No
g24314.t1	g24314.t1	182	No	No
g24315.t1	g24315.t1	95	No	No
g24316.t1	g24316.t1	111	No	No
g24317.t1	g24317.t1	255	No	No
g24318.t1	g24318.t1	157	No	No
g24319.t1	g24319.t1	367	No	No
g24320.t1	g24320.t1	99	No	No
g24321.t1	g24321.t1	87	No	No
g24322.t1	g24322.t1	264	No	No
g24323.t1	g24323.t1	85	Yes	No
g24324.t1	g24324.t1	267	No	No
g24325.t1	g24325.t1	75	No	No
g24326.t1	g24326.t1	3033	No	No
g24327.t1	g24327.t1	402	No	No
g24328.t1	g24328.t1	875	No	No
g24329.t1	g24329.t1	181	No	No
g24330.t2	g24330.t2	139	No	No
g24331.t1	g24331.t1	572	No	No
g24332.t1	g24332.t1	147	No	No
g24333.t1	g24333.t1	114	Yes	No
g24334.t1	g24334.t1	83	No	No
g24335.t1	g24335.t1	306	No	No
g24336.t1	g24336.t1	160	No	No
g24337.t1	g24337.t1	592	No	No
g24338.t1	g24338.t1	1103	No	No
g24339.t1	g24339.t1	2076	No	No
g24340.t1	g24340.t1	131	No	No
g24341.t1	g24341.t1	80	No	No
g24342.t1	g24342.t1	380	Yes	No
g24343.t1	g24343.t1	270	No	No
g24344.t1	g24344.t1	58	No	No
g24345.t1	g24345.t1	210	Yes	No
g24346.t1	g24346.t1	193	No	No
g24347.t1	g24347.t1	325	No	No
g24348.t1	g24348.t1	100	No	No
g24349.t1	g24349.t1	239	No	No
g24350.t1	g24350.t1	353	Yes	No
g24351.t1	g24351.t1	683	No	No
g24352.t1	g24352.t1	224	No	No
g24353.t1	g24353.t1	75	No	No
g24354.t1	g24354.t1	629	No	No
g24355.t1	g24355.t1	1343	No	No
g24356.t1	g24356.t1	63	Yes	No
g24357.t1	g24357.t1	325	No	No
g24358.t1	g24358.t1	83	Yes	No
g24359.t1	g24359.t1	243	Yes	No
g24360.t1	g24360.t1	257	No	No
g24361.t1	g24361.t1	346	No	No
g24362.t1	g24362.t1	162	No	No
g24363.t3	g24363.t3	191	No	No
g24364.t1	g24364.t1	256	No	No
g24365.t1	g24365.t1	2176	No	No
g24366.t1	g24366.t1	303	Yes	No
g24367.t1	g24367.t1	332	No	No
g24368.t1	g24368.t1	573	No	No
g24369.t1	g24369.t1	94	No	No
g24370.t1	g24370.t1	161	No	No
g24371.t1	g24371.t1	152	No	No
g24372.t1	g24372.t1	348	No	No
g24373.t1	g24373.t1	201	No	No
g24374.t1	g24374.t1	360	No	No
g24375.t1	g24375.t1	227	No	No
g24376.t1	g24376.t1	234	No	No
g24377.t1	g24377.t1	136	No	No
g24378.t1	g24378.t1	541	No	No
g24379.t1	g24379.t1	165	No	No
g24380.t1	g24380.t1	340	No	No
g24381.t1	g24381.t1	729	No	No
g24382.t1	g24382.t1	234	No	No
g24383.t1	g24383.t1	98	Yes	No
g24384.t1	g24384.t1	164	No	No
g24385.t1	g24385.t1	199	No	No
g24386.t1	g24386.t1	136	No	No
g24387.t1	g24387.t1	103	No	No
g24388.t1	g24388.t1	124	No	No
g24389.t1	g24389.t1	123	No	No
g24390.t1	g24390.t1	298	No	No
g24391.t1	g24391.t1	169	No	No
g24392.t1	g24392.t1	216	No	No
g24393.t1	g24393.t1	166	No	No
g24394.t1	g24394.t1	95	No	No
g24395.t1	g24395.t1	85	No	No
g24396.t1	g24396.t1	92	No	No
g24397.t1	g24397.t1	123	Yes	No
g24398.t1	g24398.t1	74	No	No
g24399.t1	g24399.t1	416	No	No
g24400.t1	g24400.t1	340	No	No
g24401.t1	g24401.t1	437	No	No
g24402.t2	g24402.t2	979	No	No
g24403.t1	g24403.t1	746	No	No
g24404.t1	g24404.t1	191	No	No
g24405.t1	g24405.t1	556	No	No
g24406.t1	g24406.t1	106	No	No
g24407.t1	g24407.t1	107	No	No
g24408.t1	g24408.t1	855	No	No
g24409.t1	g24409.t1	848	No	No
g24410.t2	g24410.t2	278	No	No
g24411.t1	g24411.t1	267	Yes	No
g24412.t1	g24412.t1	1124	No	No
g24413.t1	g24413.t1	787	No	No
g24414.t1	g24414.t1	341	No	No
g24415.t1	g24415.t1	81	No	No
g24416.t1	g24416.t1	136	No	No
g24417.t1	g24417.t1	224	No	No
g24418.t1	g24418.t1	99	No	No
g24419.t2	g24419.t2	209	No	No
g24420.t1	g24420.t1	101	No	No
g24421.t1	g24421.t1	91	No	No
g24422.t1	g24422.t1	88	No	No
g24423.t1	g24423.t1	91	No	No
g24424.t1	g24424.t1	264	No	No
g24425.t1	g24425.t1	248	No	No
g24426.t1	g24426.t1	757	No	No
g24427.t1	g24427.t1	101	No	No
g24428.t1	g24428.t1	589	No	No
g24429.t1	g24429.t1	54	No	No
g24430.t1	g24430.t1	126	No	No
g24431.t1	g24431.t1	506	No	No
g24432.t1	g24432.t1	163	No	No
g24433.t1	g24433.t1	167	No	No
g24434.t1	g24434.t1	165	No	No
g24435.t1	g24435.t1	298	No	No
g24436.t1	g24436.t1	141	No	No
g24437.t1	g24437.t1	570	No	No
g24438.t1	g24438.t1	139	No	No
g24439.t1	g24439.t1	189	No	No
g24440.t1	g24440.t1	67	No	No
g24441.t1	g24441.t1	70	No	No
g24442.t1	g24442.t1	118	No	No
g24443.t1	g24443.t1	62	No	No
g24444.t1	g24444.t1	70	No	No
g24445.t1	g24445.t1	115	No	No
g24446.t1	g24446.t1	201	No	No
g24447.t1	g24447.t1	1203	No	No
g24448.t1	g24448.t1	146	Yes	No
g24449.t1	g24449.t1	694	No	No
g24450.t2	g24450.t2	828	No	No
g24451.t1	g24451.t1	336	No	No
g24452.t1	g24452.t1	535	Yes	No
g24453.t1	g24453.t1	460	No	No
g24454.t1	g24454.t1	99	Yes	No
g24455.t1	g24455.t1	79	No	No
g24456.t1	g24456.t1	136	No	No
g24457.t1	g24457.t1	152	No	No
g24458.t1	g24458.t1	677	No	No
g24459.t1	g24459.t1	131	No	No
g24460.t1	g24460.t1	68	No	No
g24461.t1	g24461.t1	439	No	No
g24462.t1	g24462.t1	528	No	No
g24463.t1	g24463.t1	810	No	No
g24464.t1	g24464.t1	425	No	No
g24465.t1	g24465.t1	515	No	No
g24466.t1	g24466.t1	98	No	No
g24467.t1	g24467.t1	81	No	No
g24468.t1	g24468.t1	118	No	No
g24469.t1	g24469.t1	1067	No	No
g24470.t1	g24470.t1	289	No	No
g24471.t1	g24471.t1	89	No	No
g24472.t1	g24472.t1	103	No	No
g24473.t2	g24473.t2	191	No	No
g24474.t1	g24474.t1	101	No	No
g24475.t1	g24475.t1	155	No	No
g24476.t1	g24476.t1	39	Yes	No
g24477.t1	g24477.t1	392	No	No
g24478.t1	g24478.t1	353	No	No
g24479.t1	g24479.t1	1094	No	No
g24480.t1	g24480.t1	149	No	No
g24481.t1	g24481.t1	550	No	No
g24482.t1	g24482.t1	545	No	No
g24483.t1	g24483.t1	522	No	No
g24484.t1	g24484.t1	93	No	No
g24485.t1	g24485.t1	954	No	No
g24486.t1	g24486.t1	392	No	No
g24487.t1	g24487.t1	744	No	No
g24488.t1	g24488.t1	357	No	No
g24489.t1	g24489.t1	425	No	No
g24490.t1	g24490.t1	107	No	No
g24491.t1	g24491.t1	4608	No	No
g24492.t1	g24492.t1	401	No	No
g24493.t1	g24493.t1	340	No	No
g24494.t1	g24494.t1	277	No	No
g24495.t1	g24495.t1	181	No	No
g24496.t1	g24496.t1	482	No	No
g24497.t1	g24497.t1	92	No	No
g24498.t1	g24498.t1	800	No	No
g24499.t1	g24499.t1	575	Yes	No
g24500.t1	g24500.t1	234	No	No
g24501.t1	g24501.t1	116	No	No
g24502.t1	g24502.t1	427	No	No
g24503.t1	g24503.t1	205	No	No
g24504.t1	g24504.t1	111	Yes	No
g24505.t1	g24505.t1	606	No	No
g24506.t3	g24506.t3	429	No	No
g24507.t1	g24507.t1	1370	No	No
g24508.t1	g24508.t1	108	No	No
g24509.t1	g24509.t1	1237	No	No
g24510.t1	g24510.t1	375	No	No
g24511.t1	g24511.t1	125	No	No
g24512.t1	g24512.t1	320	Yes	No
g24513.t1	g24513.t1	139	No	No
g24514.t1	g24514.t1	552	No	No
g24515.t1	g24515.t1	667	No	No
g24516.t1	g24516.t1	341	No	No
g24517.t1	g24517.t1	612	No	No
g24518.t1	g24518.t1	106	No	No
g24519.t1	g24519.t1	498	Yes	No
g24520.t1	g24520.t1	229	No	No
g24521.t1	g24521.t1	1657	No	No
g24522.t1	g24522.t1	579	No	No
g24523.t1	g24523.t1	490	No	No
g24524.t1	g24524.t1	85	No	No
g24525.t1	g24525.t1	252	No	No
g24526.t1	g24526.t1	203	Yes	No
g24527.t1	g24527.t1	227	No	No
g24528.t1	g24528.t1	556	No	No
g24529.t1	g24529.t1	100	No	No
g24530.t1	g24530.t1	349	No	No
g24531.t1	g24531.t1	211	No	No
g24532.t1	g24532.t1	72	No	No
g24533.t1	g24533.t1	672	No	No
g24534.t1	g24534.t1	274	Yes	No
g24535.t1	g24535.t1	197	No	No
g24536.t1	g24536.t1	143	No	No
g24537.t1	g24537.t1	75	No	No
g24538.t1	g24538.t1	244	No	No
g24539.t1	g24539.t1	568	No	No
g24540.t1	g24540.t1	103	No	No
g24541.t1	g24541.t1	224	No	No
g24542.t1	g24542.t1	176	No	No
g24543.t1	g24543.t1	173	No	No
g24544.t1	g24544.t1	233	No	No
g24545.t1	g24545.t1	453	No	No
g24546.t1	g24546.t1	171	No	No
g24547.t1	g24547.t1	326	No	No
g24548.t1	g24548.t1	223	No	No
g24549.t1	g24549.t1	152	No	No
g24550.t1	g24550.t1	137	No	No
g24551.t1	g24551.t1	620	Yes	No
g24552.t1	g24552.t1	625	No	No
g24553.t1	g24553.t1	115	No	No
g24554.t1	g24554.t1	156	No	No
g24555.t1	g24555.t1	67	No	No
g24556.t1	g24556.t1	265	No	No
g24557.t1	g24557.t1	859	No	No
g24558.t1	g24558.t1	190	No	No
g24559.t1	g24559.t1	841	No	No
g24560.t1	g24560.t1	229	No	No
g24561.t1	g24561.t1	748	No	No
g24562.t1	g24562.t1	344	No	No
g24563.t1	g24563.t1	580	No	No
g24564.t1	g24564.t1	137	No	No
g24565.t1	g24565.t1	121	No	No
g24566.t1	g24566.t1	174	Yes	No
g24567.t1	g24567.t1	143	No	No
g24568.t1	g24568.t1	59	Yes	No
g24569.t1	g24569.t1	346	No	No
g24570.t1	g24570.t1	228	No	No
g24571.t1	g24571.t1	115	No	No
g24572.t1	g24572.t1	351	No	No
g24573.t1	g24573.t1	78	Yes	No
g24574.t1	g24574.t1	735	No	No
g24575.t1	g24575.t1	255	No	No
g24576.t1	g24576.t1	117	No	No
g24577.t1	g24577.t1	471	No	No
g24578.t1	g24578.t1	276	No	No
g24579.t1	g24579.t1	475	No	No
g24580.t1	g24580.t1	249	No	No
g24581.t1	g24581.t1	244	No	No
g24582.t1	g24582.t1	2128	No	No
g24583.t1	g24583.t1	1171	No	No
g24584.t1	g24584.t1	113	No	No
g24585.t1	g24585.t1	341	Yes	No
g24586.t1	g24586.t1	193	No	No
g24587.t1	g24587.t1	48	Yes	No
g24588.t1	g24588.t1	70	No	No
g24589.t1	g24589.t1	118	No	No
g24590.t1	g24590.t1	373	Yes	No
g24591.t1	g24591.t1	73	No	No
g24592.t1	g24592.t1	218	No	No
g24593.t1	g24593.t1	126	No	No
g24594.t1	g24594.t1	371	No	No
g24595.t2	g24595.t2	1536	No	No
g24596.t1	g24596.t1	195	No	No
g24597.t1	g24597.t1	388	No	No
g24598.t1	g24598.t1	84	No	No
g24599.t2	g24599.t2	515	No	No
g24600.t1	g24600.t1	89	No	No
g24601.t1	g24601.t1	90	No	No
g24602.t1	g24602.t1	1968	No	No
g24603.t1	g24603.t1	175	Yes	No
g24604.t1	g24604.t1	1085	No	No
g24605.t1	g24605.t1	1162	No	No
g24606.t1	g24606.t1	301	No	No
g24607.t1	g24607.t1	156	No	No
g24608.t1	g24608.t1	401	No	No
g24609.t1	g24609.t1	145	No	No
g24610.t1	g24610.t1	174	No	No
g24611.t1	g24611.t1	78	No	No
g24612.t1	g24612.t1	200	No	No
g24613.t1	g24613.t1	294	No	No
g24614.t1	g24614.t1	580	No	No
g24615.t1	g24615.t1	134	No	No
g24616.t1	g24616.t1	179	No	No
g24617.t1	g24617.t1	134	No	No
g24618.t1	g24618.t1	168	No	No
g24619.t1	g24619.t1	158	No	No
g24620.t1	g24620.t1	86	No	No
g24621.t1	g24621.t1	73	No	No
g24622.t1	g24622.t1	135	No	No
g24623.t1	g24623.t1	576	No	No
g24624.t1	g24624.t1	131	No	No
g24625.t1	g24625.t1	217	Yes	No
g24626.t1	g24626.t1	172	No	No
g24627.t1	g24627.t1	440	Yes	No
g24628.t1	g24628.t1	1817	No	No
g24629.t1	g24629.t1	3243	No	No
g24630.t1	g24630.t1	1161	No	No
g24631.t1	g24631.t1	2528	No	No
g24632.t1	g24632.t1	1436	No	No
g24633.t1	g24633.t1	211	No	No
g24634.t1	g24634.t1	102	No	No
g24635.t1	g24635.t1	119	No	No
g24636.t1	g24636.t1	95	No	No
g24637.t1	g24637.t1	146	Yes	No
g24638.t1	g24638.t1	356	No	No
g24639.t1	g24639.t1	61	No	No
g24640.t1	g24640.t1	326	Yes	No
g24641.t1	g24641.t1	311	No	No
g24642.t1	g24642.t1	821	No	No
g24643.t1	g24643.t1	766	No	No
g24644.t1	g24644.t1	391	No	No
g24645.t1	g24645.t1	258	No	No
g24646.t1	g24646.t1	87	Yes	No
g24647.t1	g24647.t1	278	No	No
g24648.t1	g24648.t1	167	Yes	No
g24649.t1	g24649.t1	124	No	No
g24650.t1	g24650.t1	189	No	No
g24651.t1	g24651.t1	415	No	No
g24652.t1	g24652.t1	272	No	No
g24653.t1	g24653.t1	85	No	No
g24654.t1	g24654.t1	248	No	No
g24655.t1	g24655.t1	114	No	No
g24656.t1	g24656.t1	116	No	No
g24657.t1	g24657.t1	82	No	No
g24658.t1	g24658.t1	362	No	No
g24659.t1	g24659.t1	689	No	No
g24660.t1	g24660.t1	319	No	No
g24661.t1	g24661.t1	136	No	No
g24662.t1	g24662.t1	127	No	No
g24663.t1	g24663.t1	109	No	No
g24664.t1	g24664.t1	784	No	No
g24665.t1	g24665.t1	108	No	No
g24666.t1	g24666.t1	568	No	No
g24667.t1	g24667.t1	73	No	No
g24668.t1	g24668.t1	564	No	No
g24669.t1	g24669.t1	567	No	No
g24670.t1	g24670.t1	289	No	No
g24671.t1	g24671.t1	174	Yes	No
g24672.t1	g24672.t1	85	No	No
g24673.t1	g24673.t1	225	No	No
g24674.t1	g24674.t1	829	No	No
g24675.t1	g24675.t1	511	No	No
g24676.t1	g24676.t1	195	No	No
g24677.t1	g24677.t1	132	No	No
g24678.t1	g24678.t1	525	No	No
g24679.t1	g24679.t1	543	No	No
g24680.t1	g24680.t1	142	No	No
g24681.t1	g24681.t1	88	No	No
g24682.t1	g24682.t1	484	No	No
g24683.t1	g24683.t1	172	No	No
g24684.t1	g24684.t1	383	No	No
g24685.t1	g24685.t1	128	No	No
g24686.t1	g24686.t1	643	Yes	No
g24687.t1	g24687.t1	315	No	No
g24688.t1	g24688.t1	201	No	No
g24689.t2	g24689.t2	205	No	No
g24690.t1	g24690.t1	103	No	No
g24691.t1	g24691.t1	285	No	No
g24692.t1	g24692.t1	499	No	No
g24693.t1	g24693.t1	118	No	No
g24694.t1	g24694.t1	98	No	No
g24695.t1	g24695.t1	90	No	No
g24696.t1	g24696.t1	105	No	No
g24697.t1	g24697.t1	110	No	No
g24698.t1	g24698.t1	111	No	No
g24699.t1	g24699.t1	89	No	No
g24700.t1	g24700.t1	117	No	No
g24701.t1	g24701.t1	430	No	No
g24702.t1	g24702.t1	493	No	No
g24703.t1	g24703.t1	641	No	No
g24704.t1	g24704.t1	285	No	No
g24705.t1	g24705.t1	206	No	No
g24706.t1	g24706.t1	175	No	No
g24707.t1	g24707.t1	178	No	No
g24708.t1	g24708.t1	81	No	No
g24709.t3	g24709.t3	1186	No	No
g24710.t1	g24710.t1	119	No	No
g24711.t1	g24711.t1	282	No	No
g24712.t1	g24712.t1	261	Yes	No
g24713.t1	g24713.t1	1004	No	No
g24714.t1	g24714.t1	88	No	No
g24715.t1	g24715.t1	182	No	No
g24716.t2	g24716.t2	367	No	No
g24717.t1	g24717.t1	74	No	No
g24718.t1	g24718.t1	117	No	No
g24719.t1	g24719.t1	532	No	No
g24720.t1	g24720.t1	110	No	No
g24721.t1	g24721.t1	279	No	No
g24722.t1	g24722.t1	120	No	No
g24723.t1	g24723.t1	163	Yes	No
g24724.t1	g24724.t1	76	No	No
g24725.t1	g24725.t1	350	No	No
g24726.t1	g24726.t1	205	No	No
g24727.t1	g24727.t1	762	No	No
g24728.t1	g24728.t1	751	No	No
g24729.t1	g24729.t1	200	No	No
g24730.t1	g24730.t1	108	No	No
g24731.t1	g24731.t1	109	No	No
g24732.t1	g24732.t1	700	No	No
g24733.t1	g24733.t1	362	Yes	No
g24734.t1	g24734.t1	458	No	No
g24735.t1	g24735.t1	317	Yes	No
g24736.t1	g24736.t1	65	No	No
g24737.t1	g24737.t1	460	Yes	No
g24738.t1	g24738.t1	171	No	No
g24739.t1	g24739.t1	278	No	No
g24740.t1	g24740.t1	225	No	No
g24741.t1	g24741.t1	134	No	No
g24742.t1	g24742.t1	331	No	No
g24743.t1	g24743.t1	634	Yes	No
g24744.t1	g24744.t1	167	No	No
g24745.t1	g24745.t1	139	No	No
g24746.t1	g24746.t1	229	No	No
g24747.t1	g24747.t1	263	No	No
g24748.t1	g24748.t1	181	No	No
g24749.t1	g24749.t1	629	No	No
g24750.t1	g24750.t1	633	No	No
g24751.t1	g24751.t1	163	No	No
g24752.t1	g24752.t1	183	No	No
g24753.t1	g24753.t1	182	No	No
g24754.t1	g24754.t1	146	No	No
g24755.t1	g24755.t1	148	No	No
g24756.t1	g24756.t1	187	No	No
g24757.t1	g24757.t1	379	No	No
g24758.t1	g24758.t1	499	No	No
g24759.t1	g24759.t1	137	No	No
g24760.t1	g24760.t1	574	No	No
g24761.t1	g24761.t1	837	No	No
g24762.t1	g24762.t1	92	No	No
g24763.t1	g24763.t1	75	Yes	No
g24764.t1	g24764.t1	530	No	No
g24765.t1	g24765.t1	871	No	No
g24766.t1	g24766.t1	591	No	No
g24767.t1	g24767.t1	193	No	No
g24768.t1	g24768.t1	387	No	No
g24769.t1	g24769.t1	125	No	No
g24770.t1	g24770.t1	146	No	No
g24771.t1	g24771.t1	545	No	No
g24772.t1	g24772.t1	426	No	No
g24773.t1	g24773.t1	402	No	No
g24774.t1	g24774.t1	141	No	No
g24775.t1	g24775.t1	576	No	No
g24776.t1	g24776.t1	581	No	No
g24777.t1	g24777.t1	88	No	No
g24778.t1	g24778.t1	505	No	No
g24779.t1	g24779.t1	358	No	No
g24780.t1	g24780.t1	283	No	No
g24781.t1	g24781.t1	176	No	No
g24782.t1	g24782.t1	297	No	No
g24783.t1	g24783.t1	222	No	No
g24784.t1	g24784.t1	59	Yes	No
g24785.t1	g24785.t1	79	No	No
g24786.t1	g24786.t1	487	Yes	No
g24787.t1	g24787.t1	195	No	No
g24788.t1	g24788.t1	1344	No	No
g24789.t1	g24789.t1	106	No	No
g24790.t1	g24790.t1	1272	No	No
g24791.t1	g24791.t1	559	No	No
g24792.t1	g24792.t1	406	No	No
g24793.t1	g24793.t1	97	No	No
g24794.t1	g24794.t1	778	No	No
g24795.t1	g24795.t1	983	No	No
g24796.t1	g24796.t1	90	No	No
g24797.t1	g24797.t1	101	No	No
g24798.t1	g24798.t1	257	No	No
g24799.t1	g24799.t1	108	No	No
g24800.t1	g24800.t1	94	No	No
g24801.t1	g24801.t1	243	No	No
g24802.t1	g24802.t1	782	No	No
g24803.t1	g24803.t1	153	No	No
g24804.t1	g24804.t1	209	No	No
g24805.t1	g24805.t1	320	No	No
g24806.t1	g24806.t1	891	No	No
g24807.t1	g24807.t1	493	No	No
g24808.t1	g24808.t1	497	No	No
g24809.t1	g24809.t1	667	Yes	No
g24810.t1	g24810.t1	490	No	No
g24811.t1	g24811.t1	531	No	No
g24812.t1	g24812.t1	347	No	No
g24813.t1	g24813.t1	196	No	No
g24814.t1	g24814.t1	199	No	No
g24815.t1	g24815.t1	60	Yes	No
g24816.t1	g24816.t1	127	Yes	No
g24817.t1	g24817.t1	59	Yes	No
g24818.t1	g24818.t1	84	No	No
g24819.t1	g24819.t1	545	No	No
g24820.t1	g24820.t1	1213	No	No
g24821.t1	g24821.t1	133	No	No
g24822.t1	g24822.t1	140	No	No
g24823.t1	g24823.t1	339	No	No
g24824.t1	g24824.t1	124	No	No
g24825.t1	g24825.t1	127	No	No
g24826.t1	g24826.t1	101	No	No
g24827.t1	g24827.t1	104	No	No
g24828.t1	g24828.t1	259	No	No
g24829.t1	g24829.t1	71	No	No
g24830.t1	g24830.t1	254	No	No
g24831.t1	g24831.t1	104	No	No
g24832.t1	g24832.t1	390	No	No
g24833.t1	g24833.t1	428	No	No
g24834.t1	g24834.t1	88	No	No
g24835.t3	g24835.t3	698	No	No
g24836.t1	g24836.t1	217	No	No
g24837.t1	g24837.t1	413	No	No
g24838.t1	g24838.t1	369	No	No
g24839.t1	g24839.t1	319	No	No
g24840.t1	g24840.t1	177	No	No
g24841.t1	g24841.t1	127	No	No
g24842.t1	g24842.t1	130	No	No
g24843.t1	g24843.t1	277	No	No
g24844.t1	g24844.t1	195	No	No
g24845.t1	g24845.t1	220	No	No
g24846.t1	g24846.t1	417	No	No
g24847.t1	g24847.t1	273	Yes	No
g24848.t1	g24848.t1	759	No	No
g24849.t1	g24849.t1	192	No	No
g24850.t1	g24850.t1	298	No	No
g24851.t1	g24851.t1	411	No	No
g24852.t1	g24852.t1	1007	No	No
g24853.t1	g24853.t1	241	No	No
g24854.t1	g24854.t1	179	No	No
g24855.t1	g24855.t1	56	No	No
g24856.t1	g24856.t1	75	No	No
g24857.t1	g24857.t1	144	No	No
g24858.t1	g24858.t1	131	No	No
g24859.t2	g24859.t2	648	No	No
g24860.t1	g24860.t1	360	No	No
g24861.t1	g24861.t1	612	No	No
g24862.t1	g24862.t1	654	No	No
g24863.t1	g24863.t1	195	No	No
g24864.t1	g24864.t1	199	No	No
g24865.t1	g24865.t1	1044	No	No
g24866.t1	g24866.t1	399	No	No
g24867.t1	g24867.t1	659	No	No
g24868.t1	g24868.t1	371	No	No
g24869.t1	g24869.t1	260	No	No
g24870.t1	g24870.t1	129	No	No
g24871.t1	g24871.t1	723	No	No
g24872.t1	g24872.t1	129	No	No
g24873.t1	g24873.t1	76	No	No
g24874.t1	g24874.t1	122	No	No
g24875.t1	g24875.t1	123	No	No
g24876.t1	g24876.t1	188	No	No
g24877.t1	g24877.t1	367	No	No
g24878.t1	g24878.t1	418	No	No
g24879.t1	g24879.t1	485	No	No
g24880.t1	g24880.t1	81	No	No
g24881.t1	g24881.t1	178	Yes	No
g24882.t1	g24882.t1	274	No	No
g24883.t1	g24883.t1	80	No	No
g24884.t1	g24884.t1	265	No	No
g24885.t1	g24885.t1	389	No	No
g24886.t1	g24886.t1	123	No	No
g24887.t1	g24887.t1	563	No	No
g24888.t1	g24888.t1	564	No	No
g24889.t1	g24889.t1	79	No	No
g24890.t1	g24890.t1	1736	No	No
g24891.t1	g24891.t1	80	No	No
g24892.t1	g24892.t1	586	No	No
g24893.t1	g24893.t1	91	Yes	No
g24894.t1	g24894.t1	268	No	No
g24895.t1	g24895.t1	109	No	No
g24896.t1	g24896.t1	162	No	No
g24897.t1	g24897.t1	414	No	No
g24898.t1	g24898.t1	5296	No	No
g24899.t1	g24899.t1	462	No	No
g24900.t1	g24900.t1	544	No	No
g24901.t1	g24901.t1	301	No	No
g24902.t1	g24902.t1	476	No	No
g24903.t1	g24903.t1	493	No	No
g24904.t1	g24904.t1	169	No	No
g24905.t1	g24905.t1	94	No	No
g24906.t1	g24906.t1	204	No	No
g24907.t1	g24907.t1	802	No	No
g24908.t1	g24908.t1	61	No	No
g24909.t1	g24909.t1	93	No	No
g24910.t2	g24910.t2	405	No	No
g24911.t1	g24911.t1	112	No	No
g24912.t1	g24912.t1	91	No	No
g24913.t1	g24913.t1	137	No	No
g24914.t1	g24914.t1	68	No	No
g24915.t1	g24915.t1	107	No	No
g24916.t1	g24916.t1	491	No	No
g24917.t1	g24917.t1	369	No	No
g24918.t1	g24918.t1	386	No	No
g24919.t1	g24919.t1	534	No	No
g24920.t1	g24920.t1	158	No	No
g24921.t1	g24921.t1	395	No	No
g24922.t1	g24922.t1	172	No	No
g24923.t1	g24923.t1	904	No	No
g24924.t1	g24924.t1	674	No	No
g24925.t1	g24925.t1	1154	No	No
g24926.t1	g24926.t1	123	No	No
g24927.t1	g24927.t1	67	No	No
g24928.t1	g24928.t1	93	No	No
g24929.t1	g24929.t1	219	No	No
g24930.t3	g24930.t3	1098	No	No
g24931.t1	g24931.t1	553	No	No
g24932.t1	g24932.t1	483	Yes	No
g24933.t1	g24933.t1	785	No	No
g24934.t1	g24934.t1	276	No	No
g24935.t1	g24935.t1	307	No	No
g24936.t1	g24936.t1	131	No	No
g24937.t1	g24937.t1	388	No	No
g24938.t1	g24938.t1	273	No	No
g24939.t1	g24939.t1	1836	No	No
g24940.t1	g24940.t1	825	No	No
g24941.t1	g24941.t1	259	No	No
g24942.t1	g24942.t1	847	No	No
g24943.t1	g24943.t1	137	No	No
g24944.t1	g24944.t1	1880	No	No
g24945.t1	g24945.t1	81	No	No
g24946.t1	g24946.t1	708	No	No
g24947.t1	g24947.t1	263	No	No
g24948.t1	g24948.t1	159	No	No
g24949.t1	g24949.t1	158	No	No
g24950.t1	g24950.t1	79	No	No
g24951.t1	g24951.t1	183	No	No
g24952.t1	g24952.t1	514	No	No
g24953.t1	g24953.t1	866	No	No
g24954.t1	g24954.t1	79	No	No
g24955.t1	g24955.t1	141	No	No
g24956.t2	g24956.t2	887	No	No
g24957.t1	g24957.t1	476	No	No
g24958.t1	g24958.t1	145	No	No
g24959.t1	g24959.t1	292	No	No
g24960.t1	g24960.t1	107	No	No
g24961.t1	g24961.t1	293	No	No
g24962.t1	g24962.t1	112	No	No
g24963.t1	g24963.t1	422	No	No
g24964.t1	g24964.t1	196	No	No
g24965.t1	g24965.t1	103	No	No
g24966.t1	g24966.t1	597	No	No
g24967.t1	g24967.t1	75	No	No
g24968.t1	g24968.t1	446	No	No
g24969.t1	g24969.t1	265	No	No
g24970.t1	g24970.t1	414	No	No
g24971.t1	g24971.t1	123	No	No
g24972.t1	g24972.t1	156	No	No
g24973.t1	g24973.t1	249	No	No
g24974.t1	g24974.t1	151	No	No
g24975.t1	g24975.t1	533	No	No
g24976.t1	g24976.t1	850	No	No
g24977.t1	g24977.t1	309	No	No
g24978.t1	g24978.t1	187	No	No
g24979.t1	g24979.t1	135	No	No
g24980.t1	g24980.t1	1280	No	No
g24981.t1	g24981.t1	559	No	No
g24982.t1	g24982.t1	66	No	No
g24983.t1	g24983.t1	125	No	No
g24984.t1	g24984.t1	242	No	No
g24985.t1	g24985.t1	131	No	No
g24986.t1	g24986.t1	665	No	No
g24987.t1	g24987.t1	494	No	No
g24988.t1	g24988.t1	656	No	No
g24989.t1	g24989.t1	424	No	No
g24990.t1	g24990.t1	159	No	No
g24991.t1	g24991.t1	185	No	No
g24992.t1	g24992.t1	176	Yes	No
g24993.t1	g24993.t1	80	No	No
g24994.t1	g24994.t1	80	No	No
g24995.t1	g24995.t1	356	Yes	No
g24996.t1	g24996.t1	178	No	No
g24997.t1	g24997.t1	68	No	No
g24998.t1	g24998.t1	609	No	No
g24999.t3	g24999.t3	527	No	No
g25000.t1	g25000.t1	334	No	No
g25001.t1	g25001.t1	239	No	No
g25002.t1	g25002.t1	606	No	No
g25003.t1	g25003.t1	177	No	No
g25004.t1	g25004.t1	256	No	No
g25005.t1	g25005.t1	316	No	No
g25006.t1	g25006.t1	94	No	No
g25007.t1	g25007.t1	87	No	No
g25008.t1	g25008.t1	775	No	No
g25009.t1	g25009.t1	179	No	No
g25010.t1	g25010.t1	330	No	No
g25011.t1	g25011.t1	112	No	No
g25012.t1	g25012.t1	478	Yes	No
g25013.t1	g25013.t1	147	No	No
g25014.t1	g25014.t1	437	No	No
g25015.t1	g25015.t1	101	No	No
g25016.t1	g25016.t1	283	No	No
g25017.t1	g25017.t1	91	No	No
g25018.t1	g25018.t1	90	No	No
g25019.t1	g25019.t1	248	No	No
g25020.t1	g25020.t1	91	No	No
g25021.t1	g25021.t1	307	No	No
g25022.t1	g25022.t1	1230	No	No
g25023.t1	g25023.t1	1201	No	No
g25024.t1	g25024.t1	1339	No	No
g25025.t1	g25025.t1	1050	No	No
g25026.t1	g25026.t1	949	No	No
g25027.t1	g25027.t1	238	No	No
g25028.t1	g25028.t1	107	No	No
g25029.t1	g25029.t1	942	No	No
g25030.t1	g25030.t1	2350	No	No
g25031.t1	g25031.t1	391	No	No
g25032.t1	g25032.t1	119	No	No
g25033.t1	g25033.t1	100	No	No
g25034.t1	g25034.t1	302	No	No
g25035.t1	g25035.t1	1228	No	No
g25036.t1	g25036.t1	84	No	No
g25037.t2	g25037.t2	883	No	No
g25038.t1	g25038.t1	535	No	No
g25039.t1	g25039.t1	89	No	No
g25040.t1	g25040.t1	706	No	No
g25041.t1	g25041.t1	392	No	No
g25042.t1	g25042.t1	600	No	No
g25043.t1	g25043.t1	362	No	No
g25044.t1	g25044.t1	171	No	No
g25045.t1	g25045.t1	171	No	No
g25046.t1	g25046.t1	1007	No	No
g25047.t1	g25047.t1	301	No	No
g25048.t1	g25048.t1	765	No	No
g25049.t1	g25049.t1	381	No	No
g25050.t1	g25050.t1	454	No	No
g25051.t1	g25051.t1	485	No	No
g25052.t1	g25052.t1	1514	No	No
g25053.t1	g25053.t1	282	No	No
g25054.t1	g25054.t1	460	Yes	No
g25055.t1	g25055.t1	139	Yes	No
g25056.t1	g25056.t1	775	No	No
g25057.t1	g25057.t1	609	No	No
g25058.t1	g25058.t1	268	No	No
g25059.t1	g25059.t1	461	No	No
g25060.t1	g25060.t1	86	No	No
g25061.t1	g25061.t1	219	Yes	No
g25062.t2	g25062.t2	270	No	No
g25063.t1	g25063.t1	374	No	No
g25064.t1	g25064.t1	745	No	No
g25065.t1	g25065.t1	281	No	No
g25066.t1	g25066.t1	359	No	No
g25067.t1	g25067.t1	143	No	No
g25068.t1	g25068.t1	221	No	No
g25069.t1	g25069.t1	191	No	No
g25070.t1	g25070.t1	143	No	No
g25071.t1	g25071.t1	177	No	No
g25072.t1	g25072.t1	1681	No	No
g25073.t1	g25073.t1	293	No	No
g25074.t1	g25074.t1	79	No	No
g25075.t1	g25075.t1	92	No	No
g25076.t1	g25076.t1	214	No	No
g25077.t1	g25077.t1	1306	No	No
g25078.t1	g25078.t1	66	Yes	No
g25079.t1	g25079.t1	82	No	No
g25080.t1	g25080.t1	118	No	No
g25081.t1	g25081.t1	112	No	No
g25082.t1	g25082.t1	106	No	No
g25083.t1	g25083.t1	83	No	No
g25084.t1	g25084.t1	141	No	No
g25085.t1	g25085.t1	395	No	No
g25086.t1	g25086.t1	558	No	No
g25087.t1	g25087.t1	264	No	No
g25088.t1	g25088.t1	292	No	No
g25089.t1	g25089.t1	182	No	No
g25090.t1	g25090.t1	86	No	No
g25091.t1	g25091.t1	1024	No	No
g25092.t1	g25092.t1	319	No	No
g25093.t1	g25093.t1	151	No	No
g25094.t1	g25094.t1	133	No	No
g25095.t1	g25095.t1	158	No	No
g25096.t1	g25096.t1	118	No	No
g25097.t1	g25097.t1	172	No	No
g25098.t1	g25098.t1	75	No	No
g25099.t1	g25099.t1	71	No	No
g25100.t1	g25100.t1	73	No	No
g25101.t1	g25101.t1	632	No	No
g25102.t1	g25102.t1	104	No	No
g25103.t1	g25103.t1	153	No	No
g25104.t1	g25104.t1	451	No	No
g25105.t1	g25105.t1	151	No	No
g25106.t1	g25106.t1	68	No	No
g25107.t1	g25107.t1	82	No	No
g25108.t3	g25108.t3	977	No	No
g25109.t1	g25109.t1	376	No	No
g25110.t1	g25110.t1	148	No	No
g25111.t1	g25111.t1	111	No	No
g25112.t1	g25112.t1	342	No	No
g25113.t1	g25113.t1	788	No	No
g25114.t1	g25114.t1	763	No	No
g25115.t1	g25115.t1	136	No	No
g25116.t1	g25116.t1	107	No	No
g25117.t1	g25117.t1	304	No	No
g25118.t1	g25118.t1	308	No	No
g25119.t1	g25119.t1	283	No	No
g25120.t1	g25120.t1	734	No	No
g25121.t1	g25121.t1	1160	No	No
g25122.t1	g25122.t1	1008	No	No
g25123.t3	g25123.t3	187	No	No
g25124.t1	g25124.t1	823	No	No
g25125.t1	g25125.t1	229	No	No
g25126.t1	g25126.t1	283	No	No
g25127.t1	g25127.t1	268	No	No
g25128.t1	g25128.t1	405	No	No
g25129.t1	g25129.t1	552	No	No
g25130.t1	g25130.t1	772	No	No
g25131.t1	g25131.t1	139	No	No
g25132.t1	g25132.t1	286	No	No
g25133.t1	g25133.t1	138	No	No
g25134.t1	g25134.t1	774	No	No
g25135.t1	g25135.t1	75	No	No
g25136.t2	g25136.t2	949	No	No
g25137.t2	g25137.t2	533	No	No
g25138.t1	g25138.t1	94	No	No
g25139.t1	g25139.t1	124	No	No
g25140.t1	g25140.t1	74	No	No
g25141.t1	g25141.t1	79	No	No
g25142.t1	g25142.t1	67	No	No
g25143.t1	g25143.t1	84	No	No
g25144.t1	g25144.t1	205	No	No
g25145.t1	g25145.t1	87	No	No
g25146.t1	g25146.t1	83	No	No
g25147.t1	g25147.t1	107	No	No
g25148.t1	g25148.t1	114	No	No
g25149.t1	g25149.t1	120	No	No
g25150.t1	g25150.t1	733	No	No
g25151.t1	g25151.t1	109	No	No
g25152.t1	g25152.t1	658	No	No
g25153.t1	g25153.t1	917	No	No
g25154.t1	g25154.t1	365	No	No
g25155.t1	g25155.t1	275	No	No
g25156.t1	g25156.t1	442	No	No
g25157.t1	g25157.t1	78	No	No
g25158.t1	g25158.t1	378	No	No
g25159.t1	g25159.t1	516	No	No
g25160.t1	g25160.t1	494	No	No
g25161.t1	g25161.t1	129	No	No
g25162.t1	g25162.t1	780	No	No
g25163.t1	g25163.t1	301	Yes	No
g25164.t1	g25164.t1	138	Yes	No
g25165.t2	g25165.t2	190	Yes	No
g25166.t1	g25166.t1	237	No	No
g25167.t1	g25167.t1	116	No	No
g25168.t3	g25168.t3	614	No	No
g25169.t1	g25169.t1	431	No	No
g25170.t1	g25170.t1	71	No	No
g25171.t1	g25171.t1	125	No	No
g25172.t1	g25172.t1	307	No	No
g25173.t1	g25173.t1	796	No	No
g25174.t1	g25174.t1	978	No	No
g25175.t1	g25175.t1	110	No	No
g25176.t1	g25176.t1	1592	No	No
g25177.t1	g25177.t1	97	No	No
g25178.t1	g25178.t1	907	No	No
g25179.t1	g25179.t1	82	No	No
g25180.t1	g25180.t1	342	No	No
g25181.t1	g25181.t1	467	No	No
g25182.t1	g25182.t1	455	Yes	No
g25183.t1	g25183.t1	309	No	No
g25184.t1	g25184.t1	552	No	No
g25185.t1	g25185.t1	53	No	No
g25186.t1	g25186.t1	89	No	No
g25187.t1	g25187.t1	181	No	No
g25188.t1	g25188.t1	81	No	No
g25189.t1	g25189.t1	117	No	No
g25190.t1	g25190.t1	369	No	No
g25191.t1	g25191.t1	139	No	No
g25192.t1	g25192.t1	1726	No	No
g25193.t1	g25193.t1	107	No	No
g25194.t1	g25194.t1	94	No	No
g25195.t1	g25195.t1	786	No	No
g25196.t1	g25196.t1	148	No	No
g25197.t1	g25197.t1	93	No	No
g25198.t1	g25198.t1	794	No	No
g25199.t1	g25199.t1	437	No	No
g25200.t1	g25200.t1	144	No	No
g25201.t1	g25201.t1	141	No	No
g25202.t1	g25202.t1	121	No	No
g25203.t1	g25203.t1	226	No	No
g25204.t1	g25204.t1	88	No	No
g25205.t1	g25205.t1	72	No	No
g25206.t1	g25206.t1	79	No	No
g25207.t1	g25207.t1	126	Yes	No
g25208.t1	g25208.t1	160	No	No
g25209.t1	g25209.t1	576	No	No
g25210.t1	g25210.t1	367	No	No
g25211.t1	g25211.t1	229	No	No
g25212.t1	g25212.t1	199	No	No
g25213.t1	g25213.t1	183	No	No
g25214.t1	g25214.t1	153	No	No
g25215.t1	g25215.t1	582	No	No
g25216.t1	g25216.t1	1033	No	No
g25217.t1	g25217.t1	328	No	No
g25218.t1	g25218.t1	329	No	No
g25219.t1	g25219.t1	148	Yes	No
g25220.t1	g25220.t1	279	No	No
g25221.t1	g25221.t1	106	No	No
g25222.t1	g25222.t1	217	No	No
g25223.t1	g25223.t1	104	No	No
g25224.t1	g25224.t1	133	Yes	No
g25225.t1	g25225.t1	211	No	No
g25226.t1	g25226.t1	1525	Yes	No
g25227.t1	g25227.t1	151	No	No
g25228.t1	g25228.t1	309	No	No
g25229.t1	g25229.t1	233	No	No
g25230.t1	g25230.t1	506	No	No
g25231.t1	g25231.t1	420	No	No
g25232.t1	g25232.t1	653	No	No
g25233.t1	g25233.t1	621	No	No
g25234.t1	g25234.t1	459	No	No
g25235.t1	g25235.t1	108	No	No
g25236.t1	g25236.t1	641	No	No
g25237.t1	g25237.t1	117	No	No
g25238.t1	g25238.t1	70	No	No
g25239.t1	g25239.t1	245	No	No
g25240.t1	g25240.t1	211	No	No
g25241.t1	g25241.t1	244	No	No
g25242.t1	g25242.t1	172	No	No
g25243.t1	g25243.t1	99	No	No
g25244.t1	g25244.t1	348	No	No
g25245.t1	g25245.t1	418	No	No
g25246.t1	g25246.t1	514	No	No
g25247.t1	g25247.t1	201	No	No
g25248.t1	g25248.t1	473	No	No
g25249.t1	g25249.t1	557	Yes	No
g25250.t1	g25250.t1	190	Yes	No
g25251.t1	g25251.t1	127	No	No
g25252.t1	g25252.t1	193	No	No
g25253.t1	g25253.t1	478	No	No
g25254.t1	g25254.t1	165	No	No
g25255.t1	g25255.t1	94	No	No
g25256.t1	g25256.t1	98	No	No
g25257.t1	g25257.t1	362	No	No
g25258.t1	g25258.t1	171	No	No
g25259.t1	g25259.t1	83	No	No
g25260.t1	g25260.t1	513	Yes	No
g25261.t1	g25261.t1	337	No	No
g25262.t1	g25262.t1	472	No	No
g25263.t1	g25263.t1	291	No	No
g25264.t1	g25264.t1	936	No	No
g25265.t1	g25265.t1	48	Yes	No
g25266.t1	g25266.t1	126	No	No
g25267.t1	g25267.t1	394	No	No
g25268.t1	g25268.t1	532	No	No
g25269.t1	g25269.t1	67	No	No
g25270.t1	g25270.t1	483	No	No
g25271.t1	g25271.t1	69	No	No
g25272.t1	g25272.t1	58	No	No
g25273.t1	g25273.t1	607	No	No
g25274.t1	g25274.t1	584	No	No
g25275.t1	g25275.t1	409	No	No
g25276.t1	g25276.t1	317	No	No
g25277.t2	g25277.t2	680	No	No
g25278.t1	g25278.t1	109	No	No
g25279.t1	g25279.t1	176	No	No
g25280.t1	g25280.t1	532	No	No
g25281.t1	g25281.t1	298	No	No
g25282.t1	g25282.t1	224	No	No
g25283.t1	g25283.t1	582	No	No
g25284.t1	g25284.t1	337	No	No
g25285.t1	g25285.t1	113	No	No
g25286.t1	g25286.t1	612	No	No
g25287.t1	g25287.t1	1754	Yes	No
g25288.t1	g25288.t1	543	No	No
g25289.t1	g25289.t1	68	No	No
g25290.t1	g25290.t1	99	No	No
g25291.t2	g25291.t2	1276	No	No
g25292.t1	g25292.t1	96	No	No
g25293.t1	g25293.t1	360	No	No
g25294.t1	g25294.t1	423	No	No
g25295.t1	g25295.t1	258	No	No
g25296.t1	g25296.t1	67	No	No
g25297.t1	g25297.t1	1385	No	No
g25298.t1	g25298.t1	107	No	No
g25299.t1	g25299.t1	322	No	No
g25300.t1	g25300.t1	507	Yes	No
g25301.t1	g25301.t1	1104	No	No
g25302.t1	g25302.t1	93	Yes	No
g25303.t1	g25303.t1	242	No	No
g25304.t1	g25304.t1	173	No	No
g25305.t1	g25305.t1	149	Yes	No
g25306.t1	g25306.t1	600	No	No
g25307.t1	g25307.t1	491	No	No
g25308.t1	g25308.t1	211	No	No
g25309.t1	g25309.t1	253	No	No
g25310.t1	g25310.t1	209	No	No
g25311.t1	g25311.t1	96	No	No
g25312.t1	g25312.t1	1310	No	No
g25313.t1	g25313.t1	118	No	No
g25314.t1	g25314.t1	148	No	No
g25315.t1	g25315.t1	480	No	No
g25316.t1	g25316.t1	448	No	No
g25317.t1	g25317.t1	110	No	No
g25318.t1	g25318.t1	184	No	No
g25319.t1	g25319.t1	122	No	No
g25320.t1	g25320.t1	56	No	No
g25321.t1	g25321.t1	125	No	No
g25322.t1	g25322.t1	356	No	No
g25323.t1	g25323.t1	161	No	No
g25324.t1	g25324.t1	151	No	No
g25325.t1	g25325.t1	175	No	No
g25326.t1	g25326.t1	91	Yes	No
g25327.t1	g25327.t1	67	No	No
g25328.t1	g25328.t1	101	No	No
g25329.t1	g25329.t1	73	No	No
g25330.t1	g25330.t1	1013	No	No
g25331.t1	g25331.t1	245	No	No
g25332.t1	g25332.t1	207	No	No
g25333.t1	g25333.t1	253	No	No
g25334.t1	g25334.t1	128	No	No
g25335.t2	g25335.t2	149	No	No
g25336.t1	g25336.t1	69	No	No
g25337.t1	g25337.t1	99	No	No
g25338.t1	g25338.t1	93	No	No
g25339.t1	g25339.t1	196	No	No
g25340.t1	g25340.t1	147	No	No
g25341.t1	g25341.t1	240	No	No
g25342.t1	g25342.t1	309	No	No
g25343.t1	g25343.t1	561	No	No
g25344.t1	g25344.t1	343	No	No
g25345.t1	g25345.t1	252	No	No
g25346.t1	g25346.t1	262	No	No
g25347.t1	g25347.t1	149	No	No
g25348.t1	g25348.t1	264	No	No
g25349.t1	g25349.t1	886	No	No
g25350.t2	g25350.t2	653	No	No
g25351.t1	g25351.t1	208	No	No
g25352.t1	g25352.t1	540	No	No
g25353.t1	g25353.t1	278	No	No
g25354.t1	g25354.t1	230	No	No
g25355.t1	g25355.t1	696	No	No
g25356.t1	g25356.t1	645	No	No
g25357.t1	g25357.t1	295	No	No
g25358.t1	g25358.t1	118	No	No
g25359.t1	g25359.t1	37	No	No
g25360.t1	g25360.t1	426	No	No
g25361.t1	g25361.t1	146	No	No
g25362.t1	g25362.t1	415	No	No
g25363.t1	g25363.t1	123	No	No
g25364.t2	g25364.t2	1737	No	No
g25365.t1	g25365.t1	176	No	No
g25366.t1	g25366.t1	505	No	No
g25367.t1	g25367.t1	75	No	No
g25368.t1	g25368.t1	510	No	No
g25369.t1	g25369.t1	136	No	No
g25370.t1	g25370.t1	508	No	No
g25371.t1	g25371.t1	139	No	No
g25372.t1	g25372.t1	97	No	No
g25373.t1	g25373.t1	99	No	No
g25374.t1	g25374.t1	78	No	No
g25375.t1	g25375.t1	106	No	No
g25376.t1	g25376.t1	383	No	No
g25377.t1	g25377.t1	27	Yes	No
g25378.t1	g25378.t1	93	No	No
g25379.t1	g25379.t1	400	No	No
g25380.t1	g25380.t1	76	No	No
g25381.t1	g25381.t1	141	No	No
g25382.t1	g25382.t1	129	No	No
g25383.t1	g25383.t1	80	No	No
g25384.t1	g25384.t1	805	No	No
g25385.t1	g25385.t1	168	No	No
g25386.t1	g25386.t1	816	No	No
g25387.t1	g25387.t1	831	No	No
g25388.t1	g25388.t1	120	No	No
g25389.t1	g25389.t1	81	No	No
g25390.t1	g25390.t1	204	No	No
g25391.t1	g25391.t1	100	No	No
g25392.t1	g25392.t1	258	No	No
g25393.t1	g25393.t1	586	Yes	No
g25394.t2	g25394.t2	1444	No	No
g25395.t1	g25395.t1	401	No	No
g25396.t1	g25396.t1	178	No	No
g25397.t1	g25397.t1	113	Yes	No
g25398.t1	g25398.t1	243	No	No
g25399.t1	g25399.t1	449	No	No
g25400.t1	g25400.t1	261	No	No
g25401.t1	g25401.t1	113	No	No
g25402.t1	g25402.t1	337	No	No
g25403.t1	g25403.t1	88	No	No
g25404.t1	g25404.t1	108	No	No
g25405.t1	g25405.t1	241	No	No
g25406.t1	g25406.t1	436	No	No
g25407.t1	g25407.t1	1227	No	No
g25408.t1	g25408.t1	560	No	No
g25409.t1	g25409.t1	215	No	No
g25410.t1	g25410.t1	156	No	No
g25411.t1	g25411.t1	80	No	No
g25412.t1	g25412.t1	90	No	No
g25413.t1	g25413.t1	278	No	No
g25414.t1	g25414.t1	164	No	No
g25415.t1	g25415.t1	152	No	No
g25416.t1	g25416.t1	307	No	No
g25417.t1	g25417.t1	392	No	No
g25418.t1	g25418.t1	315	No	No
g25419.t1	g25419.t1	144	No	No
g25420.t1	g25420.t1	199	Yes	No
g25421.t1	g25421.t1	387	No	No
g25422.t1	g25422.t1	70	No	No
g25423.t1	g25423.t1	328	No	No
g25424.t1	g25424.t1	195	No	No
g25425.t1	g25425.t1	188	No	No
g25426.t1	g25426.t1	119	No	No
g25427.t1	g25427.t1	238	No	No
g25428.t1	g25428.t1	192	No	No
g25429.t2	g25429.t2	409	No	No
g25430.t1	g25430.t1	308	No	No
g25431.t1	g25431.t1	380	No	No
g25432.t1	g25432.t1	526	No	No
g25433.t1	g25433.t1	504	Yes	No
g25434.t1	g25434.t1	1042	Yes	No
g25435.t1	g25435.t1	720	Yes	No
g25436.t1	g25436.t1	1254	No	No
g25437.t1	g25437.t1	793	No	No
g25438.t1	g25438.t1	138	No	No
g25439.t1	g25439.t1	142	No	No
g25440.t1	g25440.t1	534	No	No
g25441.t1	g25441.t1	984	No	No
g25442.t1	g25442.t1	336	No	No
g25443.t1	g25443.t1	137	No	No
g25444.t1	g25444.t1	501	No	No
g25445.t1	g25445.t1	584	No	No
g25446.t1	g25446.t1	585	No	No
g25447.t1	g25447.t1	109	Yes	No
g25448.t1	g25448.t1	72	No	No
g25449.t1	g25449.t1	548	No	No
g25450.t1	g25450.t1	90	No	No
g25451.t1	g25451.t1	435	No	No
g25452.t1	g25452.t1	253	No	No
g25453.t1	g25453.t1	95	No	No
g25454.t1	g25454.t1	87	No	No
g25455.t1	g25455.t1	127	No	No
g25456.t1	g25456.t1	188	No	No
g25457.t1	g25457.t1	718	No	No
g25458.t1	g25458.t1	68	No	No
g25459.t1	g25459.t1	117	No	No
g25460.t1	g25460.t1	629	No	No
g25461.t1	g25461.t1	583	No	No
g25462.t1	g25462.t1	1525	No	No
g25463.t1	g25463.t1	584	No	No
g25464.t1	g25464.t1	548	No	No
g25465.t1	g25465.t1	145	No	No
g25466.t1	g25466.t1	254	Yes	No
g25467.t1	g25467.t1	465	No	No
g25468.t1	g25468.t1	103	No	No
g25469.t1	g25469.t1	79	No	No
g25470.t1	g25470.t1	168	No	No
g25471.t1	g25471.t1	128	No	No
g25472.t1	g25472.t1	131	No	No
g25473.t1	g25473.t1	103	No	No
g25474.t1	g25474.t1	1492	No	No
g25475.t1	g25475.t1	376	No	No
g25476.t1	g25476.t1	196	No	No
g25477.t1	g25477.t1	407	No	No
g25478.t1	g25478.t1	298	No	No
g25479.t1	g25479.t1	321	No	No
g25480.t1	g25480.t1	129	No	No
g25481.t1	g25481.t1	412	No	No
g25482.t1	g25482.t1	383	No	No
g25483.t1	g25483.t1	257	No	No
g25484.t1	g25484.t1	139	No	No
g25485.t1	g25485.t1	230	No	No
g25486.t1	g25486.t1	379	No	No
g25487.t1	g25487.t1	1025	No	No
g25488.t1	g25488.t1	859	No	No
g25489.t1	g25489.t1	253	No	No
g25490.t1	g25490.t1	157	No	No
g25491.t1	g25491.t1	854	No	No
g25492.t1	g25492.t1	601	No	No
g25493.t1	g25493.t1	494	No	No
g25494.t1	g25494.t1	927	Yes	No
g25495.t1	g25495.t1	81	Yes	No
g25496.t1	g25496.t1	123	No	No
g25497.t1	g25497.t1	176	No	No
g25498.t1	g25498.t1	212	No	No
g25499.t1	g25499.t1	2204	No	No
g25500.t1	g25500.t1	141	No	No
g25501.t1	g25501.t1	146	No	No
g25502.t1	g25502.t1	237	No	No
g25503.t1	g25503.t1	73	No	No
g25504.t1	g25504.t1	285	No	No
g25505.t1	g25505.t1	359	No	No
g25506.t1	g25506.t1	344	No	No
g25507.t1	g25507.t1	80	No	No
g25508.t1	g25508.t1	320	No	No
g25509.t1	g25509.t1	510	No	No
g25510.t1	g25510.t1	379	No	No
g25511.t1	g25511.t1	403	No	No
g25512.t1	g25512.t1	396	No	No
g25513.t1	g25513.t1	408	No	No
g25514.t1	g25514.t1	396	No	No
g25515.t1	g25515.t1	387	No	No
g25516.t1	g25516.t1	117	No	No
g25517.t1	g25517.t1	635	No	No
g25518.t1	g25518.t1	69	No	No
g25519.t1	g25519.t1	443	No	No
g25520.t1	g25520.t1	143	No	No
g25521.t1	g25521.t1	213	No	No
g25522.t1	g25522.t1	392	No	No
g25523.t1	g25523.t1	393	No	No
g25524.t1	g25524.t1	394	No	No
g25525.t1	g25525.t1	394	No	No
g25526.t1	g25526.t1	392	No	No
g25527.t1	g25527.t1	91	Yes	No
g25528.t1	g25528.t1	118	No	No
g25529.t1	g25529.t1	219	No	No
g25530.t1	g25530.t1	491	No	No
g25531.t1	g25531.t1	98	No	No
g25532.t1	g25532.t1	736	No	No
g25533.t1	g25533.t1	391	No	No
g25534.t1	g25534.t1	264	No	No
g25535.t1	g25535.t1	1147	No	No
g25536.t1	g25536.t1	149	No	No
g25537.t1	g25537.t1	152	No	No
g25538.t1	g25538.t1	630	Yes	No
g25539.t1	g25539.t1	156	No	No
g25540.t1	g25540.t1	200	Yes	No
g25541.t1	g25541.t1	309	No	No
g25542.t1	g25542.t1	127	No	No
g25543.t1	g25543.t1	711	No	No
g25544.t1	g25544.t1	79	No	No
g25545.t1	g25545.t1	220	No	No
g25546.t1	g25546.t1	154	No	No
g25547.t1	g25547.t1	166	No	No
g25548.t1	g25548.t1	233	Yes	No
g25549.t1	g25549.t1	449	No	No
g25550.t1	g25550.t1	546	No	No
g25551.t1	g25551.t1	300	No	No
g25552.t1	g25552.t1	150	No	No
g25553.t1	g25553.t1	81	No	No
g25554.t1	g25554.t1	578	No	No
g25555.t1	g25555.t1	403	No	No
g25556.t1	g25556.t1	161	No	No
g25557.t1	g25557.t1	186	No	No
g25558.t1	g25558.t1	143	No	No
g25559.t1	g25559.t1	87	No	No
g25560.t1	g25560.t1	815	No	No
g25561.t1	g25561.t1	408	No	No
g25562.t1	g25562.t1	223	No	No
g25563.t1	g25563.t1	162	No	No
g25564.t1	g25564.t1	164	No	No
g25565.t1	g25565.t1	231	No	No
g25566.t1	g25566.t1	84	No	No
g25567.t1	g25567.t1	282	No	No
g25568.t1	g25568.t1	123	No	No
g25569.t1	g25569.t1	91	No	No
g25570.t1	g25570.t1	405	No	No
g25571.t1	g25571.t1	618	Yes	No
g25572.t1	g25572.t1	250	No	No
g25573.t1	g25573.t1	1328	No	No
g25574.t1	g25574.t1	97	No	No
g25575.t1	g25575.t1	1167	No	No
g25576.t1	g25576.t1	403	No	No
g25577.t1	g25577.t1	85	No	No
g25578.t1	g25578.t1	67	No	No
g25579.t1	g25579.t1	465	No	No
g25580.t1	g25580.t1	352	No	No
g25581.t1	g25581.t1	207	No	No
g25582.t1	g25582.t1	421	No	No
g25583.t1	g25583.t1	228	No	No
g25584.t1	g25584.t1	421	No	No
g25585.t1	g25585.t1	408	No	No
g25586.t1	g25586.t1	207	No	No
g25587.t1	g25587.t1	381	No	No
g25588.t1	g25588.t1	249	No	No
g25589.t1	g25589.t1	747	No	No
g25590.t1	g25590.t1	290	No	No
g25591.t1	g25591.t1	107	No	No
g25592.t1	g25592.t1	86	No	No
g25593.t1	g25593.t1	479	No	No
g25594.t1	g25594.t1	289	No	No
g25595.t1	g25595.t1	56	No	No
g25596.t1	g25596.t1	724	No	No
g25597.t1	g25597.t1	306	No	No
g25598.t1	g25598.t1	85	No	No
g25599.t1	g25599.t1	85	No	No
g25600.t1	g25600.t1	324	Yes	No
g25601.t1	g25601.t1	516	No	No
g25602.t1	g25602.t1	841	No	No
g25603.t1	g25603.t1	162	Yes	No
g25604.t1	g25604.t1	297	No	No
g25605.t1	g25605.t1	434	No	No
g25606.t1	g25606.t1	68	No	No
g25607.t1	g25607.t1	124	No	No
g25608.t1	g25608.t1	138	No	No
g25609.t1	g25609.t1	162	No	No
g25610.t1	g25610.t1	160	No	No
g25611.t1	g25611.t1	99	No	No
g25612.t1	g25612.t1	332	No	No
g25613.t1	g25613.t1	97	No	No
g25614.t1	g25614.t1	324	No	No
g25615.t1	g25615.t1	446	No	No
g25616.t1	g25616.t1	1004	No	No
g25617.t1	g25617.t1	108	No	No
g25618.t1	g25618.t1	97	No	No
g25619.t1	g25619.t1	557	No	No
g25620.t1	g25620.t1	419	No	No
g25621.t1	g25621.t1	364	No	No
g25622.t1	g25622.t1	295	No	No
g25623.t1	g25623.t1	159	No	No
g25624.t1	g25624.t1	71	No	No
g25625.t1	g25625.t1	805	No	No
g25626.t1	g25626.t1	486	No	No
g25627.t1	g25627.t1	136	Yes	No
g25628.t1	g25628.t1	109	No	No
g25629.t1	g25629.t1	32	Yes	No
g25630.t1	g25630.t1	469	No	No
g25631.t1	g25631.t1	207	No	No
g25632.t1	g25632.t1	212	No	No
g25633.t1	g25633.t1	330	No	No
g25634.t1	g25634.t1	465	No	No
g25635.t1	g25635.t1	295	No	No
g25636.t1	g25636.t1	78	Yes	No
g25637.t1	g25637.t1	82	No	No
g25638.t1	g25638.t1	88	Yes	No
g25639.t1	g25639.t1	576	No	No
g25640.t1	g25640.t1	78	Yes	No
g25641.t2	g25641.t2	362	No	No
g25642.t1	g25642.t1	144	No	No
g25643.t1	g25643.t1	337	No	No
g25644.t1	g25644.t1	56	Yes	No
g25645.t1	g25645.t1	95	No	No
g25646.t2	g25646.t2	171	No	No
g25647.t1	g25647.t1	896	No	No
g25648.t1	g25648.t1	670	No	No
g25649.t1	g25649.t1	151	No	No
g25650.t1	g25650.t1	423	No	No
g25651.t1	g25651.t1	231	No	No
g25652.t1	g25652.t1	72	No	No
g25653.t1	g25653.t1	349	Yes	No
g25654.t1	g25654.t1	796	No	No
g25655.t1	g25655.t1	73	No	No
g25656.t1	g25656.t1	375	No	No
g25657.t1	g25657.t1	467	No	No
g25658.t1	g25658.t1	61	No	No
g25659.t1	g25659.t1	1979	No	No
g25660.t1	g25660.t1	656	No	No
g25661.t1	g25661.t1	100	No	No
g25662.t1	g25662.t1	296	No	No
g25663.t1	g25663.t1	712	No	No
g25664.t1	g25664.t1	417	No	No
g25665.t1	g25665.t1	880	No	No
g25666.t1	g25666.t1	201	No	No
g25667.t1	g25667.t1	354	No	No
g25668.t1	g25668.t1	86	No	No
g25669.t1	g25669.t1	80	No	No
g25670.t1	g25670.t1	534	No	No
g25671.t1	g25671.t1	78	No	No
g25672.t1	g25672.t1	833	No	No
g25673.t1	g25673.t1	1266	No	No
g25674.t1	g25674.t1	1266	No	No
g25675.t1	g25675.t1	163	No	No
g25676.t1	g25676.t1	183	No	No
g25677.t1	g25677.t1	421	No	No
g25678.t1	g25678.t1	388	No	No
g25679.t1	g25679.t1	353	No	No
g25680.t1	g25680.t1	196	No	No
g25681.t1	g25681.t1	112	No	No
g25682.t1	g25682.t1	127	No	No
g25683.t1	g25683.t1	54	Yes	No
g25684.t1	g25684.t1	56	No	No
g25685.t1	g25685.t1	446	No	No
g25686.t1	g25686.t1	207	No	No
g25687.t1	g25687.t1	1047	No	No
g25688.t1	g25688.t1	311	No	No
g25689.t1	g25689.t1	393	No	No
g25690.t1	g25690.t1	1755	No	No
g25691.t1	g25691.t1	248	No	No
g25692.t1	g25692.t1	315	No	No
g25693.t1	g25693.t1	817	No	No
g25694.t1	g25694.t1	435	No	No
g25695.t1	g25695.t1	2215	No	No
g25696.t1	g25696.t1	422	No	No
g25697.t1	g25697.t1	386	Yes	No
g25698.t1	g25698.t1	83	No	No
g25699.t1	g25699.t1	195	No	No
g25700.t1	g25700.t1	80	No	No
g25701.t1	g25701.t1	296	Yes	No
g25702.t1	g25702.t1	159	No	No
g25703.t1	g25703.t1	268	No	No
g25704.t1	g25704.t1	347	No	No
g25705.t1	g25705.t1	452	No	No
g25706.t1	g25706.t1	519	No	No
g25707.t1	g25707.t1	484	Yes	No
g25708.t1	g25708.t1	88	No	No
g25709.t1	g25709.t1	136	No	No
g25710.t1	g25710.t1	84	No	No
g25711.t1	g25711.t1	68	No	No
g25712.t1	g25712.t1	155	No	No
g25713.t1	g25713.t1	202	No	No
g25714.t1	g25714.t1	173	No	No
g25715.t1	g25715.t1	102	No	No
g25716.t1	g25716.t1	148	No	No
g25717.t1	g25717.t1	498	No	No
g25718.t1	g25718.t1	100	No	No
g25719.t1	g25719.t1	79	No	No
g25720.t1	g25720.t1	87	No	No
g25721.t1	g25721.t1	151	No	No
g25722.t1	g25722.t1	442	No	No
g25723.t1	g25723.t1	264	No	No
g25724.t1	g25724.t1	284	No	No
g25725.t1	g25725.t1	319	No	No
g25726.t1	g25726.t1	546	No	No
g25727.t1	g25727.t1	390	No	No
g25728.t1	g25728.t1	148	No	No
g25729.t1	g25729.t1	145	No	No
g25730.t1	g25730.t1	808	Yes	No
g25731.t1	g25731.t1	120	No	No
g25732.t1	g25732.t1	237	No	No
g25733.t1	g25733.t1	209	No	No
g25734.t1	g25734.t1	101	No	No
g25735.t1	g25735.t1	95	No	No
g25736.t1	g25736.t1	266	No	No
g25737.t1	g25737.t1	333	No	No
g25738.t1	g25738.t1	212	No	No
g25739.t1	g25739.t1	103	No	No
g25740.t1	g25740.t1	229	Yes	No
g25741.t1	g25741.t1	244	No	No
g25742.t1	g25742.t1	69	No	No
g25743.t1	g25743.t1	81	No	No
g25744.t2	g25744.t2	1733	No	No
g25745.t1	g25745.t1	169	No	No
g25746.t1	g25746.t1	139	No	No
g25747.t1	g25747.t1	805	No	No
g25748.t1	g25748.t1	172	No	No
g25749.t1	g25749.t1	318	No	No
g25750.t1	g25750.t1	138	No	No
g25751.t1	g25751.t1	66	No	No
g25752.t1	g25752.t1	87	No	No
g25753.t1	g25753.t1	126	No	No
g25754.t1	g25754.t1	121	No	No
g25755.t1	g25755.t1	121	No	No
g25756.t1	g25756.t1	121	No	No
g25757.t1	g25757.t1	494	No	No
g25758.t1	g25758.t1	97	No	No
g25759.t1	g25759.t1	66	No	No
g25760.t1	g25760.t1	760	No	No
g25761.t1	g25761.t1	288	No	No
g25762.t1	g25762.t1	202	No	No
g25763.t1	g25763.t1	162	No	No
g25764.t1	g25764.t1	593	No	No
g25765.t1	g25765.t1	75	No	No
g25766.t1	g25766.t1	38	Yes	No
g25767.t1	g25767.t1	70	No	No
g25768.t1	g25768.t1	155	Yes	No
g25769.t1	g25769.t1	142	No	No
g25770.t1	g25770.t1	442	No	No
g25771.t1	g25771.t1	811	No	No
g25772.t1	g25772.t1	1046	No	No
g25773.t1	g25773.t1	120	No	No
g25774.t1	g25774.t1	275	No	No
g25775.t1	g25775.t1	159	No	No
g25776.t1	g25776.t1	444	No	No
g25777.t1	g25777.t1	366	No	No
g25778.t1	g25778.t1	227	No	No
g25779.t1	g25779.t1	564	No	No
g25780.t1	g25780.t1	359	No	No
g25781.t2	g25781.t2	633	No	No
g25782.t1	g25782.t1	102	No	No
g25783.t1	g25783.t1	190	No	No
g25784.t1	g25784.t1	150	No	No
g25785.t1	g25785.t1	81	No	No
g25786.t1	g25786.t1	63	Yes	No
g25787.t1	g25787.t1	259	No	No
g25788.t1	g25788.t1	55	Yes	No
g25789.t1	g25789.t1	282	No	No
g25790.t1	g25790.t1	332	No	No
g25791.t1	g25791.t1	10	No	No
g25792.t1	g25792.t1	210	No	No
g25793.t1	g25793.t1	343	No	No
g25794.t1	g25794.t1	343	No	No
g25795.t1	g25795.t1	75	No	No
g25796.t1	g25796.t1	152	No	No
g25797.t1	g25797.t1	845	No	No
g25798.t1	g25798.t1	365	No	No
g25799.t1	g25799.t1	96	No	No
g25800.t1	g25800.t1	165	No	No
g25801.t1	g25801.t1	349	No	No
g25802.t1	g25802.t1	275	No	No
g25803.t1	g25803.t1	101	No	No
g25804.t1	g25804.t1	677	No	No
g25805.t1	g25805.t1	1456	No	No
g25806.t1	g25806.t1	1453	No	No
g25807.t1	g25807.t1	878	No	No
g25808.t1	g25808.t1	483	Yes	No
g25809.t1	g25809.t1	141	No	No
g25810.t1	g25810.t1	85	No	No
g25811.t1	g25811.t1	132	No	No
g25812.t1	g25812.t1	74	No	No
g25813.t1	g25813.t1	160	No	No
g25814.t1	g25814.t1	78	No	No
g25815.t1	g25815.t1	84	No	No
g25816.t1	g25816.t1	586	No	No
g25817.t1	g25817.t1	229	No	No
g25818.t1	g25818.t1	140	No	No
g25819.t1	g25819.t1	240	No	No
g25820.t1	g25820.t1	117	No	No
g25821.t1	g25821.t1	557	No	No
g25822.t1	g25822.t1	666	No	No
g25823.t1	g25823.t1	192	No	No
g25824.t1	g25824.t1	184	No	No
g25825.t1	g25825.t1	451	No	No
g25826.t1	g25826.t1	272	Yes	No
g25827.t1	g25827.t1	99	Yes	No
g25828.t1	g25828.t1	242	Yes	No
g25829.t1	g25829.t1	276	No	No
g25830.t1	g25830.t1	343	No	No
g25831.t1	g25831.t1	114	No	No
g25832.t1	g25832.t1	76	No	No
g25833.t1	g25833.t1	129	No	No
g25834.t1	g25834.t1	323	No	No
g25835.t1	g25835.t1	2812	No	No
g25836.t1	g25836.t1	96	No	No
g25837.t1	g25837.t1	234	No	No
g25838.t1	g25838.t1	1237	No	No
g25839.t1	g25839.t1	78	Yes	No
g25840.t1	g25840.t1	77	No	No
g25841.t1	g25841.t1	75	No	No
g25842.t1	g25842.t1	150	No	No
g25843.t1	g25843.t1	1823	No	No
g25844.t1	g25844.t1	312	No	No
g25845.t1	g25845.t1	242	No	No
g25846.t1	g25846.t1	88	No	No
g25847.t1	g25847.t1	115	No	No
g25848.t1	g25848.t1	106	No	No
g25849.t1	g25849.t1	450	No	No
g25850.t1	g25850.t1	199	No	No
g25851.t1	g25851.t1	350	No	No
g25852.t1	g25852.t1	235	No	No
g25853.t1	g25853.t1	173	No	No
g25854.t1	g25854.t1	165	No	No
g25855.t1	g25855.t1	351	No	No
g25856.t1	g25856.t1	114	No	No
g25857.t1	g25857.t1	737	Yes	No
g25858.t1	g25858.t1	484	No	No
g25859.t1	g25859.t1	92	No	No
g25860.t1	g25860.t1	1593	No	No
g25861.t2	g25861.t2	1047	No	No
g25862.t2	g25862.t2	433	No	No
g25863.t1	g25863.t1	182	No	No
g25864.t1	g25864.t1	345	No	No
g25865.t1	g25865.t1	262	No	No
g25866.t1	g25866.t1	203	No	No
g25867.t1	g25867.t1	281	No	No
g25868.t1	g25868.t1	112	No	No
g25869.t1	g25869.t1	187	No	No
g25870.t1	g25870.t1	217	No	No
g25871.t1	g25871.t1	126	No	No
g25872.t1	g25872.t1	132	No	No
g25873.t1	g25873.t1	1279	No	No
g25874.t1	g25874.t1	96	No	No
g25875.t1	g25875.t1	136	No	No
g25876.t1	g25876.t1	110	No	No
g25877.t1	g25877.t1	191	No	No
g25878.t1	g25878.t1	378	No	No
g25879.t1	g25879.t1	613	No	No
g25880.t1	g25880.t1	218	Yes	No
g25881.t1	g25881.t1	412	No	No
g25882.t1	g25882.t1	216	Yes	No
g25883.t1	g25883.t1	749	Yes	No
g25884.t1	g25884.t1	302	No	No
g25885.t1	g25885.t1	238	No	No
g25886.t1	g25886.t1	1383	No	No
g25887.t1	g25887.t1	665	Yes	No
g25888.t1	g25888.t1	181	No	No
g25889.t1	g25889.t1	117	No	No
g25890.t1	g25890.t1	592	No	No
g25891.t1	g25891.t1	963	No	No
g25892.t1	g25892.t1	241	No	No
g25893.t1	g25893.t1	252	No	No
g25894.t1	g25894.t1	772	No	No
g25895.t1	g25895.t1	199	No	No
g25896.t1	g25896.t1	200	No	No
g25897.t1	g25897.t1	105	No	No
g25898.t1	g25898.t1	181	Yes	No
g25899.t1	g25899.t1	217	No	No
g25900.t1	g25900.t1	86	No	No
g25901.t1	g25901.t1	73	No	No
g25902.t1	g25902.t1	82	No	No
g25903.t1	g25903.t1	254	No	No
g25904.t1	g25904.t1	544	No	No
g25905.t1	g25905.t1	289	No	No
g25906.t1	g25906.t1	242	No	No
g25907.t1	g25907.t1	923	No	No
g25908.t1	g25908.t1	436	No	No
g25909.t1	g25909.t1	345	No	No
g25910.t2	g25910.t2	529	No	No
g25911.t1	g25911.t1	696	No	No
g25912.t1	g25912.t1	110	No	No
g25913.t1	g25913.t1	163	No	No
g25914.t1	g25914.t1	728	No	No
g25915.t1	g25915.t1	101	No	No
g25916.t1	g25916.t1	792	No	No
g25917.t1	g25917.t1	73	No	No
g25918.t1	g25918.t1	113	No	No
g25919.t1	g25919.t1	127	No	No
g25920.t1	g25920.t1	373	No	No
g25921.t1	g25921.t1	437	No	No
g25922.t1	g25922.t1	693	No	No
g25923.t1	g25923.t1	353	No	No
g25924.t1	g25924.t1	845	No	No
g25925.t1	g25925.t1	120	No	No
g25926.t1	g25926.t1	412	No	No
g25927.t1	g25927.t1	356	No	No
g25928.t1	g25928.t1	322	No	No
g25929.t1	g25929.t1	386	No	No
g25930.t1	g25930.t1	525	No	No
g25931.t1	g25931.t1	1490	No	No
g25932.t1	g25932.t1	307	No	No
g25933.t1	g25933.t1	240	No	No
g25934.t1	g25934.t1	373	No	No
g25935.t1	g25935.t1	239	No	No
g25936.t1	g25936.t1	173	No	No
g25937.t1	g25937.t1	405	No	No
g25938.t1	g25938.t1	1074	No	No
g25939.t1	g25939.t1	239	No	No
g25940.t1	g25940.t1	567	No	No
g25941.t1	g25941.t1	543	No	No
g25942.t1	g25942.t1	547	No	No
g25943.t1	g25943.t1	541	No	No
g25944.t1	g25944.t1	431	No	No
g25945.t1	g25945.t1	173	No	No
g25946.t1	g25946.t1	222	No	No
g25947.t1	g25947.t1	72	No	No
g25948.t1	g25948.t1	88	No	No
g25949.t1	g25949.t1	89	No	No
g25950.t1	g25950.t1	71	No	No
g25951.t1	g25951.t1	201	No	No
g25952.t1	g25952.t1	119	No	No
g25953.t1	g25953.t1	83	No	No
g25954.t1	g25954.t1	451	No	No
g25955.t1	g25955.t1	34	Yes	No
g25956.t1	g25956.t1	504	Yes	No
g25957.t1	g25957.t1	489	No	No
g25958.t2	g25958.t2	101	Yes	No
g25959.t1	g25959.t1	205	Yes	No
g25960.t1	g25960.t1	383	No	No
g25961.t1	g25961.t1	906	No	No
g25962.t1	g25962.t1	445	No	No
g25963.t1	g25963.t1	1510	No	No
g25964.t1	g25964.t1	853	No	No
g25965.t1	g25965.t1	222	No	No
g25966.t1	g25966.t1	45	Yes	No
g25967.t1	g25967.t1	117	No	No
g25968.t1	g25968.t1	38	Yes	No
g25969.t1	g25969.t1	484	No	No
g25970.t1	g25970.t1	109	No	No
g25971.t1	g25971.t1	113	No	No
g25972.t1	g25972.t1	1159	No	No
g25973.t1	g25973.t1	94	No	No
g25974.t1	g25974.t1	157	No	No
g25975.t1	g25975.t1	312	No	No
g25976.t1	g25976.t1	227	No	No
g25977.t1	g25977.t1	275	No	No
g25978.t1	g25978.t1	487	No	No
g25979.t1	g25979.t1	278	No	No
g25980.t1	g25980.t1	269	No	No
g25981.t1	g25981.t1	101	No	No
g25982.t1	g25982.t1	269	No	No
g25983.t1	g25983.t1	96	No	No
g25984.t1	g25984.t1	192	No	No
g25985.t1	g25985.t1	124	No	No
g25986.t1	g25986.t1	156	No	No
g25987.t1	g25987.t1	438	No	No
g25988.t1	g25988.t1	259	No	No
g25989.t1	g25989.t1	57	No	No
g25990.t1	g25990.t1	221	No	No
g25991.t1	g25991.t1	432	No	No
g25992.t2	g25992.t2	887	No	No
g25993.t1	g25993.t1	72	No	No
g25994.t1	g25994.t1	495	No	No
g25995.t1	g25995.t1	403	No	No
g25996.t3	g25996.t3	230	No	No
g25997.t1	g25997.t1	624	No	No
g25998.t1	g25998.t1	88	No	No
g25999.t1	g25999.t1	100	No	No
g26000.t1	g26000.t1	84	No	No
g26001.t1	g26001.t1	114	Yes	No
g26002.t1	g26002.t1	90	No	No
g26003.t1	g26003.t1	189	No	No
g26004.t1	g26004.t1	197	No	No
g26005.t1	g26005.t1	106	No	No
g26006.t1	g26006.t1	100	No	No
g26007.t1	g26007.t1	297	No	No
g26008.t2	g26008.t2	936	No	No
g26009.t1	g26009.t1	136	No	No
g26010.t1	g26010.t1	71	No	No
g26011.t1	g26011.t1	116	No	No
g26012.t1	g26012.t1	236	No	No
g26013.t1	g26013.t1	141	No	No
g26014.t2	g26014.t2	521	No	No
g26015.t1	g26015.t1	148	No	No
g26016.t1	g26016.t1	489	Yes	No
g26017.t1	g26017.t1	428	No	No
g26018.t1	g26018.t1	514	No	No
g26019.t1	g26019.t1	83	No	No
g26020.t1	g26020.t1	395	No	No
g26021.t1	g26021.t1	1417	No	No
g26022.t1	g26022.t1	157	No	No
g26023.t1	g26023.t1	430	No	No
g26024.t1	g26024.t1	138	No	No
g26025.t1	g26025.t1	119	No	No
g26026.t1	g26026.t1	204	No	No
g26027.t1	g26027.t1	237	No	No
g26028.t1	g26028.t1	177	No	No
g26029.t1	g26029.t1	93	No	No
g26030.t1	g26030.t1	1532	No	No
g26031.t1	g26031.t1	661	No	No
g26032.t1	g26032.t1	1157	No	No
g26033.t2	g26033.t2	1581	No	No
g26034.t1	g26034.t1	73	No	No
g26035.t1	g26035.t1	153	No	No
g26036.t1	g26036.t1	689	No	No
g26037.t1	g26037.t1	258	No	No
g26038.t2	g26038.t2	1067	No	No
g26039.t1	g26039.t1	69	No	No
g26040.t1	g26040.t1	1241	No	No
g26041.t1	g26041.t1	79	Yes	No
g26042.t1	g26042.t1	74	No	No
g26043.t1	g26043.t1	52	Yes	No
g26044.t1	g26044.t1	165	No	No
g26045.t1	g26045.t1	99	No	No
g26046.t1	g26046.t1	138	No	No
g26047.t1	g26047.t1	461	No	No
g26048.t1	g26048.t1	275	No	No
g26049.t1	g26049.t1	233	No	No
g26050.t2	g26050.t2	3062	No	No
g26051.t1	g26051.t1	221	No	No
g26052.t1	g26052.t1	215	No	No
g26053.t1	g26053.t1	1095	No	No
g26054.t1	g26054.t1	234	No	No
g26055.t1	g26055.t1	85	No	No
g26056.t2	g26056.t2	646	No	No
g26057.t1	g26057.t1	138	No	No
g26058.t1	g26058.t1	281	No	No
g26059.t1	g26059.t1	1392	Yes	No
g26060.t1	g26060.t1	130	No	No
g26061.t1	g26061.t1	401	No	No
g26062.t1	g26062.t1	108	No	No
g26063.t1	g26063.t1	72	No	No
g26064.t1	g26064.t1	556	No	No
g26065.t1	g26065.t1	123	No	No
g26066.t1	g26066.t1	509	No	No
g26067.t1	g26067.t1	572	No	No
g26068.t1	g26068.t1	450	No	No
g26069.t1	g26069.t1	130	No	No
g26070.t1	g26070.t1	72	No	No
g26071.t1	g26071.t1	40	No	No
g26072.t1	g26072.t1	581	No	No
g26073.t1	g26073.t1	899	No	No
g26074.t1	g26074.t1	530	No	No
g26075.t1	g26075.t1	69	No	No
g26076.t1	g26076.t1	77	No	No
g26077.t2	g26077.t2	207	No	No
g26078.t1	g26078.t1	533	No	No
g26079.t1	g26079.t1	70	No	No
g26080.t1	g26080.t1	564	No	No
g26081.t1	g26081.t1	529	No	No
g26082.t1	g26082.t1	559	No	No
g26083.t1	g26083.t1	462	No	No
g26084.t1	g26084.t1	81	No	No
g26085.t1	g26085.t1	553	No	No
g26086.t1	g26086.t1	548	No	No
g26087.t1	g26087.t1	264	No	No
g26088.t1	g26088.t1	95	No	No
g26089.t1	g26089.t1	240	No	No
g26090.t2	g26090.t2	106	No	No
g26091.t2	g26091.t2	471	No	No
g26092.t1	g26092.t1	80	No	No
g26093.t1	g26093.t1	173	No	No
g26094.t1	g26094.t1	824	No	No
g26095.t1	g26095.t1	242	No	No
g26096.t1	g26096.t1	79	No	No
g26097.t1	g26097.t1	271	No	No
g26098.t1	g26098.t1	105	No	No
g26099.t1	g26099.t1	277	No	No
g26100.t1	g26100.t1	196	No	No
g26101.t1	g26101.t1	235	Yes	No
g26102.t1	g26102.t1	204	No	No
g26103.t1	g26103.t1	453	No	No
g26104.t1	g26104.t1	731	No	No
g26105.t1	g26105.t1	74	No	No
g26106.t1	g26106.t1	551	No	No
g26107.t2	g26107.t2	478	No	No
g26108.t1	g26108.t1	280	Yes	No
g26109.t1	g26109.t1	153	No	No
g26110.t1	g26110.t1	734	No	No
g26111.t1	g26111.t1	1366	No	No
g26112.t1	g26112.t1	390	No	No
g26113.t1	g26113.t1	246	No	No
g26114.t1	g26114.t1	297	No	No
g26115.t1	g26115.t1	184	No	No
g26116.t1	g26116.t1	1452	No	No
g26117.t1	g26117.t1	450	No	No
g26118.t1	g26118.t1	1368	No	No
g26119.t1	g26119.t1	219	No	No
g26120.t1	g26120.t1	383	No	No
g26121.t1	g26121.t1	308	No	No
g26122.t1	g26122.t1	112	No	No
g26123.t1	g26123.t1	403	No	No
g26124.t2	g26124.t2	149	No	No
g26125.t1	g26125.t1	181	No	No
g26126.t2	g26126.t2	133	No	No
g26127.t1	g26127.t1	139	No	No
g26128.t1	g26128.t1	89	No	No
g26129.t1	g26129.t1	215	No	No
g26130.t1	g26130.t1	148	No	No
g26131.t1	g26131.t1	112	No	No
g26132.t1	g26132.t1	71	No	No
g26133.t1	g26133.t1	126	No	No
g26134.t1	g26134.t1	85	No	No
g26135.t1	g26135.t1	91	No	No
g26136.t1	g26136.t1	635	No	No
g26137.t1	g26137.t1	593	No	No
g26138.t1	g26138.t1	546	No	No
g26139.t1	g26139.t1	893	No	No
g26140.t1	g26140.t1	667	No	No
g26141.t1	g26141.t1	99	No	No
g26142.t1	g26142.t1	186	No	No
g26143.t1	g26143.t1	749	No	No
g26144.t1	g26144.t1	75	No	No
g26145.t1	g26145.t1	1713	No	No
g26146.t1	g26146.t1	73	No	No
g26147.t1	g26147.t1	147	No	No
g26148.t1	g26148.t1	97	No	No
g26149.t1	g26149.t1	165	No	No
g26150.t1	g26150.t1	263	No	No
g26151.t1	g26151.t1	263	No	No
g26152.t1	g26152.t1	125	No	No
g26153.t1	g26153.t1	250	No	No
g26154.t1	g26154.t1	404	No	No
g26155.t1	g26155.t1	414	No	No
g26156.t1	g26156.t1	448	No	No
g26157.t1	g26157.t1	34	Yes	No
g26158.t1	g26158.t1	109	No	No
g26159.t1	g26159.t1	133	No	No
g26160.t1	g26160.t1	45	No	No
g26161.t1	g26161.t1	586	No	No
g26162.t1	g26162.t1	401	No	No
g26163.t1	g26163.t1	320	No	No
g26164.t1	g26164.t1	131	No	No
g26165.t1	g26165.t1	683	No	No
g26166.t1	g26166.t1	86	No	No
g26167.t1	g26167.t1	339	No	No
g26168.t1	g26168.t1	394	No	No
g26169.t1	g26169.t1	277	No	No
g26170.t1	g26170.t1	490	No	No
g26171.t1	g26171.t1	173	No	No
g26172.t1	g26172.t1	438	No	No
g26173.t1	g26173.t1	587	No	No
g26174.t1	g26174.t1	83	No	No
g26175.t1	g26175.t1	151	No	No
g26176.t1	g26176.t1	499	No	No
g26177.t1	g26177.t1	140	No	No
g26178.t1	g26178.t1	158	No	No
g26179.t1	g26179.t1	209	No	No
g26180.t1	g26180.t1	125	No	No
g26181.t1	g26181.t1	236	No	No
g26182.t1	g26182.t1	1044	No	No
g26183.t1	g26183.t1	92	No	No
g26184.t1	g26184.t1	279	No	No
g26185.t1	g26185.t1	285	No	No
g26186.t1	g26186.t1	319	No	No
g26187.t1	g26187.t1	1164	No	No
g26188.t1	g26188.t1	100	Yes	No
g26189.t1	g26189.t1	137	No	No
g26190.t1	g26190.t1	316	No	No
g26191.t2	g26191.t2	868	Yes	No
g26192.t1	g26192.t1	440	Yes	No
g26193.t1	g26193.t1	158	No	No
g26194.t1	g26194.t1	496	No	No
g26195.t1	g26195.t1	923	No	No
g26196.t1	g26196.t1	216	No	No
g26197.t1	g26197.t1	298	Yes	No
g26198.t1	g26198.t1	95	No	No
g26199.t1	g26199.t1	271	No	No
g26200.t1	g26200.t1	123	No	No
g26201.t1	g26201.t1	101	No	No
g26202.t1	g26202.t1	66	No	No
g26203.t1	g26203.t1	683	No	No
g26204.t1	g26204.t1	127	No	No
g26205.t1	g26205.t1	95	No	No
g26206.t1	g26206.t1	577	No	No
g26207.t1	g26207.t1	74	No	No
g26208.t1	g26208.t1	79	No	No
g26209.t1	g26209.t1	46	Yes	No
g26210.t1	g26210.t1	363	Yes	No
g26211.t1	g26211.t1	786	No	No
g26212.t1	g26212.t1	375	No	No
g26213.t1	g26213.t1	256	No	No
g26214.t1	g26214.t1	934	No	No
g26215.t1	g26215.t1	458	No	No
g26216.t1	g26216.t1	1030	No	No
g26217.t1	g26217.t1	115	No	No
g26218.t1	g26218.t1	426	No	No
g26219.t1	g26219.t1	187	No	No
g26220.t1	g26220.t1	2229	No	No
g26221.t1	g26221.t1	71	No	No
g26222.t1	g26222.t1	192	No	No
g26223.t1	g26223.t1	612	No	No
g26224.t1	g26224.t1	525	No	No
g26225.t1	g26225.t1	346	Yes	No
g26226.t1	g26226.t1	398	No	No
g26227.t1	g26227.t1	68	No	No
g26228.t2	g26228.t2	407	No	No
g26229.t1	g26229.t1	195	No	No
g26230.t1	g26230.t1	79	No	No
g26231.t1	g26231.t1	42	Yes	No
g26232.t1	g26232.t1	808	No	No
g26233.t1	g26233.t1	383	No	No
g26234.t1	g26234.t1	342	No	No
g26235.t1	g26235.t1	311	No	No
g26236.t1	g26236.t1	145	Yes	No
g26237.t1	g26237.t1	230	No	No
g26238.t1	g26238.t1	247	No	No
g26239.t1	g26239.t1	92	No	No
g26240.t1	g26240.t1	236	No	No
g26241.t1	g26241.t1	300	No	No
g26242.t1	g26242.t1	171	No	No
g26243.t1	g26243.t1	564	No	No
g26244.t1	g26244.t1	103	Yes	No
g26245.t1	g26245.t1	95	No	No
g26246.t1	g26246.t1	5	Yes	No
g26247.t1	g26247.t1	117	No	No
g26248.t1	g26248.t1	423	No	No
g26249.t1	g26249.t1	1056	No	No
g26250.t1	g26250.t1	1305	No	No
g26251.t1	g26251.t1	31	Yes	No
g26252.t1	g26252.t1	165	No	No
g26253.t1	g26253.t1	95	No	No
g26254.t1	g26254.t1	96	No	No
g26255.t3	g26255.t3	426	No	No
g26256.t1	g26256.t1	261	No	No
g26257.t1	g26257.t1	319	No	No
g26258.t1	g26258.t1	514	No	No
g26259.t1	g26259.t1	448	No	No
g26260.t1	g26260.t1	887	No	No
g26261.t1	g26261.t1	85	Yes	No
g26262.t1	g26262.t1	959	No	No
g26263.t2	g26263.t2	963	Yes	No
g26264.t1	g26264.t1	229	No	No
g26265.t1	g26265.t1	400	No	No
g26266.t1	g26266.t1	183	No	No
g26267.t1	g26267.t1	178	No	No
g26268.t1	g26268.t1	189	Yes	No
g26269.t1	g26269.t1	316	Yes	No
g26270.t2	g26270.t2	356	No	No
g26271.t1	g26271.t1	324	Yes	No
g26272.t1	g26272.t1	137	No	No
g26273.t1	g26273.t1	97	No	No
g26274.t1	g26274.t1	91	No	No
g26275.t1	g26275.t1	151	No	No
g26276.t1	g26276.t1	81	No	No
g26277.t1	g26277.t1	203	No	No
g26278.t1	g26278.t1	1525	Yes	No
g26279.t1	g26279.t1	102	No	No
g26280.t1	g26280.t1	110	No	No
g26281.t1	g26281.t1	298	No	No
g26282.t1	g26282.t1	118	No	No
g26283.t1	g26283.t1	165	No	No
g26284.t1	g26284.t1	241	No	No
g26285.t1	g26285.t1	660	No	No
g26286.t1	g26286.t1	476	No	No
g26287.t1	g26287.t1	259	No	No
g26288.t1	g26288.t1	1204	No	No
g26289.t2	g26289.t2	1110	No	No
g26290.t1	g26290.t1	67	No	No
g26291.t1	g26291.t1	242	No	No
g26292.t1	g26292.t1	752	No	No
g26293.t1	g26293.t1	746	No	No
g26294.t1	g26294.t1	223	No	No
g26295.t1	g26295.t1	82	No	No
g26296.t1	g26296.t1	160	Yes	No
g26297.t1	g26297.t1	155	No	No
g26298.t1	g26298.t1	114	No	No
g26299.t1	g26299.t1	108	No	No
g26300.t1	g26300.t1	160	No	No
g26301.t1	g26301.t1	279	No	No
g26302.t1	g26302.t1	134	No	No
g26303.t1	g26303.t1	173	Yes	No
g26304.t1	g26304.t1	441	No	No
g26305.t1	g26305.t1	79	No	No
g26306.t1	g26306.t1	564	No	No
g26307.t1	g26307.t1	157	No	No
g26308.t1	g26308.t1	327	No	No
g26309.t1	g26309.t1	261	No	No
g26310.t1	g26310.t1	158	No	No
g26311.t1	g26311.t1	163	No	No
g26312.t1	g26312.t1	118	No	No
g26313.t1	g26313.t1	188	No	No
g26314.t1	g26314.t1	732	No	No
g26315.t1	g26315.t1	615	No	No
g26316.t1	g26316.t1	546	No	No
g26317.t1	g26317.t1	324	No	No
g26318.t1	g26318.t1	142	No	No
g26319.t1	g26319.t1	559	No	No
g26320.t1	g26320.t1	607	No	No
g26321.t1	g26321.t1	603	No	No
g26322.t1	g26322.t1	95	No	No
g26323.t1	g26323.t1	278	No	No
g26324.t1	g26324.t1	154	No	No
g26325.t1	g26325.t1	123	No	No
g26326.t1	g26326.t1	101	No	No
g26327.t1	g26327.t1	937	No	No
g26328.t1	g26328.t1	120	No	No
g26329.t1	g26329.t1	181	No	No
g26330.t1	g26330.t1	82	No	No
g26331.t1	g26331.t1	70	No	No
g26332.t1	g26332.t1	643	Yes	No
g26333.t1	g26333.t1	83	No	No
g26334.t1	g26334.t1	94	No	No
g26335.t1	g26335.t1	212	No	No
g26336.t1	g26336.t1	832	No	No
g26337.t1	g26337.t1	550	No	No
g26338.t1	g26338.t1	683	No	No
g26339.t1	g26339.t1	736	No	No
g26340.t1	g26340.t1	188	No	No
g26341.t1	g26341.t1	100	No	No
g26342.t1	g26342.t1	89	Yes	No
g26343.t1	g26343.t1	100	No	No
g26344.t1	g26344.t1	814	No	No
g26345.t1	g26345.t1	317	No	No
g26346.t1	g26346.t1	241	No	No
g26347.t1	g26347.t1	594	No	No
g26348.t1	g26348.t1	277	No	No
g26349.t1	g26349.t1	143	No	No
g26350.t1	g26350.t1	577	No	No
g26351.t2	g26351.t2	928	No	No
g26352.t1	g26352.t1	156	No	No
g26353.t1	g26353.t1	158	No	No
g26354.t1	g26354.t1	331	No	No
g26355.t1	g26355.t1	81	No	No
g26356.t1	g26356.t1	76	No	No
g26357.t1	g26357.t1	98	No	No
g26358.t1	g26358.t1	189	No	No
g26359.t1	g26359.t1	107	No	No
g26360.t1	g26360.t1	90	No	No
g26361.t1	g26361.t1	109	No	No
g26362.t1	g26362.t1	139	No	No
g26363.t1	g26363.t1	307	Yes	No
g26364.t1	g26364.t1	97	No	No
g26365.t1	g26365.t1	288	No	No
g26366.t1	g26366.t1	101	No	No
g26367.t1	g26367.t1	350	No	No
g26368.t1	g26368.t1	1133	No	No
g26369.t1	g26369.t1	378	No	No
g26370.t1	g26370.t1	180	Yes	No
g26371.t1	g26371.t1	242	No	No
g26372.t1	g26372.t1	166	No	No
g26373.t1	g26373.t1	242	No	No
g26374.t1	g26374.t1	157	No	No
g26375.t1	g26375.t1	333	No	No
g26376.t1	g26376.t1	370	No	No
g26377.t1	g26377.t1	130	No	No
g26378.t1	g26378.t1	244	No	No
g26379.t1	g26379.t1	69	No	No
g26380.t1	g26380.t1	117	No	No
g26381.t1	g26381.t1	81	No	No
g26382.t1	g26382.t1	117	No	No
g26383.t1	g26383.t1	319	No	No
g26384.t1	g26384.t1	131	No	No
g26385.t1	g26385.t1	79	No	No
g26386.t4	g26386.t4	394	No	No
g26387.t2	g26387.t2	308	No	No
g26388.t1	g26388.t1	345	No	No
g26389.t2	g26389.t2	411	No	No
g26390.t1	g26390.t1	487	No	No
g26391.t1	g26391.t1	112	No	No
g26392.t1	g26392.t1	90	No	No
g26393.t1	g26393.t1	370	No	No
g26394.t1	g26394.t1	87	No	No
g26395.t1	g26395.t1	145	No	No
g26396.t1	g26396.t1	112	No	No
g26397.t1	g26397.t1	81	No	No
g26398.t1	g26398.t1	106	No	No
g26399.t1	g26399.t1	66	No	No
g26400.t1	g26400.t1	78	No	No
g26401.t1	g26401.t1	189	No	No
g26402.t1	g26402.t1	496	No	No
g26403.t1	g26403.t1	176	Yes	No
g26404.t1	g26404.t1	162	No	No
g26405.t1	g26405.t1	554	Yes	No
g26406.t1	g26406.t1	551	No	No
g26407.t1	g26407.t1	346	No	No
g26408.t1	g26408.t1	485	No	No
g26409.t1	g26409.t1	109	No	No
g26410.t1	g26410.t1	135	No	No
g26411.t1	g26411.t1	130	No	No
g26412.t1	g26412.t1	193	No	No
g26413.t1	g26413.t1	478	No	No
g26414.t1	g26414.t1	357	No	No
g26415.t1	g26415.t1	533	No	No
g26416.t1	g26416.t1	347	No	No
g26417.t1	g26417.t1	511	No	No
g26418.t1	g26418.t1	83	No	No
g26419.t1	g26419.t1	192	No	No
g26420.t1	g26420.t1	67	No	No
g26421.t1	g26421.t1	1023	No	No
g26422.t1	g26422.t1	131	No	No
g26423.t1	g26423.t1	99	No	No
g26424.t1	g26424.t1	100	No	No
g26425.t1	g26425.t1	98	No	No
g26426.t1	g26426.t1	143	No	No
g26427.t1	g26427.t1	83	No	No
g26428.t1	g26428.t1	95	No	No
g26429.t1	g26429.t1	65	No	No
g26430.t1	g26430.t1	172	No	No
g26431.t1	g26431.t1	684	No	No
g26432.t1	g26432.t1	82	Yes	No
g26433.t1	g26433.t1	49	No	No
g26434.t1	g26434.t1	531	No	No
g26435.t2	g26435.t2	344	No	No
g26436.t1	g26436.t1	408	No	No
g26437.t1	g26437.t1	178	No	No
g26438.t1	g26438.t1	173	No	No
g26439.t2	g26439.t2	395	No	No
g26440.t1	g26440.t1	119	No	No
g26441.t1	g26441.t1	596	No	No
g26442.t2	g26442.t2	791	No	No
g26443.t1	g26443.t1	758	No	No
g26444.t1	g26444.t1	1488	No	No
g26445.t1	g26445.t1	109	No	No
g26446.t1	g26446.t1	264	Yes	No
g26447.t1	g26447.t1	175	No	No
g26448.t1	g26448.t1	369	No	No
g26449.t1	g26449.t1	613	No	No
g26450.t1	g26450.t1	308	No	No
g26451.t1	g26451.t1	77	No	No
g26452.t2	g26452.t2	187	No	No
g26453.t1	g26453.t1	215	No	No
g26454.t1	g26454.t1	451	No	No
g26455.t1	g26455.t1	330	No	No
g26456.t1	g26456.t1	268	No	No
g26457.t1	g26457.t1	189	No	No
g26458.t1	g26458.t1	47	No	No
g26459.t1	g26459.t1	464	Yes	No
g26460.t1	g26460.t1	94	No	No
g26461.t1	g26461.t1	304	No	No
g26462.t1	g26462.t1	126	No	No
g26463.t1	g26463.t1	87	No	No
g26464.t1	g26464.t1	861	No	No
g26465.t1	g26465.t1	571	No	No
g26466.t1	g26466.t1	275	No	No
g26467.t1	g26467.t1	524	No	No
g26468.t1	g26468.t1	411	No	No
g26469.t1	g26469.t1	352	No	No
g26470.t1	g26470.t1	225	No	No
g26471.t1	g26471.t1	201	No	No
g26472.t1	g26472.t1	120	No	No
g26473.t1	g26473.t1	210	No	No
g26474.t1	g26474.t1	111	No	No
g26475.t1	g26475.t1	75	No	No
g26476.t1	g26476.t1	601	No	No
g26477.t1	g26477.t1	129	No	No
g26478.t1	g26478.t1	99	No	No
g26479.t1	g26479.t1	81	No	No
g26480.t1	g26480.t1	80	No	No
g26481.t1	g26481.t1	45	No	No
g26482.t1	g26482.t1	257	No	No
g26483.t1	g26483.t1	110	No	No
g26484.t1	g26484.t1	143	No	No
g26485.t1	g26485.t1	109	No	No
g26486.t1	g26486.t1	546	No	No
g26487.t1	g26487.t1	135	No	No
g26488.t1	g26488.t1	149	No	No
g26489.t1	g26489.t1	371	No	No
g26490.t2	g26490.t2	211	No	No
