UniqueCount	AmbigCount
27	0
0	0
11	85
0	1
196	58
277	940
50	0
71	462
57	241
515	1747
37	0
0	0
59	18
1	0
149	263
0	0
1062	0
120	0
0	0
1	242
0	0
0	132
243	246
47	293
11	171
38	1
0	9
24	3302
1	0
0	0
3	0
1	34
0	3
4	439
14	2
0	4
95	18
0	6
130	173
0	25
34	3197
70	0
1	0
0	0
136	0
6	24
16	148
4	4
4	14
0	28
580	67
0	67
69	0
0	409
0	0
1	0
0	0
216	468
0	102
4	8
97	1337
0	2
131	0
62	0
14	185
0	0
21	12
0	0
17	116
141	768
489	1022
120	2
0	0
12	23
1	0
1	0
112	152
388	0
236	1
126	1360
13	2299
3	30
0	15
2	0
6	0
25	78
181	164
190	1323
261	0
211	680
61	0
4484	0
120	1621
59	5
291	3
3794	377
115	324
35	78
1	305
87	847
1	40
0	0
1729	443
364	188
0	0
151	285
45	0
2302	294
29	73
0	0
0	0
2	23
0	0
2	386
305	2
5	0
1	0
46	0
7	1
315	712
181	0
4	80
0	17
0	0
0	0
86	0
286	2
13	1307
0	14
0	10
0	0
446	711
47	0
42	0
266	764
4	162
156	1
1	340
0	0
1	5
0	0
291	0
686	241
32	6
3	24
0	0
0	0
96	0
11	229
3	0
84	0
0	123
0	0
1	11
0	53
0	5
63	149
8	356
1423	48
0	0
0	0
2	294
72	91
217	945
0	23
542	0
151	3
1088	0
4	250
3	0
36	6
732	86
10	16
4	13
41	45
0	17
0	0
7	7
0	0
39	188
71	10
2	0
426	412
0	189
0	0
0	0
0	14
0	0
0	123
3	348
102	22
5	2
62	13
246	223
210	77
72	18
3	18
381	0
0	0
0	0
264	2
0	47
134	0
1	0
24	0
102	734
4599	1712
337	37
33	49
0	73
6	11
492	916
7	0
4007	516
3	45
0	0
2852	27
0	54
0	563
5	0
0	4
0	20
0	4
0	0
40	0
66	0
0	104
2	1387
65	45
539	1010
1	0
49	17
0	5
1	208
0	0
4	7
1547	0
29	122
220	945
0	0
9	0
16	0
1272	1105
22	251
150	14
6	37
27	0
208	467
48	0
0	0
0	958
2	0
8	0
0	0
0	66
1	675
28	969
0	18
0	0
437	0
657	0
110	71
110	25
621	11
217	1
168	0
82	7
73	0
176	1350
5	0
1	0
0	0
0	0
0	0
300	8
86	0
4	2
0	51
5	1
35	1
0	0
99	1343
29	480
5	0
0	0
8	7
5	391
30	225
172	132
1	2
87	2167
0	0
11	0
2	0
0	0
652	0
64	538
124	220
220	0
119	0
65	364
20	86
6	0
11	668
0	0
218	0
1028	7
0	6
56	15
5	17
177	399
32	34
5	67
0	4
0	0
0	35
6	3
20	72
6	390
0	1
125	283
37	99
22	0
4	0
0	0
1	0
1	7
0	0
9	1
133	0
1069	648
5	35
367	0
317	1224
1101	1164
803	1777
162	0
0	2
0	1
3	48
0	0
0	0
0	0
0	22
0	0
0	0
0	0
8	2
0	0
15	29
1157	217
206	809
1112	843
82	394
173	0
483	2176
6	191
198	56
55	324
142	0
710	11
309	140
0	0
50	255
792	364
0	0
0	0
2	0
1	0
35	71
3455	4
96	43
410	256
246	165
5	113
122	436
119	0
324	2
8798	83
0	0
1042	0
0	121
0	124
76	372
10	0
57	0
144	3
32	117
47	0
2204	0
34	0
42	102
303	252
347	0
9	0
2	0
35	0
297	62
9	1
102	0
1	0
7413	0
118	108
0	0
7	659
2	54
0	13
0	40
11	109
55	635
28	0
4	0
0	68
0	0
41	28
345	51
216	0
2375	0
2066	14
75	0
369	0
400	2
146	0
25	11
4	28
0	1
9	57
263	545
17	1213
117	161
2378	0
362	15
42	0
436	0
238	0
739	496
85	0
2	1
0	0
154	1
210	0
81	0
104	948
5	8
189	0
426	0
378	88
99	26
4	902
13	0
6	0
738	1897
0	2
27	133
176	0
2052	57
267	1081
6	1294
0	0
15	38
0	0
6	372
2	0
0	0
1	0
2	3
0	0
0	0
0	0
2	0
23	35
164	39
171	279
0	78
16	24
0	50
6	25
0	0
0	0
2	45
0	0
43	3
8	109
535	32
115	642
449	0
11	0
136	0
124	19
69	165
0	40
1	602
0	4
0	1
11	306
0	0
0	3
461	2
2886	32
783	0
9	0
0	0
80	69
0	0
42	632
32	461
209	76
4	3
59	2
13	0
175	23
48	156
88	0
8	35
132	213
0	290
95	249
161	86
184	0
0	15
151	0
2	0
4	15
0	15
3	1
0	0
0	0
0	0
0	0
0	0
0	0
0	0
0	0
0	35
0	0
16	807
0	0
1	1
2	1561
0	234
8	100
893	3212
0	20
0	5
495	481
3	10
0	9
3	2
18	365
168	121
6	34
1055	3
838	17
31	568
156	3007
0	0
13	22
424	154
0	0
272	49
13	20
0	0
486	1
0	0
1	0
0	0
0	3
2	7
0	0
0	0
0	19
0	0
0	0
0	0
0	7
3	2
0	0
619	36
0	0
11	0
0	0
1017	40
83	48
25	823
270	50
839	0
414	749
96	0
0	0
0	0
192	62
5	9
91	0
5	11
1	1901
9	0
0	0
235	78
130	0
93	0
308	221
1	0
9	1449
4	6
23	0
0	5
0	0
0	0
0	0
1150	0
0	11
223	1705
0	0
45	0
0	2
4	0
287	34
135	0
7812	0
0	101
0	0
0	0
0	0
0	0
179	103
4	1
1	0
0	0
9	34
0	52
0	3
0	0
292	922
1	0
0	0
0	0
0	0
0	5
1	618
4	5
32	31
276	3014
1	57
17	46
0	0
1425	11
37	0
42	0
490	0
860	30
475	0
693	0
2	0
131	62
3	12
80	470
0	0
13	1
85	448
131	45
100	222
422	4
1201	5
200	27
256	63
0	0
13	8
18	128
6	28
25	9
47	0
75	675
200	369
0	0
0	0
906	2578
17	0
1	0
0	0
40	344
553	473
1	275
620	1607
10	372
0	0
0	0
842	20
840	32
0	0
0	5
34	0
0	27
0	0
916	0
168	0
68	0
243	1896
184	0
1292	5
0	0
0	0
0	0
4	0
236	1
3	0
0	0
204	82
31	20
58	613
172	726
452	1174
10	7
12	2108
51	2
0	0
0	44
5	0
58	0
0	0
0	0
2	0
1	7
25	543
0	0
5	0
0	153
0	0
3	1
23	247
4	1811
5	0
46	308
0	0
0	2
35	55
126	0
0	0
0	0
0	0
380	454
2257	10
8	0
38	9
225	2726
0	32
122	0
390	1592
164	0
152	179
11	1292
1	0
39	286
2	0
74	11
0	22
0	6
3092	195
25	55
12	0
17	53
15	79
61	3
44	547
0	1
2	0
0	0
137	618
125	248
18	0
57	0
22	0
0	0
0	0
1	0
0	42
45	256
1	9
107	0
16	0
0	45
488	280
51	2025
162	32
4	725
12	0
1638	235
0	0
1	0
0	0
0	0
72	8
0	5
3	310
41	48
31	55
15	69
7	269
43	142
267	513
80	114
288	0
336	0
19	0
83	457
0	0
0	0
0	73
2	296
2	498
1	0
1	0
5	0
1	0
873	237
17	10
23	2
3	17
1	949
22	0
0	106
2	132
135	785
0	0
1	0
22	1
0	1293
1	174
0	0
0	0
0	0
148	396
1	404
27	16
457	30
77	7
9	74
199	47
0	9
51	260
142	1438
21	185
2068	1840
266	1463
0	4
86	54
2	1
151	9
11	119
4	430
432	1027
8	81
0	0
1	206
0	0
5	0
0	0
216	217
219	0
70	53
225	0
230	0
61	0
15	105
15	297
1	0
26	4
19	551
0	0
135	10
3	13
1	2
1	0
0	440
0	0
0	69
6	0
35	210
5	14
4	4
0	48
2	0
0	0
0	0
182	3
603	8
139	1
50	193
468	609
494	767
0	0
261	640
626	71
14	1
1050	92
0	0
96	0
0	6
269	0
79	0
142	21
268	0
217	146
27	0
1	0
4	0
1	0
1474	0
18	20
7	28
160	8
783	349
6	0
0	0
115	240
5	1
45	38
4	0
2	5
0	64
3	1247
39	0
0	0
63	141
9	190
118	0
2	0
0	0
0	15
9	103
3460	0
0	412
0	5
4	0
132	0
0	0
1215	513
0	0
0	145
0	0
8	7
10	1916
0	2
0	3
540	244
79	0
65	50
15	96
153	0
25	47
3	14
18	39
4	3
15	200
1	58
306	35
192	0
7	6
751	1050
73	0
2704	3
2794	540
201	0
0	0
0	0
257	34
293	221
2192	697
184	0
0	67
13	116
61	8
369	464
0	0
1633	2923
1	1
0	126
0	0
11	0
0	0
15	583
0	0
0	0
0	0
0	0
0	0
0	0
0	0
1	41
0	0
0	0
0	0
1	1
24	136
0	0
1	17
15	0
9	57
1	142
0	0
53	61
0	0
8	2
0	0
0	13
9	43
0	0
250	0
10	0
4269	4
0	0
9	251
9	150
9	24
0	0
5	8
8	120
1	0
0	6
0	4
3495	394
0	38
75	8
1	0
7	0
0	154
276	0
0	0
0	0
699	6
556	312
0	0
0	13
2	0
218	511
0	16
13	40
0	0
2	24
0	0
13	0
5	0
42	22
128	2166
1	35
0	0
0	0
8	0
0	0
10	0
0	33
21	53
2	52
13	0
0	4
366	2313
234	3
173	0
12	80
23	129
62	0
50	60
84	3
37	1571
0	207
20	1035
0	244
0	0
19	7
0	50
0	3
12	3
0	0
191	961
0	0
0	1
0	0
450	391
111	0
17	10
15	7
34	132
37	75
98	0
208	22
50	0
4	0
975	0
254	555
0	0
665	84
0	1
175	64
7	40
0	178
0	0
0	0
1	0
0	0
62	0
11	151
0	0
0	0
122	2
317	81
106	0
400	0
12	737
0	0
0	0
35	219
0	98
0	71
0	0
0	57
102	0
15	0
0	1
0	0
9	0
0	0
1418	0
0	6
625	173
0	0
176	142
2136	482
1	39
0	1367
87	0
145	0
159	1700
470	733
8	98
26	352
0	84
1829	1449
3	0
0	0
6	1805
2	233
0	0
0	0
344	73
13	1127
1	0
94	0
0	25
14	0
21	150
84	0
74	2614
1776	0
359	431
59	1391
0	0
0	0
0	186
0	0
0	192
0	0
0	0
17	471
30	91
1468	0
5	153
0	2
2	2
0	584
8	277
2	71
0	0
35	51
44	82
7	6
36	5
331	318
191	0
3	0
0	0
16	2646
26	2195
11	148
60	923
472	0
376	0
57	0
315	0
3047	338
34	17
252	211
7	12
189	3783
83	175
0	0
244	341
165	0
207	65
0	5
0	8
56	100
12	339
115	0
827	54
362	0
15	59
16	16
21	1185
18	2520
37	2310
15	51
115	62
3	8
6	52
92	325
4	302
16	3
6	406
19271	4
140	1
0	0
0	0
44	66
184	0
766	987
2	0
79	0
51	196
75	0
177	43
0	4
77	17
513	0
0	0
0	0
59	304
1	267
0	0
430	1430
63	0
184	515
0	11
0	0
0	0
161	0
1	567
1139	46
560	2374
46	72
358	0
44095	1
159	10
0	18
966	686
50	16
397	0
7	1
313	75
44	46
0	63
157	4
125	0
0	0
96	48
159	200
353	179
0	0
34	22
7	31
321	2624
0	12
2	0
0	46
26	24
5	255
309	0
318	849
0	0
0	0
212	0
0	17
0	0
3	20
0	27
0	1409
64	35
442	319
10868	773
0	0
142	0
0	0
0	0
8	230
0	0
0	0
7	0
7	52
586	90
331	86
21	230
16	0
3	19
263	539
0	1
151	2
712	1016
19	16
30	41
4	2
146	508
0	0
1	0
0	0
5	234
0	0
1	45
40	112
0	1
0	0
475	52
5	0
10	0
51	9
0	0
28	0
20	0
11	0
15	0
7	0
6	0
24	96
5	0
15	2
6	0
89	58
0	26
134	0
22	1
50	12
9	0
5	6
11	0
2	0
32	137
12	57
1	0
18	2
788	1227
156	15
141	93
0	0
9	8
257	53
61	3
19	4
0	0
0	0
0	0
170	359
9	1
0	9
5	0
0	0
0	59
77	0
212	3
1	0
0	10
0	0
0	40
0	0
4	0
134	44
63	24
0	28
7	0
207	2129
26	312
6	0
176	0
2	100
27	103
338	10
0	3
34	0
69	432
7	9
0	7
193	206
115	130
0	8
2	139
26	18
1	0
45	260
50	53
0	0
2	2479
8	133
148	159
0	0
5	6
0	0
98	127
54	47
73	35
39	7
334	233
1131	567
3	0
787	110
0	22
28	156
0	0
158	0
1541	0
3	60
1	1304
203	429
1	118
10	13
0	61
0	3
9	0
100	11
0	0
1	0
8	0
0	0
2	0
0	0
4	10
5	0
0	0
0	61
2	19
162	196
87	0
64	41
4	0
40	23
25	224
32	0
0	0
0	0
46	290
16	50
49	366
112	3
937	6
9	39
45	21
0	0
1	321
0	0
100	1831
24	2
38	1237
23	49
37	0
301	60
4	0
0	0
51	22
43	284
65	351
1882	2141
0	0
42	0
19	32
22	0
116	0
0	0
358	6
680	24
8	103
183	30
95	6
130	0
371	52
7	28
224	9
200	0
37	475
6	1
3619	15
78	1429
647	873
1427	13
81	0
0	0
55	6
7	41
1	18
12	1906
255	26
28	0
408	0
106	1940
3	699
0	0
0	373
1	0
7	16
711	146
57	1
17	0
117	1
0	0
2	0
34	0
0	0
6	9
312	809
900	1610
7	38
5	157
238	13
21	2168
697	1
17	69
0	1
0	48
8	0
374	75
75	53
734	6
1073	0
669	226
0	114
402	45
35	39
1	56
37	0
2	0
49	1687
19	5
17	272
2	10
4	26
0	37
50	502
50	574
3	2
1	3
1	303
206	2907
16	0
1118	410
274	349
789	1
695	0
205	46
47	0
8	1
0	25
1867	1306
581	0
60	192
98	1
165	356
212	346
0	12
0	82
20	0
140	0
27	88
5	186
238	7
2	2647
0	0
0	0
0	0
0	2
1421	168
0	1
1	0
104	47
0	0
22	1
771	183
8	0
10	0
2	0
0	0
27	369
0	112
0	0
2	110
2	284
94	185
2	58
30	86
16	291
381	49
945	0
390	931
108	0
66	64
77	0
129	29
3	710
2605	1
63	367
0	8
12	64
82	1017
602	30
235	13
46	333
178	179
1162	471
0	276401
34	1059
0	156
0	9
0	5
21	57
0	4
24	116
0	0
0	0
0	93
84	316
2	27
522	55
10	55
3	92
371	98
34	0
83	13
0	83
225	173
3	2
0	3
139	36
52	561
1073	0
2	40
112	13
92	365
122	0
42	2893
58	4114
362	199
0	0
7	9
264	74
118	57
132	1110
191	16
13	0
6	0
0	0
0	0
5	449
2	1
8	0
0	7
23	286
0	1
0	0
0	0
3	0
0	0
0	0
0	0
1198	0
0	0
12324	264
0	0
3	0
0	2224
808	0
306	627
130	0
392	0
78	0
12	33
0	30
0	0
0	0
9	8
8	0
5	34
85	314
0	146
27	57
25	0
0	0
0	0
2	0
0	0
3	0
19	570
0	0
0	17
150	5
47	40
4	411
71	4
0	0
0	0
4	88
1	13
28	234
2	0
1	1
0	0
0	0
1	0
105	510
1	0
465	126
18	2
26	113
368	1735
0	0
137	1514
100	0
96	6
0	566
0	13
15	577
61	2533
0	34
12	4
0	0
563	43
1	0
18	26
103	345
204	361
0	16
126	890
0	8
0	0
1	0
0	2
17	0
11	12
18	233
28	152
16	187
137	187
0	0
17	0
0	0
0	27
3	185
0	0
2	0
1	0
413	1923
119	127
29	59
111	111
36	338
38	131
65	54
0	19
188	321
7	54
2	45
345	2
21	191
329	0
519	21
28	612
879	10
151	16
37	11
6	0
61	196
0	0
270	1127
67	67
520	682
203	33
34	0
71	96
7	0
409	351
44	0
49	0
13	102
48	1782
0	0
0	0
18	71
29	66
65	1096
0	31
10	0
14	69
0	0
0	0
0	0
0	16
264	1100
123	5058
10	0
21	3
19	4
336	293
678	0
437	0
5	5
22	44
25	82
611	0
0	0
1	0
1	1
6	44
0	0
0	14
139	567
17	28
0	0
17	110
0	0
26	798
166	495
30	257
0	60
133	19
44	0
21	47
22	776
0	33
3	1
1	0
0	0
325	0
0	668
0	0
0	0
1228	0
44	21
336	1252
130	167
596	93
0	18
1243	13
2	0
225	266
6	26
1	13
204	0
170	0
0	0
0	40
0	10
2	0
326	345
0	1
7	0
400	39
60	0
45	195
33	0
0	1
0	0
1	2
0	7
0	0
0	0
0	0
0	0
119	0
372	1250
0	0
1438	18740
28895	35
80192	94418
1	12
34519	99283
0	0
2	0
149	0
0	0
81	1680
0	92
0	0
0	0
0	5
452	113
4	0
41	3
5	859
166	0
63	0
34	170
78	2
27	187
191	27
0	0
0	0
170	501
0	0
0	48
114	70
1	0
40	0
27	24
16	1246
34	60
0	0
0	13
137	0
2	0
204	2295
0	0
15	18
0	0
6	306
0	0
1	0
4	22
1	0
0	0
225	0
683	135
44	179
7	0
6	3
65	0
1	0
1	16
22	0
17	0
780	74
2	0
33	0
0	0
62	361
75	1
1	0
15	0
164	37
85	0
211	218
0	0
31	778
149	95
54	3
100	0
265	0
52	9
15	0
1053	0
561	2
738	0
3116	0
0	1
0	0
0	0
38	0
11	62
22	110
873	0
2234	67
20	60
0	30
0	0
1	58
0	0
17	1
0	0
0	0
28	229
102	232
13	1247
7	2
0	0
135	0
39	0
21	0
56	4
316	3
788	496
279	873
0	3
0	4
446	0
2	6
1761	0
870	3179
3	1
7	834
0	0
41	0
60	0
0	0
40	1
2	5
0	0
4	3
10	6
68	70
0	6
6	0
0	0
64	20
20	28
6	20
0	1453
1	73
218	30
0	0
0	1
0	0
1	0
245	7
1	38
0	1
36	14
32	0
89	63
5962	21
42	59
15	46
709	948
133	266
1763	0
1053	0
5074	0
146	0
644	185
98	1174
257	874
570	191
1	168
0	0
13	546
122	140
0	0
3	1
4	50
12	0
129	0
0	5038
0	0
0	0
0	24
6	110
1102	679
0	35
0	0
307	0
190	0
2610	6
3	6
295	1074
221	475
0	0
1	0
157	1289
23	7
9	3
27	758
0	0
31	0
4	20
21	1
310	138
321	304
0	0
0	448
0	1
6	102
0	46
263	1
233	1
3	7
175	110
0	26
639	380
2	5
57	0
94	2
6	1
236	2
113	742
15	11
52	1232
30	3525
0	43
0	0
0	0
292	319
4	2
276	83
0	68
21	1570
476	188
5	115
320	7
25	126
0	0
4	3
2	78
57	85
173	1133
102	839
29	39
217	9
421	0
6	205
0	32
0	0
5	232
162	291
92	2220
46	0
82	179
21	13
24	1320
39	46
120	0
21	0
0	0
43	281
2	0
508	0
184	0
893	269
10	36
341	189
10	0
4	0
43	45
16	155
352	110
1765	19
486	0
5	0
230	15
11	1459
67	190
1	5
35	0
4	0
56	0
0	0
11767	1607
124	0
136	1495
80	26
0	0
12	0
0	0
179	525
64	0
260	78
14	353
29	0
49	2935
3277	23
0	0
2	1
832	141
5	6
262	128
40	3
59	1
251	0
253	288
0	0
8	19
174	4
11924	8
130	7
84	153
129	1244
0	0
86	7
258	65
665	398
81	1788
135	8
77	0
20	309
0	0
0	0
2	269
0	0
0	0
0	0
0	0
0	0
0	133
0	0
0	0
97	0
19	0
34	188
236	161
0	0
1	0
0	0
0	0
35	733
111	18
967	179
1	40
0	0
69	650
126	233
305	1764
16	2217
16	102
2	1
8	1
0	94
65	196
1	37
476	38
36	14
0	0
8	0
20	0
5	40
5	6
65	676
211	6
9	0
10	0
8	0
97	4
200	0
3	54
426	336
237	213
974	851
8	1
6	41
21	658
0	712
35	166
0	0
1	1
0	8
19	0
1285	132
533	0
1	193
6	506
124	1261
67	198
0	31
115	21
168	0
4	0
300	25
77	691
0	2
36	278
228	107
126	1524
9	0
10	260
0	0
0	78
0	0
76	0
72	0
550	24
78	0
2551	3
18	0
0	58
0	51
14	0
0	0
2	222
3	1069
33	22
13	0
73	0
3693	468
0	0
32	49
83	87
0	0
3	0
33	0
4	0
230	299
307	9
1	0
223	7
0	24
0	8
65	0
0	5
3	55
198	0
1	50
40	2266
0	0
0	0
11	67
0	0
28	513
4	1274
11	8
0	0
0	42
28	166
5	123
12	0
3	0
0	0
33	111
0	223
0	48
0	16
0	0
39	3197
0	0
0	0
0	0
0	0
0	0
0	0
0	0
0	0
1380	753
0	6
0	2
0	0
1164	0
166	1202
1226	11
172	0
15	2
56	0
11	0
0	0
668	4
18	137
0	0
106	0
50	16
223	593
0	206
2	0
0	0
1	0
1	0
1033	3228
226	37
0	0
0	0
1	266
15	591
17	5
8	252
1	1142
19	508
0	0
4	0
26	0
485	1637
194	0
72	111
64	60
70	36
62	132
13	33
167	354
11	39
3	274
54	1550
118	39
4	554
4	36
1	2
1	3
0	8
21	0
509	57
696	295
71	0
36	128
17	108
0	15
4	34
297	101
101	0
0	0
0	0
6	12
5	0
0	5
521	89
60	1360
339	0
0	0
3	28
363	0
244	0
79	0
400	0
80	0
0	0
1415	10
24	5
7	0
1457	23
278	1625
940	162
419	0
12	0
39	1
1183	5
189	400
303	291
0	6
36	0
3	20
48	182
110	0
584	0
115	11
1048	0
267	477
86	0
795	37
2	0
2	16
0	0
17	16
13	30
28	0
0	0
0	27
33	1
1	0
79	0
43	113
0	0
0	0
3	12
373	108
7	52
0	0
0	0
0	0
2	257
591	15
1183	1051
0	0
531	1629
0	0
6	0
15	0
114	121
44	0
16	0
14	0
27	105
0	0
0	0
0	0
0	0
2	2
0	0
0	0
359	261
5	0
39	484
624	409
1067	0
23	57
605	1188
56	74
0	0
9	1487
202	141
0	225
46	1134
20	0
2	0
5	49
2	100
2	101
0	0
0	3
0	0
2	66
70	36
8349	69
537	1
4442	105
0	0
0	0
101	328
0	0
6	1
4	8
45	293
39	1408
0	0
0	0
45	89
0	0
0	0
0	0
413	117
0	124
0	0
0	0
0	0
0	0
0	0
0	0
78	1628
0	0
0	0
0	0
0	0
0	0
0	0
0	0
0	0
0	0
0	11
99	0
8	339
42	1
182	344
252	63
108	520
162	1602
35	0
3	0
14	1448
1	1
486	63
13	702
108	68
82	45
0	0
36	164
0	0
245	22
459	0
334	0
590	263
6	0
22	199
708	1
20	0
27	109
127	139
413	15
0	285
61	142
10	21
31	0
2	0
8	276
233	226
0	166
0	55
329	2167
594	159
0	0
0	0
0	1736
4	507
42	145
461	1692
124	0
29	59
1458	3
0	0
12	95
0	0
12	129
1	1
29	174
86	1367
54	0
244	587
29	94
42	107
341	2113
233	121
3	695
202	78
354	214
32	342
0	164
0	64
1	27
369	0
410	0
198	316
12	21
30	76
321	93
16	20
10	70
11	1012
1	3
0	1
0	0
0	0
0	0
0	0
7	1
0	0
0	0
0	0
0	0
15	0
1	333
0	0
0	0
0	0
7	0
6	24
209	446
6	16
65	0
3	0
2948	1121
34400	6
1	31
5	0
125	0
0	6
1	0
22	1
107	0
817	0
1319	18
61	0
418	0
441	1
52	20
149	1946
4	0
156	796
9	0
129	167
2	84
169	0
14	0
69	1
460	0
138	895
2848	2305
1	322
3	34
2324	1
0	0
10	0
0	0
0	0
56	0
0	7
307	903
45	23
274	0
233	0
207	154
548	90
0	16
0	0
0	0
14	0
0	0
0	56
27	0
5	0
0	0
1	55
7	2
0	0
0	0
3	2
0	178
3	0
24	137
205	91
65	0
3	68
0	1
3	138
0	4
931	311
0	0
19	171
0	0
2335	0
36	282
417	777
23	0
113	747
383	11
201	407
906	566
3	120
40	81
0	0
0	0
0	0
0	28
184	682
1	0
0	0
1	5
153	0
44	291
568	57
0	0
0	0
0	0
493	3789
10	64
0	22
40	0
10	15
0	0
6	0
0	0
0	0
143	0
30	1
0	0
2007	17
2732	2255
0	0
106	2
1	0
2103	320
9	7
13	5
0	0
17	55
0	47
7	807
0	82
784	1208
231	23
0	0
0	37
345	5
242	122
16	0
155	0
405	15
12	47
43	4630
0	0
16	5
0	0
0	0
0	0
79	96
81	0
5	70
7	23
26	76
128	3
75	0
325	1
63	3
15	8
6	0
68	1
58	6
1472	20
0	0
0	0
0	0
0	0
1	0
56	97
58	292
0	631
44	0
0	0
5	0
0	0
1	0
0	0
6	0
0	0
43	0
54	70
0	82
0	35
0	5
33	63
3281	362
133	0
119	0
22	410
35	0
0	0
100	46
61	338
0	0
561	2
431	734
0	16
196	2491
0	0
0	196
12	273
0	0
1	755
11	14
0	197
0	2
14	16
116	16
0	23
1	0
78	0
4	0
2	7
3	46
0	2
0	0
61	2
0	0
40	90
0	834
0	0
2	0
38	0
3	10
357	0
1	5
88	0
262	14
40	0
543	870
115	14
365	20
145	3
9	0
147	0
0	567
12	19
0	0
0	0
184	592
17	551
3088	2
0	7
390	392
230	8
68	177
42	705
0	0
32	47
92	0
3804	0
1807	0
219	3
5	196
0	2
3	185
151	0
377	0
1	470
73	2
1170	0
0	88
355	350
127	65
15	64
33	1
165	220
79	104
4	0
0	0
49	466
54	182
871	3485
771	0
487	216
36	173
301	9
112	61
0	0
0	2205
0	499
1	0
0	54
79	515
426	0
7	0
2	5
2	13
52	57
24	1412
105	461
15	671
39	97
297	0
150	0
3384	2
6823	3
1474	387
36	1780
0	19
0	0
3	0
42865	0
368	0
28	21
15	1165
115	657
0	213
125	165
125	2
30	0
438	26
31	1985
6	14
54	681
0	0
2	5
4	0
254	421
27	0
1725	1903
190	0
53	0
1983	0
206	350
114	54
86	144
190	56
6	29
3	0
0	0
21	547
414	585
18	132
77	254
0	3
0	78
0	0
0	0
32	46
396	187
34	96
1	24
8	34
190	393
0	0
104	52
41	0
8	4
0	0
91	517
4	0
1	0
51	0
1	24
53	28
172	28
2	24
75	169
17	0
21	1834
0	45
27	734
0	0
3	134
8	383
0	0
0	1
1549	73
40	0
457	45
0	3
209	60
0	10
194	765
0	92
13	450
216	0
1523	0
83	0
8	15
0	0
155	0
1019	0
16564	5
168	0
217	0
3	0
8	0
59	0
334	0
25047	0
0	0
3	63
16438	1
179	0
0	0
345	2183
2874	1
528	0
160	0
45	31
8	0
0	0
108	720
183	94
102	89
6	18
9	6
0	0
0	0
1519	1
135	2
397	0
0	0
56	0
2	53
3	17
15	243
84	142
158	91
41	365
151	141
624	0
9	74
0	0
0	50
111	651
1	0
0	97
22	59
11	218
0	104
2	0
0	3
0	0
1	1215
22	26
13	3
0	139
5	0
0	5
1	22
0	0
0	8
166	9
0	0
0	0
112	2293
14	177
1288	363
8	385
2	260
60	0
539	1122
5	0
2	0
2	0
979	274
378	545
253	2
118	0
127	107
94	0
25	16
217	0
10	0
1047	32
0	0
27479	2028
22	2251
0	0
6	292
0	29
1	0
627	43
204	180
79	187
38	252
133	20
34	19
229	0
246	4039
2979	60
275	0
128	0
5	2238
3	179
1088	0
99	493
0	1283
100	22
666	2320
0	0
6	0
135	1222
166	3626
3	28
3	15
560	533
5	68
3	133
35	0
0	0
0	0
273	0
71	9
143	55
42	0
19	125
143	2507
25	170
210	2415
163	4
66	2549
0	0
0	0
0	0
56	64
23	168
1121	14
1297	0
3	447
30	338
109	0
0	38
0	0
5	0
0	58
137	2
13	1783
0	36
7	175
279	964
22	0
81	140
24	3
0	3
655	215
83	1173
0	0
0	0
13	68
1273	416
13	0
3	0
37	2366
69	2320
0	0
0	0
667	518
0	0
212	551
7	219
0	0
0	442
266	5630
386	5
0	0
0	26
2	1
120	0
110	0
200	0
141	610
138	0
695	302
0	0
254	961
70	0
58	61
12	32
0	1779
3827	0
154	1
20	0
868	2086
1263	0
297	1180
3	322
382	0
0	46
72	0
49	152
83	8
16	561
31	0
112	582
95	149
8	0
54	78
0	0
0	0
0	0
0	0
2	0
179	103
1649	1561
117	1
23	582
0	0
41	117
65	146
0	9
0	4
1	478
3	262
0	0
457	0
148	670
26	2
0	0
14	449
10	0
7	168
20	2305
291	22
92	393
39	57
7	31
1122	195
3	29
0	0
4	0
5	88
17	0
0	81
14	3
2	5
3	6
10	1
109	24
0	0
0	0
4	0
0	0
3	52
0	0
24	3
0	0
0	0
0	1
157	16
59	2
76	215
9	8
182	709
1	958
0	0
0	0
0	0
0	0
0	0
1	0
9	48
1	36
4415	0
0	13
0	0
0	0
0	0
307	80
42	19
209	1162
269	223
86	84
4	615
11	6
58	7
121	0
10	0
20	1303
2	50
434	88
0	0
2760	12
0	177
485	34
175	29
0	0
39	104
22	325
357	0
2	0
0	0
0	10
0	0
48	238
796	465
5	5
0	0
386	167
598	1101
0	0
8	1
0	0
114	1316
31	8
163	284
5	76
96	0
468	92
1	0
14	54
6	151
392	4
278	54
46	0
157	1
19	0
1	315
142	87
1	7
116	5
347	1414
2	111
130	2736
36	185
3	19
10	137
5	78
0	1
1	0
10	64
145	0
116	46
25	0
202	702
2	9
260	635
27	11
4	861
71	485
42	209
40	1071
66	0
0	241
0	0
431	22
125	227
67	112
85	1994
0	0
1268	326
0	0
0	0
21	9
0	0
5	0
10	0
15	2327
0	0
0	0
0	0
1	0
13	125
458	484
2	0
2894	0
1	36
0	0
21	1760
403	85
5	41
13	0
112	0
1424	33
1	107
2	1
9	619
0	1
724	1010
26	37
1854	0
0	0
61	2058
347	101
150	4
782	1
36	1
56	0
89	8
637	516
4	171
0	33
0	235
266	326
207	0
1	2
3	275
363	5
356	1045
472	550
150	196
769	216
290	0
15	1324
53	83
18	14
5	93
538	0
1496	1
21	212
3	175
0	17
56	0
185	9
71	82
1089	156
1288	225
506	329
2	17
184	0
38	4
9	5
21	0
112	10
810	2
90	8
321	0
237	0
5	218
0	2
2254	0
8	5
41	865
20	37
1	410
0	0
115	8
0	0
0	0
58	39
4	1
0	0
9	8
0	0
0	9
205	0
222	199
288	0
132	3
42	533
155	0
1844	1234
335	0
29	92
0	88
19	62
0	17
0	0
0	0
198	834
34	0
1674	0
516	1
204	8
6	0
0	77
21814	1
0	231
0	0
1	301
8	6
166	299
69	1
18	382
81	453
0	0
62	196
73	0
565	907
93	3613
3	0
0	0
86	50
56	17
254	4
2	0
2	0
1	1775
104	13
216	0
4	13
0	0
17	402
0	53
85	915
9483	0
6	166
2	18
3	23
0	1
8	14
4005	8
0	0
14	109
543	0
48	315
7	0
0	0
5	10
1750	417
12	440
1939	1381
1021	0
195	1
3426	0
27	178
2885	3
1	0
2765	4157
391	980
1	0
0	0
866	0
0	2
123	0
0	0
0	0
3	339
2	0
16	66
1086	1097
31	0
0	34
1365	243
0	0
0	0
31	0
2	65
104	547
65	2172
0	0
0	0
329	41
0	0
367	0
0	0
185	2
3079	172
300	296
967	16
61	5
2	37
25	90
0	2
0	0
106	1
357	158
47	14
0	3
622	0
369	1
127	0
17	379
193	2461
105	648
21	46
323	72
40	260
347	0
358	0
0	0
0	0
0	0
156	268
0	2185
38	1376
551	37
145	2179
271	1
128	0
44	0
0	0
976	15
0	0
1	1138
93	292
12	0
11	30
16	47
0	207
0	0
0	91
4	686
0	39
13	2
0	434
793	534
186	1091
0	1362
0	0
1	3
4	303
8	2
0	0
0	0
31	264
165	136
4	0
9	1
151	0
93	2836
0	1280
66	628
0	12
9	19
191	101
2	0
63	0
1	0
119	4
38	28
165	0
47	44
1	2
22	259
45	0
127	0
1052056	11214
20	1358
100	0
0	6
4426	3786
293	0
23	0
2451	2799
0	90
26	0
301	0
213	1162
156	34
75	6
0	182
2	49
6	805
164	184
386	190
3	34
0	1
352	0
4	76
1	0
65	257
0	0
0	0
0	0
0	0
0	0
589	320
0	1
1	19
26	157
1	1720
39	0
0	0
1226	84
63	0
111	0
0	91
0	42
24	118
1	1343
0	186
0	40
30	10
12	464
1	2
19	83
105	94
79	1
2	1327
0	1053
257	1065
130	1
1	0
225	2315
273	426
13	145
235	64
3	10
1	0
1	4
0	0
0	0
1	45
223	1251
78	1
123	1
413	0
719	4
0	176
1849	4
21	19
0	0
89	96
165	309
0	0
173	360
0	0
3	0
4313	7
6	342
203	0
69	50
217	31
331	28
49	6
21	852
33	1
0	1
50	0
53	181
313	640
225	128
145	77
1	0
249	824
104	66
13	43
1	0
0	0
0	0
0	0
8	205
28	161
5	8
75	8
0	0
168	11
1242	0
13	24
1	0
0	0
0	4
417	0
0	0
79	1
1321	160
0	2
0	0
24	129
0	0
0	0
9	128
0	0
10	174
23	5
359	485
123	84
163	236
2	0
40	0
327	401
0	0
2	10
71	0
90	20
1309	276
26	0
359	1972
8	74
7	446
440	28
0	2
147	412
47	4
0	0
7	65
0	0
0	28
1309	5543
3	36
0	0
238	43
20	11
225	0
136	91
0	7
168	7
1212	0
197	0
229	169
3	216
7	1
11	2
0	0
0	552
0	0
1	4
0	4
0	0
21	35
0	26
0	0
16	0
0	0
73	181
7	22
8	42
109	1010
33	1
20	2
168	167
126	34
118	74
36	478
0	3
668	1
119	17
1270	1106
273	0
54	0
3	8
0	238
21	681
0	0
4	0
0	196
110	0
98	0
182	0
66	5
1831	459
10	215
8	0
2	16
88	1928
2370	46
17	24
0	31
196	0
340	8
87	153
90	261
0	115
0	0
1	0
9	411
10	22
0	0
354	0
73	4
8	182
4	108
30	404
30	0
0	43
439	191
619	0
469	0
13	3
92	0
18	461
11	0
331	0
69	2
2	54
0	0
4	17
8	386
21	155
11	0
0	1
121	3
7	842
21	293
87	25
0	42
6	91
6	379
3	1703
1	1
5	5
0	0
13	0
99	0
353	452
136	2527
165	363
64	855
22	16
28	126
101	81
414	251
1	3
1422	591
155	1851
231	4
586	28
116	1831
83	43
41	22
190	48
253	28
571	0
0	1
77	205
1367	0
41	437
42	152
11	476
3	137
0	0
0	0
0	0
1	0
0	0
1	0
0	30
345	0
0	126
0	69
10	2
26	222
51	176
31	6
0	8
36	0
2	22
7	74
7	2
0	0
18	0
113	202
51	104
653	3605
2664	970
0	0
143	33
186	1008
1	0
171	9
103	1
0	0
1073	4455
5	117
64	40
8	128
145	2
161	94
72	0
273	0
189	2214
5	43
7	1
84	0
0	0
23	1310
0	0
5	0
15	49
5	1
138	1
5	18
15	191
0	0
0	0
5	505
579	2
717	458
1324	0
176	1607
52	0
281	2106
12	145
0	0
342	0
2	0
294	5
222	0
150	0
123	0
0	878
0	0
315	0
199	50
174	421
1432	750
204	0
261	21
20	53
0	0
0	0
0	0
8	42
0	0
40	538
0	0
24	1043
69	43
199	260
104	0
67	107
0	0
0	0
22	0
0	0
6	7
15	19
0	0
7	14
0	0
0	0
0	1
1	0
1	11
19	303
0	7
0	0
0	0
0	44
0	0
17	16
9	0
0	0
592	0
158	7
1	0
78	0
0	0
259	0
224	729
56	152
12	37
0	0
1	278
508	118
0	0
0	0
0	573
1034	5
378	0
433	0
0	0
5	33
188	118
101	12
380	54
137	4
0	0
3	0
39	0
254	21
37	0
149	10
53	0
80	0
53	0
1059	570
203	370
26	12
0	16
0	11
18	611
0	0
1	14
132	0
82	1498
0	0
154	78
325	83
0	6
39	0
166	861
22	0
1165	3868
0	6
44	0
275	226
39	1283
21	147
50	125
0	108
23	2315
3	266
1	4
1	0
0	0
0	0
0	30
3	0
725	195
1	148
67	789
88	204
34	34
23	74
191	1720
189	562
9	0
78	139
87	376
80	0
200	4
0	0
132	18
1837	5323
732	2095
60	1173
133	0
1205	364
0	60
105	16
6	23
111	2
22	0
1	233
0	0
10	187
0	27
24	0
295	0
3	0
96	0
1182	475
38	8
7	134
48	0
165	0
10	1
2	0
3	163
5	95
0	16
1	68
0	0
2	1466
0	206
1	0
52	1078
298	0
120	107
9	171
1	36
0	0
0	0
13	569
0	11
2	0
365	2008
700	0
6	943
0	101
2539	1024
0	0
0	0
0	0
583	168
623	2
0	0
42	0
1	74
3	0
1024	0
103	127
166	41
3	480
0	0
1	0
1	15
30	1
27	1837
174	407
10	86
0	0
0	641
0	0
0	0
0	154
8	462
103	0
44	685
7	0
2	3
0	0
0	0
6	0
0	0
448	7
0	0
1	11
10	134
0	0
62	15
4	0
2	36
0	17
1	13
0	0
4	8
16	55
2	1
65	232
24	877
8	63
223	0
167	0
0	0
47	0
36	12
291	16
1	2
0	66
7	10
593	13
2362	71
572	1727
0	0
0	0
1	7
0	0
17	0
3	309
0	11
0	11
39835	10
206	144
46	0
0	69
0	0
0	0
12	0
50	0
2903	45
3	0
0	5
51	2
1	0
1553	3490
0	567
20	128
10	48
262	1086
76	347
1446	0
297	0
4	46
40018	46
0	0
61	1177
13	476
5	1
57	596
26	226
0	0
4	568
199	0
11	0
2555	46
146	0
26	3
22	895
0	0
8	0
0	0
1	0
8	13
1527	3410
0	0
8	1
3	0
0	0
105	0
0	0
0	0
0	0
1012	61
0	11
174	202
0	104
0	0
45	15
1472	0
8	11
28	8
16	8
25	0
8	126
1398	8
1202	10
11	0
65	0
4939	0
851	60
5	136
170	0
572	233
0	4
49	0
220	187
4	106
215	54
0	0
0	0
0	1
0	0
0	0
916	0
2	1
1	0
3	3
0	75
24	146
18	889
0	7
0	9
38	337
34	21
0	8
153	277
24	2681
146	0
671	1
5247	0
44	16
102	0
3	1485
479	255
192	0
1082	2168
294	28
119	19
481	98
126	22
13	0
8	469
2	0
24	60
0	1
85	87
20	0
6	204
0	0
15	530
25	105
1	0
1	0
2	0
8	0
2	0
0	110
1	109
439	0
22	95
55	423
0	1
0	1
957	35
4	8
4	662
0	0
132	59
190	121
15	41
9	65
0	2
208	209
305	2221
0	0
81	289
6	0
209	4
358	384
38	0
8	2590
0	2
0	0
0	8
27	19
0	0
0	0
22	220
286	31
132	76
399	6
22	268
105	182
3989	57
4	1222
96	1424
3	5
56	2921
43	0
1651	1091
0	0
0	0
2	4
0	0
3	3
0	0
0	0
2	0
36	6
0	0
0	0
1073	129
1386	10
540	99
321	1493
4	21
0	0
5	0
316	0
0	0
399	1429
0	0
0	0
0	0
0	0
0	0
0	0
0	0
0	608
13	11
0	31
1114	0
0	4
135	205
0	0
193	230
0	0
134	0
0	0
6550	0
1163	0
440	161
0	0
13	49
0	0
1	0
0	0
1	0
12	71
27	2202
28	722
1	30
7	9
19	0
62	1433
8	0
2	43
20	0
0	13
28	157
5	86
140	1
14	6
0	0
2	155
99	555
716	182
0	0
11	0
0	0
80	12
88	206
18	25
264	266
110	2434
2	180
3	0
212	0
124	292
63	1031
21	112
67	72
130	106
334	1681
126	7
181	10
7	0
159	6
186	2734
811	2
0	0
1	0
1	0
0	0
2	0
0	0
47	424
320	0
333	0
108	107
276	2201
73	37
306	0
8	217
6	5
0	0
180	11
3	0
45	193
242	0
45	0
3	0
48	0
28	31
20	195
29	229
15	189
2	45
2	11
23	147
1446	285
108	0
3	24
1	1
8	0
18	10
22	2087
19	119
0	670
2	45
383	73
397	2
16	3
0	9
0	5
0	2
0	0
0	1
151	1568
0	0
205	66
463	190
5505	0
0	0
0	0
135	806
875	1018
342	2464
0	1
0	0
636	630
549	618
0	1
99	6
1	0
0	70
0	0
1	4
0	0
6	6
2	13
0	1
14	19
4	0
1	0
5	24
0	17
1	0
12	316
6	597
46	0
231	31
204	465
108	12
107	8
79	0
2	90
0	0
0	0
8	34
23	0
54	48
133	14
135	171
1	8
0	15
12	1
18	0
355	362
0	0
0	0
4	36
105	5
101	7
0	42
128	416
116	0
357	1909
0	60
0	6
2	1
0	0
8	601
0	414
0	1
26	2220
214	465
0	0
0	0
1	0
21	211
124	16
92	6
1142	122
188	0
164	152
15	43
0	870
542	7
0	0
62	31
0	0
0	0
1	2
31	614
12	1
3	0
22	0
0	0
0	0
0	0
14	0
0	0
0	0
2	1317
36	72
20	7
698	148
371	0
238	0
26	0
1	0
0	2
4	0
0	5
0	11
0	217
63	29
193	93
0	217
56	1099
424	667
0	0
186	377
114	96
66	328
0	0
0	0
12	12
0	9
0	187
1258	373
2	68
1202	69
2	0
126	412
0	0
0	0
2	0
0	0
0	0
0	7
0	0
75	0
210	0
38	0
586	188
177	243
264	0
195	1174
1	72
26	157
84	61
392	41
299	0
172	0
573	4
130	257
36	0
144	1176
0	0
254	0
1	112
6	17
1	0
8	0
2	153
5	556
114	0
0	4
0	0
189	1844
119	0
2086	10
8	89
171	1574
18	97
27	74
868	188
0	0
10	0
4020	0
15	4
12	1923
1	50
14	0
14	106
1	8
92	1180
0	177
73	413
0	0
141	98
0	0
0	107
12	1
510	272
1629	2615
72	4
152	0
170	1954
0	2
824	419
188	33
208	23
15	23
122	77
7	0
1	0
3	0
7	0
0	11
0	53
33	504
3	0
1	50
7	556
0	0
0	0
1	30
5	127
0	1
14	46
9	1117
56	150
0	9
39	267
0	35
619	0
0	0
85	76
0	0
0	0
6	96
2	0
0	22
2	192
0	0
0	0
0	0
2	0
6	24
94	24
470	0
113	0
2212	340
0	0
0	0
913	2
1328	1
8	34
0	10
31	0
394	345
10	90
22	57
0	47
0	0
42	110
0	0
56	541
313	0
109	337
0	0
0	0
0	0
0	0
0	0
0	132
39	213
143	0
5	0
0	0
0	0
0	0
0	0
0	0
8	20
130	271
4	92
583	0
178	25
1481	0
249	53
917	186
185	2391
151	479
0	0
376	0
589	0
49	4
0	0
0	26
3	40
6	83
33	23
3	0
0	0
0	0
0	0
283	203
54	0
13	0
0	0
2	0
15	0
18	0
14	13
6	0
41	8
24	0
78	21
64	83
68	239
0	0
13	0
0	0
3	5
107	26
794	3
233	0
2	0
279	3
0	0
90	1469
0	4
34	97
0	0
0	0
2	0
0	2124
81	117
82	0
3	0
0	0
0	28
0	11
2	72
14	26
13	103
0	18
102	99
14	1195
4	670
86	0
139	197
0	0
333	4
690	10
1639	0
170	12
596	86
310	2365
0	0
119	54
0	0
0	0
0	0
102	0
0	0
17	80
2093	0
203	937
60	542
0	22
0	10
25	0
0	0
2	0
0	0
0	0
0	0
65	164
152	1945
58	0
0	46
535	0
36	0
0	0
0	45
5	45
21	8
0	0
163	2361
11	29
5	434
136	156
9	485
0	268
25	0
82	25
135	674
63	1061
51	0
65	2
706	134
322	2300
502	0
0	46
29	17
246	275
211	95
190	2
0	3
558	27
10	1
4	1
1	112
72	0
48	17
0	0
247	230
2	205
81	163
74	0
510	0
183	75
74	65
23	0
105	1268
147	226
44	2
53	3
2308	2222
0	17
6	53
3281	541
0	0
5	0
1	0
44	295
0	0
143	73
0	127
96	463
0	16
0	0
0	0
15	27
3	511
0	0
0	0
0	0
0	0
0	0
132	390
0	0
0	0
0	0
0	0
0	0
0	0
0	0
0	0
0	0
0	0
38	0
154	0
0	0
0	0
1	2228
427	0
0	0
4	0
72	160
104	333
35	40
0	0
272	0
0	0
32	283
0	0
104	1007
8	1
0	29
18	2085
0	0
2	0
0	0
8	4
11	17
0	0
2	0
512	611
1048	0
28	158
555	971
62	91
20	470
1	0
150	4727
277	0
36	0
481	1443
355	265
3	0
40	10
100	2
63	2
39	189
99	0
88	514
128	6
93	232
7	0
73	1434
42	657
0	3
6	0
33	3
0	6
0	6
309	0
427	310
0	0
0	515
7	0
0	1
24	156
80	241
4	2
0	0
3	2
136	7
75	640
2	13
500	3
3	57
33	14
0	0
186	0
29	25
35	63
325	480
747	1
153	0
260	599
593	564
30	790
0	0
11	2885
48	65
18	1412
3	232
148	1359
15	264
0	0
0	0
0	108
1299	1
1	0
0	0
1	0
0	0
14	17
1	0
0	0
0	1197
0	0
0	0
3	0
0	64
0	4
308	33
34	607
536	1
0	32
49	32
22	339
42	216
13	3
7	5
234	40
130	493
0	10
5	192
0	827
213	0
83	0
4	308
0	0
4	51
0	0
26	137
1	19
0	0
2	43
0	23
7	0
16	1287
0	0
0	0
11	0
33	192
10	216
2	0
0	12
151	78
48	639
0	0
36	0
89	979
0	188
155	2
0	0
0	0
0	0
25	774
47	20
2	51
11	0
0	65
2	0
0	0
0	0
924	475
0	0
514	0
2440	7
79	25
686	0
15	0
7	0
31	179
99	0
130	8
3198	0
6	65
1	24
266	374
35	92
924	0
685	3
288	1473
212	1
392	1
997	0
60	113
235	2
426	87
141	0
0	11
140	0
197	4
6	24
211	0
687	40
0	22
7431	0
18	16
337	0
1221	2968
0	5
0	34
1	0
3	0
59	2
98	0
168	2
1588	1002
603	0
7	191
16	92
1	0
52	13
0	0
164	280
26	709
0	0
0	91
44	322
0	0
33	32
0	0
0	0
174	0
32	2
421	0
52	34
1255	1008
814	26
0	0
7	651
4	100
310	651
0	0
0	187
173	327
7	1155
2	551
7	2
5	0
71	1925
113	137
36	154
0	0
59949	2
179	185
87	1
40	5
95	0
0	0
42	141
4	0
0	0
16	72
2	99
0	0
40	345
0	0
1	0
723	683
0	0
3549	0
1	0
1540	0
4	34
18	156
0	0
0	0
22	617
11	1599
1	0
55	841
5	5
0	0
742	0
8	151
1	8
26	12
16	246
34	1128
1087	3
0	0
0	0
0	89
0	111
6	5
135	66
0	0
1877	0
341	1
103	12
2	88
373	2
79	88
55	46
143	0
1	188
1	0
4	47
250	721
1	7
1	0
9	45
59	12
92	0
1364	4
27	0
135	0
137	2
3	0
81	295
23	159
39	9
0	0
0	4
3	0
1439	120
0	0
44	179
53	123
563	37
401	720
6641	57
15	13
124	0
25	0
10	3
182	1843
1	7
59	49
19	258
2	0
11	7
0	0
981	2356
0	0
0	61
0	0
29	1
153	182
0	0
60	48
5	32
2	31
7	7
7	4
0	0
0	19
0	36
0	185
1	4
64	581
4	780
33	0
0	0
0	5
0	0
0	23
60	0
1	0
19	6
108	100
3017	160
0	0
0	0
0	229
420	497
1	2
7	762
173	0
105	91
60	235
255	74
382	0
2	0
85	193
46	0
32	182
14	0
1	0
10	0
23	0
15	0
0	1
8	0
2	2
1	47
51	111
65	2048
3	0
0	20
0	0
10	100
4	104
89	1
0	0
0	0
0	0
112	8
0	0
2	0
0	0
0	101
37	234
0	0
0	0
0	0
1	28
0	246
0	35
0	0
3	2
13	0
58	42
73	0
30	133
0	186
24	261
232	102
155	0
37	1
102	1
29	0
581	1528
310	0
6	0
89	0
144	1
127	256
8	8
0	8
6	1092
0	106
32	1896
25	19
0	0
89	223
54	168
498	59
24	31
29	0
8	0
8	0
0	5
101	62
2	0
2	36
2	0
0	0
243	216
40	0
182	0
290	2
519	0
0	0
10	29
2	300
1	1
1	3
152	1236
45	0
137	28
3	10
1	286
336	0
40	88
0	0
19	30
11	4
0	154
0	0
4	632
0	0
6	0
240	1174
16	313
4	31
69	326
55	3
46	49
1303	128
95	15
3	48
1593	0
241	0
422	280
80	79
127	2
0	2
0	0
0	28
8	214
0	39
1	52
0	0
54	781
126	50
9	4
26	82
0	0
0	5
0	4
210	156
49	34
170	31
160	0
34	0
52	0
0	0
1	686
859	1904
0	0
0	0
4	12
1	665
3	1015
46	794
1692	24
63	0
158	1167
105	700
0	0
284	1
0	870
30	12
2	0
536	465
58	21
9	0
1	22
34	0
3	0
78	640
7	64
4	79
0	0
0	12
5	802
0	0
0	0
0	5
0	0
322	17
21	582
4	2
0	9
23	0
1282	13
135	0
7	420
0	39
340	0
101	174
0	0
0	0
65	0
4	0
5	0
0	4
11	1279
10	6
2	66
0	7
0	51
1	8
0	0
3	41
1	14
483	3082
134	0
209	19
20	0
63	948
7	0
108	223
3	350
994	2929
7	380
161	0
241	30
62	0
76	0
400	2331
51	1
80	1035
37	0
295	9
264	176
241	0
9	16
0	0
99	6
0	3
0	0
772	91
2127	0
29	608
0	40
5	152
10	1287
76	3
47	55
3	42
814	335
261	408
47	1
10	0
0	0
3	42
0	0
3146	28
7131	122
0	0
1458	267
2	4
0	0
0	0
6	270
0	44
76	97
491	0
313	1616
93	27
352	0
15	0
23	227
24	0
279	458
764	313
135	0
66	786
72	135
0	67
1047	13
0	0
8	24
1	49
0	0
2	0
158	0
182	3
3	239
0	0
94	1330
0	0
4	3
123	383
0	0
0	9
3	213
11	4
43	449
0	4
29	15
12	0
11	3
0	0
1	6
17	2
168	180
27	521
0	0
3	0
0	0
0	2
56	507
0	0
0	0
59352	10
65	42
3	0
0	0
386	8
0	0
32	0
4	0
0	0
0	2
0	0
4	0
0	0
0	0
70	0
0	0
6	42
2	0
397	46
0	25
6	75
27	78
8	0
6	92
232	906
0	0
58	95
12	19
0	62
0	0
0	191
0	6
1386	33
25	43
36	0
0	0
0	0
2	0
0	0
0	0
0	0
28	673
31	0
0	0
24	0
9	0
7	135
8	1
35	0
0	0
16	0
24	64
23	0
0	0
2	0
0	0
2	0
14	2
0	43
218	144
6	0
6	85
0	0
22	93
0	0
21	19
0	0
1	1
0	0
0	2
2	38
1	63
17	70
72	2
359	35
5	0
43	0
0	0
0	0
56	273
0	2
124	248
151	1995
44	0
21	0
181	5
219	1942
0	61
17	1788
126	214
2	190
98	75
19837	0
214	13
309	30
0	194
124	5
0	55
0	0
4	0
163	317
3	46
7	0
0	0
34	45
9	388
203	376
61	0
283	1
11	55
1	12
54	498
384	17
74	15
9	3317
48	67
0	37
433	1017
4	8
2	0
19	0
59	26
203	26
93	2
101	71
53	4
10	2120
3	1
11	157
13	0
5	0
134	31
16	94
2	16
24	554
28	2491
22	8
100	0
6	112
57	0
41	732
0	258
8	9
6	2
4	6
2	0
0	0
0	0
0	211
0	236
0	3
2	0
2	0
0	0
0	0
20	12
1	1
452	152
0	66
61	0
24	2
9	195
0	0
0	4
17	5
0	109
79	53
0	0
32	198
0	978
0	0
3	0
0	0
0	0
0	10
2	0
0	0
0	0
0	0
1	2
109	15
393	0
2	334
98	210
0	0
0	3
98	646
1	9
199	294
0	0
0	0
0	0
2	0
1	0
39	8
0	0
14	807
0	0
5	1
392	294
0	25
0	0
0	29
0	0
3659	50
0	285
0	47
2	24
0	0
0	0
54	896
0	0
0	30
2	0
3	0
0	0
282	4
2393	0
0	62
0	0
434	2592
0	0
194	0
201	7
26	8
11	549
0	0
97	41
3	0
49	26
2	0
11	0
3934	83
134	0
9667	195
36	578
0	0
0	0
5	196
2	0
11	1088
20	0
9	89
0	11
0	2
2	11
74	1479
1	0
367	2
175	1329
99	306
0	3
0	4
109	178
0	0
0	0
12	107
5	4
4	3
3	0
1	0
0	0
0	0
26	8
3	14
4	5
3	23
0	3
0	0
0	0
1	1
0	0
0	0
0	0
6	957
0	0
3	1320
1	12
3	2
0	0
0	0
0	48
0	0
0	0
0	0
0	0
288	1325
5	52
35	0
2	0
2	0
17	80
7	0
38	1
7	24
0	22
1	45
36	13
736	187
77	1070
18	0
147	165
1054	259
4	74
94	0
0	0
0	0
634	0
182	0
0	0
0	101
2	0
737	2
109	0
305	1416
6	235
0	97
0	80
0	46
4	431
113	168
0	0
220	1001
7	214
592	1795
44	318
7	65
14	152
67	145
6	404
386	2
0	1
561	67
30	12
13	24
0	1
325	1375
186	0
253	0
49	31
208	283
306	0
0	0
0	0
126	620
1261	0
430	442
73	0
19	310
8	0
92	6
6	1
188	347
15	14
3	6
0	0
85	1
0	0
425	447
22	0
0	40
0	0
14	67
0	0
4	76
0	0
0	0
839	954
4	319
64	53
54	132
14	25
2	245
0	0
3	0
28	323
2828	9
9	152
4	33
50	434
3	9
14	285
83	40
0	0
168	3430
656	1840
0	0
158	0
11	0
112	0
54	0
334	0
0	0
47	278
0	22
0	0
39	46
4	24
0	5
15	42
7	134
4	1
135	674
0	0
0	289
0	0
0	22
0	0
0	0
15	0
65	63
0	25
86	90
4	0
16	0
0	0
0	0
1	61
0	2
0	0
3	33
0	0
3	0
0	1
0	1
4	29
0	0
0	0
0	0
0	61
0	0
27	1
1	0
0	0
0	0
0	49
73	0
508	54
399	1
1	11
167	305
146	0
20	12
1	3
14	75
121	422
304	929
304	460
600	8
265	543
126	0
33	2
342	6
26	2
0	2
2	1205
0	0
0	5
0	0
29	0
0	0
781	288
126	1
0	374
459	0
274	0
134	124
1	0
338	0
4	0
1	3
2	0
13	12
1019	736
7	3
0	0
2	7
0	6
0	0
0	0
9	54
0	0
0	383
1364	0
11	14
36	12
3	208
0	0
33	114
0	0
0	0
0	18
9	195
3	0
666	0
25847	69
0	6
111	10
5	0
19	0
73	0
32	10
30	0
28	0
8	0
1311	0
34	19
4	0
4	0
0	0
0	0
124	37
0	89
110	2134
175	63
3	25
19	58
0	0
0	0
5	9
100	0
222	0
333	165
0	9
9	28
0	1
33	171
0	223
0	48
31	432
0	0
6	614
0	2
0	75
165	1050
0	22
0	0
8	123
1	67
13	0
24	0
65	0
264	0
1372	16
179	2511
413	1165
776	0
422	5
124	46
1542	192
1244	550
187	0
259	0
182	0
390	60
156	1
1	0
28	0
0	0
99	0
0	0
3	0
104	1405
14	331
26	5
0	3
47	34
44	9
22	6
4	0
12	0
22	66
217	0
552	569
46	61
403	1442
0	0
0	0
25	1
37	10
165	100
78	0
158	0
0	47
419	0
0	0
96	2040
213	68
274	0
0	0
19	173
338	557
254	0
0	0
1	2
0	0
96	383
2	232
0	0
54	0
117	0
1	47
0	0
40	247
0	0
78	5
36	214
0	0
7	0
3	112
16	129
6	4
1	0
24	0
15	0
192	0
0	56
0	0
0	878
0	59
0	6
0	134
240	133
11	0
81	1612
57	63
2	0
0	0
84	681
152	0
0	0
0	0
146	0
57	2
0	0
60	36
0	251
0	0
53	1359
2	0
1	19
2	121
3	175
5	6
2	79
47	0
244	191
0	0
54	628
5	133
3	0
0	0
33	1422
22	21
41	725
1	0
0	0
0	9
0	0
226	1897
18	31
0	0
0	0
234	0
1172	0
4974	2
25	261
16	79
877	108
3	4
9	4
21	84
304	317
0	0
3	0
0	0
0	0
1	0
151	1711
42	69
81	13
201	2117
1	0
207	374
2	0
26	0
6	0
3	569
2	0
752	0
116	42
0	0
43	101
2	0
45	132
1701	139
388	127
10	0
12	9
0	0
80	573
98	768
70	278
0	0
16	0
14	0
154	161
6	0
6	21
0	15
0	64
2	0
5	29
62	6
48	481
12	0
10	4
15	89
63356	41116
34364	37
1116	0
0	0
0	0
58	250
214	1
5	0
1603	9
101	29
0	198
27	481
204	85
2464	213
359	206
29	123
3	0
0	0
37	0
8	8
17	0
0	0
76	11
11	2
0	0
50	1
20	0
5	0
179	0
2	126
0	0
363	0
121	3
57	0
0	0
158	133
31	88
6	4
2	0
0	3
0	117
2	0
0	9
62	1153
12	49
0	0
0	0
0	0
0	0
0	0
32	298
480	1551
163	0
8987	4
283	0
791	14
6	780
0	0
0	0
1169	91
14	47
29	0
132	0
227	0
0	11
515	2
1315	0
33	0
1719	0
49	156
2626	518
0	0
1	0
61	15
16	207
0	0
0	0
835	836
281	2613
115	1136
141	83
48	580
26	0
134	74
395	278
15	11
175	0
27	1070
6	147
15	25
10	0
2	51
0	0
0	0
19	1
0	0
0	0
0	0
180	6
284	1
311	0
56	26
12	0
26	84
74	0
3	1703
15	562
0	0
4	143
258	23
0	2
17	1438
11	175
0	0
0	141
0	75
223	3857
5	4
0	354
0	2
5	0
5	1105
0	190
2	191
15	70
2	2
55	119
37	53
12	6
463	1443
5	134
28	331
0	39
56	242
0	0
30	12
1	10
2	220
0	0
224	0
3968	925
4	43
0	0
1	0
0	0
0	0
434	48
1	0
20	48
122	56
26	0
485	5
21	3572
0	0
0	0
0	0
0	0
7	310
12	1236
47	18
0	0
0	0
1	0
0	0
0	0
0	0
1	1
0	0
0	15
3	23
16	0
334	171
19	130
140	0
678	0
65	0
0	0
202	0
0	0
7	2
0	0
0	0
573	4
23	31
36	530
2	0
20	2202
1	3
26	49
13	12
1	9
7	22
0	0
0	0
0	0
0	0
0	0
7	0
0	0
0	0
0	290
0	0
240	446
140	0
0	38
4	16
441	1200
47	201
51	100
2436	258
0	0
12	282
0	2
0	0
0	0
5	1
0	0
0	0
0	0
0	0
0	12
42	2
0	0
105	0
124	219
834	112
1	0
0	66
1404	0
272	242
126	275
48	0
0	0
136	1646
0	153
184	20
621	0
205	0
263	0
0	39
0	39
862	0
0	0
0	0
11	0
0	0
11	131
2	13
0	0
185	10
0	0
0	0
107	82
1	1
0	1
15	2
101	211
16	1293
0	2
16	278
7	0
0	0
267	2202
4590	677
0	76
27	7
1	194
3	0
4	5
50	0
16470	2
281	2760
135	0
112	2
12	92
133	2344
0	15
0	1
0	134
0	653
26	410
0	0
17	826
0	0
12	92
2277	4
0	0
1	0
0	0
0	0
19	78
176	94
143	3284
62	529
0	6
52	171
0	0
0	0
0	0
0	3
1	0
184	95
0	0
0	0
3	175
0	0
211	9
86	0
282	2896
0	0
0	0
0	0
41	594
69	1346
170	132
2	0
20	0
0	0
40	97
23	45
3	0
41	3
2	0
9	0
427	6
6	134
0	0
71	4
67	2192
194	0
110	2
180	5
1	940
3	0
191	851
0	0
54	0
346	0
66	158
0	0
1	131
0	20
5	163
141	855
0	0
276	381
0	0
0	0
16	45
18	18
7	168
3	14
33	529
377	36
42	1597
108	372
0	268
116	3
9	0
3	0
50	86
10	0
7	0
1	0
0	101
0	14
0	71
5	301
15	42
103	0
84	0
3837	0
0	17
2589	0
263	81
94	0
75	0
50	0
0	0
36	7
0	4
254	4376
162	0
2	156
1	20
5	1
2	1802
0	0
1	38
2	624
2	0
236	0
102	78
1	8
2	53
38	127
7	483
0	14
17	1806
577	390
8	1823
3	227
30	739
1	0
42	18
169	301
135	8
179	155
1	0
31	6
0	0
34	38
22	89
105	0
33	291
243	45
9	9
60	2082
277	2092
72	0
214	0
0	7
1	0
133	1603
62	3
51	162
128	0
0	2
114	248
1241	548
4	35
0	1
0	765
0	0
0	1
2	2
0	0
319	0
0	0
632	1578
0	39
34	65
0	0
1	3
360	4
79	0
170	340
0	0
77	67
1	1
964	0
0	49
0	0
2	26
36	202
483	1556
202	4
124	0
2	11
821	526
271	0
177	300
0	0
33	0
0	0
21	22
1	0
148	110
483	105
1	0
69	433
0	0
7	0
289	169
0	5
2	0
4	0
35	224
9	2
1	1
629	55
31	180
11	105
0	0
242	316
415	48
1	0
10	2275
0	0
0	0
0	0
0	0
29	71
2	6
25	541
646	345
90	0
824	0
452	25
381	568
347	0
80	31
0	0
34	129
258	951
0	0
0	0
294	101
0	0
29	106
210	51
3	72
217	290
149	0
451	545
0	2
2158	1391
0	0
3	27
0	0
0	0
626	9
1	0
173	35
6	67
0	91
3	62
127	0
163	27
595	275
1130	0
320	0
511	0
7	15
4262	2
158	2181
4	27
0	24
0	0
169	0
89	1
2	1
55	43
3	0
6	67
2	15
7	153
0	0
0	2
173	11
0	0
0	0
0	0
415	0
7	0
1224	21
376	549
722	138
10	417
3568	28
0	345
14	559
10	0
30	538
0	0
59	0
140	9
244	3
7	0
57	1216
0	99
1089	22
309	0
220	2746
33	9
0	92
92	5
2525	4
61	32
14	24
1143	681
0	106
0	0
1345	15
34	240
16	347
0	0
4	2143
8145	111
0	0
0	1914
73	81
29	38
20	216
11	84
2	50
2164	129
0	6
1	8
112	69
101	26
102	544
639	411
10	871
1	2
35	595
38	898
129	68
1	0
0	0
0	4
110	6
1	0
2	138
1	0
0	0
20	0
1	0
736	0
105	225
33	0
4304	790
0	0
0	13
64	0
416	137
402	147
38	236
6	27
406	1056
87	0
583	222
35	7
404	1716
2	1
540	73
137	623
0	0
185	0
33	0
111	51
465	0
240	0
66	0
257	702
67	0
34	179
7	2
0	0
1	0
16	26
0	0
0	0
0	0
540	0
576	9
1	190
30	2
5	104
0	0
39	614
5	241
7	0
0	0
7	30
0	0
1	7
57	2412
0	100
0	0
0	0
143	219
37	0
1	49
247	5038
0	0
137	0
179	1
0	0
1	0
14	43
0	0
0	0
3755	427
1	18
2	0
19	0
66	1159
17	103
221	74
205	11
1079	286
0	0
5	79
0	0
0	0
0	0
466	1060
0	0
34	48
118	6
0	0
1	3
0	12
0	0
122	0
52	0
4	0
5	0
44	0
8	343
0	0
115	0
86	68
0	0
92	433
0	4
96	0
10	187
0	138
555	1188
23	73
8	0
116	103
17	0
1182	167
19	3
0	0
0	0
85	26
148	0
492	0
324	669
1278	901
0	2067
5	54
0	1
59	23
0	7
286	38
329	505
159	81
226	631
10	29
15	19
0	129
7	966
10	66
13	0
204	0
54	11
982	49
137	10
18	154
11	23
1	472
88	2100
59	247
70	0
0	4
0	0
12	430
4348	1159
1	116
2	934
95	616
407	315
100	0
37	0
11	0
122	0
0	5
7	97
104	0
112	10
991	0
46	0
122	0
42	1
51	168
0	0
209	0
25	41
185	658
1	72
4	0
113	19
0	176
0	0
0	0
0	0
0	0
276	46
60	0
3	0
115	749
873	95
0	0
2	0
0	3
0	0
24	1008
0	0
48	259
364	0
56	0
110	851
6	367
2	60
0	0
13	0
581	76
0	58
555	593
75	596
2888	830
944	128
357	56
11	284
0	0
0	0
20	80
649	53
0	19
0	58
21	0
241	0
23	0
29	8
31	2093
272	205
115	90
33	15
118	0
118	96
65	1062
130	0
0	308
219	0
69	498
24	1442
2	47
5	146
1	0
0	0
153	139
266	46
2665	18
39	1526
41	2
126	272
103	6
36	162
294	0
9	27
0	0
0	0
62	0
2	890
7	60
29	564
1	1103
0	0
51	0
4	1
1	10
176	283
406	9
326	2221
122	0
573	58
1	0
106	4
0	0
1	18
0	0
0	0
0	0
0	0
0	1
0	13
0	0
52	124
0	0
695	1256
2	0
186	87
127	0
47	0
469	0
0	46
44	1232
1048	56
189	221
27	150
33	19
0	0
93	186
35	0
669	0
180	709
41	0
62	0
322	0
10	371
27	539
30	13
25	273
119	120
0	0
11	100
514	30
3	1
44	146
470	1
16779	0
744	1014
1	506
1	3
62	3
1	0
0	0
10	181
0	0
6	3
2	0
0	2
3	0
54	0
25	69
0	0
252	0
13	125
16	363
0	0
0	217
106	136
13	0
58	0
46	49
826	37
0	593
895	779
199	280
16	0
672	651
24	2131
3129	0
305	0
17	0
3809	313
182	0
920	67
41	0
393	126
4	2
1853	8
0	0
1	0
0	0
0	0
6	12
13	28
60	1851
0	15
0	0
0	0
3	0
0	0
68	8
0	22
3	55
30	138
3	0
16	814
3	34
37	26
0	0
17	26
232	914
520	1040
0	0
38	0
11	33
0	0
1	15
3	230
6	0
85	283
0	15
0	4
2	0
1	142
2	0
3	3
8	123
0	0
0	4
0	0
2	0
0	7
18	361
3	18
1	0
0	0
1	1
1	0
0	0
0	2
0	38
59	0
1	865
212	0
208	69
132	5
541	2
535	526
0	0
0	0
0	0
0	54
0	0
0	0
0	0
148	115
0	0
0	0
11	3
0	316
4	49
0	181
317	44
199	0
20	0
336	4
148	124
602	627
5	698
53	10
184	2277
274	0
1468	6
180	0
1	116
2	0
92	2503
4	675
26	23
10	229
567	0
259	0
318	22
325	0
3828	176
794	322
0	0
0	0
12	0
705	2
17	2
188	34
1525	0
188	5
8	230
35	2099
121	290
123	7
0	0
0	0
69	143
0	0
21	19
1144	117
39	442
2549	185
153	10
37	0
33	1879
108	0
0	0
0	0
0	0
58	73
283	0
42	0
41	1319
2	5
516	3
21	1
38	54
2194	2481
766	0
75	2130
7	2
21	616
270	1092
32	3
130	0
43	0
0	24
15	0
7	49
174	1919
14	955
39	408
38	13
333	1033
189	0
61	0
26	1876
0	0
0	0
0	0
7	21
0	0
0	0
2	0
0	0
0	0
0	0
49	960
6	89
0	0
0	0
0	0
0	0
0	0
7	41
0	0
1	0
0	19
0	72
0	0
0	1223
11	54
0	0
20	0
425	0
141	1978
7	284
3	36
566	2227
1	0
112	0
109	0
68	0
508	0
38	1100
135	0
303	0
838	0
60	0
5	81
1	181
1	0
600	0
238	56
83	536
2	0
11	176
0	0
7	132
200	228
346	0
43	0
146	0
274	1014
14	303
146	2091
246	1236
569	74
1	133
0	52
7	7
1	0
215	0
21	0
117	0
35	186
0	11
25	21
2	340
0	0
77	36
1	26
67	7
138	0
75	627
340	1542
10	654
242	277
1	0
4	1
16	0
149	329
27	13
39	482
190	0
313	446
10	0
0	0
21	117
441	21
0	20
238	4751
47	39
11	139
1	60
170	203
0	0
1	0
0	0
0	46
1	0
0	0
0	4
0	0
0	0
0	20
267	0
14	59
22827	5158
0	0
97	3015
1	0
51	0
11	837
0	81
4	19
0	0
1042	2687
418	50
6	0
63	91
0	0
0	0
4	0
2	48
0	0
0	0
17	2347
442	70
11	202
114	577
2	4
4	33
0	23
96	258
0	0
16	2178
21	92
0	39
74	411
47	8
0	9
0	0
99	0
15	0
313	16
0	2403
47	6
27	26
3	0
36	16
15	81
0	1
480	122
0	0
2	227
0	0
0	0
0	0
0	0
0	0
0	56
3	111
311	17
5	0
207	1
95	250
0	2
22	88
25	48
0	3
0	0
1	1
0	0
0	0
162	426
0	0
0	0
1	0
260	0
12	2
453	18
134	0
359	13
95	2365
8	39
33	46
24	79
31	45
143	122
0	0
0	6
2	2
2	147
3	1846
0	0
5	1
133	3
77	0
165	0
849	1
4680	0
2515	2665
0	35
22	0
109	3
0	0
1	0
0	0
0	0
30	0
17	0
4	5
5	37
0	0
6	119
976	1929
61	0
297	143
531	871
146	26
87	308
72	569
47	47
23	165
4	110
10	0
135	1
383	0
28	162
0	0
166	0
51	851
80	47
0	1
61	22
7	0
2	1
2	2
28	0
19	0
0	269
325	207
12	115
40	101
1	248
0	0
0	0
422	1882
4261	18
0	0
126	0
60	0
475	0
240	0
0	6
5	0
0	16
0	0
0	0
0	0
0	0
443	123
7	0
0	0
0	0
0	0
998	12
0	0
322	3
8	377
0	49
0	0
0	0
9	6694
193	6124
11	17
29	1307
73	1192
25	34
614	0
0	111
0	0
103	21
0	0
464	223
0	0
0	0
0	0
77	92
0	0
5	93
0	2
0	0
218	706
166	40
133	4
175	176
127	228
60	17
311	76
209	152
50	18
329	151
0	67
6	97
95	14
37	325
0	0
0	0
0	59
0	0
1	0
0	0
0	0
83	147
10	0
1	0
0	0
1	0
0	0
0	0
0	0
0	0
0	0
1	1
99	7
6	528
475	9
0	113
68	3
0	0
0	0
1	0
9	1
9	161
120	21
62	0
34	1307
0	0
0	0
15	855
0	0
484	80
1	113
73	0
0	0
1	128
3980	112
12	196
5	4
659	27
0	0
73	0
2	6
2	0
0	0
0	0
0	20
139	0
127	8
0	719
0	0
7	0
0	4
1	0
0	0
6	0
0	0
0	4
587	1264
14	0
0	0
0	18
2	2
12	34
0	0
2	34
0	0
1	40
0	222
59	553
4	9
0	1
0	0
5	92
48	139
0	0
107	0
7	33
1	4
13	72
351	0
0	224
202	1178
0	0
0	0
5	242
32	289
341	38
1228	12
93	400
396	43
92	0
48	1126
0	0
0	0
12	4172
1	31
11	334
129	1
635	0
66	11
351	146
383	480
132	119
181	1736
39	7
435	0
54	17
0	0
136	2077
21	221
45	1704
300	591
438	0
239	378
331	8
44	0
0	19
304	1
0	0
0	0
3	16
0	0
4	1
6	264
0	0
8	2
0	0
1	0
0	5
462	0
101	156
74	0
8	97
39	0
0	0
1	2127
1	1
5	67
1	0
0	0
0	0
0	0
0	18
1	0
1	0
0	0
0	0
197	0
2	0
35	68
300	0
6	226
21	205
2984	7
7	69
4	0
175	954
14	90
16	527
81	2574
339	86
21	1402
0	30
327	58
2	183
63	1028
1538	0
2	709
508	981
0	0
32	72
160	617
18	33
1	165
8	6
85	0
42	127
0	0
0	0
116	1
0	50
183	127
217	0
10	8
37	62
118	0
292	273
418	484
35	1995
90	21
136	0
0	1
705	0
631	205
0	2
4	8
110	71
0	1
0	68
192	0
19	0
3845	2
196	0
30	0
128	0
2	0
0	0
159	163
0	0
11	6
3	0
3	44
154	916
648	0
13	0
81	67
93	31
74	288
61	0
29	0
6	6
27	0
0	0
284	98
515	124
62	0
62	1426
0	0
0	0
0	0
49	0
198	782
111	0
0	0
602	15
0	0
212	43
415	74
3	0
4	1
0	0
0	0
0	0
0	0
0	42
0	0
1	64
0	0
0	0
0	0
0	0
0	0
83	106
46	5
200	266
0	0
222	522
16	2
0	28
118	3
25	734
169	440
16	379
338	12
5	1
2	4
0	50
893	78
0	0
45	0
355	1846
615	1155
224	278
177	16
74	167
4	0
17	8
124	23
1	0
356	1
146	5
376	102
593	77
3647	0
4867	1
126	148
74	0
655	229
284	4
36	0
163	30
4	50
122	48
3	1182
2	0
0	12
2	29
22	45
1032	521
8	0
0	0
121	0
0	0
0	0
0	0
0	0
0	0
0	0
0	0
18	0
0	29
8	0
59	0
56	0
8	0
4	2
6	53
21	0
36	1
3	2
2	1
948	0
2	0
36	794
157	2
16	2
0	196
304	0
1069	10
0	0
974	6
4	0
50	27
241	323
18	3087
0	0
0	89
0	0
86	30
669	4
16	1721
160	0
80	0
9	426
5	3
0	0
5	132
119	1400
1177	0
81	3
49	390
0	0
0	0
0	0
0	7
0	0
0	0
32	150
835	5
0	0
1	0
369	100
1	35
5	2
0	0
129	16
6	241
17	0
2	1
0	0
129	29
14	0
0	0
15	0
5	0
1	3
18	2
0	0
237	4
48	0
0	0
513	46
10	20
0	21
109	9
0	34
0	34
0	0
1	40
0	0
32	21
0	0
0	0
64	67
3	0
530	1500
0	8
920	0
6	10
49	11
64	0
0	0
0	1
0	0
18	0
0	0
0	0
7	0
205	43
0	10
3	1
1005	0
35	647
4	570
9	33
0	9
0	0
0	47
1402	2135
365	0
311	0
25	492
723	1
0	0
0	0
25	13
28	6
0	0
0	0
0	0
0	0
12	0
32	0
118	435
62	202
4	29
55	68
27	2364
16	36
37	55
357	1614
237	31
21	75
18	2140
56	0
21	128
74	57
856	1888
39	59
252	108
1	0
2	0
9	0
0	0
43	0
29	179
4	0
2	69
283	0
146	4
255	62
141	1924
139	340
512	368
2	0
1	102
226	488
54	2948
39	0
166	622
19	201
0	0
3	0
0	369
0	0
0	224
6	202
0	0
0	11
3	2
0	0
63	388
114	2679
1686	418
1219	106
26	0
35	16
0	0
2	0
1286	1533
0	0
3	0
0	298
8	409
0	0
6	0
14	113
0	0
0	62
0	0
10	0
0	8
5	0
6	309
74	0
2266	152
140	25
313	0
0	0
0	0
0	0
0	15
29	2996
1	5
7	280
556	34
0	0
0	409
0	81
0	16
3	11
23	31
9	219
38	17
413	2532
202	113
0	0
0	0
1	0
0	75
0	0
0	0
11	197
8	0
193	0
0	0
207	411
0	2
0	0
51	90
0	61
15	602
0	0
4	16
0	0
2	0
0	5
0	0
0	0
0	0
0	0
6	0
78	22
1	0
0	0
0	40
3	38
0	52
14	19
2	213
24	76
0	0
2986	411
107	75
0	0
7	20
89	375
90	342
54	52
0	0
0	33
0	0
0	0
0	0
49	1946
11	491
18	376
4717	611
1170	3
172	0
0	0
4	7
2	90
0	46
0	0
0	0
112	32
32	650
92	499
31	0
58	165
33	820
2	45
0	0
2738	38
0	0
0	0
996	0
1	0
51	723
1	2
10	0
1508	0
885	45
1	0
0	0
4	0
3	0
954	120
0	0
0	0
1	0
29	2099
1291	483
11	261
93	415
0	0
0	0
0	0
73	163
612	228
0	0
198	144
134	209
0	56
1	0
0	0
0	0
58	2610
25	85
1260	149
263	175
0	0
0	10
432	34
67	26
228	0
17	0
0	0
88	23
256	0
4588	2939
14	1018
0	0
45	60
0	0
443	404
0	0
23	663
2	83
0	0
49	1697
1000	696
188	60
0	0
169	167
24	0
113	0
1477	3928
0	0
0	0
47	0
2	0
49	57
6441	4
25	339
101	0
416	0
1	15
1	63
1	3
16	62
0	20
73	3
3722	1
1	19
0	0
0	0
179	15
301	66
192	0
59	0
57	0
720	17
23	68
2	190
0	0
0	0
0	0
13	65
3	0
24	314
26	82
4	122
0	0
2	3
380	471
1094	0
90	0
12	18
81	22
932	0
64	7
98	0
30	13
2	6
26	744
6	2
16	2
4	32
0	41
82	419
27	66
5	65
45	35
11	15
0	0
0	0
0	0
3	2
348	28
0	0
0	0
0	0
9	0
0	0
521	816
261	0
75	18
0	3
29	501
14	0
6	2433
1	1315
2	16
1	13
1	1
2	3
8	77
106	0
79	34
0	0
5	176
5	0
4	35
1	0
0	0
0	0
0	1
2	933
0	1
2	2
18	9
5	85
23	26
21	2884
5	8
0	0
6	358
3	6
5	373
0	0
453	43
43	759
70	188
115	0
278	356
90	1399
12	0
314	0
298	712
0	0
0	0
6	5
0	0
36	683
7	137
406	1
0	0
2012	71
70	0
0	0
55	297
0	0
0	19
50	56
0	2
1	18
1	54
3	1283
604	839
8	393
14	0
0	0
0	0
24	0
54	31
6	13
16	31
29	0
86	0
97	287
22	0
611	251
355	513
301	456
115	13
0	29
14	1182
108	2
28	14
0	24
1	1224
2	1660
0	3
14	391
4	29
0	48
0	29
1	11
17	900
0	0
347	0
489	0
20787	4930
4366	0
27	111
0	0
14	33
26	66
201	868
1	15
4	1
59	570
121	671
6	698
2	8
2	0
60	264
58	34
2	18
4	0
4	0
9	18
11	16
0	0
2	0
1	68
3	33
49	227
108	175
101	0
1	1
187	0
68	282
218	38
791	501
211	126
0	64
8	4
473	0
27	0
276	89
0	0
13	0
1	243
0	0
387	262
102	58
1862	1976
0	12
0	0
197	148
8	323
0	0
3	12
3	46
0	4
185	0
88	305
4	22
5	226
24	187
0	0
2	0
0	0
258	207
62	0
457	0
1235	137
69	0
0	82
1	12
1	11
395	905
16	41
11	30
428	364
0	0
112	2044
0	13
0	0
0	0
17	2090
0	0
0	0
0	0
26	22
80	766
416	452
0	40
240	26
160	1239
0	0
6	1
1074	23
384	0
6	0
4	17
0	6
3	0
1	7
14	1320
3	2369
6	9
57	127
0	7
0	0
0	19
0	6
0	9
6	155
41	0
104	0
235	0
0	295
0	0
0	49
0	0
388	1050
3	0
5	0
950	146
39	114
0	64
2653	0
4	83
16	448
0	666
0	24
1	7
45	2
902	66
929	329
0	1
124	0
251	79
0	0
56	16
27	585
20	170
211	0
10	11
66	1356
200	2300
680	113
178	61
27	2347
530	0
188	0
89	202
10	0
82	178
1	9
0	0
169	0
2247	0
133	0
650	411
15	217
0	1
422	0
0	0
65	181
417	370
0	0
756	5
32375	3
0	0
0	97
39	120
0	0
1	1
1	0
0	0
287	0
0	0
4	0
215	3679
106	306
364	1
1156	2295
77	1
278	0
254	0
349	288
2269	1564
5	0
0	0
97	39
41	2005
125	195
35	0
12	62
18	75
225	168
119	22
295	207
91	0
116	0
0	1
1958	240
343	1097
233	0
13	76
0	0
0	0
9	0
187	0
1	0
732	232
71	2519
582	1
1362	635
36	341
0	0
0	0
0	0
2	84
11002	148
81	26
44	2095
14	84
0	24
0	0
1048	309
5	695
0	0
642	495
461	0
57	0
84	0
452	0
178	2
1647	48
12	0
456	614
25	55
0	4
0	0
14	2
809	748
239	275
377	1
0	43
2	4
0	0
3	0
486	47
4	0
3	0
1	1
0	0
0	24
508	689
7	38
0	0
63	5
26	203
153	272
70	7
37	44
305	0
84	383
17	0
0	0
296	349
9	1
0	17
23	89
636	55
1	41
8	132
216	301
408	0
31	1517
0	0
0	15
0	374
2	26
13	456
30	1
0	0
110	1081
138	1
142	593
134	0
2	0
4	0
35	10
1	0
24	1
0	0
0	0
0	0
3	3
0	0
58	5
84	3
44	221
0	85
28	54
12	34
5	308
60	28
1	39
0	0
1	0
0	5
0	0
0	5
502	829
0	114
9	290
675	0
3	30
0	797
136	3
0	0
279	407
0	0
229	963
16	0
90	0
54	116
27	99
1512	107
2	0
0	0
93	1161
664	1
2	0
141	44
1	110
1	0
24	70
70	106
1	459
0	0
4	108
0	0
0	0
620	3
19	76
38	0
2	0
228	0
29	19
2	0
0	0
19	102
568	483
59	22
0	67
390	0
0	15
177	0
0	0
0	1
190	360
16	2
2	2
411	49
123	0
46	2231
6	0
10	1808
13	29
5	446
0	0
2	2142
0	0
0	0
0	0
282	0
3	0
124	0
160	25
197	0
2	652
0	0
7	3
0	0
87	2
7	2460
603	5
0	0
14	12
0	0
0	0
0	8
0	0
1	671
41	537
254	4
397	270
0	32
6	0
0	0
0	0
26	0
0	0
1	6
0	0
0	65
2	2
187	1210
6	193
0	0
7	4
177	0
1179	1940
0	0
91	17
56	2149
1	1139
0	0
7	0
0	0
0	0
6	19
1	0
90	206
226	0
272	502
220	0
156	930
219	0
66	496
554	2447
241	0
214	201
112	0
212	0
738	260
0	0
2	7
0	15
0	0
133	0
0	0
2100	0
4417	1342
55	638
203	0
7	36
32	1333
0	38
5	11
47	191
48	81
40	1172
11	39
0	0
0	0
164	100
288	0
464	1481
312	0
0	0
119	0
19	162
231	545
121	0
109	12
0	48
0	0
0	0
38	0
34	109
0	0
0	0
1	55
0	43
3	0
362	0
1	1140
0	36
3	2
1	6
30	2746
0	0
25	153
0	26
0	0
0	0
3	0
3	105
7	0
4	0
1	0
38	7
0	0
0	0
0	0
1506	196
12	131
0	0
2	0
59	2238
86	1028
113	13
23	1
5	855
29	0
41	11
6378	9
3	228
0	0
0	0
23	88
7	8
7	46
207	233
159	0
56	0
33	0
0	0
12	7
0	0
8	38
65	80
114	0
336	491
20	0
0	0
171	12
4	0
59	79
321	32
0	0
92	380
1533	56
22	16
42	88
4	11
1	0
5	0
0	0
1	0
0	8
0	0
0	0
28	0
8	89
0	0
0	54
178	85
10	0
16	554
0	0
8	0
14	20
78	39
130	665
6	0
6	26
6	399
0	0
0	0
2705	0
17	0
2	6
1	343
0	0
4	104
3	0
1687	994
1	0
15	135
8	9
0	0
1	0
0	0
0	0
3	1
0	0
0	0
18	17
0	3
2	3
8	203
1	0
0	0
3	13
3	13
2	8
0	0
0	0
0	0
32	8
1	0
0	0
38	0
1	0
1	0
0	0
0	0
0	0
0	0
0	0
0	0
105	453
32	0
0	0
120	279
9	1119
5	8
5	168
3	31
0	0
17	2096
21	228
484	214
10	764
118	0
204	258
29	81
18	34
23	150
37	1296
26	20
0	0
213	0
87	1
79	34
117	15
99	0
71	1325
0	0
0	102
50	0
249	552
3	60
33	125
523	369
83	545
114	504
49	0
0	0
1	0
89	126
294	467
5	0
125	96
73	102
352	35
175	0
15	1119
19	26
0	5
3	67
1194	322
269	295
10	0
153	606
451	32
98	2
0	0
1	39
474	782
0	2
3	0
6	1
0	0
1	0
2	0
121	70
25	18
39	41
11	0
120	37
1	223
3	1
0	0
2	0
20	0
19	952
387	5
0	0
0	0
0	9
0	0
434	331
15	39
0	0
79	5
5229	2450
594	1
140	387
1079	16
2139	0
318	476
1	0
23	0
4	0
0	0
1	132
0	0
6	0
74	775
253	937
0	0
1	109
0	0
5	0
0	14
2	170
11	166
6	19
0	0
0	0
0	0
1191	0
0	0
2	0
0	0
0	0
654	616
0	0
100	0
188	0
0	0
46	2
6	38
2	119
1	0
224	768
1	2
5	535
65	906
0	0
0	0
0	0
0	0
0	0
0	0
40	9
76	1779
141	32
52	10
0	0
227	97
854	497
5	0
56	9
4	0
15	11
89	22
668	315
485	14
6	394
194	0
359	24
389	14
0	2
16	371
209	2
49	0
75	1925
1	1719
0	0
377	0
195	381
5	707
6	158
14	2
197	0
13	784
0	92
0	0
3	79
1	592
426	246
0	5
0	0
1	0
9	0
0	0
16	0
30	0
118	45
347	0
58	353
1	0
0	2
1	0
1	1
0	3
0	386
0	8
5	197
543	1008
3299	280
0	0
0	13
240	0
23	21
154	140
330	0
78	1054
25	14
0	0
6	330
216	1872
229	129
0	242
3	6
1	33
3	117
7	15
4	76
0	0
0	0
0	0
0	0
0	0
98	703
0	0
0	0
56	71
588	200
229	164
0	0
0	32
0	2
0	10
0	0
3	5
111	0
408	1393
492	0
0	0
44	0
4	47
31	90
258	0
583	2307
35	1692
38	49
869	0
911	0
1722	0
260	0
176	8
569	152
32	897
262	8
753	294
1	0
45	0
7	20
0	0
0	0
165	909
25	100
13	4
0	0
6969	22
0	0
0	0
57	0
190	0
0	69
196	2190
2	17
23	8
0	0
4	0
0	0
59	78
0	0
1	0
96	0
0	92
0	0
35	0
40	797
99	526
18	30
4	24
0	0
39	63
26	0
104	23
13	1
125	1
3	0
238	25
612	1023
0	0
15	689
721	472
0	0
1734	0
2324	641
81	43
48	0
333	0
2	0
78	0
1876	0
226	1650
1108	0
2	0
218	0
106	76
1	193
0	0
285	1544
1	1060
3	788
33	2852
0	12
250	0
0	56
276	0
181	7
1	63
0	0
215	604
3	35
0	158
3	16
3	20
22	114
4	559
2	0
0	0
32	38
16	48
160	2505
0	0
0	101
46	1167
22	430
111	527
1	76
6	76
0	0
4	780
1	0
191	355
45	0
27	0
70	0
375	6
31	0
218	175
555	0
876	1116
355	0
369	222
502	54
61	9
455	91
43	52
24	0
77	409
390	96
264	336
1	0
0	43
0	0
0	2
0	10
136	2146
255	0
481	1067
29	1039
1	3
32	0
0	1
2	4
2	13
186	306
4	5
8	532
202	80
40	0
334	0
426	0
495	0
179	28
594	1
0	118
0	0
4	2
0	0
0	0
17	0
7	2635
96	9
249	203
0	0
6	0
19	12
28	0
27	80
2021	878
0	0
130	487
0	0
14	0
0	0
4	0
21	47
37	3252
13	121
0	0
841	326
0	0
0	0
0	0
0	0
118	129
0	0
7	1557
314	1069
65	0
113	7
161	0
2	1090
0	0
9	886
163	89
3	764
264	188
48	106
8	0
0	0
38	112
487	1685
917	326
1294	374
1	8
9	10
4	22
0	49
23	396
1	184
0	4
0	26
0	0
15	278
440	1009
0	29
0	9
108	43
0	0
0	0
0	1
0	25
0	25
0	0
0	9
2	0
7	0
165	10
0	0
0	0
0	1
2	2
0	142
464	0
186	0
57	0
57	9
244	0
218	775
5	7
27	2968
93	223
38	9
5	185
861	916
1	3
2	0
0	0
1	0
0	0
0	452
0	0
14	1320
0	0
5402	277
11	0
17	234
259	0
6	102
12	0
0	0
349	100
2706	0
52	184
10	0
2	10
296	0
5	57
19	51
0	16
0	0
52	0
48	147
28	199
13	37
0	0
342	0
32	911
8	84
1	1
0	258
1	17
1	35
65	5
2	1
47	78
497	807
5	203
2	3
190	390
1	0
2	0
50	200
0	0
0	38
0	0
43	1216
2	0
8	78
29	0
15	28
0	0
341	40
1	20
0	96
1	1
3	369
470	0
41	0
1	0
212	7
69	1229
307	150
2	102
0	12
2287	0
84	0
295	30
352	22
0	0
380	45
51	47
0	0
0	0
10	742
0	0
0	0
1654	182
342	0
43	5
0	31
1	39
100	76
1	30
0	0
0	0
0	0
0	0
21	31
10	62
353	15
6	599
1935	188
17	174
206	0
1	0
1	0
0	27
155	44
6	285
2	14
19	1008
0	10
0	2
0	25
5	0
29	4
0	4
0	0
0	0
8	0
14	295
25	0
858	92
0	0
140	0
334	279
21	1
1	0
112	90
2532	11
4	0
144	24
1764	6
938	0
209	307
0	0
24	72
0	0
410	2
19	1306
0	0
1	174
28	75
897	45
215	199
0	0
535	0
0	0
8	267
27	196
13	7
0	0
63	318
42	0
608	0
280	557
3	57
21	22
2	37
8	63
46	399
5	338
138	2
289	220
40	0
9825	0
14	0
123	8
294	55
873	0
259	50
21	2584
6	39
214	49
0	0
1020	2
849	0
885	1
0	0
1412	78
128	0
0	0
0	0
0	0
15	192
45	141
5294	51
1	0
527	0
1	0
23	0
221	10
45	0
105	4
6	217
51	1824
609	261
90	0
108	0
188	238
35	0
286	0
421	163
537	0
99	335
5	62
155	21
93	443
19	1189
556	0
232	199
136	2
25	0
9	70
69	287
88	121
0	0
0	0
5	35
46	73
280	408
2	11
268	0
0	0
37	32
199	135
35	0
67	20
0	0
1	0
0	0
0	0
0	48
731	0
101	2224
134	0
176	0
129	8
743	0
170	0
15	29
429	188
6	13
0	4
598	217
0	0
0	18
13	974
15	2474
618	2182
771	0
103	23
98	0
167	1
313	0
91	72
0	33
12	0
158	188
51	1835
28	0
99	0
47	46
13	149
38	1418
0	0
252	190
2	216
20	45
0	0
0	0
3	0
4	50
1	0
75	2310
11	717
82	2
108	14
272	1345
30	53
357	148
11	106
4	0
3	89
18	1124
0	6
160	0
188	39
191	122
12	319
1	5
0	29
6	431
81	1864
0	0
247	11
41	244
11	221
298	1
3	0
0	11
2	3
81	0
25	0
2	0
43	29
9	0
0	0
360	0
0	0
15	37
7	1716
49	95
5	55
1	0
0	0
152	12917
0	7
35	274
111	33
12	2
39	56
605	0
12	40
135	0
514	10
206	0
15	18
501	2
0	85
445	278
0	0
7	159
6	99
2	1100
0	0
68	70
0	171
0	0
0	0
0	24
57	74
0	7
1	248
566	1116
98	2
61	0
21	39
87	0
0	0
68	1
101	0
0	0
55	0
1151	0
395	2650
124	51
11	0
7	270
2	0
4	94
151	128
225	909
0	1
685	7
21	0
364	27
1	300
2	452
7	523
15	37
4335	3157
18163	3037
2	603
103	278
3	4
0	107
96	4
38	3
0	160
34	0
606	85
12	47
0	0
113	16
2	0
69	1495
185	590
64	0
0	0
64	2554
358	368
108	356
2	0
1370	1562
187	120
0	0
5699	24
10	184
109	0
26	0
0	0
1	0
0	26
0	0
0	0
0	52
3	280
0	0
0	0
0	0
0	2
0	0
11	85
141	1443
11	0
4	0
653	0
536	40
119	0
78	108
21	0
22	0
9	4
46	0
2	96
325	96
302	0
2	0
1	0
740	0
1346	0
15	0
280	0
229	0
69	0
1	36
0	0
0	0
0	0
12	706
0	0
3	1
0	1
261	0
17	355
0	105
0	0
0	0
15	637
2	16
57	638
0	0
14	1667
90	0
44	299
55	2
11	110
0	30
12	1
1	0
1	0
23	87
113	738
0	1
0	41
1501	865
109	27
756	616
1010	139
9	78
143	3944
16	1763
0	20
0	0
0	29
2	8
26	2
48	0
3043	183
1	162
766	149
15	0
151	3
0	0
0	0
0	9
10	2
1	1799
250	1188
164	248
143	2
5	7
272	1213
381	248
271	100
50	880
3346	7277
57	5102
720	0
38	361
248	41
0	26
0	0
0	550
6	80
1	4
0	0
0	0
0	0
0	0
0	0
0	0
0	1
0	0
3	59
0	0
4	917
0	1
0	4
82	2
1326	0
22	0
249	0
55	461
54	0
21	405
8	543
455	0
40	0
1719	133
178	617
8	0
10	2514
55	572
212	0
36	0
16	645
10	86
12	151
2	51
35	0
0	0
3	252
1	20
0	0
0	0
271	68
18	1
62	148
42	148
242	1179
174	35
32	1
106	26
59	0
96	2
1	1
353	35
2	46
130	0
0	0
0	0
1960	17
1002	0
4	226
106	0
150	377
159	647
221	3407
34	202
66	23
0	69
83	28
2492	1737
10	0
1297	45
0	0
0	0
45	339
0	27
0	4
1693	1310
688	131
206	269
9	2
285	2
29	209
496	899
37	0
77	0
109	0
99	0
0	0
123	8
2	83
0	30
18	200
35	1027
17	131
33	0
0	652
5	0
3	3
64	0
4	0
312	2277
2	751
0	0
7	9
2	0
13	0
1	95
26	890
3	7
0	0
3	14
0	0
11	1
0	5
2	0
29	131
231	29
1	0
320	0
0	0
19	0
99	0
4	1
0	0
0	0
0	0
1	3
3	0
0	8
0	35
0	31
2	0
0	0
0	0
30	323
0	15
1	80
0	564
0	72
0	0
1	3
15	0
172	753
18	0
11	329
23	191
1	262
0	0
18	0
10	1
0	0
20	0
487	96
14	10
204	283
0	0
0	0
0	0
34	0
0	0
818	282
0	0
42	2
5	0
53	214
0	97
1	349
49	281
400	0
145	322
17	1
0	0
0	0
20	8
5	1078
3	0
43	9
7	0
185	31
0	0
15	2384
412	0
762	0
0	15
0	0
11	129
175	319
247	8
97	0
5	122
71	78
1	1
129	0
8	38
0	105
4	17
4655	0
1241	16
44708	0
2344	0
87	0
105	0
1	0
273	0
2	2081
0	0
436	0
4	0
1629	0
233	0
3931	246
0	0
51	2708
51	0
29	0
1372	234
0	58
0	16
1	97
124	6
13	269
11	1403
25	31
118	35
39	6
97	0
136	0
3	0
1	0
2	0
3	0
68	0
19	0
19	0
0	68
10	10
0	3
16	0
76	0
0	0
1300	16
627	156
437	345
80	47
19	10
134	0
9	0
376	233
937	0
188	270
0	0
14	109
22	61
54	243
61	171
0	14
0	261
8	1323
0	0
0	0
3	209
26	6
30	2255
91	195
3475	0
319	0
159	1773
105	69
121	0
23	0
692	0
83	41
764	661
13	864
9	254
74	89
0	0
1323	0
8	1
16	363
0	0
2	0
0	128
6	53
0	36
1	0
80	136
464	1651
111	335
8	0
73	29
293	0
11	0
0	291
3	0
0	5
0	0
14	41
0	0
0	1
3	5
0	47
19	2
198	7
46	907
0	0
136	0
0	105
86	135
1	0
0	0
0	0
29	262
98	385
0	26
0	91
0	10
0	0
568	10
60	74
6	0
34	0
45	0
0	0
99	0
8	113
83	346
1	0
53	156
44	2
918	0
138	28
0	156
769	32
0	0
5	0
0	0
0	0
69	0
0	0
0	0
0	0
0	0
1	29
108	62
469	136
70	857
278	0
0	0
468	789
301	72
176	634
271	0
76	0
212	1236
77	0
65	0
72	0
176	235
0	0
18	0
129	0
215	0
1	0
6	33
20	1901
1362	240
28	643
45	106
267	807
15	369
73	174
66	0
41	14
21	2976
0	0
0	0
0	0
0	2
37	63
2	169
0	0
2	0
1	0
0	0
250	31
113	19
784	76
142	0
335	386
141	0
16	0
65	113
2	0
203	0
7	0
1	14
397	56
114	1257
134	0
453	0
8	10
145	174
684	24
0	0
1	0
257	0
6	80
5	27
62	202
85	214
68	124
254	1124
9	189
22	13
225	46
7	505
209	0
39	134
18	267
88	753
0	0
1	98
0	0
0	0
0	7
63	369
33	82
7	10
1	1
1	59
0	49
0	19
14	943
266	897
128	916
2	731
22	1104
0	0
0	0
0	0
0	0
0	0
0	0
0	0
0	0
0	0
101	251
0	0
0	0
0	0
0	0
0	0
0	0
0	0
3	22
139	98
24	0
129	245
123	0
54	15
10	206
3	0
387	0
365	2072
0	1
1	0
3	12
0	0
38	1
13	48
0	0
4	0
83	0
0	0
0	226
317	50
30	9
112	0
1320	73
571	185
34	216
106	1
2185	252
6	0
46	1360
168	592
119	39
4	111
0	48
193	0
0	0
0	0
0	0
423	278
614	2189
0	21
533	9
28	55
8	4
4	2402
1	66
35	88
0	3
52	4
1127	812
189	17
128	36
0	652
0	0
1	0
7	0
0	0
10	153
0	0
8	0
0	0
77	582
0	0
18	384
27	318
7	28
0	16
2	63
13	153
132	329
87	115
9	37
58	129
354	326
165	66
437	279
186	2404
5	93
138	37
399	0
51	0
167	579
217	2299
1	58
5	382
88	947
37	468
0	0
0	0
0	1
0	2
2	0
0	0
0	0
1	0
1	1
20	19
0	0
1	0
69	1
3	53
23794	736
86	735
0	0
88	151
1252	1323
0	0
0	0
15	6
1	0
0	0
0	0
0	21
23	24
697	3
286	14
113	105
0	1
5	0
0	0
0	0
0	73
0	0
5	24
0	0
0	61
573	11
23	0
525	0
139	16
126	0
0	0
98	7
0	1
0	0
51	5
1	1
136	257
9	5
157	44
0	0
81	166
0	0
29	2724
4	4
3	0
6	16
23	255
326	757
131	0
0	0
41	0
38	61
681	79
882	762
2	614
1786	286
42	1389
4	0
69	0
301	1
66	0
197	144
33	21
2	1
150	22
911	84
1	0
37	30
47	53
0	11
10	13
0	2
672	167
0	0
355	29
21	284
254	0
0	0
5	0
0	0
44	134
186	110
6	6
0	0
177	4
18	219
8	26
10	134
0	0
4	0
0	2
13	6
644	1
104	0
88	1709
4	103
1098	237
0	67
0	28
0	0
56	144
6	291
24	771
2	0
250	0
16	6
40	16
33	105
31	406
2	984
9	0
0	401
1097	397
0	62
881	9
161	204
0	0
0	0
0	0
4	0
7	0
9	0
0	0
2	0
649	59
46	72
7	61
140	511
8	122
1	4
0	23
1	0
0	0
756	451
45	353
4	29
10	43
9	115
17	15
0	0
1	18
48	258
0	0
127	0
0	1
6	14
9	1
67	48
0	0
1	41
1591	0
127	14
12	2354
1	5
265	0
0	0
0	0
21	375
0	0
365	126
279	0
10	0
79	395
277	1451
46	73
149	300
2	0
334	0
25	547
0	129
968	0
0	0
353	25
1203	119
11	6
0	0
26	0
21	0
2	1079
598	683
70	607
1	218
27	21
48	28
1	306
0	0
0	0
0	0
369	0
0	0
0	0
1	0
1257	0
2	0
0	0
1	7
0	8
0	2
0	9
840	13
0	7
0	0
0	0
0	2
0	62
1	61
18	2599
379	181
129	164
0	0
338	0
6	9
35	0
14	26
107	598
160	33
134	173
356	1753
136	7
13	88
203	0
146	0
333	0
486	0
0	0
0	0
0	0
0	0
0	0
178	486
568	23
138	0
121	0
2900	3223
470	0
22	49
9	44
3	1164
103	560
80	26
90	199
16	105
225	0
165	33
106	0
121	5
2453	47
107	246
0	0
2	0
6	0
0	49
0	0
4277	8
13644	0
8	0
4	0
0	0
0	7
2	4
4	101
1	0
20	1062
96	549
77	0
20	534
0	6
237	293
10	1
74	0
0	1
2	0
157	165
124	0
47	281
4	1
18	2
141	1
28	0
171	1
2	0
1	0
123	1180
80	622
0	0
49	207
37	394
3	1
235	0
1304	1056
20	0
17	0
126	0
66	0
54	0
98	445
0	0
4	0
0	0
105	1993
0	13
33	66
64	12
2	0
244	50
0	0
29	0
0	98
58	74
114	2740
0	13
0	16
9	7
5	9
0	46
4	91
9	328
562	2
0	0
184	0
29	1999
71	175
0	0
0	0
29	0
0	0
0	0
0	0
0	0
0	0
43	0
3	10
82	529
23	668
130	161
105	23
3	0
0	0
0	0
1	12
2	0
10	167
1	0
14	333
1	2
1	52
58	24
6	206
309	1050
0	0
193	0
0	6
73	2410
0	9
33	529
0	0
1	475
8	73
22	52
0	399
0	2
0	132
36	0
5	134
0	0
0	48
111	2202
132	110
0	0
115	0
214	1
44	0
322	1219
12	6
48	192
0	0
20	108
0	0
1	6
0	0
0	0
0	0
0	0
0	0
0	0
0	0
0	0
0	0
0	0
0	0
0	0
0	0
0	0
0	0
0	0
0	0
0	0
123	13
102	430
0	0
0	0
0	0
0	0
0	0
45	0
6	119
66	1
265	0
44	0
0	0
0	0
0	0
6	0
1	0
1	0
0	0
302	27
1529	0
3	0
0	0
114	71
29	2436
508	107
81	0
1043	229
21	0
192	0
5	0
0	1
78	0
1	0
2	0
678	0
32	0
26	0
1	0
1	0
0	0
22	0
0	89
15	951
27	184
26	63
0	0
0	0
14	278
3	2317
691	0
11	1
1	2193
17	209
0	11
7	1955
16	0
0	0
13028	0
2	104
113	6
9	0
0	13
172	0
1	1
80	0
222	799
12	1408
299	43
0	15
50	0
1171	57
6	5
574	1
0	0
20	80
2	2
9	0
0	0
1	772
27	1101
10	48
26	24
0	0
128	55
0	7
0	353
0	17
0	0
64	1119
0	0
164	608
43	186
132	95
0	67
76	722
0	75
2	93
3	274
6	37
4	1272
0	14
111	0
211	59
3	5
0	23
66	0
0	0
157	2
138	0
0	0
77	10
0	0
4	0
8	0
199	1600
1	0
62	0
45	447
40	0
1	680
1	0
1	35
28	1799
362	0
23	11
0	240
56	17
62	1243
3	386
1	162
898	797
0	1
0	66
10	0
1303	13
494	388
0	280
148	212
21	155
134	765
31	3
12	0
37	2
0	0
3	0
2	51
71	0
0	0
0	13
0	0
0	0
0	0
4	0
1	0
3	0
3	1
1	0
13	1
53	0
21	0
0	58
24	0
0	0
5	0
19	503
203	24
319	1188
33	256
0	129
0	7
5	1739
6	12
0	0
106	222
31	0
0	0
29	449
8	94
1	1
20	147
44	261
0	0
265	1948
5	0
67	23
0	1
1	28
0	94
25	127
41	450
0	0
62	0
2776	11
1396	1
263	54
109	0
368	0
129	412
40	168
17	168
11	525
1	270
158	0
22	0
88	274
556	0
291	431
230	968
0	0
38	460
34	5
18	1079
16	9
1	9
33	15
2	11
0	0
80	425
55	59
109	54
86	536
0	18
10	0
163	163
36	0
97	527
50	1889
0	0
0	11
19	11
18	65
305	1608
3	1
3	18
26	126
1	0
50	203
37	0
4	240
36	788
8	10
0	29
1	44
175	65
14	27
8	196
19	0
0	0
0	0
14	112
2449	499
9	17
0	0
713	60
20	246
51	0
4091	0
28	1
32	267
299	0
0	0
328	96
231	0
50	341
760	232
218	0
0	0
13	21
84	10
1	0
12	383
0	0
0	0
0	0
8	104
2	30
106	0
252	11
189	0
48	0
11	0
0	0
0	0
419	5381
6	117
34	0
23	0
13	0
13	0
401	196
2	35
284	5
1	92
0	0
0	0
0	0
293	1
50	2
4	0
0	0
1	0
0	0
274	894
0	0
0	0
0	0
0	0
0	0
0	0
0	499
0	0
2	7
0	0
3	4
0	0
222	483
24748	1
16	383
391	1
844	0
1	0
47	0
13	169
0	0
370	763
5	116
0	0
64	740
0	2
0	2
0	0
7	97
0	0
0	0
179	1035
118	26
1	5
3	435
0	0
52	15
0	5
0	13
36	339
8	503
14	87
0	0
2	0
268	0
120	27
0	0
46	42
0	0
2	0
1	0
0	0
23	10
69	0
132	0
2310	232
120	2
114	1766
0	0
15	365
155	19
629	0
243	0
88	0
147	27
93	0
0	1939
364	2
2	1
2	51
21948	0
6	0
148	0
669	0
80	0
347	249
2740	1
1	7
0	0
62	313
4	0
1383	0
568	618
25	0
114	113
92	30
13	21
10	0
34	104
4	38
0	0
0	3
0	2196
44	53
604	188
1	0
14	353
8	796
223	2
1	0
0	0
0	0
0	5
3	3
0	0
1505	496
1243	138
18	0
113	14
6	51
2	18
108	0
44	348
5	10
4	211
1282	563
318	0
46	6
6264	1137
1	0
1	7
1	381
164	5
53	0
270	39
49	0
49	0
24	0
0	0
26	0
0	0
38	1385
0	0
7	0
1	53
0	3
553	4
2	1003
7	54
0	154
1	0
0	0
0	0
0	36
39	605
7	9
5700	272
103	0
0	6
50	498
0	70
14	786
0	0
0	0
0	0
3	754
0	0
0	151
18	271
6	0
0	0
136	60
95	578
194	0
0	0
0	0
3	13
83	0
0	0
2	51
0	0
0	0
9	0
0	0
0	0
0	0
0	0
7	339
19	90
415	918
74	2525
15	0
10	33
12	94
10	1
24	0
1762	1397
16	0
0	0
59	0
22	35
561	2816
17	321
0	252
36	327
49	56
407	19
0	46
0	0
0	31
0	0
0	0
0	0
0	0
252	175
20	0
0	0
11	872
13	1726
2373	0
0	0
218	1
814	0
296	75
0	15
0	34
67	36
0	5
2	176
0	36
24	0
9	67
3	65
0	0
3825	57
84	98
60	0
3	42
33	0
10	249
639	3081
74	2550
0	0
554	469
12	21
0	0
22	5
1940	128
354	143
66	3
133	56
1598	3261
0	26
0	0
51	602
199	7
6	125
0	0
0	0
2736	0
0	0
16	20
21888	88
157	0
2	0
14	47
292	878
24	327
18	415
0	10
1	6
15	54
0	0
0	0
7	23
0	0
138	1511
0	0
0	0
1	219
0	0
81	0
14	0
1186	348
461	0
182	132
3	1
1301	1257
47	621
1766	155
0	0
17014	1191
147	0
14	86
5423	1190
4	0
0	15
1	495
0	28
6	16
0	0
74	122
2	0
0	686
0	0
0	439
8	0
0	0
1	3
0	0
0	3
1	2
0	0
2	2
0	2
0	1
0	51
527	346
0	0
1	34
2063	66
362	0
83	323
79	11
95	23
17	197
111	0
99	116
260	0
10	0
0	28
57	0
14	17
0	22
3	399
5	0
0	58
143	30
7	0
5	19
339	17
16	508
344	0
116	0
72	0
43	22
213	70
1645	0
141	762
9	118
73	6
3530	704
4	0
77	98
8	272
38	43
3	1
66	2
240	0
214	157
0	0
536	0
804	11
1457	0
133	0
2293	2180
108	431
1913	6
1	0
45	470
63	0
184	1965
132	647
74	59
5853	0
0	153
68	13
585	161
55	1
220	0
224	50
9	33
0	0
333	2
0	0
0	0
1	0
435	0
4	198
135	41
1	0
4	1
0	122
0	0
0	0
0	411
1	9
12	451
8	1775
26	89
44	25
68	1
8	0
2	0
12	0
15	3
2424	0
191	648
28	1
99	0
0	0
360	16
4064	0
2	86
31	345
0	0
3	17
0	0
0	0
0	0
0	0
26	8
13	3
161	0
97	0
259	13
38	241
5	1
62	81
23	471
15	39
33	388
2768	0
32	16
0	0
253	12
63	203
425	125
0	1
14	0
2	0
107	134
57	3
391	0
0	0
94	24
20	471
14495	1
0	5
0	1
18	52
135	0
63	778
83	531
0	0
0	0
0	0
94	4
132	3136
173	259
4	21
313	704
73	0
141	0
51	0
143	175
445	35
97	0
20	53
680	518
44	0
359	1049
2	0
1	0
0	0
20	775
19	4
0	0
6	76
90	317
238	316
42	4
2	0
0	0
393	0
5	1
494	2
169	1667
34	763
8	22
126	472
0	0
166	678
0	9
3	0
83	269
0	0
0	0
24	65
1	25
633	620
19	33
449	15
3	0
406	803
0	0
99	59
887	1821
63	7
0	8
39	426
12	73
0	2
0	0
181	172
36	2341
0	61
40	1
774	138
3430	0
215	0
120	29
261	323
153	0
119	10
101	0
78	1
0	318
3	328
16	1
53	20
0	0
0	1
72	0
0	0
36	3
5	22
23	779
5	58
208	561
4	6
24	209
246	0
0	3
38	14
22	0
152	1705
4	6
0	23
305	8
0	0
4	40
5	6
144	297
14	2540
27	5
0	11
0	0
0	0
2	12
2588	571
0	0
0	0
273	114
0	5
1	0
41	77
0	0
0	0
0	1
377	2131
18	10
0	499
26	1
347	79
0	0
0	0
0	0
0	13
22	894
51	1047
135	2430
14	724
11	859
1	662
22	1733
11	935
1	110
16	50
5	48
0	29
142	86
0	0
342	826
0	0
0	0
0	18
0	0
39	1
0	38
13	67
16	0
216	0
31	20
196	56
28	0
16	1
231	0
42	78
1	1
125	77
43	114
21	41
52	789
108	238
2	1106
62	330
49	2467
5	0
2	8
2	0
26	0
0	0
8	28
4	534
395	0
456	1
5	114
72	122
61	180
38	6
3	0
0	27
12	747
0	0
25	77
56	0
10	8
1672	0
20	852
0	0
0	0
1	34
0	0
0	0
178	0
213	125
113	3
5	0
1	0
1	0
0	303
1	8
8	0
11	46
3609	0
329	0
235	1554
6	0
280	2012
0	1834
0	0
0	295
0	3
1	0
104	2087
1167	149
6	0
27	133
4346	0
9	0
1	99
24	81
0	1
0	6
1	14
2	0
1	0
0	0
2	0
9	0
31	0
0	0
9	0
0	0
0	0
0	0
2	67
225	258
118	505
211	1762
5	5
51	101
61	0
21	2
0	0
5	0
0	59
0	0
4486	521
3	355
28	0
0	0
45	90
22	0
83	223
1550	7
0	195
34	1885
2	2
280	157
0	0
0	0
4	0
0	0
38	469
8	310
1	0
34	0
34	0
182	0
0	0
0	0
0	0
0	0
0	147
0	0
0	0
0	0
0	0
0	0
0	0
0	0
0	0
0	0
0	0
0	2
0	0
0	0
0	0
0	0
0	0
0	0
0	0
4	0
0	0
0	0
8	9
0	0
0	0
0	0
0	0
0	0
0	0
0	0
0	0
0	0
0	0
0	0
0	0
0	0
0	0
0	0
0	0
0	0
0	0
0	0
0	0
0	0
28	45
0	0
0	0
0	0
0	0
0	0
0	0
0	0
0	0
0	0
0	0
47	18
0	0
0	0
0	0
0	0
0	0
0	0
0	0
0	0
0	0
0	0
24	14
0	0
0	0
0	0
0	0
0	0
0	0
0	0
0	0
0	0
0	0
1	0
149	415
0	0
0	0
0	0
0	0
0	0
0	0
0	0
0	0
0	0
0	0
0	0
0	0
0	0
0	0
0	0
0	0
0	0
0	0
0	0
0	0
0	0
99	1386
0	0
0	0
0	0
0	0
0	0
0	0
0	0
0	0
0	0
0	0
0	0
0	0
0	0
0	0
0	0
0	0
0	0
0	0
0	0
0	0
0	0
275	1
0	0
0	0
0	0
0	0
0	0
0	0
0	0
0	0
0	0
0	0
0	0
0	0
0	0
0	0
0	0
0	0
0	0
0	0
0	0
0	0
0	0
7279	663
0	0
0	0
0	0
0	0
0	0
0	0
0	0
0	0
0	0
0	0
208	0
0	0
0	0
0	0
0	0
0	0
0	0
0	0
0	0
0	0
0	0
441	203
0	0
0	0
0	0
0	0
0	0
0	0
0	0
0	0
0	0
0	0
320	370
0	0
0	0
0	0
0	0
0	0
0	0
0	0
0	0
0	0
0	0
2	697
0	6
0	0
0	0
0	0
0	0
0	0
0	0
0	0
0	0
0	0
0	0
39	22
0	0
0	0
0	0
0	0
0	0
0	0
0	0
0	0
0	0
0	0
1665	387
0	0
0	0
5	54
1074	209
29	0
61	14
155	14
914	0
721	289
32	681
1	8
0	5
138	294
5	281
0	38
0	0
0	1
274	48
128	223
6	9
0	0
0	0
0	0
14	0
0	0
3	0
1	0
1361	2395
3	121
0	0
0	0
1	41
0	0
0	2
43	544
0	0
1	12
0	0
0	19
0	93
20	2
0	336
63	14
23	48
9	404
46	11
580	800
31	0
429	15
68	0
0	0
0	19
0	45
0	0
120	3137
1	736
116	387
161	36
212	255
4	116
0	2
168	16
818	9
1	0
22	59
85	358
3	83
0	0
18	0
7	612
0	1
34	29
523	0
11	332
187	45
1294	428
36	120
40	218
9	0
0	0
3	5
15	190
7	232
0	0
0	0
120	168
35	69
4	0
2	241
11	96
23	125
0	3
20	34
244	0
724	1107
0	0
35	107
0	0
263	190
1	6
24	392
53	0
237	394
7	25
7	764
29	0
3	27
405	199
0	0
12	1
0	0
2	28
1	876
30	196
1	0
86	0
114	98
2	66
359	737
8	0
11	36
0	0
0	0
49	85
540	2
165	17
1818	348
73	769
21	17
0	0
3	17
60	20
77	8
783	42
202	565
1108	0
15	0
0	0
1	0
5	289
12	11
8	2
508	47
507	0
397	2
31	58
0	11
70	3046
242	0
67	1216
182	97
291	34
4	0
208	493
21	707
139	4
0	0
0	225
0	2
16497	188
40	0
300	0
70	267
89	609
61	532
0	0
0	70
4	173
338	0
14630	204
11635	0
2930	339
18880	20
164	17
0	766
7	79
41	274
0	0
201	4
285	0
339	13
24	1808
91	0
36	0
79	215
832	0
4	38
97	346
0	0
0	1
356	108
48	10
5	5
0	0
1	257
0	0
2	1
15	8
108	152
0	0
59	0
0	0
0	0
0	89
532	9
0	0
62	30
0	0
0	0
7	906
0	0
0	0
511	948
8	89
0	13
18	2
6	0
28	0
16	0
678	2483
10	245
99	1351
5	1
179	149
92	14
88	0
1540	0
811	2760
160	0
307	29
1991	0
62	0
0	0
67	1933
111	2359
215	8
23	0
0	0
0	0
9	159
163	8
27	346
84	37
2	0
4	143
0	0
3	0
632	17
239	246
0	0
4	183
5	26
0	1
9	0
6333	577
130	71
259	2
225	29
172	0
434	19
0	0
706	223
182	373
42	374
146	86
157	0
507	8
96	3
175	0
727	186
0	0
36	0
0	0
1	0
0	2
2	1959
12	0
0	5930
0	0
1119	4
0	0
0	0
154	162
8	341
7	19
9	1711
298	16
19	5
109	0
0	0
293	382
3	345
0	7
127	328
16	74
458	1515
5	1059
0	0
58	151
1031	0
36	1
3	161
11	30
0	129
16	0
20	64
0	0
77	101
190	584
88	4
2	4
0	0
73	127
29	20
238	5
291	366
33	84
40	753
119	1
32	0
3	5
293	646
6	0
10	762
884	217
19	0
0	0
71	0
519	10
21	96
136	1074
3	19
2	0
4	1
11	270
1939	12
22	104
332	1668
0	70
0	12
133	0
336	281
383	0
24	0
0	0
143	169
951	5341
421	132
1	48
86	263
679	1292
14	58
109	0
690	209
38	169
20	133
18	78
371	2101
2	42
0	0
3	1
1	0
1	0
2	0
285	445
43	6
7	262
45	0
59	324
226	313
28	827
22	2033
99	195
4	33
202	90
473	175
0	0
8	48
32	2
0	39
439	0
240	0
13	90
0	6
5	54
2	1
21	660
0	0
18	134
0	223
117	2284
4306	25
2	0
189	39
149	1584
0	0
6	0
0	0
0	0
35	882
0	0
1686	106
10	2
0	0
3	65
205	2956
0	41
0	2
10	0
0	0
2	2
268	850
210	0
28	0
86	1218
388	0
37	118
0	0
12	0
4	31
0	0
0	0
0	0
11	18
0	0
0	0
788	1
0	0
1242	763
1	0
0	0
245	604
475	29
16	27
1281	109
232	110
0	0
0	0
0	0
8	0
14	0
128	248
4	0
438	834
25	27
641	52
3	608
1	365
0	9
0	596
12	329
0	6
13	0
13	185
0	0
0	0
1575	32
302	3
7	0
140	588
351	84
2	378
10	0
59	39
0	28
164	324
544	7
0	8
420	360
2	0
4	0
0	0
35	1369
0	0
746	15
0	0
155	214
205	47
0	55
79	1119
55	1485
8	0
38	1529
10	56
25	34
19	0
4	19
2	0
67	0
0	33
0	0
0	0
0	24
560	1
0	0
89	19
6	0
0	0
0	0
3	104
1	5
0	0
537	1718
220	198
108	4
0	20
324	4
41	902
127	0
1	96
20	0
1	10
13	15
0	42
0	0
657	0
160	382
148	0
119	23
0	0
0	19
2	0
0	51
36	1
42	46
959	0
29	0
18	0
3338	2165
3	5
2	80
7	21
4	1
203	285
11	17
1	1347
1439	43734
129	28
291	76
319	134
3	259
287	1064
0	6
754	2751
15	358
1	7
12	72
0	0
1	18
0	0
0	0
50	0
0	46
20	39
592	39
15	6
94	157
11	721
26	0
225	83
0	0
7	0
1	1014
6	0
1128	43
0	0
400	291
3	275
12	201
0	0
115	0
0	0
0	0
5	0
0	0
6	67
1655	58
1	10
0	1732
0	0
0	0
157	242
287	104
0	0
0	0
1	4
47	2
36	6
10	81
0	0
0	0
0	0
2	2340
56	112
4	0
8	1
3	18
75	608
191	1
259	118
18	1371
11	1551
1247	4
3	158
19	0
35	0
175	0
8	0
223	285
0	0
36	0
265	1
0	1
31	0
6	205
32	41
657	2365
0	0
0	0
126	3871
1355	163
148	0
114	0
252	0
674	2664
299	24
569	20
19	94
0	12
2	1807
0	260
13	1
12	14
6	20
27	153
10	31
1	4
4	14
0	0
47	24
4	0
2	0
0	0
65	0
2	0
2	0
0	0
572	221
0	13
1064	0
142	0
22	0
0	0
151	0
1	0
0	0
32	6
0	0
522	1127
52	449
0	0
0	0
1311	2606
0	0
61	1335
0	227
313	3
0	0
0	0
5	1101
157	0
74	0
3	0
16	144
29	1
0	5
44	244
58	1548
15	1
161	0
780	0
0	0
38	78
47	0
252	0
84	113
15	3
72	30
0	160
7	0
63	824
21	70
293	1065
65	251
555	8
337	134
1393	970
254	387
974	18
9	0
0	0
8	0
5	4
0	20
0	10
0	0
0	4
336	726
598	219
355	0
31	0
140	252
0	0
12	33
48	564
427	1272
644	90
0	17
250	419
256	0
389	0
65485	0
35	0
17	0
1	0
412	180
75	71
65	17
281	841
1887	3
0	0
0	27
28	0
135	272
0	0
0	0
0	0
0	0
0	0
0	0
22	882
4	0
0	0
17	0
146	0
3	6
375	0
110	0
208	20
84	0
0	0
3	15
135	7
0	0
1	121
27	88
181	47
544	4
19	35
3	0
0	39
0	932
218	297
77	1
1	1030
2	0
29	3
4	0
49	0
9	0
12	0
0	0
0	0
0	0
0	0
4	0
0	0
0	0
0	0
0	0
0	0
0	0
0	0
0	0
0	0
0	0
115	0
0	0
0	0
0	0
0	0
0	0
0	0
0	0
0	0
0	0
0	0
9	300
0	0
0	0
0	0
0	0
0	0
0	0
0	0
0	0
0	0
0	0
340	48
0	0
0	0
0	0
0	0
0	0
0	0
0	0
15	405
111	0
0	2274
194	598
11	0
14	1
70	418
187	29
83	4
19	4
0	0
1	0
2	0
6	0
4146	827
278	18
223	1813
1	1230
0	0
5	0
0	0
0	0
50	177
2	45
0	0
28	2130
58	304
87	1
0	0
115	367
0	232
4	618
0	0
0	0
324	1630
0	0
1	240
107	0
364	0
831	0
106	623
15	91
1	228
0	571
187	487
418	0
339	4431
4	104
328	2549
11	331
2	0
0	21
0	11
0	27
44	284
200	1279
8	10
1	462
0	23
0	0
0	0
78	650
1517	384
20	50
178	277
0	0
0	0
0	0
259	764
1	3
20	76
1	15
0	0
112	1811
743	711
183	0
357	0
0	0
18	0
54	11
5	47
36	0
2	0
162	2172
0	59
0	0
0	0
0	97
11	0
0	0
3	4
4	0
0	0
13	0
23	15
760	13
106	93
122	13
4	0
18	0
207	1
81	2
1	3
8	0
5	1
0	1
0	0
199	44
14	4
19	152
10	0
0	0
24	99
84	94
26	16
42	0
40	1645
225	198
32	1693
0	0
0	14
0	0
0	3
0	0
1	0
0	0
46	0
0	0
439	180
38	0
515	482
17	154
662	3
0	0
7	0
0	11
2	298
1	0
0	464
7	5
244	0
88	42
3	446
0	404
329	0
0	0
102	2347
150	0
180	0
0	29
0	0
8	1
74	1
28	0
52	497
0	15
0	0
32	70
21	43
2	1
0	0
0	0
126	0
311	0
1068	1843
5	0
160	14
0	1
84	311
1	0
19	0
354	66
0	76
38	780
0	42
2	500
0	5
3813	149
876	29
4901	672
2289	0
62	548
29	173
16	37
1	0
0	3
0	53
0	0
325	0
129	0
94	0
127	2151
35	322
9	0
170	76
16	0
59	0
691	0
1294	1
0	0
172	113
0	0
17	2
142	270
204	57
7	29
210	43
0	0
0	0
0	0
397	389
42	6
6	448
609	1134
6	47
54	0
8	91
170	467
1057	1
0	5
287	364
2	0
0	0
7	24
58	1
0	0
95	2
275	10
0	8
236	20
0	0
0	8
3	386
400	104
0	0
4	40
318	8
736	71
19	1499
0	0
0	0
0	498
254	278
24	266
120	27
0	40
12	0
1	0
28	53
6	0
1	144
0	0
0	2125
0	19
55	0
106	7
163	14
817	76
6	2282
0	0
0	0
0	0
21	0
369	751
0	1
5	7
33	1262
219	0
51	298
3	196
0	0
5	1
469	334
1	336
11	2610
17	1033
293	2673
0	0
331	365
886	0
82	7
6	0
3	0
71	0
1	0
40	163
178	55
0	0
370	543
100	116
0	48
0	37
0	0
15	0
140	79
0	0
562	0
0	71
21	69
9	829
110	106
3	53
546	2268
9	2366
232	1323
0	0
0	0
1317	51
42	0
36	35
2	0
9	0
85	1
28	25
0	0
12	0
99	0
76	115
0	0
8	122
67	3142
83	956
0	0
103	23
128	0
3937	418
6	30
0	209
0	4
0	0
225	0
32	288
0	1
121	0
318	0
19	20
0	0
16	2
5	0
932	37
48	0
63	240
0	72
0	0
0	0
0	2
0	2
0	73
1279	235
1	8
1	17
8	317
24	0
112	27
386	123
4	39
9	675
143	0
9	23
32	136
15	0
20	0
2	2262
0	0
2351	355
1	0
0	0
901	15
593	349
42	132
26	0
0	0
0	42
225	0
13	0
2	61
6	356
0	0
222	122
929	904
172	999
311	0
0	14
0	0
0	0
203	532
2	0
9821	4914
17	1
162	0
0	0
5	21
22	596
22	85
54	1506
0	0
0	0
0	234
18	878
12	342
126	243
48	23
0	0
238	35
10	4
87	4
602	1419
16	0
195	0
0	6
0	0
1557	831
288	191
64	36
986	95
0	0
0	0
210	625
3	36
4	544
307	776
105	0
29	0
37	0
152	55
99	110
56	25
8	309
1952	40
73	4
26	5
246	110
22	0
142	225
0	0
433	8
0	1
20	164
1	2
13	353
3	6
17	419
0	8
165	355
0	0
6	18
389	23
467	0
356	2358
4	0
59	11
4	0
342	0
132	0
102	34
75	158
79	218
0	0
0	71
6	254
98	274
0	0
0	90
10	47
565	0
0	0
214	25
76	1
0	0
37	0
169	499
34	0
63	1
2	0
3	0
3	0
194	0
24	0
0	0
0	0
0	24
279	258
2	71
0	176
388	0
39	283
0	0
13	174
9	9
1026	0
121	84
15	489
0	0
31	608
0	0
7	49
5	0
31	1159
0	28
26	82
7	300
3	0
363	1
180	160
4716	0
36	1165
758	96
256	2056
279	589
39	50
6	1704
0	0
0	0
0	0
0	0
247	70
0	0
161	0
224	1
86	13
7	75
76	357
90	542
982	65
0	121
1	127
525	31
0	0
2272	12
10	0
18	0
0	0
233	3
8	239
4	113
402	14
2	138
2	0
1	35
0	0
126	81
0	5
0	0
1	454
0	0
19	791
3342	192
49	2280
5	8
1	0
13	23
103	56
28	50
213	547
692	710
0	0
54	88
3351	569
75	19
3	5
0	0
0	0
39	2314
281	277
15	42
36	2
31	0
4	0
8	26
0	0
13	106
0	0
0	8
0	47
4016	0
514	126
8	304
0	1
26	244
66	0
90	64
267	1
307	63
2	0
254	87
102	556
155	678
133	2
3	968
0	0
2	2
11	45
114	15
3	0
205	1055
204	311
91	216
0	0
0	0
18	0
0	0
0	0
1	0
0	0
1	0
43	27
2912	613
2791	0
9637	0
56	0
0	0
25	526
42	0
0	0
196	0
5	1377
442	111
60	0
0	95
355	179
787	492
0	0
5	0
75	1124
100	237
5	26
8	2101
15	183
0	0
16	0
0	1
350	132
0	10
1	7
1	2
0	0
3	0
0	403
500	357
490	2189
766	108
261	0
1	42
3	2
2	115
0	67
1	282
6	3
128	53
2	0
5	0
0	0
5	0
1663	0
959	3
509	530
29	297
0	31
4	668
3	0
187	390
10	5
3074	11
0	0
173	8
6	0
520	366
3	2034
319	469
1180	3
5	0
45	2643
3647	25
344	71
0	2
0	1
1033	0
51	415
1419	836
174	0
158	0
3	61
1332	0
155	1051
12	14
414	74
238	56
46	932
226	24
415	14
270	866
0	0
0	0
153	13
280	0
282	69
266	65
629	617
200	98
289	92
32	0
9	57
25	3020
59	0
306	180
41	0
343	157
19	146
5	14
114	0
0	197
2	0
119	299
35	244
0	113
150	162
2	38
54	379
645	978
187	148
0	0
46	48
0	3
0	0
0	129
376	0
0	165
0	41
0	41
55	26
0	0
0	1
0	0
157	1
0	1
41	0
36	191
42	3041
13	1
1802	4
438	223
3481	4
1575	121
160	117
14	0
156	0
79	0
0	2
25	0
48	970
7	334
0	37
5	38
0	0
6	225
8	58
67	181
3	1456
0	0
8	1797
130	458
12	137
2	353
8	22
0	0
377	921
707	99
1	36
3	29
16	0
77	2822
58	65
33	168
237	0
16	76
64	54
133	23
311	117
94	117
1293	667
1411	0
0	0
1	0
34	25
759	1175
2	3
3	0
853	803
3175	44
2	13
33	176
0	0
0	46
0	0
1	35
26	0
44	1924
2	0
1	28
0	0
0	75
0	0
11	684
0	0
47	77
1	34
199	2231
0	0
142	0
5	85
203	323
0	98
718	9
241	748
0	183
1866	0
0	2
7	1327
91	1008
2	0
8	18
0	0
0	0
5	0
0	0
72	491
2	0
79	33
287	62
0	29
40	0
2283	7
690	2375
1	9
0	55
0	197
11	4
0	0
0	0
0	0
3	45
0	0
0	0
0	0
3	8
26	288
0	30
8	20
369	1315
13	4
0	0
580	16
74	174
274	32
398	714
58	1200
1547	22
293	0
53	126
1889	13
57	862
0	0
0	0
532	13
1	58
0	0
0	0
0	18
0	0
249	0
0	0
11	1233
3	5
1761	6
8	0
241	755
76	969
64	1247
0	0
2323	0
75	779
9	579
0	23
0	0
0	7
23	2293
46	0
43	0
844	210
122	2
89	11
75	6
0	0
0	0
36	59
0	5
0	0
381	78
1934	5
2	1234
18	0
339	17
131	0
38	0
0	0
0	0
0	0
46	2438
33	0
640	552
180	0
107	85
18	10
14	0
3375	0
25	60
0	0
310	0
319	537
164	1167
19	72
25	403
1	0
0	0
4	9
0	4
0	0
1	0
0	0
0	7
0	0
123	57
7	7
2	0
42	173
158	128
8	0
0	0
345	145
0	53
101	247
63	140
11	0
16	3
5	0
17	81
346	261
6	16
0	0
41	211
2	125
46	449
85	1
2097	0
57	0
12	163
132	17
1987	2332
155	2057
0	21
322	4
0	0
376	0
151	587
130	0
645	0
196	121
104	414
73	109
36	159
354	11
3	12
63	569
19	0
50	676
0	1
1	206
0	41
35	6
390	89
1	1
18	0
253	533
679	0
40	420
0	0
4	0
8	119
48	102
0	0
0	0
0	0
22	0
1477	419
11	6
39	505
19	0
0	0
4	7
1	0
0	0
1	0
0	0
0	0
0	0
173	0
0	39
9	3
0	0
0	2
0	0
94	2
2299	152
2	103
64	758
0	0
0	0
1	1
12	0
0	0
89	0
0	0
0	0
1010	40
4734	2120
145	0
17	2
204	1990
91	80
84	0
148	64
102	11
1	0
0	0
0	0
9	2120
3	0
12	0
0	0
156	586
1	0
0	0
4	0
0	0
1	0
1	0
55	1448
1030	2209
128	95
984	0
773	2014
9	0
0	0
356	337
32	695
117	279
28	0
0	8
121	107
0	0
18	56
14	95
0	0
16	3
71	204
1	19
118	0
3	31
0	0
0	0
0	0
10	0
2	0
1	0
1	0
0	0
1	0
48	240
117	182
107	5
0	0
622	0
305	0
530	0
31	0
138	3
0	0
2	1
0	0
447	0
685	0
9	0
824	3
2	179
1	0
51	445
79	49
3	935
3	79
1	840
981	2
254	570
206	0
193	0
12	84
0	0
18	0
1	6
0	0
6	0
0	7
181	19
78	2701
7	0
1678	1859
0	0
1	0
39	232
7	747
6	0
6	0
0	0
3	38
4	0
2	12
16	704
2	1
1583	113
0	1
0	0
0	0
5	0
0	52
8	0
0	417
0	18
119	95
901	124
2	8
0	0
0	0
0	0
2	945
15	951
16	52
468	562
218	2144
4858	20
11	544
17	150
12	63
37	438
6	486
0	0
0	0
0	3
0	43
168	1733
0	0
104	21
296	0
60	27
417	753
151	147
20	202
0	0
4	4
0	8
10	177
68	246
1	106
0	1
17	2
16	6
0	0
3	69
185	608
6	0
17	0
65	698
0	10
72	0
177	145
51	33
48	63
5	0
0	0
0	0
176	84
483	87
48	187
22	0
176	293
3814	288
298	151
50	17
8	44
60	2447
22	271
0	0
108	68
24	64
4	0
4	0
9	0
9	0
34	236
176	0
52	1046
91	83
1	9
2	23
152	6
0	0
87	369
191	463
44	174
1459	0
187	45
540	388
131	89
0	0
362	0
21	155
0	0
0	0
137	967
248	254
39	2
71	485
441	1094
259	1403
67	206
4	6
0	1
0	0
0	0
50	30
884	544
164	1727
211	21
2	0
202	44
172	11
0	0
0	0
55	0
1	0
4	36
45	40
0	0
469	613
35	1999
61	0
16	1
578	31
608	6
143	26
29	0
48	0
13	54
19	24
11	59
18	163
0	0
57	18
0	0
0	0
0	0
0	0
196	92
193	0
867	4626
1817	43
0	0
399	3124
1	0
1446	17
785	0
107	0
17	0
235	208
73	1
207	6
9	306
113	205
22	0
40	23
13	166
122	5
4	0
0	0
4	688
0	81
0	0
0	0
79	82
311	2
138	2334
53	62
133	422
2	220
113	0
634	2
162	38
108	0
148	31
1	22
42	0
24	1
224	17
1605	10
104	0
786	0
42	8
0	146
58	478
160	0
539	580
66	1488
25	73
484	11
1	0
16	136
0	46
46	1879
0	0
40	304
57	36
0	97
227	1393
62	86
7	130
491	3734
5	0
3	17
12	106
0	3
0	0
0	0
10292	0
0	0
0	0
0	0
2	3
141	1741
4	1711
0	0
16	33
1	0
280	93
145	110
6	1
22	0
473	641
9	0
64	0
90	2761
0	0
1	517
7186	1
1865	221
208	503
0	0
1	2
0	0
15	672
28	2
710	908
38	44
57	4
0	0
15	556
94	262
0	0
0	0
0	0
32	0
99	3
304	0
39	0
5	479
1002	26
0	62
104	0
88	0
6	2
1	0
203	8
106	0
83	5
0	0
28	264
0	0
71	2
0	0
106	0
124	1418
221	0
280	126
0	0
6	8
24	2
51	45
1	0
0	1
73	177
52	358
0	0
8	194
250	0
207	0
0	79
0	29
1	18
2	0
5	419
5	9
0	0
0	2
2	298
29	894
4237	0
0	0
34	1
0	84
1	0
5	0
0	106
3	32
9	373
2	0
3	146
16	316
132	6
17319	11
2331	2930
3	0
81	0
43	2330
11	31
46	23
69	0
354	11
147	84
32	150
40	0
99	69
67	0
3	6
40	0
24	1624
14	0
0	0
0	10
153	29
0	0
17	0
167	0
72	927
0	0
0	0
0	0
24	17
333	384
74	41
478	0
6	375
3	71
92	259
780	1567
0	0
0	0
444	1273
1	0
1	0
1	0
12	2718
3	2
250	102
11	153
111	0
0	4
154	533
0	2
0	0
9	4
1	1
37	136
37	1262
136	0
8	59
15	1
440	0
1164	0
292	10
224	39
157	0
180	13
0	0
0	237
209	2
0	10
68	1
174	1449
151	0
17	681
0	18
0	0
0	3
1	71
341	1
32	79
337	625
903	178
438	0
1726	2249
217	403
417	1188
87	103
0	0
214	49
43	1075
75	0
179	2
71	0
195	323
25	78
0	0
0	3
3	8
25	517
0	0
220	0
86	38
4	53
185	739
137	0
0	39
137	133
14	51
0	0
28	275
0	5
50	0
0	20
23	708
0	0
0	0
104	1
0	2
15	1
1	0
1387	592
130	12
0	0
0	74
7	8
24	650
0	0
0	0
29	3
73	93
0	51
2	1
189	0
149	0
0	4
175	1953
0	25
8	1828
0	0
0	0
0	122
0	0
294	0
0	11
207	1438
79	0
248	79
6	0
117	0
0	0
1	0
1	0
306	408
91	0
1308	902
940	0
773	2
11	75
164	411
521	352
139	19
0	0
0	0
0	0
0	0
0	0
644	20
0	0
0	0
0	2
2	0
1	2
433	202
3	0
112	85
21	3
655	0
255	0
4	77
2	109
232	1667
98	0
0	0
65	134
0	0
0	0
0	0
2	0
515	2269
57	0
20	0
25	27
40	0
0	4
0	0
14	0
29	0
81	4
38	0
1135	0
8	0
0	0
1	1034
17	0
99	3353
77	522
67	14
5117	820
0	0
0	0
177	3
60	90
228	7
2	3
34	13
16	15
0	0
0	0
0	0
0	0
17	890
0	0
310	0
474	75
419	68
100	38
4	0
565	3
150	1
322	74
2	0
0	0
0	0
0	0
2	0
0	0
199	1
0	2370
0	0
44	497
133	1308
802	18
7	1373
61	7
1173	1338
223	2
73	73
105	142
424	646
4	552
89	799
12	2983
36	44
11	365
0	3
11	0
8	13
61	0
68	12
3687	1
603	0
2636	47
0	1
914	961
173	566
33	86
55	375
126	36
395	5
173	1256
28	0
53	1180
4	0
21	51
129	166
26	1778
436	1902
22	64
52	34
8	2095
86	0
3	0
3	0
0	52
0	22
76	0
519	197
0	8
15	696
275	48
1	7
301	2
0	0
24	1385
0	0
6	0
382	0
61	0
0	20
142	667
6	0
106	0
1695	451
77	0
56	24
0	0
130	1
6	0
4	23
26	30
24	112
0	0
149	0
151	0
70	0
211	18
243	87
672	14
411	164
0	0
13	155
1	1
1	1
0	32
387	94
0	4
0	5
0	34
0	1
22	163
0	4
0	0
3	50
6360	361
0	0
0	0
0	0
0	207
1	0
17	0
1290	1186
0	0
0	112
607	106
23	58
2	0
357	0
831	0
0	0
5975	2
0	0
234	145
0	115
4189	390
528	0
1159	0
51	0
0	0
0	0
1	0
0	0
1	244
1	25
0	3
0	0
68	219
2454	10824
594	0
9069	0
0	0
21	14
9	148
3	30
0	2
203	0
659	0
14	1
0	0
0	13
58	141
0	0
61	102
592	0
3	63
0	0
69	1212
0	22
160	35
9688	0
70	0
0	0
0	1
0	0
118	2515
100	21
17	94
264	175
200	3
1	0
68	915
88	3112
166	56
0	0
674	0
0	0
25	31
0	138
43	3
0	0
0	0
0	0
5927	5003
243	4755
0	0
0	1
0	0
604	1
27	391
0	17
175	21
275	7
140	44
1803	52
52	0
341	46
77	9
1211	0
197	17
22	0
606	15
0	0
274	0
98	194
81	0
5	0
0	0
31	494
141	0
9	81
497	355
134	427
43	2029
4	1
26	11
226	515
63	0
63	3
24	250
6	54
8	1860
859	711
33	1785
0	6
40	0
60	9
153	39
195	400
1918	1
31	89
25	107
0	0
2	3
0	81
45	1623
17	346
5	67
0	79
4	19
19	362
16	1
178	9
2	109
278	437
110	0
985	52
274	0
0	0
300	178
232	3
104	0
380	0
21	3590
98	395
172	0
195	15
20	1
0	0
110	1867
8	40
7	102
0	9
0	0
0	0
196	1009
0	0
0	0
1	22
0	0
76	58
104	0
9	0
0	0
23	205
27	1081
25	114
959	798
0	16
58	571
1	2
89	0
127	46
14116	2000
2	82
5	114
0	5
31	22
128	112
572	35
25	175
0	6
247	712
38	0
1051	78
41	0
0	0
0	0
20	5
41	0
0	0
0	0
4	89
1	0
70	6
4	757
1	0
2	16
215	44
52	0
6	0
105	0
63	0
10	737
0	0
0	30
0	0
1	0
10	859
3314	119
20	398
57	0
141	0
65	0
1329	1182
14	22
0	0
88	8
35	2266
94	112
52	0
164	3585
0	13
27	692
4	21
367	271
837	0
162	129
6	1107
1529	0
295	50
0	0
25	0
276	240
161	609
137	0
0	0
0	0
29	90
139	1
157	182
131	61
168	17
58	20
73	226
259	127
197	1
34	0
9	51
0	0
0	11
0	13
12	1
1	2
107	38
0	44
1	0
0	0
25	12
5	2055
0	0
0	0
2	32
9	1174
0	8
0	0
0	0
6	13
0	0
0	0
1334	0
275	0
67	49
0	0
87	0
1	2
588	0
20	0
41	0
349	0
27	174
206	0
19	0
152	64
295	0
5989	0
6	1358
0	0
93	91
0	0
0	0
0	0
0	0
171	3
703	0
2761	0
98	0
122	0
888	13
0	0
9302	568
2038	1087
1395	1621
164	2
0	1
8	767
0	0
1	87
10	1
300	0
117	0
82	11
41	0
3292	0
21	0
49	118
77	188
0	0
0	101
7	33
0	10
112	0
6	6
426	28
9	780
0	8
10	3
10044	355
332	137
0	0
0	0
0	0
0	0
0	0
0	0
0	0
1	0
0	0
0	0
50	166
9	439
0	0
240	1934
344	698
13	0
107	0
928	0
461	72
9	2
1002	26
195	0
5	8
1535	96
593	0
52	4
2252	0
290	0
574	517
28	1929
89	0
120	0
5	29
0	0
12	0
1	94
80	89
3	0
1	16
127	364
2	1
2	1
0	0
1180	284
0	0
4	12
31	0
52	3
27	118
0	1
59	270
1860	107
41	188
0	0
0	0
1	2
48	441
0	1
146	58
37	0
272	0
1	4
0	11
0	0
2	0
336	87
0	0
119	22
31	195
0	9
0	0
12	6
56	0
173	6
241	1
376	1121
0	0
1	352
0	30
539	27
3	1
17	264
0	1
265	16
88	15
145	20
0	76
8	12
10	45
0	106
55	2
2	105
28	119
7	113
0	3
5	1632
0	81
1	11
15	2188
0	10
0	9
52	0
149	262
0	3
4	1067
0	0
45	123
13	11
0	0
0	58
101	257
0	0
2	0
42	637
7	532
12	4
0	0
0	0
51	328
9	173
0	0
0	0
0	0
0	0
0	0
0	0
44	102
6	9
190	381
629	0
369	0
0	0
36	0
40	0
4	8
115	5
16	0
10	54
69	17
36	14
0	0
138	1532
8	0
2	11
102	1344
0	0
3	0
0	2
6	58
23	1010
0	0
7	4
176	200
0	0
314	19
10	0
233	136
5	28
0	28
116	1025
5	322
1	3
8	6
5	8
1	576
16	162
909	41
26	0
237	0
378	5
0	0
2	0
2	22
22	1
0	10
16	160
72	0
144	282
8	4
35	5
431	101
18	0
0	0
0	414
0	0
9	0
3	0
11	8
165	6
106	1
89	0
94	480
434	0
89	91
112	126
86	22
0	0
2	36
0	0
0	2
0	79
117	562
163	2
252	36
219	0
225	14
22	147
2	17
0	0
33	0
162	1044
0	0
18	38
112	1730
0	0
1	0
0	512
189	1316
2	2
1	40
25	0
0	0
0	0
0	1032
31	32
0	4
0	21
0	0
21	9
114	1
10	0
0	16
0	52
119	452
250	0
70	5
310	0
39	0
16	0
577	1640
148	0
0	0
99	224
6	2
0	18
94	25
0	0
0	0
0	224
0	149
87	113
1	0
0	0
17	0
253	0
678	0
596	0
130	0
3	156
12	419
783	532
112	3
1	26
395	2
87	54
89	0
41	0
100	0
124	32
84	0
273	9
4	0
119	0
40	19
5	0
65	2846
15	127
125	559
44	21
131	224
114	1821
338	0
17	48
87	0
0	10
0	0
0	0
0	0
0	0
0	0
0	0
0	0
0	0
0	0
0	0
0	0
21	74
39	144
0	27
0	0
7	66
0	0
25	0
13	1
2	0
133	0
2	143
4	0
0	0
1722	90
0	4
747	0
188	0
0	416
0	57
105	3326
5	127
150	66
362	0
69	57
2	3
19	1
0	0
0	40
14	355
9	177
0	2
80	94
9	42
34	84
35	729
1	32
7	241
0	0
4	0
1	31
2131	83
221	43
18	113
158	604
356	5
715	12
246	59
52	14
389	928
0	0
783	0
73	200
181	52
7	26
16	41
129	5
0	1
73	580
2	0
3	0
0	0
1	0
347	43
1	0
58	27
0	0
405	0
104	6
80	0
21	6
0	0
0	0
0	0
61	275
4	0
29	0
0	7
1	0
32	13
0	11
0	16
0	0
0	0
36	0
1	0
8	784
19	0
2	296
94	42
161	0
702	0
1	0
2	0
0	0
21	0
0	0
3	0
3	691
0	0
0	0
387	29
8	1827
0	17
31	0
90	1620
469	25
80	31
22	4
42	32
1	305
0	0
9	406
32	0
32	93
37	1143
24	238
65	269
0	0
0	0
21	83
27	78
717	347
53	0
364	0
381	126
502	1161
7	0
6	0
3	30
6	0
0	0
1	196
1286	58
1574	11
763	0
63	0
2	0
2141	0
129	0
0	0
0	0
0	0
0	0
2	0
0	0
15	9
0	54
1	0
28	0
9	76
45	658
93	1
0	1
1	0
11	6
475	913
0	0
64	199
827	0
886	36
380	2973
0	3
1175	20
1	2
41	80
2	0
0	0
0	0
0	0
9	36
2	0
0	31
3	146
17	242
72	0
44	124
0	15
9	0
34	468
2	47
139	42
0	0
1133	4
87	130
441	1
0	18
0	22
11	0
75	99
3	15
0	1396
3	0
1	374
165	390
436	4
218	23
25	319
0	0
17	0
39	749
8	3
0	1
53	101
90	177
249	694
47	0
1	0
0	0
138	54
694	232
9	905
0	12
48	1452
0	211
1	150
394	31
0	22
36	1134
79	380
0	2
5	683
4	0
1040	0
148	897
187	459
42	2382
201	109
133	1101
7	1287
44	0
123	0
38	0
510	0
10	0
17	108
113	9
1	0
4	0
570	190
13	1
97	0
145	0
76	69
0	15
15	826
5311	3901
841	2
0	0
0	0
0	0
0	0
123	148
0	0
0	0
2	39
142	368
0	0
0	0
0	0
34	186
27	1
958	5
704	5
337	0
283	1248
409	0
210	60
27	7
1	3
0	6
717	1017
935	288
8	456
165	0
2	112
272	13
230	518
166	912
0	0
195	0
432	0
1438	26
176	0
2	14
131	2
0	0
2	0
0	0
146	45
265	0
182	3816
0	0
37	0
353	0
18	629
0	0
182	154
7	0
231	0
9	6
3	73
0	0
72	8
39	1474
10	167
0	0
0	0
10	5
7	26
0	0
0	0
0	0
0	0
51	0
0	13
443	0
467	7
17	268
36	31
8	136
4	3
0	0
18	0
0	0
18	529
26	4197
233	0
0	0
741	1185
79	1
202	30
197	0
217	3812
0	0
0	0
0	0
1245	0
157	0
5	3
0	0
69	2
7	590
0	0
0	0
0	9
83	212
6	5
75	954
15	126
0	5
0	696
0	1207
23	0
136	14
23	0
58	0
39	0
245	9
6	104
0	0
2603	1568
109	472
111	157
0	2
4	0
464	286
2	0
170	0
51	123
4	40
53	2364
139	310
9	0
1	0
0	14
0	2
288	60
265	960
144	18
43	0
83	86
45	1436
4	0
1	386
1	143
2	18
1484	52
274	0
90	22
12	0
0	0
2	392
588	54
26	176
236	726
96	2874
51	72
0	0
2	23
47	145
0	0
62102	6993
31	199
267	27
4	0
1	0
0	0
0	11
93	97
0	17
57	0
0	0
106	0
129	0
3	0
4	341
111	0
84	0
293	1
47	0
89	0
113	0
240	1
0	0
0	1
0	0
1	72
11	703
19	1440
0	0
41	8
0	0
240	0
200	342
129	94
891	383
292	0
175	121
267	0
6	21
3	0
1	177
1	32
34	89
86	440
4	111
205	4
0	0
21	0
3	565
4	25
24	1039
0	72
0	0
315	1907
365	77
221	0
4	172
7	141
42	1208
192	1468
1201	409
5	239
7	115
8	399
0	1
6	6
2	111
0	0
0	58
2	6
87	62
36	0
106	0
902	163
125	2
4	47
3	220
6	592
10	624
0	67
0	0
0	0
0	0
35	0
367	911
62	0
615	22
20	276
0	310
2	2
0	4
5	30
0	0
4	284
15	1681
137	184
0	21
1	48
0	4
0	0
218	2823
89	0
0	0
0	0
0	20
246	0
0	0
0	0
0	0
16	163
513	0
4899	1829
85	0
24	1416
637	4357
6	21
107	60
81	0
10	0
1	0
20	113
86	1158
1	0
556	6
120	8
102	472
1018	254
88	490
0	0
13	336
17	212
49	12
0	0
3908	157
44	12
0	12
13	5
2	0
15	1394
0	0
0	20
342	0
118	52
163	661
1132	0
96	0
4	13
4	7
317	0
185	1209
150	5
142	717
0	0
320	4
458	1317
8	701
1180	405
58	212
2	0
215	0
820	0
14	0
1	1
0	0
0	5
53	943
1	125
0	0
0	0
19213	210
6378	2
323	85
415	15
6	158
153	5
43	1449
4	40
19	57
1	0
5	0
105	1494
0	0
0	0
0	0
0	0
0	0
0	0
0	0
1	0
57	1
0	0
642	720
2	2216
0	8
34	8
43	29
17	614
14	0
5	1
179	404
30	6
4	2
9	60
20	301
113	171
108	24
4916	160
10	0
34	1
89	192
15	7
5	0
0	0
1	33
2	12
6	64
1	1
0	0
377	0
157	0
5	0
3	0
0	0
0	10
0	147
90	281
11	1806
16	48
1	25
124	0
7	0
3	1
2	105
7	0
0	0
0	0
18	1838
503	0
0	0
10	204
37	169
161	2
49	182
97	116
67	182
8	0
24	0
76	0
2	3
55	1576
55	0
3	0
129	201
383	48
1	18
166	733
244	52
2	566
0	31
18	0
174	165
73	0
35	1828
0	0
35	260
0	0
14	530
5	475
34	0
0	0
223	144
235	498
0	0
90	2
253	72
538	0
6	735
41	126
18	24
27	185
7	713
0	78
11	435
103	7
15	0
5	0
0	0
34	11
71	223
202	361
158	0
290	0
864	7
0	0
0	0
0	0
0	0
0	0
0	0
0	0
0	0
1656	917
1796	689
16	17
64	0
494	5
46	2
63	205
2	49
1	0
41	23
7	1
33	36
56	22
82	75
10	293
34	11
0	12
0	0
16	67
0	0
503	329
1	0
0	0
12	0
1	0
5	0
0	0
0	0
0	0
0	0
0	0
0	0
0	0
0	0
0	0
0	2
311	1417
939	0
106	137
88	81
1	0
34	0
156	1
0	0
773	0
5	0
0	0
39	2606
358	3099
4	152
31	730
126	20
0	0
111	2
347	1
133	0
9795	234
1	0
9	128
0	0
0	0
2	3
0	13
0	0
1	1
1	15
73	167
9	0
128	185
200	1328
54	488
273	0
87	41
2167	0
96	270
0	0
0	0
0	0
0	0
0	0
223	1
138	1
95	166
88	0
0	0
1873	0
9	0
0	0
30	239
0	12
1	19
23	945
0	665
0	0
29	0
108	0
5	8
41	332
22	300
1950	25
117	0
36	0
0	0
0	66
73	2193
0	0
135	481
0	19
353	0
280	0
56	0
8	97
0	401
16	681
0	1
0	0
0	0
15103	387
0	12
0	0
0	0
0	0
1214	0
1	17
260	0
112	47
141	440
167	0
2	1263
286	389
1	91
339	2416
160	2321
292	1933
3	0
0	0
0	0
393	43
44	24
4570	43
479	630
103	154
94	447
42	203
92	233
15	201
330	0
3270	42
429	396
10788	196
21	417
134	17
1	0
1245	144
1	0
13	98
18	0
27	209
0	0
12	639
22	4
0	66
0	46
0	53
36	578
1	141
122	766
10	141
0	0
0	54
4	32
0	0
10	618
18	1851
30	553
2	7
13	0
0	596
1	0
96	295
20	43
0	0
50	2509
0	0
0	4
58	377
10	87
236	0
24	367
8	851
789	26
0	0
0	0
261	1189
126	0
12	0
0	0
0	26
10	114
125	4
15	177
19	609
141	0
132	1004
0	21
0	62
0	0
0	0
1	45
247	163
13	11
203	83
437	149
6	0
2	4
1	2
48	25
64	312
498	424
10	7
2	93
1719	259
6	18
0	0
0	81
1	1
4	1
150	1269
1	99
8	1121
11	1
0	301
0	0
1	0
0	0
1314	95
0	0
10	1074
211	107
19	542
297	57
247	50
431	1
109	0
13	0
123	36
329	18
164	440
135	38
0	0
142	15
124	0
2397	0
0	0
439	164
87	2
0	0
2	29
941	19
88	496
20	98
54	0
1	1
0	3
109	1411
84	0
236	2137
49	166
0	0
120	0
33	0
925	787
164	54
0	58
0	5
66	0
209	1
815	205
4	0
0	0
5	1439
6	4
6	1225
54	189
219	14
2061	2431
34	89
1	0
0	0
2	0
10	0
3	0
961	3
101	0
3	612
0	0
44	0
7	28
2	0
30	154
0	2
0	7
0	0
0	0
4	26
1	46
272	0
34	169
166	0
40	1166
28	0
129	9
59	1021
1	20
0	0
2153	0
54	0
2	1
0	0
15	137
0	25
0	0
5	12
0	0
2	80
101	2376
7	15
6	97
0	0
0	0
102	485
68	20
11	520
161	0
4878	0
38	0
14167	384
111	439
3	0
1	0
141	51
102	8
70	40
94	47
420	1
769	159
169	0
725	0
52	75
42	0
9	6
34	38
614	0
86	0
56	12
119	2
1	0
2	0
59	1032
635	26
16	13
61	12
17	13
0	0
0	39808
4	0
1	0
5	0
2	1
18	486
2	281
3	50
0	0
0	0
0	0
0	0
1	0
101	0
107	175
106	18
335	361
130	3
377	0
0	0
19	378
10	545
4	0
35	325
0	0
4	1192
0	0
2	49
11	105
1	59
2	0
95	476
17	740
0	0
0	0
0	55
141	1336
0	2
5	204
0	8
147	77
2901	15
72	1
0	0
7	0
6	31
120	4
1	3
0	34
0	0
1	438
0	0
12	5
0	0
0	0
0	0
15	184
13	0
712	1191
0	0
31	0
342	0
0	0
0	0
1	0
19	16
0	12
61	543
0	0
1	0
2	0
0	0
0	0
5	11
0	41
90	218
119	0
0	0
74	22
28	59
77	47
0	0
0	0
1	111
560	0
535	100
9	29
29	1
0	0
50	97
0	0
0	55
0	0
2	43
11	1565
0	205
23	128
0	0
204	0
512	1
123	129
19	63
1	2
0	0
3	0
58	23
1	0
14	4
0	0
114	35
8	748
176	422
109	39
7	4
188	656
70	1247
7	18
2351	39
0	16
4	0
0	0
0	0
0	0
0	0
0	0
0	0
0	0
0	0
0	0
0	0
1	10
46	3503
2180	72
0	0
171	627
1	10
53	0
398	0
169	3323
3	6
0	0
157	0
28	23
1	0
1050	926
164	500
67	60
40	69
746	1527
0	0
59	0
0	0
454	154
1	10
0	0
3	148
1	249
5	0
60	3
146	1731
0	0
0	0
0	0
0	16
4499	127
0	0
0	2
53	57
4	0
1	0
140	371
7566	827
169	0
4	0
1	15
12	50
6	760
6	11
2	0
29	50
38	310
368	282
0	0
0	0
27	3
44	0
55	0
557	693
0	0
0	0
0	22
0	19
0	38
53	6
13	0
20	93
71	0
0	0
2	0
28	1826
537	27
49	985
1	581
0	0
0	0
3	0
0	0
323	0
58	3
31	476
0	0
0	0
6	46
0	0
0	0
0	0
0	1
0	23
0	0
1	1
0	0
106	712
39	5
183	7
2	1
15	32
4	0
0	0
1	0
56	3
6	111
204	173
40	477
247	262
6	7
1363	0
4	2
13	29
49	599
5	10
802	1378
167	1
334	0
82	49
1607	0
0	0
109	0
0	13
20	34
108	0
0	0
0	0
0	0
0	0
0	0
0	51
0	0
4	4
22	422
18	0
5	4
0	0
2	3
0	0
59	6
0	613
237	0
80	605
23	0
0	0
0	0
3	75
0	0
2	5
18	347
362	18
258	132
0	17
11	135
13	854
34	12
48	18
2	0
0	0
55	6
0	0
0	0
1	1
7	1126
71	519
12	109
20	26
47	0
369	418
0	21
2	1
1	0
114	0
0	0
0	0
5	0
171	30
7	38
1	54
0	117
3	18
4	1
31	85
0	2
1	0
1	75
1	0
2	22
41	472
0	942
7	372
8	223
49	1967
74	377
52	243
27	235
9972	0
1127	1437
4	1
2	0
0	0
138	1
168	658
13	854
11	48
11	0
140	0
23	0
238	40
8	373
1	0
0	0
181	0
533	2195
0	0
1	0
1	469
2	0
1005	0
0	0
24	0
2	0
135	367
294	0
68	267
52	34
266	0
473	0
32	497
2	5
0	0
16	4
12	2
0	0
0	0
0	0
61	1
0	252
8	0
63	0
266	0
63	1
8	0
0	18
0	2
262	0
2150	0
85	6
0	0
609	0
7	0
572	1
70	113
35	34
0	4
0	16
268	0
97	0
274	53
677	2348
4	21
0	0
37	68
160	29
287	142
99	375
0	19
0	0
0	0
8	32
3	10
9	1
1	6
151	300
0	0
5	377
396	595
0	0
21	3
292	10
5	0
69	6
1	0
27	0
2	3
32	8
0	0
75	1449
76	0
116	0
213	0
55	0
521	0
163	0
38	0
14	0
12	0
1	29
0	139
58	55
217	1
23	0
143	0
0	53
2	52
307	17
0	128
0	1
29	2405
2	2
0	0
7	8
0	0
0	0
3	0
9	594
102	21
1	60
61	135
0	1798
7	39
0	22
1	17
0	0
66	374
11	0
114	0
58	0
151	232
9	18
0	0
185	2642
31	209
2	0
0	92
14	26
1	20
58	0
12	53
0	1
65	18
417	980
24	611
6	199
268	370
0	0
77	166
154	204
0	0
3	1
36	0
161	401
274	592
74	0
78	0
304	19
358	19
54	0
831	52
17	0
80	374
996	59
118	0
0	0
2	0
24	0
0	464
81	0
138	15
5758	0
3	119
0	0
0	1
25	0
2	67
11	245
38	4555
2	31
2	226
15	485
1	16
5	9
0	15
0	0
0	0
0	3
0	0
249	300
100	13
576	16
98	2
32	0
0	0
0	0
156	1
0	0
447	21
231	9
202	126
1	3
12	0
35	2968
580	79
145	778
46	166
0	5
19	30
0	0
0	0
18	544
59	251
72	494
3	23
3	28
0	12
21	3
0	0
5	552
0	24
215	38
163	446
0	4
103	2119
596	629
6656	2
137	0
220	54
490	1
4	10
0	0
214	487
159	4
46	0
58	14
40	1074
12	524
485	5
83	335
8293	2150
12	571
289	3
110	0
942	4
177	25
496	0
275	0
0	3
0	0
243	2816
17	586
49	0
96	158
2374	178
2297	165
74	1
39	900
1	0
4	2221
14	0
172	36
2	8
6	13
8	0
1	0
0	5
0	0
0	0
0	0
0	0
0	0
177	271
0	0
0	0
14	30
261	417
421	0
43	21
6	1789
23	48
0	0
61	0
0	0
0	1
4	0
132	21
61	0
10	12
863	0
86	13
7799	0
4	21
0	0
4	0
195	469
0	0
0	0
0	6
2	34
0	0
0	0
3	4
1	2
41	200
8	28
847	800
7	25
0	0
0	128
1	60
0	0
0	0
14	0
74	232
0	12
0	14
8	2
0	0
0	0
31	0
26	0
0	0
8	0
194	1
4958	926
0	17
0	0
5	11
271	546
0	784
4	5
0	0
225	108
87	101
72	116
242	363
84	1
3	103
52	2
107	0
5	868
4	0
6	0
237	609
4	0
66	0
4744	196
220	63
0	8
152	17
853	0
11	0
87	0
2259	135
0	0
11	0
0	0
8	31
28	2
34	13
4	2
304	43
70	390
3	0
12	8
4	0
21	9
1	0
2	0
19	117
549	22
62	27
28	44
24	91
0	7
18	278
0	0
0	0
1	51
4	1980
6	0
186	64
1	69
0	65
0	330
4	0
1	1
2	4
125	187
481	0
215	0
153	446
11	0
0	0
0	0
115	2500
0	0
50	83
187	718
1067	753
166	98
67	1376
14	15
0	0
0	0
0	4
1	0
3	20
0	0
0	0
0	0
16	157
0	2
25	3406
0	0
0	0
107	39
277	872
157	0
61	18
0	6
120	257
0	30
339	198
125	10
31	101
80	1285
0	0
0	5
3	29
681	86
53	0
20	181
937	420
3	1
0	18
1	0
28	0
136	0
12	1417
3	194
0	0
0	0
0	0
0	45
36154	1
64	0
396	50
3	0
2	0
31	0
3557	0
300	3
0	0
0	93
517	1
0	0
243	696
64	346
115	3
2158	207
22	36
5	477
493	74
7544	2090
7247	2090
32	417
2	36
25	324
4	246
3	458
2	70
64	1
0	0
0	0
0	0
0	0
0	2
87	58
810	1
103	463
350	447
1	0
281	37
170	0
100	0
45	2146
186	323
29	0
15	0
76	74
240	104
894	14
3	116
69	0
1287	156
15	46
4	95
4	0
28	51
0	5
752	0
0	0
0	0
0	0
0	38
6	0
43	2317
4	202
1923	343
404	0
56	0
1206	0
278	1425
651	1
0	0
14	27
156	538
0	0
733	109
43	0
0	0
0	56
1	6
609	783
2	179
1202	1424
7	0
76	209
12	0
16	0
16	0
10	0
10	0
79	285
30	0
133	1
21	0
2	0
0	34
60	22
9	98
83	2
204	12
54	133
269	83
74	180
81	0
63	20
112	17
87	142
7452	0
4493	0
25	4
4	0
275	0
28	0
2	0
32	0
0	0
0	0
220	310
41	240
87	73
5	0
5	730
5	2431
35	1611
28	222
293	2092
72	0
19	21
138	206
57	1931
1	1
1	213
3	132
79	9
5	0
4	0
5213	0
14366	30
792	168
1190	151
0	20
3	31
51	0
307	118
20	0
5	60
30	0
0	0
30	0
0	0
0	0
0	0
158	0
341	0
75	75
13	0
2	45
551	18
44	0
93	1356
3	20
1713	0
957	1
145	0
284	3
1	0
0	0
102	0
2	8
0	35
0	0
7	12
0	0
6	7
61	0
90	0
133	0
325	558
403	41
14	0
21	4
1	0
8	0
0	0
0	0
125	185
103	0
313	1426
4	189
53	74
0	0
200	802
23	4
320	536
61	0
285	24
14	0
0	0
3	0
1	0
1	0
52	95
310	627
111	149
12	1278
383	18
2776	2578
120	3
293	3
138	327
95	0
391	6
0	0
562	14
650	0
0	3
0	0
0	0
0	0
0	0
0	0
57	5
1107	0
1004	0
21	428
1870	660
55	11
396	40
26	59
3	179
0	0
9	469
0	0
16	335
1694	1556
5	94
4	0
301	1186
142	0
0	0
11	104
0	0
10	578
172	1442
21	205
59	51
0	0
0	0
3	0
58	347
532	232
95	3
21	0
0	0
106	42
798	0
15	0
0	0
93	27
139	2
154	118
462	2216
51	0
288	30
226	267
108	13
0	1
80	90
9	38
28	0
142	0
2	49
0	0
0	0
6023	4
61	0
8	191
0	0
0	0
61	845
15	0
0	1
0	53
1	0
42	23
111	27
0	0
92	335
6821	0
208	3404
0	0
155	191
693	45
155	40
5	0
1771	4
71	14
77	2161
25	0
15	173
224	97
3	0
98	70
85	103
18	4
89	4
8	0
17	0
37	1
13	0
5	0
31	0
2	1
5	0
1	0
8	137
57	0
0	0
0	0
190	2888
211	1974
12	485
512	12
1	0
363	6
3	49
35	0
137	36
0	0
63	368
4	0
0	0
0	0
2	88
6	2051
2	242
14	0
0	0
1	41
167	0
17	0
8	0
15	0
0	3
0	0
47	47
311	624
13	43
1	0
264	3
0	0
180	1
379	5
395	1414
15	11
1259	0
124	0
28868	1
40	0
77	8
47	0
548	0
72	0
6	0
2	227
48	179
0	30
18	345
16	53
0	0
2	2
18	2
7	269
41	598
2	0
15	74
9	0
46	148
33	1726
99	0
246	56
37	316
48	22
2	344
79	549
27	0
198	265
0	0
29	1
0	1
0	0
0	0
41	2
0	0
0	0
0	7
0	0
0	2
8	120
216	1
1	156
269	1462
0	90
628	0
287	95
117	0
107	166
1	48
23	66
4	0
39	5
484	337
33	0
422	0
0	16
132	480
40	391
7	133
1	7
28	43
13	37
8	29
0	0
0	0
568	750
141	172
12	103
0	0
8	482
0	2
932	164
0	0
12	929
6	523
21	86
17	227
28	938
1563	294
0	0
22	237
0	0
41	109
25	0
253	0
7001	26
0	1
0	0
0	0
23	0
24	857
0	0
10	841
57	458
35	7
297	192
137	43
0	1
948	1575
88414	75
208	2
63	2454
0	7
210	474
19	13
0	13
0	5
0	44
4	2095
12	137
0	0
6	0
13	0
0	0
3756	624
1	282
36	0
39	225
64	0
3	0
2	0
4	48
6	4
31	44
97	0
67	0
424	496
346	2012
0	0
287	6
306	6
269	0
3	0
0	60
0	0
1	36
12	0
468	0
4	16
145	0
44	267
4	631
142	1
35	0
101	2
37	686
3	98
25	6
2533	0
16	194
7	644
75	0
281	0
148	166
385	79
54	155
265	0
0	0
33	107
0	0
2	0
9	9
0	17
166	2
29	82
0	0
10	4
50	720
0	0
18	0
68	3501
0	0
0	0
5	218
1	3
46	0
111	0
198	172
1189	743
69	163
209	77
0	0
100	0
5	0
9	73
4	0
1263	1
231	0
257	0
107	0
3	49
0	0
146	0
1370	74
1481	195
61	148
4	1
721	76
13	0
99	0
0	0
0	0
0	0
2923	783
0	532
0	0
0	0
1	24
0	15
101	1504
1	2
0	79
243	1077
40	123
1513	0
39	221
0	0
2	3
0	1
1	846
0	6
0	0
4	969
0	0
279	0
0	0
0	0
0	0
154	175
2	49
105	251
530	13
161	0
9	52
170	12
0	2
187	1112
0	0
0	0
148	5
0	0
0	2
3	107
0	0
0	0
0	0
0	33
0	0
6	0
13	638
178	7
2	9
118	29
71	0
0	0
61	5
0	0
0	0
64	5
4	3
45	0
57	12
31	412
13	0
20	12
79	2895
0	7
16	0
0	0
22	0
17	141
0	0
0	0
0	0
0	0
1	0
0	0
0	0
9	0
0	0
20	0
180	2736
28	817
0	0
33	307
939	73
896	0
140	4
122	2
104	14
0	0
951	0
307	401
413	43
0	27
271	577
1	1
38	140
16	64
51	0
100	0
121	48
0	0
1	86
1	19
27	83
0	10
0	182
0	10
44	2478
31	77
0	0
3	102
0	0
27	0
221	29
54	182
43	40
153	3854
9	17
3	16
206	620
27	798
5	1
8	240
2	0
0	0
0	0
0	72
0	0
1	0
0	0
219	436
0	0
0	1
0	52
0	52
0	0
0	0
525	683
25	1
42	318
109	2508
13	10
0	155
0	0
37	6
651	1
0	0
15	0
76	2496
0	0
5	1672
63	34
147	67
176	53
0	0
407	0
20	447
33	438
2	1047
1	0
3	1
12	366
10	0
1043	1
0	0
4598	250
0	2
1	14
350	1
410	0
0	0
14	2
263	204
171	585
0	10
0	0
212	0
1873	0
218	1014
4	43
1	75
497	58
53	0
5	46
1	0
9	0
0	0
4	0
2	17
0	0
9	970
2	0
0	0
14	430
0	0
65	1
43	195
5	84
0	0
76	1
36	3
41	378
35	0
12	39
0	0
5	7
0	184
43	28
47	264
0	0
567	392
61	17
1031	491
102	0
242	107
0	0
0	0
65	587
12	249
0	151
0	0
7	9
5	12
3	19
26	28
0	16
0	0
4	0
0	0
120	0
9	0
0	0
121	0
2877	93
0	0
249	97
17347	0
767	0
830	154
0	99
222	0
151	0
0	0
2	370
4	5
0	0
3	96
4	135
9	164
1025	120
6	8
0	24
134	1
0	0
13	171
153	688
6	444
15	18
69	118
51	0
0	0
0	3
53	376
85	7
0	0
49	584
1	41
0	0
4	0
0	0
36	0
5	0
678	118
156	3943
21	140
0	0
1244	12
210	363
165	0
567	0
0	0
14	438
34	1405
0	0
40	0
7	0
0	0
59	61
554	538
204	125
321	226
1198	0
0	0
138	0
89	51
24	21
0	15
0	0
5	7
153	1216
221	54
3008	189
27	865
6	436
97	138
2	0
24	142
2	0
10	0
0	0
0	0
0	89
0	0
1	0
0	0
1	2
574	3
675	15
616	4
0	0
0	0
531	3
432	887
121	0
105	2651
572	0
105	0
0	4
0	0
0	25
0	0
0	0
96	2
1238	19
684	0
1486	0
2	0
2	0
378	0
1	0
2	0
0	0
0	0
75	0
0	0
11	14
7	88
45	2772
18	73
430	0
1	157
7	14
1	420
0	0
63	74
6	11
0	0
0	0
0	0
24	4
178425	158
12626	153
0	0
0	0
33	71
0	0
262	976
102	133
27	112
32	1469
271	0
63	0
775	518
0	0
0	23
194	34
8	0
18	192
1	0
0	0
0	28
49	92
72	512
44	1167
205	88
4	0
0	0
0	0
2	0
0	2
0	0
0	0
0	198
399	186
3542	0
18	4
243	133
13	55
0	0
8	41
9	7
7	0
1258	0
4	7
0	0
17248	2281
2	159
17	329
0	1016
0	0
0	0
0	24
0	0
0	0
74	1092
3	193
0	24
0	27
0	0
0	0
0	0
45	17
22	259
6	136
0	0
2	0
0	1827
0	0
21	74
10	317
0	0
32	2108
2	3
2	24
0	0
3	0
2	0
0	0
0	0
7	95
0	1
0	4
233	0
139	193
6	20
1	32
108	1275
97	108
1	74
7	15
0	11
59	147
0	2
2	0
0	5
10	250
59	0
0	653
17	0
8	32
0	1624
0	7
0	0
0	0
131	4
0	0
1155	163
18	1823
0	0
0	0
1	0
0	0
51	7
118	336
10	6
17	0
37	0
0	0
48	53
65	0
0	0
19	0
1009	1021
57	0
69	45
0	0
1	38
0	0
4	0
0	0
3	153
111	83
22	0
3	330
0	0
10	6
1	9
0	44
106	187
0	0
3	18
53	0
399	0
42	6
188	42
0	0
0	0
0	0
307	0
6	1631
326	84
3	110
395	7
152	0
103	1
43	3532
0	44
206	12
319	124
0	0
4	0
109	2209
391	495
0	0
0	0
14	17
1	0
191	2032
125	5
31	144
12	171
0	0
0	0
133	225
0	0
0	0
0	9
0	0
34	261
272	0
149	0
513	0
17	0
0	0
138	345
0	0
3151	14
293	390
2	224
0	3
67	14
10	37
4	518
485	631
262	32
160	599
1963	0
80	1
25	18
3	1971
0	0
0	31
0	2
2	34
4	0
2008	11
276	95
335	1
52	0
87	0
30	41
0	0
1	0
4	0
0	0
0	0
0	0
35	0
60	0
0	0
1	18
3	0
641	18
425	4
1452	2823
36	0
647	2836
50	46
244	36
265	4145
14	0
2144	0
66	26
2206	0
2527	81
0	0
5601	81
4	0
18	37
37	13
63	6
0	6
0	29
2	0
13	74
1	24
25	0
178	357
397	297
1	55
0	99
201	28
14	753
1	1
47	0
15	58
232	0
31	9
8	70
1	0
0	0
0	0
0	13
1	2
20	500
4	1
6	2
0	0
102	1686
273	0
76	0
137	8
165	0
226	0
683	122
294	0
24	0
14	0
71	0
57	0
0	0
0	0
1	0
14	7
425	6
81	0
518	0
167	0
6	0
408	0
776	331
247	0
185	0
235	4068
1	21
188	0
0	0
20	6
33	10
8	327
2707	2
675	1977
122	116
33	312
76	1028
0	0
0	0
0	0
0	0
0	0
4	232
1	18
69	2
1080	0
78	0
7	0
2	0
39	0
19	29
16	43
35	11
223	62
8	0
718	7
7	19
0	15
2	0
3	491
50	81
3	41
0	297
14	1
133	0
0	40
0	12
0	20
467	34
128	62
279	275
76	0
0	0
35	593
2	6
5	200
6	0
113	0
1423	0
77	296
3	44
707	87
237	0
107	143
1	0
22	1
162	36
3	0
8	339
254	0
217	45
0	798
3	44
4	3
10	0
0	0
0	0
2	0
3	311
624	584
6	0
0	0
0	0
133	11
154	0
15	0
85	24
0	0
238	669
200	2
10506	492
14566	1
676	1
4	1
48	112
208	376
279	2
108	0
361	0
271	0
13	172
91	0
158	8
182	313
2	0
2	121
2	230
0	0
3	0
1237	64
9	0
623	382
386	80
97	4
49	0
0	0
138	451
88	0
51	959
240	0
13	485
0	0
15	12
0	0
0	0
0	0
0	0
34	0
3	3
23	29
507	0
4	201
6	95
0	0
2	7
0	0
0	0
5	1
0	0
318	147
200	38
30	0
0	0
42	490
542	1368
0	0
11	119
0	0
0	0
0	0
2	96
5	76
0	0
0	0
127	0
526	0
85	444
7	0
17	84
1	0
55	3
0	0
3	0
255	0
0	3
94	0
0	0
2	0
0	46
167	1390
0	0
46	152
0	0
0	0
2	0
0	0
684	563
1	117
0	0
3	0
51	1992
20	0
7	158
0	0
53	0
17	0
325	0
5	289
0	32
149	1642
160	0
4	108
127	0
4	0
58	2330
0	5
1160	0
14	499
0	0
15	0
0	0
500	1086
272	636
165	74
59	1031
22	854
92	785
343	118
2	0
0	0
42	383
16	4
0	0
143	8
629	0
4	215
131	95
1	49
493	305
92	27
8	93
0	13
10	14
2	103
12	1
0	0
6	0
11	0
886	230
860	30
457	0
117	0
100	3
98	477
2561	1123
3	20
1	72
7	0
67	28
102	704
0	113
0	0
4	0
0	0
301	28
82	95
26	0
73	674
85	0
0	0
389	2
0	16
22	0
0	4
20	155
0	72
54	210
2	10
16	118
70	55
33	619
187	0
12	1929
0	85
0	0
0	0
3	0
117	0
0	0
1	0
4	13
258	0
1	0
5	0
163	1
585	0
287	0
190	0
132	0
117	0
140	11
229	468
214	169
0	1
468	0
29	0
4	0
2	0
2	0
165	94
153	414
11	109
155	167
7	59
0	0
1926	1296
68	0
285	136
168	0
107	171
0	0
10	10
0	0
103	0
510	36
0	179
25	0
7	423
376	12
0	0
0	0
18	193
0	0
0	21
9	1
0	0
123	1065
0	0
19	65
103	13
5	324
8	14
0	9
1	12
0	1
16	207
1	1
0	0
38	12
109	329
0	13
1	1647
2	1
3	0
5	2
443	1
9	13
0	0
50	179
92	941
0	0
572	55
8	0
0	1
19	420
0	0
5	4
699	744
0	0
0	0
13	109
17	638
288	460
0	0
37	0
117	39
51	1532
33	10
11	702
0	0
247	2822
29	0
1	0
149	2184
0	0
63	0
6	0
57	0
0	0
1	0
4	480
1	1
5	0
50	528
511	276
908	0
0	0
0	0
12	19
8	14
105	144
0	0
0	43
0	1
0	0
0	1
12	127
7	0
111	234
0	0
30	0
75	66
3180	1
1295	139
1	0
3	82
9	245
0	0
0	0
147	3
68	21
3577	0
21	0
714	843
27	0
3	0
499	2135
290	22
211	11
20	0
5	157
128	52
2	3
0	0
0	0
1	0
133	12
38	0
116	2192
89	1
22	699
80	0
24	470
287	1024
4	2
376	192
1	2
0	2
37	2
6	491
0	0
0	0
234	2
103	192
171	87
0	4
0	7
8	132
0	12
77	395
0	0
0	5
0	0
3	2
9	10
101	0
194	267
1485	15
696	146
0	0
0	0
2	0
53	0
132	0
121	2490
7	0
408	0
0	68
39	130
0	0
0	0
121	740
605	0
1119	0
591	0
0	0
23	0
1565	3
0	0
0	43
0	7
275	2
31	1687
3	0
175	36
4	25
229	156
74	2
340	413
48	2
0	0
0	3
150	39
1	35
96	0
74	31
15	0
426	0
336	2078
7	0
414	9
1	54
0	0
0	0
38	35
0	0
87	153
2	0
44	0
185	0
170	0
410	223
446	227
87	0
305	35
1249	1
1144	1
244	68
43	27
63	0
371	137
155	28
33	0
22	16
181	2
7	285
111	0
48	35
2	13
0	0
0	0
0	12
4	4
4	323
0	0
3	0
825	1447
189	0
392	114
54	166
18	28
237	306
8	123
2913	0
0	56
3264	113
132	0
0	0
33	0
333	0
0	0
0	0
23	125
3	18
0	0
0	0
2	39
8	828
3	1
83	73
135	224
488	40
0	0
12	0
329	605
1	957
0	0
1	856
0	20
0	24
1	0
0	0
0	0
1	0
12	15
8	0
2	0
0	0
0	0
0	2
2	1
0	0
3	0
1	56
11	0
4	1
1	131
35	167
28	12
54	1408
0	1025
0	0
0	2
2	344
5	136
0	17
5	0
735	1
0	0
2	2
220	0
68	0
335	174
16	3
123	174
0	0
110	0
111	106
291	7
27	35
6	420
0	0
1770	227
3	286
1	0
1	0
0	0
1	84
131	173
71	874
148	0
870	0
33	0
0	0
690	1128
0	5
0	6
28	225
0	2
477	201
0	0
181	403
16	20
60	159
93	3
7	94
5	467
27	183
0	6
9	178
18	3
0	0
199	0
16	48
0	2
0	0
85	0
0	0
0	0
2583	125
118	24
28	0
1640	0
248	0
390	804
62	0
1	0
139	10
0	377
1	0
6	72
2	0
570	0
0	0
0	190
0	0
4	1028
0	0
0	0
1344	477
80	0
97	0
13	0
63	21
0	0
236	169
334	61
0	1247
113	333
0	45
9	4
0	24
189	355
693	299
29561	1
122	434
36	1
6	91
46	140
21	86
0	4
48	2753
3	38
5	1281
1	19
63	101
342	258
0	0
1226	0
3	28
0	587
77	1810
303	0
414	162
103	0
76	35
164	44
85	99
1	2455
3	8
0	0
10	52
0	0
1	0
162	179
16	0
0	9
94	559
69	232
0	0
0	28
51	41
18	1833
0	0
0	16
0	231
120	197
0	29
0	0
1	0
418	369
84	0
71	0
83	0
6	8
375	14
38	12
44	268
21	9
50	124
0	0
0	8
2	8
1	13
0	1
3	139
10	406
98	2
219	1
20	400
176	1
51	1886
319	0
396	1539
1	37
0	0
1	0
6	839
2	266
16	1886
0	0
0	0
30	0
58	289
357	5
7	222
1611	0
25	33
139	5
175	100
20	0
479	691
19	460
43	174
455	620
126	324
8	822
396	0
27	353
0	5
0	445
5	68
49	76
13	84
0	15
108	5930
1	0
1107	108
1392	1224
126	124
66	412
960	3841
217	13
41	810
59	0
238	250
46	39
0	4
0	0
2	0
3	0
3	0
51	125
0	22
0	10
0	19
2	125
0	0
0	0
5	345
5	71
695	47
954	166
5	0
0	0
244	422
5	0
7	1
0	0
3	35
4	56
0	133
0	0
0	189
0	0
0	0
0	29
238	0
661	198
95	62
5	96
95	15
18	16
0	0
2	92
728	369
5457	38
0	0
1	0
0	0
2	0
63	0
223	0
398	2
512	541
63	58
437	323
95	0
44	1
28	0
11	2777
2964	178
96	601
24	0
46	1374
26	58
15	24
24	138
41	339
2	0
52	57
25	7
3	0
102	109
6	0
4	0
19	36
338	38
329	231
0	0
156	1980
13	30
165	0
29	0
12	1352
140	382
129	3
1063	0
208	30
90	9
3	627
64	0
16	134
2	1
2	24
0	0
2	0
1	1124
2	3
5	26
41	1313
19	126
88	18
0	5
60	14
18	9
3848	0
0	3
9	0
0	0
996	14
81	0
167	41
159	33
14	436
18	456
0	0
0	55
3	5
2821	901
6520	5
1	0
12	0
0	0
72	26
0	0
1	0
273	630
0	30
2	0
0	2
7	87
0	0
244	0
86	378
147	15
6	1
49	233
7	25
2	184
0	0
0	0
133	0
14	83
0	36
21	0
0	0
22	86
6	70
5	72
203	1533
33	0
1	306
59	2124
0	0
168	4
84	0
345	258
9	9
305	31
54	0
0	3
2	0
0	0
1	0
0	0
1	0
33	204
103	116
157	145
213	189
0	5
0	0
0	5
1	414
172	42
1	0
3293	0
1	38
1	0
5241	1233
168	0
330	529
892	1105
388	226
0	0
10	164
0	0
0	0
0	0
0	0
27	31
0	0
0	2
1140	3798
0	26
738	1421
147	59
19	123
28	138
21	207
130	650
21	0
97	1616
38	0
76	3
8	43
16	211
5	608
0	0
0	0
0	0
0	0
20	0
15	0
0	0
0	0
2	0
0	0
64	1333
4	0
224	11
76	239
15	2045
1666	185
864	1037
0	55
109	0
23	97
4	5
26	36
0	117
0	0
1	7
0	0
135	1224
391	429
58	165
214	85
168	0
22	2235
214	3
98	22
6	32
1	0
0	0
0	2215
0	0
1	0
12	0
9	72
22	788
10	49
0	374
1	0
7	24
2	1
13	19
0	0
0	0
0	0
657	0
0	0
1	0
3	0
207	212
0	0
1	0
7	3
50	1325
2874	0
95	25
211	63
360	0
30	0
7	0
221	0
1293	0
274	22
0	33
0	0
0	0
3	0
2	0
7	0
11	0
0	0
0	0
0	0
19	489
0	224
217	346
7	0
4	0
0	0
8	323
0	0
0	57
37	0
0	0
1	1382
105	529
0	0
2	169
70	106
3	2
9	613
120	0
147	384
492	1624
0	1
0	0
1	0
0	0
231	38
195	544
593	151
458	0
11	229
16	400
110	0
474	222
22	57
0	0
760	122
182	119
1637	12
110	0
177	170
9	989
37	0
38	11
55	195
863	0
329	766
182	0
619	1358
72	0
7	22
10	27
4	431
1	0
0	0
0	5
0	1
530	376
0	4
155	128
4	100
13	338
0	19
0	7
12	483
11	76
14	12
0	0
10572	410
0	0
0	0
0	0
0	2
101	1099
0	45
1099	0
186	247
17	0
0	0
450	419
1	800
0	0
0	0
0	36
0	31
37	376
215	97
153	512
31	0
12	3135
0	0
45	4
14	0
0	0
13	15
120	21
152	0
78	1019
142	0
64	0
0	0
2	0
0	0
13	337
4	0
18	0
17	1
114	132
262	1300
529	0
130	12
0	0
107	0
252	36
158	0
151	18
43	0
58	0
15	0
749	863
0	0
0	0
5	177
2	0
0	0
277	6
0	0
240	71
100	65
64	1125
6	31
56	0
0	2005
1	76
0	0
45	0
234	26
0	0
0	0
492	13
20	0
4	11
2	0
18	0
221	1349
0	0
19	201
17	0
2	1210
7	1510
9	834
258	1205
34	1807
56	434
0	0
1	148
48	448
848	362
0	0
0	0
2	0
0	0
0	0
0	0
72	5
0	0
0	0
0	0
12	85
12	3169
0	0
0	9
6	154
6	72
9	73
20	154
23	234
0	0
168	97
0	0
0	0
16	147
0	0
0	0
0	240
317	58
1	51
9	1
0	0
0	0
263	54
1	0
1	1
0	0
48	281
1901	184
121	644
130	245
39	0
0	0
18	2026
7	976
50	1489
202	127
35	0
62	0
115	0
24	480
224	22
63	0
0	0
2	0
33	10
51	0
48	0
54	68
4	3
0	3
30	0
44	0
2	0
0	0
66	2
23	0
6	0
75	1
5	0
39	0
8	0
7	0
0	13
4	0
0	77
3	12
2	54
8	54
0	13
61	34
44	147
1306	1
427	1
202	2
21	51
89	65
120	0
206	138
227	189
0	0
0	22
127	239
15	0
796	0
0	0
354	0
0	0
8	0
0	0
0	0
0	0
0	0
414	0
1013	280
0	0
0	0
0	0
0	9
698	1746
23	0
73	0
0	0
503	3036
308	50
50	10
0	0
61	772
341	2216
0	0
87	429
154	55
146	38
174	61
81	4
24	0
2	32
0	2
0	37
0	49
21	244
45	70
1	31
0	97
14	3
20	13
100	0
116	117
0	0
138	21
209	21
47	35
244	35
349	16
29	545
3508	1
64	1650
26	133
72	129
0	0
2	0
188	999
0	0
2	0
5	0
0	0
2	264
16	93
0	0
1	79
1	11
0	0
0	0
77	0
451	0
224	0
78	0
83	48
338	0
27	16
9	1592
0	8
46	129
17	0
355	882
48	651
19	38
4	0
48	0
95	2945
2	3
0	44
0	38
65	463
12	4
0	12
2262	3101
316	54
135	10
50	64
0	7
19	212
15112	0
0	0
0	2
51	1
202	32
117	0
176	14
7	36
27	424
72	1291
268	67
38	27
0	5
7	617
0	3
47	0
4455	55
224	142
119	870
0	0
0	158
0	0
0	0
3	64
8	14
0	0
1	0
1264	0
92	0
222	179
25	0
0	0
1	0
189	65
12	16
0	0
0	0
10	72
118	0
0	105
0	2
190	66
3	99
17	79
10	0
492	40
1	24
15	169
1	0
325	0
4	59
41	1
26	116
37	653
0	98
11	66
2	94
0	0
0	5
216	143
54	220
256	1855
7	45
34	13
83	970
146	196
0	2
0	155
1	0
14	83
4	0
56	1
25	1199
12	160
0	0
10	673
64	14
98	14
38	278
0	10
26	3142
20	1688
15	804
23	39
0	0
0	0
0	0
4	236
45	74
16	1910
68	725
0	0
36	436
270	0
0	174
0	0
12	74
60	230
6	224
0	66
2	2
16	802
224	32
97	299
240	0
36	2
78	3
2	0
183	0
62	250
3	7
1	37
2	3
3	46
3768	341
1	6
0	2010
0	0
0	80
0	0
20	48
2	187
61	60
4	19
46	60
10	1798
2	28
3	99
938	675
2180	17
333	4
354	0
775	308
0	0
16	31
0	10
0	11
24	33
1	0
29	0
232	6
13	56
4	11
141	151
0	0
28	18
0	0
3	530
34	790
57	2013
17	10
95	985
121	468
8062	126
11	0
0	56
50	662
29	17
48	233
0	0
1	34
3	102
243	113
10	0
6	0
120	10
36027	4830
23	305
12	8
0	0
0	0
0	0
0	72
16	727
4	18
45	3
1023	0
164	2
567	63
0	0
4	1
0	0
626	8
505	0
17	0
98	47
10	0
240	1
14341	48
3	0
2	179
0	0
0	0
0	0
11	5
0	0
43	504
0	0
0	0
7	19
1	0
5	0
3	38
30	0
275	29
22	47
332	102
0	0
0	1
1	0
7	99
82	500
0	0
1073	84
86	135
6	26
0	0
0	0
1069	1437
0	15
3	0
0	0
4	0
0	11
181	1412
3	4
31	14
3	4
4	280
0	2
160	62
5	33
16	175
94	74
16	5
0	0
1	33
0	15
4	199
112	42
50	45
292	161
15	167
117	7
3	122
3	0
1	62
303	189
168	0
0	53
174	117
33	23
3720	2598
0	0
22	77
14	67
0	33
8	26
1030	68
2	48
0	0
0	0
0	0
0	0
0	0
0	0
1	0
0	17
35361	6
0	0
647	187
104	79
97	683
319	13
74	1
2	0
6969	93
3382	27
2952	1024
9	0
2	7
64	344
4	2
131	9
0	0
0	0
0	0
0	0
0	0
9	4
252	268
176	338
21	2
0	0
48	4
0	17
3	10
0	14
93	225
1	18
1	34
181	0
605	0
1914	2433
322	4
459	689
124	58
7	0
349	0
190	0
44	0
58	0
5642	1812
238	8
0	0
1	0
3	0
1	0
300	150
4	0
359	3
761	295
0	64
26	175
4	0
240	148
333	323
1269	2119
0	0
0	10
1	16
0	0
0	0
1	32
0	0
0	0
0	0
112	20
0	0
137	1583
19	15
143	19
12	1
57	0
67	4
4	141
14	896
0	0
0	22
0	0
0	0
0	0
0	0
50	726
679	2
156	8
93	63
10	0
2	558
239	684
0	0
31	6
0	6
567	20
539	69
417	2073
139	5
389	115
350	9
1454	117
26	0
1	0
0	0
0	0
186	0
6	42
0	22
264	0
90	69
45	1
33	152
6	3
0	0
2	0
65	276
1	626
139	0
346	0
0	6
12	1374
0	0
12	48
0	0
13	362
62	0
464	0
11	7
1230	256
84	558
0	16
0	0
0	0
1	0
0	0
3	0
128	9
49	2
34	0
153	0
390	23
148	0
84	483
0	0
0	0
0	0
2	63
38	68
0	0
0	0
3	0
105	1317
0	0
104	0
1	139
1	0
331	3
44	16
45	0
269	129
614	1802
3	1819
64	0
6	0
75	1795
45	0
26	3
1482	31
3	0
0	0
0	0
14	7
3	0
555	585
319	0
127	42
1	1284
60	377
1	39
193	129
356	6
4	236
0	0
43	22
19	3
0	0
2	1939
0	81
1	0
49097	39
0	0
1	0
0	57
0	0
21	51
8	115
8	121
1430	597
844	0
3212	0
98	0
13	0
19	2
47	526
2	15
0	0
685	0
0	8
4	2024
2	52
268	429
1	23
4	151
5631	460
29	1
749	402
0	6
0	0
2	1
36	11
1	100
131	86
458	1509
121	0
58	31
0	0
0	0
3	47
27	115
104	859
59	3127
0	0
0	0
39	8
117	220
29	34
34	1248
0	27
3	0
118	0
162	117
0	0
425	49
4	421
0	0
2	86
2	715
0	0
0	0
4	0
0	0
32	45
1	0
361	45
1	0
80	0
101	161
17	0
4	0
7	7
18	44
0	242
6	64
54	137
0	0
86	341
117	11
259	0
114	346
6	17
14	12
0	0
0	0
7	1059
18	39
0	0
0	0
1	0
425	0
500	0
162	0
34	1484
0	0
1	6
9	0
2	0
2	1
0	0
0	0
20	4
42	0
180	21
12	66
7	0
1	18
0	0
0	0
3	0
78	24
88	222
749	2356
34	518
316	29
18	3329
39	612
546	98
0	19
193	852
1	115
886	309
0	5
6	163
2	0
806	44
18	40
443	3
6440	195
2	151
1	6
7	0
270	1
4	5
0	4
8	8
845	2226
23	109
0	0
0	0
42	4
93	0
5	48
32	518
35	928
0	0
112	197
2	0
77	0
56	0
49	0
176	0
0	1
13	500
119	1861
0	0
0	0
87	22
74	1
447	1
38	621
2	0
0	0
0	162
0	0
177	0
10	98
5	961
152	135
6	9
0	57
24	100
0	0
8	1081
3	383
26	1157
313	0
78	0
72	183
2212	0
89	3
61	6
268	2
260	0
0	61
146	0
1246	8
2	22
0	0
159	73
0	0
261	433
1	0
0	0
1	0
0	0
14	49
157	363
3	61
133	1264
135	99
0	28
452	30
404	16
14	1014
16	99
37	12
4	2
0	0
14	0
0	0
1	97
130	167
10	2918
0	751
687	9
0	0
31	234
4	1
4	114
0	4
0	0
0	0
78	0
112	401
7	1036
97	699
36	270
0	71
0	0
2	75
47	247
247	314
268	0
154	0
60	20
761	0
147	8
255	120
15	30
0	0
0	7
0	0
6	3
191	285
17	178
9	94
14	467
118	1107
282	0
556	32
0	4
116	0
201	0
3	4
286	1
40	1078
13	384
0	22
3	9
2689	1
68	522
0	7
0	0
0	20
0	0
0	0
0	0
0	0
82	79
29	103
89	7
2	762
164	0
1	12
0	0
0	6
762	0
128	0
1	0
3	8
3	26
26	0
19	822
13	233
126	33
78	0
3665	9
0	0
3	0
0	0
0	0
9	10
47	2273
389	41
149	1947
30	13
423	984
1216	0
61	239
10	191
46	0
0	295
0	0
3	0
3	26
314	115
617	458
0	0
0	0
1821	361
47	220
25	494
17	2
122	33
274	50
34	2
41	2282
46	906
6	221
70	127
32	0
0	0
0	1
3	1
7	98
0	0
6	0
462	898
3	0
10	0
0	243
0	1
0	12
37	934
49	107
448	0
0	655
0	0
0	0
0	0
0	0
2	0
0	0
3	0
0	0
112	23
374	0
21	15
390	3
2	5
4	192
49	1605
719	4
8	117
0	2
114	0
364	0
52	0
549	0
872	279
10	128
151	352
298	0
0	0
1683	41
104	0
89	0
1602	1
174	0
11	1
5	5
0	0
2	884
0	0
0	0
324	745
74	0
477	1432
9	53
0	0
279	0
714	663
123	14
151	301
993	252
1	59
238	6
0	49
33	37
81	702
0	2009
663	567
127	0
77	977
0	8
640	282
117	0
126	0
1	1367
0	0
0	0
41	799
0	0
0	0
0	0
0	0
51	983
5	54
2	0
13	0
0	0
0	0
26	1646
0	0
0	5
0	0
313	31
1	4
0	0
0	0
1	31
77	5
32	0
13	0
0	6
206	83
31	0
4	0
1	0
23	2272
728	412
38	0
0	0
177	27
149	6
0	0
360	92
123	0
0	34
0	1521
0	0
0	5
0	0
0	0
0	0
0	0
4	0
0	0
14	2
1076	1
1	38
2601	82
117	0
1123	0
1	0
1	0
4	358
961	44
2	53
0	0
0	0
210	3
0	0
0	0
0	0
0	0
0	0
111	0
25	60
3	0
22	108
0	20
275	0
549	76
150	86
10	31
42	1
192	0
10	0
0	0
1	0
0	0
0	6
1	1
0	0
0	52
17	34
13	477
32	376
0	0
365	1203
894	274
14	59
0	0
91	0
1	210
847	61
0	0
50	69
2	166
1440	1
0	0
58	37
82	23
60	2085
39	55
57	0
4156	21
193	200
5	804
0	25
217	3
0	21
155	4
20	60
14	27
11	5
0	6
3	25
0	0
0	0
0	0
16	25
0	0
477	0
24	0
0	0
0	0
140	1
0	0
1	0
1	0
61	1501
0	0
0	0
0	0
691	102
76	0
2156	0
57	167
1	0
0	0
0	0
0	9
2	30
1684	2
24	47
708	135
0	0
49	170
230	77
79	143
0	0
172	0
8	6
0	9
0	2
0	0
0	4
1	0
232	1313
0	0
710	20
124	1832
255	309
149	213
141	8
6	30
1	0
0	0
69	68
46	1
4	65
205	1
49	100
0	0
23	13
0	0
16	6
59	17
200	9
0	0
36	0
47	0
0	0
0	0
0	0
6677	0
0	0
0	0
0	0
0	0
0	0
0	0
160	27
168	9
3	0
74	68
0	0
33	861
59	54
0	3
47	262
20	83
0	0
0	8
4	776
48	23
177	1044
0	0
10	113
321	493
13	19
0	0
0	0
1	0
3	0
0	0
0	0
18	1
117	88
0	0
0	0
1	456
0	0
37	20
932	1
0	0
21	1403
0	8
374	3
184	1102
0	0
435	30
2	1
8	0
432	13
28	257
402	2473
97	0
3	174
91	153
8	92
1	1275
86	73
505	0
117	131
446	0
110	13
2	64
1	0
5406	73
23	11
381	0
214	0
295	1
332	0
18	8
30	1011
35	26
0	2
324	114
0	0
63	634
99	37
1	29
8	6
192	10
80	1
292	139
381	0
104	2932
38	0
178	36
149	70
134	27
1	0
24	1491
124	0
0	0
1	23
38	341
0	0
0	0
148	44
12	37
510	2
14	205
3	1
0	6
0	19
296	0
339	0
0	0
19	100
32	26
0	195
7	223
0	0
52	0
375	37
452	1
301	0
162	1
1	899
0	93
28	59
0	0
201	678
9	89
1	27
10	9
0	4
0	3
0	0
0	0
2	9
3	0
0	0
0	0
1	0
0	0
426	0
124	1
0	0
67	188
47	114
281	40
10	210
651	1182
477	0
79	68
36	16
0	4
570	2867
0	0
25	0
1790	0
26	0
6	428
48	144
4	66
1	0
187	1341
10	0
26	0
81	0
189	0
0	30
6	421
605	93
325	0
67	0
20	150
19	116
2	9
0	0
0	0
0	15
17	9
0	0
0	0
227	0
0	0
0	0
0	0
3	440
5	880
92	0
139	0
253	39
4	0
2673	1231
138	0
29	31
68	2
23	6
42	68
155	0
248	1824
120	131
176	17
3	6
0	3
357	5
52	259
71	222
24	21
8	7
10	85
11	195
2	25
0	0
6	0
9	27
979	55
4	1
24	112
5	50
0	0
1	0
52	2
71	1
235	308
354	0
5	2
20	220
0	0
9	147
352	4660
0	0
82	5
85	6
251	0
0	0
574	1348
2131	35
0	0
26	19
4	18
39	0
0	0
4	9
75	726
160	96
0	8
8	3
9	25
1	19
20	3
157	18
0	0
0	0
217	0
11	7
2150	861
211	0
0	0
0	0
0	0
230	1191
0	73
0	0
7	22
2	3
7	241
0	0
1	0
1	108
0	0
18	50
0	10
10	97
2	30
2	129
358	0
1	0
150	0
0	0
929	53
137	0
1	20
86	259
282	14
0	0
21	392
51	269
0	0
0	0
1	2
0	0
1	0
105	0
0	0
321	185
858	313
127	0
202	0
112	0
62	49
151	158
47	178
3838	0
39	111
88	323
887	1634
37	1041
486	433
6	1
32	0
7	760
23	165
0	0
391	0
0	0
0	0
19	540
0	0
59	171
1520	1626
89	161
288	146
420	75
14161	0
28	1
73	234
0	0
439	0
269	1124
77	0
48	0
21	19
157	403
0	0
52	36
136	0
106	10
0	2
41	1346
22	515
3	461
0	165
2	0
20	33
435	0
26	0
168	2
93	80
73	1452
0	10
366	153
61	0
80	0
297	374
373	0
14	26
12	1
7	605
1	32
1	8
77	212
21	1326
1	22
367	326
1	29
1	125
0	189
1	11
8	92
0	9
524	846
69	180
0	0
94	775
3	0
74	40
165	0
1	1083
0	0
0	0
8	0
41	257
31	2
0	0
22	200
275	2049
0	1
1	143
0	0
16	0
69	0
1020	3377
220	2958
212	462
87	539
32	99
5	2
1	26
29	1843
47	102
1706	1565
51	139
12	314
3	239
0	0
0	5
2	76
143	0
100	1
3	0
133	52
2	2142
347	3256
0	20
0	0
22	385
53	3
70	0
347	2442
3	0
22	934
13	309
288	1107
29	48
0	670
289	0
217	0
2	0
31	714
87	67
4	0
0	26
0	0
46	24
1	1
5	7
660	138
14	2
0	19
125	73
139	260
3	3
54	233
297	2487
45	654
41	123
74	415
356	2020
96	47
139	35
0	17
3939	1
39	45
256	5
227	0
59	0
50	1522
209	0
43	4
142	0
2133	0
136	1
5	12
0	2
20	198
10	62
30	92
186	0
644	0
5607	781
331	0
2	939
1	316
12	605
0	0
0	0
0	0
0	0
30	1
1	661
52	702
0	0
11	0
18	0
28	119
7	13
290	1333
46	626
390	0
203	220
26	0
1	0
44	182
0	10
56	302
44	116
681	2832
149	14
0	0
0	0
6	0
401	0
6	65
32	20
0	5
1	79
53	326
17	0
0	0
0	0
0	0
0	194
2	74
182	6
0	0
17	3
16	0
44	18
0	0
3	326
29	207
0	0
0	0
5830	83
0	0
19	392
20	0
19	227
5504	0
0	0
0	1
51	158
379	563
29	24
1	337
1	41
135	496
65	223
209	15
44	2247
387	266
276	18
164	5
0	0
32	431
24	2260
0	10
33	158
0	6
26	12
0	174
287	55
154	0
112	0
0	46
8	288
5	536
3	0
20	378
0	0
3	7
24	7
19	672
4	116
19	1
148	9
286	15
126	0
184	68
102	0
1630	68
15	27
2	0
0	0
7	0
0	0
31	6
141	361
299	129
0	0
0	0
396	525
88	380
163	9
209	0
124	598
106	1
8	124
0	0
228	0
75	1089
25	134
47	0
42	1
38	310
857	0
1	0
1	7
305	1592
1786	0
736	408
0	0
0	0
95	0
2	0
296	18
99	51
12	20
220	1
470	1015
350	246
23	22
17	68
603	0
178	0
0	0
23	849
73	37
9	1
82	191
190	185
35	0
143	0
19	0
144	0
65	0
24	0
7	1
0	0
35	50
375	0
1	11
2	5
0	24
3	184
0	6
0	0
13	964
124	0
0	2
0	0
18	26
13	200
0	0
1	34
33	0
4	112
212	0
115	0
0	0
1	0
0	0
17	121
29	0
5	1
1	116
178	44
1	165
0	222
0	1
74	23
0	72
0	24
0	29
0	0
8	0
5	4
26	90
20	31
27	566
1	0
186	0
67	87
6	0
18	6
0	0
0	0
7	0
332	1414
0	0
58	838
0	750
1375	3549
416	73
542	106
71	0
374	0
420	933
10	12
735	25
0	0
132	15
243	0
130	39
0	0
0	0
0	47
0	0
0	0
64	48
22	0
1076	0
19	0
46	0
133	1145
1007	461
0	64
10	1
1	0
11	1
1	0
6	5
111	2597
1	0
0	0
0	0
0	0
0	13
9	0
36	2316
81	226
5	0
169	3263
30	0
388	4
5	0
0	84
273	1
215	712
19	186
512	126
5411	0
17064	0
0	0
484	922
22916	0
0	0
10	0
5	34
0	14
2	0
182	125
10	0
34	212
75	0
84	247
696	3
46	1049
15	35
87	408
1	10
0	0
1	2
0	0
1	0
2	1
18	487
5	826
4142	693
5	0
168	0
52	118
0	0
0	0
3	665
0	40
41	52
63	53
537	67
267	80
10	1
76	149
14	29
0	25
413	1110
0	0
0	0
28	35
8	24
0	0
0	7
0	0
468	46
83	479
121	4
469	871
0	0
2011	78
90	1007
201	387
24	3
8	58
2	0
1410	6
81	407
90	27
16	1254
1390	0
1503	5
0	190
169	0
108	8
217	1
246	0
53	523
61	0
353	1
65	2128
26	0
68	0
26	0
260	0
160	1
77	101
4	0
486	570
31	48
0	0
2	0
258	2329
1445	2335
1249	685
108	0
1	1085
0	5
1	48
0	0
34	0
0	52
5	1734
2	15
0	0
0	0
20	0
1	0
5	21
0	29
1	0
0	1224
0	30
40	189
0	0
328	205
3	21
362	119
63	0
148	714
16	55
0	0
360	59
30	337
0	0
11	515
0	0
0	0
27	0
85	22
58	283
118	0
0	5
15	450
0	64
50	578
1	166
259	1835
190	0
1	0
273	0
0	124
146	2
3	243
0	0
4	0
89	182
5	479
125	765
21	387
63	0
8	122
1	47
0	59
0	0
251	36
50	0
254	176
114	713
11	9
431	0
81	6
259	0
44	0
4	76
379	19
3	0
0	0
0	47
0	0
0	26
2	0
0	54
12	76
70	6
14	119
0	2
0	53
0	0
0	0
0	0
0	0
2	0
4	92
0	0
0	0
19	132
8	0
3	0
35	0
175	0
72	23
566	7
437	132
33	62
0	0
12	269
25	45
1	0
1	26
0	0
5	130
1548	0
164	213
87	25
304	774
0	189
8	2362
2	0
0	16
4	18
0	3
612	35
0	25
0	2
6	708
7	0
5	230
76	291
1	24
2	518
311	898
175	135
0	0
20	163
148	46
1	92
201	22
0	0
1	84
0	0
0	550
1470	1988
17	1
6205	55
609	0
7	0
0	0
0	0
33	258
2	5
375	762
2	0
398	64
161	0
18	869
1	417
0	83
103	0
0	0
0	0
0	0
0	0
8	1
206	465
24	1
8	0
0	0
1	21
1351	0
1	142
0	31
14	50
1	5
140	44
2	0
1	1
19	100
6	1284
172	0
1138	75
14	204
10	700
0	9
375	105
2	8
2	2
0	0
48	179
128	0
118	47
204	0
72	4
360	17
118	562
285	1
192	258
124	1
130	0
97	0
848	2
48	49
78	687
7	58
1	4
0	0
0	0
0	0
0	0
49	0
117	42
0	0
0	0
544	0
188	0
35	1
291	119
0	55
0	0
0	0
0	151
634	135
2	0
490	1570
107	0
6	0
59	28
119	127
0	0
987	880
4	147
4	142
4	108
21	65
0	0
110	169
2	0
36	4
0	0
0	0
0	0
1	103
262	957
2	0
21	350
0	0
155	0
78	14
46	727
3	0
0	26
69	90
165	175
990	0
0	238
4	36
1	0
236	247
2	15
0	10
68	0
1766	0
1410	1
86	10
2193	94
43	118
53	728
27	778
1962	0
0	0
0	0
58	124
25	1
63	199
118	39
389	30
108	6
0	0
0	4
91	74
6	3
0	0
46	163
81	0
0	0
20	31
142	2867
110	21
0	0
0	0
16	33
0	1
0	0
65	0
2	0
46	124
0	0
545	804
34	135
109	11
61	327
37	0
191	228
13	0
6145	2059
0	123
13	124
1	18
0	65
3	29
71	0
374	53
30	44
174	0
36	2288
539	0
62	3
312	98
0	12
4	162
0	219
0	0
151	197
50	91
1419	896
27	282
2	109
0	11
0	0
0	4
5	572
0	19
0	1
29	32
257	432
17	209
290	615
8	102
126	0
621	1
11	691
0	0
1060	56
0	0
82	945
10	0
1077	617
7	2
11	0
376	252
7	8
4	2975
0	27
5	9
0	0
61	1
0	0
99	44
354	0
68	0
359	7
54	19
5	104
8	15
0	33
14	72
0	0
24	96
0	0
4	480
28	243
1	602
348	365
7	41
33	527
2	0
5	1314
0	0
25	37
803	1
0	0
1	0
16	1098
116	436
6	11
182	53
18	59
55	1857
2	96
22	164
13	303
0	1048
0	36
2	1
0	0
0	0
0	0
12	3
0	0
28	1872
87	213
0	134
247	0
190	0
246	2038
23	182
0	2
0	0
259	0
0	0
0	0
15	0
0	4
1989	1727
94	0
0	0
2	0
0	0
15	295
87	1833
1657	172
195	0
0	0
1	28
25	12
1257	0
74	22
59	0
615	0
3302	0
0	238
1225	0
96	833
18	1803
50	1
10	16
0	0
1	11
138	23
4058	3
3	0
1226	2
301	43
234	0
5	0
0	0
8	0
0	0
1841	0
341	0
498	20
11	250
685	0
0	0
0	1
338	0
27	1
7	18
0	0
0	0
0	2
53	6
1	0
0	0
0	0
46	1
105	1709
16	29
16	432
3	0
9	1
0	0
10	247
190	124
417	1364
5	0
10	78
3	364
33	27
59	0
173	0
379	0
4	0
16	135
24	17
163	33
15	1582
0	4
0	2
0	5
0	0
0	14
0	0
7	0
16	1256
234	1099
42	928
1	0
0	0
0	0
342	291
0	0
4	0
1	0
1	191
9	235
388	8
67	2
1	16
1	0
82	412
173	53
440	0
162	0
3	0
175	0
21	0
0	0
2	7
194	196
21	10
33	0
321	372
1	427
0	0
1245	2
0	1
0	0
2	1
0	39
1	0
7	0
437	29
73	463
0	137
232	140
255	208
94	914
14	22
0	0
0	14
5	4
2	9
4	0
9	2
2	122
1	17
13	2361
0	2
0	3
0	0
4	308
0	0
17	294
1	109
9	0
0	13
2	6
753	0
0	42
1	2
3	2
1825	22
3	1774
7	0
0	0
2	13
3	0
0	1
1	0
9	31
150	396
0	0
3	33
81	0
43	166
46	0
6	0
9	98
0	0
160	866
1155	0
418	89
188	97
0	0
0	0
0	78
90	144
78	0
0	0
1	0
10	0
1	0
763	18
1	0
2	0
3	0
22	18
182	294
0	102
59	118
42	1
0	0
272	622
0	0
17	2
633	332
141	90
2	0
1532	34
0	113
1	0
0	4
15	73
108	4
17	30
3	236
321	269
2	3
0	4
265	753
5	174
11	106
516	1
92	0
92	18
34	66
43	1
39	117
0	0
9	0
0	2
64	255
47	0
50	334
298	54
30	0
199	94
120	0
100	54
0	0
27	1915
104	0
20	1
30	73
0	0
0	1
0	1
0	4
0	0
1	2
18	2228
6	22
0	0
0	10
0	0
7	97
189	1080
1377	2729
25	15
53	1449
4	9
0	0
0	0
736	61
742	7
13	62
136	234
128	0
504	0
684	121
18	0
0	0
0	14
0	83
0	6
0	194
1	0
12	0
4	1
1	0
0	440
0	14
29	451
461	0
16	41
132	283
155	1291
0	0
533	428
463	0
0	0
0	0
126	94
180	70
234	76
418	131
885	699
0	0
0	0
0	0
175	0
246	5
176	0
190	184
390	0
327	9
18	0
404	0
230	111
397	230
566	100
226	11
27	129
4	915
0	0
316	0
2	0
0	0
59	2350
0	1
128	0
132	0
73	6
54	6
709	46
0	0
6	1
58	68
187	0
0	0
85	240
1261	9
0	60
2	41
0	28
3	3
125	176
34	633
6	61
3	291
100	251
0	3
2	37
97	2063
16	354
14	0
0	0
715	22
8	0
0	0
3	0
0	0
0	0
0	0
8	0
121	0
606	2357
91	0
92	0
143	0
1406	203
477	0
0	0
58	0
0	0
73	0
2074	36
54	39
0	0
35	1853
260	0
241	151
0	1
22	0
0	0
60	0
2	0
2	0
2	0
0	0
0	0
22	2073
16	1202
0	9
4	5
24	538
22	5
640	0
36	0
239	67
210	64
880	0
1916	0
301	1
11	30
6	0
24	78
37	150
232	66
15	0
16	0
4	13
47	0
17	1
54	76
5	0
11	346
15	119
0	7
24	2
0	0
16	39
27	1070
73	0
70	3
30	0
3	78
0	78
35	3
0	4
0	4
0	17
0	0
22	0
110	3
15	136
175	428
447	0
268	700
67	580
0	0
219	141
5	26
8	0
1	0
9	0
0	0
0	5
343	767
0	0
0	0
0	0
0	0
0	0
0	0
2	118
13	293
0	0
47	3
75	195
13	555
74	1704
9	25
2	62
1	2
0	1
2	1
11	99
1285	85
93	1
0	0
2	16
7	0
319	283
13	0
20	32
0	1
9604	3762
5	4
0	0
2	0
0	0
1	100
659	4
0	0
54	240
0	4
14	20
18	41
3	4
2	126
5	0
2	331
0	253
0	0
0	36
1	8
6	66
85	18
3	0
0	0
87711	295142
0	65300
0	0
0	0
0	0
0	0
0	0
0	0
0	0
0	0
0	0
0	0
0	0
0	0
0	0
0	0
0	0
11	1319
0	0
0	0
0	0
0	0
0	0
0	0
0	0
0	0
0	0
0	0
11	0
0	0
0	0
0	0
0	0
0	0
0	0
0	0
0	0
0	0
0	0
26	132
0	0
0	0
0	0
0	0
0	0
0	0
0	0
0	0
0	0
0	0
0	0
0	0
0	0
0	0
0	0
0	0
0	0
0	0
0	0
0	0
0	0
54	928
0	173
9	276
0	0
0	0
0	0
0	0
0	0
0	0
0	0
0	3
2	0
0	0
0	0
0	0
0	0
0	0
0	0
0	0
0	0
0	0
0	0
0	99
0	0
0	0
0	0
0	0
0	0
0	0
0	0
0	0
0	0
0	0
0	8
0	0
0	0
0	0
0	0
0	0
0	0
0	0
0	0
0	0
0	0
0	0
0	19
0	0
0	0
0	20
21	0
115	81
0	0
0	0
0	0
6	24
0	0
0	0
0	0
0	0
0	0
4	539
0	0
0	0
0	0
45	149
6	7
7	0
1403	1432
186	2
1774	637
166	679
40	0
0	0
0	0
0	0
0	0
459	543
115	682
0	6
11	187
35	159
18	10
47	30
66	1
152	2211
8	1
0	0
1	551
73	0
32	0
7	10
1	135
1	0
7	33
0	0
0	0
27	408
37	3235
4	525
60	1899
0	8
0	0
22	117
0	0
2	18
27	530
15	3541
1	42
323	4
110	194
18	713
598	3482
0	0
2753	36
1056	0
237	0
6	1050
3	0
18658	1
818	3
4	0
1284	538
11	140
0	0
41	179
46	120
36	2169
52	967
441	0
0	0
722	466
4	48
4269	0
378	506
170	295
90	1358
5	126
1425	1643
0	0
0	0
5	0
3	9
6	0
12	9
0	0
0	0
802	940
135	0
3	0
0	23
19	29
74	2975
153	112
0	0
260	116
3	0
64	0
239	0
43	0
5	96
91	179
0	0
0	0
0	0
0	0
67	44
2	0
0	0
0	0
3	181
0	19
0	93
2	13
3	0
4	0
109	0
0	0
347	2
264	226
0	226
158	0
45	0
9	3
353	0
555	359
217	823
79	48
0	0
59	70
85	952
505	0
71	0
519	8
97	0
194	262
170	600
43	3
11	224
0	0
2	2
1220	197
0	0
481	2493
71	0
3	3
0	0
0	0
0	0
0	0
0	54
0	0
0	0
142	548
0	0
14	0
1	0
9	0
36	0
50	133
1	0
473	382
1	94
752	2611
384	1649
12	0
373	19
7	717
126	0
428	21
41	0
2787	1
21948	658
1	160
0	96
0	3
0	0
60	2
689	1
5	45
1	50
2	226
0	0
0	0
1	59
0	0
29	282
67	3
3	8
4	8
418	1
78	15
0	0
123	39
0	4
150	32
32	70
19	0
66	3
1	35
19	1134
143	0
0	4
2	2
69	0
3	286
39	1
118	0
189	128
104	0
328	0
165	579
142	578
1	48
56	55
20	0
0	4
56	381
3	47
23081	168
0	0
41	0
6	1
42	0
362	0
7	25
24	2
261	3368
295	6
209	770
131	0
336	0
2492	242
152	229
0	81
110	5
150	11
18	740
4	17
7	2
0	0
0	0
0	24
2	51
3	0
0	0
3	3
0	0
0	0
59	0
44	18
25832	450
3417	0
990	5
135	41
1329	0
343	1
7581	249
2	0
0	0
53	140
150	716
132	9
10	1992
36	79
0	1
1	153
23	216
10	0
48	544
2	92
4	1827
9876	1
47	0
2	0
12	28
56	859
0	0
0	1
38	0
0	297
9	666
22	0
0	0
0	18
0	0
0	0
0	0
4	0
0	0
0	0
4604	137
21	0
151	0
61	0
150	543
125	543
115	50
251	20
588	0
898	952
13	0
0	59
493	157
0	0
0	0
0	0
27	42
0	0
1	22
3	49
5	108
44	338
5	0
38	3
82	885
0	0
0	0
0	60
249	76
7	10
300	0
145	45
443	1174
0	59
61	121
0	1
36	0
484	311
780	423
20	70
6	0
48	0
2	0
0	0
40	38
0	0
192	156
149	334
69	7
8	509
131	407
36	74
1115	232
2	5
1	948
2	14
0	0
125	0
7	444
2	61
80	18
15	4
1	0
106	443
372	6
138	98
42	567
0	9
107	1819
0	20
63	330
0	0
246	0
5	298
99	185
0	0
416	377
0	0
0	1979
0	2
6	301
531	193
63	22
5	0
176	193
0	0
355	463
3	109
1	0
193	0
187	2232
2	64
44	177
5	0
0	0
59	127
206	2
3795	2
67	1013
147	180
156	0
46	52
2599	0
259	2025
2	0
0	0
2	0
0	0
4	0
0	0
0	0
36	1
0	0
38	294
3	27
135	1447
97	102
0	16
220	402
150	5
229	0
3368	11
0	45
0	0
6	76
0	0
0	355
711	218
271	2469
11	242
124	2156
587	0
842	0
51	456
0	0
609	0
12	0
283	0
849	0
54	149
477	1923
5	25
2	165
3	282
162	502
185	879
25	253
22	687
277	43734
21	1376
29	0
204	0
98	1647
68	211
595	357
12	332
226	85
22	53
55	376
57	1242
0	0
9	60
762	355
136	367
228	59
6	372
68	550
26	355
2	16
53	11
65	75
7	2
446	96
19	14
13	375
13	1266
23	34
0	0
1	8
0	0
0	0
0	54
29	58
22	725
0	0
8	25
0	0
0	0
5	0
94	0
5	295
452	1889
5	387
92	32
1185	445
13	197
344	381
6	0
1	3
2	95
30	4
0	0
225	0
115	0
8	59
1	1701
92	199
0	0
7	127
0	0
5589	6
1	0
72	0
342	794
546	2
4268	0
0	0
0	0
0	4
0	0
32	447
0	0
0	0
5	0
455	81
0	0
3	28
280	189
403	0
107	29
44	0
171	6
453	95
139	809
6	17
60	40
48	0
675	0
11	2
949	120
3	47
0	0
0	0
3	942
0	0
109	845
0	0
0	0
0	18
3	103
59	45
0	0
3	0
0	0
54	45
616	11
0	240
38	0
8	0
0	0
127	0
0	0
0	0
1	1
8	34
0	1
0	0
0	0
0	0
6	0
389	35
339	0
250	0
247	0
78	97
0	1
20	642
1016	19
0	0
172	22
408	63
0	1346
7	257
347	1
145	0
150	122
85	31
1680	0
28	47
57	33
3	1
2	0
47	3
143	78
0	2
0	13
4	0
479	0
3	3
4	0
0	72
0	0
0	0
7	0
6	0
0	0
2	0
0	5
3736	0
10	36
510	0
1245	2
7	6
0	0
34	148
71	12
20	203
0	0
0	9
35	0
38	728
1	0
0	0
0	0
6	85
171	0
98	0
0	0
3703	17
345	226
101	0
534	0
1946	38
3407	0
368	1692
112	0
0	6
23	215
498	0
2	21
85	111
0	15
1	59
0	25
14	0
212	0
20	179
0	9
0	0
3	23
107	3
0	0
0	0
6	24
0	39
1766	2256
74	0
265	1
236	0
84	47
16	159
0	13
0	0
0	0
10	0
0	204
3	41
241	2144
0	0
0	0
0	0
0	0
12	1074
10	0
33	494
9	0
100	9
13	9
12	110
4	0
0	7
414	0
1	0
1	0
30	96
1181	0
86	0
182	0
3	17
7	32
72	39
37	83
709	0
868	0
41	0
23	54
348	5
60	306
7	1
0	0
0	0
0	0
8	16
77	0
11	0
3	0
0	19
2633	8024
1111	11274
27	219
0	0
0	14
23	0
1	513
6	41
0	0
15	37
28	97
0	0
17	57
4	61
21	174
102	63
5	0
1299	199
2	68
4	101
0	0
2	0
6	131
0	0
1	0
0	0
28	154
0	81
2	1303
68	4
1	0
282	0
285	1121
147	0
105	0
145	17
0	0
11	5
24	0
135	2334
16	0
60	4
24	0
2861	21
410	29
0	0
2369	390
64	0
2	28
18	0
0	0
179	1
7	0
171	1282
39	493
6	0
13	286
0	2
60	30
0	1
0	0
12	34
21	1448
1	0
908	1311
2	32
5	513
23	1006
23	914
0	60
0	0
1	23
0	0
0	0
0	0
7	4
0	208
401	81
98	977
2	51
27	0
118	33
47	0
296	0
13	294
97	521
410	1
62	36
7	0
0	0
0	0
79	0
7	110
1	335
0	0
0	59
0	8
0	71
7	102
7	75
128	318
156	19
0	0
8	167
3	1728
0	35
2	1
408	84
620	189
49	68
53	0
11	120
22	0
39	17
21	79
5	1036
0	0
93	336
164	139
7	0
96	69
0	4
0	0
7	323
0	0
150	0
264	11
27	29
0	2134
24	38
0	0
3	90
0	0
723	0
136	14
1	0
12	5
3	5
61	776
0	0
2	0
0	0
0	0
3	189
3	0
14	341
0	0
1	0
0	0
6	44
4	0
0	0
0	0
0	0
0	0
2	41
0	0
18	3326
38	0
5	690
1	0
20	1842
903	0
344	19
129	0
233	96
0	0
68	0
20	1
299	0
1619	0
25	0
294	91
0	0
43	833
71	1278
109	0
0	118
65	0
22	2547
0	5
1	73
92	58
9	578
0	0
0	23
856	158
181	0
62124	5
200	46
593	28
109181	682
111	1747
40	1
74	16
11	82
6	27
1	0
14	0
585	0
230	1
174	5
58	17
23	6
172	919
66	415
0	797
279	207
2	326
0	0
97	0
25	343
49	340
44	140
825	350
39	0
1	0
18	0
0	0
1	0
49	0
264	154
73	1163
1	1
6	4
2	943
504	18
28	2
135	6
895	591
40	251
3	646
1	0
320	441
85	43
61	1
10	189
75	80
44	355
87	0
170	201
0	0
0	0
15	0
6	221
0	0
1	601
3	224
10	23
160	1090
10	4910
34	4
13	1054
25	1
61	0
729	0
46	37
1	47
13	18
47	160
131	0
90	0
126	0
379	238
0	0
0	0
6400	1
0	0
0	0
36	0
96	0
460	145
13	0
8	148
15	567
51	27
4	0
149	1208
5	0
3	2
0	0
6628	0
19	0
478	5
0	9
71	1
130	69
12	0
0	6
0	16
13	46
82	0
209	108
32	0
9	0
599	0
11	534
132	0
240	334
53	714
547	0
88	1521
345	0
7	136
0	19
0	0
0	0
50	173
111	1
0	0
0	11
3	0
0	0
0	1
11	2170
0	0
51	311
5340	0
3	267
2	96
2	19
30	0
41	228
22	66
109	2396
118	169
153	176
20	0
245	471
0	0
0	9
7	0
517	0
10	13
796	698
448	0
968	3
379	822
31	27
53	569
70	201
225	483
2	115
0	0
414	605
6	0
32	9
29	69
61	0
95	1042
0	0
0	0
0	0
0	0
0	6
0	0
135	0
5603	0
34	2132
2	98
0	0
76	672
0	0
14	4
0	39
8	31
0	0
0	21
9	8
0	0
14	3358
2	12
332	1
165	318
0	296
160	50
5	0
4	0
0	79
4227	10824
41	1
0	0
24	9
56	35
425	2414
132	46
1	13
192	433
188	0
2992	0
468	0
44	0
401	119
2266	0
119	0
303	646
426	42
156	16
18	73
107	1768
30	0
9	1252
21	845
0	0
15	0
109	71
281	2652
201	50
7	0
0	0
0	0
2	0
0	0
0	0
0	1157
0	0
28	38
0	0
0	39
3	756
0	2207
0	0
1047	279
14564	313
5787	4
69526	0
11675	0
0	3
610	69
311	8
44	69
141	8
112	162
82	0
30	0
12	2093
67	2382
0	0
0	0
0	0
0	0
8	22
0	12
0	2
1	41
27	0
0	0
0	0
0	0
0	57
257	21
9	0
121	482
1	5
66	0
71	0
0	36
15	158
18	0
2523	0
0	0
421	464
177	342
0	0
0	0
0	0
8	11
0	0
11	90
7	0
0	0
0	0
8	63
2	0
35	22
0	0
50	0
6	74
374	0
29	0
212	98
569	77
323	0
345	0
0	0
802	397
0	0
20	0
0	0
109	242
555	1114
1	0
63	25
0	0
5	0
0	0
0	66
6	6
14628	2839
179	144
395	0
4471	61
4	686
372	0
832	20
26	281
2	0
789	150
151	13
51	0
0	1
177	143
8060	16
6	159
2	53
265	0
183	0
0	0
84	0
515	17
86	40
157	0
187	0
1	43
0	31
1	25
1174	14
0	54
101	0
1998	0
0	18
0	0
0	176
0	0
2	14
2	183
8	4
287	290
59	2
99	35
102	89
29	1514
0	0
6	15
160	1263
172	61
173	216
52	0
1	629
22	164
0	0
7	0
3	34
54	215
400	104
17	0
2	70
32	0
144	370
2	0
0	0
5	179
142	0
85	177
2	174
17	0
1986	1
57	1464
35	4
2	3
24	3
0	63
3399	10
975	0
4	201
188	0
0	24
0	0
2	6
217	70
110	93
67	63
15	47
35	1
0	0
0	95
87	49
249	449
17	58
0	21
1416	0
54	0
1	89
8013	968
512	0
9	62
25	203
122	16
309	0
987	8
391	398
4	0
31	30
67	717
482	79
52	39
657	1679
22	38
2	1
0	4
142	19
57	146
38	17
623	2319
0	0
16	0
54	14
0	0
135	1942
8	19
21	0
19	106
636	1570
202	0
212	0
16	201
478	32
8	0
441	779
129	22
138	495
116	282
64	220
1301	64
27	2041
41	0
239	60
25	111
6591	0
24	8
2	69
1	0
0	0
3	46
40	1581
33	290
98	13
7	231
256	80
0	0
1352	2648
148	664
224	232
0	0
498	178
139	36
0	0
0	0
13	72
60	10
6	2
13	0
25	0
0	0
7	0
6	37
6	31
13	2
0	0
102	174
13	1
8	0
0	0
4	0
1	0
82	0
119	0
312	21
14	298
214	0
167	110
0	9
35	52
92	0
158	294
0	0
3	0
0	0
0	0
296	253
0	0
61	7
2	1
257	0
0	190
58	105
0	199
12	68
2	1
48	0
26	6
318	110
18	93
170	618
0	0
0	87
7	220
7	0
0	606
345	0
344	375
0	0
1299	1
81	42
56	53
109	37
6	0
591	207
189	28
39	0
0	0
2	4
0	0
47	2099
116	22
343	0
168	211
19	1668
27	134
3	2079
0	2
3	22
1	0
0	0
5	2190
0	53
63	257
313	0
249	59
269	0
23	55
460	3519
0	1
0	0
0	0
0	0
56	60
53	48
0	9
21	40
0	56
52	60
0	38
0	0
112	38
117	0
5067	3
0	0
158	0
25	0
0	0
0	0
3	24
276	1141
0	0
0	0
0	36
59	185
43	6
13	0
18	1
567	1253
0	0
0	0
20	365
1	0
11	0
290	0
73	35
51	0
0	1
0	0
0	188
375	765
7110	1357
151	614
90	285
8	1104
99	0
1	58
130	336
30	197
2	91
292	1279
23	0
19	0
305	0
580	1034
4	84
24	173
12	3
245	59
3929	87
29	95
21	0
154	408
153	64
3	197
686	91
7	66
0	0
3112	0
1568	1481
80	329
55	415
0	37
1009	27
1	0
261	740
25	2069
6	1523
2	0
18	1389
68	0
82	3041
4	0
11	4
0	4
0	0
64	565
189	45
27	22
3	2
0	17
61	128
58	948
0	0
1	0
60	52
21	37
17	131
2	1
111	213
0	0
0	0
198	5
168	7
307	23
82	3
2770	2207
339	0
53	6
7	1
11	3
634	0
0	6
4	109
7	317
0	4
148	905
496	0
0	0
0	2
2	0
74	16
1	0
24	3047
19	8
2164	4
5	33
28	0
450	2425
300	1439
62	224
0	0
0	167
28	30
1811	2
18	175
2	9
29	243
8	12
5	66
264	19
153	1
0	3
60	0
1251	0
21	27
2	2231
15	0
7	10
45	0
422	344
118	0
5	174
0	0
0	0
3	0
1	286
3	0
84	1455
37	258
21	1
199	419
776	422
30	0
127	164
460	5132
0	0
221	0
45	2232
522	8
213	0
164	95
49	360
58	100
0	0
0	0
0	0
0	0
0	0
0	0
0	0
0	0
0	0
0	0
27	4
0	0
0	0
0	0
0	0
0	0
0	0
0	0
0	0
0	0
0	0
39	252
0	0
0	0
0	0
0	0
0	0
0	0
0	0
0	0
0	0
0	0
80	632
0	0
0	0
0	0
0	0
0	0
0	0
0	0
0	0
0	0
0	0
268	57
0	0
0	0
0	0
0	0
0	0
0	0
0	0
0	0
0	0
0	0
4	63
0	0
0	0
0	0
0	0
0	0
1	3
0	0
0	0
0	0
0	0
2	574
0	0
0	0
0	0
0	0
0	0
0	0
0	0
0	0
0	0
0	0
206	0
0	0
0	0
0	0
0	0
0	0
0	0
0	0
0	0
0	0
0	0
2	31
0	0
0	0
0	0
0	0
0	0
0	0
0	0
0	0
0	0
0	0
3	76
0	0
0	0
0	0
0	0
0	0
0	0
0	0
0	0
0	0
0	0
26	39
0	0
0	0
0	0
0	0
0	0
0	0
0	0
0	0
0	0
0	0
0	8
0	0
0	0
0	0
0	0
0	0
0	0
0	0
0	0
0	0
0	0
0	0
0	0
0	0
0	0
0	0
0	0
0	0
0	0
0	0
0	0
2	0
0	0
0	3
0	0
0	0
0	0
0	0
0	0
0	0
0	0
64	396
0	0
0	0
0	0
0	0
0	0
0	0
0	0
0	0
0	0
2	0
442	0
1	0
574	0
19	208
0	0
10	118
2	0
24	973
3	0
765	0
0	0
0	0
182	1
0	0
509	243
1958	474
0	0
8	0
25	0
0	0
27	242
37	47
58	0
101	488
161	677
0	0
127	61
0	0
35	0
2	78
10	0
258	359
0	0
3	8
19	43
0	0
0	0
0	0
19	76
15	0
0	0
1	0
50	0
56	0
203	503
2	0
96	117
145	339
2451	0
20	412
2929	2
10	5
9	148
0	0
0	0
0	0
18	68
9	118
1	0
37	48
598	1258
79	222
28	578
3	399
72	55
2	161
6	0
67	68
1	10
0	0
2	1
5	3
1	2
2	0
69	1393
40	31
0	9
1	35
38	2499
0	9
0	0
5	75
81	434
0	0
0	0
0	0
0	0
0	0
1	1
3	22
0	0
36	0
0	0
0	44
1002	0
0	2
199	0
38	0
0	0
0	0
0	43
0	17
190	1144
2680	5
0	0
8	224
1	0
0	0
0	204
0	0
1	0
191	549
5	0
102	909
351	317
3	296
0	19
4	3
0	0
30	118
248	600
1116	7
0	0
0	0
0	6
0	14
0	0
307	0
233	0
198	0
6	128
170	4
112	150
2	0
0	344
0	0
817	0
39	14
297	4
257	0
47	21
100	2
215	41
21	0
0	0
67	0
1029	6
383	246
13	0
0	0
2	211
0	0
0	0
535	645
3	2
32	0
0	430
52	372
122	434
1	104
22	1129
10	0
0	0
0	0
28	0
0	6
0	0
19	0
0	0
14	13
4	516
2	33
2	253
5	483
0	0
31	0
67	166
0	0
226	462
0	0
321	0
7	160
0	0
216	0
434	0
121	278
113	177
34	448
46	0
41	6
0	1
0	1
0	827
18	63
24	91
2	244
3	0
5499	309
5	1
217	0
97	0
122	38
535	10
509	2145
0	1
6	0
32	1
335	992
8	53
0	0
0	0
0	1
470	228
593	1
0	0
0	0
2	0
13	0
1656	689
0	0
1	0
0	0
374	15
14	243
0	0
0	11
494	295
265	62
45	112
0	0
0	0
28	1243
0	0
8	263
784	15
3	110
2	95
18	0
0	0
8	333
0	0
0	0
16	60
0	0
0	0
0	3
0	12
3	24
0	0
236	0
337	1421
0	7
0	0
0	47
40	796
2678	0
167	756
134	75
0	0
2	23
136	0
167	15
74	0
2	41
6	0
16	0
0	2897
3	14
228	1344
0	0
31	194
2	0
0	0
38	0
300	1830
14	205
106	242
0	1502
0	2
13	11
1	0
445	0
609	0
1267	59
741	1
307	300
2	500
153	110
3	4
207	15
260	61
88	408
250	115
135	59
48	268
17	2
124	0
57	0
635	10
0	0
38	34
0	105
0	0
47	223
0	1
354	299
4	578
60	58
55	61
0	5
53	9
94	120
1050	1285
35	821
0	8
4	164
1	1
6	0
5	134
59	874
62	3
5	0
1224	11
1191	55
76	66
20	24
470	21
0	0
0	0
1507	84
0	0
2	0
1	0
581	57
522	26
6	3
13	0
0	0
29	27
145	383
1	5
4	0
0	0
0	29
0	0
0	0
0	0
269	437
8	20
0	0
6	158
6	103
25	33
153	21
42	0
45	223
11	130
44	23
0	0
651	1240
2043	182
0	0
0	0
831	2482
282	0
1	0
0	0
17	53
186	666
87	11
81	41
77	4
252	0
463	550
484	1
7055	672
0	51
0	0
0	0
0	0
19	2252
133	587
567	833
0	0
0	0
1	71
0	2
17	1818
62	0
593	224
42	0
462	0
1572	0
3	31
184	25
384	457
368	701
56	24
0	0
17	185
5	163
0	42
142	690
3	0
0	0
1	670
0	0
1	11
0	0
66	2142
0	0
0	4
10	12
163	60
47	216
1	22
9	173
0	0
19	0
36	0
776	340
2839	0
0	0
31	19
0	86
25	597
86	23
1	2
0	0
84	0
4	0
2	0
0	0
3	10
2	0
0	0
2887	109
0	0
1613	0
5	0
0	0
1	14
0	0
0	0
8	6
0	1294
587	5
0	668
1165	3
0	0
6	0
29	2
53	853
0	75
21	1249
174	0
334	0
26	0
0	0
308	160
439	0
337	134
0	0
475	490
117	551
0	20
2	968
0	0
0	0
189	37
9	24
281	0
166	4
124	724
309	0
0	0
0	0
0	0
0	0
424	1606
117	51
3	0
195	68
7	14
144	14
6	97
20	207
0	0
1	0
1607	0
353	631
1	0
4	0
79	0
0	0
8	1129
15	761
0	10
632	3905
0	0
17	186
1	0
7	0
26	9
0	921
173	2
30	0
6	0
24	50
9	0
20	138
20	14
1429	365
126	46
173	1
132	0
60	274
438	1107
24	0
88	2
24	256
176	886
124	129
0	0
0	0
42	724
35	1
518	414
38	132
21	399
13	1234
1	0
2	0
22	40
1	35
110	9
129	0
144	1
394	0
432	3
52	335
56	370
4	11
0	0
15	48
0	14
0	0
62	69
0	2
1413	0
124	2
1192	0
517	483
2219	124
46	848
888	3179
1	2
0	3
355	32
1	376
0	0
40	293
118	0
447	0
1946	0
0	0
1	219
195	617
1	0
123	161
3	19
0	0
0	0
259	0
143	190
28	0
55	0
0	2
95	1
51	0
4	40
1	12
0	0
0	0
0	0
0	0
40	0
5	7
0	0
75	152
41	300
29	0
2	5
205	211
1177	54
496	16
149	12
42	3
70	31
5	0
6	56
256	4
0	92
12	92
78	57
0	2
18	1409
1	0
5977	0
0	1
301	1660
2	22
0	51
0	0
3	51
0	203
99	101
15	7
2	279
0	0
49	0
17	590
79	818
212	219
132	12
246	29
474	0
8	0
1266	2
39	8
63	235
1	8
95	0
1	0
338	2181
0	0
0	0
1	26
0	0
0	0
0	0
294	89
12	0
149	513
95	208
51	0
121	0
49	67
2	0
1057	0
15	0
496	1
451	6
3830	0
3	5
93	0
866	0
229	30
0	0
0	0
0	0
1	135
174	2006
133	116
1	64
147	312
132	17
120	0
11	64
312	0
336	0
59	609
5296	14
28	122
25	991
4	298
126	144
6	95
423	2930
49	21
0	2
17	508
0	15
26	40
0	51
33	328
0	4
2	45
2	0
480	1032
654	3566
26	288
652	11
60	33
0	0
0	0
0	17
27	3
137	0
12	0
13	17
10	0
61	39
282	0
8559	0
192	483
7	407
7	0
6	118
0	0
0	0
438	173
86	50
5	110
120	632
15	8
3	0
799	272
8	0
181	0
25	0
1	0
153	0
288	70
846	28
357	0
2	1
150	162
41	2
13	78
321	0
89	1266
48	110
182	20
1013	594
797	2367
28	0
8	1043
0	0
73	422
38	117
486	0
2539	3
63	0
75	3
3	0
1141	0
349	33
4	3
0	0
2	8
0	0
182	161
458	10
8	0
12	53
41	0
0	0
86	450
12	22
143	0
14	43
16	3
83	13
0	0
13	339
0	0
0	13
0	14
0	0
1	0
2	81
0	3
18	43
0	6
71	19
7	8
3	38
648	1004
103	0
44	0
39	0
77	5
7	0
1103	0
24	0
54	0
264	37
0	0
224	0
4	277
0	0
0	0
0	0
0	0
0	0
79	110
9	859
0	0
0	0
116	2860
0	1
1	0
0	319
84	0
6	0
10757	12240
0	0
0	0
10	0
4	0
168	0
18	146
65	3417
124	0
813	116
0	0
0	0
0	0
0	1
7	198
70	67
58	176
4	21
14	0
165	16
1	0
0	109
2	0
0	0
3	10
23	16
1	12
3	3
0	24
242	726
54	0
194	0
71	158
0	0
864	153
0	0
13	77
44	85
130	0
3	181
186	123
0	0
0	0
0	0
2	0
7	12
27	35
0	1
0	0
3	6
0	0
0	0
930	0
0	0
0	0
0	0
0	38
553	637
0	0
305	3
19	0
250	80
16	14
0	0
1	0
0	0
0	0
0	2
90	558
24	104
81	185
0	10
2	0
0	0
2	4
8	230
10	189
48	191
1169	741
3	0
7	53
6	123
34	650
51	245
194	350
3743	42
29	87
51	20
84	0
55	446
59	37
0	0
241	9
110	78
0	0
10	0
63	0
1	0
0	0
154	0
28	0
5	0
0	0
0	0
0	0
23	0
233	2672
14	94
44	1769
0	255
161	0
358	1
153	201
0	0
0	278
6	1
352	110
248	1
30	481
4	355
0	0
0	0
0	1039
0	0
1077	108
59	1412
87	35
259	155
783	2249
0	0
41	1
0	1040
37	2197
15	11
54	2735
259	0
25	35
334	215
4	44
1	40
1	18
5	1141
85	0
0	0
53	4
6	0
5	4
4	112
71	76
9	59
33	917
164	18
10	123
0	0
1289	0
32	275
0	0
12	0
0	0
0	0
0	0
0	0
0	0
0	140
1	0
1	21
0	0
0	1
4	1182
0	0
0	0
0	0
0	0
1	1
61	38
0	0
0	0
0	74
63	47
3	2
0	0
43	0
51	63
89	185
0	0
14	5
0	1
36	0
35	0
1	0
842	2059
0	0
13	55
319	2170
5	9
194	0
0	0
123	0
3023	52
2082	0
37	2010
1	583
34	91
2	39
0	0
2	0
4	0
1	4
11	9
13	16
5	43
18	50
7	44
0	1
1	45
0	21
0	22
101	154
0	22
5	2
0	0
2	405
223	61
621	121
26	161
159	47
90	806
7	14
93	361
0	0
114	227
7	5
2	3
0	0
3	1
810	1036
96	466
22	0
138	36
0	2
86	23
68	0
35	0
1	895
43	2
1450	1
0	0
8	2124
116	117
0	32
69	77
0	0
1653	1
262	0
1059	0
5	0
82	0
14	0
2121	3
3	0
406	24
10	0
545	0
2681	2
261	0
9	0
79	29
0	1
216	125
132	0
6	369
17	231
2	0
32	152
7546	134
16	112
224	1
203	199
108	40
50	0
36	10
72	0
26	633
1	66
160	4
3	0
98	0
137	12
3	7
1	0
477	0
133	380
0	0
377	68
0	0
204	66
155	6
0	0
12	9
0	0
0	34
0	0
0	0
0	0
14	0
0	9
0	0
0	0
0	0
91	561
2	0
0	1
75	23
10	304
10	0
0	0
3	0
37	131
4	114
56	17
3	610
9	32
0	17
14	91
10	286
0	14
407	755
57	212
284	2
422	31
718	259
73	167
0	0
0	0
0	0
13	80
2	61
118	136
91	720
190	334
892	83
0	0
0	0
11	2
320	184
0	0
0	0
0	0
0	0
1	125
0	0
249	284
61	0
228	239
184	48
37	92
43	219
1	0
12	0
8	54
4	2
0	0
0	0
0	0
0	0
12	529
0	0
0	362
0	0
0	0
0	0
0	0
0	0
0	0
0	0
0	0
0	0
0	0
5	13
0	0
0	0
0	0
0	0
0	0
0	0
0	0
0	0
0	0
0	0
0	0
0	0
0	0
0	0
0	0
0	0
0	0
0	0
0	0
0	0
0	0
68	600
13	138
0	0
0	0
0	0
0	0
0	0
0	0
0	0
0	0
0	0
0	0
146	286
0	0
0	0
0	0
0	0
0	0
0	0
0	0
0	0
63	165
845	280
68	80
15	190
80	30
0	35
11	19
0	0
21	2343
58	0
81	288
205	79
7	0
0	0
0	0
0	0
12	0
13	0
0	0
5	0
69	0
9	22
93	698
8527	186
211	57
404	4
233	215
165	3650
6	1431
24	0
0	0
0	0
0	0
0	0
0	0
17	922
2017	46
0	0
124	0
1	0
30	0
0	20
0	14
1082	0
107	0
25	0
0	0
63	0
519	719
21	36
0	0
1	0
363	80
440	1536
174	8
133	0
730	18
1	0
190	2
672	118
14	99
13	454
5	7
410	186
42	0
2	184
216	715
471	19
903	4
103	485
0	31
122	0
0	1
61	0
145	0
104	0
35	46
4	0
299	0
0	0
0	0
0	0
3	7
0	17
0	0
12	70
2	0
0	0
1	0
8569	1
56	86
108	235
135	6
3227	68
55	35
417	0
21	0
1	0
0	172
0	181
0	0
255	22
496	635
0	0
0	0
6	89
20	1740
571	0
334	1590
143	18
5	114
9622	4
0	47
0	0
10	0
0	0
0	0
0	0
11	137
43	298
97	308
35	4
76	1
6033	1
53	93
128	40
376	138
0	0
167	0
322	0
857	118
45	0
1172	0
3	35
15	4
36	0
1	0
3	214
0	0
3	175
0	1
4	1
2	0
1278	0
5	30
38	0
144	36
6	35
0	0
0	0
5	4
20	18
55	0
0	0
0	252
0	0
76	0
98	1
3	12
34	0
116	0
223	2037
27	0
9	231
4	0
1	0
1	0
3	0
1	0
0	0
0	0
0	0
29	2957
896	0
0	49
21	853
0	261
1	1579
48	213
106	478
2	0
6	69
4	0
0	14
3	27
119	2699
80	467
77	0
0	2
99	53
3581	27
84	394
24	435
86	389
