gene_id	best_hit_accession	best_hit_species	best_hit_taxid	best_hit_lineage	best_identity_pct	best_query_coverage_pct	best_evalue	best_bitscore	qualifying_hits	total_blast_hits	arthropod_hits	bacterial_hits	fungal_hits	non_arthropod_eukaryote_hits	other_prokaryote_hits	unknown_taxonomy_hits	known_taxonomy_hits	arthropod_fraction	bacterial_fraction	fungal_fraction	non_arthropod_eukaryote_fraction	other_prokaryote_fraction	classification	decision	reason	best_hit_description
g13248.t1	tr|R7UBV4|R7UBV4_CAPTE	Capitella teleta	283909	Eukaryota; Metazoa; Annelida; Polychaeta; 	32.812	85.0	1.1e-11	68.9	20	124	7	0	0	13	0	0	20	0.35	0.0	0.0	0.65	0.0	AMBIGUOUS	AMBIGUOUS	No taxonomic group reached the 70% dominance threshold among taxonomically resolved qualifying hits.	tr|R7UBV4|R7UBV4_CAPTE Uncharacterized protein OS=Capitella teleta OX=283909 PE=4 SV=1
g13252.t1	tr|A0A4C1XTL1|A0A4C1XTL1_EUMVA	Eumeta variegata	151549	Eukaryota; Metazoa; Arthropoda; Insecta; Lepidoptera	44.304	70.0	4.7e-09	61.2	1	10	1	0	0	0	0	0	1	1.0	0.0	0.0	0.0	0.0	AMBIGUOUS	AMBIGUOUS	Only 1 qualifying BLAST hit(s) were available. At least 2 qualifying hits are preferred for strong taxonomic classification.	tr|A0A4C1XTL1|A0A4C1XTL1_EUMVA Gustatory receptor OS=Eumeta variegata OX=151549 GN=EVAR_97924_1 PE=4 SV=1
g13337.t1	tr|A0AAV7IS86|A0AAV7IS86_COTGL	Cotesia glomerata	32391	Eukaryota; Metazoa; Arthropoda; Insecta; Hymenoptera	42.424	72.0	0.000633	43.9	1	7	1	0	0	0	0	0	1	1.0	0.0	0.0	0.0	0.0	AMBIGUOUS	AMBIGUOUS	Only 1 qualifying BLAST hit(s) were available. At least 2 qualifying hits are preferred for strong taxonomic classification.	tr|A0AAV7IS86|A0AAV7IS86_COTGL Reverse transcriptase (Fragment) OS=Cotesia glomerata OX=32391 GN=KQX54_000103 PE=4 SV=1
g13377.t1	tr|A0AAU9U8J1|A0AAU9U8J1_EUPED	Euphydryas editha	104508	Eukaryota; Metazoa; Arthropoda; Insecta; Lepidoptera	50.562	80.0	1.02e-16	78.6	1	10	1	0	0	0	0	0	1	1.0	0.0	0.0	0.0	0.0	AMBIGUOUS	AMBIGUOUS	Only 1 qualifying BLAST hit(s) were available. At least 2 qualifying hits are preferred for strong taxonomic classification.	tr|A0AAU9U8J1|A0AAU9U8J1_EUPED Uncharacterized protein OS=Euphydryas editha OX=104508 GN=EEDITHA_LOCUS9653 PE=4 SV=1
g13394.t1	tr|K7G5I2|K7G5I2_PELSI	Pelodiscus sinensis	13735	Eukaryota; Metazoa; Chordata; ; Testudines	31.349	88.0	1.65e-05	56.6	3	88	0	0	2	1	0	0	3	0.0	0.0	0.6666666666666666	0.3333333333333333	0.0	AMBIGUOUS	AMBIGUOUS	No taxonomic group reached the 70% dominance threshold among taxonomically resolved qualifying hits.	tr|K7G5I2|K7G5I2_PELSI Uncharacterized protein OS=Pelodiscus sinensis OX=13735 PE=4 SV=1
g13429.t1	tr|A0A4C1VWP2|A0A4C1VWP2_EUMVA	Eumeta variegata	151549	Eukaryota; Metazoa; Arthropoda; Insecta; Lepidoptera	59.524	74.0	4.76e-19	87.8	1	10	1	0	0	0	0	0	1	1.0	0.0	0.0	0.0	0.0	AMBIGUOUS	AMBIGUOUS	Only 1 qualifying BLAST hit(s) were available. At least 2 qualifying hits are preferred for strong taxonomic classification.	tr|A0A4C1VWP2|A0A4C1VWP2_EUMVA Uncharacterized protein OS=Eumeta variegata OX=151549 GN=EVAR_30510_1 PE=4 SV=1
g13445.t1	tr|A0A8J9VLG6|A0A8J9VLG6_9NEOP	Brenthis ino	405034	Eukaryota; Metazoa; Arthropoda; Insecta; Lepidoptera	48.295	85.0	1.53e-39	150.0	1	10	1	0	0	0	0	0	1	1.0	0.0	0.0	0.0	0.0	AMBIGUOUS	AMBIGUOUS	Only 1 qualifying BLAST hit(s) were available. At least 2 qualifying hits are preferred for strong taxonomic classification.	tr|A0A8J9VLG6|A0A8J9VLG6_9NEOP G-protein coupled receptors family 1 profile domain-containing protein (Fragment) OS=Brenthis ino OX=405034 GN=BINO364_LOCUS13928 PE=3 SV=1
g13454.t1	tr|A0A4C1W982|A0A4C1W982_EUMVA	Eumeta variegata	151549	Eukaryota; Metazoa; Arthropoda; Insecta; Lepidoptera	86.939	79.0	1.8e-116	345.0	1	1	1	0	0	0	0	0	1	1.0	0.0	0.0	0.0	0.0	AMBIGUOUS	AMBIGUOUS	Only 1 qualifying BLAST hit(s) were available. At least 2 qualifying hits are preferred for strong taxonomic classification.	tr|A0A4C1W982|A0A4C1W982_EUMVA Uncharacterized protein OS=Eumeta variegata OX=151549 GN=EVAR_86939_1 PE=4 SV=1
g13491.t1	tr|A0A4C1UE21|A0A4C1UE21_EUMVA	Eumeta variegata	151549	Eukaryota; Metazoa; Arthropoda; Insecta; Lepidoptera	40.995	81.0	4.53e-61	226.0	1	10	1	0	0	0	0	0	1	1.0	0.0	0.0	0.0	0.0	AMBIGUOUS	AMBIGUOUS	Only 1 qualifying BLAST hit(s) were available. At least 2 qualifying hits are preferred for strong taxonomic classification.	tr|A0A4C1UE21|A0A4C1UE21_EUMVA Uncharacterized protein OS=Eumeta variegata OX=151549 GN=EVAR_9466_1 PE=4 SV=1
g13537.t1	tr|A0A4C2A921|A0A4C2A921_EUMVA	Eumeta variegata	151549	Eukaryota; Metazoa; Arthropoda; Insecta; Lepidoptera	38.636	94.0	0.004	44.7	1	10	1	0	0	0	0	0	1	1.0	0.0	0.0	0.0	0.0	AMBIGUOUS	AMBIGUOUS	Only 1 qualifying BLAST hit(s) were available. At least 2 qualifying hits are preferred for strong taxonomic classification.	tr|A0A4C2A921|A0A4C2A921_EUMVA Retrovirus-related Pol polyprotein from type-1 retrotransposable element R1 OS=Eumeta variegata OX=151549 GN=EVAR_7585_1 PE=4 SV=1
g13540.t1	tr|A0A194Q3H0|A0A194Q3H0_PAPXU	Papilio xuthus	66420	Eukaryota; Metazoa; Arthropoda; Insecta; Lepidoptera	60.87	76.0	2.48e-18	82.4	1	10	1	0	0	0	0	0	1	1.0	0.0	0.0	0.0	0.0	AMBIGUOUS	AMBIGUOUS	Only 1 qualifying BLAST hit(s) were available. At least 2 qualifying hits are preferred for strong taxonomic classification.	tr|A0A194Q3H0|A0A194Q3H0_PAPXU Uncharacterized protein OS=Papilio xuthus OX=66420 GN=RR46_11081 PE=4 SV=1
g13543.t1	tr|A0A194Q8M1|A0A194Q8M1_PAPXU	Papilio xuthus	66420	Eukaryota; Metazoa; Arthropoda; Insecta; Lepidoptera	73.239	76.0	3.82e-87	270.0	1	10	1	0	0	0	0	0	1	1.0	0.0	0.0	0.0	0.0	AMBIGUOUS	AMBIGUOUS	Only 1 qualifying BLAST hit(s) were available. At least 2 qualifying hits are preferred for strong taxonomic classification.	tr|A0A194Q8M1|A0A194Q8M1_PAPXU BHLH domain-containing protein OS=Papilio xuthus OX=66420 GN=RR46_05082 PE=4 SV=1
g13574.t1	tr|A0A8J6H9X2|A0A8J6H9X2_TENMO	Tenebrio molitor	7067	Eukaryota; Metazoa; Arthropoda; Insecta; Coleoptera	33.01	80.0	0.029	43.9	1	8	1	0	0	0	0	0	1	1.0	0.0	0.0	0.0	0.0	AMBIGUOUS	AMBIGUOUS	Only 1 qualifying BLAST hit(s) were available. At least 2 qualifying hits are preferred for strong taxonomic classification.	tr|A0A8J6H9X2|A0A8J6H9X2_TENMO Uncharacterized protein OS=Tenebrio molitor OX=7067 GN=GEV33_012254 PE=4 SV=1
g13583.t1	tr|A0A9N8KU55|A0A9N8KU55_CHRIL	Chrysodeixis includens	689277	Eukaryota; Metazoa; Arthropoda; Insecta; Lepidoptera	64.856	88.0	0.0	704.0	1	10	1	0	0	0	0	0	1	1.0	0.0	0.0	0.0	0.0	AMBIGUOUS	AMBIGUOUS	Only 1 qualifying BLAST hit(s) were available. At least 2 qualifying hits are preferred for strong taxonomic classification.	tr|A0A9N8KU55|A0A9N8KU55_CHRIL Runt domain-containing protein OS=Chrysodeixis includens OX=689277 GN=CINC_LOCUS4188 PE=4 SV=1
g13607.t1	tr|B4N5R8|B4N5R8_DROWI	Drosophila willistoni	7260	Eukaryota; Metazoa; Arthropoda; Insecta; Diptera	40.93	87.0	0.003	48.9	1	5	1	0	0	0	0	0	1	1.0	0.0	0.0	0.0	0.0	AMBIGUOUS	AMBIGUOUS	Only 1 qualifying BLAST hit(s) were available. At least 2 qualifying hits are preferred for strong taxonomic classification.	tr|B4N5R8|B4N5R8_DROWI Uncharacterized protein OS=Drosophila willistoni OX=7260 GN=Dwil\GK17927 PE=4 SV=2
g13639.t1	tr|A0A4C1XTW3|A0A4C1XTW3_EUMVA	Eumeta variegata	151549	Eukaryota; Metazoa; Arthropoda; Insecta; Lepidoptera	53.833	99.0	1.7e-171	518.0	1	19	1	0	0	0	0	0	1	1.0	0.0	0.0	0.0	0.0	AMBIGUOUS	AMBIGUOUS	Only 1 qualifying BLAST hit(s) were available. At least 2 qualifying hits are preferred for strong taxonomic classification.	tr|A0A4C1XTW3|A0A4C1XTW3_EUMVA Eukaryotic translation initiation factor 4 gamma 3 OS=Eumeta variegata OX=151549 GN=EIF4G3 PE=4 SV=1
g13705.t1	tr|A0A7F5QYT5|A0A7F5QYT5_AGRPL	Agrilus planipennis	224129	Eukaryota; Metazoa; Arthropoda; Insecta; Coleoptera	30.595	77.0	4.13e-24	114.0	1	11	1	0	0	0	0	0	1	1.0	0.0	0.0	0.0	0.0	AMBIGUOUS	AMBIGUOUS	Only 1 qualifying BLAST hit(s) were available. At least 2 qualifying hits are preferred for strong taxonomic classification.	tr|A0A7F5QYT5|A0A7F5QYT5_AGRPL Stress-activated map kinase-interacting protein 1 OS=Agrilus planipennis OX=224129 GN=LOC108738360 PE=3 SV=1
g13729.t1	tr|A0A9N8L0E4|A0A9N8L0E4_CHRIL	Chrysodeixis includens	689277	Eukaryota; Metazoa; Arthropoda; Insecta; Lepidoptera	53.086	74.0	5.7e-47	164.0	1	10	1	0	0	0	0	0	1	1.0	0.0	0.0	0.0	0.0	AMBIGUOUS	AMBIGUOUS	Only 1 qualifying BLAST hit(s) were available. At least 2 qualifying hits are preferred for strong taxonomic classification.	tr|A0A9N8L0E4|A0A9N8L0E4_CHRIL Uncharacterized protein OS=Chrysodeixis includens OX=689277 GN=CINC_LOCUS5369 PE=4 SV=1
g13745.t1	tr|A0A8C2ZZG1|A0A8C2ZZG1_CYCLU	Cyclopterus lumpus	8103	Eukaryota; Metazoa; Chordata; Actinopteri; Perciformes	45.679	99.0	7.63e-13	71.2	191	261	0	63	13	115	0	0	191	0.0	0.3298429319371728	0.06806282722513089	0.6020942408376964	0.0	AMBIGUOUS	AMBIGUOUS	No taxonomic group reached the 70% dominance threshold among taxonomically resolved qualifying hits.	tr|A0A8C2ZZG1|A0A8C2ZZG1_CYCLU Uncharacterized protein OS=Cyclopterus lumpus OX=8103 PE=4 SV=1
g13762.t1	tr|A0A4C1VN90|A0A4C1VN90_EUMVA	Eumeta variegata	151549	Eukaryota; Metazoa; Arthropoda; Insecta; Lepidoptera	56.604	75.0	9.35e-07	52.0	1	10	1	0	0	0	0	0	1	1.0	0.0	0.0	0.0	0.0	AMBIGUOUS	AMBIGUOUS	Only 1 qualifying BLAST hit(s) were available. At least 2 qualifying hits are preferred for strong taxonomic classification.	tr|A0A4C1VN90|A0A4C1VN90_EUMVA Uncharacterized protein OS=Eumeta variegata OX=151549 GN=EVAR_39218_1 PE=4 SV=1
g13822.t1	tr|A0A4C1Z0U0|A0A4C1Z0U0_EUMVA	Eumeta variegata	151549	Eukaryota; Metazoa; Arthropoda; Insecta; Lepidoptera	98.077	98.0	2.44e-29	109.0	10	10	6	0	0	4	0	0	10	0.6	0.0	0.0	0.4	0.0	AMBIGUOUS	AMBIGUOUS	No taxonomic group reached the 70% dominance threshold among taxonomically resolved qualifying hits.	tr|A0A4C1Z0U0|A0A4C1Z0U0_EUMVA cGMP-dependent protein kinase egl-4 OS=Eumeta variegata OX=151549 GN=egl-4 PE=4 SV=1
g13825.t1	tr|A0A4C1T646|A0A4C1T646_EUMVA	Eumeta variegata	151549	Eukaryota; Metazoa; Arthropoda; Insecta; Lepidoptera	62.909	100.0	3.81e-79	248.0	1	10	1	0	0	0	0	0	1	1.0	0.0	0.0	0.0	0.0	AMBIGUOUS	AMBIGUOUS	Only 1 qualifying BLAST hit(s) were available. At least 2 qualifying hits are preferred for strong taxonomic classification.	tr|A0A4C1T646|A0A4C1T646_EUMVA Uncharacterized protein OS=Eumeta variegata OX=151549 GN=EVAR_78294_1 PE=4 SV=1
g13828.t1	tr|A0A4C1T3Z2|A0A4C1T3Z2_EUMVA	Eumeta variegata	151549	Eukaryota; Metazoa; Arthropoda; Insecta; Lepidoptera	57.143	100.0	0.0	641.0	1	18	1	0	0	0	0	0	1	1.0	0.0	0.0	0.0	0.0	AMBIGUOUS	AMBIGUOUS	Only 1 qualifying BLAST hit(s) were available. At least 2 qualifying hits are preferred for strong taxonomic classification.	tr|A0A4C1T3Z2|A0A4C1T3Z2_EUMVA Uncharacterized protein OS=Eumeta variegata OX=151549 GN=EVAR_78300_1 PE=4 SV=1
g13886.t1	tr|A0A4C1SF67|A0A4C1SF67_EUMVA	Eumeta variegata	151549	Eukaryota; Metazoa; Arthropoda; Insecta; Lepidoptera	49.565	81.0	1.5e-26	105.0	1	10	1	0	0	0	0	0	1	1.0	0.0	0.0	0.0	0.0	AMBIGUOUS	AMBIGUOUS	Only 1 qualifying BLAST hit(s) were available. At least 2 qualifying hits are preferred for strong taxonomic classification.	tr|A0A4C1SF67|A0A4C1SF67_EUMVA Uncharacterized protein OS=Eumeta variegata OX=151549 GN=EVAR_74222_1 PE=4 SV=1
g13921.t1	tr|A0ACF8L8J0|A0ACF8L8J0_9NEOP	Scirpophaga incertulas	72366	Eukaryota; Metazoa; Arthropoda; Insecta; Lepidoptera	91.289	100.0	0.0	528.0	3	10	2	0	0	1	0	0	3	0.6666666666666666	0.0	0.0	0.3333333333333333	0.0	AMBIGUOUS	AMBIGUOUS	No taxonomic group reached the 70% dominance threshold among taxonomically resolved qualifying hits.	tr|A0ACF8L8J0|A0ACF8L8J0_9NEOP Uncharacterized protein OS=Scirpophaga incertulas OX=72366 GN=ACJJTC_011784 PE=4 SV=1
g13972.t1	tr|A0A4C1WMQ7|A0A4C1WMQ7_EUMVA	Eumeta variegata	151549	Eukaryota; Metazoa; Arthropoda; Insecta; Lepidoptera	38.272	95.0	0.022	40.8	1	1	1	0	0	0	0	0	1	1.0	0.0	0.0	0.0	0.0	AMBIGUOUS	AMBIGUOUS	Only 1 qualifying BLAST hit(s) were available. At least 2 qualifying hits are preferred for strong taxonomic classification.	tr|A0A4C1WMQ7|A0A4C1WMQ7_EUMVA Uncharacterized protein OS=Eumeta variegata OX=151549 GN=EVAR_27688_1 PE=4 SV=1
g13986.t2	tr|A0A4C1Y676|A0A4C1Y676_EUMVA	Eumeta variegata	151549	Eukaryota; Metazoa; Arthropoda; Insecta; Lepidoptera	34.783	79.0	7.75e-18	92.4	1	10	1	0	0	0	0	0	1	1.0	0.0	0.0	0.0	0.0	AMBIGUOUS	AMBIGUOUS	Only 1 qualifying BLAST hit(s) were available. At least 2 qualifying hits are preferred for strong taxonomic classification.	tr|A0A4C1Y676|A0A4C1Y676_EUMVA ATP-dependent DNA helicase OS=Eumeta variegata OX=151549 GN=EVAR_53507_1 PE=4 SV=1
g14019.t1	tr|A0A4C1V271|A0A4C1V271_EUMVA	Eumeta variegata	151549	Eukaryota; Metazoa; Arthropoda; Insecta; Lepidoptera	43.077	73.0	0.001	44.7	1	10	1	0	0	0	0	0	1	1.0	0.0	0.0	0.0	0.0	AMBIGUOUS	AMBIGUOUS	Only 1 qualifying BLAST hit(s) were available. At least 2 qualifying hits are preferred for strong taxonomic classification.	tr|A0A4C1V271|A0A4C1V271_EUMVA Uncharacterized protein OS=Eumeta variegata OX=151549 GN=EVAR_81223_1 PE=4 SV=1
g14043.t1	tr|A0A4C1U0C6|A0A4C1U0C6_EUMVA	Eumeta variegata	151549	Eukaryota; Metazoa; Arthropoda; Insecta; Lepidoptera	84.444	93.0	0.0	547.0	10	10	5	5	0	0	0	0	10	0.5	0.5	0.0	0.0	0.0	AMBIGUOUS	AMBIGUOUS	No taxonomic group reached the 70% dominance threshold among taxonomically resolved qualifying hits.	tr|A0A4C1U0C6|A0A4C1U0C6_EUMVA D-erythronate dehydrogenase OS=Eumeta variegata OX=151549 GN=denD PE=4 SV=1
g14055.t1	tr|A0A4C1XPK8|A0A4C1XPK8_EUMVA	Eumeta variegata	151549	Eukaryota; Metazoa; Arthropoda; Insecta; Lepidoptera	54.902	88.0	1.79e-21	92.4	1	3	1	0	0	0	0	0	1	1.0	0.0	0.0	0.0	0.0	AMBIGUOUS	AMBIGUOUS	Only 1 qualifying BLAST hit(s) were available. At least 2 qualifying hits are preferred for strong taxonomic classification.	tr|A0A4C1XPK8|A0A4C1XPK8_EUMVA Uncharacterized protein OS=Eumeta variegata OX=151549 GN=EVAR_103310_1 PE=4 SV=1
g14142.t1	tr|A0A4C1X5Z9|A0A4C1X5Z9_EUMVA	Eumeta variegata	151549	Eukaryota; Metazoa; Arthropoda; Insecta; Lepidoptera	70.93	71.0	9.04e-28	112.0	1	10	1	0	0	0	0	0	1	1.0	0.0	0.0	0.0	0.0	AMBIGUOUS	AMBIGUOUS	Only 1 qualifying BLAST hit(s) were available. At least 2 qualifying hits are preferred for strong taxonomic classification.	tr|A0A4C1X5Z9|A0A4C1X5Z9_EUMVA Uncharacterized protein OS=Eumeta variegata OX=151549 GN=EVAR_54661_1 PE=4 SV=1
g14155.t1	tr|A0ABQ7R1Y0|A0ABQ7R1Y0_PLUXY	Plutella xylostella	51655	Eukaryota; Metazoa; Arthropoda; Insecta; Lepidoptera	35.789	87.0	3.85e-07	57.0	1	10	1	0	0	0	0	0	1	1.0	0.0	0.0	0.0	0.0	AMBIGUOUS	AMBIGUOUS	Only 1 qualifying BLAST hit(s) were available. At least 2 qualifying hits are preferred for strong taxonomic classification.	tr|A0ABQ7R1Y0|A0ABQ7R1Y0_PLUXY G-protein coupled receptors family 1 profile domain-containing protein OS=Plutella xylostella OX=51655 GN=JYU34_002342 PE=3 SV=1
g14159.t1	tr|A0A4C1TSM9|A0A4C1TSM9_EUMVA	Eumeta variegata	151549	Eukaryota; Metazoa; Arthropoda; Insecta; Lepidoptera	80.233	91.0	1.26e-40	138.0	1	10	1	0	0	0	0	0	1	1.0	0.0	0.0	0.0	0.0	AMBIGUOUS	AMBIGUOUS	Only 1 qualifying BLAST hit(s) were available. At least 2 qualifying hits are preferred for strong taxonomic classification.	tr|A0A4C1TSM9|A0A4C1TSM9_EUMVA Uncharacterized protein OS=Eumeta variegata OX=151549 GN=EVAR_8094_1 PE=4 SV=1
g14176.t1	tr|A0A4C1VU17|A0A4C1VU17_EUMVA	Eumeta variegata	151549	Eukaryota; Metazoa; Arthropoda; Insecta; Lepidoptera	90.984	92.0	2.02e-34	125.0	1	10	1	0	0	0	0	0	1	1.0	0.0	0.0	0.0	0.0	AMBIGUOUS	AMBIGUOUS	Only 1 qualifying BLAST hit(s) were available. At least 2 qualifying hits are preferred for strong taxonomic classification.	tr|A0A4C1VU17|A0A4C1VU17_EUMVA Zinc finger CCHC domain-containing protein 10 OS=Eumeta variegata OX=151549 GN=ZCCHC10 PE=4 SV=1
g14178.t1	tr|A0ACB9GLX4|A0ACB9GLX4_9ASTR	Smallanthus sonchifolius	185202	Eukaryota; Viridiplantae; Streptophyta; Magnoliopsida; Asterales	31.443	70.0	3.14e-23	107.0	1	10	0	0	0	1	0	0	1	0.0	0.0	0.0	1.0	0.0	AMBIGUOUS	AMBIGUOUS	Only 1 qualifying BLAST hit(s) were available. At least 2 qualifying hits are preferred for strong taxonomic classification.	tr|A0ACB9GLX4|A0ACB9GLX4_9ASTR Uncharacterized protein OS=Smallanthus sonchifolius OX=185202 GN=L1987_43173 PE=4 SV=1
g14184.t1	tr|A0A4C1U0C6|A0A4C1U0C6_EUMVA	Eumeta variegata	151549	Eukaryota; Metazoa; Arthropoda; Insecta; Lepidoptera	85.22	100.0	0.0	563.0	10	10	5	5	0	0	0	0	10	0.5	0.5	0.0	0.0	0.0	AMBIGUOUS	AMBIGUOUS	No taxonomic group reached the 70% dominance threshold among taxonomically resolved qualifying hits.	tr|A0A4C1U0C6|A0A4C1U0C6_EUMVA D-erythronate dehydrogenase OS=Eumeta variegata OX=151549 GN=denD PE=4 SV=1
g14186.t1	tr|A0A4C1U0J9|A0A4C1U0J9_EUMVA	Eumeta variegata	151549	Eukaryota; Metazoa; Arthropoda; Insecta; Lepidoptera	78.55	88.0	0.0	541.0	1	10	1	0	0	0	0	0	1	1.0	0.0	0.0	0.0	0.0	AMBIGUOUS	AMBIGUOUS	Only 1 qualifying BLAST hit(s) were available. At least 2 qualifying hits are preferred for strong taxonomic classification.	tr|A0A4C1U0J9|A0A4C1U0J9_EUMVA Uncharacterized protein OS=Eumeta variegata OX=151549 GN=EVAR_8920_1 PE=4 SV=1
g14202.t1	tr|A0A1W1YAI4|A0A1W1YAI4_9HYPH	Fulvimarina manganoxydans	937218	Bacteria; Pseudomonadati; Pseudomonadota; Alphaproteobacteria; Hyphomicrobiales	33.333	78.0	0.01	44.7	1	1	0	1	0	0	0	0	1	0.0	1.0	0.0	0.0	0.0	AMBIGUOUS	AMBIGUOUS	Only 1 qualifying BLAST hit(s) were available. At least 2 qualifying hits are preferred for strong taxonomic classification.	tr|A0A1W1YAI4|A0A1W1YAI4_9HYPH Microcystinase C OS=Fulvimarina manganoxydans OX=937218 GN=SAMN06297251_101113 PE=3 SV=1
g14216.t1	tr|A0A4C1W1D9|A0A4C1W1D9_EUMVA	Eumeta variegata	151549	Eukaryota; Metazoa; Arthropoda; Insecta; Lepidoptera	30.556	93.0	0.02	42.4	1	11	1	0	0	0	0	0	1	1.0	0.0	0.0	0.0	0.0	AMBIGUOUS	AMBIGUOUS	Only 1 qualifying BLAST hit(s) were available. At least 2 qualifying hits are preferred for strong taxonomic classification.	tr|A0A4C1W1D9|A0A4C1W1D9_EUMVA Uncharacterized protein OS=Eumeta variegata OX=151549 GN=EVAR_27266_1 PE=4 SV=1
g14232.t1	tr|A0A4C1ZF73|A0A4C1ZF73_EUMVA	Eumeta variegata	151549	Eukaryota; Metazoa; Arthropoda; Insecta; Lepidoptera	36.364	99.0	3.92e-12	72.4	1	10	1	0	0	0	0	0	1	1.0	0.0	0.0	0.0	0.0	AMBIGUOUS	AMBIGUOUS	Only 1 qualifying BLAST hit(s) were available. At least 2 qualifying hits are preferred for strong taxonomic classification.	tr|A0A4C1ZF73|A0A4C1ZF73_EUMVA Retrovirus-related Pol polyprotein from transposon 412 OS=Eumeta variegata OX=151549 GN=POL PE=4 SV=1
g14241.t1	tr|A0A8L0DVA0|A0A8L0DVA0_ONCMY	Oncorhynchus mykiss	8022	Eukaryota; Metazoa; Chordata; Actinopteri; Salmoniformes	48.798	99.0	3.49e-105	342.0	204	225	101	0	0	103	0	0	204	0.4950980392156863	0.0	0.0	0.5049019607843137	0.0	AMBIGUOUS	AMBIGUOUS	No taxonomic group reached the 70% dominance threshold among taxonomically resolved qualifying hits.	tr|A0A8L0DVA0|A0A8L0DVA0_ONCMY Uncharacterized protein OS=Oncorhynchus mykiss OX=8022 PE=4 SV=1
g14250.t2	tr|A0A4C1YCS1|A0A4C1YCS1_EUMVA	Eumeta variegata	151549	Eukaryota; Metazoa; Arthropoda; Insecta; Lepidoptera	33.526	72.0	1.29e-07	62.4	1	10	1	0	0	0	0	0	1	1.0	0.0	0.0	0.0	0.0	AMBIGUOUS	AMBIGUOUS	Only 1 qualifying BLAST hit(s) were available. At least 2 qualifying hits are preferred for strong taxonomic classification.	tr|A0A4C1YCS1|A0A4C1YCS1_EUMVA Zinc finger protein 112 OS=Eumeta variegata OX=151549 GN=ZNF112 PE=3 SV=1
g14253.t1	tr|A0ABM3FIK3|A0ABM3FIK3_NEOLC	Neodiprion lecontei	441921	Eukaryota; Metazoa; Arthropoda; Insecta; Hymenoptera	35.487	77.0	0.0	679.0	88	192	49	0	0	39	0	0	88	0.5568181818181818	0.0	0.0	0.4431818181818182	0.0	AMBIGUOUS	AMBIGUOUS	No taxonomic group reached the 70% dominance threshold among taxonomically resolved qualifying hits.	tr|A0ABM3FIK3|A0ABM3FIK3_NEOLC Collagen alpha-2(IV) chain isoform X4 OS=Neodiprion lecontei OX=441921 GN=LOC107222815 PE=4 SV=1
g14255.t1	tr|A0ACF8KR76|A0ACF8KR76_9NEOP	Scirpophaga incertulas	72366	Eukaryota; Metazoa; Arthropoda; Insecta; Lepidoptera	40.0	75.0	1.15e-12	72.8	1	10	1	0	0	0	0	0	1	1.0	0.0	0.0	0.0	0.0	AMBIGUOUS	AMBIGUOUS	Only 1 qualifying BLAST hit(s) were available. At least 2 qualifying hits are preferred for strong taxonomic classification.	tr|A0ACF8KR76|A0ACF8KR76_9NEOP Uncharacterized protein OS=Scirpophaga incertulas OX=72366 GN=ACJJTC_012282 PE=4 SV=1
g14264.t1	tr|A0A4C1ZE48|A0A4C1ZE48_EUMVA	Eumeta variegata	151549	Eukaryota; Metazoa; Arthropoda; Insecta; Lepidoptera	43.81	84.0	2.01e-08	57.8	1	2	1	0	0	0	0	0	1	1.0	0.0	0.0	0.0	0.0	AMBIGUOUS	AMBIGUOUS	Only 1 qualifying BLAST hit(s) were available. At least 2 qualifying hits are preferred for strong taxonomic classification.	tr|A0A4C1ZE48|A0A4C1ZE48_EUMVA Uncharacterized protein OS=Eumeta variegata OX=151549 GN=EVAR_65264_1 PE=4 SV=1
g14275.t1	tr|A0A4C1SY80|A0A4C1SY80_EUMVA	Eumeta variegata	151549	Eukaryota; Metazoa; Arthropoda; Insecta; Lepidoptera	91.304	82.0	6.8e-05	46.6	7	10	4	0	0	3	0	0	7	0.5714285714285714	0.0	0.0	0.42857142857142855	0.0	AMBIGUOUS	AMBIGUOUS	No taxonomic group reached the 70% dominance threshold among taxonomically resolved qualifying hits.	tr|A0A4C1SY80|A0A4C1SY80_EUMVA Membrane-associated progesterone receptor component 1 OS=Eumeta variegata OX=151549 GN=PGRMC1 PE=3 SV=1
g14283.t1	tr|A0A4C1UJ15|A0A4C1UJ15_EUMVA	Eumeta variegata	151549	Eukaryota; Metazoa; Arthropoda; Insecta; Lepidoptera	66.82	100.0	1.86e-97	294.0	1	11	1	0	0	0	0	0	1	1.0	0.0	0.0	0.0	0.0	AMBIGUOUS	AMBIGUOUS	Only 1 qualifying BLAST hit(s) were available. At least 2 qualifying hits are preferred for strong taxonomic classification.	tr|A0A4C1UJ15|A0A4C1UJ15_EUMVA Gustatory receptor for sugar taste 64f OS=Eumeta variegata OX=151549 GN=Gr64f PE=3 SV=1
g14304.t1	tr|A0AA85FY81|A0AA85FY81_9TREM	Schistosoma rodhaini	6188	Eukaryota; Metazoa; Platyhelminthes; Trematoda; Strigeidida	97.561	98.0	4.5e-07	52.8	1	1	0	0	0	1	0	0	1	0.0	0.0	0.0	1.0	0.0	AMBIGUOUS	AMBIGUOUS	Only 1 qualifying BLAST hit(s) were available. At least 2 qualifying hits are preferred for strong taxonomic classification.	tr|A0AA85FY81|A0AA85FY81_9TREM Uncharacterized protein OS=Schistosoma rodhaini OX=6188 PE=4 SV=1
g14335.t1	tr|A0A4C1WZD9|A0A4C1WZD9_EUMVA	Eumeta variegata	151549	Eukaryota; Metazoa; Arthropoda; Insecta; Lepidoptera	81.579	100.0	5.08e-56	178.0	1	4	1	0	0	0	0	0	1	1.0	0.0	0.0	0.0	0.0	AMBIGUOUS	AMBIGUOUS	Only 1 qualifying BLAST hit(s) were available. At least 2 qualifying hits are preferred for strong taxonomic classification.	tr|A0A4C1WZD9|A0A4C1WZD9_EUMVA Uncharacterized protein OS=Eumeta variegata OX=151549 GN=EVAR_42620_1 PE=4 SV=1
g14383.t1	tr|A0A5N6KXW2|A0A5N6KXW2_9ROSI	Carpinus fangiana	176857	Eukaryota; Viridiplantae; Streptophyta; Magnoliopsida; Fagales	33.846	79.0	0.047	41.6	1	6	0	0	0	1	0	0	1	0.0	0.0	0.0	1.0	0.0	AMBIGUOUS	AMBIGUOUS	Only 1 qualifying BLAST hit(s) were available. At least 2 qualifying hits are preferred for strong taxonomic classification.	tr|A0A5N6KXW2|A0A5N6KXW2_9ROSI Thioredoxin domain-containing protein OS=Carpinus fangiana OX=176857 GN=FH972_024251 PE=3 SV=1
g14409.t1	tr|A0ACE1N1V8|A0ACE1N1V8_BORSA	Boreogadus saida	44932	Eukaryota; Metazoa; Chordata; Actinopteri; Gadiformes	39.13	77.0	4.48e-06	53.9	34	62	11	0	0	23	0	0	34	0.3235294117647059	0.0	0.0	0.6764705882352942	0.0	AMBIGUOUS	AMBIGUOUS	No taxonomic group reached the 70% dominance threshold among taxonomically resolved qualifying hits.	tr|A0ACE1N1V8|A0ACE1N1V8_BORSA Uncharacterized protein OS=Boreogadus saida OX=44932 GN=BORSAIPOL_LOCUS27067 PE=4 SV=1
g14410.t1	tr|A0ABN8INW6|A0ABN8INW6_9NEOP	Iphiclides podalirius	110791	Eukaryota; Metazoa; Arthropoda; Insecta; Lepidoptera	47.273	77.0	0.023	40.8	1	4	1	0	0	0	0	0	1	1.0	0.0	0.0	0.0	0.0	AMBIGUOUS	AMBIGUOUS	Only 1 qualifying BLAST hit(s) were available. At least 2 qualifying hits are preferred for strong taxonomic classification.	tr|A0ABN8INW6|A0ABN8INW6_9NEOP Uncharacterized protein (Fragment) OS=Iphiclides podalirius OX=110791 GN=IPOD504_LOCUS10937 PE=4 SV=1
g14425.t1	tr|A0A4C1X7D9|A0A4C1X7D9_EUMVA	Eumeta variegata	151549	Eukaryota; Metazoa; Arthropoda; Insecta; Lepidoptera	60.194	100.0	1.81e-35	125.0	1	2	1	0	0	0	0	0	1	1.0	0.0	0.0	0.0	0.0	AMBIGUOUS	AMBIGUOUS	Only 1 qualifying BLAST hit(s) were available. At least 2 qualifying hits are preferred for strong taxonomic classification.	tr|A0A4C1X7D9|A0A4C1X7D9_EUMVA Uncharacterized protein OS=Eumeta variegata OX=151549 GN=EVAR_97334_1 PE=4 SV=1
g14453.t1	tr|A0A4C1U4W8|A0A4C1U4W8_EUMVA	Eumeta variegata	151549	Eukaryota; Metazoa; Arthropoda; Insecta; Lepidoptera	51.471	79.0	2.5e-08	58.5	1	10	1	0	0	0	0	0	1	1.0	0.0	0.0	0.0	0.0	AMBIGUOUS	AMBIGUOUS	Only 1 qualifying BLAST hit(s) were available. At least 2 qualifying hits are preferred for strong taxonomic classification.	tr|A0A4C1U4W8|A0A4C1U4W8_EUMVA Serpin domain-containing protein OS=Eumeta variegata OX=151549 GN=EVAR_12034_1 PE=3 SV=1
g14458.t1	tr|A0A4C1YF22|A0A4C1YF22_EUMVA	Eumeta variegata	151549	Eukaryota; Metazoa; Arthropoda; Insecta; Lepidoptera	56.738	73.0	3.52e-44	153.0	1	10	1	0	0	0	0	0	1	1.0	0.0	0.0	0.0	0.0	AMBIGUOUS	AMBIGUOUS	Only 1 qualifying BLAST hit(s) were available. At least 2 qualifying hits are preferred for strong taxonomic classification.	tr|A0A4C1YF22|A0A4C1YF22_EUMVA Cytochrome c oxidase subunit 6A1, mitochondrial OS=Eumeta variegata OX=151549 GN=COX6A1 PE=3 SV=1
g14501.t1	tr|A0ACM7C473|A0ACM7C473_ELAGV	Elaeis guineensis var. tenera	51953	Eukaryota; Viridiplantae; Streptophyta; Magnoliopsida; Arecales	43.228	71.0	1.26e-36	150.0	11	44	7	0	0	4	0	0	11	0.6363636363636364	0.0	0.0	0.36363636363636365	0.0	AMBIGUOUS	AMBIGUOUS	No taxonomic group reached the 70% dominance threshold among taxonomically resolved qualifying hits.	tr|A0ACM7C473|A0ACM7C473_ELAGV Uncharacterized protein OS=Elaeis guineensis var. tenera OX=51953 GN=LOC140855882 PE=4 SV=1
g14518.t1	tr|A0A4C1SYQ0|A0A4C1SYQ0_EUMVA	Eumeta variegata	151549	Eukaryota; Metazoa; Arthropoda; Insecta; Lepidoptera	81.333	71.0	3.17e-23	95.1	1	3	1	0	0	0	0	0	1	1.0	0.0	0.0	0.0	0.0	AMBIGUOUS	AMBIGUOUS	Only 1 qualifying BLAST hit(s) were available. At least 2 qualifying hits are preferred for strong taxonomic classification.	tr|A0A4C1SYQ0|A0A4C1SYQ0_EUMVA Uncharacterized protein OS=Eumeta variegata OX=151549 GN=EVAR_4760_1 PE=4 SV=1
g14553.t1	tr|A0A4C1TZG3|A0A4C1TZG3_EUMVA	Eumeta variegata	151549	Eukaryota; Metazoa; Arthropoda; Insecta; Lepidoptera	67.2	73.0	7.14e-36	136.0	1	5	1	0	0	0	0	0	1	1.0	0.0	0.0	0.0	0.0	AMBIGUOUS	AMBIGUOUS	Only 1 qualifying BLAST hit(s) were available. At least 2 qualifying hits are preferred for strong taxonomic classification.	tr|A0A4C1TZG3|A0A4C1TZG3_EUMVA Reverse transcriptase domain-containing protein OS=Eumeta variegata OX=151549 GN=EVAR_15800_1 PE=4 SV=1
g14559.t1	tr|A0A6J1WBA3|A0A6J1WBA3_GALME	Galleria mellonella	7137	Eukaryota; Metazoa; Arthropoda; Insecta; Lepidoptera	50.0	71.0	7.53e-06	52.0	1	10	1	0	0	0	0	0	1	1.0	0.0	0.0	0.0	0.0	AMBIGUOUS	AMBIGUOUS	Only 1 qualifying BLAST hit(s) were available. At least 2 qualifying hits are preferred for strong taxonomic classification.	tr|A0A6J1WBA3|A0A6J1WBA3_GALME NACHT and WD repeat domain-containing protein 2 isoform X1 OS=Galleria mellonella OX=7137 GN=LOC113511207 PE=4 SV=1
g14567.t1	tr|A0A4C1T5G4|A0A4C1T5G4_EUMVA	Eumeta variegata	151549	Eukaryota; Metazoa; Arthropoda; Insecta; Lepidoptera	45.523	82.0	0.0	1160.0	1	10	1	0	0	0	0	0	1	1.0	0.0	0.0	0.0	0.0	AMBIGUOUS	AMBIGUOUS	Only 1 qualifying BLAST hit(s) were available. At least 2 qualifying hits are preferred for strong taxonomic classification.	tr|A0A4C1T5G4|A0A4C1T5G4_EUMVA Uncharacterized protein OS=Eumeta variegata OX=151549 GN=EVAR_78217_1 PE=4 SV=1
g14620.t1	tr|E4W7K4|E4W7K4_9VIRU	Bracoviriform melanoscelae	523799	; ; ; ; 	57.273	71.0	2.01e-40	146.0	6	10	3	0	0	0	0	0	6	0.5	0.0	0.0	0.0	0.0	AMBIGUOUS	AMBIGUOUS	No taxonomic group reached the 70% dominance threshold among taxonomically resolved qualifying hits.	tr|E4W7K4|E4W7K4_9VIRU Protein tyrosine phosphatase (Fragment) OS=Bracoviriform melanoscelae OX=523799 GN=PTP R PE=3 SV=1
g14624.t1	tr|A0A8S3WWR1|A0A8S3WWR1_PARAO	Parnassius apollo	110799	Eukaryota; Metazoa; Arthropoda; Insecta; Lepidoptera	81.6	75.0	1.33e-64	209.0	1	10	1	0	0	0	0	0	1	1.0	0.0	0.0	0.0	0.0	AMBIGUOUS	AMBIGUOUS	Only 1 qualifying BLAST hit(s) were available. At least 2 qualifying hits are preferred for strong taxonomic classification.	tr|A0A8S3WWR1|A0A8S3WWR1_PARAO (apollo) hypothetical protein OS=Parnassius apollo OX=110799 GN=PAPOLLO_LOCUS11023 PE=4 SV=1
g14629.t1	tr|A0ABT4UMJ8|A0ABT4UMJ8_9BACT	Polluticaenibacter yanchengensis	3014562	Bacteria; Pseudomonadati; Bacteroidota; Chitinophagia; Chitinophagales	55.556	74.0	5.7e-09	58.2	60	91	0	15	7	38	0	0	60	0.0	0.25	0.11666666666666667	0.6333333333333333	0.0	AMBIGUOUS	AMBIGUOUS	No taxonomic group reached the 70% dominance threshold among taxonomically resolved qualifying hits.	tr|A0ABT4UMJ8|A0ABT4UMJ8_9BACT Uncharacterized protein OS=Polluticaenibacter yanchengensis OX=3014562 GN=O3P16_11180 PE=4 SV=1
g14679.t1	tr|A0A4C1XEB5|A0A4C1XEB5_EUMVA	Eumeta variegata	151549	Eukaryota; Metazoa; Arthropoda; Insecta; Lepidoptera	62.5	92.0	9.3e-46	162.0	1	10	1	0	0	0	0	0	1	1.0	0.0	0.0	0.0	0.0	AMBIGUOUS	AMBIGUOUS	Only 1 qualifying BLAST hit(s) were available. At least 2 qualifying hits are preferred for strong taxonomic classification.	tr|A0A4C1XEB5|A0A4C1XEB5_EUMVA Uncharacterized protein OS=Eumeta variegata OX=151549 GN=EVAR_53237_1 PE=4 SV=1
g14696.t1	tr|A0A4C1Y2I3|A0A4C1Y2I3_EUMVA	Eumeta variegata	151549	Eukaryota; Metazoa; Arthropoda; Insecta; Lepidoptera	87.931	83.0	1.01e-29	110.0	1	10	1	0	0	0	0	0	1	1.0	0.0	0.0	0.0	0.0	AMBIGUOUS	AMBIGUOUS	Only 1 qualifying BLAST hit(s) were available. At least 2 qualifying hits are preferred for strong taxonomic classification.	tr|A0A4C1Y2I3|A0A4C1Y2I3_EUMVA Uncharacterized protein OS=Eumeta variegata OX=151549 GN=EVAR_88689_1 PE=4 SV=1
g14697.t1	tr|A0A4C1Y442|A0A4C1Y442_EUMVA	Eumeta variegata	151549	Eukaryota; Metazoa; Arthropoda; Insecta; Lepidoptera	71.93	80.0	9.59e-17	78.6	1	4	1	0	0	0	0	0	1	1.0	0.0	0.0	0.0	0.0	AMBIGUOUS	AMBIGUOUS	Only 1 qualifying BLAST hit(s) were available. At least 2 qualifying hits are preferred for strong taxonomic classification.	tr|A0A4C1Y442|A0A4C1Y442_EUMVA Uncharacterized protein OS=Eumeta variegata OX=151549 GN=EVAR_88688_1 PE=4 SV=1
g14703.t1	tr|A0A4C1XKW4|A0A4C1XKW4_EUMVA	Eumeta variegata	151549	Eukaryota; Metazoa; Arthropoda; Insecta; Lepidoptera	72.428	74.0	1.65e-119	373.0	1	10	1	0	0	0	0	0	1	1.0	0.0	0.0	0.0	0.0	AMBIGUOUS	AMBIGUOUS	Only 1 qualifying BLAST hit(s) were available. At least 2 qualifying hits are preferred for strong taxonomic classification.	tr|A0A4C1XKW4|A0A4C1XKW4_EUMVA RNA-directed DNA polymerase OS=Eumeta variegata OX=151549 GN=EVAR_54462_1 PE=4 SV=1
g14785.t1	tr|A0ABN8BGI2|A0ABN8BGI2_CHISP	Chilo suppressalis	168631	Eukaryota; Metazoa; Arthropoda; Insecta; Lepidoptera	66.667	70.0	6.75e-37	131.0	1	10	1	0	0	0	0	0	1	1.0	0.0	0.0	0.0	0.0	AMBIGUOUS	AMBIGUOUS	Only 1 qualifying BLAST hit(s) were available. At least 2 qualifying hits are preferred for strong taxonomic classification.	tr|A0ABN8BGI2|A0ABN8BGI2_CHISP ACB domain-containing protein OS=Chilo suppressalis OX=168631 GN=CHILSU_LOCUS10058 PE=3 SV=1
g14794.t1	tr|A0ABQ8YWT5|A0ABQ8YWT5_9EUKA	Anaeramoeba flamelloides	1746091	Eukaryota; ; ; ; 	30.583	94.0	0.018	47.0	1	17	0	0	0	1	0	0	1	0.0	0.0	0.0	1.0	0.0	AMBIGUOUS	AMBIGUOUS	Only 1 qualifying BLAST hit(s) were available. At least 2 qualifying hits are preferred for strong taxonomic classification.	tr|A0ABQ8YWT5|A0ABQ8YWT5_9EUKA Molting protein mlt-4 OS=Anaeramoeba flamelloides OX=1746091 GN=M0813_00218 PE=4 SV=1
g14799.t1	tr|A0A0T6BB68|A0A0T6BB68_9SCAR	Oryctes borbonicus	1629725	Eukaryota; Metazoa; Arthropoda; Insecta; Coleoptera	35.242	74.0	1.55e-26	114.0	1	10	1	0	0	0	0	0	1	1.0	0.0	0.0	0.0	0.0	AMBIGUOUS	AMBIGUOUS	Only 1 qualifying BLAST hit(s) were available. At least 2 qualifying hits are preferred for strong taxonomic classification.	tr|A0A0T6BB68|A0A0T6BB68_9SCAR Myb/SANT-like transcription factor (Fragment) OS=Oryctes borbonicus OX=1629725 GN=AMK59_1123 PE=4 SV=1
g14806.t1	tr|A0A9N9WAH5|A0A9N9WAH5_9NEOP	Diatraea saccharalis	40085	Eukaryota; Metazoa; Arthropoda; Insecta; Lepidoptera	41.25	79.0	2.07e-12	71.6	1	10	1	0	0	0	0	0	1	1.0	0.0	0.0	0.0	0.0	AMBIGUOUS	AMBIGUOUS	Only 1 qualifying BLAST hit(s) were available. At least 2 qualifying hits are preferred for strong taxonomic classification.	tr|A0A9N9WAH5|A0A9N9WAH5_9NEOP SAM domain-containing protein OS=Diatraea saccharalis OX=40085 GN=DIATSA_LOCUS5001 PE=4 SV=1
g14820.t1	tr|A0A4C1UC12|A0A4C1UC12_EUMVA	Eumeta variegata	151549	Eukaryota; Metazoa; Arthropoda; Insecta; Lepidoptera	57.303	71.0	3.01e-23	103.0	1	10	1	0	0	0	0	0	1	1.0	0.0	0.0	0.0	0.0	AMBIGUOUS	AMBIGUOUS	Only 1 qualifying BLAST hit(s) were available. At least 2 qualifying hits are preferred for strong taxonomic classification.	tr|A0A4C1UC12|A0A4C1UC12_EUMVA DUF5641 domain-containing protein OS=Eumeta variegata OX=151549 GN=EVAR_80284_1 PE=4 SV=1
g14821.t1	tr|A0A4C1ZJC2|A0A4C1ZJC2_EUMVA	Eumeta variegata	151549	Eukaryota; Metazoa; Arthropoda; Insecta; Lepidoptera	33.613	72.0	7.65e-12	71.6	1	11	1	0	0	0	0	0	1	1.0	0.0	0.0	0.0	0.0	AMBIGUOUS	AMBIGUOUS	Only 1 qualifying BLAST hit(s) were available. At least 2 qualifying hits are preferred for strong taxonomic classification.	tr|A0A4C1ZJC2|A0A4C1ZJC2_EUMVA Uncharacterized protein OS=Eumeta variegata OX=151549 GN=EVAR_59120_1 PE=4 SV=1
g14827.t1	tr|A0A4C1ZI04|A0A4C1ZI04_EUMVA	Eumeta variegata	151549	Eukaryota; Metazoa; Arthropoda; Insecta; Lepidoptera	70.253	79.0	3.01e-63	202.0	1	103	1	0	0	0	0	0	1	1.0	0.0	0.0	0.0	0.0	AMBIGUOUS	AMBIGUOUS	Only 1 qualifying BLAST hit(s) were available. At least 2 qualifying hits are preferred for strong taxonomic classification.	tr|A0A4C1ZI04|A0A4C1ZI04_EUMVA Uncharacterized protein OS=Eumeta variegata OX=151549 GN=EVAR_103745_1 PE=4 SV=1
g14838.t1	tr|A0A4C1TVU4|A0A4C1TVU4_EUMVA	Eumeta variegata	151549	Eukaryota; Metazoa; Arthropoda; Insecta; Lepidoptera	60.959	86.0	1.24e-40	149.0	1	5	1	0	0	0	0	0	1	1.0	0.0	0.0	0.0	0.0	AMBIGUOUS	AMBIGUOUS	Only 1 qualifying BLAST hit(s) were available. At least 2 qualifying hits are preferred for strong taxonomic classification.	tr|A0A4C1TVU4|A0A4C1TVU4_EUMVA Uncharacterized protein OS=Eumeta variegata OX=151549 GN=EVAR_12920_1 PE=4 SV=1
g14863.t1	tr|A0A4C1X2Z1|A0A4C1X2Z1_EUMVA	Eumeta variegata	151549	Eukaryota; Metazoa; Arthropoda; Insecta; Lepidoptera	55.085	89.0	2.7e-26	104.0	1	6	1	0	0	0	0	0	1	1.0	0.0	0.0	0.0	0.0	AMBIGUOUS	AMBIGUOUS	Only 1 qualifying BLAST hit(s) were available. At least 2 qualifying hits are preferred for strong taxonomic classification.	tr|A0A4C1X2Z1|A0A4C1X2Z1_EUMVA Uncharacterized protein OS=Eumeta variegata OX=151549 GN=EVAR_36142_1 PE=4 SV=1
g14884.t1	tr|A0A4C1SZ11|A0A4C1SZ11_EUMVA	Eumeta variegata	151549	Eukaryota; Metazoa; Arthropoda; Insecta; Lepidoptera	51.572	100.0	2.09e-14	79.7	1	2	1	0	0	0	0	0	1	1.0	0.0	0.0	0.0	0.0	AMBIGUOUS	AMBIGUOUS	Only 1 qualifying BLAST hit(s) were available. At least 2 qualifying hits are preferred for strong taxonomic classification.	tr|A0A4C1SZ11|A0A4C1SZ11_EUMVA Regulator of chromosome condensation OS=Eumeta variegata OX=151549 GN=RCC1 PE=4 SV=1
g14888.t1	tr|A0ABR3H1Y9|A0ABR3H1Y9_LOXSC	Loxostege sticticalis	481309	Eukaryota; Metazoa; Arthropoda; Insecta; Lepidoptera	42.254	72.0	8.54e-20	95.9	1	10	1	0	0	0	0	0	1	1.0	0.0	0.0	0.0	0.0	AMBIGUOUS	AMBIGUOUS	Only 1 qualifying BLAST hit(s) were available. At least 2 qualifying hits are preferred for strong taxonomic classification.	tr|A0ABR3H1Y9|A0ABR3H1Y9_LOXSC Uncharacterized protein OS=Loxostege sticticalis OX=481309 GN=ABMA27_011282 PE=4 SV=1
g14902.t1	tr|A0A4C1XUV7|A0A4C1XUV7_EUMVA	Eumeta variegata	151549	Eukaryota; Metazoa; Arthropoda; Insecta; Lepidoptera	81.013	77.0	1.03e-29	113.0	1	10	1	0	0	0	0	0	1	1.0	0.0	0.0	0.0	0.0	AMBIGUOUS	AMBIGUOUS	Only 1 qualifying BLAST hit(s) were available. At least 2 qualifying hits are preferred for strong taxonomic classification.	tr|A0A4C1XUV7|A0A4C1XUV7_EUMVA Uncharacterized protein OS=Eumeta variegata OX=151549 GN=EVAR_60957_1 PE=4 SV=1
g14930.t1	tr|A0A4C1Y983|A0A4C1Y983_EUMVA	Eumeta variegata	151549	Eukaryota; Metazoa; Arthropoda; Insecta; Lepidoptera	43.64	91.0	4.17e-149	455.0	1	10	1	0	0	0	0	0	1	1.0	0.0	0.0	0.0	0.0	AMBIGUOUS	AMBIGUOUS	Only 1 qualifying BLAST hit(s) were available. At least 2 qualifying hits are preferred for strong taxonomic classification.	tr|A0A4C1Y983|A0A4C1Y983_EUMVA Receptor ligand binding region domain-containing protein OS=Eumeta variegata OX=151549 GN=EVAR_48835_1 PE=4 SV=1
g15038.t1	tr|A0A4C1SL37|A0A4C1SL37_EUMVA	Eumeta variegata	151549	Eukaryota; Metazoa; Arthropoda; Insecta; Lepidoptera	39.535	82.0	1.9e-18	88.6	1	10	1	0	0	0	0	0	1	1.0	0.0	0.0	0.0	0.0	AMBIGUOUS	AMBIGUOUS	Only 1 qualifying BLAST hit(s) were available. At least 2 qualifying hits are preferred for strong taxonomic classification.	tr|A0A4C1SL37|A0A4C1SL37_EUMVA Ommochrome-binding protein OS=Eumeta variegata OX=151549 GN=EVAR_69772_1 PE=4 SV=1
g15093.t1	tr|A0A4C1WWZ9|A0A4C1WWZ9_EUMVA	Eumeta variegata	151549	Eukaryota; Metazoa; Arthropoda; Insecta; Lepidoptera	72.619	89.0	1.93e-29	112.0	1	2	1	0	0	0	0	0	1	1.0	0.0	0.0	0.0	0.0	AMBIGUOUS	AMBIGUOUS	Only 1 qualifying BLAST hit(s) were available. At least 2 qualifying hits are preferred for strong taxonomic classification.	tr|A0A4C1WWZ9|A0A4C1WWZ9_EUMVA Uncharacterized protein OS=Eumeta variegata OX=151549 GN=EVAR_35899_1 PE=4 SV=1
g15143.t1	tr|A0ABN8HWM4|A0ABN8HWM4_9NEOP	Iphiclides podalirius	110791	Eukaryota; Metazoa; Arthropoda; Insecta; Lepidoptera	38.889	75.0	1.03e-09	62.0	1	12	1	0	0	0	0	0	1	1.0	0.0	0.0	0.0	0.0	AMBIGUOUS	AMBIGUOUS	Only 1 qualifying BLAST hit(s) were available. At least 2 qualifying hits are preferred for strong taxonomic classification.	tr|A0ABN8HWM4|A0ABN8HWM4_9NEOP FLYWCH-type domain-containing protein (Fragment) OS=Iphiclides podalirius OX=110791 GN=IPOD504_LOCUS2425 PE=4 SV=1
g15154.t1	tr|A0A9N9WAH5|A0A9N9WAH5_9NEOP	Diatraea saccharalis	40085	Eukaryota; Metazoa; Arthropoda; Insecta; Lepidoptera	43.038	78.0	6.5e-13	73.2	1	10	1	0	0	0	0	0	1	1.0	0.0	0.0	0.0	0.0	AMBIGUOUS	AMBIGUOUS	Only 1 qualifying BLAST hit(s) were available. At least 2 qualifying hits are preferred for strong taxonomic classification.	tr|A0A9N9WAH5|A0A9N9WAH5_9NEOP SAM domain-containing protein OS=Diatraea saccharalis OX=40085 GN=DIATSA_LOCUS5001 PE=4 SV=1
g15196.t1	tr|A0AAE0NXZ6|A0AAE0NXZ6_9PEZI	Podospora didyma	330526	Eukaryota; Fungi; Ascomycota; Sordariomycetes; Sordariales	33.333	100.0	0.015	43.9	1	15	0	0	1	0	0	0	1	0.0	0.0	1.0	0.0	0.0	AMBIGUOUS	AMBIGUOUS	Only 1 qualifying BLAST hit(s) were available. At least 2 qualifying hits are preferred for strong taxonomic classification.	tr|A0AAE0NXZ6|A0AAE0NXZ6_9PEZI Carbohydrate-binding protein (Fragment) OS=Podospora didyma OX=330526 GN=B0H63DRAFT_390404 PE=4 SV=1
g15224.t1	tr|A0A4C1VC20|A0A4C1VC20_EUMVA	Eumeta variegata	151549	Eukaryota; Metazoa; Arthropoda; Insecta; Lepidoptera	56.187	97.0	1.41e-158	466.0	1	10	1	0	0	0	0	0	1	1.0	0.0	0.0	0.0	0.0	AMBIGUOUS	AMBIGUOUS	Only 1 qualifying BLAST hit(s) were available. At least 2 qualifying hits are preferred for strong taxonomic classification.	tr|A0A4C1VC20|A0A4C1VC20_EUMVA Uncharacterized protein OS=Eumeta variegata OX=151549 GN=EVAR_27737_1 PE=4 SV=1
g15308.t1	tr|A0AA88L643|A0AA88L643_ARTSF	Artemia franciscana	6661	Eukaryota; Metazoa; Arthropoda; Branchiopoda; Anostraca	50.0	72.0	1.26e-13	74.3	1	10	1	0	0	0	0	0	1	1.0	0.0	0.0	0.0	0.0	AMBIGUOUS	AMBIGUOUS	Only 1 qualifying BLAST hit(s) were available. At least 2 qualifying hits are preferred for strong taxonomic classification.	tr|A0AA88L643|A0AA88L643_ARTSF Uncharacterized protein OS=Artemia franciscana OX=6661 GN=QYM36_008633 PE=4 SV=1
g15310.t1	tr|A0A4C1WJ63|A0A4C1WJ63_EUMVA	Eumeta variegata	151549	Eukaryota; Metazoa; Arthropoda; Insecta; Lepidoptera	55.294	76.0	3.89e-39	140.0	1	10	1	0	0	0	0	0	1	1.0	0.0	0.0	0.0	0.0	AMBIGUOUS	AMBIGUOUS	Only 1 qualifying BLAST hit(s) were available. At least 2 qualifying hits are preferred for strong taxonomic classification.	tr|A0A4C1WJ63|A0A4C1WJ63_EUMVA Uncharacterized protein OS=Eumeta variegata OX=151549 GN=EVAR_97199_1 PE=4 SV=1
g15340.t1	tr|A0A8S4QUY1|A0A8S4QUY1_9NEOP	Pararge aegeria aegeria	348720	Eukaryota; Metazoa; Arthropoda; Insecta; Lepidoptera	44.578	91.0	1.59e-37	147.0	1	10	1	0	0	0	0	0	1	1.0	0.0	0.0	0.0	0.0	AMBIGUOUS	AMBIGUOUS	Only 1 qualifying BLAST hit(s) were available. At least 2 qualifying hits are preferred for strong taxonomic classification.	tr|A0A8S4QUY1|A0A8S4QUY1_9NEOP RNA-directed DNA polymerase OS=Pararge aegeria aegeria OX=348720 GN=jg19309 PE=4 SV=1
g15366.t1	tr|A0A4C2A360|A0A4C2A360_EUMVA	Eumeta variegata	151549	Eukaryota; Metazoa; Arthropoda; Insecta; Lepidoptera	51.136	72.0	2.44e-36	144.0	1	12	1	0	0	0	0	0	1	1.0	0.0	0.0	0.0	0.0	AMBIGUOUS	AMBIGUOUS	Only 1 qualifying BLAST hit(s) were available. At least 2 qualifying hits are preferred for strong taxonomic classification.	tr|A0A4C2A360|A0A4C2A360_EUMVA PiggyBac transposable element-derived protein 4 OS=Eumeta variegata OX=151549 GN=PGBD4 PE=4 SV=1
g15425.t1	tr|A0AAE0XEF2|A0AAE0XEF2_9GAST	Elysia crispata	231223	Eukaryota; Metazoa; Mollusca; Gastropoda; 	30.072	93.0	5.9e-38	153.0	36	109	16	0	0	20	0	0	36	0.4444444444444444	0.0	0.0	0.5555555555555556	0.0	AMBIGUOUS	AMBIGUOUS	No taxonomic group reached the 70% dominance threshold among taxonomically resolved qualifying hits.	tr|A0AAE0XEF2|A0AAE0XEF2_9GAST Uncharacterized protein OS=Elysia crispata OX=231223 GN=RRG08_014018 PE=4 SV=1
g15459.t1	tr|A0AAU9VG24|A0AAU9VG24_EUPED	Euphydryas editha	104508	Eukaryota; Metazoa; Arthropoda; Insecta; Lepidoptera	53.763	76.0	1.54e-21	98.6	1	10	1	0	0	0	0	0	1	1.0	0.0	0.0	0.0	0.0	AMBIGUOUS	AMBIGUOUS	Only 1 qualifying BLAST hit(s) were available. At least 2 qualifying hits are preferred for strong taxonomic classification.	tr|A0AAU9VG24|A0AAU9VG24_EUPED Reverse transcriptase domain-containing protein OS=Euphydryas editha OX=104508 GN=EEDITHA_LOCUS22974 PE=4 SV=1
g15464.t1	tr|A0A194RS46|A0A194RS46_PAPMA	Papilio machaon	76193	Eukaryota; Metazoa; Arthropoda; Insecta; Lepidoptera	59.048	77.0	3.25e-26	103.0	1	10	1	0	0	0	0	0	1	1.0	0.0	0.0	0.0	0.0	AMBIGUOUS	AMBIGUOUS	Only 1 qualifying BLAST hit(s) were available. At least 2 qualifying hits are preferred for strong taxonomic classification.	tr|A0A194RS46|A0A194RS46_PAPMA Uncharacterized protein OS=Papilio machaon OX=76193 GN=RR48_12402 PE=4 SV=1
g15468.t1	tr|A0AAQ4R6Q4|A0AAQ4R6Q4_GASAC	Gasterosteus aculeatus aculeatus	481459	Eukaryota; Metazoa; Chordata; Actinopteri; Perciformes	35.484	90.0	0.04	41.2	1	10	0	0	0	1	0	0	1	0.0	0.0	0.0	1.0	0.0	AMBIGUOUS	AMBIGUOUS	Only 1 qualifying BLAST hit(s) were available. At least 2 qualifying hits are preferred for strong taxonomic classification.	tr|A0AAQ4R6Q4|A0AAQ4R6Q4_GASAC ArfGAP with SH3 domain, ankyrin repeat and PH domain 1b OS=Gasterosteus aculeatus aculeatus OX=481459 PE=4 SV=1
g15471.t1	tr|A0A4C1YJB2|A0A4C1YJB2_EUMVA	Eumeta variegata	151549	Eukaryota; Metazoa; Arthropoda; Insecta; Lepidoptera	57.143	88.0	9.51e-12	67.8	1	3	1	0	0	0	0	0	1	1.0	0.0	0.0	0.0	0.0	AMBIGUOUS	AMBIGUOUS	Only 1 qualifying BLAST hit(s) were available. At least 2 qualifying hits are preferred for strong taxonomic classification.	tr|A0A4C1YJB2|A0A4C1YJB2_EUMVA Uncharacterized protein OS=Eumeta variegata OX=151549 GN=EVAR_60575_1 PE=4 SV=1
g15491.t1	tr|A0A4C1VP04|A0A4C1VP04_EUMVA	Eumeta variegata	151549	Eukaryota; Metazoa; Arthropoda; Insecta; Lepidoptera	63.063	91.0	1.24e-37	133.0	1	10	1	0	0	0	0	0	1	1.0	0.0	0.0	0.0	0.0	AMBIGUOUS	AMBIGUOUS	Only 1 qualifying BLAST hit(s) were available. At least 2 qualifying hits are preferred for strong taxonomic classification.	tr|A0A4C1VP04|A0A4C1VP04_EUMVA Uncharacterized protein OS=Eumeta variegata OX=151549 GN=EVAR_32438_1 PE=4 SV=1
g15492.t1	tr|A0A4C1TXB3|A0A4C1TXB3_EUMVA	Eumeta variegata	151549	Eukaryota; Metazoa; Arthropoda; Insecta; Lepidoptera	74.49	70.0	5.87e-42	149.0	1	10	1	0	0	0	0	0	1	1.0	0.0	0.0	0.0	0.0	AMBIGUOUS	AMBIGUOUS	Only 1 qualifying BLAST hit(s) were available. At least 2 qualifying hits are preferred for strong taxonomic classification.	tr|A0A4C1TXB3|A0A4C1TXB3_EUMVA Uncharacterized protein OS=Eumeta variegata OX=151549 GN=EVAR_14445_1 PE=4 SV=1
g15495.t1	tr|A0A4C1Y8M8|A0A4C1Y8M8_EUMVA	Eumeta variegata	151549	Eukaryota; Metazoa; Arthropoda; Insecta; Lepidoptera	53.659	95.0	9.22e-16	76.6	1	7	1	0	0	0	0	0	1	1.0	0.0	0.0	0.0	0.0	AMBIGUOUS	AMBIGUOUS	Only 1 qualifying BLAST hit(s) were available. At least 2 qualifying hits are preferred for strong taxonomic classification.	tr|A0A4C1Y8M8|A0A4C1Y8M8_EUMVA Uncharacterized protein OS=Eumeta variegata OX=151549 GN=EVAR_48862_1 PE=4 SV=1
g15526.t1	tr|A0A4C1W1H6|A0A4C1W1H6_EUMVA	Eumeta variegata	151549	Eukaryota; Metazoa; Arthropoda; Insecta; Lepidoptera	47.604	97.0	4.92e-104	345.0	5	28	2	0	0	3	0	0	5	0.4	0.0	0.0	0.6	0.0	AMBIGUOUS	AMBIGUOUS	No taxonomic group reached the 70% dominance threshold among taxonomically resolved qualifying hits.	tr|A0A4C1W1H6|A0A4C1W1H6_EUMVA Uncharacterized protein OS=Eumeta variegata OX=151549 GN=EVAR_81317_1 PE=4 SV=1
g15528.t1	tr|A0A4C1W014|A0A4C1W014_EUMVA	Eumeta variegata	151549	Eukaryota; Metazoa; Arthropoda; Insecta; Lepidoptera	50.171	100.0	1.43e-81	257.0	1	10	1	0	0	0	0	0	1	1.0	0.0	0.0	0.0	0.0	AMBIGUOUS	AMBIGUOUS	Only 1 qualifying BLAST hit(s) were available. At least 2 qualifying hits are preferred for strong taxonomic classification.	tr|A0A4C1W014|A0A4C1W014_EUMVA Uncharacterized protein OS=Eumeta variegata OX=151549 GN=EVAR_81318_1 PE=4 SV=1
g15553.t1	tr|A0A4C1VX11|A0A4C1VX11_EUMVA	Eumeta variegata	151549	Eukaryota; Metazoa; Arthropoda; Insecta; Lepidoptera	37.129	97.0	5.72e-26	112.0	1	11	1	0	0	0	0	0	1	1.0	0.0	0.0	0.0	0.0	AMBIGUOUS	AMBIGUOUS	Only 1 qualifying BLAST hit(s) were available. At least 2 qualifying hits are preferred for strong taxonomic classification.	tr|A0A4C1VX11|A0A4C1VX11_EUMVA Myoneurin OS=Eumeta variegata OX=151549 GN=mynn PE=4 SV=1
g15638.t1	tr|A0A4C1TT51|A0A4C1TT51_EUMVA	Eumeta variegata	151549	Eukaryota; Metazoa; Arthropoda; Insecta; Lepidoptera	47.465	95.0	2.22e-53	186.0	1	10	1	0	0	0	0	0	1	1.0	0.0	0.0	0.0	0.0	AMBIGUOUS	AMBIGUOUS	Only 1 qualifying BLAST hit(s) were available. At least 2 qualifying hits are preferred for strong taxonomic classification.	tr|A0A4C1TT51|A0A4C1TT51_EUMVA Uncharacterized protein OS=Eumeta variegata OX=151549 GN=EVAR_17298_1 PE=4 SV=1
g15676.t1	tr|A0A4C1T417|A0A4C1T417_EUMVA	Eumeta variegata	151549	Eukaryota; Metazoa; Arthropoda; Insecta; Lepidoptera	55.556	82.0	1.56e-14	76.3	1	2	1	0	0	0	0	0	1	1.0	0.0	0.0	0.0	0.0	AMBIGUOUS	AMBIGUOUS	Only 1 qualifying BLAST hit(s) were available. At least 2 qualifying hits are preferred for strong taxonomic classification.	tr|A0A4C1T417|A0A4C1T417_EUMVA Uncharacterized protein OS=Eumeta variegata OX=151549 GN=EVAR_4111_1 PE=4 SV=1
g15711.t1	tr|A0A9P0IGI5|A0A9P0IGI5_SPOLI	Spodoptera littoralis	7109	Eukaryota; Metazoa; Arthropoda; Insecta; Lepidoptera	43.094	71.0	1.24e-08	65.9	1	2	1	0	0	0	0	0	1	1.0	0.0	0.0	0.0	0.0	AMBIGUOUS	AMBIGUOUS	Only 1 qualifying BLAST hit(s) were available. At least 2 qualifying hits are preferred for strong taxonomic classification.	tr|A0A9P0IGI5|A0A9P0IGI5_SPOLI Uncharacterized protein OS=Spodoptera littoralis OX=7109 GN=SPLIT_LOCUS11838 PE=4 SV=1
g15724.t1	tr|A0A194PGZ2|A0A194PGZ2_PAPXU	Papilio xuthus	66420	Eukaryota; Metazoa; Arthropoda; Insecta; Lepidoptera	74.096	70.0	2.29e-59	198.0	1	10	1	0	0	0	0	0	1	1.0	0.0	0.0	0.0	0.0	AMBIGUOUS	AMBIGUOUS	Only 1 qualifying BLAST hit(s) were available. At least 2 qualifying hits are preferred for strong taxonomic classification.	tr|A0A194PGZ2|A0A194PGZ2_PAPXU Homeobox protein goosecoid OS=Papilio xuthus OX=66420 GN=RR46_13887 PE=4 SV=1
g15741.t1	tr|A0A4C1SBM1|A0A4C1SBM1_EUMVA	Eumeta variegata	151549	Eukaryota; Metazoa; Arthropoda; Insecta; Lepidoptera	94.43	71.0	0.0	717.0	1	10	1	0	0	0	0	0	1	1.0	0.0	0.0	0.0	0.0	AMBIGUOUS	AMBIGUOUS	Only 1 qualifying BLAST hit(s) were available. At least 2 qualifying hits are preferred for strong taxonomic classification.	tr|A0A4C1SBM1|A0A4C1SBM1_EUMVA POU domain protein OS=Eumeta variegata OX=151549 GN=pou2f1 PE=3 SV=1
g15840.t1	tr|A0A1Q9CDQ4|A0A1Q9CDQ4_SYMMI	Symbiodinium microadriaticum	2951	Eukaryota; ; ; Dinophyceae; Suessiales	49.832	98.0	1.96e-160	485.0	134	135	9	26	38	61	0	0	134	0.06716417910447761	0.19402985074626866	0.2835820895522388	0.4552238805970149	0.0	AMBIGUOUS	AMBIGUOUS	No taxonomic group reached the 70% dominance threshold among taxonomically resolved qualifying hits.	tr|A0A1Q9CDQ4|A0A1Q9CDQ4_SYMMI Uncharacterized protein OS=Symbiodinium microadriaticum OX=2951 GN=AK812_SmicGene38452 PE=4 SV=1
g15856.t1	tr|A0A4C1SYI6|A0A4C1SYI6_EUMVA	Eumeta variegata	151549	Eukaryota; Metazoa; Arthropoda; Insecta; Lepidoptera	74.123	100.0	1.36e-106	319.0	1	10	1	0	0	0	0	0	1	1.0	0.0	0.0	0.0	0.0	AMBIGUOUS	AMBIGUOUS	Only 1 qualifying BLAST hit(s) were available. At least 2 qualifying hits are preferred for strong taxonomic classification.	tr|A0A4C1SYI6|A0A4C1SYI6_EUMVA Uncharacterized protein OS=Eumeta variegata OX=151549 GN=EVAR_3645_1 PE=4 SV=1
g15857.t1	tr|A0A4C1ZSE2|A0A4C1ZSE2_EUMVA	Eumeta variegata	151549	Eukaryota; Metazoa; Arthropoda; Insecta; Lepidoptera	90.2	76.0	0.0	923.0	7	11	3	0	0	4	0	0	7	0.42857142857142855	0.0	0.0	0.5714285714285714	0.0	AMBIGUOUS	AMBIGUOUS	No taxonomic group reached the 70% dominance threshold among taxonomically resolved qualifying hits.	tr|A0A4C1ZSE2|A0A4C1ZSE2_EUMVA 52 kDa repressor of the inhibitor of the protein kinase OS=Eumeta variegata OX=151549 GN=Thap12 PE=4 SV=1
g15903.t1	tr|A0A4C1T417|A0A4C1T417_EUMVA	Eumeta variegata	151549	Eukaryota; Metazoa; Arthropoda; Insecta; Lepidoptera	54.321	82.0	6.31e-14	74.7	1	3	1	0	0	0	0	0	1	1.0	0.0	0.0	0.0	0.0	AMBIGUOUS	AMBIGUOUS	Only 1 qualifying BLAST hit(s) were available. At least 2 qualifying hits are preferred for strong taxonomic classification.	tr|A0A4C1T417|A0A4C1T417_EUMVA Uncharacterized protein OS=Eumeta variegata OX=151549 GN=EVAR_4111_1 PE=4 SV=1
g15908.t1	tr|A0A4C1WXJ0|A0A4C1WXJ0_EUMVA	Eumeta variegata	151549	Eukaryota; Metazoa; Arthropoda; Insecta; Lepidoptera	77.419	89.0	1.42e-10	66.2	1	1	1	0	0	0	0	0	1	1.0	0.0	0.0	0.0	0.0	AMBIGUOUS	AMBIGUOUS	Only 1 qualifying BLAST hit(s) were available. At least 2 qualifying hits are preferred for strong taxonomic classification.	tr|A0A4C1WXJ0|A0A4C1WXJ0_EUMVA Uncharacterized protein OS=Eumeta variegata OX=151549 GN=EVAR_34416_1 PE=4 SV=1
g15914.t1	tr|A0A4C1ZTL8|A0A4C1ZTL8_EUMVA	Eumeta variegata	151549	Eukaryota; Metazoa; Arthropoda; Insecta; Lepidoptera	71.951	98.0	8.63e-82	251.0	1	10	1	0	0	0	0	0	1	1.0	0.0	0.0	0.0	0.0	AMBIGUOUS	AMBIGUOUS	Only 1 qualifying BLAST hit(s) were available. At least 2 qualifying hits are preferred for strong taxonomic classification.	tr|A0A4C1ZTL8|A0A4C1ZTL8_EUMVA Uncharacterized protein OS=Eumeta variegata OX=151549 GN=EVAR_68827_1 PE=4 SV=1
g15977.t1	tr|A0A4C1V336|A0A4C1V336_EUMVA	Eumeta variegata	151549	Eukaryota; Metazoa; Arthropoda; Insecta; Lepidoptera	59.028	99.0	9.01e-169	488.0	1	11	1	0	0	0	0	0	1	1.0	0.0	0.0	0.0	0.0	AMBIGUOUS	AMBIGUOUS	Only 1 qualifying BLAST hit(s) were available. At least 2 qualifying hits are preferred for strong taxonomic classification.	tr|A0A4C1V336|A0A4C1V336_EUMVA Gustatory receptor OS=Eumeta variegata OX=151549 GN=EVAR_18898_1 PE=3 SV=1
g15980.t1	tr|A0A4C1V336|A0A4C1V336_EUMVA	Eumeta variegata	151549	Eukaryota; Metazoa; Arthropoda; Insecta; Lepidoptera	61.224	97.0	9.31e-156	452.0	1	12	1	0	0	0	0	0	1	1.0	0.0	0.0	0.0	0.0	AMBIGUOUS	AMBIGUOUS	Only 1 qualifying BLAST hit(s) were available. At least 2 qualifying hits are preferred for strong taxonomic classification.	tr|A0A4C1V336|A0A4C1V336_EUMVA Gustatory receptor OS=Eumeta variegata OX=151549 GN=EVAR_18898_1 PE=3 SV=1
g15990.t1	tr|A0ABR3H5F2|A0ABR3H5F2_LOXSC	Loxostege sticticalis	481309	Eukaryota; Metazoa; Arthropoda; Insecta; Lepidoptera	50.769	79.0	1.42e-09	62.4	1	10	1	0	0	0	0	0	1	1.0	0.0	0.0	0.0	0.0	AMBIGUOUS	AMBIGUOUS	Only 1 qualifying BLAST hit(s) were available. At least 2 qualifying hits are preferred for strong taxonomic classification.	tr|A0ABR3H5F2|A0ABR3H5F2_LOXSC CCHC-type domain-containing protein OS=Loxostege sticticalis OX=481309 GN=ABMA27_010337 PE=4 SV=1
g16012.t1	tr|A0A4C1YNF3|A0A4C1YNF3_EUMVA	Eumeta variegata	151549	Eukaryota; Metazoa; Arthropoda; Insecta; Lepidoptera	51.667	100.0	3.15e-28	108.0	1	10	1	0	0	0	0	0	1	1.0	0.0	0.0	0.0	0.0	AMBIGUOUS	AMBIGUOUS	Only 1 qualifying BLAST hit(s) were available. At least 2 qualifying hits are preferred for strong taxonomic classification.	tr|A0A4C1YNF3|A0A4C1YNF3_EUMVA Uncharacterized protein OS=Eumeta variegata OX=151549 GN=EVAR_49976_1 PE=4 SV=1
g16058.t1	tr|A0A4C1TGD1|A0A4C1TGD1_EUMVA	Eumeta variegata	151549	Eukaryota; Metazoa; Arthropoda; Insecta; Lepidoptera	51.509	99.0	3e-151	451.0	1	10	1	0	0	0	0	0	1	1.0	0.0	0.0	0.0	0.0	AMBIGUOUS	AMBIGUOUS	Only 1 qualifying BLAST hit(s) were available. At least 2 qualifying hits are preferred for strong taxonomic classification.	tr|A0A4C1TGD1|A0A4C1TGD1_EUMVA Uncharacterized protein OS=Eumeta variegata OX=151549 GN=EVAR_6901_1 PE=4 SV=1
g16082.t1	tr|A0A4C1V8C3|A0A4C1V8C3_EUMVA	Eumeta variegata	151549	Eukaryota; Metazoa; Arthropoda; Insecta; Lepidoptera	64.13	79.0	7.77e-28	111.0	1	10	1	0	0	0	0	0	1	1.0	0.0	0.0	0.0	0.0	AMBIGUOUS	AMBIGUOUS	Only 1 qualifying BLAST hit(s) were available. At least 2 qualifying hits are preferred for strong taxonomic classification.	tr|A0A4C1V8C3|A0A4C1V8C3_EUMVA Uncharacterized protein OS=Eumeta variegata OX=151549 GN=EVAR_25730_1 PE=4 SV=1
g16099.t1	tr|A0A4C1V2G3|A0A4C1V2G3_EUMVA	Eumeta variegata	151549	Eukaryota; Metazoa; Arthropoda; Insecta; Lepidoptera	79.243	99.0	0.0	1283.0	1	10	1	0	0	0	0	0	1	1.0	0.0	0.0	0.0	0.0	AMBIGUOUS	AMBIGUOUS	Only 1 qualifying BLAST hit(s) were available. At least 2 qualifying hits are preferred for strong taxonomic classification.	tr|A0A4C1V2G3|A0A4C1V2G3_EUMVA Uncharacterized protein OS=Eumeta variegata OX=151549 GN=EVAR_86106_1 PE=4 SV=1
g16109.t1	tr|A0A8S0ZDS4|A0A8S0ZDS4_ARCPL	Arctia plantaginis	874455	Eukaryota; Metazoa; Arthropoda; Insecta; Lepidoptera	55.769	71.0	1.93e-13	70.5	1	10	1	0	0	0	0	0	1	1.0	0.0	0.0	0.0	0.0	AMBIGUOUS	AMBIGUOUS	Only 1 qualifying BLAST hit(s) were available. At least 2 qualifying hits are preferred for strong taxonomic classification.	tr|A0A8S0ZDS4|A0A8S0ZDS4_ARCPL glutathione transferase OS=Arctia plantaginis OX=874455 GN=APLA_LOCUS4255 PE=3 SV=1
g16162.t1	tr|A0A4C1UUK3|A0A4C1UUK3_EUMVA	Eumeta variegata	151549	Eukaryota; Metazoa; Arthropoda; Insecta; Lepidoptera	72.662	94.0	1.76e-53	176.0	1	1	1	0	0	0	0	0	1	1.0	0.0	0.0	0.0	0.0	AMBIGUOUS	AMBIGUOUS	Only 1 qualifying BLAST hit(s) were available. At least 2 qualifying hits are preferred for strong taxonomic classification.	tr|A0A4C1UUK3|A0A4C1UUK3_EUMVA Uncharacterized protein OS=Eumeta variegata OX=151549 GN=EVAR_13620_1 PE=4 SV=1
g16175.t1	tr|A0A4C1WUB9|A0A4C1WUB9_EUMVA	Eumeta variegata	151549	Eukaryota; Metazoa; Arthropoda; Insecta; Lepidoptera	61.111	100.0	3.19e-17	78.6	1	10	1	0	0	0	0	0	1	1.0	0.0	0.0	0.0	0.0	AMBIGUOUS	AMBIGUOUS	Only 1 qualifying BLAST hit(s) were available. At least 2 qualifying hits are preferred for strong taxonomic classification.	tr|A0A4C1WUB9|A0A4C1WUB9_EUMVA Uncharacterized protein OS=Eumeta variegata OX=151549 GN=EVAR_42527_1 PE=4 SV=1
g16219.t1	tr|A0A239NP84|A0A239NP84_9PSED	Pseudomonas delhiensis	366289	Bacteria; Pseudomonadati; Pseudomonadota; Gammaproteobacteria; Pseudomonadales	36.62	80.0	0.047	41.6	1	10	0	1	0	0	0	0	1	0.0	1.0	0.0	0.0	0.0	AMBIGUOUS	AMBIGUOUS	Only 1 qualifying BLAST hit(s) were available. At least 2 qualifying hits are preferred for strong taxonomic classification.	tr|A0A239NP84|A0A239NP84_9PSED LysR family transcriptional regulator, malonate utilization transcriptional regulator OS=Pseudomonas delhiensis OX=366289 GN=SAMN06295949_1562 PE=3 SV=1
g16220.t1	tr|A0A8S0ZUS5|A0A8S0ZUS5_ARCPL	Arctia plantaginis	874455	Eukaryota; Metazoa; Arthropoda; Insecta; Lepidoptera	39.189	96.0	0.001	43.9	1	7	1	0	0	0	0	0	1	1.0	0.0	0.0	0.0	0.0	AMBIGUOUS	AMBIGUOUS	Only 1 qualifying BLAST hit(s) were available. At least 2 qualifying hits are preferred for strong taxonomic classification.	tr|A0A8S0ZUS5|A0A8S0ZUS5_ARCPL Uncharacterized protein OS=Arctia plantaginis OX=874455 GN=APLA_LOCUS6786 PE=4 SV=1
g16236.t1	tr|A0A8S1BGZ0|A0A8S1BGZ0_ARCPL	Arctia plantaginis	874455	Eukaryota; Metazoa; Arthropoda; Insecta; Lepidoptera	71.97	94.0	3.57e-57	182.0	1	10	1	0	0	0	0	0	1	1.0	0.0	0.0	0.0	0.0	AMBIGUOUS	AMBIGUOUS	Only 1 qualifying BLAST hit(s) were available. At least 2 qualifying hits are preferred for strong taxonomic classification.	tr|A0A8S1BGZ0|A0A8S1BGZ0_ARCPL Small ribosomal subunit protein uS12 OS=Arctia plantaginis OX=874455 GN=APLA_LOCUS16971 PE=3 SV=1
g16250.t1	tr|A0A4C1V307|A0A4C1V307_EUMVA	Eumeta variegata	151549	Eukaryota; Metazoa; Arthropoda; Insecta; Lepidoptera	64.516	75.0	1.22e-28	114.0	1	10	1	0	0	0	0	0	1	1.0	0.0	0.0	0.0	0.0	AMBIGUOUS	AMBIGUOUS	Only 1 qualifying BLAST hit(s) were available. At least 2 qualifying hits are preferred for strong taxonomic classification.	tr|A0A4C1V307|A0A4C1V307_EUMVA Uncharacterized protein OS=Eumeta variegata OX=151549 GN=EVAR_25965_1 PE=4 SV=1
g16289.t1	tr|A0A4C1WW86|A0A4C1WW86_EUMVA	Eumeta variegata	151549	Eukaryota; Metazoa; Arthropoda; Insecta; Lepidoptera	40.0	70.0	2.63e-107	370.0	1	16	1	0	0	0	0	0	1	1.0	0.0	0.0	0.0	0.0	AMBIGUOUS	AMBIGUOUS	Only 1 qualifying BLAST hit(s) were available. At least 2 qualifying hits are preferred for strong taxonomic classification.	tr|A0A4C1WW86|A0A4C1WW86_EUMVA Uncharacterized protein OS=Eumeta variegata OX=151549 GN=EVAR_35846_1 PE=4 SV=1
g16291.t1	tr|A0A4C1WXM5|A0A4C1WXM5_EUMVA	Eumeta variegata	151549	Eukaryota; Metazoa; Arthropoda; Insecta; Lepidoptera	48.153	97.0	0.0	668.0	1	16	1	0	0	0	0	0	1	1.0	0.0	0.0	0.0	0.0	AMBIGUOUS	AMBIGUOUS	Only 1 qualifying BLAST hit(s) were available. At least 2 qualifying hits are preferred for strong taxonomic classification.	tr|A0A4C1WXM5|A0A4C1WXM5_EUMVA U1-type domain-containing protein OS=Eumeta variegata OX=151549 GN=EVAR_35855_1 PE=4 SV=1
g16292.t1	tr|A0A4C1WXM5|A0A4C1WXM5_EUMVA	Eumeta variegata	151549	Eukaryota; Metazoa; Arthropoda; Insecta; Lepidoptera	55.15	77.0	3.38e-107	348.0	1	28	1	0	0	0	0	0	1	1.0	0.0	0.0	0.0	0.0	AMBIGUOUS	AMBIGUOUS	Only 1 qualifying BLAST hit(s) were available. At least 2 qualifying hits are preferred for strong taxonomic classification.	tr|A0A4C1WXM5|A0A4C1WXM5_EUMVA U1-type domain-containing protein OS=Eumeta variegata OX=151549 GN=EVAR_35855_1 PE=4 SV=1
g16309.t1	tr|A0A4C1UND4|A0A4C1UND4_EUMVA	Eumeta variegata	151549	Eukaryota; Metazoa; Arthropoda; Insecta; Lepidoptera	44.251	100.0	1.26e-60	203.0	1	10	1	0	0	0	0	0	1	1.0	0.0	0.0	0.0	0.0	AMBIGUOUS	AMBIGUOUS	Only 1 qualifying BLAST hit(s) were available. At least 2 qualifying hits are preferred for strong taxonomic classification.	tr|A0A4C1UND4|A0A4C1UND4_EUMVA Uncharacterized protein OS=Eumeta variegata OX=151549 GN=EVAR_83564_1 PE=4 SV=1
g16381.t1	tr|A0A6D2IEL4|A0A6D2IEL4_9BRAS	Microthlaspi erraticum	1685480	Eukaryota; Viridiplantae; Streptophyta; Magnoliopsida; Brassicales	36.0	93.0	0.019	42.4	1	7	0	0	0	1	0	0	1	0.0	0.0	0.0	1.0	0.0	AMBIGUOUS	AMBIGUOUS	Only 1 qualifying BLAST hit(s) were available. At least 2 qualifying hits are preferred for strong taxonomic classification.	tr|A0A6D2IEL4|A0A6D2IEL4_9BRAS protein-serine/threonine phosphatase OS=Microthlaspi erraticum OX=1685480 GN=MERR_LOCUS13263 PE=3 SV=1
g16393.t1	tr|A0A4C1ZNK1|A0A4C1ZNK1_EUMVA	Eumeta variegata	151549	Eukaryota; Metazoa; Arthropoda; Insecta; Lepidoptera	56.25	80.0	1.33e-39	140.0	1	10	1	0	0	0	0	0	1	1.0	0.0	0.0	0.0	0.0	AMBIGUOUS	AMBIGUOUS	Only 1 qualifying BLAST hit(s) were available. At least 2 qualifying hits are preferred for strong taxonomic classification.	tr|A0A4C1ZNK1|A0A4C1ZNK1_EUMVA Uncharacterized protein OS=Eumeta variegata OX=151549 GN=EVAR_18015_1 PE=4 SV=1
g16440.t1	tr|A0A4C1UUK3|A0A4C1UUK3_EUMVA	Eumeta variegata	151549	Eukaryota; Metazoa; Arthropoda; Insecta; Lepidoptera	72.662	94.0	1.76e-53	176.0	1	1	1	0	0	0	0	0	1	1.0	0.0	0.0	0.0	0.0	AMBIGUOUS	AMBIGUOUS	Only 1 qualifying BLAST hit(s) were available. At least 2 qualifying hits are preferred for strong taxonomic classification.	tr|A0A4C1UUK3|A0A4C1UUK3_EUMVA Uncharacterized protein OS=Eumeta variegata OX=151549 GN=EVAR_13620_1 PE=4 SV=1
g16459.t1	tr|A0A8X6U943|A0A8X6U943_NEPPI	Nephila pilipes	299642	Eukaryota; Metazoa; Arthropoda; Arachnida; Araneae	46.154	77.0	6.28e-24	101.0	1	10	1	0	0	0	0	0	1	1.0	0.0	0.0	0.0	0.0	AMBIGUOUS	AMBIGUOUS	Only 1 qualifying BLAST hit(s) were available. At least 2 qualifying hits are preferred for strong taxonomic classification.	tr|A0A8X6U943|A0A8X6U943_NEPPI Uncharacterized protein OS=Nephila pilipes OX=299642 GN=AVEN_199663_1 PE=4 SV=1
g16479.t1	tr|A0A3S1A7C7|A0A3S1A7C7_ELYCH	Elysia chlorotica	188477	Eukaryota; Metazoa; Mollusca; Gastropoda; 	45.283	93.0	1.14e-06	51.2	4	9	2	0	0	2	0	0	4	0.5	0.0	0.0	0.5	0.0	AMBIGUOUS	AMBIGUOUS	No taxonomic group reached the 70% dominance threshold among taxonomically resolved qualifying hits.	tr|A0A3S1A7C7|A0A3S1A7C7_ELYCH Uncharacterized protein (Fragment) OS=Elysia chlorotica OX=188477 GN=EGW08_007726 PE=4 SV=1
g16498.t1	tr|A0A4C1TD86|A0A4C1TD86_EUMVA	Eumeta variegata	151549	Eukaryota; Metazoa; Arthropoda; Insecta; Lepidoptera	33.784	73.0	8.04e-08	62.0	1	9	1	0	0	0	0	0	1	1.0	0.0	0.0	0.0	0.0	AMBIGUOUS	AMBIGUOUS	Only 1 qualifying BLAST hit(s) were available. At least 2 qualifying hits are preferred for strong taxonomic classification.	tr|A0A4C1TD86|A0A4C1TD86_EUMVA Zinc finger protein 569 OS=Eumeta variegata OX=151549 GN=Znf569 PE=3 SV=1
g16519.t1	tr|A0A8J9VQJ2|A0A8J9VQJ2_9NEOP	Brenthis ino	405034	Eukaryota; Metazoa; Arthropoda; Insecta; Lepidoptera	30.617	93.0	2.08e-38	154.0	1	10	1	0	0	0	0	0	1	1.0	0.0	0.0	0.0	0.0	AMBIGUOUS	AMBIGUOUS	Only 1 qualifying BLAST hit(s) were available. At least 2 qualifying hits are preferred for strong taxonomic classification.	tr|A0A8J9VQJ2|A0A8J9VQJ2_9NEOP Uncharacterized protein (Fragment) OS=Brenthis ino OX=405034 GN=BINO364_LOCUS16454 PE=4 SV=1
g16527.t1	tr|A0A9N9WAH5|A0A9N9WAH5_9NEOP	Diatraea saccharalis	40085	Eukaryota; Metazoa; Arthropoda; Insecta; Lepidoptera	40.506	78.0	4.82e-12	70.5	1	10	1	0	0	0	0	0	1	1.0	0.0	0.0	0.0	0.0	AMBIGUOUS	AMBIGUOUS	Only 1 qualifying BLAST hit(s) were available. At least 2 qualifying hits are preferred for strong taxonomic classification.	tr|A0A9N9WAH5|A0A9N9WAH5_9NEOP SAM domain-containing protein OS=Diatraea saccharalis OX=40085 GN=DIATSA_LOCUS5001 PE=4 SV=1
g16543.t1	tr|A0A4C1TGS2|A0A4C1TGS2_EUMVA	Eumeta variegata	151549	Eukaryota; Metazoa; Arthropoda; Insecta; Lepidoptera	80.198	85.0	6.17e-45	151.0	1	7	1	0	0	0	0	0	1	1.0	0.0	0.0	0.0	0.0	AMBIGUOUS	AMBIGUOUS	Only 1 qualifying BLAST hit(s) were available. At least 2 qualifying hits are preferred for strong taxonomic classification.	tr|A0A4C1TGS2|A0A4C1TGS2_EUMVA Uncharacterized protein OS=Eumeta variegata OX=151549 GN=EVAR_8245_1 PE=4 SV=1
g16544.t1	tr|A0AAV7IS86|A0AAV7IS86_COTGL	Cotesia glomerata	32391	Eukaryota; Metazoa; Arthropoda; Insecta; Hymenoptera	46.269	74.0	4.52e-06	49.7	1	7	1	0	0	0	0	0	1	1.0	0.0	0.0	0.0	0.0	AMBIGUOUS	AMBIGUOUS	Only 1 qualifying BLAST hit(s) were available. At least 2 qualifying hits are preferred for strong taxonomic classification.	tr|A0AAV7IS86|A0AAV7IS86_COTGL Reverse transcriptase (Fragment) OS=Cotesia glomerata OX=32391 GN=KQX54_000103 PE=4 SV=1
g16574.t1	tr|A0AAU9TSP3|A0AAU9TSP3_EUPED	Euphydryas editha	104508	Eukaryota; Metazoa; Arthropoda; Insecta; Lepidoptera	34.596	79.0	3.9e-61	218.0	1	10	1	0	0	0	0	0	1	1.0	0.0	0.0	0.0	0.0	AMBIGUOUS	AMBIGUOUS	Only 1 qualifying BLAST hit(s) were available. At least 2 qualifying hits are preferred for strong taxonomic classification.	tr|A0AAU9TSP3|A0AAU9TSP3_EUPED Tyrosine-protein phosphatase domain-containing protein OS=Euphydryas editha OX=104508 GN=EEDITHA_LOCUS4635 PE=4 SV=1
g16580.t2	tr|A0A212ERK2|A0A212ERK2_DANPL	Danaus plexippus plexippus	278856	Eukaryota; Metazoa; Arthropoda; Insecta; Lepidoptera	31.154	75.0	2.95e-14	81.6	1	10	1	0	0	0	0	0	1	1.0	0.0	0.0	0.0	0.0	AMBIGUOUS	AMBIGUOUS	Only 1 qualifying BLAST hit(s) were available. At least 2 qualifying hits are preferred for strong taxonomic classification.	tr|A0A212ERK2|A0A212ERK2_DANPL Uncharacterized protein OS=Danaus plexippus plexippus OX=278856 GN=KGM_202509 PE=4 SV=1
g16583.t1	tr|A0ABN8IGH2|A0ABN8IGH2_9NEOP	Iphiclides podalirius	110791	Eukaryota; Metazoa; Arthropoda; Insecta; Lepidoptera	99.781	99.0	0.0	1798.0	51	51	35	0	0	16	0	0	51	0.6862745098039216	0.0	0.0	0.3137254901960784	0.0	AMBIGUOUS	AMBIGUOUS	No taxonomic group reached the 70% dominance threshold among taxonomically resolved qualifying hits.	tr|A0ABN8IGH2|A0ABN8IGH2_9NEOP Ubiquitin-like domain-containing protein (Fragment) OS=Iphiclides podalirius OX=110791 GN=IPOD504_LOCUS9832 PE=3 SV=1
g16597.t1	tr|A0A4C1YBF9|A0A4C1YBF9_EUMVA	Eumeta variegata	151549	Eukaryota; Metazoa; Arthropoda; Insecta; Lepidoptera	68.627	70.0	4.05e-30	114.0	1	1	1	0	0	0	0	0	1	1.0	0.0	0.0	0.0	0.0	AMBIGUOUS	AMBIGUOUS	Only 1 qualifying BLAST hit(s) were available. At least 2 qualifying hits are preferred for strong taxonomic classification.	tr|A0A4C1YBF9|A0A4C1YBF9_EUMVA Uncharacterized protein OS=Eumeta variegata OX=151549 GN=EVAR_56330_1 PE=4 SV=1
g16632.t1	tr|A0AAV7HTY1|A0AAV7HTY1_COTGL	Cotesia glomerata	32391	Eukaryota; Metazoa; Arthropoda; Insecta; Hymenoptera	58.14	93.0	1.16e-22	100.0	10	10	2	0	0	6	0	0	10	0.2	0.0	0.0	0.6	0.0	AMBIGUOUS	AMBIGUOUS	No taxonomic group reached the 70% dominance threshold among taxonomically resolved qualifying hits.	tr|A0AAV7HTY1|A0AAV7HTY1_COTGL Poly [ADP-ribose] polymerase OS=Cotesia glomerata OX=32391 GN=KQX54_009404 PE=4 SV=1
g16642.t1	tr|A0A8S3Y4R0|A0A8S3Y4R0_PARAO	Parnassius apollo	110799	Eukaryota; Metazoa; Arthropoda; Insecta; Lepidoptera	39.583	72.0	8.01e-06	52.4	1	10	1	0	0	0	0	0	1	1.0	0.0	0.0	0.0	0.0	AMBIGUOUS	AMBIGUOUS	Only 1 qualifying BLAST hit(s) were available. At least 2 qualifying hits are preferred for strong taxonomic classification.	tr|A0A8S3Y4R0|A0A8S3Y4R0_PARAO (apollo) hypothetical protein OS=Parnassius apollo OX=110799 GN=PAPOLLO_LOCUS25706 PE=4 SV=1
g16669.t1	tr|A0A4C1UUQ2|A0A4C1UUQ2_EUMVA	Eumeta variegata	151549	Eukaryota; Metazoa; Arthropoda; Insecta; Lepidoptera	56.219	90.0	0.0	583.0	1	14	1	0	0	0	0	0	1	1.0	0.0	0.0	0.0	0.0	AMBIGUOUS	AMBIGUOUS	Only 1 qualifying BLAST hit(s) were available. At least 2 qualifying hits are preferred for strong taxonomic classification.	tr|A0A4C1UUQ2|A0A4C1UUQ2_EUMVA Uncharacterized protein OS=Eumeta variegata OX=151549 GN=EVAR_22858_1 PE=4 SV=1
g16688.t2	tr|A0A4C1TTU3|A0A4C1TTU3_EUMVA	Eumeta variegata	151549	Eukaryota; Metazoa; Arthropoda; Insecta; Lepidoptera	84.647	70.0	9.64e-142	410.0	1	10	1	0	0	0	0	0	1	1.0	0.0	0.0	0.0	0.0	AMBIGUOUS	AMBIGUOUS	Only 1 qualifying BLAST hit(s) were available. At least 2 qualifying hits are preferred for strong taxonomic classification.	tr|A0A4C1TTU3|A0A4C1TTU3_EUMVA Uncharacterized protein OS=Eumeta variegata OX=151549 GN=EVAR_17811_1 PE=4 SV=1
g16714.t1	tr|A0ABY3ZLC2|A0ABY3ZLC2_9RHOB	Sulfitobacter dubius	218673	Bacteria; Pseudomonadati; Pseudomonadota; Alphaproteobacteria; Rhodobacterales	31.111	75.0	0.014	44.3	1	10	0	1	0	0	0	0	1	0.0	1.0	0.0	0.0	0.0	AMBIGUOUS	AMBIGUOUS	Only 1 qualifying BLAST hit(s) were available. At least 2 qualifying hits are preferred for strong taxonomic classification.	tr|A0ABY3ZLC2|A0ABY3ZLC2_9RHOB histidine kinase OS=Sulfitobacter dubius OX=218673 GN=envZ_2 PE=4 SV=1
g16768.t1	tr|A0A4C1W070|A0A4C1W070_EUMVA	Eumeta variegata	151549	Eukaryota; Metazoa; Arthropoda; Insecta; Lepidoptera	39.264	85.0	4.91e-10	64.7	1	4	1	0	0	0	0	0	1	1.0	0.0	0.0	0.0	0.0	AMBIGUOUS	AMBIGUOUS	Only 1 qualifying BLAST hit(s) were available. At least 2 qualifying hits are preferred for strong taxonomic classification.	tr|A0A4C1W070|A0A4C1W070_EUMVA Uncharacterized protein OS=Eumeta variegata OX=151549 GN=EVAR_39502_1 PE=4 SV=1
g16864.t1	tr|A0A4C1ZXC6|A0A4C1ZXC6_EUMVA	Eumeta variegata	151549	Eukaryota; Metazoa; Arthropoda; Insecta; Lepidoptera	38.532	81.0	0.003	45.4	1	6	1	0	0	0	0	0	1	1.0	0.0	0.0	0.0	0.0	AMBIGUOUS	AMBIGUOUS	Only 1 qualifying BLAST hit(s) were available. At least 2 qualifying hits are preferred for strong taxonomic classification.	tr|A0A4C1ZXC6|A0A4C1ZXC6_EUMVA Uncharacterized protein OS=Eumeta variegata OX=151549 GN=EVAR_68174_1 PE=4 SV=1
g16865.t1	tr|A0AAU9UXM2|A0AAU9UXM2_EUPED	Euphydryas editha	104508	Eukaryota; Metazoa; Arthropoda; Insecta; Lepidoptera	48.052	73.0	3.11e-13	69.3	1	10	1	0	0	0	0	0	1	1.0	0.0	0.0	0.0	0.0	AMBIGUOUS	AMBIGUOUS	Only 1 qualifying BLAST hit(s) were available. At least 2 qualifying hits are preferred for strong taxonomic classification.	tr|A0AAU9UXM2|A0AAU9UXM2_EUPED Uncharacterized protein OS=Euphydryas editha OX=104508 GN=EEDITHA_LOCUS18754 PE=4 SV=1
g16898.t1	tr|A0A8D2HYN8|A0A8D2HYN8_UROPR	Urocitellus parryii	9999	Eukaryota; Metazoa; Chordata; Mammalia; Rodentia	40.476	79.0	0.048	40.0	1	10	0	0	0	1	0	0	1	0.0	0.0	0.0	1.0	0.0	AMBIGUOUS	AMBIGUOUS	Only 1 qualifying BLAST hit(s) were available. At least 2 qualifying hits are preferred for strong taxonomic classification.	tr|A0A8D2HYN8|A0A8D2HYN8_UROPR NLR family member X1 OS=Urocitellus parryii OX=9999 GN=NLRX1 PE=3 SV=1
g16902.t1	tr|A0A4C1SYH0|A0A4C1SYH0_EUMVA	Eumeta variegata	151549	Eukaryota; Metazoa; Arthropoda; Insecta; Lepidoptera	69.118	100.0	3.4e-43	147.0	1	3	1	0	0	0	0	0	1	1.0	0.0	0.0	0.0	0.0	AMBIGUOUS	AMBIGUOUS	Only 1 qualifying BLAST hit(s) were available. At least 2 qualifying hits are preferred for strong taxonomic classification.	tr|A0A4C1SYH0|A0A4C1SYH0_EUMVA Uncharacterized protein OS=Eumeta variegata OX=151549 GN=EVAR_92123_1 PE=4 SV=1
g16903.t1	tr|A0A4C1SZ83|A0A4C1SZ83_EUMVA	Eumeta variegata	151549	Eukaryota; Metazoa; Arthropoda; Insecta; Lepidoptera	47.126	76.0	1.23e-13	72.4	1	10	1	0	0	0	0	0	1	1.0	0.0	0.0	0.0	0.0	AMBIGUOUS	AMBIGUOUS	Only 1 qualifying BLAST hit(s) were available. At least 2 qualifying hits are preferred for strong taxonomic classification.	tr|A0A4C1SZ83|A0A4C1SZ83_EUMVA Uncharacterized protein OS=Eumeta variegata OX=151549 GN=EVAR_92125_1 PE=4 SV=1
g16950.t1	tr|A0ACF8LCI5|A0ACF8LCI5_9NEOP	Scirpophaga incertulas	72366	Eukaryota; Metazoa; Arthropoda; Insecta; Lepidoptera	58.571	80.0	3.3e-20	87.0	1	10	1	0	0	0	0	0	1	1.0	0.0	0.0	0.0	0.0	AMBIGUOUS	AMBIGUOUS	Only 1 qualifying BLAST hit(s) were available. At least 2 qualifying hits are preferred for strong taxonomic classification.	tr|A0ACF8LCI5|A0ACF8LCI5_9NEOP Uncharacterized protein OS=Scirpophaga incertulas OX=72366 GN=ACJJTC_005396 PE=4 SV=1
g16968.t1	tr|A0A821TV11|A0A821TV11_9NEOP	Pieris macdunnoughi	345717	Eukaryota; Metazoa; Arthropoda; Insecta; Lepidoptera	40.299	76.0	0.033	41.6	1	10	1	0	0	0	0	0	1	1.0	0.0	0.0	0.0	0.0	AMBIGUOUS	AMBIGUOUS	Only 1 qualifying BLAST hit(s) were available. At least 2 qualifying hits are preferred for strong taxonomic classification.	tr|A0A821TV11|A0A821TV11_9NEOP Uncharacterized protein OS=Pieris macdunnoughi OX=345717 GN=PMACD_LOCUS9179 PE=4 SV=1
g17002.t1	tr|A0A4C1UFG5|A0A4C1UFG5_EUMVA	Eumeta variegata	151549	Eukaryota; Metazoa; Arthropoda; Insecta; Lepidoptera	69.682	98.0	0.0	537.0	1	7	1	0	0	0	0	0	1	1.0	0.0	0.0	0.0	0.0	AMBIGUOUS	AMBIGUOUS	Only 1 qualifying BLAST hit(s) were available. At least 2 qualifying hits are preferred for strong taxonomic classification.	tr|A0A4C1UFG5|A0A4C1UFG5_EUMVA Uncharacterized protein OS=Eumeta variegata OX=151549 GN=EVAR_15902_1 PE=4 SV=1
g17005.t1	tr|A0AAE1L9Q9|A0AAE1L9Q9_9NEOP	Frankliniella fusca	407009	Eukaryota; Metazoa; Arthropoda; Insecta; Thysanoptera	34.965	91.0	4.76e-16	84.0	10	10	4	0	0	6	0	0	10	0.4	0.0	0.0	0.6	0.0	AMBIGUOUS	AMBIGUOUS	No taxonomic group reached the 70% dominance threshold among taxonomically resolved qualifying hits.	tr|A0AAE1L9Q9|A0AAE1L9Q9_9NEOP Chromosome-associated kinesin KIF4 OS=Frankliniella fusca OX=407009 GN=KUF71_021238 PE=4 SV=1
g17017.t1	tr|A0AAE0NXZ6|A0AAE0NXZ6_9PEZI	Podospora didyma	330526	Eukaryota; Fungi; Ascomycota; Sordariomycetes; Sordariales	33.333	100.0	0.015	43.9	1	15	0	0	1	0	0	0	1	0.0	0.0	1.0	0.0	0.0	AMBIGUOUS	AMBIGUOUS	Only 1 qualifying BLAST hit(s) were available. At least 2 qualifying hits are preferred for strong taxonomic classification.	tr|A0AAE0NXZ6|A0AAE0NXZ6_9PEZI Carbohydrate-binding protein (Fragment) OS=Podospora didyma OX=330526 GN=B0H63DRAFT_390404 PE=4 SV=1
g17052.t1	tr|A0A672TNQ6|A0A672TNQ6_STRHB	Strigops habroptila	2489341	Eukaryota; Metazoa; Chordata; Aves; Psittaciformes	31.429	71.0	0.037	45.1	1	4	0	0	0	1	0	0	1	0.0	0.0	0.0	1.0	0.0	AMBIGUOUS	AMBIGUOUS	Only 1 qualifying BLAST hit(s) were available. At least 2 qualifying hits are preferred for strong taxonomic classification.	tr|A0A672TNQ6|A0A672TNQ6_STRHB protein-tyrosine-phosphatase OS=Strigops habroptila OX=2489341 GN=PTPRB PE=3 SV=1
g17053.t1	tr|A0A4C1X300|A0A4C1X300_EUMVA	Eumeta variegata	151549	Eukaryota; Metazoa; Arthropoda; Insecta; Lepidoptera	45.669	70.0	0.000162	50.8	1	4	1	0	0	0	0	0	1	1.0	0.0	0.0	0.0	0.0	AMBIGUOUS	AMBIGUOUS	Only 1 qualifying BLAST hit(s) were available. At least 2 qualifying hits are preferred for strong taxonomic classification.	tr|A0A4C1X300|A0A4C1X300_EUMVA Uncharacterized protein OS=Eumeta variegata OX=151549 GN=EVAR_40650_1 PE=4 SV=1
g17054.t1	tr|A0A4C1W1D9|A0A4C1W1D9_EUMVA	Eumeta variegata	151549	Eukaryota; Metazoa; Arthropoda; Insecta; Lepidoptera	30.137	93.0	0.026	42.0	1	11	1	0	0	0	0	0	1	1.0	0.0	0.0	0.0	0.0	AMBIGUOUS	AMBIGUOUS	Only 1 qualifying BLAST hit(s) were available. At least 2 qualifying hits are preferred for strong taxonomic classification.	tr|A0A4C1W1D9|A0A4C1W1D9_EUMVA Uncharacterized protein OS=Eumeta variegata OX=151549 GN=EVAR_27266_1 PE=4 SV=1
g17055.t1	tr|A0A4C1W1D9|A0A4C1W1D9_EUMVA	Eumeta variegata	151549	Eukaryota; Metazoa; Arthropoda; Insecta; Lepidoptera	30.137	93.0	0.026	42.0	1	11	1	0	0	0	0	0	1	1.0	0.0	0.0	0.0	0.0	AMBIGUOUS	AMBIGUOUS	Only 1 qualifying BLAST hit(s) were available. At least 2 qualifying hits are preferred for strong taxonomic classification.	tr|A0A4C1W1D9|A0A4C1W1D9_EUMVA Uncharacterized protein OS=Eumeta variegata OX=151549 GN=EVAR_27266_1 PE=4 SV=1
g17079.t1	tr|A0A4C1XEN9|A0A4C1XEN9_EUMVA	Eumeta variegata	151549	Eukaryota; Metazoa; Arthropoda; Insecta; Lepidoptera	62.121	71.0	6.99e-18	81.3	1	10	1	0	0	0	0	0	1	1.0	0.0	0.0	0.0	0.0	AMBIGUOUS	AMBIGUOUS	Only 1 qualifying BLAST hit(s) were available. At least 2 qualifying hits are preferred for strong taxonomic classification.	tr|A0A4C1XEN9|A0A4C1XEN9_EUMVA Uncharacterized protein OS=Eumeta variegata OX=151549 GN=EVAR_47445_1 PE=4 SV=1
g17110.t1	tr|A0A4C1UM24|A0A4C1UM24_EUMVA	Eumeta variegata	151549	Eukaryota; Metazoa; Arthropoda; Insecta; Lepidoptera	88.276	73.0	5.18e-53	177.0	1	18	1	0	0	0	0	0	1	1.0	0.0	0.0	0.0	0.0	AMBIGUOUS	AMBIGUOUS	Only 1 qualifying BLAST hit(s) were available. At least 2 qualifying hits are preferred for strong taxonomic classification.	tr|A0A4C1UM24|A0A4C1UM24_EUMVA Uncharacterized protein OS=Eumeta variegata OX=151549 GN=EVAR_15920_1 PE=4 SV=1
g17164.t1	tr|A0A4C1U3P1|A0A4C1U3P1_EUMVA	Eumeta variegata	151549	Eukaryota; Metazoa; Arthropoda; Insecta; Lepidoptera	77.941	92.0	1.72e-24	97.1	1	9	1	0	0	0	0	0	1	1.0	0.0	0.0	0.0	0.0	AMBIGUOUS	AMBIGUOUS	Only 1 qualifying BLAST hit(s) were available. At least 2 qualifying hits are preferred for strong taxonomic classification.	tr|A0A4C1U3P1|A0A4C1U3P1_EUMVA Uncharacterized protein OS=Eumeta variegata OX=151549 GN=EVAR_80729_1 PE=4 SV=1
g17191.t1	tr|A0A4C1V457|A0A4C1V457_EUMVA	Eumeta variegata	151549	Eukaryota; Metazoa; Arthropoda; Insecta; Lepidoptera	50.254	80.0	5.7e-43	163.0	1	10	1	0	0	0	0	0	1	1.0	0.0	0.0	0.0	0.0	AMBIGUOUS	AMBIGUOUS	Only 1 qualifying BLAST hit(s) were available. At least 2 qualifying hits are preferred for strong taxonomic classification.	tr|A0A4C1V457|A0A4C1V457_EUMVA Zinc finger protein 57 OS=Eumeta variegata OX=151549 GN=ZNF57 PE=4 SV=1
g17192.t1	tr|A0A6J1X4I3|A0A6J1X4I3_GALME	Galleria mellonella	7137	Eukaryota; Metazoa; Arthropoda; Insecta; Lepidoptera	41.844	70.0	2.31e-162	508.0	1	10	1	0	0	0	0	0	1	1.0	0.0	0.0	0.0	0.0	AMBIGUOUS	AMBIGUOUS	Only 1 qualifying BLAST hit(s) were available. At least 2 qualifying hits are preferred for strong taxonomic classification.	tr|A0A6J1X4I3|A0A6J1X4I3_GALME RNA helicase OS=Galleria mellonella OX=7137 GN=LOC113519892 PE=3 SV=1
g17227.t1	tr|A0AAV8XGL6|A0AAV8XGL6_9CUCU	Aromia moschata	1265417	Eukaryota; Metazoa; Arthropoda; Insecta; Coleoptera	37.921	87.0	3.81e-144	455.0	3	14	2	0	0	1	0	0	3	0.6666666666666666	0.0	0.0	0.3333333333333333	0.0	AMBIGUOUS	AMBIGUOUS	No taxonomic group reached the 70% dominance threshold among taxonomically resolved qualifying hits.	tr|A0AAV8XGL6|A0AAV8XGL6_9CUCU ATP-dependent DNA helicase OS=Aromia moschata OX=1265417 GN=NQ318_009144 PE=3 SV=1
g17264.t1	tr|A0A4C1YVY0|A0A4C1YVY0_EUMVA	Eumeta variegata	151549	Eukaryota; Metazoa; Arthropoda; Insecta; Lepidoptera	66.225	84.0	6.93e-50	168.0	1	10	1	0	0	0	0	0	1	1.0	0.0	0.0	0.0	0.0	AMBIGUOUS	AMBIGUOUS	Only 1 qualifying BLAST hit(s) were available. At least 2 qualifying hits are preferred for strong taxonomic classification.	tr|A0A4C1YVY0|A0A4C1YVY0_EUMVA Gustatory receptor OS=Eumeta variegata OX=151549 GN=EVAR_100095_1 PE=4 SV=1
g17269.t1	tr|A0ABR3HAQ5|A0ABR3HAQ5_LOXSC	Loxostege sticticalis	481309	Eukaryota; Metazoa; Arthropoda; Insecta; Lepidoptera	40.431	96.0	1.39e-75	266.0	1	10	1	0	0	0	0	0	1	1.0	0.0	0.0	0.0	0.0	AMBIGUOUS	AMBIGUOUS	Only 1 qualifying BLAST hit(s) were available. At least 2 qualifying hits are preferred for strong taxonomic classification.	tr|A0ABR3HAQ5|A0ABR3HAQ5_LOXSC Reverse transcriptase OS=Loxostege sticticalis OX=481309 GN=ABMA27_008278 PE=4 SV=1
g17297.t1	tr|A0A4C1TIE3|A0A4C1TIE3_EUMVA	Eumeta variegata	151549	Eukaryota; Metazoa; Arthropoda; Insecta; Lepidoptera	61.25	81.0	8.6e-21	91.7	1	10	1	0	0	0	0	0	1	1.0	0.0	0.0	0.0	0.0	AMBIGUOUS	AMBIGUOUS	Only 1 qualifying BLAST hit(s) were available. At least 2 qualifying hits are preferred for strong taxonomic classification.	tr|A0A4C1TIE3|A0A4C1TIE3_EUMVA Uncharacterized protein OS=Eumeta variegata OX=151549 GN=EVAR_10516_1 PE=4 SV=1
g17318.t1	tr|A0A4C1VBN6|A0A4C1VBN6_EUMVA	Eumeta variegata	151549	Eukaryota; Metazoa; Arthropoda; Insecta; Lepidoptera	39.865	88.0	1.87e-14	76.6	1	9	1	0	0	0	0	0	1	1.0	0.0	0.0	0.0	0.0	AMBIGUOUS	AMBIGUOUS	Only 1 qualifying BLAST hit(s) were available. At least 2 qualifying hits are preferred for strong taxonomic classification.	tr|A0A4C1VBN6|A0A4C1VBN6_EUMVA Uncharacterized protein OS=Eumeta variegata OX=151549 GN=EVAR_34311_1 PE=4 SV=1
g17339.t1	tr|A0A4C1YZL2|A0A4C1YZL2_EUMVA	Eumeta variegata	151549	Eukaryota; Metazoa; Arthropoda; Insecta; Lepidoptera	47.985	96.0	4.12e-70	237.0	1	10	1	0	0	0	0	0	1	1.0	0.0	0.0	0.0	0.0	AMBIGUOUS	AMBIGUOUS	Only 1 qualifying BLAST hit(s) were available. At least 2 qualifying hits are preferred for strong taxonomic classification.	tr|A0A4C1YZL2|A0A4C1YZL2_EUMVA Cuticle protein 8 OS=Eumeta variegata OX=151549 GN=EVAR_63034_1 PE=4 SV=1
g17362.t1	tr|A0A9N9QVQ9|A0A9N9QVQ9_9NEOP	Diatraea saccharalis	40085	Eukaryota; Metazoa; Arthropoda; Insecta; Lepidoptera	32.222	74.0	0.02	42.0	1	10	1	0	0	0	0	0	1	1.0	0.0	0.0	0.0	0.0	AMBIGUOUS	AMBIGUOUS	Only 1 qualifying BLAST hit(s) were available. At least 2 qualifying hits are preferred for strong taxonomic classification.	tr|A0A9N9QVQ9|A0A9N9QVQ9_9NEOP Uncharacterized protein OS=Diatraea saccharalis OX=40085 GN=DIATSA_LOCUS2433 PE=4 SV=1
g17388.t1	tr|A0A7K4KRP0|A0A7K4KRP0_9AVES	Crypturellus soui	458187	Eukaryota; Metazoa; Chordata; Aves; Tinamiformes	32.52	72.0	0.003	48.1	1	2	0	0	0	1	0	0	1	0.0	0.0	0.0	1.0	0.0	AMBIGUOUS	AMBIGUOUS	Only 1 qualifying BLAST hit(s) were available. At least 2 qualifying hits are preferred for strong taxonomic classification.	tr|A0A7K4KRP0|A0A7K4KRP0_9AVES Protein dispatched homolog 1 (Fragment) OS=Crypturellus soui OX=458187 GN=Disp1 PE=3 SV=1
g17434.t1	tr|A0AB34IDH7|A0AB34IDH7_PRYPA	Prymnesium parvum	97485	Eukaryota; ; Haptophyta; ; Prymnesiales	36.641	96.0	0.016	44.7	1	12	0	0	0	1	0	0	1	0.0	0.0	0.0	1.0	0.0	AMBIGUOUS	AMBIGUOUS	Only 1 qualifying BLAST hit(s) were available. At least 2 qualifying hits are preferred for strong taxonomic classification.	tr|A0AB34IDH7|A0AB34IDH7_PRYPA Uncharacterized protein OS=Prymnesium parvum OX=97485 GN=AB1Y20_014382 PE=4 SV=1
g17439.t1	tr|A0A4C1UMJ2|A0A4C1UMJ2_EUMVA	Eumeta variegata	151549	Eukaryota; Metazoa; Arthropoda; Insecta; Lepidoptera	75.188	93.0	1.24e-72	222.0	1	10	1	0	0	0	0	0	1	1.0	0.0	0.0	0.0	0.0	AMBIGUOUS	AMBIGUOUS	Only 1 qualifying BLAST hit(s) were available. At least 2 qualifying hits are preferred for strong taxonomic classification.	tr|A0A4C1UMJ2|A0A4C1UMJ2_EUMVA Uncharacterized protein OS=Eumeta variegata OX=151549 GN=EVAR_18788_1 PE=4 SV=1
g17455.t1	tr|A0A4C1TQ58|A0A4C1TQ58_EUMVA	Eumeta variegata	151549	Eukaryota; Metazoa; Arthropoda; Insecta; Lepidoptera	44.681	93.0	1.07e-05	50.8	1	5	1	0	0	0	0	0	1	1.0	0.0	0.0	0.0	0.0	AMBIGUOUS	AMBIGUOUS	Only 1 qualifying BLAST hit(s) were available. At least 2 qualifying hits are preferred for strong taxonomic classification.	tr|A0A4C1TQ58|A0A4C1TQ58_EUMVA Uncharacterized protein OS=Eumeta variegata OX=151549 GN=EVAR_94424_1 PE=4 SV=1
g17475.t1	tr|A0A4C1XJ58|A0A4C1XJ58_EUMVA	Eumeta variegata	151549	Eukaryota; Metazoa; Arthropoda; Insecta; Lepidoptera	30.726	76.0	2.08e-19	93.2	1	11	1	0	0	0	0	0	1	1.0	0.0	0.0	0.0	0.0	AMBIGUOUS	AMBIGUOUS	Only 1 qualifying BLAST hit(s) were available. At least 2 qualifying hits are preferred for strong taxonomic classification.	tr|A0A4C1XJ58|A0A4C1XJ58_EUMVA Gustatory receptor (Fragment) OS=Eumeta variegata OX=151549 GN=EVAR_44643_1 PE=4 SV=1
g17498.t1	tr|A0A4C1WAN9|A0A4C1WAN9_EUMVA	Eumeta variegata	151549	Eukaryota; Metazoa; Arthropoda; Insecta; Lepidoptera	58.871	73.0	4.03e-42	148.0	1	10	1	0	0	0	0	0	1	1.0	0.0	0.0	0.0	0.0	AMBIGUOUS	AMBIGUOUS	Only 1 qualifying BLAST hit(s) were available. At least 2 qualifying hits are preferred for strong taxonomic classification.	tr|A0A4C1WAN9|A0A4C1WAN9_EUMVA Uncharacterized protein OS=Eumeta variegata OX=151549 GN=EVAR_32850_1 PE=4 SV=1
g17526.t1	tr|A0ABS6SY00|A0ABS6SY00_9STRE	Streptococcus vulneris	2853160	Bacteria; Bacillati; Bacillota; Bacilli; Lactobacillales	32.303	84.0	3.86e-71	248.0	65	84	0	42	0	23	0	0	65	0.0	0.6461538461538462	0.0	0.35384615384615387	0.0	AMBIGUOUS	AMBIGUOUS	No taxonomic group reached the 70% dominance threshold among taxonomically resolved qualifying hits.	tr|A0ABS6SY00|A0ABS6SY00_9STRE Cell envelope integrity inner membrane protein TolA (Fragment) OS=Streptococcus vulneris OX=2853160 GN=KUA57_09375 PE=4 SV=1
g17527.t1	tr|A0A4C1YB74|A0A4C1YB74_EUMVA	Eumeta variegata	151549	Eukaryota; Metazoa; Arthropoda; Insecta; Lepidoptera	52.146	99.0	0.0	647.0	9	10	5	0	0	4	0	0	9	0.5555555555555556	0.0	0.0	0.4444444444444444	0.0	AMBIGUOUS	AMBIGUOUS	No taxonomic group reached the 70% dominance threshold among taxonomically resolved qualifying hits.	tr|A0A4C1YB74|A0A4C1YB74_EUMVA PiggyBac transposable element-derived protein 4 OS=Eumeta variegata OX=151549 GN=PGBD4 PE=4 SV=1
g17535.t1	tr|A0AAE0W789|A0AAE0W789_9BIVA	Potamilus streckersoni	2493646	Eukaryota; Metazoa; Mollusca; Bivalvia; Unionida	47.619	99.0	1.97e-30	116.0	128	132	0	48	0	80	0	0	128	0.0	0.375	0.0	0.625	0.0	AMBIGUOUS	AMBIGUOUS	No taxonomic group reached the 70% dominance threshold among taxonomically resolved qualifying hits.	tr|A0AAE0W789|A0AAE0W789_9BIVA Uncharacterized protein OS=Potamilus streckersoni OX=2493646 GN=CHS0354_037764 PE=4 SV=1
g17564.t1	tr|A0A4C1UVB9|A0A4C1UVB9_EUMVA	Eumeta variegata	151549	Eukaryota; Metazoa; Arthropoda; Insecta; Lepidoptera	54.622	73.0	2.92e-25	107.0	1	4	1	0	0	0	0	0	1	1.0	0.0	0.0	0.0	0.0	AMBIGUOUS	AMBIGUOUS	Only 1 qualifying BLAST hit(s) were available. At least 2 qualifying hits are preferred for strong taxonomic classification.	tr|A0A4C1UVB9|A0A4C1UVB9_EUMVA Uncharacterized protein OS=Eumeta variegata OX=151549 GN=EVAR_94548_1 PE=4 SV=1
g17613.t1	tr|A0ACF8KVD4|A0ACF8KVD4_9NEOP	Scirpophaga incertulas	72366	Eukaryota; Metazoa; Arthropoda; Insecta; Lepidoptera	50.0	82.0	1.33e-11	65.1	1	10	1	0	0	0	0	0	1	1.0	0.0	0.0	0.0	0.0	AMBIGUOUS	AMBIGUOUS	Only 1 qualifying BLAST hit(s) were available. At least 2 qualifying hits are preferred for strong taxonomic classification.	tr|A0ACF8KVD4|A0ACF8KVD4_9NEOP Uncharacterized protein OS=Scirpophaga incertulas OX=72366 GN=ACJJTC_016298 PE=4 SV=1
g17615.t1	tr|A0A4C1Z2W8|A0A4C1Z2W8_EUMVA	Eumeta variegata	151549	Eukaryota; Metazoa; Arthropoda; Insecta; Lepidoptera	44.512	95.0	4.62e-23	103.0	1	10	1	0	0	0	0	0	1	1.0	0.0	0.0	0.0	0.0	AMBIGUOUS	AMBIGUOUS	Only 1 qualifying BLAST hit(s) were available. At least 2 qualifying hits are preferred for strong taxonomic classification.	tr|A0A4C1Z2W8|A0A4C1Z2W8_EUMVA Uncharacterized protein OS=Eumeta variegata OX=151549 GN=EVAR_55080_1 PE=4 SV=1
g17619.t1	tr|A0A4C1YNB8|A0A4C1YNB8_EUMVA	Eumeta variegata	151549	Eukaryota; Metazoa; Arthropoda; Insecta; Lepidoptera	30.418	82.0	2.88e-07	62.0	1	10	1	0	0	0	0	0	1	1.0	0.0	0.0	0.0	0.0	AMBIGUOUS	AMBIGUOUS	Only 1 qualifying BLAST hit(s) were available. At least 2 qualifying hits are preferred for strong taxonomic classification.	tr|A0A4C1YNB8|A0A4C1YNB8_EUMVA Zinc finger protein 155 OS=Eumeta variegata OX=151549 GN=ZNF155 PE=3 SV=1
g17621.t1	tr|A0ABY6LWE1|A0ABY6LWE1_9ARAC	Cordylochernes scorpioides	51811	Eukaryota; Metazoa; Arthropoda; Arachnida; Pseudoscorpiones	46.479	73.0	5.73e-85	278.0	1	10	1	0	0	0	0	0	1	1.0	0.0	0.0	0.0	0.0	AMBIGUOUS	AMBIGUOUS	Only 1 qualifying BLAST hit(s) were available. At least 2 qualifying hits are preferred for strong taxonomic classification.	tr|A0ABY6LWE1|A0ABY6LWE1_9ARAC Transposase OS=Cordylochernes scorpioides OX=51811 GN=LAZ67_X003595 PE=4 SV=1
g17622.t1	tr|A0A4C1Y9Q1|A0A4C1Y9Q1_EUMVA	Eumeta variegata	151549	Eukaryota; Metazoa; Arthropoda; Insecta; Lepidoptera	32.609	76.0	4.11e-10	69.7	1	10	1	0	0	0	0	0	1	1.0	0.0	0.0	0.0	0.0	AMBIGUOUS	AMBIGUOUS	Only 1 qualifying BLAST hit(s) were available. At least 2 qualifying hits are preferred for strong taxonomic classification.	tr|A0A4C1Y9Q1|A0A4C1Y9Q1_EUMVA Zinc finger protein 227 OS=Eumeta variegata OX=151549 GN=ZNF227 PE=3 SV=1
g17704.t1	tr|A0A4C1T796|A0A4C1T796_EUMVA	Eumeta variegata	151549	Eukaryota; Metazoa; Arthropoda; Insecta; Lepidoptera	66.883	74.0	1.03e-44	155.0	1	10	1	0	0	0	0	0	1	1.0	0.0	0.0	0.0	0.0	AMBIGUOUS	AMBIGUOUS	Only 1 qualifying BLAST hit(s) were available. At least 2 qualifying hits are preferred for strong taxonomic classification.	tr|A0A4C1T796|A0A4C1T796_EUMVA Uncharacterized protein OS=Eumeta variegata OX=151549 GN=EVAR_4022_1 PE=4 SV=1
g17709.t1	tr|A0ABQ7PZS2|A0ABQ7PZS2_PLUXY	Plutella xylostella	51655	Eukaryota; Metazoa; Arthropoda; Insecta; Lepidoptera	40.23	76.0	7.63e-16	82.0	1	10	1	0	0	0	0	0	1	1.0	0.0	0.0	0.0	0.0	AMBIGUOUS	AMBIGUOUS	Only 1 qualifying BLAST hit(s) were available. At least 2 qualifying hits are preferred for strong taxonomic classification.	tr|A0ABQ7PZS2|A0ABQ7PZS2_PLUXY Integrase catalytic domain-containing protein OS=Plutella xylostella OX=51655 GN=JYU34_018015 PE=4 SV=1
g17759.t1	tr|A0AAU9VG24|A0AAU9VG24_EUPED	Euphydryas editha	104508	Eukaryota; Metazoa; Arthropoda; Insecta; Lepidoptera	53.763	71.0	1.79e-20	95.9	1	10	1	0	0	0	0	0	1	1.0	0.0	0.0	0.0	0.0	AMBIGUOUS	AMBIGUOUS	Only 1 qualifying BLAST hit(s) were available. At least 2 qualifying hits are preferred for strong taxonomic classification.	tr|A0AAU9VG24|A0AAU9VG24_EUPED Reverse transcriptase domain-containing protein OS=Euphydryas editha OX=104508 GN=EEDITHA_LOCUS22974 PE=4 SV=1
g17824.t1	tr|A0A4C1T2Y2|A0A4C1T2Y2_EUMVA	Eumeta variegata	151549	Eukaryota; Metazoa; Arthropoda; Insecta; Lepidoptera	48.208	96.0	3.94e-83	264.0	1	10	1	0	0	0	0	0	1	1.0	0.0	0.0	0.0	0.0	AMBIGUOUS	AMBIGUOUS	Only 1 qualifying BLAST hit(s) were available. At least 2 qualifying hits are preferred for strong taxonomic classification.	tr|A0A4C1T2Y2|A0A4C1T2Y2_EUMVA Eukaryotic translation initiation factor 4 gamma 1 OS=Eumeta variegata OX=151549 GN=EIF4G1 PE=4 SV=1
g17849.t1	tr|A0A9P0C4W0|A0A9P0C4W0_CHRIL	Chrysodeixis includens	689277	Eukaryota; Metazoa; Arthropoda; Insecta; Lepidoptera	67.797	75.0	6.46e-14	74.7	1	10	1	0	0	0	0	0	1	1.0	0.0	0.0	0.0	0.0	AMBIGUOUS	AMBIGUOUS	Only 1 qualifying BLAST hit(s) were available. At least 2 qualifying hits are preferred for strong taxonomic classification.	tr|A0A9P0C4W0|A0A9P0C4W0_CHRIL Sex peptide receptor-like OS=Chrysodeixis includens OX=689277 GN=CINC_LOCUS11124 PE=4 SV=1
g17855.t1	tr|A0A4C1YVP8|A0A4C1YVP8_EUMVA	Eumeta variegata	151549	Eukaryota; Metazoa; Arthropoda; Insecta; Lepidoptera	62.211	77.0	0.0	677.0	1	10	1	0	0	0	0	0	1	1.0	0.0	0.0	0.0	0.0	AMBIGUOUS	AMBIGUOUS	Only 1 qualifying BLAST hit(s) were available. At least 2 qualifying hits are preferred for strong taxonomic classification.	tr|A0A4C1YVP8|A0A4C1YVP8_EUMVA DDE-1 domain-containing protein OS=Eumeta variegata OX=151549 GN=EVAR_90568_1 PE=4 SV=1
g17866.t1	tr|A0A4C1YNB8|A0A4C1YNB8_EUMVA	Eumeta variegata	151549	Eukaryota; Metazoa; Arthropoda; Insecta; Lepidoptera	37.333	74.0	0.000786	47.4	1	11	1	0	0	0	0	0	1	1.0	0.0	0.0	0.0	0.0	AMBIGUOUS	AMBIGUOUS	Only 1 qualifying BLAST hit(s) were available. At least 2 qualifying hits are preferred for strong taxonomic classification.	tr|A0A4C1YNB8|A0A4C1YNB8_EUMVA Zinc finger protein 155 OS=Eumeta variegata OX=151549 GN=ZNF155 PE=3 SV=1
g17874.t1	tr|A0A4C1VND3|A0A4C1VND3_EUMVA	Eumeta variegata	151549	Eukaryota; Metazoa; Arthropoda; Insecta; Lepidoptera	65.909	99.0	2.67e-79	247.0	1	10	1	0	0	0	0	0	1	1.0	0.0	0.0	0.0	0.0	AMBIGUOUS	AMBIGUOUS	Only 1 qualifying BLAST hit(s) were available. At least 2 qualifying hits are preferred for strong taxonomic classification.	tr|A0A4C1VND3|A0A4C1VND3_EUMVA Uncharacterized protein OS=Eumeta variegata OX=151549 GN=EVAR_83049_1 PE=4 SV=1
g17889.t1	tr|A0A4C1T9F9|A0A4C1T9F9_EUMVA	Eumeta variegata	151549	Eukaryota; Metazoa; Arthropoda; Insecta; Lepidoptera	44.681	99.0	1.17e-06	53.5	1	7	1	0	0	0	0	0	1	1.0	0.0	0.0	0.0	0.0	AMBIGUOUS	AMBIGUOUS	Only 1 qualifying BLAST hit(s) were available. At least 2 qualifying hits are preferred for strong taxonomic classification.	tr|A0A4C1T9F9|A0A4C1T9F9_EUMVA Uncharacterized protein OS=Eumeta variegata OX=151549 GN=EVAR_77601_1 PE=4 SV=1
g17916.t1	tr|A0A4C1XTC2|A0A4C1XTC2_EUMVA	Eumeta variegata	151549	Eukaryota; Metazoa; Arthropoda; Insecta; Lepidoptera	34.615	71.0	1.13e-17	94.7	1	10	1	0	0	0	0	0	1	1.0	0.0	0.0	0.0	0.0	AMBIGUOUS	AMBIGUOUS	Only 1 qualifying BLAST hit(s) were available. At least 2 qualifying hits are preferred for strong taxonomic classification.	tr|A0A4C1XTC2|A0A4C1XTC2_EUMVA Zinc finger protein 431 OS=Eumeta variegata OX=151549 GN=Znf431 PE=3 SV=1
g17923.t1	tr|A0A4C1YB74|A0A4C1YB74_EUMVA	Eumeta variegata	151549	Eukaryota; Metazoa; Arthropoda; Insecta; Lepidoptera	53.232	88.0	0.0	551.0	9	10	5	0	0	4	0	0	9	0.5555555555555556	0.0	0.0	0.4444444444444444	0.0	AMBIGUOUS	AMBIGUOUS	No taxonomic group reached the 70% dominance threshold among taxonomically resolved qualifying hits.	tr|A0A4C1YB74|A0A4C1YB74_EUMVA PiggyBac transposable element-derived protein 4 OS=Eumeta variegata OX=151549 GN=PGBD4 PE=4 SV=1
g17928.t1	tr|A0A4C1T5F9|A0A4C1T5F9_EUMVA	Eumeta variegata	151549	Eukaryota; Metazoa; Arthropoda; Insecta; Lepidoptera	60.63	72.0	5.44e-102	310.0	1	10	1	0	0	0	0	0	1	1.0	0.0	0.0	0.0	0.0	AMBIGUOUS	AMBIGUOUS	Only 1 qualifying BLAST hit(s) were available. At least 2 qualifying hits are preferred for strong taxonomic classification.	tr|A0A4C1T5F9|A0A4C1T5F9_EUMVA Mab-21-like nucleotidyltransferase domain-containing protein OS=Eumeta variegata OX=151549 GN=EVAR_7290_1 PE=3 SV=1
g17944.t1	tr|A0A8S3XK35|A0A8S3XK35_PARAO	Parnassius apollo	110799	Eukaryota; Metazoa; Arthropoda; Insecta; Lepidoptera	61.209	99.0	4.73e-125	376.0	1	15	1	0	0	0	0	0	1	1.0	0.0	0.0	0.0	0.0	AMBIGUOUS	AMBIGUOUS	Only 1 qualifying BLAST hit(s) were available. At least 2 qualifying hits are preferred for strong taxonomic classification.	tr|A0A8S3XK35|A0A8S3XK35_PARAO (apollo) hypothetical protein OS=Parnassius apollo OX=110799 GN=PAPOLLO_LOCUS17094 PE=4 SV=1
g17976.t1	tr|A0A4C1U8U3|A0A4C1U8U3_EUMVA	Eumeta variegata	151549	Eukaryota; Metazoa; Arthropoda; Insecta; Lepidoptera	32.283	96.0	0.019	43.5	1	10	1	0	0	0	0	0	1	1.0	0.0	0.0	0.0	0.0	AMBIGUOUS	AMBIGUOUS	Only 1 qualifying BLAST hit(s) were available. At least 2 qualifying hits are preferred for strong taxonomic classification.	tr|A0A4C1U8U3|A0A4C1U8U3_EUMVA Nuclease HARBI1 OS=Eumeta variegata OX=151549 GN=HARBI1 PE=3 SV=1
g18046.t1	tr|A0A4C1WGC3|A0A4C1WGC3_EUMVA	Eumeta variegata	151549	Eukaryota; Metazoa; Arthropoda; Insecta; Lepidoptera	86.905	99.0	2.96e-36	129.0	1	3	1	0	0	0	0	0	1	1.0	0.0	0.0	0.0	0.0	AMBIGUOUS	AMBIGUOUS	Only 1 qualifying BLAST hit(s) were available. At least 2 qualifying hits are preferred for strong taxonomic classification.	tr|A0A4C1WGC3|A0A4C1WGC3_EUMVA Uncharacterized protein OS=Eumeta variegata OX=151549 GN=EVAR_46193_1 PE=4 SV=1
g18077.t1	tr|A0A4C2A379|A0A4C2A379_EUMVA	Eumeta variegata	151549	Eukaryota; Metazoa; Arthropoda; Insecta; Lepidoptera	32.749	82.0	2.02e-07	60.5	1	13	1	0	0	0	0	0	1	1.0	0.0	0.0	0.0	0.0	AMBIGUOUS	AMBIGUOUS	Only 1 qualifying BLAST hit(s) were available. At least 2 qualifying hits are preferred for strong taxonomic classification.	tr|A0A4C2A379|A0A4C2A379_EUMVA Uncharacterized protein OS=Eumeta variegata OX=151549 GN=EVAR_86175_1 PE=4 SV=1
g18094.t1	tr|A0AAV1M9S2|A0AAV1M9S2_9NEOP	Parnassius mnemosyne	213953	Eukaryota; Metazoa; Arthropoda; Insecta; Lepidoptera	30.0	82.0	2.58e-20	98.2	1	10	1	0	0	0	0	0	1	1.0	0.0	0.0	0.0	0.0	AMBIGUOUS	AMBIGUOUS	Only 1 qualifying BLAST hit(s) were available. At least 2 qualifying hits are preferred for strong taxonomic classification.	tr|A0AAV1M9S2|A0AAV1M9S2_9NEOP Uncharacterized protein OS=Parnassius mnemosyne OX=213953 GN=PARMNEM_LOCUS22687 PE=4 SV=1
g18122.t1	tr|A0A4C1VC20|A0A4C1VC20_EUMVA	Eumeta variegata	151549	Eukaryota; Metazoa; Arthropoda; Insecta; Lepidoptera	61.538	98.0	1.43e-98	307.0	1	2	1	0	0	0	0	0	1	1.0	0.0	0.0	0.0	0.0	AMBIGUOUS	AMBIGUOUS	Only 1 qualifying BLAST hit(s) were available. At least 2 qualifying hits are preferred for strong taxonomic classification.	tr|A0A4C1VC20|A0A4C1VC20_EUMVA Uncharacterized protein OS=Eumeta variegata OX=151549 GN=EVAR_27737_1 PE=4 SV=1
g18151.t1	tr|A0A4C1V0Y4|A0A4C1V0Y4_EUMVA	Eumeta variegata	151549	Eukaryota; Metazoa; Arthropoda; Insecta; Lepidoptera	53.03	70.0	2.95e-07	56.2	1	10	1	0	0	0	0	0	1	1.0	0.0	0.0	0.0	0.0	AMBIGUOUS	AMBIGUOUS	Only 1 qualifying BLAST hit(s) were available. At least 2 qualifying hits are preferred for strong taxonomic classification.	tr|A0A4C1V0Y4|A0A4C1V0Y4_EUMVA Uncharacterized protein OS=Eumeta variegata OX=151549 GN=EVAR_18440_1 PE=4 SV=1
g18153.t1	tr|A0A4C1VIF7|A0A4C1VIF7_EUMVA	Eumeta variegata	151549	Eukaryota; Metazoa; Arthropoda; Insecta; Lepidoptera	52.991	100.0	1.74e-11	65.5	1	3	1	0	0	0	0	0	1	1.0	0.0	0.0	0.0	0.0	AMBIGUOUS	AMBIGUOUS	Only 1 qualifying BLAST hit(s) were available. At least 2 qualifying hits are preferred for strong taxonomic classification.	tr|A0A4C1VIF7|A0A4C1VIF7_EUMVA Uncharacterized protein OS=Eumeta variegata OX=151549 GN=EVAR_23648_1 PE=4 SV=1
g18168.t1	tr|A0A9W9ZPC8|A0A9W9ZPC8_9CNID	Desmophyllum pertusum	174260	Eukaryota; Metazoa; Cnidaria; Anthozoa; Scleractinia	31.25	91.0	0.025	44.3	1	2	0	0	0	1	0	0	1	0.0	0.0	0.0	1.0	0.0	AMBIGUOUS	AMBIGUOUS	Only 1 qualifying BLAST hit(s) were available. At least 2 qualifying hits are preferred for strong taxonomic classification.	tr|A0A9W9ZPC8|A0A9W9ZPC8_9CNID NFX1-type zinc finger-containing protein 1 OS=Desmophyllum pertusum OX=174260 GN=ZNFX1_29 PE=4 SV=1
g18186.t1	tr|A0AAV2ALD4|A0AAV2ALD4_9ARAC	Larinioides sclopetarius	280406	Eukaryota; Metazoa; Arthropoda; Arachnida; Araneae	46.0	74.0	0.001	44.3	1	10	1	0	0	0	0	0	1	1.0	0.0	0.0	0.0	0.0	AMBIGUOUS	AMBIGUOUS	Only 1 qualifying BLAST hit(s) were available. At least 2 qualifying hits are preferred for strong taxonomic classification.	tr|A0AAV2ALD4|A0AAV2ALD4_9ARAC DUF4806 domain-containing protein (Fragment) OS=Larinioides sclopetarius OX=280406 GN=LARSCL_LOCUS13319 PE=4 SV=1
g18236.t1	tr|A0ABQ0FQA3|A0ABQ0FQA3_APOSI	Apodemus speciosus	105296	Eukaryota; Metazoa; Chordata; Mammalia; Rodentia	33.333	87.0	1.72e-12	75.5	1	30	0	0	0	1	0	0	1	0.0	0.0	0.0	1.0	0.0	AMBIGUOUS	AMBIGUOUS	Only 1 qualifying BLAST hit(s) were available. At least 2 qualifying hits are preferred for strong taxonomic classification.	tr|A0ABQ0FQA3|A0ABQ0FQA3_APOSI Uncharacterized protein OS=Apodemus speciosus OX=105296 GN=APTSU1_001666100 PE=4 SV=1
g18328.t1	tr|A0A4C1UQ00|A0A4C1UQ00_EUMVA	Eumeta variegata	151549	Eukaryota; Metazoa; Arthropoda; Insecta; Lepidoptera	52.083	71.0	0.002	43.9	1	10	1	0	0	0	0	0	1	1.0	0.0	0.0	0.0	0.0	AMBIGUOUS	AMBIGUOUS	Only 1 qualifying BLAST hit(s) were available. At least 2 qualifying hits are preferred for strong taxonomic classification.	tr|A0A4C1UQ00|A0A4C1UQ00_EUMVA Uncharacterized protein OS=Eumeta variegata OX=151549 GN=EVAR_22981_1 PE=4 SV=1
g18341.t1	tr|A0A4C1XU95|A0A4C1XU95_EUMVA	Eumeta variegata	151549	Eukaryota; Metazoa; Arthropoda; Insecta; Lepidoptera	67.089	74.0	6.83e-24	100.0	1	10	1	0	0	0	0	0	1	1.0	0.0	0.0	0.0	0.0	AMBIGUOUS	AMBIGUOUS	Only 1 qualifying BLAST hit(s) were available. At least 2 qualifying hits are preferred for strong taxonomic classification.	tr|A0A4C1XU95|A0A4C1XU95_EUMVA Ig-like domain-containing protein OS=Eumeta variegata OX=151549 GN=EVAR_51313_1 PE=4 SV=1
g18342.t1	tr|A0A4C1XSW9|A0A4C1XSW9_EUMVA	Eumeta variegata	151549	Eukaryota; Metazoa; Arthropoda; Insecta; Lepidoptera	75.342	70.0	1.39e-30	113.0	1	7	1	0	0	0	0	0	1	1.0	0.0	0.0	0.0	0.0	AMBIGUOUS	AMBIGUOUS	Only 1 qualifying BLAST hit(s) were available. At least 2 qualifying hits are preferred for strong taxonomic classification.	tr|A0A4C1XSW9|A0A4C1XSW9_EUMVA Uncharacterized protein OS=Eumeta variegata OX=151549 GN=EVAR_51312_1 PE=4 SV=1
g18350.t1	tr|A0A4C1ZQ91|A0A4C1ZQ91_EUMVA	Eumeta variegata	151549	Eukaryota; Metazoa; Arthropoda; Insecta; Lepidoptera	31.081	76.0	1.45e-13	85.1	1	12	1	0	0	0	0	0	1	1.0	0.0	0.0	0.0	0.0	AMBIGUOUS	AMBIGUOUS	Only 1 qualifying BLAST hit(s) were available. At least 2 qualifying hits are preferred for strong taxonomic classification.	tr|A0A4C1ZQ91|A0A4C1ZQ91_EUMVA Uncharacterized protein OS=Eumeta variegata OX=151549 GN=EVAR_67260_1 PE=4 SV=1
g18408.t1	tr|A0A4C1YCS1|A0A4C1YCS1_EUMVA	Eumeta variegata	151549	Eukaryota; Metazoa; Arthropoda; Insecta; Lepidoptera	35.955	75.0	0.000498	52.4	1	13	1	0	0	0	0	0	1	1.0	0.0	0.0	0.0	0.0	AMBIGUOUS	AMBIGUOUS	Only 1 qualifying BLAST hit(s) were available. At least 2 qualifying hits are preferred for strong taxonomic classification.	tr|A0A4C1YCS1|A0A4C1YCS1_EUMVA Zinc finger protein 112 OS=Eumeta variegata OX=151549 GN=ZNF112 PE=3 SV=1
g18428.t1	tr|A0A4C1USI4|A0A4C1USI4_EUMVA	Eumeta variegata	151549	Eukaryota; Metazoa; Arthropoda; Insecta; Lepidoptera	30.275	72.0	1.8e-13	79.0	1	10	1	0	0	0	0	0	1	1.0	0.0	0.0	0.0	0.0	AMBIGUOUS	AMBIGUOUS	Only 1 qualifying BLAST hit(s) were available. At least 2 qualifying hits are preferred for strong taxonomic classification.	tr|A0A4C1USI4|A0A4C1USI4_EUMVA G-protein coupled receptors family 2 profile 2 domain-containing protein OS=Eumeta variegata OX=151549 GN=EVAR_22045_1 PE=4 SV=1
g18456.t1	tr|A0A4C1TJD3|A0A4C1TJD3_EUMVA	Eumeta variegata	151549	Eukaryota; Metazoa; Arthropoda; Insecta; Lepidoptera	63.492	76.0	1.44e-13	72.0	1	5	1	0	0	0	0	0	1	1.0	0.0	0.0	0.0	0.0	AMBIGUOUS	AMBIGUOUS	Only 1 qualifying BLAST hit(s) were available. At least 2 qualifying hits are preferred for strong taxonomic classification.	tr|A0A4C1TJD3|A0A4C1TJD3_EUMVA Mos1 transposase HTH domain-containing protein OS=Eumeta variegata OX=151549 GN=EVAR_93492_1 PE=4 SV=1
g18492.t1	tr|A0A1W4X9X4|A0A1W4X9X4_AGRPL	Agrilus planipennis	224129	Eukaryota; Metazoa; Arthropoda; Insecta; Coleoptera	50.98	70.0	3.8e-08	58.2	1	10	1	0	0	0	0	0	1	1.0	0.0	0.0	0.0	0.0	AMBIGUOUS	AMBIGUOUS	Only 1 qualifying BLAST hit(s) were available. At least 2 qualifying hits are preferred for strong taxonomic classification.	tr|A0A1W4X9X4|A0A1W4X9X4_AGRPL adenylate cyclase OS=Agrilus planipennis OX=224129 GN=LOC108742235 PE=3 SV=1
g18495.t1	tr|A0A1M5XC00|A0A1M5XC00_9GAMM	Ferrimonas marina	299255	Bacteria; Pseudomonadati; Pseudomonadota; Gammaproteobacteria; Alteromonadales	34.066	85.0	0.014	43.9	1	2	0	1	0	0	0	0	1	0.0	1.0	0.0	0.0	0.0	AMBIGUOUS	AMBIGUOUS	Only 1 qualifying BLAST hit(s) were available. At least 2 qualifying hits are preferred for strong taxonomic classification.	tr|A0A1M5XC00|A0A1M5XC00_9GAMM Ricin B lectin domain-containing protein OS=Ferrimonas marina OX=299255 GN=SAMN02745129_3423 PE=4 SV=1
g18554.t1	tr|A0A4C1U990|A0A4C1U990_EUMVA	Eumeta variegata	151549	Eukaryota; Metazoa; Arthropoda; Insecta; Lepidoptera	61.6	100.0	4.96e-33	131.0	1	8	1	0	0	0	0	0	1	1.0	0.0	0.0	0.0	0.0	AMBIGUOUS	AMBIGUOUS	Only 1 qualifying BLAST hit(s) were available. At least 2 qualifying hits are preferred for strong taxonomic classification.	tr|A0A4C1U990|A0A4C1U990_EUMVA glutamine--fructose-6-phosphate transaminase (isomerizing) OS=Eumeta variegata OX=151549 GN=Gfpt1 PE=4 SV=1
g18566.t1	tr|A0A4C1YB74|A0A4C1YB74_EUMVA	Eumeta variegata	151549	Eukaryota; Metazoa; Arthropoda; Insecta; Lepidoptera	52.146	99.0	0.0	647.0	9	10	5	0	0	4	0	0	9	0.5555555555555556	0.0	0.0	0.4444444444444444	0.0	AMBIGUOUS	AMBIGUOUS	No taxonomic group reached the 70% dominance threshold among taxonomically resolved qualifying hits.	tr|A0A4C1YB74|A0A4C1YB74_EUMVA PiggyBac transposable element-derived protein 4 OS=Eumeta variegata OX=151549 GN=PGBD4 PE=4 SV=1
g18570.t1	tr|A0ABU1T0K0|A0ABU1T0K0_9ACTO	Arcanobacterium hippocoleae	149017	Bacteria; Bacillati; Actinomycetota; Actinomycetes; Actinomycetales	36.364	80.0	0.047	41.6	1	4	0	1	0	0	0	0	1	0.0	1.0	0.0	0.0	0.0	AMBIGUOUS	AMBIGUOUS	Only 1 qualifying BLAST hit(s) were available. At least 2 qualifying hits are preferred for strong taxonomic classification.	tr|A0ABU1T0K0|A0ABU1T0K0_9ACTO Malto-oligosyltrehalose trehalohydrolase OS=Arcanobacterium hippocoleae OX=149017 GN=J2S36_000374 PE=3 SV=1
g18592.t1	tr|A0ABR3H602|A0ABR3H602_LOXSC	Loxostege sticticalis	481309	Eukaryota; Metazoa; Arthropoda; Insecta; Lepidoptera	40.357	79.0	2.49e-100	348.0	1	10	1	0	0	0	0	0	1	1.0	0.0	0.0	0.0	0.0	AMBIGUOUS	AMBIGUOUS	Only 1 qualifying BLAST hit(s) were available. At least 2 qualifying hits are preferred for strong taxonomic classification.	tr|A0ABR3H602|A0ABR3H602_LOXSC Integrase catalytic domain-containing protein OS=Loxostege sticticalis OX=481309 GN=ABMA27_010519 PE=4 SV=1
g18593.t1	tr|A0A4C1WJY2|A0A4C1WJY2_EUMVA	Eumeta variegata	151549	Eukaryota; Metazoa; Arthropoda; Insecta; Lepidoptera	59.016	91.0	4.41e-07	53.5	1	5	1	0	0	0	0	0	1	1.0	0.0	0.0	0.0	0.0	AMBIGUOUS	AMBIGUOUS	Only 1 qualifying BLAST hit(s) were available. At least 2 qualifying hits are preferred for strong taxonomic classification.	tr|A0A4C1WJY2|A0A4C1WJY2_EUMVA Uncharacterized protein OS=Eumeta variegata OX=151549 GN=EVAR_96280_1 PE=4 SV=1
g18594.t1	tr|A0A4C1WJY2|A0A4C1WJY2_EUMVA	Eumeta variegata	151549	Eukaryota; Metazoa; Arthropoda; Insecta; Lepidoptera	94.366	100.0	1.04e-35	127.0	1	9	1	0	0	0	0	0	1	1.0	0.0	0.0	0.0	0.0	AMBIGUOUS	AMBIGUOUS	Only 1 qualifying BLAST hit(s) were available. At least 2 qualifying hits are preferred for strong taxonomic classification.	tr|A0A4C1WJY2|A0A4C1WJY2_EUMVA Uncharacterized protein OS=Eumeta variegata OX=151549 GN=EVAR_96280_1 PE=4 SV=1
g18650.t1	tr|A0A4C1URF5|A0A4C1URF5_EUMVA	Eumeta variegata	151549	Eukaryota; Metazoa; Arthropoda; Insecta; Lepidoptera	55.528	96.0	6.6e-97	323.0	1	10	1	0	0	0	0	0	1	1.0	0.0	0.0	0.0	0.0	AMBIGUOUS	AMBIGUOUS	Only 1 qualifying BLAST hit(s) were available. At least 2 qualifying hits are preferred for strong taxonomic classification.	tr|A0A4C1URF5|A0A4C1URF5_EUMVA protein disulfide-isomerase OS=Eumeta variegata OX=151549 GN=CaBP1 PE=3 SV=1
g18772.t1	tr|A0A4C1T3R5|A0A4C1T3R5_EUMVA	Eumeta variegata	151549	Eukaryota; Metazoa; Arthropoda; Insecta; Lepidoptera	68.519	82.0	3.25e-18	82.4	1	5	1	0	0	0	0	0	1	1.0	0.0	0.0	0.0	0.0	AMBIGUOUS	AMBIGUOUS	Only 1 qualifying BLAST hit(s) were available. At least 2 qualifying hits are preferred for strong taxonomic classification.	tr|A0A4C1T3R5|A0A4C1T3R5_EUMVA Uncharacterized protein OS=Eumeta variegata OX=151549 GN=EVAR_2893_1 PE=4 SV=1
g18843.t1	tr|A0AAE1LFL9|A0AAE1LFL9_9NEOP	Frankliniella fusca	407009	Eukaryota; Metazoa; Arthropoda; Insecta; Thysanoptera	35.294	74.0	5.27e-08	55.1	1	10	1	0	0	0	0	0	1	1.0	0.0	0.0	0.0	0.0	AMBIGUOUS	AMBIGUOUS	Only 1 qualifying BLAST hit(s) were available. At least 2 qualifying hits are preferred for strong taxonomic classification.	tr|A0AAE1LFL9|A0AAE1LFL9_9NEOP High frequency lysogenization protein HflD-like protein OS=Frankliniella fusca OX=407009 GN=KUF71_025975 PE=4 SV=1
g18848.t1	tr|A0ACC1DE29|A0ACC1DE29_9NEOP	Dendrolimus kikuchii	765133	Eukaryota; Metazoa; Arthropoda; Insecta; Lepidoptera	68.75	72.0	1.05e-19	92.0	1	10	1	0	0	0	0	0	1	1.0	0.0	0.0	0.0	0.0	AMBIGUOUS	AMBIGUOUS	Only 1 qualifying BLAST hit(s) were available. At least 2 qualifying hits are preferred for strong taxonomic classification.	tr|A0ACC1DE29|A0ACC1DE29_9NEOP Hemolin OS=Dendrolimus kikuchii OX=765133 GN=K1T71_001573 PE=3 SV=1
g18857.t1	tr|A0A4C2A5L9|A0A4C2A5L9_EUMVA	Eumeta variegata	151549	Eukaryota; Metazoa; Arthropoda; Insecta; Lepidoptera	62.238	71.0	1.95e-32	125.0	1	10	1	0	0	0	0	0	1	1.0	0.0	0.0	0.0	0.0	AMBIGUOUS	AMBIGUOUS	Only 1 qualifying BLAST hit(s) were available. At least 2 qualifying hits are preferred for strong taxonomic classification.	tr|A0A4C2A5L9|A0A4C2A5L9_EUMVA Uncharacterized protein OS=Eumeta variegata OX=151549 GN=EVAR_66923_1 PE=4 SV=1
g18863.t1	tr|A0A4C1ZP30|A0A4C1ZP30_EUMVA	Eumeta variegata	151549	Eukaryota; Metazoa; Arthropoda; Insecta; Lepidoptera	30.928	99.0	0.003	45.1	1	10	1	0	0	0	0	0	1	1.0	0.0	0.0	0.0	0.0	AMBIGUOUS	AMBIGUOUS	Only 1 qualifying BLAST hit(s) were available. At least 2 qualifying hits are preferred for strong taxonomic classification.	tr|A0A4C1ZP30|A0A4C1ZP30_EUMVA Uncharacterized protein OS=Eumeta variegata OX=151549 GN=EVAR_64157_1 PE=4 SV=1
g18869.t1	tr|A0ABN8B209|A0ABN8B209_CHISP	Chilo suppressalis	168631	Eukaryota; Metazoa; Arthropoda; Insecta; Lepidoptera	58.28	99.0	7.09e-96	293.0	1	10	1	0	0	0	0	0	1	1.0	0.0	0.0	0.0	0.0	AMBIGUOUS	AMBIGUOUS	Only 1 qualifying BLAST hit(s) were available. At least 2 qualifying hits are preferred for strong taxonomic classification.	tr|A0ABN8B209|A0ABN8B209_CHISP BESS domain-containing protein OS=Chilo suppressalis OX=168631 GN=CHILSU_LOCUS6280 PE=4 SV=1
g18877.t1	tr|A0ABR3H6R9|A0ABR3H6R9_LOXSC	Loxostege sticticalis	481309	Eukaryota; Metazoa; Arthropoda; Insecta; Lepidoptera	82.298	92.0	0.0	545.0	10	11	5	0	0	5	0	0	10	0.5	0.0	0.0	0.5	0.0	AMBIGUOUS	AMBIGUOUS	No taxonomic group reached the 70% dominance threshold among taxonomically resolved qualifying hits.	tr|A0ABR3H6R9|A0ABR3H6R9_LOXSC ZMYM1-like RNase-like domain-containing protein OS=Loxostege sticticalis OX=481309 GN=ABMA27_009881 PE=4 SV=1
g18914.t1	tr|A0A4C1YB74|A0A4C1YB74_EUMVA	Eumeta variegata	151549	Eukaryota; Metazoa; Arthropoda; Insecta; Lepidoptera	52.146	99.0	0.0	647.0	9	10	5	0	0	4	0	0	9	0.5555555555555556	0.0	0.0	0.4444444444444444	0.0	AMBIGUOUS	AMBIGUOUS	No taxonomic group reached the 70% dominance threshold among taxonomically resolved qualifying hits.	tr|A0A4C1YB74|A0A4C1YB74_EUMVA PiggyBac transposable element-derived protein 4 OS=Eumeta variegata OX=151549 GN=PGBD4 PE=4 SV=1
g19015.t1	tr|A0ACC1DDG8|A0ACC1DDG8_9NEOP	Dendrolimus kikuchii	765133	Eukaryota; Metazoa; Arthropoda; Insecta; Lepidoptera	47.541	76.0	3.33e-21	100.0	1	10	1	0	0	0	0	0	1	1.0	0.0	0.0	0.0	0.0	AMBIGUOUS	AMBIGUOUS	Only 1 qualifying BLAST hit(s) were available. At least 2 qualifying hits are preferred for strong taxonomic classification.	tr|A0ACC1DDG8|A0ACC1DDG8_9NEOP C2H2-type domain-containing protein OS=Dendrolimus kikuchii OX=765133 GN=K1T71_002659 PE=4 SV=1
g19046.t1	tr|A0A4C1SPS5|A0A4C1SPS5_EUMVA	Eumeta variegata	151549	Eukaryota; Metazoa; Arthropoda; Insecta; Lepidoptera	89.773	100.0	2.9e-48	160.0	1	6	1	0	0	0	0	0	1	1.0	0.0	0.0	0.0	0.0	AMBIGUOUS	AMBIGUOUS	Only 1 qualifying BLAST hit(s) were available. At least 2 qualifying hits are preferred for strong taxonomic classification.	tr|A0A4C1SPS5|A0A4C1SPS5_EUMVA Uncharacterized protein OS=Eumeta variegata OX=151549 GN=EVAR_74752_1 PE=4 SV=1
g19057.t1	tr|A0AAD7Y846|A0AAD7Y846_MYTSE	Mythimna separata	271217	Eukaryota; Metazoa; Arthropoda; Insecta; Lepidoptera	55.805	89.0	9.98e-71	227.0	1	10	1	0	0	0	0	0	1	1.0	0.0	0.0	0.0	0.0	AMBIGUOUS	AMBIGUOUS	Only 1 qualifying BLAST hit(s) were available. At least 2 qualifying hits are preferred for strong taxonomic classification.	tr|A0AAD7Y846|A0AAD7Y846_MYTSE Uncharacterized protein OS=Mythimna separata OX=271217 GN=PYW07_012517 PE=4 SV=1
g19058.t1	tr|A0A4C1Z374|A0A4C1Z374_EUMVA	Eumeta variegata	151549	Eukaryota; Metazoa; Arthropoda; Insecta; Lepidoptera	35.955	96.0	0.01	43.9	1	10	1	0	0	0	0	0	1	1.0	0.0	0.0	0.0	0.0	AMBIGUOUS	AMBIGUOUS	Only 1 qualifying BLAST hit(s) were available. At least 2 qualifying hits are preferred for strong taxonomic classification.	tr|A0A4C1Z374|A0A4C1Z374_EUMVA Zinc finger protein 271 OS=Eumeta variegata OX=151549 GN=ZNF271 PE=3 SV=1
g19095.t1	tr|A0ABQ9HH95|A0ABQ9HH95_9NEOP	Dryococelus australis	614101	Eukaryota; Metazoa; Arthropoda; Insecta; Phasmatodea	41.096	71.0	1.39e-07	56.6	1	10	1	0	0	0	0	0	1	1.0	0.0	0.0	0.0	0.0	AMBIGUOUS	AMBIGUOUS	Only 1 qualifying BLAST hit(s) were available. At least 2 qualifying hits are preferred for strong taxonomic classification.	tr|A0ABQ9HH95|A0ABQ9HH95_9NEOP Reverse transcriptase Ty1/copia-type domain-containing protein OS=Dryococelus australis OX=614101 GN=PR048_015552 PE=4 SV=1
g19102.t1	tr|A0A4C1VW92|A0A4C1VW92_EUMVA	Eumeta variegata	151549	Eukaryota; Metazoa; Arthropoda; Insecta; Lepidoptera	78.571	100.0	5.91e-72	222.0	10	10	4	0	1	5	0	0	10	0.4	0.0	0.1	0.5	0.0	AMBIGUOUS	AMBIGUOUS	No taxonomic group reached the 70% dominance threshold among taxonomically resolved qualifying hits.	tr|A0A4C1VW92|A0A4C1VW92_EUMVA Histone H2A OS=Eumeta variegata OX=151549 GN=EVAR_96291_1 PE=3 SV=1
g19103.t1	tr|A0A4C1VW92|A0A4C1VW92_EUMVA	Eumeta variegata	151549	Eukaryota; Metazoa; Arthropoda; Insecta; Lepidoptera	77.922	100.0	9.57e-72	221.0	10	10	4	0	1	5	0	0	10	0.4	0.0	0.1	0.5	0.0	AMBIGUOUS	AMBIGUOUS	No taxonomic group reached the 70% dominance threshold among taxonomically resolved qualifying hits.	tr|A0A4C1VW92|A0A4C1VW92_EUMVA Histone H2A OS=Eumeta variegata OX=151549 GN=EVAR_96291_1 PE=3 SV=1
g19143.t1	tr|A0A4C1T447|A0A4C1T447_EUMVA	Eumeta variegata	151549	Eukaryota; Metazoa; Arthropoda; Insecta; Lepidoptera	36.538	84.0	3.31e-07	57.4	1	3	1	0	0	0	0	0	1	1.0	0.0	0.0	0.0	0.0	AMBIGUOUS	AMBIGUOUS	Only 1 qualifying BLAST hit(s) were available. At least 2 qualifying hits are preferred for strong taxonomic classification.	tr|A0A4C1T447|A0A4C1T447_EUMVA Uncharacterized protein OS=Eumeta variegata OX=151549 GN=EVAR_73373_1 PE=4 SV=1
g19147.t1	tr|A0A4C1T0B8|A0A4C1T0B8_EUMVA	Eumeta variegata	151549	Eukaryota; Metazoa; Arthropoda; Insecta; Lepidoptera	42.946	98.0	0.0	660.0	1	10	1	0	0	0	0	0	1	1.0	0.0	0.0	0.0	0.0	AMBIGUOUS	AMBIGUOUS	Only 1 qualifying BLAST hit(s) were available. At least 2 qualifying hits are preferred for strong taxonomic classification.	tr|A0A4C1T0B8|A0A4C1T0B8_EUMVA Uncharacterized protein OS=Eumeta variegata OX=151549 GN=EVAR_78061_1 PE=4 SV=1
g19160.t1	tr|A0A4C1T310|A0A4C1T310_EUMVA	Eumeta variegata	151549	Eukaryota; Metazoa; Arthropoda; Insecta; Lepidoptera	52.511	97.0	1.89e-65	210.0	1	5	1	0	0	0	0	0	1	1.0	0.0	0.0	0.0	0.0	AMBIGUOUS	AMBIGUOUS	Only 1 qualifying BLAST hit(s) were available. At least 2 qualifying hits are preferred for strong taxonomic classification.	tr|A0A4C1T310|A0A4C1T310_EUMVA Uncharacterized protein OS=Eumeta variegata OX=151549 GN=EVAR_78021_1 PE=4 SV=1
g19162.t1	tr|A0A4C1T131|A0A4C1T131_EUMVA	Eumeta variegata	151549	Eukaryota; Metazoa; Arthropoda; Insecta; Lepidoptera	56.757	99.0	8.84e-35	124.0	1	8	1	0	0	0	0	0	1	1.0	0.0	0.0	0.0	0.0	AMBIGUOUS	AMBIGUOUS	Only 1 qualifying BLAST hit(s) were available. At least 2 qualifying hits are preferred for strong taxonomic classification.	tr|A0A4C1T131|A0A4C1T131_EUMVA Uncharacterized protein OS=Eumeta variegata OX=151549 GN=EVAR_78019_1 PE=4 SV=1
g19165.t1	tr|A0ACC0J7X1|A0ACC0J7X1_CHOFU	Choristoneura fumiferana	7141	Eukaryota; Metazoa; Arthropoda; Insecta; Lepidoptera	43.925	90.0	1.15e-06	54.7	1	10	1	0	0	0	0	0	1	1.0	0.0	0.0	0.0	0.0	AMBIGUOUS	AMBIGUOUS	Only 1 qualifying BLAST hit(s) were available. At least 2 qualifying hits are preferred for strong taxonomic classification.	tr|A0ACC0J7X1|A0ACC0J7X1_CHOFU Uncharacterized protein OS=Choristoneura fumiferana OX=7141 GN=MSG28_008760 PE=4 SV=1
g19168.t1	tr|A0AAD8F3F7|A0AAD8F3F7_BIOPF	Biomphalaria pfeifferi	112525	Eukaryota; Metazoa; Mollusca; Gastropoda; 	34.409	98.0	7.24e-11	64.7	26	56	8	0	0	18	0	0	26	0.3076923076923077	0.0	0.0	0.6923076923076923	0.0	AMBIGUOUS	AMBIGUOUS	No taxonomic group reached the 70% dominance threshold among taxonomically resolved qualifying hits.	tr|A0AAD8F3F7|A0AAD8F3F7_BIOPF Uncharacterized protein OS=Biomphalaria pfeifferi OX=112525 GN=Bpfe_020196 PE=4 SV=1
g19169.t1	tr|A0A2Z6QAX9|A0A2Z6QAX9_9GLOM	Rhizophagus clarus	94130	Eukaryota; Fungi; Glomeromycota; Glomeromycetes; Glomerales	34.409	96.0	1.44e-13	70.1	20	252	5	0	2	13	0	0	20	0.25	0.0	0.1	0.65	0.0	AMBIGUOUS	AMBIGUOUS	No taxonomic group reached the 70% dominance threshold among taxonomically resolved qualifying hits.	tr|A0A2Z6QAX9|A0A2Z6QAX9_9GLOM Uncharacterized protein OS=Rhizophagus clarus OX=94130 GN=RclHR1_01310001 PE=4 SV=1
g19185.t1	tr|A0A4C1SBQ1|A0A4C1SBQ1_EUMVA	Eumeta variegata	151549	Eukaryota; Metazoa; Arthropoda; Insecta; Lepidoptera	47.94	73.0	1.49e-59	206.0	1	10	1	0	0	0	0	0	1	1.0	0.0	0.0	0.0	0.0	AMBIGUOUS	AMBIGUOUS	Only 1 qualifying BLAST hit(s) were available. At least 2 qualifying hits are preferred for strong taxonomic classification.	tr|A0A4C1SBQ1|A0A4C1SBQ1_EUMVA THAP-type domain-containing protein OS=Eumeta variegata OX=151549 GN=EVAR_111_1 PE=4 SV=1
g19222.t1	tr|A0A2G2V0M5|A0A2G2V0M5_CAPBA	Capsicum baccatum	33114	Eukaryota; Viridiplantae; Streptophyta; Magnoliopsida; Solanales	50.698	95.0	6.97e-52	179.0	6	10	2	0	0	4	0	0	6	0.3333333333333333	0.0	0.0	0.6666666666666666	0.0	AMBIGUOUS	AMBIGUOUS	No taxonomic group reached the 70% dominance threshold among taxonomically resolved qualifying hits.	tr|A0A2G2V0M5|A0A2G2V0M5_CAPBA Regulator of rDNA transcription protein 15 OS=Capsicum baccatum OX=33114 GN=CQW23_33847 PE=4 SV=1
g19321.t1	tr|A0AAV1KLL5|A0AAV1KLL5_9NEOP	Parnassius mnemosyne	213953	Eukaryota; Metazoa; Arthropoda; Insecta; Lepidoptera	48.333	75.0	2.05e-22	103.0	1	10	1	0	0	0	0	0	1	1.0	0.0	0.0	0.0	0.0	AMBIGUOUS	AMBIGUOUS	Only 1 qualifying BLAST hit(s) were available. At least 2 qualifying hits are preferred for strong taxonomic classification.	tr|A0AAV1KLL5|A0AAV1KLL5_9NEOP Polyprotein OS=Parnassius mnemosyne OX=213953 GN=PARMNEM_LOCUS4597 PE=4 SV=1
g19323.t1	tr|A0A4C1SP48|A0A4C1SP48_EUMVA	Eumeta variegata	151549	Eukaryota; Metazoa; Arthropoda; Insecta; Lepidoptera	34.94	78.0	0.015	43.1	1	10	1	0	0	0	0	0	1	1.0	0.0	0.0	0.0	0.0	AMBIGUOUS	AMBIGUOUS	Only 1 qualifying BLAST hit(s) were available. At least 2 qualifying hits are preferred for strong taxonomic classification.	tr|A0A4C1SP48|A0A4C1SP48_EUMVA Uncharacterized protein OS=Eumeta variegata OX=151549 GN=EVAR_2479_1 PE=4 SV=1
g19399.t1	tr|A0A165CX95|A0A165CX95_9BASI	Calocera cornea HHB12733	1353952	Eukaryota; Fungi; Basidiomycota; Dacrymycetes; Dacrymycetales	34.0	87.0	0.000347	48.1	5	10	0	0	3	2	0	0	5	0.0	0.0	0.6	0.4	0.0	AMBIGUOUS	AMBIGUOUS	No taxonomic group reached the 70% dominance threshold among taxonomically resolved qualifying hits.	tr|A0A165CX95|A0A165CX95_9BASI Ubiquitin-domain-containing protein OS=Calocera cornea HHB12733 OX=1353952 GN=CALCODRAFT_124454 PE=4 SV=1
g19403.t1	tr|A0A4C1WE23|A0A4C1WE23_EUMVA	Eumeta variegata	151549	Eukaryota; Metazoa; Arthropoda; Insecta; Lepidoptera	81.429	71.0	5.4e-32	127.0	1	10	1	0	0	0	0	0	1	1.0	0.0	0.0	0.0	0.0	AMBIGUOUS	AMBIGUOUS	Only 1 qualifying BLAST hit(s) were available. At least 2 qualifying hits are preferred for strong taxonomic classification.	tr|A0A4C1WE23|A0A4C1WE23_EUMVA P-type Ca(2+) transporter OS=Eumeta variegata OX=151549 GN=Atp2c1 PE=3 SV=1
g19410.t1	tr|A0ABR3HPH8|A0ABR3HPH8_LOXSC	Loxostege sticticalis	481309	Eukaryota; Metazoa; Arthropoda; Insecta; Lepidoptera	48.387	98.0	0.05	40.4	1	10	1	0	0	0	0	0	1	1.0	0.0	0.0	0.0	0.0	AMBIGUOUS	AMBIGUOUS	Only 1 qualifying BLAST hit(s) were available. At least 2 qualifying hits are preferred for strong taxonomic classification.	tr|A0ABR3HPH8|A0ABR3HPH8_LOXSC Uncharacterized protein OS=Loxostege sticticalis OX=481309 GN=ABMA27_003567 PE=4 SV=1
g19433.t1	tr|A0A4C1UML0|A0A4C1UML0_EUMVA	Eumeta variegata	151549	Eukaryota; Metazoa; Arthropoda; Insecta; Lepidoptera	62.5	82.0	1.32e-09	60.1	1	2	1	0	0	0	0	0	1	1.0	0.0	0.0	0.0	0.0	AMBIGUOUS	AMBIGUOUS	Only 1 qualifying BLAST hit(s) were available. At least 2 qualifying hits are preferred for strong taxonomic classification.	tr|A0A4C1UML0|A0A4C1UML0_EUMVA Uncharacterized protein OS=Eumeta variegata OX=151549 GN=EVAR_15999_1 PE=4 SV=1
g19441.t1	tr|A0A4C1XBT6|A0A4C1XBT6_EUMVA	Eumeta variegata	151549	Eukaryota; Metazoa; Arthropoda; Insecta; Lepidoptera	50.0	70.0	2.5e-08	56.6	1	10	1	0	0	0	0	0	1	1.0	0.0	0.0	0.0	0.0	AMBIGUOUS	AMBIGUOUS	Only 1 qualifying BLAST hit(s) were available. At least 2 qualifying hits are preferred for strong taxonomic classification.	tr|A0A4C1XBT6|A0A4C1XBT6_EUMVA Uncharacterized protein OS=Eumeta variegata OX=151549 GN=EVAR_44339_1 PE=4 SV=1
g19461.t1	tr|A0A4C1UI59|A0A4C1UI59_EUMVA	Eumeta variegata	151549	Eukaryota; Metazoa; Arthropoda; Insecta; Lepidoptera	65.341	90.0	6.9e-130	395.0	1	10	1	0	0	0	0	0	1	1.0	0.0	0.0	0.0	0.0	AMBIGUOUS	AMBIGUOUS	Only 1 qualifying BLAST hit(s) were available. At least 2 qualifying hits are preferred for strong taxonomic classification.	tr|A0A4C1UI59|A0A4C1UI59_EUMVA SAM-dependent MTase RsmB/NOP-type domain-containing protein OS=Eumeta variegata OX=151549 GN=EVAR_74913_1 PE=3 SV=1
g19465.t1	tr|A0A4C1UUK3|A0A4C1UUK3_EUMVA	Eumeta variegata	151549	Eukaryota; Metazoa; Arthropoda; Insecta; Lepidoptera	72.662	94.0	1.76e-53	176.0	1	1	1	0	0	0	0	0	1	1.0	0.0	0.0	0.0	0.0	AMBIGUOUS	AMBIGUOUS	Only 1 qualifying BLAST hit(s) were available. At least 2 qualifying hits are preferred for strong taxonomic classification.	tr|A0A4C1UUK3|A0A4C1UUK3_EUMVA Uncharacterized protein OS=Eumeta variegata OX=151549 GN=EVAR_13620_1 PE=4 SV=1
g19467.t1	tr|A0ABR3I601|A0ABR3I601_LOXSC	Loxostege sticticalis	481309	Eukaryota; Metazoa; Arthropoda; Insecta; Lepidoptera	37.553	75.0	8.38e-36	143.0	1	10	1	0	0	0	0	0	1	1.0	0.0	0.0	0.0	0.0	AMBIGUOUS	AMBIGUOUS	Only 1 qualifying BLAST hit(s) were available. At least 2 qualifying hits are preferred for strong taxonomic classification.	tr|A0ABR3I601|A0ABR3I601_LOXSC Endonuclease/exonuclease/phosphatase domain-containing protein OS=Loxostege sticticalis OX=481309 GN=ABMA27_016227 PE=3 SV=1
g19488.t1	tr|A0A4C1VZ65|A0A4C1VZ65_EUMVA	Eumeta variegata	151549	Eukaryota; Metazoa; Arthropoda; Insecta; Lepidoptera	66.667	89.0	1.05e-32	124.0	1	10	1	0	0	0	0	0	1	1.0	0.0	0.0	0.0	0.0	AMBIGUOUS	AMBIGUOUS	Only 1 qualifying BLAST hit(s) were available. At least 2 qualifying hits are preferred for strong taxonomic classification.	tr|A0A4C1VZ65|A0A4C1VZ65_EUMVA Uncharacterized protein OS=Eumeta variegata OX=151549 GN=EVAR_85247_1 PE=4 SV=1
g19489.t1	tr|A0A9N9W984|A0A9N9W984_9NEOP	Diatraea saccharalis	40085	Eukaryota; Metazoa; Arthropoda; Insecta; Lepidoptera	52.308	72.0	6.37e-15	78.2	1	10	1	0	0	0	0	0	1	1.0	0.0	0.0	0.0	0.0	AMBIGUOUS	AMBIGUOUS	Only 1 qualifying BLAST hit(s) were available. At least 2 qualifying hits are preferred for strong taxonomic classification.	tr|A0A9N9W984|A0A9N9W984_9NEOP Carboxylic ester hydrolase OS=Diatraea saccharalis OX=40085 GN=DIATSA_LOCUS2866 PE=3 SV=1
g19507.t1	tr|A0A8J2EHY5|A0A8J2EHY5_COTCN	Cotesia congregata	51543	Eukaryota; Metazoa; Arthropoda; Insecta; Hymenoptera	53.333	73.0	2.02e-15	74.7	1	10	1	0	0	0	0	0	1	1.0	0.0	0.0	0.0	0.0	AMBIGUOUS	AMBIGUOUS	Only 1 qualifying BLAST hit(s) were available. At least 2 qualifying hits are preferred for strong taxonomic classification.	tr|A0A8J2EHY5|A0A8J2EHY5_COTCN Uncharacterized protein OS=Cotesia congregata OX=51543 GN=HICCMSTLAB_LOCUS395 PE=4 SV=1
g19537.t1	tr|A0A4C1ZZH7|A0A4C1ZZH7_EUMVA	Eumeta variegata	151549	Eukaryota; Metazoa; Arthropoda; Insecta; Lepidoptera	79.71	74.0	1.86e-17	79.0	1	10	1	0	0	0	0	0	1	1.0	0.0	0.0	0.0	0.0	AMBIGUOUS	AMBIGUOUS	Only 1 qualifying BLAST hit(s) were available. At least 2 qualifying hits are preferred for strong taxonomic classification.	tr|A0A4C1ZZH7|A0A4C1ZZH7_EUMVA Uncharacterized protein OS=Eumeta variegata OX=151549 GN=EVAR_69689_1 PE=4 SV=1
g19597.t1	tr|A0A4C1TT59|A0A4C1TT59_EUMVA	Eumeta variegata	151549	Eukaryota; Metazoa; Arthropoda; Insecta; Lepidoptera	45.312	76.0	5.37e-50	175.0	1	2	1	0	0	0	0	0	1	1.0	0.0	0.0	0.0	0.0	AMBIGUOUS	AMBIGUOUS	Only 1 qualifying BLAST hit(s) were available. At least 2 qualifying hits are preferred for strong taxonomic classification.	tr|A0A4C1TT59|A0A4C1TT59_EUMVA Uncharacterized protein OS=Eumeta variegata OX=151549 GN=EVAR_17306_1 PE=4 SV=1
g19635.t1	tr|A0ACE5WCB2|A0ACE5WCB2_COCNU	Cocos nucifera	13894	Eukaryota; Viridiplantae; Streptophyta; Magnoliopsida; Arecales	43.21	84.0	3.32e-11	68.2	1	10	0	0	0	1	0	0	1	0.0	0.0	0.0	1.0	0.0	AMBIGUOUS	AMBIGUOUS	Only 1 qualifying BLAST hit(s) were available. At least 2 qualifying hits are preferred for strong taxonomic classification.	tr|A0ACE5WCB2|A0ACE5WCB2_COCNU Uncharacterized protein OS=Cocos nucifera OX=13894 GN=COCNU_scaffold003431G000040 PE=4 SV=1
g19644.t1	tr|A0ACM7CQ03|A0ACM7CQ03_ELAGV	Elaeis guineensis var. tenera	51953	Eukaryota; Viridiplantae; Streptophyta; Magnoliopsida; Arecales	76.522	83.0	5.35e-178	515.0	1	10	0	0	0	1	0	0	1	0.0	0.0	0.0	1.0	0.0	AMBIGUOUS	AMBIGUOUS	Only 1 qualifying BLAST hit(s) were available. At least 2 qualifying hits are preferred for strong taxonomic classification.	tr|A0ACM7CQ03|A0ACM7CQ03_ELAGV Uncharacterized protein OS=Elaeis guineensis var. tenera OX=51953 GN=LOC140859053 PE=4 SV=1
g19660.t1	tr|A0A8S3XB64|A0A8S3XB64_PARAO	Parnassius apollo	110799	Eukaryota; Metazoa; Arthropoda; Insecta; Lepidoptera	71.385	92.0	5.02e-174	499.0	11	12	6	0	0	5	0	0	11	0.5454545454545454	0.0	0.0	0.45454545454545453	0.0	AMBIGUOUS	AMBIGUOUS	No taxonomic group reached the 70% dominance threshold among taxonomically resolved qualifying hits.	tr|A0A8S3XB64|A0A8S3XB64_PARAO (apollo) hypothetical protein OS=Parnassius apollo OX=110799 GN=PAPOLLO_LOCUS15273 PE=4 SV=1
g19679.t1	tr|A0A4C1YB74|A0A4C1YB74_EUMVA	Eumeta variegata	151549	Eukaryota; Metazoa; Arthropoda; Insecta; Lepidoptera	52.146	99.0	0.0	647.0	9	10	5	0	0	4	0	0	9	0.5555555555555556	0.0	0.0	0.4444444444444444	0.0	AMBIGUOUS	AMBIGUOUS	No taxonomic group reached the 70% dominance threshold among taxonomically resolved qualifying hits.	tr|A0A4C1YB74|A0A4C1YB74_EUMVA PiggyBac transposable element-derived protein 4 OS=Eumeta variegata OX=151549 GN=PGBD4 PE=4 SV=1
g19685.t1	tr|A0AAU9VG24|A0AAU9VG24_EUPED	Euphydryas editha	104508	Eukaryota; Metazoa; Arthropoda; Insecta; Lepidoptera	50.588	75.0	1.5e-16	84.0	1	10	1	0	0	0	0	0	1	1.0	0.0	0.0	0.0	0.0	AMBIGUOUS	AMBIGUOUS	Only 1 qualifying BLAST hit(s) were available. At least 2 qualifying hits are preferred for strong taxonomic classification.	tr|A0AAU9VG24|A0AAU9VG24_EUPED Reverse transcriptase domain-containing protein OS=Euphydryas editha OX=104508 GN=EEDITHA_LOCUS22974 PE=4 SV=1
g19701.t1	tr|A0A4C1YF29|A0A4C1YF29_EUMVA	Eumeta variegata	151549	Eukaryota; Metazoa; Arthropoda; Insecta; Lepidoptera	71.429	100.0	4.24e-34	120.0	1	3	1	0	0	0	0	0	1	1.0	0.0	0.0	0.0	0.0	AMBIGUOUS	AMBIGUOUS	Only 1 qualifying BLAST hit(s) were available. At least 2 qualifying hits are preferred for strong taxonomic classification.	tr|A0A4C1YF29|A0A4C1YF29_EUMVA Uncharacterized protein OS=Eumeta variegata OX=151549 GN=EVAR_56101_1 PE=4 SV=1
g19727.t1	tr|A0A4C1UDF5|A0A4C1UDF5_EUMVA	Eumeta variegata	151549	Eukaryota; Metazoa; Arthropoda; Insecta; Lepidoptera	43.678	93.0	7e-27	116.0	1	10	1	0	0	0	0	0	1	1.0	0.0	0.0	0.0	0.0	AMBIGUOUS	AMBIGUOUS	Only 1 qualifying BLAST hit(s) were available. At least 2 qualifying hits are preferred for strong taxonomic classification.	tr|A0A4C1UDF5|A0A4C1UDF5_EUMVA RNA-directed DNA polymerase from mobile element jockey OS=Eumeta variegata OX=151549 GN=pol PE=4 SV=1
g19793.t1	tr|A0A5N5THT4|A0A5N5THT4_9CRUS	Armadillidium nasatum	96803	Eukaryota; Metazoa; Arthropoda; Malacostraca; Isopoda	50.0	88.0	8.64e-21	89.0	11	11	5	0	0	6	0	0	11	0.45454545454545453	0.0	0.0	0.5454545454545454	0.0	AMBIGUOUS	AMBIGUOUS	No taxonomic group reached the 70% dominance threshold among taxonomically resolved qualifying hits.	tr|A0A5N5THT4|A0A5N5THT4_9CRUS Zinc finger CCHC domain-containing protein 24 OS=Armadillidium nasatum OX=96803 GN=Anas_11508 PE=4 SV=1
g19806.t1	tr|A0A4C1SP55|A0A4C1SP55_EUMVA	Eumeta variegata	151549	Eukaryota; Metazoa; Arthropoda; Insecta; Lepidoptera	83.636	71.0	7.54e-23	94.4	1	10	1	0	0	0	0	0	1	1.0	0.0	0.0	0.0	0.0	AMBIGUOUS	AMBIGUOUS	Only 1 qualifying BLAST hit(s) were available. At least 2 qualifying hits are preferred for strong taxonomic classification.	tr|A0A4C1SP55|A0A4C1SP55_EUMVA Uncharacterized protein OS=Eumeta variegata OX=151549 GN=EVAR_74783_1 PE=4 SV=1
g19833.t1	tr|A0A4C1WXH8|A0A4C1WXH8_EUMVA	Eumeta variegata	151549	Eukaryota; Metazoa; Arthropoda; Insecta; Lepidoptera	49.339	100.0	5.94e-64	207.0	1	10	1	0	0	0	0	0	1	1.0	0.0	0.0	0.0	0.0	AMBIGUOUS	AMBIGUOUS	Only 1 qualifying BLAST hit(s) were available. At least 2 qualifying hits are preferred for strong taxonomic classification.	tr|A0A4C1WXH8|A0A4C1WXH8_EUMVA Uncharacterized protein OS=Eumeta variegata OX=151549 GN=EVAR_43834_1 PE=4 SV=1
