gene_id	best_hit_accession	best_hit_species	best_hit_taxid	best_hit_lineage	best_identity_pct	best_query_coverage_pct	best_evalue	best_bitscore	qualifying_hits	total_blast_hits	arthropod_hits	bacterial_hits	fungal_hits	non_arthropod_eukaryote_hits	other_prokaryote_hits	unknown_taxonomy_hits	known_taxonomy_hits	arthropod_fraction	bacterial_fraction	fungal_fraction	non_arthropod_eukaryote_fraction	other_prokaryote_fraction	classification	decision	reason	best_hit_description
g13253.t1									0	7	0	0	0	0	0	0	0	0	0	0	0	0	NO_QUALIFYING_HIT	NO_QUALIFYING_HIT	No BLAST hit passed all three quality thresholds.	
g13262.t1									0	6	0	0	0	0	0	0	0	0	0	0	0	0	NO_QUALIFYING_HIT	NO_QUALIFYING_HIT	No BLAST hit passed all three quality thresholds.	
g13264.t1									0	10	0	0	0	0	0	0	0	0	0	0	0	0	NO_QUALIFYING_HIT	NO_QUALIFYING_HIT	No BLAST hit passed all three quality thresholds.	
g13266.t1									0	1	0	0	0	0	0	0	0	0	0	0	0	0	NO_QUALIFYING_HIT	NO_QUALIFYING_HIT	No BLAST hit passed all three quality thresholds.	
g13277.t1									0	10	0	0	0	0	0	0	0	0	0	0	0	0	NO_QUALIFYING_HIT	NO_QUALIFYING_HIT	No BLAST hit passed all three quality thresholds.	
g13284.t1									0	3	0	0	0	0	0	0	0	0	0	0	0	0	NO_QUALIFYING_HIT	NO_QUALIFYING_HIT	No BLAST hit passed all three quality thresholds.	
g13301.t1									0	1	0	0	0	0	0	0	0	0	0	0	0	0	NO_QUALIFYING_HIT	NO_QUALIFYING_HIT	No BLAST hit passed all three quality thresholds.	
g13302.t1									0	3	0	0	0	0	0	0	0	0	0	0	0	0	NO_QUALIFYING_HIT	NO_QUALIFYING_HIT	No BLAST hit passed all three quality thresholds.	
g13303.t1									0	8	0	0	0	0	0	0	0	0	0	0	0	0	NO_QUALIFYING_HIT	NO_QUALIFYING_HIT	No BLAST hit passed all three quality thresholds.	
g13307.t1									0	2	0	0	0	0	0	0	0	0	0	0	0	0	NO_QUALIFYING_HIT	NO_QUALIFYING_HIT	No BLAST hit passed all three quality thresholds.	
g13310.t1									0	1	0	0	0	0	0	0	0	0	0	0	0	0	NO_QUALIFYING_HIT	NO_QUALIFYING_HIT	No BLAST hit passed all three quality thresholds.	
g13318.t1									0	3	0	0	0	0	0	0	0	0	0	0	0	0	NO_QUALIFYING_HIT	NO_QUALIFYING_HIT	No BLAST hit passed all three quality thresholds.	
g13322.t1									0	5	0	0	0	0	0	0	0	0	0	0	0	0	NO_QUALIFYING_HIT	NO_QUALIFYING_HIT	No BLAST hit passed all three quality thresholds.	
g13324.t1									0	10	0	0	0	0	0	0	0	0	0	0	0	0	NO_QUALIFYING_HIT	NO_QUALIFYING_HIT	No BLAST hit passed all three quality thresholds.	
g13329.t1									0	10	0	0	0	0	0	0	0	0	0	0	0	0	NO_QUALIFYING_HIT	NO_QUALIFYING_HIT	No BLAST hit passed all three quality thresholds.	
g13335.t1									0	10	0	0	0	0	0	0	0	0	0	0	0	0	NO_QUALIFYING_HIT	NO_QUALIFYING_HIT	No BLAST hit passed all three quality thresholds.	
g13340.t1									0	4	0	0	0	0	0	0	0	0	0	0	0	0	NO_QUALIFYING_HIT	NO_QUALIFYING_HIT	No BLAST hit passed all three quality thresholds.	
g13342.t1									0	1	0	0	0	0	0	0	0	0	0	0	0	0	NO_QUALIFYING_HIT	NO_QUALIFYING_HIT	No BLAST hit passed all three quality thresholds.	
g13351.t1									0	2	0	0	0	0	0	0	0	0	0	0	0	0	NO_QUALIFYING_HIT	NO_QUALIFYING_HIT	No BLAST hit passed all three quality thresholds.	
g13362.t1									0	10	0	0	0	0	0	0	0	0	0	0	0	0	NO_QUALIFYING_HIT	NO_QUALIFYING_HIT	No BLAST hit passed all three quality thresholds.	
g13372.t1									0	2	0	0	0	0	0	0	0	0	0	0	0	0	NO_QUALIFYING_HIT	NO_QUALIFYING_HIT	No BLAST hit passed all three quality thresholds.	
g13373.t1									0	3	0	0	0	0	0	0	0	0	0	0	0	0	NO_QUALIFYING_HIT	NO_QUALIFYING_HIT	No BLAST hit passed all three quality thresholds.	
g13374.t1									0	15	0	0	0	0	0	0	0	0	0	0	0	0	NO_QUALIFYING_HIT	NO_QUALIFYING_HIT	No BLAST hit passed all three quality thresholds.	
g13379.t1									0	3	0	0	0	0	0	0	0	0	0	0	0	0	NO_QUALIFYING_HIT	NO_QUALIFYING_HIT	No BLAST hit passed all three quality thresholds.	
g13386.t1									0	5	0	0	0	0	0	0	0	0	0	0	0	0	NO_QUALIFYING_HIT	NO_QUALIFYING_HIT	No BLAST hit passed all three quality thresholds.	
g13389.t1									0	7	0	0	0	0	0	0	0	0	0	0	0	0	NO_QUALIFYING_HIT	NO_QUALIFYING_HIT	No BLAST hit passed all three quality thresholds.	
g13391.t1									0	8	0	0	0	0	0	0	0	0	0	0	0	0	NO_QUALIFYING_HIT	NO_QUALIFYING_HIT	No BLAST hit passed all three quality thresholds.	
g13392.t1									0	2	0	0	0	0	0	0	0	0	0	0	0	0	NO_QUALIFYING_HIT	NO_QUALIFYING_HIT	No BLAST hit passed all three quality thresholds.	
g13393.t1									0	7	0	0	0	0	0	0	0	0	0	0	0	0	NO_QUALIFYING_HIT	NO_QUALIFYING_HIT	No BLAST hit passed all three quality thresholds.	
g13395.t1									0	10	0	0	0	0	0	0	0	0	0	0	0	0	NO_QUALIFYING_HIT	NO_QUALIFYING_HIT	No BLAST hit passed all three quality thresholds.	
g13401.t1									0	8	0	0	0	0	0	0	0	0	0	0	0	0	NO_QUALIFYING_HIT	NO_QUALIFYING_HIT	No BLAST hit passed all three quality thresholds.	
g13402.t1									0	2	0	0	0	0	0	0	0	0	0	0	0	0	NO_QUALIFYING_HIT	NO_QUALIFYING_HIT	No BLAST hit passed all three quality thresholds.	
g13413.t1									0	5	0	0	0	0	0	0	0	0	0	0	0	0	NO_QUALIFYING_HIT	NO_QUALIFYING_HIT	No BLAST hit passed all three quality thresholds.	
g13418.t1									0	4	0	0	0	0	0	0	0	0	0	0	0	0	NO_QUALIFYING_HIT	NO_QUALIFYING_HIT	No BLAST hit passed all three quality thresholds.	
g13430.t1									0	2	0	0	0	0	0	0	0	0	0	0	0	0	NO_QUALIFYING_HIT	NO_QUALIFYING_HIT	No BLAST hit passed all three quality thresholds.	
g13432.t1									0	1	0	0	0	0	0	0	0	0	0	0	0	0	NO_QUALIFYING_HIT	NO_QUALIFYING_HIT	No BLAST hit passed all three quality thresholds.	
g13433.t1									0	7	0	0	0	0	0	0	0	0	0	0	0	0	NO_QUALIFYING_HIT	NO_QUALIFYING_HIT	No BLAST hit passed all three quality thresholds.	
g13434.t1									0	6	0	0	0	0	0	0	0	0	0	0	0	0	NO_QUALIFYING_HIT	NO_QUALIFYING_HIT	No BLAST hit passed all three quality thresholds.	
g13435.t1									0	1	0	0	0	0	0	0	0	0	0	0	0	0	NO_QUALIFYING_HIT	NO_QUALIFYING_HIT	No BLAST hit passed all three quality thresholds.	
g13438.t1									0	1	0	0	0	0	0	0	0	0	0	0	0	0	NO_QUALIFYING_HIT	NO_QUALIFYING_HIT	No BLAST hit passed all three quality thresholds.	
g13444.t1									0	6	0	0	0	0	0	0	0	0	0	0	0	0	NO_QUALIFYING_HIT	NO_QUALIFYING_HIT	No BLAST hit passed all three quality thresholds.	
g13458.t1									0	10	0	0	0	0	0	0	0	0	0	0	0	0	NO_QUALIFYING_HIT	NO_QUALIFYING_HIT	No BLAST hit passed all three quality thresholds.	
g13467.t1									0	6	0	0	0	0	0	0	0	0	0	0	0	0	NO_QUALIFYING_HIT	NO_QUALIFYING_HIT	No BLAST hit passed all three quality thresholds.	
g13483.t1									0	2	0	0	0	0	0	0	0	0	0	0	0	0	NO_QUALIFYING_HIT	NO_QUALIFYING_HIT	No BLAST hit passed all three quality thresholds.	
g13484.t1									0	10	0	0	0	0	0	0	0	0	0	0	0	0	NO_QUALIFYING_HIT	NO_QUALIFYING_HIT	No BLAST hit passed all three quality thresholds.	
g13490.t1									0	4	0	0	0	0	0	0	0	0	0	0	0	0	NO_QUALIFYING_HIT	NO_QUALIFYING_HIT	No BLAST hit passed all three quality thresholds.	
g13495.t2									0	10	0	0	0	0	0	0	0	0	0	0	0	0	NO_QUALIFYING_HIT	NO_QUALIFYING_HIT	No BLAST hit passed all three quality thresholds.	
g13496.t1									0	2	0	0	0	0	0	0	0	0	0	0	0	0	NO_QUALIFYING_HIT	NO_QUALIFYING_HIT	No BLAST hit passed all three quality thresholds.	
g13507.t1									0	3	0	0	0	0	0	0	0	0	0	0	0	0	NO_QUALIFYING_HIT	NO_QUALIFYING_HIT	No BLAST hit passed all three quality thresholds.	
g13510.t1									0	10	0	0	0	0	0	0	0	0	0	0	0	0	NO_QUALIFYING_HIT	NO_QUALIFYING_HIT	No BLAST hit passed all three quality thresholds.	
g13539.t1									0	8	0	0	0	0	0	0	0	0	0	0	0	0	NO_QUALIFYING_HIT	NO_QUALIFYING_HIT	No BLAST hit passed all three quality thresholds.	
g13547.t1									0	10	0	0	0	0	0	0	0	0	0	0	0	0	NO_QUALIFYING_HIT	NO_QUALIFYING_HIT	No BLAST hit passed all three quality thresholds.	
g13552.t1									0	8	0	0	0	0	0	0	0	0	0	0	0	0	NO_QUALIFYING_HIT	NO_QUALIFYING_HIT	No BLAST hit passed all three quality thresholds.	
g13553.t1									0	10	0	0	0	0	0	0	0	0	0	0	0	0	NO_QUALIFYING_HIT	NO_QUALIFYING_HIT	No BLAST hit passed all three quality thresholds.	
g13559.t1									0	8	0	0	0	0	0	0	0	0	0	0	0	0	NO_QUALIFYING_HIT	NO_QUALIFYING_HIT	No BLAST hit passed all three quality thresholds.	
g13561.t1									0	6	0	0	0	0	0	0	0	0	0	0	0	0	NO_QUALIFYING_HIT	NO_QUALIFYING_HIT	No BLAST hit passed all three quality thresholds.	
g13563.t1									0	7	0	0	0	0	0	0	0	0	0	0	0	0	NO_QUALIFYING_HIT	NO_QUALIFYING_HIT	No BLAST hit passed all three quality thresholds.	
g13564.t1									0	8	0	0	0	0	0	0	0	0	0	0	0	0	NO_QUALIFYING_HIT	NO_QUALIFYING_HIT	No BLAST hit passed all three quality thresholds.	
g13565.t1									0	10	0	0	0	0	0	0	0	0	0	0	0	0	NO_QUALIFYING_HIT	NO_QUALIFYING_HIT	No BLAST hit passed all three quality thresholds.	
g13566.t1									0	10	0	0	0	0	0	0	0	0	0	0	0	0	NO_QUALIFYING_HIT	NO_QUALIFYING_HIT	No BLAST hit passed all three quality thresholds.	
g13573.t1									0	3	0	0	0	0	0	0	0	0	0	0	0	0	NO_QUALIFYING_HIT	NO_QUALIFYING_HIT	No BLAST hit passed all three quality thresholds.	
g13576.t1									0	73	0	0	0	0	0	0	0	0	0	0	0	0	NO_QUALIFYING_HIT	NO_QUALIFYING_HIT	No BLAST hit passed all three quality thresholds.	
g13578.t1									0	1	0	0	0	0	0	0	0	0	0	0	0	0	NO_QUALIFYING_HIT	NO_QUALIFYING_HIT	No BLAST hit passed all three quality thresholds.	
g13584.t1									0	10	0	0	0	0	0	0	0	0	0	0	0	0	NO_QUALIFYING_HIT	NO_QUALIFYING_HIT	No BLAST hit passed all three quality thresholds.	
g13585.t1									0	5	0	0	0	0	0	0	0	0	0	0	0	0	NO_QUALIFYING_HIT	NO_QUALIFYING_HIT	No BLAST hit passed all three quality thresholds.	
g13604.t1									0	10	0	0	0	0	0	0	0	0	0	0	0	0	NO_QUALIFYING_HIT	NO_QUALIFYING_HIT	No BLAST hit passed all three quality thresholds.	
g13606.t1									0	10	0	0	0	0	0	0	0	0	0	0	0	0	NO_QUALIFYING_HIT	NO_QUALIFYING_HIT	No BLAST hit passed all three quality thresholds.	
g13609.t1									0	4	0	0	0	0	0	0	0	0	0	0	0	0	NO_QUALIFYING_HIT	NO_QUALIFYING_HIT	No BLAST hit passed all three quality thresholds.	
g13610.t1									0	10	0	0	0	0	0	0	0	0	0	0	0	0	NO_QUALIFYING_HIT	NO_QUALIFYING_HIT	No BLAST hit passed all three quality thresholds.	
g13612.t1									0	3	0	0	0	0	0	0	0	0	0	0	0	0	NO_QUALIFYING_HIT	NO_QUALIFYING_HIT	No BLAST hit passed all three quality thresholds.	
g13618.t1									0	10	0	0	0	0	0	0	0	0	0	0	0	0	NO_QUALIFYING_HIT	NO_QUALIFYING_HIT	No BLAST hit passed all three quality thresholds.	
g13621.t1									0	59	0	0	0	0	0	0	0	0	0	0	0	0	NO_QUALIFYING_HIT	NO_QUALIFYING_HIT	No BLAST hit passed all three quality thresholds.	
g13632.t1									0	11	0	0	0	0	0	0	0	0	0	0	0	0	NO_QUALIFYING_HIT	NO_QUALIFYING_HIT	No BLAST hit passed all three quality thresholds.	
g13654.t1									0	10	0	0	0	0	0	0	0	0	0	0	0	0	NO_QUALIFYING_HIT	NO_QUALIFYING_HIT	No BLAST hit passed all three quality thresholds.	
g13655.t1									0	4	0	0	0	0	0	0	0	0	0	0	0	0	NO_QUALIFYING_HIT	NO_QUALIFYING_HIT	No BLAST hit passed all three quality thresholds.	
g13659.t1									0	2	0	0	0	0	0	0	0	0	0	0	0	0	NO_QUALIFYING_HIT	NO_QUALIFYING_HIT	No BLAST hit passed all three quality thresholds.	
g13660.t1									0	5	0	0	0	0	0	0	0	0	0	0	0	0	NO_QUALIFYING_HIT	NO_QUALIFYING_HIT	No BLAST hit passed all three quality thresholds.	
g13661.t1									0	3	0	0	0	0	0	0	0	0	0	0	0	0	NO_QUALIFYING_HIT	NO_QUALIFYING_HIT	No BLAST hit passed all three quality thresholds.	
g13663.t1									0	2	0	0	0	0	0	0	0	0	0	0	0	0	NO_QUALIFYING_HIT	NO_QUALIFYING_HIT	No BLAST hit passed all three quality thresholds.	
g13667.t1									0	3	0	0	0	0	0	0	0	0	0	0	0	0	NO_QUALIFYING_HIT	NO_QUALIFYING_HIT	No BLAST hit passed all three quality thresholds.	
g13669.t1									0	10	0	0	0	0	0	0	0	0	0	0	0	0	NO_QUALIFYING_HIT	NO_QUALIFYING_HIT	No BLAST hit passed all three quality thresholds.	
g13673.t1									0	10	0	0	0	0	0	0	0	0	0	0	0	0	NO_QUALIFYING_HIT	NO_QUALIFYING_HIT	No BLAST hit passed all three quality thresholds.	
g13689.t1									0	8	0	0	0	0	0	0	0	0	0	0	0	0	NO_QUALIFYING_HIT	NO_QUALIFYING_HIT	No BLAST hit passed all three quality thresholds.	
g13693.t1									0	5	0	0	0	0	0	0	0	0	0	0	0	0	NO_QUALIFYING_HIT	NO_QUALIFYING_HIT	No BLAST hit passed all three quality thresholds.	
g13694.t1									0	4	0	0	0	0	0	0	0	0	0	0	0	0	NO_QUALIFYING_HIT	NO_QUALIFYING_HIT	No BLAST hit passed all three quality thresholds.	
g13695.t1									0	10	0	0	0	0	0	0	0	0	0	0	0	0	NO_QUALIFYING_HIT	NO_QUALIFYING_HIT	No BLAST hit passed all three quality thresholds.	
g13717.t1									0	10	0	0	0	0	0	0	0	0	0	0	0	0	NO_QUALIFYING_HIT	NO_QUALIFYING_HIT	No BLAST hit passed all three quality thresholds.	
g13720.t1									0	3	0	0	0	0	0	0	0	0	0	0	0	0	NO_QUALIFYING_HIT	NO_QUALIFYING_HIT	No BLAST hit passed all three quality thresholds.	
g13725.t1									0	3	0	0	0	0	0	0	0	0	0	0	0	0	NO_QUALIFYING_HIT	NO_QUALIFYING_HIT	No BLAST hit passed all three quality thresholds.	
g13728.t1									0	10	0	0	0	0	0	0	0	0	0	0	0	0	NO_QUALIFYING_HIT	NO_QUALIFYING_HIT	No BLAST hit passed all three quality thresholds.	
g13732.t1									0	10	0	0	0	0	0	0	0	0	0	0	0	0	NO_QUALIFYING_HIT	NO_QUALIFYING_HIT	No BLAST hit passed all three quality thresholds.	
g13737.t1									0	2	0	0	0	0	0	0	0	0	0	0	0	0	NO_QUALIFYING_HIT	NO_QUALIFYING_HIT	No BLAST hit passed all three quality thresholds.	
g13749.t1									0	2	0	0	0	0	0	0	0	0	0	0	0	0	NO_QUALIFYING_HIT	NO_QUALIFYING_HIT	No BLAST hit passed all three quality thresholds.	
g13769.t1									0	2	0	0	0	0	0	0	0	0	0	0	0	0	NO_QUALIFYING_HIT	NO_QUALIFYING_HIT	No BLAST hit passed all three quality thresholds.	
g13782.t1									0	10	0	0	0	0	0	0	0	0	0	0	0	0	NO_QUALIFYING_HIT	NO_QUALIFYING_HIT	No BLAST hit passed all three quality thresholds.	
g13785.t1									0	10	0	0	0	0	0	0	0	0	0	0	0	0	NO_QUALIFYING_HIT	NO_QUALIFYING_HIT	No BLAST hit passed all three quality thresholds.	
g13791.t1									0	10	0	0	0	0	0	0	0	0	0	0	0	0	NO_QUALIFYING_HIT	NO_QUALIFYING_HIT	No BLAST hit passed all three quality thresholds.	
g13798.t1									0	10	0	0	0	0	0	0	0	0	0	0	0	0	NO_QUALIFYING_HIT	NO_QUALIFYING_HIT	No BLAST hit passed all three quality thresholds.	
g13803.t1									0	2	0	0	0	0	0	0	0	0	0	0	0	0	NO_QUALIFYING_HIT	NO_QUALIFYING_HIT	No BLAST hit passed all three quality thresholds.	
g13807.t1									0	2	0	0	0	0	0	0	0	0	0	0	0	0	NO_QUALIFYING_HIT	NO_QUALIFYING_HIT	No BLAST hit passed all three quality thresholds.	
g13808.t1									0	3	0	0	0	0	0	0	0	0	0	0	0	0	NO_QUALIFYING_HIT	NO_QUALIFYING_HIT	No BLAST hit passed all three quality thresholds.	
g13809.t1									0	10	0	0	0	0	0	0	0	0	0	0	0	0	NO_QUALIFYING_HIT	NO_QUALIFYING_HIT	No BLAST hit passed all three quality thresholds.	
g13813.t1									0	3	0	0	0	0	0	0	0	0	0	0	0	0	NO_QUALIFYING_HIT	NO_QUALIFYING_HIT	No BLAST hit passed all three quality thresholds.	
g13823.t1									0	6	0	0	0	0	0	0	0	0	0	0	0	0	NO_QUALIFYING_HIT	NO_QUALIFYING_HIT	No BLAST hit passed all three quality thresholds.	
g13824.t1									0	1	0	0	0	0	0	0	0	0	0	0	0	0	NO_QUALIFYING_HIT	NO_QUALIFYING_HIT	No BLAST hit passed all three quality thresholds.	
g13826.t1									0	2	0	0	0	0	0	0	0	0	0	0	0	0	NO_QUALIFYING_HIT	NO_QUALIFYING_HIT	No BLAST hit passed all three quality thresholds.	
g13853.t1									0	5	0	0	0	0	0	0	0	0	0	0	0	0	NO_QUALIFYING_HIT	NO_QUALIFYING_HIT	No BLAST hit passed all three quality thresholds.	
g13854.t1									0	6	0	0	0	0	0	0	0	0	0	0	0	0	NO_QUALIFYING_HIT	NO_QUALIFYING_HIT	No BLAST hit passed all three quality thresholds.	
g13855.t1									0	3	0	0	0	0	0	0	0	0	0	0	0	0	NO_QUALIFYING_HIT	NO_QUALIFYING_HIT	No BLAST hit passed all three quality thresholds.	
g13856.t1									0	1	0	0	0	0	0	0	0	0	0	0	0	0	NO_QUALIFYING_HIT	NO_QUALIFYING_HIT	No BLAST hit passed all three quality thresholds.	
g13859.t1									0	9	0	0	0	0	0	0	0	0	0	0	0	0	NO_QUALIFYING_HIT	NO_QUALIFYING_HIT	No BLAST hit passed all three quality thresholds.	
g13860.t1									0	4	0	0	0	0	0	0	0	0	0	0	0	0	NO_QUALIFYING_HIT	NO_QUALIFYING_HIT	No BLAST hit passed all three quality thresholds.	
g13863.t1									0	1	0	0	0	0	0	0	0	0	0	0	0	0	NO_QUALIFYING_HIT	NO_QUALIFYING_HIT	No BLAST hit passed all three quality thresholds.	
g13864.t1									0	3	0	0	0	0	0	0	0	0	0	0	0	0	NO_QUALIFYING_HIT	NO_QUALIFYING_HIT	No BLAST hit passed all three quality thresholds.	
g13865.t1									0	2	0	0	0	0	0	0	0	0	0	0	0	0	NO_QUALIFYING_HIT	NO_QUALIFYING_HIT	No BLAST hit passed all three quality thresholds.	
g13867.t1									0	10	0	0	0	0	0	0	0	0	0	0	0	0	NO_QUALIFYING_HIT	NO_QUALIFYING_HIT	No BLAST hit passed all three quality thresholds.	
g13870.t1									0	3	0	0	0	0	0	0	0	0	0	0	0	0	NO_QUALIFYING_HIT	NO_QUALIFYING_HIT	No BLAST hit passed all three quality thresholds.	
g13879.t1									0	4	0	0	0	0	0	0	0	0	0	0	0	0	NO_QUALIFYING_HIT	NO_QUALIFYING_HIT	No BLAST hit passed all three quality thresholds.	
g13882.t1									0	10	0	0	0	0	0	0	0	0	0	0	0	0	NO_QUALIFYING_HIT	NO_QUALIFYING_HIT	No BLAST hit passed all three quality thresholds.	
g13885.t1									0	11	0	0	0	0	0	0	0	0	0	0	0	0	NO_QUALIFYING_HIT	NO_QUALIFYING_HIT	No BLAST hit passed all three quality thresholds.	
g13903.t1									0	11	0	0	0	0	0	0	0	0	0	0	0	0	NO_QUALIFYING_HIT	NO_QUALIFYING_HIT	No BLAST hit passed all three quality thresholds.	
g13923.t1									0	10	0	0	0	0	0	0	0	0	0	0	0	0	NO_QUALIFYING_HIT	NO_QUALIFYING_HIT	No BLAST hit passed all three quality thresholds.	
g13926.t1									0	10	0	0	0	0	0	0	0	0	0	0	0	0	NO_QUALIFYING_HIT	NO_QUALIFYING_HIT	No BLAST hit passed all three quality thresholds.	
g13930.t1									0	10	0	0	0	0	0	0	0	0	0	0	0	0	NO_QUALIFYING_HIT	NO_QUALIFYING_HIT	No BLAST hit passed all three quality thresholds.	
g13937.t1									0	10	0	0	0	0	0	0	0	0	0	0	0	0	NO_QUALIFYING_HIT	NO_QUALIFYING_HIT	No BLAST hit passed all three quality thresholds.	
g13941.t1									0	10	0	0	0	0	0	0	0	0	0	0	0	0	NO_QUALIFYING_HIT	NO_QUALIFYING_HIT	No BLAST hit passed all three quality thresholds.	
g13952.t1									0	10	0	0	0	0	0	0	0	0	0	0	0	0	NO_QUALIFYING_HIT	NO_QUALIFYING_HIT	No BLAST hit passed all three quality thresholds.	
g13954.t1									0	10	0	0	0	0	0	0	0	0	0	0	0	0	NO_QUALIFYING_HIT	NO_QUALIFYING_HIT	No BLAST hit passed all three quality thresholds.	
g13955.t1									0	10	0	0	0	0	0	0	0	0	0	0	0	0	NO_QUALIFYING_HIT	NO_QUALIFYING_HIT	No BLAST hit passed all three quality thresholds.	
g13956.t1									0	10	0	0	0	0	0	0	0	0	0	0	0	0	NO_QUALIFYING_HIT	NO_QUALIFYING_HIT	No BLAST hit passed all three quality thresholds.	
g13957.t1									0	9	0	0	0	0	0	0	0	0	0	0	0	0	NO_QUALIFYING_HIT	NO_QUALIFYING_HIT	No BLAST hit passed all three quality thresholds.	
g13973.t1									0	4	0	0	0	0	0	0	0	0	0	0	0	0	NO_QUALIFYING_HIT	NO_QUALIFYING_HIT	No BLAST hit passed all three quality thresholds.	
g13974.t1									0	5	0	0	0	0	0	0	0	0	0	0	0	0	NO_QUALIFYING_HIT	NO_QUALIFYING_HIT	No BLAST hit passed all three quality thresholds.	
g13975.t1									0	1	0	0	0	0	0	0	0	0	0	0	0	0	NO_QUALIFYING_HIT	NO_QUALIFYING_HIT	No BLAST hit passed all three quality thresholds.	
g13976.t1									0	10	0	0	0	0	0	0	0	0	0	0	0	0	NO_QUALIFYING_HIT	NO_QUALIFYING_HIT	No BLAST hit passed all three quality thresholds.	
g13977.t1									0	9	0	0	0	0	0	0	0	0	0	0	0	0	NO_QUALIFYING_HIT	NO_QUALIFYING_HIT	No BLAST hit passed all three quality thresholds.	
g13978.t1									0	10	0	0	0	0	0	0	0	0	0	0	0	0	NO_QUALIFYING_HIT	NO_QUALIFYING_HIT	No BLAST hit passed all three quality thresholds.	
g13979.t1									0	5	0	0	0	0	0	0	0	0	0	0	0	0	NO_QUALIFYING_HIT	NO_QUALIFYING_HIT	No BLAST hit passed all three quality thresholds.	
g13980.t1									0	1	0	0	0	0	0	0	0	0	0	0	0	0	NO_QUALIFYING_HIT	NO_QUALIFYING_HIT	No BLAST hit passed all three quality thresholds.	
g13989.t1									0	10	0	0	0	0	0	0	0	0	0	0	0	0	NO_QUALIFYING_HIT	NO_QUALIFYING_HIT	No BLAST hit passed all three quality thresholds.	
g13990.t1									0	10	0	0	0	0	0	0	0	0	0	0	0	0	NO_QUALIFYING_HIT	NO_QUALIFYING_HIT	No BLAST hit passed all three quality thresholds.	
g13998.t1									0	10	0	0	0	0	0	0	0	0	0	0	0	0	NO_QUALIFYING_HIT	NO_QUALIFYING_HIT	No BLAST hit passed all three quality thresholds.	
g14001.t1									0	7	0	0	0	0	0	0	0	0	0	0	0	0	NO_QUALIFYING_HIT	NO_QUALIFYING_HIT	No BLAST hit passed all three quality thresholds.	
g14003.t1									0	1	0	0	0	0	0	0	0	0	0	0	0	0	NO_QUALIFYING_HIT	NO_QUALIFYING_HIT	No BLAST hit passed all three quality thresholds.	
g14005.t1									0	10	0	0	0	0	0	0	0	0	0	0	0	0	NO_QUALIFYING_HIT	NO_QUALIFYING_HIT	No BLAST hit passed all three quality thresholds.	
g14006.t1									0	10	0	0	0	0	0	0	0	0	0	0	0	0	NO_QUALIFYING_HIT	NO_QUALIFYING_HIT	No BLAST hit passed all three quality thresholds.	
g14010.t1									0	2	0	0	0	0	0	0	0	0	0	0	0	0	NO_QUALIFYING_HIT	NO_QUALIFYING_HIT	No BLAST hit passed all three quality thresholds.	
g14017.t1									0	10	0	0	0	0	0	0	0	0	0	0	0	0	NO_QUALIFYING_HIT	NO_QUALIFYING_HIT	No BLAST hit passed all three quality thresholds.	
g14018.t1									0	2	0	0	0	0	0	0	0	0	0	0	0	0	NO_QUALIFYING_HIT	NO_QUALIFYING_HIT	No BLAST hit passed all three quality thresholds.	
g14020.t1									0	10	0	0	0	0	0	0	0	0	0	0	0	0	NO_QUALIFYING_HIT	NO_QUALIFYING_HIT	No BLAST hit passed all three quality thresholds.	
g14021.t1									0	1	0	0	0	0	0	0	0	0	0	0	0	0	NO_QUALIFYING_HIT	NO_QUALIFYING_HIT	No BLAST hit passed all three quality thresholds.	
g14022.t1									0	10	0	0	0	0	0	0	0	0	0	0	0	0	NO_QUALIFYING_HIT	NO_QUALIFYING_HIT	No BLAST hit passed all three quality thresholds.	
g14027.t1									0	10	0	0	0	0	0	0	0	0	0	0	0	0	NO_QUALIFYING_HIT	NO_QUALIFYING_HIT	No BLAST hit passed all three quality thresholds.	
g14028.t1									0	7	0	0	0	0	0	0	0	0	0	0	0	0	NO_QUALIFYING_HIT	NO_QUALIFYING_HIT	No BLAST hit passed all three quality thresholds.	
g14033.t1									0	7	0	0	0	0	0	0	0	0	0	0	0	0	NO_QUALIFYING_HIT	NO_QUALIFYING_HIT	No BLAST hit passed all three quality thresholds.	
g14039.t1									0	1	0	0	0	0	0	0	0	0	0	0	0	0	NO_QUALIFYING_HIT	NO_QUALIFYING_HIT	No BLAST hit passed all three quality thresholds.	
g14044.t1									0	10	0	0	0	0	0	0	0	0	0	0	0	0	NO_QUALIFYING_HIT	NO_QUALIFYING_HIT	No BLAST hit passed all three quality thresholds.	
g14049.t1									0	2	0	0	0	0	0	0	0	0	0	0	0	0	NO_QUALIFYING_HIT	NO_QUALIFYING_HIT	No BLAST hit passed all three quality thresholds.	
g14053.t1									0	2	0	0	0	0	0	0	0	0	0	0	0	0	NO_QUALIFYING_HIT	NO_QUALIFYING_HIT	No BLAST hit passed all three quality thresholds.	
g14054.t1									0	1	0	0	0	0	0	0	0	0	0	0	0	0	NO_QUALIFYING_HIT	NO_QUALIFYING_HIT	No BLAST hit passed all three quality thresholds.	
g14056.t1									0	9	0	0	0	0	0	0	0	0	0	0	0	0	NO_QUALIFYING_HIT	NO_QUALIFYING_HIT	No BLAST hit passed all three quality thresholds.	
g14057.t1									0	7	0	0	0	0	0	0	0	0	0	0	0	0	NO_QUALIFYING_HIT	NO_QUALIFYING_HIT	No BLAST hit passed all three quality thresholds.	
g14058.t1									0	10	0	0	0	0	0	0	0	0	0	0	0	0	NO_QUALIFYING_HIT	NO_QUALIFYING_HIT	No BLAST hit passed all three quality thresholds.	
g14072.t1									0	18	0	0	0	0	0	0	0	0	0	0	0	0	NO_QUALIFYING_HIT	NO_QUALIFYING_HIT	No BLAST hit passed all three quality thresholds.	
g14079.t1									0	16	0	0	0	0	0	0	0	0	0	0	0	0	NO_QUALIFYING_HIT	NO_QUALIFYING_HIT	No BLAST hit passed all three quality thresholds.	
g14080.t1									0	10	0	0	0	0	0	0	0	0	0	0	0	0	NO_QUALIFYING_HIT	NO_QUALIFYING_HIT	No BLAST hit passed all three quality thresholds.	
g14083.t1									0	10	0	0	0	0	0	0	0	0	0	0	0	0	NO_QUALIFYING_HIT	NO_QUALIFYING_HIT	No BLAST hit passed all three quality thresholds.	
g14084.t1									0	10	0	0	0	0	0	0	0	0	0	0	0	0	NO_QUALIFYING_HIT	NO_QUALIFYING_HIT	No BLAST hit passed all three quality thresholds.	
g14091.t1									0	2	0	0	0	0	0	0	0	0	0	0	0	0	NO_QUALIFYING_HIT	NO_QUALIFYING_HIT	No BLAST hit passed all three quality thresholds.	
g14094.t1									0	5	0	0	0	0	0	0	0	0	0	0	0	0	NO_QUALIFYING_HIT	NO_QUALIFYING_HIT	No BLAST hit passed all three quality thresholds.	
g14097.t1									0	8	0	0	0	0	0	0	0	0	0	0	0	0	NO_QUALIFYING_HIT	NO_QUALIFYING_HIT	No BLAST hit passed all three quality thresholds.	
g14103.t1									0	10	0	0	0	0	0	0	0	0	0	0	0	0	NO_QUALIFYING_HIT	NO_QUALIFYING_HIT	No BLAST hit passed all three quality thresholds.	
g14105.t1									0	6	0	0	0	0	0	0	0	0	0	0	0	0	NO_QUALIFYING_HIT	NO_QUALIFYING_HIT	No BLAST hit passed all three quality thresholds.	
g14109.t1									0	5	0	0	0	0	0	0	0	0	0	0	0	0	NO_QUALIFYING_HIT	NO_QUALIFYING_HIT	No BLAST hit passed all three quality thresholds.	
g14112.t1									0	10	0	0	0	0	0	0	0	0	0	0	0	0	NO_QUALIFYING_HIT	NO_QUALIFYING_HIT	No BLAST hit passed all three quality thresholds.	
g14114.t1									0	7	0	0	0	0	0	0	0	0	0	0	0	0	NO_QUALIFYING_HIT	NO_QUALIFYING_HIT	No BLAST hit passed all three quality thresholds.	
g14117.t1									0	11	0	0	0	0	0	0	0	0	0	0	0	0	NO_QUALIFYING_HIT	NO_QUALIFYING_HIT	No BLAST hit passed all three quality thresholds.	
g14118.t1									0	10	0	0	0	0	0	0	0	0	0	0	0	0	NO_QUALIFYING_HIT	NO_QUALIFYING_HIT	No BLAST hit passed all three quality thresholds.	
g14120.t1									0	1	0	0	0	0	0	0	0	0	0	0	0	0	NO_QUALIFYING_HIT	NO_QUALIFYING_HIT	No BLAST hit passed all three quality thresholds.	
g14121.t1									0	8	0	0	0	0	0	0	0	0	0	0	0	0	NO_QUALIFYING_HIT	NO_QUALIFYING_HIT	No BLAST hit passed all three quality thresholds.	
g14123.t1									0	5	0	0	0	0	0	0	0	0	0	0	0	0	NO_QUALIFYING_HIT	NO_QUALIFYING_HIT	No BLAST hit passed all three quality thresholds.	
g14128.t1									0	10	0	0	0	0	0	0	0	0	0	0	0	0	NO_QUALIFYING_HIT	NO_QUALIFYING_HIT	No BLAST hit passed all three quality thresholds.	
g14130.t1									0	10	0	0	0	0	0	0	0	0	0	0	0	0	NO_QUALIFYING_HIT	NO_QUALIFYING_HIT	No BLAST hit passed all three quality thresholds.	
g14131.t1									0	6	0	0	0	0	0	0	0	0	0	0	0	0	NO_QUALIFYING_HIT	NO_QUALIFYING_HIT	No BLAST hit passed all three quality thresholds.	
g14138.t1									0	6	0	0	0	0	0	0	0	0	0	0	0	0	NO_QUALIFYING_HIT	NO_QUALIFYING_HIT	No BLAST hit passed all three quality thresholds.	
g14139.t1									0	10	0	0	0	0	0	0	0	0	0	0	0	0	NO_QUALIFYING_HIT	NO_QUALIFYING_HIT	No BLAST hit passed all three quality thresholds.	
g14141.t1									0	1	0	0	0	0	0	0	0	0	0	0	0	0	NO_QUALIFYING_HIT	NO_QUALIFYING_HIT	No BLAST hit passed all three quality thresholds.	
g14150.t1									0	1	0	0	0	0	0	0	0	0	0	0	0	0	NO_QUALIFYING_HIT	NO_QUALIFYING_HIT	No BLAST hit passed all three quality thresholds.	
g14152.t1									0	6	0	0	0	0	0	0	0	0	0	0	0	0	NO_QUALIFYING_HIT	NO_QUALIFYING_HIT	No BLAST hit passed all three quality thresholds.	
g14158.t1									0	10	0	0	0	0	0	0	0	0	0	0	0	0	NO_QUALIFYING_HIT	NO_QUALIFYING_HIT	No BLAST hit passed all three quality thresholds.	
g14167.t1									0	10	0	0	0	0	0	0	0	0	0	0	0	0	NO_QUALIFYING_HIT	NO_QUALIFYING_HIT	No BLAST hit passed all three quality thresholds.	
g14170.t1									0	10	0	0	0	0	0	0	0	0	0	0	0	0	NO_QUALIFYING_HIT	NO_QUALIFYING_HIT	No BLAST hit passed all three quality thresholds.	
g14171.t1									0	1	0	0	0	0	0	0	0	0	0	0	0	0	NO_QUALIFYING_HIT	NO_QUALIFYING_HIT	No BLAST hit passed all three quality thresholds.	
g14177.t1									0	10	0	0	0	0	0	0	0	0	0	0	0	0	NO_QUALIFYING_HIT	NO_QUALIFYING_HIT	No BLAST hit passed all three quality thresholds.	
g14181.t1									0	3	0	0	0	0	0	0	0	0	0	0	0	0	NO_QUALIFYING_HIT	NO_QUALIFYING_HIT	No BLAST hit passed all three quality thresholds.	
g14183.t1									0	10	0	0	0	0	0	0	0	0	0	0	0	0	NO_QUALIFYING_HIT	NO_QUALIFYING_HIT	No BLAST hit passed all three quality thresholds.	
g14199.t1									0	13	0	0	0	0	0	0	0	0	0	0	0	0	NO_QUALIFYING_HIT	NO_QUALIFYING_HIT	No BLAST hit passed all three quality thresholds.	
g14201.t1									0	1	0	0	0	0	0	0	0	0	0	0	0	0	NO_QUALIFYING_HIT	NO_QUALIFYING_HIT	No BLAST hit passed all three quality thresholds.	
g14203.t1									0	4	0	0	0	0	0	0	0	0	0	0	0	0	NO_QUALIFYING_HIT	NO_QUALIFYING_HIT	No BLAST hit passed all three quality thresholds.	
g14209.t1									0	9	0	0	0	0	0	0	0	0	0	0	0	0	NO_QUALIFYING_HIT	NO_QUALIFYING_HIT	No BLAST hit passed all three quality thresholds.	
g14210.t1									0	2	0	0	0	0	0	0	0	0	0	0	0	0	NO_QUALIFYING_HIT	NO_QUALIFYING_HIT	No BLAST hit passed all three quality thresholds.	
g14212.t1									0	4	0	0	0	0	0	0	0	0	0	0	0	0	NO_QUALIFYING_HIT	NO_QUALIFYING_HIT	No BLAST hit passed all three quality thresholds.	
g14213.t1									0	5	0	0	0	0	0	0	0	0	0	0	0	0	NO_QUALIFYING_HIT	NO_QUALIFYING_HIT	No BLAST hit passed all three quality thresholds.	
g14214.t1									0	1	0	0	0	0	0	0	0	0	0	0	0	0	NO_QUALIFYING_HIT	NO_QUALIFYING_HIT	No BLAST hit passed all three quality thresholds.	
g14221.t1									0	10	0	0	0	0	0	0	0	0	0	0	0	0	NO_QUALIFYING_HIT	NO_QUALIFYING_HIT	No BLAST hit passed all three quality thresholds.	
g14234.t1									0	2	0	0	0	0	0	0	0	0	0	0	0	0	NO_QUALIFYING_HIT	NO_QUALIFYING_HIT	No BLAST hit passed all three quality thresholds.	
g14235.t2									0	12	0	0	0	0	0	0	0	0	0	0	0	0	NO_QUALIFYING_HIT	NO_QUALIFYING_HIT	No BLAST hit passed all three quality thresholds.	
g14248.t1									0	14	0	0	0	0	0	0	0	0	0	0	0	0	NO_QUALIFYING_HIT	NO_QUALIFYING_HIT	No BLAST hit passed all three quality thresholds.	
g14249.t1									0	10	0	0	0	0	0	0	0	0	0	0	0	0	NO_QUALIFYING_HIT	NO_QUALIFYING_HIT	No BLAST hit passed all three quality thresholds.	
g14256.t1									0	10	0	0	0	0	0	0	0	0	0	0	0	0	NO_QUALIFYING_HIT	NO_QUALIFYING_HIT	No BLAST hit passed all three quality thresholds.	
g14260.t1									0	2	0	0	0	0	0	0	0	0	0	0	0	0	NO_QUALIFYING_HIT	NO_QUALIFYING_HIT	No BLAST hit passed all three quality thresholds.	
g14261.t1									0	9	0	0	0	0	0	0	0	0	0	0	0	0	NO_QUALIFYING_HIT	NO_QUALIFYING_HIT	No BLAST hit passed all three quality thresholds.	
g14262.t1									0	2	0	0	0	0	0	0	0	0	0	0	0	0	NO_QUALIFYING_HIT	NO_QUALIFYING_HIT	No BLAST hit passed all three quality thresholds.	
g14269.t1									0	10	0	0	0	0	0	0	0	0	0	0	0	0	NO_QUALIFYING_HIT	NO_QUALIFYING_HIT	No BLAST hit passed all three quality thresholds.	
g14285.t1									0	1	0	0	0	0	0	0	0	0	0	0	0	0	NO_QUALIFYING_HIT	NO_QUALIFYING_HIT	No BLAST hit passed all three quality thresholds.	
g14288.t1									0	10	0	0	0	0	0	0	0	0	0	0	0	0	NO_QUALIFYING_HIT	NO_QUALIFYING_HIT	No BLAST hit passed all three quality thresholds.	
g14291.t1									0	10	0	0	0	0	0	0	0	0	0	0	0	0	NO_QUALIFYING_HIT	NO_QUALIFYING_HIT	No BLAST hit passed all three quality thresholds.	
g14292.t1									0	10	0	0	0	0	0	0	0	0	0	0	0	0	NO_QUALIFYING_HIT	NO_QUALIFYING_HIT	No BLAST hit passed all three quality thresholds.	
g14297.t1									0	7	0	0	0	0	0	0	0	0	0	0	0	0	NO_QUALIFYING_HIT	NO_QUALIFYING_HIT	No BLAST hit passed all three quality thresholds.	
g14300.t1									0	10	0	0	0	0	0	0	0	0	0	0	0	0	NO_QUALIFYING_HIT	NO_QUALIFYING_HIT	No BLAST hit passed all three quality thresholds.	
g14302.t1									0	6	0	0	0	0	0	0	0	0	0	0	0	0	NO_QUALIFYING_HIT	NO_QUALIFYING_HIT	No BLAST hit passed all three quality thresholds.	
g14303.t1									0	2	0	0	0	0	0	0	0	0	0	0	0	0	NO_QUALIFYING_HIT	NO_QUALIFYING_HIT	No BLAST hit passed all three quality thresholds.	
g14305.t1									0	10	0	0	0	0	0	0	0	0	0	0	0	0	NO_QUALIFYING_HIT	NO_QUALIFYING_HIT	No BLAST hit passed all three quality thresholds.	
g14310.t1									0	6	0	0	0	0	0	0	0	0	0	0	0	0	NO_QUALIFYING_HIT	NO_QUALIFYING_HIT	No BLAST hit passed all three quality thresholds.	
g14313.t1									0	8	0	0	0	0	0	0	0	0	0	0	0	0	NO_QUALIFYING_HIT	NO_QUALIFYING_HIT	No BLAST hit passed all three quality thresholds.	
g14315.t1									0	3	0	0	0	0	0	0	0	0	0	0	0	0	NO_QUALIFYING_HIT	NO_QUALIFYING_HIT	No BLAST hit passed all three quality thresholds.	
g14317.t1									0	2	0	0	0	0	0	0	0	0	0	0	0	0	NO_QUALIFYING_HIT	NO_QUALIFYING_HIT	No BLAST hit passed all three quality thresholds.	
g14321.t1									0	10	0	0	0	0	0	0	0	0	0	0	0	0	NO_QUALIFYING_HIT	NO_QUALIFYING_HIT	No BLAST hit passed all three quality thresholds.	
g14325.t1									0	10	0	0	0	0	0	0	0	0	0	0	0	0	NO_QUALIFYING_HIT	NO_QUALIFYING_HIT	No BLAST hit passed all three quality thresholds.	
g14326.t1									0	1	0	0	0	0	0	0	0	0	0	0	0	0	NO_QUALIFYING_HIT	NO_QUALIFYING_HIT	No BLAST hit passed all three quality thresholds.	
g14327.t1									0	1	0	0	0	0	0	0	0	0	0	0	0	0	NO_QUALIFYING_HIT	NO_QUALIFYING_HIT	No BLAST hit passed all three quality thresholds.	
g14328.t1									0	1	0	0	0	0	0	0	0	0	0	0	0	0	NO_QUALIFYING_HIT	NO_QUALIFYING_HIT	No BLAST hit passed all three quality thresholds.	
g14329.t1									0	1	0	0	0	0	0	0	0	0	0	0	0	0	NO_QUALIFYING_HIT	NO_QUALIFYING_HIT	No BLAST hit passed all three quality thresholds.	
g14333.t1									0	6	0	0	0	0	0	0	0	0	0	0	0	0	NO_QUALIFYING_HIT	NO_QUALIFYING_HIT	No BLAST hit passed all three quality thresholds.	
g14334.t1									0	10	0	0	0	0	0	0	0	0	0	0	0	0	NO_QUALIFYING_HIT	NO_QUALIFYING_HIT	No BLAST hit passed all three quality thresholds.	
g14337.t1									0	10	0	0	0	0	0	0	0	0	0	0	0	0	NO_QUALIFYING_HIT	NO_QUALIFYING_HIT	No BLAST hit passed all three quality thresholds.	
g14340.t1									0	10	0	0	0	0	0	0	0	0	0	0	0	0	NO_QUALIFYING_HIT	NO_QUALIFYING_HIT	No BLAST hit passed all three quality thresholds.	
g14347.t1									0	2	0	0	0	0	0	0	0	0	0	0	0	0	NO_QUALIFYING_HIT	NO_QUALIFYING_HIT	No BLAST hit passed all three quality thresholds.	
g14350.t1									0	5	0	0	0	0	0	0	0	0	0	0	0	0	NO_QUALIFYING_HIT	NO_QUALIFYING_HIT	No BLAST hit passed all three quality thresholds.	
g14355.t1									0	1	0	0	0	0	0	0	0	0	0	0	0	0	NO_QUALIFYING_HIT	NO_QUALIFYING_HIT	No BLAST hit passed all three quality thresholds.	
g14356.t1									0	10	0	0	0	0	0	0	0	0	0	0	0	0	NO_QUALIFYING_HIT	NO_QUALIFYING_HIT	No BLAST hit passed all three quality thresholds.	
g14357.t1									0	4	0	0	0	0	0	0	0	0	0	0	0	0	NO_QUALIFYING_HIT	NO_QUALIFYING_HIT	No BLAST hit passed all three quality thresholds.	
g14358.t1									0	5	0	0	0	0	0	0	0	0	0	0	0	0	NO_QUALIFYING_HIT	NO_QUALIFYING_HIT	No BLAST hit passed all three quality thresholds.	
g14359.t1									0	10	0	0	0	0	0	0	0	0	0	0	0	0	NO_QUALIFYING_HIT	NO_QUALIFYING_HIT	No BLAST hit passed all three quality thresholds.	
g14366.t1									0	10	0	0	0	0	0	0	0	0	0	0	0	0	NO_QUALIFYING_HIT	NO_QUALIFYING_HIT	No BLAST hit passed all three quality thresholds.	
g14372.t1									0	4	0	0	0	0	0	0	0	0	0	0	0	0	NO_QUALIFYING_HIT	NO_QUALIFYING_HIT	No BLAST hit passed all three quality thresholds.	
g14374.t1									0	10	0	0	0	0	0	0	0	0	0	0	0	0	NO_QUALIFYING_HIT	NO_QUALIFYING_HIT	No BLAST hit passed all three quality thresholds.	
g14380.t1									0	10	0	0	0	0	0	0	0	0	0	0	0	0	NO_QUALIFYING_HIT	NO_QUALIFYING_HIT	No BLAST hit passed all three quality thresholds.	
g14381.t1									0	10	0	0	0	0	0	0	0	0	0	0	0	0	NO_QUALIFYING_HIT	NO_QUALIFYING_HIT	No BLAST hit passed all three quality thresholds.	
g14382.t1									0	10	0	0	0	0	0	0	0	0	0	0	0	0	NO_QUALIFYING_HIT	NO_QUALIFYING_HIT	No BLAST hit passed all three quality thresholds.	
g14387.t1									0	3	0	0	0	0	0	0	0	0	0	0	0	0	NO_QUALIFYING_HIT	NO_QUALIFYING_HIT	No BLAST hit passed all three quality thresholds.	
g14389.t1									0	6	0	0	0	0	0	0	0	0	0	0	0	0	NO_QUALIFYING_HIT	NO_QUALIFYING_HIT	No BLAST hit passed all three quality thresholds.	
g14393.t1									0	2	0	0	0	0	0	0	0	0	0	0	0	0	NO_QUALIFYING_HIT	NO_QUALIFYING_HIT	No BLAST hit passed all three quality thresholds.	
g14406.t1									0	7	0	0	0	0	0	0	0	0	0	0	0	0	NO_QUALIFYING_HIT	NO_QUALIFYING_HIT	No BLAST hit passed all three quality thresholds.	
g14408.t1									0	5	0	0	0	0	0	0	0	0	0	0	0	0	NO_QUALIFYING_HIT	NO_QUALIFYING_HIT	No BLAST hit passed all three quality thresholds.	
g14416.t1									0	4	0	0	0	0	0	0	0	0	0	0	0	0	NO_QUALIFYING_HIT	NO_QUALIFYING_HIT	No BLAST hit passed all three quality thresholds.	
g14417.t1									0	7	0	0	0	0	0	0	0	0	0	0	0	0	NO_QUALIFYING_HIT	NO_QUALIFYING_HIT	No BLAST hit passed all three quality thresholds.	
g14419.t1									0	10	0	0	0	0	0	0	0	0	0	0	0	0	NO_QUALIFYING_HIT	NO_QUALIFYING_HIT	No BLAST hit passed all three quality thresholds.	
g14420.t1									0	8	0	0	0	0	0	0	0	0	0	0	0	0	NO_QUALIFYING_HIT	NO_QUALIFYING_HIT	No BLAST hit passed all three quality thresholds.	
g14421.t1									0	1	0	0	0	0	0	0	0	0	0	0	0	0	NO_QUALIFYING_HIT	NO_QUALIFYING_HIT	No BLAST hit passed all three quality thresholds.	
g14422.t1									0	4	0	0	0	0	0	0	0	0	0	0	0	0	NO_QUALIFYING_HIT	NO_QUALIFYING_HIT	No BLAST hit passed all three quality thresholds.	
g14429.t1									0	5	0	0	0	0	0	0	0	0	0	0	0	0	NO_QUALIFYING_HIT	NO_QUALIFYING_HIT	No BLAST hit passed all three quality thresholds.	
g14432.t1									0	4	0	0	0	0	0	0	0	0	0	0	0	0	NO_QUALIFYING_HIT	NO_QUALIFYING_HIT	No BLAST hit passed all three quality thresholds.	
g14435.t1									0	10	0	0	0	0	0	0	0	0	0	0	0	0	NO_QUALIFYING_HIT	NO_QUALIFYING_HIT	No BLAST hit passed all three quality thresholds.	
g14447.t1									0	10	0	0	0	0	0	0	0	0	0	0	0	0	NO_QUALIFYING_HIT	NO_QUALIFYING_HIT	No BLAST hit passed all three quality thresholds.	
g14454.t1									0	10	0	0	0	0	0	0	0	0	0	0	0	0	NO_QUALIFYING_HIT	NO_QUALIFYING_HIT	No BLAST hit passed all three quality thresholds.	
g14471.t1									0	10	0	0	0	0	0	0	0	0	0	0	0	0	NO_QUALIFYING_HIT	NO_QUALIFYING_HIT	No BLAST hit passed all three quality thresholds.	
g14477.t1									0	10	0	0	0	0	0	0	0	0	0	0	0	0	NO_QUALIFYING_HIT	NO_QUALIFYING_HIT	No BLAST hit passed all three quality thresholds.	
g14481.t1									0	7	0	0	0	0	0	0	0	0	0	0	0	0	NO_QUALIFYING_HIT	NO_QUALIFYING_HIT	No BLAST hit passed all three quality thresholds.	
g14485.t1									0	7	0	0	0	0	0	0	0	0	0	0	0	0	NO_QUALIFYING_HIT	NO_QUALIFYING_HIT	No BLAST hit passed all three quality thresholds.	
g14486.t1									0	10	0	0	0	0	0	0	0	0	0	0	0	0	NO_QUALIFYING_HIT	NO_QUALIFYING_HIT	No BLAST hit passed all three quality thresholds.	
g14489.t1									0	1	0	0	0	0	0	0	0	0	0	0	0	0	NO_QUALIFYING_HIT	NO_QUALIFYING_HIT	No BLAST hit passed all three quality thresholds.	
g14490.t1									0	2	0	0	0	0	0	0	0	0	0	0	0	0	NO_QUALIFYING_HIT	NO_QUALIFYING_HIT	No BLAST hit passed all three quality thresholds.	
g14492.t1									0	10	0	0	0	0	0	0	0	0	0	0	0	0	NO_QUALIFYING_HIT	NO_QUALIFYING_HIT	No BLAST hit passed all three quality thresholds.	
g14497.t1									0	7	0	0	0	0	0	0	0	0	0	0	0	0	NO_QUALIFYING_HIT	NO_QUALIFYING_HIT	No BLAST hit passed all three quality thresholds.	
g14502.t1									0	2	0	0	0	0	0	0	0	0	0	0	0	0	NO_QUALIFYING_HIT	NO_QUALIFYING_HIT	No BLAST hit passed all three quality thresholds.	
g14504.t1									0	8	0	0	0	0	0	0	0	0	0	0	0	0	NO_QUALIFYING_HIT	NO_QUALIFYING_HIT	No BLAST hit passed all three quality thresholds.	
g14509.t1									0	3	0	0	0	0	0	0	0	0	0	0	0	0	NO_QUALIFYING_HIT	NO_QUALIFYING_HIT	No BLAST hit passed all three quality thresholds.	
g14512.t1									0	3	0	0	0	0	0	0	0	0	0	0	0	0	NO_QUALIFYING_HIT	NO_QUALIFYING_HIT	No BLAST hit passed all three quality thresholds.	
g14517.t1									0	9	0	0	0	0	0	0	0	0	0	0	0	0	NO_QUALIFYING_HIT	NO_QUALIFYING_HIT	No BLAST hit passed all three quality thresholds.	
g14519.t1									0	6	0	0	0	0	0	0	0	0	0	0	0	0	NO_QUALIFYING_HIT	NO_QUALIFYING_HIT	No BLAST hit passed all three quality thresholds.	
g14520.t1									0	5	0	0	0	0	0	0	0	0	0	0	0	0	NO_QUALIFYING_HIT	NO_QUALIFYING_HIT	No BLAST hit passed all three quality thresholds.	
g14521.t1									0	1	0	0	0	0	0	0	0	0	0	0	0	0	NO_QUALIFYING_HIT	NO_QUALIFYING_HIT	No BLAST hit passed all three quality thresholds.	
g14545.t1									0	1	0	0	0	0	0	0	0	0	0	0	0	0	NO_QUALIFYING_HIT	NO_QUALIFYING_HIT	No BLAST hit passed all three quality thresholds.	
g14547.t1									0	9	0	0	0	0	0	0	0	0	0	0	0	0	NO_QUALIFYING_HIT	NO_QUALIFYING_HIT	No BLAST hit passed all three quality thresholds.	
g14549.t1									0	4	0	0	0	0	0	0	0	0	0	0	0	0	NO_QUALIFYING_HIT	NO_QUALIFYING_HIT	No BLAST hit passed all three quality thresholds.	
g14551.t1									0	10	0	0	0	0	0	0	0	0	0	0	0	0	NO_QUALIFYING_HIT	NO_QUALIFYING_HIT	No BLAST hit passed all three quality thresholds.	
g14554.t1									0	3	0	0	0	0	0	0	0	0	0	0	0	0	NO_QUALIFYING_HIT	NO_QUALIFYING_HIT	No BLAST hit passed all three quality thresholds.	
g14558.t1									0	10	0	0	0	0	0	0	0	0	0	0	0	0	NO_QUALIFYING_HIT	NO_QUALIFYING_HIT	No BLAST hit passed all three quality thresholds.	
g14571.t1									0	10	0	0	0	0	0	0	0	0	0	0	0	0	NO_QUALIFYING_HIT	NO_QUALIFYING_HIT	No BLAST hit passed all three quality thresholds.	
g14574.t1									0	10	0	0	0	0	0	0	0	0	0	0	0	0	NO_QUALIFYING_HIT	NO_QUALIFYING_HIT	No BLAST hit passed all three quality thresholds.	
g14575.t1									0	3	0	0	0	0	0	0	0	0	0	0	0	0	NO_QUALIFYING_HIT	NO_QUALIFYING_HIT	No BLAST hit passed all three quality thresholds.	
g14581.t1									0	2	0	0	0	0	0	0	0	0	0	0	0	0	NO_QUALIFYING_HIT	NO_QUALIFYING_HIT	No BLAST hit passed all three quality thresholds.	
g14582.t1									0	1	0	0	0	0	0	0	0	0	0	0	0	0	NO_QUALIFYING_HIT	NO_QUALIFYING_HIT	No BLAST hit passed all three quality thresholds.	
g14586.t1									0	2	0	0	0	0	0	0	0	0	0	0	0	0	NO_QUALIFYING_HIT	NO_QUALIFYING_HIT	No BLAST hit passed all three quality thresholds.	
g14587.t1									0	2	0	0	0	0	0	0	0	0	0	0	0	0	NO_QUALIFYING_HIT	NO_QUALIFYING_HIT	No BLAST hit passed all three quality thresholds.	
g14588.t1									0	4	0	0	0	0	0	0	0	0	0	0	0	0	NO_QUALIFYING_HIT	NO_QUALIFYING_HIT	No BLAST hit passed all three quality thresholds.	
g14589.t1									0	2	0	0	0	0	0	0	0	0	0	0	0	0	NO_QUALIFYING_HIT	NO_QUALIFYING_HIT	No BLAST hit passed all three quality thresholds.	
g14590.t1									0	4	0	0	0	0	0	0	0	0	0	0	0	0	NO_QUALIFYING_HIT	NO_QUALIFYING_HIT	No BLAST hit passed all three quality thresholds.	
g14591.t1									0	2	0	0	0	0	0	0	0	0	0	0	0	0	NO_QUALIFYING_HIT	NO_QUALIFYING_HIT	No BLAST hit passed all three quality thresholds.	
g14592.t1									0	4	0	0	0	0	0	0	0	0	0	0	0	0	NO_QUALIFYING_HIT	NO_QUALIFYING_HIT	No BLAST hit passed all three quality thresholds.	
g14593.t1									0	10	0	0	0	0	0	0	0	0	0	0	0	0	NO_QUALIFYING_HIT	NO_QUALIFYING_HIT	No BLAST hit passed all three quality thresholds.	
g14594.t1									0	2	0	0	0	0	0	0	0	0	0	0	0	0	NO_QUALIFYING_HIT	NO_QUALIFYING_HIT	No BLAST hit passed all three quality thresholds.	
g14595.t1									0	10	0	0	0	0	0	0	0	0	0	0	0	0	NO_QUALIFYING_HIT	NO_QUALIFYING_HIT	No BLAST hit passed all three quality thresholds.	
g14596.t1									0	10	0	0	0	0	0	0	0	0	0	0	0	0	NO_QUALIFYING_HIT	NO_QUALIFYING_HIT	No BLAST hit passed all three quality thresholds.	
g14600.t1									0	10	0	0	0	0	0	0	0	0	0	0	0	0	NO_QUALIFYING_HIT	NO_QUALIFYING_HIT	No BLAST hit passed all three quality thresholds.	
g14601.t1									0	3	0	0	0	0	0	0	0	0	0	0	0	0	NO_QUALIFYING_HIT	NO_QUALIFYING_HIT	No BLAST hit passed all three quality thresholds.	
g14611.t1									0	6	0	0	0	0	0	0	0	0	0	0	0	0	NO_QUALIFYING_HIT	NO_QUALIFYING_HIT	No BLAST hit passed all three quality thresholds.	
g14612.t1									0	10	0	0	0	0	0	0	0	0	0	0	0	0	NO_QUALIFYING_HIT	NO_QUALIFYING_HIT	No BLAST hit passed all three quality thresholds.	
g14613.t1									0	4	0	0	0	0	0	0	0	0	0	0	0	0	NO_QUALIFYING_HIT	NO_QUALIFYING_HIT	No BLAST hit passed all three quality thresholds.	
g14621.t1									0	10	0	0	0	0	0	0	0	0	0	0	0	0	NO_QUALIFYING_HIT	NO_QUALIFYING_HIT	No BLAST hit passed all three quality thresholds.	
g14623.t1									0	12	0	0	0	0	0	0	0	0	0	0	0	0	NO_QUALIFYING_HIT	NO_QUALIFYING_HIT	No BLAST hit passed all three quality thresholds.	
g14625.t1									0	10	0	0	0	0	0	0	0	0	0	0	0	0	NO_QUALIFYING_HIT	NO_QUALIFYING_HIT	No BLAST hit passed all three quality thresholds.	
g14627.t1									0	10	0	0	0	0	0	0	0	0	0	0	0	0	NO_QUALIFYING_HIT	NO_QUALIFYING_HIT	No BLAST hit passed all three quality thresholds.	
g14633.t1									0	10	0	0	0	0	0	0	0	0	0	0	0	0	NO_QUALIFYING_HIT	NO_QUALIFYING_HIT	No BLAST hit passed all three quality thresholds.	
g14634.t1									0	10	0	0	0	0	0	0	0	0	0	0	0	0	NO_QUALIFYING_HIT	NO_QUALIFYING_HIT	No BLAST hit passed all three quality thresholds.	
g14635.t1									0	1	0	0	0	0	0	0	0	0	0	0	0	0	NO_QUALIFYING_HIT	NO_QUALIFYING_HIT	No BLAST hit passed all three quality thresholds.	
g14644.t1									0	8	0	0	0	0	0	0	0	0	0	0	0	0	NO_QUALIFYING_HIT	NO_QUALIFYING_HIT	No BLAST hit passed all three quality thresholds.	
g14654.t1									0	10	0	0	0	0	0	0	0	0	0	0	0	0	NO_QUALIFYING_HIT	NO_QUALIFYING_HIT	No BLAST hit passed all three quality thresholds.	
g14678.t1									0	10	0	0	0	0	0	0	0	0	0	0	0	0	NO_QUALIFYING_HIT	NO_QUALIFYING_HIT	No BLAST hit passed all three quality thresholds.	
g14686.t1									0	5	0	0	0	0	0	0	0	0	0	0	0	0	NO_QUALIFYING_HIT	NO_QUALIFYING_HIT	No BLAST hit passed all three quality thresholds.	
g14688.t1									0	15	0	0	0	0	0	0	0	0	0	0	0	0	NO_QUALIFYING_HIT	NO_QUALIFYING_HIT	No BLAST hit passed all three quality thresholds.	
g14689.t1									0	4	0	0	0	0	0	0	0	0	0	0	0	0	NO_QUALIFYING_HIT	NO_QUALIFYING_HIT	No BLAST hit passed all three quality thresholds.	
g14690.t1									0	10	0	0	0	0	0	0	0	0	0	0	0	0	NO_QUALIFYING_HIT	NO_QUALIFYING_HIT	No BLAST hit passed all three quality thresholds.	
g14691.t1									0	10	0	0	0	0	0	0	0	0	0	0	0	0	NO_QUALIFYING_HIT	NO_QUALIFYING_HIT	No BLAST hit passed all three quality thresholds.	
g14693.t1									0	3	0	0	0	0	0	0	0	0	0	0	0	0	NO_QUALIFYING_HIT	NO_QUALIFYING_HIT	No BLAST hit passed all three quality thresholds.	
g14694.t1									0	1	0	0	0	0	0	0	0	0	0	0	0	0	NO_QUALIFYING_HIT	NO_QUALIFYING_HIT	No BLAST hit passed all three quality thresholds.	
g14695.t1									0	5	0	0	0	0	0	0	0	0	0	0	0	0	NO_QUALIFYING_HIT	NO_QUALIFYING_HIT	No BLAST hit passed all three quality thresholds.	
g14698.t1									0	10	0	0	0	0	0	0	0	0	0	0	0	0	NO_QUALIFYING_HIT	NO_QUALIFYING_HIT	No BLAST hit passed all three quality thresholds.	
g14702.t1									0	2	0	0	0	0	0	0	0	0	0	0	0	0	NO_QUALIFYING_HIT	NO_QUALIFYING_HIT	No BLAST hit passed all three quality thresholds.	
g14706.t1									0	3	0	0	0	0	0	0	0	0	0	0	0	0	NO_QUALIFYING_HIT	NO_QUALIFYING_HIT	No BLAST hit passed all three quality thresholds.	
g14708.t1									0	10	0	0	0	0	0	0	0	0	0	0	0	0	NO_QUALIFYING_HIT	NO_QUALIFYING_HIT	No BLAST hit passed all three quality thresholds.	
g14715.t1									0	4	0	0	0	0	0	0	0	0	0	0	0	0	NO_QUALIFYING_HIT	NO_QUALIFYING_HIT	No BLAST hit passed all three quality thresholds.	
g14718.t1									0	3	0	0	0	0	0	0	0	0	0	0	0	0	NO_QUALIFYING_HIT	NO_QUALIFYING_HIT	No BLAST hit passed all three quality thresholds.	
g14719.t1									0	8	0	0	0	0	0	0	0	0	0	0	0	0	NO_QUALIFYING_HIT	NO_QUALIFYING_HIT	No BLAST hit passed all three quality thresholds.	
g14720.t1									0	10	0	0	0	0	0	0	0	0	0	0	0	0	NO_QUALIFYING_HIT	NO_QUALIFYING_HIT	No BLAST hit passed all three quality thresholds.	
g14723.t1									0	10	0	0	0	0	0	0	0	0	0	0	0	0	NO_QUALIFYING_HIT	NO_QUALIFYING_HIT	No BLAST hit passed all three quality thresholds.	
g14730.t1									0	3	0	0	0	0	0	0	0	0	0	0	0	0	NO_QUALIFYING_HIT	NO_QUALIFYING_HIT	No BLAST hit passed all three quality thresholds.	
g14738.t1									0	10	0	0	0	0	0	0	0	0	0	0	0	0	NO_QUALIFYING_HIT	NO_QUALIFYING_HIT	No BLAST hit passed all three quality thresholds.	
g14746.t1									0	5	0	0	0	0	0	0	0	0	0	0	0	0	NO_QUALIFYING_HIT	NO_QUALIFYING_HIT	No BLAST hit passed all three quality thresholds.	
g14749.t1									0	10	0	0	0	0	0	0	0	0	0	0	0	0	NO_QUALIFYING_HIT	NO_QUALIFYING_HIT	No BLAST hit passed all three quality thresholds.	
g14751.t1									0	3	0	0	0	0	0	0	0	0	0	0	0	0	NO_QUALIFYING_HIT	NO_QUALIFYING_HIT	No BLAST hit passed all three quality thresholds.	
g14754.t1									0	2	0	0	0	0	0	0	0	0	0	0	0	0	NO_QUALIFYING_HIT	NO_QUALIFYING_HIT	No BLAST hit passed all three quality thresholds.	
g14776.t1									0	10	0	0	0	0	0	0	0	0	0	0	0	0	NO_QUALIFYING_HIT	NO_QUALIFYING_HIT	No BLAST hit passed all three quality thresholds.	
g14783.t1									0	10	0	0	0	0	0	0	0	0	0	0	0	0	NO_QUALIFYING_HIT	NO_QUALIFYING_HIT	No BLAST hit passed all three quality thresholds.	
g14793.t1									0	10	0	0	0	0	0	0	0	0	0	0	0	0	NO_QUALIFYING_HIT	NO_QUALIFYING_HIT	No BLAST hit passed all three quality thresholds.	
g14795.t1									0	11	0	0	0	0	0	0	0	0	0	0	0	0	NO_QUALIFYING_HIT	NO_QUALIFYING_HIT	No BLAST hit passed all three quality thresholds.	
g14811.t1									0	10	0	0	0	0	0	0	0	0	0	0	0	0	NO_QUALIFYING_HIT	NO_QUALIFYING_HIT	No BLAST hit passed all three quality thresholds.	
g14815.t1									0	10	0	0	0	0	0	0	0	0	0	0	0	0	NO_QUALIFYING_HIT	NO_QUALIFYING_HIT	No BLAST hit passed all three quality thresholds.	
g14817.t1									0	3	0	0	0	0	0	0	0	0	0	0	0	0	NO_QUALIFYING_HIT	NO_QUALIFYING_HIT	No BLAST hit passed all three quality thresholds.	
g14822.t1									0	2	0	0	0	0	0	0	0	0	0	0	0	0	NO_QUALIFYING_HIT	NO_QUALIFYING_HIT	No BLAST hit passed all three quality thresholds.	
g14830.t1									0	10	0	0	0	0	0	0	0	0	0	0	0	0	NO_QUALIFYING_HIT	NO_QUALIFYING_HIT	No BLAST hit passed all three quality thresholds.	
g14837.t1									0	10	0	0	0	0	0	0	0	0	0	0	0	0	NO_QUALIFYING_HIT	NO_QUALIFYING_HIT	No BLAST hit passed all three quality thresholds.	
g14850.t1									0	10	0	0	0	0	0	0	0	0	0	0	0	0	NO_QUALIFYING_HIT	NO_QUALIFYING_HIT	No BLAST hit passed all three quality thresholds.	
g14851.t1									0	3	0	0	0	0	0	0	0	0	0	0	0	0	NO_QUALIFYING_HIT	NO_QUALIFYING_HIT	No BLAST hit passed all three quality thresholds.	
g14853.t1									0	37	0	0	0	0	0	0	0	0	0	0	0	0	NO_QUALIFYING_HIT	NO_QUALIFYING_HIT	No BLAST hit passed all three quality thresholds.	
g14855.t1									0	5	0	0	0	0	0	0	0	0	0	0	0	0	NO_QUALIFYING_HIT	NO_QUALIFYING_HIT	No BLAST hit passed all three quality thresholds.	
g14856.t1									0	5	0	0	0	0	0	0	0	0	0	0	0	0	NO_QUALIFYING_HIT	NO_QUALIFYING_HIT	No BLAST hit passed all three quality thresholds.	
g14857.t1									0	10	0	0	0	0	0	0	0	0	0	0	0	0	NO_QUALIFYING_HIT	NO_QUALIFYING_HIT	No BLAST hit passed all three quality thresholds.	
g14859.t1									0	10	0	0	0	0	0	0	0	0	0	0	0	0	NO_QUALIFYING_HIT	NO_QUALIFYING_HIT	No BLAST hit passed all three quality thresholds.	
g14860.t1									0	130	0	0	0	0	0	0	0	0	0	0	0	0	NO_QUALIFYING_HIT	NO_QUALIFYING_HIT	No BLAST hit passed all three quality thresholds.	
g14862.t1									0	10	0	0	0	0	0	0	0	0	0	0	0	0	NO_QUALIFYING_HIT	NO_QUALIFYING_HIT	No BLAST hit passed all three quality thresholds.	
g14864.t1									0	1	0	0	0	0	0	0	0	0	0	0	0	0	NO_QUALIFYING_HIT	NO_QUALIFYING_HIT	No BLAST hit passed all three quality thresholds.	
g14865.t1									0	8	0	0	0	0	0	0	0	0	0	0	0	0	NO_QUALIFYING_HIT	NO_QUALIFYING_HIT	No BLAST hit passed all three quality thresholds.	
g14867.t1									0	10	0	0	0	0	0	0	0	0	0	0	0	0	NO_QUALIFYING_HIT	NO_QUALIFYING_HIT	No BLAST hit passed all three quality thresholds.	
g14880.t1									0	10	0	0	0	0	0	0	0	0	0	0	0	0	NO_QUALIFYING_HIT	NO_QUALIFYING_HIT	No BLAST hit passed all three quality thresholds.	
g14891.t1									0	1	0	0	0	0	0	0	0	0	0	0	0	0	NO_QUALIFYING_HIT	NO_QUALIFYING_HIT	No BLAST hit passed all three quality thresholds.	
g14901.t1									0	5	0	0	0	0	0	0	0	0	0	0	0	0	NO_QUALIFYING_HIT	NO_QUALIFYING_HIT	No BLAST hit passed all three quality thresholds.	
g14903.t1									0	6	0	0	0	0	0	0	0	0	0	0	0	0	NO_QUALIFYING_HIT	NO_QUALIFYING_HIT	No BLAST hit passed all three quality thresholds.	
g14908.t1									0	9	0	0	0	0	0	0	0	0	0	0	0	0	NO_QUALIFYING_HIT	NO_QUALIFYING_HIT	No BLAST hit passed all three quality thresholds.	
g14911.t1									0	8	0	0	0	0	0	0	0	0	0	0	0	0	NO_QUALIFYING_HIT	NO_QUALIFYING_HIT	No BLAST hit passed all three quality thresholds.	
g14916.t1									0	2	0	0	0	0	0	0	0	0	0	0	0	0	NO_QUALIFYING_HIT	NO_QUALIFYING_HIT	No BLAST hit passed all three quality thresholds.	
g14919.t1									0	10	0	0	0	0	0	0	0	0	0	0	0	0	NO_QUALIFYING_HIT	NO_QUALIFYING_HIT	No BLAST hit passed all three quality thresholds.	
g14920.t1									0	3	0	0	0	0	0	0	0	0	0	0	0	0	NO_QUALIFYING_HIT	NO_QUALIFYING_HIT	No BLAST hit passed all three quality thresholds.	
g14921.t1									0	6	0	0	0	0	0	0	0	0	0	0	0	0	NO_QUALIFYING_HIT	NO_QUALIFYING_HIT	No BLAST hit passed all three quality thresholds.	
g14922.t1									0	8	0	0	0	0	0	0	0	0	0	0	0	0	NO_QUALIFYING_HIT	NO_QUALIFYING_HIT	No BLAST hit passed all three quality thresholds.	
g14923.t3									0	3	0	0	0	0	0	0	0	0	0	0	0	0	NO_QUALIFYING_HIT	NO_QUALIFYING_HIT	No BLAST hit passed all three quality thresholds.	
g14924.t1									0	5	0	0	0	0	0	0	0	0	0	0	0	0	NO_QUALIFYING_HIT	NO_QUALIFYING_HIT	No BLAST hit passed all three quality thresholds.	
g14925.t1									0	1	0	0	0	0	0	0	0	0	0	0	0	0	NO_QUALIFYING_HIT	NO_QUALIFYING_HIT	No BLAST hit passed all three quality thresholds.	
g14940.t1									0	10	0	0	0	0	0	0	0	0	0	0	0	0	NO_QUALIFYING_HIT	NO_QUALIFYING_HIT	No BLAST hit passed all three quality thresholds.	
g14944.t1									0	10	0	0	0	0	0	0	0	0	0	0	0	0	NO_QUALIFYING_HIT	NO_QUALIFYING_HIT	No BLAST hit passed all three quality thresholds.	
g14949.t1									0	2	0	0	0	0	0	0	0	0	0	0	0	0	NO_QUALIFYING_HIT	NO_QUALIFYING_HIT	No BLAST hit passed all three quality thresholds.	
g14962.t1									0	10	0	0	0	0	0	0	0	0	0	0	0	0	NO_QUALIFYING_HIT	NO_QUALIFYING_HIT	No BLAST hit passed all three quality thresholds.	
g14970.t1									0	3	0	0	0	0	0	0	0	0	0	0	0	0	NO_QUALIFYING_HIT	NO_QUALIFYING_HIT	No BLAST hit passed all three quality thresholds.	
g14974.t1									0	10	0	0	0	0	0	0	0	0	0	0	0	0	NO_QUALIFYING_HIT	NO_QUALIFYING_HIT	No BLAST hit passed all three quality thresholds.	
g14977.t1									0	10	0	0	0	0	0	0	0	0	0	0	0	0	NO_QUALIFYING_HIT	NO_QUALIFYING_HIT	No BLAST hit passed all three quality thresholds.	
g14986.t1									0	2	0	0	0	0	0	0	0	0	0	0	0	0	NO_QUALIFYING_HIT	NO_QUALIFYING_HIT	No BLAST hit passed all three quality thresholds.	
g14987.t1									0	8	0	0	0	0	0	0	0	0	0	0	0	0	NO_QUALIFYING_HIT	NO_QUALIFYING_HIT	No BLAST hit passed all three quality thresholds.	
g14990.t1									0	2	0	0	0	0	0	0	0	0	0	0	0	0	NO_QUALIFYING_HIT	NO_QUALIFYING_HIT	No BLAST hit passed all three quality thresholds.	
g14998.t1									0	10	0	0	0	0	0	0	0	0	0	0	0	0	NO_QUALIFYING_HIT	NO_QUALIFYING_HIT	No BLAST hit passed all three quality thresholds.	
g14999.t1									0	8	0	0	0	0	0	0	0	0	0	0	0	0	NO_QUALIFYING_HIT	NO_QUALIFYING_HIT	No BLAST hit passed all three quality thresholds.	
g15000.t1									0	3	0	0	0	0	0	0	0	0	0	0	0	0	NO_QUALIFYING_HIT	NO_QUALIFYING_HIT	No BLAST hit passed all three quality thresholds.	
g15001.t1									0	1	0	0	0	0	0	0	0	0	0	0	0	0	NO_QUALIFYING_HIT	NO_QUALIFYING_HIT	No BLAST hit passed all three quality thresholds.	
g15008.t1									0	2	0	0	0	0	0	0	0	0	0	0	0	0	NO_QUALIFYING_HIT	NO_QUALIFYING_HIT	No BLAST hit passed all three quality thresholds.	
g15009.t1									0	6	0	0	0	0	0	0	0	0	0	0	0	0	NO_QUALIFYING_HIT	NO_QUALIFYING_HIT	No BLAST hit passed all three quality thresholds.	
g15029.t1									0	10	0	0	0	0	0	0	0	0	0	0	0	0	NO_QUALIFYING_HIT	NO_QUALIFYING_HIT	No BLAST hit passed all three quality thresholds.	
g15031.t1									0	1	0	0	0	0	0	0	0	0	0	0	0	0	NO_QUALIFYING_HIT	NO_QUALIFYING_HIT	No BLAST hit passed all three quality thresholds.	
g15047.t1									0	2	0	0	0	0	0	0	0	0	0	0	0	0	NO_QUALIFYING_HIT	NO_QUALIFYING_HIT	No BLAST hit passed all three quality thresholds.	
g15049.t1									0	1	0	0	0	0	0	0	0	0	0	0	0	0	NO_QUALIFYING_HIT	NO_QUALIFYING_HIT	No BLAST hit passed all three quality thresholds.	
g15051.t1									0	8	0	0	0	0	0	0	0	0	0	0	0	0	NO_QUALIFYING_HIT	NO_QUALIFYING_HIT	No BLAST hit passed all three quality thresholds.	
g15055.t1									0	6	0	0	0	0	0	0	0	0	0	0	0	0	NO_QUALIFYING_HIT	NO_QUALIFYING_HIT	No BLAST hit passed all three quality thresholds.	
g15056.t1									0	10	0	0	0	0	0	0	0	0	0	0	0	0	NO_QUALIFYING_HIT	NO_QUALIFYING_HIT	No BLAST hit passed all three quality thresholds.	
g15065.t1									0	10	0	0	0	0	0	0	0	0	0	0	0	0	NO_QUALIFYING_HIT	NO_QUALIFYING_HIT	No BLAST hit passed all three quality thresholds.	
g15069.t1									0	10	0	0	0	0	0	0	0	0	0	0	0	0	NO_QUALIFYING_HIT	NO_QUALIFYING_HIT	No BLAST hit passed all three quality thresholds.	
g15079.t1									0	5	0	0	0	0	0	0	0	0	0	0	0	0	NO_QUALIFYING_HIT	NO_QUALIFYING_HIT	No BLAST hit passed all three quality thresholds.	
g15080.t1									0	5	0	0	0	0	0	0	0	0	0	0	0	0	NO_QUALIFYING_HIT	NO_QUALIFYING_HIT	No BLAST hit passed all three quality thresholds.	
g15083.t1									0	1	0	0	0	0	0	0	0	0	0	0	0	0	NO_QUALIFYING_HIT	NO_QUALIFYING_HIT	No BLAST hit passed all three quality thresholds.	
g15084.t1									0	2	0	0	0	0	0	0	0	0	0	0	0	0	NO_QUALIFYING_HIT	NO_QUALIFYING_HIT	No BLAST hit passed all three quality thresholds.	
g15085.t1									0	10	0	0	0	0	0	0	0	0	0	0	0	0	NO_QUALIFYING_HIT	NO_QUALIFYING_HIT	No BLAST hit passed all three quality thresholds.	
g15087.t1									0	10	0	0	0	0	0	0	0	0	0	0	0	0	NO_QUALIFYING_HIT	NO_QUALIFYING_HIT	No BLAST hit passed all three quality thresholds.	
g15095.t1									0	10	0	0	0	0	0	0	0	0	0	0	0	0	NO_QUALIFYING_HIT	NO_QUALIFYING_HIT	No BLAST hit passed all three quality thresholds.	
g15096.t1									0	8	0	0	0	0	0	0	0	0	0	0	0	0	NO_QUALIFYING_HIT	NO_QUALIFYING_HIT	No BLAST hit passed all three quality thresholds.	
g15097.t1									0	11	0	0	0	0	0	0	0	0	0	0	0	0	NO_QUALIFYING_HIT	NO_QUALIFYING_HIT	No BLAST hit passed all three quality thresholds.	
g15098.t1									0	9	0	0	0	0	0	0	0	0	0	0	0	0	NO_QUALIFYING_HIT	NO_QUALIFYING_HIT	No BLAST hit passed all three quality thresholds.	
g15106.t1									0	5	0	0	0	0	0	0	0	0	0	0	0	0	NO_QUALIFYING_HIT	NO_QUALIFYING_HIT	No BLAST hit passed all three quality thresholds.	
g15108.t1									0	1	0	0	0	0	0	0	0	0	0	0	0	0	NO_QUALIFYING_HIT	NO_QUALIFYING_HIT	No BLAST hit passed all three quality thresholds.	
g15113.t1									0	6	0	0	0	0	0	0	0	0	0	0	0	0	NO_QUALIFYING_HIT	NO_QUALIFYING_HIT	No BLAST hit passed all three quality thresholds.	
g15122.t1									0	10	0	0	0	0	0	0	0	0	0	0	0	0	NO_QUALIFYING_HIT	NO_QUALIFYING_HIT	No BLAST hit passed all three quality thresholds.	
g15128.t1									0	1	0	0	0	0	0	0	0	0	0	0	0	0	NO_QUALIFYING_HIT	NO_QUALIFYING_HIT	No BLAST hit passed all three quality thresholds.	
g15134.t1									0	7	0	0	0	0	0	0	0	0	0	0	0	0	NO_QUALIFYING_HIT	NO_QUALIFYING_HIT	No BLAST hit passed all three quality thresholds.	
g15135.t1									0	2	0	0	0	0	0	0	0	0	0	0	0	0	NO_QUALIFYING_HIT	NO_QUALIFYING_HIT	No BLAST hit passed all three quality thresholds.	
g15136.t1									0	10	0	0	0	0	0	0	0	0	0	0	0	0	NO_QUALIFYING_HIT	NO_QUALIFYING_HIT	No BLAST hit passed all three quality thresholds.	
g15137.t1									0	4	0	0	0	0	0	0	0	0	0	0	0	0	NO_QUALIFYING_HIT	NO_QUALIFYING_HIT	No BLAST hit passed all three quality thresholds.	
g15138.t1									0	9	0	0	0	0	0	0	0	0	0	0	0	0	NO_QUALIFYING_HIT	NO_QUALIFYING_HIT	No BLAST hit passed all three quality thresholds.	
g15142.t1									0	10	0	0	0	0	0	0	0	0	0	0	0	0	NO_QUALIFYING_HIT	NO_QUALIFYING_HIT	No BLAST hit passed all three quality thresholds.	
g15146.t1									0	4	0	0	0	0	0	0	0	0	0	0	0	0	NO_QUALIFYING_HIT	NO_QUALIFYING_HIT	No BLAST hit passed all three quality thresholds.	
g15151.t1									0	3	0	0	0	0	0	0	0	0	0	0	0	0	NO_QUALIFYING_HIT	NO_QUALIFYING_HIT	No BLAST hit passed all three quality thresholds.	
g15152.t1									0	6	0	0	0	0	0	0	0	0	0	0	0	0	NO_QUALIFYING_HIT	NO_QUALIFYING_HIT	No BLAST hit passed all three quality thresholds.	
g15158.t1									0	4	0	0	0	0	0	0	0	0	0	0	0	0	NO_QUALIFYING_HIT	NO_QUALIFYING_HIT	No BLAST hit passed all three quality thresholds.	
g15161.t1									0	4	0	0	0	0	0	0	0	0	0	0	0	0	NO_QUALIFYING_HIT	NO_QUALIFYING_HIT	No BLAST hit passed all three quality thresholds.	
g15162.t1									0	10	0	0	0	0	0	0	0	0	0	0	0	0	NO_QUALIFYING_HIT	NO_QUALIFYING_HIT	No BLAST hit passed all three quality thresholds.	
g15163.t1									0	10	0	0	0	0	0	0	0	0	0	0	0	0	NO_QUALIFYING_HIT	NO_QUALIFYING_HIT	No BLAST hit passed all three quality thresholds.	
g15165.t1									0	8	0	0	0	0	0	0	0	0	0	0	0	0	NO_QUALIFYING_HIT	NO_QUALIFYING_HIT	No BLAST hit passed all three quality thresholds.	
g15171.t1									0	3	0	0	0	0	0	0	0	0	0	0	0	0	NO_QUALIFYING_HIT	NO_QUALIFYING_HIT	No BLAST hit passed all three quality thresholds.	
g15172.t1									0	10	0	0	0	0	0	0	0	0	0	0	0	0	NO_QUALIFYING_HIT	NO_QUALIFYING_HIT	No BLAST hit passed all three quality thresholds.	
g15180.t1									0	4	0	0	0	0	0	0	0	0	0	0	0	0	NO_QUALIFYING_HIT	NO_QUALIFYING_HIT	No BLAST hit passed all three quality thresholds.	
g15182.t1									0	4	0	0	0	0	0	0	0	0	0	0	0	0	NO_QUALIFYING_HIT	NO_QUALIFYING_HIT	No BLAST hit passed all three quality thresholds.	
g15190.t1									0	7	0	0	0	0	0	0	0	0	0	0	0	0	NO_QUALIFYING_HIT	NO_QUALIFYING_HIT	No BLAST hit passed all three quality thresholds.	
g15194.t1									0	5	0	0	0	0	0	0	0	0	0	0	0	0	NO_QUALIFYING_HIT	NO_QUALIFYING_HIT	No BLAST hit passed all three quality thresholds.	
g15216.t1									0	10	0	0	0	0	0	0	0	0	0	0	0	0	NO_QUALIFYING_HIT	NO_QUALIFYING_HIT	No BLAST hit passed all three quality thresholds.	
g15217.t1									0	10	0	0	0	0	0	0	0	0	0	0	0	0	NO_QUALIFYING_HIT	NO_QUALIFYING_HIT	No BLAST hit passed all three quality thresholds.	
g15227.t1									0	10	0	0	0	0	0	0	0	0	0	0	0	0	NO_QUALIFYING_HIT	NO_QUALIFYING_HIT	No BLAST hit passed all three quality thresholds.	
g15234.t1									0	10	0	0	0	0	0	0	0	0	0	0	0	0	NO_QUALIFYING_HIT	NO_QUALIFYING_HIT	No BLAST hit passed all three quality thresholds.	
g15239.t1									0	2	0	0	0	0	0	0	0	0	0	0	0	0	NO_QUALIFYING_HIT	NO_QUALIFYING_HIT	No BLAST hit passed all three quality thresholds.	
g15241.t1									0	3	0	0	0	0	0	0	0	0	0	0	0	0	NO_QUALIFYING_HIT	NO_QUALIFYING_HIT	No BLAST hit passed all three quality thresholds.	
g15242.t1									0	1	0	0	0	0	0	0	0	0	0	0	0	0	NO_QUALIFYING_HIT	NO_QUALIFYING_HIT	No BLAST hit passed all three quality thresholds.	
g15243.t1									0	3	0	0	0	0	0	0	0	0	0	0	0	0	NO_QUALIFYING_HIT	NO_QUALIFYING_HIT	No BLAST hit passed all three quality thresholds.	
g15248.t1									0	10	0	0	0	0	0	0	0	0	0	0	0	0	NO_QUALIFYING_HIT	NO_QUALIFYING_HIT	No BLAST hit passed all three quality thresholds.	
g15253.t1									0	1	0	0	0	0	0	0	0	0	0	0	0	0	NO_QUALIFYING_HIT	NO_QUALIFYING_HIT	No BLAST hit passed all three quality thresholds.	
g15259.t1									0	6	0	0	0	0	0	0	0	0	0	0	0	0	NO_QUALIFYING_HIT	NO_QUALIFYING_HIT	No BLAST hit passed all three quality thresholds.	
g15260.t1									0	3	0	0	0	0	0	0	0	0	0	0	0	0	NO_QUALIFYING_HIT	NO_QUALIFYING_HIT	No BLAST hit passed all three quality thresholds.	
g15261.t1									0	10	0	0	0	0	0	0	0	0	0	0	0	0	NO_QUALIFYING_HIT	NO_QUALIFYING_HIT	No BLAST hit passed all three quality thresholds.	
g15264.t1									0	10	0	0	0	0	0	0	0	0	0	0	0	0	NO_QUALIFYING_HIT	NO_QUALIFYING_HIT	No BLAST hit passed all three quality thresholds.	
g15269.t1									0	5	0	0	0	0	0	0	0	0	0	0	0	0	NO_QUALIFYING_HIT	NO_QUALIFYING_HIT	No BLAST hit passed all three quality thresholds.	
g15274.t1									0	10	0	0	0	0	0	0	0	0	0	0	0	0	NO_QUALIFYING_HIT	NO_QUALIFYING_HIT	No BLAST hit passed all three quality thresholds.	
g15275.t1									0	10	0	0	0	0	0	0	0	0	0	0	0	0	NO_QUALIFYING_HIT	NO_QUALIFYING_HIT	No BLAST hit passed all three quality thresholds.	
g15281.t1									0	10	0	0	0	0	0	0	0	0	0	0	0	0	NO_QUALIFYING_HIT	NO_QUALIFYING_HIT	No BLAST hit passed all three quality thresholds.	
g15284.t1									0	1	0	0	0	0	0	0	0	0	0	0	0	0	NO_QUALIFYING_HIT	NO_QUALIFYING_HIT	No BLAST hit passed all three quality thresholds.	
g15290.t1									0	4	0	0	0	0	0	0	0	0	0	0	0	0	NO_QUALIFYING_HIT	NO_QUALIFYING_HIT	No BLAST hit passed all three quality thresholds.	
g15293.t1									0	2	0	0	0	0	0	0	0	0	0	0	0	0	NO_QUALIFYING_HIT	NO_QUALIFYING_HIT	No BLAST hit passed all three quality thresholds.	
g15297.t1									0	6	0	0	0	0	0	0	0	0	0	0	0	0	NO_QUALIFYING_HIT	NO_QUALIFYING_HIT	No BLAST hit passed all three quality thresholds.	
g15301.t1									0	1	0	0	0	0	0	0	0	0	0	0	0	0	NO_QUALIFYING_HIT	NO_QUALIFYING_HIT	No BLAST hit passed all three quality thresholds.	
g15305.t1									0	10	0	0	0	0	0	0	0	0	0	0	0	0	NO_QUALIFYING_HIT	NO_QUALIFYING_HIT	No BLAST hit passed all three quality thresholds.	
g15306.t1									0	2	0	0	0	0	0	0	0	0	0	0	0	0	NO_QUALIFYING_HIT	NO_QUALIFYING_HIT	No BLAST hit passed all three quality thresholds.	
g15309.t1									0	8	0	0	0	0	0	0	0	0	0	0	0	0	NO_QUALIFYING_HIT	NO_QUALIFYING_HIT	No BLAST hit passed all three quality thresholds.	
g15314.t1									0	3	0	0	0	0	0	0	0	0	0	0	0	0	NO_QUALIFYING_HIT	NO_QUALIFYING_HIT	No BLAST hit passed all three quality thresholds.	
g15316.t1									0	3	0	0	0	0	0	0	0	0	0	0	0	0	NO_QUALIFYING_HIT	NO_QUALIFYING_HIT	No BLAST hit passed all three quality thresholds.	
g15334.t1									0	10	0	0	0	0	0	0	0	0	0	0	0	0	NO_QUALIFYING_HIT	NO_QUALIFYING_HIT	No BLAST hit passed all three quality thresholds.	
g15337.t1									0	10	0	0	0	0	0	0	0	0	0	0	0	0	NO_QUALIFYING_HIT	NO_QUALIFYING_HIT	No BLAST hit passed all three quality thresholds.	
g15339.t1									0	11	0	0	0	0	0	0	0	0	0	0	0	0	NO_QUALIFYING_HIT	NO_QUALIFYING_HIT	No BLAST hit passed all three quality thresholds.	
g15341.t1									0	10	0	0	0	0	0	0	0	0	0	0	0	0	NO_QUALIFYING_HIT	NO_QUALIFYING_HIT	No BLAST hit passed all three quality thresholds.	
g15347.t1									0	4	0	0	0	0	0	0	0	0	0	0	0	0	NO_QUALIFYING_HIT	NO_QUALIFYING_HIT	No BLAST hit passed all three quality thresholds.	
g15348.t1									0	6	0	0	0	0	0	0	0	0	0	0	0	0	NO_QUALIFYING_HIT	NO_QUALIFYING_HIT	No BLAST hit passed all three quality thresholds.	
g15349.t1									0	2	0	0	0	0	0	0	0	0	0	0	0	0	NO_QUALIFYING_HIT	NO_QUALIFYING_HIT	No BLAST hit passed all three quality thresholds.	
g15350.t1									0	10	0	0	0	0	0	0	0	0	0	0	0	0	NO_QUALIFYING_HIT	NO_QUALIFYING_HIT	No BLAST hit passed all three quality thresholds.	
g15351.t1									0	5	0	0	0	0	0	0	0	0	0	0	0	0	NO_QUALIFYING_HIT	NO_QUALIFYING_HIT	No BLAST hit passed all three quality thresholds.	
g15353.t1									0	3	0	0	0	0	0	0	0	0	0	0	0	0	NO_QUALIFYING_HIT	NO_QUALIFYING_HIT	No BLAST hit passed all three quality thresholds.	
g15354.t1									0	2	0	0	0	0	0	0	0	0	0	0	0	0	NO_QUALIFYING_HIT	NO_QUALIFYING_HIT	No BLAST hit passed all three quality thresholds.	
g15355.t1									0	4	0	0	0	0	0	0	0	0	0	0	0	0	NO_QUALIFYING_HIT	NO_QUALIFYING_HIT	No BLAST hit passed all three quality thresholds.	
g15356.t1									0	5	0	0	0	0	0	0	0	0	0	0	0	0	NO_QUALIFYING_HIT	NO_QUALIFYING_HIT	No BLAST hit passed all three quality thresholds.	
g15357.t1									0	3	0	0	0	0	0	0	0	0	0	0	0	0	NO_QUALIFYING_HIT	NO_QUALIFYING_HIT	No BLAST hit passed all three quality thresholds.	
g15358.t1									0	3	0	0	0	0	0	0	0	0	0	0	0	0	NO_QUALIFYING_HIT	NO_QUALIFYING_HIT	No BLAST hit passed all three quality thresholds.	
g15359.t1									0	1	0	0	0	0	0	0	0	0	0	0	0	0	NO_QUALIFYING_HIT	NO_QUALIFYING_HIT	No BLAST hit passed all three quality thresholds.	
g15360.t1									0	4	0	0	0	0	0	0	0	0	0	0	0	0	NO_QUALIFYING_HIT	NO_QUALIFYING_HIT	No BLAST hit passed all three quality thresholds.	
g15367.t1									0	10	0	0	0	0	0	0	0	0	0	0	0	0	NO_QUALIFYING_HIT	NO_QUALIFYING_HIT	No BLAST hit passed all three quality thresholds.	
g15377.t1									0	4	0	0	0	0	0	0	0	0	0	0	0	0	NO_QUALIFYING_HIT	NO_QUALIFYING_HIT	No BLAST hit passed all three quality thresholds.	
g15379.t1									0	3	0	0	0	0	0	0	0	0	0	0	0	0	NO_QUALIFYING_HIT	NO_QUALIFYING_HIT	No BLAST hit passed all three quality thresholds.	
g15382.t1									0	3	0	0	0	0	0	0	0	0	0	0	0	0	NO_QUALIFYING_HIT	NO_QUALIFYING_HIT	No BLAST hit passed all three quality thresholds.	
g15401.t1									0	1	0	0	0	0	0	0	0	0	0	0	0	0	NO_QUALIFYING_HIT	NO_QUALIFYING_HIT	No BLAST hit passed all three quality thresholds.	
g15405.t1									0	3	0	0	0	0	0	0	0	0	0	0	0	0	NO_QUALIFYING_HIT	NO_QUALIFYING_HIT	No BLAST hit passed all three quality thresholds.	
g15411.t1									0	10	0	0	0	0	0	0	0	0	0	0	0	0	NO_QUALIFYING_HIT	NO_QUALIFYING_HIT	No BLAST hit passed all three quality thresholds.	
g15412.t1									0	1	0	0	0	0	0	0	0	0	0	0	0	0	NO_QUALIFYING_HIT	NO_QUALIFYING_HIT	No BLAST hit passed all three quality thresholds.	
g15429.t1									0	7	0	0	0	0	0	0	0	0	0	0	0	0	NO_QUALIFYING_HIT	NO_QUALIFYING_HIT	No BLAST hit passed all three quality thresholds.	
g15430.t1									0	2	0	0	0	0	0	0	0	0	0	0	0	0	NO_QUALIFYING_HIT	NO_QUALIFYING_HIT	No BLAST hit passed all three quality thresholds.	
g15432.t1									0	2	0	0	0	0	0	0	0	0	0	0	0	0	NO_QUALIFYING_HIT	NO_QUALIFYING_HIT	No BLAST hit passed all three quality thresholds.	
g15433.t1									0	5	0	0	0	0	0	0	0	0	0	0	0	0	NO_QUALIFYING_HIT	NO_QUALIFYING_HIT	No BLAST hit passed all three quality thresholds.	
g15439.t1									0	5	0	0	0	0	0	0	0	0	0	0	0	0	NO_QUALIFYING_HIT	NO_QUALIFYING_HIT	No BLAST hit passed all three quality thresholds.	
g15445.t3									0	10	0	0	0	0	0	0	0	0	0	0	0	0	NO_QUALIFYING_HIT	NO_QUALIFYING_HIT	No BLAST hit passed all three quality thresholds.	
g15451.t1									0	10	0	0	0	0	0	0	0	0	0	0	0	0	NO_QUALIFYING_HIT	NO_QUALIFYING_HIT	No BLAST hit passed all three quality thresholds.	
g15458.t1									0	10	0	0	0	0	0	0	0	0	0	0	0	0	NO_QUALIFYING_HIT	NO_QUALIFYING_HIT	No BLAST hit passed all three quality thresholds.	
g15466.t1									0	10	0	0	0	0	0	0	0	0	0	0	0	0	NO_QUALIFYING_HIT	NO_QUALIFYING_HIT	No BLAST hit passed all three quality thresholds.	
g15467.t1									0	19	0	0	0	0	0	0	0	0	0	0	0	0	NO_QUALIFYING_HIT	NO_QUALIFYING_HIT	No BLAST hit passed all three quality thresholds.	
g15469.t1									0	4	0	0	0	0	0	0	0	0	0	0	0	0	NO_QUALIFYING_HIT	NO_QUALIFYING_HIT	No BLAST hit passed all three quality thresholds.	
g15470.t1									0	10	0	0	0	0	0	0	0	0	0	0	0	0	NO_QUALIFYING_HIT	NO_QUALIFYING_HIT	No BLAST hit passed all three quality thresholds.	
g15472.t1									0	4	0	0	0	0	0	0	0	0	0	0	0	0	NO_QUALIFYING_HIT	NO_QUALIFYING_HIT	No BLAST hit passed all three quality thresholds.	
g15478.t1									0	3	0	0	0	0	0	0	0	0	0	0	0	0	NO_QUALIFYING_HIT	NO_QUALIFYING_HIT	No BLAST hit passed all three quality thresholds.	
g15481.t1									0	9	0	0	0	0	0	0	0	0	0	0	0	0	NO_QUALIFYING_HIT	NO_QUALIFYING_HIT	No BLAST hit passed all three quality thresholds.	
g15486.t1									0	6	0	0	0	0	0	0	0	0	0	0	0	0	NO_QUALIFYING_HIT	NO_QUALIFYING_HIT	No BLAST hit passed all three quality thresholds.	
g15487.t1									0	10	0	0	0	0	0	0	0	0	0	0	0	0	NO_QUALIFYING_HIT	NO_QUALIFYING_HIT	No BLAST hit passed all three quality thresholds.	
g15493.t1									0	10	0	0	0	0	0	0	0	0	0	0	0	0	NO_QUALIFYING_HIT	NO_QUALIFYING_HIT	No BLAST hit passed all three quality thresholds.	
g15494.t1									0	10	0	0	0	0	0	0	0	0	0	0	0	0	NO_QUALIFYING_HIT	NO_QUALIFYING_HIT	No BLAST hit passed all three quality thresholds.	
g15507.t1									0	7	0	0	0	0	0	0	0	0	0	0	0	0	NO_QUALIFYING_HIT	NO_QUALIFYING_HIT	No BLAST hit passed all three quality thresholds.	
g15514.t1									0	1	0	0	0	0	0	0	0	0	0	0	0	0	NO_QUALIFYING_HIT	NO_QUALIFYING_HIT	No BLAST hit passed all three quality thresholds.	
g15516.t1									0	2	0	0	0	0	0	0	0	0	0	0	0	0	NO_QUALIFYING_HIT	NO_QUALIFYING_HIT	No BLAST hit passed all three quality thresholds.	
g15518.t1									0	2	0	0	0	0	0	0	0	0	0	0	0	0	NO_QUALIFYING_HIT	NO_QUALIFYING_HIT	No BLAST hit passed all three quality thresholds.	
g15520.t1									0	10	0	0	0	0	0	0	0	0	0	0	0	0	NO_QUALIFYING_HIT	NO_QUALIFYING_HIT	No BLAST hit passed all three quality thresholds.	
g15537.t1									0	12	0	0	0	0	0	0	0	0	0	0	0	0	NO_QUALIFYING_HIT	NO_QUALIFYING_HIT	No BLAST hit passed all three quality thresholds.	
g15543.t1									0	2	0	0	0	0	0	0	0	0	0	0	0	0	NO_QUALIFYING_HIT	NO_QUALIFYING_HIT	No BLAST hit passed all three quality thresholds.	
g15545.t1									0	2	0	0	0	0	0	0	0	0	0	0	0	0	NO_QUALIFYING_HIT	NO_QUALIFYING_HIT	No BLAST hit passed all three quality thresholds.	
g15546.t1									0	1	0	0	0	0	0	0	0	0	0	0	0	0	NO_QUALIFYING_HIT	NO_QUALIFYING_HIT	No BLAST hit passed all three quality thresholds.	
g15547.t1									0	4	0	0	0	0	0	0	0	0	0	0	0	0	NO_QUALIFYING_HIT	NO_QUALIFYING_HIT	No BLAST hit passed all three quality thresholds.	
g15550.t1									0	44	0	0	0	0	0	0	0	0	0	0	0	0	NO_QUALIFYING_HIT	NO_QUALIFYING_HIT	No BLAST hit passed all three quality thresholds.	
g15571.t1									0	3	0	0	0	0	0	0	0	0	0	0	0	0	NO_QUALIFYING_HIT	NO_QUALIFYING_HIT	No BLAST hit passed all three quality thresholds.	
g15572.t1									0	9	0	0	0	0	0	0	0	0	0	0	0	0	NO_QUALIFYING_HIT	NO_QUALIFYING_HIT	No BLAST hit passed all three quality thresholds.	
g15578.t1									0	8	0	0	0	0	0	0	0	0	0	0	0	0	NO_QUALIFYING_HIT	NO_QUALIFYING_HIT	No BLAST hit passed all three quality thresholds.	
g15585.t1									0	10	0	0	0	0	0	0	0	0	0	0	0	0	NO_QUALIFYING_HIT	NO_QUALIFYING_HIT	No BLAST hit passed all three quality thresholds.	
g15586.t1									0	10	0	0	0	0	0	0	0	0	0	0	0	0	NO_QUALIFYING_HIT	NO_QUALIFYING_HIT	No BLAST hit passed all three quality thresholds.	
g15589.t1									0	6	0	0	0	0	0	0	0	0	0	0	0	0	NO_QUALIFYING_HIT	NO_QUALIFYING_HIT	No BLAST hit passed all three quality thresholds.	
g15590.t1									0	10	0	0	0	0	0	0	0	0	0	0	0	0	NO_QUALIFYING_HIT	NO_QUALIFYING_HIT	No BLAST hit passed all three quality thresholds.	
g15591.t1									0	2	0	0	0	0	0	0	0	0	0	0	0	0	NO_QUALIFYING_HIT	NO_QUALIFYING_HIT	No BLAST hit passed all three quality thresholds.	
g15592.t1									0	3	0	0	0	0	0	0	0	0	0	0	0	0	NO_QUALIFYING_HIT	NO_QUALIFYING_HIT	No BLAST hit passed all three quality thresholds.	
g15607.t1									0	3	0	0	0	0	0	0	0	0	0	0	0	0	NO_QUALIFYING_HIT	NO_QUALIFYING_HIT	No BLAST hit passed all three quality thresholds.	
g15609.t1									0	10	0	0	0	0	0	0	0	0	0	0	0	0	NO_QUALIFYING_HIT	NO_QUALIFYING_HIT	No BLAST hit passed all three quality thresholds.	
g15611.t1									0	4	0	0	0	0	0	0	0	0	0	0	0	0	NO_QUALIFYING_HIT	NO_QUALIFYING_HIT	No BLAST hit passed all three quality thresholds.	
g15613.t1									0	8	0	0	0	0	0	0	0	0	0	0	0	0	NO_QUALIFYING_HIT	NO_QUALIFYING_HIT	No BLAST hit passed all three quality thresholds.	
g15614.t1									0	1	0	0	0	0	0	0	0	0	0	0	0	0	NO_QUALIFYING_HIT	NO_QUALIFYING_HIT	No BLAST hit passed all three quality thresholds.	
g15617.t1									0	8	0	0	0	0	0	0	0	0	0	0	0	0	NO_QUALIFYING_HIT	NO_QUALIFYING_HIT	No BLAST hit passed all three quality thresholds.	
g15631.t1									0	3	0	0	0	0	0	0	0	0	0	0	0	0	NO_QUALIFYING_HIT	NO_QUALIFYING_HIT	No BLAST hit passed all three quality thresholds.	
g15635.t1									0	10	0	0	0	0	0	0	0	0	0	0	0	0	NO_QUALIFYING_HIT	NO_QUALIFYING_HIT	No BLAST hit passed all three quality thresholds.	
g15640.t1									0	1	0	0	0	0	0	0	0	0	0	0	0	0	NO_QUALIFYING_HIT	NO_QUALIFYING_HIT	No BLAST hit passed all three quality thresholds.	
g15647.t1									0	7	0	0	0	0	0	0	0	0	0	0	0	0	NO_QUALIFYING_HIT	NO_QUALIFYING_HIT	No BLAST hit passed all three quality thresholds.	
g15655.t1									0	10	0	0	0	0	0	0	0	0	0	0	0	0	NO_QUALIFYING_HIT	NO_QUALIFYING_HIT	No BLAST hit passed all three quality thresholds.	
g15656.t1									0	10	0	0	0	0	0	0	0	0	0	0	0	0	NO_QUALIFYING_HIT	NO_QUALIFYING_HIT	No BLAST hit passed all three quality thresholds.	
g15658.t1									0	5	0	0	0	0	0	0	0	0	0	0	0	0	NO_QUALIFYING_HIT	NO_QUALIFYING_HIT	No BLAST hit passed all three quality thresholds.	
g15659.t1									0	6	0	0	0	0	0	0	0	0	0	0	0	0	NO_QUALIFYING_HIT	NO_QUALIFYING_HIT	No BLAST hit passed all three quality thresholds.	
g15660.t1									0	5	0	0	0	0	0	0	0	0	0	0	0	0	NO_QUALIFYING_HIT	NO_QUALIFYING_HIT	No BLAST hit passed all three quality thresholds.	
g15673.t1									0	8	0	0	0	0	0	0	0	0	0	0	0	0	NO_QUALIFYING_HIT	NO_QUALIFYING_HIT	No BLAST hit passed all three quality thresholds.	
g15678.t1									0	10	0	0	0	0	0	0	0	0	0	0	0	0	NO_QUALIFYING_HIT	NO_QUALIFYING_HIT	No BLAST hit passed all three quality thresholds.	
g15679.t1									0	10	0	0	0	0	0	0	0	0	0	0	0	0	NO_QUALIFYING_HIT	NO_QUALIFYING_HIT	No BLAST hit passed all three quality thresholds.	
g15688.t1									0	5	0	0	0	0	0	0	0	0	0	0	0	0	NO_QUALIFYING_HIT	NO_QUALIFYING_HIT	No BLAST hit passed all three quality thresholds.	
g15690.t1									0	6	0	0	0	0	0	0	0	0	0	0	0	0	NO_QUALIFYING_HIT	NO_QUALIFYING_HIT	No BLAST hit passed all three quality thresholds.	
g15708.t1									0	10	0	0	0	0	0	0	0	0	0	0	0	0	NO_QUALIFYING_HIT	NO_QUALIFYING_HIT	No BLAST hit passed all three quality thresholds.	
g15714.t1									0	10	0	0	0	0	0	0	0	0	0	0	0	0	NO_QUALIFYING_HIT	NO_QUALIFYING_HIT	No BLAST hit passed all three quality thresholds.	
g15715.t1									0	1	0	0	0	0	0	0	0	0	0	0	0	0	NO_QUALIFYING_HIT	NO_QUALIFYING_HIT	No BLAST hit passed all three quality thresholds.	
g15719.t1									0	10	0	0	0	0	0	0	0	0	0	0	0	0	NO_QUALIFYING_HIT	NO_QUALIFYING_HIT	No BLAST hit passed all three quality thresholds.	
g15733.t1									0	10	0	0	0	0	0	0	0	0	0	0	0	0	NO_QUALIFYING_HIT	NO_QUALIFYING_HIT	No BLAST hit passed all three quality thresholds.	
g15735.t1									0	10	0	0	0	0	0	0	0	0	0	0	0	0	NO_QUALIFYING_HIT	NO_QUALIFYING_HIT	No BLAST hit passed all three quality thresholds.	
g15739.t1									0	2	0	0	0	0	0	0	0	0	0	0	0	0	NO_QUALIFYING_HIT	NO_QUALIFYING_HIT	No BLAST hit passed all three quality thresholds.	
g15740.t1									0	3	0	0	0	0	0	0	0	0	0	0	0	0	NO_QUALIFYING_HIT	NO_QUALIFYING_HIT	No BLAST hit passed all three quality thresholds.	
g15742.t1									0	1	0	0	0	0	0	0	0	0	0	0	0	0	NO_QUALIFYING_HIT	NO_QUALIFYING_HIT	No BLAST hit passed all three quality thresholds.	
g15747.t1									0	10	0	0	0	0	0	0	0	0	0	0	0	0	NO_QUALIFYING_HIT	NO_QUALIFYING_HIT	No BLAST hit passed all three quality thresholds.	
g15762.t1									0	16	0	0	0	0	0	0	0	0	0	0	0	0	NO_QUALIFYING_HIT	NO_QUALIFYING_HIT	No BLAST hit passed all three quality thresholds.	
g15770.t1									0	3	0	0	0	0	0	0	0	0	0	0	0	0	NO_QUALIFYING_HIT	NO_QUALIFYING_HIT	No BLAST hit passed all three quality thresholds.	
g15774.t1									0	9	0	0	0	0	0	0	0	0	0	0	0	0	NO_QUALIFYING_HIT	NO_QUALIFYING_HIT	No BLAST hit passed all three quality thresholds.	
g15775.t1									0	2	0	0	0	0	0	0	0	0	0	0	0	0	NO_QUALIFYING_HIT	NO_QUALIFYING_HIT	No BLAST hit passed all three quality thresholds.	
g15777.t1									0	10	0	0	0	0	0	0	0	0	0	0	0	0	NO_QUALIFYING_HIT	NO_QUALIFYING_HIT	No BLAST hit passed all three quality thresholds.	
g15786.t1									0	9	0	0	0	0	0	0	0	0	0	0	0	0	NO_QUALIFYING_HIT	NO_QUALIFYING_HIT	No BLAST hit passed all three quality thresholds.	
g15787.t1									0	3	0	0	0	0	0	0	0	0	0	0	0	0	NO_QUALIFYING_HIT	NO_QUALIFYING_HIT	No BLAST hit passed all three quality thresholds.	
g15788.t1									0	10	0	0	0	0	0	0	0	0	0	0	0	0	NO_QUALIFYING_HIT	NO_QUALIFYING_HIT	No BLAST hit passed all three quality thresholds.	
g15789.t1									0	3	0	0	0	0	0	0	0	0	0	0	0	0	NO_QUALIFYING_HIT	NO_QUALIFYING_HIT	No BLAST hit passed all three quality thresholds.	
g15790.t1									0	10	0	0	0	0	0	0	0	0	0	0	0	0	NO_QUALIFYING_HIT	NO_QUALIFYING_HIT	No BLAST hit passed all three quality thresholds.	
g15791.t1									0	4	0	0	0	0	0	0	0	0	0	0	0	0	NO_QUALIFYING_HIT	NO_QUALIFYING_HIT	No BLAST hit passed all three quality thresholds.	
g15792.t1									0	3	0	0	0	0	0	0	0	0	0	0	0	0	NO_QUALIFYING_HIT	NO_QUALIFYING_HIT	No BLAST hit passed all three quality thresholds.	
g15793.t1									0	1	0	0	0	0	0	0	0	0	0	0	0	0	NO_QUALIFYING_HIT	NO_QUALIFYING_HIT	No BLAST hit passed all three quality thresholds.	
g15796.t1									0	1	0	0	0	0	0	0	0	0	0	0	0	0	NO_QUALIFYING_HIT	NO_QUALIFYING_HIT	No BLAST hit passed all three quality thresholds.	
g15797.t1									0	3	0	0	0	0	0	0	0	0	0	0	0	0	NO_QUALIFYING_HIT	NO_QUALIFYING_HIT	No BLAST hit passed all three quality thresholds.	
g15800.t1									0	4	0	0	0	0	0	0	0	0	0	0	0	0	NO_QUALIFYING_HIT	NO_QUALIFYING_HIT	No BLAST hit passed all three quality thresholds.	
g15812.t1									0	4	0	0	0	0	0	0	0	0	0	0	0	0	NO_QUALIFYING_HIT	NO_QUALIFYING_HIT	No BLAST hit passed all three quality thresholds.	
g15815.t1									0	2	0	0	0	0	0	0	0	0	0	0	0	0	NO_QUALIFYING_HIT	NO_QUALIFYING_HIT	No BLAST hit passed all three quality thresholds.	
g15818.t1									0	1	0	0	0	0	0	0	0	0	0	0	0	0	NO_QUALIFYING_HIT	NO_QUALIFYING_HIT	No BLAST hit passed all three quality thresholds.	
g15820.t1									0	4	0	0	0	0	0	0	0	0	0	0	0	0	NO_QUALIFYING_HIT	NO_QUALIFYING_HIT	No BLAST hit passed all three quality thresholds.	
g15821.t1									0	10	0	0	0	0	0	0	0	0	0	0	0	0	NO_QUALIFYING_HIT	NO_QUALIFYING_HIT	No BLAST hit passed all three quality thresholds.	
g15836.t1									0	1	0	0	0	0	0	0	0	0	0	0	0	0	NO_QUALIFYING_HIT	NO_QUALIFYING_HIT	No BLAST hit passed all three quality thresholds.	
g15837.t1									0	5	0	0	0	0	0	0	0	0	0	0	0	0	NO_QUALIFYING_HIT	NO_QUALIFYING_HIT	No BLAST hit passed all three quality thresholds.	
g15844.t1									0	10	0	0	0	0	0	0	0	0	0	0	0	0	NO_QUALIFYING_HIT	NO_QUALIFYING_HIT	No BLAST hit passed all three quality thresholds.	
g15846.t1									0	10	0	0	0	0	0	0	0	0	0	0	0	0	NO_QUALIFYING_HIT	NO_QUALIFYING_HIT	No BLAST hit passed all three quality thresholds.	
g15852.t1									0	10	0	0	0	0	0	0	0	0	0	0	0	0	NO_QUALIFYING_HIT	NO_QUALIFYING_HIT	No BLAST hit passed all three quality thresholds.	
g15859.t1									0	10	0	0	0	0	0	0	0	0	0	0	0	0	NO_QUALIFYING_HIT	NO_QUALIFYING_HIT	No BLAST hit passed all three quality thresholds.	
g15863.t1									0	1	0	0	0	0	0	0	0	0	0	0	0	0	NO_QUALIFYING_HIT	NO_QUALIFYING_HIT	No BLAST hit passed all three quality thresholds.	
g15864.t1									0	10	0	0	0	0	0	0	0	0	0	0	0	0	NO_QUALIFYING_HIT	NO_QUALIFYING_HIT	No BLAST hit passed all three quality thresholds.	
g15866.t1									0	10	0	0	0	0	0	0	0	0	0	0	0	0	NO_QUALIFYING_HIT	NO_QUALIFYING_HIT	No BLAST hit passed all three quality thresholds.	
g15876.t1									0	6	0	0	0	0	0	0	0	0	0	0	0	0	NO_QUALIFYING_HIT	NO_QUALIFYING_HIT	No BLAST hit passed all three quality thresholds.	
g15882.t1									0	3	0	0	0	0	0	0	0	0	0	0	0	0	NO_QUALIFYING_HIT	NO_QUALIFYING_HIT	No BLAST hit passed all three quality thresholds.	
g15884.t1									0	1	0	0	0	0	0	0	0	0	0	0	0	0	NO_QUALIFYING_HIT	NO_QUALIFYING_HIT	No BLAST hit passed all three quality thresholds.	
g15885.t1									0	5	0	0	0	0	0	0	0	0	0	0	0	0	NO_QUALIFYING_HIT	NO_QUALIFYING_HIT	No BLAST hit passed all three quality thresholds.	
g15893.t1									0	1	0	0	0	0	0	0	0	0	0	0	0	0	NO_QUALIFYING_HIT	NO_QUALIFYING_HIT	No BLAST hit passed all three quality thresholds.	
g15896.t1									0	6	0	0	0	0	0	0	0	0	0	0	0	0	NO_QUALIFYING_HIT	NO_QUALIFYING_HIT	No BLAST hit passed all three quality thresholds.	
g15897.t1									0	6	0	0	0	0	0	0	0	0	0	0	0	0	NO_QUALIFYING_HIT	NO_QUALIFYING_HIT	No BLAST hit passed all three quality thresholds.	
g15900.t1									0	10	0	0	0	0	0	0	0	0	0	0	0	0	NO_QUALIFYING_HIT	NO_QUALIFYING_HIT	No BLAST hit passed all three quality thresholds.	
g15905.t1									0	5	0	0	0	0	0	0	0	0	0	0	0	0	NO_QUALIFYING_HIT	NO_QUALIFYING_HIT	No BLAST hit passed all three quality thresholds.	
g15913.t1									0	12	0	0	0	0	0	0	0	0	0	0	0	0	NO_QUALIFYING_HIT	NO_QUALIFYING_HIT	No BLAST hit passed all three quality thresholds.	
g15915.t1									0	3	0	0	0	0	0	0	0	0	0	0	0	0	NO_QUALIFYING_HIT	NO_QUALIFYING_HIT	No BLAST hit passed all three quality thresholds.	
g15917.t1									0	2	0	0	0	0	0	0	0	0	0	0	0	0	NO_QUALIFYING_HIT	NO_QUALIFYING_HIT	No BLAST hit passed all three quality thresholds.	
g15921.t1									0	1	0	0	0	0	0	0	0	0	0	0	0	0	NO_QUALIFYING_HIT	NO_QUALIFYING_HIT	No BLAST hit passed all three quality thresholds.	
g15926.t1									0	5	0	0	0	0	0	0	0	0	0	0	0	0	NO_QUALIFYING_HIT	NO_QUALIFYING_HIT	No BLAST hit passed all three quality thresholds.	
g15927.t1									0	10	0	0	0	0	0	0	0	0	0	0	0	0	NO_QUALIFYING_HIT	NO_QUALIFYING_HIT	No BLAST hit passed all three quality thresholds.	
g15928.t1									0	5	0	0	0	0	0	0	0	0	0	0	0	0	NO_QUALIFYING_HIT	NO_QUALIFYING_HIT	No BLAST hit passed all three quality thresholds.	
g15929.t1									0	5	0	0	0	0	0	0	0	0	0	0	0	0	NO_QUALIFYING_HIT	NO_QUALIFYING_HIT	No BLAST hit passed all three quality thresholds.	
g15932.t1									0	10	0	0	0	0	0	0	0	0	0	0	0	0	NO_QUALIFYING_HIT	NO_QUALIFYING_HIT	No BLAST hit passed all three quality thresholds.	
g15933.t1									0	7	0	0	0	0	0	0	0	0	0	0	0	0	NO_QUALIFYING_HIT	NO_QUALIFYING_HIT	No BLAST hit passed all three quality thresholds.	
g15934.t1									0	1	0	0	0	0	0	0	0	0	0	0	0	0	NO_QUALIFYING_HIT	NO_QUALIFYING_HIT	No BLAST hit passed all three quality thresholds.	
g15936.t1									0	6	0	0	0	0	0	0	0	0	0	0	0	0	NO_QUALIFYING_HIT	NO_QUALIFYING_HIT	No BLAST hit passed all three quality thresholds.	
g15939.t1									0	5	0	0	0	0	0	0	0	0	0	0	0	0	NO_QUALIFYING_HIT	NO_QUALIFYING_HIT	No BLAST hit passed all three quality thresholds.	
g15947.t1									0	9	0	0	0	0	0	0	0	0	0	0	0	0	NO_QUALIFYING_HIT	NO_QUALIFYING_HIT	No BLAST hit passed all three quality thresholds.	
g15948.t1									0	3	0	0	0	0	0	0	0	0	0	0	0	0	NO_QUALIFYING_HIT	NO_QUALIFYING_HIT	No BLAST hit passed all three quality thresholds.	
g15949.t1									0	10	0	0	0	0	0	0	0	0	0	0	0	0	NO_QUALIFYING_HIT	NO_QUALIFYING_HIT	No BLAST hit passed all three quality thresholds.	
g15950.t1									0	2	0	0	0	0	0	0	0	0	0	0	0	0	NO_QUALIFYING_HIT	NO_QUALIFYING_HIT	No BLAST hit passed all three quality thresholds.	
g15951.t1									0	10	0	0	0	0	0	0	0	0	0	0	0	0	NO_QUALIFYING_HIT	NO_QUALIFYING_HIT	No BLAST hit passed all three quality thresholds.	
g15952.t1									0	10	0	0	0	0	0	0	0	0	0	0	0	0	NO_QUALIFYING_HIT	NO_QUALIFYING_HIT	No BLAST hit passed all three quality thresholds.	
g15953.t1									0	5	0	0	0	0	0	0	0	0	0	0	0	0	NO_QUALIFYING_HIT	NO_QUALIFYING_HIT	No BLAST hit passed all three quality thresholds.	
g15955.t1									0	6	0	0	0	0	0	0	0	0	0	0	0	0	NO_QUALIFYING_HIT	NO_QUALIFYING_HIT	No BLAST hit passed all three quality thresholds.	
g15987.t1									0	7	0	0	0	0	0	0	0	0	0	0	0	0	NO_QUALIFYING_HIT	NO_QUALIFYING_HIT	No BLAST hit passed all three quality thresholds.	
g15988.t1									0	7	0	0	0	0	0	0	0	0	0	0	0	0	NO_QUALIFYING_HIT	NO_QUALIFYING_HIT	No BLAST hit passed all three quality thresholds.	
g15996.t1									0	5	0	0	0	0	0	0	0	0	0	0	0	0	NO_QUALIFYING_HIT	NO_QUALIFYING_HIT	No BLAST hit passed all three quality thresholds.	
g16000.t1									0	6	0	0	0	0	0	0	0	0	0	0	0	0	NO_QUALIFYING_HIT	NO_QUALIFYING_HIT	No BLAST hit passed all three quality thresholds.	
g16003.t1									0	4	0	0	0	0	0	0	0	0	0	0	0	0	NO_QUALIFYING_HIT	NO_QUALIFYING_HIT	No BLAST hit passed all three quality thresholds.	
g16007.t1									0	7	0	0	0	0	0	0	0	0	0	0	0	0	NO_QUALIFYING_HIT	NO_QUALIFYING_HIT	No BLAST hit passed all three quality thresholds.	
g16009.t1									0	4	0	0	0	0	0	0	0	0	0	0	0	0	NO_QUALIFYING_HIT	NO_QUALIFYING_HIT	No BLAST hit passed all three quality thresholds.	
g16013.t1									0	5	0	0	0	0	0	0	0	0	0	0	0	0	NO_QUALIFYING_HIT	NO_QUALIFYING_HIT	No BLAST hit passed all three quality thresholds.	
g16018.t1									0	10	0	0	0	0	0	0	0	0	0	0	0	0	NO_QUALIFYING_HIT	NO_QUALIFYING_HIT	No BLAST hit passed all three quality thresholds.	
g16022.t1									0	30	0	0	0	0	0	0	0	0	0	0	0	0	NO_QUALIFYING_HIT	NO_QUALIFYING_HIT	No BLAST hit passed all three quality thresholds.	
g16026.t1									0	10	0	0	0	0	0	0	0	0	0	0	0	0	NO_QUALIFYING_HIT	NO_QUALIFYING_HIT	No BLAST hit passed all three quality thresholds.	
g16027.t1									0	10	0	0	0	0	0	0	0	0	0	0	0	0	NO_QUALIFYING_HIT	NO_QUALIFYING_HIT	No BLAST hit passed all three quality thresholds.	
g16032.t1									0	10	0	0	0	0	0	0	0	0	0	0	0	0	NO_QUALIFYING_HIT	NO_QUALIFYING_HIT	No BLAST hit passed all three quality thresholds.	
g16033.t1									0	3	0	0	0	0	0	0	0	0	0	0	0	0	NO_QUALIFYING_HIT	NO_QUALIFYING_HIT	No BLAST hit passed all three quality thresholds.	
g16034.t1									0	1	0	0	0	0	0	0	0	0	0	0	0	0	NO_QUALIFYING_HIT	NO_QUALIFYING_HIT	No BLAST hit passed all three quality thresholds.	
g16038.t1									0	4	0	0	0	0	0	0	0	0	0	0	0	0	NO_QUALIFYING_HIT	NO_QUALIFYING_HIT	No BLAST hit passed all three quality thresholds.	
g16040.t1									0	10	0	0	0	0	0	0	0	0	0	0	0	0	NO_QUALIFYING_HIT	NO_QUALIFYING_HIT	No BLAST hit passed all three quality thresholds.	
g16042.t1									0	3	0	0	0	0	0	0	0	0	0	0	0	0	NO_QUALIFYING_HIT	NO_QUALIFYING_HIT	No BLAST hit passed all three quality thresholds.	
g16047.t1									0	2	0	0	0	0	0	0	0	0	0	0	0	0	NO_QUALIFYING_HIT	NO_QUALIFYING_HIT	No BLAST hit passed all three quality thresholds.	
g16048.t1									0	5	0	0	0	0	0	0	0	0	0	0	0	0	NO_QUALIFYING_HIT	NO_QUALIFYING_HIT	No BLAST hit passed all three quality thresholds.	
g16064.t1									0	3	0	0	0	0	0	0	0	0	0	0	0	0	NO_QUALIFYING_HIT	NO_QUALIFYING_HIT	No BLAST hit passed all three quality thresholds.	
g16066.t1									0	10	0	0	0	0	0	0	0	0	0	0	0	0	NO_QUALIFYING_HIT	NO_QUALIFYING_HIT	No BLAST hit passed all three quality thresholds.	
g16075.t1									0	10	0	0	0	0	0	0	0	0	0	0	0	0	NO_QUALIFYING_HIT	NO_QUALIFYING_HIT	No BLAST hit passed all three quality thresholds.	
g16077.t1									0	10	0	0	0	0	0	0	0	0	0	0	0	0	NO_QUALIFYING_HIT	NO_QUALIFYING_HIT	No BLAST hit passed all three quality thresholds.	
g16078.t1									0	4	0	0	0	0	0	0	0	0	0	0	0	0	NO_QUALIFYING_HIT	NO_QUALIFYING_HIT	No BLAST hit passed all three quality thresholds.	
g16080.t1									0	6	0	0	0	0	0	0	0	0	0	0	0	0	NO_QUALIFYING_HIT	NO_QUALIFYING_HIT	No BLAST hit passed all three quality thresholds.	
g16085.t1									0	3	0	0	0	0	0	0	0	0	0	0	0	0	NO_QUALIFYING_HIT	NO_QUALIFYING_HIT	No BLAST hit passed all three quality thresholds.	
g16103.t1									0	10	0	0	0	0	0	0	0	0	0	0	0	0	NO_QUALIFYING_HIT	NO_QUALIFYING_HIT	No BLAST hit passed all three quality thresholds.	
g16104.t1									0	10	0	0	0	0	0	0	0	0	0	0	0	0	NO_QUALIFYING_HIT	NO_QUALIFYING_HIT	No BLAST hit passed all three quality thresholds.	
g16111.t1									0	8	0	0	0	0	0	0	0	0	0	0	0	0	NO_QUALIFYING_HIT	NO_QUALIFYING_HIT	No BLAST hit passed all three quality thresholds.	
g16117.t1									0	10	0	0	0	0	0	0	0	0	0	0	0	0	NO_QUALIFYING_HIT	NO_QUALIFYING_HIT	No BLAST hit passed all three quality thresholds.	
g16123.t1									0	1	0	0	0	0	0	0	0	0	0	0	0	0	NO_QUALIFYING_HIT	NO_QUALIFYING_HIT	No BLAST hit passed all three quality thresholds.	
g16129.t1									0	10	0	0	0	0	0	0	0	0	0	0	0	0	NO_QUALIFYING_HIT	NO_QUALIFYING_HIT	No BLAST hit passed all three quality thresholds.	
g16144.t1									0	6	0	0	0	0	0	0	0	0	0	0	0	0	NO_QUALIFYING_HIT	NO_QUALIFYING_HIT	No BLAST hit passed all three quality thresholds.	
g16152.t1									0	5	0	0	0	0	0	0	0	0	0	0	0	0	NO_QUALIFYING_HIT	NO_QUALIFYING_HIT	No BLAST hit passed all three quality thresholds.	
g16157.t1									0	1	0	0	0	0	0	0	0	0	0	0	0	0	NO_QUALIFYING_HIT	NO_QUALIFYING_HIT	No BLAST hit passed all three quality thresholds.	
g16171.t1									0	5	0	0	0	0	0	0	0	0	0	0	0	0	NO_QUALIFYING_HIT	NO_QUALIFYING_HIT	No BLAST hit passed all three quality thresholds.	
g16173.t1									0	1	0	0	0	0	0	0	0	0	0	0	0	0	NO_QUALIFYING_HIT	NO_QUALIFYING_HIT	No BLAST hit passed all three quality thresholds.	
g16190.t1									0	1	0	0	0	0	0	0	0	0	0	0	0	0	NO_QUALIFYING_HIT	NO_QUALIFYING_HIT	No BLAST hit passed all three quality thresholds.	
g16193.t1									0	4	0	0	0	0	0	0	0	0	0	0	0	0	NO_QUALIFYING_HIT	NO_QUALIFYING_HIT	No BLAST hit passed all three quality thresholds.	
g16194.t1									0	10	0	0	0	0	0	0	0	0	0	0	0	0	NO_QUALIFYING_HIT	NO_QUALIFYING_HIT	No BLAST hit passed all three quality thresholds.	
g16195.t1									0	3	0	0	0	0	0	0	0	0	0	0	0	0	NO_QUALIFYING_HIT	NO_QUALIFYING_HIT	No BLAST hit passed all three quality thresholds.	
g16197.t1									0	3	0	0	0	0	0	0	0	0	0	0	0	0	NO_QUALIFYING_HIT	NO_QUALIFYING_HIT	No BLAST hit passed all three quality thresholds.	
g16198.t1									0	2	0	0	0	0	0	0	0	0	0	0	0	0	NO_QUALIFYING_HIT	NO_QUALIFYING_HIT	No BLAST hit passed all three quality thresholds.	
g16210.t1									0	7	0	0	0	0	0	0	0	0	0	0	0	0	NO_QUALIFYING_HIT	NO_QUALIFYING_HIT	No BLAST hit passed all three quality thresholds.	
g16221.t1									0	3	0	0	0	0	0	0	0	0	0	0	0	0	NO_QUALIFYING_HIT	NO_QUALIFYING_HIT	No BLAST hit passed all three quality thresholds.	
g16222.t1									0	8	0	0	0	0	0	0	0	0	0	0	0	0	NO_QUALIFYING_HIT	NO_QUALIFYING_HIT	No BLAST hit passed all three quality thresholds.	
g16246.t1									0	10	0	0	0	0	0	0	0	0	0	0	0	0	NO_QUALIFYING_HIT	NO_QUALIFYING_HIT	No BLAST hit passed all three quality thresholds.	
g16249.t1									0	10	0	0	0	0	0	0	0	0	0	0	0	0	NO_QUALIFYING_HIT	NO_QUALIFYING_HIT	No BLAST hit passed all three quality thresholds.	
g16253.t1									0	2	0	0	0	0	0	0	0	0	0	0	0	0	NO_QUALIFYING_HIT	NO_QUALIFYING_HIT	No BLAST hit passed all three quality thresholds.	
g16264.t1									0	4	0	0	0	0	0	0	0	0	0	0	0	0	NO_QUALIFYING_HIT	NO_QUALIFYING_HIT	No BLAST hit passed all three quality thresholds.	
g16278.t1									0	10	0	0	0	0	0	0	0	0	0	0	0	0	NO_QUALIFYING_HIT	NO_QUALIFYING_HIT	No BLAST hit passed all three quality thresholds.	
g16282.t1									0	12	0	0	0	0	0	0	0	0	0	0	0	0	NO_QUALIFYING_HIT	NO_QUALIFYING_HIT	No BLAST hit passed all three quality thresholds.	
g16287.t1									0	2	0	0	0	0	0	0	0	0	0	0	0	0	NO_QUALIFYING_HIT	NO_QUALIFYING_HIT	No BLAST hit passed all three quality thresholds.	
g16290.t1									0	23	0	0	0	0	0	0	0	0	0	0	0	0	NO_QUALIFYING_HIT	NO_QUALIFYING_HIT	No BLAST hit passed all three quality thresholds.	
g16293.t1									0	37	0	0	0	0	0	0	0	0	0	0	0	0	NO_QUALIFYING_HIT	NO_QUALIFYING_HIT	No BLAST hit passed all three quality thresholds.	
g16295.t1									0	10	0	0	0	0	0	0	0	0	0	0	0	0	NO_QUALIFYING_HIT	NO_QUALIFYING_HIT	No BLAST hit passed all three quality thresholds.	
g16316.t1									0	6	0	0	0	0	0	0	0	0	0	0	0	0	NO_QUALIFYING_HIT	NO_QUALIFYING_HIT	No BLAST hit passed all three quality thresholds.	
g16320.t1									0	2	0	0	0	0	0	0	0	0	0	0	0	0	NO_QUALIFYING_HIT	NO_QUALIFYING_HIT	No BLAST hit passed all three quality thresholds.	
g16325.t1									0	4	0	0	0	0	0	0	0	0	0	0	0	0	NO_QUALIFYING_HIT	NO_QUALIFYING_HIT	No BLAST hit passed all three quality thresholds.	
g16333.t1									0	10	0	0	0	0	0	0	0	0	0	0	0	0	NO_QUALIFYING_HIT	NO_QUALIFYING_HIT	No BLAST hit passed all three quality thresholds.	
g16342.t1									0	4	0	0	0	0	0	0	0	0	0	0	0	0	NO_QUALIFYING_HIT	NO_QUALIFYING_HIT	No BLAST hit passed all three quality thresholds.	
g16343.t1									0	2	0	0	0	0	0	0	0	0	0	0	0	0	NO_QUALIFYING_HIT	NO_QUALIFYING_HIT	No BLAST hit passed all three quality thresholds.	
g16344.t1									0	6	0	0	0	0	0	0	0	0	0	0	0	0	NO_QUALIFYING_HIT	NO_QUALIFYING_HIT	No BLAST hit passed all three quality thresholds.	
g16353.t1									0	2	0	0	0	0	0	0	0	0	0	0	0	0	NO_QUALIFYING_HIT	NO_QUALIFYING_HIT	No BLAST hit passed all three quality thresholds.	
g16364.t1									0	10	0	0	0	0	0	0	0	0	0	0	0	0	NO_QUALIFYING_HIT	NO_QUALIFYING_HIT	No BLAST hit passed all three quality thresholds.	
g16367.t1									0	3	0	0	0	0	0	0	0	0	0	0	0	0	NO_QUALIFYING_HIT	NO_QUALIFYING_HIT	No BLAST hit passed all three quality thresholds.	
g16368.t1									0	1	0	0	0	0	0	0	0	0	0	0	0	0	NO_QUALIFYING_HIT	NO_QUALIFYING_HIT	No BLAST hit passed all three quality thresholds.	
g16372.t1									0	4	0	0	0	0	0	0	0	0	0	0	0	0	NO_QUALIFYING_HIT	NO_QUALIFYING_HIT	No BLAST hit passed all three quality thresholds.	
g16382.t1									0	10	0	0	0	0	0	0	0	0	0	0	0	0	NO_QUALIFYING_HIT	NO_QUALIFYING_HIT	No BLAST hit passed all three quality thresholds.	
g16383.t1									0	10	0	0	0	0	0	0	0	0	0	0	0	0	NO_QUALIFYING_HIT	NO_QUALIFYING_HIT	No BLAST hit passed all three quality thresholds.	
g16390.t1									0	5	0	0	0	0	0	0	0	0	0	0	0	0	NO_QUALIFYING_HIT	NO_QUALIFYING_HIT	No BLAST hit passed all three quality thresholds.	
g16399.t1									0	10	0	0	0	0	0	0	0	0	0	0	0	0	NO_QUALIFYING_HIT	NO_QUALIFYING_HIT	No BLAST hit passed all three quality thresholds.	
g16410.t1									0	8	0	0	0	0	0	0	0	0	0	0	0	0	NO_QUALIFYING_HIT	NO_QUALIFYING_HIT	No BLAST hit passed all three quality thresholds.	
g16411.t1									0	8	0	0	0	0	0	0	0	0	0	0	0	0	NO_QUALIFYING_HIT	NO_QUALIFYING_HIT	No BLAST hit passed all three quality thresholds.	
g16415.t1									0	10	0	0	0	0	0	0	0	0	0	0	0	0	NO_QUALIFYING_HIT	NO_QUALIFYING_HIT	No BLAST hit passed all three quality thresholds.	
g16460.t1									0	2	0	0	0	0	0	0	0	0	0	0	0	0	NO_QUALIFYING_HIT	NO_QUALIFYING_HIT	No BLAST hit passed all three quality thresholds.	
g16461.t1									0	7	0	0	0	0	0	0	0	0	0	0	0	0	NO_QUALIFYING_HIT	NO_QUALIFYING_HIT	No BLAST hit passed all three quality thresholds.	
g16462.t1									0	2	0	0	0	0	0	0	0	0	0	0	0	0	NO_QUALIFYING_HIT	NO_QUALIFYING_HIT	No BLAST hit passed all three quality thresholds.	
g16463.t1									0	10	0	0	0	0	0	0	0	0	0	0	0	0	NO_QUALIFYING_HIT	NO_QUALIFYING_HIT	No BLAST hit passed all three quality thresholds.	
g16464.t1									0	10	0	0	0	0	0	0	0	0	0	0	0	0	NO_QUALIFYING_HIT	NO_QUALIFYING_HIT	No BLAST hit passed all three quality thresholds.	
g16465.t1									0	10	0	0	0	0	0	0	0	0	0	0	0	0	NO_QUALIFYING_HIT	NO_QUALIFYING_HIT	No BLAST hit passed all three quality thresholds.	
g16466.t1									0	5	0	0	0	0	0	0	0	0	0	0	0	0	NO_QUALIFYING_HIT	NO_QUALIFYING_HIT	No BLAST hit passed all three quality thresholds.	
g16467.t1									0	2	0	0	0	0	0	0	0	0	0	0	0	0	NO_QUALIFYING_HIT	NO_QUALIFYING_HIT	No BLAST hit passed all three quality thresholds.	
g16471.t1									0	10	0	0	0	0	0	0	0	0	0	0	0	0	NO_QUALIFYING_HIT	NO_QUALIFYING_HIT	No BLAST hit passed all three quality thresholds.	
g16474.t1									0	6	0	0	0	0	0	0	0	0	0	0	0	0	NO_QUALIFYING_HIT	NO_QUALIFYING_HIT	No BLAST hit passed all three quality thresholds.	
g16475.t1									0	2	0	0	0	0	0	0	0	0	0	0	0	0	NO_QUALIFYING_HIT	NO_QUALIFYING_HIT	No BLAST hit passed all three quality thresholds.	
g16478.t1									0	6	0	0	0	0	0	0	0	0	0	0	0	0	NO_QUALIFYING_HIT	NO_QUALIFYING_HIT	No BLAST hit passed all three quality thresholds.	
g16505.t1									0	5	0	0	0	0	0	0	0	0	0	0	0	0	NO_QUALIFYING_HIT	NO_QUALIFYING_HIT	No BLAST hit passed all three quality thresholds.	
g16514.t1									0	10	0	0	0	0	0	0	0	0	0	0	0	0	NO_QUALIFYING_HIT	NO_QUALIFYING_HIT	No BLAST hit passed all three quality thresholds.	
g16516.t1									0	4	0	0	0	0	0	0	0	0	0	0	0	0	NO_QUALIFYING_HIT	NO_QUALIFYING_HIT	No BLAST hit passed all three quality thresholds.	
g16528.t1									0	2	0	0	0	0	0	0	0	0	0	0	0	0	NO_QUALIFYING_HIT	NO_QUALIFYING_HIT	No BLAST hit passed all three quality thresholds.	
g16530.t1									0	10	0	0	0	0	0	0	0	0	0	0	0	0	NO_QUALIFYING_HIT	NO_QUALIFYING_HIT	No BLAST hit passed all three quality thresholds.	
g16535.t1									0	10	0	0	0	0	0	0	0	0	0	0	0	0	NO_QUALIFYING_HIT	NO_QUALIFYING_HIT	No BLAST hit passed all three quality thresholds.	
g16541.t1									0	10	0	0	0	0	0	0	0	0	0	0	0	0	NO_QUALIFYING_HIT	NO_QUALIFYING_HIT	No BLAST hit passed all three quality thresholds.	
g16542.t1									0	3	0	0	0	0	0	0	0	0	0	0	0	0	NO_QUALIFYING_HIT	NO_QUALIFYING_HIT	No BLAST hit passed all three quality thresholds.	
g16545.t1									0	10	0	0	0	0	0	0	0	0	0	0	0	0	NO_QUALIFYING_HIT	NO_QUALIFYING_HIT	No BLAST hit passed all three quality thresholds.	
g16547.t1									0	7	0	0	0	0	0	0	0	0	0	0	0	0	NO_QUALIFYING_HIT	NO_QUALIFYING_HIT	No BLAST hit passed all three quality thresholds.	
g16549.t1									0	1	0	0	0	0	0	0	0	0	0	0	0	0	NO_QUALIFYING_HIT	NO_QUALIFYING_HIT	No BLAST hit passed all three quality thresholds.	
g16553.t1									0	1	0	0	0	0	0	0	0	0	0	0	0	0	NO_QUALIFYING_HIT	NO_QUALIFYING_HIT	No BLAST hit passed all three quality thresholds.	
g16568.t1									0	1	0	0	0	0	0	0	0	0	0	0	0	0	NO_QUALIFYING_HIT	NO_QUALIFYING_HIT	No BLAST hit passed all three quality thresholds.	
g16571.t1									0	2	0	0	0	0	0	0	0	0	0	0	0	0	NO_QUALIFYING_HIT	NO_QUALIFYING_HIT	No BLAST hit passed all three quality thresholds.	
g16578.t1									0	4	0	0	0	0	0	0	0	0	0	0	0	0	NO_QUALIFYING_HIT	NO_QUALIFYING_HIT	No BLAST hit passed all three quality thresholds.	
g16579.t1									0	10	0	0	0	0	0	0	0	0	0	0	0	0	NO_QUALIFYING_HIT	NO_QUALIFYING_HIT	No BLAST hit passed all three quality thresholds.	
g16587.t1									0	3	0	0	0	0	0	0	0	0	0	0	0	0	NO_QUALIFYING_HIT	NO_QUALIFYING_HIT	No BLAST hit passed all three quality thresholds.	
g16588.t1									0	6	0	0	0	0	0	0	0	0	0	0	0	0	NO_QUALIFYING_HIT	NO_QUALIFYING_HIT	No BLAST hit passed all three quality thresholds.	
g16589.t1									0	1	0	0	0	0	0	0	0	0	0	0	0	0	NO_QUALIFYING_HIT	NO_QUALIFYING_HIT	No BLAST hit passed all three quality thresholds.	
g16596.t1									0	10	0	0	0	0	0	0	0	0	0	0	0	0	NO_QUALIFYING_HIT	NO_QUALIFYING_HIT	No BLAST hit passed all three quality thresholds.	
g16609.t1									0	6	0	0	0	0	0	0	0	0	0	0	0	0	NO_QUALIFYING_HIT	NO_QUALIFYING_HIT	No BLAST hit passed all three quality thresholds.	
g16611.t1									0	10	0	0	0	0	0	0	0	0	0	0	0	0	NO_QUALIFYING_HIT	NO_QUALIFYING_HIT	No BLAST hit passed all three quality thresholds.	
g16613.t1									0	2	0	0	0	0	0	0	0	0	0	0	0	0	NO_QUALIFYING_HIT	NO_QUALIFYING_HIT	No BLAST hit passed all three quality thresholds.	
g16619.t1									0	1	0	0	0	0	0	0	0	0	0	0	0	0	NO_QUALIFYING_HIT	NO_QUALIFYING_HIT	No BLAST hit passed all three quality thresholds.	
g16620.t1									0	9	0	0	0	0	0	0	0	0	0	0	0	0	NO_QUALIFYING_HIT	NO_QUALIFYING_HIT	No BLAST hit passed all three quality thresholds.	
g16622.t1									0	10	0	0	0	0	0	0	0	0	0	0	0	0	NO_QUALIFYING_HIT	NO_QUALIFYING_HIT	No BLAST hit passed all three quality thresholds.	
g16626.t1									0	29	0	0	0	0	0	0	0	0	0	0	0	0	NO_QUALIFYING_HIT	NO_QUALIFYING_HIT	No BLAST hit passed all three quality thresholds.	
g16627.t1									0	10	0	0	0	0	0	0	0	0	0	0	0	0	NO_QUALIFYING_HIT	NO_QUALIFYING_HIT	No BLAST hit passed all three quality thresholds.	
g16628.t1									0	6	0	0	0	0	0	0	0	0	0	0	0	0	NO_QUALIFYING_HIT	NO_QUALIFYING_HIT	No BLAST hit passed all three quality thresholds.	
g16629.t1									0	1	0	0	0	0	0	0	0	0	0	0	0	0	NO_QUALIFYING_HIT	NO_QUALIFYING_HIT	No BLAST hit passed all three quality thresholds.	
g16630.t1									0	2	0	0	0	0	0	0	0	0	0	0	0	0	NO_QUALIFYING_HIT	NO_QUALIFYING_HIT	No BLAST hit passed all three quality thresholds.	
g16635.t1									0	2	0	0	0	0	0	0	0	0	0	0	0	0	NO_QUALIFYING_HIT	NO_QUALIFYING_HIT	No BLAST hit passed all three quality thresholds.	
g16637.t2									0	8	0	0	0	0	0	0	0	0	0	0	0	0	NO_QUALIFYING_HIT	NO_QUALIFYING_HIT	No BLAST hit passed all three quality thresholds.	
g16639.t1									0	1	0	0	0	0	0	0	0	0	0	0	0	0	NO_QUALIFYING_HIT	NO_QUALIFYING_HIT	No BLAST hit passed all three quality thresholds.	
g16645.t1									0	10	0	0	0	0	0	0	0	0	0	0	0	0	NO_QUALIFYING_HIT	NO_QUALIFYING_HIT	No BLAST hit passed all three quality thresholds.	
g16648.t1									0	10	0	0	0	0	0	0	0	0	0	0	0	0	NO_QUALIFYING_HIT	NO_QUALIFYING_HIT	No BLAST hit passed all three quality thresholds.	
g16651.t1									0	10	0	0	0	0	0	0	0	0	0	0	0	0	NO_QUALIFYING_HIT	NO_QUALIFYING_HIT	No BLAST hit passed all three quality thresholds.	
g16652.t1									0	4	0	0	0	0	0	0	0	0	0	0	0	0	NO_QUALIFYING_HIT	NO_QUALIFYING_HIT	No BLAST hit passed all three quality thresholds.	
g16662.t1									0	10	0	0	0	0	0	0	0	0	0	0	0	0	NO_QUALIFYING_HIT	NO_QUALIFYING_HIT	No BLAST hit passed all three quality thresholds.	
g16664.t1									0	10	0	0	0	0	0	0	0	0	0	0	0	0	NO_QUALIFYING_HIT	NO_QUALIFYING_HIT	No BLAST hit passed all three quality thresholds.	
g16665.t1									0	10	0	0	0	0	0	0	0	0	0	0	0	0	NO_QUALIFYING_HIT	NO_QUALIFYING_HIT	No BLAST hit passed all three quality thresholds.	
g16666.t1									0	3	0	0	0	0	0	0	0	0	0	0	0	0	NO_QUALIFYING_HIT	NO_QUALIFYING_HIT	No BLAST hit passed all three quality thresholds.	
g16675.t1									0	3	0	0	0	0	0	0	0	0	0	0	0	0	NO_QUALIFYING_HIT	NO_QUALIFYING_HIT	No BLAST hit passed all three quality thresholds.	
g16676.t1									0	3	0	0	0	0	0	0	0	0	0	0	0	0	NO_QUALIFYING_HIT	NO_QUALIFYING_HIT	No BLAST hit passed all three quality thresholds.	
g16677.t1									0	2	0	0	0	0	0	0	0	0	0	0	0	0	NO_QUALIFYING_HIT	NO_QUALIFYING_HIT	No BLAST hit passed all three quality thresholds.	
g16678.t1									0	4	0	0	0	0	0	0	0	0	0	0	0	0	NO_QUALIFYING_HIT	NO_QUALIFYING_HIT	No BLAST hit passed all three quality thresholds.	
g16679.t1									0	5	0	0	0	0	0	0	0	0	0	0	0	0	NO_QUALIFYING_HIT	NO_QUALIFYING_HIT	No BLAST hit passed all three quality thresholds.	
g16680.t1									0	3	0	0	0	0	0	0	0	0	0	0	0	0	NO_QUALIFYING_HIT	NO_QUALIFYING_HIT	No BLAST hit passed all three quality thresholds.	
g16683.t1									0	3	0	0	0	0	0	0	0	0	0	0	0	0	NO_QUALIFYING_HIT	NO_QUALIFYING_HIT	No BLAST hit passed all three quality thresholds.	
g16684.t1									0	1	0	0	0	0	0	0	0	0	0	0	0	0	NO_QUALIFYING_HIT	NO_QUALIFYING_HIT	No BLAST hit passed all three quality thresholds.	
g16687.t1									0	2	0	0	0	0	0	0	0	0	0	0	0	0	NO_QUALIFYING_HIT	NO_QUALIFYING_HIT	No BLAST hit passed all three quality thresholds.	
g16692.t1									0	10	0	0	0	0	0	0	0	0	0	0	0	0	NO_QUALIFYING_HIT	NO_QUALIFYING_HIT	No BLAST hit passed all three quality thresholds.	
g16693.t1									0	5	0	0	0	0	0	0	0	0	0	0	0	0	NO_QUALIFYING_HIT	NO_QUALIFYING_HIT	No BLAST hit passed all three quality thresholds.	
g16697.t1									0	10	0	0	0	0	0	0	0	0	0	0	0	0	NO_QUALIFYING_HIT	NO_QUALIFYING_HIT	No BLAST hit passed all three quality thresholds.	
g16709.t3									0	10	0	0	0	0	0	0	0	0	0	0	0	0	NO_QUALIFYING_HIT	NO_QUALIFYING_HIT	No BLAST hit passed all three quality thresholds.	
g16710.t1									0	10	0	0	0	0	0	0	0	0	0	0	0	0	NO_QUALIFYING_HIT	NO_QUALIFYING_HIT	No BLAST hit passed all three quality thresholds.	
g16720.t1									0	2	0	0	0	0	0	0	0	0	0	0	0	0	NO_QUALIFYING_HIT	NO_QUALIFYING_HIT	No BLAST hit passed all three quality thresholds.	
g16723.t1									0	3	0	0	0	0	0	0	0	0	0	0	0	0	NO_QUALIFYING_HIT	NO_QUALIFYING_HIT	No BLAST hit passed all three quality thresholds.	
g16731.t1									0	1	0	0	0	0	0	0	0	0	0	0	0	0	NO_QUALIFYING_HIT	NO_QUALIFYING_HIT	No BLAST hit passed all three quality thresholds.	
g16732.t1									0	4	0	0	0	0	0	0	0	0	0	0	0	0	NO_QUALIFYING_HIT	NO_QUALIFYING_HIT	No BLAST hit passed all three quality thresholds.	
g16733.t1									0	2	0	0	0	0	0	0	0	0	0	0	0	0	NO_QUALIFYING_HIT	NO_QUALIFYING_HIT	No BLAST hit passed all three quality thresholds.	
g16741.t1									0	10	0	0	0	0	0	0	0	0	0	0	0	0	NO_QUALIFYING_HIT	NO_QUALIFYING_HIT	No BLAST hit passed all three quality thresholds.	
g16751.t1									0	10	0	0	0	0	0	0	0	0	0	0	0	0	NO_QUALIFYING_HIT	NO_QUALIFYING_HIT	No BLAST hit passed all three quality thresholds.	
g16758.t2									0	2	0	0	0	0	0	0	0	0	0	0	0	0	NO_QUALIFYING_HIT	NO_QUALIFYING_HIT	No BLAST hit passed all three quality thresholds.	
g16760.t1									0	3	0	0	0	0	0	0	0	0	0	0	0	0	NO_QUALIFYING_HIT	NO_QUALIFYING_HIT	No BLAST hit passed all three quality thresholds.	
g16762.t1									0	8	0	0	0	0	0	0	0	0	0	0	0	0	NO_QUALIFYING_HIT	NO_QUALIFYING_HIT	No BLAST hit passed all three quality thresholds.	
g16763.t1									0	5	0	0	0	0	0	0	0	0	0	0	0	0	NO_QUALIFYING_HIT	NO_QUALIFYING_HIT	No BLAST hit passed all three quality thresholds.	
g16764.t1									0	1	0	0	0	0	0	0	0	0	0	0	0	0	NO_QUALIFYING_HIT	NO_QUALIFYING_HIT	No BLAST hit passed all three quality thresholds.	
g16765.t1									0	3	0	0	0	0	0	0	0	0	0	0	0	0	NO_QUALIFYING_HIT	NO_QUALIFYING_HIT	No BLAST hit passed all three quality thresholds.	
g16766.t1									0	10	0	0	0	0	0	0	0	0	0	0	0	0	NO_QUALIFYING_HIT	NO_QUALIFYING_HIT	No BLAST hit passed all three quality thresholds.	
g16767.t1									0	7	0	0	0	0	0	0	0	0	0	0	0	0	NO_QUALIFYING_HIT	NO_QUALIFYING_HIT	No BLAST hit passed all three quality thresholds.	
g16769.t1									0	10	0	0	0	0	0	0	0	0	0	0	0	0	NO_QUALIFYING_HIT	NO_QUALIFYING_HIT	No BLAST hit passed all three quality thresholds.	
g16770.t1									0	6	0	0	0	0	0	0	0	0	0	0	0	0	NO_QUALIFYING_HIT	NO_QUALIFYING_HIT	No BLAST hit passed all three quality thresholds.	
g16771.t1									0	3	0	0	0	0	0	0	0	0	0	0	0	0	NO_QUALIFYING_HIT	NO_QUALIFYING_HIT	No BLAST hit passed all three quality thresholds.	
g16772.t1									0	10	0	0	0	0	0	0	0	0	0	0	0	0	NO_QUALIFYING_HIT	NO_QUALIFYING_HIT	No BLAST hit passed all three quality thresholds.	
g16773.t1									0	3	0	0	0	0	0	0	0	0	0	0	0	0	NO_QUALIFYING_HIT	NO_QUALIFYING_HIT	No BLAST hit passed all three quality thresholds.	
g16774.t1									0	7	0	0	0	0	0	0	0	0	0	0	0	0	NO_QUALIFYING_HIT	NO_QUALIFYING_HIT	No BLAST hit passed all three quality thresholds.	
g16775.t1									0	5	0	0	0	0	0	0	0	0	0	0	0	0	NO_QUALIFYING_HIT	NO_QUALIFYING_HIT	No BLAST hit passed all three quality thresholds.	
g16776.t1									0	3	0	0	0	0	0	0	0	0	0	0	0	0	NO_QUALIFYING_HIT	NO_QUALIFYING_HIT	No BLAST hit passed all three quality thresholds.	
g16777.t1									0	3	0	0	0	0	0	0	0	0	0	0	0	0	NO_QUALIFYING_HIT	NO_QUALIFYING_HIT	No BLAST hit passed all three quality thresholds.	
g16778.t1									0	1	0	0	0	0	0	0	0	0	0	0	0	0	NO_QUALIFYING_HIT	NO_QUALIFYING_HIT	No BLAST hit passed all three quality thresholds.	
g16779.t1									0	10	0	0	0	0	0	0	0	0	0	0	0	0	NO_QUALIFYING_HIT	NO_QUALIFYING_HIT	No BLAST hit passed all three quality thresholds.	
g16780.t1									0	13	0	0	0	0	0	0	0	0	0	0	0	0	NO_QUALIFYING_HIT	NO_QUALIFYING_HIT	No BLAST hit passed all three quality thresholds.	
g16781.t1									0	3	0	0	0	0	0	0	0	0	0	0	0	0	NO_QUALIFYING_HIT	NO_QUALIFYING_HIT	No BLAST hit passed all three quality thresholds.	
g16782.t1									0	10	0	0	0	0	0	0	0	0	0	0	0	0	NO_QUALIFYING_HIT	NO_QUALIFYING_HIT	No BLAST hit passed all three quality thresholds.	
g16783.t1									0	1	0	0	0	0	0	0	0	0	0	0	0	0	NO_QUALIFYING_HIT	NO_QUALIFYING_HIT	No BLAST hit passed all three quality thresholds.	
g16785.t1									0	10	0	0	0	0	0	0	0	0	0	0	0	0	NO_QUALIFYING_HIT	NO_QUALIFYING_HIT	No BLAST hit passed all three quality thresholds.	
g16803.t1									0	8	0	0	0	0	0	0	0	0	0	0	0	0	NO_QUALIFYING_HIT	NO_QUALIFYING_HIT	No BLAST hit passed all three quality thresholds.	
g16807.t1									0	11	0	0	0	0	0	0	0	0	0	0	0	0	NO_QUALIFYING_HIT	NO_QUALIFYING_HIT	No BLAST hit passed all three quality thresholds.	
g16818.t1									0	4	0	0	0	0	0	0	0	0	0	0	0	0	NO_QUALIFYING_HIT	NO_QUALIFYING_HIT	No BLAST hit passed all three quality thresholds.	
g16826.t1									0	5	0	0	0	0	0	0	0	0	0	0	0	0	NO_QUALIFYING_HIT	NO_QUALIFYING_HIT	No BLAST hit passed all three quality thresholds.	
g16836.t1									0	10	0	0	0	0	0	0	0	0	0	0	0	0	NO_QUALIFYING_HIT	NO_QUALIFYING_HIT	No BLAST hit passed all three quality thresholds.	
g16837.t1									0	10	0	0	0	0	0	0	0	0	0	0	0	0	NO_QUALIFYING_HIT	NO_QUALIFYING_HIT	No BLAST hit passed all three quality thresholds.	
g16850.t1									0	7	0	0	0	0	0	0	0	0	0	0	0	0	NO_QUALIFYING_HIT	NO_QUALIFYING_HIT	No BLAST hit passed all three quality thresholds.	
g16855.t1									0	10	0	0	0	0	0	0	0	0	0	0	0	0	NO_QUALIFYING_HIT	NO_QUALIFYING_HIT	No BLAST hit passed all three quality thresholds.	
g16857.t1									0	4	0	0	0	0	0	0	0	0	0	0	0	0	NO_QUALIFYING_HIT	NO_QUALIFYING_HIT	No BLAST hit passed all three quality thresholds.	
g16858.t1									0	10	0	0	0	0	0	0	0	0	0	0	0	0	NO_QUALIFYING_HIT	NO_QUALIFYING_HIT	No BLAST hit passed all three quality thresholds.	
g16862.t1									0	8	0	0	0	0	0	0	0	0	0	0	0	0	NO_QUALIFYING_HIT	NO_QUALIFYING_HIT	No BLAST hit passed all three quality thresholds.	
g16866.t1									0	12	0	0	0	0	0	0	0	0	0	0	0	0	NO_QUALIFYING_HIT	NO_QUALIFYING_HIT	No BLAST hit passed all three quality thresholds.	
g16871.t1									0	8	0	0	0	0	0	0	0	0	0	0	0	0	NO_QUALIFYING_HIT	NO_QUALIFYING_HIT	No BLAST hit passed all three quality thresholds.	
g16874.t1									0	4	0	0	0	0	0	0	0	0	0	0	0	0	NO_QUALIFYING_HIT	NO_QUALIFYING_HIT	No BLAST hit passed all three quality thresholds.	
g16876.t1									0	10	0	0	0	0	0	0	0	0	0	0	0	0	NO_QUALIFYING_HIT	NO_QUALIFYING_HIT	No BLAST hit passed all three quality thresholds.	
g16878.t1									0	1	0	0	0	0	0	0	0	0	0	0	0	0	NO_QUALIFYING_HIT	NO_QUALIFYING_HIT	No BLAST hit passed all three quality thresholds.	
g16892.t1									0	5	0	0	0	0	0	0	0	0	0	0	0	0	NO_QUALIFYING_HIT	NO_QUALIFYING_HIT	No BLAST hit passed all three quality thresholds.	
g16900.t1									0	2	0	0	0	0	0	0	0	0	0	0	0	0	NO_QUALIFYING_HIT	NO_QUALIFYING_HIT	No BLAST hit passed all three quality thresholds.	
g16904.t1									0	8	0	0	0	0	0	0	0	0	0	0	0	0	NO_QUALIFYING_HIT	NO_QUALIFYING_HIT	No BLAST hit passed all three quality thresholds.	
g16905.t1									0	4	0	0	0	0	0	0	0	0	0	0	0	0	NO_QUALIFYING_HIT	NO_QUALIFYING_HIT	No BLAST hit passed all three quality thresholds.	
g16906.t1									0	3	0	0	0	0	0	0	0	0	0	0	0	0	NO_QUALIFYING_HIT	NO_QUALIFYING_HIT	No BLAST hit passed all three quality thresholds.	
g16907.t1									0	1	0	0	0	0	0	0	0	0	0	0	0	0	NO_QUALIFYING_HIT	NO_QUALIFYING_HIT	No BLAST hit passed all three quality thresholds.	
g16908.t1									0	2	0	0	0	0	0	0	0	0	0	0	0	0	NO_QUALIFYING_HIT	NO_QUALIFYING_HIT	No BLAST hit passed all three quality thresholds.	
g16914.t1									0	5	0	0	0	0	0	0	0	0	0	0	0	0	NO_QUALIFYING_HIT	NO_QUALIFYING_HIT	No BLAST hit passed all three quality thresholds.	
g16918.t1									0	5	0	0	0	0	0	0	0	0	0	0	0	0	NO_QUALIFYING_HIT	NO_QUALIFYING_HIT	No BLAST hit passed all three quality thresholds.	
g16920.t1									0	6	0	0	0	0	0	0	0	0	0	0	0	0	NO_QUALIFYING_HIT	NO_QUALIFYING_HIT	No BLAST hit passed all three quality thresholds.	
g16922.t1									0	5	0	0	0	0	0	0	0	0	0	0	0	0	NO_QUALIFYING_HIT	NO_QUALIFYING_HIT	No BLAST hit passed all three quality thresholds.	
g16923.t1									0	5	0	0	0	0	0	0	0	0	0	0	0	0	NO_QUALIFYING_HIT	NO_QUALIFYING_HIT	No BLAST hit passed all three quality thresholds.	
g16935.t1									0	7	0	0	0	0	0	0	0	0	0	0	0	0	NO_QUALIFYING_HIT	NO_QUALIFYING_HIT	No BLAST hit passed all three quality thresholds.	
g16937.t1									0	10	0	0	0	0	0	0	0	0	0	0	0	0	NO_QUALIFYING_HIT	NO_QUALIFYING_HIT	No BLAST hit passed all three quality thresholds.	
g16951.t1									0	8	0	0	0	0	0	0	0	0	0	0	0	0	NO_QUALIFYING_HIT	NO_QUALIFYING_HIT	No BLAST hit passed all three quality thresholds.	
g16952.t1									0	3	0	0	0	0	0	0	0	0	0	0	0	0	NO_QUALIFYING_HIT	NO_QUALIFYING_HIT	No BLAST hit passed all three quality thresholds.	
g16957.t1									0	3	0	0	0	0	0	0	0	0	0	0	0	0	NO_QUALIFYING_HIT	NO_QUALIFYING_HIT	No BLAST hit passed all three quality thresholds.	
g16965.t1									0	10	0	0	0	0	0	0	0	0	0	0	0	0	NO_QUALIFYING_HIT	NO_QUALIFYING_HIT	No BLAST hit passed all three quality thresholds.	
g16981.t1									0	10	0	0	0	0	0	0	0	0	0	0	0	0	NO_QUALIFYING_HIT	NO_QUALIFYING_HIT	No BLAST hit passed all three quality thresholds.	
g16986.t1									0	6	0	0	0	0	0	0	0	0	0	0	0	0	NO_QUALIFYING_HIT	NO_QUALIFYING_HIT	No BLAST hit passed all three quality thresholds.	
g16997.t1									0	2	0	0	0	0	0	0	0	0	0	0	0	0	NO_QUALIFYING_HIT	NO_QUALIFYING_HIT	No BLAST hit passed all three quality thresholds.	
g17003.t1									0	10	0	0	0	0	0	0	0	0	0	0	0	0	NO_QUALIFYING_HIT	NO_QUALIFYING_HIT	No BLAST hit passed all three quality thresholds.	
g17006.t1									0	3	0	0	0	0	0	0	0	0	0	0	0	0	NO_QUALIFYING_HIT	NO_QUALIFYING_HIT	No BLAST hit passed all three quality thresholds.	
g17008.t1									0	3	0	0	0	0	0	0	0	0	0	0	0	0	NO_QUALIFYING_HIT	NO_QUALIFYING_HIT	No BLAST hit passed all three quality thresholds.	
g17009.t1									0	7	0	0	0	0	0	0	0	0	0	0	0	0	NO_QUALIFYING_HIT	NO_QUALIFYING_HIT	No BLAST hit passed all three quality thresholds.	
g17012.t1									0	10	0	0	0	0	0	0	0	0	0	0	0	0	NO_QUALIFYING_HIT	NO_QUALIFYING_HIT	No BLAST hit passed all three quality thresholds.	
g17015.t1									0	29	0	0	0	0	0	0	0	0	0	0	0	0	NO_QUALIFYING_HIT	NO_QUALIFYING_HIT	No BLAST hit passed all three quality thresholds.	
g17019.t1									0	1	0	0	0	0	0	0	0	0	0	0	0	0	NO_QUALIFYING_HIT	NO_QUALIFYING_HIT	No BLAST hit passed all three quality thresholds.	
g17020.t1									0	10	0	0	0	0	0	0	0	0	0	0	0	0	NO_QUALIFYING_HIT	NO_QUALIFYING_HIT	No BLAST hit passed all three quality thresholds.	
g17021.t1									0	1	0	0	0	0	0	0	0	0	0	0	0	0	NO_QUALIFYING_HIT	NO_QUALIFYING_HIT	No BLAST hit passed all three quality thresholds.	
g17023.t1									0	10	0	0	0	0	0	0	0	0	0	0	0	0	NO_QUALIFYING_HIT	NO_QUALIFYING_HIT	No BLAST hit passed all three quality thresholds.	
g17025.t1									0	4	0	0	0	0	0	0	0	0	0	0	0	0	NO_QUALIFYING_HIT	NO_QUALIFYING_HIT	No BLAST hit passed all three quality thresholds.	
g17039.t1									0	10	0	0	0	0	0	0	0	0	0	0	0	0	NO_QUALIFYING_HIT	NO_QUALIFYING_HIT	No BLAST hit passed all three quality thresholds.	
g17044.t1									0	3	0	0	0	0	0	0	0	0	0	0	0	0	NO_QUALIFYING_HIT	NO_QUALIFYING_HIT	No BLAST hit passed all three quality thresholds.	
g17046.t1									0	1	0	0	0	0	0	0	0	0	0	0	0	0	NO_QUALIFYING_HIT	NO_QUALIFYING_HIT	No BLAST hit passed all three quality thresholds.	
g17047.t1									0	10	0	0	0	0	0	0	0	0	0	0	0	0	NO_QUALIFYING_HIT	NO_QUALIFYING_HIT	No BLAST hit passed all three quality thresholds.	
g17049.t1									0	10	0	0	0	0	0	0	0	0	0	0	0	0	NO_QUALIFYING_HIT	NO_QUALIFYING_HIT	No BLAST hit passed all three quality thresholds.	
g17051.t1									0	1	0	0	0	0	0	0	0	0	0	0	0	0	NO_QUALIFYING_HIT	NO_QUALIFYING_HIT	No BLAST hit passed all three quality thresholds.	
g17057.t1									0	7	0	0	0	0	0	0	0	0	0	0	0	0	NO_QUALIFYING_HIT	NO_QUALIFYING_HIT	No BLAST hit passed all three quality thresholds.	
g17058.t1									0	2	0	0	0	0	0	0	0	0	0	0	0	0	NO_QUALIFYING_HIT	NO_QUALIFYING_HIT	No BLAST hit passed all three quality thresholds.	
g17059.t1									0	2	0	0	0	0	0	0	0	0	0	0	0	0	NO_QUALIFYING_HIT	NO_QUALIFYING_HIT	No BLAST hit passed all three quality thresholds.	
g17064.t1									0	6	0	0	0	0	0	0	0	0	0	0	0	0	NO_QUALIFYING_HIT	NO_QUALIFYING_HIT	No BLAST hit passed all three quality thresholds.	
g17071.t1									0	3	0	0	0	0	0	0	0	0	0	0	0	0	NO_QUALIFYING_HIT	NO_QUALIFYING_HIT	No BLAST hit passed all three quality thresholds.	
g17074.t1									0	6	0	0	0	0	0	0	0	0	0	0	0	0	NO_QUALIFYING_HIT	NO_QUALIFYING_HIT	No BLAST hit passed all three quality thresholds.	
g17076.t1									0	6	0	0	0	0	0	0	0	0	0	0	0	0	NO_QUALIFYING_HIT	NO_QUALIFYING_HIT	No BLAST hit passed all three quality thresholds.	
g17078.t1									0	10	0	0	0	0	0	0	0	0	0	0	0	0	NO_QUALIFYING_HIT	NO_QUALIFYING_HIT	No BLAST hit passed all three quality thresholds.	
g17086.t1									0	1	0	0	0	0	0	0	0	0	0	0	0	0	NO_QUALIFYING_HIT	NO_QUALIFYING_HIT	No BLAST hit passed all three quality thresholds.	
g17087.t1									0	6	0	0	0	0	0	0	0	0	0	0	0	0	NO_QUALIFYING_HIT	NO_QUALIFYING_HIT	No BLAST hit passed all three quality thresholds.	
g17088.t1									0	7	0	0	0	0	0	0	0	0	0	0	0	0	NO_QUALIFYING_HIT	NO_QUALIFYING_HIT	No BLAST hit passed all three quality thresholds.	
g17090.t1									0	10	0	0	0	0	0	0	0	0	0	0	0	0	NO_QUALIFYING_HIT	NO_QUALIFYING_HIT	No BLAST hit passed all three quality thresholds.	
g17092.t1									0	1	0	0	0	0	0	0	0	0	0	0	0	0	NO_QUALIFYING_HIT	NO_QUALIFYING_HIT	No BLAST hit passed all three quality thresholds.	
g17099.t1									0	10	0	0	0	0	0	0	0	0	0	0	0	0	NO_QUALIFYING_HIT	NO_QUALIFYING_HIT	No BLAST hit passed all three quality thresholds.	
g17100.t1									0	2	0	0	0	0	0	0	0	0	0	0	0	0	NO_QUALIFYING_HIT	NO_QUALIFYING_HIT	No BLAST hit passed all three quality thresholds.	
g17103.t1									0	10	0	0	0	0	0	0	0	0	0	0	0	0	NO_QUALIFYING_HIT	NO_QUALIFYING_HIT	No BLAST hit passed all three quality thresholds.	
g17105.t1									0	10	0	0	0	0	0	0	0	0	0	0	0	0	NO_QUALIFYING_HIT	NO_QUALIFYING_HIT	No BLAST hit passed all three quality thresholds.	
g17108.t1									0	1	0	0	0	0	0	0	0	0	0	0	0	0	NO_QUALIFYING_HIT	NO_QUALIFYING_HIT	No BLAST hit passed all three quality thresholds.	
g17109.t1									0	2	0	0	0	0	0	0	0	0	0	0	0	0	NO_QUALIFYING_HIT	NO_QUALIFYING_HIT	No BLAST hit passed all three quality thresholds.	
g17111.t1									0	2	0	0	0	0	0	0	0	0	0	0	0	0	NO_QUALIFYING_HIT	NO_QUALIFYING_HIT	No BLAST hit passed all three quality thresholds.	
g17112.t1									0	17	0	0	0	0	0	0	0	0	0	0	0	0	NO_QUALIFYING_HIT	NO_QUALIFYING_HIT	No BLAST hit passed all three quality thresholds.	
g17113.t1									0	7	0	0	0	0	0	0	0	0	0	0	0	0	NO_QUALIFYING_HIT	NO_QUALIFYING_HIT	No BLAST hit passed all three quality thresholds.	
g17114.t2									0	10	0	0	0	0	0	0	0	0	0	0	0	0	NO_QUALIFYING_HIT	NO_QUALIFYING_HIT	No BLAST hit passed all three quality thresholds.	
g17118.t1									0	5	0	0	0	0	0	0	0	0	0	0	0	0	NO_QUALIFYING_HIT	NO_QUALIFYING_HIT	No BLAST hit passed all three quality thresholds.	
g17120.t1									0	10	0	0	0	0	0	0	0	0	0	0	0	0	NO_QUALIFYING_HIT	NO_QUALIFYING_HIT	No BLAST hit passed all three quality thresholds.	
g17122.t1									0	4	0	0	0	0	0	0	0	0	0	0	0	0	NO_QUALIFYING_HIT	NO_QUALIFYING_HIT	No BLAST hit passed all three quality thresholds.	
g17123.t1									0	2	0	0	0	0	0	0	0	0	0	0	0	0	NO_QUALIFYING_HIT	NO_QUALIFYING_HIT	No BLAST hit passed all three quality thresholds.	
g17129.t1									0	10	0	0	0	0	0	0	0	0	0	0	0	0	NO_QUALIFYING_HIT	NO_QUALIFYING_HIT	No BLAST hit passed all three quality thresholds.	
g17131.t1									0	5	0	0	0	0	0	0	0	0	0	0	0	0	NO_QUALIFYING_HIT	NO_QUALIFYING_HIT	No BLAST hit passed all three quality thresholds.	
g17155.t1									0	4	0	0	0	0	0	0	0	0	0	0	0	0	NO_QUALIFYING_HIT	NO_QUALIFYING_HIT	No BLAST hit passed all three quality thresholds.	
g17156.t1									0	2	0	0	0	0	0	0	0	0	0	0	0	0	NO_QUALIFYING_HIT	NO_QUALIFYING_HIT	No BLAST hit passed all three quality thresholds.	
g17157.t1									0	10	0	0	0	0	0	0	0	0	0	0	0	0	NO_QUALIFYING_HIT	NO_QUALIFYING_HIT	No BLAST hit passed all three quality thresholds.	
g17158.t1									0	8	0	0	0	0	0	0	0	0	0	0	0	0	NO_QUALIFYING_HIT	NO_QUALIFYING_HIT	No BLAST hit passed all three quality thresholds.	
g17159.t1									0	4	0	0	0	0	0	0	0	0	0	0	0	0	NO_QUALIFYING_HIT	NO_QUALIFYING_HIT	No BLAST hit passed all three quality thresholds.	
g17160.t1									0	10	0	0	0	0	0	0	0	0	0	0	0	0	NO_QUALIFYING_HIT	NO_QUALIFYING_HIT	No BLAST hit passed all three quality thresholds.	
g17161.t1									0	2	0	0	0	0	0	0	0	0	0	0	0	0	NO_QUALIFYING_HIT	NO_QUALIFYING_HIT	No BLAST hit passed all three quality thresholds.	
g17162.t1									0	1	0	0	0	0	0	0	0	0	0	0	0	0	NO_QUALIFYING_HIT	NO_QUALIFYING_HIT	No BLAST hit passed all three quality thresholds.	
g17163.t1									0	6	0	0	0	0	0	0	0	0	0	0	0	0	NO_QUALIFYING_HIT	NO_QUALIFYING_HIT	No BLAST hit passed all three quality thresholds.	
g17174.t1									0	4	0	0	0	0	0	0	0	0	0	0	0	0	NO_QUALIFYING_HIT	NO_QUALIFYING_HIT	No BLAST hit passed all three quality thresholds.	
g17177.t1									0	4	0	0	0	0	0	0	0	0	0	0	0	0	NO_QUALIFYING_HIT	NO_QUALIFYING_HIT	No BLAST hit passed all three quality thresholds.	
g17178.t1									0	1	0	0	0	0	0	0	0	0	0	0	0	0	NO_QUALIFYING_HIT	NO_QUALIFYING_HIT	No BLAST hit passed all three quality thresholds.	
g17179.t1									0	5	0	0	0	0	0	0	0	0	0	0	0	0	NO_QUALIFYING_HIT	NO_QUALIFYING_HIT	No BLAST hit passed all three quality thresholds.	
g17180.t1									0	2	0	0	0	0	0	0	0	0	0	0	0	0	NO_QUALIFYING_HIT	NO_QUALIFYING_HIT	No BLAST hit passed all three quality thresholds.	
g17182.t1									0	3	0	0	0	0	0	0	0	0	0	0	0	0	NO_QUALIFYING_HIT	NO_QUALIFYING_HIT	No BLAST hit passed all three quality thresholds.	
g17186.t1									0	11	0	0	0	0	0	0	0	0	0	0	0	0	NO_QUALIFYING_HIT	NO_QUALIFYING_HIT	No BLAST hit passed all three quality thresholds.	
g17189.t1									0	1	0	0	0	0	0	0	0	0	0	0	0	0	NO_QUALIFYING_HIT	NO_QUALIFYING_HIT	No BLAST hit passed all three quality thresholds.	
g17197.t1									0	10	0	0	0	0	0	0	0	0	0	0	0	0	NO_QUALIFYING_HIT	NO_QUALIFYING_HIT	No BLAST hit passed all three quality thresholds.	
g17206.t1									0	10	0	0	0	0	0	0	0	0	0	0	0	0	NO_QUALIFYING_HIT	NO_QUALIFYING_HIT	No BLAST hit passed all three quality thresholds.	
g17208.t1									0	6	0	0	0	0	0	0	0	0	0	0	0	0	NO_QUALIFYING_HIT	NO_QUALIFYING_HIT	No BLAST hit passed all three quality thresholds.	
g17209.t1									0	4	0	0	0	0	0	0	0	0	0	0	0	0	NO_QUALIFYING_HIT	NO_QUALIFYING_HIT	No BLAST hit passed all three quality thresholds.	
g17216.t1									0	1	0	0	0	0	0	0	0	0	0	0	0	0	NO_QUALIFYING_HIT	NO_QUALIFYING_HIT	No BLAST hit passed all three quality thresholds.	
g17238.t1									0	10	0	0	0	0	0	0	0	0	0	0	0	0	NO_QUALIFYING_HIT	NO_QUALIFYING_HIT	No BLAST hit passed all three quality thresholds.	
g17239.t1									0	7	0	0	0	0	0	0	0	0	0	0	0	0	NO_QUALIFYING_HIT	NO_QUALIFYING_HIT	No BLAST hit passed all three quality thresholds.	
g17241.t1									0	3	0	0	0	0	0	0	0	0	0	0	0	0	NO_QUALIFYING_HIT	NO_QUALIFYING_HIT	No BLAST hit passed all three quality thresholds.	
g17246.t1									0	3	0	0	0	0	0	0	0	0	0	0	0	0	NO_QUALIFYING_HIT	NO_QUALIFYING_HIT	No BLAST hit passed all three quality thresholds.	
g17247.t1									0	10	0	0	0	0	0	0	0	0	0	0	0	0	NO_QUALIFYING_HIT	NO_QUALIFYING_HIT	No BLAST hit passed all three quality thresholds.	
g17248.t1									0	10	0	0	0	0	0	0	0	0	0	0	0	0	NO_QUALIFYING_HIT	NO_QUALIFYING_HIT	No BLAST hit passed all three quality thresholds.	
g17249.t1									0	3	0	0	0	0	0	0	0	0	0	0	0	0	NO_QUALIFYING_HIT	NO_QUALIFYING_HIT	No BLAST hit passed all three quality thresholds.	
g17251.t1									0	1	0	0	0	0	0	0	0	0	0	0	0	0	NO_QUALIFYING_HIT	NO_QUALIFYING_HIT	No BLAST hit passed all three quality thresholds.	
g17253.t1									0	10	0	0	0	0	0	0	0	0	0	0	0	0	NO_QUALIFYING_HIT	NO_QUALIFYING_HIT	No BLAST hit passed all three quality thresholds.	
g17254.t1									0	1	0	0	0	0	0	0	0	0	0	0	0	0	NO_QUALIFYING_HIT	NO_QUALIFYING_HIT	No BLAST hit passed all three quality thresholds.	
g17255.t1									0	1	0	0	0	0	0	0	0	0	0	0	0	0	NO_QUALIFYING_HIT	NO_QUALIFYING_HIT	No BLAST hit passed all three quality thresholds.	
g17260.t1									0	8	0	0	0	0	0	0	0	0	0	0	0	0	NO_QUALIFYING_HIT	NO_QUALIFYING_HIT	No BLAST hit passed all three quality thresholds.	
g17265.t1									0	10	0	0	0	0	0	0	0	0	0	0	0	0	NO_QUALIFYING_HIT	NO_QUALIFYING_HIT	No BLAST hit passed all three quality thresholds.	
g17266.t1									0	5	0	0	0	0	0	0	0	0	0	0	0	0	NO_QUALIFYING_HIT	NO_QUALIFYING_HIT	No BLAST hit passed all three quality thresholds.	
g17267.t1									0	2	0	0	0	0	0	0	0	0	0	0	0	0	NO_QUALIFYING_HIT	NO_QUALIFYING_HIT	No BLAST hit passed all three quality thresholds.	
g17268.t1									0	5	0	0	0	0	0	0	0	0	0	0	0	0	NO_QUALIFYING_HIT	NO_QUALIFYING_HIT	No BLAST hit passed all three quality thresholds.	
g17271.t1									0	6	0	0	0	0	0	0	0	0	0	0	0	0	NO_QUALIFYING_HIT	NO_QUALIFYING_HIT	No BLAST hit passed all three quality thresholds.	
g17279.t1									0	8	0	0	0	0	0	0	0	0	0	0	0	0	NO_QUALIFYING_HIT	NO_QUALIFYING_HIT	No BLAST hit passed all three quality thresholds.	
g17293.t1									0	3	0	0	0	0	0	0	0	0	0	0	0	0	NO_QUALIFYING_HIT	NO_QUALIFYING_HIT	No BLAST hit passed all three quality thresholds.	
g17295.t1									0	7	0	0	0	0	0	0	0	0	0	0	0	0	NO_QUALIFYING_HIT	NO_QUALIFYING_HIT	No BLAST hit passed all three quality thresholds.	
g17312.t1									0	6	0	0	0	0	0	0	0	0	0	0	0	0	NO_QUALIFYING_HIT	NO_QUALIFYING_HIT	No BLAST hit passed all three quality thresholds.	
g17313.t1									0	10	0	0	0	0	0	0	0	0	0	0	0	0	NO_QUALIFYING_HIT	NO_QUALIFYING_HIT	No BLAST hit passed all three quality thresholds.	
g17320.t1									0	8	0	0	0	0	0	0	0	0	0	0	0	0	NO_QUALIFYING_HIT	NO_QUALIFYING_HIT	No BLAST hit passed all three quality thresholds.	
g17322.t1									0	8	0	0	0	0	0	0	0	0	0	0	0	0	NO_QUALIFYING_HIT	NO_QUALIFYING_HIT	No BLAST hit passed all three quality thresholds.	
g17323.t1									0	2	0	0	0	0	0	0	0	0	0	0	0	0	NO_QUALIFYING_HIT	NO_QUALIFYING_HIT	No BLAST hit passed all three quality thresholds.	
g17324.t1									0	5	0	0	0	0	0	0	0	0	0	0	0	0	NO_QUALIFYING_HIT	NO_QUALIFYING_HIT	No BLAST hit passed all three quality thresholds.	
g17325.t1									0	10	0	0	0	0	0	0	0	0	0	0	0	0	NO_QUALIFYING_HIT	NO_QUALIFYING_HIT	No BLAST hit passed all three quality thresholds.	
g17326.t1									0	4	0	0	0	0	0	0	0	0	0	0	0	0	NO_QUALIFYING_HIT	NO_QUALIFYING_HIT	No BLAST hit passed all three quality thresholds.	
g17328.t1									0	2	0	0	0	0	0	0	0	0	0	0	0	0	NO_QUALIFYING_HIT	NO_QUALIFYING_HIT	No BLAST hit passed all three quality thresholds.	
g17345.t1									0	1	0	0	0	0	0	0	0	0	0	0	0	0	NO_QUALIFYING_HIT	NO_QUALIFYING_HIT	No BLAST hit passed all three quality thresholds.	
g17353.t1									0	10	0	0	0	0	0	0	0	0	0	0	0	0	NO_QUALIFYING_HIT	NO_QUALIFYING_HIT	No BLAST hit passed all three quality thresholds.	
g17365.t1									0	3	0	0	0	0	0	0	0	0	0	0	0	0	NO_QUALIFYING_HIT	NO_QUALIFYING_HIT	No BLAST hit passed all three quality thresholds.	
g17367.t1									0	5	0	0	0	0	0	0	0	0	0	0	0	0	NO_QUALIFYING_HIT	NO_QUALIFYING_HIT	No BLAST hit passed all three quality thresholds.	
g17368.t1									0	4	0	0	0	0	0	0	0	0	0	0	0	0	NO_QUALIFYING_HIT	NO_QUALIFYING_HIT	No BLAST hit passed all three quality thresholds.	
g17369.t1									0	10	0	0	0	0	0	0	0	0	0	0	0	0	NO_QUALIFYING_HIT	NO_QUALIFYING_HIT	No BLAST hit passed all three quality thresholds.	
g17373.t1									0	5	0	0	0	0	0	0	0	0	0	0	0	0	NO_QUALIFYING_HIT	NO_QUALIFYING_HIT	No BLAST hit passed all three quality thresholds.	
g17374.t1									0	3	0	0	0	0	0	0	0	0	0	0	0	0	NO_QUALIFYING_HIT	NO_QUALIFYING_HIT	No BLAST hit passed all three quality thresholds.	
g17382.t1									0	10	0	0	0	0	0	0	0	0	0	0	0	0	NO_QUALIFYING_HIT	NO_QUALIFYING_HIT	No BLAST hit passed all three quality thresholds.	
g17383.t1									0	10	0	0	0	0	0	0	0	0	0	0	0	0	NO_QUALIFYING_HIT	NO_QUALIFYING_HIT	No BLAST hit passed all three quality thresholds.	
g17384.t1									0	8	0	0	0	0	0	0	0	0	0	0	0	0	NO_QUALIFYING_HIT	NO_QUALIFYING_HIT	No BLAST hit passed all three quality thresholds.	
g17385.t1									0	10	0	0	0	0	0	0	0	0	0	0	0	0	NO_QUALIFYING_HIT	NO_QUALIFYING_HIT	No BLAST hit passed all three quality thresholds.	
g17386.t1									0	5	0	0	0	0	0	0	0	0	0	0	0	0	NO_QUALIFYING_HIT	NO_QUALIFYING_HIT	No BLAST hit passed all three quality thresholds.	
g17387.t1									0	8	0	0	0	0	0	0	0	0	0	0	0	0	NO_QUALIFYING_HIT	NO_QUALIFYING_HIT	No BLAST hit passed all three quality thresholds.	
g17392.t1									0	10	0	0	0	0	0	0	0	0	0	0	0	0	NO_QUALIFYING_HIT	NO_QUALIFYING_HIT	No BLAST hit passed all three quality thresholds.	
g17394.t1									0	10	0	0	0	0	0	0	0	0	0	0	0	0	NO_QUALIFYING_HIT	NO_QUALIFYING_HIT	No BLAST hit passed all three quality thresholds.	
g17399.t1									0	2	0	0	0	0	0	0	0	0	0	0	0	0	NO_QUALIFYING_HIT	NO_QUALIFYING_HIT	No BLAST hit passed all three quality thresholds.	
g17401.t1									0	7	0	0	0	0	0	0	0	0	0	0	0	0	NO_QUALIFYING_HIT	NO_QUALIFYING_HIT	No BLAST hit passed all three quality thresholds.	
g17408.t1									0	10	0	0	0	0	0	0	0	0	0	0	0	0	NO_QUALIFYING_HIT	NO_QUALIFYING_HIT	No BLAST hit passed all three quality thresholds.	
g17409.t1									0	10	0	0	0	0	0	0	0	0	0	0	0	0	NO_QUALIFYING_HIT	NO_QUALIFYING_HIT	No BLAST hit passed all three quality thresholds.	
g17410.t1									0	8	0	0	0	0	0	0	0	0	0	0	0	0	NO_QUALIFYING_HIT	NO_QUALIFYING_HIT	No BLAST hit passed all three quality thresholds.	
g17414.t1									0	1	0	0	0	0	0	0	0	0	0	0	0	0	NO_QUALIFYING_HIT	NO_QUALIFYING_HIT	No BLAST hit passed all three quality thresholds.	
g17415.t1									0	5	0	0	0	0	0	0	0	0	0	0	0	0	NO_QUALIFYING_HIT	NO_QUALIFYING_HIT	No BLAST hit passed all three quality thresholds.	
g17422.t2									0	6	0	0	0	0	0	0	0	0	0	0	0	0	NO_QUALIFYING_HIT	NO_QUALIFYING_HIT	No BLAST hit passed all three quality thresholds.	
g17423.t1									0	10	0	0	0	0	0	0	0	0	0	0	0	0	NO_QUALIFYING_HIT	NO_QUALIFYING_HIT	No BLAST hit passed all three quality thresholds.	
g17424.t1									0	3	0	0	0	0	0	0	0	0	0	0	0	0	NO_QUALIFYING_HIT	NO_QUALIFYING_HIT	No BLAST hit passed all three quality thresholds.	
g17430.t1									0	4	0	0	0	0	0	0	0	0	0	0	0	0	NO_QUALIFYING_HIT	NO_QUALIFYING_HIT	No BLAST hit passed all three quality thresholds.	
g17431.t1									0	6	0	0	0	0	0	0	0	0	0	0	0	0	NO_QUALIFYING_HIT	NO_QUALIFYING_HIT	No BLAST hit passed all three quality thresholds.	
g17432.t1									0	10	0	0	0	0	0	0	0	0	0	0	0	0	NO_QUALIFYING_HIT	NO_QUALIFYING_HIT	No BLAST hit passed all three quality thresholds.	
g17433.t1									0	11	0	0	0	0	0	0	0	0	0	0	0	0	NO_QUALIFYING_HIT	NO_QUALIFYING_HIT	No BLAST hit passed all three quality thresholds.	
g17444.t1									0	1	0	0	0	0	0	0	0	0	0	0	0	0	NO_QUALIFYING_HIT	NO_QUALIFYING_HIT	No BLAST hit passed all three quality thresholds.	
g17449.t1									0	1	0	0	0	0	0	0	0	0	0	0	0	0	NO_QUALIFYING_HIT	NO_QUALIFYING_HIT	No BLAST hit passed all three quality thresholds.	
g17456.t1									0	5	0	0	0	0	0	0	0	0	0	0	0	0	NO_QUALIFYING_HIT	NO_QUALIFYING_HIT	No BLAST hit passed all three quality thresholds.	
g17458.t1									0	4	0	0	0	0	0	0	0	0	0	0	0	0	NO_QUALIFYING_HIT	NO_QUALIFYING_HIT	No BLAST hit passed all three quality thresholds.	
g17459.t1									0	8	0	0	0	0	0	0	0	0	0	0	0	0	NO_QUALIFYING_HIT	NO_QUALIFYING_HIT	No BLAST hit passed all three quality thresholds.	
g17460.t1									0	10	0	0	0	0	0	0	0	0	0	0	0	0	NO_QUALIFYING_HIT	NO_QUALIFYING_HIT	No BLAST hit passed all three quality thresholds.	
g17472.t1									0	10	0	0	0	0	0	0	0	0	0	0	0	0	NO_QUALIFYING_HIT	NO_QUALIFYING_HIT	No BLAST hit passed all three quality thresholds.	
g17476.t1									0	13	0	0	0	0	0	0	0	0	0	0	0	0	NO_QUALIFYING_HIT	NO_QUALIFYING_HIT	No BLAST hit passed all three quality thresholds.	
g17483.t1									0	17	0	0	0	0	0	0	0	0	0	0	0	0	NO_QUALIFYING_HIT	NO_QUALIFYING_HIT	No BLAST hit passed all three quality thresholds.	
g17484.t1									0	10	0	0	0	0	0	0	0	0	0	0	0	0	NO_QUALIFYING_HIT	NO_QUALIFYING_HIT	No BLAST hit passed all three quality thresholds.	
g17488.t1									0	10	0	0	0	0	0	0	0	0	0	0	0	0	NO_QUALIFYING_HIT	NO_QUALIFYING_HIT	No BLAST hit passed all three quality thresholds.	
g17495.t1									0	8	0	0	0	0	0	0	0	0	0	0	0	0	NO_QUALIFYING_HIT	NO_QUALIFYING_HIT	No BLAST hit passed all three quality thresholds.	
g17496.t1									0	10	0	0	0	0	0	0	0	0	0	0	0	0	NO_QUALIFYING_HIT	NO_QUALIFYING_HIT	No BLAST hit passed all three quality thresholds.	
g17512.t2									0	38	0	0	0	0	0	0	0	0	0	0	0	0	NO_QUALIFYING_HIT	NO_QUALIFYING_HIT	No BLAST hit passed all three quality thresholds.	
g17529.t1									0	2	0	0	0	0	0	0	0	0	0	0	0	0	NO_QUALIFYING_HIT	NO_QUALIFYING_HIT	No BLAST hit passed all three quality thresholds.	
g17531.t1									0	3	0	0	0	0	0	0	0	0	0	0	0	0	NO_QUALIFYING_HIT	NO_QUALIFYING_HIT	No BLAST hit passed all three quality thresholds.	
g17532.t1									0	8	0	0	0	0	0	0	0	0	0	0	0	0	NO_QUALIFYING_HIT	NO_QUALIFYING_HIT	No BLAST hit passed all three quality thresholds.	
g17538.t1									0	145	0	0	0	0	0	0	0	0	0	0	0	0	NO_QUALIFYING_HIT	NO_QUALIFYING_HIT	No BLAST hit passed all three quality thresholds.	
g17539.t1									0	10	0	0	0	0	0	0	0	0	0	0	0	0	NO_QUALIFYING_HIT	NO_QUALIFYING_HIT	No BLAST hit passed all three quality thresholds.	
g17540.t1									0	10	0	0	0	0	0	0	0	0	0	0	0	0	NO_QUALIFYING_HIT	NO_QUALIFYING_HIT	No BLAST hit passed all three quality thresholds.	
g17541.t1									0	10	0	0	0	0	0	0	0	0	0	0	0	0	NO_QUALIFYING_HIT	NO_QUALIFYING_HIT	No BLAST hit passed all three quality thresholds.	
g17543.t1									0	7	0	0	0	0	0	0	0	0	0	0	0	0	NO_QUALIFYING_HIT	NO_QUALIFYING_HIT	No BLAST hit passed all three quality thresholds.	
g17544.t1									0	1	0	0	0	0	0	0	0	0	0	0	0	0	NO_QUALIFYING_HIT	NO_QUALIFYING_HIT	No BLAST hit passed all three quality thresholds.	
g17545.t1									0	1	0	0	0	0	0	0	0	0	0	0	0	0	NO_QUALIFYING_HIT	NO_QUALIFYING_HIT	No BLAST hit passed all three quality thresholds.	
g17546.t1									0	3	0	0	0	0	0	0	0	0	0	0	0	0	NO_QUALIFYING_HIT	NO_QUALIFYING_HIT	No BLAST hit passed all three quality thresholds.	
g17547.t1									0	1	0	0	0	0	0	0	0	0	0	0	0	0	NO_QUALIFYING_HIT	NO_QUALIFYING_HIT	No BLAST hit passed all three quality thresholds.	
g17551.t2									0	10	0	0	0	0	0	0	0	0	0	0	0	0	NO_QUALIFYING_HIT	NO_QUALIFYING_HIT	No BLAST hit passed all three quality thresholds.	
g17556.t1									0	4	0	0	0	0	0	0	0	0	0	0	0	0	NO_QUALIFYING_HIT	NO_QUALIFYING_HIT	No BLAST hit passed all three quality thresholds.	
g17559.t1									0	1	0	0	0	0	0	0	0	0	0	0	0	0	NO_QUALIFYING_HIT	NO_QUALIFYING_HIT	No BLAST hit passed all three quality thresholds.	
g17566.t1									0	9	0	0	0	0	0	0	0	0	0	0	0	0	NO_QUALIFYING_HIT	NO_QUALIFYING_HIT	No BLAST hit passed all three quality thresholds.	
g17567.t1									0	3	0	0	0	0	0	0	0	0	0	0	0	0	NO_QUALIFYING_HIT	NO_QUALIFYING_HIT	No BLAST hit passed all three quality thresholds.	
g17570.t2									0	4	0	0	0	0	0	0	0	0	0	0	0	0	NO_QUALIFYING_HIT	NO_QUALIFYING_HIT	No BLAST hit passed all three quality thresholds.	
g17577.t1									0	1	0	0	0	0	0	0	0	0	0	0	0	0	NO_QUALIFYING_HIT	NO_QUALIFYING_HIT	No BLAST hit passed all three quality thresholds.	
g17578.t1									0	3	0	0	0	0	0	0	0	0	0	0	0	0	NO_QUALIFYING_HIT	NO_QUALIFYING_HIT	No BLAST hit passed all three quality thresholds.	
g17581.t1									0	4	0	0	0	0	0	0	0	0	0	0	0	0	NO_QUALIFYING_HIT	NO_QUALIFYING_HIT	No BLAST hit passed all three quality thresholds.	
g17585.t1									0	5	0	0	0	0	0	0	0	0	0	0	0	0	NO_QUALIFYING_HIT	NO_QUALIFYING_HIT	No BLAST hit passed all three quality thresholds.	
g17587.t1									0	7	0	0	0	0	0	0	0	0	0	0	0	0	NO_QUALIFYING_HIT	NO_QUALIFYING_HIT	No BLAST hit passed all three quality thresholds.	
g17595.t1									0	5	0	0	0	0	0	0	0	0	0	0	0	0	NO_QUALIFYING_HIT	NO_QUALIFYING_HIT	No BLAST hit passed all three quality thresholds.	
g17596.t1									0	2	0	0	0	0	0	0	0	0	0	0	0	0	NO_QUALIFYING_HIT	NO_QUALIFYING_HIT	No BLAST hit passed all three quality thresholds.	
g17598.t1									0	7	0	0	0	0	0	0	0	0	0	0	0	0	NO_QUALIFYING_HIT	NO_QUALIFYING_HIT	No BLAST hit passed all three quality thresholds.	
g17600.t1									0	2	0	0	0	0	0	0	0	0	0	0	0	0	NO_QUALIFYING_HIT	NO_QUALIFYING_HIT	No BLAST hit passed all three quality thresholds.	
g17603.t1									0	24	0	0	0	0	0	0	0	0	0	0	0	0	NO_QUALIFYING_HIT	NO_QUALIFYING_HIT	No BLAST hit passed all three quality thresholds.	
g17605.t1									0	3	0	0	0	0	0	0	0	0	0	0	0	0	NO_QUALIFYING_HIT	NO_QUALIFYING_HIT	No BLAST hit passed all three quality thresholds.	
g17606.t1									0	2	0	0	0	0	0	0	0	0	0	0	0	0	NO_QUALIFYING_HIT	NO_QUALIFYING_HIT	No BLAST hit passed all three quality thresholds.	
g17607.t1									0	10	0	0	0	0	0	0	0	0	0	0	0	0	NO_QUALIFYING_HIT	NO_QUALIFYING_HIT	No BLAST hit passed all three quality thresholds.	
g17608.t1									0	10	0	0	0	0	0	0	0	0	0	0	0	0	NO_QUALIFYING_HIT	NO_QUALIFYING_HIT	No BLAST hit passed all three quality thresholds.	
g17620.t1									0	10	0	0	0	0	0	0	0	0	0	0	0	0	NO_QUALIFYING_HIT	NO_QUALIFYING_HIT	No BLAST hit passed all three quality thresholds.	
g17623.t1									0	10	0	0	0	0	0	0	0	0	0	0	0	0	NO_QUALIFYING_HIT	NO_QUALIFYING_HIT	No BLAST hit passed all three quality thresholds.	
g17631.t1									0	2	0	0	0	0	0	0	0	0	0	0	0	0	NO_QUALIFYING_HIT	NO_QUALIFYING_HIT	No BLAST hit passed all three quality thresholds.	
g17634.t1									0	11	0	0	0	0	0	0	0	0	0	0	0	0	NO_QUALIFYING_HIT	NO_QUALIFYING_HIT	No BLAST hit passed all three quality thresholds.	
g17635.t1									0	10	0	0	0	0	0	0	0	0	0	0	0	0	NO_QUALIFYING_HIT	NO_QUALIFYING_HIT	No BLAST hit passed all three quality thresholds.	
g17636.t1									0	10	0	0	0	0	0	0	0	0	0	0	0	0	NO_QUALIFYING_HIT	NO_QUALIFYING_HIT	No BLAST hit passed all three quality thresholds.	
g17644.t1									0	5	0	0	0	0	0	0	0	0	0	0	0	0	NO_QUALIFYING_HIT	NO_QUALIFYING_HIT	No BLAST hit passed all three quality thresholds.	
g17645.t1									0	5	0	0	0	0	0	0	0	0	0	0	0	0	NO_QUALIFYING_HIT	NO_QUALIFYING_HIT	No BLAST hit passed all three quality thresholds.	
g17660.t1									0	15	0	0	0	0	0	0	0	0	0	0	0	0	NO_QUALIFYING_HIT	NO_QUALIFYING_HIT	No BLAST hit passed all three quality thresholds.	
g17667.t1									0	10	0	0	0	0	0	0	0	0	0	0	0	0	NO_QUALIFYING_HIT	NO_QUALIFYING_HIT	No BLAST hit passed all three quality thresholds.	
g17668.t1									0	3	0	0	0	0	0	0	0	0	0	0	0	0	NO_QUALIFYING_HIT	NO_QUALIFYING_HIT	No BLAST hit passed all three quality thresholds.	
g17672.t1									0	1	0	0	0	0	0	0	0	0	0	0	0	0	NO_QUALIFYING_HIT	NO_QUALIFYING_HIT	No BLAST hit passed all three quality thresholds.	
g17676.t1									0	6	0	0	0	0	0	0	0	0	0	0	0	0	NO_QUALIFYING_HIT	NO_QUALIFYING_HIT	No BLAST hit passed all three quality thresholds.	
g17684.t1									0	3	0	0	0	0	0	0	0	0	0	0	0	0	NO_QUALIFYING_HIT	NO_QUALIFYING_HIT	No BLAST hit passed all three quality thresholds.	
g17687.t1									0	10	0	0	0	0	0	0	0	0	0	0	0	0	NO_QUALIFYING_HIT	NO_QUALIFYING_HIT	No BLAST hit passed all three quality thresholds.	
g17689.t1									0	5	0	0	0	0	0	0	0	0	0	0	0	0	NO_QUALIFYING_HIT	NO_QUALIFYING_HIT	No BLAST hit passed all three quality thresholds.	
g17697.t1									0	10	0	0	0	0	0	0	0	0	0	0	0	0	NO_QUALIFYING_HIT	NO_QUALIFYING_HIT	No BLAST hit passed all three quality thresholds.	
g17699.t1									0	4	0	0	0	0	0	0	0	0	0	0	0	0	NO_QUALIFYING_HIT	NO_QUALIFYING_HIT	No BLAST hit passed all three quality thresholds.	
g17702.t1									0	6	0	0	0	0	0	0	0	0	0	0	0	0	NO_QUALIFYING_HIT	NO_QUALIFYING_HIT	No BLAST hit passed all three quality thresholds.	
g17703.t1									0	6	0	0	0	0	0	0	0	0	0	0	0	0	NO_QUALIFYING_HIT	NO_QUALIFYING_HIT	No BLAST hit passed all three quality thresholds.	
g17705.t1									0	10	0	0	0	0	0	0	0	0	0	0	0	0	NO_QUALIFYING_HIT	NO_QUALIFYING_HIT	No BLAST hit passed all three quality thresholds.	
g17710.t1									0	10	0	0	0	0	0	0	0	0	0	0	0	0	NO_QUALIFYING_HIT	NO_QUALIFYING_HIT	No BLAST hit passed all three quality thresholds.	
g17711.t1									0	10	0	0	0	0	0	0	0	0	0	0	0	0	NO_QUALIFYING_HIT	NO_QUALIFYING_HIT	No BLAST hit passed all three quality thresholds.	
g17717.t1									0	8	0	0	0	0	0	0	0	0	0	0	0	0	NO_QUALIFYING_HIT	NO_QUALIFYING_HIT	No BLAST hit passed all three quality thresholds.	
g17724.t1									0	6	0	0	0	0	0	0	0	0	0	0	0	0	NO_QUALIFYING_HIT	NO_QUALIFYING_HIT	No BLAST hit passed all three quality thresholds.	
g17725.t1									0	3	0	0	0	0	0	0	0	0	0	0	0	0	NO_QUALIFYING_HIT	NO_QUALIFYING_HIT	No BLAST hit passed all three quality thresholds.	
g17726.t1									0	2	0	0	0	0	0	0	0	0	0	0	0	0	NO_QUALIFYING_HIT	NO_QUALIFYING_HIT	No BLAST hit passed all three quality thresholds.	
g17729.t1									0	10	0	0	0	0	0	0	0	0	0	0	0	0	NO_QUALIFYING_HIT	NO_QUALIFYING_HIT	No BLAST hit passed all three quality thresholds.	
g17733.t1									0	10	0	0	0	0	0	0	0	0	0	0	0	0	NO_QUALIFYING_HIT	NO_QUALIFYING_HIT	No BLAST hit passed all three quality thresholds.	
g17736.t1									0	4	0	0	0	0	0	0	0	0	0	0	0	0	NO_QUALIFYING_HIT	NO_QUALIFYING_HIT	No BLAST hit passed all three quality thresholds.	
g17737.t1									0	9	0	0	0	0	0	0	0	0	0	0	0	0	NO_QUALIFYING_HIT	NO_QUALIFYING_HIT	No BLAST hit passed all three quality thresholds.	
g17744.t1									0	10	0	0	0	0	0	0	0	0	0	0	0	0	NO_QUALIFYING_HIT	NO_QUALIFYING_HIT	No BLAST hit passed all three quality thresholds.	
g17748.t1									0	5	0	0	0	0	0	0	0	0	0	0	0	0	NO_QUALIFYING_HIT	NO_QUALIFYING_HIT	No BLAST hit passed all three quality thresholds.	
g17751.t1									0	2	0	0	0	0	0	0	0	0	0	0	0	0	NO_QUALIFYING_HIT	NO_QUALIFYING_HIT	No BLAST hit passed all three quality thresholds.	
g17755.t1									0	5	0	0	0	0	0	0	0	0	0	0	0	0	NO_QUALIFYING_HIT	NO_QUALIFYING_HIT	No BLAST hit passed all three quality thresholds.	
g17756.t1									0	2	0	0	0	0	0	0	0	0	0	0	0	0	NO_QUALIFYING_HIT	NO_QUALIFYING_HIT	No BLAST hit passed all three quality thresholds.	
g17758.t1									0	7	0	0	0	0	0	0	0	0	0	0	0	0	NO_QUALIFYING_HIT	NO_QUALIFYING_HIT	No BLAST hit passed all three quality thresholds.	
g17761.t1									0	60	0	0	0	0	0	0	0	0	0	0	0	0	NO_QUALIFYING_HIT	NO_QUALIFYING_HIT	No BLAST hit passed all three quality thresholds.	
g17762.t1									0	8	0	0	0	0	0	0	0	0	0	0	0	0	NO_QUALIFYING_HIT	NO_QUALIFYING_HIT	No BLAST hit passed all three quality thresholds.	
g17800.t1									0	7	0	0	0	0	0	0	0	0	0	0	0	0	NO_QUALIFYING_HIT	NO_QUALIFYING_HIT	No BLAST hit passed all three quality thresholds.	
g17810.t1									0	10	0	0	0	0	0	0	0	0	0	0	0	0	NO_QUALIFYING_HIT	NO_QUALIFYING_HIT	No BLAST hit passed all three quality thresholds.	
g17812.t1									0	10	0	0	0	0	0	0	0	0	0	0	0	0	NO_QUALIFYING_HIT	NO_QUALIFYING_HIT	No BLAST hit passed all three quality thresholds.	
g17813.t1									0	5	0	0	0	0	0	0	0	0	0	0	0	0	NO_QUALIFYING_HIT	NO_QUALIFYING_HIT	No BLAST hit passed all three quality thresholds.	
g17820.t1									0	10	0	0	0	0	0	0	0	0	0	0	0	0	NO_QUALIFYING_HIT	NO_QUALIFYING_HIT	No BLAST hit passed all three quality thresholds.	
g17826.t1									0	3	0	0	0	0	0	0	0	0	0	0	0	0	NO_QUALIFYING_HIT	NO_QUALIFYING_HIT	No BLAST hit passed all three quality thresholds.	
g17829.t1									0	10	0	0	0	0	0	0	0	0	0	0	0	0	NO_QUALIFYING_HIT	NO_QUALIFYING_HIT	No BLAST hit passed all three quality thresholds.	
g17831.t1									0	1	0	0	0	0	0	0	0	0	0	0	0	0	NO_QUALIFYING_HIT	NO_QUALIFYING_HIT	No BLAST hit passed all three quality thresholds.	
g17832.t1									0	3	0	0	0	0	0	0	0	0	0	0	0	0	NO_QUALIFYING_HIT	NO_QUALIFYING_HIT	No BLAST hit passed all three quality thresholds.	
g17836.t1									0	1	0	0	0	0	0	0	0	0	0	0	0	0	NO_QUALIFYING_HIT	NO_QUALIFYING_HIT	No BLAST hit passed all three quality thresholds.	
g17837.t1									0	9	0	0	0	0	0	0	0	0	0	0	0	0	NO_QUALIFYING_HIT	NO_QUALIFYING_HIT	No BLAST hit passed all three quality thresholds.	
g17847.t1									0	3	0	0	0	0	0	0	0	0	0	0	0	0	NO_QUALIFYING_HIT	NO_QUALIFYING_HIT	No BLAST hit passed all three quality thresholds.	
g17848.t1									0	6	0	0	0	0	0	0	0	0	0	0	0	0	NO_QUALIFYING_HIT	NO_QUALIFYING_HIT	No BLAST hit passed all three quality thresholds.	
g17858.t1									0	10	0	0	0	0	0	0	0	0	0	0	0	0	NO_QUALIFYING_HIT	NO_QUALIFYING_HIT	No BLAST hit passed all three quality thresholds.	
g17863.t1									0	10	0	0	0	0	0	0	0	0	0	0	0	0	NO_QUALIFYING_HIT	NO_QUALIFYING_HIT	No BLAST hit passed all three quality thresholds.	
g17864.t1									0	2	0	0	0	0	0	0	0	0	0	0	0	0	NO_QUALIFYING_HIT	NO_QUALIFYING_HIT	No BLAST hit passed all three quality thresholds.	
g17867.t1									0	8	0	0	0	0	0	0	0	0	0	0	0	0	NO_QUALIFYING_HIT	NO_QUALIFYING_HIT	No BLAST hit passed all three quality thresholds.	
g17868.t1									0	3	0	0	0	0	0	0	0	0	0	0	0	0	NO_QUALIFYING_HIT	NO_QUALIFYING_HIT	No BLAST hit passed all three quality thresholds.	
g17869.t1									0	4	0	0	0	0	0	0	0	0	0	0	0	0	NO_QUALIFYING_HIT	NO_QUALIFYING_HIT	No BLAST hit passed all three quality thresholds.	
g17876.t1									0	7	0	0	0	0	0	0	0	0	0	0	0	0	NO_QUALIFYING_HIT	NO_QUALIFYING_HIT	No BLAST hit passed all three quality thresholds.	
g17879.t1									0	10	0	0	0	0	0	0	0	0	0	0	0	0	NO_QUALIFYING_HIT	NO_QUALIFYING_HIT	No BLAST hit passed all three quality thresholds.	
g17887.t1									0	10	0	0	0	0	0	0	0	0	0	0	0	0	NO_QUALIFYING_HIT	NO_QUALIFYING_HIT	No BLAST hit passed all three quality thresholds.	
g17897.t1									0	3	0	0	0	0	0	0	0	0	0	0	0	0	NO_QUALIFYING_HIT	NO_QUALIFYING_HIT	No BLAST hit passed all three quality thresholds.	
g17898.t1									0	10	0	0	0	0	0	0	0	0	0	0	0	0	NO_QUALIFYING_HIT	NO_QUALIFYING_HIT	No BLAST hit passed all three quality thresholds.	
g17899.t1									0	3	0	0	0	0	0	0	0	0	0	0	0	0	NO_QUALIFYING_HIT	NO_QUALIFYING_HIT	No BLAST hit passed all three quality thresholds.	
g17900.t1									0	6	0	0	0	0	0	0	0	0	0	0	0	0	NO_QUALIFYING_HIT	NO_QUALIFYING_HIT	No BLAST hit passed all three quality thresholds.	
g17901.t1									0	10	0	0	0	0	0	0	0	0	0	0	0	0	NO_QUALIFYING_HIT	NO_QUALIFYING_HIT	No BLAST hit passed all three quality thresholds.	
g17909.t1									0	11	0	0	0	0	0	0	0	0	0	0	0	0	NO_QUALIFYING_HIT	NO_QUALIFYING_HIT	No BLAST hit passed all three quality thresholds.	
g17915.t1									0	9	0	0	0	0	0	0	0	0	0	0	0	0	NO_QUALIFYING_HIT	NO_QUALIFYING_HIT	No BLAST hit passed all three quality thresholds.	
g17922.t1									0	10	0	0	0	0	0	0	0	0	0	0	0	0	NO_QUALIFYING_HIT	NO_QUALIFYING_HIT	No BLAST hit passed all three quality thresholds.	
g17930.t1									0	4	0	0	0	0	0	0	0	0	0	0	0	0	NO_QUALIFYING_HIT	NO_QUALIFYING_HIT	No BLAST hit passed all three quality thresholds.	
g17933.t1									0	2	0	0	0	0	0	0	0	0	0	0	0	0	NO_QUALIFYING_HIT	NO_QUALIFYING_HIT	No BLAST hit passed all three quality thresholds.	
g17936.t1									0	4	0	0	0	0	0	0	0	0	0	0	0	0	NO_QUALIFYING_HIT	NO_QUALIFYING_HIT	No BLAST hit passed all three quality thresholds.	
g17940.t1									0	5	0	0	0	0	0	0	0	0	0	0	0	0	NO_QUALIFYING_HIT	NO_QUALIFYING_HIT	No BLAST hit passed all three quality thresholds.	
g17946.t1									0	5	0	0	0	0	0	0	0	0	0	0	0	0	NO_QUALIFYING_HIT	NO_QUALIFYING_HIT	No BLAST hit passed all three quality thresholds.	
g17947.t1									0	1	0	0	0	0	0	0	0	0	0	0	0	0	NO_QUALIFYING_HIT	NO_QUALIFYING_HIT	No BLAST hit passed all three quality thresholds.	
g17948.t1									0	10	0	0	0	0	0	0	0	0	0	0	0	0	NO_QUALIFYING_HIT	NO_QUALIFYING_HIT	No BLAST hit passed all three quality thresholds.	
g17949.t1									0	4	0	0	0	0	0	0	0	0	0	0	0	0	NO_QUALIFYING_HIT	NO_QUALIFYING_HIT	No BLAST hit passed all three quality thresholds.	
g17951.t1									0	5	0	0	0	0	0	0	0	0	0	0	0	0	NO_QUALIFYING_HIT	NO_QUALIFYING_HIT	No BLAST hit passed all three quality thresholds.	
g17961.t1									0	10	0	0	0	0	0	0	0	0	0	0	0	0	NO_QUALIFYING_HIT	NO_QUALIFYING_HIT	No BLAST hit passed all three quality thresholds.	
g17966.t1									0	7	0	0	0	0	0	0	0	0	0	0	0	0	NO_QUALIFYING_HIT	NO_QUALIFYING_HIT	No BLAST hit passed all three quality thresholds.	
g17967.t2									0	10	0	0	0	0	0	0	0	0	0	0	0	0	NO_QUALIFYING_HIT	NO_QUALIFYING_HIT	No BLAST hit passed all three quality thresholds.	
g17973.t1									0	10	0	0	0	0	0	0	0	0	0	0	0	0	NO_QUALIFYING_HIT	NO_QUALIFYING_HIT	No BLAST hit passed all three quality thresholds.	
g17975.t1									0	10	0	0	0	0	0	0	0	0	0	0	0	0	NO_QUALIFYING_HIT	NO_QUALIFYING_HIT	No BLAST hit passed all three quality thresholds.	
g17977.t1									0	10	0	0	0	0	0	0	0	0	0	0	0	0	NO_QUALIFYING_HIT	NO_QUALIFYING_HIT	No BLAST hit passed all three quality thresholds.	
g17980.t1									0	2	0	0	0	0	0	0	0	0	0	0	0	0	NO_QUALIFYING_HIT	NO_QUALIFYING_HIT	No BLAST hit passed all three quality thresholds.	
g17986.t1									0	3	0	0	0	0	0	0	0	0	0	0	0	0	NO_QUALIFYING_HIT	NO_QUALIFYING_HIT	No BLAST hit passed all three quality thresholds.	
g17987.t1									0	5	0	0	0	0	0	0	0	0	0	0	0	0	NO_QUALIFYING_HIT	NO_QUALIFYING_HIT	No BLAST hit passed all three quality thresholds.	
g17988.t1									0	18	0	0	0	0	0	0	0	0	0	0	0	0	NO_QUALIFYING_HIT	NO_QUALIFYING_HIT	No BLAST hit passed all three quality thresholds.	
g17996.t1									0	10	0	0	0	0	0	0	0	0	0	0	0	0	NO_QUALIFYING_HIT	NO_QUALIFYING_HIT	No BLAST hit passed all three quality thresholds.	
g17997.t1									0	9	0	0	0	0	0	0	0	0	0	0	0	0	NO_QUALIFYING_HIT	NO_QUALIFYING_HIT	No BLAST hit passed all three quality thresholds.	
g18002.t1									0	4	0	0	0	0	0	0	0	0	0	0	0	0	NO_QUALIFYING_HIT	NO_QUALIFYING_HIT	No BLAST hit passed all three quality thresholds.	
g18005.t1									0	10	0	0	0	0	0	0	0	0	0	0	0	0	NO_QUALIFYING_HIT	NO_QUALIFYING_HIT	No BLAST hit passed all three quality thresholds.	
g18006.t1									0	5	0	0	0	0	0	0	0	0	0	0	0	0	NO_QUALIFYING_HIT	NO_QUALIFYING_HIT	No BLAST hit passed all three quality thresholds.	
g18015.t1									0	10	0	0	0	0	0	0	0	0	0	0	0	0	NO_QUALIFYING_HIT	NO_QUALIFYING_HIT	No BLAST hit passed all three quality thresholds.	
g18016.t1									0	13	0	0	0	0	0	0	0	0	0	0	0	0	NO_QUALIFYING_HIT	NO_QUALIFYING_HIT	No BLAST hit passed all three quality thresholds.	
g18017.t1									0	10	0	0	0	0	0	0	0	0	0	0	0	0	NO_QUALIFYING_HIT	NO_QUALIFYING_HIT	No BLAST hit passed all three quality thresholds.	
g18018.t1									0	4	0	0	0	0	0	0	0	0	0	0	0	0	NO_QUALIFYING_HIT	NO_QUALIFYING_HIT	No BLAST hit passed all three quality thresholds.	
g18020.t1									0	1	0	0	0	0	0	0	0	0	0	0	0	0	NO_QUALIFYING_HIT	NO_QUALIFYING_HIT	No BLAST hit passed all three quality thresholds.	
g18021.t1									0	8	0	0	0	0	0	0	0	0	0	0	0	0	NO_QUALIFYING_HIT	NO_QUALIFYING_HIT	No BLAST hit passed all three quality thresholds.	
g18026.t1									0	18	0	0	0	0	0	0	0	0	0	0	0	0	NO_QUALIFYING_HIT	NO_QUALIFYING_HIT	No BLAST hit passed all three quality thresholds.	
g18031.t1									0	10	0	0	0	0	0	0	0	0	0	0	0	0	NO_QUALIFYING_HIT	NO_QUALIFYING_HIT	No BLAST hit passed all three quality thresholds.	
g18040.t1									0	2	0	0	0	0	0	0	0	0	0	0	0	0	NO_QUALIFYING_HIT	NO_QUALIFYING_HIT	No BLAST hit passed all three quality thresholds.	
g18041.t1									0	10	0	0	0	0	0	0	0	0	0	0	0	0	NO_QUALIFYING_HIT	NO_QUALIFYING_HIT	No BLAST hit passed all three quality thresholds.	
g18045.t1									0	2	0	0	0	0	0	0	0	0	0	0	0	0	NO_QUALIFYING_HIT	NO_QUALIFYING_HIT	No BLAST hit passed all three quality thresholds.	
g18054.t1									0	5	0	0	0	0	0	0	0	0	0	0	0	0	NO_QUALIFYING_HIT	NO_QUALIFYING_HIT	No BLAST hit passed all three quality thresholds.	
g18055.t1									0	10	0	0	0	0	0	0	0	0	0	0	0	0	NO_QUALIFYING_HIT	NO_QUALIFYING_HIT	No BLAST hit passed all three quality thresholds.	
g18056.t1									0	10	0	0	0	0	0	0	0	0	0	0	0	0	NO_QUALIFYING_HIT	NO_QUALIFYING_HIT	No BLAST hit passed all three quality thresholds.	
g18057.t1									0	10	0	0	0	0	0	0	0	0	0	0	0	0	NO_QUALIFYING_HIT	NO_QUALIFYING_HIT	No BLAST hit passed all three quality thresholds.	
g18058.t1									0	4	0	0	0	0	0	0	0	0	0	0	0	0	NO_QUALIFYING_HIT	NO_QUALIFYING_HIT	No BLAST hit passed all three quality thresholds.	
g18064.t1									0	10	0	0	0	0	0	0	0	0	0	0	0	0	NO_QUALIFYING_HIT	NO_QUALIFYING_HIT	No BLAST hit passed all three quality thresholds.	
g18078.t1									0	8	0	0	0	0	0	0	0	0	0	0	0	0	NO_QUALIFYING_HIT	NO_QUALIFYING_HIT	No BLAST hit passed all three quality thresholds.	
g18083.t1									0	10	0	0	0	0	0	0	0	0	0	0	0	0	NO_QUALIFYING_HIT	NO_QUALIFYING_HIT	No BLAST hit passed all three quality thresholds.	
g18085.t1									0	10	0	0	0	0	0	0	0	0	0	0	0	0	NO_QUALIFYING_HIT	NO_QUALIFYING_HIT	No BLAST hit passed all three quality thresholds.	
g18087.t1									0	5	0	0	0	0	0	0	0	0	0	0	0	0	NO_QUALIFYING_HIT	NO_QUALIFYING_HIT	No BLAST hit passed all three quality thresholds.	
g18093.t1									0	10	0	0	0	0	0	0	0	0	0	0	0	0	NO_QUALIFYING_HIT	NO_QUALIFYING_HIT	No BLAST hit passed all three quality thresholds.	
g18095.t1									0	10	0	0	0	0	0	0	0	0	0	0	0	0	NO_QUALIFYING_HIT	NO_QUALIFYING_HIT	No BLAST hit passed all three quality thresholds.	
g18098.t1									0	7	0	0	0	0	0	0	0	0	0	0	0	0	NO_QUALIFYING_HIT	NO_QUALIFYING_HIT	No BLAST hit passed all three quality thresholds.	
g18099.t1									0	1	0	0	0	0	0	0	0	0	0	0	0	0	NO_QUALIFYING_HIT	NO_QUALIFYING_HIT	No BLAST hit passed all three quality thresholds.	
g18100.t1									0	4	0	0	0	0	0	0	0	0	0	0	0	0	NO_QUALIFYING_HIT	NO_QUALIFYING_HIT	No BLAST hit passed all three quality thresholds.	
g18101.t1									0	4	0	0	0	0	0	0	0	0	0	0	0	0	NO_QUALIFYING_HIT	NO_QUALIFYING_HIT	No BLAST hit passed all three quality thresholds.	
g18113.t1									0	3	0	0	0	0	0	0	0	0	0	0	0	0	NO_QUALIFYING_HIT	NO_QUALIFYING_HIT	No BLAST hit passed all three quality thresholds.	
g18119.t1									0	5	0	0	0	0	0	0	0	0	0	0	0	0	NO_QUALIFYING_HIT	NO_QUALIFYING_HIT	No BLAST hit passed all three quality thresholds.	
g18120.t1									0	1	0	0	0	0	0	0	0	0	0	0	0	0	NO_QUALIFYING_HIT	NO_QUALIFYING_HIT	No BLAST hit passed all three quality thresholds.	
g18125.t1									0	7	0	0	0	0	0	0	0	0	0	0	0	0	NO_QUALIFYING_HIT	NO_QUALIFYING_HIT	No BLAST hit passed all three quality thresholds.	
g18126.t1									0	10	0	0	0	0	0	0	0	0	0	0	0	0	NO_QUALIFYING_HIT	NO_QUALIFYING_HIT	No BLAST hit passed all three quality thresholds.	
g18127.t1									0	7	0	0	0	0	0	0	0	0	0	0	0	0	NO_QUALIFYING_HIT	NO_QUALIFYING_HIT	No BLAST hit passed all three quality thresholds.	
g18128.t1									0	9	0	0	0	0	0	0	0	0	0	0	0	0	NO_QUALIFYING_HIT	NO_QUALIFYING_HIT	No BLAST hit passed all three quality thresholds.	
g18133.t1									0	2	0	0	0	0	0	0	0	0	0	0	0	0	NO_QUALIFYING_HIT	NO_QUALIFYING_HIT	No BLAST hit passed all three quality thresholds.	
g18136.t1									0	3	0	0	0	0	0	0	0	0	0	0	0	0	NO_QUALIFYING_HIT	NO_QUALIFYING_HIT	No BLAST hit passed all three quality thresholds.	
g18141.t1									0	1	0	0	0	0	0	0	0	0	0	0	0	0	NO_QUALIFYING_HIT	NO_QUALIFYING_HIT	No BLAST hit passed all three quality thresholds.	
g18142.t1									0	1	0	0	0	0	0	0	0	0	0	0	0	0	NO_QUALIFYING_HIT	NO_QUALIFYING_HIT	No BLAST hit passed all three quality thresholds.	
g18145.t1									0	1	0	0	0	0	0	0	0	0	0	0	0	0	NO_QUALIFYING_HIT	NO_QUALIFYING_HIT	No BLAST hit passed all three quality thresholds.	
g18149.t1									0	2	0	0	0	0	0	0	0	0	0	0	0	0	NO_QUALIFYING_HIT	NO_QUALIFYING_HIT	No BLAST hit passed all three quality thresholds.	
g18155.t1									0	6	0	0	0	0	0	0	0	0	0	0	0	0	NO_QUALIFYING_HIT	NO_QUALIFYING_HIT	No BLAST hit passed all three quality thresholds.	
g18163.t1									0	6	0	0	0	0	0	0	0	0	0	0	0	0	NO_QUALIFYING_HIT	NO_QUALIFYING_HIT	No BLAST hit passed all three quality thresholds.	
g18167.t1									0	4	0	0	0	0	0	0	0	0	0	0	0	0	NO_QUALIFYING_HIT	NO_QUALIFYING_HIT	No BLAST hit passed all three quality thresholds.	
g18169.t1									0	6	0	0	0	0	0	0	0	0	0	0	0	0	NO_QUALIFYING_HIT	NO_QUALIFYING_HIT	No BLAST hit passed all three quality thresholds.	
g18171.t1									0	1	0	0	0	0	0	0	0	0	0	0	0	0	NO_QUALIFYING_HIT	NO_QUALIFYING_HIT	No BLAST hit passed all three quality thresholds.	
g18173.t1									0	6	0	0	0	0	0	0	0	0	0	0	0	0	NO_QUALIFYING_HIT	NO_QUALIFYING_HIT	No BLAST hit passed all three quality thresholds.	
g18185.t1									0	10	0	0	0	0	0	0	0	0	0	0	0	0	NO_QUALIFYING_HIT	NO_QUALIFYING_HIT	No BLAST hit passed all three quality thresholds.	
g18189.t1									0	5	0	0	0	0	0	0	0	0	0	0	0	0	NO_QUALIFYING_HIT	NO_QUALIFYING_HIT	No BLAST hit passed all three quality thresholds.	
g18193.t1									0	6	0	0	0	0	0	0	0	0	0	0	0	0	NO_QUALIFYING_HIT	NO_QUALIFYING_HIT	No BLAST hit passed all three quality thresholds.	
g18205.t1									0	2	0	0	0	0	0	0	0	0	0	0	0	0	NO_QUALIFYING_HIT	NO_QUALIFYING_HIT	No BLAST hit passed all three quality thresholds.	
g18213.t1									0	2	0	0	0	0	0	0	0	0	0	0	0	0	NO_QUALIFYING_HIT	NO_QUALIFYING_HIT	No BLAST hit passed all three quality thresholds.	
g18214.t1									0	10	0	0	0	0	0	0	0	0	0	0	0	0	NO_QUALIFYING_HIT	NO_QUALIFYING_HIT	No BLAST hit passed all three quality thresholds.	
g18215.t1									0	3	0	0	0	0	0	0	0	0	0	0	0	0	NO_QUALIFYING_HIT	NO_QUALIFYING_HIT	No BLAST hit passed all three quality thresholds.	
g18216.t1									0	2	0	0	0	0	0	0	0	0	0	0	0	0	NO_QUALIFYING_HIT	NO_QUALIFYING_HIT	No BLAST hit passed all three quality thresholds.	
g18219.t1									0	5	0	0	0	0	0	0	0	0	0	0	0	0	NO_QUALIFYING_HIT	NO_QUALIFYING_HIT	No BLAST hit passed all three quality thresholds.	
g18225.t1									0	5	0	0	0	0	0	0	0	0	0	0	0	0	NO_QUALIFYING_HIT	NO_QUALIFYING_HIT	No BLAST hit passed all three quality thresholds.	
g18227.t1									0	10	0	0	0	0	0	0	0	0	0	0	0	0	NO_QUALIFYING_HIT	NO_QUALIFYING_HIT	No BLAST hit passed all three quality thresholds.	
g18230.t1									0	10	0	0	0	0	0	0	0	0	0	0	0	0	NO_QUALIFYING_HIT	NO_QUALIFYING_HIT	No BLAST hit passed all three quality thresholds.	
g18233.t1									0	10	0	0	0	0	0	0	0	0	0	0	0	0	NO_QUALIFYING_HIT	NO_QUALIFYING_HIT	No BLAST hit passed all three quality thresholds.	
g18234.t1									0	4	0	0	0	0	0	0	0	0	0	0	0	0	NO_QUALIFYING_HIT	NO_QUALIFYING_HIT	No BLAST hit passed all three quality thresholds.	
g18237.t1									0	6	0	0	0	0	0	0	0	0	0	0	0	0	NO_QUALIFYING_HIT	NO_QUALIFYING_HIT	No BLAST hit passed all three quality thresholds.	
g18264.t1									0	3	0	0	0	0	0	0	0	0	0	0	0	0	NO_QUALIFYING_HIT	NO_QUALIFYING_HIT	No BLAST hit passed all three quality thresholds.	
g18265.t1									0	2	0	0	0	0	0	0	0	0	0	0	0	0	NO_QUALIFYING_HIT	NO_QUALIFYING_HIT	No BLAST hit passed all three quality thresholds.	
g18273.t1									0	10	0	0	0	0	0	0	0	0	0	0	0	0	NO_QUALIFYING_HIT	NO_QUALIFYING_HIT	No BLAST hit passed all three quality thresholds.	
g18274.t1									0	10	0	0	0	0	0	0	0	0	0	0	0	0	NO_QUALIFYING_HIT	NO_QUALIFYING_HIT	No BLAST hit passed all three quality thresholds.	
g18276.t1									0	10	0	0	0	0	0	0	0	0	0	0	0	0	NO_QUALIFYING_HIT	NO_QUALIFYING_HIT	No BLAST hit passed all three quality thresholds.	
g18279.t1									0	10	0	0	0	0	0	0	0	0	0	0	0	0	NO_QUALIFYING_HIT	NO_QUALIFYING_HIT	No BLAST hit passed all three quality thresholds.	
g18280.t1									0	3	0	0	0	0	0	0	0	0	0	0	0	0	NO_QUALIFYING_HIT	NO_QUALIFYING_HIT	No BLAST hit passed all three quality thresholds.	
g18283.t1									0	6	0	0	0	0	0	0	0	0	0	0	0	0	NO_QUALIFYING_HIT	NO_QUALIFYING_HIT	No BLAST hit passed all three quality thresholds.	
g18284.t1									0	10	0	0	0	0	0	0	0	0	0	0	0	0	NO_QUALIFYING_HIT	NO_QUALIFYING_HIT	No BLAST hit passed all three quality thresholds.	
g18288.t1									0	10	0	0	0	0	0	0	0	0	0	0	0	0	NO_QUALIFYING_HIT	NO_QUALIFYING_HIT	No BLAST hit passed all three quality thresholds.	
g18291.t1									0	10	0	0	0	0	0	0	0	0	0	0	0	0	NO_QUALIFYING_HIT	NO_QUALIFYING_HIT	No BLAST hit passed all three quality thresholds.	
g18293.t1									0	1	0	0	0	0	0	0	0	0	0	0	0	0	NO_QUALIFYING_HIT	NO_QUALIFYING_HIT	No BLAST hit passed all three quality thresholds.	
g18295.t1									0	2	0	0	0	0	0	0	0	0	0	0	0	0	NO_QUALIFYING_HIT	NO_QUALIFYING_HIT	No BLAST hit passed all three quality thresholds.	
g18296.t1									0	4	0	0	0	0	0	0	0	0	0	0	0	0	NO_QUALIFYING_HIT	NO_QUALIFYING_HIT	No BLAST hit passed all three quality thresholds.	
g18297.t1									0	3	0	0	0	0	0	0	0	0	0	0	0	0	NO_QUALIFYING_HIT	NO_QUALIFYING_HIT	No BLAST hit passed all three quality thresholds.	
g18300.t1									0	1	0	0	0	0	0	0	0	0	0	0	0	0	NO_QUALIFYING_HIT	NO_QUALIFYING_HIT	No BLAST hit passed all three quality thresholds.	
g18306.t1									0	10	0	0	0	0	0	0	0	0	0	0	0	0	NO_QUALIFYING_HIT	NO_QUALIFYING_HIT	No BLAST hit passed all three quality thresholds.	
g18311.t1									0	3	0	0	0	0	0	0	0	0	0	0	0	0	NO_QUALIFYING_HIT	NO_QUALIFYING_HIT	No BLAST hit passed all three quality thresholds.	
g18312.t1									0	6	0	0	0	0	0	0	0	0	0	0	0	0	NO_QUALIFYING_HIT	NO_QUALIFYING_HIT	No BLAST hit passed all three quality thresholds.	
g18313.t2									0	10	0	0	0	0	0	0	0	0	0	0	0	0	NO_QUALIFYING_HIT	NO_QUALIFYING_HIT	No BLAST hit passed all three quality thresholds.	
g18316.t1									0	10	0	0	0	0	0	0	0	0	0	0	0	0	NO_QUALIFYING_HIT	NO_QUALIFYING_HIT	No BLAST hit passed all three quality thresholds.	
g18321.t1									0	2	0	0	0	0	0	0	0	0	0	0	0	0	NO_QUALIFYING_HIT	NO_QUALIFYING_HIT	No BLAST hit passed all three quality thresholds.	
g18324.t1									0	10	0	0	0	0	0	0	0	0	0	0	0	0	NO_QUALIFYING_HIT	NO_QUALIFYING_HIT	No BLAST hit passed all three quality thresholds.	
g18329.t1									0	3	0	0	0	0	0	0	0	0	0	0	0	0	NO_QUALIFYING_HIT	NO_QUALIFYING_HIT	No BLAST hit passed all three quality thresholds.	
g18330.t1									0	4	0	0	0	0	0	0	0	0	0	0	0	0	NO_QUALIFYING_HIT	NO_QUALIFYING_HIT	No BLAST hit passed all three quality thresholds.	
g18332.t1									0	10	0	0	0	0	0	0	0	0	0	0	0	0	NO_QUALIFYING_HIT	NO_QUALIFYING_HIT	No BLAST hit passed all three quality thresholds.	
g18333.t1									0	4	0	0	0	0	0	0	0	0	0	0	0	0	NO_QUALIFYING_HIT	NO_QUALIFYING_HIT	No BLAST hit passed all three quality thresholds.	
g18334.t1									0	1	0	0	0	0	0	0	0	0	0	0	0	0	NO_QUALIFYING_HIT	NO_QUALIFYING_HIT	No BLAST hit passed all three quality thresholds.	
g18337.t1									0	3	0	0	0	0	0	0	0	0	0	0	0	0	NO_QUALIFYING_HIT	NO_QUALIFYING_HIT	No BLAST hit passed all three quality thresholds.	
g18345.t1									0	11	0	0	0	0	0	0	0	0	0	0	0	0	NO_QUALIFYING_HIT	NO_QUALIFYING_HIT	No BLAST hit passed all three quality thresholds.	
g18349.t1									0	10	0	0	0	0	0	0	0	0	0	0	0	0	NO_QUALIFYING_HIT	NO_QUALIFYING_HIT	No BLAST hit passed all three quality thresholds.	
g18351.t1									0	11	0	0	0	0	0	0	0	0	0	0	0	0	NO_QUALIFYING_HIT	NO_QUALIFYING_HIT	No BLAST hit passed all three quality thresholds.	
g18352.t1									0	10	0	0	0	0	0	0	0	0	0	0	0	0	NO_QUALIFYING_HIT	NO_QUALIFYING_HIT	No BLAST hit passed all three quality thresholds.	
g18366.t1									0	1	0	0	0	0	0	0	0	0	0	0	0	0	NO_QUALIFYING_HIT	NO_QUALIFYING_HIT	No BLAST hit passed all three quality thresholds.	
g18369.t1									0	3	0	0	0	0	0	0	0	0	0	0	0	0	NO_QUALIFYING_HIT	NO_QUALIFYING_HIT	No BLAST hit passed all three quality thresholds.	
g18379.t1									0	9	0	0	0	0	0	0	0	0	0	0	0	0	NO_QUALIFYING_HIT	NO_QUALIFYING_HIT	No BLAST hit passed all three quality thresholds.	
g18386.t1									0	10	0	0	0	0	0	0	0	0	0	0	0	0	NO_QUALIFYING_HIT	NO_QUALIFYING_HIT	No BLAST hit passed all three quality thresholds.	
g18390.t1									0	10	0	0	0	0	0	0	0	0	0	0	0	0	NO_QUALIFYING_HIT	NO_QUALIFYING_HIT	No BLAST hit passed all three quality thresholds.	
g18394.t1									0	14	0	0	0	0	0	0	0	0	0	0	0	0	NO_QUALIFYING_HIT	NO_QUALIFYING_HIT	No BLAST hit passed all three quality thresholds.	
g18397.t1									0	3	0	0	0	0	0	0	0	0	0	0	0	0	NO_QUALIFYING_HIT	NO_QUALIFYING_HIT	No BLAST hit passed all three quality thresholds.	
g18404.t1									0	3	0	0	0	0	0	0	0	0	0	0	0	0	NO_QUALIFYING_HIT	NO_QUALIFYING_HIT	No BLAST hit passed all three quality thresholds.	
g18405.t1									0	1	0	0	0	0	0	0	0	0	0	0	0	0	NO_QUALIFYING_HIT	NO_QUALIFYING_HIT	No BLAST hit passed all three quality thresholds.	
g18407.t1									0	10	0	0	0	0	0	0	0	0	0	0	0	0	NO_QUALIFYING_HIT	NO_QUALIFYING_HIT	No BLAST hit passed all three quality thresholds.	
g18419.t1									0	4	0	0	0	0	0	0	0	0	0	0	0	0	NO_QUALIFYING_HIT	NO_QUALIFYING_HIT	No BLAST hit passed all three quality thresholds.	
g18420.t1									0	10	0	0	0	0	0	0	0	0	0	0	0	0	NO_QUALIFYING_HIT	NO_QUALIFYING_HIT	No BLAST hit passed all three quality thresholds.	
g18422.t1									0	10	0	0	0	0	0	0	0	0	0	0	0	0	NO_QUALIFYING_HIT	NO_QUALIFYING_HIT	No BLAST hit passed all three quality thresholds.	
g18430.t1									0	19	0	0	0	0	0	0	0	0	0	0	0	0	NO_QUALIFYING_HIT	NO_QUALIFYING_HIT	No BLAST hit passed all three quality thresholds.	
g18433.t1									0	10	0	0	0	0	0	0	0	0	0	0	0	0	NO_QUALIFYING_HIT	NO_QUALIFYING_HIT	No BLAST hit passed all three quality thresholds.	
g18437.t1									0	1	0	0	0	0	0	0	0	0	0	0	0	0	NO_QUALIFYING_HIT	NO_QUALIFYING_HIT	No BLAST hit passed all three quality thresholds.	
g18438.t1									0	2	0	0	0	0	0	0	0	0	0	0	0	0	NO_QUALIFYING_HIT	NO_QUALIFYING_HIT	No BLAST hit passed all three quality thresholds.	
g18439.t1									0	1	0	0	0	0	0	0	0	0	0	0	0	0	NO_QUALIFYING_HIT	NO_QUALIFYING_HIT	No BLAST hit passed all three quality thresholds.	
g18440.t1									0	3	0	0	0	0	0	0	0	0	0	0	0	0	NO_QUALIFYING_HIT	NO_QUALIFYING_HIT	No BLAST hit passed all three quality thresholds.	
g18443.t1									0	4	0	0	0	0	0	0	0	0	0	0	0	0	NO_QUALIFYING_HIT	NO_QUALIFYING_HIT	No BLAST hit passed all three quality thresholds.	
g18445.t1									0	10	0	0	0	0	0	0	0	0	0	0	0	0	NO_QUALIFYING_HIT	NO_QUALIFYING_HIT	No BLAST hit passed all three quality thresholds.	
g18446.t1									0	8	0	0	0	0	0	0	0	0	0	0	0	0	NO_QUALIFYING_HIT	NO_QUALIFYING_HIT	No BLAST hit passed all three quality thresholds.	
g18447.t1									0	10	0	0	0	0	0	0	0	0	0	0	0	0	NO_QUALIFYING_HIT	NO_QUALIFYING_HIT	No BLAST hit passed all three quality thresholds.	
g18449.t1									0	3	0	0	0	0	0	0	0	0	0	0	0	0	NO_QUALIFYING_HIT	NO_QUALIFYING_HIT	No BLAST hit passed all three quality thresholds.	
g18451.t1									0	10	0	0	0	0	0	0	0	0	0	0	0	0	NO_QUALIFYING_HIT	NO_QUALIFYING_HIT	No BLAST hit passed all three quality thresholds.	
g18452.t1									0	5	0	0	0	0	0	0	0	0	0	0	0	0	NO_QUALIFYING_HIT	NO_QUALIFYING_HIT	No BLAST hit passed all three quality thresholds.	
g18453.t1									0	6	0	0	0	0	0	0	0	0	0	0	0	0	NO_QUALIFYING_HIT	NO_QUALIFYING_HIT	No BLAST hit passed all three quality thresholds.	
g18454.t1									0	6	0	0	0	0	0	0	0	0	0	0	0	0	NO_QUALIFYING_HIT	NO_QUALIFYING_HIT	No BLAST hit passed all three quality thresholds.	
g18455.t1									0	3	0	0	0	0	0	0	0	0	0	0	0	0	NO_QUALIFYING_HIT	NO_QUALIFYING_HIT	No BLAST hit passed all three quality thresholds.	
g18463.t1									0	14	0	0	0	0	0	0	0	0	0	0	0	0	NO_QUALIFYING_HIT	NO_QUALIFYING_HIT	No BLAST hit passed all three quality thresholds.	
g18478.t1									0	1	0	0	0	0	0	0	0	0	0	0	0	0	NO_QUALIFYING_HIT	NO_QUALIFYING_HIT	No BLAST hit passed all three quality thresholds.	
g18479.t1									0	10	0	0	0	0	0	0	0	0	0	0	0	0	NO_QUALIFYING_HIT	NO_QUALIFYING_HIT	No BLAST hit passed all three quality thresholds.	
g18481.t1									0	10	0	0	0	0	0	0	0	0	0	0	0	0	NO_QUALIFYING_HIT	NO_QUALIFYING_HIT	No BLAST hit passed all three quality thresholds.	
g18488.t1									0	10	0	0	0	0	0	0	0	0	0	0	0	0	NO_QUALIFYING_HIT	NO_QUALIFYING_HIT	No BLAST hit passed all three quality thresholds.	
g18493.t1									0	4	0	0	0	0	0	0	0	0	0	0	0	0	NO_QUALIFYING_HIT	NO_QUALIFYING_HIT	No BLAST hit passed all three quality thresholds.	
g18499.t1									0	10	0	0	0	0	0	0	0	0	0	0	0	0	NO_QUALIFYING_HIT	NO_QUALIFYING_HIT	No BLAST hit passed all three quality thresholds.	
g18501.t1									0	3	0	0	0	0	0	0	0	0	0	0	0	0	NO_QUALIFYING_HIT	NO_QUALIFYING_HIT	No BLAST hit passed all three quality thresholds.	
g18504.t1									0	10	0	0	0	0	0	0	0	0	0	0	0	0	NO_QUALIFYING_HIT	NO_QUALIFYING_HIT	No BLAST hit passed all three quality thresholds.	
g18509.t1									0	3	0	0	0	0	0	0	0	0	0	0	0	0	NO_QUALIFYING_HIT	NO_QUALIFYING_HIT	No BLAST hit passed all three quality thresholds.	
g18516.t1									0	10	0	0	0	0	0	0	0	0	0	0	0	0	NO_QUALIFYING_HIT	NO_QUALIFYING_HIT	No BLAST hit passed all three quality thresholds.	
g18517.t1									0	10	0	0	0	0	0	0	0	0	0	0	0	0	NO_QUALIFYING_HIT	NO_QUALIFYING_HIT	No BLAST hit passed all three quality thresholds.	
g18526.t1									0	12	0	0	0	0	0	0	0	0	0	0	0	0	NO_QUALIFYING_HIT	NO_QUALIFYING_HIT	No BLAST hit passed all three quality thresholds.	
g18527.t1									0	10	0	0	0	0	0	0	0	0	0	0	0	0	NO_QUALIFYING_HIT	NO_QUALIFYING_HIT	No BLAST hit passed all three quality thresholds.	
g18528.t1									0	3	0	0	0	0	0	0	0	0	0	0	0	0	NO_QUALIFYING_HIT	NO_QUALIFYING_HIT	No BLAST hit passed all three quality thresholds.	
g18530.t1									0	10	0	0	0	0	0	0	0	0	0	0	0	0	NO_QUALIFYING_HIT	NO_QUALIFYING_HIT	No BLAST hit passed all three quality thresholds.	
g18536.t1									0	9	0	0	0	0	0	0	0	0	0	0	0	0	NO_QUALIFYING_HIT	NO_QUALIFYING_HIT	No BLAST hit passed all three quality thresholds.	
g18544.t1									0	2	0	0	0	0	0	0	0	0	0	0	0	0	NO_QUALIFYING_HIT	NO_QUALIFYING_HIT	No BLAST hit passed all three quality thresholds.	
g18547.t1									0	10	0	0	0	0	0	0	0	0	0	0	0	0	NO_QUALIFYING_HIT	NO_QUALIFYING_HIT	No BLAST hit passed all three quality thresholds.	
g18551.t1									0	5	0	0	0	0	0	0	0	0	0	0	0	0	NO_QUALIFYING_HIT	NO_QUALIFYING_HIT	No BLAST hit passed all three quality thresholds.	
g18558.t1									0	3	0	0	0	0	0	0	0	0	0	0	0	0	NO_QUALIFYING_HIT	NO_QUALIFYING_HIT	No BLAST hit passed all three quality thresholds.	
g18559.t2									0	10	0	0	0	0	0	0	0	0	0	0	0	0	NO_QUALIFYING_HIT	NO_QUALIFYING_HIT	No BLAST hit passed all three quality thresholds.	
g18561.t1									0	7	0	0	0	0	0	0	0	0	0	0	0	0	NO_QUALIFYING_HIT	NO_QUALIFYING_HIT	No BLAST hit passed all three quality thresholds.	
g18568.t1									0	9	0	0	0	0	0	0	0	0	0	0	0	0	NO_QUALIFYING_HIT	NO_QUALIFYING_HIT	No BLAST hit passed all three quality thresholds.	
g18571.t1									0	5	0	0	0	0	0	0	0	0	0	0	0	0	NO_QUALIFYING_HIT	NO_QUALIFYING_HIT	No BLAST hit passed all three quality thresholds.	
g18576.t1									0	4	0	0	0	0	0	0	0	0	0	0	0	0	NO_QUALIFYING_HIT	NO_QUALIFYING_HIT	No BLAST hit passed all three quality thresholds.	
g18580.t1									0	9	0	0	0	0	0	0	0	0	0	0	0	0	NO_QUALIFYING_HIT	NO_QUALIFYING_HIT	No BLAST hit passed all three quality thresholds.	
g18584.t1									0	7	0	0	0	0	0	0	0	0	0	0	0	0	NO_QUALIFYING_HIT	NO_QUALIFYING_HIT	No BLAST hit passed all three quality thresholds.	
g18587.t1									0	10	0	0	0	0	0	0	0	0	0	0	0	0	NO_QUALIFYING_HIT	NO_QUALIFYING_HIT	No BLAST hit passed all three quality thresholds.	
g18590.t1									0	1	0	0	0	0	0	0	0	0	0	0	0	0	NO_QUALIFYING_HIT	NO_QUALIFYING_HIT	No BLAST hit passed all three quality thresholds.	
g18598.t1									0	10	0	0	0	0	0	0	0	0	0	0	0	0	NO_QUALIFYING_HIT	NO_QUALIFYING_HIT	No BLAST hit passed all three quality thresholds.	
g18599.t1									0	10	0	0	0	0	0	0	0	0	0	0	0	0	NO_QUALIFYING_HIT	NO_QUALIFYING_HIT	No BLAST hit passed all three quality thresholds.	
g18612.t1									0	10	0	0	0	0	0	0	0	0	0	0	0	0	NO_QUALIFYING_HIT	NO_QUALIFYING_HIT	No BLAST hit passed all three quality thresholds.	
g18613.t1									0	9	0	0	0	0	0	0	0	0	0	0	0	0	NO_QUALIFYING_HIT	NO_QUALIFYING_HIT	No BLAST hit passed all three quality thresholds.	
g18615.t1									0	10	0	0	0	0	0	0	0	0	0	0	0	0	NO_QUALIFYING_HIT	NO_QUALIFYING_HIT	No BLAST hit passed all three quality thresholds.	
g18621.t1									0	10	0	0	0	0	0	0	0	0	0	0	0	0	NO_QUALIFYING_HIT	NO_QUALIFYING_HIT	No BLAST hit passed all three quality thresholds.	
g18625.t1									0	2	0	0	0	0	0	0	0	0	0	0	0	0	NO_QUALIFYING_HIT	NO_QUALIFYING_HIT	No BLAST hit passed all three quality thresholds.	
g18627.t1									0	1	0	0	0	0	0	0	0	0	0	0	0	0	NO_QUALIFYING_HIT	NO_QUALIFYING_HIT	No BLAST hit passed all three quality thresholds.	
g18628.t1									0	4	0	0	0	0	0	0	0	0	0	0	0	0	NO_QUALIFYING_HIT	NO_QUALIFYING_HIT	No BLAST hit passed all three quality thresholds.	
g18631.t1									0	8	0	0	0	0	0	0	0	0	0	0	0	0	NO_QUALIFYING_HIT	NO_QUALIFYING_HIT	No BLAST hit passed all three quality thresholds.	
g18633.t1									0	8	0	0	0	0	0	0	0	0	0	0	0	0	NO_QUALIFYING_HIT	NO_QUALIFYING_HIT	No BLAST hit passed all three quality thresholds.	
g18641.t1									0	1	0	0	0	0	0	0	0	0	0	0	0	0	NO_QUALIFYING_HIT	NO_QUALIFYING_HIT	No BLAST hit passed all three quality thresholds.	
g18643.t1									0	1	0	0	0	0	0	0	0	0	0	0	0	0	NO_QUALIFYING_HIT	NO_QUALIFYING_HIT	No BLAST hit passed all three quality thresholds.	
g18657.t1									0	10	0	0	0	0	0	0	0	0	0	0	0	0	NO_QUALIFYING_HIT	NO_QUALIFYING_HIT	No BLAST hit passed all three quality thresholds.	
g18663.t1									0	10	0	0	0	0	0	0	0	0	0	0	0	0	NO_QUALIFYING_HIT	NO_QUALIFYING_HIT	No BLAST hit passed all three quality thresholds.	
g18673.t1									0	10	0	0	0	0	0	0	0	0	0	0	0	0	NO_QUALIFYING_HIT	NO_QUALIFYING_HIT	No BLAST hit passed all three quality thresholds.	
g18675.t1									0	10	0	0	0	0	0	0	0	0	0	0	0	0	NO_QUALIFYING_HIT	NO_QUALIFYING_HIT	No BLAST hit passed all three quality thresholds.	
g18676.t1									0	11	0	0	0	0	0	0	0	0	0	0	0	0	NO_QUALIFYING_HIT	NO_QUALIFYING_HIT	No BLAST hit passed all three quality thresholds.	
g18677.t1									0	18	0	0	0	0	0	0	0	0	0	0	0	0	NO_QUALIFYING_HIT	NO_QUALIFYING_HIT	No BLAST hit passed all three quality thresholds.	
g18687.t1									0	10	0	0	0	0	0	0	0	0	0	0	0	0	NO_QUALIFYING_HIT	NO_QUALIFYING_HIT	No BLAST hit passed all three quality thresholds.	
g18693.t1									0	6	0	0	0	0	0	0	0	0	0	0	0	0	NO_QUALIFYING_HIT	NO_QUALIFYING_HIT	No BLAST hit passed all three quality thresholds.	
g18699.t1									0	6	0	0	0	0	0	0	0	0	0	0	0	0	NO_QUALIFYING_HIT	NO_QUALIFYING_HIT	No BLAST hit passed all three quality thresholds.	
g18701.t1									0	5	0	0	0	0	0	0	0	0	0	0	0	0	NO_QUALIFYING_HIT	NO_QUALIFYING_HIT	No BLAST hit passed all three quality thresholds.	
g18702.t1									0	10	0	0	0	0	0	0	0	0	0	0	0	0	NO_QUALIFYING_HIT	NO_QUALIFYING_HIT	No BLAST hit passed all three quality thresholds.	
g18703.t1									0	10	0	0	0	0	0	0	0	0	0	0	0	0	NO_QUALIFYING_HIT	NO_QUALIFYING_HIT	No BLAST hit passed all three quality thresholds.	
g18705.t1									0	5	0	0	0	0	0	0	0	0	0	0	0	0	NO_QUALIFYING_HIT	NO_QUALIFYING_HIT	No BLAST hit passed all three quality thresholds.	
g18706.t1									0	10	0	0	0	0	0	0	0	0	0	0	0	0	NO_QUALIFYING_HIT	NO_QUALIFYING_HIT	No BLAST hit passed all three quality thresholds.	
g18710.t1									0	10	0	0	0	0	0	0	0	0	0	0	0	0	NO_QUALIFYING_HIT	NO_QUALIFYING_HIT	No BLAST hit passed all three quality thresholds.	
g18721.t1									0	10	0	0	0	0	0	0	0	0	0	0	0	0	NO_QUALIFYING_HIT	NO_QUALIFYING_HIT	No BLAST hit passed all three quality thresholds.	
g18725.t1									0	2	0	0	0	0	0	0	0	0	0	0	0	0	NO_QUALIFYING_HIT	NO_QUALIFYING_HIT	No BLAST hit passed all three quality thresholds.	
g18726.t1									0	7	0	0	0	0	0	0	0	0	0	0	0	0	NO_QUALIFYING_HIT	NO_QUALIFYING_HIT	No BLAST hit passed all three quality thresholds.	
g18727.t1									0	1	0	0	0	0	0	0	0	0	0	0	0	0	NO_QUALIFYING_HIT	NO_QUALIFYING_HIT	No BLAST hit passed all three quality thresholds.	
g18731.t1									0	10	0	0	0	0	0	0	0	0	0	0	0	0	NO_QUALIFYING_HIT	NO_QUALIFYING_HIT	No BLAST hit passed all three quality thresholds.	
g18745.t1									0	10	0	0	0	0	0	0	0	0	0	0	0	0	NO_QUALIFYING_HIT	NO_QUALIFYING_HIT	No BLAST hit passed all three quality thresholds.	
g18746.t1									0	4	0	0	0	0	0	0	0	0	0	0	0	0	NO_QUALIFYING_HIT	NO_QUALIFYING_HIT	No BLAST hit passed all three quality thresholds.	
g18748.t1									0	10	0	0	0	0	0	0	0	0	0	0	0	0	NO_QUALIFYING_HIT	NO_QUALIFYING_HIT	No BLAST hit passed all three quality thresholds.	
g18752.t1									0	1	0	0	0	0	0	0	0	0	0	0	0	0	NO_QUALIFYING_HIT	NO_QUALIFYING_HIT	No BLAST hit passed all three quality thresholds.	
g18753.t1									0	10	0	0	0	0	0	0	0	0	0	0	0	0	NO_QUALIFYING_HIT	NO_QUALIFYING_HIT	No BLAST hit passed all three quality thresholds.	
g18762.t2									0	10	0	0	0	0	0	0	0	0	0	0	0	0	NO_QUALIFYING_HIT	NO_QUALIFYING_HIT	No BLAST hit passed all three quality thresholds.	
g18773.t1									0	3	0	0	0	0	0	0	0	0	0	0	0	0	NO_QUALIFYING_HIT	NO_QUALIFYING_HIT	No BLAST hit passed all three quality thresholds.	
g18774.t1									0	2	0	0	0	0	0	0	0	0	0	0	0	0	NO_QUALIFYING_HIT	NO_QUALIFYING_HIT	No BLAST hit passed all three quality thresholds.	
g18775.t1									0	3	0	0	0	0	0	0	0	0	0	0	0	0	NO_QUALIFYING_HIT	NO_QUALIFYING_HIT	No BLAST hit passed all three quality thresholds.	
g18784.t1									0	3	0	0	0	0	0	0	0	0	0	0	0	0	NO_QUALIFYING_HIT	NO_QUALIFYING_HIT	No BLAST hit passed all three quality thresholds.	
g18794.t1									0	11	0	0	0	0	0	0	0	0	0	0	0	0	NO_QUALIFYING_HIT	NO_QUALIFYING_HIT	No BLAST hit passed all three quality thresholds.	
g18795.t1									0	10	0	0	0	0	0	0	0	0	0	0	0	0	NO_QUALIFYING_HIT	NO_QUALIFYING_HIT	No BLAST hit passed all three quality thresholds.	
g18799.t1									0	6	0	0	0	0	0	0	0	0	0	0	0	0	NO_QUALIFYING_HIT	NO_QUALIFYING_HIT	No BLAST hit passed all three quality thresholds.	
g18801.t1									0	5	0	0	0	0	0	0	0	0	0	0	0	0	NO_QUALIFYING_HIT	NO_QUALIFYING_HIT	No BLAST hit passed all three quality thresholds.	
g18803.t1									0	10	0	0	0	0	0	0	0	0	0	0	0	0	NO_QUALIFYING_HIT	NO_QUALIFYING_HIT	No BLAST hit passed all three quality thresholds.	
g18812.t1									0	1	0	0	0	0	0	0	0	0	0	0	0	0	NO_QUALIFYING_HIT	NO_QUALIFYING_HIT	No BLAST hit passed all three quality thresholds.	
g18814.t1									0	10	0	0	0	0	0	0	0	0	0	0	0	0	NO_QUALIFYING_HIT	NO_QUALIFYING_HIT	No BLAST hit passed all three quality thresholds.	
g18815.t1									0	6	0	0	0	0	0	0	0	0	0	0	0	0	NO_QUALIFYING_HIT	NO_QUALIFYING_HIT	No BLAST hit passed all three quality thresholds.	
g18816.t1									0	3	0	0	0	0	0	0	0	0	0	0	0	0	NO_QUALIFYING_HIT	NO_QUALIFYING_HIT	No BLAST hit passed all three quality thresholds.	
g18826.t1									0	10	0	0	0	0	0	0	0	0	0	0	0	0	NO_QUALIFYING_HIT	NO_QUALIFYING_HIT	No BLAST hit passed all three quality thresholds.	
g18838.t1									0	4	0	0	0	0	0	0	0	0	0	0	0	0	NO_QUALIFYING_HIT	NO_QUALIFYING_HIT	No BLAST hit passed all three quality thresholds.	
g18840.t1									0	7	0	0	0	0	0	0	0	0	0	0	0	0	NO_QUALIFYING_HIT	NO_QUALIFYING_HIT	No BLAST hit passed all three quality thresholds.	
g18841.t1									0	10	0	0	0	0	0	0	0	0	0	0	0	0	NO_QUALIFYING_HIT	NO_QUALIFYING_HIT	No BLAST hit passed all three quality thresholds.	
g18853.t1									0	17	0	0	0	0	0	0	0	0	0	0	0	0	NO_QUALIFYING_HIT	NO_QUALIFYING_HIT	No BLAST hit passed all three quality thresholds.	
g18854.t1									0	16	0	0	0	0	0	0	0	0	0	0	0	0	NO_QUALIFYING_HIT	NO_QUALIFYING_HIT	No BLAST hit passed all three quality thresholds.	
g18860.t1									0	10	0	0	0	0	0	0	0	0	0	0	0	0	NO_QUALIFYING_HIT	NO_QUALIFYING_HIT	No BLAST hit passed all three quality thresholds.	
g18861.t1									0	10	0	0	0	0	0	0	0	0	0	0	0	0	NO_QUALIFYING_HIT	NO_QUALIFYING_HIT	No BLAST hit passed all three quality thresholds.	
g18867.t1									0	10	0	0	0	0	0	0	0	0	0	0	0	0	NO_QUALIFYING_HIT	NO_QUALIFYING_HIT	No BLAST hit passed all three quality thresholds.	
g18870.t1									0	3	0	0	0	0	0	0	0	0	0	0	0	0	NO_QUALIFYING_HIT	NO_QUALIFYING_HIT	No BLAST hit passed all three quality thresholds.	
g18873.t1									0	10	0	0	0	0	0	0	0	0	0	0	0	0	NO_QUALIFYING_HIT	NO_QUALIFYING_HIT	No BLAST hit passed all three quality thresholds.	
g18874.t1									0	10	0	0	0	0	0	0	0	0	0	0	0	0	NO_QUALIFYING_HIT	NO_QUALIFYING_HIT	No BLAST hit passed all three quality thresholds.	
g18881.t1									0	8	0	0	0	0	0	0	0	0	0	0	0	0	NO_QUALIFYING_HIT	NO_QUALIFYING_HIT	No BLAST hit passed all three quality thresholds.	
g18882.t1									0	3	0	0	0	0	0	0	0	0	0	0	0	0	NO_QUALIFYING_HIT	NO_QUALIFYING_HIT	No BLAST hit passed all three quality thresholds.	
g18885.t1									0	9	0	0	0	0	0	0	0	0	0	0	0	0	NO_QUALIFYING_HIT	NO_QUALIFYING_HIT	No BLAST hit passed all three quality thresholds.	
g18892.t1									0	8	0	0	0	0	0	0	0	0	0	0	0	0	NO_QUALIFYING_HIT	NO_QUALIFYING_HIT	No BLAST hit passed all three quality thresholds.	
g18911.t1									0	1	0	0	0	0	0	0	0	0	0	0	0	0	NO_QUALIFYING_HIT	NO_QUALIFYING_HIT	No BLAST hit passed all three quality thresholds.	
g18922.t1									0	10	0	0	0	0	0	0	0	0	0	0	0	0	NO_QUALIFYING_HIT	NO_QUALIFYING_HIT	No BLAST hit passed all three quality thresholds.	
g18924.t1									0	6	0	0	0	0	0	0	0	0	0	0	0	0	NO_QUALIFYING_HIT	NO_QUALIFYING_HIT	No BLAST hit passed all three quality thresholds.	
g18926.t1									0	6	0	0	0	0	0	0	0	0	0	0	0	0	NO_QUALIFYING_HIT	NO_QUALIFYING_HIT	No BLAST hit passed all three quality thresholds.	
g18932.t1									0	5	0	0	0	0	0	0	0	0	0	0	0	0	NO_QUALIFYING_HIT	NO_QUALIFYING_HIT	No BLAST hit passed all three quality thresholds.	
g18933.t1									0	4	0	0	0	0	0	0	0	0	0	0	0	0	NO_QUALIFYING_HIT	NO_QUALIFYING_HIT	No BLAST hit passed all three quality thresholds.	
g18934.t1									0	2	0	0	0	0	0	0	0	0	0	0	0	0	NO_QUALIFYING_HIT	NO_QUALIFYING_HIT	No BLAST hit passed all three quality thresholds.	
g18935.t1									0	5	0	0	0	0	0	0	0	0	0	0	0	0	NO_QUALIFYING_HIT	NO_QUALIFYING_HIT	No BLAST hit passed all three quality thresholds.	
g18944.t1									0	11	0	0	0	0	0	0	0	0	0	0	0	0	NO_QUALIFYING_HIT	NO_QUALIFYING_HIT	No BLAST hit passed all three quality thresholds.	
g18952.t1									0	1	0	0	0	0	0	0	0	0	0	0	0	0	NO_QUALIFYING_HIT	NO_QUALIFYING_HIT	No BLAST hit passed all three quality thresholds.	
g18959.t2									0	11	0	0	0	0	0	0	0	0	0	0	0	0	NO_QUALIFYING_HIT	NO_QUALIFYING_HIT	No BLAST hit passed all three quality thresholds.	
g18967.t1									0	10	0	0	0	0	0	0	0	0	0	0	0	0	NO_QUALIFYING_HIT	NO_QUALIFYING_HIT	No BLAST hit passed all three quality thresholds.	
g18969.t1									0	3	0	0	0	0	0	0	0	0	0	0	0	0	NO_QUALIFYING_HIT	NO_QUALIFYING_HIT	No BLAST hit passed all three quality thresholds.	
g18971.t1									0	4	0	0	0	0	0	0	0	0	0	0	0	0	NO_QUALIFYING_HIT	NO_QUALIFYING_HIT	No BLAST hit passed all three quality thresholds.	
g18973.t1									0	5	0	0	0	0	0	0	0	0	0	0	0	0	NO_QUALIFYING_HIT	NO_QUALIFYING_HIT	No BLAST hit passed all three quality thresholds.	
g18975.t1									0	10	0	0	0	0	0	0	0	0	0	0	0	0	NO_QUALIFYING_HIT	NO_QUALIFYING_HIT	No BLAST hit passed all three quality thresholds.	
g18976.t1									0	8	0	0	0	0	0	0	0	0	0	0	0	0	NO_QUALIFYING_HIT	NO_QUALIFYING_HIT	No BLAST hit passed all three quality thresholds.	
g18977.t1									0	10	0	0	0	0	0	0	0	0	0	0	0	0	NO_QUALIFYING_HIT	NO_QUALIFYING_HIT	No BLAST hit passed all three quality thresholds.	
g18979.t1									0	10	0	0	0	0	0	0	0	0	0	0	0	0	NO_QUALIFYING_HIT	NO_QUALIFYING_HIT	No BLAST hit passed all three quality thresholds.	
g18992.t1									0	10	0	0	0	0	0	0	0	0	0	0	0	0	NO_QUALIFYING_HIT	NO_QUALIFYING_HIT	No BLAST hit passed all three quality thresholds.	
g19005.t1									0	10	0	0	0	0	0	0	0	0	0	0	0	0	NO_QUALIFYING_HIT	NO_QUALIFYING_HIT	No BLAST hit passed all three quality thresholds.	
g19008.t1									0	10	0	0	0	0	0	0	0	0	0	0	0	0	NO_QUALIFYING_HIT	NO_QUALIFYING_HIT	No BLAST hit passed all three quality thresholds.	
g19011.t1									0	5	0	0	0	0	0	0	0	0	0	0	0	0	NO_QUALIFYING_HIT	NO_QUALIFYING_HIT	No BLAST hit passed all three quality thresholds.	
g19012.t1									0	1	0	0	0	0	0	0	0	0	0	0	0	0	NO_QUALIFYING_HIT	NO_QUALIFYING_HIT	No BLAST hit passed all three quality thresholds.	
g19031.t1									0	10	0	0	0	0	0	0	0	0	0	0	0	0	NO_QUALIFYING_HIT	NO_QUALIFYING_HIT	No BLAST hit passed all three quality thresholds.	
g19038.t1									0	10	0	0	0	0	0	0	0	0	0	0	0	0	NO_QUALIFYING_HIT	NO_QUALIFYING_HIT	No BLAST hit passed all three quality thresholds.	
g19039.t1									0	10	0	0	0	0	0	0	0	0	0	0	0	0	NO_QUALIFYING_HIT	NO_QUALIFYING_HIT	No BLAST hit passed all three quality thresholds.	
g19042.t1									0	4	0	0	0	0	0	0	0	0	0	0	0	0	NO_QUALIFYING_HIT	NO_QUALIFYING_HIT	No BLAST hit passed all three quality thresholds.	
g19043.t1									0	2	0	0	0	0	0	0	0	0	0	0	0	0	NO_QUALIFYING_HIT	NO_QUALIFYING_HIT	No BLAST hit passed all three quality thresholds.	
g19045.t1									0	9	0	0	0	0	0	0	0	0	0	0	0	0	NO_QUALIFYING_HIT	NO_QUALIFYING_HIT	No BLAST hit passed all three quality thresholds.	
g19048.t1									0	6	0	0	0	0	0	0	0	0	0	0	0	0	NO_QUALIFYING_HIT	NO_QUALIFYING_HIT	No BLAST hit passed all three quality thresholds.	
g19049.t1									0	1	0	0	0	0	0	0	0	0	0	0	0	0	NO_QUALIFYING_HIT	NO_QUALIFYING_HIT	No BLAST hit passed all three quality thresholds.	
g19050.t1									0	3	0	0	0	0	0	0	0	0	0	0	0	0	NO_QUALIFYING_HIT	NO_QUALIFYING_HIT	No BLAST hit passed all three quality thresholds.	
g19055.t1									0	2	0	0	0	0	0	0	0	0	0	0	0	0	NO_QUALIFYING_HIT	NO_QUALIFYING_HIT	No BLAST hit passed all three quality thresholds.	
g19064.t1									0	10	0	0	0	0	0	0	0	0	0	0	0	0	NO_QUALIFYING_HIT	NO_QUALIFYING_HIT	No BLAST hit passed all three quality thresholds.	
g19066.t1									0	4	0	0	0	0	0	0	0	0	0	0	0	0	NO_QUALIFYING_HIT	NO_QUALIFYING_HIT	No BLAST hit passed all three quality thresholds.	
g19073.t1									0	10	0	0	0	0	0	0	0	0	0	0	0	0	NO_QUALIFYING_HIT	NO_QUALIFYING_HIT	No BLAST hit passed all three quality thresholds.	
g19077.t1									0	5	0	0	0	0	0	0	0	0	0	0	0	0	NO_QUALIFYING_HIT	NO_QUALIFYING_HIT	No BLAST hit passed all three quality thresholds.	
g19078.t1									0	3	0	0	0	0	0	0	0	0	0	0	0	0	NO_QUALIFYING_HIT	NO_QUALIFYING_HIT	No BLAST hit passed all three quality thresholds.	
g19081.t1									0	9	0	0	0	0	0	0	0	0	0	0	0	0	NO_QUALIFYING_HIT	NO_QUALIFYING_HIT	No BLAST hit passed all three quality thresholds.	
g19109.t1									0	3	0	0	0	0	0	0	0	0	0	0	0	0	NO_QUALIFYING_HIT	NO_QUALIFYING_HIT	No BLAST hit passed all three quality thresholds.	
g19110.t1									0	10	0	0	0	0	0	0	0	0	0	0	0	0	NO_QUALIFYING_HIT	NO_QUALIFYING_HIT	No BLAST hit passed all three quality thresholds.	
g19119.t1									0	10	0	0	0	0	0	0	0	0	0	0	0	0	NO_QUALIFYING_HIT	NO_QUALIFYING_HIT	No BLAST hit passed all three quality thresholds.	
g19134.t1									0	9	0	0	0	0	0	0	0	0	0	0	0	0	NO_QUALIFYING_HIT	NO_QUALIFYING_HIT	No BLAST hit passed all three quality thresholds.	
g19138.t1									0	8	0	0	0	0	0	0	0	0	0	0	0	0	NO_QUALIFYING_HIT	NO_QUALIFYING_HIT	No BLAST hit passed all three quality thresholds.	
g19141.t1									0	4	0	0	0	0	0	0	0	0	0	0	0	0	NO_QUALIFYING_HIT	NO_QUALIFYING_HIT	No BLAST hit passed all three quality thresholds.	
g19142.t1									0	1	0	0	0	0	0	0	0	0	0	0	0	0	NO_QUALIFYING_HIT	NO_QUALIFYING_HIT	No BLAST hit passed all three quality thresholds.	
g19144.t1									0	1	0	0	0	0	0	0	0	0	0	0	0	0	NO_QUALIFYING_HIT	NO_QUALIFYING_HIT	No BLAST hit passed all three quality thresholds.	
g19148.t1									0	10	0	0	0	0	0	0	0	0	0	0	0	0	NO_QUALIFYING_HIT	NO_QUALIFYING_HIT	No BLAST hit passed all three quality thresholds.	
g19155.t1									0	1	0	0	0	0	0	0	0	0	0	0	0	0	NO_QUALIFYING_HIT	NO_QUALIFYING_HIT	No BLAST hit passed all three quality thresholds.	
g19158.t1									0	3	0	0	0	0	0	0	0	0	0	0	0	0	NO_QUALIFYING_HIT	NO_QUALIFYING_HIT	No BLAST hit passed all three quality thresholds.	
g19159.t1									0	3	0	0	0	0	0	0	0	0	0	0	0	0	NO_QUALIFYING_HIT	NO_QUALIFYING_HIT	No BLAST hit passed all three quality thresholds.	
g19171.t1									0	10	0	0	0	0	0	0	0	0	0	0	0	0	NO_QUALIFYING_HIT	NO_QUALIFYING_HIT	No BLAST hit passed all three quality thresholds.	
g19173.t1									0	8	0	0	0	0	0	0	0	0	0	0	0	0	NO_QUALIFYING_HIT	NO_QUALIFYING_HIT	No BLAST hit passed all three quality thresholds.	
g19176.t1									0	9	0	0	0	0	0	0	0	0	0	0	0	0	NO_QUALIFYING_HIT	NO_QUALIFYING_HIT	No BLAST hit passed all three quality thresholds.	
g19177.t1									0	10	0	0	0	0	0	0	0	0	0	0	0	0	NO_QUALIFYING_HIT	NO_QUALIFYING_HIT	No BLAST hit passed all three quality thresholds.	
g19189.t1									0	1	0	0	0	0	0	0	0	0	0	0	0	0	NO_QUALIFYING_HIT	NO_QUALIFYING_HIT	No BLAST hit passed all three quality thresholds.	
g19196.t1									0	10	0	0	0	0	0	0	0	0	0	0	0	0	NO_QUALIFYING_HIT	NO_QUALIFYING_HIT	No BLAST hit passed all three quality thresholds.	
g19200.t1									0	5	0	0	0	0	0	0	0	0	0	0	0	0	NO_QUALIFYING_HIT	NO_QUALIFYING_HIT	No BLAST hit passed all three quality thresholds.	
g19201.t1									0	10	0	0	0	0	0	0	0	0	0	0	0	0	NO_QUALIFYING_HIT	NO_QUALIFYING_HIT	No BLAST hit passed all three quality thresholds.	
g19202.t1									0	10	0	0	0	0	0	0	0	0	0	0	0	0	NO_QUALIFYING_HIT	NO_QUALIFYING_HIT	No BLAST hit passed all three quality thresholds.	
g19203.t1									0	7	0	0	0	0	0	0	0	0	0	0	0	0	NO_QUALIFYING_HIT	NO_QUALIFYING_HIT	No BLAST hit passed all three quality thresholds.	
g19211.t1									0	4	0	0	0	0	0	0	0	0	0	0	0	0	NO_QUALIFYING_HIT	NO_QUALIFYING_HIT	No BLAST hit passed all three quality thresholds.	
g19218.t1									0	10	0	0	0	0	0	0	0	0	0	0	0	0	NO_QUALIFYING_HIT	NO_QUALIFYING_HIT	No BLAST hit passed all three quality thresholds.	
g19223.t1									0	10	0	0	0	0	0	0	0	0	0	0	0	0	NO_QUALIFYING_HIT	NO_QUALIFYING_HIT	No BLAST hit passed all three quality thresholds.	
g19227.t1									0	2	0	0	0	0	0	0	0	0	0	0	0	0	NO_QUALIFYING_HIT	NO_QUALIFYING_HIT	No BLAST hit passed all three quality thresholds.	
g19229.t1									0	15	0	0	0	0	0	0	0	0	0	0	0	0	NO_QUALIFYING_HIT	NO_QUALIFYING_HIT	No BLAST hit passed all three quality thresholds.	
g19248.t1									0	3	0	0	0	0	0	0	0	0	0	0	0	0	NO_QUALIFYING_HIT	NO_QUALIFYING_HIT	No BLAST hit passed all three quality thresholds.	
g19253.t1									0	10	0	0	0	0	0	0	0	0	0	0	0	0	NO_QUALIFYING_HIT	NO_QUALIFYING_HIT	No BLAST hit passed all three quality thresholds.	
g19255.t1									0	10	0	0	0	0	0	0	0	0	0	0	0	0	NO_QUALIFYING_HIT	NO_QUALIFYING_HIT	No BLAST hit passed all three quality thresholds.	
g19263.t1									0	2	0	0	0	0	0	0	0	0	0	0	0	0	NO_QUALIFYING_HIT	NO_QUALIFYING_HIT	No BLAST hit passed all three quality thresholds.	
g19281.t1									0	2	0	0	0	0	0	0	0	0	0	0	0	0	NO_QUALIFYING_HIT	NO_QUALIFYING_HIT	No BLAST hit passed all three quality thresholds.	
g19282.t1									0	5	0	0	0	0	0	0	0	0	0	0	0	0	NO_QUALIFYING_HIT	NO_QUALIFYING_HIT	No BLAST hit passed all three quality thresholds.	
g19296.t1									0	4	0	0	0	0	0	0	0	0	0	0	0	0	NO_QUALIFYING_HIT	NO_QUALIFYING_HIT	No BLAST hit passed all three quality thresholds.	
g19297.t1									0	4	0	0	0	0	0	0	0	0	0	0	0	0	NO_QUALIFYING_HIT	NO_QUALIFYING_HIT	No BLAST hit passed all three quality thresholds.	
g19300.t1									0	10	0	0	0	0	0	0	0	0	0	0	0	0	NO_QUALIFYING_HIT	NO_QUALIFYING_HIT	No BLAST hit passed all three quality thresholds.	
g19302.t1									0	1	0	0	0	0	0	0	0	0	0	0	0	0	NO_QUALIFYING_HIT	NO_QUALIFYING_HIT	No BLAST hit passed all three quality thresholds.	
g19307.t1									0	10	0	0	0	0	0	0	0	0	0	0	0	0	NO_QUALIFYING_HIT	NO_QUALIFYING_HIT	No BLAST hit passed all three quality thresholds.	
g19312.t1									0	10	0	0	0	0	0	0	0	0	0	0	0	0	NO_QUALIFYING_HIT	NO_QUALIFYING_HIT	No BLAST hit passed all three quality thresholds.	
g19331.t1									0	4	0	0	0	0	0	0	0	0	0	0	0	0	NO_QUALIFYING_HIT	NO_QUALIFYING_HIT	No BLAST hit passed all three quality thresholds.	
g19333.t1									0	4	0	0	0	0	0	0	0	0	0	0	0	0	NO_QUALIFYING_HIT	NO_QUALIFYING_HIT	No BLAST hit passed all three quality thresholds.	
g19336.t1									0	10	0	0	0	0	0	0	0	0	0	0	0	0	NO_QUALIFYING_HIT	NO_QUALIFYING_HIT	No BLAST hit passed all three quality thresholds.	
g19357.t1									0	12	0	0	0	0	0	0	0	0	0	0	0	0	NO_QUALIFYING_HIT	NO_QUALIFYING_HIT	No BLAST hit passed all three quality thresholds.	
g19358.t1									0	10	0	0	0	0	0	0	0	0	0	0	0	0	NO_QUALIFYING_HIT	NO_QUALIFYING_HIT	No BLAST hit passed all three quality thresholds.	
g19359.t1									0	4	0	0	0	0	0	0	0	0	0	0	0	0	NO_QUALIFYING_HIT	NO_QUALIFYING_HIT	No BLAST hit passed all three quality thresholds.	
g19364.t1									0	10	0	0	0	0	0	0	0	0	0	0	0	0	NO_QUALIFYING_HIT	NO_QUALIFYING_HIT	No BLAST hit passed all three quality thresholds.	
g19365.t1									0	1	0	0	0	0	0	0	0	0	0	0	0	0	NO_QUALIFYING_HIT	NO_QUALIFYING_HIT	No BLAST hit passed all three quality thresholds.	
g19372.t1									0	1	0	0	0	0	0	0	0	0	0	0	0	0	NO_QUALIFYING_HIT	NO_QUALIFYING_HIT	No BLAST hit passed all three quality thresholds.	
g19373.t1									0	3	0	0	0	0	0	0	0	0	0	0	0	0	NO_QUALIFYING_HIT	NO_QUALIFYING_HIT	No BLAST hit passed all three quality thresholds.	
g19374.t1									0	5	0	0	0	0	0	0	0	0	0	0	0	0	NO_QUALIFYING_HIT	NO_QUALIFYING_HIT	No BLAST hit passed all three quality thresholds.	
g19387.t1									0	10	0	0	0	0	0	0	0	0	0	0	0	0	NO_QUALIFYING_HIT	NO_QUALIFYING_HIT	No BLAST hit passed all three quality thresholds.	
g19391.t1									0	4	0	0	0	0	0	0	0	0	0	0	0	0	NO_QUALIFYING_HIT	NO_QUALIFYING_HIT	No BLAST hit passed all three quality thresholds.	
g19408.t1									0	10	0	0	0	0	0	0	0	0	0	0	0	0	NO_QUALIFYING_HIT	NO_QUALIFYING_HIT	No BLAST hit passed all three quality thresholds.	
g19409.t1									0	10	0	0	0	0	0	0	0	0	0	0	0	0	NO_QUALIFYING_HIT	NO_QUALIFYING_HIT	No BLAST hit passed all three quality thresholds.	
g19415.t1									0	7	0	0	0	0	0	0	0	0	0	0	0	0	NO_QUALIFYING_HIT	NO_QUALIFYING_HIT	No BLAST hit passed all three quality thresholds.	
g19423.t1									0	7	0	0	0	0	0	0	0	0	0	0	0	0	NO_QUALIFYING_HIT	NO_QUALIFYING_HIT	No BLAST hit passed all three quality thresholds.	
g19435.t1									0	13	0	0	0	0	0	0	0	0	0	0	0	0	NO_QUALIFYING_HIT	NO_QUALIFYING_HIT	No BLAST hit passed all three quality thresholds.	
g19437.t1									0	10	0	0	0	0	0	0	0	0	0	0	0	0	NO_QUALIFYING_HIT	NO_QUALIFYING_HIT	No BLAST hit passed all three quality thresholds.	
g19438.t1									0	4	0	0	0	0	0	0	0	0	0	0	0	0	NO_QUALIFYING_HIT	NO_QUALIFYING_HIT	No BLAST hit passed all three quality thresholds.	
g19439.t1									0	10	0	0	0	0	0	0	0	0	0	0	0	0	NO_QUALIFYING_HIT	NO_QUALIFYING_HIT	No BLAST hit passed all three quality thresholds.	
g19445.t1									0	10	0	0	0	0	0	0	0	0	0	0	0	0	NO_QUALIFYING_HIT	NO_QUALIFYING_HIT	No BLAST hit passed all three quality thresholds.	
g19451.t1									0	11	0	0	0	0	0	0	0	0	0	0	0	0	NO_QUALIFYING_HIT	NO_QUALIFYING_HIT	No BLAST hit passed all three quality thresholds.	
g19464.t1									0	7	0	0	0	0	0	0	0	0	0	0	0	0	NO_QUALIFYING_HIT	NO_QUALIFYING_HIT	No BLAST hit passed all three quality thresholds.	
g19468.t1									0	1	0	0	0	0	0	0	0	0	0	0	0	0	NO_QUALIFYING_HIT	NO_QUALIFYING_HIT	No BLAST hit passed all three quality thresholds.	
g19480.t1									0	11	0	0	0	0	0	0	0	0	0	0	0	0	NO_QUALIFYING_HIT	NO_QUALIFYING_HIT	No BLAST hit passed all three quality thresholds.	
g19492.t1									0	8	0	0	0	0	0	0	0	0	0	0	0	0	NO_QUALIFYING_HIT	NO_QUALIFYING_HIT	No BLAST hit passed all three quality thresholds.	
g19500.t1									0	10	0	0	0	0	0	0	0	0	0	0	0	0	NO_QUALIFYING_HIT	NO_QUALIFYING_HIT	No BLAST hit passed all three quality thresholds.	
g19501.t1									0	4	0	0	0	0	0	0	0	0	0	0	0	0	NO_QUALIFYING_HIT	NO_QUALIFYING_HIT	No BLAST hit passed all three quality thresholds.	
g19503.t1									0	11	0	0	0	0	0	0	0	0	0	0	0	0	NO_QUALIFYING_HIT	NO_QUALIFYING_HIT	No BLAST hit passed all three quality thresholds.	
g19508.t4									0	10	0	0	0	0	0	0	0	0	0	0	0	0	NO_QUALIFYING_HIT	NO_QUALIFYING_HIT	No BLAST hit passed all three quality thresholds.	
g19514.t1									0	5	0	0	0	0	0	0	0	0	0	0	0	0	NO_QUALIFYING_HIT	NO_QUALIFYING_HIT	No BLAST hit passed all three quality thresholds.	
g19515.t1									0	10	0	0	0	0	0	0	0	0	0	0	0	0	NO_QUALIFYING_HIT	NO_QUALIFYING_HIT	No BLAST hit passed all three quality thresholds.	
g19518.t1									0	10	0	0	0	0	0	0	0	0	0	0	0	0	NO_QUALIFYING_HIT	NO_QUALIFYING_HIT	No BLAST hit passed all three quality thresholds.	
g19519.t1									0	2	0	0	0	0	0	0	0	0	0	0	0	0	NO_QUALIFYING_HIT	NO_QUALIFYING_HIT	No BLAST hit passed all three quality thresholds.	
g19521.t1									0	2	0	0	0	0	0	0	0	0	0	0	0	0	NO_QUALIFYING_HIT	NO_QUALIFYING_HIT	No BLAST hit passed all three quality thresholds.	
g19523.t1									0	10	0	0	0	0	0	0	0	0	0	0	0	0	NO_QUALIFYING_HIT	NO_QUALIFYING_HIT	No BLAST hit passed all three quality thresholds.	
g19527.t1									0	4	0	0	0	0	0	0	0	0	0	0	0	0	NO_QUALIFYING_HIT	NO_QUALIFYING_HIT	No BLAST hit passed all three quality thresholds.	
g19535.t1									0	12	0	0	0	0	0	0	0	0	0	0	0	0	NO_QUALIFYING_HIT	NO_QUALIFYING_HIT	No BLAST hit passed all three quality thresholds.	
g19539.t1									0	2	0	0	0	0	0	0	0	0	0	0	0	0	NO_QUALIFYING_HIT	NO_QUALIFYING_HIT	No BLAST hit passed all three quality thresholds.	
g19541.t1									0	9	0	0	0	0	0	0	0	0	0	0	0	0	NO_QUALIFYING_HIT	NO_QUALIFYING_HIT	No BLAST hit passed all three quality thresholds.	
g19543.t1									0	10	0	0	0	0	0	0	0	0	0	0	0	0	NO_QUALIFYING_HIT	NO_QUALIFYING_HIT	No BLAST hit passed all three quality thresholds.	
g19544.t1									0	4	0	0	0	0	0	0	0	0	0	0	0	0	NO_QUALIFYING_HIT	NO_QUALIFYING_HIT	No BLAST hit passed all three quality thresholds.	
g19545.t1									0	9	0	0	0	0	0	0	0	0	0	0	0	0	NO_QUALIFYING_HIT	NO_QUALIFYING_HIT	No BLAST hit passed all three quality thresholds.	
g19546.t1									0	8	0	0	0	0	0	0	0	0	0	0	0	0	NO_QUALIFYING_HIT	NO_QUALIFYING_HIT	No BLAST hit passed all three quality thresholds.	
g19576.t1									0	10	0	0	0	0	0	0	0	0	0	0	0	0	NO_QUALIFYING_HIT	NO_QUALIFYING_HIT	No BLAST hit passed all three quality thresholds.	
g19579.t1									0	10	0	0	0	0	0	0	0	0	0	0	0	0	NO_QUALIFYING_HIT	NO_QUALIFYING_HIT	No BLAST hit passed all three quality thresholds.	
g19580.t1									0	3	0	0	0	0	0	0	0	0	0	0	0	0	NO_QUALIFYING_HIT	NO_QUALIFYING_HIT	No BLAST hit passed all three quality thresholds.	
g19581.t1									0	1	0	0	0	0	0	0	0	0	0	0	0	0	NO_QUALIFYING_HIT	NO_QUALIFYING_HIT	No BLAST hit passed all three quality thresholds.	
g19582.t1									0	3	0	0	0	0	0	0	0	0	0	0	0	0	NO_QUALIFYING_HIT	NO_QUALIFYING_HIT	No BLAST hit passed all three quality thresholds.	
g19613.t1									0	1	0	0	0	0	0	0	0	0	0	0	0	0	NO_QUALIFYING_HIT	NO_QUALIFYING_HIT	No BLAST hit passed all three quality thresholds.	
g19616.t1									0	9	0	0	0	0	0	0	0	0	0	0	0	0	NO_QUALIFYING_HIT	NO_QUALIFYING_HIT	No BLAST hit passed all three quality thresholds.	
g19626.t1									0	10	0	0	0	0	0	0	0	0	0	0	0	0	NO_QUALIFYING_HIT	NO_QUALIFYING_HIT	No BLAST hit passed all three quality thresholds.	
g19627.t1									0	2	0	0	0	0	0	0	0	0	0	0	0	0	NO_QUALIFYING_HIT	NO_QUALIFYING_HIT	No BLAST hit passed all three quality thresholds.	
g19631.t1									0	10	0	0	0	0	0	0	0	0	0	0	0	0	NO_QUALIFYING_HIT	NO_QUALIFYING_HIT	No BLAST hit passed all three quality thresholds.	
g19634.t1									0	2	0	0	0	0	0	0	0	0	0	0	0	0	NO_QUALIFYING_HIT	NO_QUALIFYING_HIT	No BLAST hit passed all three quality thresholds.	
g19636.t1									0	10	0	0	0	0	0	0	0	0	0	0	0	0	NO_QUALIFYING_HIT	NO_QUALIFYING_HIT	No BLAST hit passed all three quality thresholds.	
g19638.t1									0	6	0	0	0	0	0	0	0	0	0	0	0	0	NO_QUALIFYING_HIT	NO_QUALIFYING_HIT	No BLAST hit passed all three quality thresholds.	
g19639.t1									0	7	0	0	0	0	0	0	0	0	0	0	0	0	NO_QUALIFYING_HIT	NO_QUALIFYING_HIT	No BLAST hit passed all three quality thresholds.	
g19645.t1									0	6	0	0	0	0	0	0	0	0	0	0	0	0	NO_QUALIFYING_HIT	NO_QUALIFYING_HIT	No BLAST hit passed all three quality thresholds.	
g19646.t1									0	7	0	0	0	0	0	0	0	0	0	0	0	0	NO_QUALIFYING_HIT	NO_QUALIFYING_HIT	No BLAST hit passed all three quality thresholds.	
g19657.t1									0	8	0	0	0	0	0	0	0	0	0	0	0	0	NO_QUALIFYING_HIT	NO_QUALIFYING_HIT	No BLAST hit passed all three quality thresholds.	
g19658.t1									0	2	0	0	0	0	0	0	0	0	0	0	0	0	NO_QUALIFYING_HIT	NO_QUALIFYING_HIT	No BLAST hit passed all three quality thresholds.	
g19659.t1									0	2	0	0	0	0	0	0	0	0	0	0	0	0	NO_QUALIFYING_HIT	NO_QUALIFYING_HIT	No BLAST hit passed all three quality thresholds.	
g19661.t1									0	2	0	0	0	0	0	0	0	0	0	0	0	0	NO_QUALIFYING_HIT	NO_QUALIFYING_HIT	No BLAST hit passed all three quality thresholds.	
g19662.t1									0	11	0	0	0	0	0	0	0	0	0	0	0	0	NO_QUALIFYING_HIT	NO_QUALIFYING_HIT	No BLAST hit passed all three quality thresholds.	
g19663.t1									0	1	0	0	0	0	0	0	0	0	0	0	0	0	NO_QUALIFYING_HIT	NO_QUALIFYING_HIT	No BLAST hit passed all three quality thresholds.	
g19664.t1									0	6	0	0	0	0	0	0	0	0	0	0	0	0	NO_QUALIFYING_HIT	NO_QUALIFYING_HIT	No BLAST hit passed all three quality thresholds.	
g19670.t1									0	2	0	0	0	0	0	0	0	0	0	0	0	0	NO_QUALIFYING_HIT	NO_QUALIFYING_HIT	No BLAST hit passed all three quality thresholds.	
g19680.t1									0	8	0	0	0	0	0	0	0	0	0	0	0	0	NO_QUALIFYING_HIT	NO_QUALIFYING_HIT	No BLAST hit passed all three quality thresholds.	
g19681.t1									0	6	0	0	0	0	0	0	0	0	0	0	0	0	NO_QUALIFYING_HIT	NO_QUALIFYING_HIT	No BLAST hit passed all three quality thresholds.	
g19682.t1									0	10	0	0	0	0	0	0	0	0	0	0	0	0	NO_QUALIFYING_HIT	NO_QUALIFYING_HIT	No BLAST hit passed all three quality thresholds.	
g19687.t1									0	8	0	0	0	0	0	0	0	0	0	0	0	0	NO_QUALIFYING_HIT	NO_QUALIFYING_HIT	No BLAST hit passed all three quality thresholds.	
g19693.t1									0	10	0	0	0	0	0	0	0	0	0	0	0	0	NO_QUALIFYING_HIT	NO_QUALIFYING_HIT	No BLAST hit passed all three quality thresholds.	
g19695.t1									0	21	0	0	0	0	0	0	0	0	0	0	0	0	NO_QUALIFYING_HIT	NO_QUALIFYING_HIT	No BLAST hit passed all three quality thresholds.	
g19697.t1									0	5	0	0	0	0	0	0	0	0	0	0	0	0	NO_QUALIFYING_HIT	NO_QUALIFYING_HIT	No BLAST hit passed all three quality thresholds.	
g19699.t1									0	10	0	0	0	0	0	0	0	0	0	0	0	0	NO_QUALIFYING_HIT	NO_QUALIFYING_HIT	No BLAST hit passed all three quality thresholds.	
g19700.t1									0	2	0	0	0	0	0	0	0	0	0	0	0	0	NO_QUALIFYING_HIT	NO_QUALIFYING_HIT	No BLAST hit passed all three quality thresholds.	
g19704.t1									0	2	0	0	0	0	0	0	0	0	0	0	0	0	NO_QUALIFYING_HIT	NO_QUALIFYING_HIT	No BLAST hit passed all three quality thresholds.	
g19705.t1									0	6	0	0	0	0	0	0	0	0	0	0	0	0	NO_QUALIFYING_HIT	NO_QUALIFYING_HIT	No BLAST hit passed all three quality thresholds.	
g19706.t1									0	11	0	0	0	0	0	0	0	0	0	0	0	0	NO_QUALIFYING_HIT	NO_QUALIFYING_HIT	No BLAST hit passed all three quality thresholds.	
g19707.t1									0	8	0	0	0	0	0	0	0	0	0	0	0	0	NO_QUALIFYING_HIT	NO_QUALIFYING_HIT	No BLAST hit passed all three quality thresholds.	
g19715.t1									0	10	0	0	0	0	0	0	0	0	0	0	0	0	NO_QUALIFYING_HIT	NO_QUALIFYING_HIT	No BLAST hit passed all three quality thresholds.	
g19726.t1									0	14	0	0	0	0	0	0	0	0	0	0	0	0	NO_QUALIFYING_HIT	NO_QUALIFYING_HIT	No BLAST hit passed all three quality thresholds.	
g19728.t1									0	3	0	0	0	0	0	0	0	0	0	0	0	0	NO_QUALIFYING_HIT	NO_QUALIFYING_HIT	No BLAST hit passed all three quality thresholds.	
g19730.t1									0	10	0	0	0	0	0	0	0	0	0	0	0	0	NO_QUALIFYING_HIT	NO_QUALIFYING_HIT	No BLAST hit passed all three quality thresholds.	
g19732.t1									0	1	0	0	0	0	0	0	0	0	0	0	0	0	NO_QUALIFYING_HIT	NO_QUALIFYING_HIT	No BLAST hit passed all three quality thresholds.	
g19733.t1									0	6	0	0	0	0	0	0	0	0	0	0	0	0	NO_QUALIFYING_HIT	NO_QUALIFYING_HIT	No BLAST hit passed all three quality thresholds.	
g19738.t1									0	7	0	0	0	0	0	0	0	0	0	0	0	0	NO_QUALIFYING_HIT	NO_QUALIFYING_HIT	No BLAST hit passed all three quality thresholds.	
g19740.t1									0	10	0	0	0	0	0	0	0	0	0	0	0	0	NO_QUALIFYING_HIT	NO_QUALIFYING_HIT	No BLAST hit passed all three quality thresholds.	
g19741.t1									0	6	0	0	0	0	0	0	0	0	0	0	0	0	NO_QUALIFYING_HIT	NO_QUALIFYING_HIT	No BLAST hit passed all three quality thresholds.	
g19744.t1									0	10	0	0	0	0	0	0	0	0	0	0	0	0	NO_QUALIFYING_HIT	NO_QUALIFYING_HIT	No BLAST hit passed all three quality thresholds.	
g19747.t1									0	11	0	0	0	0	0	0	0	0	0	0	0	0	NO_QUALIFYING_HIT	NO_QUALIFYING_HIT	No BLAST hit passed all three quality thresholds.	
g19749.t1									0	8	0	0	0	0	0	0	0	0	0	0	0	0	NO_QUALIFYING_HIT	NO_QUALIFYING_HIT	No BLAST hit passed all three quality thresholds.	
g19757.t1									0	6	0	0	0	0	0	0	0	0	0	0	0	0	NO_QUALIFYING_HIT	NO_QUALIFYING_HIT	No BLAST hit passed all three quality thresholds.	
g19759.t1									0	20	0	0	0	0	0	0	0	0	0	0	0	0	NO_QUALIFYING_HIT	NO_QUALIFYING_HIT	No BLAST hit passed all three quality thresholds.	
g19760.t1									0	14	0	0	0	0	0	0	0	0	0	0	0	0	NO_QUALIFYING_HIT	NO_QUALIFYING_HIT	No BLAST hit passed all three quality thresholds.	
g19768.t1									0	8	0	0	0	0	0	0	0	0	0	0	0	0	NO_QUALIFYING_HIT	NO_QUALIFYING_HIT	No BLAST hit passed all three quality thresholds.	
g19770.t1									0	10	0	0	0	0	0	0	0	0	0	0	0	0	NO_QUALIFYING_HIT	NO_QUALIFYING_HIT	No BLAST hit passed all three quality thresholds.	
g19774.t1									0	2	0	0	0	0	0	0	0	0	0	0	0	0	NO_QUALIFYING_HIT	NO_QUALIFYING_HIT	No BLAST hit passed all three quality thresholds.	
g19776.t1									0	4	0	0	0	0	0	0	0	0	0	0	0	0	NO_QUALIFYING_HIT	NO_QUALIFYING_HIT	No BLAST hit passed all three quality thresholds.	
g19777.t1									0	10	0	0	0	0	0	0	0	0	0	0	0	0	NO_QUALIFYING_HIT	NO_QUALIFYING_HIT	No BLAST hit passed all three quality thresholds.	
g19778.t1									0	9	0	0	0	0	0	0	0	0	0	0	0	0	NO_QUALIFYING_HIT	NO_QUALIFYING_HIT	No BLAST hit passed all three quality thresholds.	
g19779.t1									0	10	0	0	0	0	0	0	0	0	0	0	0	0	NO_QUALIFYING_HIT	NO_QUALIFYING_HIT	No BLAST hit passed all three quality thresholds.	
g19780.t1									0	10	0	0	0	0	0	0	0	0	0	0	0	0	NO_QUALIFYING_HIT	NO_QUALIFYING_HIT	No BLAST hit passed all three quality thresholds.	
g19781.t1									0	10	0	0	0	0	0	0	0	0	0	0	0	0	NO_QUALIFYING_HIT	NO_QUALIFYING_HIT	No BLAST hit passed all three quality thresholds.	
g19786.t1									0	10	0	0	0	0	0	0	0	0	0	0	0	0	NO_QUALIFYING_HIT	NO_QUALIFYING_HIT	No BLAST hit passed all three quality thresholds.	
g19804.t1									0	2	0	0	0	0	0	0	0	0	0	0	0	0	NO_QUALIFYING_HIT	NO_QUALIFYING_HIT	No BLAST hit passed all three quality thresholds.	
g19807.t1									0	10	0	0	0	0	0	0	0	0	0	0	0	0	NO_QUALIFYING_HIT	NO_QUALIFYING_HIT	No BLAST hit passed all three quality thresholds.	
g19818.t1									0	10	0	0	0	0	0	0	0	0	0	0	0	0	NO_QUALIFYING_HIT	NO_QUALIFYING_HIT	No BLAST hit passed all three quality thresholds.	
g19820.t1									0	10	0	0	0	0	0	0	0	0	0	0	0	0	NO_QUALIFYING_HIT	NO_QUALIFYING_HIT	No BLAST hit passed all three quality thresholds.	
g19839.t1									0	5	0	0	0	0	0	0	0	0	0	0	0	0	NO_QUALIFYING_HIT	NO_QUALIFYING_HIT	No BLAST hit passed all three quality thresholds.	
g19840.t1									0	10	0	0	0	0	0	0	0	0	0	0	0	0	NO_QUALIFYING_HIT	NO_QUALIFYING_HIT	No BLAST hit passed all three quality thresholds.	
g19842.t1									0	3	0	0	0	0	0	0	0	0	0	0	0	0	NO_QUALIFYING_HIT	NO_QUALIFYING_HIT	No BLAST hit passed all three quality thresholds.	
g19843.t1									0	4	0	0	0	0	0	0	0	0	0	0	0	0	NO_QUALIFYING_HIT	NO_QUALIFYING_HIT	No BLAST hit passed all three quality thresholds.	
g19845.t1									0	2	0	0	0	0	0	0	0	0	0	0	0	0	NO_QUALIFYING_HIT	NO_QUALIFYING_HIT	No BLAST hit passed all three quality thresholds.	
g19846.t1									0	2	0	0	0	0	0	0	0	0	0	0	0	0	NO_QUALIFYING_HIT	NO_QUALIFYING_HIT	No BLAST hit passed all three quality thresholds.	
g19847.t1									0	1	0	0	0	0	0	0	0	0	0	0	0	0	NO_QUALIFYING_HIT	NO_QUALIFYING_HIT	No BLAST hit passed all three quality thresholds.	
g19848.t1									0	8	0	0	0	0	0	0	0	0	0	0	0	0	NO_QUALIFYING_HIT	NO_QUALIFYING_HIT	No BLAST hit passed all three quality thresholds.	
g19849.t1									0	2	0	0	0	0	0	0	0	0	0	0	0	0	NO_QUALIFYING_HIT	NO_QUALIFYING_HIT	No BLAST hit passed all three quality thresholds.	
g19850.t1									0	2	0	0	0	0	0	0	0	0	0	0	0	0	NO_QUALIFYING_HIT	NO_QUALIFYING_HIT	No BLAST hit passed all three quality thresholds.	
